t_ms,GT_Position,GT_Velocity,GT_Direction,GT_Running,GT_Brake_Released,GT_Motor_Alarm,TR_Position,TR_Velocity,TR_Direction,TR_Running,TR_Brake_Released,TR_Motor_Alarm,HO_Position,HO_Velocity,HO_Direction,HO_Load,HO_Overload_Alarm,HO_Snag_Alarm,HO_Running,HO_Brake_Released,HO_Motor_Alarm,SP_Mode,SP_TwistLock_Locked,SP_TwistLock_Unlocked,SP_Landed,SP_Container_Detected,SP_Mismatch_Alarm,SP_Telescopic_Position,OP_Mode,OP_Power_On,OP_Ready,OP_Running,OP_Standby,OP_Emergency_Stop,OP_AntiSway_Active,OP_Cycle_Count_Today,ENV_Wind_Speed,ENV_Wind_Direction,ENV_Wind_Alarm,ALM_Active,ALM_Latest_Code,ALM_Latest_Severity,ALM_Latest_Source,COM_Link_Status
0,36.958,-0.015,0,1,1,0,0.006,0.062,1,1,1,0,39.195,-0.046,0,0.0,0,0,1,1,0,0,0,1,0,0,0,12192.0,2,1,1,1,0,0,1,0,8.5,269.7,0,0,0,0,0,1
100,36.955,-0.031,0,1,1,0,0.019,0.124,1,1,1,0,39.186,-0.093,0,0.0,0,0,1,1,0,0,0,1,0,0,0,12192.0,2,1,1,1,0,0,1,0,7.8,267.0,0,0,0,0,0,1
200,36.951,-0.046,0,1,1,0,0.037,0.186,1,1,1,0,39.172,-0.139,0,0.0,0,0,1,1,0,0,0,1,0,0,0,12192.0,2,1,1,1,0,0,1,0,8.2,266.1,0,0,0,0,0,1
300,36.945,-0.061,0,1,1,0,0.062,0.248,1,1,1,0,39.154,-0.186,0,0.0,0,0,1,1,0,0,0,1,0,0,0,12192.0,2,1,1,1,0,0,1,0,8.7,267.6,0,0,0,0,0,1
400,36.937,-0.077,0,1,1,0,0.093,0.31,1,1,1,0,39.13,-0.232,0,0.0,0,0,1,1,0,0,0,1,0,0,0,12192.0,2,1,1,1,0,0,1,0,7.8,275.3,0,0,0,0,0,1
500,36.928,-0.092,0,1,1,0,0.13,0.373,1,1,1,0,39.103,-0.278,0,0.0,0,0,1,1,0,0,0,1,0,0,0,12192.0,2,1,1,1,0,0,1,0,8.0,267.4,0,0,0,0,0,1
600,36.917,-0.107,0,1,1,0,0.174,0.435,1,1,1,0,39.07,-0.325,0,0.0,0,0,1,1,0,0,0,1,0,0,0,12192.0,2,1,1,1,0,0,1,0,8.0,267.9,0,0,0,0,0,1
700,36.905,-0.123,0,1,1,0,0.224,0.497,1,1,1,0,39.033,-0.371,0,0.0,0,0,1,1,0,0,0,1,0,0,0,12192.0,2,1,1,1,0,0,1,0,8.3,271.6,0,0,0,0,0,1
800,36.891,-0.138,0,1,1,0,0.279,0.559,1,1,1,0,38.991,-0.417,0,0.0,0,0,1,1,0,0,0,1,0,0,0,12192.0,2,1,1,1,0,0,1,0,8.3,272.3,0,0,0,0,0,1
900,36.879,-0.123,0,1,1,0,0.341,0.621,1,1,1,0,38.945,-0.464,0,0.0,0,0,1,1,0,0,0,1,0,0,0,12192.0,2,1,1,1,0,0,1,0,9.4,269.6,0,0,0,0,0,1
1000,36.866,-0.123,0,1,1,0,0.41,0.683,1,1,1,0,38.894,-0.51,0,0.0,0,0,1,1,0,0,0,1,0,0,0,12192.0,2,1,1,1,0,0,1,0,8.7,273.7,0,0,0,0,0,1
1100,36.856,-0.107,0,1,1,0,0.484,0.745,1,1,1,0,38.838,-0.557,0,0.0,0,0,1,1,0,0,0,1,0,0,0,12192.0,2,1,1,1,0,0,1,0,8.6,265.7,0,0,0,0,0,1
1200,36.847,-0.09,0,1,1,0,0.565,0.807,1,1,1,0,38.778,-0.603,0,0.0,0,0,1,1,0,0,0,1,0,0,0,12192.0,2,1,1,1,0,0,1,0,8.1,268.9,0,0,0,0,0,1
1300,36.839,-0.073,0,1,1,0,0.652,0.869,1,1,1,0,38.713,-0.649,0,0.0,0,0,1,1,0,0,0,1,0,0,0,12192.0,2,1,1,1,0,0,1,0,8.0,272.6,0,0,0,0,0,1
1400,36.834,-0.056,0,1,1,0,0.745,0.931,1,1,1,0,38.643,-0.696,0,0.0,0,0,1,1,0,0,0,1,0,0,0,12192.0,2,1,1,1,0,0,1,0,9.0,276.9,0,0,0,0,0,1
1500,36.83,-0.038,0,1,1,0,0.844,0.993,1,1,1,0,38.569,-0.742,0,0.0,0,0,1,1,0,0,0,1,0,0,0,12192.0,2,1,1,1,0,0,1,0,7.6,271.0,0,0,0,0,0,1
1600,36.828,0.0,0,0,1,0,0.95,1.055,1,1,1,0,38.49,-0.788,0,0.0,0,0,1,1,0,0,0,1,0,0,0,12192.0,2,1,1,1,0,0,1,0,8.0,265.9,0,0,0,0,0,1
1700,36.828,0.0,0,0,1,0,1.062,1.118,1,1,1,0,38.407,-0.835,0,0.0,0,0,1,1,0,0,0,1,0,0,0,12192.0,2,1,1,1,0,0,1,0,8.5,273.1,0,0,0,0,0,1
1800,36.828,0.0,0,0,1,0,1.18,1.18,1,1,1,0,38.319,-0.881,0,0.0,0,0,1,1,0,0,0,1,0,0,0,12192.0,2,1,1,1,0,0,1,0,8.4,271.9,0,0,0,0,0,1
1900,36.828,0.0,0,0,1,0,1.304,1.242,1,1,1,0,38.226,-0.928,0,0.0,0,0,1,1,0,0,0,1,0,0,0,12192.0,2,1,1,1,0,0,1,0,8.3,269.3,0,0,0,0,0,1
2000,36.828,0.0,0,0,1,0,1.434,1.304,1,1,1,0,38.129,-0.974,0,0.0,0,0,1,1,0,0,0,1,0,0,0,12192.0,2,1,1,1,0,0,1,0,8.2,271.9,0,0,0,0,0,1
2100,36.828,0.0,0,0,1,0,1.571,1.366,1,1,1,0,38.027,-1.02,0,0.0,0,0,1,1,0,0,0,1,0,0,0,12192.0,2,1,1,1,0,0,1,0,8.4,272.0,0,0,0,0,0,1
2200,36.828,0.0,0,0,1,0,1.714,1.428,1,1,1,0,37.92,-1.067,0,0.0,0,0,1,1,0,0,0,1,0,0,0,12192.0,2,1,1,1,0,0,1,0,8.6,275.1,0,0,0,0,0,1
2300,36.828,0.0,0,0,1,0,1.863,1.49,1,1,1,0,37.809,-1.113,0,0.0,0,0,1,1,0,0,0,1,0,0,0,12192.0,2,1,1,1,0,0,1,0,8.8,267.3,0,0,0,0,0,1
2400,36.828,0.0,0,0,1,0,2.018,1.552,1,1,1,0,37.693,-1.159,0,0.0,0,0,1,1,0,0,0,1,0,0,0,12192.0,2,1,1,1,0,0,1,0,9.3,270.3,0,0,0,0,0,1
2500,36.828,0.0,0,0,1,0,2.179,1.614,1,1,1,0,37.576,-1.168,0,0.0,0,0,1,1,0,0,0,1,0,0,0,12192.0,2,1,1,1,0,0,1,0,8.0,271.5,0,0,0,0,0,1
2600,36.828,0.0,0,0,1,0,2.347,1.676,1,1,1,0,37.459,-1.168,0,0.0,0,0,1,1,0,0,0,1,0,0,0,12192.0,2,1,1,1,0,0,1,0,8.2,271.0,0,0,0,0,0,1
2700,36.828,0.0,0,0,1,0,2.521,1.738,1,1,1,0,37.342,-1.168,0,0.0,0,0,1,1,0,0,0,1,0,0,0,12192.0,2,1,1,1,0,0,1,0,8.5,271.0,0,0,0,0,0,1
2800,36.828,0.0,0,0,1,0,2.701,1.8,1,1,1,0,37.225,-1.168,0,0.0,0,0,1,1,0,0,0,1,0,0,0,12192.0,2,1,1,1,0,0,1,0,9.0,267.7,0,0,0,0,0,1
2900,36.828,0.0,0,0,1,0,2.887,1.863,1,1,1,0,37.109,-1.168,0,0.0,0,0,1,1,0,0,0,1,0,0,0,12192.0,2,1,1,1,0,0,1,0,8.8,268.0,0,0,0,0,0,1
3000,36.828,0.0,0,0,1,0,3.079,1.925,1,1,1,0,36.992,-1.168,0,0.0,0,0,1,1,0,0,0,1,0,0,0,12192.0,2,1,1,1,0,0,1,0,7.9,268.3,0,0,0,0,0,1
3100,36.828,0.0,0,0,1,0,3.278,1.987,1,1,1,0,36.875,-1.168,0,0.0,0,0,1,1,0,0,0,1,0,0,0,12192.0,2,1,1,1,0,0,1,0,9.1,269.7,0,0,0,0,0,1
3200,36.828,0.0,0,0,1,0,3.483,2.049,1,1,1,0,36.758,-1.168,0,0.0,0,0,1,1,0,0,0,1,0,0,0,12192.0,2,1,1,1,0,0,1,0,8.7,270.3,0,0,0,0,0,1
3300,36.828,0.0,0,0,1,0,3.694,2.111,1,1,1,0,36.641,-1.168,0,0.0,0,0,1,1,0,0,0,1,0,0,0,12192.0,2,1,1,1,0,0,1,0,8.3,271.4,0,0,0,0,0,1
3400,36.828,0.0,0,0,1,0,3.911,2.173,1,1,1,0,36.524,-1.168,0,0.0,0,0,1,1,0,0,0,1,0,0,0,12192.0,2,1,1,1,0,0,1,0,8.5,276.4,0,0,0,0,0,1
3500,36.828,0.0,0,0,1,0,4.135,2.235,1,1,1,0,36.408,-1.168,0,0.0,0,0,1,1,0,0,0,1,0,0,0,12192.0,2,1,1,1,0,0,1,0,7.9,272.5,0,0,0,0,0,1
3600,36.828,0.0,0,0,1,0,4.365,2.297,1,1,1,0,36.291,-1.168,0,0.0,0,0,1,1,0,0,0,1,0,0,0,12192.0,2,1,1,1,0,0,1,0,7.7,268.6,0,0,0,0,0,1
3700,36.828,0.0,0,0,1,0,4.6,2.359,1,1,1,0,36.174,-1.168,0,0.0,0,0,1,1,0,0,0,1,0,0,0,12192.0,2,1,1,1,0,0,1,0,8.4,268.1,0,0,0,0,0,1
3800,36.828,0.0,0,0,1,0,4.843,2.421,1,1,1,0,36.057,-1.168,0,0.0,0,0,1,1,0,0,0,1,0,0,0,12192.0,2,1,1,1,0,0,1,0,8.5,268.3,0,0,0,0,0,1
3900,36.828,0.0,0,0,1,0,5.091,2.483,1,1,1,0,35.94,-1.168,0,0.0,0,0,1,1,0,0,0,1,0,0,0,12192.0,2,1,1,1,0,0,1,0,7.0,272.2,0,0,0,0,0,1
4000,36.828,0.0,0,0,1,0,5.345,2.545,1,1,1,0,35.823,-1.168,0,0.0,0,0,1,1,0,0,0,1,0,0,0,12192.0,2,1,1,1,0,0,1,0,8.9,269.8,0,0,0,0,0,1
4100,36.828,0.0,0,0,1,0,5.606,2.608,1,1,1,0,35.707,-1.168,0,0.0,0,0,1,1,0,0,0,1,0,0,0,12192.0,2,1,1,1,0,0,1,0,8.2,264.1,0,0,0,0,0,1
4200,36.828,0.0,0,0,1,0,5.873,2.67,1,1,1,0,35.59,-1.168,0,0.0,0,0,1,1,0,0,0,1,0,0,0,12192.0,2,1,1,1,0,0,1,0,8.6,271.9,0,0,0,0,0,1
4300,36.828,0.0,0,0,1,0,6.146,2.732,1,1,1,0,35.473,-1.168,0,0.0,0,0,1,1,0,0,0,1,0,0,0,12192.0,2,1,1,1,0,0,1,0,9.0,270.5,0,0,0,0,0,1
4400,36.828,0.0,0,0,1,0,6.426,2.794,1,1,1,0,35.356,-1.168,0,0.0,0,0,1,1,0,0,0,1,0,0,0,12192.0,2,1,1,1,0,0,1,0,8.8,267.8,0,0,0,0,0,1
4500,36.828,0.0,0,0,1,0,6.711,2.856,1,1,1,0,35.239,-1.168,0,0.0,0,0,1,1,0,0,0,1,0,0,0,12192.0,2,1,1,1,0,0,1,0,7.6,269.6,0,0,0,0,0,1
4600,36.828,0.0,0,0,1,0,7.003,2.918,1,1,1,0,35.122,-1.168,0,0.0,0,0,1,1,0,0,0,1,0,0,0,12192.0,2,1,1,1,0,0,1,0,7.3,269.0,0,0,0,0,0,1
4700,36.828,0.0,0,0,1,0,7.301,2.98,1,1,1,0,35.006,-1.168,0,0.0,0,0,1,1,0,0,0,1,0,0,0,12192.0,2,1,1,1,0,0,1,0,7.6,269.9,0,0,0,0,0,1
4800,36.828,0.0,0,0,1,0,7.605,3.042,1,1,1,0,34.889,-1.168,0,0.0,0,0,1,1,0,0,0,1,0,0,0,12192.0,2,1,1,1,0,0,1,0,7.5,268.9,0,0,0,0,0,1
4900,36.828,0.0,0,0,1,0,7.916,3.104,1,1,1,0,34.772,-1.168,0,0.0,0,0,1,1,0,0,0,1,0,0,0,12192.0,2,1,1,1,0,0,1,0,8.0,272.7,0,0,0,0,0,1
5000,36.828,0.0,0,0,1,0,8.232,3.166,1,1,1,0,34.655,-1.168,0,0.0,0,0,1,1,0,0,0,1,0,0,0,12192.0,2,1,1,1,0,0,1,0,7.6,268.9,0,0,0,0,0,1
5100,36.828,0.0,0,0,1,0,8.555,3.228,1,1,1,0,34.538,-1.168,0,0.0,0,0,1,1,0,0,0,1,0,0,0,12192.0,2,1,1,1,0,0,1,0,7.5,268.7,0,0,0,0,0,1
5200,36.828,0.0,0,0,1,0,8.884,3.29,1,1,1,0,34.421,-1.168,0,0.0,0,0,1,1,0,0,0,1,0,0,0,12192.0,2,1,1,1,0,0,1,0,7.7,267.6,0,0,0,0,0,1
5300,36.828,0.0,0,0,1,0,9.22,3.353,1,1,1,0,34.305,-1.168,0,0.0,0,0,1,1,0,0,0,1,0,0,0,12192.0,2,1,1,1,0,0,1,0,7.9,268.9,0,0,0,0,0,1
5400,36.828,0.0,0,0,1,0,9.561,3.415,1,1,1,0,34.188,-1.168,0,0.0,0,0,1,1,0,0,0,1,0,0,0,12192.0,2,1,1,1,0,0,1,0,7.2,271.0,0,0,0,0,0,1
5500,36.828,0.0,0,0,1,0,9.909,3.477,1,1,1,0,34.071,-1.168,0,0.0,0,0,1,1,0,0,0,1,0,0,0,12192.0,2,1,1,1,0,0,1,0,7.5,267.0,0,0,0,0,0,1
5600,36.828,0.0,0,0,1,0,10.263,3.539,1,1,1,0,33.954,-1.168,0,0.0,0,0,1,1,0,0,0,1,0,0,0,12192.0,2,1,1,1,0,0,1,0,7.2,268.2,0,0,0,0,0,1
5700,36.828,0.0,0,0,1,0,10.616,3.539,1,1,1,0,33.837,-1.168,0,0.0,0,0,1,1,0,0,0,1,0,0,0,12192.0,2,1,1,1,0,0,1,0,7.9,268.3,0,0,0,0,0,1
5800,36.828,0.0,0,0,1,0,10.97,3.539,1,1,1,0,33.72,-1.168,0,0.0,0,0,1,1,0,0,0,1,0,0,0,12192.0,2,1,1,1,0,0,1,0,7.7,273.9,0,0,0,0,0,1
5900,36.828,0.0,0,0,1,0,11.324,3.539,1,1,1,0,33.604,-1.168,0,0.0,0,0,1,1,0,0,0,1,0,0,0,12192.0,2,1,1,1,0,0,1,0,6.9,268.8,0,0,0,0,0,1
6000,36.828,0.0,0,0,1,0,11.678,3.539,1,1,1,0,33.487,-1.168,0,0.0,0,0,1,1,0,0,0,1,0,0,0,12192.0,2,1,1,1,0,0,1,0,7.8,273.1,0,0,0,0,0,1
6100,36.828,0.0,0,0,1,0,12.032,3.539,1,1,1,0,33.37,-1.168,0,0.0,0,0,1,1,0,0,0,1,0,0,0,12192.0,2,1,1,1,0,0,1,0,7.5,268.6,0,0,0,0,0,1
6200,36.828,0.0,0,0,1,0,12.386,3.539,1,1,1,0,33.253,-1.168,0,0.0,0,0,1,1,0,0,0,1,0,0,0,12192.0,2,1,1,1,0,0,1,0,8.1,269.4,0,0,0,0,0,1
6300,36.828,0.0,0,0,1,0,12.74,3.539,1,1,1,0,33.136,-1.168,0,0.0,0,0,1,1,0,0,0,1,0,0,0,12192.0,2,1,1,1,0,0,1,0,7.5,274.6,0,0,0,0,0,1
6400,36.828,0.0,0,0,1,0,13.093,3.539,1,1,1,0,33.019,-1.168,0,0.0,0,0,1,1,0,0,0,1,0,0,0,12192.0,2,1,1,1,0,0,1,0,7.5,271.2,0,0,0,0,0,1
6500,36.828,0.0,0,0,1,0,13.447,3.539,1,1,1,0,32.903,-1.168,0,0.0,0,0,1,1,0,0,0,1,0,0,0,12192.0,2,1,1,1,0,0,1,0,6.8,273.3,0,0,0,0,0,1
6600,36.828,0.0,0,0,1,0,13.801,3.539,1,1,1,0,32.786,-1.168,0,0.0,0,0,1,1,0,0,0,1,0,0,0,12192.0,2,1,1,1,0,0,1,0,7.7,269.1,0,0,0,0,0,1
6700,36.828,0.0,0,0,1,0,14.155,3.539,1,1,1,0,32.669,-1.168,0,0.0,0,0,1,1,0,0,0,1,0,0,0,12192.0,2,1,1,1,0,0,1,0,6.9,270.1,0,0,0,0,0,1
6800,36.828,0.0,0,0,1,0,14.509,3.539,1,1,1,0,32.552,-1.168,0,0.0,0,0,1,1,0,0,0,1,0,0,0,12192.0,2,1,1,1,0,0,1,0,7.7,272.0,0,0,0,0,0,1
6900,36.828,0.0,0,0,1,0,14.863,3.539,1,1,1,0,32.435,-1.168,0,0.0,0,0,1,1,0,0,0,1,0,0,0,12192.0,2,1,1,1,0,0,1,0,7.7,273.2,0,0,0,0,0,1
7000,36.828,0.0,0,0,1,0,15.217,3.539,1,1,1,0,32.318,-1.168,0,0.0,0,0,1,1,0,0,0,1,0,0,0,12192.0,2,1,1,1,0,0,1,0,7.4,268.1,0,0,0,0,0,1
7100,36.828,0.0,0,0,1,0,15.57,3.539,1,1,1,0,32.202,-1.168,0,0.0,0,0,1,1,0,0,0,1,0,0,0,12192.0,2,1,1,1,0,0,1,0,7.4,269.9,0,0,0,0,0,1
7200,36.828,0.0,0,0,1,0,15.924,3.539,1,1,1,0,32.085,-1.168,0,0.0,0,0,1,1,0,0,0,1,0,0,0,12192.0,2,1,1,1,0,0,1,0,7.6,269.0,0,0,0,0,0,1
7300,36.828,0.0,0,0,1,0,16.278,3.539,1,1,1,0,31.968,-1.168,0,0.0,0,0,1,1,0,0,0,1,0,0,0,12192.0,2,1,1,1,0,0,1,0,7.8,268.5,0,0,0,0,0,1
7400,36.828,0.0,0,0,1,0,16.632,3.539,1,1,1,0,31.851,-1.168,0,0.0,0,0,1,1,0,0,0,1,0,0,0,12192.0,2,1,1,1,0,0,1,0,7.8,267.4,0,0,0,0,0,1
7500,36.828,0.0,0,0,1,0,16.986,3.539,1,1,1,0,31.734,-1.168,0,0.0,0,0,1,1,0,0,0,1,0,0,0,12192.0,2,1,1,1,0,0,1,0,7.5,271.1,0,0,0,0,0,1
7600,36.828,0.0,0,0,1,0,17.34,3.539,1,1,1,0,31.617,-1.168,0,0.0,0,0,1,1,0,0,0,1,0,0,0,12192.0,2,1,1,1,0,0,1,0,7.8,271.3,0,0,0,0,0,1
7700,36.828,0.0,0,0,1,0,17.694,3.539,1,1,1,0,31.501,-1.168,0,0.0,0,0,1,1,0,0,0,1,0,0,0,12192.0,2,1,1,1,0,0,1,0,7.5,273.4,0,0,0,0,0,1
7800,36.828,0.0,0,0,1,0,18.048,3.539,1,1,1,0,31.384,-1.168,0,0.0,0,0,1,1,0,0,0,1,0,0,0,12192.0,2,1,1,1,0,0,1,0,7.6,271.5,0,0,0,0,0,1
7900,36.828,0.0,0,0,1,0,18.401,3.539,1,1,1,0,31.267,-1.168,0,0.0,0,0,1,1,0,0,0,1,0,0,0,12192.0,2,1,1,1,0,0,1,0,7.3,268.8,0,0,0,0,0,1
8000,36.828,0.0,0,0,1,0,18.755,3.539,1,1,1,0,31.15,-1.168,0,0.0,0,0,1,1,0,0,0,1,0,0,0,12192.0,2,1,1,1,0,0,1,0,6.4,267.8,0,0,0,0,0,1
8100,36.828,0.0,0,0,1,0,19.109,3.539,1,1,1,0,31.033,-1.168,0,0.0,0,0,1,1,0,0,0,1,0,0,0,12192.0,2,1,1,1,0,0,1,0,7.3,267.9,0,0,0,0,0,1
8200,36.828,0.0,0,0,1,0,19.463,3.539,1,1,1,0,30.916,-1.168,0,0.0,0,0,1,1,0,0,0,1,0,0,0,12192.0,2,1,1,1,0,0,1,0,7.5,268.5,0,0,0,0,0,1
8300,36.828,0.0,0,0,1,0,19.817,3.539,1,1,1,0,30.8,-1.168,0,0.0,0,0,1,1,0,0,0,1,0,0,0,12192.0,2,1,1,1,0,0,1,0,7.2,273.7,0,0,0,0,0,1
8400,36.828,0.0,0,0,1,0,20.171,3.539,1,1,1,0,30.683,-1.168,0,0.0,0,0,1,1,0,0,0,1,0,0,0,12192.0,2,1,1,1,0,0,1,0,7.7,267.5,0,0,0,0,0,1
8500,36.828,0.0,0,0,1,0,20.525,3.539,1,1,1,0,30.566,-1.168,0,0.0,0,0,1,1,0,0,0,1,0,0,0,12192.0,2,1,1,1,0,0,1,0,7.7,274.9,0,0,0,0,0,1
8600,36.828,0.0,0,0,1,0,20.878,3.539,1,1,1,0,30.449,-1.168,0,0.0,0,0,1,1,0,0,0,1,0,0,0,12192.0,2,1,1,1,0,0,1,0,7.2,272.7,0,0,0,0,0,1
8700,36.828,0.0,0,0,1,0,21.232,3.539,1,1,1,0,30.332,-1.168,0,0.0,0,0,1,1,0,0,0,1,0,0,0,12192.0,2,1,1,1,0,0,1,0,8.0,268.0,0,0,0,0,0,1
8800,36.828,0.0,0,0,1,0,21.586,3.539,1,1,1,0,30.215,-1.168,0,0.0,0,0,1,1,0,0,0,1,0,0,0,12192.0,2,1,1,1,0,0,1,0,7.8,272.5,0,0,0,0,0,1
8900,36.828,0.0,0,0,1,0,21.94,3.539,1,1,1,0,30.099,-1.168,0,0.0,0,0,1,1,0,0,0,1,0,0,0,12192.0,2,1,1,1,0,0,1,0,8.4,266.1,0,0,0,0,0,1
9000,36.828,0.0,0,0,1,0,22.294,3.539,1,1,1,0,29.982,-1.168,0,0.0,0,0,1,1,0,0,0,1,0,0,0,12192.0,2,1,1,1,0,0,1,0,9.1,270.2,0,0,0,0,0,1
9100,36.828,0.0,0,0,1,0,22.648,3.539,1,1,1,0,29.865,-1.168,0,0.0,0,0,1,1,0,0,0,1,0,0,0,12192.0,2,1,1,1,0,0,1,0,7.5,270.7,0,0,0,0,0,1
9200,36.828,0.0,0,0,1,0,23.002,3.539,1,1,1,0,29.748,-1.168,0,0.0,0,0,1,1,0,0,0,1,0,0,0,12192.0,2,1,1,1,0,0,1,0,8.1,272.7,0,0,0,0,0,1
9300,36.828,0.0,0,0,1,0,23.355,3.539,1,1,1,0,29.631,-1.168,0,0.0,0,0,1,1,0,0,0,1,0,0,0,12192.0,2,1,1,1,0,0,1,0,8.0,272.0,0,0,0,0,0,1
9400,36.828,0.0,0,0,1,0,23.709,3.539,1,1,1,0,29.514,-1.168,0,0.0,0,0,1,1,0,0,0,1,0,0,0,12192.0,2,1,1,1,0,0,1,0,7.3,269.0,0,0,0,0,0,1
9500,36.828,0.0,0,0,1,0,24.063,3.539,1,1,1,0,29.398,-1.168,0,0.0,0,0,1,1,0,0,0,1,0,0,0,12192.0,2,1,1,1,0,0,1,0,7.9,265.7,0,0,0,0,0,1
9600,36.828,0.0,0,0,1,0,24.417,3.539,1,1,1,0,29.281,-1.168,0,0.0,0,0,1,1,0,0,0,1,0,0,0,12192.0,2,1,1,1,0,0,1,0,8.1,267.3,0,0,0,0,0,1
9700,36.828,0.0,0,0,1,0,24.771,3.539,1,1,1,0,29.164,-1.168,0,0.0,0,0,1,1,0,0,0,1,0,0,0,12192.0,2,1,1,1,0,0,1,0,8.0,270.0,0,0,0,0,0,1
9800,36.828,0.0,0,0,1,0,25.125,3.539,1,1,1,0,29.047,-1.168,0,0.0,0,0,1,1,0,0,0,1,0,0,0,12192.0,2,1,1,1,0,0,1,0,8.1,270.5,0,0,0,0,0,1
9900,36.828,0.0,0,0,1,0,25.479,3.539,1,1,1,0,28.93,-1.168,0,0.0,0,0,1,1,0,0,0,1,0,0,0,12192.0,2,1,1,1,0,0,1,0,8.3,272.1,0,0,0,0,0,1
10000,36.828,0.0,0,0,1,0,25.832,3.539,1,1,1,0,28.813,-1.168,0,0.0,0,0,1,1,0,0,0,1,0,0,0,12192.0,2,1,1,1,0,0,1,0,8.6,271.1,0,0,0,0,0,1
10100,36.828,0.0,0,0,1,0,26.186,3.539,1,1,1,0,28.697,-1.168,0,0.0,0,0,1,1,0,0,0,1,0,0,0,12192.0,2,1,1,1,0,0,1,0,8.8,269.6,0,0,0,0,0,1
10200,36.828,0.0,0,0,1,0,26.54,3.539,1,1,1,0,28.58,-1.168,0,0.0,0,0,1,1,0,0,0,1,0,0,0,12192.0,2,1,1,1,0,0,1,0,9.2,266.3,0,0,0,0,0,1
10300,36.828,0.0,0,0,1,0,26.894,3.539,1,1,1,0,28.463,-1.168,0,0.0,0,0,1,1,0,0,0,1,0,0,0,12192.0,2,1,1,1,0,0,1,0,9.3,269.0,0,0,0,0,0,1
10400,36.828,0.0,0,0,1,0,27.248,3.539,1,1,1,0,28.346,-1.168,0,0.0,0,0,1,1,0,0,0,1,0,0,0,12192.0,2,1,1,1,0,0,1,0,8.1,270.1,0,0,0,0,0,1
10500,36.828,0.0,0,0,1,0,27.602,3.539,1,1,1,0,28.229,-1.168,0,0.0,0,0,1,1,0,0,0,1,0,0,0,12192.0,2,1,1,1,0,0,1,0,8.7,264.8,0,0,0,0,0,1
10600,36.828,0.0,0,0,1,0,27.956,3.539,1,1,1,0,28.112,-1.168,0,0.0,0,0,1,1,0,0,0,1,0,0,0,12192.0,2,1,1,1,0,0,1,0,7.6,267.4,0,0,0,0,0,1
10700,36.828,0.0,0,0,1,0,28.31,3.539,1,1,1,0,27.996,-1.168,0,0.0,0,0,1,1,0,0,0,1,0,0,0,12192.0,2,1,1,1,0,0,1,0,9.3,272.4,0,0,0,0,0,1
10800,36.828,0.0,0,0,1,0,28.663,3.539,1,1,1,0,27.879,-1.168,0,0.0,0,0,1,1,0,0,0,1,0,0,0,12192.0,2,1,1,1,0,0,1,0,8.7,273.9,0,0,0,0,0,1
10900,36.828,0.0,0,0,1,0,29.017,3.539,1,1,1,0,27.762,-1.168,0,0.0,0,0,1,1,0,0,0,1,0,0,0,12192.0,2,1,1,1,0,0,1,0,8.7,272.7,0,0,0,0,0,1
11000,36.828,0.0,0,0,1,0,29.371,3.539,1,1,1,0,27.645,-1.168,0,0.0,0,0,1,1,0,0,0,1,0,0,0,12192.0,2,1,1,1,0,0,1,0,8.8,271.0,0,0,0,0,0,1
11100,36.828,0.0,0,0,1,0,29.725,3.539,1,1,1,0,27.528,-1.168,0,0.0,0,0,1,1,0,0,0,1,0,0,0,12192.0,2,1,1,1,0,0,1,0,9.1,270.8,0,0,0,0,0,1
11200,36.828,0.0,0,0,1,0,30.073,3.477,1,1,1,0,27.411,-1.168,0,0.0,0,0,1,1,0,0,0,1,0,0,0,12192.0,2,1,1,1,0,0,1,0,8.3,268.5,0,0,0,0,0,1
11300,36.828,0.0,0,0,1,0,30.414,3.414,1,1,1,0,27.295,-1.168,0,0.0,0,0,1,1,0,0,0,1,0,0,0,12192.0,2,1,1,1,0,0,1,0,8.3,268.0,0,0,0,0,0,1
11400,36.828,0.0,0,0,1,0,30.749,3.352,1,1,1,0,27.178,-1.168,0,0.0,0,0,1,1,0,0,0,1,0,0,0,12192.0,2,1,1,1,0,0,1,0,8.4,271.4,0,0,0,0,0,1
11500,36.828,0.0,0,0,1,0,31.078,3.29,1,1,1,0,27.061,-1.168,0,0.0,0,0,1,1,0,0,0,1,0,0,0,12192.0,2,1,1,1,0,0,1,0,8.4,272.5,0,0,0,0,0,1
11600,36.828,0.0,0,0,1,0,31.401,3.228,1,1,1,0,26.944,-1.168,0,0.0,0,0,1,1,0,0,0,1,0,0,0,12192.0,2,1,1,1,0,0,1,0,8.0,266.4,0,0,0,0,0,1
11700,36.828,0.0,0,0,1,0,31.718,3.166,1,1,1,0,26.827,-1.168,0,0.0,0,0,1,1,0,0,0,1,0,0,0,12192.0,2,1,1,1,0,0,1,0,8.6,267.0,0,0,0,0,0,1
11800,36.828,0.0,0,0,1,0,32.028,3.104,1,1,1,0,26.71,-1.168,0,0.0,0,0,1,1,0,0,0,1,0,0,0,12192.0,2,1,1,1,0,0,1,0,7.7,270.6,0,0,0,0,0,1
11900,36.828,0.0,0,0,1,0,32.332,3.042,1,1,1,0,26.594,-1.168,0,0.0,0,0,1,1,0,0,0,1,0,0,0,12192.0,2,1,1,1,0,0,1,0,9.1,272.7,0,0,0,0,0,1
12000,36.828,0.0,0,0,1,0,32.63,2.98,1,1,1,0,26.477,-1.168,0,0.0,0,0,1,1,0,0,0,1,0,0,0,12192.0,2,1,1,1,0,0,1,0,8.4,265.4,0,0,0,0,0,1
12100,36.828,0.0,0,0,1,0,32.922,2.918,1,1,1,0,26.36,-1.168,0,0.0,0,0,1,1,0,0,0,1,0,0,0,12192.0,2,1,1,1,0,0,1,0,8.6,267.0,0,0,0,0,0,1
12200,36.828,0.0,0,0,1,0,33.208,2.856,1,1,1,0,26.243,-1.168,0,0.0,0,0,1,1,0,0,0,1,0,0,0,12192.0,2,1,1,1,0,0,1,0,7.6,270.0,0,0,0,0,0,1
12300,36.828,0.0,0,0,1,0,33.487,2.794,1,1,1,0,26.126,-1.168,0,0.0,0,0,1,1,0,0,0,1,0,0,0,12192.0,2,1,1,1,0,0,1,0,8.5,271.1,0,0,0,0,0,1
12400,36.828,0.0,0,0,1,0,33.76,2.732,1,1,1,0,26.009,-1.168,0,0.0,0,0,1,1,0,0,0,1,0,0,0,12192.0,2,1,1,1,0,0,1,0,8.4,269.2,0,0,0,0,0,1
12500,36.828,0.0,0,0,1,0,34.027,2.669,1,1,1,0,25.893,-1.168,0,0.0,0,0,1,1,0,0,0,1,0,0,0,12192.0,2,1,1,1,0,0,1,0,8.6,272.1,0,0,0,0,0,1
12600,36.828,0.0,0,0,1,0,34.288,2.607,1,1,1,0,25.776,-1.168,0,0.0,0,0,1,1,0,0,0,1,0,0,0,12192.0,2,1,1,1,0,0,1,0,8.0,267.5,0,0,0,0,0,1
12700,36.828,0.0,0,0,1,0,34.542,2.545,1,1,1,0,25.659,-1.168,0,0.0,0,0,1,1,0,0,0,1,0,0,0,12192.0,2,1,1,1,0,0,1,0,8.5,269.4,0,0,0,0,0,1
12800,36.828,0.0,0,0,1,0,34.791,2.483,1,1,1,0,25.542,-1.168,0,0.0,0,0,1,1,0,0,0,1,0,0,0,12192.0,2,1,1,1,0,0,1,0,7.5,269.9,0,0,0,0,0,1
12900,36.828,0.0,0,0,1,0,35.033,2.421,1,1,1,0,25.425,-1.168,0,0.0,0,0,1,1,0,0,0,1,0,0,0,12192.0,2,1,1,1,0,0,1,0,8.1,267.5,0,0,0,0,0,1
13000,36.828,0.0,0,0,1,0,35.269,2.359,1,1,1,0,25.308,-1.168,0,0.0,0,0,1,1,0,0,0,1,0,0,0,12192.0,2,1,1,1,0,0,1,0,8.6,268.2,0,0,0,0,0,1
13100,36.828,0.0,0,0,1,0,35.498,2.297,1,1,1,0,25.192,-1.168,0,0.0,0,0,1,1,0,0,0,1,0,0,0,12192.0,2,1,1,1,0,0,1,0,8.3,272.1,0,0,0,0,0,1
13200,36.828,0.0,0,0,1,0,35.722,2.235,1,1,1,0,25.075,-1.168,0,0.0,0,0,1,1,0,0,0,1,0,0,0,12192.0,2,1,1,1,0,0,1,0,8.5,266.4,0,0,0,0,0,1
13300,36.828,0.0,0,0,1,0,35.939,2.173,1,1,1,0,24.958,-1.168,0,0.0,0,0,1,1,0,0,0,1,0,0,0,12192.0,2,1,1,1,0,0,1,0,7.6,268.7,0,0,0,0,0,1
13400,36.828,0.0,0,0,1,0,36.15,2.111,1,1,1,0,24.841,-1.168,0,0.0,0,0,1,1,0,0,0,1,0,0,0,12192.0,2,1,1,1,0,0,1,0,8.0,271.6,0,0,0,0,0,1
13500,36.828,0.0,0,0,1,0,36.355,2.049,1,1,1,0,24.724,-1.168,0,0.0,0,0,1,1,0,0,0,1,0,0,0,12192.0,2,1,1,1,0,0,1,0,7.4,268.2,0,0,0,0,0,1
13600,36.828,0.0,0,0,1,0,36.554,1.987,1,1,1,0,24.607,-1.168,0,0.0,0,0,1,1,0,0,0,1,0,0,0,12192.0,2,1,1,1,0,0,1,0,7.6,263.2,0,0,0,0,0,1
13700,36.828,0.0,0,0,1,0,36.746,1.924,1,1,1,0,24.491,-1.168,0,0.0,0,0,1,1,0,0,0,1,0,0,0,12192.0,2,1,1,1,0,0,1,0,7.5,273.8,0,0,0,0,0,1
13800,36.828,0.0,0,0,1,0,36.932,1.862,1,1,1,0,24.374,-1.168,0,0.0,0,0,1,1,0,0,0,1,0,0,0,12192.0,2,1,1,1,0,0,1,0,7.7,275.1,0,0,0,0,0,1
13900,36.828,0.0,0,0,1,0,37.112,1.8,1,1,1,0,24.257,-1.168,0,0.0,0,0,1,1,0,0,0,1,0,0,0,12192.0,2,1,1,1,0,0,1,0,7.2,269.9,0,0,0,0,0,1
14000,36.828,0.0,0,0,1,0,37.286,1.738,1,1,1,0,24.14,-1.168,0,0.0,0,0,1,1,0,0,0,1,0,0,0,12192.0,2,1,1,1,0,0,1,0,7.6,271.2,0,0,0,0,0,1
14100,36.828,0.0,0,0,1,0,37.454,1.675,1,1,1,0,24.023,-1.168,0,0.0,0,0,1,1,0,0,0,1,0,0,0,12192.0,2,1,1,1,0,0,1,0,8.0,271.2,0,0,0,0,0,1
14200,36.828,0.0,0,0,1,0,37.615,1.612,1,1,1,0,23.906,-1.168,0,0.0,0,0,1,1,0,0,0,1,0,0,0,12192.0,2,1,1,1,0,0,1,0,7.6,271.1,0,0,0,0,0,1
14300,36.828,0.0,0,0,1,0,37.77,1.548,1,1,1,0,23.79,-1.168,0,0.0,0,0,1,1,0,0,0,1,0,0,0,12192.0,2,1,1,1,0,0,1,0,6.9,268.7,0,0,0,0,0,1
14400,36.828,0.0,0,0,1,0,37.918,1.485,1,1,1,0,23.673,-1.168,0,0.0,0,0,1,1,0,0,0,1,0,0,0,12192.0,2,1,1,1,0,0,1,0,8.1,266.6,0,0,0,0,0,1
14500,36.828,0.0,0,0,1,0,38.06,1.422,1,1,1,0,23.556,-1.168,0,0.0,0,0,1,1,0,0,0,1,0,0,0,12192.0,2,1,1,1,0,0,1,0,8.4,267.9,0,0,0,0,0,1
14600,36.828,0.0,0,0,1,0,38.196,1.358,1,1,1,0,23.439,-1.168,0,0.0,0,0,1,1,0,0,0,1,0,0,0,12192.0,2,1,1,1,0,0,1,0,7.8,271.2,0,0,0,0,0,1
14700,36.828,0.0,0,0,1,0,38.326,1.295,1,1,1,0,23.322,-1.168,0,0.0,0,0,1,1,0,0,0,1,0,0,0,12192.0,2,1,1,1,0,0,1,0,7.9,271.9,0,0,0,0,0,1
14800,36.828,0.0,0,0,1,0,38.449,1.231,1,1,1,0,23.205,-1.168,0,0.0,0,0,1,1,0,0,0,1,0,0,0,12192.0,2,1,1,1,0,0,1,0,7.0,269.0,0,0,0,0,0,1
14900,36.828,0.0,0,0,1,0,38.566,1.167,1,1,1,0,23.089,-1.168,0,0.0,0,0,1,1,0,0,0,1,0,0,0,12192.0,2,1,1,1,0,0,1,0,7.9,272.1,0,0,0,0,0,1
15000,36.828,0.0,0,0,1,0,38.676,1.103,1,1,1,0,22.972,-1.168,0,0.0,0,0,1,1,0,0,0,1,0,0,0,12192.0,2,1,1,1,0,0,1,0,7.7,268.0,0,0,0,0,0,1
15100,36.828,0.0,0,0,1,0,38.78,1.039,1,1,1,0,22.855,-1.168,0,0.0,0,0,1,1,0,0,0,1,0,0,0,12192.0,2,1,1,1,0,0,1,0,8.3,269.7,0,0,0,0,0,1
15200,36.828,0.0,0,0,1,0,38.877,0.975,1,1,1,0,22.738,-1.168,0,0.0,0,0,1,1,0,0,0,1,0,0,0,12192.0,2,1,1,1,0,0,1,0,8.0,272.5,0,0,0,0,0,1
15300,36.828,0.0,0,0,1,0,38.968,0.911,1,1,1,0,22.621,-1.168,0,0.0,0,0,1,1,0,0,0,1,0,0,0,12192.0,2,1,1,1,0,0,1,0,6.9,269.4,0,0,0,0,0,1
15400,36.828,0.0,0,0,1,0,39.053,0.847,1,1,1,0,22.504,-1.168,0,0.0,0,0,1,1,0,0,0,1,0,0,0,12192.0,2,1,1,1,0,0,1,0,6.8,267.7,0,0,0,0,0,1
15500,36.828,0.0,0,0,1,0,39.131,0.782,1,1,1,0,22.388,-1.168,0,0.0,0,0,1,1,0,0,0,1,0,0,0,12192.0,2,1,1,1,0,0,1,0,7.6,266.5,0,0,0,0,0,1
15600,36.828,0.0,0,0,1,0,39.203,0.717,1,1,1,0,22.271,-1.168,0,0.0,0,0,1,1,0,0,0,1,0,0,0,12192.0,2,1,1,1,0,0,1,0,7.6,268.8,0,0,0,0,0,1
15700,36.828,0.0,0,0,1,0,39.268,0.652,1,1,1,0,22.154,-1.168,0,0.0,0,0,1,1,0,0,0,1,0,0,0,12192.0,2,1,1,1,0,0,1,0,6.6,269.5,0,0,0,0,0,1
15800,36.828,0.0,0,0,1,0,39.327,0.587,1,1,1,0,22.037,-1.168,0,0.0,0,0,1,1,0,0,0,1,0,0,0,12192.0,2,1,1,1,0,0,1,0,7.2,266.5,0,0,0,0,0,1
15900,36.828,0.0,0,0,1,0,39.379,0.521,1,1,1,0,21.92,-1.168,0,0.0,0,0,1,1,0,0,0,1,0,0,0,12192.0,2,1,1,1,0,0,1,0,8.2,269.9,0,0,0,0,0,1
16000,36.828,0.0,0,0,1,0,39.425,0.455,1,1,1,0,21.803,-1.168,0,0.0,0,0,1,1,0,0,0,1,0,0,0,12192.0,2,1,1,1,0,0,1,0,7.6,271.6,0,0,0,0,0,1
16100,36.828,0.0,0,0,1,0,39.463,0.388,1,1,1,0,21.687,-1.168,0,0.0,0,0,1,1,0,0,0,1,0,0,0,12192.0,2,1,1,1,0,0,1,0,7.3,270.3,0,0,0,0,0,1
16200,36.828,0.0,0,0,1,0,39.495,0.32,1,1,1,0,21.57,-1.168,0,0.0,0,0,1,1,0,0,0,1,0,0,0,12192.0,2,1,1,1,0,0,1,0,6.6,271.4,0,0,0,0,0,1
16300,36.828,0.0,0,0,1,0,39.52,0.25,1,1,1,0,21.453,-1.168,0,0.0,0,0,1,1,0,0,0,1,0,0,0,12192.0,2,1,1,1,0,0,1,0,6.9,270.6,0,0,0,0,0,1
16400,36.828,0.0,0,0,1,0,39.538,0.178,1,1,1,0,21.336,-1.168,0,0.0,0,0,1,1,0,0,0,1,0,0,0,12192.0,2,1,1,1,0,0,1,0,7.7,271.7,0,0,0,0,0,1
16500,36.828,0.0,0,0,1,0,39.548,0.097,1,1,1,0,21.219,-1.168,0,0.0,0,0,1,1,0,0,0,1,0,0,0,12192.0,2,1,1,1,0,0,1,0,7.9,274.3,0,0,0,0,0,1
16600,36.828,0.0,0,0,1,0,39.552,0.0,0,0,1,0,21.102,-1.168,0,0.0,0,0,1,1,0,0,0,1,0,0,0,12192.0,2,1,1,1,0,0,1,0,7.6,268.9,0,0,0,0,0,1
16700,36.828,0.0,0,0,1,0,39.552,0.0,0,0,1,0,20.986,-1.168,0,0.0,0,0,1,1,0,0,0,1,0,0,0,12192.0,2,1,1,1,0,0,1,0,7.6,269.9,0,0,0,0,0,1
16800,36.828,0.0,0,0,1,0,39.552,0.0,0,0,1,0,20.869,-1.168,0,0.0,0,0,1,1,0,0,0,1,0,0,0,12192.0,2,1,1,1,0,0,1,0,7.4,268.1,0,0,0,0,0,1
16900,36.828,0.0,0,0,1,0,39.552,0.0,0,0,1,0,20.752,-1.168,0,0.0,0,0,1,1,0,0,0,1,0,0,0,12192.0,2,1,1,1,0,0,1,0,7.7,269.6,0,0,0,0,0,1
17000,36.828,0.0,0,0,1,0,39.552,0.0,0,0,1,0,20.635,-1.168,0,0.0,0,0,1,1,0,0,0,1,0,0,0,12192.0,2,1,1,1,0,0,1,0,8.3,276.4,0,0,0,0,0,1
17100,36.828,0.0,0,0,1,0,39.552,0.0,0,0,1,0,20.518,-1.168,0,0.0,0,0,1,1,0,0,0,1,0,0,0,12192.0,2,1,1,1,0,0,1,0,7.2,272.1,0,0,0,0,0,1
17200,36.828,0.0,0,0,1,0,39.552,0.0,0,0,1,0,20.401,-1.168,0,0.0,0,0,1,1,0,0,0,1,0,0,0,12192.0,2,1,1,1,0,0,1,0,6.9,271.7,0,0,0,0,0,1
17300,36.828,0.0,0,0,1,0,39.552,0.0,0,0,1,0,20.285,-1.168,0,0.0,0,0,1,1,0,0,0,1,0,0,0,12192.0,2,1,1,1,0,0,1,0,7.5,269.7,0,0,0,0,0,1
17400,36.828,0.0,0,0,1,0,39.552,0.0,0,0,1,0,20.168,-1.168,0,0.0,0,0,1,1,0,0,0,1,0,0,0,12192.0,2,1,1,1,0,0,1,0,7.4,272.1,0,0,0,0,0,1
17500,36.828,0.0,0,0,1,0,39.552,0.0,0,0,1,0,20.051,-1.168,0,0.0,0,0,1,1,0,0,0,1,0,0,0,12192.0,2,1,1,1,0,0,1,0,8.2,272.6,0,0,0,0,0,1
17600,36.828,0.0,0,0,1,0,39.552,0.0,0,0,1,0,19.934,-1.168,0,0.0,0,0,1,1,0,0,0,1,0,0,0,12192.0,2,1,1,1,0,0,1,0,8.1,268.5,0,0,0,0,0,1
17700,36.828,0.0,0,0,1,0,39.552,0.0,0,0,1,0,19.817,-1.168,0,0.0,0,0,1,1,0,0,0,1,0,0,0,12192.0,2,1,1,1,0,0,1,0,8.1,272.1,0,0,0,0,0,1
17800,36.828,0.0,0,0,1,0,39.552,0.0,0,0,1,0,19.7,-1.168,0,0.0,0,0,1,1,0,0,0,1,0,0,0,12192.0,2,1,1,1,0,0,1,0,8.5,271.4,0,0,0,0,0,1
17900,36.828,0.0,0,0,1,0,39.552,0.0,0,0,1,0,19.584,-1.168,0,0.0,0,0,1,1,0,0,0,1,0,0,0,12192.0,2,1,1,1,0,0,1,0,8.5,271.6,0,0,0,0,0,1
18000,36.828,0.0,0,0,1,0,39.552,0.0,0,0,1,0,19.467,-1.168,0,0.0,0,0,1,1,0,0,0,1,0,0,0,12192.0,2,1,1,1,0,0,1,0,8.6,266.7,0,0,0,0,0,1
18100,36.828,0.0,0,0,1,0,39.552,0.0,0,0,1,0,19.35,-1.168,0,0.0,0,0,1,1,0,0,0,1,0,0,0,12192.0,2,1,1,1,0,0,1,0,8.3,266.0,0,0,0,0,0,1
18200,36.828,0.0,0,0,1,0,39.552,0.0,0,0,1,0,19.233,-1.168,0,0.0,0,0,1,1,0,0,0,1,0,0,0,12192.0,2,1,1,1,0,0,1,0,8.2,270.9,0,0,0,0,0,1
18300,36.828,0.0,0,0,1,0,39.552,0.0,0,0,1,0,19.116,-1.168,0,0.0,0,0,1,1,0,0,0,1,0,0,0,12192.0,2,1,1,1,0,0,1,0,8.3,271.2,0,0,0,0,0,1
18400,36.828,0.0,0,0,1,0,39.552,0.0,0,0,1,0,18.999,-1.168,0,0.0,0,0,1,1,0,0,0,1,0,0,0,12192.0,2,1,1,1,0,0,1,0,7.7,272.6,0,0,0,0,0,1
18500,36.828,0.0,0,0,1,0,39.552,0.0,0,0,1,0,18.883,-1.168,0,0.0,0,0,1,1,0,0,0,1,0,0,0,12192.0,2,1,1,1,0,0,1,0,7.6,266.8,0,0,0,0,0,1
18600,36.828,0.0,0,0,1,0,39.552,0.0,0,0,1,0,18.766,-1.168,0,0.0,0,0,1,1,0,0,0,1,0,0,0,12192.0,2,1,1,1,0,0,1,0,8.1,263.4,0,0,0,0,0,1
18700,36.828,0.0,0,0,1,0,39.552,0.0,0,0,1,0,18.649,-1.168,0,0.0,0,0,1,1,0,0,0,1,0,0,0,12192.0,2,1,1,1,0,0,1,0,8.3,265.9,0,0,0,0,0,1
18800,36.828,0.0,0,0,1,0,39.552,0.0,0,0,1,0,18.532,-1.168,0,0.0,0,0,1,1,0,0,0,1,0,0,0,12192.0,2,1,1,1,0,0,1,0,8.2,270.2,0,0,0,0,0,1
18900,36.828,0.0,0,0,1,0,39.552,0.0,0,0,1,0,18.415,-1.168,0,0.0,0,0,1,1,0,0,0,1,0,0,0,12192.0,2,1,1,1,0,0,1,0,7.8,273.4,0,0,0,0,0,1
19000,36.828,0.0,0,0,1,0,39.552,0.0,0,0,1,0,18.298,-1.168,0,0.0,0,0,1,1,0,0,0,1,0,0,0,12192.0,2,1,1,1,0,0,1,0,8.6,273.2,0,0,0,0,0,1
19100,36.828,0.0,0,0,1,0,39.552,0.0,0,0,1,0,18.182,-1.168,0,0.0,0,0,1,1,0,0,0,1,0,0,0,12192.0,2,1,1,1,0,0,1,0,9.0,265.0,0,0,0,0,0,1
19200,36.828,0.0,0,0,1,0,39.552,0.0,0,0,1,0,18.065,-1.168,0,0.0,0,0,1,1,0,0,0,1,0,0,0,12192.0,2,1,1,1,0,0,1,0,8.5,267.7,0,0,0,0,0,1
19300,36.828,0.0,0,0,1,0,39.552,0.0,0,0,1,0,17.948,-1.168,0,0.0,0,0,1,1,0,0,0,1,0,0,0,12192.0,2,1,1,1,0,0,1,0,8.7,267.4,0,0,0,0,0,1
19400,36.828,0.0,0,0,1,0,39.552,0.0,0,0,1,0,17.831,-1.168,0,0.0,0,0,1,1,0,0,0,1,0,0,0,12192.0,2,1,1,1,0,0,1,0,8.4,267.9,0,0,0,0,0,1
19500,36.828,0.0,0,0,1,0,39.552,0.0,0,0,1,0,17.714,-1.168,0,0.0,0,0,1,1,0,0,0,1,0,0,0,12192.0,2,1,1,1,0,0,1,0,8.6,275.6,0,0,0,0,0,1
19600,36.828,0.0,0,0,1,0,39.552,0.0,0,0,1,0,17.597,-1.168,0,0.0,0,0,1,1,0,0,0,1,0,0,0,12192.0,2,1,1,1,0,0,1,0,7.9,270.5,0,0,0,0,0,1
19700,36.828,0.0,0,0,1,0,39.552,0.0,0,0,1,0,17.481,-1.168,0,0.0,0,0,1,1,0,0,0,1,0,0,0,12192.0,2,1,1,1,0,0,1,0,8.2,265.9,0,0,0,0,0,1
19800,36.828,0.0,0,0,1,0,39.552,0.0,0,0,1,0,17.364,-1.168,0,0.0,0,0,1,1,0,0,0,1,0,0,0,12192.0,2,1,1,1,0,0,1,0,9.4,269.1,0,0,0,0,0,1
19900,36.828,0.0,0,0,1,0,39.552,0.0,0,0,1,0,17.247,-1.168,0,0.0,0,0,1,1,0,0,0,1,0,0,0,12192.0,2,1,1,1,0,0,1,0,8.9,269.7,0,0,0,0,0,1
20000,36.828,0.0,0,0,1,0,39.552,0.0,0,0,1,0,17.13,-1.168,0,0.0,0,0,1,1,0,0,0,1,0,0,0,12192.0,2,1,1,1,0,0,1,0,8.9,268.6,0,0,0,0,0,1
20100,36.828,0.0,0,0,1,0,39.552,0.0,0,0,1,0,17.013,-1.168,0,0.0,0,0,1,1,0,0,0,1,0,0,0,12192.0,2,1,1,1,0,0,1,0,8.9,273.4,0,0,0,0,0,1
20200,36.828,0.0,0,0,1,0,39.552,0.0,0,0,1,0,16.896,-1.168,0,0.0,0,0,1,1,0,0,0,1,0,0,0,12192.0,2,1,1,1,0,0,1,0,8.3,272.3,0,0,0,0,0,1
20300,36.828,0.0,0,0,1,0,39.552,0.0,0,0,1,0,16.78,-1.168,0,0.0,0,0,1,1,0,0,0,1,0,0,0,12192.0,2,1,1,1,0,0,1,0,8.8,273.9,0,0,0,0,0,1
20400,36.828,0.0,0,0,1,0,39.552,0.0,0,0,1,0,16.663,-1.168,0,0.0,0,0,1,1,0,0,0,1,0,0,0,12192.0,2,1,1,1,0,0,1,0,7.6,270.8,0,0,0,0,0,1
20500,36.828,0.0,0,0,1,0,39.552,0.0,0,0,1,0,16.546,-1.168,0,0.0,0,0,1,1,0,0,0,1,0,0,0,12192.0,2,1,1,1,0,0,1,0,8.7,270.3,0,0,0,0,0,1
20600,36.828,0.0,0,0,1,0,39.552,0.0,0,0,1,0,16.429,-1.168,0,0.0,0,0,1,1,0,0,0,1,0,0,0,12192.0,2,1,1,1,0,0,1,0,7.7,270.3,0,0,0,0,0,1
20700,36.828,0.0,0,0,1,0,39.552,0.0,0,0,1,0,16.312,-1.168,0,0.0,0,0,1,1,0,0,0,1,0,0,0,12192.0,2,1,1,1,0,0,1,0,8.2,273.9,0,0,0,0,0,1
20800,36.828,0.0,0,0,1,0,39.552,0.0,0,0,1,0,16.195,-1.168,0,0.0,0,0,1,1,0,0,0,1,0,0,0,12192.0,2,1,1,1,0,0,1,0,8.1,271.8,0,0,0,0,0,1
20900,36.828,0.0,0,0,1,0,39.552,0.0,0,0,1,0,16.079,-1.168,0,0.0,0,0,1,1,0,0,0,1,0,0,0,12192.0,2,1,1,1,0,0,1,0,8.3,265.4,0,0,0,0,0,1
21000,36.828,0.0,0,0,1,0,39.552,0.0,0,0,1,0,15.962,-1.168,0,0.0,0,0,1,1,0,0,0,1,0,0,0,12192.0,2,1,1,1,0,0,1,0,8.4,271.6,0,0,0,0,0,1
21100,36.828,0.0,0,0,1,0,39.552,0.0,0,0,1,0,15.85,-1.122,0,0.0,0,0,1,1,0,0,0,1,0,0,0,12192.0,2,1,1,1,0,0,1,0,7.4,274.6,0,0,0,0,0,1
21200,36.828,0.0,0,0,1,0,39.552,0.0,0,0,1,0,15.742,-1.076,0,0.0,0,0,1,1,0,0,0,1,0,0,0,12192.0,2,1,1,1,0,0,1,0,8.9,271.6,0,0,0,0,0,1
21300,36.828,0.0,0,0,1,0,39.552,0.0,0,0,1,0,15.639,-1.029,0,0.0,0,0,1,1,0,0,0,1,0,0,0,12192.0,2,1,1,1,0,0,1,0,8.4,269.3,0,0,0,0,0,1
21400,36.828,0.0,0,0,1,0,39.552,0.0,0,0,1,0,15.541,-0.983,0,0.0,0,0,1,1,0,0,0,1,0,0,0,12192.0,2,1,1,1,0,0,1,0,7.7,269.8,0,0,0,0,0,1
21500,36.828,0.0,0,0,1,0,39.552,0.0,0,0,1,0,15.447,-0.936,0,0.0,0,0,1,1,0,0,0,1,0,0,0,12192.0,2,1,1,1,0,0,1,0,8.7,267.7,0,0,0,0,0,1
21600,36.828,0.0,0,0,1,0,39.552,0.0,0,0,1,0,15.358,-0.89,0,0.0,0,0,1,1,0,0,0,1,0,0,0,12192.0,2,1,1,1,0,0,1,0,7.4,271.3,0,0,0,0,0,1
21700,36.828,0.0,0,0,1,0,39.552,0.0,0,0,1,0,15.274,-0.844,0,0.0,0,0,1,1,0,0,0,1,0,0,0,12192.0,2,1,1,1,0,0,1,0,7.8,272.7,0,0,0,0,0,1
21800,36.828,0.0,0,0,1,0,39.552,0.0,0,0,1,0,15.194,-0.797,0,0.0,0,0,1,1,0,0,0,1,0,0,0,12192.0,2,1,1,1,0,0,1,0,8.0,270.5,0,0,0,0,0,1
21900,36.828,0.0,0,0,1,0,39.552,0.0,0,0,1,0,15.119,-0.751,0,0.0,0,0,1,1,0,0,0,1,0,0,0,12192.0,2,1,1,1,0,0,1,0,7.9,273.4,0,0,0,0,0,1
22000,36.828,0.0,0,0,1,0,39.552,0.0,0,0,1,0,15.048,-0.705,0,0.0,0,0,1,1,0,0,0,1,0,0,0,12192.0,2,1,1,1,0,0,1,0,7.3,274.0,0,0,0,0,0,1
22100,36.828,0.0,0,0,1,0,39.552,0.0,0,0,1,0,14.983,-0.658,0,0.0,0,0,1,1,0,0,0,1,0,0,0,12192.0,2,1,1,1,0,0,1,0,7.7,270.1,0,0,0,0,0,1
22200,36.828,0.0,0,0,1,0,39.552,0.0,0,0,1,0,14.921,-0.612,0,0.0,0,0,1,1,0,0,0,1,0,0,0,12192.0,2,1,1,1,0,0,1,0,7.7,270.3,0,0,0,0,0,1
22300,36.828,0.0,0,0,1,0,39.552,0.0,0,0,1,0,14.86,-0.613,0,0.0,0,0,1,1,0,0,0,1,0,0,0,12192.0,2,1,1,1,0,0,1,0,9.1,270.9,0,0,0,0,0,1
22400,36.828,0.0,0,0,1,0,39.552,0.0,0,0,1,0,14.804,-0.564,0,0.0,0,0,1,1,0,0,0,1,0,0,0,12192.0,2,1,1,1,0,0,1,0,7.1,269.9,0,0,0,0,0,1
22500,36.828,0.0,0,0,1,0,39.552,0.0,0,0,1,0,14.752,-0.516,0,0.0,0,0,1,1,0,0,0,1,0,0,0,12192.0,2,1,1,1,0,0,1,0,7.4,265.7,0,0,0,0,0,1
22600,36.828,0.0,0,0,1,0,39.552,0.0,0,0,1,0,14.705,-0.467,0,0.0,0,0,1,1,0,0,0,1,0,0,0,12192.0,2,1,1,1,0,0,1,0,8.3,272.9,0,0,0,0,0,1
22700,36.828,0.0,0,0,1,0,39.552,0.0,0,0,1,0,14.664,-0.418,0,0.0,0,0,1,1,0,0,0,1,0,0,0,12192.0,2,1,1,1,0,0,1,0,7.8,271.8,0,0,0,0,0,1
22800,36.828,0.0,0,0,1,0,39.552,0.0,0,0,1,0,14.627,-0.369,0,0.0,0,0,1,1,0,0,0,1,0,0,0,12192.0,2,1,1,1,0,0,1,0,8.5,266.4,0,0,0,0,0,1
22900,36.828,0.0,0,0,1,0,39.552,0.0,0,0,1,0,14.595,-0.319,0,0.0,0,0,1,1,0,0,0,1,0,0,0,12192.0,2,1,1,1,0,0,1,0,7.4,272.9,0,0,0,0,0,1
23000,36.828,0.0,0,0,1,0,39.552,0.0,0,0,1,0,14.568,-0.269,0,0.0,0,0,1,1,0,0,0,1,0,0,0,12192.0,2,1,1,1,0,0,1,0,7.5,268.2,0,0,0,0,0,1
23100,36.828,0.0,0,0,1,0,39.552,0.0,0,0,1,0,14.546,-0.218,0,0.0,0,0,1,1,0,0,0,1,0,0,0,12192.0,2,1,1,1,0,0,1,0,7.8,270.5,0,0,0,0,0,1
23200,36.828,0.0,0,0,1,0,39.552,0.0,0,0,1,0,14.53,-0.165,0,0.0,0,0,1,1,0,0,0,1,0,0,0,12192.0,2,1,1,1,0,0,1,0,7.6,271.4,0,0,0,0,0,1
23300,36.828,0.0,0,0,1,0,39.552,0.0,0,0,1,0,14.519,-0.109,0,0.0,0,0,1,1,0,0,0,1,0,0,0,12192.0,2,1,1,1,0,0,1,0,7.6,268.3,0,0,0,0,0,1
23400,36.828,0.0,0,0,0,0,39.552,0.0,0,0,0,0,14.514,0.0,0,0.0,0,0,0,0,0,0,0,1,0,0,0,12192.0,2,1,1,0,1,0,1,0,7.7,266.5,0,0,0,0,0,1
23500,36.828,0.0,0,0,1,0,39.552,0.0,0,0,1,0,14.509,-0.046,0,0.0,0,0,1,1,0,0,0,1,0,0,0,12192.0,2,1,1,1,0,0,1,0,7.3,272.9,0,0,0,0,0,1
23600,36.828,0.0,0,0,1,0,39.552,0.0,0,0,1,0,14.5,-0.093,0,0.0,0,0,1,1,0,0,0,1,0,0,0,12192.0,2,1,1,1,0,0,1,0,7.6,270.2,0,0,0,0,0,1
23700,36.828,0.0,0,0,1,0,39.552,0.0,0,0,1,0,14.486,-0.139,0,0.0,0,0,1,1,0,0,0,1,0,0,0,12192.0,2,1,1,1,0,0,1,0,7.7,265.6,0,0,0,0,0,1
23800,36.828,0.0,0,0,1,0,39.552,0.0,0,0,1,0,14.468,-0.186,0,0.0,0,0,1,1,0,0,0,1,0,0,0,12192.0,2,1,1,1,0,0,1,0,7.6,273.7,0,0,0,0,0,1
23900,36.828,0.0,0,0,1,0,39.552,0.0,0,0,1,0,14.444,-0.232,0,0.0,0,0,1,1,0,0,0,1,0,0,0,12192.0,2,1,1,1,0,0,1,0,8.2,270.0,0,0,0,0,0,1
24000,36.828,0.0,0,0,1,0,39.552,0.0,0,0,1,0,14.417,-0.278,0,0.0,0,0,1,1,0,0,0,1,0,0,0,12192.0,2,1,1,1,0,0,1,0,7.2,273.2,0,0,0,0,0,1
24100,36.828,0.0,0,0,1,0,39.552,0.0,0,0,1,0,14.384,-0.325,0,0.0,0,0,1,1,0,0,0,1,0,0,0,12192.0,2,1,1,1,0,0,1,0,7.2,273.1,0,0,0,0,0,1
24200,36.828,0.0,0,0,1,0,39.552,0.0,0,0,1,0,14.347,-0.371,0,0.0,0,0,1,1,0,0,0,1,0,0,0,12192.0,2,1,1,1,0,0,1,0,7.0,270.3,0,0,0,0,0,1
24300,36.828,0.0,0,0,1,0,39.552,0.0,0,0,1,0,14.305,-0.417,0,0.0,0,0,1,1,0,0,0,1,0,0,0,12192.0,2,1,1,1,0,0,1,0,7.5,271.9,0,0,0,0,0,1
24400,36.828,0.0,0,0,1,0,39.552,0.0,0,0,1,0,14.259,-0.464,0,0.0,0,0,1,1,0,0,0,1,0,0,0,12192.0,2,1,1,1,0,0,1,0,7.5,270.5,0,0,0,0,0,1
24500,36.828,0.0,0,0,1,0,39.552,0.0,0,0,1,0,14.208,-0.51,0,0.0,0,0,1,1,0,0,0,1,0,0,0,12192.0,2,1,1,1,0,0,1,0,7.4,268.2,0,0,0,0,0,1
24600,36.828,0.0,0,0,1,0,39.552,0.0,0,0,1,0,14.152,-0.557,0,0.0,0,0,1,1,0,0,0,1,0,0,0,12192.0,2,1,1,1,0,0,1,0,8.2,271.2,0,0,0,0,0,1
24700,36.828,0.0,0,0,1,0,39.552,0.0,0,0,1,0,14.092,-0.603,0,0.0,0,0,1,1,0,0,0,1,0,0,0,12192.0,2,1,1,1,0,0,1,0,7.4,271.0,0,0,0,0,0,1
24800,36.828,0.0,0,0,1,0,39.552,0.0,0,0,1,0,14.027,-0.649,0,0.0,0,0,1,1,0,0,0,1,0,0,0,12192.0,2,1,1,1,0,0,1,0,7.8,264.5,0,0,0,0,0,1
24900,36.828,0.0,0,0,1,0,39.552,0.0,0,0,1,0,13.957,-0.696,0,0.0,0,0,1,1,0,0,0,1,0,0,0,12192.0,2,1,1,1,0,0,1,0,7.8,270.4,0,0,0,0,0,1
25000,36.828,0.0,0,0,1,0,39.552,0.0,0,0,1,0,13.883,-0.742,0,0.0,0,0,1,1,0,0,0,1,0,0,0,12192.0,2,1,1,1,0,0,1,0,7.8,273.1,0,0,0,0,0,1
25100,36.828,0.0,0,0,1,0,39.552,0.0,0,0,1,0,13.804,-0.788,0,0.0,0,0,1,1,0,0,0,1,0,0,0,12192.0,2,1,1,1,0,0,1,0,6.9,270.9,0,0,0,0,0,1
25200,36.828,0.0,0,0,1,0,39.552,0.0,0,0,1,0,13.721,-0.835,0,0.0,0,0,1,1,0,0,0,1,0,0,0,12192.0,2,1,1,1,0,0,1,0,7.7,270.2,0,0,0,0,0,1
25300,36.828,0.0,0,0,1,0,39.552,0.0,0,0,1,0,13.633,-0.881,0,0.0,0,0,1,1,0,0,0,1,0,0,0,12192.0,2,1,1,1,0,0,1,0,7.4,271.5,0,0,0,0,0,1
25400,36.828,0.0,0,0,1,0,39.552,0.0,0,0,1,0,13.54,-0.928,0,0.0,0,0,1,1,0,0,0,1,0,0,0,12192.0,2,1,1,1,0,0,1,0,8.1,266.6,0,0,0,0,0,1
25500,36.828,0.0,0,0,1,0,39.552,0.0,0,0,1,0,13.443,-0.974,0,0.0,0,0,1,1,0,0,0,1,0,0,0,12192.0,2,1,1,1,0,0,1,0,8.1,270.0,0,0,0,0,0,1
25600,36.828,0.0,0,0,1,0,39.552,0.0,0,0,1,0,13.341,-1.02,0,0.0,0,0,1,1,0,0,0,1,0,0,0,12192.0,2,1,1,1,0,0,1,0,7.8,267.7,0,0,0,0,0,1
25700,36.828,0.0,0,0,1,0,39.552,0.0,0,0,1,0,13.234,-1.067,0,0.0,0,0,1,1,0,0,0,1,0,0,0,12192.0,2,1,1,1,0,0,1,0,8.2,267.8,0,0,0,0,0,1
25800,36.828,0.0,0,0,1,0,39.552,0.0,0,0,1,0,13.123,-1.113,0,0.0,0,0,1,1,0,0,0,1,0,0,0,12192.0,2,1,1,1,0,0,1,0,7.1,271.4,0,0,0,0,0,1
25900,36.828,0.0,0,0,1,0,39.552,0.0,0,0,1,0,13.007,-1.159,0,0.0,0,0,1,1,0,0,0,1,0,0,0,12192.0,2,1,1,1,0,0,1,0,7.8,272.0,0,0,0,0,0,1
26000,36.828,0.0,0,0,1,0,39.552,0.0,0,0,1,0,12.89,-1.168,0,0.0,0,0,1,1,0,0,0,1,0,0,0,12192.0,2,1,1,1,0,0,1,0,7.7,271.2,0,0,0,0,0,1
26100,36.828,0.0,0,0,1,0,39.552,0.0,0,0,1,0,12.773,-1.168,0,0.0,0,0,1,1,0,0,0,1,0,0,0,12192.0,2,1,1,1,0,0,1,0,7.8,272.1,0,0,0,0,0,1
26200,36.828,0.0,0,0,1,0,39.552,0.0,0,0,1,0,12.656,-1.168,0,0.0,0,0,1,1,0,0,0,1,0,0,0,12192.0,2,1,1,1,0,0,1,0,7.8,270.0,0,0,0,0,0,1
26300,36.828,0.0,0,0,1,0,39.552,0.0,0,0,1,0,12.544,-1.122,0,0.0,0,0,1,1,0,0,0,1,0,0,0,12192.0,2,1,1,1,0,0,1,0,7.2,268.7,0,0,0,0,0,1
26400,36.828,0.0,0,0,1,0,39.552,0.0,0,0,1,0,12.436,-1.076,0,0.0,0,0,1,1,0,0,0,1,0,0,0,12192.0,2,1,1,1,0,0,1,0,8.1,271.8,0,0,0,0,0,1
26500,36.828,0.0,0,0,1,0,39.552,0.0,0,0,1,0,12.334,-1.029,0,0.0,0,0,1,1,0,0,0,1,0,0,0,12192.0,2,1,1,1,0,0,1,0,7.9,269.2,0,0,0,0,0,1
26600,36.828,0.0,0,0,1,0,39.552,0.0,0,0,1,0,12.235,-0.983,0,0.0,0,0,1,1,0,0,0,1,0,0,0,12192.0,2,1,1,1,0,0,1,0,7.4,275.3,0,0,0,0,0,1
26700,36.828,0.0,0,0,1,0,39.552,0.0,0,0,1,0,12.142,-0.936,0,0.0,0,0,1,1,0,0,0,1,0,0,0,12192.0,2,1,1,1,0,0,1,0,8.1,267.7,0,0,0,0,0,1
26800,36.828,0.0,0,0,1,0,39.552,0.0,0,0,1,0,12.053,-0.89,0,0.0,0,0,1,1,0,0,0,1,0,0,0,12192.0,2,1,1,1,0,0,1,0,7.9,266.9,0,0,0,0,0,1
26900,36.828,0.0,0,0,1,0,39.552,0.0,0,0,1,0,11.968,-0.844,0,0.0,0,0,1,1,0,0,0,1,0,0,0,12192.0,2,1,1,1,0,0,1,0,7.6,273.0,0,0,0,0,0,1
27000,36.828,0.0,0,0,1,0,39.552,0.0,0,0,1,0,11.888,-0.797,0,0.0,0,0,1,1,0,0,0,1,0,0,0,12192.0,2,1,1,1,0,0,1,0,7.6,267.9,0,0,0,0,0,1
27100,36.828,0.0,0,0,1,0,39.552,0.0,0,0,1,0,11.813,-0.751,0,0.0,0,0,1,1,0,0,0,1,0,0,0,12192.0,2,1,1,1,0,0,1,0,7.8,268.9,0,0,0,0,0,1
27200,36.828,0.0,0,0,1,0,39.552,0.0,0,0,1,0,11.743,-0.705,0,0.0,0,0,1,1,0,0,0,1,0,0,0,12192.0,2,1,1,1,0,0,1,0,8.1,267.6,0,0,0,0,0,1
27300,36.828,0.0,0,0,1,0,39.552,0.0,0,0,1,0,11.677,-0.658,0,0.0,0,0,1,1,0,0,0,1,0,0,0,12192.0,2,1,1,1,0,0,1,0,8.3,274.8,0,0,0,0,0,1
27400,36.828,0.0,0,0,1,0,39.552,0.0,0,0,1,0,11.616,-0.612,0,0.0,0,0,1,1,0,0,0,1,0,0,0,12192.0,2,1,1,1,0,0,1,0,8.7,274.0,0,0,0,0,0,1
27500,36.828,0.0,0,0,1,0,39.552,0.0,0,0,1,0,11.559,-0.565,0,0.0,0,0,1,1,0,0,0,1,0,0,0,12192.0,2,1,1,1,0,0,1,0,7.8,266.6,0,0,0,0,0,1
27600,36.828,0.0,0,0,1,0,39.552,0.0,0,0,1,0,11.507,-0.519,0,0.0,0,0,1,1,0,0,0,1,0,0,0,12192.0,2,1,1,1,0,0,1,0,7.7,267.1,0,0,0,0,0,1
27700,36.828,0.0,0,0,1,0,39.552,0.0,0,0,1,0,11.46,-0.473,0,0.0,0,0,1,1,0,0,0,1,0,0,0,12192.0,2,1,1,1,0,0,1,0,8.5,266.8,0,0,0,0,0,1
27800,36.828,0.0,0,0,1,0,39.552,0.0,0,0,1,0,11.413,-0.475,0,0.0,0,0,1,1,0,0,0,1,0,0,0,12192.0,2,1,1,1,0,0,1,0,8.1,272.8,0,0,0,0,0,1
27900,36.828,0.0,0,0,1,0,39.552,0.0,0,0,1,0,11.37,-0.426,0,0.0,0,0,1,1,0,0,0,1,0,0,0,12192.0,2,1,1,1,0,0,1,0,9.0,271.3,0,0,0,0,0,1
28000,36.828,0.0,0,0,1,0,39.552,0.0,0,0,1,0,11.332,-0.377,0,0.0,0,0,1,1,0,0,0,1,0,0,0,12192.0,2,1,1,1,0,0,1,0,7.9,268.1,0,0,0,0,0,1
28100,36.828,0.0,0,0,1,0,39.552,0.0,0,0,1,0,11.3,-0.327,0,0.0,0,0,1,1,0,0,0,1,0,0,0,12192.0,2,1,1,1,0,0,1,0,8.6,270.6,0,0,0,0,0,1
28200,36.828,0.0,0,0,1,0,39.552,0.0,0,0,1,0,11.272,-0.277,0,0.0,0,0,1,1,0,0,0,1,0,0,0,12192.0,2,1,1,1,0,0,1,0,8.4,271.3,0,0,0,0,0,1
28300,36.828,0.0,0,0,1,0,39.552,0.0,0,0,1,0,11.25,-0.226,0,0.0,0,0,1,1,0,0,0,1,0,0,0,12192.0,2,1,1,1,0,0,1,0,8.2,271.5,0,0,0,0,0,1
28400,36.828,0.0,0,0,1,0,39.552,0.0,0,0,1,0,11.232,-0.173,0,0.0,0,0,1,1,0,0,0,1,0,0,0,12192.0,2,1,1,1,0,0,1,0,9.6,269.5,0,0,0,0,0,1
28500,36.828,0.0,0,0,1,0,39.552,0.0,0,0,1,0,11.22,-0.118,0,0.0,0,0,1,1,0,0,0,1,0,0,0,12192.0,2,1,1,1,0,0,1,0,8.1,274.7,0,0,0,0,0,1
28600,36.828,0.0,0,0,1,0,39.552,0.0,0,0,1,0,11.215,-0.055,0,0.0,0,0,1,1,0,0,0,1,0,0,0,12192.0,2,1,1,1,0,0,1,0,8.6,274.9,0,0,0,0,0,1
28700,36.828,0.0,0,0,0,0,39.552,0.0,0,0,0,0,11.214,0.0,0,0.0,0,0,0,0,0,0,0,1,0,0,0,12192.0,2,1,1,0,1,0,1,0,8.2,268.6,0,0,0,0,0,1
28800,36.828,0.0,0,0,0,0,39.552,0.0,0,0,0,0,11.214,0.0,0,0.0,0,0,0,0,0,0,0,1,1,1,0,12192.0,2,1,1,0,1,0,1,0,8.5,268.3,0,0,0,0,0,1
28900,36.828,0.0,0,0,0,0,39.552,0.0,0,0,0,0,11.214,0.0,0,0.0,0,0,0,0,0,0,0,1,1,1,0,12192.0,2,1,1,0,1,0,1,0,9.0,267.2,0,0,0,0,0,1
29000,36.828,0.0,0,0,0,0,39.552,0.0,0,0,0,0,11.214,0.0,0,0.0,0,0,0,0,0,0,0,1,1,1,0,12192.0,2,1,1,0,1,0,1,0,9.3,269.9,0,0,0,0,0,1
29100,36.828,0.0,0,0,0,0,39.552,0.0,0,0,0,0,11.214,0.0,0,0.0,0,0,0,0,0,0,0,1,1,1,0,12192.0,2,1,1,0,1,0,1,0,7.9,269.6,0,0,0,0,0,1
29200,36.828,0.0,0,0,0,0,39.552,0.0,0,0,0,0,11.214,0.0,0,0.0,0,0,0,0,0,0,0,1,1,1,0,12192.0,2,1,1,0,1,0,1,0,8.4,274.6,0,0,0,0,0,1
29300,36.828,0.0,0,0,0,0,39.552,0.0,0,0,0,0,11.214,0.0,0,0.0,0,0,0,0,0,0,0,1,1,1,0,12192.0,2,1,1,0,1,0,1,0,8.7,270.6,0,0,0,0,0,1
29400,36.828,0.0,0,0,0,0,39.552,0.0,0,0,0,0,11.214,0.0,0,0.0,0,0,0,0,0,0,0,1,1,1,0,12192.0,2,1,1,0,1,0,1,0,8.4,265.3,0,0,0,0,0,1
29500,36.828,0.0,0,0,0,0,39.552,0.0,0,0,0,0,11.214,0.0,0,0.0,0,0,0,0,0,0,0,1,1,1,0,12192.0,2,1,1,0,1,0,1,0,9.1,269.8,0,0,0,0,0,1
29600,36.828,0.0,0,0,0,0,39.552,0.0,0,0,0,0,11.214,0.0,0,0.0,0,0,0,0,0,0,0,1,1,1,0,12192.0,2,1,1,0,1,0,1,0,8.7,264.1,0,0,0,0,0,1
29700,36.828,0.0,0,0,0,0,39.552,0.0,0,0,0,0,11.214,0.0,0,0.0,0,0,0,0,0,0,0,1,1,1,0,12192.0,2,1,1,0,1,0,1,0,7.9,270.1,0,0,0,0,0,1
29800,36.828,0.0,0,0,0,0,39.552,0.0,0,0,0,0,11.214,0.0,0,0.0,0,0,0,0,0,0,0,1,1,1,0,12192.0,2,1,1,0,1,0,1,0,8.4,270.4,0,0,0,0,0,1
29900,36.828,0.0,0,0,0,0,39.552,0.0,0,0,0,0,11.214,0.0,0,0.0,0,0,0,0,0,0,0,1,1,1,0,12192.0,2,1,1,0,1,0,1,0,7.8,267.7,0,0,0,0,0,1
30000,36.828,0.0,0,0,0,0,39.552,0.0,0,0,0,0,11.214,0.0,0,0.0,0,0,0,0,0,0,0,1,1,1,0,12192.0,2,1,1,0,1,0,1,0,8.5,266.2,0,0,0,0,0,1
30100,36.828,0.0,0,0,0,0,39.552,0.0,0,0,0,0,11.214,0.0,0,32.3,0,0,0,0,0,0,1,0,1,1,0,12192.0,2,1,1,0,1,0,1,0,7.8,267.5,0,0,0,0,0,1
30200,36.828,0.0,0,0,0,0,39.552,0.0,0,0,0,0,11.214,0.0,0,32.03,0,0,0,0,0,0,1,0,1,1,0,12192.0,2,1,1,0,1,0,1,0,8.4,264.5,0,0,0,0,0,1
30300,36.828,0.0,0,0,0,0,39.552,0.0,0,0,0,0,11.214,0.0,0,31.97,0,0,0,0,0,0,1,0,1,1,0,12192.0,2,1,1,0,1,0,1,0,8.2,269.9,0,0,0,0,0,1
30400,36.828,0.0,0,0,0,0,39.552,0.0,0,0,0,0,11.214,0.0,0,32.23,0,0,0,0,0,0,1,0,1,1,0,12192.0,2,1,1,0,1,0,1,0,9.3,267.6,0,0,0,0,0,1
30500,36.828,0.0,0,0,0,0,39.552,0.0,0,0,0,0,11.214,0.0,0,32.02,0,0,0,0,0,0,1,0,1,1,0,12192.0,2,1,1,0,1,0,1,0,8.0,267.3,0,0,0,0,0,1
30600,36.828,0.0,0,0,0,0,39.552,0.0,0,0,0,0,11.214,0.0,0,32.02,0,0,0,0,0,0,1,0,1,1,0,12192.0,2,1,1,0,1,0,1,0,8.1,268.9,0,0,0,0,0,1
30700,36.828,0.0,0,0,0,0,39.552,0.0,0,0,0,0,11.214,0.0,0,32.05,0,0,0,0,0,0,1,0,1,1,0,12192.0,2,1,1,0,1,0,1,0,8.5,269.7,0,0,0,0,0,1
30800,36.828,0.0,0,0,0,0,39.552,0.0,0,0,0,0,11.214,0.0,0,31.89,0,0,0,0,0,0,1,0,1,1,0,12192.0,2,1,1,0,1,0,1,0,8.6,266.7,0,0,0,0,0,1
30900,36.828,0.0,0,0,0,0,39.552,0.0,0,0,0,0,11.214,0.0,0,31.97,0,0,0,0,0,0,1,0,1,1,0,12192.0,2,1,1,0,1,0,1,0,8.4,269.0,0,0,0,0,0,1
31000,36.828,0.0,0,0,0,0,39.552,0.0,0,0,0,0,11.214,0.0,0,31.89,0,0,0,0,0,0,1,0,1,1,0,12192.0,2,1,1,0,1,0,1,0,8.4,266.2,0,0,0,0,0,1
31100,36.828,0.0,0,0,0,0,39.552,0.0,0,0,0,0,11.214,0.0,0,31.93,0,0,0,0,0,0,1,0,1,1,0,12192.0,2,1,1,0,1,0,1,0,8.8,272.0,0,0,0,0,0,1
31200,36.828,0.0,0,0,0,0,39.552,0.0,0,0,0,0,11.214,0.0,0,32.17,0,0,0,0,0,0,1,0,1,1,0,12192.0,2,1,1,0,1,0,1,0,8.7,267.8,0,0,0,0,0,1
31300,36.828,0.0,0,0,0,0,39.552,0.0,0,0,0,0,11.214,0.0,0,32.07,0,0,0,0,0,0,1,0,1,1,0,12192.0,2,1,1,0,1,0,1,0,8.1,270.0,0,0,0,0,0,1
31400,36.828,0.0,0,0,0,0,39.552,0.0,0,0,0,0,11.214,0.0,0,32.04,0,0,0,0,0,0,1,0,1,1,0,12192.0,2,1,1,0,1,0,1,0,8.1,264.9,0,0,0,0,0,1
31500,36.828,0.0,0,0,0,0,39.552,0.0,0,0,0,0,11.214,0.0,0,31.97,0,0,0,0,0,0,1,0,1,1,0,12192.0,2,1,1,0,1,0,1,0,8.3,265.7,0,0,0,0,0,1
31600,36.828,0.0,0,0,0,0,39.552,0.0,0,0,0,0,11.214,0.0,0,31.91,0,0,0,0,0,0,1,0,1,1,0,12192.0,2,1,1,0,1,0,1,0,7.7,273.4,0,0,0,0,0,1
31700,36.828,0.0,0,0,1,0,39.552,0.0,0,0,1,0,11.219,0.046,1,33.46,0,0,1,1,0,0,1,0,0,1,0,12192.0,2,1,1,1,0,0,1,0,7.8,269.4,0,0,0,0,0,1
31800,36.828,0.0,0,0,1,0,39.552,0.0,0,0,1,0,11.228,0.093,1,33.48,0,0,1,1,0,0,1,0,0,1,0,12192.0,2,1,1,1,0,0,1,0,7.7,271.4,0,0,0,0,0,1
31900,36.828,0.0,0,0,1,0,39.552,0.0,0,0,1,0,11.242,0.139,1,33.51,0,0,1,1,0,0,1,0,0,1,0,12192.0,2,1,1,1,0,0,1,0,7.9,275.0,0,0,0,0,0,1
32000,36.828,0.0,0,0,1,0,39.552,0.0,0,0,1,0,11.26,0.186,1,33.64,0,0,1,1,0,0,1,0,0,1,0,12192.0,2,1,1,1,0,0,1,0,7.7,266.6,0,0,0,0,0,1
32100,36.828,0.0,0,0,1,0,39.552,0.0,0,0,1,0,11.284,0.232,1,33.44,0,0,1,1,0,0,1,0,0,1,0,12192.0,2,1,1,1,0,0,1,0,7.3,268.1,0,0,0,0,0,1
32200,36.828,0.0,0,0,1,0,39.552,0.0,0,0,1,0,11.311,0.278,1,33.55,0,0,1,1,0,0,1,0,0,1,0,12192.0,2,1,1,1,0,0,1,0,7.5,272.1,0,0,0,0,0,1
32300,36.828,0.0,0,0,1,0,39.552,0.0,0,0,1,0,11.344,0.325,1,33.46,0,0,1,1,0,0,1,0,0,1,0,12192.0,2,1,1,1,0,0,1,0,8.4,271.4,0,0,0,0,0,1
32400,36.828,0.0,0,0,1,0,39.552,0.0,0,0,1,0,11.381,0.371,1,33.58,0,0,1,1,0,0,1,0,0,1,0,12192.0,2,1,1,1,0,0,1,0,7.2,271.1,0,0,0,0,0,1
32500,36.828,0.0,0,0,1,0,39.552,0.0,0,0,1,0,11.423,0.417,1,33.51,0,0,1,1,0,0,1,0,0,1,0,12192.0,2,1,1,1,0,0,1,0,8.0,269.8,0,0,0,0,0,1
32600,36.828,0.0,0,0,1,0,39.552,0.0,0,0,1,0,11.469,0.464,1,33.48,0,0,1,1,0,0,1,0,0,1,0,12192.0,2,1,1,1,0,0,1,0,7.7,270.3,0,0,0,0,0,1
32700,36.828,0.0,0,0,1,0,39.552,0.0,0,0,1,0,11.52,0.51,1,33.63,0,0,1,1,0,0,1,0,0,1,0,12192.0,2,1,1,1,0,0,1,0,7.7,272.3,0,0,0,0,0,1
32800,36.828,0.0,0,0,1,0,39.552,0.0,0,0,1,0,11.576,0.557,1,33.68,0,0,1,1,0,0,1,0,0,1,0,12192.0,2,1,1,1,0,0,1,0,7.7,269.6,0,0,0,0,0,1
32900,36.828,0.0,0,0,1,0,39.552,0.0,0,0,1,0,11.636,0.603,1,33.33,0,0,1,1,0,0,1,0,0,1,0,12192.0,2,1,1,1,0,0,1,0,7.5,269.4,0,0,0,0,0,1
33000,36.828,0.0,0,0,1,0,39.552,0.0,0,0,1,0,11.701,0.649,1,33.69,0,0,1,1,0,0,1,0,0,1,0,12192.0,2,1,1,1,0,0,1,0,7.0,269.2,0,0,0,0,0,1
33100,36.828,0.0,0,0,1,0,39.552,0.0,0,0,1,0,11.771,0.696,1,33.6,0,0,1,1,0,0,1,0,0,1,0,12192.0,2,1,1,1,0,0,1,0,7.3,271.2,0,0,0,0,0,1
33200,36.828,0.0,0,0,1,0,39.552,0.0,0,0,1,0,11.845,0.742,1,33.51,0,0,1,1,0,0,1,0,0,1,0,12192.0,2,1,1,1,0,0,1,0,7.9,274.0,0,0,0,0,0,1
33300,36.828,0.0,0,0,1,0,39.552,0.0,0,0,1,0,11.924,0.788,1,33.58,0,0,1,1,0,0,1,0,0,1,0,12192.0,2,1,1,1,0,0,1,0,7.9,271.3,0,0,0,0,0,1
33400,36.828,0.0,0,0,1,0,39.552,0.0,0,0,1,0,12.007,0.835,1,33.38,0,0,1,1,0,0,1,0,0,1,0,12192.0,2,1,1,1,0,0,1,0,7.3,269.6,0,0,0,0,0,1
33500,36.828,0.0,0,0,1,0,39.552,0.0,0,0,1,0,12.095,0.881,1,33.19,0,0,1,1,0,0,1,0,0,1,0,12192.0,2,1,1,1,0,0,1,0,8.1,264.6,0,0,0,0,0,1
33600,36.828,0.0,0,0,1,0,39.552,0.0,0,0,1,0,12.188,0.928,1,33.5,0,0,1,1,0,0,1,0,0,1,0,12192.0,2,1,1,1,0,0,1,0,6.9,267.2,0,0,0,0,0,1
33700,36.828,0.0,0,0,1,0,39.552,0.0,0,0,1,0,12.285,0.974,1,33.74,0,0,1,1,0,0,1,0,0,1,0,12192.0,2,1,1,1,0,0,1,0,7.4,273.8,0,0,0,0,0,1
33800,36.828,0.0,0,0,1,0,39.552,0.0,0,0,1,0,12.387,1.02,1,33.49,0,0,1,1,0,0,1,0,0,1,0,12192.0,2,1,1,1,0,0,1,0,8.2,270.5,0,0,0,0,0,1
33900,36.828,0.0,0,0,1,0,39.552,0.0,0,0,1,0,12.494,1.067,1,33.58,0,0,1,1,0,0,1,0,0,1,0,12192.0,2,1,1,1,0,0,1,0,7.4,272.3,0,0,0,0,0,1
34000,36.828,0.0,0,0,1,0,39.552,0.0,0,0,1,0,12.605,1.113,1,33.54,0,0,1,1,0,0,1,0,0,1,0,12192.0,2,1,1,1,0,0,1,0,7.6,271.7,0,0,0,0,0,1
34100,36.828,0.0,0,0,1,0,39.552,0.0,0,0,1,0,12.721,1.159,1,33.66,0,0,1,1,0,0,1,0,0,1,0,12192.0,2,1,1,1,0,0,1,0,7.8,270.8,0,0,0,0,0,1
34200,36.828,0.0,0,0,1,0,39.552,0.0,0,0,1,0,12.838,1.168,1,33.43,0,0,1,1,0,0,1,0,0,1,0,12192.0,2,1,1,1,0,0,1,0,7.5,268.9,0,0,0,0,0,1
34300,36.828,0.0,0,0,1,0,39.552,0.0,0,0,1,0,12.95,1.122,1,30.53,0,0,1,1,0,0,1,0,0,1,0,12192.0,2,1,1,1,0,0,1,0,7.4,266.2,0,0,0,0,0,1
34400,36.828,0.0,0,0,1,0,39.552,0.0,0,0,1,0,13.058,1.076,1,30.48,0,0,1,1,0,0,1,0,0,1,0,12192.0,2,1,1,1,0,0,1,0,7.0,271.6,0,0,0,0,0,1
34500,36.828,0.0,0,0,1,0,39.552,0.0,0,0,1,0,13.161,1.029,1,30.46,0,0,1,1,0,0,1,0,0,1,0,12192.0,2,1,1,1,0,0,1,0,7.0,266.7,0,0,0,0,0,1
34600,36.828,0.0,0,0,1,0,39.552,0.0,0,0,1,0,13.259,0.983,1,30.58,0,0,1,1,0,0,1,0,0,1,0,12192.0,2,1,1,1,0,0,1,0,7.7,272.2,0,0,0,0,0,1
34700,36.828,0.0,0,0,1,0,39.552,0.0,0,0,1,0,13.353,0.936,1,30.34,0,0,1,1,0,0,1,0,0,1,0,12192.0,2,1,1,1,0,0,1,0,6.9,268.1,0,0,0,0,0,1
34800,36.828,0.0,0,0,1,0,39.552,0.0,0,0,1,0,13.442,0.89,1,30.43,0,0,1,1,0,0,1,0,0,1,0,12192.0,2,1,1,1,0,0,1,0,7.2,269.3,0,0,0,0,0,1
34900,36.828,0.0,0,0,1,0,39.552,0.0,0,0,1,0,13.526,0.844,1,30.37,0,0,1,1,0,0,1,0,0,1,0,12192.0,2,1,1,1,0,0,1,0,6.5,270.5,0,0,0,0,0,1
35000,36.828,0.0,0,0,1,0,39.552,0.0,0,0,1,0,13.606,0.797,1,30.46,0,0,1,1,0,0,1,0,0,1,0,12192.0,2,1,1,1,0,0,1,0,7.9,269.2,0,0,0,0,0,1
35100,36.828,0.0,0,0,1,0,39.552,0.0,0,0,1,0,13.681,0.751,1,30.44,0,0,1,1,0,0,1,0,0,1,0,12192.0,2,1,1,1,0,0,1,0,7.2,271.6,0,0,0,0,0,1
35200,36.828,0.0,0,0,1,0,39.552,0.0,0,0,1,0,13.751,0.705,1,30.53,0,0,1,1,0,0,1,0,0,1,0,12192.0,2,1,1,1,0,0,1,0,7.3,271.1,0,0,0,0,0,1
35300,36.828,0.0,0,0,1,0,39.552,0.0,0,0,1,0,13.817,0.658,1,30.47,0,0,1,1,0,0,1,0,0,1,0,12192.0,2,1,1,1,0,0,1,0,7.3,269.2,0,0,0,0,0,1
35400,36.828,0.0,0,0,1,0,39.552,0.0,0,0,1,0,13.878,0.612,1,30.48,0,0,1,1,0,0,1,0,0,1,0,12192.0,2,1,1,1,0,0,1,0,7.8,263.7,0,0,0,0,0,1
35500,36.828,0.0,0,0,1,0,39.552,0.0,0,0,1,0,13.935,0.565,1,30.64,0,0,1,1,0,0,1,0,0,1,0,12192.0,2,1,1,1,0,0,1,0,7.7,272.2,0,0,0,0,0,1
35600,36.828,0.0,0,0,1,0,39.552,0.0,0,0,1,0,13.987,0.519,1,30.37,0,0,1,1,0,0,1,0,0,1,0,12192.0,2,1,1,1,0,0,1,0,7.6,273.0,0,0,0,0,0,1
35700,36.828,0.0,0,0,1,0,39.552,0.0,0,0,1,0,14.034,0.473,1,30.48,0,0,1,1,0,0,1,0,0,1,0,12192.0,2,1,1,1,0,0,1,0,8.2,269.5,0,0,0,0,0,1
35800,36.828,0.0,0,0,1,0,39.552,0.0,0,0,1,0,14.077,0.426,1,30.6,0,0,1,1,0,0,1,0,0,1,0,12192.0,2,1,1,1,0,0,1,0,8.0,271.4,0,0,0,0,0,1
35900,36.828,0.0,0,0,1,0,39.552,0.0,0,0,1,0,14.115,0.38,1,30.51,0,0,1,1,0,0,1,0,0,1,0,12192.0,2,1,1,1,0,0,1,0,8.0,266.4,0,0,0,0,0,1
36000,36.828,0.0,0,0,1,0,39.552,0.0,0,0,1,0,14.148,0.334,1,30.49,0,0,1,1,0,0,1,0,0,1,0,12192.0,2,1,1,1,0,0,1,0,7.4,269.9,0,0,0,0,0,1
36100,36.828,0.0,0,0,1,0,39.552,0.0,0,0,1,0,14.177,0.287,1,30.45,0,0,1,1,0,0,1,0,0,1,0,12192.0,2,1,1,1,0,0,1,0,7.7,269.8,0,0,0,0,0,1
36200,36.828,0.0,0,0,1,0,39.552,0.0,0,0,1,0,14.201,0.241,1,30.41,0,0,1,1,0,0,1,0,0,1,0,12192.0,2,1,1,1,0,0,1,0,8.2,269.7,0,0,0,0,0,1
36300,36.828,0.0,0,0,1,0,39.552,0.0,0,0,1,0,14.22,0.194,1,30.42,0,0,1,1,0,0,1,0,0,1,0,12192.0,2,1,1,1,0,0,1,0,8.2,270.9,0,0,0,0,0,1
36400,36.828,0.0,0,0,1,0,39.552,0.0,0,0,1,0,14.235,0.148,1,30.55,0,0,1,1,0,0,1,0,0,1,0,12192.0,2,1,1,1,0,0,1,0,7.4,269.4,0,0,0,0,0,1
36500,36.828,0.0,0,0,1,0,39.552,0.0,0,0,1,0,14.251,0.154,1,33.55,0,0,1,1,0,0,1,0,0,1,0,12192.0,2,1,1,1,0,0,1,0,8.4,270.3,0,0,0,0,0,1
36600,36.828,0.0,0,0,1,0,39.552,0.0,0,0,1,0,14.26,0.098,1,30.45,0,0,1,1,0,0,1,0,0,1,0,12192.0,2,1,1,1,0,0,1,0,9.0,270.1,0,0,0,0,0,1
36700,36.828,0.0,0,0,0,0,39.552,0.0,0,0,0,0,14.265,0.0,0,31.97,0,0,0,0,0,0,1,0,0,1,0,12192.0,2,1,1,0,1,0,1,0,8.4,269.9,0,0,0,0,0,1
36800,36.828,0.0,0,0,1,0,39.545,-0.062,0,1,1,0,14.265,0.0,0,32.12,0,0,0,1,0,0,1,0,0,1,0,12192.0,2,1,1,1,0,0,1,0,8.1,271.0,0,0,0,0,0,1
36900,36.828,0.0,0,0,1,0,39.533,-0.124,0,1,1,0,14.265,0.0,0,32.25,0,0,0,1,0,0,1,0,0,1,0,12192.0,2,1,1,1,0,0,1,0,8.0,269.4,0,0,0,0,0,1
37000,36.828,0.0,0,0,1,0,39.514,-0.186,0,1,1,0,14.265,0.0,0,32.05,0,0,0,1,0,0,1,0,0,1,0,12192.0,2,1,1,1,0,0,1,0,8.4,270.4,0,0,0,0,0,1
37100,36.828,0.0,0,0,1,0,39.489,-0.248,0,1,1,0,14.265,0.0,0,32.02,0,0,0,1,0,0,1,0,0,1,0,12192.0,2,1,1,1,0,0,1,0,8.9,269.0,0,0,0,0,0,1
37200,36.828,0.0,0,0,1,0,39.458,-0.31,0,1,1,0,14.265,0.0,0,32.02,0,0,0,1,0,0,1,0,0,1,0,12192.0,2,1,1,1,0,0,1,0,8.6,266.7,0,0,0,0,0,1
37300,36.828,0.0,0,0,1,0,39.421,-0.373,0,1,1,0,14.265,0.0,0,32.12,0,0,0,1,0,0,1,0,0,1,0,12192.0,2,1,1,1,0,0,1,0,7.9,269.7,0,0,0,0,0,1
37400,36.828,0.0,0,0,1,0,39.378,-0.435,0,1,1,0,14.265,0.0,0,31.76,0,0,0,1,0,0,1,0,0,1,0,12192.0,2,1,1,1,0,0,1,0,8.6,275.5,0,0,0,0,0,1
37500,36.828,0.0,0,0,1,0,39.328,-0.497,0,1,1,0,14.265,0.0,0,32.05,0,0,0,1,0,0,1,0,0,1,0,12192.0,2,1,1,1,0,0,1,0,8.8,268.4,0,0,0,0,0,1
37600,36.828,0.0,0,0,1,0,39.272,-0.559,0,1,1,0,14.265,0.0,0,31.96,0,0,0,1,0,0,1,0,0,1,0,12192.0,2,1,1,1,0,0,1,0,9.3,267.4,0,0,0,0,0,1
37700,36.828,0.0,0,0,1,0,39.21,-0.621,0,1,1,0,14.265,0.0,0,32.3,0,0,0,1,0,0,1,0,0,1,0,12192.0,2,1,1,1,0,0,1,0,9.1,270.0,0,0,0,0,0,1
37800,36.828,0.0,0,0,1,0,39.142,-0.683,0,1,1,0,14.265,0.0,0,31.96,0,0,0,1,0,0,1,0,0,1,0,12192.0,2,1,1,1,0,0,1,0,8.7,268.9,0,0,0,0,0,1
37900,36.828,0.0,0,0,1,0,39.067,-0.745,0,1,1,0,14.265,0.0,0,31.86,0,0,0,1,0,0,1,0,0,1,0,12192.0,2,1,1,1,0,0,1,0,8.9,274.5,0,0,0,0,0,1
38000,36.828,0.0,0,0,1,0,38.987,-0.807,0,1,1,0,14.265,0.0,0,32.07,0,0,0,1,0,0,1,0,0,1,0,12192.0,2,1,1,1,0,0,1,0,8.5,269.2,0,0,0,0,0,1
38100,36.828,0.0,0,0,1,0,38.9,-0.869,0,1,1,0,14.265,0.0,0,31.96,0,0,0,1,0,0,1,0,0,1,0,12192.0,2,1,1,1,0,0,1,0,8.8,269.5,0,0,0,0,0,1
38200,36.828,0.0,0,0,1,0,38.807,-0.931,0,1,1,0,14.265,0.0,0,31.97,0,0,0,1,0,0,1,0,0,1,0,12192.0,2,1,1,1,0,0,1,0,9.3,267.9,0,0,0,0,0,1
38300,36.828,0.0,0,0,1,0,38.707,-0.993,0,1,1,0,14.265,0.0,0,31.92,0,0,0,1,0,0,1,0,0,1,0,12192.0,2,1,1,1,0,0,1,0,8.4,270.3,0,0,0,0,0,1
38400,36.828,0.0,0,0,1,0,38.602,-1.055,0,1,1,0,14.265,0.0,0,32.01,0,0,0,1,0,0,1,0,0,1,0,12192.0,2,1,1,1,0,0,1,0,8.5,268.7,0,0,0,0,0,1
38500,36.828,0.0,0,0,1,0,38.49,-1.118,0,1,1,0,14.265,0.0,0,32.19,0,0,0,1,0,0,1,0,0,1,0,12192.0,2,1,1,1,0,0,1,0,8.7,270.3,0,0,0,0,0,1
38600,36.828,0.0,0,0,1,0,38.372,-1.18,0,1,1,0,14.265,0.0,0,31.88,0,0,0,1,0,0,1,0,0,1,0,12192.0,2,1,1,1,0,0,1,0,8.0,273.0,0,0,0,0,0,1
38700,36.828,0.0,0,0,1,0,38.248,-1.242,0,1,1,0,14.265,0.0,0,32.02,0,0,0,1,0,0,1,0,0,1,0,12192.0,2,1,1,1,0,0,1,0,8.7,274.5,0,0,0,0,0,1
38800,36.828,0.0,0,0,1,0,38.117,-1.304,0,1,1,0,14.265,0.0,0,32.09,0,0,0,1,0,0,1,0,0,1,0,12192.0,2,1,1,1,0,0,1,0,8.6,268.0,0,0,0,0,0,1
38900,36.828,0.0,0,0,1,0,37.981,-1.366,0,1,1,0,14.265,0.0,0,31.96,0,0,0,1,0,0,1,0,0,1,0,12192.0,2,1,1,1,0,0,1,0,8.0,272.1,0,0,0,0,0,1
39000,36.828,0.0,0,0,1,0,37.838,-1.428,0,1,1,0,14.265,0.0,0,31.91,0,0,0,1,0,0,1,0,0,1,0,12192.0,2,1,1,1,0,0,1,0,8.9,273.1,0,0,0,0,0,1
39100,36.828,0.0,0,0,1,0,37.689,-1.49,0,1,1,0,14.265,0.0,0,32.14,0,0,0,1,0,0,1,0,0,1,0,12192.0,2,1,1,1,0,0,1,0,7.6,271.3,0,0,0,0,0,1
39200,36.828,0.0,0,0,1,0,37.534,-1.552,0,1,1,0,14.265,0.0,0,32.04,0,0,0,1,0,0,1,0,0,1,0,12192.0,2,1,1,1,0,0,1,0,8.1,270.5,0,0,0,0,0,1
39300,36.828,0.0,0,0,1,0,37.372,-1.614,0,1,1,0,14.265,0.0,0,31.88,0,0,0,1,0,0,1,0,0,1,0,12192.0,2,1,1,1,0,0,1,0,7.7,264.8,0,0,0,0,0,1
39400,36.828,0.0,0,0,1,0,37.205,-1.676,0,1,1,0,14.265,0.0,0,31.96,0,0,0,1,0,0,1,0,0,1,0,12192.0,2,1,1,1,0,0,1,0,8.8,276.8,0,0,0,0,0,1
39500,36.828,0.0,0,0,1,0,37.031,-1.738,0,1,1,0,14.265,0.0,0,31.76,0,0,0,1,0,0,1,0,0,1,0,12192.0,2,1,1,1,0,0,1,0,8.9,272.7,0,0,0,0,0,1
39600,36.828,0.0,0,0,1,0,36.851,-1.8,0,1,1,0,14.265,0.0,0,31.97,0,0,0,1,0,0,1,0,0,1,0,12192.0,2,1,1,1,0,0,1,0,8.6,270.8,0,0,0,0,0,1
39700,36.828,0.0,0,0,1,0,36.665,-1.863,0,1,1,0,14.265,0.0,0,32.15,0,0,0,1,0,0,1,0,0,1,0,12192.0,2,1,1,1,0,0,1,0,8.3,272.6,0,0,0,0,0,1
39800,36.828,0.0,0,0,1,0,36.472,-1.925,0,1,1,0,14.265,0.0,0,31.93,0,0,0,1,0,0,1,0,0,1,0,12192.0,2,1,1,1,0,0,1,0,8.3,271.2,0,0,0,0,0,1
39900,36.828,0.0,0,0,1,0,36.273,-1.987,0,1,1,0,14.265,0.0,0,31.83,0,0,0,1,0,0,1,0,0,1,0,12192.0,2,1,1,1,0,0,1,0,8.1,268.8,0,0,0,0,0,1
40000,36.828,0.0,0,0,1,0,36.069,-2.049,0,1,1,0,14.265,0.0,0,32.06,0,0,0,1,0,0,1,0,0,1,0,12192.0,2,1,1,1,0,0,1,0,7.7,269.0,0,0,0,0,0,1
40100,36.828,0.0,0,0,1,0,35.858,-2.111,0,1,1,0,14.265,0.0,0,32.31,0,0,0,1,0,0,1,0,0,1,0,12192.0,2,1,1,1,0,0,1,0,7.8,269.3,0,0,0,0,0,1
40200,36.828,0.0,0,0,1,0,35.64,-2.173,0,1,1,0,14.265,0.0,0,31.84,0,0,0,1,0,0,1,0,0,1,0,12192.0,2,1,1,1,0,0,1,0,7.3,269.2,0,0,0,0,0,1
40300,36.828,0.0,0,0,1,0,35.417,-2.235,0,1,1,0,14.265,0.0,0,31.82,0,0,0,1,0,0,1,0,0,1,0,12192.0,2,1,1,1,0,0,1,0,7.8,268.7,0,0,0,0,0,1
40400,36.828,0.0,0,0,1,0,35.187,-2.297,0,1,1,0,14.265,0.0,0,31.91,0,0,0,1,0,0,1,0,0,1,0,12192.0,2,1,1,1,0,0,1,0,8.5,272.4,0,0,0,0,0,1
40500,36.828,0.0,0,0,1,0,34.951,-2.359,0,1,1,0,14.265,0.0,0,32.08,0,0,0,1,0,0,1,0,0,1,0,12192.0,2,1,1,1,0,0,1,0,8.4,267.5,0,0,0,0,0,1
40600,36.828,0.0,0,0,1,0,34.709,-2.421,0,1,1,0,14.265,0.0,0,31.79,0,0,0,1,0,0,1,0,0,1,0,12192.0,2,1,1,1,0,0,1,0,7.9,269.7,0,0,0,0,0,1
40700,36.828,0.0,0,0,1,0,34.461,-2.483,0,1,1,0,14.265,0.0,0,32.09,0,0,0,1,0,0,1,0,0,1,0,12192.0,2,1,1,1,0,0,1,0,9.0,271.3,0,0,0,0,0,1
40800,36.828,0.0,0,0,1,0,34.206,-2.545,0,1,1,0,14.265,0.0,0,32.05,0,0,0,1,0,0,1,0,0,1,0,12192.0,2,1,1,1,0,0,1,0,7.9,266.5,0,0,0,0,0,1
40900,36.828,0.0,0,0,1,0,33.945,-2.608,0,1,1,0,14.265,0.0,0,32.22,0,0,0,1,0,0,1,0,0,1,0,12192.0,2,1,1,1,0,0,1,0,7.0,270.7,0,0,0,0,0,1
41000,36.828,0.0,0,0,1,0,33.678,-2.67,0,1,1,0,14.265,0.0,0,32.12,0,0,0,1,0,0,1,0,0,1,0,12192.0,2,1,1,1,0,0,1,0,7.5,269.8,0,0,0,0,0,1
41100,36.828,0.0,0,0,1,0,33.405,-2.732,0,1,1,0,14.265,0.0,0,31.99,0,0,0,1,0,0,1,0,0,1,0,12192.0,2,1,1,1,0,0,1,0,8.4,271.3,0,0,0,0,0,1
41200,36.828,0.0,0,0,1,0,33.126,-2.794,0,1,1,0,14.265,0.0,0,31.96,0,0,0,1,0,0,1,0,0,1,0,12192.0,2,1,1,1,0,0,1,0,7.3,271.2,0,0,0,0,0,1
41300,36.828,0.0,0,0,1,0,32.84,-2.856,0,1,1,0,14.265,0.0,0,31.88,0,0,0,1,0,0,1,0,0,1,0,12192.0,2,1,1,1,0,0,1,0,8.0,270.1,0,0,0,0,0,1
41400,36.828,0.0,0,0,1,0,32.548,-2.918,0,1,1,0,14.265,0.0,0,32.08,0,0,0,1,0,0,1,0,0,1,0,12192.0,2,1,1,1,0,0,1,0,7.3,270.8,0,0,0,0,0,1
41500,36.828,0.0,0,0,1,0,32.25,-2.98,0,1,1,0,14.265,0.0,0,31.93,0,0,0,1,0,0,1,0,0,1,0,12192.0,2,1,1,1,0,0,1,0,7.3,269.0,0,0,0,0,0,1
41600,36.828,0.0,0,0,1,0,31.946,-3.042,0,1,1,0,14.265,0.0,0,32.0,0,0,0,1,0,0,1,0,0,1,0,12192.0,2,1,1,1,0,0,1,0,7.5,271.8,0,0,0,0,0,1
41700,36.828,0.0,0,0,1,0,31.636,-3.104,0,1,1,0,14.265,0.0,0,32.01,0,0,0,1,0,0,1,0,0,1,0,12192.0,2,1,1,1,0,0,1,0,7.4,264.8,0,0,0,0,0,1
41800,36.828,0.0,0,0,1,0,31.319,-3.166,0,1,1,0,14.265,0.0,0,31.91,0,0,0,1,0,0,1,0,0,1,0,12192.0,2,1,1,1,0,0,1,0,8.1,267.9,0,0,0,0,0,1
41900,36.828,0.0,0,0,1,0,30.996,-3.228,0,1,1,0,14.265,0.0,0,31.99,0,0,0,1,0,0,1,0,0,1,0,12192.0,2,1,1,1,0,0,1,0,7.0,270.9,0,0,0,0,0,1
42000,36.828,0.0,0,0,1,0,30.667,-3.29,0,1,1,0,14.265,0.0,0,31.99,0,0,0,1,0,0,1,0,0,1,0,12192.0,2,1,1,1,0,0,1,0,7.2,267.1,0,0,0,0,0,1
42100,36.828,0.0,0,0,1,0,30.332,-3.353,0,1,1,0,14.265,0.0,0,32.05,0,0,0,1,0,0,1,0,0,1,0,12192.0,2,1,1,1,0,0,1,0,7.4,273.8,0,0,0,0,0,1
42200,36.828,0.0,0,0,1,0,29.991,-3.415,0,1,1,0,14.265,0.0,0,31.87,0,0,0,1,0,0,1,0,0,1,0,12192.0,2,1,1,1,0,0,1,0,7.9,273.6,0,0,0,0,0,1
42300,36.828,0.0,0,0,1,0,29.643,-3.477,0,1,1,0,14.265,0.0,0,31.77,0,0,0,1,0,0,1,0,0,1,0,12192.0,2,1,1,1,0,0,1,0,7.8,270.7,0,0,0,0,0,1
42400,36.828,0.0,0,0,1,0,29.289,-3.539,0,1,1,0,14.265,0.0,0,31.93,0,0,0,1,0,0,1,0,0,1,0,12192.0,2,1,1,1,0,0,1,0,7.5,269.6,0,0,0,0,0,1
42500,36.828,0.0,0,0,1,0,28.935,-3.539,0,1,1,0,14.265,0.0,0,32.1,0,0,0,1,0,0,1,0,0,1,0,12192.0,2,1,1,1,0,0,1,0,7.6,270.1,0,0,0,0,0,1
42600,36.828,0.0,0,0,1,0,28.581,-3.539,0,1,1,0,14.265,0.0,0,31.88,0,0,0,1,0,0,1,0,0,1,0,12192.0,2,1,1,1,0,0,1,0,7.6,272.9,0,0,0,0,0,1
42700,36.828,0.0,0,0,1,0,28.227,-3.539,0,1,1,0,14.265,0.0,0,31.87,0,0,0,1,0,0,1,0,0,1,0,12192.0,2,1,1,1,0,0,1,0,7.9,268.3,0,0,0,0,0,1
42800,36.828,0.0,0,0,1,0,27.874,-3.539,0,1,1,0,14.265,0.0,0,32.04,0,0,0,1,0,0,1,0,0,1,0,12192.0,2,1,1,1,0,0,1,0,7.3,269.0,0,0,0,0,0,1
42900,36.828,0.0,0,0,1,0,27.52,-3.539,0,1,1,0,14.265,0.0,0,32.06,0,0,0,1,0,0,1,0,0,1,0,12192.0,2,1,1,1,0,0,1,0,7.2,268.9,0,0,0,0,0,1
43000,36.828,0.0,0,0,1,0,27.166,-3.539,0,1,1,0,14.265,0.0,0,31.9,0,0,0,1,0,0,1,0,0,1,0,12192.0,2,1,1,1,0,0,1,0,7.1,271.8,0,0,0,0,0,1
43100,36.828,0.0,0,0,1,0,26.812,-3.539,0,1,1,0,14.265,0.0,0,31.94,0,0,0,1,0,0,1,0,0,1,0,12192.0,2,1,1,1,0,0,1,0,7.2,272.1,0,0,0,0,0,1
43200,36.828,0.0,0,0,1,0,26.458,-3.539,0,1,1,0,14.265,0.0,0,31.95,0,0,0,1,0,0,1,0,0,1,0,12192.0,2,1,1,1,0,0,1,0,7.3,271.1,0,0,0,0,0,1
43300,36.828,0.0,0,0,1,0,26.104,-3.539,0,1,1,0,14.265,0.0,0,32.12,0,0,0,1,0,0,1,0,0,1,0,12192.0,2,1,1,1,0,0,1,0,8.0,272.9,0,0,0,0,0,1
43400,36.828,0.0,0,0,1,0,25.75,-3.539,0,1,1,0,14.265,0.0,0,31.8,0,0,0,1,0,0,1,0,0,1,0,12192.0,2,1,1,1,0,0,1,0,7.6,265.4,0,0,0,0,0,1
43500,36.828,0.0,0,0,1,0,25.397,-3.539,0,1,1,0,14.265,0.0,0,31.87,0,0,0,1,0,0,1,0,0,1,0,12192.0,2,1,1,1,0,0,1,0,8.0,268.1,0,0,0,0,0,1
43600,36.828,0.0,0,0,1,0,25.043,-3.539,0,1,1,0,14.265,0.0,0,31.92,0,0,0,1,0,0,1,0,0,1,0,12192.0,2,1,1,1,0,0,1,0,7.8,268.1,0,0,0,0,0,1
43700,36.828,0.0,0,0,1,0,24.689,-3.539,0,1,1,0,14.265,0.0,0,32.12,0,0,0,1,0,0,1,0,0,1,0,12192.0,2,1,1,1,0,0,1,0,7.4,268.9,0,0,0,0,0,1
43800,36.828,0.0,0,0,1,0,24.335,-3.539,0,1,1,0,14.265,0.0,0,31.98,0,0,0,1,0,0,1,0,0,1,0,12192.0,2,1,1,1,0,0,1,0,7.7,268.5,0,0,0,0,0,1
43900,36.828,0.0,0,0,1,0,23.981,-3.539,0,1,1,0,14.265,0.0,0,31.8,0,0,0,1,0,0,1,0,0,1,0,12192.0,2,1,1,1,0,0,1,0,7.7,269.4,0,0,0,0,0,1
44000,36.828,0.0,0,0,1,0,23.627,-3.539,0,1,1,0,14.265,0.0,0,32.13,0,0,0,1,0,0,1,0,0,1,0,12192.0,2,1,1,1,0,0,1,0,8.6,266.7,0,0,0,0,0,1
44100,36.828,0.0,0,0,1,0,23.273,-3.539,0,1,1,0,14.265,0.0,0,31.99,0,0,0,1,0,0,1,0,0,1,0,12192.0,2,1,1,1,0,0,1,0,7.9,272.0,0,0,0,0,0,1
44200,36.828,0.0,0,0,1,0,22.919,-3.539,0,1,1,0,14.265,0.0,0,31.92,0,0,0,1,0,0,1,0,0,1,0,12192.0,2,1,1,1,0,0,1,0,7.5,269.2,0,0,0,0,0,1
44300,36.828,0.0,0,0,1,0,22.566,-3.539,0,1,1,0,14.265,0.0,0,32.32,0,0,0,1,0,0,1,0,0,1,0,12192.0,2,1,1,1,0,0,1,0,7.4,268.6,0,0,0,0,0,1
44400,36.828,0.0,0,0,1,0,22.212,-3.539,0,1,1,0,14.265,0.0,0,31.96,0,0,0,1,0,0,1,0,0,1,0,12192.0,2,1,1,1,0,0,1,0,8.2,267.1,0,0,0,0,0,1
44500,36.828,0.0,0,0,1,0,21.858,-3.539,0,1,1,0,14.265,0.0,0,32.15,0,0,0,1,0,0,1,0,0,1,0,12192.0,2,1,1,1,0,0,1,0,7.9,268.4,0,0,0,0,0,1
44600,36.828,0.0,0,0,1,0,21.504,-3.539,0,1,1,0,14.265,0.0,0,32.1,0,0,0,1,0,0,1,0,0,1,0,12192.0,2,1,1,1,0,0,1,0,8.5,266.9,0,0,0,0,0,1
44700,36.828,0.0,0,0,1,0,21.15,-3.539,0,1,1,0,14.265,0.0,0,32.28,0,0,0,1,0,0,1,0,0,1,0,12192.0,2,1,1,1,0,0,1,0,8.6,271.8,0,0,0,0,0,1
44800,36.828,0.0,0,0,1,0,20.796,-3.539,0,1,1,0,14.265,0.0,0,32.07,0,0,0,1,0,0,1,0,0,1,0,12192.0,2,1,1,1,0,0,1,0,7.7,274.1,0,0,0,0,0,1
44900,36.828,0.0,0,0,1,0,20.442,-3.539,0,1,1,0,14.265,0.0,0,32.11,0,0,0,1,0,0,1,0,0,1,0,12192.0,2,1,1,1,0,0,1,0,8.0,271.6,0,0,0,0,0,1
45000,36.828,0.0,0,0,1,0,20.089,-3.539,0,1,1,0,14.265,0.0,0,31.94,0,0,0,1,0,0,1,0,0,1,0,12192.0,2,1,1,1,0,0,1,0,8.2,270.2,0,0,0,0,0,1
45100,36.828,0.0,0,0,1,0,19.735,-3.539,0,1,1,0,14.265,0.0,0,32.1,0,0,0,1,0,0,1,0,0,1,0,12192.0,2,1,1,1,0,0,1,0,8.0,269.6,0,0,0,0,0,1
45200,36.828,0.0,0,0,1,0,19.381,-3.539,0,1,1,0,14.265,0.0,0,31.87,0,0,0,1,0,0,1,0,0,1,0,12192.0,2,1,1,1,0,0,1,0,8.7,269.5,0,0,0,0,0,1
45300,36.828,0.0,0,0,1,0,19.027,-3.539,0,1,1,0,14.265,0.0,0,32.13,0,0,0,1,0,0,1,0,0,1,0,12192.0,2,1,1,1,0,0,1,0,8.6,268.8,0,0,0,0,0,1
45400,36.828,0.0,0,0,1,0,18.673,-3.539,0,1,1,0,14.265,0.0,0,32.17,0,0,0,1,0,0,1,0,0,1,0,12192.0,2,1,1,1,0,0,1,0,8.8,268.4,0,0,0,0,0,1
45500,36.828,0.0,0,0,1,0,18.319,-3.539,0,1,1,0,14.265,0.0,0,31.96,0,0,0,1,0,0,1,0,0,1,0,12192.0,2,1,1,1,0,0,1,0,9.0,266.8,0,0,0,0,0,1
45600,36.828,0.0,0,0,1,0,17.965,-3.539,0,1,1,0,14.265,0.0,0,32.09,0,0,0,1,0,0,1,0,0,1,0,12192.0,2,1,1,1,0,0,1,0,9.0,265.0,0,0,0,0,0,1
45700,36.828,0.0,0,0,1,0,17.612,-3.539,0,1,1,0,14.265,0.0,0,31.96,0,0,0,1,0,0,1,0,0,1,0,12192.0,2,1,1,1,0,0,1,0,7.9,274.4,0,0,0,0,0,1
45800,36.828,0.0,0,0,1,0,17.264,-3.477,0,1,1,0,14.265,0.0,0,31.82,0,0,0,1,0,0,1,0,0,1,0,12192.0,2,1,1,1,0,0,1,0,7.7,269.2,0,0,0,0,0,1
45900,36.828,0.0,0,0,1,0,16.922,-3.414,0,1,1,0,14.265,0.0,0,32.04,0,0,0,1,0,0,1,0,0,1,0,12192.0,2,1,1,1,0,0,1,0,7.9,266.4,0,0,0,0,0,1
46000,36.828,0.0,0,0,1,0,16.587,-3.352,0,1,1,0,14.265,0.0,0,31.92,0,0,0,1,0,0,1,0,0,1,0,12192.0,2,1,1,1,0,0,1,0,8.2,270.2,0,0,0,0,0,1
46100,36.828,0.0,0,0,1,0,16.258,-3.29,0,1,1,0,14.265,0.0,0,31.97,0,0,0,1,0,0,1,0,0,1,0,12192.0,2,1,1,1,0,0,1,0,8.9,270.7,0,0,0,0,0,1
46200,36.828,0.0,0,0,1,0,15.935,-3.228,0,1,1,0,14.265,0.0,0,32.1,0,0,0,1,0,0,1,0,0,1,0,12192.0,2,1,1,1,0,0,1,0,8.5,263.1,0,0,0,0,0,1
46300,36.828,0.0,0,0,1,0,15.619,-3.166,0,1,1,0,14.265,0.0,0,32.08,0,0,0,1,0,0,1,0,0,1,0,12192.0,2,1,1,1,0,0,1,0,8.3,267.6,0,0,0,0,0,1
46400,36.828,0.0,0,0,1,0,15.308,-3.104,0,1,1,0,14.265,0.0,0,32.12,0,0,0,1,0,0,1,0,0,1,0,12192.0,2,1,1,1,0,0,1,0,8.3,271.6,0,0,0,0,0,1
46500,36.828,0.0,0,0,1,0,15.004,-3.042,0,1,1,0,14.265,0.0,0,32.07,0,0,0,1,0,0,1,0,0,1,0,12192.0,2,1,1,1,0,0,1,0,8.6,265.3,0,0,0,0,0,1
46600,36.828,0.0,0,0,1,0,14.706,-2.98,0,1,1,0,14.265,0.0,0,31.92,0,0,0,1,0,0,1,0,0,1,0,12192.0,2,1,1,1,0,0,1,0,8.5,273.3,0,0,0,0,0,1
46700,36.828,0.0,0,0,1,0,14.414,-2.918,0,1,1,0,14.265,0.0,0,31.97,0,0,0,1,0,0,1,0,0,1,0,12192.0,2,1,1,1,0,0,1,0,8.5,272.3,0,0,0,0,0,1
46800,36.828,0.0,0,0,1,0,14.129,-2.856,0,1,1,0,14.265,0.0,0,32.13,0,0,0,1,0,0,1,0,0,1,0,12192.0,2,1,1,1,0,0,1,0,9.2,271.4,0,0,0,0,0,1
46900,36.828,0.0,0,0,1,0,13.849,-2.794,0,1,1,0,14.265,0.0,0,32.04,0,0,0,1,0,0,1,0,0,1,0,12192.0,2,1,1,1,0,0,1,0,8.3,272.3,0,0,0,0,0,1
47000,36.828,0.0,0,0,1,0,13.576,-2.732,0,1,1,0,14.265,0.0,0,32.06,0,0,0,1,0,0,1,0,0,1,0,12192.0,2,1,1,1,0,0,1,0,8.7,269.0,0,0,0,0,0,1
47100,36.828,0.0,0,0,1,0,13.309,-2.669,0,1,1,0,14.265,0.0,0,32.05,0,0,0,1,0,0,1,0,0,1,0,12192.0,2,1,1,1,0,0,1,0,9.0,272.0,0,0,0,0,0,1
47200,36.828,0.0,0,0,1,0,13.049,-2.607,0,1,1,0,14.265,0.0,0,31.77,0,0,0,1,0,0,1,0,0,1,0,12192.0,2,1,1,1,0,0,1,0,8.2,269.4,0,0,0,0,0,1
47300,36.828,0.0,0,0,1,0,12.794,-2.545,0,1,1,0,14.265,0.0,0,32.07,0,0,0,1,0,0,1,0,0,1,0,12192.0,2,1,1,1,0,0,1,0,9.2,270.2,0,0,0,0,0,1
47400,36.828,0.0,0,0,1,0,12.546,-2.483,0,1,1,0,14.265,0.0,0,31.94,0,0,0,1,0,0,1,0,0,1,0,12192.0,2,1,1,1,0,0,1,0,8.8,275.9,0,0,0,0,0,1
47500,36.828,0.0,0,0,1,0,12.304,-2.421,0,1,1,0,14.265,0.0,0,31.91,0,0,0,1,0,0,1,0,0,1,0,12192.0,2,1,1,1,0,0,1,0,8.6,270.7,0,0,0,0,0,1
47600,36.828,0.0,0,0,1,0,12.068,-2.359,0,1,1,0,14.265,0.0,0,32.0,0,0,0,1,0,0,1,0,0,1,0,12192.0,2,1,1,1,0,0,1,0,8.3,271.7,0,0,0,0,0,1
47700,36.828,0.0,0,0,1,0,11.838,-2.297,0,1,1,0,14.265,0.0,0,31.89,0,0,0,1,0,0,1,0,0,1,0,12192.0,2,1,1,1,0,0,1,0,8.4,270.7,0,0,0,0,0,1
47800,36.828,0.0,0,0,1,0,11.615,-2.235,0,1,1,0,14.265,0.0,0,32.09,0,0,0,1,0,0,1,0,0,1,0,12192.0,2,1,1,1,0,0,1,0,9.2,265.5,0,0,0,0,0,1
47900,36.828,0.0,0,0,1,0,11.397,-2.173,0,1,1,0,14.265,0.0,0,32.21,0,0,0,1,0,0,1,0,0,1,0,12192.0,2,1,1,1,0,0,1,0,9.0,269.2,0,0,0,0,0,1
48000,36.828,0.0,0,0,1,0,11.186,-2.111,0,1,1,0,14.265,0.0,0,32.03,0,0,0,1,0,0,1,0,0,1,0,12192.0,2,1,1,1,0,0,1,0,9.2,267.5,0,0,0,0,0,1
48100,36.828,0.0,0,0,1,0,10.981,-2.049,0,1,1,0,14.265,0.0,0,32.15,0,0,0,1,0,0,1,0,0,1,0,12192.0,2,1,1,1,0,0,1,0,8.4,274.5,0,0,0,0,0,1
48200,36.828,0.0,0,0,1,0,10.783,-1.987,0,1,1,0,14.265,0.0,0,32.0,0,0,0,1,0,0,1,0,0,1,0,12192.0,2,1,1,1,0,0,1,0,8.5,265.5,0,0,0,0,0,1
48300,36.828,0.0,0,0,1,0,10.59,-1.924,0,1,1,0,14.265,0.0,0,32.1,0,0,0,1,0,0,1,0,0,1,0,12192.0,2,1,1,1,0,0,1,0,7.3,272.2,0,0,0,0,0,1
48400,36.828,0.0,0,0,1,0,10.404,-1.862,0,1,1,0,14.265,0.0,0,31.68,0,0,0,1,0,0,1,0,0,1,0,12192.0,2,1,1,1,0,0,1,0,8.4,270.3,0,0,0,0,0,1
48500,36.828,0.0,0,0,1,0,10.224,-1.8,0,1,1,0,14.265,0.0,0,32.23,0,0,0,1,0,0,1,0,0,1,0,12192.0,2,1,1,1,0,0,1,0,9.0,271.3,0,0,0,0,0,1
48600,36.828,0.0,0,0,1,0,10.05,-1.738,0,1,1,0,14.265,0.0,0,31.95,0,0,0,1,0,0,1,0,0,1,0,12192.0,2,1,1,1,0,0,1,0,7.7,272.2,0,0,0,0,0,1
48700,36.828,0.0,0,0,1,0,9.883,-1.676,0,1,1,0,14.265,0.0,0,32.06,0,0,0,1,0,0,1,0,0,1,0,12192.0,2,1,1,1,0,0,1,0,8.1,272.2,0,0,0,0,0,1
48800,36.828,0.0,0,0,1,0,9.721,-1.614,0,1,1,0,14.265,0.0,0,32.03,0,0,0,1,0,0,1,0,0,1,0,12192.0,2,1,1,1,0,0,1,0,7.6,268.9,0,0,0,0,0,1
48900,36.828,0.0,0,0,1,0,9.566,-1.552,0,1,1,0,14.265,0.0,0,31.83,0,0,0,1,0,0,1,0,0,1,0,12192.0,2,1,1,1,0,0,1,0,9.0,270.1,0,0,0,0,0,1
49000,36.828,0.0,0,0,1,0,9.417,-1.49,0,1,1,0,14.265,0.0,0,32.14,0,0,0,1,0,0,1,0,0,1,0,12192.0,2,1,1,1,0,0,1,0,8.8,271.1,0,0,0,0,0,1
49100,36.828,0.0,0,0,1,0,9.274,-1.428,0,1,1,0,14.265,0.0,0,32.06,0,0,0,1,0,0,1,0,0,1,0,12192.0,2,1,1,1,0,0,1,0,7.8,270.1,0,0,0,0,0,1
49200,36.828,0.0,0,0,1,0,9.138,-1.366,0,1,1,0,14.265,0.0,0,32.26,0,0,0,1,0,0,1,0,0,1,0,12192.0,2,1,1,1,0,0,1,0,8.6,272.2,0,0,0,0,0,1
49300,36.828,0.0,0,0,1,0,9.007,-1.304,0,1,1,0,14.265,0.0,0,32.14,0,0,0,1,0,0,1,0,0,1,0,12192.0,2,1,1,1,0,0,1,0,8.4,269.1,0,0,0,0,0,1
49400,36.828,0.0,0,0,1,0,8.883,-1.241,0,1,1,0,14.265,0.0,0,31.96,0,0,0,1,0,0,1,0,0,1,0,12192.0,2,1,1,1,0,0,1,0,8.4,272.2,0,0,0,0,0,1
49500,36.828,0.0,0,0,1,0,8.765,-1.179,0,1,1,0,14.265,0.0,0,32.07,0,0,0,1,0,0,1,0,0,1,0,12192.0,2,1,1,1,0,0,1,0,8.3,264.4,0,0,0,0,0,1
49600,36.828,0.0,0,0,1,0,8.654,-1.117,0,1,1,0,14.265,0.0,0,32.05,0,0,0,1,0,0,1,0,0,1,0,12192.0,2,1,1,1,0,0,1,0,8.5,271.6,0,0,0,0,0,1
49700,36.828,0.0,0,0,1,0,8.548,-1.055,0,1,1,0,14.265,0.0,0,31.95,0,0,0,1,0,0,1,0,0,1,0,12192.0,2,1,1,1,0,0,1,0,7.5,266.2,0,0,0,0,0,1
49800,36.828,0.0,0,0,1,0,8.449,-0.993,0,1,1,0,14.265,0.0,0,32.09,0,0,0,1,0,0,1,0,0,1,0,12192.0,2,1,1,1,0,0,1,0,7.8,272.5,0,0,0,0,0,1
49900,36.828,0.0,0,0,1,0,8.356,-0.931,0,1,1,0,14.265,0.0,0,31.95,0,0,0,1,0,0,1,0,0,1,0,12192.0,2,1,1,1,0,0,1,0,8.1,274.1,0,0,0,0,0,1
50000,36.828,0.0,0,0,1,0,8.269,-0.869,0,1,1,0,14.265,0.0,0,32.09,0,0,0,1,0,0,1,0,0,1,0,12192.0,2,1,1,1,0,0,1,0,7.9,269.3,0,0,0,0,0,1
50100,36.828,0.0,0,0,1,0,8.188,-0.807,0,1,1,0,14.265,0.0,0,32.05,0,0,0,1,0,0,1,0,0,1,0,12192.0,2,1,1,1,0,0,1,0,7.9,270.5,0,0,0,0,0,1
50200,36.828,0.0,0,0,1,0,8.114,-0.745,0,1,1,0,14.265,0.0,0,31.88,0,0,0,1,0,0,1,0,0,1,0,12192.0,2,1,1,1,0,0,1,0,7.5,267.4,0,0,0,0,0,1
50300,36.828,0.0,0,0,1,0,8.045,-0.683,0,1,1,0,14.265,0.0,0,32.18,0,0,0,1,0,0,1,0,0,1,0,12192.0,2,1,1,1,0,0,1,0,6.6,271.0,0,0,0,0,0,1
50400,36.828,0.0,0,0,1,0,7.983,-0.621,0,1,1,0,14.265,0.0,0,32.05,0,0,0,1,0,0,1,0,0,1,0,12192.0,2,1,1,1,0,0,1,0,7.9,268.6,0,0,0,0,0,1
50500,36.828,0.0,0,0,1,0,7.927,-0.559,0,1,1,0,14.265,0.0,0,32.11,0,0,0,1,0,0,1,0,0,1,0,12192.0,2,1,1,1,0,0,1,0,7.2,271.8,0,0,0,0,0,1
50600,36.828,0.0,0,0,1,0,7.878,-0.496,0,1,1,0,14.265,0.0,0,32.05,0,0,0,1,0,0,1,0,0,1,0,12192.0,2,1,1,1,0,0,1,0,8.1,274.0,0,0,0,0,0,1
50700,36.828,0.0,0,0,1,0,7.834,-0.434,0,1,1,0,14.265,0.0,0,31.86,0,0,0,1,0,0,1,0,0,1,0,12192.0,2,1,1,1,0,0,1,0,7.7,264.1,0,0,0,0,0,1
50800,36.828,0.0,0,0,1,0,7.797,-0.372,0,1,1,0,14.265,0.0,0,31.99,0,0,0,1,0,0,1,0,0,1,0,12192.0,2,1,1,1,0,0,1,0,7.5,271.6,0,0,0,0,0,1
50900,36.828,0.0,0,0,1,0,7.766,-0.31,0,1,1,0,14.265,0.0,0,31.85,0,0,0,1,0,0,1,0,0,1,0,12192.0,2,1,1,1,0,0,1,0,7.7,270.8,0,0,0,0,0,1
51000,36.828,0.0,0,0,1,0,7.741,-0.248,0,1,1,0,14.265,0.0,0,32.1,0,0,0,1,0,0,1,0,0,1,0,12192.0,2,1,1,1,0,0,1,0,7.6,272.4,0,0,0,0,0,1
51100,36.828,0.0,0,0,1,0,7.723,-0.186,0,1,1,0,14.265,0.0,0,31.87,0,0,0,1,0,0,1,0,0,1,0,12192.0,2,1,1,1,0,0,1,0,7.6,269.2,0,0,0,0,0,1
51200,36.828,0.0,0,0,1,0,7.71,-0.124,0,1,1,0,14.265,0.0,0,32.02,0,0,0,1,0,0,1,0,0,1,0,12192.0,2,1,1,1,0,0,1,0,6.8,269.6,0,0,0,0,0,1
51300,36.828,0.0,0,0,0,0,7.704,0.0,0,0,0,0,14.265,0.0,0,31.94,0,0,0,0,0,0,1,0,0,1,0,12192.0,2,1,1,0,1,0,1,0,7.1,270.0,0,0,0,0,0,1
51400,36.828,0.0,0,0,1,0,7.704,0.0,0,0,1,0,14.26,-0.046,0,30.58,0,0,1,1,0,0,1,0,0,1,0,12192.0,2,1,1,1,0,0,1,0,7.2,268.7,0,0,0,0,0,1
51500,36.828,0.0,0,0,1,0,7.704,0.0,0,0,1,0,14.251,-0.093,0,30.36,0,0,1,1,0,0,1,0,0,1,0,12192.0,2,1,1,1,0,0,1,0,7.5,273.8,0,0,0,0,0,1
51600,36.828,0.0,0,0,1,0,7.704,0.0,0,0,1,0,14.237,-0.139,0,30.44,0,0,1,1,0,0,1,0,0,1,0,12192.0,2,1,1,1,0,0,1,0,7.0,266.6,0,0,0,0,0,1
51700,36.828,0.0,0,0,1,0,7.704,0.0,0,0,1,0,14.219,-0.186,0,30.48,0,0,1,1,0,0,1,0,0,1,0,12192.0,2,1,1,1,0,0,1,0,7.9,267.4,0,0,0,0,0,1
51800,36.828,0.0,0,0,1,0,7.704,0.0,0,0,1,0,14.195,-0.232,0,30.38,0,0,1,1,0,0,1,0,0,1,0,12192.0,2,1,1,1,0,0,1,0,7.9,270.6,0,0,0,0,0,1
51900,36.828,0.0,0,0,1,0,7.704,0.0,0,0,1,0,14.168,-0.278,0,30.46,0,0,1,1,0,0,1,0,0,1,0,12192.0,2,1,1,1,0,0,1,0,7.1,272.3,0,0,0,0,0,1
52000,36.828,0.0,0,0,1,0,7.704,0.0,0,0,1,0,14.135,-0.325,0,30.57,0,0,1,1,0,0,1,0,0,1,0,12192.0,2,1,1,1,0,0,1,0,6.7,262.1,0,0,0,0,0,1
52100,36.828,0.0,0,0,1,0,7.704,0.0,0,0,1,0,14.098,-0.371,0,30.5,0,0,1,1,0,0,1,0,0,1,0,12192.0,2,1,1,1,0,0,1,0,7.9,269.5,0,0,0,0,0,1
52200,36.828,0.0,0,0,1,0,7.704,0.0,0,0,1,0,14.056,-0.417,0,30.42,0,0,1,1,0,0,1,0,0,1,0,12192.0,2,1,1,1,0,0,1,0,6.5,266.4,0,0,0,0,0,1
52300,36.828,0.0,0,0,1,0,7.704,0.0,0,0,1,0,14.01,-0.464,0,30.5,0,0,1,1,0,0,1,0,0,1,0,12192.0,2,1,1,1,0,0,1,0,7.7,268.5,0,0,0,0,0,1
52400,36.828,0.0,0,0,1,0,7.704,0.0,0,0,1,0,13.959,-0.51,0,30.61,0,0,1,1,0,0,1,0,0,1,0,12192.0,2,1,1,1,0,0,1,0,7.0,273.1,0,0,0,0,0,1
52500,36.828,0.0,0,0,1,0,7.704,0.0,0,0,1,0,13.903,-0.557,0,30.58,0,0,1,1,0,0,1,0,0,1,0,12192.0,2,1,1,1,0,0,1,0,6.6,273.9,0,0,0,0,0,1
52600,36.828,0.0,0,0,1,0,7.704,0.0,0,0,1,0,13.843,-0.603,0,30.47,0,0,1,1,0,0,1,0,0,1,0,12192.0,2,1,1,1,0,0,1,0,7.2,267.8,0,0,0,0,0,1
52700,36.828,0.0,0,0,1,0,7.704,0.0,0,0,1,0,13.778,-0.649,0,30.45,0,0,1,1,0,0,1,0,0,1,0,12192.0,2,1,1,1,0,0,1,0,7.0,270.1,0,0,0,0,0,1
52800,36.828,0.0,0,0,1,0,7.704,0.0,0,0,1,0,13.708,-0.696,0,30.19,0,0,1,1,0,0,1,0,0,1,0,12192.0,2,1,1,1,0,0,1,0,7.0,272.2,0,0,0,0,0,1
52900,36.828,0.0,0,0,1,0,7.704,0.0,0,0,1,0,13.634,-0.742,0,30.55,0,0,1,1,0,0,1,0,0,1,0,12192.0,2,1,1,1,0,0,1,0,7.4,273.3,0,0,0,0,0,1
53000,36.828,0.0,0,0,1,0,7.704,0.0,0,0,1,0,13.555,-0.788,0,30.68,0,0,1,1,0,0,1,0,0,1,0,12192.0,2,1,1,1,0,0,1,0,7.5,268.8,0,0,0,0,0,1
53100,36.828,0.0,0,0,1,0,7.704,0.0,0,0,1,0,13.472,-0.835,0,30.46,0,0,1,1,0,0,1,0,0,1,0,12192.0,2,1,1,1,0,0,1,0,7.8,270.0,0,0,0,0,0,1
53200,36.828,0.0,0,0,1,0,7.704,0.0,0,0,1,0,13.384,-0.881,0,30.4,0,0,1,1,0,0,1,0,0,1,0,12192.0,2,1,1,1,0,0,1,0,7.3,272.1,0,0,0,0,0,1
53300,36.828,0.0,0,0,1,0,7.704,0.0,0,0,1,0,13.291,-0.928,0,30.39,0,0,1,1,0,0,1,0,0,1,0,12192.0,2,1,1,1,0,0,1,0,7.5,266.9,0,0,0,0,0,1
53400,36.828,0.0,0,0,1,0,7.704,0.0,0,0,1,0,13.194,-0.974,0,30.42,0,0,1,1,0,0,1,0,0,1,0,12192.0,2,1,1,1,0,0,1,0,7.5,272.4,0,0,0,0,0,1
53500,36.828,0.0,0,0,1,0,7.704,0.0,0,0,1,0,13.092,-1.02,0,30.53,0,0,1,1,0,0,1,0,0,1,0,12192.0,2,1,1,1,0,0,1,0,8.3,268.3,0,0,0,0,0,1
53600,36.828,0.0,0,0,1,0,7.704,0.0,0,0,1,0,12.985,-1.067,0,30.25,0,0,1,1,0,0,1,0,0,1,0,12192.0,2,1,1,1,0,0,1,0,7.7,269.4,0,0,0,0,0,1
53700,36.828,0.0,0,0,1,0,7.704,0.0,0,0,1,0,12.874,-1.113,0,30.64,0,0,1,1,0,0,1,0,0,1,0,12192.0,2,1,1,1,0,0,1,0,7.0,270.7,0,0,0,0,0,1
53800,36.828,0.0,0,0,1,0,7.704,0.0,0,0,1,0,12.758,-1.159,0,30.77,0,0,1,1,0,0,1,0,0,1,0,12192.0,2,1,1,1,0,0,1,0,8.5,271.7,0,0,0,0,0,1
53900,36.828,0.0,0,0,1,0,7.704,0.0,0,0,1,0,12.641,-1.168,0,30.42,0,0,1,1,0,0,1,0,0,1,0,12192.0,2,1,1,1,0,0,1,0,7.6,270.9,0,0,0,0,0,1
54000,36.828,0.0,0,0,1,0,7.704,0.0,0,0,1,0,12.524,-1.168,0,30.68,0,0,1,1,0,0,1,0,0,1,0,12192.0,2,1,1,1,0,0,1,0,8.8,269.5,0,0,0,0,0,1
54100,36.828,0.0,0,0,1,0,7.704,0.0,0,0,1,0,12.407,-1.168,0,30.6,0,0,1,1,0,0,1,0,0,1,0,12192.0,2,1,1,1,0,0,1,0,7.5,271.7,0,0,0,0,0,1
54200,36.828,0.0,0,0,1,0,7.704,0.0,0,0,1,0,12.29,-1.168,0,30.78,0,0,1,1,0,0,1,0,0,1,0,12192.0,2,1,1,1,0,0,1,0,8.4,269.6,0,0,0,0,0,1
54300,36.828,0.0,0,0,1,0,7.704,0.0,0,0,1,0,12.174,-1.168,0,30.48,0,0,1,1,0,0,1,0,0,1,0,12192.0,2,1,1,1,0,0,1,0,8.1,272.2,0,0,0,0,0,1
54400,36.828,0.0,0,0,1,0,7.704,0.0,0,0,1,0,12.057,-1.168,0,30.14,0,0,1,1,0,0,1,0,0,1,0,12192.0,2,1,1,1,0,0,1,0,8.6,270.7,0,0,0,0,0,1
54500,36.828,0.0,0,0,1,0,7.704,0.0,0,0,1,0,11.94,-1.168,0,30.4,0,0,1,1,0,0,1,0,0,1,0,12192.0,2,1,1,1,0,0,1,0,8.2,269.6,0,0,0,0,0,1
54600,36.828,0.0,0,0,1,0,7.704,0.0,0,0,1,0,11.823,-1.168,0,30.39,0,0,1,1,0,0,1,0,0,1,0,12192.0,2,1,1,1,0,0,1,0,9.3,271.9,0,0,0,0,0,1
54700,36.828,0.0,0,0,1,0,7.704,0.0,0,0,1,0,11.706,-1.168,0,30.72,0,0,1,1,0,0,1,0,0,1,0,12192.0,2,1,1,1,0,0,1,0,7.9,268.0,0,0,0,0,0,1
54800,36.828,0.0,0,0,1,0,7.704,0.0,0,0,1,0,11.589,-1.168,0,30.56,0,0,1,1,0,0,1,0,0,1,0,12192.0,2,1,1,1,0,0,1,0,8.5,268.7,0,0,0,0,0,1
54900,36.828,0.0,0,0,1,0,7.704,0.0,0,0,1,0,11.473,-1.168,0,30.32,0,0,1,1,0,0,1,0,0,1,0,12192.0,2,1,1,1,0,0,1,0,8.5,273.5,0,0,0,0,0,1
55000,36.828,0.0,0,0,1,0,7.704,0.0,0,0,1,0,11.356,-1.168,0,30.33,0,0,1,1,0,0,1,0,0,1,0,12192.0,2,1,1,1,0,0,1,0,8.5,272.4,0,0,0,0,0,1
55100,36.828,0.0,0,0,1,0,7.704,0.0,0,0,1,0,11.239,-1.168,0,30.44,0,0,1,1,0,0,1,0,0,1,0,12192.0,2,1,1,1,0,0,1,0,8.5,268.0,0,0,0,0,0,1
55200,36.828,0.0,0,0,1,0,7.704,0.0,0,0,1,0,11.122,-1.168,0,30.47,0,0,1,1,0,0,1,0,0,1,0,12192.0,2,1,1,1,0,0,1,0,8.1,265.5,0,0,0,0,0,1
55300,36.828,0.0,0,0,1,0,7.704,0.0,0,0,1,0,11.005,-1.168,0,30.48,0,0,1,1,0,0,1,0,0,1,0,12192.0,2,1,1,1,0,0,1,0,8.5,270.3,0,0,0,0,0,1
55400,36.828,0.0,0,0,1,0,7.704,0.0,0,0,1,0,10.888,-1.168,0,30.26,0,0,1,1,0,0,1,0,0,1,0,12192.0,2,1,1,1,0,0,1,0,8.1,271.5,0,0,0,0,0,1
55500,36.828,0.0,0,0,1,0,7.704,0.0,0,0,1,0,10.772,-1.168,0,30.37,0,0,1,1,0,0,1,0,0,1,0,12192.0,2,1,1,1,0,0,1,0,8.6,270.9,0,0,0,0,0,1
55600,36.828,0.0,0,0,1,0,7.704,0.0,0,0,1,0,10.655,-1.168,0,30.52,0,0,1,1,0,0,1,0,0,1,0,12192.0,2,1,1,1,0,0,1,0,8.3,274.8,0,0,0,0,0,1
55700,36.828,0.0,0,0,1,0,7.704,0.0,0,0,1,0,10.538,-1.168,0,30.54,0,0,1,1,0,0,1,0,0,1,0,12192.0,2,1,1,1,0,0,1,0,7.8,274.8,0,0,0,0,0,1
55800,36.828,0.0,0,0,1,0,7.704,0.0,0,0,1,0,10.421,-1.168,0,30.32,0,0,1,1,0,0,1,0,0,1,0,12192.0,2,1,1,1,0,0,1,0,9.1,276.0,0,0,0,0,0,1
55900,36.828,0.0,0,0,1,0,7.704,0.0,0,0,1,0,10.304,-1.168,0,30.54,0,0,1,1,0,0,1,0,0,1,0,12192.0,2,1,1,1,0,0,1,0,8.4,270.0,0,0,0,0,0,1
56000,36.828,0.0,0,0,1,0,7.704,0.0,0,0,1,0,10.187,-1.168,0,30.6,0,0,1,1,0,0,1,0,0,1,0,12192.0,2,1,1,1,0,0,1,0,8.5,271.7,0,0,0,0,0,1
56100,36.828,0.0,0,0,1,0,7.704,0.0,0,0,1,0,10.071,-1.168,0,30.19,0,0,1,1,0,0,1,0,0,1,0,12192.0,2,1,1,1,0,0,1,0,8.7,273.6,0,0,0,0,0,1
56200,36.828,0.0,0,0,1,0,7.704,0.0,0,0,1,0,9.954,-1.168,0,30.4,0,0,1,1,0,0,1,0,0,1,0,12192.0,2,1,1,1,0,0,1,0,8.7,267.0,0,0,0,0,0,1
56300,36.828,0.0,0,0,1,0,7.704,0.0,0,0,1,0,9.837,-1.168,0,30.55,0,0,1,1,0,0,1,0,0,1,0,12192.0,2,1,1,1,0,0,1,0,8.4,270.2,0,0,0,0,0,1
56400,36.828,0.0,0,0,1,0,7.704,0.0,0,0,1,0,9.72,-1.168,0,30.28,0,0,1,1,0,0,1,0,0,1,0,12192.0,2,1,1,1,0,0,1,0,8.7,268.0,0,0,0,0,0,1
56500,36.828,0.0,0,0,1,0,7.704,0.0,0,0,1,0,9.603,-1.168,0,30.63,0,0,1,1,0,0,1,0,0,1,0,12192.0,2,1,1,1,0,0,1,0,8.8,270.0,0,0,0,0,0,1
56600,36.828,0.0,0,0,1,0,7.704,0.0,0,0,1,0,9.486,-1.168,0,30.57,0,0,1,1,0,0,1,0,0,1,0,12192.0,2,1,1,1,0,0,1,0,8.4,270.0,0,0,0,0,0,1
56700,36.828,0.0,0,0,1,0,7.704,0.0,0,0,1,0,9.37,-1.168,0,30.49,0,0,1,1,0,0,1,0,0,1,0,12192.0,2,1,1,1,0,0,1,0,8.4,268.0,0,0,0,0,0,1
56800,36.828,0.0,0,0,1,0,7.704,0.0,0,0,1,0,9.253,-1.168,0,30.67,0,0,1,1,0,0,1,0,0,1,0,12192.0,2,1,1,1,0,0,1,0,8.9,270.7,0,0,0,0,0,1
56900,36.828,0.0,0,0,1,0,7.704,0.0,0,0,1,0,9.136,-1.168,0,30.43,0,0,1,1,0,0,1,0,0,1,0,12192.0,2,1,1,1,0,0,1,0,8.4,269.5,0,0,0,0,0,1
57000,36.828,0.0,0,0,1,0,7.704,0.0,0,0,1,0,9.019,-1.168,0,30.48,0,0,1,1,0,0,1,0,0,1,0,12192.0,2,1,1,1,0,0,1,0,8.7,273.8,0,0,0,0,0,1
57100,36.828,0.0,0,0,1,0,7.704,0.0,0,0,1,0,8.902,-1.168,0,30.58,0,0,1,1,0,0,1,0,0,1,0,12192.0,2,1,1,1,0,0,1,0,9.1,270.2,0,0,0,0,0,1
57200,36.828,0.0,0,0,1,0,7.704,0.0,0,0,1,0,8.785,-1.168,0,30.6,0,0,1,1,0,0,1,0,0,1,0,12192.0,2,1,1,1,0,0,1,0,8.6,269.8,0,0,0,0,0,1
57300,36.828,0.0,0,0,1,0,7.704,0.0,0,0,1,0,8.669,-1.168,0,30.33,0,0,1,1,0,0,1,0,0,1,0,12192.0,2,1,1,1,0,0,1,0,8.8,267.6,0,0,0,0,0,1
57400,36.828,0.0,0,0,1,0,7.704,0.0,0,0,1,0,8.552,-1.168,0,30.4,0,0,1,1,0,0,1,0,0,1,0,12192.0,2,1,1,1,0,0,1,0,6.8,267.9,0,0,0,0,0,1
57500,36.828,0.0,0,0,1,0,7.704,0.0,0,0,1,0,8.435,-1.168,0,30.35,0,0,1,1,0,0,1,0,0,1,0,12192.0,2,1,1,1,0,0,1,0,9.1,265.5,0,0,0,0,0,1
57600,36.828,0.0,0,0,1,0,7.704,0.0,0,0,1,0,8.318,-1.168,0,30.71,0,0,1,1,0,0,1,0,0,1,0,12192.0,2,1,1,1,0,0,1,0,9.1,269.7,0,0,0,0,0,1
57700,36.828,0.0,0,0,1,0,7.704,0.0,0,0,1,0,8.201,-1.168,0,30.48,0,0,1,1,0,0,1,0,0,1,0,12192.0,2,1,1,1,0,0,1,0,8.5,265.1,0,0,0,0,0,1
57800,36.828,0.0,0,0,1,0,7.704,0.0,0,0,1,0,8.084,-1.168,0,30.39,0,0,1,1,0,0,1,0,0,1,0,12192.0,2,1,1,1,0,0,1,0,8.5,269.0,0,0,0,0,0,1
57900,36.828,0.0,0,0,1,0,7.704,0.0,0,0,1,0,7.968,-1.168,0,30.35,0,0,1,1,0,0,1,0,0,1,0,12192.0,2,1,1,1,0,0,1,0,8.3,273.7,0,0,0,0,0,1
58000,36.828,0.0,0,0,1,0,7.704,0.0,0,0,1,0,7.851,-1.168,0,30.47,0,0,1,1,0,0,1,0,0,1,0,12192.0,2,1,1,1,0,0,1,0,8.0,268.2,0,0,0,0,0,1
58100,36.828,0.0,0,0,1,0,7.704,0.0,0,0,1,0,7.734,-1.168,0,30.37,0,0,1,1,0,0,1,0,0,1,0,12192.0,2,1,1,1,0,0,1,0,8.7,267.2,0,0,0,0,0,1
58200,36.828,0.0,0,0,1,0,7.704,0.0,0,0,1,0,7.617,-1.168,0,30.24,0,0,1,1,0,0,1,0,0,1,0,12192.0,2,1,1,1,0,0,1,0,8.3,272.4,0,0,0,0,0,1
58300,36.828,0.0,0,0,1,0,7.704,0.0,0,0,1,0,7.5,-1.168,0,30.5,0,0,1,1,0,0,1,0,0,1,0,12192.0,2,1,1,1,0,0,1,0,8.2,267.8,0,0,0,0,0,1
58400,36.828,0.0,0,0,1,0,7.704,0.0,0,0,1,0,7.383,-1.168,0,30.55,0,0,1,1,0,0,1,0,0,1,0,12192.0,2,1,1,1,0,0,1,0,7.6,268.1,0,0,0,0,0,1
58500,36.828,0.0,0,0,1,0,7.704,0.0,0,0,1,0,7.267,-1.168,0,30.33,0,0,1,1,0,0,1,0,0,1,0,12192.0,2,1,1,1,0,0,1,0,7.8,271.1,0,0,0,0,0,1
58600,36.828,0.0,0,0,1,0,7.704,0.0,0,0,1,0,7.15,-1.168,0,30.52,0,0,1,1,0,0,1,0,0,1,0,12192.0,2,1,1,1,0,0,1,0,7.7,266.5,0,0,0,0,0,1
58700,36.828,0.0,0,0,1,0,7.704,0.0,0,0,1,0,7.033,-1.168,0,30.45,0,0,1,1,0,0,1,0,0,1,0,12192.0,2,1,1,1,0,0,1,0,8.8,268.7,0,0,0,0,0,1
58800,36.828,0.0,0,0,1,0,7.704,0.0,0,0,1,0,6.916,-1.168,0,30.42,0,0,1,1,0,0,1,0,0,1,0,12192.0,2,1,1,1,0,0,1,0,9.3,271.0,0,0,0,0,0,1
58900,36.828,0.0,0,0,1,0,7.704,0.0,0,0,1,0,6.799,-1.168,0,30.55,0,0,1,1,0,0,1,0,0,1,0,12192.0,2,1,1,1,0,0,1,0,7.7,275.5,0,0,0,0,0,1
59000,36.828,0.0,0,0,1,0,7.704,0.0,0,0,1,0,6.682,-1.168,0,30.73,0,0,1,1,0,0,1,0,0,1,0,12192.0,2,1,1,1,0,0,1,0,6.9,271.7,0,0,0,0,0,1
59100,36.828,0.0,0,0,1,0,7.704,0.0,0,0,1,0,6.566,-1.168,0,30.45,0,0,1,1,0,0,1,0,0,1,0,12192.0,2,1,1,1,0,0,1,0,6.9,275.9,0,0,0,0,0,1
59200,36.828,0.0,0,0,1,0,7.704,0.0,0,0,1,0,6.449,-1.168,0,30.41,0,0,1,1,0,0,1,0,0,1,0,12192.0,2,1,1,1,0,0,1,0,6.9,265.8,0,0,0,0,0,1
59300,36.828,0.0,0,0,1,0,7.704,0.0,0,0,1,0,6.332,-1.168,0,30.49,0,0,1,1,0,0,1,0,0,1,0,12192.0,2,1,1,1,0,0,1,0,8.2,268.8,0,0,0,0,0,1
59400,36.828,0.0,0,0,1,0,7.704,0.0,0,0,1,0,6.215,-1.168,0,30.25,0,0,1,1,0,0,1,0,0,1,0,12192.0,2,1,1,1,0,0,1,0,8.0,268.3,0,0,0,0,0,1
59500,36.828,0.0,0,0,1,0,7.704,0.0,0,0,1,0,6.098,-1.168,0,30.55,0,0,1,1,0,0,1,0,0,1,0,12192.0,2,1,1,1,0,0,1,0,7.5,265.8,0,0,0,0,0,1
59600,36.828,0.0,0,0,1,0,7.704,0.0,0,0,1,0,5.981,-1.168,0,30.43,0,0,1,1,0,0,1,0,0,1,0,12192.0,2,1,1,1,0,0,1,0,7.6,271.3,0,0,0,0,0,1
59700,36.828,0.0,0,0,1,0,7.704,0.0,0,0,1,0,5.865,-1.168,0,30.59,0,0,1,1,0,0,1,0,0,1,0,12192.0,2,1,1,1,0,0,1,0,7.6,269.9,0,0,0,0,0,1
59800,36.828,0.0,0,0,1,0,7.704,0.0,0,0,1,0,5.748,-1.168,0,30.49,0,0,1,1,0,0,1,0,0,1,0,12192.0,2,1,1,1,0,0,1,0,6.6,269.8,0,0,0,0,0,1
59900,36.828,0.0,0,0,1,0,7.704,0.0,0,0,1,0,5.631,-1.168,0,30.38,0,0,1,1,0,0,1,0,0,1,0,12192.0,2,1,1,1,0,0,1,0,8.4,266.5,0,0,0,0,0,1
60000,36.828,0.0,0,0,1,0,7.704,0.0,0,0,1,0,5.514,-1.168,0,30.32,0,0,1,1,0,0,1,0,0,1,0,12192.0,2,1,1,1,0,0,1,0,7.3,271.2,0,0,0,0,0,1
60100,36.828,0.0,0,0,1,0,7.704,0.0,0,0,1,0,5.397,-1.168,0,30.6,0,0,1,1,0,0,1,0,0,1,0,12192.0,2,1,1,1,0,0,1,0,8.0,270.7,0,0,0,0,0,1
60200,36.828,0.0,0,0,1,0,7.704,0.0,0,0,1,0,5.28,-1.168,0,30.53,0,0,1,1,0,0,1,0,0,1,0,12192.0,2,1,1,1,0,0,1,0,7.5,269.1,0,0,0,0,0,1
60300,36.828,0.0,0,0,1,0,7.704,0.0,0,0,1,0,5.164,-1.168,0,30.45,0,0,1,1,0,0,1,0,0,1,0,12192.0,2,1,1,1,0,0,1,0,7.2,270.5,0,0,0,0,0,1
60400,36.828,0.0,0,0,1,0,7.704,0.0,0,0,1,0,5.047,-1.168,0,30.6,0,0,1,1,0,0,1,0,0,1,0,12192.0,2,1,1,1,0,0,1,0,7.0,272.7,0,0,0,0,0,1
60500,36.828,0.0,0,0,1,0,7.704,0.0,0,0,1,0,4.93,-1.168,0,30.39,0,0,1,1,0,0,1,0,0,1,0,12192.0,2,1,1,1,0,0,1,0,7.4,269.0,0,0,0,0,0,1
60600,36.828,0.0,0,0,1,0,7.704,0.0,0,0,1,0,4.813,-1.168,0,30.31,0,0,1,1,0,0,1,0,0,1,0,12192.0,2,1,1,1,0,0,1,0,7.0,267.7,0,0,0,0,0,1
60700,36.828,0.0,0,0,1,0,7.704,0.0,0,0,1,0,4.696,-1.168,0,30.39,0,0,1,1,0,0,1,0,0,1,0,12192.0,2,1,1,1,0,0,1,0,7.5,268.9,0,0,0,0,0,1
60800,36.828,0.0,0,0,1,0,7.704,0.0,0,0,1,0,4.579,-1.168,0,30.46,0,0,1,1,0,0,1,0,0,1,0,12192.0,2,1,1,1,0,0,1,0,8.2,267.5,0,0,0,0,0,1
60900,36.828,0.0,0,0,1,0,7.704,0.0,0,0,1,0,4.463,-1.168,0,30.31,0,0,1,1,0,0,1,0,0,1,0,12192.0,2,1,1,1,0,0,1,0,7.0,271.9,0,0,0,0,0,1
61000,36.828,0.0,0,0,1,0,7.704,0.0,0,0,1,0,4.346,-1.168,0,30.41,0,0,1,1,0,0,1,0,0,1,0,12192.0,2,1,1,1,0,0,1,0,7.5,266.9,0,0,0,0,0,1
61100,36.828,0.0,0,0,1,0,7.704,0.0,0,0,1,0,4.229,-1.168,0,30.44,0,0,1,1,0,0,1,0,0,1,0,12192.0,2,1,1,1,0,0,1,0,7.4,270.1,0,0,0,0,0,1
61200,36.828,0.0,0,0,1,0,7.704,0.0,0,0,1,0,4.112,-1.168,0,30.52,0,0,1,1,0,0,1,0,0,1,0,12192.0,2,1,1,1,0,0,1,0,6.7,270.0,0,0,0,0,0,1
61300,36.828,0.0,0,0,1,0,7.704,0.0,0,0,1,0,3.995,-1.168,0,30.41,0,0,1,1,0,0,1,0,0,1,0,12192.0,2,1,1,1,0,0,1,0,7.0,270.2,0,0,0,0,0,1
61400,36.828,0.0,0,0,1,0,7.704,0.0,0,0,1,0,3.878,-1.168,0,30.64,0,0,1,1,0,0,1,0,0,1,0,12192.0,2,1,1,1,0,0,1,0,7.2,272.8,0,0,0,0,0,1
61500,36.828,0.0,0,0,1,0,7.704,0.0,0,0,1,0,3.762,-1.168,0,30.5,0,0,1,1,0,0,1,0,0,1,0,12192.0,2,1,1,1,0,0,1,0,8.1,270.9,0,0,0,0,0,1
61600,36.828,0.0,0,0,1,0,7.704,0.0,0,0,1,0,3.645,-1.168,0,30.59,0,0,1,1,0,0,1,0,0,1,0,12192.0,2,1,1,1,0,0,1,0,7.6,268.5,0,0,0,0,0,1
61700,36.828,0.0,0,0,1,0,7.704,0.0,0,0,1,0,3.528,-1.168,0,30.28,0,0,1,1,0,0,1,0,0,1,0,12192.0,2,1,1,1,0,0,1,0,8.3,274.6,0,0,0,0,0,1
61800,36.828,0.0,0,0,1,0,7.704,0.0,0,0,1,0,3.411,-1.168,0,30.36,0,0,1,1,0,0,1,0,0,1,0,12192.0,2,1,1,1,0,0,1,0,7.6,270.8,0,0,0,0,0,1
61900,36.828,0.0,0,0,1,0,7.704,0.0,0,0,1,0,3.294,-1.168,0,30.32,0,0,1,1,0,0,1,0,0,1,0,12192.0,2,1,1,1,0,0,1,0,7.3,271.1,0,0,0,0,0,1
62000,36.828,0.0,0,0,1,0,7.704,0.0,0,0,1,0,3.177,-1.168,0,30.37,0,0,1,1,0,0,1,0,0,1,0,12192.0,2,1,1,1,0,0,1,0,7.0,270.8,0,0,0,0,0,1
62100,36.828,0.0,0,0,1,0,7.704,0.0,0,0,1,0,3.061,-1.168,0,30.51,0,0,1,1,0,0,1,0,0,1,0,12192.0,2,1,1,1,0,0,1,0,8.1,267.4,0,0,0,0,0,1
62200,36.828,0.0,0,0,1,0,7.704,0.0,0,0,1,0,2.944,-1.168,0,30.5,0,0,1,1,0,0,1,0,0,1,0,12192.0,2,1,1,1,0,0,1,0,7.7,270.3,0,0,0,0,0,1
62300,36.828,0.0,0,0,1,0,7.704,0.0,0,0,1,0,2.827,-1.168,0,30.28,0,0,1,1,0,0,1,0,0,1,0,12192.0,2,1,1,1,0,0,1,0,8.0,271.4,0,0,0,0,0,1
62400,36.828,0.0,0,0,1,0,7.704,0.0,0,0,1,0,2.71,-1.168,0,30.62,0,0,1,1,0,0,1,0,0,1,0,12192.0,2,1,1,1,0,0,1,0,8.4,269.4,0,0,0,0,0,1
62500,36.828,0.0,0,0,1,0,7.704,0.0,0,0,1,0,2.593,-1.168,0,30.4,0,0,1,1,0,0,1,0,0,1,0,12192.0,2,1,1,1,0,0,1,0,8.1,270.0,0,0,0,0,0,1
62600,36.828,0.0,0,0,1,0,7.704,0.0,0,0,1,0,2.476,-1.168,0,30.5,0,0,1,1,0,0,1,0,0,1,0,12192.0,2,1,1,1,0,0,1,0,7.3,274.1,0,0,0,0,0,1
62700,36.828,0.0,0,0,1,0,7.704,0.0,0,0,1,0,2.36,-1.168,0,30.48,0,0,1,1,0,0,1,0,0,1,0,12192.0,2,1,1,1,0,0,1,0,7.6,269.6,0,0,0,0,0,1
62800,36.828,0.0,0,0,1,0,7.704,0.0,0,0,1,0,2.243,-1.168,0,30.4,0,0,1,1,0,0,1,0,0,1,0,12192.0,2,1,1,1,0,0,1,0,9.0,269.8,0,0,0,0,0,1
62900,36.828,0.0,0,0,1,0,7.704,0.0,0,0,1,0,2.126,-1.168,0,30.56,0,0,1,1,0,0,1,0,0,1,0,12192.0,2,1,1,1,0,0,1,0,8.3,269.0,0,0,0,0,0,1
63000,36.828,0.0,0,0,1,0,7.704,0.0,0,0,1,0,2.014,-1.122,0,33.47,0,0,1,1,0,0,1,0,0,1,0,12192.0,2,1,1,1,0,0,1,0,7.8,270.1,0,0,0,0,0,1
63100,36.828,0.0,0,0,1,0,7.704,0.0,0,0,1,0,1.906,-1.076,0,33.44,0,0,1,1,0,0,1,0,0,1,0,12192.0,2,1,1,1,0,0,1,0,8.1,269.1,0,0,0,0,0,1
63200,36.828,0.0,0,0,1,0,7.704,0.0,0,0,1,0,1.803,-1.029,0,33.68,0,0,1,1,0,0,1,0,0,1,0,12192.0,2,1,1,1,0,0,1,0,8.3,272.3,0,0,0,0,0,1
63300,36.828,0.0,0,0,1,0,7.704,0.0,0,0,1,0,1.705,-0.983,0,33.42,0,0,1,1,0,0,1,0,0,1,0,12192.0,2,1,1,1,0,0,1,0,8.7,273.4,0,0,0,0,0,1
63400,36.828,0.0,0,0,1,0,7.704,0.0,0,0,1,0,1.611,-0.936,0,33.55,0,0,1,1,0,0,1,0,0,1,0,12192.0,2,1,1,1,0,0,1,0,8.4,268.3,0,0,0,0,0,1
63500,36.828,0.0,0,0,1,0,7.704,0.0,0,0,1,0,1.522,-0.89,0,33.52,0,0,1,1,0,0,1,0,0,1,0,12192.0,2,1,1,1,0,0,1,0,8.7,269.3,0,0,0,0,0,1
63600,36.828,0.0,0,0,1,0,7.704,0.0,0,0,1,0,1.438,-0.844,0,33.5,0,0,1,1,0,0,1,0,0,1,0,12192.0,2,1,1,1,0,0,1,0,8.4,270.7,0,0,0,0,0,1
63700,36.828,0.0,0,0,1,0,7.704,0.0,0,0,1,0,1.358,-0.797,0,33.53,0,0,1,1,0,0,1,0,0,1,0,12192.0,2,1,1,1,0,0,1,0,8.3,265.8,0,0,0,0,0,1
63800,36.828,0.0,0,0,1,0,7.704,0.0,0,0,1,0,1.283,-0.751,0,33.41,0,0,1,1,0,0,1,0,0,1,0,12192.0,2,1,1,1,0,0,1,0,9.0,270.6,0,0,0,0,0,1
63900,36.828,0.0,0,0,1,0,7.704,0.0,0,0,1,0,1.213,-0.705,0,33.47,0,0,1,1,0,0,1,0,0,1,0,12192.0,2,1,1,1,0,0,1,0,8.9,268.4,0,0,0,0,0,1
64000,36.828,0.0,0,0,1,0,7.704,0.0,0,0,1,0,1.147,-0.658,0,33.56,0,0,1,1,0,0,1,0,0,1,0,12192.0,2,1,1,1,0,0,1,0,9.2,267.6,0,0,0,0,0,1
64100,36.828,0.0,0,0,1,0,7.704,0.0,0,0,1,0,1.086,-0.612,0,33.56,0,0,1,1,0,0,1,0,0,1,0,12192.0,2,1,1,1,0,0,1,0,8.1,266.0,0,0,0,0,0,1
64200,36.828,0.0,0,0,1,0,7.704,0.0,0,0,1,0,1.029,-0.565,0,33.43,0,0,1,1,0,0,1,0,0,1,0,12192.0,2,1,1,1,0,0,1,0,7.6,266.1,0,0,0,0,0,1
64300,36.828,0.0,0,0,1,0,7.704,0.0,0,0,1,0,0.977,-0.519,0,33.44,0,0,1,1,0,0,1,0,0,1,0,12192.0,2,1,1,1,0,0,1,0,8.8,269.3,0,0,0,0,0,1
64400,36.828,0.0,0,0,1,0,7.704,0.0,0,0,1,0,0.925,-0.521,0,30.46,0,0,1,1,0,0,1,0,0,1,0,12192.0,2,1,1,1,0,0,1,0,9.3,269.8,0,0,0,0,0,1
64500,36.828,0.0,0,0,1,0,7.704,0.0,0,0,1,0,0.878,-0.472,0,33.72,0,0,1,1,0,0,1,0,0,1,0,12192.0,2,1,1,1,0,0,1,0,8.8,270.0,0,0,0,0,0,1
64600,36.828,0.0,0,0,1,0,7.704,0.0,0,0,1,0,0.836,-0.423,0,33.37,0,0,1,1,0,0,1,0,0,1,0,12192.0,2,1,1,1,0,0,1,0,8.5,274.0,0,0,0,0,0,1
64700,36.828,0.0,0,0,1,0,7.704,0.0,0,0,1,0,0.798,-0.374,0,33.73,0,0,1,1,0,0,1,0,0,1,0,12192.0,2,1,1,1,0,0,1,0,9.2,271.5,0,0,0,0,0,1
64800,36.828,0.0,0,0,1,0,7.704,0.0,0,0,1,0,0.766,-0.325,0,33.32,0,0,1,1,0,0,1,0,0,1,0,12192.0,2,1,1,1,0,0,1,0,8.4,274.7,0,0,0,0,0,1
64900,36.828,0.0,0,0,1,0,7.704,0.0,0,0,1,0,0.738,-0.274,0,33.74,0,0,1,1,0,0,1,0,0,1,0,12192.0,2,1,1,1,0,0,1,0,8.6,269.8,0,0,0,0,0,1
65000,36.828,0.0,0,0,1,0,7.704,0.0,0,0,1,0,0.716,-0.223,0,33.45,0,0,1,1,0,0,1,0,0,1,0,12192.0,2,1,1,1,0,0,1,0,8.0,273.8,0,0,0,0,0,1
65100,36.828,0.0,0,0,1,0,7.704,0.0,0,0,1,0,0.699,-0.171,0,33.51,0,0,1,1,0,0,1,0,0,1,0,12192.0,2,1,1,1,0,0,1,0,8.9,270.1,0,0,0,0,0,1
65200,36.828,0.0,0,0,1,0,7.704,0.0,0,0,1,0,0.687,-0.115,0,33.5,0,0,1,1,0,0,1,0,0,1,0,12192.0,2,1,1,1,0,0,1,0,8.6,272.8,0,0,0,0,0,1
65300,36.828,0.0,0,0,1,0,7.704,0.0,0,0,1,0,0.682,-0.051,0,33.53,0,0,1,1,0,0,1,0,0,1,0,12192.0,2,1,1,1,0,0,1,0,8.7,270.3,0,0,0,0,0,1
65400,36.828,0.0,0,0,0,0,7.704,0.0,0,0,0,0,0.682,0.0,0,32.11,0,0,0,0,0,0,1,0,0,1,0,12192.0,2,1,1,0,1,0,1,0,8.9,271.5,0,0,0,0,0,1
65500,36.828,0.0,0,0,0,0,7.704,0.0,0,0,0,0,0.682,0.0,0,31.98,0,0,0,0,0,0,1,0,1,1,0,12192.0,2,1,1,0,1,0,1,0,8.6,267.0,0,0,0,0,0,1
65600,36.828,0.0,0,0,0,0,7.704,0.0,0,0,0,0,0.682,0.0,0,31.73,0,0,0,0,0,0,1,0,1,1,0,12192.0,2,1,1,0,1,0,1,0,8.6,271.4,0,0,0,0,0,1
65700,36.828,0.0,0,0,0,0,7.704,0.0,0,0,0,0,0.682,0.0,0,32.04,0,0,0,0,0,0,1,0,1,1,0,12192.0,2,1,1,0,1,0,1,0,8.9,269.3,0,0,0,0,0,1
65800,36.828,0.0,0,0,0,0,7.704,0.0,0,0,0,0,0.682,0.0,0,31.99,0,0,0,0,0,0,1,0,1,1,0,12192.0,2,1,1,0,1,0,1,0,8.9,270.0,0,0,0,0,0,1
65900,36.828,0.0,0,0,0,0,7.704,0.0,0,0,0,0,0.682,0.0,0,32.08,0,0,0,0,0,0,1,0,1,1,0,12192.0,2,1,1,0,1,0,1,0,8.3,271.0,0,0,0,0,0,1
66000,36.828,0.0,0,0,0,0,7.704,0.0,0,0,0,0,0.682,0.0,0,32.18,0,0,0,0,0,0,1,0,1,1,0,12192.0,2,1,1,0,1,0,1,0,8.2,270.7,0,0,0,0,0,1
66100,36.828,0.0,0,0,0,0,7.704,0.0,0,0,0,0,0.682,0.0,0,32.0,0,0,0,0,0,0,1,0,1,1,0,12192.0,2,1,1,0,1,0,1,0,8.0,272.7,0,0,0,0,0,1
66200,36.828,0.0,0,0,0,0,7.704,0.0,0,0,0,0,0.682,0.0,0,31.94,0,0,0,0,0,0,1,0,1,1,0,12192.0,2,1,1,0,1,0,1,0,8.0,268.9,0,0,0,0,0,1
66300,36.828,0.0,0,0,0,0,7.704,0.0,0,0,0,0,0.682,0.0,0,31.85,0,0,0,0,0,0,1,0,1,1,0,12192.0,2,1,1,0,1,0,1,0,8.2,272.5,0,0,0,0,0,1
66400,36.828,0.0,0,0,0,0,7.704,0.0,0,0,0,0,0.682,0.0,0,0.0,0,0,0,0,0,0,0,1,1,1,0,12192.0,2,1,1,0,1,0,1,0,8.7,271.8,0,0,0,0,0,1
66500,36.828,0.0,0,0,0,0,7.704,0.0,0,0,0,0,0.682,0.0,0,0.0,0,0,0,0,0,0,0,1,1,1,0,12192.0,2,1,1,0,1,0,1,0,8.4,266.9,0,0,0,0,0,1
66600,36.828,0.0,0,0,0,0,7.704,0.0,0,0,0,0,0.682,0.0,0,0.0,0,0,0,0,0,0,0,1,1,1,0,12192.0,2,1,1,0,1,0,1,0,8.4,267.3,0,0,0,0,0,1
66700,36.828,0.0,0,0,0,0,7.704,0.0,0,0,0,0,0.682,0.0,0,0.0,0,0,0,0,0,0,0,1,1,1,0,12192.0,2,1,1,0,1,0,1,0,8.7,271.7,0,0,0,0,0,1
66800,36.828,0.0,0,0,0,0,7.704,0.0,0,0,0,0,0.682,0.0,0,0.0,0,0,0,0,0,0,0,1,1,1,0,12192.0,2,1,1,0,1,0,1,0,8.3,268.0,0,0,0,0,0,1
66900,36.828,0.0,0,0,0,0,7.704,0.0,0,0,0,0,0.682,0.0,0,0.0,0,0,0,0,0,0,0,1,1,1,0,12192.0,2,1,1,0,1,0,1,0,7.7,268.8,0,0,0,0,0,1
67000,36.828,0.0,0,0,0,0,7.704,0.0,0,0,0,0,0.682,0.0,0,0.0,0,0,0,0,0,0,0,1,1,1,0,12192.0,2,1,1,0,1,0,1,0,8.0,267.1,0,0,0,0,0,1
67100,36.828,0.0,0,0,0,0,7.704,0.0,0,0,0,0,0.682,0.0,0,0.0,0,0,0,0,0,0,0,1,1,1,0,12192.0,2,1,1,0,1,0,1,0,8.2,277.7,0,0,0,0,0,1
67200,36.828,0.0,0,0,0,0,7.704,0.0,0,0,0,0,0.682,0.0,0,0.0,0,0,0,0,0,0,0,1,1,1,0,12192.0,2,1,1,0,1,0,1,0,8.1,268.3,0,0,0,0,0,1
67300,36.828,0.0,0,0,0,0,7.704,0.0,0,0,0,0,0.682,0.0,0,0.0,0,0,0,0,0,0,0,1,1,1,0,12192.0,2,1,1,0,1,0,1,0,7.9,270.1,0,0,0,0,0,1
67400,36.828,0.0,0,0,0,0,7.704,0.0,0,0,0,0,0.682,0.0,0,0.0,0,0,0,0,0,0,0,1,1,1,0,12192.0,2,1,1,0,1,0,1,0,8.5,272.0,0,0,0,0,0,1
67500,36.828,0.0,0,0,0,0,7.704,0.0,0,0,0,0,0.682,0.0,0,0.0,0,0,0,0,0,0,0,1,1,1,0,12192.0,2,1,1,0,1,0,1,0,8.4,267.8,0,0,0,0,0,1
67600,36.828,0.0,0,0,0,0,7.704,0.0,0,0,0,0,0.682,0.0,0,0.0,0,0,0,0,0,0,0,1,1,1,0,12192.0,2,1,1,0,1,0,1,0,8.4,271.4,0,0,0,0,0,1
67700,36.828,0.0,0,0,0,0,7.704,0.0,0,0,0,0,0.682,0.0,0,0.0,0,0,0,0,0,0,0,1,1,1,0,12192.0,2,1,1,0,1,0,1,0,7.7,272.4,0,0,0,0,0,1
67800,36.828,0.0,0,0,0,0,7.704,0.0,0,0,0,0,0.682,0.0,0,0.0,0,0,0,0,0,0,0,1,1,1,0,12192.0,2,1,1,0,1,0,1,0,8.3,270.2,0,0,0,0,0,1
67900,36.828,0.0,0,0,0,0,7.704,0.0,0,0,0,0,0.682,0.0,0,0.0,0,0,0,0,0,0,0,1,1,1,0,12192.0,2,1,1,0,1,0,1,0,8.5,271.2,0,0,0,0,0,1
68000,36.828,0.0,0,0,0,0,7.704,0.0,0,0,0,0,0.682,0.0,0,0.0,0,0,0,0,0,0,0,1,1,1,0,12192.0,2,1,1,0,1,0,1,0,7.6,272.4,0,0,0,0,0,1
68100,36.828,0.0,0,0,0,0,7.704,0.0,0,0,0,0,0.682,0.0,0,0.0,0,0,0,0,0,0,0,1,1,1,0,12192.0,2,1,1,0,1,0,1,0,6.7,273.0,0,0,0,0,0,1
68200,36.828,0.0,0,0,0,0,7.704,0.0,0,0,0,0,0.682,0.0,0,0.0,0,0,0,0,0,0,0,1,1,1,0,12192.0,2,1,1,0,1,0,1,0,8.1,270.3,0,0,0,0,0,1
68300,36.828,0.0,0,0,1,0,7.704,0.0,0,0,1,0,0.686,0.046,1,0.0,0,0,1,1,0,0,0,1,0,0,0,12192.0,2,1,1,1,0,0,1,0,7.5,270.0,0,0,0,0,0,1
68400,36.828,0.0,0,0,1,0,7.704,0.0,0,0,1,0,0.696,0.093,1,0.0,0,0,1,1,0,0,0,1,0,0,0,12192.0,2,1,1,1,0,0,1,0,6.9,266.7,0,0,0,0,0,1
68500,36.828,0.0,0,0,1,0,7.704,0.0,0,0,1,0,0.71,0.139,1,0.0,0,0,1,1,0,0,0,1,0,0,0,12192.0,2,1,1,1,0,0,1,0,6.5,274.7,0,0,0,0,0,1
68600,36.828,0.0,0,0,1,0,7.704,0.0,0,0,1,0,0.728,0.186,1,0.0,0,0,1,1,0,0,0,1,0,0,0,12192.0,2,1,1,1,0,0,1,0,7.0,270.6,0,0,0,0,0,1
68700,36.828,0.0,0,0,1,0,7.704,0.0,0,0,1,0,0.751,0.232,1,0.0,0,0,1,1,0,0,0,1,0,0,0,12192.0,2,1,1,1,0,0,1,0,8.2,270.2,0,0,0,0,0,1
68800,36.828,0.0,0,0,1,0,7.704,0.0,0,0,1,0,0.779,0.278,1,0.0,0,0,1,1,0,0,0,1,0,0,0,12192.0,2,1,1,1,0,0,1,0,7.5,270.5,0,0,0,0,0,1
68900,36.828,0.0,0,0,1,0,7.704,0.0,0,0,1,0,0.812,0.325,1,0.0,0,0,1,1,0,0,0,1,0,0,0,12192.0,2,1,1,1,0,0,1,0,8.3,263.3,0,0,0,0,0,1
69000,36.828,0.0,0,0,1,0,7.704,0.0,0,0,1,0,0.849,0.371,1,0.0,0,0,1,1,0,0,0,1,0,0,0,12192.0,2,1,1,1,0,0,1,0,7.1,273.1,0,0,0,0,0,1
69100,36.828,0.0,0,0,1,0,7.704,0.0,0,0,1,0,0.89,0.417,1,0.0,0,0,1,1,0,0,0,1,0,0,0,12192.0,2,1,1,1,0,0,1,0,6.9,268.3,0,0,0,0,0,1
69200,36.828,0.0,0,0,1,0,7.704,0.0,0,0,1,0,0.937,0.464,1,0.0,0,0,1,1,0,0,0,1,0,0,0,12192.0,2,1,1,1,0,0,1,0,7.0,271.6,0,0,0,0,0,1
69300,36.828,0.0,0,0,1,0,7.704,0.0,0,0,1,0,0.988,0.51,1,0.0,0,0,1,1,0,0,0,1,0,0,0,12192.0,2,1,1,1,0,0,1,0,6.6,273.9,0,0,0,0,0,1
69400,36.828,0.0,0,0,1,0,7.704,0.0,0,0,1,0,1.044,0.557,1,0.0,0,0,1,1,0,0,0,1,0,0,0,12192.0,2,1,1,1,0,0,1,0,7.2,268.8,0,0,0,0,0,1
69500,36.828,0.0,0,0,1,0,7.704,0.0,0,0,1,0,1.104,0.603,1,0.0,0,0,1,1,0,0,0,1,0,0,0,12192.0,2,1,1,1,0,0,1,0,7.6,271.6,0,0,0,0,0,1
69600,36.828,0.0,0,0,1,0,7.704,0.0,0,0,1,0,1.169,0.649,1,0.0,0,0,1,1,0,0,0,1,0,0,0,12192.0,2,1,1,1,0,0,1,0,7.0,265.9,0,0,0,0,0,1
69700,36.828,0.0,0,0,1,0,7.704,0.0,0,0,1,0,1.238,0.696,1,0.0,0,0,1,1,0,0,0,1,0,0,0,12192.0,2,1,1,1,0,0,1,0,7.3,270.9,0,0,0,0,0,1
69800,36.828,0.0,0,0,1,0,7.704,0.0,0,0,1,0,1.313,0.742,1,0.0,0,0,1,1,0,0,0,1,0,0,0,12192.0,2,1,1,1,0,0,1,0,7.4,268.0,0,0,0,0,0,1
69900,36.828,0.0,0,0,1,0,7.704,0.0,0,0,1,0,1.391,0.788,1,0.0,0,0,1,1,0,0,0,1,0,0,0,12192.0,2,1,1,1,0,0,1,0,7.4,269.2,0,0,0,0,0,1
70000,36.828,0.0,0,0,1,0,7.704,0.0,0,0,1,0,1.475,0.835,1,0.0,0,0,1,1,0,0,0,1,0,0,0,12192.0,2,1,1,1,0,0,1,0,6.8,275.9,0,0,0,0,0,1
70100,36.828,0.0,0,0,1,0,7.704,0.0,0,0,1,0,1.563,0.881,1,0.0,0,0,1,1,0,0,0,1,0,0,0,12192.0,2,1,1,1,0,0,1,0,6.8,275.4,0,0,0,0,0,1
70200,36.828,0.0,0,0,1,0,7.704,0.0,0,0,1,0,1.656,0.928,1,0.0,0,0,1,1,0,0,0,1,0,0,0,12192.0,2,1,1,1,0,0,1,0,6.8,268.6,0,0,0,0,0,1
70300,36.828,0.0,0,0,1,0,7.704,0.0,0,0,1,0,1.753,0.974,1,0.0,0,0,1,1,0,0,0,1,0,0,0,12192.0,2,1,1,1,0,0,1,0,7.5,271.7,0,0,0,0,0,1
70400,36.828,0.0,0,0,1,0,7.704,0.0,0,0,1,0,1.855,1.02,1,0.0,0,0,1,1,0,0,0,1,0,0,0,12192.0,2,1,1,1,0,0,1,0,7.4,268.3,0,0,0,0,0,1
70500,36.828,0.0,0,0,1,0,7.704,0.0,0,0,1,0,1.962,1.067,1,0.0,0,0,1,1,0,0,0,1,0,0,0,12192.0,2,1,1,1,0,0,1,0,8.3,272.0,0,0,0,0,0,1
70600,36.828,0.0,0,0,1,0,7.704,0.0,0,0,1,0,2.073,1.113,1,0.0,0,0,1,1,0,0,0,1,0,0,0,12192.0,2,1,1,1,0,0,1,0,7.4,267.2,0,0,0,0,0,1
70700,36.828,0.0,0,0,1,0,7.704,0.0,0,0,1,0,2.189,1.159,1,0.0,0,0,1,1,0,0,0,1,0,0,0,12192.0,2,1,1,1,0,0,1,0,7.1,274.7,0,0,0,0,0,1
70800,36.828,0.0,0,0,1,0,7.704,0.0,0,0,1,0,2.306,1.168,1,0.0,0,0,1,1,0,0,0,1,0,0,0,12192.0,2,1,1,1,0,0,1,0,7.2,272.0,0,0,0,0,0,1
70900,36.828,0.0,0,0,1,0,7.704,0.0,0,0,1,0,2.423,1.168,1,0.0,0,0,1,1,0,0,0,1,0,0,0,12192.0,2,1,1,1,0,0,1,0,7.8,273.5,0,0,0,0,0,1
71000,36.828,0.0,0,0,1,0,7.704,0.0,0,0,1,0,2.54,1.168,1,0.0,0,0,1,1,0,0,0,1,0,0,0,12192.0,2,1,1,1,0,0,1,0,8.3,268.6,0,0,0,0,0,1
71100,36.828,0.0,0,0,1,0,7.704,0.0,0,0,1,0,2.656,1.168,1,0.0,0,0,1,1,0,0,0,1,0,0,0,12192.0,2,1,1,1,0,0,1,0,7.5,266.4,0,0,0,0,0,1
71200,36.828,0.0,0,0,1,0,7.704,0.0,0,0,1,0,2.773,1.168,1,0.0,0,0,1,1,0,0,0,1,0,0,0,12192.0,2,1,1,1,0,0,1,0,7.7,266.9,0,0,0,0,0,1
71300,36.828,0.0,0,0,1,0,7.704,0.0,0,0,1,0,2.89,1.168,1,0.0,0,0,1,1,0,0,0,1,0,0,0,12192.0,2,1,1,1,0,0,1,0,7.7,268.5,0,0,0,0,0,1
71400,36.828,0.0,0,0,1,0,7.704,0.0,0,0,1,0,3.007,1.168,1,0.0,0,0,1,1,0,0,0,1,0,0,0,12192.0,2,1,1,1,0,0,1,0,7.6,268.5,0,0,0,0,0,1
71500,36.828,0.0,0,0,1,0,7.704,0.0,0,0,1,0,3.124,1.168,1,0.0,0,0,1,1,0,0,0,1,0,0,0,12192.0,2,1,1,1,0,0,1,0,7.6,274.2,0,0,0,0,0,1
71600,36.828,0.0,0,0,1,0,7.704,0.0,0,0,1,0,3.241,1.168,1,0.0,0,0,1,1,0,0,0,1,0,0,0,12192.0,2,1,1,1,0,0,1,0,7.0,266.5,0,0,0,0,0,1
71700,36.828,0.0,0,0,1,0,7.704,0.0,0,0,1,0,3.357,1.168,1,0.0,0,0,1,1,0,0,0,1,0,0,0,12192.0,2,1,1,1,0,0,1,0,7.6,261.4,0,0,0,0,0,1
71800,36.828,0.0,0,0,1,0,7.704,0.0,0,0,1,0,3.474,1.168,1,0.0,0,0,1,1,0,0,0,1,0,0,0,12192.0,2,1,1,1,0,0,1,0,8.0,267.0,0,0,0,0,0,1
71900,36.828,0.0,0,0,1,0,7.704,0.0,0,0,1,0,3.591,1.168,1,0.0,0,0,1,1,0,0,0,1,0,0,0,12192.0,2,1,1,1,0,0,1,0,8.5,269.2,0,0,0,0,0,1
72000,36.828,0.0,0,0,1,0,7.704,0.0,0,0,1,0,3.708,1.168,1,0.0,0,0,1,1,0,0,0,1,0,0,0,12192.0,2,1,1,1,0,0,1,0,8.4,275.0,0,0,0,0,0,1
72100,36.828,0.0,0,0,1,0,7.704,0.0,0,0,1,0,3.825,1.168,1,0.0,0,0,1,1,0,0,0,1,0,0,0,12192.0,2,1,1,1,0,0,1,0,8.7,273.9,0,0,0,0,0,1
72200,36.828,0.0,0,0,1,0,7.704,0.0,0,0,1,0,3.942,1.168,1,0.0,0,0,1,1,0,0,0,1,0,0,0,12192.0,2,1,1,1,0,0,1,0,8.3,271.0,0,0,0,0,0,1
72300,36.828,0.0,0,0,1,0,7.704,0.0,0,0,1,0,4.058,1.168,1,0.0,0,0,1,1,0,0,0,1,0,0,0,12192.0,2,1,1,1,0,0,1,0,8.9,271.8,0,0,0,0,0,1
72400,36.828,0.0,0,0,1,0,7.704,0.0,0,0,1,0,4.175,1.168,1,0.0,0,0,1,1,0,0,0,1,0,0,0,12192.0,2,1,1,1,0,0,1,0,8.1,264.6,0,0,0,0,0,1
72500,36.828,0.0,0,0,1,0,7.704,0.0,0,0,1,0,4.292,1.168,1,0.0,0,0,1,1,0,0,0,1,0,0,0,12192.0,2,1,1,1,0,0,1,0,8.5,264.6,0,0,0,0,0,1
72600,36.828,0.0,0,0,1,0,7.704,0.0,0,0,1,0,4.409,1.168,1,0.0,0,0,1,1,0,0,0,1,0,0,0,12192.0,2,1,1,1,0,0,1,0,7.7,273.1,0,0,0,0,0,1
72700,36.828,0.0,0,0,1,0,7.704,0.0,0,0,1,0,4.526,1.168,1,0.0,0,0,1,1,0,0,0,1,0,0,0,12192.0,2,1,1,1,0,0,1,0,8.1,267.1,0,0,0,0,0,1
72800,36.828,0.0,0,0,1,0,7.704,0.0,0,0,1,0,4.643,1.168,1,0.0,0,0,1,1,0,0,0,1,0,0,0,12192.0,2,1,1,1,0,0,1,0,8.3,266.5,0,0,0,0,0,1
72900,36.828,0.0,0,0,1,0,7.704,0.0,0,0,1,0,4.759,1.168,1,0.0,0,0,1,1,0,0,0,1,0,0,0,12192.0,2,1,1,1,0,0,1,0,8.6,270.3,0,0,0,0,0,1
73000,36.828,0.0,0,0,1,0,7.704,0.0,0,0,1,0,4.876,1.168,1,0.0,0,0,1,1,0,0,0,1,0,0,0,12192.0,2,1,1,1,0,0,1,0,8.7,272.2,0,0,0,0,0,1
73100,36.828,0.0,0,0,1,0,7.704,0.0,0,0,1,0,4.993,1.168,1,0.0,0,0,1,1,0,0,0,1,0,0,0,12192.0,2,1,1,1,0,0,1,0,8.3,268.0,0,0,0,0,0,1
73200,36.828,0.0,0,0,1,0,7.704,0.0,0,0,1,0,5.11,1.168,1,0.0,0,0,1,1,0,0,0,1,0,0,0,12192.0,2,1,1,1,0,0,1,0,9.1,269.6,0,0,0,0,0,1
73300,36.828,0.0,0,0,1,0,7.704,0.0,0,0,1,0,5.227,1.168,1,0.0,0,0,1,1,0,0,0,1,0,0,0,12192.0,2,1,1,1,0,0,1,0,8.2,271.5,0,0,0,0,0,1
73400,36.828,0.0,0,0,1,0,7.704,0.0,0,0,1,0,5.344,1.168,1,0.0,0,0,1,1,0,0,0,1,0,0,0,12192.0,2,1,1,1,0,0,1,0,9.2,265.2,0,0,0,0,0,1
73500,36.828,0.0,0,0,1,0,7.704,0.0,0,0,1,0,5.46,1.168,1,0.0,0,0,1,1,0,0,0,1,0,0,0,12192.0,2,1,1,1,0,0,1,0,8.9,269.8,0,0,0,0,0,1
73600,36.828,0.0,0,0,1,0,7.704,0.0,0,0,1,0,5.577,1.168,1,0.0,0,0,1,1,0,0,0,1,0,0,0,12192.0,2,1,1,1,0,0,1,0,8.6,270.6,0,0,0,0,0,1
73700,36.828,0.0,0,0,1,0,7.704,0.0,0,0,1,0,5.694,1.168,1,0.0,0,0,1,1,0,0,0,1,0,0,0,12192.0,2,1,1,1,0,0,1,0,8.6,266.8,0,0,0,0,0,1
73800,36.828,0.0,0,0,1,0,7.704,0.0,0,0,1,0,5.811,1.168,1,0.0,0,0,1,1,0,0,0,1,0,0,0,12192.0,2,1,1,1,0,0,1,0,8.6,269.9,0,0,0,0,0,1
73900,36.828,0.0,0,0,1,0,7.704,0.0,0,0,1,0,5.928,1.168,1,0.0,0,0,1,1,0,0,0,1,0,0,0,12192.0,2,1,1,1,0,0,1,0,8.8,272.9,0,0,0,0,0,1
74000,36.828,0.0,0,0,1,0,7.704,0.0,0,0,1,0,6.045,1.168,1,0.0,0,0,1,1,0,0,0,1,0,0,0,12192.0,2,1,1,1,0,0,1,0,8.4,268.0,0,0,0,0,0,1
74100,36.828,0.0,0,0,1,0,7.704,0.0,0,0,1,0,6.161,1.168,1,0.0,0,0,1,1,0,0,0,1,0,0,0,12192.0,2,1,1,1,0,0,1,0,8.7,266.8,0,0,0,0,0,1
74200,36.828,0.0,0,0,1,0,7.704,0.0,0,0,1,0,6.278,1.168,1,0.0,0,0,1,1,0,0,0,1,0,0,0,12192.0,2,1,1,1,0,0,1,0,8.7,269.2,0,0,0,0,0,1
74300,36.828,0.0,0,0,1,0,7.704,0.0,0,0,1,0,6.395,1.168,1,0.0,0,0,1,1,0,0,0,1,0,0,0,12192.0,2,1,1,1,0,0,1,0,8.4,269.2,0,0,0,0,0,1
74400,36.828,0.0,0,0,1,0,7.704,0.0,0,0,1,0,6.512,1.168,1,0.0,0,0,1,1,0,0,0,1,0,0,0,12192.0,2,1,1,1,0,0,1,0,8.7,275.8,0,0,0,0,0,1
74500,36.828,0.0,0,0,1,0,7.704,0.0,0,0,1,0,6.629,1.168,1,0.0,0,0,1,1,0,0,0,1,0,0,0,12192.0,2,1,1,1,0,0,1,0,8.5,265.4,0,0,0,0,0,1
74600,36.828,0.0,0,0,1,0,7.704,0.0,0,0,1,0,6.746,1.168,1,0.0,0,0,1,1,0,0,0,1,0,0,0,12192.0,2,1,1,1,0,0,1,0,9.5,270.2,0,0,0,0,0,1
74700,36.828,0.0,0,0,1,0,7.704,0.0,0,0,1,0,6.862,1.168,1,0.0,0,0,1,1,0,0,0,1,0,0,0,12192.0,2,1,1,1,0,0,1,0,9.1,273.2,0,0,0,0,0,1
74800,36.828,0.0,0,0,1,0,7.704,0.0,0,0,1,0,6.979,1.168,1,0.0,0,0,1,1,0,0,0,1,0,0,0,12192.0,2,1,1,1,0,0,1,0,9.1,274.8,0,0,0,0,0,1
74900,36.828,0.0,0,0,1,0,7.704,0.0,0,0,1,0,7.096,1.168,1,0.0,0,0,1,1,0,0,0,1,0,0,0,12192.0,2,1,1,1,0,0,1,0,9.2,271.3,0,0,0,0,0,1
75000,36.828,0.0,0,0,1,0,7.704,0.0,0,0,1,0,7.213,1.168,1,0.0,0,0,1,1,0,0,0,1,0,0,0,12192.0,2,1,1,1,0,0,1,0,8.1,272.5,0,0,0,0,0,1
75100,36.828,0.0,0,0,1,0,7.704,0.0,0,0,1,0,7.33,1.168,1,0.0,0,0,1,1,0,0,0,1,0,0,0,12192.0,2,1,1,1,0,0,1,0,9.0,271.8,0,0,0,0,0,1
75200,36.828,0.0,0,0,1,0,7.704,0.0,0,0,1,0,7.447,1.168,1,0.0,0,0,1,1,0,0,0,1,0,0,0,12192.0,2,1,1,1,0,0,1,0,8.8,273.3,0,0,0,0,0,1
75300,36.828,0.0,0,0,1,0,7.704,0.0,0,0,1,0,7.563,1.168,1,0.0,0,0,1,1,0,0,0,1,0,0,0,12192.0,2,1,1,1,0,0,1,0,7.8,268.2,0,0,0,0,0,1
75400,36.828,0.0,0,0,1,0,7.704,0.0,0,0,1,0,7.68,1.168,1,0.0,0,0,1,1,0,0,0,1,0,0,0,12192.0,2,1,1,1,0,0,1,0,8.0,270.3,0,0,0,0,0,1
75500,36.828,0.0,0,0,1,0,7.704,0.0,0,0,1,0,7.797,1.168,1,0.0,0,0,1,1,0,0,0,1,0,0,0,12192.0,2,1,1,1,0,0,1,0,8.5,271.3,0,0,0,0,0,1
75600,36.828,0.0,0,0,1,0,7.704,0.0,0,0,1,0,7.914,1.168,1,0.0,0,0,1,1,0,0,0,1,0,0,0,12192.0,2,1,1,1,0,0,1,0,9.2,271.9,0,0,0,0,0,1
75700,36.828,0.0,0,0,1,0,7.704,0.0,0,0,1,0,8.031,1.168,1,0.0,0,0,1,1,0,0,0,1,0,0,0,12192.0,2,1,1,1,0,0,1,0,8.6,268.7,0,0,0,0,0,1
75800,36.828,0.0,0,0,1,0,7.704,0.0,0,0,1,0,8.148,1.168,1,0.0,0,0,1,1,0,0,0,1,0,0,0,12192.0,2,1,1,1,0,0,1,0,8.3,268.7,0,0,0,0,0,1
75900,36.828,0.0,0,0,1,0,7.704,0.0,0,0,1,0,8.264,1.168,1,0.0,0,0,1,1,0,0,0,1,0,0,0,12192.0,2,1,1,1,0,0,1,0,7.9,270.7,0,0,0,0,0,1
76000,36.828,0.0,0,0,1,0,7.704,0.0,0,0,1,0,8.381,1.168,1,0.0,0,0,1,1,0,0,0,1,0,0,0,12192.0,2,1,1,1,0,0,1,0,7.9,269.5,0,0,0,0,0,1
76100,36.828,0.0,0,0,1,0,7.704,0.0,0,0,1,0,8.498,1.168,1,0.0,0,0,1,1,0,0,0,1,0,0,0,12192.0,2,1,1,1,0,0,1,0,8.1,273.6,0,0,0,0,0,1
76200,36.828,0.0,0,0,1,0,7.704,0.0,0,0,1,0,8.615,1.168,1,0.0,0,0,1,1,0,0,0,1,0,0,0,12192.0,2,1,1,1,0,0,1,0,7.7,271.9,0,0,0,0,0,1
76300,36.828,0.0,0,0,1,0,7.704,0.0,0,0,1,0,8.732,1.168,1,0.0,0,0,1,1,0,0,0,1,0,0,0,12192.0,2,1,1,1,0,0,1,0,8.1,267.6,0,0,0,0,0,1
76400,36.828,0.0,0,0,1,0,7.704,0.0,0,0,1,0,8.849,1.168,1,0.0,0,0,1,1,0,0,0,1,0,0,0,12192.0,2,1,1,1,0,0,1,0,7.4,268.4,0,0,0,0,0,1
76500,36.828,0.0,0,0,1,0,7.704,0.0,0,0,1,0,8.965,1.168,1,0.0,0,0,1,1,0,0,0,1,0,0,0,12192.0,2,1,1,1,0,0,1,0,7.1,269.9,0,0,0,0,0,1
76600,36.828,0.0,0,0,1,0,7.704,0.0,0,0,1,0,9.082,1.168,1,0.0,0,0,1,1,0,0,0,1,0,0,0,12192.0,2,1,1,1,0,0,1,0,8.0,266.3,0,0,0,0,0,1
76700,36.828,0.0,0,0,1,0,7.704,0.0,0,0,1,0,9.199,1.168,1,0.0,0,0,1,1,0,0,0,1,0,0,0,12192.0,2,1,1,1,0,0,1,0,8.2,269.3,0,0,0,0,0,1
76800,36.828,0.0,0,0,1,0,7.704,0.0,0,0,1,0,9.316,1.168,1,0.0,0,0,1,1,0,0,0,1,0,0,0,12192.0,2,1,1,1,0,0,1,0,8.8,267.5,0,0,0,0,0,1
76900,36.828,0.0,0,0,1,0,7.704,0.0,0,0,1,0,9.433,1.168,1,0.0,0,0,1,1,0,0,0,1,0,0,0,12192.0,2,1,1,1,0,0,1,0,7.8,270.5,0,0,0,0,0,1
77000,36.828,0.0,0,0,1,0,7.704,0.0,0,0,1,0,9.55,1.168,1,0.0,0,0,1,1,0,0,0,1,0,0,0,12192.0,2,1,1,1,0,0,1,0,7.6,272.1,0,0,0,0,0,1
77100,36.828,0.0,0,0,1,0,7.704,0.0,0,0,1,0,9.666,1.168,1,0.0,0,0,1,1,0,0,0,1,0,0,0,12192.0,2,1,1,1,0,0,1,0,7.1,268.3,0,0,0,0,0,1
77200,36.828,0.0,0,0,1,0,7.704,0.0,0,0,1,0,9.783,1.168,1,0.0,0,0,1,1,0,0,0,1,0,0,0,12192.0,2,1,1,1,0,0,1,0,7.8,270.2,0,0,0,0,0,1
77300,36.828,0.0,0,0,1,0,7.704,0.0,0,0,1,0,9.9,1.168,1,0.0,0,0,1,1,0,0,0,1,0,0,0,12192.0,2,1,1,1,0,0,1,0,7.5,271.4,0,0,0,0,0,1
77400,36.828,0.0,0,0,1,0,7.704,0.0,0,0,1,0,10.017,1.168,1,0.0,0,0,1,1,0,0,0,1,0,0,0,12192.0,2,1,1,1,0,0,1,0,7.4,273.7,0,0,0,0,0,1
77500,36.828,0.0,0,0,1,0,7.704,0.0,0,0,1,0,10.134,1.168,1,0.0,0,0,1,1,0,0,0,1,0,0,0,12192.0,2,1,1,1,0,0,1,0,7.3,270.9,0,0,0,0,0,1
77600,36.828,0.0,0,0,1,0,7.704,0.0,0,0,1,0,10.251,1.168,1,0.0,0,0,1,1,0,0,0,1,0,0,0,12192.0,2,1,1,1,0,0,1,0,8.1,271.2,0,0,0,0,0,1
77700,36.828,0.0,0,0,1,0,7.704,0.0,0,0,1,0,10.367,1.168,1,0.0,0,0,1,1,0,0,0,1,0,0,0,12192.0,2,1,1,1,0,0,1,0,6.8,269.4,0,0,0,0,0,1
77800,36.828,0.0,0,0,1,0,7.704,0.0,0,0,1,0,10.484,1.168,1,0.0,0,0,1,1,0,0,0,1,0,0,0,12192.0,2,1,1,1,0,0,1,0,7.6,270.4,0,0,0,0,0,1
77900,36.828,0.0,0,0,1,0,7.704,0.0,0,0,1,0,10.601,1.168,1,0.0,0,0,1,1,0,0,0,1,0,0,0,12192.0,2,1,1,1,0,0,1,0,7.4,267.8,0,0,0,0,0,1
78000,36.828,0.0,0,0,1,0,7.704,0.0,0,0,1,0,10.718,1.168,1,0.0,0,0,1,1,0,0,0,1,0,0,0,12192.0,2,1,1,1,0,0,1,0,7.9,272.2,0,0,0,0,0,1
78100,36.828,0.0,0,0,1,0,7.704,0.0,0,0,1,0,10.835,1.168,1,0.0,0,0,1,1,0,0,0,1,0,0,0,12192.0,2,1,1,1,0,0,1,0,7.1,269.0,0,0,0,0,0,1
78200,36.828,0.0,0,0,1,0,7.704,0.0,0,0,1,0,10.952,1.168,1,0.0,0,0,1,1,0,0,0,1,0,0,0,12192.0,2,1,1,1,0,0,1,0,7.5,276.4,0,0,0,0,0,1
78300,36.828,0.0,0,0,1,0,7.704,0.0,0,0,1,0,11.068,1.168,1,0.0,0,0,1,1,0,0,0,1,0,0,0,12192.0,2,1,1,1,0,0,1,0,7.5,270.5,0,0,0,0,0,1
78400,36.828,0.0,0,0,1,0,7.704,0.0,0,0,1,0,11.185,1.168,1,0.0,0,0,1,1,0,0,0,1,0,0,0,12192.0,2,1,1,1,0,0,1,0,7.0,268.2,0,0,0,0,0,1
78500,36.828,0.0,0,0,1,0,7.704,0.0,0,0,1,0,11.302,1.168,1,0.0,0,0,1,1,0,0,0,1,0,0,0,12192.0,2,1,1,1,0,0,1,0,8.1,265.5,0,0,0,0,0,1
78600,36.828,0.0,0,0,1,0,7.704,0.0,0,0,1,0,11.419,1.168,1,0.0,0,0,1,1,0,0,0,1,0,0,0,12192.0,2,1,1,1,0,0,1,0,7.6,272.0,0,0,0,0,0,1
78700,36.828,0.0,0,0,1,0,7.704,0.0,0,0,1,0,11.536,1.168,1,0.0,0,0,1,1,0,0,0,1,0,0,0,12192.0,2,1,1,1,0,0,1,0,7.6,268.3,0,0,0,0,0,1
78800,36.828,0.0,0,0,1,0,7.704,0.0,0,0,1,0,11.653,1.168,1,0.0,0,0,1,1,0,0,0,1,0,0,0,12192.0,2,1,1,1,0,0,1,0,7.3,267.1,0,0,0,0,0,1
78900,36.828,0.0,0,0,1,0,7.704,0.0,0,0,1,0,11.769,1.168,1,0.0,0,0,1,1,0,0,0,1,0,0,0,12192.0,2,1,1,1,0,0,1,0,7.6,269.1,0,0,0,0,0,1
79000,36.828,0.0,0,0,1,0,7.704,0.0,0,0,1,0,11.886,1.168,1,0.0,0,0,1,1,0,0,0,1,0,0,0,12192.0,2,1,1,1,0,0,1,0,7.1,271.3,0,0,0,0,0,1
79100,36.828,0.0,0,0,1,0,7.704,0.0,0,0,1,0,12.003,1.168,1,0.0,0,0,1,1,0,0,0,1,0,0,0,12192.0,2,1,1,1,0,0,1,0,7.5,271.3,0,0,0,0,0,1
79200,36.828,0.0,0,0,1,0,7.704,0.0,0,0,1,0,12.12,1.168,1,0.0,0,0,1,1,0,0,0,1,0,0,0,12192.0,2,1,1,1,0,0,1,0,6.9,271.1,0,0,0,0,0,1
79300,36.828,0.0,0,0,1,0,7.704,0.0,0,0,1,0,12.237,1.168,1,0.0,0,0,1,1,0,0,0,1,0,0,0,12192.0,2,1,1,1,0,0,1,0,7.0,268.3,0,0,0,0,0,1
79400,36.828,0.0,0,0,1,0,7.704,0.0,0,0,1,0,12.354,1.168,1,0.0,0,0,1,1,0,0,0,1,0,0,0,12192.0,2,1,1,1,0,0,1,0,7.6,268.6,0,0,0,0,0,1
79500,36.828,0.0,0,0,1,0,7.704,0.0,0,0,1,0,12.47,1.168,1,0.0,0,0,1,1,0,0,0,1,0,0,0,12192.0,2,1,1,1,0,0,1,0,7.6,269.6,0,0,0,0,0,1
79600,36.828,0.0,0,0,1,0,7.704,0.0,0,0,1,0,12.587,1.168,1,0.0,0,0,1,1,0,0,0,1,0,0,0,12192.0,2,1,1,1,0,0,1,0,7.3,273.3,0,0,0,0,0,1
79700,36.828,0.0,0,0,1,0,7.704,0.0,0,0,1,0,12.704,1.168,1,0.0,0,0,1,1,0,0,0,1,0,0,0,12192.0,2,1,1,1,0,0,1,0,8.5,267.5,0,0,0,0,0,1
79800,36.828,0.0,0,0,1,0,7.704,0.0,0,0,1,0,12.821,1.168,1,0.0,0,0,1,1,0,0,0,1,0,0,0,12192.0,2,1,1,1,0,0,1,0,7.2,276.5,0,0,0,0,0,1
79900,36.828,0.0,0,0,1,0,7.704,0.0,0,0,1,0,12.938,1.168,1,0.0,0,0,1,1,0,0,0,1,0,0,0,12192.0,2,1,1,1,0,0,1,0,7.5,262.9,0,0,0,0,0,1
80000,36.828,0.0,0,0,1,0,7.704,0.0,0,0,1,0,13.055,1.168,1,0.0,0,0,1,1,0,0,0,1,0,0,0,12192.0,2,1,1,1,0,0,1,0,6.9,266.9,0,0,0,0,0,1
80100,36.828,0.0,0,0,1,0,7.704,0.0,0,0,1,0,13.167,1.122,1,0.0,0,0,1,1,0,0,0,1,0,0,0,12192.0,2,1,1,1,0,0,1,0,8.0,269.8,0,0,0,0,0,1
80200,36.828,0.0,0,0,1,0,7.704,0.0,0,0,1,0,13.274,1.076,1,0.0,0,0,1,1,0,0,0,1,0,0,0,12192.0,2,1,1,1,0,0,1,0,7.5,268.1,0,0,0,0,0,1
80300,36.828,0.0,0,0,1,0,7.704,0.0,0,0,1,0,13.377,1.029,1,0.0,0,0,1,1,0,0,0,1,0,0,0,12192.0,2,1,1,1,0,0,1,0,8.1,269.3,0,0,0,0,0,1
80400,36.828,0.0,0,0,1,0,7.704,0.0,0,0,1,0,13.476,0.983,1,0.0,0,0,1,1,0,0,0,1,0,0,0,12192.0,2,1,1,1,0,0,1,0,8.1,267.5,0,0,0,0,0,1
80500,36.828,0.0,0,0,1,0,7.704,0.0,0,0,1,0,13.569,0.936,1,0.0,0,0,1,1,0,0,0,1,0,0,0,12192.0,2,1,1,1,0,0,1,0,8.0,274.2,0,0,0,0,0,1
80600,36.828,0.0,0,0,1,0,7.704,0.0,0,0,1,0,13.658,0.89,1,0.0,0,0,1,1,0,0,0,1,0,0,0,12192.0,2,1,1,1,0,0,1,0,8.3,270.1,0,0,0,0,0,1
80700,36.828,0.0,0,0,1,0,7.704,0.0,0,0,1,0,13.743,0.844,1,0.0,0,0,1,1,0,0,0,1,0,0,0,12192.0,2,1,1,1,0,0,1,0,7.7,265.8,0,0,0,0,0,1
80800,36.828,0.0,0,0,1,0,7.704,0.0,0,0,1,0,13.822,0.797,1,0.0,0,0,1,1,0,0,0,1,0,0,0,12192.0,2,1,1,1,0,0,1,0,7.8,274.1,0,0,0,0,0,1
80900,36.828,0.0,0,0,1,0,7.704,0.0,0,0,1,0,13.897,0.751,1,0.0,0,0,1,1,0,0,0,1,0,0,0,12192.0,2,1,1,1,0,0,1,0,7.6,267.3,0,0,0,0,0,1
81000,36.828,0.0,0,0,1,0,7.704,0.0,0,0,1,0,13.968,0.705,1,0.0,0,0,1,1,0,0,0,1,0,0,0,12192.0,2,1,1,1,0,0,1,0,8.1,272.7,0,0,0,0,0,1
81100,36.828,0.0,0,0,1,0,7.704,0.0,0,0,1,0,14.034,0.658,1,0.0,0,0,1,1,0,0,0,1,0,0,0,12192.0,2,1,1,1,0,0,1,0,8.8,268.8,0,0,0,0,0,1
81200,36.828,0.0,0,0,1,0,7.704,0.0,0,0,1,0,14.095,0.612,1,0.0,0,0,1,1,0,0,0,1,0,0,0,12192.0,2,1,1,1,0,0,1,0,8.5,266.6,0,0,0,0,0,1
81300,36.828,0.0,0,0,1,0,7.704,0.0,0,0,1,0,14.151,0.565,1,0.0,0,0,1,1,0,0,0,1,0,0,0,12192.0,2,1,1,1,0,0,1,0,8.5,274.8,0,0,0,0,0,1
81400,36.828,0.0,0,0,1,0,7.704,0.0,0,0,1,0,14.203,0.519,1,0.0,0,0,1,1,0,0,0,1,0,0,0,12192.0,2,1,1,1,0,0,1,0,8.0,268.6,0,0,0,0,0,1
81500,36.828,0.0,0,0,1,0,7.704,0.0,0,0,1,0,14.251,0.473,1,0.0,0,0,1,1,0,0,0,1,0,0,0,12192.0,2,1,1,1,0,0,1,0,8.2,270.3,0,0,0,0,0,1
81600,36.828,0.0,0,0,1,0,7.704,0.0,0,0,1,0,14.293,0.426,1,0.0,0,0,1,1,0,0,0,1,0,0,0,12192.0,2,1,1,1,0,0,1,0,8.6,268.9,0,0,0,0,0,1
81700,36.828,0.0,0,0,1,0,7.704,0.0,0,0,1,0,14.331,0.378,1,0.0,0,0,1,1,0,0,0,1,0,0,0,12192.0,2,1,1,1,0,0,1,0,7.9,266.5,0,0,0,0,0,1
81800,36.828,0.0,0,0,1,0,7.704,0.0,0,0,1,0,14.364,0.329,1,0.0,0,0,1,1,0,0,0,1,0,0,0,12192.0,2,1,1,1,0,0,1,0,8.5,268.9,0,0,0,0,0,1
81900,36.828,0.0,0,0,1,0,7.704,0.0,0,0,1,0,14.392,0.279,1,0.0,0,0,1,1,0,0,0,1,0,0,0,12192.0,2,1,1,1,0,0,1,0,7.9,268.9,0,0,0,0,0,1
82000,36.828,0.0,0,0,1,0,7.704,0.0,0,0,1,0,14.414,0.227,1,0.0,0,0,1,1,0,0,0,1,0,0,0,12192.0,2,1,1,1,0,0,1,0,8.8,270.2,0,0,0,0,0,1
82100,36.828,0.0,0,0,1,0,7.704,0.0,0,0,1,0,14.432,0.175,1,0.0,0,0,1,1,0,0,0,1,0,0,0,12192.0,2,1,1,1,0,0,1,0,9.2,268.2,0,0,0,0,0,1
82200,36.828,0.0,0,0,1,0,7.704,0.0,0,0,1,0,14.444,0.12,1,0.0,0,0,1,1,0,0,0,1,0,0,0,12192.0,2,1,1,1,0,0,1,0,8.4,276.0,0,0,0,0,0,1
82300,36.828,0.0,0,0,1,0,7.704,0.0,0,0,1,0,14.45,0.057,1,0.0,0,0,1,1,0,0,0,1,0,0,0,12192.0,2,1,1,1,0,0,1,0,8.4,269.3,0,0,0,0,0,1
82400,36.828,0.0,0,0,0,0,7.704,0.0,0,0,0,0,14.451,0.0,0,0.0,0,0,0,0,0,0,0,1,0,0,0,12192.0,2,1,1,0,1,0,1,0,8.3,265.8,0,0,0,0,0,1
82500,36.828,0.0,0,0,1,0,7.71,0.062,1,1,1,0,14.455,0.0,0,0.0,0,0,0,1,0,1,0,1,0,0,0,12192.0,2,1,1,1,0,0,1,1,8.9,270.3,0,0,0,0,0,1
82600,36.828,0.0,0,0,1,0,7.723,0.124,1,1,1,0,14.455,0.0,0,0.0,0,0,0,1,0,1,0,1,0,0,0,12192.0,2,1,1,1,0,0,1,1,9.5,272.6,0,0,0,0,0,1
82700,36.828,0.0,0,0,1,0,7.741,0.186,1,1,1,0,14.455,0.0,0,0.0,0,0,0,1,0,1,0,1,0,0,0,12192.0,2,1,1,1,0,0,1,1,9.0,268.3,0,0,0,0,0,1
82800,36.828,0.0,0,0,1,0,7.766,0.248,1,1,1,0,14.455,0.0,0,0.0,0,0,0,1,0,1,0,1,0,0,0,12192.0,2,1,1,1,0,0,1,1,8.6,270.2,0,0,0,0,0,1
82900,36.828,0.0,0,0,1,0,7.797,0.31,1,1,1,0,14.455,0.0,0,0.0,0,0,0,1,0,1,0,1,0,0,0,12192.0,2,1,1,1,0,0,1,1,8.5,272.6,0,0,0,0,0,1
83000,36.828,0.0,0,0,1,0,7.834,0.373,1,1,1,0,14.455,0.0,0,0.0,0,0,0,1,0,1,0,1,0,0,0,12192.0,2,1,1,1,0,0,1,1,9.3,271.2,0,0,0,0,0,1
83100,36.828,0.0,0,0,1,0,7.878,0.435,1,1,1,0,14.455,0.0,0,0.0,0,0,0,1,0,1,0,1,0,0,0,12192.0,2,1,1,1,0,0,1,1,9.3,269.1,0,0,0,0,0,1
83200,36.828,0.0,0,0,1,0,7.928,0.497,1,1,1,0,14.455,0.0,0,0.0,0,0,0,1,0,1,0,1,0,0,0,12192.0,2,1,1,1,0,0,1,1,9.0,269.7,0,0,0,0,0,1
83300,36.828,0.0,0,0,1,0,7.983,0.559,1,1,1,0,14.455,0.0,0,0.0,0,0,0,1,0,1,0,1,0,0,0,12192.0,2,1,1,1,0,0,1,1,8.4,273.3,0,0,0,0,0,1
83400,36.828,0.0,0,0,1,0,8.045,0.621,1,1,1,0,14.455,0.0,0,0.0,0,0,0,1,0,1,0,1,0,0,0,12192.0,2,1,1,1,0,0,1,1,8.5,270.3,0,0,0,0,0,1
83500,36.828,0.0,0,0,1,0,8.114,0.683,1,1,1,0,14.455,0.0,0,0.0,0,0,0,1,0,1,0,1,0,0,0,12192.0,2,1,1,1,0,0,1,1,8.4,266.2,0,0,0,0,0,1
83600,36.828,0.0,0,0,1,0,8.188,0.745,1,1,1,0,14.455,0.0,0,0.0,0,0,0,1,0,1,0,1,0,0,0,12192.0,2,1,1,1,0,0,1,1,8.7,270.5,0,0,0,0,0,1
83700,36.828,0.0,0,0,1,0,8.269,0.807,1,1,1,0,14.455,0.0,0,0.0,0,0,0,1,0,1,0,1,0,0,0,12192.0,2,1,1,1,0,0,1,1,8.5,267.4,0,0,0,0,0,1
83800,36.828,0.0,0,0,1,0,8.356,0.869,1,1,1,0,14.455,0.0,0,0.0,0,0,0,1,0,1,0,1,0,0,0,12192.0,2,1,1,1,0,0,1,1,8.7,272.4,0,0,0,0,0,1
83900,36.828,0.0,0,0,1,0,8.449,0.931,1,1,1,0,14.455,0.0,0,0.0,0,0,0,1,0,1,0,1,0,0,0,12192.0,2,1,1,1,0,0,1,1,9.1,275.6,0,0,0,0,0,1
84000,36.828,0.0,0,0,1,0,8.548,0.993,1,1,1,0,14.455,0.0,0,0.0,0,0,0,1,0,1,0,1,0,0,0,12192.0,2,1,1,1,0,0,1,1,9.0,271.7,0,0,0,0,0,1
84100,36.828,0.0,0,0,1,0,8.654,1.055,1,1,1,0,14.455,0.0,0,0.0,0,0,0,1,0,1,0,1,0,0,0,12192.0,2,1,1,1,0,0,1,1,8.4,268.6,0,0,0,0,0,1
84200,36.828,0.0,0,0,1,0,8.766,1.118,1,1,1,0,14.455,0.0,0,0.0,0,0,0,1,0,1,0,1,0,0,0,12192.0,2,1,1,1,0,0,1,1,9.0,269.1,0,0,0,0,0,1
84300,36.828,0.0,0,0,1,0,8.884,1.18,1,1,1,0,14.455,0.0,0,0.0,0,0,0,1,0,1,0,1,0,0,0,12192.0,2,1,1,1,0,0,1,1,8.2,267.8,0,0,0,0,0,1
84400,36.828,0.0,0,0,1,0,9.008,1.242,1,1,1,0,14.455,0.0,0,0.0,0,0,0,1,0,1,0,1,0,0,0,12192.0,2,1,1,1,0,0,1,1,8.2,269.4,0,0,0,0,0,1
84500,36.828,0.0,0,0,1,0,9.138,1.304,1,1,1,0,14.455,0.0,0,0.0,0,0,0,1,0,1,0,1,0,0,0,12192.0,2,1,1,1,0,0,1,1,8.0,268.3,0,0,0,0,0,1
84600,36.828,0.0,0,0,1,0,9.275,1.366,1,1,1,0,14.455,0.0,0,0.0,0,0,0,1,0,1,0,1,0,0,0,12192.0,2,1,1,1,0,0,1,1,8.3,273.4,0,0,0,0,0,1
84700,36.828,0.0,0,0,1,0,9.418,1.428,1,1,1,0,14.455,0.0,0,0.0,0,0,0,1,0,1,0,1,0,0,0,12192.0,2,1,1,1,0,0,1,1,9.0,266.2,0,0,0,0,0,1
84800,36.828,0.0,0,0,1,0,9.567,1.49,1,1,1,0,14.455,0.0,0,0.0,0,0,0,1,0,1,0,1,0,0,0,12192.0,2,1,1,1,0,0,1,1,8.2,272.2,0,0,0,0,0,1
84900,36.828,0.0,0,0,1,0,9.722,1.552,1,1,1,0,14.455,0.0,0,0.0,0,0,0,1,0,1,0,1,0,0,0,12192.0,2,1,1,1,0,0,1,1,8.6,266.0,0,0,0,0,0,1
85000,36.828,0.0,0,0,1,0,9.883,1.614,1,1,1,0,14.455,0.0,0,0.0,0,0,0,1,0,1,0,1,0,0,0,12192.0,2,1,1,1,0,0,1,1,8.1,268.5,0,0,0,0,0,1
85100,36.828,0.0,0,0,1,0,10.051,1.676,1,1,1,0,14.455,0.0,0,0.0,0,0,0,1,0,1,0,1,0,0,0,12192.0,2,1,1,1,0,0,1,1,8.1,272.1,0,0,0,0,0,1
85200,36.828,0.0,0,0,1,0,10.225,1.738,1,1,1,0,14.455,0.0,0,0.0,0,0,0,1,0,1,0,1,0,0,0,12192.0,2,1,1,1,0,0,1,1,8.3,269.2,0,0,0,0,0,1
85300,36.828,0.0,0,0,1,0,10.405,1.8,1,1,1,0,14.455,0.0,0,0.0,0,0,0,1,0,1,0,1,0,0,0,12192.0,2,1,1,1,0,0,1,1,8.3,272.0,0,0,0,0,0,1
85400,36.828,0.0,0,0,1,0,10.591,1.863,1,1,1,0,14.455,0.0,0,0.0,0,0,0,1,0,1,0,1,0,0,0,12192.0,2,1,1,1,0,0,1,1,8.0,270.0,0,0,0,0,0,1
85500,36.828,0.0,0,0,1,0,10.783,1.925,1,1,1,0,14.455,0.0,0,0.0,0,0,0,1,0,1,0,1,0,0,0,12192.0,2,1,1,1,0,0,1,1,8.3,271.5,0,0,0,0,0,1
85600,36.828,0.0,0,0,1,0,10.982,1.987,1,1,1,0,14.455,0.0,0,0.0,0,0,0,1,0,1,0,1,0,0,0,12192.0,2,1,1,1,0,0,1,1,8.0,266.5,0,0,0,0,0,1
85700,36.828,0.0,0,0,1,0,11.187,2.049,1,1,1,0,14.455,0.0,0,0.0,0,0,0,1,0,1,0,1,0,0,0,12192.0,2,1,1,1,0,0,1,1,7.5,270.2,0,0,0,0,0,1
85800,36.828,0.0,0,0,1,0,11.398,2.111,1,1,1,0,14.455,0.0,0,0.0,0,0,0,1,0,1,0,1,0,0,0,12192.0,2,1,1,1,0,0,1,1,7.6,275.9,0,0,0,0,0,1
85900,36.828,0.0,0,0,1,0,11.615,2.173,1,1,1,0,14.455,0.0,0,0.0,0,0,0,1,0,1,0,1,0,0,0,12192.0,2,1,1,1,0,0,1,1,7.5,270.6,0,0,0,0,0,1
86000,36.828,0.0,0,0,1,0,11.839,2.235,1,1,1,0,14.455,0.0,0,0.0,0,0,0,1,0,1,0,1,0,0,0,12192.0,2,1,1,1,0,0,1,1,7.7,268.3,0,0,0,0,0,1
86100,36.828,0.0,0,0,1,0,12.069,2.297,1,1,1,0,14.455,0.0,0,0.0,0,0,0,1,0,1,0,1,0,0,0,12192.0,2,1,1,1,0,0,1,1,7.4,271.3,0,0,0,0,0,1
86200,36.828,0.0,0,0,1,0,12.304,2.359,1,1,1,0,14.455,0.0,0,0.0,0,0,0,1,0,1,0,1,0,0,0,12192.0,2,1,1,1,0,0,1,1,8.2,271.5,0,0,0,0,0,1
86300,36.828,0.0,0,0,1,0,12.547,2.421,1,1,1,0,14.455,0.0,0,0.0,0,0,0,1,0,1,0,1,0,0,0,12192.0,2,1,1,1,0,0,1,1,8.0,267.8,0,0,0,0,0,1
86400,36.828,0.0,0,0,1,0,12.795,2.483,1,1,1,0,14.455,0.0,0,0.0,0,0,0,1,0,1,0,1,0,0,0,12192.0,2,1,1,1,0,0,1,1,7.5,268.3,0,0,0,0,0,1
86500,36.828,0.0,0,0,1,0,13.049,2.545,1,1,1,0,14.455,0.0,0,0.0,0,0,0,1,0,1,0,1,0,0,0,12192.0,2,1,1,1,0,0,1,1,7.6,269.5,0,0,0,0,0,1
86600,36.828,0.0,0,0,1,0,13.31,2.608,1,1,1,0,14.455,0.0,0,0.0,0,0,0,1,0,1,0,1,0,0,0,12192.0,2,1,1,1,0,0,1,1,7.7,267.9,0,0,0,0,0,1
86700,36.828,0.0,0,0,1,0,13.577,2.67,1,1,1,0,14.455,0.0,0,0.0,0,0,0,1,0,1,0,1,0,0,0,12192.0,2,1,1,1,0,0,1,1,7.2,268.5,0,0,0,0,0,1
86800,36.828,0.0,0,0,1,0,13.85,2.732,1,1,1,0,14.455,0.0,0,0.0,0,0,0,1,0,1,0,1,0,0,0,12192.0,2,1,1,1,0,0,1,1,7.5,275.9,0,0,0,0,0,1
86900,36.828,0.0,0,0,1,0,14.13,2.794,1,1,1,0,14.455,0.0,0,0.0,0,0,0,1,0,1,0,1,0,0,0,12192.0,2,1,1,1,0,0,1,1,7.3,269.5,0,0,0,0,0,1
87000,36.828,0.0,0,0,1,0,14.415,2.856,1,1,1,0,14.455,0.0,0,0.0,0,0,0,1,0,1,0,1,0,0,0,12192.0,2,1,1,1,0,0,1,1,7.5,271.8,0,0,0,0,0,1
87100,36.828,0.0,0,0,1,0,14.707,2.918,1,1,1,0,14.455,0.0,0,0.0,0,0,0,1,0,1,0,1,0,0,0,12192.0,2,1,1,1,0,0,1,1,7.1,273.3,0,0,0,0,0,1
87200,36.828,0.0,0,0,1,0,15.005,2.98,1,1,1,0,14.455,0.0,0,0.0,0,0,0,1,0,1,0,1,0,0,0,12192.0,2,1,1,1,0,0,1,1,7.3,271.7,0,0,0,0,0,1
87300,36.828,0.0,0,0,1,0,15.309,3.042,1,1,1,0,14.455,0.0,0,0.0,0,0,0,1,0,1,0,1,0,0,0,12192.0,2,1,1,1,0,0,1,1,6.4,273.1,0,0,0,0,0,1
87400,36.828,0.0,0,0,1,0,15.62,3.104,1,1,1,0,14.455,0.0,0,0.0,0,0,0,1,0,1,0,1,0,0,0,12192.0,2,1,1,1,0,0,1,1,7.2,270.8,0,0,0,0,0,1
87500,36.828,0.0,0,0,1,0,15.936,3.166,1,1,1,0,14.455,0.0,0,0.0,0,0,0,1,0,1,0,1,0,0,0,12192.0,2,1,1,1,0,0,1,1,7.1,267.5,0,0,0,0,0,1
87600,36.828,0.0,0,0,1,0,16.259,3.228,1,1,1,0,14.455,0.0,0,0.0,0,0,0,1,0,1,0,1,0,0,0,12192.0,2,1,1,1,0,0,1,1,7.8,266.4,0,0,0,0,0,1
87700,36.828,0.0,0,0,1,0,16.588,3.29,1,1,1,0,14.455,0.0,0,0.0,0,0,0,1,0,1,0,1,0,0,0,12192.0,2,1,1,1,0,0,1,1,6.9,264.1,0,0,0,0,0,1
87800,36.828,0.0,0,0,1,0,16.924,3.353,1,1,1,0,14.455,0.0,0,0.0,0,0,0,1,0,1,0,1,0,0,0,12192.0,2,1,1,1,0,0,1,1,8.1,270.2,0,0,0,0,0,1
87900,36.828,0.0,0,0,1,0,17.265,3.415,1,1,1,0,14.455,0.0,0,0.0,0,0,0,1,0,1,0,1,0,0,0,12192.0,2,1,1,1,0,0,1,1,7.3,269.1,0,0,0,0,0,1
88000,36.828,0.0,0,0,1,0,17.613,3.477,1,1,1,0,14.455,0.0,0,0.0,0,0,0,1,0,1,0,1,0,0,0,12192.0,2,1,1,1,0,0,1,1,7.0,267.4,0,0,0,0,0,1
88100,36.828,0.0,0,0,1,0,17.967,3.539,1,1,1,0,14.455,0.0,0,0.0,0,0,0,1,0,1,0,1,0,0,0,12192.0,2,1,1,1,0,0,1,1,7.4,267.3,0,0,0,0,0,1
88200,36.828,0.0,0,0,1,0,18.32,3.539,1,1,1,0,14.455,0.0,0,0.0,0,0,0,1,0,1,0,1,0,0,0,12192.0,2,1,1,1,0,0,1,1,7.9,267.1,0,0,0,0,0,1
88300,36.828,0.0,0,0,1,0,18.674,3.539,1,1,1,0,14.455,0.0,0,0.0,0,0,0,1,0,1,0,1,0,0,0,12192.0,2,1,1,1,0,0,1,1,7.9,268.4,0,0,0,0,0,1
88400,36.828,0.0,0,0,1,0,19.028,3.539,1,1,1,0,14.455,0.0,0,0.0,0,0,0,1,0,1,0,1,0,0,0,12192.0,2,1,1,1,0,0,1,1,8.2,267.5,0,0,0,0,0,1
88500,36.828,0.0,0,0,1,0,19.382,3.539,1,1,1,0,14.455,0.0,0,0.0,0,0,0,1,0,1,0,1,0,0,0,12192.0,2,1,1,1,0,0,1,1,7.0,272.5,0,0,0,0,0,1
88600,36.828,0.0,0,0,1,0,19.736,3.539,1,1,1,0,14.455,0.0,0,0.0,0,0,0,1,0,1,0,1,0,0,0,12192.0,2,1,1,1,0,0,1,1,7.3,273.0,0,0,0,0,0,1
88700,36.828,0.0,0,0,1,0,20.09,3.539,1,1,1,0,14.455,0.0,0,0.0,0,0,0,1,0,1,0,1,0,0,0,12192.0,2,1,1,1,0,0,1,1,6.7,270.7,0,0,0,0,0,1
88800,36.828,0.0,0,0,1,0,20.444,3.539,1,1,1,0,14.455,0.0,0,0.0,0,0,0,1,0,1,0,1,0,0,0,12192.0,2,1,1,1,0,0,1,1,7.4,270.4,0,0,0,0,0,1
88900,36.828,0.0,0,0,1,0,20.797,3.539,1,1,1,0,14.455,0.0,0,0.0,0,0,0,1,0,1,0,1,0,0,0,12192.0,2,1,1,1,0,0,1,1,7.3,262.8,0,0,0,0,0,1
89000,36.828,0.0,0,0,1,0,21.151,3.539,1,1,1,0,14.455,0.0,0,0.0,0,0,0,1,0,1,0,1,0,0,0,12192.0,2,1,1,1,0,0,1,1,7.3,269.5,0,0,0,0,0,1
89100,36.828,0.0,0,0,1,0,21.505,3.539,1,1,1,0,14.455,0.0,0,0.0,0,0,0,1,0,1,0,1,0,0,0,12192.0,2,1,1,1,0,0,1,1,7.2,270.0,0,0,0,0,0,1
89200,36.828,0.0,0,0,1,0,21.859,3.539,1,1,1,0,14.455,0.0,0,0.0,0,0,0,1,0,1,0,1,0,0,0,12192.0,2,1,1,1,0,0,1,1,8.3,268.7,0,0,0,0,0,1
89300,36.828,0.0,0,0,1,0,22.213,3.539,1,1,1,0,14.455,0.0,0,0.0,0,0,0,1,0,1,0,1,0,0,0,12192.0,2,1,1,1,0,0,1,1,7.7,271.5,0,0,0,0,0,1
89400,36.828,0.0,0,0,1,0,22.567,3.539,1,1,1,0,14.455,0.0,0,0.0,0,0,0,1,0,1,0,1,0,0,0,12192.0,2,1,1,1,0,0,1,1,8.6,276.8,0,0,0,0,0,1
89500,36.828,0.0,0,0,1,0,22.921,3.539,1,1,1,0,14.455,0.0,0,0.0,0,0,0,1,0,1,0,1,0,0,0,12192.0,2,1,1,1,0,0,1,1,7.8,266.2,0,0,0,0,0,1
89600,36.828,0.0,0,0,1,0,23.274,3.539,1,1,1,0,14.455,0.0,0,0.0,0,0,0,1,0,1,0,1,0,0,0,12192.0,2,1,1,1,0,0,1,1,8.0,271.3,0,0,0,0,0,1
89700,36.828,0.0,0,0,1,0,23.628,3.539,1,1,1,0,14.455,0.0,0,0.0,0,0,0,1,0,1,0,1,0,0,0,12192.0,2,1,1,1,0,0,1,1,7.8,271.5,0,0,0,0,0,1
89800,36.828,0.0,0,0,1,0,23.982,3.539,1,1,1,0,14.455,0.0,0,0.0,0,0,0,1,0,1,0,1,0,0,0,12192.0,2,1,1,1,0,0,1,1,7.8,276.0,0,0,0,0,0,1
89900,36.828,0.0,0,0,1,0,24.336,3.539,1,1,1,0,14.455,0.0,0,0.0,0,0,0,1,0,1,0,1,0,0,0,12192.0,2,1,1,1,0,0,1,1,8.2,268.6,0,0,0,0,0,1
90000,36.828,0.0,0,0,1,0,24.69,3.539,1,1,1,0,14.455,0.0,0,0.0,0,0,0,1,0,1,0,1,0,0,0,12192.0,2,1,1,1,0,0,1,1,8.5,270.1,0,0,0,0,0,1
90100,36.828,0.0,0,0,1,0,25.044,3.539,1,1,1,0,14.455,0.0,0,0.0,0,0,0,1,0,1,0,1,0,0,0,12192.0,2,1,1,1,0,0,1,1,8.1,270.5,0,0,0,0,0,1
90200,36.828,0.0,0,0,1,0,25.398,3.539,1,1,1,0,14.455,0.0,0,0.0,0,0,0,1,0,1,0,1,0,0,0,12192.0,2,1,1,1,0,0,1,1,8.0,269.2,0,0,0,0,0,1
90300,36.828,0.0,0,0,1,0,25.752,3.539,1,1,1,0,14.455,0.0,0,0.0,0,0,0,1,0,1,0,1,0,0,0,12192.0,2,1,1,1,0,0,1,1,8.8,272.1,0,0,0,0,0,1
90400,36.828,0.0,0,0,1,0,26.105,3.539,1,1,1,0,14.455,0.0,0,0.0,0,0,0,1,0,1,0,1,0,0,0,12192.0,2,1,1,1,0,0,1,1,8.1,270.8,0,0,0,0,0,1
90500,36.828,0.0,0,0,1,0,26.459,3.539,1,1,1,0,14.455,0.0,0,0.0,0,0,0,1,0,1,0,1,0,0,0,12192.0,2,1,1,1,0,0,1,1,8.0,273.2,0,0,0,0,0,1
90600,36.828,0.0,0,0,1,0,26.813,3.539,1,1,1,0,14.455,0.0,0,0.0,0,0,0,1,0,1,0,1,0,0,0,12192.0,2,1,1,1,0,0,1,1,7.9,274.4,0,0,0,0,0,1
90700,36.828,0.0,0,0,1,0,27.167,3.539,1,1,1,0,14.455,0.0,0,0.0,0,0,0,1,0,1,0,1,0,0,0,12192.0,2,1,1,1,0,0,1,1,8.5,268.9,0,0,0,0,0,1
90800,36.828,0.0,0,0,1,0,27.521,3.539,1,1,1,0,14.455,0.0,0,0.0,0,0,0,1,0,1,0,1,0,0,0,12192.0,2,1,1,1,0,0,1,1,8.4,274.6,0,0,0,0,0,1
90900,36.828,0.0,0,0,1,0,27.875,3.539,1,1,1,0,14.455,0.0,0,0.0,0,0,0,1,0,1,0,1,0,0,0,12192.0,2,1,1,1,0,0,1,1,8.0,273.1,0,0,0,0,0,1
91000,36.828,0.0,0,0,1,0,28.229,3.539,1,1,1,0,14.455,0.0,0,0.0,0,0,0,1,0,1,0,1,0,0,0,12192.0,2,1,1,1,0,0,1,1,7.1,268.7,0,0,0,0,0,1
91100,36.828,0.0,0,0,1,0,28.582,3.539,1,1,1,0,14.455,0.0,0,0.0,0,0,0,1,0,1,0,1,0,0,0,12192.0,2,1,1,1,0,0,1,1,8.5,270.4,0,0,0,0,0,1
91200,36.828,0.0,0,0,1,0,28.936,3.539,1,1,1,0,14.455,0.0,0,0.0,0,0,0,1,0,1,0,1,0,0,0,12192.0,2,1,1,1,0,0,1,1,8.0,271.0,0,0,0,0,0,1
91300,36.828,0.0,0,0,1,0,29.29,3.539,1,1,1,0,14.455,0.0,0,0.0,0,0,0,1,0,1,0,1,0,0,0,12192.0,2,1,1,1,0,0,1,1,7.9,266.1,0,0,0,0,0,1
91400,36.828,0.0,0,0,1,0,29.644,3.539,1,1,1,0,14.455,0.0,0,0.0,0,0,0,1,0,1,0,1,0,0,0,12192.0,2,1,1,1,0,0,1,1,9.4,269.3,0,0,0,0,0,1
91500,36.828,0.0,0,0,1,0,29.998,3.539,1,1,1,0,14.455,0.0,0,0.0,0,0,0,1,0,1,0,1,0,0,0,12192.0,2,1,1,1,0,0,1,1,8.1,267.4,0,0,0,0,0,1
91600,36.828,0.0,0,0,1,0,30.352,3.539,1,1,1,0,14.455,0.0,0,0.0,0,0,0,1,0,1,0,1,0,0,0,12192.0,2,1,1,1,0,0,1,1,8.7,273.8,0,0,0,0,0,1
91700,36.828,0.0,0,0,1,0,30.706,3.539,1,1,1,0,14.455,0.0,0,0.0,0,0,0,1,0,1,0,1,0,0,0,12192.0,2,1,1,1,0,0,1,1,8.4,269.5,0,0,0,0,0,1
91800,36.828,0.0,0,0,1,0,31.059,3.539,1,1,1,0,14.455,0.0,0,0.0,0,0,0,1,0,1,0,1,0,0,0,12192.0,2,1,1,1,0,0,1,1,8.3,265.8,0,0,0,0,0,1
91900,36.828,0.0,0,0,1,0,31.413,3.539,1,1,1,0,14.455,0.0,0,0.0,0,0,0,1,0,1,0,1,0,0,0,12192.0,2,1,1,1,0,0,1,1,8.0,273.0,0,0,0,0,0,1
92000,36.828,0.0,0,0,1,0,31.767,3.539,1,1,1,0,14.455,0.0,0,0.0,0,0,0,1,0,1,0,1,0,0,0,12192.0,2,1,1,1,0,0,1,1,8.3,267.0,0,0,0,0,0,1
92100,36.828,0.0,0,0,1,0,32.115,3.477,1,1,1,0,14.455,0.0,0,0.0,0,0,0,1,0,1,0,1,0,0,0,12192.0,2,1,1,1,0,0,1,1,8.7,268.2,0,0,0,0,0,1
92200,36.828,0.0,0,0,1,0,32.456,3.414,1,1,1,0,14.455,0.0,0,0.0,0,0,0,1,0,1,0,1,0,0,0,12192.0,2,1,1,1,0,0,1,1,7.6,274.1,0,0,0,0,0,1
92300,36.828,0.0,0,0,1,0,32.792,3.352,1,1,1,0,14.455,0.0,0,0.0,0,0,0,1,0,1,0,1,0,0,0,12192.0,2,1,1,1,0,0,1,1,8.1,270.6,0,0,0,0,0,1
92400,36.828,0.0,0,0,1,0,33.121,3.29,1,1,1,0,14.455,0.0,0,0.0,0,0,0,1,0,1,0,1,0,0,0,12192.0,2,1,1,1,0,0,1,1,8.7,272.0,0,0,0,0,0,1
92500,36.828,0.0,0,0,1,0,33.443,3.228,1,1,1,0,14.455,0.0,0,0.0,0,0,0,1,0,1,0,1,0,0,0,12192.0,2,1,1,1,0,0,1,1,8.8,268.3,0,0,0,0,0,1
92600,36.828,0.0,0,0,1,0,33.76,3.166,1,1,1,0,14.455,0.0,0,0.0,0,0,0,1,0,1,0,1,0,0,0,12192.0,2,1,1,1,0,0,1,1,8.8,271.3,0,0,0,0,0,1
92700,36.828,0.0,0,0,1,0,34.07,3.104,1,1,1,0,14.455,0.0,0,0.0,0,0,0,1,0,1,0,1,0,0,0,12192.0,2,1,1,1,0,0,1,1,8.0,270.9,0,0,0,0,0,1
92800,36.828,0.0,0,0,1,0,34.375,3.042,1,1,1,0,14.455,0.0,0,0.0,0,0,0,1,0,1,0,1,0,0,0,12192.0,2,1,1,1,0,0,1,1,8.9,271.6,0,0,0,0,0,1
92900,36.828,0.0,0,0,1,0,34.673,2.98,1,1,1,0,14.455,0.0,0,0.0,0,0,0,1,0,1,0,1,0,0,0,12192.0,2,1,1,1,0,0,1,1,8.5,271.5,0,0,0,0,0,1
93000,36.828,0.0,0,0,1,0,34.964,2.918,1,1,1,0,14.455,0.0,0,0.0,0,0,0,1,0,1,0,1,0,0,0,12192.0,2,1,1,1,0,0,1,1,8.6,271.5,0,0,0,0,0,1
93100,36.828,0.0,0,0,1,0,35.25,2.856,1,1,1,0,14.455,0.0,0,0.0,0,0,0,1,0,1,0,1,0,0,0,12192.0,2,1,1,1,0,0,1,1,8.1,264.4,0,0,0,0,0,1
93200,36.828,0.0,0,0,1,0,35.529,2.794,1,1,1,0,14.455,0.0,0,0.0,0,0,0,1,0,1,0,1,0,0,0,12192.0,2,1,1,1,0,0,1,1,8.1,274.0,0,0,0,0,0,1
93300,36.828,0.0,0,0,1,0,35.802,2.732,1,1,1,0,14.455,0.0,0,0.0,0,0,0,1,0,1,0,1,0,0,0,12192.0,2,1,1,1,0,0,1,1,7.9,270.6,0,0,0,0,0,1
93400,36.828,0.0,0,0,1,0,36.069,2.669,1,1,1,0,14.455,0.0,0,0.0,0,0,0,1,0,1,0,1,0,0,0,12192.0,2,1,1,1,0,0,1,1,8.2,272.0,0,0,0,0,0,1
93500,36.828,0.0,0,0,1,0,36.33,2.607,1,1,1,0,14.455,0.0,0,0.0,0,0,0,1,0,1,0,1,0,0,0,12192.0,2,1,1,1,0,0,1,1,8.8,268.6,0,0,0,0,0,1
93600,36.828,0.0,0,0,1,0,36.585,2.545,1,1,1,0,14.455,0.0,0,0.0,0,0,0,1,0,1,0,1,0,0,0,12192.0,2,1,1,1,0,0,1,1,7.5,273.5,0,0,0,0,0,1
93700,36.828,0.0,0,0,1,0,36.833,2.483,1,1,1,0,14.455,0.0,0,0.0,0,0,0,1,0,1,0,1,0,0,0,12192.0,2,1,1,1,0,0,1,1,9.3,267.7,0,0,0,0,0,1
93800,36.828,0.0,0,0,1,0,37.075,2.421,1,1,1,0,14.455,0.0,0,0.0,0,0,0,1,0,1,0,1,0,0,0,12192.0,2,1,1,1,0,0,1,1,8.6,274.7,0,0,0,0,0,1
93900,36.828,0.0,0,0,1,0,37.311,2.359,1,1,1,0,14.455,0.0,0,0.0,0,0,0,1,0,1,0,1,0,0,0,12192.0,2,1,1,1,0,0,1,1,8.9,274.3,0,0,0,0,0,1
94000,36.828,0.0,0,0,1,0,37.541,2.297,1,1,1,0,14.455,0.0,0,0.0,0,0,0,1,0,1,0,1,0,0,0,12192.0,2,1,1,1,0,0,1,1,7.9,272.0,0,0,0,0,0,1
94100,36.828,0.0,0,0,1,0,37.764,2.235,1,1,1,0,14.455,0.0,0,0.0,0,0,0,1,0,1,0,1,0,0,0,12192.0,2,1,1,1,0,0,1,1,8.1,271.9,0,0,0,0,0,1
94200,36.828,0.0,0,0,1,0,37.981,2.173,1,1,1,0,14.455,0.0,0,0.0,0,0,0,1,0,1,0,1,0,0,0,12192.0,2,1,1,1,0,0,1,1,7.6,268.2,0,0,0,0,0,1
94300,36.828,0.0,0,0,1,0,38.192,2.111,1,1,1,0,14.455,0.0,0,0.0,0,0,0,1,0,1,0,1,0,0,0,12192.0,2,1,1,1,0,0,1,1,7.8,267.5,0,0,0,0,0,1
94400,36.828,0.0,0,0,1,0,38.397,2.049,1,1,1,0,14.455,0.0,0,0.0,0,0,0,1,0,1,0,1,0,0,0,12192.0,2,1,1,1,0,0,1,1,7.8,270.2,0,0,0,0,0,1
94500,36.828,0.0,0,0,1,0,38.596,1.987,1,1,1,0,14.455,0.0,0,0.0,0,0,0,1,0,1,0,1,0,0,0,12192.0,2,1,1,1,0,0,1,1,8.1,269.3,0,0,0,0,0,1
94600,36.828,0.0,0,0,1,0,38.788,1.924,1,1,1,0,14.455,0.0,0,0.0,0,0,0,1,0,1,0,1,0,0,0,12192.0,2,1,1,1,0,0,1,1,8.7,274.1,0,0,0,0,0,1
94700,36.828,0.0,0,0,1,0,38.975,1.862,1,1,1,0,14.455,0.0,0,0.0,0,0,0,1,0,1,0,1,0,0,0,12192.0,2,1,1,1,0,0,1,1,7.4,266.6,0,0,0,0,0,1
94800,36.828,0.0,0,0,1,0,39.155,1.8,1,1,1,0,14.455,0.0,0,0.0,0,0,0,1,0,1,0,1,0,0,0,12192.0,2,1,1,1,0,0,1,1,7.8,274.4,0,0,0,0,0,1
94900,36.828,0.0,0,0,1,0,39.328,1.738,1,1,1,0,14.455,0.0,0,0.0,0,0,0,1,0,1,0,1,0,0,0,12192.0,2,1,1,1,0,0,1,1,8.0,267.7,0,0,0,0,0,1
95000,36.828,0.0,0,0,1,0,39.496,1.676,1,1,1,0,14.455,0.0,0,0.0,0,0,0,1,0,1,0,1,0,0,0,12192.0,2,1,1,1,0,0,1,1,8.7,270.2,0,0,0,0,0,1
95100,36.828,0.0,0,0,1,0,39.657,1.614,1,1,1,0,14.455,0.0,0,0.0,0,0,0,1,0,1,0,1,0,0,0,12192.0,2,1,1,1,0,0,1,1,8.1,267.8,0,0,0,0,0,1
95200,36.828,0.0,0,0,1,0,39.813,1.552,1,1,1,0,14.455,0.0,0,0.0,0,0,0,1,0,1,0,1,0,0,0,12192.0,2,1,1,1,0,0,1,1,7.5,268.1,0,0,0,0,0,1
95300,36.828,0.0,0,0,1,0,39.962,1.49,1,1,1,0,14.455,0.0,0,0.0,0,0,0,1,0,1,0,1,0,0,0,12192.0,2,1,1,1,0,0,1,1,7.8,269.3,0,0,0,0,0,1
95400,36.828,0.0,0,0,1,0,40.104,1.428,1,1,1,0,14.455,0.0,0,0.0,0,0,0,1,0,1,0,1,0,0,0,12192.0,2,1,1,1,0,0,1,1,8.2,270.7,0,0,0,0,0,1
95500,36.828,0.0,0,0,1,0,40.241,1.366,1,1,1,0,14.455,0.0,0,0.0,0,0,0,1,0,1,0,1,0,0,0,12192.0,2,1,1,1,0,0,1,1,8.6,266.8,0,0,0,0,0,1
95600,36.828,0.0,0,0,1,0,40.371,1.304,1,1,1,0,14.455,0.0,0,0.0,0,0,0,1,0,1,0,1,0,0,0,12192.0,2,1,1,1,0,0,1,1,7.1,269.5,0,0,0,0,0,1
95700,36.828,0.0,0,0,1,0,40.496,1.241,1,1,1,0,14.455,0.0,0,0.0,0,0,0,1,0,1,0,1,0,0,0,12192.0,2,1,1,1,0,0,1,1,8.0,272.0,0,0,0,0,0,1
95800,36.828,0.0,0,0,1,0,40.613,1.179,1,1,1,0,14.455,0.0,0,0.0,0,0,0,1,0,1,0,1,0,0,0,12192.0,2,1,1,1,0,0,1,1,7.4,267.1,0,0,0,0,0,1
95900,36.828,0.0,0,0,1,0,40.725,1.117,1,1,1,0,14.455,0.0,0,0.0,0,0,0,1,0,1,0,1,0,0,0,12192.0,2,1,1,1,0,0,1,1,7.6,267.7,0,0,0,0,0,1
96000,36.828,0.0,0,0,1,0,40.831,1.055,1,1,1,0,14.455,0.0,0,0.0,0,0,0,1,0,1,0,1,0,0,0,12192.0,2,1,1,1,0,0,1,1,6.9,268.2,0,0,0,0,0,1
96100,36.828,0.0,0,0,1,0,40.93,0.993,1,1,1,0,14.455,0.0,0,0.0,0,0,0,1,0,1,0,1,0,0,0,12192.0,2,1,1,1,0,0,1,1,7.4,268.4,0,0,0,0,0,1
96200,36.828,0.0,0,0,1,0,41.023,0.931,1,1,1,0,14.455,0.0,0,0.0,0,0,0,1,0,1,0,1,0,0,0,12192.0,2,1,1,1,0,0,1,1,8.1,269.6,0,0,0,0,0,1
96300,36.828,0.0,0,0,1,0,41.11,0.869,1,1,1,0,14.455,0.0,0,0.0,0,0,0,1,0,1,0,1,0,0,0,12192.0,2,1,1,1,0,0,1,1,7.7,276.7,0,0,0,0,0,1
96400,36.828,0.0,0,0,1,0,41.191,0.807,1,1,1,0,14.455,0.0,0,0.0,0,0,0,1,0,1,0,1,0,0,0,12192.0,2,1,1,1,0,0,1,1,6.9,272.9,0,0,0,0,0,1
96500,36.828,0.0,0,0,1,0,41.265,0.745,1,1,1,0,14.455,0.0,0,0.0,0,0,0,1,0,1,0,1,0,0,0,12192.0,2,1,1,1,0,0,1,1,6.6,266.4,0,0,0,0,0,1
96600,36.828,0.0,0,0,1,0,41.333,0.683,1,1,1,0,14.455,0.0,0,0.0,0,0,0,1,0,1,0,1,0,0,0,12192.0,2,1,1,1,0,0,1,1,6.8,270.8,0,0,0,0,0,1
96700,36.828,0.0,0,0,1,0,41.396,0.621,1,1,1,0,14.455,0.0,0,0.0,0,0,0,1,0,1,0,1,0,0,0,12192.0,2,1,1,1,0,0,1,1,7.0,267.7,0,0,0,0,0,1
96800,36.828,0.0,0,0,1,0,41.451,0.559,1,1,1,0,14.455,0.0,0,0.0,0,0,0,1,0,1,0,1,0,0,0,12192.0,2,1,1,1,0,0,1,1,6.4,272.9,0,0,0,0,0,1
96900,36.828,0.0,0,0,1,0,41.501,0.496,1,1,1,0,14.455,0.0,0,0.0,0,0,0,1,0,1,0,1,0,0,0,12192.0,2,1,1,1,0,0,1,1,7.9,270.4,0,0,0,0,0,1
97000,36.828,0.0,0,0,1,0,41.544,0.434,1,1,1,0,14.455,0.0,0,0.0,0,0,0,1,0,1,0,1,0,0,0,12192.0,2,1,1,1,0,0,1,1,7.3,268.9,0,0,0,0,0,1
97100,36.828,0.0,0,0,1,0,41.581,0.369,1,1,1,0,14.455,0.0,0,0.0,0,0,0,1,0,1,0,1,0,0,0,12192.0,2,1,1,1,0,0,1,1,7.8,270.4,0,0,0,0,0,1
97200,36.828,0.0,0,0,1,0,41.611,0.3,1,1,1,0,14.455,0.0,0,0.0,0,0,0,1,0,1,0,1,0,0,0,12192.0,2,1,1,1,0,0,1,1,8.3,269.0,0,0,0,0,0,1
97300,36.828,0.0,0,0,1,0,41.634,0.23,1,1,1,0,14.455,0.0,0,0.0,0,0,0,1,0,1,0,1,0,0,0,12192.0,2,1,1,1,0,0,1,1,6.8,270.8,0,0,0,0,0,1
97400,36.828,0.0,0,0,1,0,41.65,0.156,1,1,1,0,14.455,0.0,0,0.0,0,0,0,1,0,1,0,1,0,0,0,12192.0,2,1,1,1,0,0,1,1,7.3,271.0,0,0,0,0,0,1
97500,36.828,0.0,0,0,1,0,41.657,0.071,1,1,1,0,14.455,0.0,0,0.0,0,0,0,1,0,1,0,1,0,0,0,12192.0,2,1,1,1,0,0,1,1,7.9,275.5,0,0,0,0,0,1
97600,36.828,0.0,0,0,0,0,41.658,0.0,0,0,0,0,14.455,0.0,0,0.0,0,0,0,0,0,1,0,1,0,0,0,12192.0,2,1,1,0,1,0,1,1,7.3,268.7,0,0,0,0,0,1
97700,36.828,0.0,0,0,1,0,41.658,0.0,0,0,1,0,14.451,-0.046,0,0.0,0,0,1,1,0,1,0,1,0,0,0,12192.0,2,1,1,1,0,0,1,1,8.2,270.6,0,0,0,0,0,1
97800,36.828,0.0,0,0,1,0,41.658,0.0,0,0,1,0,14.442,-0.093,0,0.0,0,0,1,1,0,1,0,1,0,0,0,12192.0,2,1,1,1,0,0,1,1,7.4,271.5,0,0,0,0,0,1
97900,36.828,0.0,0,0,1,0,41.658,0.0,0,0,1,0,14.428,-0.139,0,0.0,0,0,1,1,0,1,0,1,0,0,0,12192.0,2,1,1,1,0,0,1,1,7.6,273.1,0,0,0,0,0,1
98000,36.828,0.0,0,0,1,0,41.658,0.0,0,0,1,0,14.409,-0.186,0,0.0,0,0,1,1,0,1,0,1,0,0,0,12192.0,2,1,1,1,0,0,1,1,8.2,268.4,0,0,0,0,0,1
98100,36.828,0.0,0,0,1,0,41.658,0.0,0,0,1,0,14.386,-0.232,0,0.0,0,0,1,1,0,1,0,1,0,0,0,12192.0,2,1,1,1,0,0,1,1,6.6,269.7,0,0,0,0,0,1
98200,36.828,0.0,0,0,1,0,41.658,0.0,0,0,1,0,14.358,-0.278,0,0.0,0,0,1,1,0,1,0,1,0,0,0,12192.0,2,1,1,1,0,0,1,1,7.2,269.2,0,0,0,0,0,1
98300,36.828,0.0,0,0,1,0,41.658,0.0,0,0,1,0,14.326,-0.325,0,0.0,0,0,1,1,0,1,0,1,0,0,0,12192.0,2,1,1,1,0,0,1,1,7.3,271.1,0,0,0,0,0,1
98400,36.828,0.0,0,0,1,0,41.658,0.0,0,0,1,0,14.288,-0.371,0,0.0,0,0,1,1,0,1,0,1,0,0,0,12192.0,2,1,1,1,0,0,1,1,9.1,268.7,0,0,0,0,0,1
98500,36.828,0.0,0,0,1,0,41.658,0.0,0,0,1,0,14.247,-0.417,0,0.0,0,0,1,1,0,1,0,1,0,0,0,12192.0,2,1,1,1,0,0,1,1,7.6,270.5,0,0,0,0,0,1
98600,36.828,0.0,0,0,1,0,41.658,0.0,0,0,1,0,14.2,-0.464,0,0.0,0,0,1,1,0,1,0,1,0,0,0,12192.0,2,1,1,1,0,0,1,1,8.0,269.7,0,0,0,0,0,1
98700,36.828,0.0,0,0,1,0,41.658,0.0,0,0,1,0,14.149,-0.51,0,0.0,0,0,1,1,0,1,0,1,0,0,0,12192.0,2,1,1,1,0,0,1,1,8.3,266.5,0,0,0,0,0,1
98800,36.828,0.0,0,0,1,0,41.658,0.0,0,0,1,0,14.094,-0.557,0,0.0,0,0,1,1,0,1,0,1,0,0,0,12192.0,2,1,1,1,0,0,1,1,7.7,272.0,0,0,0,0,0,1
98900,36.828,0.0,0,0,1,0,41.658,0.0,0,0,1,0,14.033,-0.603,0,0.0,0,0,1,1,0,1,0,1,0,0,0,12192.0,2,1,1,1,0,0,1,1,8.5,270.0,0,0,0,0,0,1
99000,36.828,0.0,0,0,1,0,41.658,0.0,0,0,1,0,13.968,-0.649,0,0.0,0,0,1,1,0,1,0,1,0,0,0,12192.0,2,1,1,1,0,0,1,1,7.8,273.1,0,0,0,0,0,1
99100,36.828,0.0,0,0,1,0,41.658,0.0,0,0,1,0,13.899,-0.696,0,0.0,0,0,1,1,0,1,0,1,0,0,0,12192.0,2,1,1,1,0,0,1,1,8.7,269.6,0,0,0,0,0,1
99200,36.828,0.0,0,0,1,0,41.658,0.0,0,0,1,0,13.825,-0.742,0,0.0,0,0,1,1,0,1,0,1,0,0,0,12192.0,2,1,1,1,0,0,1,1,8.4,273.0,0,0,0,0,0,1
99300,36.828,0.0,0,0,1,0,41.658,0.0,0,0,1,0,13.746,-0.788,0,0.0,0,0,1,1,0,1,0,1,0,0,0,12192.0,2,1,1,1,0,0,1,1,7.7,264.5,0,0,0,0,0,1
99400,36.828,0.0,0,0,1,0,41.658,0.0,0,0,1,0,13.662,-0.835,0,0.0,0,0,1,1,0,1,0,1,0,0,0,12192.0,2,1,1,1,0,0,1,1,8.4,273.0,0,0,0,0,0,1
99500,36.828,0.0,0,0,1,0,41.658,0.0,0,0,1,0,13.574,-0.881,0,0.0,0,0,1,1,0,1,0,1,0,0,0,12192.0,2,1,1,1,0,0,1,1,7.8,271.7,0,0,0,0,0,1
99600,36.828,0.0,0,0,1,0,41.658,0.0,0,0,1,0,13.481,-0.928,0,0.0,0,0,1,1,0,1,0,1,0,0,0,12192.0,2,1,1,1,0,0,1,1,7.5,272.4,0,0,0,0,0,1
99700,36.828,0.0,0,0,1,0,41.658,0.0,0,0,1,0,13.384,-0.974,0,0.0,0,0,1,1,0,1,0,1,0,0,0,12192.0,2,1,1,1,0,0,1,1,7.9,270.7,0,0,0,0,0,1
99800,36.828,0.0,0,0,1,0,41.658,0.0,0,0,1,0,13.282,-1.02,0,0.0,0,0,1,1,0,1,0,1,0,0,0,12192.0,2,1,1,1,0,0,1,1,8.7,267.3,0,0,0,0,0,1
99900,36.828,0.0,0,0,1,0,41.658,0.0,0,0,1,0,13.175,-1.067,0,0.0,0,0,1,1,0,1,0,1,0,0,0,12192.0,2,1,1,1,0,0,1,1,8.7,271.7,0,0,0,0,0,1
100000,36.828,0.0,0,0,1,0,41.658,0.0,0,0,1,0,13.064,-1.113,0,0.0,0,0,1,1,0,1,0,1,0,0,0,12192.0,2,1,1,1,0,0,1,1,8.5,267.4,0,0,0,0,0,1
100100,36.828,0.0,0,0,1,0,41.658,0.0,0,0,1,0,12.948,-1.159,0,0.0,0,0,1,1,0,1,0,1,0,0,0,12192.0,2,1,1,1,0,0,1,1,8.6,271.8,0,0,0,0,0,1
100200,36.828,0.0,0,0,1,0,41.658,0.0,0,0,1,0,12.837,-1.113,0,0.0,0,0,1,1,0,1,0,1,0,0,0,12192.0,2,1,1,1,0,0,1,1,7.0,272.5,0,0,0,0,0,1
100300,36.828,0.0,0,0,1,0,41.658,0.0,0,0,1,0,12.73,-1.067,0,0.0,0,0,1,1,0,1,0,1,0,0,0,12192.0,2,1,1,1,0,0,1,1,8.0,272.1,0,0,0,0,0,1
100400,36.828,0.0,0,0,1,0,41.658,0.0,0,0,1,0,12.628,-1.02,0,0.0,0,0,1,1,0,1,0,1,0,0,0,12192.0,2,1,1,1,0,0,1,1,8.4,266.8,0,0,0,0,0,1
100500,36.828,0.0,0,0,1,0,41.658,0.0,0,0,1,0,12.531,-0.974,0,0.0,0,0,1,1,0,1,0,1,0,0,0,12192.0,2,1,1,1,0,0,1,1,8.5,273.6,0,0,0,0,0,1
100600,36.828,0.0,0,0,1,0,41.658,0.0,0,0,1,0,12.438,-0.928,0,0.0,0,0,1,1,0,1,0,1,0,0,0,12192.0,2,1,1,1,0,0,1,1,8.2,269.5,0,0,0,0,0,1
100700,36.828,0.0,0,0,1,0,41.658,0.0,0,0,1,0,12.35,-0.881,0,0.0,0,0,1,1,0,1,0,1,0,0,0,12192.0,2,1,1,1,0,0,1,1,8.8,266.0,0,0,0,0,0,1
100800,36.828,0.0,0,0,1,0,41.658,0.0,0,0,1,0,12.266,-0.835,0,0.0,0,0,1,1,0,1,0,1,0,0,0,12192.0,2,1,1,1,0,0,1,1,9.3,268.7,0,0,0,0,0,1
100900,36.828,0.0,0,0,1,0,41.658,0.0,0,0,1,0,12.188,-0.788,0,0.0,0,0,1,1,0,1,0,1,0,0,0,12192.0,2,1,1,1,0,0,1,1,9.0,267.6,0,0,0,0,0,1
101000,36.828,0.0,0,0,1,0,41.658,0.0,0,0,1,0,12.113,-0.742,0,0.0,0,0,1,1,0,1,0,1,0,0,0,12192.0,2,1,1,1,0,0,1,1,8.4,270.2,0,0,0,0,0,1
101100,36.828,0.0,0,0,1,0,41.658,0.0,0,0,1,0,12.044,-0.695,0,0.0,0,0,1,1,0,1,0,1,0,0,0,12192.0,2,1,1,1,0,0,1,1,8.9,270.4,0,0,0,0,0,1
101200,36.828,0.0,0,0,1,0,41.658,0.0,0,0,1,0,11.979,-0.647,0,0.0,0,0,1,1,0,1,0,1,0,0,0,12192.0,2,1,1,1,0,0,1,1,9.5,271.7,0,0,0,0,0,1
101300,36.828,0.0,0,0,1,0,41.658,0.0,0,0,1,0,11.919,-0.599,0,0.0,0,0,1,1,0,1,0,1,0,0,0,12192.0,2,1,1,1,0,0,1,1,8.4,268.6,0,0,0,0,0,1
101400,36.828,0.0,0,0,1,0,41.658,0.0,0,0,1,0,11.864,-0.551,0,0.0,0,0,1,1,0,1,0,1,0,0,0,12192.0,2,1,1,1,0,0,1,1,8.3,269.0,0,0,0,0,0,1
101500,36.828,0.0,0,0,1,0,41.658,0.0,0,0,1,0,11.814,-0.502,0,0.0,0,0,1,1,0,1,0,1,0,0,0,12192.0,2,1,1,1,0,0,1,1,8.2,271.8,0,0,0,0,0,1
101600,36.828,0.0,0,0,1,0,41.658,0.0,0,0,1,0,11.769,-0.454,0,0.0,0,0,1,1,0,1,0,1,0,0,0,12192.0,2,1,1,1,0,0,1,1,8.1,268.4,0,0,0,0,0,1
101700,36.828,0.0,0,0,1,0,41.658,0.0,0,0,1,0,11.728,-0.404,0,0.0,0,0,1,1,0,1,0,1,0,0,0,12192.0,2,1,1,1,0,0,1,1,8.9,272.3,0,0,0,0,0,1
101800,36.828,0.0,0,0,1,0,41.658,0.0,0,0,1,0,11.693,-0.355,0,0.0,0,0,1,1,0,1,0,1,0,0,0,12192.0,2,1,1,1,0,0,1,1,8.3,269.2,0,0,0,0,0,1
101900,36.828,0.0,0,0,1,0,41.658,0.0,0,0,1,0,11.662,-0.305,0,0.0,0,0,1,1,0,1,0,1,0,0,0,12192.0,2,1,1,1,0,0,1,1,8.2,271.4,0,0,0,0,0,1
102000,36.828,0.0,0,0,1,0,41.658,0.0,0,0,1,0,11.637,-0.255,0,0.0,0,0,1,1,0,1,0,1,0,0,0,12192.0,2,1,1,1,0,0,1,1,8.4,266.0,0,0,0,0,0,1
102100,36.828,0.0,0,0,1,0,41.658,0.0,0,0,1,0,11.616,-0.203,0,0.0,0,0,1,1,0,1,0,1,0,0,0,12192.0,2,1,1,1,0,0,1,1,8.8,270.2,0,0,0,0,0,1
102200,36.828,0.0,0,0,1,0,41.658,0.0,0,0,1,0,11.601,-0.15,0,0.0,0,0,1,1,0,1,0,1,0,0,0,12192.0,2,1,1,1,0,0,1,1,8.4,269.7,0,0,0,0,0,1
102300,36.828,0.0,0,0,1,0,41.658,0.0,0,0,1,0,11.592,-0.092,0,0.0,0,0,1,1,0,1,0,1,0,0,0,12192.0,2,1,1,1,0,0,1,1,7.7,266.3,0,0,0,0,0,1
102400,36.828,0.0,0,0,0,0,41.658,0.0,0,0,0,0,11.587,0.0,0,0.0,0,0,0,0,0,1,0,1,0,0,0,12192.0,2,1,1,0,1,0,1,1,7.9,272.3,0,0,0,0,0,1
102500,36.828,0.0,0,0,0,0,41.658,0.0,0,0,0,0,11.587,0.0,0,0.0,0,0,0,0,0,1,0,1,1,1,0,12192.0,2,1,1,0,1,0,1,1,9.2,269.9,0,0,0,0,0,1
102600,36.828,0.0,0,0,0,0,41.658,0.0,0,0,0,0,11.587,0.0,0,0.0,0,0,0,0,0,1,0,1,1,1,0,12192.0,2,1,1,0,1,0,1,1,8.8,271.1,0,0,0,0,0,1
102700,36.828,0.0,0,0,0,0,41.658,0.0,0,0,0,0,11.587,0.0,0,0.0,0,0,0,0,0,1,0,1,1,1,0,12192.0,2,1,1,0,1,0,1,1,8.9,266.9,0,0,0,0,0,1
102800,36.828,0.0,0,0,0,0,41.658,0.0,0,0,0,0,11.587,0.0,0,0.0,0,0,0,0,0,1,0,1,1,1,0,12192.0,2,1,1,0,1,0,1,1,8.3,268.8,0,0,0,0,0,1
102900,36.828,0.0,0,0,0,0,41.658,0.0,0,0,0,0,11.587,0.0,0,0.0,0,0,0,0,0,1,0,1,1,1,0,12192.0,2,1,1,0,1,0,1,1,7.8,264.8,0,0,0,0,0,1
103000,36.828,0.0,0,0,0,0,41.658,0.0,0,0,0,0,11.587,0.0,0,0.0,0,0,0,0,0,1,0,1,1,1,0,12192.0,2,1,1,0,1,0,1,1,6.9,270.0,0,0,0,0,0,1
103100,36.828,0.0,0,0,0,0,41.658,0.0,0,0,0,0,11.587,0.0,0,0.0,0,0,0,0,0,1,0,1,1,1,0,12192.0,2,1,1,0,1,0,1,1,7.1,268.5,0,0,0,0,0,1
103200,36.828,0.0,0,0,0,0,41.658,0.0,0,0,0,0,11.587,0.0,0,0.0,0,0,0,0,0,1,0,1,1,1,0,12192.0,2,1,1,0,1,0,1,1,7.8,268.3,0,0,0,0,0,1
103300,36.828,0.0,0,0,0,0,41.658,0.0,0,0,0,0,11.587,0.0,0,0.0,0,0,0,0,0,1,0,1,1,1,0,12192.0,2,1,1,0,1,0,1,1,8.4,266.9,0,0,0,0,0,1
103400,36.828,0.0,0,0,0,0,41.658,0.0,0,0,0,0,11.587,0.0,0,0.0,0,0,0,0,0,1,0,1,1,1,0,12192.0,2,1,1,0,1,0,1,1,7.5,268.7,0,0,0,0,0,1
103500,36.828,0.0,0,0,0,0,41.658,0.0,0,0,0,0,11.587,0.0,0,0.0,0,0,0,0,0,1,0,1,1,1,0,12192.0,2,1,1,0,1,0,1,1,7.3,273.8,0,0,0,0,0,1
103600,36.828,0.0,0,0,0,0,41.658,0.0,0,0,0,0,11.587,0.0,0,31.99,0,0,0,0,0,1,1,0,1,1,0,12192.0,2,1,1,0,1,0,1,1,8.2,274.0,0,0,0,0,0,1
103700,36.828,0.0,0,0,0,0,41.658,0.0,0,0,0,0,11.587,0.0,0,32.01,0,0,0,0,0,1,1,0,1,1,0,12192.0,2,1,1,0,1,0,1,1,6.9,264.2,0,0,0,0,0,1
103800,36.828,0.0,0,0,0,0,41.658,0.0,0,0,0,0,11.587,0.0,0,32.28,0,0,0,0,0,1,1,0,1,1,0,12192.0,2,1,1,0,1,0,1,1,7.5,269.0,0,0,0,0,0,1
103900,36.828,0.0,0,0,0,0,41.658,0.0,0,0,0,0,11.587,0.0,0,32.23,0,0,0,0,0,1,1,0,1,1,0,12192.0,2,1,1,0,1,0,1,1,8.2,268.5,0,0,0,0,0,1
104000,36.828,0.0,0,0,0,0,41.658,0.0,0,0,0,0,11.587,0.0,0,32.03,0,0,0,0,0,1,1,0,1,1,0,12192.0,2,1,1,0,1,0,1,1,7.4,274.0,0,0,0,0,0,1
104100,36.828,0.0,0,0,0,0,41.658,0.0,0,0,0,0,11.587,0.0,0,32.03,0,0,0,0,0,1,1,0,1,1,0,12192.0,2,1,1,0,1,0,1,1,7.1,270.2,0,0,0,0,0,1
104200,36.828,0.0,0,0,0,0,41.658,0.0,0,0,0,0,11.587,0.0,0,32.14,0,0,0,0,0,1,1,0,1,1,0,12192.0,2,1,1,0,1,0,1,1,8.2,270.0,0,0,0,0,0,1
104300,36.828,0.0,0,0,0,0,41.658,0.0,0,0,0,0,11.587,0.0,0,31.82,0,0,0,0,0,1,1,0,1,1,0,12192.0,2,1,1,0,1,0,1,1,8.0,266.4,0,0,0,0,0,1
104400,36.828,0.0,0,0,0,0,41.658,0.0,0,0,0,0,11.587,0.0,0,31.91,0,0,0,0,0,1,1,0,1,1,0,12192.0,2,1,1,0,1,0,1,1,7.4,269.0,0,0,0,0,0,1
104500,36.828,0.0,0,0,0,0,41.658,0.0,0,0,0,0,11.587,0.0,0,32.11,0,0,0,0,0,1,1,0,1,1,0,12192.0,2,1,1,0,1,0,1,1,7.3,271.9,0,0,0,0,0,1
104600,36.828,0.0,0,0,0,0,41.658,0.0,0,0,0,0,11.587,0.0,0,32.02,0,0,0,0,0,1,1,0,1,1,0,12192.0,2,1,1,0,1,0,1,1,7.6,274.7,0,0,0,0,0,1
104700,36.828,0.0,0,0,0,0,41.658,0.0,0,0,0,0,11.587,0.0,0,31.93,0,0,0,0,0,1,1,0,1,1,0,12192.0,2,1,1,0,1,0,1,1,7.6,269.6,0,0,0,0,0,1
104800,36.828,0.0,0,0,0,0,41.658,0.0,0,0,0,0,11.587,0.0,0,32.11,0,0,0,0,0,1,1,0,1,1,0,12192.0,2,1,1,0,1,0,1,1,7.5,269.3,0,0,0,0,0,1
104900,36.828,0.0,0,0,0,0,41.658,0.0,0,0,0,0,11.587,0.0,0,32.06,0,0,0,0,0,1,1,0,1,1,0,12192.0,2,1,1,0,1,0,1,1,7.2,267.5,0,0,0,0,0,1
105000,36.828,0.0,0,0,1,0,41.658,0.0,0,0,1,0,11.592,0.046,1,33.29,0,0,1,1,0,1,1,0,0,1,0,12192.0,2,1,1,1,0,0,1,1,7.1,269.3,0,0,0,0,0,1
105100,36.828,0.0,0,0,1,0,41.658,0.0,0,0,1,0,11.601,0.093,1,33.46,0,0,1,1,0,1,1,0,0,1,0,12192.0,2,1,1,1,0,0,1,1,7.1,268.1,0,0,0,0,0,1
105200,36.828,0.0,0,0,1,0,41.658,0.0,0,0,1,0,11.615,0.139,1,33.44,0,0,1,1,0,1,1,0,0,1,0,12192.0,2,1,1,1,0,0,1,1,7.3,269.3,0,0,0,0,0,1
105300,36.828,0.0,0,0,1,0,41.658,0.0,0,0,1,0,11.634,0.186,1,33.39,0,0,1,1,0,1,1,0,0,1,0,12192.0,2,1,1,1,0,0,1,1,7.3,274.9,0,0,0,0,0,1
105400,36.828,0.0,0,0,1,0,41.658,0.0,0,0,1,0,11.657,0.232,1,33.49,0,0,1,1,0,1,1,0,0,1,0,12192.0,2,1,1,1,0,0,1,1,7.5,269.8,0,0,0,0,0,1
105500,36.828,0.0,0,0,1,0,41.658,0.0,0,0,1,0,11.685,0.278,1,33.49,0,0,1,1,0,1,1,0,0,1,0,12192.0,2,1,1,1,0,0,1,1,7.0,269.8,0,0,0,0,0,1
105600,36.828,0.0,0,0,1,0,41.658,0.0,0,0,1,0,11.717,0.325,1,33.56,0,0,1,1,0,1,1,0,0,1,0,12192.0,2,1,1,1,0,0,1,1,6.5,267.6,0,0,0,0,0,1
105700,36.828,0.0,0,0,1,0,41.658,0.0,0,0,1,0,11.754,0.371,1,33.4,0,0,1,1,0,1,1,0,0,1,0,12192.0,2,1,1,1,0,0,1,1,6.8,268.4,0,0,0,0,0,1
105800,36.828,0.0,0,0,1,0,41.658,0.0,0,0,1,0,11.796,0.417,1,33.45,0,0,1,1,0,1,1,0,0,1,0,12192.0,2,1,1,1,0,0,1,1,7.3,268.5,0,0,0,0,0,1
105900,36.828,0.0,0,0,1,0,41.658,0.0,0,0,1,0,11.843,0.464,1,33.56,0,0,1,1,0,1,1,0,0,1,0,12192.0,2,1,1,1,0,0,1,1,8.0,264.9,0,0,0,0,0,1
106000,36.828,0.0,0,0,1,0,41.658,0.0,0,0,1,0,11.894,0.51,1,33.57,0,0,1,1,0,1,1,0,0,1,0,12192.0,2,1,1,1,0,0,1,1,7.2,268.4,0,0,0,0,0,1
106100,36.828,0.0,0,0,1,0,41.658,0.0,0,0,1,0,11.949,0.557,1,33.67,0,0,1,1,0,1,1,0,0,1,0,12192.0,2,1,1,1,0,0,1,1,8.0,271.9,0,0,0,0,0,1
106200,36.828,0.0,0,0,1,0,41.658,0.0,0,0,1,0,12.01,0.603,1,33.61,0,0,1,1,0,1,1,0,0,1,0,12192.0,2,1,1,1,0,0,1,1,7.4,274.2,0,0,0,0,0,1
106300,36.828,0.0,0,0,1,0,41.658,0.0,0,0,1,0,12.074,0.649,1,33.75,0,0,1,1,0,1,1,0,0,1,0,12192.0,2,1,1,1,0,0,1,1,6.7,270.5,0,0,0,0,0,1
106400,36.828,0.0,0,0,1,0,41.658,0.0,0,0,1,0,12.144,0.696,1,33.52,0,0,1,1,0,1,1,0,0,1,0,12192.0,2,1,1,1,0,0,1,1,7.2,267.6,0,0,0,0,0,1
106500,36.828,0.0,0,0,1,0,41.658,0.0,0,0,1,0,12.218,0.742,1,33.58,0,0,1,1,0,1,1,0,0,1,0,12192.0,2,1,1,1,0,0,1,1,7.4,275.2,0,0,0,0,0,1
106600,36.828,0.0,0,0,1,0,41.658,0.0,0,0,1,0,12.297,0.788,1,33.61,0,0,1,1,0,1,1,0,0,1,0,12192.0,2,1,1,1,0,0,1,1,6.9,273.9,0,0,0,0,0,1
106700,36.828,0.0,0,0,1,0,41.658,0.0,0,0,1,0,12.381,0.835,1,33.53,0,0,1,1,0,1,1,0,0,1,0,12192.0,2,1,1,1,0,0,1,1,8.3,271.5,0,0,0,0,0,1
106800,36.828,0.0,0,0,1,0,41.658,0.0,0,0,1,0,12.469,0.881,1,33.53,0,0,1,1,0,1,1,0,0,1,0,12192.0,2,1,1,1,0,0,1,1,7.5,271.6,0,0,0,0,0,1
106900,36.828,0.0,0,0,1,0,41.658,0.0,0,0,1,0,12.561,0.928,1,33.52,0,0,1,1,0,1,1,0,0,1,0,12192.0,2,1,1,1,0,0,1,1,7.7,265.6,0,0,0,0,0,1
107000,36.828,0.0,0,0,1,0,41.658,0.0,0,0,1,0,12.659,0.974,1,33.53,0,0,1,1,0,1,1,0,0,1,0,12192.0,2,1,1,1,0,0,1,1,7.8,269.0,0,0,0,0,0,1
107100,36.828,0.0,0,0,1,0,41.658,0.0,0,0,1,0,12.761,1.02,1,33.42,0,0,1,1,0,1,1,0,0,1,0,12192.0,2,1,1,1,0,0,1,1,7.7,271.3,0,0,0,0,0,1
107200,36.828,0.0,0,0,1,0,41.658,0.0,0,0,1,0,12.868,1.067,1,33.71,0,0,1,1,0,1,1,0,0,1,0,12192.0,2,1,1,1,0,0,1,1,7.9,269.5,0,0,0,0,0,1
107300,36.828,0.0,0,0,1,0,41.658,0.0,0,0,1,0,12.979,1.113,1,33.67,0,0,1,1,0,1,1,0,0,1,0,12192.0,2,1,1,1,0,0,1,1,8.5,269.3,0,0,0,0,0,1
107400,36.828,0.0,0,0,1,0,41.658,0.0,0,0,1,0,13.085,1.067,1,30.5,0,0,1,1,0,1,1,0,0,1,0,12192.0,2,1,1,1,0,0,1,1,8.3,274.3,0,0,0,0,0,1
107500,36.828,0.0,0,0,1,0,41.658,0.0,0,0,1,0,13.188,1.02,1,30.53,0,0,1,1,0,1,1,0,0,1,0,12192.0,2,1,1,1,0,0,1,1,8.4,274.6,0,0,0,0,0,1
107600,36.828,0.0,0,0,1,0,41.658,0.0,0,0,1,0,13.29,1.021,1,33.38,0,0,1,1,0,1,1,0,0,1,0,12192.0,2,1,1,1,0,0,1,1,9.0,266.9,0,0,0,0,0,1
107700,36.828,0.0,0,0,1,0,41.658,0.0,0,0,1,0,13.387,0.974,1,30.33,0,0,1,1,0,1,1,0,0,1,0,12192.0,2,1,1,1,0,0,1,1,7.8,271.2,0,0,0,0,0,1
107800,36.828,0.0,0,0,1,0,41.658,0.0,0,0,1,0,13.48,0.926,1,30.46,0,0,1,1,0,1,1,0,0,1,0,12192.0,2,1,1,1,0,0,1,1,8.0,268.3,0,0,0,0,0,1
107900,36.828,0.0,0,0,1,0,41.658,0.0,0,0,1,0,13.567,0.878,1,30.27,0,0,1,1,0,1,1,0,0,1,0,12192.0,2,1,1,1,0,0,1,1,8.8,270.0,0,0,0,0,0,1
108000,36.828,0.0,0,0,1,0,41.658,0.0,0,0,1,0,13.651,0.831,1,30.38,0,0,1,1,0,1,1,0,0,1,0,12192.0,2,1,1,1,0,0,1,1,7.8,273.5,0,0,0,0,0,1
108100,36.828,0.0,0,0,1,0,41.658,0.0,0,0,1,0,13.729,0.783,1,30.29,0,0,1,1,0,1,1,0,0,1,0,12192.0,2,1,1,1,0,0,1,1,8.4,275.5,0,0,0,0,0,1
108200,36.828,0.0,0,0,1,0,41.658,0.0,0,0,1,0,13.802,0.735,1,30.43,0,0,1,1,0,1,1,0,0,1,0,12192.0,2,1,1,1,0,0,1,1,8.6,270.2,0,0,0,0,0,1
108300,36.828,0.0,0,0,1,0,41.658,0.0,0,0,1,0,13.871,0.687,1,30.73,0,0,1,1,0,1,1,0,0,1,0,12192.0,2,1,1,1,0,0,1,1,9.1,271.0,0,0,0,0,0,1
108400,36.828,0.0,0,0,1,0,41.658,0.0,0,0,1,0,13.935,0.639,1,30.46,0,0,1,1,0,1,1,0,0,1,0,12192.0,2,1,1,1,0,0,1,1,7.6,272.6,0,0,0,0,0,1
108500,36.828,0.0,0,0,1,0,41.658,0.0,0,0,1,0,13.994,0.591,1,30.55,0,0,1,1,0,1,1,0,0,1,0,12192.0,2,1,1,1,0,0,1,1,8.3,273.7,0,0,0,0,0,1
108600,36.828,0.0,0,0,1,0,41.658,0.0,0,0,1,0,14.048,0.543,1,30.66,0,0,1,1,0,1,1,0,0,1,0,12192.0,2,1,1,1,0,0,1,1,9.1,266.7,0,0,0,0,0,1
108700,36.828,0.0,0,0,1,0,41.658,0.0,0,0,1,0,14.098,0.494,1,30.61,0,0,1,1,0,1,1,0,0,1,0,12192.0,2,1,1,1,0,0,1,1,8.5,271.9,0,0,0,0,0,1
108800,36.828,0.0,0,0,1,0,41.658,0.0,0,0,1,0,14.142,0.445,1,30.69,0,0,1,1,0,1,1,0,0,1,0,12192.0,2,1,1,1,0,0,1,1,8.8,271.1,0,0,0,0,0,1
108900,36.828,0.0,0,0,1,0,41.658,0.0,0,0,1,0,14.182,0.396,1,30.51,0,0,1,1,0,1,1,0,0,1,0,12192.0,2,1,1,1,0,0,1,1,8.7,269.9,0,0,0,0,0,1
109000,36.828,0.0,0,0,1,0,41.658,0.0,0,0,1,0,14.217,0.347,1,30.52,0,0,1,1,0,1,1,0,0,1,0,12192.0,2,1,1,1,0,0,1,1,8.0,266.4,0,0,0,0,0,1
109100,36.828,0.0,0,0,1,0,41.658,0.0,0,0,1,0,14.246,0.297,1,30.56,0,0,1,1,0,1,1,0,0,1,0,12192.0,2,1,1,1,0,0,1,1,8.0,269.3,0,0,0,0,0,1
109200,36.828,0.0,0,0,1,0,41.658,0.0,0,0,1,0,14.271,0.246,1,30.43,0,0,1,1,0,1,1,0,0,1,0,12192.0,2,1,1,1,0,0,1,1,8.7,275.5,0,0,0,0,0,1
109300,36.828,0.0,0,0,1,0,41.658,0.0,0,0,1,0,14.29,0.194,1,30.41,0,0,1,1,0,1,1,0,0,1,0,12192.0,2,1,1,1,0,0,1,1,8.4,271.5,0,0,0,0,0,1
109400,36.828,0.0,0,0,1,0,41.658,0.0,0,0,1,0,14.304,0.14,1,30.47,0,0,1,1,0,1,1,0,0,1,0,12192.0,2,1,1,1,0,0,1,1,9.0,268.2,0,0,0,0,0,1
109500,36.828,0.0,0,0,1,0,41.658,0.0,0,0,1,0,14.312,0.082,1,30.57,0,0,1,1,0,1,1,0,0,1,0,12192.0,2,1,1,1,0,0,1,1,9.0,265.7,0,0,0,0,0,1
109600,36.828,0.0,0,0,0,0,41.658,0.0,0,0,0,0,14.316,0.0,0,32.04,0,0,0,0,0,1,1,0,0,1,0,12192.0,2,1,1,0,1,0,1,1,8.7,267.3,0,0,0,0,0,1
109700,36.828,0.0,0,0,1,0,41.652,-0.062,0,1,1,0,14.316,0.0,0,32.06,0,0,0,1,0,1,1,0,0,1,0,12192.0,2,1,1,1,0,0,1,1,8.5,272.0,0,0,0,0,0,1
109800,36.828,0.0,0,0,1,0,41.639,-0.124,0,1,1,0,14.316,0.0,0,31.89,0,0,0,1,0,1,1,0,0,1,0,12192.0,2,1,1,1,0,0,1,1,9.3,275.4,0,0,0,0,0,1
109900,36.828,0.0,0,0,1,0,41.621,-0.186,0,1,1,0,14.316,0.0,0,32.2,0,0,0,1,0,1,1,0,0,1,0,12192.0,2,1,1,1,0,0,1,1,8.3,268.6,0,0,0,0,0,1
110000,36.828,0.0,0,0,1,0,41.596,-0.248,0,1,1,0,14.316,0.0,0,31.92,0,0,0,1,0,1,1,0,0,1,0,12192.0,2,1,1,1,0,0,1,1,8.1,268.5,0,0,0,0,0,1
110100,36.828,0.0,0,0,1,0,41.565,-0.31,0,1,1,0,14.316,0.0,0,31.83,0,0,0,1,0,1,1,0,0,1,0,12192.0,2,1,1,1,0,0,1,1,9.0,271.5,0,0,0,0,0,1
110200,36.828,0.0,0,0,1,0,41.528,-0.373,0,1,1,0,14.316,0.0,0,31.96,0,0,0,1,0,1,1,0,0,1,0,12192.0,2,1,1,1,0,0,1,1,8.6,269.0,0,0,0,0,0,1
110300,36.828,0.0,0,0,1,0,41.484,-0.435,0,1,1,0,14.316,0.0,0,32.15,0,0,0,1,0,1,1,0,0,1,0,12192.0,2,1,1,1,0,0,1,1,8.5,271.8,0,0,0,0,0,1
110400,36.828,0.0,0,0,1,0,41.434,-0.497,0,1,1,0,14.316,0.0,0,31.88,0,0,0,1,0,1,1,0,0,1,0,12192.0,2,1,1,1,0,0,1,1,8.6,268.4,0,0,0,0,0,1
110500,36.828,0.0,0,0,1,0,41.379,-0.559,0,1,1,0,14.316,0.0,0,32.0,0,0,0,1,0,1,1,0,0,1,0,12192.0,2,1,1,1,0,0,1,1,8.3,267.1,0,0,0,0,0,1
110600,36.828,0.0,0,0,1,0,41.316,-0.621,0,1,1,0,14.316,0.0,0,32.24,0,0,0,1,0,1,1,0,0,1,0,12192.0,2,1,1,1,0,0,1,1,8.7,268.3,0,0,0,0,0,1
110700,36.828,0.0,0,0,1,0,41.248,-0.683,0,1,1,0,14.316,0.0,0,32.21,0,0,0,1,0,1,1,0,0,1,0,12192.0,2,1,1,1,0,0,1,1,8.2,271.7,0,0,0,0,0,1
110800,36.828,0.0,0,0,1,0,41.174,-0.745,0,1,1,0,14.316,0.0,0,32.11,0,0,0,1,0,1,1,0,0,1,0,12192.0,2,1,1,1,0,0,1,1,8.7,266.9,0,0,0,0,0,1
110900,36.828,0.0,0,0,1,0,41.093,-0.807,0,1,1,0,14.316,0.0,0,32.04,0,0,0,1,0,1,1,0,0,1,0,12192.0,2,1,1,1,0,0,1,1,8.5,268.0,0,0,0,0,0,1
111000,36.828,0.0,0,0,1,0,41.006,-0.869,0,1,1,0,14.316,0.0,0,31.88,0,0,0,1,0,1,1,0,0,1,0,12192.0,2,1,1,1,0,0,1,1,9.6,269.1,0,0,0,0,0,1
111100,36.828,0.0,0,0,1,0,40.913,-0.931,0,1,1,0,14.316,0.0,0,32.26,0,0,0,1,0,1,1,0,0,1,0,12192.0,2,1,1,1,0,0,1,1,8.3,271.4,0,0,0,0,0,1
111200,36.828,0.0,0,0,1,0,40.814,-0.993,0,1,1,0,14.316,0.0,0,32.08,0,0,0,1,0,1,1,0,0,1,0,12192.0,2,1,1,1,0,0,1,1,7.9,270.8,0,0,0,0,0,1
111300,36.828,0.0,0,0,1,0,40.708,-1.055,0,1,1,0,14.316,0.0,0,32.14,0,0,0,1,0,1,1,0,0,1,0,12192.0,2,1,1,1,0,0,1,1,7.7,272.3,0,0,0,0,0,1
111400,36.828,0.0,0,0,1,0,40.596,-1.118,0,1,1,0,14.316,0.0,0,32.0,0,0,0,1,0,1,1,0,0,1,0,12192.0,2,1,1,1,0,0,1,1,7.7,268.5,0,0,0,0,0,1
111500,36.828,0.0,0,0,1,0,40.478,-1.18,0,1,1,0,14.316,0.0,0,31.81,0,0,0,1,0,1,1,0,0,1,0,12192.0,2,1,1,1,0,0,1,1,8.2,272.6,0,0,0,0,0,1
111600,36.828,0.0,0,0,1,0,40.354,-1.242,0,1,1,0,14.316,0.0,0,31.93,0,0,0,1,0,1,1,0,0,1,0,12192.0,2,1,1,1,0,0,1,1,9.0,269.0,0,0,0,0,0,1
111700,36.828,0.0,0,0,1,0,40.224,-1.304,0,1,1,0,14.316,0.0,0,32.0,0,0,0,1,0,1,1,0,0,1,0,12192.0,2,1,1,1,0,0,1,1,8.0,264.8,0,0,0,0,0,1
111800,36.828,0.0,0,0,1,0,40.087,-1.366,0,1,1,0,14.316,0.0,0,31.95,0,0,0,1,0,1,1,0,0,1,0,12192.0,2,1,1,1,0,0,1,1,8.1,271.0,0,0,0,0,0,1
111900,36.828,0.0,0,0,1,0,39.944,-1.428,0,1,1,0,14.316,0.0,0,32.03,0,0,0,1,0,1,1,0,0,1,0,12192.0,2,1,1,1,0,0,1,1,8.0,270.2,0,0,0,0,0,1
112000,36.828,0.0,0,0,1,0,39.795,-1.49,0,1,1,0,14.316,0.0,0,32.04,0,0,0,1,0,1,1,0,0,1,0,12192.0,2,1,1,1,0,0,1,1,7.7,266.4,0,0,0,0,0,1
112100,36.828,0.0,0,0,1,0,39.64,-1.552,0,1,1,0,14.316,0.0,0,32.07,0,0,0,1,0,1,1,0,0,1,0,12192.0,2,1,1,1,0,0,1,1,8.3,270.9,0,0,0,0,0,1
112200,36.828,0.0,0,0,1,0,39.479,-1.614,0,1,1,0,14.316,0.0,0,32.05,0,0,0,1,0,1,1,0,0,1,0,12192.0,2,1,1,1,0,0,1,1,7.9,272.6,0,0,0,0,0,1
112300,36.828,0.0,0,0,1,0,39.311,-1.676,0,1,1,0,14.316,0.0,0,32.01,0,0,0,1,0,1,1,0,0,1,0,12192.0,2,1,1,1,0,0,1,1,7.9,270.4,0,0,0,0,0,1
112400,36.828,0.0,0,0,1,0,39.137,-1.738,0,1,1,0,14.316,0.0,0,31.97,0,0,0,1,0,1,1,0,0,1,0,12192.0,2,1,1,1,0,0,1,1,7.9,272.3,0,0,0,0,0,1
112500,36.828,0.0,0,0,1,0,38.957,-1.8,0,1,1,0,14.316,0.0,0,31.96,0,0,0,1,0,1,1,0,0,1,0,12192.0,2,1,1,1,0,0,1,1,7.3,266.3,0,0,0,0,0,1
112600,36.828,0.0,0,0,1,0,38.771,-1.863,0,1,1,0,14.316,0.0,0,32.2,0,0,0,1,0,1,1,0,0,1,0,12192.0,2,1,1,1,0,0,1,1,7.1,272.4,0,0,0,0,0,1
112700,36.828,0.0,0,0,1,0,38.579,-1.925,0,1,1,0,14.316,0.0,0,32.04,0,0,0,1,0,1,1,0,0,1,0,12192.0,2,1,1,1,0,0,1,1,6.5,267.7,0,0,0,0,0,1
112800,36.828,0.0,0,0,1,0,38.38,-1.987,0,1,1,0,14.316,0.0,0,32.03,0,0,0,1,0,1,1,0,0,1,0,12192.0,2,1,1,1,0,0,1,1,8.1,273.8,0,0,0,0,0,1
112900,36.828,0.0,0,0,1,0,38.175,-2.049,0,1,1,0,14.316,0.0,0,32.01,0,0,0,1,0,1,1,0,0,1,0,12192.0,2,1,1,1,0,0,1,1,8.4,270.3,0,0,0,0,0,1
113000,36.828,0.0,0,0,1,0,37.964,-2.111,0,1,1,0,14.316,0.0,0,31.74,0,0,0,1,0,1,1,0,0,1,0,12192.0,2,1,1,1,0,0,1,1,7.7,267.1,0,0,0,0,0,1
113100,36.828,0.0,0,0,1,0,37.747,-2.173,0,1,1,0,14.316,0.0,0,31.91,0,0,0,1,0,1,1,0,0,1,0,12192.0,2,1,1,1,0,0,1,1,7.2,268.9,0,0,0,0,0,1
113200,36.828,0.0,0,0,1,0,37.523,-2.235,0,1,1,0,14.316,0.0,0,32.03,0,0,0,1,0,1,1,0,0,1,0,12192.0,2,1,1,1,0,0,1,1,7.9,271.8,0,0,0,0,0,1
113300,36.828,0.0,0,0,1,0,37.293,-2.297,0,1,1,0,14.316,0.0,0,31.85,0,0,0,1,0,1,1,0,0,1,0,12192.0,2,1,1,1,0,0,1,1,7.6,267.5,0,0,0,0,0,1
113400,36.828,0.0,0,0,1,0,37.057,-2.359,0,1,1,0,14.316,0.0,0,31.94,0,0,0,1,0,1,1,0,0,1,0,12192.0,2,1,1,1,0,0,1,1,7.8,265.7,0,0,0,0,0,1
113500,36.828,0.0,0,0,1,0,36.815,-2.421,0,1,1,0,14.316,0.0,0,31.96,0,0,0,1,0,1,1,0,0,1,0,12192.0,2,1,1,1,0,0,1,1,7.7,273.0,0,0,0,0,0,1
113600,36.828,0.0,0,0,1,0,36.567,-2.483,0,1,1,0,14.316,0.0,0,32.05,0,0,0,1,0,1,1,0,0,1,0,12192.0,2,1,1,1,0,0,1,1,7.7,272.3,0,0,0,0,0,1
113700,36.828,0.0,0,0,1,0,36.312,-2.545,0,1,1,0,14.316,0.0,0,31.97,0,0,0,1,0,1,1,0,0,1,0,12192.0,2,1,1,1,0,0,1,1,8.1,268.0,0,0,0,0,0,1
113800,36.828,0.0,0,0,1,0,36.052,-2.608,0,1,1,0,14.316,0.0,0,31.92,0,0,0,1,0,1,1,0,0,1,0,12192.0,2,1,1,1,0,0,1,1,7.2,268.2,0,0,0,0,0,1
113900,36.828,0.0,0,0,1,0,35.785,-2.67,0,1,1,0,14.316,0.0,0,31.81,0,0,0,1,0,1,1,0,0,1,0,12192.0,2,1,1,1,0,0,1,1,7.1,269.8,0,0,0,0,0,1
114000,36.828,0.0,0,0,1,0,35.512,-2.732,0,1,1,0,14.316,0.0,0,32.07,0,0,0,1,0,1,1,0,0,1,0,12192.0,2,1,1,1,0,0,1,1,7.1,263.7,0,0,0,0,0,1
114100,36.828,0.0,0,0,1,0,35.232,-2.794,0,1,1,0,14.316,0.0,0,31.89,0,0,0,1,0,1,1,0,0,1,0,12192.0,2,1,1,1,0,0,1,1,7.9,268.2,0,0,0,0,0,1
114200,36.828,0.0,0,0,1,0,34.947,-2.856,0,1,1,0,14.316,0.0,0,31.8,0,0,0,1,0,1,1,0,0,1,0,12192.0,2,1,1,1,0,0,1,1,7.1,270.1,0,0,0,0,0,1
114300,36.828,0.0,0,0,1,0,34.655,-2.918,0,1,1,0,14.316,0.0,0,32.05,0,0,0,1,0,1,1,0,0,1,0,12192.0,2,1,1,1,0,0,1,1,7.7,264.1,0,0,0,0,0,1
114400,36.828,0.0,0,0,1,0,34.357,-2.98,0,1,1,0,14.316,0.0,0,31.72,0,0,0,1,0,1,1,0,0,1,0,12192.0,2,1,1,1,0,0,1,1,7.3,276.5,0,0,0,0,0,1
114500,36.828,0.0,0,0,1,0,34.053,-3.042,0,1,1,0,14.316,0.0,0,31.85,0,0,0,1,0,1,1,0,0,1,0,12192.0,2,1,1,1,0,0,1,1,7.2,267.2,0,0,0,0,0,1
114600,36.828,0.0,0,0,1,0,33.742,-3.104,0,1,1,0,14.316,0.0,0,31.76,0,0,0,1,0,1,1,0,0,1,0,12192.0,2,1,1,1,0,0,1,1,8.2,268.9,0,0,0,0,0,1
114700,36.828,0.0,0,0,1,0,33.426,-3.166,0,1,1,0,14.316,0.0,0,32.06,0,0,0,1,0,1,1,0,0,1,0,12192.0,2,1,1,1,0,0,1,1,6.7,268.8,0,0,0,0,0,1
114800,36.828,0.0,0,0,1,0,33.103,-3.228,0,1,1,0,14.316,0.0,0,32.01,0,0,0,1,0,1,1,0,0,1,0,12192.0,2,1,1,1,0,0,1,1,7.5,270.9,0,0,0,0,0,1
114900,36.828,0.0,0,0,1,0,32.774,-3.29,0,1,1,0,14.316,0.0,0,32.23,0,0,0,1,0,1,1,0,0,1,0,12192.0,2,1,1,1,0,0,1,1,7.0,269.0,0,0,0,0,0,1
115000,36.828,0.0,0,0,1,0,32.438,-3.353,0,1,1,0,14.316,0.0,0,32.08,0,0,0,1,0,1,1,0,0,1,0,12192.0,2,1,1,1,0,0,1,1,7.8,272.9,0,0,0,0,0,1
115100,36.828,0.0,0,0,1,0,32.097,-3.415,0,1,1,0,14.316,0.0,0,32.08,0,0,0,1,0,1,1,0,0,1,0,12192.0,2,1,1,1,0,0,1,1,7.7,270.9,0,0,0,0,0,1
115200,36.828,0.0,0,0,1,0,31.749,-3.477,0,1,1,0,14.316,0.0,0,32.12,0,0,0,1,0,1,1,0,0,1,0,12192.0,2,1,1,1,0,0,1,1,7.5,270.9,0,0,0,0,0,1
115300,36.828,0.0,0,0,1,0,31.395,-3.539,0,1,1,0,14.316,0.0,0,32.02,0,0,0,1,0,1,1,0,0,1,0,12192.0,2,1,1,1,0,0,1,1,7.8,265.6,0,0,0,0,0,1
115400,36.828,0.0,0,0,1,0,31.042,-3.539,0,1,1,0,14.316,0.0,0,31.95,0,0,0,1,0,1,1,0,0,1,0,12192.0,2,1,1,1,0,0,1,1,7.8,268.6,0,0,0,0,0,1
115500,36.828,0.0,0,0,1,0,30.688,-3.539,0,1,1,0,14.316,0.0,0,32.13,0,0,0,1,0,1,1,0,0,1,0,12192.0,2,1,1,1,0,0,1,1,6.8,273.4,0,0,0,0,0,1
115600,36.828,0.0,0,0,1,0,30.334,-3.539,0,1,1,0,14.316,0.0,0,31.89,0,0,0,1,0,1,1,0,0,1,0,12192.0,2,1,1,1,0,0,1,1,8.2,268.0,0,0,0,0,0,1
115700,36.828,0.0,0,0,1,0,29.98,-3.539,0,1,1,0,14.316,0.0,0,32.11,0,0,0,1,0,1,1,0,0,1,0,12192.0,2,1,1,1,0,0,1,1,8.0,269.8,0,0,0,0,0,1
115800,36.828,0.0,0,0,1,0,29.626,-3.539,0,1,1,0,14.316,0.0,0,32.01,0,0,0,1,0,1,1,0,0,1,0,12192.0,2,1,1,1,0,0,1,1,7.8,267.5,0,0,0,0,0,1
115900,36.828,0.0,0,0,1,0,29.272,-3.539,0,1,1,0,14.316,0.0,0,31.87,0,0,0,1,0,1,1,0,0,1,0,12192.0,2,1,1,1,0,0,1,1,6.9,270.8,0,0,0,0,0,1
116000,36.828,0.0,0,0,1,0,28.918,-3.539,0,1,1,0,14.316,0.0,0,32.02,0,0,0,1,0,1,1,0,0,1,0,12192.0,2,1,1,1,0,0,1,1,8.3,273.5,0,0,0,0,0,1
116100,36.828,0.0,0,0,1,0,28.564,-3.539,0,1,1,0,14.316,0.0,0,31.96,0,0,0,1,0,1,1,0,0,1,0,12192.0,2,1,1,1,0,0,1,1,7.4,274.2,0,0,0,0,0,1
116200,36.828,0.0,0,0,1,0,28.211,-3.539,0,1,1,0,14.316,0.0,0,32.02,0,0,0,1,0,1,1,0,0,1,0,12192.0,2,1,1,1,0,0,1,1,7.2,268.5,0,0,0,0,0,1
116300,36.828,0.0,0,0,1,0,27.857,-3.539,0,1,1,0,14.316,0.0,0,32.04,0,0,0,1,0,1,1,0,0,1,0,12192.0,2,1,1,1,0,0,1,1,7.3,267.3,0,0,0,0,0,1
116400,36.828,0.0,0,0,1,0,27.503,-3.539,0,1,1,0,14.316,0.0,0,31.98,0,0,0,1,0,1,1,0,0,1,0,12192.0,2,1,1,1,0,0,1,1,8.0,269.5,0,0,0,0,0,1
116500,36.828,0.0,0,0,1,0,27.149,-3.539,0,1,1,0,14.316,0.0,0,32.16,0,0,0,1,0,1,1,0,0,1,0,12192.0,2,1,1,1,0,0,1,1,8.5,269.1,0,0,0,0,0,1
116600,36.828,0.0,0,0,1,0,26.795,-3.539,0,1,1,0,14.316,0.0,0,32.17,0,0,0,1,0,1,1,0,0,1,0,12192.0,2,1,1,1,0,0,1,1,7.9,265.7,0,0,0,0,0,1
116700,36.828,0.0,0,0,1,0,26.441,-3.539,0,1,1,0,14.316,0.0,0,32.12,0,0,0,1,0,1,1,0,0,1,0,12192.0,2,1,1,1,0,0,1,1,8.8,272.7,0,0,0,0,0,1
116800,36.828,0.0,0,0,1,0,26.087,-3.539,0,1,1,0,14.316,0.0,0,32.11,0,0,0,1,0,1,1,0,0,1,0,12192.0,2,1,1,1,0,0,1,1,7.7,275.3,0,0,0,0,0,1
116900,36.828,0.0,0,0,1,0,25.734,-3.539,0,1,1,0,14.316,0.0,0,31.93,0,0,0,1,0,1,1,0,0,1,0,12192.0,2,1,1,1,0,0,1,1,8.1,272.3,0,0,0,0,0,1
117000,36.828,0.0,0,0,1,0,25.38,-3.539,0,1,1,0,14.316,0.0,0,31.81,0,0,0,1,0,1,1,0,0,1,0,12192.0,2,1,1,1,0,0,1,1,8.4,271.7,0,0,0,0,0,1
117100,36.828,0.0,0,0,1,0,25.026,-3.539,0,1,1,0,14.316,0.0,0,32.2,0,0,0,1,0,1,1,0,0,1,0,12192.0,2,1,1,1,0,0,1,1,8.2,270.3,0,0,0,0,0,1
117200,36.828,0.0,0,0,1,0,24.672,-3.539,0,1,1,0,14.316,0.0,0,32.03,0,0,0,1,0,1,1,0,0,1,0,12192.0,2,1,1,1,0,0,1,1,8.6,269.8,0,0,0,0,0,1
117300,36.828,0.0,0,0,1,0,24.318,-3.539,0,1,1,0,14.316,0.0,0,32.13,0,0,0,1,0,1,1,0,0,1,0,12192.0,2,1,1,1,0,0,1,1,7.6,267.3,0,0,0,0,0,1
117400,36.828,0.0,0,0,1,0,23.964,-3.539,0,1,1,0,14.316,0.0,0,31.96,0,0,0,1,0,1,1,0,0,1,0,12192.0,2,1,1,1,0,0,1,1,8.5,272.0,0,0,0,0,0,1
117500,36.828,0.0,0,0,1,0,23.61,-3.539,0,1,1,0,14.316,0.0,0,32.31,0,0,0,1,0,1,1,0,0,1,0,12192.0,2,1,1,1,0,0,1,1,8.7,268.7,0,0,0,0,0,1
117600,36.828,0.0,0,0,1,0,23.257,-3.539,0,1,1,0,14.316,0.0,0,32.27,0,0,0,1,0,1,1,0,0,1,0,12192.0,2,1,1,1,0,0,1,1,8.1,270.6,0,0,0,0,0,1
117700,36.828,0.0,0,0,1,0,22.903,-3.539,0,1,1,0,14.316,0.0,0,32.26,0,0,0,1,0,1,1,0,0,1,0,12192.0,2,1,1,1,0,0,1,1,8.2,268.7,0,0,0,0,0,1
117800,36.828,0.0,0,0,1,0,22.549,-3.539,0,1,1,0,14.316,0.0,0,32.06,0,0,0,1,0,1,1,0,0,1,0,12192.0,2,1,1,1,0,0,1,1,7.6,272.6,0,0,0,0,0,1
117900,36.828,0.0,0,0,1,0,22.195,-3.539,0,1,1,0,14.316,0.0,0,31.87,0,0,0,1,0,1,1,0,0,1,0,12192.0,2,1,1,1,0,0,1,1,8.3,271.5,0,0,0,0,0,1
118000,36.828,0.0,0,0,1,0,21.841,-3.539,0,1,1,0,14.316,0.0,0,31.97,0,0,0,1,0,1,1,0,0,1,0,12192.0,2,1,1,1,0,0,1,1,8.4,269.2,0,0,0,0,0,1
118100,36.828,0.0,0,0,1,0,21.487,-3.539,0,1,1,0,14.316,0.0,0,32.05,0,0,0,1,0,1,1,0,0,1,0,12192.0,2,1,1,1,0,0,1,1,7.9,269.4,0,0,0,0,0,1
118200,36.828,0.0,0,0,1,0,21.133,-3.539,0,1,1,0,14.316,0.0,0,32.04,0,0,0,1,0,1,1,0,0,1,0,12192.0,2,1,1,1,0,0,1,1,8.8,267.2,0,0,0,0,0,1
118300,36.828,0.0,0,0,1,0,20.78,-3.539,0,1,1,0,14.316,0.0,0,32.09,0,0,0,1,0,1,1,0,0,1,0,12192.0,2,1,1,1,0,0,1,1,8.8,271.8,0,0,0,0,0,1
118400,36.828,0.0,0,0,1,0,20.426,-3.539,0,1,1,0,14.316,0.0,0,31.86,0,0,0,1,0,1,1,0,0,1,0,12192.0,2,1,1,1,0,0,1,1,8.5,272.7,0,0,0,0,0,1
118500,36.828,0.0,0,0,1,0,20.072,-3.539,0,1,1,0,14.316,0.0,0,31.88,0,0,0,1,0,1,1,0,0,1,0,12192.0,2,1,1,1,0,0,1,1,8.3,267.9,0,0,0,0,0,1
118600,36.828,0.0,0,0,1,0,19.718,-3.539,0,1,1,0,14.316,0.0,0,32.06,0,0,0,1,0,1,1,0,0,1,0,12192.0,2,1,1,1,0,0,1,1,8.9,271.4,0,0,0,0,0,1
118700,36.828,0.0,0,0,1,0,19.364,-3.539,0,1,1,0,14.316,0.0,0,32.01,0,0,0,1,0,1,1,0,0,1,0,12192.0,2,1,1,1,0,0,1,1,9.2,266.2,0,0,0,0,0,1
118800,36.828,0.0,0,0,1,0,19.01,-3.539,0,1,1,0,14.316,0.0,0,31.91,0,0,0,1,0,1,1,0,0,1,0,12192.0,2,1,1,1,0,0,1,1,8.3,273.7,0,0,0,0,0,1
118900,36.828,0.0,0,0,1,0,18.656,-3.539,0,1,1,0,14.316,0.0,0,32.11,0,0,0,1,0,1,1,0,0,1,0,12192.0,2,1,1,1,0,0,1,1,8.5,266.0,0,0,0,0,0,1
119000,36.828,0.0,0,0,1,0,18.303,-3.539,0,1,1,0,14.316,0.0,0,31.91,0,0,0,1,0,1,1,0,0,1,0,12192.0,2,1,1,1,0,0,1,1,8.6,269.2,0,0,0,0,0,1
119100,36.828,0.0,0,0,1,0,17.955,-3.477,0,1,1,0,14.316,0.0,0,32.01,0,0,0,1,0,1,1,0,0,1,0,12192.0,2,1,1,1,0,0,1,1,8.4,269.3,0,0,0,0,0,1
119200,36.828,0.0,0,0,1,0,17.613,-3.414,0,1,1,0,14.316,0.0,0,32.04,0,0,0,1,0,1,1,0,0,1,0,12192.0,2,1,1,1,0,0,1,1,8.7,272.1,0,0,0,0,0,1
119300,36.828,0.0,0,0,1,0,17.278,-3.352,0,1,1,0,14.316,0.0,0,31.97,0,0,0,1,0,1,1,0,0,1,0,12192.0,2,1,1,1,0,0,1,1,8.4,267.8,0,0,0,0,0,1
119400,36.828,0.0,0,0,1,0,16.949,-3.29,0,1,1,0,14.316,0.0,0,32.02,0,0,0,1,0,1,1,0,0,1,0,12192.0,2,1,1,1,0,0,1,1,8.8,271.9,0,0,0,0,0,1
119500,36.828,0.0,0,0,1,0,16.626,-3.228,0,1,1,0,14.316,0.0,0,32.0,0,0,0,1,0,1,1,0,0,1,0,12192.0,2,1,1,1,0,0,1,1,8.0,273.7,0,0,0,0,0,1
119600,36.828,0.0,0,0,1,0,16.31,-3.166,0,1,1,0,14.316,0.0,0,32.0,0,0,0,1,0,1,1,0,0,1,0,12192.0,2,1,1,1,0,0,1,1,8.1,272.8,0,0,0,0,0,1
119700,36.828,0.0,0,0,1,0,15.999,-3.104,0,1,1,0,14.316,0.0,0,32.02,0,0,0,1,0,1,1,0,0,1,0,12192.0,2,1,1,1,0,0,1,1,8.7,269.1,0,0,0,0,0,1
119800,36.828,0.0,0,0,1,0,15.695,-3.042,0,1,1,0,14.316,0.0,0,32.0,0,0,0,1,0,1,1,0,0,1,0,12192.0,2,1,1,1,0,0,1,1,8.3,267.3,0,0,0,0,0,1
119900,36.828,0.0,0,0,1,0,15.397,-2.98,0,1,1,0,14.316,0.0,0,31.92,0,0,0,1,0,1,1,0,0,1,0,12192.0,2,1,1,1,0,0,1,1,8.9,270.4,0,0,0,0,0,1
120000,36.828,0.0,0,0,1,0,15.105,-2.918,0,1,1,0,14.316,0.0,0,32.11,0,0,0,1,0,1,1,0,0,1,0,12192.0,2,1,1,1,0,0,1,1,7.9,268.3,0,0,0,0,0,1
120100,36.828,0.0,0,0,1,0,14.82,-2.856,0,1,1,0,14.316,0.0,0,31.89,0,0,0,1,0,1,1,0,0,1,0,12192.0,2,1,1,1,0,0,1,1,8.3,267.8,0,0,0,0,0,1
120200,36.828,0.0,0,0,1,0,14.54,-2.794,0,1,1,0,14.316,0.0,0,32.01,0,0,0,1,0,1,1,0,0,1,0,12192.0,2,1,1,1,0,0,1,1,8.9,268.6,0,0,0,0,0,1
120300,36.828,0.0,0,0,1,0,14.267,-2.732,0,1,1,0,14.316,0.0,0,31.96,0,0,0,1,0,1,1,0,0,1,0,12192.0,2,1,1,1,0,0,1,1,7.8,268.9,0,0,0,0,0,1
120400,36.828,0.0,0,0,1,0,14.0,-2.669,0,1,1,0,14.316,0.0,0,32.02,0,0,0,1,0,1,1,0,0,1,0,12192.0,2,1,1,1,0,0,1,1,8.3,269.4,0,0,0,0,0,1
120500,36.828,0.0,0,0,1,0,13.74,-2.607,0,1,1,0,14.316,0.0,0,32.09,0,0,0,1,0,1,1,0,0,1,0,12192.0,2,1,1,1,0,0,1,1,8.1,272.1,0,0,0,0,0,1
120600,36.828,0.0,0,0,1,0,13.485,-2.545,0,1,1,0,14.316,0.0,0,32.04,0,0,0,1,0,1,1,0,0,1,0,12192.0,2,1,1,1,0,0,1,1,8.6,268.7,0,0,0,0,0,1
120700,36.828,0.0,0,0,1,0,13.231,-2.546,0,1,1,0,14.316,0.0,0,32.2,0,0,0,1,0,1,1,0,0,1,0,12192.0,2,1,1,1,0,0,1,1,8.2,269.7,0,0,0,0,0,1
120800,36.828,0.0,0,0,1,0,12.982,-2.483,0,1,1,0,14.316,0.0,0,31.99,0,0,0,1,0,1,1,0,0,1,0,12192.0,2,1,1,1,0,0,1,1,8.0,267.7,0,0,0,0,0,1
120900,36.828,0.0,0,0,1,0,12.74,-2.42,0,1,1,0,14.316,0.0,0,32.2,0,0,0,1,0,1,1,0,0,1,0,12192.0,2,1,1,1,0,0,1,1,8.8,272.2,0,0,0,0,0,1
121000,36.828,0.0,0,0,1,0,12.505,-2.357,0,1,1,0,14.316,0.0,0,31.92,0,0,0,1,0,1,1,0,0,1,0,12192.0,2,1,1,1,0,0,1,1,8.7,266.9,0,0,0,0,0,1
121100,36.828,0.0,0,0,1,0,12.275,-2.294,0,1,1,0,14.316,0.0,0,31.98,0,0,0,1,0,1,1,0,0,1,0,12192.0,2,1,1,1,0,0,1,1,8.3,265.6,0,0,0,0,0,1
121200,36.828,0.0,0,0,1,0,12.052,-2.231,0,1,1,0,14.316,0.0,0,32.06,0,0,0,1,0,1,1,0,0,1,0,12192.0,2,1,1,1,0,0,1,1,7.3,266.4,0,0,0,0,0,1
121300,36.828,0.0,0,0,1,0,11.835,-2.168,0,1,1,0,14.316,0.0,0,32.08,0,0,0,1,0,1,1,0,0,1,0,12192.0,2,1,1,1,0,0,1,1,8.1,275.0,0,0,0,0,0,1
121400,36.828,0.0,0,0,1,0,11.625,-2.105,0,1,1,0,14.316,0.0,0,32.05,0,0,0,1,0,1,1,0,0,1,0,12192.0,2,1,1,1,0,0,1,1,7.8,270.7,0,0,0,0,0,1
121500,36.828,0.0,0,0,1,0,11.421,-2.042,0,1,1,0,14.316,0.0,0,31.93,0,0,0,1,0,1,1,0,0,1,0,12192.0,2,1,1,1,0,0,1,1,7.5,266.8,0,0,0,0,0,1
121600,36.828,0.0,0,0,1,0,11.223,-1.979,0,1,1,0,14.316,0.0,0,32.14,0,0,0,1,0,1,1,0,0,1,0,12192.0,2,1,1,1,0,0,1,1,7.8,270.3,0,0,0,0,0,1
121700,36.828,0.0,0,0,1,0,11.031,-1.916,0,1,1,0,14.316,0.0,0,31.95,0,0,0,1,0,1,1,0,0,1,0,12192.0,2,1,1,1,0,0,1,1,7.8,271.2,0,0,0,0,0,1
121800,36.828,0.0,0,0,1,0,10.846,-1.853,0,1,1,0,14.316,0.0,0,31.87,0,0,0,1,0,1,1,0,0,1,0,12192.0,2,1,1,1,0,0,1,1,8.1,270.6,0,0,0,0,0,1
121900,36.828,0.0,0,0,1,0,10.667,-1.79,0,1,1,0,14.316,0.0,0,32.3,0,0,0,1,0,1,1,0,0,1,0,12192.0,2,1,1,1,0,0,1,1,8.7,274.6,0,0,0,0,0,1
122000,36.828,0.0,0,0,1,0,10.494,-1.726,0,1,1,0,14.316,0.0,0,31.93,0,0,0,1,0,1,1,0,0,1,0,12192.0,2,1,1,1,0,0,1,1,8.1,268.8,0,0,0,0,0,1
122100,36.828,0.0,0,0,1,0,10.328,-1.663,0,1,1,0,14.316,0.0,0,31.84,0,0,0,1,0,1,1,0,0,1,0,12192.0,2,1,1,1,0,0,1,1,8.3,270.7,0,0,0,0,0,1
122200,36.828,0.0,0,0,1,0,10.168,-1.6,0,1,1,0,14.316,0.0,0,32.03,0,0,0,1,0,1,1,0,0,1,0,12192.0,2,1,1,1,0,0,1,1,7.3,266.3,0,0,0,0,0,1
122300,36.828,0.0,0,0,1,0,10.014,-1.537,0,1,1,0,14.316,0.0,0,31.93,0,0,0,1,0,1,1,0,0,1,0,12192.0,2,1,1,1,0,0,1,1,7.9,269.5,0,0,0,0,0,1
122400,36.828,0.0,0,0,1,0,9.867,-1.473,0,1,1,0,14.316,0.0,0,31.97,0,0,0,1,0,1,1,0,0,1,0,12192.0,2,1,1,1,0,0,1,1,7.6,273.4,0,0,0,0,0,1
122500,36.828,0.0,0,0,1,0,9.726,-1.41,0,1,1,0,14.316,0.0,0,32.05,0,0,0,1,0,1,1,0,0,1,0,12192.0,2,1,1,1,0,0,1,1,7.6,273.1,0,0,0,0,0,1
122600,36.828,0.0,0,0,1,0,9.591,-1.346,0,1,1,0,14.316,0.0,0,31.96,0,0,0,1,0,1,1,0,0,1,0,12192.0,2,1,1,1,0,0,1,1,8.1,273.4,0,0,0,0,0,1
122700,36.828,0.0,0,0,1,0,9.463,-1.283,0,1,1,0,14.316,0.0,0,31.93,0,0,0,1,0,1,1,0,0,1,0,12192.0,2,1,1,1,0,0,1,1,7.5,270.0,0,0,0,0,0,1
122800,36.828,0.0,0,0,1,0,9.341,-1.219,0,1,1,0,14.316,0.0,0,32.02,0,0,0,1,0,1,1,0,0,1,0,12192.0,2,1,1,1,0,0,1,1,7.2,266.0,0,0,0,0,0,1
122900,36.828,0.0,0,0,1,0,9.226,-1.155,0,1,1,0,14.316,0.0,0,32.34,0,0,0,1,0,1,1,0,0,1,0,12192.0,2,1,1,1,0,0,1,1,7.4,264.7,0,0,0,0,0,1
123000,36.828,0.0,0,0,1,0,9.116,-1.091,0,1,1,0,14.316,0.0,0,31.95,0,0,0,1,0,1,1,0,0,1,0,12192.0,2,1,1,1,0,0,1,1,7.5,270.6,0,0,0,0,0,1
123100,36.828,0.0,0,0,1,0,9.014,-1.027,0,1,1,0,14.316,0.0,0,32.03,0,0,0,1,0,1,1,0,0,1,0,12192.0,2,1,1,1,0,0,1,1,8.9,270.3,0,0,0,0,0,1
123200,36.828,0.0,0,0,1,0,8.917,-0.963,0,1,1,0,14.316,0.0,0,32.38,0,0,0,1,0,1,1,0,0,1,0,12192.0,2,1,1,1,0,0,1,1,7.5,275.4,0,0,0,0,0,1
123300,36.828,0.0,0,0,1,0,8.827,-0.899,0,1,1,0,14.316,0.0,0,31.96,0,0,0,1,0,1,1,0,0,1,0,12192.0,2,1,1,1,0,0,1,1,8.1,269.4,0,0,0,0,0,1
123400,36.828,0.0,0,0,1,0,8.744,-0.835,0,1,1,0,14.316,0.0,0,32.03,0,0,0,1,0,1,1,0,0,1,0,12192.0,2,1,1,1,0,0,1,1,7.8,272.0,0,0,0,0,0,1
123500,36.828,0.0,0,0,1,0,8.667,-0.77,0,1,1,0,14.316,0.0,0,32.14,0,0,0,1,0,1,1,0,0,1,0,12192.0,2,1,1,1,0,0,1,1,8.0,269.7,0,0,0,0,0,1
123600,36.828,0.0,0,0,1,0,8.596,-0.705,0,1,1,0,14.316,0.0,0,31.95,0,0,0,1,0,1,1,0,0,1,0,12192.0,2,1,1,1,0,0,1,1,8.1,271.6,0,0,0,0,0,1
123700,36.828,0.0,0,0,1,0,8.532,-0.64,0,1,1,0,14.316,0.0,0,31.82,0,0,0,1,0,1,1,0,0,1,0,12192.0,2,1,1,1,0,0,1,1,6.2,271.2,0,0,0,0,0,1
123800,36.828,0.0,0,0,1,0,8.475,-0.575,0,1,1,0,14.316,0.0,0,31.91,0,0,0,1,0,1,1,0,0,1,0,12192.0,2,1,1,1,0,0,1,1,6.9,267.0,0,0,0,0,0,1
123900,36.828,0.0,0,0,1,0,8.424,-0.509,0,1,1,0,14.316,0.0,0,31.87,0,0,0,1,0,1,1,0,0,1,0,12192.0,2,1,1,1,0,0,1,1,7.2,267.3,0,0,0,0,0,1
124000,36.828,0.0,0,0,1,0,8.38,-0.443,0,1,1,0,14.316,0.0,0,32.04,0,0,0,1,0,1,1,0,0,1,0,12192.0,2,1,1,1,0,0,1,1,6.7,271.7,0,0,0,0,0,1
124100,36.828,0.0,0,0,1,0,8.342,-0.375,0,1,1,0,14.316,0.0,0,32.02,0,0,0,1,0,1,1,0,0,1,0,12192.0,2,1,1,1,0,0,1,1,7.8,268.1,0,0,0,0,0,1
124200,36.828,0.0,0,0,1,0,8.312,-0.307,0,1,1,0,14.316,0.0,0,32.06,0,0,0,1,0,1,1,0,0,1,0,12192.0,2,1,1,1,0,0,1,1,7.3,267.7,0,0,0,0,0,1
124300,36.828,0.0,0,0,1,0,8.288,-0.237,0,1,1,0,14.316,0.0,0,32.17,0,0,0,1,0,1,1,0,0,1,0,12192.0,2,1,1,1,0,0,1,1,7.0,267.7,0,0,0,0,0,1
124400,36.828,0.0,0,0,1,0,8.271,-0.163,0,1,1,0,14.316,0.0,0,31.91,0,0,0,1,0,1,1,0,0,1,0,12192.0,2,1,1,1,0,0,1,1,7.6,271.8,0,0,0,0,0,1
124500,36.828,0.0,0,0,1,0,8.263,-0.08,0,1,1,0,14.316,0.0,0,31.81,0,0,0,1,0,1,1,0,0,1,0,12192.0,2,1,1,1,0,0,1,1,7.8,267.6,0,0,0,0,0,1
124600,36.828,0.0,0,0,0,0,8.262,0.0,0,0,0,0,14.316,0.0,0,31.78,0,0,0,0,0,1,1,0,0,1,0,12192.0,2,1,1,0,1,0,1,1,7.8,272.1,0,0,0,0,0,1
124700,36.828,0.0,0,0,1,0,8.262,0.0,0,0,1,0,14.311,-0.046,0,30.46,0,0,1,1,0,1,1,0,0,1,0,12192.0,2,1,1,1,0,0,1,1,7.4,266.6,0,0,0,0,0,1
124800,36.828,0.0,0,0,1,0,8.262,0.0,0,0,1,0,14.302,-0.093,0,30.41,0,0,1,1,0,1,1,0,0,1,0,12192.0,2,1,1,1,0,0,1,1,7.9,272.2,0,0,0,0,0,1
124900,36.828,0.0,0,0,1,0,8.262,0.0,0,0,1,0,14.288,-0.139,0,30.7,0,0,1,1,0,1,1,0,0,1,0,12192.0,2,1,1,1,0,0,1,1,8.3,271.0,0,0,0,0,0,1
125000,36.828,0.0,0,0,1,0,8.262,0.0,0,0,1,0,14.27,-0.186,0,30.43,0,0,1,1,0,1,1,0,0,1,0,12192.0,2,1,1,1,0,0,1,1,7.1,268.9,0,0,0,0,0,1
125100,36.828,0.0,0,0,1,0,8.262,0.0,0,0,1,0,14.246,-0.232,0,30.56,0,0,1,1,0,1,1,0,0,1,0,12192.0,2,1,1,1,0,0,1,1,8.1,268.3,0,0,0,0,0,1
125200,36.828,0.0,0,0,1,0,8.262,0.0,0,0,1,0,14.219,-0.278,0,30.51,0,0,1,1,0,1,1,0,0,1,0,12192.0,2,1,1,1,0,0,1,1,7.7,266.6,0,0,0,0,0,1
125300,36.828,0.0,0,0,1,0,8.262,0.0,0,0,1,0,14.186,-0.325,0,30.6,0,0,1,1,0,1,1,0,0,1,0,12192.0,2,1,1,1,0,0,1,1,7.3,268.9,0,0,0,0,0,1
125400,36.828,0.0,0,0,1,0,8.262,0.0,0,0,1,0,14.149,-0.371,0,30.63,0,0,1,1,0,1,1,0,0,1,0,12192.0,2,1,1,1,0,0,1,1,8.4,270.0,0,0,0,0,0,1
125500,36.828,0.0,0,0,1,0,8.262,0.0,0,0,1,0,14.107,-0.417,0,30.67,0,0,1,1,0,1,1,0,0,1,0,12192.0,2,1,1,1,0,0,1,1,7.8,268.6,0,0,0,0,0,1
125600,36.828,0.0,0,0,1,0,8.262,0.0,0,0,1,0,14.061,-0.464,0,30.42,0,0,1,1,0,1,1,0,0,1,0,12192.0,2,1,1,1,0,0,1,1,8.0,269.7,0,0,0,0,0,1
125700,36.828,0.0,0,0,1,0,8.262,0.0,0,0,1,0,14.01,-0.51,0,30.41,0,0,1,1,0,1,1,0,0,1,0,12192.0,2,1,1,1,0,0,1,1,8.5,271.7,0,0,0,0,0,1
125800,36.828,0.0,0,0,1,0,8.262,0.0,0,0,1,0,13.954,-0.557,0,30.56,0,0,1,1,0,1,1,0,0,1,0,12192.0,2,1,1,1,0,0,1,1,8.6,269.0,0,0,0,0,0,1
125900,36.828,0.0,0,0,1,0,8.262,0.0,0,0,1,0,13.894,-0.603,0,30.51,0,0,1,1,0,1,1,0,0,1,0,12192.0,2,1,1,1,0,0,1,1,8.0,270.1,0,0,0,0,0,1
126000,36.828,0.0,0,0,1,0,8.262,0.0,0,0,1,0,13.829,-0.649,0,30.52,0,0,1,1,0,1,1,0,0,1,0,12192.0,2,1,1,1,0,0,1,1,7.0,265.3,0,0,0,0,0,1
126100,36.828,0.0,0,0,1,0,8.262,0.0,0,0,1,0,13.76,-0.696,0,30.41,0,0,1,1,0,1,1,0,0,1,0,12192.0,2,1,1,1,0,0,1,1,8.6,270.6,0,0,0,0,0,1
126200,36.828,0.0,0,0,1,0,8.262,0.0,0,0,1,0,13.685,-0.742,0,30.64,0,0,1,1,0,1,1,0,0,1,0,12192.0,2,1,1,1,0,0,1,1,8.1,272.7,0,0,0,0,0,1
126300,36.828,0.0,0,0,1,0,8.262,0.0,0,0,1,0,13.606,-0.788,0,30.75,0,0,1,1,0,1,1,0,0,1,0,12192.0,2,1,1,1,0,0,1,1,8.0,269.5,0,0,0,0,0,1
126400,36.828,0.0,0,0,1,0,8.262,0.0,0,0,1,0,13.523,-0.835,0,30.49,0,0,1,1,0,1,1,0,0,1,0,12192.0,2,1,1,1,0,0,1,1,7.9,272.4,0,0,0,0,0,1
126500,36.828,0.0,0,0,1,0,8.262,0.0,0,0,1,0,13.435,-0.881,0,30.32,0,0,1,1,0,1,1,0,0,1,0,12192.0,2,1,1,1,0,0,1,1,8.5,272.8,0,0,0,0,0,1
126600,36.828,0.0,0,0,1,0,8.262,0.0,0,0,1,0,13.342,-0.928,0,30.59,0,0,1,1,0,1,1,0,0,1,0,12192.0,2,1,1,1,0,0,1,1,8.4,267.2,0,0,0,0,0,1
126700,36.828,0.0,0,0,1,0,8.262,0.0,0,0,1,0,13.245,-0.974,0,30.67,0,0,1,1,0,1,1,0,0,1,0,12192.0,2,1,1,1,0,0,1,1,9.0,268.2,0,0,0,0,0,1
126800,36.828,0.0,0,0,1,0,8.262,0.0,0,0,1,0,13.143,-1.02,0,30.43,0,0,1,1,0,1,1,0,0,1,0,12192.0,2,1,1,1,0,0,1,1,8.1,269.9,0,0,0,0,0,1
126900,36.828,0.0,0,0,1,0,8.262,0.0,0,0,1,0,13.036,-1.067,0,30.55,0,0,1,1,0,1,1,0,0,1,0,12192.0,2,1,1,1,0,0,1,1,8.6,268.5,0,0,0,0,0,1
127000,36.828,0.0,0,0,1,0,8.262,0.0,0,0,1,0,12.925,-1.113,0,30.4,0,0,1,1,0,1,1,0,0,1,0,12192.0,2,1,1,1,0,0,1,1,8.8,268.6,0,0,0,0,0,1
127100,36.828,0.0,0,0,1,0,8.262,0.0,0,0,1,0,12.809,-1.159,0,30.55,0,0,1,1,0,1,1,0,0,1,0,12192.0,2,1,1,1,0,0,1,1,9.0,271.4,0,0,0,0,0,1
127200,36.828,0.0,0,0,1,0,8.262,0.0,0,0,1,0,12.692,-1.168,0,30.5,0,0,1,1,0,1,1,0,0,1,0,12192.0,2,1,1,1,0,0,1,1,7.7,268.8,0,0,0,0,0,1
127300,36.828,0.0,0,0,1,0,8.262,0.0,0,0,1,0,12.575,-1.168,0,30.44,0,0,1,1,0,1,1,0,0,1,0,12192.0,2,1,1,1,0,0,1,1,8.4,268.3,0,0,0,0,0,1
127400,36.828,0.0,0,0,1,0,8.262,0.0,0,0,1,0,12.458,-1.168,0,30.55,0,0,1,1,0,1,1,0,0,1,0,12192.0,2,1,1,1,0,0,1,1,8.6,268.3,0,0,0,0,0,1
127500,36.828,0.0,0,0,1,0,8.262,0.0,0,0,1,0,12.341,-1.168,0,30.38,0,0,1,1,0,1,1,0,0,1,0,12192.0,2,1,1,1,0,0,1,1,8.7,271.7,0,0,0,0,0,1
127600,36.828,0.0,0,0,1,0,8.262,0.0,0,0,1,0,12.225,-1.168,0,30.51,0,0,1,1,0,1,1,0,0,1,0,12192.0,2,1,1,1,0,0,1,1,8.8,265.6,0,0,0,0,0,1
127700,36.828,0.0,0,0,1,0,8.262,0.0,0,0,1,0,12.108,-1.168,0,30.57,0,0,1,1,0,1,1,0,0,1,0,12192.0,2,1,1,1,0,0,1,1,8.9,272.0,0,0,0,0,0,1
127800,36.828,0.0,0,0,1,0,8.262,0.0,0,0,1,0,11.991,-1.168,0,30.69,0,0,1,1,0,1,1,0,0,1,0,12192.0,2,1,1,1,0,0,1,1,8.7,268.8,0,0,0,0,0,1
127900,36.828,0.0,0,0,1,0,8.262,0.0,0,0,1,0,11.874,-1.168,0,30.48,0,0,1,1,0,1,1,0,0,1,0,12192.0,2,1,1,1,0,0,1,1,9.6,271.0,0,0,0,0,0,1
128000,36.828,0.0,0,0,1,0,8.262,0.0,0,0,1,0,11.757,-1.168,0,30.64,0,0,1,1,0,1,1,0,0,1,0,12192.0,2,1,1,1,0,0,1,1,9.3,272.0,0,0,0,0,0,1
128100,36.828,0.0,0,0,1,0,8.262,0.0,0,0,1,0,11.64,-1.168,0,30.35,0,0,1,1,0,1,1,0,0,1,0,12192.0,2,1,1,1,0,0,1,1,9.0,266.1,0,0,0,0,0,1
128200,36.828,0.0,0,0,1,0,8.262,0.0,0,0,1,0,11.524,-1.168,0,30.52,0,0,1,1,0,1,1,0,0,1,0,12192.0,2,1,1,1,0,0,1,1,8.6,269.1,0,0,0,0,0,1
128300,36.828,0.0,0,0,1,0,8.262,0.0,0,0,1,0,11.407,-1.168,0,30.56,0,0,1,1,0,1,1,0,0,1,0,12192.0,2,1,1,1,0,0,1,1,9.0,266.6,0,0,0,0,0,1
128400,36.828,0.0,0,0,1,0,8.262,0.0,0,0,1,0,11.29,-1.168,0,30.34,0,0,1,1,0,1,1,0,0,1,0,12192.0,2,1,1,1,0,0,1,1,8.6,271.6,0,0,0,0,0,1
128500,36.828,0.0,0,0,1,0,8.262,0.0,0,0,1,0,11.173,-1.168,0,30.51,0,0,1,1,0,1,1,0,0,1,0,12192.0,2,1,1,1,0,0,1,1,8.6,268.0,0,0,0,0,0,1
128600,36.828,0.0,0,0,1,0,8.262,0.0,0,0,1,0,11.056,-1.168,0,30.52,0,0,1,1,0,1,1,0,0,1,0,12192.0,2,1,1,1,0,0,1,1,9.0,269.6,0,0,0,0,0,1
128700,36.828,0.0,0,0,1,0,8.262,0.0,0,0,1,0,10.939,-1.168,0,30.54,0,0,1,1,0,1,1,0,0,1,0,12192.0,2,1,1,1,0,0,1,1,7.9,266.0,0,0,0,0,0,1
128800,36.828,0.0,0,0,1,0,8.262,0.0,0,0,1,0,10.823,-1.168,0,30.74,0,0,1,1,0,1,1,0,0,1,0,12192.0,2,1,1,1,0,0,1,1,9.0,270.9,0,0,0,0,0,1
128900,36.828,0.0,0,0,1,0,8.262,0.0,0,0,1,0,10.706,-1.168,0,30.48,0,0,1,1,0,1,1,0,0,1,0,12192.0,2,1,1,1,0,0,1,1,8.0,271.8,0,0,0,0,0,1
129000,36.828,0.0,0,0,1,0,8.262,0.0,0,0,1,0,10.589,-1.168,0,30.54,0,0,1,1,0,1,1,0,0,1,0,12192.0,2,1,1,1,0,0,1,1,7.6,271.7,0,0,0,0,0,1
129100,36.828,0.0,0,0,1,0,8.262,0.0,0,0,1,0,10.472,-1.168,0,30.5,0,0,1,1,0,1,1,0,0,1,0,12192.0,2,1,1,1,0,0,1,1,9.3,268.5,0,0,0,0,0,1
129200,36.828,0.0,0,0,1,0,8.262,0.0,0,0,1,0,10.355,-1.168,0,30.48,0,0,1,1,0,1,1,0,0,1,0,12192.0,2,1,1,1,0,0,1,1,8.5,268.8,0,0,0,0,0,1
129300,36.828,0.0,0,0,1,0,8.262,0.0,0,0,1,0,10.238,-1.168,0,30.59,0,0,1,1,0,1,1,0,0,1,0,12192.0,2,1,1,1,0,0,1,1,8.9,270.3,0,0,0,0,0,1
129400,36.828,0.0,0,0,1,0,8.262,0.0,0,0,1,0,10.122,-1.168,0,30.59,0,0,1,1,0,1,1,0,0,1,0,12192.0,2,1,1,1,0,0,1,1,7.7,272.6,0,0,0,0,0,1
129500,36.828,0.0,0,0,1,0,8.262,0.0,0,0,1,0,10.005,-1.168,0,30.47,0,0,1,1,0,1,1,0,0,1,0,12192.0,2,1,1,1,0,0,1,1,8.6,268.6,0,0,0,0,0,1
129600,36.828,0.0,0,0,1,0,8.262,0.0,0,0,1,0,9.888,-1.168,0,30.58,0,0,1,1,0,1,1,0,0,1,0,12192.0,2,1,1,1,0,0,1,1,8.9,268.3,0,0,0,0,0,1
129700,36.828,0.0,0,0,1,0,8.262,0.0,0,0,1,0,9.771,-1.168,0,30.46,0,0,1,1,0,1,1,0,0,1,0,12192.0,2,1,1,1,0,0,1,1,8.2,272.7,0,0,0,0,0,1
129800,36.828,0.0,0,0,1,0,8.262,0.0,0,0,1,0,9.654,-1.168,0,30.54,0,0,1,1,0,1,1,0,0,1,0,12192.0,2,1,1,1,0,0,1,1,8.3,277.9,0,0,0,0,0,1
129900,36.828,0.0,0,0,1,0,8.262,0.0,0,0,1,0,9.537,-1.168,0,30.55,0,0,1,1,0,1,1,0,0,1,0,12192.0,2,1,1,1,0,0,1,1,8.5,271.9,0,0,0,0,0,1
130000,36.828,0.0,0,0,1,0,8.262,0.0,0,0,1,0,9.421,-1.168,0,30.35,0,0,1,1,0,1,1,0,0,1,0,12192.0,2,1,1,1,0,0,1,1,7.4,266.3,0,0,0,0,0,1
130100,36.828,0.0,0,0,1,0,8.262,0.0,0,0,1,0,9.304,-1.168,0,30.37,0,0,1,1,0,1,1,0,0,1,0,12192.0,2,1,1,1,0,0,1,1,7.3,266.6,0,0,0,0,0,1
130200,36.828,0.0,0,0,1,0,8.262,0.0,0,0,1,0,9.187,-1.168,0,30.5,0,0,1,1,0,1,1,0,0,1,0,12192.0,2,1,1,1,0,0,1,1,8.4,269.5,0,0,0,0,0,1
130300,36.828,0.0,0,0,1,0,8.262,0.0,0,0,1,0,9.07,-1.168,0,30.51,0,0,1,1,0,1,1,0,0,1,0,12192.0,2,1,1,1,0,0,1,1,8.3,269.3,0,0,0,0,0,1
130400,36.828,0.0,0,0,1,0,8.262,0.0,0,0,1,0,8.953,-1.168,0,30.58,0,0,1,1,0,1,1,0,0,1,0,12192.0,2,1,1,1,0,0,1,1,7.4,270.4,0,0,0,0,0,1
130500,36.828,0.0,0,0,1,0,8.262,0.0,0,0,1,0,8.836,-1.168,0,30.33,0,0,1,1,0,1,1,0,0,1,0,12192.0,2,1,1,1,0,0,1,1,9.1,271.3,0,0,0,0,0,1
130600,36.828,0.0,0,0,1,0,8.262,0.0,0,0,1,0,8.72,-1.168,0,30.55,0,0,1,1,0,1,1,0,0,1,0,12192.0,2,1,1,1,0,0,1,1,7.5,270.1,0,0,0,0,0,1
130700,36.828,0.0,0,0,1,0,8.262,0.0,0,0,1,0,8.603,-1.168,0,30.61,0,0,1,1,0,1,1,0,0,1,0,12192.0,2,1,1,1,0,0,1,1,7.6,272.2,0,0,0,0,0,1
130800,36.828,0.0,0,0,1,0,8.262,0.0,0,0,1,0,8.486,-1.168,0,30.28,0,0,1,1,0,1,1,0,0,1,0,12192.0,2,1,1,1,0,0,1,1,7.2,268.2,0,0,0,0,0,1
130900,36.828,0.0,0,0,1,0,8.262,0.0,0,0,1,0,8.369,-1.168,0,30.39,0,0,1,1,0,1,1,0,0,1,0,12192.0,2,1,1,1,0,0,1,1,8.0,273.3,0,0,0,0,0,1
131000,36.828,0.0,0,0,1,0,8.262,0.0,0,0,1,0,8.252,-1.168,0,30.48,0,0,1,1,0,1,1,0,0,1,0,12192.0,2,1,1,1,0,0,1,1,7.9,271.8,0,0,0,0,0,1
131100,36.828,0.0,0,0,1,0,8.262,0.0,0,0,1,0,8.135,-1.168,0,30.31,0,0,1,1,0,1,1,0,0,1,0,12192.0,2,1,1,1,0,0,1,1,7.6,271.2,0,0,0,0,0,1
131200,36.828,0.0,0,0,1,0,8.262,0.0,0,0,1,0,8.019,-1.168,0,30.66,0,0,1,1,0,1,1,0,0,1,0,12192.0,2,1,1,1,0,0,1,1,7.1,267.9,0,0,0,0,0,1
131300,36.828,0.0,0,0,1,0,8.262,0.0,0,0,1,0,7.902,-1.168,0,30.53,0,0,1,1,0,1,1,0,0,1,0,12192.0,2,1,1,1,0,0,1,1,7.2,272.4,0,0,0,0,0,1
131400,36.828,0.0,0,0,1,0,8.262,0.0,0,0,1,0,7.785,-1.168,0,30.48,0,0,1,1,0,1,1,0,0,1,0,12192.0,2,1,1,1,0,0,1,1,7.3,266.2,0,0,0,0,0,1
131500,36.828,0.0,0,0,1,0,8.262,0.0,0,0,1,0,7.668,-1.168,0,30.39,0,0,1,1,0,1,1,0,0,1,0,12192.0,2,1,1,1,0,0,1,1,7.1,270.3,0,0,0,0,0,1
131600,36.828,0.0,0,0,1,0,8.262,0.0,0,0,1,0,7.551,-1.168,0,30.58,0,0,1,1,0,1,1,0,0,1,0,12192.0,2,1,1,1,0,0,1,1,7.4,267.2,0,0,0,0,0,1
131700,36.828,0.0,0,0,1,0,8.262,0.0,0,0,1,0,7.434,-1.168,0,30.48,0,0,1,1,0,1,1,0,0,1,0,12192.0,2,1,1,1,0,0,1,1,7.9,270.6,0,0,0,0,0,1
131800,36.828,0.0,0,0,1,0,8.262,0.0,0,0,1,0,7.318,-1.168,0,30.46,0,0,1,1,0,1,1,0,0,1,0,12192.0,2,1,1,1,0,0,1,1,7.3,266.5,0,0,0,0,0,1
131900,36.828,0.0,0,0,1,0,8.262,0.0,0,0,1,0,7.201,-1.168,0,30.51,0,0,1,1,0,1,1,0,0,1,0,12192.0,2,1,1,1,0,0,1,1,7.5,267.5,0,0,0,0,0,1
132000,36.828,0.0,0,0,1,0,8.262,0.0,0,0,1,0,7.084,-1.168,0,30.5,0,0,1,1,0,1,1,0,0,1,0,12192.0,2,1,1,1,0,0,1,1,7.6,273.2,0,0,0,0,0,1
132100,36.828,0.0,0,0,1,0,8.262,0.0,0,0,1,0,6.967,-1.168,0,30.61,0,0,1,1,0,1,1,0,0,1,0,12192.0,2,1,1,1,0,0,1,1,7.5,272.6,0,0,0,0,0,1
132200,36.828,0.0,0,0,1,0,8.262,0.0,0,0,1,0,6.85,-1.168,0,30.3,0,0,1,1,0,1,1,0,0,1,0,12192.0,2,1,1,1,0,0,1,1,6.6,267.6,0,0,0,0,0,1
132300,36.828,0.0,0,0,1,0,8.262,0.0,0,0,1,0,6.733,-1.168,0,30.36,0,0,1,1,0,1,1,0,0,1,0,12192.0,2,1,1,1,0,0,1,1,8.0,271.8,0,0,0,0,0,1
132400,36.828,0.0,0,0,1,0,8.262,0.0,0,0,1,0,6.617,-1.168,0,30.42,0,0,1,1,0,1,1,0,0,1,0,12192.0,2,1,1,1,0,0,1,1,8.4,270.0,0,0,0,0,0,1
132500,36.828,0.0,0,0,1,0,8.262,0.0,0,0,1,0,6.5,-1.168,0,30.34,0,0,1,1,0,1,1,0,0,1,0,12192.0,2,1,1,1,0,0,1,1,7.1,268.4,0,0,0,0,0,1
132600,36.828,0.0,0,0,1,0,8.262,0.0,0,0,1,0,6.383,-1.168,0,30.53,0,0,1,1,0,1,1,0,0,1,0,12192.0,2,1,1,1,0,0,1,1,7.7,270.0,0,0,0,0,0,1
132700,36.828,0.0,0,0,1,0,8.262,0.0,0,0,1,0,6.266,-1.168,0,30.49,0,0,1,1,0,1,1,0,0,1,0,12192.0,2,1,1,1,0,0,1,1,7.4,271.4,0,0,0,0,0,1
132800,36.828,0.0,0,0,1,0,8.262,0.0,0,0,1,0,6.149,-1.168,0,30.39,0,0,1,1,0,1,1,0,0,1,0,12192.0,2,1,1,1,0,0,1,1,7.1,268.3,0,0,0,0,0,1
132900,36.828,0.0,0,0,1,0,8.262,0.0,0,0,1,0,6.032,-1.168,0,30.46,0,0,1,1,0,1,1,0,0,1,0,12192.0,2,1,1,1,0,0,1,1,8.0,269.7,0,0,0,0,0,1
133000,36.828,0.0,0,0,1,0,8.262,0.0,0,0,1,0,5.916,-1.168,0,30.4,0,0,1,1,0,1,1,0,0,1,0,12192.0,2,1,1,1,0,0,1,1,7.7,265.0,0,0,0,0,0,1
133100,36.828,0.0,0,0,1,0,8.262,0.0,0,0,1,0,5.799,-1.168,0,30.68,0,0,1,1,0,1,1,0,0,1,0,12192.0,2,1,1,1,0,0,1,1,7.4,272.2,0,0,0,0,0,1
133200,36.828,0.0,0,0,1,0,8.262,0.0,0,0,1,0,5.682,-1.168,0,30.32,0,0,1,1,0,1,1,0,0,1,0,12192.0,2,1,1,1,0,0,1,1,8.2,268.4,0,0,0,0,0,1
133300,36.828,0.0,0,0,1,0,8.262,0.0,0,0,1,0,5.565,-1.168,0,30.6,0,0,1,1,0,1,1,0,0,1,0,12192.0,2,1,1,1,0,0,1,1,7.1,269.3,0,0,0,0,0,1
133400,36.828,0.0,0,0,1,0,8.262,0.0,0,0,1,0,5.448,-1.168,0,30.45,0,0,1,1,0,1,1,0,0,1,0,12192.0,2,1,1,1,0,0,1,1,7.7,271.1,0,0,0,0,0,1
133500,36.828,0.0,0,0,1,0,8.262,0.0,0,0,1,0,5.331,-1.168,0,30.52,0,0,1,1,0,1,1,0,0,1,0,12192.0,2,1,1,1,0,0,1,1,7.3,272.0,0,0,0,0,0,1
133600,36.828,0.0,0,0,1,0,8.262,0.0,0,0,1,0,5.215,-1.168,0,30.37,0,0,1,1,0,1,1,0,0,1,0,12192.0,2,1,1,1,0,0,1,1,8.6,267.6,0,0,0,0,0,1
133700,36.828,0.0,0,0,1,0,8.262,0.0,0,0,1,0,5.098,-1.168,0,30.49,0,0,1,1,0,1,1,0,0,1,0,12192.0,2,1,1,1,0,0,1,1,7.9,270.8,0,0,0,0,0,1
133800,36.828,0.0,0,0,1,0,8.262,0.0,0,0,1,0,4.981,-1.168,0,30.45,0,0,1,1,0,1,1,0,0,1,0,12192.0,2,1,1,1,0,0,1,1,8.3,271.3,0,0,0,0,0,1
133900,36.828,0.0,0,0,1,0,8.262,0.0,0,0,1,0,4.864,-1.168,0,30.23,0,0,1,1,0,1,1,0,0,1,0,12192.0,2,1,1,1,0,0,1,1,6.8,265.4,0,0,0,0,0,1
134000,36.828,0.0,0,0,1,0,8.262,0.0,0,0,1,0,4.747,-1.168,0,30.24,0,0,1,1,0,1,1,0,0,1,0,12192.0,2,1,1,1,0,0,1,1,8.7,273.8,0,0,0,0,0,1
134100,36.828,0.0,0,0,1,0,8.262,0.0,0,0,1,0,4.63,-1.168,0,30.49,0,0,1,1,0,1,1,0,0,1,0,12192.0,2,1,1,1,0,0,1,1,8.2,272.4,0,0,0,0,0,1
134200,36.828,0.0,0,0,1,0,8.262,0.0,0,0,1,0,4.514,-1.168,0,30.55,0,0,1,1,0,1,1,0,0,1,0,12192.0,2,1,1,1,0,0,1,1,7.7,270.1,0,0,0,0,0,1
134300,36.828,0.0,0,0,1,0,8.262,0.0,0,0,1,0,4.397,-1.168,0,30.42,0,0,1,1,0,1,1,0,0,1,0,12192.0,2,1,1,1,0,0,1,1,8.7,268.9,0,0,0,0,0,1
134400,36.828,0.0,0,0,1,0,8.262,0.0,0,0,1,0,4.28,-1.168,0,30.61,0,0,1,1,0,1,1,0,0,1,0,12192.0,2,1,1,1,0,0,1,1,8.2,272.6,0,0,0,0,0,1
134500,36.828,0.0,0,0,1,0,8.262,0.0,0,0,1,0,4.163,-1.168,0,30.54,0,0,1,1,0,1,1,0,0,1,0,12192.0,2,1,1,1,0,0,1,1,8.6,271.3,0,0,0,0,0,1
134600,36.828,0.0,0,0,1,0,8.262,0.0,0,0,1,0,4.046,-1.168,0,30.49,0,0,1,1,0,1,1,0,0,1,0,12192.0,2,1,1,1,0,0,1,1,7.2,271.9,0,0,0,0,0,1
134700,36.828,0.0,0,0,1,0,8.262,0.0,0,0,1,0,3.929,-1.168,0,30.51,0,0,1,1,0,1,1,0,0,1,0,12192.0,2,1,1,1,0,0,1,1,7.6,268.4,0,0,0,0,0,1
134800,36.828,0.0,0,0,1,0,8.262,0.0,0,0,1,0,3.813,-1.168,0,30.45,0,0,1,1,0,1,1,0,0,1,0,12192.0,2,1,1,1,0,0,1,1,7.7,268.2,0,0,0,0,0,1
134900,36.828,0.0,0,0,1,0,8.262,0.0,0,0,1,0,3.696,-1.168,0,30.57,0,0,1,1,0,1,1,0,0,1,0,12192.0,2,1,1,1,0,0,1,1,6.8,271.4,0,0,0,0,0,1
135000,36.828,0.0,0,0,1,0,8.262,0.0,0,0,1,0,3.579,-1.168,0,30.48,0,0,1,1,0,1,1,0,0,1,0,12192.0,2,1,1,1,0,0,1,1,8.5,273.8,0,0,0,0,0,1
135100,36.828,0.0,0,0,1,0,8.262,0.0,0,0,1,0,3.462,-1.168,0,30.42,0,0,1,1,0,1,1,0,0,1,0,12192.0,2,1,1,1,0,0,1,1,8.2,270.9,0,0,0,0,0,1
135200,36.828,0.0,0,0,1,0,8.262,0.0,0,0,1,0,3.345,-1.168,0,30.5,0,0,1,1,0,1,1,0,0,1,0,12192.0,2,1,1,1,0,0,1,1,7.7,269.1,0,0,0,0,0,1
135300,36.828,0.0,0,0,1,0,8.262,0.0,0,0,1,0,3.228,-1.168,0,30.36,0,0,1,1,0,1,1,0,0,1,0,12192.0,2,1,1,1,0,0,1,1,8.6,275.0,0,0,0,0,0,1
135400,36.828,0.0,0,0,1,0,8.262,0.0,0,0,1,0,3.112,-1.168,0,30.68,0,0,1,1,0,1,1,0,0,1,0,12192.0,2,1,1,1,0,0,1,1,9.0,267.6,0,0,0,0,0,1
135500,36.828,0.0,0,0,1,0,8.262,0.0,0,0,1,0,2.995,-1.168,0,30.37,0,0,1,1,0,1,1,0,0,1,0,12192.0,2,1,1,1,0,0,1,1,8.1,268.9,0,0,0,0,0,1
135600,36.828,0.0,0,0,1,0,8.262,0.0,0,0,1,0,2.878,-1.168,0,30.62,0,0,1,1,0,1,1,0,0,1,0,12192.0,2,1,1,1,0,0,1,1,8.7,267.5,0,0,0,0,0,1
135700,36.828,0.0,0,0,1,0,8.262,0.0,0,0,1,0,2.761,-1.168,0,30.32,0,0,1,1,0,1,1,0,0,1,0,12192.0,2,1,1,1,0,0,1,1,9.2,268.3,0,0,0,0,0,1
135800,36.828,0.0,0,0,1,0,8.262,0.0,0,0,1,0,2.644,-1.168,0,30.57,0,0,1,1,0,1,1,0,0,1,0,12192.0,2,1,1,1,0,0,1,1,7.8,274.4,0,0,0,0,0,1
135900,36.828,0.0,0,0,1,0,8.262,0.0,0,0,1,0,2.527,-1.168,0,30.39,0,0,1,1,0,1,1,0,0,1,0,12192.0,2,1,1,1,0,0,1,1,8.3,269.0,0,0,0,0,0,1
136000,36.828,0.0,0,0,1,0,8.262,0.0,0,0,1,0,2.411,-1.168,0,30.43,0,0,1,1,0,1,1,0,0,1,0,12192.0,2,1,1,1,0,0,1,1,7.9,273.1,0,0,0,0,0,1
136100,36.828,0.0,0,0,1,0,8.262,0.0,0,0,1,0,2.294,-1.168,0,30.46,0,0,1,1,0,1,1,0,0,1,0,12192.0,2,1,1,1,0,0,1,1,9.1,266.4,0,0,0,0,0,1
136200,36.828,0.0,0,0,1,0,8.262,0.0,0,0,1,0,2.177,-1.168,0,30.59,0,0,1,1,0,1,1,0,0,1,0,12192.0,2,1,1,1,0,0,1,1,8.5,271.5,0,0,0,0,0,1
136300,36.828,0.0,0,0,1,0,8.262,0.0,0,0,1,0,2.06,-1.168,0,30.48,0,0,1,1,0,1,1,0,0,1,0,12192.0,2,1,1,1,0,0,1,1,9.3,272.3,0,0,0,0,0,1
136400,36.828,0.0,0,0,1,0,8.262,0.0,0,0,1,0,1.948,-1.122,0,33.44,0,0,1,1,0,1,1,0,0,1,0,12192.0,2,1,1,1,0,0,1,1,8.5,267.1,0,0,0,0,0,1
136500,36.828,0.0,0,0,1,0,8.262,0.0,0,0,1,0,1.84,-1.076,0,33.58,0,0,1,1,0,1,1,0,0,1,0,12192.0,2,1,1,1,0,0,1,1,8.5,272.4,0,0,0,0,0,1
136600,36.828,0.0,0,0,1,0,8.262,0.0,0,0,1,0,1.737,-1.029,0,33.62,0,0,1,1,0,1,1,0,0,1,0,12192.0,2,1,1,1,0,0,1,1,8.7,267.4,0,0,0,0,0,1
136700,36.828,0.0,0,0,1,0,8.262,0.0,0,0,1,0,1.639,-0.983,0,33.55,0,0,1,1,0,1,1,0,0,1,0,12192.0,2,1,1,1,0,0,1,1,8.8,270.5,0,0,0,0,0,1
136800,36.828,0.0,0,0,1,0,8.262,0.0,0,0,1,0,1.545,-0.936,0,33.51,0,0,1,1,0,1,1,0,0,1,0,12192.0,2,1,1,1,0,0,1,1,8.7,269.2,0,0,0,0,0,1
136900,36.828,0.0,0,0,1,0,8.262,0.0,0,0,1,0,1.456,-0.89,0,33.64,0,0,1,1,0,1,1,0,0,1,0,12192.0,2,1,1,1,0,0,1,1,8.9,272.2,0,0,0,0,0,1
137000,36.828,0.0,0,0,1,0,8.262,0.0,0,0,1,0,1.372,-0.844,0,33.59,0,0,1,1,0,1,1,0,0,1,0,12192.0,2,1,1,1,0,0,1,1,9.3,270.0,0,0,0,0,0,1
137100,36.828,0.0,0,0,1,0,8.262,0.0,0,0,1,0,1.292,-0.797,0,33.58,0,0,1,1,0,1,1,0,0,1,0,12192.0,2,1,1,1,0,0,1,1,8.9,270.0,0,0,0,0,0,1
137200,36.828,0.0,0,0,1,0,8.262,0.0,0,0,1,0,1.217,-0.751,0,33.47,0,0,1,1,0,1,1,0,0,1,0,12192.0,2,1,1,1,0,0,1,1,8.8,274.7,0,0,0,0,0,1
137300,36.828,0.0,0,0,1,0,8.262,0.0,0,0,1,0,1.147,-0.705,0,33.55,0,0,1,1,0,1,1,0,0,1,0,12192.0,2,1,1,1,0,0,1,1,8.4,269.3,0,0,0,0,0,1
137400,36.828,0.0,0,0,1,0,8.262,0.0,0,0,1,0,1.081,-0.658,0,33.46,0,0,1,1,0,1,1,0,0,1,0,12192.0,2,1,1,1,0,0,1,1,7.9,266.7,0,0,0,0,0,1
137500,36.828,0.0,0,0,1,0,8.262,0.0,0,0,1,0,1.02,-0.612,0,33.62,0,0,1,1,0,1,1,0,0,1,0,12192.0,2,1,1,1,0,0,1,1,8.2,269.2,0,0,0,0,0,1
137600,36.828,0.0,0,0,1,0,8.262,0.0,0,0,1,0,0.963,-0.565,0,33.45,0,0,1,1,0,1,1,0,0,1,0,12192.0,2,1,1,1,0,0,1,1,8.5,272.7,0,0,0,0,0,1
137700,36.828,0.0,0,0,1,0,8.262,0.0,0,0,1,0,0.911,-0.519,0,33.38,0,0,1,1,0,1,1,0,0,1,0,12192.0,2,1,1,1,0,0,1,1,9.1,267.3,0,0,0,0,0,1
137800,36.828,0.0,0,0,1,0,8.262,0.0,0,0,1,0,0.864,-0.473,0,33.33,0,0,1,1,0,1,1,0,0,1,0,12192.0,2,1,1,1,0,0,1,1,8.4,270.1,0,0,0,0,0,1
137900,36.828,0.0,0,0,1,0,8.262,0.0,0,0,1,0,0.821,-0.426,0,33.29,0,0,1,1,0,1,1,0,0,1,0,12192.0,2,1,1,1,0,0,1,1,8.8,270.5,0,0,0,0,0,1
138000,36.828,0.0,0,0,1,0,8.262,0.0,0,0,1,0,0.783,-0.38,0,33.4,0,0,1,1,0,1,1,0,0,1,0,12192.0,2,1,1,1,0,0,1,1,7.6,269.1,0,0,0,0,0,1
138100,36.828,0.0,0,0,1,0,8.262,0.0,0,0,1,0,0.75,-0.334,0,33.69,0,0,1,1,0,1,1,0,0,1,0,12192.0,2,1,1,1,0,0,1,1,8.9,272.3,0,0,0,0,0,1
138200,36.828,0.0,0,0,1,0,8.262,0.0,0,0,1,0,0.721,-0.287,0,33.6,0,0,1,1,0,1,1,0,0,1,0,12192.0,2,1,1,1,0,0,1,1,7.8,271.2,0,0,0,0,0,1
138300,36.828,0.0,0,0,1,0,8.262,0.0,0,0,1,0,0.697,-0.241,0,33.64,0,0,1,1,0,1,1,0,0,1,0,12192.0,2,1,1,1,0,0,1,1,8.9,273.0,0,0,0,0,0,1
138400,36.828,0.0,0,0,1,0,8.262,0.0,0,0,1,0,0.678,-0.194,0,33.32,0,0,1,1,0,1,1,0,0,1,0,12192.0,2,1,1,1,0,0,1,1,8.7,269.9,0,0,0,0,0,1
138500,36.828,0.0,0,0,1,0,8.262,0.0,0,0,1,0,0.658,-0.196,0,30.57,0,0,1,1,0,1,1,0,0,1,0,12192.0,2,1,1,1,0,0,1,1,7.9,269.1,0,0,0,0,0,1
138600,36.828,0.0,0,0,1,0,8.262,0.0,0,0,1,0,0.644,-0.143,0,33.38,0,0,1,1,0,1,1,0,0,1,0,12192.0,2,1,1,1,0,0,1,1,8.2,270.8,0,0,0,0,0,1
138700,36.828,0.0,0,0,1,0,8.262,0.0,0,0,1,0,0.636,-0.084,0,33.25,0,0,1,1,0,1,1,0,0,1,0,12192.0,2,1,1,1,0,0,1,1,7.7,271.2,0,0,0,0,0,1
138800,36.828,0.0,0,0,0,0,8.262,0.0,0,0,0,0,0.632,0.0,0,31.81,0,0,0,0,0,1,1,0,0,1,0,12192.0,2,1,1,0,1,0,1,1,8.7,269.4,0,0,0,0,0,1
138900,36.828,0.0,0,0,0,0,8.262,0.0,0,0,0,0,0.632,0.0,0,31.79,0,0,0,0,0,1,1,0,1,1,0,12192.0,2,1,1,0,1,0,1,1,8.4,267.1,0,0,0,0,0,1
139000,36.828,0.0,0,0,0,0,8.262,0.0,0,0,0,0,0.632,0.0,0,31.81,0,0,0,0,0,1,1,0,1,1,0,12192.0,2,1,1,0,1,0,1,1,9.2,273.1,0,0,0,0,0,1
139100,36.828,0.0,0,0,0,0,8.262,0.0,0,0,0,0,0.632,0.0,0,32.14,0,0,0,0,0,1,1,0,1,1,0,12192.0,2,1,1,0,1,0,1,1,8.1,272.5,0,0,0,0,0,1
139200,36.828,0.0,0,0,0,0,8.262,0.0,0,0,0,0,0.632,0.0,0,32.07,0,0,0,0,0,1,1,0,1,1,0,12192.0,2,1,1,0,1,0,1,1,8.0,269.7,0,0,0,0,0,1
139300,36.828,0.0,0,0,0,0,8.262,0.0,0,0,0,0,0.632,0.0,0,31.88,0,0,0,0,0,1,1,0,1,1,0,12192.0,2,1,1,0,1,0,1,1,8.8,266.3,0,0,0,0,0,1
139400,36.828,0.0,0,0,0,0,8.262,0.0,0,0,0,0,0.632,0.0,0,32.08,0,0,0,0,0,1,1,0,1,1,0,12192.0,2,1,1,0,1,0,1,1,8.3,271.5,0,0,0,0,0,1
139500,36.828,0.0,0,0,0,0,8.262,0.0,0,0,0,0,0.632,0.0,0,31.89,0,0,0,0,0,1,1,0,1,1,0,12192.0,2,1,1,0,1,0,1,1,7.9,269.3,0,0,0,0,0,1
139600,36.828,0.0,0,0,0,0,8.262,0.0,0,0,0,0,0.632,0.0,0,31.89,0,0,0,0,0,1,1,0,1,1,0,12192.0,2,1,1,0,1,0,1,1,7.7,272.0,0,0,0,0,0,1
139700,36.828,0.0,0,0,0,0,8.262,0.0,0,0,0,0,0.632,0.0,0,32.08,0,0,0,0,0,1,1,0,1,1,0,12192.0,2,1,1,0,1,0,1,1,8.1,271.6,0,0,0,0,0,1
139800,36.828,0.0,0,0,0,0,8.262,0.0,0,0,0,0,0.632,0.0,0,32.19,0,0,0,0,0,1,1,0,1,1,0,12192.0,2,1,1,0,1,0,1,1,7.6,268.3,0,0,0,0,0,1
139900,36.828,0.0,0,0,0,0,8.262,0.0,0,0,0,0,0.632,0.0,0,0.0,0,0,0,0,0,1,0,1,1,1,0,12192.0,2,1,1,0,1,0,1,1,7.3,269.4,0,0,0,0,0,1
140000,36.828,0.0,0,0,0,0,8.262,0.0,0,0,0,0,0.632,0.0,0,0.0,0,0,0,0,0,1,0,1,1,1,0,12192.0,2,1,1,0,1,0,1,1,7.9,267.7,0,0,0,0,0,1
140100,36.828,0.0,0,0,0,0,8.262,0.0,0,0,0,0,0.632,0.0,0,0.0,0,0,0,0,0,1,0,1,1,1,0,12192.0,2,1,1,0,1,0,1,1,7.1,268.1,0,0,0,0,0,1
140200,36.828,0.0,0,0,0,0,8.262,0.0,0,0,0,0,0.632,0.0,0,0.0,0,0,0,0,0,1,0,1,1,1,0,12192.0,2,1,1,0,1,0,1,1,7.1,268.8,0,0,0,0,0,1
140300,36.828,0.0,0,0,0,0,8.262,0.0,0,0,0,0,0.632,0.0,0,0.0,0,0,0,0,0,1,0,1,1,1,0,12192.0,2,1,1,0,1,0,1,1,8.8,270.6,0,0,0,0,0,1
140400,36.828,0.0,0,0,0,0,8.262,0.0,0,0,0,0,0.632,0.0,0,0.0,0,0,0,0,0,1,0,1,1,1,0,12192.0,2,1,1,0,1,0,1,1,8.0,268.9,0,0,0,0,0,1
140500,36.828,0.0,0,0,0,0,8.262,0.0,0,0,0,0,0.632,0.0,0,0.0,0,0,0,0,0,1,0,1,1,1,0,12192.0,2,1,1,0,1,0,1,1,7.5,266.3,0,0,0,0,0,1
140600,36.828,0.0,0,0,0,0,8.262,0.0,0,0,0,0,0.632,0.0,0,0.0,0,0,0,0,0,1,0,1,1,1,0,12192.0,2,1,1,0,1,0,1,1,7.5,272.9,0,0,0,0,0,1
140700,36.828,0.0,0,0,0,0,8.262,0.0,0,0,0,0,0.632,0.0,0,0.0,0,0,0,0,0,1,0,1,1,1,0,12192.0,2,1,1,0,1,0,1,1,7.9,274.3,0,0,0,0,0,1
140800,36.828,0.0,0,0,0,0,8.262,0.0,0,0,0,0,0.632,0.0,0,0.0,0,0,0,0,0,1,0,1,1,1,0,12192.0,2,1,1,0,1,0,1,1,7.5,270.8,0,0,0,0,0,1
140900,36.828,0.0,0,0,0,0,8.262,0.0,0,0,0,0,0.632,0.0,0,0.0,0,0,0,0,0,1,0,1,1,1,0,12192.0,2,1,1,0,1,0,1,1,7.5,268.8,0,0,0,0,0,1
141000,36.828,0.0,0,0,0,0,8.262,0.0,0,0,0,0,0.632,0.0,0,0.0,0,0,0,0,0,1,0,1,1,1,0,12192.0,2,1,1,0,1,0,1,1,7.1,267.5,0,0,0,0,0,1
141100,36.828,0.0,0,0,0,0,8.262,0.0,0,0,0,0,0.632,0.0,0,0.0,0,0,0,0,0,1,0,1,1,1,0,12192.0,2,1,1,0,1,0,1,1,7.5,270.3,0,0,0,0,0,1
141200,36.828,0.0,0,0,0,0,8.262,0.0,0,0,0,0,0.632,0.0,0,0.0,0,0,0,0,0,1,0,1,1,1,0,12192.0,2,1,1,0,1,0,1,1,7.3,270.4,0,0,0,0,0,1
141300,36.828,0.0,0,0,0,0,8.262,0.0,0,0,0,0,0.632,0.0,0,0.0,0,0,0,0,0,1,0,1,1,1,0,12192.0,2,1,1,0,1,0,1,1,6.7,272.2,0,0,0,0,0,1
141400,36.828,0.0,0,0,1,0,8.262,0.0,0,0,1,0,0.636,0.046,1,0.0,0,0,1,1,0,1,0,1,0,0,0,12192.0,2,1,1,1,0,0,1,1,7.1,270.1,0,0,0,0,0,1
141500,36.828,0.0,0,0,1,0,8.262,0.0,0,0,1,0,0.646,0.093,1,0.0,0,0,1,1,0,1,0,1,0,0,0,12192.0,2,1,1,1,0,0,1,1,7.0,270.6,0,0,0,0,0,1
141600,36.828,0.0,0,0,1,0,8.262,0.0,0,0,1,0,0.66,0.139,1,0.0,0,0,1,1,0,1,0,1,0,0,0,12192.0,2,1,1,1,0,0,1,1,7.7,269.7,0,0,0,0,0,1
141700,36.828,0.0,0,0,1,0,8.262,0.0,0,0,1,0,0.678,0.186,1,0.0,0,0,1,1,0,1,0,1,0,0,0,12192.0,2,1,1,1,0,0,1,1,7.3,268.5,0,0,0,0,0,1
141800,36.828,0.0,0,0,1,0,8.262,0.0,0,0,1,0,0.701,0.232,1,0.0,0,0,1,1,0,1,0,1,0,0,0,12192.0,2,1,1,1,0,0,1,1,7.3,266.6,0,0,0,0,0,1
141900,36.828,0.0,0,0,1,0,8.262,0.0,0,0,1,0,0.729,0.278,1,0.0,0,0,1,1,0,1,0,1,0,0,0,12192.0,2,1,1,1,0,0,1,1,7.1,273.1,0,0,0,0,0,1
142000,36.828,0.0,0,0,1,0,8.262,0.0,0,0,1,0,0.762,0.325,1,0.0,0,0,1,1,0,1,0,1,0,0,0,12192.0,2,1,1,1,0,0,1,1,6.9,269.1,0,0,0,0,0,1
142100,36.828,0.0,0,0,1,0,8.262,0.0,0,0,1,0,0.799,0.371,1,0.0,0,0,1,1,0,1,0,1,0,0,0,12192.0,2,1,1,1,0,0,1,1,6.8,272.2,0,0,0,0,0,1
142200,36.828,0.0,0,0,1,0,8.262,0.0,0,0,1,0,0.84,0.417,1,0.0,0,0,1,1,0,1,0,1,0,0,0,12192.0,2,1,1,1,0,0,1,1,7.9,275.9,0,0,0,0,0,1
142300,36.828,0.0,0,0,1,0,8.262,0.0,0,0,1,0,0.887,0.464,1,0.0,0,0,1,1,0,1,0,1,0,0,0,12192.0,2,1,1,1,0,0,1,1,8.3,270.8,0,0,0,0,0,1
142400,36.828,0.0,0,0,1,0,8.262,0.0,0,0,1,0,0.938,0.51,1,0.0,0,0,1,1,0,1,0,1,0,0,0,12192.0,2,1,1,1,0,0,1,1,7.1,269.8,0,0,0,0,0,1
142500,36.828,0.0,0,0,1,0,8.262,0.0,0,0,1,0,0.994,0.557,1,0.0,0,0,1,1,0,1,0,1,0,0,0,12192.0,2,1,1,1,0,0,1,1,7.7,265.5,0,0,0,0,0,1
142600,36.828,0.0,0,0,1,0,8.262,0.0,0,0,1,0,1.054,0.603,1,0.0,0,0,1,1,0,1,0,1,0,0,0,12192.0,2,1,1,1,0,0,1,1,7.7,272.7,0,0,0,0,0,1
142700,36.828,0.0,0,0,1,0,8.262,0.0,0,0,1,0,1.119,0.649,1,0.0,0,0,1,1,0,1,0,1,0,0,0,12192.0,2,1,1,1,0,0,1,1,7.4,274.9,0,0,0,0,0,1
142800,36.828,0.0,0,0,1,0,8.262,0.0,0,0,1,0,1.188,0.696,1,0.0,0,0,1,1,0,1,0,1,0,0,0,12192.0,2,1,1,1,0,0,1,1,8.1,266.6,0,0,0,0,0,1
142900,36.828,0.0,0,0,1,0,8.262,0.0,0,0,1,0,1.263,0.742,1,0.0,0,0,1,1,0,1,0,1,0,0,0,12192.0,2,1,1,1,0,0,1,1,7.4,269.2,0,0,0,0,0,1
143000,36.828,0.0,0,0,1,0,8.262,0.0,0,0,1,0,1.341,0.788,1,0.0,0,0,1,1,0,1,0,1,0,0,0,12192.0,2,1,1,1,0,0,1,1,7.8,272.7,0,0,0,0,0,1
143100,36.828,0.0,0,0,1,0,8.262,0.0,0,0,1,0,1.425,0.835,1,0.0,0,0,1,1,0,1,0,1,0,0,0,12192.0,2,1,1,1,0,0,1,1,7.4,270.3,0,0,0,0,0,1
143200,36.828,0.0,0,0,1,0,8.262,0.0,0,0,1,0,1.513,0.881,1,0.0,0,0,1,1,0,1,0,1,0,0,0,12192.0,2,1,1,1,0,0,1,1,7.7,269.8,0,0,0,0,0,1
143300,36.828,0.0,0,0,1,0,8.262,0.0,0,0,1,0,1.606,0.928,1,0.0,0,0,1,1,0,1,0,1,0,0,0,12192.0,2,1,1,1,0,0,1,1,8.0,271.3,0,0,0,0,0,1
143400,36.828,0.0,0,0,1,0,8.262,0.0,0,0,1,0,1.703,0.974,1,0.0,0,0,1,1,0,1,0,1,0,0,0,12192.0,2,1,1,1,0,0,1,1,7.4,270.3,0,0,0,0,0,1
143500,36.828,0.0,0,0,1,0,8.262,0.0,0,0,1,0,1.805,1.02,1,0.0,0,0,1,1,0,1,0,1,0,0,0,12192.0,2,1,1,1,0,0,1,1,7.4,271.9,0,0,0,0,0,1
143600,36.828,0.0,0,0,1,0,8.262,0.0,0,0,1,0,1.912,1.067,1,0.0,0,0,1,1,0,1,0,1,0,0,0,12192.0,2,1,1,1,0,0,1,1,7.7,269.3,0,0,0,0,0,1
143700,36.828,0.0,0,0,1,0,8.262,0.0,0,0,1,0,2.023,1.113,1,0.0,0,0,1,1,0,1,0,1,0,0,0,12192.0,2,1,1,1,0,0,1,1,7.4,269.8,0,0,0,0,0,1
143800,36.828,0.0,0,0,1,0,8.262,0.0,0,0,1,0,2.139,1.159,1,0.0,0,0,1,1,0,1,0,1,0,0,0,12192.0,2,1,1,1,0,0,1,1,8.1,274.1,0,0,0,0,0,1
143900,36.828,0.0,0,0,1,0,8.262,0.0,0,0,1,0,2.256,1.168,1,0.0,0,0,1,1,0,1,0,1,0,0,0,12192.0,2,1,1,1,0,0,1,1,8.4,269.6,0,0,0,0,0,1
144000,36.828,0.0,0,0,1,0,8.262,0.0,0,0,1,0,2.373,1.168,1,0.0,0,0,1,1,0,1,0,1,0,0,0,12192.0,2,1,1,1,0,0,1,1,7.9,271.4,0,0,0,0,0,1
144100,36.828,0.0,0,0,1,0,8.262,0.0,0,0,1,0,2.49,1.168,1,0.0,0,0,1,1,0,1,0,1,0,0,0,12192.0,2,1,1,1,0,0,1,1,8.5,267.3,0,0,0,0,0,1
144200,36.828,0.0,0,0,1,0,8.262,0.0,0,0,1,0,2.606,1.168,1,0.0,0,0,1,1,0,1,0,1,0,0,0,12192.0,2,1,1,1,0,0,1,1,8.2,270.0,0,0,0,0,0,1
144300,36.828,0.0,0,0,1,0,8.262,0.0,0,0,1,0,2.723,1.168,1,0.0,0,0,1,1,0,1,0,1,0,0,0,12192.0,2,1,1,1,0,0,1,1,8.8,270.2,0,0,0,0,0,1
144400,36.828,0.0,0,0,1,0,8.262,0.0,0,0,1,0,2.84,1.168,1,0.0,0,0,1,1,0,1,0,1,0,0,0,12192.0,2,1,1,1,0,0,1,1,8.4,267.6,0,0,0,0,0,1
144500,36.828,0.0,0,0,1,0,8.262,0.0,0,0,1,0,2.957,1.168,1,0.0,0,0,1,1,0,1,0,1,0,0,0,12192.0,2,1,1,1,0,0,1,1,8.6,272.7,0,0,0,0,0,1
144600,36.828,0.0,0,0,1,0,8.262,0.0,0,0,1,0,3.074,1.168,1,0.0,0,0,1,1,0,1,0,1,0,0,0,12192.0,2,1,1,1,0,0,1,1,7.5,271.2,0,0,0,0,0,1
144700,36.828,0.0,0,0,1,0,8.262,0.0,0,0,1,0,3.191,1.168,1,0.0,0,0,1,1,0,1,0,1,0,0,0,12192.0,2,1,1,1,0,0,1,1,8.5,265.8,0,0,0,0,0,1
144800,36.828,0.0,0,0,1,0,8.262,0.0,0,0,1,0,3.307,1.168,1,0.0,0,0,1,1,0,1,0,1,0,0,0,12192.0,2,1,1,1,0,0,1,1,7.5,269.6,0,0,0,0,0,1
144900,36.828,0.0,0,0,1,0,8.262,0.0,0,0,1,0,3.424,1.168,1,0.0,0,0,1,1,0,1,0,1,0,0,0,12192.0,2,1,1,1,0,0,1,1,8.8,268.4,0,0,0,0,0,1
145000,36.828,0.0,0,0,1,0,8.262,0.0,0,0,1,0,3.541,1.168,1,0.0,0,0,1,1,0,1,0,1,0,0,0,12192.0,2,1,1,1,0,0,1,1,8.2,269.2,0,0,0,0,0,1
145100,36.828,0.0,0,0,1,0,8.262,0.0,0,0,1,0,3.658,1.168,1,0.0,0,0,1,1,0,1,0,1,0,0,0,12192.0,2,1,1,1,0,0,1,1,8.7,274.0,0,0,0,0,0,1
145200,36.828,0.0,0,0,1,0,8.262,0.0,0,0,1,0,3.775,1.168,1,0.0,0,0,1,1,0,1,0,1,0,0,0,12192.0,2,1,1,1,0,0,1,1,9.7,270.9,0,0,0,0,0,1
145300,36.828,0.0,0,0,1,0,8.262,0.0,0,0,1,0,3.892,1.168,1,0.0,0,0,1,1,0,1,0,1,0,0,0,12192.0,2,1,1,1,0,0,1,1,7.7,272.7,0,0,0,0,0,1
145400,36.828,0.0,0,0,1,0,8.262,0.0,0,0,1,0,4.008,1.168,1,0.0,0,0,1,1,0,1,0,1,0,0,0,12192.0,2,1,1,1,0,0,1,1,8.9,270.3,0,0,0,0,0,1
145500,36.828,0.0,0,0,1,0,8.262,0.0,0,0,1,0,4.125,1.168,1,0.0,0,0,1,1,0,1,0,1,0,0,0,12192.0,2,1,1,1,0,0,1,1,8.9,271.1,0,0,0,0,0,1
145600,36.828,0.0,0,0,1,0,8.262,0.0,0,0,1,0,4.242,1.168,1,0.0,0,0,1,1,0,1,0,1,0,0,0,12192.0,2,1,1,1,0,0,1,1,8.8,269.5,0,0,0,0,0,1
145700,36.828,0.0,0,0,1,0,8.262,0.0,0,0,1,0,4.359,1.168,1,0.0,0,0,1,1,0,1,0,1,0,0,0,12192.0,2,1,1,1,0,0,1,1,8.9,271.2,0,0,0,0,0,1
145800,36.828,0.0,0,0,1,0,8.262,0.0,0,0,1,0,4.476,1.168,1,0.0,0,0,1,1,0,1,0,1,0,0,0,12192.0,2,1,1,1,0,0,1,1,7.7,270.8,0,0,0,0,0,1
145900,36.828,0.0,0,0,1,0,8.262,0.0,0,0,1,0,4.593,1.168,1,0.0,0,0,1,1,0,1,0,1,0,0,0,12192.0,2,1,1,1,0,0,1,1,8.8,271.8,0,0,0,0,0,1
146000,36.828,0.0,0,0,1,0,8.262,0.0,0,0,1,0,4.709,1.168,1,0.0,0,0,1,1,0,1,0,1,0,0,0,12192.0,2,1,1,1,0,0,1,1,9.0,270.6,0,0,0,0,0,1
146100,36.828,0.0,0,0,1,0,8.262,0.0,0,0,1,0,4.826,1.168,1,0.0,0,0,1,1,0,1,0,1,0,0,0,12192.0,2,1,1,1,0,0,1,1,9.4,270.3,0,0,0,0,0,1
146200,36.828,0.0,0,0,1,0,8.262,0.0,0,0,1,0,4.943,1.168,1,0.0,0,0,1,1,0,1,0,1,0,0,0,12192.0,2,1,1,1,0,0,1,1,8.3,269.2,0,0,0,0,0,1
146300,36.828,0.0,0,0,1,0,8.262,0.0,0,0,1,0,5.06,1.168,1,0.0,0,0,1,1,0,1,0,1,0,0,0,12192.0,2,1,1,1,0,0,1,1,8.7,271.2,0,0,0,0,0,1
146400,36.828,0.0,0,0,1,0,8.262,0.0,0,0,1,0,5.177,1.168,1,0.0,0,0,1,1,0,1,0,1,0,0,0,12192.0,2,1,1,1,0,0,1,1,8.1,272.5,0,0,0,0,0,1
146500,36.828,0.0,0,0,1,0,8.262,0.0,0,0,1,0,5.294,1.168,1,0.0,0,0,1,1,0,1,0,1,0,0,0,12192.0,2,1,1,1,0,0,1,1,8.5,272.1,0,0,0,0,0,1
146600,36.828,0.0,0,0,1,0,8.262,0.0,0,0,1,0,5.41,1.168,1,0.0,0,0,1,1,0,1,0,1,0,0,0,12192.0,2,1,1,1,0,0,1,1,8.4,268.4,0,0,0,0,0,1
146700,36.828,0.0,0,0,1,0,8.262,0.0,0,0,1,0,5.527,1.168,1,0.0,0,0,1,1,0,1,0,1,0,0,0,12192.0,2,1,1,1,0,0,1,1,9.4,275.5,0,0,0,0,0,1
146800,36.828,0.0,0,0,1,0,8.262,0.0,0,0,1,0,5.644,1.168,1,0.0,0,0,1,1,0,1,0,1,0,0,0,12192.0,2,1,1,1,0,0,1,1,9.1,269.5,0,0,0,0,0,1
146900,36.828,0.0,0,0,1,0,8.262,0.0,0,0,1,0,5.761,1.168,1,0.0,0,0,1,1,0,1,0,1,0,0,0,12192.0,2,1,1,1,0,0,1,1,8.1,265.7,0,0,0,0,0,1
147000,36.828,0.0,0,0,1,0,8.262,0.0,0,0,1,0,5.878,1.168,1,0.0,0,0,1,1,0,1,0,1,0,0,0,12192.0,2,1,1,1,0,0,1,1,8.7,272.1,0,0,0,0,0,1
147100,36.828,0.0,0,0,1,0,8.262,0.0,0,0,1,0,5.995,1.168,1,0.0,0,0,1,1,0,1,0,1,0,0,0,12192.0,2,1,1,1,0,0,1,1,8.7,270.8,0,0,0,0,0,1
147200,36.828,0.0,0,0,1,0,8.262,0.0,0,0,1,0,6.111,1.168,1,0.0,0,0,1,1,0,1,0,1,0,0,0,12192.0,2,1,1,1,0,0,1,1,8.6,271.9,0,0,0,0,0,1
147300,36.828,0.0,0,0,1,0,8.262,0.0,0,0,1,0,6.228,1.168,1,0.0,0,0,1,1,0,1,0,1,0,0,0,12192.0,2,1,1,1,0,0,1,1,8.6,269.0,0,0,0,0,0,1
147400,36.828,0.0,0,0,1,0,8.262,0.0,0,0,1,0,6.345,1.168,1,0.0,0,0,1,1,0,1,0,1,0,0,0,12192.0,2,1,1,1,0,0,1,1,8.0,266.7,0,0,0,0,0,1
147500,36.828,0.0,0,0,1,0,8.262,0.0,0,0,1,0,6.462,1.168,1,0.0,0,0,1,1,0,1,0,1,0,0,0,12192.0,2,1,1,1,0,0,1,1,8.6,271.0,0,0,0,0,0,1
147600,36.828,0.0,0,0,1,0,8.262,0.0,0,0,1,0,6.579,1.168,1,0.0,0,0,1,1,0,1,0,1,0,0,0,12192.0,2,1,1,1,0,0,1,1,8.7,268.7,0,0,0,0,0,1
147700,36.828,0.0,0,0,1,0,8.262,0.0,0,0,1,0,6.696,1.168,1,0.0,0,0,1,1,0,1,0,1,0,0,0,12192.0,2,1,1,1,0,0,1,1,7.5,270.2,0,0,0,0,0,1
147800,36.828,0.0,0,0,1,0,8.262,0.0,0,0,1,0,6.812,1.168,1,0.0,0,0,1,1,0,1,0,1,0,0,0,12192.0,2,1,1,1,0,0,1,1,8.1,267.8,0,0,0,0,0,1
147900,36.828,0.0,0,0,1,0,8.262,0.0,0,0,1,0,6.929,1.168,1,0.0,0,0,1,1,0,1,0,1,0,0,0,12192.0,2,1,1,1,0,0,1,1,8.1,268.8,0,0,0,0,0,1
148000,36.828,0.0,0,0,1,0,8.262,0.0,0,0,1,0,7.046,1.168,1,0.0,0,0,1,1,0,1,0,1,0,0,0,12192.0,2,1,1,1,0,0,1,1,8.2,267.9,0,0,0,0,0,1
148100,36.828,0.0,0,0,1,0,8.262,0.0,0,0,1,0,7.163,1.168,1,0.0,0,0,1,1,0,1,0,1,0,0,0,12192.0,2,1,1,1,0,0,1,1,7.3,264.9,0,0,0,0,0,1
148200,36.828,0.0,0,0,1,0,8.262,0.0,0,0,1,0,7.28,1.168,1,0.0,0,0,1,1,0,1,0,1,0,0,0,12192.0,2,1,1,1,0,0,1,1,8.6,272.7,0,0,0,0,0,1
148300,36.828,0.0,0,0,1,0,8.262,0.0,0,0,1,0,7.397,1.168,1,0.0,0,0,1,1,0,1,0,1,0,0,0,12192.0,2,1,1,1,0,0,1,1,6.9,264.7,0,0,0,0,0,1
148400,36.828,0.0,0,0,1,0,8.262,0.0,0,0,1,0,7.513,1.168,1,0.0,0,0,1,1,0,1,0,1,0,0,0,12192.0,2,1,1,1,0,0,1,1,7.9,272.3,0,0,0,0,0,1
148500,36.828,0.0,0,0,1,0,8.262,0.0,0,0,1,0,7.63,1.168,1,0.0,0,0,1,1,0,1,0,1,0,0,0,12192.0,2,1,1,1,0,0,1,1,8.6,269.4,0,0,0,0,0,1
148600,36.828,0.0,0,0,1,0,8.262,0.0,0,0,1,0,7.747,1.168,1,0.0,0,0,1,1,0,1,0,1,0,0,0,12192.0,2,1,1,1,0,0,1,1,7.7,264.6,0,0,0,0,0,1
148700,36.828,0.0,0,0,1,0,8.262,0.0,0,0,1,0,7.864,1.168,1,0.0,0,0,1,1,0,1,0,1,0,0,0,12192.0,2,1,1,1,0,0,1,1,8.5,269.1,0,0,0,0,0,1
148800,36.828,0.0,0,0,1,0,8.262,0.0,0,0,1,0,7.981,1.168,1,0.0,0,0,1,1,0,1,0,1,0,0,0,12192.0,2,1,1,1,0,0,1,1,8.1,268.8,0,0,0,0,0,1
148900,36.828,0.0,0,0,1,0,8.262,0.0,0,0,1,0,8.098,1.168,1,0.0,0,0,1,1,0,1,0,1,0,0,0,12192.0,2,1,1,1,0,0,1,1,7.9,273.7,0,0,0,0,0,1
149000,36.828,0.0,0,0,1,0,8.262,0.0,0,0,1,0,8.214,1.168,1,0.0,0,0,1,1,0,1,0,1,0,0,0,12192.0,2,1,1,1,0,0,1,1,7.7,272.1,0,0,0,0,0,1
149100,36.828,0.0,0,0,1,0,8.262,0.0,0,0,1,0,8.331,1.168,1,0.0,0,0,1,1,0,1,0,1,0,0,0,12192.0,2,1,1,1,0,0,1,1,8.2,270.5,0,0,0,0,0,1
149200,36.828,0.0,0,0,1,0,8.262,0.0,0,0,1,0,8.448,1.168,1,0.0,0,0,1,1,0,1,0,1,0,0,0,12192.0,2,1,1,1,0,0,1,1,8.2,273.5,0,0,0,0,0,1
149300,36.828,0.0,0,0,1,0,8.262,0.0,0,0,1,0,8.565,1.168,1,0.0,0,0,1,1,0,1,0,1,0,0,0,12192.0,2,1,1,1,0,0,1,1,6.8,270.2,0,0,0,0,0,1
149400,36.828,0.0,0,0,1,0,8.262,0.0,0,0,1,0,8.682,1.168,1,0.0,0,0,1,1,0,1,0,1,0,0,0,12192.0,2,1,1,1,0,0,1,1,7.4,274.5,0,0,0,0,0,1
149500,36.828,0.0,0,0,1,0,8.262,0.0,0,0,1,0,8.799,1.168,1,0.0,0,0,1,1,0,1,0,1,0,0,0,12192.0,2,1,1,1,0,0,1,1,6.8,268.1,0,0,0,0,0,1
149600,36.828,0.0,0,0,1,0,8.262,0.0,0,0,1,0,8.915,1.168,1,0.0,0,0,1,1,0,1,0,1,0,0,0,12192.0,2,1,1,1,0,0,1,1,6.9,269.0,0,0,0,0,0,1
149700,36.828,0.0,0,0,1,0,8.262,0.0,0,0,1,0,9.032,1.168,1,0.0,0,0,1,1,0,1,0,1,0,0,0,12192.0,2,1,1,1,0,0,1,1,7.2,271.8,0,0,0,0,0,1
149800,36.828,0.0,0,0,1,0,8.262,0.0,0,0,1,0,9.149,1.168,1,0.0,0,0,1,1,0,1,0,1,0,0,0,12192.0,2,1,1,1,0,0,1,1,7.2,267.4,0,0,0,0,0,1
149900,36.828,0.0,0,0,1,0,8.262,0.0,0,0,1,0,9.266,1.168,1,0.0,0,0,1,1,0,1,0,1,0,0,0,12192.0,2,1,1,1,0,0,1,1,7.9,270.0,0,0,0,0,0,1
150000,36.828,0.0,0,0,1,0,8.262,0.0,0,0,1,0,9.383,1.168,1,0.0,0,0,1,1,0,1,0,1,0,0,0,12192.0,2,1,1,1,0,0,1,1,7.3,272.4,0,0,0,0,0,1
150100,36.828,0.0,0,0,1,0,8.262,0.0,0,0,1,0,9.5,1.168,1,0.0,0,0,1,1,0,1,0,1,0,0,0,12192.0,2,1,1,1,0,0,1,1,8.0,266.0,0,0,0,0,0,1
150200,36.828,0.0,0,0,1,0,8.262,0.0,0,0,1,0,9.616,1.168,1,0.0,0,0,1,1,0,1,0,1,0,0,0,12192.0,2,1,1,1,0,0,1,1,7.4,268.2,0,0,0,0,0,1
150300,36.828,0.0,0,0,1,0,8.262,0.0,0,0,1,0,9.733,1.168,1,0.0,0,0,1,1,0,1,0,1,0,0,0,12192.0,2,1,1,1,0,0,1,1,7.2,273.1,0,0,0,0,0,1
150400,36.828,0.0,0,0,1,0,8.262,0.0,0,0,1,0,9.85,1.168,1,0.0,0,0,1,1,0,1,0,1,0,0,0,12192.0,2,1,1,1,0,0,1,1,7.2,267.6,0,0,0,0,0,1
150500,36.828,0.0,0,0,1,0,8.262,0.0,0,0,1,0,9.967,1.168,1,0.0,0,0,1,1,0,1,0,1,0,0,0,12192.0,2,1,1,1,0,0,1,1,7.9,270.0,0,0,0,0,0,1
150600,36.828,0.0,0,0,1,0,8.262,0.0,0,0,1,0,10.084,1.168,1,0.0,0,0,1,1,0,1,0,1,0,0,0,12192.0,2,1,1,1,0,0,1,1,7.2,269.5,0,0,0,0,0,1
150700,36.828,0.0,0,0,1,0,8.262,0.0,0,0,1,0,10.201,1.168,1,0.0,0,0,1,1,0,1,0,1,0,0,0,12192.0,2,1,1,1,0,0,1,1,8.3,274.8,0,0,0,0,0,1
150800,36.828,0.0,0,0,1,0,8.262,0.0,0,0,1,0,10.317,1.168,1,0.0,0,0,1,1,0,1,0,1,0,0,0,12192.0,2,1,1,1,0,0,1,1,7.1,272.7,0,0,0,0,0,1
150900,36.828,0.0,0,0,1,0,8.262,0.0,0,0,1,0,10.434,1.168,1,0.0,0,0,1,1,0,1,0,1,0,0,0,12192.0,2,1,1,1,0,0,1,1,7.2,271.3,0,0,0,0,0,1
151000,36.828,0.0,0,0,1,0,8.262,0.0,0,0,1,0,10.551,1.168,1,0.0,0,0,1,1,0,1,0,1,0,0,0,12192.0,2,1,1,1,0,0,1,1,7.8,269.5,0,0,0,0,0,1
151100,36.828,0.0,0,0,1,0,8.262,0.0,0,0,1,0,10.668,1.168,1,0.0,0,0,1,1,0,1,0,1,0,0,0,12192.0,2,1,1,1,0,0,1,1,7.2,269.9,0,0,0,0,0,1
151200,36.828,0.0,0,0,1,0,8.262,0.0,0,0,1,0,10.785,1.168,1,0.0,0,0,1,1,0,1,0,1,0,0,0,12192.0,2,1,1,1,0,0,1,1,7.6,271.5,0,0,0,0,0,1
151300,36.828,0.0,0,0,1,0,8.262,0.0,0,0,1,0,10.902,1.168,1,0.0,0,0,1,1,0,1,0,1,0,0,0,12192.0,2,1,1,1,0,0,1,1,7.4,268.4,0,0,0,0,0,1
151400,36.828,0.0,0,0,1,0,8.262,0.0,0,0,1,0,11.018,1.168,1,0.0,0,0,1,1,0,1,0,1,0,0,0,12192.0,2,1,1,1,0,0,1,1,8.0,270.5,0,0,0,0,0,1
151500,36.828,0.0,0,0,1,0,8.262,0.0,0,0,1,0,11.135,1.168,1,0.0,0,0,1,1,0,1,0,1,0,0,0,12192.0,2,1,1,1,0,0,1,1,7.9,269.1,0,0,0,0,0,1
151600,36.828,0.0,0,0,1,0,8.262,0.0,0,0,1,0,11.252,1.168,1,0.0,0,0,1,1,0,1,0,1,0,0,0,12192.0,2,1,1,1,0,0,1,1,8.1,276.2,0,0,0,0,0,1
151700,36.828,0.0,0,0,1,0,8.262,0.0,0,0,1,0,11.369,1.168,1,0.0,0,0,1,1,0,1,0,1,0,0,0,12192.0,2,1,1,1,0,0,1,1,7.8,267.5,0,0,0,0,0,1
151800,36.828,0.0,0,0,1,0,8.262,0.0,0,0,1,0,11.486,1.168,1,0.0,0,0,1,1,0,1,0,1,0,0,0,12192.0,2,1,1,1,0,0,1,1,7.9,268.7,0,0,0,0,0,1
151900,36.828,0.0,0,0,1,0,8.262,0.0,0,0,1,0,11.603,1.168,1,0.0,0,0,1,1,0,1,0,1,0,0,0,12192.0,2,1,1,1,0,0,1,1,8.2,271.6,0,0,0,0,0,1
152000,36.828,0.0,0,0,1,0,8.262,0.0,0,0,1,0,11.719,1.168,1,0.0,0,0,1,1,0,1,0,1,0,0,0,12192.0,2,1,1,1,0,0,1,1,7.9,268.7,0,0,0,0,0,1
152100,36.828,0.0,0,0,1,0,8.262,0.0,0,0,1,0,11.836,1.168,1,0.0,0,0,1,1,0,1,0,1,0,0,0,12192.0,2,1,1,1,0,0,1,1,7.2,268.8,0,0,0,0,0,1
152200,36.828,0.0,0,0,1,0,8.262,0.0,0,0,1,0,11.953,1.168,1,0.0,0,0,1,1,0,1,0,1,0,0,0,12192.0,2,1,1,1,0,0,1,1,7.3,272.2,0,0,0,0,0,1
152300,36.828,0.0,0,0,1,0,8.262,0.0,0,0,1,0,12.07,1.168,1,0.0,0,0,1,1,0,1,0,1,0,0,0,12192.0,2,1,1,1,0,0,1,1,8.0,269.4,0,0,0,0,0,1
152400,36.828,0.0,0,0,1,0,8.262,0.0,0,0,1,0,12.187,1.168,1,0.0,0,0,1,1,0,1,0,1,0,0,0,12192.0,2,1,1,1,0,0,1,1,9.1,265.4,0,0,0,0,0,1
152500,36.828,0.0,0,0,1,0,8.262,0.0,0,0,1,0,12.304,1.168,1,0.0,0,0,1,1,0,1,0,1,0,0,0,12192.0,2,1,1,1,0,0,1,1,7.5,269.1,0,0,0,0,0,1
152600,36.828,0.0,0,0,1,0,8.262,0.0,0,0,1,0,12.42,1.168,1,0.0,0,0,1,1,0,1,0,1,0,0,0,12192.0,2,1,1,1,0,0,1,1,7.4,272.4,0,0,0,0,0,1
152700,36.828,0.0,0,0,1,0,8.262,0.0,0,0,1,0,12.537,1.168,1,0.0,0,0,1,1,0,1,0,1,0,0,0,12192.0,2,1,1,1,0,0,1,1,8.5,264.9,0,0,0,0,0,1
152800,36.828,0.0,0,0,1,0,8.262,0.0,0,0,1,0,12.654,1.168,1,0.0,0,0,1,1,0,1,0,1,0,0,0,12192.0,2,1,1,1,0,0,1,1,7.8,267.1,0,0,0,0,0,1
152900,36.828,0.0,0,0,1,0,8.262,0.0,0,0,1,0,12.771,1.168,1,0.0,0,0,1,1,0,1,0,1,0,0,0,12192.0,2,1,1,1,0,0,1,1,9.0,267.7,0,0,0,0,0,1
153000,36.828,0.0,0,0,1,0,8.262,0.0,0,0,1,0,12.888,1.168,1,0.0,0,0,1,1,0,1,0,1,0,0,0,12192.0,2,1,1,1,0,0,1,1,8.5,275.1,0,0,0,0,0,1
153100,36.828,0.0,0,0,1,0,8.262,0.0,0,0,1,0,13.005,1.168,1,0.0,0,0,1,1,0,1,0,1,0,0,0,12192.0,2,1,1,1,0,0,1,1,8.3,275.6,0,0,0,0,0,1
153200,36.828,0.0,0,0,1,0,8.262,0.0,0,0,1,0,13.117,1.122,1,0.0,0,0,1,1,0,1,0,1,0,0,0,12192.0,2,1,1,1,0,0,1,1,7.5,269.0,0,0,0,0,0,1
153300,36.828,0.0,0,0,1,0,8.262,0.0,0,0,1,0,13.224,1.076,1,0.0,0,0,1,1,0,1,0,1,0,0,0,12192.0,2,1,1,1,0,0,1,1,7.7,268.9,0,0,0,0,0,1
153400,36.828,0.0,0,0,1,0,8.262,0.0,0,0,1,0,13.327,1.029,1,0.0,0,0,1,1,0,1,0,1,0,0,0,12192.0,2,1,1,1,0,0,1,1,8.7,272.0,0,0,0,0,0,1
153500,36.828,0.0,0,0,1,0,8.262,0.0,0,0,1,0,13.425,0.983,1,0.0,0,0,1,1,0,1,0,1,0,0,0,12192.0,2,1,1,1,0,0,1,1,8.9,268.5,0,0,0,0,0,1
153600,36.828,0.0,0,0,1,0,8.262,0.0,0,0,1,0,13.519,0.935,1,0.0,0,0,1,1,0,1,0,1,0,0,0,12192.0,2,1,1,1,0,0,1,1,9.5,268.7,0,0,0,0,0,1
153700,36.828,0.0,0,0,1,0,8.262,0.0,0,0,1,0,13.608,0.887,1,0.0,0,0,1,1,0,1,0,1,0,0,0,12192.0,2,1,1,1,0,0,1,1,9.0,266.0,0,0,0,0,0,1
153800,36.828,0.0,0,0,1,0,8.262,0.0,0,0,1,0,13.692,0.84,1,0.0,0,0,1,1,0,1,0,1,0,0,0,12192.0,2,1,1,1,0,0,1,1,8.7,268.5,0,0,0,0,0,1
153900,36.828,0.0,0,0,1,0,8.262,0.0,0,0,1,0,13.771,0.792,1,0.0,0,0,1,1,0,1,0,1,0,0,0,12192.0,2,1,1,1,0,0,1,1,8.7,265.3,0,0,0,0,0,1
154000,36.828,0.0,0,0,1,0,8.262,0.0,0,0,1,0,13.845,0.744,1,0.0,0,0,1,1,0,1,0,1,0,0,0,12192.0,2,1,1,1,0,0,1,1,9.1,266.6,0,0,0,0,0,1
154100,36.828,0.0,0,0,1,0,8.262,0.0,0,0,1,0,13.915,0.696,1,0.0,0,0,1,1,0,1,0,1,0,0,0,12192.0,2,1,1,1,0,0,1,1,8.2,268.6,0,0,0,0,0,1
154200,36.828,0.0,0,0,1,0,8.262,0.0,0,0,1,0,13.98,0.648,1,0.0,0,0,1,1,0,1,0,1,0,0,0,12192.0,2,1,1,1,0,0,1,1,9.4,272.5,0,0,0,0,0,1
154300,36.828,0.0,0,0,1,0,8.262,0.0,0,0,1,0,14.04,0.6,1,0.0,0,0,1,1,0,1,0,1,0,0,0,12192.0,2,1,1,1,0,0,1,1,7.9,273.3,0,0,0,0,0,1
154400,36.828,0.0,0,0,1,0,8.262,0.0,0,0,1,0,14.095,0.552,1,0.0,0,0,1,1,0,1,0,1,0,0,0,12192.0,2,1,1,1,0,0,1,1,8.4,269.5,0,0,0,0,0,1
154500,36.828,0.0,0,0,1,0,8.262,0.0,0,0,1,0,14.145,0.503,1,0.0,0,0,1,1,0,1,0,1,0,0,0,12192.0,2,1,1,1,0,0,1,1,8.8,272.2,0,0,0,0,0,1
154600,36.828,0.0,0,0,1,0,8.262,0.0,0,0,1,0,14.191,0.455,1,0.0,0,0,1,1,0,1,0,1,0,0,0,12192.0,2,1,1,1,0,0,1,1,9.0,271.5,0,0,0,0,0,1
154700,36.828,0.0,0,0,1,0,8.262,0.0,0,0,1,0,14.231,0.405,1,0.0,0,0,1,1,0,1,0,1,0,0,0,12192.0,2,1,1,1,0,0,1,1,8.3,270.1,0,0,0,0,0,1
154800,36.828,0.0,0,0,1,0,8.262,0.0,0,0,1,0,14.267,0.356,1,0.0,0,0,1,1,0,1,0,1,0,0,0,12192.0,2,1,1,1,0,0,1,1,9.0,270.7,0,0,0,0,0,1
154900,36.828,0.0,0,0,1,0,8.262,0.0,0,0,1,0,14.298,0.306,1,0.0,0,0,1,1,0,1,0,1,0,0,0,12192.0,2,1,1,1,0,0,1,1,8.6,270.9,0,0,0,0,0,1
155000,36.828,0.0,0,0,1,0,8.262,0.0,0,0,1,0,14.323,0.256,1,0.0,0,0,1,1,0,1,0,1,0,0,0,12192.0,2,1,1,1,0,0,1,1,8.2,271.0,0,0,0,0,0,1
155100,36.828,0.0,0,0,1,0,8.262,0.0,0,0,1,0,14.344,0.204,1,0.0,0,0,1,1,0,1,0,1,0,0,0,12192.0,2,1,1,1,0,0,1,1,8.3,269.5,0,0,0,0,0,1
155200,36.828,0.0,0,0,1,0,8.262,0.0,0,0,1,0,14.359,0.151,1,0.0,0,0,1,1,0,1,0,1,0,0,0,12192.0,2,1,1,1,0,0,1,1,7.7,267.9,0,0,0,0,0,1
155300,36.828,0.0,0,0,1,0,8.262,0.0,0,0,1,0,14.368,0.094,1,0.0,0,0,1,1,0,1,0,1,0,0,0,12192.0,2,1,1,1,0,0,1,1,8.9,267.3,0,0,0,0,0,1
155400,36.828,0.0,0,0,0,0,8.262,0.0,0,0,0,0,14.373,0.0,0,0.0,0,0,0,0,0,1,0,1,0,0,0,12192.0,2,1,1,0,1,0,1,1,8.2,269.4,0,0,0,0,0,1
155500,36.828,0.0,0,0,1,0,8.268,0.062,1,1,1,0,14.368,0.0,0,0.0,0,0,0,1,0,0,0,1,0,0,0,12192.0,2,1,1,1,0,0,1,2,8.8,274.6,0,0,0,0,0,1
155600,36.828,0.0,0,0,1,0,8.28,0.124,1,1,1,0,14.368,0.0,0,0.0,0,0,0,1,0,0,0,1,0,0,0,12192.0,2,1,1,1,0,0,1,2,8.3,271.1,0,0,0,0,0,1
155700,36.828,0.0,0,0,1,0,8.299,0.186,1,1,1,0,14.368,0.0,0,0.0,0,0,0,1,0,0,0,1,0,0,0,12192.0,2,1,1,1,0,0,1,2,8.1,271.5,0,0,0,0,0,1
155800,36.828,0.0,0,0,1,0,8.324,0.248,1,1,1,0,14.368,0.0,0,0.0,0,0,0,1,0,0,0,1,0,0,0,12192.0,2,1,1,1,0,0,1,2,9.1,266.4,0,0,0,0,0,1
155900,36.828,0.0,0,0,1,0,8.355,0.31,1,1,1,0,14.368,0.0,0,0.0,0,0,0,1,0,0,0,1,0,0,0,12192.0,2,1,1,1,0,0,1,2,9.5,269.1,0,0,0,0,0,1
156000,36.828,0.0,0,0,1,0,8.392,0.373,1,1,1,0,14.368,0.0,0,0.0,0,0,0,1,0,0,0,1,0,0,0,12192.0,2,1,1,1,0,0,1,2,8.5,271.1,0,0,0,0,0,1
156100,36.828,0.0,0,0,1,0,8.435,0.435,1,1,1,0,14.368,0.0,0,0.0,0,0,0,1,0,0,0,1,0,0,0,12192.0,2,1,1,1,0,0,1,2,8.8,270.5,0,0,0,0,0,1
156200,36.828,0.0,0,0,1,0,8.485,0.497,1,1,1,0,14.368,0.0,0,0.0,0,0,0,1,0,0,0,1,0,0,0,12192.0,2,1,1,1,0,0,1,2,8.5,265.4,0,0,0,0,0,1
156300,36.828,0.0,0,0,1,0,8.541,0.559,1,1,1,0,14.368,0.0,0,0.0,0,0,0,1,0,0,0,1,0,0,0,12192.0,2,1,1,1,0,0,1,2,7.6,275.3,0,0,0,0,0,1
156400,36.828,0.0,0,0,1,0,8.603,0.621,1,1,1,0,14.368,0.0,0,0.0,0,0,0,1,0,0,0,1,0,0,0,12192.0,2,1,1,1,0,0,1,2,8.4,271.7,0,0,0,0,0,1
156500,36.828,0.0,0,0,1,0,8.671,0.683,1,1,1,0,14.368,0.0,0,0.0,0,0,0,1,0,0,0,1,0,0,0,12192.0,2,1,1,1,0,0,1,2,8.2,270.4,0,0,0,0,0,1
156600,36.828,0.0,0,0,1,0,8.746,0.745,1,1,1,0,14.368,0.0,0,0.0,0,0,0,1,0,0,0,1,0,0,0,12192.0,2,1,1,1,0,0,1,2,7.9,263.3,0,0,0,0,0,1
156700,36.828,0.0,0,0,1,0,8.827,0.807,1,1,1,0,14.368,0.0,0,0.0,0,0,0,1,0,0,0,1,0,0,0,12192.0,2,1,1,1,0,0,1,2,7.6,269.6,0,0,0,0,0,1
156800,36.828,0.0,0,0,1,0,8.914,0.869,1,1,1,0,14.368,0.0,0,0.0,0,0,0,1,0,0,0,1,0,0,0,12192.0,2,1,1,1,0,0,1,2,7.6,266.0,0,0,0,0,0,1
156900,36.828,0.0,0,0,1,0,9.007,0.931,1,1,1,0,14.368,0.0,0,0.0,0,0,0,1,0,0,0,1,0,0,0,12192.0,2,1,1,1,0,0,1,2,8.0,267.8,0,0,0,0,0,1
157000,36.828,0.0,0,0,1,0,9.106,0.993,1,1,1,0,14.368,0.0,0,0.0,0,0,0,1,0,0,0,1,0,0,0,12192.0,2,1,1,1,0,0,1,2,8.4,269.1,0,0,0,0,0,1
157100,36.828,0.0,0,0,1,0,9.212,1.055,1,1,1,0,14.368,0.0,0,0.0,0,0,0,1,0,0,0,1,0,0,0,12192.0,2,1,1,1,0,0,1,2,8.5,266.3,0,0,0,0,0,1
157200,36.828,0.0,0,0,1,0,9.323,1.118,1,1,1,0,14.368,0.0,0,0.0,0,0,0,1,0,0,0,1,0,0,0,12192.0,2,1,1,1,0,0,1,2,8.1,268.1,0,0,0,0,0,1
157300,36.828,0.0,0,0,1,0,9.441,1.18,1,1,1,0,14.368,0.0,0,0.0,0,0,0,1,0,0,0,1,0,0,0,12192.0,2,1,1,1,0,0,1,2,8.3,273.7,0,0,0,0,0,1
157400,36.828,0.0,0,0,1,0,9.565,1.242,1,1,1,0,14.368,0.0,0,0.0,0,0,0,1,0,0,0,1,0,0,0,12192.0,2,1,1,1,0,0,1,2,8.7,273.5,0,0,0,0,0,1
157500,36.828,0.0,0,0,1,0,9.696,1.304,1,1,1,0,14.368,0.0,0,0.0,0,0,0,1,0,0,0,1,0,0,0,12192.0,2,1,1,1,0,0,1,2,7.6,268.1,0,0,0,0,0,1
157600,36.828,0.0,0,0,1,0,9.832,1.366,1,1,1,0,14.368,0.0,0,0.0,0,0,0,1,0,0,0,1,0,0,0,12192.0,2,1,1,1,0,0,1,2,8.4,269.3,0,0,0,0,0,1
157700,36.828,0.0,0,0,1,0,9.975,1.428,1,1,1,0,14.368,0.0,0,0.0,0,0,0,1,0,0,0,1,0,0,0,12192.0,2,1,1,1,0,0,1,2,7.1,269.5,0,0,0,0,0,1
157800,36.828,0.0,0,0,1,0,10.124,1.49,1,1,1,0,14.368,0.0,0,0.0,0,0,0,1,0,0,0,1,0,0,0,12192.0,2,1,1,1,0,0,1,2,7.6,266.8,0,0,0,0,0,1
157900,36.828,0.0,0,0,1,0,10.279,1.552,1,1,1,0,14.368,0.0,0,0.0,0,0,0,1,0,0,0,1,0,0,0,12192.0,2,1,1,1,0,0,1,2,7.8,265.5,0,0,0,0,0,1
158000,36.828,0.0,0,0,1,0,10.441,1.614,1,1,1,0,14.368,0.0,0,0.0,0,0,0,1,0,0,0,1,0,0,0,12192.0,2,1,1,1,0,0,1,2,7.4,266.5,0,0,0,0,0,1
158100,36.828,0.0,0,0,1,0,10.608,1.676,1,1,1,0,14.368,0.0,0,0.0,0,0,0,1,0,0,0,1,0,0,0,12192.0,2,1,1,1,0,0,1,2,7.7,272.1,0,0,0,0,0,1
158200,36.828,0.0,0,0,1,0,10.782,1.738,1,1,1,0,14.368,0.0,0,0.0,0,0,0,1,0,0,0,1,0,0,0,12192.0,2,1,1,1,0,0,1,2,8.2,269.4,0,0,0,0,0,1
158300,36.828,0.0,0,0,1,0,10.962,1.8,1,1,1,0,14.368,0.0,0,0.0,0,0,0,1,0,0,0,1,0,0,0,12192.0,2,1,1,1,0,0,1,2,7.8,268.6,0,0,0,0,0,1
158400,36.828,0.0,0,0,1,0,11.149,1.863,1,1,1,0,14.368,0.0,0,0.0,0,0,0,1,0,0,0,1,0,0,0,12192.0,2,1,1,1,0,0,1,2,7.2,270.3,0,0,0,0,0,1
158500,36.828,0.0,0,0,1,0,11.341,1.925,1,1,1,0,14.368,0.0,0,0.0,0,0,0,1,0,0,0,1,0,0,0,12192.0,2,1,1,1,0,0,1,2,7.7,268.1,0,0,0,0,0,1
158600,36.828,0.0,0,0,1,0,11.54,1.987,1,1,1,0,14.368,0.0,0,0.0,0,0,0,1,0,0,0,1,0,0,0,12192.0,2,1,1,1,0,0,1,2,6.7,267.2,0,0,0,0,0,1
158700,36.828,0.0,0,0,1,0,11.745,2.049,1,1,1,0,14.368,0.0,0,0.0,0,0,0,1,0,0,0,1,0,0,0,12192.0,2,1,1,1,0,0,1,2,6.7,271.4,0,0,0,0,0,1
158800,36.828,0.0,0,0,1,0,11.956,2.111,1,1,1,0,14.368,0.0,0,0.0,0,0,0,1,0,0,0,1,0,0,0,12192.0,2,1,1,1,0,0,1,2,7.8,271.8,0,0,0,0,0,1
158900,36.828,0.0,0,0,1,0,12.173,2.173,1,1,1,0,14.368,0.0,0,0.0,0,0,0,1,0,0,0,1,0,0,0,12192.0,2,1,1,1,0,0,1,2,7.6,269.5,0,0,0,0,0,1
159000,36.828,0.0,0,0,1,0,12.396,2.235,1,1,1,0,14.368,0.0,0,0.0,0,0,0,1,0,0,0,1,0,0,0,12192.0,2,1,1,1,0,0,1,2,7.3,268.8,0,0,0,0,0,1
159100,36.828,0.0,0,0,1,0,12.626,2.297,1,1,1,0,14.368,0.0,0,0.0,0,0,0,1,0,0,0,1,0,0,0,12192.0,2,1,1,1,0,0,1,2,8.6,266.7,0,0,0,0,0,1
159200,36.828,0.0,0,0,1,0,12.862,2.359,1,1,1,0,14.368,0.0,0,0.0,0,0,0,1,0,0,0,1,0,0,0,12192.0,2,1,1,1,0,0,1,2,7.0,267.4,0,0,0,0,0,1
159300,36.828,0.0,0,0,1,0,13.104,2.421,1,1,1,0,14.368,0.0,0,0.0,0,0,0,1,0,0,0,1,0,0,0,12192.0,2,1,1,1,0,0,1,2,7.4,267.4,0,0,0,0,0,1
159400,36.828,0.0,0,0,1,0,13.353,2.483,1,1,1,0,14.368,0.0,0,0.0,0,0,0,1,0,0,0,1,0,0,0,12192.0,2,1,1,1,0,0,1,2,7.4,275.1,0,0,0,0,0,1
159500,36.828,0.0,0,0,1,0,13.607,2.545,1,1,1,0,14.368,0.0,0,0.0,0,0,0,1,0,0,0,1,0,0,0,12192.0,2,1,1,1,0,0,1,2,6.2,269.5,0,0,0,0,0,1
159600,36.828,0.0,0,0,1,0,13.868,2.608,1,1,1,0,14.368,0.0,0,0.0,0,0,0,1,0,0,0,1,0,0,0,12192.0,2,1,1,1,0,0,1,2,7.5,268.1,0,0,0,0,0,1
159700,36.828,0.0,0,0,1,0,14.135,2.67,1,1,1,0,14.368,0.0,0,0.0,0,0,0,1,0,0,0,1,0,0,0,12192.0,2,1,1,1,0,0,1,2,7.2,272.8,0,0,0,0,0,1
159800,36.828,0.0,0,0,1,0,14.408,2.732,1,1,1,0,14.368,0.0,0,0.0,0,0,0,1,0,0,0,1,0,0,0,12192.0,2,1,1,1,0,0,1,2,6.8,272.5,0,0,0,0,0,1
159900,36.828,0.0,0,0,1,0,14.687,2.794,1,1,1,0,14.368,0.0,0,0.0,0,0,0,1,0,0,0,1,0,0,0,12192.0,2,1,1,1,0,0,1,2,7.0,270.9,0,0,0,0,0,1
160000,36.828,0.0,0,0,1,0,14.973,2.856,1,1,1,0,14.368,0.0,0,0.0,0,0,0,1,0,0,0,1,0,0,0,12192.0,2,1,1,1,0,0,1,2,7.7,272.4,0,0,0,0,0,1
160100,36.828,0.0,0,0,1,0,15.265,2.918,1,1,1,0,14.368,0.0,0,0.0,0,0,0,1,0,0,0,1,0,0,0,12192.0,2,1,1,1,0,0,1,2,7.7,274.7,0,0,0,0,0,1
160200,36.828,0.0,0,0,1,0,15.563,2.98,1,1,1,0,14.368,0.0,0,0.0,0,0,0,1,0,0,0,1,0,0,0,12192.0,2,1,1,1,0,0,1,2,7.7,268.6,0,0,0,0,0,1
160300,36.828,0.0,0,0,1,0,15.867,3.042,1,1,1,0,14.368,0.0,0,0.0,0,0,0,1,0,0,0,1,0,0,0,12192.0,2,1,1,1,0,0,1,2,7.3,271.6,0,0,0,0,0,1
160400,36.828,0.0,0,0,1,0,16.177,3.104,1,1,1,0,14.368,0.0,0,0.0,0,0,0,1,0,0,0,1,0,0,0,12192.0,2,1,1,1,0,0,1,2,7.5,272.3,0,0,0,0,0,1
160500,36.828,0.0,0,0,1,0,16.494,3.166,1,1,1,0,14.368,0.0,0,0.0,0,0,0,1,0,0,0,1,0,0,0,12192.0,2,1,1,1,0,0,1,2,7.7,269.1,0,0,0,0,0,1
160600,36.828,0.0,0,0,1,0,16.817,3.228,1,1,1,0,14.368,0.0,0,0.0,0,0,0,1,0,0,0,1,0,0,0,12192.0,2,1,1,1,0,0,1,2,7.8,271.4,0,0,0,0,0,1
160700,36.828,0.0,0,0,1,0,17.146,3.29,1,1,1,0,14.368,0.0,0,0.0,0,0,0,1,0,0,0,1,0,0,0,12192.0,2,1,1,1,0,0,1,2,7.1,271.3,0,0,0,0,0,1
160800,36.828,0.0,0,0,1,0,17.481,3.353,1,1,1,0,14.368,0.0,0,0.0,0,0,0,1,0,0,0,1,0,0,0,12192.0,2,1,1,1,0,0,1,2,6.9,269.4,0,0,0,0,0,1
160900,36.828,0.0,0,0,1,0,17.823,3.415,1,1,1,0,14.368,0.0,0,0.0,0,0,0,1,0,0,0,1,0,0,0,12192.0,2,1,1,1,0,0,1,2,7.6,269.0,0,0,0,0,0,1
161000,36.828,0.0,0,0,1,0,18.17,3.477,1,1,1,0,14.368,0.0,0,0.0,0,0,0,1,0,0,0,1,0,0,0,12192.0,2,1,1,1,0,0,1,2,7.6,267.9,0,0,0,0,0,1
161100,36.828,0.0,0,0,1,0,18.524,3.539,1,1,1,0,14.368,0.0,0,0.0,0,0,0,1,0,0,0,1,0,0,0,12192.0,2,1,1,1,0,0,1,2,7.6,269.3,0,0,0,0,0,1
161200,36.828,0.0,0,0,1,0,18.878,3.539,1,1,1,0,14.368,0.0,0,0.0,0,0,0,1,0,0,0,1,0,0,0,12192.0,2,1,1,1,0,0,1,2,8.8,274.3,0,0,0,0,0,1
161300,36.828,0.0,0,0,1,0,19.232,3.539,1,1,1,0,14.368,0.0,0,0.0,0,0,0,1,0,0,0,1,0,0,0,12192.0,2,1,1,1,0,0,1,2,8.2,272.4,0,0,0,0,0,1
161400,36.828,0.0,0,0,1,0,19.586,3.539,1,1,1,0,14.368,0.0,0,0.0,0,0,0,1,0,0,0,1,0,0,0,12192.0,2,1,1,1,0,0,1,2,7.7,270.8,0,0,0,0,0,1
161500,36.828,0.0,0,0,1,0,19.94,3.539,1,1,1,0,14.368,0.0,0,0.0,0,0,0,1,0,0,0,1,0,0,0,12192.0,2,1,1,1,0,0,1,2,7.9,269.5,0,0,0,0,0,1
161600,36.828,0.0,0,0,1,0,20.294,3.539,1,1,1,0,14.368,0.0,0,0.0,0,0,0,1,0,0,0,1,0,0,0,12192.0,2,1,1,1,0,0,1,2,8.5,273.2,0,0,0,0,0,1
161700,36.828,0.0,0,0,1,0,20.647,3.539,1,1,1,0,14.368,0.0,0,0.0,0,0,0,1,0,0,0,1,0,0,0,12192.0,2,1,1,1,0,0,1,2,7.9,271.5,0,0,0,0,0,1
161800,36.828,0.0,0,0,1,0,21.001,3.539,1,1,1,0,14.368,0.0,0,0.0,0,0,0,1,0,0,0,1,0,0,0,12192.0,2,1,1,1,0,0,1,2,8.5,266.9,0,0,0,0,0,1
161900,36.828,0.0,0,0,1,0,21.355,3.539,1,1,1,0,14.368,0.0,0,0.0,0,0,0,1,0,0,0,1,0,0,0,12192.0,2,1,1,1,0,0,1,2,8.2,269.8,0,0,0,0,0,1
162000,36.828,0.0,0,0,1,0,21.709,3.539,1,1,1,0,14.368,0.0,0,0.0,0,0,0,1,0,0,0,1,0,0,0,12192.0,2,1,1,1,0,0,1,2,8.3,271.4,0,0,0,0,0,1
162100,36.828,0.0,0,0,1,0,22.063,3.539,1,1,1,0,14.368,0.0,0,0.0,0,0,0,1,0,0,0,1,0,0,0,12192.0,2,1,1,1,0,0,1,2,8.1,273.7,0,0,0,0,0,1
162200,36.828,0.0,0,0,1,0,22.417,3.539,1,1,1,0,14.368,0.0,0,0.0,0,0,0,1,0,0,0,1,0,0,0,12192.0,2,1,1,1,0,0,1,2,7.6,271.2,0,0,0,0,0,1
162300,36.828,0.0,0,0,1,0,22.771,3.539,1,1,1,0,14.368,0.0,0,0.0,0,0,0,1,0,0,0,1,0,0,0,12192.0,2,1,1,1,0,0,1,2,7.9,274.0,0,0,0,0,0,1
162400,36.828,0.0,0,0,1,0,23.124,3.539,1,1,1,0,14.368,0.0,0,0.0,0,0,0,1,0,0,0,1,0,0,0,12192.0,2,1,1,1,0,0,1,2,7.8,269.3,0,0,0,0,0,1
162500,36.828,0.0,0,0,1,0,23.478,3.539,1,1,1,0,14.368,0.0,0,0.0,0,0,0,1,0,0,0,1,0,0,0,12192.0,2,1,1,1,0,0,1,2,8.4,268.7,0,0,0,0,0,1
162600,36.828,0.0,0,0,1,0,23.832,3.539,1,1,1,0,14.368,0.0,0,0.0,0,0,0,1,0,0,0,1,0,0,0,12192.0,2,1,1,1,0,0,1,2,8.9,269.3,0,0,0,0,0,1
162700,36.828,0.0,0,0,1,0,24.186,3.539,1,1,1,0,14.368,0.0,0,0.0,0,0,0,1,0,0,0,1,0,0,0,12192.0,2,1,1,1,0,0,1,2,8.6,270.0,0,0,0,0,0,1
162800,36.828,0.0,0,0,1,0,24.54,3.539,1,1,1,0,14.368,0.0,0,0.0,0,0,0,1,0,0,0,1,0,0,0,12192.0,2,1,1,1,0,0,1,2,8.5,271.6,0,0,0,0,0,1
162900,36.828,0.0,0,0,1,0,24.894,3.539,1,1,1,0,14.368,0.0,0,0.0,0,0,0,1,0,0,0,1,0,0,0,12192.0,2,1,1,1,0,0,1,2,8.6,273.1,0,0,0,0,0,1
163000,36.828,0.0,0,0,1,0,25.248,3.539,1,1,1,0,14.368,0.0,0,0.0,0,0,0,1,0,0,0,1,0,0,0,12192.0,2,1,1,1,0,0,1,2,9.0,271.1,0,0,0,0,0,1
163100,36.828,0.0,0,0,1,0,25.601,3.539,1,1,1,0,14.368,0.0,0,0.0,0,0,0,1,0,0,0,1,0,0,0,12192.0,2,1,1,1,0,0,1,2,8.1,273.8,0,0,0,0,0,1
163200,36.828,0.0,0,0,1,0,25.955,3.539,1,1,1,0,14.368,0.0,0,0.0,0,0,0,1,0,0,0,1,0,0,0,12192.0,2,1,1,1,0,0,1,2,8.6,269.1,0,0,0,0,0,1
163300,36.828,0.0,0,0,1,0,26.309,3.539,1,1,1,0,14.368,0.0,0,0.0,0,0,0,1,0,0,0,1,0,0,0,12192.0,2,1,1,1,0,0,1,2,8.5,270.7,0,0,0,0,0,1
163400,36.828,0.0,0,0,1,0,26.663,3.539,1,1,1,0,14.368,0.0,0,0.0,0,0,0,1,0,0,0,1,0,0,0,12192.0,2,1,1,1,0,0,1,2,8.3,266.7,0,0,0,0,0,1
163500,36.828,0.0,0,0,1,0,27.017,3.539,1,1,1,0,14.368,0.0,0,0.0,0,0,0,1,0,0,0,1,0,0,0,12192.0,2,1,1,1,0,0,1,2,8.7,272.7,0,0,0,0,0,1
163600,36.828,0.0,0,0,1,0,27.371,3.539,1,1,1,0,14.368,0.0,0,0.0,0,0,0,1,0,0,0,1,0,0,0,12192.0,2,1,1,1,0,0,1,2,8.5,268.2,0,0,0,0,0,1
163700,36.828,0.0,0,0,1,0,27.725,3.539,1,1,1,0,14.368,0.0,0,0.0,0,0,0,1,0,0,0,1,0,0,0,12192.0,2,1,1,1,0,0,1,2,8.8,270.2,0,0,0,0,0,1
163800,36.828,0.0,0,0,1,0,28.078,3.539,1,1,1,0,14.368,0.0,0,0.0,0,0,0,1,0,0,0,1,0,0,0,12192.0,2,1,1,1,0,0,1,2,8.5,272.2,0,0,0,0,0,1
163900,36.828,0.0,0,0,1,0,28.432,3.539,1,1,1,0,14.368,0.0,0,0.0,0,0,0,1,0,0,0,1,0,0,0,12192.0,2,1,1,1,0,0,1,2,8.8,270.9,0,0,0,0,0,1
164000,36.828,0.0,0,0,1,0,28.786,3.539,1,1,1,0,14.368,0.0,0,0.0,0,0,0,1,0,0,0,1,0,0,0,12192.0,2,1,1,1,0,0,1,2,8.7,270.6,0,0,0,0,0,1
164100,36.828,0.0,0,0,1,0,29.14,3.539,1,1,1,0,14.368,0.0,0,0.0,0,0,0,1,0,0,0,1,0,0,0,12192.0,2,1,1,1,0,0,1,2,8.0,272.7,0,0,0,0,0,1
164200,36.828,0.0,0,0,1,0,29.494,3.539,1,1,1,0,14.368,0.0,0,0.0,0,0,0,1,0,0,0,1,0,0,0,12192.0,2,1,1,1,0,0,1,2,8.2,272.4,0,0,0,0,0,1
164300,36.828,0.0,0,0,1,0,29.848,3.539,1,1,1,0,14.368,0.0,0,0.0,0,0,0,1,0,0,0,1,0,0,0,12192.0,2,1,1,1,0,0,1,2,7.7,267.7,0,0,0,0,0,1
164400,36.828,0.0,0,0,1,0,30.202,3.539,1,1,1,0,14.368,0.0,0,0.0,0,0,0,1,0,0,0,1,0,0,0,12192.0,2,1,1,1,0,0,1,2,8.1,268.9,0,0,0,0,0,1
164500,36.828,0.0,0,0,1,0,30.556,3.539,1,1,1,0,14.368,0.0,0,0.0,0,0,0,1,0,0,0,1,0,0,0,12192.0,2,1,1,1,0,0,1,2,8.6,270.2,0,0,0,0,0,1
164600,36.828,0.0,0,0,1,0,30.909,3.539,1,1,1,0,14.368,0.0,0,0.0,0,0,0,1,0,0,0,1,0,0,0,12192.0,2,1,1,1,0,0,1,2,8.0,270.5,0,0,0,0,0,1
164700,36.828,0.0,0,0,1,0,31.263,3.539,1,1,1,0,14.368,0.0,0,0.0,0,0,0,1,0,0,0,1,0,0,0,12192.0,2,1,1,1,0,0,1,2,7.7,269.1,0,0,0,0,0,1
164800,36.828,0.0,0,0,1,0,31.617,3.539,1,1,1,0,14.368,0.0,0,0.0,0,0,0,1,0,0,0,1,0,0,0,12192.0,2,1,1,1,0,0,1,2,8.2,272.3,0,0,0,0,0,1
164900,36.828,0.0,0,0,1,0,31.971,3.539,1,1,1,0,14.368,0.0,0,0.0,0,0,0,1,0,0,0,1,0,0,0,12192.0,2,1,1,1,0,0,1,2,8.1,271.0,0,0,0,0,0,1
165000,36.828,0.0,0,0,1,0,32.325,3.539,1,1,1,0,14.368,0.0,0,0.0,0,0,0,1,0,0,0,1,0,0,0,12192.0,2,1,1,1,0,0,1,2,8.4,265.7,0,0,0,0,0,1
165100,36.828,0.0,0,0,1,0,32.679,3.539,1,1,1,0,14.368,0.0,0,0.0,0,0,0,1,0,0,0,1,0,0,0,12192.0,2,1,1,1,0,0,1,2,8.4,266.8,0,0,0,0,0,1
165200,36.828,0.0,0,0,1,0,33.033,3.539,1,1,1,0,14.368,0.0,0,0.0,0,0,0,1,0,0,0,1,0,0,0,12192.0,2,1,1,1,0,0,1,2,8.5,265.4,0,0,0,0,0,1
165300,36.828,0.0,0,0,1,0,33.386,3.539,1,1,1,0,14.368,0.0,0,0.0,0,0,0,1,0,0,0,1,0,0,0,12192.0,2,1,1,1,0,0,1,2,7.9,274.1,0,0,0,0,0,1
165400,36.828,0.0,0,0,1,0,33.74,3.539,1,1,1,0,14.368,0.0,0,0.0,0,0,0,1,0,0,0,1,0,0,0,12192.0,2,1,1,1,0,0,1,2,7.5,268.0,0,0,0,0,0,1
165500,36.828,0.0,0,0,1,0,34.094,3.539,1,1,1,0,14.368,0.0,0,0.0,0,0,0,1,0,0,0,1,0,0,0,12192.0,2,1,1,1,0,0,1,2,8.5,264.1,0,0,0,0,0,1
165600,36.828,0.0,0,0,1,0,34.448,3.539,1,1,1,0,14.368,0.0,0,0.0,0,0,0,1,0,0,0,1,0,0,0,12192.0,2,1,1,1,0,0,1,2,8.7,274.2,0,0,0,0,0,1
165700,36.828,0.0,0,0,1,0,34.796,3.477,1,1,1,0,14.368,0.0,0,0.0,0,0,0,1,0,0,0,1,0,0,0,12192.0,2,1,1,1,0,0,1,2,8.3,270.7,0,0,0,0,0,1
165800,36.828,0.0,0,0,1,0,35.137,3.414,1,1,1,0,14.368,0.0,0,0.0,0,0,0,1,0,0,0,1,0,0,0,12192.0,2,1,1,1,0,0,1,2,8.7,273.5,0,0,0,0,0,1
165900,36.828,0.0,0,0,1,0,35.472,3.352,1,1,1,0,14.368,0.0,0,0.0,0,0,0,1,0,0,0,1,0,0,0,12192.0,2,1,1,1,0,0,1,2,8.3,266.2,0,0,0,0,0,1
166000,36.828,0.0,0,0,1,0,35.801,3.29,1,1,1,0,14.368,0.0,0,0.0,0,0,0,1,0,0,0,1,0,0,0,12192.0,2,1,1,1,0,0,1,2,8.3,266.3,0,0,0,0,0,1
166100,36.828,0.0,0,0,1,0,36.124,3.228,1,1,1,0,14.368,0.0,0,0.0,0,0,0,1,0,0,0,1,0,0,0,12192.0,2,1,1,1,0,0,1,2,8.1,268.0,0,0,0,0,0,1
166200,36.828,0.0,0,0,1,0,36.441,3.166,1,1,1,0,14.368,0.0,0,0.0,0,0,0,1,0,0,0,1,0,0,0,12192.0,2,1,1,1,0,0,1,2,7.5,271.0,0,0,0,0,0,1
166300,36.828,0.0,0,0,1,0,36.751,3.104,1,1,1,0,14.368,0.0,0,0.0,0,0,0,1,0,0,0,1,0,0,0,12192.0,2,1,1,1,0,0,1,2,7.2,268.4,0,0,0,0,0,1
166400,36.828,0.0,0,0,1,0,37.055,3.042,1,1,1,0,14.368,0.0,0,0.0,0,0,0,1,0,0,0,1,0,0,0,12192.0,2,1,1,1,0,0,1,2,8.8,267.0,0,0,0,0,0,1
166500,36.828,0.0,0,0,1,0,37.353,2.98,1,1,1,0,14.368,0.0,0,0.0,0,0,0,1,0,0,0,1,0,0,0,12192.0,2,1,1,1,0,0,1,2,8.2,266.6,0,0,0,0,0,1
166600,36.828,0.0,0,0,1,0,37.645,2.918,1,1,1,0,14.368,0.0,0,0.0,0,0,0,1,0,0,0,1,0,0,0,12192.0,2,1,1,1,0,0,1,2,7.8,270.4,0,0,0,0,0,1
166700,36.828,0.0,0,0,1,0,37.931,2.856,1,1,1,0,14.368,0.0,0,0.0,0,0,0,1,0,0,0,1,0,0,0,12192.0,2,1,1,1,0,0,1,2,7.5,272.0,0,0,0,0,0,1
166800,36.828,0.0,0,0,1,0,38.21,2.794,1,1,1,0,14.368,0.0,0,0.0,0,0,0,1,0,0,0,1,0,0,0,12192.0,2,1,1,1,0,0,1,2,8.0,267.9,0,0,0,0,0,1
166900,36.828,0.0,0,0,1,0,38.483,2.732,1,1,1,0,14.368,0.0,0,0.0,0,0,0,1,0,0,0,1,0,0,0,12192.0,2,1,1,1,0,0,1,2,7.6,273.0,0,0,0,0,0,1
167000,36.828,0.0,0,0,1,0,38.75,2.669,1,1,1,0,14.368,0.0,0,0.0,0,0,0,1,0,0,0,1,0,0,0,12192.0,2,1,1,1,0,0,1,2,7.6,274.5,0,0,0,0,0,1
167100,36.828,0.0,0,0,1,0,39.011,2.607,1,1,1,0,14.368,0.0,0,0.0,0,0,0,1,0,0,0,1,0,0,0,12192.0,2,1,1,1,0,0,1,2,7.4,268.5,0,0,0,0,0,1
167200,36.828,0.0,0,0,1,0,39.265,2.545,1,1,1,0,14.368,0.0,0,0.0,0,0,0,1,0,0,0,1,0,0,0,12192.0,2,1,1,1,0,0,1,2,8.6,269.6,0,0,0,0,0,1
167300,36.828,0.0,0,0,1,0,39.514,2.483,1,1,1,0,14.368,0.0,0,0.0,0,0,0,1,0,0,0,1,0,0,0,12192.0,2,1,1,1,0,0,1,2,7.8,269.8,0,0,0,0,0,1
167400,36.828,0.0,0,0,1,0,39.756,2.421,1,1,1,0,14.368,0.0,0,0.0,0,0,0,1,0,0,0,1,0,0,0,12192.0,2,1,1,1,0,0,1,2,8.1,270.1,0,0,0,0,0,1
167500,36.828,0.0,0,0,1,0,39.992,2.359,1,1,1,0,14.368,0.0,0,0.0,0,0,0,1,0,0,0,1,0,0,0,12192.0,2,1,1,1,0,0,1,2,7.7,271.7,0,0,0,0,0,1
167600,36.828,0.0,0,0,1,0,40.221,2.297,1,1,1,0,14.368,0.0,0,0.0,0,0,0,1,0,0,0,1,0,0,0,12192.0,2,1,1,1,0,0,1,2,7.6,272.3,0,0,0,0,0,1
167700,36.828,0.0,0,0,1,0,40.445,2.235,1,1,1,0,14.368,0.0,0,0.0,0,0,0,1,0,0,0,1,0,0,0,12192.0,2,1,1,1,0,0,1,2,7.5,269.9,0,0,0,0,0,1
167800,36.828,0.0,0,0,1,0,40.662,2.173,1,1,1,0,14.368,0.0,0,0.0,0,0,0,1,0,0,0,1,0,0,0,12192.0,2,1,1,1,0,0,1,2,7.1,271.5,0,0,0,0,0,1
167900,36.828,0.0,0,0,1,0,40.873,2.111,1,1,1,0,14.368,0.0,0,0.0,0,0,0,1,0,0,0,1,0,0,0,12192.0,2,1,1,1,0,0,1,2,7.4,272.0,0,0,0,0,0,1
168000,36.828,0.0,0,0,1,0,41.078,2.049,1,1,1,0,14.368,0.0,0,0.0,0,0,0,1,0,0,0,1,0,0,0,12192.0,2,1,1,1,0,0,1,2,7.7,268.5,0,0,0,0,0,1
168100,36.828,0.0,0,0,1,0,41.277,1.987,1,1,1,0,14.368,0.0,0,0.0,0,0,0,1,0,0,0,1,0,0,0,12192.0,2,1,1,1,0,0,1,2,7.3,268.3,0,0,0,0,0,1
168200,36.828,0.0,0,0,1,0,41.469,1.924,1,1,1,0,14.368,0.0,0,0.0,0,0,0,1,0,0,0,1,0,0,0,12192.0,2,1,1,1,0,0,1,2,6.8,268.4,0,0,0,0,0,1
168300,36.828,0.0,0,0,1,0,41.655,1.862,1,1,1,0,14.368,0.0,0,0.0,0,0,0,1,0,0,0,1,0,0,0,12192.0,2,1,1,1,0,0,1,2,7.3,273.7,0,0,0,0,0,1
168400,36.828,0.0,0,0,1,0,41.835,1.8,1,1,1,0,14.368,0.0,0,0.0,0,0,0,1,0,0,0,1,0,0,0,12192.0,2,1,1,1,0,0,1,2,6.4,269.0,0,0,0,0,0,1
168500,36.828,0.0,0,0,1,0,42.009,1.738,1,1,1,0,14.368,0.0,0,0.0,0,0,0,1,0,0,0,1,0,0,0,12192.0,2,1,1,1,0,0,1,2,6.6,266.7,0,0,0,0,0,1
168600,36.828,0.0,0,0,1,0,42.177,1.676,1,1,1,0,14.368,0.0,0,0.0,0,0,0,1,0,0,0,1,0,0,0,12192.0,2,1,1,1,0,0,1,2,7.3,276.6,0,0,0,0,0,1
168700,36.828,0.0,0,0,1,0,42.338,1.614,1,1,1,0,14.368,0.0,0,0.0,0,0,0,1,0,0,0,1,0,0,0,12192.0,2,1,1,1,0,0,1,2,7.3,270.4,0,0,0,0,0,1
168800,36.828,0.0,0,0,1,0,42.493,1.55,1,1,1,0,14.368,0.0,0,0.0,0,0,0,1,0,0,0,1,0,0,0,12192.0,2,1,1,1,0,0,1,2,6.8,270.5,0,0,0,0,0,1
168900,36.828,0.0,0,0,1,0,42.642,1.487,1,1,1,0,14.368,0.0,0,0.0,0,0,0,1,0,0,0,1,0,0,0,12192.0,2,1,1,1,0,0,1,2,8.2,266.7,0,0,0,0,0,1
169000,36.828,0.0,0,0,1,0,42.784,1.424,1,1,1,0,14.368,0.0,0,0.0,0,0,0,1,0,0,0,1,0,0,0,12192.0,2,1,1,1,0,0,1,2,7.7,266.1,0,0,0,0,0,1
169100,36.828,0.0,0,0,1,0,42.92,1.36,1,1,1,0,14.368,0.0,0,0.0,0,0,0,1,0,0,0,1,0,0,0,12192.0,2,1,1,1,0,0,1,2,7.8,268.8,0,0,0,0,0,1
169200,36.828,0.0,0,0,1,0,43.05,1.297,1,1,1,0,14.368,0.0,0,0.0,0,0,0,1,0,0,0,1,0,0,0,12192.0,2,1,1,1,0,0,1,2,6.6,271.7,0,0,0,0,0,1
169300,36.828,0.0,0,0,1,0,43.173,1.233,1,1,1,0,14.368,0.0,0,0.0,0,0,0,1,0,0,0,1,0,0,0,12192.0,2,1,1,1,0,0,1,2,7.2,274.7,0,0,0,0,0,1
169400,36.828,0.0,0,0,1,0,43.29,1.169,1,1,1,0,14.368,0.0,0,0.0,0,0,0,1,0,0,0,1,0,0,0,12192.0,2,1,1,1,0,0,1,2,7.8,264.0,0,0,0,0,0,1
169500,36.828,0.0,0,0,1,0,43.401,1.105,1,1,1,0,14.368,0.0,0,0.0,0,0,0,1,0,0,0,1,0,0,0,12192.0,2,1,1,1,0,0,1,2,7.3,271.0,0,0,0,0,0,1
169600,36.828,0.0,0,0,1,0,43.505,1.041,1,1,1,0,14.368,0.0,0,0.0,0,0,0,1,0,0,0,1,0,0,0,12192.0,2,1,1,1,0,0,1,2,7.5,271.8,0,0,0,0,0,1
169700,36.828,0.0,0,0,1,0,43.603,0.977,1,1,1,0,14.368,0.0,0,0.0,0,0,0,1,0,0,0,1,0,0,0,12192.0,2,1,1,1,0,0,1,2,7.9,267.7,0,0,0,0,0,1
169800,36.828,0.0,0,0,1,0,43.694,0.913,1,1,1,0,14.368,0.0,0,0.0,0,0,0,1,0,0,0,1,0,0,0,12192.0,2,1,1,1,0,0,1,2,7.6,273.9,0,0,0,0,0,1
169900,36.828,0.0,0,0,1,0,43.779,0.849,1,1,1,0,14.368,0.0,0,0.0,0,0,0,1,0,0,0,1,0,0,0,12192.0,2,1,1,1,0,0,1,2,7.9,270.9,0,0,0,0,0,1
170000,36.828,0.0,0,0,1,0,43.857,0.784,1,1,1,0,14.368,0.0,0,0.0,0,0,0,1,0,0,0,1,0,0,0,12192.0,2,1,1,1,0,0,1,2,6.8,272.6,0,0,0,0,0,1
170100,36.828,0.0,0,0,1,0,43.929,0.719,1,1,1,0,14.368,0.0,0,0.0,0,0,0,1,0,0,0,1,0,0,0,12192.0,2,1,1,1,0,0,1,2,7.3,268.4,0,0,0,0,0,1
170200,36.828,0.0,0,0,1,0,43.995,0.654,1,1,1,0,14.368,0.0,0,0.0,0,0,0,1,0,0,0,1,0,0,0,12192.0,2,1,1,1,0,0,1,2,7.8,267.3,0,0,0,0,0,1
170300,36.828,0.0,0,0,1,0,44.054,0.589,1,1,1,0,14.368,0.0,0,0.0,0,0,0,1,0,0,0,1,0,0,0,12192.0,2,1,1,1,0,0,1,2,7.4,270.3,0,0,0,0,0,1
170400,36.828,0.0,0,0,1,0,44.106,0.523,1,1,1,0,14.368,0.0,0,0.0,0,0,0,1,0,0,0,1,0,0,0,12192.0,2,1,1,1,0,0,1,2,7.5,267.0,0,0,0,0,0,1
170500,36.828,0.0,0,0,1,0,44.152,0.457,1,1,1,0,14.368,0.0,0,0.0,0,0,0,1,0,0,0,1,0,0,0,12192.0,2,1,1,1,0,0,1,2,8.7,268.7,0,0,0,0,0,1
170600,36.828,0.0,0,0,1,0,44.191,0.39,1,1,1,0,14.368,0.0,0,0.0,0,0,0,1,0,0,0,1,0,0,0,12192.0,2,1,1,1,0,0,1,2,8.7,274.5,0,0,0,0,0,1
170700,36.828,0.0,0,0,1,0,44.223,0.322,1,1,1,0,14.368,0.0,0,0.0,0,0,0,1,0,0,0,1,0,0,0,12192.0,2,1,1,1,0,0,1,2,7.1,268.2,0,0,0,0,0,1
170800,36.828,0.0,0,0,1,0,44.248,0.252,1,1,1,0,14.368,0.0,0,0.0,0,0,0,1,0,0,0,1,0,0,0,12192.0,2,1,1,1,0,0,1,2,7.9,268.9,0,0,0,0,0,1
170900,36.828,0.0,0,0,1,0,44.266,0.18,1,1,1,0,14.368,0.0,0,0.0,0,0,0,1,0,0,0,1,0,0,0,12192.0,2,1,1,1,0,0,1,2,8.1,267.7,0,0,0,0,0,1
171000,36.828,0.0,0,0,1,0,44.276,0.1,1,1,1,0,14.368,0.0,0,0.0,0,0,0,1,0,0,0,1,0,0,0,12192.0,2,1,1,1,0,0,1,2,8.0,269.3,0,0,0,0,0,1
171100,36.828,0.0,0,0,0,0,44.28,0.0,0,0,0,0,14.368,0.0,0,0.0,0,0,0,0,0,0,0,1,0,0,0,12192.0,2,1,1,0,1,0,1,2,7.9,268.8,0,0,0,0,0,1
171200,36.828,0.0,0,0,1,0,44.28,0.0,0,0,1,0,14.363,-0.046,0,0.0,0,0,1,1,0,0,0,1,0,0,0,12192.0,2,1,1,1,0,0,1,2,7.8,266.9,0,0,0,0,0,1
171300,36.828,0.0,0,0,1,0,44.28,0.0,0,0,1,0,14.354,-0.093,0,0.0,0,0,1,1,0,0,0,1,0,0,0,12192.0,2,1,1,1,0,0,1,2,8.0,269.4,0,0,0,0,0,1
171400,36.828,0.0,0,0,1,0,44.28,0.0,0,0,1,0,14.34,-0.139,0,0.0,0,0,1,1,0,0,0,1,0,0,0,12192.0,2,1,1,1,0,0,1,2,8.4,269.5,0,0,0,0,0,1
171500,36.828,0.0,0,0,1,0,44.28,0.0,0,0,1,0,14.322,-0.186,0,0.0,0,0,1,1,0,0,0,1,0,0,0,12192.0,2,1,1,1,0,0,1,2,7.9,269.7,0,0,0,0,0,1
171600,36.828,0.0,0,0,1,0,44.28,0.0,0,0,1,0,14.298,-0.232,0,0.0,0,0,1,1,0,0,0,1,0,0,0,12192.0,2,1,1,1,0,0,1,2,8.9,271.3,0,0,0,0,0,1
171700,36.828,0.0,0,0,1,0,44.28,0.0,0,0,1,0,14.271,-0.278,0,0.0,0,0,1,1,0,0,0,1,0,0,0,12192.0,2,1,1,1,0,0,1,2,8.7,269.4,0,0,0,0,0,1
171800,36.828,0.0,0,0,1,0,44.28,0.0,0,0,1,0,14.238,-0.325,0,0.0,0,0,1,1,0,0,0,1,0,0,0,12192.0,2,1,1,1,0,0,1,2,8.5,269.5,0,0,0,0,0,1
171900,36.828,0.0,0,0,1,0,44.28,0.0,0,0,1,0,14.201,-0.371,0,0.0,0,0,1,1,0,0,0,1,0,0,0,12192.0,2,1,1,1,0,0,1,2,8.5,270.3,0,0,0,0,0,1
172000,36.828,0.0,0,0,1,0,44.28,0.0,0,0,1,0,14.159,-0.417,0,0.0,0,0,1,1,0,0,0,1,0,0,0,12192.0,2,1,1,1,0,0,1,2,8.6,265.7,0,0,0,0,0,1
172100,36.828,0.0,0,0,1,0,44.28,0.0,0,0,1,0,14.113,-0.464,0,0.0,0,0,1,1,0,0,0,1,0,0,0,12192.0,2,1,1,1,0,0,1,2,8.4,268.5,0,0,0,0,0,1
172200,36.828,0.0,0,0,1,0,44.28,0.0,0,0,1,0,14.062,-0.51,0,0.0,0,0,1,1,0,0,0,1,0,0,0,12192.0,2,1,1,1,0,0,1,2,8.8,266.1,0,0,0,0,0,1
172300,36.828,0.0,0,0,1,0,44.28,0.0,0,0,1,0,14.006,-0.557,0,0.0,0,0,1,1,0,0,0,1,0,0,0,12192.0,2,1,1,1,0,0,1,2,8.2,268.5,0,0,0,0,0,1
172400,36.828,0.0,0,0,1,0,44.28,0.0,0,0,1,0,13.946,-0.603,0,0.0,0,0,1,1,0,0,0,1,0,0,0,12192.0,2,1,1,1,0,0,1,2,8.3,270.3,0,0,0,0,0,1
172500,36.828,0.0,0,0,1,0,44.28,0.0,0,0,1,0,13.881,-0.649,0,0.0,0,0,1,1,0,0,0,1,0,0,0,12192.0,2,1,1,1,0,0,1,2,8.5,271.8,0,0,0,0,0,1
172600,36.828,0.0,0,0,1,0,44.28,0.0,0,0,1,0,13.811,-0.696,0,0.0,0,0,1,1,0,0,0,1,0,0,0,12192.0,2,1,1,1,0,0,1,2,8.4,270.1,0,0,0,0,0,1
172700,36.828,0.0,0,0,1,0,44.28,0.0,0,0,1,0,13.737,-0.742,0,0.0,0,0,1,1,0,0,0,1,0,0,0,12192.0,2,1,1,1,0,0,1,2,9.3,268.9,0,0,0,0,0,1
172800,36.828,0.0,0,0,1,0,44.28,0.0,0,0,1,0,13.658,-0.788,0,0.0,0,0,1,1,0,0,0,1,0,0,0,12192.0,2,1,1,1,0,0,1,2,7.8,270.9,0,0,0,0,0,1
172900,36.828,0.0,0,0,1,0,44.28,0.0,0,0,1,0,13.575,-0.835,0,0.0,0,0,1,1,0,0,0,1,0,0,0,12192.0,2,1,1,1,0,0,1,2,8.1,272.9,0,0,0,0,0,1
173000,36.828,0.0,0,0,1,0,44.28,0.0,0,0,1,0,13.487,-0.881,0,0.0,0,0,1,1,0,0,0,1,0,0,0,12192.0,2,1,1,1,0,0,1,2,9.0,269.4,0,0,0,0,0,1
173100,36.828,0.0,0,0,1,0,44.28,0.0,0,0,1,0,13.394,-0.928,0,0.0,0,0,1,1,0,0,0,1,0,0,0,12192.0,2,1,1,1,0,0,1,2,8.6,270.9,0,0,0,0,0,1
173200,36.828,0.0,0,0,1,0,44.28,0.0,0,0,1,0,13.297,-0.974,0,0.0,0,0,1,1,0,0,0,1,0,0,0,12192.0,2,1,1,1,0,0,1,2,8.1,265.4,0,0,0,0,0,1
173300,36.828,0.0,0,0,1,0,44.28,0.0,0,0,1,0,13.195,-1.02,0,0.0,0,0,1,1,0,0,0,1,0,0,0,12192.0,2,1,1,1,0,0,1,2,8.2,272.7,0,0,0,0,0,1
173400,36.828,0.0,0,0,1,0,44.28,0.0,0,0,1,0,13.088,-1.067,0,0.0,0,0,1,1,0,0,0,1,0,0,0,12192.0,2,1,1,1,0,0,1,2,9.2,271.8,0,0,0,0,0,1
173500,36.828,0.0,0,0,1,0,44.28,0.0,0,0,1,0,12.977,-1.113,0,0.0,0,0,1,1,0,0,0,1,0,0,0,12192.0,2,1,1,1,0,0,1,2,9.1,270.3,0,0,0,0,0,1
173600,36.828,0.0,0,0,1,0,44.28,0.0,0,0,1,0,12.861,-1.159,0,0.0,0,0,1,1,0,0,0,1,0,0,0,12192.0,2,1,1,1,0,0,1,2,8.1,272.4,0,0,0,0,0,1
173700,36.828,0.0,0,0,1,0,44.28,0.0,0,0,1,0,12.749,-1.113,0,0.0,0,0,1,1,0,0,0,1,0,0,0,12192.0,2,1,1,1,0,0,1,2,8.8,269.1,0,0,0,0,0,1
173800,36.828,0.0,0,0,1,0,44.28,0.0,0,0,1,0,12.643,-1.067,0,0.0,0,0,1,1,0,0,0,1,0,0,0,12192.0,2,1,1,1,0,0,1,2,8.5,271.7,0,0,0,0,0,1
173900,36.828,0.0,0,0,1,0,44.28,0.0,0,0,1,0,12.541,-1.02,0,0.0,0,0,1,1,0,0,0,1,0,0,0,12192.0,2,1,1,1,0,0,1,2,8.3,271.0,0,0,0,0,0,1
174000,36.828,0.0,0,0,1,0,44.28,0.0,0,0,1,0,12.443,-0.974,0,0.0,0,0,1,1,0,0,0,1,0,0,0,12192.0,2,1,1,1,0,0,1,2,8.3,274.0,0,0,0,0,0,1
174100,36.828,0.0,0,0,1,0,44.28,0.0,0,0,1,0,12.351,-0.928,0,0.0,0,0,1,1,0,0,0,1,0,0,0,12192.0,2,1,1,1,0,0,1,2,8.5,267.9,0,0,0,0,0,1
174200,36.828,0.0,0,0,1,0,44.28,0.0,0,0,1,0,12.262,-0.881,0,0.0,0,0,1,1,0,0,0,1,0,0,0,12192.0,2,1,1,1,0,0,1,2,8.1,268.3,0,0,0,0,0,1
174300,36.828,0.0,0,0,1,0,44.28,0.0,0,0,1,0,12.179,-0.835,0,0.0,0,0,1,1,0,0,0,1,0,0,0,12192.0,2,1,1,1,0,0,1,2,7.8,272.4,0,0,0,0,0,1
174400,36.828,0.0,0,0,1,0,44.28,0.0,0,0,1,0,12.1,-0.788,0,0.0,0,0,1,1,0,0,0,1,0,0,0,12192.0,2,1,1,1,0,0,1,2,8.6,269.7,0,0,0,0,0,1
174500,36.828,0.0,0,0,1,0,44.28,0.0,0,0,1,0,12.026,-0.742,0,0.0,0,0,1,1,0,0,0,1,0,0,0,12192.0,2,1,1,1,0,0,1,2,8.3,269.4,0,0,0,0,0,1
174600,36.828,0.0,0,0,1,0,44.28,0.0,0,0,1,0,11.956,-0.696,0,0.0,0,0,1,1,0,0,0,1,0,0,0,12192.0,2,1,1,1,0,0,1,2,8.2,272.5,0,0,0,0,0,1
174700,36.828,0.0,0,0,1,0,44.28,0.0,0,0,1,0,11.891,-0.649,0,0.0,0,0,1,1,0,0,0,1,0,0,0,12192.0,2,1,1,1,0,0,1,2,7.9,268.4,0,0,0,0,0,1
174800,36.828,0.0,0,0,1,0,44.28,0.0,0,0,1,0,11.831,-0.603,0,0.0,0,0,1,1,0,0,0,1,0,0,0,12192.0,2,1,1,1,0,0,1,2,8.7,269.1,0,0,0,0,0,1
174900,36.828,0.0,0,0,1,0,44.28,0.0,0,0,1,0,11.775,-0.557,0,0.0,0,0,1,1,0,0,0,1,0,0,0,12192.0,2,1,1,1,0,0,1,2,7.6,269.1,0,0,0,0,0,1
175000,36.828,0.0,0,0,1,0,44.28,0.0,0,0,1,0,11.724,-0.51,0,0.0,0,0,1,1,0,0,0,1,0,0,0,12192.0,2,1,1,1,0,0,1,2,8.0,267.1,0,0,0,0,0,1
175100,36.828,0.0,0,0,1,0,44.28,0.0,0,0,1,0,11.678,-0.464,0,0.0,0,0,1,1,0,0,0,1,0,0,0,12192.0,2,1,1,1,0,0,1,2,8.5,271.6,0,0,0,0,0,1
175200,36.828,0.0,0,0,1,0,44.28,0.0,0,0,1,0,11.636,-0.417,0,0.0,0,0,1,1,0,0,0,1,0,0,0,12192.0,2,1,1,1,0,0,1,2,8.0,270.4,0,0,0,0,0,1
175300,36.828,0.0,0,0,1,0,44.28,0.0,0,0,1,0,11.599,-0.368,0,0.0,0,0,1,1,0,0,0,1,0,0,0,12192.0,2,1,1,1,0,0,1,2,8.5,267.4,0,0,0,0,0,1
175400,36.828,0.0,0,0,1,0,44.28,0.0,0,0,1,0,11.568,-0.319,0,0.0,0,0,1,1,0,0,0,1,0,0,0,12192.0,2,1,1,1,0,0,1,2,7.6,273.4,0,0,0,0,0,1
175500,36.828,0.0,0,0,1,0,44.28,0.0,0,0,1,0,11.541,-0.268,0,0.0,0,0,1,1,0,0,0,1,0,0,0,12192.0,2,1,1,1,0,0,1,2,7.5,273.4,0,0,0,0,0,1
175600,36.828,0.0,0,0,1,0,44.28,0.0,0,0,1,0,11.519,-0.217,0,0.0,0,0,1,1,0,0,0,1,0,0,0,12192.0,2,1,1,1,0,0,1,2,8.0,271.0,0,0,0,0,0,1
175700,36.828,0.0,0,0,1,0,44.28,0.0,0,0,1,0,11.503,-0.164,0,0.0,0,0,1,1,0,0,0,1,0,0,0,12192.0,2,1,1,1,0,0,1,2,8.1,272.7,0,0,0,0,0,1
175800,36.828,0.0,0,0,1,0,44.28,0.0,0,0,1,0,11.492,-0.108,0,0.0,0,0,1,1,0,0,0,1,0,0,0,12192.0,2,1,1,1,0,0,1,2,7.0,274.9,0,0,0,0,0,1
175900,36.828,0.0,0,0,0,0,44.28,0.0,0,0,0,0,11.487,0.0,0,0.0,0,0,0,0,0,0,0,1,0,0,0,12192.0,2,1,1,0,1,0,1,2,6.2,271.8,0,0,0,0,0,1
176000,36.828,0.0,0,0,0,0,44.28,0.0,0,0,0,0,11.487,0.0,0,0.0,0,0,0,0,0,0,0,1,1,1,0,12192.0,2,1,1,0,1,0,1,2,6.9,267.8,0,0,0,0,0,1
176100,36.828,0.0,0,0,0,0,44.28,0.0,0,0,0,0,11.487,0.0,0,0.0,0,0,0,0,0,0,0,1,1,1,0,12192.0,2,1,1,0,1,0,1,2,7.8,270.9,0,0,0,0,0,1
176200,36.828,0.0,0,0,0,0,44.28,0.0,0,0,0,0,11.487,0.0,0,0.0,0,0,0,0,0,0,0,1,1,1,0,12192.0,2,1,1,0,1,0,1,2,7.4,272.2,0,0,0,0,0,1
176300,36.828,0.0,0,0,0,0,44.28,0.0,0,0,0,0,11.487,0.0,0,0.0,0,0,0,0,0,0,0,1,1,1,0,12192.0,2,1,1,0,1,0,1,2,7.9,271.1,0,0,0,0,0,1
176400,36.828,0.0,0,0,0,0,44.28,0.0,0,0,0,0,11.487,0.0,0,0.0,0,0,0,0,0,0,0,1,1,1,0,12192.0,2,1,1,0,1,0,1,2,7.4,270.9,0,0,0,0,0,1
176500,36.828,0.0,0,0,0,0,44.28,0.0,0,0,0,0,11.487,0.0,0,0.0,0,0,0,0,0,0,0,1,1,1,0,12192.0,2,1,1,0,1,0,1,2,8.2,270.9,0,0,0,0,0,1
176600,36.828,0.0,0,0,0,0,44.28,0.0,0,0,0,0,11.487,0.0,0,0.0,0,0,0,0,0,0,0,1,1,1,0,12192.0,2,1,1,0,1,0,1,2,7.2,271.0,0,0,0,0,0,1
176700,36.828,0.0,0,0,0,0,44.28,0.0,0,0,0,0,11.487,0.0,0,0.0,0,0,0,0,0,0,0,1,1,1,0,12192.0,2,1,1,0,1,0,1,2,7.3,267.1,0,0,0,0,0,1
176800,36.828,0.0,0,0,0,0,44.28,0.0,0,0,0,0,11.487,0.0,0,0.0,0,0,0,0,0,0,0,1,1,1,0,12192.0,2,1,1,0,1,0,1,2,7.5,272.1,0,0,0,0,0,1
176900,36.828,0.0,0,0,0,0,44.28,0.0,0,0,0,0,11.487,0.0,0,31.82,0,0,0,0,0,0,1,0,1,1,0,12192.0,2,1,1,0,1,0,1,2,7.5,269.2,0,0,0,0,0,1
177000,36.828,0.0,0,0,0,0,44.28,0.0,0,0,0,0,11.487,0.0,0,32.22,0,0,0,0,0,0,1,0,1,1,0,12192.0,2,1,1,0,1,0,1,2,7.0,269.5,0,0,0,0,0,1
177100,36.828,0.0,0,0,0,0,44.28,0.0,0,0,0,0,11.487,0.0,0,32.03,0,0,0,0,0,0,1,0,1,1,0,12192.0,2,1,1,0,1,0,1,2,7.5,272.2,0,0,0,0,0,1
177200,36.828,0.0,0,0,0,0,44.28,0.0,0,0,0,0,11.487,0.0,0,32.1,0,0,0,0,0,0,1,0,1,1,0,12192.0,2,1,1,0,1,0,1,2,7.9,270.0,0,0,0,0,0,1
177300,36.828,0.0,0,0,0,0,44.28,0.0,0,0,0,0,11.487,0.0,0,31.93,0,0,0,0,0,0,1,0,1,1,0,12192.0,2,1,1,0,1,0,1,2,7.8,266.9,0,0,0,0,0,1
177400,36.828,0.0,0,0,0,0,44.28,0.0,0,0,0,0,11.487,0.0,0,32.06,0,0,0,0,0,0,1,0,1,1,0,12192.0,2,1,1,0,1,0,1,2,7.6,272.3,0,0,0,0,0,1
177500,36.828,0.0,0,0,0,0,44.28,0.0,0,0,0,0,11.487,0.0,0,32.01,0,0,0,0,0,0,1,0,1,1,0,12192.0,2,1,1,0,1,0,1,2,7.5,266.5,0,0,0,0,0,1
177600,36.828,0.0,0,0,0,0,44.28,0.0,0,0,0,0,11.487,0.0,0,32.0,0,0,0,0,0,0,1,0,1,1,0,12192.0,2,1,1,0,1,0,1,2,7.8,268.5,0,0,0,0,0,1
177700,36.828,0.0,0,0,0,0,44.28,0.0,0,0,0,0,11.487,0.0,0,31.93,0,0,0,0,0,0,1,0,1,1,0,12192.0,2,1,1,0,1,0,1,2,7.9,268.6,0,0,0,0,0,1
177800,36.828,0.0,0,0,0,0,44.28,0.0,0,0,0,0,11.487,0.0,0,32.04,0,0,0,0,0,0,1,0,1,1,0,12192.0,2,1,1,0,1,0,1,2,7.2,275.2,0,0,0,0,0,1
177900,36.828,0.0,0,0,0,0,44.28,0.0,0,0,0,0,11.487,0.0,0,32.05,0,0,0,0,0,0,1,0,1,1,0,12192.0,2,1,1,0,1,0,1,2,7.8,274.9,0,0,0,0,0,1
178000,36.828,0.0,0,0,0,0,44.28,0.0,0,0,0,0,11.487,0.0,0,32.09,0,0,0,0,0,0,1,0,1,1,0,12192.0,2,1,1,0,1,0,1,2,7.3,272.6,0,0,0,0,0,1
178100,36.828,0.0,0,0,0,0,44.28,0.0,0,0,0,0,11.487,0.0,0,32.08,0,0,0,0,0,0,1,0,1,1,0,12192.0,2,1,1,0,1,0,1,2,8.0,270.3,0,0,0,0,0,1
178200,36.828,0.0,0,0,0,0,44.28,0.0,0,0,0,0,11.487,0.0,0,31.99,0,0,0,0,0,0,1,0,1,1,0,12192.0,2,1,1,0,1,0,1,2,7.4,272.1,0,0,0,0,0,1
178300,36.828,0.0,0,0,1,0,44.28,0.0,0,0,1,0,11.492,0.046,1,33.44,0,0,1,1,0,0,1,0,0,1,0,12192.0,2,1,1,1,0,0,1,2,8.0,271.3,0,0,0,0,0,1
178400,36.828,0.0,0,0,1,0,44.28,0.0,0,0,1,0,11.501,0.093,1,33.71,0,0,1,1,0,0,1,0,0,1,0,12192.0,2,1,1,1,0,0,1,2,6.7,270.2,0,0,0,0,0,1
178500,36.828,0.0,0,0,1,0,44.28,0.0,0,0,1,0,11.515,0.139,1,33.45,0,0,1,1,0,0,1,0,0,1,0,12192.0,2,1,1,1,0,0,1,2,8.2,268.1,0,0,0,0,0,1
178600,36.828,0.0,0,0,1,0,44.28,0.0,0,0,1,0,11.534,0.186,1,33.47,0,0,1,1,0,0,1,0,0,1,0,12192.0,2,1,1,1,0,0,1,2,7.2,272.8,0,0,0,0,0,1
178700,36.828,0.0,0,0,1,0,44.28,0.0,0,0,1,0,11.557,0.232,1,33.61,0,0,1,1,0,0,1,0,0,1,0,12192.0,2,1,1,1,0,0,1,2,8.4,270.1,0,0,0,0,0,1
178800,36.828,0.0,0,0,1,0,44.28,0.0,0,0,1,0,11.585,0.278,1,33.43,0,0,1,1,0,0,1,0,0,1,0,12192.0,2,1,1,1,0,0,1,2,7.4,273.1,0,0,0,0,0,1
178900,36.828,0.0,0,0,1,0,44.28,0.0,0,0,1,0,11.617,0.325,1,33.49,0,0,1,1,0,0,1,0,0,1,0,12192.0,2,1,1,1,0,0,1,2,7.2,266.5,0,0,0,0,0,1
179000,36.828,0.0,0,0,1,0,44.28,0.0,0,0,1,0,11.654,0.371,1,33.64,0,0,1,1,0,0,1,0,0,1,0,12192.0,2,1,1,1,0,0,1,2,7.9,268.2,0,0,0,0,0,1
179100,36.828,0.0,0,0,1,0,44.28,0.0,0,0,1,0,11.696,0.417,1,33.6,0,0,1,1,0,0,1,0,0,1,0,12192.0,2,1,1,1,0,0,1,2,8.2,269.4,0,0,0,0,0,1
179200,36.828,0.0,0,0,1,0,44.28,0.0,0,0,1,0,11.742,0.464,1,33.36,0,0,1,1,0,0,1,0,0,1,0,12192.0,2,1,1,1,0,0,1,2,8.3,268.1,0,0,0,0,0,1
179300,36.828,0.0,0,0,1,0,44.28,0.0,0,0,1,0,11.793,0.51,1,33.45,0,0,1,1,0,0,1,0,0,1,0,12192.0,2,1,1,1,0,0,1,2,7.2,266.0,0,0,0,0,0,1
179400,36.828,0.0,0,0,1,0,44.28,0.0,0,0,1,0,11.849,0.557,1,33.16,0,0,1,1,0,0,1,0,0,1,0,12192.0,2,1,1,1,0,0,1,2,8.6,266.5,0,0,0,0,0,1
179500,36.828,0.0,0,0,1,0,44.28,0.0,0,0,1,0,11.909,0.603,1,33.51,0,0,1,1,0,0,1,0,0,1,0,12192.0,2,1,1,1,0,0,1,2,8.2,273.7,0,0,0,0,0,1
179600,36.828,0.0,0,0,1,0,44.28,0.0,0,0,1,0,11.974,0.649,1,33.54,0,0,1,1,0,0,1,0,0,1,0,12192.0,2,1,1,1,0,0,1,2,8.4,270.2,0,0,0,0,0,1
179700,36.828,0.0,0,0,1,0,44.28,0.0,0,0,1,0,12.044,0.696,1,33.43,0,0,1,1,0,0,1,0,0,1,0,12192.0,2,1,1,1,0,0,1,2,8.7,272.0,0,0,0,0,0,1
179800,36.828,0.0,0,0,1,0,44.28,0.0,0,0,1,0,12.118,0.742,1,33.72,0,0,1,1,0,0,1,0,0,1,0,12192.0,2,1,1,1,0,0,1,2,7.9,271.3,0,0,0,0,0,1
179900,36.828,0.0,0,0,1,0,44.28,0.0,0,0,1,0,12.197,0.788,1,33.27,0,0,1,1,0,0,1,0,0,1,0,12192.0,2,1,1,1,0,0,1,2,8.3,269.1,0,0,0,0,0,1
180000,36.828,0.0,0,0,1,0,44.28,0.0,0,0,1,0,12.28,0.835,1,33.4,0,0,1,1,0,0,1,0,0,1,0,12192.0,2,1,1,1,0,0,1,2,7.8,272.7,0,0,0,0,0,1
180100,36.828,0.0,0,0,1,0,44.28,0.0,0,0,1,0,12.368,0.881,1,33.46,0,0,1,1,0,0,1,0,0,1,0,12192.0,2,1,1,1,0,0,1,2,8.4,273.6,0,0,0,0,0,1
180200,36.828,0.0,0,0,1,0,44.28,0.0,0,0,1,0,12.461,0.928,1,33.65,0,0,1,1,0,0,1,0,0,1,0,12192.0,2,1,1,1,0,0,1,2,8.0,270.2,0,0,0,0,0,1
180300,36.828,0.0,0,0,1,0,44.28,0.0,0,0,1,0,12.558,0.974,1,33.54,0,0,1,1,0,0,1,0,0,1,0,12192.0,2,1,1,1,0,0,1,2,8.8,270.2,0,0,0,0,0,1
180400,36.828,0.0,0,0,1,0,44.28,0.0,0,0,1,0,12.661,1.02,1,33.51,0,0,1,1,0,0,1,0,0,1,0,12192.0,2,1,1,1,0,0,1,2,9.3,269.3,0,0,0,0,0,1
180500,36.828,0.0,0,0,1,0,44.28,0.0,0,0,1,0,12.767,1.067,1,33.56,0,0,1,1,0,0,1,0,0,1,0,12192.0,2,1,1,1,0,0,1,2,7.8,271.1,0,0,0,0,0,1
180600,36.828,0.0,0,0,1,0,44.28,0.0,0,0,1,0,12.878,1.113,1,33.4,0,0,1,1,0,0,1,0,0,1,0,12192.0,2,1,1,1,0,0,1,2,8.9,272.3,0,0,0,0,0,1
180700,36.828,0.0,0,0,1,0,44.28,0.0,0,0,1,0,12.994,1.159,1,33.61,0,0,1,1,0,0,1,0,0,1,0,12192.0,2,1,1,1,0,0,1,2,8.1,268.8,0,0,0,0,0,1
180800,36.828,0.0,0,0,1,0,44.28,0.0,0,0,1,0,13.106,1.113,1,30.49,0,0,1,1,0,0,1,0,0,1,0,12192.0,2,1,1,1,0,0,1,2,7.8,270.3,0,0,0,0,0,1
180900,36.828,0.0,0,0,1,0,44.28,0.0,0,0,1,0,13.212,1.067,1,30.48,0,0,1,1,0,0,1,0,0,1,0,12192.0,2,1,1,1,0,0,1,2,8.6,269.9,0,0,0,0,0,1
181000,36.828,0.0,0,0,1,0,44.28,0.0,0,0,1,0,13.314,1.02,1,30.52,0,0,1,1,0,0,1,0,0,1,0,12192.0,2,1,1,1,0,0,1,2,8.8,264.6,0,0,0,0,0,1
181100,36.828,0.0,0,0,1,0,44.28,0.0,0,0,1,0,13.412,0.974,1,30.52,0,0,1,1,0,0,1,0,0,1,0,12192.0,2,1,1,1,0,0,1,2,8.9,269.7,0,0,0,0,0,1
181200,36.828,0.0,0,0,1,0,44.28,0.0,0,0,1,0,13.505,0.928,1,30.58,0,0,1,1,0,0,1,0,0,1,0,12192.0,2,1,1,1,0,0,1,2,8.6,265.0,0,0,0,0,0,1
181300,36.828,0.0,0,0,1,0,44.28,0.0,0,0,1,0,13.593,0.881,1,30.56,0,0,1,1,0,0,1,0,0,1,0,12192.0,2,1,1,1,0,0,1,2,8.8,273.8,0,0,0,0,0,1
181400,36.828,0.0,0,0,1,0,44.28,0.0,0,0,1,0,13.676,0.835,1,30.69,0,0,1,1,0,0,1,0,0,1,0,12192.0,2,1,1,1,0,0,1,2,8.5,271.9,0,0,0,0,0,1
181500,36.828,0.0,0,0,1,0,44.28,0.0,0,0,1,0,13.755,0.788,1,30.72,0,0,1,1,0,0,1,0,0,1,0,12192.0,2,1,1,1,0,0,1,2,9.3,270.8,0,0,0,0,0,1
181600,36.828,0.0,0,0,1,0,44.28,0.0,0,0,1,0,13.829,0.742,1,30.51,0,0,1,1,0,0,1,0,0,1,0,12192.0,2,1,1,1,0,0,1,2,8.1,269.1,0,0,0,0,0,1
181700,36.828,0.0,0,0,1,0,44.28,0.0,0,0,1,0,13.899,0.696,1,30.28,0,0,1,1,0,0,1,0,0,1,0,12192.0,2,1,1,1,0,0,1,2,9.1,272.0,0,0,0,0,0,1
181800,36.828,0.0,0,0,1,0,44.28,0.0,0,0,1,0,13.964,0.649,1,30.29,0,0,1,1,0,0,1,0,0,1,0,12192.0,2,1,1,1,0,0,1,2,8.5,269.4,0,0,0,0,0,1
181900,36.828,0.0,0,0,1,0,44.28,0.0,0,0,1,0,14.024,0.602,1,30.54,0,0,1,1,0,0,1,0,0,1,0,12192.0,2,1,1,1,0,0,1,2,9.0,274.3,0,0,0,0,0,1
182000,36.828,0.0,0,0,1,0,44.28,0.0,0,0,1,0,14.079,0.554,1,30.42,0,0,1,1,0,0,1,0,0,1,0,12192.0,2,1,1,1,0,0,1,2,8.6,267.0,0,0,0,0,0,1
182100,36.828,0.0,0,0,1,0,44.28,0.0,0,0,1,0,14.13,0.505,1,30.48,0,0,1,1,0,0,1,0,0,1,0,12192.0,2,1,1,1,0,0,1,2,7.9,270.4,0,0,0,0,0,1
182200,36.828,0.0,0,0,1,0,44.28,0.0,0,0,1,0,14.175,0.456,1,30.63,0,0,1,1,0,0,1,0,0,1,0,12192.0,2,1,1,1,0,0,1,2,9.0,270.8,0,0,0,0,0,1
182300,36.828,0.0,0,0,1,0,44.28,0.0,0,0,1,0,14.216,0.407,1,30.56,0,0,1,1,0,0,1,0,0,1,0,12192.0,2,1,1,1,0,0,1,2,8.0,271.6,0,0,0,0,0,1
182400,36.828,0.0,0,0,1,0,44.28,0.0,0,0,1,0,14.252,0.358,1,30.26,0,0,1,1,0,0,1,0,0,1,0,12192.0,2,1,1,1,0,0,1,2,7.9,273.8,0,0,0,0,0,1
182500,36.828,0.0,0,0,1,0,44.28,0.0,0,0,1,0,14.283,0.308,1,30.57,0,0,1,1,0,0,1,0,0,1,0,12192.0,2,1,1,1,0,0,1,2,9.1,270.1,0,0,0,0,0,1
182600,36.828,0.0,0,0,1,0,44.28,0.0,0,0,1,0,14.309,0.258,1,30.59,0,0,1,1,0,0,1,0,0,1,0,12192.0,2,1,1,1,0,0,1,2,7.4,270.3,0,0,0,0,0,1
182700,36.828,0.0,0,0,1,0,44.28,0.0,0,0,1,0,14.329,0.206,1,30.41,0,0,1,1,0,0,1,0,0,1,0,12192.0,2,1,1,1,0,0,1,2,8.9,266.9,0,0,0,0,0,1
182800,36.828,0.0,0,0,1,0,44.28,0.0,0,0,1,0,14.344,0.153,1,30.47,0,0,1,1,0,0,1,0,0,1,0,12192.0,2,1,1,1,0,0,1,2,8.6,271.2,0,0,0,0,0,1
182900,36.828,0.0,0,0,1,0,44.28,0.0,0,0,1,0,14.354,0.096,1,30.41,0,0,1,1,0,0,1,0,0,1,0,12192.0,2,1,1,1,0,0,1,2,7.9,264.6,0,0,0,0,0,1
183000,36.828,0.0,0,0,0,0,44.28,0.0,0,0,0,0,14.359,0.0,0,31.95,0,0,0,0,0,0,1,0,0,1,0,12192.0,2,1,1,0,1,0,1,2,9.0,270.1,0,0,0,0,0,1
183100,36.828,0.0,0,0,1,0,44.274,-0.062,0,1,1,0,14.359,0.0,0,31.98,0,0,0,1,0,0,1,0,0,1,0,12192.0,2,1,1,1,0,0,1,2,8.6,268.1,0,0,0,0,0,1
183200,36.828,0.0,0,0,1,0,44.261,-0.124,0,1,1,0,14.359,0.0,0,31.99,0,0,0,1,0,0,1,0,0,1,0,12192.0,2,1,1,1,0,0,1,2,7.9,272.3,0,0,0,0,0,1
183300,36.828,0.0,0,0,1,0,44.243,-0.186,0,1,1,0,14.359,0.0,0,32.26,0,0,0,1,0,0,1,0,0,1,0,12192.0,2,1,1,1,0,0,1,2,7.8,268.9,0,0,0,0,0,1
183400,36.828,0.0,0,0,1,0,44.218,-0.248,0,1,1,0,14.359,0.0,0,31.91,0,0,0,1,0,0,1,0,0,1,0,12192.0,2,1,1,1,0,0,1,2,8.2,271.2,0,0,0,0,0,1
183500,36.828,0.0,0,0,1,0,44.187,-0.31,0,1,1,0,14.359,0.0,0,32.04,0,0,0,1,0,0,1,0,0,1,0,12192.0,2,1,1,1,0,0,1,2,7.9,269.6,0,0,0,0,0,1
183600,36.828,0.0,0,0,1,0,44.15,-0.373,0,1,1,0,14.359,0.0,0,31.92,0,0,0,1,0,0,1,0,0,1,0,12192.0,2,1,1,1,0,0,1,2,7.8,271.3,0,0,0,0,0,1
183700,36.828,0.0,0,0,1,0,44.106,-0.435,0,1,1,0,14.359,0.0,0,32.04,0,0,0,1,0,0,1,0,0,1,0,12192.0,2,1,1,1,0,0,1,2,8.5,268.9,0,0,0,0,0,1
183800,36.828,0.0,0,0,1,0,44.056,-0.497,0,1,1,0,14.359,0.0,0,31.96,0,0,0,1,0,0,1,0,0,1,0,12192.0,2,1,1,1,0,0,1,2,7.8,266.7,0,0,0,0,0,1
183900,36.828,0.0,0,0,1,0,44.001,-0.559,0,1,1,0,14.359,0.0,0,32.18,0,0,0,1,0,0,1,0,0,1,0,12192.0,2,1,1,1,0,0,1,2,8.5,270.7,0,0,0,0,0,1
184000,36.828,0.0,0,0,1,0,43.938,-0.621,0,1,1,0,14.359,0.0,0,31.97,0,0,0,1,0,0,1,0,0,1,0,12192.0,2,1,1,1,0,0,1,2,8.6,268.5,0,0,0,0,0,1
184100,36.828,0.0,0,0,1,0,43.87,-0.683,0,1,1,0,14.359,0.0,0,31.75,0,0,0,1,0,0,1,0,0,1,0,12192.0,2,1,1,1,0,0,1,2,7.7,270.9,0,0,0,0,0,1
184200,36.828,0.0,0,0,1,0,43.796,-0.745,0,1,1,0,14.359,0.0,0,32.15,0,0,0,1,0,0,1,0,0,1,0,12192.0,2,1,1,1,0,0,1,2,8.1,270.5,0,0,0,0,0,1
184300,36.828,0.0,0,0,1,0,43.715,-0.807,0,1,1,0,14.359,0.0,0,31.8,0,0,0,1,0,0,1,0,0,1,0,12192.0,2,1,1,1,0,0,1,2,7.9,266.7,0,0,0,0,0,1
184400,36.828,0.0,0,0,1,0,43.628,-0.869,0,1,1,0,14.359,0.0,0,31.9,0,0,0,1,0,0,1,0,0,1,0,12192.0,2,1,1,1,0,0,1,2,7.7,268.1,0,0,0,0,0,1
184500,36.828,0.0,0,0,1,0,43.535,-0.931,0,1,1,0,14.359,0.0,0,31.9,0,0,0,1,0,0,1,0,0,1,0,12192.0,2,1,1,1,0,0,1,2,7.8,268.4,0,0,0,0,0,1
184600,36.828,0.0,0,0,1,0,43.436,-0.993,0,1,1,0,14.359,0.0,0,31.78,0,0,0,1,0,0,1,0,0,1,0,12192.0,2,1,1,1,0,0,1,2,8.2,271.7,0,0,0,0,0,1
184700,36.828,0.0,0,0,1,0,43.33,-1.055,0,1,1,0,14.359,0.0,0,31.94,0,0,0,1,0,0,1,0,0,1,0,12192.0,2,1,1,1,0,0,1,2,8.3,269.5,0,0,0,0,0,1
184800,36.828,0.0,0,0,1,0,43.218,-1.118,0,1,1,0,14.359,0.0,0,31.95,0,0,0,1,0,0,1,0,0,1,0,12192.0,2,1,1,1,0,0,1,2,8.1,272.8,0,0,0,0,0,1
184900,36.828,0.0,0,0,1,0,43.1,-1.18,0,1,1,0,14.359,0.0,0,32.0,0,0,0,1,0,0,1,0,0,1,0,12192.0,2,1,1,1,0,0,1,2,7.4,268.7,0,0,0,0,0,1
185000,36.828,0.0,0,0,1,0,42.976,-1.242,0,1,1,0,14.359,0.0,0,32.11,0,0,0,1,0,0,1,0,0,1,0,12192.0,2,1,1,1,0,0,1,2,7.5,270.9,0,0,0,0,0,1
185100,36.828,0.0,0,0,1,0,42.846,-1.304,0,1,1,0,14.359,0.0,0,31.83,0,0,0,1,0,0,1,0,0,1,0,12192.0,2,1,1,1,0,0,1,2,7.9,271.7,0,0,0,0,0,1
185200,36.828,0.0,0,0,1,0,42.709,-1.366,0,1,1,0,14.359,0.0,0,32.06,0,0,0,1,0,0,1,0,0,1,0,12192.0,2,1,1,1,0,0,1,2,7.4,273.1,0,0,0,0,0,1
185300,36.828,0.0,0,0,1,0,42.566,-1.428,0,1,1,0,14.359,0.0,0,31.94,0,0,0,1,0,0,1,0,0,1,0,12192.0,2,1,1,1,0,0,1,2,8.1,270.9,0,0,0,0,0,1
185400,36.828,0.0,0,0,1,0,42.417,-1.49,0,1,1,0,14.359,0.0,0,31.92,0,0,0,1,0,0,1,0,0,1,0,12192.0,2,1,1,1,0,0,1,2,7.7,267.1,0,0,0,0,0,1
185500,36.828,0.0,0,0,1,0,42.262,-1.552,0,1,1,0,14.359,0.0,0,31.94,0,0,0,1,0,0,1,0,0,1,0,12192.0,2,1,1,1,0,0,1,2,8.0,269.9,0,0,0,0,0,1
185600,36.828,0.0,0,0,1,0,42.101,-1.614,0,1,1,0,14.359,0.0,0,32.27,0,0,0,1,0,0,1,0,0,1,0,12192.0,2,1,1,1,0,0,1,2,8.0,270.2,0,0,0,0,0,1
185700,36.828,0.0,0,0,1,0,41.933,-1.676,0,1,1,0,14.359,0.0,0,32.09,0,0,0,1,0,0,1,0,0,1,0,12192.0,2,1,1,1,0,0,1,2,7.4,270.2,0,0,0,0,0,1
185800,36.828,0.0,0,0,1,0,41.759,-1.738,0,1,1,0,14.359,0.0,0,32.11,0,0,0,1,0,0,1,0,0,1,0,12192.0,2,1,1,1,0,0,1,2,7.9,272.9,0,0,0,0,0,1
185900,36.828,0.0,0,0,1,0,41.579,-1.8,0,1,1,0,14.359,0.0,0,32.07,0,0,0,1,0,0,1,0,0,1,0,12192.0,2,1,1,1,0,0,1,2,7.1,267.0,0,0,0,0,0,1
186000,36.828,0.0,0,0,1,0,41.393,-1.863,0,1,1,0,14.359,0.0,0,32.01,0,0,0,1,0,0,1,0,0,1,0,12192.0,2,1,1,1,0,0,1,2,7.4,267.8,0,0,0,0,0,1
186100,36.828,0.0,0,0,1,0,41.2,-1.925,0,1,1,0,14.359,0.0,0,32.13,0,0,0,1,0,0,1,0,0,1,0,12192.0,2,1,1,1,0,0,1,2,7.2,270.9,0,0,0,0,0,1
186200,36.828,0.0,0,0,1,0,41.002,-1.987,0,1,1,0,14.359,0.0,0,32.12,0,0,0,1,0,0,1,0,0,1,0,12192.0,2,1,1,1,0,0,1,2,7.7,267.3,0,0,0,0,0,1
186300,36.828,0.0,0,0,1,0,40.797,-2.049,0,1,1,0,14.359,0.0,0,32.16,0,0,0,1,0,0,1,0,0,1,0,12192.0,2,1,1,1,0,0,1,2,7.4,273.0,0,0,0,0,0,1
186400,36.828,0.0,0,0,1,0,40.586,-2.111,0,1,1,0,14.359,0.0,0,32.0,0,0,0,1,0,0,1,0,0,1,0,12192.0,2,1,1,1,0,0,1,2,7.1,267.2,0,0,0,0,0,1
186500,36.828,0.0,0,0,1,0,40.369,-2.173,0,1,1,0,14.359,0.0,0,32.12,0,0,0,1,0,0,1,0,0,1,0,12192.0,2,1,1,1,0,0,1,2,7.6,268.6,0,0,0,0,0,1
186600,36.828,0.0,0,0,1,0,40.145,-2.235,0,1,1,0,14.359,0.0,0,32.19,0,0,0,1,0,0,1,0,0,1,0,12192.0,2,1,1,1,0,0,1,2,7.1,272.2,0,0,0,0,0,1
186700,36.828,0.0,0,0,1,0,39.915,-2.297,0,1,1,0,14.359,0.0,0,31.92,0,0,0,1,0,0,1,0,0,1,0,12192.0,2,1,1,1,0,0,1,2,7.6,274.7,0,0,0,0,0,1
186800,36.828,0.0,0,0,1,0,39.679,-2.359,0,1,1,0,14.359,0.0,0,32.14,0,0,0,1,0,0,1,0,0,1,0,12192.0,2,1,1,1,0,0,1,2,7.5,271.2,0,0,0,0,0,1
186900,36.828,0.0,0,0,1,0,39.437,-2.421,0,1,1,0,14.359,0.0,0,32.22,0,0,0,1,0,0,1,0,0,1,0,12192.0,2,1,1,1,0,0,1,2,8.4,264.9,0,0,0,0,0,1
187000,36.828,0.0,0,0,1,0,39.189,-2.483,0,1,1,0,14.359,0.0,0,32.16,0,0,0,1,0,0,1,0,0,1,0,12192.0,2,1,1,1,0,0,1,2,7.9,271.8,0,0,0,0,0,1
187100,36.828,0.0,0,0,1,0,38.934,-2.545,0,1,1,0,14.359,0.0,0,32.1,0,0,0,1,0,0,1,0,0,1,0,12192.0,2,1,1,1,0,0,1,2,7.4,270.0,0,0,0,0,0,1
187200,36.828,0.0,0,0,1,0,38.674,-2.608,0,1,1,0,14.359,0.0,0,32.09,0,0,0,1,0,0,1,0,0,1,0,12192.0,2,1,1,1,0,0,1,2,7.1,268.4,0,0,0,0,0,1
187300,36.828,0.0,0,0,1,0,38.407,-2.67,0,1,1,0,14.359,0.0,0,31.78,0,0,0,1,0,0,1,0,0,1,0,12192.0,2,1,1,1,0,0,1,2,6.3,268.2,0,0,0,0,0,1
187400,36.828,0.0,0,0,1,0,38.134,-2.732,0,1,1,0,14.359,0.0,0,32.01,0,0,0,1,0,0,1,0,0,1,0,12192.0,2,1,1,1,0,0,1,2,8.9,272.7,0,0,0,0,0,1
187500,36.828,0.0,0,0,1,0,37.854,-2.794,0,1,1,0,14.359,0.0,0,31.83,0,0,0,1,0,0,1,0,0,1,0,12192.0,2,1,1,1,0,0,1,2,7.8,274.5,0,0,0,0,0,1
187600,36.828,0.0,0,0,1,0,37.569,-2.856,0,1,1,0,14.359,0.0,0,31.97,0,0,0,1,0,0,1,0,0,1,0,12192.0,2,1,1,1,0,0,1,2,7.0,267.2,0,0,0,0,0,1
187700,36.828,0.0,0,0,1,0,37.277,-2.918,0,1,1,0,14.359,0.0,0,32.02,0,0,0,1,0,0,1,0,0,1,0,12192.0,2,1,1,1,0,0,1,2,7.5,271.3,0,0,0,0,0,1
187800,36.828,0.0,0,0,1,0,36.979,-2.98,0,1,1,0,14.359,0.0,0,32.02,0,0,0,1,0,0,1,0,0,1,0,12192.0,2,1,1,1,0,0,1,2,8.1,269.8,0,0,0,0,0,1
187900,36.828,0.0,0,0,1,0,36.675,-3.042,0,1,1,0,14.359,0.0,0,32.1,0,0,0,1,0,0,1,0,0,1,0,12192.0,2,1,1,1,0,0,1,2,8.0,268.1,0,0,0,0,0,1
188000,36.828,0.0,0,0,1,0,36.364,-3.104,0,1,1,0,14.359,0.0,0,31.83,0,0,0,1,0,0,1,0,0,1,0,12192.0,2,1,1,1,0,0,1,2,7.5,269.0,0,0,0,0,0,1
188100,36.828,0.0,0,0,1,0,36.047,-3.166,0,1,1,0,14.359,0.0,0,32.06,0,0,0,1,0,0,1,0,0,1,0,12192.0,2,1,1,1,0,0,1,2,7.5,265.2,0,0,0,0,0,1
188200,36.828,0.0,0,0,1,0,35.725,-3.228,0,1,1,0,14.359,0.0,0,32.04,0,0,0,1,0,0,1,0,0,1,0,12192.0,2,1,1,1,0,0,1,2,8.5,273.8,0,0,0,0,0,1
188300,36.828,0.0,0,0,1,0,35.396,-3.29,0,1,1,0,14.359,0.0,0,31.97,0,0,0,1,0,0,1,0,0,1,0,12192.0,2,1,1,1,0,0,1,2,8.5,271.6,0,0,0,0,0,1
188400,36.828,0.0,0,0,1,0,35.06,-3.353,0,1,1,0,14.359,0.0,0,32.07,0,0,0,1,0,0,1,0,0,1,0,12192.0,2,1,1,1,0,0,1,2,8.1,269.9,0,0,0,0,0,1
188500,36.828,0.0,0,0,1,0,34.719,-3.415,0,1,1,0,14.359,0.0,0,32.02,0,0,0,1,0,0,1,0,0,1,0,12192.0,2,1,1,1,0,0,1,2,8.4,272.6,0,0,0,0,0,1
188600,36.828,0.0,0,0,1,0,34.371,-3.477,0,1,1,0,14.359,0.0,0,32.21,0,0,0,1,0,0,1,0,0,1,0,12192.0,2,1,1,1,0,0,1,2,7.5,267.5,0,0,0,0,0,1
188700,36.828,0.0,0,0,1,0,34.017,-3.539,0,1,1,0,14.359,0.0,0,32.05,0,0,0,1,0,0,1,0,0,1,0,12192.0,2,1,1,1,0,0,1,2,8.4,269.5,0,0,0,0,0,1
188800,36.828,0.0,0,0,1,0,33.663,-3.539,0,1,1,0,14.359,0.0,0,32.01,0,0,0,1,0,0,1,0,0,1,0,12192.0,2,1,1,1,0,0,1,2,7.9,271.2,0,0,0,0,0,1
188900,36.828,0.0,0,0,1,0,33.31,-3.539,0,1,1,0,14.359,0.0,0,32.01,0,0,0,1,0,0,1,0,0,1,0,12192.0,2,1,1,1,0,0,1,2,8.7,269.7,0,0,0,0,0,1
189000,36.828,0.0,0,0,1,0,32.956,-3.539,0,1,1,0,14.359,0.0,0,32.05,0,0,0,1,0,0,1,0,0,1,0,12192.0,2,1,1,1,0,0,1,2,7.4,272.2,0,0,0,0,0,1
189100,36.828,0.0,0,0,1,0,32.602,-3.539,0,1,1,0,14.359,0.0,0,32.07,0,0,0,1,0,0,1,0,0,1,0,12192.0,2,1,1,1,0,0,1,2,9.0,269.9,0,0,0,0,0,1
189200,36.828,0.0,0,0,1,0,32.248,-3.539,0,1,1,0,14.359,0.0,0,32.02,0,0,0,1,0,0,1,0,0,1,0,12192.0,2,1,1,1,0,0,1,2,8.3,269.2,0,0,0,0,0,1
189300,36.828,0.0,0,0,1,0,31.894,-3.539,0,1,1,0,14.359,0.0,0,32.25,0,0,0,1,0,0,1,0,0,1,0,12192.0,2,1,1,1,0,0,1,2,7.7,268.0,0,0,0,0,0,1
189400,36.828,0.0,0,0,1,0,31.54,-3.539,0,1,1,0,14.359,0.0,0,31.97,0,0,0,1,0,0,1,0,0,1,0,12192.0,2,1,1,1,0,0,1,2,8.1,264.1,0,0,0,0,0,1
189500,36.828,0.0,0,0,1,0,31.186,-3.539,0,1,1,0,14.359,0.0,0,32.08,0,0,0,1,0,0,1,0,0,1,0,12192.0,2,1,1,1,0,0,1,2,9.0,270.7,0,0,0,0,0,1
189600,36.828,0.0,0,0,1,0,30.833,-3.539,0,1,1,0,14.359,0.0,0,31.99,0,0,0,1,0,0,1,0,0,1,0,12192.0,2,1,1,1,0,0,1,2,8.3,268.5,0,0,0,0,0,1
189700,36.828,0.0,0,0,1,0,30.479,-3.539,0,1,1,0,14.359,0.0,0,31.92,0,0,0,1,0,0,1,0,0,1,0,12192.0,2,1,1,1,0,0,1,2,8.0,271.6,0,0,0,0,0,1
189800,36.828,0.0,0,0,1,0,30.125,-3.539,0,1,1,0,14.359,0.0,0,32.23,0,0,0,1,0,0,1,0,0,1,0,12192.0,2,1,1,1,0,0,1,2,8.4,269.5,0,0,0,0,0,1
189900,36.828,0.0,0,0,1,0,29.771,-3.539,0,1,1,0,14.359,0.0,0,31.91,0,0,0,1,0,0,1,0,0,1,0,12192.0,2,1,1,1,0,0,1,2,8.4,270.1,0,0,0,0,0,1
190000,36.828,0.0,0,0,1,0,29.417,-3.539,0,1,1,0,14.359,0.0,0,32.02,0,0,0,1,0,0,1,0,0,1,0,12192.0,2,1,1,1,0,0,1,2,8.2,269.5,0,0,0,0,0,1
190100,36.828,0.0,0,0,1,0,29.063,-3.539,0,1,1,0,14.359,0.0,0,32.07,0,0,0,1,0,0,1,0,0,1,0,12192.0,2,1,1,1,0,0,1,2,8.2,268.9,0,0,0,0,0,1
190200,36.828,0.0,0,0,1,0,28.709,-3.539,0,1,1,0,14.359,0.0,0,32.03,0,0,0,1,0,0,1,0,0,1,0,12192.0,2,1,1,1,0,0,1,2,8.1,268.0,0,0,0,0,0,1
190300,36.828,0.0,0,0,1,0,28.356,-3.539,0,1,1,0,14.359,0.0,0,32.01,0,0,0,1,0,0,1,0,0,1,0,12192.0,2,1,1,1,0,0,1,2,7.3,269.1,0,0,0,0,0,1
190400,36.828,0.0,0,0,1,0,28.002,-3.539,0,1,1,0,14.359,0.0,0,32.07,0,0,0,1,0,0,1,0,0,1,0,12192.0,2,1,1,1,0,0,1,2,8.4,272.0,0,0,0,0,0,1
190500,36.828,0.0,0,0,1,0,27.648,-3.539,0,1,1,0,14.359,0.0,0,31.95,0,0,0,1,0,0,1,0,0,1,0,12192.0,2,1,1,1,0,0,1,2,8.3,273.8,0,0,0,0,0,1
190600,36.828,0.0,0,0,1,0,27.294,-3.539,0,1,1,0,14.359,0.0,0,31.86,0,0,0,1,0,0,1,0,0,1,0,12192.0,2,1,1,1,0,0,1,2,9.4,270.0,0,0,0,0,0,1
190700,36.828,0.0,0,0,1,0,26.94,-3.539,0,1,1,0,14.359,0.0,0,32.12,0,0,0,1,0,0,1,0,0,1,0,12192.0,2,1,1,1,0,0,1,2,8.1,265.9,0,0,0,0,0,1
190800,36.828,0.0,0,0,1,0,26.586,-3.539,0,1,1,0,14.359,0.0,0,32.16,0,0,0,1,0,0,1,0,0,1,0,12192.0,2,1,1,1,0,0,1,2,7.4,272.0,0,0,0,0,0,1
190900,36.828,0.0,0,0,1,0,26.232,-3.539,0,1,1,0,14.359,0.0,0,32.0,0,0,0,1,0,0,1,0,0,1,0,12192.0,2,1,1,1,0,0,1,2,8.1,275.3,0,0,0,0,0,1
191000,36.828,0.0,0,0,1,0,25.879,-3.539,0,1,1,0,14.359,0.0,0,31.86,0,0,0,1,0,0,1,0,0,1,0,12192.0,2,1,1,1,0,0,1,2,8.2,269.7,0,0,0,0,0,1
191100,36.828,0.0,0,0,1,0,25.525,-3.539,0,1,1,0,14.359,0.0,0,31.94,0,0,0,1,0,0,1,0,0,1,0,12192.0,2,1,1,1,0,0,1,2,8.4,270.1,0,0,0,0,0,1
191200,36.828,0.0,0,0,1,0,25.171,-3.539,0,1,1,0,14.359,0.0,0,32.13,0,0,0,1,0,0,1,0,0,1,0,12192.0,2,1,1,1,0,0,1,2,8.6,268.4,0,0,0,0,0,1
191300,36.828,0.0,0,0,1,0,24.817,-3.539,0,1,1,0,14.359,0.0,0,32.18,0,0,0,1,0,0,1,0,0,1,0,12192.0,2,1,1,1,0,0,1,2,8.4,271.9,0,0,0,0,0,1
191400,36.828,0.0,0,0,1,0,24.463,-3.539,0,1,1,0,14.359,0.0,0,32.25,0,0,0,1,0,0,1,0,0,1,0,12192.0,2,1,1,1,0,0,1,2,8.2,271.0,0,0,0,0,0,1
191500,36.828,0.0,0,0,1,0,24.109,-3.539,0,1,1,0,14.359,0.0,0,32.01,0,0,0,1,0,0,1,0,0,1,0,12192.0,2,1,1,1,0,0,1,2,8.8,267.8,0,0,0,0,0,1
191600,36.828,0.0,0,0,1,0,23.755,-3.539,0,1,1,0,14.359,0.0,0,32.01,0,0,0,1,0,0,1,0,0,1,0,12192.0,2,1,1,1,0,0,1,2,9.2,273.7,0,0,0,0,0,1
191700,36.828,0.0,0,0,1,0,23.401,-3.539,0,1,1,0,14.359,0.0,0,32.16,0,0,0,1,0,0,1,0,0,1,0,12192.0,2,1,1,1,0,0,1,2,8.2,270.1,0,0,0,0,0,1
191800,36.828,0.0,0,0,1,0,23.048,-3.539,0,1,1,0,14.359,0.0,0,32.22,0,0,0,1,0,0,1,0,0,1,0,12192.0,2,1,1,1,0,0,1,2,7.8,268.1,0,0,0,0,0,1
191900,36.828,0.0,0,0,1,0,22.694,-3.539,0,1,1,0,14.359,0.0,0,32.04,0,0,0,1,0,0,1,0,0,1,0,12192.0,2,1,1,1,0,0,1,2,8.1,273.7,0,0,0,0,0,1
192000,36.828,0.0,0,0,1,0,22.34,-3.539,0,1,1,0,14.359,0.0,0,31.97,0,0,0,1,0,0,1,0,0,1,0,12192.0,2,1,1,1,0,0,1,2,8.3,269.4,0,0,0,0,0,1
192100,36.828,0.0,0,0,1,0,21.986,-3.539,0,1,1,0,14.359,0.0,0,32.13,0,0,0,1,0,0,1,0,0,1,0,12192.0,2,1,1,1,0,0,1,2,8.3,267.8,0,0,0,0,0,1
192200,36.828,0.0,0,0,1,0,21.632,-3.539,0,1,1,0,14.359,0.0,0,32.02,0,0,0,1,0,0,1,0,0,1,0,12192.0,2,1,1,1,0,0,1,2,8.3,273.6,0,0,0,0,0,1
192300,36.828,0.0,0,0,1,0,21.278,-3.539,0,1,1,0,14.359,0.0,0,32.17,0,0,0,1,0,0,1,0,0,1,0,12192.0,2,1,1,1,0,0,1,2,9.2,275.8,0,0,0,0,0,1
192400,36.828,0.0,0,0,1,0,20.924,-3.539,0,1,1,0,14.359,0.0,0,32.08,0,0,0,1,0,0,1,0,0,1,0,12192.0,2,1,1,1,0,0,1,2,8.3,270.0,0,0,0,0,0,1
192500,36.828,0.0,0,0,1,0,20.571,-3.539,0,1,1,0,14.359,0.0,0,31.92,0,0,0,1,0,0,1,0,0,1,0,12192.0,2,1,1,1,0,0,1,2,8.2,270.8,0,0,0,0,0,1
192600,36.828,0.0,0,0,1,0,20.217,-3.539,0,1,1,0,14.359,0.0,0,32.03,0,0,0,1,0,0,1,0,0,1,0,12192.0,2,1,1,1,0,0,1,2,8.0,270.7,0,0,0,0,0,1
192700,36.828,0.0,0,0,1,0,19.863,-3.539,0,1,1,0,14.359,0.0,0,31.88,0,0,0,1,0,0,1,0,0,1,0,12192.0,2,1,1,1,0,0,1,2,7.9,269.9,0,0,0,0,0,1
192800,36.828,0.0,0,0,1,0,19.509,-3.539,0,1,1,0,14.359,0.0,0,32.03,0,0,0,1,0,0,1,0,0,1,0,12192.0,2,1,1,1,0,0,1,2,7.8,273.2,0,0,0,0,0,1
192900,36.828,0.0,0,0,1,0,19.155,-3.539,0,1,1,0,14.359,0.0,0,31.84,0,0,0,1,0,0,1,0,0,1,0,12192.0,2,1,1,1,0,0,1,2,7.9,270.6,0,0,0,0,0,1
193000,36.828,0.0,0,0,1,0,18.801,-3.539,0,1,1,0,14.359,0.0,0,31.79,0,0,0,1,0,0,1,0,0,1,0,12192.0,2,1,1,1,0,0,1,2,8.5,272.3,0,0,0,0,0,1
193100,36.828,0.0,0,0,1,0,18.447,-3.539,0,1,1,0,14.359,0.0,0,31.99,0,0,0,1,0,0,1,0,0,1,0,12192.0,2,1,1,1,0,0,1,2,8.3,270.5,0,0,0,0,0,1
193200,36.828,0.0,0,0,1,0,18.094,-3.539,0,1,1,0,14.359,0.0,0,32.13,0,0,0,1,0,0,1,0,0,1,0,12192.0,2,1,1,1,0,0,1,2,7.2,266.9,0,0,0,0,0,1
193300,36.828,0.0,0,0,1,0,17.74,-3.539,0,1,1,0,14.359,0.0,0,31.95,0,0,0,1,0,0,1,0,0,1,0,12192.0,2,1,1,1,0,0,1,2,8.0,270.2,0,0,0,0,0,1
193400,36.828,0.0,0,0,1,0,17.392,-3.477,0,1,1,0,14.359,0.0,0,31.93,0,0,0,1,0,0,1,0,0,1,0,12192.0,2,1,1,1,0,0,1,2,8.0,267.9,0,0,0,0,0,1
193500,36.828,0.0,0,0,1,0,17.051,-3.414,0,1,1,0,14.359,0.0,0,31.99,0,0,0,1,0,0,1,0,0,1,0,12192.0,2,1,1,1,0,0,1,2,7.6,271.8,0,0,0,0,0,1
193600,36.828,0.0,0,0,1,0,16.715,-3.352,0,1,1,0,14.359,0.0,0,31.93,0,0,0,1,0,0,1,0,0,1,0,12192.0,2,1,1,1,0,0,1,2,8.0,271.5,0,0,0,0,0,1
193700,36.828,0.0,0,0,1,0,16.386,-3.29,0,1,1,0,14.359,0.0,0,32.2,0,0,0,1,0,0,1,0,0,1,0,12192.0,2,1,1,1,0,0,1,2,7.4,270.1,0,0,0,0,0,1
193800,36.828,0.0,0,0,1,0,16.064,-3.228,0,1,1,0,14.359,0.0,0,31.98,0,0,0,1,0,0,1,0,0,1,0,12192.0,2,1,1,1,0,0,1,2,7.7,269.4,0,0,0,0,0,1
193900,36.828,0.0,0,0,1,0,15.747,-3.166,0,1,1,0,14.359,0.0,0,31.99,0,0,0,1,0,0,1,0,0,1,0,12192.0,2,1,1,1,0,0,1,2,7.9,269.6,0,0,0,0,0,1
194000,36.828,0.0,0,0,1,0,15.436,-3.104,0,1,1,0,14.359,0.0,0,32.07,0,0,0,1,0,0,1,0,0,1,0,12192.0,2,1,1,1,0,0,1,2,8.1,266.8,0,0,0,0,0,1
194100,36.828,0.0,0,0,1,0,15.132,-3.042,0,1,1,0,14.359,0.0,0,31.88,0,0,0,1,0,0,1,0,0,1,0,12192.0,2,1,1,1,0,0,1,2,7.7,267.8,0,0,0,0,0,1
194200,36.828,0.0,0,0,1,0,14.834,-2.98,0,1,1,0,14.359,0.0,0,32.07,0,0,0,1,0,0,1,0,0,1,0,12192.0,2,1,1,1,0,0,1,2,7.0,271.1,0,0,0,0,0,1
194300,36.828,0.0,0,0,1,0,14.543,-2.918,0,1,1,0,14.359,0.0,0,32.08,0,0,0,1,0,0,1,0,0,1,0,12192.0,2,1,1,1,0,0,1,2,7.1,270.1,0,0,0,0,0,1
194400,36.828,0.0,0,0,1,0,14.257,-2.856,0,1,1,0,14.359,0.0,0,32.1,0,0,0,1,0,0,1,0,0,1,0,12192.0,2,1,1,1,0,0,1,2,7.6,265.3,0,0,0,0,0,1
194500,36.828,0.0,0,0,1,0,13.978,-2.794,0,1,1,0,14.359,0.0,0,31.94,0,0,0,1,0,0,1,0,0,1,0,12192.0,2,1,1,1,0,0,1,2,7.8,267.0,0,0,0,0,0,1
194600,36.828,0.0,0,0,1,0,13.704,-2.732,0,1,1,0,14.359,0.0,0,32.0,0,0,0,1,0,0,1,0,0,1,0,12192.0,2,1,1,1,0,0,1,2,8.0,266.7,0,0,0,0,0,1
194700,36.828,0.0,0,0,1,0,13.438,-2.669,0,1,1,0,14.359,0.0,0,32.11,0,0,0,1,0,0,1,0,0,1,0,12192.0,2,1,1,1,0,0,1,2,7.1,266.0,0,0,0,0,0,1
194800,36.828,0.0,0,0,1,0,13.177,-2.607,0,1,1,0,14.359,0.0,0,32.16,0,0,0,1,0,0,1,0,0,1,0,12192.0,2,1,1,1,0,0,1,2,7.2,266.6,0,0,0,0,0,1
194900,36.828,0.0,0,0,1,0,12.922,-2.545,0,1,1,0,14.359,0.0,0,31.92,0,0,0,1,0,0,1,0,0,1,0,12192.0,2,1,1,1,0,0,1,2,7.4,271.4,0,0,0,0,0,1
195000,36.828,0.0,0,0,1,0,12.674,-2.483,0,1,1,0,14.359,0.0,0,31.98,0,0,0,1,0,0,1,0,0,1,0,12192.0,2,1,1,1,0,0,1,2,8.2,276.1,0,0,0,0,0,1
195100,36.828,0.0,0,0,1,0,12.432,-2.421,0,1,1,0,14.359,0.0,0,31.99,0,0,0,1,0,0,1,0,0,1,0,12192.0,2,1,1,1,0,0,1,2,7.3,269.4,0,0,0,0,0,1
195200,36.828,0.0,0,0,1,0,12.196,-2.359,0,1,1,0,14.359,0.0,0,31.98,0,0,0,1,0,0,1,0,0,1,0,12192.0,2,1,1,1,0,0,1,2,7.4,270.2,0,0,0,0,0,1
195300,36.828,0.0,0,0,1,0,11.966,-2.297,0,1,1,0,14.359,0.0,0,32.02,0,0,0,1,0,0,1,0,0,1,0,12192.0,2,1,1,1,0,0,1,2,7.3,270.2,0,0,0,0,0,1
195400,36.828,0.0,0,0,1,0,11.743,-2.235,0,1,1,0,14.359,0.0,0,32.14,0,0,0,1,0,0,1,0,0,1,0,12192.0,2,1,1,1,0,0,1,2,7.9,268.1,0,0,0,0,0,1
195500,36.828,0.0,0,0,1,0,11.525,-2.173,0,1,1,0,14.359,0.0,0,31.98,0,0,0,1,0,0,1,0,0,1,0,12192.0,2,1,1,1,0,0,1,2,7.7,269.0,0,0,0,0,0,1
195600,36.828,0.0,0,0,1,0,11.314,-2.111,0,1,1,0,14.359,0.0,0,31.9,0,0,0,1,0,0,1,0,0,1,0,12192.0,2,1,1,1,0,0,1,2,8.0,264.2,0,0,0,0,0,1
195700,36.828,0.0,0,0,1,0,11.11,-2.049,0,1,1,0,14.359,0.0,0,32.05,0,0,0,1,0,0,1,0,0,1,0,12192.0,2,1,1,1,0,0,1,2,7.0,270.1,0,0,0,0,0,1
195800,36.828,0.0,0,0,1,0,10.911,-1.987,0,1,1,0,14.359,0.0,0,31.91,0,0,0,1,0,0,1,0,0,1,0,12192.0,2,1,1,1,0,0,1,2,7.2,268.4,0,0,0,0,0,1
195900,36.828,0.0,0,0,1,0,10.718,-1.924,0,1,1,0,14.359,0.0,0,32.02,0,0,0,1,0,0,1,0,0,1,0,12192.0,2,1,1,1,0,0,1,2,7.3,265.6,0,0,0,0,0,1
196000,36.828,0.0,0,0,1,0,10.532,-1.862,0,1,1,0,14.359,0.0,0,31.88,0,0,0,1,0,0,1,0,0,1,0,12192.0,2,1,1,1,0,0,1,2,7.8,270.0,0,0,0,0,0,1
196100,36.828,0.0,0,0,1,0,10.352,-1.8,0,1,1,0,14.359,0.0,0,31.96,0,0,0,1,0,0,1,0,0,1,0,12192.0,2,1,1,1,0,0,1,2,8.0,270.6,0,0,0,0,0,1
196200,36.828,0.0,0,0,1,0,10.178,-1.738,0,1,1,0,14.359,0.0,0,31.83,0,0,0,1,0,0,1,0,0,1,0,12192.0,2,1,1,1,0,0,1,2,7.1,264.6,0,0,0,0,0,1
196300,36.828,0.0,0,0,1,0,10.011,-1.676,0,1,1,0,14.359,0.0,0,32.01,0,0,0,1,0,0,1,0,0,1,0,12192.0,2,1,1,1,0,0,1,2,7.5,268.8,0,0,0,0,0,1
196400,36.828,0.0,0,0,1,0,9.849,-1.614,0,1,1,0,14.359,0.0,0,32.04,0,0,0,1,0,0,1,0,0,1,0,12192.0,2,1,1,1,0,0,1,2,7.3,271.4,0,0,0,0,0,1
196500,36.828,0.0,0,0,1,0,9.694,-1.552,0,1,1,0,14.359,0.0,0,31.94,0,0,0,1,0,0,1,0,0,1,0,12192.0,2,1,1,1,0,0,1,2,7.5,265.0,0,0,0,0,0,1
196600,36.828,0.0,0,0,1,0,9.545,-1.49,0,1,1,0,14.359,0.0,0,32.0,0,0,0,1,0,0,1,0,0,1,0,12192.0,2,1,1,1,0,0,1,2,7.5,272.6,0,0,0,0,0,1
196700,36.828,0.0,0,0,1,0,9.402,-1.428,0,1,1,0,14.359,0.0,0,31.9,0,0,0,1,0,0,1,0,0,1,0,12192.0,2,1,1,1,0,0,1,2,7.2,264.0,0,0,0,0,0,1
196800,36.828,0.0,0,0,1,0,9.266,-1.366,0,1,1,0,14.359,0.0,0,32.26,0,0,0,1,0,0,1,0,0,1,0,12192.0,2,1,1,1,0,0,1,2,7.7,273.6,0,0,0,0,0,1
196900,36.828,0.0,0,0,1,0,9.136,-1.304,0,1,1,0,14.359,0.0,0,32.05,0,0,0,1,0,0,1,0,0,1,0,12192.0,2,1,1,1,0,0,1,2,7.5,268.9,0,0,0,0,0,1
197000,36.828,0.0,0,0,1,0,9.011,-1.241,0,1,1,0,14.359,0.0,0,31.95,0,0,0,1,0,0,1,0,0,1,0,12192.0,2,1,1,1,0,0,1,2,8.3,270.0,0,0,0,0,0,1
197100,36.828,0.0,0,0,1,0,8.893,-1.179,0,1,1,0,14.359,0.0,0,32.02,0,0,0,1,0,0,1,0,0,1,0,12192.0,2,1,1,1,0,0,1,2,8.0,274.2,0,0,0,0,0,1
197200,36.828,0.0,0,0,1,0,8.782,-1.117,0,1,1,0,14.359,0.0,0,32.02,0,0,0,1,0,0,1,0,0,1,0,12192.0,2,1,1,1,0,0,1,2,8.1,263.6,0,0,0,0,0,1
197300,36.828,0.0,0,0,1,0,8.676,-1.055,0,1,1,0,14.359,0.0,0,31.92,0,0,0,1,0,0,1,0,0,1,0,12192.0,2,1,1,1,0,0,1,2,7.7,268.3,0,0,0,0,0,1
197400,36.828,0.0,0,0,1,0,8.577,-0.993,0,1,1,0,14.359,0.0,0,31.95,0,0,0,1,0,0,1,0,0,1,0,12192.0,2,1,1,1,0,0,1,2,7.4,265.3,0,0,0,0,0,1
197500,36.828,0.0,0,0,1,0,8.484,-0.931,0,1,1,0,14.359,0.0,0,32.07,0,0,0,1,0,0,1,0,0,1,0,12192.0,2,1,1,1,0,0,1,2,7.8,266.7,0,0,0,0,0,1
197600,36.828,0.0,0,0,1,0,8.397,-0.869,0,1,1,0,14.359,0.0,0,32.04,0,0,0,1,0,0,1,0,0,1,0,12192.0,2,1,1,1,0,0,1,2,7.8,266.6,0,0,0,0,0,1
197700,36.828,0.0,0,0,1,0,8.316,-0.807,0,1,1,0,14.359,0.0,0,32.17,0,0,0,1,0,0,1,0,0,1,0,12192.0,2,1,1,1,0,0,1,2,8.0,271.4,0,0,0,0,0,1
197800,36.828,0.0,0,0,1,0,8.242,-0.745,0,1,1,0,14.359,0.0,0,32.08,0,0,0,1,0,0,1,0,0,1,0,12192.0,2,1,1,1,0,0,1,2,8.6,268.3,0,0,0,0,0,1
197900,36.828,0.0,0,0,1,0,8.173,-0.683,0,1,1,0,14.359,0.0,0,32.07,0,0,0,1,0,0,1,0,0,1,0,12192.0,2,1,1,1,0,0,1,2,7.8,268.8,0,0,0,0,0,1
198000,36.828,0.0,0,0,1,0,8.111,-0.621,0,1,1,0,14.359,0.0,0,31.91,0,0,0,1,0,0,1,0,0,1,0,12192.0,2,1,1,1,0,0,1,2,7.3,270.3,0,0,0,0,0,1
198100,36.828,0.0,0,0,1,0,8.055,-0.559,0,1,1,0,14.359,0.0,0,31.8,0,0,0,1,0,0,1,0,0,1,0,12192.0,2,1,1,1,0,0,1,2,7.7,267.1,0,0,0,0,0,1
198200,36.828,0.0,0,0,1,0,8.006,-0.496,0,1,1,0,14.359,0.0,0,31.91,0,0,0,1,0,0,1,0,0,1,0,12192.0,2,1,1,1,0,0,1,2,8.2,269.0,0,0,0,0,0,1
198300,36.828,0.0,0,0,1,0,7.962,-0.434,0,1,1,0,14.359,0.0,0,31.99,0,0,0,1,0,0,1,0,0,1,0,12192.0,2,1,1,1,0,0,1,2,7.6,274.6,0,0,0,0,0,1
198400,36.828,0.0,0,0,1,0,7.925,-0.372,0,1,1,0,14.359,0.0,0,31.93,0,0,0,1,0,0,1,0,0,1,0,12192.0,2,1,1,1,0,0,1,2,9.4,271.7,0,0,0,0,0,1
198500,36.828,0.0,0,0,1,0,7.894,-0.31,0,1,1,0,14.359,0.0,0,32.01,0,0,0,1,0,0,1,0,0,1,0,12192.0,2,1,1,1,0,0,1,2,8.2,267.4,0,0,0,0,0,1
198600,36.828,0.0,0,0,1,0,7.869,-0.248,0,1,1,0,14.359,0.0,0,32.09,0,0,0,1,0,0,1,0,0,1,0,12192.0,2,1,1,1,0,0,1,2,9.2,269.9,0,0,0,0,0,1
198700,36.828,0.0,0,0,1,0,7.851,-0.186,0,1,1,0,14.359,0.0,0,31.65,0,0,0,1,0,0,1,0,0,1,0,12192.0,2,1,1,1,0,0,1,2,8.7,267.2,0,0,0,0,0,1
198800,36.828,0.0,0,0,1,0,7.832,-0.191,0,1,1,0,14.359,0.0,0,31.93,0,0,0,1,0,0,1,0,0,1,0,12192.0,2,1,1,1,0,0,1,2,8.3,268.8,0,0,0,0,0,1
198900,36.828,0.0,0,0,1,0,7.82,-0.113,0,1,1,0,14.359,0.0,0,32.2,0,0,0,1,0,0,1,0,0,1,0,12192.0,2,1,1,1,0,0,1,2,8.6,272.4,0,0,0,0,0,1
199000,36.828,0.0,0,0,0,0,7.815,0.0,0,0,0,0,14.359,0.0,0,32.02,0,0,0,0,0,0,1,0,0,1,0,12192.0,2,1,1,0,1,0,1,2,9.0,269.0,0,0,0,0,0,1
199100,36.828,0.0,0,0,1,0,7.815,0.0,0,0,1,0,14.354,-0.046,0,30.43,0,0,1,1,0,0,1,0,0,1,0,12192.0,2,1,1,1,0,0,1,2,9.1,270.2,0,0,0,0,0,1
199200,36.828,0.0,0,0,1,0,7.815,0.0,0,0,1,0,14.345,-0.093,0,30.54,0,0,1,1,0,0,1,0,0,1,0,12192.0,2,1,1,1,0,0,1,2,8.7,271.0,0,0,0,0,0,1
199300,36.828,0.0,0,0,1,0,7.815,0.0,0,0,1,0,14.331,-0.139,0,30.32,0,0,1,1,0,0,1,0,0,1,0,12192.0,2,1,1,1,0,0,1,2,8.3,270.4,0,0,0,0,0,1
199400,36.828,0.0,0,0,1,0,7.815,0.0,0,0,1,0,14.312,-0.186,0,30.63,0,0,1,1,0,0,1,0,0,1,0,12192.0,2,1,1,1,0,0,1,2,8.3,272.7,0,0,0,0,0,1
199500,36.828,0.0,0,0,1,0,7.815,0.0,0,0,1,0,14.289,-0.232,0,30.4,0,0,1,1,0,0,1,0,0,1,0,12192.0,2,1,1,1,0,0,1,2,8.1,269.3,0,0,0,0,0,1
199600,36.828,0.0,0,0,1,0,7.815,0.0,0,0,1,0,14.261,-0.278,0,30.54,0,0,1,1,0,0,1,0,0,1,0,12192.0,2,1,1,1,0,0,1,2,7.7,273.5,0,0,0,0,0,1
199700,36.828,0.0,0,0,1,0,7.815,0.0,0,0,1,0,14.229,-0.325,0,30.51,0,0,1,1,0,0,1,0,0,1,0,12192.0,2,1,1,1,0,0,1,2,8.6,271.2,0,0,0,0,0,1
199800,36.828,0.0,0,0,1,0,7.815,0.0,0,0,1,0,14.192,-0.371,0,30.39,0,0,1,1,0,0,1,0,0,1,0,12192.0,2,1,1,1,0,0,1,2,9.0,269.9,0,0,0,0,0,1
199900,36.828,0.0,0,0,1,0,7.815,0.0,0,0,1,0,14.15,-0.417,0,30.44,0,0,1,1,0,0,1,0,0,1,0,12192.0,2,1,1,1,0,0,1,2,8.4,273.2,0,0,0,0,0,1
200000,36.828,0.0,0,0,1,0,7.815,0.0,0,0,1,0,14.104,-0.464,0,30.26,0,0,1,1,0,0,1,0,0,1,0,12192.0,2,1,1,1,0,0,1,2,8.8,270.7,0,0,0,0,0,1
200100,36.828,0.0,0,0,1,0,7.815,0.0,0,0,1,0,14.053,-0.51,0,30.48,0,0,1,1,0,0,1,0,0,1,0,12192.0,2,1,1,1,0,0,1,2,7.9,274.5,0,0,0,0,0,1
200200,36.828,0.0,0,0,1,0,7.815,0.0,0,0,1,0,13.997,-0.557,0,30.36,0,0,1,1,0,0,1,0,0,1,0,12192.0,2,1,1,1,0,0,1,2,8.8,270.7,0,0,0,0,0,1
200300,36.828,0.0,0,0,1,0,7.815,0.0,0,0,1,0,13.937,-0.603,0,30.56,0,0,1,1,0,0,1,0,0,1,0,12192.0,2,1,1,1,0,0,1,2,8.4,272.4,0,0,0,0,0,1
200400,36.828,0.0,0,0,1,0,7.815,0.0,0,0,1,0,13.872,-0.649,0,30.59,0,0,1,1,0,0,1,0,0,1,0,12192.0,2,1,1,1,0,0,1,2,8.8,270.0,0,0,0,0,0,1
200500,36.828,0.0,0,0,1,0,7.815,0.0,0,0,1,0,13.802,-0.696,0,30.32,0,0,1,1,0,0,1,0,0,1,0,12192.0,2,1,1,1,0,0,1,2,7.8,268.5,0,0,0,0,0,1
200600,36.828,0.0,0,0,1,0,7.815,0.0,0,0,1,0,13.728,-0.742,0,30.31,0,0,1,1,0,0,1,0,0,1,0,12192.0,2,1,1,1,0,0,1,2,8.7,269.9,0,0,0,0,0,1
200700,36.828,0.0,0,0,1,0,7.815,0.0,0,0,1,0,13.649,-0.788,0,30.6,0,0,1,1,0,0,1,0,0,1,0,12192.0,2,1,1,1,0,0,1,2,8.7,274.4,0,0,0,0,0,1
200800,36.828,0.0,0,0,1,0,7.815,0.0,0,0,1,0,13.566,-0.835,0,30.54,0,0,1,1,0,0,1,0,0,1,0,12192.0,2,1,1,1,0,0,1,2,8.7,267.8,0,0,0,0,0,1
200900,36.828,0.0,0,0,1,0,7.815,0.0,0,0,1,0,13.478,-0.881,0,30.43,0,0,1,1,0,0,1,0,0,1,0,12192.0,2,1,1,1,0,0,1,2,8.4,270.6,0,0,0,0,0,1
201000,36.828,0.0,0,0,1,0,7.815,0.0,0,0,1,0,13.385,-0.928,0,30.43,0,0,1,1,0,0,1,0,0,1,0,12192.0,2,1,1,1,0,0,1,2,8.3,271.0,0,0,0,0,0,1
201100,36.828,0.0,0,0,1,0,7.815,0.0,0,0,1,0,13.287,-0.974,0,30.59,0,0,1,1,0,0,1,0,0,1,0,12192.0,2,1,1,1,0,0,1,2,8.4,269.9,0,0,0,0,0,1
201200,36.828,0.0,0,0,1,0,7.815,0.0,0,0,1,0,13.185,-1.02,0,30.55,0,0,1,1,0,0,1,0,0,1,0,12192.0,2,1,1,1,0,0,1,2,8.1,269.8,0,0,0,0,0,1
201300,36.828,0.0,0,0,1,0,7.815,0.0,0,0,1,0,13.079,-1.067,0,30.48,0,0,1,1,0,0,1,0,0,1,0,12192.0,2,1,1,1,0,0,1,2,8.5,268.4,0,0,0,0,0,1
201400,36.828,0.0,0,0,1,0,7.815,0.0,0,0,1,0,12.967,-1.113,0,30.38,0,0,1,1,0,0,1,0,0,1,0,12192.0,2,1,1,1,0,0,1,2,8.1,270.9,0,0,0,0,0,1
201500,36.828,0.0,0,0,1,0,7.815,0.0,0,0,1,0,12.851,-1.159,0,30.43,0,0,1,1,0,0,1,0,0,1,0,12192.0,2,1,1,1,0,0,1,2,8.1,271.5,0,0,0,0,0,1
201600,36.828,0.0,0,0,1,0,7.815,0.0,0,0,1,0,12.735,-1.168,0,30.65,0,0,1,1,0,0,1,0,0,1,0,12192.0,2,1,1,1,0,0,1,2,7.6,272.8,0,0,0,0,0,1
201700,36.828,0.0,0,0,1,0,7.815,0.0,0,0,1,0,12.618,-1.168,0,30.31,0,0,1,1,0,0,1,0,0,1,0,12192.0,2,1,1,1,0,0,1,2,8.0,267.2,0,0,0,0,0,1
201800,36.828,0.0,0,0,1,0,7.815,0.0,0,0,1,0,12.501,-1.168,0,30.58,0,0,1,1,0,0,1,0,0,1,0,12192.0,2,1,1,1,0,0,1,2,8.2,267.1,0,0,0,0,0,1
201900,36.828,0.0,0,0,1,0,7.815,0.0,0,0,1,0,12.384,-1.168,0,30.55,0,0,1,1,0,0,1,0,0,1,0,12192.0,2,1,1,1,0,0,1,2,7.9,266.9,0,0,0,0,0,1
202000,36.828,0.0,0,0,1,0,7.815,0.0,0,0,1,0,12.267,-1.168,0,30.36,0,0,1,1,0,0,1,0,0,1,0,12192.0,2,1,1,1,0,0,1,2,8.0,270.2,0,0,0,0,0,1
202100,36.828,0.0,0,0,1,0,7.815,0.0,0,0,1,0,12.15,-1.168,0,30.73,0,0,1,1,0,0,1,0,0,1,0,12192.0,2,1,1,1,0,0,1,2,7.9,268.1,0,0,0,0,0,1
202200,36.828,0.0,0,0,1,0,7.815,0.0,0,0,1,0,12.034,-1.168,0,30.68,0,0,1,1,0,0,1,0,0,1,0,12192.0,2,1,1,1,0,0,1,2,8.0,275.1,0,0,0,0,0,1
202300,36.828,0.0,0,0,1,0,7.815,0.0,0,0,1,0,11.917,-1.168,0,30.58,0,0,1,1,0,0,1,0,0,1,0,12192.0,2,1,1,1,0,0,1,2,8.2,268.6,0,0,0,0,0,1
202400,36.828,0.0,0,0,1,0,7.815,0.0,0,0,1,0,11.8,-1.168,0,30.42,0,0,1,1,0,0,1,0,0,1,0,12192.0,2,1,1,1,0,0,1,2,7.9,266.9,0,0,0,0,0,1
202500,36.828,0.0,0,0,1,0,7.815,0.0,0,0,1,0,11.683,-1.168,0,30.46,0,0,1,1,0,0,1,0,0,1,0,12192.0,2,1,1,1,0,0,1,2,8.1,268.1,0,0,0,0,0,1
202600,36.828,0.0,0,0,1,0,7.815,0.0,0,0,1,0,11.566,-1.168,0,30.45,0,0,1,1,0,0,1,0,0,1,0,12192.0,2,1,1,1,0,0,1,2,7.9,272.3,0,0,0,0,0,1
202700,36.828,0.0,0,0,1,0,7.815,0.0,0,0,1,0,11.449,-1.168,0,30.47,0,0,1,1,0,0,1,0,0,1,0,12192.0,2,1,1,1,0,0,1,2,7.2,269.7,0,0,0,0,0,1
202800,36.828,0.0,0,0,1,0,7.815,0.0,0,0,1,0,11.333,-1.168,0,30.51,0,0,1,1,0,0,1,0,0,1,0,12192.0,2,1,1,1,0,0,1,2,7.9,271.1,0,0,0,0,0,1
202900,36.828,0.0,0,0,1,0,7.815,0.0,0,0,1,0,11.216,-1.168,0,30.44,0,0,1,1,0,0,1,0,0,1,0,12192.0,2,1,1,1,0,0,1,2,7.3,270.8,0,0,0,0,0,1
203000,36.828,0.0,0,0,1,0,7.815,0.0,0,0,1,0,11.099,-1.168,0,30.48,0,0,1,1,0,0,1,0,0,1,0,12192.0,2,1,1,1,0,0,1,2,8.1,270.8,0,0,0,0,0,1
203100,36.828,0.0,0,0,1,0,7.815,0.0,0,0,1,0,10.982,-1.168,0,30.46,0,0,1,1,0,0,1,0,0,1,0,12192.0,2,1,1,1,0,0,1,2,7.1,273.3,0,0,0,0,0,1
203200,36.828,0.0,0,0,1,0,7.815,0.0,0,0,1,0,10.865,-1.168,0,30.31,0,0,1,1,0,0,1,0,0,1,0,12192.0,2,1,1,1,0,0,1,2,7.7,267.2,0,0,0,0,0,1
203300,36.828,0.0,0,0,1,0,7.815,0.0,0,0,1,0,10.748,-1.168,0,30.56,0,0,1,1,0,0,1,0,0,1,0,12192.0,2,1,1,1,0,0,1,2,7.7,269.4,0,0,0,0,0,1
203400,36.828,0.0,0,0,1,0,7.815,0.0,0,0,1,0,10.632,-1.168,0,30.55,0,0,1,1,0,0,1,0,0,1,0,12192.0,2,1,1,1,0,0,1,2,7.7,272.7,0,0,0,0,0,1
203500,36.828,0.0,0,0,1,0,7.815,0.0,0,0,1,0,10.515,-1.168,0,30.38,0,0,1,1,0,0,1,0,0,1,0,12192.0,2,1,1,1,0,0,1,2,7.2,267.0,0,0,0,0,0,1
203600,36.828,0.0,0,0,1,0,7.815,0.0,0,0,1,0,10.398,-1.168,0,30.54,0,0,1,1,0,0,1,0,0,1,0,12192.0,2,1,1,1,0,0,1,2,8.3,270.2,0,0,0,0,0,1
203700,36.828,0.0,0,0,1,0,7.815,0.0,0,0,1,0,10.281,-1.168,0,30.48,0,0,1,1,0,0,1,0,0,1,0,12192.0,2,1,1,1,0,0,1,2,7.4,266.3,0,0,0,0,0,1
203800,36.828,0.0,0,0,1,0,7.815,0.0,0,0,1,0,10.164,-1.168,0,30.41,0,0,1,1,0,0,1,0,0,1,0,12192.0,2,1,1,1,0,0,1,2,7.9,271.3,0,0,0,0,0,1
203900,36.828,0.0,0,0,1,0,7.815,0.0,0,0,1,0,10.047,-1.168,0,30.65,0,0,1,1,0,0,1,0,0,1,0,12192.0,2,1,1,1,0,0,1,2,7.1,273.7,0,0,0,0,0,1
204000,36.828,0.0,0,0,1,0,7.815,0.0,0,0,1,0,9.931,-1.168,0,30.54,0,0,1,1,0,0,1,0,0,1,0,12192.0,2,1,1,1,0,0,1,2,7.2,268.9,0,0,0,0,0,1
204100,36.828,0.0,0,0,1,0,7.815,0.0,0,0,1,0,9.814,-1.168,0,30.51,0,0,1,1,0,0,1,0,0,1,0,12192.0,2,1,1,1,0,0,1,2,7.6,270.4,0,0,0,0,0,1
204200,36.828,0.0,0,0,1,0,7.815,0.0,0,0,1,0,9.697,-1.168,0,30.41,0,0,1,1,0,0,1,0,0,1,0,12192.0,2,1,1,1,0,0,1,2,7.6,268.2,0,0,0,0,0,1
204300,36.828,0.0,0,0,1,0,7.815,0.0,0,0,1,0,9.58,-1.168,0,30.43,0,0,1,1,0,0,1,0,0,1,0,12192.0,2,1,1,1,0,0,1,2,7.2,266.8,0,0,0,0,0,1
204400,36.828,0.0,0,0,1,0,7.815,0.0,0,0,1,0,9.463,-1.168,0,30.53,0,0,1,1,0,0,1,0,0,1,0,12192.0,2,1,1,1,0,0,1,2,8.4,264.9,0,0,0,0,0,1
204500,36.828,0.0,0,0,1,0,7.815,0.0,0,0,1,0,9.346,-1.168,0,30.47,0,0,1,1,0,0,1,0,0,1,0,12192.0,2,1,1,1,0,0,1,2,7.1,263.7,0,0,0,0,0,1
204600,36.828,0.0,0,0,1,0,7.815,0.0,0,0,1,0,9.23,-1.168,0,30.48,0,0,1,1,0,0,1,0,0,1,0,12192.0,2,1,1,1,0,0,1,2,7.1,274.4,0,0,0,0,0,1
204700,36.828,0.0,0,0,1,0,7.815,0.0,0,0,1,0,9.113,-1.168,0,30.42,0,0,1,1,0,0,1,0,0,1,0,12192.0,2,1,1,1,0,0,1,2,7.8,267.3,0,0,0,0,0,1
204800,36.828,0.0,0,0,1,0,7.815,0.0,0,0,1,0,8.996,-1.168,0,30.51,0,0,1,1,0,0,1,0,0,1,0,12192.0,2,1,1,1,0,0,1,2,7.2,268.2,0,0,0,0,0,1
204900,36.828,0.0,0,0,1,0,7.815,0.0,0,0,1,0,8.879,-1.168,0,30.42,0,0,1,1,0,0,1,0,0,1,0,12192.0,2,1,1,1,0,0,1,2,7.6,269.4,0,0,0,0,0,1
205000,36.828,0.0,0,0,1,0,7.815,0.0,0,0,1,0,8.762,-1.168,0,30.56,0,0,1,1,0,0,1,0,0,1,0,12192.0,2,1,1,1,0,0,1,2,7.3,271.3,0,0,0,0,0,1
205100,36.828,0.0,0,0,1,0,7.815,0.0,0,0,1,0,8.645,-1.168,0,30.59,0,0,1,1,0,0,1,0,0,1,0,12192.0,2,1,1,1,0,0,1,2,7.7,270.3,0,0,0,0,0,1
205200,36.828,0.0,0,0,1,0,7.815,0.0,0,0,1,0,8.529,-1.168,0,30.56,0,0,1,1,0,0,1,0,0,1,0,12192.0,2,1,1,1,0,0,1,2,8.1,268.8,0,0,0,0,0,1
205300,36.828,0.0,0,0,1,0,7.815,0.0,0,0,1,0,8.412,-1.168,0,30.48,0,0,1,1,0,0,1,0,0,1,0,12192.0,2,1,1,1,0,0,1,2,7.1,271.6,0,0,0,0,0,1
205400,36.828,0.0,0,0,1,0,7.815,0.0,0,0,1,0,8.295,-1.168,0,30.55,0,0,1,1,0,0,1,0,0,1,0,12192.0,2,1,1,1,0,0,1,2,7.5,270.6,0,0,0,0,0,1
205500,36.828,0.0,0,0,1,0,7.815,0.0,0,0,1,0,8.178,-1.168,0,30.53,0,0,1,1,0,0,1,0,0,1,0,12192.0,2,1,1,1,0,0,1,2,7.5,270.1,0,0,0,0,0,1
205600,36.828,0.0,0,0,1,0,7.815,0.0,0,0,1,0,8.061,-1.168,0,30.49,0,0,1,1,0,0,1,0,0,1,0,12192.0,2,1,1,1,0,0,1,2,8.1,271.4,0,0,0,0,0,1
205700,36.828,0.0,0,0,1,0,7.815,0.0,0,0,1,0,7.944,-1.168,0,30.62,0,0,1,1,0,0,1,0,0,1,0,12192.0,2,1,1,1,0,0,1,2,7.8,267.4,0,0,0,0,0,1
205800,36.828,0.0,0,0,1,0,7.815,0.0,0,0,1,0,7.828,-1.168,0,30.38,0,0,1,1,0,0,1,0,0,1,0,12192.0,2,1,1,1,0,0,1,2,7.8,272.7,0,0,0,0,0,1
205900,36.828,0.0,0,0,1,0,7.815,0.0,0,0,1,0,7.711,-1.168,0,30.51,0,0,1,1,0,0,1,0,0,1,0,12192.0,2,1,1,1,0,0,1,2,7.6,268.1,0,0,0,0,0,1
206000,36.828,0.0,0,0,1,0,7.815,0.0,0,0,1,0,7.594,-1.168,0,30.62,0,0,1,1,0,0,1,0,0,1,0,12192.0,2,1,1,1,0,0,1,2,7.3,265.9,0,0,0,0,0,1
206100,36.828,0.0,0,0,1,0,7.815,0.0,0,0,1,0,7.477,-1.168,0,30.39,0,0,1,1,0,0,1,0,0,1,0,12192.0,2,1,1,1,0,0,1,2,7.7,268.5,0,0,0,0,0,1
206200,36.828,0.0,0,0,1,0,7.815,0.0,0,0,1,0,7.36,-1.168,0,30.66,0,0,1,1,0,0,1,0,0,1,0,12192.0,2,1,1,1,0,0,1,2,7.6,267.6,0,0,0,0,0,1
206300,36.828,0.0,0,0,1,0,7.815,0.0,0,0,1,0,7.243,-1.168,0,30.49,0,0,1,1,0,0,1,0,0,1,0,12192.0,2,1,1,1,0,0,1,2,8.5,264.2,0,0,0,0,0,1
206400,36.828,0.0,0,0,1,0,7.815,0.0,0,0,1,0,7.127,-1.168,0,30.49,0,0,1,1,0,0,1,0,0,1,0,12192.0,2,1,1,1,0,0,1,2,8.1,273.0,0,0,0,0,0,1
206500,36.828,0.0,0,0,1,0,7.815,0.0,0,0,1,0,7.01,-1.168,0,30.41,0,0,1,1,0,0,1,0,0,1,0,12192.0,2,1,1,1,0,0,1,2,8.3,270.6,0,0,0,0,0,1
206600,36.828,0.0,0,0,1,0,7.815,0.0,0,0,1,0,6.893,-1.168,0,30.39,0,0,1,1,0,0,1,0,0,1,0,12192.0,2,1,1,1,0,0,1,2,9.0,265.0,0,0,0,0,0,1
206700,36.828,0.0,0,0,1,0,7.815,0.0,0,0,1,0,6.776,-1.168,0,30.64,0,0,1,1,0,0,1,0,0,1,0,12192.0,2,1,1,1,0,0,1,2,8.2,268.8,0,0,0,0,0,1
206800,36.828,0.0,0,0,1,0,7.815,0.0,0,0,1,0,6.659,-1.168,0,30.48,0,0,1,1,0,0,1,0,0,1,0,12192.0,2,1,1,1,0,0,1,2,7.7,272.6,0,0,0,0,0,1
206900,36.828,0.0,0,0,1,0,7.815,0.0,0,0,1,0,6.542,-1.168,0,30.43,0,0,1,1,0,0,1,0,0,1,0,12192.0,2,1,1,1,0,0,1,2,8.3,271.6,0,0,0,0,0,1
207000,36.828,0.0,0,0,1,0,7.815,0.0,0,0,1,0,6.426,-1.168,0,30.53,0,0,1,1,0,0,1,0,0,1,0,12192.0,2,1,1,1,0,0,1,2,8.0,268.3,0,0,0,0,0,1
207100,36.828,0.0,0,0,1,0,7.815,0.0,0,0,1,0,6.309,-1.168,0,30.32,0,0,1,1,0,0,1,0,0,1,0,12192.0,2,1,1,1,0,0,1,2,9.2,270.3,0,0,0,0,0,1
207200,36.828,0.0,0,0,1,0,7.815,0.0,0,0,1,0,6.192,-1.168,0,30.24,0,0,1,1,0,0,1,0,0,1,0,12192.0,2,1,1,1,0,0,1,2,8.6,269.8,0,0,0,0,0,1
207300,36.828,0.0,0,0,1,0,7.815,0.0,0,0,1,0,6.075,-1.168,0,30.71,0,0,1,1,0,0,1,0,0,1,0,12192.0,2,1,1,1,0,0,1,2,9.1,268.7,0,0,0,0,0,1
207400,36.828,0.0,0,0,1,0,7.815,0.0,0,0,1,0,5.958,-1.168,0,30.34,0,0,1,1,0,0,1,0,0,1,0,12192.0,2,1,1,1,0,0,1,2,9.9,269.3,0,0,0,0,0,1
207500,36.828,0.0,0,0,1,0,7.815,0.0,0,0,1,0,5.841,-1.168,0,30.52,0,0,1,1,0,0,1,0,0,1,0,12192.0,2,1,1,1,0,0,1,2,8.2,269.8,0,0,0,0,0,1
207600,36.828,0.0,0,0,1,0,7.815,0.0,0,0,1,0,5.725,-1.168,0,30.68,0,0,1,1,0,0,1,0,0,1,0,12192.0,2,1,1,1,0,0,1,2,8.5,267.4,0,0,0,0,0,1
207700,36.828,0.0,0,0,1,0,7.815,0.0,0,0,1,0,5.608,-1.168,0,30.61,0,0,1,1,0,0,1,0,0,1,0,12192.0,2,1,1,1,0,0,1,2,8.7,269.3,0,0,0,0,0,1
207800,36.828,0.0,0,0,1,0,7.815,0.0,0,0,1,0,5.491,-1.168,0,30.62,0,0,1,1,0,0,1,0,0,1,0,12192.0,2,1,1,1,0,0,1,2,8.6,271.1,0,0,0,0,0,1
207900,36.828,0.0,0,0,1,0,7.815,0.0,0,0,1,0,5.374,-1.168,0,30.34,0,0,1,1,0,0,1,0,0,1,0,12192.0,2,1,1,1,0,0,1,2,9.0,269.0,0,0,0,0,0,1
208000,36.828,0.0,0,0,1,0,7.815,0.0,0,0,1,0,5.257,-1.168,0,30.38,0,0,1,1,0,0,1,0,0,1,0,12192.0,2,1,1,1,0,0,1,2,9.0,265.2,0,0,0,0,0,1
208100,36.828,0.0,0,0,1,0,7.815,0.0,0,0,1,0,5.14,-1.168,0,30.38,0,0,1,1,0,0,1,0,0,1,0,12192.0,2,1,1,1,0,0,1,2,8.5,265.5,0,0,0,0,0,1
208200,36.828,0.0,0,0,1,0,7.815,0.0,0,0,1,0,5.024,-1.168,0,30.7,0,0,1,1,0,0,1,0,0,1,0,12192.0,2,1,1,1,0,0,1,2,8.3,274.1,0,0,0,0,0,1
208300,36.828,0.0,0,0,1,0,7.815,0.0,0,0,1,0,4.907,-1.168,0,30.23,0,0,1,1,0,0,1,0,0,1,0,12192.0,2,1,1,1,0,0,1,2,7.9,272.0,0,0,0,0,0,1
208400,36.828,0.0,0,0,1,0,7.815,0.0,0,0,1,0,4.79,-1.168,0,30.66,0,0,1,1,0,0,1,0,0,1,0,12192.0,2,1,1,1,0,0,1,2,8.3,272.9,0,0,0,0,0,1
208500,36.828,0.0,0,0,1,0,7.815,0.0,0,0,1,0,4.673,-1.168,0,30.45,0,0,1,1,0,0,1,0,0,1,0,12192.0,2,1,1,1,0,0,1,2,8.6,268.1,0,0,0,0,0,1
208600,36.828,0.0,0,0,1,0,7.815,0.0,0,0,1,0,4.556,-1.168,0,30.56,0,0,1,1,0,0,1,0,0,1,0,12192.0,2,1,1,1,0,0,1,2,8.2,267.5,0,0,0,0,0,1
208700,36.828,0.0,0,0,1,0,7.815,0.0,0,0,1,0,4.439,-1.168,0,30.59,0,0,1,1,0,0,1,0,0,1,0,12192.0,2,1,1,1,0,0,1,2,8.2,270.2,0,0,0,0,0,1
208800,36.828,0.0,0,0,1,0,7.815,0.0,0,0,1,0,4.323,-1.168,0,30.58,0,0,1,1,0,0,1,0,0,1,0,12192.0,2,1,1,1,0,0,1,2,9.4,267.7,0,0,0,0,0,1
208900,36.828,0.0,0,0,1,0,7.815,0.0,0,0,1,0,4.206,-1.168,0,30.54,0,0,1,1,0,0,1,0,0,1,0,12192.0,2,1,1,1,0,0,1,2,7.9,268.1,0,0,0,0,0,1
209000,36.828,0.0,0,0,1,0,7.815,0.0,0,0,1,0,4.089,-1.168,0,30.58,0,0,1,1,0,0,1,0,0,1,0,12192.0,2,1,1,1,0,0,1,2,9.4,273.9,0,0,0,0,0,1
209100,36.828,0.0,0,0,1,0,7.815,0.0,0,0,1,0,3.972,-1.168,0,30.41,0,0,1,1,0,0,1,0,0,1,0,12192.0,2,1,1,1,0,0,1,2,9.1,268.0,0,0,0,0,0,1
209200,36.828,0.0,0,0,1,0,7.815,0.0,0,0,1,0,3.855,-1.168,0,30.41,0,0,1,1,0,0,1,0,0,1,0,12192.0,2,1,1,1,0,0,1,2,8.7,269.4,0,0,0,0,0,1
209300,36.828,0.0,0,0,1,0,7.815,0.0,0,0,1,0,3.738,-1.168,0,30.46,0,0,1,1,0,0,1,0,0,1,0,12192.0,2,1,1,1,0,0,1,2,9.1,266.9,0,0,0,0,0,1
209400,36.828,0.0,0,0,1,0,7.815,0.0,0,0,1,0,3.622,-1.168,0,30.46,0,0,1,1,0,0,1,0,0,1,0,12192.0,2,1,1,1,0,0,1,2,8.7,267.0,0,0,0,0,0,1
209500,36.828,0.0,0,0,1,0,7.815,0.0,0,0,1,0,3.505,-1.168,0,30.24,0,0,1,1,0,0,1,0,0,1,0,12192.0,2,1,1,1,0,0,1,2,8.3,268.4,0,0,0,0,0,1
209600,36.828,0.0,0,0,1,0,7.815,0.0,0,0,1,0,3.388,-1.168,0,30.66,0,0,1,1,0,0,1,0,0,1,0,12192.0,2,1,1,1,0,0,1,2,8.9,267.8,0,0,0,0,0,1
209700,36.828,0.0,0,0,1,0,7.815,0.0,0,0,1,0,3.271,-1.168,0,30.56,0,0,1,1,0,0,1,0,0,1,0,12192.0,2,1,1,1,0,0,1,2,8.5,269.7,0,0,0,0,0,1
209800,36.828,0.0,0,0,1,0,7.815,0.0,0,0,1,0,3.154,-1.168,0,30.61,0,0,1,1,0,0,1,0,0,1,0,12192.0,2,1,1,1,0,0,1,2,8.7,268.8,0,0,0,0,0,1
209900,36.828,0.0,0,0,1,0,7.815,0.0,0,0,1,0,3.037,-1.168,0,30.46,0,0,1,1,0,0,1,0,0,1,0,12192.0,2,1,1,1,0,0,1,2,8.6,271.9,0,0,0,0,0,1
210000,36.828,0.0,0,0,1,0,7.815,0.0,0,0,1,0,2.921,-1.168,0,30.55,0,0,1,1,0,0,1,0,0,1,0,12192.0,2,1,1,1,0,0,1,2,8.1,269.6,0,0,0,0,0,1
210100,36.828,0.0,0,0,1,0,7.815,0.0,0,0,1,0,2.804,-1.168,0,30.34,0,0,1,1,0,0,1,0,0,1,0,12192.0,2,1,1,1,0,0,1,2,7.6,265.3,0,0,0,0,0,1
210200,36.828,0.0,0,0,1,0,7.815,0.0,0,0,1,0,2.687,-1.168,0,30.4,0,0,1,1,0,0,1,0,0,1,0,12192.0,2,1,1,1,0,0,1,2,8.2,266.7,0,0,0,0,0,1
210300,36.828,0.0,0,0,1,0,7.815,0.0,0,0,1,0,2.57,-1.168,0,30.69,0,0,1,1,0,0,1,0,0,1,0,12192.0,2,1,1,1,0,0,1,2,8.9,269.6,0,0,0,0,0,1
210400,36.828,0.0,0,0,1,0,7.815,0.0,0,0,1,0,2.453,-1.168,0,30.48,0,0,1,1,0,0,1,0,0,1,0,12192.0,2,1,1,1,0,0,1,2,8.8,270.8,0,0,0,0,0,1
210500,36.828,0.0,0,0,1,0,7.815,0.0,0,0,1,0,2.336,-1.168,0,30.31,0,0,1,1,0,0,1,0,0,1,0,12192.0,2,1,1,1,0,0,1,2,8.2,269.6,0,0,0,0,0,1
210600,36.828,0.0,0,0,1,0,7.815,0.0,0,0,1,0,2.224,-1.122,0,33.53,0,0,1,1,0,0,1,0,0,1,0,12192.0,2,1,1,1,0,0,1,2,8.3,270.6,0,0,0,0,0,1
210700,36.828,0.0,0,0,1,0,7.815,0.0,0,0,1,0,2.117,-1.076,0,33.56,0,0,1,1,0,0,1,0,0,1,0,12192.0,2,1,1,1,0,0,1,2,8.4,272.8,0,0,0,0,0,1
210800,36.828,0.0,0,0,1,0,7.815,0.0,0,0,1,0,2.014,-1.029,0,33.51,0,0,1,1,0,0,1,0,0,1,0,12192.0,2,1,1,1,0,0,1,2,8.1,273.0,0,0,0,0,0,1
210900,36.828,0.0,0,0,1,0,7.815,0.0,0,0,1,0,1.915,-0.983,0,33.54,0,0,1,1,0,0,1,0,0,1,0,12192.0,2,1,1,1,0,0,1,2,7.8,273.3,0,0,0,0,0,1
211000,36.828,0.0,0,0,1,0,7.815,0.0,0,0,1,0,1.822,-0.936,0,33.51,0,0,1,1,0,0,1,0,0,1,0,12192.0,2,1,1,1,0,0,1,2,9.0,270.7,0,0,0,0,0,1
211100,36.828,0.0,0,0,1,0,7.815,0.0,0,0,1,0,1.728,-0.937,0,30.55,0,0,1,1,0,0,1,0,0,1,0,12192.0,2,1,1,1,0,0,1,2,8.0,273.4,0,0,0,0,0,1
211200,36.828,0.0,0,0,1,0,7.815,0.0,0,0,1,0,1.639,-0.889,0,33.55,0,0,1,1,0,0,1,0,0,1,0,12192.0,2,1,1,1,0,0,1,2,7.9,269.2,0,0,0,0,0,1
211300,36.828,0.0,0,0,1,0,7.815,0.0,0,0,1,0,1.555,-0.841,0,33.45,0,0,1,1,0,0,1,0,0,1,0,12192.0,2,1,1,1,0,0,1,2,8.0,270.2,0,0,0,0,0,1
211400,36.828,0.0,0,0,1,0,7.815,0.0,0,0,1,0,1.476,-0.794,0,33.6,0,0,1,1,0,0,1,0,0,1,0,12192.0,2,1,1,1,0,0,1,2,7.1,270.6,0,0,0,0,0,1
211500,36.828,0.0,0,0,1,0,7.815,0.0,0,0,1,0,1.401,-0.746,0,33.39,0,0,1,1,0,0,1,0,0,1,0,12192.0,2,1,1,1,0,0,1,2,7.4,271.2,0,0,0,0,0,1
211600,36.828,0.0,0,0,1,0,7.815,0.0,0,0,1,0,1.331,-0.698,0,33.49,0,0,1,1,0,0,1,0,0,1,0,12192.0,2,1,1,1,0,0,1,2,7.8,270.0,0,0,0,0,0,1
211700,36.828,0.0,0,0,1,0,7.815,0.0,0,0,1,0,1.266,-0.65,0,33.47,0,0,1,1,0,0,1,0,0,1,0,12192.0,2,1,1,1,0,0,1,2,8.1,269.5,0,0,0,0,0,1
211800,36.828,0.0,0,0,1,0,7.815,0.0,0,0,1,0,1.206,-0.602,0,33.61,0,0,1,1,0,0,1,0,0,1,0,12192.0,2,1,1,1,0,0,1,2,7.7,271.6,0,0,0,0,0,1
211900,36.828,0.0,0,0,1,0,7.815,0.0,0,0,1,0,1.151,-0.553,0,33.35,0,0,1,1,0,0,1,0,0,1,0,12192.0,2,1,1,1,0,0,1,2,7.3,271.1,0,0,0,0,0,1
212000,36.828,0.0,0,0,1,0,7.815,0.0,0,0,1,0,1.1,-0.505,0,33.56,0,0,1,1,0,0,1,0,0,1,0,12192.0,2,1,1,1,0,0,1,2,6.9,268.0,0,0,0,0,0,1
212100,36.828,0.0,0,0,1,0,7.815,0.0,0,0,1,0,1.055,-0.456,0,33.49,0,0,1,1,0,0,1,0,0,1,0,12192.0,2,1,1,1,0,0,1,2,8.2,273.9,0,0,0,0,0,1
212200,36.828,0.0,0,0,1,0,7.815,0.0,0,0,1,0,1.014,-0.407,0,33.46,0,0,1,1,0,0,1,0,0,1,0,12192.0,2,1,1,1,0,0,1,2,7.3,268.6,0,0,0,0,0,1
212300,36.828,0.0,0,0,1,0,7.815,0.0,0,0,1,0,0.978,-0.358,0,33.57,0,0,1,1,0,0,1,0,0,1,0,12192.0,2,1,1,1,0,0,1,2,6.6,266.9,0,0,0,0,0,1
212400,36.828,0.0,0,0,1,0,7.815,0.0,0,0,1,0,0.947,-0.308,0,33.5,0,0,1,1,0,0,1,0,0,1,0,12192.0,2,1,1,1,0,0,1,2,7.5,268.0,0,0,0,0,0,1
212500,36.828,0.0,0,0,1,0,7.815,0.0,0,0,1,0,0.922,-0.257,0,33.49,0,0,1,1,0,0,1,0,0,1,0,12192.0,2,1,1,1,0,0,1,2,7.2,268.7,0,0,0,0,0,1
212600,36.828,0.0,0,0,1,0,7.815,0.0,0,0,1,0,0.901,-0.206,0,33.43,0,0,1,1,0,0,1,0,0,1,0,12192.0,2,1,1,1,0,0,1,2,7.9,269.2,0,0,0,0,0,1
212700,36.828,0.0,0,0,1,0,7.815,0.0,0,0,1,0,0.886,-0.153,0,33.49,0,0,1,1,0,0,1,0,0,1,0,12192.0,2,1,1,1,0,0,1,2,7.6,275.2,0,0,0,0,0,1
212800,36.828,0.0,0,0,1,0,7.815,0.0,0,0,1,0,0.876,-0.096,0,33.53,0,0,1,1,0,0,1,0,0,1,0,12192.0,2,1,1,1,0,0,1,2,7.3,272.1,0,0,0,0,0,1
212900,36.828,0.0,0,0,0,0,7.815,0.0,0,0,0,0,0.872,0.0,0,32.17,0,0,0,0,0,0,1,0,0,1,0,12192.0,2,1,1,0,1,0,1,2,7.5,269.9,0,0,0,0,0,1
213000,36.828,0.0,0,0,0,0,7.815,0.0,0,0,0,0,0.872,0.0,0,32.09,0,0,0,0,0,0,1,0,1,1,0,12192.0,2,1,1,0,1,0,1,2,7.6,268.4,0,0,0,0,0,1
213100,36.828,0.0,0,0,0,0,7.815,0.0,0,0,0,0,0.872,0.0,0,32.08,0,0,0,0,0,0,1,0,1,1,0,12192.0,2,1,1,0,1,0,1,2,7.3,271.7,0,0,0,0,0,1
213200,36.828,0.0,0,0,0,0,7.815,0.0,0,0,0,0,0.872,0.0,0,31.96,0,0,0,0,0,0,1,0,1,1,0,12192.0,2,1,1,0,1,0,1,2,7.9,265.7,0,0,0,0,0,1
213300,36.828,0.0,0,0,0,0,7.815,0.0,0,0,0,0,0.872,0.0,0,31.57,0,0,0,0,0,0,1,0,1,1,0,12192.0,2,1,1,0,1,0,1,2,7.4,269.7,0,0,0,0,0,1
213400,36.828,0.0,0,0,0,0,7.815,0.0,0,0,0,0,0.872,0.0,0,31.9,0,0,0,0,0,0,1,0,1,1,0,12192.0,2,1,1,0,1,0,1,2,7.5,265.9,0,0,0,0,0,1
213500,36.828,0.0,0,0,0,0,7.815,0.0,0,0,0,0,0.872,0.0,0,32.09,0,0,0,0,0,0,1,0,1,1,0,12192.0,2,1,1,0,1,0,1,2,7.0,274.2,0,0,0,0,0,1
213600,36.828,0.0,0,0,0,0,7.815,0.0,0,0,0,0,0.872,0.0,0,32.17,0,0,0,0,0,0,1,0,1,1,0,12192.0,2,1,1,0,1,0,1,2,7.0,269.0,0,0,0,0,0,1
213700,36.828,0.0,0,0,0,0,7.815,0.0,0,0,0,0,0.872,0.0,0,32.1,0,0,0,0,0,0,1,0,1,1,0,12192.0,2,1,1,0,1,0,1,2,7.6,273.2,0,0,0,0,0,1
213800,36.828,0.0,0,0,0,0,7.815,0.0,0,0,0,0,0.872,0.0,0,32.03,0,0,0,0,0,0,1,0,1,1,0,12192.0,2,1,1,0,1,0,1,2,7.4,272.8,0,0,0,0,0,1
213900,36.828,0.0,0,0,0,0,7.815,0.0,0,0,0,0,0.872,0.0,0,31.83,0,0,0,0,0,0,1,0,1,1,0,12192.0,2,1,1,0,1,0,1,2,7.1,269.3,0,0,0,0,0,1
214000,36.828,0.0,0,0,0,0,7.815,0.0,0,0,0,0,0.872,0.0,0,32.16,0,0,0,0,0,0,1,0,1,1,0,12192.0,2,1,1,0,1,0,1,2,7.9,269.1,0,0,0,0,0,1
214100,36.828,0.0,0,0,0,0,7.815,0.0,0,0,0,0,0.872,0.0,0,31.96,0,0,0,0,0,0,1,0,1,1,0,12192.0,2,1,1,0,1,0,1,2,7.7,268.5,0,0,0,0,0,1
214200,36.828,0.0,0,0,0,0,7.815,0.0,0,0,0,0,0.872,0.0,0,32.09,0,0,0,0,0,0,1,0,1,1,0,12192.0,2,1,1,0,1,0,1,2,7.7,271.2,0,0,0,0,0,1
214300,36.828,0.0,0,0,0,0,7.815,0.0,0,0,0,0,0.872,0.0,0,0.0,0,0,0,0,0,0,0,1,1,1,0,12192.0,2,1,1,0,1,0,1,2,7.3,271.0,0,0,0,0,0,1
214400,36.828,0.0,0,0,0,0,7.815,0.0,0,0,0,0,0.872,0.0,0,0.0,0,0,0,0,0,0,0,1,1,1,0,12192.0,2,1,1,0,1,0,1,2,8.0,268.7,0,0,0,0,0,1
214500,36.828,0.0,0,0,0,0,7.815,0.0,0,0,0,0,0.872,0.0,0,0.0,0,0,0,0,0,0,0,1,1,1,0,12192.0,2,1,1,0,1,0,1,2,7.5,273.8,0,0,0,0,0,1
214600,36.828,0.0,0,0,0,0,7.815,0.0,0,0,0,0,0.872,0.0,0,0.0,0,0,0,0,0,0,0,1,1,1,0,12192.0,2,1,1,0,1,0,1,2,7.7,263.6,0,0,0,0,0,1
214700,36.828,0.0,0,0,0,0,7.815,0.0,0,0,0,0,0.872,0.0,0,0.0,0,0,0,0,0,0,0,1,1,1,0,12192.0,2,1,1,0,1,0,1,2,7.5,270.7,0,0,0,0,0,1
214800,36.828,0.0,0,0,0,0,7.815,0.0,0,0,0,0,0.872,0.0,0,0.0,0,0,0,0,0,0,0,1,1,1,0,12192.0,2,1,1,0,1,0,1,2,8.6,269.8,0,0,0,0,0,1
214900,36.828,0.0,0,0,0,0,7.815,0.0,0,0,0,0,0.872,0.0,0,0.0,0,0,0,0,0,0,0,1,1,1,0,12192.0,2,1,1,0,1,0,1,2,8.0,267.5,0,0,0,0,0,1
215000,36.828,0.0,0,0,0,0,7.815,0.0,0,0,0,0,0.872,0.0,0,0.0,0,0,0,0,0,0,0,1,1,1,0,12192.0,2,1,1,0,1,0,1,2,8.1,268.6,0,0,0,0,0,1
215100,36.828,0.0,0,0,0,0,7.815,0.0,0,0,0,0,0.872,0.0,0,0.0,0,0,0,0,0,0,0,1,1,1,0,12192.0,2,1,1,0,1,0,1,2,8.3,267.3,0,0,0,0,0,1
215200,36.828,0.0,0,0,0,0,7.815,0.0,0,0,0,0,0.872,0.0,0,0.0,0,0,0,0,0,0,0,1,1,1,0,12192.0,2,1,1,0,1,0,1,2,7.9,268.6,0,0,0,0,0,1
215300,36.828,0.0,0,0,0,0,7.815,0.0,0,0,0,0,0.872,0.0,0,0.0,0,0,0,0,0,0,0,1,1,1,0,12192.0,2,1,1,0,1,0,1,2,7.8,268.5,0,0,0,0,0,1
215400,36.828,0.0,0,0,0,0,7.815,0.0,0,0,0,0,0.872,0.0,0,0.0,0,0,0,0,0,0,0,1,1,1,0,12192.0,2,1,1,0,1,0,1,2,7.7,271.7,0,0,0,0,0,1
215500,36.828,0.0,0,0,0,0,7.815,0.0,0,0,0,0,0.872,0.0,0,0.0,0,0,0,0,0,0,0,1,1,1,0,12192.0,2,1,1,0,1,0,1,2,8.3,265.3,0,0,0,0,0,1
215600,36.828,0.0,0,0,0,0,7.815,0.0,0,0,0,0,0.872,0.0,0,0.0,0,0,0,0,0,0,0,1,1,1,0,12192.0,2,1,1,0,1,0,1,2,8.4,269.7,0,0,0,0,0,1
215700,36.828,0.0,0,0,0,0,7.815,0.0,0,0,0,0,0.872,0.0,0,0.0,0,0,0,0,0,0,0,1,1,1,0,12192.0,2,1,1,0,1,0,1,2,7.7,270.1,0,0,0,0,0,1
215800,36.828,0.0,0,0,0,0,7.815,0.0,0,0,0,0,0.872,0.0,0,0.0,0,0,0,0,0,0,0,1,1,1,0,12192.0,2,1,1,0,1,0,1,2,7.5,271.2,0,0,0,0,0,1
215900,36.828,0.0,0,0,0,0,7.815,0.0,0,0,0,0,0.872,0.0,0,0.0,0,0,0,0,0,0,0,1,1,1,0,12192.0,2,1,1,0,1,0,1,2,7.8,265.2,0,0,0,0,0,1
216000,36.828,0.0,0,0,1,0,7.815,0.0,0,0,1,0,0.876,0.046,1,0.0,0,0,1,1,0,0,0,1,0,0,0,12192.0,2,1,1,1,0,0,1,2,8.4,269.9,0,0,0,0,0,1
216100,36.828,0.0,0,0,1,0,7.815,0.0,0,0,1,0,0.885,0.093,1,0.0,0,0,1,1,0,0,0,1,0,0,0,12192.0,2,1,1,1,0,0,1,2,7.5,267.7,0,0,0,0,0,1
216200,36.828,0.0,0,0,1,0,7.815,0.0,0,0,1,0,0.899,0.139,1,0.0,0,0,1,1,0,0,0,1,0,0,0,12192.0,2,1,1,1,0,0,1,2,8.5,271.9,0,0,0,0,0,1
216300,36.828,0.0,0,0,1,0,7.815,0.0,0,0,1,0,0.918,0.186,1,0.0,0,0,1,1,0,0,0,1,0,0,0,12192.0,2,1,1,1,0,0,1,2,8.1,267.7,0,0,0,0,0,1
216400,36.828,0.0,0,0,1,0,7.815,0.0,0,0,1,0,0.941,0.232,1,0.0,0,0,1,1,0,0,0,1,0,0,0,12192.0,2,1,1,1,0,0,1,2,8.9,267.8,0,0,0,0,0,1
216500,36.828,0.0,0,0,1,0,7.815,0.0,0,0,1,0,0.969,0.278,1,0.0,0,0,1,1,0,0,0,1,0,0,0,12192.0,2,1,1,1,0,0,1,2,8.3,268.8,0,0,0,0,0,1
216600,36.828,0.0,0,0,1,0,7.815,0.0,0,0,1,0,1.001,0.325,1,0.0,0,0,1,1,0,0,0,1,0,0,0,12192.0,2,1,1,1,0,0,1,2,9.0,269.5,0,0,0,0,0,1
216700,36.828,0.0,0,0,1,0,7.815,0.0,0,0,1,0,1.039,0.371,1,0.0,0,0,1,1,0,0,0,1,0,0,0,12192.0,2,1,1,1,0,0,1,2,8.3,271.3,0,0,0,0,0,1
216800,36.828,0.0,0,0,1,0,7.815,0.0,0,0,1,0,1.08,0.417,1,0.0,0,0,1,1,0,0,0,1,0,0,0,12192.0,2,1,1,1,0,0,1,2,8.3,269.0,0,0,0,0,0,1
216900,36.828,0.0,0,0,1,0,7.815,0.0,0,0,1,0,1.127,0.464,1,0.0,0,0,1,1,0,0,0,1,0,0,0,12192.0,2,1,1,1,0,0,1,2,8.4,275.1,0,0,0,0,0,1
217000,36.828,0.0,0,0,1,0,7.815,0.0,0,0,1,0,1.178,0.51,1,0.0,0,0,1,1,0,0,0,1,0,0,0,12192.0,2,1,1,1,0,0,1,2,9.0,267.4,0,0,0,0,0,1
217100,36.828,0.0,0,0,1,0,7.815,0.0,0,0,1,0,1.233,0.557,1,0.0,0,0,1,1,0,0,0,1,0,0,0,12192.0,2,1,1,1,0,0,1,2,8.4,269.9,0,0,0,0,0,1
217200,36.828,0.0,0,0,1,0,7.815,0.0,0,0,1,0,1.294,0.603,1,0.0,0,0,1,1,0,0,0,1,0,0,0,12192.0,2,1,1,1,0,0,1,2,9.0,272.5,0,0,0,0,0,1
217300,36.828,0.0,0,0,1,0,7.815,0.0,0,0,1,0,1.359,0.649,1,0.0,0,0,1,1,0,0,0,1,0,0,0,12192.0,2,1,1,1,0,0,1,2,8.6,269.2,0,0,0,0,0,1
217400,36.828,0.0,0,0,1,0,7.815,0.0,0,0,1,0,1.428,0.696,1,0.0,0,0,1,1,0,0,0,1,0,0,0,12192.0,2,1,1,1,0,0,1,2,9.3,271.4,0,0,0,0,0,1
217500,36.828,0.0,0,0,1,0,7.815,0.0,0,0,1,0,1.502,0.742,1,0.0,0,0,1,1,0,0,0,1,0,0,0,12192.0,2,1,1,1,0,0,1,2,8.7,269.9,0,0,0,0,0,1
217600,36.828,0.0,0,0,1,0,7.815,0.0,0,0,1,0,1.581,0.788,1,0.0,0,0,1,1,0,0,0,1,0,0,0,12192.0,2,1,1,1,0,0,1,2,8.4,266.9,0,0,0,0,0,1
217700,36.828,0.0,0,0,1,0,7.815,0.0,0,0,1,0,1.665,0.835,1,0.0,0,0,1,1,0,0,0,1,0,0,0,12192.0,2,1,1,1,0,0,1,2,8.8,268.4,0,0,0,0,0,1
217800,36.828,0.0,0,0,1,0,7.815,0.0,0,0,1,0,1.753,0.881,1,0.0,0,0,1,1,0,0,0,1,0,0,0,12192.0,2,1,1,1,0,0,1,2,8.3,270.2,0,0,0,0,0,1
217900,36.828,0.0,0,0,1,0,7.815,0.0,0,0,1,0,1.846,0.928,1,0.0,0,0,1,1,0,0,0,1,0,0,0,12192.0,2,1,1,1,0,0,1,2,8.6,269.1,0,0,0,0,0,1
218000,36.828,0.0,0,0,1,0,7.815,0.0,0,0,1,0,1.943,0.974,1,0.0,0,0,1,1,0,0,0,1,0,0,0,12192.0,2,1,1,1,0,0,1,2,8.2,268.5,0,0,0,0,0,1
218100,36.828,0.0,0,0,1,0,7.815,0.0,0,0,1,0,2.045,1.02,1,0.0,0,0,1,1,0,0,0,1,0,0,0,12192.0,2,1,1,1,0,0,1,2,9.2,270.3,0,0,0,0,0,1
218200,36.828,0.0,0,0,1,0,7.815,0.0,0,0,1,0,2.152,1.067,1,0.0,0,0,1,1,0,0,0,1,0,0,0,12192.0,2,1,1,1,0,0,1,2,8.5,265.3,0,0,0,0,0,1
218300,36.828,0.0,0,0,1,0,7.815,0.0,0,0,1,0,2.263,1.113,1,0.0,0,0,1,1,0,0,0,1,0,0,0,12192.0,2,1,1,1,0,0,1,2,8.1,273.6,0,0,0,0,0,1
218400,36.828,0.0,0,0,1,0,7.815,0.0,0,0,1,0,2.379,1.159,1,0.0,0,0,1,1,0,0,0,1,0,0,0,12192.0,2,1,1,1,0,0,1,2,8.1,273.8,0,0,0,0,0,1
218500,36.828,0.0,0,0,1,0,7.815,0.0,0,0,1,0,2.496,1.168,1,0.0,0,0,1,1,0,0,0,1,0,0,0,12192.0,2,1,1,1,0,0,1,2,8.8,266.2,0,0,0,0,0,1
218600,36.828,0.0,0,0,1,0,7.815,0.0,0,0,1,0,2.613,1.168,1,0.0,0,0,1,1,0,0,0,1,0,0,0,12192.0,2,1,1,1,0,0,1,2,9.0,268.9,0,0,0,0,0,1
218700,36.828,0.0,0,0,1,0,7.815,0.0,0,0,1,0,2.729,1.168,1,0.0,0,0,1,1,0,0,0,1,0,0,0,12192.0,2,1,1,1,0,0,1,2,8.2,268.8,0,0,0,0,0,1
218800,36.828,0.0,0,0,1,0,7.815,0.0,0,0,1,0,2.846,1.168,1,0.0,0,0,1,1,0,0,0,1,0,0,0,12192.0,2,1,1,1,0,0,1,2,9.5,272.6,0,0,0,0,0,1
218900,36.828,0.0,0,0,1,0,7.815,0.0,0,0,1,0,2.963,1.168,1,0.0,0,0,1,1,0,0,0,1,0,0,0,12192.0,2,1,1,1,0,0,1,2,8.1,273.1,0,0,0,0,0,1
219000,36.828,0.0,0,0,1,0,7.815,0.0,0,0,1,0,3.08,1.168,1,0.0,0,0,1,1,0,0,0,1,0,0,0,12192.0,2,1,1,1,0,0,1,2,8.2,273.8,0,0,0,0,0,1
219100,36.828,0.0,0,0,1,0,7.815,0.0,0,0,1,0,3.197,1.168,1,0.0,0,0,1,1,0,0,0,1,0,0,0,12192.0,2,1,1,1,0,0,1,2,8.6,270.4,0,0,0,0,0,1
219200,36.828,0.0,0,0,1,0,7.815,0.0,0,0,1,0,3.314,1.168,1,0.0,0,0,1,1,0,0,0,1,0,0,0,12192.0,2,1,1,1,0,0,1,2,8.1,261.5,0,0,0,0,0,1
219300,36.828,0.0,0,0,1,0,7.815,0.0,0,0,1,0,3.43,1.168,1,0.0,0,0,1,1,0,0,0,1,0,0,0,12192.0,2,1,1,1,0,0,1,2,8.2,268.8,0,0,0,0,0,1
219400,36.828,0.0,0,0,1,0,7.815,0.0,0,0,1,0,3.547,1.168,1,0.0,0,0,1,1,0,0,0,1,0,0,0,12192.0,2,1,1,1,0,0,1,2,8.0,270.4,0,0,0,0,0,1
219500,36.828,0.0,0,0,1,0,7.815,0.0,0,0,1,0,3.664,1.168,1,0.0,0,0,1,1,0,0,0,1,0,0,0,12192.0,2,1,1,1,0,0,1,2,9.0,269.1,0,0,0,0,0,1
219600,36.828,0.0,0,0,1,0,7.815,0.0,0,0,1,0,3.781,1.168,1,0.0,0,0,1,1,0,0,0,1,0,0,0,12192.0,2,1,1,1,0,0,1,2,8.3,269.4,0,0,0,0,0,1
219700,36.828,0.0,0,0,1,0,7.815,0.0,0,0,1,0,3.898,1.168,1,0.0,0,0,1,1,0,0,0,1,0,0,0,12192.0,2,1,1,1,0,0,1,2,7.5,269.0,0,0,0,0,0,1
219800,36.828,0.0,0,0,1,0,7.815,0.0,0,0,1,0,4.015,1.168,1,0.0,0,0,1,1,0,0,0,1,0,0,0,12192.0,2,1,1,1,0,0,1,2,7.9,266.1,0,0,0,0,0,1
219900,36.828,0.0,0,0,1,0,7.815,0.0,0,0,1,0,4.131,1.168,1,0.0,0,0,1,1,0,0,0,1,0,0,0,12192.0,2,1,1,1,0,0,1,2,8.5,270.3,0,0,0,0,0,1
220000,36.828,0.0,0,0,1,0,7.815,0.0,0,0,1,0,4.248,1.168,1,0.0,0,0,1,1,0,0,0,1,0,0,0,12192.0,2,1,1,1,0,0,1,2,7.7,267.8,0,0,0,0,0,1
220100,36.828,0.0,0,0,1,0,7.815,0.0,0,0,1,0,4.365,1.168,1,0.0,0,0,1,1,0,0,0,1,0,0,0,12192.0,2,1,1,1,0,0,1,2,7.6,271.1,0,0,0,0,0,1
220200,36.828,0.0,0,0,1,0,7.815,0.0,0,0,1,0,4.482,1.168,1,0.0,0,0,1,1,0,0,0,1,0,0,0,12192.0,2,1,1,1,0,0,1,2,7.5,269.1,0,0,0,0,0,1
220300,36.828,0.0,0,0,1,0,7.815,0.0,0,0,1,0,4.599,1.168,1,0.0,0,0,1,1,0,0,0,1,0,0,0,12192.0,2,1,1,1,0,0,1,2,7.6,270.4,0,0,0,0,0,1
220400,36.828,0.0,0,0,1,0,7.815,0.0,0,0,1,0,4.716,1.168,1,0.0,0,0,1,1,0,0,0,1,0,0,0,12192.0,2,1,1,1,0,0,1,2,7.8,272.4,0,0,0,0,0,1
220500,36.828,0.0,0,0,1,0,7.815,0.0,0,0,1,0,4.832,1.168,1,0.0,0,0,1,1,0,0,0,1,0,0,0,12192.0,2,1,1,1,0,0,1,2,8.4,274.4,0,0,0,0,0,1
220600,36.828,0.0,0,0,1,0,7.815,0.0,0,0,1,0,4.949,1.168,1,0.0,0,0,1,1,0,0,0,1,0,0,0,12192.0,2,1,1,1,0,0,1,2,7.8,270.2,0,0,0,0,0,1
220700,36.828,0.0,0,0,1,0,7.815,0.0,0,0,1,0,5.066,1.168,1,0.0,0,0,1,1,0,0,0,1,0,0,0,12192.0,2,1,1,1,0,0,1,2,7.4,272.5,0,0,0,0,0,1
220800,36.828,0.0,0,0,1,0,7.815,0.0,0,0,1,0,5.183,1.168,1,0.0,0,0,1,1,0,0,0,1,0,0,0,12192.0,2,1,1,1,0,0,1,2,7.9,271.1,0,0,0,0,0,1
220900,36.828,0.0,0,0,1,0,7.815,0.0,0,0,1,0,5.3,1.168,1,0.0,0,0,1,1,0,0,0,1,0,0,0,12192.0,2,1,1,1,0,0,1,2,7.1,272.1,0,0,0,0,0,1
221000,36.828,0.0,0,0,1,0,7.815,0.0,0,0,1,0,5.417,1.168,1,0.0,0,0,1,1,0,0,0,1,0,0,0,12192.0,2,1,1,1,0,0,1,2,7.8,270.1,0,0,0,0,0,1
221100,36.828,0.0,0,0,1,0,7.815,0.0,0,0,1,0,5.533,1.168,1,0.0,0,0,1,1,0,0,0,1,0,0,0,12192.0,2,1,1,1,0,0,1,2,7.0,269.8,0,0,0,0,0,1
221200,36.828,0.0,0,0,1,0,7.815,0.0,0,0,1,0,5.65,1.168,1,0.0,0,0,1,1,0,0,0,1,0,0,0,12192.0,2,1,1,1,0,0,1,2,7.3,266.2,0,0,0,0,0,1
221300,36.828,0.0,0,0,1,0,7.815,0.0,0,0,1,0,5.767,1.168,1,0.0,0,0,1,1,0,0,0,1,0,0,0,12192.0,2,1,1,1,0,0,1,2,7.5,269.3,0,0,0,0,0,1
221400,36.828,0.0,0,0,1,0,7.815,0.0,0,0,1,0,5.884,1.168,1,0.0,0,0,1,1,0,0,0,1,0,0,0,12192.0,2,1,1,1,0,0,1,2,7.5,269.8,0,0,0,0,0,1
221500,36.828,0.0,0,0,1,0,7.815,0.0,0,0,1,0,6.001,1.168,1,0.0,0,0,1,1,0,0,0,1,0,0,0,12192.0,2,1,1,1,0,0,1,2,7.7,273.7,0,0,0,0,0,1
221600,36.828,0.0,0,0,1,0,7.815,0.0,0,0,1,0,6.118,1.168,1,0.0,0,0,1,1,0,0,0,1,0,0,0,12192.0,2,1,1,1,0,0,1,2,8.3,269.5,0,0,0,0,0,1
221700,36.828,0.0,0,0,1,0,7.815,0.0,0,0,1,0,6.234,1.168,1,0.0,0,0,1,1,0,0,0,1,0,0,0,12192.0,2,1,1,1,0,0,1,2,7.2,268.9,0,0,0,0,0,1
221800,36.828,0.0,0,0,1,0,7.815,0.0,0,0,1,0,6.351,1.168,1,0.0,0,0,1,1,0,0,0,1,0,0,0,12192.0,2,1,1,1,0,0,1,2,6.5,271.4,0,0,0,0,0,1
221900,36.828,0.0,0,0,1,0,7.815,0.0,0,0,1,0,6.468,1.168,1,0.0,0,0,1,1,0,0,0,1,0,0,0,12192.0,2,1,1,1,0,0,1,2,7.6,268.7,0,0,0,0,0,1
222000,36.828,0.0,0,0,1,0,7.815,0.0,0,0,1,0,6.585,1.168,1,0.0,0,0,1,1,0,0,0,1,0,0,0,12192.0,2,1,1,1,0,0,1,2,7.4,271.0,0,0,0,0,0,1
222100,36.828,0.0,0,0,1,0,7.815,0.0,0,0,1,0,6.702,1.168,1,0.0,0,0,1,1,0,0,0,1,0,0,0,12192.0,2,1,1,1,0,0,1,2,7.1,270.3,0,0,0,0,0,1
222200,36.828,0.0,0,0,1,0,7.815,0.0,0,0,1,0,6.819,1.168,1,0.0,0,0,1,1,0,0,0,1,0,0,0,12192.0,2,1,1,1,0,0,1,2,7.2,273.1,0,0,0,0,0,1
222300,36.828,0.0,0,0,1,0,7.815,0.0,0,0,1,0,6.935,1.168,1,0.0,0,0,1,1,0,0,0,1,0,0,0,12192.0,2,1,1,1,0,0,1,2,7.1,270.1,0,0,0,0,0,1
222400,36.828,0.0,0,0,1,0,7.815,0.0,0,0,1,0,7.052,1.168,1,0.0,0,0,1,1,0,0,0,1,0,0,0,12192.0,2,1,1,1,0,0,1,2,7.3,269.4,0,0,0,0,0,1
222500,36.828,0.0,0,0,1,0,7.815,0.0,0,0,1,0,7.169,1.168,1,0.0,0,0,1,1,0,0,0,1,0,0,0,12192.0,2,1,1,1,0,0,1,2,7.7,267.4,0,0,0,0,0,1
222600,36.828,0.0,0,0,1,0,7.815,0.0,0,0,1,0,7.286,1.168,1,0.0,0,0,1,1,0,0,0,1,0,0,0,12192.0,2,1,1,1,0,0,1,2,6.9,268.2,0,0,0,0,0,1
222700,36.828,0.0,0,0,1,0,7.815,0.0,0,0,1,0,7.403,1.168,1,0.0,0,0,1,1,0,0,0,1,0,0,0,12192.0,2,1,1,1,0,0,1,2,7.3,273.9,0,0,0,0,0,1
222800,36.828,0.0,0,0,1,0,7.815,0.0,0,0,1,0,7.52,1.168,1,0.0,0,0,1,1,0,0,0,1,0,0,0,12192.0,2,1,1,1,0,0,1,2,7.4,268.9,0,0,0,0,0,1
222900,36.828,0.0,0,0,1,0,7.815,0.0,0,0,1,0,7.636,1.168,1,0.0,0,0,1,1,0,0,0,1,0,0,0,12192.0,2,1,1,1,0,0,1,2,7.3,270.8,0,0,0,0,0,1
223000,36.828,0.0,0,0,1,0,7.815,0.0,0,0,1,0,7.753,1.168,1,0.0,0,0,1,1,0,0,0,1,0,0,0,12192.0,2,1,1,1,0,0,1,2,7.5,267.7,0,0,0,0,0,1
223100,36.828,0.0,0,0,1,0,7.815,0.0,0,0,1,0,7.87,1.168,1,0.0,0,0,1,1,0,0,0,1,0,0,0,12192.0,2,1,1,1,0,0,1,2,7.0,269.2,0,0,0,0,0,1
223200,36.828,0.0,0,0,1,0,7.815,0.0,0,0,1,0,7.987,1.168,1,0.0,0,0,1,1,0,0,0,1,0,0,0,12192.0,2,1,1,1,0,0,1,2,7.5,271.7,0,0,0,0,0,1
223300,36.828,0.0,0,0,1,0,7.815,0.0,0,0,1,0,8.104,1.168,1,0.0,0,0,1,1,0,0,0,1,0,0,0,12192.0,2,1,1,1,0,0,1,2,6.6,268.8,0,0,0,0,0,1
223400,36.828,0.0,0,0,1,0,7.815,0.0,0,0,1,0,8.221,1.168,1,0.0,0,0,1,1,0,0,0,1,0,0,0,12192.0,2,1,1,1,0,0,1,2,7.8,267.6,0,0,0,0,0,1
223500,36.828,0.0,0,0,1,0,7.815,0.0,0,0,1,0,8.337,1.168,1,0.0,0,0,1,1,0,0,0,1,0,0,0,12192.0,2,1,1,1,0,0,1,2,7.4,267.4,0,0,0,0,0,1
223600,36.828,0.0,0,0,1,0,7.815,0.0,0,0,1,0,8.454,1.168,1,0.0,0,0,1,1,0,0,0,1,0,0,0,12192.0,2,1,1,1,0,0,1,2,8.2,267.7,0,0,0,0,0,1
223700,36.828,0.0,0,0,1,0,7.815,0.0,0,0,1,0,8.571,1.168,1,0.0,0,0,1,1,0,0,0,1,0,0,0,12192.0,2,1,1,1,0,0,1,2,7.7,265.7,0,0,0,0,0,1
223800,36.828,0.0,0,0,1,0,7.815,0.0,0,0,1,0,8.688,1.168,1,0.0,0,0,1,1,0,0,0,1,0,0,0,12192.0,2,1,1,1,0,0,1,2,7.5,271.9,0,0,0,0,0,1
223900,36.828,0.0,0,0,1,0,7.815,0.0,0,0,1,0,8.805,1.168,1,0.0,0,0,1,1,0,0,0,1,0,0,0,12192.0,2,1,1,1,0,0,1,2,7.8,266.1,0,0,0,0,0,1
224000,36.828,0.0,0,0,1,0,7.815,0.0,0,0,1,0,8.922,1.168,1,0.0,0,0,1,1,0,0,0,1,0,0,0,12192.0,2,1,1,1,0,0,1,2,7.2,268.2,0,0,0,0,0,1
224100,36.828,0.0,0,0,1,0,7.815,0.0,0,0,1,0,9.038,1.168,1,0.0,0,0,1,1,0,0,0,1,0,0,0,12192.0,2,1,1,1,0,0,1,2,8.5,269.4,0,0,0,0,0,1
224200,36.828,0.0,0,0,1,0,7.815,0.0,0,0,1,0,9.155,1.168,1,0.0,0,0,1,1,0,0,0,1,0,0,0,12192.0,2,1,1,1,0,0,1,2,8.5,270.2,0,0,0,0,0,1
224300,36.828,0.0,0,0,1,0,7.815,0.0,0,0,1,0,9.272,1.168,1,0.0,0,0,1,1,0,0,0,1,0,0,0,12192.0,2,1,1,1,0,0,1,2,7.8,270.2,0,0,0,0,0,1
224400,36.828,0.0,0,0,1,0,7.815,0.0,0,0,1,0,9.389,1.168,1,0.0,0,0,1,1,0,0,0,1,0,0,0,12192.0,2,1,1,1,0,0,1,2,8.4,270.3,0,0,0,0,0,1
224500,36.828,0.0,0,0,1,0,7.815,0.0,0,0,1,0,9.506,1.168,1,0.0,0,0,1,1,0,0,0,1,0,0,0,12192.0,2,1,1,1,0,0,1,2,8.0,274.0,0,0,0,0,0,1
224600,36.828,0.0,0,0,1,0,7.815,0.0,0,0,1,0,9.623,1.168,1,0.0,0,0,1,1,0,0,0,1,0,0,0,12192.0,2,1,1,1,0,0,1,2,8.1,268.2,0,0,0,0,0,1
224700,36.828,0.0,0,0,1,0,7.815,0.0,0,0,1,0,9.739,1.168,1,0.0,0,0,1,1,0,0,0,1,0,0,0,12192.0,2,1,1,1,0,0,1,2,8.6,270.2,0,0,0,0,0,1
224800,36.828,0.0,0,0,1,0,7.815,0.0,0,0,1,0,9.856,1.168,1,0.0,0,0,1,1,0,0,0,1,0,0,0,12192.0,2,1,1,1,0,0,1,2,8.6,269.5,0,0,0,0,0,1
224900,36.828,0.0,0,0,1,0,7.815,0.0,0,0,1,0,9.973,1.168,1,0.0,0,0,1,1,0,0,0,1,0,0,0,12192.0,2,1,1,1,0,0,1,2,8.7,272.3,0,0,0,0,0,1
225000,36.828,0.0,0,0,1,0,7.815,0.0,0,0,1,0,10.09,1.168,1,0.0,0,0,1,1,0,0,0,1,0,0,0,12192.0,2,1,1,1,0,0,1,2,7.7,271.2,0,0,0,0,0,1
225100,36.828,0.0,0,0,1,0,7.815,0.0,0,0,1,0,10.207,1.168,1,0.0,0,0,1,1,0,0,0,1,0,0,0,12192.0,2,1,1,1,0,0,1,2,8.2,271.9,0,0,0,0,0,1
225200,36.828,0.0,0,0,1,0,7.815,0.0,0,0,1,0,10.324,1.168,1,0.0,0,0,1,1,0,0,0,1,0,0,0,12192.0,2,1,1,1,0,0,1,2,7.5,271.0,0,0,0,0,0,1
225300,36.828,0.0,0,0,1,0,7.815,0.0,0,0,1,0,10.44,1.168,1,0.0,0,0,1,1,0,0,0,1,0,0,0,12192.0,2,1,1,1,0,0,1,2,8.3,269.5,0,0,0,0,0,1
225400,36.828,0.0,0,0,1,0,7.815,0.0,0,0,1,0,10.557,1.168,1,0.0,0,0,1,1,0,0,0,1,0,0,0,12192.0,2,1,1,1,0,0,1,2,7.9,267.9,0,0,0,0,0,1
225500,36.828,0.0,0,0,1,0,7.815,0.0,0,0,1,0,10.674,1.168,1,0.0,0,0,1,1,0,0,0,1,0,0,0,12192.0,2,1,1,1,0,0,1,2,8.4,267.1,0,0,0,0,0,1
225600,36.828,0.0,0,0,1,0,7.815,0.0,0,0,1,0,10.791,1.168,1,0.0,0,0,1,1,0,0,0,1,0,0,0,12192.0,2,1,1,1,0,0,1,2,9.2,270.1,0,0,0,0,0,1
225700,36.828,0.0,0,0,1,0,7.815,0.0,0,0,1,0,10.908,1.168,1,0.0,0,0,1,1,0,0,0,1,0,0,0,12192.0,2,1,1,1,0,0,1,2,9.2,266.3,0,0,0,0,0,1
225800,36.828,0.0,0,0,1,0,7.815,0.0,0,0,1,0,11.025,1.168,1,0.0,0,0,1,1,0,0,0,1,0,0,0,12192.0,2,1,1,1,0,0,1,2,8.0,267.7,0,0,0,0,0,1
225900,36.828,0.0,0,0,1,0,7.815,0.0,0,0,1,0,11.141,1.168,1,0.0,0,0,1,1,0,0,0,1,0,0,0,12192.0,2,1,1,1,0,0,1,2,8.7,270.0,0,0,0,0,0,1
226000,36.828,0.0,0,0,1,0,7.815,0.0,0,0,1,0,11.258,1.168,1,0.0,0,0,1,1,0,0,0,1,0,0,0,12192.0,2,1,1,1,0,0,1,2,8.1,269.6,0,0,0,0,0,1
226100,36.828,0.0,0,0,1,0,7.815,0.0,0,0,1,0,11.375,1.168,1,0.0,0,0,1,1,0,0,0,1,0,0,0,12192.0,2,1,1,1,0,0,1,2,8.2,272.0,0,0,0,0,0,1
226200,36.828,0.0,0,0,1,0,7.815,0.0,0,0,1,0,11.492,1.168,1,0.0,0,0,1,1,0,0,0,1,0,0,0,12192.0,2,1,1,1,0,0,1,2,8.8,266.4,0,0,0,0,0,1
226300,36.828,0.0,0,0,1,0,7.815,0.0,0,0,1,0,11.609,1.168,1,0.0,0,0,1,1,0,0,0,1,0,0,0,12192.0,2,1,1,1,0,0,1,2,8.5,269.2,0,0,0,0,0,1
226400,36.828,0.0,0,0,1,0,7.815,0.0,0,0,1,0,11.726,1.168,1,0.0,0,0,1,1,0,0,0,1,0,0,0,12192.0,2,1,1,1,0,0,1,2,9.3,270.8,0,0,0,0,0,1
226500,36.828,0.0,0,0,1,0,7.815,0.0,0,0,1,0,11.842,1.168,1,0.0,0,0,1,1,0,0,0,1,0,0,0,12192.0,2,1,1,1,0,0,1,2,8.9,269.1,0,0,0,0,0,1
226600,36.828,0.0,0,0,1,0,7.815,0.0,0,0,1,0,11.959,1.168,1,0.0,0,0,1,1,0,0,0,1,0,0,0,12192.0,2,1,1,1,0,0,1,2,8.5,270.7,0,0,0,0,0,1
226700,36.828,0.0,0,0,1,0,7.815,0.0,0,0,1,0,12.076,1.168,1,0.0,0,0,1,1,0,0,0,1,0,0,0,12192.0,2,1,1,1,0,0,1,2,8.5,266.8,0,0,0,0,0,1
226800,36.828,0.0,0,0,1,0,7.815,0.0,0,0,1,0,12.193,1.168,1,0.0,0,0,1,1,0,0,0,1,0,0,0,12192.0,2,1,1,1,0,0,1,2,8.5,266.6,0,0,0,0,0,1
226900,36.828,0.0,0,0,1,0,7.815,0.0,0,0,1,0,12.31,1.168,1,0.0,0,0,1,1,0,0,0,1,0,0,0,12192.0,2,1,1,1,0,0,1,2,8.8,269.2,0,0,0,0,0,1
227000,36.828,0.0,0,0,1,0,7.815,0.0,0,0,1,0,12.427,1.168,1,0.0,0,0,1,1,0,0,0,1,0,0,0,12192.0,2,1,1,1,0,0,1,2,8.8,267.9,0,0,0,0,0,1
227100,36.828,0.0,0,0,1,0,7.815,0.0,0,0,1,0,12.543,1.168,1,0.0,0,0,1,1,0,0,0,1,0,0,0,12192.0,2,1,1,1,0,0,1,2,8.6,272.2,0,0,0,0,0,1
227200,36.828,0.0,0,0,1,0,7.815,0.0,0,0,1,0,12.66,1.168,1,0.0,0,0,1,1,0,0,0,1,0,0,0,12192.0,2,1,1,1,0,0,1,2,8.1,269.8,0,0,0,0,0,1
227300,36.828,0.0,0,0,1,0,7.815,0.0,0,0,1,0,12.777,1.168,1,0.0,0,0,1,1,0,0,0,1,0,0,0,12192.0,2,1,1,1,0,0,1,2,8.2,270.5,0,0,0,0,0,1
227400,36.828,0.0,0,0,1,0,7.815,0.0,0,0,1,0,12.894,1.168,1,0.0,0,0,1,1,0,0,0,1,0,0,0,12192.0,2,1,1,1,0,0,1,2,9.2,270.3,0,0,0,0,0,1
227500,36.828,0.0,0,0,1,0,7.815,0.0,0,0,1,0,13.011,1.168,1,0.0,0,0,1,1,0,0,0,1,0,0,0,12192.0,2,1,1,1,0,0,1,2,8.2,266.7,0,0,0,0,0,1
227600,36.828,0.0,0,0,1,0,7.815,0.0,0,0,1,0,13.123,1.122,1,0.0,0,0,1,1,0,0,0,1,0,0,0,12192.0,2,1,1,1,0,0,1,2,9.4,268.8,0,0,0,0,0,1
227700,36.828,0.0,0,0,1,0,7.815,0.0,0,0,1,0,13.23,1.076,1,0.0,0,0,1,1,0,0,0,1,0,0,0,12192.0,2,1,1,1,0,0,1,2,9.1,266.2,0,0,0,0,0,1
227800,36.828,0.0,0,0,1,0,7.815,0.0,0,0,1,0,13.333,1.029,1,0.0,0,0,1,1,0,0,0,1,0,0,0,12192.0,2,1,1,1,0,0,1,2,8.7,271.6,0,0,0,0,0,1
227900,36.828,0.0,0,0,1,0,7.815,0.0,0,0,1,0,13.432,0.983,1,0.0,0,0,1,1,0,0,0,1,0,0,0,12192.0,2,1,1,1,0,0,1,2,8.0,271.3,0,0,0,0,0,1
228000,36.828,0.0,0,0,1,0,7.815,0.0,0,0,1,0,13.525,0.936,1,0.0,0,0,1,1,0,0,0,1,0,0,0,12192.0,2,1,1,1,0,0,1,2,8.1,267.0,0,0,0,0,0,1
228100,36.828,0.0,0,0,1,0,7.815,0.0,0,0,1,0,13.614,0.89,1,0.0,0,0,1,1,0,0,0,1,0,0,0,12192.0,2,1,1,1,0,0,1,2,8.3,268.4,0,0,0,0,0,1
228200,36.828,0.0,0,0,1,0,7.815,0.0,0,0,1,0,13.699,0.844,1,0.0,0,0,1,1,0,0,0,1,0,0,0,12192.0,2,1,1,1,0,0,1,2,7.7,270.0,0,0,0,0,0,1
228300,36.828,0.0,0,0,1,0,7.815,0.0,0,0,1,0,13.778,0.797,1,0.0,0,0,1,1,0,0,0,1,0,0,0,12192.0,2,1,1,1,0,0,1,2,9.1,273.0,0,0,0,0,0,1
228400,36.828,0.0,0,0,1,0,7.815,0.0,0,0,1,0,13.853,0.751,1,0.0,0,0,1,1,0,0,0,1,0,0,0,12192.0,2,1,1,1,0,0,1,2,8.0,268.9,0,0,0,0,0,1
228500,36.828,0.0,0,0,1,0,7.815,0.0,0,0,1,0,13.924,0.705,1,0.0,0,0,1,1,0,0,0,1,0,0,0,12192.0,2,1,1,1,0,0,1,2,7.9,273.7,0,0,0,0,0,1
228600,36.828,0.0,0,0,1,0,7.815,0.0,0,0,1,0,13.99,0.658,1,0.0,0,0,1,1,0,0,0,1,0,0,0,12192.0,2,1,1,1,0,0,1,2,7.4,269.9,0,0,0,0,0,1
228700,36.828,0.0,0,0,1,0,7.815,0.0,0,0,1,0,14.051,0.612,1,0.0,0,0,1,1,0,0,0,1,0,0,0,12192.0,2,1,1,1,0,0,1,2,7.7,271.2,0,0,0,0,0,1
228800,36.828,0.0,0,0,1,0,7.815,0.0,0,0,1,0,14.107,0.565,1,0.0,0,0,1,1,0,0,0,1,0,0,0,12192.0,2,1,1,1,0,0,1,2,7.7,272.8,0,0,0,0,0,1
228900,36.828,0.0,0,0,1,0,7.815,0.0,0,0,1,0,14.159,0.519,1,0.0,0,0,1,1,0,0,0,1,0,0,0,12192.0,2,1,1,1,0,0,1,2,7.8,271.0,0,0,0,0,0,1
229000,36.828,0.0,0,0,1,0,7.815,0.0,0,0,1,0,14.207,0.472,1,0.0,0,0,1,1,0,0,0,1,0,0,0,12192.0,2,1,1,1,0,0,1,2,7.4,267.4,0,0,0,0,0,1
229100,36.828,0.0,0,0,1,0,7.815,0.0,0,0,1,0,14.249,0.423,1,0.0,0,0,1,1,0,0,0,1,0,0,0,12192.0,2,1,1,1,0,0,1,2,8.1,269.4,0,0,0,0,0,1
229200,36.828,0.0,0,0,1,0,7.815,0.0,0,0,1,0,14.286,0.373,1,0.0,0,0,1,1,0,0,0,1,0,0,0,12192.0,2,1,1,1,0,0,1,2,7.9,271.1,0,0,0,0,0,1
229300,36.828,0.0,0,0,1,0,7.815,0.0,0,0,1,0,14.319,0.324,1,0.0,0,0,1,1,0,0,0,1,0,0,0,12192.0,2,1,1,1,0,0,1,2,7.8,265.6,0,0,0,0,0,1
229400,36.828,0.0,0,0,1,0,7.815,0.0,0,0,1,0,14.346,0.273,1,0.0,0,0,1,1,0,0,0,1,0,0,0,12192.0,2,1,1,1,0,0,1,2,8.0,269.5,0,0,0,0,0,1
229500,36.828,0.0,0,0,1,0,7.815,0.0,0,0,1,0,14.368,0.222,1,0.0,0,0,1,1,0,0,0,1,0,0,0,12192.0,2,1,1,1,0,0,1,2,7.6,273.6,0,0,0,0,0,1
229600,36.828,0.0,0,0,1,0,7.815,0.0,0,0,1,0,14.385,0.17,1,0.0,0,0,1,1,0,0,0,1,0,0,0,12192.0,2,1,1,1,0,0,1,2,7.6,271.5,0,0,0,0,0,1
229700,36.828,0.0,0,0,1,0,7.815,0.0,0,0,1,0,14.397,0.114,1,0.0,0,0,1,1,0,0,0,1,0,0,0,12192.0,2,1,1,1,0,0,1,2,7.5,269.0,0,0,0,0,0,1
229800,36.828,0.0,0,0,1,0,7.815,0.0,0,0,1,0,14.401,0.05,1,0.0,0,0,1,1,0,0,0,1,0,0,0,12192.0,2,1,1,1,0,0,1,2,7.9,270.9,0,0,0,0,0,1
229900,36.828,0.0,0,0,1,0,7.821,0.062,1,1,1,0,14.411,0.096,1,0.0,0,0,1,1,0,1,0,1,0,0,0,12192.0,2,1,1,1,0,0,1,3,7.7,264.3,0,0,0,0,0,1
230000,36.828,0.0,0,0,1,0,7.834,0.124,1,1,1,0,14.424,0.128,1,0.0,0,0,1,1,0,1,0,1,0,0,0,12192.0,2,1,1,1,0,0,1,3,7.3,268.0,0,0,0,0,0,1
230100,36.828,0.0,0,0,1,0,7.852,0.186,1,1,1,0,14.431,0.067,1,0.0,0,0,1,1,0,1,0,1,0,0,0,12192.0,2,1,1,1,0,0,1,3,7.3,270.9,0,0,0,0,0,1
230200,36.828,0.0,0,0,1,0,7.877,0.248,1,1,1,0,14.433,0.0,0,0.0,0,0,0,1,0,1,0,1,0,0,0,12192.0,2,1,1,1,0,0,1,3,6.4,271.4,0,0,0,0,0,1
230300,36.828,0.0,0,0,1,0,7.908,0.31,1,1,1,0,14.433,0.0,0,0.0,0,0,0,1,0,1,0,1,0,0,0,12192.0,2,1,1,1,0,0,1,3,7.1,266.7,0,0,0,0,0,1
230400,36.828,0.0,0,0,1,0,7.945,0.373,1,1,1,0,14.433,0.0,0,0.0,0,0,0,1,0,1,0,1,0,0,0,12192.0,2,1,1,1,0,0,1,3,7.7,275.2,0,0,0,0,0,1
230500,36.828,0.0,0,0,1,0,7.989,0.435,1,1,1,0,14.433,0.0,0,0.0,0,0,0,1,0,1,0,1,0,0,0,12192.0,2,1,1,1,0,0,1,3,7.6,272.2,0,0,0,0,0,1
230600,36.828,0.0,0,0,1,0,8.039,0.497,1,1,1,0,14.433,0.0,0,0.0,0,0,0,1,0,1,0,1,0,0,0,12192.0,2,1,1,1,0,0,1,3,7.8,273.4,0,0,0,0,0,1
230700,36.828,0.0,0,0,1,0,8.094,0.559,1,1,1,0,14.433,0.0,0,0.0,0,0,0,1,0,1,0,1,0,0,0,12192.0,2,1,1,1,0,0,1,3,7.6,270.8,0,0,0,0,0,1
230800,36.828,0.0,0,0,1,0,8.157,0.621,1,1,1,0,14.433,0.0,0,0.0,0,0,0,1,0,1,0,1,0,0,0,12192.0,2,1,1,1,0,0,1,3,7.2,274.8,0,0,0,0,0,1
230900,36.828,0.0,0,0,1,0,8.225,0.683,1,1,1,0,14.433,0.0,0,0.0,0,0,0,1,0,1,0,1,0,0,0,12192.0,2,1,1,1,0,0,1,3,7.6,270.8,0,0,0,0,0,1
231000,36.828,0.0,0,0,1,0,8.299,0.745,1,1,1,0,14.433,0.0,0,0.0,0,0,0,1,0,1,0,1,0,0,0,12192.0,2,1,1,1,0,0,1,3,7.3,269.4,0,0,0,0,0,1
231100,36.828,0.0,0,0,1,0,8.38,0.807,1,1,1,0,14.433,0.0,0,0.0,0,0,0,1,0,1,0,1,0,0,0,12192.0,2,1,1,1,0,0,1,3,7.7,273.3,0,0,0,0,0,1
231200,36.828,0.0,0,0,1,0,8.467,0.869,1,1,1,0,14.433,0.0,0,0.0,0,0,0,1,0,1,0,1,0,0,0,12192.0,2,1,1,1,0,0,1,3,7.5,267.6,0,0,0,0,0,1
231300,36.828,0.0,0,0,1,0,8.56,0.931,1,1,1,0,14.433,0.0,0,0.0,0,0,0,1,0,1,0,1,0,0,0,12192.0,2,1,1,1,0,0,1,3,7.0,269.0,0,0,0,0,0,1
231400,36.828,0.0,0,0,1,0,8.659,0.993,1,1,1,0,14.433,0.0,0,0.0,0,0,0,1,0,1,0,1,0,0,0,12192.0,2,1,1,1,0,0,1,3,8.0,268.2,0,0,0,0,0,1
231500,36.828,0.0,0,0,1,0,8.765,1.055,1,1,1,0,14.433,0.0,0,0.0,0,0,0,1,0,1,0,1,0,0,0,12192.0,2,1,1,1,0,0,1,3,7.1,262.2,0,0,0,0,0,1
231600,36.828,0.0,0,0,1,0,8.877,1.118,1,1,1,0,14.433,0.0,0,0.0,0,0,0,1,0,1,0,1,0,0,0,12192.0,2,1,1,1,0,0,1,3,7.7,271.4,0,0,0,0,0,1
231700,36.828,0.0,0,0,1,0,8.995,1.18,1,1,1,0,14.433,0.0,0,0.0,0,0,0,1,0,1,0,1,0,0,0,12192.0,2,1,1,1,0,0,1,3,7.8,271.0,0,0,0,0,0,1
231800,36.828,0.0,0,0,1,0,9.119,1.242,1,1,1,0,14.433,0.0,0,0.0,0,0,0,1,0,1,0,1,0,0,0,12192.0,2,1,1,1,0,0,1,3,7.0,270.7,0,0,0,0,0,1
231900,36.828,0.0,0,0,1,0,9.249,1.304,1,1,1,0,14.433,0.0,0,0.0,0,0,0,1,0,1,0,1,0,0,0,12192.0,2,1,1,1,0,0,1,3,7.0,270.9,0,0,0,0,0,1
232000,36.828,0.0,0,0,1,0,9.386,1.366,1,1,1,0,14.433,0.0,0,0.0,0,0,0,1,0,1,0,1,0,0,0,12192.0,2,1,1,1,0,0,1,3,7.8,271.8,0,0,0,0,0,1
232100,36.828,0.0,0,0,1,0,9.529,1.428,1,1,1,0,14.433,0.0,0,0.0,0,0,0,1,0,1,0,1,0,0,0,12192.0,2,1,1,1,0,0,1,3,7.9,267.9,0,0,0,0,0,1
232200,36.828,0.0,0,0,1,0,9.678,1.49,1,1,1,0,14.433,0.0,0,0.0,0,0,0,1,0,1,0,1,0,0,0,12192.0,2,1,1,1,0,0,1,3,7.1,274.2,0,0,0,0,0,1
232300,36.828,0.0,0,0,1,0,9.833,1.552,1,1,1,0,14.433,0.0,0,0.0,0,0,0,1,0,1,0,1,0,0,0,12192.0,2,1,1,1,0,0,1,3,7.1,272.5,0,0,0,0,0,1
232400,36.828,0.0,0,0,1,0,9.994,1.614,1,1,1,0,14.433,0.0,0,0.0,0,0,0,1,0,1,0,1,0,0,0,12192.0,2,1,1,1,0,0,1,3,7.3,269.5,0,0,0,0,0,1
232500,36.828,0.0,0,0,1,0,10.162,1.676,1,1,1,0,14.433,0.0,0,0.0,0,0,0,1,0,1,0,1,0,0,0,12192.0,2,1,1,1,0,0,1,3,7.2,270.5,0,0,0,0,0,1
232600,36.828,0.0,0,0,1,0,10.336,1.738,1,1,1,0,14.433,0.0,0,0.0,0,0,0,1,0,1,0,1,0,0,0,12192.0,2,1,1,1,0,0,1,3,7.4,272.3,0,0,0,0,0,1
232700,36.828,0.0,0,0,1,0,10.516,1.8,1,1,1,0,14.433,0.0,0,0.0,0,0,0,1,0,1,0,1,0,0,0,12192.0,2,1,1,1,0,0,1,3,7.2,268.8,0,0,0,0,0,1
232800,36.828,0.0,0,0,1,0,10.702,1.863,1,1,1,0,14.433,0.0,0,0.0,0,0,0,1,0,1,0,1,0,0,0,12192.0,2,1,1,1,0,0,1,3,8.4,270.1,0,0,0,0,0,1
232900,36.828,0.0,0,0,1,0,10.894,1.925,1,1,1,0,14.433,0.0,0,0.0,0,0,0,1,0,1,0,1,0,0,0,12192.0,2,1,1,1,0,0,1,3,7.9,266.9,0,0,0,0,0,1
233000,36.828,0.0,0,0,1,0,11.093,1.987,1,1,1,0,14.433,0.0,0,0.0,0,0,0,1,0,1,0,1,0,0,0,12192.0,2,1,1,1,0,0,1,3,8.4,268.9,0,0,0,0,0,1
233100,36.828,0.0,0,0,1,0,11.298,2.049,1,1,1,0,14.433,0.0,0,0.0,0,0,0,1,0,1,0,1,0,0,0,12192.0,2,1,1,1,0,0,1,3,8.1,273.6,0,0,0,0,0,1
233200,36.828,0.0,0,0,1,0,11.509,2.111,1,1,1,0,14.433,0.0,0,0.0,0,0,0,1,0,1,0,1,0,0,0,12192.0,2,1,1,1,0,0,1,3,7.4,266.6,0,0,0,0,0,1
233300,36.828,0.0,0,0,1,0,11.726,2.173,1,1,1,0,14.433,0.0,0,0.0,0,0,0,1,0,1,0,1,0,0,0,12192.0,2,1,1,1,0,0,1,3,8.0,274.5,0,0,0,0,0,1
233400,36.828,0.0,0,0,1,0,11.95,2.235,1,1,1,0,14.433,0.0,0,0.0,0,0,0,1,0,1,0,1,0,0,0,12192.0,2,1,1,1,0,0,1,3,8.5,268.8,0,0,0,0,0,1
233500,36.828,0.0,0,0,1,0,12.18,2.297,1,1,1,0,14.433,0.0,0,0.0,0,0,0,1,0,1,0,1,0,0,0,12192.0,2,1,1,1,0,0,1,3,8.4,273.1,0,0,0,0,0,1
233600,36.828,0.0,0,0,1,0,12.416,2.359,1,1,1,0,14.433,0.0,0,0.0,0,0,0,1,0,1,0,1,0,0,0,12192.0,2,1,1,1,0,0,1,3,8.3,269.8,0,0,0,0,0,1
233700,36.828,0.0,0,0,1,0,12.658,2.421,1,1,1,0,14.433,0.0,0,0.0,0,0,0,1,0,1,0,1,0,0,0,12192.0,2,1,1,1,0,0,1,3,8.7,268.1,0,0,0,0,0,1
233800,36.828,0.0,0,0,1,0,12.906,2.483,1,1,1,0,14.433,0.0,0,0.0,0,0,0,1,0,1,0,1,0,0,0,12192.0,2,1,1,1,0,0,1,3,7.4,269.3,0,0,0,0,0,1
233900,36.828,0.0,0,0,1,0,13.161,2.545,1,1,1,0,14.433,0.0,0,0.0,0,0,0,1,0,1,0,1,0,0,0,12192.0,2,1,1,1,0,0,1,3,8.3,266.1,0,0,0,0,0,1
234000,36.828,0.0,0,0,1,0,13.421,2.608,1,1,1,0,14.433,0.0,0,0.0,0,0,0,1,0,1,0,1,0,0,0,12192.0,2,1,1,1,0,0,1,3,8.6,263.7,0,0,0,0,0,1
234100,36.828,0.0,0,0,1,0,13.688,2.67,1,1,1,0,14.433,0.0,0,0.0,0,0,0,1,0,1,0,1,0,0,0,12192.0,2,1,1,1,0,0,1,3,8.6,270.2,0,0,0,0,0,1
234200,36.828,0.0,0,0,1,0,13.961,2.732,1,1,1,0,14.433,0.0,0,0.0,0,0,0,1,0,1,0,1,0,0,0,12192.0,2,1,1,1,0,0,1,3,8.4,268.8,0,0,0,0,0,1
234300,36.828,0.0,0,0,1,0,14.241,2.794,1,1,1,0,14.433,0.0,0,0.0,0,0,0,1,0,1,0,1,0,0,0,12192.0,2,1,1,1,0,0,1,3,8.0,271.9,0,0,0,0,0,1
234400,36.828,0.0,0,0,1,0,14.526,2.856,1,1,1,0,14.433,0.0,0,0.0,0,0,0,1,0,1,0,1,0,0,0,12192.0,2,1,1,1,0,0,1,3,7.9,269.3,0,0,0,0,0,1
234500,36.828,0.0,0,0,1,0,14.818,2.918,1,1,1,0,14.433,0.0,0,0.0,0,0,0,1,0,1,0,1,0,0,0,12192.0,2,1,1,1,0,0,1,3,8.0,271.4,0,0,0,0,0,1
234600,36.828,0.0,0,0,1,0,15.116,2.98,1,1,1,0,14.433,0.0,0,0.0,0,0,0,1,0,1,0,1,0,0,0,12192.0,2,1,1,1,0,0,1,3,9.0,265.5,0,0,0,0,0,1
234700,36.828,0.0,0,0,1,0,15.42,3.042,1,1,1,0,14.433,0.0,0,0.0,0,0,0,1,0,1,0,1,0,0,0,12192.0,2,1,1,1,0,0,1,3,8.1,270.4,0,0,0,0,0,1
234800,36.828,0.0,0,0,1,0,15.731,3.104,1,1,1,0,14.433,0.0,0,0.0,0,0,0,1,0,1,0,1,0,0,0,12192.0,2,1,1,1,0,0,1,3,8.6,271.7,0,0,0,0,0,1
234900,36.828,0.0,0,0,1,0,16.048,3.166,1,1,1,0,14.433,0.0,0,0.0,0,0,0,1,0,1,0,1,0,0,0,12192.0,2,1,1,1,0,0,1,3,8.5,271.2,0,0,0,0,0,1
235000,36.828,0.0,0,0,1,0,16.37,3.228,1,1,1,0,14.433,0.0,0,0.0,0,0,0,1,0,1,0,1,0,0,0,12192.0,2,1,1,1,0,0,1,3,8.7,268.9,0,0,0,0,0,1
235100,36.828,0.0,0,0,1,0,16.699,3.29,1,1,1,0,14.433,0.0,0,0.0,0,0,0,1,0,1,0,1,0,0,0,12192.0,2,1,1,1,0,0,1,3,8.9,271.3,0,0,0,0,0,1
235200,36.828,0.0,0,0,1,0,17.035,3.353,1,1,1,0,14.433,0.0,0,0.0,0,0,0,1,0,1,0,1,0,0,0,12192.0,2,1,1,1,0,0,1,3,8.1,270.2,0,0,0,0,0,1
235300,36.828,0.0,0,0,1,0,17.376,3.415,1,1,1,0,14.433,0.0,0,0.0,0,0,0,1,0,1,0,1,0,0,0,12192.0,2,1,1,1,0,0,1,3,8.6,270.2,0,0,0,0,0,1
235400,36.828,0.0,0,0,1,0,17.724,3.477,1,1,1,0,14.433,0.0,0,0.0,0,0,0,1,0,1,0,1,0,0,0,12192.0,2,1,1,1,0,0,1,3,8.2,273.9,0,0,0,0,0,1
235500,36.828,0.0,0,0,1,0,18.078,3.539,1,1,1,0,14.433,0.0,0,0.0,0,0,0,1,0,1,0,1,0,0,0,12192.0,2,1,1,1,0,0,1,3,8.7,270.6,0,0,0,0,0,1
235600,36.828,0.0,0,0,1,0,18.432,3.539,1,1,1,0,14.433,0.0,0,0.0,0,0,0,1,0,1,0,1,0,0,0,12192.0,2,1,1,1,0,0,1,3,8.5,271.9,0,0,0,0,0,1
235700,36.828,0.0,0,0,1,0,18.785,3.539,1,1,1,0,14.433,0.0,0,0.0,0,0,0,1,0,1,0,1,0,0,0,12192.0,2,1,1,1,0,0,1,3,8.5,270.6,0,0,0,0,0,1
235800,36.828,0.0,0,0,1,0,19.139,3.539,1,1,1,0,14.433,0.0,0,0.0,0,0,0,1,0,1,0,1,0,0,0,12192.0,2,1,1,1,0,0,1,3,8.8,270.2,0,0,0,0,0,1
235900,36.828,0.0,0,0,1,0,19.493,3.539,1,1,1,0,14.433,0.0,0,0.0,0,0,0,1,0,1,0,1,0,0,0,12192.0,2,1,1,1,0,0,1,3,8.7,275.8,0,0,0,0,0,1
236000,36.828,0.0,0,0,1,0,19.847,3.539,1,1,1,0,14.433,0.0,0,0.0,0,0,0,1,0,1,0,1,0,0,0,12192.0,2,1,1,1,0,0,1,3,9.1,269.3,0,0,0,0,0,1
236100,36.828,0.0,0,0,1,0,20.201,3.539,1,1,1,0,14.433,0.0,0,0.0,0,0,0,1,0,1,0,1,0,0,0,12192.0,2,1,1,1,0,0,1,3,8.5,269.7,0,0,0,0,0,1
236200,36.828,0.0,0,0,1,0,20.555,3.539,1,1,1,0,14.433,0.0,0,0.0,0,0,0,1,0,1,0,1,0,0,0,12192.0,2,1,1,1,0,0,1,3,8.3,265.8,0,0,0,0,0,1
236300,36.828,0.0,0,0,1,0,20.909,3.539,1,1,1,0,14.433,0.0,0,0.0,0,0,0,1,0,1,0,1,0,0,0,12192.0,2,1,1,1,0,0,1,3,8.6,272.4,0,0,0,0,0,1
236400,36.828,0.0,0,0,1,0,21.262,3.539,1,1,1,0,14.433,0.0,0,0.0,0,0,0,1,0,1,0,1,0,0,0,12192.0,2,1,1,1,0,0,1,3,8.6,268.4,0,0,0,0,0,1
236500,36.828,0.0,0,0,1,0,21.616,3.539,1,1,1,0,14.433,0.0,0,0.0,0,0,0,1,0,1,0,1,0,0,0,12192.0,2,1,1,1,0,0,1,3,8.5,271.3,0,0,0,0,0,1
236600,36.828,0.0,0,0,1,0,21.97,3.539,1,1,1,0,14.433,0.0,0,0.0,0,0,0,1,0,1,0,1,0,0,0,12192.0,2,1,1,1,0,0,1,3,9.2,271.6,0,0,0,0,0,1
236700,36.828,0.0,0,0,1,0,22.324,3.539,1,1,1,0,14.433,0.0,0,0.0,0,0,0,1,0,1,0,1,0,0,0,12192.0,2,1,1,1,0,0,1,3,8.8,275.5,0,0,0,0,0,1
236800,36.828,0.0,0,0,1,0,22.678,3.539,1,1,1,0,14.433,0.0,0,0.0,0,0,0,1,0,1,0,1,0,0,0,12192.0,2,1,1,1,0,0,1,3,8.5,272.4,0,0,0,0,0,1
236900,36.828,0.0,0,0,1,0,23.032,3.539,1,1,1,0,14.433,0.0,0,0.0,0,0,0,1,0,1,0,1,0,0,0,12192.0,2,1,1,1,0,0,1,3,8.5,266.2,0,0,0,0,0,1
237000,36.828,0.0,0,0,1,0,23.386,3.539,1,1,1,0,14.433,0.0,0,0.0,0,0,0,1,0,1,0,1,0,0,0,12192.0,2,1,1,1,0,0,1,3,8.7,271.5,0,0,0,0,0,1
237100,36.828,0.0,0,0,1,0,23.739,3.539,1,1,1,0,14.433,0.0,0,0.0,0,0,0,1,0,1,0,1,0,0,0,12192.0,2,1,1,1,0,0,1,3,9.1,268.0,0,0,0,0,0,1
237200,36.828,0.0,0,0,1,0,24.093,3.539,1,1,1,0,14.433,0.0,0,0.0,0,0,0,1,0,1,0,1,0,0,0,12192.0,2,1,1,1,0,0,1,3,7.7,269.2,0,0,0,0,0,1
237300,36.828,0.0,0,0,1,0,24.447,3.539,1,1,1,0,14.433,0.0,0,0.0,0,0,0,1,0,1,0,1,0,0,0,12192.0,2,1,1,1,0,0,1,3,7.4,267.7,0,0,0,0,0,1
237400,36.828,0.0,0,0,1,0,24.801,3.539,1,1,1,0,14.433,0.0,0,0.0,0,0,0,1,0,1,0,1,0,0,0,12192.0,2,1,1,1,0,0,1,3,7.7,270.8,0,0,0,0,0,1
237500,36.828,0.0,0,0,1,0,25.155,3.539,1,1,1,0,14.433,0.0,0,0.0,0,0,0,1,0,1,0,1,0,0,0,12192.0,2,1,1,1,0,0,1,3,8.2,267.7,0,0,0,0,0,1
237600,36.828,0.0,0,0,1,0,25.509,3.539,1,1,1,0,14.433,0.0,0,0.0,0,0,0,1,0,1,0,1,0,0,0,12192.0,2,1,1,1,0,0,1,3,8.1,272.2,0,0,0,0,0,1
237700,36.828,0.0,0,0,1,0,25.863,3.539,1,1,1,0,14.433,0.0,0,0.0,0,0,0,1,0,1,0,1,0,0,0,12192.0,2,1,1,1,0,0,1,3,8.1,266.9,0,0,0,0,0,1
237800,36.828,0.0,0,0,1,0,26.216,3.539,1,1,1,0,14.433,0.0,0,0.0,0,0,0,1,0,1,0,1,0,0,0,12192.0,2,1,1,1,0,0,1,3,8.6,269.8,0,0,0,0,0,1
237900,36.828,0.0,0,0,1,0,26.57,3.539,1,1,1,0,14.433,0.0,0,0.0,0,0,0,1,0,1,0,1,0,0,0,12192.0,2,1,1,1,0,0,1,3,7.5,268.7,0,0,0,0,0,1
238000,36.828,0.0,0,0,1,0,26.924,3.539,1,1,1,0,14.433,0.0,0,0.0,0,0,0,1,0,1,0,1,0,0,0,12192.0,2,1,1,1,0,0,1,3,8.2,274.1,0,0,0,0,0,1
238100,36.828,0.0,0,0,1,0,27.278,3.539,1,1,1,0,14.433,0.0,0,0.0,0,0,0,1,0,1,0,1,0,0,0,12192.0,2,1,1,1,0,0,1,3,7.6,268.2,0,0,0,0,0,1
238200,36.828,0.0,0,0,1,0,27.632,3.539,1,1,1,0,14.433,0.0,0,0.0,0,0,0,1,0,1,0,1,0,0,0,12192.0,2,1,1,1,0,0,1,3,7.4,270.9,0,0,0,0,0,1
238300,36.828,0.0,0,0,1,0,27.986,3.539,1,1,1,0,14.433,0.0,0,0.0,0,0,0,1,0,1,0,1,0,0,0,12192.0,2,1,1,1,0,0,1,3,7.8,270.8,0,0,0,0,0,1
238400,36.828,0.0,0,0,1,0,28.34,3.539,1,1,1,0,14.433,0.0,0,0.0,0,0,0,1,0,1,0,1,0,0,0,12192.0,2,1,1,1,0,0,1,3,7.9,272.3,0,0,0,0,0,1
238500,36.828,0.0,0,0,1,0,28.694,3.539,1,1,1,0,14.433,0.0,0,0.0,0,0,0,1,0,1,0,1,0,0,0,12192.0,2,1,1,1,0,0,1,3,7.1,273.0,0,0,0,0,0,1
238600,36.828,0.0,0,0,1,0,29.047,3.539,1,1,1,0,14.433,0.0,0,0.0,0,0,0,1,0,1,0,1,0,0,0,12192.0,2,1,1,1,0,0,1,3,7.7,270.3,0,0,0,0,0,1
238700,36.828,0.0,0,0,1,0,29.401,3.539,1,1,1,0,14.433,0.0,0,0.0,0,0,0,1,0,1,0,1,0,0,0,12192.0,2,1,1,1,0,0,1,3,8.1,267.3,0,0,0,0,0,1
238800,36.828,0.0,0,0,1,0,29.755,3.539,1,1,1,0,14.433,0.0,0,0.0,0,0,0,1,0,1,0,1,0,0,0,12192.0,2,1,1,1,0,0,1,3,7.7,266.1,0,0,0,0,0,1
238900,36.828,0.0,0,0,1,0,30.103,3.477,1,1,1,0,14.433,0.0,0,0.0,0,0,0,1,0,1,0,1,0,0,0,12192.0,2,1,1,1,0,0,1,3,7.8,267.2,0,0,0,0,0,1
239000,36.828,0.0,0,0,1,0,30.444,3.414,1,1,1,0,14.433,0.0,0,0.0,0,0,0,1,0,1,0,1,0,0,0,12192.0,2,1,1,1,0,0,1,3,8.1,274.2,0,0,0,0,0,1
239100,36.828,0.0,0,0,1,0,30.779,3.352,1,1,1,0,14.433,0.0,0,0.0,0,0,0,1,0,1,0,1,0,0,0,12192.0,2,1,1,1,0,0,1,3,7.4,271.4,0,0,0,0,0,1
239200,36.828,0.0,0,0,1,0,31.108,3.289,1,1,1,0,14.433,0.0,0,0.0,0,0,0,1,0,1,0,1,0,0,0,12192.0,2,1,1,1,0,0,1,3,7.2,270.5,0,0,0,0,0,1
239300,36.828,0.0,0,0,1,0,31.431,3.226,1,1,1,0,14.433,0.0,0,0.0,0,0,0,1,0,1,0,1,0,0,0,12192.0,2,1,1,1,0,0,1,3,7.6,267.4,0,0,0,0,0,1
239400,36.828,0.0,0,0,1,0,31.747,3.163,1,1,1,0,14.433,0.0,0,0.0,0,0,0,1,0,1,0,1,0,0,0,12192.0,2,1,1,1,0,0,1,3,7.4,272.2,0,0,0,0,0,1
239500,36.828,0.0,0,0,1,0,32.057,3.101,1,1,1,0,14.433,0.0,0,0.0,0,0,0,1,0,1,0,1,0,0,0,12192.0,2,1,1,1,0,0,1,3,7.4,270.6,0,0,0,0,0,1
239600,36.828,0.0,0,0,1,0,32.361,3.038,1,1,1,0,14.433,0.0,0,0.0,0,0,0,1,0,1,0,1,0,0,0,12192.0,2,1,1,1,0,0,1,3,7.7,274.1,0,0,0,0,0,1
239700,36.828,0.0,0,0,1,0,32.659,2.975,1,1,1,0,14.433,0.0,0,0.0,0,0,0,1,0,1,0,1,0,0,0,12192.0,2,1,1,1,0,0,1,3,7.5,264.9,0,0,0,0,0,1
239800,36.828,0.0,0,0,1,0,32.95,2.913,1,1,1,0,14.433,0.0,0,0.0,0,0,0,1,0,1,0,1,0,0,0,12192.0,2,1,1,1,0,0,1,3,7.3,270.3,0,0,0,0,0,1
239900,36.828,0.0,0,0,1,0,33.235,2.85,1,1,1,0,14.433,0.0,0,0.0,0,0,0,1,0,1,0,1,0,0,0,12192.0,2,1,1,1,0,0,1,3,7.9,266.0,0,0,0,0,0,1
240000,36.828,0.0,0,0,1,0,33.514,2.787,1,1,1,0,14.433,0.0,0,0.0,0,0,0,1,0,1,0,1,0,0,0,12192.0,2,1,1,1,0,0,1,3,7.5,269.0,0,0,0,0,0,1
240100,36.828,0.0,0,0,1,0,33.786,2.724,1,1,1,0,14.433,0.0,0,0.0,0,0,0,1,0,1,0,1,0,0,0,12192.0,2,1,1,1,0,0,1,3,7.1,267.6,0,0,0,0,0,1
240200,36.828,0.0,0,0,1,0,34.052,2.661,1,1,1,0,14.433,0.0,0,0.0,0,0,0,1,0,1,0,1,0,0,0,12192.0,2,1,1,1,0,0,1,3,7.5,266.9,0,0,0,0,0,1
240300,36.828,0.0,0,0,1,0,34.312,2.599,1,1,1,0,14.433,0.0,0,0.0,0,0,0,1,0,1,0,1,0,0,0,12192.0,2,1,1,1,0,0,1,3,7.3,272.6,0,0,0,0,0,1
240400,36.828,0.0,0,0,1,0,34.566,2.536,1,1,1,0,14.433,0.0,0,0.0,0,0,0,1,0,1,0,1,0,0,0,12192.0,2,1,1,1,0,0,1,3,8.0,272.1,0,0,0,0,0,1
240500,36.828,0.0,0,0,1,0,34.813,2.473,1,1,1,0,14.433,0.0,0,0.0,0,0,0,1,0,1,0,1,0,0,0,12192.0,2,1,1,1,0,0,1,3,7.0,268.2,0,0,0,0,0,1
240600,36.828,0.0,0,0,1,0,35.054,2.41,1,1,1,0,14.433,0.0,0,0.0,0,0,0,1,0,1,0,1,0,0,0,12192.0,2,1,1,1,0,0,1,3,7.8,268.5,0,0,0,0,0,1
240700,36.828,0.0,0,0,1,0,35.289,2.347,1,1,1,0,14.433,0.0,0,0.0,0,0,0,1,0,1,0,1,0,0,0,12192.0,2,1,1,1,0,0,1,3,6.9,264.7,0,0,0,0,0,1
240800,36.828,0.0,0,0,1,0,35.517,2.284,1,1,1,0,14.433,0.0,0,0.0,0,0,0,1,0,1,0,1,0,0,0,12192.0,2,1,1,1,0,0,1,3,7.2,270.3,0,0,0,0,0,1
240900,36.828,0.0,0,0,1,0,35.739,2.221,1,1,1,0,14.433,0.0,0,0.0,0,0,0,1,0,1,0,1,0,0,0,12192.0,2,1,1,1,0,0,1,3,7.4,269.5,0,0,0,0,0,1
241000,36.828,0.0,0,0,1,0,35.955,2.158,1,1,1,0,14.433,0.0,0,0.0,0,0,0,1,0,1,0,1,0,0,0,12192.0,2,1,1,1,0,0,1,3,7.5,269.7,0,0,0,0,0,1
241100,36.828,0.0,0,0,1,0,36.164,2.095,1,1,1,0,14.433,0.0,0,0.0,0,0,0,1,0,1,0,1,0,0,0,12192.0,2,1,1,1,0,0,1,3,8.6,269.0,0,0,0,0,0,1
241200,36.828,0.0,0,0,1,0,36.368,2.032,1,1,1,0,14.433,0.0,0,0.0,0,0,0,1,0,1,0,1,0,0,0,12192.0,2,1,1,1,0,0,1,3,7.7,272.8,0,0,0,0,0,1
241300,36.828,0.0,0,0,1,0,36.565,1.969,1,1,1,0,14.433,0.0,0,0.0,0,0,0,1,0,1,0,1,0,0,0,12192.0,2,1,1,1,0,0,1,3,7.6,269.7,0,0,0,0,0,1
241400,36.828,0.0,0,0,1,0,36.755,1.906,1,1,1,0,14.433,0.0,0,0.0,0,0,0,1,0,1,0,1,0,0,0,12192.0,2,1,1,1,0,0,1,3,7.2,269.8,0,0,0,0,0,1
241500,36.828,0.0,0,0,1,0,36.939,1.843,1,1,1,0,14.433,0.0,0,0.0,0,0,0,1,0,1,0,1,0,0,0,12192.0,2,1,1,1,0,0,1,3,7.7,270.7,0,0,0,0,0,1
241600,36.828,0.0,0,0,1,0,37.117,1.78,1,1,1,0,14.433,0.0,0,0.0,0,0,0,1,0,1,0,1,0,0,0,12192.0,2,1,1,1,0,0,1,3,7.5,266.5,0,0,0,0,0,1
241700,36.828,0.0,0,0,1,0,37.289,1.717,1,1,1,0,14.433,0.0,0,0.0,0,0,0,1,0,1,0,1,0,0,0,12192.0,2,1,1,1,0,0,1,3,7.9,269.6,0,0,0,0,0,1
241800,36.828,0.0,0,0,1,0,37.454,1.653,1,1,1,0,14.433,0.0,0,0.0,0,0,0,1,0,1,0,1,0,0,0,12192.0,2,1,1,1,0,0,1,3,7.8,272.6,0,0,0,0,0,1
241900,36.828,0.0,0,0,1,0,37.613,1.59,1,1,1,0,14.433,0.0,0,0.0,0,0,0,1,0,1,0,1,0,0,0,12192.0,2,1,1,1,0,0,1,3,8.1,271.9,0,0,0,0,0,1
242000,36.828,0.0,0,0,1,0,37.766,1.527,1,1,1,0,14.433,0.0,0,0.0,0,0,0,1,0,1,0,1,0,0,0,12192.0,2,1,1,1,0,0,1,3,8.2,268.9,0,0,0,0,0,1
242100,36.828,0.0,0,0,1,0,37.912,1.463,1,1,1,0,14.433,0.0,0,0.0,0,0,0,1,0,1,0,1,0,0,0,12192.0,2,1,1,1,0,0,1,3,8.5,271.8,0,0,0,0,0,1
242200,36.828,0.0,0,0,1,0,38.052,1.4,1,1,1,0,14.433,0.0,0,0.0,0,0,0,1,0,1,0,1,0,0,0,12192.0,2,1,1,1,0,0,1,3,8.5,272.7,0,0,0,0,0,1
242300,36.828,0.0,0,0,1,0,38.186,1.336,1,1,1,0,14.433,0.0,0,0.0,0,0,0,1,0,1,0,1,0,0,0,12192.0,2,1,1,1,0,0,1,3,7.2,272.4,0,0,0,0,0,1
242400,36.828,0.0,0,0,1,0,38.313,1.273,1,1,1,0,14.433,0.0,0,0.0,0,0,0,1,0,1,0,1,0,0,0,12192.0,2,1,1,1,0,0,1,3,8.0,273.6,0,0,0,0,0,1
242500,36.828,0.0,0,0,1,0,38.434,1.209,1,1,1,0,14.433,0.0,0,0.0,0,0,0,1,0,1,0,1,0,0,0,12192.0,2,1,1,1,0,0,1,3,8.3,270.5,0,0,0,0,0,1
242600,36.828,0.0,0,0,1,0,38.549,1.145,1,1,1,0,14.433,0.0,0,0.0,0,0,0,1,0,1,0,1,0,0,0,12192.0,2,1,1,1,0,0,1,3,8.0,268.8,0,0,0,0,0,1
242700,36.828,0.0,0,0,1,0,38.657,1.081,1,1,1,0,14.433,0.0,0,0.0,0,0,0,1,0,1,0,1,0,0,0,12192.0,2,1,1,1,0,0,1,3,8.2,267.6,0,0,0,0,0,1
242800,36.828,0.0,0,0,1,0,38.759,1.017,1,1,1,0,14.433,0.0,0,0.0,0,0,0,1,0,1,0,1,0,0,0,12192.0,2,1,1,1,0,0,1,3,7.8,270.5,0,0,0,0,0,1
242900,36.828,0.0,0,0,1,0,38.854,0.953,1,1,1,0,14.433,0.0,0,0.0,0,0,0,1,0,1,0,1,0,0,0,12192.0,2,1,1,1,0,0,1,3,8.7,270.4,0,0,0,0,0,1
243000,36.828,0.0,0,0,1,0,38.943,0.889,1,1,1,0,14.433,0.0,0,0.0,0,0,0,1,0,1,0,1,0,0,0,12192.0,2,1,1,1,0,0,1,3,8.3,273.4,0,0,0,0,0,1
243100,36.828,0.0,0,0,1,0,39.025,0.825,1,1,1,0,14.433,0.0,0,0.0,0,0,0,1,0,1,0,1,0,0,0,12192.0,2,1,1,1,0,0,1,3,8.4,267.9,0,0,0,0,0,1
243200,36.828,0.0,0,0,1,0,39.101,0.76,1,1,1,0,14.433,0.0,0,0.0,0,0,0,1,0,1,0,1,0,0,0,12192.0,2,1,1,1,0,0,1,3,7.8,269.1,0,0,0,0,0,1
243300,36.828,0.0,0,0,1,0,39.171,0.695,1,1,1,0,14.433,0.0,0,0.0,0,0,0,1,0,1,0,1,0,0,0,12192.0,2,1,1,1,0,0,1,3,8.1,268.8,0,0,0,0,0,1
243400,36.828,0.0,0,0,1,0,39.234,0.63,1,1,1,0,14.433,0.0,0,0.0,0,0,0,1,0,1,0,1,0,0,0,12192.0,2,1,1,1,0,0,1,3,7.8,270.2,0,0,0,0,0,1
243500,36.828,0.0,0,0,1,0,39.29,0.565,1,1,1,0,14.433,0.0,0,0.0,0,0,0,1,0,1,0,1,0,0,0,12192.0,2,1,1,1,0,0,1,3,8.3,268.7,0,0,0,0,0,1
243600,36.828,0.0,0,0,1,0,39.34,0.499,1,1,1,0,14.433,0.0,0,0.0,0,0,0,1,0,1,0,1,0,0,0,12192.0,2,1,1,1,0,0,1,3,8.4,269.7,0,0,0,0,0,1
243700,36.828,0.0,0,0,1,0,39.383,0.432,1,1,1,0,14.433,0.0,0,0.0,0,0,0,1,0,1,0,1,0,0,0,12192.0,2,1,1,1,0,0,1,3,8.1,270.2,0,0,0,0,0,1
243800,36.828,0.0,0,0,1,0,39.42,0.365,1,1,1,0,14.433,0.0,0,0.0,0,0,0,1,0,1,0,1,0,0,0,12192.0,2,1,1,1,0,0,1,3,8.5,270.7,0,0,0,0,0,1
243900,36.828,0.0,0,0,1,0,39.449,0.296,1,1,1,0,14.433,0.0,0,0.0,0,0,0,1,0,1,0,1,0,0,0,12192.0,2,1,1,1,0,0,1,3,8.7,269.7,0,0,0,0,0,1
244000,36.828,0.0,0,0,1,0,39.472,0.226,1,1,1,0,14.433,0.0,0,0.0,0,0,0,1,0,1,0,1,0,0,0,12192.0,2,1,1,1,0,0,1,3,8.8,270.0,0,0,0,0,0,1
244100,36.828,0.0,0,0,1,0,39.487,0.151,1,1,1,0,14.433,0.0,0,0.0,0,0,0,1,0,1,0,1,0,0,0,12192.0,2,1,1,1,0,0,1,3,8.7,267.7,0,0,0,0,0,1
244200,36.828,0.0,0,0,1,0,39.494,0.064,1,1,1,0,14.433,0.0,0,0.0,0,0,0,1,0,1,0,1,0,0,0,12192.0,2,1,1,1,0,0,1,3,8.6,268.2,0,0,0,0,0,1
244300,36.828,0.0,0,0,0,0,39.494,0.0,0,0,0,0,14.433,0.0,0,0.0,0,0,0,0,0,1,0,1,0,0,0,12192.0,2,1,1,0,1,0,1,3,8.4,269.9,0,0,0,0,0,1
244400,36.828,0.0,0,0,1,0,39.494,0.0,0,0,1,0,14.428,-0.046,0,0.0,0,0,1,1,0,1,0,1,0,0,0,12192.0,2,1,1,1,0,0,1,3,8.4,271.1,0,0,0,0,0,1
244500,36.828,0.0,0,0,1,0,39.494,0.0,0,0,1,0,14.419,-0.093,0,0.0,0,0,1,1,0,1,0,1,0,0,0,12192.0,2,1,1,1,0,0,1,3,8.4,269.1,0,0,0,0,0,1
244600,36.828,0.0,0,0,1,0,39.494,0.0,0,0,1,0,14.405,-0.139,0,0.0,0,0,1,1,0,1,0,1,0,0,0,12192.0,2,1,1,1,0,0,1,3,8.6,274.7,0,0,0,0,0,1
244700,36.828,0.0,0,0,1,0,39.494,0.0,0,0,1,0,14.386,-0.186,0,0.0,0,0,1,1,0,1,0,1,0,0,0,12192.0,2,1,1,1,0,0,1,3,8.2,270.5,0,0,0,0,0,1
244800,36.828,0.0,0,0,1,0,39.494,0.0,0,0,1,0,14.363,-0.232,0,0.0,0,0,1,1,0,1,0,1,0,0,0,12192.0,2,1,1,1,0,0,1,3,8.4,271.6,0,0,0,0,0,1
244900,36.828,0.0,0,0,1,0,39.494,0.0,0,0,1,0,14.335,-0.278,0,0.0,0,0,1,1,0,1,0,1,0,0,0,12192.0,2,1,1,1,0,0,1,3,9.0,267.0,0,0,0,0,0,1
245000,36.828,0.0,0,0,1,0,39.494,0.0,0,0,1,0,14.303,-0.325,0,0.0,0,0,1,1,0,1,0,1,0,0,0,12192.0,2,1,1,1,0,0,1,3,8.0,274.5,0,0,0,0,0,1
245100,36.828,0.0,0,0,1,0,39.494,0.0,0,0,1,0,14.266,-0.371,0,0.0,0,0,1,1,0,1,0,1,0,0,0,12192.0,2,1,1,1,0,0,1,3,9.1,275.7,0,0,0,0,0,1
245200,36.828,0.0,0,0,1,0,39.494,0.0,0,0,1,0,14.224,-0.417,0,0.0,0,0,1,1,0,1,0,1,0,0,0,12192.0,2,1,1,1,0,0,1,3,9.0,265.0,0,0,0,0,0,1
245300,36.828,0.0,0,0,1,0,39.494,0.0,0,0,1,0,14.177,-0.464,0,0.0,0,0,1,1,0,1,0,1,0,0,0,12192.0,2,1,1,1,0,0,1,3,8.2,267.9,0,0,0,0,0,1
245400,36.828,0.0,0,0,1,0,39.494,0.0,0,0,1,0,14.126,-0.51,0,0.0,0,0,1,1,0,1,0,1,0,0,0,12192.0,2,1,1,1,0,0,1,3,8.4,273.0,0,0,0,0,0,1
245500,36.828,0.0,0,0,1,0,39.494,0.0,0,0,1,0,14.071,-0.557,0,0.0,0,0,1,1,0,1,0,1,0,0,0,12192.0,2,1,1,1,0,0,1,3,8.1,274.6,0,0,0,0,0,1
245600,36.828,0.0,0,0,1,0,39.494,0.0,0,0,1,0,14.011,-0.603,0,0.0,0,0,1,1,0,1,0,1,0,0,0,12192.0,2,1,1,1,0,0,1,3,8.4,271.1,0,0,0,0,0,1
245700,36.828,0.0,0,0,1,0,39.494,0.0,0,0,1,0,13.946,-0.649,0,0.0,0,0,1,1,0,1,0,1,0,0,0,12192.0,2,1,1,1,0,0,1,3,9.1,271.7,0,0,0,0,0,1
245800,36.828,0.0,0,0,1,0,39.494,0.0,0,0,1,0,13.876,-0.696,0,0.0,0,0,1,1,0,1,0,1,0,0,0,12192.0,2,1,1,1,0,0,1,3,7.8,273.7,0,0,0,0,0,1
245900,36.828,0.0,0,0,1,0,39.494,0.0,0,0,1,0,13.802,-0.742,0,0.0,0,0,1,1,0,1,0,1,0,0,0,12192.0,2,1,1,1,0,0,1,3,8.6,267.1,0,0,0,0,0,1
246000,36.828,0.0,0,0,1,0,39.494,0.0,0,0,1,0,13.723,-0.788,0,0.0,0,0,1,1,0,1,0,1,0,0,0,12192.0,2,1,1,1,0,0,1,3,8.0,268.3,0,0,0,0,0,1
246100,36.828,0.0,0,0,1,0,39.494,0.0,0,0,1,0,13.639,-0.835,0,0.0,0,0,1,1,0,1,0,1,0,0,0,12192.0,2,1,1,1,0,0,1,3,7.4,273.0,0,0,0,0,0,1
246200,36.828,0.0,0,0,1,0,39.494,0.0,0,0,1,0,13.551,-0.881,0,0.0,0,0,1,1,0,1,0,1,0,0,0,12192.0,2,1,1,1,0,0,1,3,7.9,269.1,0,0,0,0,0,1
246300,36.828,0.0,0,0,1,0,39.494,0.0,0,0,1,0,13.459,-0.928,0,0.0,0,0,1,1,0,1,0,1,0,0,0,12192.0,2,1,1,1,0,0,1,3,8.6,271.3,0,0,0,0,0,1
246400,36.828,0.0,0,0,1,0,39.494,0.0,0,0,1,0,13.361,-0.974,0,0.0,0,0,1,1,0,1,0,1,0,0,0,12192.0,2,1,1,1,0,0,1,3,7.9,268.8,0,0,0,0,0,1
246500,36.828,0.0,0,0,1,0,39.494,0.0,0,0,1,0,13.259,-1.02,0,0.0,0,0,1,1,0,1,0,1,0,0,0,12192.0,2,1,1,1,0,0,1,3,7.9,272.0,0,0,0,0,0,1
246600,36.828,0.0,0,0,1,0,39.494,0.0,0,0,1,0,13.153,-1.067,0,0.0,0,0,1,1,0,1,0,1,0,0,0,12192.0,2,1,1,1,0,0,1,3,7.5,270.8,0,0,0,0,0,1
246700,36.828,0.0,0,0,1,0,39.494,0.0,0,0,1,0,13.041,-1.113,0,0.0,0,0,1,1,0,1,0,1,0,0,0,12192.0,2,1,1,1,0,0,1,3,8.2,268.4,0,0,0,0,0,1
246800,36.828,0.0,0,0,1,0,39.494,0.0,0,0,1,0,12.925,-1.159,0,0.0,0,0,1,1,0,1,0,1,0,0,0,12192.0,2,1,1,1,0,0,1,3,8.5,273.7,0,0,0,0,0,1
246900,36.828,0.0,0,0,1,0,39.494,0.0,0,0,1,0,12.808,-1.168,0,0.0,0,0,1,1,0,1,0,1,0,0,0,12192.0,2,1,1,1,0,0,1,3,7.3,273.2,0,0,0,0,0,1
247000,36.828,0.0,0,0,1,0,39.494,0.0,0,0,1,0,12.692,-1.168,0,0.0,0,0,1,1,0,1,0,1,0,0,0,12192.0,2,1,1,1,0,0,1,3,8.3,265.8,0,0,0,0,0,1
247100,36.828,0.0,0,0,1,0,39.494,0.0,0,0,1,0,12.575,-1.168,0,0.0,0,0,1,1,0,1,0,1,0,0,0,12192.0,2,1,1,1,0,0,1,3,8.3,270.1,0,0,0,0,0,1
247200,36.828,0.0,0,0,1,0,39.494,0.0,0,0,1,0,12.458,-1.168,0,0.0,0,0,1,1,0,1,0,1,0,0,0,12192.0,2,1,1,1,0,0,1,3,8.2,268.4,0,0,0,0,0,1
247300,36.828,0.0,0,0,1,0,39.494,0.0,0,0,1,0,12.341,-1.168,0,0.0,0,0,1,1,0,1,0,1,0,0,0,12192.0,2,1,1,1,0,0,1,3,8.0,273.9,0,0,0,0,0,1
247400,36.828,0.0,0,0,1,0,39.494,0.0,0,0,1,0,12.224,-1.168,0,0.0,0,0,1,1,0,1,0,1,0,0,0,12192.0,2,1,1,1,0,0,1,3,7.8,269.2,0,0,0,0,0,1
247500,36.828,0.0,0,0,1,0,39.494,0.0,0,0,1,0,12.107,-1.168,0,0.0,0,0,1,1,0,1,0,1,0,0,0,12192.0,2,1,1,1,0,0,1,3,7.5,270.4,0,0,0,0,0,1
247600,36.828,0.0,0,0,1,0,39.494,0.0,0,0,1,0,11.991,-1.168,0,0.0,0,0,1,1,0,1,0,1,0,0,0,12192.0,2,1,1,1,0,0,1,3,7.2,267.7,0,0,0,0,0,1
247700,36.828,0.0,0,0,1,0,39.494,0.0,0,0,1,0,11.874,-1.168,0,0.0,0,0,1,1,0,1,0,1,0,0,0,12192.0,2,1,1,1,0,0,1,3,7.4,272.6,0,0,0,0,0,1
247800,36.828,0.0,0,0,1,0,39.494,0.0,0,0,1,0,11.757,-1.168,0,0.0,0,0,1,1,0,1,0,1,0,0,0,12192.0,2,1,1,1,0,0,1,3,7.9,273.5,0,0,0,0,0,1
247900,36.828,0.0,0,0,1,0,39.494,0.0,0,0,1,0,11.64,-1.168,0,0.0,0,0,1,1,0,1,0,1,0,0,0,12192.0,2,1,1,1,0,0,1,3,7.8,272.1,0,0,0,0,0,1
248000,36.828,0.0,0,0,1,0,39.494,0.0,0,0,1,0,11.523,-1.168,0,0.0,0,0,1,1,0,1,0,1,0,0,0,12192.0,2,1,1,1,0,0,1,3,7.4,267.7,0,0,0,0,0,1
248100,36.828,0.0,0,0,1,0,39.494,0.0,0,0,1,0,11.406,-1.168,0,0.0,0,0,1,1,0,1,0,1,0,0,0,12192.0,2,1,1,1,0,0,1,3,6.7,270.0,0,0,0,0,0,1
248200,36.828,0.0,0,0,1,0,39.494,0.0,0,0,1,0,11.29,-1.168,0,0.0,0,0,1,1,0,1,0,1,0,0,0,12192.0,2,1,1,1,0,0,1,3,7.1,265.9,0,0,0,0,0,1
248300,36.828,0.0,0,0,1,0,39.494,0.0,0,0,1,0,11.173,-1.168,0,0.0,0,0,1,1,0,1,0,1,0,0,0,12192.0,2,1,1,1,0,0,1,3,6.6,269.1,0,0,0,0,0,1
248400,36.828,0.0,0,0,1,0,39.494,0.0,0,0,1,0,11.056,-1.168,0,0.0,0,0,1,1,0,1,0,1,0,0,0,12192.0,2,1,1,1,0,0,1,3,7.0,269.1,0,0,0,0,0,1
248500,36.828,0.0,0,0,1,0,39.494,0.0,0,0,1,0,10.939,-1.168,0,0.0,0,0,1,1,0,1,0,1,0,0,0,12192.0,2,1,1,1,0,0,1,3,7.7,268.5,0,0,0,0,0,1
248600,36.828,0.0,0,0,1,0,39.494,0.0,0,0,1,0,10.822,-1.168,0,0.0,0,0,1,1,0,1,0,1,0,0,0,12192.0,2,1,1,1,0,0,1,3,8.1,272.2,0,0,0,0,0,1
248700,36.828,0.0,0,0,1,0,39.494,0.0,0,0,1,0,10.705,-1.168,0,0.0,0,0,1,1,0,1,0,1,0,0,0,12192.0,2,1,1,1,0,0,1,3,6.8,268.9,0,0,0,0,0,1
248800,36.828,0.0,0,0,1,0,39.494,0.0,0,0,1,0,10.589,-1.168,0,0.0,0,0,1,1,0,1,0,1,0,0,0,12192.0,2,1,1,1,0,0,1,3,7.3,271.3,0,0,0,0,0,1
248900,36.828,0.0,0,0,1,0,39.494,0.0,0,0,1,0,10.472,-1.168,0,0.0,0,0,1,1,0,1,0,1,0,0,0,12192.0,2,1,1,1,0,0,1,3,7.4,268.9,0,0,0,0,0,1
249000,36.828,0.0,0,0,1,0,39.494,0.0,0,0,1,0,10.355,-1.168,0,0.0,0,0,1,1,0,1,0,1,0,0,0,12192.0,2,1,1,1,0,0,1,3,7.8,271.2,0,0,0,0,0,1
249100,36.828,0.0,0,0,1,0,39.494,0.0,0,0,1,0,10.243,-1.122,0,0.0,0,0,1,1,0,1,0,1,0,0,0,12192.0,2,1,1,1,0,0,1,3,8.3,272.5,0,0,0,0,0,1
249200,36.828,0.0,0,0,1,0,39.494,0.0,0,0,1,0,10.135,-1.076,0,0.0,0,0,1,1,0,1,0,1,0,0,0,12192.0,2,1,1,1,0,0,1,3,7.8,271.0,0,0,0,0,0,1
249300,36.828,0.0,0,0,1,0,39.494,0.0,0,0,1,0,10.032,-1.029,0,0.0,0,0,1,1,0,1,0,1,0,0,0,12192.0,2,1,1,1,0,0,1,3,7.7,266.1,0,0,0,0,0,1
249400,36.828,0.0,0,0,1,0,39.494,0.0,0,0,1,0,9.929,-1.029,0,0.0,0,0,1,1,0,1,0,1,0,0,0,12192.0,2,1,1,1,0,0,1,3,6.8,267.8,0,0,0,0,0,1
249500,36.828,0.0,0,0,1,0,39.494,0.0,0,0,1,0,9.831,-0.982,0,0.0,0,0,1,1,0,1,0,1,0,0,0,12192.0,2,1,1,1,0,0,1,3,8.0,270.5,0,0,0,0,0,1
249600,36.828,0.0,0,0,1,0,39.494,0.0,0,0,1,0,9.738,-0.934,0,0.0,0,0,1,1,0,1,0,1,0,0,0,12192.0,2,1,1,1,0,0,1,3,7.4,269.5,0,0,0,0,0,1
249700,36.828,0.0,0,0,1,0,39.494,0.0,0,0,1,0,9.649,-0.887,0,0.0,0,0,1,1,0,1,0,1,0,0,0,12192.0,2,1,1,1,0,0,1,3,6.9,271.0,0,0,0,0,0,1
249800,36.828,0.0,0,0,1,0,39.494,0.0,0,0,1,0,9.565,-0.839,0,0.0,0,0,1,1,0,1,0,1,0,0,0,12192.0,2,1,1,1,0,0,1,3,7.5,269.3,0,0,0,0,0,1
249900,36.828,0.0,0,0,1,0,39.494,0.0,0,0,1,0,9.486,-0.791,0,0.0,0,0,1,1,0,1,0,1,0,0,0,12192.0,2,1,1,1,0,0,1,3,7.7,267.3,0,0,0,0,0,1
250000,36.828,0.0,0,0,1,0,39.494,0.0,0,0,1,0,9.412,-0.744,0,0.0,0,0,1,1,0,1,0,1,0,0,0,12192.0,2,1,1,1,0,0,1,3,7.8,270.2,0,0,0,0,0,1
250100,36.828,0.0,0,0,1,0,39.494,0.0,0,0,1,0,9.342,-0.696,0,0.0,0,0,1,1,0,1,0,1,0,0,0,12192.0,2,1,1,1,0,0,1,3,7.8,268.8,0,0,0,0,0,1
250200,36.828,0.0,0,0,1,0,39.494,0.0,0,0,1,0,9.277,-0.648,0,0.0,0,0,1,1,0,1,0,1,0,0,0,12192.0,2,1,1,1,0,0,1,3,6.7,268.2,0,0,0,0,0,1
250300,36.828,0.0,0,0,1,0,39.494,0.0,0,0,1,0,9.217,-0.599,0,0.0,0,0,1,1,0,1,0,1,0,0,0,12192.0,2,1,1,1,0,0,1,3,8.2,269.5,0,0,0,0,0,1
250400,36.828,0.0,0,0,1,0,39.494,0.0,0,0,1,0,9.162,-0.551,0,0.0,0,0,1,1,0,1,0,1,0,0,0,12192.0,2,1,1,1,0,0,1,3,7.1,274.5,0,0,0,0,0,1
250500,36.828,0.0,0,0,1,0,39.494,0.0,0,0,1,0,9.112,-0.503,0,0.0,0,0,1,1,0,1,0,1,0,0,0,12192.0,2,1,1,1,0,0,1,3,8.1,267.4,0,0,0,0,0,1
250600,36.828,0.0,0,0,1,0,39.494,0.0,0,0,1,0,9.067,-0.454,0,0.0,0,0,1,1,0,1,0,1,0,0,0,12192.0,2,1,1,1,0,0,1,3,7.8,266.4,0,0,0,0,0,1
250700,36.828,0.0,0,0,1,0,39.494,0.0,0,0,1,0,9.026,-0.405,0,0.0,0,0,1,1,0,1,0,1,0,0,0,12192.0,2,1,1,1,0,0,1,3,8.3,266.9,0,0,0,0,0,1
250800,36.828,0.0,0,0,1,0,39.494,0.0,0,0,1,0,8.991,-0.355,0,0.0,0,0,1,1,0,1,0,1,0,0,0,12192.0,2,1,1,1,0,0,1,3,7.8,270.3,0,0,0,0,0,1
250900,36.828,0.0,0,0,1,0,39.494,0.0,0,0,1,0,8.96,-0.306,0,0.0,0,0,1,1,0,1,0,1,0,0,0,12192.0,2,1,1,1,0,0,1,3,8.1,268.0,0,0,0,0,0,1
251000,36.828,0.0,0,0,1,0,39.494,0.0,0,0,1,0,8.935,-0.255,0,0.0,0,0,1,1,0,1,0,1,0,0,0,12192.0,2,1,1,1,0,0,1,3,7.9,266.7,0,0,0,0,0,1
251100,36.828,0.0,0,0,1,0,39.494,0.0,0,0,1,0,8.914,-0.203,0,0.0,0,0,1,1,0,1,0,1,0,0,0,12192.0,2,1,1,1,0,0,1,3,7.9,267.2,0,0,0,0,0,1
251200,36.828,0.0,0,0,1,0,39.494,0.0,0,0,1,0,8.899,-0.15,0,0.0,0,0,1,1,0,1,0,1,0,0,0,12192.0,2,1,1,1,0,0,1,3,7.9,273.0,0,0,0,0,0,1
251300,36.828,0.0,0,0,1,0,39.494,0.0,0,0,1,0,8.89,-0.093,0,0.0,0,0,1,1,0,1,0,1,0,0,0,12192.0,2,1,1,1,0,0,1,3,7.9,270.6,0,0,0,0,0,1
251400,36.828,0.0,0,0,0,0,39.494,0.0,0,0,0,0,8.885,0.0,0,0.0,0,0,0,0,0,1,0,1,0,0,0,12192.0,2,1,1,0,1,0,1,3,8.4,271.4,0,0,0,0,0,1
251500,36.828,0.0,0,0,0,0,39.494,0.0,0,0,0,0,8.885,0.0,0,0.0,0,0,0,0,0,1,0,1,1,1,0,12192.0,2,1,1,0,1,0,1,3,8.7,271.3,0,0,0,0,0,1
251600,36.828,0.0,0,0,0,0,39.494,0.0,0,0,0,0,8.885,0.0,0,0.0,0,0,0,0,0,1,0,1,1,1,0,12192.0,2,1,1,0,1,0,1,3,8.3,267.9,0,0,0,0,0,1
251700,36.828,0.0,0,0,0,0,39.494,0.0,0,0,0,0,8.885,0.0,0,0.0,0,0,0,0,0,1,0,1,1,1,0,12192.0,2,1,1,0,1,0,1,3,8.2,268.5,0,0,0,0,0,1
251800,36.828,0.0,0,0,0,0,39.494,0.0,0,0,0,0,8.885,0.0,0,0.0,0,0,0,0,0,1,0,1,1,1,0,12192.0,2,1,1,0,1,0,1,3,8.5,271.8,0,0,0,0,0,1
251900,36.828,0.0,0,0,0,0,39.494,0.0,0,0,0,0,8.885,0.0,0,0.0,0,0,0,0,0,1,0,1,1,1,0,12192.0,2,1,1,0,1,0,1,3,7.8,267.2,0,0,0,0,0,1
252000,36.828,0.0,0,0,0,0,39.494,0.0,0,0,0,0,8.885,0.0,0,0.0,0,0,0,0,0,1,0,1,1,1,0,12192.0,2,1,1,0,1,0,1,3,9.0,268.1,0,0,0,0,0,1
252100,36.828,0.0,0,0,0,0,39.494,0.0,0,0,0,0,8.885,0.0,0,0.0,0,0,0,0,0,1,0,1,1,1,0,12192.0,2,1,1,0,1,0,1,3,9.1,267.7,0,0,0,0,0,1
252200,36.828,0.0,0,0,0,0,39.494,0.0,0,0,0,0,8.885,0.0,0,0.0,0,0,0,0,0,1,0,1,1,1,0,12192.0,2,1,1,0,1,0,1,3,8.5,268.7,0,0,0,0,0,1
252300,36.828,0.0,0,0,0,0,39.494,0.0,0,0,0,0,8.885,0.0,0,0.0,0,0,0,0,0,1,0,1,1,1,0,12192.0,2,1,1,0,1,0,1,3,7.9,270.0,0,0,0,0,0,1
252400,36.828,0.0,0,0,0,0,39.494,0.0,0,0,0,0,8.885,0.0,0,0.0,0,0,0,0,0,1,0,1,1,1,0,12192.0,2,1,1,0,1,0,1,3,9.0,263.7,0,0,0,0,0,1
252500,36.828,0.0,0,0,0,0,39.494,0.0,0,0,0,0,8.885,0.0,0,0.0,0,0,0,0,0,1,0,1,1,1,0,12192.0,2,1,1,0,1,0,1,3,8.3,271.2,0,0,0,0,0,1
252600,36.828,0.0,0,0,0,0,39.494,0.0,0,0,0,0,8.885,0.0,0,0.0,0,0,0,0,0,1,0,1,1,1,0,12192.0,2,1,1,0,1,0,1,3,8.0,267.3,0,0,0,0,0,1
252700,36.828,0.0,0,0,0,0,39.494,0.0,0,0,0,0,8.885,0.0,0,0.0,0,0,0,0,0,1,0,1,1,1,0,12192.0,2,1,1,0,1,0,1,3,8.6,270.0,0,0,0,0,0,1
252800,36.828,0.0,0,0,0,0,39.494,0.0,0,0,0,0,8.885,0.0,0,32.01,0,0,0,0,0,1,1,0,1,1,0,12192.0,2,1,1,0,1,0,1,3,8.2,274.3,0,0,0,0,0,1
252900,36.828,0.0,0,0,0,0,39.494,0.0,0,0,0,0,8.885,0.0,0,31.91,0,0,0,0,0,1,1,0,1,1,0,12192.0,2,1,1,0,1,0,1,3,9.1,267.1,0,0,0,0,0,1
253000,36.828,0.0,0,0,0,0,39.494,0.0,0,0,0,0,8.885,0.0,0,31.95,0,0,0,0,0,1,1,0,1,1,0,12192.0,2,1,1,0,1,0,1,3,8.1,271.1,0,0,0,0,0,1
253100,36.828,0.0,0,0,0,0,39.494,0.0,0,0,0,0,8.885,0.0,0,31.87,0,0,0,0,0,1,1,0,1,1,0,12192.0,2,1,1,0,1,0,1,3,8.7,273.7,0,0,0,0,0,1
253200,36.828,0.0,0,0,0,0,39.494,0.0,0,0,0,0,8.885,0.0,0,31.98,0,0,0,0,0,1,1,0,1,1,0,12192.0,2,1,1,0,1,0,1,3,8.0,273.0,0,0,0,0,0,1
253300,36.828,0.0,0,0,0,0,39.494,0.0,0,0,0,0,8.885,0.0,0,31.96,0,0,0,0,0,1,1,0,1,1,0,12192.0,2,1,1,0,1,0,1,3,9.0,269.4,0,0,0,0,0,1
253400,36.828,0.0,0,0,0,0,39.494,0.0,0,0,0,0,8.885,0.0,0,31.98,0,0,0,0,0,1,1,0,1,1,0,12192.0,2,1,1,0,1,0,1,3,8.8,265.5,0,0,0,0,0,1
253500,36.828,0.0,0,0,0,0,39.494,0.0,0,0,0,0,8.885,0.0,0,32.02,0,0,0,0,0,1,1,0,1,1,0,12192.0,2,1,1,0,1,0,1,3,8.7,270.0,0,0,0,0,0,1
253600,36.828,0.0,0,0,0,0,39.494,0.0,0,0,0,0,8.885,0.0,0,32.01,0,0,0,0,0,1,1,0,1,1,0,12192.0,2,1,1,0,1,0,1,3,8.6,270.2,0,0,0,0,0,1
253700,36.828,0.0,0,0,0,0,39.494,0.0,0,0,0,0,8.885,0.0,0,31.96,0,0,0,0,0,1,1,0,1,1,0,12192.0,2,1,1,0,1,0,1,3,8.8,269.8,0,0,0,0,0,1
253800,36.828,0.0,0,0,0,0,39.494,0.0,0,0,0,0,8.885,0.0,0,32.15,0,0,0,0,0,1,1,0,1,1,0,12192.0,2,1,1,0,1,0,1,3,8.2,271.8,0,0,0,0,0,1
253900,36.828,0.0,0,0,0,0,39.494,0.0,0,0,0,0,8.885,0.0,0,32.05,0,0,0,0,0,1,1,0,1,1,0,12192.0,2,1,1,0,1,0,1,3,8.3,267.9,0,0,0,0,0,1
254000,36.828,0.0,0,0,0,0,39.494,0.0,0,0,0,0,8.885,0.0,0,31.8,0,0,0,0,0,1,1,0,1,1,0,12192.0,2,1,1,0,1,0,1,3,8.9,270.2,0,0,0,0,0,1
254100,36.828,0.0,0,0,0,0,39.494,0.0,0,0,0,0,8.885,0.0,0,32.11,0,0,0,0,0,1,1,0,1,1,0,12192.0,2,1,1,0,1,0,1,3,8.9,271.4,0,0,0,0,0,1
254200,36.828,0.0,0,0,0,0,39.494,0.0,0,0,0,0,8.885,0.0,0,31.89,0,0,0,0,0,1,1,0,1,1,0,12192.0,2,1,1,0,1,0,1,3,9.4,271.8,0,0,0,0,0,1
254300,36.828,0.0,0,0,0,0,39.494,0.0,0,0,0,0,8.885,0.0,0,31.9,0,0,0,0,0,1,1,0,1,1,0,12192.0,2,1,1,0,1,0,1,3,8.5,266.6,0,0,0,0,0,1
254400,36.828,0.0,0,0,0,0,39.494,0.0,0,0,0,0,8.885,0.0,0,32.05,0,0,0,0,0,1,1,0,1,1,0,12192.0,2,1,1,0,1,0,1,3,8.2,270.6,0,0,0,0,0,1
254500,36.828,0.0,0,0,1,0,39.494,0.0,0,0,1,0,8.89,0.046,1,33.53,0,0,1,1,0,1,1,0,0,1,0,12192.0,2,1,1,1,0,0,1,3,8.2,270.7,0,0,0,0,0,1
254600,36.828,0.0,0,0,1,0,39.494,0.0,0,0,1,0,8.899,0.093,1,33.43,0,0,1,1,0,1,1,0,0,1,0,12192.0,2,1,1,1,0,0,1,3,8.4,273.2,0,0,0,0,0,1
254700,36.828,0.0,0,0,1,0,39.494,0.0,0,0,1,0,8.913,0.139,1,33.54,0,0,1,1,0,1,1,0,0,1,0,12192.0,2,1,1,1,0,0,1,3,8.5,268.0,0,0,0,0,0,1
254800,36.828,0.0,0,0,1,0,39.494,0.0,0,0,1,0,8.932,0.186,1,33.73,0,0,1,1,0,1,1,0,0,1,0,12192.0,2,1,1,1,0,0,1,3,9.1,268.7,0,0,0,0,0,1
254900,36.828,0.0,0,0,1,0,39.494,0.0,0,0,1,0,8.955,0.232,1,33.64,0,0,1,1,0,1,1,0,0,1,0,12192.0,2,1,1,1,0,0,1,3,8.0,271.6,0,0,0,0,0,1
255000,36.828,0.0,0,0,1,0,39.494,0.0,0,0,1,0,8.983,0.278,1,33.68,0,0,1,1,0,1,1,0,0,1,0,12192.0,2,1,1,1,0,0,1,3,8.5,269.0,0,0,0,0,0,1
255100,36.828,0.0,0,0,1,0,39.494,0.0,0,0,1,0,9.015,0.325,1,33.6,0,0,1,1,0,1,1,0,0,1,0,12192.0,2,1,1,1,0,0,1,3,8.3,271.6,0,0,0,0,0,1
255200,36.828,0.0,0,0,1,0,39.494,0.0,0,0,1,0,9.052,0.371,1,33.41,0,0,1,1,0,1,1,0,0,1,0,12192.0,2,1,1,1,0,0,1,3,8.8,273.0,0,0,0,0,0,1
255300,36.828,0.0,0,0,1,0,39.494,0.0,0,0,1,0,9.094,0.417,1,33.66,0,0,1,1,0,1,1,0,0,1,0,12192.0,2,1,1,1,0,0,1,3,8.1,272.7,0,0,0,0,0,1
255400,36.828,0.0,0,0,1,0,39.494,0.0,0,0,1,0,9.14,0.464,1,33.46,0,0,1,1,0,1,1,0,0,1,0,12192.0,2,1,1,1,0,0,1,3,9.0,272.3,0,0,0,0,0,1
255500,36.828,0.0,0,0,1,0,39.494,0.0,0,0,1,0,9.191,0.51,1,33.65,0,0,1,1,0,1,1,0,0,1,0,12192.0,2,1,1,1,0,0,1,3,8.1,268.9,0,0,0,0,0,1
255600,36.828,0.0,0,0,1,0,39.494,0.0,0,0,1,0,9.247,0.557,1,33.6,0,0,1,1,0,1,1,0,0,1,0,12192.0,2,1,1,1,0,0,1,3,7.7,270.6,0,0,0,0,0,1
255700,36.828,0.0,0,0,1,0,39.494,0.0,0,0,1,0,9.307,0.603,1,33.67,0,0,1,1,0,1,1,0,0,1,0,12192.0,2,1,1,1,0,0,1,3,7.3,272.7,0,0,0,0,0,1
255800,36.828,0.0,0,0,1,0,39.494,0.0,0,0,1,0,9.372,0.649,1,33.59,0,0,1,1,0,1,1,0,0,1,0,12192.0,2,1,1,1,0,0,1,3,7.6,266.8,0,0,0,0,0,1
255900,36.828,0.0,0,0,1,0,39.494,0.0,0,0,1,0,9.442,0.696,1,33.79,0,0,1,1,0,1,1,0,0,1,0,12192.0,2,1,1,1,0,0,1,3,8.6,273.0,0,0,0,0,0,1
256000,36.828,0.0,0,0,1,0,39.494,0.0,0,0,1,0,9.516,0.742,1,33.41,0,0,1,1,0,1,1,0,0,1,0,12192.0,2,1,1,1,0,0,1,3,8.1,272.9,0,0,0,0,0,1
256100,36.828,0.0,0,0,1,0,39.494,0.0,0,0,1,0,9.595,0.788,1,33.47,0,0,1,1,0,1,1,0,0,1,0,12192.0,2,1,1,1,0,0,1,3,8.5,268.7,0,0,0,0,0,1
256200,36.828,0.0,0,0,1,0,39.494,0.0,0,0,1,0,9.678,0.835,1,33.29,0,0,1,1,0,1,1,0,0,1,0,12192.0,2,1,1,1,0,0,1,3,8.3,272.3,0,0,0,0,0,1
256300,36.828,0.0,0,0,1,0,39.494,0.0,0,0,1,0,9.767,0.881,1,33.64,0,0,1,1,0,1,1,0,0,1,0,12192.0,2,1,1,1,0,0,1,3,7.8,268.7,0,0,0,0,0,1
256400,36.828,0.0,0,0,1,0,39.494,0.0,0,0,1,0,9.859,0.928,1,33.48,0,0,1,1,0,1,1,0,0,1,0,12192.0,2,1,1,1,0,0,1,3,7.7,275.2,0,0,0,0,0,1
256500,36.828,0.0,0,0,1,0,39.494,0.0,0,0,1,0,9.957,0.974,1,33.64,0,0,1,1,0,1,1,0,0,1,0,12192.0,2,1,1,1,0,0,1,3,7.8,271.5,0,0,0,0,0,1
256600,36.828,0.0,0,0,1,0,39.494,0.0,0,0,1,0,10.059,1.02,1,33.44,0,0,1,1,0,1,1,0,0,1,0,12192.0,2,1,1,1,0,0,1,3,7.4,276.9,0,0,0,0,0,1
256700,36.828,0.0,0,0,1,0,39.494,0.0,0,0,1,0,10.165,1.067,1,33.55,0,0,1,1,0,1,1,0,0,1,0,12192.0,2,1,1,1,0,0,1,3,7.9,274.4,0,0,0,0,0,1
256800,36.828,0.0,0,0,1,0,39.494,0.0,0,0,1,0,10.277,1.113,1,33.46,0,0,1,1,0,1,1,0,0,1,0,12192.0,2,1,1,1,0,0,1,3,7.7,271.5,0,0,0,0,0,1
256900,36.828,0.0,0,0,1,0,39.494,0.0,0,0,1,0,10.393,1.159,1,33.45,0,0,1,1,0,1,1,0,0,1,0,12192.0,2,1,1,1,0,0,1,3,7.8,270.0,0,0,0,0,0,1
257000,36.828,0.0,0,0,1,0,39.494,0.0,0,0,1,0,10.509,1.168,1,33.6,0,0,1,1,0,1,1,0,0,1,0,12192.0,2,1,1,1,0,0,1,3,7.0,271.2,0,0,0,0,0,1
257100,36.828,0.0,0,0,1,0,39.494,0.0,0,0,1,0,10.626,1.168,1,33.45,0,0,1,1,0,1,1,0,0,1,0,12192.0,2,1,1,1,0,0,1,3,8.0,270.6,0,0,0,0,0,1
257200,36.828,0.0,0,0,1,0,39.494,0.0,0,0,1,0,10.743,1.168,1,33.43,0,0,1,1,0,1,1,0,0,1,0,12192.0,2,1,1,1,0,0,1,3,6.9,268.9,0,0,0,0,0,1
257300,36.828,0.0,0,0,1,0,39.494,0.0,0,0,1,0,10.86,1.168,1,33.34,0,0,1,1,0,1,1,0,0,1,0,12192.0,2,1,1,1,0,0,1,3,7.1,273.2,0,0,0,0,0,1
257400,36.828,0.0,0,0,1,0,39.494,0.0,0,0,1,0,10.977,1.168,1,33.36,0,0,1,1,0,1,1,0,0,1,0,12192.0,2,1,1,1,0,0,1,3,8.0,269.8,0,0,0,0,0,1
257500,36.828,0.0,0,0,1,0,39.494,0.0,0,0,1,0,11.094,1.168,1,33.57,0,0,1,1,0,1,1,0,0,1,0,12192.0,2,1,1,1,0,0,1,3,6.9,273.4,0,0,0,0,0,1
257600,36.828,0.0,0,0,1,0,39.494,0.0,0,0,1,0,11.21,1.168,1,33.65,0,0,1,1,0,1,1,0,0,1,0,12192.0,2,1,1,1,0,0,1,3,7.8,267.9,0,0,0,0,0,1
257700,36.828,0.0,0,0,1,0,39.494,0.0,0,0,1,0,11.327,1.168,1,33.44,0,0,1,1,0,1,1,0,0,1,0,12192.0,2,1,1,1,0,0,1,3,8.0,272.1,0,0,0,0,0,1
257800,36.828,0.0,0,0,1,0,39.494,0.0,0,0,1,0,11.444,1.168,1,33.39,0,0,1,1,0,1,1,0,0,1,0,12192.0,2,1,1,1,0,0,1,3,7.1,268.7,0,0,0,0,0,1
257900,36.828,0.0,0,0,1,0,39.494,0.0,0,0,1,0,11.561,1.168,1,33.49,0,0,1,1,0,1,1,0,0,1,0,12192.0,2,1,1,1,0,0,1,3,7.4,268.1,0,0,0,0,0,1
258000,36.828,0.0,0,0,1,0,39.494,0.0,0,0,1,0,11.678,1.168,1,33.62,0,0,1,1,0,1,1,0,0,1,0,12192.0,2,1,1,1,0,0,1,3,7.2,272.1,0,0,0,0,0,1
258100,36.828,0.0,0,0,1,0,39.494,0.0,0,0,1,0,11.795,1.168,1,33.57,0,0,1,1,0,1,1,0,0,1,0,12192.0,2,1,1,1,0,0,1,3,7.5,273.0,0,0,0,0,0,1
258200,36.828,0.0,0,0,1,0,39.494,0.0,0,0,1,0,11.911,1.168,1,33.48,0,0,1,1,0,1,1,0,0,1,0,12192.0,2,1,1,1,0,0,1,3,7.6,271.5,0,0,0,0,0,1
258300,36.828,0.0,0,0,1,0,39.494,0.0,0,0,1,0,12.028,1.168,1,33.38,0,0,1,1,0,1,1,0,0,1,0,12192.0,2,1,1,1,0,0,1,3,8.2,267.8,0,0,0,0,0,1
258400,36.828,0.0,0,0,1,0,39.494,0.0,0,0,1,0,12.145,1.168,1,33.52,0,0,1,1,0,1,1,0,0,1,0,12192.0,2,1,1,1,0,0,1,3,6.2,274.7,0,0,0,0,0,1
258500,36.828,0.0,0,0,1,0,39.494,0.0,0,0,1,0,12.262,1.168,1,33.35,0,0,1,1,0,1,1,0,0,1,0,12192.0,2,1,1,1,0,0,1,3,7.0,268.6,0,0,0,0,0,1
258600,36.828,0.0,0,0,1,0,39.494,0.0,0,0,1,0,12.379,1.168,1,33.43,0,0,1,1,0,1,1,0,0,1,0,12192.0,2,1,1,1,0,0,1,3,7.1,267.4,0,0,0,0,0,1
258700,36.828,0.0,0,0,1,0,39.494,0.0,0,0,1,0,12.496,1.168,1,33.59,0,0,1,1,0,1,1,0,0,1,0,12192.0,2,1,1,1,0,0,1,3,7.9,270.3,0,0,0,0,0,1
258800,36.828,0.0,0,0,1,0,39.494,0.0,0,0,1,0,12.612,1.168,1,33.45,0,0,1,1,0,1,1,0,0,1,0,12192.0,2,1,1,1,0,0,1,3,7.0,266.5,0,0,0,0,0,1
258900,36.828,0.0,0,0,1,0,39.494,0.0,0,0,1,0,12.729,1.168,1,33.27,0,0,1,1,0,1,1,0,0,1,0,12192.0,2,1,1,1,0,0,1,3,7.6,271.8,0,0,0,0,0,1
259000,36.828,0.0,0,0,1,0,39.494,0.0,0,0,1,0,12.846,1.168,1,33.61,0,0,1,1,0,1,1,0,0,1,0,12192.0,2,1,1,1,0,0,1,3,7.5,272.0,0,0,0,0,0,1
259100,36.828,0.0,0,0,1,0,39.494,0.0,0,0,1,0,12.963,1.168,1,33.51,0,0,1,1,0,1,1,0,0,1,0,12192.0,2,1,1,1,0,0,1,3,7.6,268.2,0,0,0,0,0,1
259200,36.828,0.0,0,0,1,0,39.494,0.0,0,0,1,0,13.075,1.122,1,30.42,0,0,1,1,0,1,1,0,0,1,0,12192.0,2,1,1,1,0,0,1,3,7.8,271.4,0,0,0,0,0,1
259300,36.828,0.0,0,0,1,0,39.494,0.0,0,0,1,0,13.183,1.076,1,30.42,0,0,1,1,0,1,1,0,0,1,0,12192.0,2,1,1,1,0,0,1,3,8.2,265.5,0,0,0,0,0,1
259400,36.828,0.0,0,0,1,0,39.494,0.0,0,0,1,0,13.286,1.029,1,30.5,0,0,1,1,0,1,1,0,0,1,0,12192.0,2,1,1,1,0,0,1,3,7.6,276.0,0,0,0,0,0,1
259500,36.828,0.0,0,0,1,0,39.494,0.0,0,0,1,0,13.384,0.983,1,30.65,0,0,1,1,0,1,1,0,0,1,0,12192.0,2,1,1,1,0,0,1,3,8.1,273.3,0,0,0,0,0,1
259600,36.828,0.0,0,0,1,0,39.494,0.0,0,0,1,0,13.478,0.936,1,30.63,0,0,1,1,0,1,1,0,0,1,0,12192.0,2,1,1,1,0,0,1,3,7.2,268.7,0,0,0,0,0,1
259700,36.828,0.0,0,0,1,0,39.494,0.0,0,0,1,0,13.567,0.89,1,30.29,0,0,1,1,0,1,1,0,0,1,0,12192.0,2,1,1,1,0,0,1,3,7.5,271.3,0,0,0,0,0,1
259800,36.828,0.0,0,0,1,0,39.494,0.0,0,0,1,0,13.651,0.844,1,30.34,0,0,1,1,0,1,1,0,0,1,0,12192.0,2,1,1,1,0,0,1,3,7.5,266.8,0,0,0,0,0,1
259900,36.828,0.0,0,0,1,0,39.494,0.0,0,0,1,0,13.731,0.797,1,30.34,0,0,1,1,0,1,1,0,0,1,0,12192.0,2,1,1,1,0,0,1,3,8.0,271.9,0,0,0,0,0,1
260000,36.828,0.0,0,0,1,0,39.494,0.0,0,0,1,0,13.806,0.751,1,30.3,0,0,1,1,0,1,1,0,0,1,0,12192.0,2,1,1,1,0,0,1,3,7.7,268.8,0,0,0,0,0,1
260100,36.828,0.0,0,0,1,0,39.494,0.0,0,0,1,0,13.876,0.705,1,30.21,0,0,1,1,0,1,1,0,0,1,0,12192.0,2,1,1,1,0,0,1,3,7.9,271.4,0,0,0,0,0,1
260200,36.828,0.0,0,0,1,0,39.494,0.0,0,0,1,0,13.942,0.658,1,30.58,0,0,1,1,0,1,1,0,0,1,0,12192.0,2,1,1,1,0,0,1,3,8.3,269.1,0,0,0,0,0,1
260300,36.828,0.0,0,0,1,0,39.494,0.0,0,0,1,0,14.003,0.612,1,30.37,0,0,1,1,0,1,1,0,0,1,0,12192.0,2,1,1,1,0,0,1,3,8.1,267.6,0,0,0,0,0,1
260400,36.828,0.0,0,0,1,0,39.494,0.0,0,0,1,0,14.06,0.565,1,30.44,0,0,1,1,0,1,1,0,0,1,0,12192.0,2,1,1,1,0,0,1,3,8.0,268.6,0,0,0,0,0,1
260500,36.828,0.0,0,0,1,0,39.494,0.0,0,0,1,0,14.112,0.519,1,30.33,0,0,1,1,0,1,1,0,0,1,0,12192.0,2,1,1,1,0,0,1,3,8.5,271.9,0,0,0,0,0,1
260600,36.828,0.0,0,0,1,0,39.494,0.0,0,0,1,0,14.159,0.473,1,30.57,0,0,1,1,0,1,1,0,0,1,0,12192.0,2,1,1,1,0,0,1,3,7.6,268.3,0,0,0,0,0,1
260700,36.828,0.0,0,0,1,0,39.494,0.0,0,0,1,0,14.206,0.475,1,33.26,0,0,1,1,0,1,1,0,0,1,0,12192.0,2,1,1,1,0,0,1,3,8.1,267.9,0,0,0,0,0,1
260800,36.828,0.0,0,0,1,0,39.494,0.0,0,0,1,0,14.249,0.426,1,30.54,0,0,1,1,0,1,1,0,0,1,0,12192.0,2,1,1,1,0,0,1,3,7.7,268.0,0,0,0,0,0,1
260900,36.828,0.0,0,0,1,0,39.494,0.0,0,0,1,0,14.287,0.376,1,30.41,0,0,1,1,0,1,1,0,0,1,0,12192.0,2,1,1,1,0,0,1,3,8.9,271.3,0,0,0,0,0,1
261000,36.828,0.0,0,0,1,0,39.494,0.0,0,0,1,0,14.319,0.327,1,30.48,0,0,1,1,0,1,1,0,0,1,0,12192.0,2,1,1,1,0,0,1,3,8.8,273.4,0,0,0,0,0,1
261100,36.828,0.0,0,0,1,0,39.494,0.0,0,0,1,0,14.347,0.277,1,30.36,0,0,1,1,0,1,1,0,0,1,0,12192.0,2,1,1,1,0,0,1,3,8.3,272.7,0,0,0,0,0,1
261200,36.828,0.0,0,0,1,0,39.494,0.0,0,0,1,0,14.369,0.225,1,30.4,0,0,1,1,0,1,1,0,0,1,0,12192.0,2,1,1,1,0,0,1,3,8.6,268.6,0,0,0,0,0,1
261300,36.828,0.0,0,0,1,0,39.494,0.0,0,0,1,0,14.387,0.173,1,30.54,0,0,1,1,0,1,1,0,0,1,0,12192.0,2,1,1,1,0,0,1,3,8.5,271.2,0,0,0,0,0,1
261400,36.828,0.0,0,0,1,0,39.494,0.0,0,0,1,0,14.399,0.118,1,30.6,0,0,1,1,0,1,1,0,0,1,0,12192.0,2,1,1,1,0,0,1,3,8.4,274.5,0,0,0,0,0,1
261500,36.828,0.0,0,0,1,0,39.494,0.0,0,0,1,0,14.404,0.054,1,30.56,0,0,1,1,0,1,1,0,0,1,0,12192.0,2,1,1,1,0,0,1,3,7.9,271.7,0,0,0,0,0,1
261600,36.828,0.0,0,0,0,0,39.494,0.0,0,0,0,0,14.405,0.0,0,31.97,0,0,0,0,0,1,1,0,0,1,0,12192.0,2,1,1,0,1,0,1,3,8.5,275.7,0,0,0,0,0,1
261700,36.828,0.0,0,0,1,0,39.488,-0.062,0,1,1,0,14.405,0.0,0,32.08,0,0,0,1,0,1,1,0,0,1,0,12192.0,2,1,1,1,0,0,1,3,8.5,269.9,0,0,0,0,0,1
261800,36.828,0.0,0,0,1,0,39.475,-0.124,0,1,1,0,14.405,0.0,0,31.86,0,0,0,1,0,1,1,0,0,1,0,12192.0,2,1,1,1,0,0,1,3,8.6,271.4,0,0,0,0,0,1
261900,36.828,0.0,0,0,1,0,39.457,-0.186,0,1,1,0,14.405,0.0,0,31.97,0,0,0,1,0,1,1,0,0,1,0,12192.0,2,1,1,1,0,0,1,3,8.9,269.7,0,0,0,0,0,1
262000,36.828,0.0,0,0,1,0,39.432,-0.248,0,1,1,0,14.405,0.0,0,31.98,0,0,0,1,0,1,1,0,0,1,0,12192.0,2,1,1,1,0,0,1,3,8.9,267.0,0,0,0,0,0,1
262100,36.828,0.0,0,0,1,0,39.401,-0.31,0,1,1,0,14.405,0.0,0,32.22,0,0,0,1,0,1,1,0,0,1,0,12192.0,2,1,1,1,0,0,1,3,8.8,265.4,0,0,0,0,0,1
262200,36.828,0.0,0,0,1,0,39.363,-0.373,0,1,1,0,14.405,0.0,0,32.21,0,0,0,1,0,1,1,0,0,1,0,12192.0,2,1,1,1,0,0,1,3,7.6,264.7,0,0,0,0,0,1
262300,36.828,0.0,0,0,1,0,39.32,-0.435,0,1,1,0,14.405,0.0,0,32.15,0,0,0,1,0,1,1,0,0,1,0,12192.0,2,1,1,1,0,0,1,3,8.7,271.1,0,0,0,0,0,1
262400,36.828,0.0,0,0,1,0,39.27,-0.497,0,1,1,0,14.405,0.0,0,32.1,0,0,0,1,0,1,1,0,0,1,0,12192.0,2,1,1,1,0,0,1,3,8.9,272.7,0,0,0,0,0,1
262500,36.828,0.0,0,0,1,0,39.214,-0.559,0,1,1,0,14.405,0.0,0,32.22,0,0,0,1,0,1,1,0,0,1,0,12192.0,2,1,1,1,0,0,1,3,9.1,271.3,0,0,0,0,0,1
262600,36.828,0.0,0,0,1,0,39.152,-0.621,0,1,1,0,14.405,0.0,0,31.84,0,0,0,1,0,1,1,0,0,1,0,12192.0,2,1,1,1,0,0,1,3,9.5,271.4,0,0,0,0,0,1
262700,36.828,0.0,0,0,1,0,39.084,-0.683,0,1,1,0,14.405,0.0,0,31.91,0,0,0,1,0,1,1,0,0,1,0,12192.0,2,1,1,1,0,0,1,3,9.0,268.0,0,0,0,0,0,1
262800,36.828,0.0,0,0,1,0,39.01,-0.745,0,1,1,0,14.405,0.0,0,31.98,0,0,0,1,0,1,1,0,0,1,0,12192.0,2,1,1,1,0,0,1,3,7.9,270.6,0,0,0,0,0,1
262900,36.828,0.0,0,0,1,0,38.929,-0.807,0,1,1,0,14.405,0.0,0,32.1,0,0,0,1,0,1,1,0,0,1,0,12192.0,2,1,1,1,0,0,1,3,7.9,266.2,0,0,0,0,0,1
263000,36.828,0.0,0,0,1,0,38.842,-0.869,0,1,1,0,14.405,0.0,0,32.17,0,0,0,1,0,1,1,0,0,1,0,12192.0,2,1,1,1,0,0,1,3,8.5,269.1,0,0,0,0,0,1
263100,36.828,0.0,0,0,1,0,38.749,-0.931,0,1,1,0,14.405,0.0,0,32.08,0,0,0,1,0,1,1,0,0,1,0,12192.0,2,1,1,1,0,0,1,3,8.3,269.7,0,0,0,0,0,1
263200,36.828,0.0,0,0,1,0,38.649,-0.993,0,1,1,0,14.405,0.0,0,31.89,0,0,0,1,0,1,1,0,0,1,0,12192.0,2,1,1,1,0,0,1,3,8.0,273.4,0,0,0,0,0,1
263300,36.828,0.0,0,0,1,0,38.544,-1.055,0,1,1,0,14.405,0.0,0,32.09,0,0,0,1,0,1,1,0,0,1,0,12192.0,2,1,1,1,0,0,1,3,7.3,273.4,0,0,0,0,0,1
263400,36.828,0.0,0,0,1,0,38.432,-1.118,0,1,1,0,14.405,0.0,0,31.98,0,0,0,1,0,1,1,0,0,1,0,12192.0,2,1,1,1,0,0,1,3,8.6,268.6,0,0,0,0,0,1
263500,36.828,0.0,0,0,1,0,38.314,-1.18,0,1,1,0,14.405,0.0,0,31.9,0,0,0,1,0,1,1,0,0,1,0,12192.0,2,1,1,1,0,0,1,3,7.6,270.3,0,0,0,0,0,1
263600,36.828,0.0,0,0,1,0,38.19,-1.242,0,1,1,0,14.405,0.0,0,31.96,0,0,0,1,0,1,1,0,0,1,0,12192.0,2,1,1,1,0,0,1,3,7.9,269.3,0,0,0,0,0,1
263700,36.828,0.0,0,0,1,0,38.06,-1.304,0,1,1,0,14.405,0.0,0,32.08,0,0,0,1,0,1,1,0,0,1,0,12192.0,2,1,1,1,0,0,1,3,8.5,264.5,0,0,0,0,0,1
263800,36.828,0.0,0,0,1,0,37.923,-1.366,0,1,1,0,14.405,0.0,0,31.8,0,0,0,1,0,1,1,0,0,1,0,12192.0,2,1,1,1,0,0,1,3,8.7,267.2,0,0,0,0,0,1
263900,36.828,0.0,0,0,1,0,37.78,-1.428,0,1,1,0,14.405,0.0,0,32.03,0,0,0,1,0,1,1,0,0,1,0,12192.0,2,1,1,1,0,0,1,3,8.0,268.3,0,0,0,0,0,1
264000,36.828,0.0,0,0,1,0,37.631,-1.49,0,1,1,0,14.405,0.0,0,32.18,0,0,0,1,0,1,1,0,0,1,0,12192.0,2,1,1,1,0,0,1,3,9.0,267.2,0,0,0,0,0,1
264100,36.828,0.0,0,0,1,0,37.476,-1.552,0,1,1,0,14.405,0.0,0,31.92,0,0,0,1,0,1,1,0,0,1,0,12192.0,2,1,1,1,0,0,1,3,8.9,269.8,0,0,0,0,0,1
264200,36.828,0.0,0,0,1,0,37.315,-1.614,0,1,1,0,14.405,0.0,0,32.23,0,0,0,1,0,1,1,0,0,1,0,12192.0,2,1,1,1,0,0,1,3,8.5,267.0,0,0,0,0,0,1
264300,36.828,0.0,0,0,1,0,37.147,-1.676,0,1,1,0,14.405,0.0,0,32.0,0,0,0,1,0,1,1,0,0,1,0,12192.0,2,1,1,1,0,0,1,3,7.6,269.6,0,0,0,0,0,1
264400,36.828,0.0,0,0,1,0,36.973,-1.738,0,1,1,0,14.405,0.0,0,31.88,0,0,0,1,0,1,1,0,0,1,0,12192.0,2,1,1,1,0,0,1,3,8.5,267.1,0,0,0,0,0,1
264500,36.828,0.0,0,0,1,0,36.793,-1.8,0,1,1,0,14.405,0.0,0,32.0,0,0,0,1,0,1,1,0,0,1,0,12192.0,2,1,1,1,0,0,1,3,8.1,265.3,0,0,0,0,0,1
264600,36.828,0.0,0,0,1,0,36.607,-1.863,0,1,1,0,14.405,0.0,0,32.05,0,0,0,1,0,1,1,0,0,1,0,12192.0,2,1,1,1,0,0,1,3,8.1,267.1,0,0,0,0,0,1
264700,36.828,0.0,0,0,1,0,36.414,-1.925,0,1,1,0,14.405,0.0,0,31.97,0,0,0,1,0,1,1,0,0,1,0,12192.0,2,1,1,1,0,0,1,3,8.0,273.0,0,0,0,0,0,1
264800,36.828,0.0,0,0,1,0,36.216,-1.987,0,1,1,0,14.405,0.0,0,31.92,0,0,0,1,0,1,1,0,0,1,0,12192.0,2,1,1,1,0,0,1,3,8.0,266.6,0,0,0,0,0,1
264900,36.828,0.0,0,0,1,0,36.011,-2.049,0,1,1,0,14.405,0.0,0,32.24,0,0,0,1,0,1,1,0,0,1,0,12192.0,2,1,1,1,0,0,1,3,8.1,268.0,0,0,0,0,0,1
265000,36.828,0.0,0,0,1,0,35.8,-2.111,0,1,1,0,14.405,0.0,0,31.94,0,0,0,1,0,1,1,0,0,1,0,12192.0,2,1,1,1,0,0,1,3,7.4,266.8,0,0,0,0,0,1
265100,36.828,0.0,0,0,1,0,35.582,-2.173,0,1,1,0,14.405,0.0,0,31.99,0,0,0,1,0,1,1,0,0,1,0,12192.0,2,1,1,1,0,0,1,3,7.7,268.5,0,0,0,0,0,1
265200,36.828,0.0,0,0,1,0,35.359,-2.235,0,1,1,0,14.405,0.0,0,31.93,0,0,0,1,0,1,1,0,0,1,0,12192.0,2,1,1,1,0,0,1,3,8.1,268.2,0,0,0,0,0,1
265300,36.828,0.0,0,0,1,0,35.129,-2.297,0,1,1,0,14.405,0.0,0,31.77,0,0,0,1,0,1,1,0,0,1,0,12192.0,2,1,1,1,0,0,1,3,7.5,268.5,0,0,0,0,0,1
265400,36.828,0.0,0,0,1,0,34.893,-2.359,0,1,1,0,14.405,0.0,0,32.09,0,0,0,1,0,1,1,0,0,1,0,12192.0,2,1,1,1,0,0,1,3,7.6,268.5,0,0,0,0,0,1
265500,36.828,0.0,0,0,1,0,34.651,-2.421,0,1,1,0,14.405,0.0,0,31.96,0,0,0,1,0,1,1,0,0,1,0,12192.0,2,1,1,1,0,0,1,3,6.9,267.5,0,0,0,0,0,1
265600,36.828,0.0,0,0,1,0,34.403,-2.483,0,1,1,0,14.405,0.0,0,32.21,0,0,0,1,0,1,1,0,0,1,0,12192.0,2,1,1,1,0,0,1,3,8.3,273.8,0,0,0,0,0,1
265700,36.828,0.0,0,0,1,0,34.148,-2.545,0,1,1,0,14.405,0.0,0,32.13,0,0,0,1,0,1,1,0,0,1,0,12192.0,2,1,1,1,0,0,1,3,7.6,271.1,0,0,0,0,0,1
265800,36.828,0.0,0,0,1,0,33.888,-2.608,0,1,1,0,14.405,0.0,0,32.0,0,0,0,1,0,1,1,0,0,1,0,12192.0,2,1,1,1,0,0,1,3,7.2,270.9,0,0,0,0,0,1
265900,36.828,0.0,0,0,1,0,33.621,-2.67,0,1,1,0,14.405,0.0,0,31.61,0,0,0,1,0,1,1,0,0,1,0,12192.0,2,1,1,1,0,0,1,3,7.0,272.3,0,0,0,0,0,1
266000,36.828,0.0,0,0,1,0,33.347,-2.732,0,1,1,0,14.405,0.0,0,32.15,0,0,0,1,0,1,1,0,0,1,0,12192.0,2,1,1,1,0,0,1,3,8.0,268.2,0,0,0,0,0,1
266100,36.828,0.0,0,0,1,0,33.068,-2.794,0,1,1,0,14.405,0.0,0,32.06,0,0,0,1,0,1,1,0,0,1,0,12192.0,2,1,1,1,0,0,1,3,7.4,268.7,0,0,0,0,0,1
266200,36.828,0.0,0,0,1,0,32.782,-2.856,0,1,1,0,14.405,0.0,0,32.02,0,0,0,1,0,1,1,0,0,1,0,12192.0,2,1,1,1,0,0,1,3,7.3,266.4,0,0,0,0,0,1
266300,36.828,0.0,0,0,1,0,32.491,-2.918,0,1,1,0,14.405,0.0,0,31.97,0,0,0,1,0,1,1,0,0,1,0,12192.0,2,1,1,1,0,0,1,3,7.5,272.1,0,0,0,0,0,1
266400,36.828,0.0,0,0,1,0,32.193,-2.98,0,1,1,0,14.405,0.0,0,31.84,0,0,0,1,0,1,1,0,0,1,0,12192.0,2,1,1,1,0,0,1,3,6.4,270.7,0,0,0,0,0,1
266500,36.828,0.0,0,0,1,0,31.888,-3.042,0,1,1,0,14.405,0.0,0,32.07,0,0,0,1,0,1,1,0,0,1,0,12192.0,2,1,1,1,0,0,1,3,7.4,271.8,0,0,0,0,0,1
266600,36.828,0.0,0,0,1,0,31.578,-3.104,0,1,1,0,14.405,0.0,0,31.88,0,0,0,1,0,1,1,0,0,1,0,12192.0,2,1,1,1,0,0,1,3,8.1,266.4,0,0,0,0,0,1
266700,36.828,0.0,0,0,1,0,31.261,-3.166,0,1,1,0,14.405,0.0,0,32.12,0,0,0,1,0,1,1,0,0,1,0,12192.0,2,1,1,1,0,0,1,3,7.3,270.1,0,0,0,0,0,1
266800,36.828,0.0,0,0,1,0,30.939,-3.228,0,1,1,0,14.405,0.0,0,32.07,0,0,0,1,0,1,1,0,0,1,0,12192.0,2,1,1,1,0,0,1,3,7.2,272.6,0,0,0,0,0,1
266900,36.828,0.0,0,0,1,0,30.609,-3.29,0,1,1,0,14.405,0.0,0,32.17,0,0,0,1,0,1,1,0,0,1,0,12192.0,2,1,1,1,0,0,1,3,6.5,270.4,0,0,0,0,0,1
267000,36.828,0.0,0,0,1,0,30.274,-3.353,0,1,1,0,14.405,0.0,0,32.01,0,0,0,1,0,1,1,0,0,1,0,12192.0,2,1,1,1,0,0,1,3,7.5,272.1,0,0,0,0,0,1
267100,36.828,0.0,0,0,1,0,29.933,-3.415,0,1,1,0,14.405,0.0,0,32.05,0,0,0,1,0,1,1,0,0,1,0,12192.0,2,1,1,1,0,0,1,3,6.6,271.0,0,0,0,0,0,1
267200,36.828,0.0,0,0,1,0,29.585,-3.477,0,1,1,0,14.405,0.0,0,32.05,0,0,0,1,0,1,1,0,0,1,0,12192.0,2,1,1,1,0,0,1,3,7.3,271.3,0,0,0,0,0,1
267300,36.828,0.0,0,0,1,0,29.231,-3.539,0,1,1,0,14.405,0.0,0,32.04,0,0,0,1,0,1,1,0,0,1,0,12192.0,2,1,1,1,0,0,1,3,6.9,266.3,0,0,0,0,0,1
267400,36.828,0.0,0,0,1,0,28.877,-3.539,0,1,1,0,14.405,0.0,0,32.29,0,0,0,1,0,1,1,0,0,1,0,12192.0,2,1,1,1,0,0,1,3,7.2,274.4,0,0,0,0,0,1
267500,36.828,0.0,0,0,1,0,28.523,-3.539,0,1,1,0,14.405,0.0,0,31.73,0,0,0,1,0,1,1,0,0,1,0,12192.0,2,1,1,1,0,0,1,3,7.4,271.0,0,0,0,0,0,1
267600,36.828,0.0,0,0,1,0,28.17,-3.539,0,1,1,0,14.405,0.0,0,32.1,0,0,0,1,0,1,1,0,0,1,0,12192.0,2,1,1,1,0,0,1,3,7.7,264.9,0,0,0,0,0,1
267700,36.828,0.0,0,0,1,0,27.816,-3.539,0,1,1,0,14.405,0.0,0,32.13,0,0,0,1,0,1,1,0,0,1,0,12192.0,2,1,1,1,0,0,1,3,7.1,271.9,0,0,0,0,0,1
267800,36.828,0.0,0,0,1,0,27.462,-3.539,0,1,1,0,14.405,0.0,0,31.93,0,0,0,1,0,1,1,0,0,1,0,12192.0,2,1,1,1,0,0,1,3,8.4,269.3,0,0,0,0,0,1
267900,36.828,0.0,0,0,1,0,27.108,-3.539,0,1,1,0,14.405,0.0,0,32.02,0,0,0,1,0,1,1,0,0,1,0,12192.0,2,1,1,1,0,0,1,3,8.2,271.3,0,0,0,0,0,1
268000,36.828,0.0,0,0,1,0,26.754,-3.539,0,1,1,0,14.405,0.0,0,32.05,0,0,0,1,0,1,1,0,0,1,0,12192.0,2,1,1,1,0,0,1,3,7.0,271.9,0,0,0,0,0,1
268100,36.828,0.0,0,0,1,0,26.4,-3.539,0,1,1,0,14.405,0.0,0,31.94,0,0,0,1,0,1,1,0,0,1,0,12192.0,2,1,1,1,0,0,1,3,7.1,272.2,0,0,0,0,0,1
268200,36.828,0.0,0,0,1,0,26.046,-3.539,0,1,1,0,14.405,0.0,0,32.0,0,0,0,1,0,1,1,0,0,1,0,12192.0,2,1,1,1,0,0,1,3,7.8,265.8,0,0,0,0,0,1
268300,36.828,0.0,0,0,1,0,25.693,-3.539,0,1,1,0,14.405,0.0,0,31.96,0,0,0,1,0,1,1,0,0,1,0,12192.0,2,1,1,1,0,0,1,3,7.3,265.1,0,0,0,0,0,1
268400,36.828,0.0,0,0,1,0,25.339,-3.539,0,1,1,0,14.405,0.0,0,31.97,0,0,0,1,0,1,1,0,0,1,0,12192.0,2,1,1,1,0,0,1,3,7.9,267.7,0,0,0,0,0,1
268500,36.828,0.0,0,0,1,0,24.985,-3.539,0,1,1,0,14.405,0.0,0,32.09,0,0,0,1,0,1,1,0,0,1,0,12192.0,2,1,1,1,0,0,1,3,7.6,269.9,0,0,0,0,0,1
268600,36.828,0.0,0,0,1,0,24.631,-3.539,0,1,1,0,14.405,0.0,0,32.45,0,0,0,1,0,1,1,0,0,1,0,12192.0,2,1,1,1,0,0,1,3,8.0,270.8,0,0,0,0,0,1
268700,36.828,0.0,0,0,1,0,24.277,-3.539,0,1,1,0,14.405,0.0,0,31.76,0,0,0,1,0,1,1,0,0,1,0,12192.0,2,1,1,1,0,0,1,3,8.0,271.2,0,0,0,0,0,1
268800,36.828,0.0,0,0,1,0,23.923,-3.539,0,1,1,0,14.405,0.0,0,31.79,0,0,0,1,0,1,1,0,0,1,0,12192.0,2,1,1,1,0,0,1,3,7.2,268.5,0,0,0,0,0,1
268900,36.828,0.0,0,0,1,0,23.569,-3.539,0,1,1,0,14.405,0.0,0,31.98,0,0,0,1,0,1,1,0,0,1,0,12192.0,2,1,1,1,0,0,1,3,8.1,266.3,0,0,0,0,0,1
269000,36.828,0.0,0,0,1,0,23.216,-3.539,0,1,1,0,14.405,0.0,0,32.05,0,0,0,1,0,1,1,0,0,1,0,12192.0,2,1,1,1,0,0,1,3,8.2,272.3,0,0,0,0,0,1
269100,36.828,0.0,0,0,1,0,22.862,-3.539,0,1,1,0,14.405,0.0,0,31.93,0,0,0,1,0,1,1,0,0,1,0,12192.0,2,1,1,1,0,0,1,3,8.2,268.2,0,0,0,0,0,1
269200,36.828,0.0,0,0,1,0,22.508,-3.539,0,1,1,0,14.405,0.0,0,32.11,0,0,0,1,0,1,1,0,0,1,0,12192.0,2,1,1,1,0,0,1,3,8.2,271.0,0,0,0,0,0,1
269300,36.828,0.0,0,0,1,0,22.154,-3.539,0,1,1,0,14.405,0.0,0,31.68,0,0,0,1,0,1,1,0,0,1,0,12192.0,2,1,1,1,0,0,1,3,7.7,265.4,0,0,0,0,0,1
269400,36.828,0.0,0,0,1,0,21.8,-3.539,0,1,1,0,14.405,0.0,0,32.15,0,0,0,1,0,1,1,0,0,1,0,12192.0,2,1,1,1,0,0,1,3,8.4,272.8,0,0,0,0,0,1
269500,36.828,0.0,0,0,1,0,21.446,-3.539,0,1,1,0,14.405,0.0,0,32.19,0,0,0,1,0,1,1,0,0,1,0,12192.0,2,1,1,1,0,0,1,3,8.9,270.1,0,0,0,0,0,1
269600,36.828,0.0,0,0,1,0,21.092,-3.539,0,1,1,0,14.405,0.0,0,31.98,0,0,0,1,0,1,1,0,0,1,0,12192.0,2,1,1,1,0,0,1,3,8.2,267.8,0,0,0,0,0,1
269700,36.828,0.0,0,0,1,0,20.739,-3.539,0,1,1,0,14.405,0.0,0,32.16,0,0,0,1,0,1,1,0,0,1,0,12192.0,2,1,1,1,0,0,1,3,8.8,272.7,0,0,0,0,0,1
269800,36.828,0.0,0,0,1,0,20.385,-3.539,0,1,1,0,14.405,0.0,0,31.94,0,0,0,1,0,1,1,0,0,1,0,12192.0,2,1,1,1,0,0,1,3,8.2,272.7,0,0,0,0,0,1
269900,36.828,0.0,0,0,1,0,20.031,-3.539,0,1,1,0,14.405,0.0,0,31.92,0,0,0,1,0,1,1,0,0,1,0,12192.0,2,1,1,1,0,0,1,3,8.1,267.7,0,0,0,0,0,1
270000,36.828,0.0,0,0,1,0,19.677,-3.539,0,1,1,0,14.405,0.0,0,32.01,0,0,0,1,0,1,1,0,0,1,0,12192.0,2,1,1,1,0,0,1,3,8.3,270.3,0,0,0,0,0,1
270100,36.828,0.0,0,0,1,0,19.323,-3.539,0,1,1,0,14.405,0.0,0,32.17,0,0,0,1,0,1,1,0,0,1,0,12192.0,2,1,1,1,0,0,1,3,7.7,270.8,0,0,0,0,0,1
270200,36.828,0.0,0,0,1,0,18.969,-3.539,0,1,1,0,14.405,0.0,0,31.94,0,0,0,1,0,1,1,0,0,1,0,12192.0,2,1,1,1,0,0,1,3,7.9,270.7,0,0,0,0,0,1
270300,36.828,0.0,0,0,1,0,18.615,-3.539,0,1,1,0,14.405,0.0,0,31.95,0,0,0,1,0,1,1,0,0,1,0,12192.0,2,1,1,1,0,0,1,3,8.8,267.7,0,0,0,0,0,1
270400,36.828,0.0,0,0,1,0,18.261,-3.539,0,1,1,0,14.405,0.0,0,32.11,0,0,0,1,0,1,1,0,0,1,0,12192.0,2,1,1,1,0,0,1,3,8.2,265.0,0,0,0,0,0,1
270500,36.828,0.0,0,0,1,0,17.914,-3.477,0,1,1,0,14.405,0.0,0,31.95,0,0,0,1,0,1,1,0,0,1,0,12192.0,2,1,1,1,0,0,1,3,8.7,267.8,0,0,0,0,0,1
270600,36.828,0.0,0,0,1,0,17.572,-3.414,0,1,1,0,14.405,0.0,0,32.06,0,0,0,1,0,1,1,0,0,1,0,12192.0,2,1,1,1,0,0,1,3,7.7,277.1,0,0,0,0,0,1
270700,36.828,0.0,0,0,1,0,17.237,-3.352,0,1,1,0,14.405,0.0,0,32.19,0,0,0,1,0,1,1,0,0,1,0,12192.0,2,1,1,1,0,0,1,3,8.5,271.1,0,0,0,0,0,1
270800,36.828,0.0,0,0,1,0,16.908,-3.29,0,1,1,0,14.405,0.0,0,32.16,0,0,0,1,0,1,1,0,0,1,0,12192.0,2,1,1,1,0,0,1,3,8.3,270.5,0,0,0,0,0,1
270900,36.828,0.0,0,0,1,0,16.585,-3.228,0,1,1,0,14.405,0.0,0,32.16,0,0,0,1,0,1,1,0,0,1,0,12192.0,2,1,1,1,0,0,1,3,7.8,272.4,0,0,0,0,0,1
271000,36.828,0.0,0,0,1,0,16.269,-3.166,0,1,1,0,14.405,0.0,0,32.13,0,0,0,1,0,1,1,0,0,1,0,12192.0,2,1,1,1,0,0,1,3,8.7,270.8,0,0,0,0,0,1
271100,36.828,0.0,0,0,1,0,15.958,-3.104,0,1,1,0,14.405,0.0,0,32.17,0,0,0,1,0,1,1,0,0,1,0,12192.0,2,1,1,1,0,0,1,3,8.6,265.4,0,0,0,0,0,1
271200,36.828,0.0,0,0,1,0,15.654,-3.042,0,1,1,0,14.405,0.0,0,31.88,0,0,0,1,0,1,1,0,0,1,0,12192.0,2,1,1,1,0,0,1,3,9.2,269.0,0,0,0,0,0,1
271300,36.828,0.0,0,0,1,0,15.356,-2.98,0,1,1,0,14.405,0.0,0,32.07,0,0,0,1,0,1,1,0,0,1,0,12192.0,2,1,1,1,0,0,1,3,8.4,270.6,0,0,0,0,0,1
271400,36.828,0.0,0,0,1,0,15.064,-2.918,0,1,1,0,14.405,0.0,0,31.95,0,0,0,1,0,1,1,0,0,1,0,12192.0,2,1,1,1,0,0,1,3,9.0,271.6,0,0,0,0,0,1
271500,36.828,0.0,0,0,1,0,14.779,-2.856,0,1,1,0,14.405,0.0,0,31.92,0,0,0,1,0,1,1,0,0,1,0,12192.0,2,1,1,1,0,0,1,3,7.8,268.8,0,0,0,0,0,1
271600,36.828,0.0,0,0,1,0,14.499,-2.794,0,1,1,0,14.405,0.0,0,32.09,0,0,0,1,0,1,1,0,0,1,0,12192.0,2,1,1,1,0,0,1,3,8.9,269.3,0,0,0,0,0,1
271700,36.828,0.0,0,0,1,0,14.226,-2.732,0,1,1,0,14.405,0.0,0,31.84,0,0,0,1,0,1,1,0,0,1,0,12192.0,2,1,1,1,0,0,1,3,9.6,267.7,0,0,0,0,0,1
271800,36.828,0.0,0,0,1,0,13.959,-2.669,0,1,1,0,14.405,0.0,0,32.05,0,0,0,1,0,1,1,0,0,1,0,12192.0,2,1,1,1,0,0,1,3,7.5,272.9,0,0,0,0,0,1
271900,36.828,0.0,0,0,1,0,13.699,-2.607,0,1,1,0,14.405,0.0,0,31.95,0,0,0,1,0,1,1,0,0,1,0,12192.0,2,1,1,1,0,0,1,3,8.1,268.5,0,0,0,0,0,1
272000,36.828,0.0,0,0,1,0,13.444,-2.545,0,1,1,0,14.405,0.0,0,31.92,0,0,0,1,0,1,1,0,0,1,0,12192.0,2,1,1,1,0,0,1,3,8.1,273.1,0,0,0,0,0,1
272100,36.828,0.0,0,0,1,0,13.196,-2.483,0,1,1,0,14.405,0.0,0,31.76,0,0,0,1,0,1,1,0,0,1,0,12192.0,2,1,1,1,0,0,1,3,8.9,269.5,0,0,0,0,0,1
272200,36.828,0.0,0,0,1,0,12.954,-2.421,0,1,1,0,14.405,0.0,0,32.05,0,0,0,1,0,1,1,0,0,1,0,12192.0,2,1,1,1,0,0,1,3,8.4,271.2,0,0,0,0,0,1
272300,36.828,0.0,0,0,1,0,12.718,-2.359,0,1,1,0,14.405,0.0,0,31.86,0,0,0,1,0,1,1,0,0,1,0,12192.0,2,1,1,1,0,0,1,3,8.4,275.2,0,0,0,0,0,1
272400,36.828,0.0,0,0,1,0,12.488,-2.297,0,1,1,0,14.405,0.0,0,32.07,0,0,0,1,0,1,1,0,0,1,0,12192.0,2,1,1,1,0,0,1,3,7.9,270.7,0,0,0,0,0,1
272500,36.828,0.0,0,0,1,0,12.265,-2.235,0,1,1,0,14.405,0.0,0,32.1,0,0,0,1,0,1,1,0,0,1,0,12192.0,2,1,1,1,0,0,1,3,8.4,268.0,0,0,0,0,0,1
272600,36.828,0.0,0,0,1,0,12.047,-2.173,0,1,1,0,14.405,0.0,0,31.93,0,0,0,1,0,1,1,0,0,1,0,12192.0,2,1,1,1,0,0,1,3,7.9,272.4,0,0,0,0,0,1
272700,36.828,0.0,0,0,1,0,11.836,-2.111,0,1,1,0,14.405,0.0,0,31.98,0,0,0,1,0,1,1,0,0,1,0,12192.0,2,1,1,1,0,0,1,3,9.0,270.8,0,0,0,0,0,1
272800,36.828,0.0,0,0,1,0,11.631,-2.049,0,1,1,0,14.405,0.0,0,32.14,0,0,0,1,0,1,1,0,0,1,0,12192.0,2,1,1,1,0,0,1,3,8.4,270.0,0,0,0,0,0,1
272900,36.828,0.0,0,0,1,0,11.433,-1.987,0,1,1,0,14.405,0.0,0,31.69,0,0,0,1,0,1,1,0,0,1,0,12192.0,2,1,1,1,0,0,1,3,8.5,267.0,0,0,0,0,0,1
273000,36.828,0.0,0,0,1,0,11.24,-1.924,0,1,1,0,14.405,0.0,0,32.11,0,0,0,1,0,1,1,0,0,1,0,12192.0,2,1,1,1,0,0,1,3,8.3,266.2,0,0,0,0,0,1
273100,36.828,0.0,0,0,1,0,11.054,-1.862,0,1,1,0,14.405,0.0,0,32.15,0,0,0,1,0,1,1,0,0,1,0,12192.0,2,1,1,1,0,0,1,3,8.1,267.7,0,0,0,0,0,1
273200,36.828,0.0,0,0,1,0,10.874,-1.8,0,1,1,0,14.405,0.0,0,32.08,0,0,0,1,0,1,1,0,0,1,0,12192.0,2,1,1,1,0,0,1,3,7.2,267.2,0,0,0,0,0,1
273300,36.828,0.0,0,0,1,0,10.7,-1.738,0,1,1,0,14.405,0.0,0,31.97,0,0,0,1,0,1,1,0,0,1,0,12192.0,2,1,1,1,0,0,1,3,8.7,268.9,0,0,0,0,0,1
273400,36.828,0.0,0,0,1,0,10.533,-1.676,0,1,1,0,14.405,0.0,0,32.12,0,0,0,1,0,1,1,0,0,1,0,12192.0,2,1,1,1,0,0,1,3,8.4,270.0,0,0,0,0,0,1
273500,36.828,0.0,0,0,1,0,10.371,-1.614,0,1,1,0,14.405,0.0,0,32.19,0,0,0,1,0,1,1,0,0,1,0,12192.0,2,1,1,1,0,0,1,3,7.5,271.5,0,0,0,0,0,1
273600,36.828,0.0,0,0,1,0,10.216,-1.552,0,1,1,0,14.405,0.0,0,32.03,0,0,0,1,0,1,1,0,0,1,0,12192.0,2,1,1,1,0,0,1,3,8.2,269.9,0,0,0,0,0,1
273700,36.828,0.0,0,0,1,0,10.067,-1.49,0,1,1,0,14.405,0.0,0,31.82,0,0,0,1,0,1,1,0,0,1,0,12192.0,2,1,1,1,0,0,1,3,7.8,270.7,0,0,0,0,0,1
273800,36.828,0.0,0,0,1,0,9.924,-1.428,0,1,1,0,14.405,0.0,0,32.02,0,0,0,1,0,1,1,0,0,1,0,12192.0,2,1,1,1,0,0,1,3,8.3,274.2,0,0,0,0,0,1
273900,36.828,0.0,0,0,1,0,9.788,-1.366,0,1,1,0,14.405,0.0,0,32.14,0,0,0,1,0,1,1,0,0,1,0,12192.0,2,1,1,1,0,0,1,3,8.7,272.4,0,0,0,0,0,1
274000,36.828,0.0,0,0,1,0,9.657,-1.304,0,1,1,0,14.405,0.0,0,31.92,0,0,0,1,0,1,1,0,0,1,0,12192.0,2,1,1,1,0,0,1,3,8.2,271.6,0,0,0,0,0,1
274100,36.828,0.0,0,0,1,0,9.527,-1.304,0,1,1,0,14.405,0.0,0,31.91,0,0,0,1,0,1,1,0,0,1,0,12192.0,2,1,1,1,0,0,1,3,8.0,263.9,0,0,0,0,0,1
274200,36.828,0.0,0,0,1,0,9.403,-1.24,0,1,1,0,14.405,0.0,0,32.01,0,0,0,1,0,1,1,0,0,1,0,12192.0,2,1,1,1,0,0,1,3,7.6,267.7,0,0,0,0,0,1
274300,36.828,0.0,0,0,1,0,9.285,-1.176,0,1,1,0,14.405,0.0,0,32.14,0,0,0,1,0,1,1,0,0,1,0,12192.0,2,1,1,1,0,0,1,3,6.7,268.1,0,0,0,0,0,1
274400,36.828,0.0,0,0,1,0,9.174,-1.113,0,1,1,0,14.405,0.0,0,32.21,0,0,0,1,0,1,1,0,0,1,0,12192.0,2,1,1,1,0,0,1,3,7.3,264.1,0,0,0,0,0,1
274500,36.828,0.0,0,0,1,0,9.069,-1.049,0,1,1,0,14.405,0.0,0,31.95,0,0,0,1,0,1,1,0,0,1,0,12192.0,2,1,1,1,0,0,1,3,6.8,265.2,0,0,0,0,0,1
274600,36.828,0.0,0,0,1,0,8.971,-0.985,0,1,1,0,14.405,0.0,0,32.03,0,0,0,1,0,1,1,0,0,1,0,12192.0,2,1,1,1,0,0,1,3,7.4,270.4,0,0,0,0,0,1
274700,36.828,0.0,0,0,1,0,8.879,-0.92,0,1,1,0,14.405,0.0,0,32.16,0,0,0,1,0,1,1,0,0,1,0,12192.0,2,1,1,1,0,0,1,3,8.0,270.8,0,0,0,0,0,1
274800,36.828,0.0,0,0,1,0,8.793,-0.856,0,1,1,0,14.405,0.0,0,31.82,0,0,0,1,0,1,1,0,0,1,0,12192.0,2,1,1,1,0,0,1,3,7.6,268.5,0,0,0,0,0,1
274900,36.828,0.0,0,0,1,0,8.714,-0.792,0,1,1,0,14.405,0.0,0,32.14,0,0,0,1,0,1,1,0,0,1,0,12192.0,2,1,1,1,0,0,1,3,8.0,267.7,0,0,0,0,0,1
275000,36.828,0.0,0,0,1,0,8.641,-0.727,0,1,1,0,14.405,0.0,0,32.02,0,0,0,1,0,1,1,0,0,1,0,12192.0,2,1,1,1,0,0,1,3,7.7,271.8,0,0,0,0,0,1
275100,36.828,0.0,0,0,1,0,8.575,-0.662,0,1,1,0,14.405,0.0,0,31.99,0,0,0,1,0,1,1,0,0,1,0,12192.0,2,1,1,1,0,0,1,3,7.0,268.1,0,0,0,0,0,1
275200,36.828,0.0,0,0,1,0,8.515,-0.597,0,1,1,0,14.405,0.0,0,31.96,0,0,0,1,0,1,1,0,0,1,0,12192.0,2,1,1,1,0,0,1,3,7.4,274.9,0,0,0,0,0,1
275300,36.828,0.0,0,0,1,0,8.462,-0.531,0,1,1,0,14.405,0.0,0,32.01,0,0,0,1,0,1,1,0,0,1,0,12192.0,2,1,1,1,0,0,1,3,7.6,266.8,0,0,0,0,0,1
275400,36.828,0.0,0,0,1,0,8.416,-0.465,0,1,1,0,14.405,0.0,0,32.06,0,0,0,1,0,1,1,0,0,1,0,12192.0,2,1,1,1,0,0,1,3,8.1,272.0,0,0,0,0,0,1
275500,36.828,0.0,0,0,1,0,8.376,-0.398,0,1,1,0,14.405,0.0,0,32.07,0,0,0,1,0,1,1,0,0,1,0,12192.0,2,1,1,1,0,0,1,3,8.2,267.3,0,0,0,0,0,1
275600,36.828,0.0,0,0,1,0,8.343,-0.33,0,1,1,0,14.405,0.0,0,31.94,0,0,0,1,0,1,1,0,0,1,0,12192.0,2,1,1,1,0,0,1,3,7.1,270.8,0,0,0,0,0,1
275700,36.828,0.0,0,0,1,0,8.317,-0.261,0,1,1,0,14.405,0.0,0,32.05,0,0,0,1,0,1,1,0,0,1,0,12192.0,2,1,1,1,0,0,1,3,7.8,274.3,0,0,0,0,0,1
275800,36.828,0.0,0,0,1,0,8.298,-0.188,0,1,1,0,14.405,0.0,0,31.91,0,0,0,1,0,1,1,0,0,1,0,12192.0,2,1,1,1,0,0,1,3,8.3,268.4,0,0,0,0,0,1
275900,36.828,0.0,0,0,1,0,8.287,-0.11,0,1,1,0,14.405,0.0,0,31.91,0,0,0,1,0,1,1,0,0,1,0,12192.0,2,1,1,1,0,0,1,3,7.8,270.2,0,0,0,0,0,1
276000,36.828,0.0,0,0,0,0,8.282,0.0,0,0,0,0,14.405,0.0,0,32.06,0,0,0,0,0,1,1,0,0,1,0,12192.0,2,1,1,0,1,0,1,3,6.3,273.4,0,0,0,0,0,1
276100,36.828,0.0,0,0,1,0,8.282,0.0,0,0,1,0,14.4,-0.046,0,30.53,0,0,1,1,0,1,1,0,0,1,0,12192.0,2,1,1,1,0,0,1,3,7.8,268.8,0,0,0,0,0,1
276200,36.828,0.0,0,0,1,0,8.282,0.0,0,0,1,0,14.391,-0.093,0,30.56,0,0,1,1,0,1,1,0,0,1,0,12192.0,2,1,1,1,0,0,1,3,8.0,271.7,0,0,0,0,0,1
276300,36.828,0.0,0,0,1,0,8.282,0.0,0,0,1,0,14.377,-0.139,0,30.5,0,0,1,1,0,1,1,0,0,1,0,12192.0,2,1,1,1,0,0,1,3,7.6,271.1,0,0,0,0,0,1
276400,36.828,0.0,0,0,1,0,8.282,0.0,0,0,1,0,14.358,-0.186,0,30.33,0,0,1,1,0,1,1,0,0,1,0,12192.0,2,1,1,1,0,0,1,3,7.3,271.5,0,0,0,0,0,1
276500,36.828,0.0,0,0,1,0,8.282,0.0,0,0,1,0,14.335,-0.232,0,30.47,0,0,1,1,0,1,1,0,0,1,0,12192.0,2,1,1,1,0,0,1,3,6.8,269.1,0,0,0,0,0,1
276600,36.828,0.0,0,0,1,0,8.282,0.0,0,0,1,0,14.307,-0.278,0,30.42,0,0,1,1,0,1,1,0,0,1,0,12192.0,2,1,1,1,0,0,1,3,7.4,268.8,0,0,0,0,0,1
276700,36.828,0.0,0,0,1,0,8.282,0.0,0,0,1,0,14.275,-0.325,0,30.36,0,0,1,1,0,1,1,0,0,1,0,12192.0,2,1,1,1,0,0,1,3,7.5,269.8,0,0,0,0,0,1
276800,36.828,0.0,0,0,1,0,8.282,0.0,0,0,1,0,14.238,-0.371,0,30.47,0,0,1,1,0,1,1,0,0,1,0,12192.0,2,1,1,1,0,0,1,3,6.8,272.5,0,0,0,0,0,1
276900,36.828,0.0,0,0,1,0,8.282,0.0,0,0,1,0,14.196,-0.417,0,30.18,0,0,1,1,0,1,1,0,0,1,0,12192.0,2,1,1,1,0,0,1,3,7.5,272.8,0,0,0,0,0,1
277000,36.828,0.0,0,0,1,0,8.282,0.0,0,0,1,0,14.15,-0.464,0,30.63,0,0,1,1,0,1,1,0,0,1,0,12192.0,2,1,1,1,0,0,1,3,8.1,272.1,0,0,0,0,0,1
277100,36.828,0.0,0,0,1,0,8.282,0.0,0,0,1,0,14.099,-0.51,0,30.62,0,0,1,1,0,1,1,0,0,1,0,12192.0,2,1,1,1,0,0,1,3,7.9,270.1,0,0,0,0,0,1
277200,36.828,0.0,0,0,1,0,8.282,0.0,0,0,1,0,14.043,-0.557,0,30.4,0,0,1,1,0,1,1,0,0,1,0,12192.0,2,1,1,1,0,0,1,3,8.9,269.2,0,0,0,0,0,1
277300,36.828,0.0,0,0,1,0,8.282,0.0,0,0,1,0,13.983,-0.603,0,30.65,0,0,1,1,0,1,1,0,0,1,0,12192.0,2,1,1,1,0,0,1,3,7.8,270.3,0,0,0,0,0,1
277400,36.828,0.0,0,0,1,0,8.282,0.0,0,0,1,0,13.918,-0.649,0,30.69,0,0,1,1,0,1,1,0,0,1,0,12192.0,2,1,1,1,0,0,1,3,7.6,268.2,0,0,0,0,0,1
277500,36.828,0.0,0,0,1,0,8.282,0.0,0,0,1,0,13.848,-0.696,0,30.42,0,0,1,1,0,1,1,0,0,1,0,12192.0,2,1,1,1,0,0,1,3,8.7,269.8,0,0,0,0,0,1
277600,36.828,0.0,0,0,1,0,8.282,0.0,0,0,1,0,13.774,-0.742,0,30.3,0,0,1,1,0,1,1,0,0,1,0,12192.0,2,1,1,1,0,0,1,3,6.9,269.0,0,0,0,0,0,1
277700,36.828,0.0,0,0,1,0,8.282,0.0,0,0,1,0,13.695,-0.788,0,30.7,0,0,1,1,0,1,1,0,0,1,0,12192.0,2,1,1,1,0,0,1,3,8.0,270.9,0,0,0,0,0,1
277800,36.828,0.0,0,0,1,0,8.282,0.0,0,0,1,0,13.612,-0.835,0,30.44,0,0,1,1,0,1,1,0,0,1,0,12192.0,2,1,1,1,0,0,1,3,7.3,268.2,0,0,0,0,0,1
277900,36.828,0.0,0,0,1,0,8.282,0.0,0,0,1,0,13.524,-0.881,0,30.26,0,0,1,1,0,1,1,0,0,1,0,12192.0,2,1,1,1,0,0,1,3,7.7,269.4,0,0,0,0,0,1
278000,36.828,0.0,0,0,1,0,8.282,0.0,0,0,1,0,13.431,-0.928,0,30.31,0,0,1,1,0,1,1,0,0,1,0,12192.0,2,1,1,1,0,0,1,3,7.5,272.8,0,0,0,0,0,1
278100,36.828,0.0,0,0,1,0,8.282,0.0,0,0,1,0,13.333,-0.974,0,30.44,0,0,1,1,0,1,1,0,0,1,0,12192.0,2,1,1,1,0,0,1,3,8.7,271.5,0,0,0,0,0,1
278200,36.828,0.0,0,0,1,0,8.282,0.0,0,0,1,0,13.231,-1.02,0,30.66,0,0,1,1,0,1,1,0,0,1,0,12192.0,2,1,1,1,0,0,1,3,7.4,269.8,0,0,0,0,0,1
278300,36.828,0.0,0,0,1,0,8.282,0.0,0,0,1,0,13.125,-1.067,0,30.52,0,0,1,1,0,1,1,0,0,1,0,12192.0,2,1,1,1,0,0,1,3,7.8,273.7,0,0,0,0,0,1
278400,36.828,0.0,0,0,1,0,8.282,0.0,0,0,1,0,13.013,-1.113,0,30.43,0,0,1,1,0,1,1,0,0,1,0,12192.0,2,1,1,1,0,0,1,3,8.5,269.8,0,0,0,0,0,1
278500,36.828,0.0,0,0,1,0,8.282,0.0,0,0,1,0,12.897,-1.159,0,30.6,0,0,1,1,0,1,1,0,0,1,0,12192.0,2,1,1,1,0,0,1,3,8.4,270.4,0,0,0,0,0,1
278600,36.828,0.0,0,0,1,0,8.282,0.0,0,0,1,0,12.781,-1.168,0,30.45,0,0,1,1,0,1,1,0,0,1,0,12192.0,2,1,1,1,0,0,1,3,8.1,266.6,0,0,0,0,0,1
278700,36.828,0.0,0,0,1,0,8.282,0.0,0,0,1,0,12.664,-1.168,0,30.4,0,0,1,1,0,1,1,0,0,1,0,12192.0,2,1,1,1,0,0,1,3,8.2,269.5,0,0,0,0,0,1
278800,36.828,0.0,0,0,1,0,8.282,0.0,0,0,1,0,12.547,-1.168,0,30.62,0,0,1,1,0,1,1,0,0,1,0,12192.0,2,1,1,1,0,0,1,3,8.7,269.1,0,0,0,0,0,1
278900,36.828,0.0,0,0,1,0,8.282,0.0,0,0,1,0,12.43,-1.168,0,30.46,0,0,1,1,0,1,1,0,0,1,0,12192.0,2,1,1,1,0,0,1,3,7.8,273.9,0,0,0,0,0,1
279000,36.828,0.0,0,0,1,0,8.282,0.0,0,0,1,0,12.313,-1.168,0,30.54,0,0,1,1,0,1,1,0,0,1,0,12192.0,2,1,1,1,0,0,1,3,7.6,271.9,0,0,0,0,0,1
279100,36.828,0.0,0,0,1,0,8.282,0.0,0,0,1,0,12.196,-1.168,0,30.34,0,0,1,1,0,1,1,0,0,1,0,12192.0,2,1,1,1,0,0,1,3,8.2,271.2,0,0,0,0,0,1
279200,36.828,0.0,0,0,1,0,8.282,0.0,0,0,1,0,12.08,-1.168,0,30.62,0,0,1,1,0,1,1,0,0,1,0,12192.0,2,1,1,1,0,0,1,3,8.7,273.6,0,0,0,0,0,1
279300,36.828,0.0,0,0,1,0,8.282,0.0,0,0,1,0,11.963,-1.168,0,30.55,0,0,1,1,0,1,1,0,0,1,0,12192.0,2,1,1,1,0,0,1,3,8.0,275.2,0,0,0,0,0,1
279400,36.828,0.0,0,0,1,0,8.282,0.0,0,0,1,0,11.846,-1.168,0,30.56,0,0,1,1,0,1,1,0,0,1,0,12192.0,2,1,1,1,0,0,1,3,8.3,271.6,0,0,0,0,0,1
279500,36.828,0.0,0,0,1,0,8.282,0.0,0,0,1,0,11.729,-1.168,0,30.43,0,0,1,1,0,1,1,0,0,1,0,12192.0,2,1,1,1,0,0,1,3,8.1,270.6,0,0,0,0,0,1
279600,36.828,0.0,0,0,1,0,8.282,0.0,0,0,1,0,11.612,-1.168,0,30.44,0,0,1,1,0,1,1,0,0,1,0,12192.0,2,1,1,1,0,0,1,3,7.5,264.9,0,0,0,0,0,1
279700,36.828,0.0,0,0,1,0,8.282,0.0,0,0,1,0,11.495,-1.168,0,30.61,0,0,1,1,0,1,1,0,0,1,0,12192.0,2,1,1,1,0,0,1,3,8.7,270.6,0,0,0,0,0,1
279800,36.828,0.0,0,0,1,0,8.282,0.0,0,0,1,0,11.379,-1.168,0,30.55,0,0,1,1,0,1,1,0,0,1,0,12192.0,2,1,1,1,0,0,1,3,7.8,266.6,0,0,0,0,0,1
279900,36.828,0.0,0,0,1,0,8.282,0.0,0,0,1,0,11.262,-1.168,0,30.41,0,0,1,1,0,1,1,0,0,1,0,12192.0,2,1,1,1,0,0,1,3,8.7,270.6,0,0,0,0,0,1
280000,36.828,0.0,0,0,1,0,8.282,0.0,0,0,1,0,11.145,-1.168,0,30.37,0,0,1,1,0,1,1,0,0,1,0,12192.0,2,1,1,1,0,0,1,3,8.1,274.3,0,0,0,0,0,1
280100,36.828,0.0,0,0,1,0,8.282,0.0,0,0,1,0,11.028,-1.168,0,30.43,0,0,1,1,0,1,1,0,0,1,0,12192.0,2,1,1,1,0,0,1,3,8.5,271.4,0,0,0,0,0,1
280200,36.828,0.0,0,0,1,0,8.282,0.0,0,0,1,0,10.911,-1.168,0,30.35,0,0,1,1,0,1,1,0,0,1,0,12192.0,2,1,1,1,0,0,1,3,8.8,275.0,0,0,0,0,0,1
280300,36.828,0.0,0,0,1,0,8.282,0.0,0,0,1,0,10.794,-1.168,0,30.59,0,0,1,1,0,1,1,0,0,1,0,12192.0,2,1,1,1,0,0,1,3,8.3,267.5,0,0,0,0,0,1
280400,36.828,0.0,0,0,1,0,8.282,0.0,0,0,1,0,10.678,-1.168,0,30.63,0,0,1,1,0,1,1,0,0,1,0,12192.0,2,1,1,1,0,0,1,3,8.5,266.5,0,0,0,0,0,1
280500,36.828,0.0,0,0,1,0,8.282,0.0,0,0,1,0,10.561,-1.168,0,30.54,0,0,1,1,0,1,1,0,0,1,0,12192.0,2,1,1,1,0,0,1,3,9.3,273.8,0,0,0,0,0,1
280600,36.828,0.0,0,0,1,0,8.282,0.0,0,0,1,0,10.444,-1.168,0,30.61,0,0,1,1,0,1,1,0,0,1,0,12192.0,2,1,1,1,0,0,1,3,7.9,267.5,0,0,0,0,0,1
280700,36.828,0.0,0,0,1,0,8.282,0.0,0,0,1,0,10.327,-1.168,0,30.31,0,0,1,1,0,1,1,0,0,1,0,12192.0,2,1,1,1,0,0,1,3,8.6,273.0,0,0,0,0,0,1
280800,36.828,0.0,0,0,1,0,8.282,0.0,0,0,1,0,10.21,-1.168,0,30.49,0,0,1,1,0,1,1,0,0,1,0,12192.0,2,1,1,1,0,0,1,3,8.5,267.7,0,0,0,0,0,1
280900,36.828,0.0,0,0,1,0,8.282,0.0,0,0,1,0,10.093,-1.168,0,30.44,0,0,1,1,0,1,1,0,0,1,0,12192.0,2,1,1,1,0,0,1,3,8.3,270.6,0,0,0,0,0,1
281000,36.828,0.0,0,0,1,0,8.282,0.0,0,0,1,0,9.977,-1.168,0,30.4,0,0,1,1,0,1,1,0,0,1,0,12192.0,2,1,1,1,0,0,1,3,8.3,267.5,0,0,0,0,0,1
281100,36.828,0.0,0,0,1,0,8.282,0.0,0,0,1,0,9.86,-1.168,0,30.55,0,0,1,1,0,1,1,0,0,1,0,12192.0,2,1,1,1,0,0,1,3,7.9,269.0,0,0,0,0,0,1
281200,36.828,0.0,0,0,1,0,8.282,0.0,0,0,1,0,9.743,-1.168,0,30.53,0,0,1,1,0,1,1,0,0,1,0,12192.0,2,1,1,1,0,0,1,3,7.9,268.9,0,0,0,0,0,1
281300,36.828,0.0,0,0,1,0,8.282,0.0,0,0,1,0,9.626,-1.168,0,30.6,0,0,1,1,0,1,1,0,0,1,0,12192.0,2,1,1,1,0,0,1,3,9.0,271.0,0,0,0,0,0,1
281400,36.828,0.0,0,0,1,0,8.282,0.0,0,0,1,0,9.509,-1.168,0,30.52,0,0,1,1,0,1,1,0,0,1,0,12192.0,2,1,1,1,0,0,1,3,8.9,272.9,0,0,0,0,0,1
281500,36.828,0.0,0,0,1,0,8.282,0.0,0,0,1,0,9.392,-1.168,0,30.35,0,0,1,1,0,1,1,0,0,1,0,12192.0,2,1,1,1,0,0,1,3,8.9,273.3,0,0,0,0,0,1
281600,36.828,0.0,0,0,1,0,8.282,0.0,0,0,1,0,9.276,-1.168,0,30.56,0,0,1,1,0,1,1,0,0,1,0,12192.0,2,1,1,1,0,0,1,3,8.1,271.2,0,0,0,0,0,1
281700,36.828,0.0,0,0,1,0,8.282,0.0,0,0,1,0,9.159,-1.168,0,30.53,0,0,1,1,0,1,1,0,0,1,0,12192.0,2,1,1,1,0,0,1,3,8.2,271.7,0,0,0,0,0,1
281800,36.828,0.0,0,0,1,0,8.282,0.0,0,0,1,0,9.042,-1.168,0,30.53,0,0,1,1,0,1,1,0,0,1,0,12192.0,2,1,1,1,0,0,1,3,8.0,274.3,0,0,0,0,0,1
281900,36.828,0.0,0,0,1,0,8.282,0.0,0,0,1,0,8.925,-1.168,0,30.48,0,0,1,1,0,1,1,0,0,1,0,12192.0,2,1,1,1,0,0,1,3,8.7,268.8,0,0,0,0,0,1
282000,36.828,0.0,0,0,1,0,8.282,0.0,0,0,1,0,8.808,-1.168,0,30.53,0,0,1,1,0,1,1,0,0,1,0,12192.0,2,1,1,1,0,0,1,3,8.7,272.3,0,0,0,0,0,1
282100,36.828,0.0,0,0,1,0,8.282,0.0,0,0,1,0,8.691,-1.168,0,30.66,0,0,1,1,0,1,1,0,0,1,0,12192.0,2,1,1,1,0,0,1,3,7.3,270.6,0,0,0,0,0,1
282200,36.828,0.0,0,0,1,0,8.282,0.0,0,0,1,0,8.575,-1.168,0,30.5,0,0,1,1,0,1,1,0,0,1,0,12192.0,2,1,1,1,0,0,1,3,8.6,268.7,0,0,0,0,0,1
282300,36.828,0.0,0,0,1,0,8.282,0.0,0,0,1,0,8.458,-1.168,0,30.63,0,0,1,1,0,1,1,0,0,1,0,12192.0,2,1,1,1,0,0,1,3,7.4,266.3,0,0,0,0,0,1
282400,36.828,0.0,0,0,1,0,8.282,0.0,0,0,1,0,8.341,-1.168,0,30.45,0,0,1,1,0,1,1,0,0,1,0,12192.0,2,1,1,1,0,0,1,3,7.8,272.3,0,0,0,0,0,1
282500,36.828,0.0,0,0,1,0,8.282,0.0,0,0,1,0,8.224,-1.168,0,30.54,0,0,1,1,0,1,1,0,0,1,0,12192.0,2,1,1,1,0,0,1,3,8.4,270.5,0,0,0,0,0,1
282600,36.828,0.0,0,0,1,0,8.282,0.0,0,0,1,0,8.107,-1.168,0,30.53,0,0,1,1,0,1,1,0,0,1,0,12192.0,2,1,1,1,0,0,1,3,7.2,271.7,0,0,0,0,0,1
282700,36.828,0.0,0,0,1,0,8.282,0.0,0,0,1,0,7.99,-1.168,0,30.52,0,0,1,1,0,1,1,0,0,1,0,12192.0,2,1,1,1,0,0,1,3,8.2,273.3,0,0,0,0,0,1
282800,36.828,0.0,0,0,1,0,8.282,0.0,0,0,1,0,7.874,-1.168,0,30.28,0,0,1,1,0,1,1,0,0,1,0,12192.0,2,1,1,1,0,0,1,3,8.0,263.0,0,0,0,0,0,1
282900,36.828,0.0,0,0,1,0,8.282,0.0,0,0,1,0,7.757,-1.168,0,30.69,0,0,1,1,0,1,1,0,0,1,0,12192.0,2,1,1,1,0,0,1,3,7.7,273.4,0,0,0,0,0,1
283000,36.828,0.0,0,0,1,0,8.282,0.0,0,0,1,0,7.64,-1.168,0,30.71,0,0,1,1,0,1,1,0,0,1,0,12192.0,2,1,1,1,0,0,1,3,7.7,267.8,0,0,0,0,0,1
283100,36.828,0.0,0,0,1,0,8.282,0.0,0,0,1,0,7.523,-1.168,0,30.54,0,0,1,1,0,1,1,0,0,1,0,12192.0,2,1,1,1,0,0,1,3,8.2,266.9,0,0,0,0,0,1
283200,36.828,0.0,0,0,1,0,8.282,0.0,0,0,1,0,7.406,-1.168,0,30.61,0,0,1,1,0,1,1,0,0,1,0,12192.0,2,1,1,1,0,0,1,3,6.9,271.0,0,0,0,0,0,1
283300,36.828,0.0,0,0,1,0,8.282,0.0,0,0,1,0,7.289,-1.168,0,30.53,0,0,1,1,0,1,1,0,0,1,0,12192.0,2,1,1,1,0,0,1,3,7.5,268.5,0,0,0,0,0,1
283400,36.828,0.0,0,0,1,0,8.282,0.0,0,0,1,0,7.173,-1.168,0,30.54,0,0,1,1,0,1,1,0,0,1,0,12192.0,2,1,1,1,0,0,1,3,8.1,270.7,0,0,0,0,0,1
283500,36.828,0.0,0,0,1,0,8.282,0.0,0,0,1,0,7.056,-1.168,0,30.4,0,0,1,1,0,1,1,0,0,1,0,12192.0,2,1,1,1,0,0,1,3,7.6,268.3,0,0,0,0,0,1
283600,36.828,0.0,0,0,1,0,8.282,0.0,0,0,1,0,6.939,-1.168,0,30.4,0,0,1,1,0,1,1,0,0,1,0,12192.0,2,1,1,1,0,0,1,3,7.6,270.5,0,0,0,0,0,1
283700,36.828,0.0,0,0,1,0,8.282,0.0,0,0,1,0,6.822,-1.168,0,30.5,0,0,1,1,0,1,1,0,0,1,0,12192.0,2,1,1,1,0,0,1,3,7.8,267.9,0,0,0,0,0,1
283800,36.828,0.0,0,0,1,0,8.282,0.0,0,0,1,0,6.705,-1.168,0,30.55,0,0,1,1,0,1,1,0,0,1,0,12192.0,2,1,1,1,0,0,1,3,8.2,270.8,0,0,0,0,0,1
283900,36.828,0.0,0,0,1,0,8.282,0.0,0,0,1,0,6.588,-1.168,0,30.43,0,0,1,1,0,1,1,0,0,1,0,12192.0,2,1,1,1,0,0,1,3,7.5,268.1,0,0,0,0,0,1
284000,36.828,0.0,0,0,1,0,8.282,0.0,0,0,1,0,6.472,-1.168,0,30.69,0,0,1,1,0,1,1,0,0,1,0,12192.0,2,1,1,1,0,0,1,3,7.9,271.1,0,0,0,0,0,1
284100,36.828,0.0,0,0,1,0,8.282,0.0,0,0,1,0,6.355,-1.168,0,30.68,0,0,1,1,0,1,1,0,0,1,0,12192.0,2,1,1,1,0,0,1,3,8.2,271.5,0,0,0,0,0,1
284200,36.828,0.0,0,0,1,0,8.282,0.0,0,0,1,0,6.238,-1.168,0,30.64,0,0,1,1,0,1,1,0,0,1,0,12192.0,2,1,1,1,0,0,1,3,7.3,269.2,0,0,0,0,0,1
284300,36.828,0.0,0,0,1,0,8.282,0.0,0,0,1,0,6.121,-1.168,0,30.65,0,0,1,1,0,1,1,0,0,1,0,12192.0,2,1,1,1,0,0,1,3,7.8,271.8,0,0,0,0,0,1
284400,36.828,0.0,0,0,1,0,8.282,0.0,0,0,1,0,6.004,-1.168,0,30.47,0,0,1,1,0,1,1,0,0,1,0,12192.0,2,1,1,1,0,0,1,3,7.8,274.9,0,0,0,0,0,1
284500,36.828,0.0,0,0,1,0,8.282,0.0,0,0,1,0,5.887,-1.168,0,30.47,0,0,1,1,0,1,1,0,0,1,0,12192.0,2,1,1,1,0,0,1,3,7.5,268.4,0,0,0,0,0,1
284600,36.828,0.0,0,0,1,0,8.282,0.0,0,0,1,0,5.771,-1.168,0,30.5,0,0,1,1,0,1,1,0,0,1,0,12192.0,2,1,1,1,0,0,1,3,7.2,267.6,0,0,0,0,0,1
284700,36.828,0.0,0,0,1,0,8.282,0.0,0,0,1,0,5.654,-1.168,0,30.57,0,0,1,1,0,1,1,0,0,1,0,12192.0,2,1,1,1,0,0,1,3,6.6,267.4,0,0,0,0,0,1
284800,36.828,0.0,0,0,1,0,8.282,0.0,0,0,1,0,5.537,-1.168,0,30.45,0,0,1,1,0,1,1,0,0,1,0,12192.0,2,1,1,1,0,0,1,3,7.9,272.7,0,0,0,0,0,1
284900,36.828,0.0,0,0,1,0,8.282,0.0,0,0,1,0,5.42,-1.168,0,30.72,0,0,1,1,0,1,1,0,0,1,0,12192.0,2,1,1,1,0,0,1,3,7.7,270.5,0,0,0,0,0,1
285000,36.828,0.0,0,0,1,0,8.282,0.0,0,0,1,0,5.303,-1.168,0,30.6,0,0,1,1,0,1,1,0,0,1,0,12192.0,2,1,1,1,0,0,1,3,7.2,266.2,0,0,0,0,0,1
285100,36.828,0.0,0,0,1,0,8.282,0.0,0,0,1,0,5.186,-1.168,0,30.42,0,0,1,1,0,1,1,0,0,1,0,12192.0,2,1,1,1,0,0,1,3,7.1,273.1,0,0,0,0,0,1
285200,36.828,0.0,0,0,1,0,8.282,0.0,0,0,1,0,5.07,-1.168,0,30.43,0,0,1,1,0,1,1,0,0,1,0,12192.0,2,1,1,1,0,0,1,3,7.6,268.7,0,0,0,0,0,1
285300,36.828,0.0,0,0,1,0,8.282,0.0,0,0,1,0,4.953,-1.168,0,30.45,0,0,1,1,0,1,1,0,0,1,0,12192.0,2,1,1,1,0,0,1,3,8.7,267.8,0,0,0,0,0,1
285400,36.828,0.0,0,0,1,0,8.282,0.0,0,0,1,0,4.836,-1.168,0,30.11,0,0,1,1,0,1,1,0,0,1,0,12192.0,2,1,1,1,0,0,1,3,7.7,269.5,0,0,0,0,0,1
285500,36.828,0.0,0,0,1,0,8.282,0.0,0,0,1,0,4.719,-1.168,0,30.61,0,0,1,1,0,1,1,0,0,1,0,12192.0,2,1,1,1,0,0,1,3,7.1,268.0,0,0,0,0,0,1
285600,36.828,0.0,0,0,1,0,8.282,0.0,0,0,1,0,4.602,-1.168,0,30.4,0,0,1,1,0,1,1,0,0,1,0,12192.0,2,1,1,1,0,0,1,3,7.8,271.1,0,0,0,0,0,1
285700,36.828,0.0,0,0,1,0,8.282,0.0,0,0,1,0,4.485,-1.168,0,30.39,0,0,1,1,0,1,1,0,0,1,0,12192.0,2,1,1,1,0,0,1,3,8.5,268.8,0,0,0,0,0,1
285800,36.828,0.0,0,0,1,0,8.282,0.0,0,0,1,0,4.369,-1.168,0,30.29,0,0,1,1,0,1,1,0,0,1,0,12192.0,2,1,1,1,0,0,1,3,7.7,272.1,0,0,0,0,0,1
285900,36.828,0.0,0,0,1,0,8.282,0.0,0,0,1,0,4.252,-1.168,0,30.5,0,0,1,1,0,1,1,0,0,1,0,12192.0,2,1,1,1,0,0,1,3,8.2,272.9,0,0,0,0,0,1
286000,36.828,0.0,0,0,1,0,8.282,0.0,0,0,1,0,4.135,-1.168,0,30.71,0,0,1,1,0,1,1,0,0,1,0,12192.0,2,1,1,1,0,0,1,3,7.8,270.7,0,0,0,0,0,1
286100,36.828,0.0,0,0,1,0,8.282,0.0,0,0,1,0,4.018,-1.168,0,30.56,0,0,1,1,0,1,1,0,0,1,0,12192.0,2,1,1,1,0,0,1,3,7.0,272.3,0,0,0,0,0,1
286200,36.828,0.0,0,0,1,0,8.282,0.0,0,0,1,0,3.901,-1.168,0,30.54,0,0,1,1,0,1,1,0,0,1,0,12192.0,2,1,1,1,0,0,1,3,8.0,268.6,0,0,0,0,0,1
286300,36.828,0.0,0,0,1,0,8.282,0.0,0,0,1,0,3.784,-1.168,0,30.31,0,0,1,1,0,1,1,0,0,1,0,12192.0,2,1,1,1,0,0,1,3,8.1,272.0,0,0,0,0,0,1
286400,36.828,0.0,0,0,1,0,8.282,0.0,0,0,1,0,3.668,-1.168,0,30.38,0,0,1,1,0,1,1,0,0,1,0,12192.0,2,1,1,1,0,0,1,3,7.9,265.4,0,0,0,0,0,1
286500,36.828,0.0,0,0,1,0,8.282,0.0,0,0,1,0,3.551,-1.168,0,30.42,0,0,1,1,0,1,1,0,0,1,0,12192.0,2,1,1,1,0,0,1,3,8.2,270.0,0,0,0,0,0,1
286600,36.828,0.0,0,0,1,0,8.282,0.0,0,0,1,0,3.434,-1.168,0,30.58,0,0,1,1,0,1,1,0,0,1,0,12192.0,2,1,1,1,0,0,1,3,7.7,269.0,0,0,0,0,0,1
286700,36.828,0.0,0,0,1,0,8.282,0.0,0,0,1,0,3.317,-1.168,0,30.37,0,0,1,1,0,1,1,0,0,1,0,12192.0,2,1,1,1,0,0,1,3,8.0,270.3,0,0,0,0,0,1
286800,36.828,0.0,0,0,1,0,8.282,0.0,0,0,1,0,3.2,-1.168,0,30.43,0,0,1,1,0,1,1,0,0,1,0,12192.0,2,1,1,1,0,0,1,3,7.9,272.0,0,0,0,0,0,1
286900,36.828,0.0,0,0,1,0,8.282,0.0,0,0,1,0,3.083,-1.168,0,30.28,0,0,1,1,0,1,1,0,0,1,0,12192.0,2,1,1,1,0,0,1,3,7.8,265.9,0,0,0,0,0,1
287000,36.828,0.0,0,0,1,0,8.282,0.0,0,0,1,0,2.967,-1.168,0,30.61,0,0,1,1,0,1,1,0,0,1,0,12192.0,2,1,1,1,0,0,1,3,7.0,272.2,0,0,0,0,0,1
287100,36.828,0.0,0,0,1,0,8.282,0.0,0,0,1,0,2.85,-1.168,0,30.64,0,0,1,1,0,1,1,0,0,1,0,12192.0,2,1,1,1,0,0,1,3,7.3,266.8,0,0,0,0,0,1
287200,36.828,0.0,0,0,1,0,8.282,0.0,0,0,1,0,2.733,-1.168,0,30.6,0,0,1,1,0,1,1,0,0,1,0,12192.0,2,1,1,1,0,0,1,3,7.8,273.4,0,0,0,0,0,1
287300,36.828,0.0,0,0,1,0,8.282,0.0,0,0,1,0,2.616,-1.168,0,30.39,0,0,1,1,0,1,1,0,0,1,0,12192.0,2,1,1,1,0,0,1,3,8.5,271.2,0,0,0,0,0,1
287400,36.828,0.0,0,0,1,0,8.282,0.0,0,0,1,0,2.499,-1.168,0,30.5,0,0,1,1,0,1,1,0,0,1,0,12192.0,2,1,1,1,0,0,1,3,8.2,271.7,0,0,0,0,0,1
287500,36.828,0.0,0,0,1,0,8.282,0.0,0,0,1,0,2.382,-1.168,0,30.59,0,0,1,1,0,1,1,0,0,1,0,12192.0,2,1,1,1,0,0,1,3,7.2,268.1,0,0,0,0,0,1
287600,36.828,0.0,0,0,1,0,8.282,0.0,0,0,1,0,2.266,-1.168,0,30.31,0,0,1,1,0,1,1,0,0,1,0,12192.0,2,1,1,1,0,0,1,3,7.7,271.5,0,0,0,0,0,1
287700,36.828,0.0,0,0,1,0,8.282,0.0,0,0,1,0,2.149,-1.168,0,30.45,0,0,1,1,0,1,1,0,0,1,0,12192.0,2,1,1,1,0,0,1,3,8.0,272.2,0,0,0,0,0,1
287800,36.828,0.0,0,0,1,0,8.282,0.0,0,0,1,0,2.032,-1.168,0,30.6,0,0,1,1,0,1,1,0,0,1,0,12192.0,2,1,1,1,0,0,1,3,8.7,273.1,0,0,0,0,0,1
287900,36.828,0.0,0,0,1,0,8.282,0.0,0,0,1,0,1.92,-1.122,0,33.59,0,0,1,1,0,1,1,0,0,1,0,12192.0,2,1,1,1,0,0,1,3,8.7,274.0,0,0,0,0,0,1
288000,36.828,0.0,0,0,1,0,8.282,0.0,0,0,1,0,1.812,-1.076,0,33.55,0,0,1,1,0,1,1,0,0,1,0,12192.0,2,1,1,1,0,0,1,3,8.5,270.8,0,0,0,0,0,1
288100,36.828,0.0,0,0,1,0,8.282,0.0,0,0,1,0,1.709,-1.029,0,33.41,0,0,1,1,0,1,1,0,0,1,0,12192.0,2,1,1,1,0,0,1,3,9.5,271.7,0,0,0,0,0,1
288200,36.828,0.0,0,0,1,0,8.282,0.0,0,0,1,0,1.611,-0.983,0,33.58,0,0,1,1,0,1,1,0,0,1,0,12192.0,2,1,1,1,0,0,1,3,8.8,271.1,0,0,0,0,0,1
288300,36.828,0.0,0,0,1,0,8.282,0.0,0,0,1,0,1.517,-0.936,0,33.41,0,0,1,1,0,1,1,0,0,1,0,12192.0,2,1,1,1,0,0,1,3,8.4,270.6,0,0,0,0,0,1
288400,36.828,0.0,0,0,1,0,8.282,0.0,0,0,1,0,1.429,-0.889,0,33.53,0,0,1,1,0,1,1,0,0,1,0,12192.0,2,1,1,1,0,0,1,3,7.7,271.8,0,0,0,0,0,1
288500,36.828,0.0,0,0,1,0,8.282,0.0,0,0,1,0,1.344,-0.841,0,33.56,0,0,1,1,0,1,1,0,0,1,0,12192.0,2,1,1,1,0,0,1,3,8.6,271.0,0,0,0,0,0,1
288600,36.828,0.0,0,0,1,0,8.282,0.0,0,0,1,0,1.265,-0.793,0,33.38,0,0,1,1,0,1,1,0,0,1,0,12192.0,2,1,1,1,0,0,1,3,8.9,270.8,0,0,0,0,0,1
288700,36.828,0.0,0,0,1,0,8.282,0.0,0,0,1,0,1.191,-0.745,0,33.62,0,0,1,1,0,1,1,0,0,1,0,12192.0,2,1,1,1,0,0,1,3,9.0,271.1,0,0,0,0,0,1
288800,36.828,0.0,0,0,1,0,8.282,0.0,0,0,1,0,1.121,-0.698,0,33.57,0,0,1,1,0,1,1,0,0,1,0,12192.0,2,1,1,1,0,0,1,3,8.8,273.2,0,0,0,0,0,1
288900,36.828,0.0,0,0,1,0,8.282,0.0,0,0,1,0,1.056,-0.649,0,33.62,0,0,1,1,0,1,1,0,0,1,0,12192.0,2,1,1,1,0,0,1,3,8.5,270.0,0,0,0,0,0,1
289000,36.828,0.0,0,0,1,0,8.282,0.0,0,0,1,0,0.996,-0.601,0,33.52,0,0,1,1,0,1,1,0,0,1,0,12192.0,2,1,1,1,0,0,1,3,8.4,269.1,0,0,0,0,0,1
289100,36.828,0.0,0,0,1,0,8.282,0.0,0,0,1,0,0.94,-0.553,0,33.51,0,0,1,1,0,1,1,0,0,1,0,12192.0,2,1,1,1,0,0,1,3,9.1,270.3,0,0,0,0,0,1
289200,36.828,0.0,0,0,1,0,8.282,0.0,0,0,1,0,0.89,-0.505,0,33.44,0,0,1,1,0,1,1,0,0,1,0,12192.0,2,1,1,1,0,0,1,3,8.5,266.2,0,0,0,0,0,1
289300,36.828,0.0,0,0,1,0,8.282,0.0,0,0,1,0,0.844,-0.456,0,33.36,0,0,1,1,0,1,1,0,0,1,0,12192.0,2,1,1,1,0,0,1,3,8.6,267.2,0,0,0,0,0,1
289400,36.828,0.0,0,0,1,0,8.282,0.0,0,0,1,0,0.804,-0.407,0,33.33,0,0,1,1,0,1,1,0,0,1,0,12192.0,2,1,1,1,0,0,1,3,8.5,270.0,0,0,0,0,0,1
289500,36.828,0.0,0,0,1,0,8.282,0.0,0,0,1,0,0.768,-0.357,0,33.55,0,0,1,1,0,1,1,0,0,1,0,12192.0,2,1,1,1,0,0,1,3,8.0,266.6,0,0,0,0,0,1
289600,36.828,0.0,0,0,1,0,8.282,0.0,0,0,1,0,0.737,-0.308,0,33.53,0,0,1,1,0,1,1,0,0,1,0,12192.0,2,1,1,1,0,0,1,3,8.3,270.2,0,0,0,0,0,1
289700,36.828,0.0,0,0,1,0,8.282,0.0,0,0,1,0,0.712,-0.257,0,33.59,0,0,1,1,0,1,1,0,0,1,0,12192.0,2,1,1,1,0,0,1,3,9.3,264.3,0,0,0,0,0,1
289800,36.828,0.0,0,0,1,0,8.282,0.0,0,0,1,0,0.691,-0.205,0,33.57,0,0,1,1,0,1,1,0,0,1,0,12192.0,2,1,1,1,0,0,1,3,9.3,271.6,0,0,0,0,0,1
289900,36.828,0.0,0,0,1,0,8.282,0.0,0,0,1,0,0.676,-0.152,0,33.39,0,0,1,1,0,1,1,0,0,1,0,12192.0,2,1,1,1,0,0,1,3,8.1,272.2,0,0,0,0,0,1
290000,36.828,0.0,0,0,1,0,8.282,0.0,0,0,1,0,0.666,-0.095,0,33.43,0,0,1,1,0,1,1,0,0,1,0,12192.0,2,1,1,1,0,0,1,3,8.4,270.7,0,0,0,0,0,1
290100,36.828,0.0,0,0,0,0,8.282,0.0,0,0,0,0,0.662,0.0,0,32.25,0,0,0,0,0,1,1,0,0,1,0,12192.0,2,1,1,0,1,0,1,3,8.5,267.8,0,0,0,0,0,1
290200,36.828,0.0,0,0,0,0,8.282,0.0,0,0,0,0,0.662,0.0,0,31.96,0,0,0,0,0,1,1,0,1,1,0,12192.0,2,1,1,0,1,0,1,3,8.8,270.2,0,0,0,0,0,1
290300,36.828,0.0,0,0,0,0,8.282,0.0,0,0,0,0,0.662,0.0,0,32.34,0,0,0,0,0,1,1,0,1,1,0,12192.0,2,1,1,0,1,0,1,3,9.3,269.3,0,0,0,0,0,1
290400,36.828,0.0,0,0,0,0,8.282,0.0,0,0,0,0,0.662,0.0,0,32.2,0,0,0,0,0,1,1,0,1,1,0,12192.0,2,1,1,0,1,0,1,3,8.4,270.1,0,0,0,0,0,1
290500,36.828,0.0,0,0,0,0,8.282,0.0,0,0,0,0,0.662,0.0,0,31.88,0,0,0,0,0,1,1,0,1,1,0,12192.0,2,1,1,0,1,0,1,3,8.8,272.7,0,0,0,0,0,1
290600,36.828,0.0,0,0,0,0,8.282,0.0,0,0,0,0,0.662,0.0,0,32.15,0,0,0,0,0,1,1,0,1,1,0,12192.0,2,1,1,0,1,0,1,3,8.3,274.2,0,0,0,0,0,1
290700,36.828,0.0,0,0,0,0,8.282,0.0,0,0,0,0,0.662,0.0,0,32.18,0,0,0,0,0,1,1,0,1,1,0,12192.0,2,1,1,0,1,0,1,3,9.3,272.5,0,0,0,0,0,1
290800,36.828,0.0,0,0,0,0,8.282,0.0,0,0,0,0,0.662,0.0,0,32.18,0,0,0,0,0,1,1,0,1,1,0,12192.0,2,1,1,0,1,0,1,3,7.9,267.4,0,0,0,0,0,1
290900,36.828,0.0,0,0,0,0,8.282,0.0,0,0,0,0,0.662,0.0,0,32.17,0,0,0,0,0,1,1,0,1,1,0,12192.0,2,1,1,0,1,0,1,3,7.7,267.7,0,0,0,0,0,1
291000,36.828,0.0,0,0,0,0,8.282,0.0,0,0,0,0,0.662,0.0,0,32.07,0,0,0,0,0,1,1,0,1,1,0,12192.0,2,1,1,0,1,0,1,3,8.5,267.1,0,0,0,0,0,1
291100,36.828,0.0,0,0,0,0,8.282,0.0,0,0,0,0,0.662,0.0,0,32.01,0,0,0,0,0,1,1,0,1,1,0,12192.0,2,1,1,0,1,0,1,3,7.5,267.3,0,0,0,0,0,1
291200,36.828,0.0,0,0,0,0,8.282,0.0,0,0,0,0,0.662,0.0,0,0.0,0,0,0,0,0,1,0,1,1,1,0,12192.0,2,1,1,0,1,0,1,3,8.5,269.2,0,0,0,0,0,1
291300,36.828,0.0,0,0,0,0,8.282,0.0,0,0,0,0,0.662,0.0,0,0.0,0,0,0,0,0,1,0,1,1,1,0,12192.0,2,1,1,0,1,0,1,3,8.1,266.8,0,0,0,0,0,1
291400,36.828,0.0,0,0,0,0,8.282,0.0,0,0,0,0,0.662,0.0,0,0.0,0,0,0,0,0,1,0,1,1,1,0,12192.0,2,1,1,0,1,0,1,3,7.7,274.8,0,0,0,0,0,1
291500,36.828,0.0,0,0,0,0,8.282,0.0,0,0,0,0,0.662,0.0,0,0.0,0,0,0,0,0,1,0,1,1,1,0,12192.0,2,1,1,0,1,0,1,3,8.4,268.4,0,0,0,0,0,1
291600,36.828,0.0,0,0,0,0,8.282,0.0,0,0,0,0,0.662,0.0,0,0.0,0,0,0,0,0,1,0,1,1,1,0,12192.0,2,1,1,0,1,0,1,3,7.7,268.6,0,0,0,0,0,1
291700,36.828,0.0,0,0,0,0,8.282,0.0,0,0,0,0,0.662,0.0,0,0.0,0,0,0,0,0,1,0,1,1,1,0,12192.0,2,1,1,0,1,0,1,3,8.0,268.6,0,0,0,0,0,1
291800,36.828,0.0,0,0,0,0,8.282,0.0,0,0,0,0,0.662,0.0,0,0.0,0,0,0,0,0,1,0,1,1,1,0,12192.0,2,1,1,0,1,0,1,3,7.2,267.1,0,0,0,0,0,1
291900,36.828,0.0,0,0,0,0,8.282,0.0,0,0,0,0,0.662,0.0,0,0.0,0,0,0,0,0,1,0,1,1,1,0,12192.0,2,1,1,0,1,0,1,3,7.5,270.2,0,0,0,0,0,1
292000,36.828,0.0,0,0,0,0,8.282,0.0,0,0,0,0,0.662,0.0,0,0.0,0,0,0,0,0,1,0,1,1,1,0,12192.0,2,1,1,0,1,0,1,3,7.8,272.3,0,0,0,0,0,1
292100,36.828,0.0,0,0,0,0,8.282,0.0,0,0,0,0,0.662,0.0,0,0.0,0,0,0,0,0,1,0,1,1,1,0,12192.0,2,1,1,0,1,0,1,3,6.7,269.6,0,0,0,0,0,1
292200,36.828,0.0,0,0,0,0,8.282,0.0,0,0,0,0,0.662,0.0,0,0.0,0,0,0,0,0,1,0,1,1,1,0,12192.0,2,1,1,0,1,0,1,3,7.7,269.1,0,0,0,0,0,1
292300,36.828,0.0,0,0,0,0,8.282,0.0,0,0,0,0,0.662,0.0,0,0.0,0,0,0,0,0,1,0,1,1,1,0,12192.0,2,1,1,0,1,0,1,3,7.8,273.1,0,0,0,0,0,1
292400,36.828,0.0,0,0,0,0,8.282,0.0,0,0,0,0,0.662,0.0,0,0.0,0,0,0,0,0,1,0,1,1,1,0,12192.0,2,1,1,0,1,0,1,3,8.0,271.8,0,0,0,0,0,1
292500,36.828,0.0,0,0,0,0,8.282,0.0,0,0,0,0,0.662,0.0,0,0.0,0,0,0,0,0,1,0,1,1,1,0,12192.0,2,1,1,0,1,0,1,3,8.0,270.0,0,0,0,0,0,1
292600,36.828,0.0,0,0,0,0,8.282,0.0,0,0,0,0,0.662,0.0,0,0.0,0,0,0,0,0,1,0,1,1,1,0,12192.0,2,1,1,0,1,0,1,3,8.2,268.4,0,0,0,0,0,1
292700,36.828,0.0,0,0,0,0,8.282,0.0,0,0,0,0,0.662,0.0,0,0.0,0,0,0,0,0,1,0,1,1,1,0,12192.0,2,1,1,0,1,0,1,3,7.0,270.6,0,0,0,0,0,1
292800,36.828,0.0,0,0,0,0,8.282,0.0,0,0,0,0,0.662,0.0,0,0.0,0,0,0,0,0,1,0,1,1,1,0,12192.0,2,1,1,0,1,0,1,3,7.3,270.1,0,0,0,0,0,1
292900,36.828,0.0,0,0,0,0,8.282,0.0,0,0,0,0,0.662,0.0,0,0.0,0,0,0,0,0,1,0,1,1,1,0,12192.0,2,1,1,0,1,0,1,3,7.4,271.0,0,0,0,0,0,1
293000,36.828,0.0,0,0,0,0,8.282,0.0,0,0,0,0,0.662,0.0,0,0.0,0,0,0,0,0,1,0,1,1,1,0,12192.0,2,1,1,0,1,0,1,3,8.0,266.0,0,0,0,0,0,1
293100,36.828,0.0,0,0,1,0,8.282,0.0,0,0,1,0,0.666,0.046,1,0.0,0,0,1,1,0,1,0,1,0,0,0,12192.0,2,1,1,1,0,0,1,3,7.6,270.2,0,0,0,0,0,1
293200,36.828,0.0,0,0,1,0,8.282,0.0,0,0,1,0,0.676,0.093,1,0.0,0,0,1,1,0,1,0,1,0,0,0,12192.0,2,1,1,1,0,0,1,3,7.2,264.4,0,0,0,0,0,1
293300,36.828,0.0,0,0,1,0,8.282,0.0,0,0,1,0,0.689,0.139,1,0.0,0,0,1,1,0,1,0,1,0,0,0,12192.0,2,1,1,1,0,0,1,3,7.2,268.7,0,0,0,0,0,1
293400,36.828,0.0,0,0,1,0,8.282,0.0,0,0,1,0,0.708,0.186,1,0.0,0,0,1,1,0,1,0,1,0,0,0,12192.0,2,1,1,1,0,0,1,3,7.4,267.7,0,0,0,0,0,1
293500,36.828,0.0,0,0,1,0,8.282,0.0,0,0,1,0,0.731,0.232,1,0.0,0,0,1,1,0,1,0,1,0,0,0,12192.0,2,1,1,1,0,0,1,3,6.8,273.5,0,0,0,0,0,1
293600,36.828,0.0,0,0,1,0,8.282,0.0,0,0,1,0,0.759,0.278,1,0.0,0,0,1,1,0,1,0,1,0,0,0,12192.0,2,1,1,1,0,0,1,3,7.3,269.0,0,0,0,0,0,1
293700,36.828,0.0,0,0,1,0,8.282,0.0,0,0,1,0,0.791,0.325,1,0.0,0,0,1,1,0,1,0,1,0,0,0,12192.0,2,1,1,1,0,0,1,3,7.7,269.8,0,0,0,0,0,1
293800,36.828,0.0,0,0,1,0,8.282,0.0,0,0,1,0,0.829,0.371,1,0.0,0,0,1,1,0,1,0,1,0,0,0,12192.0,2,1,1,1,0,0,1,3,7.3,267.4,0,0,0,0,0,1
293900,36.828,0.0,0,0,1,0,8.282,0.0,0,0,1,0,0.87,0.417,1,0.0,0,0,1,1,0,1,0,1,0,0,0,12192.0,2,1,1,1,0,0,1,3,7.1,268.8,0,0,0,0,0,1
294000,36.828,0.0,0,0,1,0,8.282,0.0,0,0,1,0,0.917,0.464,1,0.0,0,0,1,1,0,1,0,1,0,0,0,12192.0,2,1,1,1,0,0,1,3,7.2,272.8,0,0,0,0,0,1
294100,36.828,0.0,0,0,1,0,8.282,0.0,0,0,1,0,0.968,0.51,1,0.0,0,0,1,1,0,1,0,1,0,0,0,12192.0,2,1,1,1,0,0,1,3,7.4,272.4,0,0,0,0,0,1
294200,36.828,0.0,0,0,1,0,8.282,0.0,0,0,1,0,1.023,0.557,1,0.0,0,0,1,1,0,1,0,1,0,0,0,12192.0,2,1,1,1,0,0,1,3,7.0,269.4,0,0,0,0,0,1
294300,36.828,0.0,0,0,1,0,8.282,0.0,0,0,1,0,1.084,0.603,1,0.0,0,0,1,1,0,1,0,1,0,0,0,12192.0,2,1,1,1,0,0,1,3,7.8,268.9,0,0,0,0,0,1
294400,36.828,0.0,0,0,1,0,8.282,0.0,0,0,1,0,1.149,0.649,1,0.0,0,0,1,1,0,1,0,1,0,0,0,12192.0,2,1,1,1,0,0,1,3,7.7,267.8,0,0,0,0,0,1
294500,36.828,0.0,0,0,1,0,8.282,0.0,0,0,1,0,1.218,0.696,1,0.0,0,0,1,1,0,1,0,1,0,0,0,12192.0,2,1,1,1,0,0,1,3,7.5,272.5,0,0,0,0,0,1
294600,36.828,0.0,0,0,1,0,8.282,0.0,0,0,1,0,1.292,0.742,1,0.0,0,0,1,1,0,1,0,1,0,0,0,12192.0,2,1,1,1,0,0,1,3,7.8,268.6,0,0,0,0,0,1
294700,36.828,0.0,0,0,1,0,8.282,0.0,0,0,1,0,1.371,0.788,1,0.0,0,0,1,1,0,1,0,1,0,0,0,12192.0,2,1,1,1,0,0,1,3,6.1,269.5,0,0,0,0,0,1
294800,36.828,0.0,0,0,1,0,8.282,0.0,0,0,1,0,1.455,0.835,1,0.0,0,0,1,1,0,1,0,1,0,0,0,12192.0,2,1,1,1,0,0,1,3,7.9,268.4,0,0,0,0,0,1
294900,36.828,0.0,0,0,1,0,8.282,0.0,0,0,1,0,1.543,0.881,1,0.0,0,0,1,1,0,1,0,1,0,0,0,12192.0,2,1,1,1,0,0,1,3,7.8,271.9,0,0,0,0,0,1
295000,36.828,0.0,0,0,1,0,8.282,0.0,0,0,1,0,1.636,0.928,1,0.0,0,0,1,1,0,1,0,1,0,0,0,12192.0,2,1,1,1,0,0,1,3,7.9,264.8,0,0,0,0,0,1
295100,36.828,0.0,0,0,1,0,8.282,0.0,0,0,1,0,1.733,0.974,1,0.0,0,0,1,1,0,1,0,1,0,0,0,12192.0,2,1,1,1,0,0,1,3,8.6,270.8,0,0,0,0,0,1
295200,36.828,0.0,0,0,1,0,8.282,0.0,0,0,1,0,1.835,1.02,1,0.0,0,0,1,1,0,1,0,1,0,0,0,12192.0,2,1,1,1,0,0,1,3,8.2,271.9,0,0,0,0,0,1
295300,36.828,0.0,0,0,1,0,8.282,0.0,0,0,1,0,1.942,1.067,1,0.0,0,0,1,1,0,1,0,1,0,0,0,12192.0,2,1,1,1,0,0,1,3,7.5,270.1,0,0,0,0,0,1
295400,36.828,0.0,0,0,1,0,8.282,0.0,0,0,1,0,2.053,1.113,1,0.0,0,0,1,1,0,1,0,1,0,0,0,12192.0,2,1,1,1,0,0,1,3,7.9,269.4,0,0,0,0,0,1
295500,36.828,0.0,0,0,1,0,8.282,0.0,0,0,1,0,2.169,1.159,1,0.0,0,0,1,1,0,1,0,1,0,0,0,12192.0,2,1,1,1,0,0,1,3,7.4,271.6,0,0,0,0,0,1
295600,36.828,0.0,0,0,1,0,8.282,0.0,0,0,1,0,2.286,1.168,1,0.0,0,0,1,1,0,1,0,1,0,0,0,12192.0,2,1,1,1,0,0,1,3,7.6,264.7,0,0,0,0,0,1
295700,36.828,0.0,0,0,1,0,8.282,0.0,0,0,1,0,2.403,1.168,1,0.0,0,0,1,1,0,1,0,1,0,0,0,12192.0,2,1,1,1,0,0,1,3,8.3,270.2,0,0,0,0,0,1
295800,36.828,0.0,0,0,1,0,8.282,0.0,0,0,1,0,2.519,1.168,1,0.0,0,0,1,1,0,1,0,1,0,0,0,12192.0,2,1,1,1,0,0,1,3,7.9,269.0,0,0,0,0,0,1
295900,36.828,0.0,0,0,1,0,8.282,0.0,0,0,1,0,2.636,1.168,1,0.0,0,0,1,1,0,1,0,1,0,0,0,12192.0,2,1,1,1,0,0,1,3,7.2,268.1,0,0,0,0,0,1
296000,36.828,0.0,0,0,1,0,8.282,0.0,0,0,1,0,2.753,1.168,1,0.0,0,0,1,1,0,1,0,1,0,0,0,12192.0,2,1,1,1,0,0,1,3,8.2,268.5,0,0,0,0,0,1
296100,36.828,0.0,0,0,1,0,8.282,0.0,0,0,1,0,2.87,1.168,1,0.0,0,0,1,1,0,1,0,1,0,0,0,12192.0,2,1,1,1,0,0,1,3,8.0,267.3,0,0,0,0,0,1
296200,36.828,0.0,0,0,1,0,8.282,0.0,0,0,1,0,2.987,1.168,1,0.0,0,0,1,1,0,1,0,1,0,0,0,12192.0,2,1,1,1,0,0,1,3,7.9,265.4,0,0,0,0,0,1
296300,36.828,0.0,0,0,1,0,8.282,0.0,0,0,1,0,3.104,1.168,1,0.0,0,0,1,1,0,1,0,1,0,0,0,12192.0,2,1,1,1,0,0,1,3,8.5,267.3,0,0,0,0,0,1
296400,36.828,0.0,0,0,1,0,8.282,0.0,0,0,1,0,3.22,1.168,1,0.0,0,0,1,1,0,1,0,1,0,0,0,12192.0,2,1,1,1,0,0,1,3,8.0,267.0,0,0,0,0,0,1
296500,36.828,0.0,0,0,1,0,8.282,0.0,0,0,1,0,3.337,1.168,1,0.0,0,0,1,1,0,1,0,1,0,0,0,12192.0,2,1,1,1,0,0,1,3,8.3,271.7,0,0,0,0,0,1
296600,36.828,0.0,0,0,1,0,8.282,0.0,0,0,1,0,3.454,1.168,1,0.0,0,0,1,1,0,1,0,1,0,0,0,12192.0,2,1,1,1,0,0,1,3,8.1,266.1,0,0,0,0,0,1
296700,36.828,0.0,0,0,1,0,8.282,0.0,0,0,1,0,3.571,1.168,1,0.0,0,0,1,1,0,1,0,1,0,0,0,12192.0,2,1,1,1,0,0,1,3,8.3,268.5,0,0,0,0,0,1
296800,36.828,0.0,0,0,1,0,8.282,0.0,0,0,1,0,3.688,1.168,1,0.0,0,0,1,1,0,1,0,1,0,0,0,12192.0,2,1,1,1,0,0,1,3,8.1,270.5,0,0,0,0,0,1
296900,36.828,0.0,0,0,1,0,8.282,0.0,0,0,1,0,3.805,1.168,1,0.0,0,0,1,1,0,1,0,1,0,0,0,12192.0,2,1,1,1,0,0,1,3,8.1,274.2,0,0,0,0,0,1
297000,36.828,0.0,0,0,1,0,8.282,0.0,0,0,1,0,3.921,1.168,1,0.0,0,0,1,1,0,1,0,1,0,0,0,12192.0,2,1,1,1,0,0,1,3,8.6,273.9,0,0,0,0,0,1
297100,36.828,0.0,0,0,1,0,8.282,0.0,0,0,1,0,4.038,1.168,1,0.0,0,0,1,1,0,1,0,1,0,0,0,12192.0,2,1,1,1,0,0,1,3,8.6,265.8,0,0,0,0,0,1
297200,36.828,0.0,0,0,1,0,8.282,0.0,0,0,1,0,4.155,1.168,1,0.0,0,0,1,1,0,1,0,1,0,0,0,12192.0,2,1,1,1,0,0,1,3,8.2,270.7,0,0,0,0,0,1
297300,36.828,0.0,0,0,1,0,8.282,0.0,0,0,1,0,4.272,1.168,1,0.0,0,0,1,1,0,1,0,1,0,0,0,12192.0,2,1,1,1,0,0,1,3,8.9,269.8,0,0,0,0,0,1
297400,36.828,0.0,0,0,1,0,8.282,0.0,0,0,1,0,4.389,1.168,1,0.0,0,0,1,1,0,1,0,1,0,0,0,12192.0,2,1,1,1,0,0,1,3,8.3,274.8,0,0,0,0,0,1
297500,36.828,0.0,0,0,1,0,8.282,0.0,0,0,1,0,4.506,1.168,1,0.0,0,0,1,1,0,1,0,1,0,0,0,12192.0,2,1,1,1,0,0,1,3,9.0,270.0,0,0,0,0,0,1
297600,36.828,0.0,0,0,1,0,8.282,0.0,0,0,1,0,4.622,1.168,1,0.0,0,0,1,1,0,1,0,1,0,0,0,12192.0,2,1,1,1,0,0,1,3,8.4,269.5,0,0,0,0,0,1
297700,36.828,0.0,0,0,1,0,8.282,0.0,0,0,1,0,4.739,1.168,1,0.0,0,0,1,1,0,1,0,1,0,0,0,12192.0,2,1,1,1,0,0,1,3,8.7,268.3,0,0,0,0,0,1
297800,36.828,0.0,0,0,1,0,8.282,0.0,0,0,1,0,4.856,1.168,1,0.0,0,0,1,1,0,1,0,1,0,0,0,12192.0,2,1,1,1,0,0,1,3,7.9,271.1,0,0,0,0,0,1
297900,36.828,0.0,0,0,1,0,8.282,0.0,0,0,1,0,4.973,1.168,1,0.0,0,0,1,1,0,1,0,1,0,0,0,12192.0,2,1,1,1,0,0,1,3,7.9,270.3,0,0,0,0,0,1
298000,36.828,0.0,0,0,1,0,8.282,0.0,0,0,1,0,5.09,1.168,1,0.0,0,0,1,1,0,1,0,1,0,0,0,12192.0,2,1,1,1,0,0,1,3,9.2,270.7,0,0,0,0,0,1
298100,36.828,0.0,0,0,1,0,8.282,0.0,0,0,1,0,5.207,1.168,1,0.0,0,0,1,1,0,1,0,1,0,0,0,12192.0,2,1,1,1,0,0,1,3,8.3,270.3,0,0,0,0,0,1
298200,36.828,0.0,0,0,1,0,8.282,0.0,0,0,1,0,5.323,1.168,1,0.0,0,0,1,1,0,1,0,1,0,0,0,12192.0,2,1,1,1,0,0,1,3,8.4,265.0,0,0,0,0,0,1
298300,36.828,0.0,0,0,1,0,8.282,0.0,0,0,1,0,5.44,1.168,1,0.0,0,0,1,1,0,1,0,1,0,0,0,12192.0,2,1,1,1,0,0,1,3,8.6,266.4,0,0,0,0,0,1
298400,36.828,0.0,0,0,1,0,8.282,0.0,0,0,1,0,5.557,1.168,1,0.0,0,0,1,1,0,1,0,1,0,0,0,12192.0,2,1,1,1,0,0,1,3,9.0,272.8,0,0,0,0,0,1
298500,36.828,0.0,0,0,1,0,8.282,0.0,0,0,1,0,5.674,1.168,1,0.0,0,0,1,1,0,1,0,1,0,0,0,12192.0,2,1,1,1,0,0,1,3,8.7,271.3,0,0,0,0,0,1
298600,36.828,0.0,0,0,1,0,8.282,0.0,0,0,1,0,5.791,1.168,1,0.0,0,0,1,1,0,1,0,1,0,0,0,12192.0,2,1,1,1,0,0,1,3,8.2,269.3,0,0,0,0,0,1
298700,36.828,0.0,0,0,1,0,8.282,0.0,0,0,1,0,5.908,1.168,1,0.0,0,0,1,1,0,1,0,1,0,0,0,12192.0,2,1,1,1,0,0,1,3,8.0,268.4,0,0,0,0,0,1
298800,36.828,0.0,0,0,1,0,8.282,0.0,0,0,1,0,6.024,1.168,1,0.0,0,0,1,1,0,1,0,1,0,0,0,12192.0,2,1,1,1,0,0,1,3,8.9,264.9,0,0,0,0,0,1
298900,36.828,0.0,0,0,1,0,8.282,0.0,0,0,1,0,6.141,1.168,1,0.0,0,0,1,1,0,1,0,1,0,0,0,12192.0,2,1,1,1,0,0,1,3,8.4,266.4,0,0,0,0,0,1
299000,36.828,0.0,0,0,1,0,8.282,0.0,0,0,1,0,6.258,1.168,1,0.0,0,0,1,1,0,1,0,1,0,0,0,12192.0,2,1,1,1,0,0,1,3,9.2,268.3,0,0,0,0,0,1
299100,36.828,0.0,0,0,1,0,8.282,0.0,0,0,1,0,6.375,1.168,1,0.0,0,0,1,1,0,1,0,1,0,0,0,12192.0,2,1,1,1,0,0,1,3,8.6,267.4,0,0,0,0,0,1
299200,36.828,0.0,0,0,1,0,8.282,0.0,0,0,1,0,6.492,1.168,1,0.0,0,0,1,1,0,1,0,1,0,0,0,12192.0,2,1,1,1,0,0,1,3,7.9,272.9,0,0,0,0,0,1
299300,36.828,0.0,0,0,1,0,8.282,0.0,0,0,1,0,6.609,1.168,1,0.0,0,0,1,1,0,1,0,1,0,0,0,12192.0,2,1,1,1,0,0,1,3,8.1,268.3,0,0,0,0,0,1
299400,36.828,0.0,0,0,1,0,8.282,0.0,0,0,1,0,6.725,1.168,1,0.0,0,0,1,1,0,1,0,1,0,0,0,12192.0,2,1,1,1,0,0,1,3,8.8,270.3,0,0,0,0,0,1
299500,36.828,0.0,0,0,1,0,8.282,0.0,0,0,1,0,6.842,1.168,1,0.0,0,0,1,1,0,1,0,1,0,0,0,12192.0,2,1,1,1,0,0,1,3,9.0,269.9,0,0,0,0,0,1
299600,36.828,0.0,0,0,1,0,8.282,0.0,0,0,1,0,6.959,1.168,1,0.0,0,0,1,1,0,1,0,1,0,0,0,12192.0,2,1,1,1,0,0,1,3,7.7,272.9,0,0,0,0,0,1
299700,36.828,0.0,0,0,1,0,8.282,0.0,0,0,1,0,7.076,1.168,1,0.0,0,0,1,1,0,1,0,1,0,0,0,12192.0,2,1,1,1,0,0,1,3,8.2,273.6,0,0,0,0,0,1
299800,36.828,0.0,0,0,1,0,8.282,0.0,0,0,1,0,7.193,1.168,1,0.0,0,0,1,1,0,1,0,1,0,0,0,12192.0,2,1,1,1,0,0,1,3,8.4,274.9,0,0,0,0,0,1
299900,36.828,0.0,0,0,1,0,8.282,0.0,0,0,1,0,7.31,1.168,1,0.0,0,0,1,1,0,1,0,1,0,0,0,12192.0,2,1,1,1,0,0,1,3,8.5,270.7,0,0,0,0,0,1
300000,36.828,0.0,0,0,1,0,8.282,0.0,0,0,1,0,7.426,1.168,1,0.0,0,0,1,1,0,1,0,1,0,0,0,12192.0,2,1,1,1,0,0,1,3,9.1,269.1,0,0,0,0,0,1
300100,36.828,0.0,0,0,1,0,8.282,0.0,0,0,1,0,7.543,1.168,1,0.0,0,0,1,1,0,1,0,1,0,0,0,12192.0,2,1,1,1,0,0,1,3,7.9,268.1,0,0,0,0,0,1
300200,36.828,0.0,0,0,1,0,8.282,0.0,0,0,1,0,7.66,1.168,1,0.0,0,0,1,1,0,1,0,1,0,0,0,12192.0,2,1,1,1,0,0,1,3,7.8,269.6,0,0,0,0,0,1
300300,36.828,0.0,0,0,1,0,8.282,0.0,0,0,1,0,7.777,1.168,1,0.0,0,0,1,1,0,1,0,1,0,0,0,12192.0,2,1,1,1,0,0,1,3,7.8,273.3,0,0,0,0,0,1
300400,36.828,0.0,0,0,1,0,8.282,0.0,0,0,1,0,7.894,1.168,1,0.0,0,0,1,1,0,1,0,1,0,0,0,12192.0,2,1,1,1,0,0,1,3,8.1,268.1,0,0,0,0,0,1
300500,36.828,0.0,0,0,1,0,8.282,0.0,0,0,1,0,8.011,1.168,1,0.0,0,0,1,1,0,1,0,1,0,0,0,12192.0,2,1,1,1,0,0,1,3,7.6,269.1,0,0,0,0,0,1
300600,36.828,0.0,0,0,1,0,8.282,0.0,0,0,1,0,8.127,1.168,1,0.0,0,0,1,1,0,1,0,1,0,0,0,12192.0,2,1,1,1,0,0,1,3,7.8,272.4,0,0,0,0,0,1
300700,36.828,0.0,0,0,1,0,8.282,0.0,0,0,1,0,8.244,1.168,1,0.0,0,0,1,1,0,1,0,1,0,0,0,12192.0,2,1,1,1,0,0,1,3,8.8,273.0,0,0,0,0,0,1
300800,36.828,0.0,0,0,1,0,8.282,0.0,0,0,1,0,8.361,1.168,1,0.0,0,0,1,1,0,1,0,1,0,0,0,12192.0,2,1,1,1,0,0,1,3,8.1,270.7,0,0,0,0,0,1
300900,36.828,0.0,0,0,1,0,8.282,0.0,0,0,1,0,8.478,1.168,1,0.0,0,0,1,1,0,1,0,1,0,0,0,12192.0,2,1,1,1,0,0,1,3,8.4,267.7,0,0,0,0,0,1
301000,36.828,0.0,0,0,1,0,8.282,0.0,0,0,1,0,8.595,1.168,1,0.0,0,0,1,1,0,1,0,1,0,0,0,12192.0,2,1,1,1,0,0,1,3,7.2,265.5,0,0,0,0,0,1
301100,36.828,0.0,0,0,1,0,8.282,0.0,0,0,1,0,8.712,1.168,1,0.0,0,0,1,1,0,1,0,1,0,0,0,12192.0,2,1,1,1,0,0,1,3,7.7,268.0,0,0,0,0,0,1
301200,36.828,0.0,0,0,1,0,8.282,0.0,0,0,1,0,8.828,1.168,1,0.0,0,0,1,1,0,1,0,1,0,0,0,12192.0,2,1,1,1,0,0,1,3,8.0,272.5,0,0,0,0,0,1
301300,36.828,0.0,0,0,1,0,8.282,0.0,0,0,1,0,8.945,1.168,1,0.0,0,0,1,1,0,1,0,1,0,0,0,12192.0,2,1,1,1,0,0,1,3,7.9,273.7,0,0,0,0,0,1
301400,36.828,0.0,0,0,1,0,8.282,0.0,0,0,1,0,9.062,1.168,1,0.0,0,0,1,1,0,1,0,1,0,0,0,12192.0,2,1,1,1,0,0,1,3,7.2,267.0,0,0,0,0,0,1
301500,36.828,0.0,0,0,1,0,8.282,0.0,0,0,1,0,9.179,1.168,1,0.0,0,0,1,1,0,1,0,1,0,0,0,12192.0,2,1,1,1,0,0,1,3,8.0,269.3,0,0,0,0,0,1
301600,36.828,0.0,0,0,1,0,8.282,0.0,0,0,1,0,9.296,1.168,1,0.0,0,0,1,1,0,1,0,1,0,0,0,12192.0,2,1,1,1,0,0,1,3,8.0,269.1,0,0,0,0,0,1
301700,36.828,0.0,0,0,1,0,8.282,0.0,0,0,1,0,9.413,1.168,1,0.0,0,0,1,1,0,1,0,1,0,0,0,12192.0,2,1,1,1,0,0,1,3,6.7,267.2,0,0,0,0,0,1
301800,36.828,0.0,0,0,1,0,8.282,0.0,0,0,1,0,9.529,1.168,1,0.0,0,0,1,1,0,1,0,1,0,0,0,12192.0,2,1,1,1,0,0,1,3,7.5,273.3,0,0,0,0,0,1
301900,36.828,0.0,0,0,1,0,8.282,0.0,0,0,1,0,9.646,1.168,1,0.0,0,0,1,1,0,1,0,1,0,0,0,12192.0,2,1,1,1,0,0,1,3,7.1,269.3,0,0,0,0,0,1
302000,36.828,0.0,0,0,1,0,8.282,0.0,0,0,1,0,9.763,1.168,1,0.0,0,0,1,1,0,1,0,1,0,0,0,12192.0,2,1,1,1,0,0,1,3,7.8,272.0,0,0,0,0,0,1
302100,36.828,0.0,0,0,1,0,8.282,0.0,0,0,1,0,9.88,1.168,1,0.0,0,0,1,1,0,1,0,1,0,0,0,12192.0,2,1,1,1,0,0,1,3,7.7,269.7,0,0,0,0,0,1
302200,36.828,0.0,0,0,1,0,8.282,0.0,0,0,1,0,9.997,1.168,1,0.0,0,0,1,1,0,1,0,1,0,0,0,12192.0,2,1,1,1,0,0,1,3,7.1,270.6,0,0,0,0,0,1
302300,36.828,0.0,0,0,1,0,8.282,0.0,0,0,1,0,10.114,1.168,1,0.0,0,0,1,1,0,1,0,1,0,0,0,12192.0,2,1,1,1,0,0,1,3,7.8,266.3,0,0,0,0,0,1
302400,36.828,0.0,0,0,1,0,8.282,0.0,0,0,1,0,10.23,1.168,1,0.0,0,0,1,1,0,1,0,1,0,0,0,12192.0,2,1,1,1,0,0,1,3,8.3,269.5,0,0,0,0,0,1
302500,36.828,0.0,0,0,1,0,8.282,0.0,0,0,1,0,10.347,1.168,1,0.0,0,0,1,1,0,1,0,1,0,0,0,12192.0,2,1,1,1,0,0,1,3,7.8,265.8,0,0,0,0,0,1
302600,36.828,0.0,0,0,1,0,8.282,0.0,0,0,1,0,10.464,1.168,1,0.0,0,0,1,1,0,1,0,1,0,0,0,12192.0,2,1,1,1,0,0,1,3,7.3,271.1,0,0,0,0,0,1
302700,36.828,0.0,0,0,1,0,8.282,0.0,0,0,1,0,10.581,1.168,1,0.0,0,0,1,1,0,1,0,1,0,0,0,12192.0,2,1,1,1,0,0,1,3,7.9,270.0,0,0,0,0,0,1
302800,36.828,0.0,0,0,1,0,8.282,0.0,0,0,1,0,10.698,1.168,1,0.0,0,0,1,1,0,1,0,1,0,0,0,12192.0,2,1,1,1,0,0,1,3,6.7,268.0,0,0,0,0,0,1
302900,36.828,0.0,0,0,1,0,8.282,0.0,0,0,1,0,10.815,1.168,1,0.0,0,0,1,1,0,1,0,1,0,0,0,12192.0,2,1,1,1,0,0,1,3,7.3,273.8,0,0,0,0,0,1
303000,36.828,0.0,0,0,1,0,8.282,0.0,0,0,1,0,10.931,1.168,1,0.0,0,0,1,1,0,1,0,1,0,0,0,12192.0,2,1,1,1,0,0,1,3,7.5,269.4,0,0,0,0,0,1
303100,36.828,0.0,0,0,1,0,8.282,0.0,0,0,1,0,11.048,1.168,1,0.0,0,0,1,1,0,1,0,1,0,0,0,12192.0,2,1,1,1,0,0,1,3,7.1,274.0,0,0,0,0,0,1
303200,36.828,0.0,0,0,1,0,8.282,0.0,0,0,1,0,11.165,1.168,1,0.0,0,0,1,1,0,1,0,1,0,0,0,12192.0,2,1,1,1,0,0,1,3,7.4,272.3,0,0,0,0,0,1
303300,36.828,0.0,0,0,1,0,8.282,0.0,0,0,1,0,11.282,1.168,1,0.0,0,0,1,1,0,1,0,1,0,0,0,12192.0,2,1,1,1,0,0,1,3,7.9,273.0,0,0,0,0,0,1
303400,36.828,0.0,0,0,1,0,8.282,0.0,0,0,1,0,11.399,1.168,1,0.0,0,0,1,1,0,1,0,1,0,0,0,12192.0,2,1,1,1,0,0,1,3,7.7,276.3,0,0,0,0,0,1
303500,36.828,0.0,0,0,1,0,8.282,0.0,0,0,1,0,11.516,1.168,1,0.0,0,0,1,1,0,1,0,1,0,0,0,12192.0,2,1,1,1,0,0,1,3,8.3,269.6,0,0,0,0,0,1
303600,36.828,0.0,0,0,1,0,8.282,0.0,0,0,1,0,11.632,1.168,1,0.0,0,0,1,1,0,1,0,1,0,0,0,12192.0,2,1,1,1,0,0,1,3,7.4,268.2,0,0,0,0,0,1
303700,36.828,0.0,0,0,1,0,8.282,0.0,0,0,1,0,11.749,1.168,1,0.0,0,0,1,1,0,1,0,1,0,0,0,12192.0,2,1,1,1,0,0,1,3,7.4,273.7,0,0,0,0,0,1
303800,36.828,0.0,0,0,1,0,8.282,0.0,0,0,1,0,11.866,1.168,1,0.0,0,0,1,1,0,1,0,1,0,0,0,12192.0,2,1,1,1,0,0,1,3,7.8,268.6,0,0,0,0,0,1
303900,36.828,0.0,0,0,1,0,8.282,0.0,0,0,1,0,11.983,1.168,1,0.0,0,0,1,1,0,1,0,1,0,0,0,12192.0,2,1,1,1,0,0,1,3,7.4,269.2,0,0,0,0,0,1
304000,36.828,0.0,0,0,1,0,8.282,0.0,0,0,1,0,12.1,1.168,1,0.0,0,0,1,1,0,1,0,1,0,0,0,12192.0,2,1,1,1,0,0,1,3,7.6,265.6,0,0,0,0,0,1
304100,36.828,0.0,0,0,1,0,8.282,0.0,0,0,1,0,12.217,1.168,1,0.0,0,0,1,1,0,1,0,1,0,0,0,12192.0,2,1,1,1,0,0,1,3,7.3,269.1,0,0,0,0,0,1
304200,36.828,0.0,0,0,1,0,8.282,0.0,0,0,1,0,12.333,1.168,1,0.0,0,0,1,1,0,1,0,1,0,0,0,12192.0,2,1,1,1,0,0,1,3,7.9,270.8,0,0,0,0,0,1
304300,36.828,0.0,0,0,1,0,8.282,0.0,0,0,1,0,12.45,1.168,1,0.0,0,0,1,1,0,1,0,1,0,0,0,12192.0,2,1,1,1,0,0,1,3,6.6,268.6,0,0,0,0,0,1
304400,36.828,0.0,0,0,1,0,8.282,0.0,0,0,1,0,12.567,1.168,1,0.0,0,0,1,1,0,1,0,1,0,0,0,12192.0,2,1,1,1,0,0,1,3,7.8,275.0,0,0,0,0,0,1
304500,36.828,0.0,0,0,1,0,8.282,0.0,0,0,1,0,12.684,1.168,1,0.0,0,0,1,1,0,1,0,1,0,0,0,12192.0,2,1,1,1,0,0,1,3,7.0,267.8,0,0,0,0,0,1
304600,36.828,0.0,0,0,1,0,8.282,0.0,0,0,1,0,12.801,1.168,1,0.0,0,0,1,1,0,1,0,1,0,0,0,12192.0,2,1,1,1,0,0,1,3,7.6,265.6,0,0,0,0,0,1
304700,36.828,0.0,0,0,1,0,8.282,0.0,0,0,1,0,12.918,1.168,1,0.0,0,0,1,1,0,1,0,1,0,0,0,12192.0,2,1,1,1,0,0,1,3,8.1,267.4,0,0,0,0,0,1
304800,36.828,0.0,0,0,1,0,8.282,0.0,0,0,1,0,13.034,1.168,1,0.0,0,0,1,1,0,1,0,1,0,0,0,12192.0,2,1,1,1,0,0,1,3,8.3,268.7,0,0,0,0,0,1
304900,36.828,0.0,0,0,1,0,8.282,0.0,0,0,1,0,13.147,1.122,1,0.0,0,0,1,1,0,1,0,1,0,0,0,12192.0,2,1,1,1,0,0,1,3,8.3,270.2,0,0,0,0,0,1
305000,36.828,0.0,0,0,1,0,8.282,0.0,0,0,1,0,13.254,1.076,1,0.0,0,0,1,1,0,1,0,1,0,0,0,12192.0,2,1,1,1,0,0,1,3,7.8,266.5,0,0,0,0,0,1
305100,36.828,0.0,0,0,1,0,8.282,0.0,0,0,1,0,13.357,1.029,1,0.0,0,0,1,1,0,1,0,1,0,0,0,12192.0,2,1,1,1,0,0,1,3,7.9,269.7,0,0,0,0,0,1
305200,36.828,0.0,0,0,1,0,8.282,0.0,0,0,1,0,13.455,0.983,1,0.0,0,0,1,1,0,1,0,1,0,0,0,12192.0,2,1,1,1,0,0,1,3,7.6,274.4,0,0,0,0,0,1
305300,36.828,0.0,0,0,1,0,8.282,0.0,0,0,1,0,13.549,0.936,1,0.0,0,0,1,1,0,1,0,1,0,0,0,12192.0,2,1,1,1,0,0,1,3,7.5,269.8,0,0,0,0,0,1
305400,36.828,0.0,0,0,1,0,8.282,0.0,0,0,1,0,13.638,0.89,1,0.0,0,0,1,1,0,1,0,1,0,0,0,12192.0,2,1,1,1,0,0,1,3,8.5,272.8,0,0,0,0,0,1
305500,36.828,0.0,0,0,1,0,8.282,0.0,0,0,1,0,13.722,0.844,1,0.0,0,0,1,1,0,1,0,1,0,0,0,12192.0,2,1,1,1,0,0,1,3,8.1,275.5,0,0,0,0,0,1
305600,36.828,0.0,0,0,1,0,8.282,0.0,0,0,1,0,13.802,0.797,1,0.0,0,0,1,1,0,1,0,1,0,0,0,12192.0,2,1,1,1,0,0,1,3,8.2,267.5,0,0,0,0,0,1
305700,36.828,0.0,0,0,1,0,8.282,0.0,0,0,1,0,13.877,0.751,1,0.0,0,0,1,1,0,1,0,1,0,0,0,12192.0,2,1,1,1,0,0,1,3,8.1,267.4,0,0,0,0,0,1
305800,36.828,0.0,0,0,1,0,8.282,0.0,0,0,1,0,13.948,0.705,1,0.0,0,0,1,1,0,1,0,1,0,0,0,12192.0,2,1,1,1,0,0,1,3,8.9,272.3,0,0,0,0,0,1
305900,36.828,0.0,0,0,1,0,8.282,0.0,0,0,1,0,14.013,0.658,1,0.0,0,0,1,1,0,1,0,1,0,0,0,12192.0,2,1,1,1,0,0,1,3,7.7,267.1,0,0,0,0,0,1
306000,36.828,0.0,0,0,1,0,8.282,0.0,0,0,1,0,14.075,0.612,1,0.0,0,0,1,1,0,1,0,1,0,0,0,12192.0,2,1,1,1,0,0,1,3,8.4,268.3,0,0,0,0,0,1
306100,36.828,0.0,0,0,1,0,8.282,0.0,0,0,1,0,14.131,0.565,1,0.0,0,0,1,1,0,1,0,1,0,0,0,12192.0,2,1,1,1,0,0,1,3,8.1,273.2,0,0,0,0,0,1
306200,36.828,0.0,0,0,1,0,8.282,0.0,0,0,1,0,14.183,0.519,1,0.0,0,0,1,1,0,1,0,1,0,0,0,12192.0,2,1,1,1,0,0,1,3,8.8,268.3,0,0,0,0,0,1
306300,36.828,0.0,0,0,1,0,8.282,0.0,0,0,1,0,14.23,0.473,1,0.0,0,0,1,1,0,1,0,1,0,0,0,12192.0,2,1,1,1,0,0,1,3,8.4,269.1,0,0,0,0,0,1
306400,36.828,0.0,0,0,1,0,8.282,0.0,0,0,1,0,14.273,0.426,1,0.0,0,0,1,1,0,1,0,1,0,0,0,12192.0,2,1,1,1,0,0,1,3,8.1,268.8,0,0,0,0,0,1
306500,36.828,0.0,0,0,1,0,8.282,0.0,0,0,1,0,14.311,0.38,1,0.0,0,0,1,1,0,1,0,1,0,0,0,12192.0,2,1,1,1,0,0,1,3,8.7,269.0,0,0,0,0,0,1
306600,36.828,0.0,0,0,1,0,8.282,0.0,0,0,1,0,14.344,0.334,1,0.0,0,0,1,1,0,1,0,1,0,0,0,12192.0,2,1,1,1,0,0,1,3,8.6,266.7,0,0,0,0,0,1
306700,36.828,0.0,0,0,1,0,8.282,0.0,0,0,1,0,14.373,0.287,1,0.0,0,0,1,1,0,1,0,1,0,0,0,12192.0,2,1,1,1,0,0,1,3,8.0,264.9,0,0,0,0,0,1
306800,36.828,0.0,0,0,1,0,8.282,0.0,0,0,1,0,14.397,0.241,1,0.0,0,0,1,1,0,1,0,1,0,0,0,12192.0,2,1,1,1,0,0,1,3,8.9,268.0,0,0,0,0,0,1
306900,36.828,0.0,0,0,1,0,8.282,0.0,0,0,1,0,14.417,0.194,1,0.0,0,0,1,1,0,1,0,1,0,0,0,12192.0,2,1,1,1,0,0,1,3,8.2,269.2,0,0,0,0,0,1
307000,36.828,0.0,0,0,1,0,8.282,0.0,0,0,1,0,14.431,0.148,1,0.0,0,0,1,1,0,1,0,1,0,0,0,12192.0,2,1,1,1,0,0,1,3,9.3,268.3,0,0,0,0,0,1
307100,36.828,0.0,0,0,1,0,8.282,0.0,0,0,1,0,14.442,0.102,1,0.0,0,0,1,1,0,1,0,1,0,0,0,12192.0,2,1,1,1,0,0,1,3,8.1,269.4,0,0,0,0,0,1
307200,36.828,0.0,0,0,1,0,8.282,0.0,0,0,1,0,14.447,0.055,1,0.0,0,0,1,1,0,1,0,1,0,0,0,12192.0,2,1,1,1,0,0,1,3,8.5,269.6,0,0,0,0,0,1
307300,36.828,0.0,0,0,0,0,8.282,0.0,0,0,0,0,14.448,0.0,0,0.0,0,0,0,0,0,1,0,1,0,0,0,12192.0,2,1,1,0,1,0,1,3,8.9,269.9,0,0,0,0,0,1
307400,36.828,0.0,0,0,1,0,8.288,0.062,1,1,1,0,14.453,0.0,0,0.0,0,0,0,1,0,0,0,1,0,0,0,12192.0,2,1,1,1,0,0,1,4,7.9,269.3,0,0,0,0,0,1
307500,36.828,0.0,0,0,1,0,8.301,0.124,1,1,1,0,14.453,0.0,0,0.0,0,0,0,1,0,0,0,1,0,0,0,12192.0,2,1,1,1,0,0,1,4,9.6,266.4,0,0,0,0,0,1
307600,36.828,0.0,0,0,1,0,8.32,0.186,1,1,1,0,14.453,0.0,0,0.0,0,0,0,1,0,0,0,1,0,0,0,12192.0,2,1,1,1,0,0,1,4,8.7,267.9,0,0,0,0,0,1
307700,36.828,0.0,0,0,1,0,8.344,0.248,1,1,1,0,14.453,0.0,0,0.0,0,0,0,1,0,0,0,1,0,0,0,12192.0,2,1,1,1,0,0,1,4,8.4,271.9,0,0,0,0,0,1
307800,36.828,0.0,0,0,1,0,8.375,0.31,1,1,1,0,14.453,0.0,0,0.0,0,0,0,1,0,0,0,1,0,0,0,12192.0,2,1,1,1,0,0,1,4,8.5,273.0,0,0,0,0,0,1
307900,36.828,0.0,0,0,1,0,8.413,0.373,1,1,1,0,14.453,0.0,0,0.0,0,0,0,1,0,0,0,1,0,0,0,12192.0,2,1,1,1,0,0,1,4,8.6,269.1,0,0,0,0,0,1
308000,36.828,0.0,0,0,1,0,8.456,0.435,1,1,1,0,14.453,0.0,0,0.0,0,0,0,1,0,0,0,1,0,0,0,12192.0,2,1,1,1,0,0,1,4,8.5,274.2,0,0,0,0,0,1
308100,36.828,0.0,0,0,1,0,8.506,0.497,1,1,1,0,14.453,0.0,0,0.0,0,0,0,1,0,0,0,1,0,0,0,12192.0,2,1,1,1,0,0,1,4,7.4,270.0,0,0,0,0,0,1
308200,36.828,0.0,0,0,1,0,8.562,0.559,1,1,1,0,14.453,0.0,0,0.0,0,0,0,1,0,0,0,1,0,0,0,12192.0,2,1,1,1,0,0,1,4,9.0,271.3,0,0,0,0,0,1
308300,36.828,0.0,0,0,1,0,8.624,0.621,1,1,1,0,14.453,0.0,0,0.0,0,0,0,1,0,0,0,1,0,0,0,12192.0,2,1,1,1,0,0,1,4,7.5,270.4,0,0,0,0,0,1
308400,36.828,0.0,0,0,1,0,8.692,0.683,1,1,1,0,14.453,0.0,0,0.0,0,0,0,1,0,0,0,1,0,0,0,12192.0,2,1,1,1,0,0,1,4,8.9,271.2,0,0,0,0,0,1
308500,36.828,0.0,0,0,1,0,8.767,0.745,1,1,1,0,14.453,0.0,0,0.0,0,0,0,1,0,0,0,1,0,0,0,12192.0,2,1,1,1,0,0,1,4,8.5,277.4,0,0,0,0,0,1
308600,36.828,0.0,0,0,1,0,8.847,0.807,1,1,1,0,14.453,0.0,0,0.0,0,0,0,1,0,0,0,1,0,0,0,12192.0,2,1,1,1,0,0,1,4,8.5,270.8,0,0,0,0,0,1
308700,36.828,0.0,0,0,1,0,8.934,0.869,1,1,1,0,14.453,0.0,0,0.0,0,0,0,1,0,0,0,1,0,0,0,12192.0,2,1,1,1,0,0,1,4,8.8,268.7,0,0,0,0,0,1
308800,36.828,0.0,0,0,1,0,9.027,0.931,1,1,1,0,14.453,0.0,0,0.0,0,0,0,1,0,0,0,1,0,0,0,12192.0,2,1,1,1,0,0,1,4,8.3,273.7,0,0,0,0,0,1
308900,36.828,0.0,0,0,1,0,9.127,0.993,1,1,1,0,14.453,0.0,0,0.0,0,0,0,1,0,0,0,1,0,0,0,12192.0,2,1,1,1,0,0,1,4,7.9,271.3,0,0,0,0,0,1
309000,36.828,0.0,0,0,1,0,9.232,1.055,1,1,1,0,14.453,0.0,0,0.0,0,0,0,1,0,0,0,1,0,0,0,12192.0,2,1,1,1,0,0,1,4,8.3,269.9,0,0,0,0,0,1
309100,36.828,0.0,0,0,1,0,9.344,1.118,1,1,1,0,14.453,0.0,0,0.0,0,0,0,1,0,0,0,1,0,0,0,12192.0,2,1,1,1,0,0,1,4,8.2,269.5,0,0,0,0,0,1
309200,36.828,0.0,0,0,1,0,9.462,1.18,1,1,1,0,14.453,0.0,0,0.0,0,0,0,1,0,0,0,1,0,0,0,12192.0,2,1,1,1,0,0,1,4,8.9,269.2,0,0,0,0,0,1
309300,36.828,0.0,0,0,1,0,9.586,1.242,1,1,1,0,14.453,0.0,0,0.0,0,0,0,1,0,0,0,1,0,0,0,12192.0,2,1,1,1,0,0,1,4,7.9,269.3,0,0,0,0,0,1
309400,36.828,0.0,0,0,1,0,9.716,1.304,1,1,1,0,14.453,0.0,0,0.0,0,0,0,1,0,0,0,1,0,0,0,12192.0,2,1,1,1,0,0,1,4,8.0,267.0,0,0,0,0,0,1
309500,36.828,0.0,0,0,1,0,9.853,1.366,1,1,1,0,14.453,0.0,0,0.0,0,0,0,1,0,0,0,1,0,0,0,12192.0,2,1,1,1,0,0,1,4,7.9,271.3,0,0,0,0,0,1
309600,36.828,0.0,0,0,1,0,9.996,1.428,1,1,1,0,14.453,0.0,0,0.0,0,0,0,1,0,0,0,1,0,0,0,12192.0,2,1,1,1,0,0,1,4,8.4,270.8,0,0,0,0,0,1
309700,36.828,0.0,0,0,1,0,10.145,1.49,1,1,1,0,14.453,0.0,0,0.0,0,0,0,1,0,0,0,1,0,0,0,12192.0,2,1,1,1,0,0,1,4,8.3,268.1,0,0,0,0,0,1
309800,36.828,0.0,0,0,1,0,10.3,1.552,1,1,1,0,14.453,0.0,0,0.0,0,0,0,1,0,0,0,1,0,0,0,12192.0,2,1,1,1,0,0,1,4,7.8,268.1,0,0,0,0,0,1
309900,36.828,0.0,0,0,1,0,10.461,1.614,1,1,1,0,14.453,0.0,0,0.0,0,0,0,1,0,0,0,1,0,0,0,12192.0,2,1,1,1,0,0,1,4,7.8,274.0,0,0,0,0,0,1
310000,36.828,0.0,0,0,1,0,10.629,1.676,1,1,1,0,14.453,0.0,0,0.0,0,0,0,1,0,0,0,1,0,0,0,12192.0,2,1,1,1,0,0,1,4,7.7,266.4,0,0,0,0,0,1
310100,36.828,0.0,0,0,1,0,10.803,1.738,1,1,1,0,14.453,0.0,0,0.0,0,0,0,1,0,0,0,1,0,0,0,12192.0,2,1,1,1,0,0,1,4,7.5,269.9,0,0,0,0,0,1
310200,36.828,0.0,0,0,1,0,10.983,1.8,1,1,1,0,14.453,0.0,0,0.0,0,0,0,1,0,0,0,1,0,0,0,12192.0,2,1,1,1,0,0,1,4,7.7,273.4,0,0,0,0,0,1
310300,36.828,0.0,0,0,1,0,11.169,1.863,1,1,1,0,14.453,0.0,0,0.0,0,0,0,1,0,0,0,1,0,0,0,12192.0,2,1,1,1,0,0,1,4,7.8,272.5,0,0,0,0,0,1
310400,36.828,0.0,0,0,1,0,11.362,1.925,1,1,1,0,14.453,0.0,0,0.0,0,0,0,1,0,0,0,1,0,0,0,12192.0,2,1,1,1,0,0,1,4,7.8,267.6,0,0,0,0,0,1
310500,36.828,0.0,0,0,1,0,11.56,1.987,1,1,1,0,14.453,0.0,0,0.0,0,0,0,1,0,0,0,1,0,0,0,12192.0,2,1,1,1,0,0,1,4,7.3,267.7,0,0,0,0,0,1
310600,36.828,0.0,0,0,1,0,11.765,2.049,1,1,1,0,14.453,0.0,0,0.0,0,0,0,1,0,0,0,1,0,0,0,12192.0,2,1,1,1,0,0,1,4,8.2,269.3,0,0,0,0,0,1
310700,36.828,0.0,0,0,1,0,11.976,2.111,1,1,1,0,14.453,0.0,0,0.0,0,0,0,1,0,0,0,1,0,0,0,12192.0,2,1,1,1,0,0,1,4,7.1,272.1,0,0,0,0,0,1
310800,36.828,0.0,0,0,1,0,12.194,2.173,1,1,1,0,14.453,0.0,0,0.0,0,0,0,1,0,0,0,1,0,0,0,12192.0,2,1,1,1,0,0,1,4,8.0,271.5,0,0,0,0,0,1
310900,36.828,0.0,0,0,1,0,12.417,2.235,1,1,1,0,14.453,0.0,0,0.0,0,0,0,1,0,0,0,1,0,0,0,12192.0,2,1,1,1,0,0,1,4,8.3,270.3,0,0,0,0,0,1
311000,36.828,0.0,0,0,1,0,12.647,2.297,1,1,1,0,14.453,0.0,0,0.0,0,0,0,1,0,0,0,1,0,0,0,12192.0,2,1,1,1,0,0,1,4,7.0,269.4,0,0,0,0,0,1
311100,36.828,0.0,0,0,1,0,12.883,2.359,1,1,1,0,14.453,0.0,0,0.0,0,0,0,1,0,0,0,1,0,0,0,12192.0,2,1,1,1,0,0,1,4,7.6,269.6,0,0,0,0,0,1
311200,36.828,0.0,0,0,1,0,13.125,2.421,1,1,1,0,14.453,0.0,0,0.0,0,0,0,1,0,0,0,1,0,0,0,12192.0,2,1,1,1,0,0,1,4,7.8,269.1,0,0,0,0,0,1
311300,36.828,0.0,0,0,1,0,13.373,2.483,1,1,1,0,14.453,0.0,0,0.0,0,0,0,1,0,0,0,1,0,0,0,12192.0,2,1,1,1,0,0,1,4,6.7,270.0,0,0,0,0,0,1
311400,36.828,0.0,0,0,1,0,13.628,2.545,1,1,1,0,14.453,0.0,0,0.0,0,0,0,1,0,0,0,1,0,0,0,12192.0,2,1,1,1,0,0,1,4,7.1,274.0,0,0,0,0,0,1
311500,36.828,0.0,0,0,1,0,13.888,2.608,1,1,1,0,14.453,0.0,0,0.0,0,0,0,1,0,0,0,1,0,0,0,12192.0,2,1,1,1,0,0,1,4,8.5,271.7,0,0,0,0,0,1
311600,36.828,0.0,0,0,1,0,14.155,2.67,1,1,1,0,14.453,0.0,0,0.0,0,0,0,1,0,0,0,1,0,0,0,12192.0,2,1,1,1,0,0,1,4,7.7,270.9,0,0,0,0,0,1
311700,36.828,0.0,0,0,1,0,14.429,2.732,1,1,1,0,14.453,0.0,0,0.0,0,0,0,1,0,0,0,1,0,0,0,12192.0,2,1,1,1,0,0,1,4,7.3,266.3,0,0,0,0,0,1
311800,36.828,0.0,0,0,1,0,14.708,2.794,1,1,1,0,14.453,0.0,0,0.0,0,0,0,1,0,0,0,1,0,0,0,12192.0,2,1,1,1,0,0,1,4,8.0,271.5,0,0,0,0,0,1
311900,36.828,0.0,0,0,1,0,14.994,2.856,1,1,1,0,14.453,0.0,0,0.0,0,0,0,1,0,0,0,1,0,0,0,12192.0,2,1,1,1,0,0,1,4,8.1,272.6,0,0,0,0,0,1
312000,36.828,0.0,0,0,1,0,15.285,2.918,1,1,1,0,14.453,0.0,0,0.0,0,0,0,1,0,0,0,1,0,0,0,12192.0,2,1,1,1,0,0,1,4,7.9,271.2,0,0,0,0,0,1
312100,36.828,0.0,0,0,1,0,15.583,2.98,1,1,1,0,14.453,0.0,0,0.0,0,0,0,1,0,0,0,1,0,0,0,12192.0,2,1,1,1,0,0,1,4,7.5,271.1,0,0,0,0,0,1
312200,36.828,0.0,0,0,1,0,15.888,3.042,1,1,1,0,14.453,0.0,0,0.0,0,0,0,1,0,0,0,1,0,0,0,12192.0,2,1,1,1,0,0,1,4,7.1,269.6,0,0,0,0,0,1
312300,36.828,0.0,0,0,1,0,16.198,3.104,1,1,1,0,14.453,0.0,0,0.0,0,0,0,1,0,0,0,1,0,0,0,12192.0,2,1,1,1,0,0,1,4,7.3,270.6,0,0,0,0,0,1
312400,36.828,0.0,0,0,1,0,16.515,3.166,1,1,1,0,14.453,0.0,0,0.0,0,0,0,1,0,0,0,1,0,0,0,12192.0,2,1,1,1,0,0,1,4,7.8,270.3,0,0,0,0,0,1
312500,36.828,0.0,0,0,1,0,16.838,3.228,1,1,1,0,14.453,0.0,0,0.0,0,0,0,1,0,0,0,1,0,0,0,12192.0,2,1,1,1,0,0,1,4,7.0,267.7,0,0,0,0,0,1
312600,36.828,0.0,0,0,1,0,17.167,3.29,1,1,1,0,14.453,0.0,0,0.0,0,0,0,1,0,0,0,1,0,0,0,12192.0,2,1,1,1,0,0,1,4,7.3,273.6,0,0,0,0,0,1
312700,36.828,0.0,0,0,1,0,17.502,3.353,1,1,1,0,14.453,0.0,0,0.0,0,0,0,1,0,0,0,1,0,0,0,12192.0,2,1,1,1,0,0,1,4,7.3,272.7,0,0,0,0,0,1
312800,36.828,0.0,0,0,1,0,17.843,3.415,1,1,1,0,14.453,0.0,0,0.0,0,0,0,1,0,0,0,1,0,0,0,12192.0,2,1,1,1,0,0,1,4,7.5,269.3,0,0,0,0,0,1
312900,36.828,0.0,0,0,1,0,18.191,3.477,1,1,1,0,14.453,0.0,0,0.0,0,0,0,1,0,0,0,1,0,0,0,12192.0,2,1,1,1,0,0,1,4,7.1,267.7,0,0,0,0,0,1
313000,36.828,0.0,0,0,1,0,18.545,3.539,1,1,1,0,14.453,0.0,0,0.0,0,0,0,1,0,0,0,1,0,0,0,12192.0,2,1,1,1,0,0,1,4,8.4,270.8,0,0,0,0,0,1
313100,36.828,0.0,0,0,1,0,18.899,3.539,1,1,1,0,14.453,0.0,0,0.0,0,0,0,1,0,0,0,1,0,0,0,12192.0,2,1,1,1,0,0,1,4,8.4,270.7,0,0,0,0,0,1
313200,36.828,0.0,0,0,1,0,19.253,3.539,1,1,1,0,14.453,0.0,0,0.0,0,0,0,1,0,0,0,1,0,0,0,12192.0,2,1,1,1,0,0,1,4,8.0,266.3,0,0,0,0,0,1
313300,36.828,0.0,0,0,1,0,19.606,3.539,1,1,1,0,14.453,0.0,0,0.0,0,0,0,1,0,0,0,1,0,0,0,12192.0,2,1,1,1,0,0,1,4,8.2,270.9,0,0,0,0,0,1
313400,36.828,0.0,0,0,1,0,19.96,3.539,1,1,1,0,14.453,0.0,0,0.0,0,0,0,1,0,0,0,1,0,0,0,12192.0,2,1,1,1,0,0,1,4,8.1,271.7,0,0,0,0,0,1
313500,36.828,0.0,0,0,1,0,20.314,3.539,1,1,1,0,14.453,0.0,0,0.0,0,0,0,1,0,0,0,1,0,0,0,12192.0,2,1,1,1,0,0,1,4,7.7,274.9,0,0,0,0,0,1
313600,36.828,0.0,0,0,1,0,20.668,3.539,1,1,1,0,14.453,0.0,0,0.0,0,0,0,1,0,0,0,1,0,0,0,12192.0,2,1,1,1,0,0,1,4,7.7,269.3,0,0,0,0,0,1
313700,36.828,0.0,0,0,1,0,21.022,3.539,1,1,1,0,14.453,0.0,0,0.0,0,0,0,1,0,0,0,1,0,0,0,12192.0,2,1,1,1,0,0,1,4,8.4,270.5,0,0,0,0,0,1
313800,36.828,0.0,0,0,1,0,21.376,3.539,1,1,1,0,14.453,0.0,0,0.0,0,0,0,1,0,0,0,1,0,0,0,12192.0,2,1,1,1,0,0,1,4,7.7,272.4,0,0,0,0,0,1
313900,36.828,0.0,0,0,1,0,21.73,3.539,1,1,1,0,14.453,0.0,0,0.0,0,0,0,1,0,0,0,1,0,0,0,12192.0,2,1,1,1,0,0,1,4,7.2,269.3,0,0,0,0,0,1
314000,36.828,0.0,0,0,1,0,22.083,3.539,1,1,1,0,14.453,0.0,0,0.0,0,0,0,1,0,0,0,1,0,0,0,12192.0,2,1,1,1,0,0,1,4,7.8,270.6,0,0,0,0,0,1
314100,36.828,0.0,0,0,1,0,22.437,3.539,1,1,1,0,14.453,0.0,0,0.0,0,0,0,1,0,0,0,1,0,0,0,12192.0,2,1,1,1,0,0,1,4,7.6,267.3,0,0,0,0,0,1
314200,36.828,0.0,0,0,1,0,22.791,3.539,1,1,1,0,14.453,0.0,0,0.0,0,0,0,1,0,0,0,1,0,0,0,12192.0,2,1,1,1,0,0,1,4,7.8,267.6,0,0,0,0,0,1
314300,36.828,0.0,0,0,1,0,23.145,3.539,1,1,1,0,14.453,0.0,0,0.0,0,0,0,1,0,0,0,1,0,0,0,12192.0,2,1,1,1,0,0,1,4,7.8,272.7,0,0,0,0,0,1
314400,36.828,0.0,0,0,1,0,23.499,3.539,1,1,1,0,14.453,0.0,0,0.0,0,0,0,1,0,0,0,1,0,0,0,12192.0,2,1,1,1,0,0,1,4,8.3,267.3,0,0,0,0,0,1
314500,36.828,0.0,0,0,1,0,23.853,3.539,1,1,1,0,14.453,0.0,0,0.0,0,0,0,1,0,0,0,1,0,0,0,12192.0,2,1,1,1,0,0,1,4,7.9,270.9,0,0,0,0,0,1
314600,36.828,0.0,0,0,1,0,24.207,3.539,1,1,1,0,14.453,0.0,0,0.0,0,0,0,1,0,0,0,1,0,0,0,12192.0,2,1,1,1,0,0,1,4,8.8,273.7,0,0,0,0,0,1
314700,36.828,0.0,0,0,1,0,24.56,3.539,1,1,1,0,14.453,0.0,0,0.0,0,0,0,1,0,0,0,1,0,0,0,12192.0,2,1,1,1,0,0,1,4,8.2,266.7,0,0,0,0,0,1
314800,36.828,0.0,0,0,1,0,24.914,3.539,1,1,1,0,14.453,0.0,0,0.0,0,0,0,1,0,0,0,1,0,0,0,12192.0,2,1,1,1,0,0,1,4,7.7,263.3,0,0,0,0,0,1
314900,36.828,0.0,0,0,1,0,25.268,3.539,1,1,1,0,14.453,0.0,0,0.0,0,0,0,1,0,0,0,1,0,0,0,12192.0,2,1,1,1,0,0,1,4,8.7,270.5,0,0,0,0,0,1
315000,36.828,0.0,0,0,1,0,25.622,3.539,1,1,1,0,14.453,0.0,0,0.0,0,0,0,1,0,0,0,1,0,0,0,12192.0,2,1,1,1,0,0,1,4,8.6,269.3,0,0,0,0,0,1
315100,36.828,0.0,0,0,1,0,25.976,3.539,1,1,1,0,14.453,0.0,0,0.0,0,0,0,1,0,0,0,1,0,0,0,12192.0,2,1,1,1,0,0,1,4,7.2,271.0,0,0,0,0,0,1
315200,36.828,0.0,0,0,1,0,26.33,3.539,1,1,1,0,14.453,0.0,0,0.0,0,0,0,1,0,0,0,1,0,0,0,12192.0,2,1,1,1,0,0,1,4,8.3,267.4,0,0,0,0,0,1
315300,36.828,0.0,0,0,1,0,26.684,3.539,1,1,1,0,14.453,0.0,0,0.0,0,0,0,1,0,0,0,1,0,0,0,12192.0,2,1,1,1,0,0,1,4,8.1,267.5,0,0,0,0,0,1
315400,36.828,0.0,0,0,1,0,27.037,3.539,1,1,1,0,14.453,0.0,0,0.0,0,0,0,1,0,0,0,1,0,0,0,12192.0,2,1,1,1,0,0,1,4,8.9,271.5,0,0,0,0,0,1
315500,36.828,0.0,0,0,1,0,27.391,3.539,1,1,1,0,14.453,0.0,0,0.0,0,0,0,1,0,0,0,1,0,0,0,12192.0,2,1,1,1,0,0,1,4,8.7,276.9,0,0,0,0,0,1
315600,36.828,0.0,0,0,1,0,27.745,3.539,1,1,1,0,14.453,0.0,0,0.0,0,0,0,1,0,0,0,1,0,0,0,12192.0,2,1,1,1,0,0,1,4,8.3,269.6,0,0,0,0,0,1
315700,36.828,0.0,0,0,1,0,28.099,3.539,1,1,1,0,14.453,0.0,0,0.0,0,0,0,1,0,0,0,1,0,0,0,12192.0,2,1,1,1,0,0,1,4,8.0,270.4,0,0,0,0,0,1
315800,36.828,0.0,0,0,1,0,28.453,3.539,1,1,1,0,14.453,0.0,0,0.0,0,0,0,1,0,0,0,1,0,0,0,12192.0,2,1,1,1,0,0,1,4,8.2,271.8,0,0,0,0,0,1
315900,36.828,0.0,0,0,1,0,28.807,3.539,1,1,1,0,14.453,0.0,0,0.0,0,0,0,1,0,0,0,1,0,0,0,12192.0,2,1,1,1,0,0,1,4,9.4,268.6,0,0,0,0,0,1
316000,36.828,0.0,0,0,1,0,29.161,3.539,1,1,1,0,14.453,0.0,0,0.0,0,0,0,1,0,0,0,1,0,0,0,12192.0,2,1,1,1,0,0,1,4,8.4,270.5,0,0,0,0,0,1
316100,36.828,0.0,0,0,1,0,29.515,3.539,1,1,1,0,14.453,0.0,0,0.0,0,0,0,1,0,0,0,1,0,0,0,12192.0,2,1,1,1,0,0,1,4,8.4,270.2,0,0,0,0,0,1
316200,36.828,0.0,0,0,1,0,29.868,3.539,1,1,1,0,14.453,0.0,0,0.0,0,0,0,1,0,0,0,1,0,0,0,12192.0,2,1,1,1,0,0,1,4,8.5,268.0,0,0,0,0,0,1
316300,36.828,0.0,0,0,1,0,30.222,3.539,1,1,1,0,14.453,0.0,0,0.0,0,0,0,1,0,0,0,1,0,0,0,12192.0,2,1,1,1,0,0,1,4,7.7,269.1,0,0,0,0,0,1
316400,36.828,0.0,0,0,1,0,30.576,3.539,1,1,1,0,14.453,0.0,0,0.0,0,0,0,1,0,0,0,1,0,0,0,12192.0,2,1,1,1,0,0,1,4,8.7,270.9,0,0,0,0,0,1
316500,36.828,0.0,0,0,1,0,30.93,3.539,1,1,1,0,14.453,0.0,0,0.0,0,0,0,1,0,0,0,1,0,0,0,12192.0,2,1,1,1,0,0,1,4,8.9,269.2,0,0,0,0,0,1
316600,36.828,0.0,0,0,1,0,31.284,3.539,1,1,1,0,14.453,0.0,0,0.0,0,0,0,1,0,0,0,1,0,0,0,12192.0,2,1,1,1,0,0,1,4,8.0,273.5,0,0,0,0,0,1
316700,36.828,0.0,0,0,1,0,31.638,3.539,1,1,1,0,14.453,0.0,0,0.0,0,0,0,1,0,0,0,1,0,0,0,12192.0,2,1,1,1,0,0,1,4,8.5,269.0,0,0,0,0,0,1
316800,36.828,0.0,0,0,1,0,31.992,3.539,1,1,1,0,14.453,0.0,0,0.0,0,0,0,1,0,0,0,1,0,0,0,12192.0,2,1,1,1,0,0,1,4,8.6,272.2,0,0,0,0,0,1
316900,36.828,0.0,0,0,1,0,32.339,3.477,1,1,1,0,14.453,0.0,0,0.0,0,0,0,1,0,0,0,1,0,0,0,12192.0,2,1,1,1,0,0,1,4,8.3,271.2,0,0,0,0,0,1
317000,36.828,0.0,0,0,1,0,32.681,3.414,1,1,1,0,14.453,0.0,0,0.0,0,0,0,1,0,0,0,1,0,0,0,12192.0,2,1,1,1,0,0,1,4,8.5,267.2,0,0,0,0,0,1
317100,36.828,0.0,0,0,1,0,33.016,3.352,1,1,1,0,14.453,0.0,0,0.0,0,0,0,1,0,0,0,1,0,0,0,12192.0,2,1,1,1,0,0,1,4,8.4,269.6,0,0,0,0,0,1
317200,36.828,0.0,0,0,1,0,33.345,3.29,1,1,1,0,14.453,0.0,0,0.0,0,0,0,1,0,0,0,1,0,0,0,12192.0,2,1,1,1,0,0,1,4,8.7,270.1,0,0,0,0,0,1
317300,36.828,0.0,0,0,1,0,33.668,3.228,1,1,1,0,14.453,0.0,0,0.0,0,0,0,1,0,0,0,1,0,0,0,12192.0,2,1,1,1,0,0,1,4,7.7,271.1,0,0,0,0,0,1
317400,36.828,0.0,0,0,1,0,33.984,3.166,1,1,1,0,14.453,0.0,0,0.0,0,0,0,1,0,0,0,1,0,0,0,12192.0,2,1,1,1,0,0,1,4,8.9,272.4,0,0,0,0,0,1
317500,36.828,0.0,0,0,1,0,34.295,3.104,1,1,1,0,14.453,0.0,0,0.0,0,0,0,1,0,0,0,1,0,0,0,12192.0,2,1,1,1,0,0,1,4,8.6,267.7,0,0,0,0,0,1
317600,36.828,0.0,0,0,1,0,34.599,3.042,1,1,1,0,14.453,0.0,0,0.0,0,0,0,1,0,0,0,1,0,0,0,12192.0,2,1,1,1,0,0,1,4,8.9,275.1,0,0,0,0,0,1
317700,36.828,0.0,0,0,1,0,34.897,2.98,1,1,1,0,14.453,0.0,0,0.0,0,0,0,1,0,0,0,1,0,0,0,12192.0,2,1,1,1,0,0,1,4,8.1,266.6,0,0,0,0,0,1
317800,36.828,0.0,0,0,1,0,35.189,2.918,1,1,1,0,14.453,0.0,0,0.0,0,0,0,1,0,0,0,1,0,0,0,12192.0,2,1,1,1,0,0,1,4,8.0,266.5,0,0,0,0,0,1
317900,36.828,0.0,0,0,1,0,35.474,2.856,1,1,1,0,14.453,0.0,0,0.0,0,0,0,1,0,0,0,1,0,0,0,12192.0,2,1,1,1,0,0,1,4,8.7,267.2,0,0,0,0,0,1
318000,36.828,0.0,0,0,1,0,35.754,2.794,1,1,1,0,14.453,0.0,0,0.0,0,0,0,1,0,0,0,1,0,0,0,12192.0,2,1,1,1,0,0,1,4,7.4,268.8,0,0,0,0,0,1
318100,36.828,0.0,0,0,1,0,36.027,2.732,1,1,1,0,14.453,0.0,0,0.0,0,0,0,1,0,0,0,1,0,0,0,12192.0,2,1,1,1,0,0,1,4,8.5,269.3,0,0,0,0,0,1
318200,36.828,0.0,0,0,1,0,36.294,2.669,1,1,1,0,14.453,0.0,0,0.0,0,0,0,1,0,0,0,1,0,0,0,12192.0,2,1,1,1,0,0,1,4,8.0,270.5,0,0,0,0,0,1
318300,36.828,0.0,0,0,1,0,36.554,2.607,1,1,1,0,14.453,0.0,0,0.0,0,0,0,1,0,0,0,1,0,0,0,12192.0,2,1,1,1,0,0,1,4,8.4,270.5,0,0,0,0,0,1
318400,36.828,0.0,0,0,1,0,36.809,2.545,1,1,1,0,14.453,0.0,0,0.0,0,0,0,1,0,0,0,1,0,0,0,12192.0,2,1,1,1,0,0,1,4,8.9,269.0,0,0,0,0,0,1
318500,36.828,0.0,0,0,1,0,37.057,2.483,1,1,1,0,14.453,0.0,0,0.0,0,0,0,1,0,0,0,1,0,0,0,12192.0,2,1,1,1,0,0,1,4,7.1,266.1,0,0,0,0,0,1
318600,36.828,0.0,0,0,1,0,37.299,2.421,1,1,1,0,14.453,0.0,0,0.0,0,0,0,1,0,0,0,1,0,0,0,12192.0,2,1,1,1,0,0,1,4,8.7,270.9,0,0,0,0,0,1
318700,36.828,0.0,0,0,1,0,37.535,2.359,1,1,1,0,14.453,0.0,0,0.0,0,0,0,1,0,0,0,1,0,0,0,12192.0,2,1,1,1,0,0,1,4,7.8,273.2,0,0,0,0,0,1
318800,36.828,0.0,0,0,1,0,37.765,2.297,1,1,1,0,14.453,0.0,0,0.0,0,0,0,1,0,0,0,1,0,0,0,12192.0,2,1,1,1,0,0,1,4,7.9,269.8,0,0,0,0,0,1
318900,36.828,0.0,0,0,1,0,37.989,2.235,1,1,1,0,14.453,0.0,0,0.0,0,0,0,1,0,0,0,1,0,0,0,12192.0,2,1,1,1,0,0,1,4,7.9,271.2,0,0,0,0,0,1
319000,36.828,0.0,0,0,1,0,38.206,2.173,1,1,1,0,14.453,0.0,0,0.0,0,0,0,1,0,0,0,1,0,0,0,12192.0,2,1,1,1,0,0,1,4,8.1,271.4,0,0,0,0,0,1
319100,36.828,0.0,0,0,1,0,38.417,2.111,1,1,1,0,14.453,0.0,0,0.0,0,0,0,1,0,0,0,1,0,0,0,12192.0,2,1,1,1,0,0,1,4,8.0,270.1,0,0,0,0,0,1
319200,36.828,0.0,0,0,1,0,38.622,2.049,1,1,1,0,14.453,0.0,0,0.0,0,0,0,1,0,0,0,1,0,0,0,12192.0,2,1,1,1,0,0,1,4,7.9,273.4,0,0,0,0,0,1
319300,36.828,0.0,0,0,1,0,38.82,1.987,1,1,1,0,14.453,0.0,0,0.0,0,0,0,1,0,0,0,1,0,0,0,12192.0,2,1,1,1,0,0,1,4,7.4,268.0,0,0,0,0,0,1
319400,36.828,0.0,0,0,1,0,39.013,1.924,1,1,1,0,14.453,0.0,0,0.0,0,0,0,1,0,0,0,1,0,0,0,12192.0,2,1,1,1,0,0,1,4,7.4,268.6,0,0,0,0,0,1
319500,36.828,0.0,0,0,1,0,39.199,1.862,1,1,1,0,14.453,0.0,0,0.0,0,0,0,1,0,0,0,1,0,0,0,12192.0,2,1,1,1,0,0,1,4,8.1,270.9,0,0,0,0,0,1
319600,36.828,0.0,0,0,1,0,39.379,1.8,1,1,1,0,14.453,0.0,0,0.0,0,0,0,1,0,0,0,1,0,0,0,12192.0,2,1,1,1,0,0,1,4,8.5,270.6,0,0,0,0,0,1
319700,36.828,0.0,0,0,1,0,39.553,1.738,1,1,1,0,14.453,0.0,0,0.0,0,0,0,1,0,0,0,1,0,0,0,12192.0,2,1,1,1,0,0,1,4,7.4,271.4,0,0,0,0,0,1
319800,36.828,0.0,0,0,1,0,39.72,1.676,1,1,1,0,14.453,0.0,0,0.0,0,0,0,1,0,0,0,1,0,0,0,12192.0,2,1,1,1,0,0,1,4,7.0,272.0,0,0,0,0,0,1
319900,36.828,0.0,0,0,1,0,39.882,1.614,1,1,1,0,14.453,0.0,0,0.0,0,0,0,1,0,0,0,1,0,0,0,12192.0,2,1,1,1,0,0,1,4,7.9,272.6,0,0,0,0,0,1
320000,36.828,0.0,0,0,1,0,40.037,1.552,1,1,1,0,14.453,0.0,0,0.0,0,0,0,1,0,0,0,1,0,0,0,12192.0,2,1,1,1,0,0,1,4,7.4,270.8,0,0,0,0,0,1
320100,36.828,0.0,0,0,1,0,40.186,1.49,1,1,1,0,14.453,0.0,0,0.0,0,0,0,1,0,0,0,1,0,0,0,12192.0,2,1,1,1,0,0,1,4,7.2,268.3,0,0,0,0,0,1
320200,36.828,0.0,0,0,1,0,40.329,1.428,1,1,1,0,14.453,0.0,0,0.0,0,0,0,1,0,0,0,1,0,0,0,12192.0,2,1,1,1,0,0,1,4,8.1,268.8,0,0,0,0,0,1
320300,36.828,0.0,0,0,1,0,40.465,1.366,1,1,1,0,14.453,0.0,0,0.0,0,0,0,1,0,0,0,1,0,0,0,12192.0,2,1,1,1,0,0,1,4,7.6,272.1,0,0,0,0,0,1
320400,36.828,0.0,0,0,1,0,40.596,1.304,1,1,1,0,14.453,0.0,0,0.0,0,0,0,1,0,0,0,1,0,0,0,12192.0,2,1,1,1,0,0,1,4,7.8,270.2,0,0,0,0,0,1
320500,36.828,0.0,0,0,1,0,40.72,1.241,1,1,1,0,14.453,0.0,0,0.0,0,0,0,1,0,0,0,1,0,0,0,12192.0,2,1,1,1,0,0,1,4,7.8,268.0,0,0,0,0,0,1
320600,36.828,0.0,0,0,1,0,40.838,1.179,1,1,1,0,14.453,0.0,0,0.0,0,0,0,1,0,0,0,1,0,0,0,12192.0,2,1,1,1,0,0,1,4,7.5,264.8,0,0,0,0,0,1
320700,36.828,0.0,0,0,1,0,40.95,1.117,1,1,1,0,14.453,0.0,0,0.0,0,0,0,1,0,0,0,1,0,0,0,12192.0,2,1,1,1,0,0,1,4,7.2,273.2,0,0,0,0,0,1
320800,36.828,0.0,0,0,1,0,41.055,1.055,1,1,1,0,14.453,0.0,0,0.0,0,0,0,1,0,0,0,1,0,0,0,12192.0,2,1,1,1,0,0,1,4,8.2,266.5,0,0,0,0,0,1
320900,36.828,0.0,0,0,1,0,41.154,0.993,1,1,1,0,14.453,0.0,0,0.0,0,0,0,1,0,0,0,1,0,0,0,12192.0,2,1,1,1,0,0,1,4,7.8,270.8,0,0,0,0,0,1
321000,36.828,0.0,0,0,1,0,41.248,0.931,1,1,1,0,14.453,0.0,0,0.0,0,0,0,1,0,0,0,1,0,0,0,12192.0,2,1,1,1,0,0,1,4,6.9,269.0,0,0,0,0,0,1
321100,36.828,0.0,0,0,1,0,41.334,0.868,1,1,1,0,14.453,0.0,0,0.0,0,0,0,1,0,0,0,1,0,0,0,12192.0,2,1,1,1,0,0,1,4,7.8,271.7,0,0,0,0,0,1
321200,36.828,0.0,0,0,1,0,41.415,0.804,1,1,1,0,14.453,0.0,0,0.0,0,0,0,1,0,0,0,1,0,0,0,12192.0,2,1,1,1,0,0,1,4,7.5,267.8,0,0,0,0,0,1
321300,36.828,0.0,0,0,1,0,41.489,0.739,1,1,1,0,14.453,0.0,0,0.0,0,0,0,1,0,0,0,1,0,0,0,12192.0,2,1,1,1,0,0,1,4,7.3,268.5,0,0,0,0,0,1
321400,36.828,0.0,0,0,1,0,41.556,0.674,1,1,1,0,14.453,0.0,0,0.0,0,0,0,1,0,0,0,1,0,0,0,12192.0,2,1,1,1,0,0,1,4,7.0,268.9,0,0,0,0,0,1
321500,36.828,0.0,0,0,1,0,41.617,0.609,1,1,1,0,14.453,0.0,0,0.0,0,0,0,1,0,0,0,1,0,0,0,12192.0,2,1,1,1,0,0,1,4,7.3,267.5,0,0,0,0,0,1
321600,36.828,0.0,0,0,1,0,41.671,0.543,1,1,1,0,14.453,0.0,0,0.0,0,0,0,1,0,0,0,1,0,0,0,12192.0,2,1,1,1,0,0,1,4,7.4,267.0,0,0,0,0,0,1
321700,36.828,0.0,0,0,1,0,41.719,0.477,1,1,1,0,14.453,0.0,0,0.0,0,0,0,1,0,0,0,1,0,0,0,12192.0,2,1,1,1,0,0,1,4,7.4,271.0,0,0,0,0,0,1
321800,36.828,0.0,0,0,1,0,41.76,0.41,1,1,1,0,14.453,0.0,0,0.0,0,0,0,1,0,0,0,1,0,0,0,12192.0,2,1,1,1,0,0,1,4,6.5,269.9,0,0,0,0,0,1
321900,36.828,0.0,0,0,1,0,41.794,0.343,1,1,1,0,14.453,0.0,0,0.0,0,0,0,1,0,0,0,1,0,0,0,12192.0,2,1,1,1,0,0,1,4,7.8,269.0,0,0,0,0,0,1
322000,36.828,0.0,0,0,1,0,41.822,0.274,1,1,1,0,14.453,0.0,0,0.0,0,0,0,1,0,0,0,1,0,0,0,12192.0,2,1,1,1,0,0,1,4,7.5,274.2,0,0,0,0,0,1
322100,36.828,0.0,0,0,1,0,41.842,0.202,1,1,1,0,14.453,0.0,0,0.0,0,0,0,1,0,0,0,1,0,0,0,12192.0,2,1,1,1,0,0,1,4,7.8,270.0,0,0,0,0,0,1
322200,36.828,0.0,0,0,1,0,41.855,0.126,1,1,1,0,14.453,0.0,0,0.0,0,0,0,1,0,0,0,1,0,0,0,12192.0,2,1,1,1,0,0,1,4,7.6,266.7,0,0,0,0,0,1
322300,36.828,0.0,0,0,0,0,41.861,0.0,0,0,0,0,14.453,0.0,0,0.0,0,0,0,0,0,0,0,1,0,0,0,12192.0,2,1,1,0,1,0,1,4,7.5,269.5,0,0,0,0,0,1
322400,36.828,0.0,0,0,1,0,41.861,0.0,0,0,1,0,14.448,-0.046,0,0.0,0,0,1,1,0,0,0,1,0,0,0,12192.0,2,1,1,1,0,0,1,4,7.9,270.5,0,0,0,0,0,1
322500,36.828,0.0,0,0,1,0,41.861,0.0,0,0,1,0,14.439,-0.093,0,0.0,0,0,1,1,0,0,0,1,0,0,0,12192.0,2,1,1,1,0,0,1,4,7.6,274.3,0,0,0,0,0,1
322600,36.828,0.0,0,0,1,0,41.861,0.0,0,0,1,0,14.425,-0.139,0,0.0,0,0,1,1,0,0,0,1,0,0,0,12192.0,2,1,1,1,0,0,1,4,7.9,271.2,0,0,0,0,0,1
322700,36.828,0.0,0,0,1,0,41.861,0.0,0,0,1,0,14.406,-0.186,0,0.0,0,0,1,1,0,0,0,1,0,0,0,12192.0,2,1,1,1,0,0,1,4,7.4,271.5,0,0,0,0,0,1
322800,36.828,0.0,0,0,1,0,41.861,0.0,0,0,1,0,14.383,-0.232,0,0.0,0,0,1,1,0,0,0,1,0,0,0,12192.0,2,1,1,1,0,0,1,4,8.4,270.9,0,0,0,0,0,1
322900,36.828,0.0,0,0,1,0,41.861,0.0,0,0,1,0,14.355,-0.278,0,0.0,0,0,1,1,0,0,0,1,0,0,0,12192.0,2,1,1,1,0,0,1,4,7.9,270.4,0,0,0,0,0,1
323000,36.828,0.0,0,0,1,0,41.861,0.0,0,0,1,0,14.323,-0.325,0,0.0,0,0,1,1,0,0,0,1,0,0,0,12192.0,2,1,1,1,0,0,1,4,7.8,273.4,0,0,0,0,0,1
323100,36.828,0.0,0,0,1,0,41.861,0.0,0,0,1,0,14.286,-0.371,0,0.0,0,0,1,1,0,0,0,1,0,0,0,12192.0,2,1,1,1,0,0,1,4,7.5,268.1,0,0,0,0,0,1
323200,36.828,0.0,0,0,1,0,41.861,0.0,0,0,1,0,14.244,-0.417,0,0.0,0,0,1,1,0,0,0,1,0,0,0,12192.0,2,1,1,1,0,0,1,4,7.6,267.2,0,0,0,0,0,1
323300,36.828,0.0,0,0,1,0,41.861,0.0,0,0,1,0,14.198,-0.464,0,0.0,0,0,1,1,0,0,0,1,0,0,0,12192.0,2,1,1,1,0,0,1,4,7.9,271.3,0,0,0,0,0,1
323400,36.828,0.0,0,0,1,0,41.861,0.0,0,0,1,0,14.147,-0.51,0,0.0,0,0,1,1,0,0,0,1,0,0,0,12192.0,2,1,1,1,0,0,1,4,7.3,271.2,0,0,0,0,0,1
323500,36.828,0.0,0,0,1,0,41.861,0.0,0,0,1,0,14.091,-0.557,0,0.0,0,0,1,1,0,0,0,1,0,0,0,12192.0,2,1,1,1,0,0,1,4,7.9,270.7,0,0,0,0,0,1
323600,36.828,0.0,0,0,1,0,41.861,0.0,0,0,1,0,14.031,-0.603,0,0.0,0,0,1,1,0,0,0,1,0,0,0,12192.0,2,1,1,1,0,0,1,4,7.4,271.6,0,0,0,0,0,1
323700,36.828,0.0,0,0,1,0,41.861,0.0,0,0,1,0,13.966,-0.649,0,0.0,0,0,1,1,0,0,0,1,0,0,0,12192.0,2,1,1,1,0,0,1,4,8.6,266.3,0,0,0,0,0,1
323800,36.828,0.0,0,0,1,0,41.861,0.0,0,0,1,0,13.896,-0.696,0,0.0,0,0,1,1,0,0,0,1,0,0,0,12192.0,2,1,1,1,0,0,1,4,8.3,268.1,0,0,0,0,0,1
323900,36.828,0.0,0,0,1,0,41.861,0.0,0,0,1,0,13.822,-0.742,0,0.0,0,0,1,1,0,0,0,1,0,0,0,12192.0,2,1,1,1,0,0,1,4,8.5,267.4,0,0,0,0,0,1
324000,36.828,0.0,0,0,1,0,41.861,0.0,0,0,1,0,13.743,-0.788,0,0.0,0,0,1,1,0,0,0,1,0,0,0,12192.0,2,1,1,1,0,0,1,4,7.8,271.9,0,0,0,0,0,1
324100,36.828,0.0,0,0,1,0,41.861,0.0,0,0,1,0,13.66,-0.835,0,0.0,0,0,1,1,0,0,0,1,0,0,0,12192.0,2,1,1,1,0,0,1,4,8.3,269.1,0,0,0,0,0,1
324200,36.828,0.0,0,0,1,0,41.861,0.0,0,0,1,0,13.571,-0.881,0,0.0,0,0,1,1,0,0,0,1,0,0,0,12192.0,2,1,1,1,0,0,1,4,8.2,270.1,0,0,0,0,0,1
324300,36.828,0.0,0,0,1,0,41.861,0.0,0,0,1,0,13.479,-0.928,0,0.0,0,0,1,1,0,0,0,1,0,0,0,12192.0,2,1,1,1,0,0,1,4,8.5,269.6,0,0,0,0,0,1
324400,36.828,0.0,0,0,1,0,41.861,0.0,0,0,1,0,13.381,-0.974,0,0.0,0,0,1,1,0,0,0,1,0,0,0,12192.0,2,1,1,1,0,0,1,4,7.9,266.8,0,0,0,0,0,1
324500,36.828,0.0,0,0,1,0,41.861,0.0,0,0,1,0,13.279,-1.02,0,0.0,0,0,1,1,0,0,0,1,0,0,0,12192.0,2,1,1,1,0,0,1,4,9.0,270.3,0,0,0,0,0,1
324600,36.828,0.0,0,0,1,0,41.861,0.0,0,0,1,0,13.173,-1.067,0,0.0,0,0,1,1,0,0,0,1,0,0,0,12192.0,2,1,1,1,0,0,1,4,8.4,274.2,0,0,0,0,0,1
324700,36.828,0.0,0,0,1,0,41.861,0.0,0,0,1,0,13.061,-1.113,0,0.0,0,0,1,1,0,0,0,1,0,0,0,12192.0,2,1,1,1,0,0,1,4,8.7,273.1,0,0,0,0,0,1
324800,36.828,0.0,0,0,1,0,41.861,0.0,0,0,1,0,12.945,-1.159,0,0.0,0,0,1,1,0,0,0,1,0,0,0,12192.0,2,1,1,1,0,0,1,4,8.6,268.7,0,0,0,0,0,1
324900,36.828,0.0,0,0,1,0,41.861,0.0,0,0,1,0,12.828,-1.168,0,0.0,0,0,1,1,0,0,0,1,0,0,0,12192.0,2,1,1,1,0,0,1,4,7.2,273.0,0,0,0,0,0,1
325000,36.828,0.0,0,0,1,0,41.861,0.0,0,0,1,0,12.712,-1.168,0,0.0,0,0,1,1,0,0,0,1,0,0,0,12192.0,2,1,1,1,0,0,1,4,9.4,271.9,0,0,0,0,0,1
325100,36.828,0.0,0,0,1,0,41.861,0.0,0,0,1,0,12.595,-1.168,0,0.0,0,0,1,1,0,0,0,1,0,0,0,12192.0,2,1,1,1,0,0,1,4,9.0,272.1,0,0,0,0,0,1
325200,36.828,0.0,0,0,1,0,41.861,0.0,0,0,1,0,12.478,-1.168,0,0.0,0,0,1,1,0,0,0,1,0,0,0,12192.0,2,1,1,1,0,0,1,4,8.4,266.9,0,0,0,0,0,1
325300,36.828,0.0,0,0,1,0,41.861,0.0,0,0,1,0,12.361,-1.168,0,0.0,0,0,1,1,0,0,0,1,0,0,0,12192.0,2,1,1,1,0,0,1,4,8.6,270.2,0,0,0,0,0,1
325400,36.828,0.0,0,0,1,0,41.861,0.0,0,0,1,0,12.244,-1.168,0,0.0,0,0,1,1,0,0,0,1,0,0,0,12192.0,2,1,1,1,0,0,1,4,7.9,271.4,0,0,0,0,0,1
325500,36.828,0.0,0,0,1,0,41.861,0.0,0,0,1,0,12.127,-1.168,0,0.0,0,0,1,1,0,0,0,1,0,0,0,12192.0,2,1,1,1,0,0,1,4,8.4,267.6,0,0,0,0,0,1
325600,36.828,0.0,0,0,1,0,41.861,0.0,0,0,1,0,12.011,-1.168,0,0.0,0,0,1,1,0,0,0,1,0,0,0,12192.0,2,1,1,1,0,0,1,4,8.9,270.0,0,0,0,0,0,1
325700,36.828,0.0,0,0,1,0,41.861,0.0,0,0,1,0,11.894,-1.168,0,0.0,0,0,1,1,0,0,0,1,0,0,0,12192.0,2,1,1,1,0,0,1,4,8.5,271.8,0,0,0,0,0,1
325800,36.828,0.0,0,0,1,0,41.861,0.0,0,0,1,0,11.777,-1.168,0,0.0,0,0,1,1,0,0,0,1,0,0,0,12192.0,2,1,1,1,0,0,1,4,8.4,270.1,0,0,0,0,0,1
325900,36.828,0.0,0,0,1,0,41.861,0.0,0,0,1,0,11.66,-1.168,0,0.0,0,0,1,1,0,0,0,1,0,0,0,12192.0,2,1,1,1,0,0,1,4,9.1,269.3,0,0,0,0,0,1
326000,36.828,0.0,0,0,1,0,41.861,0.0,0,0,1,0,11.543,-1.168,0,0.0,0,0,1,1,0,0,0,1,0,0,0,12192.0,2,1,1,1,0,0,1,4,8.3,273.4,0,0,0,0,0,1
326100,36.828,0.0,0,0,1,0,41.861,0.0,0,0,1,0,11.426,-1.168,0,0.0,0,0,1,1,0,0,0,1,0,0,0,12192.0,2,1,1,1,0,0,1,4,9.1,268.9,0,0,0,0,0,1
326200,36.828,0.0,0,0,1,0,41.861,0.0,0,0,1,0,11.31,-1.168,0,0.0,0,0,1,1,0,0,0,1,0,0,0,12192.0,2,1,1,1,0,0,1,4,8.6,264.7,0,0,0,0,0,1
326300,36.828,0.0,0,0,1,0,41.861,0.0,0,0,1,0,11.193,-1.168,0,0.0,0,0,1,1,0,0,0,1,0,0,0,12192.0,2,1,1,1,0,0,1,4,7.5,272.3,0,0,0,0,0,1
326400,36.828,0.0,0,0,1,0,41.861,0.0,0,0,1,0,11.076,-1.168,0,0.0,0,0,1,1,0,0,0,1,0,0,0,12192.0,2,1,1,1,0,0,1,4,7.7,264.3,0,0,0,0,0,1
326500,36.828,0.0,0,0,1,0,41.861,0.0,0,0,1,0,10.959,-1.168,0,0.0,0,0,1,1,0,0,0,1,0,0,0,12192.0,2,1,1,1,0,0,1,4,9.3,270.5,0,0,0,0,0,1
326600,36.828,0.0,0,0,1,0,41.861,0.0,0,0,1,0,10.842,-1.168,0,0.0,0,0,1,1,0,0,0,1,0,0,0,12192.0,2,1,1,1,0,0,1,4,8.6,269.0,0,0,0,0,0,1
326700,36.828,0.0,0,0,1,0,41.861,0.0,0,0,1,0,10.725,-1.168,0,0.0,0,0,1,1,0,0,0,1,0,0,0,12192.0,2,1,1,1,0,0,1,4,8.6,271.7,0,0,0,0,0,1
326800,36.828,0.0,0,0,1,0,41.861,0.0,0,0,1,0,10.609,-1.168,0,0.0,0,0,1,1,0,0,0,1,0,0,0,12192.0,2,1,1,1,0,0,1,4,8.1,267.9,0,0,0,0,0,1
326900,36.828,0.0,0,0,1,0,41.861,0.0,0,0,1,0,10.492,-1.168,0,0.0,0,0,1,1,0,0,0,1,0,0,0,12192.0,2,1,1,1,0,0,1,4,9.0,267.4,0,0,0,0,0,1
327000,36.828,0.0,0,0,1,0,41.861,0.0,0,0,1,0,10.375,-1.168,0,0.0,0,0,1,1,0,0,0,1,0,0,0,12192.0,2,1,1,1,0,0,1,4,8.2,267.0,0,0,0,0,0,1
327100,36.828,0.0,0,0,1,0,41.861,0.0,0,0,1,0,10.258,-1.168,0,0.0,0,0,1,1,0,0,0,1,0,0,0,12192.0,2,1,1,1,0,0,1,4,7.6,268.7,0,0,0,0,0,1
327200,36.828,0.0,0,0,1,0,41.861,0.0,0,0,1,0,10.146,-1.122,0,0.0,0,0,1,1,0,0,0,1,0,0,0,12192.0,2,1,1,1,0,0,1,4,8.3,271.0,0,0,0,0,0,1
327300,36.828,0.0,0,0,1,0,41.861,0.0,0,0,1,0,10.038,-1.076,0,0.0,0,0,1,1,0,0,0,1,0,0,0,12192.0,2,1,1,1,0,0,1,4,8.0,268.4,0,0,0,0,0,1
327400,36.828,0.0,0,0,1,0,41.861,0.0,0,0,1,0,9.935,-1.029,0,0.0,0,0,1,1,0,0,0,1,0,0,0,12192.0,2,1,1,1,0,0,1,4,8.6,269.1,0,0,0,0,0,1
327500,36.828,0.0,0,0,1,0,41.861,0.0,0,0,1,0,9.837,-0.983,0,0.0,0,0,1,1,0,0,0,1,0,0,0,12192.0,2,1,1,1,0,0,1,4,8.1,270.5,0,0,0,0,0,1
327600,36.828,0.0,0,0,1,0,41.861,0.0,0,0,1,0,9.744,-0.936,0,0.0,0,0,1,1,0,0,0,1,0,0,0,12192.0,2,1,1,1,0,0,1,4,8.2,271.7,0,0,0,0,0,1
327700,36.828,0.0,0,0,1,0,41.861,0.0,0,0,1,0,9.655,-0.888,0,0.0,0,0,1,1,0,0,0,1,0,0,0,12192.0,2,1,1,1,0,0,1,4,7.3,272.3,0,0,0,0,0,1
327800,36.828,0.0,0,0,1,0,41.861,0.0,0,0,1,0,9.571,-0.84,0,0.0,0,0,1,1,0,0,0,1,0,0,0,12192.0,2,1,1,1,0,0,1,4,8.1,269.9,0,0,0,0,0,1
327900,36.828,0.0,0,0,1,0,41.861,0.0,0,0,1,0,9.492,-0.793,0,0.0,0,0,1,1,0,0,0,1,0,0,0,12192.0,2,1,1,1,0,0,1,4,7.8,271.0,0,0,0,0,0,1
328000,36.828,0.0,0,0,1,0,41.861,0.0,0,0,1,0,9.417,-0.745,0,0.0,0,0,1,1,0,0,0,1,0,0,0,12192.0,2,1,1,1,0,0,1,4,8.2,270.2,0,0,0,0,0,1
328100,36.828,0.0,0,0,1,0,41.861,0.0,0,0,1,0,9.347,-0.697,0,0.0,0,0,1,1,0,0,0,1,0,0,0,12192.0,2,1,1,1,0,0,1,4,7.9,266.4,0,0,0,0,0,1
328200,36.828,0.0,0,0,1,0,41.861,0.0,0,0,1,0,9.282,-0.649,0,0.0,0,0,1,1,0,0,0,1,0,0,0,12192.0,2,1,1,1,0,0,1,4,7.9,270.8,0,0,0,0,0,1
328300,36.828,0.0,0,0,1,0,41.861,0.0,0,0,1,0,9.222,-0.601,0,0.0,0,0,1,1,0,0,0,1,0,0,0,12192.0,2,1,1,1,0,0,1,4,8.4,266.5,0,0,0,0,0,1
328400,36.828,0.0,0,0,1,0,41.861,0.0,0,0,1,0,9.167,-0.552,0,0.0,0,0,1,1,0,0,0,1,0,0,0,12192.0,2,1,1,1,0,0,1,4,8.3,267.0,0,0,0,0,0,1
328500,36.828,0.0,0,0,1,0,41.861,0.0,0,0,1,0,9.117,-0.504,0,0.0,0,0,1,1,0,0,0,1,0,0,0,12192.0,2,1,1,1,0,0,1,4,8.0,273.0,0,0,0,0,0,1
328600,36.828,0.0,0,0,1,0,41.861,0.0,0,0,1,0,9.071,-0.455,0,0.0,0,0,1,1,0,0,0,1,0,0,0,12192.0,2,1,1,1,0,0,1,4,8.2,268.8,0,0,0,0,0,1
328700,36.828,0.0,0,0,1,0,41.861,0.0,0,0,1,0,9.031,-0.406,0,0.0,0,0,1,1,0,0,0,1,0,0,0,12192.0,2,1,1,1,0,0,1,4,8.0,270.7,0,0,0,0,0,1
328800,36.828,0.0,0,0,1,0,41.861,0.0,0,0,1,0,8.995,-0.357,0,0.0,0,0,1,1,0,0,0,1,0,0,0,12192.0,2,1,1,1,0,0,1,4,7.4,267.6,0,0,0,0,0,1
328900,36.828,0.0,0,0,1,0,41.861,0.0,0,0,1,0,8.964,-0.307,0,0.0,0,0,1,1,0,0,0,1,0,0,0,12192.0,2,1,1,1,0,0,1,4,9.0,274.0,0,0,0,0,0,1
329000,36.828,0.0,0,0,1,0,41.861,0.0,0,0,1,0,8.939,-0.256,0,0.0,0,0,1,1,0,0,0,1,0,0,0,12192.0,2,1,1,1,0,0,1,4,6.8,272.3,0,0,0,0,0,1
329100,36.828,0.0,0,0,1,0,41.861,0.0,0,0,1,0,8.918,-0.205,0,0.0,0,0,1,1,0,0,0,1,0,0,0,12192.0,2,1,1,1,0,0,1,4,7.9,266.9,0,0,0,0,0,1
329200,36.828,0.0,0,0,1,0,41.861,0.0,0,0,1,0,8.903,-0.151,0,0.0,0,0,1,1,0,0,0,1,0,0,0,12192.0,2,1,1,1,0,0,1,4,7.1,266.8,0,0,0,0,0,1
329300,36.828,0.0,0,0,1,0,41.861,0.0,0,0,1,0,8.894,-0.094,0,0.0,0,0,1,1,0,0,0,1,0,0,0,12192.0,2,1,1,1,0,0,1,4,8.2,272.4,0,0,0,0,0,1
329400,36.828,0.0,0,0,0,0,41.861,0.0,0,0,0,0,8.889,0.0,0,0.0,0,0,0,0,0,0,0,1,0,0,0,12192.0,2,1,1,0,1,0,1,4,7.7,268.1,0,0,0,0,0,1
329500,36.828,0.0,0,0,0,0,41.861,0.0,0,0,0,0,8.889,0.0,0,0.0,0,0,0,0,0,0,0,1,1,1,0,12192.0,2,1,1,0,1,0,1,4,7.6,273.4,0,0,0,0,0,1
329600,36.828,0.0,0,0,0,0,41.861,0.0,0,0,0,0,8.889,0.0,0,0.0,0,0,0,0,0,0,0,1,1,1,0,12192.0,2,1,1,0,1,0,1,4,6.8,270.4,0,0,0,0,0,1
329700,36.828,0.0,0,0,0,0,41.861,0.0,0,0,0,0,8.889,0.0,0,0.0,0,0,0,0,0,0,0,1,1,1,0,12192.0,2,1,1,0,1,0,1,4,7.4,267.0,0,0,0,0,0,1
329800,36.828,0.0,0,0,0,0,41.861,0.0,0,0,0,0,8.889,0.0,0,0.0,0,0,0,0,0,0,0,1,1,1,0,12192.0,2,1,1,0,1,0,1,4,7.6,265.2,0,0,0,0,0,1
329900,36.828,0.0,0,0,0,0,41.861,0.0,0,0,0,0,8.889,0.0,0,0.0,0,0,0,0,0,0,0,1,1,1,0,12192.0,2,1,1,0,1,0,1,4,7.7,267.5,0,0,0,0,0,1
330000,36.828,0.0,0,0,0,0,41.861,0.0,0,0,0,0,8.889,0.0,0,0.0,0,0,0,0,0,0,0,1,1,1,0,12192.0,2,1,1,0,1,0,1,4,7.7,268.6,0,0,0,0,0,1
330100,36.828,0.0,0,0,0,0,41.861,0.0,0,0,0,0,8.889,0.0,0,0.0,0,0,0,0,0,0,0,1,1,1,0,12192.0,2,1,1,0,1,0,1,4,7.4,269.7,0,0,0,0,0,1
330200,36.828,0.0,0,0,0,0,41.861,0.0,0,0,0,0,8.889,0.0,0,0.0,0,0,0,0,0,0,0,1,1,1,0,12192.0,2,1,1,0,1,0,1,4,7.4,269.7,0,0,0,0,0,1
330300,36.828,0.0,0,0,0,0,41.861,0.0,0,0,0,0,8.889,0.0,0,0.0,0,0,0,0,0,0,0,1,1,1,0,12192.0,2,1,1,0,1,0,1,4,6.8,265.8,0,0,0,0,0,1
330400,36.828,0.0,0,0,0,0,41.861,0.0,0,0,0,0,8.889,0.0,0,32.01,0,0,0,0,0,0,1,0,1,1,0,12192.0,2,1,1,0,1,0,1,4,8.0,264.3,0,0,0,0,0,1
330500,36.828,0.0,0,0,0,0,41.861,0.0,0,0,0,0,8.889,0.0,0,32.05,0,0,0,0,0,0,1,0,1,1,0,12192.0,2,1,1,0,1,0,1,4,7.5,271.8,0,0,0,0,0,1
330600,36.828,0.0,0,0,0,0,41.861,0.0,0,0,0,0,8.889,0.0,0,32.02,0,0,0,0,0,0,1,0,1,1,0,12192.0,2,1,1,0,1,0,1,4,6.6,271.8,0,0,0,0,0,1
330700,36.828,0.0,0,0,0,0,41.861,0.0,0,0,0,0,8.889,0.0,0,32.01,0,0,0,0,0,0,1,0,1,1,0,12192.0,2,1,1,0,1,0,1,4,6.8,268.0,0,0,0,0,0,1
330800,36.828,0.0,0,0,0,0,41.861,0.0,0,0,0,0,8.889,0.0,0,31.74,0,0,0,0,0,0,1,0,1,1,0,12192.0,2,1,1,0,1,0,1,4,7.1,272.6,0,0,0,0,0,1
330900,36.828,0.0,0,0,0,0,41.861,0.0,0,0,0,0,8.889,0.0,0,32.09,0,0,0,0,0,0,1,0,1,1,0,12192.0,2,1,1,0,1,0,1,4,7.2,271.8,0,0,0,0,0,1
331000,36.828,0.0,0,0,0,0,41.861,0.0,0,0,0,0,8.889,0.0,0,32.13,0,0,0,0,0,0,1,0,1,1,0,12192.0,2,1,1,0,1,0,1,4,7.4,266.2,0,0,0,0,0,1
331100,36.828,0.0,0,0,0,0,41.861,0.0,0,0,0,0,8.889,0.0,0,31.94,0,0,0,0,0,0,1,0,1,1,0,12192.0,2,1,1,0,1,0,1,4,8.0,268.3,0,0,0,0,0,1
331200,36.828,0.0,0,0,0,0,41.861,0.0,0,0,0,0,8.889,0.0,0,31.94,0,0,0,0,0,0,1,0,1,1,0,12192.0,2,1,1,0,1,0,1,4,8.3,269.9,0,0,0,0,0,1
331300,36.828,0.0,0,0,0,0,41.861,0.0,0,0,0,0,8.889,0.0,0,31.97,0,0,0,0,0,0,1,0,1,1,0,12192.0,2,1,1,0,1,0,1,4,7.9,269.6,0,0,0,0,0,1
331400,36.828,0.0,0,0,0,0,41.861,0.0,0,0,0,0,8.889,0.0,0,31.92,0,0,0,0,0,0,1,0,1,1,0,12192.0,2,1,1,0,1,0,1,4,7.3,272.0,0,0,0,0,0,1
331500,36.828,0.0,0,0,0,0,41.861,0.0,0,0,0,0,8.889,0.0,0,32.03,0,0,0,0,0,0,1,0,1,1,0,12192.0,2,1,1,0,1,0,1,4,8.3,269.9,0,0,0,0,0,1
331600,36.828,0.0,0,0,0,0,41.861,0.0,0,0,0,0,8.889,0.0,0,31.93,0,0,0,0,0,0,1,0,1,1,0,12192.0,2,1,1,0,1,0,1,4,8.1,269.5,0,0,0,0,0,1
331700,36.828,0.0,0,0,0,0,41.861,0.0,0,0,0,0,8.889,0.0,0,31.94,0,0,0,0,0,0,1,0,1,1,0,12192.0,2,1,1,0,1,0,1,4,7.2,269.0,0,0,0,0,0,1
331800,36.828,0.0,0,0,0,0,41.861,0.0,0,0,0,0,8.889,0.0,0,32.04,0,0,0,0,0,0,1,0,1,1,0,12192.0,2,1,1,0,1,0,1,4,7.7,270.8,0,0,0,0,0,1
331900,36.828,0.0,0,0,0,0,41.861,0.0,0,0,0,0,8.889,0.0,0,32.03,0,0,0,0,0,0,1,0,1,1,0,12192.0,2,1,1,0,1,0,1,4,7.4,268.9,0,0,0,0,0,1
332000,36.828,0.0,0,0,0,0,41.861,0.0,0,0,0,0,8.889,0.0,0,31.88,0,0,0,0,0,0,1,0,1,1,0,12192.0,2,1,1,0,1,0,1,4,8.1,272.5,0,0,0,0,0,1
332100,36.828,0.0,0,0,0,0,41.861,0.0,0,0,0,0,8.889,0.0,0,31.83,0,0,0,0,0,0,1,0,1,1,0,12192.0,2,1,1,0,1,0,1,4,7.4,268.9,0,0,0,0,0,1
332200,36.828,0.0,0,0,1,0,41.861,0.0,0,0,1,0,8.894,0.046,1,33.52,0,0,1,1,0,0,1,0,0,1,0,12192.0,2,1,1,1,0,0,1,4,8.1,269.7,0,0,0,0,0,1
332300,36.828,0.0,0,0,1,0,41.861,0.0,0,0,1,0,8.903,0.093,1,33.45,0,0,1,1,0,0,1,0,0,1,0,12192.0,2,1,1,1,0,0,1,4,8.6,271.9,0,0,0,0,0,1
332400,36.828,0.0,0,0,1,0,41.861,0.0,0,0,1,0,8.917,0.139,1,33.45,0,0,1,1,0,0,1,0,0,1,0,12192.0,2,1,1,1,0,0,1,4,8.0,268.6,0,0,0,0,0,1
332500,36.828,0.0,0,0,1,0,41.861,0.0,0,0,1,0,8.935,0.186,1,33.45,0,0,1,1,0,0,1,0,0,1,0,12192.0,2,1,1,1,0,0,1,4,7.5,262.3,0,0,0,0,0,1
332600,36.828,0.0,0,0,1,0,41.861,0.0,0,0,1,0,8.959,0.232,1,33.59,0,0,1,1,0,0,1,0,0,1,0,12192.0,2,1,1,1,0,0,1,4,8.7,266.6,0,0,0,0,0,1
332700,36.828,0.0,0,0,1,0,41.861,0.0,0,0,1,0,8.986,0.278,1,33.6,0,0,1,1,0,0,1,0,0,1,0,12192.0,2,1,1,1,0,0,1,4,8.1,268.9,0,0,0,0,0,1
332800,36.828,0.0,0,0,1,0,41.861,0.0,0,0,1,0,9.019,0.325,1,33.65,0,0,1,1,0,0,1,0,0,1,0,12192.0,2,1,1,1,0,0,1,4,7.9,271.8,0,0,0,0,0,1
332900,36.828,0.0,0,0,1,0,41.861,0.0,0,0,1,0,9.056,0.371,1,33.52,0,0,1,1,0,0,1,0,0,1,0,12192.0,2,1,1,1,0,0,1,4,8.0,270.1,0,0,0,0,0,1
333000,36.828,0.0,0,0,1,0,41.861,0.0,0,0,1,0,9.098,0.417,1,33.58,0,0,1,1,0,0,1,0,0,1,0,12192.0,2,1,1,1,0,0,1,4,8.6,271.3,0,0,0,0,0,1
333100,36.828,0.0,0,0,1,0,41.861,0.0,0,0,1,0,9.144,0.464,1,33.68,0,0,1,1,0,0,1,0,0,1,0,12192.0,2,1,1,1,0,0,1,4,8.4,276.3,0,0,0,0,0,1
333200,36.828,0.0,0,0,1,0,41.861,0.0,0,0,1,0,9.195,0.51,1,33.57,0,0,1,1,0,0,1,0,0,1,0,12192.0,2,1,1,1,0,0,1,4,8.6,270.7,0,0,0,0,0,1
333300,36.828,0.0,0,0,1,0,41.861,0.0,0,0,1,0,9.251,0.557,1,33.49,0,0,1,1,0,0,1,0,0,1,0,12192.0,2,1,1,1,0,0,1,4,9.7,267.7,0,0,0,0,0,1
333400,36.828,0.0,0,0,1,0,41.861,0.0,0,0,1,0,9.311,0.603,1,33.46,0,0,1,1,0,0,1,0,0,1,0,12192.0,2,1,1,1,0,0,1,4,8.2,271.2,0,0,0,0,0,1
333500,36.828,0.0,0,0,1,0,41.861,0.0,0,0,1,0,9.376,0.649,1,33.45,0,0,1,1,0,0,1,0,0,1,0,12192.0,2,1,1,1,0,0,1,4,8.6,274.7,0,0,0,0,0,1
333600,36.828,0.0,0,0,1,0,41.861,0.0,0,0,1,0,9.445,0.696,1,33.44,0,0,1,1,0,0,1,0,0,1,0,12192.0,2,1,1,1,0,0,1,4,8.9,267.8,0,0,0,0,0,1
333700,36.828,0.0,0,0,1,0,41.861,0.0,0,0,1,0,9.52,0.742,1,33.49,0,0,1,1,0,0,1,0,0,1,0,12192.0,2,1,1,1,0,0,1,4,8.3,269.7,0,0,0,0,0,1
333800,36.828,0.0,0,0,1,0,41.861,0.0,0,0,1,0,9.599,0.788,1,33.43,0,0,1,1,0,0,1,0,0,1,0,12192.0,2,1,1,1,0,0,1,4,8.3,269.1,0,0,0,0,0,1
333900,36.828,0.0,0,0,1,0,41.861,0.0,0,0,1,0,9.682,0.835,1,33.33,0,0,1,1,0,0,1,0,0,1,0,12192.0,2,1,1,1,0,0,1,4,8.2,274.6,0,0,0,0,0,1
334000,36.828,0.0,0,0,1,0,41.861,0.0,0,0,1,0,9.77,0.881,1,33.36,0,0,1,1,0,0,1,0,0,1,0,12192.0,2,1,1,1,0,0,1,4,8.6,263.7,0,0,0,0,0,1
334100,36.828,0.0,0,0,1,0,41.861,0.0,0,0,1,0,9.863,0.928,1,33.55,0,0,1,1,0,0,1,0,0,1,0,12192.0,2,1,1,1,0,0,1,4,8.4,269.7,0,0,0,0,0,1
334200,36.828,0.0,0,0,1,0,41.861,0.0,0,0,1,0,9.96,0.974,1,33.31,0,0,1,1,0,0,1,0,0,1,0,12192.0,2,1,1,1,0,0,1,4,9.3,269.9,0,0,0,0,0,1
334300,36.828,0.0,0,0,1,0,41.861,0.0,0,0,1,0,10.062,1.02,1,33.4,0,0,1,1,0,0,1,0,0,1,0,12192.0,2,1,1,1,0,0,1,4,8.2,271.8,0,0,0,0,0,1
334400,36.828,0.0,0,0,1,0,41.861,0.0,0,0,1,0,10.169,1.067,1,33.49,0,0,1,1,0,0,1,0,0,1,0,12192.0,2,1,1,1,0,0,1,4,8.9,268.2,0,0,0,0,0,1
334500,36.828,0.0,0,0,1,0,41.861,0.0,0,0,1,0,10.28,1.113,1,33.69,0,0,1,1,0,0,1,0,0,1,0,12192.0,2,1,1,1,0,0,1,4,8.8,268.4,0,0,0,0,0,1
334600,36.828,0.0,0,0,1,0,41.861,0.0,0,0,1,0,10.396,1.159,1,33.56,0,0,1,1,0,0,1,0,0,1,0,12192.0,2,1,1,1,0,0,1,4,8.9,268.4,0,0,0,0,0,1
334700,36.828,0.0,0,0,1,0,41.861,0.0,0,0,1,0,10.513,1.168,1,33.61,0,0,1,1,0,0,1,0,0,1,0,12192.0,2,1,1,1,0,0,1,4,8.6,271.3,0,0,0,0,0,1
334800,36.828,0.0,0,0,1,0,41.861,0.0,0,0,1,0,10.63,1.168,1,33.67,0,0,1,1,0,0,1,0,0,1,0,12192.0,2,1,1,1,0,0,1,4,8.4,271.8,0,0,0,0,0,1
334900,36.828,0.0,0,0,1,0,41.861,0.0,0,0,1,0,10.747,1.168,1,33.25,0,0,1,1,0,0,1,0,0,1,0,12192.0,2,1,1,1,0,0,1,4,8.6,274.4,0,0,0,0,0,1
335000,36.828,0.0,0,0,1,0,41.861,0.0,0,0,1,0,10.864,1.168,1,33.35,0,0,1,1,0,0,1,0,0,1,0,12192.0,2,1,1,1,0,0,1,4,8.1,269.2,0,0,0,0,0,1
335100,36.828,0.0,0,0,1,0,41.861,0.0,0,0,1,0,10.98,1.168,1,33.27,0,0,1,1,0,0,1,0,0,1,0,12192.0,2,1,1,1,0,0,1,4,8.7,272.6,0,0,0,0,0,1
335200,36.828,0.0,0,0,1,0,41.861,0.0,0,0,1,0,11.097,1.168,1,33.58,0,0,1,1,0,0,1,0,0,1,0,12192.0,2,1,1,1,0,0,1,4,8.3,273.8,0,0,0,0,0,1
335300,36.828,0.0,0,0,1,0,41.861,0.0,0,0,1,0,11.214,1.168,1,33.46,0,0,1,1,0,0,1,0,0,1,0,12192.0,2,1,1,1,0,0,1,4,8.0,267.9,0,0,0,0,0,1
335400,36.828,0.0,0,0,1,0,41.861,0.0,0,0,1,0,11.331,1.168,1,33.65,0,0,1,1,0,0,1,0,0,1,0,12192.0,2,1,1,1,0,0,1,4,8.8,268.2,0,0,0,0,0,1
335500,36.828,0.0,0,0,1,0,41.861,0.0,0,0,1,0,11.448,1.168,1,33.71,0,0,1,1,0,0,1,0,0,1,0,12192.0,2,1,1,1,0,0,1,4,8.8,274.2,0,0,0,0,0,1
335600,36.828,0.0,0,0,1,0,41.861,0.0,0,0,1,0,11.565,1.168,1,33.59,0,0,1,1,0,0,1,0,0,1,0,12192.0,2,1,1,1,0,0,1,4,8.4,272.4,0,0,0,0,0,1
335700,36.828,0.0,0,0,1,0,41.861,0.0,0,0,1,0,11.681,1.168,1,33.59,0,0,1,1,0,0,1,0,0,1,0,12192.0,2,1,1,1,0,0,1,4,8.6,268.7,0,0,0,0,0,1
335800,36.828,0.0,0,0,1,0,41.861,0.0,0,0,1,0,11.798,1.168,1,33.32,0,0,1,1,0,0,1,0,0,1,0,12192.0,2,1,1,1,0,0,1,4,7.8,272.5,0,0,0,0,0,1
335900,36.828,0.0,0,0,1,0,41.861,0.0,0,0,1,0,11.915,1.168,1,33.46,0,0,1,1,0,0,1,0,0,1,0,12192.0,2,1,1,1,0,0,1,4,8.4,270.9,0,0,0,0,0,1
336000,36.828,0.0,0,0,1,0,41.861,0.0,0,0,1,0,12.032,1.168,1,33.22,0,0,1,1,0,0,1,0,0,1,0,12192.0,2,1,1,1,0,0,1,4,8.1,269.6,0,0,0,0,0,1
336100,36.828,0.0,0,0,1,0,41.861,0.0,0,0,1,0,12.149,1.168,1,33.69,0,0,1,1,0,0,1,0,0,1,0,12192.0,2,1,1,1,0,0,1,4,8.0,268.2,0,0,0,0,0,1
336200,36.828,0.0,0,0,1,0,41.861,0.0,0,0,1,0,12.266,1.168,1,33.49,0,0,1,1,0,0,1,0,0,1,0,12192.0,2,1,1,1,0,0,1,4,9.0,268.8,0,0,0,0,0,1
336300,36.828,0.0,0,0,1,0,41.861,0.0,0,0,1,0,12.382,1.168,1,33.53,0,0,1,1,0,0,1,0,0,1,0,12192.0,2,1,1,1,0,0,1,4,7.9,272.2,0,0,0,0,0,1
336400,36.828,0.0,0,0,1,0,41.861,0.0,0,0,1,0,12.499,1.168,1,33.5,0,0,1,1,0,0,1,0,0,1,0,12192.0,2,1,1,1,0,0,1,4,8.5,268.4,0,0,0,0,0,1
336500,36.828,0.0,0,0,1,0,41.861,0.0,0,0,1,0,12.616,1.168,1,33.49,0,0,1,1,0,0,1,0,0,1,0,12192.0,2,1,1,1,0,0,1,4,7.9,268.7,0,0,0,0,0,1
336600,36.828,0.0,0,0,1,0,41.861,0.0,0,0,1,0,12.733,1.168,1,33.44,0,0,1,1,0,0,1,0,0,1,0,12192.0,2,1,1,1,0,0,1,4,8.4,267.0,0,0,0,0,0,1
336700,36.828,0.0,0,0,1,0,41.861,0.0,0,0,1,0,12.85,1.168,1,33.46,0,0,1,1,0,0,1,0,0,1,0,12192.0,2,1,1,1,0,0,1,4,7.6,269.4,0,0,0,0,0,1
336800,36.828,0.0,0,0,1,0,41.861,0.0,0,0,1,0,12.967,1.168,1,33.68,0,0,1,1,0,0,1,0,0,1,0,12192.0,2,1,1,1,0,0,1,4,8.2,268.2,0,0,0,0,0,1
336900,36.828,0.0,0,0,1,0,41.861,0.0,0,0,1,0,13.083,1.168,1,33.51,0,0,1,1,0,0,1,0,0,1,0,12192.0,2,1,1,1,0,0,1,4,7.4,273.4,0,0,0,0,0,1
337000,36.828,0.0,0,0,1,0,41.861,0.0,0,0,1,0,13.196,1.122,1,30.46,0,0,1,1,0,0,1,0,0,1,0,12192.0,2,1,1,1,0,0,1,4,8.8,269.9,0,0,0,0,0,1
337100,36.828,0.0,0,0,1,0,41.861,0.0,0,0,1,0,13.303,1.076,1,30.69,0,0,1,1,0,0,1,0,0,1,0,12192.0,2,1,1,1,0,0,1,4,8.1,271.8,0,0,0,0,0,1
337200,36.828,0.0,0,0,1,0,41.861,0.0,0,0,1,0,13.406,1.029,1,30.55,0,0,1,1,0,0,1,0,0,1,0,12192.0,2,1,1,1,0,0,1,4,8.3,267.3,0,0,0,0,0,1
337300,36.828,0.0,0,0,1,0,41.861,0.0,0,0,1,0,13.504,0.983,1,30.57,0,0,1,1,0,0,1,0,0,1,0,12192.0,2,1,1,1,0,0,1,4,8.6,267.1,0,0,0,0,0,1
337400,36.828,0.0,0,0,1,0,41.861,0.0,0,0,1,0,13.598,0.936,1,30.41,0,0,1,1,0,0,1,0,0,1,0,12192.0,2,1,1,1,0,0,1,4,7.4,269.2,0,0,0,0,0,1
337500,36.828,0.0,0,0,1,0,41.861,0.0,0,0,1,0,13.687,0.89,1,30.54,0,0,1,1,0,0,1,0,0,1,0,12192.0,2,1,1,1,0,0,1,4,7.4,265.5,0,0,0,0,0,1
337600,36.828,0.0,0,0,1,0,41.861,0.0,0,0,1,0,13.771,0.844,1,30.45,0,0,1,1,0,0,1,0,0,1,0,12192.0,2,1,1,1,0,0,1,4,8.0,273.5,0,0,0,0,0,1
337700,36.828,0.0,0,0,1,0,41.861,0.0,0,0,1,0,13.851,0.797,1,30.42,0,0,1,1,0,0,1,0,0,1,0,12192.0,2,1,1,1,0,0,1,4,6.9,271.7,0,0,0,0,0,1
337800,36.828,0.0,0,0,1,0,41.861,0.0,0,0,1,0,13.926,0.751,1,30.34,0,0,1,1,0,0,1,0,0,1,0,12192.0,2,1,1,1,0,0,1,4,7.6,271.5,0,0,0,0,0,1
337900,36.828,0.0,0,0,1,0,41.861,0.0,0,0,1,0,13.997,0.705,1,30.48,0,0,1,1,0,0,1,0,0,1,0,12192.0,2,1,1,1,0,0,1,4,7.4,271.7,0,0,0,0,0,1
338000,36.828,0.0,0,0,1,0,41.861,0.0,0,0,1,0,14.062,0.658,1,30.4,0,0,1,1,0,0,1,0,0,1,0,12192.0,2,1,1,1,0,0,1,4,7.7,273.7,0,0,0,0,0,1
338100,36.828,0.0,0,0,1,0,41.861,0.0,0,0,1,0,14.124,0.612,1,30.54,0,0,1,1,0,0,1,0,0,1,0,12192.0,2,1,1,1,0,0,1,4,7.7,273.0,0,0,0,0,0,1
338200,36.828,0.0,0,0,1,0,41.861,0.0,0,0,1,0,14.18,0.565,1,30.42,0,0,1,1,0,0,1,0,0,1,0,12192.0,2,1,1,1,0,0,1,4,7.1,268.6,0,0,0,0,0,1
338300,36.828,0.0,0,0,1,0,41.861,0.0,0,0,1,0,14.232,0.519,1,30.24,0,0,1,1,0,0,1,0,0,1,0,12192.0,2,1,1,1,0,0,1,4,7.0,267.5,0,0,0,0,0,1
338400,36.828,0.0,0,0,1,0,41.861,0.0,0,0,1,0,14.279,0.473,1,30.56,0,0,1,1,0,0,1,0,0,1,0,12192.0,2,1,1,1,0,0,1,4,7.4,268.8,0,0,0,0,0,1
338500,36.828,0.0,0,0,1,0,41.861,0.0,0,0,1,0,14.322,0.426,1,30.4,0,0,1,1,0,0,1,0,0,1,0,12192.0,2,1,1,1,0,0,1,4,7.0,270.5,0,0,0,0,0,1
338600,36.828,0.0,0,0,1,0,41.861,0.0,0,0,1,0,14.365,0.428,1,33.63,0,0,1,1,0,0,1,0,0,1,0,12192.0,2,1,1,1,0,0,1,4,7.4,271.8,0,0,0,0,0,1
338700,36.828,0.0,0,0,1,0,41.861,0.0,0,0,1,0,14.403,0.379,1,30.51,0,0,1,1,0,0,1,0,0,1,0,12192.0,2,1,1,1,0,0,1,4,7.2,268.5,0,0,0,0,0,1
338800,36.828,0.0,0,0,1,0,41.861,0.0,0,0,1,0,14.436,0.329,1,30.44,0,0,1,1,0,0,1,0,0,1,0,12192.0,2,1,1,1,0,0,1,4,7.3,272.7,0,0,0,0,0,1
338900,36.828,0.0,0,0,1,0,41.861,0.0,0,0,1,0,14.464,0.279,1,30.6,0,0,1,1,0,0,1,0,0,1,0,12192.0,2,1,1,1,0,0,1,4,7.0,271.0,0,0,0,0,0,1
339000,36.828,0.0,0,0,1,0,41.861,0.0,0,0,1,0,14.486,0.228,1,30.58,0,0,1,1,0,0,1,0,0,1,0,12192.0,2,1,1,1,0,0,1,4,7.7,270.3,0,0,0,0,0,1
339100,36.828,0.0,0,0,1,0,41.861,0.0,0,0,1,0,14.504,0.176,1,30.38,0,0,1,1,0,0,1,0,0,1,0,12192.0,2,1,1,1,0,0,1,4,7.0,269.4,0,0,0,0,0,1
339200,36.828,0.0,0,0,1,0,41.861,0.0,0,0,1,0,14.516,0.121,1,30.55,0,0,1,1,0,0,1,0,0,1,0,12192.0,2,1,1,1,0,0,1,4,8.0,271.0,0,0,0,0,0,1
339300,36.828,0.0,0,0,1,0,41.861,0.0,0,0,1,0,14.522,0.058,1,30.37,0,0,1,1,0,0,1,0,0,1,0,12192.0,2,1,1,1,0,0,1,4,7.2,272.0,0,0,0,0,0,1
339400,36.828,0.0,0,0,0,0,41.861,0.0,0,0,0,0,14.523,0.0,0,31.77,0,0,0,0,0,0,1,0,0,1,0,12192.0,2,1,1,0,1,0,1,4,7.0,265.8,0,0,0,0,0,1
339500,36.828,0.0,0,0,1,0,41.855,-0.062,0,1,1,0,14.523,0.0,0,32.04,0,0,0,1,0,0,1,0,0,1,0,12192.0,2,1,1,1,0,0,1,4,7.3,269.4,0,0,0,0,0,1
339600,36.828,0.0,0,0,1,0,41.842,-0.124,0,1,1,0,14.523,0.0,0,31.99,0,0,0,1,0,0,1,0,0,1,0,12192.0,2,1,1,1,0,0,1,4,7.9,269.4,0,0,0,0,0,1
339700,36.828,0.0,0,0,1,0,41.823,-0.186,0,1,1,0,14.523,0.0,0,32.16,0,0,0,1,0,0,1,0,0,1,0,12192.0,2,1,1,1,0,0,1,4,8.3,271.2,0,0,0,0,0,1
339800,36.828,0.0,0,0,1,0,41.799,-0.248,0,1,1,0,14.523,0.0,0,32.08,0,0,0,1,0,0,1,0,0,1,0,12192.0,2,1,1,1,0,0,1,4,7.7,269.5,0,0,0,0,0,1
339900,36.828,0.0,0,0,1,0,41.768,-0.31,0,1,1,0,14.523,0.0,0,32.11,0,0,0,1,0,0,1,0,0,1,0,12192.0,2,1,1,1,0,0,1,4,7.8,271.1,0,0,0,0,0,1
340000,36.828,0.0,0,0,1,0,41.73,-0.373,0,1,1,0,14.523,0.0,0,32.14,0,0,0,1,0,0,1,0,0,1,0,12192.0,2,1,1,1,0,0,1,4,7.7,269.8,0,0,0,0,0,1
340100,36.828,0.0,0,0,1,0,41.687,-0.435,0,1,1,0,14.523,0.0,0,32.13,0,0,0,1,0,0,1,0,0,1,0,12192.0,2,1,1,1,0,0,1,4,7.8,269.9,0,0,0,0,0,1
340200,36.828,0.0,0,0,1,0,41.637,-0.497,0,1,1,0,14.523,0.0,0,32.09,0,0,0,1,0,0,1,0,0,1,0,12192.0,2,1,1,1,0,0,1,4,6.9,271.0,0,0,0,0,0,1
340300,36.828,0.0,0,0,1,0,41.581,-0.559,0,1,1,0,14.523,0.0,0,31.98,0,0,0,1,0,0,1,0,0,1,0,12192.0,2,1,1,1,0,0,1,4,7.7,267.2,0,0,0,0,0,1
340400,36.828,0.0,0,0,1,0,41.519,-0.621,0,1,1,0,14.523,0.0,0,31.99,0,0,0,1,0,0,1,0,0,1,0,12192.0,2,1,1,1,0,0,1,4,8.0,266.3,0,0,0,0,0,1
340500,36.828,0.0,0,0,1,0,41.451,-0.683,0,1,1,0,14.523,0.0,0,32.07,0,0,0,1,0,0,1,0,0,1,0,12192.0,2,1,1,1,0,0,1,4,8.4,268.0,0,0,0,0,0,1
340600,36.828,0.0,0,0,1,0,41.376,-0.745,0,1,1,0,14.523,0.0,0,32.23,0,0,0,1,0,0,1,0,0,1,0,12192.0,2,1,1,1,0,0,1,4,8.2,273.6,0,0,0,0,0,1
340700,36.828,0.0,0,0,1,0,41.296,-0.807,0,1,1,0,14.523,0.0,0,32.1,0,0,0,1,0,0,1,0,0,1,0,12192.0,2,1,1,1,0,0,1,4,8.1,272.9,0,0,0,0,0,1
340800,36.828,0.0,0,0,1,0,41.209,-0.869,0,1,1,0,14.523,0.0,0,31.91,0,0,0,1,0,0,1,0,0,1,0,12192.0,2,1,1,1,0,0,1,4,7.7,267.9,0,0,0,0,0,1
340900,36.828,0.0,0,0,1,0,41.116,-0.931,0,1,1,0,14.523,0.0,0,31.91,0,0,0,1,0,0,1,0,0,1,0,12192.0,2,1,1,1,0,0,1,4,8.3,266.4,0,0,0,0,0,1
341000,36.828,0.0,0,0,1,0,41.016,-0.993,0,1,1,0,14.523,0.0,0,31.94,0,0,0,1,0,0,1,0,0,1,0,12192.0,2,1,1,1,0,0,1,4,8.2,271.1,0,0,0,0,0,1
341100,36.828,0.0,0,0,1,0,40.911,-1.055,0,1,1,0,14.523,0.0,0,32.06,0,0,0,1,0,0,1,0,0,1,0,12192.0,2,1,1,1,0,0,1,4,7.4,271.2,0,0,0,0,0,1
341200,36.828,0.0,0,0,1,0,40.799,-1.118,0,1,1,0,14.523,0.0,0,32.08,0,0,0,1,0,0,1,0,0,1,0,12192.0,2,1,1,1,0,0,1,4,8.1,265.7,0,0,0,0,0,1
341300,36.828,0.0,0,0,1,0,40.681,-1.18,0,1,1,0,14.523,0.0,0,32.07,0,0,0,1,0,0,1,0,0,1,0,12192.0,2,1,1,1,0,0,1,4,8.5,271.3,0,0,0,0,0,1
341400,36.828,0.0,0,0,1,0,40.557,-1.242,0,1,1,0,14.523,0.0,0,32.11,0,0,0,1,0,0,1,0,0,1,0,12192.0,2,1,1,1,0,0,1,4,7.5,271.0,0,0,0,0,0,1
341500,36.828,0.0,0,0,1,0,40.427,-1.304,0,1,1,0,14.523,0.0,0,31.73,0,0,0,1,0,0,1,0,0,1,0,12192.0,2,1,1,1,0,0,1,4,8.6,272.5,0,0,0,0,0,1
341600,36.828,0.0,0,0,1,0,40.29,-1.366,0,1,1,0,14.523,0.0,0,32.0,0,0,0,1,0,0,1,0,0,1,0,12192.0,2,1,1,1,0,0,1,4,8.6,268.6,0,0,0,0,0,1
341700,36.828,0.0,0,0,1,0,40.147,-1.428,0,1,1,0,14.523,0.0,0,31.97,0,0,0,1,0,0,1,0,0,1,0,12192.0,2,1,1,1,0,0,1,4,9.1,273.0,0,0,0,0,0,1
341800,36.828,0.0,0,0,1,0,39.998,-1.49,0,1,1,0,14.523,0.0,0,31.96,0,0,0,1,0,0,1,0,0,1,0,12192.0,2,1,1,1,0,0,1,4,8.1,267.5,0,0,0,0,0,1
341900,36.828,0.0,0,0,1,0,39.843,-1.552,0,1,1,0,14.523,0.0,0,31.78,0,0,0,1,0,0,1,0,0,1,0,12192.0,2,1,1,1,0,0,1,4,7.9,270.5,0,0,0,0,0,1
342000,36.828,0.0,0,0,1,0,39.682,-1.614,0,1,1,0,14.523,0.0,0,31.97,0,0,0,1,0,0,1,0,0,1,0,12192.0,2,1,1,1,0,0,1,4,8.3,271.8,0,0,0,0,0,1
342100,36.828,0.0,0,0,1,0,39.514,-1.676,0,1,1,0,14.523,0.0,0,32.11,0,0,0,1,0,0,1,0,0,1,0,12192.0,2,1,1,1,0,0,1,4,8.2,267.8,0,0,0,0,0,1
342200,36.828,0.0,0,0,1,0,39.34,-1.738,0,1,1,0,14.523,0.0,0,32.09,0,0,0,1,0,0,1,0,0,1,0,12192.0,2,1,1,1,0,0,1,4,8.2,270.1,0,0,0,0,0,1
342300,36.828,0.0,0,0,1,0,39.16,-1.8,0,1,1,0,14.523,0.0,0,31.99,0,0,0,1,0,0,1,0,0,1,0,12192.0,2,1,1,1,0,0,1,4,8.3,270.2,0,0,0,0,0,1
342400,36.828,0.0,0,0,1,0,38.974,-1.863,0,1,1,0,14.523,0.0,0,32.3,0,0,0,1,0,0,1,0,0,1,0,12192.0,2,1,1,1,0,0,1,4,8.1,272.5,0,0,0,0,0,1
342500,36.828,0.0,0,0,1,0,38.781,-1.925,0,1,1,0,14.523,0.0,0,31.98,0,0,0,1,0,0,1,0,0,1,0,12192.0,2,1,1,1,0,0,1,4,8.5,272.6,0,0,0,0,0,1
342600,36.828,0.0,0,0,1,0,38.583,-1.987,0,1,1,0,14.523,0.0,0,32.24,0,0,0,1,0,0,1,0,0,1,0,12192.0,2,1,1,1,0,0,1,4,8.8,269.9,0,0,0,0,0,1
342700,36.828,0.0,0,0,1,0,38.378,-2.049,0,1,1,0,14.523,0.0,0,32.08,0,0,0,1,0,0,1,0,0,1,0,12192.0,2,1,1,1,0,0,1,4,8.9,269.2,0,0,0,0,0,1
342800,36.828,0.0,0,0,1,0,38.167,-2.111,0,1,1,0,14.523,0.0,0,31.84,0,0,0,1,0,0,1,0,0,1,0,12192.0,2,1,1,1,0,0,1,4,9.4,268.9,0,0,0,0,0,1
342900,36.828,0.0,0,0,1,0,37.949,-2.173,0,1,1,0,14.523,0.0,0,32.04,0,0,0,1,0,0,1,0,0,1,0,12192.0,2,1,1,1,0,0,1,4,8.6,266.2,0,0,0,0,0,1
343000,36.828,0.0,0,0,1,0,37.726,-2.235,0,1,1,0,14.523,0.0,0,32.11,0,0,0,1,0,0,1,0,0,1,0,12192.0,2,1,1,1,0,0,1,4,8.0,268.2,0,0,0,0,0,1
343100,36.828,0.0,0,0,1,0,37.496,-2.297,0,1,1,0,14.523,0.0,0,31.78,0,0,0,1,0,0,1,0,0,1,0,12192.0,2,1,1,1,0,0,1,4,8.9,272.2,0,0,0,0,0,1
343200,36.828,0.0,0,0,1,0,37.26,-2.359,0,1,1,0,14.523,0.0,0,31.96,0,0,0,1,0,0,1,0,0,1,0,12192.0,2,1,1,1,0,0,1,4,9.1,273.4,0,0,0,0,0,1
343300,36.828,0.0,0,0,1,0,37.018,-2.421,0,1,1,0,14.523,0.0,0,32.04,0,0,0,1,0,0,1,0,0,1,0,12192.0,2,1,1,1,0,0,1,4,8.2,269.3,0,0,0,0,0,1
343400,36.828,0.0,0,0,1,0,36.77,-2.483,0,1,1,0,14.523,0.0,0,31.83,0,0,0,1,0,0,1,0,0,1,0,12192.0,2,1,1,1,0,0,1,4,9.0,272.6,0,0,0,0,0,1
343500,36.828,0.0,0,0,1,0,36.515,-2.545,0,1,1,0,14.523,0.0,0,31.93,0,0,0,1,0,0,1,0,0,1,0,12192.0,2,1,1,1,0,0,1,4,7.5,265.8,0,0,0,0,0,1
343600,36.828,0.0,0,0,1,0,36.254,-2.608,0,1,1,0,14.523,0.0,0,32.02,0,0,0,1,0,0,1,0,0,1,0,12192.0,2,1,1,1,0,0,1,4,8.9,272.1,0,0,0,0,0,1
343700,36.828,0.0,0,0,1,0,35.988,-2.67,0,1,1,0,14.523,0.0,0,31.85,0,0,0,1,0,0,1,0,0,1,0,12192.0,2,1,1,1,0,0,1,4,9.1,265.9,0,0,0,0,0,1
343800,36.828,0.0,0,0,1,0,35.714,-2.732,0,1,1,0,14.523,0.0,0,32.01,0,0,0,1,0,0,1,0,0,1,0,12192.0,2,1,1,1,0,0,1,4,9.1,267.9,0,0,0,0,0,1
343900,36.828,0.0,0,0,1,0,35.435,-2.794,0,1,1,0,14.523,0.0,0,31.86,0,0,0,1,0,0,1,0,0,1,0,12192.0,2,1,1,1,0,0,1,4,9.4,271.6,0,0,0,0,0,1
344000,36.828,0.0,0,0,1,0,35.149,-2.856,0,1,1,0,14.523,0.0,0,31.99,0,0,0,1,0,0,1,0,0,1,0,12192.0,2,1,1,1,0,0,1,4,8.9,266.1,0,0,0,0,0,1
344100,36.828,0.0,0,0,1,0,34.858,-2.918,0,1,1,0,14.523,0.0,0,31.98,0,0,0,1,0,0,1,0,0,1,0,12192.0,2,1,1,1,0,0,1,4,8.5,265.3,0,0,0,0,0,1
344200,36.828,0.0,0,0,1,0,34.56,-2.98,0,1,1,0,14.523,0.0,0,32.02,0,0,0,1,0,0,1,0,0,1,0,12192.0,2,1,1,1,0,0,1,4,8.2,269.6,0,0,0,0,0,1
344300,36.828,0.0,0,0,1,0,34.255,-3.042,0,1,1,0,14.523,0.0,0,31.87,0,0,0,1,0,0,1,0,0,1,0,12192.0,2,1,1,1,0,0,1,4,8.3,266.8,0,0,0,0,0,1
344400,36.828,0.0,0,0,1,0,33.945,-3.104,0,1,1,0,14.523,0.0,0,32.01,0,0,0,1,0,0,1,0,0,1,0,12192.0,2,1,1,1,0,0,1,4,8.8,273.3,0,0,0,0,0,1
344500,36.828,0.0,0,0,1,0,33.628,-3.166,0,1,1,0,14.523,0.0,0,32.08,0,0,0,1,0,0,1,0,0,1,0,12192.0,2,1,1,1,0,0,1,4,8.6,273.5,0,0,0,0,0,1
344600,36.828,0.0,0,0,1,0,33.305,-3.228,0,1,1,0,14.523,0.0,0,31.83,0,0,0,1,0,0,1,0,0,1,0,12192.0,2,1,1,1,0,0,1,4,7.8,271.7,0,0,0,0,0,1
344700,36.828,0.0,0,0,1,0,32.976,-3.29,0,1,1,0,14.523,0.0,0,32.12,0,0,0,1,0,0,1,0,0,1,0,12192.0,2,1,1,1,0,0,1,4,8.7,271.3,0,0,0,0,0,1
344800,36.828,0.0,0,0,1,0,32.641,-3.353,0,1,1,0,14.523,0.0,0,32.01,0,0,0,1,0,0,1,0,0,1,0,12192.0,2,1,1,1,0,0,1,4,8.5,268.3,0,0,0,0,0,1
344900,36.828,0.0,0,0,1,0,32.3,-3.415,0,1,1,0,14.523,0.0,0,31.92,0,0,0,1,0,0,1,0,0,1,0,12192.0,2,1,1,1,0,0,1,4,7.8,271.9,0,0,0,0,0,1
345000,36.828,0.0,0,0,1,0,31.952,-3.477,0,1,1,0,14.523,0.0,0,32.0,0,0,0,1,0,0,1,0,0,1,0,12192.0,2,1,1,1,0,0,1,4,8.6,268.8,0,0,0,0,0,1
345100,36.828,0.0,0,0,1,0,31.598,-3.539,0,1,1,0,14.523,0.0,0,32.06,0,0,0,1,0,0,1,0,0,1,0,12192.0,2,1,1,1,0,0,1,4,9.0,274.0,0,0,0,0,0,1
345200,36.828,0.0,0,0,1,0,31.244,-3.539,0,1,1,0,14.523,0.0,0,32.14,0,0,0,1,0,0,1,0,0,1,0,12192.0,2,1,1,1,0,0,1,4,8.6,268.4,0,0,0,0,0,1
345300,36.828,0.0,0,0,1,0,30.89,-3.539,0,1,1,0,14.523,0.0,0,31.96,0,0,0,1,0,0,1,0,0,1,0,12192.0,2,1,1,1,0,0,1,4,8.1,269.7,0,0,0,0,0,1
345400,36.828,0.0,0,0,1,0,30.537,-3.539,0,1,1,0,14.523,0.0,0,32.08,0,0,0,1,0,0,1,0,0,1,0,12192.0,2,1,1,1,0,0,1,4,8.0,271.2,0,0,0,0,0,1
345500,36.828,0.0,0,0,1,0,30.183,-3.539,0,1,1,0,14.523,0.0,0,31.89,0,0,0,1,0,0,1,0,0,1,0,12192.0,2,1,1,1,0,0,1,4,8.3,265.8,0,0,0,0,0,1
345600,36.828,0.0,0,0,1,0,29.829,-3.539,0,1,1,0,14.523,0.0,0,32.07,0,0,0,1,0,0,1,0,0,1,0,12192.0,2,1,1,1,0,0,1,4,7.9,269.3,0,0,0,0,0,1
345700,36.828,0.0,0,0,1,0,29.475,-3.539,0,1,1,0,14.523,0.0,0,32.05,0,0,0,1,0,0,1,0,0,1,0,12192.0,2,1,1,1,0,0,1,4,8.1,273.5,0,0,0,0,0,1
345800,36.828,0.0,0,0,1,0,29.121,-3.539,0,1,1,0,14.523,0.0,0,31.88,0,0,0,1,0,0,1,0,0,1,0,12192.0,2,1,1,1,0,0,1,4,7.4,267.8,0,0,0,0,0,1
345900,36.828,0.0,0,0,1,0,28.767,-3.539,0,1,1,0,14.523,0.0,0,32.09,0,0,0,1,0,0,1,0,0,1,0,12192.0,2,1,1,1,0,0,1,4,8.3,270.1,0,0,0,0,0,1
346000,36.828,0.0,0,0,1,0,28.413,-3.539,0,1,1,0,14.523,0.0,0,31.94,0,0,0,1,0,0,1,0,0,1,0,12192.0,2,1,1,1,0,0,1,4,8.3,266.6,0,0,0,0,0,1
346100,36.828,0.0,0,0,1,0,28.06,-3.539,0,1,1,0,14.523,0.0,0,31.87,0,0,0,1,0,0,1,0,0,1,0,12192.0,2,1,1,1,0,0,1,4,7.8,267.0,0,0,0,0,0,1
346200,36.828,0.0,0,0,1,0,27.706,-3.539,0,1,1,0,14.523,0.0,0,31.86,0,0,0,1,0,0,1,0,0,1,0,12192.0,2,1,1,1,0,0,1,4,7.8,266.2,0,0,0,0,0,1
346300,36.828,0.0,0,0,1,0,27.352,-3.539,0,1,1,0,14.523,0.0,0,31.98,0,0,0,1,0,0,1,0,0,1,0,12192.0,2,1,1,1,0,0,1,4,7.2,268.6,0,0,0,0,0,1
346400,36.828,0.0,0,0,1,0,26.998,-3.539,0,1,1,0,14.523,0.0,0,32.01,0,0,0,1,0,0,1,0,0,1,0,12192.0,2,1,1,1,0,0,1,4,7.6,267.0,0,0,0,0,0,1
346500,36.828,0.0,0,0,1,0,26.644,-3.539,0,1,1,0,14.523,0.0,0,32.05,0,0,0,1,0,0,1,0,0,1,0,12192.0,2,1,1,1,0,0,1,4,7.4,268.2,0,0,0,0,0,1
346600,36.828,0.0,0,0,1,0,26.29,-3.539,0,1,1,0,14.523,0.0,0,32.22,0,0,0,1,0,0,1,0,0,1,0,12192.0,2,1,1,1,0,0,1,4,8.3,269.1,0,0,0,0,0,1
346700,36.828,0.0,0,0,1,0,25.936,-3.539,0,1,1,0,14.523,0.0,0,32.14,0,0,0,1,0,0,1,0,0,1,0,12192.0,2,1,1,1,0,0,1,4,7.7,269.7,0,0,0,0,0,1
346800,36.828,0.0,0,0,1,0,25.583,-3.539,0,1,1,0,14.523,0.0,0,32.06,0,0,0,1,0,0,1,0,0,1,0,12192.0,2,1,1,1,0,0,1,4,7.0,272.5,0,0,0,0,0,1
346900,36.828,0.0,0,0,1,0,25.229,-3.539,0,1,1,0,14.523,0.0,0,31.75,0,0,0,1,0,0,1,0,0,1,0,12192.0,2,1,1,1,0,0,1,4,7.7,273.7,0,0,0,0,0,1
347000,36.828,0.0,0,0,1,0,24.875,-3.539,0,1,1,0,14.523,0.0,0,31.89,0,0,0,1,0,0,1,0,0,1,0,12192.0,2,1,1,1,0,0,1,4,7.7,269.0,0,0,0,0,0,1
347100,36.828,0.0,0,0,1,0,24.521,-3.539,0,1,1,0,14.523,0.0,0,32.32,0,0,0,1,0,0,1,0,0,1,0,12192.0,2,1,1,1,0,0,1,4,7.5,269.2,0,0,0,0,0,1
347200,36.828,0.0,0,0,1,0,24.167,-3.539,0,1,1,0,14.523,0.0,0,32.0,0,0,0,1,0,0,1,0,0,1,0,12192.0,2,1,1,1,0,0,1,4,7.0,270.7,0,0,0,0,0,1
347300,36.828,0.0,0,0,1,0,23.813,-3.539,0,1,1,0,14.523,0.0,0,32.07,0,0,0,1,0,0,1,0,0,1,0,12192.0,2,1,1,1,0,0,1,4,7.1,271.1,0,0,0,0,0,1
347400,36.828,0.0,0,0,1,0,23.459,-3.539,0,1,1,0,14.523,0.0,0,32.06,0,0,0,1,0,0,1,0,0,1,0,12192.0,2,1,1,1,0,0,1,4,6.9,272.4,0,0,0,0,0,1
347500,36.828,0.0,0,0,1,0,23.105,-3.539,0,1,1,0,14.523,0.0,0,31.99,0,0,0,1,0,0,1,0,0,1,0,12192.0,2,1,1,1,0,0,1,4,6.8,274.9,0,0,0,0,0,1
347600,36.828,0.0,0,0,1,0,22.752,-3.539,0,1,1,0,14.523,0.0,0,32.23,0,0,0,1,0,0,1,0,0,1,0,12192.0,2,1,1,1,0,0,1,4,7.2,274.3,0,0,0,0,0,1
347700,36.828,0.0,0,0,1,0,22.398,-3.539,0,1,1,0,14.523,0.0,0,31.88,0,0,0,1,0,0,1,0,0,1,0,12192.0,2,1,1,1,0,0,1,4,7.4,268.5,0,0,0,0,0,1
347800,36.828,0.0,0,0,1,0,22.044,-3.539,0,1,1,0,14.523,0.0,0,31.96,0,0,0,1,0,0,1,0,0,1,0,12192.0,2,1,1,1,0,0,1,4,7.7,269.4,0,0,0,0,0,1
347900,36.828,0.0,0,0,1,0,21.69,-3.539,0,1,1,0,14.523,0.0,0,31.97,0,0,0,1,0,0,1,0,0,1,0,12192.0,2,1,1,1,0,0,1,4,7.4,267.2,0,0,0,0,0,1
348000,36.828,0.0,0,0,1,0,21.336,-3.539,0,1,1,0,14.523,0.0,0,32.08,0,0,0,1,0,0,1,0,0,1,0,12192.0,2,1,1,1,0,0,1,4,7.0,271.0,0,0,0,0,0,1
348100,36.828,0.0,0,0,1,0,20.982,-3.539,0,1,1,0,14.523,0.0,0,32.04,0,0,0,1,0,0,1,0,0,1,0,12192.0,2,1,1,1,0,0,1,4,7.4,267.4,0,0,0,0,0,1
348200,36.828,0.0,0,0,1,0,20.628,-3.539,0,1,1,0,14.523,0.0,0,32.2,0,0,0,1,0,0,1,0,0,1,0,12192.0,2,1,1,1,0,0,1,4,7.8,269.5,0,0,0,0,0,1
348300,36.828,0.0,0,0,1,0,20.275,-3.539,0,1,1,0,14.523,0.0,0,32.13,0,0,0,1,0,0,1,0,0,1,0,12192.0,2,1,1,1,0,0,1,4,7.4,269.4,0,0,0,0,0,1
348400,36.828,0.0,0,0,1,0,19.921,-3.539,0,1,1,0,14.523,0.0,0,32.0,0,0,0,1,0,0,1,0,0,1,0,12192.0,2,1,1,1,0,0,1,4,7.9,270.7,0,0,0,0,0,1
348500,36.828,0.0,0,0,1,0,19.567,-3.539,0,1,1,0,14.523,0.0,0,31.96,0,0,0,1,0,0,1,0,0,1,0,12192.0,2,1,1,1,0,0,1,4,8.1,271.3,0,0,0,0,0,1
348600,36.828,0.0,0,0,1,0,19.213,-3.539,0,1,1,0,14.523,0.0,0,32.04,0,0,0,1,0,0,1,0,0,1,0,12192.0,2,1,1,1,0,0,1,4,6.9,271.7,0,0,0,0,0,1
348700,36.828,0.0,0,0,1,0,18.859,-3.539,0,1,1,0,14.523,0.0,0,32.18,0,0,0,1,0,0,1,0,0,1,0,12192.0,2,1,1,1,0,0,1,4,8.2,276.2,0,0,0,0,0,1
348800,36.828,0.0,0,0,1,0,18.505,-3.539,0,1,1,0,14.523,0.0,0,32.08,0,0,0,1,0,0,1,0,0,1,0,12192.0,2,1,1,1,0,0,1,4,7.5,270.8,0,0,0,0,0,1
348900,36.828,0.0,0,0,1,0,18.151,-3.539,0,1,1,0,14.523,0.0,0,31.88,0,0,0,1,0,0,1,0,0,1,0,12192.0,2,1,1,1,0,0,1,4,7.9,265.8,0,0,0,0,0,1
349000,36.828,0.0,0,0,1,0,17.798,-3.539,0,1,1,0,14.523,0.0,0,31.87,0,0,0,1,0,0,1,0,0,1,0,12192.0,2,1,1,1,0,0,1,4,7.1,269.8,0,0,0,0,0,1
349100,36.828,0.0,0,0,1,0,17.45,-3.477,0,1,1,0,14.523,0.0,0,32.13,0,0,0,1,0,0,1,0,0,1,0,12192.0,2,1,1,1,0,0,1,4,7.4,267.5,0,0,0,0,0,1
349200,36.828,0.0,0,0,1,0,17.108,-3.414,0,1,1,0,14.523,0.0,0,32.1,0,0,0,1,0,0,1,0,0,1,0,12192.0,2,1,1,1,0,0,1,4,8.1,271.2,0,0,0,0,0,1
349300,36.828,0.0,0,0,1,0,16.773,-3.352,0,1,1,0,14.523,0.0,0,32.0,0,0,0,1,0,0,1,0,0,1,0,12192.0,2,1,1,1,0,0,1,4,7.5,265.3,0,0,0,0,0,1
349400,36.828,0.0,0,0,1,0,16.444,-3.29,0,1,1,0,14.523,0.0,0,32.1,0,0,0,1,0,0,1,0,0,1,0,12192.0,2,1,1,1,0,0,1,4,7.4,266.5,0,0,0,0,0,1
349500,36.828,0.0,0,0,1,0,16.121,-3.228,0,1,1,0,14.523,0.0,0,31.75,0,0,0,1,0,0,1,0,0,1,0,12192.0,2,1,1,1,0,0,1,4,7.1,264.8,0,0,0,0,0,1
349600,36.828,0.0,0,0,1,0,15.805,-3.166,0,1,1,0,14.523,0.0,0,31.88,0,0,0,1,0,0,1,0,0,1,0,12192.0,2,1,1,1,0,0,1,4,7.9,268.9,0,0,0,0,0,1
349700,36.828,0.0,0,0,1,0,15.494,-3.104,0,1,1,0,14.523,0.0,0,32.16,0,0,0,1,0,0,1,0,0,1,0,12192.0,2,1,1,1,0,0,1,4,7.6,270.2,0,0,0,0,0,1
349800,36.828,0.0,0,0,1,0,15.19,-3.042,0,1,1,0,14.523,0.0,0,32.16,0,0,0,1,0,0,1,0,0,1,0,12192.0,2,1,1,1,0,0,1,4,7.6,266.6,0,0,0,0,0,1
349900,36.828,0.0,0,0,1,0,14.892,-2.98,0,1,1,0,14.523,0.0,0,32.19,0,0,0,1,0,0,1,0,0,1,0,12192.0,2,1,1,1,0,0,1,4,7.4,273.7,0,0,0,0,0,1
350000,36.828,0.0,0,0,1,0,14.6,-2.918,0,1,1,0,14.523,0.0,0,32.08,0,0,0,1,0,0,1,0,0,1,0,12192.0,2,1,1,1,0,0,1,4,7.7,269.8,0,0,0,0,0,1
350100,36.828,0.0,0,0,1,0,14.315,-2.856,0,1,1,0,14.523,0.0,0,32.18,0,0,0,1,0,0,1,0,0,1,0,12192.0,2,1,1,1,0,0,1,4,8.0,267.8,0,0,0,0,0,1
350200,36.828,0.0,0,0,1,0,14.035,-2.794,0,1,1,0,14.523,0.0,0,31.8,0,0,0,1,0,0,1,0,0,1,0,12192.0,2,1,1,1,0,0,1,4,7.4,268.3,0,0,0,0,0,1
350300,36.828,0.0,0,0,1,0,13.756,-2.794,0,1,1,0,14.523,0.0,0,32.05,0,0,0,1,0,0,1,0,0,1,0,12192.0,2,1,1,1,0,0,1,4,8.6,273.4,0,0,0,0,0,1
350400,36.828,0.0,0,0,1,0,13.483,-2.732,0,1,1,0,14.523,0.0,0,31.9,0,0,0,1,0,0,1,0,0,1,0,12192.0,2,1,1,1,0,0,1,4,7.6,270.4,0,0,0,0,0,1
350500,36.828,0.0,0,0,1,0,13.216,-2.669,0,1,1,0,14.523,0.0,0,31.91,0,0,0,1,0,0,1,0,0,1,0,12192.0,2,1,1,1,0,0,1,4,8.9,270.6,0,0,0,0,0,1
350600,36.828,0.0,0,0,1,0,12.955,-2.606,0,1,1,0,14.523,0.0,0,31.97,0,0,0,1,0,0,1,0,0,1,0,12192.0,2,1,1,1,0,0,1,4,8.5,274.4,0,0,0,0,0,1
350700,36.828,0.0,0,0,1,0,12.701,-2.543,0,1,1,0,14.523,0.0,0,31.98,0,0,0,1,0,0,1,0,0,1,0,12192.0,2,1,1,1,0,0,1,4,8.5,268.6,0,0,0,0,0,1
350800,36.828,0.0,0,0,1,0,12.453,-2.48,0,1,1,0,14.523,0.0,0,32.0,0,0,0,1,0,0,1,0,0,1,0,12192.0,2,1,1,1,0,0,1,4,8.8,272.5,0,0,0,0,0,1
350900,36.828,0.0,0,0,1,0,12.211,-2.417,0,1,1,0,14.523,0.0,0,32.04,0,0,0,1,0,0,1,0,0,1,0,12192.0,2,1,1,1,0,0,1,4,8.5,269.8,0,0,0,0,0,1
351000,36.828,0.0,0,0,1,0,11.976,-2.354,0,1,1,0,14.523,0.0,0,31.82,0,0,0,1,0,0,1,0,0,1,0,12192.0,2,1,1,1,0,0,1,4,9.0,271.8,0,0,0,0,0,1
351100,36.828,0.0,0,0,1,0,11.747,-2.291,0,1,1,0,14.523,0.0,0,32.06,0,0,0,1,0,0,1,0,0,1,0,12192.0,2,1,1,1,0,0,1,4,8.5,266.5,0,0,0,0,0,1
351200,36.828,0.0,0,0,1,0,11.524,-2.229,0,1,1,0,14.523,0.0,0,32.03,0,0,0,1,0,0,1,0,0,1,0,12192.0,2,1,1,1,0,0,1,4,9.0,273.1,0,0,0,0,0,1
351300,36.828,0.0,0,0,1,0,11.307,-2.166,0,1,1,0,14.523,0.0,0,31.81,0,0,0,1,0,0,1,0,0,1,0,12192.0,2,1,1,1,0,0,1,4,8.3,272.8,0,0,0,0,0,1
351400,36.828,0.0,0,0,1,0,11.097,-2.103,0,1,1,0,14.523,0.0,0,31.97,0,0,0,1,0,0,1,0,0,1,0,12192.0,2,1,1,1,0,0,1,4,8.5,268.4,0,0,0,0,0,1
351500,36.828,0.0,0,0,1,0,10.893,-2.04,0,1,1,0,14.523,0.0,0,32.13,0,0,0,1,0,0,1,0,0,1,0,12192.0,2,1,1,1,0,0,1,4,8.4,274.3,0,0,0,0,0,1
351600,36.828,0.0,0,0,1,0,10.696,-1.976,0,1,1,0,14.523,0.0,0,31.99,0,0,0,1,0,0,1,0,0,1,0,12192.0,2,1,1,1,0,0,1,4,9.0,269.4,0,0,0,0,0,1
351700,36.828,0.0,0,0,1,0,10.504,-1.913,0,1,1,0,14.523,0.0,0,31.9,0,0,0,1,0,0,1,0,0,1,0,12192.0,2,1,1,1,0,0,1,4,8.5,271.2,0,0,0,0,0,1
351800,36.828,0.0,0,0,1,0,10.319,-1.85,0,1,1,0,14.523,0.0,0,32.12,0,0,0,1,0,0,1,0,0,1,0,12192.0,2,1,1,1,0,0,1,4,8.3,272.1,0,0,0,0,0,1
351900,36.828,0.0,0,0,1,0,10.14,-1.787,0,1,1,0,14.523,0.0,0,31.96,0,0,0,1,0,0,1,0,0,1,0,12192.0,2,1,1,1,0,0,1,4,8.3,273.1,0,0,0,0,0,1
352000,36.828,0.0,0,0,1,0,9.968,-1.724,0,1,1,0,14.523,0.0,0,32.06,0,0,0,1,0,0,1,0,0,1,0,12192.0,2,1,1,1,0,0,1,4,8.8,273.8,0,0,0,0,0,1
352100,36.828,0.0,0,0,1,0,9.802,-1.661,0,1,1,0,14.523,0.0,0,32.06,0,0,0,1,0,0,1,0,0,1,0,12192.0,2,1,1,1,0,0,1,4,8.6,271.6,0,0,0,0,0,1
352200,36.828,0.0,0,0,1,0,9.642,-1.597,0,1,1,0,14.523,0.0,0,31.99,0,0,0,1,0,0,1,0,0,1,0,12192.0,2,1,1,1,0,0,1,4,9.4,263.8,0,0,0,0,0,1
352300,36.828,0.0,0,0,1,0,9.489,-1.534,0,1,1,0,14.523,0.0,0,32.21,0,0,0,1,0,0,1,0,0,1,0,12192.0,2,1,1,1,0,0,1,4,8.2,269.4,0,0,0,0,0,1
352400,36.828,0.0,0,0,1,0,9.342,-1.471,0,1,1,0,14.523,0.0,0,31.9,0,0,0,1,0,0,1,0,0,1,0,12192.0,2,1,1,1,0,0,1,4,8.7,269.0,0,0,0,0,0,1
352500,36.828,0.0,0,0,1,0,9.201,-1.407,0,1,1,0,14.523,0.0,0,32.08,0,0,0,1,0,0,1,0,0,1,0,12192.0,2,1,1,1,0,0,1,4,8.3,273.5,0,0,0,0,0,1
352600,36.828,0.0,0,0,1,0,9.067,-1.344,0,1,1,0,14.523,0.0,0,31.98,0,0,0,1,0,0,1,0,0,1,0,12192.0,2,1,1,1,0,0,1,4,8.9,269.7,0,0,0,0,0,1
352700,36.828,0.0,0,0,1,0,8.939,-1.28,0,1,1,0,14.523,0.0,0,31.97,0,0,0,1,0,0,1,0,0,1,0,12192.0,2,1,1,1,0,0,1,4,8.7,271.2,0,0,0,0,0,1
352800,36.828,0.0,0,0,1,0,8.817,-1.216,0,1,1,0,14.523,0.0,0,32.04,0,0,0,1,0,0,1,0,0,1,0,12192.0,2,1,1,1,0,0,1,4,8.2,271.7,0,0,0,0,0,1
352900,36.828,0.0,0,0,1,0,8.702,-1.153,0,1,1,0,14.523,0.0,0,32.04,0,0,0,1,0,0,1,0,0,1,0,12192.0,2,1,1,1,0,0,1,4,8.2,272.2,0,0,0,0,0,1
353000,36.828,0.0,0,0,1,0,8.593,-1.089,0,1,1,0,14.523,0.0,0,31.93,0,0,0,1,0,0,1,0,0,1,0,12192.0,2,1,1,1,0,0,1,4,8.1,269.8,0,0,0,0,0,1
353100,36.828,0.0,0,0,1,0,8.491,-1.025,0,1,1,0,14.523,0.0,0,32.09,0,0,0,1,0,0,1,0,0,1,0,12192.0,2,1,1,1,0,0,1,4,8.2,271.3,0,0,0,0,0,1
353200,36.828,0.0,0,0,1,0,8.394,-0.961,0,1,1,0,14.523,0.0,0,31.93,0,0,0,1,0,0,1,0,0,1,0,12192.0,2,1,1,1,0,0,1,4,8.3,269.8,0,0,0,0,0,1
353300,36.828,0.0,0,0,1,0,8.305,-0.896,0,1,1,0,14.523,0.0,0,31.9,0,0,0,1,0,0,1,0,0,1,0,12192.0,2,1,1,1,0,0,1,4,8.5,271.7,0,0,0,0,0,1
353400,36.828,0.0,0,0,1,0,8.222,-0.832,0,1,1,0,14.523,0.0,0,31.88,0,0,0,1,0,0,1,0,0,1,0,12192.0,2,1,1,1,0,0,1,4,8.6,275.8,0,0,0,0,0,1
353500,36.828,0.0,0,0,1,0,8.145,-0.767,0,1,1,0,14.523,0.0,0,32.21,0,0,0,1,0,0,1,0,0,1,0,12192.0,2,1,1,1,0,0,1,4,8.5,267.9,0,0,0,0,0,1
353600,36.828,0.0,0,0,1,0,8.075,-0.703,0,1,1,0,14.523,0.0,0,32.06,0,0,0,1,0,0,1,0,0,1,0,12192.0,2,1,1,1,0,0,1,4,8.2,269.5,0,0,0,0,0,1
353700,36.828,0.0,0,0,1,0,8.011,-0.638,0,1,1,0,14.523,0.0,0,31.97,0,0,0,1,0,0,1,0,0,1,0,12192.0,2,1,1,1,0,0,1,4,8.3,273.4,0,0,0,0,0,1
353800,36.828,0.0,0,0,1,0,7.954,-0.572,0,1,1,0,14.523,0.0,0,32.0,0,0,0,1,0,0,1,0,0,1,0,12192.0,2,1,1,1,0,0,1,4,9.0,271.7,0,0,0,0,0,1
353900,36.828,0.0,0,0,1,0,7.903,-0.506,0,1,1,0,14.523,0.0,0,31.93,0,0,0,1,0,0,1,0,0,1,0,12192.0,2,1,1,1,0,0,1,4,8.6,271.6,0,0,0,0,0,1
354000,36.828,0.0,0,0,1,0,7.859,-0.44,0,1,1,0,14.523,0.0,0,32.06,0,0,0,1,0,0,1,0,0,1,0,12192.0,2,1,1,1,0,0,1,4,9.2,270.6,0,0,0,0,0,1
354100,36.828,0.0,0,0,1,0,7.822,-0.373,0,1,1,0,14.523,0.0,0,32.05,0,0,0,1,0,0,1,0,0,1,0,12192.0,2,1,1,1,0,0,1,4,8.9,274.4,0,0,0,0,0,1
354200,36.828,0.0,0,0,1,0,7.791,-0.304,0,1,1,0,14.523,0.0,0,32.01,0,0,0,1,0,0,1,0,0,1,0,12192.0,2,1,1,1,0,0,1,4,8.2,269.3,0,0,0,0,0,1
354300,36.828,0.0,0,0,1,0,7.768,-0.234,0,1,1,0,14.523,0.0,0,31.78,0,0,0,1,0,0,1,0,0,1,0,12192.0,2,1,1,1,0,0,1,4,7.6,270.0,0,0,0,0,0,1
354400,36.828,0.0,0,0,1,0,7.752,-0.16,0,1,1,0,14.523,0.0,0,31.99,0,0,0,1,0,0,1,0,0,1,0,12192.0,2,1,1,1,0,0,1,4,7.7,273.1,0,0,0,0,0,1
354500,36.828,0.0,0,0,1,0,7.744,-0.076,0,1,1,0,14.523,0.0,0,31.97,0,0,0,1,0,0,1,0,0,1,0,12192.0,2,1,1,1,0,0,1,4,7.8,271.1,0,0,0,0,0,1
354600,36.828,0.0,0,0,0,0,7.743,0.0,0,0,0,0,14.523,0.0,0,32.06,0,0,0,0,0,0,1,0,0,1,0,12192.0,2,1,1,0,1,0,1,4,7.7,268.0,0,0,0,0,0,1
354700,36.828,0.0,0,0,1,0,7.743,0.0,0,0,1,0,14.518,-0.046,0,30.56,0,0,1,1,0,0,1,0,0,1,0,12192.0,2,1,1,1,0,0,1,4,8.4,270.4,0,0,0,0,0,1
354800,36.828,0.0,0,0,1,0,7.743,0.0,0,0,1,0,14.509,-0.093,0,30.53,0,0,1,1,0,0,1,0,0,1,0,12192.0,2,1,1,1,0,0,1,4,8.2,269.1,0,0,0,0,0,1
354900,36.828,0.0,0,0,1,0,7.743,0.0,0,0,1,0,14.495,-0.139,0,30.5,0,0,1,1,0,0,1,0,0,1,0,12192.0,2,1,1,1,0,0,1,4,7.3,270.2,0,0,0,0,0,1
355000,36.828,0.0,0,0,1,0,7.743,0.0,0,0,1,0,14.477,-0.186,0,30.77,0,0,1,1,0,0,1,0,0,1,0,12192.0,2,1,1,1,0,0,1,4,8.5,269.7,0,0,0,0,0,1
355100,36.828,0.0,0,0,1,0,7.743,0.0,0,0,1,0,14.453,-0.232,0,30.48,0,0,1,1,0,0,1,0,0,1,0,12192.0,2,1,1,1,0,0,1,4,7.5,268.1,0,0,0,0,0,1
355200,36.828,0.0,0,0,1,0,7.743,0.0,0,0,1,0,14.426,-0.278,0,30.36,0,0,1,1,0,0,1,0,0,1,0,12192.0,2,1,1,1,0,0,1,4,8.5,268.2,0,0,0,0,0,1
355300,36.828,0.0,0,0,1,0,7.743,0.0,0,0,1,0,14.393,-0.325,0,30.62,0,0,1,1,0,0,1,0,0,1,0,12192.0,2,1,1,1,0,0,1,4,7.6,271.4,0,0,0,0,0,1
355400,36.828,0.0,0,0,1,0,7.743,0.0,0,0,1,0,14.356,-0.371,0,30.46,0,0,1,1,0,0,1,0,0,1,0,12192.0,2,1,1,1,0,0,1,4,8.0,270.5,0,0,0,0,0,1
355500,36.828,0.0,0,0,1,0,7.743,0.0,0,0,1,0,14.314,-0.417,0,30.25,0,0,1,1,0,0,1,0,0,1,0,12192.0,2,1,1,1,0,0,1,4,7.5,272.9,0,0,0,0,0,1
355600,36.828,0.0,0,0,1,0,7.743,0.0,0,0,1,0,14.268,-0.464,0,30.58,0,0,1,1,0,0,1,0,0,1,0,12192.0,2,1,1,1,0,0,1,4,7.5,270.8,0,0,0,0,0,1
355700,36.828,0.0,0,0,1,0,7.743,0.0,0,0,1,0,14.217,-0.51,0,30.54,0,0,1,1,0,0,1,0,0,1,0,12192.0,2,1,1,1,0,0,1,4,7.7,268.0,0,0,0,0,0,1
355800,36.828,0.0,0,0,1,0,7.743,0.0,0,0,1,0,14.161,-0.557,0,30.31,0,0,1,1,0,0,1,0,0,1,0,12192.0,2,1,1,1,0,0,1,4,7.9,268.7,0,0,0,0,0,1
355900,36.828,0.0,0,0,1,0,7.743,0.0,0,0,1,0,14.101,-0.603,0,30.29,0,0,1,1,0,0,1,0,0,1,0,12192.0,2,1,1,1,0,0,1,4,7.4,265.7,0,0,0,0,0,1
356000,36.828,0.0,0,0,1,0,7.743,0.0,0,0,1,0,14.036,-0.649,0,30.59,0,0,1,1,0,0,1,0,0,1,0,12192.0,2,1,1,1,0,0,1,4,7.9,272.1,0,0,0,0,0,1
356100,36.828,0.0,0,0,1,0,7.743,0.0,0,0,1,0,13.966,-0.696,0,30.45,0,0,1,1,0,0,1,0,0,1,0,12192.0,2,1,1,1,0,0,1,4,7.3,272.7,0,0,0,0,0,1
356200,36.828,0.0,0,0,1,0,7.743,0.0,0,0,1,0,13.892,-0.742,0,30.17,0,0,1,1,0,0,1,0,0,1,0,12192.0,2,1,1,1,0,0,1,4,7.2,268.5,0,0,0,0,0,1
356300,36.828,0.0,0,0,1,0,7.743,0.0,0,0,1,0,13.813,-0.788,0,30.59,0,0,1,1,0,0,1,0,0,1,0,12192.0,2,1,1,1,0,0,1,4,7.4,269.1,0,0,0,0,0,1
356400,36.828,0.0,0,0,1,0,7.743,0.0,0,0,1,0,13.73,-0.835,0,30.38,0,0,1,1,0,0,1,0,0,1,0,12192.0,2,1,1,1,0,0,1,4,7.2,270.2,0,0,0,0,0,1
356500,36.828,0.0,0,0,1,0,7.743,0.0,0,0,1,0,13.642,-0.881,0,30.54,0,0,1,1,0,0,1,0,0,1,0,12192.0,2,1,1,1,0,0,1,4,7.8,265.3,0,0,0,0,0,1
356600,36.828,0.0,0,0,1,0,7.743,0.0,0,0,1,0,13.549,-0.928,0,30.28,0,0,1,1,0,0,1,0,0,1,0,12192.0,2,1,1,1,0,0,1,4,8.1,268.6,0,0,0,0,0,1
356700,36.828,0.0,0,0,1,0,7.743,0.0,0,0,1,0,13.452,-0.974,0,30.54,0,0,1,1,0,0,1,0,0,1,0,12192.0,2,1,1,1,0,0,1,4,7.4,271.6,0,0,0,0,0,1
356800,36.828,0.0,0,0,1,0,7.743,0.0,0,0,1,0,13.35,-1.02,0,30.42,0,0,1,1,0,0,1,0,0,1,0,12192.0,2,1,1,1,0,0,1,4,7.3,267.0,0,0,0,0,0,1
356900,36.828,0.0,0,0,1,0,7.743,0.0,0,0,1,0,13.243,-1.067,0,30.23,0,0,1,1,0,0,1,0,0,1,0,12192.0,2,1,1,1,0,0,1,4,7.3,268.1,0,0,0,0,0,1
357000,36.828,0.0,0,0,1,0,7.743,0.0,0,0,1,0,13.132,-1.113,0,30.36,0,0,1,1,0,0,1,0,0,1,0,12192.0,2,1,1,1,0,0,1,4,7.6,270.3,0,0,0,0,0,1
357100,36.828,0.0,0,0,1,0,7.743,0.0,0,0,1,0,13.016,-1.159,0,30.44,0,0,1,1,0,0,1,0,0,1,0,12192.0,2,1,1,1,0,0,1,4,7.2,270.2,0,0,0,0,0,1
357200,36.828,0.0,0,0,1,0,7.743,0.0,0,0,1,0,12.899,-1.168,0,30.41,0,0,1,1,0,0,1,0,0,1,0,12192.0,2,1,1,1,0,0,1,4,7.6,268.6,0,0,0,0,0,1
357300,36.828,0.0,0,0,1,0,7.743,0.0,0,0,1,0,12.782,-1.168,0,30.42,0,0,1,1,0,0,1,0,0,1,0,12192.0,2,1,1,1,0,0,1,4,7.5,268.0,0,0,0,0,0,1
357400,36.828,0.0,0,0,1,0,7.743,0.0,0,0,1,0,12.665,-1.168,0,30.59,0,0,1,1,0,0,1,0,0,1,0,12192.0,2,1,1,1,0,0,1,4,7.8,269.0,0,0,0,0,0,1
357500,36.828,0.0,0,0,1,0,7.743,0.0,0,0,1,0,12.548,-1.168,0,30.28,0,0,1,1,0,0,1,0,0,1,0,12192.0,2,1,1,1,0,0,1,4,7.1,270.4,0,0,0,0,0,1
357600,36.828,0.0,0,0,1,0,7.743,0.0,0,0,1,0,12.432,-1.168,0,30.53,0,0,1,1,0,0,1,0,0,1,0,12192.0,2,1,1,1,0,0,1,4,7.9,269.6,0,0,0,0,0,1
357700,36.828,0.0,0,0,1,0,7.743,0.0,0,0,1,0,12.315,-1.168,0,30.6,0,0,1,1,0,0,1,0,0,1,0,12192.0,2,1,1,1,0,0,1,4,7.3,271.7,0,0,0,0,0,1
357800,36.828,0.0,0,0,1,0,7.743,0.0,0,0,1,0,12.198,-1.168,0,30.66,0,0,1,1,0,0,1,0,0,1,0,12192.0,2,1,1,1,0,0,1,4,7.4,267.4,0,0,0,0,0,1
357900,36.828,0.0,0,0,1,0,7.743,0.0,0,0,1,0,12.081,-1.168,0,30.48,0,0,1,1,0,0,1,0,0,1,0,12192.0,2,1,1,1,0,0,1,4,6.8,269.8,0,0,0,0,0,1
358000,36.828,0.0,0,0,1,0,7.743,0.0,0,0,1,0,11.964,-1.168,0,30.34,0,0,1,1,0,0,1,0,0,1,0,12192.0,2,1,1,1,0,0,1,4,6.6,270.1,0,0,0,0,0,1
358100,36.828,0.0,0,0,1,0,7.743,0.0,0,0,1,0,11.847,-1.168,0,30.24,0,0,1,1,0,0,1,0,0,1,0,12192.0,2,1,1,1,0,0,1,4,8.2,267.2,0,0,0,0,0,1
358200,36.828,0.0,0,0,1,0,7.743,0.0,0,0,1,0,11.731,-1.168,0,30.5,0,0,1,1,0,0,1,0,0,1,0,12192.0,2,1,1,1,0,0,1,4,7.4,267.1,0,0,0,0,0,1
358300,36.828,0.0,0,0,1,0,7.743,0.0,0,0,1,0,11.614,-1.168,0,30.27,0,0,1,1,0,0,1,0,0,1,0,12192.0,2,1,1,1,0,0,1,4,7.6,271.9,0,0,0,0,0,1
358400,36.828,0.0,0,0,1,0,7.743,0.0,0,0,1,0,11.497,-1.168,0,30.47,0,0,1,1,0,0,1,0,0,1,0,12192.0,2,1,1,1,0,0,1,4,7.0,269.5,0,0,0,0,0,1
358500,36.828,0.0,0,0,1,0,7.743,0.0,0,0,1,0,11.38,-1.168,0,30.33,0,0,1,1,0,0,1,0,0,1,0,12192.0,2,1,1,1,0,0,1,4,7.7,268.0,0,0,0,0,0,1
358600,36.828,0.0,0,0,1,0,7.743,0.0,0,0,1,0,11.263,-1.168,0,30.42,0,0,1,1,0,0,1,0,0,1,0,12192.0,2,1,1,1,0,0,1,4,7.9,274.5,0,0,0,0,0,1
358700,36.828,0.0,0,0,1,0,7.743,0.0,0,0,1,0,11.146,-1.168,0,30.4,0,0,1,1,0,0,1,0,0,1,0,12192.0,2,1,1,1,0,0,1,4,7.6,267.5,0,0,0,0,0,1
358800,36.828,0.0,0,0,1,0,7.743,0.0,0,0,1,0,11.03,-1.168,0,30.52,0,0,1,1,0,0,1,0,0,1,0,12192.0,2,1,1,1,0,0,1,4,7.6,268.0,0,0,0,0,0,1
358900,36.828,0.0,0,0,1,0,7.743,0.0,0,0,1,0,10.913,-1.168,0,30.24,0,0,1,1,0,0,1,0,0,1,0,12192.0,2,1,1,1,0,0,1,4,6.6,264.8,0,0,0,0,0,1
359000,36.828,0.0,0,0,1,0,7.743,0.0,0,0,1,0,10.796,-1.168,0,30.36,0,0,1,1,0,0,1,0,0,1,0,12192.0,2,1,1,1,0,0,1,4,8.6,268.3,0,0,0,0,0,1
359100,36.828,0.0,0,0,1,0,7.743,0.0,0,0,1,0,10.679,-1.168,0,30.6,0,0,1,1,0,0,1,0,0,1,0,12192.0,2,1,1,1,0,0,1,4,7.2,276.2,0,0,0,0,0,1
359200,36.828,0.0,0,0,1,0,7.743,0.0,0,0,1,0,10.562,-1.168,0,30.4,0,0,1,1,0,0,1,0,0,1,0,12192.0,2,1,1,1,0,0,1,4,8.0,274.3,0,0,0,0,0,1
359300,36.828,0.0,0,0,1,0,7.743,0.0,0,0,1,0,10.445,-1.168,0,30.43,0,0,1,1,0,0,1,0,0,1,0,12192.0,2,1,1,1,0,0,1,4,8.9,269.6,0,0,0,0,0,1
359400,36.828,0.0,0,0,1,0,7.743,0.0,0,0,1,0,10.329,-1.168,0,30.54,0,0,1,1,0,0,1,0,0,1,0,12192.0,2,1,1,1,0,0,1,4,8.2,271.6,0,0,0,0,0,1
359500,36.828,0.0,0,0,1,0,7.743,0.0,0,0,1,0,10.212,-1.168,0,30.4,0,0,1,1,0,0,1,0,0,1,0,12192.0,2,1,1,1,0,0,1,4,8.7,273.6,0,0,0,0,0,1
359600,36.828,0.0,0,0,1,0,7.743,0.0,0,0,1,0,10.095,-1.168,0,30.69,0,0,1,1,0,0,1,0,0,1,0,12192.0,2,1,1,1,0,0,1,4,9.1,269.7,0,0,0,0,0,1
359700,36.828,0.0,0,0,1,0,7.743,0.0,0,0,1,0,9.978,-1.168,0,30.47,0,0,1,1,0,0,1,0,0,1,0,12192.0,2,1,1,1,0,0,1,4,7.8,269.6,0,0,0,0,0,1
359800,36.828,0.0,0,0,1,0,7.743,0.0,0,0,1,0,9.861,-1.168,0,30.6,0,0,1,1,0,0,1,0,0,1,0,12192.0,2,1,1,1,0,0,1,4,9.1,274.3,0,0,0,0,0,1
359900,36.828,0.0,0,0,1,0,7.743,0.0,0,0,1,0,9.744,-1.168,0,30.48,0,0,1,1,0,0,1,0,0,1,0,12192.0,2,1,1,1,0,0,1,4,8.2,269.6,0,0,0,0,0,1
360000,36.828,0.0,0,0,1,0,7.743,0.0,0,0,1,0,9.628,-1.168,0,30.55,0,0,1,1,0,0,1,0,0,1,0,12192.0,2,1,1,1,0,0,1,4,8.5,271.3,0,0,0,0,0,1
360100,36.828,0.0,0,0,1,0,7.743,0.0,0,0,1,0,9.511,-1.168,0,30.49,0,0,1,1,0,0,1,0,0,1,0,12192.0,2,1,1,1,0,0,1,4,8.8,267.0,0,0,0,0,0,1
360200,36.828,0.0,0,0,1,0,7.743,0.0,0,0,1,0,9.394,-1.168,0,30.48,0,0,1,1,0,0,1,0,0,1,0,12192.0,2,1,1,1,0,0,1,4,8.7,273.3,0,0,0,0,0,1
360300,36.828,0.0,0,0,1,0,7.743,0.0,0,0,1,0,9.277,-1.168,0,30.49,0,0,1,1,0,0,1,0,0,1,0,12192.0,2,1,1,1,0,0,1,4,8.4,268.2,0,0,0,0,0,1
360400,36.828,0.0,0,0,1,0,7.743,0.0,0,0,1,0,9.16,-1.168,0,30.22,0,0,1,1,0,0,1,0,0,1,0,12192.0,2,1,1,1,0,0,1,4,7.3,267.3,0,0,0,0,0,1
360500,36.828,0.0,0,0,1,0,7.743,0.0,0,0,1,0,9.043,-1.168,0,30.55,0,0,1,1,0,0,1,0,0,1,0,12192.0,2,1,1,1,0,0,1,4,7.7,269.3,0,0,0,0,0,1
360600,36.828,0.0,0,0,1,0,7.743,0.0,0,0,1,0,8.927,-1.168,0,30.56,0,0,1,1,0,0,1,0,0,1,0,12192.0,2,1,1,1,0,0,1,4,7.9,272.0,0,0,0,0,0,1
360700,36.828,0.0,0,0,1,0,7.743,0.0,0,0,1,0,8.81,-1.168,0,30.6,0,0,1,1,0,0,1,0,0,1,0,12192.0,2,1,1,1,0,0,1,4,9.3,270.5,0,0,0,0,0,1
360800,36.828,0.0,0,0,1,0,7.743,0.0,0,0,1,0,8.693,-1.168,0,30.58,0,0,1,1,0,0,1,0,0,1,0,12192.0,2,1,1,1,0,0,1,4,8.5,272.3,0,0,0,0,0,1
360900,36.828,0.0,0,0,1,0,7.743,0.0,0,0,1,0,8.576,-1.168,0,30.41,0,0,1,1,0,0,1,0,0,1,0,12192.0,2,1,1,1,0,0,1,4,9.0,272.3,0,0,0,0,0,1
361000,36.828,0.0,0,0,1,0,7.743,0.0,0,0,1,0,8.459,-1.168,0,30.6,0,0,1,1,0,0,1,0,0,1,0,12192.0,2,1,1,1,0,0,1,4,7.6,265.9,0,0,0,0,0,1
361100,36.828,0.0,0,0,1,0,7.743,0.0,0,0,1,0,8.342,-1.168,0,30.51,0,0,1,1,0,0,1,0,0,1,0,12192.0,2,1,1,1,0,0,1,4,9.9,270.3,0,0,0,0,0,1
361200,36.828,0.0,0,0,1,0,7.743,0.0,0,0,1,0,8.226,-1.168,0,30.51,0,0,1,1,0,0,1,0,0,1,0,12192.0,2,1,1,1,0,0,1,4,8.7,271.1,0,0,0,0,0,1
361300,36.828,0.0,0,0,1,0,7.743,0.0,0,0,1,0,8.109,-1.168,0,30.29,0,0,1,1,0,0,1,0,0,1,0,12192.0,2,1,1,1,0,0,1,4,9.3,271.8,0,0,0,0,0,1
361400,36.828,0.0,0,0,1,0,7.743,0.0,0,0,1,0,7.992,-1.168,0,30.6,0,0,1,1,0,0,1,0,0,1,0,12192.0,2,1,1,1,0,0,1,4,8.7,271.4,0,0,0,0,0,1
361500,36.828,0.0,0,0,1,0,7.743,0.0,0,0,1,0,7.875,-1.168,0,30.39,0,0,1,1,0,0,1,0,0,1,0,12192.0,2,1,1,1,0,0,1,4,9.1,271.1,0,0,0,0,0,1
361600,36.828,0.0,0,0,1,0,7.743,0.0,0,0,1,0,7.758,-1.168,0,30.49,0,0,1,1,0,0,1,0,0,1,0,12192.0,2,1,1,1,0,0,1,4,8.7,271.7,0,0,0,0,0,1
361700,36.828,0.0,0,0,1,0,7.743,0.0,0,0,1,0,7.641,-1.168,0,30.49,0,0,1,1,0,0,1,0,0,1,0,12192.0,2,1,1,1,0,0,1,4,8.4,266.7,0,0,0,0,0,1
361800,36.828,0.0,0,0,1,0,7.743,0.0,0,0,1,0,7.525,-1.168,0,30.64,0,0,1,1,0,0,1,0,0,1,0,12192.0,2,1,1,1,0,0,1,4,8.6,268.7,0,0,0,0,0,1
361900,36.828,0.0,0,0,1,0,7.743,0.0,0,0,1,0,7.408,-1.168,0,30.47,0,0,1,1,0,0,1,0,0,1,0,12192.0,2,1,1,1,0,0,1,4,8.0,270.1,0,0,0,0,0,1
362000,36.828,0.0,0,0,1,0,7.743,0.0,0,0,1,0,7.291,-1.168,0,30.61,0,0,1,1,0,0,1,0,0,1,0,12192.0,2,1,1,1,0,0,1,4,7.8,271.1,0,0,0,0,0,1
362100,36.828,0.0,0,0,1,0,7.743,0.0,0,0,1,0,7.174,-1.168,0,30.61,0,0,1,1,0,0,1,0,0,1,0,12192.0,2,1,1,1,0,0,1,4,8.6,273.8,0,0,0,0,0,1
362200,36.828,0.0,0,0,1,0,7.743,0.0,0,0,1,0,7.057,-1.168,0,30.55,0,0,1,1,0,0,1,0,0,1,0,12192.0,2,1,1,1,0,0,1,4,8.2,267.6,0,0,0,0,0,1
362300,36.828,0.0,0,0,1,0,7.743,0.0,0,0,1,0,6.94,-1.168,0,30.36,0,0,1,1,0,0,1,0,0,1,0,12192.0,2,1,1,1,0,0,1,4,8.8,269.0,0,0,0,0,0,1
362400,36.828,0.0,0,0,1,0,7.743,0.0,0,0,1,0,6.824,-1.168,0,30.35,0,0,1,1,0,0,1,0,0,1,0,12192.0,2,1,1,1,0,0,1,4,8.5,266.9,0,0,0,0,0,1
362500,36.828,0.0,0,0,1,0,7.743,0.0,0,0,1,0,6.707,-1.168,0,30.41,0,0,1,1,0,0,1,0,0,1,0,12192.0,2,1,1,1,0,0,1,4,7.9,267.2,0,0,0,0,0,1
362600,36.828,0.0,0,0,1,0,7.743,0.0,0,0,1,0,6.59,-1.168,0,30.39,0,0,1,1,0,0,1,0,0,1,0,12192.0,2,1,1,1,0,0,1,4,8.9,267.9,0,0,0,0,0,1
362700,36.828,0.0,0,0,1,0,7.743,0.0,0,0,1,0,6.473,-1.168,0,30.33,0,0,1,1,0,0,1,0,0,1,0,12192.0,2,1,1,1,0,0,1,4,8.3,266.2,0,0,0,0,0,1
362800,36.828,0.0,0,0,1,0,7.743,0.0,0,0,1,0,6.356,-1.168,0,30.49,0,0,1,1,0,0,1,0,0,1,0,12192.0,2,1,1,1,0,0,1,4,8.4,274.2,0,0,0,0,0,1
362900,36.828,0.0,0,0,1,0,7.743,0.0,0,0,1,0,6.239,-1.168,0,30.67,0,0,1,1,0,0,1,0,0,1,0,12192.0,2,1,1,1,0,0,1,4,9.0,267.0,0,0,0,0,0,1
363000,36.828,0.0,0,0,1,0,7.743,0.0,0,0,1,0,6.123,-1.168,0,30.58,0,0,1,1,0,0,1,0,0,1,0,12192.0,2,1,1,1,0,0,1,4,7.9,265.2,0,0,0,0,0,1
363100,36.828,0.0,0,0,1,0,7.743,0.0,0,0,1,0,6.006,-1.168,0,30.37,0,0,1,1,0,0,1,0,0,1,0,12192.0,2,1,1,1,0,0,1,4,8.4,276.5,0,0,0,0,0,1
363200,36.828,0.0,0,0,1,0,7.743,0.0,0,0,1,0,5.889,-1.168,0,30.36,0,0,1,1,0,0,1,0,0,1,0,12192.0,2,1,1,1,0,0,1,4,7.5,271.8,0,0,0,0,0,1
363300,36.828,0.0,0,0,1,0,7.743,0.0,0,0,1,0,5.772,-1.168,0,30.5,0,0,1,1,0,0,1,0,0,1,0,12192.0,2,1,1,1,0,0,1,4,8.9,267.7,0,0,0,0,0,1
363400,36.828,0.0,0,0,1,0,7.743,0.0,0,0,1,0,5.655,-1.168,0,30.4,0,0,1,1,0,0,1,0,0,1,0,12192.0,2,1,1,1,0,0,1,4,8.0,268.3,0,0,0,0,0,1
363500,36.828,0.0,0,0,1,0,7.743,0.0,0,0,1,0,5.538,-1.168,0,30.57,0,0,1,1,0,0,1,0,0,1,0,12192.0,2,1,1,1,0,0,1,4,8.2,270.1,0,0,0,0,0,1
363600,36.828,0.0,0,0,1,0,7.743,0.0,0,0,1,0,5.422,-1.168,0,30.36,0,0,1,1,0,0,1,0,0,1,0,12192.0,2,1,1,1,0,0,1,4,8.1,274.4,0,0,0,0,0,1
363700,36.828,0.0,0,0,1,0,7.743,0.0,0,0,1,0,5.305,-1.168,0,30.58,0,0,1,1,0,0,1,0,0,1,0,12192.0,2,1,1,1,0,0,1,4,7.9,271.3,0,0,0,0,0,1
363800,36.828,0.0,0,0,1,0,7.743,0.0,0,0,1,0,5.188,-1.168,0,30.52,0,0,1,1,0,0,1,0,0,1,0,12192.0,2,1,1,1,0,0,1,4,6.9,273.5,0,0,0,0,0,1
363900,36.828,0.0,0,0,1,0,7.743,0.0,0,0,1,0,5.071,-1.168,0,30.55,0,0,1,1,0,0,1,0,0,1,0,12192.0,2,1,1,1,0,0,1,4,7.5,269.4,0,0,0,0,0,1
364000,36.828,0.0,0,0,1,0,7.743,0.0,0,0,1,0,4.954,-1.168,0,30.4,0,0,1,1,0,0,1,0,0,1,0,12192.0,2,1,1,1,0,0,1,4,7.0,269.7,0,0,0,0,0,1
364100,36.828,0.0,0,0,1,0,7.743,0.0,0,0,1,0,4.837,-1.168,0,30.54,0,0,1,1,0,0,1,0,0,1,0,12192.0,2,1,1,1,0,0,1,4,7.5,275.0,0,0,0,0,0,1
364200,36.828,0.0,0,0,1,0,7.743,0.0,0,0,1,0,4.721,-1.168,0,30.51,0,0,1,1,0,0,1,0,0,1,0,12192.0,2,1,1,1,0,0,1,4,7.3,268.7,0,0,0,0,0,1
364300,36.828,0.0,0,0,1,0,7.743,0.0,0,0,1,0,4.604,-1.168,0,30.56,0,0,1,1,0,0,1,0,0,1,0,12192.0,2,1,1,1,0,0,1,4,7.7,269.9,0,0,0,0,0,1
364400,36.828,0.0,0,0,1,0,7.743,0.0,0,0,1,0,4.487,-1.168,0,30.48,0,0,1,1,0,0,1,0,0,1,0,12192.0,2,1,1,1,0,0,1,4,8.2,270.5,0,0,0,0,0,1
364500,36.828,0.0,0,0,1,0,7.743,0.0,0,0,1,0,4.37,-1.168,0,30.48,0,0,1,1,0,0,1,0,0,1,0,12192.0,2,1,1,1,0,0,1,4,7.9,270.8,0,0,0,0,0,1
364600,36.828,0.0,0,0,1,0,7.743,0.0,0,0,1,0,4.253,-1.168,0,30.71,0,0,1,1,0,0,1,0,0,1,0,12192.0,2,1,1,1,0,0,1,4,7.7,272.9,0,0,0,0,0,1
364700,36.828,0.0,0,0,1,0,7.743,0.0,0,0,1,0,4.136,-1.168,0,30.56,0,0,1,1,0,0,1,0,0,1,0,12192.0,2,1,1,1,0,0,1,4,7.0,272.9,0,0,0,0,0,1
364800,36.828,0.0,0,0,1,0,7.743,0.0,0,0,1,0,4.02,-1.168,0,30.33,0,0,1,1,0,0,1,0,0,1,0,12192.0,2,1,1,1,0,0,1,4,7.4,273.3,0,0,0,0,0,1
364900,36.828,0.0,0,0,1,0,7.743,0.0,0,0,1,0,3.903,-1.168,0,30.55,0,0,1,1,0,0,1,0,0,1,0,12192.0,2,1,1,1,0,0,1,4,7.7,267.1,0,0,0,0,0,1
365000,36.828,0.0,0,0,1,0,7.743,0.0,0,0,1,0,3.786,-1.168,0,30.45,0,0,1,1,0,0,1,0,0,1,0,12192.0,2,1,1,1,0,0,1,4,7.0,266.6,0,0,0,0,0,1
365100,36.828,0.0,0,0,1,0,7.743,0.0,0,0,1,0,3.669,-1.168,0,30.25,0,0,1,1,0,0,1,0,0,1,0,12192.0,2,1,1,1,0,0,1,4,8.1,269.4,0,0,0,0,0,1
365200,36.828,0.0,0,0,1,0,7.743,0.0,0,0,1,0,3.552,-1.168,0,30.49,0,0,1,1,0,0,1,0,0,1,0,12192.0,2,1,1,1,0,0,1,4,7.3,268.8,0,0,0,0,0,1
365300,36.828,0.0,0,0,1,0,7.743,0.0,0,0,1,0,3.435,-1.168,0,30.31,0,0,1,1,0,0,1,0,0,1,0,12192.0,2,1,1,1,0,0,1,4,7.3,271.3,0,0,0,0,0,1
365400,36.828,0.0,0,0,1,0,7.743,0.0,0,0,1,0,3.319,-1.168,0,30.51,0,0,1,1,0,0,1,0,0,1,0,12192.0,2,1,1,1,0,0,1,4,7.0,267.8,0,0,0,0,0,1
365500,36.828,0.0,0,0,1,0,7.743,0.0,0,0,1,0,3.202,-1.168,0,30.57,0,0,1,1,0,0,1,0,0,1,0,12192.0,2,1,1,1,0,0,1,4,7.1,269.8,0,0,0,0,0,1
365600,36.828,0.0,0,0,1,0,7.743,0.0,0,0,1,0,3.085,-1.168,0,30.73,0,0,1,1,0,0,1,0,0,1,0,12192.0,2,1,1,1,0,0,1,4,7.3,271.6,0,0,0,0,0,1
365700,36.828,0.0,0,0,1,0,7.743,0.0,0,0,1,0,2.968,-1.168,0,30.56,0,0,1,1,0,0,1,0,0,1,0,12192.0,2,1,1,1,0,0,1,4,7.5,267.7,0,0,0,0,0,1
365800,36.828,0.0,0,0,1,0,7.743,0.0,0,0,1,0,2.851,-1.168,0,30.51,0,0,1,1,0,0,1,0,0,1,0,12192.0,2,1,1,1,0,0,1,4,7.9,262.7,0,0,0,0,0,1
365900,36.828,0.0,0,0,1,0,7.743,0.0,0,0,1,0,2.734,-1.168,0,30.43,0,0,1,1,0,0,1,0,0,1,0,12192.0,2,1,1,1,0,0,1,4,7.5,268.4,0,0,0,0,0,1
366000,36.828,0.0,0,0,1,0,7.743,0.0,0,0,1,0,2.618,-1.168,0,30.38,0,0,1,1,0,0,1,0,0,1,0,12192.0,2,1,1,1,0,0,1,4,7.9,269.7,0,0,0,0,0,1
366100,36.828,0.0,0,0,1,0,7.743,0.0,0,0,1,0,2.501,-1.168,0,30.38,0,0,1,1,0,0,1,0,0,1,0,12192.0,2,1,1,1,0,0,1,4,6.4,268.3,0,0,0,0,0,1
366200,36.828,0.0,0,0,1,0,7.743,0.0,0,0,1,0,2.384,-1.168,0,30.39,0,0,1,1,0,0,1,0,0,1,0,12192.0,2,1,1,1,0,0,1,4,8.8,274.0,0,0,0,0,0,1
366300,36.828,0.0,0,0,1,0,7.743,0.0,0,0,1,0,2.267,-1.168,0,30.77,0,0,1,1,0,0,1,0,0,1,0,12192.0,2,1,1,1,0,0,1,4,8.4,269.7,0,0,0,0,0,1
366400,36.828,0.0,0,0,1,0,7.743,0.0,0,0,1,0,2.15,-1.168,0,30.43,0,0,1,1,0,0,1,0,0,1,0,12192.0,2,1,1,1,0,0,1,4,7.4,271.7,0,0,0,0,0,1
366500,36.828,0.0,0,0,1,0,7.743,0.0,0,0,1,0,2.038,-1.122,0,33.61,0,0,1,1,0,0,1,0,0,1,0,12192.0,2,1,1,1,0,0,1,4,7.1,269.1,0,0,0,0,0,1
366600,36.828,0.0,0,0,1,0,7.743,0.0,0,0,1,0,1.93,-1.076,0,33.64,0,0,1,1,0,0,1,0,0,1,0,12192.0,2,1,1,1,0,0,1,4,7.1,268.7,0,0,0,0,0,1
366700,36.828,0.0,0,0,1,0,7.743,0.0,0,0,1,0,1.828,-1.029,0,33.32,0,0,1,1,0,0,1,0,0,1,0,12192.0,2,1,1,1,0,0,1,4,7.6,269.2,0,0,0,0,0,1
366800,36.828,0.0,0,0,1,0,7.743,0.0,0,0,1,0,1.729,-0.983,0,33.26,0,0,1,1,0,0,1,0,0,1,0,12192.0,2,1,1,1,0,0,1,4,7.5,266.8,0,0,0,0,0,1
366900,36.828,0.0,0,0,1,0,7.743,0.0,0,0,1,0,1.636,-0.936,0,33.72,0,0,1,1,0,0,1,0,0,1,0,12192.0,2,1,1,1,0,0,1,4,7.3,271.1,0,0,0,0,0,1
367000,36.828,0.0,0,0,1,0,7.743,0.0,0,0,1,0,1.547,-0.89,0,33.45,0,0,1,1,0,0,1,0,0,1,0,12192.0,2,1,1,1,0,0,1,4,6.6,278.4,0,0,0,0,0,1
367100,36.828,0.0,0,0,1,0,7.743,0.0,0,0,1,0,1.458,-0.89,0,30.47,0,0,1,1,0,0,1,0,0,1,0,12192.0,2,1,1,1,0,0,1,4,7.6,271.4,0,0,0,0,0,1
367200,36.828,0.0,0,0,1,0,7.743,0.0,0,0,1,0,1.373,-0.843,0,33.35,0,0,1,1,0,0,1,0,0,1,0,12192.0,2,1,1,1,0,0,1,4,7.4,271.7,0,0,0,0,0,1
367300,36.828,0.0,0,0,1,0,7.743,0.0,0,0,1,0,1.294,-0.795,0,33.68,0,0,1,1,0,0,1,0,0,1,0,12192.0,2,1,1,1,0,0,1,4,7.5,269.9,0,0,0,0,0,1
367400,36.828,0.0,0,0,1,0,7.743,0.0,0,0,1,0,1.219,-0.747,0,33.47,0,0,1,1,0,0,1,0,0,1,0,12192.0,2,1,1,1,0,0,1,4,8.0,269.6,0,0,0,0,0,1
367500,36.828,0.0,0,0,1,0,7.743,0.0,0,0,1,0,1.149,-0.699,0,33.8,0,0,1,1,0,0,1,0,0,1,0,12192.0,2,1,1,1,0,0,1,4,6.9,269.7,0,0,0,0,0,1
367600,36.828,0.0,0,0,1,0,7.743,0.0,0,0,1,0,1.084,-0.651,0,33.51,0,0,1,1,0,0,1,0,0,1,0,12192.0,2,1,1,1,0,0,1,4,8.0,269.9,0,0,0,0,0,1
367700,36.828,0.0,0,0,1,0,7.743,0.0,0,0,1,0,1.024,-0.603,0,33.52,0,0,1,1,0,0,1,0,0,1,0,12192.0,2,1,1,1,0,0,1,4,8.0,265.9,0,0,0,0,0,1
367800,36.828,0.0,0,0,1,0,7.743,0.0,0,0,1,0,0.968,-0.555,0,33.82,0,0,1,1,0,0,1,0,0,1,0,12192.0,2,1,1,1,0,0,1,4,7.8,269.7,0,0,0,0,0,1
367900,36.828,0.0,0,0,1,0,7.743,0.0,0,0,1,0,0.918,-0.506,0,33.31,0,0,1,1,0,0,1,0,0,1,0,12192.0,2,1,1,1,0,0,1,4,7.6,272.9,0,0,0,0,0,1
368000,36.828,0.0,0,0,1,0,7.743,0.0,0,0,1,0,0.872,-0.457,0,33.55,0,0,1,1,0,0,1,0,0,1,0,12192.0,2,1,1,1,0,0,1,4,8.2,266.7,0,0,0,0,0,1
368100,36.828,0.0,0,0,1,0,7.743,0.0,0,0,1,0,0.831,-0.408,0,33.37,0,0,1,1,0,0,1,0,0,1,0,12192.0,2,1,1,1,0,0,1,4,8.0,269.2,0,0,0,0,0,1
368200,36.828,0.0,0,0,1,0,7.743,0.0,0,0,1,0,0.795,-0.359,0,33.63,0,0,1,1,0,0,1,0,0,1,0,12192.0,2,1,1,1,0,0,1,4,7.6,270.7,0,0,0,0,0,1
368300,36.828,0.0,0,0,1,0,7.743,0.0,0,0,1,0,0.764,-0.309,0,33.7,0,0,1,1,0,0,1,0,0,1,0,12192.0,2,1,1,1,0,0,1,4,7.9,265.6,0,0,0,0,0,1
368400,36.828,0.0,0,0,1,0,7.743,0.0,0,0,1,0,0.739,-0.259,0,33.27,0,0,1,1,0,0,1,0,0,1,0,12192.0,2,1,1,1,0,0,1,4,8.2,272.5,0,0,0,0,0,1
368500,36.828,0.0,0,0,1,0,7.743,0.0,0,0,1,0,0.718,-0.207,0,33.69,0,0,1,1,0,0,1,0,0,1,0,12192.0,2,1,1,1,0,0,1,4,7.7,265.6,0,0,0,0,0,1
368600,36.828,0.0,0,0,1,0,7.743,0.0,0,0,1,0,0.702,-0.154,0,33.66,0,0,1,1,0,0,1,0,0,1,0,12192.0,2,1,1,1,0,0,1,4,8.5,265.7,0,0,0,0,0,1
368700,36.828,0.0,0,0,1,0,7.743,0.0,0,0,1,0,0.693,-0.097,0,33.72,0,0,1,1,0,0,1,0,0,1,0,12192.0,2,1,1,1,0,0,1,4,7.9,272.1,0,0,0,0,0,1
368800,36.828,0.0,0,0,0,0,7.743,0.0,0,0,0,0,0.688,0.0,0,32.0,0,0,0,0,0,0,1,0,0,1,0,12192.0,2,1,1,0,1,0,1,4,7.8,269.6,0,0,0,0,0,1
368900,36.828,0.0,0,0,0,0,7.743,0.0,0,0,0,0,0.688,0.0,0,32.1,0,0,0,0,0,0,1,0,1,1,0,12192.0,2,1,1,0,1,0,1,4,8.0,268.9,0,0,0,0,0,1
369000,36.828,0.0,0,0,0,0,7.743,0.0,0,0,0,0,0.688,0.0,0,32.05,0,0,0,0,0,0,1,0,1,1,0,12192.0,2,1,1,0,1,0,1,4,8.3,270.9,0,0,0,0,0,1
369100,36.828,0.0,0,0,0,0,7.743,0.0,0,0,0,0,0.688,0.0,0,32.04,0,0,0,0,0,0,1,0,1,1,0,12192.0,2,1,1,0,1,0,1,4,8.6,269.3,0,0,0,0,0,1
369200,36.828,0.0,0,0,0,0,7.743,0.0,0,0,0,0,0.688,0.0,0,31.83,0,0,0,0,0,0,1,0,1,1,0,12192.0,2,1,1,0,1,0,1,4,8.1,271.4,0,0,0,0,0,1
369300,36.828,0.0,0,0,0,0,7.743,0.0,0,0,0,0,0.688,0.0,0,32.22,0,0,0,0,0,0,1,0,1,1,0,12192.0,2,1,1,0,1,0,1,4,8.3,269.0,0,0,0,0,0,1
369400,36.828,0.0,0,0,0,0,7.743,0.0,0,0,0,0,0.688,0.0,0,32.02,0,0,0,0,0,0,1,0,1,1,0,12192.0,2,1,1,0,1,0,1,4,7.5,268.8,0,0,0,0,0,1
369500,36.828,0.0,0,0,0,0,7.743,0.0,0,0,0,0,0.688,0.0,0,32.02,0,0,0,0,0,0,1,0,1,1,0,12192.0,2,1,1,0,1,0,1,4,8.0,269.2,0,0,0,0,0,1
369600,36.828,0.0,0,0,0,0,7.743,0.0,0,0,0,0,0.688,0.0,0,31.99,0,0,0,0,0,0,1,0,1,1,0,12192.0,2,1,1,0,1,0,1,4,8.5,272.8,0,0,0,0,0,1
369700,36.828,0.0,0,0,0,0,7.743,0.0,0,0,0,0,0.688,0.0,0,32.05,0,0,0,0,0,0,1,0,1,1,0,12192.0,2,1,1,0,1,0,1,4,8.8,274.3,0,0,0,0,0,1
369800,36.828,0.0,0,0,0,0,7.743,0.0,0,0,0,0,0.688,0.0,0,0.0,0,0,0,0,0,0,0,1,1,1,0,12192.0,2,1,1,0,1,0,1,4,8.8,268.8,0,0,0,0,0,1
369900,36.828,0.0,0,0,0,0,7.743,0.0,0,0,0,0,0.688,0.0,0,0.0,0,0,0,0,0,0,0,1,1,1,0,12192.0,2,1,1,0,1,0,1,4,8.5,269.8,0,0,0,0,0,1
370000,36.828,0.0,0,0,0,0,7.743,0.0,0,0,0,0,0.688,0.0,0,0.0,0,0,0,0,0,0,0,1,1,1,0,12192.0,2,1,1,0,1,0,1,4,7.3,272.3,0,0,0,0,0,1
370100,36.828,0.0,0,0,0,0,7.743,0.0,0,0,0,0,0.688,0.0,0,0.0,0,0,0,0,0,0,0,1,1,1,0,12192.0,2,1,1,0,1,0,1,4,8.5,272.3,0,0,0,0,0,1
370200,36.828,0.0,0,0,0,0,7.743,0.0,0,0,0,0,0.688,0.0,0,0.0,0,0,0,0,0,0,0,1,1,1,0,12192.0,2,1,1,0,1,0,1,4,7.4,271.6,0,0,0,0,0,1
370300,36.828,0.0,0,0,0,0,7.743,0.0,0,0,0,0,0.688,0.0,0,0.0,0,0,0,0,0,0,0,1,1,1,0,12192.0,2,1,1,0,1,0,1,4,9.1,266.8,0,0,0,0,0,1
370400,36.828,0.0,0,0,0,0,7.743,0.0,0,0,0,0,0.688,0.0,0,0.0,0,0,0,0,0,0,0,1,1,1,0,12192.0,2,1,1,0,1,0,1,4,8.5,267.2,0,0,0,0,0,1
370500,36.828,0.0,0,0,0,0,7.743,0.0,0,0,0,0,0.688,0.0,0,0.0,0,0,0,0,0,0,0,1,1,1,0,12192.0,2,1,1,0,1,0,1,4,9.1,268.9,0,0,0,0,0,1
370600,36.828,0.0,0,0,0,0,7.743,0.0,0,0,0,0,0.688,0.0,0,0.0,0,0,0,0,0,0,0,1,1,1,0,12192.0,2,1,1,0,1,0,1,4,8.0,268.4,0,0,0,0,0,1
370700,36.828,0.0,0,0,0,0,7.743,0.0,0,0,0,0,0.688,0.0,0,0.0,0,0,0,0,0,0,0,1,1,1,0,12192.0,2,1,1,0,1,0,1,4,9.3,268.8,0,0,0,0,0,1
370800,36.828,0.0,0,0,0,0,7.743,0.0,0,0,0,0,0.688,0.0,0,0.0,0,0,0,0,0,0,0,1,1,1,0,12192.0,2,1,1,0,1,0,1,4,8.0,266.0,0,0,0,0,0,1
370900,36.828,0.0,0,0,0,0,7.743,0.0,0,0,0,0,0.688,0.0,0,0.0,0,0,0,0,0,0,0,1,1,1,0,12192.0,2,1,1,0,1,0,1,4,8.7,270.6,0,0,0,0,0,1
371000,36.828,0.0,0,0,0,0,7.743,0.0,0,0,0,0,0.688,0.0,0,0.0,0,0,0,0,0,0,0,1,1,1,0,12192.0,2,1,1,0,1,0,1,4,8.2,269.2,0,0,0,0,0,1
371100,36.828,0.0,0,0,0,0,7.743,0.0,0,0,0,0,0.688,0.0,0,0.0,0,0,0,0,0,0,0,1,1,1,0,12192.0,2,1,1,0,1,0,1,4,9.5,272.1,0,0,0,0,0,1
371200,36.828,0.0,0,0,0,0,7.743,0.0,0,0,0,0,0.688,0.0,0,0.0,0,0,0,0,0,0,0,1,1,1,0,12192.0,2,1,1,0,1,0,1,4,8.6,269.3,0,0,0,0,0,1
371300,36.828,0.0,0,0,0,0,7.743,0.0,0,0,0,0,0.688,0.0,0,0.0,0,0,0,0,0,0,0,1,1,1,0,12192.0,2,1,1,0,1,0,1,4,8.1,270.5,0,0,0,0,0,1
371400,36.828,0.0,0,0,0,0,7.743,0.0,0,0,0,0,0.688,0.0,0,0.0,0,0,0,0,0,0,0,1,1,1,0,12192.0,2,1,1,0,1,0,1,4,8.6,273.7,0,0,0,0,0,1
371500,36.828,0.0,0,0,0,0,7.743,0.0,0,0,0,0,0.688,0.0,0,0.0,0,0,0,0,0,0,0,1,1,1,0,12192.0,2,1,1,0,1,0,1,4,8.0,277.1,0,0,0,0,0,1
371600,36.828,0.0,0,0,1,0,7.743,0.0,0,0,1,0,0.693,0.046,1,0.0,0,0,1,1,0,0,0,1,0,0,0,12192.0,2,1,1,1,0,0,1,4,8.4,268.6,0,0,0,0,0,1
371700,36.828,0.0,0,0,1,0,7.743,0.0,0,0,1,0,0.702,0.093,1,0.0,0,0,1,1,0,0,0,1,0,0,0,12192.0,2,1,1,1,0,0,1,4,8.0,265.9,0,0,0,0,0,1
371800,36.828,0.0,0,0,1,0,7.743,0.0,0,0,1,0,0.716,0.139,1,0.0,0,0,1,1,0,0,0,1,0,0,0,12192.0,2,1,1,1,0,0,1,4,8.4,273.5,0,0,0,0,0,1
371900,36.828,0.0,0,0,1,0,7.743,0.0,0,0,1,0,0.734,0.186,1,0.0,0,0,1,1,0,0,0,1,0,0,0,12192.0,2,1,1,1,0,0,1,4,8.0,269.2,0,0,0,0,0,1
372000,36.828,0.0,0,0,1,0,7.743,0.0,0,0,1,0,0.758,0.232,1,0.0,0,0,1,1,0,0,0,1,0,0,0,12192.0,2,1,1,1,0,0,1,4,7.4,266.5,0,0,0,0,0,1
372100,36.828,0.0,0,0,1,0,7.743,0.0,0,0,1,0,0.785,0.278,1,0.0,0,0,1,1,0,0,0,1,0,0,0,12192.0,2,1,1,1,0,0,1,4,8.6,271.2,0,0,0,0,0,1
372200,36.828,0.0,0,0,1,0,7.743,0.0,0,0,1,0,0.818,0.325,1,0.0,0,0,1,1,0,0,0,1,0,0,0,12192.0,2,1,1,1,0,0,1,4,7.9,271.1,0,0,0,0,0,1
372300,36.828,0.0,0,0,1,0,7.743,0.0,0,0,1,0,0.855,0.371,1,0.0,0,0,1,1,0,0,0,1,0,0,0,12192.0,2,1,1,1,0,0,1,4,8.1,269.7,0,0,0,0,0,1
372400,36.828,0.0,0,0,1,0,7.743,0.0,0,0,1,0,0.897,0.417,1,0.0,0,0,1,1,0,0,0,1,0,0,0,12192.0,2,1,1,1,0,0,1,4,8.8,268.7,0,0,0,0,0,1
372500,36.828,0.0,0,0,1,0,7.743,0.0,0,0,1,0,0.943,0.464,1,0.0,0,0,1,1,0,0,0,1,0,0,0,12192.0,2,1,1,1,0,0,1,4,8.3,268.9,0,0,0,0,0,1
372600,36.828,0.0,0,0,1,0,7.743,0.0,0,0,1,0,0.994,0.51,1,0.0,0,0,1,1,0,0,0,1,0,0,0,12192.0,2,1,1,1,0,0,1,4,8.1,266.5,0,0,0,0,0,1
372700,36.828,0.0,0,0,1,0,7.743,0.0,0,0,1,0,1.05,0.557,1,0.0,0,0,1,1,0,0,0,1,0,0,0,12192.0,2,1,1,1,0,0,1,4,7.6,268.9,0,0,0,0,0,1
372800,36.828,0.0,0,0,1,0,7.743,0.0,0,0,1,0,1.11,0.603,1,0.0,0,0,1,1,0,0,0,1,0,0,0,12192.0,2,1,1,1,0,0,1,4,8.1,270.2,0,0,0,0,0,1
372900,36.828,0.0,0,0,1,0,7.743,0.0,0,0,1,0,1.175,0.649,1,0.0,0,0,1,1,0,0,0,1,0,0,0,12192.0,2,1,1,1,0,0,1,4,7.4,270.3,0,0,0,0,0,1
373000,36.828,0.0,0,0,1,0,7.743,0.0,0,0,1,0,1.245,0.696,1,0.0,0,0,1,1,0,0,0,1,0,0,0,12192.0,2,1,1,1,0,0,1,4,8.5,273.8,0,0,0,0,0,1
373100,36.828,0.0,0,0,1,0,7.743,0.0,0,0,1,0,1.319,0.742,1,0.0,0,0,1,1,0,0,0,1,0,0,0,12192.0,2,1,1,1,0,0,1,4,8.4,268.5,0,0,0,0,0,1
373200,36.828,0.0,0,0,1,0,7.743,0.0,0,0,1,0,1.398,0.788,1,0.0,0,0,1,1,0,0,0,1,0,0,0,12192.0,2,1,1,1,0,0,1,4,7.6,271.6,0,0,0,0,0,1
373300,36.828,0.0,0,0,1,0,7.743,0.0,0,0,1,0,1.481,0.835,1,0.0,0,0,1,1,0,0,0,1,0,0,0,12192.0,2,1,1,1,0,0,1,4,7.2,271.8,0,0,0,0,0,1
373400,36.828,0.0,0,0,1,0,7.743,0.0,0,0,1,0,1.569,0.881,1,0.0,0,0,1,1,0,0,0,1,0,0,0,12192.0,2,1,1,1,0,0,1,4,8.4,268.8,0,0,0,0,0,1
373500,36.828,0.0,0,0,1,0,7.743,0.0,0,0,1,0,1.662,0.928,1,0.0,0,0,1,1,0,0,0,1,0,0,0,12192.0,2,1,1,1,0,0,1,4,8.0,272.2,0,0,0,0,0,1
373600,36.828,0.0,0,0,1,0,7.743,0.0,0,0,1,0,1.759,0.974,1,0.0,0,0,1,1,0,0,0,1,0,0,0,12192.0,2,1,1,1,0,0,1,4,7.0,274.6,0,0,0,0,0,1
373700,36.828,0.0,0,0,1,0,7.743,0.0,0,0,1,0,1.861,1.02,1,0.0,0,0,1,1,0,0,0,1,0,0,0,12192.0,2,1,1,1,0,0,1,4,7.4,266.2,0,0,0,0,0,1
373800,36.828,0.0,0,0,1,0,7.743,0.0,0,0,1,0,1.968,1.067,1,0.0,0,0,1,1,0,0,0,1,0,0,0,12192.0,2,1,1,1,0,0,1,4,7.6,271.2,0,0,0,0,0,1
373900,36.828,0.0,0,0,1,0,7.743,0.0,0,0,1,0,2.079,1.113,1,0.0,0,0,1,1,0,0,0,1,0,0,0,12192.0,2,1,1,1,0,0,1,4,7.1,267.1,0,0,0,0,0,1
374000,36.828,0.0,0,0,1,0,7.743,0.0,0,0,1,0,2.195,1.159,1,0.0,0,0,1,1,0,0,0,1,0,0,0,12192.0,2,1,1,1,0,0,1,4,7.5,265.8,0,0,0,0,0,1
374100,36.828,0.0,0,0,1,0,7.743,0.0,0,0,1,0,2.312,1.168,1,0.0,0,0,1,1,0,0,0,1,0,0,0,12192.0,2,1,1,1,0,0,1,4,6.8,268.4,0,0,0,0,0,1
374200,36.828,0.0,0,0,1,0,7.743,0.0,0,0,1,0,2.429,1.168,1,0.0,0,0,1,1,0,0,0,1,0,0,0,12192.0,2,1,1,1,0,0,1,4,7.0,266.5,0,0,0,0,0,1
374300,36.828,0.0,0,0,1,0,7.743,0.0,0,0,1,0,2.546,1.168,1,0.0,0,0,1,1,0,0,0,1,0,0,0,12192.0,2,1,1,1,0,0,1,4,7.8,267.4,0,0,0,0,0,1
374400,36.828,0.0,0,0,1,0,7.743,0.0,0,0,1,0,2.663,1.168,1,0.0,0,0,1,1,0,0,0,1,0,0,0,12192.0,2,1,1,1,0,0,1,4,7.6,271.6,0,0,0,0,0,1
374500,36.828,0.0,0,0,1,0,7.743,0.0,0,0,1,0,2.779,1.168,1,0.0,0,0,1,1,0,0,0,1,0,0,0,12192.0,2,1,1,1,0,0,1,4,7.2,270.5,0,0,0,0,0,1
374600,36.828,0.0,0,0,1,0,7.743,0.0,0,0,1,0,2.896,1.168,1,0.0,0,0,1,1,0,0,0,1,0,0,0,12192.0,2,1,1,1,0,0,1,4,7.4,267.7,0,0,0,0,0,1
374700,36.828,0.0,0,0,1,0,7.743,0.0,0,0,1,0,3.013,1.168,1,0.0,0,0,1,1,0,0,0,1,0,0,0,12192.0,2,1,1,1,0,0,1,4,6.7,269.5,0,0,0,0,0,1
374800,36.828,0.0,0,0,1,0,7.743,0.0,0,0,1,0,3.13,1.168,1,0.0,0,0,1,1,0,0,0,1,0,0,0,12192.0,2,1,1,1,0,0,1,4,7.2,270.4,0,0,0,0,0,1
374900,36.828,0.0,0,0,1,0,7.743,0.0,0,0,1,0,3.247,1.168,1,0.0,0,0,1,1,0,0,0,1,0,0,0,12192.0,2,1,1,1,0,0,1,4,8.1,268.3,0,0,0,0,0,1
375000,36.828,0.0,0,0,1,0,7.743,0.0,0,0,1,0,3.364,1.168,1,0.0,0,0,1,1,0,0,0,1,0,0,0,12192.0,2,1,1,1,0,0,1,4,7.3,270.5,0,0,0,0,0,1
375100,36.828,0.0,0,0,1,0,7.743,0.0,0,0,1,0,3.48,1.168,1,0.0,0,0,1,1,0,0,0,1,0,0,0,12192.0,2,1,1,1,0,0,1,4,7.9,273.4,0,0,0,0,0,1
375200,36.828,0.0,0,0,1,0,7.743,0.0,0,0,1,0,3.597,1.168,1,0.0,0,0,1,1,0,0,0,1,0,0,0,12192.0,2,1,1,1,0,0,1,4,6.9,273.8,0,0,0,0,0,1
375300,36.828,0.0,0,0,1,0,7.743,0.0,0,0,1,0,3.714,1.168,1,0.0,0,0,1,1,0,0,0,1,0,0,0,12192.0,2,1,1,1,0,0,1,4,7.5,271.5,0,0,0,0,0,1
375400,36.828,0.0,0,0,1,0,7.743,0.0,0,0,1,0,3.831,1.168,1,0.0,0,0,1,1,0,0,0,1,0,0,0,12192.0,2,1,1,1,0,0,1,4,7.8,271.8,0,0,0,0,0,1
375500,36.828,0.0,0,0,1,0,7.743,0.0,0,0,1,0,3.948,1.168,1,0.0,0,0,1,1,0,0,0,1,0,0,0,12192.0,2,1,1,1,0,0,1,4,7.8,269.9,0,0,0,0,0,1
375600,36.828,0.0,0,0,1,0,7.743,0.0,0,0,1,0,4.065,1.168,1,0.0,0,0,1,1,0,0,0,1,0,0,0,12192.0,2,1,1,1,0,0,1,4,6.8,270.0,0,0,0,0,0,1
375700,36.828,0.0,0,0,1,0,7.743,0.0,0,0,1,0,4.181,1.168,1,0.0,0,0,1,1,0,0,0,1,0,0,0,12192.0,2,1,1,1,0,0,1,4,7.8,270.8,0,0,0,0,0,1
375800,36.828,0.0,0,0,1,0,7.743,0.0,0,0,1,0,4.298,1.168,1,0.0,0,0,1,1,0,0,0,1,0,0,0,12192.0,2,1,1,1,0,0,1,4,7.4,268.7,0,0,0,0,0,1
375900,36.828,0.0,0,0,1,0,7.743,0.0,0,0,1,0,4.415,1.168,1,0.0,0,0,1,1,0,0,0,1,0,0,0,12192.0,2,1,1,1,0,0,1,4,8.3,269.4,0,0,0,0,0,1
376000,36.828,0.0,0,0,1,0,7.743,0.0,0,0,1,0,4.532,1.168,1,0.0,0,0,1,1,0,0,0,1,0,0,0,12192.0,2,1,1,1,0,0,1,4,7.4,272.3,0,0,0,0,0,1
376100,36.828,0.0,0,0,1,0,7.743,0.0,0,0,1,0,4.649,1.168,1,0.0,0,0,1,1,0,0,0,1,0,0,0,12192.0,2,1,1,1,0,0,1,4,7.8,267.5,0,0,0,0,0,1
376200,36.828,0.0,0,0,1,0,7.743,0.0,0,0,1,0,4.766,1.168,1,0.0,0,0,1,1,0,0,0,1,0,0,0,12192.0,2,1,1,1,0,0,1,4,7.8,271.1,0,0,0,0,0,1
376300,36.828,0.0,0,0,1,0,7.743,0.0,0,0,1,0,4.882,1.168,1,0.0,0,0,1,1,0,0,0,1,0,0,0,12192.0,2,1,1,1,0,0,1,4,7.7,271.2,0,0,0,0,0,1
376400,36.828,0.0,0,0,1,0,7.743,0.0,0,0,1,0,4.999,1.168,1,0.0,0,0,1,1,0,0,0,1,0,0,0,12192.0,2,1,1,1,0,0,1,4,7.7,272.2,0,0,0,0,0,1
376500,36.828,0.0,0,0,1,0,7.743,0.0,0,0,1,0,5.116,1.168,1,0.0,0,0,1,1,0,0,0,1,0,0,0,12192.0,2,1,1,1,0,0,1,4,8.8,270.4,0,0,0,0,0,1
376600,36.828,0.0,0,0,1,0,7.743,0.0,0,0,1,0,5.233,1.168,1,0.0,0,0,1,1,0,0,0,1,0,0,0,12192.0,2,1,1,1,0,0,1,4,8.3,272.0,0,0,0,0,0,1
376700,36.828,0.0,0,0,1,0,7.743,0.0,0,0,1,0,5.35,1.168,1,0.0,0,0,1,1,0,0,0,1,0,0,0,12192.0,2,1,1,1,0,0,1,4,8.2,267.6,0,0,0,0,0,1
376800,36.828,0.0,0,0,1,0,7.743,0.0,0,0,1,0,5.467,1.168,1,0.0,0,0,1,1,0,0,0,1,0,0,0,12192.0,2,1,1,1,0,0,1,4,7.8,271.6,0,0,0,0,0,1
376900,36.828,0.0,0,0,1,0,7.743,0.0,0,0,1,0,5.584,1.168,1,0.0,0,0,1,1,0,0,0,1,0,0,0,12192.0,2,1,1,1,0,0,1,4,7.5,272.3,0,0,0,0,0,1
377000,36.828,0.0,0,0,1,0,7.743,0.0,0,0,1,0,5.7,1.168,1,0.0,0,0,1,1,0,0,0,1,0,0,0,12192.0,2,1,1,1,0,0,1,4,7.7,266.4,0,0,0,0,0,1
377100,36.828,0.0,0,0,1,0,7.743,0.0,0,0,1,0,5.817,1.168,1,0.0,0,0,1,1,0,0,0,1,0,0,0,12192.0,2,1,1,1,0,0,1,4,7.9,265.6,0,0,0,0,0,1
377200,36.828,0.0,0,0,1,0,7.743,0.0,0,0,1,0,5.934,1.168,1,0.0,0,0,1,1,0,0,0,1,0,0,0,12192.0,2,1,1,1,0,0,1,4,8.1,270.1,0,0,0,0,0,1
377300,36.828,0.0,0,0,1,0,7.743,0.0,0,0,1,0,6.051,1.168,1,0.0,0,0,1,1,0,0,0,1,0,0,0,12192.0,2,1,1,1,0,0,1,4,8.2,269.3,0,0,0,0,0,1
377400,36.828,0.0,0,0,1,0,7.743,0.0,0,0,1,0,6.168,1.168,1,0.0,0,0,1,1,0,0,0,1,0,0,0,12192.0,2,1,1,1,0,0,1,4,8.3,270.6,0,0,0,0,0,1
377500,36.828,0.0,0,0,1,0,7.743,0.0,0,0,1,0,6.285,1.168,1,0.0,0,0,1,1,0,0,0,1,0,0,0,12192.0,2,1,1,1,0,0,1,4,8.1,268.0,0,0,0,0,0,1
377600,36.828,0.0,0,0,1,0,7.743,0.0,0,0,1,0,6.401,1.168,1,0.0,0,0,1,1,0,0,0,1,0,0,0,12192.0,2,1,1,1,0,0,1,4,8.2,274.2,0,0,0,0,0,1
377700,36.828,0.0,0,0,1,0,7.743,0.0,0,0,1,0,6.518,1.168,1,0.0,0,0,1,1,0,0,0,1,0,0,0,12192.0,2,1,1,1,0,0,1,4,8.1,270.4,0,0,0,0,0,1
377800,36.828,0.0,0,0,1,0,7.743,0.0,0,0,1,0,6.635,1.168,1,0.0,0,0,1,1,0,0,0,1,0,0,0,12192.0,2,1,1,1,0,0,1,4,7.5,265.3,0,0,0,0,0,1
377900,36.828,0.0,0,0,1,0,7.743,0.0,0,0,1,0,6.752,1.168,1,0.0,0,0,1,1,0,0,0,1,0,0,0,12192.0,2,1,1,1,0,0,1,4,8.0,271.0,0,0,0,0,0,1
378000,36.828,0.0,0,0,1,0,7.743,0.0,0,0,1,0,6.869,1.168,1,0.0,0,0,1,1,0,0,0,1,0,0,0,12192.0,2,1,1,1,0,0,1,4,8.3,271.0,0,0,0,0,0,1
378100,36.828,0.0,0,0,1,0,7.743,0.0,0,0,1,0,6.986,1.168,1,0.0,0,0,1,1,0,0,0,1,0,0,0,12192.0,2,1,1,1,0,0,1,4,8.6,266.4,0,0,0,0,0,1
378200,36.828,0.0,0,0,1,0,7.743,0.0,0,0,1,0,7.102,1.168,1,0.0,0,0,1,1,0,0,0,1,0,0,0,12192.0,2,1,1,1,0,0,1,4,7.8,269.3,0,0,0,0,0,1
378300,36.828,0.0,0,0,1,0,7.743,0.0,0,0,1,0,7.219,1.168,1,0.0,0,0,1,1,0,0,0,1,0,0,0,12192.0,2,1,1,1,0,0,1,4,8.4,267.3,0,0,0,0,0,1
378400,36.828,0.0,0,0,1,0,7.743,0.0,0,0,1,0,7.336,1.168,1,0.0,0,0,1,1,0,0,0,1,0,0,0,12192.0,2,1,1,1,0,0,1,4,8.6,275.9,0,0,0,0,0,1
378500,36.828,0.0,0,0,1,0,7.743,0.0,0,0,1,0,7.453,1.168,1,0.0,0,0,1,1,0,0,0,1,0,0,0,12192.0,2,1,1,1,0,0,1,4,7.9,263.1,0,0,0,0,0,1
378600,36.828,0.0,0,0,1,0,7.743,0.0,0,0,1,0,7.57,1.168,1,0.0,0,0,1,1,0,0,0,1,0,0,0,12192.0,2,1,1,1,0,0,1,4,8.2,271.4,0,0,0,0,0,1
378700,36.828,0.0,0,0,1,0,7.743,0.0,0,0,1,0,7.687,1.168,1,0.0,0,0,1,1,0,0,0,1,0,0,0,12192.0,2,1,1,1,0,0,1,4,8.2,271.6,0,0,0,0,0,1
378800,36.828,0.0,0,0,1,0,7.743,0.0,0,0,1,0,7.803,1.168,1,0.0,0,0,1,1,0,0,0,1,0,0,0,12192.0,2,1,1,1,0,0,1,4,8.1,267.6,0,0,0,0,0,1
378900,36.828,0.0,0,0,1,0,7.743,0.0,0,0,1,0,7.92,1.168,1,0.0,0,0,1,1,0,0,0,1,0,0,0,12192.0,2,1,1,1,0,0,1,4,8.8,269.8,0,0,0,0,0,1
379000,36.828,0.0,0,0,1,0,7.743,0.0,0,0,1,0,8.037,1.168,1,0.0,0,0,1,1,0,0,0,1,0,0,0,12192.0,2,1,1,1,0,0,1,4,8.8,273.2,0,0,0,0,0,1
379100,36.828,0.0,0,0,1,0,7.743,0.0,0,0,1,0,8.154,1.168,1,0.0,0,0,1,1,0,0,0,1,0,0,0,12192.0,2,1,1,1,0,0,1,4,9.1,267.9,0,0,0,0,0,1
379200,36.828,0.0,0,0,1,0,7.743,0.0,0,0,1,0,8.271,1.168,1,0.0,0,0,1,1,0,0,0,1,0,0,0,12192.0,2,1,1,1,0,0,1,4,8.5,277.3,0,0,0,0,0,1
379300,36.828,0.0,0,0,1,0,7.743,0.0,0,0,1,0,8.388,1.168,1,0.0,0,0,1,1,0,0,0,1,0,0,0,12192.0,2,1,1,1,0,0,1,4,8.3,271.3,0,0,0,0,0,1
379400,36.828,0.0,0,0,1,0,7.743,0.0,0,0,1,0,8.504,1.168,1,0.0,0,0,1,1,0,0,0,1,0,0,0,12192.0,2,1,1,1,0,0,1,4,8.2,268.0,0,0,0,0,0,1
379500,36.828,0.0,0,0,1,0,7.743,0.0,0,0,1,0,8.621,1.168,1,0.0,0,0,1,1,0,0,0,1,0,0,0,12192.0,2,1,1,1,0,0,1,4,8.4,269.7,0,0,0,0,0,1
379600,36.828,0.0,0,0,1,0,7.743,0.0,0,0,1,0,8.738,1.168,1,0.0,0,0,1,1,0,0,0,1,0,0,0,12192.0,2,1,1,1,0,0,1,4,8.2,271.6,0,0,0,0,0,1
379700,36.828,0.0,0,0,1,0,7.743,0.0,0,0,1,0,8.855,1.168,1,0.0,0,0,1,1,0,0,0,1,0,0,0,12192.0,2,1,1,1,0,0,1,4,8.3,270.0,0,0,0,0,0,1
379800,36.828,0.0,0,0,1,0,7.743,0.0,0,0,1,0,8.972,1.168,1,0.0,0,0,1,1,0,0,0,1,0,0,0,12192.0,2,1,1,1,0,0,1,4,9.4,270.5,0,0,0,0,0,1
379900,36.828,0.0,0,0,1,0,7.743,0.0,0,0,1,0,9.089,1.168,1,0.0,0,0,1,1,0,0,0,1,0,0,0,12192.0,2,1,1,1,0,0,1,4,8.3,273.1,0,0,0,0,0,1
380000,36.828,0.0,0,0,1,0,7.743,0.0,0,0,1,0,9.205,1.168,1,0.0,0,0,1,1,0,0,0,1,0,0,0,12192.0,2,1,1,1,0,0,1,4,8.7,269.1,0,0,0,0,0,1
380100,36.828,0.0,0,0,1,0,7.743,0.0,0,0,1,0,9.322,1.168,1,0.0,0,0,1,1,0,0,0,1,0,0,0,12192.0,2,1,1,1,0,0,1,4,8.9,270.0,0,0,0,0,0,1
380200,36.828,0.0,0,0,1,0,7.743,0.0,0,0,1,0,9.439,1.168,1,0.0,0,0,1,1,0,0,0,1,0,0,0,12192.0,2,1,1,1,0,0,1,4,8.5,273.5,0,0,0,0,0,1
380300,36.828,0.0,0,0,1,0,7.743,0.0,0,0,1,0,9.556,1.168,1,0.0,0,0,1,1,0,0,0,1,0,0,0,12192.0,2,1,1,1,0,0,1,4,8.5,268.7,0,0,0,0,0,1
380400,36.828,0.0,0,0,1,0,7.743,0.0,0,0,1,0,9.673,1.168,1,0.0,0,0,1,1,0,0,0,1,0,0,0,12192.0,2,1,1,1,0,0,1,4,9.0,271.8,0,0,0,0,0,1
380500,36.828,0.0,0,0,1,0,7.743,0.0,0,0,1,0,9.79,1.168,1,0.0,0,0,1,1,0,0,0,1,0,0,0,12192.0,2,1,1,1,0,0,1,4,8.5,271.3,0,0,0,0,0,1
380600,36.828,0.0,0,0,1,0,7.743,0.0,0,0,1,0,9.906,1.168,1,0.0,0,0,1,1,0,0,0,1,0,0,0,12192.0,2,1,1,1,0,0,1,4,8.3,272.9,0,0,0,0,0,1
380700,36.828,0.0,0,0,1,0,7.743,0.0,0,0,1,0,10.023,1.168,1,0.0,0,0,1,1,0,0,0,1,0,0,0,12192.0,2,1,1,1,0,0,1,4,8.5,267.5,0,0,0,0,0,1
380800,36.828,0.0,0,0,1,0,7.743,0.0,0,0,1,0,10.14,1.168,1,0.0,0,0,1,1,0,0,0,1,0,0,0,12192.0,2,1,1,1,0,0,1,4,8.2,271.0,0,0,0,0,0,1
380900,36.828,0.0,0,0,1,0,7.743,0.0,0,0,1,0,10.257,1.168,1,0.0,0,0,1,1,0,0,0,1,0,0,0,12192.0,2,1,1,1,0,0,1,4,8.3,273.5,0,0,0,0,0,1
381000,36.828,0.0,0,0,1,0,7.743,0.0,0,0,1,0,10.374,1.168,1,0.0,0,0,1,1,0,0,0,1,0,0,0,12192.0,2,1,1,1,0,0,1,4,7.5,269.7,0,0,0,0,0,1
381100,36.828,0.0,0,0,1,0,7.743,0.0,0,0,1,0,10.491,1.168,1,0.0,0,0,1,1,0,0,0,1,0,0,0,12192.0,2,1,1,1,0,0,1,4,8.7,267.4,0,0,0,0,0,1
381200,36.828,0.0,0,0,1,0,7.743,0.0,0,0,1,0,10.607,1.168,1,0.0,0,0,1,1,0,0,0,1,0,0,0,12192.0,2,1,1,1,0,0,1,4,8.5,265.9,0,0,0,0,0,1
381300,36.828,0.0,0,0,1,0,7.743,0.0,0,0,1,0,10.724,1.168,1,0.0,0,0,1,1,0,0,0,1,0,0,0,12192.0,2,1,1,1,0,0,1,4,8.3,272.2,0,0,0,0,0,1
381400,36.828,0.0,0,0,1,0,7.743,0.0,0,0,1,0,10.841,1.168,1,0.0,0,0,1,1,0,0,0,1,0,0,0,12192.0,2,1,1,1,0,0,1,4,7.8,271.1,0,0,0,0,0,1
381500,36.828,0.0,0,0,1,0,7.743,0.0,0,0,1,0,10.958,1.168,1,0.0,0,0,1,1,0,0,0,1,0,0,0,12192.0,2,1,1,1,0,0,1,4,8.1,265.9,0,0,0,0,0,1
381600,36.828,0.0,0,0,1,0,7.743,0.0,0,0,1,0,11.075,1.168,1,0.0,0,0,1,1,0,0,0,1,0,0,0,12192.0,2,1,1,1,0,0,1,4,8.6,268.9,0,0,0,0,0,1
381700,36.828,0.0,0,0,1,0,7.743,0.0,0,0,1,0,11.192,1.168,1,0.0,0,0,1,1,0,0,0,1,0,0,0,12192.0,2,1,1,1,0,0,1,4,8.2,271.6,0,0,0,0,0,1
381800,36.828,0.0,0,0,1,0,7.743,0.0,0,0,1,0,11.308,1.168,1,0.0,0,0,1,1,0,0,0,1,0,0,0,12192.0,2,1,1,1,0,0,1,4,8.0,266.6,0,0,0,0,0,1
381900,36.828,0.0,0,0,1,0,7.743,0.0,0,0,1,0,11.425,1.168,1,0.0,0,0,1,1,0,0,0,1,0,0,0,12192.0,2,1,1,1,0,0,1,4,7.4,272.4,0,0,0,0,0,1
382000,36.828,0.0,0,0,1,0,7.743,0.0,0,0,1,0,11.542,1.168,1,0.0,0,0,1,1,0,0,0,1,0,0,0,12192.0,2,1,1,1,0,0,1,4,7.7,266.3,0,0,0,0,0,1
382100,36.828,0.0,0,0,1,0,7.743,0.0,0,0,1,0,11.659,1.168,1,0.0,0,0,1,1,0,0,0,1,0,0,0,12192.0,2,1,1,1,0,0,1,4,8.8,268.4,0,0,0,0,0,1
382200,36.828,0.0,0,0,1,0,7.743,0.0,0,0,1,0,11.776,1.168,1,0.0,0,0,1,1,0,0,0,1,0,0,0,12192.0,2,1,1,1,0,0,1,4,7.7,266.1,0,0,0,0,0,1
382300,36.828,0.0,0,0,1,0,7.743,0.0,0,0,1,0,11.893,1.168,1,0.0,0,0,1,1,0,0,0,1,0,0,0,12192.0,2,1,1,1,0,0,1,4,7.6,275.7,0,0,0,0,0,1
382400,36.828,0.0,0,0,1,0,7.743,0.0,0,0,1,0,12.009,1.168,1,0.0,0,0,1,1,0,0,0,1,0,0,0,12192.0,2,1,1,1,0,0,1,4,7.6,274.2,0,0,0,0,0,1
382500,36.828,0.0,0,0,1,0,7.743,0.0,0,0,1,0,12.126,1.168,1,0.0,0,0,1,1,0,0,0,1,0,0,0,12192.0,2,1,1,1,0,0,1,4,7.3,276.5,0,0,0,0,0,1
382600,36.828,0.0,0,0,1,0,7.743,0.0,0,0,1,0,12.243,1.168,1,0.0,0,0,1,1,0,0,0,1,0,0,0,12192.0,2,1,1,1,0,0,1,4,7.1,272.5,0,0,0,0,0,1
382700,36.828,0.0,0,0,1,0,7.743,0.0,0,0,1,0,12.36,1.168,1,0.0,0,0,1,1,0,0,0,1,0,0,0,12192.0,2,1,1,1,0,0,1,4,7.3,270.0,0,0,0,0,0,1
382800,36.828,0.0,0,0,1,0,7.743,0.0,0,0,1,0,12.477,1.168,1,0.0,0,0,1,1,0,0,0,1,0,0,0,12192.0,2,1,1,1,0,0,1,4,7.7,273.3,0,0,0,0,0,1
382900,36.828,0.0,0,0,1,0,7.743,0.0,0,0,1,0,12.594,1.168,1,0.0,0,0,1,1,0,0,0,1,0,0,0,12192.0,2,1,1,1,0,0,1,4,7.5,271.6,0,0,0,0,0,1
383000,36.828,0.0,0,0,1,0,7.743,0.0,0,0,1,0,12.71,1.168,1,0.0,0,0,1,1,0,0,0,1,0,0,0,12192.0,2,1,1,1,0,0,1,4,7.7,269.2,0,0,0,0,0,1
383100,36.828,0.0,0,0,1,0,7.743,0.0,0,0,1,0,12.827,1.168,1,0.0,0,0,1,1,0,0,0,1,0,0,0,12192.0,2,1,1,1,0,0,1,4,7.1,271.9,0,0,0,0,0,1
383200,36.828,0.0,0,0,1,0,7.743,0.0,0,0,1,0,12.944,1.168,1,0.0,0,0,1,1,0,0,0,1,0,0,0,12192.0,2,1,1,1,0,0,1,4,7.8,268.4,0,0,0,0,0,1
383300,36.828,0.0,0,0,1,0,7.743,0.0,0,0,1,0,13.061,1.168,1,0.0,0,0,1,1,0,0,0,1,0,0,0,12192.0,2,1,1,1,0,0,1,4,7.2,269.0,0,0,0,0,0,1
383400,36.828,0.0,0,0,1,0,7.743,0.0,0,0,1,0,13.173,1.122,1,0.0,0,0,1,1,0,0,0,1,0,0,0,12192.0,2,1,1,1,0,0,1,4,6.9,270.6,0,0,0,0,0,1
383500,36.828,0.0,0,0,1,0,7.743,0.0,0,0,1,0,13.281,1.076,1,0.0,0,0,1,1,0,0,0,1,0,0,0,12192.0,2,1,1,1,0,0,1,4,7.9,270.3,0,0,0,0,0,1
383600,36.828,0.0,0,0,1,0,7.743,0.0,0,0,1,0,13.384,1.029,1,0.0,0,0,1,1,0,0,0,1,0,0,0,12192.0,2,1,1,1,0,0,1,4,7.2,269.8,0,0,0,0,0,1
383700,36.828,0.0,0,0,1,0,7.743,0.0,0,0,1,0,13.482,0.983,1,0.0,0,0,1,1,0,0,0,1,0,0,0,12192.0,2,1,1,1,0,0,1,4,7.6,269.7,0,0,0,0,0,1
383800,36.828,0.0,0,0,1,0,7.743,0.0,0,0,1,0,13.575,0.936,1,0.0,0,0,1,1,0,0,0,1,0,0,0,12192.0,2,1,1,1,0,0,1,4,7.1,270.7,0,0,0,0,0,1
383900,36.828,0.0,0,0,1,0,7.743,0.0,0,0,1,0,13.664,0.89,1,0.0,0,0,1,1,0,0,0,1,0,0,0,12192.0,2,1,1,1,0,0,1,4,6.9,269.8,0,0,0,0,0,1
384000,36.828,0.0,0,0,1,0,7.743,0.0,0,0,1,0,13.749,0.843,1,0.0,0,0,1,1,0,0,0,1,0,0,0,12192.0,2,1,1,1,0,0,1,4,6.8,269.9,0,0,0,0,0,1
384100,36.828,0.0,0,0,1,0,7.743,0.0,0,0,1,0,13.828,0.795,1,0.0,0,0,1,1,0,0,0,1,0,0,0,12192.0,2,1,1,1,0,0,1,4,7.3,273.1,0,0,0,0,0,1
384200,36.828,0.0,0,0,1,0,7.743,0.0,0,0,1,0,13.903,0.747,1,0.0,0,0,1,1,0,0,0,1,0,0,0,12192.0,2,1,1,1,0,0,1,4,7.8,270.3,0,0,0,0,0,1
384300,36.828,0.0,0,0,1,0,7.743,0.0,0,0,1,0,13.973,0.699,1,0.0,0,0,1,1,0,0,0,1,0,0,0,12192.0,2,1,1,1,0,0,1,4,7.9,271.7,0,0,0,0,0,1
384400,36.828,0.0,0,0,1,0,7.743,0.0,0,0,1,0,14.038,0.651,1,0.0,0,0,1,1,0,0,0,1,0,0,0,12192.0,2,1,1,1,0,0,1,4,7.1,272.6,0,0,0,0,0,1
384500,36.828,0.0,0,0,1,0,7.743,0.0,0,0,1,0,14.098,0.603,1,0.0,0,0,1,1,0,0,0,1,0,0,0,12192.0,2,1,1,1,0,0,1,4,8.2,271.4,0,0,0,0,0,1
384600,36.828,0.0,0,0,1,0,7.743,0.0,0,0,1,0,14.154,0.555,1,0.0,0,0,1,1,0,0,0,1,0,0,0,12192.0,2,1,1,1,0,0,1,4,7.6,267.7,0,0,0,0,0,1
384700,36.828,0.0,0,0,1,0,7.743,0.0,0,0,1,0,14.204,0.506,1,0.0,0,0,1,1,0,0,0,1,0,0,0,12192.0,2,1,1,1,0,0,1,4,8.1,270.6,0,0,0,0,0,1
384800,36.828,0.0,0,0,1,0,7.743,0.0,0,0,1,0,14.25,0.457,1,0.0,0,0,1,1,0,0,0,1,0,0,0,12192.0,2,1,1,1,0,0,1,4,7.2,271.9,0,0,0,0,0,1
384900,36.828,0.0,0,0,1,0,7.743,0.0,0,0,1,0,14.291,0.408,1,0.0,0,0,1,1,0,0,0,1,0,0,0,12192.0,2,1,1,1,0,0,1,4,7.4,270.9,0,0,0,0,0,1
385000,36.828,0.0,0,0,1,0,7.743,0.0,0,0,1,0,14.327,0.359,1,0.0,0,0,1,1,0,0,0,1,0,0,0,12192.0,2,1,1,1,0,0,1,4,7.9,267.1,0,0,0,0,0,1
385100,36.828,0.0,0,0,1,0,7.743,0.0,0,0,1,0,14.358,0.309,1,0.0,0,0,1,1,0,0,0,1,0,0,0,12192.0,2,1,1,1,0,0,1,4,8.5,270.9,0,0,0,0,0,1
385200,36.828,0.0,0,0,1,0,7.743,0.0,0,0,1,0,14.384,0.259,1,0.0,0,0,1,1,0,0,0,1,0,0,0,12192.0,2,1,1,1,0,0,1,4,7.9,268.1,0,0,0,0,0,1
385300,36.828,0.0,0,0,1,0,7.743,0.0,0,0,1,0,14.404,0.207,1,0.0,0,0,1,1,0,0,0,1,0,0,0,12192.0,2,1,1,1,0,0,1,4,8.6,273.6,0,0,0,0,0,1
385400,36.828,0.0,0,0,1,0,7.743,0.0,0,0,1,0,14.42,0.154,1,0.0,0,0,1,1,0,0,0,1,0,0,0,12192.0,2,1,1,1,0,0,1,4,8.0,273.0,0,0,0,0,0,1
385500,36.828,0.0,0,0,1,0,7.743,0.0,0,0,1,0,14.43,0.097,1,0.0,0,0,1,1,0,0,0,1,0,0,0,12192.0,2,1,1,1,0,0,1,4,8.7,273.8,0,0,0,0,0,1
385600,36.828,0.0,0,0,0,0,7.743,0.0,0,0,0,0,14.434,0.0,0,0.0,0,0,0,0,0,0,0,1,0,0,0,12192.0,2,1,1,0,1,0,1,4,8.0,269.7,0,0,0,0,0,1
