t_ms,GT_Position,GT_Velocity,GT_Direction,GT_Running,GT_Brake_Released,GT_Motor_Alarm,TR_Position,TR_Velocity,TR_Direction,TR_Running,TR_Brake_Released,TR_Motor_Alarm,HO_Position,HO_Velocity,HO_Direction,HO_Load,HO_Overload_Alarm,HO_Snag_Alarm,HO_Running,HO_Brake_Released,HO_Motor_Alarm,SP_Mode,SP_TwistLock_Locked,SP_TwistLock_Unlocked,SP_Landed,SP_Container_Detected,SP_Mismatch_Alarm,SP_Telescopic_Position,OP_Mode,OP_Power_On,OP_Ready,OP_Running,OP_Standby,OP_Emergency_Stop,OP_AntiSway_Active,OP_Cycle_Count_Today,ENV_Wind_Speed,ENV_Wind_Direction,ENV_Wind_Alarm,ALM_Active,ALM_Latest_Code,ALM_Latest_Severity,ALM_Latest_Source,COM_Link_Status
0,0.0,0.0,0,0,1,0,0.006,0.06,1,1,1,0,39.195,-0.048,0,0.0,0,0,1,1,0,1,0,1,0,0,0,12192.0,2,1,1,1,0,0,1,0,9.0,269.3,0,0,0,0,0,1
100,0.0,0.0,0,0,1,0,0.018,0.12,1,1,1,0,39.186,-0.096,0,0.0,0,0,1,1,0,1,0,1,0,0,0,12192.0,2,1,1,1,0,0,1,0,7.7,270.5,0,0,0,0,0,1
200,0.0,0.0,0,0,1,0,0.036,0.18,1,1,1,0,39.171,-0.144,0,0.0,0,0,1,1,0,1,0,1,0,0,0,12192.0,2,1,1,1,0,0,1,0,8.1,266.9,0,0,0,0,0,1
300,0.0,0.0,0,0,1,0,0.06,0.24,1,1,1,0,39.152,-0.192,0,0.0,0,0,1,1,0,1,0,1,0,0,0,12192.0,2,1,1,1,0,0,1,0,7.4,268.3,0,0,0,0,0,1
400,0.0,0.0,0,0,1,0,0.09,0.3,1,1,1,0,39.128,-0.24,0,0.0,0,0,1,1,0,1,0,1,0,0,0,12192.0,2,1,1,1,0,0,1,0,8.1,272.6,0,0,0,0,0,1
500,0.0,0.0,0,0,1,0,0.126,0.36,1,1,1,0,39.099,-0.288,0,0.0,0,0,1,1,0,1,0,1,0,0,0,12192.0,2,1,1,1,0,0,1,0,7.7,268.7,0,0,0,0,0,1
600,0.0,0.0,0,0,1,0,0.168,0.42,1,1,1,0,39.066,-0.336,0,0.0,0,0,1,1,0,1,0,1,0,0,0,12192.0,2,1,1,1,0,0,1,0,7.8,267.7,0,0,0,0,0,1
700,0.0,0.0,0,0,1,0,0.216,0.48,1,1,1,0,39.027,-0.384,0,0.0,0,0,1,1,0,1,0,1,0,0,0,12192.0,2,1,1,1,0,0,1,0,8.6,273.2,0,0,0,0,0,1
800,0.0,0.0,0,0,1,0,0.27,0.54,1,1,1,0,38.984,-0.432,0,0.0,0,0,1,1,0,1,0,1,0,0,0,12192.0,2,1,1,1,0,0,1,0,9.3,268.2,0,0,0,0,0,1
900,0.0,0.0,0,0,1,0,0.33,0.6,1,1,1,0,38.936,-0.48,0,0.0,0,0,1,1,0,1,0,1,0,0,0,12192.0,2,1,1,1,0,0,1,0,8.7,269.2,0,0,0,0,0,1
1000,0.0,0.0,0,0,1,0,0.396,0.66,1,1,1,0,38.883,-0.528,0,0.0,0,0,1,1,0,1,0,1,0,0,0,12192.0,2,1,1,1,0,0,1,0,9.0,271.2,0,0,0,0,0,1
1100,0.0,0.0,0,0,1,0,0.468,0.72,1,1,1,0,38.825,-0.576,0,0.0,0,0,1,1,0,1,0,1,0,0,0,12192.0,2,1,1,1,0,0,1,0,8.7,265.3,0,0,0,0,0,1
1200,0.0,0.0,0,0,1,0,0.546,0.78,1,1,1,0,38.763,-0.624,0,0.0,0,0,1,1,0,1,0,1,0,0,0,12192.0,2,1,1,1,0,0,1,0,8.4,273.2,0,0,0,0,0,1
1300,0.0,0.0,0,0,1,0,0.63,0.84,1,1,1,0,38.696,-0.672,0,0.0,0,0,1,1,0,1,0,1,0,0,0,12192.0,2,1,1,1,0,0,1,0,9.0,273.2,0,0,0,0,0,1
1400,0.0,0.0,0,0,1,0,0.72,0.9,1,1,1,0,38.624,-0.72,0,0.0,0,0,1,1,0,1,0,1,0,0,0,12192.0,2,1,1,1,0,0,1,0,7.9,271.7,0,0,0,0,0,1
1500,0.0,0.0,0,0,1,0,0.816,0.96,1,1,1,0,38.547,-0.768,0,0.0,0,0,1,1,0,1,0,1,0,0,0,12192.0,2,1,1,1,0,0,1,0,8.9,270.5,0,0,0,0,0,1
1600,0.0,0.0,0,0,1,0,0.918,1.02,1,1,1,0,38.465,-0.816,0,0.0,0,0,1,1,0,1,0,1,0,0,0,12192.0,2,1,1,1,0,0,1,0,8.6,269.5,0,0,0,0,0,1
1700,0.0,0.0,0,0,1,0,1.026,1.08,1,1,1,0,38.379,-0.864,0,0.0,0,0,1,1,0,1,0,1,0,0,0,12192.0,2,1,1,1,0,0,1,0,8.7,270.9,0,0,0,0,0,1
1800,0.0,0.0,0,0,1,0,1.14,1.14,1,1,1,0,38.288,-0.912,0,0.0,0,0,1,1,0,1,0,1,0,0,0,12192.0,2,1,1,1,0,0,1,0,8.2,271.7,0,0,0,0,0,1
1900,0.0,0.0,0,0,1,0,1.26,1.2,1,1,1,0,38.191,-0.961,0,0.0,0,0,1,1,0,1,0,1,0,0,0,12192.0,2,1,1,1,0,0,1,0,9.1,265.8,0,0,0,0,0,1
2000,0.0,0.0,0,0,1,0,1.385,1.26,1,1,1,0,38.091,-1.009,0,0.0,0,0,1,1,0,1,0,1,0,0,0,12192.0,2,1,1,1,0,0,1,0,8.7,275.1,0,0,0,0,0,1
2100,0.0,0.0,0,0,1,0,1.517,1.319,1,1,1,0,37.985,-1.057,0,0.0,0,0,1,1,0,1,0,1,0,0,0,12192.0,2,1,1,1,0,0,1,0,8.4,275.0,0,0,0,0,0,1
2200,0.0,0.0,0,0,1,0,1.655,1.379,1,1,1,0,37.874,-1.105,0,0.0,0,0,1,1,0,1,0,1,0,0,0,12192.0,2,1,1,1,0,0,1,0,9.0,270.2,0,0,0,0,0,1
2300,0.0,0.0,0,0,1,0,1.799,1.439,1,1,1,0,37.759,-1.153,0,0.0,0,0,1,1,0,1,0,1,0,0,0,12192.0,2,1,1,1,0,0,1,0,8.6,269.7,0,0,0,0,0,1
2400,0.0,0.0,0,0,1,0,1.949,1.499,1,1,1,0,37.639,-1.201,0,0.0,0,0,1,1,0,1,0,1,0,0,0,12192.0,2,1,1,1,0,0,1,0,9.1,269.8,0,0,0,0,0,1
2500,0.0,0.0,0,0,1,0,2.105,1.559,1,1,1,0,37.515,-1.241,0,0.0,0,0,1,1,0,1,0,1,0,0,0,12192.0,2,1,1,1,0,0,1,0,9.3,271.5,0,0,0,0,0,1
2600,0.0,0.0,0,0,1,0,2.267,1.619,1,1,1,0,37.391,-1.241,0,0.0,0,0,1,1,0,1,0,1,0,0,0,12192.0,2,1,1,1,0,0,1,0,8.9,269.9,0,0,0,0,0,1
2700,0.0,0.0,0,0,1,0,2.435,1.679,1,1,1,0,37.267,-1.241,0,0.0,0,0,1,1,0,1,0,1,0,0,0,12192.0,2,1,1,1,0,0,1,0,7.9,267.8,0,0,0,0,0,1
2800,0.0,0.0,0,0,1,0,2.609,1.739,1,1,1,0,37.143,-1.241,0,0.0,0,0,1,1,0,1,0,1,0,0,0,12192.0,2,1,1,1,0,0,1,0,8.8,270.5,0,0,0,0,0,1
2900,0.0,0.0,0,0,1,0,2.789,1.799,1,1,1,0,37.019,-1.241,0,0.0,0,0,1,1,0,1,0,1,0,0,0,12192.0,2,1,1,1,0,0,1,0,8.0,273.8,0,0,0,0,0,1
3000,0.0,0.0,0,0,1,0,2.975,1.859,1,1,1,0,36.895,-1.241,0,0.0,0,0,1,1,0,1,0,1,0,0,0,12192.0,2,1,1,1,0,0,1,0,8.5,265.0,0,0,0,0,0,1
3100,0.0,0.0,0,0,1,0,3.167,1.919,1,1,1,0,36.771,-1.241,0,0.0,0,0,1,1,0,1,0,1,0,0,0,12192.0,2,1,1,1,0,0,1,0,8.7,270.0,0,0,0,0,0,1
3200,0.0,0.0,0,0,1,0,3.365,1.979,1,1,1,0,36.646,-1.241,0,0.0,0,0,1,1,0,1,0,1,0,0,0,12192.0,2,1,1,1,0,0,1,0,8.2,267.5,0,0,0,0,0,1
3300,0.0,0.0,0,0,1,0,3.569,2.039,1,1,1,0,36.522,-1.241,0,0.0,0,0,1,1,0,1,0,1,0,0,0,12192.0,2,1,1,1,0,0,1,0,8.4,270.3,0,0,0,0,0,1
3400,0.0,0.0,0,0,1,0,3.779,2.099,1,1,1,0,36.398,-1.241,0,0.0,0,0,1,1,0,1,0,1,0,0,0,12192.0,2,1,1,1,0,0,1,0,8.4,272.3,0,0,0,0,0,1
3500,0.0,0.0,0,0,1,0,3.994,2.159,1,1,1,0,36.274,-1.241,0,0.0,0,0,1,1,0,1,0,1,0,0,0,12192.0,2,1,1,1,0,0,1,0,7.8,268.8,0,0,0,0,0,1
3600,0.0,0.0,0,0,1,0,4.216,2.219,1,1,1,0,36.15,-1.241,0,0.0,0,0,1,1,0,1,0,1,0,0,0,12192.0,2,1,1,1,0,0,1,0,8.2,271.2,0,0,0,0,0,1
3700,0.0,0.0,0,0,1,0,4.444,2.279,1,1,1,0,36.026,-1.241,0,0.0,0,0,1,1,0,1,0,1,0,0,0,12192.0,2,1,1,1,0,0,1,0,8.0,272.4,0,0,0,0,0,1
3800,0.0,0.0,0,0,1,0,4.678,2.339,1,1,1,0,35.902,-1.241,0,0.0,0,0,1,1,0,1,0,1,0,0,0,12192.0,2,1,1,1,0,0,1,0,8.6,273.4,0,0,0,0,0,1
3900,0.0,0.0,0,0,1,0,4.918,2.399,1,1,1,0,35.778,-1.241,0,0.0,0,0,1,1,0,1,0,1,0,0,0,12192.0,2,1,1,1,0,0,1,0,8.7,272.4,0,0,0,0,0,1
4000,0.0,0.0,0,0,1,0,5.164,2.459,1,1,1,0,35.654,-1.241,0,0.0,0,0,1,1,0,1,0,1,0,0,0,12192.0,2,1,1,1,0,0,1,0,7.8,269.7,0,0,0,0,0,1
4100,0.0,0.0,0,0,1,0,5.416,2.519,1,1,1,0,35.53,-1.241,0,0.0,0,0,1,1,0,1,0,1,0,0,0,12192.0,2,1,1,1,0,0,1,0,8.2,270.0,0,0,0,0,0,1
4200,0.0,0.0,0,0,1,0,5.674,2.579,1,1,1,0,35.405,-1.241,0,0.0,0,0,1,1,0,1,0,1,0,0,0,12192.0,2,1,1,1,0,0,1,0,8.0,271.7,0,0,0,0,0,1
4300,0.0,0.0,0,0,1,0,5.938,2.639,1,1,1,0,35.281,-1.241,0,0.0,0,0,1,1,0,1,0,1,0,0,0,12192.0,2,1,1,1,0,0,1,0,8.0,268.2,0,0,0,0,0,1
4400,0.0,0.0,0,0,1,0,6.208,2.699,1,1,1,0,35.157,-1.241,0,0.0,0,0,1,1,0,1,0,1,0,0,0,12192.0,2,1,1,1,0,0,1,0,7.7,270.1,0,0,0,0,0,1
4500,0.0,0.0,0,0,1,0,6.483,2.759,1,1,1,0,35.033,-1.241,0,0.0,0,0,1,1,0,1,0,1,0,0,0,12192.0,2,1,1,1,0,0,1,0,8.2,273.5,0,0,0,0,0,1
4600,0.0,0.0,0,0,1,0,6.765,2.819,1,1,1,0,34.909,-1.241,0,0.0,0,0,1,1,0,1,0,1,0,0,0,12192.0,2,1,1,1,0,0,1,0,7.5,267.1,0,0,0,0,0,1
4700,0.0,0.0,0,0,1,0,7.053,2.879,1,1,1,0,34.785,-1.241,0,0.0,0,0,1,1,0,1,0,1,0,0,0,12192.0,2,1,1,1,0,0,1,0,8.6,273.4,0,0,0,0,0,1
4800,0.0,0.0,0,0,1,0,7.347,2.939,1,1,1,0,34.661,-1.241,0,0.0,0,0,1,1,0,1,0,1,0,0,0,12192.0,2,1,1,1,0,0,1,0,7.6,271.4,0,0,0,0,0,1
4900,0.0,0.0,0,0,1,0,7.647,2.999,1,1,1,0,34.537,-1.241,0,0.0,0,0,1,1,0,1,0,1,0,0,0,12192.0,2,1,1,1,0,0,1,0,8.1,272.8,0,0,0,0,0,1
5000,0.0,0.0,0,0,1,0,7.953,3.059,1,1,1,0,34.413,-1.241,0,0.0,0,0,1,1,0,1,0,1,0,0,0,12192.0,2,1,1,1,0,0,1,0,7.4,272.8,0,0,0,0,0,1
5100,0.0,0.0,0,0,1,0,8.265,3.119,1,1,1,0,34.289,-1.241,0,0.0,0,0,1,1,0,1,0,1,0,0,0,12192.0,2,1,1,1,0,0,1,0,7.2,272.5,0,0,0,0,0,1
5200,0.0,0.0,0,0,1,0,8.583,3.179,1,1,1,0,34.165,-1.241,0,0.0,0,0,1,1,0,1,0,1,0,0,0,12192.0,2,1,1,1,0,0,1,0,7.3,267.1,0,0,0,0,0,1
5300,0.0,0.0,0,0,1,0,8.907,3.239,1,1,1,0,34.04,-1.241,0,0.0,0,0,1,1,0,1,0,1,0,0,0,12192.0,2,1,1,1,0,0,1,0,7.4,272.7,0,0,0,0,0,1
5400,0.0,0.0,0,0,1,0,9.236,3.299,1,1,1,0,33.916,-1.241,0,0.0,0,0,1,1,0,1,0,1,0,0,0,12192.0,2,1,1,1,0,0,1,0,7.4,271.4,0,0,0,0,0,1
5500,0.0,0.0,0,0,1,0,9.572,3.359,1,1,1,0,33.792,-1.241,0,0.0,0,0,1,1,0,1,0,1,0,0,0,12192.0,2,1,1,1,0,0,1,0,7.0,267.5,0,0,0,0,0,1
5600,0.0,0.0,0,0,1,0,9.914,3.416,1,1,1,0,33.668,-1.241,0,0.0,0,0,1,1,0,1,0,1,0,0,0,12192.0,2,1,1,1,0,0,1,0,7.9,270.9,0,0,0,0,0,1
5700,0.0,0.0,0,0,1,0,10.256,3.416,1,1,1,0,33.544,-1.241,0,0.0,0,0,1,1,0,1,0,1,0,0,0,12192.0,2,1,1,1,0,0,1,0,7.7,268.9,0,0,0,0,0,1
5800,0.0,0.0,0,0,1,0,10.597,3.416,1,1,1,0,33.42,-1.241,0,0.0,0,0,1,1,0,1,0,1,0,0,0,12192.0,2,1,1,1,0,0,1,0,8.0,271.3,0,0,0,0,0,1
5900,0.0,0.0,0,0,1,0,10.939,3.416,1,1,1,0,33.296,-1.241,0,0.0,0,0,1,1,0,1,0,1,0,0,0,12192.0,2,1,1,1,0,0,1,0,7.9,277.1,0,0,0,0,0,1
6000,0.0,0.0,0,0,1,0,11.28,3.416,1,1,1,0,33.172,-1.241,0,0.0,0,0,1,1,0,1,0,1,0,0,0,12192.0,2,1,1,1,0,0,1,0,7.4,273.5,0,0,0,0,0,1
6100,0.0,0.0,0,0,1,0,11.622,3.416,1,1,1,0,33.048,-1.241,0,0.0,0,0,1,1,0,1,0,1,0,0,0,12192.0,2,1,1,1,0,0,1,0,7.2,271.2,0,0,0,0,0,1
6200,0.0,0.0,0,0,1,0,11.964,3.416,1,1,1,0,32.924,-1.241,0,0.0,0,0,1,1,0,1,0,1,0,0,0,12192.0,2,1,1,1,0,0,1,0,8.3,269.0,0,0,0,0,0,1
6300,0.0,0.0,0,0,1,0,12.305,3.416,1,1,1,0,32.799,-1.241,0,0.0,0,0,1,1,0,1,0,1,0,0,0,12192.0,2,1,1,1,0,0,1,0,6.8,268.9,0,0,0,0,0,1
6400,0.0,0.0,0,0,1,0,12.647,3.416,1,1,1,0,32.675,-1.241,0,0.0,0,0,1,1,0,1,0,1,0,0,0,12192.0,2,1,1,1,0,0,1,0,7.1,272.1,0,0,0,0,0,1
6500,0.0,0.0,0,0,1,0,12.988,3.416,1,1,1,0,32.551,-1.241,0,0.0,0,0,1,1,0,1,0,1,0,0,0,12192.0,2,1,1,1,0,0,1,0,7.8,274.1,0,0,0,0,0,1
6600,0.0,0.0,0,0,1,0,13.33,3.416,1,1,1,0,32.427,-1.241,0,0.0,0,0,1,1,0,1,0,1,0,0,0,12192.0,2,1,1,1,0,0,1,0,6.7,268.9,0,0,0,0,0,1
6700,0.0,0.0,0,0,1,0,13.672,3.416,1,1,1,0,32.303,-1.241,0,0.0,0,0,1,1,0,1,0,1,0,0,0,12192.0,2,1,1,1,0,0,1,0,7.5,269.4,0,0,0,0,0,1
6800,0.0,0.0,0,0,1,0,14.013,3.416,1,1,1,0,32.179,-1.241,0,0.0,0,0,1,1,0,1,0,1,0,0,0,12192.0,2,1,1,1,0,0,1,0,7.1,272.6,0,0,0,0,0,1
6900,0.0,0.0,0,0,1,0,14.355,3.416,1,1,1,0,32.055,-1.241,0,0.0,0,0,1,1,0,1,0,1,0,0,0,12192.0,2,1,1,1,0,0,1,0,6.6,271.4,0,0,0,0,0,1
7000,0.0,0.0,0,0,1,0,14.696,3.416,1,1,1,0,31.931,-1.241,0,0.0,0,0,1,1,0,1,0,1,0,0,0,12192.0,2,1,1,1,0,0,1,0,7.5,269.3,0,0,0,0,0,1
7100,0.0,0.0,0,0,1,0,15.038,3.416,1,1,1,0,31.807,-1.241,0,0.0,0,0,1,1,0,1,0,1,0,0,0,12192.0,2,1,1,1,0,0,1,0,7.0,266.8,0,0,0,0,0,1
7200,0.0,0.0,0,0,1,0,15.38,3.416,1,1,1,0,31.683,-1.241,0,0.0,0,0,1,1,0,1,0,1,0,0,0,12192.0,2,1,1,1,0,0,1,0,7.1,268.5,0,0,0,0,0,1
7300,0.0,0.0,0,0,1,0,15.721,3.416,1,1,1,0,31.559,-1.241,0,0.0,0,0,1,1,0,1,0,1,0,0,0,12192.0,2,1,1,1,0,0,1,0,7.7,269.3,0,0,0,0,0,1
7400,0.0,0.0,0,0,1,0,16.063,3.416,1,1,1,0,31.434,-1.241,0,0.0,0,0,1,1,0,1,0,1,0,0,0,12192.0,2,1,1,1,0,0,1,0,7.6,272.5,0,0,0,0,0,1
7500,0.0,0.0,0,0,1,0,16.405,3.416,1,1,1,0,31.31,-1.241,0,0.0,0,0,1,1,0,1,0,1,0,0,0,12192.0,2,1,1,1,0,0,1,0,6.9,267.5,0,0,0,0,0,1
7600,0.0,0.0,0,0,1,0,16.746,3.416,1,1,1,0,31.186,-1.241,0,0.0,0,0,1,1,0,1,0,1,0,0,0,12192.0,2,1,1,1,0,0,1,0,7.0,270.3,0,0,0,0,0,1
7700,0.0,0.0,0,0,1,0,17.088,3.416,1,1,1,0,31.062,-1.241,0,0.0,0,0,1,1,0,1,0,1,0,0,0,12192.0,2,1,1,1,0,0,1,0,7.9,268.9,0,0,0,0,0,1
7800,0.0,0.0,0,0,1,0,17.429,3.416,1,1,1,0,30.938,-1.241,0,0.0,0,0,1,1,0,1,0,1,0,0,0,12192.0,2,1,1,1,0,0,1,0,7.4,268.5,0,0,0,0,0,1
7900,0.0,0.0,0,0,1,0,17.771,3.416,1,1,1,0,30.814,-1.241,0,0.0,0,0,1,1,0,1,0,1,0,0,0,12192.0,2,1,1,1,0,0,1,0,6.7,268.0,0,0,0,0,0,1
8000,0.0,0.0,0,0,1,0,18.113,3.416,1,1,1,0,30.69,-1.241,0,0.0,0,0,1,1,0,1,0,1,0,0,0,12192.0,2,1,1,1,0,0,1,0,6.9,271.3,0,0,0,0,0,1
8100,0.0,0.0,0,0,1,0,18.454,3.416,1,1,1,0,30.566,-1.241,0,0.0,0,0,1,1,0,1,0,1,0,0,0,12192.0,2,1,1,1,0,0,1,0,7.4,267.8,0,0,0,0,0,1
8200,0.0,0.0,0,0,1,0,18.796,3.416,1,1,1,0,30.442,-1.241,0,0.0,0,0,1,1,0,1,0,1,0,0,0,12192.0,2,1,1,1,0,0,1,0,7.0,274.5,0,0,0,0,0,1
8300,0.0,0.0,0,0,1,0,19.137,3.416,1,1,1,0,30.318,-1.241,0,0.0,0,0,1,1,0,1,0,1,0,0,0,12192.0,2,1,1,1,0,0,1,0,8.4,268.5,0,0,0,0,0,1
8400,0.0,0.0,0,0,1,0,19.479,3.416,1,1,1,0,30.194,-1.241,0,0.0,0,0,1,1,0,1,0,1,0,0,0,12192.0,2,1,1,1,0,0,1,0,7.3,269.9,0,0,0,0,0,1
8500,0.0,0.0,0,0,1,0,19.821,3.416,1,1,1,0,30.069,-1.241,0,0.0,0,0,1,1,0,1,0,1,0,0,0,12192.0,2,1,1,1,0,0,1,0,7.5,267.6,0,0,0,0,0,1
8600,0.0,0.0,0,0,1,0,20.162,3.416,1,1,1,0,29.945,-1.241,0,0.0,0,0,1,1,0,1,0,1,0,0,0,12192.0,2,1,1,1,0,0,1,0,8.1,267.1,0,0,0,0,0,1
8700,0.0,0.0,0,0,1,0,20.504,3.416,1,1,1,0,29.821,-1.241,0,0.0,0,0,1,1,0,1,0,1,0,0,0,12192.0,2,1,1,1,0,0,1,0,7.3,271.3,0,0,0,0,0,1
8800,0.0,0.0,0,0,1,0,20.846,3.416,1,1,1,0,29.697,-1.241,0,0.0,0,0,1,1,0,1,0,1,0,0,0,12192.0,2,1,1,1,0,0,1,0,7.6,270.0,0,0,0,0,0,1
8900,0.0,0.0,0,0,1,0,21.187,3.416,1,1,1,0,29.573,-1.241,0,0.0,0,0,1,1,0,1,0,1,0,0,0,12192.0,2,1,1,1,0,0,1,0,8.2,266.6,0,0,0,0,0,1
9000,0.0,0.0,0,0,1,0,21.529,3.416,1,1,1,0,29.449,-1.241,0,0.0,0,0,1,1,0,1,0,1,0,0,0,12192.0,2,1,1,1,0,0,1,0,7.8,272.8,0,0,0,0,0,1
9100,0.0,0.0,0,0,1,0,21.87,3.416,1,1,1,0,29.325,-1.241,0,0.0,0,0,1,1,0,1,0,1,0,0,0,12192.0,2,1,1,1,0,0,1,0,7.4,275.4,0,0,0,0,0,1
9200,0.0,0.0,0,0,1,0,22.212,3.416,1,1,1,0,29.201,-1.241,0,0.0,0,0,1,1,0,1,0,1,0,0,0,12192.0,2,1,1,1,0,0,1,0,8.1,269.5,0,0,0,0,0,1
9300,0.0,0.0,0,0,1,0,22.554,3.416,1,1,1,0,29.077,-1.241,0,0.0,0,0,1,1,0,1,0,1,0,0,0,12192.0,2,1,1,1,0,0,1,0,7.9,270.5,0,0,0,0,0,1
9400,0.0,0.0,0,0,1,0,22.895,3.416,1,1,1,0,28.953,-1.241,0,0.0,0,0,1,1,0,1,0,1,0,0,0,12192.0,2,1,1,1,0,0,1,0,7.2,271.3,0,0,0,0,0,1
9500,0.0,0.0,0,0,1,0,23.237,3.416,1,1,1,0,28.828,-1.241,0,0.0,0,0,1,1,0,1,0,1,0,0,0,12192.0,2,1,1,1,0,0,1,0,7.5,270.4,0,0,0,0,0,1
9600,0.0,0.0,0,0,1,0,23.578,3.416,1,1,1,0,28.704,-1.241,0,0.0,0,0,1,1,0,1,0,1,0,0,0,12192.0,2,1,1,1,0,0,1,0,7.9,269.7,0,0,0,0,0,1
9700,0.0,0.0,0,0,1,0,23.92,3.416,1,1,1,0,28.58,-1.241,0,0.0,0,0,1,1,0,1,0,1,0,0,0,12192.0,2,1,1,1,0,0,1,0,8.7,267.9,0,0,0,0,0,1
9800,0.0,0.0,0,0,1,0,24.262,3.416,1,1,1,0,28.456,-1.241,0,0.0,0,0,1,1,0,1,0,1,0,0,0,12192.0,2,1,1,1,0,0,1,0,7.4,273.8,0,0,0,0,0,1
9900,0.0,0.0,0,0,1,0,24.603,3.416,1,1,1,0,28.332,-1.241,0,0.0,0,0,1,1,0,1,0,1,0,0,0,12192.0,2,1,1,1,0,0,1,0,8.2,273.9,0,0,0,0,0,1
10000,0.0,0.0,0,0,1,0,24.945,3.416,1,1,1,0,28.208,-1.241,0,0.0,0,0,1,1,0,1,0,1,0,0,0,12192.0,2,1,1,1,0,0,1,0,8.5,271.9,0,0,0,0,0,1
10100,0.0,0.0,0,0,1,0,25.287,3.416,1,1,1,0,28.084,-1.241,0,0.0,0,0,1,1,0,1,0,1,0,0,0,12192.0,2,1,1,1,0,0,1,0,9.0,272.9,0,0,0,0,0,1
10200,0.0,0.0,0,0,1,0,25.628,3.416,1,1,1,0,27.96,-1.241,0,0.0,0,0,1,1,0,1,0,1,0,0,0,12192.0,2,1,1,1,0,0,1,0,8.4,271.7,0,0,0,0,0,1
10300,0.0,0.0,0,0,1,0,25.97,3.416,1,1,1,0,27.836,-1.241,0,0.0,0,0,1,1,0,1,0,1,0,0,0,12192.0,2,1,1,1,0,0,1,0,8.7,272.3,0,0,0,0,0,1
10400,0.0,0.0,0,0,1,0,26.311,3.416,1,1,1,0,27.712,-1.241,0,0.0,0,0,1,1,0,1,0,1,0,0,0,12192.0,2,1,1,1,0,0,1,0,9.1,270.3,0,0,0,0,0,1
10500,0.0,0.0,0,0,1,0,26.653,3.416,1,1,1,0,27.588,-1.241,0,0.0,0,0,1,1,0,1,0,1,0,0,0,12192.0,2,1,1,1,0,0,1,0,8.3,272.1,0,0,0,0,0,1
10600,0.0,0.0,0,0,1,0,26.995,3.416,1,1,1,0,27.463,-1.241,0,0.0,0,0,1,1,0,1,0,1,0,0,0,12192.0,2,1,1,1,0,0,1,0,8.3,268.6,0,0,0,0,0,1
10700,0.0,0.0,0,0,1,0,27.336,3.416,1,1,1,0,27.339,-1.241,0,0.0,0,0,1,1,0,1,0,1,0,0,0,12192.0,2,1,1,1,0,0,1,0,8.5,274.5,0,0,0,0,0,1
10800,0.0,0.0,0,0,1,0,27.678,3.416,1,1,1,0,27.215,-1.241,0,0.0,0,0,1,1,0,1,0,1,0,0,0,12192.0,2,1,1,1,0,0,1,0,9.0,275.4,0,0,0,0,0,1
10900,0.0,0.0,0,0,1,0,28.019,3.416,1,1,1,0,27.091,-1.241,0,0.0,0,0,1,1,0,1,0,1,0,0,0,12192.0,2,1,1,1,0,0,1,0,8.8,264.0,0,0,0,0,0,1
11000,0.0,0.0,0,0,1,0,28.361,3.416,1,1,1,0,26.967,-1.241,0,0.0,0,0,1,1,0,1,0,1,0,0,0,12192.0,2,1,1,1,0,0,1,0,8.1,265.4,0,0,0,0,0,1
11100,0.0,0.0,0,0,1,0,28.703,3.416,1,1,1,0,26.843,-1.241,0,0.0,0,0,1,1,0,1,0,1,0,0,0,12192.0,2,1,1,1,0,0,1,0,8.8,269.3,0,0,0,0,0,1
11200,0.0,0.0,0,0,1,0,29.044,3.416,1,1,1,0,26.719,-1.241,0,0.0,0,0,1,1,0,1,0,1,0,0,0,12192.0,2,1,1,1,0,0,1,0,9.3,276.0,0,0,0,0,0,1
11300,0.0,0.0,0,0,1,0,29.386,3.416,1,1,1,0,26.595,-1.241,0,0.0,0,0,1,1,0,1,0,1,0,0,0,12192.0,2,1,1,1,0,0,1,0,8.8,269.7,0,0,0,0,0,1
11400,0.0,0.0,0,0,1,0,29.728,3.416,1,1,1,0,26.471,-1.241,0,0.0,0,0,1,1,0,1,0,1,0,0,0,12192.0,2,1,1,1,0,0,1,0,9.4,267.4,0,0,0,0,0,1
11500,0.0,0.0,0,0,1,0,30.069,3.416,1,1,1,0,26.347,-1.241,0,0.0,0,0,1,1,0,1,0,1,0,0,0,12192.0,2,1,1,1,0,0,1,0,8.7,268.8,0,0,0,0,0,1
11600,0.0,0.0,0,0,1,0,30.411,3.416,1,1,1,0,26.223,-1.241,0,0.0,0,0,1,1,0,1,0,1,0,0,0,12192.0,2,1,1,1,0,0,1,0,8.4,271.4,0,0,0,0,0,1
11700,0.0,0.0,0,0,1,0,30.752,3.416,1,1,1,0,26.098,-1.241,0,0.0,0,0,1,1,0,1,0,1,0,0,0,12192.0,2,1,1,1,0,0,1,0,8.4,269.2,0,0,0,0,0,1
11800,0.0,0.0,0,0,1,0,31.094,3.416,1,1,1,0,25.974,-1.241,0,0.0,0,0,1,1,0,1,0,1,0,0,0,12192.0,2,1,1,1,0,0,1,0,8.1,269.2,0,0,0,0,0,1
11900,0.0,0.0,0,0,1,0,31.436,3.416,1,1,1,0,25.85,-1.241,0,0.0,0,0,1,1,0,1,0,1,0,0,0,12192.0,2,1,1,1,0,0,1,0,8.3,269.0,0,0,0,0,0,1
12000,0.0,0.0,0,0,1,0,31.777,3.416,1,1,1,0,25.726,-1.241,0,0.0,0,0,1,1,0,1,0,1,0,0,0,12192.0,2,1,1,1,0,0,1,0,8.0,270.4,0,0,0,0,0,1
12100,0.0,0.0,0,0,1,0,32.119,3.416,1,1,1,0,25.602,-1.241,0,0.0,0,0,1,1,0,1,0,1,0,0,0,12192.0,2,1,1,1,0,0,1,0,8.4,269.0,0,0,0,0,0,1
12200,0.0,0.0,0,0,1,0,32.46,3.416,1,1,1,0,25.478,-1.241,0,0.0,0,0,1,1,0,1,0,1,0,0,0,12192.0,2,1,1,1,0,0,1,0,8.5,269.6,0,0,0,0,0,1
12300,0.0,0.0,0,0,1,0,32.802,3.416,1,1,1,0,25.354,-1.241,0,0.0,0,0,1,1,0,1,0,1,0,0,0,12192.0,2,1,1,1,0,0,1,0,8.2,272.7,0,0,0,0,0,1
12400,0.0,0.0,0,0,1,0,33.144,3.416,1,1,1,0,25.23,-1.241,0,0.0,0,0,1,1,0,1,0,1,0,0,0,12192.0,2,1,1,1,0,0,1,0,9.5,266.8,0,0,0,0,0,1
12500,0.0,0.0,0,0,1,0,33.485,3.416,1,1,1,0,25.106,-1.241,0,0.0,0,0,1,1,0,1,0,1,0,0,0,12192.0,2,1,1,1,0,0,1,0,9.2,271.9,0,0,0,0,0,1
12600,0.0,0.0,0,0,1,0,33.827,3.416,1,1,1,0,24.982,-1.241,0,0.0,0,0,1,1,0,1,0,1,0,0,0,12192.0,2,1,1,1,0,0,1,0,8.0,272.4,0,0,0,0,0,1
12700,0.0,0.0,0,0,1,0,34.169,3.416,1,1,1,0,24.857,-1.241,0,0.0,0,0,1,1,0,1,0,1,0,0,0,12192.0,2,1,1,1,0,0,1,0,8.3,268.7,0,0,0,0,0,1
12800,0.0,0.0,0,0,1,0,34.51,3.416,1,1,1,0,24.733,-1.241,0,0.0,0,0,1,1,0,1,0,1,0,0,0,12192.0,2,1,1,1,0,0,1,0,7.9,271.5,0,0,0,0,0,1
12900,0.0,0.0,0,0,1,0,34.852,3.416,1,1,1,0,24.609,-1.241,0,0.0,0,0,1,1,0,1,0,1,0,0,0,12192.0,2,1,1,1,0,0,1,0,8.2,269.6,0,0,0,0,0,1
13000,0.0,0.0,0,0,1,0,35.193,3.416,1,1,1,0,24.485,-1.241,0,0.0,0,0,1,1,0,1,0,1,0,0,0,12192.0,2,1,1,1,0,0,1,0,8.0,267.3,0,0,0,0,0,1
13100,0.0,0.0,0,0,1,0,35.529,3.356,1,1,1,0,24.361,-1.241,0,0.0,0,0,1,1,0,1,0,1,0,0,0,12192.0,2,1,1,1,0,0,1,0,8.1,270.4,0,0,0,0,0,1
13200,0.0,0.0,0,0,1,0,35.859,3.296,1,1,1,0,24.237,-1.241,0,0.0,0,0,1,1,0,1,0,1,0,0,0,12192.0,2,1,1,1,0,0,1,0,8.0,270.7,0,0,0,0,0,1
13300,0.0,0.0,0,0,1,0,36.182,3.236,1,1,1,0,24.113,-1.241,0,0.0,0,0,1,1,0,1,0,1,0,0,0,12192.0,2,1,1,1,0,0,1,0,8.1,271.9,0,0,0,0,0,1
13400,0.0,0.0,0,0,1,0,36.5,3.176,1,1,1,0,23.989,-1.241,0,0.0,0,0,1,1,0,1,0,1,0,0,0,12192.0,2,1,1,1,0,0,1,0,8.8,267.5,0,0,0,0,0,1
13500,0.0,0.0,0,0,1,0,36.811,3.116,1,1,1,0,23.865,-1.241,0,0.0,0,0,1,1,0,1,0,1,0,0,0,12192.0,2,1,1,1,0,0,1,0,7.5,266.6,0,0,0,0,0,1
13600,0.0,0.0,0,0,1,0,37.117,3.056,1,1,1,0,23.741,-1.241,0,0.0,0,0,1,1,0,1,0,1,0,0,0,12192.0,2,1,1,1,0,0,1,0,7.4,270.9,0,0,0,0,0,1
13700,0.0,0.0,0,0,1,0,37.417,2.996,1,1,1,0,23.617,-1.241,0,0.0,0,0,1,1,0,1,0,1,0,0,0,12192.0,2,1,1,1,0,0,1,0,6.6,272.7,0,0,0,0,0,1
13800,0.0,0.0,0,0,1,0,37.71,2.936,1,1,1,0,23.492,-1.241,0,0.0,0,0,1,1,0,1,0,1,0,0,0,12192.0,2,1,1,1,0,0,1,0,8.5,271.3,0,0,0,0,0,1
13900,0.0,0.0,0,0,1,0,37.998,2.876,1,1,1,0,23.368,-1.241,0,0.0,0,0,1,1,0,1,0,1,0,0,0,12192.0,2,1,1,1,0,0,1,0,7.7,269.9,0,0,0,0,0,1
14000,0.0,0.0,0,0,1,0,38.28,2.816,1,1,1,0,23.244,-1.241,0,0.0,0,0,1,1,0,1,0,1,0,0,0,12192.0,2,1,1,1,0,0,1,0,8.4,271.3,0,0,0,0,0,1
14100,0.0,0.0,0,0,1,0,38.555,2.756,1,1,1,0,23.12,-1.241,0,0.0,0,0,1,1,0,1,0,1,0,0,0,12192.0,2,1,1,1,0,0,1,0,7.9,272.1,0,0,0,0,0,1
14200,0.0,0.0,0,0,1,0,38.825,2.696,1,1,1,0,22.996,-1.241,0,0.0,0,0,1,1,0,1,0,1,0,0,0,12192.0,2,1,1,1,0,0,1,0,7.4,270.1,0,0,0,0,0,1
14300,0.0,0.0,0,0,1,0,39.089,2.636,1,1,1,0,22.872,-1.241,0,0.0,0,0,1,1,0,1,0,1,0,0,0,12192.0,2,1,1,1,0,0,1,0,7.7,270.6,0,0,0,0,0,1
14400,0.0,0.0,0,0,1,0,39.346,2.576,1,1,1,0,22.748,-1.241,0,0.0,0,0,1,1,0,1,0,1,0,0,0,12192.0,2,1,1,1,0,0,1,0,7.7,272.8,0,0,0,0,0,1
14500,0.0,0.0,0,0,1,0,39.598,2.516,1,1,1,0,22.624,-1.241,0,0.0,0,0,1,1,0,1,0,1,0,0,0,12192.0,2,1,1,1,0,0,1,0,7.7,272.9,0,0,0,0,0,1
14600,0.0,0.0,0,0,1,0,39.844,2.457,1,1,1,0,22.5,-1.241,0,0.0,0,0,1,1,0,1,0,1,0,0,0,12192.0,2,1,1,1,0,0,1,0,7.8,271.4,0,0,0,0,0,1
14700,0.0,0.0,0,0,1,0,40.083,2.397,1,1,1,0,22.376,-1.241,0,0.0,0,0,1,1,0,1,0,1,0,0,0,12192.0,2,1,1,1,0,0,1,0,8.0,272.7,0,0,0,0,0,1
14800,0.0,0.0,0,0,1,0,40.317,2.337,1,1,1,0,22.252,-1.241,0,0.0,0,0,1,1,0,1,0,1,0,0,0,12192.0,2,1,1,1,0,0,1,0,7.2,269.1,0,0,0,0,0,1
14900,0.0,0.0,0,0,1,0,40.544,2.277,1,1,1,0,22.127,-1.241,0,0.0,0,0,1,1,0,1,0,1,0,0,0,12192.0,2,1,1,1,0,0,1,0,7.4,273.3,0,0,0,0,0,1
15000,0.0,0.0,0,0,1,0,40.766,2.217,1,1,1,0,22.003,-1.241,0,0.0,0,0,1,1,0,1,0,1,0,0,0,12192.0,2,1,1,1,0,0,1,0,7.1,275.5,0,0,0,0,0,1
15100,0.0,0.0,0,0,1,0,40.982,2.157,1,1,1,0,21.879,-1.241,0,0.0,0,0,1,1,0,1,0,1,0,0,0,12192.0,2,1,1,1,0,0,1,0,7.2,266.4,0,0,0,0,0,1
15200,0.0,0.0,0,0,1,0,41.191,2.097,1,1,1,0,21.755,-1.241,0,0.0,0,0,1,1,0,1,0,1,0,0,0,12192.0,2,1,1,1,0,0,1,0,8.0,270.7,0,0,0,0,0,1
15300,0.0,0.0,0,0,1,0,41.395,2.037,1,1,1,0,21.631,-1.241,0,0.0,0,0,1,1,0,1,0,1,0,0,0,12192.0,2,1,1,1,0,0,1,0,7.4,269.8,0,0,0,0,0,1
15400,0.0,0.0,0,0,1,0,41.593,1.977,1,1,1,0,21.507,-1.241,0,0.0,0,0,1,1,0,1,0,1,0,0,0,12192.0,2,1,1,1,0,0,1,0,7.7,272.1,0,0,0,0,0,1
15500,0.0,0.0,0,0,1,0,41.784,1.917,1,1,1,0,21.383,-1.241,0,0.0,0,0,1,1,0,1,0,1,0,0,0,12192.0,2,1,1,1,0,0,1,0,8.2,271.8,0,0,0,0,0,1
15600,0.0,0.0,0,0,1,0,41.97,1.857,1,1,1,0,21.259,-1.241,0,0.0,0,0,1,1,0,1,0,1,0,0,0,12192.0,2,1,1,1,0,0,1,0,7.7,269.6,0,0,0,0,0,1
15700,0.0,0.0,0,0,1,0,42.15,1.797,1,1,1,0,21.135,-1.241,0,0.0,0,0,1,1,0,1,0,1,0,0,0,12192.0,2,1,1,1,0,0,1,0,7.1,265.7,0,0,0,0,0,1
15800,0.0,0.0,0,0,1,0,42.323,1.736,1,1,1,0,21.011,-1.241,0,0.0,0,0,1,1,0,1,0,1,0,0,0,12192.0,2,1,1,1,0,0,1,0,7.7,271.2,0,0,0,0,0,1
15900,0.0,0.0,0,0,1,0,42.491,1.675,1,1,1,0,20.886,-1.241,0,0.0,0,0,1,1,0,1,0,1,0,0,0,12192.0,2,1,1,1,0,0,1,0,7.7,267.7,0,0,0,0,0,1
16000,0.0,0.0,0,0,1,0,42.652,1.613,1,1,1,0,20.762,-1.241,0,0.0,0,0,1,1,0,1,0,1,0,0,0,12192.0,2,1,1,1,0,0,1,0,7.8,265.9,0,0,0,0,0,1
16100,0.0,0.0,0,0,1,0,42.807,1.552,1,1,1,0,20.638,-1.241,0,0.0,0,0,1,1,0,1,0,1,0,0,0,12192.0,2,1,1,1,0,0,1,0,7.7,268.7,0,0,0,0,0,1
16200,0.0,0.0,0,0,1,0,42.957,1.491,1,1,1,0,20.514,-1.241,0,0.0,0,0,1,1,0,1,0,1,0,0,0,12192.0,2,1,1,1,0,0,1,0,7.3,272.6,0,0,0,0,0,1
16300,0.0,0.0,0,0,1,0,43.1,1.43,1,1,1,0,20.39,-1.241,0,0.0,0,0,1,1,0,1,0,1,0,0,0,12192.0,2,1,1,1,0,0,1,0,7.5,268.4,0,0,0,0,0,1
16400,0.0,0.0,0,0,1,0,43.236,1.369,1,1,1,0,20.266,-1.241,0,0.0,0,0,1,1,0,1,0,1,0,0,0,12192.0,2,1,1,1,0,0,1,0,7.4,270.6,0,0,0,0,0,1
16500,0.0,0.0,0,0,1,0,43.367,1.307,1,1,1,0,20.142,-1.241,0,0.0,0,0,1,1,0,1,0,1,0,0,0,12192.0,2,1,1,1,0,0,1,0,8.3,266.4,0,0,0,0,0,1
16600,0.0,0.0,0,0,1,0,43.492,1.246,1,1,1,0,20.018,-1.241,0,0.0,0,0,1,1,0,1,0,1,0,0,0,12192.0,2,1,1,1,0,0,1,0,7.6,272.7,0,0,0,0,0,1
16700,0.0,0.0,0,0,1,0,43.61,1.184,1,1,1,0,19.894,-1.241,0,0.0,0,0,1,1,0,1,0,1,0,0,0,12192.0,2,1,1,1,0,0,1,0,7.4,273.2,0,0,0,0,0,1
16800,0.0,0.0,0,0,1,0,43.722,1.123,1,1,1,0,19.77,-1.241,0,0.0,0,0,1,1,0,1,0,1,0,0,0,12192.0,2,1,1,1,0,0,1,0,7.9,269.6,0,0,0,0,0,1
16900,0.0,0.0,0,0,1,0,43.829,1.061,1,1,1,0,19.646,-1.241,0,0.0,0,0,1,1,0,1,0,1,0,0,0,12192.0,2,1,1,1,0,0,1,0,7.1,269.6,0,0,0,0,0,1
17000,0.0,0.0,0,0,1,0,43.928,0.999,1,1,1,0,19.521,-1.241,0,0.0,0,0,1,1,0,1,0,1,0,0,0,12192.0,2,1,1,1,0,0,1,0,7.0,270.0,0,0,0,0,0,1
17100,0.0,0.0,0,0,1,0,44.022,0.937,1,1,1,0,19.397,-1.241,0,0.0,0,0,1,1,0,1,0,1,0,0,0,12192.0,2,1,1,1,0,0,1,0,8.2,266.3,0,0,0,0,0,1
17200,0.0,0.0,0,0,1,0,44.11,0.875,1,1,1,0,19.273,-1.241,0,0.0,0,0,1,1,0,1,0,1,0,0,0,12192.0,2,1,1,1,0,0,1,0,7.5,270.5,0,0,0,0,0,1
17300,0.0,0.0,0,0,1,0,44.191,0.813,1,1,1,0,19.149,-1.241,0,0.0,0,0,1,1,0,1,0,1,0,0,0,12192.0,2,1,1,1,0,0,1,0,8.1,266.8,0,0,0,0,0,1
17400,0.0,0.0,0,0,1,0,44.266,0.751,1,1,1,0,19.025,-1.241,0,0.0,0,0,1,1,0,1,0,1,0,0,0,12192.0,2,1,1,1,0,0,1,0,7.4,269.1,0,0,0,0,0,1
17500,0.0,0.0,0,0,1,0,44.335,0.688,1,1,1,0,18.901,-1.241,0,0.0,0,0,1,1,0,1,0,1,0,0,0,12192.0,2,1,1,1,0,0,1,0,8.1,267.4,0,0,0,0,0,1
17600,0.0,0.0,0,0,1,0,44.398,0.625,1,1,1,0,18.777,-1.241,0,0.0,0,0,1,1,0,1,0,1,0,0,0,12192.0,2,1,1,1,0,0,1,0,6.7,268.5,0,0,0,0,0,1
17700,0.0,0.0,0,0,1,0,44.454,0.562,1,1,1,0,18.653,-1.241,0,0.0,0,0,1,1,0,1,0,1,0,0,0,12192.0,2,1,1,1,0,0,1,0,7.8,266.7,0,0,0,0,0,1
17800,0.0,0.0,0,0,1,0,44.504,0.499,1,1,1,0,18.529,-1.241,0,0.0,0,0,1,1,0,1,0,1,0,0,0,12192.0,2,1,1,1,0,0,1,0,7.5,275.2,0,0,0,0,0,1
17900,0.0,0.0,0,0,1,0,44.547,0.435,1,1,1,0,18.405,-1.241,0,0.0,0,0,1,1,0,1,0,1,0,0,0,12192.0,2,1,1,1,0,0,1,0,8.3,265.9,0,0,0,0,0,1
18000,0.0,0.0,0,0,1,0,44.584,0.37,1,1,1,0,18.28,-1.241,0,0.0,0,0,1,1,0,1,0,1,0,0,0,12192.0,2,1,1,1,0,0,1,0,7.8,270.3,0,0,0,0,0,1
18100,0.0,0.0,0,0,1,0,44.614,0.304,1,1,1,0,18.156,-1.241,0,0.0,0,0,1,1,0,1,0,1,0,0,0,12192.0,2,1,1,1,0,0,1,0,8.3,270.5,0,0,0,0,0,1
18200,0.0,0.0,0,0,1,0,44.638,0.237,1,1,1,0,18.032,-1.241,0,0.0,0,0,1,1,0,1,0,1,0,0,0,12192.0,2,1,1,1,0,0,1,0,7.3,266.8,0,0,0,0,0,1
18300,0.0,0.0,0,0,1,0,44.655,0.166,1,1,1,0,17.908,-1.241,0,0.0,0,0,1,1,0,1,0,1,0,0,0,12192.0,2,1,1,1,0,0,1,0,8.1,270.2,0,0,0,0,0,1
18400,0.0,0.0,0,0,1,0,44.663,0.087,1,1,1,0,17.784,-1.241,0,0.0,0,0,1,1,0,1,0,1,0,0,0,12192.0,2,1,1,1,0,0,1,0,7.2,269.0,0,0,0,0,0,1
18500,0.0,0.0,0,0,1,0,44.666,0.0,0,0,1,0,17.66,-1.241,0,0.0,0,0,1,1,0,1,0,1,0,0,0,12192.0,2,1,1,1,0,0,1,0,8.3,272.5,0,0,0,0,0,1
18600,0.0,0.0,0,0,1,0,44.666,0.0,0,0,1,0,17.536,-1.241,0,0.0,0,0,1,1,0,1,0,1,0,0,0,12192.0,2,1,1,1,0,0,1,0,8.2,271.9,0,0,0,0,0,1
18700,0.0,0.0,0,0,1,0,44.666,0.0,0,0,1,0,17.412,-1.241,0,0.0,0,0,1,1,0,1,0,1,0,0,0,12192.0,2,1,1,1,0,0,1,0,8.4,269.4,0,0,0,0,0,1
18800,0.0,0.0,0,0,1,0,44.666,0.0,0,0,1,0,17.288,-1.241,0,0.0,0,0,1,1,0,1,0,1,0,0,0,12192.0,2,1,1,1,0,0,1,0,8.6,273.2,0,0,0,0,0,1
18900,0.0,0.0,0,0,1,0,44.666,0.0,0,0,1,0,17.164,-1.241,0,0.0,0,0,1,1,0,1,0,1,0,0,0,12192.0,2,1,1,1,0,0,1,0,8.4,269.1,0,0,0,0,0,1
19000,0.0,0.0,0,0,1,0,44.666,0.0,0,0,1,0,17.04,-1.241,0,0.0,0,0,1,1,0,1,0,1,0,0,0,12192.0,2,1,1,1,0,0,1,0,8.5,267.5,0,0,0,0,0,1
19100,0.0,0.0,0,0,1,0,44.666,0.0,0,0,1,0,16.915,-1.241,0,0.0,0,0,1,1,0,1,0,1,0,0,0,12192.0,2,1,1,1,0,0,1,0,7.7,268.9,0,0,0,0,0,1
19200,0.0,0.0,0,0,1,0,44.666,0.0,0,0,1,0,16.791,-1.241,0,0.0,0,0,1,1,0,1,0,1,0,0,0,12192.0,2,1,1,1,0,0,1,0,8.9,266.0,0,0,0,0,0,1
19300,0.0,0.0,0,0,1,0,44.666,0.0,0,0,1,0,16.667,-1.241,0,0.0,0,0,1,1,0,1,0,1,0,0,0,12192.0,2,1,1,1,0,0,1,0,9.2,272.6,0,0,0,0,0,1
19400,0.0,0.0,0,0,1,0,44.666,0.0,0,0,1,0,16.543,-1.241,0,0.0,0,0,1,1,0,1,0,1,0,0,0,12192.0,2,1,1,1,0,0,1,0,8.1,266.4,0,0,0,0,0,1
19500,0.0,0.0,0,0,1,0,44.666,0.0,0,0,1,0,16.419,-1.241,0,0.0,0,0,1,1,0,1,0,1,0,0,0,12192.0,2,1,1,1,0,0,1,0,7.7,270.5,0,0,0,0,0,1
19600,0.0,0.0,0,0,1,0,44.666,0.0,0,0,1,0,16.295,-1.241,0,0.0,0,0,1,1,0,1,0,1,0,0,0,12192.0,2,1,1,1,0,0,1,0,8.3,271.5,0,0,0,0,0,1
19700,0.0,0.0,0,0,1,0,44.666,0.0,0,0,1,0,16.171,-1.241,0,0.0,0,0,1,1,0,1,0,1,0,0,0,12192.0,2,1,1,1,0,0,1,0,9.0,271.4,0,0,0,0,0,1
19800,0.0,0.0,0,0,1,0,44.666,0.0,0,0,1,0,16.047,-1.241,0,0.0,0,0,1,1,0,1,0,1,0,0,0,12192.0,2,1,1,1,0,0,1,0,9.4,268.2,0,0,0,0,0,1
19900,0.0,0.0,0,0,1,0,44.666,0.0,0,0,1,0,15.923,-1.241,0,0.0,0,0,1,1,0,1,0,1,0,0,0,12192.0,2,1,1,1,0,0,1,0,8.6,265.5,0,0,0,0,0,1
20000,0.0,0.0,0,0,1,0,44.666,0.0,0,0,1,0,15.799,-1.241,0,0.0,0,0,1,1,0,1,0,1,0,0,0,12192.0,2,1,1,1,0,0,1,0,8.6,269.4,0,0,0,0,0,1
20100,0.0,0.0,0,0,1,0,44.666,0.0,0,0,1,0,15.679,-1.193,0,0.0,0,0,1,1,0,1,0,1,0,0,0,12192.0,2,1,1,1,0,0,1,0,8.2,268.3,0,0,0,0,0,1
20200,0.0,0.0,0,0,1,0,44.666,0.0,0,0,1,0,15.565,-1.145,0,0.0,0,0,1,1,0,1,0,1,0,0,0,12192.0,2,1,1,1,0,0,1,0,9.1,269.6,0,0,0,0,0,1
20300,0.0,0.0,0,0,1,0,44.666,0.0,0,0,1,0,15.455,-1.097,0,0.0,0,0,1,1,0,1,0,1,0,0,0,12192.0,2,1,1,1,0,0,1,0,9.2,272.0,0,0,0,0,0,1
20400,0.0,0.0,0,0,1,0,44.666,0.0,0,0,1,0,15.35,-1.049,0,0.0,0,0,1,1,0,1,0,1,0,0,0,12192.0,2,1,1,1,0,0,1,0,8.7,269.0,0,0,0,0,0,1
20500,0.0,0.0,0,0,1,0,44.666,0.0,0,0,1,0,15.25,-1.001,0,0.0,0,0,1,1,0,1,0,1,0,0,0,12192.0,2,1,1,1,0,0,1,0,8.4,270.7,0,0,0,0,0,1
20600,0.0,0.0,0,0,1,0,44.666,0.0,0,0,1,0,15.155,-0.952,0,0.0,0,0,1,1,0,1,0,1,0,0,0,12192.0,2,1,1,1,0,0,1,0,9.4,267.4,0,0,0,0,0,1
20700,0.0,0.0,0,0,1,0,44.666,0.0,0,0,1,0,15.065,-0.903,0,0.0,0,0,1,1,0,1,0,1,0,0,0,12192.0,2,1,1,1,0,0,1,0,7.9,269.0,0,0,0,0,0,1
20800,0.0,0.0,0,0,1,0,44.666,0.0,0,0,1,0,14.979,-0.853,0,0.0,0,0,1,1,0,1,0,1,0,0,0,12192.0,2,1,1,1,0,0,1,0,8.9,271.0,0,0,0,0,0,1
20900,0.0,0.0,0,0,1,0,44.666,0.0,0,0,1,0,14.899,-0.804,0,0.0,0,0,1,1,0,1,0,1,0,0,0,12192.0,2,1,1,1,0,0,1,0,8.4,268.7,0,0,0,0,0,1
21000,0.0,0.0,0,0,1,0,44.666,0.0,0,0,1,0,14.824,-0.754,0,0.0,0,0,1,1,0,1,0,1,0,0,0,12192.0,2,1,1,1,0,0,1,0,8.6,265.1,0,0,0,0,0,1
21100,0.0,0.0,0,0,1,0,44.666,0.0,0,0,1,0,14.753,-0.705,0,0.0,0,0,1,1,0,1,0,1,0,0,0,12192.0,2,1,1,1,0,0,1,0,8.7,268.6,0,0,0,0,0,1
21200,0.0,0.0,0,0,1,0,44.666,0.0,0,0,1,0,14.688,-0.655,0,0.0,0,0,1,1,0,1,0,1,0,0,0,12192.0,2,1,1,1,0,0,1,0,8.5,268.2,0,0,0,0,0,1
21300,0.0,0.0,0,0,1,0,44.666,0.0,0,0,1,0,14.627,-0.605,0,0.0,0,0,1,1,0,1,0,1,0,0,0,12192.0,2,1,1,1,0,0,1,0,8.5,267.9,0,0,0,0,0,1
21400,0.0,0.0,0,0,1,0,44.666,0.0,0,0,1,0,14.572,-0.555,0,0.0,0,0,1,1,0,1,0,1,0,0,0,12192.0,2,1,1,1,0,0,1,0,9.2,270.5,0,0,0,0,0,1
21500,0.0,0.0,0,0,1,0,44.666,0.0,0,0,1,0,14.521,-0.504,0,0.0,0,0,1,1,0,1,0,1,0,0,0,12192.0,2,1,1,1,0,0,1,0,7.9,273.8,0,0,0,0,0,1
21600,0.0,0.0,0,0,1,0,44.666,0.0,0,0,1,0,14.476,-0.454,0,0.0,0,0,1,1,0,1,0,1,0,0,0,12192.0,2,1,1,1,0,0,1,0,8.3,270.9,0,0,0,0,0,1
21700,0.0,0.0,0,0,1,0,44.666,0.0,0,0,1,0,14.436,-0.403,0,0.0,0,0,1,1,0,1,0,1,0,0,0,12192.0,2,1,1,1,0,0,1,0,7.7,264.6,0,0,0,0,0,1
21800,0.0,0.0,0,0,1,0,44.666,0.0,0,0,1,0,14.4,-0.352,0,0.0,0,0,1,1,0,1,0,1,0,0,0,12192.0,2,1,1,1,0,0,1,0,8.4,264.2,0,0,0,0,0,1
21900,0.0,0.0,0,0,1,0,44.666,0.0,0,0,1,0,14.37,-0.3,0,0.0,0,0,1,1,0,1,0,1,0,0,0,12192.0,2,1,1,1,0,0,1,0,7.9,268.5,0,0,0,0,0,1
22000,0.0,0.0,0,0,1,0,44.666,0.0,0,0,1,0,14.346,-0.247,0,0.0,0,0,1,1,0,1,0,1,0,0,0,12192.0,2,1,1,1,0,0,1,0,7.6,271.9,0,0,0,0,0,1
22100,0.0,0.0,0,0,1,0,44.666,0.0,0,0,1,0,14.326,-0.193,0,0.0,0,0,1,1,0,1,0,1,0,0,0,12192.0,2,1,1,1,0,0,1,0,7.6,270.2,0,0,0,0,0,1
22200,0.0,0.0,0,0,1,0,44.666,0.0,0,0,1,0,14.313,-0.137,0,0.0,0,0,1,1,0,1,0,1,0,0,0,12192.0,2,1,1,1,0,0,1,0,8.3,272.0,0,0,0,0,0,1
22300,0.0,0.0,0,0,1,0,44.666,0.0,0,0,1,0,14.305,-0.075,0,0.0,0,0,1,1,0,1,0,1,0,0,0,12192.0,2,1,1,1,0,0,1,0,8.1,275.7,0,0,0,0,0,1
22400,0.0,0.0,0,0,0,0,44.666,0.0,0,0,0,0,14.303,0.0,0,0.0,0,0,0,0,0,1,0,1,0,0,0,12192.0,2,1,1,0,1,0,1,0,7.7,272.5,0,0,0,0,0,1
22500,0.0,0.0,0,0,1,0,44.666,0.0,0,0,1,0,14.298,-0.048,0,0.0,0,0,1,1,0,1,0,1,0,0,0,12192.0,2,1,1,1,0,0,1,0,8.1,273.6,0,0,0,0,0,1
22600,0.0,0.0,0,0,1,0,44.666,0.0,0,0,1,0,14.288,-0.096,0,0.0,0,0,1,1,0,1,0,1,0,0,0,12192.0,2,1,1,1,0,0,1,0,7.2,273.1,0,0,0,0,0,1
22700,0.0,0.0,0,0,1,0,44.666,0.0,0,0,1,0,14.274,-0.144,0,0.0,0,0,1,1,0,1,0,1,0,0,0,12192.0,2,1,1,1,0,0,1,0,8.0,268.0,0,0,0,0,0,1
22800,0.0,0.0,0,0,1,0,44.666,0.0,0,0,1,0,14.254,-0.192,0,0.0,0,0,1,1,0,1,0,1,0,0,0,12192.0,2,1,1,1,0,0,1,0,7.5,270.2,0,0,0,0,0,1
22900,0.0,0.0,0,0,1,0,44.666,0.0,0,0,1,0,14.23,-0.24,0,0.0,0,0,1,1,0,1,0,1,0,0,0,12192.0,2,1,1,1,0,0,1,0,7.3,267.2,0,0,0,0,0,1
23000,0.0,0.0,0,0,1,0,44.666,0.0,0,0,1,0,14.202,-0.288,0,0.0,0,0,1,1,0,1,0,1,0,0,0,12192.0,2,1,1,1,0,0,1,0,7.3,270.3,0,0,0,0,0,1
23100,0.0,0.0,0,0,1,0,44.666,0.0,0,0,1,0,14.168,-0.336,0,0.0,0,0,1,1,0,1,0,1,0,0,0,12192.0,2,1,1,1,0,0,1,0,7.8,268.3,0,0,0,0,0,1
23200,0.0,0.0,0,0,1,0,44.666,0.0,0,0,1,0,14.13,-0.384,0,0.0,0,0,1,1,0,1,0,1,0,0,0,12192.0,2,1,1,1,0,0,1,0,7.7,272.6,0,0,0,0,0,1
23300,0.0,0.0,0,0,1,0,44.666,0.0,0,0,1,0,14.086,-0.432,0,0.0,0,0,1,1,0,1,0,1,0,0,0,12192.0,2,1,1,1,0,0,1,0,7.3,264.1,0,0,0,0,0,1
23400,0.0,0.0,0,0,1,0,44.666,0.0,0,0,1,0,14.038,-0.48,0,0.0,0,0,1,1,0,1,0,1,0,0,0,12192.0,2,1,1,1,0,0,1,0,7.4,268.5,0,0,0,0,0,1
23500,0.0,0.0,0,0,1,0,44.666,0.0,0,0,1,0,13.986,-0.528,0,0.0,0,0,1,1,0,1,0,1,0,0,0,12192.0,2,1,1,1,0,0,1,0,8.8,274.1,0,0,0,0,0,1
23600,0.0,0.0,0,0,1,0,44.666,0.0,0,0,1,0,13.928,-0.576,0,0.0,0,0,1,1,0,1,0,1,0,0,0,12192.0,2,1,1,1,0,0,1,0,7.5,272.6,0,0,0,0,0,1
23700,0.0,0.0,0,0,1,0,44.666,0.0,0,0,1,0,13.865,-0.624,0,0.0,0,0,1,1,0,1,0,1,0,0,0,12192.0,2,1,1,1,0,0,1,0,7.9,269.4,0,0,0,0,0,1
23800,0.0,0.0,0,0,1,0,44.666,0.0,0,0,1,0,13.798,-0.672,0,0.0,0,0,1,1,0,1,0,1,0,0,0,12192.0,2,1,1,1,0,0,1,0,7.6,269.1,0,0,0,0,0,1
23900,0.0,0.0,0,0,1,0,44.666,0.0,0,0,1,0,13.726,-0.72,0,0.0,0,0,1,1,0,1,0,1,0,0,0,12192.0,2,1,1,1,0,0,1,0,7.7,270.0,0,0,0,0,0,1
24000,0.0,0.0,0,0,1,0,44.666,0.0,0,0,1,0,13.649,-0.768,0,0.0,0,0,1,1,0,1,0,1,0,0,0,12192.0,2,1,1,1,0,0,1,0,7.1,268.2,0,0,0,0,0,1
24100,0.0,0.0,0,0,1,0,44.666,0.0,0,0,1,0,13.568,-0.816,0,0.0,0,0,1,1,0,1,0,1,0,0,0,12192.0,2,1,1,1,0,0,1,0,7.5,269.1,0,0,0,0,0,1
24200,0.0,0.0,0,0,1,0,44.666,0.0,0,0,1,0,13.481,-0.864,0,0.0,0,0,1,1,0,1,0,1,0,0,0,12192.0,2,1,1,1,0,0,1,0,7.9,270.4,0,0,0,0,0,1
24300,0.0,0.0,0,0,1,0,44.666,0.0,0,0,1,0,13.39,-0.912,0,0.0,0,0,1,1,0,1,0,1,0,0,0,12192.0,2,1,1,1,0,0,1,0,7.1,272.8,0,0,0,0,0,1
24400,0.0,0.0,0,0,1,0,44.666,0.0,0,0,1,0,13.294,-0.961,0,0.0,0,0,1,1,0,1,0,1,0,0,0,12192.0,2,1,1,1,0,0,1,0,7.8,270.8,0,0,0,0,0,1
24500,0.0,0.0,0,0,1,0,44.666,0.0,0,0,1,0,13.193,-1.009,0,0.0,0,0,1,1,0,1,0,1,0,0,0,12192.0,2,1,1,1,0,0,1,0,7.4,267.1,0,0,0,0,0,1
24600,0.0,0.0,0,0,1,0,44.666,0.0,0,0,1,0,13.087,-1.057,0,0.0,0,0,1,1,0,1,0,1,0,0,0,12192.0,2,1,1,1,0,0,1,0,7.4,272.1,0,0,0,0,0,1
24700,0.0,0.0,0,0,1,0,44.666,0.0,0,0,1,0,12.977,-1.105,0,0.0,0,0,1,1,0,1,0,1,0,0,0,12192.0,2,1,1,1,0,0,1,0,7.8,267.4,0,0,0,0,0,1
24800,0.0,0.0,0,0,1,0,44.666,0.0,0,0,1,0,12.862,-1.153,0,0.0,0,0,1,1,0,1,0,1,0,0,0,12192.0,2,1,1,1,0,0,1,0,7.5,268.7,0,0,0,0,0,1
24900,0.0,0.0,0,0,1,0,44.666,0.0,0,0,1,0,12.743,-1.185,0,0.0,0,0,1,1,0,1,0,1,0,0,0,12192.0,2,1,1,1,0,0,1,0,7.8,269.9,0,0,0,0,0,1
25000,0.0,0.0,0,0,1,0,44.666,0.0,0,0,1,0,12.63,-1.136,0,0.0,0,0,1,1,0,1,0,1,0,0,0,12192.0,2,1,1,1,0,0,1,0,7.9,270.6,0,0,0,0,0,1
25100,0.0,0.0,0,0,1,0,44.666,0.0,0,0,1,0,12.521,-1.087,0,0.0,0,0,1,1,0,1,0,1,0,0,0,12192.0,2,1,1,1,0,0,1,0,6.9,269.0,0,0,0,0,0,1
25200,0.0,0.0,0,0,1,0,44.666,0.0,0,0,1,0,12.417,-1.038,0,0.0,0,0,1,1,0,1,0,1,0,0,0,12192.0,2,1,1,1,0,0,1,0,8.1,273.7,0,0,0,0,0,1
25300,0.0,0.0,0,0,1,0,44.666,0.0,0,0,1,0,12.318,-0.989,0,0.0,0,0,1,1,0,1,0,1,0,0,0,12192.0,2,1,1,1,0,0,1,0,7.3,272.7,0,0,0,0,0,1
25400,0.0,0.0,0,0,1,0,44.666,0.0,0,0,1,0,12.224,-0.94,0,0.0,0,0,1,1,0,1,0,1,0,0,0,12192.0,2,1,1,1,0,0,1,0,8.4,268.4,0,0,0,0,0,1
25500,0.0,0.0,0,0,1,0,44.666,0.0,0,0,1,0,12.135,-0.89,0,0.0,0,0,1,1,0,1,0,1,0,0,0,12192.0,2,1,1,1,0,0,1,0,6.9,267.7,0,0,0,0,0,1
25600,0.0,0.0,0,0,1,0,44.666,0.0,0,0,1,0,12.051,-0.841,0,0.0,0,0,1,1,0,1,0,1,0,0,0,12192.0,2,1,1,1,0,0,1,0,7.2,272.8,0,0,0,0,0,1
25700,0.0,0.0,0,0,1,0,44.666,0.0,0,0,1,0,11.972,-0.791,0,0.0,0,0,1,1,0,1,0,1,0,0,0,12192.0,2,1,1,1,0,0,1,0,7.0,266.6,0,0,0,0,0,1
25800,0.0,0.0,0,0,1,0,44.666,0.0,0,0,1,0,11.898,-0.742,0,0.0,0,0,1,1,0,1,0,1,0,0,0,12192.0,2,1,1,1,0,0,1,0,6.7,268.1,0,0,0,0,0,1
25900,0.0,0.0,0,0,1,0,44.666,0.0,0,0,1,0,11.829,-0.692,0,0.0,0,0,1,1,0,1,0,1,0,0,0,12192.0,2,1,1,1,0,0,1,0,7.8,269.4,0,0,0,0,0,1
26000,0.0,0.0,0,0,1,0,44.666,0.0,0,0,1,0,11.764,-0.642,0,0.0,0,0,1,1,0,1,0,1,0,0,0,12192.0,2,1,1,1,0,0,1,0,8.3,267.9,0,0,0,0,0,1
26100,0.0,0.0,0,0,1,0,44.666,0.0,0,0,1,0,11.705,-0.592,0,0.0,0,0,1,1,0,1,0,1,0,0,0,12192.0,2,1,1,1,0,0,1,0,8.1,269.3,0,0,0,0,0,1
26200,0.0,0.0,0,0,1,0,44.666,0.0,0,0,1,0,11.651,-0.542,0,0.0,0,0,1,1,0,1,0,1,0,0,0,12192.0,2,1,1,1,0,0,1,0,7.4,272.2,0,0,0,0,0,1
26300,0.0,0.0,0,0,1,0,44.666,0.0,0,0,1,0,11.602,-0.492,0,0.0,0,0,1,1,0,1,0,1,0,0,0,12192.0,2,1,1,1,0,0,1,0,7.5,269.1,0,0,0,0,0,1
26400,0.0,0.0,0,0,1,0,44.666,0.0,0,0,1,0,11.558,-0.441,0,0.0,0,0,1,1,0,1,0,1,0,0,0,12192.0,2,1,1,1,0,0,1,0,7.7,268.7,0,0,0,0,0,1
26500,0.0,0.0,0,0,1,0,44.666,0.0,0,0,1,0,11.519,-0.39,0,0.0,0,0,1,1,0,1,0,1,0,0,0,12192.0,2,1,1,1,0,0,1,0,7.4,269.7,0,0,0,0,0,1
26600,0.0,0.0,0,0,1,0,44.666,0.0,0,0,1,0,11.485,-0.339,0,0.0,0,0,1,1,0,1,0,1,0,0,0,12192.0,2,1,1,1,0,0,1,0,7.7,267.7,0,0,0,0,0,1
26700,0.0,0.0,0,0,1,0,44.666,0.0,0,0,1,0,11.456,-0.287,0,0.0,0,0,1,1,0,1,0,1,0,0,0,12192.0,2,1,1,1,0,0,1,0,8.3,270.0,0,0,0,0,0,1
26800,0.0,0.0,0,0,1,0,44.666,0.0,0,0,1,0,11.433,-0.234,0,0.0,0,0,1,1,0,1,0,1,0,0,0,12192.0,2,1,1,1,0,0,1,0,8.8,267.4,0,0,0,0,0,1
26900,0.0,0.0,0,0,1,0,44.666,0.0,0,0,1,0,11.415,-0.18,0,0.0,0,0,1,1,0,1,0,1,0,0,0,12192.0,2,1,1,1,0,0,1,0,8.3,267.6,0,0,0,0,0,1
27000,0.0,0.0,0,0,1,0,44.666,0.0,0,0,1,0,11.402,-0.122,0,0.0,0,0,1,1,0,1,0,1,0,0,0,12192.0,2,1,1,1,0,0,1,0,8.1,265.6,0,0,0,0,0,1
27100,0.0,0.0,0,0,1,0,44.666,0.0,0,0,1,0,11.397,-0.057,0,0.0,0,0,1,1,0,1,0,1,0,0,0,12192.0,2,1,1,1,0,0,1,0,7.4,269.7,0,0,0,0,0,1
27200,0.0,0.0,0,0,0,0,44.666,0.0,0,0,0,0,11.396,0.0,0,0.0,0,0,0,0,0,1,0,1,0,0,0,12192.0,2,1,1,0,1,0,1,0,7.0,267.9,0,0,0,0,0,1
27300,0.0,0.0,0,0,0,0,44.666,0.0,0,0,0,0,11.396,0.0,0,0.0,0,0,0,0,0,1,0,1,1,1,0,12192.0,2,1,1,0,1,0,1,0,8.5,272.4,0,0,0,0,0,1
27400,0.0,0.0,0,0,0,0,44.666,0.0,0,0,0,0,11.396,0.0,0,0.0,0,0,0,0,0,1,0,1,1,1,0,12192.0,2,1,1,0,1,0,1,0,7.9,271.7,0,0,0,0,0,1
27500,0.0,0.0,0,0,0,0,44.666,0.0,0,0,0,0,11.396,0.0,0,0.0,0,0,0,0,0,1,0,1,1,1,0,12192.0,2,1,1,0,1,0,1,0,8.4,271.0,0,0,0,0,0,1
27600,0.0,0.0,0,0,0,0,44.666,0.0,0,0,0,0,11.396,0.0,0,0.0,0,0,0,0,0,1,0,1,1,1,0,12192.0,2,1,1,0,1,0,1,0,8.9,267.3,0,0,0,0,0,1
27700,0.0,0.0,0,0,0,0,44.666,0.0,0,0,0,0,11.396,0.0,0,0.0,0,0,0,0,0,1,0,1,1,1,0,12192.0,2,1,1,0,1,0,1,0,8.5,274.9,0,0,0,0,0,1
27800,0.0,0.0,0,0,0,0,44.666,0.0,0,0,0,0,11.396,0.0,0,0.0,0,0,0,0,0,1,0,1,1,1,0,12192.0,2,1,1,0,1,0,1,0,8.2,266.5,0,0,0,0,0,1
27900,0.0,0.0,0,0,0,0,44.666,0.0,0,0,0,0,11.396,0.0,0,0.0,0,0,0,0,0,1,0,1,1,1,0,12192.0,2,1,1,0,1,0,1,0,7.8,269.9,0,0,0,0,0,1
28000,0.0,0.0,0,0,0,0,44.666,0.0,0,0,0,0,11.396,0.0,0,0.0,0,0,0,0,0,1,0,1,1,1,0,12192.0,2,1,1,0,1,0,1,0,8.4,270.5,0,0,0,0,0,1
28100,0.0,0.0,0,0,0,0,44.666,0.0,0,0,0,0,11.396,0.0,0,0.0,0,0,0,0,0,1,0,1,1,1,0,12192.0,2,1,1,0,1,0,1,0,8.5,273.4,0,0,0,0,0,1
28200,0.0,0.0,0,0,0,0,44.666,0.0,0,0,0,0,11.396,0.0,0,32.19,0,0,0,0,0,1,1,0,1,1,0,12192.0,2,1,1,0,1,0,1,0,8.0,270.0,0,0,0,0,0,1
28300,0.0,0.0,0,0,0,0,44.666,0.0,0,0,0,0,11.396,0.0,0,31.88,0,0,0,0,0,1,1,0,1,1,0,12192.0,2,1,1,0,1,0,1,0,8.6,269.9,0,0,0,0,0,1
28400,0.0,0.0,0,0,0,0,44.666,0.0,0,0,0,0,11.396,0.0,0,32.19,0,0,0,0,0,1,1,0,1,1,0,12192.0,2,1,1,0,1,0,1,0,8.0,271.1,0,0,0,0,0,1
28500,0.0,0.0,0,0,0,0,44.666,0.0,0,0,0,0,11.396,0.0,0,32.05,0,0,0,0,0,1,1,0,1,1,0,12192.0,2,1,1,0,1,0,1,0,8.1,274.6,0,0,0,0,0,1
28600,0.0,0.0,0,0,0,0,44.666,0.0,0,0,0,0,11.396,0.0,0,32.23,0,0,0,0,0,1,1,0,1,1,0,12192.0,2,1,1,0,1,0,1,0,9.3,272.6,0,0,0,0,0,1
28700,0.0,0.0,0,0,0,0,44.666,0.0,0,0,0,0,11.396,0.0,0,32.01,0,0,0,0,0,1,1,0,1,1,0,12192.0,2,1,1,0,1,0,1,0,8.5,273.5,0,0,0,0,0,1
28800,0.0,0.0,0,0,0,0,44.666,0.0,0,0,0,0,11.396,0.0,0,31.97,0,0,0,0,0,1,1,0,1,1,0,12192.0,2,1,1,0,1,0,1,0,9.0,267.5,0,0,0,0,0,1
28900,0.0,0.0,0,0,0,0,44.666,0.0,0,0,0,0,11.396,0.0,0,32.07,0,0,0,0,0,1,1,0,1,1,0,12192.0,2,1,1,0,1,0,1,0,8.5,264.9,0,0,0,0,0,1
29000,0.0,0.0,0,0,0,0,44.666,0.0,0,0,0,0,11.396,0.0,0,31.95,0,0,0,0,0,1,1,0,1,1,0,12192.0,2,1,1,0,1,0,1,0,8.7,274.4,0,0,0,0,0,1
29100,0.0,0.0,0,0,0,0,44.666,0.0,0,0,0,0,11.396,0.0,0,32.13,0,0,0,0,0,1,1,0,1,1,0,12192.0,2,1,1,0,1,0,1,0,8.5,269.1,0,0,0,0,0,1
29200,0.0,0.0,0,0,0,0,44.666,0.0,0,0,0,0,11.396,0.0,0,32.17,0,0,0,0,0,1,1,0,1,1,0,12192.0,2,1,1,0,1,0,1,0,7.7,271.1,0,0,0,0,0,1
29300,0.0,0.0,0,0,0,0,44.666,0.0,0,0,0,0,11.396,0.0,0,31.95,0,0,0,0,0,1,1,0,1,1,0,12192.0,2,1,1,0,1,0,1,0,9.1,269.1,0,0,0,0,0,1
29400,0.0,0.0,0,0,0,0,44.666,0.0,0,0,0,0,11.396,0.0,0,32.09,0,0,0,0,0,1,1,0,1,1,0,12192.0,2,1,1,0,1,0,1,0,8.8,268.7,0,0,0,0,0,1
29500,0.0,0.0,0,0,0,0,44.666,0.0,0,0,0,0,11.396,0.0,0,31.73,0,0,0,0,0,1,1,0,1,1,0,12192.0,2,1,1,0,1,0,1,0,7.5,266.7,0,0,0,0,0,1
29600,0.0,0.0,0,0,0,0,44.666,0.0,0,0,0,0,11.396,0.0,0,32.04,0,0,0,0,0,1,1,0,1,1,0,12192.0,2,1,1,0,1,0,1,0,8.6,267.4,0,0,0,0,0,1
29700,0.0,0.0,0,0,0,0,44.666,0.0,0,0,0,0,11.396,0.0,0,32.08,0,0,0,0,0,1,1,0,1,1,0,12192.0,2,1,1,0,1,0,1,0,8.6,271.6,0,0,0,0,0,1
29800,0.0,0.0,0,0,0,0,44.666,0.0,0,0,0,0,11.396,0.0,0,32.11,0,0,0,0,0,1,1,0,1,1,0,12192.0,2,1,1,0,1,0,1,0,8.3,273.0,0,0,0,0,0,1
29900,0.0,0.0,0,0,0,0,44.666,0.0,0,0,0,0,11.396,0.0,0,31.77,0,0,0,0,0,1,1,0,1,1,0,12192.0,2,1,1,0,1,0,1,0,8.5,269.3,0,0,0,0,0,1
30000,0.0,0.0,0,0,0,0,44.666,0.0,0,0,0,0,11.396,0.0,0,32.19,0,0,0,0,0,1,1,0,1,1,0,12192.0,2,1,1,0,1,0,1,0,8.2,271.0,0,0,0,0,0,1
30100,0.0,0.0,0,0,1,0,44.666,0.0,0,0,1,0,11.401,0.048,1,33.51,0,0,1,1,0,1,1,0,0,1,0,12192.0,2,1,1,1,0,0,1,0,9.2,271.2,0,0,0,0,0,1
30200,0.0,0.0,0,0,1,0,44.666,0.0,0,0,1,0,11.41,0.096,1,33.52,0,0,1,1,0,1,1,0,0,1,0,12192.0,2,1,1,1,0,0,1,0,8.0,276.5,0,0,0,0,0,1
30300,0.0,0.0,0,0,1,0,44.666,0.0,0,0,1,0,11.425,0.144,1,33.42,0,0,1,1,0,1,1,0,0,1,0,12192.0,2,1,1,1,0,0,1,0,8.3,272.6,0,0,0,0,0,1
30400,0.0,0.0,0,0,1,0,44.666,0.0,0,0,1,0,11.444,0.192,1,33.64,0,0,1,1,0,1,1,0,0,1,0,12192.0,2,1,1,1,0,0,1,0,8.5,270.8,0,0,0,0,0,1
30500,0.0,0.0,0,0,1,0,44.666,0.0,0,0,1,0,11.468,0.24,1,33.7,0,0,1,1,0,1,1,0,0,1,0,12192.0,2,1,1,1,0,0,1,0,8.3,269.5,0,0,0,0,0,1
30600,0.0,0.0,0,0,1,0,44.666,0.0,0,0,1,0,11.497,0.288,1,33.6,0,0,1,1,0,1,1,0,0,1,0,12192.0,2,1,1,1,0,0,1,0,8.5,272.9,0,0,0,0,0,1
30700,0.0,0.0,0,0,1,0,44.666,0.0,0,0,1,0,11.53,0.336,1,33.68,0,0,1,1,0,1,1,0,0,1,0,12192.0,2,1,1,1,0,0,1,0,8.0,269.1,0,0,0,0,0,1
30800,0.0,0.0,0,0,1,0,44.666,0.0,0,0,1,0,11.569,0.384,1,33.5,0,0,1,1,0,1,1,0,0,1,0,12192.0,2,1,1,1,0,0,1,0,8.3,267.9,0,0,0,0,0,1
30900,0.0,0.0,0,0,1,0,44.666,0.0,0,0,1,0,11.612,0.432,1,33.66,0,0,1,1,0,1,1,0,0,1,0,12192.0,2,1,1,1,0,0,1,0,8.1,263.3,0,0,0,0,0,1
31000,0.0,0.0,0,0,1,0,44.666,0.0,0,0,1,0,11.66,0.48,1,33.8,0,0,1,1,0,1,1,0,0,1,0,12192.0,2,1,1,1,0,0,1,0,7.9,268.2,0,0,0,0,0,1
31100,0.0,0.0,0,0,1,0,44.666,0.0,0,0,1,0,11.713,0.528,1,33.67,0,0,1,1,0,1,1,0,0,1,0,12192.0,2,1,1,1,0,0,1,0,8.4,271.5,0,0,0,0,0,1
31200,0.0,0.0,0,0,1,0,44.666,0.0,0,0,1,0,11.77,0.576,1,33.76,0,0,1,1,0,1,1,0,0,1,0,12192.0,2,1,1,1,0,0,1,0,7.4,270.3,0,0,0,0,0,1
31300,0.0,0.0,0,0,1,0,44.666,0.0,0,0,1,0,11.833,0.624,1,33.71,0,0,1,1,0,1,1,0,0,1,0,12192.0,2,1,1,1,0,0,1,0,7.9,268.5,0,0,0,0,0,1
31400,0.0,0.0,0,0,1,0,44.666,0.0,0,0,1,0,11.9,0.672,1,33.49,0,0,1,1,0,1,1,0,0,1,0,12192.0,2,1,1,1,0,0,1,0,8.1,268.0,0,0,0,0,0,1
31500,0.0,0.0,0,0,1,0,44.666,0.0,0,0,1,0,11.972,0.72,1,33.54,0,0,1,1,0,1,1,0,0,1,0,12192.0,2,1,1,1,0,0,1,0,7.7,269.3,0,0,0,0,0,1
31600,0.0,0.0,0,0,1,0,44.666,0.0,0,0,1,0,12.049,0.768,1,33.43,0,0,1,1,0,1,1,0,0,1,0,12192.0,2,1,1,1,0,0,1,0,8.0,270.6,0,0,0,0,0,1
31700,0.0,0.0,0,0,1,0,44.666,0.0,0,0,1,0,12.131,0.816,1,33.59,0,0,1,1,0,1,1,0,0,1,0,12192.0,2,1,1,1,0,0,1,0,8.0,269.5,0,0,0,0,0,1
31800,0.0,0.0,0,0,1,0,44.666,0.0,0,0,1,0,12.217,0.864,1,33.48,0,0,1,1,0,1,1,0,0,1,0,12192.0,2,1,1,1,0,0,1,0,7.2,267.5,0,0,0,0,0,1
31900,0.0,0.0,0,0,1,0,44.666,0.0,0,0,1,0,12.308,0.912,1,33.44,0,0,1,1,0,1,1,0,0,1,0,12192.0,2,1,1,1,0,0,1,0,7.7,271.6,0,0,0,0,0,1
32000,0.0,0.0,0,0,1,0,44.666,0.0,0,0,1,0,12.404,0.961,1,33.54,0,0,1,1,0,1,1,0,0,1,0,12192.0,2,1,1,1,0,0,1,0,7.4,269.3,0,0,0,0,0,1
32100,0.0,0.0,0,0,1,0,44.666,0.0,0,0,1,0,12.505,1.009,1,33.46,0,0,1,1,0,1,1,0,0,1,0,12192.0,2,1,1,1,0,0,1,0,7.7,275.2,0,0,0,0,0,1
32200,0.0,0.0,0,0,1,0,44.666,0.0,0,0,1,0,12.611,1.057,1,33.73,0,0,1,1,0,1,1,0,0,1,0,12192.0,2,1,1,1,0,0,1,0,8.0,269.1,0,0,0,0,0,1
32300,0.0,0.0,0,0,1,0,44.666,0.0,0,0,1,0,12.721,1.105,1,33.57,0,0,1,1,0,1,1,0,0,1,0,12192.0,2,1,1,1,0,0,1,0,8.2,275.0,0,0,0,0,0,1
32400,0.0,0.0,0,0,1,0,44.666,0.0,0,0,1,0,12.837,1.153,1,33.58,0,0,1,1,0,1,1,0,0,1,0,12192.0,2,1,1,1,0,0,1,0,7.2,267.5,0,0,0,0,0,1
32500,0.0,0.0,0,0,1,0,44.666,0.0,0,0,1,0,12.953,1.164,1,33.6,0,0,1,1,0,1,1,0,0,1,0,12192.0,2,1,1,1,0,0,1,0,7.1,271.1,0,0,0,0,0,1
32600,0.0,0.0,0,0,1,0,44.666,0.0,0,0,1,0,13.065,1.115,1,30.04,0,0,1,1,0,1,1,0,0,1,0,12192.0,2,1,1,1,0,0,1,0,7.5,267.3,0,0,0,0,0,1
32700,0.0,0.0,0,0,1,0,44.666,0.0,0,0,1,0,13.171,1.066,1,30.54,0,0,1,1,0,1,1,0,0,1,0,12192.0,2,1,1,1,0,0,1,0,7.4,268.3,0,0,0,0,0,1
32800,0.0,0.0,0,0,1,0,44.666,0.0,0,0,1,0,13.273,1.017,1,30.41,0,0,1,1,0,1,1,0,0,1,0,12192.0,2,1,1,1,0,0,1,0,7.9,268.0,0,0,0,0,0,1
32900,0.0,0.0,0,0,1,0,44.666,0.0,0,0,1,0,13.37,0.968,1,30.42,0,0,1,1,0,1,1,0,0,1,0,12192.0,2,1,1,1,0,0,1,0,7.4,268.2,0,0,0,0,0,1
33000,0.0,0.0,0,0,1,0,44.666,0.0,0,0,1,0,13.461,0.918,1,30.4,0,0,1,1,0,1,1,0,0,1,0,12192.0,2,1,1,1,0,0,1,0,7.6,272.4,0,0,0,0,0,1
33100,0.0,0.0,0,0,1,0,44.666,0.0,0,0,1,0,13.548,0.869,1,30.47,0,0,1,1,0,1,1,0,0,1,0,12192.0,2,1,1,1,0,0,1,0,7.6,269.0,0,0,0,0,0,1
33200,0.0,0.0,0,0,1,0,44.666,0.0,0,0,1,0,13.63,0.82,1,30.56,0,0,1,1,0,1,1,0,0,1,0,12192.0,2,1,1,1,0,0,1,0,7.6,272.0,0,0,0,0,0,1
33300,0.0,0.0,0,0,1,0,44.666,0.0,0,0,1,0,13.707,0.77,1,30.57,0,0,1,1,0,1,1,0,0,1,0,12192.0,2,1,1,1,0,0,1,0,7.4,270.9,0,0,0,0,0,1
33400,0.0,0.0,0,0,1,0,44.666,0.0,0,0,1,0,13.779,0.721,1,30.42,0,0,1,1,0,1,1,0,0,1,0,12192.0,2,1,1,1,0,0,1,0,6.7,272.2,0,0,0,0,0,1
33500,0.0,0.0,0,0,1,0,44.666,0.0,0,0,1,0,13.847,0.671,1,30.52,0,0,1,1,0,1,1,0,0,1,0,12192.0,2,1,1,1,0,0,1,0,7.3,268.9,0,0,0,0,0,1
33600,0.0,0.0,0,0,1,0,44.666,0.0,0,0,1,0,13.909,0.621,1,30.55,0,0,1,1,0,1,1,0,0,1,0,12192.0,2,1,1,1,0,0,1,0,8.0,267.6,0,0,0,0,0,1
33700,0.0,0.0,0,0,1,0,44.666,0.0,0,0,1,0,13.966,0.571,1,30.68,0,0,1,1,0,1,1,0,0,1,0,12192.0,2,1,1,1,0,0,1,0,7.4,269.2,0,0,0,0,0,1
33800,0.0,0.0,0,0,1,0,44.666,0.0,0,0,1,0,14.018,0.521,1,30.54,0,0,1,1,0,1,1,0,0,1,0,12192.0,2,1,1,1,0,0,1,0,7.3,268.6,0,0,0,0,0,1
33900,0.0,0.0,0,0,1,0,44.666,0.0,0,0,1,0,14.065,0.47,1,30.52,0,0,1,1,0,1,1,0,0,1,0,12192.0,2,1,1,1,0,0,1,0,7.1,265.1,0,0,0,0,0,1
34000,0.0,0.0,0,0,1,0,44.666,0.0,0,0,1,0,14.107,0.419,1,30.54,0,0,1,1,0,1,1,0,0,1,0,12192.0,2,1,1,1,0,0,1,0,6.5,265.4,0,0,0,0,0,1
34100,0.0,0.0,0,0,1,0,44.666,0.0,0,0,1,0,14.144,0.368,1,30.5,0,0,1,1,0,1,1,0,0,1,0,12192.0,2,1,1,1,0,0,1,0,6.9,269.0,0,0,0,0,0,1
34200,0.0,0.0,0,0,1,0,44.666,0.0,0,0,1,0,14.175,0.317,1,30.55,0,0,1,1,0,1,1,0,0,1,0,12192.0,2,1,1,1,0,0,1,0,7.3,267.7,0,0,0,0,0,1
34300,0.0,0.0,0,0,1,0,44.666,0.0,0,0,1,0,14.202,0.264,1,30.48,0,0,1,1,0,1,1,0,0,1,0,12192.0,2,1,1,1,0,0,1,0,8.1,270.8,0,0,0,0,0,1
34400,0.0,0.0,0,0,1,0,44.666,0.0,0,0,1,0,14.223,0.211,1,30.34,0,0,1,1,0,1,1,0,0,1,0,12192.0,2,1,1,1,0,0,1,0,8.0,272.5,0,0,0,0,0,1
34500,0.0,0.0,0,0,1,0,44.666,0.0,0,0,1,0,14.238,0.156,1,30.44,0,0,1,1,0,1,1,0,0,1,0,12192.0,2,1,1,1,0,0,1,0,7.4,272.5,0,0,0,0,0,1
34600,0.0,0.0,0,0,1,0,44.666,0.0,0,0,1,0,14.248,0.096,1,30.34,0,0,1,1,0,1,1,0,0,1,0,12192.0,2,1,1,1,0,0,1,0,7.5,265.8,0,0,0,0,0,1
34700,0.0,0.0,0,0,0,0,44.666,0.0,0,0,0,0,14.253,0.0,0,31.82,0,0,0,0,0,1,1,0,0,1,0,12192.0,2,1,1,0,1,0,1,0,8.0,268.2,0,0,0,0,0,1
34800,0.0,0.0,0,0,1,0,44.66,-0.06,0,1,1,0,14.253,0.0,0,31.97,0,0,0,1,0,1,1,0,0,1,0,12192.0,2,1,1,1,0,0,1,0,7.6,275.9,0,0,0,0,0,1
34900,0.0,0.0,0,0,1,0,44.648,-0.12,0,1,1,0,14.253,0.0,0,31.94,0,0,0,1,0,1,1,0,0,1,0,12192.0,2,1,1,1,0,0,1,0,7.5,266.2,0,0,0,0,0,1
35000,0.0,0.0,0,0,1,0,44.63,-0.18,0,1,1,0,14.253,0.0,0,32.05,0,0,0,1,0,1,1,0,0,1,0,12192.0,2,1,1,1,0,0,1,0,8.1,271.3,0,0,0,0,0,1
35100,0.0,0.0,0,0,1,0,44.606,-0.24,0,1,1,0,14.253,0.0,0,31.81,0,0,0,1,0,1,1,0,0,1,0,12192.0,2,1,1,1,0,0,1,0,8.1,269.4,0,0,0,0,0,1
35200,0.0,0.0,0,0,1,0,44.576,-0.3,0,1,1,0,14.253,0.0,0,32.03,0,0,0,1,0,1,1,0,0,1,0,12192.0,2,1,1,1,0,0,1,0,8.5,270.8,0,0,0,0,0,1
35300,0.0,0.0,0,0,1,0,44.54,-0.36,0,1,1,0,14.253,0.0,0,31.97,0,0,0,1,0,1,1,0,0,1,0,12192.0,2,1,1,1,0,0,1,0,7.7,269.9,0,0,0,0,0,1
35400,0.0,0.0,0,0,1,0,44.498,-0.42,0,1,1,0,14.253,0.0,0,31.94,0,0,0,1,0,1,1,0,0,1,0,12192.0,2,1,1,1,0,0,1,0,8.2,274.2,0,0,0,0,0,1
35500,0.0,0.0,0,0,1,0,44.45,-0.48,0,1,1,0,14.253,0.0,0,31.97,0,0,0,1,0,1,1,0,0,1,0,12192.0,2,1,1,1,0,0,1,0,8.3,268.0,0,0,0,0,0,1
35600,0.0,0.0,0,0,1,0,44.396,-0.54,0,1,1,0,14.253,0.0,0,32.09,0,0,0,1,0,1,1,0,0,1,0,12192.0,2,1,1,1,0,0,1,0,8.0,270.5,0,0,0,0,0,1
35700,0.0,0.0,0,0,1,0,44.336,-0.6,0,1,1,0,14.253,0.0,0,32.18,0,0,0,1,0,1,1,0,0,1,0,12192.0,2,1,1,1,0,0,1,0,7.5,271.3,0,0,0,0,0,1
35800,0.0,0.0,0,0,1,0,44.27,-0.66,0,1,1,0,14.253,0.0,0,31.97,0,0,0,1,0,1,1,0,0,1,0,12192.0,2,1,1,1,0,0,1,0,8.1,266.5,0,0,0,0,0,1
35900,0.0,0.0,0,0,1,0,44.198,-0.72,0,1,1,0,14.253,0.0,0,32.01,0,0,0,1,0,1,1,0,0,1,0,12192.0,2,1,1,1,0,0,1,0,7.7,272.2,0,0,0,0,0,1
36000,0.0,0.0,0,0,1,0,44.12,-0.78,0,1,1,0,14.253,0.0,0,32.03,0,0,0,1,0,1,1,0,0,1,0,12192.0,2,1,1,1,0,0,1,0,8.3,269.1,0,0,0,0,0,1
36100,0.0,0.0,0,0,1,0,44.036,-0.84,0,1,1,0,14.253,0.0,0,31.87,0,0,0,1,0,1,1,0,0,1,0,12192.0,2,1,1,1,0,0,1,0,7.5,269.3,0,0,0,0,0,1
36200,0.0,0.0,0,0,1,0,43.947,-0.9,0,1,1,0,14.253,0.0,0,32.21,0,0,0,1,0,1,1,0,0,1,0,12192.0,2,1,1,1,0,0,1,0,8.0,268.4,0,0,0,0,0,1
36300,0.0,0.0,0,0,1,0,43.851,-0.96,0,1,1,0,14.253,0.0,0,32.02,0,0,0,1,0,1,1,0,0,1,0,12192.0,2,1,1,1,0,0,1,0,8.3,274.8,0,0,0,0,0,1
36400,0.0,0.0,0,0,1,0,43.749,-1.02,0,1,1,0,14.253,0.0,0,31.73,0,0,0,1,0,1,1,0,0,1,0,12192.0,2,1,1,1,0,0,1,0,8.3,269.5,0,0,0,0,0,1
36500,0.0,0.0,0,0,1,0,43.641,-1.08,0,1,1,0,14.253,0.0,0,31.87,0,0,0,1,0,1,1,0,0,1,0,12192.0,2,1,1,1,0,0,1,0,8.3,271.7,0,0,0,0,0,1
36600,0.0,0.0,0,0,1,0,43.527,-1.14,0,1,1,0,14.253,0.0,0,31.82,0,0,0,1,0,1,1,0,0,1,0,12192.0,2,1,1,1,0,0,1,0,7.8,267.6,0,0,0,0,0,1
36700,0.0,0.0,0,0,1,0,43.407,-1.2,0,1,1,0,14.253,0.0,0,31.98,0,0,0,1,0,1,1,0,0,1,0,12192.0,2,1,1,1,0,0,1,0,8.6,267.1,0,0,0,0,0,1
36800,0.0,0.0,0,0,1,0,43.281,-1.26,0,1,1,0,14.253,0.0,0,32.17,0,0,0,1,0,1,1,0,0,1,0,12192.0,2,1,1,1,0,0,1,0,7.6,272.7,0,0,0,0,0,1
36900,0.0,0.0,0,0,1,0,43.149,-1.319,0,1,1,0,14.253,0.0,0,31.96,0,0,0,1,0,1,1,0,0,1,0,12192.0,2,1,1,1,0,0,1,0,8.8,268.5,0,0,0,0,0,1
37000,0.0,0.0,0,0,1,0,43.011,-1.379,0,1,1,0,14.253,0.0,0,32.1,0,0,0,1,0,1,1,0,0,1,0,12192.0,2,1,1,1,0,0,1,0,8.1,273.1,0,0,0,0,0,1
37100,0.0,0.0,0,0,1,0,42.867,-1.439,0,1,1,0,14.253,0.0,0,32.01,0,0,0,1,0,1,1,0,0,1,0,12192.0,2,1,1,1,0,0,1,0,8.9,272.8,0,0,0,0,0,1
37200,0.0,0.0,0,0,1,0,42.717,-1.499,0,1,1,0,14.253,0.0,0,31.95,0,0,0,1,0,1,1,0,0,1,0,12192.0,2,1,1,1,0,0,1,0,8.7,267.7,0,0,0,0,0,1
37300,0.0,0.0,0,0,1,0,42.561,-1.559,0,1,1,0,14.253,0.0,0,32.16,0,0,0,1,0,1,1,0,0,1,0,12192.0,2,1,1,1,0,0,1,0,8.3,270.3,0,0,0,0,0,1
37400,0.0,0.0,0,0,1,0,42.399,-1.619,0,1,1,0,14.253,0.0,0,32.06,0,0,0,1,0,1,1,0,0,1,0,12192.0,2,1,1,1,0,0,1,0,8.9,275.4,0,0,0,0,0,1
37500,0.0,0.0,0,0,1,0,42.231,-1.679,0,1,1,0,14.253,0.0,0,32.15,0,0,0,1,0,1,1,0,0,1,0,12192.0,2,1,1,1,0,0,1,0,8.2,268.2,0,0,0,0,0,1
37600,0.0,0.0,0,0,1,0,42.057,-1.739,0,1,1,0,14.253,0.0,0,32.08,0,0,0,1,0,1,1,0,0,1,0,12192.0,2,1,1,1,0,0,1,0,8.1,272.1,0,0,0,0,0,1
37700,0.0,0.0,0,0,1,0,41.877,-1.799,0,1,1,0,14.253,0.0,0,32.03,0,0,0,1,0,1,1,0,0,1,0,12192.0,2,1,1,1,0,0,1,0,8.7,269.8,0,0,0,0,0,1
37800,0.0,0.0,0,0,1,0,41.691,-1.859,0,1,1,0,14.253,0.0,0,31.8,0,0,0,1,0,1,1,0,0,1,0,12192.0,2,1,1,1,0,0,1,0,8.6,269.3,0,0,0,0,0,1
37900,0.0,0.0,0,0,1,0,41.499,-1.919,0,1,1,0,14.253,0.0,0,32.01,0,0,0,1,0,1,1,0,0,1,0,12192.0,2,1,1,1,0,0,1,0,8.6,274.1,0,0,0,0,0,1
38000,0.0,0.0,0,0,1,0,41.302,-1.979,0,1,1,0,14.253,0.0,0,32.07,0,0,0,1,0,1,1,0,0,1,0,12192.0,2,1,1,1,0,0,1,0,7.9,267.7,0,0,0,0,0,1
38100,0.0,0.0,0,0,1,0,41.098,-2.039,0,1,1,0,14.253,0.0,0,31.98,0,0,0,1,0,1,1,0,0,1,0,12192.0,2,1,1,1,0,0,1,0,8.6,271.5,0,0,0,0,0,1
38200,0.0,0.0,0,0,1,0,40.888,-2.099,0,1,1,0,14.253,0.0,0,32.12,0,0,0,1,0,1,1,0,0,1,0,12192.0,2,1,1,1,0,0,1,0,7.9,273.1,0,0,0,0,0,1
38300,0.0,0.0,0,0,1,0,40.672,-2.159,0,1,1,0,14.253,0.0,0,32.02,0,0,0,1,0,1,1,0,0,1,0,12192.0,2,1,1,1,0,0,1,0,8.5,273.3,0,0,0,0,0,1
38400,0.0,0.0,0,0,1,0,40.45,-2.219,0,1,1,0,14.253,0.0,0,32.14,0,0,0,1,0,1,1,0,0,1,0,12192.0,2,1,1,1,0,0,1,0,8.1,272.0,0,0,0,0,0,1
38500,0.0,0.0,0,0,1,0,40.222,-2.279,0,1,1,0,14.253,0.0,0,32.09,0,0,0,1,0,1,1,0,0,1,0,12192.0,2,1,1,1,0,0,1,0,8.9,272.0,0,0,0,0,0,1
38600,0.0,0.0,0,0,1,0,39.988,-2.339,0,1,1,0,14.253,0.0,0,31.98,0,0,0,1,0,1,1,0,0,1,0,12192.0,2,1,1,1,0,0,1,0,8.5,265.7,0,0,0,0,0,1
38700,0.0,0.0,0,0,1,0,39.748,-2.399,0,1,1,0,14.253,0.0,0,31.99,0,0,0,1,0,1,1,0,0,1,0,12192.0,2,1,1,1,0,0,1,0,8.5,272.3,0,0,0,0,0,1
38800,0.0,0.0,0,0,1,0,39.502,-2.459,0,1,1,0,14.253,0.0,0,32.16,0,0,0,1,0,1,1,0,0,1,0,12192.0,2,1,1,1,0,0,1,0,8.6,268.8,0,0,0,0,0,1
38900,0.0,0.0,0,0,1,0,39.25,-2.519,0,1,1,0,14.253,0.0,0,32.2,0,0,0,1,0,1,1,0,0,1,0,12192.0,2,1,1,1,0,0,1,0,8.4,268.8,0,0,0,0,0,1
39000,0.0,0.0,0,0,1,0,38.992,-2.579,0,1,1,0,14.253,0.0,0,31.82,0,0,0,1,0,1,1,0,0,1,0,12192.0,2,1,1,1,0,0,1,0,8.7,269.3,0,0,0,0,0,1
39100,0.0,0.0,0,0,1,0,38.729,-2.639,0,1,1,0,14.253,0.0,0,31.9,0,0,0,1,0,1,1,0,0,1,0,12192.0,2,1,1,1,0,0,1,0,8.4,267.3,0,0,0,0,0,1
39200,0.0,0.0,0,0,1,0,38.459,-2.699,0,1,1,0,14.253,0.0,0,32.08,0,0,0,1,0,1,1,0,0,1,0,12192.0,2,1,1,1,0,0,1,0,8.5,269.2,0,0,0,0,0,1
39300,0.0,0.0,0,0,1,0,38.183,-2.759,0,1,1,0,14.253,0.0,0,32.03,0,0,0,1,0,1,1,0,0,1,0,12192.0,2,1,1,1,0,0,1,0,9.2,268.0,0,0,0,0,0,1
39400,0.0,0.0,0,0,1,0,37.901,-2.819,0,1,1,0,14.253,0.0,0,32.1,0,0,0,1,0,1,1,0,0,1,0,12192.0,2,1,1,1,0,0,1,0,8.5,264.8,0,0,0,0,0,1
39500,0.0,0.0,0,0,1,0,37.613,-2.879,0,1,1,0,14.253,0.0,0,31.9,0,0,0,1,0,1,1,0,0,1,0,12192.0,2,1,1,1,0,0,1,0,8.1,268.3,0,0,0,0,0,1
39600,0.0,0.0,0,0,1,0,37.319,-2.939,0,1,1,0,14.253,0.0,0,32.02,0,0,0,1,0,1,1,0,0,1,0,12192.0,2,1,1,1,0,0,1,0,8.8,268.2,0,0,0,0,0,1
39700,0.0,0.0,0,0,1,0,37.019,-2.999,0,1,1,0,14.253,0.0,0,31.96,0,0,0,1,0,1,1,0,0,1,0,12192.0,2,1,1,1,0,0,1,0,8.7,271.4,0,0,0,0,0,1
39800,0.0,0.0,0,0,1,0,36.713,-3.059,0,1,1,0,14.253,0.0,0,31.93,0,0,0,1,0,1,1,0,0,1,0,12192.0,2,1,1,1,0,0,1,0,7.7,272.7,0,0,0,0,0,1
39900,0.0,0.0,0,0,1,0,36.401,-3.119,0,1,1,0,14.253,0.0,0,32.02,0,0,0,1,0,1,1,0,0,1,0,12192.0,2,1,1,1,0,0,1,0,8.5,269.7,0,0,0,0,0,1
40000,0.0,0.0,0,0,1,0,36.084,-3.179,0,1,1,0,14.253,0.0,0,32.07,0,0,0,1,0,1,1,0,0,1,0,12192.0,2,1,1,1,0,0,1,0,8.2,268.2,0,0,0,0,0,1
40100,0.0,0.0,0,0,1,0,35.76,-3.239,0,1,1,0,14.253,0.0,0,31.87,0,0,0,1,0,1,1,0,0,1,0,12192.0,2,1,1,1,0,0,1,0,8.2,268.4,0,0,0,0,0,1
40200,0.0,0.0,0,0,1,0,35.43,-3.299,0,1,1,0,14.253,0.0,0,31.84,0,0,0,1,0,1,1,0,0,1,0,12192.0,2,1,1,1,0,0,1,0,7.3,268.2,0,0,0,0,0,1
40300,0.0,0.0,0,0,1,0,35.094,-3.359,0,1,1,0,14.253,0.0,0,31.88,0,0,0,1,0,1,1,0,0,1,0,12192.0,2,1,1,1,0,0,1,0,8.5,270.1,0,0,0,0,0,1
40400,0.0,0.0,0,0,1,0,34.752,-3.416,0,1,1,0,14.253,0.0,0,31.94,0,0,0,1,0,1,1,0,0,1,0,12192.0,2,1,1,1,0,0,1,0,8.9,272.1,0,0,0,0,0,1
40500,0.0,0.0,0,0,1,0,34.411,-3.416,0,1,1,0,14.253,0.0,0,31.83,0,0,0,1,0,1,1,0,0,1,0,12192.0,2,1,1,1,0,0,1,0,8.2,269.0,0,0,0,0,0,1
40600,0.0,0.0,0,0,1,0,34.069,-3.416,0,1,1,0,14.253,0.0,0,31.78,0,0,0,1,0,1,1,0,0,1,0,12192.0,2,1,1,1,0,0,1,0,8.3,267.6,0,0,0,0,0,1
40700,0.0,0.0,0,0,1,0,33.728,-3.416,0,1,1,0,14.253,0.0,0,32.07,0,0,0,1,0,1,1,0,0,1,0,12192.0,2,1,1,1,0,0,1,0,8.5,270.4,0,0,0,0,0,1
40800,0.0,0.0,0,0,1,0,33.386,-3.416,0,1,1,0,14.253,0.0,0,32.08,0,0,0,1,0,1,1,0,0,1,0,12192.0,2,1,1,1,0,0,1,0,7.8,266.8,0,0,0,0,0,1
40900,0.0,0.0,0,0,1,0,33.044,-3.416,0,1,1,0,14.253,0.0,0,32.01,0,0,0,1,0,1,1,0,0,1,0,12192.0,2,1,1,1,0,0,1,0,8.3,272.1,0,0,0,0,0,1
41000,0.0,0.0,0,0,1,0,32.703,-3.416,0,1,1,0,14.253,0.0,0,31.93,0,0,0,1,0,1,1,0,0,1,0,12192.0,2,1,1,1,0,0,1,0,7.4,273.2,0,0,0,0,0,1
41100,0.0,0.0,0,0,1,0,32.361,-3.416,0,1,1,0,14.253,0.0,0,32.06,0,0,0,1,0,1,1,0,0,1,0,12192.0,2,1,1,1,0,0,1,0,7.5,272.7,0,0,0,0,0,1
41200,0.0,0.0,0,0,1,0,32.019,-3.416,0,1,1,0,14.253,0.0,0,32.03,0,0,0,1,0,1,1,0,0,1,0,12192.0,2,1,1,1,0,0,1,0,8.3,272.1,0,0,0,0,0,1
41300,0.0,0.0,0,0,1,0,31.678,-3.416,0,1,1,0,14.253,0.0,0,31.9,0,0,0,1,0,1,1,0,0,1,0,12192.0,2,1,1,1,0,0,1,0,7.3,266.9,0,0,0,0,0,1
41400,0.0,0.0,0,0,1,0,31.336,-3.416,0,1,1,0,14.253,0.0,0,31.78,0,0,0,1,0,1,1,0,0,1,0,12192.0,2,1,1,1,0,0,1,0,7.8,268.8,0,0,0,0,0,1
41500,0.0,0.0,0,0,1,0,30.995,-3.416,0,1,1,0,14.253,0.0,0,32.04,0,0,0,1,0,1,1,0,0,1,0,12192.0,2,1,1,1,0,0,1,0,7.5,271.3,0,0,0,0,0,1
41600,0.0,0.0,0,0,1,0,30.653,-3.416,0,1,1,0,14.253,0.0,0,31.83,0,0,0,1,0,1,1,0,0,1,0,12192.0,2,1,1,1,0,0,1,0,7.7,271.7,0,0,0,0,0,1
41700,0.0,0.0,0,0,1,0,30.311,-3.416,0,1,1,0,14.253,0.0,0,32.12,0,0,0,1,0,1,1,0,0,1,0,12192.0,2,1,1,1,0,0,1,0,7.6,270.9,0,0,0,0,0,1
41800,0.0,0.0,0,0,1,0,29.97,-3.416,0,1,1,0,14.253,0.0,0,31.95,0,0,0,1,0,1,1,0,0,1,0,12192.0,2,1,1,1,0,0,1,0,8.0,265.2,0,0,0,0,0,1
41900,0.0,0.0,0,0,1,0,29.628,-3.416,0,1,1,0,14.253,0.0,0,31.91,0,0,0,1,0,1,1,0,0,1,0,12192.0,2,1,1,1,0,0,1,0,7.2,270.1,0,0,0,0,0,1
42000,0.0,0.0,0,0,1,0,29.287,-3.416,0,1,1,0,14.253,0.0,0,31.87,0,0,0,1,0,1,1,0,0,1,0,12192.0,2,1,1,1,0,0,1,0,7.6,269.2,0,0,0,0,0,1
42100,0.0,0.0,0,0,1,0,28.945,-3.416,0,1,1,0,14.253,0.0,0,32.02,0,0,0,1,0,1,1,0,0,1,0,12192.0,2,1,1,1,0,0,1,0,7.2,271.6,0,0,0,0,0,1
42200,0.0,0.0,0,0,1,0,28.603,-3.416,0,1,1,0,14.253,0.0,0,32.18,0,0,0,1,0,1,1,0,0,1,0,12192.0,2,1,1,1,0,0,1,0,7.9,266.6,0,0,0,0,0,1
42300,0.0,0.0,0,0,1,0,28.262,-3.416,0,1,1,0,14.253,0.0,0,31.89,0,0,0,1,0,1,1,0,0,1,0,12192.0,2,1,1,1,0,0,1,0,7.2,272.7,0,0,0,0,0,1
42400,0.0,0.0,0,0,1,0,27.92,-3.416,0,1,1,0,14.253,0.0,0,32.13,0,0,0,1,0,1,1,0,0,1,0,12192.0,2,1,1,1,0,0,1,0,7.1,272.2,0,0,0,0,0,1
42500,0.0,0.0,0,0,1,0,27.578,-3.416,0,1,1,0,14.253,0.0,0,32.03,0,0,0,1,0,1,1,0,0,1,0,12192.0,2,1,1,1,0,0,1,0,7.2,269.9,0,0,0,0,0,1
42600,0.0,0.0,0,0,1,0,27.237,-3.416,0,1,1,0,14.253,0.0,0,32.18,0,0,0,1,0,1,1,0,0,1,0,12192.0,2,1,1,1,0,0,1,0,7.0,274.3,0,0,0,0,0,1
42700,0.0,0.0,0,0,1,0,26.895,-3.416,0,1,1,0,14.253,0.0,0,32.17,0,0,0,1,0,1,1,0,0,1,0,12192.0,2,1,1,1,0,0,1,0,7.2,268.4,0,0,0,0,0,1
42800,0.0,0.0,0,0,1,0,26.554,-3.416,0,1,1,0,14.253,0.0,0,31.98,0,0,0,1,0,1,1,0,0,1,0,12192.0,2,1,1,1,0,0,1,0,7.4,268.0,0,0,0,0,0,1
42900,0.0,0.0,0,0,1,0,26.212,-3.416,0,1,1,0,14.253,0.0,0,31.93,0,0,0,1,0,1,1,0,0,1,0,12192.0,2,1,1,1,0,0,1,0,7.2,270.7,0,0,0,0,0,1
43000,0.0,0.0,0,0,1,0,25.87,-3.416,0,1,1,0,14.253,0.0,0,32.2,0,0,0,1,0,1,1,0,0,1,0,12192.0,2,1,1,1,0,0,1,0,7.5,269.6,0,0,0,0,0,1
43100,0.0,0.0,0,0,1,0,25.529,-3.416,0,1,1,0,14.253,0.0,0,32.14,0,0,0,1,0,1,1,0,0,1,0,12192.0,2,1,1,1,0,0,1,0,7.9,271.0,0,0,0,0,0,1
43200,0.0,0.0,0,0,1,0,25.187,-3.416,0,1,1,0,14.253,0.0,0,32.04,0,0,0,1,0,1,1,0,0,1,0,12192.0,2,1,1,1,0,0,1,0,7.3,263.3,0,0,0,0,0,1
43300,0.0,0.0,0,0,1,0,24.846,-3.416,0,1,1,0,14.253,0.0,0,32.02,0,0,0,1,0,1,1,0,0,1,0,12192.0,2,1,1,1,0,0,1,0,7.4,270.2,0,0,0,0,0,1
43400,0.0,0.0,0,0,1,0,24.504,-3.416,0,1,1,0,14.253,0.0,0,32.11,0,0,0,1,0,1,1,0,0,1,0,12192.0,2,1,1,1,0,0,1,0,7.5,271.6,0,0,0,0,0,1
43500,0.0,0.0,0,0,1,0,24.162,-3.416,0,1,1,0,14.253,0.0,0,32.11,0,0,0,1,0,1,1,0,0,1,0,12192.0,2,1,1,1,0,0,1,0,8.3,265.8,0,0,0,0,0,1
43600,0.0,0.0,0,0,1,0,23.821,-3.416,0,1,1,0,14.253,0.0,0,31.97,0,0,0,1,0,1,1,0,0,1,0,12192.0,2,1,1,1,0,0,1,0,7.9,266.9,0,0,0,0,0,1
43700,0.0,0.0,0,0,1,0,23.479,-3.416,0,1,1,0,14.253,0.0,0,31.99,0,0,0,1,0,1,1,0,0,1,0,12192.0,2,1,1,1,0,0,1,0,7.3,267.8,0,0,0,0,0,1
43800,0.0,0.0,0,0,1,0,23.137,-3.416,0,1,1,0,14.253,0.0,0,31.91,0,0,0,1,0,1,1,0,0,1,0,12192.0,2,1,1,1,0,0,1,0,8.3,270.2,0,0,0,0,0,1
43900,0.0,0.0,0,0,1,0,22.796,-3.416,0,1,1,0,14.253,0.0,0,31.9,0,0,0,1,0,1,1,0,0,1,0,12192.0,2,1,1,1,0,0,1,0,7.0,272.4,0,0,0,0,0,1
44000,0.0,0.0,0,0,1,0,22.454,-3.416,0,1,1,0,14.253,0.0,0,32.11,0,0,0,1,0,1,1,0,0,1,0,12192.0,2,1,1,1,0,0,1,0,8.4,270.7,0,0,0,0,0,1
44100,0.0,0.0,0,0,1,0,22.113,-3.416,0,1,1,0,14.253,0.0,0,31.87,0,0,0,1,0,1,1,0,0,1,0,12192.0,2,1,1,1,0,0,1,0,7.5,267.6,0,0,0,0,0,1
44200,0.0,0.0,0,0,1,0,21.771,-3.416,0,1,1,0,14.253,0.0,0,32.0,0,0,0,1,0,1,1,0,0,1,0,12192.0,2,1,1,1,0,0,1,0,7.6,268.2,0,0,0,0,0,1
44300,0.0,0.0,0,0,1,0,21.429,-3.416,0,1,1,0,14.253,0.0,0,31.98,0,0,0,1,0,1,1,0,0,1,0,12192.0,2,1,1,1,0,0,1,0,7.6,273.1,0,0,0,0,0,1
44400,0.0,0.0,0,0,1,0,21.088,-3.416,0,1,1,0,14.253,0.0,0,31.65,0,0,0,1,0,1,1,0,0,1,0,12192.0,2,1,1,1,0,0,1,0,7.9,266.0,0,0,0,0,0,1
44500,0.0,0.0,0,0,1,0,20.746,-3.416,0,1,1,0,14.253,0.0,0,32.05,0,0,0,1,0,1,1,0,0,1,0,12192.0,2,1,1,1,0,0,1,0,8.0,266.6,0,0,0,0,0,1
44600,0.0,0.0,0,0,1,0,20.405,-3.416,0,1,1,0,14.253,0.0,0,32.09,0,0,0,1,0,1,1,0,0,1,0,12192.0,2,1,1,1,0,0,1,0,7.8,271.7,0,0,0,0,0,1
44700,0.0,0.0,0,0,1,0,20.063,-3.416,0,1,1,0,14.253,0.0,0,31.99,0,0,0,1,0,1,1,0,0,1,0,12192.0,2,1,1,1,0,0,1,0,7.3,269.6,0,0,0,0,0,1
44800,0.0,0.0,0,0,1,0,19.721,-3.416,0,1,1,0,14.253,0.0,0,31.93,0,0,0,1,0,1,1,0,0,1,0,12192.0,2,1,1,1,0,0,1,0,9.0,269.2,0,0,0,0,0,1
44900,0.0,0.0,0,0,1,0,19.38,-3.416,0,1,1,0,14.253,0.0,0,32.02,0,0,0,1,0,1,1,0,0,1,0,12192.0,2,1,1,1,0,0,1,0,7.4,268.8,0,0,0,0,0,1
45000,0.0,0.0,0,0,1,0,19.038,-3.416,0,1,1,0,14.253,0.0,0,32.03,0,0,0,1,0,1,1,0,0,1,0,12192.0,2,1,1,1,0,0,1,0,7.5,267.2,0,0,0,0,0,1
45100,0.0,0.0,0,0,1,0,18.696,-3.416,0,1,1,0,14.253,0.0,0,32.04,0,0,0,1,0,1,1,0,0,1,0,12192.0,2,1,1,1,0,0,1,0,7.7,273.6,0,0,0,0,0,1
45200,0.0,0.0,0,0,1,0,18.355,-3.416,0,1,1,0,14.253,0.0,0,31.89,0,0,0,1,0,1,1,0,0,1,0,12192.0,2,1,1,1,0,0,1,0,6.8,267.6,0,0,0,0,0,1
45300,0.0,0.0,0,0,1,0,18.013,-3.416,0,1,1,0,14.253,0.0,0,32.1,0,0,0,1,0,1,1,0,0,1,0,12192.0,2,1,1,1,0,0,1,0,8.2,272.3,0,0,0,0,0,1
45400,0.0,0.0,0,0,1,0,17.672,-3.416,0,1,1,0,14.253,0.0,0,31.96,0,0,0,1,0,1,1,0,0,1,0,12192.0,2,1,1,1,0,0,1,0,8.1,272.2,0,0,0,0,0,1
45500,0.0,0.0,0,0,1,0,17.33,-3.416,0,1,1,0,14.253,0.0,0,31.9,0,0,0,1,0,1,1,0,0,1,0,12192.0,2,1,1,1,0,0,1,0,8.9,269.5,0,0,0,0,0,1
45600,0.0,0.0,0,0,1,0,16.994,-3.356,0,1,1,0,14.253,0.0,0,32.12,0,0,0,1,0,1,1,0,0,1,0,12192.0,2,1,1,1,0,0,1,0,8.8,271.9,0,0,0,0,0,1
45700,0.0,0.0,0,0,1,0,16.665,-3.296,0,1,1,0,14.253,0.0,0,32.04,0,0,0,1,0,1,1,0,0,1,0,12192.0,2,1,1,1,0,0,1,0,8.1,266.1,0,0,0,0,0,1
45800,0.0,0.0,0,0,1,0,16.341,-3.236,0,1,1,0,14.253,0.0,0,31.86,0,0,0,1,0,1,1,0,0,1,0,12192.0,2,1,1,1,0,0,1,0,8.7,269.6,0,0,0,0,0,1
45900,0.0,0.0,0,0,1,0,16.024,-3.176,0,1,1,0,14.253,0.0,0,31.99,0,0,0,1,0,1,1,0,0,1,0,12192.0,2,1,1,1,0,0,1,0,7.1,267.3,0,0,0,0,0,1
46000,0.0,0.0,0,0,1,0,15.712,-3.116,0,1,1,0,14.253,0.0,0,32.34,0,0,0,1,0,1,1,0,0,1,0,12192.0,2,1,1,1,0,0,1,0,8.9,268.0,0,0,0,0,0,1
46100,0.0,0.0,0,0,1,0,15.406,-3.056,0,1,1,0,14.253,0.0,0,31.87,0,0,0,1,0,1,1,0,0,1,0,12192.0,2,1,1,1,0,0,1,0,8.3,271.1,0,0,0,0,0,1
46200,0.0,0.0,0,0,1,0,15.107,-2.996,0,1,1,0,14.253,0.0,0,32.0,0,0,0,1,0,1,1,0,0,1,0,12192.0,2,1,1,1,0,0,1,0,8.2,268.9,0,0,0,0,0,1
46300,0.0,0.0,0,0,1,0,14.813,-2.936,0,1,1,0,14.253,0.0,0,32.01,0,0,0,1,0,1,1,0,0,1,0,12192.0,2,1,1,1,0,0,1,0,8.5,268.2,0,0,0,0,0,1
46400,0.0,0.0,0,0,1,0,14.525,-2.876,0,1,1,0,14.253,0.0,0,32.09,0,0,0,1,0,1,1,0,0,1,0,12192.0,2,1,1,1,0,0,1,0,8.6,272.5,0,0,0,0,0,1
46500,0.0,0.0,0,0,1,0,14.244,-2.816,0,1,1,0,14.253,0.0,0,31.84,0,0,0,1,0,1,1,0,0,1,0,12192.0,2,1,1,1,0,0,1,0,8.1,274.2,0,0,0,0,0,1
46600,0.0,0.0,0,0,1,0,13.968,-2.756,0,1,1,0,14.253,0.0,0,31.92,0,0,0,1,0,1,1,0,0,1,0,12192.0,2,1,1,1,0,0,1,0,8.1,275.7,0,0,0,0,0,1
46700,0.0,0.0,0,0,1,0,13.698,-2.696,0,1,1,0,14.253,0.0,0,32.08,0,0,0,1,0,1,1,0,0,1,0,12192.0,2,1,1,1,0,0,1,0,8.4,267.5,0,0,0,0,0,1
46800,0.0,0.0,0,0,1,0,13.435,-2.636,0,1,1,0,14.253,0.0,0,32.02,0,0,0,1,0,1,1,0,0,1,0,12192.0,2,1,1,1,0,0,1,0,7.9,265.5,0,0,0,0,0,1
46900,0.0,0.0,0,0,1,0,13.177,-2.576,0,1,1,0,14.253,0.0,0,31.92,0,0,0,1,0,1,1,0,0,1,0,12192.0,2,1,1,1,0,0,1,0,9.4,273.1,0,0,0,0,0,1
47000,0.0,0.0,0,0,1,0,12.926,-2.516,0,1,1,0,14.253,0.0,0,32.06,0,0,0,1,0,1,1,0,0,1,0,12192.0,2,1,1,1,0,0,1,0,7.7,272.6,0,0,0,0,0,1
47100,0.0,0.0,0,0,1,0,12.68,-2.457,0,1,1,0,14.253,0.0,0,32.17,0,0,0,1,0,1,1,0,0,1,0,12192.0,2,1,1,1,0,0,1,0,9.1,275.5,0,0,0,0,0,1
47200,0.0,0.0,0,0,1,0,12.44,-2.397,0,1,1,0,14.253,0.0,0,31.81,0,0,0,1,0,1,1,0,0,1,0,12192.0,2,1,1,1,0,0,1,0,8.3,271.4,0,0,0,0,0,1
47300,0.0,0.0,0,0,1,0,12.207,-2.337,0,1,1,0,14.253,0.0,0,32.0,0,0,0,1,0,1,1,0,0,1,0,12192.0,2,1,1,1,0,0,1,0,8.7,265.5,0,0,0,0,0,1
47400,0.0,0.0,0,0,1,0,11.979,-2.277,0,1,1,0,14.253,0.0,0,32.01,0,0,0,1,0,1,1,0,0,1,0,12192.0,2,1,1,1,0,0,1,0,8.3,270.4,0,0,0,0,0,1
47500,0.0,0.0,0,0,1,0,11.757,-2.217,0,1,1,0,14.253,0.0,0,32.08,0,0,0,1,0,1,1,0,0,1,0,12192.0,2,1,1,1,0,0,1,0,8.7,263.2,0,0,0,0,0,1
47600,0.0,0.0,0,0,1,0,11.542,-2.157,0,1,1,0,14.253,0.0,0,31.81,0,0,0,1,0,1,1,0,0,1,0,12192.0,2,1,1,1,0,0,1,0,8.7,267.4,0,0,0,0,0,1
47700,0.0,0.0,0,0,1,0,11.332,-2.097,0,1,1,0,14.253,0.0,0,31.92,0,0,0,1,0,1,1,0,0,1,0,12192.0,2,1,1,1,0,0,1,0,8.4,274.7,0,0,0,0,0,1
47800,0.0,0.0,0,0,1,0,11.128,-2.037,0,1,1,0,14.253,0.0,0,32.02,0,0,0,1,0,1,1,0,0,1,0,12192.0,2,1,1,1,0,0,1,0,8.2,269.8,0,0,0,0,0,1
47900,0.0,0.0,0,0,1,0,10.925,-2.037,0,1,1,0,14.253,0.0,0,32.08,0,0,0,1,0,1,1,0,0,1,0,12192.0,2,1,1,1,0,0,1,0,8.6,269.9,0,0,0,0,0,1
48000,0.0,0.0,0,0,1,0,10.727,-1.976,0,1,1,0,14.253,0.0,0,31.93,0,0,0,1,0,1,1,0,0,1,0,12192.0,2,1,1,1,0,0,1,0,8.6,269.6,0,0,0,0,0,1
48100,0.0,0.0,0,0,1,0,10.535,-1.915,0,1,1,0,14.253,0.0,0,32.04,0,0,0,1,0,1,1,0,0,1,0,12192.0,2,1,1,1,0,0,1,0,8.8,270.5,0,0,0,0,0,1
48200,0.0,0.0,0,0,1,0,10.35,-1.855,0,1,1,0,14.253,0.0,0,31.96,0,0,0,1,0,1,1,0,0,1,0,12192.0,2,1,1,1,0,0,1,0,7.9,271.1,0,0,0,0,0,1
48300,0.0,0.0,0,0,1,0,10.171,-1.794,0,1,1,0,14.253,0.0,0,32.24,0,0,0,1,0,1,1,0,0,1,0,12192.0,2,1,1,1,0,0,1,0,8.6,275.6,0,0,0,0,0,1
48400,0.0,0.0,0,0,1,0,9.997,-1.733,0,1,1,0,14.253,0.0,0,31.86,0,0,0,1,0,1,1,0,0,1,0,12192.0,2,1,1,1,0,0,1,0,8.2,271.5,0,0,0,0,0,1
48500,0.0,0.0,0,0,1,0,9.83,-1.671,0,1,1,0,14.253,0.0,0,31.82,0,0,0,1,0,1,1,0,0,1,0,12192.0,2,1,1,1,0,0,1,0,7.7,270.4,0,0,0,0,0,1
48600,0.0,0.0,0,0,1,0,9.669,-1.61,0,1,1,0,14.253,0.0,0,32.11,0,0,0,1,0,1,1,0,0,1,0,12192.0,2,1,1,1,0,0,1,0,8.8,267.4,0,0,0,0,0,1
48700,0.0,0.0,0,0,1,0,9.514,-1.549,0,1,1,0,14.253,0.0,0,32.05,0,0,0,1,0,1,1,0,0,1,0,12192.0,2,1,1,1,0,0,1,0,8.1,271.1,0,0,0,0,0,1
48800,0.0,0.0,0,0,1,0,9.365,-1.488,0,1,1,0,14.253,0.0,0,31.86,0,0,0,1,0,1,1,0,0,1,0,12192.0,2,1,1,1,0,0,1,0,8.2,266.3,0,0,0,0,0,1
48900,0.0,0.0,0,0,1,0,9.223,-1.427,0,1,1,0,14.253,0.0,0,32.1,0,0,0,1,0,1,1,0,0,1,0,12192.0,2,1,1,1,0,0,1,0,8.3,270.3,0,0,0,0,0,1
49000,0.0,0.0,0,0,1,0,9.086,-1.366,0,1,1,0,14.253,0.0,0,31.96,0,0,0,1,0,1,1,0,0,1,0,12192.0,2,1,1,1,0,0,1,0,8.2,274.0,0,0,0,0,0,1
49100,0.0,0.0,0,0,1,0,8.956,-1.304,0,1,1,0,14.253,0.0,0,32.19,0,0,0,1,0,1,1,0,0,1,0,12192.0,2,1,1,1,0,0,1,0,8.5,269.7,0,0,0,0,0,1
49200,0.0,0.0,0,0,1,0,8.831,-1.243,0,1,1,0,14.253,0.0,0,32.07,0,0,0,1,0,1,1,0,0,1,0,12192.0,2,1,1,1,0,0,1,0,8.2,270.9,0,0,0,0,0,1
49300,0.0,0.0,0,0,1,0,8.713,-1.181,0,1,1,0,14.253,0.0,0,32.02,0,0,0,1,0,1,1,0,0,1,0,12192.0,2,1,1,1,0,0,1,0,8.3,270.3,0,0,0,0,0,1
49400,0.0,0.0,0,0,1,0,8.601,-1.12,0,1,1,0,14.253,0.0,0,31.91,0,0,0,1,0,1,1,0,0,1,0,12192.0,2,1,1,1,0,0,1,0,8.0,268.5,0,0,0,0,0,1
49500,0.0,0.0,0,0,1,0,8.496,-1.058,0,1,1,0,14.253,0.0,0,32.02,0,0,0,1,0,1,1,0,0,1,0,12192.0,2,1,1,1,0,0,1,0,8.3,274.8,0,0,0,0,0,1
49600,0.0,0.0,0,0,1,0,8.396,-0.996,0,1,1,0,14.253,0.0,0,31.85,0,0,0,1,0,1,1,0,0,1,0,12192.0,2,1,1,1,0,0,1,0,7.4,271.0,0,0,0,0,0,1
49700,0.0,0.0,0,0,1,0,8.302,-0.934,0,1,1,0,14.253,0.0,0,31.99,0,0,0,1,0,1,1,0,0,1,0,12192.0,2,1,1,1,0,0,1,0,8.0,271.4,0,0,0,0,0,1
49800,0.0,0.0,0,0,1,0,8.215,-0.872,0,1,1,0,14.253,0.0,0,31.83,0,0,0,1,0,1,1,0,0,1,0,12192.0,2,1,1,1,0,0,1,0,7.8,265.9,0,0,0,0,0,1
49900,0.0,0.0,0,0,1,0,8.134,-0.81,0,1,1,0,14.253,0.0,0,32.12,0,0,0,1,0,1,1,0,0,1,0,12192.0,2,1,1,1,0,0,1,0,8.0,273.0,0,0,0,0,0,1
50000,0.0,0.0,0,0,1,0,8.059,-0.748,0,1,1,0,14.253,0.0,0,32.01,0,0,0,1,0,1,1,0,0,1,0,12192.0,2,1,1,1,0,0,1,0,7.6,271.6,0,0,0,0,0,1
50100,0.0,0.0,0,0,1,0,7.991,-0.685,0,1,1,0,14.253,0.0,0,31.82,0,0,0,1,0,1,1,0,0,1,0,12192.0,2,1,1,1,0,0,1,0,7.9,267.1,0,0,0,0,0,1
50200,0.0,0.0,0,0,1,0,7.929,-0.622,0,1,1,0,14.253,0.0,0,32.19,0,0,0,1,0,1,1,0,0,1,0,12192.0,2,1,1,1,0,0,1,0,7.8,271.2,0,0,0,0,0,1
50300,0.0,0.0,0,0,1,0,7.873,-0.559,0,1,1,0,14.253,0.0,0,31.66,0,0,0,1,0,1,1,0,0,1,0,12192.0,2,1,1,1,0,0,1,0,8.6,271.6,0,0,0,0,0,1
50400,0.0,0.0,0,0,1,0,7.823,-0.495,0,1,1,0,14.253,0.0,0,31.87,0,0,0,1,0,1,1,0,0,1,0,12192.0,2,1,1,1,0,0,1,0,8.2,273.0,0,0,0,0,0,1
50500,0.0,0.0,0,0,1,0,7.78,-0.431,0,1,1,0,14.253,0.0,0,31.96,0,0,0,1,0,1,1,0,0,1,0,12192.0,2,1,1,1,0,0,1,0,7.2,269.9,0,0,0,0,0,1
50600,0.0,0.0,0,0,1,0,7.743,-0.367,0,1,1,0,14.253,0.0,0,31.97,0,0,0,1,0,1,1,0,0,1,0,12192.0,2,1,1,1,0,0,1,0,6.9,268.1,0,0,0,0,0,1
50700,0.0,0.0,0,0,1,0,7.713,-0.301,0,1,1,0,14.253,0.0,0,31.9,0,0,0,1,0,1,1,0,0,1,0,12192.0,2,1,1,1,0,0,1,0,6.5,272.3,0,0,0,0,0,1
50800,0.0,0.0,0,0,1,0,7.69,-0.233,0,1,1,0,14.253,0.0,0,32.08,0,0,0,1,0,1,1,0,0,1,0,12192.0,2,1,1,1,0,0,1,0,7.1,271.1,0,0,0,0,0,1
50900,0.0,0.0,0,0,1,0,7.674,-0.162,0,1,1,0,14.253,0.0,0,31.95,0,0,0,1,0,1,1,0,0,1,0,12192.0,2,1,1,1,0,0,1,0,7.5,270.2,0,0,0,0,0,1
51000,0.0,0.0,0,0,1,0,7.666,-0.083,0,1,1,0,14.253,0.0,0,32.09,0,0,0,1,0,1,1,0,0,1,0,12192.0,2,1,1,1,0,0,1,0,7.4,265.2,0,0,0,0,0,1
51100,0.0,0.0,0,0,0,0,7.663,0.0,0,0,0,0,14.253,0.0,0,32.11,0,0,0,0,0,1,1,0,0,1,0,12192.0,2,1,1,0,1,0,1,0,7.0,266.7,0,0,0,0,0,1
51200,0.0,0.0,0,0,1,0,7.663,0.0,0,0,1,0,14.248,-0.048,0,30.39,0,0,1,1,0,1,1,0,0,1,0,12192.0,2,1,1,1,0,0,1,0,7.6,271.0,0,0,0,0,0,1
51300,0.0,0.0,0,0,1,0,7.663,0.0,0,0,1,0,14.238,-0.096,0,30.62,0,0,1,1,0,1,1,0,0,1,0,12192.0,2,1,1,1,0,0,1,0,7.3,270.3,0,0,0,0,0,1
51400,0.0,0.0,0,0,1,0,7.663,0.0,0,0,1,0,14.224,-0.144,0,30.45,0,0,1,1,0,1,1,0,0,1,0,12192.0,2,1,1,1,0,0,1,0,8.2,265.3,0,0,0,0,0,1
51500,0.0,0.0,0,0,1,0,7.663,0.0,0,0,1,0,14.205,-0.192,0,30.25,0,0,1,1,0,1,1,0,0,1,0,12192.0,2,1,1,1,0,0,1,0,7.7,269.4,0,0,0,0,0,1
51600,0.0,0.0,0,0,1,0,7.663,0.0,0,0,1,0,14.181,-0.24,0,30.63,0,0,1,1,0,1,1,0,0,1,0,12192.0,2,1,1,1,0,0,1,0,8.1,271.0,0,0,0,0,0,1
51700,0.0,0.0,0,0,1,0,7.663,0.0,0,0,1,0,14.152,-0.288,0,30.33,0,0,1,1,0,1,1,0,0,1,0,12192.0,2,1,1,1,0,0,1,0,7.1,269.9,0,0,0,0,0,1
51800,0.0,0.0,0,0,1,0,7.663,0.0,0,0,1,0,14.118,-0.336,0,30.55,0,0,1,1,0,1,1,0,0,1,0,12192.0,2,1,1,1,0,0,1,0,7.9,268.7,0,0,0,0,0,1
51900,0.0,0.0,0,0,1,0,7.663,0.0,0,0,1,0,14.08,-0.384,0,30.26,0,0,1,1,0,1,1,0,0,1,0,12192.0,2,1,1,1,0,0,1,0,6.5,267.3,0,0,0,0,0,1
52000,0.0,0.0,0,0,1,0,7.663,0.0,0,0,1,0,14.037,-0.432,0,30.48,0,0,1,1,0,1,1,0,0,1,0,12192.0,2,1,1,1,0,0,1,0,8.2,268.6,0,0,0,0,0,1
52100,0.0,0.0,0,0,1,0,7.663,0.0,0,0,1,0,13.989,-0.48,0,30.26,0,0,1,1,0,1,1,0,0,1,0,12192.0,2,1,1,1,0,0,1,0,7.8,268.4,0,0,0,0,0,1
52200,0.0,0.0,0,0,1,0,7.663,0.0,0,0,1,0,13.936,-0.528,0,30.5,0,0,1,1,0,1,1,0,0,1,0,12192.0,2,1,1,1,0,0,1,0,7.2,266.5,0,0,0,0,0,1
52300,0.0,0.0,0,0,1,0,7.663,0.0,0,0,1,0,13.878,-0.576,0,30.44,0,0,1,1,0,1,1,0,0,1,0,12192.0,2,1,1,1,0,0,1,0,8.5,268.0,0,0,0,0,0,1
52400,0.0,0.0,0,0,1,0,7.663,0.0,0,0,1,0,13.816,-0.624,0,30.53,0,0,1,1,0,1,1,0,0,1,0,12192.0,2,1,1,1,0,0,1,0,6.5,270.4,0,0,0,0,0,1
52500,0.0,0.0,0,0,1,0,7.663,0.0,0,0,1,0,13.748,-0.672,0,30.59,0,0,1,1,0,1,1,0,0,1,0,12192.0,2,1,1,1,0,0,1,0,8.3,267.3,0,0,0,0,0,1
52600,0.0,0.0,0,0,1,0,7.663,0.0,0,0,1,0,13.676,-0.72,0,30.4,0,0,1,1,0,1,1,0,0,1,0,12192.0,2,1,1,1,0,0,1,0,7.2,269.8,0,0,0,0,0,1
52700,0.0,0.0,0,0,1,0,7.663,0.0,0,0,1,0,13.6,-0.768,0,30.18,0,0,1,1,0,1,1,0,0,1,0,12192.0,2,1,1,1,0,0,1,0,8.0,268.6,0,0,0,0,0,1
52800,0.0,0.0,0,0,1,0,7.663,0.0,0,0,1,0,13.518,-0.816,0,30.56,0,0,1,1,0,1,1,0,0,1,0,12192.0,2,1,1,1,0,0,1,0,7.9,271.4,0,0,0,0,0,1
52900,0.0,0.0,0,0,1,0,7.663,0.0,0,0,1,0,13.431,-0.864,0,30.46,0,0,1,1,0,1,1,0,0,1,0,12192.0,2,1,1,1,0,0,1,0,7.8,274.0,0,0,0,0,0,1
53000,0.0,0.0,0,0,1,0,7.663,0.0,0,0,1,0,13.34,-0.912,0,30.17,0,0,1,1,0,1,1,0,0,1,0,12192.0,2,1,1,1,0,0,1,0,7.4,271.6,0,0,0,0,0,1
53100,0.0,0.0,0,0,1,0,7.663,0.0,0,0,1,0,13.244,-0.961,0,30.28,0,0,1,1,0,1,1,0,0,1,0,12192.0,2,1,1,1,0,0,1,0,7.2,269.4,0,0,0,0,0,1
53200,0.0,0.0,0,0,1,0,7.663,0.0,0,0,1,0,13.143,-1.009,0,30.47,0,0,1,1,0,1,1,0,0,1,0,12192.0,2,1,1,1,0,0,1,0,7.6,271.4,0,0,0,0,0,1
53300,0.0,0.0,0,0,1,0,7.663,0.0,0,0,1,0,13.038,-1.057,0,30.15,0,0,1,1,0,1,1,0,0,1,0,12192.0,2,1,1,1,0,0,1,0,8.0,270.8,0,0,0,0,0,1
53400,0.0,0.0,0,0,1,0,7.663,0.0,0,0,1,0,12.927,-1.105,0,30.7,0,0,1,1,0,1,1,0,0,1,0,12192.0,2,1,1,1,0,0,1,0,7.9,267.5,0,0,0,0,0,1
53500,0.0,0.0,0,0,1,0,7.663,0.0,0,0,1,0,12.812,-1.153,0,30.4,0,0,1,1,0,1,1,0,0,1,0,12192.0,2,1,1,1,0,0,1,0,7.4,263.7,0,0,0,0,0,1
53600,0.0,0.0,0,0,1,0,7.663,0.0,0,0,1,0,12.692,-1.201,0,30.47,0,0,1,1,0,1,1,0,0,1,0,12192.0,2,1,1,1,0,0,1,0,8.0,272.2,0,0,0,0,0,1
53700,0.0,0.0,0,0,1,0,7.663,0.0,0,0,1,0,12.568,-1.241,0,30.65,0,0,1,1,0,1,1,0,0,1,0,12192.0,2,1,1,1,0,0,1,0,8.2,269.4,0,0,0,0,0,1
53800,0.0,0.0,0,0,1,0,7.663,0.0,0,0,1,0,12.444,-1.241,0,30.29,0,0,1,1,0,1,1,0,0,1,0,12192.0,2,1,1,1,0,0,1,0,7.9,273.0,0,0,0,0,0,1
53900,0.0,0.0,0,0,1,0,7.663,0.0,0,0,1,0,12.32,-1.241,0,30.62,0,0,1,1,0,1,1,0,0,1,0,12192.0,2,1,1,1,0,0,1,0,7.6,267.7,0,0,0,0,0,1
54000,0.0,0.0,0,0,1,0,7.663,0.0,0,0,1,0,12.196,-1.241,0,30.18,0,0,1,1,0,1,1,0,0,1,0,12192.0,2,1,1,1,0,0,1,0,8.5,266.7,0,0,0,0,0,1
54100,0.0,0.0,0,0,1,0,7.663,0.0,0,0,1,0,12.071,-1.241,0,30.17,0,0,1,1,0,1,1,0,0,1,0,12192.0,2,1,1,1,0,0,1,0,7.9,273.1,0,0,0,0,0,1
54200,0.0,0.0,0,0,1,0,7.663,0.0,0,0,1,0,11.947,-1.241,0,30.72,0,0,1,1,0,1,1,0,0,1,0,12192.0,2,1,1,1,0,0,1,0,8.1,269.0,0,0,0,0,0,1
54300,0.0,0.0,0,0,1,0,7.663,0.0,0,0,1,0,11.823,-1.241,0,30.61,0,0,1,1,0,1,1,0,0,1,0,12192.0,2,1,1,1,0,0,1,0,8.5,269.1,0,0,0,0,0,1
54400,0.0,0.0,0,0,1,0,7.663,0.0,0,0,1,0,11.699,-1.241,0,30.52,0,0,1,1,0,1,1,0,0,1,0,12192.0,2,1,1,1,0,0,1,0,8.4,272.1,0,0,0,0,0,1
54500,0.0,0.0,0,0,1,0,7.663,0.0,0,0,1,0,11.575,-1.241,0,30.43,0,0,1,1,0,1,1,0,0,1,0,12192.0,2,1,1,1,0,0,1,0,8.2,267.8,0,0,0,0,0,1
54600,0.0,0.0,0,0,1,0,7.663,0.0,0,0,1,0,11.451,-1.241,0,30.55,0,0,1,1,0,1,1,0,0,1,0,12192.0,2,1,1,1,0,0,1,0,7.5,270.2,0,0,0,0,0,1
54700,0.0,0.0,0,0,1,0,7.663,0.0,0,0,1,0,11.327,-1.241,0,30.41,0,0,1,1,0,1,1,0,0,1,0,12192.0,2,1,1,1,0,0,1,0,7.7,267.0,0,0,0,0,0,1
54800,0.0,0.0,0,0,1,0,7.663,0.0,0,0,1,0,11.203,-1.241,0,30.39,0,0,1,1,0,1,1,0,0,1,0,12192.0,2,1,1,1,0,0,1,0,8.5,266.6,0,0,0,0,0,1
54900,0.0,0.0,0,0,1,0,7.663,0.0,0,0,1,0,11.079,-1.241,0,30.59,0,0,1,1,0,1,1,0,0,1,0,12192.0,2,1,1,1,0,0,1,0,8.7,267.1,0,0,0,0,0,1
55000,0.0,0.0,0,0,1,0,7.663,0.0,0,0,1,0,10.955,-1.241,0,30.54,0,0,1,1,0,1,1,0,0,1,0,12192.0,2,1,1,1,0,0,1,0,8.5,270.3,0,0,0,0,0,1
55100,0.0,0.0,0,0,1,0,7.663,0.0,0,0,1,0,10.83,-1.241,0,30.58,0,0,1,1,0,1,1,0,0,1,0,12192.0,2,1,1,1,0,0,1,0,8.7,271.3,0,0,0,0,0,1
55200,0.0,0.0,0,0,1,0,7.663,0.0,0,0,1,0,10.706,-1.241,0,30.28,0,0,1,1,0,1,1,0,0,1,0,12192.0,2,1,1,1,0,0,1,0,8.6,268.6,0,0,0,0,0,1
55300,0.0,0.0,0,0,1,0,7.663,0.0,0,0,1,0,10.582,-1.241,0,30.19,0,0,1,1,0,1,1,0,0,1,0,12192.0,2,1,1,1,0,0,1,0,8.2,271.4,0,0,0,0,0,1
55400,0.0,0.0,0,0,1,0,7.663,0.0,0,0,1,0,10.458,-1.241,0,30.58,0,0,1,1,0,1,1,0,0,1,0,12192.0,2,1,1,1,0,0,1,0,8.3,267.1,0,0,0,0,0,1
55500,0.0,0.0,0,0,1,0,7.663,0.0,0,0,1,0,10.334,-1.241,0,30.23,0,0,1,1,0,1,1,0,0,1,0,12192.0,2,1,1,1,0,0,1,0,9.0,274.7,0,0,0,0,0,1
55600,0.0,0.0,0,0,1,0,7.663,0.0,0,0,1,0,10.21,-1.241,0,30.41,0,0,1,1,0,1,1,0,0,1,0,12192.0,2,1,1,1,0,0,1,0,8.4,269.7,0,0,0,0,0,1
55700,0.0,0.0,0,0,1,0,7.663,0.0,0,0,1,0,10.086,-1.241,0,30.46,0,0,1,1,0,1,1,0,0,1,0,12192.0,2,1,1,1,0,0,1,0,9.1,270.2,0,0,0,0,0,1
55800,0.0,0.0,0,0,1,0,7.663,0.0,0,0,1,0,9.962,-1.241,0,30.55,0,0,1,1,0,1,1,0,0,1,0,12192.0,2,1,1,1,0,0,1,0,8.7,271.2,0,0,0,0,0,1
55900,0.0,0.0,0,0,1,0,7.663,0.0,0,0,1,0,9.838,-1.241,0,30.57,0,0,1,1,0,1,1,0,0,1,0,12192.0,2,1,1,1,0,0,1,0,9.3,267.9,0,0,0,0,0,1
56000,0.0,0.0,0,0,1,0,7.663,0.0,0,0,1,0,9.714,-1.241,0,30.46,0,0,1,1,0,1,1,0,0,1,0,12192.0,2,1,1,1,0,0,1,0,8.9,271.0,0,0,0,0,0,1
56100,0.0,0.0,0,0,1,0,7.663,0.0,0,0,1,0,9.59,-1.241,0,30.43,0,0,1,1,0,1,1,0,0,1,0,12192.0,2,1,1,1,0,0,1,0,8.7,267.9,0,0,0,0,0,1
56200,0.0,0.0,0,0,1,0,7.663,0.0,0,0,1,0,9.465,-1.241,0,30.26,0,0,1,1,0,1,1,0,0,1,0,12192.0,2,1,1,1,0,0,1,0,8.3,270.2,0,0,0,0,0,1
56300,0.0,0.0,0,0,1,0,7.663,0.0,0,0,1,0,9.341,-1.241,0,30.47,0,0,1,1,0,1,1,0,0,1,0,12192.0,2,1,1,1,0,0,1,0,8.5,265.8,0,0,0,0,0,1
56400,0.0,0.0,0,0,1,0,7.663,0.0,0,0,1,0,9.217,-1.241,0,30.44,0,0,1,1,0,1,1,0,0,1,0,12192.0,2,1,1,1,0,0,1,0,8.5,265.4,0,0,0,0,0,1
56500,0.0,0.0,0,0,1,0,7.663,0.0,0,0,1,0,9.093,-1.241,0,30.55,0,0,1,1,0,1,1,0,0,1,0,12192.0,2,1,1,1,0,0,1,0,8.9,273.0,0,0,0,0,0,1
56600,0.0,0.0,0,0,1,0,7.663,0.0,0,0,1,0,8.969,-1.241,0,30.6,0,0,1,1,0,1,1,0,0,1,0,12192.0,2,1,1,1,0,0,1,0,8.6,272.0,0,0,0,0,0,1
56700,0.0,0.0,0,0,1,0,7.663,0.0,0,0,1,0,8.845,-1.241,0,30.4,0,0,1,1,0,1,1,0,0,1,0,12192.0,2,1,1,1,0,0,1,0,8.4,269.3,0,0,0,0,0,1
56800,0.0,0.0,0,0,1,0,7.663,0.0,0,0,1,0,8.721,-1.241,0,30.45,0,0,1,1,0,1,1,0,0,1,0,12192.0,2,1,1,1,0,0,1,0,8.2,271.0,0,0,0,0,0,1
56900,0.0,0.0,0,0,1,0,7.663,0.0,0,0,1,0,8.597,-1.241,0,30.31,0,0,1,1,0,1,1,0,0,1,0,12192.0,2,1,1,1,0,0,1,0,8.1,270.8,0,0,0,0,0,1
57000,0.0,0.0,0,0,1,0,7.663,0.0,0,0,1,0,8.473,-1.241,0,30.54,0,0,1,1,0,1,1,0,0,1,0,12192.0,2,1,1,1,0,0,1,0,8.8,271.6,0,0,0,0,0,1
57100,0.0,0.0,0,0,1,0,7.663,0.0,0,0,1,0,8.349,-1.241,0,30.44,0,0,1,1,0,1,1,0,0,1,0,12192.0,2,1,1,1,0,0,1,0,9.0,271.4,0,0,0,0,0,1
57200,0.0,0.0,0,0,1,0,7.663,0.0,0,0,1,0,8.224,-1.241,0,30.35,0,0,1,1,0,1,1,0,0,1,0,12192.0,2,1,1,1,0,0,1,0,8.9,267.8,0,0,0,0,0,1
57300,0.0,0.0,0,0,1,0,7.663,0.0,0,0,1,0,8.1,-1.241,0,30.24,0,0,1,1,0,1,1,0,0,1,0,12192.0,2,1,1,1,0,0,1,0,8.9,270.7,0,0,0,0,0,1
57400,0.0,0.0,0,0,1,0,7.663,0.0,0,0,1,0,7.976,-1.241,0,30.29,0,0,1,1,0,1,1,0,0,1,0,12192.0,2,1,1,1,0,0,1,0,7.9,271.4,0,0,0,0,0,1
57500,0.0,0.0,0,0,1,0,7.663,0.0,0,0,1,0,7.852,-1.241,0,30.39,0,0,1,1,0,1,1,0,0,1,0,12192.0,2,1,1,1,0,0,1,0,7.7,274.7,0,0,0,0,0,1
57600,0.0,0.0,0,0,1,0,7.663,0.0,0,0,1,0,7.728,-1.241,0,30.41,0,0,1,1,0,1,1,0,0,1,0,12192.0,2,1,1,1,0,0,1,0,7.7,270.2,0,0,0,0,0,1
57700,0.0,0.0,0,0,1,0,7.663,0.0,0,0,1,0,7.604,-1.241,0,30.38,0,0,1,1,0,1,1,0,0,1,0,12192.0,2,1,1,1,0,0,1,0,8.7,271.9,0,0,0,0,0,1
57800,0.0,0.0,0,0,1,0,7.663,0.0,0,0,1,0,7.48,-1.241,0,30.49,0,0,1,1,0,1,1,0,0,1,0,12192.0,2,1,1,1,0,0,1,0,8.0,269.9,0,0,0,0,0,1
57900,0.0,0.0,0,0,1,0,7.663,0.0,0,0,1,0,7.356,-1.241,0,30.3,0,0,1,1,0,1,1,0,0,1,0,12192.0,2,1,1,1,0,0,1,0,7.9,269.4,0,0,0,0,0,1
58000,0.0,0.0,0,0,1,0,7.663,0.0,0,0,1,0,7.232,-1.241,0,30.47,0,0,1,1,0,1,1,0,0,1,0,12192.0,2,1,1,1,0,0,1,0,8.4,268.8,0,0,0,0,0,1
58100,0.0,0.0,0,0,1,0,7.663,0.0,0,0,1,0,7.108,-1.241,0,30.65,0,0,1,1,0,1,1,0,0,1,0,12192.0,2,1,1,1,0,0,1,0,7.9,269.5,0,0,0,0,0,1
58200,0.0,0.0,0,0,1,0,7.663,0.0,0,0,1,0,6.984,-1.241,0,30.6,0,0,1,1,0,1,1,0,0,1,0,12192.0,2,1,1,1,0,0,1,0,8.0,271.6,0,0,0,0,0,1
58300,0.0,0.0,0,0,1,0,7.663,0.0,0,0,1,0,6.859,-1.241,0,30.42,0,0,1,1,0,1,1,0,0,1,0,12192.0,2,1,1,1,0,0,1,0,8.1,272.9,0,0,0,0,0,1
58400,0.0,0.0,0,0,1,0,7.663,0.0,0,0,1,0,6.735,-1.241,0,30.6,0,0,1,1,0,1,1,0,0,1,0,12192.0,2,1,1,1,0,0,1,0,7.8,275.2,0,0,0,0,0,1
58500,0.0,0.0,0,0,1,0,7.663,0.0,0,0,1,0,6.611,-1.241,0,30.4,0,0,1,1,0,1,1,0,0,1,0,12192.0,2,1,1,1,0,0,1,0,8.1,269.1,0,0,0,0,0,1
58600,0.0,0.0,0,0,1,0,7.663,0.0,0,0,1,0,6.487,-1.241,0,30.52,0,0,1,1,0,1,1,0,0,1,0,12192.0,2,1,1,1,0,0,1,0,7.3,270.7,0,0,0,0,0,1
58700,0.0,0.0,0,0,1,0,7.663,0.0,0,0,1,0,6.363,-1.241,0,30.37,0,0,1,1,0,1,1,0,0,1,0,12192.0,2,1,1,1,0,0,1,0,8.2,272.0,0,0,0,0,0,1
58800,0.0,0.0,0,0,1,0,7.663,0.0,0,0,1,0,6.239,-1.241,0,30.55,0,0,1,1,0,1,1,0,0,1,0,12192.0,2,1,1,1,0,0,1,0,6.8,269.1,0,0,0,0,0,1
58900,0.0,0.0,0,0,1,0,7.663,0.0,0,0,1,0,6.115,-1.241,0,30.42,0,0,1,1,0,1,1,0,0,1,0,12192.0,2,1,1,1,0,0,1,0,7.2,269.9,0,0,0,0,0,1
59000,0.0,0.0,0,0,1,0,7.663,0.0,0,0,1,0,5.991,-1.241,0,30.2,0,0,1,1,0,1,1,0,0,1,0,12192.0,2,1,1,1,0,0,1,0,7.7,272.5,0,0,0,0,0,1
59100,0.0,0.0,0,0,1,0,7.663,0.0,0,0,1,0,5.867,-1.241,0,30.5,0,0,1,1,0,1,1,0,0,1,0,12192.0,2,1,1,1,0,0,1,0,7.7,269.3,0,0,0,0,0,1
59200,0.0,0.0,0,0,1,0,7.663,0.0,0,0,1,0,5.743,-1.241,0,30.36,0,0,1,1,0,1,1,0,0,1,0,12192.0,2,1,1,1,0,0,1,0,8.0,272.5,0,0,0,0,0,1
59300,0.0,0.0,0,0,1,0,7.663,0.0,0,0,1,0,5.619,-1.241,0,30.21,0,0,1,1,0,1,1,0,0,1,0,12192.0,2,1,1,1,0,0,1,0,8.6,270.6,0,0,0,0,0,1
59400,0.0,0.0,0,0,1,0,7.663,0.0,0,0,1,0,5.494,-1.241,0,30.51,0,0,1,1,0,1,1,0,0,1,0,12192.0,2,1,1,1,0,0,1,0,8.0,274.7,0,0,0,0,0,1
59500,0.0,0.0,0,0,1,0,7.663,0.0,0,0,1,0,5.37,-1.241,0,30.53,0,0,1,1,0,1,1,0,0,1,0,12192.0,2,1,1,1,0,0,1,0,7.0,268.9,0,0,0,0,0,1
59600,0.0,0.0,0,0,1,0,7.663,0.0,0,0,1,0,5.246,-1.241,0,30.46,0,0,1,1,0,1,1,0,0,1,0,12192.0,2,1,1,1,0,0,1,0,6.6,266.1,0,0,0,0,0,1
59700,0.0,0.0,0,0,1,0,7.663,0.0,0,0,1,0,5.122,-1.241,0,30.47,0,0,1,1,0,1,1,0,0,1,0,12192.0,2,1,1,1,0,0,1,0,7.9,270.7,0,0,0,0,0,1
59800,0.0,0.0,0,0,1,0,7.663,0.0,0,0,1,0,4.998,-1.241,0,30.41,0,0,1,1,0,1,1,0,0,1,0,12192.0,2,1,1,1,0,0,1,0,7.9,270.9,0,0,0,0,0,1
59900,0.0,0.0,0,0,1,0,7.663,0.0,0,0,1,0,4.874,-1.241,0,30.4,0,0,1,1,0,1,1,0,0,1,0,12192.0,2,1,1,1,0,0,1,0,7.2,268.6,0,0,0,0,0,1
60000,0.0,0.0,0,0,1,0,7.663,0.0,0,0,1,0,4.75,-1.241,0,30.42,0,0,1,1,0,1,1,0,0,1,0,12192.0,2,1,1,1,0,0,1,0,7.4,266.9,0,0,0,0,0,1
60100,0.0,0.0,0,0,1,0,7.663,0.0,0,0,1,0,4.626,-1.241,0,30.47,0,0,1,1,0,1,1,0,0,1,0,12192.0,2,1,1,1,0,0,1,0,7.1,269.2,0,0,0,0,0,1
60200,0.0,0.0,0,0,1,0,7.663,0.0,0,0,1,0,4.502,-1.241,0,30.44,0,0,1,1,0,1,1,0,0,1,0,12192.0,2,1,1,1,0,0,1,0,7.4,270.0,0,0,0,0,0,1
60300,0.0,0.0,0,0,1,0,7.663,0.0,0,0,1,0,4.378,-1.241,0,30.45,0,0,1,1,0,1,1,0,0,1,0,12192.0,2,1,1,1,0,0,1,0,7.3,272.0,0,0,0,0,0,1
60400,0.0,0.0,0,0,1,0,7.663,0.0,0,0,1,0,4.253,-1.241,0,30.6,0,0,1,1,0,1,1,0,0,1,0,12192.0,2,1,1,1,0,0,1,0,7.8,270.1,0,0,0,0,0,1
60500,0.0,0.0,0,0,1,0,7.663,0.0,0,0,1,0,4.129,-1.241,0,30.05,0,0,1,1,0,1,1,0,0,1,0,12192.0,2,1,1,1,0,0,1,0,7.2,269.0,0,0,0,0,0,1
60600,0.0,0.0,0,0,1,0,7.663,0.0,0,0,1,0,4.005,-1.241,0,30.34,0,0,1,1,0,1,1,0,0,1,0,12192.0,2,1,1,1,0,0,1,0,6.4,263.2,0,0,0,0,0,1
60700,0.0,0.0,0,0,1,0,7.663,0.0,0,0,1,0,3.881,-1.241,0,30.39,0,0,1,1,0,1,1,0,0,1,0,12192.0,2,1,1,1,0,0,1,0,7.5,266.8,0,0,0,0,0,1
60800,0.0,0.0,0,0,1,0,7.663,0.0,0,0,1,0,3.757,-1.241,0,30.44,0,0,1,1,0,1,1,0,0,1,0,12192.0,2,1,1,1,0,0,1,0,7.6,268.6,0,0,0,0,0,1
60900,0.0,0.0,0,0,1,0,7.663,0.0,0,0,1,0,3.633,-1.241,0,30.58,0,0,1,1,0,1,1,0,0,1,0,12192.0,2,1,1,1,0,0,1,0,8.0,272.3,0,0,0,0,0,1
61000,0.0,0.0,0,0,1,0,7.663,0.0,0,0,1,0,3.509,-1.241,0,30.5,0,0,1,1,0,1,1,0,0,1,0,12192.0,2,1,1,1,0,0,1,0,7.2,274.2,0,0,0,0,0,1
61100,0.0,0.0,0,0,1,0,7.663,0.0,0,0,1,0,3.385,-1.241,0,30.51,0,0,1,1,0,1,1,0,0,1,0,12192.0,2,1,1,1,0,0,1,0,7.5,268.2,0,0,0,0,0,1
61200,0.0,0.0,0,0,1,0,7.663,0.0,0,0,1,0,3.261,-1.241,0,30.5,0,0,1,1,0,1,1,0,0,1,0,12192.0,2,1,1,1,0,0,1,0,7.0,271.8,0,0,0,0,0,1
61300,0.0,0.0,0,0,1,0,7.663,0.0,0,0,1,0,3.137,-1.241,0,30.36,0,0,1,1,0,1,1,0,0,1,0,12192.0,2,1,1,1,0,0,1,0,6.7,270.1,0,0,0,0,0,1
61400,0.0,0.0,0,0,1,0,7.663,0.0,0,0,1,0,3.013,-1.241,0,30.58,0,0,1,1,0,1,1,0,0,1,0,12192.0,2,1,1,1,0,0,1,0,8.3,270.1,0,0,0,0,0,1
61500,0.0,0.0,0,0,1,0,7.663,0.0,0,0,1,0,2.888,-1.241,0,30.44,0,0,1,1,0,1,1,0,0,1,0,12192.0,2,1,1,1,0,0,1,0,7.3,273.5,0,0,0,0,0,1
61600,0.0,0.0,0,0,1,0,7.663,0.0,0,0,1,0,2.764,-1.241,0,30.45,0,0,1,1,0,1,1,0,0,1,0,12192.0,2,1,1,1,0,0,1,0,7.2,270.2,0,0,0,0,0,1
61700,0.0,0.0,0,0,1,0,7.663,0.0,0,0,1,0,2.64,-1.241,0,30.61,0,0,1,1,0,1,1,0,0,1,0,12192.0,2,1,1,1,0,0,1,0,7.7,269.4,0,0,0,0,0,1
61800,0.0,0.0,0,0,1,0,7.663,0.0,0,0,1,0,2.516,-1.241,0,30.32,0,0,1,1,0,1,1,0,0,1,0,12192.0,2,1,1,1,0,0,1,0,7.4,268.5,0,0,0,0,0,1
61900,0.0,0.0,0,0,1,0,7.663,0.0,0,0,1,0,2.392,-1.241,0,30.36,0,0,1,1,0,1,1,0,0,1,0,12192.0,2,1,1,1,0,0,1,0,7.4,269.6,0,0,0,0,0,1
62000,0.0,0.0,0,0,1,0,7.663,0.0,0,0,1,0,2.268,-1.241,0,30.13,0,0,1,1,0,1,1,0,0,1,0,12192.0,2,1,1,1,0,0,1,0,7.6,269.8,0,0,0,0,0,1
62100,0.0,0.0,0,0,1,0,7.663,0.0,0,0,1,0,2.149,-1.193,0,33.53,0,0,1,1,0,1,1,0,0,1,0,12192.0,2,1,1,1,0,0,1,0,8.3,267.5,0,0,0,0,0,1
62200,0.0,0.0,0,0,1,0,7.663,0.0,0,0,1,0,2.034,-1.145,0,33.58,0,0,1,1,0,1,1,0,0,1,0,12192.0,2,1,1,1,0,0,1,0,8.3,267.9,0,0,0,0,0,1
62300,0.0,0.0,0,0,1,0,7.663,0.0,0,0,1,0,1.925,-1.097,0,33.64,0,0,1,1,0,1,1,0,0,1,0,12192.0,2,1,1,1,0,0,1,0,7.8,270.0,0,0,0,0,0,1
62400,0.0,0.0,0,0,1,0,7.663,0.0,0,0,1,0,1.82,-1.049,0,33.41,0,0,1,1,0,1,1,0,0,1,0,12192.0,2,1,1,1,0,0,1,0,7.6,272.4,0,0,0,0,0,1
62500,0.0,0.0,0,0,1,0,7.663,0.0,0,0,1,0,1.72,-1.001,0,33.39,0,0,1,1,0,1,1,0,0,1,0,12192.0,2,1,1,1,0,0,1,0,7.7,266.6,0,0,0,0,0,1
62600,0.0,0.0,0,0,1,0,7.663,0.0,0,0,1,0,1.624,-0.953,0,33.52,0,0,1,1,0,1,1,0,0,1,0,12192.0,2,1,1,1,0,0,1,0,7.9,270.7,0,0,0,0,0,1
62700,0.0,0.0,0,0,1,0,7.663,0.0,0,0,1,0,1.534,-0.905,0,33.62,0,0,1,1,0,1,1,0,0,1,0,12192.0,2,1,1,1,0,0,1,0,7.3,266.6,0,0,0,0,0,1
62800,0.0,0.0,0,0,1,0,7.663,0.0,0,0,1,0,1.448,-0.857,0,33.73,0,0,1,1,0,1,1,0,0,1,0,12192.0,2,1,1,1,0,0,1,0,7.7,270.0,0,0,0,0,0,1
62900,0.0,0.0,0,0,1,0,7.663,0.0,0,0,1,0,1.367,-0.809,0,33.56,0,0,1,1,0,1,1,0,0,1,0,12192.0,2,1,1,1,0,0,1,0,8.8,266.3,0,0,0,0,0,1
63000,0.0,0.0,0,0,1,0,7.663,0.0,0,0,1,0,1.291,-0.761,0,33.62,0,0,1,1,0,1,1,0,0,1,0,12192.0,2,1,1,1,0,0,1,0,7.8,265.6,0,0,0,0,0,1
63100,0.0,0.0,0,0,1,0,7.663,0.0,0,0,1,0,1.22,-0.713,0,33.61,0,0,1,1,0,1,1,0,0,1,0,12192.0,2,1,1,1,0,0,1,0,8.5,269.9,0,0,0,0,0,1
63200,0.0,0.0,0,0,1,0,7.663,0.0,0,0,1,0,1.153,-0.665,0,33.59,0,0,1,1,0,1,1,0,0,1,0,12192.0,2,1,1,1,0,0,1,0,7.2,265.9,0,0,0,0,0,1
63300,0.0,0.0,0,0,1,0,7.663,0.0,0,0,1,0,1.092,-0.617,0,33.49,0,0,1,1,0,1,1,0,0,1,0,12192.0,2,1,1,1,0,0,1,0,7.9,272.8,0,0,0,0,0,1
63400,0.0,0.0,0,0,1,0,7.663,0.0,0,0,1,0,1.035,-0.569,0,33.56,0,0,1,1,0,1,1,0,0,1,0,12192.0,2,1,1,1,0,0,1,0,7.6,271.5,0,0,0,0,0,1
63500,0.0,0.0,0,0,1,0,7.663,0.0,0,0,1,0,0.983,-0.521,0,33.55,0,0,1,1,0,1,1,0,0,1,0,12192.0,2,1,1,1,0,0,1,0,8.9,270.5,0,0,0,0,0,1
63600,0.0,0.0,0,0,1,0,7.663,0.0,0,0,1,0,0.936,-0.473,0,33.39,0,0,1,1,0,1,1,0,0,1,0,12192.0,2,1,1,1,0,0,1,0,8.6,271.1,0,0,0,0,0,1
63700,0.0,0.0,0,0,1,0,7.663,0.0,0,0,1,0,0.893,-0.425,0,33.72,0,0,1,1,0,1,1,0,0,1,0,12192.0,2,1,1,1,0,0,1,0,8.9,268.4,0,0,0,0,0,1
63800,0.0,0.0,0,0,1,0,7.663,0.0,0,0,1,0,0.856,-0.376,0,33.52,0,0,1,1,0,1,1,0,0,1,0,12192.0,2,1,1,1,0,0,1,0,8.5,272.7,0,0,0,0,0,1
63900,0.0,0.0,0,0,1,0,7.663,0.0,0,0,1,0,0.823,-0.328,0,33.63,0,0,1,1,0,1,1,0,0,1,0,12192.0,2,1,1,1,0,0,1,0,8.6,271.2,0,0,0,0,0,1
64000,0.0,0.0,0,0,1,0,7.663,0.0,0,0,1,0,0.795,-0.28,0,33.57,0,0,1,1,0,1,1,0,0,1,0,12192.0,2,1,1,1,0,0,1,0,8.3,268.4,0,0,0,0,0,1
64100,0.0,0.0,0,0,1,0,7.663,0.0,0,0,1,0,0.771,-0.232,0,33.49,0,0,1,1,0,1,1,0,0,1,0,12192.0,2,1,1,1,0,0,1,0,8.4,267.6,0,0,0,0,0,1
64200,0.0,0.0,0,0,1,0,7.663,0.0,0,0,1,0,0.753,-0.184,0,33.48,0,0,1,1,0,1,1,0,0,1,0,12192.0,2,1,1,1,0,0,1,0,9.7,267.6,0,0,0,0,0,1
64300,0.0,0.0,0,0,1,0,7.663,0.0,0,0,1,0,0.739,-0.136,0,33.57,0,0,1,1,0,1,1,0,0,1,0,12192.0,2,1,1,1,0,0,1,0,7.6,269.4,0,0,0,0,0,1
64400,0.0,0.0,0,0,1,0,7.663,0.0,0,0,1,0,0.725,-0.143,0,30.44,0,0,1,1,0,1,1,0,0,1,0,12192.0,2,1,1,1,0,0,1,0,7.8,269.1,0,0,0,0,0,1
64500,0.0,0.0,0,0,1,0,7.663,0.0,0,0,1,0,0.717,-0.081,0,33.49,0,0,1,1,0,1,1,0,0,1,0,12192.0,2,1,1,1,0,0,1,0,9.5,265.5,0,0,0,0,0,1
64600,0.0,0.0,0,0,0,0,7.663,0.0,0,0,0,0,0.714,0.0,0,32.32,0,0,0,0,0,1,1,0,0,1,0,12192.0,2,1,1,0,1,0,1,0,8.3,269.6,0,0,0,0,0,1
64700,0.0,0.0,0,0,0,0,7.663,0.0,0,0,0,0,0.714,0.0,0,32.1,0,0,0,0,0,1,1,0,1,1,0,12192.0,2,1,1,0,1,0,1,0,8.9,266.5,0,0,0,0,0,1
64800,0.0,0.0,0,0,0,0,7.663,0.0,0,0,0,0,0.714,0.0,0,31.91,0,0,0,0,0,1,1,0,1,1,0,12192.0,2,1,1,0,1,0,1,0,8.0,270.6,0,0,0,0,0,1
64900,0.0,0.0,0,0,0,0,7.663,0.0,0,0,0,0,0.714,0.0,0,31.94,0,0,0,0,0,1,1,0,1,1,0,12192.0,2,1,1,0,1,0,1,0,8.1,272.0,0,0,0,0,0,1
65000,0.0,0.0,0,0,0,0,7.663,0.0,0,0,0,0,0.714,0.0,0,32.02,0,0,0,0,0,1,1,0,1,1,0,12192.0,2,1,1,0,1,0,1,0,8.4,270.2,0,0,0,0,0,1
65100,0.0,0.0,0,0,0,0,7.663,0.0,0,0,0,0,0.714,0.0,0,32.11,0,0,0,0,0,1,1,0,1,1,0,12192.0,2,1,1,0,1,0,1,0,9.4,270.6,0,0,0,0,0,1
65200,0.0,0.0,0,0,0,0,7.663,0.0,0,0,0,0,0.714,0.0,0,31.93,0,0,0,0,0,1,1,0,1,1,0,12192.0,2,1,1,0,1,0,1,0,9.3,267.1,0,0,0,0,0,1
65300,0.0,0.0,0,0,0,0,7.663,0.0,0,0,0,0,0.714,0.0,0,32.07,0,0,0,0,0,1,1,0,1,1,0,12192.0,2,1,1,0,1,0,1,0,9.1,267.5,0,0,0,0,0,1
65400,0.0,0.0,0,0,0,0,7.663,0.0,0,0,0,0,0.714,0.0,0,32.04,0,0,0,0,0,1,1,0,1,1,0,12192.0,2,1,1,0,1,0,1,0,8.6,270.0,0,0,0,0,0,1
65500,0.0,0.0,0,0,0,0,7.663,0.0,0,0,0,0,0.714,0.0,0,32.32,0,0,0,0,0,1,1,0,1,1,0,12192.0,2,1,1,0,1,0,1,0,8.5,267.5,0,0,0,0,0,1
65600,0.0,0.0,0,0,0,0,7.663,0.0,0,0,0,0,0.714,0.0,0,0.0,0,0,0,0,0,1,0,1,1,1,0,12192.0,2,1,1,0,1,0,1,0,8.0,273.9,0,0,0,0,0,1
65700,0.0,0.0,0,0,0,0,7.663,0.0,0,0,0,0,0.714,0.0,0,0.0,0,0,0,0,0,1,0,1,1,1,0,12192.0,2,1,1,0,1,0,1,0,8.6,267.7,0,0,0,0,0,1
65800,0.0,0.0,0,0,0,0,7.663,0.0,0,0,0,0,0.714,0.0,0,0.0,0,0,0,0,0,1,0,1,1,1,0,12192.0,2,1,1,0,1,0,1,0,8.0,268.2,0,0,0,0,0,1
65900,0.0,0.0,0,0,0,0,7.663,0.0,0,0,0,0,0.714,0.0,0,0.0,0,0,0,0,0,1,0,1,1,1,0,12192.0,2,1,1,0,1,0,1,0,8.2,269.1,0,0,0,0,0,1
66000,0.0,0.0,0,0,0,0,7.663,0.0,0,0,0,0,0.714,0.0,0,0.0,0,0,0,0,0,1,0,1,1,1,0,12192.0,2,1,1,0,1,0,1,0,8.5,274.8,0,0,0,0,0,1
66100,0.0,0.0,0,0,0,0,7.663,0.0,0,0,0,0,0.714,0.0,0,0.0,0,0,0,0,0,1,0,1,1,1,0,12192.0,2,1,1,0,1,0,1,0,7.8,272.4,0,0,0,0,0,1
66200,0.0,0.0,0,0,0,0,7.663,0.0,0,0,0,0,0.714,0.0,0,0.0,0,0,0,0,0,1,0,1,1,1,0,12192.0,2,1,1,0,1,0,1,0,9.1,272.4,0,0,0,0,0,1
66300,0.0,0.0,0,0,0,0,7.663,0.0,0,0,0,0,0.714,0.0,0,0.0,0,0,0,0,0,1,0,1,1,1,0,12192.0,2,1,1,0,1,0,1,0,8.1,266.7,0,0,0,0,0,1
66400,0.0,0.0,0,0,0,0,7.663,0.0,0,0,0,0,0.714,0.0,0,0.0,0,0,0,0,0,1,0,1,1,1,0,12192.0,2,1,1,0,1,0,1,0,8.9,270.1,0,0,0,0,0,1
66500,0.0,0.0,0,0,0,0,7.663,0.0,0,0,0,0,0.714,0.0,0,0.0,0,0,0,0,0,1,0,1,1,1,0,12192.0,2,1,1,0,1,0,1,0,8.3,274.4,0,0,0,0,0,1
66600,0.0,0.0,0,0,0,0,7.663,0.0,0,0,0,0,0.714,0.0,0,0.0,0,0,0,0,0,1,0,1,1,1,0,12192.0,2,1,1,0,1,0,1,0,8.2,272.8,0,0,0,0,0,1
66700,0.0,0.0,0,0,0,0,7.663,0.0,0,0,0,0,0.714,0.0,0,0.0,0,0,0,0,0,1,0,1,1,1,0,12192.0,2,1,1,0,1,0,1,0,8.6,269.4,0,0,0,0,0,1
66800,0.0,0.0,0,0,0,0,7.663,0.0,0,0,0,0,0.714,0.0,0,0.0,0,0,0,0,0,1,0,1,1,1,0,12192.0,2,1,1,0,1,0,1,0,8.6,269.7,0,0,0,0,0,1
66900,0.0,0.0,0,0,0,0,7.663,0.0,0,0,0,0,0.714,0.0,0,0.0,0,0,0,0,0,1,0,1,1,1,0,12192.0,2,1,1,0,1,0,1,0,8.5,269.9,0,0,0,0,0,1
67000,0.0,0.0,0,0,0,0,7.663,0.0,0,0,0,0,0.714,0.0,0,0.0,0,0,0,0,0,1,0,1,1,1,0,12192.0,2,1,1,0,1,0,1,0,8.1,269.9,0,0,0,0,0,1
67100,0.0,0.0,0,0,0,0,7.663,0.0,0,0,0,0,0.714,0.0,0,0.0,0,0,0,0,0,1,0,1,1,1,0,12192.0,2,1,1,0,1,0,1,0,8.3,272.1,0,0,0,0,0,1
67200,0.0,0.0,0,0,0,0,7.663,0.0,0,0,0,0,0.714,0.0,0,0.0,0,0,0,0,0,1,0,1,1,1,0,12192.0,2,1,1,0,1,0,1,0,8.2,271.0,0,0,0,0,0,1
67300,0.0,0.0,0,0,1,0,7.663,0.0,0,0,1,0,0.718,0.048,1,0.0,0,0,1,1,0,1,0,1,0,0,0,12192.0,2,1,1,1,0,0,1,0,8.4,269.6,0,0,0,0,0,1
67400,0.0,0.0,0,0,1,0,7.663,0.0,0,0,1,0,0.728,0.096,1,0.0,0,0,1,1,0,1,0,1,0,0,0,12192.0,2,1,1,1,0,0,1,0,7.5,266.0,0,0,0,0,0,1
67500,0.0,0.0,0,0,1,0,7.663,0.0,0,0,1,0,0.742,0.144,1,0.0,0,0,1,1,0,1,0,1,0,0,0,12192.0,2,1,1,1,0,0,1,0,8.1,268.8,0,0,0,0,0,1
67600,0.0,0.0,0,0,1,0,7.663,0.0,0,0,1,0,0.762,0.192,1,0.0,0,0,1,1,0,1,0,1,0,0,0,12192.0,2,1,1,1,0,0,1,0,8.3,271.7,0,0,0,0,0,1
67700,0.0,0.0,0,0,1,0,7.663,0.0,0,0,1,0,0.786,0.24,1,0.0,0,0,1,1,0,1,0,1,0,0,0,12192.0,2,1,1,1,0,0,1,0,7.6,271.8,0,0,0,0,0,1
67800,0.0,0.0,0,0,1,0,7.663,0.0,0,0,1,0,0.814,0.288,1,0.0,0,0,1,1,0,1,0,1,0,0,0,12192.0,2,1,1,1,0,0,1,0,7.5,268.3,0,0,0,0,0,1
67900,0.0,0.0,0,0,1,0,7.663,0.0,0,0,1,0,0.848,0.336,1,0.0,0,0,1,1,0,1,0,1,0,0,0,12192.0,2,1,1,1,0,0,1,0,7.6,273.6,0,0,0,0,0,1
68000,0.0,0.0,0,0,1,0,7.663,0.0,0,0,1,0,0.886,0.384,1,0.0,0,0,1,1,0,1,0,1,0,0,0,12192.0,2,1,1,1,0,0,1,0,7.7,269.7,0,0,0,0,0,1
68100,0.0,0.0,0,0,1,0,7.663,0.0,0,0,1,0,0.93,0.432,1,0.0,0,0,1,1,0,1,0,1,0,0,0,12192.0,2,1,1,1,0,0,1,0,7.9,267.3,0,0,0,0,0,1
68200,0.0,0.0,0,0,1,0,7.663,0.0,0,0,1,0,0.978,0.48,1,0.0,0,0,1,1,0,1,0,1,0,0,0,12192.0,2,1,1,1,0,0,1,0,7.9,269.2,0,0,0,0,0,1
68300,0.0,0.0,0,0,1,0,7.663,0.0,0,0,1,0,1.031,0.528,1,0.0,0,0,1,1,0,1,0,1,0,0,0,12192.0,2,1,1,1,0,0,1,0,8.1,266.0,0,0,0,0,0,1
68400,0.0,0.0,0,0,1,0,7.663,0.0,0,0,1,0,1.088,0.576,1,0.0,0,0,1,1,0,1,0,1,0,0,0,12192.0,2,1,1,1,0,0,1,0,7.4,270.6,0,0,0,0,0,1
68500,0.0,0.0,0,0,1,0,7.663,0.0,0,0,1,0,1.151,0.624,1,0.0,0,0,1,1,0,1,0,1,0,0,0,12192.0,2,1,1,1,0,0,1,0,7.0,265.6,0,0,0,0,0,1
68600,0.0,0.0,0,0,1,0,7.663,0.0,0,0,1,0,1.218,0.672,1,0.0,0,0,1,1,0,1,0,1,0,0,0,12192.0,2,1,1,1,0,0,1,0,8.0,268.0,0,0,0,0,0,1
68700,0.0,0.0,0,0,1,0,7.663,0.0,0,0,1,0,1.29,0.72,1,0.0,0,0,1,1,0,1,0,1,0,0,0,12192.0,2,1,1,1,0,0,1,0,6.8,274.9,0,0,0,0,0,1
68800,0.0,0.0,0,0,1,0,7.663,0.0,0,0,1,0,1.367,0.768,1,0.0,0,0,1,1,0,1,0,1,0,0,0,12192.0,2,1,1,1,0,0,1,0,7.2,269.2,0,0,0,0,0,1
68900,0.0,0.0,0,0,1,0,7.663,0.0,0,0,1,0,1.448,0.816,1,0.0,0,0,1,1,0,1,0,1,0,0,0,12192.0,2,1,1,1,0,0,1,0,7.2,270.0,0,0,0,0,0,1
69000,0.0,0.0,0,0,1,0,7.663,0.0,0,0,1,0,1.535,0.864,1,0.0,0,0,1,1,0,1,0,1,0,0,0,12192.0,2,1,1,1,0,0,1,0,8.7,268.6,0,0,0,0,0,1
69100,0.0,0.0,0,0,1,0,7.663,0.0,0,0,1,0,1.626,0.912,1,0.0,0,0,1,1,0,1,0,1,0,0,0,12192.0,2,1,1,1,0,0,1,0,8.1,271.1,0,0,0,0,0,1
69200,0.0,0.0,0,0,1,0,7.663,0.0,0,0,1,0,1.722,0.961,1,0.0,0,0,1,1,0,1,0,1,0,0,0,12192.0,2,1,1,1,0,0,1,0,6.9,270.8,0,0,0,0,0,1
69300,0.0,0.0,0,0,1,0,7.663,0.0,0,0,1,0,1.823,1.009,1,0.0,0,0,1,1,0,1,0,1,0,0,0,12192.0,2,1,1,1,0,0,1,0,7.1,265.7,0,0,0,0,0,1
69400,0.0,0.0,0,0,1,0,7.663,0.0,0,0,1,0,1.929,1.057,1,0.0,0,0,1,1,0,1,0,1,0,0,0,12192.0,2,1,1,1,0,0,1,0,6.9,269.6,0,0,0,0,0,1
69500,0.0,0.0,0,0,1,0,7.663,0.0,0,0,1,0,2.039,1.105,1,0.0,0,0,1,1,0,1,0,1,0,0,0,12192.0,2,1,1,1,0,0,1,0,7.9,271.4,0,0,0,0,0,1
69600,0.0,0.0,0,0,1,0,7.663,0.0,0,0,1,0,2.154,1.153,1,0.0,0,0,1,1,0,1,0,1,0,0,0,12192.0,2,1,1,1,0,0,1,0,7.1,273.7,0,0,0,0,0,1
69700,0.0,0.0,0,0,1,0,7.663,0.0,0,0,1,0,2.274,1.201,1,0.0,0,0,1,1,0,1,0,1,0,0,0,12192.0,2,1,1,1,0,0,1,0,6.7,271.5,0,0,0,0,0,1
69800,0.0,0.0,0,0,1,0,7.663,0.0,0,0,1,0,2.399,1.241,1,0.0,0,0,1,1,0,1,0,1,0,0,0,12192.0,2,1,1,1,0,0,1,0,7.9,269.6,0,0,0,0,0,1
69900,0.0,0.0,0,0,1,0,7.663,0.0,0,0,1,0,2.523,1.241,1,0.0,0,0,1,1,0,1,0,1,0,0,0,12192.0,2,1,1,1,0,0,1,0,7.7,272.9,0,0,0,0,0,1
70000,0.0,0.0,0,0,1,0,7.663,0.0,0,0,1,0,2.647,1.241,1,0.0,0,0,1,1,0,1,0,1,0,0,0,12192.0,2,1,1,1,0,0,1,0,7.4,270.9,0,0,0,0,0,1
70100,0.0,0.0,0,0,1,0,7.663,0.0,0,0,1,0,2.771,1.241,1,0.0,0,0,1,1,0,1,0,1,0,0,0,12192.0,2,1,1,1,0,0,1,0,7.9,267.4,0,0,0,0,0,1
70200,0.0,0.0,0,0,1,0,7.663,0.0,0,0,1,0,2.895,1.241,1,0.0,0,0,1,1,0,1,0,1,0,0,0,12192.0,2,1,1,1,0,0,1,0,7.4,270.8,0,0,0,0,0,1
70300,0.0,0.0,0,0,1,0,7.663,0.0,0,0,1,0,3.019,1.241,1,0.0,0,0,1,1,0,1,0,1,0,0,0,12192.0,2,1,1,1,0,0,1,0,7.0,271.5,0,0,0,0,0,1
70400,0.0,0.0,0,0,1,0,7.663,0.0,0,0,1,0,3.143,1.241,1,0.0,0,0,1,1,0,1,0,1,0,0,0,12192.0,2,1,1,1,0,0,1,0,7.7,272.9,0,0,0,0,0,1
70500,0.0,0.0,0,0,1,0,7.663,0.0,0,0,1,0,3.267,1.241,1,0.0,0,0,1,1,0,1,0,1,0,0,0,12192.0,2,1,1,1,0,0,1,0,7.6,270.9,0,0,0,0,0,1
70600,0.0,0.0,0,0,1,0,7.663,0.0,0,0,1,0,3.391,1.241,1,0.0,0,0,1,1,0,1,0,1,0,0,0,12192.0,2,1,1,1,0,0,1,0,7.1,270.7,0,0,0,0,0,1
70700,0.0,0.0,0,0,1,0,7.663,0.0,0,0,1,0,3.515,1.241,1,0.0,0,0,1,1,0,1,0,1,0,0,0,12192.0,2,1,1,1,0,0,1,0,7.7,267.8,0,0,0,0,0,1
70800,0.0,0.0,0,0,1,0,7.663,0.0,0,0,1,0,3.639,1.241,1,0.0,0,0,1,1,0,1,0,1,0,0,0,12192.0,2,1,1,1,0,0,1,0,7.2,266.8,0,0,0,0,0,1
70900,0.0,0.0,0,0,1,0,7.663,0.0,0,0,1,0,3.764,1.241,1,0.0,0,0,1,1,0,1,0,1,0,0,0,12192.0,2,1,1,1,0,0,1,0,7.0,270.3,0,0,0,0,0,1
71000,0.0,0.0,0,0,1,0,7.663,0.0,0,0,1,0,3.888,1.241,1,0.0,0,0,1,1,0,1,0,1,0,0,0,12192.0,2,1,1,1,0,0,1,0,7.1,272.1,0,0,0,0,0,1
71100,0.0,0.0,0,0,1,0,7.663,0.0,0,0,1,0,4.012,1.241,1,0.0,0,0,1,1,0,1,0,1,0,0,0,12192.0,2,1,1,1,0,0,1,0,8.1,273.2,0,0,0,0,0,1
71200,0.0,0.0,0,0,1,0,7.663,0.0,0,0,1,0,4.136,1.241,1,0.0,0,0,1,1,0,1,0,1,0,0,0,12192.0,2,1,1,1,0,0,1,0,8.2,269.2,0,0,0,0,0,1
71300,0.0,0.0,0,0,1,0,7.663,0.0,0,0,1,0,4.26,1.241,1,0.0,0,0,1,1,0,1,0,1,0,0,0,12192.0,2,1,1,1,0,0,1,0,7.6,271.7,0,0,0,0,0,1
71400,0.0,0.0,0,0,1,0,7.663,0.0,0,0,1,0,4.384,1.241,1,0.0,0,0,1,1,0,1,0,1,0,0,0,12192.0,2,1,1,1,0,0,1,0,7.9,268.6,0,0,0,0,0,1
71500,0.0,0.0,0,0,1,0,7.663,0.0,0,0,1,0,4.508,1.241,1,0.0,0,0,1,1,0,1,0,1,0,0,0,12192.0,2,1,1,1,0,0,1,0,7.1,265.8,0,0,0,0,0,1
71600,0.0,0.0,0,0,1,0,7.663,0.0,0,0,1,0,4.632,1.241,1,0.0,0,0,1,1,0,1,0,1,0,0,0,12192.0,2,1,1,1,0,0,1,0,7.3,271.3,0,0,0,0,0,1
71700,0.0,0.0,0,0,1,0,7.663,0.0,0,0,1,0,4.756,1.241,1,0.0,0,0,1,1,0,1,0,1,0,0,0,12192.0,2,1,1,1,0,0,1,0,8.4,270.3,0,0,0,0,0,1
71800,0.0,0.0,0,0,1,0,7.663,0.0,0,0,1,0,4.88,1.241,1,0.0,0,0,1,1,0,1,0,1,0,0,0,12192.0,2,1,1,1,0,0,1,0,8.7,271.8,0,0,0,0,0,1
71900,0.0,0.0,0,0,1,0,7.663,0.0,0,0,1,0,5.004,1.241,1,0.0,0,0,1,1,0,1,0,1,0,0,0,12192.0,2,1,1,1,0,0,1,0,8.1,269.2,0,0,0,0,0,1
72000,0.0,0.0,0,0,1,0,7.663,0.0,0,0,1,0,5.129,1.241,1,0.0,0,0,1,1,0,1,0,1,0,0,0,12192.0,2,1,1,1,0,0,1,0,8.1,269.0,0,0,0,0,0,1
72100,0.0,0.0,0,0,1,0,7.663,0.0,0,0,1,0,5.253,1.241,1,0.0,0,0,1,1,0,1,0,1,0,0,0,12192.0,2,1,1,1,0,0,1,0,7.9,272.6,0,0,0,0,0,1
72200,0.0,0.0,0,0,1,0,7.663,0.0,0,0,1,0,5.377,1.241,1,0.0,0,0,1,1,0,1,0,1,0,0,0,12192.0,2,1,1,1,0,0,1,0,8.7,272.4,0,0,0,0,0,1
72300,0.0,0.0,0,0,1,0,7.663,0.0,0,0,1,0,5.501,1.241,1,0.0,0,0,1,1,0,1,0,1,0,0,0,12192.0,2,1,1,1,0,0,1,0,8.4,274.8,0,0,0,0,0,1
72400,0.0,0.0,0,0,1,0,7.663,0.0,0,0,1,0,5.625,1.241,1,0.0,0,0,1,1,0,1,0,1,0,0,0,12192.0,2,1,1,1,0,0,1,0,8.2,267.0,0,0,0,0,0,1
72500,0.0,0.0,0,0,1,0,7.663,0.0,0,0,1,0,5.749,1.241,1,0.0,0,0,1,1,0,1,0,1,0,0,0,12192.0,2,1,1,1,0,0,1,0,8.9,272.7,0,0,0,0,0,1
72600,0.0,0.0,0,0,1,0,7.663,0.0,0,0,1,0,5.873,1.241,1,0.0,0,0,1,1,0,1,0,1,0,0,0,12192.0,2,1,1,1,0,0,1,0,8.1,271.3,0,0,0,0,0,1
72700,0.0,0.0,0,0,1,0,7.663,0.0,0,0,1,0,5.997,1.241,1,0.0,0,0,1,1,0,1,0,1,0,0,0,12192.0,2,1,1,1,0,0,1,0,8.1,266.6,0,0,0,0,0,1
72800,0.0,0.0,0,0,1,0,7.663,0.0,0,0,1,0,6.121,1.241,1,0.0,0,0,1,1,0,1,0,1,0,0,0,12192.0,2,1,1,1,0,0,1,0,8.1,266.3,0,0,0,0,0,1
72900,0.0,0.0,0,0,1,0,7.663,0.0,0,0,1,0,6.245,1.241,1,0.0,0,0,1,1,0,1,0,1,0,0,0,12192.0,2,1,1,1,0,0,1,0,8.1,270.8,0,0,0,0,0,1
73000,0.0,0.0,0,0,1,0,7.663,0.0,0,0,1,0,6.37,1.241,1,0.0,0,0,1,1,0,1,0,1,0,0,0,12192.0,2,1,1,1,0,0,1,0,8.8,271.3,0,0,0,0,0,1
73100,0.0,0.0,0,0,1,0,7.663,0.0,0,0,1,0,6.494,1.241,1,0.0,0,0,1,1,0,1,0,1,0,0,0,12192.0,2,1,1,1,0,0,1,0,8.5,272.7,0,0,0,0,0,1
73200,0.0,0.0,0,0,1,0,7.663,0.0,0,0,1,0,6.618,1.241,1,0.0,0,0,1,1,0,1,0,1,0,0,0,12192.0,2,1,1,1,0,0,1,0,8.3,268.0,0,0,0,0,0,1
73300,0.0,0.0,0,0,1,0,7.663,0.0,0,0,1,0,6.742,1.241,1,0.0,0,0,1,1,0,1,0,1,0,0,0,12192.0,2,1,1,1,0,0,1,0,9.0,266.9,0,0,0,0,0,1
73400,0.0,0.0,0,0,1,0,7.663,0.0,0,0,1,0,6.866,1.241,1,0.0,0,0,1,1,0,1,0,1,0,0,0,12192.0,2,1,1,1,0,0,1,0,8.6,269.4,0,0,0,0,0,1
73500,0.0,0.0,0,0,1,0,7.663,0.0,0,0,1,0,6.99,1.241,1,0.0,0,0,1,1,0,1,0,1,0,0,0,12192.0,2,1,1,1,0,0,1,0,8.7,267.3,0,0,0,0,0,1
73600,0.0,0.0,0,0,1,0,7.663,0.0,0,0,1,0,7.114,1.241,1,0.0,0,0,1,1,0,1,0,1,0,0,0,12192.0,2,1,1,1,0,0,1,0,8.6,272.2,0,0,0,0,0,1
73700,0.0,0.0,0,0,1,0,7.663,0.0,0,0,1,0,7.238,1.241,1,0.0,0,0,1,1,0,1,0,1,0,0,0,12192.0,2,1,1,1,0,0,1,0,8.0,263.8,0,0,0,0,0,1
73800,0.0,0.0,0,0,1,0,7.663,0.0,0,0,1,0,7.362,1.241,1,0.0,0,0,1,1,0,1,0,1,0,0,0,12192.0,2,1,1,1,0,0,1,0,8.4,268.7,0,0,0,0,0,1
73900,0.0,0.0,0,0,1,0,7.663,0.0,0,0,1,0,7.486,1.241,1,0.0,0,0,1,1,0,1,0,1,0,0,0,12192.0,2,1,1,1,0,0,1,0,8.4,274.1,0,0,0,0,0,1
74000,0.0,0.0,0,0,1,0,7.663,0.0,0,0,1,0,7.61,1.241,1,0.0,0,0,1,1,0,1,0,1,0,0,0,12192.0,2,1,1,1,0,0,1,0,8.7,274.6,0,0,0,0,0,1
74100,0.0,0.0,0,0,1,0,7.663,0.0,0,0,1,0,7.735,1.241,1,0.0,0,0,1,1,0,1,0,1,0,0,0,12192.0,2,1,1,1,0,0,1,0,8.3,269.5,0,0,0,0,0,1
74200,0.0,0.0,0,0,1,0,7.663,0.0,0,0,1,0,7.859,1.241,1,0.0,0,0,1,1,0,1,0,1,0,0,0,12192.0,2,1,1,1,0,0,1,0,9.0,267.7,0,0,0,0,0,1
74300,0.0,0.0,0,0,1,0,7.663,0.0,0,0,1,0,7.983,1.241,1,0.0,0,0,1,1,0,1,0,1,0,0,0,12192.0,2,1,1,1,0,0,1,0,9.0,272.1,0,0,0,0,0,1
74400,0.0,0.0,0,0,1,0,7.663,0.0,0,0,1,0,8.107,1.241,1,0.0,0,0,1,1,0,1,0,1,0,0,0,12192.0,2,1,1,1,0,0,1,0,8.0,271.1,0,0,0,0,0,1
74500,0.0,0.0,0,0,1,0,7.663,0.0,0,0,1,0,8.231,1.241,1,0.0,0,0,1,1,0,1,0,1,0,0,0,12192.0,2,1,1,1,0,0,1,0,8.8,272.7,0,0,0,0,0,1
74600,0.0,0.0,0,0,1,0,7.663,0.0,0,0,1,0,8.355,1.241,1,0.0,0,0,1,1,0,1,0,1,0,0,0,12192.0,2,1,1,1,0,0,1,0,8.4,271.0,0,0,0,0,0,1
74700,0.0,0.0,0,0,1,0,7.663,0.0,0,0,1,0,8.479,1.241,1,0.0,0,0,1,1,0,1,0,1,0,0,0,12192.0,2,1,1,1,0,0,1,0,9.0,269.6,0,0,0,0,0,1
74800,0.0,0.0,0,0,1,0,7.663,0.0,0,0,1,0,8.603,1.241,1,0.0,0,0,1,1,0,1,0,1,0,0,0,12192.0,2,1,1,1,0,0,1,0,8.6,268.9,0,0,0,0,0,1
74900,0.0,0.0,0,0,1,0,7.663,0.0,0,0,1,0,8.727,1.241,1,0.0,0,0,1,1,0,1,0,1,0,0,0,12192.0,2,1,1,1,0,0,1,0,9.3,270.3,0,0,0,0,0,1
75000,0.0,0.0,0,0,1,0,7.663,0.0,0,0,1,0,8.851,1.241,1,0.0,0,0,1,1,0,1,0,1,0,0,0,12192.0,2,1,1,1,0,0,1,0,8.2,273.0,0,0,0,0,0,1
75100,0.0,0.0,0,0,1,0,7.663,0.0,0,0,1,0,8.976,1.241,1,0.0,0,0,1,1,0,1,0,1,0,0,0,12192.0,2,1,1,1,0,0,1,0,8.5,268.6,0,0,0,0,0,1
75200,0.0,0.0,0,0,1,0,7.663,0.0,0,0,1,0,9.1,1.241,1,0.0,0,0,1,1,0,1,0,1,0,0,0,12192.0,2,1,1,1,0,0,1,0,8.6,266.2,0,0,0,0,0,1
75300,0.0,0.0,0,0,1,0,7.663,0.0,0,0,1,0,9.224,1.241,1,0.0,0,0,1,1,0,1,0,1,0,0,0,12192.0,2,1,1,1,0,0,1,0,8.0,268.8,0,0,0,0,0,1
75400,0.0,0.0,0,0,1,0,7.663,0.0,0,0,1,0,9.348,1.241,1,0.0,0,0,1,1,0,1,0,1,0,0,0,12192.0,2,1,1,1,0,0,1,0,8.3,265.7,0,0,0,0,0,1
75500,0.0,0.0,0,0,1,0,7.663,0.0,0,0,1,0,9.472,1.241,1,0.0,0,0,1,1,0,1,0,1,0,0,0,12192.0,2,1,1,1,0,0,1,0,8.2,273.3,0,0,0,0,0,1
75600,0.0,0.0,0,0,1,0,7.663,0.0,0,0,1,0,9.596,1.241,1,0.0,0,0,1,1,0,1,0,1,0,0,0,12192.0,2,1,1,1,0,0,1,0,8.5,270.8,0,0,0,0,0,1
75700,0.0,0.0,0,0,1,0,7.663,0.0,0,0,1,0,9.72,1.241,1,0.0,0,0,1,1,0,1,0,1,0,0,0,12192.0,2,1,1,1,0,0,1,0,8.1,270.1,0,0,0,0,0,1
75800,0.0,0.0,0,0,1,0,7.663,0.0,0,0,1,0,9.844,1.241,1,0.0,0,0,1,1,0,1,0,1,0,0,0,12192.0,2,1,1,1,0,0,1,0,7.8,267.0,0,0,0,0,0,1
75900,0.0,0.0,0,0,1,0,7.663,0.0,0,0,1,0,9.968,1.241,1,0.0,0,0,1,1,0,1,0,1,0,0,0,12192.0,2,1,1,1,0,0,1,0,7.9,271.1,0,0,0,0,0,1
76000,0.0,0.0,0,0,1,0,7.663,0.0,0,0,1,0,10.092,1.241,1,0.0,0,0,1,1,0,1,0,1,0,0,0,12192.0,2,1,1,1,0,0,1,0,7.5,267.2,0,0,0,0,0,1
76100,0.0,0.0,0,0,1,0,7.663,0.0,0,0,1,0,10.216,1.241,1,0.0,0,0,1,1,0,1,0,1,0,0,0,12192.0,2,1,1,1,0,0,1,0,8.3,268.7,0,0,0,0,0,1
76200,0.0,0.0,0,0,1,0,7.663,0.0,0,0,1,0,10.341,1.241,1,0.0,0,0,1,1,0,1,0,1,0,0,0,12192.0,2,1,1,1,0,0,1,0,8.3,269.7,0,0,0,0,0,1
76300,0.0,0.0,0,0,1,0,7.663,0.0,0,0,1,0,10.465,1.241,1,0.0,0,0,1,1,0,1,0,1,0,0,0,12192.0,2,1,1,1,0,0,1,0,8.3,269.8,0,0,0,0,0,1
76400,0.0,0.0,0,0,1,0,7.663,0.0,0,0,1,0,10.589,1.241,1,0.0,0,0,1,1,0,1,0,1,0,0,0,12192.0,2,1,1,1,0,0,1,0,7.4,270.6,0,0,0,0,0,1
76500,0.0,0.0,0,0,1,0,7.663,0.0,0,0,1,0,10.713,1.241,1,0.0,0,0,1,1,0,1,0,1,0,0,0,12192.0,2,1,1,1,0,0,1,0,7.6,274.1,0,0,0,0,0,1
76600,0.0,0.0,0,0,1,0,7.663,0.0,0,0,1,0,10.837,1.241,1,0.0,0,0,1,1,0,1,0,1,0,0,0,12192.0,2,1,1,1,0,0,1,0,7.7,268.9,0,0,0,0,0,1
76700,0.0,0.0,0,0,1,0,7.663,0.0,0,0,1,0,10.961,1.241,1,0.0,0,0,1,1,0,1,0,1,0,0,0,12192.0,2,1,1,1,0,0,1,0,7.7,270.9,0,0,0,0,0,1
76800,0.0,0.0,0,0,1,0,7.663,0.0,0,0,1,0,11.085,1.241,1,0.0,0,0,1,1,0,1,0,1,0,0,0,12192.0,2,1,1,1,0,0,1,0,6.9,268.6,0,0,0,0,0,1
76900,0.0,0.0,0,0,1,0,7.663,0.0,0,0,1,0,11.209,1.241,1,0.0,0,0,1,1,0,1,0,1,0,0,0,12192.0,2,1,1,1,0,0,1,0,8.0,269.2,0,0,0,0,0,1
77000,0.0,0.0,0,0,1,0,7.663,0.0,0,0,1,0,11.333,1.241,1,0.0,0,0,1,1,0,1,0,1,0,0,0,12192.0,2,1,1,1,0,0,1,0,7.9,274.5,0,0,0,0,0,1
77100,0.0,0.0,0,0,1,0,7.663,0.0,0,0,1,0,11.457,1.241,1,0.0,0,0,1,1,0,1,0,1,0,0,0,12192.0,2,1,1,1,0,0,1,0,7.3,265.4,0,0,0,0,0,1
77200,0.0,0.0,0,0,1,0,7.663,0.0,0,0,1,0,11.581,1.241,1,0.0,0,0,1,1,0,1,0,1,0,0,0,12192.0,2,1,1,1,0,0,1,0,8.1,269.3,0,0,0,0,0,1
77300,0.0,0.0,0,0,1,0,7.663,0.0,0,0,1,0,11.706,1.241,1,0.0,0,0,1,1,0,1,0,1,0,0,0,12192.0,2,1,1,1,0,0,1,0,6.8,267.9,0,0,0,0,0,1
77400,0.0,0.0,0,0,1,0,7.663,0.0,0,0,1,0,11.83,1.241,1,0.0,0,0,1,1,0,1,0,1,0,0,0,12192.0,2,1,1,1,0,0,1,0,7.7,266.0,0,0,0,0,0,1
77500,0.0,0.0,0,0,1,0,7.663,0.0,0,0,1,0,11.954,1.241,1,0.0,0,0,1,1,0,1,0,1,0,0,0,12192.0,2,1,1,1,0,0,1,0,7.6,269.4,0,0,0,0,0,1
77600,0.0,0.0,0,0,1,0,7.663,0.0,0,0,1,0,12.078,1.241,1,0.0,0,0,1,1,0,1,0,1,0,0,0,12192.0,2,1,1,1,0,0,1,0,7.4,264.8,0,0,0,0,0,1
77700,0.0,0.0,0,0,1,0,7.663,0.0,0,0,1,0,12.202,1.241,1,0.0,0,0,1,1,0,1,0,1,0,0,0,12192.0,2,1,1,1,0,0,1,0,7.1,272.8,0,0,0,0,0,1
77800,0.0,0.0,0,0,1,0,7.663,0.0,0,0,1,0,12.326,1.241,1,0.0,0,0,1,1,0,1,0,1,0,0,0,12192.0,2,1,1,1,0,0,1,0,7.9,269.7,0,0,0,0,0,1
77900,0.0,0.0,0,0,1,0,7.663,0.0,0,0,1,0,12.45,1.241,1,0.0,0,0,1,1,0,1,0,1,0,0,0,12192.0,2,1,1,1,0,0,1,0,7.0,270.0,0,0,0,0,0,1
78000,0.0,0.0,0,0,1,0,7.663,0.0,0,0,1,0,12.574,1.241,1,0.0,0,0,1,1,0,1,0,1,0,0,0,12192.0,2,1,1,1,0,0,1,0,7.7,271.3,0,0,0,0,0,1
78100,0.0,0.0,0,0,1,0,7.663,0.0,0,0,1,0,12.698,1.241,1,0.0,0,0,1,1,0,1,0,1,0,0,0,12192.0,2,1,1,1,0,0,1,0,7.3,270.7,0,0,0,0,0,1
78200,0.0,0.0,0,0,1,0,7.663,0.0,0,0,1,0,12.822,1.241,1,0.0,0,0,1,1,0,1,0,1,0,0,0,12192.0,2,1,1,1,0,0,1,0,6.2,272.8,0,0,0,0,0,1
78300,0.0,0.0,0,0,1,0,7.663,0.0,0,0,1,0,12.942,1.193,1,0.0,0,0,1,1,0,1,0,1,0,0,0,12192.0,2,1,1,1,0,0,1,0,7.3,265.1,0,0,0,0,0,1
78400,0.0,0.0,0,0,1,0,7.663,0.0,0,0,1,0,13.056,1.145,1,0.0,0,0,1,1,0,1,0,1,0,0,0,12192.0,2,1,1,1,0,0,1,0,8.2,269.4,0,0,0,0,0,1
78500,0.0,0.0,0,0,1,0,7.663,0.0,0,0,1,0,13.166,1.097,1,0.0,0,0,1,1,0,1,0,1,0,0,0,12192.0,2,1,1,1,0,0,1,0,6.5,271.0,0,0,0,0,0,1
78600,0.0,0.0,0,0,1,0,7.663,0.0,0,0,1,0,13.271,1.049,1,0.0,0,0,1,1,0,1,0,1,0,0,0,12192.0,2,1,1,1,0,0,1,0,7.1,271.8,0,0,0,0,0,1
78700,0.0,0.0,0,0,1,0,7.663,0.0,0,0,1,0,13.371,1.001,1,0.0,0,0,1,1,0,1,0,1,0,0,0,12192.0,2,1,1,1,0,0,1,0,7.8,268.7,0,0,0,0,0,1
78800,0.0,0.0,0,0,1,0,7.663,0.0,0,0,1,0,13.466,0.953,1,0.0,0,0,1,1,0,1,0,1,0,0,0,12192.0,2,1,1,1,0,0,1,0,7.0,267.7,0,0,0,0,0,1
78900,0.0,0.0,0,0,1,0,7.663,0.0,0,0,1,0,13.557,0.905,1,0.0,0,0,1,1,0,1,0,1,0,0,0,12192.0,2,1,1,1,0,0,1,0,7.6,271.4,0,0,0,0,0,1
79000,0.0,0.0,0,0,1,0,7.663,0.0,0,0,1,0,13.642,0.857,1,0.0,0,0,1,1,0,1,0,1,0,0,0,12192.0,2,1,1,1,0,0,1,0,7.1,270.3,0,0,0,0,0,1
79100,0.0,0.0,0,0,1,0,7.663,0.0,0,0,1,0,13.723,0.809,1,0.0,0,0,1,1,0,1,0,1,0,0,0,12192.0,2,1,1,1,0,0,1,0,7.0,272.4,0,0,0,0,0,1
79200,0.0,0.0,0,0,1,0,7.663,0.0,0,0,1,0,13.799,0.761,1,0.0,0,0,1,1,0,1,0,1,0,0,0,12192.0,2,1,1,1,0,0,1,0,7.9,267.0,0,0,0,0,0,1
79300,0.0,0.0,0,0,1,0,7.663,0.0,0,0,1,0,13.87,0.713,1,0.0,0,0,1,1,0,1,0,1,0,0,0,12192.0,2,1,1,1,0,0,1,0,7.1,269.7,0,0,0,0,0,1
79400,0.0,0.0,0,0,1,0,7.663,0.0,0,0,1,0,13.942,0.714,1,0.0,0,0,1,1,0,1,0,1,0,0,0,12192.0,2,1,1,1,0,0,1,0,7.7,266.7,0,0,0,0,0,1
79500,0.0,0.0,0,0,1,0,7.663,0.0,0,0,1,0,14.008,0.664,1,0.0,0,0,1,1,0,1,0,1,0,0,0,12192.0,2,1,1,1,0,0,1,0,7.8,270.6,0,0,0,0,0,1
79600,0.0,0.0,0,0,1,0,7.663,0.0,0,0,1,0,14.07,0.614,1,0.0,0,0,1,1,0,1,0,1,0,0,0,12192.0,2,1,1,1,0,0,1,0,8.1,270.4,0,0,0,0,0,1
79700,0.0,0.0,0,0,1,0,7.663,0.0,0,0,1,0,14.126,0.564,1,0.0,0,0,1,1,0,1,0,1,0,0,0,12192.0,2,1,1,1,0,0,1,0,7.0,269.5,0,0,0,0,0,1
79800,0.0,0.0,0,0,1,0,7.663,0.0,0,0,1,0,14.177,0.514,1,0.0,0,0,1,1,0,1,0,1,0,0,0,12192.0,2,1,1,1,0,0,1,0,8.4,272.7,0,0,0,0,0,1
79900,0.0,0.0,0,0,1,0,7.663,0.0,0,0,1,0,14.224,0.463,1,0.0,0,0,1,1,0,1,0,1,0,0,0,12192.0,2,1,1,1,0,0,1,0,7.5,269.0,0,0,0,0,0,1
80000,0.0,0.0,0,0,1,0,7.663,0.0,0,0,1,0,14.265,0.412,1,0.0,0,0,1,1,0,1,0,1,0,0,0,12192.0,2,1,1,1,0,0,1,0,7.8,270.3,0,0,0,0,0,1
80100,0.0,0.0,0,0,1,0,7.663,0.0,0,0,1,0,14.301,0.361,1,0.0,0,0,1,1,0,1,0,1,0,0,0,12192.0,2,1,1,1,0,0,1,0,7.5,270.8,0,0,0,0,0,1
80200,0.0,0.0,0,0,1,0,7.663,0.0,0,0,1,0,14.332,0.309,1,0.0,0,0,1,1,0,1,0,1,0,0,0,12192.0,2,1,1,1,0,0,1,0,7.8,268.4,0,0,0,0,0,1
80300,0.0,0.0,0,0,1,0,7.663,0.0,0,0,1,0,14.358,0.257,1,0.0,0,0,1,1,0,1,0,1,0,0,0,12192.0,2,1,1,1,0,0,1,0,7.4,273.9,0,0,0,0,0,1
80400,0.0,0.0,0,0,1,0,7.663,0.0,0,0,1,0,14.378,0.203,1,0.0,0,0,1,1,0,1,0,1,0,0,0,12192.0,2,1,1,1,0,0,1,0,7.6,273.6,0,0,0,0,0,1
80500,0.0,0.0,0,0,1,0,7.663,0.0,0,0,1,0,14.393,0.148,1,0.0,0,0,1,1,0,1,0,1,0,0,0,12192.0,2,1,1,1,0,0,1,0,8.8,268.6,0,0,0,0,0,1
80600,0.0,0.0,0,0,1,0,7.663,0.0,0,0,1,0,14.402,0.087,1,0.0,0,0,1,1,0,1,0,1,0,0,0,12192.0,2,1,1,1,0,0,1,0,7.8,271.7,0,0,0,0,0,1
80700,0.0,0.0,0,0,0,0,7.663,0.0,0,0,0,0,14.406,0.0,0,0.0,0,0,0,0,0,1,0,1,0,0,0,12192.0,2,1,1,0,1,0,1,0,8.2,269.4,0,0,0,0,0,1
