t_ms,GT_Position,GT_Velocity,GT_Direction,GT_Running,GT_Brake_Released,GT_Motor_Alarm,TR_Position,TR_Velocity,TR_Direction,TR_Running,TR_Brake_Released,TR_Motor_Alarm,HO_Position,HO_Velocity,HO_Direction,HO_Load,HO_Overload_Alarm,HO_Snag_Alarm,HO_Running,HO_Brake_Released,HO_Motor_Alarm,SP_Mode,SP_TwistLock_Locked,SP_TwistLock_Unlocked,SP_Landed,SP_Container_Detected,SP_Mismatch_Alarm,SP_Telescopic_Position,OP_Mode,OP_Power_On,OP_Ready,OP_Running,OP_Standby,OP_Emergency_Stop,OP_AntiSway_Active,OP_Cycle_Count_Today,ENV_Wind_Speed,ENV_Wind_Direction,ENV_Wind_Alarm,ALM_Active,ALM_Latest_Code,ALM_Latest_Severity,ALM_Latest_Source,COM_Link_Status
0,0.0,0.0,0,0,1,0,0.006,0.057,1,1,1,0,39.195,-0.052,0,0.0,0,0,1,1,0,1,0,1,0,0,0,12192.0,2,1,1,1,0,0,1,0,7.8,269.0,0,0,0,0,0,1
100,0.0,0.0,0,0,1,0,0.017,0.113,1,1,1,0,39.185,-0.103,0,0.0,0,0,1,1,0,1,0,1,0,0,0,12192.0,2,1,1,1,0,0,1,0,8.1,271.5,0,0,0,0,0,1
200,0.0,0.0,0,0,1,0,0.034,0.17,1,1,1,0,39.169,-0.155,0,0.0,0,0,1,1,0,1,0,1,0,0,0,12192.0,2,1,1,1,0,0,1,0,8.0,269.2,0,0,0,0,0,1
300,0.0,0.0,0,0,1,0,0.057,0.227,1,1,1,0,39.148,-0.207,0,0.0,0,0,1,1,0,1,0,1,0,0,0,12192.0,2,1,1,1,0,0,1,0,7.3,269.2,0,0,0,0,0,1
400,0.0,0.0,0,0,1,0,0.085,0.284,1,1,1,0,39.123,-0.258,0,0.0,0,0,1,1,0,1,0,1,0,0,0,12192.0,2,1,1,1,0,0,1,0,7.1,270.3,0,0,0,0,0,1
500,0.0,0.0,0,0,1,0,0.119,0.34,1,1,1,0,39.102,-0.207,0,0.0,0,0,1,1,0,1,0,1,0,0,0,12192.0,2,1,1,1,0,0,1,0,8.7,269.8,0,0,0,0,0,1
600,0.0,0.0,0,0,1,0,0.159,0.397,1,1,1,0,39.086,-0.155,0,0.0,0,0,1,1,0,1,0,1,0,0,0,12192.0,2,1,1,1,0,0,1,0,8.4,269.6,0,0,0,0,0,1
700,0.0,0.0,0,0,1,0,0.204,0.454,1,1,1,0,39.076,-0.103,0,0.0,0,0,1,1,0,1,0,1,0,0,0,12192.0,2,1,1,1,0,0,1,0,7.2,269.9,0,0,0,0,0,1
800,0.0,0.0,0,0,1,0,0.255,0.511,1,1,1,0,39.071,0.0,0,0.0,0,0,0,1,0,1,0,1,0,0,0,12192.0,2,1,1,1,0,0,1,0,8.1,270.5,0,0,0,0,0,1
900,0.0,0.0,0,0,1,0,0.312,0.567,1,1,1,0,39.071,0.0,0,0.0,0,0,0,1,0,1,0,1,0,0,0,12192.0,2,1,1,1,0,0,1,0,8.6,269.3,0,0,0,0,0,1
1000,0.0,0.0,0,0,1,0,0.374,0.624,1,1,1,0,39.071,0.0,0,0.0,0,0,0,1,0,1,0,1,0,0,0,12192.0,2,1,1,1,0,0,1,0,7.7,268.5,0,0,0,0,0,1
1100,0.0,0.0,0,0,1,0,0.443,0.681,1,1,1,0,39.071,0.0,0,0.0,0,0,0,1,0,1,0,1,0,0,0,12192.0,2,1,1,1,0,0,1,0,8.5,270.3,0,0,0,0,0,1
1200,0.0,0.0,0,0,1,0,0.516,0.738,1,1,1,0,39.071,0.0,0,0.0,0,0,0,1,0,1,0,1,0,0,0,12192.0,2,1,1,1,0,0,1,0,8.0,264.2,0,0,0,0,0,1
1300,0.0,0.0,0,0,1,0,0.596,0.794,1,1,1,0,39.071,0.0,0,0.0,0,0,0,1,0,1,0,1,0,0,0,12192.0,2,1,1,1,0,0,1,0,8.0,271.4,0,0,0,0,0,1
1400,0.0,0.0,0,0,1,0,0.681,0.851,1,1,1,0,39.071,0.0,0,0.0,0,0,0,1,0,1,0,1,0,0,0,12192.0,2,1,1,1,0,0,1,0,8.3,273.3,0,0,0,0,0,1
1500,0.0,0.0,0,0,1,0,0.772,0.908,1,1,1,0,39.071,0.0,0,0.0,0,0,0,1,0,1,0,1,0,0,0,12192.0,2,1,1,1,0,0,1,0,8.9,265.3,0,0,0,0,0,1
1600,0.0,0.0,0,0,1,0,0.868,0.964,1,1,1,0,39.071,0.0,0,0.0,0,0,0,1,0,1,0,1,0,0,0,12192.0,2,1,1,1,0,0,1,0,8.5,266.6,0,0,0,0,0,1
1700,0.0,0.0,0,0,1,0,0.97,1.021,1,1,1,0,39.071,0.0,0,0.0,0,0,0,1,0,1,0,1,0,0,0,12192.0,2,1,1,1,0,0,1,0,8.5,271.6,0,0,0,0,0,1
1800,0.0,0.0,0,0,1,0,1.078,1.078,1,1,1,0,39.071,0.0,0,0.0,0,0,0,1,0,1,0,1,0,0,0,12192.0,2,1,1,1,0,0,1,0,8.7,266.0,0,0,0,0,0,1
1900,0.0,0.0,0,0,1,0,1.191,1.135,1,1,1,0,39.071,0.0,0,0.0,0,0,0,1,0,1,0,1,0,0,0,12192.0,2,1,1,1,0,0,1,0,8.6,269.7,0,0,0,0,0,1
2000,0.0,0.0,0,0,1,0,1.311,1.191,1,1,1,0,39.071,0.0,0,0.0,0,0,0,1,0,1,0,1,0,0,0,12192.0,2,1,1,1,0,0,1,0,8.4,272.9,0,0,0,0,0,1
2100,0.0,0.0,0,0,1,0,1.435,1.248,1,1,1,0,39.071,0.0,0,0.0,0,0,0,1,0,1,0,1,0,0,0,12192.0,2,1,1,1,0,0,1,0,8.4,270.1,0,0,0,0,0,1
2200,0.0,0.0,0,0,1,0,1.566,1.305,1,1,1,0,39.071,0.0,0,0.0,0,0,0,1,0,1,0,1,0,0,0,12192.0,2,1,1,1,0,0,1,0,9.1,270.0,0,0,0,0,0,1
2300,0.0,0.0,0,0,1,0,1.702,1.362,1,1,1,0,39.071,0.0,0,0.0,0,0,0,1,0,1,0,1,0,0,0,12192.0,2,1,1,1,0,0,1,0,8.5,267.0,0,0,0,0,0,1
2400,0.0,0.0,0,0,1,0,1.844,1.418,1,1,1,0,39.071,0.0,0,0.0,0,0,0,1,0,1,0,1,0,0,0,12192.0,2,1,1,1,0,0,1,0,8.2,273.3,0,0,0,0,0,1
2500,0.0,0.0,0,0,1,0,1.991,1.475,1,1,1,0,39.071,0.0,0,0.0,0,0,0,1,0,1,0,1,0,0,0,12192.0,2,1,1,1,0,0,1,0,9.0,268.8,0,0,0,0,0,1
2600,0.0,0.0,0,0,1,0,2.145,1.532,1,1,1,0,39.071,0.0,0,0.0,0,0,0,1,0,1,0,1,0,0,0,12192.0,2,1,1,1,0,0,1,0,7.7,272.0,0,0,0,0,0,1
2700,0.0,0.0,0,0,1,0,2.303,1.589,1,1,1,0,39.071,0.0,0,0.0,0,0,0,1,0,1,0,1,0,0,0,12192.0,2,1,1,1,0,0,1,0,8.1,268.7,0,0,0,0,0,1
2800,0.0,0.0,0,0,1,0,2.468,1.645,1,1,1,0,39.071,0.0,0,0.0,0,0,0,1,0,1,0,1,0,0,0,12192.0,2,1,1,1,0,0,1,0,8.4,267.0,0,0,0,0,0,1
2900,0.0,0.0,0,0,1,0,2.638,1.702,1,1,1,0,39.071,0.0,0,0.0,0,0,0,1,0,1,0,1,0,0,0,12192.0,2,1,1,1,0,0,1,0,8.3,265.2,0,0,0,0,0,1
3000,0.0,0.0,0,0,1,0,2.814,1.759,1,1,1,0,39.071,0.0,0,0.0,0,0,0,1,0,1,0,1,0,0,0,12192.0,2,1,1,1,0,0,1,0,9.0,271.3,0,0,0,0,0,1
3100,0.0,0.0,0,0,1,0,2.996,1.816,1,1,1,0,39.071,0.0,0,0.0,0,0,0,1,0,1,0,1,0,0,0,12192.0,2,1,1,1,0,0,1,0,8.9,277.4,0,0,0,0,0,1
3200,0.0,0.0,0,0,1,0,3.183,1.872,1,1,1,0,39.071,0.0,0,0.0,0,0,0,1,0,1,0,1,0,0,0,12192.0,2,1,1,1,0,0,1,0,8.0,267.9,0,0,0,0,0,1
3300,0.0,0.0,0,0,1,0,3.376,1.929,1,1,1,0,39.071,0.0,0,0.0,0,0,0,1,0,1,0,1,0,0,0,12192.0,2,1,1,1,0,0,1,0,8.1,267.5,0,0,0,0,0,1
3400,0.0,0.0,0,0,1,0,3.574,1.986,1,1,1,0,39.071,0.0,0,0.0,0,0,0,1,0,1,0,1,0,0,0,12192.0,2,1,1,1,0,0,1,0,8.4,272.0,0,0,0,0,0,1
3500,0.0,0.0,0,0,1,0,3.779,2.042,1,1,1,0,39.071,0.0,0,0.0,0,0,0,1,0,1,0,1,0,0,0,12192.0,2,1,1,1,0,0,1,0,8.1,269.6,0,0,0,0,0,1
3600,0.0,0.0,0,0,1,0,3.988,2.099,1,1,1,0,39.071,0.0,0,0.0,0,0,0,1,0,1,0,1,0,0,0,12192.0,2,1,1,1,0,0,1,0,8.1,267.1,0,0,0,0,0,1
3700,0.0,0.0,0,0,1,0,4.204,2.156,1,1,1,0,39.071,0.0,0,0.0,0,0,0,1,0,1,0,1,0,0,0,12192.0,2,1,1,1,0,0,1,0,8.2,273.6,0,0,0,0,0,1
3800,0.0,0.0,0,0,1,0,4.425,2.213,1,1,1,0,39.071,0.0,0,0.0,0,0,0,1,0,1,0,1,0,0,0,12192.0,2,1,1,1,0,0,1,0,6.8,267.1,0,0,0,0,0,1
3900,0.0,0.0,0,0,1,0,4.652,2.269,1,1,1,0,39.071,0.0,0,0.0,0,0,0,1,0,1,0,1,0,0,0,12192.0,2,1,1,1,0,0,1,0,7.4,269.2,0,0,0,0,0,1
4000,0.0,0.0,0,0,1,0,4.885,2.326,1,1,1,0,39.071,0.0,0,0.0,0,0,0,1,0,1,0,1,0,0,0,12192.0,2,1,1,1,0,0,1,0,7.9,269.3,0,0,0,0,0,1
4100,0.0,0.0,0,0,1,0,5.123,2.383,1,1,1,0,39.071,0.0,0,0.0,0,0,0,1,0,1,0,1,0,0,0,12192.0,2,1,1,1,0,0,1,0,8.9,271.3,0,0,0,0,0,1
4200,0.0,0.0,0,0,1,0,5.367,2.44,1,1,1,0,39.071,0.0,0,0.0,0,0,0,1,0,1,0,1,0,0,0,12192.0,2,1,1,1,0,0,1,0,8.0,270.9,0,0,0,0,0,1
4300,0.0,0.0,0,0,1,0,5.617,2.496,1,1,1,0,39.071,0.0,0,0.0,0,0,0,1,0,1,0,1,0,0,0,12192.0,2,1,1,1,0,0,1,0,7.5,269.5,0,0,0,0,0,1
4400,0.0,0.0,0,0,1,0,5.872,2.553,1,1,1,0,39.071,0.0,0,0.0,0,0,0,1,0,1,0,1,0,0,0,12192.0,2,1,1,1,0,0,1,0,6.9,272.7,0,0,0,0,0,1
4500,0.0,0.0,0,0,1,0,6.133,2.61,1,1,1,0,39.071,0.0,0,0.0,0,0,0,1,0,1,0,1,0,0,0,12192.0,2,1,1,1,0,0,1,0,9.1,263.8,0,0,0,0,0,1
4600,0.0,0.0,0,0,1,0,6.4,2.667,1,1,1,0,39.071,0.0,0,0.0,0,0,0,1,0,1,0,1,0,0,0,12192.0,2,1,1,1,0,0,1,0,8.0,273.1,0,0,0,0,0,1
4700,0.0,0.0,0,0,1,0,6.672,2.723,1,1,1,0,39.071,0.0,0,0.0,0,0,0,1,0,1,0,1,0,0,0,12192.0,2,1,1,1,0,0,1,0,7.9,271.4,0,0,0,0,0,1
4800,0.0,0.0,0,0,1,0,6.95,2.78,1,1,1,0,39.071,0.0,0,0.0,0,0,0,1,0,1,0,1,0,0,0,12192.0,2,1,1,1,0,0,1,0,7.1,270.3,0,0,0,0,0,1
4900,0.0,0.0,0,0,1,0,7.234,2.837,1,1,1,0,39.071,0.0,0,0.0,0,0,0,1,0,1,0,1,0,0,0,12192.0,2,1,1,1,0,0,1,0,7.9,264.8,0,0,0,0,0,1
5000,0.0,0.0,0,0,1,0,7.523,2.893,1,1,1,0,39.071,0.0,0,0.0,0,0,0,1,0,1,0,1,0,0,0,12192.0,2,1,1,1,0,0,1,0,7.3,270.4,0,0,0,0,0,1
5100,0.0,0.0,0,0,1,0,7.818,2.95,1,1,1,0,39.071,0.0,0,0.0,0,0,0,1,0,1,0,1,0,0,0,12192.0,2,1,1,1,0,0,1,0,7.9,270.3,0,0,0,0,0,1
5200,0.0,0.0,0,0,1,0,8.119,3.007,1,1,1,0,39.071,0.0,0,0.0,0,0,0,1,0,1,0,1,0,0,0,12192.0,2,1,1,1,0,0,1,0,7.6,271.4,0,0,0,0,0,1
5300,0.0,0.0,0,0,1,0,8.425,3.064,1,1,1,0,39.071,0.0,0,0.0,0,0,0,1,0,1,0,1,0,0,0,12192.0,2,1,1,1,0,0,1,0,8.0,268.1,0,0,0,0,0,1
5400,0.0,0.0,0,0,1,0,8.737,3.12,1,1,1,0,39.071,0.0,0,0.0,0,0,0,1,0,1,0,1,0,0,0,12192.0,2,1,1,1,0,0,1,0,7.6,267.7,0,0,0,0,0,1
5500,0.0,0.0,0,0,1,0,9.055,3.177,1,1,1,0,39.071,0.0,0,0.0,0,0,0,1,0,1,0,1,0,0,0,12192.0,2,1,1,1,0,0,1,0,8.0,268.0,0,0,0,0,0,1
5600,0.0,0.0,0,0,1,0,9.378,3.234,1,1,1,0,39.071,0.0,0,0.0,0,0,0,1,0,1,0,1,0,0,0,12192.0,2,1,1,1,0,0,1,0,7.2,270.2,0,0,0,0,0,1
5700,0.0,0.0,0,0,1,0,9.707,3.291,1,1,1,0,39.071,0.0,0,0.0,0,0,0,1,0,1,0,1,0,0,0,12192.0,2,1,1,1,0,0,1,0,8.2,270.4,0,0,0,0,0,1
5800,0.0,0.0,0,0,1,0,10.042,3.347,1,1,1,0,39.071,0.0,0,0.0,0,0,0,1,0,1,0,1,0,0,0,12192.0,2,1,1,1,0,0,1,0,7.2,269.8,0,0,0,0,0,1
5900,0.0,0.0,0,0,1,0,10.383,3.404,1,1,1,0,39.071,0.0,0,0.0,0,0,0,1,0,1,0,1,0,0,0,12192.0,2,1,1,1,0,0,1,0,8.0,270.3,0,0,0,0,0,1
6000,0.0,0.0,0,0,1,0,10.729,3.461,1,1,1,0,39.071,0.0,0,0.0,0,0,0,1,0,1,0,1,0,0,0,12192.0,2,1,1,1,0,0,1,0,7.1,266.5,0,0,0,0,0,1
6100,0.0,0.0,0,0,1,0,11.08,3.518,1,1,1,0,39.071,0.0,0,0.0,0,0,0,1,0,1,0,1,0,0,0,12192.0,2,1,1,1,0,0,1,0,7.3,272.2,0,0,0,0,0,1
6200,0.0,0.0,0,0,1,0,11.438,3.574,1,1,1,0,39.071,0.0,0,0.0,0,0,0,1,0,1,0,1,0,0,0,12192.0,2,1,1,1,0,0,1,0,6.9,272.2,0,0,0,0,0,1
6300,0.0,0.0,0,0,1,0,11.801,3.631,1,1,1,0,39.071,0.0,0,0.0,0,0,0,1,0,1,0,1,0,0,0,12192.0,2,1,1,1,0,0,1,0,7.4,271.2,0,0,0,0,0,1
6400,0.0,0.0,0,0,1,0,12.17,3.688,1,1,1,0,39.071,0.0,0,0.0,0,0,0,1,0,1,0,1,0,0,0,12192.0,2,1,1,1,0,0,1,0,7.4,270.0,0,0,0,0,0,1
6500,0.0,0.0,0,0,1,0,12.542,3.72,1,1,1,0,39.071,0.0,0,0.0,0,0,0,1,0,1,0,1,0,0,0,12192.0,2,1,1,1,0,0,1,0,7.1,272.3,0,0,0,0,0,1
6600,0.0,0.0,0,0,1,0,12.914,3.72,1,1,1,0,39.071,0.0,0,0.0,0,0,0,1,0,1,0,1,0,0,0,12192.0,2,1,1,1,0,0,1,0,7.7,271.7,0,0,0,0,0,1
6700,0.0,0.0,0,0,1,0,13.286,3.72,1,1,1,0,39.071,0.0,0,0.0,0,0,0,1,0,1,0,1,0,0,0,12192.0,2,1,1,1,0,0,1,0,7.7,268.7,0,0,0,0,0,1
6800,0.0,0.0,0,0,1,0,13.658,3.72,1,1,1,0,39.071,0.0,0,0.0,0,0,0,1,0,1,0,1,0,0,0,12192.0,2,1,1,1,0,0,1,0,7.6,270.6,0,0,0,0,0,1
6900,0.0,0.0,0,0,1,0,14.03,3.72,1,1,1,0,39.071,0.0,0,0.0,0,0,0,1,0,1,0,1,0,0,0,12192.0,2,1,1,1,0,0,1,0,6.9,269.7,0,0,0,0,0,1
7000,0.0,0.0,0,0,1,0,14.402,3.72,1,1,1,0,39.071,0.0,0,0.0,0,0,0,1,0,1,0,1,0,0,0,12192.0,2,1,1,1,0,0,1,0,7.9,269.8,0,0,0,0,0,1
7100,0.0,0.0,0,0,1,0,14.774,3.72,1,1,1,0,39.071,0.0,0,0.0,0,0,0,1,0,1,0,1,0,0,0,12192.0,2,1,1,1,0,0,1,0,7.0,267.6,0,0,0,0,0,1
7200,0.0,0.0,0,0,1,0,15.146,3.72,1,1,1,0,39.071,0.0,0,0.0,0,0,0,1,0,1,0,1,0,0,0,12192.0,2,1,1,1,0,0,1,0,7.1,270.4,0,0,0,0,0,1
7300,0.0,0.0,0,0,1,0,15.518,3.72,1,1,1,0,39.071,0.0,0,0.0,0,0,0,1,0,1,0,1,0,0,0,12192.0,2,1,1,1,0,0,1,0,7.6,271.5,0,0,0,0,0,1
7400,0.0,0.0,0,0,1,0,15.89,3.72,1,1,1,0,39.071,0.0,0,0.0,0,0,0,1,0,1,0,1,0,0,0,12192.0,2,1,1,1,0,0,1,0,7.6,271.6,0,0,0,0,0,1
7500,0.0,0.0,0,0,1,0,16.262,3.72,1,1,1,0,39.071,0.0,0,0.0,0,0,0,1,0,1,0,1,0,0,0,12192.0,2,1,1,1,0,0,1,0,6.7,272.7,0,0,0,0,0,1
7600,0.0,0.0,0,0,1,0,16.634,3.72,1,1,1,0,39.071,0.0,0,0.0,0,0,0,1,0,1,0,1,0,0,0,12192.0,2,1,1,1,0,0,1,0,7.1,267.8,0,0,0,0,0,1
7700,0.0,0.0,0,0,1,0,17.006,3.72,1,1,1,0,39.071,0.0,0,0.0,0,0,0,1,0,1,0,1,0,0,0,12192.0,2,1,1,1,0,0,1,0,7.0,269.0,0,0,0,0,0,1
7800,0.0,0.0,0,0,1,0,17.378,3.72,1,1,1,0,39.071,0.0,0,0.0,0,0,0,1,0,1,0,1,0,0,0,12192.0,2,1,1,1,0,0,1,0,8.2,272.2,0,0,0,0,0,1
7900,0.0,0.0,0,0,1,0,17.75,3.72,1,1,1,0,39.071,0.0,0,0.0,0,0,0,1,0,1,0,1,0,0,0,12192.0,2,1,1,1,0,0,1,0,7.5,272.1,0,0,0,0,0,1
8000,0.0,0.0,0,0,1,0,18.122,3.72,1,1,1,0,39.071,0.0,0,0.0,0,0,0,1,0,1,0,1,0,0,0,12192.0,2,1,1,1,0,0,1,0,7.8,269.0,0,0,0,0,0,1
8100,0.0,0.0,0,0,1,0,18.494,3.72,1,1,1,0,39.071,0.0,0,0.0,0,0,0,1,0,1,0,1,0,0,0,12192.0,2,1,1,1,0,0,1,0,7.8,268.2,0,0,0,0,0,1
8200,0.0,0.0,0,0,1,0,18.866,3.72,1,1,1,0,39.071,0.0,0,0.0,0,0,0,1,0,1,0,1,0,0,0,12192.0,2,1,1,1,0,0,1,0,6.9,267.2,0,0,0,0,0,1
8300,0.0,0.0,0,0,1,0,19.238,3.72,1,1,1,0,39.071,0.0,0,0.0,0,0,0,1,0,1,0,1,0,0,0,12192.0,2,1,1,1,0,0,1,0,8.1,271.0,0,0,0,0,0,1
8400,0.0,0.0,0,0,1,0,19.61,3.72,1,1,1,0,39.071,0.0,0,0.0,0,0,0,1,0,1,0,1,0,0,0,12192.0,2,1,1,1,0,0,1,0,8.0,269.9,0,0,0,0,0,1
8500,0.0,0.0,0,0,1,0,19.982,3.72,1,1,1,0,39.071,0.0,0,0.0,0,0,0,1,0,1,0,1,0,0,0,12192.0,2,1,1,1,0,0,1,0,8.0,265.1,0,0,0,0,0,1
8600,0.0,0.0,0,0,1,0,20.354,3.72,1,1,1,0,39.071,0.0,0,0.0,0,0,0,1,0,1,0,1,0,0,0,12192.0,2,1,1,1,0,0,1,0,7.7,272.2,0,0,0,0,0,1
8700,0.0,0.0,0,0,1,0,20.726,3.72,1,1,1,0,39.071,0.0,0,0.0,0,0,0,1,0,1,0,1,0,0,0,12192.0,2,1,1,1,0,0,1,0,7.3,272.3,0,0,0,0,0,1
8800,0.0,0.0,0,0,1,0,21.098,3.72,1,1,1,0,39.071,0.0,0,0.0,0,0,0,1,0,1,0,1,0,0,0,12192.0,2,1,1,1,0,0,1,0,8.5,271.8,0,0,0,0,0,1
8900,0.0,0.0,0,0,1,0,21.47,3.72,1,1,1,0,39.071,0.0,0,0.0,0,0,0,1,0,1,0,1,0,0,0,12192.0,2,1,1,1,0,0,1,0,9.1,268.8,0,0,0,0,0,1
9000,0.0,0.0,0,0,1,0,21.842,3.72,1,1,1,0,39.071,0.0,0,0.0,0,0,0,1,0,1,0,1,0,0,0,12192.0,2,1,1,1,0,0,1,0,8.0,267.3,0,0,0,0,0,1
9100,0.0,0.0,0,0,1,0,22.214,3.72,1,1,1,0,39.071,0.0,0,0.0,0,0,0,1,0,1,0,1,0,0,0,12192.0,2,1,1,1,0,0,1,0,8.7,269.0,0,0,0,0,0,1
9200,0.0,0.0,0,0,1,0,22.586,3.72,1,1,1,0,39.071,0.0,0,0.0,0,0,0,1,0,1,0,1,0,0,0,12192.0,2,1,1,1,0,0,1,0,7.1,271.5,0,0,0,0,0,1
9300,0.0,0.0,0,0,1,0,22.958,3.72,1,1,1,0,39.071,0.0,0,0.0,0,0,0,1,0,1,0,1,0,0,0,12192.0,2,1,1,1,0,0,1,0,8.2,271.1,0,0,0,0,0,1
9400,0.0,0.0,0,0,1,0,23.33,3.72,1,1,1,0,39.071,0.0,0,0.0,0,0,0,1,0,1,0,1,0,0,0,12192.0,2,1,1,1,0,0,1,0,9.0,270.7,0,0,0,0,0,1
9500,0.0,0.0,0,0,1,0,23.702,3.72,1,1,1,0,39.071,0.0,0,0.0,0,0,0,1,0,1,0,1,0,0,0,12192.0,2,1,1,1,0,0,1,0,8.4,270.4,0,0,0,0,0,1
9600,0.0,0.0,0,0,1,0,24.074,3.72,1,1,1,0,39.071,0.0,0,0.0,0,0,0,1,0,1,0,1,0,0,0,12192.0,2,1,1,1,0,0,1,0,9.3,273.3,0,0,0,0,0,1
9700,0.0,0.0,0,0,1,0,24.446,3.72,1,1,1,0,39.071,0.0,0,0.0,0,0,0,1,0,1,0,1,0,0,0,12192.0,2,1,1,1,0,0,1,0,9.1,268.5,0,0,0,0,0,1
9800,0.0,0.0,0,0,1,0,24.818,3.72,1,1,1,0,39.071,0.0,0,0.0,0,0,0,1,0,1,0,1,0,0,0,12192.0,2,1,1,1,0,0,1,0,8.7,274.9,0,0,0,0,0,1
9900,0.0,0.0,0,0,1,0,25.19,3.72,1,1,1,0,39.071,0.0,0,0.0,0,0,0,1,0,1,0,1,0,0,0,12192.0,2,1,1,1,0,0,1,0,8.1,267.8,0,0,0,0,0,1
10000,0.0,0.0,0,0,1,0,25.562,3.72,1,1,1,0,39.071,0.0,0,0.0,0,0,0,1,0,1,0,1,0,0,0,12192.0,2,1,1,1,0,0,1,0,8.5,268.5,0,0,0,0,0,1
10100,0.0,0.0,0,0,1,0,25.934,3.72,1,1,1,0,39.071,0.0,0,0.0,0,0,0,1,0,1,0,1,0,0,0,12192.0,2,1,1,1,0,0,1,0,8.5,266.4,0,0,0,0,0,1
10200,0.0,0.0,0,0,1,0,26.306,3.72,1,1,1,0,39.071,0.0,0,0.0,0,0,0,1,0,1,0,1,0,0,0,12192.0,2,1,1,1,0,0,1,0,8.3,267.8,0,0,0,0,0,1
10300,0.0,0.0,0,0,1,0,26.678,3.72,1,1,1,0,39.071,0.0,0,0.0,0,0,0,1,0,1,0,1,0,0,0,12192.0,2,1,1,1,0,0,1,0,7.7,272.0,0,0,0,0,0,1
10400,0.0,0.0,0,0,1,0,27.05,3.72,1,1,1,0,39.071,0.0,0,0.0,0,0,0,1,0,1,0,1,0,0,0,12192.0,2,1,1,1,0,0,1,0,9.1,271.6,0,0,0,0,0,1
10500,0.0,0.0,0,0,1,0,27.422,3.72,1,1,1,0,39.071,0.0,0,0.0,0,0,0,1,0,1,0,1,0,0,0,12192.0,2,1,1,1,0,0,1,0,8.2,272.2,0,0,0,0,0,1
10600,0.0,0.0,0,0,1,0,27.794,3.72,1,1,1,0,39.071,0.0,0,0.0,0,0,0,1,0,1,0,1,0,0,0,12192.0,2,1,1,1,0,0,1,0,8.9,267.8,0,0,0,0,0,1
10700,0.0,0.0,0,0,1,0,28.166,3.72,1,1,1,0,39.071,0.0,0,0.0,0,0,0,1,0,1,0,1,0,0,0,12192.0,2,1,1,1,0,0,1,0,9.1,274.5,0,0,0,0,0,1
10800,0.0,0.0,0,0,1,0,28.538,3.72,1,1,1,0,39.071,0.0,0,0.0,0,0,0,1,0,1,0,1,0,0,0,12192.0,2,1,1,1,0,0,1,0,8.5,272.7,0,0,0,0,0,1
10900,0.0,0.0,0,0,1,0,28.91,3.72,1,1,1,0,39.071,0.0,0,0.0,0,0,0,1,0,1,0,1,0,0,0,12192.0,2,1,1,1,0,0,1,0,8.6,270.4,0,0,0,0,0,1
11000,0.0,0.0,0,0,1,0,29.282,3.72,1,1,1,0,39.071,0.0,0,0.0,0,0,0,1,0,1,0,1,0,0,0,12192.0,2,1,1,1,0,0,1,0,8.8,268.1,0,0,0,0,0,1
11100,0.0,0.0,0,0,1,0,29.654,3.72,1,1,1,0,39.071,0.0,0,0.0,0,0,0,1,0,1,0,1,0,0,0,12192.0,2,1,1,1,0,0,1,0,8.2,272.6,0,0,0,0,0,1
11200,0.0,0.0,0,0,1,0,30.026,3.72,1,1,1,0,39.071,0.0,0,0.0,0,0,0,1,0,1,0,1,0,0,0,12192.0,2,1,1,1,0,0,1,0,8.9,276.1,0,0,0,0,0,1
11300,0.0,0.0,0,0,1,0,30.398,3.72,1,1,1,0,39.071,0.0,0,0.0,0,0,0,1,0,1,0,1,0,0,0,12192.0,2,1,1,1,0,0,1,0,8.2,268.8,0,0,0,0,0,1
11400,0.0,0.0,0,0,1,0,30.77,3.72,1,1,1,0,39.071,0.0,0,0.0,0,0,0,1,0,1,0,1,0,0,0,12192.0,2,1,1,1,0,0,1,0,8.4,271.3,0,0,0,0,0,1
11500,0.0,0.0,0,0,1,0,31.142,3.72,1,1,1,0,39.071,0.0,0,0.0,0,0,0,1,0,1,0,1,0,0,0,12192.0,2,1,1,1,0,0,1,0,8.2,271.2,0,0,0,0,0,1
11600,0.0,0.0,0,0,1,0,31.514,3.72,1,1,1,0,39.071,0.0,0,0.0,0,0,0,1,0,1,0,1,0,0,0,12192.0,2,1,1,1,0,0,1,0,8.9,269.2,0,0,0,0,0,1
11700,0.0,0.0,0,0,1,0,31.886,3.72,1,1,1,0,39.071,0.0,0,0.0,0,0,0,1,0,1,0,1,0,0,0,12192.0,2,1,1,1,0,0,1,0,8.5,272.4,0,0,0,0,0,1
11800,0.0,0.0,0,0,1,0,32.258,3.72,1,1,1,0,39.071,0.0,0,0.0,0,0,0,1,0,1,0,1,0,0,0,12192.0,2,1,1,1,0,0,1,0,8.2,266.0,0,0,0,0,0,1
11900,0.0,0.0,0,0,1,0,32.63,3.72,1,1,1,0,39.071,0.0,0,0.0,0,0,0,1,0,1,0,1,0,0,0,12192.0,2,1,1,1,0,0,1,0,9.4,272.4,0,0,0,0,0,1
12000,0.0,0.0,0,0,1,0,33.002,3.72,1,1,1,0,39.071,0.0,0,0.0,0,0,0,1,0,1,0,1,0,0,0,12192.0,2,1,1,1,0,0,1,0,8.4,267.9,0,0,0,0,0,1
12100,0.0,0.0,0,0,1,0,33.374,3.72,1,1,1,0,39.071,0.0,0,0.0,0,0,0,1,0,1,0,1,0,0,0,12192.0,2,1,1,1,0,0,1,0,8.5,276.3,0,0,0,0,0,1
12200,0.0,0.0,0,0,1,0,33.746,3.72,1,1,1,0,39.071,0.0,0,0.0,0,0,0,1,0,1,0,1,0,0,0,12192.0,2,1,1,1,0,0,1,0,7.9,271.9,0,0,0,0,0,1
12300,0.0,0.0,0,0,1,0,34.118,3.72,1,1,1,0,39.071,0.0,0,0.0,0,0,0,1,0,1,0,1,0,0,0,12192.0,2,1,1,1,0,0,1,0,8.2,265.9,0,0,0,0,0,1
12400,0.0,0.0,0,0,1,0,34.49,3.72,1,1,1,0,39.071,0.0,0,0.0,0,0,0,1,0,1,0,1,0,0,0,12192.0,2,1,1,1,0,0,1,0,9.5,271.7,0,0,0,0,0,1
12500,0.0,0.0,0,0,1,0,34.862,3.72,1,1,1,0,39.071,0.0,0,0.0,0,0,0,1,0,1,0,1,0,0,0,12192.0,2,1,1,1,0,0,1,0,8.6,273.2,0,0,0,0,0,1
12600,0.0,0.0,0,0,1,0,35.234,3.72,1,1,1,0,39.071,0.0,0,0.0,0,0,0,1,0,1,0,1,0,0,0,12192.0,2,1,1,1,0,0,1,0,8.7,266.4,0,0,0,0,0,1
12700,0.0,0.0,0,0,1,0,35.606,3.72,1,1,1,0,39.071,0.0,0,0.0,0,0,0,1,0,1,0,1,0,0,0,12192.0,2,1,1,1,0,0,1,0,8.4,274.2,0,0,0,0,0,1
12800,0.0,0.0,0,0,1,0,35.978,3.72,1,1,1,0,39.071,0.0,0,0.0,0,0,0,1,0,1,0,1,0,0,0,12192.0,2,1,1,1,0,0,1,0,8.4,272.7,0,0,0,0,0,1
12900,0.0,0.0,0,0,1,0,36.35,3.72,1,1,1,0,39.071,0.0,0,0.0,0,0,0,1,0,1,0,1,0,0,0,12192.0,2,1,1,1,0,0,1,0,8.2,270.6,0,0,0,0,0,1
13000,0.0,0.0,0,0,1,0,36.722,3.72,1,1,1,0,39.071,0.0,0,0.0,0,0,0,1,0,1,0,1,0,0,0,12192.0,2,1,1,1,0,0,1,0,8.0,270.6,0,0,0,0,0,1
13100,0.0,0.0,0,0,1,0,37.094,3.72,1,1,1,0,39.071,0.0,0,0.0,0,0,0,1,0,1,0,1,0,0,0,12192.0,2,1,1,1,0,0,1,0,8.5,265.5,0,0,0,0,0,1
13200,0.0,0.0,0,0,1,0,37.466,3.72,1,1,1,0,39.071,0.0,0,0.0,0,0,0,1,0,1,0,1,0,0,0,12192.0,2,1,1,1,0,0,1,0,8.4,270.8,0,0,0,0,0,1
13300,0.0,0.0,0,0,1,0,37.838,3.72,1,1,1,0,39.071,0.0,0,0.0,0,0,0,1,0,1,0,1,0,0,0,12192.0,2,1,1,1,0,0,1,0,8.3,271.5,0,0,0,0,0,1
13400,0.0,0.0,0,0,1,0,38.21,3.72,1,1,1,0,39.071,0.0,0,0.0,0,0,0,1,0,1,0,1,0,0,0,12192.0,2,1,1,1,0,0,1,0,8.1,269.4,0,0,0,0,0,1
13500,0.0,0.0,0,0,1,0,38.582,3.72,1,1,1,0,39.071,0.0,0,0.0,0,0,0,1,0,1,0,1,0,0,0,12192.0,2,1,1,1,0,0,1,0,7.9,271.8,0,0,0,0,0,1
13600,0.0,0.0,0,0,1,0,38.954,3.72,1,1,1,0,39.071,0.0,0,0.0,0,0,0,1,0,1,0,1,0,0,0,12192.0,2,1,1,1,0,0,1,0,7.6,264.2,0,0,0,0,0,1
13700,0.0,0.0,0,0,1,0,39.326,3.72,1,1,1,0,39.071,0.0,0,0.0,0,0,0,1,0,1,0,1,0,0,0,12192.0,2,1,1,1,0,0,1,0,7.0,270.6,0,0,0,0,0,1
13800,0.0,0.0,0,0,1,0,39.698,3.72,1,1,1,0,39.071,0.0,0,0.0,0,0,0,1,0,1,0,1,0,0,0,12192.0,2,1,1,1,0,0,1,0,8.0,271.3,0,0,0,0,0,1
13900,0.0,0.0,0,0,1,0,40.07,3.72,1,1,1,0,39.071,0.0,0,0.0,0,0,0,1,0,1,0,1,0,0,0,12192.0,2,1,1,1,0,0,1,0,7.7,268.1,0,0,0,0,0,1
14000,0.0,0.0,0,0,1,0,40.442,3.72,1,1,1,0,39.071,0.0,0,0.0,0,0,0,1,0,1,0,1,0,0,0,12192.0,2,1,1,1,0,0,1,0,7.9,274.4,0,0,0,0,0,1
14100,0.0,0.0,0,0,1,0,40.814,3.72,1,1,1,0,39.071,0.0,0,0.0,0,0,0,1,0,1,0,1,0,0,0,12192.0,2,1,1,1,0,0,1,0,7.5,269.4,0,0,0,0,0,1
14200,0.0,0.0,0,0,1,0,41.186,3.72,1,1,1,0,39.071,0.0,0,0.0,0,0,0,1,0,1,0,1,0,0,0,12192.0,2,1,1,1,0,0,1,0,7.8,268.7,0,0,0,0,0,1
14300,0.0,0.0,0,0,1,0,41.558,3.72,1,1,1,0,39.071,0.0,0,0.0,0,0,0,1,0,1,0,1,0,0,0,12192.0,2,1,1,1,0,0,1,0,7.9,271.2,0,0,0,0,0,1
14400,0.0,0.0,0,0,1,0,41.93,3.72,1,1,1,0,39.071,0.0,0,0.0,0,0,0,1,0,1,0,1,0,0,0,12192.0,2,1,1,1,0,0,1,0,7.6,269.5,0,0,0,0,0,1
14500,0.0,0.0,0,0,1,0,42.302,3.72,1,1,1,0,39.071,0.0,0,0.0,0,0,0,1,0,1,0,1,0,0,0,12192.0,2,1,1,1,0,0,1,0,7.4,269.4,0,0,0,0,0,1
14600,0.0,0.0,0,0,1,0,42.674,3.72,1,1,1,0,39.071,0.0,0,0.0,0,0,0,1,0,1,0,1,0,0,0,12192.0,2,1,1,1,0,0,1,0,7.5,269.0,0,0,0,0,0,1
14700,0.0,0.0,0,0,1,0,43.046,3.72,1,1,1,0,39.071,0.0,0,0.0,0,0,0,1,0,1,0,1,0,0,0,12192.0,2,1,1,1,0,0,1,0,7.7,273.7,0,0,0,0,0,1
14800,0.0,0.0,0,0,1,0,43.418,3.72,1,1,1,0,39.071,0.0,0,0.0,0,0,0,1,0,1,0,1,0,0,0,12192.0,2,1,1,1,0,0,1,0,6.5,268.3,0,0,0,0,0,1
14900,0.0,0.0,0,0,1,0,43.79,3.72,1,1,1,0,39.071,0.0,0,0.0,0,0,0,1,0,1,0,1,0,0,0,12192.0,2,1,1,1,0,0,1,0,7.8,273.3,0,0,0,0,0,1
15000,0.0,0.0,0,0,1,0,44.162,3.72,1,1,1,0,39.071,0.0,0,0.0,0,0,0,1,0,1,0,1,0,0,0,12192.0,2,1,1,1,0,0,1,0,6.6,272.5,0,0,0,0,0,1
15100,0.0,0.0,0,0,1,0,44.534,3.72,1,1,1,0,39.071,0.0,0,0.0,0,0,0,1,0,1,0,1,0,0,0,12192.0,2,1,1,1,0,0,1,0,7.2,268.9,0,0,0,0,0,1
15200,0.0,0.0,0,0,1,0,44.906,3.72,1,1,1,0,39.071,0.0,0,0.0,0,0,0,1,0,1,0,1,0,0,0,12192.0,2,1,1,1,0,0,1,0,7.3,270.4,0,0,0,0,0,1
15300,0.0,0.0,0,0,1,0,45.278,3.72,1,1,1,0,39.071,0.0,0,0.0,0,0,0,1,0,1,0,1,0,0,0,12192.0,2,1,1,1,0,0,1,0,7.9,268.1,0,0,0,0,0,1
15400,0.0,0.0,0,0,1,0,45.65,3.72,1,1,1,0,39.071,0.0,0,0.0,0,0,0,1,0,1,0,1,0,0,0,12192.0,2,1,1,1,0,0,1,0,7.6,267.7,0,0,0,0,0,1
15500,0.0,0.0,0,0,1,0,46.022,3.72,1,1,1,0,39.071,0.0,0,0.0,0,0,0,1,0,1,0,1,0,0,0,12192.0,2,1,1,1,0,0,1,0,7.5,268.1,0,0,0,0,0,1
15600,0.0,0.0,0,0,1,0,46.394,3.72,1,1,1,0,39.071,0.0,0,0.0,0,0,0,1,0,1,0,1,0,0,0,12192.0,2,1,1,1,0,0,1,0,7.2,272.3,0,0,0,0,0,1
15700,0.0,0.0,0,0,1,0,46.766,3.72,1,1,1,0,39.071,0.0,0,0.0,0,0,0,1,0,1,0,1,0,0,0,12192.0,2,1,1,1,0,0,1,0,7.1,271.0,0,0,0,0,0,1
15800,0.0,0.0,0,0,1,0,47.138,3.72,1,1,1,0,39.071,0.0,0,0.0,0,0,0,1,0,1,0,1,0,0,0,12192.0,2,1,1,1,0,0,1,0,7.0,273.3,0,0,0,0,0,1
15900,0.0,0.0,0,0,1,0,47.51,3.72,1,1,1,0,39.071,0.0,0,0.0,0,0,0,1,0,1,0,1,0,0,0,12192.0,2,1,1,1,0,0,1,0,8.0,273.6,0,0,0,0,0,1
16000,0.0,0.0,0,0,1,0,47.882,3.72,1,1,1,0,39.071,0.0,0,0.0,0,0,0,1,0,1,0,1,0,0,0,12192.0,2,1,1,1,0,0,1,0,7.1,270.1,0,0,0,0,0,1
16100,0.0,0.0,0,0,1,0,48.254,3.72,1,1,1,0,39.071,0.0,0,0.0,0,0,0,1,0,1,0,1,0,0,0,12192.0,2,1,1,1,0,0,1,0,6.8,270.6,0,0,0,0,0,1
16200,0.0,0.0,0,0,1,0,48.626,3.72,1,1,1,0,39.071,0.0,0,0.0,0,0,0,1,0,1,0,1,0,0,0,12192.0,2,1,1,1,0,0,1,0,6.7,273.9,0,0,0,0,0,1
16300,0.0,0.0,0,0,1,0,48.998,3.72,1,1,1,0,39.071,0.0,0,0.0,0,0,0,1,0,1,0,1,0,0,0,12192.0,2,1,1,1,0,0,1,0,7.2,268.1,0,0,0,0,0,1
16400,0.0,0.0,0,0,1,0,49.37,3.72,1,1,1,0,39.071,0.0,0,0.0,0,0,0,1,0,1,0,1,0,0,0,12192.0,2,1,1,1,0,0,1,0,8.3,267.9,0,0,0,0,0,1
16500,0.0,0.0,0,0,1,0,49.742,3.72,1,1,1,0,39.071,0.0,0,0.0,0,0,0,1,0,1,0,1,0,0,0,12192.0,2,1,1,1,0,0,1,0,7.7,266.9,0,0,0,0,0,1
16600,0.0,0.0,0,0,1,0,50.114,3.72,1,1,1,0,39.071,0.0,0,0.0,0,0,0,1,0,1,0,1,0,0,0,12192.0,2,1,1,1,0,0,1,0,7.8,266.9,0,0,0,0,0,1
16700,0.0,0.0,0,0,1,0,50.486,3.72,1,1,1,0,39.071,0.0,0,0.0,0,0,0,1,0,1,0,1,0,0,0,12192.0,2,1,1,1,0,0,1,0,7.1,271.9,0,0,0,0,0,1
16800,0.0,0.0,0,0,1,0,50.858,3.72,1,1,1,0,39.071,0.0,0,0.0,0,0,0,1,0,1,0,1,0,0,0,12192.0,2,1,1,1,0,0,1,0,7.5,266.7,0,0,0,0,0,1
16900,0.0,0.0,0,0,1,0,51.23,3.72,1,1,1,0,39.071,0.0,0,0.0,0,0,0,1,0,1,0,1,0,0,0,12192.0,2,1,1,1,0,0,1,0,7.5,269.1,0,0,0,0,0,1
17000,0.0,0.0,0,0,1,0,51.602,3.72,1,1,1,0,39.071,0.0,0,0.0,0,0,0,1,0,1,0,1,0,0,0,12192.0,2,1,1,1,0,0,1,0,7.0,273.0,0,0,0,0,0,1
17100,0.0,0.0,0,0,1,0,51.974,3.72,1,1,1,0,39.071,0.0,0,0.0,0,0,0,1,0,1,0,1,0,0,0,12192.0,2,1,1,1,0,0,1,0,7.5,273.3,0,0,0,0,0,1
17200,0.0,0.0,0,0,1,0,52.346,3.72,1,1,1,0,39.071,0.0,0,0.0,0,0,0,1,0,1,0,1,0,0,0,12192.0,2,1,1,1,0,0,1,0,7.5,270.4,0,0,0,0,0,1
17300,0.0,0.0,0,0,1,0,52.718,3.72,1,1,1,0,39.071,0.0,0,0.0,0,0,0,1,0,1,0,1,0,0,0,12192.0,2,1,1,1,0,0,1,0,8.0,270.2,0,0,0,0,0,1
17400,0.0,0.0,0,0,1,0,53.09,3.72,1,1,1,0,39.071,0.0,0,0.0,0,0,0,1,0,1,0,1,0,0,0,12192.0,2,1,1,1,0,0,1,0,8.5,269.6,0,0,0,0,0,1
17500,0.0,0.0,0,0,1,0,53.462,3.72,1,1,1,0,39.071,0.0,0,0.0,0,0,0,1,0,1,0,1,0,0,0,12192.0,2,1,1,1,0,0,1,0,7.8,269.7,0,0,0,0,0,1
17600,0.0,0.0,0,0,1,0,53.834,3.72,1,1,1,0,39.071,0.0,0,0.0,0,0,0,1,0,1,0,1,0,0,0,12192.0,2,1,1,1,0,0,1,0,9.0,270.1,0,0,0,0,0,1
17700,0.0,0.0,0,0,1,0,54.206,3.72,1,1,1,0,39.071,0.0,0,0.0,0,0,0,1,0,1,0,1,0,0,0,12192.0,2,1,1,1,0,0,1,0,8.3,268.6,0,0,0,0,0,1
17800,0.0,0.0,0,0,1,0,54.578,3.72,1,1,1,0,39.071,0.0,0,0.0,0,0,0,1,0,1,0,1,0,0,0,12192.0,2,1,1,1,0,0,1,0,7.4,265.1,0,0,0,0,0,1
17900,0.0,0.0,0,0,1,0,54.95,3.72,1,1,1,0,39.071,0.0,0,0.0,0,0,0,1,0,1,0,1,0,0,0,12192.0,2,1,1,1,0,0,1,0,8.5,270.7,0,0,0,0,0,1
18000,0.0,0.0,0,0,1,0,55.322,3.72,1,1,1,0,39.071,0.0,0,0.0,0,0,0,1,0,1,0,1,0,0,0,12192.0,2,1,1,1,0,0,1,0,8.2,272.5,0,0,0,0,0,1
18100,0.0,0.0,0,0,1,0,55.694,3.72,1,1,1,0,39.071,0.0,0,0.0,0,0,0,1,0,1,0,1,0,0,0,12192.0,2,1,1,1,0,0,1,0,7.6,265.8,0,0,0,0,0,1
18200,0.0,0.0,0,0,1,0,56.066,3.72,1,1,1,0,39.071,0.0,0,0.0,0,0,0,1,0,1,0,1,0,0,0,12192.0,2,1,1,1,0,0,1,0,7.8,269.6,0,0,0,0,0,1
18300,0.0,0.0,0,0,1,0,56.438,3.72,1,1,1,0,39.071,0.0,0,0.0,0,0,0,1,0,1,0,1,0,0,0,12192.0,2,1,1,1,0,0,1,0,8.5,269.8,0,0,0,0,0,1
18400,0.0,0.0,0,0,1,0,56.81,3.72,1,1,1,0,39.071,0.0,0,0.0,0,0,0,1,0,1,0,1,0,0,0,12192.0,2,1,1,1,0,0,1,0,8.9,267.0,0,0,0,0,0,1
18500,0.0,0.0,0,0,1,0,57.182,3.72,1,1,1,0,39.071,0.0,0,0.0,0,0,0,1,0,1,0,1,0,0,0,12192.0,2,1,1,1,0,0,1,0,8.3,268.5,0,0,0,0,0,1
18600,0.0,0.0,0,0,1,0,57.554,3.72,1,1,1,0,39.071,0.0,0,0.0,0,0,0,1,0,1,0,1,0,0,0,12192.0,2,1,1,1,0,0,1,0,8.6,266.9,0,0,0,0,0,1
18700,0.0,0.0,0,0,1,0,57.926,3.72,1,1,1,0,39.071,0.0,0,0.0,0,0,0,1,0,1,0,1,0,0,0,12192.0,2,1,1,1,0,0,1,0,7.9,269.5,0,0,0,0,0,1
18800,0.0,0.0,0,0,1,0,58.298,3.72,1,1,1,0,39.071,0.0,0,0.0,0,0,0,1,0,1,0,1,0,0,0,12192.0,2,1,1,1,0,0,1,0,8.4,270.3,0,0,0,0,0,1
18900,0.0,0.0,0,0,1,0,58.67,3.72,1,1,1,0,39.071,0.0,0,0.0,0,0,0,1,0,1,0,1,0,0,0,12192.0,2,1,1,1,0,0,1,0,8.4,268.0,0,0,0,0,0,1
19000,0.0,0.0,0,0,1,0,59.042,3.72,1,1,1,0,39.071,0.0,0,0.0,0,0,0,1,0,1,0,1,0,0,0,12192.0,2,1,1,1,0,0,1,0,8.6,269.7,0,0,0,0,0,1
19100,0.0,0.0,0,0,1,0,59.414,3.72,1,1,1,0,39.071,0.0,0,0.0,0,0,0,1,0,1,0,1,0,0,0,12192.0,2,1,1,1,0,0,1,0,7.9,271.2,0,0,0,0,0,1
19200,0.0,0.0,0,0,1,0,59.786,3.72,1,1,1,0,39.071,0.0,0,0.0,0,0,0,1,0,1,0,1,0,0,0,12192.0,2,1,1,1,0,0,1,0,8.7,270.1,0,0,0,0,0,1
19300,0.0,0.0,0,0,1,0,60.158,3.72,1,1,1,0,39.071,0.0,0,0.0,0,0,0,1,0,1,0,1,0,0,0,12192.0,2,1,1,1,0,0,1,0,8.8,273.7,0,0,0,0,0,1
19400,0.0,0.0,0,0,1,0,60.53,3.72,1,1,1,0,39.071,0.0,0,0.0,0,0,0,1,0,1,0,1,0,0,0,12192.0,2,1,1,1,0,0,1,0,8.3,267.8,0,0,0,0,0,1
19500,0.0,0.0,0,0,1,0,60.902,3.72,1,1,1,0,39.071,0.0,0,0.0,0,0,0,1,0,1,0,1,0,0,0,12192.0,2,1,1,1,0,0,1,0,8.9,274.4,0,0,0,0,0,1
19600,0.0,0.0,0,0,1,0,61.274,3.72,1,1,1,0,39.071,0.0,0,0.0,0,0,0,1,0,1,0,1,0,0,0,12192.0,2,1,1,1,0,0,1,0,9.0,270.3,0,0,0,0,0,1
19700,0.0,0.0,0,0,1,0,61.646,3.72,1,1,1,0,39.071,0.0,0,0.0,0,0,0,1,0,1,0,1,0,0,0,12192.0,2,1,1,1,0,0,1,0,8.8,270.1,0,0,0,0,0,1
19800,0.0,0.0,0,0,1,0,62.018,3.72,1,1,1,0,39.071,0.0,0,0.0,0,0,0,1,0,1,0,1,0,0,0,12192.0,2,1,1,1,0,0,1,0,8.3,270.6,0,0,0,0,0,1
19900,0.0,0.0,0,0,1,0,62.39,3.72,1,1,1,0,39.071,0.0,0,0.0,0,0,0,1,0,1,0,1,0,0,0,12192.0,2,1,1,1,0,0,1,0,8.5,274.6,0,0,0,0,0,1
20000,0.0,0.0,0,0,1,0,62.762,3.72,1,1,1,0,39.071,0.0,0,0.0,0,0,0,1,0,1,0,1,0,0,0,12192.0,2,1,1,1,0,0,1,0,8.8,271.9,0,0,0,0,0,1
20100,0.0,0.0,0,0,1,0,63.134,3.72,1,1,1,0,39.071,0.0,0,0.0,0,0,0,1,0,1,0,1,0,0,0,12192.0,2,1,1,1,0,0,1,0,8.8,270.7,0,0,0,0,0,1
20200,0.0,0.0,0,0,1,0,63.506,3.72,1,1,1,0,39.071,0.0,0,0.0,0,0,0,1,0,1,0,1,0,0,0,12192.0,2,1,1,1,0,0,1,0,8.3,268.4,0,0,0,0,0,1
20300,0.0,0.0,0,0,1,0,63.878,3.72,1,1,1,0,39.071,0.0,0,0.0,0,0,0,1,0,1,0,1,0,0,0,12192.0,2,1,1,1,0,0,1,0,8.2,266.6,0,0,0,0,0,1
20400,0.0,0.0,0,0,1,0,64.25,3.72,1,1,1,0,39.071,0.0,0,0.0,0,0,0,1,0,1,0,1,0,0,0,12192.0,2,1,1,1,0,0,1,0,8.2,269.0,0,0,0,0,0,1
20500,0.0,0.0,0,0,1,0,64.622,3.72,1,1,1,0,39.071,0.0,0,0.0,0,0,0,1,0,1,0,1,0,0,0,12192.0,2,1,1,1,0,0,1,0,8.1,268.6,0,0,0,0,0,1
20600,0.0,0.0,0,0,1,0,64.994,3.72,1,1,1,0,39.071,0.0,0,0.0,0,0,0,1,0,1,0,1,0,0,0,12192.0,2,1,1,1,0,0,1,0,9.1,268.9,0,0,0,0,0,1
20700,0.0,0.0,0,0,1,0,65.366,3.72,1,1,1,0,39.071,0.0,0,0.0,0,0,0,1,0,1,0,1,0,0,0,12192.0,2,1,1,1,0,0,1,0,9.2,269.9,0,0,0,0,0,1
20800,0.0,0.0,0,0,1,0,65.738,3.72,1,1,1,0,39.071,0.0,0,0.0,0,0,0,1,0,1,0,1,0,0,0,12192.0,2,1,1,1,0,0,1,0,8.4,269.2,0,0,0,0,0,1
20900,0.0,0.0,0,0,1,0,66.11,3.72,1,1,1,0,39.071,0.0,0,0.0,0,0,0,1,0,1,0,1,0,0,0,12192.0,2,1,1,1,0,0,1,0,8.3,267.8,0,0,0,0,0,1
21000,0.0,0.0,0,0,1,0,66.482,3.72,1,1,1,0,39.071,0.0,0,0.0,0,0,0,1,0,1,0,1,0,0,0,12192.0,2,1,1,1,0,0,1,0,8.7,271.0,0,0,0,0,0,1
21100,0.0,0.0,0,0,1,0,66.848,3.663,1,1,1,0,39.071,0.0,0,0.0,0,0,0,1,0,1,0,1,0,0,0,12192.0,2,1,1,1,0,0,1,0,8.6,273.9,0,0,0,0,0,1
21200,0.0,0.0,0,0,1,0,67.209,3.607,1,1,1,0,39.071,0.0,0,0.0,0,0,0,1,0,1,0,1,0,0,0,12192.0,2,1,1,1,0,0,1,0,8.4,274.1,0,0,0,0,0,1
21300,0.0,0.0,0,0,1,0,67.564,3.55,1,1,1,0,39.071,0.0,0,0.0,0,0,0,1,0,1,0,1,0,0,0,12192.0,2,1,1,1,0,0,1,0,7.9,269.6,0,0,0,0,0,1
21400,0.0,0.0,0,0,1,0,67.913,3.493,1,1,1,0,39.071,0.0,0,0.0,0,0,0,1,0,1,0,1,0,0,0,12192.0,2,1,1,1,0,0,1,0,8.3,270.3,0,0,0,0,0,1
21500,0.0,0.0,0,0,1,0,68.257,3.436,1,1,1,0,39.071,0.0,0,0.0,0,0,0,1,0,1,0,1,0,0,0,12192.0,2,1,1,1,0,0,1,0,8.2,271.7,0,0,0,0,0,1
21600,0.0,0.0,0,0,1,0,68.595,3.38,1,1,1,0,39.071,0.0,0,0.0,0,0,0,1,0,1,0,1,0,0,0,12192.0,2,1,1,1,0,0,1,0,8.5,272.1,0,0,0,0,0,1
21700,0.0,0.0,0,0,1,0,68.927,3.323,1,1,1,0,39.071,0.0,0,0.0,0,0,0,1,0,1,0,1,0,0,0,12192.0,2,1,1,1,0,0,1,0,8.7,268.4,0,0,0,0,0,1
21800,0.0,0.0,0,0,1,0,69.254,3.266,1,1,1,0,39.071,0.0,0,0.0,0,0,0,1,0,1,0,1,0,0,0,12192.0,2,1,1,1,0,0,1,0,9.2,269.8,0,0,0,0,0,1
21900,0.0,0.0,0,0,1,0,69.574,3.209,1,1,1,0,39.071,0.0,0,0.0,0,0,0,1,0,1,0,1,0,0,0,12192.0,2,1,1,1,0,0,1,0,8.0,268.7,0,0,0,0,0,1
22000,0.0,0.0,0,0,1,0,69.89,3.153,1,1,1,0,39.071,0.0,0,0.0,0,0,0,1,0,1,0,1,0,0,0,12192.0,2,1,1,1,0,0,1,0,8.6,270.8,0,0,0,0,0,1
22100,0.0,0.0,0,0,1,0,70.199,3.096,1,1,1,0,39.071,0.0,0,0.0,0,0,0,1,0,1,0,1,0,0,0,12192.0,2,1,1,1,0,0,1,0,7.7,274.8,0,0,0,0,0,1
22200,0.0,0.0,0,0,1,0,70.503,3.039,1,1,1,0,39.071,0.0,0,0.0,0,0,0,1,0,1,0,1,0,0,0,12192.0,2,1,1,1,0,0,1,0,8.5,267.8,0,0,0,0,0,1
22300,0.0,0.0,0,0,1,0,70.801,2.982,1,1,1,0,39.071,0.0,0,0.0,0,0,0,1,0,1,0,1,0,0,0,12192.0,2,1,1,1,0,0,1,0,8.5,269.3,0,0,0,0,0,1
22400,0.0,0.0,0,0,1,0,71.094,2.926,1,1,1,0,39.071,0.0,0,0.0,0,0,0,1,0,1,0,1,0,0,0,12192.0,2,1,1,1,0,0,1,0,7.8,268.9,0,0,0,0,0,1
22500,0.0,0.0,0,0,1,0,71.381,2.869,1,1,1,0,39.071,0.0,0,0.0,0,0,0,1,0,1,0,1,0,0,0,12192.0,2,1,1,1,0,0,1,0,7.9,269.1,0,0,0,0,0,1
22600,0.0,0.0,0,0,1,0,71.662,2.812,1,1,1,0,39.071,0.0,0,0.0,0,0,0,1,0,1,0,1,0,0,0,12192.0,2,1,1,1,0,0,1,0,7.9,269.2,0,0,0,0,0,1
22700,0.0,0.0,0,0,1,0,71.938,2.756,1,1,1,0,39.071,0.0,0,0.0,0,0,0,1,0,1,0,1,0,0,0,12192.0,2,1,1,1,0,0,1,0,8.0,268.7,0,0,0,0,0,1
22800,0.0,0.0,0,0,1,0,72.208,2.699,1,1,1,0,39.071,0.0,0,0.0,0,0,0,1,0,1,0,1,0,0,0,12192.0,2,1,1,1,0,0,1,0,7.7,271.1,0,0,0,0,0,1
22900,0.0,0.0,0,0,1,0,72.472,2.642,1,1,1,0,39.071,0.0,0,0.0,0,0,0,1,0,1,0,1,0,0,0,12192.0,2,1,1,1,0,0,1,0,8.1,270.0,0,0,0,0,0,1
23000,0.0,0.0,0,0,1,0,72.73,2.585,1,1,1,0,39.071,0.0,0,0.0,0,0,0,1,0,1,0,1,0,0,0,12192.0,2,1,1,1,0,0,1,0,7.5,267.7,0,0,0,0,0,1
23100,0.0,0.0,0,0,1,0,72.983,2.529,1,1,1,0,39.071,0.0,0,0.0,0,0,0,1,0,1,0,1,0,0,0,12192.0,2,1,1,1,0,0,1,0,7.5,266.8,0,0,0,0,0,1
23200,0.0,0.0,0,0,1,0,73.23,2.472,1,1,1,0,39.071,0.0,0,0.0,0,0,0,1,0,1,0,1,0,0,0,12192.0,2,1,1,1,0,0,1,0,8.2,274.2,0,0,0,0,0,1
23300,0.0,0.0,0,0,1,0,73.472,2.415,1,1,1,0,39.071,0.0,0,0.0,0,0,0,1,0,1,0,1,0,0,0,12192.0,2,1,1,1,0,0,1,0,8.2,272.8,0,0,0,0,0,1
23400,0.0,0.0,0,0,1,0,73.708,2.358,1,1,1,0,39.071,0.0,0,0.0,0,0,0,1,0,1,0,1,0,0,0,12192.0,2,1,1,1,0,0,1,0,7.7,268.9,0,0,0,0,0,1
23500,0.0,0.0,0,0,1,0,73.938,2.302,1,1,1,0,39.071,0.0,0,0.0,0,0,0,1,0,1,0,1,0,0,0,12192.0,2,1,1,1,0,0,1,0,7.9,268.7,0,0,0,0,0,1
23600,0.0,0.0,0,0,1,0,74.162,2.245,1,1,1,0,39.071,0.0,0,0.0,0,0,0,1,0,1,0,1,0,0,0,12192.0,2,1,1,1,0,0,1,0,7.0,270.0,0,0,0,0,0,1
23700,0.0,0.0,0,0,1,0,74.381,2.188,1,1,1,0,39.071,0.0,0,0.0,0,0,0,1,0,1,0,1,0,0,0,12192.0,2,1,1,1,0,0,1,0,7.6,267.9,0,0,0,0,0,1
23800,0.0,0.0,0,0,1,0,74.594,2.131,1,1,1,0,39.071,0.0,0,0.0,0,0,0,1,0,1,0,1,0,0,0,12192.0,2,1,1,1,0,0,1,0,7.3,269.4,0,0,0,0,0,1
23900,0.0,0.0,0,0,1,0,74.802,2.075,1,1,1,0,39.071,0.0,0,0.0,0,0,0,1,0,1,0,1,0,0,0,12192.0,2,1,1,1,0,0,1,0,8.1,273.2,0,0,0,0,0,1
24000,0.0,0.0,0,0,1,0,75.004,2.018,1,1,1,0,39.071,0.0,0,0.0,0,0,0,1,0,1,0,1,0,0,0,12192.0,2,1,1,1,0,0,1,0,8.0,270.4,0,0,0,0,0,1
24100,0.0,0.0,0,0,1,0,75.2,1.961,1,1,1,0,39.071,0.0,0,0.0,0,0,0,1,0,1,0,1,0,0,0,12192.0,2,1,1,1,0,0,1,0,6.0,267.8,0,0,0,0,0,1
24200,0.0,0.0,0,0,1,0,75.39,1.904,1,1,1,0,39.071,0.0,0,0.0,0,0,0,1,0,1,0,1,0,0,0,12192.0,2,1,1,1,0,0,1,0,6.9,268.7,0,0,0,0,0,1
24300,0.0,0.0,0,0,1,0,75.575,1.848,1,1,1,0,39.071,0.0,0,0.0,0,0,0,1,0,1,0,1,0,0,0,12192.0,2,1,1,1,0,0,1,0,7.4,267.3,0,0,0,0,0,1
24400,0.0,0.0,0,0,1,0,75.754,1.791,1,1,1,0,39.071,0.0,0,0.0,0,0,0,1,0,1,0,1,0,0,0,12192.0,2,1,1,1,0,0,1,0,7.4,271.9,0,0,0,0,0,1
24500,0.0,0.0,0,0,1,0,75.927,1.734,1,1,1,0,39.071,0.0,0,0.0,0,0,0,1,0,1,0,1,0,0,0,12192.0,2,1,1,1,0,0,1,0,7.4,267.6,0,0,0,0,0,1
24600,0.0,0.0,0,0,1,0,76.095,1.678,1,1,1,0,39.071,0.0,0,0.0,0,0,0,1,0,1,0,1,0,0,0,12192.0,2,1,1,1,0,0,1,0,6.7,270.5,0,0,0,0,0,1
24700,0.0,0.0,0,0,1,0,76.257,1.621,1,1,1,0,39.071,0.0,0,0.0,0,0,0,1,0,1,0,1,0,0,0,12192.0,2,1,1,1,0,0,1,0,7.6,270.2,0,0,0,0,0,1
24800,0.0,0.0,0,0,1,0,76.414,1.564,1,1,1,0,39.071,0.0,0,0.0,0,0,0,1,0,1,0,1,0,0,0,12192.0,2,1,1,1,0,0,1,0,8.4,268.1,0,0,0,0,0,1
24900,0.0,0.0,0,0,1,0,76.564,1.507,1,1,1,0,39.071,0.0,0,0.0,0,0,0,1,0,1,0,1,0,0,0,12192.0,2,1,1,1,0,0,1,0,7.2,269.6,0,0,0,0,0,1
25000,0.0,0.0,0,0,1,0,76.71,1.451,1,1,1,0,39.071,0.0,0,0.0,0,0,0,1,0,1,0,1,0,0,0,12192.0,2,1,1,1,0,0,1,0,7.6,271.9,0,0,0,0,0,1
25100,0.0,0.0,0,0,1,0,76.849,1.394,1,1,1,0,39.071,0.0,0,0.0,0,0,0,1,0,1,0,1,0,0,0,12192.0,2,1,1,1,0,0,1,0,7.9,270.4,0,0,0,0,0,1
25200,0.0,0.0,0,0,1,0,76.983,1.337,1,1,1,0,39.071,0.0,0,0.0,0,0,0,1,0,1,0,1,0,0,0,12192.0,2,1,1,1,0,0,1,0,7.8,267.3,0,0,0,0,0,1
25300,0.0,0.0,0,0,1,0,77.111,1.28,1,1,1,0,39.071,0.0,0,0.0,0,0,0,1,0,1,0,1,0,0,0,12192.0,2,1,1,1,0,0,1,0,7.8,268.3,0,0,0,0,0,1
25400,0.0,0.0,0,0,1,0,77.233,1.224,1,1,1,0,39.071,0.0,0,0.0,0,0,0,1,0,1,0,1,0,0,0,12192.0,2,1,1,1,0,0,1,0,7.5,268.0,0,0,0,0,0,1
25500,0.0,0.0,0,0,1,0,77.35,1.167,1,1,1,0,39.071,0.0,0,0.0,0,0,0,1,0,1,0,1,0,0,0,12192.0,2,1,1,1,0,0,1,0,6.9,272.8,0,0,0,0,0,1
25600,0.0,0.0,0,0,1,0,77.466,1.167,1,1,1,0,39.071,0.0,0,0.0,0,0,0,1,0,1,0,1,0,0,0,12192.0,2,1,1,1,0,0,1,0,7.4,272.6,0,0,0,0,0,1
25700,0.0,0.0,0,0,1,0,77.577,1.109,1,1,1,0,39.071,0.0,0,0.0,0,0,0,1,0,1,0,1,0,0,0,12192.0,2,1,1,1,0,0,1,0,7.4,272.9,0,0,0,0,0,1
25800,0.0,0.0,0,0,1,0,77.682,1.051,1,1,1,0,39.071,0.0,0,0.0,0,0,0,1,0,1,0,1,0,0,0,12192.0,2,1,1,1,0,0,1,0,8.2,267.8,0,0,0,0,0,1
25900,0.0,0.0,0,0,1,0,77.782,0.992,1,1,1,0,39.071,0.0,0,0.0,0,0,0,1,0,1,0,1,0,0,0,12192.0,2,1,1,1,0,0,1,0,7.6,272.4,0,0,0,0,0,1
26000,0.0,0.0,0,0,1,0,77.875,0.934,1,1,1,0,39.071,0.0,0,0.0,0,0,0,1,0,1,0,1,0,0,0,12192.0,2,1,1,1,0,0,1,0,7.9,270.4,0,0,0,0,0,1
26100,0.0,0.0,0,0,1,0,77.962,0.875,1,1,1,0,39.071,0.0,0,0.0,0,0,0,1,0,1,0,1,0,0,0,12192.0,2,1,1,1,0,0,1,0,8.3,271.3,0,0,0,0,0,1
26200,0.0,0.0,0,0,1,0,78.044,0.816,1,1,1,0,39.071,0.0,0,0.0,0,0,0,1,0,1,0,1,0,0,0,12192.0,2,1,1,1,0,0,1,0,7.6,270.5,0,0,0,0,0,1
26300,0.0,0.0,0,0,1,0,78.12,0.758,1,1,1,0,39.071,0.0,0,0.0,0,0,0,1,0,1,0,1,0,0,0,12192.0,2,1,1,1,0,0,1,0,7.0,269.9,0,0,0,0,0,1
26400,0.0,0.0,0,0,1,0,78.19,0.699,1,1,1,0,39.071,0.0,0,0.0,0,0,0,1,0,1,0,1,0,0,0,12192.0,2,1,1,1,0,0,1,0,7.4,267.6,0,0,0,0,0,1
26500,0.0,0.0,0,0,1,0,78.254,0.639,1,1,1,0,39.071,0.0,0,0.0,0,0,0,1,0,1,0,1,0,0,0,12192.0,2,1,1,1,0,0,1,0,7.4,269.0,0,0,0,0,0,1
26600,0.0,0.0,0,0,1,0,78.312,0.58,1,1,1,0,39.071,0.0,0,0.0,0,0,0,1,0,1,0,1,0,0,0,12192.0,2,1,1,1,0,0,1,0,8.0,270.1,0,0,0,0,0,1
26700,0.0,0.0,0,0,1,0,78.364,0.52,1,1,1,0,39.071,0.0,0,0.0,0,0,0,1,0,1,0,1,0,0,0,12192.0,2,1,1,1,0,0,1,0,7.4,272.6,0,0,0,0,0,1
26800,0.0,0.0,0,0,1,0,78.41,0.46,1,1,1,0,39.071,0.0,0,0.0,0,0,0,1,0,1,0,1,0,0,0,12192.0,2,1,1,1,0,0,1,0,7.7,262.3,0,0,0,0,0,1
26900,0.0,0.0,0,0,1,0,78.45,0.399,1,1,1,0,39.071,0.0,0,0.0,0,0,0,1,0,1,0,1,0,0,0,12192.0,2,1,1,1,0,0,1,0,9.4,267.8,0,0,0,0,0,1
27000,0.0,0.0,0,0,1,0,78.483,0.338,1,1,1,0,39.071,0.0,0,0.0,0,0,0,1,0,1,0,1,0,0,0,12192.0,2,1,1,1,0,0,1,0,8.1,265.6,0,0,0,0,0,1
27100,0.0,0.0,0,0,1,0,78.511,0.275,1,1,1,0,39.071,0.0,0,0.0,0,0,0,1,0,1,0,1,0,0,0,12192.0,2,1,1,1,0,0,1,0,8.5,272.1,0,0,0,0,0,1
27200,0.0,0.0,0,0,1,0,78.532,0.211,1,1,1,0,39.071,0.0,0,0.0,0,0,0,1,0,1,0,1,0,0,0,12192.0,2,1,1,1,0,0,1,0,9.4,267.4,0,0,0,0,0,1
27300,0.0,0.0,0,0,1,0,78.546,0.143,1,1,1,0,39.071,0.0,0,0.0,0,0,0,1,0,1,0,1,0,0,0,12192.0,2,1,1,1,0,0,1,0,7.7,266.5,0,0,0,0,0,1
27400,0.0,0.0,0,0,1,0,78.553,0.065,1,1,1,0,39.071,0.0,0,0.0,0,0,0,1,0,1,0,1,0,0,0,12192.0,2,1,1,1,0,0,1,0,8.5,271.9,0,0,0,0,0,1
27500,0.0,0.0,0,0,0,0,78.554,0.0,0,0,0,0,39.071,0.0,0,0.0,0,0,0,0,0,1,0,1,0,0,0,12192.0,2,1,1,0,1,0,1,0,7.1,267.4,0,0,0,0,0,1
27600,0.0,0.0,0,0,1,0,78.554,0.0,0,0,1,0,39.066,-0.052,0,0.0,0,0,1,1,0,1,0,1,0,0,0,12192.0,2,1,1,1,0,0,1,0,9.2,268.9,0,0,0,0,0,1
27700,0.0,0.0,0,0,1,0,78.554,0.0,0,0,1,0,39.055,-0.103,0,0.0,0,0,1,1,0,1,0,1,0,0,0,12192.0,2,1,1,1,0,0,1,0,9.1,271.5,0,0,0,0,0,1
27800,0.0,0.0,0,0,1,0,78.554,0.0,0,0,1,0,39.04,-0.155,0,0.0,0,0,1,1,0,1,0,1,0,0,0,12192.0,2,1,1,1,0,0,1,0,9.1,265.6,0,0,0,0,0,1
27900,0.0,0.0,0,0,1,0,78.554,0.0,0,0,1,0,39.019,-0.207,0,0.0,0,0,1,1,0,1,0,1,0,0,0,12192.0,2,1,1,1,0,0,1,0,9.0,269.1,0,0,0,0,0,1
28000,0.0,0.0,0,0,1,0,78.554,0.0,0,0,1,0,38.993,-0.258,0,0.0,0,0,1,1,0,1,0,1,0,0,0,12192.0,2,1,1,1,0,0,1,0,8.6,270.0,0,0,0,0,0,1
28100,0.0,0.0,0,0,1,0,78.554,0.0,0,0,1,0,38.962,-0.31,0,0.0,0,0,1,1,0,1,0,1,0,0,0,12192.0,2,1,1,1,0,0,1,0,8.2,272.0,0,0,0,0,0,1
28200,0.0,0.0,0,0,1,0,78.554,0.0,0,0,1,0,38.926,-0.362,0,0.0,0,0,1,1,0,1,0,1,0,0,0,12192.0,2,1,1,1,0,0,1,0,8.3,271.3,0,0,0,0,0,1
28300,0.0,0.0,0,0,1,0,78.554,0.0,0,0,1,0,38.885,-0.413,0,0.0,0,0,1,1,0,1,0,1,0,0,0,12192.0,2,1,1,1,0,0,1,0,8.3,272.1,0,0,0,0,0,1
28400,0.0,0.0,0,0,1,0,78.554,0.0,0,0,1,0,38.838,-0.465,0,0.0,0,0,1,1,0,1,0,1,0,0,0,12192.0,2,1,1,1,0,0,1,0,8.7,273.5,0,0,0,0,0,1
28500,0.0,0.0,0,0,1,0,78.554,0.0,0,0,1,0,38.787,-0.516,0,0.0,0,0,1,1,0,1,0,1,0,0,0,12192.0,2,1,1,1,0,0,1,0,8.0,265.5,0,0,0,0,0,1
28600,0.0,0.0,0,0,1,0,78.554,0.0,0,0,1,0,38.73,-0.568,0,0.0,0,0,1,1,0,1,0,1,0,0,0,12192.0,2,1,1,1,0,0,1,0,7.6,270.3,0,0,0,0,0,1
28700,0.0,0.0,0,0,1,0,78.554,0.0,0,0,1,0,38.668,-0.62,0,0.0,0,0,1,1,0,1,0,1,0,0,0,12192.0,2,1,1,1,0,0,1,0,8.1,272.6,0,0,0,0,0,1
28800,0.0,0.0,0,0,1,0,78.554,0.0,0,0,1,0,38.601,-0.671,0,0.0,0,0,1,1,0,1,0,1,0,0,0,12192.0,2,1,1,1,0,0,1,0,8.4,267.6,0,0,0,0,0,1
28900,0.0,0.0,0,0,1,0,78.554,0.0,0,0,1,0,38.529,-0.723,0,0.0,0,0,1,1,0,1,0,1,0,0,0,12192.0,2,1,1,1,0,0,1,0,8.5,272.0,0,0,0,0,0,1
29000,0.0,0.0,0,0,1,0,78.554,0.0,0,0,1,0,38.451,-0.775,0,0.0,0,0,1,1,0,1,0,1,0,0,0,12192.0,2,1,1,1,0,0,1,0,8.7,269.7,0,0,0,0,0,1
29100,0.0,0.0,0,0,1,0,78.554,0.0,0,0,1,0,38.369,-0.826,0,0.0,0,0,1,1,0,1,0,1,0,0,0,12192.0,2,1,1,1,0,0,1,0,7.7,271.5,0,0,0,0,0,1
29200,0.0,0.0,0,0,1,0,78.554,0.0,0,0,1,0,38.281,-0.878,0,0.0,0,0,1,1,0,1,0,1,0,0,0,12192.0,2,1,1,1,0,0,1,0,9.5,268.2,0,0,0,0,0,1
29300,0.0,0.0,0,0,1,0,78.554,0.0,0,0,1,0,38.188,-0.93,0,0.0,0,0,1,1,0,1,0,1,0,0,0,12192.0,2,1,1,1,0,0,1,0,9.4,268.6,0,0,0,0,0,1
29400,0.0,0.0,0,0,1,0,78.554,0.0,0,0,1,0,38.09,-0.981,0,0.0,0,0,1,1,0,1,0,1,0,0,0,12192.0,2,1,1,1,0,0,1,0,9.0,269.8,0,0,0,0,0,1
29500,0.0,0.0,0,0,1,0,78.554,0.0,0,0,1,0,37.986,-1.033,0,0.0,0,0,1,1,0,1,0,1,0,0,0,12192.0,2,1,1,1,0,0,1,0,8.4,268.5,0,0,0,0,0,1
29600,0.0,0.0,0,0,1,0,78.554,0.0,0,0,1,0,37.878,-1.085,0,0.0,0,0,1,1,0,1,0,1,0,0,0,12192.0,2,1,1,1,0,0,1,0,8.1,271.2,0,0,0,0,0,1
29700,0.0,0.0,0,0,1,0,78.554,0.0,0,0,1,0,37.764,-1.136,0,0.0,0,0,1,1,0,1,0,1,0,0,0,12192.0,2,1,1,1,0,0,1,0,9.1,267.4,0,0,0,0,0,1
29800,0.0,0.0,0,0,1,0,78.554,0.0,0,0,1,0,37.646,-1.183,0,0.0,0,0,1,1,0,1,0,1,0,0,0,12192.0,2,1,1,1,0,0,1,0,8.8,272.6,0,0,0,0,0,1
29900,0.0,0.0,0,0,1,0,78.554,0.0,0,0,1,0,37.528,-1.183,0,0.0,0,0,1,1,0,1,0,1,0,0,0,12192.0,2,1,1,1,0,0,1,0,8.4,270.4,0,0,0,0,0,1
30000,0.0,0.0,0,0,1,0,78.554,0.0,0,0,1,0,37.409,-1.183,0,0.0,0,0,1,1,0,1,0,1,0,0,0,12192.0,2,1,1,1,0,0,1,0,8.3,271.2,0,0,0,0,0,1
30100,0.0,0.0,0,0,1,0,78.554,0.0,0,0,1,0,37.291,-1.183,0,0.0,0,0,1,1,0,1,0,1,0,0,0,12192.0,2,1,1,1,0,0,1,0,8.4,271.1,0,0,0,0,0,1
30200,0.0,0.0,0,0,1,0,78.554,0.0,0,0,1,0,37.173,-1.183,0,0.0,0,0,1,1,0,1,0,1,0,0,0,12192.0,2,1,1,1,0,0,1,0,9.0,276.8,0,0,0,0,0,1
30300,0.0,0.0,0,0,1,0,78.554,0.0,0,0,1,0,37.055,-1.183,0,0.0,0,0,1,1,0,1,0,1,0,0,0,12192.0,2,1,1,1,0,0,1,0,8.8,267.1,0,0,0,0,0,1
30400,0.0,0.0,0,0,1,0,78.554,0.0,0,0,1,0,36.936,-1.183,0,0.0,0,0,1,1,0,1,0,1,0,0,0,12192.0,2,1,1,1,0,0,1,0,7.7,268.8,0,0,0,0,0,1
30500,0.0,0.0,0,0,1,0,78.554,0.0,0,0,1,0,36.818,-1.183,0,0.0,0,0,1,1,0,1,0,1,0,0,0,12192.0,2,1,1,1,0,0,1,0,7.8,274.0,0,0,0,0,0,1
30600,0.0,0.0,0,0,1,0,78.554,0.0,0,0,1,0,36.7,-1.183,0,0.0,0,0,1,1,0,1,0,1,0,0,0,12192.0,2,1,1,1,0,0,1,0,8.5,266.5,0,0,0,0,0,1
30700,0.0,0.0,0,0,1,0,78.554,0.0,0,0,1,0,36.582,-1.183,0,0.0,0,0,1,1,0,1,0,1,0,0,0,12192.0,2,1,1,1,0,0,1,0,9.2,271.5,0,0,0,0,0,1
30800,0.0,0.0,0,0,1,0,78.554,0.0,0,0,1,0,36.463,-1.183,0,0.0,0,0,1,1,0,1,0,1,0,0,0,12192.0,2,1,1,1,0,0,1,0,8.7,268.6,0,0,0,0,0,1
30900,0.0,0.0,0,0,1,0,78.554,0.0,0,0,1,0,36.345,-1.183,0,0.0,0,0,1,1,0,1,0,1,0,0,0,12192.0,2,1,1,1,0,0,1,0,8.5,274.4,0,0,0,0,0,1
31000,0.0,0.0,0,0,1,0,78.554,0.0,0,0,1,0,36.227,-1.183,0,0.0,0,0,1,1,0,1,0,1,0,0,0,12192.0,2,1,1,1,0,0,1,0,7.6,272.0,0,0,0,0,0,1
31100,0.0,0.0,0,0,1,0,78.554,0.0,0,0,1,0,36.108,-1.183,0,0.0,0,0,1,1,0,1,0,1,0,0,0,12192.0,2,1,1,1,0,0,1,0,8.1,272.7,0,0,0,0,0,1
31200,0.0,0.0,0,0,1,0,78.554,0.0,0,0,1,0,35.99,-1.183,0,0.0,0,0,1,1,0,1,0,1,0,0,0,12192.0,2,1,1,1,0,0,1,0,8.3,272.5,0,0,0,0,0,1
31300,0.0,0.0,0,0,1,0,78.554,0.0,0,0,1,0,35.872,-1.183,0,0.0,0,0,1,1,0,1,0,1,0,0,0,12192.0,2,1,1,1,0,0,1,0,7.4,267.7,0,0,0,0,0,1
31400,0.0,0.0,0,0,1,0,78.554,0.0,0,0,1,0,35.754,-1.183,0,0.0,0,0,1,1,0,1,0,1,0,0,0,12192.0,2,1,1,1,0,0,1,0,8.0,264.9,0,0,0,0,0,1
31500,0.0,0.0,0,0,1,0,78.554,0.0,0,0,1,0,35.635,-1.183,0,0.0,0,0,1,1,0,1,0,1,0,0,0,12192.0,2,1,1,1,0,0,1,0,8.1,268.2,0,0,0,0,0,1
31600,0.0,0.0,0,0,1,0,78.554,0.0,0,0,1,0,35.517,-1.183,0,0.0,0,0,1,1,0,1,0,1,0,0,0,12192.0,2,1,1,1,0,0,1,0,7.9,269.5,0,0,0,0,0,1
31700,0.0,0.0,0,0,1,0,78.554,0.0,0,0,1,0,35.399,-1.183,0,0.0,0,0,1,1,0,1,0,1,0,0,0,12192.0,2,1,1,1,0,0,1,0,8.4,268.8,0,0,0,0,0,1
31800,0.0,0.0,0,0,1,0,78.554,0.0,0,0,1,0,35.281,-1.183,0,0.0,0,0,1,1,0,1,0,1,0,0,0,12192.0,2,1,1,1,0,0,1,0,6.5,268.0,0,0,0,0,0,1
31900,0.0,0.0,0,0,1,0,78.554,0.0,0,0,1,0,35.162,-1.183,0,0.0,0,0,1,1,0,1,0,1,0,0,0,12192.0,2,1,1,1,0,0,1,0,7.8,268.1,0,0,0,0,0,1
32000,0.0,0.0,0,0,1,0,78.554,0.0,0,0,1,0,35.044,-1.183,0,0.0,0,0,1,1,0,1,0,1,0,0,0,12192.0,2,1,1,1,0,0,1,0,7.5,268.8,0,0,0,0,0,1
32100,0.0,0.0,0,0,1,0,78.554,0.0,0,0,1,0,34.926,-1.183,0,0.0,0,0,1,1,0,1,0,1,0,0,0,12192.0,2,1,1,1,0,0,1,0,7.0,271.2,0,0,0,0,0,1
32200,0.0,0.0,0,0,1,0,78.554,0.0,0,0,1,0,34.807,-1.183,0,0.0,0,0,1,1,0,1,0,1,0,0,0,12192.0,2,1,1,1,0,0,1,0,7.8,271.1,0,0,0,0,0,1
32300,0.0,0.0,0,0,1,0,78.554,0.0,0,0,1,0,34.689,-1.183,0,0.0,0,0,1,1,0,1,0,1,0,0,0,12192.0,2,1,1,1,0,0,1,0,7.4,268.2,0,0,0,0,0,1
32400,0.0,0.0,0,0,1,0,78.554,0.0,0,0,1,0,34.571,-1.183,0,0.0,0,0,1,1,0,1,0,1,0,0,0,12192.0,2,1,1,1,0,0,1,0,7.8,268.7,0,0,0,0,0,1
32500,0.0,0.0,0,0,1,0,78.554,0.0,0,0,1,0,34.453,-1.183,0,0.0,0,0,1,1,0,1,0,1,0,0,0,12192.0,2,1,1,1,0,0,1,0,8.2,272.1,0,0,0,0,0,1
32600,0.0,0.0,0,0,1,0,78.554,0.0,0,0,1,0,34.334,-1.183,0,0.0,0,0,1,1,0,1,0,1,0,0,0,12192.0,2,1,1,1,0,0,1,0,6.9,269.3,0,0,0,0,0,1
32700,0.0,0.0,0,0,1,0,78.554,0.0,0,0,1,0,34.216,-1.183,0,0.0,0,0,1,1,0,1,0,1,0,0,0,12192.0,2,1,1,1,0,0,1,0,8.2,268.3,0,0,0,0,0,1
32800,0.0,0.0,0,0,1,0,78.554,0.0,0,0,1,0,34.098,-1.183,0,0.0,0,0,1,1,0,1,0,1,0,0,0,12192.0,2,1,1,1,0,0,1,0,7.9,266.9,0,0,0,0,0,1
32900,0.0,0.0,0,0,1,0,78.554,0.0,0,0,1,0,33.98,-1.183,0,0.0,0,0,1,1,0,1,0,1,0,0,0,12192.0,2,1,1,1,0,0,1,0,7.1,272.0,0,0,0,0,0,1
33000,0.0,0.0,0,0,1,0,78.554,0.0,0,0,1,0,33.861,-1.183,0,0.0,0,0,1,1,0,1,0,1,0,0,0,12192.0,2,1,1,1,0,0,1,0,7.9,268.2,0,0,0,0,0,1
33100,0.0,0.0,0,0,1,0,78.554,0.0,0,0,1,0,33.743,-1.183,0,0.0,0,0,1,1,0,1,0,1,0,0,0,12192.0,2,1,1,1,0,0,1,0,7.3,271.7,0,0,0,0,0,1
33200,0.0,0.0,0,0,1,0,78.554,0.0,0,0,1,0,33.625,-1.183,0,0.0,0,0,1,1,0,1,0,1,0,0,0,12192.0,2,1,1,1,0,0,1,0,8.2,271.1,0,0,0,0,0,1
33300,0.0,0.0,0,0,1,0,78.554,0.0,0,0,1,0,33.506,-1.183,0,0.0,0,0,1,1,0,1,0,1,0,0,0,12192.0,2,1,1,1,0,0,1,0,7.7,273.4,0,0,0,0,0,1
33400,0.0,0.0,0,0,1,0,78.554,0.0,0,0,1,0,33.388,-1.183,0,0.0,0,0,1,1,0,1,0,1,0,0,0,12192.0,2,1,1,1,0,0,1,0,7.4,266.4,0,0,0,0,0,1
33500,0.0,0.0,0,0,1,0,78.554,0.0,0,0,1,0,33.27,-1.183,0,0.0,0,0,1,1,0,1,0,1,0,0,0,12192.0,2,1,1,1,0,0,1,0,7.5,268.0,0,0,0,0,0,1
33600,0.0,0.0,0,0,1,0,78.554,0.0,0,0,1,0,33.152,-1.183,0,0.0,0,0,1,1,0,1,0,1,0,0,0,12192.0,2,1,1,1,0,0,1,0,8.5,275.5,0,0,0,0,0,1
33700,0.0,0.0,0,0,1,0,78.554,0.0,0,0,1,0,33.033,-1.183,0,0.0,0,0,1,1,0,1,0,1,0,0,0,12192.0,2,1,1,1,0,0,1,0,7.8,265.4,0,0,0,0,0,1
33800,0.0,0.0,0,0,1,0,78.554,0.0,0,0,1,0,32.915,-1.183,0,0.0,0,0,1,1,0,1,0,1,0,0,0,12192.0,2,1,1,1,0,0,1,0,7.7,270.6,0,0,0,0,0,1
33900,0.0,0.0,0,0,1,0,78.554,0.0,0,0,1,0,32.797,-1.183,0,0.0,0,0,1,1,0,1,0,1,0,0,0,12192.0,2,1,1,1,0,0,1,0,7.6,276.0,0,0,0,0,0,1
34000,0.0,0.0,0,0,1,0,78.554,0.0,0,0,1,0,32.679,-1.183,0,0.0,0,0,1,1,0,1,0,1,0,0,0,12192.0,2,1,1,1,0,0,1,0,6.5,263.4,0,0,0,0,0,1
34100,0.0,0.0,0,0,1,0,78.554,0.0,0,0,1,0,32.56,-1.183,0,0.0,0,0,1,1,0,1,0,1,0,0,0,12192.0,2,1,1,1,0,0,1,0,7.4,270.3,0,0,0,0,0,1
34200,0.0,0.0,0,0,1,0,78.554,0.0,0,0,1,0,32.442,-1.183,0,0.0,0,0,1,1,0,1,0,1,0,0,0,12192.0,2,1,1,1,0,0,1,0,7.5,274.4,0,0,0,0,0,1
34300,0.0,0.0,0,0,1,0,78.554,0.0,0,0,1,0,32.324,-1.183,0,0.0,0,0,1,1,0,1,0,1,0,0,0,12192.0,2,1,1,1,0,0,1,0,7.2,267.7,0,0,0,0,0,1
34400,0.0,0.0,0,0,1,0,78.554,0.0,0,0,1,0,32.205,-1.183,0,0.0,0,0,1,1,0,1,0,1,0,0,0,12192.0,2,1,1,1,0,0,1,0,8.2,270.5,0,0,0,0,0,1
34500,0.0,0.0,0,0,1,0,78.554,0.0,0,0,1,0,32.087,-1.183,0,0.0,0,0,1,1,0,1,0,1,0,0,0,12192.0,2,1,1,1,0,0,1,0,7.4,270.4,0,0,0,0,0,1
34600,0.0,0.0,0,0,1,0,78.554,0.0,0,0,1,0,31.969,-1.183,0,0.0,0,0,1,1,0,1,0,1,0,0,0,12192.0,2,1,1,1,0,0,1,0,7.9,265.8,0,0,0,0,0,1
34700,0.0,0.0,0,0,1,0,78.554,0.0,0,0,1,0,31.851,-1.183,0,0.0,0,0,1,1,0,1,0,1,0,0,0,12192.0,2,1,1,1,0,0,1,0,7.9,270.5,0,0,0,0,0,1
34800,0.0,0.0,0,0,1,0,78.554,0.0,0,0,1,0,31.732,-1.183,0,0.0,0,0,1,1,0,1,0,1,0,0,0,12192.0,2,1,1,1,0,0,1,0,7.1,269.7,0,0,0,0,0,1
34900,0.0,0.0,0,0,1,0,78.554,0.0,0,0,1,0,31.614,-1.183,0,0.0,0,0,1,1,0,1,0,1,0,0,0,12192.0,2,1,1,1,0,0,1,0,7.8,266.9,0,0,0,0,0,1
35000,0.0,0.0,0,0,1,0,78.554,0.0,0,0,1,0,31.496,-1.183,0,0.0,0,0,1,1,0,1,0,1,0,0,0,12192.0,2,1,1,1,0,0,1,0,7.7,267.6,0,0,0,0,0,1
35100,0.0,0.0,0,0,1,0,78.554,0.0,0,0,1,0,31.378,-1.183,0,0.0,0,0,1,1,0,1,0,1,0,0,0,12192.0,2,1,1,1,0,0,1,0,7.9,269.1,0,0,0,0,0,1
35200,0.0,0.0,0,0,1,0,78.554,0.0,0,0,1,0,31.259,-1.183,0,0.0,0,0,1,1,0,1,0,1,0,0,0,12192.0,2,1,1,1,0,0,1,0,7.8,274.3,0,0,0,0,0,1
35300,0.0,0.0,0,0,1,0,78.554,0.0,0,0,1,0,31.141,-1.183,0,0.0,0,0,1,1,0,1,0,1,0,0,0,12192.0,2,1,1,1,0,0,1,0,7.8,273.6,0,0,0,0,0,1
35400,0.0,0.0,0,0,1,0,78.554,0.0,0,0,1,0,31.023,-1.183,0,0.0,0,0,1,1,0,1,0,1,0,0,0,12192.0,2,1,1,1,0,0,1,0,7.4,269.6,0,0,0,0,0,1
35500,0.0,0.0,0,0,1,0,78.554,0.0,0,0,1,0,30.904,-1.183,0,0.0,0,0,1,1,0,1,0,1,0,0,0,12192.0,2,1,1,1,0,0,1,0,8.1,271.4,0,0,0,0,0,1
35600,0.0,0.0,0,0,1,0,78.554,0.0,0,0,1,0,30.786,-1.183,0,0.0,0,0,1,1,0,1,0,1,0,0,0,12192.0,2,1,1,1,0,0,1,0,8.0,271.4,0,0,0,0,0,1
35700,0.0,0.0,0,0,1,0,78.554,0.0,0,0,1,0,30.668,-1.183,0,0.0,0,0,1,1,0,1,0,1,0,0,0,12192.0,2,1,1,1,0,0,1,0,7.6,270.1,0,0,0,0,0,1
35800,0.0,0.0,0,0,1,0,78.554,0.0,0,0,1,0,30.55,-1.183,0,0.0,0,0,1,1,0,1,0,1,0,0,0,12192.0,2,1,1,1,0,0,1,0,8.6,266.1,0,0,0,0,0,1
35900,0.0,0.0,0,0,1,0,78.554,0.0,0,0,1,0,30.431,-1.183,0,0.0,0,0,1,1,0,1,0,1,0,0,0,12192.0,2,1,1,1,0,0,1,0,7.4,271.5,0,0,0,0,0,1
36000,0.0,0.0,0,0,1,0,78.554,0.0,0,0,1,0,30.313,-1.183,0,0.0,0,0,1,1,0,1,0,1,0,0,0,12192.0,2,1,1,1,0,0,1,0,7.8,272.1,0,0,0,0,0,1
36100,0.0,0.0,0,0,1,0,78.554,0.0,0,0,1,0,30.195,-1.183,0,0.0,0,0,1,1,0,1,0,1,0,0,0,12192.0,2,1,1,1,0,0,1,0,8.6,271.0,0,0,0,0,0,1
36200,0.0,0.0,0,0,1,0,78.554,0.0,0,0,1,0,30.077,-1.183,0,0.0,0,0,1,1,0,1,0,1,0,0,0,12192.0,2,1,1,1,0,0,1,0,8.9,265.9,0,0,0,0,0,1
36300,0.0,0.0,0,0,1,0,78.554,0.0,0,0,1,0,29.958,-1.183,0,0.0,0,0,1,1,0,1,0,1,0,0,0,12192.0,2,1,1,1,0,0,1,0,8.7,269.0,0,0,0,0,0,1
36400,0.0,0.0,0,0,1,0,78.554,0.0,0,0,1,0,29.84,-1.183,0,0.0,0,0,1,1,0,1,0,1,0,0,0,12192.0,2,1,1,1,0,0,1,0,8.4,272.2,0,0,0,0,0,1
36500,0.0,0.0,0,0,1,0,78.554,0.0,0,0,1,0,29.722,-1.183,0,0.0,0,0,1,1,0,1,0,1,0,0,0,12192.0,2,1,1,1,0,0,1,0,9.6,265.8,0,0,0,0,0,1
36600,0.0,0.0,0,0,1,0,78.554,0.0,0,0,1,0,29.603,-1.183,0,0.0,0,0,1,1,0,1,0,1,0,0,0,12192.0,2,1,1,1,0,0,1,0,8.1,268.7,0,0,0,0,0,1
36700,0.0,0.0,0,0,1,0,78.554,0.0,0,0,1,0,29.485,-1.183,0,0.0,0,0,1,1,0,1,0,1,0,0,0,12192.0,2,1,1,1,0,0,1,0,8.2,275.5,0,0,0,0,0,1
36800,0.0,0.0,0,0,1,0,78.554,0.0,0,0,1,0,29.367,-1.183,0,0.0,0,0,1,1,0,1,0,1,0,0,0,12192.0,2,1,1,1,0,0,1,0,8.1,269.3,0,0,0,0,0,1
36900,0.0,0.0,0,0,1,0,78.554,0.0,0,0,1,0,29.249,-1.183,0,0.0,0,0,1,1,0,1,0,1,0,0,0,12192.0,2,1,1,1,0,0,1,0,7.7,269.8,0,0,0,0,0,1
37000,0.0,0.0,0,0,1,0,78.554,0.0,0,0,1,0,29.13,-1.183,0,0.0,0,0,1,1,0,1,0,1,0,0,0,12192.0,2,1,1,1,0,0,1,0,9.1,272.2,0,0,0,0,0,1
37100,0.0,0.0,0,0,1,0,78.554,0.0,0,0,1,0,29.012,-1.183,0,0.0,0,0,1,1,0,1,0,1,0,0,0,12192.0,2,1,1,1,0,0,1,0,8.0,271.6,0,0,0,0,0,1
37200,0.0,0.0,0,0,1,0,78.554,0.0,0,0,1,0,28.894,-1.183,0,0.0,0,0,1,1,0,1,0,1,0,0,0,12192.0,2,1,1,1,0,0,1,0,8.1,269.3,0,0,0,0,0,1
37300,0.0,0.0,0,0,1,0,78.554,0.0,0,0,1,0,28.775,-1.183,0,0.0,0,0,1,1,0,1,0,1,0,0,0,12192.0,2,1,1,1,0,0,1,0,8.0,268.3,0,0,0,0,0,1
37400,0.0,0.0,0,0,1,0,78.554,0.0,0,0,1,0,28.657,-1.183,0,0.0,0,0,1,1,0,1,0,1,0,0,0,12192.0,2,1,1,1,0,0,1,0,8.5,270.7,0,0,0,0,0,1
37500,0.0,0.0,0,0,1,0,78.554,0.0,0,0,1,0,28.539,-1.183,0,0.0,0,0,1,1,0,1,0,1,0,0,0,12192.0,2,1,1,1,0,0,1,0,8.0,273.8,0,0,0,0,0,1
37600,0.0,0.0,0,0,1,0,78.554,0.0,0,0,1,0,28.421,-1.183,0,0.0,0,0,1,1,0,1,0,1,0,0,0,12192.0,2,1,1,1,0,0,1,0,8.4,268.4,0,0,0,0,0,1
37700,0.0,0.0,0,0,1,0,78.554,0.0,0,0,1,0,28.302,-1.183,0,0.0,0,0,1,1,0,1,0,1,0,0,0,12192.0,2,1,1,1,0,0,1,0,8.4,271.6,0,0,0,0,0,1
37800,0.0,0.0,0,0,1,0,78.554,0.0,0,0,1,0,28.184,-1.183,0,0.0,0,0,1,1,0,1,0,1,0,0,0,12192.0,2,1,1,1,0,0,1,0,8.3,272.0,0,0,0,0,0,1
37900,0.0,0.0,0,0,1,0,78.554,0.0,0,0,1,0,28.066,-1.183,0,0.0,0,0,1,1,0,1,0,1,0,0,0,12192.0,2,1,1,1,0,0,1,0,8.2,270.5,0,0,0,0,0,1
38000,0.0,0.0,0,0,1,0,78.554,0.0,0,0,1,0,27.948,-1.183,0,0.0,0,0,1,1,0,1,0,1,0,0,0,12192.0,2,1,1,1,0,0,1,0,9.2,268.9,0,0,0,0,0,1
38100,0.0,0.0,0,0,1,0,78.554,0.0,0,0,1,0,27.829,-1.183,0,0.0,0,0,1,1,0,1,0,1,0,0,0,12192.0,2,1,1,1,0,0,1,0,9.1,271.5,0,0,0,0,0,1
38200,0.0,0.0,0,0,1,0,78.554,0.0,0,0,1,0,27.711,-1.183,0,0.0,0,0,1,1,0,1,0,1,0,0,0,12192.0,2,1,1,1,0,0,1,0,8.5,270.8,0,0,0,0,0,1
38300,0.0,0.0,0,0,1,0,78.554,0.0,0,0,1,0,27.593,-1.183,0,0.0,0,0,1,1,0,1,0,1,0,0,0,12192.0,2,1,1,1,0,0,1,0,7.9,273.6,0,0,0,0,0,1
38400,0.0,0.0,0,0,1,0,78.554,0.0,0,0,1,0,27.474,-1.183,0,0.0,0,0,1,1,0,1,0,1,0,0,0,12192.0,2,1,1,1,0,0,1,0,9.5,272.9,0,0,0,0,0,1
38500,0.0,0.0,0,0,1,0,78.554,0.0,0,0,1,0,27.356,-1.183,0,0.0,0,0,1,1,0,1,0,1,0,0,0,12192.0,2,1,1,1,0,0,1,0,8.2,268.3,0,0,0,0,0,1
38600,0.0,0.0,0,0,1,0,78.554,0.0,0,0,1,0,27.238,-1.183,0,0.0,0,0,1,1,0,1,0,1,0,0,0,12192.0,2,1,1,1,0,0,1,0,8.8,271.2,0,0,0,0,0,1
38700,0.0,0.0,0,0,1,0,78.554,0.0,0,0,1,0,27.12,-1.183,0,0.0,0,0,1,1,0,1,0,1,0,0,0,12192.0,2,1,1,1,0,0,1,0,7.5,266.7,0,0,0,0,0,1
38800,0.0,0.0,0,0,1,0,78.554,0.0,0,0,1,0,27.001,-1.183,0,0.0,0,0,1,1,0,1,0,1,0,0,0,12192.0,2,1,1,1,0,0,1,0,8.3,271.8,0,0,0,0,0,1
38900,0.0,0.0,0,0,1,0,78.554,0.0,0,0,1,0,26.883,-1.183,0,0.0,0,0,1,1,0,1,0,1,0,0,0,12192.0,2,1,1,1,0,0,1,0,8.8,269.9,0,0,0,0,0,1
39000,0.0,0.0,0,0,1,0,78.554,0.0,0,0,1,0,26.765,-1.183,0,0.0,0,0,1,1,0,1,0,1,0,0,0,12192.0,2,1,1,1,0,0,1,0,8.7,269.6,0,0,0,0,0,1
39100,0.0,0.0,0,0,1,0,78.554,0.0,0,0,1,0,26.647,-1.183,0,0.0,0,0,1,1,0,1,0,1,0,0,0,12192.0,2,1,1,1,0,0,1,0,7.5,269.0,0,0,0,0,0,1
39200,0.0,0.0,0,0,1,0,78.554,0.0,0,0,1,0,26.528,-1.183,0,0.0,0,0,1,1,0,1,0,1,0,0,0,12192.0,2,1,1,1,0,0,1,0,8.2,270.9,0,0,0,0,0,1
39300,0.0,0.0,0,0,1,0,78.554,0.0,0,0,1,0,26.41,-1.183,0,0.0,0,0,1,1,0,1,0,1,0,0,0,12192.0,2,1,1,1,0,0,1,0,8.7,268.5,0,0,0,0,0,1
39400,0.0,0.0,0,0,1,0,78.554,0.0,0,0,1,0,26.292,-1.183,0,0.0,0,0,1,1,0,1,0,1,0,0,0,12192.0,2,1,1,1,0,0,1,0,8.3,273.1,0,0,0,0,0,1
39500,0.0,0.0,0,0,1,0,78.554,0.0,0,0,1,0,26.173,-1.183,0,0.0,0,0,1,1,0,1,0,1,0,0,0,12192.0,2,1,1,1,0,0,1,0,8.7,268.9,0,0,0,0,0,1
39600,0.0,0.0,0,0,1,0,78.554,0.0,0,0,1,0,26.055,-1.183,0,0.0,0,0,1,1,0,1,0,1,0,0,0,12192.0,2,1,1,1,0,0,1,0,9.1,269.6,0,0,0,0,0,1
39700,0.0,0.0,0,0,1,0,78.554,0.0,0,0,1,0,25.937,-1.183,0,0.0,0,0,1,1,0,1,0,1,0,0,0,12192.0,2,1,1,1,0,0,1,0,8.8,266.2,0,0,0,0,0,1
39800,0.0,0.0,0,0,1,0,78.554,0.0,0,0,1,0,25.819,-1.183,0,0.0,0,0,1,1,0,1,0,1,0,0,0,12192.0,2,1,1,1,0,0,1,0,8.2,269.8,0,0,0,0,0,1
39900,0.0,0.0,0,0,1,0,78.554,0.0,0,0,1,0,25.7,-1.183,0,0.0,0,0,1,1,0,1,0,1,0,0,0,12192.0,2,1,1,1,0,0,1,0,8.6,264.7,0,0,0,0,0,1
40000,0.0,0.0,0,0,1,0,78.554,0.0,0,0,1,0,25.582,-1.183,0,0.0,0,0,1,1,0,1,0,1,0,0,0,12192.0,2,1,1,1,0,0,1,0,7.5,271.5,0,0,0,0,0,1
40100,0.0,0.0,0,0,1,0,78.554,0.0,0,0,1,0,25.464,-1.183,0,0.0,0,0,1,1,0,1,0,1,0,0,0,12192.0,2,1,1,1,0,0,1,0,8.2,268.8,0,0,0,0,0,1
40200,0.0,0.0,0,0,1,0,78.554,0.0,0,0,1,0,25.346,-1.183,0,0.0,0,0,1,1,0,1,0,1,0,0,0,12192.0,2,1,1,1,0,0,1,0,7.1,274.1,0,0,0,0,0,1
40300,0.0,0.0,0,0,1,0,78.554,0.0,0,0,1,0,25.227,-1.183,0,0.0,0,0,1,1,0,1,0,1,0,0,0,12192.0,2,1,1,1,0,0,1,0,7.9,270.2,0,0,0,0,0,1
40400,0.0,0.0,0,0,1,0,78.554,0.0,0,0,1,0,25.109,-1.183,0,0.0,0,0,1,1,0,1,0,1,0,0,0,12192.0,2,1,1,1,0,0,1,0,8.3,269.0,0,0,0,0,0,1
40500,0.0,0.0,0,0,1,0,78.554,0.0,0,0,1,0,24.991,-1.183,0,0.0,0,0,1,1,0,1,0,1,0,0,0,12192.0,2,1,1,1,0,0,1,0,8.4,269.8,0,0,0,0,0,1
40600,0.0,0.0,0,0,1,0,78.554,0.0,0,0,1,0,24.872,-1.183,0,0.0,0,0,1,1,0,1,0,1,0,0,0,12192.0,2,1,1,1,0,0,1,0,7.8,271.7,0,0,0,0,0,1
40700,0.0,0.0,0,0,1,0,78.554,0.0,0,0,1,0,24.754,-1.183,0,0.0,0,0,1,1,0,1,0,1,0,0,0,12192.0,2,1,1,1,0,0,1,0,9.0,267.8,0,0,0,0,0,1
40800,0.0,0.0,0,0,1,0,78.554,0.0,0,0,1,0,24.636,-1.183,0,0.0,0,0,1,1,0,1,0,1,0,0,0,12192.0,2,1,1,1,0,0,1,0,7.0,272.8,0,0,0,0,0,1
40900,0.0,0.0,0,0,1,0,78.554,0.0,0,0,1,0,24.518,-1.183,0,0.0,0,0,1,1,0,1,0,1,0,0,0,12192.0,2,1,1,1,0,0,1,0,7.6,273.4,0,0,0,0,0,1
41000,0.0,0.0,0,0,1,0,78.554,0.0,0,0,1,0,24.399,-1.183,0,0.0,0,0,1,1,0,1,0,1,0,0,0,12192.0,2,1,1,1,0,0,1,0,7.9,269.4,0,0,0,0,0,1
41100,0.0,0.0,0,0,1,0,78.554,0.0,0,0,1,0,24.281,-1.183,0,0.0,0,0,1,1,0,1,0,1,0,0,0,12192.0,2,1,1,1,0,0,1,0,8.2,270.8,0,0,0,0,0,1
41200,0.0,0.0,0,0,1,0,78.554,0.0,0,0,1,0,24.163,-1.183,0,0.0,0,0,1,1,0,1,0,1,0,0,0,12192.0,2,1,1,1,0,0,1,0,7.6,270.1,0,0,0,0,0,1
41300,0.0,0.0,0,0,1,0,78.554,0.0,0,0,1,0,24.045,-1.183,0,0.0,0,0,1,1,0,1,0,1,0,0,0,12192.0,2,1,1,1,0,0,1,0,8.2,270.6,0,0,0,0,0,1
41400,0.0,0.0,0,0,1,0,78.554,0.0,0,0,1,0,23.926,-1.183,0,0.0,0,0,1,1,0,1,0,1,0,0,0,12192.0,2,1,1,1,0,0,1,0,7.9,262.8,0,0,0,0,0,1
41500,0.0,0.0,0,0,1,0,78.554,0.0,0,0,1,0,23.808,-1.183,0,0.0,0,0,1,1,0,1,0,1,0,0,0,12192.0,2,1,1,1,0,0,1,0,7.8,275.1,0,0,0,0,0,1
41600,0.0,0.0,0,0,1,0,78.554,0.0,0,0,1,0,23.69,-1.183,0,0.0,0,0,1,1,0,1,0,1,0,0,0,12192.0,2,1,1,1,0,0,1,0,6.6,268.9,0,0,0,0,0,1
41700,0.0,0.0,0,0,1,0,78.554,0.0,0,0,1,0,23.571,-1.183,0,0.0,0,0,1,1,0,1,0,1,0,0,0,12192.0,2,1,1,1,0,0,1,0,8.1,266.1,0,0,0,0,0,1
41800,0.0,0.0,0,0,1,0,78.554,0.0,0,0,1,0,23.453,-1.183,0,0.0,0,0,1,1,0,1,0,1,0,0,0,12192.0,2,1,1,1,0,0,1,0,7.8,270.2,0,0,0,0,0,1
41900,0.0,0.0,0,0,1,0,78.554,0.0,0,0,1,0,23.335,-1.183,0,0.0,0,0,1,1,0,1,0,1,0,0,0,12192.0,2,1,1,1,0,0,1,0,7.5,271.1,0,0,0,0,0,1
42000,0.0,0.0,0,0,1,0,78.554,0.0,0,0,1,0,23.217,-1.183,0,0.0,0,0,1,1,0,1,0,1,0,0,0,12192.0,2,1,1,1,0,0,1,0,7.8,272.5,0,0,0,0,0,1
42100,0.0,0.0,0,0,1,0,78.554,0.0,0,0,1,0,23.098,-1.183,0,0.0,0,0,1,1,0,1,0,1,0,0,0,12192.0,2,1,1,1,0,0,1,0,7.6,271.8,0,0,0,0,0,1
42200,0.0,0.0,0,0,1,0,78.554,0.0,0,0,1,0,22.98,-1.183,0,0.0,0,0,1,1,0,1,0,1,0,0,0,12192.0,2,1,1,1,0,0,1,0,6.7,268.8,0,0,0,0,0,1
42300,0.0,0.0,0,0,1,0,78.554,0.0,0,0,1,0,22.862,-1.183,0,0.0,0,0,1,1,0,1,0,1,0,0,0,12192.0,2,1,1,1,0,0,1,0,7.6,273.1,0,0,0,0,0,1
42400,0.0,0.0,0,0,1,0,78.554,0.0,0,0,1,0,22.744,-1.183,0,0.0,0,0,1,1,0,1,0,1,0,0,0,12192.0,2,1,1,1,0,0,1,0,5.9,266.1,0,0,0,0,0,1
42500,0.0,0.0,0,0,1,0,78.554,0.0,0,0,1,0,22.625,-1.183,0,0.0,0,0,1,1,0,1,0,1,0,0,0,12192.0,2,1,1,1,0,0,1,0,7.4,272.3,0,0,0,0,0,1
42600,0.0,0.0,0,0,1,0,78.554,0.0,0,0,1,0,22.507,-1.183,0,0.0,0,0,1,1,0,1,0,1,0,0,0,12192.0,2,1,1,1,0,0,1,0,7.6,267.4,0,0,0,0,0,1
42700,0.0,0.0,0,0,1,0,78.554,0.0,0,0,1,0,22.389,-1.183,0,0.0,0,0,1,1,0,1,0,1,0,0,0,12192.0,2,1,1,1,0,0,1,0,7.4,274.8,0,0,0,0,0,1
42800,0.0,0.0,0,0,1,0,78.554,0.0,0,0,1,0,22.27,-1.183,0,0.0,0,0,1,1,0,1,0,1,0,0,0,12192.0,2,1,1,1,0,0,1,0,7.4,274.7,0,0,0,0,0,1
42900,0.0,0.0,0,0,1,0,78.554,0.0,0,0,1,0,22.152,-1.183,0,0.0,0,0,1,1,0,1,0,1,0,0,0,12192.0,2,1,1,1,0,0,1,0,7.2,263.0,0,0,0,0,0,1
43000,0.0,0.0,0,0,1,0,78.554,0.0,0,0,1,0,22.034,-1.183,0,0.0,0,0,1,1,0,1,0,1,0,0,0,12192.0,2,1,1,1,0,0,1,0,7.6,271.7,0,0,0,0,0,1
43100,0.0,0.0,0,0,1,0,78.554,0.0,0,0,1,0,21.916,-1.183,0,0.0,0,0,1,1,0,1,0,1,0,0,0,12192.0,2,1,1,1,0,0,1,0,7.3,272.3,0,0,0,0,0,1
43200,0.0,0.0,0,0,1,0,78.554,0.0,0,0,1,0,21.797,-1.183,0,0.0,0,0,1,1,0,1,0,1,0,0,0,12192.0,2,1,1,1,0,0,1,0,7.1,270.2,0,0,0,0,0,1
43300,0.0,0.0,0,0,1,0,78.554,0.0,0,0,1,0,21.679,-1.183,0,0.0,0,0,1,1,0,1,0,1,0,0,0,12192.0,2,1,1,1,0,0,1,0,7.5,271.7,0,0,0,0,0,1
43400,0.0,0.0,0,0,1,0,78.554,0.0,0,0,1,0,21.561,-1.183,0,0.0,0,0,1,1,0,1,0,1,0,0,0,12192.0,2,1,1,1,0,0,1,0,7.4,272.6,0,0,0,0,0,1
43500,0.0,0.0,0,0,1,0,78.554,0.0,0,0,1,0,21.443,-1.183,0,0.0,0,0,1,1,0,1,0,1,0,0,0,12192.0,2,1,1,1,0,0,1,0,7.6,269.8,0,0,0,0,0,1
43600,0.0,0.0,0,0,1,0,78.554,0.0,0,0,1,0,21.324,-1.183,0,0.0,0,0,1,1,0,1,0,1,0,0,0,12192.0,2,1,1,1,0,0,1,0,6.6,271.3,0,0,0,0,0,1
43700,0.0,0.0,0,0,1,0,78.554,0.0,0,0,1,0,21.206,-1.183,0,0.0,0,0,1,1,0,1,0,1,0,0,0,12192.0,2,1,1,1,0,0,1,0,7.5,267.8,0,0,0,0,0,1
43800,0.0,0.0,0,0,1,0,78.554,0.0,0,0,1,0,21.088,-1.183,0,0.0,0,0,1,1,0,1,0,1,0,0,0,12192.0,2,1,1,1,0,0,1,0,7.4,267.7,0,0,0,0,0,1
43900,0.0,0.0,0,0,1,0,78.554,0.0,0,0,1,0,20.969,-1.183,0,0.0,0,0,1,1,0,1,0,1,0,0,0,12192.0,2,1,1,1,0,0,1,0,7.5,265.6,0,0,0,0,0,1
44000,0.0,0.0,0,0,1,0,78.554,0.0,0,0,1,0,20.851,-1.183,0,0.0,0,0,1,1,0,1,0,1,0,0,0,12192.0,2,1,1,1,0,0,1,0,7.9,271.4,0,0,0,0,0,1
44100,0.0,0.0,0,0,1,0,78.554,0.0,0,0,1,0,20.733,-1.183,0,0.0,0,0,1,1,0,1,0,1,0,0,0,12192.0,2,1,1,1,0,0,1,0,8.0,272.3,0,0,0,0,0,1
44200,0.0,0.0,0,0,1,0,78.554,0.0,0,0,1,0,20.615,-1.183,0,0.0,0,0,1,1,0,1,0,1,0,0,0,12192.0,2,1,1,1,0,0,1,0,8.3,268.3,0,0,0,0,0,1
44300,0.0,0.0,0,0,1,0,78.554,0.0,0,0,1,0,20.496,-1.183,0,0.0,0,0,1,1,0,1,0,1,0,0,0,12192.0,2,1,1,1,0,0,1,0,7.7,269.2,0,0,0,0,0,1
44400,0.0,0.0,0,0,1,0,78.554,0.0,0,0,1,0,20.378,-1.183,0,0.0,0,0,1,1,0,1,0,1,0,0,0,12192.0,2,1,1,1,0,0,1,0,7.6,266.2,0,0,0,0,0,1
44500,0.0,0.0,0,0,1,0,78.554,0.0,0,0,1,0,20.26,-1.183,0,0.0,0,0,1,1,0,1,0,1,0,0,0,12192.0,2,1,1,1,0,0,1,0,8.3,269.7,0,0,0,0,0,1
44600,0.0,0.0,0,0,1,0,78.554,0.0,0,0,1,0,20.141,-1.183,0,0.0,0,0,1,1,0,1,0,1,0,0,0,12192.0,2,1,1,1,0,0,1,0,8.3,272.7,0,0,0,0,0,1
44700,0.0,0.0,0,0,1,0,78.554,0.0,0,0,1,0,20.023,-1.183,0,0.0,0,0,1,1,0,1,0,1,0,0,0,12192.0,2,1,1,1,0,0,1,0,7.8,273.8,0,0,0,0,0,1
44800,0.0,0.0,0,0,1,0,78.554,0.0,0,0,1,0,19.905,-1.183,0,0.0,0,0,1,1,0,1,0,1,0,0,0,12192.0,2,1,1,1,0,0,1,0,7.9,264.8,0,0,0,0,0,1
44900,0.0,0.0,0,0,1,0,78.554,0.0,0,0,1,0,19.787,-1.183,0,0.0,0,0,1,1,0,1,0,1,0,0,0,12192.0,2,1,1,1,0,0,1,0,8.2,266.3,0,0,0,0,0,1
45000,0.0,0.0,0,0,1,0,78.554,0.0,0,0,1,0,19.668,-1.183,0,0.0,0,0,1,1,0,1,0,1,0,0,0,12192.0,2,1,1,1,0,0,1,0,7.8,268.6,0,0,0,0,0,1
45100,0.0,0.0,0,0,1,0,78.554,0.0,0,0,1,0,19.55,-1.183,0,0.0,0,0,1,1,0,1,0,1,0,0,0,12192.0,2,1,1,1,0,0,1,0,8.3,264.0,0,0,0,0,0,1
45200,0.0,0.0,0,0,1,0,78.554,0.0,0,0,1,0,19.432,-1.183,0,0.0,0,0,1,1,0,1,0,1,0,0,0,12192.0,2,1,1,1,0,0,1,0,7.4,271.5,0,0,0,0,0,1
45300,0.0,0.0,0,0,1,0,78.554,0.0,0,0,1,0,19.314,-1.183,0,0.0,0,0,1,1,0,1,0,1,0,0,0,12192.0,2,1,1,1,0,0,1,0,8.4,267.0,0,0,0,0,0,1
45400,0.0,0.0,0,0,1,0,78.554,0.0,0,0,1,0,19.195,-1.183,0,0.0,0,0,1,1,0,1,0,1,0,0,0,12192.0,2,1,1,1,0,0,1,0,8.3,266.0,0,0,0,0,0,1
45500,0.0,0.0,0,0,1,0,78.554,0.0,0,0,1,0,19.077,-1.183,0,0.0,0,0,1,1,0,1,0,1,0,0,0,12192.0,2,1,1,1,0,0,1,0,8.3,268.0,0,0,0,0,0,1
45600,0.0,0.0,0,0,1,0,78.554,0.0,0,0,1,0,18.959,-1.183,0,0.0,0,0,1,1,0,1,0,1,0,0,0,12192.0,2,1,1,1,0,0,1,0,8.3,268.3,0,0,0,0,0,1
45700,0.0,0.0,0,0,1,0,78.554,0.0,0,0,1,0,18.84,-1.183,0,0.0,0,0,1,1,0,1,0,1,0,0,0,12192.0,2,1,1,1,0,0,1,0,9.0,272.2,0,0,0,0,0,1
45800,0.0,0.0,0,0,1,0,78.554,0.0,0,0,1,0,18.722,-1.183,0,0.0,0,0,1,1,0,1,0,1,0,0,0,12192.0,2,1,1,1,0,0,1,0,8.5,266.9,0,0,0,0,0,1
45900,0.0,0.0,0,0,1,0,78.554,0.0,0,0,1,0,18.604,-1.183,0,0.0,0,0,1,1,0,1,0,1,0,0,0,12192.0,2,1,1,1,0,0,1,0,8.5,269.6,0,0,0,0,0,1
46000,0.0,0.0,0,0,1,0,78.554,0.0,0,0,1,0,18.486,-1.183,0,0.0,0,0,1,1,0,1,0,1,0,0,0,12192.0,2,1,1,1,0,0,1,0,8.7,268.7,0,0,0,0,0,1
46100,0.0,0.0,0,0,1,0,78.554,0.0,0,0,1,0,18.367,-1.183,0,0.0,0,0,1,1,0,1,0,1,0,0,0,12192.0,2,1,1,1,0,0,1,0,8.6,271.5,0,0,0,0,0,1
46200,0.0,0.0,0,0,1,0,78.554,0.0,0,0,1,0,18.249,-1.183,0,0.0,0,0,1,1,0,1,0,1,0,0,0,12192.0,2,1,1,1,0,0,1,0,8.5,267.5,0,0,0,0,0,1
46300,0.0,0.0,0,0,1,0,78.554,0.0,0,0,1,0,18.131,-1.183,0,0.0,0,0,1,1,0,1,0,1,0,0,0,12192.0,2,1,1,1,0,0,1,0,8.8,268.0,0,0,0,0,0,1
46400,0.0,0.0,0,0,1,0,78.554,0.0,0,0,1,0,18.013,-1.183,0,0.0,0,0,1,1,0,1,0,1,0,0,0,12192.0,2,1,1,1,0,0,1,0,8.4,271.3,0,0,0,0,0,1
46500,0.0,0.0,0,0,1,0,78.554,0.0,0,0,1,0,17.894,-1.183,0,0.0,0,0,1,1,0,1,0,1,0,0,0,12192.0,2,1,1,1,0,0,1,0,8.1,269.9,0,0,0,0,0,1
46600,0.0,0.0,0,0,1,0,78.554,0.0,0,0,1,0,17.776,-1.183,0,0.0,0,0,1,1,0,1,0,1,0,0,0,12192.0,2,1,1,1,0,0,1,0,8.4,273.5,0,0,0,0,0,1
46700,0.0,0.0,0,0,1,0,78.554,0.0,0,0,1,0,17.658,-1.183,0,0.0,0,0,1,1,0,1,0,1,0,0,0,12192.0,2,1,1,1,0,0,1,0,9.0,271.7,0,0,0,0,0,1
46800,0.0,0.0,0,0,1,0,78.554,0.0,0,0,1,0,17.539,-1.183,0,0.0,0,0,1,1,0,1,0,1,0,0,0,12192.0,2,1,1,1,0,0,1,0,7.6,271.5,0,0,0,0,0,1
46900,0.0,0.0,0,0,1,0,78.554,0.0,0,0,1,0,17.421,-1.183,0,0.0,0,0,1,1,0,1,0,1,0,0,0,12192.0,2,1,1,1,0,0,1,0,8.7,270.2,0,0,0,0,0,1
47000,0.0,0.0,0,0,1,0,78.554,0.0,0,0,1,0,17.303,-1.183,0,0.0,0,0,1,1,0,1,0,1,0,0,0,12192.0,2,1,1,1,0,0,1,0,8.3,269.0,0,0,0,0,0,1
47100,0.0,0.0,0,0,1,0,78.554,0.0,0,0,1,0,17.185,-1.183,0,0.0,0,0,1,1,0,1,0,1,0,0,0,12192.0,2,1,1,1,0,0,1,0,8.6,273.6,0,0,0,0,0,1
47200,0.0,0.0,0,0,1,0,78.554,0.0,0,0,1,0,17.066,-1.183,0,0.0,0,0,1,1,0,1,0,1,0,0,0,12192.0,2,1,1,1,0,0,1,0,7.6,273.5,0,0,0,0,0,1
47300,0.0,0.0,0,0,1,0,78.554,0.0,0,0,1,0,16.948,-1.183,0,0.0,0,0,1,1,0,1,0,1,0,0,0,12192.0,2,1,1,1,0,0,1,0,9.4,269.1,0,0,0,0,0,1
47400,0.0,0.0,0,0,1,0,78.554,0.0,0,0,1,0,16.83,-1.183,0,0.0,0,0,1,1,0,1,0,1,0,0,0,12192.0,2,1,1,1,0,0,1,0,8.5,270.4,0,0,0,0,0,1
47500,0.0,0.0,0,0,1,0,78.554,0.0,0,0,1,0,16.712,-1.183,0,0.0,0,0,1,1,0,1,0,1,0,0,0,12192.0,2,1,1,1,0,0,1,0,9.1,268.7,0,0,0,0,0,1
47600,0.0,0.0,0,0,1,0,78.554,0.0,0,0,1,0,16.593,-1.183,0,0.0,0,0,1,1,0,1,0,1,0,0,0,12192.0,2,1,1,1,0,0,1,0,7.6,273.5,0,0,0,0,0,1
47700,0.0,0.0,0,0,1,0,78.554,0.0,0,0,1,0,16.475,-1.183,0,0.0,0,0,1,1,0,1,0,1,0,0,0,12192.0,2,1,1,1,0,0,1,0,8.6,267.4,0,0,0,0,0,1
47800,0.0,0.0,0,0,1,0,78.554,0.0,0,0,1,0,16.357,-1.183,0,0.0,0,0,1,1,0,1,0,1,0,0,0,12192.0,2,1,1,1,0,0,1,0,9.0,273.8,0,0,0,0,0,1
47900,0.0,0.0,0,0,1,0,78.554,0.0,0,0,1,0,16.238,-1.183,0,0.0,0,0,1,1,0,1,0,1,0,0,0,12192.0,2,1,1,1,0,0,1,0,8.5,267.2,0,0,0,0,0,1
48000,0.0,0.0,0,0,1,0,78.554,0.0,0,0,1,0,16.12,-1.183,0,0.0,0,0,1,1,0,1,0,1,0,0,0,12192.0,2,1,1,1,0,0,1,0,7.7,271.5,0,0,0,0,0,1
48100,0.0,0.0,0,0,1,0,78.554,0.0,0,0,1,0,16.002,-1.183,0,0.0,0,0,1,1,0,1,0,1,0,0,0,12192.0,2,1,1,1,0,0,1,0,8.7,267.5,0,0,0,0,0,1
48200,0.0,0.0,0,0,1,0,78.554,0.0,0,0,1,0,15.884,-1.183,0,0.0,0,0,1,1,0,1,0,1,0,0,0,12192.0,2,1,1,1,0,0,1,0,8.3,272.9,0,0,0,0,0,1
48300,0.0,0.0,0,0,1,0,78.554,0.0,0,0,1,0,15.765,-1.183,0,0.0,0,0,1,1,0,1,0,1,0,0,0,12192.0,2,1,1,1,0,0,1,0,8.2,274.2,0,0,0,0,0,1
48400,0.0,0.0,0,0,1,0,78.554,0.0,0,0,1,0,15.647,-1.183,0,0.0,0,0,1,1,0,1,0,1,0,0,0,12192.0,2,1,1,1,0,0,1,0,8.1,271.3,0,0,0,0,0,1
48500,0.0,0.0,0,0,1,0,78.554,0.0,0,0,1,0,15.529,-1.183,0,0.0,0,0,1,1,0,1,0,1,0,0,0,12192.0,2,1,1,1,0,0,1,0,8.2,267.1,0,0,0,0,0,1
48600,0.0,0.0,0,0,1,0,78.554,0.0,0,0,1,0,15.411,-1.183,0,0.0,0,0,1,1,0,1,0,1,0,0,0,12192.0,2,1,1,1,0,0,1,0,8.6,268.0,0,0,0,0,0,1
48700,0.0,0.0,0,0,1,0,78.554,0.0,0,0,1,0,15.292,-1.183,0,0.0,0,0,1,1,0,1,0,1,0,0,0,12192.0,2,1,1,1,0,0,1,0,8.3,274.9,0,0,0,0,0,1
48800,0.0,0.0,0,0,1,0,78.554,0.0,0,0,1,0,15.174,-1.183,0,0.0,0,0,1,1,0,1,0,1,0,0,0,12192.0,2,1,1,1,0,0,1,0,7.7,269.5,0,0,0,0,0,1
48900,0.0,0.0,0,0,1,0,78.554,0.0,0,0,1,0,15.056,-1.183,0,0.0,0,0,1,1,0,1,0,1,0,0,0,12192.0,2,1,1,1,0,0,1,0,8.1,270.3,0,0,0,0,0,1
49000,0.0,0.0,0,0,1,0,78.554,0.0,0,0,1,0,14.937,-1.183,0,0.0,0,0,1,1,0,1,0,1,0,0,0,12192.0,2,1,1,1,0,0,1,0,7.9,270.9,0,0,0,0,0,1
49100,0.0,0.0,0,0,1,0,78.554,0.0,0,0,1,0,14.819,-1.183,0,0.0,0,0,1,1,0,1,0,1,0,0,0,12192.0,2,1,1,1,0,0,1,0,8.1,269.0,0,0,0,0,0,1
49200,0.0,0.0,0,0,1,0,78.554,0.0,0,0,1,0,14.701,-1.183,0,0.0,0,0,1,1,0,1,0,1,0,0,0,12192.0,2,1,1,1,0,0,1,0,8.4,269.0,0,0,0,0,0,1
49300,0.0,0.0,0,0,1,0,78.554,0.0,0,0,1,0,14.583,-1.183,0,0.0,0,0,1,1,0,1,0,1,0,0,0,12192.0,2,1,1,1,0,0,1,0,8.5,272.0,0,0,0,0,0,1
49400,0.0,0.0,0,0,1,0,78.554,0.0,0,0,1,0,14.464,-1.183,0,0.0,0,0,1,1,0,1,0,1,0,0,0,12192.0,2,1,1,1,0,0,1,0,8.0,270.9,0,0,0,0,0,1
49500,0.0,0.0,0,0,1,0,78.554,0.0,0,0,1,0,14.346,-1.183,0,0.0,0,0,1,1,0,1,0,1,0,0,0,12192.0,2,1,1,1,0,0,1,0,9.0,268.3,0,0,0,0,0,1
49600,0.0,0.0,0,0,1,0,78.554,0.0,0,0,1,0,14.228,-1.183,0,0.0,0,0,1,1,0,1,0,1,0,0,0,12192.0,2,1,1,1,0,0,1,0,8.1,270.5,0,0,0,0,0,1
49700,0.0,0.0,0,0,1,0,78.554,0.0,0,0,1,0,14.11,-1.183,0,0.0,0,0,1,1,0,1,0,1,0,0,0,12192.0,2,1,1,1,0,0,1,0,7.1,267.9,0,0,0,0,0,1
49800,0.0,0.0,0,0,1,0,78.554,0.0,0,0,1,0,13.991,-1.183,0,0.0,0,0,1,1,0,1,0,1,0,0,0,12192.0,2,1,1,1,0,0,1,0,7.8,268.4,0,0,0,0,0,1
49900,0.0,0.0,0,0,1,0,78.554,0.0,0,0,1,0,13.873,-1.183,0,0.0,0,0,1,1,0,1,0,1,0,0,0,12192.0,2,1,1,1,0,0,1,0,7.7,267.7,0,0,0,0,0,1
50000,0.0,0.0,0,0,1,0,78.554,0.0,0,0,1,0,13.755,-1.183,0,0.0,0,0,1,1,0,1,0,1,0,0,0,12192.0,2,1,1,1,0,0,1,0,7.7,272.2,0,0,0,0,0,1
50100,0.0,0.0,0,0,1,0,78.554,0.0,0,0,1,0,13.636,-1.183,0,0.0,0,0,1,1,0,1,0,1,0,0,0,12192.0,2,1,1,1,0,0,1,0,7.1,266.7,0,0,0,0,0,1
50200,0.0,0.0,0,0,1,0,78.554,0.0,0,0,1,0,13.518,-1.183,0,0.0,0,0,1,1,0,1,0,1,0,0,0,12192.0,2,1,1,1,0,0,1,0,7.6,271.1,0,0,0,0,0,1
50300,0.0,0.0,0,0,1,0,78.554,0.0,0,0,1,0,13.4,-1.183,0,0.0,0,0,1,1,0,1,0,1,0,0,0,12192.0,2,1,1,1,0,0,1,0,7.4,274.7,0,0,0,0,0,1
50400,0.0,0.0,0,0,1,0,78.554,0.0,0,0,1,0,13.282,-1.183,0,0.0,0,0,1,1,0,1,0,1,0,0,0,12192.0,2,1,1,1,0,0,1,0,8.0,265.9,0,0,0,0,0,1
50500,0.0,0.0,0,0,1,0,78.554,0.0,0,0,1,0,13.163,-1.183,0,0.0,0,0,1,1,0,1,0,1,0,0,0,12192.0,2,1,1,1,0,0,1,0,7.8,270.5,0,0,0,0,0,1
50600,0.0,0.0,0,0,1,0,78.554,0.0,0,0,1,0,13.045,-1.183,0,0.0,0,0,1,1,0,1,0,1,0,0,0,12192.0,2,1,1,1,0,0,1,0,7.9,268.8,0,0,0,0,0,1
50700,0.0,0.0,0,0,1,0,78.554,0.0,0,0,1,0,12.927,-1.183,0,0.0,0,0,1,1,0,1,0,1,0,0,0,12192.0,2,1,1,1,0,0,1,0,7.8,270.4,0,0,0,0,0,1
50800,0.0,0.0,0,0,1,0,78.554,0.0,0,0,1,0,12.809,-1.183,0,0.0,0,0,1,1,0,1,0,1,0,0,0,12192.0,2,1,1,1,0,0,1,0,7.1,270.5,0,0,0,0,0,1
50900,0.0,0.0,0,0,1,0,78.554,0.0,0,0,1,0,12.69,-1.183,0,0.0,0,0,1,1,0,1,0,1,0,0,0,12192.0,2,1,1,1,0,0,1,0,7.3,267.0,0,0,0,0,0,1
51000,0.0,0.0,0,0,1,0,78.554,0.0,0,0,1,0,12.572,-1.183,0,0.0,0,0,1,1,0,1,0,1,0,0,0,12192.0,2,1,1,1,0,0,1,0,7.2,268.6,0,0,0,0,0,1
51100,0.0,0.0,0,0,1,0,78.554,0.0,0,0,1,0,12.454,-1.183,0,0.0,0,0,1,1,0,1,0,1,0,0,0,12192.0,2,1,1,1,0,0,1,0,8.1,270.5,0,0,0,0,0,1
51200,0.0,0.0,0,0,1,0,78.554,0.0,0,0,1,0,12.335,-1.183,0,0.0,0,0,1,1,0,1,0,1,0,0,0,12192.0,2,1,1,1,0,0,1,0,7.9,275.0,0,0,0,0,0,1
51300,0.0,0.0,0,0,1,0,78.554,0.0,0,0,1,0,12.217,-1.183,0,0.0,0,0,1,1,0,1,0,1,0,0,0,12192.0,2,1,1,1,0,0,1,0,7.4,273.5,0,0,0,0,0,1
51400,0.0,0.0,0,0,1,0,78.554,0.0,0,0,1,0,12.099,-1.183,0,0.0,0,0,1,1,0,1,0,1,0,0,0,12192.0,2,1,1,1,0,0,1,0,7.2,270.1,0,0,0,0,0,1
51500,0.0,0.0,0,0,1,0,78.554,0.0,0,0,1,0,11.981,-1.183,0,0.0,0,0,1,1,0,1,0,1,0,0,0,12192.0,2,1,1,1,0,0,1,0,8.1,267.6,0,0,0,0,0,1
51600,0.0,0.0,0,0,1,0,78.554,0.0,0,0,1,0,11.862,-1.183,0,0.0,0,0,1,1,0,1,0,1,0,0,0,12192.0,2,1,1,1,0,0,1,0,7.4,270.0,0,0,0,0,0,1
51700,0.0,0.0,0,0,1,0,78.554,0.0,0,0,1,0,11.744,-1.183,0,0.0,0,0,1,1,0,1,0,1,0,0,0,12192.0,2,1,1,1,0,0,1,0,7.2,273.4,0,0,0,0,0,1
51800,0.0,0.0,0,0,1,0,78.554,0.0,0,0,1,0,11.626,-1.183,0,0.0,0,0,1,1,0,1,0,1,0,0,0,12192.0,2,1,1,1,0,0,1,0,7.1,268.9,0,0,0,0,0,1
51900,0.0,0.0,0,0,1,0,78.554,0.0,0,0,1,0,11.507,-1.183,0,0.0,0,0,1,1,0,1,0,1,0,0,0,12192.0,2,1,1,1,0,0,1,0,6.8,269.4,0,0,0,0,0,1
52000,0.0,0.0,0,0,1,0,78.554,0.0,0,0,1,0,11.389,-1.183,0,0.0,0,0,1,1,0,1,0,1,0,0,0,12192.0,2,1,1,1,0,0,1,0,7.2,272.7,0,0,0,0,0,1
52100,0.0,0.0,0,0,1,0,78.554,0.0,0,0,1,0,11.271,-1.183,0,0.0,0,0,1,1,0,1,0,1,0,0,0,12192.0,2,1,1,1,0,0,1,0,8.7,275.6,0,0,0,0,0,1
52200,0.0,0.0,0,0,1,0,78.554,0.0,0,0,1,0,11.153,-1.183,0,0.0,0,0,1,1,0,1,0,1,0,0,0,12192.0,2,1,1,1,0,0,1,0,7.0,267.5,0,0,0,0,0,1
52300,0.0,0.0,0,0,1,0,78.554,0.0,0,0,1,0,11.034,-1.183,0,0.0,0,0,1,1,0,1,0,1,0,0,0,12192.0,2,1,1,1,0,0,1,0,8.1,269.1,0,0,0,0,0,1
52400,0.0,0.0,0,0,1,0,78.554,0.0,0,0,1,0,10.916,-1.183,0,0.0,0,0,1,1,0,1,0,1,0,0,0,12192.0,2,1,1,1,0,0,1,0,7.4,268.6,0,0,0,0,0,1
52500,0.0,0.0,0,0,1,0,78.554,0.0,0,0,1,0,10.798,-1.183,0,0.0,0,0,1,1,0,1,0,1,0,0,0,12192.0,2,1,1,1,0,0,1,0,7.5,268.7,0,0,0,0,0,1
52600,0.0,0.0,0,0,1,0,78.554,0.0,0,0,1,0,10.68,-1.183,0,0.0,0,0,1,1,0,1,0,1,0,0,0,12192.0,2,1,1,1,0,0,1,0,7.8,272.3,0,0,0,0,0,1
52700,0.0,0.0,0,0,1,0,78.554,0.0,0,0,1,0,10.561,-1.183,0,0.0,0,0,1,1,0,1,0,1,0,0,0,12192.0,2,1,1,1,0,0,1,0,6.8,271.6,0,0,0,0,0,1
52800,0.0,0.0,0,0,1,0,78.554,0.0,0,0,1,0,10.443,-1.183,0,0.0,0,0,1,1,0,1,0,1,0,0,0,12192.0,2,1,1,1,0,0,1,0,7.2,271.5,0,0,0,0,0,1
52900,0.0,0.0,0,0,1,0,78.554,0.0,0,0,1,0,10.325,-1.183,0,0.0,0,0,1,1,0,1,0,1,0,0,0,12192.0,2,1,1,1,0,0,1,0,8.1,272.7,0,0,0,0,0,1
53000,0.0,0.0,0,0,1,0,78.554,0.0,0,0,1,0,10.206,-1.183,0,0.0,0,0,1,1,0,1,0,1,0,0,0,12192.0,2,1,1,1,0,0,1,0,7.6,267.0,0,0,0,0,0,1
53100,0.0,0.0,0,0,1,0,78.554,0.0,0,0,1,0,10.088,-1.183,0,0.0,0,0,1,1,0,1,0,1,0,0,0,12192.0,2,1,1,1,0,0,1,0,7.2,269.3,0,0,0,0,0,1
53200,0.0,0.0,0,0,1,0,78.554,0.0,0,0,1,0,9.97,-1.183,0,0.0,0,0,1,1,0,1,0,1,0,0,0,12192.0,2,1,1,1,0,0,1,0,7.3,267.6,0,0,0,0,0,1
53300,0.0,0.0,0,0,1,0,78.554,0.0,0,0,1,0,9.852,-1.183,0,0.0,0,0,1,1,0,1,0,1,0,0,0,12192.0,2,1,1,1,0,0,1,0,7.6,270.0,0,0,0,0,0,1
53400,0.0,0.0,0,0,1,0,78.554,0.0,0,0,1,0,9.733,-1.183,0,0.0,0,0,1,1,0,1,0,1,0,0,0,12192.0,2,1,1,1,0,0,1,0,7.8,271.0,0,0,0,0,0,1
53500,0.0,0.0,0,0,1,0,78.554,0.0,0,0,1,0,9.615,-1.183,0,0.0,0,0,1,1,0,1,0,1,0,0,0,12192.0,2,1,1,1,0,0,1,0,8.4,273.5,0,0,0,0,0,1
53600,0.0,0.0,0,0,1,0,78.554,0.0,0,0,1,0,9.497,-1.183,0,0.0,0,0,1,1,0,1,0,1,0,0,0,12192.0,2,1,1,1,0,0,1,0,8.4,272.7,0,0,0,0,0,1
53700,0.0,0.0,0,0,1,0,78.554,0.0,0,0,1,0,9.379,-1.183,0,0.0,0,0,1,1,0,1,0,1,0,0,0,12192.0,2,1,1,1,0,0,1,0,7.4,272.1,0,0,0,0,0,1
53800,0.0,0.0,0,0,1,0,78.554,0.0,0,0,1,0,9.26,-1.183,0,0.0,0,0,1,1,0,1,0,1,0,0,0,12192.0,2,1,1,1,0,0,1,0,7.7,273.2,0,0,0,0,0,1
53900,0.0,0.0,0,0,1,0,78.554,0.0,0,0,1,0,9.142,-1.183,0,0.0,0,0,1,1,0,1,0,1,0,0,0,12192.0,2,1,1,1,0,0,1,0,7.6,270.7,0,0,0,0,0,1
54000,0.0,0.0,0,0,1,0,78.554,0.0,0,0,1,0,9.024,-1.183,0,0.0,0,0,1,1,0,1,0,1,0,0,0,12192.0,2,1,1,1,0,0,1,0,7.7,270.5,0,0,0,0,0,1
54100,0.0,0.0,0,0,1,0,78.554,0.0,0,0,1,0,8.905,-1.183,0,0.0,0,0,1,1,0,1,0,1,0,0,0,12192.0,2,1,1,1,0,0,1,0,8.1,268.7,0,0,0,0,0,1
54200,0.0,0.0,0,0,1,0,78.554,0.0,0,0,1,0,8.787,-1.183,0,0.0,0,0,1,1,0,1,0,1,0,0,0,12192.0,2,1,1,1,0,0,1,0,8.5,271.5,0,0,0,0,0,1
54300,0.0,0.0,0,0,1,0,78.554,0.0,0,0,1,0,8.669,-1.183,0,0.0,0,0,1,1,0,1,0,1,0,0,0,12192.0,2,1,1,1,0,0,1,0,8.0,272.2,0,0,0,0,0,1
54400,0.0,0.0,0,0,1,0,78.554,0.0,0,0,1,0,8.551,-1.183,0,0.0,0,0,1,1,0,1,0,1,0,0,0,12192.0,2,1,1,1,0,0,1,0,8.3,269.7,0,0,0,0,0,1
54500,0.0,0.0,0,0,1,0,78.554,0.0,0,0,1,0,8.432,-1.183,0,0.0,0,0,1,1,0,1,0,1,0,0,0,12192.0,2,1,1,1,0,0,1,0,7.7,270.1,0,0,0,0,0,1
54600,0.0,0.0,0,0,1,0,78.554,0.0,0,0,1,0,8.314,-1.183,0,0.0,0,0,1,1,0,1,0,1,0,0,0,12192.0,2,1,1,1,0,0,1,0,7.6,270.3,0,0,0,0,0,1
54700,0.0,0.0,0,0,1,0,78.554,0.0,0,0,1,0,8.196,-1.183,0,0.0,0,0,1,1,0,1,0,1,0,0,0,12192.0,2,1,1,1,0,0,1,0,9.0,271.1,0,0,0,0,0,1
54800,0.0,0.0,0,0,1,0,78.554,0.0,0,0,1,0,8.078,-1.183,0,0.0,0,0,1,1,0,1,0,1,0,0,0,12192.0,2,1,1,1,0,0,1,0,8.0,271.3,0,0,0,0,0,1
54900,0.0,0.0,0,0,1,0,78.554,0.0,0,0,1,0,7.959,-1.183,0,0.0,0,0,1,1,0,1,0,1,0,0,0,12192.0,2,1,1,1,0,0,1,0,7.9,266.9,0,0,0,0,0,1
55000,0.0,0.0,0,0,1,0,78.554,0.0,0,0,1,0,7.841,-1.183,0,0.0,0,0,1,1,0,1,0,1,0,0,0,12192.0,2,1,1,1,0,0,1,0,7.6,270.6,0,0,0,0,0,1
55100,0.0,0.0,0,0,1,0,78.554,0.0,0,0,1,0,7.723,-1.183,0,0.0,0,0,1,1,0,1,0,1,0,0,0,12192.0,2,1,1,1,0,0,1,0,9.2,273.3,0,0,0,0,0,1
55200,0.0,0.0,0,0,1,0,78.554,0.0,0,0,1,0,7.604,-1.183,0,0.0,0,0,1,1,0,1,0,1,0,0,0,12192.0,2,1,1,1,0,0,1,0,8.3,274.0,0,0,0,0,0,1
55300,0.0,0.0,0,0,1,0,78.554,0.0,0,0,1,0,7.486,-1.183,0,0.0,0,0,1,1,0,1,0,1,0,0,0,12192.0,2,1,1,1,0,0,1,0,9.3,269.4,0,0,0,0,0,1
55400,0.0,0.0,0,0,1,0,78.554,0.0,0,0,1,0,7.368,-1.183,0,0.0,0,0,1,1,0,1,0,1,0,0,0,12192.0,2,1,1,1,0,0,1,0,8.6,268.3,0,0,0,0,0,1
55500,0.0,0.0,0,0,1,0,78.554,0.0,0,0,1,0,7.25,-1.183,0,0.0,0,0,1,1,0,1,0,1,0,0,0,12192.0,2,1,1,1,0,0,1,0,8.7,271.6,0,0,0,0,0,1
55600,0.0,0.0,0,0,1,0,78.554,0.0,0,0,1,0,7.131,-1.183,0,0.0,0,0,1,1,0,1,0,1,0,0,0,12192.0,2,1,1,1,0,0,1,0,8.2,273.5,0,0,0,0,0,1
55700,0.0,0.0,0,0,1,0,78.554,0.0,0,0,1,0,7.013,-1.183,0,0.0,0,0,1,1,0,1,0,1,0,0,0,12192.0,2,1,1,1,0,0,1,0,8.2,273.1,0,0,0,0,0,1
55800,0.0,0.0,0,0,1,0,78.554,0.0,0,0,1,0,6.895,-1.183,0,0.0,0,0,1,1,0,1,0,1,0,0,0,12192.0,2,1,1,1,0,0,1,0,8.5,266.5,0,0,0,0,0,1
55900,0.0,0.0,0,0,1,0,78.554,0.0,0,0,1,0,6.777,-1.183,0,0.0,0,0,1,1,0,1,0,1,0,0,0,12192.0,2,1,1,1,0,0,1,0,8.0,269.0,0,0,0,0,0,1
56000,0.0,0.0,0,0,1,0,78.554,0.0,0,0,1,0,6.658,-1.183,0,0.0,0,0,1,1,0,1,0,1,0,0,0,12192.0,2,1,1,1,0,0,1,0,9.6,273.3,0,0,0,0,0,1
56100,0.0,0.0,0,0,1,0,78.554,0.0,0,0,1,0,6.54,-1.183,0,0.0,0,0,1,1,0,1,0,1,0,0,0,12192.0,2,1,1,1,0,0,1,0,8.6,269.9,0,0,0,0,0,1
56200,0.0,0.0,0,0,1,0,78.554,0.0,0,0,1,0,6.422,-1.183,0,0.0,0,0,1,1,0,1,0,1,0,0,0,12192.0,2,1,1,1,0,0,1,0,8.3,269.4,0,0,0,0,0,1
56300,0.0,0.0,0,0,1,0,78.554,0.0,0,0,1,0,6.303,-1.183,0,0.0,0,0,1,1,0,1,0,1,0,0,0,12192.0,2,1,1,1,0,0,1,0,9.0,266.5,0,0,0,0,0,1
56400,0.0,0.0,0,0,1,0,78.554,0.0,0,0,1,0,6.185,-1.183,0,0.0,0,0,1,1,0,1,0,1,0,0,0,12192.0,2,1,1,1,0,0,1,0,8.1,267.1,0,0,0,0,0,1
56500,0.0,0.0,0,0,1,0,78.554,0.0,0,0,1,0,6.067,-1.183,0,0.0,0,0,1,1,0,1,0,1,0,0,0,12192.0,2,1,1,1,0,0,1,0,8.7,271.5,0,0,0,0,0,1
56600,0.0,0.0,0,0,1,0,78.554,0.0,0,0,1,0,5.949,-1.183,0,0.0,0,0,1,1,0,1,0,1,0,0,0,12192.0,2,1,1,1,0,0,1,0,9.2,269.4,0,0,0,0,0,1
56700,0.0,0.0,0,0,1,0,78.554,0.0,0,0,1,0,5.83,-1.183,0,0.0,0,0,1,1,0,1,0,1,0,0,0,12192.0,2,1,1,1,0,0,1,0,8.8,269.8,0,0,0,0,0,1
56800,0.0,0.0,0,0,1,0,78.554,0.0,0,0,1,0,5.712,-1.183,0,0.0,0,0,1,1,0,1,0,1,0,0,0,12192.0,2,1,1,1,0,0,1,0,8.4,271.7,0,0,0,0,0,1
56900,0.0,0.0,0,0,1,0,78.554,0.0,0,0,1,0,5.594,-1.183,0,0.0,0,0,1,1,0,1,0,1,0,0,0,12192.0,2,1,1,1,0,0,1,0,8.4,267.1,0,0,0,0,0,1
57000,0.0,0.0,0,0,1,0,78.554,0.0,0,0,1,0,5.476,-1.183,0,0.0,0,0,1,1,0,1,0,1,0,0,0,12192.0,2,1,1,1,0,0,1,0,7.7,272.4,0,0,0,0,0,1
57100,0.0,0.0,0,0,1,0,78.554,0.0,0,0,1,0,5.357,-1.183,0,0.0,0,0,1,1,0,1,0,1,0,0,0,12192.0,2,1,1,1,0,0,1,0,8.4,268.4,0,0,0,0,0,1
57200,0.0,0.0,0,0,1,0,78.554,0.0,0,0,1,0,5.239,-1.183,0,0.0,0,0,1,1,0,1,0,1,0,0,0,12192.0,2,1,1,1,0,0,1,0,8.3,268.8,0,0,0,0,0,1
57300,0.0,0.0,0,0,1,0,78.554,0.0,0,0,1,0,5.121,-1.183,0,0.0,0,0,1,1,0,1,0,1,0,0,0,12192.0,2,1,1,1,0,0,1,0,8.4,266.8,0,0,0,0,0,1
57400,0.0,0.0,0,0,1,0,78.554,0.0,0,0,1,0,5.002,-1.183,0,0.0,0,0,1,1,0,1,0,1,0,0,0,12192.0,2,1,1,1,0,0,1,0,8.9,273.5,0,0,0,0,0,1
57500,0.0,0.0,0,0,1,0,78.554,0.0,0,0,1,0,4.884,-1.183,0,0.0,0,0,1,1,0,1,0,1,0,0,0,12192.0,2,1,1,1,0,0,1,0,8.8,269.6,0,0,0,0,0,1
57600,0.0,0.0,0,0,1,0,78.554,0.0,0,0,1,0,4.766,-1.183,0,0.0,0,0,1,1,0,1,0,1,0,0,0,12192.0,2,1,1,1,0,0,1,0,8.7,268.9,0,0,0,0,0,1
57700,0.0,0.0,0,0,1,0,78.554,0.0,0,0,1,0,4.648,-1.183,0,0.0,0,0,1,1,0,1,0,1,0,0,0,12192.0,2,1,1,1,0,0,1,0,7.7,267.9,0,0,0,0,0,1
57800,0.0,0.0,0,0,1,0,78.554,0.0,0,0,1,0,4.529,-1.183,0,0.0,0,0,1,1,0,1,0,1,0,0,0,12192.0,2,1,1,1,0,0,1,0,8.6,274.5,0,0,0,0,0,1
57900,0.0,0.0,0,0,1,0,78.554,0.0,0,0,1,0,4.411,-1.183,0,0.0,0,0,1,1,0,1,0,1,0,0,0,12192.0,2,1,1,1,0,0,1,0,8.8,273.0,0,0,0,0,0,1
58000,0.0,0.0,0,0,1,0,78.554,0.0,0,0,1,0,4.293,-1.183,0,0.0,0,0,1,1,0,1,0,1,0,0,0,12192.0,2,1,1,1,0,0,1,0,7.7,268.1,0,0,0,0,0,1
58100,0.0,0.0,0,0,1,0,78.554,0.0,0,0,1,0,4.174,-1.183,0,0.0,0,0,1,1,0,1,0,1,0,0,0,12192.0,2,1,1,1,0,0,1,0,8.1,268.7,0,0,0,0,0,1
58200,0.0,0.0,0,0,1,0,78.554,0.0,0,0,1,0,4.056,-1.183,0,0.0,0,0,1,1,0,1,0,1,0,0,0,12192.0,2,1,1,1,0,0,1,0,8.8,272.7,0,0,0,0,0,1
58300,0.0,0.0,0,0,1,0,78.554,0.0,0,0,1,0,3.938,-1.183,0,0.0,0,0,1,1,0,1,0,1,0,0,0,12192.0,2,1,1,1,0,0,1,0,7.4,273.6,0,0,0,0,0,1
58400,0.0,0.0,0,0,1,0,78.554,0.0,0,0,1,0,3.82,-1.183,0,0.0,0,0,1,1,0,1,0,1,0,0,0,12192.0,2,1,1,1,0,0,1,0,8.6,271.3,0,0,0,0,0,1
58500,0.0,0.0,0,0,1,0,78.554,0.0,0,0,1,0,3.701,-1.183,0,0.0,0,0,1,1,0,1,0,1,0,0,0,12192.0,2,1,1,1,0,0,1,0,7.8,270.0,0,0,0,0,0,1
58600,0.0,0.0,0,0,1,0,78.554,0.0,0,0,1,0,3.583,-1.183,0,0.0,0,0,1,1,0,1,0,1,0,0,0,12192.0,2,1,1,1,0,0,1,0,7.8,274.6,0,0,0,0,0,1
58700,0.0,0.0,0,0,1,0,78.554,0.0,0,0,1,0,3.465,-1.183,0,0.0,0,0,1,1,0,1,0,1,0,0,0,12192.0,2,1,1,1,0,0,1,0,8.1,268.0,0,0,0,0,0,1
58800,0.0,0.0,0,0,1,0,78.554,0.0,0,0,1,0,3.347,-1.183,0,0.0,0,0,1,1,0,1,0,1,0,0,0,12192.0,2,1,1,1,0,0,1,0,7.8,269.7,0,0,0,0,0,1
58900,0.0,0.0,0,0,1,0,78.554,0.0,0,0,1,0,3.228,-1.183,0,0.0,0,0,1,1,0,1,0,1,0,0,0,12192.0,2,1,1,1,0,0,1,0,7.8,268.7,0,0,0,0,0,1
59000,0.0,0.0,0,0,1,0,78.554,0.0,0,0,1,0,3.115,-1.131,0,0.0,0,0,1,1,0,1,0,1,0,0,0,12192.0,2,1,1,1,0,0,1,0,8.1,270.7,0,0,0,0,0,1
59100,0.0,0.0,0,0,1,0,78.554,0.0,0,0,1,0,3.007,-1.079,0,0.0,0,0,1,1,0,1,0,1,0,0,0,12192.0,2,1,1,1,0,0,1,0,8.0,266.2,0,0,0,0,0,1
59200,0.0,0.0,0,0,1,0,78.554,0.0,0,0,1,0,2.904,-1.028,0,0.0,0,0,1,1,0,1,0,1,0,0,0,12192.0,2,1,1,1,0,0,1,0,7.0,271.9,0,0,0,0,0,1
59300,0.0,0.0,0,0,1,0,78.554,0.0,0,0,1,0,2.807,-0.976,0,0.0,0,0,1,1,0,1,0,1,0,0,0,12192.0,2,1,1,1,0,0,1,0,7.7,270.4,0,0,0,0,0,1
59400,0.0,0.0,0,0,1,0,78.554,0.0,0,0,1,0,2.714,-0.925,0,0.0,0,0,1,1,0,1,0,1,0,0,0,12192.0,2,1,1,1,0,0,1,0,8.1,267.7,0,0,0,0,0,1
59500,0.0,0.0,0,0,1,0,78.554,0.0,0,0,1,0,2.627,-0.873,0,0.0,0,0,1,1,0,1,0,1,0,0,0,12192.0,2,1,1,1,0,0,1,0,7.4,274.2,0,0,0,0,0,1
59600,0.0,0.0,0,0,1,0,78.554,0.0,0,0,1,0,2.545,-0.821,0,0.0,0,0,1,1,0,1,0,1,0,0,0,12192.0,2,1,1,1,0,0,1,0,6.8,270.3,0,0,0,0,0,1
59700,0.0,0.0,0,0,1,0,78.554,0.0,0,0,1,0,2.468,-0.77,0,0.0,0,0,1,1,0,1,0,1,0,0,0,12192.0,2,1,1,1,0,0,1,0,7.9,268.9,0,0,0,0,0,1
59800,0.0,0.0,0,0,1,0,78.554,0.0,0,0,1,0,2.396,-0.718,0,0.0,0,0,1,1,0,1,0,1,0,0,0,12192.0,2,1,1,1,0,0,1,0,7.7,272.1,0,0,0,0,0,1
59900,0.0,0.0,0,0,1,0,78.554,0.0,0,0,1,0,2.33,-0.666,0,0.0,0,0,1,1,0,1,0,1,0,0,0,12192.0,2,1,1,1,0,0,1,0,8.1,271.5,0,0,0,0,0,1
60000,0.0,0.0,0,0,1,0,78.554,0.0,0,0,1,0,2.268,-0.615,0,0.0,0,0,1,1,0,1,0,1,0,0,0,12192.0,2,1,1,1,0,0,1,0,7.6,270.9,0,0,0,0,0,1
60100,0.0,0.0,0,0,1,0,78.554,0.0,0,0,1,0,2.212,-0.563,0,0.0,0,0,1,1,0,1,0,1,0,0,0,12192.0,2,1,1,1,0,0,1,0,7.9,270.7,0,0,0,0,0,1
60200,0.0,0.0,0,0,1,0,78.554,0.0,0,0,1,0,2.161,-0.511,0,0.0,0,0,1,1,0,1,0,1,0,0,0,12192.0,2,1,1,1,0,0,1,0,7.3,269.3,0,0,0,0,0,1
60300,0.0,0.0,0,0,1,0,78.554,0.0,0,0,1,0,2.115,-0.46,0,0.0,0,0,1,1,0,1,0,1,0,0,0,12192.0,2,1,1,1,0,0,1,0,6.8,272.2,0,0,0,0,0,1
60400,0.0,0.0,0,0,1,0,78.554,0.0,0,0,1,0,2.074,-0.408,0,0.0,0,0,1,1,0,1,0,1,0,0,0,12192.0,2,1,1,1,0,0,1,0,7.4,269.1,0,0,0,0,0,1
60500,0.0,0.0,0,0,1,0,78.554,0.0,0,0,1,0,2.038,-0.356,0,0.0,0,0,1,1,0,1,0,1,0,0,0,12192.0,2,1,1,1,0,0,1,0,6.6,272.1,0,0,0,0,0,1
60600,0.0,0.0,0,0,1,0,78.554,0.0,0,0,1,0,2.008,-0.305,0,0.0,0,0,1,1,0,1,0,1,0,0,0,12192.0,2,1,1,1,0,0,1,0,7.1,268.9,0,0,0,0,0,1
60700,0.0,0.0,0,0,1,0,78.554,0.0,0,0,1,0,1.977,-0.306,0,0.0,0,0,1,1,0,1,0,1,0,0,0,12192.0,2,1,1,1,0,0,1,0,7.6,270.5,0,0,0,0,0,1
60800,0.0,0.0,0,0,1,0,78.554,0.0,0,0,1,0,1.952,-0.249,0,0.0,0,0,1,1,0,1,0,1,0,0,0,12192.0,2,1,1,1,0,0,1,0,7.5,268.9,0,0,0,0,0,1
60900,0.0,0.0,0,0,1,0,78.554,0.0,0,0,1,0,1.933,-0.191,0,0.0,0,0,1,1,0,1,0,1,0,0,0,12192.0,2,1,1,1,0,0,1,0,7.9,269.3,0,0,0,0,0,1
61000,0.0,0.0,0,0,1,0,78.554,0.0,0,0,1,0,1.92,-0.129,0,0.0,0,0,1,1,0,1,0,1,0,0,0,12192.0,2,1,1,1,0,0,1,0,7.0,268.2,0,0,0,0,0,1
61100,0.0,0.0,0,0,1,0,78.554,0.0,0,0,1,0,1.915,-0.058,0,0.0,0,0,1,1,0,1,0,1,0,0,0,12192.0,2,1,1,1,0,0,1,0,7.9,268.3,0,0,0,0,0,1
61200,0.0,0.0,0,0,0,0,78.554,0.0,0,0,0,0,1.914,0.0,0,0.0,0,0,0,0,0,1,0,1,0,0,0,12192.0,2,1,1,0,1,0,1,0,6.9,266.9,0,0,0,0,0,1
61300,0.0,0.0,0,0,0,0,78.554,0.0,0,0,0,0,1.914,0.0,0,0.0,0,0,0,0,0,1,0,1,1,1,0,12192.0,2,1,1,0,1,0,1,0,7.0,273.5,0,0,0,0,0,1
61400,0.0,0.0,0,0,0,0,78.554,0.0,0,0,0,0,1.914,0.0,0,0.0,0,0,0,0,0,1,0,1,1,1,0,12192.0,2,1,1,0,1,0,1,0,7.0,270.3,0,0,0,0,0,1
61500,0.0,0.0,0,0,0,0,78.554,0.0,0,0,0,0,1.914,0.0,0,0.0,0,0,0,0,0,1,0,1,1,1,0,12192.0,2,1,1,0,1,0,1,0,7.7,268.7,0,0,0,0,0,1
61600,0.0,0.0,0,0,0,0,78.554,0.0,0,0,0,0,1.914,0.0,0,0.0,0,0,0,0,0,1,0,1,1,1,0,12192.0,2,1,1,0,1,0,1,0,7.8,271.5,0,0,0,0,0,1
61700,0.0,0.0,0,0,0,0,78.554,0.0,0,0,0,0,1.914,0.0,0,0.0,0,0,0,0,0,1,0,1,1,1,0,12192.0,2,1,1,0,1,0,1,0,7.7,272.2,0,0,0,0,0,1
61800,0.0,0.0,0,0,0,0,78.554,0.0,0,0,0,0,1.914,0.0,0,0.0,0,0,0,0,0,1,0,1,1,1,0,12192.0,2,1,1,0,1,0,1,0,7.1,272.7,0,0,0,0,0,1
61900,0.0,0.0,0,0,0,0,78.554,0.0,0,0,0,0,1.914,0.0,0,0.0,0,0,0,0,0,1,0,1,1,1,0,12192.0,2,1,1,0,1,0,1,0,7.4,269.2,0,0,0,0,0,1
62000,0.0,0.0,0,0,0,0,78.554,0.0,0,0,0,0,1.914,0.0,0,0.0,0,0,0,0,0,1,0,1,1,1,0,12192.0,2,1,1,0,1,0,1,0,7.4,266.3,0,0,0,0,0,1
62100,0.0,0.0,0,0,0,0,78.554,0.0,0,0,0,0,1.914,0.0,0,0.0,0,0,0,0,0,1,0,1,1,1,0,12192.0,2,1,1,0,1,0,1,0,7.4,266.8,0,0,0,0,0,1
62200,0.0,0.0,0,0,0,0,78.554,0.0,0,0,0,0,1.914,0.0,0,0.0,0,0,0,0,0,1,0,1,1,1,0,12192.0,2,1,1,0,1,0,1,0,7.4,266.2,0,0,0,0,0,1
62300,0.0,0.0,0,0,0,0,78.554,0.0,0,0,0,0,1.914,0.0,0,0.0,0,0,0,0,0,1,0,1,1,1,0,12192.0,2,1,1,0,1,0,1,0,7.9,269.7,0,0,0,0,0,1
62400,0.0,0.0,0,0,0,0,78.554,0.0,0,0,0,0,1.914,0.0,0,31.9,0,0,0,0,0,1,1,0,1,1,0,12192.0,2,1,1,0,1,0,1,0,7.8,270.4,0,0,0,0,0,1
62500,0.0,0.0,0,0,0,0,78.554,0.0,0,0,0,0,1.914,0.0,0,31.85,0,0,0,0,0,1,1,0,1,1,0,12192.0,2,1,1,0,1,0,1,0,8.0,274.9,0,0,0,0,0,1
62600,0.0,0.0,0,0,0,0,78.554,0.0,0,0,0,0,1.914,0.0,0,32.16,0,0,0,0,0,1,1,0,1,1,0,12192.0,2,1,1,0,1,0,1,0,7.4,268.3,0,0,0,0,0,1
62700,0.0,0.0,0,0,0,0,78.554,0.0,0,0,0,0,1.914,0.0,0,31.91,0,0,0,0,0,1,1,0,1,1,0,12192.0,2,1,1,0,1,0,1,0,7.7,270.2,0,0,0,0,0,1
62800,0.0,0.0,0,0,0,0,78.554,0.0,0,0,0,0,1.914,0.0,0,31.95,0,0,0,0,0,1,1,0,1,1,0,12192.0,2,1,1,0,1,0,1,0,8.7,275.4,0,0,0,0,0,1
62900,0.0,0.0,0,0,0,0,78.554,0.0,0,0,0,0,1.914,0.0,0,32.2,0,0,0,0,0,1,1,0,1,1,0,12192.0,2,1,1,0,1,0,1,0,8.8,272.7,0,0,0,0,0,1
63000,0.0,0.0,0,0,0,0,78.554,0.0,0,0,0,0,1.914,0.0,0,31.85,0,0,0,0,0,1,1,0,1,1,0,12192.0,2,1,1,0,1,0,1,0,7.6,266.9,0,0,0,0,0,1
63100,0.0,0.0,0,0,0,0,78.554,0.0,0,0,0,0,1.914,0.0,0,32.14,0,0,0,0,0,1,1,0,1,1,0,12192.0,2,1,1,0,1,0,1,0,8.6,270.9,0,0,0,0,0,1
63200,0.0,0.0,0,0,0,0,78.554,0.0,0,0,0,0,1.914,0.0,0,32.1,0,0,0,0,0,1,1,0,1,1,0,12192.0,2,1,1,0,1,0,1,0,9.0,271.7,0,0,0,0,0,1
63300,0.0,0.0,0,0,0,0,78.554,0.0,0,0,0,0,1.914,0.0,0,31.8,0,0,0,0,0,1,1,0,1,1,0,12192.0,2,1,1,0,1,0,1,0,7.8,271.0,0,0,0,0,0,1
63400,0.0,0.0,0,0,0,0,78.554,0.0,0,0,0,0,1.914,0.0,0,32.19,0,0,0,0,0,1,1,0,1,1,0,12192.0,2,1,1,0,1,0,1,0,8.6,273.5,0,0,0,0,0,1
63500,0.0,0.0,0,0,0,0,78.554,0.0,0,0,0,0,1.914,0.0,0,31.94,0,0,0,0,0,1,1,0,1,1,0,12192.0,2,1,1,0,1,0,1,0,8.4,271.8,0,0,0,0,0,1
63600,0.0,0.0,0,0,0,0,78.554,0.0,0,0,0,0,1.914,0.0,0,31.93,0,0,0,0,0,1,1,0,1,1,0,12192.0,2,1,1,0,1,0,1,0,8.5,273.3,0,0,0,0,0,1
63700,0.0,0.0,0,0,0,0,78.554,0.0,0,0,0,0,1.914,0.0,0,31.92,0,0,0,0,0,1,1,0,1,1,0,12192.0,2,1,1,0,1,0,1,0,8.3,268.7,0,0,0,0,0,1
63800,0.0,0.0,0,0,0,0,78.554,0.0,0,0,0,0,1.914,0.0,0,32.27,0,0,0,0,0,1,1,0,1,1,0,12192.0,2,1,1,0,1,0,1,0,8.9,273.2,0,0,0,0,0,1
63900,0.0,0.0,0,0,0,0,78.554,0.0,0,0,0,0,1.914,0.0,0,32.14,0,0,0,0,0,1,1,0,1,1,0,12192.0,2,1,1,0,1,0,1,0,8.4,269.2,0,0,0,0,0,1
64000,0.0,0.0,0,0,0,0,78.554,0.0,0,0,0,0,1.914,0.0,0,32.0,0,0,0,0,0,1,1,0,1,1,0,12192.0,2,1,1,0,1,0,1,0,7.9,270.6,0,0,0,0,0,1
64100,0.0,0.0,0,0,0,0,78.554,0.0,0,0,0,0,1.914,0.0,0,31.97,0,0,0,0,0,1,1,0,1,1,0,12192.0,2,1,1,0,1,0,1,0,7.9,268.8,0,0,0,0,0,1
64200,0.0,0.0,0,0,1,0,78.554,0.0,0,0,1,0,1.919,0.052,1,33.69,0,0,1,1,0,1,1,0,0,1,0,12192.0,2,1,1,1,0,0,1,0,8.7,269.9,0,0,0,0,0,1
64300,0.0,0.0,0,0,1,0,78.554,0.0,0,0,1,0,1.929,0.103,1,33.48,0,0,1,1,0,1,1,0,0,1,0,12192.0,2,1,1,1,0,0,1,0,8.6,273.0,0,0,0,0,0,1
64400,0.0,0.0,0,0,1,0,78.554,0.0,0,0,1,0,1.945,0.155,1,33.78,0,0,1,1,0,1,1,0,0,1,0,12192.0,2,1,1,1,0,0,1,0,9.9,270.3,0,0,0,0,0,1
64500,0.0,0.0,0,0,1,0,78.554,0.0,0,0,1,0,1.966,0.207,1,33.71,0,0,1,1,0,1,1,0,0,1,0,12192.0,2,1,1,1,0,0,1,0,7.9,272.9,0,0,0,0,0,1
64600,0.0,0.0,0,0,1,0,78.554,0.0,0,0,1,0,1.991,0.258,1,33.34,0,0,1,1,0,1,1,0,0,1,0,12192.0,2,1,1,1,0,0,1,0,8.2,272.7,0,0,0,0,0,1
64700,0.0,0.0,0,0,1,0,78.554,0.0,0,0,1,0,2.022,0.31,1,33.78,0,0,1,1,0,1,1,0,0,1,0,12192.0,2,1,1,1,0,0,1,0,8.6,264.7,0,0,0,0,0,1
64800,0.0,0.0,0,0,1,0,78.554,0.0,0,0,1,0,2.059,0.362,1,33.61,0,0,1,1,0,1,1,0,0,1,0,12192.0,2,1,1,1,0,0,1,0,8.8,267.1,0,0,0,0,0,1
64900,0.0,0.0,0,0,1,0,78.554,0.0,0,0,1,0,2.1,0.413,1,33.76,0,0,1,1,0,1,1,0,0,1,0,12192.0,2,1,1,1,0,0,1,0,9.0,274.1,0,0,0,0,0,1
65000,0.0,0.0,0,0,1,0,78.554,0.0,0,0,1,0,2.146,0.465,1,33.94,0,0,1,1,0,1,1,0,0,1,0,12192.0,2,1,1,1,0,0,1,0,9.1,270.8,0,0,0,0,0,1
65100,0.0,0.0,0,0,1,0,78.554,0.0,0,0,1,0,2.198,0.516,1,33.61,0,0,1,1,0,1,1,0,0,1,0,12192.0,2,1,1,1,0,0,1,0,8.6,272.5,0,0,0,0,0,1
65200,0.0,0.0,0,0,1,0,78.554,0.0,0,0,1,0,2.255,0.568,1,33.53,0,0,1,1,0,1,1,0,0,1,0,12192.0,2,1,1,1,0,0,1,0,8.9,266.8,0,0,0,0,0,1
65300,0.0,0.0,0,0,1,0,78.554,0.0,0,0,1,0,2.317,0.62,1,33.88,0,0,1,1,0,1,1,0,0,1,0,12192.0,2,1,1,1,0,0,1,0,8.0,275.0,0,0,0,0,0,1
65400,0.0,0.0,0,0,1,0,78.554,0.0,0,0,1,0,2.384,0.671,1,33.71,0,0,1,1,0,1,1,0,0,1,0,12192.0,2,1,1,1,0,0,1,0,7.6,269.1,0,0,0,0,0,1
65500,0.0,0.0,0,0,1,0,78.554,0.0,0,0,1,0,2.456,0.723,1,33.75,0,0,1,1,0,1,1,0,0,1,0,12192.0,2,1,1,1,0,0,1,0,8.9,269.7,0,0,0,0,0,1
65600,0.0,0.0,0,0,1,0,78.554,0.0,0,0,1,0,2.534,0.775,1,33.98,0,0,1,1,0,1,1,0,0,1,0,12192.0,2,1,1,1,0,0,1,0,8.1,266.4,0,0,0,0,0,1
65700,0.0,0.0,0,0,1,0,78.554,0.0,0,0,1,0,2.616,0.826,1,33.64,0,0,1,1,0,1,1,0,0,1,0,12192.0,2,1,1,1,0,0,1,0,8.6,270.1,0,0,0,0,0,1
65800,0.0,0.0,0,0,1,0,78.554,0.0,0,0,1,0,2.704,0.878,1,33.66,0,0,1,1,0,1,1,0,0,1,0,12192.0,2,1,1,1,0,0,1,0,9.2,271.6,0,0,0,0,0,1
65900,0.0,0.0,0,0,1,0,78.554,0.0,0,0,1,0,2.797,0.93,1,33.65,0,0,1,1,0,1,1,0,0,1,0,12192.0,2,1,1,1,0,0,1,0,8.3,270.5,0,0,0,0,0,1
66000,0.0,0.0,0,0,1,0,78.554,0.0,0,0,1,0,2.895,0.981,1,33.94,0,0,1,1,0,1,1,0,0,1,0,12192.0,2,1,1,1,0,0,1,0,8.5,267.0,0,0,0,0,0,1
66100,0.0,0.0,0,0,1,0,78.554,0.0,0,0,1,0,2.998,1.033,1,33.5,0,0,1,1,0,1,1,0,0,1,0,12192.0,2,1,1,1,0,0,1,0,8.8,270.4,0,0,0,0,0,1
66200,0.0,0.0,0,0,1,0,78.554,0.0,0,0,1,0,3.107,1.085,1,33.5,0,0,1,1,0,1,1,0,0,1,0,12192.0,2,1,1,1,0,0,1,0,8.1,271.5,0,0,0,0,0,1
66300,0.0,0.0,0,0,1,0,78.554,0.0,0,0,1,0,3.221,1.136,1,33.98,0,0,1,1,0,1,1,0,0,1,0,12192.0,2,1,1,1,0,0,1,0,7.8,271.3,0,0,0,0,0,1
66400,0.0,0.0,0,0,1,0,78.554,0.0,0,0,1,0,3.339,1.183,1,33.51,0,0,1,1,0,1,1,0,0,1,0,12192.0,2,1,1,1,0,0,1,0,8.3,268.7,0,0,0,0,0,1
66500,0.0,0.0,0,0,1,0,78.554,0.0,0,0,1,0,3.457,1.183,1,33.6,0,0,1,1,0,1,1,0,0,1,0,12192.0,2,1,1,1,0,0,1,0,8.5,268.7,0,0,0,0,0,1
66600,0.0,0.0,0,0,1,0,78.554,0.0,0,0,1,0,3.575,1.183,1,33.49,0,0,1,1,0,1,1,0,0,1,0,12192.0,2,1,1,1,0,0,1,0,8.4,270.3,0,0,0,0,0,1
66700,0.0,0.0,0,0,1,0,78.554,0.0,0,0,1,0,3.694,1.183,1,33.65,0,0,1,1,0,1,1,0,0,1,0,12192.0,2,1,1,1,0,0,1,0,8.6,266.2,0,0,0,0,0,1
66800,0.0,0.0,0,0,1,0,78.554,0.0,0,0,1,0,3.812,1.183,1,33.67,0,0,1,1,0,1,1,0,0,1,0,12192.0,2,1,1,1,0,0,1,0,8.0,267.1,0,0,0,0,0,1
66900,0.0,0.0,0,0,1,0,78.554,0.0,0,0,1,0,3.93,1.183,1,33.47,0,0,1,1,0,1,1,0,0,1,0,12192.0,2,1,1,1,0,0,1,0,7.6,270.2,0,0,0,0,0,1
67000,0.0,0.0,0,0,1,0,78.554,0.0,0,0,1,0,4.048,1.183,1,33.76,0,0,1,1,0,1,1,0,0,1,0,12192.0,2,1,1,1,0,0,1,0,8.7,269.1,0,0,0,0,0,1
67100,0.0,0.0,0,0,1,0,78.554,0.0,0,0,1,0,4.167,1.183,1,33.86,0,0,1,1,0,1,1,0,0,1,0,12192.0,2,1,1,1,0,0,1,0,8.1,265.8,0,0,0,0,0,1
67200,0.0,0.0,0,0,1,0,78.554,0.0,0,0,1,0,4.285,1.183,1,33.69,0,0,1,1,0,1,1,0,0,1,0,12192.0,2,1,1,1,0,0,1,0,8.8,272.4,0,0,0,0,0,1
67300,0.0,0.0,0,0,1,0,78.554,0.0,0,0,1,0,4.403,1.183,1,33.63,0,0,1,1,0,1,1,0,0,1,0,12192.0,2,1,1,1,0,0,1,0,8.5,269.9,0,0,0,0,0,1
67400,0.0,0.0,0,0,1,0,78.554,0.0,0,0,1,0,4.522,1.183,1,33.63,0,0,1,1,0,1,1,0,0,1,0,12192.0,2,1,1,1,0,0,1,0,8.0,275.4,0,0,0,0,0,1
67500,0.0,0.0,0,0,1,0,78.554,0.0,0,0,1,0,4.64,1.183,1,33.67,0,0,1,1,0,1,1,0,0,1,0,12192.0,2,1,1,1,0,0,1,0,7.6,269.9,0,0,0,0,0,1
67600,0.0,0.0,0,0,1,0,78.554,0.0,0,0,1,0,4.758,1.183,1,33.8,0,0,1,1,0,1,1,0,0,1,0,12192.0,2,1,1,1,0,0,1,0,7.6,271.7,0,0,0,0,0,1
67700,0.0,0.0,0,0,1,0,78.554,0.0,0,0,1,0,4.876,1.183,1,33.9,0,0,1,1,0,1,1,0,0,1,0,12192.0,2,1,1,1,0,0,1,0,8.1,267.9,0,0,0,0,0,1
67800,0.0,0.0,0,0,1,0,78.554,0.0,0,0,1,0,4.995,1.183,1,33.97,0,0,1,1,0,1,1,0,0,1,0,12192.0,2,1,1,1,0,0,1,0,8.1,272.6,0,0,0,0,0,1
67900,0.0,0.0,0,0,1,0,78.554,0.0,0,0,1,0,5.113,1.183,1,33.85,0,0,1,1,0,1,1,0,0,1,0,12192.0,2,1,1,1,0,0,1,0,7.8,268.5,0,0,0,0,0,1
68000,0.0,0.0,0,0,1,0,78.554,0.0,0,0,1,0,5.231,1.183,1,33.64,0,0,1,1,0,1,1,0,0,1,0,12192.0,2,1,1,1,0,0,1,0,7.7,267.7,0,0,0,0,0,1
68100,0.0,0.0,0,0,1,0,78.554,0.0,0,0,1,0,5.349,1.183,1,33.63,0,0,1,1,0,1,1,0,0,1,0,12192.0,2,1,1,1,0,0,1,0,8.1,273.1,0,0,0,0,0,1
68200,0.0,0.0,0,0,1,0,78.554,0.0,0,0,1,0,5.468,1.183,1,33.68,0,0,1,1,0,1,1,0,0,1,0,12192.0,2,1,1,1,0,0,1,0,7.9,271.1,0,0,0,0,0,1
68300,0.0,0.0,0,0,1,0,78.554,0.0,0,0,1,0,5.586,1.183,1,33.53,0,0,1,1,0,1,1,0,0,1,0,12192.0,2,1,1,1,0,0,1,0,7.3,271.9,0,0,0,0,0,1
68400,0.0,0.0,0,0,1,0,78.554,0.0,0,0,1,0,5.704,1.183,1,33.87,0,0,1,1,0,1,1,0,0,1,0,12192.0,2,1,1,1,0,0,1,0,7.5,270.4,0,0,0,0,0,1
68500,0.0,0.0,0,0,1,0,78.554,0.0,0,0,1,0,5.823,1.183,1,33.53,0,0,1,1,0,1,1,0,0,1,0,12192.0,2,1,1,1,0,0,1,0,6.9,272.9,0,0,0,0,0,1
68600,0.0,0.0,0,0,1,0,78.554,0.0,0,0,1,0,5.941,1.183,1,33.56,0,0,1,1,0,1,1,0,0,1,0,12192.0,2,1,1,1,0,0,1,0,8.0,262.8,0,0,0,0,0,1
68700,0.0,0.0,0,0,1,0,78.554,0.0,0,0,1,0,6.059,1.183,1,33.57,0,0,1,1,0,1,1,0,0,1,0,12192.0,2,1,1,1,0,0,1,0,7.4,271.5,0,0,0,0,0,1
68800,0.0,0.0,0,0,1,0,78.554,0.0,0,0,1,0,6.177,1.183,1,33.51,0,0,1,1,0,1,1,0,0,1,0,12192.0,2,1,1,1,0,0,1,0,7.7,270.0,0,0,0,0,0,1
68900,0.0,0.0,0,0,1,0,78.554,0.0,0,0,1,0,6.296,1.183,1,33.8,0,0,1,1,0,1,1,0,0,1,0,12192.0,2,1,1,1,0,0,1,0,7.1,275.6,0,0,0,0,0,1
69000,0.0,0.0,0,0,1,0,78.554,0.0,0,0,1,0,6.414,1.183,1,33.63,0,0,1,1,0,1,1,0,0,1,0,12192.0,2,1,1,1,0,0,1,0,8.3,265.6,0,0,0,0,0,1
69100,0.0,0.0,0,0,1,0,78.554,0.0,0,0,1,0,6.532,1.183,1,33.6,0,0,1,1,0,1,1,0,0,1,0,12192.0,2,1,1,1,0,0,1,0,7.8,268.0,0,0,0,0,0,1
69200,0.0,0.0,0,0,1,0,78.554,0.0,0,0,1,0,6.65,1.183,1,33.62,0,0,1,1,0,1,1,0,0,1,0,12192.0,2,1,1,1,0,0,1,0,7.5,269.4,0,0,0,0,0,1
69300,0.0,0.0,0,0,1,0,78.554,0.0,0,0,1,0,6.769,1.183,1,33.47,0,0,1,1,0,1,1,0,0,1,0,12192.0,2,1,1,1,0,0,1,0,7.3,272.3,0,0,0,0,0,1
69400,0.0,0.0,0,0,1,0,78.554,0.0,0,0,1,0,6.887,1.183,1,33.62,0,0,1,1,0,1,1,0,0,1,0,12192.0,2,1,1,1,0,0,1,0,6.9,268.7,0,0,0,0,0,1
69500,0.0,0.0,0,0,1,0,78.554,0.0,0,0,1,0,7.005,1.183,1,33.68,0,0,1,1,0,1,1,0,0,1,0,12192.0,2,1,1,1,0,0,1,0,7.4,271.6,0,0,0,0,0,1
69600,0.0,0.0,0,0,1,0,78.554,0.0,0,0,1,0,7.124,1.183,1,33.85,0,0,1,1,0,1,1,0,0,1,0,12192.0,2,1,1,1,0,0,1,0,7.2,273.0,0,0,0,0,0,1
69700,0.0,0.0,0,0,1,0,78.554,0.0,0,0,1,0,7.242,1.183,1,33.7,0,0,1,1,0,1,1,0,0,1,0,12192.0,2,1,1,1,0,0,1,0,8.1,270.9,0,0,0,0,0,1
69800,0.0,0.0,0,0,1,0,78.554,0.0,0,0,1,0,7.36,1.183,1,33.8,0,0,1,1,0,1,1,0,0,1,0,12192.0,2,1,1,1,0,0,1,0,7.4,271.8,0,0,0,0,0,1
69900,0.0,0.0,0,0,1,0,78.554,0.0,0,0,1,0,7.478,1.183,1,33.53,0,0,1,1,0,1,1,0,0,1,0,12192.0,2,1,1,1,0,0,1,0,7.5,269.4,0,0,0,0,0,1
70000,0.0,0.0,0,0,1,0,78.554,0.0,0,0,1,0,7.597,1.183,1,33.68,0,0,1,1,0,1,1,0,0,1,0,12192.0,2,1,1,1,0,0,1,0,7.3,269.7,0,0,0,0,0,1
70100,0.0,0.0,0,0,1,0,78.554,0.0,0,0,1,0,7.715,1.183,1,33.6,0,0,1,1,0,1,1,0,0,1,0,12192.0,2,1,1,1,0,0,1,0,7.6,269.8,0,0,0,0,0,1
70200,0.0,0.0,0,0,1,0,78.554,0.0,0,0,1,0,7.833,1.183,1,33.8,0,0,1,1,0,1,1,0,0,1,0,12192.0,2,1,1,1,0,0,1,0,6.8,270.6,0,0,0,0,0,1
70300,0.0,0.0,0,0,1,0,78.554,0.0,0,0,1,0,7.951,1.183,1,33.78,0,0,1,1,0,1,1,0,0,1,0,12192.0,2,1,1,1,0,0,1,0,6.8,265.8,0,0,0,0,0,1
70400,0.0,0.0,0,0,1,0,78.554,0.0,0,0,1,0,8.07,1.183,1,33.6,0,0,1,1,0,1,1,0,0,1,0,12192.0,2,1,1,1,0,0,1,0,8.2,268.7,0,0,0,0,0,1
70500,0.0,0.0,0,0,1,0,78.554,0.0,0,0,1,0,8.188,1.183,1,33.79,0,0,1,1,0,1,1,0,0,1,0,12192.0,2,1,1,1,0,0,1,0,7.7,270.9,0,0,0,0,0,1
70600,0.0,0.0,0,0,1,0,78.554,0.0,0,0,1,0,8.306,1.183,1,33.86,0,0,1,1,0,1,1,0,0,1,0,12192.0,2,1,1,1,0,0,1,0,7.9,266.8,0,0,0,0,0,1
70700,0.0,0.0,0,0,1,0,78.554,0.0,0,0,1,0,8.425,1.183,1,33.79,0,0,1,1,0,1,1,0,0,1,0,12192.0,2,1,1,1,0,0,1,0,7.6,270.5,0,0,0,0,0,1
70800,0.0,0.0,0,0,1,0,78.554,0.0,0,0,1,0,8.543,1.183,1,33.63,0,0,1,1,0,1,1,0,0,1,0,12192.0,2,1,1,1,0,0,1,0,7.1,268.6,0,0,0,0,0,1
70900,0.0,0.0,0,0,1,0,78.554,0.0,0,0,1,0,8.661,1.183,1,33.67,0,0,1,1,0,1,1,0,0,1,0,12192.0,2,1,1,1,0,0,1,0,7.9,272.7,0,0,0,0,0,1
71000,0.0,0.0,0,0,1,0,78.554,0.0,0,0,1,0,8.779,1.183,1,33.62,0,0,1,1,0,1,1,0,0,1,0,12192.0,2,1,1,1,0,0,1,0,8.1,275.2,0,0,0,0,0,1
71100,0.0,0.0,0,0,1,0,78.554,0.0,0,0,1,0,8.898,1.183,1,33.6,0,0,1,1,0,1,1,0,0,1,0,12192.0,2,1,1,1,0,0,1,0,8.0,271.6,0,0,0,0,0,1
71200,0.0,0.0,0,0,1,0,78.554,0.0,0,0,1,0,9.016,1.183,1,33.8,0,0,1,1,0,1,1,0,0,1,0,12192.0,2,1,1,1,0,0,1,0,7.0,270.7,0,0,0,0,0,1
71300,0.0,0.0,0,0,1,0,78.554,0.0,0,0,1,0,9.134,1.183,1,33.7,0,0,1,1,0,1,1,0,0,1,0,12192.0,2,1,1,1,0,0,1,0,8.1,272.3,0,0,0,0,0,1
71400,0.0,0.0,0,0,1,0,78.554,0.0,0,0,1,0,9.253,1.183,1,33.63,0,0,1,1,0,1,1,0,0,1,0,12192.0,2,1,1,1,0,0,1,0,7.1,270.8,0,0,0,0,0,1
71500,0.0,0.0,0,0,1,0,78.554,0.0,0,0,1,0,9.371,1.183,1,33.88,0,0,1,1,0,1,1,0,0,1,0,12192.0,2,1,1,1,0,0,1,0,7.9,267.4,0,0,0,0,0,1
71600,0.0,0.0,0,0,1,0,78.554,0.0,0,0,1,0,9.489,1.183,1,33.6,0,0,1,1,0,1,1,0,0,1,0,12192.0,2,1,1,1,0,0,1,0,7.6,269.6,0,0,0,0,0,1
71700,0.0,0.0,0,0,1,0,78.554,0.0,0,0,1,0,9.607,1.183,1,33.95,0,0,1,1,0,1,1,0,0,1,0,12192.0,2,1,1,1,0,0,1,0,8.1,268.2,0,0,0,0,0,1
71800,0.0,0.0,0,0,1,0,78.554,0.0,0,0,1,0,9.726,1.183,1,33.83,0,0,1,1,0,1,1,0,0,1,0,12192.0,2,1,1,1,0,0,1,0,7.5,267.5,0,0,0,0,0,1
71900,0.0,0.0,0,0,1,0,78.554,0.0,0,0,1,0,9.844,1.183,1,33.58,0,0,1,1,0,1,1,0,0,1,0,12192.0,2,1,1,1,0,0,1,0,8.2,270.1,0,0,0,0,0,1
72000,0.0,0.0,0,0,1,0,78.554,0.0,0,0,1,0,9.962,1.183,1,33.78,0,0,1,1,0,1,1,0,0,1,0,12192.0,2,1,1,1,0,0,1,0,7.8,271.0,0,0,0,0,0,1
72100,0.0,0.0,0,0,1,0,78.554,0.0,0,0,1,0,10.08,1.183,1,33.72,0,0,1,1,0,1,1,0,0,1,0,12192.0,2,1,1,1,0,0,1,0,7.9,274.0,0,0,0,0,0,1
72200,0.0,0.0,0,0,1,0,78.554,0.0,0,0,1,0,10.199,1.183,1,33.73,0,0,1,1,0,1,1,0,0,1,0,12192.0,2,1,1,1,0,0,1,0,8.2,268.7,0,0,0,0,0,1
72300,0.0,0.0,0,0,1,0,78.554,0.0,0,0,1,0,10.317,1.183,1,33.75,0,0,1,1,0,1,1,0,0,1,0,12192.0,2,1,1,1,0,0,1,0,8.8,269.5,0,0,0,0,0,1
72400,0.0,0.0,0,0,1,0,78.554,0.0,0,0,1,0,10.435,1.183,1,33.56,0,0,1,1,0,1,1,0,0,1,0,12192.0,2,1,1,1,0,0,1,0,8.4,268.2,0,0,0,0,0,1
72500,0.0,0.0,0,0,1,0,78.554,0.0,0,0,1,0,10.554,1.183,1,33.97,0,0,1,1,0,1,1,0,0,1,0,12192.0,2,1,1,1,0,0,1,0,7.6,275.7,0,0,0,0,0,1
72600,0.0,0.0,0,0,1,0,78.554,0.0,0,0,1,0,10.672,1.183,1,33.52,0,0,1,1,0,1,1,0,0,1,0,12192.0,2,1,1,1,0,0,1,0,8.8,274.1,0,0,0,0,0,1
72700,0.0,0.0,0,0,1,0,78.554,0.0,0,0,1,0,10.79,1.183,1,33.77,0,0,1,1,0,1,1,0,0,1,0,12192.0,2,1,1,1,0,0,1,0,7.7,266.3,0,0,0,0,0,1
72800,0.0,0.0,0,0,1,0,78.554,0.0,0,0,1,0,10.908,1.183,1,33.57,0,0,1,1,0,1,1,0,0,1,0,12192.0,2,1,1,1,0,0,1,0,8.4,268.4,0,0,0,0,0,1
72900,0.0,0.0,0,0,1,0,78.554,0.0,0,0,1,0,11.027,1.183,1,33.68,0,0,1,1,0,1,1,0,0,1,0,12192.0,2,1,1,1,0,0,1,0,8.7,274.0,0,0,0,0,0,1
73000,0.0,0.0,0,0,1,0,78.554,0.0,0,0,1,0,11.145,1.183,1,33.79,0,0,1,1,0,1,1,0,0,1,0,12192.0,2,1,1,1,0,0,1,0,8.3,269.9,0,0,0,0,0,1
73100,0.0,0.0,0,0,1,0,78.554,0.0,0,0,1,0,11.263,1.183,1,33.68,0,0,1,1,0,1,1,0,0,1,0,12192.0,2,1,1,1,0,0,1,0,9.4,269.4,0,0,0,0,0,1
73200,0.0,0.0,0,0,1,0,78.554,0.0,0,0,1,0,11.381,1.183,1,33.7,0,0,1,1,0,1,1,0,0,1,0,12192.0,2,1,1,1,0,0,1,0,8.4,268.7,0,0,0,0,0,1
73300,0.0,0.0,0,0,1,0,78.554,0.0,0,0,1,0,11.5,1.183,1,33.75,0,0,1,1,0,1,1,0,0,1,0,12192.0,2,1,1,1,0,0,1,0,9.1,271.4,0,0,0,0,0,1
73400,0.0,0.0,0,0,1,0,78.554,0.0,0,0,1,0,11.618,1.183,1,33.98,0,0,1,1,0,1,1,0,0,1,0,12192.0,2,1,1,1,0,0,1,0,8.4,273.0,0,0,0,0,0,1
73500,0.0,0.0,0,0,1,0,78.554,0.0,0,0,1,0,11.736,1.183,1,34.08,0,0,1,1,0,1,1,0,0,1,0,12192.0,2,1,1,1,0,0,1,0,8.0,269.1,0,0,0,0,0,1
73600,0.0,0.0,0,0,1,0,78.554,0.0,0,0,1,0,11.855,1.183,1,33.66,0,0,1,1,0,1,1,0,0,1,0,12192.0,2,1,1,1,0,0,1,0,8.4,274.4,0,0,0,0,0,1
73700,0.0,0.0,0,0,1,0,78.554,0.0,0,0,1,0,11.973,1.183,1,33.7,0,0,1,1,0,1,1,0,0,1,0,12192.0,2,1,1,1,0,0,1,0,10.1,273.4,0,0,0,0,0,1
73800,0.0,0.0,0,0,1,0,78.554,0.0,0,0,1,0,12.091,1.183,1,33.47,0,0,1,1,0,1,1,0,0,1,0,12192.0,2,1,1,1,0,0,1,0,9.0,271.1,0,0,0,0,0,1
73900,0.0,0.0,0,0,1,0,78.554,0.0,0,0,1,0,12.209,1.183,1,33.82,0,0,1,1,0,1,1,0,0,1,0,12192.0,2,1,1,1,0,0,1,0,8.1,265.9,0,0,0,0,0,1
74000,0.0,0.0,0,0,1,0,78.554,0.0,0,0,1,0,12.328,1.183,1,33.64,0,0,1,1,0,1,1,0,0,1,0,12192.0,2,1,1,1,0,0,1,0,8.2,268.8,0,0,0,0,0,1
74100,0.0,0.0,0,0,1,0,78.554,0.0,0,0,1,0,12.446,1.183,1,33.78,0,0,1,1,0,1,1,0,0,1,0,12192.0,2,1,1,1,0,0,1,0,9.4,274.1,0,0,0,0,0,1
74200,0.0,0.0,0,0,1,0,78.554,0.0,0,0,1,0,12.564,1.183,1,33.63,0,0,1,1,0,1,1,0,0,1,0,12192.0,2,1,1,1,0,0,1,0,7.8,267.7,0,0,0,0,0,1
74300,0.0,0.0,0,0,1,0,78.554,0.0,0,0,1,0,12.682,1.183,1,33.65,0,0,1,1,0,1,1,0,0,1,0,12192.0,2,1,1,1,0,0,1,0,7.9,268.2,0,0,0,0,0,1
74400,0.0,0.0,0,0,1,0,78.554,0.0,0,0,1,0,12.801,1.183,1,33.65,0,0,1,1,0,1,1,0,0,1,0,12192.0,2,1,1,1,0,0,1,0,9.4,274.6,0,0,0,0,0,1
74500,0.0,0.0,0,0,1,0,78.554,0.0,0,0,1,0,12.919,1.183,1,33.42,0,0,1,1,0,1,1,0,0,1,0,12192.0,2,1,1,1,0,0,1,0,8.0,272.4,0,0,0,0,0,1
74600,0.0,0.0,0,0,1,0,78.554,0.0,0,0,1,0,13.037,1.183,1,33.81,0,0,1,1,0,1,1,0,0,1,0,12192.0,2,1,1,1,0,0,1,0,9.0,273.0,0,0,0,0,0,1
74700,0.0,0.0,0,0,1,0,78.554,0.0,0,0,1,0,13.156,1.183,1,33.8,0,0,1,1,0,1,1,0,0,1,0,12192.0,2,1,1,1,0,0,1,0,9.1,269.4,0,0,0,0,0,1
74800,0.0,0.0,0,0,1,0,78.554,0.0,0,0,1,0,13.274,1.183,1,33.62,0,0,1,1,0,1,1,0,0,1,0,12192.0,2,1,1,1,0,0,1,0,9.3,269.5,0,0,0,0,0,1
74900,0.0,0.0,0,0,1,0,78.554,0.0,0,0,1,0,13.392,1.183,1,33.9,0,0,1,1,0,1,1,0,0,1,0,12192.0,2,1,1,1,0,0,1,0,8.5,270.5,0,0,0,0,0,1
75000,0.0,0.0,0,0,1,0,78.554,0.0,0,0,1,0,13.51,1.183,1,33.69,0,0,1,1,0,1,1,0,0,1,0,12192.0,2,1,1,1,0,0,1,0,8.4,278.0,0,0,0,0,0,1
75100,0.0,0.0,0,0,1,0,78.554,0.0,0,0,1,0,13.629,1.183,1,33.87,0,0,1,1,0,1,1,0,0,1,0,12192.0,2,1,1,1,0,0,1,0,8.5,271.7,0,0,0,0,0,1
75200,0.0,0.0,0,0,1,0,78.554,0.0,0,0,1,0,13.747,1.183,1,33.71,0,0,1,1,0,1,1,0,0,1,0,12192.0,2,1,1,1,0,0,1,0,8.3,268.7,0,0,0,0,0,1
75300,0.0,0.0,0,0,1,0,78.554,0.0,0,0,1,0,13.865,1.183,1,33.81,0,0,1,1,0,1,1,0,0,1,0,12192.0,2,1,1,1,0,0,1,0,8.8,270.8,0,0,0,0,0,1
75400,0.0,0.0,0,0,1,0,78.554,0.0,0,0,1,0,13.983,1.183,1,33.61,0,0,1,1,0,1,1,0,0,1,0,12192.0,2,1,1,1,0,0,1,0,8.1,271.8,0,0,0,0,0,1
75500,0.0,0.0,0,0,1,0,78.554,0.0,0,0,1,0,14.102,1.183,1,33.83,0,0,1,1,0,1,1,0,0,1,0,12192.0,2,1,1,1,0,0,1,0,8.0,270.6,0,0,0,0,0,1
75600,0.0,0.0,0,0,1,0,78.554,0.0,0,0,1,0,14.22,1.183,1,33.82,0,0,1,1,0,1,1,0,0,1,0,12192.0,2,1,1,1,0,0,1,0,8.0,272.5,0,0,0,0,0,1
75700,0.0,0.0,0,0,1,0,78.554,0.0,0,0,1,0,14.338,1.183,1,33.66,0,0,1,1,0,1,1,0,0,1,0,12192.0,2,1,1,1,0,0,1,0,8.7,268.5,0,0,0,0,0,1
75800,0.0,0.0,0,0,1,0,78.554,0.0,0,0,1,0,14.457,1.183,1,33.64,0,0,1,1,0,1,1,0,0,1,0,12192.0,2,1,1,1,0,0,1,0,8.0,269.6,0,0,0,0,0,1
75900,0.0,0.0,0,0,1,0,78.554,0.0,0,0,1,0,14.575,1.183,1,33.6,0,0,1,1,0,1,1,0,0,1,0,12192.0,2,1,1,1,0,0,1,0,7.6,273.5,0,0,0,0,0,1
76000,0.0,0.0,0,0,1,0,78.554,0.0,0,0,1,0,14.693,1.183,1,33.89,0,0,1,1,0,1,1,0,0,1,0,12192.0,2,1,1,1,0,0,1,0,8.2,268.9,0,0,0,0,0,1
76100,0.0,0.0,0,0,1,0,78.554,0.0,0,0,1,0,14.811,1.183,1,33.64,0,0,1,1,0,1,1,0,0,1,0,12192.0,2,1,1,1,0,0,1,0,8.6,267.9,0,0,0,0,0,1
76200,0.0,0.0,0,0,1,0,78.554,0.0,0,0,1,0,14.93,1.183,1,33.7,0,0,1,1,0,1,1,0,0,1,0,12192.0,2,1,1,1,0,0,1,0,8.1,271.2,0,0,0,0,0,1
76300,0.0,0.0,0,0,1,0,78.554,0.0,0,0,1,0,15.048,1.183,1,33.8,0,0,1,1,0,1,1,0,0,1,0,12192.0,2,1,1,1,0,0,1,0,8.0,272.9,0,0,0,0,0,1
76400,0.0,0.0,0,0,1,0,78.554,0.0,0,0,1,0,15.166,1.183,1,33.51,0,0,1,1,0,1,1,0,0,1,0,12192.0,2,1,1,1,0,0,1,0,7.7,271.5,0,0,0,0,0,1
76500,0.0,0.0,0,0,1,0,78.554,0.0,0,0,1,0,15.284,1.183,1,33.61,0,0,1,1,0,1,1,0,0,1,0,12192.0,2,1,1,1,0,0,1,0,8.4,267.9,0,0,0,0,0,1
76600,0.0,0.0,0,0,1,0,78.554,0.0,0,0,1,0,15.403,1.183,1,33.72,0,0,1,1,0,1,1,0,0,1,0,12192.0,2,1,1,1,0,0,1,0,8.1,270.2,0,0,0,0,0,1
76700,0.0,0.0,0,0,1,0,78.554,0.0,0,0,1,0,15.521,1.183,1,33.68,0,0,1,1,0,1,1,0,0,1,0,12192.0,2,1,1,1,0,0,1,0,7.9,268.4,0,0,0,0,0,1
76800,0.0,0.0,0,0,1,0,78.554,0.0,0,0,1,0,15.639,1.183,1,33.47,0,0,1,1,0,1,1,0,0,1,0,12192.0,2,1,1,1,0,0,1,0,8.0,261.9,0,0,0,0,0,1
76900,0.0,0.0,0,0,1,0,78.554,0.0,0,0,1,0,15.758,1.183,1,33.66,0,0,1,1,0,1,1,0,0,1,0,12192.0,2,1,1,1,0,0,1,0,8.2,268.1,0,0,0,0,0,1
77000,0.0,0.0,0,0,1,0,78.554,0.0,0,0,1,0,15.876,1.183,1,33.65,0,0,1,1,0,1,1,0,0,1,0,12192.0,2,1,1,1,0,0,1,0,8.8,272.9,0,0,0,0,0,1
77100,0.0,0.0,0,0,1,0,78.554,0.0,0,0,1,0,15.994,1.183,1,33.89,0,0,1,1,0,1,1,0,0,1,0,12192.0,2,1,1,1,0,0,1,0,6.9,270.7,0,0,0,0,0,1
77200,0.0,0.0,0,0,1,0,78.554,0.0,0,0,1,0,16.112,1.183,1,33.47,0,0,1,1,0,1,1,0,0,1,0,12192.0,2,1,1,1,0,0,1,0,8.0,266.6,0,0,0,0,0,1
77300,0.0,0.0,0,0,1,0,78.554,0.0,0,0,1,0,16.231,1.183,1,33.64,0,0,1,1,0,1,1,0,0,1,0,12192.0,2,1,1,1,0,0,1,0,7.2,269.7,0,0,0,0,0,1
77400,0.0,0.0,0,0,1,0,78.554,0.0,0,0,1,0,16.349,1.183,1,33.83,0,0,1,1,0,1,1,0,0,1,0,12192.0,2,1,1,1,0,0,1,0,7.3,269.8,0,0,0,0,0,1
77500,0.0,0.0,0,0,1,0,78.554,0.0,0,0,1,0,16.467,1.183,1,33.79,0,0,1,1,0,1,1,0,0,1,0,12192.0,2,1,1,1,0,0,1,0,7.1,274.4,0,0,0,0,0,1
77600,0.0,0.0,0,0,1,0,78.554,0.0,0,0,1,0,16.585,1.183,1,33.74,0,0,1,1,0,1,1,0,0,1,0,12192.0,2,1,1,1,0,0,1,0,8.1,270.9,0,0,0,0,0,1
77700,0.0,0.0,0,0,1,0,78.554,0.0,0,0,1,0,16.704,1.183,1,33.8,0,0,1,1,0,1,1,0,0,1,0,12192.0,2,1,1,1,0,0,1,0,7.0,271.4,0,0,0,0,0,1
77800,0.0,0.0,0,0,1,0,78.554,0.0,0,0,1,0,16.822,1.183,1,33.73,0,0,1,1,0,1,1,0,0,1,0,12192.0,2,1,1,1,0,0,1,0,7.9,268.7,0,0,0,0,0,1
77900,0.0,0.0,0,0,1,0,78.554,0.0,0,0,1,0,16.94,1.183,1,33.61,0,0,1,1,0,1,1,0,0,1,0,12192.0,2,1,1,1,0,0,1,0,7.2,270.9,0,0,0,0,0,1
78000,0.0,0.0,0,0,1,0,78.554,0.0,0,0,1,0,17.059,1.183,1,33.78,0,0,1,1,0,1,1,0,0,1,0,12192.0,2,1,1,1,0,0,1,0,7.6,267.5,0,0,0,0,0,1
78100,0.0,0.0,0,0,1,0,78.554,0.0,0,0,1,0,17.177,1.183,1,33.88,0,0,1,1,0,1,1,0,0,1,0,12192.0,2,1,1,1,0,0,1,0,6.7,269.5,0,0,0,0,0,1
78200,0.0,0.0,0,0,1,0,78.554,0.0,0,0,1,0,17.295,1.183,1,33.72,0,0,1,1,0,1,1,0,0,1,0,12192.0,2,1,1,1,0,0,1,0,8.2,269.1,0,0,0,0,0,1
78300,0.0,0.0,0,0,1,0,78.554,0.0,0,0,1,0,17.413,1.183,1,33.78,0,0,1,1,0,1,1,0,0,1,0,12192.0,2,1,1,1,0,0,1,0,7.0,271.8,0,0,0,0,0,1
78400,0.0,0.0,0,0,1,0,78.554,0.0,0,0,1,0,17.532,1.183,1,33.71,0,0,1,1,0,1,1,0,0,1,0,12192.0,2,1,1,1,0,0,1,0,7.7,273.8,0,0,0,0,0,1
78500,0.0,0.0,0,0,1,0,78.554,0.0,0,0,1,0,17.65,1.183,1,33.66,0,0,1,1,0,1,1,0,0,1,0,12192.0,2,1,1,1,0,0,1,0,7.1,270.6,0,0,0,0,0,1
78600,0.0,0.0,0,0,1,0,78.554,0.0,0,0,1,0,17.768,1.183,1,33.72,0,0,1,1,0,1,1,0,0,1,0,12192.0,2,1,1,1,0,0,1,0,7.1,271.1,0,0,0,0,0,1
78700,0.0,0.0,0,0,1,0,78.554,0.0,0,0,1,0,17.887,1.183,1,33.63,0,0,1,1,0,1,1,0,0,1,0,12192.0,2,1,1,1,0,0,1,0,7.6,269.6,0,0,0,0,0,1
78800,0.0,0.0,0,0,1,0,78.554,0.0,0,0,1,0,18.005,1.183,1,33.79,0,0,1,1,0,1,1,0,0,1,0,12192.0,2,1,1,1,0,0,1,0,7.2,268.0,0,0,0,0,0,1
78900,0.0,0.0,0,0,1,0,78.554,0.0,0,0,1,0,18.123,1.183,1,33.52,0,0,1,1,0,1,1,0,0,1,0,12192.0,2,1,1,1,0,0,1,0,7.1,268.5,0,0,0,0,0,1
79000,0.0,0.0,0,0,1,0,78.554,0.0,0,0,1,0,18.241,1.183,1,33.85,0,0,1,1,0,1,1,0,0,1,0,12192.0,2,1,1,1,0,0,1,0,7.3,265.8,0,0,0,0,0,1
79100,0.0,0.0,0,0,1,0,78.554,0.0,0,0,1,0,18.36,1.183,1,33.66,0,0,1,1,0,1,1,0,0,1,0,12192.0,2,1,1,1,0,0,1,0,7.4,267.5,0,0,0,0,0,1
79200,0.0,0.0,0,0,1,0,78.554,0.0,0,0,1,0,18.478,1.183,1,33.81,0,0,1,1,0,1,1,0,0,1,0,12192.0,2,1,1,1,0,0,1,0,8.2,269.8,0,0,0,0,0,1
79300,0.0,0.0,0,0,1,0,78.554,0.0,0,0,1,0,18.596,1.183,1,33.43,0,0,1,1,0,1,1,0,0,1,0,12192.0,2,1,1,1,0,0,1,0,7.8,272.2,0,0,0,0,0,1
79400,0.0,0.0,0,0,1,0,78.554,0.0,0,0,1,0,18.714,1.183,1,33.82,0,0,1,1,0,1,1,0,0,1,0,12192.0,2,1,1,1,0,0,1,0,7.6,267.8,0,0,0,0,0,1
79500,0.0,0.0,0,0,1,0,78.554,0.0,0,0,1,0,18.833,1.183,1,33.59,0,0,1,1,0,1,1,0,0,1,0,12192.0,2,1,1,1,0,0,1,0,6.9,267.0,0,0,0,0,0,1
79600,0.0,0.0,0,0,1,0,78.554,0.0,0,0,1,0,18.951,1.183,1,33.69,0,0,1,1,0,1,1,0,0,1,0,12192.0,2,1,1,1,0,0,1,0,6.8,269.5,0,0,0,0,0,1
79700,0.0,0.0,0,0,1,0,78.554,0.0,0,0,1,0,19.069,1.183,1,33.64,0,0,1,1,0,1,1,0,0,1,0,12192.0,2,1,1,1,0,0,1,0,7.5,273.5,0,0,0,0,0,1
79800,0.0,0.0,0,0,1,0,78.554,0.0,0,0,1,0,19.188,1.183,1,33.5,0,0,1,1,0,1,1,0,0,1,0,12192.0,2,1,1,1,0,0,1,0,7.3,267.3,0,0,0,0,0,1
79900,0.0,0.0,0,0,1,0,78.554,0.0,0,0,1,0,19.306,1.183,1,33.51,0,0,1,1,0,1,1,0,0,1,0,12192.0,2,1,1,1,0,0,1,0,7.1,269.8,0,0,0,0,0,1
80000,0.0,0.0,0,0,1,0,78.554,0.0,0,0,1,0,19.424,1.183,1,33.59,0,0,1,1,0,1,1,0,0,1,0,12192.0,2,1,1,1,0,0,1,0,7.3,271.2,0,0,0,0,0,1
80100,0.0,0.0,0,0,1,0,78.554,0.0,0,0,1,0,19.542,1.183,1,33.61,0,0,1,1,0,1,1,0,0,1,0,12192.0,2,1,1,1,0,0,1,0,6.6,271.7,0,0,0,0,0,1
80200,0.0,0.0,0,0,1,0,78.554,0.0,0,0,1,0,19.661,1.183,1,33.62,0,0,1,1,0,1,1,0,0,1,0,12192.0,2,1,1,1,0,0,1,0,8.3,267.1,0,0,0,0,0,1
80300,0.0,0.0,0,0,1,0,78.554,0.0,0,0,1,0,19.779,1.183,1,33.63,0,0,1,1,0,1,1,0,0,1,0,12192.0,2,1,1,1,0,0,1,0,8.1,272.9,0,0,0,0,0,1
80400,0.0,0.0,0,0,1,0,78.554,0.0,0,0,1,0,19.897,1.183,1,33.8,0,0,1,1,0,1,1,0,0,1,0,12192.0,2,1,1,1,0,0,1,0,8.6,261.9,0,0,0,0,0,1
80500,0.0,0.0,0,0,1,0,78.554,0.0,0,0,1,0,20.015,1.183,1,33.73,0,0,1,1,0,1,1,0,0,1,0,12192.0,2,1,1,1,0,0,1,0,8.5,270.1,0,0,0,0,0,1
80600,0.0,0.0,0,0,1,0,78.554,0.0,0,0,1,0,20.134,1.183,1,33.78,0,0,1,1,0,1,1,0,0,1,0,12192.0,2,1,1,1,0,0,1,0,8.5,273.2,0,0,0,0,0,1
80700,0.0,0.0,0,0,1,0,78.554,0.0,0,0,1,0,20.252,1.183,1,33.68,0,0,1,1,0,1,1,0,0,1,0,12192.0,2,1,1,1,0,0,1,0,8.1,269.5,0,0,0,0,0,1
80800,0.0,0.0,0,0,1,0,78.554,0.0,0,0,1,0,20.37,1.183,1,33.56,0,0,1,1,0,1,1,0,0,1,0,12192.0,2,1,1,1,0,0,1,0,8.0,264.4,0,0,0,0,0,1
80900,0.0,0.0,0,0,1,0,78.554,0.0,0,0,1,0,20.489,1.183,1,33.87,0,0,1,1,0,1,1,0,0,1,0,12192.0,2,1,1,1,0,0,1,0,8.0,271.5,0,0,0,0,0,1
81000,0.0,0.0,0,0,1,0,78.554,0.0,0,0,1,0,20.607,1.183,1,33.56,0,0,1,1,0,1,1,0,0,1,0,12192.0,2,1,1,1,0,0,1,0,8.3,266.1,0,0,0,0,0,1
81100,0.0,0.0,0,0,1,0,78.554,0.0,0,0,1,0,20.725,1.183,1,33.48,0,0,1,1,0,1,1,0,0,1,0,12192.0,2,1,1,1,0,0,1,0,7.7,269.9,0,0,0,0,0,1
81200,0.0,0.0,0,0,1,0,78.554,0.0,0,0,1,0,20.843,1.183,1,33.77,0,0,1,1,0,1,1,0,0,1,0,12192.0,2,1,1,1,0,0,1,0,8.4,271.6,0,0,0,0,0,1
81300,0.0,0.0,0,0,1,0,78.554,0.0,0,0,1,0,20.962,1.183,1,33.67,0,0,1,1,0,1,1,0,0,1,0,12192.0,2,1,1,1,0,0,1,0,7.5,267.5,0,0,0,0,0,1
81400,0.0,0.0,0,0,1,0,78.554,0.0,0,0,1,0,21.08,1.183,1,33.82,0,0,1,1,0,1,1,0,0,1,0,12192.0,2,1,1,1,0,0,1,0,7.6,268.1,0,0,0,0,0,1
81500,0.0,0.0,0,0,1,0,78.554,0.0,0,0,1,0,21.198,1.183,1,33.59,0,0,1,1,0,1,1,0,0,1,0,12192.0,2,1,1,1,0,0,1,0,8.2,272.7,0,0,0,0,0,1
81600,0.0,0.0,0,0,1,0,78.554,0.0,0,0,1,0,21.316,1.183,1,33.63,0,0,1,1,0,1,1,0,0,1,0,12192.0,2,1,1,1,0,0,1,0,8.2,263.5,0,0,0,0,0,1
81700,0.0,0.0,0,0,1,0,78.554,0.0,0,0,1,0,21.435,1.183,1,33.77,0,0,1,1,0,1,1,0,0,1,0,12192.0,2,1,1,1,0,0,1,0,9.0,272.9,0,0,0,0,0,1
81800,0.0,0.0,0,0,1,0,78.554,0.0,0,0,1,0,21.553,1.183,1,33.75,0,0,1,1,0,1,1,0,0,1,0,12192.0,2,1,1,1,0,0,1,0,8.7,267.1,0,0,0,0,0,1
81900,0.0,0.0,0,0,1,0,78.554,0.0,0,0,1,0,21.671,1.183,1,33.72,0,0,1,1,0,1,1,0,0,1,0,12192.0,2,1,1,1,0,0,1,0,8.1,270.9,0,0,0,0,0,1
82000,0.0,0.0,0,0,1,0,78.554,0.0,0,0,1,0,21.79,1.183,1,33.51,0,0,1,1,0,1,1,0,0,1,0,12192.0,2,1,1,1,0,0,1,0,8.2,270.8,0,0,0,0,0,1
82100,0.0,0.0,0,0,1,0,78.554,0.0,0,0,1,0,21.908,1.183,1,33.86,0,0,1,1,0,1,1,0,0,1,0,12192.0,2,1,1,1,0,0,1,0,8.7,267.0,0,0,0,0,0,1
82200,0.0,0.0,0,0,1,0,78.554,0.0,0,0,1,0,22.026,1.183,1,33.67,0,0,1,1,0,1,1,0,0,1,0,12192.0,2,1,1,1,0,0,1,0,8.6,269.6,0,0,0,0,0,1
82300,0.0,0.0,0,0,1,0,78.554,0.0,0,0,1,0,22.144,1.183,1,33.6,0,0,1,1,0,1,1,0,0,1,0,12192.0,2,1,1,1,0,0,1,0,8.0,269.3,0,0,0,0,0,1
82400,0.0,0.0,0,0,1,0,78.554,0.0,0,0,1,0,22.263,1.183,1,33.73,0,0,1,1,0,1,1,0,0,1,0,12192.0,2,1,1,1,0,0,1,0,8.5,269.2,0,0,0,0,0,1
82500,0.0,0.0,0,0,1,0,78.554,0.0,0,0,1,0,22.381,1.183,1,33.73,0,0,1,1,0,1,1,0,0,1,0,12192.0,2,1,1,1,0,0,1,0,8.3,268.6,0,0,0,0,0,1
82600,0.0,0.0,0,0,1,0,78.554,0.0,0,0,1,0,22.499,1.183,1,33.71,0,0,1,1,0,1,1,0,0,1,0,12192.0,2,1,1,1,0,0,1,0,8.4,268.3,0,0,0,0,0,1
82700,0.0,0.0,0,0,1,0,78.554,0.0,0,0,1,0,22.617,1.183,1,33.7,0,0,1,1,0,1,1,0,0,1,0,12192.0,2,1,1,1,0,0,1,0,8.4,272.7,0,0,0,0,0,1
82800,0.0,0.0,0,0,1,0,78.554,0.0,0,0,1,0,22.736,1.183,1,33.57,0,0,1,1,0,1,1,0,0,1,0,12192.0,2,1,1,1,0,0,1,0,8.7,263.4,0,0,0,0,0,1
82900,0.0,0.0,0,0,1,0,78.554,0.0,0,0,1,0,22.854,1.183,1,33.66,0,0,1,1,0,1,1,0,0,1,0,12192.0,2,1,1,1,0,0,1,0,8.6,275.0,0,0,0,0,0,1
83000,0.0,0.0,0,0,1,0,78.554,0.0,0,0,1,0,22.972,1.183,1,33.41,0,0,1,1,0,1,1,0,0,1,0,12192.0,2,1,1,1,0,0,1,0,7.8,268.8,0,0,0,0,0,1
83100,0.0,0.0,0,0,1,0,78.554,0.0,0,0,1,0,23.091,1.183,1,33.81,0,0,1,1,0,1,1,0,0,1,0,12192.0,2,1,1,1,0,0,1,0,9.5,268.9,0,0,0,0,0,1
83200,0.0,0.0,0,0,1,0,78.554,0.0,0,0,1,0,23.209,1.183,1,33.51,0,0,1,1,0,1,1,0,0,1,0,12192.0,2,1,1,1,0,0,1,0,8.7,266.4,0,0,0,0,0,1
83300,0.0,0.0,0,0,1,0,78.554,0.0,0,0,1,0,23.327,1.183,1,33.74,0,0,1,1,0,1,1,0,0,1,0,12192.0,2,1,1,1,0,0,1,0,8.8,270.2,0,0,0,0,0,1
83400,0.0,0.0,0,0,1,0,78.554,0.0,0,0,1,0,23.445,1.183,1,33.51,0,0,1,1,0,1,1,0,0,1,0,12192.0,2,1,1,1,0,0,1,0,9.0,267.3,0,0,0,0,0,1
83500,0.0,0.0,0,0,1,0,78.554,0.0,0,0,1,0,23.564,1.183,1,33.86,0,0,1,1,0,1,1,0,0,1,0,12192.0,2,1,1,1,0,0,1,0,8.6,269.3,0,0,0,0,0,1
83600,0.0,0.0,0,0,1,0,78.554,0.0,0,0,1,0,23.682,1.183,1,33.66,0,0,1,1,0,1,1,0,0,1,0,12192.0,2,1,1,1,0,0,1,0,8.4,269.7,0,0,0,0,0,1
83700,0.0,0.0,0,0,1,0,78.554,0.0,0,0,1,0,23.8,1.183,1,33.65,0,0,1,1,0,1,1,0,0,1,0,12192.0,2,1,1,1,0,0,1,0,8.7,271.9,0,0,0,0,0,1
83800,0.0,0.0,0,0,1,0,78.554,0.0,0,0,1,0,23.918,1.183,1,33.86,0,0,1,1,0,1,1,0,0,1,0,12192.0,2,1,1,1,0,0,1,0,8.9,270.9,0,0,0,0,0,1
83900,0.0,0.0,0,0,1,0,78.554,0.0,0,0,1,0,24.037,1.183,1,33.78,0,0,1,1,0,1,1,0,0,1,0,12192.0,2,1,1,1,0,0,1,0,7.9,271.2,0,0,0,0,0,1
84000,0.0,0.0,0,0,1,0,78.554,0.0,0,0,1,0,24.155,1.183,1,33.59,0,0,1,1,0,1,1,0,0,1,0,12192.0,2,1,1,1,0,0,1,0,9.3,268.3,0,0,0,0,0,1
84100,0.0,0.0,0,0,1,0,78.554,0.0,0,0,1,0,24.273,1.183,1,33.74,0,0,1,1,0,1,1,0,0,1,0,12192.0,2,1,1,1,0,0,1,0,8.2,264.6,0,0,0,0,0,1
84200,0.0,0.0,0,0,1,0,78.554,0.0,0,0,1,0,24.392,1.183,1,33.73,0,0,1,1,0,1,1,0,0,1,0,12192.0,2,1,1,1,0,0,1,0,8.2,268.9,0,0,0,0,0,1
84300,0.0,0.0,0,0,1,0,78.554,0.0,0,0,1,0,24.51,1.183,1,33.79,0,0,1,1,0,1,1,0,0,1,0,12192.0,2,1,1,1,0,0,1,0,8.2,266.1,0,0,0,0,0,1
84400,0.0,0.0,0,0,1,0,78.554,0.0,0,0,1,0,24.628,1.183,1,33.82,0,0,1,1,0,1,1,0,0,1,0,12192.0,2,1,1,1,0,0,1,0,9.0,268.6,0,0,0,0,0,1
84500,0.0,0.0,0,0,1,0,78.554,0.0,0,0,1,0,24.746,1.183,1,33.53,0,0,1,1,0,1,1,0,0,1,0,12192.0,2,1,1,1,0,0,1,0,8.9,263.2,0,0,0,0,0,1
84600,0.0,0.0,0,0,1,0,78.554,0.0,0,0,1,0,24.865,1.183,1,33.94,0,0,1,1,0,1,1,0,0,1,0,12192.0,2,1,1,1,0,0,1,0,8.1,268.3,0,0,0,0,0,1
84700,0.0,0.0,0,0,1,0,78.554,0.0,0,0,1,0,24.983,1.183,1,33.75,0,0,1,1,0,1,1,0,0,1,0,12192.0,2,1,1,1,0,0,1,0,7.7,265.5,0,0,0,0,0,1
84800,0.0,0.0,0,0,1,0,78.554,0.0,0,0,1,0,25.101,1.183,1,33.74,0,0,1,1,0,1,1,0,0,1,0,12192.0,2,1,1,1,0,0,1,0,7.8,272.9,0,0,0,0,0,1
84900,0.0,0.0,0,0,1,0,78.554,0.0,0,0,1,0,25.219,1.183,1,33.71,0,0,1,1,0,1,1,0,0,1,0,12192.0,2,1,1,1,0,0,1,0,7.6,272.0,0,0,0,0,0,1
85000,0.0,0.0,0,0,1,0,78.554,0.0,0,0,1,0,25.338,1.183,1,33.67,0,0,1,1,0,1,1,0,0,1,0,12192.0,2,1,1,1,0,0,1,0,8.3,265.2,0,0,0,0,0,1
85100,0.0,0.0,0,0,1,0,78.554,0.0,0,0,1,0,25.456,1.183,1,33.95,0,0,1,1,0,1,1,0,0,1,0,12192.0,2,1,1,1,0,0,1,0,7.9,267.7,0,0,0,0,0,1
85200,0.0,0.0,0,0,1,0,78.554,0.0,0,0,1,0,25.574,1.183,1,33.64,0,0,1,1,0,1,1,0,0,1,0,12192.0,2,1,1,1,0,0,1,0,8.6,272.5,0,0,0,0,0,1
85300,0.0,0.0,0,0,1,0,78.554,0.0,0,0,1,0,25.693,1.183,1,33.64,0,0,1,1,0,1,1,0,0,1,0,12192.0,2,1,1,1,0,0,1,0,7.8,267.3,0,0,0,0,0,1
85400,0.0,0.0,0,0,1,0,78.554,0.0,0,0,1,0,25.811,1.183,1,33.64,0,0,1,1,0,1,1,0,0,1,0,12192.0,2,1,1,1,0,0,1,0,8.2,269.3,0,0,0,0,0,1
85500,0.0,0.0,0,0,1,0,78.554,0.0,0,0,1,0,25.929,1.183,1,33.7,0,0,1,1,0,1,1,0,0,1,0,12192.0,2,1,1,1,0,0,1,0,8.0,272.5,0,0,0,0,0,1
85600,0.0,0.0,0,0,1,0,78.554,0.0,0,0,1,0,26.047,1.183,1,33.66,0,0,1,1,0,1,1,0,0,1,0,12192.0,2,1,1,1,0,0,1,0,8.1,273.2,0,0,0,0,0,1
85700,0.0,0.0,0,0,1,0,78.554,0.0,0,0,1,0,26.166,1.183,1,33.91,0,0,1,1,0,1,1,0,0,1,0,12192.0,2,1,1,1,0,0,1,0,7.3,267.9,0,0,0,0,0,1
85800,0.0,0.0,0,0,1,0,78.554,0.0,0,0,1,0,26.284,1.183,1,33.69,0,0,1,1,0,1,1,0,0,1,0,12192.0,2,1,1,1,0,0,1,0,7.6,272.9,0,0,0,0,0,1
85900,0.0,0.0,0,0,1,0,78.554,0.0,0,0,1,0,26.402,1.183,1,33.54,0,0,1,1,0,1,1,0,0,1,0,12192.0,2,1,1,1,0,0,1,0,7.6,272.2,0,0,0,0,0,1
86000,0.0,0.0,0,0,1,0,78.554,0.0,0,0,1,0,26.521,1.183,1,33.74,0,0,1,1,0,1,1,0,0,1,0,12192.0,2,1,1,1,0,0,1,0,7.6,274.3,0,0,0,0,0,1
86100,0.0,0.0,0,0,1,0,78.554,0.0,0,0,1,0,26.639,1.183,1,33.55,0,0,1,1,0,1,1,0,0,1,0,12192.0,2,1,1,1,0,0,1,0,7.8,270.9,0,0,0,0,0,1
86200,0.0,0.0,0,0,1,0,78.554,0.0,0,0,1,0,26.757,1.183,1,33.86,0,0,1,1,0,1,1,0,0,1,0,12192.0,2,1,1,1,0,0,1,0,7.9,269.7,0,0,0,0,0,1
86300,0.0,0.0,0,0,1,0,78.554,0.0,0,0,1,0,26.875,1.183,1,33.8,0,0,1,1,0,1,1,0,0,1,0,12192.0,2,1,1,1,0,0,1,0,7.8,268.3,0,0,0,0,0,1
86400,0.0,0.0,0,0,1,0,78.554,0.0,0,0,1,0,26.994,1.183,1,34.05,0,0,1,1,0,1,1,0,0,1,0,12192.0,2,1,1,1,0,0,1,0,7.4,269.2,0,0,0,0,0,1
86500,0.0,0.0,0,0,1,0,78.554,0.0,0,0,1,0,27.112,1.183,1,33.91,0,0,1,1,0,1,1,0,0,1,0,12192.0,2,1,1,1,0,0,1,0,7.4,272.2,0,0,0,0,0,1
86600,0.0,0.0,0,0,1,0,78.554,0.0,0,0,1,0,27.23,1.183,1,33.59,0,0,1,1,0,1,1,0,0,1,0,12192.0,2,1,1,1,0,0,1,0,7.2,273.2,0,0,0,0,0,1
86700,0.0,0.0,0,0,1,0,78.554,0.0,0,0,1,0,27.348,1.183,1,33.51,0,0,1,1,0,1,1,0,0,1,0,12192.0,2,1,1,1,0,0,1,0,8.0,268.1,0,0,0,0,0,1
86800,0.0,0.0,0,0,1,0,78.554,0.0,0,0,1,0,27.467,1.183,1,33.59,0,0,1,1,0,1,1,0,0,1,0,12192.0,2,1,1,1,0,0,1,0,6.9,269.6,0,0,0,0,0,1
86900,0.0,0.0,0,0,1,0,78.554,0.0,0,0,1,0,27.585,1.183,1,33.72,0,0,1,1,0,1,1,0,0,1,0,12192.0,2,1,1,1,0,0,1,0,6.8,268.9,0,0,0,0,0,1
87000,0.0,0.0,0,0,1,0,78.554,0.0,0,0,1,0,27.703,1.183,1,33.56,0,0,1,1,0,1,1,0,0,1,0,12192.0,2,1,1,1,0,0,1,0,7.8,267.9,0,0,0,0,0,1
87100,0.0,0.0,0,0,1,0,78.554,0.0,0,0,1,0,27.822,1.183,1,33.77,0,0,1,1,0,1,1,0,0,1,0,12192.0,2,1,1,1,0,0,1,0,7.7,271.3,0,0,0,0,0,1
87200,0.0,0.0,0,0,1,0,78.554,0.0,0,0,1,0,27.94,1.183,1,33.77,0,0,1,1,0,1,1,0,0,1,0,12192.0,2,1,1,1,0,0,1,0,6.9,273.2,0,0,0,0,0,1
87300,0.0,0.0,0,0,1,0,78.554,0.0,0,0,1,0,28.058,1.183,1,33.71,0,0,1,1,0,1,1,0,0,1,0,12192.0,2,1,1,1,0,0,1,0,6.9,264.6,0,0,0,0,0,1
87400,0.0,0.0,0,0,1,0,78.554,0.0,0,0,1,0,28.176,1.183,1,33.78,0,0,1,1,0,1,1,0,0,1,0,12192.0,2,1,1,1,0,0,1,0,6.8,264.6,0,0,0,0,0,1
87500,0.0,0.0,0,0,1,0,78.554,0.0,0,0,1,0,28.295,1.183,1,33.65,0,0,1,1,0,1,1,0,0,1,0,12192.0,2,1,1,1,0,0,1,0,7.1,274.0,0,0,0,0,0,1
87600,0.0,0.0,0,0,1,0,78.554,0.0,0,0,1,0,28.413,1.183,1,33.71,0,0,1,1,0,1,1,0,0,1,0,12192.0,2,1,1,1,0,0,1,0,7.6,267.1,0,0,0,0,0,1
87700,0.0,0.0,0,0,1,0,78.554,0.0,0,0,1,0,28.531,1.183,1,33.64,0,0,1,1,0,1,1,0,0,1,0,12192.0,2,1,1,1,0,0,1,0,7.4,271.4,0,0,0,0,0,1
87800,0.0,0.0,0,0,1,0,78.554,0.0,0,0,1,0,28.649,1.183,1,33.89,0,0,1,1,0,1,1,0,0,1,0,12192.0,2,1,1,1,0,0,1,0,6.5,270.4,0,0,0,0,0,1
87900,0.0,0.0,0,0,1,0,78.554,0.0,0,0,1,0,28.768,1.183,1,33.7,0,0,1,1,0,1,1,0,0,1,0,12192.0,2,1,1,1,0,0,1,0,7.0,268.1,0,0,0,0,0,1
88000,0.0,0.0,0,0,1,0,78.554,0.0,0,0,1,0,28.886,1.183,1,33.5,0,0,1,1,0,1,1,0,0,1,0,12192.0,2,1,1,1,0,0,1,0,8.1,271.3,0,0,0,0,0,1
88100,0.0,0.0,0,0,1,0,78.554,0.0,0,0,1,0,29.004,1.183,1,33.66,0,0,1,1,0,1,1,0,0,1,0,12192.0,2,1,1,1,0,0,1,0,6.7,267.7,0,0,0,0,0,1
88200,0.0,0.0,0,0,1,0,78.554,0.0,0,0,1,0,29.123,1.183,1,33.64,0,0,1,1,0,1,1,0,0,1,0,12192.0,2,1,1,1,0,0,1,0,7.7,267.3,0,0,0,0,0,1
88300,0.0,0.0,0,0,1,0,78.554,0.0,0,0,1,0,29.241,1.183,1,33.8,0,0,1,1,0,1,1,0,0,1,0,12192.0,2,1,1,1,0,0,1,0,8.3,272.1,0,0,0,0,0,1
88400,0.0,0.0,0,0,1,0,78.554,0.0,0,0,1,0,29.359,1.183,1,33.65,0,0,1,1,0,1,1,0,0,1,0,12192.0,2,1,1,1,0,0,1,0,6.8,270.1,0,0,0,0,0,1
88500,0.0,0.0,0,0,1,0,78.554,0.0,0,0,1,0,29.477,1.183,1,33.77,0,0,1,1,0,1,1,0,0,1,0,12192.0,2,1,1,1,0,0,1,0,7.0,273.1,0,0,0,0,0,1
88600,0.0,0.0,0,0,1,0,78.554,0.0,0,0,1,0,29.596,1.183,1,33.51,0,0,1,1,0,1,1,0,0,1,0,12192.0,2,1,1,1,0,0,1,0,6.0,265.2,0,0,0,0,0,1
88700,0.0,0.0,0,0,1,0,78.554,0.0,0,0,1,0,29.714,1.183,1,33.9,0,0,1,1,0,1,1,0,0,1,0,12192.0,2,1,1,1,0,0,1,0,7.4,271.3,0,0,0,0,0,1
88800,0.0,0.0,0,0,1,0,78.554,0.0,0,0,1,0,29.832,1.183,1,33.62,0,0,1,1,0,1,1,0,0,1,0,12192.0,2,1,1,1,0,0,1,0,7.7,266.1,0,0,0,0,0,1
88900,0.0,0.0,0,0,1,0,78.554,0.0,0,0,1,0,29.95,1.183,1,33.79,0,0,1,1,0,1,1,0,0,1,0,12192.0,2,1,1,1,0,0,1,0,7.4,273.4,0,0,0,0,0,1
89000,0.0,0.0,0,0,1,0,78.554,0.0,0,0,1,0,30.069,1.183,1,33.57,0,0,1,1,0,1,1,0,0,1,0,12192.0,2,1,1,1,0,0,1,0,7.3,271.7,0,0,0,0,0,1
89100,0.0,0.0,0,0,1,0,78.554,0.0,0,0,1,0,30.187,1.183,1,33.36,0,0,1,1,0,1,1,0,0,1,0,12192.0,2,1,1,1,0,0,1,0,8.6,270.0,0,0,0,0,0,1
89200,0.0,0.0,0,0,1,0,78.554,0.0,0,0,1,0,30.305,1.183,1,33.57,0,0,1,1,0,1,1,0,0,1,0,12192.0,2,1,1,1,0,0,1,0,7.4,268.0,0,0,0,0,0,1
89300,0.0,0.0,0,0,1,0,78.554,0.0,0,0,1,0,30.424,1.183,1,33.61,0,0,1,1,0,1,1,0,0,1,0,12192.0,2,1,1,1,0,0,1,0,7.7,271.3,0,0,0,0,0,1
89400,0.0,0.0,0,0,1,0,78.554,0.0,0,0,1,0,30.542,1.183,1,33.68,0,0,1,1,0,1,1,0,0,1,0,12192.0,2,1,1,1,0,0,1,0,7.5,275.5,0,0,0,0,0,1
89500,0.0,0.0,0,0,1,0,78.554,0.0,0,0,1,0,30.66,1.183,1,33.82,0,0,1,1,0,1,1,0,0,1,0,12192.0,2,1,1,1,0,0,1,0,7.5,272.4,0,0,0,0,0,1
89600,0.0,0.0,0,0,1,0,78.554,0.0,0,0,1,0,30.778,1.183,1,33.65,0,0,1,1,0,1,1,0,0,1,0,12192.0,2,1,1,1,0,0,1,0,7.9,265.6,0,0,0,0,0,1
89700,0.0,0.0,0,0,1,0,78.554,0.0,0,0,1,0,30.897,1.183,1,33.85,0,0,1,1,0,1,1,0,0,1,0,12192.0,2,1,1,1,0,0,1,0,7.8,269.9,0,0,0,0,0,1
89800,0.0,0.0,0,0,1,0,78.554,0.0,0,0,1,0,31.015,1.183,1,33.76,0,0,1,1,0,1,1,0,0,1,0,12192.0,2,1,1,1,0,0,1,0,8.8,277.4,0,0,0,0,0,1
89900,0.0,0.0,0,0,1,0,78.554,0.0,0,0,1,0,31.133,1.183,1,33.72,0,0,1,1,0,1,1,0,0,1,0,12192.0,2,1,1,1,0,0,1,0,7.8,272.4,0,0,0,0,0,1
90000,0.0,0.0,0,0,1,0,78.554,0.0,0,0,1,0,31.251,1.183,1,33.76,0,0,1,1,0,1,1,0,0,1,0,12192.0,2,1,1,1,0,0,1,0,7.4,271.5,0,0,0,0,0,1
90100,0.0,0.0,0,0,1,0,78.554,0.0,0,0,1,0,31.37,1.183,1,33.6,0,0,1,1,0,1,1,0,0,1,0,12192.0,2,1,1,1,0,0,1,0,8.0,270.1,0,0,0,0,0,1
90200,0.0,0.0,0,0,1,0,78.554,0.0,0,0,1,0,31.488,1.183,1,33.74,0,0,1,1,0,1,1,0,0,1,0,12192.0,2,1,1,1,0,0,1,0,7.0,271.5,0,0,0,0,0,1
90300,0.0,0.0,0,0,1,0,78.554,0.0,0,0,1,0,31.606,1.183,1,33.75,0,0,1,1,0,1,1,0,0,1,0,12192.0,2,1,1,1,0,0,1,0,8.2,273.2,0,0,0,0,0,1
90400,0.0,0.0,0,0,1,0,78.554,0.0,0,0,1,0,31.725,1.183,1,33.75,0,0,1,1,0,1,1,0,0,1,0,12192.0,2,1,1,1,0,0,1,0,8.7,266.5,0,0,0,0,0,1
90500,0.0,0.0,0,0,1,0,78.554,0.0,0,0,1,0,31.843,1.183,1,33.51,0,0,1,1,0,1,1,0,0,1,0,12192.0,2,1,1,1,0,0,1,0,7.5,271.8,0,0,0,0,0,1
90600,0.0,0.0,0,0,1,0,78.554,0.0,0,0,1,0,31.961,1.183,1,33.66,0,0,1,1,0,1,1,0,0,1,0,12192.0,2,1,1,1,0,0,1,0,7.7,271.5,0,0,0,0,0,1
90700,0.0,0.0,0,0,1,0,78.554,0.0,0,0,1,0,32.079,1.183,1,33.77,0,0,1,1,0,1,1,0,0,1,0,12192.0,2,1,1,1,0,0,1,0,8.2,263.6,0,0,0,0,0,1
90800,0.0,0.0,0,0,1,0,78.554,0.0,0,0,1,0,32.198,1.183,1,33.92,0,0,1,1,0,1,1,0,0,1,0,12192.0,2,1,1,1,0,0,1,0,8.8,270.5,0,0,0,0,0,1
90900,0.0,0.0,0,0,1,0,78.554,0.0,0,0,1,0,32.316,1.183,1,33.84,0,0,1,1,0,1,1,0,0,1,0,12192.0,2,1,1,1,0,0,1,0,8.3,271.7,0,0,0,0,0,1
91000,0.0,0.0,0,0,1,0,78.554,0.0,0,0,1,0,32.434,1.183,1,33.6,0,0,1,1,0,1,1,0,0,1,0,12192.0,2,1,1,1,0,0,1,0,8.2,266.3,0,0,0,0,0,1
91100,0.0,0.0,0,0,1,0,78.554,0.0,0,0,1,0,32.552,1.183,1,33.67,0,0,1,1,0,1,1,0,0,1,0,12192.0,2,1,1,1,0,0,1,0,8.7,273.4,0,0,0,0,0,1
91200,0.0,0.0,0,0,1,0,78.554,0.0,0,0,1,0,32.671,1.183,1,33.58,0,0,1,1,0,1,1,0,0,1,0,12192.0,2,1,1,1,0,0,1,0,7.5,269.3,0,0,0,0,0,1
91300,0.0,0.0,0,0,1,0,78.554,0.0,0,0,1,0,32.789,1.183,1,33.76,0,0,1,1,0,1,1,0,0,1,0,12192.0,2,1,1,1,0,0,1,0,8.8,266.1,0,0,0,0,0,1
91400,0.0,0.0,0,0,1,0,78.554,0.0,0,0,1,0,32.907,1.183,1,33.81,0,0,1,1,0,1,1,0,0,1,0,12192.0,2,1,1,1,0,0,1,0,8.5,264.6,0,0,0,0,0,1
91500,0.0,0.0,0,0,1,0,78.554,0.0,0,0,1,0,33.026,1.183,1,33.84,0,0,1,1,0,1,1,0,0,1,0,12192.0,2,1,1,1,0,0,1,0,8.6,272.6,0,0,0,0,0,1
91600,0.0,0.0,0,0,1,0,78.554,0.0,0,0,1,0,33.144,1.183,1,33.57,0,0,1,1,0,1,1,0,0,1,0,12192.0,2,1,1,1,0,0,1,0,8.1,274.1,0,0,0,0,0,1
91700,0.0,0.0,0,0,1,0,78.554,0.0,0,0,1,0,33.262,1.183,1,33.72,0,0,1,1,0,1,1,0,0,1,0,12192.0,2,1,1,1,0,0,1,0,7.7,267.6,0,0,0,0,0,1
91800,0.0,0.0,0,0,1,0,78.554,0.0,0,0,1,0,33.38,1.183,1,33.64,0,0,1,1,0,1,1,0,0,1,0,12192.0,2,1,1,1,0,0,1,0,7.7,267.3,0,0,0,0,0,1
91900,0.0,0.0,0,0,1,0,78.554,0.0,0,0,1,0,33.499,1.183,1,33.53,0,0,1,1,0,1,1,0,0,1,0,12192.0,2,1,1,1,0,0,1,0,8.6,267.7,0,0,0,0,0,1
92000,0.0,0.0,0,0,1,0,78.554,0.0,0,0,1,0,33.617,1.183,1,33.59,0,0,1,1,0,1,1,0,0,1,0,12192.0,2,1,1,1,0,0,1,0,8.7,266.4,0,0,0,0,0,1
92100,0.0,0.0,0,0,1,0,78.554,0.0,0,0,1,0,33.735,1.183,1,33.42,0,0,1,1,0,1,1,0,0,1,0,12192.0,2,1,1,1,0,0,1,0,8.8,272.2,0,0,0,0,0,1
92200,0.0,0.0,0,0,1,0,78.554,0.0,0,0,1,0,33.853,1.183,1,33.66,0,0,1,1,0,1,1,0,0,1,0,12192.0,2,1,1,1,0,0,1,0,8.4,272.4,0,0,0,0,0,1
92300,0.0,0.0,0,0,1,0,78.554,0.0,0,0,1,0,33.972,1.183,1,33.49,0,0,1,1,0,1,1,0,0,1,0,12192.0,2,1,1,1,0,0,1,0,8.9,272.1,0,0,0,0,0,1
92400,0.0,0.0,0,0,1,0,78.554,0.0,0,0,1,0,34.09,1.183,1,33.84,0,0,1,1,0,1,1,0,0,1,0,12192.0,2,1,1,1,0,0,1,0,8.4,272.8,0,0,0,0,0,1
92500,0.0,0.0,0,0,1,0,78.554,0.0,0,0,1,0,34.208,1.183,1,33.88,0,0,1,1,0,1,1,0,0,1,0,12192.0,2,1,1,1,0,0,1,0,8.7,268.2,0,0,0,0,0,1
92600,0.0,0.0,0,0,1,0,78.554,0.0,0,0,1,0,34.327,1.183,1,33.52,0,0,1,1,0,1,1,0,0,1,0,12192.0,2,1,1,1,0,0,1,0,8.3,273.6,0,0,0,0,0,1
92700,0.0,0.0,0,0,1,0,78.554,0.0,0,0,1,0,34.445,1.183,1,33.77,0,0,1,1,0,1,1,0,0,1,0,12192.0,2,1,1,1,0,0,1,0,9.6,273.9,0,0,0,0,0,1
92800,0.0,0.0,0,0,1,0,78.554,0.0,0,0,1,0,34.563,1.183,1,33.73,0,0,1,1,0,1,1,0,0,1,0,12192.0,2,1,1,1,0,0,1,0,8.3,266.4,0,0,0,0,0,1
92900,0.0,0.0,0,0,1,0,78.554,0.0,0,0,1,0,34.681,1.183,1,33.72,0,0,1,1,0,1,1,0,0,1,0,12192.0,2,1,1,1,0,0,1,0,8.6,269.9,0,0,0,0,0,1
93000,0.0,0.0,0,0,1,0,78.554,0.0,0,0,1,0,34.8,1.183,1,33.61,0,0,1,1,0,1,1,0,0,1,0,12192.0,2,1,1,1,0,0,1,0,8.7,269.4,0,0,0,0,0,1
93100,0.0,0.0,0,0,1,0,78.554,0.0,0,0,1,0,34.918,1.183,1,33.99,0,0,1,1,0,1,1,0,0,1,0,12192.0,2,1,1,1,0,0,1,0,8.6,268.0,0,0,0,0,0,1
93200,0.0,0.0,0,0,1,0,78.554,0.0,0,0,1,0,35.036,1.183,1,33.48,0,0,1,1,0,1,1,0,0,1,0,12192.0,2,1,1,1,0,0,1,0,8.9,271.1,0,0,0,0,0,1
93300,0.0,0.0,0,0,1,0,78.554,0.0,0,0,1,0,35.155,1.183,1,33.63,0,0,1,1,0,1,1,0,0,1,0,12192.0,2,1,1,1,0,0,1,0,8.6,268.0,0,0,0,0,0,1
93400,0.0,0.0,0,0,1,0,78.554,0.0,0,0,1,0,35.273,1.183,1,33.59,0,0,1,1,0,1,1,0,0,1,0,12192.0,2,1,1,1,0,0,1,0,8.5,273.4,0,0,0,0,0,1
93500,0.0,0.0,0,0,1,0,78.554,0.0,0,0,1,0,35.391,1.183,1,33.87,0,0,1,1,0,1,1,0,0,1,0,12192.0,2,1,1,1,0,0,1,0,9.3,269.6,0,0,0,0,0,1
93600,0.0,0.0,0,0,1,0,78.554,0.0,0,0,1,0,35.509,1.183,1,33.65,0,0,1,1,0,1,1,0,0,1,0,12192.0,2,1,1,1,0,0,1,0,7.6,270.4,0,0,0,0,0,1
93700,0.0,0.0,0,0,1,0,78.554,0.0,0,0,1,0,35.628,1.183,1,33.72,0,0,1,1,0,1,1,0,0,1,0,12192.0,2,1,1,1,0,0,1,0,7.8,271.4,0,0,0,0,0,1
93800,0.0,0.0,0,0,1,0,78.554,0.0,0,0,1,0,35.746,1.183,1,33.93,0,0,1,1,0,1,1,0,0,1,0,12192.0,2,1,1,1,0,0,1,0,8.8,273.0,0,0,0,0,0,1
93900,0.0,0.0,0,0,1,0,78.554,0.0,0,0,1,0,35.864,1.183,1,33.79,0,0,1,1,0,1,1,0,0,1,0,12192.0,2,1,1,1,0,0,1,0,8.5,268.4,0,0,0,0,0,1
94000,0.0,0.0,0,0,1,0,78.554,0.0,0,0,1,0,35.982,1.183,1,33.76,0,0,1,1,0,1,1,0,0,1,0,12192.0,2,1,1,1,0,0,1,0,7.2,269.6,0,0,0,0,0,1
94100,0.0,0.0,0,0,1,0,78.554,0.0,0,0,1,0,36.101,1.183,1,33.59,0,0,1,1,0,1,1,0,0,1,0,12192.0,2,1,1,1,0,0,1,0,7.8,269.3,0,0,0,0,0,1
94200,0.0,0.0,0,0,1,0,78.554,0.0,0,0,1,0,36.219,1.183,1,33.63,0,0,1,1,0,1,1,0,0,1,0,12192.0,2,1,1,1,0,0,1,0,9.0,269.5,0,0,0,0,0,1
94300,0.0,0.0,0,0,1,0,78.554,0.0,0,0,1,0,36.337,1.183,1,33.54,0,0,1,1,0,1,1,0,0,1,0,12192.0,2,1,1,1,0,0,1,0,7.7,272.4,0,0,0,0,0,1
94400,0.0,0.0,0,0,1,0,78.554,0.0,0,0,1,0,36.456,1.183,1,33.68,0,0,1,1,0,1,1,0,0,1,0,12192.0,2,1,1,1,0,0,1,0,8.4,268.9,0,0,0,0,0,1
94500,0.0,0.0,0,0,1,0,78.554,0.0,0,0,1,0,36.574,1.183,1,33.73,0,0,1,1,0,1,1,0,0,1,0,12192.0,2,1,1,1,0,0,1,0,8.2,269.1,0,0,0,0,0,1
94600,0.0,0.0,0,0,1,0,78.554,0.0,0,0,1,0,36.692,1.183,1,33.64,0,0,1,1,0,1,1,0,0,1,0,12192.0,2,1,1,1,0,0,1,0,7.6,267.3,0,0,0,0,0,1
94700,0.0,0.0,0,0,1,0,78.554,0.0,0,0,1,0,36.81,1.183,1,33.71,0,0,1,1,0,1,1,0,0,1,0,12192.0,2,1,1,1,0,0,1,0,7.8,272.4,0,0,0,0,0,1
94800,0.0,0.0,0,0,1,0,78.554,0.0,0,0,1,0,36.929,1.183,1,33.54,0,0,1,1,0,1,1,0,0,1,0,12192.0,2,1,1,1,0,0,1,0,7.6,269.5,0,0,0,0,0,1
94900,0.0,0.0,0,0,1,0,78.554,0.0,0,0,1,0,37.047,1.183,1,33.7,0,0,1,1,0,1,1,0,0,1,0,12192.0,2,1,1,1,0,0,1,0,6.9,273.3,0,0,0,0,0,1
95000,0.0,0.0,0,0,1,0,78.554,0.0,0,0,1,0,37.165,1.183,1,33.88,0,0,1,1,0,1,1,0,0,1,0,12192.0,2,1,1,1,0,0,1,0,8.1,268.3,0,0,0,0,0,1
95100,0.0,0.0,0,0,1,0,78.554,0.0,0,0,1,0,37.283,1.183,1,33.67,0,0,1,1,0,1,1,0,0,1,0,12192.0,2,1,1,1,0,0,1,0,7.1,272.3,0,0,0,0,0,1
95200,0.0,0.0,0,0,1,0,78.554,0.0,0,0,1,0,37.402,1.183,1,33.69,0,0,1,1,0,1,1,0,0,1,0,12192.0,2,1,1,1,0,0,1,0,7.3,270.1,0,0,0,0,0,1
95300,0.0,0.0,0,0,1,0,78.554,0.0,0,0,1,0,37.52,1.183,1,33.57,0,0,1,1,0,1,1,0,0,1,0,12192.0,2,1,1,1,0,0,1,0,7.0,269.2,0,0,0,0,0,1
95400,0.0,0.0,0,0,1,0,78.554,0.0,0,0,1,0,37.638,1.183,1,33.73,0,0,1,1,0,1,1,0,0,1,0,12192.0,2,1,1,1,0,0,1,0,7.7,267.2,0,0,0,0,0,1
95500,0.0,0.0,0,0,1,0,78.554,0.0,0,0,1,0,37.757,1.183,1,33.67,0,0,1,1,0,1,1,0,0,1,0,12192.0,2,1,1,1,0,0,1,0,7.3,271.2,0,0,0,0,0,1
95600,0.0,0.0,0,0,1,0,78.554,0.0,0,0,1,0,37.87,1.131,1,30.5,0,0,1,1,0,1,1,0,0,1,0,12192.0,2,1,1,1,0,0,1,0,8.0,267.8,0,0,0,0,0,1
95700,0.0,0.0,0,0,1,0,78.554,0.0,0,0,1,0,37.978,1.079,1,30.31,0,0,1,1,0,1,1,0,0,1,0,12192.0,2,1,1,1,0,0,1,0,6.4,269.0,0,0,0,0,0,1
95800,0.0,0.0,0,0,1,0,78.554,0.0,0,0,1,0,38.08,1.028,1,30.38,0,0,1,1,0,1,1,0,0,1,0,12192.0,2,1,1,1,0,0,1,0,7.2,274.0,0,0,0,0,0,1
95900,0.0,0.0,0,0,1,0,78.554,0.0,0,0,1,0,38.178,0.976,1,30.4,0,0,1,1,0,1,1,0,0,1,0,12192.0,2,1,1,1,0,0,1,0,7.4,268.9,0,0,0,0,0,1
96000,0.0,0.0,0,0,1,0,78.554,0.0,0,0,1,0,38.27,0.925,1,30.39,0,0,1,1,0,1,1,0,0,1,0,12192.0,2,1,1,1,0,0,1,0,7.9,273.7,0,0,0,0,0,1
96100,0.0,0.0,0,0,1,0,78.554,0.0,0,0,1,0,38.358,0.873,1,29.98,0,0,1,1,0,1,1,0,0,1,0,12192.0,2,1,1,1,0,0,1,0,7.9,268.4,0,0,0,0,0,1
96200,0.0,0.0,0,0,1,0,78.554,0.0,0,0,1,0,38.44,0.821,1,30.48,0,0,1,1,0,1,1,0,0,1,0,12192.0,2,1,1,1,0,0,1,0,7.5,270.2,0,0,0,0,0,1
96300,0.0,0.0,0,0,1,0,78.554,0.0,0,0,1,0,38.517,0.77,1,30.23,0,0,1,1,0,1,1,0,0,1,0,12192.0,2,1,1,1,0,0,1,0,6.7,269.8,0,0,0,0,0,1
96400,0.0,0.0,0,0,1,0,78.554,0.0,0,0,1,0,38.589,0.718,1,30.43,0,0,1,1,0,1,1,0,0,1,0,12192.0,2,1,1,1,0,0,1,0,7.4,268.1,0,0,0,0,0,1
96500,0.0,0.0,0,0,1,0,78.554,0.0,0,0,1,0,38.655,0.666,1,30.37,0,0,1,1,0,1,1,0,0,1,0,12192.0,2,1,1,1,0,0,1,0,6.9,268.0,0,0,0,0,0,1
96600,0.0,0.0,0,0,1,0,78.554,0.0,0,0,1,0,38.717,0.615,1,30.31,0,0,1,1,0,1,1,0,0,1,0,12192.0,2,1,1,1,0,0,1,0,7.5,269.3,0,0,0,0,0,1
96700,0.0,0.0,0,0,1,0,78.554,0.0,0,0,1,0,38.773,0.563,1,30.25,0,0,1,1,0,1,1,0,0,1,0,12192.0,2,1,1,1,0,0,1,0,6.8,269.8,0,0,0,0,0,1
96800,0.0,0.0,0,0,1,0,78.554,0.0,0,0,1,0,38.824,0.511,1,30.27,0,0,1,1,0,1,1,0,0,1,0,12192.0,2,1,1,1,0,0,1,0,7.4,265.4,0,0,0,0,0,1
96900,0.0,0.0,0,0,1,0,78.554,0.0,0,0,1,0,38.87,0.46,1,30.36,0,0,1,1,0,1,1,0,0,1,0,12192.0,2,1,1,1,0,0,1,0,6.9,268.6,0,0,0,0,0,1
97000,0.0,0.0,0,0,1,0,78.554,0.0,0,0,1,0,38.916,0.46,1,33.6,0,0,1,1,0,1,1,0,0,1,0,12192.0,2,1,1,1,0,0,1,0,8.0,270.3,0,0,0,0,0,1
97100,0.0,0.0,0,0,1,0,78.554,0.0,0,0,1,0,38.957,0.405,1,30.28,0,0,1,1,0,1,1,0,0,1,0,12192.0,2,1,1,1,0,0,1,0,6.9,272.8,0,0,0,0,0,1
97200,0.0,0.0,0,0,1,0,78.554,0.0,0,0,1,0,38.992,0.35,1,30.4,0,0,1,1,0,1,1,0,0,1,0,12192.0,2,1,1,1,0,0,1,0,7.3,271.3,0,0,0,0,0,1
97300,0.0,0.0,0,0,1,0,78.554,0.0,0,0,1,0,39.021,0.293,1,30.41,0,0,1,1,0,1,1,0,0,1,0,12192.0,2,1,1,1,0,0,1,0,7.3,269.7,0,0,0,0,0,1
97400,0.0,0.0,0,0,1,0,78.554,0.0,0,0,1,0,39.045,0.236,1,30.21,0,0,1,1,0,1,1,0,0,1,0,12192.0,2,1,1,1,0,0,1,0,7.3,272.9,0,0,0,0,0,1
97500,0.0,0.0,0,0,1,0,78.554,0.0,0,0,1,0,39.062,0.177,1,30.32,0,0,1,1,0,1,1,0,0,1,0,12192.0,2,1,1,1,0,0,1,0,8.0,271.4,0,0,0,0,0,1
97600,0.0,0.0,0,0,1,0,78.554,0.0,0,0,1,0,39.074,0.115,1,30.31,0,0,1,1,0,1,1,0,0,1,0,12192.0,2,1,1,1,0,0,1,0,7.7,268.9,0,0,0,0,0,1
97700,0.0,0.0,0,0,0,0,78.554,0.0,0,0,0,0,39.079,0.0,0,32.1,0,0,0,0,0,1,1,0,0,1,0,12192.0,2,1,1,0,1,0,1,0,8.7,267.2,0,0,0,0,0,1
97800,0.0,0.0,0,0,1,0,78.548,-0.057,0,1,1,0,39.079,0.0,0,31.91,0,0,0,1,0,1,1,0,0,1,0,12192.0,2,1,1,1,0,0,1,0,7.8,268.0,0,0,0,0,0,1
97900,0.0,0.0,0,0,1,0,78.537,-0.113,0,1,1,0,39.079,0.0,0,32.11,0,0,0,1,0,1,1,0,0,1,0,12192.0,2,1,1,1,0,0,1,0,8.1,267.3,0,0,0,0,0,1
98000,0.0,0.0,0,0,1,0,78.52,-0.17,0,1,1,0,39.079,0.0,0,31.71,0,0,0,1,0,1,1,0,0,1,0,12192.0,2,1,1,1,0,0,1,0,7.6,271.4,0,0,0,0,0,1
98100,0.0,0.0,0,0,1,0,78.497,-0.227,0,1,1,0,39.079,0.0,0,32.12,0,0,0,1,0,1,1,0,0,1,0,12192.0,2,1,1,1,0,0,1,0,7.8,271.7,0,0,0,0,0,1
98200,0.0,0.0,0,0,1,0,78.469,-0.284,0,1,1,0,39.079,0.0,0,32.12,0,0,0,1,0,1,1,0,0,1,0,12192.0,2,1,1,1,0,0,1,0,8.2,266.2,0,0,0,0,0,1
98300,0.0,0.0,0,0,1,0,78.434,-0.34,0,1,1,0,39.079,0.0,0,31.99,0,0,0,1,0,1,1,0,0,1,0,12192.0,2,1,1,1,0,0,1,0,7.9,271.8,0,0,0,0,0,1
98400,0.0,0.0,0,0,1,0,78.395,-0.397,0,1,1,0,39.079,0.0,0,32.04,0,0,0,1,0,1,1,0,0,1,0,12192.0,2,1,1,1,0,0,1,0,8.8,270.0,0,0,0,0,0,1
98500,0.0,0.0,0,0,1,0,78.349,-0.454,0,1,1,0,39.079,0.0,0,32.09,0,0,0,1,0,1,1,0,0,1,0,12192.0,2,1,1,1,0,0,1,0,7.8,267.9,0,0,0,0,0,1
98600,0.0,0.0,0,0,1,0,78.298,-0.511,0,1,1,0,39.079,0.0,0,31.95,0,0,0,1,0,1,1,0,0,1,0,12192.0,2,1,1,1,0,0,1,0,7.2,268.9,0,0,0,0,0,1
98700,0.0,0.0,0,0,1,0,78.242,-0.567,0,1,1,0,39.079,0.0,0,31.96,0,0,0,1,0,1,1,0,0,1,0,12192.0,2,1,1,1,0,0,1,0,7.7,270.0,0,0,0,0,0,1
98800,0.0,0.0,0,0,1,0,78.179,-0.624,0,1,1,0,39.079,0.0,0,32.02,0,0,0,1,0,1,1,0,0,1,0,12192.0,2,1,1,1,0,0,1,0,7.9,271.9,0,0,0,0,0,1
98900,0.0,0.0,0,0,1,0,78.111,-0.681,0,1,1,0,39.079,0.0,0,31.9,0,0,0,1,0,1,1,0,0,1,0,12192.0,2,1,1,1,0,0,1,0,7.8,267.6,0,0,0,0,0,1
99000,0.0,0.0,0,0,1,0,78.037,-0.738,0,1,1,0,39.079,0.0,0,31.85,0,0,0,1,0,1,1,0,0,1,0,12192.0,2,1,1,1,0,0,1,0,8.0,272.0,0,0,0,0,0,1
99100,0.0,0.0,0,0,1,0,77.958,-0.794,0,1,1,0,39.079,0.0,0,31.89,0,0,0,1,0,1,1,0,0,1,0,12192.0,2,1,1,1,0,0,1,0,9.4,273.1,0,0,0,0,0,1
99200,0.0,0.0,0,0,1,0,77.873,-0.851,0,1,1,0,39.079,0.0,0,32.1,0,0,0,1,0,1,1,0,0,1,0,12192.0,2,1,1,1,0,0,1,0,7.6,272.9,0,0,0,0,0,1
99300,0.0,0.0,0,0,1,0,77.782,-0.908,0,1,1,0,39.079,0.0,0,31.93,0,0,0,1,0,1,1,0,0,1,0,12192.0,2,1,1,1,0,0,1,0,7.7,269.8,0,0,0,0,0,1
99400,0.0,0.0,0,0,1,0,77.686,-0.964,0,1,1,0,39.079,0.0,0,31.87,0,0,0,1,0,1,1,0,0,1,0,12192.0,2,1,1,1,0,0,1,0,8.3,270.9,0,0,0,0,0,1
99500,0.0,0.0,0,0,1,0,77.583,-1.021,0,1,1,0,39.079,0.0,0,31.93,0,0,0,1,0,1,1,0,0,1,0,12192.0,2,1,1,1,0,0,1,0,8.2,275.5,0,0,0,0,0,1
99600,0.0,0.0,0,0,1,0,77.476,-1.078,0,1,1,0,39.079,0.0,0,31.81,0,0,0,1,0,1,1,0,0,1,0,12192.0,2,1,1,1,0,0,1,0,8.4,268.0,0,0,0,0,0,1
99700,0.0,0.0,0,0,1,0,77.362,-1.135,0,1,1,0,39.079,0.0,0,32.05,0,0,0,1,0,1,1,0,0,1,0,12192.0,2,1,1,1,0,0,1,0,8.0,269.3,0,0,0,0,0,1
99800,0.0,0.0,0,0,1,0,77.243,-1.191,0,1,1,0,39.079,0.0,0,31.96,0,0,0,1,0,1,1,0,0,1,0,12192.0,2,1,1,1,0,0,1,0,8.1,268.9,0,0,0,0,0,1
99900,0.0,0.0,0,0,1,0,77.118,-1.248,0,1,1,0,39.079,0.0,0,31.9,0,0,0,1,0,1,1,0,0,1,0,12192.0,2,1,1,1,0,0,1,0,8.8,269.7,0,0,0,0,0,1
100000,0.0,0.0,0,0,1,0,76.988,-1.305,0,1,1,0,39.079,0.0,0,32.03,0,0,0,1,0,1,1,0,0,1,0,12192.0,2,1,1,1,0,0,1,0,7.9,271.6,0,0,0,0,0,1
100100,0.0,0.0,0,0,1,0,76.852,-1.362,0,1,1,0,39.079,0.0,0,32.06,0,0,0,1,0,1,1,0,0,1,0,12192.0,2,1,1,1,0,0,1,0,8.7,269.2,0,0,0,0,0,1
100200,0.0,0.0,0,0,1,0,76.71,-1.418,0,1,1,0,39.079,0.0,0,31.83,0,0,0,1,0,1,1,0,0,1,0,12192.0,2,1,1,1,0,0,1,0,8.3,270.0,0,0,0,0,0,1
100300,0.0,0.0,0,0,1,0,76.562,-1.475,0,1,1,0,39.079,0.0,0,32.17,0,0,0,1,0,1,1,0,0,1,0,12192.0,2,1,1,1,0,0,1,0,8.1,266.1,0,0,0,0,0,1
100400,0.0,0.0,0,0,1,0,76.409,-1.532,0,1,1,0,39.079,0.0,0,32.07,0,0,0,1,0,1,1,0,0,1,0,12192.0,2,1,1,1,0,0,1,0,8.3,274.9,0,0,0,0,0,1
100500,0.0,0.0,0,0,1,0,76.25,-1.589,0,1,1,0,39.079,0.0,0,31.97,0,0,0,1,0,1,1,0,0,1,0,12192.0,2,1,1,1,0,0,1,0,8.9,269.5,0,0,0,0,0,1
100600,0.0,0.0,0,0,1,0,76.086,-1.645,0,1,1,0,39.079,0.0,0,31.99,0,0,0,1,0,1,1,0,0,1,0,12192.0,2,1,1,1,0,0,1,0,8.5,272.0,0,0,0,0,0,1
100700,0.0,0.0,0,0,1,0,75.915,-1.702,0,1,1,0,39.079,0.0,0,32.01,0,0,0,1,0,1,1,0,0,1,0,12192.0,2,1,1,1,0,0,1,0,9.4,265.9,0,0,0,0,0,1
100800,0.0,0.0,0,0,1,0,75.74,-1.759,0,1,1,0,39.079,0.0,0,32.12,0,0,0,1,0,1,1,0,0,1,0,12192.0,2,1,1,1,0,0,1,0,8.7,273.1,0,0,0,0,0,1
100900,0.0,0.0,0,0,1,0,75.558,-1.816,0,1,1,0,39.079,0.0,0,31.95,0,0,0,1,0,1,1,0,0,1,0,12192.0,2,1,1,1,0,0,1,0,8.7,271.3,0,0,0,0,0,1
101000,0.0,0.0,0,0,1,0,75.371,-1.872,0,1,1,0,39.079,0.0,0,31.93,0,0,0,1,0,1,1,0,0,1,0,12192.0,2,1,1,1,0,0,1,0,8.7,272.4,0,0,0,0,0,1
101100,0.0,0.0,0,0,1,0,75.178,-1.929,0,1,1,0,39.079,0.0,0,31.97,0,0,0,1,0,1,1,0,0,1,0,12192.0,2,1,1,1,0,0,1,0,7.4,269.6,0,0,0,0,0,1
101200,0.0,0.0,0,0,1,0,74.979,-1.986,0,1,1,0,39.079,0.0,0,32.22,0,0,0,1,0,1,1,0,0,1,0,12192.0,2,1,1,1,0,0,1,0,7.7,269.4,0,0,0,0,0,1
101300,0.0,0.0,0,0,1,0,74.775,-2.042,0,1,1,0,39.079,0.0,0,32.06,0,0,0,1,0,1,1,0,0,1,0,12192.0,2,1,1,1,0,0,1,0,8.3,269.7,0,0,0,0,0,1
101400,0.0,0.0,0,0,1,0,74.565,-2.099,0,1,1,0,39.079,0.0,0,31.81,0,0,0,1,0,1,1,0,0,1,0,12192.0,2,1,1,1,0,0,1,0,7.6,266.0,0,0,0,0,0,1
101500,0.0,0.0,0,0,1,0,74.35,-2.156,0,1,1,0,39.079,0.0,0,32.13,0,0,0,1,0,1,1,0,0,1,0,12192.0,2,1,1,1,0,0,1,0,8.4,273.7,0,0,0,0,0,1
101600,0.0,0.0,0,0,1,0,74.128,-2.213,0,1,1,0,39.079,0.0,0,31.92,0,0,0,1,0,1,1,0,0,1,0,12192.0,2,1,1,1,0,0,1,0,9.1,271.0,0,0,0,0,0,1
101700,0.0,0.0,0,0,1,0,73.901,-2.269,0,1,1,0,39.079,0.0,0,32.13,0,0,0,1,0,1,1,0,0,1,0,12192.0,2,1,1,1,0,0,1,0,8.7,269.3,0,0,0,0,0,1
101800,0.0,0.0,0,0,1,0,73.669,-2.326,0,1,1,0,39.079,0.0,0,32.09,0,0,0,1,0,1,1,0,0,1,0,12192.0,2,1,1,1,0,0,1,0,8.0,267.9,0,0,0,0,0,1
101900,0.0,0.0,0,0,1,0,73.43,-2.383,0,1,1,0,39.079,0.0,0,32.03,0,0,0,1,0,1,1,0,0,1,0,12192.0,2,1,1,1,0,0,1,0,8.7,266.6,0,0,0,0,0,1
102000,0.0,0.0,0,0,1,0,73.186,-2.44,0,1,1,0,39.079,0.0,0,32.02,0,0,0,1,0,1,1,0,0,1,0,12192.0,2,1,1,1,0,0,1,0,8.5,270.6,0,0,0,0,0,1
102100,0.0,0.0,0,0,1,0,72.937,-2.496,0,1,1,0,39.079,0.0,0,31.99,0,0,0,1,0,1,1,0,0,1,0,12192.0,2,1,1,1,0,0,1,0,9.2,267.6,0,0,0,0,0,1
102200,0.0,0.0,0,0,1,0,72.682,-2.553,0,1,1,0,39.079,0.0,0,31.96,0,0,0,1,0,1,1,0,0,1,0,12192.0,2,1,1,1,0,0,1,0,8.7,263.6,0,0,0,0,0,1
102300,0.0,0.0,0,0,1,0,72.421,-2.61,0,1,1,0,39.079,0.0,0,31.96,0,0,0,1,0,1,1,0,0,1,0,12192.0,2,1,1,1,0,0,1,0,8.4,269.2,0,0,0,0,0,1
102400,0.0,0.0,0,0,1,0,72.154,-2.667,0,1,1,0,39.079,0.0,0,32.2,0,0,0,1,0,1,1,0,0,1,0,12192.0,2,1,1,1,0,0,1,0,8.5,271.9,0,0,0,0,0,1
102500,0.0,0.0,0,0,1,0,71.882,-2.723,0,1,1,0,39.079,0.0,0,32.05,0,0,0,1,0,1,1,0,0,1,0,12192.0,2,1,1,1,0,0,1,0,7.7,263.8,0,0,0,0,0,1
102600,0.0,0.0,0,0,1,0,71.604,-2.78,0,1,1,0,39.079,0.0,0,31.89,0,0,0,1,0,1,1,0,0,1,0,12192.0,2,1,1,1,0,0,1,0,6.9,273.1,0,0,0,0,0,1
102700,0.0,0.0,0,0,1,0,71.32,-2.837,0,1,1,0,39.079,0.0,0,31.88,0,0,0,1,0,1,1,0,0,1,0,12192.0,2,1,1,1,0,0,1,0,8.2,269.0,0,0,0,0,0,1
102800,0.0,0.0,0,0,1,0,71.031,-2.893,0,1,1,0,39.079,0.0,0,32.02,0,0,0,1,0,1,1,0,0,1,0,12192.0,2,1,1,1,0,0,1,0,7.4,273.1,0,0,0,0,0,1
102900,0.0,0.0,0,0,1,0,70.736,-2.95,0,1,1,0,39.079,0.0,0,31.89,0,0,0,1,0,1,1,0,0,1,0,12192.0,2,1,1,1,0,0,1,0,8.2,267.8,0,0,0,0,0,1
103000,0.0,0.0,0,0,1,0,70.435,-3.007,0,1,1,0,39.079,0.0,0,32.05,0,0,0,1,0,1,1,0,0,1,0,12192.0,2,1,1,1,0,0,1,0,8.5,268.4,0,0,0,0,0,1
103100,0.0,0.0,0,0,1,0,70.128,-3.064,0,1,1,0,39.079,0.0,0,31.88,0,0,0,1,0,1,1,0,0,1,0,12192.0,2,1,1,1,0,0,1,0,8.1,277.0,0,0,0,0,0,1
103200,0.0,0.0,0,0,1,0,69.816,-3.12,0,1,1,0,39.079,0.0,0,32.15,0,0,0,1,0,1,1,0,0,1,0,12192.0,2,1,1,1,0,0,1,0,8.1,270.3,0,0,0,0,0,1
103300,0.0,0.0,0,0,1,0,69.499,-3.177,0,1,1,0,39.079,0.0,0,32.1,0,0,0,1,0,1,1,0,0,1,0,12192.0,2,1,1,1,0,0,1,0,8.0,271.7,0,0,0,0,0,1
103400,0.0,0.0,0,0,1,0,69.175,-3.234,0,1,1,0,39.079,0.0,0,32.12,0,0,0,1,0,1,1,0,0,1,0,12192.0,2,1,1,1,0,0,1,0,8.4,273.2,0,0,0,0,0,1
103500,0.0,0.0,0,0,1,0,68.846,-3.291,0,1,1,0,39.079,0.0,0,31.85,0,0,0,1,0,1,1,0,0,1,0,12192.0,2,1,1,1,0,0,1,0,7.7,269.9,0,0,0,0,0,1
103600,0.0,0.0,0,0,1,0,68.512,-3.347,0,1,1,0,39.079,0.0,0,31.93,0,0,0,1,0,1,1,0,0,1,0,12192.0,2,1,1,1,0,0,1,0,7.9,268.1,0,0,0,0,0,1
103700,0.0,0.0,0,0,1,0,68.171,-3.404,0,1,1,0,39.079,0.0,0,31.87,0,0,0,1,0,1,1,0,0,1,0,12192.0,2,1,1,1,0,0,1,0,8.4,272.5,0,0,0,0,0,1
103800,0.0,0.0,0,0,1,0,67.825,-3.461,0,1,1,0,39.079,0.0,0,31.97,0,0,0,1,0,1,1,0,0,1,0,12192.0,2,1,1,1,0,0,1,0,8.0,265.0,0,0,0,0,0,1
103900,0.0,0.0,0,0,1,0,67.473,-3.518,0,1,1,0,39.079,0.0,0,31.86,0,0,0,1,0,1,1,0,0,1,0,12192.0,2,1,1,1,0,0,1,0,7.5,270.4,0,0,0,0,0,1
104000,0.0,0.0,0,0,1,0,67.116,-3.574,0,1,1,0,39.079,0.0,0,31.88,0,0,0,1,0,1,1,0,0,1,0,12192.0,2,1,1,1,0,0,1,0,7.5,270.4,0,0,0,0,0,1
104100,0.0,0.0,0,0,1,0,66.753,-3.631,0,1,1,0,39.079,0.0,0,31.94,0,0,0,1,0,1,1,0,0,1,0,12192.0,2,1,1,1,0,0,1,0,7.1,267.2,0,0,0,0,0,1
104200,0.0,0.0,0,0,1,0,66.384,-3.688,0,1,1,0,39.079,0.0,0,31.87,0,0,0,1,0,1,1,0,0,1,0,12192.0,2,1,1,1,0,0,1,0,7.1,271.3,0,0,0,0,0,1
104300,0.0,0.0,0,0,1,0,66.012,-3.72,0,1,1,0,39.079,0.0,0,32.28,0,0,0,1,0,1,1,0,0,1,0,12192.0,2,1,1,1,0,0,1,0,7.1,270.4,0,0,0,0,0,1
104400,0.0,0.0,0,0,1,0,65.64,-3.72,0,1,1,0,39.079,0.0,0,32.01,0,0,0,1,0,1,1,0,0,1,0,12192.0,2,1,1,1,0,0,1,0,7.5,270.0,0,0,0,0,0,1
104500,0.0,0.0,0,0,1,0,65.268,-3.72,0,1,1,0,39.079,0.0,0,32.05,0,0,0,1,0,1,1,0,0,1,0,12192.0,2,1,1,1,0,0,1,0,7.6,267.7,0,0,0,0,0,1
104600,0.0,0.0,0,0,1,0,64.896,-3.72,0,1,1,0,39.079,0.0,0,32.21,0,0,0,1,0,1,1,0,0,1,0,12192.0,2,1,1,1,0,0,1,0,7.0,270.1,0,0,0,0,0,1
104700,0.0,0.0,0,0,1,0,64.524,-3.72,0,1,1,0,39.079,0.0,0,31.75,0,0,0,1,0,1,1,0,0,1,0,12192.0,2,1,1,1,0,0,1,0,8.9,274.7,0,0,0,0,0,1
104800,0.0,0.0,0,0,1,0,64.152,-3.72,0,1,1,0,39.079,0.0,0,32.26,0,0,0,1,0,1,1,0,0,1,0,12192.0,2,1,1,1,0,0,1,0,6.7,273.9,0,0,0,0,0,1
104900,0.0,0.0,0,0,1,0,63.78,-3.72,0,1,1,0,39.079,0.0,0,31.99,0,0,0,1,0,1,1,0,0,1,0,12192.0,2,1,1,1,0,0,1,0,8.0,269.8,0,0,0,0,0,1
105000,0.0,0.0,0,0,1,0,63.408,-3.72,0,1,1,0,39.079,0.0,0,31.93,0,0,0,1,0,1,1,0,0,1,0,12192.0,2,1,1,1,0,0,1,0,7.4,270.0,0,0,0,0,0,1
105100,0.0,0.0,0,0,1,0,63.036,-3.72,0,1,1,0,39.079,0.0,0,32.04,0,0,0,1,0,1,1,0,0,1,0,12192.0,2,1,1,1,0,0,1,0,7.1,273.5,0,0,0,0,0,1
105200,0.0,0.0,0,0,1,0,62.664,-3.72,0,1,1,0,39.079,0.0,0,32.15,0,0,0,1,0,1,1,0,0,1,0,12192.0,2,1,1,1,0,0,1,0,7.4,268.8,0,0,0,0,0,1
105300,0.0,0.0,0,0,1,0,62.292,-3.72,0,1,1,0,39.079,0.0,0,32.1,0,0,0,1,0,1,1,0,0,1,0,12192.0,2,1,1,1,0,0,1,0,7.9,269.0,0,0,0,0,0,1
105400,0.0,0.0,0,0,1,0,61.92,-3.72,0,1,1,0,39.079,0.0,0,31.96,0,0,0,1,0,1,1,0,0,1,0,12192.0,2,1,1,1,0,0,1,0,8.2,268.4,0,0,0,0,0,1
105500,0.0,0.0,0,0,1,0,61.548,-3.72,0,1,1,0,39.079,0.0,0,31.77,0,0,0,1,0,1,1,0,0,1,0,12192.0,2,1,1,1,0,0,1,0,7.5,272.0,0,0,0,0,0,1
105600,0.0,0.0,0,0,1,0,61.176,-3.72,0,1,1,0,39.079,0.0,0,32.1,0,0,0,1,0,1,1,0,0,1,0,12192.0,2,1,1,1,0,0,1,0,7.2,271.9,0,0,0,0,0,1
105700,0.0,0.0,0,0,1,0,60.804,-3.72,0,1,1,0,39.079,0.0,0,32.03,0,0,0,1,0,1,1,0,0,1,0,12192.0,2,1,1,1,0,0,1,0,8.0,275.2,0,0,0,0,0,1
105800,0.0,0.0,0,0,1,0,60.432,-3.72,0,1,1,0,39.079,0.0,0,32.01,0,0,0,1,0,1,1,0,0,1,0,12192.0,2,1,1,1,0,0,1,0,7.3,270.8,0,0,0,0,0,1
105900,0.0,0.0,0,0,1,0,60.06,-3.72,0,1,1,0,39.079,0.0,0,31.86,0,0,0,1,0,1,1,0,0,1,0,12192.0,2,1,1,1,0,0,1,0,7.1,273.8,0,0,0,0,0,1
106000,0.0,0.0,0,0,1,0,59.688,-3.72,0,1,1,0,39.079,0.0,0,31.94,0,0,0,1,0,1,1,0,0,1,0,12192.0,2,1,1,1,0,0,1,0,7.4,271.4,0,0,0,0,0,1
106100,0.0,0.0,0,0,1,0,59.316,-3.72,0,1,1,0,39.079,0.0,0,31.98,0,0,0,1,0,1,1,0,0,1,0,12192.0,2,1,1,1,0,0,1,0,7.8,267.4,0,0,0,0,0,1
106200,0.0,0.0,0,0,1,0,58.944,-3.72,0,1,1,0,39.079,0.0,0,32.16,0,0,0,1,0,1,1,0,0,1,0,12192.0,2,1,1,1,0,0,1,0,7.4,268.1,0,0,0,0,0,1
106300,0.0,0.0,0,0,1,0,58.572,-3.72,0,1,1,0,39.079,0.0,0,31.83,0,0,0,1,0,1,1,0,0,1,0,12192.0,2,1,1,1,0,0,1,0,7.4,269.5,0,0,0,0,0,1
106400,0.0,0.0,0,0,1,0,58.2,-3.72,0,1,1,0,39.079,0.0,0,32.04,0,0,0,1,0,1,1,0,0,1,0,12192.0,2,1,1,1,0,0,1,0,7.1,270.8,0,0,0,0,0,1
106500,0.0,0.0,0,0,1,0,57.828,-3.72,0,1,1,0,39.079,0.0,0,32.2,0,0,0,1,0,1,1,0,0,1,0,12192.0,2,1,1,1,0,0,1,0,7.6,271.2,0,0,0,0,0,1
106600,0.0,0.0,0,0,1,0,57.456,-3.72,0,1,1,0,39.079,0.0,0,32.04,0,0,0,1,0,1,1,0,0,1,0,12192.0,2,1,1,1,0,0,1,0,8.0,269.4,0,0,0,0,0,1
106700,0.0,0.0,0,0,1,0,57.084,-3.72,0,1,1,0,39.079,0.0,0,32.07,0,0,0,1,0,1,1,0,0,1,0,12192.0,2,1,1,1,0,0,1,0,8.4,271.6,0,0,0,0,0,1
106800,0.0,0.0,0,0,1,0,56.712,-3.72,0,1,1,0,39.079,0.0,0,32.13,0,0,0,1,0,1,1,0,0,1,0,12192.0,2,1,1,1,0,0,1,0,7.1,268.0,0,0,0,0,0,1
106900,0.0,0.0,0,0,1,0,56.34,-3.72,0,1,1,0,39.079,0.0,0,32.03,0,0,0,1,0,1,1,0,0,1,0,12192.0,2,1,1,1,0,0,1,0,7.5,270.6,0,0,0,0,0,1
107000,0.0,0.0,0,0,1,0,55.968,-3.72,0,1,1,0,39.079,0.0,0,31.92,0,0,0,1,0,1,1,0,0,1,0,12192.0,2,1,1,1,0,0,1,0,8.5,270.6,0,0,0,0,0,1
107100,0.0,0.0,0,0,1,0,55.596,-3.72,0,1,1,0,39.079,0.0,0,31.96,0,0,0,1,0,1,1,0,0,1,0,12192.0,2,1,1,1,0,0,1,0,7.7,270.6,0,0,0,0,0,1
107200,0.0,0.0,0,0,1,0,55.224,-3.72,0,1,1,0,39.079,0.0,0,32.03,0,0,0,1,0,1,1,0,0,1,0,12192.0,2,1,1,1,0,0,1,0,7.9,273.8,0,0,0,0,0,1
107300,0.0,0.0,0,0,1,0,54.852,-3.72,0,1,1,0,39.079,0.0,0,31.76,0,0,0,1,0,1,1,0,0,1,0,12192.0,2,1,1,1,0,0,1,0,7.7,270.5,0,0,0,0,0,1
107400,0.0,0.0,0,0,1,0,54.48,-3.72,0,1,1,0,39.079,0.0,0,31.94,0,0,0,1,0,1,1,0,0,1,0,12192.0,2,1,1,1,0,0,1,0,8.7,267.5,0,0,0,0,0,1
107500,0.0,0.0,0,0,1,0,54.108,-3.72,0,1,1,0,39.079,0.0,0,31.98,0,0,0,1,0,1,1,0,0,1,0,12192.0,2,1,1,1,0,0,1,0,7.9,268.4,0,0,0,0,0,1
107600,0.0,0.0,0,0,1,0,53.736,-3.72,0,1,1,0,39.079,0.0,0,31.8,0,0,0,1,0,1,1,0,0,1,0,12192.0,2,1,1,1,0,0,1,0,7.9,269.3,0,0,0,0,0,1
107700,0.0,0.0,0,0,1,0,53.364,-3.72,0,1,1,0,39.079,0.0,0,32.03,0,0,0,1,0,1,1,0,0,1,0,12192.0,2,1,1,1,0,0,1,0,8.5,267.4,0,0,0,0,0,1
107800,0.0,0.0,0,0,1,0,52.992,-3.72,0,1,1,0,39.079,0.0,0,32.14,0,0,0,1,0,1,1,0,0,1,0,12192.0,2,1,1,1,0,0,1,0,7.9,269.2,0,0,0,0,0,1
107900,0.0,0.0,0,0,1,0,52.62,-3.72,0,1,1,0,39.079,0.0,0,32.25,0,0,0,1,0,1,1,0,0,1,0,12192.0,2,1,1,1,0,0,1,0,8.1,269.2,0,0,0,0,0,1
108000,0.0,0.0,0,0,1,0,52.248,-3.72,0,1,1,0,39.079,0.0,0,31.99,0,0,0,1,0,1,1,0,0,1,0,12192.0,2,1,1,1,0,0,1,0,7.5,270.5,0,0,0,0,0,1
108100,0.0,0.0,0,0,1,0,51.876,-3.72,0,1,1,0,39.079,0.0,0,32.1,0,0,0,1,0,1,1,0,0,1,0,12192.0,2,1,1,1,0,0,1,0,7.4,274.7,0,0,0,0,0,1
108200,0.0,0.0,0,0,1,0,51.504,-3.72,0,1,1,0,39.079,0.0,0,31.87,0,0,0,1,0,1,1,0,0,1,0,12192.0,2,1,1,1,0,0,1,0,8.2,272.3,0,0,0,0,0,1
108300,0.0,0.0,0,0,1,0,51.132,-3.72,0,1,1,0,39.079,0.0,0,32.08,0,0,0,1,0,1,1,0,0,1,0,12192.0,2,1,1,1,0,0,1,0,8.5,271.9,0,0,0,0,0,1
108400,0.0,0.0,0,0,1,0,50.76,-3.72,0,1,1,0,39.079,0.0,0,32.08,0,0,0,1,0,1,1,0,0,1,0,12192.0,2,1,1,1,0,0,1,0,8.3,268.7,0,0,0,0,0,1
108500,0.0,0.0,0,0,1,0,50.388,-3.72,0,1,1,0,39.079,0.0,0,32.02,0,0,0,1,0,1,1,0,0,1,0,12192.0,2,1,1,1,0,0,1,0,8.4,264.6,0,0,0,0,0,1
108600,0.0,0.0,0,0,1,0,50.016,-3.72,0,1,1,0,39.079,0.0,0,32.13,0,0,0,1,0,1,1,0,0,1,0,12192.0,2,1,1,1,0,0,1,0,8.4,269.6,0,0,0,0,0,1
108700,0.0,0.0,0,0,1,0,49.644,-3.72,0,1,1,0,39.079,0.0,0,32.02,0,0,0,1,0,1,1,0,0,1,0,12192.0,2,1,1,1,0,0,1,0,8.8,266.4,0,0,0,0,0,1
108800,0.0,0.0,0,0,1,0,49.272,-3.72,0,1,1,0,39.079,0.0,0,31.97,0,0,0,1,0,1,1,0,0,1,0,12192.0,2,1,1,1,0,0,1,0,8.3,275.8,0,0,0,0,0,1
108900,0.0,0.0,0,0,1,0,48.9,-3.72,0,1,1,0,39.079,0.0,0,32.08,0,0,0,1,0,1,1,0,0,1,0,12192.0,2,1,1,1,0,0,1,0,9.6,271.6,0,0,0,0,0,1
109000,0.0,0.0,0,0,1,0,48.528,-3.72,0,1,1,0,39.079,0.0,0,31.84,0,0,0,1,0,1,1,0,0,1,0,12192.0,2,1,1,1,0,0,1,0,8.3,272.5,0,0,0,0,0,1
109100,0.0,0.0,0,0,1,0,48.156,-3.72,0,1,1,0,39.079,0.0,0,31.94,0,0,0,1,0,1,1,0,0,1,0,12192.0,2,1,1,1,0,0,1,0,9.1,268.4,0,0,0,0,0,1
109200,0.0,0.0,0,0,1,0,47.784,-3.72,0,1,1,0,39.079,0.0,0,32.07,0,0,0,1,0,1,1,0,0,1,0,12192.0,2,1,1,1,0,0,1,0,8.3,263.5,0,0,0,0,0,1
109300,0.0,0.0,0,0,1,0,47.412,-3.72,0,1,1,0,39.079,0.0,0,32.03,0,0,0,1,0,1,1,0,0,1,0,12192.0,2,1,1,1,0,0,1,0,8.4,270.6,0,0,0,0,0,1
109400,0.0,0.0,0,0,1,0,47.04,-3.72,0,1,1,0,39.079,0.0,0,32.04,0,0,0,1,0,1,1,0,0,1,0,12192.0,2,1,1,1,0,0,1,0,8.5,272.6,0,0,0,0,0,1
109500,0.0,0.0,0,0,1,0,46.668,-3.72,0,1,1,0,39.079,0.0,0,32.02,0,0,0,1,0,1,1,0,0,1,0,12192.0,2,1,1,1,0,0,1,0,8.5,268.0,0,0,0,0,0,1
109600,0.0,0.0,0,0,1,0,46.296,-3.72,0,1,1,0,39.079,0.0,0,31.87,0,0,0,1,0,1,1,0,0,1,0,12192.0,2,1,1,1,0,0,1,0,8.7,269.6,0,0,0,0,0,1
109700,0.0,0.0,0,0,1,0,45.924,-3.72,0,1,1,0,39.079,0.0,0,32.12,0,0,0,1,0,1,1,0,0,1,0,12192.0,2,1,1,1,0,0,1,0,9.2,271.0,0,0,0,0,0,1
109800,0.0,0.0,0,0,1,0,45.552,-3.72,0,1,1,0,39.079,0.0,0,31.98,0,0,0,1,0,1,1,0,0,1,0,12192.0,2,1,1,1,0,0,1,0,8.0,274.5,0,0,0,0,0,1
109900,0.0,0.0,0,0,1,0,45.18,-3.72,0,1,1,0,39.079,0.0,0,31.93,0,0,0,1,0,1,1,0,0,1,0,12192.0,2,1,1,1,0,0,1,0,9.8,273.7,0,0,0,0,0,1
110000,0.0,0.0,0,0,1,0,44.808,-3.72,0,1,1,0,39.079,0.0,0,31.81,0,0,0,1,0,1,1,0,0,1,0,12192.0,2,1,1,1,0,0,1,0,8.6,269.5,0,0,0,0,0,1
110100,0.0,0.0,0,0,1,0,44.436,-3.72,0,1,1,0,39.079,0.0,0,31.96,0,0,0,1,0,1,1,0,0,1,0,12192.0,2,1,1,1,0,0,1,0,9.0,268.7,0,0,0,0,0,1
110200,0.0,0.0,0,0,1,0,44.064,-3.72,0,1,1,0,39.079,0.0,0,32.14,0,0,0,1,0,1,1,0,0,1,0,12192.0,2,1,1,1,0,0,1,0,8.7,268.6,0,0,0,0,0,1
110300,0.0,0.0,0,0,1,0,43.692,-3.72,0,1,1,0,39.079,0.0,0,32.11,0,0,0,1,0,1,1,0,0,1,0,12192.0,2,1,1,1,0,0,1,0,8.6,271.9,0,0,0,0,0,1
110400,0.0,0.0,0,0,1,0,43.32,-3.72,0,1,1,0,39.079,0.0,0,31.99,0,0,0,1,0,1,1,0,0,1,0,12192.0,2,1,1,1,0,0,1,0,9.0,271.8,0,0,0,0,0,1
110500,0.0,0.0,0,0,1,0,42.948,-3.72,0,1,1,0,39.079,0.0,0,31.84,0,0,0,1,0,1,1,0,0,1,0,12192.0,2,1,1,1,0,0,1,0,8.7,273.3,0,0,0,0,0,1
110600,0.0,0.0,0,0,1,0,42.576,-3.72,0,1,1,0,39.079,0.0,0,32.05,0,0,0,1,0,1,1,0,0,1,0,12192.0,2,1,1,1,0,0,1,0,9.3,272.7,0,0,0,0,0,1
110700,0.0,0.0,0,0,1,0,42.204,-3.72,0,1,1,0,39.079,0.0,0,31.96,0,0,0,1,0,1,1,0,0,1,0,12192.0,2,1,1,1,0,0,1,0,8.3,268.9,0,0,0,0,0,1
110800,0.0,0.0,0,0,1,0,41.832,-3.72,0,1,1,0,39.079,0.0,0,31.98,0,0,0,1,0,1,1,0,0,1,0,12192.0,2,1,1,1,0,0,1,0,7.9,268.4,0,0,0,0,0,1
110900,0.0,0.0,0,0,1,0,41.46,-3.72,0,1,1,0,39.079,0.0,0,32.05,0,0,0,1,0,1,1,0,0,1,0,12192.0,2,1,1,1,0,0,1,0,8.9,269.6,0,0,0,0,0,1
111000,0.0,0.0,0,0,1,0,41.088,-3.72,0,1,1,0,39.079,0.0,0,32.0,0,0,0,1,0,1,1,0,0,1,0,12192.0,2,1,1,1,0,0,1,0,8.6,268.9,0,0,0,0,0,1
111100,0.0,0.0,0,0,1,0,40.716,-3.72,0,1,1,0,39.079,0.0,0,31.97,0,0,0,1,0,1,1,0,0,1,0,12192.0,2,1,1,1,0,0,1,0,9.2,271.5,0,0,0,0,0,1
111200,0.0,0.0,0,0,1,0,40.344,-3.72,0,1,1,0,39.079,0.0,0,32.06,0,0,0,1,0,1,1,0,0,1,0,12192.0,2,1,1,1,0,0,1,0,8.5,271.8,0,0,0,0,0,1
111300,0.0,0.0,0,0,1,0,39.972,-3.72,0,1,1,0,39.079,0.0,0,31.92,0,0,0,1,0,1,1,0,0,1,0,12192.0,2,1,1,1,0,0,1,0,8.4,268.0,0,0,0,0,0,1
111400,0.0,0.0,0,0,1,0,39.6,-3.72,0,1,1,0,39.079,0.0,0,31.85,0,0,0,1,0,1,1,0,0,1,0,12192.0,2,1,1,1,0,0,1,0,9.1,273.6,0,0,0,0,0,1
111500,0.0,0.0,0,0,1,0,39.228,-3.72,0,1,1,0,39.079,0.0,0,32.08,0,0,0,1,0,1,1,0,0,1,0,12192.0,2,1,1,1,0,0,1,0,8.2,264.4,0,0,0,0,0,1
111600,0.0,0.0,0,0,1,0,38.856,-3.72,0,1,1,0,39.079,0.0,0,32.18,0,0,0,1,0,1,1,0,0,1,0,12192.0,2,1,1,1,0,0,1,0,7.5,272.6,0,0,0,0,0,1
111700,0.0,0.0,0,0,1,0,38.484,-3.72,0,1,1,0,39.079,0.0,0,31.97,0,0,0,1,0,1,1,0,0,1,0,12192.0,2,1,1,1,0,0,1,0,8.2,271.1,0,0,0,0,0,1
111800,0.0,0.0,0,0,1,0,38.112,-3.72,0,1,1,0,39.079,0.0,0,31.86,0,0,0,1,0,1,1,0,0,1,0,12192.0,2,1,1,1,0,0,1,0,8.8,270.6,0,0,0,0,0,1
111900,0.0,0.0,0,0,1,0,37.74,-3.72,0,1,1,0,39.079,0.0,0,31.92,0,0,0,1,0,1,1,0,0,1,0,12192.0,2,1,1,1,0,0,1,0,7.5,274.1,0,0,0,0,0,1
112000,0.0,0.0,0,0,1,0,37.368,-3.72,0,1,1,0,39.079,0.0,0,32.08,0,0,0,1,0,1,1,0,0,1,0,12192.0,2,1,1,1,0,0,1,0,6.9,272.8,0,0,0,0,0,1
112100,0.0,0.0,0,0,1,0,36.996,-3.72,0,1,1,0,39.079,0.0,0,31.97,0,0,0,1,0,1,1,0,0,1,0,12192.0,2,1,1,1,0,0,1,0,8.8,272.3,0,0,0,0,0,1
112200,0.0,0.0,0,0,1,0,36.624,-3.72,0,1,1,0,39.079,0.0,0,32.1,0,0,0,1,0,1,1,0,0,1,0,12192.0,2,1,1,1,0,0,1,0,7.7,272.8,0,0,0,0,0,1
112300,0.0,0.0,0,0,1,0,36.252,-3.72,0,1,1,0,39.079,0.0,0,32.18,0,0,0,1,0,1,1,0,0,1,0,12192.0,2,1,1,1,0,0,1,0,7.3,270.4,0,0,0,0,0,1
112400,0.0,0.0,0,0,1,0,35.88,-3.72,0,1,1,0,39.079,0.0,0,31.86,0,0,0,1,0,1,1,0,0,1,0,12192.0,2,1,1,1,0,0,1,0,7.7,266.8,0,0,0,0,0,1
112500,0.0,0.0,0,0,1,0,35.508,-3.72,0,1,1,0,39.079,0.0,0,32.13,0,0,0,1,0,1,1,0,0,1,0,12192.0,2,1,1,1,0,0,1,0,8.5,271.2,0,0,0,0,0,1
112600,0.0,0.0,0,0,1,0,35.136,-3.72,0,1,1,0,39.079,0.0,0,32.07,0,0,0,1,0,1,1,0,0,1,0,12192.0,2,1,1,1,0,0,1,0,8.1,271.4,0,0,0,0,0,1
112700,0.0,0.0,0,0,1,0,34.764,-3.72,0,1,1,0,39.079,0.0,0,32.01,0,0,0,1,0,1,1,0,0,1,0,12192.0,2,1,1,1,0,0,1,0,7.9,273.0,0,0,0,0,0,1
112800,0.0,0.0,0,0,1,0,34.392,-3.72,0,1,1,0,39.079,0.0,0,31.67,0,0,0,1,0,1,1,0,0,1,0,12192.0,2,1,1,1,0,0,1,0,7.9,269.3,0,0,0,0,0,1
112900,0.0,0.0,0,0,1,0,34.02,-3.72,0,1,1,0,39.079,0.0,0,31.98,0,0,0,1,0,1,1,0,0,1,0,12192.0,2,1,1,1,0,0,1,0,7.9,273.9,0,0,0,0,0,1
113000,0.0,0.0,0,0,1,0,33.648,-3.72,0,1,1,0,39.079,0.0,0,31.84,0,0,0,1,0,1,1,0,0,1,0,12192.0,2,1,1,1,0,0,1,0,7.4,273.1,0,0,0,0,0,1
113100,0.0,0.0,0,0,1,0,33.276,-3.72,0,1,1,0,39.079,0.0,0,31.98,0,0,0,1,0,1,1,0,0,1,0,12192.0,2,1,1,1,0,0,1,0,7.1,269.8,0,0,0,0,0,1
113200,0.0,0.0,0,0,1,0,32.904,-3.72,0,1,1,0,39.079,0.0,0,31.9,0,0,0,1,0,1,1,0,0,1,0,12192.0,2,1,1,1,0,0,1,0,7.3,271.6,0,0,0,0,0,1
113300,0.0,0.0,0,0,1,0,32.532,-3.72,0,1,1,0,39.079,0.0,0,32.03,0,0,0,1,0,1,1,0,0,1,0,12192.0,2,1,1,1,0,0,1,0,8.1,270.3,0,0,0,0,0,1
113400,0.0,0.0,0,0,1,0,32.16,-3.72,0,1,1,0,39.079,0.0,0,31.98,0,0,0,1,0,1,1,0,0,1,0,12192.0,2,1,1,1,0,0,1,0,7.9,270.5,0,0,0,0,0,1
113500,0.0,0.0,0,0,1,0,31.788,-3.72,0,1,1,0,39.079,0.0,0,32.03,0,0,0,1,0,1,1,0,0,1,0,12192.0,2,1,1,1,0,0,1,0,7.9,268.1,0,0,0,0,0,1
113600,0.0,0.0,0,0,1,0,31.416,-3.72,0,1,1,0,39.079,0.0,0,32.05,0,0,0,1,0,1,1,0,0,1,0,12192.0,2,1,1,1,0,0,1,0,7.0,271.9,0,0,0,0,0,1
113700,0.0,0.0,0,0,1,0,31.044,-3.72,0,1,1,0,39.079,0.0,0,31.97,0,0,0,1,0,1,1,0,0,1,0,12192.0,2,1,1,1,0,0,1,0,7.5,270.7,0,0,0,0,0,1
113800,0.0,0.0,0,0,1,0,30.672,-3.72,0,1,1,0,39.079,0.0,0,32.03,0,0,0,1,0,1,1,0,0,1,0,12192.0,2,1,1,1,0,0,1,0,7.2,271.1,0,0,0,0,0,1
113900,0.0,0.0,0,0,1,0,30.3,-3.72,0,1,1,0,39.079,0.0,0,32.12,0,0,0,1,0,1,1,0,0,1,0,12192.0,2,1,1,1,0,0,1,0,7.0,269.0,0,0,0,0,0,1
114000,0.0,0.0,0,0,1,0,29.928,-3.72,0,1,1,0,39.079,0.0,0,31.83,0,0,0,1,0,1,1,0,0,1,0,12192.0,2,1,1,1,0,0,1,0,7.0,268.6,0,0,0,0,0,1
114100,0.0,0.0,0,0,1,0,29.556,-3.72,0,1,1,0,39.079,0.0,0,31.94,0,0,0,1,0,1,1,0,0,1,0,12192.0,2,1,1,1,0,0,1,0,7.8,269.5,0,0,0,0,0,1
114200,0.0,0.0,0,0,1,0,29.184,-3.72,0,1,1,0,39.079,0.0,0,32.11,0,0,0,1,0,1,1,0,0,1,0,12192.0,2,1,1,1,0,0,1,0,8.5,271.4,0,0,0,0,0,1
114300,0.0,0.0,0,0,1,0,28.812,-3.72,0,1,1,0,39.079,0.0,0,31.85,0,0,0,1,0,1,1,0,0,1,0,12192.0,2,1,1,1,0,0,1,0,7.0,268.3,0,0,0,0,0,1
114400,0.0,0.0,0,0,1,0,28.44,-3.72,0,1,1,0,39.079,0.0,0,31.88,0,0,0,1,0,1,1,0,0,1,0,12192.0,2,1,1,1,0,0,1,0,6.9,267.7,0,0,0,0,0,1
114500,0.0,0.0,0,0,1,0,28.068,-3.72,0,1,1,0,39.079,0.0,0,31.85,0,0,0,1,0,1,1,0,0,1,0,12192.0,2,1,1,1,0,0,1,0,7.5,272.6,0,0,0,0,0,1
114600,0.0,0.0,0,0,1,0,27.696,-3.72,0,1,1,0,39.079,0.0,0,32.21,0,0,0,1,0,1,1,0,0,1,0,12192.0,2,1,1,1,0,0,1,0,7.2,270.8,0,0,0,0,0,1
114700,0.0,0.0,0,0,1,0,27.324,-3.72,0,1,1,0,39.079,0.0,0,31.99,0,0,0,1,0,1,1,0,0,1,0,12192.0,2,1,1,1,0,0,1,0,7.1,268.8,0,0,0,0,0,1
114800,0.0,0.0,0,0,1,0,26.952,-3.72,0,1,1,0,39.079,0.0,0,32.05,0,0,0,1,0,1,1,0,0,1,0,12192.0,2,1,1,1,0,0,1,0,7.3,271.2,0,0,0,0,0,1
114900,0.0,0.0,0,0,1,0,26.58,-3.72,0,1,1,0,39.079,0.0,0,31.94,0,0,0,1,0,1,1,0,0,1,0,12192.0,2,1,1,1,0,0,1,0,7.4,270.2,0,0,0,0,0,1
115000,0.0,0.0,0,0,1,0,26.208,-3.72,0,1,1,0,39.079,0.0,0,32.13,0,0,0,1,0,1,1,0,0,1,0,12192.0,2,1,1,1,0,0,1,0,7.0,268.9,0,0,0,0,0,1
115100,0.0,0.0,0,0,1,0,25.836,-3.72,0,1,1,0,39.079,0.0,0,31.86,0,0,0,1,0,1,1,0,0,1,0,12192.0,2,1,1,1,0,0,1,0,7.9,271.5,0,0,0,0,0,1
115200,0.0,0.0,0,0,1,0,25.464,-3.72,0,1,1,0,39.079,0.0,0,31.83,0,0,0,1,0,1,1,0,0,1,0,12192.0,2,1,1,1,0,0,1,0,6.9,272.0,0,0,0,0,0,1
115300,0.0,0.0,0,0,1,0,25.092,-3.72,0,1,1,0,39.079,0.0,0,31.83,0,0,0,1,0,1,1,0,0,1,0,12192.0,2,1,1,1,0,0,1,0,7.9,270.3,0,0,0,0,0,1
115400,0.0,0.0,0,0,1,0,24.72,-3.72,0,1,1,0,39.079,0.0,0,32.03,0,0,0,1,0,1,1,0,0,1,0,12192.0,2,1,1,1,0,0,1,0,7.6,268.3,0,0,0,0,0,1
115500,0.0,0.0,0,0,1,0,24.348,-3.72,0,1,1,0,39.079,0.0,0,32.15,0,0,0,1,0,1,1,0,0,1,0,12192.0,2,1,1,1,0,0,1,0,7.7,270.4,0,0,0,0,0,1
115600,0.0,0.0,0,0,1,0,23.976,-3.72,0,1,1,0,39.079,0.0,0,32.07,0,0,0,1,0,1,1,0,0,1,0,12192.0,2,1,1,1,0,0,1,0,7.7,273.9,0,0,0,0,0,1
115700,0.0,0.0,0,0,1,0,23.604,-3.72,0,1,1,0,39.079,0.0,0,32.15,0,0,0,1,0,1,1,0,0,1,0,12192.0,2,1,1,1,0,0,1,0,8.1,269.2,0,0,0,0,0,1
115800,0.0,0.0,0,0,1,0,23.232,-3.72,0,1,1,0,39.079,0.0,0,31.96,0,0,0,1,0,1,1,0,0,1,0,12192.0,2,1,1,1,0,0,1,0,7.7,276.0,0,0,0,0,0,1
115900,0.0,0.0,0,0,1,0,22.86,-3.72,0,1,1,0,39.079,0.0,0,32.13,0,0,0,1,0,1,1,0,0,1,0,12192.0,2,1,1,1,0,0,1,0,8.4,277.1,0,0,0,0,0,1
116000,0.0,0.0,0,0,1,0,22.488,-3.72,0,1,1,0,39.079,0.0,0,31.97,0,0,0,1,0,1,1,0,0,1,0,12192.0,2,1,1,1,0,0,1,0,8.1,273.2,0,0,0,0,0,1
116100,0.0,0.0,0,0,1,0,22.116,-3.72,0,1,1,0,39.079,0.0,0,32.22,0,0,0,1,0,1,1,0,0,1,0,12192.0,2,1,1,1,0,0,1,0,7.6,266.7,0,0,0,0,0,1
116200,0.0,0.0,0,0,1,0,21.744,-3.72,0,1,1,0,39.079,0.0,0,32.11,0,0,0,1,0,1,1,0,0,1,0,12192.0,2,1,1,1,0,0,1,0,7.9,268.9,0,0,0,0,0,1
116300,0.0,0.0,0,0,1,0,21.372,-3.72,0,1,1,0,39.079,0.0,0,31.93,0,0,0,1,0,1,1,0,0,1,0,12192.0,2,1,1,1,0,0,1,0,7.8,268.4,0,0,0,0,0,1
116400,0.0,0.0,0,0,1,0,21.0,-3.72,0,1,1,0,39.079,0.0,0,32.19,0,0,0,1,0,1,1,0,0,1,0,12192.0,2,1,1,1,0,0,1,0,8.0,269.1,0,0,0,0,0,1
116500,0.0,0.0,0,0,1,0,20.628,-3.72,0,1,1,0,39.079,0.0,0,32.05,0,0,0,1,0,1,1,0,0,1,0,12192.0,2,1,1,1,0,0,1,0,8.1,273.3,0,0,0,0,0,1
116600,0.0,0.0,0,0,1,0,20.256,-3.72,0,1,1,0,39.079,0.0,0,32.06,0,0,0,1,0,1,1,0,0,1,0,12192.0,2,1,1,1,0,0,1,0,8.5,269.9,0,0,0,0,0,1
116700,0.0,0.0,0,0,1,0,19.884,-3.72,0,1,1,0,39.079,0.0,0,31.97,0,0,0,1,0,1,1,0,0,1,0,12192.0,2,1,1,1,0,0,1,0,7.0,270.0,0,0,0,0,0,1
116800,0.0,0.0,0,0,1,0,19.512,-3.72,0,1,1,0,39.079,0.0,0,32.2,0,0,0,1,0,1,1,0,0,1,0,12192.0,2,1,1,1,0,0,1,0,8.3,272.4,0,0,0,0,0,1
116900,0.0,0.0,0,0,1,0,19.14,-3.72,0,1,1,0,39.079,0.0,0,32.1,0,0,0,1,0,1,1,0,0,1,0,12192.0,2,1,1,1,0,0,1,0,8.5,269.0,0,0,0,0,0,1
117000,0.0,0.0,0,0,1,0,18.768,-3.72,0,1,1,0,39.079,0.0,0,31.94,0,0,0,1,0,1,1,0,0,1,0,12192.0,2,1,1,1,0,0,1,0,8.6,266.4,0,0,0,0,0,1
117100,0.0,0.0,0,0,1,0,18.396,-3.72,0,1,1,0,39.079,0.0,0,32.15,0,0,0,1,0,1,1,0,0,1,0,12192.0,2,1,1,1,0,0,1,0,7.6,269.4,0,0,0,0,0,1
117200,0.0,0.0,0,0,1,0,18.024,-3.72,0,1,1,0,39.079,0.0,0,32.26,0,0,0,1,0,1,1,0,0,1,0,12192.0,2,1,1,1,0,0,1,0,7.9,264.3,0,0,0,0,0,1
117300,0.0,0.0,0,0,1,0,17.652,-3.72,0,1,1,0,39.079,0.0,0,32.0,0,0,0,1,0,1,1,0,0,1,0,12192.0,2,1,1,1,0,0,1,0,9.1,266.6,0,0,0,0,0,1
117400,0.0,0.0,0,0,1,0,17.28,-3.72,0,1,1,0,39.079,0.0,0,31.85,0,0,0,1,0,1,1,0,0,1,0,12192.0,2,1,1,1,0,0,1,0,8.3,272.4,0,0,0,0,0,1
117500,0.0,0.0,0,0,1,0,16.908,-3.72,0,1,1,0,39.079,0.0,0,32.12,0,0,0,1,0,1,1,0,0,1,0,12192.0,2,1,1,1,0,0,1,0,8.1,271.9,0,0,0,0,0,1
117600,0.0,0.0,0,0,1,0,16.536,-3.72,0,1,1,0,39.079,0.0,0,31.81,0,0,0,1,0,1,1,0,0,1,0,12192.0,2,1,1,1,0,0,1,0,8.3,266.0,0,0,0,0,0,1
117700,0.0,0.0,0,0,1,0,16.164,-3.72,0,1,1,0,39.079,0.0,0,31.98,0,0,0,1,0,1,1,0,0,1,0,12192.0,2,1,1,1,0,0,1,0,8.7,263.9,0,0,0,0,0,1
117800,0.0,0.0,0,0,1,0,15.792,-3.72,0,1,1,0,39.079,0.0,0,32.2,0,0,0,1,0,1,1,0,0,1,0,12192.0,2,1,1,1,0,0,1,0,8.9,274.5,0,0,0,0,0,1
117900,0.0,0.0,0,0,1,0,15.42,-3.72,0,1,1,0,39.079,0.0,0,32.21,0,0,0,1,0,1,1,0,0,1,0,12192.0,2,1,1,1,0,0,1,0,9.0,269.9,0,0,0,0,0,1
118000,0.0,0.0,0,0,1,0,15.048,-3.72,0,1,1,0,39.079,0.0,0,32.1,0,0,0,1,0,1,1,0,0,1,0,12192.0,2,1,1,1,0,0,1,0,8.4,272.7,0,0,0,0,0,1
118100,0.0,0.0,0,0,1,0,14.676,-3.72,0,1,1,0,39.079,0.0,0,31.86,0,0,0,1,0,1,1,0,0,1,0,12192.0,2,1,1,1,0,0,1,0,8.3,270.9,0,0,0,0,0,1
118200,0.0,0.0,0,0,1,0,14.304,-3.72,0,1,1,0,39.079,0.0,0,32.09,0,0,0,1,0,1,1,0,0,1,0,12192.0,2,1,1,1,0,0,1,0,8.2,268.3,0,0,0,0,0,1
118300,0.0,0.0,0,0,1,0,13.932,-3.72,0,1,1,0,39.079,0.0,0,32.01,0,0,0,1,0,1,1,0,0,1,0,12192.0,2,1,1,1,0,0,1,0,8.6,271.3,0,0,0,0,0,1
118400,0.0,0.0,0,0,1,0,13.56,-3.72,0,1,1,0,39.079,0.0,0,31.86,0,0,0,1,0,1,1,0,0,1,0,12192.0,2,1,1,1,0,0,1,0,8.7,271.8,0,0,0,0,0,1
118500,0.0,0.0,0,0,1,0,13.188,-3.72,0,1,1,0,39.079,0.0,0,32.05,0,0,0,1,0,1,1,0,0,1,0,12192.0,2,1,1,1,0,0,1,0,9.0,270.5,0,0,0,0,0,1
118600,0.0,0.0,0,0,1,0,12.816,-3.72,0,1,1,0,39.079,0.0,0,31.99,0,0,0,1,0,1,1,0,0,1,0,12192.0,2,1,1,1,0,0,1,0,8.9,264.2,0,0,0,0,0,1
118700,0.0,0.0,0,0,1,0,12.444,-3.72,0,1,1,0,39.079,0.0,0,31.92,0,0,0,1,0,1,1,0,0,1,0,12192.0,2,1,1,1,0,0,1,0,8.8,272.0,0,0,0,0,0,1
118800,0.0,0.0,0,0,1,0,12.078,-3.663,0,1,1,0,39.079,0.0,0,31.97,0,0,0,1,0,1,1,0,0,1,0,12192.0,2,1,1,1,0,0,1,0,7.9,268.7,0,0,0,0,0,1
118900,0.0,0.0,0,0,1,0,11.717,-3.607,0,1,1,0,39.079,0.0,0,31.9,0,0,0,1,0,1,1,0,0,1,0,12192.0,2,1,1,1,0,0,1,0,9.1,272.0,0,0,0,0,0,1
119000,0.0,0.0,0,0,1,0,11.362,-3.55,0,1,1,0,39.079,0.0,0,32.1,0,0,0,1,0,1,1,0,0,1,0,12192.0,2,1,1,1,0,0,1,0,9.4,269.4,0,0,0,0,0,1
119100,0.0,0.0,0,0,1,0,11.013,-3.493,0,1,1,0,39.079,0.0,0,31.87,0,0,0,1,0,1,1,0,0,1,0,12192.0,2,1,1,1,0,0,1,0,8.1,269.2,0,0,0,0,0,1
119200,0.0,0.0,0,0,1,0,10.669,-3.436,0,1,1,0,39.079,0.0,0,31.95,0,0,0,1,0,1,1,0,0,1,0,12192.0,2,1,1,1,0,0,1,0,8.5,271.1,0,0,0,0,0,1
119300,0.0,0.0,0,0,1,0,10.331,-3.38,0,1,1,0,39.079,0.0,0,32.07,0,0,0,1,0,1,1,0,0,1,0,12192.0,2,1,1,1,0,0,1,0,8.5,276.2,0,0,0,0,0,1
119400,0.0,0.0,0,0,1,0,9.999,-3.323,0,1,1,0,39.079,0.0,0,31.96,0,0,0,1,0,1,1,0,0,1,0,12192.0,2,1,1,1,0,0,1,0,8.2,271.3,0,0,0,0,0,1
119500,0.0,0.0,0,0,1,0,9.672,-3.266,0,1,1,0,39.079,0.0,0,31.81,0,0,0,1,0,1,1,0,0,1,0,12192.0,2,1,1,1,0,0,1,0,8.6,267.5,0,0,0,0,0,1
119600,0.0,0.0,0,0,1,0,9.351,-3.209,0,1,1,0,39.079,0.0,0,32.01,0,0,0,1,0,1,1,0,0,1,0,12192.0,2,1,1,1,0,0,1,0,8.4,269.5,0,0,0,0,0,1
119700,0.0,0.0,0,0,1,0,9.036,-3.153,0,1,1,0,39.079,0.0,0,32.22,0,0,0,1,0,1,1,0,0,1,0,12192.0,2,1,1,1,0,0,1,0,8.7,273.6,0,0,0,0,0,1
119800,0.0,0.0,0,0,1,0,8.726,-3.096,0,1,1,0,39.079,0.0,0,31.95,0,0,0,1,0,1,1,0,0,1,0,12192.0,2,1,1,1,0,0,1,0,8.3,272.7,0,0,0,0,0,1
119900,0.0,0.0,0,0,1,0,8.422,-3.039,0,1,1,0,39.079,0.0,0,32.25,0,0,0,1,0,1,1,0,0,1,0,12192.0,2,1,1,1,0,0,1,0,8.4,264.8,0,0,0,0,0,1
120000,0.0,0.0,0,0,1,0,8.124,-2.982,0,1,1,0,39.079,0.0,0,31.96,0,0,0,1,0,1,1,0,0,1,0,12192.0,2,1,1,1,0,0,1,0,8.5,269.4,0,0,0,0,0,1
120100,0.0,0.0,0,0,1,0,7.832,-2.926,0,1,1,0,39.079,0.0,0,32.1,0,0,0,1,0,1,1,0,0,1,0,12192.0,2,1,1,1,0,0,1,0,8.9,270.5,0,0,0,0,0,1
120200,0.0,0.0,0,0,1,0,7.545,-2.869,0,1,1,0,39.079,0.0,0,31.79,0,0,0,1,0,1,1,0,0,1,0,12192.0,2,1,1,1,0,0,1,0,8.1,270.2,0,0,0,0,0,1
120300,0.0,0.0,0,0,1,0,7.263,-2.812,0,1,1,0,39.079,0.0,0,32.01,0,0,0,1,0,1,1,0,0,1,0,12192.0,2,1,1,1,0,0,1,0,8.0,271.6,0,0,0,0,0,1
120400,0.0,0.0,0,0,1,0,6.988,-2.756,0,1,1,0,39.079,0.0,0,31.94,0,0,0,1,0,1,1,0,0,1,0,12192.0,2,1,1,1,0,0,1,0,8.8,268.0,0,0,0,0,0,1
120500,0.0,0.0,0,0,1,0,6.718,-2.699,0,1,1,0,39.079,0.0,0,32.2,0,0,0,1,0,1,1,0,0,1,0,12192.0,2,1,1,1,0,0,1,0,7.9,267.0,0,0,0,0,0,1
120600,0.0,0.0,0,0,1,0,6.454,-2.642,0,1,1,0,39.079,0.0,0,31.97,0,0,0,1,0,1,1,0,0,1,0,12192.0,2,1,1,1,0,0,1,0,8.6,266.4,0,0,0,0,0,1
120700,0.0,0.0,0,0,1,0,6.195,-2.585,0,1,1,0,39.079,0.0,0,31.96,0,0,0,1,0,1,1,0,0,1,0,12192.0,2,1,1,1,0,0,1,0,8.4,270.4,0,0,0,0,0,1
120800,0.0,0.0,0,0,1,0,5.942,-2.529,0,1,1,0,39.079,0.0,0,32.02,0,0,0,1,0,1,1,0,0,1,0,12192.0,2,1,1,1,0,0,1,0,7.3,268.6,0,0,0,0,0,1
120900,0.0,0.0,0,0,1,0,5.695,-2.472,0,1,1,0,39.079,0.0,0,31.91,0,0,0,1,0,1,1,0,0,1,0,12192.0,2,1,1,1,0,0,1,0,8.0,267.4,0,0,0,0,0,1
121000,0.0,0.0,0,0,1,0,5.454,-2.415,0,1,1,0,39.079,0.0,0,31.86,0,0,0,1,0,1,1,0,0,1,0,12192.0,2,1,1,1,0,0,1,0,7.8,269.0,0,0,0,0,0,1
121100,0.0,0.0,0,0,1,0,5.218,-2.358,0,1,1,0,39.079,0.0,0,32.05,0,0,0,1,0,1,1,0,0,1,0,12192.0,2,1,1,1,0,0,1,0,8.0,265.9,0,0,0,0,0,1
121200,0.0,0.0,0,0,1,0,4.988,-2.302,0,1,1,0,39.079,0.0,0,32.05,0,0,0,1,0,1,1,0,0,1,0,12192.0,2,1,1,1,0,0,1,0,7.7,267.1,0,0,0,0,0,1
121300,0.0,0.0,0,0,1,0,4.763,-2.245,0,1,1,0,39.079,0.0,0,32.1,0,0,0,1,0,1,1,0,0,1,0,12192.0,2,1,1,1,0,0,1,0,8.6,272.1,0,0,0,0,0,1
121400,0.0,0.0,0,0,1,0,4.544,-2.188,0,1,1,0,39.079,0.0,0,32.16,0,0,0,1,0,1,1,0,0,1,0,12192.0,2,1,1,1,0,0,1,0,7.9,268.6,0,0,0,0,0,1
121500,0.0,0.0,0,0,1,0,4.331,-2.131,0,1,1,0,39.079,0.0,0,32.22,0,0,0,1,0,1,1,0,0,1,0,12192.0,2,1,1,1,0,0,1,0,7.9,271.8,0,0,0,0,0,1
121600,0.0,0.0,0,0,1,0,4.124,-2.075,0,1,1,0,39.079,0.0,0,32.02,0,0,0,1,0,1,1,0,0,1,0,12192.0,2,1,1,1,0,0,1,0,7.6,269.6,0,0,0,0,0,1
121700,0.0,0.0,0,0,1,0,3.922,-2.018,0,1,1,0,39.079,0.0,0,31.84,0,0,0,1,0,1,1,0,0,1,0,12192.0,2,1,1,1,0,0,1,0,6.8,271.0,0,0,0,0,0,1
121800,0.0,0.0,0,0,1,0,3.726,-1.961,0,1,1,0,39.079,0.0,0,32.02,0,0,0,1,0,1,1,0,0,1,0,12192.0,2,1,1,1,0,0,1,0,8.4,270.0,0,0,0,0,0,1
121900,0.0,0.0,0,0,1,0,3.535,-1.904,0,1,1,0,39.079,0.0,0,32.09,0,0,0,1,0,1,1,0,0,1,0,12192.0,2,1,1,1,0,0,1,0,7.8,268.7,0,0,0,0,0,1
122000,0.0,0.0,0,0,1,0,3.351,-1.848,0,1,1,0,39.079,0.0,0,32.07,0,0,0,1,0,1,1,0,0,1,0,12192.0,2,1,1,1,0,0,1,0,7.8,270.1,0,0,0,0,0,1
122100,0.0,0.0,0,0,1,0,3.172,-1.791,0,1,1,0,39.079,0.0,0,31.82,0,0,0,1,0,1,1,0,0,1,0,12192.0,2,1,1,1,0,0,1,0,8.0,271.9,0,0,0,0,0,1
122200,0.0,0.0,0,0,1,0,2.998,-1.734,0,1,1,0,39.079,0.0,0,32.1,0,0,0,1,0,1,1,0,0,1,0,12192.0,2,1,1,1,0,0,1,0,8.2,269.1,0,0,0,0,0,1
122300,0.0,0.0,0,0,1,0,2.83,-1.678,0,1,1,0,39.079,0.0,0,32.07,0,0,0,1,0,1,1,0,0,1,0,12192.0,2,1,1,1,0,0,1,0,8.1,267.5,0,0,0,0,0,1
122400,0.0,0.0,0,0,1,0,2.663,-1.678,0,1,1,0,39.079,0.0,0,32.08,0,0,0,1,0,1,1,0,0,1,0,12192.0,2,1,1,1,0,0,1,0,7.3,269.2,0,0,0,0,0,1
122500,0.0,0.0,0,0,1,0,2.501,-1.62,0,1,1,0,39.079,0.0,0,32.08,0,0,0,1,0,1,1,0,0,1,0,12192.0,2,1,1,1,0,0,1,0,7.9,270.0,0,0,0,0,0,1
122600,0.0,0.0,0,0,1,0,2.344,-1.562,0,1,1,0,39.079,0.0,0,31.77,0,0,0,1,0,1,1,0,0,1,0,12192.0,2,1,1,1,0,0,1,0,7.4,266.5,0,0,0,0,0,1
122700,0.0,0.0,0,0,1,0,2.194,-1.504,0,1,1,0,39.079,0.0,0,32.0,0,0,0,1,0,1,1,0,0,1,0,12192.0,2,1,1,1,0,0,1,0,7.6,273.2,0,0,0,0,0,1
122800,0.0,0.0,0,0,1,0,2.049,-1.447,0,1,1,0,39.079,0.0,0,32.03,0,0,0,1,0,1,1,0,0,1,0,12192.0,2,1,1,1,0,0,1,0,7.5,272.2,0,0,0,0,0,1
122900,0.0,0.0,0,0,1,0,1.91,-1.389,0,1,1,0,39.079,0.0,0,31.75,0,0,0,1,0,1,1,0,0,1,0,12192.0,2,1,1,1,0,0,1,0,6.8,274.2,0,0,0,0,0,1
123000,0.0,0.0,0,0,1,0,1.777,-1.331,0,1,1,0,39.079,0.0,0,32.08,0,0,0,1,0,1,1,0,0,1,0,12192.0,2,1,1,1,0,0,1,0,7.6,263.5,0,0,0,0,0,1
123100,0.0,0.0,0,0,1,0,1.65,-1.273,0,1,1,0,39.079,0.0,0,32.18,0,0,0,1,0,1,1,0,0,1,0,12192.0,2,1,1,1,0,0,1,0,7.7,275.7,0,0,0,0,0,1
123200,0.0,0.0,0,0,1,0,1.529,-1.215,0,1,1,0,39.079,0.0,0,31.79,0,0,0,1,0,1,1,0,0,1,0,12192.0,2,1,1,1,0,0,1,0,8.0,269.2,0,0,0,0,0,1
123300,0.0,0.0,0,0,1,0,1.413,-1.156,0,1,1,0,39.079,0.0,0,31.92,0,0,0,1,0,1,1,0,0,1,0,12192.0,2,1,1,1,0,0,1,0,7.4,268.8,0,0,0,0,0,1
123400,0.0,0.0,0,0,1,0,1.303,-1.098,0,1,1,0,39.079,0.0,0,32.13,0,0,0,1,0,1,1,0,0,1,0,12192.0,2,1,1,1,0,0,1,0,6.9,268.2,0,0,0,0,0,1
123500,0.0,0.0,0,0,1,0,1.199,-1.04,0,1,1,0,39.079,0.0,0,31.92,0,0,0,1,0,1,1,0,0,1,0,12192.0,2,1,1,1,0,0,1,0,7.7,267.6,0,0,0,0,0,1
123600,0.0,0.0,0,0,1,0,1.101,-0.982,0,1,1,0,39.079,0.0,0,32.1,0,0,0,1,0,1,1,0,0,1,0,12192.0,2,1,1,1,0,0,1,0,7.3,266.4,0,0,0,0,0,1
123700,0.0,0.0,0,0,1,0,1.009,-0.923,0,1,1,0,39.079,0.0,0,31.88,0,0,0,1,0,1,1,0,0,1,0,12192.0,2,1,1,1,0,0,1,0,7.3,269.8,0,0,0,0,0,1
123800,0.0,0.0,0,0,1,0,0.922,-0.865,0,1,1,0,39.079,0.0,0,31.97,0,0,0,1,0,1,1,0,0,1,0,12192.0,2,1,1,1,0,0,1,0,7.0,270.3,0,0,0,0,0,1
123900,0.0,0.0,0,0,1,0,0.842,-0.806,0,1,1,0,39.079,0.0,0,32.04,0,0,0,1,0,1,1,0,0,1,0,12192.0,2,1,1,1,0,0,1,0,7.1,269.2,0,0,0,0,0,1
124000,0.0,0.0,0,0,1,0,0.767,-0.747,0,1,1,0,39.079,0.0,0,32.01,0,0,0,1,0,1,1,0,0,1,0,12192.0,2,1,1,1,0,0,1,0,7.4,267.8,0,0,0,0,0,1
124100,0.0,0.0,0,0,1,0,0.698,-0.688,0,1,1,0,39.079,0.0,0,32.11,0,0,0,1,0,1,1,0,0,1,0,12192.0,2,1,1,1,0,0,1,0,8.3,267.7,0,0,0,0,0,1
124200,0.0,0.0,0,0,1,0,0.635,-0.629,0,1,1,0,39.079,0.0,0,31.92,0,0,0,1,0,1,1,0,0,1,0,12192.0,2,1,1,1,0,0,1,0,7.7,272.0,0,0,0,0,0,1
124300,0.0,0.0,0,0,1,0,0.578,-0.569,0,1,1,0,39.079,0.0,0,31.85,0,0,0,1,0,1,1,0,0,1,0,12192.0,2,1,1,1,0,0,1,0,7.2,267.4,0,0,0,0,0,1
124400,0.0,0.0,0,0,1,0,0.528,-0.509,0,1,1,0,39.079,0.0,0,32.34,0,0,0,1,0,1,1,0,0,1,0,12192.0,2,1,1,1,0,0,1,0,7.2,267.4,0,0,0,0,0,1
124500,0.0,0.0,0,0,1,0,0.483,-0.449,0,1,1,0,39.079,0.0,0,32.09,0,0,0,1,0,1,1,0,0,1,0,12192.0,2,1,1,1,0,0,1,0,8.0,265.7,0,0,0,0,0,1
124600,0.0,0.0,0,0,1,0,0.444,-0.388,0,1,1,0,39.079,0.0,0,31.94,0,0,0,1,0,1,1,0,0,1,0,12192.0,2,1,1,1,0,0,1,0,7.4,268.3,0,0,0,0,0,1
124700,0.0,0.0,0,0,1,0,0.411,-0.326,0,1,1,0,39.079,0.0,0,32.2,0,0,0,1,0,1,1,0,0,1,0,12192.0,2,1,1,1,0,0,1,0,7.5,271.3,0,0,0,0,0,1
124800,0.0,0.0,0,0,1,0,0.385,-0.264,0,1,1,0,39.079,0.0,0,32.1,0,0,0,1,0,1,1,0,0,1,0,12192.0,2,1,1,1,0,0,1,0,7.7,269.2,0,0,0,0,0,1
124900,0.0,0.0,0,0,1,0,0.365,-0.199,0,1,1,0,39.079,0.0,0,32.08,0,0,0,1,0,1,1,0,0,1,0,12192.0,2,1,1,1,0,0,1,0,7.6,270.5,0,0,0,0,0,1
125000,0.0,0.0,0,0,1,0,0.352,-0.13,0,1,1,0,39.079,0.0,0,32.03,0,0,0,1,0,1,1,0,0,1,0,12192.0,2,1,1,1,0,0,1,0,7.6,273.1,0,0,0,0,0,1
125100,0.0,0.0,0,0,0,0,0.346,0.0,0,0,0,0,39.079,0.0,0,32.0,0,0,0,0,0,1,1,0,0,1,0,12192.0,2,1,1,0,1,0,1,0,7.3,270.2,0,0,0,0,0,1
125200,0.0,0.0,0,0,1,0,0.346,0.0,0,0,1,0,39.074,-0.052,0,30.24,0,0,1,1,0,1,1,0,0,1,0,12192.0,2,1,1,1,0,0,1,0,7.4,267.3,0,0,0,0,0,1
125300,0.0,0.0,0,0,1,0,0.346,0.0,0,0,1,0,39.063,-0.103,0,30.11,0,0,1,1,0,1,1,0,0,1,0,12192.0,2,1,1,1,0,0,1,0,7.3,269.6,0,0,0,0,0,1
125400,0.0,0.0,0,0,1,0,0.346,0.0,0,0,1,0,39.048,-0.155,0,30.21,0,0,1,1,0,1,1,0,0,1,0,12192.0,2,1,1,1,0,0,1,0,7.6,271.9,0,0,0,0,0,1
125500,0.0,0.0,0,0,1,0,0.346,0.0,0,0,1,0,39.027,-0.207,0,30.08,0,0,1,1,0,1,1,0,0,1,0,12192.0,2,1,1,1,0,0,1,0,8.1,271.4,0,0,0,0,0,1
125600,0.0,0.0,0,0,1,0,0.346,0.0,0,0,1,0,39.001,-0.258,0,30.42,0,0,1,1,0,1,1,0,0,1,0,12192.0,2,1,1,1,0,0,1,0,7.5,273.6,0,0,0,0,0,1
125700,0.0,0.0,0,0,1,0,0.346,0.0,0,0,1,0,38.97,-0.31,0,30.23,0,0,1,1,0,1,1,0,0,1,0,12192.0,2,1,1,1,0,0,1,0,8.0,270.0,0,0,0,0,0,1
125800,0.0,0.0,0,0,1,0,0.346,0.0,0,0,1,0,38.934,-0.362,0,30.27,0,0,1,1,0,1,1,0,0,1,0,12192.0,2,1,1,1,0,0,1,0,7.1,272.2,0,0,0,0,0,1
125900,0.0,0.0,0,0,1,0,0.346,0.0,0,0,1,0,38.893,-0.413,0,30.34,0,0,1,1,0,1,1,0,0,1,0,12192.0,2,1,1,1,0,0,1,0,8.8,267.3,0,0,0,0,0,1
126000,0.0,0.0,0,0,1,0,0.346,0.0,0,0,1,0,38.847,-0.465,0,30.45,0,0,1,1,0,1,1,0,0,1,0,12192.0,2,1,1,1,0,0,1,0,7.9,266.6,0,0,0,0,0,1
126100,0.0,0.0,0,0,1,0,0.346,0.0,0,0,1,0,38.795,-0.516,0,30.4,0,0,1,1,0,1,1,0,0,1,0,12192.0,2,1,1,1,0,0,1,0,8.4,270.4,0,0,0,0,0,1
126200,0.0,0.0,0,0,1,0,0.346,0.0,0,0,1,0,38.738,-0.568,0,30.28,0,0,1,1,0,1,1,0,0,1,0,12192.0,2,1,1,1,0,0,1,0,8.2,267.0,0,0,0,0,0,1
126300,0.0,0.0,0,0,1,0,0.346,0.0,0,0,1,0,38.676,-0.62,0,30.23,0,0,1,1,0,1,1,0,0,1,0,12192.0,2,1,1,1,0,0,1,0,8.9,268.3,0,0,0,0,0,1
126400,0.0,0.0,0,0,1,0,0.346,0.0,0,0,1,0,38.609,-0.671,0,30.48,0,0,1,1,0,1,1,0,0,1,0,12192.0,2,1,1,1,0,0,1,0,8.1,274.2,0,0,0,0,0,1
126500,0.0,0.0,0,0,1,0,0.346,0.0,0,0,1,0,38.537,-0.723,0,30.34,0,0,1,1,0,1,1,0,0,1,0,12192.0,2,1,1,1,0,0,1,0,8.4,275.2,0,0,0,0,0,1
126600,0.0,0.0,0,0,1,0,0.346,0.0,0,0,1,0,38.459,-0.775,0,30.3,0,0,1,1,0,1,1,0,0,1,0,12192.0,2,1,1,1,0,0,1,0,8.4,274.2,0,0,0,0,0,1
126700,0.0,0.0,0,0,1,0,0.346,0.0,0,0,1,0,38.377,-0.826,0,30.13,0,0,1,1,0,1,1,0,0,1,0,12192.0,2,1,1,1,0,0,1,0,8.5,270.0,0,0,0,0,0,1
126800,0.0,0.0,0,0,1,0,0.346,0.0,0,0,1,0,38.289,-0.878,0,30.54,0,0,1,1,0,1,1,0,0,1,0,12192.0,2,1,1,1,0,0,1,0,7.9,268.5,0,0,0,0,0,1
126900,0.0,0.0,0,0,1,0,0.346,0.0,0,0,1,0,38.196,-0.93,0,30.24,0,0,1,1,0,1,1,0,0,1,0,12192.0,2,1,1,1,0,0,1,0,9.0,267.8,0,0,0,0,0,1
127000,0.0,0.0,0,0,1,0,0.346,0.0,0,0,1,0,38.098,-0.981,0,30.17,0,0,1,1,0,1,1,0,0,1,0,12192.0,2,1,1,1,0,0,1,0,8.2,270.6,0,0,0,0,0,1
127100,0.0,0.0,0,0,1,0,0.346,0.0,0,0,1,0,37.994,-1.033,0,30.26,0,0,1,1,0,1,1,0,0,1,0,12192.0,2,1,1,1,0,0,1,0,8.1,272.0,0,0,0,0,0,1
127200,0.0,0.0,0,0,1,0,0.346,0.0,0,0,1,0,37.886,-1.085,0,30.22,0,0,1,1,0,1,1,0,0,1,0,12192.0,2,1,1,1,0,0,1,0,9.0,268.1,0,0,0,0,0,1
127300,0.0,0.0,0,0,1,0,0.346,0.0,0,0,1,0,37.772,-1.136,0,30.05,0,0,1,1,0,1,1,0,0,1,0,12192.0,2,1,1,1,0,0,1,0,8.2,264.8,0,0,0,0,0,1
127400,0.0,0.0,0,0,1,0,0.346,0.0,0,0,1,0,37.654,-1.183,0,30.44,0,0,1,1,0,1,1,0,0,1,0,12192.0,2,1,1,1,0,0,1,0,8.2,267.1,0,0,0,0,0,1
127500,0.0,0.0,0,0,1,0,0.346,0.0,0,0,1,0,37.536,-1.183,0,30.14,0,0,1,1,0,1,1,0,0,1,0,12192.0,2,1,1,1,0,0,1,0,8.8,271.4,0,0,0,0,0,1
127600,0.0,0.0,0,0,1,0,0.346,0.0,0,0,1,0,37.418,-1.183,0,30.42,0,0,1,1,0,1,1,0,0,1,0,12192.0,2,1,1,1,0,0,1,0,8.6,268.5,0,0,0,0,0,1
127700,0.0,0.0,0,0,1,0,0.346,0.0,0,0,1,0,37.299,-1.183,0,30.28,0,0,1,1,0,1,1,0,0,1,0,12192.0,2,1,1,1,0,0,1,0,8.8,269.2,0,0,0,0,0,1
127800,0.0,0.0,0,0,1,0,0.346,0.0,0,0,1,0,37.181,-1.183,0,30.22,0,0,1,1,0,1,1,0,0,1,0,12192.0,2,1,1,1,0,0,1,0,9.1,264.9,0,0,0,0,0,1
127900,0.0,0.0,0,0,1,0,0.346,0.0,0,0,1,0,37.063,-1.183,0,30.16,0,0,1,1,0,1,1,0,0,1,0,12192.0,2,1,1,1,0,0,1,0,8.9,270.6,0,0,0,0,0,1
128000,0.0,0.0,0,0,1,0,0.346,0.0,0,0,1,0,36.944,-1.183,0,30.37,0,0,1,1,0,1,1,0,0,1,0,12192.0,2,1,1,1,0,0,1,0,8.9,277.4,0,0,0,0,0,1
128100,0.0,0.0,0,0,1,0,0.346,0.0,0,0,1,0,36.826,-1.183,0,30.45,0,0,1,1,0,1,1,0,0,1,0,12192.0,2,1,1,1,0,0,1,0,8.5,263.8,0,0,0,0,0,1
128200,0.0,0.0,0,0,1,0,0.346,0.0,0,0,1,0,36.708,-1.183,0,30.25,0,0,1,1,0,1,1,0,0,1,0,12192.0,2,1,1,1,0,0,1,0,9.0,269.7,0,0,0,0,0,1
128300,0.0,0.0,0,0,1,0,0.346,0.0,0,0,1,0,36.59,-1.183,0,30.27,0,0,1,1,0,1,1,0,0,1,0,12192.0,2,1,1,1,0,0,1,0,9.5,274.5,0,0,0,0,0,1
128400,0.0,0.0,0,0,1,0,0.346,0.0,0,0,1,0,36.471,-1.183,0,30.47,0,0,1,1,0,1,1,0,0,1,0,12192.0,2,1,1,1,0,0,1,0,8.1,270.5,0,0,0,0,0,1
128500,0.0,0.0,0,0,1,0,0.346,0.0,0,0,1,0,36.353,-1.183,0,30.37,0,0,1,1,0,1,1,0,0,1,0,12192.0,2,1,1,1,0,0,1,0,8.8,268.5,0,0,0,0,0,1
128600,0.0,0.0,0,0,1,0,0.346,0.0,0,0,1,0,36.235,-1.183,0,30.23,0,0,1,1,0,1,1,0,0,1,0,12192.0,2,1,1,1,0,0,1,0,8.7,271.4,0,0,0,0,0,1
128700,0.0,0.0,0,0,1,0,0.346,0.0,0,0,1,0,36.117,-1.183,0,30.29,0,0,1,1,0,1,1,0,0,1,0,12192.0,2,1,1,1,0,0,1,0,8.3,268.5,0,0,0,0,0,1
128800,0.0,0.0,0,0,1,0,0.346,0.0,0,0,1,0,35.998,-1.183,0,30.39,0,0,1,1,0,1,1,0,0,1,0,12192.0,2,1,1,1,0,0,1,0,9.0,271.3,0,0,0,0,0,1
128900,0.0,0.0,0,0,1,0,0.346,0.0,0,0,1,0,35.88,-1.183,0,30.18,0,0,1,1,0,1,1,0,0,1,0,12192.0,2,1,1,1,0,0,1,0,8.8,273.7,0,0,0,0,0,1
129000,0.0,0.0,0,0,1,0,0.346,0.0,0,0,1,0,35.762,-1.183,0,30.46,0,0,1,1,0,1,1,0,0,1,0,12192.0,2,1,1,1,0,0,1,0,8.1,270.0,0,0,0,0,0,1
129100,0.0,0.0,0,0,1,0,0.346,0.0,0,0,1,0,35.643,-1.183,0,30.23,0,0,1,1,0,1,1,0,0,1,0,12192.0,2,1,1,1,0,0,1,0,8.0,269.8,0,0,0,0,0,1
129200,0.0,0.0,0,0,1,0,0.346,0.0,0,0,1,0,35.525,-1.183,0,30.24,0,0,1,1,0,1,1,0,0,1,0,12192.0,2,1,1,1,0,0,1,0,8.7,267.8,0,0,0,0,0,1
129300,0.0,0.0,0,0,1,0,0.346,0.0,0,0,1,0,35.407,-1.183,0,30.44,0,0,1,1,0,1,1,0,0,1,0,12192.0,2,1,1,1,0,0,1,0,8.2,268.5,0,0,0,0,0,1
129400,0.0,0.0,0,0,1,0,0.346,0.0,0,0,1,0,35.289,-1.183,0,30.51,0,0,1,1,0,1,1,0,0,1,0,12192.0,2,1,1,1,0,0,1,0,9.0,270.3,0,0,0,0,0,1
129500,0.0,0.0,0,0,1,0,0.346,0.0,0,0,1,0,35.17,-1.183,0,30.42,0,0,1,1,0,1,1,0,0,1,0,12192.0,2,1,1,1,0,0,1,0,7.6,274.4,0,0,0,0,0,1
129600,0.0,0.0,0,0,1,0,0.346,0.0,0,0,1,0,35.052,-1.183,0,30.36,0,0,1,1,0,1,1,0,0,1,0,12192.0,2,1,1,1,0,0,1,0,9.2,268.0,0,0,0,0,0,1
129700,0.0,0.0,0,0,1,0,0.346,0.0,0,0,1,0,34.934,-1.183,0,30.0,0,0,1,1,0,1,1,0,0,1,0,12192.0,2,1,1,1,0,0,1,0,7.7,270.0,0,0,0,0,0,1
129800,0.0,0.0,0,0,1,0,0.346,0.0,0,0,1,0,34.815,-1.183,0,30.37,0,0,1,1,0,1,1,0,0,1,0,12192.0,2,1,1,1,0,0,1,0,8.0,269.3,0,0,0,0,0,1
129900,0.0,0.0,0,0,1,0,0.346,0.0,0,0,1,0,34.697,-1.183,0,30.47,0,0,1,1,0,1,1,0,0,1,0,12192.0,2,1,1,1,0,0,1,0,8.2,272.3,0,0,0,0,0,1
130000,0.0,0.0,0,0,1,0,0.346,0.0,0,0,1,0,34.579,-1.183,0,30.26,0,0,1,1,0,1,1,0,0,1,0,12192.0,2,1,1,1,0,0,1,0,7.2,268.3,0,0,0,0,0,1
130100,0.0,0.0,0,0,1,0,0.346,0.0,0,0,1,0,34.461,-1.183,0,30.19,0,0,1,1,0,1,1,0,0,1,0,12192.0,2,1,1,1,0,0,1,0,7.9,269.0,0,0,0,0,0,1
130200,0.0,0.0,0,0,1,0,0.346,0.0,0,0,1,0,34.342,-1.183,0,30.26,0,0,1,1,0,1,1,0,0,1,0,12192.0,2,1,1,1,0,0,1,0,7.5,271.8,0,0,0,0,0,1
130300,0.0,0.0,0,0,1,0,0.346,0.0,0,0,1,0,34.224,-1.183,0,30.27,0,0,1,1,0,1,1,0,0,1,0,12192.0,2,1,1,1,0,0,1,0,8.4,269.3,0,0,0,0,0,1
130400,0.0,0.0,0,0,1,0,0.346,0.0,0,0,1,0,34.106,-1.183,0,30.28,0,0,1,1,0,1,1,0,0,1,0,12192.0,2,1,1,1,0,0,1,0,8.2,268.1,0,0,0,0,0,1
130500,0.0,0.0,0,0,1,0,0.346,0.0,0,0,1,0,33.988,-1.183,0,30.3,0,0,1,1,0,1,1,0,0,1,0,12192.0,2,1,1,1,0,0,1,0,7.4,265.9,0,0,0,0,0,1
130600,0.0,0.0,0,0,1,0,0.346,0.0,0,0,1,0,33.869,-1.183,0,30.47,0,0,1,1,0,1,1,0,0,1,0,12192.0,2,1,1,1,0,0,1,0,7.6,272.8,0,0,0,0,0,1
130700,0.0,0.0,0,0,1,0,0.346,0.0,0,0,1,0,33.751,-1.183,0,30.35,0,0,1,1,0,1,1,0,0,1,0,12192.0,2,1,1,1,0,0,1,0,7.8,270.9,0,0,0,0,0,1
130800,0.0,0.0,0,0,1,0,0.346,0.0,0,0,1,0,33.633,-1.183,0,30.41,0,0,1,1,0,1,1,0,0,1,0,12192.0,2,1,1,1,0,0,1,0,7.8,269.4,0,0,0,0,0,1
130900,0.0,0.0,0,0,1,0,0.346,0.0,0,0,1,0,33.514,-1.183,0,30.19,0,0,1,1,0,1,1,0,0,1,0,12192.0,2,1,1,1,0,0,1,0,7.7,271.2,0,0,0,0,0,1
131000,0.0,0.0,0,0,1,0,0.346,0.0,0,0,1,0,33.396,-1.183,0,30.48,0,0,1,1,0,1,1,0,0,1,0,12192.0,2,1,1,1,0,0,1,0,7.8,268.7,0,0,0,0,0,1
131100,0.0,0.0,0,0,1,0,0.346,0.0,0,0,1,0,33.278,-1.183,0,30.51,0,0,1,1,0,1,1,0,0,1,0,12192.0,2,1,1,1,0,0,1,0,8.0,272.8,0,0,0,0,0,1
131200,0.0,0.0,0,0,1,0,0.346,0.0,0,0,1,0,33.16,-1.183,0,30.34,0,0,1,1,0,1,1,0,0,1,0,12192.0,2,1,1,1,0,0,1,0,7.5,270.1,0,0,0,0,0,1
131300,0.0,0.0,0,0,1,0,0.346,0.0,0,0,1,0,33.041,-1.183,0,30.14,0,0,1,1,0,1,1,0,0,1,0,12192.0,2,1,1,1,0,0,1,0,7.9,275.2,0,0,0,0,0,1
131400,0.0,0.0,0,0,1,0,0.346,0.0,0,0,1,0,32.923,-1.183,0,30.52,0,0,1,1,0,1,1,0,0,1,0,12192.0,2,1,1,1,0,0,1,0,7.3,271.0,0,0,0,0,0,1
131500,0.0,0.0,0,0,1,0,0.346,0.0,0,0,1,0,32.805,-1.183,0,30.28,0,0,1,1,0,1,1,0,0,1,0,12192.0,2,1,1,1,0,0,1,0,7.9,268.6,0,0,0,0,0,1
131600,0.0,0.0,0,0,1,0,0.346,0.0,0,0,1,0,32.687,-1.183,0,30.19,0,0,1,1,0,1,1,0,0,1,0,12192.0,2,1,1,1,0,0,1,0,7.2,274.1,0,0,0,0,0,1
131700,0.0,0.0,0,0,1,0,0.346,0.0,0,0,1,0,32.568,-1.183,0,30.29,0,0,1,1,0,1,1,0,0,1,0,12192.0,2,1,1,1,0,0,1,0,7.4,275.3,0,0,0,0,0,1
131800,0.0,0.0,0,0,1,0,0.346,0.0,0,0,1,0,32.45,-1.183,0,30.2,0,0,1,1,0,1,1,0,0,1,0,12192.0,2,1,1,1,0,0,1,0,6.8,272.9,0,0,0,0,0,1
131900,0.0,0.0,0,0,1,0,0.346,0.0,0,0,1,0,32.332,-1.183,0,30.41,0,0,1,1,0,1,1,0,0,1,0,12192.0,2,1,1,1,0,0,1,0,7.1,271.2,0,0,0,0,0,1
132000,0.0,0.0,0,0,1,0,0.346,0.0,0,0,1,0,32.213,-1.183,0,30.5,0,0,1,1,0,1,1,0,0,1,0,12192.0,2,1,1,1,0,0,1,0,7.0,272.3,0,0,0,0,0,1
132100,0.0,0.0,0,0,1,0,0.346,0.0,0,0,1,0,32.095,-1.183,0,30.3,0,0,1,1,0,1,1,0,0,1,0,12192.0,2,1,1,1,0,0,1,0,7.3,274.6,0,0,0,0,0,1
132200,0.0,0.0,0,0,1,0,0.346,0.0,0,0,1,0,31.977,-1.183,0,30.57,0,0,1,1,0,1,1,0,0,1,0,12192.0,2,1,1,1,0,0,1,0,7.5,267.9,0,0,0,0,0,1
132300,0.0,0.0,0,0,1,0,0.346,0.0,0,0,1,0,31.859,-1.183,0,30.35,0,0,1,1,0,1,1,0,0,1,0,12192.0,2,1,1,1,0,0,1,0,7.7,268.5,0,0,0,0,0,1
132400,0.0,0.0,0,0,1,0,0.346,0.0,0,0,1,0,31.74,-1.183,0,30.46,0,0,1,1,0,1,1,0,0,1,0,12192.0,2,1,1,1,0,0,1,0,7.6,271.2,0,0,0,0,0,1
132500,0.0,0.0,0,0,1,0,0.346,0.0,0,0,1,0,31.622,-1.183,0,30.28,0,0,1,1,0,1,1,0,0,1,0,12192.0,2,1,1,1,0,0,1,0,8.1,270.5,0,0,0,0,0,1
132600,0.0,0.0,0,0,1,0,0.346,0.0,0,0,1,0,31.504,-1.183,0,30.28,0,0,1,1,0,1,1,0,0,1,0,12192.0,2,1,1,1,0,0,1,0,7.8,274.8,0,0,0,0,0,1
132700,0.0,0.0,0,0,1,0,0.346,0.0,0,0,1,0,31.386,-1.183,0,30.23,0,0,1,1,0,1,1,0,0,1,0,12192.0,2,1,1,1,0,0,1,0,8.0,270.2,0,0,0,0,0,1
132800,0.0,0.0,0,0,1,0,0.346,0.0,0,0,1,0,31.267,-1.183,0,30.13,0,0,1,1,0,1,1,0,0,1,0,12192.0,2,1,1,1,0,0,1,0,7.1,270.1,0,0,0,0,0,1
132900,0.0,0.0,0,0,1,0,0.346,0.0,0,0,1,0,31.149,-1.183,0,30.4,0,0,1,1,0,1,1,0,0,1,0,12192.0,2,1,1,1,0,0,1,0,7.4,265.3,0,0,0,0,0,1
133000,0.0,0.0,0,0,1,0,0.346,0.0,0,0,1,0,31.031,-1.183,0,30.43,0,0,1,1,0,1,1,0,0,1,0,12192.0,2,1,1,1,0,0,1,0,8.2,272.0,0,0,0,0,0,1
133100,0.0,0.0,0,0,1,0,0.346,0.0,0,0,1,0,30.912,-1.183,0,30.33,0,0,1,1,0,1,1,0,0,1,0,12192.0,2,1,1,1,0,0,1,0,7.6,275.8,0,0,0,0,0,1
133200,0.0,0.0,0,0,1,0,0.346,0.0,0,0,1,0,30.794,-1.183,0,30.34,0,0,1,1,0,1,1,0,0,1,0,12192.0,2,1,1,1,0,0,1,0,7.6,270.0,0,0,0,0,0,1
133300,0.0,0.0,0,0,1,0,0.346,0.0,0,0,1,0,30.676,-1.183,0,30.27,0,0,1,1,0,1,1,0,0,1,0,12192.0,2,1,1,1,0,0,1,0,7.8,269.3,0,0,0,0,0,1
133400,0.0,0.0,0,0,1,0,0.346,0.0,0,0,1,0,30.558,-1.183,0,30.38,0,0,1,1,0,1,1,0,0,1,0,12192.0,2,1,1,1,0,0,1,0,8.0,266.4,0,0,0,0,0,1
133500,0.0,0.0,0,0,1,0,0.346,0.0,0,0,1,0,30.439,-1.183,0,30.27,0,0,1,1,0,1,1,0,0,1,0,12192.0,2,1,1,1,0,0,1,0,8.2,271.7,0,0,0,0,0,1
133600,0.0,0.0,0,0,1,0,0.346,0.0,0,0,1,0,30.321,-1.183,0,30.5,0,0,1,1,0,1,1,0,0,1,0,12192.0,2,1,1,1,0,0,1,0,8.4,268.2,0,0,0,0,0,1
133700,0.0,0.0,0,0,1,0,0.346,0.0,0,0,1,0,30.203,-1.183,0,30.36,0,0,1,1,0,1,1,0,0,1,0,12192.0,2,1,1,1,0,0,1,0,7.9,270.7,0,0,0,0,0,1
133800,0.0,0.0,0,0,1,0,0.346,0.0,0,0,1,0,30.085,-1.183,0,30.39,0,0,1,1,0,1,1,0,0,1,0,12192.0,2,1,1,1,0,0,1,0,7.1,271.9,0,0,0,0,0,1
133900,0.0,0.0,0,0,1,0,0.346,0.0,0,0,1,0,29.966,-1.183,0,30.36,0,0,1,1,0,1,1,0,0,1,0,12192.0,2,1,1,1,0,0,1,0,7.5,269.1,0,0,0,0,0,1
134000,0.0,0.0,0,0,1,0,0.346,0.0,0,0,1,0,29.848,-1.183,0,30.52,0,0,1,1,0,1,1,0,0,1,0,12192.0,2,1,1,1,0,0,1,0,8.4,272.4,0,0,0,0,0,1
134100,0.0,0.0,0,0,1,0,0.346,0.0,0,0,1,0,29.73,-1.183,0,30.34,0,0,1,1,0,1,1,0,0,1,0,12192.0,2,1,1,1,0,0,1,0,8.5,271.8,0,0,0,0,0,1
134200,0.0,0.0,0,0,1,0,0.346,0.0,0,0,1,0,29.611,-1.183,0,30.29,0,0,1,1,0,1,1,0,0,1,0,12192.0,2,1,1,1,0,0,1,0,7.4,268.2,0,0,0,0,0,1
134300,0.0,0.0,0,0,1,0,0.346,0.0,0,0,1,0,29.493,-1.183,0,30.36,0,0,1,1,0,1,1,0,0,1,0,12192.0,2,1,1,1,0,0,1,0,7.9,270.1,0,0,0,0,0,1
134400,0.0,0.0,0,0,1,0,0.346,0.0,0,0,1,0,29.375,-1.183,0,30.46,0,0,1,1,0,1,1,0,0,1,0,12192.0,2,1,1,1,0,0,1,0,7.8,268.7,0,0,0,0,0,1
134500,0.0,0.0,0,0,1,0,0.346,0.0,0,0,1,0,29.257,-1.183,0,30.48,0,0,1,1,0,1,1,0,0,1,0,12192.0,2,1,1,1,0,0,1,0,7.9,272.9,0,0,0,0,0,1
134600,0.0,0.0,0,0,1,0,0.346,0.0,0,0,1,0,29.138,-1.183,0,30.36,0,0,1,1,0,1,1,0,0,1,0,12192.0,2,1,1,1,0,0,1,0,7.6,271.1,0,0,0,0,0,1
134700,0.0,0.0,0,0,1,0,0.346,0.0,0,0,1,0,29.02,-1.183,0,30.4,0,0,1,1,0,1,1,0,0,1,0,12192.0,2,1,1,1,0,0,1,0,7.7,268.2,0,0,0,0,0,1
134800,0.0,0.0,0,0,1,0,0.346,0.0,0,0,1,0,28.902,-1.183,0,30.35,0,0,1,1,0,1,1,0,0,1,0,12192.0,2,1,1,1,0,0,1,0,7.7,270.2,0,0,0,0,0,1
134900,0.0,0.0,0,0,1,0,0.346,0.0,0,0,1,0,28.784,-1.183,0,30.48,0,0,1,1,0,1,1,0,0,1,0,12192.0,2,1,1,1,0,0,1,0,8.4,267.8,0,0,0,0,0,1
135000,0.0,0.0,0,0,1,0,0.346,0.0,0,0,1,0,28.665,-1.183,0,30.21,0,0,1,1,0,1,1,0,0,1,0,12192.0,2,1,1,1,0,0,1,0,8.7,264.7,0,0,0,0,0,1
135100,0.0,0.0,0,0,1,0,0.346,0.0,0,0,1,0,28.547,-1.183,0,30.15,0,0,1,1,0,1,1,0,0,1,0,12192.0,2,1,1,1,0,0,1,0,7.5,272.8,0,0,0,0,0,1
135200,0.0,0.0,0,0,1,0,0.346,0.0,0,0,1,0,28.429,-1.183,0,30.33,0,0,1,1,0,1,1,0,0,1,0,12192.0,2,1,1,1,0,0,1,0,7.6,268.3,0,0,0,0,0,1
135300,0.0,0.0,0,0,1,0,0.346,0.0,0,0,1,0,28.31,-1.183,0,30.42,0,0,1,1,0,1,1,0,0,1,0,12192.0,2,1,1,1,0,0,1,0,8.0,268.7,0,0,0,0,0,1
135400,0.0,0.0,0,0,1,0,0.346,0.0,0,0,1,0,28.192,-1.183,0,30.29,0,0,1,1,0,1,1,0,0,1,0,12192.0,2,1,1,1,0,0,1,0,8.4,270.3,0,0,0,0,0,1
135500,0.0,0.0,0,0,1,0,0.346,0.0,0,0,1,0,28.074,-1.183,0,30.51,0,0,1,1,0,1,1,0,0,1,0,12192.0,2,1,1,1,0,0,1,0,8.8,267.1,0,0,0,0,0,1
135600,0.0,0.0,0,0,1,0,0.346,0.0,0,0,1,0,27.956,-1.183,0,30.53,0,0,1,1,0,1,1,0,0,1,0,12192.0,2,1,1,1,0,0,1,0,8.2,269.9,0,0,0,0,0,1
135700,0.0,0.0,0,0,1,0,0.346,0.0,0,0,1,0,27.837,-1.183,0,30.34,0,0,1,1,0,1,1,0,0,1,0,12192.0,2,1,1,1,0,0,1,0,8.9,266.4,0,0,0,0,0,1
135800,0.0,0.0,0,0,1,0,0.346,0.0,0,0,1,0,27.719,-1.183,0,30.11,0,0,1,1,0,1,1,0,0,1,0,12192.0,2,1,1,1,0,0,1,0,7.7,270.2,0,0,0,0,0,1
135900,0.0,0.0,0,0,1,0,0.346,0.0,0,0,1,0,27.601,-1.183,0,30.41,0,0,1,1,0,1,1,0,0,1,0,12192.0,2,1,1,1,0,0,1,0,8.7,268.6,0,0,0,0,0,1
136000,0.0,0.0,0,0,1,0,0.346,0.0,0,0,1,0,27.483,-1.183,0,30.19,0,0,1,1,0,1,1,0,0,1,0,12192.0,2,1,1,1,0,0,1,0,8.8,272.7,0,0,0,0,0,1
136100,0.0,0.0,0,0,1,0,0.346,0.0,0,0,1,0,27.364,-1.183,0,30.28,0,0,1,1,0,1,1,0,0,1,0,12192.0,2,1,1,1,0,0,1,0,8.9,269.4,0,0,0,0,0,1
136200,0.0,0.0,0,0,1,0,0.346,0.0,0,0,1,0,27.246,-1.183,0,30.36,0,0,1,1,0,1,1,0,0,1,0,12192.0,2,1,1,1,0,0,1,0,8.4,269.2,0,0,0,0,0,1
136300,0.0,0.0,0,0,1,0,0.346,0.0,0,0,1,0,27.128,-1.183,0,30.39,0,0,1,1,0,1,1,0,0,1,0,12192.0,2,1,1,1,0,0,1,0,9.1,268.4,0,0,0,0,0,1
136400,0.0,0.0,0,0,1,0,0.346,0.0,0,0,1,0,27.009,-1.183,0,30.4,0,0,1,1,0,1,1,0,0,1,0,12192.0,2,1,1,1,0,0,1,0,8.4,268.4,0,0,0,0,0,1
136500,0.0,0.0,0,0,1,0,0.346,0.0,0,0,1,0,26.891,-1.183,0,30.25,0,0,1,1,0,1,1,0,0,1,0,12192.0,2,1,1,1,0,0,1,0,8.7,269.9,0,0,0,0,0,1
136600,0.0,0.0,0,0,1,0,0.346,0.0,0,0,1,0,26.773,-1.183,0,30.41,0,0,1,1,0,1,1,0,0,1,0,12192.0,2,1,1,1,0,0,1,0,9.8,270.0,0,0,0,0,0,1
136700,0.0,0.0,0,0,1,0,0.346,0.0,0,0,1,0,26.655,-1.183,0,30.15,0,0,1,1,0,1,1,0,0,1,0,12192.0,2,1,1,1,0,0,1,0,8.1,272.1,0,0,0,0,0,1
136800,0.0,0.0,0,0,1,0,0.346,0.0,0,0,1,0,26.536,-1.183,0,30.44,0,0,1,1,0,1,1,0,0,1,0,12192.0,2,1,1,1,0,0,1,0,8.7,266.1,0,0,0,0,0,1
136900,0.0,0.0,0,0,1,0,0.346,0.0,0,0,1,0,26.418,-1.183,0,30.14,0,0,1,1,0,1,1,0,0,1,0,12192.0,2,1,1,1,0,0,1,0,7.7,270.2,0,0,0,0,0,1
137000,0.0,0.0,0,0,1,0,0.346,0.0,0,0,1,0,26.3,-1.183,0,29.93,0,0,1,1,0,1,1,0,0,1,0,12192.0,2,1,1,1,0,0,1,0,8.7,271.1,0,0,0,0,0,1
137100,0.0,0.0,0,0,1,0,0.346,0.0,0,0,1,0,26.181,-1.183,0,30.5,0,0,1,1,0,1,1,0,0,1,0,12192.0,2,1,1,1,0,0,1,0,8.7,270.0,0,0,0,0,0,1
137200,0.0,0.0,0,0,1,0,0.346,0.0,0,0,1,0,26.063,-1.183,0,30.2,0,0,1,1,0,1,1,0,0,1,0,12192.0,2,1,1,1,0,0,1,0,8.3,272.2,0,0,0,0,0,1
137300,0.0,0.0,0,0,1,0,0.346,0.0,0,0,1,0,25.945,-1.183,0,30.08,0,0,1,1,0,1,1,0,0,1,0,12192.0,2,1,1,1,0,0,1,0,7.8,265.1,0,0,0,0,0,1
137400,0.0,0.0,0,0,1,0,0.346,0.0,0,0,1,0,25.827,-1.183,0,30.27,0,0,1,1,0,1,1,0,0,1,0,12192.0,2,1,1,1,0,0,1,0,7.7,266.0,0,0,0,0,0,1
137500,0.0,0.0,0,0,1,0,0.346,0.0,0,0,1,0,25.708,-1.183,0,30.41,0,0,1,1,0,1,1,0,0,1,0,12192.0,2,1,1,1,0,0,1,0,7.7,270.4,0,0,0,0,0,1
137600,0.0,0.0,0,0,1,0,0.346,0.0,0,0,1,0,25.59,-1.183,0,30.5,0,0,1,1,0,1,1,0,0,1,0,12192.0,2,1,1,1,0,0,1,0,8.0,269.1,0,0,0,0,0,1
137700,0.0,0.0,0,0,1,0,0.346,0.0,0,0,1,0,25.472,-1.183,0,30.3,0,0,1,1,0,1,1,0,0,1,0,12192.0,2,1,1,1,0,0,1,0,8.4,271.5,0,0,0,0,0,1
137800,0.0,0.0,0,0,1,0,0.346,0.0,0,0,1,0,25.354,-1.183,0,30.52,0,0,1,1,0,1,1,0,0,1,0,12192.0,2,1,1,1,0,0,1,0,8.4,266.9,0,0,0,0,0,1
137900,0.0,0.0,0,0,1,0,0.346,0.0,0,0,1,0,25.235,-1.183,0,30.43,0,0,1,1,0,1,1,0,0,1,0,12192.0,2,1,1,1,0,0,1,0,8.0,265.2,0,0,0,0,0,1
138000,0.0,0.0,0,0,1,0,0.346,0.0,0,0,1,0,25.117,-1.183,0,30.39,0,0,1,1,0,1,1,0,0,1,0,12192.0,2,1,1,1,0,0,1,0,8.0,268.2,0,0,0,0,0,1
138100,0.0,0.0,0,0,1,0,0.346,0.0,0,0,1,0,24.999,-1.183,0,30.34,0,0,1,1,0,1,1,0,0,1,0,12192.0,2,1,1,1,0,0,1,0,8.3,269.3,0,0,0,0,0,1
138200,0.0,0.0,0,0,1,0,0.346,0.0,0,0,1,0,24.88,-1.183,0,30.33,0,0,1,1,0,1,1,0,0,1,0,12192.0,2,1,1,1,0,0,1,0,8.2,269.8,0,0,0,0,0,1
138300,0.0,0.0,0,0,1,0,0.346,0.0,0,0,1,0,24.762,-1.183,0,30.43,0,0,1,1,0,1,1,0,0,1,0,12192.0,2,1,1,1,0,0,1,0,7.8,270.3,0,0,0,0,0,1
138400,0.0,0.0,0,0,1,0,0.346,0.0,0,0,1,0,24.644,-1.183,0,30.19,0,0,1,1,0,1,1,0,0,1,0,12192.0,2,1,1,1,0,0,1,0,8.3,268.2,0,0,0,0,0,1
138500,0.0,0.0,0,0,1,0,0.346,0.0,0,0,1,0,24.526,-1.183,0,30.34,0,0,1,1,0,1,1,0,0,1,0,12192.0,2,1,1,1,0,0,1,0,8.5,267.3,0,0,0,0,0,1
138600,0.0,0.0,0,0,1,0,0.346,0.0,0,0,1,0,24.407,-1.183,0,30.13,0,0,1,1,0,1,1,0,0,1,0,12192.0,2,1,1,1,0,0,1,0,8.9,271.3,0,0,0,0,0,1
138700,0.0,0.0,0,0,1,0,0.346,0.0,0,0,1,0,24.289,-1.183,0,30.26,0,0,1,1,0,1,1,0,0,1,0,12192.0,2,1,1,1,0,0,1,0,8.2,271.6,0,0,0,0,0,1
138800,0.0,0.0,0,0,1,0,0.346,0.0,0,0,1,0,24.171,-1.183,0,30.37,0,0,1,1,0,1,1,0,0,1,0,12192.0,2,1,1,1,0,0,1,0,7.5,268.1,0,0,0,0,0,1
138900,0.0,0.0,0,0,1,0,0.346,0.0,0,0,1,0,24.053,-1.183,0,30.62,0,0,1,1,0,1,1,0,0,1,0,12192.0,2,1,1,1,0,0,1,0,7.8,268.9,0,0,0,0,0,1
139000,0.0,0.0,0,0,1,0,0.346,0.0,0,0,1,0,23.934,-1.183,0,30.17,0,0,1,1,0,1,1,0,0,1,0,12192.0,2,1,1,1,0,0,1,0,8.5,267.9,0,0,0,0,0,1
139100,0.0,0.0,0,0,1,0,0.346,0.0,0,0,1,0,23.816,-1.183,0,30.3,0,0,1,1,0,1,1,0,0,1,0,12192.0,2,1,1,1,0,0,1,0,8.0,266.9,0,0,0,0,0,1
139200,0.0,0.0,0,0,1,0,0.346,0.0,0,0,1,0,23.698,-1.183,0,30.39,0,0,1,1,0,1,1,0,0,1,0,12192.0,2,1,1,1,0,0,1,0,7.5,273.4,0,0,0,0,0,1
139300,0.0,0.0,0,0,1,0,0.346,0.0,0,0,1,0,23.579,-1.183,0,30.26,0,0,1,1,0,1,1,0,0,1,0,12192.0,2,1,1,1,0,0,1,0,7.4,271.7,0,0,0,0,0,1
139400,0.0,0.0,0,0,1,0,0.346,0.0,0,0,1,0,23.461,-1.183,0,30.34,0,0,1,1,0,1,1,0,0,1,0,12192.0,2,1,1,1,0,0,1,0,7.9,272.7,0,0,0,0,0,1
139500,0.0,0.0,0,0,1,0,0.346,0.0,0,0,1,0,23.343,-1.183,0,30.12,0,0,1,1,0,1,1,0,0,1,0,12192.0,2,1,1,1,0,0,1,0,7.7,268.2,0,0,0,0,0,1
139600,0.0,0.0,0,0,1,0,0.346,0.0,0,0,1,0,23.225,-1.183,0,30.42,0,0,1,1,0,1,1,0,0,1,0,12192.0,2,1,1,1,0,0,1,0,7.8,269.5,0,0,0,0,0,1
139700,0.0,0.0,0,0,1,0,0.346,0.0,0,0,1,0,23.106,-1.183,0,30.41,0,0,1,1,0,1,1,0,0,1,0,12192.0,2,1,1,1,0,0,1,0,8.6,268.3,0,0,0,0,0,1
139800,0.0,0.0,0,0,1,0,0.346,0.0,0,0,1,0,22.988,-1.183,0,30.39,0,0,1,1,0,1,1,0,0,1,0,12192.0,2,1,1,1,0,0,1,0,8.2,271.6,0,0,0,0,0,1
139900,0.0,0.0,0,0,1,0,0.346,0.0,0,0,1,0,22.87,-1.183,0,30.42,0,0,1,1,0,1,1,0,0,1,0,12192.0,2,1,1,1,0,0,1,0,7.7,268.8,0,0,0,0,0,1
140000,0.0,0.0,0,0,1,0,0.346,0.0,0,0,1,0,22.752,-1.183,0,30.26,0,0,1,1,0,1,1,0,0,1,0,12192.0,2,1,1,1,0,0,1,0,7.8,267.5,0,0,0,0,0,1
140100,0.0,0.0,0,0,1,0,0.346,0.0,0,0,1,0,22.633,-1.183,0,30.33,0,0,1,1,0,1,1,0,0,1,0,12192.0,2,1,1,1,0,0,1,0,8.0,270.4,0,0,0,0,0,1
140200,0.0,0.0,0,0,1,0,0.346,0.0,0,0,1,0,22.515,-1.183,0,30.27,0,0,1,1,0,1,1,0,0,1,0,12192.0,2,1,1,1,0,0,1,0,7.4,268.7,0,0,0,0,0,1
140300,0.0,0.0,0,0,1,0,0.346,0.0,0,0,1,0,22.397,-1.183,0,30.33,0,0,1,1,0,1,1,0,0,1,0,12192.0,2,1,1,1,0,0,1,0,6.6,268.7,0,0,0,0,0,1
140400,0.0,0.0,0,0,1,0,0.346,0.0,0,0,1,0,22.278,-1.183,0,30.39,0,0,1,1,0,1,1,0,0,1,0,12192.0,2,1,1,1,0,0,1,0,8.1,267.1,0,0,0,0,0,1
140500,0.0,0.0,0,0,1,0,0.346,0.0,0,0,1,0,22.16,-1.183,0,30.41,0,0,1,1,0,1,1,0,0,1,0,12192.0,2,1,1,1,0,0,1,0,7.6,275.4,0,0,0,0,0,1
140600,0.0,0.0,0,0,1,0,0.346,0.0,0,0,1,0,22.042,-1.183,0,30.29,0,0,1,1,0,1,1,0,0,1,0,12192.0,2,1,1,1,0,0,1,0,7.1,271.5,0,0,0,0,0,1
140700,0.0,0.0,0,0,1,0,0.346,0.0,0,0,1,0,21.924,-1.183,0,30.29,0,0,1,1,0,1,1,0,0,1,0,12192.0,2,1,1,1,0,0,1,0,8.2,267.6,0,0,0,0,0,1
140800,0.0,0.0,0,0,1,0,0.346,0.0,0,0,1,0,21.805,-1.183,0,30.33,0,0,1,1,0,1,1,0,0,1,0,12192.0,2,1,1,1,0,0,1,0,7.2,273.8,0,0,0,0,0,1
140900,0.0,0.0,0,0,1,0,0.346,0.0,0,0,1,0,21.687,-1.183,0,30.17,0,0,1,1,0,1,1,0,0,1,0,12192.0,2,1,1,1,0,0,1,0,7.9,268.4,0,0,0,0,0,1
141000,0.0,0.0,0,0,1,0,0.346,0.0,0,0,1,0,21.569,-1.183,0,30.32,0,0,1,1,0,1,1,0,0,1,0,12192.0,2,1,1,1,0,0,1,0,8.2,271.3,0,0,0,0,0,1
141100,0.0,0.0,0,0,1,0,0.346,0.0,0,0,1,0,21.451,-1.183,0,30.34,0,0,1,1,0,1,1,0,0,1,0,12192.0,2,1,1,1,0,0,1,0,8.1,272.8,0,0,0,0,0,1
141200,0.0,0.0,0,0,1,0,0.346,0.0,0,0,1,0,21.332,-1.183,0,30.12,0,0,1,1,0,1,1,0,0,1,0,12192.0,2,1,1,1,0,0,1,0,6.8,269.2,0,0,0,0,0,1
141300,0.0,0.0,0,0,1,0,0.346,0.0,0,0,1,0,21.214,-1.183,0,30.3,0,0,1,1,0,1,1,0,0,1,0,12192.0,2,1,1,1,0,0,1,0,7.6,271.2,0,0,0,0,0,1
141400,0.0,0.0,0,0,1,0,0.346,0.0,0,0,1,0,21.096,-1.183,0,30.36,0,0,1,1,0,1,1,0,0,1,0,12192.0,2,1,1,1,0,0,1,0,6.7,270.0,0,0,0,0,0,1
141500,0.0,0.0,0,0,1,0,0.346,0.0,0,0,1,0,20.977,-1.183,0,30.26,0,0,1,1,0,1,1,0,0,1,0,12192.0,2,1,1,1,0,0,1,0,6.5,270.6,0,0,0,0,0,1
141600,0.0,0.0,0,0,1,0,0.346,0.0,0,0,1,0,20.859,-1.183,0,30.55,0,0,1,1,0,1,1,0,0,1,0,12192.0,2,1,1,1,0,0,1,0,7.9,271.1,0,0,0,0,0,1
141700,0.0,0.0,0,0,1,0,0.346,0.0,0,0,1,0,20.741,-1.183,0,30.3,0,0,1,1,0,1,1,0,0,1,0,12192.0,2,1,1,1,0,0,1,0,7.8,269.9,0,0,0,0,0,1
141800,0.0,0.0,0,0,1,0,0.346,0.0,0,0,1,0,20.623,-1.183,0,30.29,0,0,1,1,0,1,1,0,0,1,0,12192.0,2,1,1,1,0,0,1,0,7.0,268.9,0,0,0,0,0,1
141900,0.0,0.0,0,0,1,0,0.346,0.0,0,0,1,0,20.504,-1.183,0,30.12,0,0,1,1,0,1,1,0,0,1,0,12192.0,2,1,1,1,0,0,1,0,7.5,269.7,0,0,0,0,0,1
142000,0.0,0.0,0,0,1,0,0.346,0.0,0,0,1,0,20.386,-1.183,0,30.36,0,0,1,1,0,1,1,0,0,1,0,12192.0,2,1,1,1,0,0,1,0,7.8,269.7,0,0,0,0,0,1
142100,0.0,0.0,0,0,1,0,0.346,0.0,0,0,1,0,20.268,-1.183,0,30.44,0,0,1,1,0,1,1,0,0,1,0,12192.0,2,1,1,1,0,0,1,0,7.4,272.0,0,0,0,0,0,1
142200,0.0,0.0,0,0,1,0,0.346,0.0,0,0,1,0,20.15,-1.183,0,30.33,0,0,1,1,0,1,1,0,0,1,0,12192.0,2,1,1,1,0,0,1,0,8.1,269.1,0,0,0,0,0,1
142300,0.0,0.0,0,0,1,0,0.346,0.0,0,0,1,0,20.031,-1.183,0,30.32,0,0,1,1,0,1,1,0,0,1,0,12192.0,2,1,1,1,0,0,1,0,7.2,273.6,0,0,0,0,0,1
142400,0.0,0.0,0,0,1,0,0.346,0.0,0,0,1,0,19.913,-1.183,0,30.22,0,0,1,1,0,1,1,0,0,1,0,12192.0,2,1,1,1,0,0,1,0,7.3,271.7,0,0,0,0,0,1
142500,0.0,0.0,0,0,1,0,0.346,0.0,0,0,1,0,19.795,-1.183,0,30.32,0,0,1,1,0,1,1,0,0,1,0,12192.0,2,1,1,1,0,0,1,0,7.3,272.6,0,0,0,0,0,1
142600,0.0,0.0,0,0,1,0,0.346,0.0,0,0,1,0,19.676,-1.183,0,30.22,0,0,1,1,0,1,1,0,0,1,0,12192.0,2,1,1,1,0,0,1,0,8.8,270.0,0,0,0,0,0,1
142700,0.0,0.0,0,0,1,0,0.346,0.0,0,0,1,0,19.558,-1.183,0,30.2,0,0,1,1,0,1,1,0,0,1,0,12192.0,2,1,1,1,0,0,1,0,6.6,272.3,0,0,0,0,0,1
142800,0.0,0.0,0,0,1,0,0.346,0.0,0,0,1,0,19.44,-1.183,0,30.28,0,0,1,1,0,1,1,0,0,1,0,12192.0,2,1,1,1,0,0,1,0,7.5,268.0,0,0,0,0,0,1
142900,0.0,0.0,0,0,1,0,0.346,0.0,0,0,1,0,19.322,-1.183,0,30.33,0,0,1,1,0,1,1,0,0,1,0,12192.0,2,1,1,1,0,0,1,0,8.0,269.6,0,0,0,0,0,1
143000,0.0,0.0,0,0,1,0,0.346,0.0,0,0,1,0,19.203,-1.183,0,30.3,0,0,1,1,0,1,1,0,0,1,0,12192.0,2,1,1,1,0,0,1,0,7.6,267.4,0,0,0,0,0,1
143100,0.0,0.0,0,0,1,0,0.346,0.0,0,0,1,0,19.085,-1.183,0,30.29,0,0,1,1,0,1,1,0,0,1,0,12192.0,2,1,1,1,0,0,1,0,8.3,269.7,0,0,0,0,0,1
143200,0.0,0.0,0,0,1,0,0.346,0.0,0,0,1,0,18.967,-1.183,0,30.41,0,0,1,1,0,1,1,0,0,1,0,12192.0,2,1,1,1,0,0,1,0,7.5,269.5,0,0,0,0,0,1
143300,0.0,0.0,0,0,1,0,0.346,0.0,0,0,1,0,18.849,-1.183,0,30.44,0,0,1,1,0,1,1,0,0,1,0,12192.0,2,1,1,1,0,0,1,0,7.9,271.9,0,0,0,0,0,1
143400,0.0,0.0,0,0,1,0,0.346,0.0,0,0,1,0,18.73,-1.183,0,30.4,0,0,1,1,0,1,1,0,0,1,0,12192.0,2,1,1,1,0,0,1,0,7.4,270.8,0,0,0,0,0,1
143500,0.0,0.0,0,0,1,0,0.346,0.0,0,0,1,0,18.612,-1.183,0,30.15,0,0,1,1,0,1,1,0,0,1,0,12192.0,2,1,1,1,0,0,1,0,8.8,268.5,0,0,0,0,0,1
143600,0.0,0.0,0,0,1,0,0.346,0.0,0,0,1,0,18.494,-1.183,0,30.41,0,0,1,1,0,1,1,0,0,1,0,12192.0,2,1,1,1,0,0,1,0,7.0,272.1,0,0,0,0,0,1
143700,0.0,0.0,0,0,1,0,0.346,0.0,0,0,1,0,18.375,-1.183,0,30.43,0,0,1,1,0,1,1,0,0,1,0,12192.0,2,1,1,1,0,0,1,0,8.7,269.3,0,0,0,0,0,1
143800,0.0,0.0,0,0,1,0,0.346,0.0,0,0,1,0,18.257,-1.183,0,30.3,0,0,1,1,0,1,1,0,0,1,0,12192.0,2,1,1,1,0,0,1,0,8.5,267.6,0,0,0,0,0,1
143900,0.0,0.0,0,0,1,0,0.346,0.0,0,0,1,0,18.139,-1.183,0,30.27,0,0,1,1,0,1,1,0,0,1,0,12192.0,2,1,1,1,0,0,1,0,8.3,272.9,0,0,0,0,0,1
144000,0.0,0.0,0,0,1,0,0.346,0.0,0,0,1,0,18.021,-1.183,0,30.38,0,0,1,1,0,1,1,0,0,1,0,12192.0,2,1,1,1,0,0,1,0,7.9,269.2,0,0,0,0,0,1
144100,0.0,0.0,0,0,1,0,0.346,0.0,0,0,1,0,17.902,-1.183,0,30.14,0,0,1,1,0,1,1,0,0,1,0,12192.0,2,1,1,1,0,0,1,0,9.2,269.1,0,0,0,0,0,1
144200,0.0,0.0,0,0,1,0,0.346,0.0,0,0,1,0,17.784,-1.183,0,30.28,0,0,1,1,0,1,1,0,0,1,0,12192.0,2,1,1,1,0,0,1,0,8.1,274.6,0,0,0,0,0,1
144300,0.0,0.0,0,0,1,0,0.346,0.0,0,0,1,0,17.666,-1.183,0,30.39,0,0,1,1,0,1,1,0,0,1,0,12192.0,2,1,1,1,0,0,1,0,7.6,269.9,0,0,0,0,0,1
144400,0.0,0.0,0,0,1,0,0.346,0.0,0,0,1,0,17.547,-1.183,0,30.3,0,0,1,1,0,1,1,0,0,1,0,12192.0,2,1,1,1,0,0,1,0,8.3,267.9,0,0,0,0,0,1
144500,0.0,0.0,0,0,1,0,0.346,0.0,0,0,1,0,17.429,-1.183,0,30.42,0,0,1,1,0,1,1,0,0,1,0,12192.0,2,1,1,1,0,0,1,0,8.0,268.8,0,0,0,0,0,1
144600,0.0,0.0,0,0,1,0,0.346,0.0,0,0,1,0,17.311,-1.183,0,30.57,0,0,1,1,0,1,1,0,0,1,0,12192.0,2,1,1,1,0,0,1,0,8.8,269.9,0,0,0,0,0,1
144700,0.0,0.0,0,0,1,0,0.346,0.0,0,0,1,0,17.193,-1.183,0,30.45,0,0,1,1,0,1,1,0,0,1,0,12192.0,2,1,1,1,0,0,1,0,8.5,270.1,0,0,0,0,0,1
144800,0.0,0.0,0,0,1,0,0.346,0.0,0,0,1,0,17.074,-1.183,0,30.24,0,0,1,1,0,1,1,0,0,1,0,12192.0,2,1,1,1,0,0,1,0,8.4,265.6,0,0,0,0,0,1
144900,0.0,0.0,0,0,1,0,0.346,0.0,0,0,1,0,16.956,-1.183,0,30.47,0,0,1,1,0,1,1,0,0,1,0,12192.0,2,1,1,1,0,0,1,0,8.7,269.0,0,0,0,0,0,1
145000,0.0,0.0,0,0,1,0,0.346,0.0,0,0,1,0,16.838,-1.183,0,30.12,0,0,1,1,0,1,1,0,0,1,0,12192.0,2,1,1,1,0,0,1,0,8.1,271.8,0,0,0,0,0,1
145100,0.0,0.0,0,0,1,0,0.346,0.0,0,0,1,0,16.72,-1.183,0,30.38,0,0,1,1,0,1,1,0,0,1,0,12192.0,2,1,1,1,0,0,1,0,9.0,269.1,0,0,0,0,0,1
145200,0.0,0.0,0,0,1,0,0.346,0.0,0,0,1,0,16.601,-1.183,0,30.48,0,0,1,1,0,1,1,0,0,1,0,12192.0,2,1,1,1,0,0,1,0,9.2,273.2,0,0,0,0,0,1
145300,0.0,0.0,0,0,1,0,0.346,0.0,0,0,1,0,16.483,-1.183,0,30.22,0,0,1,1,0,1,1,0,0,1,0,12192.0,2,1,1,1,0,0,1,0,9.0,271.7,0,0,0,0,0,1
145400,0.0,0.0,0,0,1,0,0.346,0.0,0,0,1,0,16.365,-1.183,0,30.41,0,0,1,1,0,1,1,0,0,1,0,12192.0,2,1,1,1,0,0,1,0,8.4,268.4,0,0,0,0,0,1
145500,0.0,0.0,0,0,1,0,0.346,0.0,0,0,1,0,16.246,-1.183,0,30.47,0,0,1,1,0,1,1,0,0,1,0,12192.0,2,1,1,1,0,0,1,0,8.4,271.8,0,0,0,0,0,1
145600,0.0,0.0,0,0,1,0,0.346,0.0,0,0,1,0,16.128,-1.183,0,30.4,0,0,1,1,0,1,1,0,0,1,0,12192.0,2,1,1,1,0,0,1,0,9.3,267.2,0,0,0,0,0,1
145700,0.0,0.0,0,0,1,0,0.346,0.0,0,0,1,0,16.01,-1.183,0,30.33,0,0,1,1,0,1,1,0,0,1,0,12192.0,2,1,1,1,0,0,1,0,8.5,268.5,0,0,0,0,0,1
145800,0.0,0.0,0,0,1,0,0.346,0.0,0,0,1,0,15.892,-1.183,0,30.42,0,0,1,1,0,1,1,0,0,1,0,12192.0,2,1,1,1,0,0,1,0,8.1,269.4,0,0,0,0,0,1
145900,0.0,0.0,0,0,1,0,0.346,0.0,0,0,1,0,15.773,-1.183,0,30.17,0,0,1,1,0,1,1,0,0,1,0,12192.0,2,1,1,1,0,0,1,0,8.5,272.9,0,0,0,0,0,1
146000,0.0,0.0,0,0,1,0,0.346,0.0,0,0,1,0,15.655,-1.183,0,30.06,0,0,1,1,0,1,1,0,0,1,0,12192.0,2,1,1,1,0,0,1,0,8.6,270.9,0,0,0,0,0,1
146100,0.0,0.0,0,0,1,0,0.346,0.0,0,0,1,0,15.537,-1.183,0,30.17,0,0,1,1,0,1,1,0,0,1,0,12192.0,2,1,1,1,0,0,1,0,8.4,268.7,0,0,0,0,0,1
146200,0.0,0.0,0,0,1,0,0.346,0.0,0,0,1,0,15.419,-1.183,0,30.09,0,0,1,1,0,1,1,0,0,1,0,12192.0,2,1,1,1,0,0,1,0,8.3,268.4,0,0,0,0,0,1
146300,0.0,0.0,0,0,1,0,0.346,0.0,0,0,1,0,15.3,-1.183,0,30.42,0,0,1,1,0,1,1,0,0,1,0,12192.0,2,1,1,1,0,0,1,0,8.7,269.9,0,0,0,0,0,1
146400,0.0,0.0,0,0,1,0,0.346,0.0,0,0,1,0,15.182,-1.183,0,30.22,0,0,1,1,0,1,1,0,0,1,0,12192.0,2,1,1,1,0,0,1,0,7.8,268.7,0,0,0,0,0,1
146500,0.0,0.0,0,0,1,0,0.346,0.0,0,0,1,0,15.064,-1.183,0,30.52,0,0,1,1,0,1,1,0,0,1,0,12192.0,2,1,1,1,0,0,1,0,8.8,270.7,0,0,0,0,0,1
146600,0.0,0.0,0,0,1,0,0.346,0.0,0,0,1,0,14.945,-1.183,0,30.31,0,0,1,1,0,1,1,0,0,1,0,12192.0,2,1,1,1,0,0,1,0,8.2,267.3,0,0,0,0,0,1
146700,0.0,0.0,0,0,1,0,0.346,0.0,0,0,1,0,14.827,-1.183,0,30.38,0,0,1,1,0,1,1,0,0,1,0,12192.0,2,1,1,1,0,0,1,0,8.8,274.2,0,0,0,0,0,1
146800,0.0,0.0,0,0,1,0,0.346,0.0,0,0,1,0,14.709,-1.183,0,30.4,0,0,1,1,0,1,1,0,0,1,0,12192.0,2,1,1,1,0,0,1,0,9.0,273.2,0,0,0,0,0,1
146900,0.0,0.0,0,0,1,0,0.346,0.0,0,0,1,0,14.591,-1.183,0,30.46,0,0,1,1,0,1,1,0,0,1,0,12192.0,2,1,1,1,0,0,1,0,7.9,271.1,0,0,0,0,0,1
147000,0.0,0.0,0,0,1,0,0.346,0.0,0,0,1,0,14.472,-1.183,0,30.18,0,0,1,1,0,1,1,0,0,1,0,12192.0,2,1,1,1,0,0,1,0,8.4,271.0,0,0,0,0,0,1
147100,0.0,0.0,0,0,1,0,0.346,0.0,0,0,1,0,14.354,-1.183,0,30.42,0,0,1,1,0,1,1,0,0,1,0,12192.0,2,1,1,1,0,0,1,0,8.6,273.1,0,0,0,0,0,1
147200,0.0,0.0,0,0,1,0,0.346,0.0,0,0,1,0,14.236,-1.183,0,30.32,0,0,1,1,0,1,1,0,0,1,0,12192.0,2,1,1,1,0,0,1,0,8.1,271.7,0,0,0,0,0,1
147300,0.0,0.0,0,0,1,0,0.346,0.0,0,0,1,0,14.118,-1.183,0,30.14,0,0,1,1,0,1,1,0,0,1,0,12192.0,2,1,1,1,0,0,1,0,8.6,271.4,0,0,0,0,0,1
147400,0.0,0.0,0,0,1,0,0.346,0.0,0,0,1,0,13.999,-1.183,0,30.16,0,0,1,1,0,1,1,0,0,1,0,12192.0,2,1,1,1,0,0,1,0,8.7,269.1,0,0,0,0,0,1
147500,0.0,0.0,0,0,1,0,0.346,0.0,0,0,1,0,13.881,-1.183,0,30.34,0,0,1,1,0,1,1,0,0,1,0,12192.0,2,1,1,1,0,0,1,0,7.9,268.2,0,0,0,0,0,1
147600,0.0,0.0,0,0,1,0,0.346,0.0,0,0,1,0,13.763,-1.183,0,30.2,0,0,1,1,0,1,1,0,0,1,0,12192.0,2,1,1,1,0,0,1,0,7.7,265.1,0,0,0,0,0,1
147700,0.0,0.0,0,0,1,0,0.346,0.0,0,0,1,0,13.644,-1.183,0,30.31,0,0,1,1,0,1,1,0,0,1,0,12192.0,2,1,1,1,0,0,1,0,8.2,270.5,0,0,0,0,0,1
147800,0.0,0.0,0,0,1,0,0.346,0.0,0,0,1,0,13.526,-1.183,0,29.99,0,0,1,1,0,1,1,0,0,1,0,12192.0,2,1,1,1,0,0,1,0,7.3,272.2,0,0,0,0,0,1
147900,0.0,0.0,0,0,1,0,0.346,0.0,0,0,1,0,13.408,-1.183,0,30.28,0,0,1,1,0,1,1,0,0,1,0,12192.0,2,1,1,1,0,0,1,0,8.0,270.7,0,0,0,0,0,1
148000,0.0,0.0,0,0,1,0,0.346,0.0,0,0,1,0,13.29,-1.183,0,30.38,0,0,1,1,0,1,1,0,0,1,0,12192.0,2,1,1,1,0,0,1,0,8.3,270.6,0,0,0,0,0,1
148100,0.0,0.0,0,0,1,0,0.346,0.0,0,0,1,0,13.171,-1.183,0,30.27,0,0,1,1,0,1,1,0,0,1,0,12192.0,2,1,1,1,0,0,1,0,8.5,271.1,0,0,0,0,0,1
148200,0.0,0.0,0,0,1,0,0.346,0.0,0,0,1,0,13.053,-1.183,0,30.45,0,0,1,1,0,1,1,0,0,1,0,12192.0,2,1,1,1,0,0,1,0,7.1,272.0,0,0,0,0,0,1
148300,0.0,0.0,0,0,1,0,0.346,0.0,0,0,1,0,12.935,-1.183,0,30.13,0,0,1,1,0,1,1,0,0,1,0,12192.0,2,1,1,1,0,0,1,0,8.2,270.5,0,0,0,0,0,1
148400,0.0,0.0,0,0,1,0,0.346,0.0,0,0,1,0,12.817,-1.183,0,30.39,0,0,1,1,0,1,1,0,0,1,0,12192.0,2,1,1,1,0,0,1,0,7.4,271.0,0,0,0,0,0,1
148500,0.0,0.0,0,0,1,0,0.346,0.0,0,0,1,0,12.698,-1.183,0,30.28,0,0,1,1,0,1,1,0,0,1,0,12192.0,2,1,1,1,0,0,1,0,6.8,269.3,0,0,0,0,0,1
148600,0.0,0.0,0,0,1,0,0.346,0.0,0,0,1,0,12.58,-1.183,0,30.2,0,0,1,1,0,1,1,0,0,1,0,12192.0,2,1,1,1,0,0,1,0,7.2,269.0,0,0,0,0,0,1
148700,0.0,0.0,0,0,1,0,0.346,0.0,0,0,1,0,12.462,-1.183,0,30.34,0,0,1,1,0,1,1,0,0,1,0,12192.0,2,1,1,1,0,0,1,0,7.4,266.8,0,0,0,0,0,1
148800,0.0,0.0,0,0,1,0,0.346,0.0,0,0,1,0,12.343,-1.183,0,30.34,0,0,1,1,0,1,1,0,0,1,0,12192.0,2,1,1,1,0,0,1,0,8.0,269.5,0,0,0,0,0,1
148900,0.0,0.0,0,0,1,0,0.346,0.0,0,0,1,0,12.225,-1.183,0,30.24,0,0,1,1,0,1,1,0,0,1,0,12192.0,2,1,1,1,0,0,1,0,7.3,267.0,0,0,0,0,0,1
149000,0.0,0.0,0,0,1,0,0.346,0.0,0,0,1,0,12.107,-1.183,0,30.57,0,0,1,1,0,1,1,0,0,1,0,12192.0,2,1,1,1,0,0,1,0,7.0,274.2,0,0,0,0,0,1
149100,0.0,0.0,0,0,1,0,0.346,0.0,0,0,1,0,11.989,-1.183,0,30.51,0,0,1,1,0,1,1,0,0,1,0,12192.0,2,1,1,1,0,0,1,0,7.6,273.8,0,0,0,0,0,1
149200,0.0,0.0,0,0,1,0,0.346,0.0,0,0,1,0,11.87,-1.183,0,30.45,0,0,1,1,0,1,1,0,0,1,0,12192.0,2,1,1,1,0,0,1,0,7.2,273.1,0,0,0,0,0,1
149300,0.0,0.0,0,0,1,0,0.346,0.0,0,0,1,0,11.752,-1.183,0,30.25,0,0,1,1,0,1,1,0,0,1,0,12192.0,2,1,1,1,0,0,1,0,8.0,267.4,0,0,0,0,0,1
149400,0.0,0.0,0,0,1,0,0.346,0.0,0,0,1,0,11.634,-1.183,0,30.46,0,0,1,1,0,1,1,0,0,1,0,12192.0,2,1,1,1,0,0,1,0,7.6,267.7,0,0,0,0,0,1
149500,0.0,0.0,0,0,1,0,0.346,0.0,0,0,1,0,11.516,-1.183,0,30.46,0,0,1,1,0,1,1,0,0,1,0,12192.0,2,1,1,1,0,0,1,0,7.7,271.5,0,0,0,0,0,1
149600,0.0,0.0,0,0,1,0,0.346,0.0,0,0,1,0,11.397,-1.183,0,30.37,0,0,1,1,0,1,1,0,0,1,0,12192.0,2,1,1,1,0,0,1,0,7.4,271.7,0,0,0,0,0,1
149700,0.0,0.0,0,0,1,0,0.346,0.0,0,0,1,0,11.279,-1.183,0,30.43,0,0,1,1,0,1,1,0,0,1,0,12192.0,2,1,1,1,0,0,1,0,6.9,267.3,0,0,0,0,0,1
149800,0.0,0.0,0,0,1,0,0.346,0.0,0,0,1,0,11.161,-1.183,0,30.38,0,0,1,1,0,1,1,0,0,1,0,12192.0,2,1,1,1,0,0,1,0,7.7,268.0,0,0,0,0,0,1
149900,0.0,0.0,0,0,1,0,0.346,0.0,0,0,1,0,11.042,-1.183,0,30.44,0,0,1,1,0,1,1,0,0,1,0,12192.0,2,1,1,1,0,0,1,0,8.1,265.8,0,0,0,0,0,1
150000,0.0,0.0,0,0,1,0,0.346,0.0,0,0,1,0,10.924,-1.183,0,30.14,0,0,1,1,0,1,1,0,0,1,0,12192.0,2,1,1,1,0,0,1,0,7.5,266.9,0,0,0,0,0,1
150100,0.0,0.0,0,0,1,0,0.346,0.0,0,0,1,0,10.806,-1.183,0,30.11,0,0,1,1,0,1,1,0,0,1,0,12192.0,2,1,1,1,0,0,1,0,6.9,269.8,0,0,0,0,0,1
150200,0.0,0.0,0,0,1,0,0.346,0.0,0,0,1,0,10.688,-1.183,0,30.28,0,0,1,1,0,1,1,0,0,1,0,12192.0,2,1,1,1,0,0,1,0,8.1,272.9,0,0,0,0,0,1
150300,0.0,0.0,0,0,1,0,0.346,0.0,0,0,1,0,10.569,-1.183,0,30.43,0,0,1,1,0,1,1,0,0,1,0,12192.0,2,1,1,1,0,0,1,0,7.4,278.0,0,0,0,0,0,1
150400,0.0,0.0,0,0,1,0,0.346,0.0,0,0,1,0,10.451,-1.183,0,30.3,0,0,1,1,0,1,1,0,0,1,0,12192.0,2,1,1,1,0,0,1,0,7.4,269.4,0,0,0,0,0,1
150500,0.0,0.0,0,0,1,0,0.346,0.0,0,0,1,0,10.333,-1.183,0,30.18,0,0,1,1,0,1,1,0,0,1,0,12192.0,2,1,1,1,0,0,1,0,7.7,267.1,0,0,0,0,0,1
150600,0.0,0.0,0,0,1,0,0.346,0.0,0,0,1,0,10.215,-1.183,0,30.37,0,0,1,1,0,1,1,0,0,1,0,12192.0,2,1,1,1,0,0,1,0,7.8,271.6,0,0,0,0,0,1
150700,0.0,0.0,0,0,1,0,0.346,0.0,0,0,1,0,10.096,-1.183,0,30.59,0,0,1,1,0,1,1,0,0,1,0,12192.0,2,1,1,1,0,0,1,0,7.6,266.5,0,0,0,0,0,1
150800,0.0,0.0,0,0,1,0,0.346,0.0,0,0,1,0,9.978,-1.183,0,30.23,0,0,1,1,0,1,1,0,0,1,0,12192.0,2,1,1,1,0,0,1,0,7.3,272.9,0,0,0,0,0,1
150900,0.0,0.0,0,0,1,0,0.346,0.0,0,0,1,0,9.86,-1.183,0,30.27,0,0,1,1,0,1,1,0,0,1,0,12192.0,2,1,1,1,0,0,1,0,8.4,270.3,0,0,0,0,0,1
151000,0.0,0.0,0,0,1,0,0.346,0.0,0,0,1,0,9.741,-1.183,0,30.53,0,0,1,1,0,1,1,0,0,1,0,12192.0,2,1,1,1,0,0,1,0,7.7,267.8,0,0,0,0,0,1
151100,0.0,0.0,0,0,1,0,0.346,0.0,0,0,1,0,9.623,-1.183,0,30.34,0,0,1,1,0,1,1,0,0,1,0,12192.0,2,1,1,1,0,0,1,0,8.3,268.8,0,0,0,0,0,1
151200,0.0,0.0,0,0,1,0,0.346,0.0,0,0,1,0,9.505,-1.183,0,30.18,0,0,1,1,0,1,1,0,0,1,0,12192.0,2,1,1,1,0,0,1,0,7.4,271.0,0,0,0,0,0,1
151300,0.0,0.0,0,0,1,0,0.346,0.0,0,0,1,0,9.387,-1.183,0,30.34,0,0,1,1,0,1,1,0,0,1,0,12192.0,2,1,1,1,0,0,1,0,8.1,271.1,0,0,0,0,0,1
151400,0.0,0.0,0,0,1,0,0.346,0.0,0,0,1,0,9.268,-1.183,0,30.33,0,0,1,1,0,1,1,0,0,1,0,12192.0,2,1,1,1,0,0,1,0,7.5,269.3,0,0,0,0,0,1
151500,0.0,0.0,0,0,1,0,0.346,0.0,0,0,1,0,9.15,-1.183,0,30.28,0,0,1,1,0,1,1,0,0,1,0,12192.0,2,1,1,1,0,0,1,0,7.2,265.4,0,0,0,0,0,1
151600,0.0,0.0,0,0,1,0,0.346,0.0,0,0,1,0,9.032,-1.183,0,30.05,0,0,1,1,0,1,1,0,0,1,0,12192.0,2,1,1,1,0,0,1,0,7.6,267.1,0,0,0,0,0,1
151700,0.0,0.0,0,0,1,0,0.346,0.0,0,0,1,0,8.913,-1.183,0,30.44,0,0,1,1,0,1,1,0,0,1,0,12192.0,2,1,1,1,0,0,1,0,7.8,266.1,0,0,0,0,0,1
151800,0.0,0.0,0,0,1,0,0.346,0.0,0,0,1,0,8.795,-1.183,0,30.45,0,0,1,1,0,1,1,0,0,1,0,12192.0,2,1,1,1,0,0,1,0,7.3,271.0,0,0,0,0,0,1
151900,0.0,0.0,0,0,1,0,0.346,0.0,0,0,1,0,8.677,-1.183,0,30.29,0,0,1,1,0,1,1,0,0,1,0,12192.0,2,1,1,1,0,0,1,0,8.6,271.7,0,0,0,0,0,1
152000,0.0,0.0,0,0,1,0,0.346,0.0,0,0,1,0,8.559,-1.183,0,30.3,0,0,1,1,0,1,1,0,0,1,0,12192.0,2,1,1,1,0,0,1,0,7.7,274.0,0,0,0,0,0,1
152100,0.0,0.0,0,0,1,0,0.346,0.0,0,0,1,0,8.44,-1.183,0,30.4,0,0,1,1,0,1,1,0,0,1,0,12192.0,2,1,1,1,0,0,1,0,8.5,272.6,0,0,0,0,0,1
152200,0.0,0.0,0,0,1,0,0.346,0.0,0,0,1,0,8.322,-1.183,0,30.26,0,0,1,1,0,1,1,0,0,1,0,12192.0,2,1,1,1,0,0,1,0,7.5,271.8,0,0,0,0,0,1
152300,0.0,0.0,0,0,1,0,0.346,0.0,0,0,1,0,8.204,-1.183,0,30.52,0,0,1,1,0,1,1,0,0,1,0,12192.0,2,1,1,1,0,0,1,0,8.0,269.9,0,0,0,0,0,1
152400,0.0,0.0,0,0,1,0,0.346,0.0,0,0,1,0,8.086,-1.183,0,30.42,0,0,1,1,0,1,1,0,0,1,0,12192.0,2,1,1,1,0,0,1,0,8.5,271.9,0,0,0,0,0,1
152500,0.0,0.0,0,0,1,0,0.346,0.0,0,0,1,0,7.967,-1.183,0,30.22,0,0,1,1,0,1,1,0,0,1,0,12192.0,2,1,1,1,0,0,1,0,8.4,271.7,0,0,0,0,0,1
152600,0.0,0.0,0,0,1,0,0.346,0.0,0,0,1,0,7.849,-1.183,0,30.29,0,0,1,1,0,1,1,0,0,1,0,12192.0,2,1,1,1,0,0,1,0,7.5,268.7,0,0,0,0,0,1
152700,0.0,0.0,0,0,1,0,0.346,0.0,0,0,1,0,7.731,-1.183,0,30.45,0,0,1,1,0,1,1,0,0,1,0,12192.0,2,1,1,1,0,0,1,0,7.8,269.1,0,0,0,0,0,1
152800,0.0,0.0,0,0,1,0,0.346,0.0,0,0,1,0,7.612,-1.183,0,30.39,0,0,1,1,0,1,1,0,0,1,0,12192.0,2,1,1,1,0,0,1,0,7.7,270.3,0,0,0,0,0,1
152900,0.0,0.0,0,0,1,0,0.346,0.0,0,0,1,0,7.494,-1.183,0,30.33,0,0,1,1,0,1,1,0,0,1,0,12192.0,2,1,1,1,0,0,1,0,7.9,270.3,0,0,0,0,0,1
153000,0.0,0.0,0,0,1,0,0.346,0.0,0,0,1,0,7.376,-1.183,0,30.04,0,0,1,1,0,1,1,0,0,1,0,12192.0,2,1,1,1,0,0,1,0,8.5,268.8,0,0,0,0,0,1
153100,0.0,0.0,0,0,1,0,0.346,0.0,0,0,1,0,7.258,-1.183,0,30.25,0,0,1,1,0,1,1,0,0,1,0,12192.0,2,1,1,1,0,0,1,0,7.1,267.6,0,0,0,0,0,1
153200,0.0,0.0,0,0,1,0,0.346,0.0,0,0,1,0,7.139,-1.183,0,30.13,0,0,1,1,0,1,1,0,0,1,0,12192.0,2,1,1,1,0,0,1,0,8.3,272.3,0,0,0,0,0,1
153300,0.0,0.0,0,0,1,0,0.346,0.0,0,0,1,0,7.021,-1.183,0,30.35,0,0,1,1,0,1,1,0,0,1,0,12192.0,2,1,1,1,0,0,1,0,8.1,268.0,0,0,0,0,0,1
153400,0.0,0.0,0,0,1,0,0.346,0.0,0,0,1,0,6.903,-1.183,0,30.31,0,0,1,1,0,1,1,0,0,1,0,12192.0,2,1,1,1,0,0,1,0,7.5,269.3,0,0,0,0,0,1
153500,0.0,0.0,0,0,1,0,0.346,0.0,0,0,1,0,6.785,-1.183,0,30.39,0,0,1,1,0,1,1,0,0,1,0,12192.0,2,1,1,1,0,0,1,0,8.3,270.2,0,0,0,0,0,1
153600,0.0,0.0,0,0,1,0,0.346,0.0,0,0,1,0,6.666,-1.183,0,30.26,0,0,1,1,0,1,1,0,0,1,0,12192.0,2,1,1,1,0,0,1,0,8.2,269.8,0,0,0,0,0,1
153700,0.0,0.0,0,0,1,0,0.346,0.0,0,0,1,0,6.548,-1.183,0,30.36,0,0,1,1,0,1,1,0,0,1,0,12192.0,2,1,1,1,0,0,1,0,8.4,273.6,0,0,0,0,0,1
153800,0.0,0.0,0,0,1,0,0.346,0.0,0,0,1,0,6.43,-1.183,0,30.31,0,0,1,1,0,1,1,0,0,1,0,12192.0,2,1,1,1,0,0,1,0,8.4,270.6,0,0,0,0,0,1
153900,0.0,0.0,0,0,1,0,0.346,0.0,0,0,1,0,6.311,-1.183,0,30.34,0,0,1,1,0,1,1,0,0,1,0,12192.0,2,1,1,1,0,0,1,0,8.5,275.3,0,0,0,0,0,1
154000,0.0,0.0,0,0,1,0,0.346,0.0,0,0,1,0,6.193,-1.183,0,30.43,0,0,1,1,0,1,1,0,0,1,0,12192.0,2,1,1,1,0,0,1,0,8.3,271.8,0,0,0,0,0,1
154100,0.0,0.0,0,0,1,0,0.346,0.0,0,0,1,0,6.075,-1.183,0,30.31,0,0,1,1,0,1,1,0,0,1,0,12192.0,2,1,1,1,0,0,1,0,8.1,270.4,0,0,0,0,0,1
154200,0.0,0.0,0,0,1,0,0.346,0.0,0,0,1,0,5.957,-1.183,0,30.22,0,0,1,1,0,1,1,0,0,1,0,12192.0,2,1,1,1,0,0,1,0,7.8,268.1,0,0,0,0,0,1
154300,0.0,0.0,0,0,1,0,0.346,0.0,0,0,1,0,5.838,-1.183,0,30.47,0,0,1,1,0,1,1,0,0,1,0,12192.0,2,1,1,1,0,0,1,0,8.5,273.1,0,0,0,0,0,1
154400,0.0,0.0,0,0,1,0,0.346,0.0,0,0,1,0,5.72,-1.183,0,30.42,0,0,1,1,0,1,1,0,0,1,0,12192.0,2,1,1,1,0,0,1,0,8.9,268.4,0,0,0,0,0,1
154500,0.0,0.0,0,0,1,0,0.346,0.0,0,0,1,0,5.602,-1.183,0,30.41,0,0,1,1,0,1,1,0,0,1,0,12192.0,2,1,1,1,0,0,1,0,8.1,269.9,0,0,0,0,0,1
154600,0.0,0.0,0,0,1,0,0.346,0.0,0,0,1,0,5.484,-1.183,0,30.39,0,0,1,1,0,1,1,0,0,1,0,12192.0,2,1,1,1,0,0,1,0,8.8,269.2,0,0,0,0,0,1
154700,0.0,0.0,0,0,1,0,0.346,0.0,0,0,1,0,5.365,-1.183,0,30.18,0,0,1,1,0,1,1,0,0,1,0,12192.0,2,1,1,1,0,0,1,0,8.4,271.6,0,0,0,0,0,1
154800,0.0,0.0,0,0,1,0,0.346,0.0,0,0,1,0,5.247,-1.183,0,30.31,0,0,1,1,0,1,1,0,0,1,0,12192.0,2,1,1,1,0,0,1,0,8.9,268.6,0,0,0,0,0,1
154900,0.0,0.0,0,0,1,0,0.346,0.0,0,0,1,0,5.129,-1.183,0,30.26,0,0,1,1,0,1,1,0,0,1,0,12192.0,2,1,1,1,0,0,1,0,9.0,267.7,0,0,0,0,0,1
155000,0.0,0.0,0,0,1,0,0.346,0.0,0,0,1,0,5.01,-1.183,0,30.26,0,0,1,1,0,1,1,0,0,1,0,12192.0,2,1,1,1,0,0,1,0,8.5,269.0,0,0,0,0,0,1
155100,0.0,0.0,0,0,1,0,0.346,0.0,0,0,1,0,4.892,-1.183,0,30.38,0,0,1,1,0,1,1,0,0,1,0,12192.0,2,1,1,1,0,0,1,0,8.8,271.2,0,0,0,0,0,1
155200,0.0,0.0,0,0,1,0,0.346,0.0,0,0,1,0,4.774,-1.183,0,30.25,0,0,1,1,0,1,1,0,0,1,0,12192.0,2,1,1,1,0,0,1,0,8.4,265.5,0,0,0,0,0,1
155300,0.0,0.0,0,0,1,0,0.346,0.0,0,0,1,0,4.656,-1.183,0,30.34,0,0,1,1,0,1,1,0,0,1,0,12192.0,2,1,1,1,0,0,1,0,8.3,268.9,0,0,0,0,0,1
155400,0.0,0.0,0,0,1,0,0.346,0.0,0,0,1,0,4.537,-1.183,0,30.15,0,0,1,1,0,1,1,0,0,1,0,12192.0,2,1,1,1,0,0,1,0,8.4,275.2,0,0,0,0,0,1
155500,0.0,0.0,0,0,1,0,0.346,0.0,0,0,1,0,4.419,-1.183,0,30.15,0,0,1,1,0,1,1,0,0,1,0,12192.0,2,1,1,1,0,0,1,0,8.6,270.4,0,0,0,0,0,1
155600,0.0,0.0,0,0,1,0,0.346,0.0,0,0,1,0,4.301,-1.183,0,30.38,0,0,1,1,0,1,1,0,0,1,0,12192.0,2,1,1,1,0,0,1,0,8.2,268.5,0,0,0,0,0,1
155700,0.0,0.0,0,0,1,0,0.346,0.0,0,0,1,0,4.183,-1.183,0,30.05,0,0,1,1,0,1,1,0,0,1,0,12192.0,2,1,1,1,0,0,1,0,8.2,272.0,0,0,0,0,0,1
155800,0.0,0.0,0,0,1,0,0.346,0.0,0,0,1,0,4.064,-1.183,0,30.33,0,0,1,1,0,1,1,0,0,1,0,12192.0,2,1,1,1,0,0,1,0,8.4,267.8,0,0,0,0,0,1
155900,0.0,0.0,0,0,1,0,0.346,0.0,0,0,1,0,3.946,-1.183,0,30.16,0,0,1,1,0,1,1,0,0,1,0,12192.0,2,1,1,1,0,0,1,0,7.3,269.6,0,0,0,0,0,1
156000,0.0,0.0,0,0,1,0,0.346,0.0,0,0,1,0,3.828,-1.183,0,30.26,0,0,1,1,0,1,1,0,0,1,0,12192.0,2,1,1,1,0,0,1,0,9.0,268.4,0,0,0,0,0,1
156100,0.0,0.0,0,0,1,0,0.346,0.0,0,0,1,0,3.709,-1.183,0,30.23,0,0,1,1,0,1,1,0,0,1,0,12192.0,2,1,1,1,0,0,1,0,8.8,268.1,0,0,0,0,0,1
156200,0.0,0.0,0,0,1,0,0.346,0.0,0,0,1,0,3.591,-1.183,0,30.36,0,0,1,1,0,1,1,0,0,1,0,12192.0,2,1,1,1,0,0,1,0,7.7,270.7,0,0,0,0,0,1
156300,0.0,0.0,0,0,1,0,0.346,0.0,0,0,1,0,3.473,-1.183,0,30.35,0,0,1,1,0,1,1,0,0,1,0,12192.0,2,1,1,1,0,0,1,0,8.6,269.3,0,0,0,0,0,1
156400,0.0,0.0,0,0,1,0,0.346,0.0,0,0,1,0,3.355,-1.183,0,30.66,0,0,1,1,0,1,1,0,0,1,0,12192.0,2,1,1,1,0,0,1,0,7.9,270.5,0,0,0,0,0,1
156500,0.0,0.0,0,0,1,0,0.346,0.0,0,0,1,0,3.242,-1.131,0,33.84,0,0,1,1,0,1,1,0,0,1,0,12192.0,2,1,1,1,0,0,1,0,8.9,269.1,0,0,0,0,0,1
156600,0.0,0.0,0,0,1,0,0.346,0.0,0,0,1,0,3.134,-1.078,0,33.75,0,0,1,1,0,1,1,0,0,1,0,12192.0,2,1,1,1,0,0,1,0,8.3,269.3,0,0,0,0,0,1
156700,0.0,0.0,0,0,1,0,0.346,0.0,0,0,1,0,3.031,-1.025,0,33.47,0,0,1,1,0,1,1,0,0,1,0,12192.0,2,1,1,1,0,0,1,0,8.4,269.4,0,0,0,0,0,1
156800,0.0,0.0,0,0,1,0,0.346,0.0,0,0,1,0,2.934,-0.972,0,33.81,0,0,1,1,0,1,1,0,0,1,0,12192.0,2,1,1,1,0,0,1,0,8.2,275.4,0,0,0,0,0,1
156900,0.0,0.0,0,0,1,0,0.346,0.0,0,0,1,0,2.842,-0.919,0,33.67,0,0,1,1,0,1,1,0,0,1,0,12192.0,2,1,1,1,0,0,1,0,9.1,275.2,0,0,0,0,0,1
157000,0.0,0.0,0,0,1,0,0.346,0.0,0,0,1,0,2.756,-0.866,0,33.52,0,0,1,1,0,1,1,0,0,1,0,12192.0,2,1,1,1,0,0,1,0,8.5,271.7,0,0,0,0,0,1
157100,0.0,0.0,0,0,1,0,0.346,0.0,0,0,1,0,2.674,-0.812,0,33.61,0,0,1,1,0,1,1,0,0,1,0,12192.0,2,1,1,1,0,0,1,0,7.5,268.7,0,0,0,0,0,1
157200,0.0,0.0,0,0,1,0,0.346,0.0,0,0,1,0,2.599,-0.759,0,33.6,0,0,1,1,0,1,1,0,0,1,0,12192.0,2,1,1,1,0,0,1,0,8.3,270.8,0,0,0,0,0,1
157300,0.0,0.0,0,0,1,0,0.346,0.0,0,0,1,0,2.528,-0.705,0,33.87,0,0,1,1,0,1,1,0,0,1,0,12192.0,2,1,1,1,0,0,1,0,7.9,271.7,0,0,0,0,0,1
157400,0.0,0.0,0,0,1,0,0.346,0.0,0,0,1,0,2.463,-0.652,0,33.88,0,0,1,1,0,1,1,0,0,1,0,12192.0,2,1,1,1,0,0,1,0,8.1,269.2,0,0,0,0,0,1
157500,0.0,0.0,0,0,1,0,0.346,0.0,0,0,1,0,2.403,-0.598,0,33.72,0,0,1,1,0,1,1,0,0,1,0,12192.0,2,1,1,1,0,0,1,0,7.3,273.0,0,0,0,0,0,1
157600,0.0,0.0,0,0,1,0,0.346,0.0,0,0,1,0,2.349,-0.544,0,33.63,0,0,1,1,0,1,1,0,0,1,0,12192.0,2,1,1,1,0,0,1,0,7.9,271.3,0,0,0,0,0,1
157700,0.0,0.0,0,0,1,0,0.346,0.0,0,0,1,0,2.3,-0.489,0,33.51,0,0,1,1,0,1,1,0,0,1,0,12192.0,2,1,1,1,0,0,1,0,7.7,269.1,0,0,0,0,0,1
157800,0.0,0.0,0,0,1,0,0.346,0.0,0,0,1,0,2.256,-0.435,0,33.71,0,0,1,1,0,1,1,0,0,1,0,12192.0,2,1,1,1,0,0,1,0,7.8,266.8,0,0,0,0,0,1
157900,0.0,0.0,0,0,1,0,0.346,0.0,0,0,1,0,2.218,-0.38,0,33.82,0,0,1,1,0,1,1,0,0,1,0,12192.0,2,1,1,1,0,0,1,0,8.0,269.2,0,0,0,0,0,1
158000,0.0,0.0,0,0,1,0,0.346,0.0,0,0,1,0,2.186,-0.324,0,33.68,0,0,1,1,0,1,1,0,0,1,0,12192.0,2,1,1,1,0,0,1,0,7.0,271.9,0,0,0,0,0,1
158100,0.0,0.0,0,0,1,0,0.346,0.0,0,0,1,0,2.159,-0.267,0,33.59,0,0,1,1,0,1,1,0,0,1,0,12192.0,2,1,1,1,0,0,1,0,7.7,267.7,0,0,0,0,0,1
158200,0.0,0.0,0,0,1,0,0.346,0.0,0,0,1,0,2.138,-0.209,0,33.82,0,0,1,1,0,1,1,0,0,1,0,12192.0,2,1,1,1,0,0,1,0,7.8,272.4,0,0,0,0,0,1
158300,0.0,0.0,0,0,1,0,0.346,0.0,0,0,1,0,2.123,-0.149,0,33.74,0,0,1,1,0,1,1,0,0,1,0,12192.0,2,1,1,1,0,0,1,0,6.6,268.0,0,0,0,0,0,1
158400,0.0,0.0,0,0,1,0,0.346,0.0,0,0,1,0,2.115,-0.082,0,33.58,0,0,1,1,0,1,1,0,0,1,0,12192.0,2,1,1,1,0,0,1,0,8.0,268.6,0,0,0,0,0,1
158500,0.0,0.0,0,0,0,0,0.346,0.0,0,0,0,0,2.112,0.0,0,31.97,0,0,0,0,0,1,1,0,0,1,0,12192.0,2,1,1,0,1,0,1,0,7.7,271.8,0,0,0,0,0,1
158600,0.0,0.0,0,0,0,0,0.346,0.0,0,0,0,0,2.112,0.0,0,32.1,0,0,0,0,0,1,1,0,1,1,0,12192.0,2,1,1,0,1,0,1,0,7.7,273.2,0,0,0,0,0,1
158700,0.0,0.0,0,0,0,0,0.346,0.0,0,0,0,0,2.112,0.0,0,31.88,0,0,0,0,0,1,1,0,1,1,0,12192.0,2,1,1,0,1,0,1,0,6.3,269.7,0,0,0,0,0,1
158800,0.0,0.0,0,0,0,0,0.346,0.0,0,0,0,0,2.112,0.0,0,32.01,0,0,0,0,0,1,1,0,1,1,0,12192.0,2,1,1,0,1,0,1,0,7.5,270.1,0,0,0,0,0,1
158900,0.0,0.0,0,0,0,0,0.346,0.0,0,0,0,0,2.112,0.0,0,32.06,0,0,0,0,0,1,1,0,1,1,0,12192.0,2,1,1,0,1,0,1,0,7.0,265.8,0,0,0,0,0,1
159000,0.0,0.0,0,0,0,0,0.346,0.0,0,0,0,0,2.112,0.0,0,31.87,0,0,0,0,0,1,1,0,1,1,0,12192.0,2,1,1,0,1,0,1,0,7.4,275.2,0,0,0,0,0,1
159100,0.0,0.0,0,0,0,0,0.346,0.0,0,0,0,0,2.112,0.0,0,32.08,0,0,0,0,0,1,1,0,1,1,0,12192.0,2,1,1,0,1,0,1,0,8.2,269.8,0,0,0,0,0,1
159200,0.0,0.0,0,0,0,0,0.346,0.0,0,0,0,0,2.112,0.0,0,31.81,0,0,0,0,0,1,1,0,1,1,0,12192.0,2,1,1,0,1,0,1,0,6.8,267.9,0,0,0,0,0,1
159300,0.0,0.0,0,0,0,0,0.346,0.0,0,0,0,0,2.112,0.0,0,32.23,0,0,0,0,0,1,1,0,1,1,0,12192.0,2,1,1,0,1,0,1,0,7.1,272.6,0,0,0,0,0,1
159400,0.0,0.0,0,0,0,0,0.346,0.0,0,0,0,0,2.112,0.0,0,31.96,0,0,0,0,0,1,1,0,1,1,0,12192.0,2,1,1,0,1,0,1,0,8.0,267.3,0,0,0,0,0,1
159500,0.0,0.0,0,0,0,0,0.346,0.0,0,0,0,0,2.112,0.0,0,32.11,0,0,0,0,0,1,1,0,1,1,0,12192.0,2,1,1,0,1,0,1,0,7.1,267.9,0,0,0,0,0,1
159600,0.0,0.0,0,0,0,0,0.346,0.0,0,0,0,0,2.112,0.0,0,0.0,0,0,0,0,0,1,0,1,1,1,0,12192.0,2,1,1,0,1,0,1,0,7.0,272.0,0,0,0,0,0,1
159700,0.0,0.0,0,0,0,0,0.346,0.0,0,0,0,0,2.112,0.0,0,0.0,0,0,0,0,0,1,0,1,1,1,0,12192.0,2,1,1,0,1,0,1,0,7.3,271.5,0,0,0,0,0,1
159800,0.0,0.0,0,0,0,0,0.346,0.0,0,0,0,0,2.112,0.0,0,0.0,0,0,0,0,0,1,0,1,1,1,0,12192.0,2,1,1,0,1,0,1,0,7.1,267.7,0,0,0,0,0,1
159900,0.0,0.0,0,0,0,0,0.346,0.0,0,0,0,0,2.112,0.0,0,0.0,0,0,0,0,0,1,0,1,1,1,0,12192.0,2,1,1,0,1,0,1,0,7.6,271.9,0,0,0,0,0,1
160000,0.0,0.0,0,0,0,0,0.346,0.0,0,0,0,0,2.112,0.0,0,0.0,0,0,0,0,0,1,0,1,1,1,0,12192.0,2,1,1,0,1,0,1,0,7.9,267.2,0,0,0,0,0,1
160100,0.0,0.0,0,0,0,0,0.346,0.0,0,0,0,0,2.112,0.0,0,0.0,0,0,0,0,0,1,0,1,1,1,0,12192.0,2,1,1,0,1,0,1,0,7.7,266.8,0,0,0,0,0,1
160200,0.0,0.0,0,0,0,0,0.346,0.0,0,0,0,0,2.112,0.0,0,0.0,0,0,0,0,0,1,0,1,1,1,0,12192.0,2,1,1,0,1,0,1,0,6.6,271.4,0,0,0,0,0,1
160300,0.0,0.0,0,0,0,0,0.346,0.0,0,0,0,0,2.112,0.0,0,0.0,0,0,0,0,0,1,0,1,1,1,0,12192.0,2,1,1,0,1,0,1,0,7.4,271.4,0,0,0,0,0,1
160400,0.0,0.0,0,0,0,0,0.346,0.0,0,0,0,0,2.112,0.0,0,0.0,0,0,0,0,0,1,0,1,1,1,0,12192.0,2,1,1,0,1,0,1,0,8.1,273.1,0,0,0,0,0,1
160500,0.0,0.0,0,0,0,0,0.346,0.0,0,0,0,0,2.112,0.0,0,0.0,0,0,0,0,0,1,0,1,1,1,0,12192.0,2,1,1,0,1,0,1,0,7.5,268.8,0,0,0,0,0,1
160600,0.0,0.0,0,0,0,0,0.346,0.0,0,0,0,0,2.112,0.0,0,0.0,0,0,0,0,0,1,0,1,1,1,0,12192.0,2,1,1,0,1,0,1,0,7.7,268.4,0,0,0,0,0,1
160700,0.0,0.0,0,0,0,0,0.346,0.0,0,0,0,0,2.112,0.0,0,0.0,0,0,0,0,0,1,0,1,1,1,0,12192.0,2,1,1,0,1,0,1,0,8.5,270.2,0,0,0,0,0,1
160800,0.0,0.0,0,0,0,0,0.346,0.0,0,0,0,0,2.112,0.0,0,0.0,0,0,0,0,0,1,0,1,1,1,0,12192.0,2,1,1,0,1,0,1,0,7.8,273.3,0,0,0,0,0,1
160900,0.0,0.0,0,0,0,0,0.346,0.0,0,0,0,0,2.112,0.0,0,0.0,0,0,0,0,0,1,0,1,1,1,0,12192.0,2,1,1,0,1,0,1,0,8.4,271.0,0,0,0,0,0,1
161000,0.0,0.0,0,0,0,0,0.346,0.0,0,0,0,0,2.112,0.0,0,0.0,0,0,0,0,0,1,0,1,1,1,0,12192.0,2,1,1,0,1,0,1,0,7.4,271.5,0,0,0,0,0,1
161100,0.0,0.0,0,0,0,0,0.346,0.0,0,0,0,0,2.112,0.0,0,0.0,0,0,0,0,0,1,0,1,1,1,0,12192.0,2,1,1,0,1,0,1,0,7.6,268.7,0,0,0,0,0,1
161200,0.0,0.0,0,0,1,0,0.346,0.0,0,0,1,0,2.117,0.052,1,0.0,0,0,1,1,0,1,0,1,0,0,0,12192.0,2,1,1,1,0,0,1,0,8.4,269.2,0,0,0,0,0,1
161300,0.0,0.0,0,0,1,0,0.346,0.0,0,0,1,0,2.128,0.103,1,0.0,0,0,1,1,0,1,0,1,0,0,0,12192.0,2,1,1,1,0,0,1,0,7.6,269.6,0,0,0,0,0,1
161400,0.0,0.0,0,0,1,0,0.346,0.0,0,0,1,0,2.143,0.155,1,0.0,0,0,1,1,0,1,0,1,0,0,0,12192.0,2,1,1,1,0,0,1,0,7.2,272.1,0,0,0,0,0,1
161500,0.0,0.0,0,0,1,0,0.346,0.0,0,0,1,0,2.164,0.207,1,0.0,0,0,1,1,0,1,0,1,0,0,0,12192.0,2,1,1,1,0,0,1,0,8.3,266.6,0,0,0,0,0,1
161600,0.0,0.0,0,0,1,0,0.346,0.0,0,0,1,0,2.189,0.258,1,0.0,0,0,1,1,0,1,0,1,0,0,0,12192.0,2,1,1,1,0,0,1,0,8.6,272.1,0,0,0,0,0,1
161700,0.0,0.0,0,0,1,0,0.346,0.0,0,0,1,0,2.22,0.31,1,0.0,0,0,1,1,0,1,0,1,0,0,0,12192.0,2,1,1,1,0,0,1,0,8.5,269.1,0,0,0,0,0,1
161800,0.0,0.0,0,0,1,0,0.346,0.0,0,0,1,0,2.257,0.362,1,0.0,0,0,1,1,0,1,0,1,0,0,0,12192.0,2,1,1,1,0,0,1,0,8.5,266.8,0,0,0,0,0,1
161900,0.0,0.0,0,0,1,0,0.346,0.0,0,0,1,0,2.298,0.413,1,0.0,0,0,1,1,0,1,0,1,0,0,0,12192.0,2,1,1,1,0,0,1,0,8.2,269.9,0,0,0,0,0,1
162000,0.0,0.0,0,0,1,0,0.346,0.0,0,0,1,0,2.344,0.465,1,0.0,0,0,1,1,0,1,0,1,0,0,0,12192.0,2,1,1,1,0,0,1,0,7.6,266.7,0,0,0,0,0,1
162100,0.0,0.0,0,0,1,0,0.346,0.0,0,0,1,0,2.396,0.516,1,0.0,0,0,1,1,0,1,0,1,0,0,0,12192.0,2,1,1,1,0,0,1,0,7.9,274.9,0,0,0,0,0,1
162200,0.0,0.0,0,0,1,0,0.346,0.0,0,0,1,0,2.453,0.568,1,0.0,0,0,1,1,0,1,0,1,0,0,0,12192.0,2,1,1,1,0,0,1,0,8.1,268.1,0,0,0,0,0,1
162300,0.0,0.0,0,0,1,0,0.346,0.0,0,0,1,0,2.515,0.62,1,0.0,0,0,1,1,0,1,0,1,0,0,0,12192.0,2,1,1,1,0,0,1,0,7.6,264.9,0,0,0,0,0,1
162400,0.0,0.0,0,0,1,0,0.346,0.0,0,0,1,0,2.582,0.671,1,0.0,0,0,1,1,0,1,0,1,0,0,0,12192.0,2,1,1,1,0,0,1,0,7.6,272.5,0,0,0,0,0,1
162500,0.0,0.0,0,0,1,0,0.346,0.0,0,0,1,0,2.654,0.723,1,0.0,0,0,1,1,0,1,0,1,0,0,0,12192.0,2,1,1,1,0,0,1,0,8.1,270.4,0,0,0,0,0,1
162600,0.0,0.0,0,0,1,0,0.346,0.0,0,0,1,0,2.732,0.775,1,0.0,0,0,1,1,0,1,0,1,0,0,0,12192.0,2,1,1,1,0,0,1,0,8.3,272.3,0,0,0,0,0,1
162700,0.0,0.0,0,0,1,0,0.346,0.0,0,0,1,0,2.814,0.826,1,0.0,0,0,1,1,0,1,0,1,0,0,0,12192.0,2,1,1,1,0,0,1,0,8.5,272.7,0,0,0,0,0,1
162800,0.0,0.0,0,0,1,0,0.346,0.0,0,0,1,0,2.902,0.878,1,0.0,0,0,1,1,0,1,0,1,0,0,0,12192.0,2,1,1,1,0,0,1,0,8.2,271.9,0,0,0,0,0,1
162900,0.0,0.0,0,0,1,0,0.346,0.0,0,0,1,0,2.995,0.93,1,0.0,0,0,1,1,0,1,0,1,0,0,0,12192.0,2,1,1,1,0,0,1,0,7.7,269.8,0,0,0,0,0,1
163000,0.0,0.0,0,0,1,0,0.346,0.0,0,0,1,0,3.093,0.981,1,0.0,0,0,1,1,0,1,0,1,0,0,0,12192.0,2,1,1,1,0,0,1,0,8.7,269.2,0,0,0,0,0,1
163100,0.0,0.0,0,0,1,0,0.346,0.0,0,0,1,0,3.197,1.033,1,0.0,0,0,1,1,0,1,0,1,0,0,0,12192.0,2,1,1,1,0,0,1,0,8.2,270.8,0,0,0,0,0,1
163200,0.0,0.0,0,0,1,0,0.346,0.0,0,0,1,0,3.305,1.085,1,0.0,0,0,1,1,0,1,0,1,0,0,0,12192.0,2,1,1,1,0,0,1,0,8.4,268.0,0,0,0,0,0,1
163300,0.0,0.0,0,0,1,0,0.346,0.0,0,0,1,0,3.419,1.136,1,0.0,0,0,1,1,0,1,0,1,0,0,0,12192.0,2,1,1,1,0,0,1,0,8.6,267.7,0,0,0,0,0,1
163400,0.0,0.0,0,0,1,0,0.346,0.0,0,0,1,0,3.537,1.183,1,0.0,0,0,1,1,0,1,0,1,0,0,0,12192.0,2,1,1,1,0,0,1,0,9.3,273.9,0,0,0,0,0,1
163500,0.0,0.0,0,0,1,0,0.346,0.0,0,0,1,0,3.655,1.183,1,0.0,0,0,1,1,0,1,0,1,0,0,0,12192.0,2,1,1,1,0,0,1,0,8.2,273.7,0,0,0,0,0,1
163600,0.0,0.0,0,0,1,0,0.346,0.0,0,0,1,0,3.773,1.183,1,0.0,0,0,1,1,0,1,0,1,0,0,0,12192.0,2,1,1,1,0,0,1,0,9.1,274.3,0,0,0,0,0,1
163700,0.0,0.0,0,0,1,0,0.346,0.0,0,0,1,0,3.892,1.183,1,0.0,0,0,1,1,0,1,0,1,0,0,0,12192.0,2,1,1,1,0,0,1,0,8.8,268.6,0,0,0,0,0,1
163800,0.0,0.0,0,0,1,0,0.346,0.0,0,0,1,0,4.01,1.183,1,0.0,0,0,1,1,0,1,0,1,0,0,0,12192.0,2,1,1,1,0,0,1,0,8.2,275.7,0,0,0,0,0,1
163900,0.0,0.0,0,0,1,0,0.346,0.0,0,0,1,0,4.128,1.183,1,0.0,0,0,1,1,0,1,0,1,0,0,0,12192.0,2,1,1,1,0,0,1,0,9.4,270.1,0,0,0,0,0,1
164000,0.0,0.0,0,0,1,0,0.346,0.0,0,0,1,0,4.247,1.183,1,0.0,0,0,1,1,0,1,0,1,0,0,0,12192.0,2,1,1,1,0,0,1,0,8.5,270.0,0,0,0,0,0,1
164100,0.0,0.0,0,0,1,0,0.346,0.0,0,0,1,0,4.365,1.183,1,0.0,0,0,1,1,0,1,0,1,0,0,0,12192.0,2,1,1,1,0,0,1,0,9.2,269.2,0,0,0,0,0,1
164200,0.0,0.0,0,0,1,0,0.346,0.0,0,0,1,0,4.483,1.183,1,0.0,0,0,1,1,0,1,0,1,0,0,0,12192.0,2,1,1,1,0,0,1,0,8.6,267.0,0,0,0,0,0,1
164300,0.0,0.0,0,0,1,0,0.346,0.0,0,0,1,0,4.601,1.183,1,0.0,0,0,1,1,0,1,0,1,0,0,0,12192.0,2,1,1,1,0,0,1,0,8.7,267.8,0,0,0,0,0,1
164400,0.0,0.0,0,0,1,0,0.346,0.0,0,0,1,0,4.72,1.183,1,0.0,0,0,1,1,0,1,0,1,0,0,0,12192.0,2,1,1,1,0,0,1,0,8.5,269.2,0,0,0,0,0,1
164500,0.0,0.0,0,0,1,0,0.346,0.0,0,0,1,0,4.838,1.183,1,0.0,0,0,1,1,0,1,0,1,0,0,0,12192.0,2,1,1,1,0,0,1,0,8.7,267.5,0,0,0,0,0,1
164600,0.0,0.0,0,0,1,0,0.346,0.0,0,0,1,0,4.956,1.183,1,0.0,0,0,1,1,0,1,0,1,0,0,0,12192.0,2,1,1,1,0,0,1,0,8.6,269.3,0,0,0,0,0,1
164700,0.0,0.0,0,0,1,0,0.346,0.0,0,0,1,0,5.074,1.183,1,0.0,0,0,1,1,0,1,0,1,0,0,0,12192.0,2,1,1,1,0,0,1,0,9.5,270.5,0,0,0,0,0,1
164800,0.0,0.0,0,0,1,0,0.346,0.0,0,0,1,0,5.193,1.183,1,0.0,0,0,1,1,0,1,0,1,0,0,0,12192.0,2,1,1,1,0,0,1,0,8.6,271.3,0,0,0,0,0,1
164900,0.0,0.0,0,0,1,0,0.346,0.0,0,0,1,0,5.311,1.183,1,0.0,0,0,1,1,0,1,0,1,0,0,0,12192.0,2,1,1,1,0,0,1,0,8.5,269.0,0,0,0,0,0,1
165000,0.0,0.0,0,0,1,0,0.346,0.0,0,0,1,0,5.429,1.183,1,0.0,0,0,1,1,0,1,0,1,0,0,0,12192.0,2,1,1,1,0,0,1,0,8.5,269.7,0,0,0,0,0,1
165100,0.0,0.0,0,0,1,0,0.346,0.0,0,0,1,0,5.548,1.183,1,0.0,0,0,1,1,0,1,0,1,0,0,0,12192.0,2,1,1,1,0,0,1,0,8.5,266.5,0,0,0,0,0,1
165200,0.0,0.0,0,0,1,0,0.346,0.0,0,0,1,0,5.666,1.183,1,0.0,0,0,1,1,0,1,0,1,0,0,0,12192.0,2,1,1,1,0,0,1,0,8.3,270.5,0,0,0,0,0,1
165300,0.0,0.0,0,0,1,0,0.346,0.0,0,0,1,0,5.784,1.183,1,0.0,0,0,1,1,0,1,0,1,0,0,0,12192.0,2,1,1,1,0,0,1,0,8.2,274.0,0,0,0,0,0,1
165400,0.0,0.0,0,0,1,0,0.346,0.0,0,0,1,0,5.902,1.183,1,0.0,0,0,1,1,0,1,0,1,0,0,0,12192.0,2,1,1,1,0,0,1,0,7.6,270.4,0,0,0,0,0,1
165500,0.0,0.0,0,0,1,0,0.346,0.0,0,0,1,0,6.021,1.183,1,0.0,0,0,1,1,0,1,0,1,0,0,0,12192.0,2,1,1,1,0,0,1,0,7.9,267.4,0,0,0,0,0,1
165600,0.0,0.0,0,0,1,0,0.346,0.0,0,0,1,0,6.139,1.183,1,0.0,0,0,1,1,0,1,0,1,0,0,0,12192.0,2,1,1,1,0,0,1,0,8.2,272.0,0,0,0,0,0,1
165700,0.0,0.0,0,0,1,0,0.346,0.0,0,0,1,0,6.257,1.183,1,0.0,0,0,1,1,0,1,0,1,0,0,0,12192.0,2,1,1,1,0,0,1,0,7.8,268.8,0,0,0,0,0,1
165800,0.0,0.0,0,0,1,0,0.346,0.0,0,0,1,0,6.375,1.183,1,0.0,0,0,1,1,0,1,0,1,0,0,0,12192.0,2,1,1,1,0,0,1,0,8.1,267.9,0,0,0,0,0,1
165900,0.0,0.0,0,0,1,0,0.346,0.0,0,0,1,0,6.494,1.183,1,0.0,0,0,1,1,0,1,0,1,0,0,0,12192.0,2,1,1,1,0,0,1,0,7.8,271.1,0,0,0,0,0,1
166000,0.0,0.0,0,0,1,0,0.346,0.0,0,0,1,0,6.612,1.183,1,0.0,0,0,1,1,0,1,0,1,0,0,0,12192.0,2,1,1,1,0,0,1,0,7.4,273.1,0,0,0,0,0,1
166100,0.0,0.0,0,0,1,0,0.346,0.0,0,0,1,0,6.73,1.183,1,0.0,0,0,1,1,0,1,0,1,0,0,0,12192.0,2,1,1,1,0,0,1,0,7.6,273.2,0,0,0,0,0,1
166200,0.0,0.0,0,0,1,0,0.346,0.0,0,0,1,0,6.849,1.183,1,0.0,0,0,1,1,0,1,0,1,0,0,0,12192.0,2,1,1,1,0,0,1,0,7.9,265.6,0,0,0,0,0,1
166300,0.0,0.0,0,0,1,0,0.346,0.0,0,0,1,0,6.967,1.183,1,0.0,0,0,1,1,0,1,0,1,0,0,0,12192.0,2,1,1,1,0,0,1,0,7.9,272.9,0,0,0,0,0,1
166400,0.0,0.0,0,0,1,0,0.346,0.0,0,0,1,0,7.085,1.183,1,0.0,0,0,1,1,0,1,0,1,0,0,0,12192.0,2,1,1,1,0,0,1,0,8.2,270.6,0,0,0,0,0,1
166500,0.0,0.0,0,0,1,0,0.346,0.0,0,0,1,0,7.203,1.183,1,0.0,0,0,1,1,0,1,0,1,0,0,0,12192.0,2,1,1,1,0,0,1,0,7.0,269.6,0,0,0,0,0,1
166600,0.0,0.0,0,0,1,0,0.346,0.0,0,0,1,0,7.322,1.183,1,0.0,0,0,1,1,0,1,0,1,0,0,0,12192.0,2,1,1,1,0,0,1,0,7.9,269.3,0,0,0,0,0,1
166700,0.0,0.0,0,0,1,0,0.346,0.0,0,0,1,0,7.44,1.183,1,0.0,0,0,1,1,0,1,0,1,0,0,0,12192.0,2,1,1,1,0,0,1,0,7.5,272.0,0,0,0,0,0,1
166800,0.0,0.0,0,0,1,0,0.346,0.0,0,0,1,0,7.558,1.183,1,0.0,0,0,1,1,0,1,0,1,0,0,0,12192.0,2,1,1,1,0,0,1,0,7.4,268.9,0,0,0,0,0,1
166900,0.0,0.0,0,0,1,0,0.346,0.0,0,0,1,0,7.676,1.183,1,0.0,0,0,1,1,0,1,0,1,0,0,0,12192.0,2,1,1,1,0,0,1,0,7.5,268.6,0,0,0,0,0,1
167000,0.0,0.0,0,0,1,0,0.346,0.0,0,0,1,0,7.795,1.183,1,0.0,0,0,1,1,0,1,0,1,0,0,0,12192.0,2,1,1,1,0,0,1,0,7.3,270.2,0,0,0,0,0,1
167100,0.0,0.0,0,0,1,0,0.346,0.0,0,0,1,0,7.913,1.183,1,0.0,0,0,1,1,0,1,0,1,0,0,0,12192.0,2,1,1,1,0,0,1,0,7.9,270.6,0,0,0,0,0,1
167200,0.0,0.0,0,0,1,0,0.346,0.0,0,0,1,0,8.031,1.183,1,0.0,0,0,1,1,0,1,0,1,0,0,0,12192.0,2,1,1,1,0,0,1,0,7.4,268.7,0,0,0,0,0,1
167300,0.0,0.0,0,0,1,0,0.346,0.0,0,0,1,0,8.15,1.183,1,0.0,0,0,1,1,0,1,0,1,0,0,0,12192.0,2,1,1,1,0,0,1,0,7.9,268.5,0,0,0,0,0,1
167400,0.0,0.0,0,0,1,0,0.346,0.0,0,0,1,0,8.268,1.183,1,0.0,0,0,1,1,0,1,0,1,0,0,0,12192.0,2,1,1,1,0,0,1,0,8.1,267.3,0,0,0,0,0,1
167500,0.0,0.0,0,0,1,0,0.346,0.0,0,0,1,0,8.386,1.183,1,0.0,0,0,1,1,0,1,0,1,0,0,0,12192.0,2,1,1,1,0,0,1,0,7.6,268.6,0,0,0,0,0,1
167600,0.0,0.0,0,0,1,0,0.346,0.0,0,0,1,0,8.504,1.183,1,0.0,0,0,1,1,0,1,0,1,0,0,0,12192.0,2,1,1,1,0,0,1,0,7.1,267.8,0,0,0,0,0,1
167700,0.0,0.0,0,0,1,0,0.346,0.0,0,0,1,0,8.623,1.183,1,0.0,0,0,1,1,0,1,0,1,0,0,0,12192.0,2,1,1,1,0,0,1,0,7.5,267.6,0,0,0,0,0,1
167800,0.0,0.0,0,0,1,0,0.346,0.0,0,0,1,0,8.741,1.183,1,0.0,0,0,1,1,0,1,0,1,0,0,0,12192.0,2,1,1,1,0,0,1,0,8.4,271.2,0,0,0,0,0,1
167900,0.0,0.0,0,0,1,0,0.346,0.0,0,0,1,0,8.859,1.183,1,0.0,0,0,1,1,0,1,0,1,0,0,0,12192.0,2,1,1,1,0,0,1,0,7.1,271.1,0,0,0,0,0,1
168000,0.0,0.0,0,0,1,0,0.346,0.0,0,0,1,0,8.977,1.183,1,0.0,0,0,1,1,0,1,0,1,0,0,0,12192.0,2,1,1,1,0,0,1,0,7.9,269.4,0,0,0,0,0,1
168100,0.0,0.0,0,0,1,0,0.346,0.0,0,0,1,0,9.096,1.183,1,0.0,0,0,1,1,0,1,0,1,0,0,0,12192.0,2,1,1,1,0,0,1,0,7.1,268.1,0,0,0,0,0,1
168200,0.0,0.0,0,0,1,0,0.346,0.0,0,0,1,0,9.214,1.183,1,0.0,0,0,1,1,0,1,0,1,0,0,0,12192.0,2,1,1,1,0,0,1,0,7.5,271.3,0,0,0,0,0,1
168300,0.0,0.0,0,0,1,0,0.346,0.0,0,0,1,0,9.332,1.183,1,0.0,0,0,1,1,0,1,0,1,0,0,0,12192.0,2,1,1,1,0,0,1,0,8.0,271.3,0,0,0,0,0,1
168400,0.0,0.0,0,0,1,0,0.346,0.0,0,0,1,0,9.451,1.183,1,0.0,0,0,1,1,0,1,0,1,0,0,0,12192.0,2,1,1,1,0,0,1,0,7.4,273.5,0,0,0,0,0,1
168500,0.0,0.0,0,0,1,0,0.346,0.0,0,0,1,0,9.569,1.183,1,0.0,0,0,1,1,0,1,0,1,0,0,0,12192.0,2,1,1,1,0,0,1,0,7.2,271.7,0,0,0,0,0,1
168600,0.0,0.0,0,0,1,0,0.346,0.0,0,0,1,0,9.687,1.183,1,0.0,0,0,1,1,0,1,0,1,0,0,0,12192.0,2,1,1,1,0,0,1,0,7.6,271.6,0,0,0,0,0,1
168700,0.0,0.0,0,0,1,0,0.346,0.0,0,0,1,0,9.805,1.183,1,0.0,0,0,1,1,0,1,0,1,0,0,0,12192.0,2,1,1,1,0,0,1,0,7.2,272.5,0,0,0,0,0,1
168800,0.0,0.0,0,0,1,0,0.346,0.0,0,0,1,0,9.924,1.183,1,0.0,0,0,1,1,0,1,0,1,0,0,0,12192.0,2,1,1,1,0,0,1,0,7.9,267.7,0,0,0,0,0,1
168900,0.0,0.0,0,0,1,0,0.346,0.0,0,0,1,0,10.042,1.183,1,0.0,0,0,1,1,0,1,0,1,0,0,0,12192.0,2,1,1,1,0,0,1,0,7.3,269.6,0,0,0,0,0,1
169000,0.0,0.0,0,0,1,0,0.346,0.0,0,0,1,0,10.16,1.183,1,0.0,0,0,1,1,0,1,0,1,0,0,0,12192.0,2,1,1,1,0,0,1,0,7.8,270.0,0,0,0,0,0,1
169100,0.0,0.0,0,0,1,0,0.346,0.0,0,0,1,0,10.278,1.183,1,0.0,0,0,1,1,0,1,0,1,0,0,0,12192.0,2,1,1,1,0,0,1,0,8.2,273.7,0,0,0,0,0,1
169200,0.0,0.0,0,0,1,0,0.346,0.0,0,0,1,0,10.397,1.183,1,0.0,0,0,1,1,0,1,0,1,0,0,0,12192.0,2,1,1,1,0,0,1,0,7.9,270.0,0,0,0,0,0,1
169300,0.0,0.0,0,0,1,0,0.346,0.0,0,0,1,0,10.515,1.183,1,0.0,0,0,1,1,0,1,0,1,0,0,0,12192.0,2,1,1,1,0,0,1,0,9.0,269.5,0,0,0,0,0,1
169400,0.0,0.0,0,0,1,0,0.346,0.0,0,0,1,0,10.633,1.183,1,0.0,0,0,1,1,0,1,0,1,0,0,0,12192.0,2,1,1,1,0,0,1,0,7.6,268.3,0,0,0,0,0,1
169500,0.0,0.0,0,0,1,0,0.346,0.0,0,0,1,0,10.752,1.183,1,0.0,0,0,1,1,0,1,0,1,0,0,0,12192.0,2,1,1,1,0,0,1,0,7.3,271.0,0,0,0,0,0,1
169600,0.0,0.0,0,0,1,0,0.346,0.0,0,0,1,0,10.87,1.183,1,0.0,0,0,1,1,0,1,0,1,0,0,0,12192.0,2,1,1,1,0,0,1,0,7.5,272.3,0,0,0,0,0,1
169700,0.0,0.0,0,0,1,0,0.346,0.0,0,0,1,0,10.988,1.183,1,0.0,0,0,1,1,0,1,0,1,0,0,0,12192.0,2,1,1,1,0,0,1,0,7.7,265.7,0,0,0,0,0,1
169800,0.0,0.0,0,0,1,0,0.346,0.0,0,0,1,0,11.106,1.183,1,0.0,0,0,1,1,0,1,0,1,0,0,0,12192.0,2,1,1,1,0,0,1,0,8.5,270.3,0,0,0,0,0,1
169900,0.0,0.0,0,0,1,0,0.346,0.0,0,0,1,0,11.225,1.183,1,0.0,0,0,1,1,0,1,0,1,0,0,0,12192.0,2,1,1,1,0,0,1,0,7.6,271.7,0,0,0,0,0,1
170000,0.0,0.0,0,0,1,0,0.346,0.0,0,0,1,0,11.343,1.183,1,0.0,0,0,1,1,0,1,0,1,0,0,0,12192.0,2,1,1,1,0,0,1,0,7.5,271.7,0,0,0,0,0,1
170100,0.0,0.0,0,0,1,0,0.346,0.0,0,0,1,0,11.461,1.183,1,0.0,0,0,1,1,0,1,0,1,0,0,0,12192.0,2,1,1,1,0,0,1,0,7.5,269.8,0,0,0,0,0,1
170200,0.0,0.0,0,0,1,0,0.346,0.0,0,0,1,0,11.58,1.183,1,0.0,0,0,1,1,0,1,0,1,0,0,0,12192.0,2,1,1,1,0,0,1,0,7.5,270.3,0,0,0,0,0,1
170300,0.0,0.0,0,0,1,0,0.346,0.0,0,0,1,0,11.698,1.183,1,0.0,0,0,1,1,0,1,0,1,0,0,0,12192.0,2,1,1,1,0,0,1,0,8.4,271.2,0,0,0,0,0,1
170400,0.0,0.0,0,0,1,0,0.346,0.0,0,0,1,0,11.816,1.183,1,0.0,0,0,1,1,0,1,0,1,0,0,0,12192.0,2,1,1,1,0,0,1,0,8.2,266.1,0,0,0,0,0,1
170500,0.0,0.0,0,0,1,0,0.346,0.0,0,0,1,0,11.934,1.183,1,0.0,0,0,1,1,0,1,0,1,0,0,0,12192.0,2,1,1,1,0,0,1,0,8.0,270.2,0,0,0,0,0,1
170600,0.0,0.0,0,0,1,0,0.346,0.0,0,0,1,0,12.053,1.183,1,0.0,0,0,1,1,0,1,0,1,0,0,0,12192.0,2,1,1,1,0,0,1,0,8.5,273.9,0,0,0,0,0,1
170700,0.0,0.0,0,0,1,0,0.346,0.0,0,0,1,0,12.171,1.183,1,0.0,0,0,1,1,0,1,0,1,0,0,0,12192.0,2,1,1,1,0,0,1,0,7.8,273.9,0,0,0,0,0,1
170800,0.0,0.0,0,0,1,0,0.346,0.0,0,0,1,0,12.289,1.183,1,0.0,0,0,1,1,0,1,0,1,0,0,0,12192.0,2,1,1,1,0,0,1,0,8.2,269.0,0,0,0,0,0,1
170900,0.0,0.0,0,0,1,0,0.346,0.0,0,0,1,0,12.407,1.183,1,0.0,0,0,1,1,0,1,0,1,0,0,0,12192.0,2,1,1,1,0,0,1,0,8.6,272.4,0,0,0,0,0,1
171000,0.0,0.0,0,0,1,0,0.346,0.0,0,0,1,0,12.526,1.183,1,0.0,0,0,1,1,0,1,0,1,0,0,0,12192.0,2,1,1,1,0,0,1,0,8.1,272.2,0,0,0,0,0,1
171100,0.0,0.0,0,0,1,0,0.346,0.0,0,0,1,0,12.644,1.183,1,0.0,0,0,1,1,0,1,0,1,0,0,0,12192.0,2,1,1,1,0,0,1,0,8.8,271.9,0,0,0,0,0,1
171200,0.0,0.0,0,0,1,0,0.346,0.0,0,0,1,0,12.762,1.183,1,0.0,0,0,1,1,0,1,0,1,0,0,0,12192.0,2,1,1,1,0,0,1,0,9.0,272.8,0,0,0,0,0,1
171300,0.0,0.0,0,0,1,0,0.346,0.0,0,0,1,0,12.881,1.183,1,0.0,0,0,1,1,0,1,0,1,0,0,0,12192.0,2,1,1,1,0,0,1,0,8.5,268.1,0,0,0,0,0,1
171400,0.0,0.0,0,0,1,0,0.346,0.0,0,0,1,0,12.999,1.183,1,0.0,0,0,1,1,0,1,0,1,0,0,0,12192.0,2,1,1,1,0,0,1,0,7.9,266.8,0,0,0,0,0,1
171500,0.0,0.0,0,0,1,0,0.346,0.0,0,0,1,0,13.117,1.183,1,0.0,0,0,1,1,0,1,0,1,0,0,0,12192.0,2,1,1,1,0,0,1,0,8.4,271.4,0,0,0,0,0,1
171600,0.0,0.0,0,0,1,0,0.346,0.0,0,0,1,0,13.235,1.183,1,0.0,0,0,1,1,0,1,0,1,0,0,0,12192.0,2,1,1,1,0,0,1,0,8.4,268.1,0,0,0,0,0,1
171700,0.0,0.0,0,0,1,0,0.346,0.0,0,0,1,0,13.354,1.183,1,0.0,0,0,1,1,0,1,0,1,0,0,0,12192.0,2,1,1,1,0,0,1,0,8.6,268.9,0,0,0,0,0,1
171800,0.0,0.0,0,0,1,0,0.346,0.0,0,0,1,0,13.472,1.183,1,0.0,0,0,1,1,0,1,0,1,0,0,0,12192.0,2,1,1,1,0,0,1,0,8.9,270.6,0,0,0,0,0,1
171900,0.0,0.0,0,0,1,0,0.346,0.0,0,0,1,0,13.59,1.183,1,0.0,0,0,1,1,0,1,0,1,0,0,0,12192.0,2,1,1,1,0,0,1,0,7.8,270.1,0,0,0,0,0,1
172000,0.0,0.0,0,0,1,0,0.346,0.0,0,0,1,0,13.708,1.183,1,0.0,0,0,1,1,0,1,0,1,0,0,0,12192.0,2,1,1,1,0,0,1,0,8.7,269.4,0,0,0,0,0,1
172100,0.0,0.0,0,0,1,0,0.346,0.0,0,0,1,0,13.827,1.183,1,0.0,0,0,1,1,0,1,0,1,0,0,0,12192.0,2,1,1,1,0,0,1,0,9.4,267.7,0,0,0,0,0,1
172200,0.0,0.0,0,0,1,0,0.346,0.0,0,0,1,0,13.945,1.183,1,0.0,0,0,1,1,0,1,0,1,0,0,0,12192.0,2,1,1,1,0,0,1,0,8.0,264.9,0,0,0,0,0,1
172300,0.0,0.0,0,0,1,0,0.346,0.0,0,0,1,0,14.063,1.183,1,0.0,0,0,1,1,0,1,0,1,0,0,0,12192.0,2,1,1,1,0,0,1,0,8.4,273.6,0,0,0,0,0,1
172400,0.0,0.0,0,0,1,0,0.346,0.0,0,0,1,0,14.182,1.183,1,0.0,0,0,1,1,0,1,0,1,0,0,0,12192.0,2,1,1,1,0,0,1,0,8.7,271.9,0,0,0,0,0,1
172500,0.0,0.0,0,0,1,0,0.346,0.0,0,0,1,0,14.3,1.183,1,0.0,0,0,1,1,0,1,0,1,0,0,0,12192.0,2,1,1,1,0,0,1,0,8.4,268.5,0,0,0,0,0,1
172600,0.0,0.0,0,0,1,0,0.346,0.0,0,0,1,0,14.418,1.183,1,0.0,0,0,1,1,0,1,0,1,0,0,0,12192.0,2,1,1,1,0,0,1,0,8.3,267.4,0,0,0,0,0,1
172700,0.0,0.0,0,0,1,0,0.346,0.0,0,0,1,0,14.536,1.183,1,0.0,0,0,1,1,0,1,0,1,0,0,0,12192.0,2,1,1,1,0,0,1,0,8.3,272.0,0,0,0,0,0,1
172800,0.0,0.0,0,0,1,0,0.346,0.0,0,0,1,0,14.655,1.183,1,0.0,0,0,1,1,0,1,0,1,0,0,0,12192.0,2,1,1,1,0,0,1,0,8.7,274.0,0,0,0,0,0,1
172900,0.0,0.0,0,0,1,0,0.346,0.0,0,0,1,0,14.773,1.183,1,0.0,0,0,1,1,0,1,0,1,0,0,0,12192.0,2,1,1,1,0,0,1,0,8.8,269.4,0,0,0,0,0,1
173000,0.0,0.0,0,0,1,0,0.346,0.0,0,0,1,0,14.891,1.183,1,0.0,0,0,1,1,0,1,0,1,0,0,0,12192.0,2,1,1,1,0,0,1,0,7.8,272.9,0,0,0,0,0,1
173100,0.0,0.0,0,0,1,0,0.346,0.0,0,0,1,0,15.009,1.183,1,0.0,0,0,1,1,0,1,0,1,0,0,0,12192.0,2,1,1,1,0,0,1,0,8.2,269.7,0,0,0,0,0,1
173200,0.0,0.0,0,0,1,0,0.346,0.0,0,0,1,0,15.128,1.183,1,0.0,0,0,1,1,0,1,0,1,0,0,0,12192.0,2,1,1,1,0,0,1,0,8.1,267.8,0,0,0,0,0,1
173300,0.0,0.0,0,0,1,0,0.346,0.0,0,0,1,0,15.246,1.183,1,0.0,0,0,1,1,0,1,0,1,0,0,0,12192.0,2,1,1,1,0,0,1,0,7.6,271.7,0,0,0,0,0,1
173400,0.0,0.0,0,0,1,0,0.346,0.0,0,0,1,0,15.364,1.183,1,0.0,0,0,1,1,0,1,0,1,0,0,0,12192.0,2,1,1,1,0,0,1,0,8.3,266.4,0,0,0,0,0,1
173500,0.0,0.0,0,0,1,0,0.346,0.0,0,0,1,0,15.483,1.183,1,0.0,0,0,1,1,0,1,0,1,0,0,0,12192.0,2,1,1,1,0,0,1,0,8.5,265.4,0,0,0,0,0,1
173600,0.0,0.0,0,0,1,0,0.346,0.0,0,0,1,0,15.601,1.183,1,0.0,0,0,1,1,0,1,0,1,0,0,0,12192.0,2,1,1,1,0,0,1,0,9.2,268.3,0,0,0,0,0,1
173700,0.0,0.0,0,0,1,0,0.346,0.0,0,0,1,0,15.719,1.183,1,0.0,0,0,1,1,0,1,0,1,0,0,0,12192.0,2,1,1,1,0,0,1,0,9.2,267.0,0,0,0,0,0,1
173800,0.0,0.0,0,0,1,0,0.346,0.0,0,0,1,0,15.837,1.183,1,0.0,0,0,1,1,0,1,0,1,0,0,0,12192.0,2,1,1,1,0,0,1,0,8.2,273.0,0,0,0,0,0,1
173900,0.0,0.0,0,0,1,0,0.346,0.0,0,0,1,0,15.956,1.183,1,0.0,0,0,1,1,0,1,0,1,0,0,0,12192.0,2,1,1,1,0,0,1,0,7.8,270.8,0,0,0,0,0,1
174000,0.0,0.0,0,0,1,0,0.346,0.0,0,0,1,0,16.074,1.183,1,0.0,0,0,1,1,0,1,0,1,0,0,0,12192.0,2,1,1,1,0,0,1,0,8.6,272.1,0,0,0,0,0,1
174100,0.0,0.0,0,0,1,0,0.346,0.0,0,0,1,0,16.192,1.183,1,0.0,0,0,1,1,0,1,0,1,0,0,0,12192.0,2,1,1,1,0,0,1,0,8.2,270.7,0,0,0,0,0,1
174200,0.0,0.0,0,0,1,0,0.346,0.0,0,0,1,0,16.31,1.183,1,0.0,0,0,1,1,0,1,0,1,0,0,0,12192.0,2,1,1,1,0,0,1,0,8.2,267.0,0,0,0,0,0,1
174300,0.0,0.0,0,0,1,0,0.346,0.0,0,0,1,0,16.429,1.183,1,0.0,0,0,1,1,0,1,0,1,0,0,0,12192.0,2,1,1,1,0,0,1,0,7.9,269.7,0,0,0,0,0,1
174400,0.0,0.0,0,0,1,0,0.346,0.0,0,0,1,0,16.547,1.183,1,0.0,0,0,1,1,0,1,0,1,0,0,0,12192.0,2,1,1,1,0,0,1,0,7.9,269.8,0,0,0,0,0,1
174500,0.0,0.0,0,0,1,0,0.346,0.0,0,0,1,0,16.665,1.183,1,0.0,0,0,1,1,0,1,0,1,0,0,0,12192.0,2,1,1,1,0,0,1,0,8.5,272.4,0,0,0,0,0,1
174600,0.0,0.0,0,0,1,0,0.346,0.0,0,0,1,0,16.784,1.183,1,0.0,0,0,1,1,0,1,0,1,0,0,0,12192.0,2,1,1,1,0,0,1,0,8.9,271.8,0,0,0,0,0,1
174700,0.0,0.0,0,0,1,0,0.346,0.0,0,0,1,0,16.902,1.183,1,0.0,0,0,1,1,0,1,0,1,0,0,0,12192.0,2,1,1,1,0,0,1,0,8.5,267.9,0,0,0,0,0,1
174800,0.0,0.0,0,0,1,0,0.346,0.0,0,0,1,0,17.02,1.183,1,0.0,0,0,1,1,0,1,0,1,0,0,0,12192.0,2,1,1,1,0,0,1,0,8.1,271.2,0,0,0,0,0,1
174900,0.0,0.0,0,0,1,0,0.346,0.0,0,0,1,0,17.138,1.183,1,0.0,0,0,1,1,0,1,0,1,0,0,0,12192.0,2,1,1,1,0,0,1,0,7.5,266.3,0,0,0,0,0,1
175000,0.0,0.0,0,0,1,0,0.346,0.0,0,0,1,0,17.257,1.183,1,0.0,0,0,1,1,0,1,0,1,0,0,0,12192.0,2,1,1,1,0,0,1,0,7.8,269.8,0,0,0,0,0,1
175100,0.0,0.0,0,0,1,0,0.346,0.0,0,0,1,0,17.375,1.183,1,0.0,0,0,1,1,0,1,0,1,0,0,0,12192.0,2,1,1,1,0,0,1,0,8.4,272.2,0,0,0,0,0,1
175200,0.0,0.0,0,0,1,0,0.346,0.0,0,0,1,0,17.493,1.183,1,0.0,0,0,1,1,0,1,0,1,0,0,0,12192.0,2,1,1,1,0,0,1,0,8.5,269.6,0,0,0,0,0,1
175300,0.0,0.0,0,0,1,0,0.346,0.0,0,0,1,0,17.611,1.183,1,0.0,0,0,1,1,0,1,0,1,0,0,0,12192.0,2,1,1,1,0,0,1,0,8.3,272.2,0,0,0,0,0,1
175400,0.0,0.0,0,0,1,0,0.346,0.0,0,0,1,0,17.73,1.183,1,0.0,0,0,1,1,0,1,0,1,0,0,0,12192.0,2,1,1,1,0,0,1,0,8.0,269.7,0,0,0,0,0,1
175500,0.0,0.0,0,0,1,0,0.346,0.0,0,0,1,0,17.848,1.183,1,0.0,0,0,1,1,0,1,0,1,0,0,0,12192.0,2,1,1,1,0,0,1,0,6.9,269.9,0,0,0,0,0,1
175600,0.0,0.0,0,0,1,0,0.346,0.0,0,0,1,0,17.966,1.183,1,0.0,0,0,1,1,0,1,0,1,0,0,0,12192.0,2,1,1,1,0,0,1,0,8.4,267.3,0,0,0,0,0,1
175700,0.0,0.0,0,0,1,0,0.346,0.0,0,0,1,0,18.085,1.183,1,0.0,0,0,1,1,0,1,0,1,0,0,0,12192.0,2,1,1,1,0,0,1,0,7.7,272.6,0,0,0,0,0,1
175800,0.0,0.0,0,0,1,0,0.346,0.0,0,0,1,0,18.203,1.183,1,0.0,0,0,1,1,0,1,0,1,0,0,0,12192.0,2,1,1,1,0,0,1,0,6.9,271.1,0,0,0,0,0,1
175900,0.0,0.0,0,0,1,0,0.346,0.0,0,0,1,0,18.321,1.183,1,0.0,0,0,1,1,0,1,0,1,0,0,0,12192.0,2,1,1,1,0,0,1,0,7.5,273.9,0,0,0,0,0,1
176000,0.0,0.0,0,0,1,0,0.346,0.0,0,0,1,0,18.439,1.183,1,0.0,0,0,1,1,0,1,0,1,0,0,0,12192.0,2,1,1,1,0,0,1,0,8.1,274.5,0,0,0,0,0,1
176100,0.0,0.0,0,0,1,0,0.346,0.0,0,0,1,0,18.558,1.183,1,0.0,0,0,1,1,0,1,0,1,0,0,0,12192.0,2,1,1,1,0,0,1,0,7.5,271.1,0,0,0,0,0,1
176200,0.0,0.0,0,0,1,0,0.346,0.0,0,0,1,0,18.676,1.183,1,0.0,0,0,1,1,0,1,0,1,0,0,0,12192.0,2,1,1,1,0,0,1,0,7.7,270.4,0,0,0,0,0,1
176300,0.0,0.0,0,0,1,0,0.346,0.0,0,0,1,0,18.794,1.183,1,0.0,0,0,1,1,0,1,0,1,0,0,0,12192.0,2,1,1,1,0,0,1,0,6.8,268.9,0,0,0,0,0,1
176400,0.0,0.0,0,0,1,0,0.346,0.0,0,0,1,0,18.912,1.183,1,0.0,0,0,1,1,0,1,0,1,0,0,0,12192.0,2,1,1,1,0,0,1,0,6.9,269.4,0,0,0,0,0,1
176500,0.0,0.0,0,0,1,0,0.346,0.0,0,0,1,0,19.031,1.183,1,0.0,0,0,1,1,0,1,0,1,0,0,0,12192.0,2,1,1,1,0,0,1,0,7.3,266.0,0,0,0,0,0,1
176600,0.0,0.0,0,0,1,0,0.346,0.0,0,0,1,0,19.149,1.183,1,0.0,0,0,1,1,0,1,0,1,0,0,0,12192.0,2,1,1,1,0,0,1,0,6.7,267.4,0,0,0,0,0,1
176700,0.0,0.0,0,0,1,0,0.346,0.0,0,0,1,0,19.267,1.183,1,0.0,0,0,1,1,0,1,0,1,0,0,0,12192.0,2,1,1,1,0,0,1,0,7.2,271.8,0,0,0,0,0,1
176800,0.0,0.0,0,0,1,0,0.346,0.0,0,0,1,0,19.386,1.183,1,0.0,0,0,1,1,0,1,0,1,0,0,0,12192.0,2,1,1,1,0,0,1,0,7.4,271.3,0,0,0,0,0,1
176900,0.0,0.0,0,0,1,0,0.346,0.0,0,0,1,0,19.504,1.183,1,0.0,0,0,1,1,0,1,0,1,0,0,0,12192.0,2,1,1,1,0,0,1,0,7.0,269.1,0,0,0,0,0,1
177000,0.0,0.0,0,0,1,0,0.346,0.0,0,0,1,0,19.622,1.183,1,0.0,0,0,1,1,0,1,0,1,0,0,0,12192.0,2,1,1,1,0,0,1,0,7.6,272.8,0,0,0,0,0,1
177100,0.0,0.0,0,0,1,0,0.346,0.0,0,0,1,0,19.74,1.183,1,0.0,0,0,1,1,0,1,0,1,0,0,0,12192.0,2,1,1,1,0,0,1,0,6.2,269.2,0,0,0,0,0,1
177200,0.0,0.0,0,0,1,0,0.346,0.0,0,0,1,0,19.859,1.183,1,0.0,0,0,1,1,0,1,0,1,0,0,0,12192.0,2,1,1,1,0,0,1,0,6.3,272.1,0,0,0,0,0,1
177300,0.0,0.0,0,0,1,0,0.346,0.0,0,0,1,0,19.977,1.183,1,0.0,0,0,1,1,0,1,0,1,0,0,0,12192.0,2,1,1,1,0,0,1,0,7.0,276.5,0,0,0,0,0,1
177400,0.0,0.0,0,0,1,0,0.346,0.0,0,0,1,0,20.095,1.183,1,0.0,0,0,1,1,0,1,0,1,0,0,0,12192.0,2,1,1,1,0,0,1,0,7.5,269.7,0,0,0,0,0,1
177500,0.0,0.0,0,0,1,0,0.346,0.0,0,0,1,0,20.214,1.183,1,0.0,0,0,1,1,0,1,0,1,0,0,0,12192.0,2,1,1,1,0,0,1,0,8.1,267.1,0,0,0,0,0,1
177600,0.0,0.0,0,0,1,0,0.346,0.0,0,0,1,0,20.332,1.183,1,0.0,0,0,1,1,0,1,0,1,0,0,0,12192.0,2,1,1,1,0,0,1,0,7.3,271.4,0,0,0,0,0,1
177700,0.0,0.0,0,0,1,0,0.346,0.0,0,0,1,0,20.45,1.183,1,0.0,0,0,1,1,0,1,0,1,0,0,0,12192.0,2,1,1,1,0,0,1,0,8.6,266.6,0,0,0,0,0,1
177800,0.0,0.0,0,0,1,0,0.346,0.0,0,0,1,0,20.568,1.183,1,0.0,0,0,1,1,0,1,0,1,0,0,0,12192.0,2,1,1,1,0,0,1,0,6.8,268.4,0,0,0,0,0,1
177900,0.0,0.0,0,0,1,0,0.346,0.0,0,0,1,0,20.687,1.183,1,0.0,0,0,1,1,0,1,0,1,0,0,0,12192.0,2,1,1,1,0,0,1,0,7.7,271.7,0,0,0,0,0,1
178000,0.0,0.0,0,0,1,0,0.346,0.0,0,0,1,0,20.805,1.183,1,0.0,0,0,1,1,0,1,0,1,0,0,0,12192.0,2,1,1,1,0,0,1,0,8.4,263.4,0,0,0,0,0,1
178100,0.0,0.0,0,0,1,0,0.346,0.0,0,0,1,0,20.923,1.183,1,0.0,0,0,1,1,0,1,0,1,0,0,0,12192.0,2,1,1,1,0,0,1,0,7.7,270.7,0,0,0,0,0,1
178200,0.0,0.0,0,0,1,0,0.346,0.0,0,0,1,0,21.041,1.183,1,0.0,0,0,1,1,0,1,0,1,0,0,0,12192.0,2,1,1,1,0,0,1,0,7.3,272.7,0,0,0,0,0,1
178300,0.0,0.0,0,0,1,0,0.346,0.0,0,0,1,0,21.16,1.183,1,0.0,0,0,1,1,0,1,0,1,0,0,0,12192.0,2,1,1,1,0,0,1,0,7.4,272.1,0,0,0,0,0,1
178400,0.0,0.0,0,0,1,0,0.346,0.0,0,0,1,0,21.278,1.183,1,0.0,0,0,1,1,0,1,0,1,0,0,0,12192.0,2,1,1,1,0,0,1,0,8.4,268.4,0,0,0,0,0,1
178500,0.0,0.0,0,0,1,0,0.346,0.0,0,0,1,0,21.396,1.183,1,0.0,0,0,1,1,0,1,0,1,0,0,0,12192.0,2,1,1,1,0,0,1,0,7.5,271.0,0,0,0,0,0,1
178600,0.0,0.0,0,0,1,0,0.346,0.0,0,0,1,0,21.515,1.183,1,0.0,0,0,1,1,0,1,0,1,0,0,0,12192.0,2,1,1,1,0,0,1,0,8.0,269.2,0,0,0,0,0,1
178700,0.0,0.0,0,0,1,0,0.346,0.0,0,0,1,0,21.633,1.183,1,0.0,0,0,1,1,0,1,0,1,0,0,0,12192.0,2,1,1,1,0,0,1,0,7.1,271.7,0,0,0,0,0,1
178800,0.0,0.0,0,0,1,0,0.346,0.0,0,0,1,0,21.751,1.183,1,0.0,0,0,1,1,0,1,0,1,0,0,0,12192.0,2,1,1,1,0,0,1,0,7.2,272.5,0,0,0,0,0,1
178900,0.0,0.0,0,0,1,0,0.346,0.0,0,0,1,0,21.869,1.183,1,0.0,0,0,1,1,0,1,0,1,0,0,0,12192.0,2,1,1,1,0,0,1,0,8.6,273.0,0,0,0,0,0,1
179000,0.0,0.0,0,0,1,0,0.346,0.0,0,0,1,0,21.988,1.183,1,0.0,0,0,1,1,0,1,0,1,0,0,0,12192.0,2,1,1,1,0,0,1,0,7.6,272.7,0,0,0,0,0,1
179100,0.0,0.0,0,0,1,0,0.346,0.0,0,0,1,0,22.106,1.183,1,0.0,0,0,1,1,0,1,0,1,0,0,0,12192.0,2,1,1,1,0,0,1,0,8.1,267.2,0,0,0,0,0,1
179200,0.0,0.0,0,0,1,0,0.346,0.0,0,0,1,0,22.224,1.183,1,0.0,0,0,1,1,0,1,0,1,0,0,0,12192.0,2,1,1,1,0,0,1,0,8.0,270.0,0,0,0,0,0,1
179300,0.0,0.0,0,0,1,0,0.346,0.0,0,0,1,0,22.342,1.183,1,0.0,0,0,1,1,0,1,0,1,0,0,0,12192.0,2,1,1,1,0,0,1,0,8.1,274.8,0,0,0,0,0,1
179400,0.0,0.0,0,0,1,0,0.346,0.0,0,0,1,0,22.461,1.183,1,0.0,0,0,1,1,0,1,0,1,0,0,0,12192.0,2,1,1,1,0,0,1,0,8.4,271.4,0,0,0,0,0,1
179500,0.0,0.0,0,0,1,0,0.346,0.0,0,0,1,0,22.579,1.183,1,0.0,0,0,1,1,0,1,0,1,0,0,0,12192.0,2,1,1,1,0,0,1,0,8.7,269.0,0,0,0,0,0,1
179600,0.0,0.0,0,0,1,0,0.346,0.0,0,0,1,0,22.697,1.183,1,0.0,0,0,1,1,0,1,0,1,0,0,0,12192.0,2,1,1,1,0,0,1,0,7.5,266.9,0,0,0,0,0,1
179700,0.0,0.0,0,0,1,0,0.346,0.0,0,0,1,0,22.816,1.183,1,0.0,0,0,1,1,0,1,0,1,0,0,0,12192.0,2,1,1,1,0,0,1,0,7.5,268.4,0,0,0,0,0,1
179800,0.0,0.0,0,0,1,0,0.346,0.0,0,0,1,0,22.934,1.183,1,0.0,0,0,1,1,0,1,0,1,0,0,0,12192.0,2,1,1,1,0,0,1,0,7.9,270.6,0,0,0,0,0,1
179900,0.0,0.0,0,0,1,0,0.346,0.0,0,0,1,0,23.052,1.183,1,0.0,0,0,1,1,0,1,0,1,0,0,0,12192.0,2,1,1,1,0,0,1,0,8.2,266.4,0,0,0,0,0,1
180000,0.0,0.0,0,0,1,0,0.346,0.0,0,0,1,0,23.17,1.183,1,0.0,0,0,1,1,0,1,0,1,0,0,0,12192.0,2,1,1,1,0,0,1,0,8.2,272.1,0,0,0,0,0,1
180100,0.0,0.0,0,0,1,0,0.346,0.0,0,0,1,0,23.289,1.183,1,0.0,0,0,1,1,0,1,0,1,0,0,0,12192.0,2,1,1,1,0,0,1,0,7.8,269.2,0,0,0,0,0,1
180200,0.0,0.0,0,0,1,0,0.346,0.0,0,0,1,0,23.407,1.183,1,0.0,0,0,1,1,0,1,0,1,0,0,0,12192.0,2,1,1,1,0,0,1,0,7.8,267.1,0,0,0,0,0,1
180300,0.0,0.0,0,0,1,0,0.346,0.0,0,0,1,0,23.525,1.183,1,0.0,0,0,1,1,0,1,0,1,0,0,0,12192.0,2,1,1,1,0,0,1,0,7.9,267.5,0,0,0,0,0,1
180400,0.0,0.0,0,0,1,0,0.346,0.0,0,0,1,0,23.643,1.183,1,0.0,0,0,1,1,0,1,0,1,0,0,0,12192.0,2,1,1,1,0,0,1,0,8.1,270.9,0,0,0,0,0,1
180500,0.0,0.0,0,0,1,0,0.346,0.0,0,0,1,0,23.762,1.183,1,0.0,0,0,1,1,0,1,0,1,0,0,0,12192.0,2,1,1,1,0,0,1,0,8.8,269.4,0,0,0,0,0,1
180600,0.0,0.0,0,0,1,0,0.346,0.0,0,0,1,0,23.88,1.183,1,0.0,0,0,1,1,0,1,0,1,0,0,0,12192.0,2,1,1,1,0,0,1,0,7.8,268.0,0,0,0,0,0,1
180700,0.0,0.0,0,0,1,0,0.346,0.0,0,0,1,0,23.998,1.183,1,0.0,0,0,1,1,0,1,0,1,0,0,0,12192.0,2,1,1,1,0,0,1,0,8.7,265.5,0,0,0,0,0,1
180800,0.0,0.0,0,0,1,0,0.346,0.0,0,0,1,0,24.117,1.183,1,0.0,0,0,1,1,0,1,0,1,0,0,0,12192.0,2,1,1,1,0,0,1,0,8.8,268.4,0,0,0,0,0,1
180900,0.0,0.0,0,0,1,0,0.346,0.0,0,0,1,0,24.235,1.183,1,0.0,0,0,1,1,0,1,0,1,0,0,0,12192.0,2,1,1,1,0,0,1,0,8.4,271.3,0,0,0,0,0,1
181000,0.0,0.0,0,0,1,0,0.346,0.0,0,0,1,0,24.353,1.183,1,0.0,0,0,1,1,0,1,0,1,0,0,0,12192.0,2,1,1,1,0,0,1,0,8.4,271.6,0,0,0,0,0,1
181100,0.0,0.0,0,0,1,0,0.346,0.0,0,0,1,0,24.471,1.183,1,0.0,0,0,1,1,0,1,0,1,0,0,0,12192.0,2,1,1,1,0,0,1,0,9.4,268.2,0,0,0,0,0,1
181200,0.0,0.0,0,0,1,0,0.346,0.0,0,0,1,0,24.59,1.183,1,0.0,0,0,1,1,0,1,0,1,0,0,0,12192.0,2,1,1,1,0,0,1,0,7.8,268.4,0,0,0,0,0,1
181300,0.0,0.0,0,0,1,0,0.346,0.0,0,0,1,0,24.708,1.183,1,0.0,0,0,1,1,0,1,0,1,0,0,0,12192.0,2,1,1,1,0,0,1,0,9.1,267.4,0,0,0,0,0,1
181400,0.0,0.0,0,0,1,0,0.346,0.0,0,0,1,0,24.826,1.183,1,0.0,0,0,1,1,0,1,0,1,0,0,0,12192.0,2,1,1,1,0,0,1,0,8.8,271.3,0,0,0,0,0,1
181500,0.0,0.0,0,0,1,0,0.346,0.0,0,0,1,0,24.944,1.183,1,0.0,0,0,1,1,0,1,0,1,0,0,0,12192.0,2,1,1,1,0,0,1,0,7.8,271.9,0,0,0,0,0,1
181600,0.0,0.0,0,0,1,0,0.346,0.0,0,0,1,0,25.063,1.183,1,0.0,0,0,1,1,0,1,0,1,0,0,0,12192.0,2,1,1,1,0,0,1,0,8.7,267.6,0,0,0,0,0,1
181700,0.0,0.0,0,0,1,0,0.346,0.0,0,0,1,0,25.181,1.183,1,0.0,0,0,1,1,0,1,0,1,0,0,0,12192.0,2,1,1,1,0,0,1,0,8.7,267.0,0,0,0,0,0,1
181800,0.0,0.0,0,0,1,0,0.346,0.0,0,0,1,0,25.299,1.183,1,0.0,0,0,1,1,0,1,0,1,0,0,0,12192.0,2,1,1,1,0,0,1,0,8.9,270.2,0,0,0,0,0,1
181900,0.0,0.0,0,0,1,0,0.346,0.0,0,0,1,0,25.418,1.183,1,0.0,0,0,1,1,0,1,0,1,0,0,0,12192.0,2,1,1,1,0,0,1,0,8.4,274.1,0,0,0,0,0,1
182000,0.0,0.0,0,0,1,0,0.346,0.0,0,0,1,0,25.536,1.183,1,0.0,0,0,1,1,0,1,0,1,0,0,0,12192.0,2,1,1,1,0,0,1,0,8.5,269.0,0,0,0,0,0,1
182100,0.0,0.0,0,0,1,0,0.346,0.0,0,0,1,0,25.654,1.183,1,0.0,0,0,1,1,0,1,0,1,0,0,0,12192.0,2,1,1,1,0,0,1,0,8.0,272.1,0,0,0,0,0,1
182200,0.0,0.0,0,0,1,0,0.346,0.0,0,0,1,0,25.772,1.183,1,0.0,0,0,1,1,0,1,0,1,0,0,0,12192.0,2,1,1,1,0,0,1,0,8.2,272.3,0,0,0,0,0,1
182300,0.0,0.0,0,0,1,0,0.346,0.0,0,0,1,0,25.891,1.183,1,0.0,0,0,1,1,0,1,0,1,0,0,0,12192.0,2,1,1,1,0,0,1,0,9.2,275.3,0,0,0,0,0,1
182400,0.0,0.0,0,0,1,0,0.346,0.0,0,0,1,0,26.009,1.183,1,0.0,0,0,1,1,0,1,0,1,0,0,0,12192.0,2,1,1,1,0,0,1,0,8.8,272.4,0,0,0,0,0,1
182500,0.0,0.0,0,0,1,0,0.346,0.0,0,0,1,0,26.127,1.183,1,0.0,0,0,1,1,0,1,0,1,0,0,0,12192.0,2,1,1,1,0,0,1,0,8.6,271.0,0,0,0,0,0,1
182600,0.0,0.0,0,0,1,0,0.346,0.0,0,0,1,0,26.245,1.183,1,0.0,0,0,1,1,0,1,0,1,0,0,0,12192.0,2,1,1,1,0,0,1,0,8.6,267.2,0,0,0,0,0,1
182700,0.0,0.0,0,0,1,0,0.346,0.0,0,0,1,0,26.364,1.183,1,0.0,0,0,1,1,0,1,0,1,0,0,0,12192.0,2,1,1,1,0,0,1,0,8.1,268.4,0,0,0,0,0,1
182800,0.0,0.0,0,0,1,0,0.346,0.0,0,0,1,0,26.482,1.183,1,0.0,0,0,1,1,0,1,0,1,0,0,0,12192.0,2,1,1,1,0,0,1,0,8.8,270.4,0,0,0,0,0,1
182900,0.0,0.0,0,0,1,0,0.346,0.0,0,0,1,0,26.6,1.183,1,0.0,0,0,1,1,0,1,0,1,0,0,0,12192.0,2,1,1,1,0,0,1,0,7.6,270.2,0,0,0,0,0,1
183000,0.0,0.0,0,0,1,0,0.346,0.0,0,0,1,0,26.719,1.183,1,0.0,0,0,1,1,0,1,0,1,0,0,0,12192.0,2,1,1,1,0,0,1,0,8.5,267.5,0,0,0,0,0,1
183100,0.0,0.0,0,0,1,0,0.346,0.0,0,0,1,0,26.837,1.183,1,0.0,0,0,1,1,0,1,0,1,0,0,0,12192.0,2,1,1,1,0,0,1,0,7.4,270.6,0,0,0,0,0,1
183200,0.0,0.0,0,0,1,0,0.346,0.0,0,0,1,0,26.955,1.183,1,0.0,0,0,1,1,0,1,0,1,0,0,0,12192.0,2,1,1,1,0,0,1,0,8.0,271.3,0,0,0,0,0,1
183300,0.0,0.0,0,0,1,0,0.346,0.0,0,0,1,0,27.073,1.183,1,0.0,0,0,1,1,0,1,0,1,0,0,0,12192.0,2,1,1,1,0,0,1,0,7.7,267.8,0,0,0,0,0,1
183400,0.0,0.0,0,0,1,0,0.346,0.0,0,0,1,0,27.192,1.183,1,0.0,0,0,1,1,0,1,0,1,0,0,0,12192.0,2,1,1,1,0,0,1,0,9.0,269.2,0,0,0,0,0,1
183500,0.0,0.0,0,0,1,0,0.346,0.0,0,0,1,0,27.31,1.183,1,0.0,0,0,1,1,0,1,0,1,0,0,0,12192.0,2,1,1,1,0,0,1,0,7.8,266.1,0,0,0,0,0,1
183600,0.0,0.0,0,0,1,0,0.346,0.0,0,0,1,0,27.428,1.183,1,0.0,0,0,1,1,0,1,0,1,0,0,0,12192.0,2,1,1,1,0,0,1,0,7.7,269.8,0,0,0,0,0,1
183700,0.0,0.0,0,0,1,0,0.346,0.0,0,0,1,0,27.546,1.183,1,0.0,0,0,1,1,0,1,0,1,0,0,0,12192.0,2,1,1,1,0,0,1,0,9.0,268.9,0,0,0,0,0,1
183800,0.0,0.0,0,0,1,0,0.346,0.0,0,0,1,0,27.665,1.183,1,0.0,0,0,1,1,0,1,0,1,0,0,0,12192.0,2,1,1,1,0,0,1,0,7.3,273.8,0,0,0,0,0,1
183900,0.0,0.0,0,0,1,0,0.346,0.0,0,0,1,0,27.783,1.183,1,0.0,0,0,1,1,0,1,0,1,0,0,0,12192.0,2,1,1,1,0,0,1,0,8.4,273.1,0,0,0,0,0,1
184000,0.0,0.0,0,0,1,0,0.346,0.0,0,0,1,0,27.901,1.183,1,0.0,0,0,1,1,0,1,0,1,0,0,0,12192.0,2,1,1,1,0,0,1,0,8.2,270.8,0,0,0,0,0,1
184100,0.0,0.0,0,0,1,0,0.346,0.0,0,0,1,0,28.02,1.183,1,0.0,0,0,1,1,0,1,0,1,0,0,0,12192.0,2,1,1,1,0,0,1,0,8.4,271.4,0,0,0,0,0,1
184200,0.0,0.0,0,0,1,0,0.346,0.0,0,0,1,0,28.138,1.183,1,0.0,0,0,1,1,0,1,0,1,0,0,0,12192.0,2,1,1,1,0,0,1,0,8.2,268.9,0,0,0,0,0,1
184300,0.0,0.0,0,0,1,0,0.346,0.0,0,0,1,0,28.256,1.183,1,0.0,0,0,1,1,0,1,0,1,0,0,0,12192.0,2,1,1,1,0,0,1,0,8.3,272.8,0,0,0,0,0,1
184400,0.0,0.0,0,0,1,0,0.346,0.0,0,0,1,0,28.374,1.183,1,0.0,0,0,1,1,0,1,0,1,0,0,0,12192.0,2,1,1,1,0,0,1,0,7.7,267.6,0,0,0,0,0,1
184500,0.0,0.0,0,0,1,0,0.346,0.0,0,0,1,0,28.493,1.183,1,0.0,0,0,1,1,0,1,0,1,0,0,0,12192.0,2,1,1,1,0,0,1,0,7.4,271.1,0,0,0,0,0,1
184600,0.0,0.0,0,0,1,0,0.346,0.0,0,0,1,0,28.611,1.183,1,0.0,0,0,1,1,0,1,0,1,0,0,0,12192.0,2,1,1,1,0,0,1,0,7.3,270.6,0,0,0,0,0,1
184700,0.0,0.0,0,0,1,0,0.346,0.0,0,0,1,0,28.729,1.183,1,0.0,0,0,1,1,0,1,0,1,0,0,0,12192.0,2,1,1,1,0,0,1,0,7.9,269.8,0,0,0,0,0,1
184800,0.0,0.0,0,0,1,0,0.346,0.0,0,0,1,0,28.848,1.183,1,0.0,0,0,1,1,0,1,0,1,0,0,0,12192.0,2,1,1,1,0,0,1,0,7.2,264.2,0,0,0,0,0,1
184900,0.0,0.0,0,0,1,0,0.346,0.0,0,0,1,0,28.966,1.183,1,0.0,0,0,1,1,0,1,0,1,0,0,0,12192.0,2,1,1,1,0,0,1,0,7.2,271.9,0,0,0,0,0,1
185000,0.0,0.0,0,0,1,0,0.346,0.0,0,0,1,0,29.084,1.183,1,0.0,0,0,1,1,0,1,0,1,0,0,0,12192.0,2,1,1,1,0,0,1,0,8.2,271.4,0,0,0,0,0,1
185100,0.0,0.0,0,0,1,0,0.346,0.0,0,0,1,0,29.202,1.183,1,0.0,0,0,1,1,0,1,0,1,0,0,0,12192.0,2,1,1,1,0,0,1,0,8.0,268.8,0,0,0,0,0,1
185200,0.0,0.0,0,0,1,0,0.346,0.0,0,0,1,0,29.321,1.183,1,0.0,0,0,1,1,0,1,0,1,0,0,0,12192.0,2,1,1,1,0,0,1,0,7.5,274.0,0,0,0,0,0,1
185300,0.0,0.0,0,0,1,0,0.346,0.0,0,0,1,0,29.439,1.183,1,0.0,0,0,1,1,0,1,0,1,0,0,0,12192.0,2,1,1,1,0,0,1,0,7.7,273.0,0,0,0,0,0,1
185400,0.0,0.0,0,0,1,0,0.346,0.0,0,0,1,0,29.557,1.183,1,0.0,0,0,1,1,0,1,0,1,0,0,0,12192.0,2,1,1,1,0,0,1,0,7.5,273.7,0,0,0,0,0,1
185500,0.0,0.0,0,0,1,0,0.346,0.0,0,0,1,0,29.675,1.183,1,0.0,0,0,1,1,0,1,0,1,0,0,0,12192.0,2,1,1,1,0,0,1,0,8.2,270.5,0,0,0,0,0,1
185600,0.0,0.0,0,0,1,0,0.346,0.0,0,0,1,0,29.794,1.183,1,0.0,0,0,1,1,0,1,0,1,0,0,0,12192.0,2,1,1,1,0,0,1,0,7.5,270.8,0,0,0,0,0,1
185700,0.0,0.0,0,0,1,0,0.346,0.0,0,0,1,0,29.912,1.183,1,0.0,0,0,1,1,0,1,0,1,0,0,0,12192.0,2,1,1,1,0,0,1,0,7.5,270.9,0,0,0,0,0,1
185800,0.0,0.0,0,0,1,0,0.346,0.0,0,0,1,0,30.03,1.183,1,0.0,0,0,1,1,0,1,0,1,0,0,0,12192.0,2,1,1,1,0,0,1,0,7.3,270.7,0,0,0,0,0,1
185900,0.0,0.0,0,0,1,0,0.346,0.0,0,0,1,0,30.149,1.183,1,0.0,0,0,1,1,0,1,0,1,0,0,0,12192.0,2,1,1,1,0,0,1,0,7.7,269.0,0,0,0,0,0,1
186000,0.0,0.0,0,0,1,0,0.346,0.0,0,0,1,0,30.267,1.183,1,0.0,0,0,1,1,0,1,0,1,0,0,0,12192.0,2,1,1,1,0,0,1,0,7.0,268.6,0,0,0,0,0,1
186100,0.0,0.0,0,0,1,0,0.346,0.0,0,0,1,0,30.385,1.183,1,0.0,0,0,1,1,0,1,0,1,0,0,0,12192.0,2,1,1,1,0,0,1,0,7.5,269.0,0,0,0,0,0,1
186200,0.0,0.0,0,0,1,0,0.346,0.0,0,0,1,0,30.503,1.183,1,0.0,0,0,1,1,0,1,0,1,0,0,0,12192.0,2,1,1,1,0,0,1,0,7.6,268.8,0,0,0,0,0,1
186300,0.0,0.0,0,0,1,0,0.346,0.0,0,0,1,0,30.622,1.183,1,0.0,0,0,1,1,0,1,0,1,0,0,0,12192.0,2,1,1,1,0,0,1,0,7.2,270.4,0,0,0,0,0,1
186400,0.0,0.0,0,0,1,0,0.346,0.0,0,0,1,0,30.74,1.183,1,0.0,0,0,1,1,0,1,0,1,0,0,0,12192.0,2,1,1,1,0,0,1,0,7.3,271.9,0,0,0,0,0,1
186500,0.0,0.0,0,0,1,0,0.346,0.0,0,0,1,0,30.858,1.183,1,0.0,0,0,1,1,0,1,0,1,0,0,0,12192.0,2,1,1,1,0,0,1,0,7.8,268.0,0,0,0,0,0,1
186600,0.0,0.0,0,0,1,0,0.346,0.0,0,0,1,0,30.976,1.183,1,0.0,0,0,1,1,0,1,0,1,0,0,0,12192.0,2,1,1,1,0,0,1,0,7.6,269.8,0,0,0,0,0,1
186700,0.0,0.0,0,0,1,0,0.346,0.0,0,0,1,0,31.095,1.183,1,0.0,0,0,1,1,0,1,0,1,0,0,0,12192.0,2,1,1,1,0,0,1,0,7.6,268.6,0,0,0,0,0,1
186800,0.0,0.0,0,0,1,0,0.346,0.0,0,0,1,0,31.213,1.183,1,0.0,0,0,1,1,0,1,0,1,0,0,0,12192.0,2,1,1,1,0,0,1,0,8.2,267.5,0,0,0,0,0,1
186900,0.0,0.0,0,0,1,0,0.346,0.0,0,0,1,0,31.331,1.183,1,0.0,0,0,1,1,0,1,0,1,0,0,0,12192.0,2,1,1,1,0,0,1,0,7.3,272.6,0,0,0,0,0,1
187000,0.0,0.0,0,0,1,0,0.346,0.0,0,0,1,0,31.45,1.183,1,0.0,0,0,1,1,0,1,0,1,0,0,0,12192.0,2,1,1,1,0,0,1,0,7.1,271.2,0,0,0,0,0,1
187100,0.0,0.0,0,0,1,0,0.346,0.0,0,0,1,0,31.568,1.183,1,0.0,0,0,1,1,0,1,0,1,0,0,0,12192.0,2,1,1,1,0,0,1,0,7.4,265.5,0,0,0,0,0,1
187200,0.0,0.0,0,0,1,0,0.346,0.0,0,0,1,0,31.686,1.183,1,0.0,0,0,1,1,0,1,0,1,0,0,0,12192.0,2,1,1,1,0,0,1,0,8.2,268.2,0,0,0,0,0,1
187300,0.0,0.0,0,0,1,0,0.346,0.0,0,0,1,0,31.804,1.183,1,0.0,0,0,1,1,0,1,0,1,0,0,0,12192.0,2,1,1,1,0,0,1,0,8.1,272.0,0,0,0,0,0,1
187400,0.0,0.0,0,0,1,0,0.346,0.0,0,0,1,0,31.923,1.183,1,0.0,0,0,1,1,0,1,0,1,0,0,0,12192.0,2,1,1,1,0,0,1,0,7.3,270.8,0,0,0,0,0,1
187500,0.0,0.0,0,0,1,0,0.346,0.0,0,0,1,0,32.041,1.183,1,0.0,0,0,1,1,0,1,0,1,0,0,0,12192.0,2,1,1,1,0,0,1,0,7.5,265.0,0,0,0,0,0,1
187600,0.0,0.0,0,0,1,0,0.346,0.0,0,0,1,0,32.159,1.183,1,0.0,0,0,1,1,0,1,0,1,0,0,0,12192.0,2,1,1,1,0,0,1,0,8.1,273.0,0,0,0,0,0,1
187700,0.0,0.0,0,0,1,0,0.346,0.0,0,0,1,0,32.277,1.183,1,0.0,0,0,1,1,0,1,0,1,0,0,0,12192.0,2,1,1,1,0,0,1,0,7.2,267.6,0,0,0,0,0,1
187800,0.0,0.0,0,0,1,0,0.346,0.0,0,0,1,0,32.396,1.183,1,0.0,0,0,1,1,0,1,0,1,0,0,0,12192.0,2,1,1,1,0,0,1,0,7.9,273.6,0,0,0,0,0,1
187900,0.0,0.0,0,0,1,0,0.346,0.0,0,0,1,0,32.514,1.183,1,0.0,0,0,1,1,0,1,0,1,0,0,0,12192.0,2,1,1,1,0,0,1,0,7.1,273.5,0,0,0,0,0,1
188000,0.0,0.0,0,0,1,0,0.346,0.0,0,0,1,0,32.632,1.183,1,0.0,0,0,1,1,0,1,0,1,0,0,0,12192.0,2,1,1,1,0,0,1,0,7.6,272.0,0,0,0,0,0,1
188100,0.0,0.0,0,0,1,0,0.346,0.0,0,0,1,0,32.751,1.183,1,0.0,0,0,1,1,0,1,0,1,0,0,0,12192.0,2,1,1,1,0,0,1,0,8.2,267.8,0,0,0,0,0,1
188200,0.0,0.0,0,0,1,0,0.346,0.0,0,0,1,0,32.869,1.183,1,0.0,0,0,1,1,0,1,0,1,0,0,0,12192.0,2,1,1,1,0,0,1,0,9.0,269.7,0,0,0,0,0,1
188300,0.0,0.0,0,0,1,0,0.346,0.0,0,0,1,0,32.987,1.183,1,0.0,0,0,1,1,0,1,0,1,0,0,0,12192.0,2,1,1,1,0,0,1,0,7.8,269.3,0,0,0,0,0,1
188400,0.0,0.0,0,0,1,0,0.346,0.0,0,0,1,0,33.105,1.183,1,0.0,0,0,1,1,0,1,0,1,0,0,0,12192.0,2,1,1,1,0,0,1,0,8.3,269.9,0,0,0,0,0,1
188500,0.0,0.0,0,0,1,0,0.346,0.0,0,0,1,0,33.224,1.183,1,0.0,0,0,1,1,0,1,0,1,0,0,0,12192.0,2,1,1,1,0,0,1,0,7.6,270.3,0,0,0,0,0,1
188600,0.0,0.0,0,0,1,0,0.346,0.0,0,0,1,0,33.342,1.183,1,0.0,0,0,1,1,0,1,0,1,0,0,0,12192.0,2,1,1,1,0,0,1,0,7.9,270.3,0,0,0,0,0,1
188700,0.0,0.0,0,0,1,0,0.346,0.0,0,0,1,0,33.46,1.183,1,0.0,0,0,1,1,0,1,0,1,0,0,0,12192.0,2,1,1,1,0,0,1,0,8.5,270.4,0,0,0,0,0,1
188800,0.0,0.0,0,0,1,0,0.346,0.0,0,0,1,0,33.578,1.183,1,0.0,0,0,1,1,0,1,0,1,0,0,0,12192.0,2,1,1,1,0,0,1,0,8.0,266.2,0,0,0,0,0,1
188900,0.0,0.0,0,0,1,0,0.346,0.0,0,0,1,0,33.697,1.183,1,0.0,0,0,1,1,0,1,0,1,0,0,0,12192.0,2,1,1,1,0,0,1,0,7.9,269.7,0,0,0,0,0,1
189000,0.0,0.0,0,0,1,0,0.346,0.0,0,0,1,0,33.815,1.183,1,0.0,0,0,1,1,0,1,0,1,0,0,0,12192.0,2,1,1,1,0,0,1,0,8.1,267.8,0,0,0,0,0,1
189100,0.0,0.0,0,0,1,0,0.346,0.0,0,0,1,0,33.933,1.183,1,0.0,0,0,1,1,0,1,0,1,0,0,0,12192.0,2,1,1,1,0,0,1,0,8.3,267.8,0,0,0,0,0,1
189200,0.0,0.0,0,0,1,0,0.346,0.0,0,0,1,0,34.052,1.183,1,0.0,0,0,1,1,0,1,0,1,0,0,0,12192.0,2,1,1,1,0,0,1,0,8.5,274.4,0,0,0,0,0,1
189300,0.0,0.0,0,0,1,0,0.346,0.0,0,0,1,0,34.17,1.183,1,0.0,0,0,1,1,0,1,0,1,0,0,0,12192.0,2,1,1,1,0,0,1,0,8.8,271.5,0,0,0,0,0,1
189400,0.0,0.0,0,0,1,0,0.346,0.0,0,0,1,0,34.288,1.183,1,0.0,0,0,1,1,0,1,0,1,0,0,0,12192.0,2,1,1,1,0,0,1,0,8.3,268.8,0,0,0,0,0,1
189500,0.0,0.0,0,0,1,0,0.346,0.0,0,0,1,0,34.406,1.183,1,0.0,0,0,1,1,0,1,0,1,0,0,0,12192.0,2,1,1,1,0,0,1,0,7.9,267.4,0,0,0,0,0,1
189600,0.0,0.0,0,0,1,0,0.346,0.0,0,0,1,0,34.525,1.183,1,0.0,0,0,1,1,0,1,0,1,0,0,0,12192.0,2,1,1,1,0,0,1,0,8.9,265.6,0,0,0,0,0,1
189700,0.0,0.0,0,0,1,0,0.346,0.0,0,0,1,0,34.643,1.183,1,0.0,0,0,1,1,0,1,0,1,0,0,0,12192.0,2,1,1,1,0,0,1,0,8.9,272.3,0,0,0,0,0,1
189800,0.0,0.0,0,0,1,0,0.346,0.0,0,0,1,0,34.761,1.183,1,0.0,0,0,1,1,0,1,0,1,0,0,0,12192.0,2,1,1,1,0,0,1,0,8.9,269.2,0,0,0,0,0,1
189900,0.0,0.0,0,0,1,0,0.346,0.0,0,0,1,0,34.879,1.183,1,0.0,0,0,1,1,0,1,0,1,0,0,0,12192.0,2,1,1,1,0,0,1,0,8.4,271.8,0,0,0,0,0,1
190000,0.0,0.0,0,0,1,0,0.346,0.0,0,0,1,0,34.998,1.183,1,0.0,0,0,1,1,0,1,0,1,0,0,0,12192.0,2,1,1,1,0,0,1,0,8.5,271.3,0,0,0,0,0,1
190100,0.0,0.0,0,0,1,0,0.346,0.0,0,0,1,0,35.116,1.183,1,0.0,0,0,1,1,0,1,0,1,0,0,0,12192.0,2,1,1,1,0,0,1,0,8.9,268.7,0,0,0,0,0,1
190200,0.0,0.0,0,0,1,0,0.346,0.0,0,0,1,0,35.234,1.183,1,0.0,0,0,1,1,0,1,0,1,0,0,0,12192.0,2,1,1,1,0,0,1,0,9.1,267.4,0,0,0,0,0,1
190300,0.0,0.0,0,0,1,0,0.346,0.0,0,0,1,0,35.353,1.183,1,0.0,0,0,1,1,0,1,0,1,0,0,0,12192.0,2,1,1,1,0,0,1,0,8.4,270.2,0,0,0,0,0,1
190400,0.0,0.0,0,0,1,0,0.346,0.0,0,0,1,0,35.471,1.183,1,0.0,0,0,1,1,0,1,0,1,0,0,0,12192.0,2,1,1,1,0,0,1,0,8.4,272.4,0,0,0,0,0,1
190500,0.0,0.0,0,0,1,0,0.346,0.0,0,0,1,0,35.589,1.183,1,0.0,0,0,1,1,0,1,0,1,0,0,0,12192.0,2,1,1,1,0,0,1,0,8.3,271.6,0,0,0,0,0,1
190600,0.0,0.0,0,0,1,0,0.346,0.0,0,0,1,0,35.707,1.183,1,0.0,0,0,1,1,0,1,0,1,0,0,0,12192.0,2,1,1,1,0,0,1,0,9.0,271.0,0,0,0,0,0,1
190700,0.0,0.0,0,0,1,0,0.346,0.0,0,0,1,0,35.826,1.183,1,0.0,0,0,1,1,0,1,0,1,0,0,0,12192.0,2,1,1,1,0,0,1,0,8.1,268.0,0,0,0,0,0,1
190800,0.0,0.0,0,0,1,0,0.346,0.0,0,0,1,0,35.944,1.183,1,0.0,0,0,1,1,0,1,0,1,0,0,0,12192.0,2,1,1,1,0,0,1,0,8.5,269.6,0,0,0,0,0,1
190900,0.0,0.0,0,0,1,0,0.346,0.0,0,0,1,0,36.062,1.183,1,0.0,0,0,1,1,0,1,0,1,0,0,0,12192.0,2,1,1,1,0,0,1,0,9.2,271.4,0,0,0,0,0,1
191000,0.0,0.0,0,0,1,0,0.346,0.0,0,0,1,0,36.18,1.183,1,0.0,0,0,1,1,0,1,0,1,0,0,0,12192.0,2,1,1,1,0,0,1,0,8.0,271.2,0,0,0,0,0,1
191100,0.0,0.0,0,0,1,0,0.346,0.0,0,0,1,0,36.299,1.183,1,0.0,0,0,1,1,0,1,0,1,0,0,0,12192.0,2,1,1,1,0,0,1,0,7.9,269.5,0,0,0,0,0,1
191200,0.0,0.0,0,0,1,0,0.346,0.0,0,0,1,0,36.417,1.183,1,0.0,0,0,1,1,0,1,0,1,0,0,0,12192.0,2,1,1,1,0,0,1,0,8.9,267.3,0,0,0,0,0,1
191300,0.0,0.0,0,0,1,0,0.346,0.0,0,0,1,0,36.535,1.183,1,0.0,0,0,1,1,0,1,0,1,0,0,0,12192.0,2,1,1,1,0,0,1,0,8.5,268.2,0,0,0,0,0,1
191400,0.0,0.0,0,0,1,0,0.346,0.0,0,0,1,0,36.654,1.183,1,0.0,0,0,1,1,0,1,0,1,0,0,0,12192.0,2,1,1,1,0,0,1,0,7.7,270.4,0,0,0,0,0,1
191500,0.0,0.0,0,0,1,0,0.346,0.0,0,0,1,0,36.772,1.183,1,0.0,0,0,1,1,0,1,0,1,0,0,0,12192.0,2,1,1,1,0,0,1,0,8.8,271.9,0,0,0,0,0,1
191600,0.0,0.0,0,0,1,0,0.346,0.0,0,0,1,0,36.89,1.183,1,0.0,0,0,1,1,0,1,0,1,0,0,0,12192.0,2,1,1,1,0,0,1,0,8.8,269.7,0,0,0,0,0,1
191700,0.0,0.0,0,0,1,0,0.346,0.0,0,0,1,0,37.008,1.183,1,0.0,0,0,1,1,0,1,0,1,0,0,0,12192.0,2,1,1,1,0,0,1,0,8.6,270.0,0,0,0,0,0,1
191800,0.0,0.0,0,0,1,0,0.346,0.0,0,0,1,0,37.127,1.183,1,0.0,0,0,1,1,0,1,0,1,0,0,0,12192.0,2,1,1,1,0,0,1,0,8.7,269.7,0,0,0,0,0,1
191900,0.0,0.0,0,0,1,0,0.346,0.0,0,0,1,0,37.245,1.183,1,0.0,0,0,1,1,0,1,0,1,0,0,0,12192.0,2,1,1,1,0,0,1,0,8.3,272.5,0,0,0,0,0,1
192000,0.0,0.0,0,0,1,0,0.346,0.0,0,0,1,0,37.363,1.183,1,0.0,0,0,1,1,0,1,0,1,0,0,0,12192.0,2,1,1,1,0,0,1,0,7.6,272.5,0,0,0,0,0,1
192100,0.0,0.0,0,0,1,0,0.346,0.0,0,0,1,0,37.482,1.183,1,0.0,0,0,1,1,0,1,0,1,0,0,0,12192.0,2,1,1,1,0,0,1,0,9.3,266.3,0,0,0,0,0,1
192200,0.0,0.0,0,0,1,0,0.346,0.0,0,0,1,0,37.6,1.183,1,0.0,0,0,1,1,0,1,0,1,0,0,0,12192.0,2,1,1,1,0,0,1,0,9.0,269.3,0,0,0,0,0,1
192300,0.0,0.0,0,0,1,0,0.346,0.0,0,0,1,0,37.718,1.183,1,0.0,0,0,1,1,0,1,0,1,0,0,0,12192.0,2,1,1,1,0,0,1,0,8.2,266.6,0,0,0,0,0,1
192400,0.0,0.0,0,0,1,0,0.346,0.0,0,0,1,0,37.836,1.183,1,0.0,0,0,1,1,0,1,0,1,0,0,0,12192.0,2,1,1,1,0,0,1,0,8.0,271.0,0,0,0,0,0,1
192500,0.0,0.0,0,0,1,0,0.346,0.0,0,0,1,0,37.949,1.131,1,0.0,0,0,1,1,0,1,0,1,0,0,0,12192.0,2,1,1,1,0,0,1,0,7.6,270.8,0,0,0,0,0,1
192600,0.0,0.0,0,0,1,0,0.346,0.0,0,0,1,0,38.057,1.078,1,0.0,0,0,1,1,0,1,0,1,0,0,0,12192.0,2,1,1,1,0,0,1,0,7.6,273.2,0,0,0,0,0,1
192700,0.0,0.0,0,0,1,0,0.346,0.0,0,0,1,0,38.16,1.025,1,0.0,0,0,1,1,0,1,0,1,0,0,0,12192.0,2,1,1,1,0,0,1,0,7.7,271.7,0,0,0,0,0,1
192800,0.0,0.0,0,0,1,0,0.346,0.0,0,0,1,0,38.257,0.972,1,0.0,0,0,1,1,0,1,0,1,0,0,0,12192.0,2,1,1,1,0,0,1,0,8.5,269.2,0,0,0,0,0,1
192900,0.0,0.0,0,0,1,0,0.346,0.0,0,0,1,0,38.349,0.919,1,0.0,0,0,1,1,0,1,0,1,0,0,0,12192.0,2,1,1,1,0,0,1,0,8.0,270.5,0,0,0,0,0,1
193000,0.0,0.0,0,0,1,0,0.346,0.0,0,0,1,0,38.436,0.866,1,0.0,0,0,1,1,0,1,0,1,0,0,0,12192.0,2,1,1,1,0,0,1,0,7.8,273.0,0,0,0,0,0,1
193100,0.0,0.0,0,0,1,0,0.346,0.0,0,0,1,0,38.517,0.813,1,0.0,0,0,1,1,0,1,0,1,0,0,0,12192.0,2,1,1,1,0,0,1,0,8.1,268.3,0,0,0,0,0,1
193200,0.0,0.0,0,0,1,0,0.346,0.0,0,0,1,0,38.593,0.759,1,0.0,0,0,1,1,0,1,0,1,0,0,0,12192.0,2,1,1,1,0,0,1,0,8.3,268.6,0,0,0,0,0,1
193300,0.0,0.0,0,0,1,0,0.346,0.0,0,0,1,0,38.663,0.706,1,0.0,0,0,1,1,0,1,0,1,0,0,0,12192.0,2,1,1,1,0,0,1,0,8.2,270.9,0,0,0,0,0,1
193400,0.0,0.0,0,0,1,0,0.346,0.0,0,0,1,0,38.729,0.652,1,0.0,0,0,1,1,0,1,0,1,0,0,0,12192.0,2,1,1,1,0,0,1,0,8.4,270.5,0,0,0,0,0,1
193500,0.0,0.0,0,0,1,0,0.346,0.0,0,0,1,0,38.788,0.598,1,0.0,0,0,1,1,0,1,0,1,0,0,0,12192.0,2,1,1,1,0,0,1,0,8.4,270.6,0,0,0,0,0,1
193600,0.0,0.0,0,0,1,0,0.346,0.0,0,0,1,0,38.843,0.544,1,0.0,0,0,1,1,0,1,0,1,0,0,0,12192.0,2,1,1,1,0,0,1,0,7.7,269.4,0,0,0,0,0,1
193700,0.0,0.0,0,0,1,0,0.346,0.0,0,0,1,0,38.892,0.49,1,0.0,0,0,1,1,0,1,0,1,0,0,0,12192.0,2,1,1,1,0,0,1,0,7.1,268.0,0,0,0,0,0,1
193800,0.0,0.0,0,0,1,0,0.346,0.0,0,0,1,0,38.935,0.435,1,0.0,0,0,1,1,0,1,0,1,0,0,0,12192.0,2,1,1,1,0,0,1,0,7.5,271.0,0,0,0,0,0,1
193900,0.0,0.0,0,0,1,0,0.346,0.0,0,0,1,0,38.973,0.38,1,0.0,0,0,1,1,0,1,0,1,0,0,0,12192.0,2,1,1,1,0,0,1,0,7.1,270.4,0,0,0,0,0,1
194000,0.0,0.0,0,0,1,0,0.346,0.0,0,0,1,0,39.006,0.324,1,0.0,0,0,1,1,0,1,0,1,0,0,0,12192.0,2,1,1,1,0,0,1,0,7.5,272.6,0,0,0,0,0,1
194100,0.0,0.0,0,0,1,0,0.346,0.0,0,0,1,0,39.032,0.268,1,0.0,0,0,1,1,0,1,0,1,0,0,0,12192.0,2,1,1,1,0,0,1,0,7.9,269.2,0,0,0,0,0,1
194200,0.0,0.0,0,0,1,0,0.346,0.0,0,0,1,0,39.053,0.21,1,0.0,0,0,1,1,0,1,0,1,0,0,0,12192.0,2,1,1,1,0,0,1,0,7.5,272.3,0,0,0,0,0,1
194300,0.0,0.0,0,0,1,0,0.346,0.0,0,0,1,0,39.068,0.149,1,0.0,0,0,1,1,0,1,0,1,0,0,0,12192.0,2,1,1,1,0,0,1,0,7.5,271.3,0,0,0,0,0,1
194400,0.0,0.0,0,0,1,0,0.346,0.0,0,0,1,0,39.077,0.083,1,0.0,0,0,1,1,0,1,0,1,0,0,0,12192.0,2,1,1,1,0,0,1,0,7.6,267.7,0,0,0,0,0,1
194500,0.0,0.0,0,0,0,0,0.346,0.0,0,0,0,0,39.08,0.0,0,0.0,0,0,0,0,0,1,0,1,0,0,0,12192.0,2,1,1,0,1,0,1,0,7.8,270.3,0,0,0,0,0,1
