t_ms,GT_Position,GT_Velocity,GT_Direction,GT_Running,GT_Brake_Released,GT_Motor_Alarm,TR_Position,TR_Velocity,TR_Direction,TR_Running,TR_Brake_Released,TR_Motor_Alarm,HO_Position,HO_Velocity,HO_Direction,HO_Load,HO_Overload_Alarm,HO_Snag_Alarm,HO_Running,HO_Brake_Released,HO_Motor_Alarm,SP_Mode,SP_TwistLock_Locked,SP_TwistLock_Unlocked,SP_Landed,SP_Container_Detected,SP_Mismatch_Alarm,SP_Telescopic_Position,OP_Mode,OP_Power_On,OP_Ready,OP_Running,OP_Standby,OP_Emergency_Stop,OP_AntiSway_Active,OP_Cycle_Count_Today,ENV_Wind_Speed,ENV_Wind_Direction,ENV_Wind_Alarm,ALM_Active,ALM_Latest_Code,ALM_Latest_Severity,ALM_Latest_Source,COM_Link_Status
0,124.989,0.0,0,0,1,0,23.885,0.054,1,1,1,0,39.195,-0.052,0,0.0,0,0,1,1,0,1,0,1,0,0,0,12192.0,2,1,1,1,0,0,1,0,8.3,273.9,0,0,0,0,0,1
100,124.989,0.0,0,0,1,0,23.896,0.108,1,1,1,0,39.184,-0.104,0,0.0,0,0,1,1,0,1,0,1,0,0,0,12192.0,2,1,1,1,0,0,1,0,8.0,273.4,0,0,0,0,0,1
200,124.989,0.0,0,0,1,0,23.912,0.162,1,1,1,0,39.169,-0.155,0,0.0,0,0,1,1,0,1,0,1,0,0,0,12192.0,2,1,1,1,0,0,1,0,7.7,271.7,0,0,0,0,0,1
300,124.989,0.0,0,0,1,0,23.934,0.216,1,1,1,0,39.148,-0.207,0,0.0,0,0,1,1,0,1,0,1,0,0,0,12192.0,2,1,1,1,0,0,1,0,7.7,268.0,0,0,0,0,0,1
400,124.989,0.0,0,0,1,0,23.961,0.269,1,1,1,0,39.122,-0.259,0,0.0,0,0,1,1,0,1,0,1,0,0,0,12192.0,2,1,1,1,0,0,1,0,8.2,268.3,0,0,0,0,0,1
500,124.989,0.0,0,0,1,0,23.993,0.323,1,1,1,0,39.091,-0.311,0,0.0,0,0,1,1,0,1,0,1,0,0,0,12192.0,2,1,1,1,0,0,1,0,8.8,270.7,0,0,0,0,0,1
600,124.989,0.0,0,0,1,0,24.031,0.377,1,1,1,0,39.055,-0.362,0,0.0,0,0,1,1,0,1,0,1,0,0,0,12192.0,2,1,1,1,0,0,1,0,8.4,273.5,0,0,0,0,0,1
700,124.989,0.0,0,0,1,0,24.074,0.431,1,1,1,0,39.014,-0.414,0,0.0,0,0,1,1,0,1,0,1,0,0,0,12192.0,2,1,1,1,0,0,1,0,8.6,269.1,0,0,0,0,0,1
800,124.989,0.0,0,0,1,0,24.123,0.485,1,1,1,0,38.967,-0.466,0,0.0,0,0,1,1,0,1,0,1,0,0,0,12192.0,2,1,1,1,0,0,1,0,8.5,272.2,0,0,0,0,0,1
900,124.989,0.0,0,0,1,0,24.176,0.539,1,1,1,0,38.915,-0.518,0,0.0,0,0,1,1,0,1,0,1,0,0,0,12192.0,2,1,1,1,0,0,1,0,8.8,263.9,0,0,0,0,0,1
1000,124.989,0.0,0,0,1,0,24.236,0.593,1,1,1,0,38.858,-0.569,0,0.0,0,0,1,1,0,1,0,1,0,0,0,12192.0,2,1,1,1,0,0,1,0,8.5,270.9,0,0,0,0,0,1
1100,124.989,0.0,0,0,1,0,24.3,0.647,1,1,1,0,38.796,-0.621,0,0.0,0,0,1,1,0,1,0,1,0,0,0,12192.0,2,1,1,1,0,0,1,0,9.7,270.8,0,0,0,0,0,1
1200,124.989,0.0,0,0,1,0,24.37,0.701,1,1,1,0,38.729,-0.673,0,0.0,0,0,1,1,0,1,0,1,0,0,0,12192.0,2,1,1,1,0,0,1,0,9.0,273.5,0,0,0,0,0,1
1300,124.989,0.0,0,0,1,0,24.446,0.754,1,1,1,0,38.656,-0.725,0,0.0,0,0,1,1,0,1,0,1,0,0,0,12192.0,2,1,1,1,0,0,1,0,8.7,271.6,0,0,0,0,0,1
1400,124.989,0.0,0,0,1,0,24.527,0.808,1,1,1,0,38.579,-0.776,0,0.0,0,0,1,1,0,1,0,1,0,0,0,12192.0,2,1,1,1,0,0,1,0,9.1,269.1,0,0,0,0,0,1
1500,124.989,0.0,0,0,1,0,24.613,0.862,1,1,1,0,38.496,-0.828,0,0.0,0,0,1,1,0,1,0,1,0,0,0,12192.0,2,1,1,1,0,0,1,0,8.1,272.6,0,0,0,0,0,1
1600,124.989,0.0,0,0,1,0,24.705,0.916,1,1,1,0,38.408,-0.88,0,0.0,0,0,1,1,0,1,0,1,0,0,0,12192.0,2,1,1,1,0,0,1,0,8.6,269.6,0,0,0,0,0,1
1700,124.989,0.0,0,0,1,0,24.802,0.97,1,1,1,0,38.315,-0.932,0,0.0,0,0,1,1,0,1,0,1,0,0,0,12192.0,2,1,1,1,0,0,1,0,8.7,270.2,0,0,0,0,0,1
1800,124.989,0.0,0,0,1,0,24.904,1.024,1,1,1,0,38.217,-0.983,0,0.0,0,0,1,1,0,1,0,1,0,0,0,12192.0,2,1,1,1,0,0,1,0,9.7,273.8,0,0,0,0,0,1
1900,124.989,0.0,0,0,1,0,25.012,1.078,1,1,1,0,38.113,-1.035,0,0.0,0,0,1,1,0,1,0,1,0,0,0,12192.0,2,1,1,1,0,0,1,0,8.6,273.3,0,0,0,0,0,1
2000,124.989,0.0,0,0,1,0,25.125,1.132,1,1,1,0,38.004,-1.087,0,0.0,0,0,1,1,0,1,0,1,0,0,0,12192.0,2,1,1,1,0,0,1,0,9.3,268.7,0,0,0,0,0,1
2100,124.989,0.0,0,0,1,0,25.243,1.186,1,1,1,0,37.89,-1.139,0,0.0,0,0,1,1,0,1,0,1,0,0,0,12192.0,2,1,1,1,0,0,1,0,7.8,273.1,0,0,0,0,0,1
2200,124.989,0.0,0,0,1,0,25.367,1.239,1,1,1,0,37.771,-1.191,0,0.0,0,0,1,1,0,1,0,1,0,0,0,12192.0,2,1,1,1,0,0,1,0,8.1,275.9,0,0,0,0,0,1
2300,124.989,0.0,0,0,1,0,25.497,1.293,1,1,1,0,37.647,-1.242,0,0.0,0,0,1,1,0,1,0,1,0,0,0,12192.0,2,1,1,1,0,0,1,0,8.7,271.5,0,0,0,0,0,1
2400,124.989,0.0,0,0,1,0,25.631,1.347,1,1,1,0,37.522,-1.256,0,0.0,0,0,1,1,0,1,0,1,0,0,0,12192.0,2,1,1,1,0,0,1,0,8.3,268.4,0,0,0,0,0,1
2500,124.989,0.0,0,0,1,0,25.772,1.401,1,1,1,0,37.396,-1.256,0,0.0,0,0,1,1,0,1,0,1,0,0,0,12192.0,2,1,1,1,0,0,1,0,9.6,268.3,0,0,0,0,0,1
2600,124.989,0.0,0,0,1,0,25.917,1.455,1,1,1,0,37.27,-1.256,0,0.0,0,0,1,1,0,1,0,1,0,0,0,12192.0,2,1,1,1,0,0,1,0,8.7,272.5,0,0,0,0,0,1
2700,124.989,0.0,0,0,1,0,26.068,1.509,1,1,1,0,37.145,-1.256,0,0.0,0,0,1,1,0,1,0,1,0,0,0,12192.0,2,1,1,1,0,0,1,0,8.8,268.2,0,0,0,0,0,1
2800,124.989,0.0,0,0,1,0,26.224,1.563,1,1,1,0,37.019,-1.256,0,0.0,0,0,1,1,0,1,0,1,0,0,0,12192.0,2,1,1,1,0,0,1,0,8.9,270.2,0,0,0,0,0,1
2900,124.989,0.0,0,0,1,0,26.386,1.617,1,1,1,0,36.893,-1.256,0,0.0,0,0,1,1,0,1,0,1,0,0,0,12192.0,2,1,1,1,0,0,1,0,8.6,269.7,0,0,0,0,0,1
3000,124.989,0.0,0,0,1,0,26.553,1.671,1,1,1,0,36.768,-1.256,0,0.0,0,0,1,1,0,1,0,1,0,0,0,12192.0,2,1,1,1,0,0,1,0,7.7,271.8,0,0,0,0,0,1
3100,124.989,0.0,0,0,1,0,26.725,1.725,1,1,1,0,36.642,-1.256,0,0.0,0,0,1,1,0,1,0,1,0,0,0,12192.0,2,1,1,1,0,0,1,0,8.9,269.8,0,0,0,0,0,1
3200,124.989,0.0,0,0,1,0,26.903,1.778,1,1,1,0,36.516,-1.256,0,0.0,0,0,1,1,0,1,0,1,0,0,0,12192.0,2,1,1,1,0,0,1,0,8.5,273.2,0,0,0,0,0,1
3300,124.989,0.0,0,0,1,0,27.087,1.832,1,1,1,0,36.391,-1.256,0,0.0,0,0,1,1,0,1,0,1,0,0,0,12192.0,2,1,1,1,0,0,1,0,8.8,272.3,0,0,0,0,0,1
3400,124.989,0.0,0,0,1,0,27.275,1.886,1,1,1,0,36.265,-1.256,0,0.0,0,0,1,1,0,1,0,1,0,0,0,12192.0,2,1,1,1,0,0,1,0,9.1,269.1,0,0,0,0,0,1
3500,124.989,0.0,0,0,1,0,27.469,1.94,1,1,1,0,36.14,-1.256,0,0.0,0,0,1,1,0,1,0,1,0,0,0,12192.0,2,1,1,1,0,0,1,0,8.7,270.7,0,0,0,0,0,1
3600,124.989,0.0,0,0,1,0,27.669,1.994,1,1,1,0,36.014,-1.256,0,0.0,0,0,1,1,0,1,0,1,0,0,0,12192.0,2,1,1,1,0,0,1,0,8.2,275.0,0,0,0,0,0,1
3700,124.989,0.0,0,0,1,0,27.873,2.048,1,1,1,0,35.888,-1.256,0,0.0,0,0,1,1,0,1,0,1,0,0,0,12192.0,2,1,1,1,0,0,1,0,8.7,269.3,0,0,0,0,0,1
3800,124.989,0.0,0,0,1,0,28.084,2.102,1,1,1,0,35.763,-1.256,0,0.0,0,0,1,1,0,1,0,1,0,0,0,12192.0,2,1,1,1,0,0,1,0,8.3,269.6,0,0,0,0,0,1
3900,124.989,0.0,0,0,1,0,28.299,2.156,1,1,1,0,35.637,-1.256,0,0.0,0,0,1,1,0,1,0,1,0,0,0,12192.0,2,1,1,1,0,0,1,0,8.5,267.5,0,0,0,0,0,1
4000,124.989,0.0,0,0,1,0,28.52,2.21,1,1,1,0,35.511,-1.256,0,0.0,0,0,1,1,0,1,0,1,0,0,0,12192.0,2,1,1,1,0,0,1,0,8.1,265.9,0,0,0,0,0,1
4100,124.989,0.0,0,0,1,0,28.746,2.263,1,1,1,0,35.386,-1.256,0,0.0,0,0,1,1,0,1,0,1,0,0,0,12192.0,2,1,1,1,0,0,1,0,8.4,267.8,0,0,0,0,0,1
4200,124.989,0.0,0,0,1,0,28.978,2.317,1,1,1,0,35.26,-1.256,0,0.0,0,0,1,1,0,1,0,1,0,0,0,12192.0,2,1,1,1,0,0,1,0,8.3,270.0,0,0,0,0,0,1
4300,124.989,0.0,0,0,1,0,29.215,2.371,1,1,1,0,35.134,-1.256,0,0.0,0,0,1,1,0,1,0,1,0,0,0,12192.0,2,1,1,1,0,0,1,0,7.8,270.7,0,0,0,0,0,1
4400,124.989,0.0,0,0,1,0,29.458,2.425,1,1,1,0,35.009,-1.256,0,0.0,0,0,1,1,0,1,0,1,0,0,0,12192.0,2,1,1,1,0,0,1,0,8.5,270.3,0,0,0,0,0,1
4500,124.989,0.0,0,0,1,0,29.706,2.479,1,1,1,0,34.883,-1.256,0,0.0,0,0,1,1,0,1,0,1,0,0,0,12192.0,2,1,1,1,0,0,1,0,7.5,271.1,0,0,0,0,0,1
4600,124.989,0.0,0,0,1,0,29.959,2.533,1,1,1,0,34.758,-1.256,0,0.0,0,0,1,1,0,1,0,1,0,0,0,12192.0,2,1,1,1,0,0,1,0,7.4,269.3,0,0,0,0,0,1
4700,124.989,0.0,0,0,1,0,30.218,2.587,1,1,1,0,34.632,-1.256,0,0.0,0,0,1,1,0,1,0,1,0,0,0,12192.0,2,1,1,1,0,0,1,0,8.0,270.4,0,0,0,0,0,1
4800,124.989,0.0,0,0,1,0,30.482,2.641,1,1,1,0,34.506,-1.256,0,0.0,0,0,1,1,0,1,0,1,0,0,0,12192.0,2,1,1,1,0,0,1,0,7.9,273.0,0,0,0,0,0,1
4900,124.989,0.0,0,0,1,0,30.751,2.695,1,1,1,0,34.381,-1.256,0,0.0,0,0,1,1,0,1,0,1,0,0,0,12192.0,2,1,1,1,0,0,1,0,7.7,268.6,0,0,0,0,0,1
5000,124.989,0.0,0,0,1,0,31.026,2.748,1,1,1,0,34.255,-1.256,0,0.0,0,0,1,1,0,1,0,1,0,0,0,12192.0,2,1,1,1,0,0,1,0,8.4,272.4,0,0,0,0,0,1
5100,124.989,0.0,0,0,1,0,31.306,2.802,1,1,1,0,34.129,-1.256,0,0.0,0,0,1,1,0,1,0,1,0,0,0,12192.0,2,1,1,1,0,0,1,0,8.1,271.8,0,0,0,0,0,1
5200,124.989,0.0,0,0,1,0,31.592,2.856,1,1,1,0,34.004,-1.256,0,0.0,0,0,1,1,0,1,0,1,0,0,0,12192.0,2,1,1,1,0,0,1,0,7.6,272.8,0,0,0,0,0,1
5300,124.989,0.0,0,0,1,0,31.883,2.91,1,1,1,0,33.878,-1.256,0,0.0,0,0,1,1,0,1,0,1,0,0,0,12192.0,2,1,1,1,0,0,1,0,8.2,268.4,0,0,0,0,0,1
5400,124.989,0.0,0,0,1,0,32.179,2.964,1,1,1,0,33.753,-1.256,0,0.0,0,0,1,1,0,1,0,1,0,0,0,12192.0,2,1,1,1,0,0,1,0,7.1,269.0,0,0,0,0,0,1
5500,124.989,0.0,0,0,1,0,32.481,3.018,1,1,1,0,33.627,-1.256,0,0.0,0,0,1,1,0,1,0,1,0,0,0,12192.0,2,1,1,1,0,0,1,0,7.8,270.6,0,0,0,0,0,1
5600,124.989,0.0,0,0,1,0,32.788,3.072,1,1,1,0,33.501,-1.256,0,0.0,0,0,1,1,0,1,0,1,0,0,0,12192.0,2,1,1,1,0,0,1,0,8.2,269.2,0,0,0,0,0,1
5700,124.989,0.0,0,0,1,0,33.09,3.018,1,1,1,0,33.376,-1.256,0,0.0,0,0,1,1,0,1,0,1,0,0,0,12192.0,2,1,1,1,0,0,1,0,7.6,271.0,0,0,0,0,0,1
5800,124.989,0.0,0,0,1,0,33.386,2.964,1,1,1,0,33.25,-1.256,0,0.0,0,0,1,1,0,1,0,1,0,0,0,12192.0,2,1,1,1,0,0,1,0,7.8,269.3,0,0,0,0,0,1
5900,124.989,0.0,0,0,1,0,33.677,2.91,1,1,1,0,33.124,-1.256,0,0.0,0,0,1,1,0,1,0,1,0,0,0,12192.0,2,1,1,1,0,0,1,0,7.3,271.4,0,0,0,0,0,1
6000,124.989,0.0,0,0,1,0,33.963,2.856,1,1,1,0,32.999,-1.256,0,0.0,0,0,1,1,0,1,0,1,0,0,0,12192.0,2,1,1,1,0,0,1,0,7.0,271.5,0,0,0,0,0,1
6100,124.989,0.0,0,0,1,0,34.243,2.802,1,1,1,0,32.873,-1.256,0,0.0,0,0,1,1,0,1,0,1,0,0,0,12192.0,2,1,1,1,0,0,1,0,7.7,270.9,0,0,0,0,0,1
6200,124.989,0.0,0,0,1,0,34.518,2.748,1,1,1,0,32.747,-1.256,0,0.0,0,0,1,1,0,1,0,1,0,0,0,12192.0,2,1,1,1,0,0,1,0,6.8,269.0,0,0,0,0,0,1
6300,124.989,0.0,0,0,1,0,34.788,2.695,1,1,1,0,32.622,-1.256,0,0.0,0,0,1,1,0,1,0,1,0,0,0,12192.0,2,1,1,1,0,0,1,0,6.6,270.5,0,0,0,0,0,1
6400,124.989,0.0,0,0,1,0,35.052,2.641,1,1,1,0,32.496,-1.256,0,0.0,0,0,1,1,0,1,0,1,0,0,0,12192.0,2,1,1,1,0,0,1,0,7.8,269.9,0,0,0,0,0,1
6500,124.989,0.0,0,0,1,0,35.31,2.587,1,1,1,0,32.371,-1.256,0,0.0,0,0,1,1,0,1,0,1,0,0,0,12192.0,2,1,1,1,0,0,1,0,7.2,272.9,0,0,0,0,0,1
6600,124.989,0.0,0,0,1,0,35.564,2.533,1,1,1,0,32.245,-1.256,0,0.0,0,0,1,1,0,1,0,1,0,0,0,12192.0,2,1,1,1,0,0,1,0,7.6,270.5,0,0,0,0,0,1
6700,124.989,0.0,0,0,1,0,35.812,2.479,1,1,1,0,32.119,-1.256,0,0.0,0,0,1,1,0,1,0,1,0,0,0,12192.0,2,1,1,1,0,0,1,0,7.5,266.1,0,0,0,0,0,1
6800,124.989,0.0,0,0,1,0,36.054,2.425,1,1,1,0,31.994,-1.256,0,0.0,0,0,1,1,0,1,0,1,0,0,0,12192.0,2,1,1,1,0,0,1,0,6.9,273.7,0,0,0,0,0,1
6900,124.989,0.0,0,0,1,0,36.291,2.371,1,1,1,0,31.868,-1.256,0,0.0,0,0,1,1,0,1,0,1,0,0,0,12192.0,2,1,1,1,0,0,1,0,7.3,272.4,0,0,0,0,0,1
7000,124.989,0.0,0,0,1,0,36.523,2.317,1,1,1,0,31.742,-1.256,0,0.0,0,0,1,1,0,1,0,1,0,0,0,12192.0,2,1,1,1,0,0,1,0,6.6,268.7,0,0,0,0,0,1
7100,124.989,0.0,0,0,1,0,36.749,2.263,1,1,1,0,31.617,-1.256,0,0.0,0,0,1,1,0,1,0,1,0,0,0,12192.0,2,1,1,1,0,0,1,0,7.7,272.2,0,0,0,0,0,1
7200,124.989,0.0,0,0,1,0,36.97,2.21,1,1,1,0,31.491,-1.256,0,0.0,0,0,1,1,0,1,0,1,0,0,0,12192.0,2,1,1,1,0,0,1,0,7.2,269.4,0,0,0,0,0,1
7300,124.989,0.0,0,0,1,0,37.186,2.156,1,1,1,0,31.366,-1.256,0,0.0,0,0,1,1,0,1,0,1,0,0,0,12192.0,2,1,1,1,0,0,1,0,7.4,268.4,0,0,0,0,0,1
7400,124.989,0.0,0,0,1,0,37.396,2.102,1,1,1,0,31.24,-1.256,0,0.0,0,0,1,1,0,1,0,1,0,0,0,12192.0,2,1,1,1,0,0,1,0,7.4,268.2,0,0,0,0,0,1
7500,124.989,0.0,0,0,1,0,37.601,2.048,1,1,1,0,31.114,-1.256,0,0.0,0,0,1,1,0,1,0,1,0,0,0,12192.0,2,1,1,1,0,0,1,0,6.7,269.0,0,0,0,0,0,1
7600,124.989,0.0,0,0,1,0,37.8,1.994,1,1,1,0,30.989,-1.256,0,0.0,0,0,1,1,0,1,0,1,0,0,0,12192.0,2,1,1,1,0,0,1,0,7.6,272.0,0,0,0,0,0,1
7700,124.989,0.0,0,0,1,0,37.994,1.94,1,1,1,0,30.863,-1.256,0,0.0,0,0,1,1,0,1,0,1,0,0,0,12192.0,2,1,1,1,0,0,1,0,7.8,271.8,0,0,0,0,0,1
7800,124.989,0.0,0,0,1,0,38.183,1.886,1,1,1,0,30.737,-1.256,0,0.0,0,0,1,1,0,1,0,1,0,0,0,12192.0,2,1,1,1,0,0,1,0,7.1,268.9,0,0,0,0,0,1
7900,124.989,0.0,0,0,1,0,38.366,1.832,1,1,1,0,30.612,-1.256,0,0.0,0,0,1,1,0,1,0,1,0,0,0,12192.0,2,1,1,1,0,0,1,0,8.6,276.1,0,0,0,0,0,1
8000,124.989,0.0,0,0,1,0,38.544,1.778,1,1,1,0,30.486,-1.256,0,0.0,0,0,1,1,0,1,0,1,0,0,0,12192.0,2,1,1,1,0,0,1,0,7.1,267.7,0,0,0,0,0,1
8100,124.989,0.0,0,0,1,0,38.716,1.725,1,1,1,0,30.36,-1.256,0,0.0,0,0,1,1,0,1,0,1,0,0,0,12192.0,2,1,1,1,0,0,1,0,8.2,270.1,0,0,0,0,0,1
8200,124.989,0.0,0,0,1,0,38.883,1.671,1,1,1,0,30.235,-1.256,0,0.0,0,0,1,1,0,1,0,1,0,0,0,12192.0,2,1,1,1,0,0,1,0,8.0,273.8,0,0,0,0,0,1
8300,124.989,0.0,0,0,1,0,39.045,1.617,1,1,1,0,30.109,-1.256,0,0.0,0,0,1,1,0,1,0,1,0,0,0,12192.0,2,1,1,1,0,0,1,0,7.9,268.9,0,0,0,0,0,1
8400,124.989,0.0,0,0,1,0,39.201,1.563,1,1,1,0,29.984,-1.256,0,0.0,0,0,1,1,0,1,0,1,0,0,0,12192.0,2,1,1,1,0,0,1,0,8.2,273.0,0,0,0,0,0,1
8500,124.989,0.0,0,0,1,0,39.352,1.509,1,1,1,0,29.858,-1.256,0,0.0,0,0,1,1,0,1,0,1,0,0,0,12192.0,2,1,1,1,0,0,1,0,8.8,264.7,0,0,0,0,0,1
8600,124.989,0.0,0,0,1,0,39.498,1.455,1,1,1,0,29.732,-1.256,0,0.0,0,0,1,1,0,1,0,1,0,0,0,12192.0,2,1,1,1,0,0,1,0,8.3,268.3,0,0,0,0,0,1
8700,124.989,0.0,0,0,1,0,39.638,1.401,1,1,1,0,29.607,-1.256,0,0.0,0,0,1,1,0,1,0,1,0,0,0,12192.0,2,1,1,1,0,0,1,0,8.5,267.7,0,0,0,0,0,1
8800,124.989,0.0,0,0,1,0,39.773,1.347,1,1,1,0,29.481,-1.256,0,0.0,0,0,1,1,0,1,0,1,0,0,0,12192.0,2,1,1,1,0,0,1,0,8.7,271.2,0,0,0,0,0,1
8900,124.989,0.0,0,0,1,0,39.902,1.293,1,1,1,0,29.355,-1.256,0,0.0,0,0,1,1,0,1,0,1,0,0,0,12192.0,2,1,1,1,0,0,1,0,7.6,266.4,0,0,0,0,0,1
9000,124.989,0.0,0,0,1,0,40.026,1.239,1,1,1,0,29.23,-1.256,0,0.0,0,0,1,1,0,1,0,1,0,0,0,12192.0,2,1,1,1,0,0,1,0,8.1,268.6,0,0,0,0,0,1
9100,124.989,0.0,0,0,1,0,40.144,1.186,1,1,1,0,29.104,-1.256,0,0.0,0,0,1,1,0,1,0,1,0,0,0,12192.0,2,1,1,1,0,0,1,0,8.9,269.2,0,0,0,0,0,1
9200,124.989,0.0,0,0,1,0,40.258,1.132,1,1,1,0,28.979,-1.256,0,0.0,0,0,1,1,0,1,0,1,0,0,0,12192.0,2,1,1,1,0,0,1,0,7.9,267.9,0,0,0,0,0,1
9300,124.989,0.0,0,0,1,0,40.365,1.078,1,1,1,0,28.853,-1.256,0,0.0,0,0,1,1,0,1,0,1,0,0,0,12192.0,2,1,1,1,0,0,1,0,7.9,269.4,0,0,0,0,0,1
9400,124.989,0.0,0,0,1,0,40.468,1.024,1,1,1,0,28.727,-1.256,0,0.0,0,0,1,1,0,1,0,1,0,0,0,12192.0,2,1,1,1,0,0,1,0,7.7,271.5,0,0,0,0,0,1
9500,124.989,0.0,0,0,1,0,40.565,0.97,1,1,1,0,28.602,-1.256,0,0.0,0,0,1,1,0,1,0,1,0,0,0,12192.0,2,1,1,1,0,0,1,0,8.1,270.1,0,0,0,0,0,1
9600,124.989,0.0,0,0,1,0,40.656,0.916,1,1,1,0,28.476,-1.256,0,0.0,0,0,1,1,0,1,0,1,0,0,0,12192.0,2,1,1,1,0,0,1,0,7.7,271.4,0,0,0,0,0,1
9700,124.989,0.0,0,0,1,0,40.743,0.862,1,1,1,0,28.35,-1.256,0,0.0,0,0,1,1,0,1,0,1,0,0,0,12192.0,2,1,1,1,0,0,1,0,8.3,265.9,0,0,0,0,0,1
9800,124.989,0.0,0,0,1,0,40.823,0.808,1,1,1,0,28.225,-1.256,0,0.0,0,0,1,1,0,1,0,1,0,0,0,12192.0,2,1,1,1,0,0,1,0,7.9,271.1,0,0,0,0,0,1
9900,124.989,0.0,0,0,1,0,40.899,0.754,1,1,1,0,28.099,-1.256,0,0.0,0,0,1,1,0,1,0,1,0,0,0,12192.0,2,1,1,1,0,0,1,0,7.9,272.6,0,0,0,0,0,1
10000,124.989,0.0,0,0,1,0,40.969,0.701,1,1,1,0,27.973,-1.256,0,0.0,0,0,1,1,0,1,0,1,0,0,0,12192.0,2,1,1,1,0,0,1,0,7.7,273.2,0,0,0,0,0,1
10100,124.989,0.0,0,0,1,0,41.034,0.647,1,1,1,0,27.848,-1.256,0,0.0,0,0,1,1,0,1,0,1,0,0,0,12192.0,2,1,1,1,0,0,1,0,8.7,270.3,0,0,0,0,0,1
10200,124.989,0.0,0,0,1,0,41.093,0.593,1,1,1,0,27.722,-1.256,0,0.0,0,0,1,1,0,1,0,1,0,0,0,12192.0,2,1,1,1,0,0,1,0,8.2,271.1,0,0,0,0,0,1
10300,124.989,0.0,0,0,1,0,41.147,0.539,1,1,1,0,27.597,-1.256,0,0.0,0,0,1,1,0,1,0,1,0,0,0,12192.0,2,1,1,1,0,0,1,0,8.6,269.4,0,0,0,0,0,1
10400,124.989,0.0,0,0,1,0,41.195,0.485,1,1,1,0,27.471,-1.256,0,0.0,0,0,1,1,0,1,0,1,0,0,0,12192.0,2,1,1,1,0,0,1,0,8.4,270.4,0,0,0,0,0,1
10500,124.989,0.0,0,0,1,0,41.244,0.486,1,1,1,0,27.345,-1.256,0,0.0,0,0,1,1,0,1,0,1,0,0,0,12192.0,2,1,1,1,0,0,1,0,8.8,270.5,0,0,0,0,0,1
10600,124.989,0.0,0,0,1,0,41.287,0.429,1,1,1,0,27.22,-1.256,0,0.0,0,0,1,1,0,1,0,1,0,0,0,12192.0,2,1,1,1,0,0,1,0,8.6,270.4,0,0,0,0,0,1
10700,124.989,0.0,0,0,1,0,41.324,0.371,1,1,1,0,27.094,-1.256,0,0.0,0,0,1,1,0,1,0,1,0,0,0,12192.0,2,1,1,1,0,0,1,0,8.4,268.3,0,0,0,0,0,1
10800,124.989,0.0,0,0,1,0,41.355,0.312,1,1,1,0,26.968,-1.256,0,0.0,0,0,1,1,0,1,0,1,0,0,0,12192.0,2,1,1,1,0,0,1,0,8.1,267.7,0,0,0,0,0,1
10900,124.989,0.0,0,0,1,0,41.38,0.253,1,1,1,0,26.843,-1.256,0,0.0,0,0,1,1,0,1,0,1,0,0,0,12192.0,2,1,1,1,0,0,1,0,8.6,265.7,0,0,0,0,0,1
11000,124.989,0.0,0,0,1,0,41.399,0.191,1,1,1,0,26.717,-1.256,0,0.0,0,0,1,1,0,1,0,1,0,0,0,12192.0,2,1,1,1,0,0,1,0,8.7,271.2,0,0,0,0,0,1
11100,124.989,0.0,0,0,1,0,41.412,0.126,1,1,1,0,26.592,-1.256,0,0.0,0,0,1,1,0,1,0,1,0,0,0,12192.0,2,1,1,1,0,0,1,0,8.3,273.0,0,0,0,0,0,1
11200,124.989,0.0,0,0,1,0,41.417,0.0,0,0,1,0,26.466,-1.256,0,0.0,0,0,1,1,0,1,0,1,0,0,0,12192.0,2,1,1,1,0,0,1,0,7.7,267.0,0,0,0,0,0,1
11300,124.989,0.0,0,0,1,0,41.417,0.0,0,0,1,0,26.34,-1.256,0,0.0,0,0,1,1,0,1,0,1,0,0,0,12192.0,2,1,1,1,0,0,1,0,8.1,271.4,0,0,0,0,0,1
11400,124.989,0.0,0,0,1,0,41.417,0.0,0,0,1,0,26.215,-1.256,0,0.0,0,0,1,1,0,1,0,1,0,0,0,12192.0,2,1,1,1,0,0,1,0,8.4,268.9,0,0,0,0,0,1
11500,124.989,0.0,0,0,1,0,41.417,0.0,0,0,1,0,26.089,-1.256,0,0.0,0,0,1,1,0,1,0,1,0,0,0,12192.0,2,1,1,1,0,0,1,0,7.2,271.9,0,0,0,0,0,1
11600,124.989,0.0,0,0,1,0,41.417,0.0,0,0,1,0,25.963,-1.256,0,0.0,0,0,1,1,0,1,0,1,0,0,0,12192.0,2,1,1,1,0,0,1,0,8.3,269.7,0,0,0,0,0,1
11700,124.989,0.0,0,0,1,0,41.417,0.0,0,0,1,0,25.838,-1.256,0,0.0,0,0,1,1,0,1,0,1,0,0,0,12192.0,2,1,1,1,0,0,1,0,7.7,271.9,0,0,0,0,0,1
11800,124.989,0.0,0,0,1,0,41.417,0.0,0,0,1,0,25.712,-1.256,0,0.0,0,0,1,1,0,1,0,1,0,0,0,12192.0,2,1,1,1,0,0,1,0,8.8,273.4,0,0,0,0,0,1
11900,124.989,0.0,0,0,1,0,41.417,0.0,0,0,1,0,25.586,-1.256,0,0.0,0,0,1,1,0,1,0,1,0,0,0,12192.0,2,1,1,1,0,0,1,0,8.9,269.1,0,0,0,0,0,1
12000,124.989,0.0,0,0,1,0,41.417,0.0,0,0,1,0,25.461,-1.256,0,0.0,0,0,1,1,0,1,0,1,0,0,0,12192.0,2,1,1,1,0,0,1,0,8.7,271.1,0,0,0,0,0,1
12100,124.989,0.0,0,0,1,0,41.417,0.0,0,0,1,0,25.335,-1.256,0,0.0,0,0,1,1,0,1,0,1,0,0,0,12192.0,2,1,1,1,0,0,1,0,8.9,271.1,0,0,0,0,0,1
12200,124.989,0.0,0,0,1,0,41.417,0.0,0,0,1,0,25.21,-1.256,0,0.0,0,0,1,1,0,1,0,1,0,0,0,12192.0,2,1,1,1,0,0,1,0,8.4,270.1,0,0,0,0,0,1
12300,124.989,0.0,0,0,1,0,41.417,0.0,0,0,1,0,25.084,-1.256,0,0.0,0,0,1,1,0,1,0,1,0,0,0,12192.0,2,1,1,1,0,0,1,0,7.5,276.1,0,0,0,0,0,1
12400,124.989,0.0,0,0,1,0,41.417,0.0,0,0,1,0,24.958,-1.256,0,0.0,0,0,1,1,0,1,0,1,0,0,0,12192.0,2,1,1,1,0,0,1,0,7.8,265.4,0,0,0,0,0,1
12500,124.989,0.0,0,0,1,0,41.417,0.0,0,0,1,0,24.833,-1.256,0,0.0,0,0,1,1,0,1,0,1,0,0,0,12192.0,2,1,1,1,0,0,1,0,8.2,272.3,0,0,0,0,0,1
12600,124.989,0.0,0,0,1,0,41.417,0.0,0,0,1,0,24.707,-1.256,0,0.0,0,0,1,1,0,1,0,1,0,0,0,12192.0,2,1,1,1,0,0,1,0,8.8,267.6,0,0,0,0,0,1
12700,124.989,0.0,0,0,1,0,41.417,0.0,0,0,1,0,24.581,-1.256,0,0.0,0,0,1,1,0,1,0,1,0,0,0,12192.0,2,1,1,1,0,0,1,0,7.9,268.6,0,0,0,0,0,1
12800,124.989,0.0,0,0,1,0,41.417,0.0,0,0,1,0,24.456,-1.256,0,0.0,0,0,1,1,0,1,0,1,0,0,0,12192.0,2,1,1,1,0,0,1,0,8.1,270.4,0,0,0,0,0,1
12900,124.989,0.0,0,0,1,0,41.417,0.0,0,0,1,0,24.33,-1.256,0,0.0,0,0,1,1,0,1,0,1,0,0,0,12192.0,2,1,1,1,0,0,1,0,7.9,267.1,0,0,0,0,0,1
13000,124.989,0.0,0,0,1,0,41.417,0.0,0,0,1,0,24.205,-1.256,0,0.0,0,0,1,1,0,1,0,1,0,0,0,12192.0,2,1,1,1,0,0,1,0,8.3,269.6,0,0,0,0,0,1
13100,124.989,0.0,0,0,1,0,41.417,0.0,0,0,1,0,24.079,-1.256,0,0.0,0,0,1,1,0,1,0,1,0,0,0,12192.0,2,1,1,1,0,0,1,0,8.6,269.4,0,0,0,0,0,1
13200,124.989,0.0,0,0,1,0,41.417,0.0,0,0,1,0,23.953,-1.256,0,0.0,0,0,1,1,0,1,0,1,0,0,0,12192.0,2,1,1,1,0,0,1,0,8.5,271.9,0,0,0,0,0,1
13300,124.989,0.0,0,0,1,0,41.417,0.0,0,0,1,0,23.828,-1.256,0,0.0,0,0,1,1,0,1,0,1,0,0,0,12192.0,2,1,1,1,0,0,1,0,7.5,271.3,0,0,0,0,0,1
13400,124.989,0.0,0,0,1,0,41.417,0.0,0,0,1,0,23.702,-1.256,0,0.0,0,0,1,1,0,1,0,1,0,0,0,12192.0,2,1,1,1,0,0,1,0,8.4,269.4,0,0,0,0,0,1
13500,124.989,0.0,0,0,1,0,41.417,0.0,0,0,1,0,23.576,-1.256,0,0.0,0,0,1,1,0,1,0,1,0,0,0,12192.0,2,1,1,1,0,0,1,0,7.8,268.8,0,0,0,0,0,1
13600,124.989,0.0,0,0,1,0,41.417,0.0,0,0,1,0,23.451,-1.256,0,0.0,0,0,1,1,0,1,0,1,0,0,0,12192.0,2,1,1,1,0,0,1,0,7.7,272.7,0,0,0,0,0,1
13700,124.989,0.0,0,0,1,0,41.417,0.0,0,0,1,0,23.325,-1.256,0,0.0,0,0,1,1,0,1,0,1,0,0,0,12192.0,2,1,1,1,0,0,1,0,7.2,266.9,0,0,0,0,0,1
13800,124.989,0.0,0,0,1,0,41.417,0.0,0,0,1,0,23.199,-1.256,0,0.0,0,0,1,1,0,1,0,1,0,0,0,12192.0,2,1,1,1,0,0,1,0,8.0,270.8,0,0,0,0,0,1
13900,124.989,0.0,0,0,1,0,41.417,0.0,0,0,1,0,23.074,-1.256,0,0.0,0,0,1,1,0,1,0,1,0,0,0,12192.0,2,1,1,1,0,0,1,0,8.4,269.0,0,0,0,0,0,1
14000,124.989,0.0,0,0,1,0,41.417,0.0,0,0,1,0,22.948,-1.256,0,0.0,0,0,1,1,0,1,0,1,0,0,0,12192.0,2,1,1,1,0,0,1,0,7.7,270.8,0,0,0,0,0,1
14100,124.989,0.0,0,0,1,0,41.417,0.0,0,0,1,0,22.823,-1.256,0,0.0,0,0,1,1,0,1,0,1,0,0,0,12192.0,2,1,1,1,0,0,1,0,6.8,270.1,0,0,0,0,0,1
14200,124.989,0.0,0,0,1,0,41.417,0.0,0,0,1,0,22.697,-1.256,0,0.0,0,0,1,1,0,1,0,1,0,0,0,12192.0,2,1,1,1,0,0,1,0,7.6,263.4,0,0,0,0,0,1
14300,124.989,0.0,0,0,1,0,41.417,0.0,0,0,1,0,22.571,-1.256,0,0.0,0,0,1,1,0,1,0,1,0,0,0,12192.0,2,1,1,1,0,0,1,0,7.8,270.2,0,0,0,0,0,1
14400,124.989,0.0,0,0,1,0,41.417,0.0,0,0,1,0,22.446,-1.256,0,0.0,0,0,1,1,0,1,0,1,0,0,0,12192.0,2,1,1,1,0,0,1,0,7.6,271.1,0,0,0,0,0,1
14500,124.989,0.0,0,0,1,0,41.417,0.0,0,0,1,0,22.32,-1.256,0,0.0,0,0,1,1,0,1,0,1,0,0,0,12192.0,2,1,1,1,0,0,1,0,7.0,271.8,0,0,0,0,0,1
14600,124.989,0.0,0,0,1,0,41.417,0.0,0,0,1,0,22.194,-1.256,0,0.0,0,0,1,1,0,1,0,1,0,0,0,12192.0,2,1,1,1,0,0,1,0,8.4,266.1,0,0,0,0,0,1
14700,124.989,0.0,0,0,1,0,41.417,0.0,0,0,1,0,22.069,-1.256,0,0.0,0,0,1,1,0,1,0,1,0,0,0,12192.0,2,1,1,1,0,0,1,0,7.7,275.8,0,0,0,0,0,1
14800,124.989,0.0,0,0,1,0,41.417,0.0,0,0,1,0,21.943,-1.256,0,0.0,0,0,1,1,0,1,0,1,0,0,0,12192.0,2,1,1,1,0,0,1,0,7.1,268.9,0,0,0,0,0,1
14900,124.989,0.0,0,0,1,0,41.417,0.0,0,0,1,0,21.817,-1.256,0,0.0,0,0,1,1,0,1,0,1,0,0,0,12192.0,2,1,1,1,0,0,1,0,7.4,272.1,0,0,0,0,0,1
15000,124.989,0.0,0,0,1,0,41.417,0.0,0,0,1,0,21.692,-1.256,0,0.0,0,0,1,1,0,1,0,1,0,0,0,12192.0,2,1,1,1,0,0,1,0,7.1,270.1,0,0,0,0,0,1
15100,124.989,0.0,0,0,1,0,41.417,0.0,0,0,1,0,21.566,-1.256,0,0.0,0,0,1,1,0,1,0,1,0,0,0,12192.0,2,1,1,1,0,0,1,0,7.4,267.7,0,0,0,0,0,1
15200,124.989,0.0,0,0,1,0,41.417,0.0,0,0,1,0,21.441,-1.256,0,0.0,0,0,1,1,0,1,0,1,0,0,0,12192.0,2,1,1,1,0,0,1,0,7.0,266.7,0,0,0,0,0,1
15300,124.989,0.0,0,0,1,0,41.417,0.0,0,0,1,0,21.315,-1.256,0,0.0,0,0,1,1,0,1,0,1,0,0,0,12192.0,2,1,1,1,0,0,1,0,7.1,267.4,0,0,0,0,0,1
15400,124.989,0.0,0,0,1,0,41.417,0.0,0,0,1,0,21.189,-1.256,0,0.0,0,0,1,1,0,1,0,1,0,0,0,12192.0,2,1,1,1,0,0,1,0,6.3,266.2,0,0,0,0,0,1
15500,124.989,0.0,0,0,1,0,41.417,0.0,0,0,1,0,21.064,-1.256,0,0.0,0,0,1,1,0,1,0,1,0,0,0,12192.0,2,1,1,1,0,0,1,0,7.8,267.3,0,0,0,0,0,1
15600,124.989,0.0,0,0,1,0,41.417,0.0,0,0,1,0,20.938,-1.256,0,0.0,0,0,1,1,0,1,0,1,0,0,0,12192.0,2,1,1,1,0,0,1,0,7.5,267.7,0,0,0,0,0,1
15700,124.989,0.0,0,0,1,0,41.417,0.0,0,0,1,0,20.812,-1.256,0,0.0,0,0,1,1,0,1,0,1,0,0,0,12192.0,2,1,1,1,0,0,1,0,6.8,269.2,0,0,0,0,0,1
15800,124.989,0.0,0,0,1,0,41.417,0.0,0,0,1,0,20.687,-1.256,0,0.0,0,0,1,1,0,1,0,1,0,0,0,12192.0,2,1,1,1,0,0,1,0,7.6,266.9,0,0,0,0,0,1
15900,124.989,0.0,0,0,1,0,41.417,0.0,0,0,1,0,20.561,-1.256,0,0.0,0,0,1,1,0,1,0,1,0,0,0,12192.0,2,1,1,1,0,0,1,0,7.4,269.2,0,0,0,0,0,1
16000,124.989,0.0,0,0,1,0,41.417,0.0,0,0,1,0,20.436,-1.256,0,0.0,0,0,1,1,0,1,0,1,0,0,0,12192.0,2,1,1,1,0,0,1,0,7.5,271.0,0,0,0,0,0,1
16100,124.989,0.0,0,0,1,0,41.417,0.0,0,0,1,0,20.31,-1.256,0,0.0,0,0,1,1,0,1,0,1,0,0,0,12192.0,2,1,1,1,0,0,1,0,7.3,266.4,0,0,0,0,0,1
16200,124.989,0.0,0,0,1,0,41.417,0.0,0,0,1,0,20.184,-1.256,0,0.0,0,0,1,1,0,1,0,1,0,0,0,12192.0,2,1,1,1,0,0,1,0,8.3,268.8,0,0,0,0,0,1
16300,124.989,0.0,0,0,1,0,41.417,0.0,0,0,1,0,20.064,-1.205,0,0.0,0,0,1,1,0,1,0,1,0,0,0,12192.0,2,1,1,1,0,0,1,0,7.2,270.6,0,0,0,0,0,1
16400,124.989,0.0,0,0,1,0,41.417,0.0,0,0,1,0,19.949,-1.153,0,0.0,0,0,1,1,0,1,0,1,0,0,0,12192.0,2,1,1,1,0,0,1,0,7.3,266.5,0,0,0,0,0,1
16500,124.989,0.0,0,0,1,0,41.417,0.0,0,0,1,0,19.838,-1.101,0,0.0,0,0,1,1,0,1,0,1,0,0,0,12192.0,2,1,1,1,0,0,1,0,7.4,267.7,0,0,0,0,0,1
16600,124.989,0.0,0,0,1,0,41.417,0.0,0,0,1,0,19.734,-1.049,0,0.0,0,0,1,1,0,1,0,1,0,0,0,12192.0,2,1,1,1,0,0,1,0,7.7,269.7,0,0,0,0,0,1
16700,124.989,0.0,0,0,1,0,41.417,0.0,0,0,1,0,19.634,-0.998,0,0.0,0,0,1,1,0,1,0,1,0,0,0,12192.0,2,1,1,1,0,0,1,0,7.2,270.0,0,0,0,0,0,1
16800,124.989,0.0,0,0,1,0,41.417,0.0,0,0,1,0,19.539,-0.946,0,0.0,0,0,1,1,0,1,0,1,0,0,0,12192.0,2,1,1,1,0,0,1,0,7.8,270.5,0,0,0,0,0,1
16900,124.989,0.0,0,0,1,0,41.417,0.0,0,0,1,0,19.45,-0.894,0,0.0,0,0,1,1,0,1,0,1,0,0,0,12192.0,2,1,1,1,0,0,1,0,7.4,266.3,0,0,0,0,0,1
17000,124.989,0.0,0,0,1,0,41.417,0.0,0,0,1,0,19.366,-0.842,0,0.0,0,0,1,1,0,1,0,1,0,0,0,12192.0,2,1,1,1,0,0,1,0,8.3,269.6,0,0,0,0,0,1
17100,124.989,0.0,0,0,1,0,41.417,0.0,0,0,1,0,19.287,-0.79,0,0.0,0,0,1,1,0,1,0,1,0,0,0,12192.0,2,1,1,1,0,0,1,0,7.6,270.6,0,0,0,0,0,1
17200,124.989,0.0,0,0,1,0,41.417,0.0,0,0,1,0,19.213,-0.739,0,0.0,0,0,1,1,0,1,0,1,0,0,0,12192.0,2,1,1,1,0,0,1,0,8.4,272.4,0,0,0,0,0,1
17300,124.989,0.0,0,0,1,0,41.417,0.0,0,0,1,0,19.144,-0.687,0,0.0,0,0,1,1,0,1,0,1,0,0,0,12192.0,2,1,1,1,0,0,1,0,7.9,271.8,0,0,0,0,0,1
17400,124.989,0.0,0,0,1,0,41.417,0.0,0,0,1,0,19.08,-0.635,0,0.0,0,0,1,1,0,1,0,1,0,0,0,12192.0,2,1,1,1,0,0,1,0,7.2,274.8,0,0,0,0,0,1
17500,124.989,0.0,0,0,1,0,41.417,0.0,0,0,1,0,19.022,-0.583,0,0.0,0,0,1,1,0,1,0,1,0,0,0,12192.0,2,1,1,1,0,0,1,0,8.4,272.1,0,0,0,0,0,1
17600,124.989,0.0,0,0,1,0,41.417,0.0,0,0,1,0,18.969,-0.532,0,0.0,0,0,1,1,0,1,0,1,0,0,0,12192.0,2,1,1,1,0,0,1,0,8.1,268.5,0,0,0,0,0,1
17700,124.989,0.0,0,0,1,0,41.417,0.0,0,0,1,0,18.921,-0.48,0,0.0,0,0,1,1,0,1,0,1,0,0,0,12192.0,2,1,1,1,0,0,1,0,8.5,271.9,0,0,0,0,0,1
17800,124.989,0.0,0,0,1,0,41.417,0.0,0,0,1,0,18.878,-0.428,0,0.0,0,0,1,1,0,1,0,1,0,0,0,12192.0,2,1,1,1,0,0,1,0,7.9,271.9,0,0,0,0,0,1
17900,124.989,0.0,0,0,1,0,41.417,0.0,0,0,1,0,18.841,-0.373,0,0.0,0,0,1,1,0,1,0,1,0,0,0,12192.0,2,1,1,1,0,0,1,0,7.7,270.9,0,0,0,0,0,1
18000,124.989,0.0,0,0,1,0,41.417,0.0,0,0,1,0,18.809,-0.318,0,0.0,0,0,1,1,0,1,0,1,0,0,0,12192.0,2,1,1,1,0,0,1,0,8.1,265.7,0,0,0,0,0,1
18100,124.989,0.0,0,0,1,0,41.417,0.0,0,0,1,0,18.783,-0.261,0,0.0,0,0,1,1,0,1,0,1,0,0,0,12192.0,2,1,1,1,0,0,1,0,8.4,270.5,0,0,0,0,0,1
18200,124.989,0.0,0,0,1,0,41.417,0.0,0,0,1,0,18.763,-0.202,0,0.0,0,0,1,1,0,1,0,1,0,0,0,12192.0,2,1,1,1,0,0,1,0,8.1,269.4,0,0,0,0,0,1
18300,124.989,0.0,0,0,1,0,41.417,0.0,0,0,1,0,18.749,-0.141,0,0.0,0,0,1,1,0,1,0,1,0,0,0,12192.0,2,1,1,1,0,0,1,0,7.7,269.7,0,0,0,0,0,1
18400,124.989,0.0,0,0,1,0,41.417,0.0,0,0,1,0,18.741,-0.073,0,0.0,0,0,1,1,0,1,0,1,0,0,0,12192.0,2,1,1,1,0,0,1,0,8.3,270.8,0,0,0,0,0,1
18500,124.989,0.0,0,0,0,0,41.417,0.0,0,0,0,0,18.739,0.0,0,0.0,0,0,0,0,0,1,0,1,0,0,0,12192.0,2,1,1,0,1,0,1,0,8.4,272.1,0,0,0,0,0,1
18600,124.989,0.0,0,0,1,0,41.417,0.0,0,0,1,0,18.734,-0.052,0,0.0,0,0,1,1,0,1,0,1,0,0,0,12192.0,2,1,1,1,0,0,1,0,8.5,270.0,0,0,0,0,0,1
18700,124.989,0.0,0,0,1,0,41.417,0.0,0,0,1,0,18.724,-0.104,0,0.0,0,0,1,1,0,1,0,1,0,0,0,12192.0,2,1,1,1,0,0,1,0,8.4,268.9,0,0,0,0,0,1
18800,124.989,0.0,0,0,1,0,41.417,0.0,0,0,1,0,18.708,-0.155,0,0.0,0,0,1,1,0,1,0,1,0,0,0,12192.0,2,1,1,1,0,0,1,0,8.5,272.6,0,0,0,0,0,1
18900,124.989,0.0,0,0,1,0,41.417,0.0,0,0,1,0,18.687,-0.207,0,0.0,0,0,1,1,0,1,0,1,0,0,0,12192.0,2,1,1,1,0,0,1,0,7.9,273.2,0,0,0,0,0,1
19000,124.989,0.0,0,0,1,0,41.417,0.0,0,0,1,0,18.661,-0.259,0,0.0,0,0,1,1,0,1,0,1,0,0,0,12192.0,2,1,1,1,0,0,1,0,8.5,269.7,0,0,0,0,0,1
19100,124.989,0.0,0,0,1,0,41.417,0.0,0,0,1,0,18.63,-0.311,0,0.0,0,0,1,1,0,1,0,1,0,0,0,12192.0,2,1,1,1,0,0,1,0,9.0,263.4,0,0,0,0,0,1
19200,124.989,0.0,0,0,1,0,41.417,0.0,0,0,1,0,18.594,-0.362,0,0.0,0,0,1,1,0,1,0,1,0,0,0,12192.0,2,1,1,1,0,0,1,0,8.3,269.0,0,0,0,0,0,1
19300,124.989,0.0,0,0,1,0,41.417,0.0,0,0,1,0,18.553,-0.414,0,0.0,0,0,1,1,0,1,0,1,0,0,0,12192.0,2,1,1,1,0,0,1,0,8.3,271.8,0,0,0,0,0,1
19400,124.989,0.0,0,0,1,0,41.417,0.0,0,0,1,0,18.506,-0.466,0,0.0,0,0,1,1,0,1,0,1,0,0,0,12192.0,2,1,1,1,0,0,1,0,8.9,270.1,0,0,0,0,0,1
19500,124.989,0.0,0,0,1,0,41.417,0.0,0,0,1,0,18.454,-0.518,0,0.0,0,0,1,1,0,1,0,1,0,0,0,12192.0,2,1,1,1,0,0,1,0,7.8,269.8,0,0,0,0,0,1
19600,124.989,0.0,0,0,1,0,41.417,0.0,0,0,1,0,18.397,-0.569,0,0.0,0,0,1,1,0,1,0,1,0,0,0,12192.0,2,1,1,1,0,0,1,0,8.3,266.9,0,0,0,0,0,1
19700,124.989,0.0,0,0,1,0,41.417,0.0,0,0,1,0,18.335,-0.621,0,0.0,0,0,1,1,0,1,0,1,0,0,0,12192.0,2,1,1,1,0,0,1,0,8.5,273.9,0,0,0,0,0,1
19800,124.989,0.0,0,0,1,0,41.417,0.0,0,0,1,0,18.268,-0.673,0,0.0,0,0,1,1,0,1,0,1,0,0,0,12192.0,2,1,1,1,0,0,1,0,9.6,268.0,0,0,0,0,0,1
19900,124.989,0.0,0,0,1,0,41.417,0.0,0,0,1,0,18.196,-0.725,0,0.0,0,0,1,1,0,1,0,1,0,0,0,12192.0,2,1,1,1,0,0,1,0,9.1,270.4,0,0,0,0,0,1
20000,124.989,0.0,0,0,1,0,41.417,0.0,0,0,1,0,18.118,-0.776,0,0.0,0,0,1,1,0,1,0,1,0,0,0,12192.0,2,1,1,1,0,0,1,0,7.8,271.2,0,0,0,0,0,1
20100,124.989,0.0,0,0,1,0,41.417,0.0,0,0,1,0,18.035,-0.828,0,0.0,0,0,1,1,0,1,0,1,0,0,0,12192.0,2,1,1,1,0,0,1,0,8.2,269.2,0,0,0,0,0,1
20200,124.989,0.0,0,0,1,0,41.417,0.0,0,0,1,0,17.947,-0.88,0,0.0,0,0,1,1,0,1,0,1,0,0,0,12192.0,2,1,1,1,0,0,1,0,8.8,269.0,0,0,0,0,0,1
20300,124.989,0.0,0,0,1,0,41.417,0.0,0,0,1,0,17.854,-0.932,0,0.0,0,0,1,1,0,1,0,1,0,0,0,12192.0,2,1,1,1,0,0,1,0,9.1,269.6,0,0,0,0,0,1
20400,124.989,0.0,0,0,1,0,41.417,0.0,0,0,1,0,17.756,-0.983,0,0.0,0,0,1,1,0,1,0,1,0,0,0,12192.0,2,1,1,1,0,0,1,0,8.8,268.5,0,0,0,0,0,1
20500,124.989,0.0,0,0,1,0,41.417,0.0,0,0,1,0,17.652,-1.035,0,0.0,0,0,1,1,0,1,0,1,0,0,0,12192.0,2,1,1,1,0,0,1,0,8.0,273.0,0,0,0,0,0,1
20600,124.989,0.0,0,0,1,0,41.417,0.0,0,0,1,0,17.543,-1.087,0,0.0,0,0,1,1,0,1,0,1,0,0,0,12192.0,2,1,1,1,0,0,1,0,9.0,268.9,0,0,0,0,0,1
20700,124.989,0.0,0,0,1,0,41.417,0.0,0,0,1,0,17.43,-1.139,0,0.0,0,0,1,1,0,1,0,1,0,0,0,12192.0,2,1,1,1,0,0,1,0,8.0,268.9,0,0,0,0,0,1
20800,124.989,0.0,0,0,1,0,41.417,0.0,0,0,1,0,17.31,-1.191,0,0.0,0,0,1,1,0,1,0,1,0,0,0,12192.0,2,1,1,1,0,0,1,0,8.0,268.1,0,0,0,0,0,1
20900,124.989,0.0,0,0,1,0,41.417,0.0,0,0,1,0,17.186,-1.242,0,0.0,0,0,1,1,0,1,0,1,0,0,0,12192.0,2,1,1,1,0,0,1,0,8.8,270.6,0,0,0,0,0,1
21000,124.989,0.0,0,0,1,0,41.417,0.0,0,0,1,0,17.061,-1.256,0,0.0,0,0,1,1,0,1,0,1,0,0,0,12192.0,2,1,1,1,0,0,1,0,8.9,273.8,0,0,0,0,0,1
21100,124.989,0.0,0,0,1,0,41.417,0.0,0,0,1,0,16.935,-1.256,0,0.0,0,0,1,1,0,1,0,1,0,0,0,12192.0,2,1,1,1,0,0,1,0,8.7,272.3,0,0,0,0,0,1
21200,124.989,0.0,0,0,1,0,41.417,0.0,0,0,1,0,16.809,-1.256,0,0.0,0,0,1,1,0,1,0,1,0,0,0,12192.0,2,1,1,1,0,0,1,0,8.2,269.0,0,0,0,0,0,1
21300,124.989,0.0,0,0,1,0,41.417,0.0,0,0,1,0,16.684,-1.256,0,0.0,0,0,1,1,0,1,0,1,0,0,0,12192.0,2,1,1,1,0,0,1,0,8.6,269.9,0,0,0,0,0,1
21400,124.989,0.0,0,0,1,0,41.417,0.0,0,0,1,0,16.558,-1.256,0,0.0,0,0,1,1,0,1,0,1,0,0,0,12192.0,2,1,1,1,0,0,1,0,8.6,268.0,0,0,0,0,0,1
21500,124.989,0.0,0,0,1,0,41.417,0.0,0,0,1,0,16.432,-1.256,0,0.0,0,0,1,1,0,1,0,1,0,0,0,12192.0,2,1,1,1,0,0,1,0,9.0,270.2,0,0,0,0,0,1
21600,124.989,0.0,0,0,1,0,41.417,0.0,0,0,1,0,16.307,-1.256,0,0.0,0,0,1,1,0,1,0,1,0,0,0,12192.0,2,1,1,1,0,0,1,0,8.6,268.4,0,0,0,0,0,1
21700,124.989,0.0,0,0,1,0,41.417,0.0,0,0,1,0,16.181,-1.256,0,0.0,0,0,1,1,0,1,0,1,0,0,0,12192.0,2,1,1,1,0,0,1,0,8.5,267.3,0,0,0,0,0,1
21800,124.989,0.0,0,0,1,0,41.417,0.0,0,0,1,0,16.056,-1.256,0,0.0,0,0,1,1,0,1,0,1,0,0,0,12192.0,2,1,1,1,0,0,1,0,8.1,272.4,0,0,0,0,0,1
21900,124.989,0.0,0,0,1,0,41.417,0.0,0,0,1,0,15.93,-1.256,0,0.0,0,0,1,1,0,1,0,1,0,0,0,12192.0,2,1,1,1,0,0,1,0,7.5,270.2,0,0,0,0,0,1
22000,124.989,0.0,0,0,1,0,41.417,0.0,0,0,1,0,15.804,-1.256,0,0.0,0,0,1,1,0,1,0,1,0,0,0,12192.0,2,1,1,1,0,0,1,0,8.7,272.1,0,0,0,0,0,1
22100,124.989,0.0,0,0,1,0,41.417,0.0,0,0,1,0,15.679,-1.256,0,0.0,0,0,1,1,0,1,0,1,0,0,0,12192.0,2,1,1,1,0,0,1,0,8.9,271.3,0,0,0,0,0,1
22200,124.989,0.0,0,0,1,0,41.417,0.0,0,0,1,0,15.553,-1.256,0,0.0,0,0,1,1,0,1,0,1,0,0,0,12192.0,2,1,1,1,0,0,1,0,8.5,271.5,0,0,0,0,0,1
22300,124.989,0.0,0,0,1,0,41.417,0.0,0,0,1,0,15.433,-1.205,0,0.0,0,0,1,1,0,1,0,1,0,0,0,12192.0,2,1,1,1,0,0,1,0,7.5,272.0,0,0,0,0,0,1
22400,124.989,0.0,0,0,1,0,41.417,0.0,0,0,1,0,15.317,-1.153,0,0.0,0,0,1,1,0,1,0,1,0,0,0,12192.0,2,1,1,1,0,0,1,0,7.3,275.7,0,0,0,0,0,1
22500,124.989,0.0,0,0,1,0,41.417,0.0,0,0,1,0,15.207,-1.101,0,0.0,0,0,1,1,0,1,0,1,0,0,0,12192.0,2,1,1,1,0,0,1,0,7.7,273.7,0,0,0,0,0,1
22600,124.989,0.0,0,0,1,0,41.417,0.0,0,0,1,0,15.102,-1.049,0,0.0,0,0,1,1,0,1,0,1,0,0,0,12192.0,2,1,1,1,0,0,1,0,7.9,269.7,0,0,0,0,0,1
22700,124.989,0.0,0,0,1,0,41.417,0.0,0,0,1,0,15.002,-0.998,0,0.0,0,0,1,1,0,1,0,1,0,0,0,12192.0,2,1,1,1,0,0,1,0,8.4,269.3,0,0,0,0,0,1
22800,124.989,0.0,0,0,1,0,41.417,0.0,0,0,1,0,14.908,-0.946,0,0.0,0,0,1,1,0,1,0,1,0,0,0,12192.0,2,1,1,1,0,0,1,0,7.5,270.4,0,0,0,0,0,1
22900,124.989,0.0,0,0,1,0,41.417,0.0,0,0,1,0,14.819,-0.894,0,0.0,0,0,1,1,0,1,0,1,0,0,0,12192.0,2,1,1,1,0,0,1,0,7.8,273.8,0,0,0,0,0,1
23000,124.989,0.0,0,0,1,0,41.417,0.0,0,0,1,0,14.734,-0.842,0,0.0,0,0,1,1,0,1,0,1,0,0,0,12192.0,2,1,1,1,0,0,1,0,7.9,267.9,0,0,0,0,0,1
23100,124.989,0.0,0,0,1,0,41.417,0.0,0,0,1,0,14.655,-0.79,0,0.0,0,0,1,1,0,1,0,1,0,0,0,12192.0,2,1,1,1,0,0,1,0,7.1,270.6,0,0,0,0,0,1
23200,124.989,0.0,0,0,1,0,41.417,0.0,0,0,1,0,14.581,-0.739,0,0.0,0,0,1,1,0,1,0,1,0,0,0,12192.0,2,1,1,1,0,0,1,0,7.3,269.3,0,0,0,0,0,1
23300,124.989,0.0,0,0,1,0,41.417,0.0,0,0,1,0,14.513,-0.687,0,0.0,0,0,1,1,0,1,0,1,0,0,0,12192.0,2,1,1,1,0,0,1,0,8.2,266.4,0,0,0,0,0,1
23400,124.989,0.0,0,0,1,0,41.417,0.0,0,0,1,0,14.449,-0.635,0,0.0,0,0,1,1,0,1,0,1,0,0,0,12192.0,2,1,1,1,0,0,1,0,6.6,265.9,0,0,0,0,0,1
23500,124.989,0.0,0,0,1,0,41.417,0.0,0,0,1,0,14.391,-0.583,0,0.0,0,0,1,1,0,1,0,1,0,0,0,12192.0,2,1,1,1,0,0,1,0,7.3,270.6,0,0,0,0,0,1
23600,124.989,0.0,0,0,1,0,41.417,0.0,0,0,1,0,14.338,-0.532,0,0.0,0,0,1,1,0,1,0,1,0,0,0,12192.0,2,1,1,1,0,0,1,0,7.0,272.4,0,0,0,0,0,1
23700,124.989,0.0,0,0,1,0,41.417,0.0,0,0,1,0,14.284,-0.533,0,0.0,0,0,1,1,0,1,0,1,0,0,0,12192.0,2,1,1,1,0,0,1,0,7.3,274.6,0,0,0,0,0,1
23800,124.989,0.0,0,0,1,0,41.417,0.0,0,0,1,0,14.236,-0.479,0,0.0,0,0,1,1,0,1,0,1,0,0,0,12192.0,2,1,1,1,0,0,1,0,8.0,271.5,0,0,0,0,0,1
23900,124.989,0.0,0,0,1,0,41.417,0.0,0,0,1,0,14.194,-0.424,0,0.0,0,0,1,1,0,1,0,1,0,0,0,12192.0,2,1,1,1,0,0,1,0,7.7,268.9,0,0,0,0,0,1
24000,124.989,0.0,0,0,1,0,41.417,0.0,0,0,1,0,14.157,-0.369,0,0.0,0,0,1,1,0,1,0,1,0,0,0,12192.0,2,1,1,1,0,0,1,0,7.3,268.9,0,0,0,0,0,1
24100,124.989,0.0,0,0,1,0,41.417,0.0,0,0,1,0,14.126,-0.313,0,0.0,0,0,1,1,0,1,0,1,0,0,0,12192.0,2,1,1,1,0,0,1,0,7.3,272.2,0,0,0,0,0,1
24200,124.989,0.0,0,0,1,0,41.417,0.0,0,0,1,0,14.1,-0.256,0,0.0,0,0,1,1,0,1,0,1,0,0,0,12192.0,2,1,1,1,0,0,1,0,7.7,272.6,0,0,0,0,0,1
24300,124.989,0.0,0,0,1,0,41.417,0.0,0,0,1,0,14.081,-0.197,0,0.0,0,0,1,1,0,1,0,1,0,0,0,12192.0,2,1,1,1,0,0,1,0,7.0,274.5,0,0,0,0,0,1
24400,124.989,0.0,0,0,1,0,41.417,0.0,0,0,1,0,14.067,-0.136,0,0.0,0,0,1,1,0,1,0,1,0,0,0,12192.0,2,1,1,1,0,0,1,0,6.8,271.2,0,0,0,0,0,1
24500,124.989,0.0,0,0,1,0,41.417,0.0,0,0,1,0,14.06,-0.066,0,0.0,0,0,1,1,0,1,0,1,0,0,0,12192.0,2,1,1,1,0,0,1,0,7.2,268.3,0,0,0,0,0,1
24600,124.989,0.0,0,0,0,0,41.417,0.0,0,0,0,0,14.059,0.0,0,0.0,0,0,0,0,0,1,0,1,0,0,0,12192.0,2,1,1,0,1,0,1,0,7.5,268.7,0,0,0,0,0,1
24700,124.989,0.0,0,0,0,0,41.417,0.0,0,0,0,0,14.059,0.0,0,0.0,0,0,0,0,0,1,0,1,1,1,0,12192.0,2,1,1,0,1,0,1,0,8.3,270.9,0,0,0,0,0,1
24800,124.989,0.0,0,0,0,0,41.417,0.0,0,0,0,0,14.059,0.0,0,0.0,0,0,0,0,0,1,0,1,1,1,0,12192.0,2,1,1,0,1,0,1,0,7.7,269.7,0,0,0,0,0,1
24900,124.989,0.0,0,0,0,0,41.417,0.0,0,0,0,0,14.059,0.0,0,0.0,0,0,0,0,0,1,0,1,1,1,0,12192.0,2,1,1,0,1,0,1,0,8.2,270.0,0,0,0,0,0,1
25000,124.989,0.0,0,0,0,0,41.417,0.0,0,0,0,0,14.059,0.0,0,0.0,0,0,0,0,0,1,0,1,1,1,0,12192.0,2,1,1,0,1,0,1,0,7.2,268.0,0,0,0,0,0,1
25100,124.989,0.0,0,0,0,0,41.417,0.0,0,0,0,0,14.059,0.0,0,0.0,0,0,0,0,0,1,0,1,1,1,0,12192.0,2,1,1,0,1,0,1,0,7.5,271.5,0,0,0,0,0,1
25200,124.989,0.0,0,0,0,0,41.417,0.0,0,0,0,0,14.059,0.0,0,0.0,0,0,0,0,0,1,0,1,1,1,0,12192.0,2,1,1,0,1,0,1,0,7.0,266.5,0,0,0,0,0,1
25300,124.989,0.0,0,0,0,0,41.417,0.0,0,0,0,0,14.059,0.0,0,0.0,0,0,0,0,0,1,0,1,1,1,0,12192.0,2,1,1,0,1,0,1,0,7.4,268.7,0,0,0,0,0,1
25400,124.989,0.0,0,0,0,0,41.417,0.0,0,0,0,0,14.059,0.0,0,0.0,0,0,0,0,0,1,0,1,1,1,0,12192.0,2,1,1,0,1,0,1,0,7.2,272.4,0,0,0,0,0,1
25500,124.989,0.0,0,0,0,0,41.417,0.0,0,0,0,0,14.059,0.0,0,0.0,0,0,0,0,0,1,0,1,1,1,0,12192.0,2,1,1,0,1,0,1,0,6.9,267.2,0,0,0,0,0,1
25600,124.989,0.0,0,0,0,0,41.417,0.0,0,0,0,0,14.059,0.0,0,0.0,0,0,0,0,0,1,0,1,1,1,0,12192.0,2,1,1,0,1,0,1,0,8.1,270.9,0,0,0,0,0,1
25700,124.989,0.0,0,0,0,0,41.417,0.0,0,0,0,0,14.059,0.0,0,0.0,0,0,0,0,0,1,0,1,1,1,0,12192.0,2,1,1,0,1,0,1,0,8.5,267.4,0,0,0,0,0,1
25800,124.989,0.0,0,0,0,0,41.417,0.0,0,0,0,0,14.059,0.0,0,0.0,0,0,0,0,0,1,0,1,1,1,0,12192.0,2,1,1,0,1,0,1,0,7.3,270.5,0,0,0,0,0,1
25900,124.989,0.0,0,0,0,0,41.417,0.0,0,0,0,0,14.059,0.0,0,31.81,0,0,0,0,0,1,1,0,1,1,0,12192.0,2,1,1,0,1,0,1,0,7.4,271.8,0,0,0,0,0,1
26000,124.989,0.0,0,0,0,0,41.417,0.0,0,0,0,0,14.059,0.0,0,31.93,0,0,0,0,0,1,1,0,1,1,0,12192.0,2,1,1,0,1,0,1,0,7.6,265.2,0,0,0,0,0,1
26100,124.989,0.0,0,0,0,0,41.417,0.0,0,0,0,0,14.059,0.0,0,31.96,0,0,0,0,0,1,1,0,1,1,0,12192.0,2,1,1,0,1,0,1,0,8.1,271.1,0,0,0,0,0,1
26200,124.989,0.0,0,0,0,0,41.417,0.0,0,0,0,0,14.059,0.0,0,31.78,0,0,0,0,0,1,1,0,1,1,0,12192.0,2,1,1,0,1,0,1,0,7.4,273.1,0,0,0,0,0,1
26300,124.989,0.0,0,0,0,0,41.417,0.0,0,0,0,0,14.059,0.0,0,31.7,0,0,0,0,0,1,1,0,1,1,0,12192.0,2,1,1,0,1,0,1,0,8.0,270.9,0,0,0,0,0,1
26400,124.989,0.0,0,0,0,0,41.417,0.0,0,0,0,0,14.059,0.0,0,32.1,0,0,0,0,0,1,1,0,1,1,0,12192.0,2,1,1,0,1,0,1,0,8.4,267.1,0,0,0,0,0,1
26500,124.989,0.0,0,0,0,0,41.417,0.0,0,0,0,0,14.059,0.0,0,32.16,0,0,0,0,0,1,1,0,1,1,0,12192.0,2,1,1,0,1,0,1,0,8.1,274.0,0,0,0,0,0,1
26600,124.989,0.0,0,0,0,0,41.417,0.0,0,0,0,0,14.059,0.0,0,31.96,0,0,0,0,0,1,1,0,1,1,0,12192.0,2,1,1,0,1,0,1,0,7.6,273.2,0,0,0,0,0,1
26700,124.989,0.0,0,0,0,0,41.417,0.0,0,0,0,0,14.059,0.0,0,31.79,0,0,0,0,0,1,1,0,1,1,0,12192.0,2,1,1,0,1,0,1,0,8.7,269.6,0,0,0,0,0,1
26800,124.989,0.0,0,0,0,0,41.417,0.0,0,0,0,0,14.059,0.0,0,32.05,0,0,0,0,0,1,1,0,1,1,0,12192.0,2,1,1,0,1,0,1,0,7.9,272.4,0,0,0,0,0,1
26900,124.989,0.0,0,0,0,0,41.417,0.0,0,0,0,0,14.059,0.0,0,31.97,0,0,0,0,0,1,1,0,1,1,0,12192.0,2,1,1,0,1,0,1,0,8.3,271.5,0,0,0,0,0,1
27000,124.989,0.0,0,0,0,0,41.417,0.0,0,0,0,0,14.059,0.0,0,31.89,0,0,0,0,0,1,1,0,1,1,0,12192.0,2,1,1,0,1,0,1,0,8.3,268.3,0,0,0,0,0,1
27100,124.989,0.0,0,0,0,0,41.417,0.0,0,0,0,0,14.059,0.0,0,31.94,0,0,0,0,0,1,1,0,1,1,0,12192.0,2,1,1,0,1,0,1,0,7.5,268.9,0,0,0,0,0,1
27200,124.989,0.0,0,0,0,0,41.417,0.0,0,0,0,0,14.059,0.0,0,32.0,0,0,0,0,0,1,1,0,1,1,0,12192.0,2,1,1,0,1,0,1,0,8.4,270.3,0,0,0,0,0,1
27300,124.989,0.0,0,0,0,0,41.417,0.0,0,0,0,0,14.059,0.0,0,32.03,0,0,0,0,0,1,1,0,1,1,0,12192.0,2,1,1,0,1,0,1,0,7.7,271.7,0,0,0,0,0,1
27400,124.989,0.0,0,0,0,0,41.417,0.0,0,0,0,0,14.059,0.0,0,32.11,0,0,0,0,0,1,1,0,1,1,0,12192.0,2,1,1,0,1,0,1,0,7.5,269.2,0,0,0,0,0,1
27500,124.989,0.0,0,0,1,0,41.417,0.0,0,0,1,0,14.064,0.052,1,33.79,0,0,1,1,0,1,1,0,0,1,0,12192.0,2,1,1,1,0,0,1,0,8.2,268.1,0,0,0,0,0,1
27600,124.989,0.0,0,0,1,0,41.417,0.0,0,0,1,0,14.074,0.104,1,33.74,0,0,1,1,0,1,1,0,0,1,0,12192.0,2,1,1,1,0,0,1,0,8.9,269.5,0,0,0,0,0,1
27700,124.989,0.0,0,0,1,0,41.417,0.0,0,0,1,0,14.09,0.155,1,33.69,0,0,1,1,0,1,1,0,0,1,0,12192.0,2,1,1,1,0,0,1,0,8.4,272.7,0,0,0,0,0,1
27800,124.989,0.0,0,0,1,0,41.417,0.0,0,0,1,0,14.111,0.207,1,33.62,0,0,1,1,0,1,1,0,0,1,0,12192.0,2,1,1,1,0,0,1,0,7.9,270.9,0,0,0,0,0,1
27900,124.989,0.0,0,0,1,0,41.417,0.0,0,0,1,0,14.137,0.259,1,33.81,0,0,1,1,0,1,1,0,0,1,0,12192.0,2,1,1,1,0,0,1,0,8.6,273.6,0,0,0,0,0,1
28000,124.989,0.0,0,0,1,0,41.417,0.0,0,0,1,0,14.168,0.311,1,33.64,0,0,1,1,0,1,1,0,0,1,0,12192.0,2,1,1,1,0,0,1,0,8.6,272.2,0,0,0,0,0,1
28100,124.989,0.0,0,0,1,0,41.417,0.0,0,0,1,0,14.204,0.362,1,33.55,0,0,1,1,0,1,1,0,0,1,0,12192.0,2,1,1,1,0,0,1,0,7.7,267.7,0,0,0,0,0,1
28200,124.989,0.0,0,0,1,0,41.417,0.0,0,0,1,0,14.245,0.414,1,33.62,0,0,1,1,0,1,1,0,0,1,0,12192.0,2,1,1,1,0,0,1,0,8.8,269.1,0,0,0,0,0,1
28300,124.989,0.0,0,0,1,0,41.417,0.0,0,0,1,0,14.292,0.466,1,33.83,0,0,1,1,0,1,1,0,0,1,0,12192.0,2,1,1,1,0,0,1,0,8.3,268.9,0,0,0,0,0,1
28400,124.989,0.0,0,0,1,0,41.417,0.0,0,0,1,0,14.344,0.518,1,33.7,0,0,1,1,0,1,1,0,0,1,0,12192.0,2,1,1,1,0,0,1,0,8.3,271.2,0,0,0,0,0,1
28500,124.989,0.0,0,0,1,0,41.417,0.0,0,0,1,0,14.401,0.569,1,33.84,0,0,1,1,0,1,1,0,0,1,0,12192.0,2,1,1,1,0,0,1,0,8.2,267.8,0,0,0,0,0,1
28600,124.989,0.0,0,0,1,0,41.417,0.0,0,0,1,0,14.463,0.621,1,33.65,0,0,1,1,0,1,1,0,0,1,0,12192.0,2,1,1,1,0,0,1,0,8.3,265.7,0,0,0,0,0,1
28700,124.989,0.0,0,0,1,0,41.417,0.0,0,0,1,0,14.53,0.673,1,33.59,0,0,1,1,0,1,1,0,0,1,0,12192.0,2,1,1,1,0,0,1,0,8.2,266.5,0,0,0,0,0,1
28800,124.989,0.0,0,0,1,0,41.417,0.0,0,0,1,0,14.602,0.725,1,33.57,0,0,1,1,0,1,1,0,0,1,0,12192.0,2,1,1,1,0,0,1,0,8.3,272.7,0,0,0,0,0,1
28900,124.989,0.0,0,0,1,0,41.417,0.0,0,0,1,0,14.68,0.776,1,33.85,0,0,1,1,0,1,1,0,0,1,0,12192.0,2,1,1,1,0,0,1,0,8.4,269.7,0,0,0,0,0,1
29000,124.989,0.0,0,0,1,0,41.417,0.0,0,0,1,0,14.763,0.828,1,33.83,0,0,1,1,0,1,1,0,0,1,0,12192.0,2,1,1,1,0,0,1,0,8.5,270.4,0,0,0,0,0,1
29100,124.989,0.0,0,0,1,0,41.417,0.0,0,0,1,0,14.851,0.88,1,33.83,0,0,1,1,0,1,1,0,0,1,0,12192.0,2,1,1,1,0,0,1,0,8.1,272.5,0,0,0,0,0,1
29200,124.989,0.0,0,0,1,0,41.417,0.0,0,0,1,0,14.944,0.932,1,33.66,0,0,1,1,0,1,1,0,0,1,0,12192.0,2,1,1,1,0,0,1,0,8.8,265.6,0,0,0,0,0,1
29300,124.989,0.0,0,0,1,0,41.417,0.0,0,0,1,0,15.042,0.983,1,33.71,0,0,1,1,0,1,1,0,0,1,0,12192.0,2,1,1,1,0,0,1,0,8.3,270.0,0,0,0,0,0,1
29400,124.989,0.0,0,0,1,0,41.417,0.0,0,0,1,0,15.146,1.035,1,33.6,0,0,1,1,0,1,1,0,0,1,0,12192.0,2,1,1,1,0,0,1,0,8.3,270.6,0,0,0,0,0,1
29500,124.989,0.0,0,0,1,0,41.417,0.0,0,0,1,0,15.255,1.087,1,33.65,0,0,1,1,0,1,1,0,0,1,0,12192.0,2,1,1,1,0,0,1,0,8.3,272.5,0,0,0,0,0,1
29600,124.989,0.0,0,0,1,0,41.417,0.0,0,0,1,0,15.369,1.139,1,33.84,0,0,1,1,0,1,1,0,0,1,0,12192.0,2,1,1,1,0,0,1,0,9.0,275.8,0,0,0,0,0,1
29700,124.989,0.0,0,0,1,0,41.417,0.0,0,0,1,0,15.488,1.191,1,33.77,0,0,1,1,0,1,1,0,0,1,0,12192.0,2,1,1,1,0,0,1,0,8.3,264.8,0,0,0,0,0,1
29800,124.989,0.0,0,0,1,0,41.417,0.0,0,0,1,0,15.612,1.242,1,33.47,0,0,1,1,0,1,1,0,0,1,0,12192.0,2,1,1,1,0,0,1,0,7.9,269.4,0,0,0,0,0,1
29900,124.989,0.0,0,0,1,0,41.417,0.0,0,0,1,0,15.737,1.256,1,33.39,0,0,1,1,0,1,1,0,0,1,0,12192.0,2,1,1,1,0,0,1,0,8.4,271.2,0,0,0,0,0,1
30000,124.989,0.0,0,0,1,0,41.417,0.0,0,0,1,0,15.863,1.256,1,33.66,0,0,1,1,0,1,1,0,0,1,0,12192.0,2,1,1,1,0,0,1,0,8.4,264.6,0,0,0,0,0,1
30100,124.989,0.0,0,0,1,0,41.417,0.0,0,0,1,0,15.989,1.256,1,33.75,0,0,1,1,0,1,1,0,0,1,0,12192.0,2,1,1,1,0,0,1,0,8.5,270.7,0,0,0,0,0,1
30200,124.989,0.0,0,0,1,0,41.417,0.0,0,0,1,0,16.114,1.256,1,33.71,0,0,1,1,0,1,1,0,0,1,0,12192.0,2,1,1,1,0,0,1,0,7.8,268.0,0,0,0,0,0,1
30300,124.989,0.0,0,0,1,0,41.417,0.0,0,0,1,0,16.24,1.256,1,33.72,0,0,1,1,0,1,1,0,0,1,0,12192.0,2,1,1,1,0,0,1,0,7.8,267.8,0,0,0,0,0,1
30400,124.989,0.0,0,0,1,0,41.417,0.0,0,0,1,0,16.366,1.256,1,33.62,0,0,1,1,0,1,1,0,0,1,0,12192.0,2,1,1,1,0,0,1,0,8.5,268.7,0,0,0,0,0,1
30500,124.989,0.0,0,0,1,0,41.417,0.0,0,0,1,0,16.491,1.256,1,33.68,0,0,1,1,0,1,1,0,0,1,0,12192.0,2,1,1,1,0,0,1,0,8.7,268.7,0,0,0,0,0,1
30600,124.989,0.0,0,0,1,0,41.417,0.0,0,0,1,0,16.617,1.256,1,33.76,0,0,1,1,0,1,1,0,0,1,0,12192.0,2,1,1,1,0,0,1,0,8.0,265.0,0,0,0,0,0,1
30700,124.989,0.0,0,0,1,0,41.417,0.0,0,0,1,0,16.742,1.256,1,33.73,0,0,1,1,0,1,1,0,0,1,0,12192.0,2,1,1,1,0,0,1,0,8.4,265.3,0,0,0,0,0,1
30800,124.989,0.0,0,0,1,0,41.417,0.0,0,0,1,0,16.868,1.256,1,33.72,0,0,1,1,0,1,1,0,0,1,0,12192.0,2,1,1,1,0,0,1,0,9.1,265.9,0,0,0,0,0,1
30900,124.989,0.0,0,0,1,0,41.417,0.0,0,0,1,0,16.994,1.256,1,33.75,0,0,1,1,0,1,1,0,0,1,0,12192.0,2,1,1,1,0,0,1,0,7.4,269.8,0,0,0,0,0,1
31000,124.989,0.0,0,0,1,0,41.417,0.0,0,0,1,0,17.119,1.256,1,33.81,0,0,1,1,0,1,1,0,0,1,0,12192.0,2,1,1,1,0,0,1,0,8.2,265.0,0,0,0,0,0,1
31100,124.989,0.0,0,0,1,0,41.417,0.0,0,0,1,0,17.245,1.256,1,33.77,0,0,1,1,0,1,1,0,0,1,0,12192.0,2,1,1,1,0,0,1,0,7.3,272.8,0,0,0,0,0,1
31200,124.989,0.0,0,0,1,0,41.417,0.0,0,0,1,0,17.365,1.205,1,30.36,0,0,1,1,0,1,1,0,0,1,0,12192.0,2,1,1,1,0,0,1,0,8.0,273.6,0,0,0,0,0,1
31300,124.989,0.0,0,0,1,0,41.417,0.0,0,0,1,0,17.481,1.153,1,30.29,0,0,1,1,0,1,1,0,0,1,0,12192.0,2,1,1,1,0,0,1,0,8.1,272.3,0,0,0,0,0,1
31400,124.989,0.0,0,0,1,0,41.417,0.0,0,0,1,0,17.591,1.101,1,30.36,0,0,1,1,0,1,1,0,0,1,0,12192.0,2,1,1,1,0,0,1,0,8.0,273.1,0,0,0,0,0,1
31500,124.989,0.0,0,0,1,0,41.417,0.0,0,0,1,0,17.696,1.049,1,30.32,0,0,1,1,0,1,1,0,0,1,0,12192.0,2,1,1,1,0,0,1,0,8.4,270.6,0,0,0,0,0,1
31600,124.989,0.0,0,0,1,0,41.417,0.0,0,0,1,0,17.796,0.998,1,30.27,0,0,1,1,0,1,1,0,0,1,0,12192.0,2,1,1,1,0,0,1,0,8.1,272.0,0,0,0,0,0,1
31700,124.989,0.0,0,0,1,0,41.417,0.0,0,0,1,0,17.89,0.946,1,30.33,0,0,1,1,0,1,1,0,0,1,0,12192.0,2,1,1,1,0,0,1,0,7.4,265.8,0,0,0,0,0,1
31800,124.989,0.0,0,0,1,0,41.417,0.0,0,0,1,0,17.979,0.894,1,30.06,0,0,1,1,0,1,1,0,0,1,0,12192.0,2,1,1,1,0,0,1,0,8.4,274.8,0,0,0,0,0,1
31900,124.989,0.0,0,0,1,0,41.417,0.0,0,0,1,0,18.064,0.842,1,30.52,0,0,1,1,0,1,1,0,0,1,0,12192.0,2,1,1,1,0,0,1,0,6.8,267.8,0,0,0,0,0,1
32000,124.989,0.0,0,0,1,0,41.417,0.0,0,0,1,0,18.143,0.788,1,30.19,0,0,1,1,0,1,1,0,0,1,0,12192.0,2,1,1,1,0,0,1,0,7.1,273.1,0,0,0,0,0,1
32100,124.989,0.0,0,0,1,0,41.417,0.0,0,0,1,0,18.216,0.735,1,30.41,0,0,1,1,0,1,1,0,0,1,0,12192.0,2,1,1,1,0,0,1,0,6.9,267.4,0,0,0,0,0,1
32200,124.989,0.0,0,0,1,0,41.417,0.0,0,0,1,0,18.284,0.681,1,30.22,0,0,1,1,0,1,1,0,0,1,0,12192.0,2,1,1,1,0,0,1,0,7.5,268.0,0,0,0,0,0,1
32300,124.989,0.0,0,0,1,0,41.417,0.0,0,0,1,0,18.347,0.627,1,30.21,0,0,1,1,0,1,1,0,0,1,0,12192.0,2,1,1,1,0,0,1,0,8.3,274.8,0,0,0,0,0,1
32400,124.989,0.0,0,0,1,0,41.417,0.0,0,0,1,0,18.404,0.573,1,30.23,0,0,1,1,0,1,1,0,0,1,0,12192.0,2,1,1,1,0,0,1,0,7.8,265.5,0,0,0,0,0,1
32500,124.989,0.0,0,0,1,0,41.417,0.0,0,0,1,0,18.456,0.519,1,30.41,0,0,1,1,0,1,1,0,0,1,0,12192.0,2,1,1,1,0,0,1,0,8.6,264.7,0,0,0,0,0,1
32600,124.989,0.0,0,0,1,0,41.417,0.0,0,0,1,0,18.502,0.464,1,30.26,0,0,1,1,0,1,1,0,0,1,0,12192.0,2,1,1,1,0,0,1,0,7.8,267.5,0,0,0,0,0,1
32700,124.989,0.0,0,0,1,0,41.417,0.0,0,0,1,0,18.543,0.409,1,30.47,0,0,1,1,0,1,1,0,0,1,0,12192.0,2,1,1,1,0,0,1,0,7.2,270.8,0,0,0,0,0,1
32800,124.989,0.0,0,0,1,0,41.417,0.0,0,0,1,0,18.579,0.354,1,30.3,0,0,1,1,0,1,1,0,0,1,0,12192.0,2,1,1,1,0,0,1,0,7.0,272.1,0,0,0,0,0,1
32900,124.989,0.0,0,0,1,0,41.417,0.0,0,0,1,0,18.608,0.297,1,30.29,0,0,1,1,0,1,1,0,0,1,0,12192.0,2,1,1,1,0,0,1,0,7.2,267.3,0,0,0,0,0,1
33000,124.989,0.0,0,0,1,0,41.417,0.0,0,0,1,0,18.633,0.24,1,30.34,0,0,1,1,0,1,1,0,0,1,0,12192.0,2,1,1,1,0,0,1,0,7.2,273.8,0,0,0,0,0,1
33100,124.989,0.0,0,0,1,0,41.417,0.0,0,0,1,0,18.651,0.181,1,30.29,0,0,1,1,0,1,1,0,0,1,0,12192.0,2,1,1,1,0,0,1,0,6.8,271.3,0,0,0,0,0,1
33200,124.989,0.0,0,0,1,0,41.417,0.0,0,0,1,0,18.662,0.119,1,30.57,0,0,1,1,0,1,1,0,0,1,0,12192.0,2,1,1,1,0,0,1,0,7.6,271.5,0,0,0,0,0,1
33300,124.989,0.0,0,0,0,0,41.417,0.0,0,0,0,0,18.668,0.0,0,32.15,0,0,0,0,0,1,1,0,0,1,0,12192.0,2,1,1,0,1,0,1,0,7.5,273.4,0,0,0,0,0,1
33400,124.989,0.0,0,0,1,0,41.412,-0.054,0,1,1,0,18.668,0.0,0,32.12,0,0,0,1,0,1,1,0,0,1,0,12192.0,2,1,1,1,0,0,1,0,7.5,266.7,0,0,0,0,0,1
33500,124.989,0.0,0,0,1,0,41.401,-0.108,0,1,1,0,18.668,0.0,0,31.99,0,0,0,1,0,1,1,0,0,1,0,12192.0,2,1,1,1,0,0,1,0,7.0,268.3,0,0,0,0,0,1
33600,124.989,0.0,0,0,1,0,41.385,-0.162,0,1,1,0,18.668,0.0,0,31.94,0,0,0,1,0,1,1,0,0,1,0,12192.0,2,1,1,1,0,0,1,0,7.1,271.8,0,0,0,0,0,1
33700,124.989,0.0,0,0,1,0,41.364,-0.216,0,1,1,0,18.668,0.0,0,31.72,0,0,0,1,0,1,1,0,0,1,0,12192.0,2,1,1,1,0,0,1,0,7.5,271.1,0,0,0,0,0,1
33800,124.989,0.0,0,0,1,0,41.337,-0.269,0,1,1,0,18.668,0.0,0,31.77,0,0,0,1,0,1,1,0,0,1,0,12192.0,2,1,1,1,0,0,1,0,7.5,275.6,0,0,0,0,0,1
33900,124.989,0.0,0,0,1,0,41.304,-0.323,0,1,1,0,18.668,0.0,0,32.02,0,0,0,1,0,1,1,0,0,1,0,12192.0,2,1,1,1,0,0,1,0,7.2,267.8,0,0,0,0,0,1
34000,124.989,0.0,0,0,1,0,41.267,-0.377,0,1,1,0,18.668,0.0,0,31.85,0,0,0,1,0,1,1,0,0,1,0,12192.0,2,1,1,1,0,0,1,0,7.2,271.3,0,0,0,0,0,1
34100,124.989,0.0,0,0,1,0,41.223,-0.431,0,1,1,0,18.668,0.0,0,32.09,0,0,0,1,0,1,1,0,0,1,0,12192.0,2,1,1,1,0,0,1,0,7.3,270.2,0,0,0,0,0,1
34200,124.989,0.0,0,0,1,0,41.175,-0.485,0,1,1,0,18.668,0.0,0,32.01,0,0,0,1,0,1,1,0,0,1,0,12192.0,2,1,1,1,0,0,1,0,6.7,268.1,0,0,0,0,0,1
34300,124.989,0.0,0,0,1,0,41.121,-0.539,0,1,1,0,18.668,0.0,0,31.99,0,0,0,1,0,1,1,0,0,1,0,12192.0,2,1,1,1,0,0,1,0,7.2,268.0,0,0,0,0,0,1
34400,124.989,0.0,0,0,1,0,41.062,-0.593,0,1,1,0,18.668,0.0,0,32.04,0,0,0,1,0,1,1,0,0,1,0,12192.0,2,1,1,1,0,0,1,0,7.6,269.9,0,0,0,0,0,1
34500,124.989,0.0,0,0,1,0,40.997,-0.647,0,1,1,0,18.668,0.0,0,31.99,0,0,0,1,0,1,1,0,0,1,0,12192.0,2,1,1,1,0,0,1,0,6.7,268.4,0,0,0,0,0,1
34600,124.989,0.0,0,0,1,0,40.927,-0.701,0,1,1,0,18.668,0.0,0,31.97,0,0,0,1,0,1,1,0,0,1,0,12192.0,2,1,1,1,0,0,1,0,8.2,275.2,0,0,0,0,0,1
34700,124.989,0.0,0,0,1,0,40.852,-0.754,0,1,1,0,18.668,0.0,0,32.14,0,0,0,1,0,1,1,0,0,1,0,12192.0,2,1,1,1,0,0,1,0,7.7,272.3,0,0,0,0,0,1
34800,124.989,0.0,0,0,1,0,40.771,-0.808,0,1,1,0,18.668,0.0,0,32.07,0,0,0,1,0,1,1,0,0,1,0,12192.0,2,1,1,1,0,0,1,0,7.4,274.0,0,0,0,0,0,1
34900,124.989,0.0,0,0,1,0,40.685,-0.862,0,1,1,0,18.668,0.0,0,31.82,0,0,0,1,0,1,1,0,0,1,0,12192.0,2,1,1,1,0,0,1,0,8.2,270.6,0,0,0,0,0,1
35000,124.989,0.0,0,0,1,0,40.593,-0.916,0,1,1,0,18.668,0.0,0,31.78,0,0,0,1,0,1,1,0,0,1,0,12192.0,2,1,1,1,0,0,1,0,8.1,271.3,0,0,0,0,0,1
35100,124.989,0.0,0,0,1,0,40.496,-0.97,0,1,1,0,18.668,0.0,0,32.0,0,0,0,1,0,1,1,0,0,1,0,12192.0,2,1,1,1,0,0,1,0,8.9,271.3,0,0,0,0,0,1
35200,124.989,0.0,0,0,1,0,40.394,-1.024,0,1,1,0,18.668,0.0,0,31.93,0,0,0,1,0,1,1,0,0,1,0,12192.0,2,1,1,1,0,0,1,0,7.5,272.6,0,0,0,0,0,1
35300,124.989,0.0,0,0,1,0,40.286,-1.078,0,1,1,0,18.668,0.0,0,31.91,0,0,0,1,0,1,1,0,0,1,0,12192.0,2,1,1,1,0,0,1,0,7.7,269.8,0,0,0,0,0,1
35400,124.989,0.0,0,0,1,0,40.173,-1.132,0,1,1,0,18.668,0.0,0,32.01,0,0,0,1,0,1,1,0,0,1,0,12192.0,2,1,1,1,0,0,1,0,7.5,271.2,0,0,0,0,0,1
35500,124.989,0.0,0,0,1,0,40.054,-1.186,0,1,1,0,18.668,0.0,0,31.85,0,0,0,1,0,1,1,0,0,1,0,12192.0,2,1,1,1,0,0,1,0,7.7,274.5,0,0,0,0,0,1
35600,124.989,0.0,0,0,1,0,39.93,-1.239,0,1,1,0,18.668,0.0,0,31.66,0,0,0,1,0,1,1,0,0,1,0,12192.0,2,1,1,1,0,0,1,0,7.7,269.3,0,0,0,0,0,1
35700,124.989,0.0,0,0,1,0,39.801,-1.293,0,1,1,0,18.668,0.0,0,32.08,0,0,0,1,0,1,1,0,0,1,0,12192.0,2,1,1,1,0,0,1,0,7.6,269.6,0,0,0,0,0,1
35800,124.989,0.0,0,0,1,0,39.666,-1.347,0,1,1,0,18.668,0.0,0,31.99,0,0,0,1,0,1,1,0,0,1,0,12192.0,2,1,1,1,0,0,1,0,9.0,268.7,0,0,0,0,0,1
35900,124.989,0.0,0,0,1,0,39.526,-1.401,0,1,1,0,18.668,0.0,0,32.02,0,0,0,1,0,1,1,0,0,1,0,12192.0,2,1,1,1,0,0,1,0,8.1,273.8,0,0,0,0,0,1
36000,124.989,0.0,0,0,1,0,39.38,-1.455,0,1,1,0,18.668,0.0,0,32.04,0,0,0,1,0,1,1,0,0,1,0,12192.0,2,1,1,1,0,0,1,0,7.4,269.3,0,0,0,0,0,1
36100,124.989,0.0,0,0,1,0,39.229,-1.509,0,1,1,0,18.668,0.0,0,31.96,0,0,0,1,0,1,1,0,0,1,0,12192.0,2,1,1,1,0,0,1,0,8.2,268.9,0,0,0,0,0,1
36200,124.989,0.0,0,0,1,0,39.073,-1.563,0,1,1,0,18.668,0.0,0,31.79,0,0,0,1,0,1,1,0,0,1,0,12192.0,2,1,1,1,0,0,1,0,7.3,270.6,0,0,0,0,0,1
36300,124.989,0.0,0,0,1,0,38.911,-1.617,0,1,1,0,18.668,0.0,0,32.09,0,0,0,1,0,1,1,0,0,1,0,12192.0,2,1,1,1,0,0,1,0,8.7,270.5,0,0,0,0,0,1
36400,124.989,0.0,0,0,1,0,38.744,-1.671,0,1,1,0,18.668,0.0,0,32.31,0,0,0,1,0,1,1,0,0,1,0,12192.0,2,1,1,1,0,0,1,0,7.9,271.0,0,0,0,0,0,1
36500,124.989,0.0,0,0,1,0,38.572,-1.725,0,1,1,0,18.668,0.0,0,32.0,0,0,0,1,0,1,1,0,0,1,0,12192.0,2,1,1,1,0,0,1,0,8.5,269.8,0,0,0,0,0,1
36600,124.989,0.0,0,0,1,0,38.394,-1.778,0,1,1,0,18.668,0.0,0,31.82,0,0,0,1,0,1,1,0,0,1,0,12192.0,2,1,1,1,0,0,1,0,8.6,267.7,0,0,0,0,0,1
36700,124.989,0.0,0,0,1,0,38.211,-1.832,0,1,1,0,18.668,0.0,0,31.99,0,0,0,1,0,1,1,0,0,1,0,12192.0,2,1,1,1,0,0,1,0,8.1,268.5,0,0,0,0,0,1
36800,124.989,0.0,0,0,1,0,38.022,-1.886,0,1,1,0,18.668,0.0,0,31.89,0,0,0,1,0,1,1,0,0,1,0,12192.0,2,1,1,1,0,0,1,0,8.0,270.7,0,0,0,0,0,1
36900,124.989,0.0,0,0,1,0,37.828,-1.94,0,1,1,0,18.668,0.0,0,32.05,0,0,0,1,0,1,1,0,0,1,0,12192.0,2,1,1,1,0,0,1,0,8.1,266.5,0,0,0,0,0,1
37000,124.989,0.0,0,0,1,0,37.629,-1.994,0,1,1,0,18.668,0.0,0,31.98,0,0,0,1,0,1,1,0,0,1,0,12192.0,2,1,1,1,0,0,1,0,8.5,274.4,0,0,0,0,0,1
37100,124.989,0.0,0,0,1,0,37.424,-2.048,0,1,1,0,18.668,0.0,0,32.02,0,0,0,1,0,1,1,0,0,1,0,12192.0,2,1,1,1,0,0,1,0,8.9,269.6,0,0,0,0,0,1
37200,124.989,0.0,0,0,1,0,37.214,-2.102,0,1,1,0,18.668,0.0,0,32.2,0,0,0,1,0,1,1,0,0,1,0,12192.0,2,1,1,1,0,0,1,0,8.1,269.1,0,0,0,0,0,1
37300,124.989,0.0,0,0,1,0,36.998,-2.156,0,1,1,0,18.668,0.0,0,31.94,0,0,0,1,0,1,1,0,0,1,0,12192.0,2,1,1,1,0,0,1,0,8.1,274.9,0,0,0,0,0,1
37400,124.989,0.0,0,0,1,0,36.777,-2.21,0,1,1,0,18.668,0.0,0,31.95,0,0,0,1,0,1,1,0,0,1,0,12192.0,2,1,1,1,0,0,1,0,8.5,270.0,0,0,0,0,0,1
37500,124.989,0.0,0,0,1,0,36.551,-2.263,0,1,1,0,18.668,0.0,0,31.99,0,0,0,1,0,1,1,0,0,1,0,12192.0,2,1,1,1,0,0,1,0,8.5,270.4,0,0,0,0,0,1
37600,124.989,0.0,0,0,1,0,36.319,-2.317,0,1,1,0,18.668,0.0,0,31.99,0,0,0,1,0,1,1,0,0,1,0,12192.0,2,1,1,1,0,0,1,0,9.0,270.1,0,0,0,0,0,1
37700,124.989,0.0,0,0,1,0,36.082,-2.371,0,1,1,0,18.668,0.0,0,32.02,0,0,0,1,0,1,1,0,0,1,0,12192.0,2,1,1,1,0,0,1,0,8.6,265.1,0,0,0,0,0,1
37800,124.989,0.0,0,0,1,0,35.84,-2.425,0,1,1,0,18.668,0.0,0,31.87,0,0,0,1,0,1,1,0,0,1,0,12192.0,2,1,1,1,0,0,1,0,8.0,270.8,0,0,0,0,0,1
37900,124.989,0.0,0,0,1,0,35.603,-2.371,0,1,1,0,18.668,0.0,0,31.75,0,0,0,1,0,1,1,0,0,1,0,12192.0,2,1,1,1,0,0,1,0,8.6,266.7,0,0,0,0,0,1
38000,124.989,0.0,0,0,1,0,35.371,-2.316,0,1,1,0,18.668,0.0,0,31.76,0,0,0,1,0,1,1,0,0,1,0,12192.0,2,1,1,1,0,0,1,0,8.9,269.9,0,0,0,0,0,1
38100,124.989,0.0,0,0,1,0,35.145,-2.262,0,1,1,0,18.668,0.0,0,32.17,0,0,0,1,0,1,1,0,0,1,0,12192.0,2,1,1,1,0,0,1,0,8.3,269.6,0,0,0,0,0,1
38200,124.989,0.0,0,0,1,0,34.924,-2.207,0,1,1,0,18.668,0.0,0,32.25,0,0,0,1,0,1,1,0,0,1,0,12192.0,2,1,1,1,0,0,1,0,8.0,269.3,0,0,0,0,0,1
38300,124.989,0.0,0,0,1,0,34.709,-2.153,0,1,1,0,18.668,0.0,0,32.14,0,0,0,1,0,1,1,0,0,1,0,12192.0,2,1,1,1,0,0,1,0,8.7,267.8,0,0,0,0,0,1
38400,124.989,0.0,0,0,1,0,34.499,-2.098,0,1,1,0,18.668,0.0,0,31.91,0,0,0,1,0,1,1,0,0,1,0,12192.0,2,1,1,1,0,0,1,0,8.2,271.7,0,0,0,0,0,1
38500,124.989,0.0,0,0,1,0,34.295,-2.043,0,1,1,0,18.668,0.0,0,31.94,0,0,0,1,0,1,1,0,0,1,0,12192.0,2,1,1,1,0,0,1,0,8.3,269.4,0,0,0,0,0,1
38600,124.989,0.0,0,0,1,0,34.096,-1.989,0,1,1,0,18.668,0.0,0,31.71,0,0,0,1,0,1,1,0,0,1,0,12192.0,2,1,1,1,0,0,1,0,8.3,272.1,0,0,0,0,0,1
38700,124.989,0.0,0,0,1,0,33.902,-1.934,0,1,1,0,18.668,0.0,0,32.03,0,0,0,1,0,1,1,0,0,1,0,12192.0,2,1,1,1,0,0,1,0,7.9,268.2,0,0,0,0,0,1
38800,124.989,0.0,0,0,1,0,33.715,-1.879,0,1,1,0,18.668,0.0,0,32.0,0,0,0,1,0,1,1,0,0,1,0,12192.0,2,1,1,1,0,0,1,0,8.9,267.2,0,0,0,0,0,1
38900,124.989,0.0,0,0,1,0,33.532,-1.825,0,1,1,0,18.668,0.0,0,31.81,0,0,0,1,0,1,1,0,0,1,0,12192.0,2,1,1,1,0,0,1,0,8.8,269.9,0,0,0,0,0,1
39000,124.989,0.0,0,0,1,0,33.355,-1.77,0,1,1,0,18.668,0.0,0,31.83,0,0,0,1,0,1,1,0,0,1,0,12192.0,2,1,1,1,0,0,1,0,9.3,271.5,0,0,0,0,0,1
39100,124.989,0.0,0,0,1,0,33.184,-1.715,0,1,1,0,18.668,0.0,0,32.05,0,0,0,1,0,1,1,0,0,1,0,12192.0,2,1,1,1,0,0,1,0,8.5,269.7,0,0,0,0,0,1
39200,124.989,0.0,0,0,1,0,33.017,-1.661,0,1,1,0,18.668,0.0,0,31.99,0,0,0,1,0,1,1,0,0,1,0,12192.0,2,1,1,1,0,0,1,0,8.7,267.9,0,0,0,0,0,1
39300,124.989,0.0,0,0,1,0,32.857,-1.606,0,1,1,0,18.668,0.0,0,31.95,0,0,0,1,0,1,1,0,0,1,0,12192.0,2,1,1,1,0,0,1,0,7.4,267.2,0,0,0,0,0,1
39400,124.989,0.0,0,0,1,0,32.702,-1.551,0,1,1,0,18.668,0.0,0,32.03,0,0,0,1,0,1,1,0,0,1,0,12192.0,2,1,1,1,0,0,1,0,8.4,274.0,0,0,0,0,0,1
39500,124.989,0.0,0,0,1,0,32.552,-1.496,0,1,1,0,18.668,0.0,0,32.01,0,0,0,1,0,1,1,0,0,1,0,12192.0,2,1,1,1,0,0,1,0,7.9,274.0,0,0,0,0,0,1
39600,124.989,0.0,0,0,1,0,32.408,-1.441,0,1,1,0,18.668,0.0,0,32.17,0,0,0,1,0,1,1,0,0,1,0,12192.0,2,1,1,1,0,0,1,0,8.6,266.8,0,0,0,0,0,1
39700,124.989,0.0,0,0,1,0,32.269,-1.386,0,1,1,0,18.668,0.0,0,32.13,0,0,0,1,0,1,1,0,0,1,0,12192.0,2,1,1,1,0,0,1,0,8.3,272.4,0,0,0,0,0,1
39800,124.989,0.0,0,0,1,0,32.136,-1.331,0,1,1,0,18.668,0.0,0,32.03,0,0,0,1,0,1,1,0,0,1,0,12192.0,2,1,1,1,0,0,1,0,8.5,271.1,0,0,0,0,0,1
39900,124.989,0.0,0,0,1,0,32.009,-1.276,0,1,1,0,18.668,0.0,0,31.94,0,0,0,1,0,1,1,0,0,1,0,12192.0,2,1,1,1,0,0,1,0,8.1,267.6,0,0,0,0,0,1
40000,124.989,0.0,0,0,1,0,31.887,-1.221,0,1,1,0,18.668,0.0,0,31.74,0,0,0,1,0,1,1,0,0,1,0,12192.0,2,1,1,1,0,0,1,0,8.3,268.2,0,0,0,0,0,1
40100,124.989,0.0,0,0,1,0,31.77,-1.166,0,1,1,0,18.668,0.0,0,32.0,0,0,0,1,0,1,1,0,0,1,0,12192.0,2,1,1,1,0,0,1,0,7.8,268.6,0,0,0,0,0,1
40200,124.989,0.0,0,0,1,0,31.659,-1.111,0,1,1,0,18.668,0.0,0,31.92,0,0,0,1,0,1,1,0,0,1,0,12192.0,2,1,1,1,0,0,1,0,8.3,273.4,0,0,0,0,0,1
40300,124.989,0.0,0,0,1,0,31.553,-1.056,0,1,1,0,18.668,0.0,0,32.04,0,0,0,1,0,1,1,0,0,1,0,12192.0,2,1,1,1,0,0,1,0,8.4,269.5,0,0,0,0,0,1
40400,124.989,0.0,0,0,1,0,31.453,-1.0,0,1,1,0,18.668,0.0,0,31.95,0,0,0,1,0,1,1,0,0,1,0,12192.0,2,1,1,1,0,0,1,0,8.0,268.3,0,0,0,0,0,1
40500,124.989,0.0,0,0,1,0,31.359,-0.945,0,1,1,0,18.668,0.0,0,32.0,0,0,0,1,0,1,1,0,0,1,0,12192.0,2,1,1,1,0,0,1,0,7.7,272.4,0,0,0,0,0,1
40600,124.989,0.0,0,0,1,0,31.27,-0.889,0,1,1,0,18.668,0.0,0,31.96,0,0,0,1,0,1,1,0,0,1,0,12192.0,2,1,1,1,0,0,1,0,8.0,264.8,0,0,0,0,0,1
40700,124.989,0.0,0,0,1,0,31.187,-0.834,0,1,1,0,18.668,0.0,0,32.01,0,0,0,1,0,1,1,0,0,1,0,12192.0,2,1,1,1,0,0,1,0,8.4,269.4,0,0,0,0,0,1
40800,124.989,0.0,0,0,1,0,31.109,-0.778,0,1,1,0,18.668,0.0,0,32.01,0,0,0,1,0,1,1,0,0,1,0,12192.0,2,1,1,1,0,0,1,0,8.0,270.0,0,0,0,0,0,1
40900,124.989,0.0,0,0,1,0,31.037,-0.722,0,1,1,0,18.668,0.0,0,31.92,0,0,0,1,0,1,1,0,0,1,0,12192.0,2,1,1,1,0,0,1,0,7.9,269.2,0,0,0,0,0,1
41000,124.989,0.0,0,0,1,0,30.97,-0.666,0,1,1,0,18.668,0.0,0,32.09,0,0,0,1,0,1,1,0,0,1,0,12192.0,2,1,1,1,0,0,1,0,8.4,272.6,0,0,0,0,0,1
41100,124.989,0.0,0,0,1,0,30.909,-0.61,0,1,1,0,18.668,0.0,0,31.96,0,0,0,1,0,1,1,0,0,1,0,12192.0,2,1,1,1,0,0,1,0,6.8,266.0,0,0,0,0,0,1
41200,124.989,0.0,0,0,1,0,30.854,-0.553,0,1,1,0,18.668,0.0,0,32.09,0,0,0,1,0,1,1,0,0,1,0,12192.0,2,1,1,1,0,0,1,0,7.9,272.4,0,0,0,0,0,1
41300,124.989,0.0,0,0,1,0,30.804,-0.496,0,1,1,0,18.668,0.0,0,31.79,0,0,0,1,0,1,1,0,0,1,0,12192.0,2,1,1,1,0,0,1,0,7.2,271.0,0,0,0,0,0,1
41400,124.989,0.0,0,0,1,0,30.76,-0.439,0,1,1,0,18.668,0.0,0,31.9,0,0,0,1,0,1,1,0,0,1,0,12192.0,2,1,1,1,0,0,1,0,7.4,267.8,0,0,0,0,0,1
41500,124.989,0.0,0,0,1,0,30.722,-0.381,0,1,1,0,18.668,0.0,0,31.98,0,0,0,1,0,1,1,0,0,1,0,12192.0,2,1,1,1,0,0,1,0,8.2,271.6,0,0,0,0,0,1
41600,124.989,0.0,0,0,1,0,30.69,-0.323,0,1,1,0,18.668,0.0,0,31.96,0,0,0,1,0,1,1,0,0,1,0,12192.0,2,1,1,1,0,0,1,0,8.0,270.8,0,0,0,0,0,1
41700,124.989,0.0,0,0,1,0,30.663,-0.264,0,1,1,0,18.668,0.0,0,32.01,0,0,0,1,0,1,1,0,0,1,0,12192.0,2,1,1,1,0,0,1,0,8.1,271.4,0,0,0,0,0,1
41800,124.989,0.0,0,0,1,0,30.643,-0.203,0,1,1,0,18.668,0.0,0,32.05,0,0,0,1,0,1,1,0,0,1,0,12192.0,2,1,1,1,0,0,1,0,7.1,268.9,0,0,0,0,0,1
41900,124.989,0.0,0,0,1,0,30.629,-0.139,0,1,1,0,18.668,0.0,0,32.16,0,0,0,1,0,1,1,0,0,1,0,12192.0,2,1,1,1,0,0,1,0,6.5,272.4,0,0,0,0,0,1
42000,124.989,0.0,0,0,1,0,30.623,-0.066,0,1,1,0,18.668,0.0,0,32.1,0,0,0,1,0,1,1,0,0,1,0,12192.0,2,1,1,1,0,0,1,0,7.6,270.5,0,0,0,0,0,1
42100,124.989,0.0,0,0,0,0,30.622,0.0,0,0,0,0,18.668,0.0,0,32.06,0,0,0,0,0,1,1,0,0,1,0,12192.0,2,1,1,0,1,0,1,0,6.8,267.3,0,0,0,0,0,1
42200,124.989,0.0,0,0,1,0,30.622,0.0,0,0,1,0,18.662,-0.052,0,30.39,0,0,1,1,0,1,1,0,0,1,0,12192.0,2,1,1,1,0,0,1,0,7.0,269.9,0,0,0,0,0,1
42300,124.989,0.0,0,0,1,0,30.622,0.0,0,0,1,0,18.652,-0.104,0,30.22,0,0,1,1,0,1,1,0,0,1,0,12192.0,2,1,1,1,0,0,1,0,7.7,271.2,0,0,0,0,0,1
42400,124.989,0.0,0,0,1,0,30.622,0.0,0,0,1,0,18.637,-0.155,0,30.21,0,0,1,1,0,1,1,0,0,1,0,12192.0,2,1,1,1,0,0,1,0,7.7,273.6,0,0,0,0,0,1
42500,124.989,0.0,0,0,1,0,30.622,0.0,0,0,1,0,18.616,-0.207,0,30.24,0,0,1,1,0,1,1,0,0,1,0,12192.0,2,1,1,1,0,0,1,0,7.3,268.1,0,0,0,0,0,1
42600,124.989,0.0,0,0,1,0,30.622,0.0,0,0,1,0,18.59,-0.259,0,30.25,0,0,1,1,0,1,1,0,0,1,0,12192.0,2,1,1,1,0,0,1,0,6.5,272.8,0,0,0,0,0,1
42700,124.989,0.0,0,0,1,0,30.622,0.0,0,0,1,0,18.559,-0.311,0,30.41,0,0,1,1,0,1,1,0,0,1,0,12192.0,2,1,1,1,0,0,1,0,7.4,273.7,0,0,0,0,0,1
42800,124.989,0.0,0,0,1,0,30.622,0.0,0,0,1,0,18.523,-0.362,0,30.43,0,0,1,1,0,1,1,0,0,1,0,12192.0,2,1,1,1,0,0,1,0,8.5,272.4,0,0,0,0,0,1
42900,124.989,0.0,0,0,1,0,30.622,0.0,0,0,1,0,18.481,-0.414,0,30.51,0,0,1,1,0,1,1,0,0,1,0,12192.0,2,1,1,1,0,0,1,0,6.8,272.0,0,0,0,0,0,1
43000,124.989,0.0,0,0,1,0,30.622,0.0,0,0,1,0,18.435,-0.466,0,30.23,0,0,1,1,0,1,1,0,0,1,0,12192.0,2,1,1,1,0,0,1,0,7.7,272.4,0,0,0,0,0,1
43100,124.989,0.0,0,0,1,0,30.622,0.0,0,0,1,0,18.383,-0.518,0,30.19,0,0,1,1,0,1,1,0,0,1,0,12192.0,2,1,1,1,0,0,1,0,7.4,272.5,0,0,0,0,0,1
43200,124.989,0.0,0,0,1,0,30.622,0.0,0,0,1,0,18.326,-0.569,0,30.24,0,0,1,1,0,1,1,0,0,1,0,12192.0,2,1,1,1,0,0,1,0,7.0,266.2,0,0,0,0,0,1
43300,124.989,0.0,0,0,1,0,30.622,0.0,0,0,1,0,18.264,-0.621,0,30.21,0,0,1,1,0,1,1,0,0,1,0,12192.0,2,1,1,1,0,0,1,0,8.1,269.1,0,0,0,0,0,1
43400,124.989,0.0,0,0,1,0,30.622,0.0,0,0,1,0,18.197,-0.673,0,30.25,0,0,1,1,0,1,1,0,0,1,0,12192.0,2,1,1,1,0,0,1,0,8.0,270.1,0,0,0,0,0,1
43500,124.989,0.0,0,0,1,0,30.622,0.0,0,0,1,0,18.124,-0.725,0,30.36,0,0,1,1,0,1,1,0,0,1,0,12192.0,2,1,1,1,0,0,1,0,7.0,266.9,0,0,0,0,0,1
43600,124.989,0.0,0,0,1,0,30.622,0.0,0,0,1,0,18.046,-0.776,0,30.3,0,0,1,1,0,1,1,0,0,1,0,12192.0,2,1,1,1,0,0,1,0,7.6,269.1,0,0,0,0,0,1
43700,124.989,0.0,0,0,1,0,30.622,0.0,0,0,1,0,17.964,-0.828,0,30.32,0,0,1,1,0,1,1,0,0,1,0,12192.0,2,1,1,1,0,0,1,0,8.4,270.6,0,0,0,0,0,1
43800,124.989,0.0,0,0,1,0,30.622,0.0,0,0,1,0,17.876,-0.88,0,30.16,0,0,1,1,0,1,1,0,0,1,0,12192.0,2,1,1,1,0,0,1,0,8.0,268.2,0,0,0,0,0,1
43900,124.989,0.0,0,0,1,0,30.622,0.0,0,0,1,0,17.783,-0.932,0,30.32,0,0,1,1,0,1,1,0,0,1,0,12192.0,2,1,1,1,0,0,1,0,7.9,271.1,0,0,0,0,0,1
44000,124.989,0.0,0,0,1,0,30.622,0.0,0,0,1,0,17.684,-0.983,0,30.48,0,0,1,1,0,1,1,0,0,1,0,12192.0,2,1,1,1,0,0,1,0,7.8,269.5,0,0,0,0,0,1
44100,124.989,0.0,0,0,1,0,30.622,0.0,0,0,1,0,17.581,-1.035,0,30.31,0,0,1,1,0,1,1,0,0,1,0,12192.0,2,1,1,1,0,0,1,0,7.3,270.9,0,0,0,0,0,1
44200,124.989,0.0,0,0,1,0,30.622,0.0,0,0,1,0,17.472,-1.087,0,30.37,0,0,1,1,0,1,1,0,0,1,0,12192.0,2,1,1,1,0,0,1,0,8.2,268.4,0,0,0,0,0,1
44300,124.989,0.0,0,0,1,0,30.622,0.0,0,0,1,0,17.358,-1.139,0,30.2,0,0,1,1,0,1,1,0,0,1,0,12192.0,2,1,1,1,0,0,1,0,6.9,272.1,0,0,0,0,0,1
44400,124.989,0.0,0,0,1,0,30.622,0.0,0,0,1,0,17.239,-1.191,0,30.35,0,0,1,1,0,1,1,0,0,1,0,12192.0,2,1,1,1,0,0,1,0,7.2,266.5,0,0,0,0,0,1
44500,124.989,0.0,0,0,1,0,30.622,0.0,0,0,1,0,17.115,-1.242,0,30.55,0,0,1,1,0,1,1,0,0,1,0,12192.0,2,1,1,1,0,0,1,0,7.9,272.7,0,0,0,0,0,1
44600,124.989,0.0,0,0,1,0,30.622,0.0,0,0,1,0,16.989,-1.256,0,30.28,0,0,1,1,0,1,1,0,0,1,0,12192.0,2,1,1,1,0,0,1,0,7.3,270.6,0,0,0,0,0,1
44700,124.989,0.0,0,0,1,0,30.622,0.0,0,0,1,0,16.864,-1.256,0,30.39,0,0,1,1,0,1,1,0,0,1,0,12192.0,2,1,1,1,0,0,1,0,8.6,269.4,0,0,0,0,0,1
44800,124.989,0.0,0,0,1,0,30.622,0.0,0,0,1,0,16.738,-1.256,0,30.41,0,0,1,1,0,1,1,0,0,1,0,12192.0,2,1,1,1,0,0,1,0,8.5,270.8,0,0,0,0,0,1
44900,124.989,0.0,0,0,1,0,30.622,0.0,0,0,1,0,16.612,-1.256,0,30.39,0,0,1,1,0,1,1,0,0,1,0,12192.0,2,1,1,1,0,0,1,0,7.9,269.3,0,0,0,0,0,1
45000,124.989,0.0,0,0,1,0,30.622,0.0,0,0,1,0,16.487,-1.256,0,30.28,0,0,1,1,0,1,1,0,0,1,0,12192.0,2,1,1,1,0,0,1,0,7.3,268.5,0,0,0,0,0,1
45100,124.989,0.0,0,0,1,0,30.622,0.0,0,0,1,0,16.361,-1.256,0,30.36,0,0,1,1,0,1,1,0,0,1,0,12192.0,2,1,1,1,0,0,1,0,8.2,271.1,0,0,0,0,0,1
45200,124.989,0.0,0,0,1,0,30.622,0.0,0,0,1,0,16.235,-1.256,0,30.33,0,0,1,1,0,1,1,0,0,1,0,12192.0,2,1,1,1,0,0,1,0,8.1,270.7,0,0,0,0,0,1
45300,124.989,0.0,0,0,1,0,30.622,0.0,0,0,1,0,16.11,-1.256,0,30.57,0,0,1,1,0,1,1,0,0,1,0,12192.0,2,1,1,1,0,0,1,0,8.2,270.1,0,0,0,0,0,1
45400,124.989,0.0,0,0,1,0,30.622,0.0,0,0,1,0,15.984,-1.256,0,30.31,0,0,1,1,0,1,1,0,0,1,0,12192.0,2,1,1,1,0,0,1,0,8.1,272.2,0,0,0,0,0,1
45500,124.989,0.0,0,0,1,0,30.622,0.0,0,0,1,0,15.858,-1.256,0,30.39,0,0,1,1,0,1,1,0,0,1,0,12192.0,2,1,1,1,0,0,1,0,8.0,268.0,0,0,0,0,0,1
45600,124.989,0.0,0,0,1,0,30.622,0.0,0,0,1,0,15.733,-1.256,0,30.28,0,0,1,1,0,1,1,0,0,1,0,12192.0,2,1,1,1,0,0,1,0,9.1,264.9,0,0,0,0,0,1
45700,124.989,0.0,0,0,1,0,30.622,0.0,0,0,1,0,15.607,-1.256,0,30.41,0,0,1,1,0,1,1,0,0,1,0,12192.0,2,1,1,1,0,0,1,0,8.8,270.6,0,0,0,0,0,1
45800,124.989,0.0,0,0,1,0,30.622,0.0,0,0,1,0,15.482,-1.256,0,30.37,0,0,1,1,0,1,1,0,0,1,0,12192.0,2,1,1,1,0,0,1,0,8.2,271.9,0,0,0,0,0,1
45900,124.989,0.0,0,0,1,0,30.622,0.0,0,0,1,0,15.356,-1.256,0,30.42,0,0,1,1,0,1,1,0,0,1,0,12192.0,2,1,1,1,0,0,1,0,8.3,267.7,0,0,0,0,0,1
46000,124.989,0.0,0,0,1,0,30.622,0.0,0,0,1,0,15.23,-1.256,0,30.45,0,0,1,1,0,1,1,0,0,1,0,12192.0,2,1,1,1,0,0,1,0,8.4,272.9,0,0,0,0,0,1
46100,124.989,0.0,0,0,1,0,30.622,0.0,0,0,1,0,15.105,-1.256,0,30.19,0,0,1,1,0,1,1,0,0,1,0,12192.0,2,1,1,1,0,0,1,0,8.8,266.0,0,0,0,0,0,1
46200,124.989,0.0,0,0,1,0,30.622,0.0,0,0,1,0,14.979,-1.256,0,30.05,0,0,1,1,0,1,1,0,0,1,0,12192.0,2,1,1,1,0,0,1,0,8.8,267.6,0,0,0,0,0,1
46300,124.989,0.0,0,0,1,0,30.622,0.0,0,0,1,0,14.853,-1.256,0,30.32,0,0,1,1,0,1,1,0,0,1,0,12192.0,2,1,1,1,0,0,1,0,8.2,266.3,0,0,0,0,0,1
46400,124.989,0.0,0,0,1,0,30.622,0.0,0,0,1,0,14.728,-1.256,0,30.48,0,0,1,1,0,1,1,0,0,1,0,12192.0,2,1,1,1,0,0,1,0,9.0,269.5,0,0,0,0,0,1
46500,124.989,0.0,0,0,1,0,30.622,0.0,0,0,1,0,14.602,-1.256,0,30.15,0,0,1,1,0,1,1,0,0,1,0,12192.0,2,1,1,1,0,0,1,0,8.0,269.7,0,0,0,0,0,1
46600,124.989,0.0,0,0,1,0,30.622,0.0,0,0,1,0,14.477,-1.256,0,30.32,0,0,1,1,0,1,1,0,0,1,0,12192.0,2,1,1,1,0,0,1,0,8.9,270.2,0,0,0,0,0,1
46700,124.989,0.0,0,0,1,0,30.622,0.0,0,0,1,0,14.351,-1.256,0,30.42,0,0,1,1,0,1,1,0,0,1,0,12192.0,2,1,1,1,0,0,1,0,8.8,265.2,0,0,0,0,0,1
46800,124.989,0.0,0,0,1,0,30.622,0.0,0,0,1,0,14.225,-1.256,0,30.48,0,0,1,1,0,1,1,0,0,1,0,12192.0,2,1,1,1,0,0,1,0,7.9,266.6,0,0,0,0,0,1
46900,124.989,0.0,0,0,1,0,30.622,0.0,0,0,1,0,14.1,-1.256,0,30.16,0,0,1,1,0,1,1,0,0,1,0,12192.0,2,1,1,1,0,0,1,0,9.5,268.7,0,0,0,0,0,1
47000,124.989,0.0,0,0,1,0,30.622,0.0,0,0,1,0,13.974,-1.256,0,30.24,0,0,1,1,0,1,1,0,0,1,0,12192.0,2,1,1,1,0,0,1,0,9.1,270.9,0,0,0,0,0,1
47100,124.989,0.0,0,0,1,0,30.622,0.0,0,0,1,0,13.848,-1.256,0,30.46,0,0,1,1,0,1,1,0,0,1,0,12192.0,2,1,1,1,0,0,1,0,9.2,272.7,0,0,0,0,0,1
47200,124.989,0.0,0,0,1,0,30.622,0.0,0,0,1,0,13.723,-1.256,0,30.47,0,0,1,1,0,1,1,0,0,1,0,12192.0,2,1,1,1,0,0,1,0,8.7,270.1,0,0,0,0,0,1
47300,124.989,0.0,0,0,1,0,30.622,0.0,0,0,1,0,13.597,-1.256,0,30.3,0,0,1,1,0,1,1,0,0,1,0,12192.0,2,1,1,1,0,0,1,0,8.6,271.8,0,0,0,0,0,1
47400,124.989,0.0,0,0,1,0,30.622,0.0,0,0,1,0,13.471,-1.256,0,30.27,0,0,1,1,0,1,1,0,0,1,0,12192.0,2,1,1,1,0,0,1,0,8.7,273.4,0,0,0,0,0,1
47500,124.989,0.0,0,0,1,0,30.622,0.0,0,0,1,0,13.346,-1.256,0,30.06,0,0,1,1,0,1,1,0,0,1,0,12192.0,2,1,1,1,0,0,1,0,8.9,274.1,0,0,0,0,0,1
47600,124.989,0.0,0,0,1,0,30.622,0.0,0,0,1,0,13.22,-1.256,0,30.46,0,0,1,1,0,1,1,0,0,1,0,12192.0,2,1,1,1,0,0,1,0,8.8,274.4,0,0,0,0,0,1
47700,124.989,0.0,0,0,1,0,30.622,0.0,0,0,1,0,13.095,-1.256,0,30.39,0,0,1,1,0,1,1,0,0,1,0,12192.0,2,1,1,1,0,0,1,0,9.5,267.5,0,0,0,0,0,1
47800,124.989,0.0,0,0,1,0,30.622,0.0,0,0,1,0,12.969,-1.256,0,30.27,0,0,1,1,0,1,1,0,0,1,0,12192.0,2,1,1,1,0,0,1,0,8.8,272.1,0,0,0,0,0,1
47900,124.989,0.0,0,0,1,0,30.622,0.0,0,0,1,0,12.843,-1.256,0,30.33,0,0,1,1,0,1,1,0,0,1,0,12192.0,2,1,1,1,0,0,1,0,8.5,268.5,0,0,0,0,0,1
48000,124.989,0.0,0,0,1,0,30.622,0.0,0,0,1,0,12.718,-1.256,0,30.17,0,0,1,1,0,1,1,0,0,1,0,12192.0,2,1,1,1,0,0,1,0,8.8,270.5,0,0,0,0,0,1
48100,124.989,0.0,0,0,1,0,30.622,0.0,0,0,1,0,12.592,-1.256,0,30.29,0,0,1,1,0,1,1,0,0,1,0,12192.0,2,1,1,1,0,0,1,0,8.0,274.8,0,0,0,0,0,1
48200,124.989,0.0,0,0,1,0,30.622,0.0,0,0,1,0,12.466,-1.256,0,30.25,0,0,1,1,0,1,1,0,0,1,0,12192.0,2,1,1,1,0,0,1,0,7.9,269.4,0,0,0,0,0,1
48300,124.989,0.0,0,0,1,0,30.622,0.0,0,0,1,0,12.341,-1.256,0,30.34,0,0,1,1,0,1,1,0,0,1,0,12192.0,2,1,1,1,0,0,1,0,8.2,266.7,0,0,0,0,0,1
48400,124.989,0.0,0,0,1,0,30.622,0.0,0,0,1,0,12.215,-1.256,0,30.36,0,0,1,1,0,1,1,0,0,1,0,12192.0,2,1,1,1,0,0,1,0,7.5,269.3,0,0,0,0,0,1
48500,124.989,0.0,0,0,1,0,30.622,0.0,0,0,1,0,12.089,-1.256,0,30.51,0,0,1,1,0,1,1,0,0,1,0,12192.0,2,1,1,1,0,0,1,0,8.5,268.3,0,0,0,0,0,1
48600,124.989,0.0,0,0,1,0,30.622,0.0,0,0,1,0,11.964,-1.256,0,30.39,0,0,1,1,0,1,1,0,0,1,0,12192.0,2,1,1,1,0,0,1,0,9.0,269.8,0,0,0,0,0,1
48700,124.989,0.0,0,0,1,0,30.622,0.0,0,0,1,0,11.838,-1.256,0,30.39,0,0,1,1,0,1,1,0,0,1,0,12192.0,2,1,1,1,0,0,1,0,8.3,267.7,0,0,0,0,0,1
48800,124.989,0.0,0,0,1,0,30.622,0.0,0,0,1,0,11.713,-1.256,0,30.27,0,0,1,1,0,1,1,0,0,1,0,12192.0,2,1,1,1,0,0,1,0,7.5,274.0,0,0,0,0,0,1
48900,124.989,0.0,0,0,1,0,30.622,0.0,0,0,1,0,11.587,-1.256,0,30.28,0,0,1,1,0,1,1,0,0,1,0,12192.0,2,1,1,1,0,0,1,0,7.6,276.7,0,0,0,0,0,1
49000,124.989,0.0,0,0,1,0,30.622,0.0,0,0,1,0,11.461,-1.256,0,30.42,0,0,1,1,0,1,1,0,0,1,0,12192.0,2,1,1,1,0,0,1,0,8.1,271.3,0,0,0,0,0,1
49100,124.989,0.0,0,0,1,0,30.622,0.0,0,0,1,0,11.336,-1.256,0,30.52,0,0,1,1,0,1,1,0,0,1,0,12192.0,2,1,1,1,0,0,1,0,7.4,271.7,0,0,0,0,0,1
49200,124.989,0.0,0,0,1,0,30.622,0.0,0,0,1,0,11.21,-1.256,0,30.43,0,0,1,1,0,1,1,0,0,1,0,12192.0,2,1,1,1,0,0,1,0,8.5,269.9,0,0,0,0,0,1
49300,124.989,0.0,0,0,1,0,30.622,0.0,0,0,1,0,11.084,-1.256,0,30.15,0,0,1,1,0,1,1,0,0,1,0,12192.0,2,1,1,1,0,0,1,0,7.5,268.1,0,0,0,0,0,1
49400,124.989,0.0,0,0,1,0,30.622,0.0,0,0,1,0,10.959,-1.256,0,30.28,0,0,1,1,0,1,1,0,0,1,0,12192.0,2,1,1,1,0,0,1,0,8.4,269.2,0,0,0,0,0,1
49500,124.989,0.0,0,0,1,0,30.622,0.0,0,0,1,0,10.833,-1.256,0,30.41,0,0,1,1,0,1,1,0,0,1,0,12192.0,2,1,1,1,0,0,1,0,7.4,270.6,0,0,0,0,0,1
49600,124.989,0.0,0,0,1,0,30.622,0.0,0,0,1,0,10.708,-1.256,0,30.03,0,0,1,1,0,1,1,0,0,1,0,12192.0,2,1,1,1,0,0,1,0,7.9,274.0,0,0,0,0,0,1
49700,124.989,0.0,0,0,1,0,30.622,0.0,0,0,1,0,10.582,-1.256,0,30.42,0,0,1,1,0,1,1,0,0,1,0,12192.0,2,1,1,1,0,0,1,0,7.4,268.8,0,0,0,0,0,1
49800,124.989,0.0,0,0,1,0,30.622,0.0,0,0,1,0,10.456,-1.256,0,30.36,0,0,1,1,0,1,1,0,0,1,0,12192.0,2,1,1,1,0,0,1,0,8.3,268.8,0,0,0,0,0,1
49900,124.989,0.0,0,0,1,0,30.622,0.0,0,0,1,0,10.331,-1.256,0,30.26,0,0,1,1,0,1,1,0,0,1,0,12192.0,2,1,1,1,0,0,1,0,7.7,273.3,0,0,0,0,0,1
50000,124.989,0.0,0,0,1,0,30.622,0.0,0,0,1,0,10.205,-1.256,0,30.32,0,0,1,1,0,1,1,0,0,1,0,12192.0,2,1,1,1,0,0,1,0,7.7,267.6,0,0,0,0,0,1
50100,124.989,0.0,0,0,1,0,30.622,0.0,0,0,1,0,10.079,-1.256,0,30.38,0,0,1,1,0,1,1,0,0,1,0,12192.0,2,1,1,1,0,0,1,0,7.5,274.2,0,0,0,0,0,1
50200,124.989,0.0,0,0,1,0,30.622,0.0,0,0,1,0,9.954,-1.256,0,30.27,0,0,1,1,0,1,1,0,0,1,0,12192.0,2,1,1,1,0,0,1,0,8.0,267.2,0,0,0,0,0,1
50300,124.989,0.0,0,0,1,0,30.622,0.0,0,0,1,0,9.828,-1.256,0,30.11,0,0,1,1,0,1,1,0,0,1,0,12192.0,2,1,1,1,0,0,1,0,8.0,267.8,0,0,0,0,0,1
50400,124.989,0.0,0,0,1,0,30.622,0.0,0,0,1,0,9.702,-1.256,0,30.41,0,0,1,1,0,1,1,0,0,1,0,12192.0,2,1,1,1,0,0,1,0,7.1,273.1,0,0,0,0,0,1
50500,124.989,0.0,0,0,1,0,30.622,0.0,0,0,1,0,9.577,-1.256,0,30.49,0,0,1,1,0,1,1,0,0,1,0,12192.0,2,1,1,1,0,0,1,0,7.1,268.6,0,0,0,0,0,1
50600,124.989,0.0,0,0,1,0,30.622,0.0,0,0,1,0,9.451,-1.256,0,30.36,0,0,1,1,0,1,1,0,0,1,0,12192.0,2,1,1,1,0,0,1,0,7.8,267.4,0,0,0,0,0,1
50700,124.989,0.0,0,0,1,0,30.622,0.0,0,0,1,0,9.326,-1.256,0,30.12,0,0,1,1,0,1,1,0,0,1,0,12192.0,2,1,1,1,0,0,1,0,8.3,274.4,0,0,0,0,0,1
50800,124.989,0.0,0,0,1,0,30.622,0.0,0,0,1,0,9.2,-1.256,0,30.28,0,0,1,1,0,1,1,0,0,1,0,12192.0,2,1,1,1,0,0,1,0,7.6,266.3,0,0,0,0,0,1
50900,124.989,0.0,0,0,1,0,30.622,0.0,0,0,1,0,9.074,-1.256,0,30.28,0,0,1,1,0,1,1,0,0,1,0,12192.0,2,1,1,1,0,0,1,0,7.6,266.8,0,0,0,0,0,1
51000,124.989,0.0,0,0,1,0,30.622,0.0,0,0,1,0,8.949,-1.256,0,30.53,0,0,1,1,0,1,1,0,0,1,0,12192.0,2,1,1,1,0,0,1,0,7.0,269.0,0,0,0,0,0,1
51100,124.989,0.0,0,0,1,0,30.622,0.0,0,0,1,0,8.823,-1.256,0,30.38,0,0,1,1,0,1,1,0,0,1,0,12192.0,2,1,1,1,0,0,1,0,7.9,273.1,0,0,0,0,0,1
51200,124.989,0.0,0,0,1,0,30.622,0.0,0,0,1,0,8.697,-1.256,0,30.25,0,0,1,1,0,1,1,0,0,1,0,12192.0,2,1,1,1,0,0,1,0,6.0,266.7,0,0,0,0,0,1
51300,124.989,0.0,0,0,1,0,30.622,0.0,0,0,1,0,8.572,-1.256,0,30.29,0,0,1,1,0,1,1,0,0,1,0,12192.0,2,1,1,1,0,0,1,0,6.9,270.7,0,0,0,0,0,1
51400,124.989,0.0,0,0,1,0,30.622,0.0,0,0,1,0,8.446,-1.256,0,30.23,0,0,1,1,0,1,1,0,0,1,0,12192.0,2,1,1,1,0,0,1,0,7.4,265.6,0,0,0,0,0,1
51500,124.989,0.0,0,0,1,0,30.622,0.0,0,0,1,0,8.321,-1.256,0,30.35,0,0,1,1,0,1,1,0,0,1,0,12192.0,2,1,1,1,0,0,1,0,8.0,269.6,0,0,0,0,0,1
51600,124.989,0.0,0,0,1,0,30.622,0.0,0,0,1,0,8.195,-1.256,0,30.23,0,0,1,1,0,1,1,0,0,1,0,12192.0,2,1,1,1,0,0,1,0,6.9,276.7,0,0,0,0,0,1
51700,124.989,0.0,0,0,1,0,30.622,0.0,0,0,1,0,8.069,-1.256,0,30.13,0,0,1,1,0,1,1,0,0,1,0,12192.0,2,1,1,1,0,0,1,0,7.1,271.7,0,0,0,0,0,1
51800,124.989,0.0,0,0,1,0,30.622,0.0,0,0,1,0,7.944,-1.256,0,30.26,0,0,1,1,0,1,1,0,0,1,0,12192.0,2,1,1,1,0,0,1,0,7.0,266.3,0,0,0,0,0,1
51900,124.989,0.0,0,0,1,0,30.622,0.0,0,0,1,0,7.818,-1.256,0,30.29,0,0,1,1,0,1,1,0,0,1,0,12192.0,2,1,1,1,0,0,1,0,6.7,273.4,0,0,0,0,0,1
52000,124.989,0.0,0,0,1,0,30.622,0.0,0,0,1,0,7.692,-1.256,0,30.47,0,0,1,1,0,1,1,0,0,1,0,12192.0,2,1,1,1,0,0,1,0,7.6,272.0,0,0,0,0,0,1
52100,124.989,0.0,0,0,1,0,30.622,0.0,0,0,1,0,7.567,-1.256,0,30.24,0,0,1,1,0,1,1,0,0,1,0,12192.0,2,1,1,1,0,0,1,0,7.4,269.4,0,0,0,0,0,1
52200,124.989,0.0,0,0,1,0,30.622,0.0,0,0,1,0,7.441,-1.256,0,30.28,0,0,1,1,0,1,1,0,0,1,0,12192.0,2,1,1,1,0,0,1,0,6.7,270.2,0,0,0,0,0,1
52300,124.989,0.0,0,0,1,0,30.622,0.0,0,0,1,0,7.315,-1.256,0,30.28,0,0,1,1,0,1,1,0,0,1,0,12192.0,2,1,1,1,0,0,1,0,7.7,268.3,0,0,0,0,0,1
52400,124.989,0.0,0,0,1,0,30.622,0.0,0,0,1,0,7.19,-1.256,0,30.26,0,0,1,1,0,1,1,0,0,1,0,12192.0,2,1,1,1,0,0,1,0,7.3,274.8,0,0,0,0,0,1
52500,124.989,0.0,0,0,1,0,30.622,0.0,0,0,1,0,7.064,-1.256,0,30.43,0,0,1,1,0,1,1,0,0,1,0,12192.0,2,1,1,1,0,0,1,0,6.8,273.5,0,0,0,0,0,1
52600,124.989,0.0,0,0,1,0,30.622,0.0,0,0,1,0,6.939,-1.256,0,30.39,0,0,1,1,0,1,1,0,0,1,0,12192.0,2,1,1,1,0,0,1,0,8.4,267.0,0,0,0,0,0,1
52700,124.989,0.0,0,0,1,0,30.622,0.0,0,0,1,0,6.813,-1.256,0,30.2,0,0,1,1,0,1,1,0,0,1,0,12192.0,2,1,1,1,0,0,1,0,7.5,269.9,0,0,0,0,0,1
52800,124.989,0.0,0,0,1,0,30.622,0.0,0,0,1,0,6.687,-1.256,0,30.11,0,0,1,1,0,1,1,0,0,1,0,12192.0,2,1,1,1,0,0,1,0,6.6,268.3,0,0,0,0,0,1
52900,124.989,0.0,0,0,1,0,30.622,0.0,0,0,1,0,6.562,-1.256,0,30.42,0,0,1,1,0,1,1,0,0,1,0,12192.0,2,1,1,1,0,0,1,0,7.7,278.0,0,0,0,0,0,1
53000,124.989,0.0,0,0,1,0,30.622,0.0,0,0,1,0,6.436,-1.256,0,30.09,0,0,1,1,0,1,1,0,0,1,0,12192.0,2,1,1,1,0,0,1,0,7.3,272.6,0,0,0,0,0,1
53100,124.989,0.0,0,0,1,0,30.622,0.0,0,0,1,0,6.31,-1.256,0,30.26,0,0,1,1,0,1,1,0,0,1,0,12192.0,2,1,1,1,0,0,1,0,7.5,265.3,0,0,0,0,0,1
53200,124.989,0.0,0,0,1,0,30.622,0.0,0,0,1,0,6.185,-1.256,0,30.32,0,0,1,1,0,1,1,0,0,1,0,12192.0,2,1,1,1,0,0,1,0,7.8,272.0,0,0,0,0,0,1
53300,124.989,0.0,0,0,1,0,30.622,0.0,0,0,1,0,6.059,-1.256,0,30.27,0,0,1,1,0,1,1,0,0,1,0,12192.0,2,1,1,1,0,0,1,0,7.7,270.8,0,0,0,0,0,1
53400,124.989,0.0,0,0,1,0,30.622,0.0,0,0,1,0,5.934,-1.256,0,30.4,0,0,1,1,0,1,1,0,0,1,0,12192.0,2,1,1,1,0,0,1,0,7.8,272.5,0,0,0,0,0,1
53500,124.989,0.0,0,0,1,0,30.622,0.0,0,0,1,0,5.808,-1.256,0,30.41,0,0,1,1,0,1,1,0,0,1,0,12192.0,2,1,1,1,0,0,1,0,8.2,271.5,0,0,0,0,0,1
53600,124.989,0.0,0,0,1,0,30.622,0.0,0,0,1,0,5.682,-1.256,0,30.4,0,0,1,1,0,1,1,0,0,1,0,12192.0,2,1,1,1,0,0,1,0,8.0,273.7,0,0,0,0,0,1
53700,124.989,0.0,0,0,1,0,30.622,0.0,0,0,1,0,5.557,-1.256,0,30.2,0,0,1,1,0,1,1,0,0,1,0,12192.0,2,1,1,1,0,0,1,0,7.4,271.4,0,0,0,0,0,1
53800,124.989,0.0,0,0,1,0,30.622,0.0,0,0,1,0,5.431,-1.256,0,30.34,0,0,1,1,0,1,1,0,0,1,0,12192.0,2,1,1,1,0,0,1,0,8.5,272.1,0,0,0,0,0,1
53900,124.989,0.0,0,0,1,0,30.622,0.0,0,0,1,0,5.305,-1.256,0,30.42,0,0,1,1,0,1,1,0,0,1,0,12192.0,2,1,1,1,0,0,1,0,7.8,275.9,0,0,0,0,0,1
54000,124.989,0.0,0,0,1,0,30.622,0.0,0,0,1,0,5.18,-1.256,0,30.14,0,0,1,1,0,1,1,0,0,1,0,12192.0,2,1,1,1,0,0,1,0,8.0,273.4,0,0,0,0,0,1
54100,124.989,0.0,0,0,1,0,30.622,0.0,0,0,1,0,5.054,-1.256,0,30.35,0,0,1,1,0,1,1,0,0,1,0,12192.0,2,1,1,1,0,0,1,0,7.9,269.2,0,0,0,0,0,1
54200,124.989,0.0,0,0,1,0,30.622,0.0,0,0,1,0,4.928,-1.256,0,30.25,0,0,1,1,0,1,1,0,0,1,0,12192.0,2,1,1,1,0,0,1,0,7.9,272.1,0,0,0,0,0,1
54300,124.989,0.0,0,0,1,0,30.622,0.0,0,0,1,0,4.803,-1.256,0,30.45,0,0,1,1,0,1,1,0,0,1,0,12192.0,2,1,1,1,0,0,1,0,8.4,274.1,0,0,0,0,0,1
54400,124.989,0.0,0,0,1,0,30.622,0.0,0,0,1,0,4.677,-1.256,0,30.54,0,0,1,1,0,1,1,0,0,1,0,12192.0,2,1,1,1,0,0,1,0,8.9,275.9,0,0,0,0,0,1
54500,124.989,0.0,0,0,1,0,30.622,0.0,0,0,1,0,4.552,-1.256,0,30.3,0,0,1,1,0,1,1,0,0,1,0,12192.0,2,1,1,1,0,0,1,0,8.8,269.9,0,0,0,0,0,1
54600,124.989,0.0,0,0,1,0,30.622,0.0,0,0,1,0,4.426,-1.256,0,30.02,0,0,1,1,0,1,1,0,0,1,0,12192.0,2,1,1,1,0,0,1,0,8.4,275.7,0,0,0,0,0,1
54700,124.989,0.0,0,0,1,0,30.622,0.0,0,0,1,0,4.3,-1.256,0,30.47,0,0,1,1,0,1,1,0,0,1,0,12192.0,2,1,1,1,0,0,1,0,8.3,271.2,0,0,0,0,0,1
54800,124.989,0.0,0,0,1,0,30.622,0.0,0,0,1,0,4.175,-1.256,0,30.4,0,0,1,1,0,1,1,0,0,1,0,12192.0,2,1,1,1,0,0,1,0,8.6,273.0,0,0,0,0,0,1
54900,124.989,0.0,0,0,1,0,30.622,0.0,0,0,1,0,4.049,-1.256,0,30.28,0,0,1,1,0,1,1,0,0,1,0,12192.0,2,1,1,1,0,0,1,0,8.9,270.7,0,0,0,0,0,1
55000,124.989,0.0,0,0,1,0,30.622,0.0,0,0,1,0,3.923,-1.256,0,30.56,0,0,1,1,0,1,1,0,0,1,0,12192.0,2,1,1,1,0,0,1,0,8.7,271.9,0,0,0,0,0,1
55100,124.989,0.0,0,0,1,0,30.622,0.0,0,0,1,0,3.798,-1.256,0,30.27,0,0,1,1,0,1,1,0,0,1,0,12192.0,2,1,1,1,0,0,1,0,9.4,268.7,0,0,0,0,0,1
55200,124.989,0.0,0,0,1,0,30.622,0.0,0,0,1,0,3.677,-1.205,0,33.74,0,0,1,1,0,1,1,0,0,1,0,12192.0,2,1,1,1,0,0,1,0,8.3,272.7,0,0,0,0,0,1
55300,124.989,0.0,0,0,1,0,30.622,0.0,0,0,1,0,3.562,-1.153,0,33.76,0,0,1,1,0,1,1,0,0,1,0,12192.0,2,1,1,1,0,0,1,0,8.6,267.3,0,0,0,0,0,1
55400,124.989,0.0,0,0,1,0,30.622,0.0,0,0,1,0,3.452,-1.101,0,33.61,0,0,1,1,0,1,1,0,0,1,0,12192.0,2,1,1,1,0,0,1,0,8.9,267.1,0,0,0,0,0,1
55500,124.989,0.0,0,0,1,0,30.622,0.0,0,0,1,0,3.347,-1.049,0,33.53,0,0,1,1,0,1,1,0,0,1,0,12192.0,2,1,1,1,0,0,1,0,8.4,272.9,0,0,0,0,0,1
55600,124.989,0.0,0,0,1,0,30.622,0.0,0,0,1,0,3.247,-0.998,0,33.75,0,0,1,1,0,1,1,0,0,1,0,12192.0,2,1,1,1,0,0,1,0,8.2,268.6,0,0,0,0,0,1
55700,124.989,0.0,0,0,1,0,30.622,0.0,0,0,1,0,3.153,-0.946,0,33.81,0,0,1,1,0,1,1,0,0,1,0,12192.0,2,1,1,1,0,0,1,0,8.9,271.8,0,0,0,0,0,1
55800,124.989,0.0,0,0,1,0,30.622,0.0,0,0,1,0,3.063,-0.894,0,33.68,0,0,1,1,0,1,1,0,0,1,0,12192.0,2,1,1,1,0,0,1,0,7.4,266.2,0,0,0,0,0,1
55900,124.989,0.0,0,0,1,0,30.622,0.0,0,0,1,0,2.979,-0.842,0,33.53,0,0,1,1,0,1,1,0,0,1,0,12192.0,2,1,1,1,0,0,1,0,8.9,275.0,0,0,0,0,0,1
56000,124.989,0.0,0,0,1,0,30.622,0.0,0,0,1,0,2.9,-0.79,0,33.74,0,0,1,1,0,1,1,0,0,1,0,12192.0,2,1,1,1,0,0,1,0,8.9,270.7,0,0,0,0,0,1
56100,124.989,0.0,0,0,1,0,30.622,0.0,0,0,1,0,2.826,-0.739,0,33.76,0,0,1,1,0,1,1,0,0,1,0,12192.0,2,1,1,1,0,0,1,0,8.8,272.6,0,0,0,0,0,1
56200,124.989,0.0,0,0,1,0,30.622,0.0,0,0,1,0,2.757,-0.687,0,33.51,0,0,1,1,0,1,1,0,0,1,0,12192.0,2,1,1,1,0,0,1,0,8.7,269.2,0,0,0,0,0,1
56300,124.989,0.0,0,0,1,0,30.622,0.0,0,0,1,0,2.694,-0.635,0,33.63,0,0,1,1,0,1,1,0,0,1,0,12192.0,2,1,1,1,0,0,1,0,8.5,275.5,0,0,0,0,0,1
56400,124.989,0.0,0,0,1,0,30.622,0.0,0,0,1,0,2.636,-0.583,0,33.67,0,0,1,1,0,1,1,0,0,1,0,12192.0,2,1,1,1,0,0,1,0,8.2,269.7,0,0,0,0,0,1
56500,124.989,0.0,0,0,1,0,30.622,0.0,0,0,1,0,2.582,-0.532,0,33.69,0,0,1,1,0,1,1,0,0,1,0,12192.0,2,1,1,1,0,0,1,0,8.8,267.8,0,0,0,0,0,1
56600,124.989,0.0,0,0,1,0,30.622,0.0,0,0,1,0,2.534,-0.48,0,33.55,0,0,1,1,0,1,1,0,0,1,0,12192.0,2,1,1,1,0,0,1,0,8.0,270.3,0,0,0,0,0,1
56700,124.989,0.0,0,0,1,0,30.622,0.0,0,0,1,0,2.492,-0.428,0,33.6,0,0,1,1,0,1,1,0,0,1,0,12192.0,2,1,1,1,0,0,1,0,7.6,272.6,0,0,0,0,0,1
56800,124.989,0.0,0,0,1,0,30.622,0.0,0,0,1,0,2.454,-0.376,0,33.51,0,0,1,1,0,1,1,0,0,1,0,12192.0,2,1,1,1,0,0,1,0,8.6,277.9,0,0,0,0,0,1
56900,124.989,0.0,0,0,1,0,30.622,0.0,0,0,1,0,2.422,-0.325,0,33.92,0,0,1,1,0,1,1,0,0,1,0,12192.0,2,1,1,1,0,0,1,0,8.4,269.6,0,0,0,0,0,1
57000,124.989,0.0,0,0,1,0,30.622,0.0,0,0,1,0,2.394,-0.273,0,33.66,0,0,1,1,0,1,1,0,0,1,0,12192.0,2,1,1,1,0,0,1,0,8.6,266.2,0,0,0,0,0,1
57100,124.989,0.0,0,0,1,0,30.622,0.0,0,0,1,0,2.372,-0.221,0,33.54,0,0,1,1,0,1,1,0,0,1,0,12192.0,2,1,1,1,0,0,1,0,8.5,268.5,0,0,0,0,0,1
57200,124.989,0.0,0,0,1,0,30.622,0.0,0,0,1,0,2.355,-0.169,0,33.53,0,0,1,1,0,1,1,0,0,1,0,12192.0,2,1,1,1,0,0,1,0,7.9,269.8,0,0,0,0,0,1
57300,124.989,0.0,0,0,1,0,30.622,0.0,0,0,1,0,2.343,-0.118,0,33.73,0,0,1,1,0,1,1,0,0,1,0,12192.0,2,1,1,1,0,0,1,0,8.8,270.9,0,0,0,0,0,1
57400,124.989,0.0,0,0,1,0,30.622,0.0,0,0,1,0,2.337,-0.066,0,33.8,0,0,1,1,0,1,1,0,0,1,0,12192.0,2,1,1,1,0,0,1,0,8.1,271.4,0,0,0,0,0,1
57500,124.989,0.0,0,0,1,0,30.622,0.0,0,0,1,0,2.329,-0.083,0,30.28,0,0,1,1,0,1,1,0,0,1,0,12192.0,2,1,1,1,0,0,1,0,7.7,262.6,0,0,0,0,0,1
57600,124.989,0.0,0,0,0,0,30.622,0.0,0,0,0,0,2.325,0.0,0,31.89,0,0,0,0,0,1,1,0,0,1,0,12192.0,2,1,1,0,1,0,1,0,7.9,266.3,0,0,0,0,0,1
57700,124.989,0.0,0,0,0,0,30.622,0.0,0,0,0,0,2.325,0.0,0,31.99,0,0,0,0,0,1,1,0,1,1,0,12192.0,2,1,1,0,1,0,1,0,9.4,274.6,0,0,0,0,0,1
57800,124.989,0.0,0,0,0,0,30.622,0.0,0,0,0,0,2.325,0.0,0,32.05,0,0,0,0,0,1,1,0,1,1,0,12192.0,2,1,1,0,1,0,1,0,8.1,269.4,0,0,0,0,0,1
57900,124.989,0.0,0,0,0,0,30.622,0.0,0,0,0,0,2.325,0.0,0,31.92,0,0,0,0,0,1,1,0,1,1,0,12192.0,2,1,1,0,1,0,1,0,7.9,265.5,0,0,0,0,0,1
58000,124.989,0.0,0,0,0,0,30.622,0.0,0,0,0,0,2.325,0.0,0,32.11,0,0,0,0,0,1,1,0,1,1,0,12192.0,2,1,1,0,1,0,1,0,8.2,265.8,0,0,0,0,0,1
58100,124.989,0.0,0,0,0,0,30.622,0.0,0,0,0,0,2.325,0.0,0,32.03,0,0,0,0,0,1,1,0,1,1,0,12192.0,2,1,1,0,1,0,1,0,8.0,265.1,0,0,0,0,0,1
58200,124.989,0.0,0,0,0,0,30.622,0.0,0,0,0,0,2.325,0.0,0,32.05,0,0,0,0,0,1,1,0,1,1,0,12192.0,2,1,1,0,1,0,1,0,8.4,272.9,0,0,0,0,0,1
58300,124.989,0.0,0,0,0,0,30.622,0.0,0,0,0,0,2.325,0.0,0,31.88,0,0,0,0,0,1,1,0,1,1,0,12192.0,2,1,1,0,1,0,1,0,8.1,267.0,0,0,0,0,0,1
58400,124.989,0.0,0,0,0,0,30.622,0.0,0,0,0,0,2.325,0.0,0,31.9,0,0,0,0,0,1,1,0,1,1,0,12192.0,2,1,1,0,1,0,1,0,8.2,270.9,0,0,0,0,0,1
58500,124.989,0.0,0,0,0,0,30.622,0.0,0,0,0,0,2.325,0.0,0,31.99,0,0,0,0,0,1,1,0,1,1,0,12192.0,2,1,1,0,1,0,1,0,8.1,269.6,0,0,0,0,0,1
58600,124.989,0.0,0,0,0,0,30.622,0.0,0,0,0,0,2.325,0.0,0,0.0,0,0,0,0,0,1,0,1,1,1,0,12192.0,2,1,1,0,1,0,1,0,8.9,273.0,0,0,0,0,0,1
58700,124.989,0.0,0,0,0,0,30.622,0.0,0,0,0,0,2.325,0.0,0,0.0,0,0,0,0,0,1,0,1,1,1,0,12192.0,2,1,1,0,1,0,1,0,7.5,269.7,0,0,0,0,0,1
58800,124.989,0.0,0,0,0,0,30.622,0.0,0,0,0,0,2.325,0.0,0,0.0,0,0,0,0,0,1,0,1,1,1,0,12192.0,2,1,1,0,1,0,1,0,8.1,269.6,0,0,0,0,0,1
58900,124.989,0.0,0,0,0,0,30.622,0.0,0,0,0,0,2.325,0.0,0,0.0,0,0,0,0,0,1,0,1,1,1,0,12192.0,2,1,1,0,1,0,1,0,7.4,268.1,0,0,0,0,0,1
59000,124.989,0.0,0,0,0,0,30.622,0.0,0,0,0,0,2.325,0.0,0,0.0,0,0,0,0,0,1,0,1,1,1,0,12192.0,2,1,1,0,1,0,1,0,7.7,267.8,0,0,0,0,0,1
59100,124.989,0.0,0,0,0,0,30.622,0.0,0,0,0,0,2.325,0.0,0,0.0,0,0,0,0,0,1,0,1,1,1,0,12192.0,2,1,1,0,1,0,1,0,7.4,269.8,0,0,0,0,0,1
59200,124.989,0.0,0,0,0,0,30.622,0.0,0,0,0,0,2.325,0.0,0,0.0,0,0,0,0,0,1,0,1,1,1,0,12192.0,2,1,1,0,1,0,1,0,7.7,263.7,0,0,0,0,0,1
59300,124.989,0.0,0,0,0,0,30.622,0.0,0,0,0,0,2.325,0.0,0,0.0,0,0,0,0,0,1,0,1,1,1,0,12192.0,2,1,1,0,1,0,1,0,7.9,272.3,0,0,0,0,0,1
59400,124.989,0.0,0,0,0,0,30.622,0.0,0,0,0,0,2.325,0.0,0,0.0,0,0,0,0,0,1,0,1,1,1,0,12192.0,2,1,1,0,1,0,1,0,7.1,273.0,0,0,0,0,0,1
59500,124.989,0.0,0,0,0,0,30.622,0.0,0,0,0,0,2.325,0.0,0,0.0,0,0,0,0,0,1,0,1,1,1,0,12192.0,2,1,1,0,1,0,1,0,7.9,273.0,0,0,0,0,0,1
59600,124.989,0.0,0,0,0,0,30.622,0.0,0,0,0,0,2.325,0.0,0,0.0,0,0,0,0,0,1,0,1,1,1,0,12192.0,2,1,1,0,1,0,1,0,7.0,269.7,0,0,0,0,0,1
59700,124.989,0.0,0,0,0,0,30.622,0.0,0,0,0,0,2.325,0.0,0,0.0,0,0,0,0,0,1,0,1,1,1,0,12192.0,2,1,1,0,1,0,1,0,7.8,269.1,0,0,0,0,0,1
59800,124.989,0.0,0,0,0,0,30.622,0.0,0,0,0,0,2.325,0.0,0,0.0,0,0,0,0,0,1,0,1,1,1,0,12192.0,2,1,1,0,1,0,1,0,6.6,268.6,0,0,0,0,0,1
59900,124.989,0.0,0,0,0,0,30.622,0.0,0,0,0,0,2.325,0.0,0,0.0,0,0,0,0,0,1,0,1,1,1,0,12192.0,2,1,1,0,1,0,1,0,7.2,270.3,0,0,0,0,0,1
60000,124.989,0.0,0,0,0,0,30.622,0.0,0,0,0,0,2.325,0.0,0,0.0,0,0,0,0,0,1,0,1,1,1,0,12192.0,2,1,1,0,1,0,1,0,7.1,267.7,0,0,0,0,0,1
60100,124.989,0.0,0,0,1,0,30.622,0.0,0,0,1,0,2.331,0.052,1,0.0,0,0,1,1,0,1,0,1,0,0,0,12192.0,2,1,1,1,0,0,1,0,7.1,269.1,0,0,0,0,0,1
60200,124.989,0.0,0,0,1,0,30.622,0.0,0,0,1,0,2.341,0.104,1,0.0,0,0,1,1,0,1,0,1,0,0,0,12192.0,2,1,1,1,0,0,1,0,7.4,269.1,0,0,0,0,0,1
60300,124.989,0.0,0,0,1,0,30.622,0.0,0,0,1,0,2.357,0.155,1,0.0,0,0,1,1,0,1,0,1,0,0,0,12192.0,2,1,1,1,0,0,1,0,7.2,271.1,0,0,0,0,0,1
60400,124.989,0.0,0,0,1,0,30.622,0.0,0,0,1,0,2.377,0.207,1,0.0,0,0,1,1,0,1,0,1,0,0,0,12192.0,2,1,1,1,0,0,1,0,7.4,267.6,0,0,0,0,0,1
60500,124.989,0.0,0,0,1,0,30.622,0.0,0,0,1,0,2.403,0.259,1,0.0,0,0,1,1,0,1,0,1,0,0,0,12192.0,2,1,1,1,0,0,1,0,8.0,271.4,0,0,0,0,0,1
60600,124.989,0.0,0,0,1,0,30.622,0.0,0,0,1,0,2.434,0.311,1,0.0,0,0,1,1,0,1,0,1,0,0,0,12192.0,2,1,1,1,0,0,1,0,8.3,272.1,0,0,0,0,0,1
60700,124.989,0.0,0,0,1,0,30.622,0.0,0,0,1,0,2.47,0.362,1,0.0,0,0,1,1,0,1,0,1,0,0,0,12192.0,2,1,1,1,0,0,1,0,6.7,271.7,0,0,0,0,0,1
60800,124.989,0.0,0,0,1,0,30.622,0.0,0,0,1,0,2.512,0.414,1,0.0,0,0,1,1,0,1,0,1,0,0,0,12192.0,2,1,1,1,0,0,1,0,7.5,266.9,0,0,0,0,0,1
60900,124.989,0.0,0,0,1,0,30.622,0.0,0,0,1,0,2.558,0.466,1,0.0,0,0,1,1,0,1,0,1,0,0,0,12192.0,2,1,1,1,0,0,1,0,7.8,271.4,0,0,0,0,0,1
61000,124.989,0.0,0,0,1,0,30.622,0.0,0,0,1,0,2.61,0.518,1,0.0,0,0,1,1,0,1,0,1,0,0,0,12192.0,2,1,1,1,0,0,1,0,8.1,267.0,0,0,0,0,0,1
61100,124.989,0.0,0,0,1,0,30.622,0.0,0,0,1,0,2.667,0.569,1,0.0,0,0,1,1,0,1,0,1,0,0,0,12192.0,2,1,1,1,0,0,1,0,7.1,271.4,0,0,0,0,0,1
61200,124.989,0.0,0,0,1,0,30.622,0.0,0,0,1,0,2.729,0.621,1,0.0,0,0,1,1,0,1,0,1,0,0,0,12192.0,2,1,1,1,0,0,1,0,7.1,270.0,0,0,0,0,0,1
61300,124.989,0.0,0,0,1,0,30.622,0.0,0,0,1,0,2.797,0.673,1,0.0,0,0,1,1,0,1,0,1,0,0,0,12192.0,2,1,1,1,0,0,1,0,7.4,267.1,0,0,0,0,0,1
61400,124.989,0.0,0,0,1,0,30.622,0.0,0,0,1,0,2.869,0.725,1,0.0,0,0,1,1,0,1,0,1,0,0,0,12192.0,2,1,1,1,0,0,1,0,7.3,272.4,0,0,0,0,0,1
61500,124.989,0.0,0,0,1,0,30.622,0.0,0,0,1,0,2.947,0.776,1,0.0,0,0,1,1,0,1,0,1,0,0,0,12192.0,2,1,1,1,0,0,1,0,7.7,272.0,0,0,0,0,0,1
61600,124.989,0.0,0,0,1,0,30.622,0.0,0,0,1,0,3.029,0.828,1,0.0,0,0,1,1,0,1,0,1,0,0,0,12192.0,2,1,1,1,0,0,1,0,6.7,268.3,0,0,0,0,0,1
61700,124.989,0.0,0,0,1,0,30.622,0.0,0,0,1,0,3.117,0.88,1,0.0,0,0,1,1,0,1,0,1,0,0,0,12192.0,2,1,1,1,0,0,1,0,8.0,276.8,0,0,0,0,0,1
61800,124.989,0.0,0,0,1,0,30.622,0.0,0,0,1,0,3.211,0.932,1,0.0,0,0,1,1,0,1,0,1,0,0,0,12192.0,2,1,1,1,0,0,1,0,7.3,273.5,0,0,0,0,0,1
61900,124.989,0.0,0,0,1,0,30.622,0.0,0,0,1,0,3.309,0.983,1,0.0,0,0,1,1,0,1,0,1,0,0,0,12192.0,2,1,1,1,0,0,1,0,7.5,268.9,0,0,0,0,0,1
62000,124.989,0.0,0,0,1,0,30.622,0.0,0,0,1,0,3.412,1.035,1,0.0,0,0,1,1,0,1,0,1,0,0,0,12192.0,2,1,1,1,0,0,1,0,7.5,270.2,0,0,0,0,0,1
62100,124.989,0.0,0,0,1,0,30.622,0.0,0,0,1,0,3.521,1.087,1,0.0,0,0,1,1,0,1,0,1,0,0,0,12192.0,2,1,1,1,0,0,1,0,8.3,271.1,0,0,0,0,0,1
62200,124.989,0.0,0,0,1,0,30.622,0.0,0,0,1,0,3.635,1.139,1,0.0,0,0,1,1,0,1,0,1,0,0,0,12192.0,2,1,1,1,0,0,1,0,7.3,270.1,0,0,0,0,0,1
62300,124.989,0.0,0,0,1,0,30.622,0.0,0,0,1,0,3.754,1.191,1,0.0,0,0,1,1,0,1,0,1,0,0,0,12192.0,2,1,1,1,0,0,1,0,8.1,265.4,0,0,0,0,0,1
62400,124.989,0.0,0,0,1,0,30.622,0.0,0,0,1,0,3.878,1.242,1,0.0,0,0,1,1,0,1,0,1,0,0,0,12192.0,2,1,1,1,0,0,1,0,7.8,262.3,0,0,0,0,0,1
62500,124.989,0.0,0,0,1,0,30.622,0.0,0,0,1,0,4.004,1.256,1,0.0,0,0,1,1,0,1,0,1,0,0,0,12192.0,2,1,1,1,0,0,1,0,7.8,268.0,0,0,0,0,0,1
62600,124.989,0.0,0,0,1,0,30.622,0.0,0,0,1,0,4.13,1.256,1,0.0,0,0,1,1,0,1,0,1,0,0,0,12192.0,2,1,1,1,0,0,1,0,8.2,269.6,0,0,0,0,0,1
62700,124.989,0.0,0,0,1,0,30.622,0.0,0,0,1,0,4.255,1.256,1,0.0,0,0,1,1,0,1,0,1,0,0,0,12192.0,2,1,1,1,0,0,1,0,8.4,275.3,0,0,0,0,0,1
62800,124.989,0.0,0,0,1,0,30.622,0.0,0,0,1,0,4.381,1.256,1,0.0,0,0,1,1,0,1,0,1,0,0,0,12192.0,2,1,1,1,0,0,1,0,7.7,271.0,0,0,0,0,0,1
62900,124.989,0.0,0,0,1,0,30.622,0.0,0,0,1,0,4.507,1.256,1,0.0,0,0,1,1,0,1,0,1,0,0,0,12192.0,2,1,1,1,0,0,1,0,7.5,274.2,0,0,0,0,0,1
63000,124.989,0.0,0,0,1,0,30.622,0.0,0,0,1,0,4.632,1.256,1,0.0,0,0,1,1,0,1,0,1,0,0,0,12192.0,2,1,1,1,0,0,1,0,7.3,268.9,0,0,0,0,0,1
63100,124.989,0.0,0,0,1,0,30.622,0.0,0,0,1,0,4.758,1.256,1,0.0,0,0,1,1,0,1,0,1,0,0,0,12192.0,2,1,1,1,0,0,1,0,7.9,273.1,0,0,0,0,0,1
63200,124.989,0.0,0,0,1,0,30.622,0.0,0,0,1,0,4.883,1.256,1,0.0,0,0,1,1,0,1,0,1,0,0,0,12192.0,2,1,1,1,0,0,1,0,8.4,263.9,0,0,0,0,0,1
63300,124.989,0.0,0,0,1,0,30.622,0.0,0,0,1,0,5.009,1.256,1,0.0,0,0,1,1,0,1,0,1,0,0,0,12192.0,2,1,1,1,0,0,1,0,8.5,265.1,0,0,0,0,0,1
63400,124.989,0.0,0,0,1,0,30.622,0.0,0,0,1,0,5.135,1.256,1,0.0,0,0,1,1,0,1,0,1,0,0,0,12192.0,2,1,1,1,0,0,1,0,8.1,271.5,0,0,0,0,0,1
63500,124.989,0.0,0,0,1,0,30.622,0.0,0,0,1,0,5.26,1.256,1,0.0,0,0,1,1,0,1,0,1,0,0,0,12192.0,2,1,1,1,0,0,1,0,8.3,267.7,0,0,0,0,0,1
63600,124.989,0.0,0,0,1,0,30.622,0.0,0,0,1,0,5.386,1.256,1,0.0,0,0,1,1,0,1,0,1,0,0,0,12192.0,2,1,1,1,0,0,1,0,8.5,267.8,0,0,0,0,0,1
63700,124.989,0.0,0,0,1,0,30.622,0.0,0,0,1,0,5.512,1.256,1,0.0,0,0,1,1,0,1,0,1,0,0,0,12192.0,2,1,1,1,0,0,1,0,7.8,270.8,0,0,0,0,0,1
63800,124.989,0.0,0,0,1,0,30.622,0.0,0,0,1,0,5.637,1.256,1,0.0,0,0,1,1,0,1,0,1,0,0,0,12192.0,2,1,1,1,0,0,1,0,9.1,266.2,0,0,0,0,0,1
63900,124.989,0.0,0,0,1,0,30.622,0.0,0,0,1,0,5.763,1.256,1,0.0,0,0,1,1,0,1,0,1,0,0,0,12192.0,2,1,1,1,0,0,1,0,9.1,270.7,0,0,0,0,0,1
64000,124.989,0.0,0,0,1,0,30.622,0.0,0,0,1,0,5.888,1.256,1,0.0,0,0,1,1,0,1,0,1,0,0,0,12192.0,2,1,1,1,0,0,1,0,8.8,272.4,0,0,0,0,0,1
64100,124.989,0.0,0,0,1,0,30.622,0.0,0,0,1,0,6.014,1.256,1,0.0,0,0,1,1,0,1,0,1,0,0,0,12192.0,2,1,1,1,0,0,1,0,8.8,271.6,0,0,0,0,0,1
64200,124.989,0.0,0,0,1,0,30.622,0.0,0,0,1,0,6.14,1.256,1,0.0,0,0,1,1,0,1,0,1,0,0,0,12192.0,2,1,1,1,0,0,1,0,8.4,269.5,0,0,0,0,0,1
64300,124.989,0.0,0,0,1,0,30.622,0.0,0,0,1,0,6.265,1.256,1,0.0,0,0,1,1,0,1,0,1,0,0,0,12192.0,2,1,1,1,0,0,1,0,8.8,264.6,0,0,0,0,0,1
64400,124.989,0.0,0,0,1,0,30.622,0.0,0,0,1,0,6.391,1.256,1,0.0,0,0,1,1,0,1,0,1,0,0,0,12192.0,2,1,1,1,0,0,1,0,9.0,270.1,0,0,0,0,0,1
64500,124.989,0.0,0,0,1,0,30.622,0.0,0,0,1,0,6.517,1.256,1,0.0,0,0,1,1,0,1,0,1,0,0,0,12192.0,2,1,1,1,0,0,1,0,8.3,269.3,0,0,0,0,0,1
64600,124.989,0.0,0,0,1,0,30.622,0.0,0,0,1,0,6.642,1.256,1,0.0,0,0,1,1,0,1,0,1,0,0,0,12192.0,2,1,1,1,0,0,1,0,8.9,272.3,0,0,0,0,0,1
64700,124.989,0.0,0,0,1,0,30.622,0.0,0,0,1,0,6.768,1.256,1,0.0,0,0,1,1,0,1,0,1,0,0,0,12192.0,2,1,1,1,0,0,1,0,8.7,266.2,0,0,0,0,0,1
64800,124.989,0.0,0,0,1,0,30.622,0.0,0,0,1,0,6.894,1.256,1,0.0,0,0,1,1,0,1,0,1,0,0,0,12192.0,2,1,1,1,0,0,1,0,8.6,266.7,0,0,0,0,0,1
64900,124.989,0.0,0,0,1,0,30.622,0.0,0,0,1,0,7.019,1.256,1,0.0,0,0,1,1,0,1,0,1,0,0,0,12192.0,2,1,1,1,0,0,1,0,8.5,268.1,0,0,0,0,0,1
65000,124.989,0.0,0,0,1,0,30.622,0.0,0,0,1,0,7.145,1.256,1,0.0,0,0,1,1,0,1,0,1,0,0,0,12192.0,2,1,1,1,0,0,1,0,8.2,269.2,0,0,0,0,0,1
65100,124.989,0.0,0,0,1,0,30.622,0.0,0,0,1,0,7.27,1.256,1,0.0,0,0,1,1,0,1,0,1,0,0,0,12192.0,2,1,1,1,0,0,1,0,8.7,271.4,0,0,0,0,0,1
65200,124.989,0.0,0,0,1,0,30.622,0.0,0,0,1,0,7.396,1.256,1,0.0,0,0,1,1,0,1,0,1,0,0,0,12192.0,2,1,1,1,0,0,1,0,8.6,268.3,0,0,0,0,0,1
65300,124.989,0.0,0,0,1,0,30.622,0.0,0,0,1,0,7.522,1.256,1,0.0,0,0,1,1,0,1,0,1,0,0,0,12192.0,2,1,1,1,0,0,1,0,9.1,271.0,0,0,0,0,0,1
65400,124.989,0.0,0,0,1,0,30.622,0.0,0,0,1,0,7.647,1.256,1,0.0,0,0,1,1,0,1,0,1,0,0,0,12192.0,2,1,1,1,0,0,1,0,8.3,266.8,0,0,0,0,0,1
65500,124.989,0.0,0,0,1,0,30.622,0.0,0,0,1,0,7.773,1.256,1,0.0,0,0,1,1,0,1,0,1,0,0,0,12192.0,2,1,1,1,0,0,1,0,8.6,275.4,0,0,0,0,0,1
65600,124.989,0.0,0,0,1,0,30.622,0.0,0,0,1,0,7.899,1.256,1,0.0,0,0,1,1,0,1,0,1,0,0,0,12192.0,2,1,1,1,0,0,1,0,8.7,272.5,0,0,0,0,0,1
65700,124.989,0.0,0,0,1,0,30.622,0.0,0,0,1,0,8.024,1.256,1,0.0,0,0,1,1,0,1,0,1,0,0,0,12192.0,2,1,1,1,0,0,1,0,8.3,273.8,0,0,0,0,0,1
65800,124.989,0.0,0,0,1,0,30.622,0.0,0,0,1,0,8.15,1.256,1,0.0,0,0,1,1,0,1,0,1,0,0,0,12192.0,2,1,1,1,0,0,1,0,9.1,270.5,0,0,0,0,0,1
65900,124.989,0.0,0,0,1,0,30.622,0.0,0,0,1,0,8.275,1.256,1,0.0,0,0,1,1,0,1,0,1,0,0,0,12192.0,2,1,1,1,0,0,1,0,9.1,269.5,0,0,0,0,0,1
66000,124.989,0.0,0,0,1,0,30.622,0.0,0,0,1,0,8.401,1.256,1,0.0,0,0,1,1,0,1,0,1,0,0,0,12192.0,2,1,1,1,0,0,1,0,8.8,269.3,0,0,0,0,0,1
66100,124.989,0.0,0,0,1,0,30.622,0.0,0,0,1,0,8.527,1.256,1,0.0,0,0,1,1,0,1,0,1,0,0,0,12192.0,2,1,1,1,0,0,1,0,7.9,267.2,0,0,0,0,0,1
66200,124.989,0.0,0,0,1,0,30.622,0.0,0,0,1,0,8.652,1.256,1,0.0,0,0,1,1,0,1,0,1,0,0,0,12192.0,2,1,1,1,0,0,1,0,8.6,275.0,0,0,0,0,0,1
66300,124.989,0.0,0,0,1,0,30.622,0.0,0,0,1,0,8.778,1.256,1,0.0,0,0,1,1,0,1,0,1,0,0,0,12192.0,2,1,1,1,0,0,1,0,8.5,267.6,0,0,0,0,0,1
66400,124.989,0.0,0,0,1,0,30.622,0.0,0,0,1,0,8.904,1.256,1,0.0,0,0,1,1,0,1,0,1,0,0,0,12192.0,2,1,1,1,0,0,1,0,8.7,270.4,0,0,0,0,0,1
66500,124.989,0.0,0,0,1,0,30.622,0.0,0,0,1,0,9.029,1.256,1,0.0,0,0,1,1,0,1,0,1,0,0,0,12192.0,2,1,1,1,0,0,1,0,8.7,273.6,0,0,0,0,0,1
66600,124.989,0.0,0,0,1,0,30.622,0.0,0,0,1,0,9.155,1.256,1,0.0,0,0,1,1,0,1,0,1,0,0,0,12192.0,2,1,1,1,0,0,1,0,7.6,271.6,0,0,0,0,0,1
66700,124.989,0.0,0,0,1,0,30.622,0.0,0,0,1,0,9.281,1.256,1,0.0,0,0,1,1,0,1,0,1,0,0,0,12192.0,2,1,1,1,0,0,1,0,8.1,267.8,0,0,0,0,0,1
66800,124.989,0.0,0,0,1,0,30.622,0.0,0,0,1,0,9.406,1.256,1,0.0,0,0,1,1,0,1,0,1,0,0,0,12192.0,2,1,1,1,0,0,1,0,8.0,271.0,0,0,0,0,0,1
66900,124.989,0.0,0,0,1,0,30.622,0.0,0,0,1,0,9.532,1.256,1,0.0,0,0,1,1,0,1,0,1,0,0,0,12192.0,2,1,1,1,0,0,1,0,8.9,270.8,0,0,0,0,0,1
67000,124.989,0.0,0,0,1,0,30.622,0.0,0,0,1,0,9.657,1.256,1,0.0,0,0,1,1,0,1,0,1,0,0,0,12192.0,2,1,1,1,0,0,1,0,9.2,268.0,0,0,0,0,0,1
67100,124.989,0.0,0,0,1,0,30.622,0.0,0,0,1,0,9.783,1.256,1,0.0,0,0,1,1,0,1,0,1,0,0,0,12192.0,2,1,1,1,0,0,1,0,8.0,269.9,0,0,0,0,0,1
67200,124.989,0.0,0,0,1,0,30.622,0.0,0,0,1,0,9.909,1.256,1,0.0,0,0,1,1,0,1,0,1,0,0,0,12192.0,2,1,1,1,0,0,1,0,8.0,269.2,0,0,0,0,0,1
67300,124.989,0.0,0,0,1,0,30.622,0.0,0,0,1,0,10.034,1.256,1,0.0,0,0,1,1,0,1,0,1,0,0,0,12192.0,2,1,1,1,0,0,1,0,7.8,267.6,0,0,0,0,0,1
67400,124.989,0.0,0,0,1,0,30.622,0.0,0,0,1,0,10.16,1.256,1,0.0,0,0,1,1,0,1,0,1,0,0,0,12192.0,2,1,1,1,0,0,1,0,7.8,275.7,0,0,0,0,0,1
67500,124.989,0.0,0,0,1,0,30.622,0.0,0,0,1,0,10.286,1.256,1,0.0,0,0,1,1,0,1,0,1,0,0,0,12192.0,2,1,1,1,0,0,1,0,8.4,267.8,0,0,0,0,0,1
67600,124.989,0.0,0,0,1,0,30.622,0.0,0,0,1,0,10.411,1.256,1,0.0,0,0,1,1,0,1,0,1,0,0,0,12192.0,2,1,1,1,0,0,1,0,8.2,269.0,0,0,0,0,0,1
67700,124.989,0.0,0,0,1,0,30.622,0.0,0,0,1,0,10.537,1.256,1,0.0,0,0,1,1,0,1,0,1,0,0,0,12192.0,2,1,1,1,0,0,1,0,7.7,267.9,0,0,0,0,0,1
67800,124.989,0.0,0,0,1,0,30.622,0.0,0,0,1,0,10.662,1.256,1,0.0,0,0,1,1,0,1,0,1,0,0,0,12192.0,2,1,1,1,0,0,1,0,7.7,271.6,0,0,0,0,0,1
67900,124.989,0.0,0,0,1,0,30.622,0.0,0,0,1,0,10.788,1.256,1,0.0,0,0,1,1,0,1,0,1,0,0,0,12192.0,2,1,1,1,0,0,1,0,7.7,267.0,0,0,0,0,0,1
68000,124.989,0.0,0,0,1,0,30.622,0.0,0,0,1,0,10.914,1.256,1,0.0,0,0,1,1,0,1,0,1,0,0,0,12192.0,2,1,1,1,0,0,1,0,7.7,271.9,0,0,0,0,0,1
68100,124.989,0.0,0,0,1,0,30.622,0.0,0,0,1,0,11.039,1.256,1,0.0,0,0,1,1,0,1,0,1,0,0,0,12192.0,2,1,1,1,0,0,1,0,7.4,266.4,0,0,0,0,0,1
68200,124.989,0.0,0,0,1,0,30.622,0.0,0,0,1,0,11.165,1.256,1,0.0,0,0,1,1,0,1,0,1,0,0,0,12192.0,2,1,1,1,0,0,1,0,8.1,272.9,0,0,0,0,0,1
68300,124.989,0.0,0,0,1,0,30.622,0.0,0,0,1,0,11.291,1.256,1,0.0,0,0,1,1,0,1,0,1,0,0,0,12192.0,2,1,1,1,0,0,1,0,8.0,265.8,0,0,0,0,0,1
68400,124.989,0.0,0,0,1,0,30.622,0.0,0,0,1,0,11.416,1.256,1,0.0,0,0,1,1,0,1,0,1,0,0,0,12192.0,2,1,1,1,0,0,1,0,7.4,265.5,0,0,0,0,0,1
68500,124.989,0.0,0,0,1,0,30.622,0.0,0,0,1,0,11.542,1.256,1,0.0,0,0,1,1,0,1,0,1,0,0,0,12192.0,2,1,1,1,0,0,1,0,8.5,266.6,0,0,0,0,0,1
68600,124.989,0.0,0,0,1,0,30.622,0.0,0,0,1,0,11.668,1.256,1,0.0,0,0,1,1,0,1,0,1,0,0,0,12192.0,2,1,1,1,0,0,1,0,7.3,274.3,0,0,0,0,0,1
68700,124.989,0.0,0,0,1,0,30.622,0.0,0,0,1,0,11.793,1.256,1,0.0,0,0,1,1,0,1,0,1,0,0,0,12192.0,2,1,1,1,0,0,1,0,6.8,264.6,0,0,0,0,0,1
68800,124.989,0.0,0,0,1,0,30.622,0.0,0,0,1,0,11.919,1.256,1,0.0,0,0,1,1,0,1,0,1,0,0,0,12192.0,2,1,1,1,0,0,1,0,7.4,273.7,0,0,0,0,0,1
68900,124.989,0.0,0,0,1,0,30.622,0.0,0,0,1,0,12.044,1.256,1,0.0,0,0,1,1,0,1,0,1,0,0,0,12192.0,2,1,1,1,0,0,1,0,7.2,276.0,0,0,0,0,0,1
69000,124.989,0.0,0,0,1,0,30.622,0.0,0,0,1,0,12.17,1.256,1,0.0,0,0,1,1,0,1,0,1,0,0,0,12192.0,2,1,1,1,0,0,1,0,7.4,270.2,0,0,0,0,0,1
69100,124.989,0.0,0,0,1,0,30.622,0.0,0,0,1,0,12.296,1.256,1,0.0,0,0,1,1,0,1,0,1,0,0,0,12192.0,2,1,1,1,0,0,1,0,7.0,272.7,0,0,0,0,0,1
69200,124.989,0.0,0,0,1,0,30.622,0.0,0,0,1,0,12.421,1.256,1,0.0,0,0,1,1,0,1,0,1,0,0,0,12192.0,2,1,1,1,0,0,1,0,7.1,272.3,0,0,0,0,0,1
69300,124.989,0.0,0,0,1,0,30.622,0.0,0,0,1,0,12.547,1.256,1,0.0,0,0,1,1,0,1,0,1,0,0,0,12192.0,2,1,1,1,0,0,1,0,6.7,270.2,0,0,0,0,0,1
69400,124.989,0.0,0,0,1,0,30.622,0.0,0,0,1,0,12.673,1.256,1,0.0,0,0,1,1,0,1,0,1,0,0,0,12192.0,2,1,1,1,0,0,1,0,7.7,271.0,0,0,0,0,0,1
69500,124.989,0.0,0,0,1,0,30.622,0.0,0,0,1,0,12.798,1.256,1,0.0,0,0,1,1,0,1,0,1,0,0,0,12192.0,2,1,1,1,0,0,1,0,7.5,269.9,0,0,0,0,0,1
69600,124.989,0.0,0,0,1,0,30.622,0.0,0,0,1,0,12.924,1.256,1,0.0,0,0,1,1,0,1,0,1,0,0,0,12192.0,2,1,1,1,0,0,1,0,8.2,268.5,0,0,0,0,0,1
69700,124.989,0.0,0,0,1,0,30.622,0.0,0,0,1,0,13.049,1.256,1,0.0,0,0,1,1,0,1,0,1,0,0,0,12192.0,2,1,1,1,0,0,1,0,6.7,269.7,0,0,0,0,0,1
69800,124.989,0.0,0,0,1,0,30.622,0.0,0,0,1,0,13.175,1.256,1,0.0,0,0,1,1,0,1,0,1,0,0,0,12192.0,2,1,1,1,0,0,1,0,7.8,268.1,0,0,0,0,0,1
69900,124.989,0.0,0,0,1,0,30.622,0.0,0,0,1,0,13.301,1.256,1,0.0,0,0,1,1,0,1,0,1,0,0,0,12192.0,2,1,1,1,0,0,1,0,7.3,267.5,0,0,0,0,0,1
70000,124.989,0.0,0,0,1,0,30.622,0.0,0,0,1,0,13.426,1.256,1,0.0,0,0,1,1,0,1,0,1,0,0,0,12192.0,2,1,1,1,0,0,1,0,7.6,276.5,0,0,0,0,0,1
70100,124.989,0.0,0,0,1,0,30.622,0.0,0,0,1,0,13.552,1.256,1,0.0,0,0,1,1,0,1,0,1,0,0,0,12192.0,2,1,1,1,0,0,1,0,6.9,271.0,0,0,0,0,0,1
70200,124.989,0.0,0,0,1,0,30.622,0.0,0,0,1,0,13.678,1.256,1,0.0,0,0,1,1,0,1,0,1,0,0,0,12192.0,2,1,1,1,0,0,1,0,6.5,267.1,0,0,0,0,0,1
70300,124.989,0.0,0,0,1,0,30.622,0.0,0,0,1,0,13.803,1.256,1,0.0,0,0,1,1,0,1,0,1,0,0,0,12192.0,2,1,1,1,0,0,1,0,7.9,270.0,0,0,0,0,0,1
70400,124.989,0.0,0,0,1,0,30.622,0.0,0,0,1,0,13.929,1.256,1,0.0,0,0,1,1,0,1,0,1,0,0,0,12192.0,2,1,1,1,0,0,1,0,6.9,267.7,0,0,0,0,0,1
70500,124.989,0.0,0,0,1,0,30.622,0.0,0,0,1,0,14.055,1.256,1,0.0,0,0,1,1,0,1,0,1,0,0,0,12192.0,2,1,1,1,0,0,1,0,7.5,270.2,0,0,0,0,0,1
70600,124.989,0.0,0,0,1,0,30.622,0.0,0,0,1,0,14.18,1.256,1,0.0,0,0,1,1,0,1,0,1,0,0,0,12192.0,2,1,1,1,0,0,1,0,7.7,269.0,0,0,0,0,0,1
70700,124.989,0.0,0,0,1,0,30.622,0.0,0,0,1,0,14.306,1.256,1,0.0,0,0,1,1,0,1,0,1,0,0,0,12192.0,2,1,1,1,0,0,1,0,7.1,266.4,0,0,0,0,0,1
70800,124.989,0.0,0,0,1,0,30.622,0.0,0,0,1,0,14.431,1.256,1,0.0,0,0,1,1,0,1,0,1,0,0,0,12192.0,2,1,1,1,0,0,1,0,8.4,271.6,0,0,0,0,0,1
70900,124.989,0.0,0,0,1,0,30.622,0.0,0,0,1,0,14.557,1.256,1,0.0,0,0,1,1,0,1,0,1,0,0,0,12192.0,2,1,1,1,0,0,1,0,8.3,272.3,0,0,0,0,0,1
71000,124.989,0.0,0,0,1,0,30.622,0.0,0,0,1,0,14.683,1.256,1,0.0,0,0,1,1,0,1,0,1,0,0,0,12192.0,2,1,1,1,0,0,1,0,7.8,271.9,0,0,0,0,0,1
71100,124.989,0.0,0,0,1,0,30.622,0.0,0,0,1,0,14.808,1.256,1,0.0,0,0,1,1,0,1,0,1,0,0,0,12192.0,2,1,1,1,0,0,1,0,7.7,272.1,0,0,0,0,0,1
71200,124.989,0.0,0,0,1,0,30.622,0.0,0,0,1,0,14.934,1.256,1,0.0,0,0,1,1,0,1,0,1,0,0,0,12192.0,2,1,1,1,0,0,1,0,8.1,269.6,0,0,0,0,0,1
71300,124.989,0.0,0,0,1,0,30.622,0.0,0,0,1,0,15.06,1.256,1,0.0,0,0,1,1,0,1,0,1,0,0,0,12192.0,2,1,1,1,0,0,1,0,8.1,270.9,0,0,0,0,0,1
71400,124.989,0.0,0,0,1,0,30.622,0.0,0,0,1,0,15.185,1.256,1,0.0,0,0,1,1,0,1,0,1,0,0,0,12192.0,2,1,1,1,0,0,1,0,7.1,270.0,0,0,0,0,0,1
71500,124.989,0.0,0,0,1,0,30.622,0.0,0,0,1,0,15.311,1.256,1,0.0,0,0,1,1,0,1,0,1,0,0,0,12192.0,2,1,1,1,0,0,1,0,8.1,275.4,0,0,0,0,0,1
71600,124.989,0.0,0,0,1,0,30.622,0.0,0,0,1,0,15.437,1.256,1,0.0,0,0,1,1,0,1,0,1,0,0,0,12192.0,2,1,1,1,0,0,1,0,7.7,271.3,0,0,0,0,0,1
71700,124.989,0.0,0,0,1,0,30.622,0.0,0,0,1,0,15.562,1.256,1,0.0,0,0,1,1,0,1,0,1,0,0,0,12192.0,2,1,1,1,0,0,1,0,8.2,268.2,0,0,0,0,0,1
71800,124.989,0.0,0,0,1,0,30.622,0.0,0,0,1,0,15.688,1.256,1,0.0,0,0,1,1,0,1,0,1,0,0,0,12192.0,2,1,1,1,0,0,1,0,7.8,268.5,0,0,0,0,0,1
71900,124.989,0.0,0,0,1,0,30.622,0.0,0,0,1,0,15.813,1.256,1,0.0,0,0,1,1,0,1,0,1,0,0,0,12192.0,2,1,1,1,0,0,1,0,7.9,268.2,0,0,0,0,0,1
72000,124.989,0.0,0,0,1,0,30.622,0.0,0,0,1,0,15.939,1.256,1,0.0,0,0,1,1,0,1,0,1,0,0,0,12192.0,2,1,1,1,0,0,1,0,7.5,269.4,0,0,0,0,0,1
72100,124.989,0.0,0,0,1,0,30.622,0.0,0,0,1,0,16.065,1.256,1,0.0,0,0,1,1,0,1,0,1,0,0,0,12192.0,2,1,1,1,0,0,1,0,8.4,266.1,0,0,0,0,0,1
72200,124.989,0.0,0,0,1,0,30.622,0.0,0,0,1,0,16.19,1.256,1,0.0,0,0,1,1,0,1,0,1,0,0,0,12192.0,2,1,1,1,0,0,1,0,8.2,274.2,0,0,0,0,0,1
72300,124.989,0.0,0,0,1,0,30.622,0.0,0,0,1,0,16.316,1.256,1,0.0,0,0,1,1,0,1,0,1,0,0,0,12192.0,2,1,1,1,0,0,1,0,8.1,272.6,0,0,0,0,0,1
72400,124.989,0.0,0,0,1,0,30.622,0.0,0,0,1,0,16.442,1.256,1,0.0,0,0,1,1,0,1,0,1,0,0,0,12192.0,2,1,1,1,0,0,1,0,8.7,271.3,0,0,0,0,0,1
72500,124.989,0.0,0,0,1,0,30.622,0.0,0,0,1,0,16.567,1.256,1,0.0,0,0,1,1,0,1,0,1,0,0,0,12192.0,2,1,1,1,0,0,1,0,8.1,272.2,0,0,0,0,0,1
72600,124.989,0.0,0,0,1,0,30.622,0.0,0,0,1,0,16.693,1.256,1,0.0,0,0,1,1,0,1,0,1,0,0,0,12192.0,2,1,1,1,0,0,1,0,8.3,270.4,0,0,0,0,0,1
72700,124.989,0.0,0,0,1,0,30.622,0.0,0,0,1,0,16.818,1.256,1,0.0,0,0,1,1,0,1,0,1,0,0,0,12192.0,2,1,1,1,0,0,1,0,8.3,271.2,0,0,0,0,0,1
72800,124.989,0.0,0,0,1,0,30.622,0.0,0,0,1,0,16.944,1.256,1,0.0,0,0,1,1,0,1,0,1,0,0,0,12192.0,2,1,1,1,0,0,1,0,8.2,272.1,0,0,0,0,0,1
72900,124.989,0.0,0,0,1,0,30.622,0.0,0,0,1,0,17.07,1.256,1,0.0,0,0,1,1,0,1,0,1,0,0,0,12192.0,2,1,1,1,0,0,1,0,8.8,266.6,0,0,0,0,0,1
73000,124.989,0.0,0,0,1,0,30.622,0.0,0,0,1,0,17.19,1.205,1,0.0,0,0,1,1,0,1,0,1,0,0,0,12192.0,2,1,1,1,0,0,1,0,8.5,271.0,0,0,0,0,0,1
73100,124.989,0.0,0,0,1,0,30.622,0.0,0,0,1,0,17.305,1.153,1,0.0,0,0,1,1,0,1,0,1,0,0,0,12192.0,2,1,1,1,0,0,1,0,7.9,269.7,0,0,0,0,0,1
73200,124.989,0.0,0,0,1,0,30.622,0.0,0,0,1,0,17.416,1.101,1,0.0,0,0,1,1,0,1,0,1,0,0,0,12192.0,2,1,1,1,0,0,1,0,8.8,271.6,0,0,0,0,0,1
73300,124.989,0.0,0,0,1,0,30.622,0.0,0,0,1,0,17.52,1.049,1,0.0,0,0,1,1,0,1,0,1,0,0,0,12192.0,2,1,1,1,0,0,1,0,8.7,269.5,0,0,0,0,0,1
73400,124.989,0.0,0,0,1,0,30.622,0.0,0,0,1,0,17.62,0.998,1,0.0,0,0,1,1,0,1,0,1,0,0,0,12192.0,2,1,1,1,0,0,1,0,8.0,270.0,0,0,0,0,0,1
73500,124.989,0.0,0,0,1,0,30.622,0.0,0,0,1,0,17.715,0.946,1,0.0,0,0,1,1,0,1,0,1,0,0,0,12192.0,2,1,1,1,0,0,1,0,8.3,269.8,0,0,0,0,0,1
73600,124.989,0.0,0,0,1,0,30.622,0.0,0,0,1,0,17.804,0.894,1,0.0,0,0,1,1,0,1,0,1,0,0,0,12192.0,2,1,1,1,0,0,1,0,8.3,270.6,0,0,0,0,0,1
73700,124.989,0.0,0,0,1,0,30.622,0.0,0,0,1,0,17.888,0.842,1,0.0,0,0,1,1,0,1,0,1,0,0,0,12192.0,2,1,1,1,0,0,1,0,8.7,274.1,0,0,0,0,0,1
73800,124.989,0.0,0,0,1,0,30.622,0.0,0,0,1,0,17.967,0.79,1,0.0,0,0,1,1,0,1,0,1,0,0,0,12192.0,2,1,1,1,0,0,1,0,8.8,269.8,0,0,0,0,0,1
73900,124.989,0.0,0,0,1,0,30.622,0.0,0,0,1,0,18.041,0.739,1,0.0,0,0,1,1,0,1,0,1,0,0,0,12192.0,2,1,1,1,0,0,1,0,7.9,273.4,0,0,0,0,0,1
74000,124.989,0.0,0,0,1,0,30.622,0.0,0,0,1,0,18.11,0.687,1,0.0,0,0,1,1,0,1,0,1,0,0,0,12192.0,2,1,1,1,0,0,1,0,9.1,267.7,0,0,0,0,0,1
74100,124.989,0.0,0,0,1,0,30.622,0.0,0,0,1,0,18.174,0.635,1,0.0,0,0,1,1,0,1,0,1,0,0,0,12192.0,2,1,1,1,0,0,1,0,8.1,266.4,0,0,0,0,0,1
74200,124.989,0.0,0,0,1,0,30.622,0.0,0,0,1,0,18.232,0.583,1,0.0,0,0,1,1,0,1,0,1,0,0,0,12192.0,2,1,1,1,0,0,1,0,10.0,268.4,0,0,0,0,0,1
74300,124.989,0.0,0,0,1,0,30.622,0.0,0,0,1,0,18.285,0.532,1,0.0,0,0,1,1,0,1,0,1,0,0,0,12192.0,2,1,1,1,0,0,1,0,8.7,270.9,0,0,0,0,0,1
74400,124.989,0.0,0,0,1,0,30.622,0.0,0,0,1,0,18.333,0.48,1,0.0,0,0,1,1,0,1,0,1,0,0,0,12192.0,2,1,1,1,0,0,1,0,8.6,270.6,0,0,0,0,0,1
74500,124.989,0.0,0,0,1,0,30.622,0.0,0,0,1,0,18.376,0.428,1,0.0,0,0,1,1,0,1,0,1,0,0,0,12192.0,2,1,1,1,0,0,1,0,9.3,268.8,0,0,0,0,0,1
74600,124.989,0.0,0,0,1,0,30.622,0.0,0,0,1,0,18.414,0.376,1,0.0,0,0,1,1,0,1,0,1,0,0,0,12192.0,2,1,1,1,0,0,1,0,8.7,267.8,0,0,0,0,0,1
74700,124.989,0.0,0,0,1,0,30.622,0.0,0,0,1,0,18.446,0.325,1,0.0,0,0,1,1,0,1,0,1,0,0,0,12192.0,2,1,1,1,0,0,1,0,7.9,269.1,0,0,0,0,0,1
74800,124.989,0.0,0,0,1,0,30.622,0.0,0,0,1,0,18.473,0.273,1,0.0,0,0,1,1,0,1,0,1,0,0,0,12192.0,2,1,1,1,0,0,1,0,8.1,269.0,0,0,0,0,0,1
74900,124.989,0.0,0,0,1,0,30.622,0.0,0,0,1,0,18.495,0.216,1,0.0,0,0,1,1,0,1,0,1,0,0,0,12192.0,2,1,1,1,0,0,1,0,8.5,273.0,0,0,0,0,0,1
75000,124.989,0.0,0,0,1,0,30.622,0.0,0,0,1,0,18.511,0.156,1,0.0,0,0,1,1,0,1,0,1,0,0,0,12192.0,2,1,1,1,0,0,1,0,8.1,269.7,0,0,0,0,0,1
75100,124.989,0.0,0,0,1,0,30.622,0.0,0,0,1,0,18.52,0.091,1,0.0,0,0,1,1,0,1,0,1,0,0,0,12192.0,2,1,1,1,0,0,1,0,9.0,275.5,0,0,0,0,0,1
75200,124.989,0.0,0,0,0,0,30.622,0.0,0,0,0,0,18.524,0.0,0,0.0,0,0,0,0,0,1,0,1,0,0,0,12192.0,2,1,1,0,1,0,1,0,8.5,272.2,0,0,0,0,0,1
