t_ms,GT_Position,GT_Velocity,GT_Direction,GT_Running,GT_Brake_Released,GT_Motor_Alarm,TR_Position,TR_Velocity,TR_Direction,TR_Running,TR_Brake_Released,TR_Motor_Alarm,HO_Position,HO_Velocity,HO_Direction,HO_Load,HO_Overload_Alarm,HO_Snag_Alarm,HO_Running,HO_Brake_Released,HO_Motor_Alarm,SP_Mode,SP_TwistLock_Locked,SP_TwistLock_Unlocked,SP_Landed,SP_Container_Detected,SP_Mismatch_Alarm,SP_Telescopic_Position,OP_Mode,OP_Power_On,OP_Ready,OP_Running,OP_Standby,OP_Emergency_Stop,OP_AntiSway_Active,OP_Cycle_Count_Today,ENV_Wind_Speed,ENV_Wind_Direction,ENV_Wind_Alarm,ALM_Active,ALM_Latest_Code,ALM_Latest_Severity,ALM_Latest_Source,COM_Link_Status
0,124.989,0.0,0,0,1,0,23.886,0.064,1,1,1,0,39.195,-0.047,0,0.0,0,0,1,1,0,1,0,1,0,0,0,12192.0,2,1,1,1,0,0,1,0,7.9,273.0,0,0,0,0,0,1
100,124.989,0.0,0,0,1,0,23.899,0.127,1,1,1,0,39.186,-0.094,0,0.0,0,0,1,1,0,1,0,1,0,0,0,12192.0,2,1,1,1,0,0,1,0,8.2,270.0,0,0,0,0,0,1
200,124.989,0.0,0,0,1,0,23.918,0.191,1,1,1,0,39.172,-0.141,0,0.0,0,0,1,1,0,1,0,1,0,0,0,12192.0,2,1,1,1,0,0,1,0,8.2,264.9,0,0,0,0,0,1
300,124.989,0.0,0,0,1,0,23.944,0.255,1,1,1,0,39.153,-0.189,0,0.0,0,0,1,1,0,1,0,1,0,0,0,12192.0,2,1,1,1,0,0,1,0,8.2,270.1,0,0,0,0,0,1
400,124.989,0.0,0,0,1,0,23.975,0.318,1,1,1,0,39.129,-0.236,0,0.0,0,0,1,1,0,1,0,1,0,0,0,12192.0,2,1,1,1,0,0,1,0,8.4,272.2,0,0,0,0,0,1
500,124.989,0.0,0,0,1,0,24.014,0.382,1,1,1,0,39.101,-0.283,0,0.0,0,0,1,1,0,1,0,1,0,0,0,12192.0,2,1,1,1,0,0,1,0,7.8,272.2,0,0,0,0,0,1
600,124.989,0.0,0,0,1,0,24.058,0.446,1,1,1,0,39.068,-0.33,0,0.0,0,0,1,1,0,1,0,1,0,0,0,12192.0,2,1,1,1,0,0,1,0,7.8,268.9,0,0,0,0,0,1
700,124.989,0.0,0,0,1,0,24.109,0.509,1,1,1,0,39.03,-0.377,0,0.0,0,0,1,1,0,1,0,1,0,0,0,12192.0,2,1,1,1,0,0,1,0,8.8,270.8,0,0,0,0,0,1
800,124.989,0.0,0,0,1,0,24.166,0.573,1,1,1,0,38.988,-0.424,0,0.0,0,0,1,1,0,1,0,1,0,0,0,12192.0,2,1,1,1,0,0,1,0,8.7,270.2,0,0,0,0,0,1
900,124.989,0.0,0,0,1,0,24.23,0.636,1,1,1,0,38.941,-0.472,0,0.0,0,0,1,1,0,1,0,1,0,0,0,12192.0,2,1,1,1,0,0,1,0,9.2,269.6,0,0,0,0,0,1
1000,124.989,0.0,0,0,1,0,24.3,0.7,1,1,1,0,38.889,-0.519,0,0.0,0,0,1,1,0,1,0,1,0,0,0,12192.0,2,1,1,1,0,0,1,0,8.9,268.4,0,0,0,0,0,1
1100,124.989,0.0,0,0,1,0,24.376,0.764,1,1,1,0,38.832,-0.566,0,0.0,0,0,1,1,0,1,0,1,0,0,0,12192.0,2,1,1,1,0,0,1,0,9.2,269.9,0,0,0,0,0,1
1200,124.989,0.0,0,0,1,0,24.459,0.827,1,1,1,0,38.771,-0.613,0,0.0,0,0,1,1,0,1,0,1,0,0,0,12192.0,2,1,1,1,0,0,1,0,8.3,271.7,0,0,0,0,0,1
1300,124.989,0.0,0,0,1,0,24.548,0.891,1,1,1,0,38.705,-0.66,0,0.0,0,0,1,1,0,1,0,1,0,0,0,12192.0,2,1,1,1,0,0,1,0,8.1,271.8,0,0,0,0,0,1
1400,124.989,0.0,0,0,1,0,24.644,0.955,1,1,1,0,38.634,-0.707,0,0.0,0,0,1,1,0,1,0,1,0,0,0,12192.0,2,1,1,1,0,0,1,0,8.9,270.5,0,0,0,0,0,1
1500,124.989,0.0,0,0,1,0,24.746,1.018,1,1,1,0,38.559,-0.755,0,0.0,0,0,1,1,0,1,0,1,0,0,0,12192.0,2,1,1,1,0,0,1,0,8.1,271.8,0,0,0,0,0,1
1600,124.989,0.0,0,0,1,0,24.854,1.082,1,1,1,0,38.478,-0.802,0,0.0,0,0,1,1,0,1,0,1,0,0,0,12192.0,2,1,1,1,0,0,1,0,8.6,269.0,0,0,0,0,0,1
1700,124.989,0.0,0,0,1,0,24.968,1.146,1,1,1,0,38.394,-0.849,0,0.0,0,0,1,1,0,1,0,1,0,0,0,12192.0,2,1,1,1,0,0,1,0,8.7,271.1,0,0,0,0,0,1
1800,124.989,0.0,0,0,1,0,25.089,1.209,1,1,1,0,38.304,-0.896,0,0.0,0,0,1,1,0,1,0,1,0,0,0,12192.0,2,1,1,1,0,0,1,0,9.2,271.1,0,0,0,0,0,1
1900,124.989,0.0,0,0,1,0,25.217,1.273,1,1,1,0,38.21,-0.943,0,0.0,0,0,1,1,0,1,0,1,0,0,0,12192.0,2,1,1,1,0,0,1,0,8.7,268.8,0,0,0,0,0,1
2000,124.989,0.0,0,0,1,0,25.35,1.337,1,1,1,0,38.111,-0.99,0,0.0,0,0,1,1,0,1,0,1,0,0,0,12192.0,2,1,1,1,0,0,1,0,8.7,273.2,0,0,0,0,0,1
2100,124.989,0.0,0,0,1,0,25.49,1.4,1,1,1,0,38.007,-1.038,0,0.0,0,0,1,1,0,1,0,1,0,0,0,12192.0,2,1,1,1,0,0,1,0,8.4,271.7,0,0,0,0,0,1
2200,124.989,0.0,0,0,1,0,25.637,1.464,1,1,1,0,37.898,-1.085,0,0.0,0,0,1,1,0,1,0,1,0,0,0,12192.0,2,1,1,1,0,0,1,0,8.6,270.9,0,0,0,0,0,1
2300,124.989,0.0,0,0,1,0,25.789,1.528,1,1,1,0,37.785,-1.132,0,0.0,0,0,1,1,0,1,0,1,0,0,0,12192.0,2,1,1,1,0,0,1,0,7.8,269.7,0,0,0,0,0,1
2400,124.989,0.0,0,0,1,0,25.949,1.591,1,1,1,0,37.667,-1.179,0,0.0,0,0,1,1,0,1,0,1,0,0,0,12192.0,2,1,1,1,0,0,1,0,8.4,272.0,0,0,0,0,0,1
2500,124.989,0.0,0,0,1,0,26.114,1.655,1,1,1,0,37.545,-1.226,0,0.0,0,0,1,1,0,1,0,1,0,0,0,12192.0,2,1,1,1,0,0,1,0,8.6,269.9,0,0,0,0,0,1
2600,124.989,0.0,0,0,1,0,26.286,1.719,1,1,1,0,37.419,-1.258,0,0.0,0,0,1,1,0,1,0,1,0,0,0,12192.0,2,1,1,1,0,0,1,0,8.2,267.8,0,0,0,0,0,1
2700,124.989,0.0,0,0,1,0,26.464,1.782,1,1,1,0,37.293,-1.258,0,0.0,0,0,1,1,0,1,0,1,0,0,0,12192.0,2,1,1,1,0,0,1,0,8.5,266.1,0,0,0,0,0,1
2800,124.989,0.0,0,0,1,0,26.649,1.846,1,1,1,0,37.167,-1.258,0,0.0,0,0,1,1,0,1,0,1,0,0,0,12192.0,2,1,1,1,0,0,1,0,9.2,272.2,0,0,0,0,0,1
2900,124.989,0.0,0,0,1,0,26.84,1.909,1,1,1,0,37.041,-1.258,0,0.0,0,0,1,1,0,1,0,1,0,0,0,12192.0,2,1,1,1,0,0,1,0,9.4,267.2,0,0,0,0,0,1
3000,124.989,0.0,0,0,1,0,27.037,1.973,1,1,1,0,36.915,-1.258,0,0.0,0,0,1,1,0,1,0,1,0,0,0,12192.0,2,1,1,1,0,0,1,0,8.9,268.2,0,0,0,0,0,1
3100,124.989,0.0,0,0,1,0,27.241,2.037,1,1,1,0,36.79,-1.258,0,0.0,0,0,1,1,0,1,0,1,0,0,0,12192.0,2,1,1,1,0,0,1,0,8.2,272.9,0,0,0,0,0,1
3200,124.989,0.0,0,0,1,0,27.451,2.1,1,1,1,0,36.664,-1.258,0,0.0,0,0,1,1,0,1,0,1,0,0,0,12192.0,2,1,1,1,0,0,1,0,8.0,270.1,0,0,0,0,0,1
3300,124.989,0.0,0,0,1,0,27.667,2.164,1,1,1,0,36.538,-1.258,0,0.0,0,0,1,1,0,1,0,1,0,0,0,12192.0,2,1,1,1,0,0,1,0,8.0,270.6,0,0,0,0,0,1
3400,124.989,0.0,0,0,1,0,27.89,2.228,1,1,1,0,36.412,-1.258,0,0.0,0,0,1,1,0,1,0,1,0,0,0,12192.0,2,1,1,1,0,0,1,0,7.8,268.0,0,0,0,0,0,1
3500,124.989,0.0,0,0,1,0,28.119,2.291,1,1,1,0,36.286,-1.258,0,0.0,0,0,1,1,0,1,0,1,0,0,0,12192.0,2,1,1,1,0,0,1,0,8.6,267.9,0,0,0,0,0,1
3600,124.989,0.0,0,0,1,0,28.355,2.355,1,1,1,0,36.16,-1.258,0,0.0,0,0,1,1,0,1,0,1,0,0,0,12192.0,2,1,1,1,0,0,1,0,7.5,270.8,0,0,0,0,0,1
3700,124.989,0.0,0,0,1,0,28.596,2.419,1,1,1,0,36.035,-1.258,0,0.0,0,0,1,1,0,1,0,1,0,0,0,12192.0,2,1,1,1,0,0,1,0,7.3,262.1,0,0,0,0,0,1
3800,124.989,0.0,0,0,1,0,28.845,2.482,1,1,1,0,35.909,-1.258,0,0.0,0,0,1,1,0,1,0,1,0,0,0,12192.0,2,1,1,1,0,0,1,0,8.8,267.7,0,0,0,0,0,1
3900,124.989,0.0,0,0,1,0,29.099,2.546,1,1,1,0,35.783,-1.258,0,0.0,0,0,1,1,0,1,0,1,0,0,0,12192.0,2,1,1,1,0,0,1,0,8.0,271.5,0,0,0,0,0,1
4000,124.989,0.0,0,0,1,0,29.36,2.61,1,1,1,0,35.657,-1.258,0,0.0,0,0,1,1,0,1,0,1,0,0,0,12192.0,2,1,1,1,0,0,1,0,8.2,271.7,0,0,0,0,0,1
4100,124.989,0.0,0,0,1,0,29.627,2.673,1,1,1,0,35.531,-1.258,0,0.0,0,0,1,1,0,1,0,1,0,0,0,12192.0,2,1,1,1,0,0,1,0,8.4,266.9,0,0,0,0,0,1
4200,124.989,0.0,0,0,1,0,29.901,2.737,1,1,1,0,35.405,-1.258,0,0.0,0,0,1,1,0,1,0,1,0,0,0,12192.0,2,1,1,1,0,0,1,0,8.8,270.0,0,0,0,0,0,1
4300,124.989,0.0,0,0,1,0,30.181,2.801,1,1,1,0,35.28,-1.258,0,0.0,0,0,1,1,0,1,0,1,0,0,0,12192.0,2,1,1,1,0,0,1,0,7.9,272.4,0,0,0,0,0,1
4400,124.989,0.0,0,0,1,0,30.468,2.864,1,1,1,0,35.154,-1.258,0,0.0,0,0,1,1,0,1,0,1,0,0,0,12192.0,2,1,1,1,0,0,1,0,8.1,271.4,0,0,0,0,0,1
4500,124.989,0.0,0,0,1,0,30.76,2.928,1,1,1,0,35.028,-1.258,0,0.0,0,0,1,1,0,1,0,1,0,0,0,12192.0,2,1,1,1,0,0,1,0,7.2,273.3,0,0,0,0,0,1
4600,124.989,0.0,0,0,1,0,31.06,2.991,1,1,1,0,34.902,-1.258,0,0.0,0,0,1,1,0,1,0,1,0,0,0,12192.0,2,1,1,1,0,0,1,0,7.9,266.8,0,0,0,0,0,1
4700,124.989,0.0,0,0,1,0,31.365,3.055,1,1,1,0,34.776,-1.258,0,0.0,0,0,1,1,0,1,0,1,0,0,0,12192.0,2,1,1,1,0,0,1,0,7.8,271.2,0,0,0,0,0,1
4800,124.989,0.0,0,0,1,0,31.677,3.119,1,1,1,0,34.65,-1.258,0,0.0,0,0,1,1,0,1,0,1,0,0,0,12192.0,2,1,1,1,0,0,1,0,8.0,268.3,0,0,0,0,0,1
4900,124.989,0.0,0,0,1,0,31.995,3.182,1,1,1,0,34.525,-1.258,0,0.0,0,0,1,1,0,1,0,1,0,0,0,12192.0,2,1,1,1,0,0,1,0,8.1,270.0,0,0,0,0,0,1
5000,124.989,0.0,0,0,1,0,32.32,3.246,1,1,1,0,34.399,-1.258,0,0.0,0,0,1,1,0,1,0,1,0,0,0,12192.0,2,1,1,1,0,0,1,0,7.9,267.7,0,0,0,0,0,1
5100,124.989,0.0,0,0,1,0,32.651,3.31,1,1,1,0,34.273,-1.258,0,0.0,0,0,1,1,0,1,0,1,0,0,0,12192.0,2,1,1,1,0,0,1,0,8.5,270.3,0,0,0,0,0,1
5200,124.989,0.0,0,0,1,0,32.985,3.341,1,1,1,0,34.147,-1.258,0,0.0,0,0,1,1,0,1,0,1,0,0,0,12192.0,2,1,1,1,0,0,1,0,8.6,269.0,0,0,0,0,0,1
5300,124.989,0.0,0,0,1,0,33.313,3.277,1,1,1,0,34.021,-1.258,0,0.0,0,0,1,1,0,1,0,1,0,0,0,12192.0,2,1,1,1,0,0,1,0,7.5,262.6,0,0,0,0,0,1
5400,124.989,0.0,0,0,1,0,33.634,3.213,1,1,1,0,33.895,-1.258,0,0.0,0,0,1,1,0,1,0,1,0,0,0,12192.0,2,1,1,1,0,0,1,0,7.6,267.7,0,0,0,0,0,1
5500,124.989,0.0,0,0,1,0,33.949,3.149,1,1,1,0,33.77,-1.258,0,0.0,0,0,1,1,0,1,0,1,0,0,0,12192.0,2,1,1,1,0,0,1,0,7.4,270.9,0,0,0,0,0,1
5600,124.989,0.0,0,0,1,0,34.257,3.084,1,1,1,0,33.644,-1.258,0,0.0,0,0,1,1,0,1,0,1,0,0,0,12192.0,2,1,1,1,0,0,1,0,7.6,269.3,0,0,0,0,0,1
5700,124.989,0.0,0,0,1,0,34.559,3.02,1,1,1,0,33.518,-1.258,0,0.0,0,0,1,1,0,1,0,1,0,0,0,12192.0,2,1,1,1,0,0,1,0,7.2,274.5,0,0,0,0,0,1
5800,124.989,0.0,0,0,1,0,34.855,2.956,1,1,1,0,33.392,-1.258,0,0.0,0,0,1,1,0,1,0,1,0,0,0,12192.0,2,1,1,1,0,0,1,0,7.8,275.6,0,0,0,0,0,1
5900,124.989,0.0,0,0,1,0,35.144,2.891,1,1,1,0,33.266,-1.258,0,0.0,0,0,1,1,0,1,0,1,0,0,0,12192.0,2,1,1,1,0,0,1,0,7.1,267.3,0,0,0,0,0,1
6000,124.989,0.0,0,0,1,0,35.427,2.827,1,1,1,0,33.141,-1.258,0,0.0,0,0,1,1,0,1,0,1,0,0,0,12192.0,2,1,1,1,0,0,1,0,7.0,268.3,0,0,0,0,0,1
6100,124.989,0.0,0,0,1,0,35.703,2.763,1,1,1,0,33.015,-1.258,0,0.0,0,0,1,1,0,1,0,1,0,0,0,12192.0,2,1,1,1,0,0,1,0,7.5,265.3,0,0,0,0,0,1
6200,124.989,0.0,0,0,1,0,35.973,2.698,1,1,1,0,32.889,-1.258,0,0.0,0,0,1,1,0,1,0,1,0,0,0,12192.0,2,1,1,1,0,0,1,0,8.4,276.9,0,0,0,0,0,1
6300,124.989,0.0,0,0,1,0,36.236,2.634,1,1,1,0,32.763,-1.258,0,0.0,0,0,1,1,0,1,0,1,0,0,0,12192.0,2,1,1,1,0,0,1,0,7.3,272.2,0,0,0,0,0,1
6400,124.989,0.0,0,0,1,0,36.493,2.569,1,1,1,0,32.637,-1.258,0,0.0,0,0,1,1,0,1,0,1,0,0,0,12192.0,2,1,1,1,0,0,1,0,7.4,268.0,0,0,0,0,0,1
6500,124.989,0.0,0,0,1,0,36.743,2.505,1,1,1,0,32.511,-1.258,0,0.0,0,0,1,1,0,1,0,1,0,0,0,12192.0,2,1,1,1,0,0,1,0,8.0,269.8,0,0,0,0,0,1
6600,124.989,0.0,0,0,1,0,36.987,2.44,1,1,1,0,32.386,-1.258,0,0.0,0,0,1,1,0,1,0,1,0,0,0,12192.0,2,1,1,1,0,0,1,0,8.4,271.4,0,0,0,0,0,1
6700,124.989,0.0,0,0,1,0,37.225,2.376,1,1,1,0,32.26,-1.258,0,0.0,0,0,1,1,0,1,0,1,0,0,0,12192.0,2,1,1,1,0,0,1,0,7.9,274.8,0,0,0,0,0,1
6800,124.989,0.0,0,0,1,0,37.456,2.311,1,1,1,0,32.134,-1.258,0,0.0,0,0,1,1,0,1,0,1,0,0,0,12192.0,2,1,1,1,0,0,1,0,7.6,263.1,0,0,0,0,0,1
6900,124.989,0.0,0,0,1,0,37.681,2.247,1,1,1,0,32.008,-1.258,0,0.0,0,0,1,1,0,1,0,1,0,0,0,12192.0,2,1,1,1,0,0,1,0,7.8,268.1,0,0,0,0,0,1
7000,124.989,0.0,0,0,1,0,37.899,2.182,1,1,1,0,31.882,-1.258,0,0.0,0,0,1,1,0,1,0,1,0,0,0,12192.0,2,1,1,1,0,0,1,0,8.2,270.8,0,0,0,0,0,1
7100,124.989,0.0,0,0,1,0,38.111,2.118,1,1,1,0,31.756,-1.258,0,0.0,0,0,1,1,0,1,0,1,0,0,0,12192.0,2,1,1,1,0,0,1,0,7.4,276.8,0,0,0,0,0,1
7200,124.989,0.0,0,0,1,0,38.316,2.053,1,1,1,0,31.631,-1.258,0,0.0,0,0,1,1,0,1,0,1,0,0,0,12192.0,2,1,1,1,0,0,1,0,7.4,267.7,0,0,0,0,0,1
7300,124.989,0.0,0,0,1,0,38.515,1.988,1,1,1,0,31.505,-1.258,0,0.0,0,0,1,1,0,1,0,1,0,0,0,12192.0,2,1,1,1,0,0,1,0,7.4,268.6,0,0,0,0,0,1
7400,124.989,0.0,0,0,1,0,38.707,1.924,1,1,1,0,31.379,-1.258,0,0.0,0,0,1,1,0,1,0,1,0,0,0,12192.0,2,1,1,1,0,0,1,0,6.7,275.6,0,0,0,0,0,1
7500,124.989,0.0,0,0,1,0,38.893,1.859,1,1,1,0,31.253,-1.258,0,0.0,0,0,1,1,0,1,0,1,0,0,0,12192.0,2,1,1,1,0,0,1,0,7.7,274.3,0,0,0,0,0,1
7600,124.989,0.0,0,0,1,0,39.073,1.794,1,1,1,0,31.127,-1.258,0,0.0,0,0,1,1,0,1,0,1,0,0,0,12192.0,2,1,1,1,0,0,1,0,7.8,265.8,0,0,0,0,0,1
7700,124.989,0.0,0,0,1,0,39.245,1.729,1,1,1,0,31.001,-1.258,0,0.0,0,0,1,1,0,1,0,1,0,0,0,12192.0,2,1,1,1,0,0,1,0,7.9,270.0,0,0,0,0,0,1
7800,124.989,0.0,0,0,1,0,39.412,1.664,1,1,1,0,30.876,-1.258,0,0.0,0,0,1,1,0,1,0,1,0,0,0,12192.0,2,1,1,1,0,0,1,0,6.8,263.8,0,0,0,0,0,1
7900,124.989,0.0,0,0,1,0,39.572,1.599,1,1,1,0,30.75,-1.258,0,0.0,0,0,1,1,0,1,0,1,0,0,0,12192.0,2,1,1,1,0,0,1,0,8.0,265.6,0,0,0,0,0,1
8000,124.989,0.0,0,0,1,0,39.725,1.534,1,1,1,0,30.624,-1.258,0,0.0,0,0,1,1,0,1,0,1,0,0,0,12192.0,2,1,1,1,0,0,1,0,7.3,264.2,0,0,0,0,0,1
8100,124.989,0.0,0,0,1,0,39.872,1.469,1,1,1,0,30.498,-1.258,0,0.0,0,0,1,1,0,1,0,1,0,0,0,12192.0,2,1,1,1,0,0,1,0,7.7,270.6,0,0,0,0,0,1
8200,124.989,0.0,0,0,1,0,40.013,1.404,1,1,1,0,30.372,-1.258,0,0.0,0,0,1,1,0,1,0,1,0,0,0,12192.0,2,1,1,1,0,0,1,0,7.7,270.2,0,0,0,0,0,1
8300,124.989,0.0,0,0,1,0,40.147,1.339,1,1,1,0,30.246,-1.258,0,0.0,0,0,1,1,0,1,0,1,0,0,0,12192.0,2,1,1,1,0,0,1,0,7.4,270.4,0,0,0,0,0,1
8400,124.989,0.0,0,0,1,0,40.274,1.274,1,1,1,0,30.121,-1.258,0,0.0,0,0,1,1,0,1,0,1,0,0,0,12192.0,2,1,1,1,0,0,1,0,8.3,269.5,0,0,0,0,0,1
8500,124.989,0.0,0,0,1,0,40.395,1.209,1,1,1,0,29.995,-1.258,0,0.0,0,0,1,1,0,1,0,1,0,0,0,12192.0,2,1,1,1,0,0,1,0,8.0,270.5,0,0,0,0,0,1
8600,124.989,0.0,0,0,1,0,40.509,1.143,1,1,1,0,29.869,-1.258,0,0.0,0,0,1,1,0,1,0,1,0,0,0,12192.0,2,1,1,1,0,0,1,0,8.6,270.4,0,0,0,0,0,1
8700,124.989,0.0,0,0,1,0,40.617,1.078,1,1,1,0,29.743,-1.258,0,0.0,0,0,1,1,0,1,0,1,0,0,0,12192.0,2,1,1,1,0,0,1,0,7.3,273.6,0,0,0,0,0,1
8800,124.989,0.0,0,0,1,0,40.718,1.012,1,1,1,0,29.617,-1.258,0,0.0,0,0,1,1,0,1,0,1,0,0,0,12192.0,2,1,1,1,0,0,1,0,7.4,272.3,0,0,0,0,0,1
8900,124.989,0.0,0,0,1,0,40.813,0.946,1,1,1,0,29.491,-1.258,0,0.0,0,0,1,1,0,1,0,1,0,0,0,12192.0,2,1,1,1,0,0,1,0,8.2,269.4,0,0,0,0,0,1
9000,124.989,0.0,0,0,1,0,40.901,0.88,1,1,1,0,29.366,-1.258,0,0.0,0,0,1,1,0,1,0,1,0,0,0,12192.0,2,1,1,1,0,0,1,0,8.4,272.8,0,0,0,0,0,1
9100,124.989,0.0,0,0,1,0,40.982,0.814,1,1,1,0,29.24,-1.258,0,0.0,0,0,1,1,0,1,0,1,0,0,0,12192.0,2,1,1,1,0,0,1,0,7.6,266.9,0,0,0,0,0,1
9200,124.989,0.0,0,0,1,0,41.057,0.748,1,1,1,0,29.114,-1.258,0,0.0,0,0,1,1,0,1,0,1,0,0,0,12192.0,2,1,1,1,0,0,1,0,7.7,271.8,0,0,0,0,0,1
9300,124.989,0.0,0,0,1,0,41.125,0.681,1,1,1,0,28.988,-1.258,0,0.0,0,0,1,1,0,1,0,1,0,0,0,12192.0,2,1,1,1,0,0,1,0,8.0,271.2,0,0,0,0,0,1
9400,124.989,0.0,0,0,1,0,41.187,0.614,1,1,1,0,28.862,-1.258,0,0.0,0,0,1,1,0,1,0,1,0,0,0,12192.0,2,1,1,1,0,0,1,0,7.8,269.2,0,0,0,0,0,1
9500,124.989,0.0,0,0,1,0,41.241,0.547,1,1,1,0,28.736,-1.258,0,0.0,0,0,1,1,0,1,0,1,0,0,0,12192.0,2,1,1,1,0,0,1,0,9.1,271.8,0,0,0,0,0,1
9600,124.989,0.0,0,0,1,0,41.289,0.479,1,1,1,0,28.611,-1.258,0,0.0,0,0,1,1,0,1,0,1,0,0,0,12192.0,2,1,1,1,0,0,1,0,8.1,270.4,0,0,0,0,0,1
9700,124.989,0.0,0,0,1,0,41.33,0.411,1,1,1,0,28.485,-1.258,0,0.0,0,0,1,1,0,1,0,1,0,0,0,12192.0,2,1,1,1,0,0,1,0,9.2,274.8,0,0,0,0,0,1
9800,124.989,0.0,0,0,1,0,41.364,0.341,1,1,1,0,28.359,-1.258,0,0.0,0,0,1,1,0,1,0,1,0,0,0,12192.0,2,1,1,1,0,0,1,0,7.9,270.8,0,0,0,0,0,1
9900,124.989,0.0,0,0,1,0,41.391,0.27,1,1,1,0,28.233,-1.258,0,0.0,0,0,1,1,0,1,0,1,0,0,0,12192.0,2,1,1,1,0,0,1,0,8.0,268.9,0,0,0,0,0,1
10000,124.989,0.0,0,0,1,0,41.411,0.196,1,1,1,0,28.107,-1.258,0,0.0,0,0,1,1,0,1,0,1,0,0,0,12192.0,2,1,1,1,0,0,1,0,8.4,268.7,0,0,0,0,0,1
10100,124.989,0.0,0,0,1,0,41.423,0.116,1,1,1,0,27.981,-1.258,0,0.0,0,0,1,1,0,1,0,1,0,0,0,12192.0,2,1,1,1,0,0,1,0,8.1,273.8,0,0,0,0,0,1
10200,124.989,0.0,0,0,1,0,41.428,0.0,0,0,1,0,27.856,-1.258,0,0.0,0,0,1,1,0,1,0,1,0,0,0,12192.0,2,1,1,1,0,0,1,0,8.6,272.3,0,0,0,0,0,1
10300,124.989,0.0,0,0,1,0,41.428,0.0,0,0,1,0,27.73,-1.258,0,0.0,0,0,1,1,0,1,0,1,0,0,0,12192.0,2,1,1,1,0,0,1,0,8.7,270.4,0,0,0,0,0,1
10400,124.989,0.0,0,0,1,0,41.428,0.0,0,0,1,0,27.604,-1.258,0,0.0,0,0,1,1,0,1,0,1,0,0,0,12192.0,2,1,1,1,0,0,1,0,8.1,272.7,0,0,0,0,0,1
10500,124.989,0.0,0,0,1,0,41.428,0.0,0,0,1,0,27.478,-1.258,0,0.0,0,0,1,1,0,1,0,1,0,0,0,12192.0,2,1,1,1,0,0,1,0,8.7,268.9,0,0,0,0,0,1
10600,124.989,0.0,0,0,1,0,41.428,0.0,0,0,1,0,27.352,-1.258,0,0.0,0,0,1,1,0,1,0,1,0,0,0,12192.0,2,1,1,1,0,0,1,0,9.1,270.9,0,0,0,0,0,1
10700,124.989,0.0,0,0,1,0,41.428,0.0,0,0,1,0,27.226,-1.258,0,0.0,0,0,1,1,0,1,0,1,0,0,0,12192.0,2,1,1,1,0,0,1,0,7.5,269.6,0,0,0,0,0,1
10800,124.989,0.0,0,0,1,0,41.428,0.0,0,0,1,0,27.101,-1.258,0,0.0,0,0,1,1,0,1,0,1,0,0,0,12192.0,2,1,1,1,0,0,1,0,8.3,272.5,0,0,0,0,0,1
10900,124.989,0.0,0,0,1,0,41.428,0.0,0,0,1,0,26.975,-1.258,0,0.0,0,0,1,1,0,1,0,1,0,0,0,12192.0,2,1,1,1,0,0,1,0,8.1,272.9,0,0,0,0,0,1
11000,124.989,0.0,0,0,1,0,41.428,0.0,0,0,1,0,26.849,-1.258,0,0.0,0,0,1,1,0,1,0,1,0,0,0,12192.0,2,1,1,1,0,0,1,0,8.3,269.8,0,0,0,0,0,1
11100,124.989,0.0,0,0,1,0,41.428,0.0,0,0,1,0,26.723,-1.258,0,0.0,0,0,1,1,0,1,0,1,0,0,0,12192.0,2,1,1,1,0,0,1,0,9.1,270.8,0,0,0,0,0,1
11200,124.989,0.0,0,0,1,0,41.428,0.0,0,0,1,0,26.597,-1.258,0,0.0,0,0,1,1,0,1,0,1,0,0,0,12192.0,2,1,1,1,0,0,1,0,8.1,269.7,0,0,0,0,0,1
11300,124.989,0.0,0,0,1,0,41.428,0.0,0,0,1,0,26.471,-1.258,0,0.0,0,0,1,1,0,1,0,1,0,0,0,12192.0,2,1,1,1,0,0,1,0,8.9,268.0,0,0,0,0,0,1
11400,124.989,0.0,0,0,1,0,41.428,0.0,0,0,1,0,26.346,-1.258,0,0.0,0,0,1,1,0,1,0,1,0,0,0,12192.0,2,1,1,1,0,0,1,0,8.7,272.2,0,0,0,0,0,1
11500,124.989,0.0,0,0,1,0,41.428,0.0,0,0,1,0,26.22,-1.258,0,0.0,0,0,1,1,0,1,0,1,0,0,0,12192.0,2,1,1,1,0,0,1,0,8.4,270.9,0,0,0,0,0,1
11600,124.989,0.0,0,0,1,0,41.428,0.0,0,0,1,0,26.094,-1.258,0,0.0,0,0,1,1,0,1,0,1,0,0,0,12192.0,2,1,1,1,0,0,1,0,8.8,270.3,0,0,0,0,0,1
11700,124.989,0.0,0,0,1,0,41.428,0.0,0,0,1,0,25.968,-1.258,0,0.0,0,0,1,1,0,1,0,1,0,0,0,12192.0,2,1,1,1,0,0,1,0,8.8,269.6,0,0,0,0,0,1
11800,124.989,0.0,0,0,1,0,41.428,0.0,0,0,1,0,25.842,-1.258,0,0.0,0,0,1,1,0,1,0,1,0,0,0,12192.0,2,1,1,1,0,0,1,0,9.0,273.9,0,0,0,0,0,1
11900,124.989,0.0,0,0,1,0,41.428,0.0,0,0,1,0,25.716,-1.258,0,0.0,0,0,1,1,0,1,0,1,0,0,0,12192.0,2,1,1,1,0,0,1,0,8.7,268.0,0,0,0,0,0,1
12000,124.989,0.0,0,0,1,0,41.428,0.0,0,0,1,0,25.591,-1.258,0,0.0,0,0,1,1,0,1,0,1,0,0,0,12192.0,2,1,1,1,0,0,1,0,7.9,266.1,0,0,0,0,0,1
12100,124.989,0.0,0,0,1,0,41.428,0.0,0,0,1,0,25.465,-1.258,0,0.0,0,0,1,1,0,1,0,1,0,0,0,12192.0,2,1,1,1,0,0,1,0,8.5,271.8,0,0,0,0,0,1
12200,124.989,0.0,0,0,1,0,41.428,0.0,0,0,1,0,25.339,-1.258,0,0.0,0,0,1,1,0,1,0,1,0,0,0,12192.0,2,1,1,1,0,0,1,0,8.8,271.3,0,0,0,0,0,1
12300,124.989,0.0,0,0,1,0,41.428,0.0,0,0,1,0,25.213,-1.258,0,0.0,0,0,1,1,0,1,0,1,0,0,0,12192.0,2,1,1,1,0,0,1,0,8.8,270.1,0,0,0,0,0,1
12400,124.989,0.0,0,0,1,0,41.428,0.0,0,0,1,0,25.087,-1.258,0,0.0,0,0,1,1,0,1,0,1,0,0,0,12192.0,2,1,1,1,0,0,1,0,7.9,271.0,0,0,0,0,0,1
12500,124.989,0.0,0,0,1,0,41.428,0.0,0,0,1,0,24.961,-1.258,0,0.0,0,0,1,1,0,1,0,1,0,0,0,12192.0,2,1,1,1,0,0,1,0,8.8,268.3,0,0,0,0,0,1
12600,124.989,0.0,0,0,1,0,41.428,0.0,0,0,1,0,24.836,-1.258,0,0.0,0,0,1,1,0,1,0,1,0,0,0,12192.0,2,1,1,1,0,0,1,0,9.0,268.0,0,0,0,0,0,1
12700,124.989,0.0,0,0,1,0,41.428,0.0,0,0,1,0,24.71,-1.258,0,0.0,0,0,1,1,0,1,0,1,0,0,0,12192.0,2,1,1,1,0,0,1,0,8.2,270.8,0,0,0,0,0,1
12800,124.989,0.0,0,0,1,0,41.428,0.0,0,0,1,0,24.584,-1.258,0,0.0,0,0,1,1,0,1,0,1,0,0,0,12192.0,2,1,1,1,0,0,1,0,9.3,270.4,0,0,0,0,0,1
12900,124.989,0.0,0,0,1,0,41.428,0.0,0,0,1,0,24.458,-1.258,0,0.0,0,0,1,1,0,1,0,1,0,0,0,12192.0,2,1,1,1,0,0,1,0,7.9,270.0,0,0,0,0,0,1
13000,124.989,0.0,0,0,1,0,41.428,0.0,0,0,1,0,24.332,-1.258,0,0.0,0,0,1,1,0,1,0,1,0,0,0,12192.0,2,1,1,1,0,0,1,0,7.8,271.5,0,0,0,0,0,1
13100,124.989,0.0,0,0,1,0,41.428,0.0,0,0,1,0,24.207,-1.258,0,0.0,0,0,1,1,0,1,0,1,0,0,0,12192.0,2,1,1,1,0,0,1,0,7.3,271.5,0,0,0,0,0,1
13200,124.989,0.0,0,0,1,0,41.428,0.0,0,0,1,0,24.081,-1.258,0,0.0,0,0,1,1,0,1,0,1,0,0,0,12192.0,2,1,1,1,0,0,1,0,7.5,273.9,0,0,0,0,0,1
13300,124.989,0.0,0,0,1,0,41.428,0.0,0,0,1,0,23.955,-1.258,0,0.0,0,0,1,1,0,1,0,1,0,0,0,12192.0,2,1,1,1,0,0,1,0,8.0,270.0,0,0,0,0,0,1
13400,124.989,0.0,0,0,1,0,41.428,0.0,0,0,1,0,23.829,-1.258,0,0.0,0,0,1,1,0,1,0,1,0,0,0,12192.0,2,1,1,1,0,0,1,0,8.6,267.9,0,0,0,0,0,1
13500,124.989,0.0,0,0,1,0,41.428,0.0,0,0,1,0,23.703,-1.258,0,0.0,0,0,1,1,0,1,0,1,0,0,0,12192.0,2,1,1,1,0,0,1,0,7.9,273.7,0,0,0,0,0,1
13600,124.989,0.0,0,0,1,0,41.428,0.0,0,0,1,0,23.577,-1.258,0,0.0,0,0,1,1,0,1,0,1,0,0,0,12192.0,2,1,1,1,0,0,1,0,8.3,266.6,0,0,0,0,0,1
13700,124.989,0.0,0,0,1,0,41.428,0.0,0,0,1,0,23.452,-1.258,0,0.0,0,0,1,1,0,1,0,1,0,0,0,12192.0,2,1,1,1,0,0,1,0,8.1,266.8,0,0,0,0,0,1
13800,124.989,0.0,0,0,1,0,41.428,0.0,0,0,1,0,23.326,-1.258,0,0.0,0,0,1,1,0,1,0,1,0,0,0,12192.0,2,1,1,1,0,0,1,0,7.6,271.2,0,0,0,0,0,1
13900,124.989,0.0,0,0,1,0,41.428,0.0,0,0,1,0,23.2,-1.258,0,0.0,0,0,1,1,0,1,0,1,0,0,0,12192.0,2,1,1,1,0,0,1,0,7.4,267.4,0,0,0,0,0,1
14000,124.989,0.0,0,0,1,0,41.428,0.0,0,0,1,0,23.074,-1.258,0,0.0,0,0,1,1,0,1,0,1,0,0,0,12192.0,2,1,1,1,0,0,1,0,8.1,274.4,0,0,0,0,0,1
14100,124.989,0.0,0,0,1,0,41.428,0.0,0,0,1,0,22.948,-1.258,0,0.0,0,0,1,1,0,1,0,1,0,0,0,12192.0,2,1,1,1,0,0,1,0,7.5,273.1,0,0,0,0,0,1
14200,124.989,0.0,0,0,1,0,41.428,0.0,0,0,1,0,22.822,-1.258,0,0.0,0,0,1,1,0,1,0,1,0,0,0,12192.0,2,1,1,1,0,0,1,0,6.9,273.2,0,0,0,0,0,1
14300,124.989,0.0,0,0,1,0,41.428,0.0,0,0,1,0,22.697,-1.258,0,0.0,0,0,1,1,0,1,0,1,0,0,0,12192.0,2,1,1,1,0,0,1,0,7.6,274.8,0,0,0,0,0,1
14400,124.989,0.0,0,0,1,0,41.428,0.0,0,0,1,0,22.571,-1.258,0,0.0,0,0,1,1,0,1,0,1,0,0,0,12192.0,2,1,1,1,0,0,1,0,7.9,267.6,0,0,0,0,0,1
14500,124.989,0.0,0,0,1,0,41.428,0.0,0,0,1,0,22.445,-1.258,0,0.0,0,0,1,1,0,1,0,1,0,0,0,12192.0,2,1,1,1,0,0,1,0,7.2,269.1,0,0,0,0,0,1
14600,124.989,0.0,0,0,1,0,41.428,0.0,0,0,1,0,22.319,-1.258,0,0.0,0,0,1,1,0,1,0,1,0,0,0,12192.0,2,1,1,1,0,0,1,0,6.7,267.3,0,0,0,0,0,1
14700,124.989,0.0,0,0,1,0,41.428,0.0,0,0,1,0,22.193,-1.258,0,0.0,0,0,1,1,0,1,0,1,0,0,0,12192.0,2,1,1,1,0,0,1,0,7.1,272.0,0,0,0,0,0,1
14800,124.989,0.0,0,0,1,0,41.428,0.0,0,0,1,0,22.067,-1.258,0,0.0,0,0,1,1,0,1,0,1,0,0,0,12192.0,2,1,1,1,0,0,1,0,6.8,269.5,0,0,0,0,0,1
14900,124.989,0.0,0,0,1,0,41.428,0.0,0,0,1,0,21.942,-1.258,0,0.0,0,0,1,1,0,1,0,1,0,0,0,12192.0,2,1,1,1,0,0,1,0,6.7,273.4,0,0,0,0,0,1
15000,124.989,0.0,0,0,1,0,41.428,0.0,0,0,1,0,21.816,-1.258,0,0.0,0,0,1,1,0,1,0,1,0,0,0,12192.0,2,1,1,1,0,0,1,0,8.0,268.7,0,0,0,0,0,1
15100,124.989,0.0,0,0,1,0,41.428,0.0,0,0,1,0,21.69,-1.258,0,0.0,0,0,1,1,0,1,0,1,0,0,0,12192.0,2,1,1,1,0,0,1,0,6.7,272.7,0,0,0,0,0,1
15200,124.989,0.0,0,0,1,0,41.428,0.0,0,0,1,0,21.564,-1.258,0,0.0,0,0,1,1,0,1,0,1,0,0,0,12192.0,2,1,1,1,0,0,1,0,7.1,268.6,0,0,0,0,0,1
15300,124.989,0.0,0,0,1,0,41.428,0.0,0,0,1,0,21.438,-1.258,0,0.0,0,0,1,1,0,1,0,1,0,0,0,12192.0,2,1,1,1,0,0,1,0,7.5,267.3,0,0,0,0,0,1
15400,124.989,0.0,0,0,1,0,41.428,0.0,0,0,1,0,21.312,-1.258,0,0.0,0,0,1,1,0,1,0,1,0,0,0,12192.0,2,1,1,1,0,0,1,0,7.9,269.0,0,0,0,0,0,1
15500,124.989,0.0,0,0,1,0,41.428,0.0,0,0,1,0,21.187,-1.258,0,0.0,0,0,1,1,0,1,0,1,0,0,0,12192.0,2,1,1,1,0,0,1,0,7.3,273.2,0,0,0,0,0,1
15600,124.989,0.0,0,0,1,0,41.428,0.0,0,0,1,0,21.061,-1.258,0,0.0,0,0,1,1,0,1,0,1,0,0,0,12192.0,2,1,1,1,0,0,1,0,7.2,271.5,0,0,0,0,0,1
15700,124.989,0.0,0,0,1,0,41.428,0.0,0,0,1,0,20.935,-1.258,0,0.0,0,0,1,1,0,1,0,1,0,0,0,12192.0,2,1,1,1,0,0,1,0,7.0,270.6,0,0,0,0,0,1
15800,124.989,0.0,0,0,1,0,41.428,0.0,0,0,1,0,20.809,-1.258,0,0.0,0,0,1,1,0,1,0,1,0,0,0,12192.0,2,1,1,1,0,0,1,0,8.2,272.1,0,0,0,0,0,1
15900,124.989,0.0,0,0,1,0,41.428,0.0,0,0,1,0,20.683,-1.258,0,0.0,0,0,1,1,0,1,0,1,0,0,0,12192.0,2,1,1,1,0,0,1,0,6.5,269.9,0,0,0,0,0,1
16000,124.989,0.0,0,0,1,0,41.428,0.0,0,0,1,0,20.557,-1.258,0,0.0,0,0,1,1,0,1,0,1,0,0,0,12192.0,2,1,1,1,0,0,1,0,6.7,269.6,0,0,0,0,0,1
16100,124.989,0.0,0,0,1,0,41.428,0.0,0,0,1,0,20.432,-1.258,0,0.0,0,0,1,1,0,1,0,1,0,0,0,12192.0,2,1,1,1,0,0,1,0,6.7,271.3,0,0,0,0,0,1
16200,124.989,0.0,0,0,1,0,41.428,0.0,0,0,1,0,20.306,-1.258,0,0.0,0,0,1,1,0,1,0,1,0,0,0,12192.0,2,1,1,1,0,0,1,0,6.6,268.0,0,0,0,0,0,1
16300,124.989,0.0,0,0,1,0,41.428,0.0,0,0,1,0,20.18,-1.258,0,0.0,0,0,1,1,0,1,0,1,0,0,0,12192.0,2,1,1,1,0,0,1,0,7.8,271.6,0,0,0,0,0,1
16400,124.989,0.0,0,0,1,0,41.428,0.0,0,0,1,0,20.059,-1.211,0,0.0,0,0,1,1,0,1,0,1,0,0,0,12192.0,2,1,1,1,0,0,1,0,6.8,266.1,0,0,0,0,0,1
16500,124.989,0.0,0,0,1,0,41.428,0.0,0,0,1,0,19.942,-1.164,0,0.0,0,0,1,1,0,1,0,1,0,0,0,12192.0,2,1,1,1,0,0,1,0,8.0,265.8,0,0,0,0,0,1
16600,124.989,0.0,0,0,1,0,41.428,0.0,0,0,1,0,19.831,-1.117,0,0.0,0,0,1,1,0,1,0,1,0,0,0,12192.0,2,1,1,1,0,0,1,0,7.8,268.3,0,0,0,0,0,1
16700,124.989,0.0,0,0,1,0,41.428,0.0,0,0,1,0,19.724,-1.07,0,0.0,0,0,1,1,0,1,0,1,0,0,0,12192.0,2,1,1,1,0,0,1,0,7.7,272.6,0,0,0,0,0,1
16800,124.989,0.0,0,0,1,0,41.428,0.0,0,0,1,0,19.622,-1.022,0,0.0,0,0,1,1,0,1,0,1,0,0,0,12192.0,2,1,1,1,0,0,1,0,8.3,269.5,0,0,0,0,0,1
16900,124.989,0.0,0,0,1,0,41.428,0.0,0,0,1,0,19.524,-0.975,0,0.0,0,0,1,1,0,1,0,1,0,0,0,12192.0,2,1,1,1,0,0,1,0,7.9,265.0,0,0,0,0,0,1
17000,124.989,0.0,0,0,1,0,41.428,0.0,0,0,1,0,19.431,-0.928,0,0.0,0,0,1,1,0,1,0,1,0,0,0,12192.0,2,1,1,1,0,0,1,0,7.6,269.1,0,0,0,0,0,1
17100,124.989,0.0,0,0,1,0,41.428,0.0,0,0,1,0,19.343,-0.881,0,0.0,0,0,1,1,0,1,0,1,0,0,0,12192.0,2,1,1,1,0,0,1,0,7.7,271.2,0,0,0,0,0,1
17200,124.989,0.0,0,0,1,0,41.428,0.0,0,0,1,0,19.26,-0.834,0,0.0,0,0,1,1,0,1,0,1,0,0,0,12192.0,2,1,1,1,0,0,1,0,7.9,266.1,0,0,0,0,0,1
17300,124.989,0.0,0,0,1,0,41.428,0.0,0,0,1,0,19.181,-0.787,0,0.0,0,0,1,1,0,1,0,1,0,0,0,12192.0,2,1,1,1,0,0,1,0,7.5,267.4,0,0,0,0,0,1
17400,124.989,0.0,0,0,1,0,41.428,0.0,0,0,1,0,19.107,-0.74,0,0.0,0,0,1,1,0,1,0,1,0,0,0,12192.0,2,1,1,1,0,0,1,0,8.2,268.2,0,0,0,0,0,1
17500,124.989,0.0,0,0,1,0,41.428,0.0,0,0,1,0,19.038,-0.692,0,0.0,0,0,1,1,0,1,0,1,0,0,0,12192.0,2,1,1,1,0,0,1,0,7.7,269.1,0,0,0,0,0,1
17600,124.989,0.0,0,0,1,0,41.428,0.0,0,0,1,0,18.973,-0.645,0,0.0,0,0,1,1,0,1,0,1,0,0,0,12192.0,2,1,1,1,0,0,1,0,7.9,266.9,0,0,0,0,0,1
17700,124.989,0.0,0,0,1,0,41.428,0.0,0,0,1,0,18.913,-0.598,0,0.0,0,0,1,1,0,1,0,1,0,0,0,12192.0,2,1,1,1,0,0,1,0,7.8,268.6,0,0,0,0,0,1
17800,124.989,0.0,0,0,1,0,41.428,0.0,0,0,1,0,18.858,-0.551,0,0.0,0,0,1,1,0,1,0,1,0,0,0,12192.0,2,1,1,1,0,0,1,0,7.3,268.8,0,0,0,0,0,1
17900,124.989,0.0,0,0,1,0,41.428,0.0,0,0,1,0,18.808,-0.504,0,0.0,0,0,1,1,0,1,0,1,0,0,0,12192.0,2,1,1,1,0,0,1,0,9.1,270.9,0,0,0,0,0,1
18000,124.989,0.0,0,0,1,0,41.428,0.0,0,0,1,0,18.762,-0.457,0,0.0,0,0,1,1,0,1,0,1,0,0,0,12192.0,2,1,1,1,0,0,1,0,8.3,271.9,0,0,0,0,0,1
18100,124.989,0.0,0,0,1,0,41.428,0.0,0,0,1,0,18.721,-0.409,0,0.0,0,0,1,1,0,1,0,1,0,0,0,12192.0,2,1,1,1,0,0,1,0,8.1,265.2,0,0,0,0,0,1
18200,124.989,0.0,0,0,1,0,41.428,0.0,0,0,1,0,18.685,-0.362,0,0.0,0,0,1,1,0,1,0,1,0,0,0,12192.0,2,1,1,1,0,0,1,0,8.3,266.4,0,0,0,0,0,1
18300,124.989,0.0,0,0,1,0,41.428,0.0,0,0,1,0,18.654,-0.315,0,0.0,0,0,1,1,0,1,0,1,0,0,0,12192.0,2,1,1,1,0,0,1,0,7.9,272.6,0,0,0,0,0,1
18400,124.989,0.0,0,0,1,0,41.428,0.0,0,0,1,0,18.627,-0.268,0,0.0,0,0,1,1,0,1,0,1,0,0,0,12192.0,2,1,1,1,0,0,1,0,8.1,270.7,0,0,0,0,0,1
18500,124.989,0.0,0,0,1,0,41.428,0.0,0,0,1,0,18.605,-0.218,0,0.0,0,0,1,1,0,1,0,1,0,0,0,12192.0,2,1,1,1,0,0,1,0,8.7,272.3,0,0,0,0,0,1
18600,124.989,0.0,0,0,1,0,41.428,0.0,0,0,1,0,18.589,-0.164,0,0.0,0,0,1,1,0,1,0,1,0,0,0,12192.0,2,1,1,1,0,0,1,0,8.8,272.7,0,0,0,0,0,1
18700,124.989,0.0,0,0,1,0,41.428,0.0,0,0,1,0,18.578,-0.107,0,0.0,0,0,1,1,0,1,0,1,0,0,0,12192.0,2,1,1,1,0,0,1,0,8.6,274.0,0,0,0,0,0,1
18800,124.989,0.0,0,0,0,0,41.428,0.0,0,0,0,0,18.573,0.0,0,0.0,0,0,0,0,0,1,0,1,0,0,0,12192.0,2,1,1,0,1,0,1,0,8.2,268.3,0,0,0,0,0,1
18900,124.989,0.0,0,0,1,0,41.428,0.0,0,0,1,0,18.569,-0.047,0,0.0,0,0,1,1,0,1,0,1,0,0,0,12192.0,2,1,1,1,0,0,1,0,8.6,274.4,0,0,0,0,0,1
19000,124.989,0.0,0,0,1,0,41.428,0.0,0,0,1,0,18.559,-0.094,0,0.0,0,0,1,1,0,1,0,1,0,0,0,12192.0,2,1,1,1,0,0,1,0,8.4,268.0,0,0,0,0,0,1
19100,124.989,0.0,0,0,1,0,41.428,0.0,0,0,1,0,18.545,-0.141,0,0.0,0,0,1,1,0,1,0,1,0,0,0,12192.0,2,1,1,1,0,0,1,0,7.8,265.6,0,0,0,0,0,1
19200,124.989,0.0,0,0,1,0,41.428,0.0,0,0,1,0,18.526,-0.189,0,0.0,0,0,1,1,0,1,0,1,0,0,0,12192.0,2,1,1,1,0,0,1,0,8.8,268.6,0,0,0,0,0,1
19300,124.989,0.0,0,0,1,0,41.428,0.0,0,0,1,0,18.503,-0.236,0,0.0,0,0,1,1,0,1,0,1,0,0,0,12192.0,2,1,1,1,0,0,1,0,7.7,271.6,0,0,0,0,0,1
19400,124.989,0.0,0,0,1,0,41.428,0.0,0,0,1,0,18.474,-0.283,0,0.0,0,0,1,1,0,1,0,1,0,0,0,12192.0,2,1,1,1,0,0,1,0,8.7,274.6,0,0,0,0,0,1
19500,124.989,0.0,0,0,1,0,41.428,0.0,0,0,1,0,18.441,-0.33,0,0.0,0,0,1,1,0,1,0,1,0,0,0,12192.0,2,1,1,1,0,0,1,0,8.5,267.1,0,0,0,0,0,1
19600,124.989,0.0,0,0,1,0,41.428,0.0,0,0,1,0,18.404,-0.377,0,0.0,0,0,1,1,0,1,0,1,0,0,0,12192.0,2,1,1,1,0,0,1,0,8.9,270.0,0,0,0,0,0,1
19700,124.989,0.0,0,0,1,0,41.428,0.0,0,0,1,0,18.361,-0.424,0,0.0,0,0,1,1,0,1,0,1,0,0,0,12192.0,2,1,1,1,0,0,1,0,8.2,269.2,0,0,0,0,0,1
19800,124.989,0.0,0,0,1,0,41.428,0.0,0,0,1,0,18.314,-0.472,0,0.0,0,0,1,1,0,1,0,1,0,0,0,12192.0,2,1,1,1,0,0,1,0,8.5,265.7,0,0,0,0,0,1
19900,124.989,0.0,0,0,1,0,41.428,0.0,0,0,1,0,18.262,-0.519,0,0.0,0,0,1,1,0,1,0,1,0,0,0,12192.0,2,1,1,1,0,0,1,0,8.4,266.9,0,0,0,0,0,1
20000,124.989,0.0,0,0,1,0,41.428,0.0,0,0,1,0,18.205,-0.566,0,0.0,0,0,1,1,0,1,0,1,0,0,0,12192.0,2,1,1,1,0,0,1,0,8.8,270.3,0,0,0,0,0,1
20100,124.989,0.0,0,0,1,0,41.428,0.0,0,0,1,0,18.144,-0.613,0,0.0,0,0,1,1,0,1,0,1,0,0,0,12192.0,2,1,1,1,0,0,1,0,8.0,272.8,0,0,0,0,0,1
20200,124.989,0.0,0,0,1,0,41.428,0.0,0,0,1,0,18.078,-0.66,0,0.0,0,0,1,1,0,1,0,1,0,0,0,12192.0,2,1,1,1,0,0,1,0,9.0,274.7,0,0,0,0,0,1
20300,124.989,0.0,0,0,1,0,41.428,0.0,0,0,1,0,18.007,-0.707,0,0.0,0,0,1,1,0,1,0,1,0,0,0,12192.0,2,1,1,1,0,0,1,0,8.1,268.5,0,0,0,0,0,1
20400,124.989,0.0,0,0,1,0,41.428,0.0,0,0,1,0,17.932,-0.755,0,0.0,0,0,1,1,0,1,0,1,0,0,0,12192.0,2,1,1,1,0,0,1,0,8.7,267.6,0,0,0,0,0,1
20500,124.989,0.0,0,0,1,0,41.428,0.0,0,0,1,0,17.852,-0.802,0,0.0,0,0,1,1,0,1,0,1,0,0,0,12192.0,2,1,1,1,0,0,1,0,8.8,270.6,0,0,0,0,0,1
20600,124.989,0.0,0,0,1,0,41.428,0.0,0,0,1,0,17.767,-0.849,0,0.0,0,0,1,1,0,1,0,1,0,0,0,12192.0,2,1,1,1,0,0,1,0,8.7,266.5,0,0,0,0,0,1
20700,124.989,0.0,0,0,1,0,41.428,0.0,0,0,1,0,17.677,-0.896,0,0.0,0,0,1,1,0,1,0,1,0,0,0,12192.0,2,1,1,1,0,0,1,0,8.4,271.0,0,0,0,0,0,1
20800,124.989,0.0,0,0,1,0,41.428,0.0,0,0,1,0,17.583,-0.943,0,0.0,0,0,1,1,0,1,0,1,0,0,0,12192.0,2,1,1,1,0,0,1,0,9.1,270.1,0,0,0,0,0,1
20900,124.989,0.0,0,0,1,0,41.428,0.0,0,0,1,0,17.484,-0.99,0,0.0,0,0,1,1,0,1,0,1,0,0,0,12192.0,2,1,1,1,0,0,1,0,8.4,268.9,0,0,0,0,0,1
21000,124.989,0.0,0,0,1,0,41.428,0.0,0,0,1,0,17.38,-1.038,0,0.0,0,0,1,1,0,1,0,1,0,0,0,12192.0,2,1,1,1,0,0,1,0,8.3,270.5,0,0,0,0,0,1
21100,124.989,0.0,0,0,1,0,41.428,0.0,0,0,1,0,17.272,-1.085,0,0.0,0,0,1,1,0,1,0,1,0,0,0,12192.0,2,1,1,1,0,0,1,0,9.0,265.8,0,0,0,0,0,1
21200,124.989,0.0,0,0,1,0,41.428,0.0,0,0,1,0,17.158,-1.132,0,0.0,0,0,1,1,0,1,0,1,0,0,0,12192.0,2,1,1,1,0,0,1,0,8.4,268.3,0,0,0,0,0,1
21300,124.989,0.0,0,0,1,0,41.428,0.0,0,0,1,0,17.041,-1.179,0,0.0,0,0,1,1,0,1,0,1,0,0,0,12192.0,2,1,1,1,0,0,1,0,8.9,271.2,0,0,0,0,0,1
21400,124.989,0.0,0,0,1,0,41.428,0.0,0,0,1,0,16.918,-1.226,0,0.0,0,0,1,1,0,1,0,1,0,0,0,12192.0,2,1,1,1,0,0,1,0,8.4,271.4,0,0,0,0,0,1
21500,124.989,0.0,0,0,1,0,41.428,0.0,0,0,1,0,16.792,-1.258,0,0.0,0,0,1,1,0,1,0,1,0,0,0,12192.0,2,1,1,1,0,0,1,0,8.6,272.3,0,0,0,0,0,1
21600,124.989,0.0,0,0,1,0,41.428,0.0,0,0,1,0,16.666,-1.258,0,0.0,0,0,1,1,0,1,0,1,0,0,0,12192.0,2,1,1,1,0,0,1,0,8.3,275.5,0,0,0,0,0,1
21700,124.989,0.0,0,0,1,0,41.428,0.0,0,0,1,0,16.54,-1.258,0,0.0,0,0,1,1,0,1,0,1,0,0,0,12192.0,2,1,1,1,0,0,1,0,8.7,268.8,0,0,0,0,0,1
21800,124.989,0.0,0,0,1,0,41.428,0.0,0,0,1,0,16.415,-1.258,0,0.0,0,0,1,1,0,1,0,1,0,0,0,12192.0,2,1,1,1,0,0,1,0,8.7,266.6,0,0,0,0,0,1
21900,124.989,0.0,0,0,1,0,41.428,0.0,0,0,1,0,16.289,-1.258,0,0.0,0,0,1,1,0,1,0,1,0,0,0,12192.0,2,1,1,1,0,0,1,0,8.1,275.0,0,0,0,0,0,1
22000,124.989,0.0,0,0,1,0,41.428,0.0,0,0,1,0,16.163,-1.258,0,0.0,0,0,1,1,0,1,0,1,0,0,0,12192.0,2,1,1,1,0,0,1,0,9.0,270.3,0,0,0,0,0,1
22100,124.989,0.0,0,0,1,0,41.428,0.0,0,0,1,0,16.037,-1.258,0,0.0,0,0,1,1,0,1,0,1,0,0,0,12192.0,2,1,1,1,0,0,1,0,7.8,269.0,0,0,0,0,0,1
22200,124.989,0.0,0,0,1,0,41.428,0.0,0,0,1,0,15.911,-1.258,0,0.0,0,0,1,1,0,1,0,1,0,0,0,12192.0,2,1,1,1,0,0,1,0,8.3,272.5,0,0,0,0,0,1
22300,124.989,0.0,0,0,1,0,41.428,0.0,0,0,1,0,15.785,-1.258,0,0.0,0,0,1,1,0,1,0,1,0,0,0,12192.0,2,1,1,1,0,0,1,0,8.0,266.0,0,0,0,0,0,1
22400,124.989,0.0,0,0,1,0,41.428,0.0,0,0,1,0,15.66,-1.258,0,0.0,0,0,1,1,0,1,0,1,0,0,0,12192.0,2,1,1,1,0,0,1,0,6.9,273.1,0,0,0,0,0,1
22500,124.989,0.0,0,0,1,0,41.428,0.0,0,0,1,0,15.539,-1.211,0,0.0,0,0,1,1,0,1,0,1,0,0,0,12192.0,2,1,1,1,0,0,1,0,8.4,268.2,0,0,0,0,0,1
22600,124.989,0.0,0,0,1,0,41.428,0.0,0,0,1,0,15.422,-1.164,0,0.0,0,0,1,1,0,1,0,1,0,0,0,12192.0,2,1,1,1,0,0,1,0,8.0,267.1,0,0,0,0,0,1
22700,124.989,0.0,0,0,1,0,41.428,0.0,0,0,1,0,15.31,-1.117,0,0.0,0,0,1,1,0,1,0,1,0,0,0,12192.0,2,1,1,1,0,0,1,0,7.9,269.2,0,0,0,0,0,1
22800,124.989,0.0,0,0,1,0,41.428,0.0,0,0,1,0,15.203,-1.07,0,0.0,0,0,1,1,0,1,0,1,0,0,0,12192.0,2,1,1,1,0,0,1,0,7.8,273.4,0,0,0,0,0,1
22900,124.989,0.0,0,0,1,0,41.428,0.0,0,0,1,0,15.101,-1.022,0,0.0,0,0,1,1,0,1,0,1,0,0,0,12192.0,2,1,1,1,0,0,1,0,7.6,271.2,0,0,0,0,0,1
23000,124.989,0.0,0,0,1,0,41.428,0.0,0,0,1,0,15.004,-0.975,0,0.0,0,0,1,1,0,1,0,1,0,0,0,12192.0,2,1,1,1,0,0,1,0,7.8,266.3,0,0,0,0,0,1
23100,124.989,0.0,0,0,1,0,41.428,0.0,0,0,1,0,14.911,-0.928,0,0.0,0,0,1,1,0,1,0,1,0,0,0,12192.0,2,1,1,1,0,0,1,0,7.9,270.9,0,0,0,0,0,1
23200,124.989,0.0,0,0,1,0,41.428,0.0,0,0,1,0,14.823,-0.881,0,0.0,0,0,1,1,0,1,0,1,0,0,0,12192.0,2,1,1,1,0,0,1,0,7.4,267.6,0,0,0,0,0,1
23300,124.989,0.0,0,0,1,0,41.428,0.0,0,0,1,0,14.739,-0.834,0,0.0,0,0,1,1,0,1,0,1,0,0,0,12192.0,2,1,1,1,0,0,1,0,7.7,266.6,0,0,0,0,0,1
23400,124.989,0.0,0,0,1,0,41.428,0.0,0,0,1,0,14.661,-0.787,0,0.0,0,0,1,1,0,1,0,1,0,0,0,12192.0,2,1,1,1,0,0,1,0,8.1,268.6,0,0,0,0,0,1
23500,124.989,0.0,0,0,1,0,41.428,0.0,0,0,1,0,14.587,-0.74,0,0.0,0,0,1,1,0,1,0,1,0,0,0,12192.0,2,1,1,1,0,0,1,0,7.5,271.3,0,0,0,0,0,1
23600,124.989,0.0,0,0,1,0,41.428,0.0,0,0,1,0,14.518,-0.692,0,0.0,0,0,1,1,0,1,0,1,0,0,0,12192.0,2,1,1,1,0,0,1,0,6.9,273.7,0,0,0,0,0,1
23700,124.989,0.0,0,0,1,0,41.428,0.0,0,0,1,0,14.453,-0.645,0,0.0,0,0,1,1,0,1,0,1,0,0,0,12192.0,2,1,1,1,0,0,1,0,8.3,267.3,0,0,0,0,0,1
23800,124.989,0.0,0,0,1,0,41.428,0.0,0,0,1,0,14.393,-0.598,0,0.0,0,0,1,1,0,1,0,1,0,0,0,12192.0,2,1,1,1,0,0,1,0,7.5,273.4,0,0,0,0,0,1
23900,124.989,0.0,0,0,1,0,41.428,0.0,0,0,1,0,14.338,-0.551,0,0.0,0,0,1,1,0,1,0,1,0,0,0,12192.0,2,1,1,1,0,0,1,0,7.1,267.3,0,0,0,0,0,1
24000,124.989,0.0,0,0,1,0,41.428,0.0,0,0,1,0,14.288,-0.504,0,0.0,0,0,1,1,0,1,0,1,0,0,0,12192.0,2,1,1,1,0,0,1,0,8.0,268.7,0,0,0,0,0,1
24100,124.989,0.0,0,0,1,0,41.428,0.0,0,0,1,0,14.242,-0.457,0,0.0,0,0,1,1,0,1,0,1,0,0,0,12192.0,2,1,1,1,0,0,1,0,6.5,276.2,0,0,0,0,0,1
24200,124.989,0.0,0,0,1,0,41.428,0.0,0,0,1,0,14.201,-0.409,0,0.0,0,0,1,1,0,1,0,1,0,0,0,12192.0,2,1,1,1,0,0,1,0,7.5,270.7,0,0,0,0,0,1
24300,124.989,0.0,0,0,1,0,41.428,0.0,0,0,1,0,14.165,-0.362,0,0.0,0,0,1,1,0,1,0,1,0,0,0,12192.0,2,1,1,1,0,0,1,0,7.6,272.1,0,0,0,0,0,1
24400,124.989,0.0,0,0,1,0,41.428,0.0,0,0,1,0,14.133,-0.315,0,0.0,0,0,1,1,0,1,0,1,0,0,0,12192.0,2,1,1,1,0,0,1,0,7.7,272.0,0,0,0,0,0,1
24500,124.989,0.0,0,0,1,0,41.428,0.0,0,0,1,0,14.102,-0.315,0,0.0,0,0,1,1,0,1,0,1,0,0,0,12192.0,2,1,1,1,0,0,1,0,7.4,269.8,0,0,0,0,0,1
24600,124.989,0.0,0,0,1,0,41.428,0.0,0,0,1,0,14.076,-0.264,0,0.0,0,0,1,1,0,1,0,1,0,0,0,12192.0,2,1,1,1,0,0,1,0,8.7,271.5,0,0,0,0,0,1
24700,124.989,0.0,0,0,1,0,41.428,0.0,0,0,1,0,14.054,-0.212,0,0.0,0,0,1,1,0,1,0,1,0,0,0,12192.0,2,1,1,1,0,0,1,0,8.0,266.9,0,0,0,0,0,1
24800,124.989,0.0,0,0,1,0,41.428,0.0,0,0,1,0,14.039,-0.157,0,0.0,0,0,1,1,0,1,0,1,0,0,0,12192.0,2,1,1,1,0,0,1,0,7.4,268.8,0,0,0,0,0,1
24900,124.989,0.0,0,0,1,0,41.428,0.0,0,0,1,0,14.029,-0.1,0,0.0,0,0,1,1,0,1,0,1,0,0,0,12192.0,2,1,1,1,0,0,1,0,7.8,266.2,0,0,0,0,0,1
25000,124.989,0.0,0,0,0,0,41.428,0.0,0,0,0,0,14.024,0.0,0,0.0,0,0,0,0,0,1,0,1,0,0,0,12192.0,2,1,1,0,1,0,1,0,7.2,268.2,0,0,0,0,0,1
25100,124.989,0.0,0,0,0,0,41.428,0.0,0,0,0,0,14.024,0.0,0,0.0,0,0,0,0,0,1,0,1,1,1,0,12192.0,2,1,1,0,1,0,1,0,7.2,269.4,0,0,0,0,0,1
25200,124.989,0.0,0,0,0,0,41.428,0.0,0,0,0,0,14.024,0.0,0,0.0,0,0,0,0,0,1,0,1,1,1,0,12192.0,2,1,1,0,1,0,1,0,7.6,266.9,0,0,0,0,0,1
25300,124.989,0.0,0,0,0,0,41.428,0.0,0,0,0,0,14.024,0.0,0,0.0,0,0,0,0,0,1,0,1,1,1,0,12192.0,2,1,1,0,1,0,1,0,8.1,273.6,0,0,0,0,0,1
25400,124.989,0.0,0,0,0,0,41.428,0.0,0,0,0,0,14.024,0.0,0,0.0,0,0,0,0,0,1,0,1,1,1,0,12192.0,2,1,1,0,1,0,1,0,7.6,269.5,0,0,0,0,0,1
25500,124.989,0.0,0,0,0,0,41.428,0.0,0,0,0,0,14.024,0.0,0,0.0,0,0,0,0,0,1,0,1,1,1,0,12192.0,2,1,1,0,1,0,1,0,8.1,273.4,0,0,0,0,0,1
25600,124.989,0.0,0,0,0,0,41.428,0.0,0,0,0,0,14.024,0.0,0,0.0,0,0,0,0,0,1,0,1,1,1,0,12192.0,2,1,1,0,1,0,1,0,8.2,269.8,0,0,0,0,0,1
25700,124.989,0.0,0,0,0,0,41.428,0.0,0,0,0,0,14.024,0.0,0,0.0,0,0,0,0,0,1,0,1,1,1,0,12192.0,2,1,1,0,1,0,1,0,7.9,268.7,0,0,0,0,0,1
25800,124.989,0.0,0,0,0,0,41.428,0.0,0,0,0,0,14.024,0.0,0,0.0,0,0,0,0,0,1,0,1,1,1,0,12192.0,2,1,1,0,1,0,1,0,7.9,269.7,0,0,0,0,0,1
25900,124.989,0.0,0,0,0,0,41.428,0.0,0,0,0,0,14.024,0.0,0,0.0,0,0,0,0,0,1,0,1,1,1,0,12192.0,2,1,1,0,1,0,1,0,7.3,266.2,0,0,0,0,0,1
26000,124.989,0.0,0,0,0,0,41.428,0.0,0,0,0,0,14.024,0.0,0,0.0,0,0,0,0,0,1,0,1,1,1,0,12192.0,2,1,1,0,1,0,1,0,7.4,275.5,0,0,0,0,0,1
26100,124.989,0.0,0,0,0,0,41.428,0.0,0,0,0,0,14.024,0.0,0,0.0,0,0,0,0,0,1,0,1,1,1,0,12192.0,2,1,1,0,1,0,1,0,8.4,271.6,0,0,0,0,0,1
26200,124.989,0.0,0,0,0,0,41.428,0.0,0,0,0,0,14.024,0.0,0,0.0,0,0,0,0,0,1,0,1,1,1,0,12192.0,2,1,1,0,1,0,1,0,7.2,264.2,0,0,0,0,0,1
26300,124.989,0.0,0,0,0,0,41.428,0.0,0,0,0,0,14.024,0.0,0,31.94,0,0,0,0,0,1,1,0,1,1,0,12192.0,2,1,1,0,1,0,1,0,8.3,274.0,0,0,0,0,0,1
26400,124.989,0.0,0,0,0,0,41.428,0.0,0,0,0,0,14.024,0.0,0,32.08,0,0,0,0,0,1,1,0,1,1,0,12192.0,2,1,1,0,1,0,1,0,8.8,267.7,0,0,0,0,0,1
26500,124.989,0.0,0,0,0,0,41.428,0.0,0,0,0,0,14.024,0.0,0,32.06,0,0,0,0,0,1,1,0,1,1,0,12192.0,2,1,1,0,1,0,1,0,8.4,271.4,0,0,0,0,0,1
26600,124.989,0.0,0,0,0,0,41.428,0.0,0,0,0,0,14.024,0.0,0,32.1,0,0,0,0,0,1,1,0,1,1,0,12192.0,2,1,1,0,1,0,1,0,8.2,270.9,0,0,0,0,0,1
26700,124.989,0.0,0,0,0,0,41.428,0.0,0,0,0,0,14.024,0.0,0,32.06,0,0,0,0,0,1,1,0,1,1,0,12192.0,2,1,1,0,1,0,1,0,7.7,269.2,0,0,0,0,0,1
26800,124.989,0.0,0,0,0,0,41.428,0.0,0,0,0,0,14.024,0.0,0,31.91,0,0,0,0,0,1,1,0,1,1,0,12192.0,2,1,1,0,1,0,1,0,8.3,272.1,0,0,0,0,0,1
26900,124.989,0.0,0,0,0,0,41.428,0.0,0,0,0,0,14.024,0.0,0,31.72,0,0,0,0,0,1,1,0,1,1,0,12192.0,2,1,1,0,1,0,1,0,8.0,267.5,0,0,0,0,0,1
27000,124.989,0.0,0,0,0,0,41.428,0.0,0,0,0,0,14.024,0.0,0,32.02,0,0,0,0,0,1,1,0,1,1,0,12192.0,2,1,1,0,1,0,1,0,8.3,274.7,0,0,0,0,0,1
27100,124.989,0.0,0,0,0,0,41.428,0.0,0,0,0,0,14.024,0.0,0,32.15,0,0,0,0,0,1,1,0,1,1,0,12192.0,2,1,1,0,1,0,1,0,8.0,270.6,0,0,0,0,0,1
27200,124.989,0.0,0,0,0,0,41.428,0.0,0,0,0,0,14.024,0.0,0,32.13,0,0,0,0,0,1,1,0,1,1,0,12192.0,2,1,1,0,1,0,1,0,7.4,269.7,0,0,0,0,0,1
27300,124.989,0.0,0,0,0,0,41.428,0.0,0,0,0,0,14.024,0.0,0,32.11,0,0,0,0,0,1,1,0,1,1,0,12192.0,2,1,1,0,1,0,1,0,8.2,268.2,0,0,0,0,0,1
27400,124.989,0.0,0,0,0,0,41.428,0.0,0,0,0,0,14.024,0.0,0,31.9,0,0,0,0,0,1,1,0,1,1,0,12192.0,2,1,1,0,1,0,1,0,7.9,270.8,0,0,0,0,0,1
27500,124.989,0.0,0,0,0,0,41.428,0.0,0,0,0,0,14.024,0.0,0,32.03,0,0,0,0,0,1,1,0,1,1,0,12192.0,2,1,1,0,1,0,1,0,8.2,268.0,0,0,0,0,0,1
27600,124.989,0.0,0,0,0,0,41.428,0.0,0,0,0,0,14.024,0.0,0,31.93,0,0,0,0,0,1,1,0,1,1,0,12192.0,2,1,1,0,1,0,1,0,7.9,269.1,0,0,0,0,0,1
27700,124.989,0.0,0,0,1,0,41.428,0.0,0,0,1,0,14.029,0.047,1,33.54,0,0,1,1,0,1,1,0,0,1,0,12192.0,2,1,1,1,0,0,1,0,8.1,268.4,0,0,0,0,0,1
27800,124.989,0.0,0,0,1,0,41.428,0.0,0,0,1,0,14.038,0.094,1,33.72,0,0,1,1,0,1,1,0,0,1,0,12192.0,2,1,1,1,0,0,1,0,8.2,266.7,0,0,0,0,0,1
27900,124.989,0.0,0,0,1,0,41.428,0.0,0,0,1,0,14.052,0.141,1,33.63,0,0,1,1,0,1,1,0,0,1,0,12192.0,2,1,1,1,0,0,1,0,8.4,273.3,0,0,0,0,0,1
28000,124.989,0.0,0,0,1,0,41.428,0.0,0,0,1,0,14.071,0.189,1,33.53,0,0,1,1,0,1,1,0,0,1,0,12192.0,2,1,1,1,0,0,1,0,7.9,272.6,0,0,0,0,0,1
28100,124.989,0.0,0,0,1,0,41.428,0.0,0,0,1,0,14.095,0.236,1,33.7,0,0,1,1,0,1,1,0,0,1,0,12192.0,2,1,1,1,0,0,1,0,8.5,271.2,0,0,0,0,0,1
28200,124.989,0.0,0,0,1,0,41.428,0.0,0,0,1,0,14.123,0.283,1,33.57,0,0,1,1,0,1,1,0,0,1,0,12192.0,2,1,1,1,0,0,1,0,8.5,271.9,0,0,0,0,0,1
28300,124.989,0.0,0,0,1,0,41.428,0.0,0,0,1,0,14.156,0.33,1,33.65,0,0,1,1,0,1,1,0,0,1,0,12192.0,2,1,1,1,0,0,1,0,7.9,267.4,0,0,0,0,0,1
28400,124.989,0.0,0,0,1,0,41.428,0.0,0,0,1,0,14.194,0.377,1,33.54,0,0,1,1,0,1,1,0,0,1,0,12192.0,2,1,1,1,0,0,1,0,9.0,275.3,0,0,0,0,0,1
28500,124.989,0.0,0,0,1,0,41.428,0.0,0,0,1,0,14.236,0.424,1,33.63,0,0,1,1,0,1,1,0,0,1,0,12192.0,2,1,1,1,0,0,1,0,9.1,269.1,0,0,0,0,0,1
28600,124.989,0.0,0,0,1,0,41.428,0.0,0,0,1,0,14.283,0.472,1,33.45,0,0,1,1,0,1,1,0,0,1,0,12192.0,2,1,1,1,0,0,1,0,8.0,269.6,0,0,0,0,0,1
28700,124.989,0.0,0,0,1,0,41.428,0.0,0,0,1,0,14.335,0.519,1,33.52,0,0,1,1,0,1,1,0,0,1,0,12192.0,2,1,1,1,0,0,1,0,8.2,269.1,0,0,0,0,0,1
28800,124.989,0.0,0,0,1,0,41.428,0.0,0,0,1,0,14.392,0.566,1,33.48,0,0,1,1,0,1,1,0,0,1,0,12192.0,2,1,1,1,0,0,1,0,8.9,267.9,0,0,0,0,0,1
28900,124.989,0.0,0,0,1,0,41.428,0.0,0,0,1,0,14.453,0.613,1,33.6,0,0,1,1,0,1,1,0,0,1,0,12192.0,2,1,1,1,0,0,1,0,8.4,268.5,0,0,0,0,0,1
29000,124.989,0.0,0,0,1,0,41.428,0.0,0,0,1,0,14.519,0.66,1,33.59,0,0,1,1,0,1,1,0,0,1,0,12192.0,2,1,1,1,0,0,1,0,8.9,270.9,0,0,0,0,0,1
29100,124.989,0.0,0,0,1,0,41.428,0.0,0,0,1,0,14.59,0.707,1,33.45,0,0,1,1,0,1,1,0,0,1,0,12192.0,2,1,1,1,0,0,1,0,8.9,269.1,0,0,0,0,0,1
29200,124.989,0.0,0,0,1,0,41.428,0.0,0,0,1,0,14.665,0.755,1,33.64,0,0,1,1,0,1,1,0,0,1,0,12192.0,2,1,1,1,0,0,1,0,8.2,268.2,0,0,0,0,0,1
29300,124.989,0.0,0,0,1,0,41.428,0.0,0,0,1,0,14.746,0.802,1,33.61,0,0,1,1,0,1,1,0,0,1,0,12192.0,2,1,1,1,0,0,1,0,9.0,269.0,0,0,0,0,0,1
29400,124.989,0.0,0,0,1,0,41.428,0.0,0,0,1,0,14.83,0.849,1,33.49,0,0,1,1,0,1,1,0,0,1,0,12192.0,2,1,1,1,0,0,1,0,8.8,269.3,0,0,0,0,0,1
29500,124.989,0.0,0,0,1,0,41.428,0.0,0,0,1,0,14.92,0.896,1,33.47,0,0,1,1,0,1,1,0,0,1,0,12192.0,2,1,1,1,0,0,1,0,8.6,269.7,0,0,0,0,0,1
29600,124.989,0.0,0,0,1,0,41.428,0.0,0,0,1,0,15.014,0.943,1,33.78,0,0,1,1,0,1,1,0,0,1,0,12192.0,2,1,1,1,0,0,1,0,8.0,267.4,0,0,0,0,0,1
29700,124.989,0.0,0,0,1,0,41.428,0.0,0,0,1,0,15.113,0.99,1,33.53,0,0,1,1,0,1,1,0,0,1,0,12192.0,2,1,1,1,0,0,1,0,8.0,273.9,0,0,0,0,0,1
29800,124.989,0.0,0,0,1,0,41.428,0.0,0,0,1,0,15.217,1.038,1,33.66,0,0,1,1,0,1,1,0,0,1,0,12192.0,2,1,1,1,0,0,1,0,8.1,269.8,0,0,0,0,0,1
29900,124.989,0.0,0,0,1,0,41.428,0.0,0,0,1,0,15.326,1.085,1,33.69,0,0,1,1,0,1,1,0,0,1,0,12192.0,2,1,1,1,0,0,1,0,8.8,274.3,0,0,0,0,0,1
30000,124.989,0.0,0,0,1,0,41.428,0.0,0,0,1,0,15.439,1.132,1,33.48,0,0,1,1,0,1,1,0,0,1,0,12192.0,2,1,1,1,0,0,1,0,8.4,268.7,0,0,0,0,0,1
30100,124.989,0.0,0,0,1,0,41.428,0.0,0,0,1,0,15.557,1.179,1,33.58,0,0,1,1,0,1,1,0,0,1,0,12192.0,2,1,1,1,0,0,1,0,8.3,272.3,0,0,0,0,0,1
30200,124.989,0.0,0,0,1,0,41.428,0.0,0,0,1,0,15.679,1.226,1,33.56,0,0,1,1,0,1,1,0,0,1,0,12192.0,2,1,1,1,0,0,1,0,8.4,272.9,0,0,0,0,0,1
30300,124.989,0.0,0,0,1,0,41.428,0.0,0,0,1,0,15.805,1.258,1,33.42,0,0,1,1,0,1,1,0,0,1,0,12192.0,2,1,1,1,0,0,1,0,7.9,270.5,0,0,0,0,0,1
30400,124.989,0.0,0,0,1,0,41.428,0.0,0,0,1,0,15.931,1.258,1,33.78,0,0,1,1,0,1,1,0,0,1,0,12192.0,2,1,1,1,0,0,1,0,9.3,269.8,0,0,0,0,0,1
30500,124.989,0.0,0,0,1,0,41.428,0.0,0,0,1,0,16.057,1.258,1,33.4,0,0,1,1,0,1,1,0,0,1,0,12192.0,2,1,1,1,0,0,1,0,8.0,267.0,0,0,0,0,0,1
30600,124.989,0.0,0,0,1,0,41.428,0.0,0,0,1,0,16.183,1.258,1,33.77,0,0,1,1,0,1,1,0,0,1,0,12192.0,2,1,1,1,0,0,1,0,9.5,270.3,0,0,0,0,0,1
30700,124.989,0.0,0,0,1,0,41.428,0.0,0,0,1,0,16.309,1.258,1,33.56,0,0,1,1,0,1,1,0,0,1,0,12192.0,2,1,1,1,0,0,1,0,8.6,267.9,0,0,0,0,0,1
30800,124.989,0.0,0,0,1,0,41.428,0.0,0,0,1,0,16.434,1.258,1,33.48,0,0,1,1,0,1,1,0,0,1,0,12192.0,2,1,1,1,0,0,1,0,8.6,271.5,0,0,0,0,0,1
30900,124.989,0.0,0,0,1,0,41.428,0.0,0,0,1,0,16.56,1.258,1,33.63,0,0,1,1,0,1,1,0,0,1,0,12192.0,2,1,1,1,0,0,1,0,8.0,267.0,0,0,0,0,0,1
31000,124.989,0.0,0,0,1,0,41.428,0.0,0,0,1,0,16.686,1.258,1,33.44,0,0,1,1,0,1,1,0,0,1,0,12192.0,2,1,1,1,0,0,1,0,8.4,268.8,0,0,0,0,0,1
31100,124.989,0.0,0,0,1,0,41.428,0.0,0,0,1,0,16.812,1.258,1,33.5,0,0,1,1,0,1,1,0,0,1,0,12192.0,2,1,1,1,0,0,1,0,8.0,273.2,0,0,0,0,0,1
31200,124.989,0.0,0,0,1,0,41.428,0.0,0,0,1,0,16.933,1.211,1,30.45,0,0,1,1,0,1,1,0,0,1,0,12192.0,2,1,1,1,0,0,1,0,8.2,269.4,0,0,0,0,0,1
31300,124.989,0.0,0,0,1,0,41.428,0.0,0,0,1,0,17.049,1.164,1,30.38,0,0,1,1,0,1,1,0,0,1,0,12192.0,2,1,1,1,0,0,1,0,7.6,270.3,0,0,0,0,0,1
31400,124.989,0.0,0,0,1,0,41.428,0.0,0,0,1,0,17.161,1.117,1,30.57,0,0,1,1,0,1,1,0,0,1,0,12192.0,2,1,1,1,0,0,1,0,8.2,270.7,0,0,0,0,0,1
31500,124.989,0.0,0,0,1,0,41.428,0.0,0,0,1,0,17.268,1.07,1,30.17,0,0,1,1,0,1,1,0,0,1,0,12192.0,2,1,1,1,0,0,1,0,7.6,267.7,0,0,0,0,0,1
31600,124.989,0.0,0,0,1,0,41.428,0.0,0,0,1,0,17.37,1.022,1,30.51,0,0,1,1,0,1,1,0,0,1,0,12192.0,2,1,1,1,0,0,1,0,8.3,267.1,0,0,0,0,0,1
31700,124.989,0.0,0,0,1,0,41.428,0.0,0,0,1,0,17.473,1.023,1,33.59,0,0,1,1,0,1,1,0,0,1,0,12192.0,2,1,1,1,0,0,1,0,7.2,275.3,0,0,0,0,0,1
31800,124.989,0.0,0,0,1,0,41.428,0.0,0,0,1,0,17.57,0.975,1,30.46,0,0,1,1,0,1,1,0,0,1,0,12192.0,2,1,1,1,0,0,1,0,7.9,266.7,0,0,0,0,0,1
31900,124.989,0.0,0,0,1,0,41.428,0.0,0,0,1,0,17.663,0.926,1,30.32,0,0,1,1,0,1,1,0,0,1,0,12192.0,2,1,1,1,0,0,1,0,8.2,270.4,0,0,0,0,0,1
32000,124.989,0.0,0,0,1,0,41.428,0.0,0,0,1,0,17.751,0.878,1,30.57,0,0,1,1,0,1,1,0,0,1,0,12192.0,2,1,1,1,0,0,1,0,8.6,271.4,0,0,0,0,0,1
32100,124.989,0.0,0,0,1,0,41.428,0.0,0,0,1,0,17.833,0.83,1,30.36,0,0,1,1,0,1,1,0,0,1,0,12192.0,2,1,1,1,0,0,1,0,7.6,273.0,0,0,0,0,0,1
32200,124.989,0.0,0,0,1,0,41.428,0.0,0,0,1,0,17.912,0.781,1,30.48,0,0,1,1,0,1,1,0,0,1,0,12192.0,2,1,1,1,0,0,1,0,7.3,267.6,0,0,0,0,0,1
32300,124.989,0.0,0,0,1,0,41.428,0.0,0,0,1,0,17.985,0.732,1,30.33,0,0,1,1,0,1,1,0,0,1,0,12192.0,2,1,1,1,0,0,1,0,8.1,274.5,0,0,0,0,0,1
32400,124.989,0.0,0,0,1,0,41.428,0.0,0,0,1,0,18.053,0.684,1,30.34,0,0,1,1,0,1,1,0,0,1,0,12192.0,2,1,1,1,0,0,1,0,8.7,274.8,0,0,0,0,0,1
32500,124.989,0.0,0,0,1,0,41.428,0.0,0,0,1,0,18.117,0.635,1,30.53,0,0,1,1,0,1,1,0,0,1,0,12192.0,2,1,1,1,0,0,1,0,7.6,270.7,0,0,0,0,0,1
32600,124.989,0.0,0,0,1,0,41.428,0.0,0,0,1,0,18.175,0.586,1,30.22,0,0,1,1,0,1,1,0,0,1,0,12192.0,2,1,1,1,0,0,1,0,7.4,273.0,0,0,0,0,0,1
32700,124.989,0.0,0,0,1,0,41.428,0.0,0,0,1,0,18.229,0.536,1,30.4,0,0,1,1,0,1,1,0,0,1,0,12192.0,2,1,1,1,0,0,1,0,7.7,274.8,0,0,0,0,0,1
32800,124.989,0.0,0,0,1,0,41.428,0.0,0,0,1,0,18.277,0.487,1,30.53,0,0,1,1,0,1,1,0,0,1,0,12192.0,2,1,1,1,0,0,1,0,7.4,270.0,0,0,0,0,0,1
32900,124.989,0.0,0,0,1,0,41.428,0.0,0,0,1,0,18.321,0.437,1,30.62,0,0,1,1,0,1,1,0,0,1,0,12192.0,2,1,1,1,0,0,1,0,7.8,270.5,0,0,0,0,0,1
33000,124.989,0.0,0,0,1,0,41.428,0.0,0,0,1,0,18.36,0.387,1,30.47,0,0,1,1,0,1,1,0,0,1,0,12192.0,2,1,1,1,0,0,1,0,7.3,268.4,0,0,0,0,0,1
33100,124.989,0.0,0,0,1,0,41.428,0.0,0,0,1,0,18.394,0.337,1,30.13,0,0,1,1,0,1,1,0,0,1,0,12192.0,2,1,1,1,0,0,1,0,7.2,266.9,0,0,0,0,0,1
33200,124.989,0.0,0,0,1,0,41.428,0.0,0,0,1,0,18.422,0.286,1,30.16,0,0,1,1,0,1,1,0,0,1,0,12192.0,2,1,1,1,0,0,1,0,7.2,272.7,0,0,0,0,0,1
33300,124.989,0.0,0,0,1,0,41.428,0.0,0,0,1,0,18.446,0.234,1,30.47,0,0,1,1,0,1,1,0,0,1,0,12192.0,2,1,1,1,0,0,1,0,8.2,266.4,0,0,0,0,0,1
33400,124.989,0.0,0,0,1,0,41.428,0.0,0,0,1,0,18.464,0.181,1,30.38,0,0,1,1,0,1,1,0,0,1,0,12192.0,2,1,1,1,0,0,1,0,7.4,274.3,0,0,0,0,0,1
33500,124.989,0.0,0,0,1,0,41.428,0.0,0,0,1,0,18.476,0.125,1,30.39,0,0,1,1,0,1,1,0,0,1,0,12192.0,2,1,1,1,0,0,1,0,7.4,267.8,0,0,0,0,0,1
33600,124.989,0.0,0,0,1,0,41.428,0.0,0,0,1,0,18.482,0.062,1,30.33,0,0,1,1,0,1,1,0,0,1,0,12192.0,2,1,1,1,0,0,1,0,7.9,272.9,0,0,0,0,0,1
33700,124.989,0.0,0,0,0,0,41.428,0.0,0,0,0,0,18.484,0.0,0,32.13,0,0,0,0,0,1,1,0,0,1,0,12192.0,2,1,1,0,1,0,1,0,7.5,273.8,0,0,0,0,0,1
33800,124.989,0.0,0,0,1,0,41.421,-0.064,0,1,1,0,18.484,0.0,0,32.02,0,0,0,1,0,1,1,0,0,1,0,12192.0,2,1,1,1,0,0,1,0,6.9,271.0,0,0,0,0,0,1
33900,124.989,0.0,0,0,1,0,41.409,-0.127,0,1,1,0,18.484,0.0,0,32.17,0,0,0,1,0,1,1,0,0,1,0,12192.0,2,1,1,1,0,0,1,0,7.9,267.8,0,0,0,0,0,1
34000,124.989,0.0,0,0,1,0,41.39,-0.191,0,1,1,0,18.484,0.0,0,32.09,0,0,0,1,0,1,1,0,0,1,0,12192.0,2,1,1,1,0,0,1,0,7.6,273.8,0,0,0,0,0,1
34100,124.989,0.0,0,0,1,0,41.364,-0.255,0,1,1,0,18.484,0.0,0,31.94,0,0,0,1,0,1,1,0,0,1,0,12192.0,2,1,1,1,0,0,1,0,6.1,269.3,0,0,0,0,0,1
34200,124.989,0.0,0,0,1,0,41.332,-0.318,0,1,1,0,18.484,0.0,0,31.84,0,0,0,1,0,1,1,0,0,1,0,12192.0,2,1,1,1,0,0,1,0,6.9,271.8,0,0,0,0,0,1
34300,124.989,0.0,0,0,1,0,41.294,-0.382,0,1,1,0,18.484,0.0,0,32.12,0,0,0,1,0,1,1,0,0,1,0,12192.0,2,1,1,1,0,0,1,0,7.7,269.5,0,0,0,0,0,1
34400,124.989,0.0,0,0,1,0,41.25,-0.446,0,1,1,0,18.484,0.0,0,32.12,0,0,0,1,0,1,1,0,0,1,0,12192.0,2,1,1,1,0,0,1,0,6.6,269.8,0,0,0,0,0,1
34500,124.989,0.0,0,0,1,0,41.199,-0.509,0,1,1,0,18.484,0.0,0,32.1,0,0,0,1,0,1,1,0,0,1,0,12192.0,2,1,1,1,0,0,1,0,7.6,273.7,0,0,0,0,0,1
34600,124.989,0.0,0,0,1,0,41.141,-0.573,0,1,1,0,18.484,0.0,0,31.94,0,0,0,1,0,1,1,0,0,1,0,12192.0,2,1,1,1,0,0,1,0,7.9,274.4,0,0,0,0,0,1
34700,124.989,0.0,0,0,1,0,41.078,-0.636,0,1,1,0,18.484,0.0,0,32.01,0,0,0,1,0,1,1,0,0,1,0,12192.0,2,1,1,1,0,0,1,0,7.1,269.1,0,0,0,0,0,1
34800,124.989,0.0,0,0,1,0,41.008,-0.7,0,1,1,0,18.484,0.0,0,32.13,0,0,0,1,0,1,1,0,0,1,0,12192.0,2,1,1,1,0,0,1,0,8.0,275.0,0,0,0,0,0,1
34900,124.989,0.0,0,0,1,0,40.931,-0.764,0,1,1,0,18.484,0.0,0,32.07,0,0,0,1,0,1,1,0,0,1,0,12192.0,2,1,1,1,0,0,1,0,7.9,270.4,0,0,0,0,0,1
35000,124.989,0.0,0,0,1,0,40.849,-0.827,0,1,1,0,18.484,0.0,0,31.96,0,0,0,1,0,1,1,0,0,1,0,12192.0,2,1,1,1,0,0,1,0,7.5,266.3,0,0,0,0,0,1
35100,124.989,0.0,0,0,1,0,40.759,-0.891,0,1,1,0,18.484,0.0,0,31.76,0,0,0,1,0,1,1,0,0,1,0,12192.0,2,1,1,1,0,0,1,0,7.7,271.0,0,0,0,0,0,1
35200,124.989,0.0,0,0,1,0,40.664,-0.955,0,1,1,0,18.484,0.0,0,31.92,0,0,0,1,0,1,1,0,0,1,0,12192.0,2,1,1,1,0,0,1,0,7.0,268.6,0,0,0,0,0,1
35300,124.989,0.0,0,0,1,0,40.562,-1.018,0,1,1,0,18.484,0.0,0,32.12,0,0,0,1,0,1,1,0,0,1,0,12192.0,2,1,1,1,0,0,1,0,7.4,271.9,0,0,0,0,0,1
35400,124.989,0.0,0,0,1,0,40.454,-1.082,0,1,1,0,18.484,0.0,0,32.05,0,0,0,1,0,1,1,0,0,1,0,12192.0,2,1,1,1,0,0,1,0,7.2,266.7,0,0,0,0,0,1
35500,124.989,0.0,0,0,1,0,40.339,-1.146,0,1,1,0,18.484,0.0,0,32.27,0,0,0,1,0,1,1,0,0,1,0,12192.0,2,1,1,1,0,0,1,0,7.7,269.3,0,0,0,0,0,1
35600,124.989,0.0,0,0,1,0,40.218,-1.209,0,1,1,0,18.484,0.0,0,32.14,0,0,0,1,0,1,1,0,0,1,0,12192.0,2,1,1,1,0,0,1,0,8.7,267.8,0,0,0,0,0,1
35700,124.989,0.0,0,0,1,0,40.091,-1.273,0,1,1,0,18.484,0.0,0,32.09,0,0,0,1,0,1,1,0,0,1,0,12192.0,2,1,1,1,0,0,1,0,7.6,265.9,0,0,0,0,0,1
35800,124.989,0.0,0,0,1,0,39.958,-1.337,0,1,1,0,18.484,0.0,0,31.92,0,0,0,1,0,1,1,0,0,1,0,12192.0,2,1,1,1,0,0,1,0,8.1,274.0,0,0,0,0,0,1
35900,124.989,0.0,0,0,1,0,39.817,-1.4,0,1,1,0,18.484,0.0,0,32.02,0,0,0,1,0,1,1,0,0,1,0,12192.0,2,1,1,1,0,0,1,0,7.5,269.8,0,0,0,0,0,1
36000,124.989,0.0,0,0,1,0,39.671,-1.464,0,1,1,0,18.484,0.0,0,32.01,0,0,0,1,0,1,1,0,0,1,0,12192.0,2,1,1,1,0,0,1,0,8.3,270.7,0,0,0,0,0,1
36100,124.989,0.0,0,0,1,0,39.518,-1.528,0,1,1,0,18.484,0.0,0,31.93,0,0,0,1,0,1,1,0,0,1,0,12192.0,2,1,1,1,0,0,1,0,8.2,268.1,0,0,0,0,0,1
36200,124.989,0.0,0,0,1,0,39.359,-1.591,0,1,1,0,18.484,0.0,0,32.19,0,0,0,1,0,1,1,0,0,1,0,12192.0,2,1,1,1,0,0,1,0,7.5,271.0,0,0,0,0,0,1
36300,124.989,0.0,0,0,1,0,39.194,-1.655,0,1,1,0,18.484,0.0,0,31.95,0,0,0,1,0,1,1,0,0,1,0,12192.0,2,1,1,1,0,0,1,0,8.7,267.5,0,0,0,0,0,1
36400,124.989,0.0,0,0,1,0,39.022,-1.719,0,1,1,0,18.484,0.0,0,31.75,0,0,0,1,0,1,1,0,0,1,0,12192.0,2,1,1,1,0,0,1,0,7.9,271.6,0,0,0,0,0,1
36500,124.989,0.0,0,0,1,0,38.844,-1.782,0,1,1,0,18.484,0.0,0,31.88,0,0,0,1,0,1,1,0,0,1,0,12192.0,2,1,1,1,0,0,1,0,8.7,267.8,0,0,0,0,0,1
36600,124.989,0.0,0,0,1,0,38.659,-1.846,0,1,1,0,18.484,0.0,0,32.02,0,0,0,1,0,1,1,0,0,1,0,12192.0,2,1,1,1,0,0,1,0,8.2,267.5,0,0,0,0,0,1
36700,124.989,0.0,0,0,1,0,38.468,-1.909,0,1,1,0,18.484,0.0,0,32.0,0,0,0,1,0,1,1,0,0,1,0,12192.0,2,1,1,1,0,0,1,0,8.2,269.4,0,0,0,0,0,1
36800,124.989,0.0,0,0,1,0,38.271,-1.973,0,1,1,0,18.484,0.0,0,31.97,0,0,0,1,0,1,1,0,0,1,0,12192.0,2,1,1,1,0,0,1,0,8.2,269.7,0,0,0,0,0,1
36900,124.989,0.0,0,0,1,0,38.067,-2.037,0,1,1,0,18.484,0.0,0,31.97,0,0,0,1,0,1,1,0,0,1,0,12192.0,2,1,1,1,0,0,1,0,7.7,270.7,0,0,0,0,0,1
37000,124.989,0.0,0,0,1,0,37.857,-2.1,0,1,1,0,18.484,0.0,0,32.08,0,0,0,1,0,1,1,0,0,1,0,12192.0,2,1,1,1,0,0,1,0,8.3,272.8,0,0,0,0,0,1
37100,124.989,0.0,0,0,1,0,37.641,-2.164,0,1,1,0,18.484,0.0,0,32.18,0,0,0,1,0,1,1,0,0,1,0,12192.0,2,1,1,1,0,0,1,0,9.0,269.4,0,0,0,0,0,1
37200,124.989,0.0,0,0,1,0,37.418,-2.228,0,1,1,0,18.484,0.0,0,31.99,0,0,0,1,0,1,1,0,0,1,0,12192.0,2,1,1,1,0,0,1,0,8.7,268.5,0,0,0,0,0,1
37300,124.989,0.0,0,0,1,0,37.189,-2.291,0,1,1,0,18.484,0.0,0,32.27,0,0,0,1,0,1,1,0,0,1,0,12192.0,2,1,1,1,0,0,1,0,8.6,270.8,0,0,0,0,0,1
37400,124.989,0.0,0,0,1,0,36.953,-2.355,0,1,1,0,18.484,0.0,0,32.09,0,0,0,1,0,1,1,0,0,1,0,12192.0,2,1,1,1,0,0,1,0,8.3,266.1,0,0,0,0,0,1
37500,124.989,0.0,0,0,1,0,36.711,-2.419,0,1,1,0,18.484,0.0,0,32.01,0,0,0,1,0,1,1,0,0,1,0,12192.0,2,1,1,1,0,0,1,0,8.3,267.5,0,0,0,0,0,1
37600,124.989,0.0,0,0,1,0,36.463,-2.482,0,1,1,0,18.484,0.0,0,32.05,0,0,0,1,0,1,1,0,0,1,0,12192.0,2,1,1,1,0,0,1,0,8.3,271.3,0,0,0,0,0,1
37700,124.989,0.0,0,0,1,0,36.209,-2.546,0,1,1,0,18.484,0.0,0,32.02,0,0,0,1,0,1,1,0,0,1,0,12192.0,2,1,1,1,0,0,1,0,8.1,268.4,0,0,0,0,0,1
37800,124.989,0.0,0,0,1,0,35.948,-2.61,0,1,1,0,18.484,0.0,0,32.12,0,0,0,1,0,1,1,0,0,1,0,12192.0,2,1,1,1,0,0,1,0,8.1,273.2,0,0,0,0,0,1
37900,124.989,0.0,0,0,1,0,35.693,-2.546,0,1,1,0,18.484,0.0,0,32.09,0,0,0,1,0,1,1,0,0,1,0,12192.0,2,1,1,1,0,0,1,0,8.4,271.2,0,0,0,0,0,1
38000,124.989,0.0,0,0,1,0,35.445,-2.482,0,1,1,0,18.484,0.0,0,31.92,0,0,0,1,0,1,1,0,0,1,0,12192.0,2,1,1,1,0,0,1,0,8.2,267.0,0,0,0,0,0,1
38100,124.989,0.0,0,0,1,0,35.203,-2.419,0,1,1,0,18.484,0.0,0,31.85,0,0,0,1,0,1,1,0,0,1,0,12192.0,2,1,1,1,0,0,1,0,8.2,270.2,0,0,0,0,0,1
38200,124.989,0.0,0,0,1,0,34.967,-2.355,0,1,1,0,18.484,0.0,0,31.83,0,0,0,1,0,1,1,0,0,1,0,12192.0,2,1,1,1,0,0,1,0,8.2,273.7,0,0,0,0,0,1
38300,124.989,0.0,0,0,1,0,34.738,-2.291,0,1,1,0,18.484,0.0,0,31.96,0,0,0,1,0,1,1,0,0,1,0,12192.0,2,1,1,1,0,0,1,0,8.7,271.3,0,0,0,0,0,1
38400,124.989,0.0,0,0,1,0,34.516,-2.228,0,1,1,0,18.484,0.0,0,31.85,0,0,0,1,0,1,1,0,0,1,0,12192.0,2,1,1,1,0,0,1,0,9.2,275.4,0,0,0,0,0,1
38500,124.989,0.0,0,0,1,0,34.299,-2.164,0,1,1,0,18.484,0.0,0,32.12,0,0,0,1,0,1,1,0,0,1,0,12192.0,2,1,1,1,0,0,1,0,8.5,274.2,0,0,0,0,0,1
38600,124.989,0.0,0,0,1,0,34.089,-2.1,0,1,1,0,18.484,0.0,0,31.96,0,0,0,1,0,1,1,0,0,1,0,12192.0,2,1,1,1,0,0,1,0,7.7,271.4,0,0,0,0,0,1
38700,124.989,0.0,0,0,1,0,33.885,-2.037,0,1,1,0,18.484,0.0,0,31.99,0,0,0,1,0,1,1,0,0,1,0,12192.0,2,1,1,1,0,0,1,0,8.2,272.6,0,0,0,0,0,1
38800,124.989,0.0,0,0,1,0,33.688,-1.973,0,1,1,0,18.484,0.0,0,31.95,0,0,0,1,0,1,1,0,0,1,0,12192.0,2,1,1,1,0,0,1,0,8.6,270.2,0,0,0,0,0,1
38900,124.989,0.0,0,0,1,0,33.497,-1.909,0,1,1,0,18.484,0.0,0,32.09,0,0,0,1,0,1,1,0,0,1,0,12192.0,2,1,1,1,0,0,1,0,8.6,271.3,0,0,0,0,0,1
39000,124.989,0.0,0,0,1,0,33.313,-1.846,0,1,1,0,18.484,0.0,0,31.93,0,0,0,1,0,1,1,0,0,1,0,12192.0,2,1,1,1,0,0,1,0,8.1,267.7,0,0,0,0,0,1
39100,124.989,0.0,0,0,1,0,33.134,-1.782,0,1,1,0,18.484,0.0,0,31.96,0,0,0,1,0,1,1,0,0,1,0,12192.0,2,1,1,1,0,0,1,0,8.4,272.9,0,0,0,0,0,1
39200,124.989,0.0,0,0,1,0,32.963,-1.719,0,1,1,0,18.484,0.0,0,32.07,0,0,0,1,0,1,1,0,0,1,0,12192.0,2,1,1,1,0,0,1,0,8.3,269.2,0,0,0,0,0,1
39300,124.989,0.0,0,0,1,0,32.797,-1.655,0,1,1,0,18.484,0.0,0,32.06,0,0,0,1,0,1,1,0,0,1,0,12192.0,2,1,1,1,0,0,1,0,8.0,274.5,0,0,0,0,0,1
39400,124.989,0.0,0,0,1,0,32.638,-1.591,0,1,1,0,18.484,0.0,0,31.95,0,0,0,1,0,1,1,0,0,1,0,12192.0,2,1,1,1,0,0,1,0,7.7,268.7,0,0,0,0,0,1
39500,124.989,0.0,0,0,1,0,32.485,-1.528,0,1,1,0,18.484,0.0,0,32.0,0,0,0,1,0,1,1,0,0,1,0,12192.0,2,1,1,1,0,0,1,0,7.5,273.3,0,0,0,0,0,1
39600,124.989,0.0,0,0,1,0,32.339,-1.464,0,1,1,0,18.484,0.0,0,32.05,0,0,0,1,0,1,1,0,0,1,0,12192.0,2,1,1,1,0,0,1,0,8.6,268.3,0,0,0,0,0,1
39700,124.989,0.0,0,0,1,0,32.199,-1.4,0,1,1,0,18.484,0.0,0,32.05,0,0,0,1,0,1,1,0,0,1,0,12192.0,2,1,1,1,0,0,1,0,8.2,270.4,0,0,0,0,0,1
39800,124.989,0.0,0,0,1,0,32.065,-1.337,0,1,1,0,18.484,0.0,0,31.88,0,0,0,1,0,1,1,0,0,1,0,12192.0,2,1,1,1,0,0,1,0,8.0,271.4,0,0,0,0,0,1
39900,124.989,0.0,0,0,1,0,31.938,-1.273,0,1,1,0,18.484,0.0,0,32.13,0,0,0,1,0,1,1,0,0,1,0,12192.0,2,1,1,1,0,0,1,0,8.0,268.8,0,0,0,0,0,1
40000,124.989,0.0,0,0,1,0,31.817,-1.209,0,1,1,0,18.484,0.0,0,31.92,0,0,0,1,0,1,1,0,0,1,0,12192.0,2,1,1,1,0,0,1,0,7.8,268.4,0,0,0,0,0,1
40100,124.989,0.0,0,0,1,0,31.702,-1.146,0,1,1,0,18.484,0.0,0,31.88,0,0,0,1,0,1,1,0,0,1,0,12192.0,2,1,1,1,0,0,1,0,8.5,268.8,0,0,0,0,0,1
40200,124.989,0.0,0,0,1,0,31.594,-1.082,0,1,1,0,18.484,0.0,0,32.11,0,0,0,1,0,1,1,0,0,1,0,12192.0,2,1,1,1,0,0,1,0,8.4,270.4,0,0,0,0,0,1
40300,124.989,0.0,0,0,1,0,31.492,-1.018,0,1,1,0,18.484,0.0,0,32.14,0,0,0,1,0,1,1,0,0,1,0,12192.0,2,1,1,1,0,0,1,0,7.6,270.2,0,0,0,0,0,1
40400,124.989,0.0,0,0,1,0,31.397,-0.955,0,1,1,0,18.484,0.0,0,31.94,0,0,0,1,0,1,1,0,0,1,0,12192.0,2,1,1,1,0,0,1,0,7.6,270.7,0,0,0,0,0,1
40500,124.989,0.0,0,0,1,0,31.308,-0.891,0,1,1,0,18.484,0.0,0,32.09,0,0,0,1,0,1,1,0,0,1,0,12192.0,2,1,1,1,0,0,1,0,8.1,271.7,0,0,0,0,0,1
40600,124.989,0.0,0,0,1,0,31.225,-0.827,0,1,1,0,18.484,0.0,0,31.89,0,0,0,1,0,1,1,0,0,1,0,12192.0,2,1,1,1,0,0,1,0,8.5,270.9,0,0,0,0,0,1
40700,124.989,0.0,0,0,1,0,31.149,-0.764,0,1,1,0,18.484,0.0,0,32.02,0,0,0,1,0,1,1,0,0,1,0,12192.0,2,1,1,1,0,0,1,0,7.9,271.6,0,0,0,0,0,1
40800,124.989,0.0,0,0,1,0,31.079,-0.7,0,1,1,0,18.484,0.0,0,32.15,0,0,0,1,0,1,1,0,0,1,0,12192.0,2,1,1,1,0,0,1,0,7.6,265.8,0,0,0,0,0,1
40900,124.989,0.0,0,0,1,0,31.015,-0.636,0,1,1,0,18.484,0.0,0,32.09,0,0,0,1,0,1,1,0,0,1,0,12192.0,2,1,1,1,0,0,1,0,7.9,273.5,0,0,0,0,0,1
41000,124.989,0.0,0,0,1,0,30.958,-0.573,0,1,1,0,18.484,0.0,0,31.79,0,0,0,1,0,1,1,0,0,1,0,12192.0,2,1,1,1,0,0,1,0,7.4,268.4,0,0,0,0,0,1
41100,124.989,0.0,0,0,1,0,30.907,-0.509,0,1,1,0,18.484,0.0,0,31.9,0,0,0,1,0,1,1,0,0,1,0,12192.0,2,1,1,1,0,0,1,0,7.4,268.5,0,0,0,0,0,1
41200,124.989,0.0,0,0,1,0,30.862,-0.446,0,1,1,0,18.484,0.0,0,31.91,0,0,0,1,0,1,1,0,0,1,0,12192.0,2,1,1,1,0,0,1,0,7.5,272.6,0,0,0,0,0,1
41300,124.989,0.0,0,0,1,0,30.824,-0.382,0,1,1,0,18.484,0.0,0,32.28,0,0,0,1,0,1,1,0,0,1,0,12192.0,2,1,1,1,0,0,1,0,8.0,269.1,0,0,0,0,0,1
41400,124.989,0.0,0,0,1,0,30.792,-0.318,0,1,1,0,18.484,0.0,0,32.16,0,0,0,1,0,1,1,0,0,1,0,12192.0,2,1,1,1,0,0,1,0,8.0,270.0,0,0,0,0,0,1
41500,124.989,0.0,0,0,1,0,30.767,-0.25,0,1,1,0,18.484,0.0,0,31.9,0,0,0,1,0,1,1,0,0,1,0,12192.0,2,1,1,1,0,0,1,0,6.9,268.6,0,0,0,0,0,1
41600,124.989,0.0,0,0,1,0,30.75,-0.175,0,1,1,0,18.484,0.0,0,32.01,0,0,0,1,0,1,1,0,0,1,0,12192.0,2,1,1,1,0,0,1,0,6.9,269.2,0,0,0,0,0,1
41700,124.989,0.0,0,0,1,0,30.74,-0.091,0,1,1,0,18.484,0.0,0,32.18,0,0,0,1,0,1,1,0,0,1,0,12192.0,2,1,1,1,0,0,1,0,7.1,269.4,0,0,0,0,0,1
41800,124.989,0.0,0,0,0,0,30.738,0.0,0,0,0,0,18.484,0.0,0,32.26,0,0,0,0,0,1,1,0,0,1,0,12192.0,2,1,1,0,1,0,1,0,7.3,270.8,0,0,0,0,0,1
41900,124.989,0.0,0,0,1,0,30.738,0.0,0,0,1,0,18.479,-0.047,0,30.47,0,0,1,1,0,1,1,0,0,1,0,12192.0,2,1,1,1,0,0,1,0,7.2,272.0,0,0,0,0,0,1
42000,124.989,0.0,0,0,1,0,30.738,0.0,0,0,1,0,18.47,-0.094,0,30.42,0,0,1,1,0,1,1,0,0,1,0,12192.0,2,1,1,1,0,0,1,0,6.6,269.4,0,0,0,0,0,1
42100,124.989,0.0,0,0,1,0,30.738,0.0,0,0,1,0,18.455,-0.141,0,30.48,0,0,1,1,0,1,1,0,0,1,0,12192.0,2,1,1,1,0,0,1,0,7.7,274.3,0,0,0,0,0,1
42200,124.989,0.0,0,0,1,0,30.738,0.0,0,0,1,0,18.437,-0.189,0,30.4,0,0,1,1,0,1,1,0,0,1,0,12192.0,2,1,1,1,0,0,1,0,6.9,268.1,0,0,0,0,0,1
42300,124.989,0.0,0,0,1,0,30.738,0.0,0,0,1,0,18.413,-0.236,0,30.54,0,0,1,1,0,1,1,0,0,1,0,12192.0,2,1,1,1,0,0,1,0,7.1,266.6,0,0,0,0,0,1
42400,124.989,0.0,0,0,1,0,30.738,0.0,0,0,1,0,18.385,-0.283,0,30.35,0,0,1,1,0,1,1,0,0,1,0,12192.0,2,1,1,1,0,0,1,0,7.2,273.8,0,0,0,0,0,1
42500,124.989,0.0,0,0,1,0,30.738,0.0,0,0,1,0,18.352,-0.33,0,30.64,0,0,1,1,0,1,1,0,0,1,0,12192.0,2,1,1,1,0,0,1,0,6.3,270.2,0,0,0,0,0,1
42600,124.989,0.0,0,0,1,0,30.738,0.0,0,0,1,0,18.314,-0.377,0,30.38,0,0,1,1,0,1,1,0,0,1,0,12192.0,2,1,1,1,0,0,1,0,7.6,269.0,0,0,0,0,0,1
42700,124.989,0.0,0,0,1,0,30.738,0.0,0,0,1,0,18.271,-0.424,0,30.53,0,0,1,1,0,1,1,0,0,1,0,12192.0,2,1,1,1,0,0,1,0,7.4,272.4,0,0,0,0,0,1
42800,124.989,0.0,0,0,1,0,30.738,0.0,0,0,1,0,18.224,-0.472,0,30.47,0,0,1,1,0,1,1,0,0,1,0,12192.0,2,1,1,1,0,0,1,0,7.2,267.1,0,0,0,0,0,1
42900,124.989,0.0,0,0,1,0,30.738,0.0,0,0,1,0,18.172,-0.519,0,30.66,0,0,1,1,0,1,1,0,0,1,0,12192.0,2,1,1,1,0,0,1,0,7.5,270.3,0,0,0,0,0,1
43000,124.989,0.0,0,0,1,0,30.738,0.0,0,0,1,0,18.116,-0.566,0,30.71,0,0,1,1,0,1,1,0,0,1,0,12192.0,2,1,1,1,0,0,1,0,7.9,272.1,0,0,0,0,0,1
43100,124.989,0.0,0,0,1,0,30.738,0.0,0,0,1,0,18.054,-0.613,0,30.48,0,0,1,1,0,1,1,0,0,1,0,12192.0,2,1,1,1,0,0,1,0,8.0,266.1,0,0,0,0,0,1
43200,124.989,0.0,0,0,1,0,30.738,0.0,0,0,1,0,17.988,-0.66,0,30.24,0,0,1,1,0,1,1,0,0,1,0,12192.0,2,1,1,1,0,0,1,0,7.7,267.4,0,0,0,0,0,1
43300,124.989,0.0,0,0,1,0,30.738,0.0,0,0,1,0,17.918,-0.707,0,30.43,0,0,1,1,0,1,1,0,0,1,0,12192.0,2,1,1,1,0,0,1,0,7.4,267.4,0,0,0,0,0,1
43400,124.989,0.0,0,0,1,0,30.738,0.0,0,0,1,0,17.842,-0.755,0,30.5,0,0,1,1,0,1,1,0,0,1,0,12192.0,2,1,1,1,0,0,1,0,6.3,273.0,0,0,0,0,0,1
43500,124.989,0.0,0,0,1,0,30.738,0.0,0,0,1,0,17.762,-0.802,0,30.39,0,0,1,1,0,1,1,0,0,1,0,12192.0,2,1,1,1,0,0,1,0,7.3,264.2,0,0,0,0,0,1
43600,124.989,0.0,0,0,1,0,30.738,0.0,0,0,1,0,17.677,-0.849,0,30.54,0,0,1,1,0,1,1,0,0,1,0,12192.0,2,1,1,1,0,0,1,0,7.5,270.5,0,0,0,0,0,1
43700,124.989,0.0,0,0,1,0,30.738,0.0,0,0,1,0,17.588,-0.896,0,30.26,0,0,1,1,0,1,1,0,0,1,0,12192.0,2,1,1,1,0,0,1,0,7.7,274.7,0,0,0,0,0,1
43800,124.989,0.0,0,0,1,0,30.738,0.0,0,0,1,0,17.493,-0.943,0,30.46,0,0,1,1,0,1,1,0,0,1,0,12192.0,2,1,1,1,0,0,1,0,8.3,270.1,0,0,0,0,0,1
43900,124.989,0.0,0,0,1,0,30.738,0.0,0,0,1,0,17.394,-0.99,0,30.33,0,0,1,1,0,1,1,0,0,1,0,12192.0,2,1,1,1,0,0,1,0,7.7,271.5,0,0,0,0,0,1
44000,124.989,0.0,0,0,1,0,30.738,0.0,0,0,1,0,17.29,-1.038,0,30.19,0,0,1,1,0,1,1,0,0,1,0,12192.0,2,1,1,1,0,0,1,0,6.8,268.9,0,0,0,0,0,1
44100,124.989,0.0,0,0,1,0,30.738,0.0,0,0,1,0,17.182,-1.085,0,30.42,0,0,1,1,0,1,1,0,0,1,0,12192.0,2,1,1,1,0,0,1,0,6.9,273.0,0,0,0,0,0,1
44200,124.989,0.0,0,0,1,0,30.738,0.0,0,0,1,0,17.069,-1.132,0,30.49,0,0,1,1,0,1,1,0,0,1,0,12192.0,2,1,1,1,0,0,1,0,7.9,266.1,0,0,0,0,0,1
44300,124.989,0.0,0,0,1,0,30.738,0.0,0,0,1,0,16.951,-1.179,0,30.4,0,0,1,1,0,1,1,0,0,1,0,12192.0,2,1,1,1,0,0,1,0,8.2,267.3,0,0,0,0,0,1
44400,124.989,0.0,0,0,1,0,30.738,0.0,0,0,1,0,16.828,-1.226,0,30.31,0,0,1,1,0,1,1,0,0,1,0,12192.0,2,1,1,1,0,0,1,0,7.8,271.0,0,0,0,0,0,1
44500,124.989,0.0,0,0,1,0,30.738,0.0,0,0,1,0,16.702,-1.258,0,30.62,0,0,1,1,0,1,1,0,0,1,0,12192.0,2,1,1,1,0,0,1,0,7.8,270.7,0,0,0,0,0,1
44600,124.989,0.0,0,0,1,0,30.738,0.0,0,0,1,0,16.577,-1.258,0,30.41,0,0,1,1,0,1,1,0,0,1,0,12192.0,2,1,1,1,0,0,1,0,8.0,274.0,0,0,0,0,0,1
44700,124.989,0.0,0,0,1,0,30.738,0.0,0,0,1,0,16.451,-1.258,0,30.51,0,0,1,1,0,1,1,0,0,1,0,12192.0,2,1,1,1,0,0,1,0,7.8,267.3,0,0,0,0,0,1
44800,124.989,0.0,0,0,1,0,30.738,0.0,0,0,1,0,16.325,-1.258,0,30.15,0,0,1,1,0,1,1,0,0,1,0,12192.0,2,1,1,1,0,0,1,0,8.0,271.0,0,0,0,0,0,1
44900,124.989,0.0,0,0,1,0,30.738,0.0,0,0,1,0,16.199,-1.258,0,30.54,0,0,1,1,0,1,1,0,0,1,0,12192.0,2,1,1,1,0,0,1,0,8.0,268.8,0,0,0,0,0,1
45000,124.989,0.0,0,0,1,0,30.738,0.0,0,0,1,0,16.073,-1.258,0,30.35,0,0,1,1,0,1,1,0,0,1,0,12192.0,2,1,1,1,0,0,1,0,8.9,269.5,0,0,0,0,0,1
45100,124.989,0.0,0,0,1,0,30.738,0.0,0,0,1,0,15.947,-1.258,0,30.34,0,0,1,1,0,1,1,0,0,1,0,12192.0,2,1,1,1,0,0,1,0,8.6,273.8,0,0,0,0,0,1
45200,124.989,0.0,0,0,1,0,30.738,0.0,0,0,1,0,15.822,-1.258,0,30.57,0,0,1,1,0,1,1,0,0,1,0,12192.0,2,1,1,1,0,0,1,0,8.5,273.3,0,0,0,0,0,1
45300,124.989,0.0,0,0,1,0,30.738,0.0,0,0,1,0,15.696,-1.258,0,30.52,0,0,1,1,0,1,1,0,0,1,0,12192.0,2,1,1,1,0,0,1,0,7.8,267.7,0,0,0,0,0,1
45400,124.989,0.0,0,0,1,0,30.738,0.0,0,0,1,0,15.57,-1.258,0,30.49,0,0,1,1,0,1,1,0,0,1,0,12192.0,2,1,1,1,0,0,1,0,8.2,268.3,0,0,0,0,0,1
45500,124.989,0.0,0,0,1,0,30.738,0.0,0,0,1,0,15.444,-1.258,0,30.53,0,0,1,1,0,1,1,0,0,1,0,12192.0,2,1,1,1,0,0,1,0,8.7,270.0,0,0,0,0,0,1
45600,124.989,0.0,0,0,1,0,30.738,0.0,0,0,1,0,15.318,-1.258,0,30.19,0,0,1,1,0,1,1,0,0,1,0,12192.0,2,1,1,1,0,0,1,0,8.1,272.6,0,0,0,0,0,1
45700,124.989,0.0,0,0,1,0,30.738,0.0,0,0,1,0,15.192,-1.258,0,30.52,0,0,1,1,0,1,1,0,0,1,0,12192.0,2,1,1,1,0,0,1,0,8.2,267.9,0,0,0,0,0,1
45800,124.989,0.0,0,0,1,0,30.738,0.0,0,0,1,0,15.067,-1.258,0,30.4,0,0,1,1,0,1,1,0,0,1,0,12192.0,2,1,1,1,0,0,1,0,8.7,275.6,0,0,0,0,0,1
45900,124.989,0.0,0,0,1,0,30.738,0.0,0,0,1,0,14.941,-1.258,0,30.57,0,0,1,1,0,1,1,0,0,1,0,12192.0,2,1,1,1,0,0,1,0,7.2,272.3,0,0,0,0,0,1
46000,124.989,0.0,0,0,1,0,30.738,0.0,0,0,1,0,14.815,-1.258,0,30.5,0,0,1,1,0,1,1,0,0,1,0,12192.0,2,1,1,1,0,0,1,0,8.8,266.7,0,0,0,0,0,1
46100,124.989,0.0,0,0,1,0,30.738,0.0,0,0,1,0,14.689,-1.258,0,30.7,0,0,1,1,0,1,1,0,0,1,0,12192.0,2,1,1,1,0,0,1,0,9.1,269.7,0,0,0,0,0,1
46200,124.989,0.0,0,0,1,0,30.738,0.0,0,0,1,0,14.563,-1.258,0,30.41,0,0,1,1,0,1,1,0,0,1,0,12192.0,2,1,1,1,0,0,1,0,7.9,270.1,0,0,0,0,0,1
46300,124.989,0.0,0,0,1,0,30.738,0.0,0,0,1,0,14.437,-1.258,0,30.41,0,0,1,1,0,1,1,0,0,1,0,12192.0,2,1,1,1,0,0,1,0,8.6,268.5,0,0,0,0,0,1
46400,124.989,0.0,0,0,1,0,30.738,0.0,0,0,1,0,14.312,-1.258,0,30.3,0,0,1,1,0,1,1,0,0,1,0,12192.0,2,1,1,1,0,0,1,0,8.9,274.2,0,0,0,0,0,1
46500,124.989,0.0,0,0,1,0,30.738,0.0,0,0,1,0,14.186,-1.258,0,30.4,0,0,1,1,0,1,1,0,0,1,0,12192.0,2,1,1,1,0,0,1,0,8.0,271.8,0,0,0,0,0,1
46600,124.989,0.0,0,0,1,0,30.738,0.0,0,0,1,0,14.06,-1.258,0,30.43,0,0,1,1,0,1,1,0,0,1,0,12192.0,2,1,1,1,0,0,1,0,8.5,268.2,0,0,0,0,0,1
46700,124.989,0.0,0,0,1,0,30.738,0.0,0,0,1,0,13.934,-1.258,0,30.37,0,0,1,1,0,1,1,0,0,1,0,12192.0,2,1,1,1,0,0,1,0,7.8,269.9,0,0,0,0,0,1
46800,124.989,0.0,0,0,1,0,30.738,0.0,0,0,1,0,13.808,-1.258,0,30.52,0,0,1,1,0,1,1,0,0,1,0,12192.0,2,1,1,1,0,0,1,0,8.9,267.5,0,0,0,0,0,1
46900,124.989,0.0,0,0,1,0,30.738,0.0,0,0,1,0,13.682,-1.258,0,30.48,0,0,1,1,0,1,1,0,0,1,0,12192.0,2,1,1,1,0,0,1,0,7.7,269.8,0,0,0,0,0,1
47000,124.989,0.0,0,0,1,0,30.738,0.0,0,0,1,0,13.557,-1.258,0,30.37,0,0,1,1,0,1,1,0,0,1,0,12192.0,2,1,1,1,0,0,1,0,8.6,272.3,0,0,0,0,0,1
47100,124.989,0.0,0,0,1,0,30.738,0.0,0,0,1,0,13.431,-1.258,0,30.49,0,0,1,1,0,1,1,0,0,1,0,12192.0,2,1,1,1,0,0,1,0,8.6,272.4,0,0,0,0,0,1
47200,124.989,0.0,0,0,1,0,30.738,0.0,0,0,1,0,13.305,-1.258,0,30.49,0,0,1,1,0,1,1,0,0,1,0,12192.0,2,1,1,1,0,0,1,0,8.4,271.7,0,0,0,0,0,1
47300,124.989,0.0,0,0,1,0,30.738,0.0,0,0,1,0,13.179,-1.258,0,30.34,0,0,1,1,0,1,1,0,0,1,0,12192.0,2,1,1,1,0,0,1,0,8.9,270.5,0,0,0,0,0,1
47400,124.989,0.0,0,0,1,0,30.738,0.0,0,0,1,0,13.053,-1.258,0,30.44,0,0,1,1,0,1,1,0,0,1,0,12192.0,2,1,1,1,0,0,1,0,8.4,267.5,0,0,0,0,0,1
47500,124.989,0.0,0,0,1,0,30.738,0.0,0,0,1,0,12.927,-1.258,0,30.43,0,0,1,1,0,1,1,0,0,1,0,12192.0,2,1,1,1,0,0,1,0,9.0,270.6,0,0,0,0,0,1
47600,124.989,0.0,0,0,1,0,30.738,0.0,0,0,1,0,12.802,-1.258,0,30.65,0,0,1,1,0,1,1,0,0,1,0,12192.0,2,1,1,1,0,0,1,0,9.0,265.7,0,0,0,0,0,1
47700,124.989,0.0,0,0,1,0,30.738,0.0,0,0,1,0,12.676,-1.258,0,30.49,0,0,1,1,0,1,1,0,0,1,0,12192.0,2,1,1,1,0,0,1,0,8.1,273.4,0,0,0,0,0,1
47800,124.989,0.0,0,0,1,0,30.738,0.0,0,0,1,0,12.55,-1.258,0,30.42,0,0,1,1,0,1,1,0,0,1,0,12192.0,2,1,1,1,0,0,1,0,8.5,269.8,0,0,0,0,0,1
47900,124.989,0.0,0,0,1,0,30.738,0.0,0,0,1,0,12.424,-1.258,0,30.33,0,0,1,1,0,1,1,0,0,1,0,12192.0,2,1,1,1,0,0,1,0,8.4,272.0,0,0,0,0,0,1
48000,124.989,0.0,0,0,1,0,30.738,0.0,0,0,1,0,12.298,-1.258,0,30.45,0,0,1,1,0,1,1,0,0,1,0,12192.0,2,1,1,1,0,0,1,0,8.4,269.1,0,0,0,0,0,1
48100,124.989,0.0,0,0,1,0,30.738,0.0,0,0,1,0,12.173,-1.258,0,30.19,0,0,1,1,0,1,1,0,0,1,0,12192.0,2,1,1,1,0,0,1,0,7.4,271.3,0,0,0,0,0,1
48200,124.989,0.0,0,0,1,0,30.738,0.0,0,0,1,0,12.047,-1.258,0,30.43,0,0,1,1,0,1,1,0,0,1,0,12192.0,2,1,1,1,0,0,1,0,8.2,268.2,0,0,0,0,0,1
48300,124.989,0.0,0,0,1,0,30.738,0.0,0,0,1,0,11.921,-1.258,0,30.38,0,0,1,1,0,1,1,0,0,1,0,12192.0,2,1,1,1,0,0,1,0,8.0,269.9,0,0,0,0,0,1
48400,124.989,0.0,0,0,1,0,30.738,0.0,0,0,1,0,11.795,-1.258,0,30.44,0,0,1,1,0,1,1,0,0,1,0,12192.0,2,1,1,1,0,0,1,0,8.7,269.1,0,0,0,0,0,1
48500,124.989,0.0,0,0,1,0,30.738,0.0,0,0,1,0,11.669,-1.258,0,30.48,0,0,1,1,0,1,1,0,0,1,0,12192.0,2,1,1,1,0,0,1,0,7.1,271.9,0,0,0,0,0,1
48600,124.989,0.0,0,0,1,0,30.738,0.0,0,0,1,0,11.543,-1.258,0,30.53,0,0,1,1,0,1,1,0,0,1,0,12192.0,2,1,1,1,0,0,1,0,7.9,266.1,0,0,0,0,0,1
48700,124.989,0.0,0,0,1,0,30.738,0.0,0,0,1,0,11.418,-1.258,0,30.39,0,0,1,1,0,1,1,0,0,1,0,12192.0,2,1,1,1,0,0,1,0,8.7,274.5,0,0,0,0,0,1
48800,124.989,0.0,0,0,1,0,30.738,0.0,0,0,1,0,11.292,-1.258,0,30.46,0,0,1,1,0,1,1,0,0,1,0,12192.0,2,1,1,1,0,0,1,0,8.6,267.3,0,0,0,0,0,1
48900,124.989,0.0,0,0,1,0,30.738,0.0,0,0,1,0,11.166,-1.258,0,30.42,0,0,1,1,0,1,1,0,0,1,0,12192.0,2,1,1,1,0,0,1,0,8.3,267.8,0,0,0,0,0,1
49000,124.989,0.0,0,0,1,0,30.738,0.0,0,0,1,0,11.04,-1.258,0,30.71,0,0,1,1,0,1,1,0,0,1,0,12192.0,2,1,1,1,0,0,1,0,7.3,269.9,0,0,0,0,0,1
49100,124.989,0.0,0,0,1,0,30.738,0.0,0,0,1,0,10.914,-1.258,0,30.43,0,0,1,1,0,1,1,0,0,1,0,12192.0,2,1,1,1,0,0,1,0,8.2,274.8,0,0,0,0,0,1
49200,124.989,0.0,0,0,1,0,30.738,0.0,0,0,1,0,10.788,-1.258,0,30.51,0,0,1,1,0,1,1,0,0,1,0,12192.0,2,1,1,1,0,0,1,0,7.6,268.5,0,0,0,0,0,1
49300,124.989,0.0,0,0,1,0,30.738,0.0,0,0,1,0,10.663,-1.258,0,30.54,0,0,1,1,0,1,1,0,0,1,0,12192.0,2,1,1,1,0,0,1,0,8.2,271.1,0,0,0,0,0,1
49400,124.989,0.0,0,0,1,0,30.738,0.0,0,0,1,0,10.537,-1.258,0,30.53,0,0,1,1,0,1,1,0,0,1,0,12192.0,2,1,1,1,0,0,1,0,8.8,274.5,0,0,0,0,0,1
49500,124.989,0.0,0,0,1,0,30.738,0.0,0,0,1,0,10.411,-1.258,0,30.5,0,0,1,1,0,1,1,0,0,1,0,12192.0,2,1,1,1,0,0,1,0,8.4,273.1,0,0,0,0,0,1
49600,124.989,0.0,0,0,1,0,30.738,0.0,0,0,1,0,10.285,-1.258,0,30.67,0,0,1,1,0,1,1,0,0,1,0,12192.0,2,1,1,1,0,0,1,0,8.6,271.5,0,0,0,0,0,1
49700,124.989,0.0,0,0,1,0,30.738,0.0,0,0,1,0,10.159,-1.258,0,30.26,0,0,1,1,0,1,1,0,0,1,0,12192.0,2,1,1,1,0,0,1,0,8.0,270.9,0,0,0,0,0,1
49800,124.989,0.0,0,0,1,0,30.738,0.0,0,0,1,0,10.033,-1.258,0,30.46,0,0,1,1,0,1,1,0,0,1,0,12192.0,2,1,1,1,0,0,1,0,7.1,268.4,0,0,0,0,0,1
49900,124.989,0.0,0,0,1,0,30.738,0.0,0,0,1,0,9.908,-1.258,0,30.35,0,0,1,1,0,1,1,0,0,1,0,12192.0,2,1,1,1,0,0,1,0,7.1,266.3,0,0,0,0,0,1
50000,124.989,0.0,0,0,1,0,30.738,0.0,0,0,1,0,9.782,-1.258,0,30.57,0,0,1,1,0,1,1,0,0,1,0,12192.0,2,1,1,1,0,0,1,0,8.2,264.2,0,0,0,0,0,1
50100,124.989,0.0,0,0,1,0,30.738,0.0,0,0,1,0,9.656,-1.258,0,30.3,0,0,1,1,0,1,1,0,0,1,0,12192.0,2,1,1,1,0,0,1,0,6.9,272.0,0,0,0,0,0,1
50200,124.989,0.0,0,0,1,0,30.738,0.0,0,0,1,0,9.53,-1.258,0,30.54,0,0,1,1,0,1,1,0,0,1,0,12192.0,2,1,1,1,0,0,1,0,8.1,271.6,0,0,0,0,0,1
50300,124.989,0.0,0,0,1,0,30.738,0.0,0,0,1,0,9.404,-1.258,0,30.56,0,0,1,1,0,1,1,0,0,1,0,12192.0,2,1,1,1,0,0,1,0,7.2,270.7,0,0,0,0,0,1
50400,124.989,0.0,0,0,1,0,30.738,0.0,0,0,1,0,9.278,-1.258,0,30.46,0,0,1,1,0,1,1,0,0,1,0,12192.0,2,1,1,1,0,0,1,0,8.1,268.0,0,0,0,0,0,1
50500,124.989,0.0,0,0,1,0,30.738,0.0,0,0,1,0,9.153,-1.258,0,30.31,0,0,1,1,0,1,1,0,0,1,0,12192.0,2,1,1,1,0,0,1,0,7.0,272.2,0,0,0,0,0,1
50600,124.989,0.0,0,0,1,0,30.738,0.0,0,0,1,0,9.027,-1.258,0,30.53,0,0,1,1,0,1,1,0,0,1,0,12192.0,2,1,1,1,0,0,1,0,7.6,270.2,0,0,0,0,0,1
50700,124.989,0.0,0,0,1,0,30.738,0.0,0,0,1,0,8.901,-1.258,0,30.65,0,0,1,1,0,1,1,0,0,1,0,12192.0,2,1,1,1,0,0,1,0,7.1,268.0,0,0,0,0,0,1
50800,124.989,0.0,0,0,1,0,30.738,0.0,0,0,1,0,8.775,-1.258,0,30.49,0,0,1,1,0,1,1,0,0,1,0,12192.0,2,1,1,1,0,0,1,0,7.9,269.8,0,0,0,0,0,1
50900,124.989,0.0,0,0,1,0,30.738,0.0,0,0,1,0,8.649,-1.258,0,30.44,0,0,1,1,0,1,1,0,0,1,0,12192.0,2,1,1,1,0,0,1,0,7.5,270.4,0,0,0,0,0,1
51000,124.989,0.0,0,0,1,0,30.738,0.0,0,0,1,0,8.523,-1.258,0,30.39,0,0,1,1,0,1,1,0,0,1,0,12192.0,2,1,1,1,0,0,1,0,7.9,269.1,0,0,0,0,0,1
51100,124.989,0.0,0,0,1,0,30.738,0.0,0,0,1,0,8.398,-1.258,0,30.34,0,0,1,1,0,1,1,0,0,1,0,12192.0,2,1,1,1,0,0,1,0,7.5,265.4,0,0,0,0,0,1
51200,124.989,0.0,0,0,1,0,30.738,0.0,0,0,1,0,8.272,-1.258,0,30.45,0,0,1,1,0,1,1,0,0,1,0,12192.0,2,1,1,1,0,0,1,0,7.6,270.7,0,0,0,0,0,1
51300,124.989,0.0,0,0,1,0,30.738,0.0,0,0,1,0,8.146,-1.258,0,30.61,0,0,1,1,0,1,1,0,0,1,0,12192.0,2,1,1,1,0,0,1,0,7.2,272.9,0,0,0,0,0,1
51400,124.989,0.0,0,0,1,0,30.738,0.0,0,0,1,0,8.02,-1.258,0,30.34,0,0,1,1,0,1,1,0,0,1,0,12192.0,2,1,1,1,0,0,1,0,7.2,268.9,0,0,0,0,0,1
51500,124.989,0.0,0,0,1,0,30.738,0.0,0,0,1,0,7.894,-1.258,0,30.53,0,0,1,1,0,1,1,0,0,1,0,12192.0,2,1,1,1,0,0,1,0,7.4,270.5,0,0,0,0,0,1
51600,124.989,0.0,0,0,1,0,30.738,0.0,0,0,1,0,7.768,-1.258,0,30.36,0,0,1,1,0,1,1,0,0,1,0,12192.0,2,1,1,1,0,0,1,0,7.4,269.4,0,0,0,0,0,1
51700,124.989,0.0,0,0,1,0,30.738,0.0,0,0,1,0,7.643,-1.258,0,30.63,0,0,1,1,0,1,1,0,0,1,0,12192.0,2,1,1,1,0,0,1,0,7.8,270.0,0,0,0,0,0,1
51800,124.989,0.0,0,0,1,0,30.738,0.0,0,0,1,0,7.517,-1.258,0,30.64,0,0,1,1,0,1,1,0,0,1,0,12192.0,2,1,1,1,0,0,1,0,7.0,270.2,0,0,0,0,0,1
51900,124.989,0.0,0,0,1,0,30.738,0.0,0,0,1,0,7.391,-1.258,0,30.6,0,0,1,1,0,1,1,0,0,1,0,12192.0,2,1,1,1,0,0,1,0,7.6,271.4,0,0,0,0,0,1
52000,124.989,0.0,0,0,1,0,30.738,0.0,0,0,1,0,7.265,-1.258,0,30.57,0,0,1,1,0,1,1,0,0,1,0,12192.0,2,1,1,1,0,0,1,0,7.5,272.4,0,0,0,0,0,1
52100,124.989,0.0,0,0,1,0,30.738,0.0,0,0,1,0,7.139,-1.258,0,30.43,0,0,1,1,0,1,1,0,0,1,0,12192.0,2,1,1,1,0,0,1,0,7.5,272.1,0,0,0,0,0,1
52200,124.989,0.0,0,0,1,0,30.738,0.0,0,0,1,0,7.013,-1.258,0,30.51,0,0,1,1,0,1,1,0,0,1,0,12192.0,2,1,1,1,0,0,1,0,7.9,271.7,0,0,0,0,0,1
52300,124.989,0.0,0,0,1,0,30.738,0.0,0,0,1,0,6.888,-1.258,0,30.6,0,0,1,1,0,1,1,0,0,1,0,12192.0,2,1,1,1,0,0,1,0,7.3,273.6,0,0,0,0,0,1
52400,124.989,0.0,0,0,1,0,30.738,0.0,0,0,1,0,6.762,-1.258,0,30.63,0,0,1,1,0,1,1,0,0,1,0,12192.0,2,1,1,1,0,0,1,0,7.1,271.6,0,0,0,0,0,1
52500,124.989,0.0,0,0,1,0,30.738,0.0,0,0,1,0,6.636,-1.258,0,30.33,0,0,1,1,0,1,1,0,0,1,0,12192.0,2,1,1,1,0,0,1,0,7.3,274.6,0,0,0,0,0,1
52600,124.989,0.0,0,0,1,0,30.738,0.0,0,0,1,0,6.51,-1.258,0,30.51,0,0,1,1,0,1,1,0,0,1,0,12192.0,2,1,1,1,0,0,1,0,6.9,267.1,0,0,0,0,0,1
52700,124.989,0.0,0,0,1,0,30.738,0.0,0,0,1,0,6.384,-1.258,0,30.46,0,0,1,1,0,1,1,0,0,1,0,12192.0,2,1,1,1,0,0,1,0,7.5,271.8,0,0,0,0,0,1
52800,124.989,0.0,0,0,1,0,30.738,0.0,0,0,1,0,6.258,-1.258,0,30.41,0,0,1,1,0,1,1,0,0,1,0,12192.0,2,1,1,1,0,0,1,0,7.3,270.3,0,0,0,0,0,1
52900,124.989,0.0,0,0,1,0,30.738,0.0,0,0,1,0,6.133,-1.258,0,30.2,0,0,1,1,0,1,1,0,0,1,0,12192.0,2,1,1,1,0,0,1,0,7.6,269.6,0,0,0,0,0,1
53000,124.989,0.0,0,0,1,0,30.738,0.0,0,0,1,0,6.007,-1.258,0,30.24,0,0,1,1,0,1,1,0,0,1,0,12192.0,2,1,1,1,0,0,1,0,7.9,266.6,0,0,0,0,0,1
53100,124.989,0.0,0,0,1,0,30.738,0.0,0,0,1,0,5.881,-1.258,0,30.56,0,0,1,1,0,1,1,0,0,1,0,12192.0,2,1,1,1,0,0,1,0,8.5,269.1,0,0,0,0,0,1
53200,124.989,0.0,0,0,1,0,30.738,0.0,0,0,1,0,5.755,-1.258,0,30.52,0,0,1,1,0,1,1,0,0,1,0,12192.0,2,1,1,1,0,0,1,0,7.8,273.0,0,0,0,0,0,1
53300,124.989,0.0,0,0,1,0,30.738,0.0,0,0,1,0,5.629,-1.258,0,30.41,0,0,1,1,0,1,1,0,0,1,0,12192.0,2,1,1,1,0,0,1,0,8.3,271.8,0,0,0,0,0,1
53400,124.989,0.0,0,0,1,0,30.738,0.0,0,0,1,0,5.503,-1.258,0,30.5,0,0,1,1,0,1,1,0,0,1,0,12192.0,2,1,1,1,0,0,1,0,8.2,269.9,0,0,0,0,0,1
53500,124.989,0.0,0,0,1,0,30.738,0.0,0,0,1,0,5.378,-1.258,0,30.45,0,0,1,1,0,1,1,0,0,1,0,12192.0,2,1,1,1,0,0,1,0,7.9,271.7,0,0,0,0,0,1
53600,124.989,0.0,0,0,1,0,30.738,0.0,0,0,1,0,5.252,-1.258,0,30.6,0,0,1,1,0,1,1,0,0,1,0,12192.0,2,1,1,1,0,0,1,0,8.4,271.8,0,0,0,0,0,1
53700,124.989,0.0,0,0,1,0,30.738,0.0,0,0,1,0,5.126,-1.258,0,30.44,0,0,1,1,0,1,1,0,0,1,0,12192.0,2,1,1,1,0,0,1,0,7.2,264.0,0,0,0,0,0,1
53800,124.989,0.0,0,0,1,0,30.738,0.0,0,0,1,0,5.0,-1.258,0,30.57,0,0,1,1,0,1,1,0,0,1,0,12192.0,2,1,1,1,0,0,1,0,8.1,268.4,0,0,0,0,0,1
53900,124.989,0.0,0,0,1,0,30.738,0.0,0,0,1,0,4.874,-1.258,0,30.41,0,0,1,1,0,1,1,0,0,1,0,12192.0,2,1,1,1,0,0,1,0,8.7,270.7,0,0,0,0,0,1
54000,124.989,0.0,0,0,1,0,30.738,0.0,0,0,1,0,4.748,-1.258,0,30.54,0,0,1,1,0,1,1,0,0,1,0,12192.0,2,1,1,1,0,0,1,0,7.4,267.6,0,0,0,0,0,1
54100,124.989,0.0,0,0,1,0,30.738,0.0,0,0,1,0,4.623,-1.258,0,30.37,0,0,1,1,0,1,1,0,0,1,0,12192.0,2,1,1,1,0,0,1,0,7.5,270.1,0,0,0,0,0,1
54200,124.989,0.0,0,0,1,0,30.738,0.0,0,0,1,0,4.497,-1.258,0,30.56,0,0,1,1,0,1,1,0,0,1,0,12192.0,2,1,1,1,0,0,1,0,8.4,272.8,0,0,0,0,0,1
54300,124.989,0.0,0,0,1,0,30.738,0.0,0,0,1,0,4.371,-1.258,0,30.46,0,0,1,1,0,1,1,0,0,1,0,12192.0,2,1,1,1,0,0,1,0,7.5,274.2,0,0,0,0,0,1
54400,124.989,0.0,0,0,1,0,30.738,0.0,0,0,1,0,4.245,-1.258,0,30.37,0,0,1,1,0,1,1,0,0,1,0,12192.0,2,1,1,1,0,0,1,0,8.5,266.7,0,0,0,0,0,1
54500,124.989,0.0,0,0,1,0,30.738,0.0,0,0,1,0,4.119,-1.258,0,30.72,0,0,1,1,0,1,1,0,0,1,0,12192.0,2,1,1,1,0,0,1,0,8.8,271.4,0,0,0,0,0,1
54600,124.989,0.0,0,0,1,0,30.738,0.0,0,0,1,0,3.994,-1.258,0,30.74,0,0,1,1,0,1,1,0,0,1,0,12192.0,2,1,1,1,0,0,1,0,9.2,270.0,0,0,0,0,0,1
54700,124.989,0.0,0,0,1,0,30.738,0.0,0,0,1,0,3.868,-1.258,0,30.45,0,0,1,1,0,1,1,0,0,1,0,12192.0,2,1,1,1,0,0,1,0,8.5,266.0,0,0,0,0,0,1
54800,124.989,0.0,0,0,1,0,30.738,0.0,0,0,1,0,3.742,-1.258,0,30.69,0,0,1,1,0,1,1,0,0,1,0,12192.0,2,1,1,1,0,0,1,0,8.5,269.4,0,0,0,0,0,1
54900,124.989,0.0,0,0,1,0,30.738,0.0,0,0,1,0,3.616,-1.258,0,30.56,0,0,1,1,0,1,1,0,0,1,0,12192.0,2,1,1,1,0,0,1,0,8.6,266.1,0,0,0,0,0,1
55000,124.989,0.0,0,0,1,0,30.738,0.0,0,0,1,0,3.495,-1.211,0,33.47,0,0,1,1,0,1,1,0,0,1,0,12192.0,2,1,1,1,0,0,1,0,8.8,271.2,0,0,0,0,0,1
55100,124.989,0.0,0,0,1,0,30.738,0.0,0,0,1,0,3.378,-1.164,0,33.41,0,0,1,1,0,1,1,0,0,1,0,12192.0,2,1,1,1,0,0,1,0,8.0,267.8,0,0,0,0,0,1
55200,124.989,0.0,0,0,1,0,30.738,0.0,0,0,1,0,3.267,-1.117,0,33.7,0,0,1,1,0,1,1,0,0,1,0,12192.0,2,1,1,1,0,0,1,0,8.1,275.5,0,0,0,0,0,1
55300,124.989,0.0,0,0,1,0,30.738,0.0,0,0,1,0,3.16,-1.07,0,33.61,0,0,1,1,0,1,1,0,0,1,0,12192.0,2,1,1,1,0,0,1,0,8.1,271.7,0,0,0,0,0,1
55400,124.989,0.0,0,0,1,0,30.738,0.0,0,0,1,0,3.058,-1.022,0,33.36,0,0,1,1,0,1,1,0,0,1,0,12192.0,2,1,1,1,0,0,1,0,9.3,267.3,0,0,0,0,0,1
55500,124.989,0.0,0,0,1,0,30.738,0.0,0,0,1,0,2.96,-0.975,0,33.59,0,0,1,1,0,1,1,0,0,1,0,12192.0,2,1,1,1,0,0,1,0,8.8,276.1,0,0,0,0,0,1
55600,124.989,0.0,0,0,1,0,30.738,0.0,0,0,1,0,2.867,-0.928,0,33.41,0,0,1,1,0,1,1,0,0,1,0,12192.0,2,1,1,1,0,0,1,0,8.3,268.2,0,0,0,0,0,1
55700,124.989,0.0,0,0,1,0,30.738,0.0,0,0,1,0,2.779,-0.881,0,33.55,0,0,1,1,0,1,1,0,0,1,0,12192.0,2,1,1,1,0,0,1,0,9.2,268.0,0,0,0,0,0,1
55800,124.989,0.0,0,0,1,0,30.738,0.0,0,0,1,0,2.696,-0.833,0,33.66,0,0,1,1,0,1,1,0,0,1,0,12192.0,2,1,1,1,0,0,1,0,8.7,270.1,0,0,0,0,0,1
55900,124.989,0.0,0,0,1,0,30.738,0.0,0,0,1,0,2.617,-0.785,0,33.46,0,0,1,1,0,1,1,0,0,1,0,12192.0,2,1,1,1,0,0,1,0,8.3,270.3,0,0,0,0,0,1
56000,124.989,0.0,0,0,1,0,30.738,0.0,0,0,1,0,2.544,-0.736,0,33.46,0,0,1,1,0,1,1,0,0,1,0,12192.0,2,1,1,1,0,0,1,0,8.5,271.7,0,0,0,0,0,1
56100,124.989,0.0,0,0,1,0,30.738,0.0,0,0,1,0,2.475,-0.687,0,33.33,0,0,1,1,0,1,1,0,0,1,0,12192.0,2,1,1,1,0,0,1,0,9.1,270.7,0,0,0,0,0,1
56200,124.989,0.0,0,0,1,0,30.738,0.0,0,0,1,0,2.411,-0.638,0,33.62,0,0,1,1,0,1,1,0,0,1,0,12192.0,2,1,1,1,0,0,1,0,8.3,266.7,0,0,0,0,0,1
56300,124.989,0.0,0,0,1,0,30.738,0.0,0,0,1,0,2.352,-0.589,0,33.38,0,0,1,1,0,1,1,0,0,1,0,12192.0,2,1,1,1,0,0,1,0,8.7,273.0,0,0,0,0,0,1
56400,124.989,0.0,0,0,1,0,30.738,0.0,0,0,1,0,2.298,-0.54,0,33.67,0,0,1,1,0,1,1,0,0,1,0,12192.0,2,1,1,1,0,0,1,0,8.8,271.3,0,0,0,0,0,1
56500,124.989,0.0,0,0,1,0,30.738,0.0,0,0,1,0,2.249,-0.491,0,33.4,0,0,1,1,0,1,1,0,0,1,0,12192.0,2,1,1,1,0,0,1,0,9.2,269.5,0,0,0,0,0,1
56600,124.989,0.0,0,0,1,0,30.738,0.0,0,0,1,0,2.205,-0.441,0,33.4,0,0,1,1,0,1,1,0,0,1,0,12192.0,2,1,1,1,0,0,1,0,9.0,268.4,0,0,0,0,0,1
56700,124.989,0.0,0,0,1,0,30.738,0.0,0,0,1,0,2.166,-0.391,0,33.5,0,0,1,1,0,1,1,0,0,1,0,12192.0,2,1,1,1,0,0,1,0,8.5,268.9,0,0,0,0,0,1
56800,124.989,0.0,0,0,1,0,30.738,0.0,0,0,1,0,2.132,-0.34,0,33.58,0,0,1,1,0,1,1,0,0,1,0,12192.0,2,1,1,1,0,0,1,0,8.4,269.9,0,0,0,0,0,1
56900,124.989,0.0,0,0,1,0,30.738,0.0,0,0,1,0,2.103,-0.289,0,33.5,0,0,1,1,0,1,1,0,0,1,0,12192.0,2,1,1,1,0,0,1,0,8.9,270.9,0,0,0,0,0,1
57000,124.989,0.0,0,0,1,0,30.738,0.0,0,0,1,0,2.079,-0.238,0,33.57,0,0,1,1,0,1,1,0,0,1,0,12192.0,2,1,1,1,0,0,1,0,8.9,270.5,0,0,0,0,0,1
57100,124.989,0.0,0,0,1,0,30.738,0.0,0,0,1,0,2.061,-0.185,0,33.49,0,0,1,1,0,1,1,0,0,1,0,12192.0,2,1,1,1,0,0,1,0,8.2,268.1,0,0,0,0,0,1
57200,124.989,0.0,0,0,1,0,30.738,0.0,0,0,1,0,2.048,-0.129,0,33.63,0,0,1,1,0,1,1,0,0,1,0,12192.0,2,1,1,1,0,0,1,0,8.8,269.5,0,0,0,0,0,1
57300,124.989,0.0,0,0,1,0,30.738,0.0,0,0,1,0,2.041,-0.067,0,33.65,0,0,1,1,0,1,1,0,0,1,0,12192.0,2,1,1,1,0,0,1,0,8.6,275.1,0,0,0,0,0,1
57400,124.989,0.0,0,0,0,0,30.738,0.0,0,0,0,0,2.039,0.0,0,31.82,0,0,0,0,0,1,1,0,0,1,0,12192.0,2,1,1,0,1,0,1,0,8.2,274.0,0,0,0,0,0,1
57500,124.989,0.0,0,0,0,0,30.738,0.0,0,0,0,0,2.039,0.0,0,31.85,0,0,0,0,0,1,1,0,1,1,0,12192.0,2,1,1,0,1,0,1,0,8.5,267.7,0,0,0,0,0,1
57600,124.989,0.0,0,0,0,0,30.738,0.0,0,0,0,0,2.039,0.0,0,31.83,0,0,0,0,0,1,1,0,1,1,0,12192.0,2,1,1,0,1,0,1,0,9.4,272.4,0,0,0,0,0,1
57700,124.989,0.0,0,0,0,0,30.738,0.0,0,0,0,0,2.039,0.0,0,31.93,0,0,0,0,0,1,1,0,1,1,0,12192.0,2,1,1,0,1,0,1,0,7.9,267.1,0,0,0,0,0,1
57800,124.989,0.0,0,0,0,0,30.738,0.0,0,0,0,0,2.039,0.0,0,32.08,0,0,0,0,0,1,1,0,1,1,0,12192.0,2,1,1,0,1,0,1,0,8.1,267.3,0,0,0,0,0,1
57900,124.989,0.0,0,0,0,0,30.738,0.0,0,0,0,0,2.039,0.0,0,32.07,0,0,0,0,0,1,1,0,1,1,0,12192.0,2,1,1,0,1,0,1,0,8.3,268.8,0,0,0,0,0,1
58000,124.989,0.0,0,0,0,0,30.738,0.0,0,0,0,0,2.039,0.0,0,31.99,0,0,0,0,0,1,1,0,1,1,0,12192.0,2,1,1,0,1,0,1,0,8.2,270.7,0,0,0,0,0,1
58100,124.989,0.0,0,0,0,0,30.738,0.0,0,0,0,0,2.039,0.0,0,31.91,0,0,0,0,0,1,1,0,1,1,0,12192.0,2,1,1,0,1,0,1,0,7.7,265.6,0,0,0,0,0,1
58200,124.989,0.0,0,0,0,0,30.738,0.0,0,0,0,0,2.039,0.0,0,32.1,0,0,0,0,0,1,1,0,1,1,0,12192.0,2,1,1,0,1,0,1,0,7.7,273.8,0,0,0,0,0,1
58300,124.989,0.0,0,0,0,0,30.738,0.0,0,0,0,0,2.039,0.0,0,31.92,0,0,0,0,0,1,1,0,1,1,0,12192.0,2,1,1,0,1,0,1,0,8.3,270.4,0,0,0,0,0,1
58400,124.989,0.0,0,0,0,0,30.738,0.0,0,0,0,0,2.039,0.0,0,0.0,0,0,0,0,0,1,0,1,1,1,0,12192.0,2,1,1,0,1,0,1,0,8.1,273.6,0,0,0,0,0,1
58500,124.989,0.0,0,0,0,0,30.738,0.0,0,0,0,0,2.039,0.0,0,0.0,0,0,0,0,0,1,0,1,1,1,0,12192.0,2,1,1,0,1,0,1,0,8.6,268.0,0,0,0,0,0,1
58600,124.989,0.0,0,0,0,0,30.738,0.0,0,0,0,0,2.039,0.0,0,0.0,0,0,0,0,0,1,0,1,1,1,0,12192.0,2,1,1,0,1,0,1,0,7.4,271.5,0,0,0,0,0,1
58700,124.989,0.0,0,0,0,0,30.738,0.0,0,0,0,0,2.039,0.0,0,0.0,0,0,0,0,0,1,0,1,1,1,0,12192.0,2,1,1,0,1,0,1,0,7.5,270.1,0,0,0,0,0,1
58800,124.989,0.0,0,0,0,0,30.738,0.0,0,0,0,0,2.039,0.0,0,0.0,0,0,0,0,0,1,0,1,1,1,0,12192.0,2,1,1,0,1,0,1,0,9.0,271.5,0,0,0,0,0,1
58900,124.989,0.0,0,0,0,0,30.738,0.0,0,0,0,0,2.039,0.0,0,0.0,0,0,0,0,0,1,0,1,1,1,0,12192.0,2,1,1,0,1,0,1,0,7.6,268.3,0,0,0,0,0,1
59000,124.989,0.0,0,0,0,0,30.738,0.0,0,0,0,0,2.039,0.0,0,0.0,0,0,0,0,0,1,0,1,1,1,0,12192.0,2,1,1,0,1,0,1,0,7.5,267.1,0,0,0,0,0,1
59100,124.989,0.0,0,0,0,0,30.738,0.0,0,0,0,0,2.039,0.0,0,0.0,0,0,0,0,0,1,0,1,1,1,0,12192.0,2,1,1,0,1,0,1,0,7.8,274.8,0,0,0,0,0,1
59200,124.989,0.0,0,0,0,0,30.738,0.0,0,0,0,0,2.039,0.0,0,0.0,0,0,0,0,0,1,0,1,1,1,0,12192.0,2,1,1,0,1,0,1,0,7.0,268.6,0,0,0,0,0,1
59300,124.989,0.0,0,0,0,0,30.738,0.0,0,0,0,0,2.039,0.0,0,0.0,0,0,0,0,0,1,0,1,1,1,0,12192.0,2,1,1,0,1,0,1,0,7.7,268.5,0,0,0,0,0,1
59400,124.989,0.0,0,0,0,0,30.738,0.0,0,0,0,0,2.039,0.0,0,0.0,0,0,0,0,0,1,0,1,1,1,0,12192.0,2,1,1,0,1,0,1,0,8.6,270.4,0,0,0,0,0,1
59500,124.989,0.0,0,0,0,0,30.738,0.0,0,0,0,0,2.039,0.0,0,0.0,0,0,0,0,0,1,0,1,1,1,0,12192.0,2,1,1,0,1,0,1,0,7.9,269.3,0,0,0,0,0,1
59600,124.989,0.0,0,0,0,0,30.738,0.0,0,0,0,0,2.039,0.0,0,0.0,0,0,0,0,0,1,0,1,1,1,0,12192.0,2,1,1,0,1,0,1,0,7.4,268.0,0,0,0,0,0,1
59700,124.989,0.0,0,0,0,0,30.738,0.0,0,0,0,0,2.039,0.0,0,0.0,0,0,0,0,0,1,0,1,1,1,0,12192.0,2,1,1,0,1,0,1,0,7.5,265.1,0,0,0,0,0,1
59800,124.989,0.0,0,0,0,0,30.738,0.0,0,0,0,0,2.039,0.0,0,0.0,0,0,0,0,0,1,0,1,1,1,0,12192.0,2,1,1,0,1,0,1,0,7.3,270.3,0,0,0,0,0,1
59900,124.989,0.0,0,0,1,0,30.738,0.0,0,0,1,0,2.044,0.047,1,0.0,0,0,1,1,0,1,0,1,0,0,0,12192.0,2,1,1,1,0,0,1,0,7.1,270.0,0,0,0,0,0,1
60000,124.989,0.0,0,0,1,0,30.738,0.0,0,0,1,0,2.053,0.094,1,0.0,0,0,1,1,0,1,0,1,0,0,0,12192.0,2,1,1,1,0,0,1,0,8.0,271.9,0,0,0,0,0,1
60100,124.989,0.0,0,0,1,0,30.738,0.0,0,0,1,0,2.068,0.141,1,0.0,0,0,1,1,0,1,0,1,0,0,0,12192.0,2,1,1,1,0,0,1,0,7.4,272.7,0,0,0,0,0,1
60200,124.989,0.0,0,0,1,0,30.738,0.0,0,0,1,0,2.086,0.189,1,0.0,0,0,1,1,0,1,0,1,0,0,0,12192.0,2,1,1,1,0,0,1,0,8.1,272.4,0,0,0,0,0,1
60300,124.989,0.0,0,0,1,0,30.738,0.0,0,0,1,0,2.11,0.236,1,0.0,0,0,1,1,0,1,0,1,0,0,0,12192.0,2,1,1,1,0,0,1,0,7.9,274.7,0,0,0,0,0,1
60400,124.989,0.0,0,0,1,0,30.738,0.0,0,0,1,0,2.138,0.283,1,0.0,0,0,1,1,0,1,0,1,0,0,0,12192.0,2,1,1,1,0,0,1,0,7.2,267.6,0,0,0,0,0,1
60500,124.989,0.0,0,0,1,0,30.738,0.0,0,0,1,0,2.171,0.33,1,0.0,0,0,1,1,0,1,0,1,0,0,0,12192.0,2,1,1,1,0,0,1,0,7.1,271.6,0,0,0,0,0,1
60600,124.989,0.0,0,0,1,0,30.738,0.0,0,0,1,0,2.209,0.377,1,0.0,0,0,1,1,0,1,0,1,0,0,0,12192.0,2,1,1,1,0,0,1,0,7.1,268.9,0,0,0,0,0,1
60700,124.989,0.0,0,0,1,0,30.738,0.0,0,0,1,0,2.251,0.424,1,0.0,0,0,1,1,0,1,0,1,0,0,0,12192.0,2,1,1,1,0,0,1,0,7.4,272.4,0,0,0,0,0,1
60800,124.989,0.0,0,0,1,0,30.738,0.0,0,0,1,0,2.299,0.472,1,0.0,0,0,1,1,0,1,0,1,0,0,0,12192.0,2,1,1,1,0,0,1,0,7.3,268.1,0,0,0,0,0,1
60900,124.989,0.0,0,0,1,0,30.738,0.0,0,0,1,0,2.351,0.519,1,0.0,0,0,1,1,0,1,0,1,0,0,0,12192.0,2,1,1,1,0,0,1,0,6.8,267.5,0,0,0,0,0,1
61000,124.989,0.0,0,0,1,0,30.738,0.0,0,0,1,0,2.407,0.566,1,0.0,0,0,1,1,0,1,0,1,0,0,0,12192.0,2,1,1,1,0,0,1,0,7.3,272.5,0,0,0,0,0,1
61100,124.989,0.0,0,0,1,0,30.738,0.0,0,0,1,0,2.468,0.613,1,0.0,0,0,1,1,0,1,0,1,0,0,0,12192.0,2,1,1,1,0,0,1,0,7.4,265.6,0,0,0,0,0,1
61200,124.989,0.0,0,0,1,0,30.738,0.0,0,0,1,0,2.534,0.66,1,0.0,0,0,1,1,0,1,0,1,0,0,0,12192.0,2,1,1,1,0,0,1,0,6.8,271.2,0,0,0,0,0,1
61300,124.989,0.0,0,0,1,0,30.738,0.0,0,0,1,0,2.605,0.707,1,0.0,0,0,1,1,0,1,0,1,0,0,0,12192.0,2,1,1,1,0,0,1,0,7.2,267.4,0,0,0,0,0,1
61400,124.989,0.0,0,0,1,0,30.738,0.0,0,0,1,0,2.681,0.755,1,0.0,0,0,1,1,0,1,0,1,0,0,0,12192.0,2,1,1,1,0,0,1,0,7.7,265.7,0,0,0,0,0,1
61500,124.989,0.0,0,0,1,0,30.738,0.0,0,0,1,0,2.761,0.802,1,0.0,0,0,1,1,0,1,0,1,0,0,0,12192.0,2,1,1,1,0,0,1,0,7.3,272.6,0,0,0,0,0,1
61600,124.989,0.0,0,0,1,0,30.738,0.0,0,0,1,0,2.846,0.849,1,0.0,0,0,1,1,0,1,0,1,0,0,0,12192.0,2,1,1,1,0,0,1,0,7.8,265.5,0,0,0,0,0,1
61700,124.989,0.0,0,0,1,0,30.738,0.0,0,0,1,0,2.935,0.896,1,0.0,0,0,1,1,0,1,0,1,0,0,0,12192.0,2,1,1,1,0,0,1,0,8.1,271.1,0,0,0,0,0,1
61800,124.989,0.0,0,0,1,0,30.738,0.0,0,0,1,0,3.03,0.943,1,0.0,0,0,1,1,0,1,0,1,0,0,0,12192.0,2,1,1,1,0,0,1,0,6.4,269.4,0,0,0,0,0,1
61900,124.989,0.0,0,0,1,0,30.738,0.0,0,0,1,0,3.129,0.99,1,0.0,0,0,1,1,0,1,0,1,0,0,0,12192.0,2,1,1,1,0,0,1,0,8.1,274.8,0,0,0,0,0,1
62000,124.989,0.0,0,0,1,0,30.738,0.0,0,0,1,0,3.232,1.038,1,0.0,0,0,1,1,0,1,0,1,0,0,0,12192.0,2,1,1,1,0,0,1,0,7.8,268.8,0,0,0,0,0,1
62100,124.989,0.0,0,0,1,0,30.738,0.0,0,0,1,0,3.341,1.085,1,0.0,0,0,1,1,0,1,0,1,0,0,0,12192.0,2,1,1,1,0,0,1,0,7.1,269.9,0,0,0,0,0,1
62200,124.989,0.0,0,0,1,0,30.738,0.0,0,0,1,0,3.454,1.132,1,0.0,0,0,1,1,0,1,0,1,0,0,0,12192.0,2,1,1,1,0,0,1,0,8.7,265.3,0,0,0,0,0,1
62300,124.989,0.0,0,0,1,0,30.738,0.0,0,0,1,0,3.572,1.179,1,0.0,0,0,1,1,0,1,0,1,0,0,0,12192.0,2,1,1,1,0,0,1,0,7.9,269.7,0,0,0,0,0,1
62400,124.989,0.0,0,0,1,0,30.738,0.0,0,0,1,0,3.695,1.226,1,0.0,0,0,1,1,0,1,0,1,0,0,0,12192.0,2,1,1,1,0,0,1,0,8.1,270.8,0,0,0,0,0,1
62500,124.989,0.0,0,0,1,0,30.738,0.0,0,0,1,0,3.821,1.258,1,0.0,0,0,1,1,0,1,0,1,0,0,0,12192.0,2,1,1,1,0,0,1,0,7.4,269.8,0,0,0,0,0,1
62600,124.989,0.0,0,0,1,0,30.738,0.0,0,0,1,0,3.946,1.258,1,0.0,0,0,1,1,0,1,0,1,0,0,0,12192.0,2,1,1,1,0,0,1,0,7.8,276.4,0,0,0,0,0,1
62700,124.989,0.0,0,0,1,0,30.738,0.0,0,0,1,0,4.072,1.258,1,0.0,0,0,1,1,0,1,0,1,0,0,0,12192.0,2,1,1,1,0,0,1,0,8.3,268.0,0,0,0,0,0,1
62800,124.989,0.0,0,0,1,0,30.738,0.0,0,0,1,0,4.198,1.258,1,0.0,0,0,1,1,0,1,0,1,0,0,0,12192.0,2,1,1,1,0,0,1,0,7.8,268.5,0,0,0,0,0,1
62900,124.989,0.0,0,0,1,0,30.738,0.0,0,0,1,0,4.324,1.258,1,0.0,0,0,1,1,0,1,0,1,0,0,0,12192.0,2,1,1,1,0,0,1,0,8.7,272.5,0,0,0,0,0,1
63000,124.989,0.0,0,0,1,0,30.738,0.0,0,0,1,0,4.45,1.258,1,0.0,0,0,1,1,0,1,0,1,0,0,0,12192.0,2,1,1,1,0,0,1,0,8.5,265.7,0,0,0,0,0,1
63100,124.989,0.0,0,0,1,0,30.738,0.0,0,0,1,0,4.575,1.258,1,0.0,0,0,1,1,0,1,0,1,0,0,0,12192.0,2,1,1,1,0,0,1,0,9.0,268.8,0,0,0,0,0,1
63200,124.989,0.0,0,0,1,0,30.738,0.0,0,0,1,0,4.701,1.258,1,0.0,0,0,1,1,0,1,0,1,0,0,0,12192.0,2,1,1,1,0,0,1,0,7.6,272.2,0,0,0,0,0,1
63300,124.989,0.0,0,0,1,0,30.738,0.0,0,0,1,0,4.827,1.258,1,0.0,0,0,1,1,0,1,0,1,0,0,0,12192.0,2,1,1,1,0,0,1,0,8.3,269.1,0,0,0,0,0,1
63400,124.989,0.0,0,0,1,0,30.738,0.0,0,0,1,0,4.953,1.258,1,0.0,0,0,1,1,0,1,0,1,0,0,0,12192.0,2,1,1,1,0,0,1,0,8.3,267.8,0,0,0,0,0,1
63500,124.989,0.0,0,0,1,0,30.738,0.0,0,0,1,0,5.079,1.258,1,0.0,0,0,1,1,0,1,0,1,0,0,0,12192.0,2,1,1,1,0,0,1,0,8.2,273.0,0,0,0,0,0,1
63600,124.989,0.0,0,0,1,0,30.738,0.0,0,0,1,0,5.205,1.258,1,0.0,0,0,1,1,0,1,0,1,0,0,0,12192.0,2,1,1,1,0,0,1,0,9.0,271.3,0,0,0,0,0,1
63700,124.989,0.0,0,0,1,0,30.738,0.0,0,0,1,0,5.33,1.258,1,0.0,0,0,1,1,0,1,0,1,0,0,0,12192.0,2,1,1,1,0,0,1,0,8.5,272.1,0,0,0,0,0,1
63800,124.989,0.0,0,0,1,0,30.738,0.0,0,0,1,0,5.456,1.258,1,0.0,0,0,1,1,0,1,0,1,0,0,0,12192.0,2,1,1,1,0,0,1,0,7.8,275.4,0,0,0,0,0,1
63900,124.989,0.0,0,0,1,0,30.738,0.0,0,0,1,0,5.582,1.258,1,0.0,0,0,1,1,0,1,0,1,0,0,0,12192.0,2,1,1,1,0,0,1,0,8.3,267.6,0,0,0,0,0,1
64000,124.989,0.0,0,0,1,0,30.738,0.0,0,0,1,0,5.708,1.258,1,0.0,0,0,1,1,0,1,0,1,0,0,0,12192.0,2,1,1,1,0,0,1,0,8.6,269.9,0,0,0,0,0,1
64100,124.989,0.0,0,0,1,0,30.738,0.0,0,0,1,0,5.834,1.258,1,0.0,0,0,1,1,0,1,0,1,0,0,0,12192.0,2,1,1,1,0,0,1,0,9.1,268.0,0,0,0,0,0,1
64200,124.989,0.0,0,0,1,0,30.738,0.0,0,0,1,0,5.96,1.258,1,0.0,0,0,1,1,0,1,0,1,0,0,0,12192.0,2,1,1,1,0,0,1,0,8.6,269.9,0,0,0,0,0,1
64300,124.989,0.0,0,0,1,0,30.738,0.0,0,0,1,0,6.085,1.258,1,0.0,0,0,1,1,0,1,0,1,0,0,0,12192.0,2,1,1,1,0,0,1,0,8.1,271.9,0,0,0,0,0,1
64400,124.989,0.0,0,0,1,0,30.738,0.0,0,0,1,0,6.211,1.258,1,0.0,0,0,1,1,0,1,0,1,0,0,0,12192.0,2,1,1,1,0,0,1,0,8.0,271.5,0,0,0,0,0,1
64500,124.989,0.0,0,0,1,0,30.738,0.0,0,0,1,0,6.337,1.258,1,0.0,0,0,1,1,0,1,0,1,0,0,0,12192.0,2,1,1,1,0,0,1,0,9.3,267.1,0,0,0,0,0,1
64600,124.989,0.0,0,0,1,0,30.738,0.0,0,0,1,0,6.463,1.258,1,0.0,0,0,1,1,0,1,0,1,0,0,0,12192.0,2,1,1,1,0,0,1,0,8.1,268.3,0,0,0,0,0,1
64700,124.989,0.0,0,0,1,0,30.738,0.0,0,0,1,0,6.589,1.258,1,0.0,0,0,1,1,0,1,0,1,0,0,0,12192.0,2,1,1,1,0,0,1,0,8.8,272.0,0,0,0,0,0,1
64800,124.989,0.0,0,0,1,0,30.738,0.0,0,0,1,0,6.715,1.258,1,0.0,0,0,1,1,0,1,0,1,0,0,0,12192.0,2,1,1,1,0,0,1,0,9.0,272.3,0,0,0,0,0,1
64900,124.989,0.0,0,0,1,0,30.738,0.0,0,0,1,0,6.84,1.258,1,0.0,0,0,1,1,0,1,0,1,0,0,0,12192.0,2,1,1,1,0,0,1,0,8.6,269.9,0,0,0,0,0,1
65000,124.989,0.0,0,0,1,0,30.738,0.0,0,0,1,0,6.966,1.258,1,0.0,0,0,1,1,0,1,0,1,0,0,0,12192.0,2,1,1,1,0,0,1,0,8.5,268.6,0,0,0,0,0,1
65100,124.989,0.0,0,0,1,0,30.738,0.0,0,0,1,0,7.092,1.258,1,0.0,0,0,1,1,0,1,0,1,0,0,0,12192.0,2,1,1,1,0,0,1,0,8.7,270.3,0,0,0,0,0,1
65200,124.989,0.0,0,0,1,0,30.738,0.0,0,0,1,0,7.218,1.258,1,0.0,0,0,1,1,0,1,0,1,0,0,0,12192.0,2,1,1,1,0,0,1,0,9.7,269.4,0,0,0,0,0,1
65300,124.989,0.0,0,0,1,0,30.738,0.0,0,0,1,0,7.344,1.258,1,0.0,0,0,1,1,0,1,0,1,0,0,0,12192.0,2,1,1,1,0,0,1,0,8.6,273.0,0,0,0,0,0,1
65400,124.989,0.0,0,0,1,0,30.738,0.0,0,0,1,0,7.47,1.258,1,0.0,0,0,1,1,0,1,0,1,0,0,0,12192.0,2,1,1,1,0,0,1,0,8.3,266.8,0,0,0,0,0,1
65500,124.989,0.0,0,0,1,0,30.738,0.0,0,0,1,0,7.595,1.258,1,0.0,0,0,1,1,0,1,0,1,0,0,0,12192.0,2,1,1,1,0,0,1,0,9.4,270.1,0,0,0,0,0,1
65600,124.989,0.0,0,0,1,0,30.738,0.0,0,0,1,0,7.721,1.258,1,0.0,0,0,1,1,0,1,0,1,0,0,0,12192.0,2,1,1,1,0,0,1,0,7.8,268.2,0,0,0,0,0,1
65700,124.989,0.0,0,0,1,0,30.738,0.0,0,0,1,0,7.847,1.258,1,0.0,0,0,1,1,0,1,0,1,0,0,0,12192.0,2,1,1,1,0,0,1,0,9.1,268.9,0,0,0,0,0,1
65800,124.989,0.0,0,0,1,0,30.738,0.0,0,0,1,0,7.973,1.258,1,0.0,0,0,1,1,0,1,0,1,0,0,0,12192.0,2,1,1,1,0,0,1,0,8.5,267.5,0,0,0,0,0,1
65900,124.989,0.0,0,0,1,0,30.738,0.0,0,0,1,0,8.099,1.258,1,0.0,0,0,1,1,0,1,0,1,0,0,0,12192.0,2,1,1,1,0,0,1,0,8.2,272.2,0,0,0,0,0,1
66000,124.989,0.0,0,0,1,0,30.738,0.0,0,0,1,0,8.225,1.258,1,0.0,0,0,1,1,0,1,0,1,0,0,0,12192.0,2,1,1,1,0,0,1,0,8.8,269.7,0,0,0,0,0,1
66100,124.989,0.0,0,0,1,0,30.738,0.0,0,0,1,0,8.35,1.258,1,0.0,0,0,1,1,0,1,0,1,0,0,0,12192.0,2,1,1,1,0,0,1,0,8.2,268.0,0,0,0,0,0,1
66200,124.989,0.0,0,0,1,0,30.738,0.0,0,0,1,0,8.476,1.258,1,0.0,0,0,1,1,0,1,0,1,0,0,0,12192.0,2,1,1,1,0,0,1,0,8.1,268.2,0,0,0,0,0,1
66300,124.989,0.0,0,0,1,0,30.738,0.0,0,0,1,0,8.602,1.258,1,0.0,0,0,1,1,0,1,0,1,0,0,0,12192.0,2,1,1,1,0,0,1,0,8.2,265.0,0,0,0,0,0,1
66400,124.989,0.0,0,0,1,0,30.738,0.0,0,0,1,0,8.728,1.258,1,0.0,0,0,1,1,0,1,0,1,0,0,0,12192.0,2,1,1,1,0,0,1,0,7.7,268.1,0,0,0,0,0,1
66500,124.989,0.0,0,0,1,0,30.738,0.0,0,0,1,0,8.854,1.258,1,0.0,0,0,1,1,0,1,0,1,0,0,0,12192.0,2,1,1,1,0,0,1,0,8.4,269.3,0,0,0,0,0,1
66600,124.989,0.0,0,0,1,0,30.738,0.0,0,0,1,0,8.98,1.258,1,0.0,0,0,1,1,0,1,0,1,0,0,0,12192.0,2,1,1,1,0,0,1,0,8.6,266.8,0,0,0,0,0,1
66700,124.989,0.0,0,0,1,0,30.738,0.0,0,0,1,0,9.105,1.258,1,0.0,0,0,1,1,0,1,0,1,0,0,0,12192.0,2,1,1,1,0,0,1,0,8.7,267.7,0,0,0,0,0,1
66800,124.989,0.0,0,0,1,0,30.738,0.0,0,0,1,0,9.231,1.258,1,0.0,0,0,1,1,0,1,0,1,0,0,0,12192.0,2,1,1,1,0,0,1,0,7.9,272.4,0,0,0,0,0,1
66900,124.989,0.0,0,0,1,0,30.738,0.0,0,0,1,0,9.357,1.258,1,0.0,0,0,1,1,0,1,0,1,0,0,0,12192.0,2,1,1,1,0,0,1,0,8.2,268.6,0,0,0,0,0,1
67000,124.989,0.0,0,0,1,0,30.738,0.0,0,0,1,0,9.483,1.258,1,0.0,0,0,1,1,0,1,0,1,0,0,0,12192.0,2,1,1,1,0,0,1,0,8.7,268.5,0,0,0,0,0,1
67100,124.989,0.0,0,0,1,0,30.738,0.0,0,0,1,0,9.609,1.258,1,0.0,0,0,1,1,0,1,0,1,0,0,0,12192.0,2,1,1,1,0,0,1,0,8.7,267.3,0,0,0,0,0,1
67200,124.989,0.0,0,0,1,0,30.738,0.0,0,0,1,0,9.735,1.258,1,0.0,0,0,1,1,0,1,0,1,0,0,0,12192.0,2,1,1,1,0,0,1,0,8.2,266.7,0,0,0,0,0,1
67300,124.989,0.0,0,0,1,0,30.738,0.0,0,0,1,0,9.86,1.258,1,0.0,0,0,1,1,0,1,0,1,0,0,0,12192.0,2,1,1,1,0,0,1,0,7.7,269.6,0,0,0,0,0,1
67400,124.989,0.0,0,0,1,0,30.738,0.0,0,0,1,0,9.986,1.258,1,0.0,0,0,1,1,0,1,0,1,0,0,0,12192.0,2,1,1,1,0,0,1,0,7.5,266.9,0,0,0,0,0,1
67500,124.989,0.0,0,0,1,0,30.738,0.0,0,0,1,0,10.112,1.258,1,0.0,0,0,1,1,0,1,0,1,0,0,0,12192.0,2,1,1,1,0,0,1,0,8.0,271.3,0,0,0,0,0,1
67600,124.989,0.0,0,0,1,0,30.738,0.0,0,0,1,0,10.238,1.258,1,0.0,0,0,1,1,0,1,0,1,0,0,0,12192.0,2,1,1,1,0,0,1,0,6.8,272.2,0,0,0,0,0,1
67700,124.989,0.0,0,0,1,0,30.738,0.0,0,0,1,0,10.364,1.258,1,0.0,0,0,1,1,0,1,0,1,0,0,0,12192.0,2,1,1,1,0,0,1,0,7.0,269.1,0,0,0,0,0,1
67800,124.989,0.0,0,0,1,0,30.738,0.0,0,0,1,0,10.49,1.258,1,0.0,0,0,1,1,0,1,0,1,0,0,0,12192.0,2,1,1,1,0,0,1,0,8.1,271.0,0,0,0,0,0,1
67900,124.989,0.0,0,0,1,0,30.738,0.0,0,0,1,0,10.615,1.258,1,0.0,0,0,1,1,0,1,0,1,0,0,0,12192.0,2,1,1,1,0,0,1,0,8.6,268.2,0,0,0,0,0,1
68000,124.989,0.0,0,0,1,0,30.738,0.0,0,0,1,0,10.741,1.258,1,0.0,0,0,1,1,0,1,0,1,0,0,0,12192.0,2,1,1,1,0,0,1,0,7.4,267.5,0,0,0,0,0,1
68100,124.989,0.0,0,0,1,0,30.738,0.0,0,0,1,0,10.867,1.258,1,0.0,0,0,1,1,0,1,0,1,0,0,0,12192.0,2,1,1,1,0,0,1,0,6.9,272.4,0,0,0,0,0,1
68200,124.989,0.0,0,0,1,0,30.738,0.0,0,0,1,0,10.993,1.258,1,0.0,0,0,1,1,0,1,0,1,0,0,0,12192.0,2,1,1,1,0,0,1,0,7.7,265.2,0,0,0,0,0,1
68300,124.989,0.0,0,0,1,0,30.738,0.0,0,0,1,0,11.119,1.258,1,0.0,0,0,1,1,0,1,0,1,0,0,0,12192.0,2,1,1,1,0,0,1,0,7.0,270.9,0,0,0,0,0,1
68400,124.989,0.0,0,0,1,0,30.738,0.0,0,0,1,0,11.245,1.258,1,0.0,0,0,1,1,0,1,0,1,0,0,0,12192.0,2,1,1,1,0,0,1,0,7.9,273.4,0,0,0,0,0,1
68500,124.989,0.0,0,0,1,0,30.738,0.0,0,0,1,0,11.37,1.258,1,0.0,0,0,1,1,0,1,0,1,0,0,0,12192.0,2,1,1,1,0,0,1,0,7.5,272.0,0,0,0,0,0,1
68600,124.989,0.0,0,0,1,0,30.738,0.0,0,0,1,0,11.496,1.258,1,0.0,0,0,1,1,0,1,0,1,0,0,0,12192.0,2,1,1,1,0,0,1,0,7.7,268.9,0,0,0,0,0,1
68700,124.989,0.0,0,0,1,0,30.738,0.0,0,0,1,0,11.622,1.258,1,0.0,0,0,1,1,0,1,0,1,0,0,0,12192.0,2,1,1,1,0,0,1,0,7.6,271.1,0,0,0,0,0,1
68800,124.989,0.0,0,0,1,0,30.738,0.0,0,0,1,0,11.748,1.258,1,0.0,0,0,1,1,0,1,0,1,0,0,0,12192.0,2,1,1,1,0,0,1,0,7.2,273.1,0,0,0,0,0,1
68900,124.989,0.0,0,0,1,0,30.738,0.0,0,0,1,0,11.874,1.258,1,0.0,0,0,1,1,0,1,0,1,0,0,0,12192.0,2,1,1,1,0,0,1,0,6.6,272.5,0,0,0,0,0,1
69000,124.989,0.0,0,0,1,0,30.738,0.0,0,0,1,0,12.0,1.258,1,0.0,0,0,1,1,0,1,0,1,0,0,0,12192.0,2,1,1,1,0,0,1,0,7.2,267.8,0,0,0,0,0,1
69100,124.989,0.0,0,0,1,0,30.738,0.0,0,0,1,0,12.125,1.258,1,0.0,0,0,1,1,0,1,0,1,0,0,0,12192.0,2,1,1,1,0,0,1,0,7.8,273.1,0,0,0,0,0,1
69200,124.989,0.0,0,0,1,0,30.738,0.0,0,0,1,0,12.251,1.258,1,0.0,0,0,1,1,0,1,0,1,0,0,0,12192.0,2,1,1,1,0,0,1,0,6.8,267.2,0,0,0,0,0,1
69300,124.989,0.0,0,0,1,0,30.738,0.0,0,0,1,0,12.377,1.258,1,0.0,0,0,1,1,0,1,0,1,0,0,0,12192.0,2,1,1,1,0,0,1,0,6.7,271.8,0,0,0,0,0,1
69400,124.989,0.0,0,0,1,0,30.738,0.0,0,0,1,0,12.503,1.258,1,0.0,0,0,1,1,0,1,0,1,0,0,0,12192.0,2,1,1,1,0,0,1,0,7.9,266.4,0,0,0,0,0,1
69500,124.989,0.0,0,0,1,0,30.738,0.0,0,0,1,0,12.629,1.258,1,0.0,0,0,1,1,0,1,0,1,0,0,0,12192.0,2,1,1,1,0,0,1,0,7.8,271.3,0,0,0,0,0,1
69600,124.989,0.0,0,0,1,0,30.738,0.0,0,0,1,0,12.755,1.258,1,0.0,0,0,1,1,0,1,0,1,0,0,0,12192.0,2,1,1,1,0,0,1,0,7.8,269.6,0,0,0,0,0,1
69700,124.989,0.0,0,0,1,0,30.738,0.0,0,0,1,0,12.88,1.258,1,0.0,0,0,1,1,0,1,0,1,0,0,0,12192.0,2,1,1,1,0,0,1,0,7.4,268.8,0,0,0,0,0,1
69800,124.989,0.0,0,0,1,0,30.738,0.0,0,0,1,0,13.006,1.258,1,0.0,0,0,1,1,0,1,0,1,0,0,0,12192.0,2,1,1,1,0,0,1,0,7.7,267.5,0,0,0,0,0,1
69900,124.989,0.0,0,0,1,0,30.738,0.0,0,0,1,0,13.132,1.258,1,0.0,0,0,1,1,0,1,0,1,0,0,0,12192.0,2,1,1,1,0,0,1,0,8.1,266.4,0,0,0,0,0,1
70000,124.989,0.0,0,0,1,0,30.738,0.0,0,0,1,0,13.258,1.258,1,0.0,0,0,1,1,0,1,0,1,0,0,0,12192.0,2,1,1,1,0,0,1,0,7.8,273.0,0,0,0,0,0,1
70100,124.989,0.0,0,0,1,0,30.738,0.0,0,0,1,0,13.384,1.258,1,0.0,0,0,1,1,0,1,0,1,0,0,0,12192.0,2,1,1,1,0,0,1,0,8.1,268.7,0,0,0,0,0,1
70200,124.989,0.0,0,0,1,0,30.738,0.0,0,0,1,0,13.509,1.258,1,0.0,0,0,1,1,0,1,0,1,0,0,0,12192.0,2,1,1,1,0,0,1,0,6.8,272.0,0,0,0,0,0,1
70300,124.989,0.0,0,0,1,0,30.738,0.0,0,0,1,0,13.635,1.258,1,0.0,0,0,1,1,0,1,0,1,0,0,0,12192.0,2,1,1,1,0,0,1,0,7.9,272.9,0,0,0,0,0,1
70400,124.989,0.0,0,0,1,0,30.738,0.0,0,0,1,0,13.761,1.258,1,0.0,0,0,1,1,0,1,0,1,0,0,0,12192.0,2,1,1,1,0,0,1,0,7.6,272.8,0,0,0,0,0,1
70500,124.989,0.0,0,0,1,0,30.738,0.0,0,0,1,0,13.887,1.258,1,0.0,0,0,1,1,0,1,0,1,0,0,0,12192.0,2,1,1,1,0,0,1,0,7.8,272.0,0,0,0,0,0,1
70600,124.989,0.0,0,0,1,0,30.738,0.0,0,0,1,0,14.013,1.258,1,0.0,0,0,1,1,0,1,0,1,0,0,0,12192.0,2,1,1,1,0,0,1,0,8.0,269.0,0,0,0,0,0,1
70700,124.989,0.0,0,0,1,0,30.738,0.0,0,0,1,0,14.139,1.258,1,0.0,0,0,1,1,0,1,0,1,0,0,0,12192.0,2,1,1,1,0,0,1,0,7.7,269.3,0,0,0,0,0,1
70800,124.989,0.0,0,0,1,0,30.738,0.0,0,0,1,0,14.264,1.258,1,0.0,0,0,1,1,0,1,0,1,0,0,0,12192.0,2,1,1,1,0,0,1,0,7.9,270.1,0,0,0,0,0,1
70900,124.989,0.0,0,0,1,0,30.738,0.0,0,0,1,0,14.39,1.258,1,0.0,0,0,1,1,0,1,0,1,0,0,0,12192.0,2,1,1,1,0,0,1,0,7.6,273.3,0,0,0,0,0,1
71000,124.989,0.0,0,0,1,0,30.738,0.0,0,0,1,0,14.516,1.258,1,0.0,0,0,1,1,0,1,0,1,0,0,0,12192.0,2,1,1,1,0,0,1,0,7.5,268.5,0,0,0,0,0,1
71100,124.989,0.0,0,0,1,0,30.738,0.0,0,0,1,0,14.642,1.258,1,0.0,0,0,1,1,0,1,0,1,0,0,0,12192.0,2,1,1,1,0,0,1,0,7.7,272.7,0,0,0,0,0,1
71200,124.989,0.0,0,0,1,0,30.738,0.0,0,0,1,0,14.768,1.258,1,0.0,0,0,1,1,0,1,0,1,0,0,0,12192.0,2,1,1,1,0,0,1,0,7.7,271.4,0,0,0,0,0,1
71300,124.989,0.0,0,0,1,0,30.738,0.0,0,0,1,0,14.894,1.258,1,0.0,0,0,1,1,0,1,0,1,0,0,0,12192.0,2,1,1,1,0,0,1,0,7.8,269.6,0,0,0,0,0,1
71400,124.989,0.0,0,0,1,0,30.738,0.0,0,0,1,0,15.019,1.258,1,0.0,0,0,1,1,0,1,0,1,0,0,0,12192.0,2,1,1,1,0,0,1,0,7.9,267.4,0,0,0,0,0,1
71500,124.989,0.0,0,0,1,0,30.738,0.0,0,0,1,0,15.145,1.258,1,0.0,0,0,1,1,0,1,0,1,0,0,0,12192.0,2,1,1,1,0,0,1,0,7.9,272.1,0,0,0,0,0,1
71600,124.989,0.0,0,0,1,0,30.738,0.0,0,0,1,0,15.271,1.258,1,0.0,0,0,1,1,0,1,0,1,0,0,0,12192.0,2,1,1,1,0,0,1,0,7.6,274.3,0,0,0,0,0,1
71700,124.989,0.0,0,0,1,0,30.738,0.0,0,0,1,0,15.397,1.258,1,0.0,0,0,1,1,0,1,0,1,0,0,0,12192.0,2,1,1,1,0,0,1,0,7.5,269.3,0,0,0,0,0,1
71800,124.989,0.0,0,0,1,0,30.738,0.0,0,0,1,0,15.523,1.258,1,0.0,0,0,1,1,0,1,0,1,0,0,0,12192.0,2,1,1,1,0,0,1,0,7.5,271.6,0,0,0,0,0,1
71900,124.989,0.0,0,0,1,0,30.738,0.0,0,0,1,0,15.649,1.258,1,0.0,0,0,1,1,0,1,0,1,0,0,0,12192.0,2,1,1,1,0,0,1,0,8.3,267.1,0,0,0,0,0,1
72000,124.989,0.0,0,0,1,0,30.738,0.0,0,0,1,0,15.774,1.258,1,0.0,0,0,1,1,0,1,0,1,0,0,0,12192.0,2,1,1,1,0,0,1,0,8.4,268.9,0,0,0,0,0,1
72100,124.989,0.0,0,0,1,0,30.738,0.0,0,0,1,0,15.9,1.258,1,0.0,0,0,1,1,0,1,0,1,0,0,0,12192.0,2,1,1,1,0,0,1,0,8.5,273.5,0,0,0,0,0,1
72200,124.989,0.0,0,0,1,0,30.738,0.0,0,0,1,0,16.026,1.258,1,0.0,0,0,1,1,0,1,0,1,0,0,0,12192.0,2,1,1,1,0,0,1,0,8.0,273.0,0,0,0,0,0,1
72300,124.989,0.0,0,0,1,0,30.738,0.0,0,0,1,0,16.152,1.258,1,0.0,0,0,1,1,0,1,0,1,0,0,0,12192.0,2,1,1,1,0,0,1,0,8.0,271.1,0,0,0,0,0,1
72400,124.989,0.0,0,0,1,0,30.738,0.0,0,0,1,0,16.278,1.258,1,0.0,0,0,1,1,0,1,0,1,0,0,0,12192.0,2,1,1,1,0,0,1,0,7.6,270.3,0,0,0,0,0,1
72500,124.989,0.0,0,0,1,0,30.738,0.0,0,0,1,0,16.404,1.258,1,0.0,0,0,1,1,0,1,0,1,0,0,0,12192.0,2,1,1,1,0,0,1,0,8.9,272.5,0,0,0,0,0,1
72600,124.989,0.0,0,0,1,0,30.738,0.0,0,0,1,0,16.529,1.258,1,0.0,0,0,1,1,0,1,0,1,0,0,0,12192.0,2,1,1,1,0,0,1,0,8.7,271.1,0,0,0,0,0,1
72700,124.989,0.0,0,0,1,0,30.738,0.0,0,0,1,0,16.655,1.258,1,0.0,0,0,1,1,0,1,0,1,0,0,0,12192.0,2,1,1,1,0,0,1,0,7.7,271.4,0,0,0,0,0,1
72800,124.989,0.0,0,0,1,0,30.738,0.0,0,0,1,0,16.781,1.258,1,0.0,0,0,1,1,0,1,0,1,0,0,0,12192.0,2,1,1,1,0,0,1,0,7.9,268.2,0,0,0,0,0,1
72900,124.989,0.0,0,0,1,0,30.738,0.0,0,0,1,0,16.907,1.258,1,0.0,0,0,1,1,0,1,0,1,0,0,0,12192.0,2,1,1,1,0,0,1,0,8.1,267.1,0,0,0,0,0,1
73000,124.989,0.0,0,0,1,0,30.738,0.0,0,0,1,0,17.028,1.211,1,0.0,0,0,1,1,0,1,0,1,0,0,0,12192.0,2,1,1,1,0,0,1,0,8.8,267.7,0,0,0,0,0,1
73100,124.989,0.0,0,0,1,0,30.738,0.0,0,0,1,0,17.144,1.164,1,0.0,0,0,1,1,0,1,0,1,0,0,0,12192.0,2,1,1,1,0,0,1,0,8.8,271.0,0,0,0,0,0,1
73200,124.989,0.0,0,0,1,0,30.738,0.0,0,0,1,0,17.256,1.117,1,0.0,0,0,1,1,0,1,0,1,0,0,0,12192.0,2,1,1,1,0,0,1,0,8.2,270.6,0,0,0,0,0,1
73300,124.989,0.0,0,0,1,0,30.738,0.0,0,0,1,0,17.363,1.07,1,0.0,0,0,1,1,0,1,0,1,0,0,0,12192.0,2,1,1,1,0,0,1,0,9.2,269.3,0,0,0,0,0,1
73400,124.989,0.0,0,0,1,0,30.738,0.0,0,0,1,0,17.47,1.07,1,0.0,0,0,1,1,0,1,0,1,0,0,0,12192.0,2,1,1,1,0,0,1,0,9.0,269.5,0,0,0,0,0,1
73500,124.989,0.0,0,0,1,0,30.738,0.0,0,0,1,0,17.572,1.022,1,0.0,0,0,1,1,0,1,0,1,0,0,0,12192.0,2,1,1,1,0,0,1,0,8.3,270.3,0,0,0,0,0,1
73600,124.989,0.0,0,0,1,0,30.738,0.0,0,0,1,0,17.67,0.974,1,0.0,0,0,1,1,0,1,0,1,0,0,0,12192.0,2,1,1,1,0,0,1,0,8.9,271.1,0,0,0,0,0,1
73700,124.989,0.0,0,0,1,0,30.738,0.0,0,0,1,0,17.762,0.925,1,0.0,0,0,1,1,0,1,0,1,0,0,0,12192.0,2,1,1,1,0,0,1,0,8.4,271.0,0,0,0,0,0,1
73800,124.989,0.0,0,0,1,0,30.738,0.0,0,0,1,0,17.85,0.877,1,0.0,0,0,1,1,0,1,0,1,0,0,0,12192.0,2,1,1,1,0,0,1,0,8.4,271.5,0,0,0,0,0,1
73900,124.989,0.0,0,0,1,0,30.738,0.0,0,0,1,0,17.933,0.829,1,0.0,0,0,1,1,0,1,0,1,0,0,0,12192.0,2,1,1,1,0,0,1,0,9.0,269.2,0,0,0,0,0,1
74000,124.989,0.0,0,0,1,0,30.738,0.0,0,0,1,0,18.011,0.78,1,0.0,0,0,1,1,0,1,0,1,0,0,0,12192.0,2,1,1,1,0,0,1,0,9.0,270.3,0,0,0,0,0,1
74100,124.989,0.0,0,0,1,0,30.738,0.0,0,0,1,0,18.084,0.731,1,0.0,0,0,1,1,0,1,0,1,0,0,0,12192.0,2,1,1,1,0,0,1,0,7.7,271.4,0,0,0,0,0,1
74200,124.989,0.0,0,0,1,0,30.738,0.0,0,0,1,0,18.152,0.682,1,0.0,0,0,1,1,0,1,0,1,0,0,0,12192.0,2,1,1,1,0,0,1,0,9.2,271.9,0,0,0,0,0,1
74300,124.989,0.0,0,0,1,0,30.738,0.0,0,0,1,0,18.216,0.634,1,0.0,0,0,1,1,0,1,0,1,0,0,0,12192.0,2,1,1,1,0,0,1,0,8.9,269.2,0,0,0,0,0,1
74400,124.989,0.0,0,0,1,0,30.738,0.0,0,0,1,0,18.274,0.584,1,0.0,0,0,1,1,0,1,0,1,0,0,0,12192.0,2,1,1,1,0,0,1,0,8.6,267.0,0,0,0,0,0,1
74500,124.989,0.0,0,0,1,0,30.738,0.0,0,0,1,0,18.328,0.535,1,0.0,0,0,1,1,0,1,0,1,0,0,0,12192.0,2,1,1,1,0,0,1,0,8.2,275.0,0,0,0,0,0,1
74600,124.989,0.0,0,0,1,0,30.738,0.0,0,0,1,0,18.376,0.486,1,0.0,0,0,1,1,0,1,0,1,0,0,0,12192.0,2,1,1,1,0,0,1,0,7.8,267.5,0,0,0,0,0,1
74700,124.989,0.0,0,0,1,0,30.738,0.0,0,0,1,0,18.42,0.436,1,0.0,0,0,1,1,0,1,0,1,0,0,0,12192.0,2,1,1,1,0,0,1,0,8.6,265.3,0,0,0,0,0,1
74800,124.989,0.0,0,0,1,0,30.738,0.0,0,0,1,0,18.458,0.386,1,0.0,0,0,1,1,0,1,0,1,0,0,0,12192.0,2,1,1,1,0,0,1,0,8.5,272.9,0,0,0,0,0,1
74900,124.989,0.0,0,0,1,0,30.738,0.0,0,0,1,0,18.492,0.336,1,0.0,0,0,1,1,0,1,0,1,0,0,0,12192.0,2,1,1,1,0,0,1,0,8.9,270.9,0,0,0,0,0,1
75000,124.989,0.0,0,0,1,0,30.738,0.0,0,0,1,0,18.52,0.285,1,0.0,0,0,1,1,0,1,0,1,0,0,0,12192.0,2,1,1,1,0,0,1,0,7.9,268.2,0,0,0,0,0,1
75100,124.989,0.0,0,0,1,0,30.738,0.0,0,0,1,0,18.544,0.233,1,0.0,0,0,1,1,0,1,0,1,0,0,0,12192.0,2,1,1,1,0,0,1,0,7.9,271.7,0,0,0,0,0,1
75200,124.989,0.0,0,0,1,0,30.738,0.0,0,0,1,0,18.562,0.179,1,0.0,0,0,1,1,0,1,0,1,0,0,0,12192.0,2,1,1,1,0,0,1,0,8.7,268.6,0,0,0,0,0,1
75300,124.989,0.0,0,0,1,0,30.738,0.0,0,0,1,0,18.574,0.124,1,0.0,0,0,1,1,0,1,0,1,0,0,0,12192.0,2,1,1,1,0,0,1,0,7.6,268.4,0,0,0,0,0,1
75400,124.989,0.0,0,0,1,0,30.738,0.0,0,0,1,0,18.58,0.06,1,0.0,0,0,1,1,0,1,0,1,0,0,0,12192.0,2,1,1,1,0,0,1,0,8.3,270.0,0,0,0,0,0,1
75500,124.989,0.0,0,0,0,0,30.738,0.0,0,0,0,0,18.581,0.0,0,0.0,0,0,0,0,0,1,0,1,0,0,0,12192.0,2,1,1,0,1,0,1,0,7.9,274.2,0,0,0,0,0,1
