t_ms,GT_Position,GT_Velocity,GT_Direction,GT_Running,GT_Brake_Released,GT_Motor_Alarm,TR_Position,TR_Velocity,TR_Direction,TR_Running,TR_Brake_Released,TR_Motor_Alarm,HO_Position,HO_Velocity,HO_Direction,HO_Load,HO_Overload_Alarm,HO_Snag_Alarm,HO_Running,HO_Brake_Released,HO_Motor_Alarm,SP_Mode,SP_TwistLock_Locked,SP_TwistLock_Unlocked,SP_Landed,SP_Container_Detected,SP_Mismatch_Alarm,SP_Telescopic_Position,OP_Mode,OP_Power_On,OP_Ready,OP_Running,OP_Standby,OP_Emergency_Stop,OP_AntiSway_Active,OP_Cycle_Count_Today,ENV_Wind_Speed,ENV_Wind_Direction,ENV_Wind_Alarm,ALM_Active,ALM_Latest_Code,ALM_Latest_Severity,ALM_Latest_Source,COM_Link_Status
0,0.0,0.0,0,0,1,0,0.006,0.059,1,1,1,0,39.195,-0.047,0,0.0,0,0,1,1,0,3,0,1,0,0,0,12192.0,2,1,1,1,0,0,1,0,7.6,266.3,0,0,0,0,0,1
100,0.0,0.0,0,0,1,0,0.018,0.117,1,1,1,0,39.186,-0.094,0,0.0,0,0,1,1,0,3,0,1,0,0,0,12192.0,2,1,1,1,0,0,1,0,8.8,269.4,0,0,0,0,0,1
200,0.0,0.0,0,0,1,0,0.035,0.176,1,1,1,0,39.172,-0.141,0,0.0,0,0,1,1,0,3,0,1,0,0,0,12192.0,2,1,1,1,0,0,1,0,7.6,269.9,0,0,0,0,0,1
300,0.0,0.0,0,0,1,0,0.059,0.235,1,1,1,0,39.153,-0.188,0,0.0,0,0,1,1,0,3,0,1,0,0,0,12192.0,2,1,1,1,0,0,1,0,7.4,274.8,0,0,0,0,0,1
400,0.0,0.0,0,0,1,0,0.088,0.294,1,1,1,0,39.13,-0.234,0,0.0,0,0,1,1,0,3,0,1,0,0,0,12192.0,2,1,1,1,0,0,1,0,8.3,270.8,0,0,0,0,0,1
500,0.0,0.0,0,0,1,0,0.123,0.352,1,1,1,0,39.102,-0.281,0,0.0,0,0,1,1,0,3,0,1,0,0,0,12192.0,2,1,1,1,0,0,1,0,8.0,270.1,0,0,0,0,0,1
600,0.0,0.0,0,0,1,0,0.164,0.411,1,1,1,0,39.069,-0.328,0,0.0,0,0,1,1,0,3,0,1,0,0,0,12192.0,2,1,1,1,0,0,1,0,7.9,267.3,0,0,0,0,0,1
700,0.0,0.0,0,0,1,0,0.211,0.47,1,1,1,0,39.031,-0.375,0,0.0,0,0,1,1,0,3,0,1,0,0,0,12192.0,2,1,1,1,0,0,1,0,9.2,268.5,0,0,0,0,0,1
800,0.0,0.0,0,0,1,0,0.264,0.528,1,1,1,0,38.989,-0.422,0,0.0,0,0,1,1,0,3,0,1,0,0,0,12192.0,2,1,1,1,0,0,1,0,8.4,270.6,0,0,0,0,0,1
900,0.0,0.0,0,0,1,0,0.323,0.587,1,1,1,0,38.942,-0.469,0,0.0,0,0,1,1,0,3,0,1,0,0,0,12192.0,2,1,1,1,0,0,1,0,8.5,274.6,0,0,0,0,0,1
1000,0.0,0.0,0,0,1,0,0.388,0.646,1,1,1,0,38.891,-0.516,0,0.0,0,0,1,1,0,3,0,1,0,0,0,12192.0,2,1,1,1,0,0,1,0,8.8,270.0,0,0,0,0,0,1
1100,0.0,0.0,0,0,1,0,0.458,0.705,1,1,1,0,38.834,-0.563,0,0.0,0,0,1,1,0,3,0,1,0,0,0,12192.0,2,1,1,1,0,0,1,0,8.6,270.1,0,0,0,0,0,1
1200,0.0,0.0,0,0,1,0,0.534,0.763,1,1,1,0,38.773,-0.609,0,0.0,0,0,1,1,0,3,0,1,0,0,0,12192.0,2,1,1,1,0,0,1,0,8.8,270.2,0,0,0,0,0,1
1300,0.0,0.0,0,0,1,0,0.616,0.822,1,1,1,0,38.708,-0.656,0,0.0,0,0,1,1,0,3,0,1,0,0,0,12192.0,2,1,1,1,0,0,1,0,9.0,268.6,0,0,0,0,0,1
1400,0.0,0.0,0,0,1,0,0.705,0.881,1,1,1,0,38.637,-0.703,0,0.0,0,0,1,1,0,3,0,1,0,0,0,12192.0,2,1,1,1,0,0,1,0,8.6,268.2,0,0,0,0,0,1
1500,0.0,0.0,0,0,1,0,0.798,0.939,1,1,1,0,38.562,-0.75,0,0.0,0,0,1,1,0,3,0,1,0,0,0,12192.0,2,1,1,1,0,0,1,0,8.4,268.8,0,0,0,0,0,1
1600,0.0,0.0,0,0,1,0,0.898,0.998,1,1,1,0,38.483,-0.797,0,0.0,0,0,1,1,0,3,0,1,0,0,0,12192.0,2,1,1,1,0,0,1,0,8.9,271.5,0,0,0,0,0,1
1700,0.0,0.0,0,0,1,0,1.004,1.057,1,1,1,0,38.398,-0.844,0,0.0,0,0,1,1,0,3,0,1,0,0,0,12192.0,2,1,1,1,0,0,1,0,8.0,266.3,0,0,0,0,0,1
1800,0.0,0.0,0,0,1,0,1.116,1.116,1,1,1,0,38.309,-0.891,0,0.0,0,0,1,1,0,3,0,1,0,0,0,12192.0,2,1,1,1,0,0,1,0,8.5,265.5,0,0,0,0,0,1
1900,0.0,0.0,0,0,1,0,1.233,1.174,1,1,1,0,38.216,-0.938,0,0.0,0,0,1,1,0,3,0,1,0,0,0,12192.0,2,1,1,1,0,0,1,0,8.7,266.3,0,0,0,0,0,1
2000,0.0,0.0,0,0,1,0,1.356,1.233,1,1,1,0,38.117,-0.984,0,0.0,0,0,1,1,0,3,0,1,0,0,0,12192.0,2,1,1,1,0,0,1,0,8.7,267.6,0,0,0,0,0,1
2100,0.0,0.0,0,0,1,0,1.485,1.292,1,1,1,0,38.014,-1.031,0,0.0,0,0,1,1,0,3,0,1,0,0,0,12192.0,2,1,1,1,0,0,1,0,9.1,270.7,0,0,0,0,0,1
2200,0.0,0.0,0,0,1,0,1.62,1.35,1,1,1,0,37.906,-1.078,0,0.0,0,0,1,1,0,3,0,1,0,0,0,12192.0,2,1,1,1,0,0,1,0,8.6,270.1,0,0,0,0,0,1
2300,0.0,0.0,0,0,1,0,1.761,1.409,1,1,1,0,37.794,-1.125,0,0.0,0,0,1,1,0,3,0,1,0,0,0,12192.0,2,1,1,1,0,0,1,0,8.5,266.0,0,0,0,0,0,1
2400,0.0,0.0,0,0,1,0,1.908,1.468,1,1,1,0,37.676,-1.172,0,0.0,0,0,1,1,0,3,0,1,0,0,0,12192.0,2,1,1,1,0,0,1,0,8.8,270.4,0,0,0,0,0,1
2500,0.0,0.0,0,0,1,0,2.061,1.527,1,1,1,0,37.555,-1.219,0,0.0,0,0,1,1,0,3,0,1,0,0,0,12192.0,2,1,1,1,0,0,1,0,8.7,271.7,0,0,0,0,0,1
2600,0.0,0.0,0,0,1,0,2.219,1.585,1,1,1,0,37.428,-1.266,0,0.0,0,0,1,1,0,3,0,1,0,0,0,12192.0,2,1,1,1,0,0,1,0,8.6,271.7,0,0,0,0,0,1
2700,0.0,0.0,0,0,1,0,2.384,1.644,1,1,1,0,37.301,-1.272,0,0.0,0,0,1,1,0,3,0,1,0,0,0,12192.0,2,1,1,1,0,0,1,0,7.9,271.1,0,0,0,0,0,1
2800,0.0,0.0,0,0,1,0,2.554,1.703,1,1,1,0,37.174,-1.272,0,0.0,0,0,1,1,0,3,0,1,0,0,0,12192.0,2,1,1,1,0,0,1,0,8.4,270.9,0,0,0,0,0,1
2900,0.0,0.0,0,0,1,0,2.73,1.761,1,1,1,0,37.046,-1.272,0,0.0,0,0,1,1,0,3,0,1,0,0,0,12192.0,2,1,1,1,0,0,1,0,8.6,269.0,0,0,0,0,0,1
3000,0.0,0.0,0,0,1,0,2.912,1.82,1,1,1,0,36.919,-1.272,0,0.0,0,0,1,1,0,3,0,1,0,0,0,12192.0,2,1,1,1,0,0,1,0,9.1,269.4,0,0,0,0,0,1
3100,0.0,0.0,0,0,1,0,3.1,1.879,1,1,1,0,36.792,-1.272,0,0.0,0,0,1,1,0,3,0,1,0,0,0,12192.0,2,1,1,1,0,0,1,0,9.2,266.1,0,0,0,0,0,1
3200,0.0,0.0,0,0,1,0,3.294,1.938,1,1,1,0,36.665,-1.272,0,0.0,0,0,1,1,0,3,0,1,0,0,0,12192.0,2,1,1,1,0,0,1,0,7.6,269.2,0,0,0,0,0,1
3300,0.0,0.0,0,0,1,0,3.493,1.996,1,1,1,0,36.537,-1.272,0,0.0,0,0,1,1,0,3,0,1,0,0,0,12192.0,2,1,1,1,0,0,1,0,9.1,269.2,0,0,0,0,0,1
3400,0.0,0.0,0,0,1,0,3.699,2.055,1,1,1,0,36.41,-1.272,0,0.0,0,0,1,1,0,3,0,1,0,0,0,12192.0,2,1,1,1,0,0,1,0,8.4,266.1,0,0,0,0,0,1
3500,0.0,0.0,0,0,1,0,3.91,2.114,1,1,1,0,36.283,-1.272,0,0.0,0,0,1,1,0,3,0,1,0,0,0,12192.0,2,1,1,1,0,0,1,0,8.6,272.2,0,0,0,0,0,1
3600,0.0,0.0,0,0,1,0,4.128,2.172,1,1,1,0,36.156,-1.272,0,0.0,0,0,1,1,0,3,0,1,0,0,0,12192.0,2,1,1,1,0,0,1,0,8.3,271.6,0,0,0,0,0,1
3700,0.0,0.0,0,0,1,0,4.351,2.231,1,1,1,0,36.028,-1.272,0,0.0,0,0,1,1,0,3,0,1,0,0,0,12192.0,2,1,1,1,0,0,1,0,8.1,268.9,0,0,0,0,0,1
3800,0.0,0.0,0,0,1,0,4.58,2.29,1,1,1,0,35.901,-1.272,0,0.0,0,0,1,1,0,3,0,1,0,0,0,12192.0,2,1,1,1,0,0,1,0,7.9,271.4,0,0,0,0,0,1
3900,0.0,0.0,0,0,1,0,4.814,2.349,1,1,1,0,35.774,-1.272,0,0.0,0,0,1,1,0,3,0,1,0,0,0,12192.0,2,1,1,1,0,0,1,0,8.2,269.8,0,0,0,0,0,1
4000,0.0,0.0,0,0,1,0,5.055,2.407,1,1,1,0,35.647,-1.272,0,0.0,0,0,1,1,0,3,0,1,0,0,0,12192.0,2,1,1,1,0,0,1,0,7.8,269.4,0,0,0,0,0,1
4100,0.0,0.0,0,0,1,0,5.302,2.466,1,1,1,0,35.52,-1.272,0,0.0,0,0,1,1,0,3,0,1,0,0,0,12192.0,2,1,1,1,0,0,1,0,7.4,269.3,0,0,0,0,0,1
4200,0.0,0.0,0,0,1,0,5.554,2.525,1,1,1,0,35.392,-1.272,0,0.0,0,0,1,1,0,3,0,1,0,0,0,12192.0,2,1,1,1,0,0,1,0,8.0,275.0,0,0,0,0,0,1
4300,0.0,0.0,0,0,1,0,5.813,2.583,1,1,1,0,35.265,-1.272,0,0.0,0,0,1,1,0,3,0,1,0,0,0,12192.0,2,1,1,1,0,0,1,0,8.3,268.8,0,0,0,0,0,1
4400,0.0,0.0,0,0,1,0,6.077,2.642,1,1,1,0,35.138,-1.272,0,0.0,0,0,1,1,0,3,0,1,0,0,0,12192.0,2,1,1,1,0,0,1,0,8.1,267.9,0,0,0,0,0,1
4500,0.0,0.0,0,0,1,0,6.347,2.701,1,1,1,0,35.011,-1.272,0,0.0,0,0,1,1,0,3,0,1,0,0,0,12192.0,2,1,1,1,0,0,1,0,8.0,272.1,0,0,0,0,0,1
4600,0.0,0.0,0,0,1,0,6.623,2.759,1,1,1,0,34.883,-1.272,0,0.0,0,0,1,1,0,3,0,1,0,0,0,12192.0,2,1,1,1,0,0,1,0,8.1,266.8,0,0,0,0,0,1
4700,0.0,0.0,0,0,1,0,6.905,2.818,1,1,1,0,34.756,-1.272,0,0.0,0,0,1,1,0,3,0,1,0,0,0,12192.0,2,1,1,1,0,0,1,0,7.6,273.1,0,0,0,0,0,1
4800,0.0,0.0,0,0,1,0,7.192,2.877,1,1,1,0,34.629,-1.272,0,0.0,0,0,1,1,0,3,0,1,0,0,0,12192.0,2,1,1,1,0,0,1,0,8.0,267.1,0,0,0,0,0,1
4900,0.0,0.0,0,0,1,0,7.486,2.936,1,1,1,0,34.502,-1.272,0,0.0,0,0,1,1,0,3,0,1,0,0,0,12192.0,2,1,1,1,0,0,1,0,7.2,270.4,0,0,0,0,0,1
5000,0.0,0.0,0,0,1,0,7.785,2.994,1,1,1,0,34.375,-1.272,0,0.0,0,0,1,1,0,3,0,1,0,0,0,12192.0,2,1,1,1,0,0,1,0,7.5,272.3,0,0,0,0,0,1
5100,0.0,0.0,0,0,1,0,8.091,3.053,1,1,1,0,34.247,-1.272,0,0.0,0,0,1,1,0,3,0,1,0,0,0,12192.0,2,1,1,1,0,0,1,0,7.8,269.1,0,0,0,0,0,1
5200,0.0,0.0,0,0,1,0,8.402,3.112,1,1,1,0,34.12,-1.272,0,0.0,0,0,1,1,0,3,0,1,0,0,0,12192.0,2,1,1,1,0,0,1,0,7.4,275.6,0,0,0,0,0,1
5300,0.0,0.0,0,0,1,0,8.719,3.17,1,1,1,0,33.993,-1.272,0,0.0,0,0,1,1,0,3,0,1,0,0,0,12192.0,2,1,1,1,0,0,1,0,7.2,269.7,0,0,0,0,0,1
5400,0.0,0.0,0,0,1,0,9.042,3.229,1,1,1,0,33.866,-1.272,0,0.0,0,0,1,1,0,3,0,1,0,0,0,12192.0,2,1,1,1,0,0,1,0,8.2,271.3,0,0,0,0,0,1
5500,0.0,0.0,0,0,1,0,9.371,3.288,1,1,1,0,33.738,-1.272,0,0.0,0,0,1,1,0,3,0,1,0,0,0,12192.0,2,1,1,1,0,0,1,0,8.1,269.1,0,0,0,0,0,1
5600,0.0,0.0,0,0,1,0,9.705,3.347,1,1,1,0,33.611,-1.272,0,0.0,0,0,1,1,0,3,0,1,0,0,0,12192.0,2,1,1,1,0,0,1,0,7.0,270.7,0,0,0,0,0,1
5700,0.0,0.0,0,0,1,0,10.046,3.405,1,1,1,0,33.484,-1.272,0,0.0,0,0,1,1,0,3,0,1,0,0,0,12192.0,2,1,1,1,0,0,1,0,7.9,269.0,0,0,0,0,0,1
5800,0.0,0.0,0,0,1,0,10.392,3.464,1,1,1,0,33.357,-1.272,0,0.0,0,0,1,1,0,3,0,1,0,0,0,12192.0,2,1,1,1,0,0,1,0,7.8,268.7,0,0,0,0,0,1
5900,0.0,0.0,0,0,1,0,10.744,3.523,1,1,1,0,33.229,-1.272,0,0.0,0,0,1,1,0,3,0,1,0,0,0,12192.0,2,1,1,1,0,0,1,0,8.1,271.8,0,0,0,0,0,1
6000,0.0,0.0,0,0,1,0,11.097,3.529,1,1,1,0,33.102,-1.272,0,0.0,0,0,1,1,0,3,0,1,0,0,0,12192.0,2,1,1,1,0,0,1,0,8.0,268.7,0,0,0,0,0,1
6100,0.0,0.0,0,0,1,0,11.45,3.529,1,1,1,0,32.975,-1.272,0,0.0,0,0,1,1,0,3,0,1,0,0,0,12192.0,2,1,1,1,0,0,1,0,6.9,270.9,0,0,0,0,0,1
6200,0.0,0.0,0,0,1,0,11.803,3.529,1,1,1,0,32.848,-1.272,0,0.0,0,0,1,1,0,3,0,1,0,0,0,12192.0,2,1,1,1,0,0,1,0,7.4,270.2,0,0,0,0,0,1
6300,0.0,0.0,0,0,1,0,12.156,3.529,1,1,1,0,32.721,-1.272,0,0.0,0,0,1,1,0,3,0,1,0,0,0,12192.0,2,1,1,1,0,0,1,0,7.6,270.6,0,0,0,0,0,1
6400,0.0,0.0,0,0,1,0,12.509,3.529,1,1,1,0,32.593,-1.272,0,0.0,0,0,1,1,0,3,0,1,0,0,0,12192.0,2,1,1,1,0,0,1,0,7.3,276.6,0,0,0,0,0,1
6500,0.0,0.0,0,0,1,0,12.862,3.529,1,1,1,0,32.466,-1.272,0,0.0,0,0,1,1,0,3,0,1,0,0,0,12192.0,2,1,1,1,0,0,1,0,6.9,267.9,0,0,0,0,0,1
6600,0.0,0.0,0,0,1,0,13.215,3.529,1,1,1,0,32.339,-1.272,0,0.0,0,0,1,1,0,3,0,1,0,0,0,12192.0,2,1,1,1,0,0,1,0,7.0,272.5,0,0,0,0,0,1
6700,0.0,0.0,0,0,1,0,13.568,3.529,1,1,1,0,32.212,-1.272,0,0.0,0,0,1,1,0,3,0,1,0,0,0,12192.0,2,1,1,1,0,0,1,0,6.7,269.3,0,0,0,0,0,1
6800,0.0,0.0,0,0,1,0,13.92,3.529,1,1,1,0,32.084,-1.272,0,0.0,0,0,1,1,0,3,0,1,0,0,0,12192.0,2,1,1,1,0,0,1,0,7.5,268.6,0,0,0,0,0,1
6900,0.0,0.0,0,0,1,0,14.273,3.529,1,1,1,0,31.957,-1.272,0,0.0,0,0,1,1,0,3,0,1,0,0,0,12192.0,2,1,1,1,0,0,1,0,7.2,273.6,0,0,0,0,0,1
7000,0.0,0.0,0,0,1,0,14.626,3.529,1,1,1,0,31.83,-1.272,0,0.0,0,0,1,1,0,3,0,1,0,0,0,12192.0,2,1,1,1,0,0,1,0,6.7,263.5,0,0,0,0,0,1
7100,0.0,0.0,0,0,1,0,14.979,3.529,1,1,1,0,31.703,-1.272,0,0.0,0,0,1,1,0,3,0,1,0,0,0,12192.0,2,1,1,1,0,0,1,0,6.6,269.1,0,0,0,0,0,1
7200,0.0,0.0,0,0,1,0,15.332,3.529,1,1,1,0,31.575,-1.272,0,0.0,0,0,1,1,0,3,0,1,0,0,0,12192.0,2,1,1,1,0,0,1,0,7.4,272.0,0,0,0,0,0,1
7300,0.0,0.0,0,0,1,0,15.685,3.529,1,1,1,0,31.448,-1.272,0,0.0,0,0,1,1,0,3,0,1,0,0,0,12192.0,2,1,1,1,0,0,1,0,7.8,272.3,0,0,0,0,0,1
7400,0.0,0.0,0,0,1,0,16.038,3.529,1,1,1,0,31.321,-1.272,0,0.0,0,0,1,1,0,3,0,1,0,0,0,12192.0,2,1,1,1,0,0,1,0,6.0,269.4,0,0,0,0,0,1
7500,0.0,0.0,0,0,1,0,16.391,3.529,1,1,1,0,31.194,-1.272,0,0.0,0,0,1,1,0,3,0,1,0,0,0,12192.0,2,1,1,1,0,0,1,0,7.6,272.1,0,0,0,0,0,1
7600,0.0,0.0,0,0,1,0,16.744,3.529,1,1,1,0,31.067,-1.272,0,0.0,0,0,1,1,0,3,0,1,0,0,0,12192.0,2,1,1,1,0,0,1,0,7.6,270.1,0,0,0,0,0,1
7700,0.0,0.0,0,0,1,0,17.097,3.529,1,1,1,0,30.939,-1.272,0,0.0,0,0,1,1,0,3,0,1,0,0,0,12192.0,2,1,1,1,0,0,1,0,7.4,271.6,0,0,0,0,0,1
7800,0.0,0.0,0,0,1,0,17.449,3.529,1,1,1,0,30.812,-1.272,0,0.0,0,0,1,1,0,3,0,1,0,0,0,12192.0,2,1,1,1,0,0,1,0,7.6,269.6,0,0,0,0,0,1
7900,0.0,0.0,0,0,1,0,17.802,3.529,1,1,1,0,30.685,-1.272,0,0.0,0,0,1,1,0,3,0,1,0,0,0,12192.0,2,1,1,1,0,0,1,0,8.4,269.9,0,0,0,0,0,1
8000,0.0,0.0,0,0,1,0,18.155,3.529,1,1,1,0,30.558,-1.272,0,0.0,0,0,1,1,0,3,0,1,0,0,0,12192.0,2,1,1,1,0,0,1,0,7.4,272.9,0,0,0,0,0,1
8100,0.0,0.0,0,0,1,0,18.508,3.529,1,1,1,0,30.43,-1.272,0,0.0,0,0,1,1,0,3,0,1,0,0,0,12192.0,2,1,1,1,0,0,1,0,8.2,273.9,0,0,0,0,0,1
8200,0.0,0.0,0,0,1,0,18.861,3.529,1,1,1,0,30.303,-1.272,0,0.0,0,0,1,1,0,3,0,1,0,0,0,12192.0,2,1,1,1,0,0,1,0,8.3,272.2,0,0,0,0,0,1
8300,0.0,0.0,0,0,1,0,19.214,3.529,1,1,1,0,30.176,-1.272,0,0.0,0,0,1,1,0,3,0,1,0,0,0,12192.0,2,1,1,1,0,0,1,0,7.9,268.5,0,0,0,0,0,1
8400,0.0,0.0,0,0,1,0,19.567,3.529,1,1,1,0,30.049,-1.272,0,0.0,0,0,1,1,0,3,0,1,0,0,0,12192.0,2,1,1,1,0,0,1,0,7.9,267.7,0,0,0,0,0,1
8500,0.0,0.0,0,0,1,0,19.92,3.529,1,1,1,0,29.921,-1.272,0,0.0,0,0,1,1,0,3,0,1,0,0,0,12192.0,2,1,1,1,0,0,1,0,9.0,268.9,0,0,0,0,0,1
8600,0.0,0.0,0,0,1,0,20.273,3.529,1,1,1,0,29.794,-1.272,0,0.0,0,0,1,1,0,3,0,1,0,0,0,12192.0,2,1,1,1,0,0,1,0,7.7,270.1,0,0,0,0,0,1
8700,0.0,0.0,0,0,1,0,20.625,3.529,1,1,1,0,29.667,-1.272,0,0.0,0,0,1,1,0,3,0,1,0,0,0,12192.0,2,1,1,1,0,0,1,0,7.7,271.1,0,0,0,0,0,1
8800,0.0,0.0,0,0,1,0,20.978,3.529,1,1,1,0,29.54,-1.272,0,0.0,0,0,1,1,0,3,0,1,0,0,0,12192.0,2,1,1,1,0,0,1,0,7.7,268.2,0,0,0,0,0,1
8900,0.0,0.0,0,0,1,0,21.331,3.529,1,1,1,0,29.413,-1.272,0,0.0,0,0,1,1,0,3,0,1,0,0,0,12192.0,2,1,1,1,0,0,1,0,7.6,272.2,0,0,0,0,0,1
9000,0.0,0.0,0,0,1,0,21.684,3.529,1,1,1,0,29.285,-1.272,0,0.0,0,0,1,1,0,3,0,1,0,0,0,12192.0,2,1,1,1,0,0,1,0,8.5,270.8,0,0,0,0,0,1
9100,0.0,0.0,0,0,1,0,22.037,3.529,1,1,1,0,29.158,-1.272,0,0.0,0,0,1,1,0,3,0,1,0,0,0,12192.0,2,1,1,1,0,0,1,0,8.7,269.9,0,0,0,0,0,1
9200,0.0,0.0,0,0,1,0,22.39,3.529,1,1,1,0,29.031,-1.272,0,0.0,0,0,1,1,0,3,0,1,0,0,0,12192.0,2,1,1,1,0,0,1,0,8.1,269.4,0,0,0,0,0,1
9300,0.0,0.0,0,0,1,0,22.743,3.529,1,1,1,0,28.904,-1.272,0,0.0,0,0,1,1,0,3,0,1,0,0,0,12192.0,2,1,1,1,0,0,1,0,7.9,274.5,0,0,0,0,0,1
9400,0.0,0.0,0,0,1,0,23.096,3.529,1,1,1,0,28.776,-1.272,0,0.0,0,0,1,1,0,3,0,1,0,0,0,12192.0,2,1,1,1,0,0,1,0,7.9,272.7,0,0,0,0,0,1
9500,0.0,0.0,0,0,1,0,23.449,3.529,1,1,1,0,28.649,-1.272,0,0.0,0,0,1,1,0,3,0,1,0,0,0,12192.0,2,1,1,1,0,0,1,0,8.3,271.0,0,0,0,0,0,1
9600,0.0,0.0,0,0,1,0,23.802,3.529,1,1,1,0,28.522,-1.272,0,0.0,0,0,1,1,0,3,0,1,0,0,0,12192.0,2,1,1,1,0,0,1,0,8.1,273.4,0,0,0,0,0,1
9700,0.0,0.0,0,0,1,0,24.154,3.529,1,1,1,0,28.395,-1.272,0,0.0,0,0,1,1,0,3,0,1,0,0,0,12192.0,2,1,1,1,0,0,1,0,7.2,270.0,0,0,0,0,0,1
9800,0.0,0.0,0,0,1,0,24.507,3.529,1,1,1,0,28.267,-1.272,0,0.0,0,0,1,1,0,3,0,1,0,0,0,12192.0,2,1,1,1,0,0,1,0,8.3,270.9,0,0,0,0,0,1
9900,0.0,0.0,0,0,1,0,24.86,3.529,1,1,1,0,28.14,-1.272,0,0.0,0,0,1,1,0,3,0,1,0,0,0,12192.0,2,1,1,1,0,0,1,0,7.9,270.0,0,0,0,0,0,1
10000,0.0,0.0,0,0,1,0,25.213,3.529,1,1,1,0,28.013,-1.272,0,0.0,0,0,1,1,0,3,0,1,0,0,0,12192.0,2,1,1,1,0,0,1,0,7.6,266.8,0,0,0,0,0,1
10100,0.0,0.0,0,0,1,0,25.566,3.529,1,1,1,0,27.886,-1.272,0,0.0,0,0,1,1,0,3,0,1,0,0,0,12192.0,2,1,1,1,0,0,1,0,8.0,273.8,0,0,0,0,0,1
10200,0.0,0.0,0,0,1,0,25.919,3.529,1,1,1,0,27.759,-1.272,0,0.0,0,0,1,1,0,3,0,1,0,0,0,12192.0,2,1,1,1,0,0,1,0,8.3,268.7,0,0,0,0,0,1
10300,0.0,0.0,0,0,1,0,26.272,3.529,1,1,1,0,27.631,-1.272,0,0.0,0,0,1,1,0,3,0,1,0,0,0,12192.0,2,1,1,1,0,0,1,0,8.1,266.9,0,0,0,0,0,1
10400,0.0,0.0,0,0,1,0,26.625,3.529,1,1,1,0,27.504,-1.272,0,0.0,0,0,1,1,0,3,0,1,0,0,0,12192.0,2,1,1,1,0,0,1,0,8.4,267.9,0,0,0,0,0,1
10500,0.0,0.0,0,0,1,0,26.978,3.529,1,1,1,0,27.377,-1.272,0,0.0,0,0,1,1,0,3,0,1,0,0,0,12192.0,2,1,1,1,0,0,1,0,8.9,267.6,0,0,0,0,0,1
10600,0.0,0.0,0,0,1,0,27.33,3.529,1,1,1,0,27.25,-1.272,0,0.0,0,0,1,1,0,3,0,1,0,0,0,12192.0,2,1,1,1,0,0,1,0,8.7,269.2,0,0,0,0,0,1
10700,0.0,0.0,0,0,1,0,27.683,3.529,1,1,1,0,27.122,-1.272,0,0.0,0,0,1,1,0,3,0,1,0,0,0,12192.0,2,1,1,1,0,0,1,0,9.3,268.0,0,0,0,0,0,1
10800,0.0,0.0,0,0,1,0,28.036,3.529,1,1,1,0,26.995,-1.272,0,0.0,0,0,1,1,0,3,0,1,0,0,0,12192.0,2,1,1,1,0,0,1,0,8.3,274.1,0,0,0,0,0,1
10900,0.0,0.0,0,0,1,0,28.389,3.529,1,1,1,0,26.868,-1.272,0,0.0,0,0,1,1,0,3,0,1,0,0,0,12192.0,2,1,1,1,0,0,1,0,8.3,268.0,0,0,0,0,0,1
11000,0.0,0.0,0,0,1,0,28.742,3.529,1,1,1,0,26.741,-1.272,0,0.0,0,0,1,1,0,3,0,1,0,0,0,12192.0,2,1,1,1,0,0,1,0,8.6,274.1,0,0,0,0,0,1
11100,0.0,0.0,0,0,1,0,29.095,3.529,1,1,1,0,26.613,-1.272,0,0.0,0,0,1,1,0,3,0,1,0,0,0,12192.0,2,1,1,1,0,0,1,0,9.1,269.7,0,0,0,0,0,1
11200,0.0,0.0,0,0,1,0,29.448,3.529,1,1,1,0,26.486,-1.272,0,0.0,0,0,1,1,0,3,0,1,0,0,0,12192.0,2,1,1,1,0,0,1,0,8.9,273.0,0,0,0,0,0,1
11300,0.0,0.0,0,0,1,0,29.801,3.529,1,1,1,0,26.359,-1.272,0,0.0,0,0,1,1,0,3,0,1,0,0,0,12192.0,2,1,1,1,0,0,1,0,8.2,272.2,0,0,0,0,0,1
11400,0.0,0.0,0,0,1,0,30.154,3.529,1,1,1,0,26.232,-1.272,0,0.0,0,0,1,1,0,3,0,1,0,0,0,12192.0,2,1,1,1,0,0,1,0,8.6,270.2,0,0,0,0,0,1
11500,0.0,0.0,0,0,1,0,30.506,3.529,1,1,1,0,26.105,-1.272,0,0.0,0,0,1,1,0,3,0,1,0,0,0,12192.0,2,1,1,1,0,0,1,0,8.2,270.7,0,0,0,0,0,1
11600,0.0,0.0,0,0,1,0,30.859,3.529,1,1,1,0,25.977,-1.272,0,0.0,0,0,1,1,0,3,0,1,0,0,0,12192.0,2,1,1,1,0,0,1,0,8.0,268.6,0,0,0,0,0,1
11700,0.0,0.0,0,0,1,0,31.212,3.529,1,1,1,0,25.85,-1.272,0,0.0,0,0,1,1,0,3,0,1,0,0,0,12192.0,2,1,1,1,0,0,1,0,9.3,270.8,0,0,0,0,0,1
11800,0.0,0.0,0,0,1,0,31.565,3.529,1,1,1,0,25.723,-1.272,0,0.0,0,0,1,1,0,3,0,1,0,0,0,12192.0,2,1,1,1,0,0,1,0,8.4,267.1,0,0,0,0,0,1
11900,0.0,0.0,0,0,1,0,31.918,3.529,1,1,1,0,25.596,-1.272,0,0.0,0,0,1,1,0,3,0,1,0,0,0,12192.0,2,1,1,1,0,0,1,0,8.4,270.9,0,0,0,0,0,1
12000,0.0,0.0,0,0,1,0,32.271,3.529,1,1,1,0,25.468,-1.272,0,0.0,0,0,1,1,0,3,0,1,0,0,0,12192.0,2,1,1,1,0,0,1,0,8.6,267.7,0,0,0,0,0,1
12100,0.0,0.0,0,0,1,0,32.624,3.529,1,1,1,0,25.341,-1.272,0,0.0,0,0,1,1,0,3,0,1,0,0,0,12192.0,2,1,1,1,0,0,1,0,7.7,270.2,0,0,0,0,0,1
12200,0.0,0.0,0,0,1,0,32.977,3.529,1,1,1,0,25.214,-1.272,0,0.0,0,0,1,1,0,3,0,1,0,0,0,12192.0,2,1,1,1,0,0,1,0,7.9,270.1,0,0,0,0,0,1
12300,0.0,0.0,0,0,1,0,33.33,3.529,1,1,1,0,25.087,-1.272,0,0.0,0,0,1,1,0,3,0,1,0,0,0,12192.0,2,1,1,1,0,0,1,0,8.9,267.3,0,0,0,0,0,1
12400,0.0,0.0,0,0,1,0,33.683,3.529,1,1,1,0,24.959,-1.272,0,0.0,0,0,1,1,0,3,0,1,0,0,0,12192.0,2,1,1,1,0,0,1,0,8.1,269.0,0,0,0,0,0,1
12500,0.0,0.0,0,0,1,0,34.035,3.529,1,1,1,0,24.832,-1.272,0,0.0,0,0,1,1,0,3,0,1,0,0,0,12192.0,2,1,1,1,0,0,1,0,8.6,268.3,0,0,0,0,0,1
12600,0.0,0.0,0,0,1,0,34.382,3.47,1,1,1,0,24.705,-1.272,0,0.0,0,0,1,1,0,3,0,1,0,0,0,12192.0,2,1,1,1,0,0,1,0,7.9,273.9,0,0,0,0,0,1
12700,0.0,0.0,0,0,1,0,34.724,3.412,1,1,1,0,24.578,-1.272,0,0.0,0,0,1,1,0,3,0,1,0,0,0,12192.0,2,1,1,1,0,0,1,0,7.8,273.2,0,0,0,0,0,1
12800,0.0,0.0,0,0,1,0,35.059,3.353,1,1,1,0,24.451,-1.272,0,0.0,0,0,1,1,0,3,0,1,0,0,0,12192.0,2,1,1,1,0,0,1,0,7.9,271.7,0,0,0,0,0,1
12900,0.0,0.0,0,0,1,0,35.388,3.294,1,1,1,0,24.323,-1.272,0,0.0,0,0,1,1,0,3,0,1,0,0,0,12192.0,2,1,1,1,0,0,1,0,7.9,273.5,0,0,0,0,0,1
13000,0.0,0.0,0,0,1,0,35.712,3.235,1,1,1,0,24.196,-1.272,0,0.0,0,0,1,1,0,3,0,1,0,0,0,12192.0,2,1,1,1,0,0,1,0,8.2,265.8,0,0,0,0,0,1
13100,0.0,0.0,0,0,1,0,36.03,3.177,1,1,1,0,24.069,-1.272,0,0.0,0,0,1,1,0,3,0,1,0,0,0,12192.0,2,1,1,1,0,0,1,0,8.1,266.8,0,0,0,0,0,1
13200,0.0,0.0,0,0,1,0,36.341,3.118,1,1,1,0,23.942,-1.272,0,0.0,0,0,1,1,0,3,0,1,0,0,0,12192.0,2,1,1,1,0,0,1,0,8.4,267.6,0,0,0,0,0,1
13300,0.0,0.0,0,0,1,0,36.647,3.059,1,1,1,0,23.814,-1.272,0,0.0,0,0,1,1,0,3,0,1,0,0,0,12192.0,2,1,1,1,0,0,1,0,8.2,269.9,0,0,0,0,0,1
13400,0.0,0.0,0,0,1,0,36.947,3.001,1,1,1,0,23.687,-1.272,0,0.0,0,0,1,1,0,3,0,1,0,0,0,12192.0,2,1,1,1,0,0,1,0,8.2,269.6,0,0,0,0,0,1
13500,0.0,0.0,0,0,1,0,37.241,2.942,1,1,1,0,23.56,-1.272,0,0.0,0,0,1,1,0,3,0,1,0,0,0,12192.0,2,1,1,1,0,0,1,0,7.8,275.8,0,0,0,0,0,1
13600,0.0,0.0,0,0,1,0,37.53,2.883,1,1,1,0,23.433,-1.272,0,0.0,0,0,1,1,0,3,0,1,0,0,0,12192.0,2,1,1,1,0,0,1,0,7.5,270.7,0,0,0,0,0,1
13700,0.0,0.0,0,0,1,0,37.812,2.824,1,1,1,0,23.306,-1.272,0,0.0,0,0,1,1,0,3,0,1,0,0,0,12192.0,2,1,1,1,0,0,1,0,8.0,269.2,0,0,0,0,0,1
13800,0.0,0.0,0,0,1,0,38.089,2.766,1,1,1,0,23.178,-1.272,0,0.0,0,0,1,1,0,3,0,1,0,0,0,12192.0,2,1,1,1,0,0,1,0,8.4,266.4,0,0,0,0,0,1
13900,0.0,0.0,0,0,1,0,38.359,2.707,1,1,1,0,23.051,-1.272,0,0.0,0,0,1,1,0,3,0,1,0,0,0,12192.0,2,1,1,1,0,0,1,0,8.4,268.4,0,0,0,0,0,1
14000,0.0,0.0,0,0,1,0,38.624,2.648,1,1,1,0,22.924,-1.272,0,0.0,0,0,1,1,0,3,0,1,0,0,0,12192.0,2,1,1,1,0,0,1,0,7.7,272.9,0,0,0,0,0,1
14100,0.0,0.0,0,0,1,0,38.883,2.59,1,1,1,0,22.797,-1.272,0,0.0,0,0,1,1,0,3,0,1,0,0,0,12192.0,2,1,1,1,0,0,1,0,7.4,275.6,0,0,0,0,0,1
14200,0.0,0.0,0,0,1,0,39.136,2.531,1,1,1,0,22.669,-1.272,0,0.0,0,0,1,1,0,3,0,1,0,0,0,12192.0,2,1,1,1,0,0,1,0,8.7,268.0,0,0,0,0,0,1
14300,0.0,0.0,0,0,1,0,39.384,2.472,1,1,1,0,22.542,-1.272,0,0.0,0,0,1,1,0,3,0,1,0,0,0,12192.0,2,1,1,1,0,0,1,0,8.0,269.7,0,0,0,0,0,1
14400,0.0,0.0,0,0,1,0,39.625,2.413,1,1,1,0,22.415,-1.272,0,0.0,0,0,1,1,0,3,0,1,0,0,0,12192.0,2,1,1,1,0,0,1,0,7.0,271.5,0,0,0,0,0,1
14500,0.0,0.0,0,0,1,0,39.86,2.355,1,1,1,0,22.288,-1.272,0,0.0,0,0,1,1,0,3,0,1,0,0,0,12192.0,2,1,1,1,0,0,1,0,7.6,269.5,0,0,0,0,0,1
14600,0.0,0.0,0,0,1,0,40.09,2.296,1,1,1,0,22.16,-1.272,0,0.0,0,0,1,1,0,3,0,1,0,0,0,12192.0,2,1,1,1,0,0,1,0,7.6,262.2,0,0,0,0,0,1
14700,0.0,0.0,0,0,1,0,40.314,2.237,1,1,1,0,22.033,-1.272,0,0.0,0,0,1,1,0,3,0,1,0,0,0,12192.0,2,1,1,1,0,0,1,0,7.6,269.6,0,0,0,0,0,1
14800,0.0,0.0,0,0,1,0,40.532,2.179,1,1,1,0,21.906,-1.272,0,0.0,0,0,1,1,0,3,0,1,0,0,0,12192.0,2,1,1,1,0,0,1,0,7.3,264.7,0,0,0,0,0,1
14900,0.0,0.0,0,0,1,0,40.744,2.12,1,1,1,0,21.779,-1.272,0,0.0,0,0,1,1,0,3,0,1,0,0,0,12192.0,2,1,1,1,0,0,1,0,7.1,272.6,0,0,0,0,0,1
15000,0.0,0.0,0,0,1,0,40.95,2.061,1,1,1,0,21.652,-1.272,0,0.0,0,0,1,1,0,3,0,1,0,0,0,12192.0,2,1,1,1,0,0,1,0,7.3,265.1,0,0,0,0,0,1
15100,0.0,0.0,0,0,1,0,41.15,2.002,1,1,1,0,21.524,-1.272,0,0.0,0,0,1,1,0,3,0,1,0,0,0,12192.0,2,1,1,1,0,0,1,0,6.8,271.1,0,0,0,0,0,1
15200,0.0,0.0,0,0,1,0,41.344,1.944,1,1,1,0,21.397,-1.272,0,0.0,0,0,1,1,0,3,0,1,0,0,0,12192.0,2,1,1,1,0,0,1,0,7.9,271.1,0,0,0,0,0,1
15300,0.0,0.0,0,0,1,0,41.533,1.885,1,1,1,0,21.27,-1.272,0,0.0,0,0,1,1,0,3,0,1,0,0,0,12192.0,2,1,1,1,0,0,1,0,7.0,267.1,0,0,0,0,0,1
15400,0.0,0.0,0,0,1,0,41.715,1.826,1,1,1,0,21.143,-1.272,0,0.0,0,0,1,1,0,3,0,1,0,0,0,12192.0,2,1,1,1,0,0,1,0,8.2,269.7,0,0,0,0,0,1
15500,0.0,0.0,0,0,1,0,41.892,1.768,1,1,1,0,21.015,-1.272,0,0.0,0,0,1,1,0,3,0,1,0,0,0,12192.0,2,1,1,1,0,0,1,0,7.1,267.2,0,0,0,0,0,1
15600,0.0,0.0,0,0,1,0,42.063,1.709,1,1,1,0,20.888,-1.272,0,0.0,0,0,1,1,0,3,0,1,0,0,0,12192.0,2,1,1,1,0,0,1,0,6.2,269.3,0,0,0,0,0,1
15700,0.0,0.0,0,0,1,0,42.228,1.65,1,1,1,0,20.761,-1.272,0,0.0,0,0,1,1,0,3,0,1,0,0,0,12192.0,2,1,1,1,0,0,1,0,6.8,269.3,0,0,0,0,0,1
15800,0.0,0.0,0,0,1,0,42.387,1.591,1,1,1,0,20.634,-1.272,0,0.0,0,0,1,1,0,3,0,1,0,0,0,12192.0,2,1,1,1,0,0,1,0,6.7,276.6,0,0,0,0,0,1
15900,0.0,0.0,0,0,1,0,42.54,1.533,1,1,1,0,20.506,-1.272,0,0.0,0,0,1,1,0,3,0,1,0,0,0,12192.0,2,1,1,1,0,0,1,0,7.5,269.3,0,0,0,0,0,1
16000,0.0,0.0,0,0,1,0,42.688,1.474,1,1,1,0,20.379,-1.272,0,0.0,0,0,1,1,0,3,0,1,0,0,0,12192.0,2,1,1,1,0,0,1,0,7.6,268.9,0,0,0,0,0,1
16100,0.0,0.0,0,0,1,0,42.829,1.415,1,1,1,0,20.252,-1.272,0,0.0,0,0,1,1,0,3,0,1,0,0,0,12192.0,2,1,1,1,0,0,1,0,7.0,268.3,0,0,0,0,0,1
16200,0.0,0.0,0,0,1,0,42.965,1.357,1,1,1,0,20.125,-1.272,0,0.0,0,0,1,1,0,3,0,1,0,0,0,12192.0,2,1,1,1,0,0,1,0,7.4,270.0,0,0,0,0,0,1
16300,0.0,0.0,0,0,1,0,43.095,1.298,1,1,1,0,19.998,-1.272,0,0.0,0,0,1,1,0,3,0,1,0,0,0,12192.0,2,1,1,1,0,0,1,0,7.5,268.9,0,0,0,0,0,1
16400,0.0,0.0,0,0,1,0,43.219,1.239,1,1,1,0,19.87,-1.272,0,0.0,0,0,1,1,0,3,0,1,0,0,0,12192.0,2,1,1,1,0,0,1,0,7.4,268.6,0,0,0,0,0,1
16500,0.0,0.0,0,0,1,0,43.337,1.18,1,1,1,0,19.743,-1.272,0,0.0,0,0,1,1,0,3,0,1,0,0,0,12192.0,2,1,1,1,0,0,1,0,6.9,269.5,0,0,0,0,0,1
16600,0.0,0.0,0,0,1,0,43.449,1.122,1,1,1,0,19.616,-1.272,0,0.0,0,0,1,1,0,3,0,1,0,0,0,12192.0,2,1,1,1,0,0,1,0,7.9,267.5,0,0,0,0,0,1
16700,0.0,0.0,0,0,1,0,43.555,1.063,1,1,1,0,19.489,-1.272,0,0.0,0,0,1,1,0,3,0,1,0,0,0,12192.0,2,1,1,1,0,0,1,0,7.2,267.2,0,0,0,0,0,1
16800,0.0,0.0,0,0,1,0,43.656,1.004,1,1,1,0,19.361,-1.272,0,0.0,0,0,1,1,0,3,0,1,0,0,0,12192.0,2,1,1,1,0,0,1,0,7.9,269.7,0,0,0,0,0,1
16900,0.0,0.0,0,0,1,0,43.75,0.946,1,1,1,0,19.234,-1.272,0,0.0,0,0,1,1,0,3,0,1,0,0,0,12192.0,2,1,1,1,0,0,1,0,7.2,272.1,0,0,0,0,0,1
17000,0.0,0.0,0,0,1,0,43.839,0.887,1,1,1,0,19.107,-1.272,0,0.0,0,0,1,1,0,3,0,1,0,0,0,12192.0,2,1,1,1,0,0,1,0,7.0,270.4,0,0,0,0,0,1
17100,0.0,0.0,0,0,1,0,43.922,0.828,1,1,1,0,18.98,-1.272,0,0.0,0,0,1,1,0,3,0,1,0,0,0,12192.0,2,1,1,1,0,0,1,0,8.2,272.6,0,0,0,0,0,1
17200,0.0,0.0,0,0,1,0,43.999,0.769,1,1,1,0,18.852,-1.272,0,0.0,0,0,1,1,0,3,0,1,0,0,0,12192.0,2,1,1,1,0,0,1,0,8.1,267.8,0,0,0,0,0,1
17300,0.0,0.0,0,0,1,0,44.07,0.711,1,1,1,0,18.725,-1.272,0,0.0,0,0,1,1,0,3,0,1,0,0,0,12192.0,2,1,1,1,0,0,1,0,8.4,270.3,0,0,0,0,0,1
17400,0.0,0.0,0,0,1,0,44.135,0.652,1,1,1,0,18.598,-1.272,0,0.0,0,0,1,1,0,3,0,1,0,0,0,12192.0,2,1,1,1,0,0,1,0,7.9,269.8,0,0,0,0,0,1
17500,0.0,0.0,0,0,1,0,44.194,0.593,1,1,1,0,18.471,-1.272,0,0.0,0,0,1,1,0,3,0,1,0,0,0,12192.0,2,1,1,1,0,0,1,0,8.3,270.2,0,0,0,0,0,1
17600,0.0,0.0,0,0,1,0,44.248,0.535,1,1,1,0,18.344,-1.272,0,0.0,0,0,1,1,0,3,0,1,0,0,0,12192.0,2,1,1,1,0,0,1,0,8.5,265.6,0,0,0,0,0,1
17700,0.0,0.0,0,0,1,0,44.295,0.476,1,1,1,0,18.216,-1.272,0,0.0,0,0,1,1,0,3,0,1,0,0,0,12192.0,2,1,1,1,0,0,1,0,7.9,271.2,0,0,0,0,0,1
17800,0.0,0.0,0,0,1,0,44.337,0.417,1,1,1,0,18.089,-1.272,0,0.0,0,0,1,1,0,3,0,1,0,0,0,12192.0,2,1,1,1,0,0,1,0,7.3,267.8,0,0,0,0,0,1
17900,0.0,0.0,0,0,1,0,44.379,0.42,1,1,1,0,17.962,-1.272,0,0.0,0,0,1,1,0,3,0,1,0,0,0,12192.0,2,1,1,1,0,0,1,0,8.2,272.9,0,0,0,0,0,1
18000,0.0,0.0,0,0,1,0,44.415,0.356,1,1,1,0,17.835,-1.272,0,0.0,0,0,1,1,0,3,0,1,0,0,0,12192.0,2,1,1,1,0,0,1,0,8.1,273.0,0,0,0,0,0,1
18100,0.0,0.0,0,0,1,0,44.444,0.292,1,1,1,0,17.707,-1.272,0,0.0,0,0,1,1,0,3,0,1,0,0,0,12192.0,2,1,1,1,0,0,1,0,7.3,269.4,0,0,0,0,0,1
18200,0.0,0.0,0,0,1,0,44.466,0.225,1,1,1,0,17.58,-1.272,0,0.0,0,0,1,1,0,3,0,1,0,0,0,12192.0,2,1,1,1,0,0,1,0,7.9,265.5,0,0,0,0,0,1
18300,0.0,0.0,0,0,1,0,44.482,0.156,1,1,1,0,17.453,-1.272,0,0.0,0,0,1,1,0,3,0,1,0,0,0,12192.0,2,1,1,1,0,0,1,0,8.3,271.0,0,0,0,0,0,1
18400,0.0,0.0,0,0,1,0,44.49,0.078,1,1,1,0,17.326,-1.272,0,0.0,0,0,1,1,0,3,0,1,0,0,0,12192.0,2,1,1,1,0,0,1,0,7.8,270.3,0,0,0,0,0,1
18500,0.0,0.0,0,0,1,0,44.492,0.0,0,0,1,0,17.198,-1.272,0,0.0,0,0,1,1,0,3,0,1,0,0,0,12192.0,2,1,1,1,0,0,1,0,9.4,270.8,0,0,0,0,0,1
18600,0.0,0.0,0,0,1,0,44.492,0.0,0,0,1,0,17.071,-1.272,0,0.0,0,0,1,1,0,3,0,1,0,0,0,12192.0,2,1,1,1,0,0,1,0,8.1,269.2,0,0,0,0,0,1
18700,0.0,0.0,0,0,1,0,44.492,0.0,0,0,1,0,16.944,-1.272,0,0.0,0,0,1,1,0,3,0,1,0,0,0,12192.0,2,1,1,1,0,0,1,0,8.6,271.2,0,0,0,0,0,1
18800,0.0,0.0,0,0,1,0,44.492,0.0,0,0,1,0,16.817,-1.272,0,0.0,0,0,1,1,0,3,0,1,0,0,0,12192.0,2,1,1,1,0,0,1,0,7.0,270.9,0,0,0,0,0,1
18900,0.0,0.0,0,0,1,0,44.492,0.0,0,0,1,0,16.69,-1.272,0,0.0,0,0,1,1,0,3,0,1,0,0,0,12192.0,2,1,1,1,0,0,1,0,7.5,273.5,0,0,0,0,0,1
19000,0.0,0.0,0,0,1,0,44.492,0.0,0,0,1,0,16.562,-1.272,0,0.0,0,0,1,1,0,3,0,1,0,0,0,12192.0,2,1,1,1,0,0,1,0,8.9,266.8,0,0,0,0,0,1
19100,0.0,0.0,0,0,1,0,44.492,0.0,0,0,1,0,16.435,-1.272,0,0.0,0,0,1,1,0,3,0,1,0,0,0,12192.0,2,1,1,1,0,0,1,0,8.3,268.2,0,0,0,0,0,1
19200,0.0,0.0,0,0,1,0,44.492,0.0,0,0,1,0,16.308,-1.272,0,0.0,0,0,1,1,0,3,0,1,0,0,0,12192.0,2,1,1,1,0,0,1,0,7.8,272.0,0,0,0,0,0,1
19300,0.0,0.0,0,0,1,0,44.492,0.0,0,0,1,0,16.181,-1.272,0,0.0,0,0,1,1,0,3,0,1,0,0,0,12192.0,2,1,1,1,0,0,1,0,8.0,266.9,0,0,0,0,0,1
19400,0.0,0.0,0,0,1,0,44.492,0.0,0,0,1,0,16.053,-1.272,0,0.0,0,0,1,1,0,3,0,1,0,0,0,12192.0,2,1,1,1,0,0,1,0,8.4,266.1,0,0,0,0,0,1
19500,0.0,0.0,0,0,1,0,44.492,0.0,0,0,1,0,15.926,-1.272,0,0.0,0,0,1,1,0,3,0,1,0,0,0,12192.0,2,1,1,1,0,0,1,0,8.4,270.3,0,0,0,0,0,1
19600,0.0,0.0,0,0,1,0,44.492,0.0,0,0,1,0,15.804,-1.225,0,0.0,0,0,1,1,0,3,0,1,0,0,0,12192.0,2,1,1,1,0,0,1,0,8.2,271.5,0,0,0,0,0,1
19700,0.0,0.0,0,0,1,0,44.492,0.0,0,0,1,0,15.686,-1.179,0,0.0,0,0,1,1,0,3,0,1,0,0,0,12192.0,2,1,1,1,0,0,1,0,8.5,270.4,0,0,0,0,0,1
19800,0.0,0.0,0,0,1,0,44.492,0.0,0,0,1,0,15.573,-1.132,0,0.0,0,0,1,1,0,3,0,1,0,0,0,12192.0,2,1,1,1,0,0,1,0,8.6,270.5,0,0,0,0,0,1
19900,0.0,0.0,0,0,1,0,44.492,0.0,0,0,1,0,15.464,-1.085,0,0.0,0,0,1,1,0,3,0,1,0,0,0,12192.0,2,1,1,1,0,0,1,0,8.7,271.3,0,0,0,0,0,1
20000,0.0,0.0,0,0,1,0,44.492,0.0,0,0,1,0,15.36,-1.038,0,0.0,0,0,1,1,0,3,0,1,0,0,0,12192.0,2,1,1,1,0,0,1,0,8.9,272.4,0,0,0,0,0,1
20100,0.0,0.0,0,0,1,0,44.492,0.0,0,0,1,0,15.261,-0.991,0,0.0,0,0,1,1,0,3,0,1,0,0,0,12192.0,2,1,1,1,0,0,1,0,8.4,271.4,0,0,0,0,0,1
20200,0.0,0.0,0,0,1,0,44.492,0.0,0,0,1,0,15.167,-0.944,0,0.0,0,0,1,1,0,3,0,1,0,0,0,12192.0,2,1,1,1,0,0,1,0,8.7,273.4,0,0,0,0,0,1
20300,0.0,0.0,0,0,1,0,44.492,0.0,0,0,1,0,15.077,-0.897,0,0.0,0,0,1,1,0,3,0,1,0,0,0,12192.0,2,1,1,1,0,0,1,0,9.0,266.7,0,0,0,0,0,1
20400,0.0,0.0,0,0,1,0,44.492,0.0,0,0,1,0,14.992,-0.849,0,0.0,0,0,1,1,0,3,0,1,0,0,0,12192.0,2,1,1,1,0,0,1,0,8.6,266.1,0,0,0,0,0,1
20500,0.0,0.0,0,0,1,0,44.492,0.0,0,0,1,0,14.912,-0.801,0,0.0,0,0,1,1,0,3,0,1,0,0,0,12192.0,2,1,1,1,0,0,1,0,8.5,267.1,0,0,0,0,0,1
20600,0.0,0.0,0,0,1,0,44.492,0.0,0,0,1,0,14.837,-0.752,0,0.0,0,0,1,1,0,3,0,1,0,0,0,12192.0,2,1,1,1,0,0,1,0,8.1,270.2,0,0,0,0,0,1
20700,0.0,0.0,0,0,1,0,44.492,0.0,0,0,1,0,14.767,-0.704,0,0.0,0,0,1,1,0,3,0,1,0,0,0,12192.0,2,1,1,1,0,0,1,0,9.3,269.0,0,0,0,0,0,1
20800,0.0,0.0,0,0,1,0,44.492,0.0,0,0,1,0,14.701,-0.655,0,0.0,0,0,1,1,0,3,0,1,0,0,0,12192.0,2,1,1,1,0,0,1,0,8.2,272.6,0,0,0,0,0,1
20900,0.0,0.0,0,0,1,0,44.492,0.0,0,0,1,0,14.64,-0.607,0,0.0,0,0,1,1,0,3,0,1,0,0,0,12192.0,2,1,1,1,0,0,1,0,8.4,273.5,0,0,0,0,0,1
21000,0.0,0.0,0,0,1,0,44.492,0.0,0,0,1,0,14.585,-0.558,0,0.0,0,0,1,1,0,3,0,1,0,0,0,12192.0,2,1,1,1,0,0,1,0,8.2,274.3,0,0,0,0,0,1
21100,0.0,0.0,0,0,1,0,44.492,0.0,0,0,1,0,14.534,-0.509,0,0.0,0,0,1,1,0,3,0,1,0,0,0,12192.0,2,1,1,1,0,0,1,0,8.4,270.7,0,0,0,0,0,1
21200,0.0,0.0,0,0,1,0,44.492,0.0,0,0,1,0,14.488,-0.459,0,0.0,0,0,1,1,0,3,0,1,0,0,0,12192.0,2,1,1,1,0,0,1,0,9.1,268.5,0,0,0,0,0,1
21300,0.0,0.0,0,0,1,0,44.492,0.0,0,0,1,0,14.447,-0.41,0,0.0,0,0,1,1,0,3,0,1,0,0,0,12192.0,2,1,1,1,0,0,1,0,8.6,271.1,0,0,0,0,0,1
21400,0.0,0.0,0,0,1,0,44.492,0.0,0,0,1,0,14.411,-0.36,0,0.0,0,0,1,1,0,3,0,1,0,0,0,12192.0,2,1,1,1,0,0,1,0,9.0,269.4,0,0,0,0,0,1
21500,0.0,0.0,0,0,1,0,44.492,0.0,0,0,1,0,14.38,-0.31,0,0.0,0,0,1,1,0,3,0,1,0,0,0,12192.0,2,1,1,1,0,0,1,0,8.3,271.5,0,0,0,0,0,1
21600,0.0,0.0,0,0,1,0,44.492,0.0,0,0,1,0,14.354,-0.258,0,0.0,0,0,1,1,0,3,0,1,0,0,0,12192.0,2,1,1,1,0,0,1,0,8.2,269.2,0,0,0,0,0,1
21700,0.0,0.0,0,0,1,0,44.492,0.0,0,0,1,0,14.333,-0.206,0,0.0,0,0,1,1,0,3,0,1,0,0,0,12192.0,2,1,1,1,0,0,1,0,8.5,270.7,0,0,0,0,0,1
21800,0.0,0.0,0,0,1,0,44.492,0.0,0,0,1,0,14.318,-0.152,0,0.0,0,0,1,1,0,3,0,1,0,0,0,12192.0,2,1,1,1,0,0,1,0,8.3,271.6,0,0,0,0,0,1
21900,0.0,0.0,0,0,1,0,44.492,0.0,0,0,1,0,14.309,-0.094,0,0.0,0,0,1,1,0,3,0,1,0,0,0,12192.0,2,1,1,1,0,0,1,0,8.7,268.4,0,0,0,0,0,1
22000,0.0,0.0,0,0,0,0,44.492,0.0,0,0,0,0,14.304,0.0,0,0.0,0,0,0,0,0,3,0,1,0,0,0,12192.0,2,1,1,0,1,0,1,0,7.9,274.8,0,0,0,0,0,1
22100,0.0,0.0,0,0,1,0,44.492,0.0,0,0,1,0,14.299,-0.047,0,0.0,0,0,1,1,0,3,0,1,0,0,0,12192.0,2,1,1,1,0,0,1,0,8.5,272.1,0,0,0,0,0,1
22200,0.0,0.0,0,0,1,0,44.492,0.0,0,0,1,0,14.29,-0.094,0,0.0,0,0,1,1,0,3,0,1,0,0,0,12192.0,2,1,1,1,0,0,1,0,8.4,273.4,0,0,0,0,0,1
22300,0.0,0.0,0,0,1,0,44.492,0.0,0,0,1,0,14.276,-0.141,0,0.0,0,0,1,1,0,3,0,1,0,0,0,12192.0,2,1,1,1,0,0,1,0,7.9,266.0,0,0,0,0,0,1
22400,0.0,0.0,0,0,1,0,44.492,0.0,0,0,1,0,14.257,-0.188,0,0.0,0,0,1,1,0,3,0,1,0,0,0,12192.0,2,1,1,1,0,0,1,0,7.2,270.6,0,0,0,0,0,1
22500,0.0,0.0,0,0,1,0,44.492,0.0,0,0,1,0,14.234,-0.234,0,0.0,0,0,1,1,0,3,0,1,0,0,0,12192.0,2,1,1,1,0,0,1,0,7.7,272.8,0,0,0,0,0,1
22600,0.0,0.0,0,0,1,0,44.492,0.0,0,0,1,0,14.206,-0.281,0,0.0,0,0,1,1,0,3,0,1,0,0,0,12192.0,2,1,1,1,0,0,1,0,8.0,270.1,0,0,0,0,0,1
22700,0.0,0.0,0,0,1,0,44.492,0.0,0,0,1,0,14.173,-0.328,0,0.0,0,0,1,1,0,3,0,1,0,0,0,12192.0,2,1,1,1,0,0,1,0,7.5,263.9,0,0,0,0,0,1
22800,0.0,0.0,0,0,1,0,44.492,0.0,0,0,1,0,14.135,-0.375,0,0.0,0,0,1,1,0,3,0,1,0,0,0,12192.0,2,1,1,1,0,0,1,0,7.5,263.0,0,0,0,0,0,1
22900,0.0,0.0,0,0,1,0,44.492,0.0,0,0,1,0,14.093,-0.422,0,0.0,0,0,1,1,0,3,0,1,0,0,0,12192.0,2,1,1,1,0,0,1,0,7.8,277.6,0,0,0,0,0,1
23000,0.0,0.0,0,0,1,0,44.492,0.0,0,0,1,0,14.046,-0.469,0,0.0,0,0,1,1,0,3,0,1,0,0,0,12192.0,2,1,1,1,0,0,1,0,7.8,269.6,0,0,0,0,0,1
23100,0.0,0.0,0,0,1,0,44.492,0.0,0,0,1,0,13.995,-0.516,0,0.0,0,0,1,1,0,3,0,1,0,0,0,12192.0,2,1,1,1,0,0,1,0,7.2,267.4,0,0,0,0,0,1
23200,0.0,0.0,0,0,1,0,44.492,0.0,0,0,1,0,13.938,-0.563,0,0.0,0,0,1,1,0,3,0,1,0,0,0,12192.0,2,1,1,1,0,0,1,0,8.6,268.0,0,0,0,0,0,1
23300,0.0,0.0,0,0,1,0,44.492,0.0,0,0,1,0,13.877,-0.609,0,0.0,0,0,1,1,0,3,0,1,0,0,0,12192.0,2,1,1,1,0,0,1,0,7.4,269.9,0,0,0,0,0,1
23400,0.0,0.0,0,0,1,0,44.492,0.0,0,0,1,0,13.812,-0.656,0,0.0,0,0,1,1,0,3,0,1,0,0,0,12192.0,2,1,1,1,0,0,1,0,7.4,273.4,0,0,0,0,0,1
23500,0.0,0.0,0,0,1,0,44.492,0.0,0,0,1,0,13.742,-0.703,0,0.0,0,0,1,1,0,3,0,1,0,0,0,12192.0,2,1,1,1,0,0,1,0,8.0,266.5,0,0,0,0,0,1
23600,0.0,0.0,0,0,1,0,44.492,0.0,0,0,1,0,13.667,-0.75,0,0.0,0,0,1,1,0,3,0,1,0,0,0,12192.0,2,1,1,1,0,0,1,0,7.7,269.0,0,0,0,0,0,1
23700,0.0,0.0,0,0,1,0,44.492,0.0,0,0,1,0,13.587,-0.797,0,0.0,0,0,1,1,0,3,0,1,0,0,0,12192.0,2,1,1,1,0,0,1,0,7.6,269.1,0,0,0,0,0,1
23800,0.0,0.0,0,0,1,0,44.492,0.0,0,0,1,0,13.502,-0.844,0,0.0,0,0,1,1,0,3,0,1,0,0,0,12192.0,2,1,1,1,0,0,1,0,6.6,265.3,0,0,0,0,0,1
23900,0.0,0.0,0,0,1,0,44.492,0.0,0,0,1,0,13.413,-0.891,0,0.0,0,0,1,1,0,3,0,1,0,0,0,12192.0,2,1,1,1,0,0,1,0,7.0,271.8,0,0,0,0,0,1
24000,0.0,0.0,0,0,1,0,44.492,0.0,0,0,1,0,13.32,-0.938,0,0.0,0,0,1,1,0,3,0,1,0,0,0,12192.0,2,1,1,1,0,0,1,0,7.6,271.0,0,0,0,0,0,1
24100,0.0,0.0,0,0,1,0,44.492,0.0,0,0,1,0,13.221,-0.984,0,0.0,0,0,1,1,0,3,0,1,0,0,0,12192.0,2,1,1,1,0,0,1,0,6.6,271.1,0,0,0,0,0,1
24200,0.0,0.0,0,0,1,0,44.492,0.0,0,0,1,0,13.118,-1.031,0,0.0,0,0,1,1,0,3,0,1,0,0,0,12192.0,2,1,1,1,0,0,1,0,7.6,271.4,0,0,0,0,0,1
24300,0.0,0.0,0,0,1,0,44.492,0.0,0,0,1,0,13.01,-1.078,0,0.0,0,0,1,1,0,3,0,1,0,0,0,12192.0,2,1,1,1,0,0,1,0,7.4,272.6,0,0,0,0,0,1
24400,0.0,0.0,0,0,1,0,44.492,0.0,0,0,1,0,12.898,-1.125,0,0.0,0,0,1,1,0,3,0,1,0,0,0,12192.0,2,1,1,1,0,0,1,0,6.9,272.2,0,0,0,0,0,1
24500,0.0,0.0,0,0,1,0,44.492,0.0,0,0,1,0,12.781,-1.172,0,0.0,0,0,1,1,0,3,0,1,0,0,0,12192.0,2,1,1,1,0,0,1,0,7.5,273.5,0,0,0,0,0,1
24600,0.0,0.0,0,0,1,0,44.492,0.0,0,0,1,0,12.668,-1.125,0,0.0,0,0,1,1,0,3,0,1,0,0,0,12192.0,2,1,1,1,0,0,1,0,7.7,272.9,0,0,0,0,0,1
24700,0.0,0.0,0,0,1,0,44.492,0.0,0,0,1,0,12.56,-1.078,0,0.0,0,0,1,1,0,3,0,1,0,0,0,12192.0,2,1,1,1,0,0,1,0,7.9,270.1,0,0,0,0,0,1
24800,0.0,0.0,0,0,1,0,44.492,0.0,0,0,1,0,12.457,-1.031,0,0.0,0,0,1,1,0,3,0,1,0,0,0,12192.0,2,1,1,1,0,0,1,0,8.0,270.0,0,0,0,0,0,1
24900,0.0,0.0,0,0,1,0,44.492,0.0,0,0,1,0,12.359,-0.983,0,0.0,0,0,1,1,0,3,0,1,0,0,0,12192.0,2,1,1,1,0,0,1,0,7.1,270.1,0,0,0,0,0,1
25000,0.0,0.0,0,0,1,0,44.492,0.0,0,0,1,0,12.265,-0.935,0,0.0,0,0,1,1,0,3,0,1,0,0,0,12192.0,2,1,1,1,0,0,1,0,6.9,269.9,0,0,0,0,0,1
25100,0.0,0.0,0,0,1,0,44.492,0.0,0,0,1,0,12.177,-0.887,0,0.0,0,0,1,1,0,3,0,1,0,0,0,12192.0,2,1,1,1,0,0,1,0,7.6,268.0,0,0,0,0,0,1
25200,0.0,0.0,0,0,1,0,44.492,0.0,0,0,1,0,12.093,-0.838,0,0.0,0,0,1,1,0,3,0,1,0,0,0,12192.0,2,1,1,1,0,0,1,0,8.4,265.5,0,0,0,0,0,1
25300,0.0,0.0,0,0,1,0,44.492,0.0,0,0,1,0,12.014,-0.79,0,0.0,0,0,1,1,0,3,0,1,0,0,0,12192.0,2,1,1,1,0,0,1,0,7.8,270.0,0,0,0,0,0,1
25400,0.0,0.0,0,0,1,0,44.492,0.0,0,0,1,0,11.94,-0.742,0,0.0,0,0,1,1,0,3,0,1,0,0,0,12192.0,2,1,1,1,0,0,1,0,7.1,273.7,0,0,0,0,0,1
25500,0.0,0.0,0,0,1,0,44.492,0.0,0,0,1,0,11.87,-0.693,0,0.0,0,0,1,1,0,3,0,1,0,0,0,12192.0,2,1,1,1,0,0,1,0,7.3,269.7,0,0,0,0,0,1
25600,0.0,0.0,0,0,1,0,44.492,0.0,0,0,1,0,11.806,-0.645,0,0.0,0,0,1,1,0,3,0,1,0,0,0,12192.0,2,1,1,1,0,0,1,0,7.2,269.5,0,0,0,0,0,1
25700,0.0,0.0,0,0,1,0,44.492,0.0,0,0,1,0,11.746,-0.596,0,0.0,0,0,1,1,0,3,0,1,0,0,0,12192.0,2,1,1,1,0,0,1,0,7.3,265.1,0,0,0,0,0,1
25800,0.0,0.0,0,0,1,0,44.492,0.0,0,0,1,0,11.692,-0.547,0,0.0,0,0,1,1,0,3,0,1,0,0,0,12192.0,2,1,1,1,0,0,1,0,7.5,272.8,0,0,0,0,0,1
25900,0.0,0.0,0,0,1,0,44.492,0.0,0,0,1,0,11.642,-0.498,0,0.0,0,0,1,1,0,3,0,1,0,0,0,12192.0,2,1,1,1,0,0,1,0,7.7,272.4,0,0,0,0,0,1
26000,0.0,0.0,0,0,1,0,44.492,0.0,0,0,1,0,11.597,-0.449,0,0.0,0,0,1,1,0,3,0,1,0,0,0,12192.0,2,1,1,1,0,0,1,0,7.4,270.3,0,0,0,0,0,1
26100,0.0,0.0,0,0,1,0,44.492,0.0,0,0,1,0,11.557,-0.399,0,0.0,0,0,1,1,0,3,0,1,0,0,0,12192.0,2,1,1,1,0,0,1,0,7.7,270.0,0,0,0,0,0,1
26200,0.0,0.0,0,0,1,0,44.492,0.0,0,0,1,0,11.522,-0.349,0,0.0,0,0,1,1,0,3,0,1,0,0,0,12192.0,2,1,1,1,0,0,1,0,7.6,272.6,0,0,0,0,0,1
26300,0.0,0.0,0,0,1,0,44.492,0.0,0,0,1,0,11.492,-0.299,0,0.0,0,0,1,1,0,3,0,1,0,0,0,12192.0,2,1,1,1,0,0,1,0,7.8,269.2,0,0,0,0,0,1
26400,0.0,0.0,0,0,1,0,44.492,0.0,0,0,1,0,11.467,-0.247,0,0.0,0,0,1,1,0,3,0,1,0,0,0,12192.0,2,1,1,1,0,0,1,0,7.7,273.0,0,0,0,0,0,1
26500,0.0,0.0,0,0,1,0,44.492,0.0,0,0,1,0,11.448,-0.195,0,0.0,0,0,1,1,0,3,0,1,0,0,0,12192.0,2,1,1,1,0,0,1,0,8.3,270.3,0,0,0,0,0,1
26600,0.0,0.0,0,0,1,0,44.492,0.0,0,0,1,0,11.434,-0.14,0,0.0,0,0,1,1,0,3,0,1,0,0,0,12192.0,2,1,1,1,0,0,1,0,7.2,267.6,0,0,0,0,0,1
26700,0.0,0.0,0,0,1,0,44.492,0.0,0,0,1,0,11.426,-0.081,0,0.0,0,0,1,1,0,3,0,1,0,0,0,12192.0,2,1,1,1,0,0,1,0,8.2,274.3,0,0,0,0,0,1
26800,0.0,0.0,0,0,0,0,44.492,0.0,0,0,0,0,11.422,0.0,0,0.0,0,0,0,0,0,3,0,1,0,0,0,12192.0,2,1,1,0,1,0,1,0,8.0,272.9,0,0,0,0,0,1
26900,0.0,0.0,0,0,0,0,44.492,0.0,0,0,0,0,11.422,0.0,0,0.0,0,0,0,0,0,3,0,1,1,1,0,12192.0,2,1,1,0,1,0,1,0,8.7,268.6,0,0,0,0,0,1
27000,0.0,0.0,0,0,0,0,44.492,0.0,0,0,0,0,11.422,0.0,0,0.0,0,0,0,0,0,3,0,1,1,1,0,12192.0,2,1,1,0,1,0,1,0,7.6,270.3,0,0,0,0,0,1
27100,0.0,0.0,0,0,0,0,44.492,0.0,0,0,0,0,11.422,0.0,0,0.0,0,0,0,0,0,3,0,1,1,1,0,12192.0,2,1,1,0,1,0,1,0,7.8,273.3,0,0,0,0,0,1
27200,0.0,0.0,0,0,0,0,44.492,0.0,0,0,0,0,11.422,0.0,0,0.0,0,0,0,0,0,3,0,1,1,1,0,12192.0,2,1,1,0,1,0,1,0,8.0,271.3,0,0,0,0,0,1
27300,0.0,0.0,0,0,0,0,44.492,0.0,0,0,0,0,11.422,0.0,0,0.0,0,0,0,0,0,3,0,1,1,1,0,12192.0,2,1,1,0,1,0,1,0,8.5,266.1,0,0,0,0,0,1
27400,0.0,0.0,0,0,0,0,44.492,0.0,0,0,0,0,11.422,0.0,0,0.0,0,0,0,0,0,3,0,1,1,1,0,12192.0,2,1,1,0,1,0,1,0,8.4,269.4,0,0,0,0,0,1
27500,0.0,0.0,0,0,0,0,44.492,0.0,0,0,0,0,11.422,0.0,0,0.0,0,0,0,0,0,3,0,1,1,1,0,12192.0,2,1,1,0,1,0,1,0,8.5,273.0,0,0,0,0,0,1
27600,0.0,0.0,0,0,0,0,44.492,0.0,0,0,0,0,11.422,0.0,0,0.0,0,0,0,0,0,3,0,1,1,1,0,12192.0,2,1,1,0,1,0,1,0,7.5,274.0,0,0,0,0,0,1
27700,0.0,0.0,0,0,0,0,44.492,0.0,0,0,0,0,11.422,0.0,0,0.0,0,0,0,0,0,3,0,1,1,1,0,12192.0,2,1,1,0,1,0,1,0,8.5,270.0,0,0,0,0,0,1
27800,0.0,0.0,0,0,0,0,44.492,0.0,0,0,0,0,11.422,0.0,0,0.0,0,0,0,0,0,3,0,1,1,1,0,12192.0,2,1,1,0,1,0,1,0,8.4,268.6,0,0,0,0,0,1
27900,0.0,0.0,0,0,0,0,44.492,0.0,0,0,0,0,11.422,0.0,0,40.23,0,0,0,0,0,3,1,0,1,1,0,12192.0,2,1,1,0,1,0,1,0,8.2,269.8,0,0,0,0,0,1
28000,0.0,0.0,0,0,0,0,44.492,0.0,0,0,0,0,11.422,0.0,0,40.09,0,0,0,0,0,3,1,0,1,1,0,12192.0,2,1,1,0,1,0,1,0,8.4,272.9,0,0,0,0,0,1
28100,0.0,0.0,0,0,0,0,44.492,0.0,0,0,0,0,11.422,0.0,0,40.08,0,0,0,0,0,3,1,0,1,1,0,12192.0,2,1,1,0,1,0,1,0,9.0,266.3,0,0,0,0,0,1
28200,0.0,0.0,0,0,0,0,44.492,0.0,0,0,0,0,11.422,0.0,0,40.18,0,0,0,0,0,3,1,0,1,1,0,12192.0,2,1,1,0,1,0,1,0,8.0,264.3,0,0,0,0,0,1
28300,0.0,0.0,0,0,0,0,44.492,0.0,0,0,0,0,11.422,0.0,0,40.01,0,0,0,0,0,3,1,0,1,1,0,12192.0,2,1,1,0,1,0,1,0,8.4,271.2,0,0,0,0,0,1
28400,0.0,0.0,0,0,0,0,44.492,0.0,0,0,0,0,11.422,0.0,0,39.83,0,0,0,0,0,3,1,0,1,1,0,12192.0,2,1,1,0,1,0,1,0,8.9,272.8,0,0,0,0,0,1
28500,0.0,0.0,0,0,0,0,44.492,0.0,0,0,0,0,11.422,0.0,0,40.09,0,0,0,0,0,3,1,0,1,1,0,12192.0,2,1,1,0,1,0,1,0,9.2,264.9,0,0,0,0,0,1
28600,0.0,0.0,0,0,0,0,44.492,0.0,0,0,0,0,11.422,0.0,0,40.01,0,0,0,0,0,3,1,0,1,1,0,12192.0,2,1,1,0,1,0,1,0,8.9,270.3,0,0,0,0,0,1
28700,0.0,0.0,0,0,0,0,44.492,0.0,0,0,0,0,11.422,0.0,0,40.11,0,0,0,0,0,3,1,0,1,1,0,12192.0,2,1,1,0,1,0,1,0,7.9,272.4,0,0,0,0,0,1
28800,0.0,0.0,0,0,0,0,44.492,0.0,0,0,0,0,11.422,0.0,0,40.03,0,0,0,0,0,3,1,0,1,1,0,12192.0,2,1,1,0,1,0,1,0,8.2,270.6,0,0,0,0,0,1
28900,0.0,0.0,0,0,0,0,44.492,0.0,0,0,0,0,11.422,0.0,0,39.77,0,0,0,0,0,3,1,0,1,1,0,12192.0,2,1,1,0,1,0,1,0,8.8,264.1,0,0,0,0,0,1
29000,0.0,0.0,0,0,0,0,44.492,0.0,0,0,0,0,11.422,0.0,0,39.87,0,0,0,0,0,3,1,0,1,1,0,12192.0,2,1,1,0,1,0,1,0,8.2,269.6,0,0,0,0,0,1
29100,0.0,0.0,0,0,0,0,44.492,0.0,0,0,0,0,11.422,0.0,0,40.02,0,0,0,0,0,3,1,0,1,1,0,12192.0,2,1,1,0,1,0,1,0,8.5,267.5,0,0,0,0,0,1
29200,0.0,0.0,0,0,0,0,44.492,0.0,0,0,0,0,11.422,0.0,0,40.07,0,0,0,0,0,3,1,0,1,1,0,12192.0,2,1,1,0,1,0,1,0,7.9,272.1,0,0,0,0,0,1
29300,0.0,0.0,0,0,1,0,44.492,0.0,0,0,1,0,11.427,0.047,1,41.81,0,0,1,1,0,3,1,0,0,1,0,12192.0,2,1,1,1,0,0,1,0,8.3,266.9,0,0,0,0,0,1
29400,0.0,0.0,0,0,1,0,44.492,0.0,0,0,1,0,11.436,0.094,1,41.68,0,0,1,1,0,3,1,0,0,1,0,12192.0,2,1,1,1,0,0,1,0,9.3,269.5,0,0,0,0,0,1
29500,0.0,0.0,0,0,1,0,44.492,0.0,0,0,1,0,11.451,0.141,1,42.01,0,0,1,1,0,3,1,0,0,1,0,12192.0,2,1,1,1,0,0,1,0,8.5,272.8,0,0,0,0,0,1
29600,0.0,0.0,0,0,1,0,44.492,0.0,0,0,1,0,11.469,0.188,1,41.67,0,0,1,1,0,3,1,0,0,1,0,12192.0,2,1,1,1,0,0,1,0,8.8,270.1,0,0,0,0,0,1
29700,0.0,0.0,0,0,1,0,44.492,0.0,0,0,1,0,11.493,0.234,1,41.96,0,0,1,1,0,3,1,0,0,1,0,12192.0,2,1,1,1,0,0,1,0,8.5,271.6,0,0,0,0,0,1
29800,0.0,0.0,0,0,1,0,44.492,0.0,0,0,1,0,11.521,0.281,1,41.67,0,0,1,1,0,3,1,0,0,1,0,12192.0,2,1,1,1,0,0,1,0,8.9,267.6,0,0,0,0,0,1
29900,0.0,0.0,0,0,1,0,44.492,0.0,0,0,1,0,11.554,0.328,1,41.78,0,0,1,1,0,3,1,0,0,1,0,12192.0,2,1,1,1,0,0,1,0,7.6,269.9,0,0,0,0,0,1
30000,0.0,0.0,0,0,1,0,44.492,0.0,0,0,1,0,11.591,0.375,1,41.92,0,0,1,1,0,3,1,0,0,1,0,12192.0,2,1,1,1,0,0,1,0,8.8,273.2,0,0,0,0,0,1
30100,0.0,0.0,0,0,1,0,44.492,0.0,0,0,1,0,11.633,0.422,1,42.17,0,0,1,1,0,3,1,0,0,1,0,12192.0,2,1,1,1,0,0,1,0,8.6,269.2,0,0,0,0,0,1
30200,0.0,0.0,0,0,1,0,44.492,0.0,0,0,1,0,11.68,0.469,1,41.78,0,0,1,1,0,3,1,0,0,1,0,12192.0,2,1,1,1,0,0,1,0,8.9,269.4,0,0,0,0,0,1
30300,0.0,0.0,0,0,1,0,44.492,0.0,0,0,1,0,11.732,0.516,1,41.96,0,0,1,1,0,3,1,0,0,1,0,12192.0,2,1,1,1,0,0,1,0,8.5,270.0,0,0,0,0,0,1
30400,0.0,0.0,0,0,1,0,44.492,0.0,0,0,1,0,11.788,0.563,1,41.96,0,0,1,1,0,3,1,0,0,1,0,12192.0,2,1,1,1,0,0,1,0,8.4,267.8,0,0,0,0,0,1
30500,0.0,0.0,0,0,1,0,44.492,0.0,0,0,1,0,11.849,0.609,1,41.98,0,0,1,1,0,3,1,0,0,1,0,12192.0,2,1,1,1,0,0,1,0,7.5,271.8,0,0,0,0,0,1
30600,0.0,0.0,0,0,1,0,44.492,0.0,0,0,1,0,11.915,0.656,1,41.71,0,0,1,1,0,3,1,0,0,1,0,12192.0,2,1,1,1,0,0,1,0,9.0,263.1,0,0,0,0,0,1
30700,0.0,0.0,0,0,1,0,44.492,0.0,0,0,1,0,11.985,0.703,1,41.84,0,0,1,1,0,3,1,0,0,1,0,12192.0,2,1,1,1,0,0,1,0,6.7,265.3,0,0,0,0,0,1
30800,0.0,0.0,0,0,1,0,44.492,0.0,0,0,1,0,12.06,0.75,1,42.05,0,0,1,1,0,3,1,0,0,1,0,12192.0,2,1,1,1,0,0,1,0,7.8,267.3,0,0,0,0,0,1
30900,0.0,0.0,0,0,1,0,44.492,0.0,0,0,1,0,12.14,0.797,1,42.0,0,0,1,1,0,3,1,0,0,1,0,12192.0,2,1,1,1,0,0,1,0,8.7,264.7,0,0,0,0,0,1
31000,0.0,0.0,0,0,1,0,44.492,0.0,0,0,1,0,12.224,0.844,1,41.96,0,0,1,1,0,3,1,0,0,1,0,12192.0,2,1,1,1,0,0,1,0,8.5,269.5,0,0,0,0,0,1
31100,0.0,0.0,0,0,1,0,44.492,0.0,0,0,1,0,12.313,0.891,1,42.05,0,0,1,1,0,3,1,0,0,1,0,12192.0,2,1,1,1,0,0,1,0,7.9,265.5,0,0,0,0,0,1
31200,0.0,0.0,0,0,1,0,44.492,0.0,0,0,1,0,12.407,0.938,1,41.6,0,0,1,1,0,3,1,0,0,1,0,12192.0,2,1,1,1,0,0,1,0,9.1,271.7,0,0,0,0,0,1
31300,0.0,0.0,0,0,1,0,44.492,0.0,0,0,1,0,12.505,0.984,1,41.83,0,0,1,1,0,3,1,0,0,1,0,12192.0,2,1,1,1,0,0,1,0,8.0,266.9,0,0,0,0,0,1
31400,0.0,0.0,0,0,1,0,44.492,0.0,0,0,1,0,12.608,1.031,1,41.93,0,0,1,1,0,3,1,0,0,1,0,12192.0,2,1,1,1,0,0,1,0,8.0,270.2,0,0,0,0,0,1
31500,0.0,0.0,0,0,1,0,44.492,0.0,0,0,1,0,12.716,1.078,1,41.62,0,0,1,1,0,3,1,0,0,1,0,12192.0,2,1,1,1,0,0,1,0,8.3,272.2,0,0,0,0,0,1
31600,0.0,0.0,0,0,1,0,44.492,0.0,0,0,1,0,12.829,1.125,1,42.18,0,0,1,1,0,3,1,0,0,1,0,12192.0,2,1,1,1,0,0,1,0,7.9,272.9,0,0,0,0,0,1
31700,0.0,0.0,0,0,1,0,44.492,0.0,0,0,1,0,12.946,1.172,1,42.11,0,0,1,1,0,3,1,0,0,1,0,12192.0,2,1,1,1,0,0,1,0,8.1,271.0,0,0,0,0,0,1
31800,0.0,0.0,0,0,1,0,44.492,0.0,0,0,1,0,13.063,1.176,1,41.78,0,0,1,1,0,3,1,0,0,1,0,12192.0,2,1,1,1,0,0,1,0,7.8,269.7,0,0,0,0,0,1
31900,0.0,0.0,0,0,1,0,44.492,0.0,0,0,1,0,13.176,1.128,1,38.07,0,0,1,1,0,3,1,0,0,1,0,12192.0,2,1,1,1,0,0,1,0,7.0,270.6,0,0,0,0,0,1
32000,0.0,0.0,0,0,1,0,44.492,0.0,0,0,1,0,13.284,1.08,1,38.31,0,0,1,1,0,3,1,0,0,1,0,12192.0,2,1,1,1,0,0,1,0,7.4,269.5,0,0,0,0,0,1
32100,0.0,0.0,0,0,1,0,44.492,0.0,0,0,1,0,13.387,1.032,1,38.19,0,0,1,1,0,3,1,0,0,1,0,12192.0,2,1,1,1,0,0,1,0,7.8,268.4,0,0,0,0,0,1
32200,0.0,0.0,0,0,1,0,44.492,0.0,0,0,1,0,13.486,0.984,1,38.0,0,0,1,1,0,3,1,0,0,1,0,12192.0,2,1,1,1,0,0,1,0,7.5,273.0,0,0,0,0,0,1
32300,0.0,0.0,0,0,1,0,44.492,0.0,0,0,1,0,13.579,0.936,1,37.97,0,0,1,1,0,3,1,0,0,1,0,12192.0,2,1,1,1,0,0,1,0,7.3,270.8,0,0,0,0,0,1
32400,0.0,0.0,0,0,1,0,44.492,0.0,0,0,1,0,13.668,0.888,1,38.02,0,0,1,1,0,3,1,0,0,1,0,12192.0,2,1,1,1,0,0,1,0,7.2,272.2,0,0,0,0,0,1
32500,0.0,0.0,0,0,1,0,44.492,0.0,0,0,1,0,13.752,0.84,1,38.1,0,0,1,1,0,3,1,0,0,1,0,12192.0,2,1,1,1,0,0,1,0,8.3,267.6,0,0,0,0,0,1
32600,0.0,0.0,0,0,1,0,44.492,0.0,0,0,1,0,13.831,0.791,1,38.22,0,0,1,1,0,3,1,0,0,1,0,12192.0,2,1,1,1,0,0,1,0,7.7,272.1,0,0,0,0,0,1
32700,0.0,0.0,0,0,1,0,44.492,0.0,0,0,1,0,13.906,0.743,1,37.89,0,0,1,1,0,3,1,0,0,1,0,12192.0,2,1,1,1,0,0,1,0,8.1,269.0,0,0,0,0,0,1
32800,0.0,0.0,0,0,1,0,44.492,0.0,0,0,1,0,13.975,0.695,1,38.13,0,0,1,1,0,3,1,0,0,1,0,12192.0,2,1,1,1,0,0,1,0,7.5,270.1,0,0,0,0,0,1
32900,0.0,0.0,0,0,1,0,44.492,0.0,0,0,1,0,14.04,0.646,1,38.13,0,0,1,1,0,3,1,0,0,1,0,12192.0,2,1,1,1,0,0,1,0,7.6,272.6,0,0,0,0,0,1
33000,0.0,0.0,0,0,1,0,44.492,0.0,0,0,1,0,14.099,0.597,1,37.97,0,0,1,1,0,3,1,0,0,1,0,12192.0,2,1,1,1,0,0,1,0,7.9,275.3,0,0,0,0,0,1
33100,0.0,0.0,0,0,1,0,44.492,0.0,0,0,1,0,14.154,0.548,1,38.03,0,0,1,1,0,3,1,0,0,1,0,12192.0,2,1,1,1,0,0,1,0,8.4,271.2,0,0,0,0,0,1
33200,0.0,0.0,0,0,1,0,44.492,0.0,0,0,1,0,14.204,0.499,1,38.09,0,0,1,1,0,3,1,0,0,1,0,12192.0,2,1,1,1,0,0,1,0,7.7,270.1,0,0,0,0,0,1
33300,0.0,0.0,0,0,1,0,44.492,0.0,0,0,1,0,14.249,0.45,1,38.17,0,0,1,1,0,3,1,0,0,1,0,12192.0,2,1,1,1,0,0,1,0,7.1,272.9,0,0,0,0,0,1
33400,0.0,0.0,0,0,1,0,44.492,0.0,0,0,1,0,14.289,0.4,1,38.08,0,0,1,1,0,3,1,0,0,1,0,12192.0,2,1,1,1,0,0,1,0,7.3,267.9,0,0,0,0,0,1
33500,0.0,0.0,0,0,1,0,44.492,0.0,0,0,1,0,14.324,0.35,1,38.19,0,0,1,1,0,3,1,0,0,1,0,12192.0,2,1,1,1,0,0,1,0,7.5,269.0,0,0,0,0,0,1
33600,0.0,0.0,0,0,1,0,44.492,0.0,0,0,1,0,14.354,0.3,1,38.16,0,0,1,1,0,3,1,0,0,1,0,12192.0,2,1,1,1,0,0,1,0,7.6,271.4,0,0,0,0,0,1
33700,0.0,0.0,0,0,1,0,44.492,0.0,0,0,1,0,14.379,0.249,1,38.05,0,0,1,1,0,3,1,0,0,1,0,12192.0,2,1,1,1,0,0,1,0,7.9,267.5,0,0,0,0,0,1
33800,0.0,0.0,0,0,1,0,44.492,0.0,0,0,1,0,14.399,0.196,1,38.14,0,0,1,1,0,3,1,0,0,1,0,12192.0,2,1,1,1,0,0,1,0,7.0,265.6,0,0,0,0,0,1
33900,0.0,0.0,0,0,1,0,44.492,0.0,0,0,1,0,14.413,0.142,1,38.25,0,0,1,1,0,3,1,0,0,1,0,12192.0,2,1,1,1,0,0,1,0,7.3,268.4,0,0,0,0,0,1
34000,0.0,0.0,0,0,1,0,44.492,0.0,0,0,1,0,14.421,0.082,1,38.22,0,0,1,1,0,3,1,0,0,1,0,12192.0,2,1,1,1,0,0,1,0,7.4,268.3,0,0,0,0,0,1
34100,0.0,0.0,0,0,0,0,44.492,0.0,0,0,0,0,14.425,0.0,0,40.19,0,0,0,0,0,3,1,0,0,1,0,12192.0,2,1,1,0,1,0,1,0,6.9,272.9,0,0,0,0,0,1
34200,0.0,0.0,0,0,1,0,44.486,-0.059,0,1,1,0,14.425,0.0,0,40.04,0,0,0,1,0,3,1,0,0,1,0,12192.0,2,1,1,1,0,0,1,0,6.6,268.2,0,0,0,0,0,1
34300,0.0,0.0,0,0,1,0,44.474,-0.117,0,1,1,0,14.425,0.0,0,39.75,0,0,0,1,0,3,1,0,0,1,0,12192.0,2,1,1,1,0,0,1,0,7.2,268.6,0,0,0,0,0,1
34400,0.0,0.0,0,0,1,0,44.456,-0.176,0,1,1,0,14.425,0.0,0,39.86,0,0,0,1,0,3,1,0,0,1,0,12192.0,2,1,1,1,0,0,1,0,7.8,271.2,0,0,0,0,0,1
34500,0.0,0.0,0,0,1,0,44.433,-0.235,0,1,1,0,14.425,0.0,0,39.92,0,0,0,1,0,3,1,0,0,1,0,12192.0,2,1,1,1,0,0,1,0,7.7,266.1,0,0,0,0,0,1
34600,0.0,0.0,0,0,1,0,44.404,-0.294,0,1,1,0,14.425,0.0,0,39.89,0,0,0,1,0,3,1,0,0,1,0,12192.0,2,1,1,1,0,0,1,0,7.9,268.5,0,0,0,0,0,1
34700,0.0,0.0,0,0,1,0,44.368,-0.352,0,1,1,0,14.425,0.0,0,40.18,0,0,0,1,0,3,1,0,0,1,0,12192.0,2,1,1,1,0,0,1,0,7.0,271.5,0,0,0,0,0,1
34800,0.0,0.0,0,0,1,0,44.327,-0.411,0,1,1,0,14.425,0.0,0,40.01,0,0,0,1,0,3,1,0,0,1,0,12192.0,2,1,1,1,0,0,1,0,7.2,270.5,0,0,0,0,0,1
34900,0.0,0.0,0,0,1,0,44.28,-0.47,0,1,1,0,14.425,0.0,0,40.07,0,0,0,1,0,3,1,0,0,1,0,12192.0,2,1,1,1,0,0,1,0,8.3,267.0,0,0,0,0,0,1
35000,0.0,0.0,0,0,1,0,44.227,-0.528,0,1,1,0,14.425,0.0,0,40.11,0,0,0,1,0,3,1,0,0,1,0,12192.0,2,1,1,1,0,0,1,0,7.3,268.0,0,0,0,0,0,1
35100,0.0,0.0,0,0,1,0,44.169,-0.587,0,1,1,0,14.425,0.0,0,40.18,0,0,0,1,0,3,1,0,0,1,0,12192.0,2,1,1,1,0,0,1,0,8.5,272.3,0,0,0,0,0,1
35200,0.0,0.0,0,0,1,0,44.104,-0.646,0,1,1,0,14.425,0.0,0,39.99,0,0,0,1,0,3,1,0,0,1,0,12192.0,2,1,1,1,0,0,1,0,7.8,270.5,0,0,0,0,0,1
35300,0.0,0.0,0,0,1,0,44.034,-0.705,0,1,1,0,14.425,0.0,0,40.12,0,0,0,1,0,3,1,0,0,1,0,12192.0,2,1,1,1,0,0,1,0,7.5,265.3,0,0,0,0,0,1
35400,0.0,0.0,0,0,1,0,43.957,-0.763,0,1,1,0,14.425,0.0,0,39.99,0,0,0,1,0,3,1,0,0,1,0,12192.0,2,1,1,1,0,0,1,0,7.7,267.4,0,0,0,0,0,1
35500,0.0,0.0,0,0,1,0,43.875,-0.822,0,1,1,0,14.425,0.0,0,40.1,0,0,0,1,0,3,1,0,0,1,0,12192.0,2,1,1,1,0,0,1,0,8.0,269.7,0,0,0,0,0,1
35600,0.0,0.0,0,0,1,0,43.787,-0.881,0,1,1,0,14.425,0.0,0,39.79,0,0,0,1,0,3,1,0,0,1,0,12192.0,2,1,1,1,0,0,1,0,6.9,270.2,0,0,0,0,0,1
35700,0.0,0.0,0,0,1,0,43.693,-0.939,0,1,1,0,14.425,0.0,0,39.89,0,0,0,1,0,3,1,0,0,1,0,12192.0,2,1,1,1,0,0,1,0,7.0,270.3,0,0,0,0,0,1
35800,0.0,0.0,0,0,1,0,43.593,-0.998,0,1,1,0,14.425,0.0,0,39.87,0,0,0,1,0,3,1,0,0,1,0,12192.0,2,1,1,1,0,0,1,0,7.5,271.2,0,0,0,0,0,1
35900,0.0,0.0,0,0,1,0,43.488,-1.057,0,1,1,0,14.425,0.0,0,40.05,0,0,0,1,0,3,1,0,0,1,0,12192.0,2,1,1,1,0,0,1,0,7.5,269.3,0,0,0,0,0,1
36000,0.0,0.0,0,0,1,0,43.376,-1.116,0,1,1,0,14.425,0.0,0,39.74,0,0,0,1,0,3,1,0,0,1,0,12192.0,2,1,1,1,0,0,1,0,8.8,269.9,0,0,0,0,0,1
36100,0.0,0.0,0,0,1,0,43.259,-1.174,0,1,1,0,14.425,0.0,0,39.94,0,0,0,1,0,3,1,0,0,1,0,12192.0,2,1,1,1,0,0,1,0,8.1,270.2,0,0,0,0,0,1
36200,0.0,0.0,0,0,1,0,43.135,-1.233,0,1,1,0,14.425,0.0,0,39.96,0,0,0,1,0,3,1,0,0,1,0,12192.0,2,1,1,1,0,0,1,0,7.6,272.0,0,0,0,0,0,1
36300,0.0,0.0,0,0,1,0,43.006,-1.292,0,1,1,0,14.425,0.0,0,39.82,0,0,0,1,0,3,1,0,0,1,0,12192.0,2,1,1,1,0,0,1,0,8.4,272.8,0,0,0,0,0,1
36400,0.0,0.0,0,0,1,0,42.871,-1.35,0,1,1,0,14.425,0.0,0,39.91,0,0,0,1,0,3,1,0,0,1,0,12192.0,2,1,1,1,0,0,1,0,7.9,267.8,0,0,0,0,0,1
36500,0.0,0.0,0,0,1,0,42.73,-1.409,0,1,1,0,14.425,0.0,0,39.78,0,0,0,1,0,3,1,0,0,1,0,12192.0,2,1,1,1,0,0,1,0,7.6,269.0,0,0,0,0,0,1
36600,0.0,0.0,0,0,1,0,42.583,-1.468,0,1,1,0,14.425,0.0,0,40.03,0,0,0,1,0,3,1,0,0,1,0,12192.0,2,1,1,1,0,0,1,0,8.3,268.8,0,0,0,0,0,1
36700,0.0,0.0,0,0,1,0,42.431,-1.527,0,1,1,0,14.425,0.0,0,39.95,0,0,0,1,0,3,1,0,0,1,0,12192.0,2,1,1,1,0,0,1,0,7.8,272.8,0,0,0,0,0,1
36800,0.0,0.0,0,0,1,0,42.272,-1.585,0,1,1,0,14.425,0.0,0,39.91,0,0,0,1,0,3,1,0,0,1,0,12192.0,2,1,1,1,0,0,1,0,9.0,270.9,0,0,0,0,0,1
36900,0.0,0.0,0,0,1,0,42.108,-1.644,0,1,1,0,14.425,0.0,0,39.94,0,0,0,1,0,3,1,0,0,1,0,12192.0,2,1,1,1,0,0,1,0,8.8,271.3,0,0,0,0,0,1
37000,0.0,0.0,0,0,1,0,41.938,-1.703,0,1,1,0,14.425,0.0,0,39.74,0,0,0,1,0,3,1,0,0,1,0,12192.0,2,1,1,1,0,0,1,0,7.7,266.7,0,0,0,0,0,1
37100,0.0,0.0,0,0,1,0,41.761,-1.761,0,1,1,0,14.425,0.0,0,39.8,0,0,0,1,0,3,1,0,0,1,0,12192.0,2,1,1,1,0,0,1,0,9.1,271.1,0,0,0,0,0,1
37200,0.0,0.0,0,0,1,0,41.579,-1.82,0,1,1,0,14.425,0.0,0,40.07,0,0,0,1,0,3,1,0,0,1,0,12192.0,2,1,1,1,0,0,1,0,8.7,270.2,0,0,0,0,0,1
37300,0.0,0.0,0,0,1,0,41.392,-1.879,0,1,1,0,14.425,0.0,0,39.9,0,0,0,1,0,3,1,0,0,1,0,12192.0,2,1,1,1,0,0,1,0,8.2,271.0,0,0,0,0,0,1
37400,0.0,0.0,0,0,1,0,41.198,-1.938,0,1,1,0,14.425,0.0,0,39.94,0,0,0,1,0,3,1,0,0,1,0,12192.0,2,1,1,1,0,0,1,0,8.4,268.8,0,0,0,0,0,1
37500,0.0,0.0,0,0,1,0,40.998,-1.996,0,1,1,0,14.425,0.0,0,40.04,0,0,0,1,0,3,1,0,0,1,0,12192.0,2,1,1,1,0,0,1,0,8.4,271.3,0,0,0,0,0,1
37600,0.0,0.0,0,0,1,0,40.793,-2.055,0,1,1,0,14.425,0.0,0,39.97,0,0,0,1,0,3,1,0,0,1,0,12192.0,2,1,1,1,0,0,1,0,8.3,269.4,0,0,0,0,0,1
37700,0.0,0.0,0,0,1,0,40.581,-2.114,0,1,1,0,14.425,0.0,0,39.8,0,0,0,1,0,3,1,0,0,1,0,12192.0,2,1,1,1,0,0,1,0,9.0,268.2,0,0,0,0,0,1
37800,0.0,0.0,0,0,1,0,40.364,-2.172,0,1,1,0,14.425,0.0,0,39.98,0,0,0,1,0,3,1,0,0,1,0,12192.0,2,1,1,1,0,0,1,0,8.6,268.0,0,0,0,0,0,1
37900,0.0,0.0,0,0,1,0,40.141,-2.231,0,1,1,0,14.425,0.0,0,40.02,0,0,0,1,0,3,1,0,0,1,0,12192.0,2,1,1,1,0,0,1,0,7.8,268.0,0,0,0,0,0,1
38000,0.0,0.0,0,0,1,0,39.912,-2.29,0,1,1,0,14.425,0.0,0,40.05,0,0,0,1,0,3,1,0,0,1,0,12192.0,2,1,1,1,0,0,1,0,8.7,271.3,0,0,0,0,0,1
38100,0.0,0.0,0,0,1,0,39.677,-2.349,0,1,1,0,14.425,0.0,0,40.19,0,0,0,1,0,3,1,0,0,1,0,12192.0,2,1,1,1,0,0,1,0,8.2,269.1,0,0,0,0,0,1
38200,0.0,0.0,0,0,1,0,39.436,-2.407,0,1,1,0,14.425,0.0,0,39.69,0,0,0,1,0,3,1,0,0,1,0,12192.0,2,1,1,1,0,0,1,0,9.1,269.1,0,0,0,0,0,1
38300,0.0,0.0,0,0,1,0,39.19,-2.466,0,1,1,0,14.425,0.0,0,39.89,0,0,0,1,0,3,1,0,0,1,0,12192.0,2,1,1,1,0,0,1,0,8.1,271.4,0,0,0,0,0,1
38400,0.0,0.0,0,0,1,0,38.937,-2.525,0,1,1,0,14.425,0.0,0,40.09,0,0,0,1,0,3,1,0,0,1,0,12192.0,2,1,1,1,0,0,1,0,8.0,269.8,0,0,0,0,0,1
38500,0.0,0.0,0,0,1,0,38.679,-2.583,0,1,1,0,14.425,0.0,0,40.03,0,0,0,1,0,3,1,0,0,1,0,12192.0,2,1,1,1,0,0,1,0,8.7,269.3,0,0,0,0,0,1
38600,0.0,0.0,0,0,1,0,38.415,-2.642,0,1,1,0,14.425,0.0,0,40.14,0,0,0,1,0,3,1,0,0,1,0,12192.0,2,1,1,1,0,0,1,0,8.8,270.6,0,0,0,0,0,1
38700,0.0,0.0,0,0,1,0,38.145,-2.701,0,1,1,0,14.425,0.0,0,40.07,0,0,0,1,0,3,1,0,0,1,0,12192.0,2,1,1,1,0,0,1,0,8.4,270.6,0,0,0,0,0,1
38800,0.0,0.0,0,0,1,0,37.869,-2.759,0,1,1,0,14.425,0.0,0,40.08,0,0,0,1,0,3,1,0,0,1,0,12192.0,2,1,1,1,0,0,1,0,8.3,276.0,0,0,0,0,0,1
38900,0.0,0.0,0,0,1,0,37.587,-2.818,0,1,1,0,14.425,0.0,0,39.99,0,0,0,1,0,3,1,0,0,1,0,12192.0,2,1,1,1,0,0,1,0,8.3,265.6,0,0,0,0,0,1
39000,0.0,0.0,0,0,1,0,37.299,-2.877,0,1,1,0,14.425,0.0,0,40.17,0,0,0,1,0,3,1,0,0,1,0,12192.0,2,1,1,1,0,0,1,0,8.0,276.0,0,0,0,0,0,1
39100,0.0,0.0,0,0,1,0,37.006,-2.936,0,1,1,0,14.425,0.0,0,40.06,0,0,0,1,0,3,1,0,0,1,0,12192.0,2,1,1,1,0,0,1,0,8.4,272.3,0,0,0,0,0,1
39200,0.0,0.0,0,0,1,0,36.706,-2.994,0,1,1,0,14.425,0.0,0,40.22,0,0,0,1,0,3,1,0,0,1,0,12192.0,2,1,1,1,0,0,1,0,8.6,271.1,0,0,0,0,0,1
39300,0.0,0.0,0,0,1,0,36.401,-3.053,0,1,1,0,14.425,0.0,0,39.99,0,0,0,1,0,3,1,0,0,1,0,12192.0,2,1,1,1,0,0,1,0,8.9,266.0,0,0,0,0,0,1
39400,0.0,0.0,0,0,1,0,36.09,-3.112,0,1,1,0,14.425,0.0,0,39.87,0,0,0,1,0,3,1,0,0,1,0,12192.0,2,1,1,1,0,0,1,0,7.5,270.1,0,0,0,0,0,1
39500,0.0,0.0,0,0,1,0,35.773,-3.17,0,1,1,0,14.425,0.0,0,40.19,0,0,0,1,0,3,1,0,0,1,0,12192.0,2,1,1,1,0,0,1,0,7.9,274.9,0,0,0,0,0,1
39600,0.0,0.0,0,0,1,0,35.45,-3.229,0,1,1,0,14.425,0.0,0,40.02,0,0,0,1,0,3,1,0,0,1,0,12192.0,2,1,1,1,0,0,1,0,8.5,267.8,0,0,0,0,0,1
39700,0.0,0.0,0,0,1,0,35.121,-3.288,0,1,1,0,14.425,0.0,0,40.2,0,0,0,1,0,3,1,0,0,1,0,12192.0,2,1,1,1,0,0,1,0,7.6,277.3,0,0,0,0,0,1
39800,0.0,0.0,0,0,1,0,34.786,-3.347,0,1,1,0,14.425,0.0,0,39.94,0,0,0,1,0,3,1,0,0,1,0,12192.0,2,1,1,1,0,0,1,0,9.1,270.0,0,0,0,0,0,1
39900,0.0,0.0,0,0,1,0,34.446,-3.405,0,1,1,0,14.425,0.0,0,39.97,0,0,0,1,0,3,1,0,0,1,0,12192.0,2,1,1,1,0,0,1,0,8.8,267.7,0,0,0,0,0,1
40000,0.0,0.0,0,0,1,0,34.099,-3.464,0,1,1,0,14.425,0.0,0,39.86,0,0,0,1,0,3,1,0,0,1,0,12192.0,2,1,1,1,0,0,1,0,8.2,270.0,0,0,0,0,0,1
40100,0.0,0.0,0,0,1,0,33.747,-3.523,0,1,1,0,14.425,0.0,0,40.1,0,0,0,1,0,3,1,0,0,1,0,12192.0,2,1,1,1,0,0,1,0,8.1,271.7,0,0,0,0,0,1
40200,0.0,0.0,0,0,1,0,33.394,-3.529,0,1,1,0,14.425,0.0,0,40.1,0,0,0,1,0,3,1,0,0,1,0,12192.0,2,1,1,1,0,0,1,0,7.9,264.0,0,0,0,0,0,1
40300,0.0,0.0,0,0,1,0,33.041,-3.529,0,1,1,0,14.425,0.0,0,39.99,0,0,0,1,0,3,1,0,0,1,0,12192.0,2,1,1,1,0,0,1,0,7.9,267.1,0,0,0,0,0,1
40400,0.0,0.0,0,0,1,0,32.688,-3.529,0,1,1,0,14.425,0.0,0,40.04,0,0,0,1,0,3,1,0,0,1,0,12192.0,2,1,1,1,0,0,1,0,7.5,269.9,0,0,0,0,0,1
40500,0.0,0.0,0,0,1,0,32.336,-3.529,0,1,1,0,14.425,0.0,0,39.92,0,0,0,1,0,3,1,0,0,1,0,12192.0,2,1,1,1,0,0,1,0,7.9,271.2,0,0,0,0,0,1
40600,0.0,0.0,0,0,1,0,31.983,-3.529,0,1,1,0,14.425,0.0,0,40.04,0,0,0,1,0,3,1,0,0,1,0,12192.0,2,1,1,1,0,0,1,0,8.6,270.7,0,0,0,0,0,1
40700,0.0,0.0,0,0,1,0,31.63,-3.529,0,1,1,0,14.425,0.0,0,40.04,0,0,0,1,0,3,1,0,0,1,0,12192.0,2,1,1,1,0,0,1,0,8.2,273.0,0,0,0,0,0,1
40800,0.0,0.0,0,0,1,0,31.277,-3.529,0,1,1,0,14.425,0.0,0,39.97,0,0,0,1,0,3,1,0,0,1,0,12192.0,2,1,1,1,0,0,1,0,7.8,267.7,0,0,0,0,0,1
40900,0.0,0.0,0,0,1,0,30.924,-3.529,0,1,1,0,14.425,0.0,0,40.03,0,0,0,1,0,3,1,0,0,1,0,12192.0,2,1,1,1,0,0,1,0,6.8,269.4,0,0,0,0,0,1
41000,0.0,0.0,0,0,1,0,30.571,-3.529,0,1,1,0,14.425,0.0,0,39.93,0,0,0,1,0,3,1,0,0,1,0,12192.0,2,1,1,1,0,0,1,0,8.2,268.3,0,0,0,0,0,1
41100,0.0,0.0,0,0,1,0,30.218,-3.529,0,1,1,0,14.425,0.0,0,40.11,0,0,0,1,0,3,1,0,0,1,0,12192.0,2,1,1,1,0,0,1,0,7.0,262.7,0,0,0,0,0,1
41200,0.0,0.0,0,0,1,0,29.865,-3.529,0,1,1,0,14.425,0.0,0,39.92,0,0,0,1,0,3,1,0,0,1,0,12192.0,2,1,1,1,0,0,1,0,8.4,266.6,0,0,0,0,0,1
41300,0.0,0.0,0,0,1,0,29.512,-3.529,0,1,1,0,14.425,0.0,0,39.97,0,0,0,1,0,3,1,0,0,1,0,12192.0,2,1,1,1,0,0,1,0,8.0,273.0,0,0,0,0,0,1
41400,0.0,0.0,0,0,1,0,29.16,-3.529,0,1,1,0,14.425,0.0,0,39.92,0,0,0,1,0,3,1,0,0,1,0,12192.0,2,1,1,1,0,0,1,0,7.4,271.6,0,0,0,0,0,1
41500,0.0,0.0,0,0,1,0,28.807,-3.529,0,1,1,0,14.425,0.0,0,40.12,0,0,0,1,0,3,1,0,0,1,0,12192.0,2,1,1,1,0,0,1,0,7.5,264.4,0,0,0,0,0,1
41600,0.0,0.0,0,0,1,0,28.454,-3.529,0,1,1,0,14.425,0.0,0,40.05,0,0,0,1,0,3,1,0,0,1,0,12192.0,2,1,1,1,0,0,1,0,7.3,270.0,0,0,0,0,0,1
41700,0.0,0.0,0,0,1,0,28.101,-3.529,0,1,1,0,14.425,0.0,0,40.09,0,0,0,1,0,3,1,0,0,1,0,12192.0,2,1,1,1,0,0,1,0,7.6,269.1,0,0,0,0,0,1
41800,0.0,0.0,0,0,1,0,27.748,-3.529,0,1,1,0,14.425,0.0,0,39.82,0,0,0,1,0,3,1,0,0,1,0,12192.0,2,1,1,1,0,0,1,0,7.6,268.5,0,0,0,0,0,1
41900,0.0,0.0,0,0,1,0,27.395,-3.529,0,1,1,0,14.425,0.0,0,40.05,0,0,0,1,0,3,1,0,0,1,0,12192.0,2,1,1,1,0,0,1,0,7.3,274.3,0,0,0,0,0,1
42000,0.0,0.0,0,0,1,0,27.042,-3.529,0,1,1,0,14.425,0.0,0,39.89,0,0,0,1,0,3,1,0,0,1,0,12192.0,2,1,1,1,0,0,1,0,8.0,275.1,0,0,0,0,0,1
42100,0.0,0.0,0,0,1,0,26.689,-3.529,0,1,1,0,14.425,0.0,0,39.98,0,0,0,1,0,3,1,0,0,1,0,12192.0,2,1,1,1,0,0,1,0,7.1,273.6,0,0,0,0,0,1
42200,0.0,0.0,0,0,1,0,26.336,-3.529,0,1,1,0,14.425,0.0,0,40.0,0,0,0,1,0,3,1,0,0,1,0,12192.0,2,1,1,1,0,0,1,0,7.8,272.0,0,0,0,0,0,1
42300,0.0,0.0,0,0,1,0,25.983,-3.529,0,1,1,0,14.425,0.0,0,39.94,0,0,0,1,0,3,1,0,0,1,0,12192.0,2,1,1,1,0,0,1,0,7.0,269.5,0,0,0,0,0,1
42400,0.0,0.0,0,0,1,0,25.631,-3.529,0,1,1,0,14.425,0.0,0,39.98,0,0,0,1,0,3,1,0,0,1,0,12192.0,2,1,1,1,0,0,1,0,6.4,270.9,0,0,0,0,0,1
42500,0.0,0.0,0,0,1,0,25.278,-3.529,0,1,1,0,14.425,0.0,0,39.95,0,0,0,1,0,3,1,0,0,1,0,12192.0,2,1,1,1,0,0,1,0,6.5,273.1,0,0,0,0,0,1
42600,0.0,0.0,0,0,1,0,24.925,-3.529,0,1,1,0,14.425,0.0,0,40.14,0,0,0,1,0,3,1,0,0,1,0,12192.0,2,1,1,1,0,0,1,0,7.4,272.5,0,0,0,0,0,1
42700,0.0,0.0,0,0,1,0,24.572,-3.529,0,1,1,0,14.425,0.0,0,40.11,0,0,0,1,0,3,1,0,0,1,0,12192.0,2,1,1,1,0,0,1,0,6.7,274.6,0,0,0,0,0,1
42800,0.0,0.0,0,0,1,0,24.219,-3.529,0,1,1,0,14.425,0.0,0,39.86,0,0,0,1,0,3,1,0,0,1,0,12192.0,2,1,1,1,0,0,1,0,6.6,267.5,0,0,0,0,0,1
42900,0.0,0.0,0,0,1,0,23.866,-3.529,0,1,1,0,14.425,0.0,0,39.77,0,0,0,1,0,3,1,0,0,1,0,12192.0,2,1,1,1,0,0,1,0,6.9,270.1,0,0,0,0,0,1
43000,0.0,0.0,0,0,1,0,23.513,-3.529,0,1,1,0,14.425,0.0,0,39.95,0,0,0,1,0,3,1,0,0,1,0,12192.0,2,1,1,1,0,0,1,0,7.8,272.2,0,0,0,0,0,1
43100,0.0,0.0,0,0,1,0,23.16,-3.529,0,1,1,0,14.425,0.0,0,40.04,0,0,0,1,0,3,1,0,0,1,0,12192.0,2,1,1,1,0,0,1,0,8.1,266.5,0,0,0,0,0,1
43200,0.0,0.0,0,0,1,0,22.807,-3.529,0,1,1,0,14.425,0.0,0,39.99,0,0,0,1,0,3,1,0,0,1,0,12192.0,2,1,1,1,0,0,1,0,8.1,270.1,0,0,0,0,0,1
43300,0.0,0.0,0,0,1,0,22.455,-3.529,0,1,1,0,14.425,0.0,0,39.93,0,0,0,1,0,3,1,0,0,1,0,12192.0,2,1,1,1,0,0,1,0,6.9,271.4,0,0,0,0,0,1
43400,0.0,0.0,0,0,1,0,22.102,-3.529,0,1,1,0,14.425,0.0,0,40.11,0,0,0,1,0,3,1,0,0,1,0,12192.0,2,1,1,1,0,0,1,0,7.5,272.4,0,0,0,0,0,1
43500,0.0,0.0,0,0,1,0,21.749,-3.529,0,1,1,0,14.425,0.0,0,40.11,0,0,0,1,0,3,1,0,0,1,0,12192.0,2,1,1,1,0,0,1,0,8.0,270.0,0,0,0,0,0,1
43600,0.0,0.0,0,0,1,0,21.396,-3.529,0,1,1,0,14.425,0.0,0,39.86,0,0,0,1,0,3,1,0,0,1,0,12192.0,2,1,1,1,0,0,1,0,7.4,267.7,0,0,0,0,0,1
43700,0.0,0.0,0,0,1,0,21.043,-3.529,0,1,1,0,14.425,0.0,0,40.06,0,0,0,1,0,3,1,0,0,1,0,12192.0,2,1,1,1,0,0,1,0,7.1,271.3,0,0,0,0,0,1
43800,0.0,0.0,0,0,1,0,20.69,-3.529,0,1,1,0,14.425,0.0,0,40.02,0,0,0,1,0,3,1,0,0,1,0,12192.0,2,1,1,1,0,0,1,0,7.8,269.1,0,0,0,0,0,1
43900,0.0,0.0,0,0,1,0,20.337,-3.529,0,1,1,0,14.425,0.0,0,40.08,0,0,0,1,0,3,1,0,0,1,0,12192.0,2,1,1,1,0,0,1,0,7.4,268.0,0,0,0,0,0,1
44000,0.0,0.0,0,0,1,0,19.984,-3.529,0,1,1,0,14.425,0.0,0,40.14,0,0,0,1,0,3,1,0,0,1,0,12192.0,2,1,1,1,0,0,1,0,7.8,267.9,0,0,0,0,0,1
44100,0.0,0.0,0,0,1,0,19.631,-3.529,0,1,1,0,14.425,0.0,0,40.01,0,0,0,1,0,3,1,0,0,1,0,12192.0,2,1,1,1,0,0,1,0,7.4,268.9,0,0,0,0,0,1
44200,0.0,0.0,0,0,1,0,19.278,-3.529,0,1,1,0,14.425,0.0,0,40.07,0,0,0,1,0,3,1,0,0,1,0,12192.0,2,1,1,1,0,0,1,0,8.5,269.9,0,0,0,0,0,1
44300,0.0,0.0,0,0,1,0,18.926,-3.529,0,1,1,0,14.425,0.0,0,39.82,0,0,0,1,0,3,1,0,0,1,0,12192.0,2,1,1,1,0,0,1,0,8.4,264.9,0,0,0,0,0,1
44400,0.0,0.0,0,0,1,0,18.573,-3.529,0,1,1,0,14.425,0.0,0,40.0,0,0,0,1,0,3,1,0,0,1,0,12192.0,2,1,1,1,0,0,1,0,7.1,263.2,0,0,0,0,0,1
44500,0.0,0.0,0,0,1,0,18.22,-3.529,0,1,1,0,14.425,0.0,0,39.78,0,0,0,1,0,3,1,0,0,1,0,12192.0,2,1,1,1,0,0,1,0,7.6,267.9,0,0,0,0,0,1
44600,0.0,0.0,0,0,1,0,17.867,-3.529,0,1,1,0,14.425,0.0,0,40.06,0,0,0,1,0,3,1,0,0,1,0,12192.0,2,1,1,1,0,0,1,0,8.5,270.0,0,0,0,0,0,1
44700,0.0,0.0,0,0,1,0,17.52,-3.47,0,1,1,0,14.425,0.0,0,40.07,0,0,0,1,0,3,1,0,0,1,0,12192.0,2,1,1,1,0,0,1,0,8.5,272.2,0,0,0,0,0,1
44800,0.0,0.0,0,0,1,0,17.179,-3.412,0,1,1,0,14.425,0.0,0,39.77,0,0,0,1,0,3,1,0,0,1,0,12192.0,2,1,1,1,0,0,1,0,8.2,267.9,0,0,0,0,0,1
44900,0.0,0.0,0,0,1,0,16.843,-3.353,0,1,1,0,14.425,0.0,0,39.88,0,0,0,1,0,3,1,0,0,1,0,12192.0,2,1,1,1,0,0,1,0,8.0,269.4,0,0,0,0,0,1
45000,0.0,0.0,0,0,1,0,16.514,-3.294,0,1,1,0,14.425,0.0,0,39.98,0,0,0,1,0,3,1,0,0,1,0,12192.0,2,1,1,1,0,0,1,0,8.3,269.5,0,0,0,0,0,1
45100,0.0,0.0,0,0,1,0,16.191,-3.235,0,1,1,0,14.425,0.0,0,40.07,0,0,0,1,0,3,1,0,0,1,0,12192.0,2,1,1,1,0,0,1,0,9.4,269.9,0,0,0,0,0,1
45200,0.0,0.0,0,0,1,0,15.873,-3.177,0,1,1,0,14.425,0.0,0,39.92,0,0,0,1,0,3,1,0,0,1,0,12192.0,2,1,1,1,0,0,1,0,7.8,266.2,0,0,0,0,0,1
45300,0.0,0.0,0,0,1,0,15.561,-3.118,0,1,1,0,14.425,0.0,0,39.79,0,0,0,1,0,3,1,0,0,1,0,12192.0,2,1,1,1,0,0,1,0,8.8,269.3,0,0,0,0,0,1
45400,0.0,0.0,0,0,1,0,15.255,-3.059,0,1,1,0,14.425,0.0,0,39.99,0,0,0,1,0,3,1,0,0,1,0,12192.0,2,1,1,1,0,0,1,0,7.6,270.0,0,0,0,0,0,1
45500,0.0,0.0,0,0,1,0,14.955,-3.001,0,1,1,0,14.425,0.0,0,40.18,0,0,0,1,0,3,1,0,0,1,0,12192.0,2,1,1,1,0,0,1,0,8.6,270.2,0,0,0,0,0,1
45600,0.0,0.0,0,0,1,0,14.661,-2.942,0,1,1,0,14.425,0.0,0,39.81,0,0,0,1,0,3,1,0,0,1,0,12192.0,2,1,1,1,0,0,1,0,8.2,268.2,0,0,0,0,0,1
45700,0.0,0.0,0,0,1,0,14.373,-2.883,0,1,1,0,14.425,0.0,0,39.95,0,0,0,1,0,3,1,0,0,1,0,12192.0,2,1,1,1,0,0,1,0,8.0,272.4,0,0,0,0,0,1
45800,0.0,0.0,0,0,1,0,14.09,-2.823,0,1,1,0,14.425,0.0,0,39.91,0,0,0,1,0,3,1,0,0,1,0,12192.0,2,1,1,1,0,0,1,0,8.2,272.2,0,0,0,0,0,1
45900,0.0,0.0,0,0,1,0,13.814,-2.764,0,1,1,0,14.425,0.0,0,39.96,0,0,0,1,0,3,1,0,0,1,0,12192.0,2,1,1,1,0,0,1,0,8.2,268.6,0,0,0,0,0,1
46000,0.0,0.0,0,0,1,0,13.543,-2.705,0,1,1,0,14.425,0.0,0,40.14,0,0,0,1,0,3,1,0,0,1,0,12192.0,2,1,1,1,0,0,1,0,8.8,266.8,0,0,0,0,0,1
46100,0.0,0.0,0,0,1,0,13.279,-2.645,0,1,1,0,14.425,0.0,0,39.99,0,0,0,1,0,3,1,0,0,1,0,12192.0,2,1,1,1,0,0,1,0,9.4,273.4,0,0,0,0,0,1
46200,0.0,0.0,0,0,1,0,13.02,-2.586,0,1,1,0,14.425,0.0,0,39.83,0,0,0,1,0,3,1,0,0,1,0,12192.0,2,1,1,1,0,0,1,0,7.8,269.2,0,0,0,0,0,1
46300,0.0,0.0,0,0,1,0,12.768,-2.526,0,1,1,0,14.425,0.0,0,39.98,0,0,0,1,0,3,1,0,0,1,0,12192.0,2,1,1,1,0,0,1,0,8.8,267.7,0,0,0,0,0,1
46400,0.0,0.0,0,0,1,0,12.521,-2.467,0,1,1,0,14.425,0.0,0,39.85,0,0,0,1,0,3,1,0,0,1,0,12192.0,2,1,1,1,0,0,1,0,8.6,264.0,0,0,0,0,0,1
46500,0.0,0.0,0,0,1,0,12.28,-2.408,0,1,1,0,14.425,0.0,0,39.89,0,0,0,1,0,3,1,0,0,1,0,12192.0,2,1,1,1,0,0,1,0,9.0,267.2,0,0,0,0,0,1
46600,0.0,0.0,0,0,1,0,12.045,-2.348,0,1,1,0,14.425,0.0,0,40.1,0,0,0,1,0,3,1,0,0,1,0,12192.0,2,1,1,1,0,0,1,0,8.7,270.4,0,0,0,0,0,1
46700,0.0,0.0,0,0,1,0,11.817,-2.289,0,1,1,0,14.425,0.0,0,40.05,0,0,0,1,0,3,1,0,0,1,0,12192.0,2,1,1,1,0,0,1,0,7.6,270.8,0,0,0,0,0,1
46800,0.0,0.0,0,0,1,0,11.594,-2.229,0,1,1,0,14.425,0.0,0,40.06,0,0,0,1,0,3,1,0,0,1,0,12192.0,2,1,1,1,0,0,1,0,9.1,268.1,0,0,0,0,0,1
46900,0.0,0.0,0,0,1,0,11.377,-2.17,0,1,1,0,14.425,0.0,0,40.21,0,0,0,1,0,3,1,0,0,1,0,12192.0,2,1,1,1,0,0,1,0,8.4,272.9,0,0,0,0,0,1
47000,0.0,0.0,0,0,1,0,11.166,-2.11,0,1,1,0,14.425,0.0,0,39.99,0,0,0,1,0,3,1,0,0,1,0,12192.0,2,1,1,1,0,0,1,0,8.9,272.5,0,0,0,0,0,1
47100,0.0,0.0,0,0,1,0,10.961,-2.051,0,1,1,0,14.425,0.0,0,40.0,0,0,0,1,0,3,1,0,0,1,0,12192.0,2,1,1,1,0,0,1,0,8.2,269.2,0,0,0,0,0,1
47200,0.0,0.0,0,0,1,0,10.761,-1.991,0,1,1,0,14.425,0.0,0,40.34,0,0,0,1,0,3,1,0,0,1,0,12192.0,2,1,1,1,0,0,1,0,8.6,269.1,0,0,0,0,0,1
47300,0.0,0.0,0,0,1,0,10.568,-1.931,0,1,1,0,14.425,0.0,0,39.88,0,0,0,1,0,3,1,0,0,1,0,12192.0,2,1,1,1,0,0,1,0,8.3,271.2,0,0,0,0,0,1
47400,0.0,0.0,0,0,1,0,10.381,-1.872,0,1,1,0,14.425,0.0,0,39.84,0,0,0,1,0,3,1,0,0,1,0,12192.0,2,1,1,1,0,0,1,0,8.4,267.8,0,0,0,0,0,1
47500,0.0,0.0,0,0,1,0,10.2,-1.812,0,1,1,0,14.425,0.0,0,39.91,0,0,0,1,0,3,1,0,0,1,0,12192.0,2,1,1,1,0,0,1,0,9.4,266.6,0,0,0,0,0,1
47600,0.0,0.0,0,0,1,0,10.025,-1.752,0,1,1,0,14.425,0.0,0,39.88,0,0,0,1,0,3,1,0,0,1,0,12192.0,2,1,1,1,0,0,1,0,8.2,273.3,0,0,0,0,0,1
47700,0.0,0.0,0,0,1,0,9.855,-1.693,0,1,1,0,14.425,0.0,0,40.07,0,0,0,1,0,3,1,0,0,1,0,12192.0,2,1,1,1,0,0,1,0,9.1,267.2,0,0,0,0,0,1
47800,0.0,0.0,0,0,1,0,9.692,-1.633,0,1,1,0,14.425,0.0,0,40.05,0,0,0,1,0,3,1,0,0,1,0,12192.0,2,1,1,1,0,0,1,0,9.1,269.9,0,0,0,0,0,1
47900,0.0,0.0,0,0,1,0,9.535,-1.573,0,1,1,0,14.425,0.0,0,40.12,0,0,0,1,0,3,1,0,0,1,0,12192.0,2,1,1,1,0,0,1,0,8.3,267.3,0,0,0,0,0,1
48000,0.0,0.0,0,0,1,0,9.383,-1.513,0,1,1,0,14.425,0.0,0,40.06,0,0,0,1,0,3,1,0,0,1,0,12192.0,2,1,1,1,0,0,1,0,8.6,269.2,0,0,0,0,0,1
48100,0.0,0.0,0,0,1,0,9.238,-1.453,0,1,1,0,14.425,0.0,0,40.04,0,0,0,1,0,3,1,0,0,1,0,12192.0,2,1,1,1,0,0,1,0,8.0,267.6,0,0,0,0,0,1
48200,0.0,0.0,0,0,1,0,9.099,-1.393,0,1,1,0,14.425,0.0,0,40.14,0,0,0,1,0,3,1,0,0,1,0,12192.0,2,1,1,1,0,0,1,0,8.9,271.4,0,0,0,0,0,1
48300,0.0,0.0,0,0,1,0,8.965,-1.333,0,1,1,0,14.425,0.0,0,39.76,0,0,0,1,0,3,1,0,0,1,0,12192.0,2,1,1,1,0,0,1,0,7.7,269.9,0,0,0,0,0,1
48400,0.0,0.0,0,0,1,0,8.838,-1.273,0,1,1,0,14.425,0.0,0,40.08,0,0,0,1,0,3,1,0,0,1,0,12192.0,2,1,1,1,0,0,1,0,8.1,269.2,0,0,0,0,0,1
48500,0.0,0.0,0,0,1,0,8.717,-1.213,0,1,1,0,14.425,0.0,0,39.95,0,0,0,1,0,3,1,0,0,1,0,12192.0,2,1,1,1,0,0,1,0,8.0,272.8,0,0,0,0,0,1
48600,0.0,0.0,0,0,1,0,8.601,-1.153,0,1,1,0,14.425,0.0,0,40.08,0,0,0,1,0,3,1,0,0,1,0,12192.0,2,1,1,1,0,0,1,0,8.3,269.0,0,0,0,0,0,1
48700,0.0,0.0,0,0,1,0,8.492,-1.093,0,1,1,0,14.425,0.0,0,39.93,0,0,0,1,0,3,1,0,0,1,0,12192.0,2,1,1,1,0,0,1,0,8.0,270.3,0,0,0,0,0,1
48800,0.0,0.0,0,0,1,0,8.389,-1.032,0,1,1,0,14.425,0.0,0,40.03,0,0,0,1,0,3,1,0,0,1,0,12192.0,2,1,1,1,0,0,1,0,8.0,271.6,0,0,0,0,0,1
48900,0.0,0.0,0,0,1,0,8.292,-0.972,0,1,1,0,14.425,0.0,0,40.08,0,0,0,1,0,3,1,0,0,1,0,12192.0,2,1,1,1,0,0,1,0,7.8,268.7,0,0,0,0,0,1
49000,0.0,0.0,0,0,1,0,8.201,-0.911,0,1,1,0,14.425,0.0,0,39.94,0,0,0,1,0,3,1,0,0,1,0,12192.0,2,1,1,1,0,0,1,0,8.2,266.3,0,0,0,0,0,1
49100,0.0,0.0,0,0,1,0,8.116,-0.851,0,1,1,0,14.425,0.0,0,39.84,0,0,0,1,0,3,1,0,0,1,0,12192.0,2,1,1,1,0,0,1,0,7.8,268.9,0,0,0,0,0,1
49200,0.0,0.0,0,0,1,0,8.037,-0.79,0,1,1,0,14.425,0.0,0,39.95,0,0,0,1,0,3,1,0,0,1,0,12192.0,2,1,1,1,0,0,1,0,7.5,273.8,0,0,0,0,0,1
49300,0.0,0.0,0,0,1,0,7.964,-0.729,0,1,1,0,14.425,0.0,0,40.0,0,0,0,1,0,3,1,0,0,1,0,12192.0,2,1,1,1,0,0,1,0,7.2,272.8,0,0,0,0,0,1
49400,0.0,0.0,0,0,1,0,7.897,-0.667,0,1,1,0,14.425,0.0,0,39.99,0,0,0,1,0,3,1,0,0,1,0,12192.0,2,1,1,1,0,0,1,0,7.0,267.6,0,0,0,0,0,1
49500,0.0,0.0,0,0,1,0,7.836,-0.606,0,1,1,0,14.425,0.0,0,39.9,0,0,0,1,0,3,1,0,0,1,0,12192.0,2,1,1,1,0,0,1,0,8.0,273.2,0,0,0,0,0,1
49600,0.0,0.0,0,0,1,0,7.782,-0.544,0,1,1,0,14.425,0.0,0,39.84,0,0,0,1,0,3,1,0,0,1,0,12192.0,2,1,1,1,0,0,1,0,8.0,270.2,0,0,0,0,0,1
49700,0.0,0.0,0,0,1,0,7.734,-0.482,0,1,1,0,14.425,0.0,0,39.77,0,0,0,1,0,3,1,0,0,1,0,12192.0,2,1,1,1,0,0,1,0,8.5,271.4,0,0,0,0,0,1
49800,0.0,0.0,0,0,1,0,7.692,-0.419,0,1,1,0,14.425,0.0,0,40.09,0,0,0,1,0,3,1,0,0,1,0,12192.0,2,1,1,1,0,0,1,0,6.9,271.5,0,0,0,0,0,1
49900,0.0,0.0,0,0,1,0,7.656,-0.355,0,1,1,0,14.425,0.0,0,39.86,0,0,0,1,0,3,1,0,0,1,0,12192.0,2,1,1,1,0,0,1,0,8.3,272.2,0,0,0,0,0,1
50000,0.0,0.0,0,0,1,0,7.627,-0.291,0,1,1,0,14.425,0.0,0,39.78,0,0,0,1,0,3,1,0,0,1,0,12192.0,2,1,1,1,0,0,1,0,7.5,275.0,0,0,0,0,0,1
50100,0.0,0.0,0,0,1,0,7.605,-0.224,0,1,1,0,14.425,0.0,0,40.02,0,0,0,1,0,3,1,0,0,1,0,12192.0,2,1,1,1,0,0,1,0,7.6,271.6,0,0,0,0,0,1
50200,0.0,0.0,0,0,1,0,7.589,-0.155,0,1,1,0,14.425,0.0,0,40.14,0,0,0,1,0,3,1,0,0,1,0,12192.0,2,1,1,1,0,0,1,0,6.7,275.5,0,0,0,0,0,1
50300,0.0,0.0,0,0,1,0,7.582,-0.076,0,1,1,0,14.425,0.0,0,40.14,0,0,0,1,0,3,1,0,0,1,0,12192.0,2,1,1,1,0,0,1,0,7.5,272.5,0,0,0,0,0,1
50400,0.0,0.0,0,0,0,0,7.58,0.0,0,0,0,0,14.425,0.0,0,39.93,0,0,0,0,0,3,1,0,0,1,0,12192.0,2,1,1,0,1,0,1,0,6.4,268.4,0,0,0,0,0,1
50500,0.0,0.0,0,0,1,0,7.58,0.0,0,0,1,0,14.42,-0.047,0,38.03,0,0,1,1,0,3,1,0,0,1,0,12192.0,2,1,1,1,0,0,1,0,7.7,270.8,0,0,0,0,0,1
50600,0.0,0.0,0,0,1,0,7.58,0.0,0,0,1,0,14.411,-0.094,0,37.94,0,0,1,1,0,3,1,0,0,1,0,12192.0,2,1,1,1,0,0,1,0,7.5,271.3,0,0,0,0,0,1
50700,0.0,0.0,0,0,1,0,7.58,0.0,0,0,1,0,14.396,-0.141,0,37.93,0,0,1,1,0,3,1,0,0,1,0,12192.0,2,1,1,1,0,0,1,0,7.7,270.9,0,0,0,0,0,1
50800,0.0,0.0,0,0,1,0,7.58,0.0,0,0,1,0,14.378,-0.188,0,38.14,0,0,1,1,0,3,1,0,0,1,0,12192.0,2,1,1,1,0,0,1,0,7.6,266.0,0,0,0,0,0,1
50900,0.0,0.0,0,0,1,0,7.58,0.0,0,0,1,0,14.354,-0.234,0,38.09,0,0,1,1,0,3,1,0,0,1,0,12192.0,2,1,1,1,0,0,1,0,8.2,267.5,0,0,0,0,0,1
51000,0.0,0.0,0,0,1,0,7.58,0.0,0,0,1,0,14.326,-0.281,0,38.12,0,0,1,1,0,3,1,0,0,1,0,12192.0,2,1,1,1,0,0,1,0,7.5,266.4,0,0,0,0,0,1
51100,0.0,0.0,0,0,1,0,7.58,0.0,0,0,1,0,14.293,-0.328,0,38.17,0,0,1,1,0,3,1,0,0,1,0,12192.0,2,1,1,1,0,0,1,0,7.1,269.1,0,0,0,0,0,1
51200,0.0,0.0,0,0,1,0,7.58,0.0,0,0,1,0,14.256,-0.375,0,38.11,0,0,1,1,0,3,1,0,0,1,0,12192.0,2,1,1,1,0,0,1,0,7.6,269.2,0,0,0,0,0,1
51300,0.0,0.0,0,0,1,0,7.58,0.0,0,0,1,0,14.214,-0.422,0,38.08,0,0,1,1,0,3,1,0,0,1,0,12192.0,2,1,1,1,0,0,1,0,7.2,270.4,0,0,0,0,0,1
51400,0.0,0.0,0,0,1,0,7.58,0.0,0,0,1,0,14.167,-0.469,0,38.12,0,0,1,1,0,3,1,0,0,1,0,12192.0,2,1,1,1,0,0,1,0,7.9,271.2,0,0,0,0,0,1
51500,0.0,0.0,0,0,1,0,7.58,0.0,0,0,1,0,14.115,-0.516,0,38.18,0,0,1,1,0,3,1,0,0,1,0,12192.0,2,1,1,1,0,0,1,0,7.9,276.2,0,0,0,0,0,1
51600,0.0,0.0,0,0,1,0,7.58,0.0,0,0,1,0,14.059,-0.563,0,38.23,0,0,1,1,0,3,1,0,0,1,0,12192.0,2,1,1,1,0,0,1,0,8.5,271.4,0,0,0,0,0,1
51700,0.0,0.0,0,0,1,0,7.58,0.0,0,0,1,0,13.998,-0.609,0,38.18,0,0,1,1,0,3,1,0,0,1,0,12192.0,2,1,1,1,0,0,1,0,7.3,272.2,0,0,0,0,0,1
51800,0.0,0.0,0,0,1,0,7.58,0.0,0,0,1,0,13.932,-0.656,0,38.09,0,0,1,1,0,3,1,0,0,1,0,12192.0,2,1,1,1,0,0,1,0,8.0,271.5,0,0,0,0,0,1
51900,0.0,0.0,0,0,1,0,7.58,0.0,0,0,1,0,13.862,-0.703,0,38.11,0,0,1,1,0,3,1,0,0,1,0,12192.0,2,1,1,1,0,0,1,0,7.4,269.5,0,0,0,0,0,1
52000,0.0,0.0,0,0,1,0,7.58,0.0,0,0,1,0,13.787,-0.75,0,38.04,0,0,1,1,0,3,1,0,0,1,0,12192.0,2,1,1,1,0,0,1,0,8.0,267.0,0,0,0,0,0,1
52100,0.0,0.0,0,0,1,0,7.58,0.0,0,0,1,0,13.707,-0.797,0,37.83,0,0,1,1,0,3,1,0,0,1,0,12192.0,2,1,1,1,0,0,1,0,6.8,268.8,0,0,0,0,0,1
52200,0.0,0.0,0,0,1,0,7.58,0.0,0,0,1,0,13.623,-0.844,0,37.84,0,0,1,1,0,3,1,0,0,1,0,12192.0,2,1,1,1,0,0,1,0,7.5,271.3,0,0,0,0,0,1
52300,0.0,0.0,0,0,1,0,7.58,0.0,0,0,1,0,13.534,-0.891,0,37.92,0,0,1,1,0,3,1,0,0,1,0,12192.0,2,1,1,1,0,0,1,0,8.1,274.0,0,0,0,0,0,1
52400,0.0,0.0,0,0,1,0,7.58,0.0,0,0,1,0,13.44,-0.938,0,38.02,0,0,1,1,0,3,1,0,0,1,0,12192.0,2,1,1,1,0,0,1,0,7.8,266.5,0,0,0,0,0,1
52500,0.0,0.0,0,0,1,0,7.58,0.0,0,0,1,0,13.342,-0.984,0,38.04,0,0,1,1,0,3,1,0,0,1,0,12192.0,2,1,1,1,0,0,1,0,7.4,271.0,0,0,0,0,0,1
52600,0.0,0.0,0,0,1,0,7.58,0.0,0,0,1,0,13.239,-1.031,0,37.95,0,0,1,1,0,3,1,0,0,1,0,12192.0,2,1,1,1,0,0,1,0,7.8,269.3,0,0,0,0,0,1
52700,0.0,0.0,0,0,1,0,7.58,0.0,0,0,1,0,13.131,-1.078,0,37.98,0,0,1,1,0,3,1,0,0,1,0,12192.0,2,1,1,1,0,0,1,0,7.9,268.0,0,0,0,0,0,1
52800,0.0,0.0,0,0,1,0,7.58,0.0,0,0,1,0,13.018,-1.125,0,38.04,0,0,1,1,0,3,1,0,0,1,0,12192.0,2,1,1,1,0,0,1,0,7.8,269.6,0,0,0,0,0,1
52900,0.0,0.0,0,0,1,0,7.58,0.0,0,0,1,0,12.901,-1.172,0,38.15,0,0,1,1,0,3,1,0,0,1,0,12192.0,2,1,1,1,0,0,1,0,7.8,269.4,0,0,0,0,0,1
53000,0.0,0.0,0,0,1,0,7.58,0.0,0,0,1,0,12.779,-1.219,0,38.15,0,0,1,1,0,3,1,0,0,1,0,12192.0,2,1,1,1,0,0,1,0,8.8,270.4,0,0,0,0,0,1
53100,0.0,0.0,0,0,1,0,7.58,0.0,0,0,1,0,12.653,-1.266,0,38.18,0,0,1,1,0,3,1,0,0,1,0,12192.0,2,1,1,1,0,0,1,0,7.2,275.7,0,0,0,0,0,1
53200,0.0,0.0,0,0,1,0,7.58,0.0,0,0,1,0,12.525,-1.272,0,38.07,0,0,1,1,0,3,1,0,0,1,0,12192.0,2,1,1,1,0,0,1,0,7.6,270.0,0,0,0,0,0,1
53300,0.0,0.0,0,0,1,0,7.58,0.0,0,0,1,0,12.398,-1.272,0,38.03,0,0,1,1,0,3,1,0,0,1,0,12192.0,2,1,1,1,0,0,1,0,7.2,267.8,0,0,0,0,0,1
53400,0.0,0.0,0,0,1,0,7.58,0.0,0,0,1,0,12.271,-1.272,0,37.88,0,0,1,1,0,3,1,0,0,1,0,12192.0,2,1,1,1,0,0,1,0,6.7,269.3,0,0,0,0,0,1
53500,0.0,0.0,0,0,1,0,7.58,0.0,0,0,1,0,12.144,-1.272,0,38.09,0,0,1,1,0,3,1,0,0,1,0,12192.0,2,1,1,1,0,0,1,0,8.7,268.2,0,0,0,0,0,1
53600,0.0,0.0,0,0,1,0,7.58,0.0,0,0,1,0,12.016,-1.272,0,38.16,0,0,1,1,0,3,1,0,0,1,0,12192.0,2,1,1,1,0,0,1,0,8.5,271.9,0,0,0,0,0,1
53700,0.0,0.0,0,0,1,0,7.58,0.0,0,0,1,0,11.889,-1.272,0,38.01,0,0,1,1,0,3,1,0,0,1,0,12192.0,2,1,1,1,0,0,1,0,7.4,269.6,0,0,0,0,0,1
53800,0.0,0.0,0,0,1,0,7.58,0.0,0,0,1,0,11.762,-1.272,0,38.39,0,0,1,1,0,3,1,0,0,1,0,12192.0,2,1,1,1,0,0,1,0,8.3,277.4,0,0,0,0,0,1
53900,0.0,0.0,0,0,1,0,7.58,0.0,0,0,1,0,11.635,-1.272,0,38.22,0,0,1,1,0,3,1,0,0,1,0,12192.0,2,1,1,1,0,0,1,0,8.6,268.3,0,0,0,0,0,1
54000,0.0,0.0,0,0,1,0,7.58,0.0,0,0,1,0,11.508,-1.272,0,38.01,0,0,1,1,0,3,1,0,0,1,0,12192.0,2,1,1,1,0,0,1,0,8.1,273.6,0,0,0,0,0,1
54100,0.0,0.0,0,0,1,0,7.58,0.0,0,0,1,0,11.38,-1.272,0,38.12,0,0,1,1,0,3,1,0,0,1,0,12192.0,2,1,1,1,0,0,1,0,7.6,272.3,0,0,0,0,0,1
54200,0.0,0.0,0,0,1,0,7.58,0.0,0,0,1,0,11.253,-1.272,0,37.78,0,0,1,1,0,3,1,0,0,1,0,12192.0,2,1,1,1,0,0,1,0,8.1,272.7,0,0,0,0,0,1
54300,0.0,0.0,0,0,1,0,7.58,0.0,0,0,1,0,11.126,-1.272,0,38.28,0,0,1,1,0,3,1,0,0,1,0,12192.0,2,1,1,1,0,0,1,0,7.7,273.2,0,0,0,0,0,1
54400,0.0,0.0,0,0,1,0,7.58,0.0,0,0,1,0,10.999,-1.272,0,38.31,0,0,1,1,0,3,1,0,0,1,0,12192.0,2,1,1,1,0,0,1,0,8.4,268.9,0,0,0,0,0,1
54500,0.0,0.0,0,0,1,0,7.58,0.0,0,0,1,0,10.871,-1.272,0,37.98,0,0,1,1,0,3,1,0,0,1,0,12192.0,2,1,1,1,0,0,1,0,8.0,268.8,0,0,0,0,0,1
54600,0.0,0.0,0,0,1,0,7.58,0.0,0,0,1,0,10.744,-1.272,0,38.2,0,0,1,1,0,3,1,0,0,1,0,12192.0,2,1,1,1,0,0,1,0,8.0,266.5,0,0,0,0,0,1
54700,0.0,0.0,0,0,1,0,7.58,0.0,0,0,1,0,10.617,-1.272,0,38.22,0,0,1,1,0,3,1,0,0,1,0,12192.0,2,1,1,1,0,0,1,0,8.6,270.3,0,0,0,0,0,1
54800,0.0,0.0,0,0,1,0,7.58,0.0,0,0,1,0,10.49,-1.272,0,38.01,0,0,1,1,0,3,1,0,0,1,0,12192.0,2,1,1,1,0,0,1,0,8.7,272.6,0,0,0,0,0,1
54900,0.0,0.0,0,0,1,0,7.58,0.0,0,0,1,0,10.362,-1.272,0,37.84,0,0,1,1,0,3,1,0,0,1,0,12192.0,2,1,1,1,0,0,1,0,8.3,269.0,0,0,0,0,0,1
55000,0.0,0.0,0,0,1,0,7.58,0.0,0,0,1,0,10.235,-1.272,0,37.97,0,0,1,1,0,3,1,0,0,1,0,12192.0,2,1,1,1,0,0,1,0,8.4,265.1,0,0,0,0,0,1
55100,0.0,0.0,0,0,1,0,7.58,0.0,0,0,1,0,10.108,-1.272,0,38.05,0,0,1,1,0,3,1,0,0,1,0,12192.0,2,1,1,1,0,0,1,0,7.6,264.0,0,0,0,0,0,1
55200,0.0,0.0,0,0,1,0,7.58,0.0,0,0,1,0,9.981,-1.272,0,38.23,0,0,1,1,0,3,1,0,0,1,0,12192.0,2,1,1,1,0,0,1,0,8.4,267.1,0,0,0,0,0,1
55300,0.0,0.0,0,0,1,0,7.58,0.0,0,0,1,0,9.854,-1.272,0,38.05,0,0,1,1,0,3,1,0,0,1,0,12192.0,2,1,1,1,0,0,1,0,8.2,267.9,0,0,0,0,0,1
55400,0.0,0.0,0,0,1,0,7.58,0.0,0,0,1,0,9.726,-1.272,0,38.06,0,0,1,1,0,3,1,0,0,1,0,12192.0,2,1,1,1,0,0,1,0,8.3,270.9,0,0,0,0,0,1
55500,0.0,0.0,0,0,1,0,7.58,0.0,0,0,1,0,9.599,-1.272,0,38.05,0,0,1,1,0,3,1,0,0,1,0,12192.0,2,1,1,1,0,0,1,0,9.1,270.9,0,0,0,0,0,1
55600,0.0,0.0,0,0,1,0,7.58,0.0,0,0,1,0,9.472,-1.272,0,38.27,0,0,1,1,0,3,1,0,0,1,0,12192.0,2,1,1,1,0,0,1,0,7.9,271.8,0,0,0,0,0,1
55700,0.0,0.0,0,0,1,0,7.58,0.0,0,0,1,0,9.345,-1.272,0,38.12,0,0,1,1,0,3,1,0,0,1,0,12192.0,2,1,1,1,0,0,1,0,8.6,269.2,0,0,0,0,0,1
55800,0.0,0.0,0,0,1,0,7.58,0.0,0,0,1,0,9.217,-1.272,0,38.23,0,0,1,1,0,3,1,0,0,1,0,12192.0,2,1,1,1,0,0,1,0,9.5,268.0,0,0,0,0,0,1
55900,0.0,0.0,0,0,1,0,7.58,0.0,0,0,1,0,9.09,-1.272,0,38.24,0,0,1,1,0,3,1,0,0,1,0,12192.0,2,1,1,1,0,0,1,0,9.1,272.1,0,0,0,0,0,1
56000,0.0,0.0,0,0,1,0,7.58,0.0,0,0,1,0,8.963,-1.272,0,38.14,0,0,1,1,0,3,1,0,0,1,0,12192.0,2,1,1,1,0,0,1,0,8.9,269.6,0,0,0,0,0,1
56100,0.0,0.0,0,0,1,0,7.58,0.0,0,0,1,0,8.836,-1.272,0,38.17,0,0,1,1,0,3,1,0,0,1,0,12192.0,2,1,1,1,0,0,1,0,9.1,274.4,0,0,0,0,0,1
56200,0.0,0.0,0,0,1,0,7.58,0.0,0,0,1,0,8.709,-1.272,0,38.08,0,0,1,1,0,3,1,0,0,1,0,12192.0,2,1,1,1,0,0,1,0,9.0,269.0,0,0,0,0,0,1
56300,0.0,0.0,0,0,1,0,7.58,0.0,0,0,1,0,8.581,-1.272,0,38.34,0,0,1,1,0,3,1,0,0,1,0,12192.0,2,1,1,1,0,0,1,0,8.0,269.5,0,0,0,0,0,1
56400,0.0,0.0,0,0,1,0,7.58,0.0,0,0,1,0,8.454,-1.272,0,37.82,0,0,1,1,0,3,1,0,0,1,0,12192.0,2,1,1,1,0,0,1,0,7.7,270.2,0,0,0,0,0,1
56500,0.0,0.0,0,0,1,0,7.58,0.0,0,0,1,0,8.327,-1.272,0,38.29,0,0,1,1,0,3,1,0,0,1,0,12192.0,2,1,1,1,0,0,1,0,8.2,269.7,0,0,0,0,0,1
56600,0.0,0.0,0,0,1,0,7.58,0.0,0,0,1,0,8.2,-1.272,0,37.79,0,0,1,1,0,3,1,0,0,1,0,12192.0,2,1,1,1,0,0,1,0,8.2,269.3,0,0,0,0,0,1
56700,0.0,0.0,0,0,1,0,7.58,0.0,0,0,1,0,8.072,-1.272,0,38.13,0,0,1,1,0,3,1,0,0,1,0,12192.0,2,1,1,1,0,0,1,0,8.4,270.1,0,0,0,0,0,1
56800,0.0,0.0,0,0,1,0,7.58,0.0,0,0,1,0,7.945,-1.272,0,38.14,0,0,1,1,0,3,1,0,0,1,0,12192.0,2,1,1,1,0,0,1,0,8.6,269.2,0,0,0,0,0,1
56900,0.0,0.0,0,0,1,0,7.58,0.0,0,0,1,0,7.818,-1.272,0,38.11,0,0,1,1,0,3,1,0,0,1,0,12192.0,2,1,1,1,0,0,1,0,9.2,266.5,0,0,0,0,0,1
57000,0.0,0.0,0,0,1,0,7.58,0.0,0,0,1,0,7.691,-1.272,0,38.45,0,0,1,1,0,3,1,0,0,1,0,12192.0,2,1,1,1,0,0,1,0,8.2,270.6,0,0,0,0,0,1
57100,0.0,0.0,0,0,1,0,7.58,0.0,0,0,1,0,7.563,-1.272,0,38.18,0,0,1,1,0,3,1,0,0,1,0,12192.0,2,1,1,1,0,0,1,0,8.6,274.7,0,0,0,0,0,1
57200,0.0,0.0,0,0,1,0,7.58,0.0,0,0,1,0,7.436,-1.272,0,38.09,0,0,1,1,0,3,1,0,0,1,0,12192.0,2,1,1,1,0,0,1,0,7.8,267.6,0,0,0,0,0,1
57300,0.0,0.0,0,0,1,0,7.58,0.0,0,0,1,0,7.309,-1.272,0,38.22,0,0,1,1,0,3,1,0,0,1,0,12192.0,2,1,1,1,0,0,1,0,7.8,269.5,0,0,0,0,0,1
57400,0.0,0.0,0,0,1,0,7.58,0.0,0,0,1,0,7.182,-1.272,0,38.19,0,0,1,1,0,3,1,0,0,1,0,12192.0,2,1,1,1,0,0,1,0,8.0,269.7,0,0,0,0,0,1
57500,0.0,0.0,0,0,1,0,7.58,0.0,0,0,1,0,7.055,-1.272,0,38.15,0,0,1,1,0,3,1,0,0,1,0,12192.0,2,1,1,1,0,0,1,0,8.4,268.8,0,0,0,0,0,1
57600,0.0,0.0,0,0,1,0,7.58,0.0,0,0,1,0,6.927,-1.272,0,38.14,0,0,1,1,0,3,1,0,0,1,0,12192.0,2,1,1,1,0,0,1,0,8.4,268.3,0,0,0,0,0,1
57700,0.0,0.0,0,0,1,0,7.58,0.0,0,0,1,0,6.8,-1.272,0,37.99,0,0,1,1,0,3,1,0,0,1,0,12192.0,2,1,1,1,0,0,1,0,7.9,266.3,0,0,0,0,0,1
57800,0.0,0.0,0,0,1,0,7.58,0.0,0,0,1,0,6.673,-1.272,0,38.02,0,0,1,1,0,3,1,0,0,1,0,12192.0,2,1,1,1,0,0,1,0,8.2,269.4,0,0,0,0,0,1
57900,0.0,0.0,0,0,1,0,7.58,0.0,0,0,1,0,6.546,-1.272,0,38.17,0,0,1,1,0,3,1,0,0,1,0,12192.0,2,1,1,1,0,0,1,0,7.9,267.6,0,0,0,0,0,1
58000,0.0,0.0,0,0,1,0,7.58,0.0,0,0,1,0,6.418,-1.272,0,37.97,0,0,1,1,0,3,1,0,0,1,0,12192.0,2,1,1,1,0,0,1,0,8.0,269.2,0,0,0,0,0,1
58100,0.0,0.0,0,0,1,0,7.58,0.0,0,0,1,0,6.291,-1.272,0,37.92,0,0,1,1,0,3,1,0,0,1,0,12192.0,2,1,1,1,0,0,1,0,7.5,271.4,0,0,0,0,0,1
58200,0.0,0.0,0,0,1,0,7.58,0.0,0,0,1,0,6.164,-1.272,0,38.0,0,0,1,1,0,3,1,0,0,1,0,12192.0,2,1,1,1,0,0,1,0,7.9,271.7,0,0,0,0,0,1
58300,0.0,0.0,0,0,1,0,7.58,0.0,0,0,1,0,6.037,-1.272,0,38.06,0,0,1,1,0,3,1,0,0,1,0,12192.0,2,1,1,1,0,0,1,0,8.3,274.5,0,0,0,0,0,1
58400,0.0,0.0,0,0,1,0,7.58,0.0,0,0,1,0,5.909,-1.272,0,38.07,0,0,1,1,0,3,1,0,0,1,0,12192.0,2,1,1,1,0,0,1,0,8.8,268.0,0,0,0,0,0,1
58500,0.0,0.0,0,0,1,0,7.58,0.0,0,0,1,0,5.782,-1.272,0,38.24,0,0,1,1,0,3,1,0,0,1,0,12192.0,2,1,1,1,0,0,1,0,8.1,270.4,0,0,0,0,0,1
58600,0.0,0.0,0,0,1,0,7.58,0.0,0,0,1,0,5.655,-1.272,0,38.16,0,0,1,1,0,3,1,0,0,1,0,12192.0,2,1,1,1,0,0,1,0,7.9,263.1,0,0,0,0,0,1
58700,0.0,0.0,0,0,1,0,7.58,0.0,0,0,1,0,5.528,-1.272,0,37.99,0,0,1,1,0,3,1,0,0,1,0,12192.0,2,1,1,1,0,0,1,0,7.8,272.9,0,0,0,0,0,1
58800,0.0,0.0,0,0,1,0,7.58,0.0,0,0,1,0,5.401,-1.272,0,37.94,0,0,1,1,0,3,1,0,0,1,0,12192.0,2,1,1,1,0,0,1,0,8.6,267.9,0,0,0,0,0,1
58900,0.0,0.0,0,0,1,0,7.58,0.0,0,0,1,0,5.273,-1.272,0,38.12,0,0,1,1,0,3,1,0,0,1,0,12192.0,2,1,1,1,0,0,1,0,8.2,268.8,0,0,0,0,0,1
59000,0.0,0.0,0,0,1,0,7.58,0.0,0,0,1,0,5.146,-1.272,0,38.06,0,0,1,1,0,3,1,0,0,1,0,12192.0,2,1,1,1,0,0,1,0,7.1,272.7,0,0,0,0,0,1
59100,0.0,0.0,0,0,1,0,7.58,0.0,0,0,1,0,5.019,-1.272,0,38.14,0,0,1,1,0,3,1,0,0,1,0,12192.0,2,1,1,1,0,0,1,0,7.6,267.8,0,0,0,0,0,1
59200,0.0,0.0,0,0,1,0,7.58,0.0,0,0,1,0,4.892,-1.272,0,37.95,0,0,1,1,0,3,1,0,0,1,0,12192.0,2,1,1,1,0,0,1,0,8.2,272.0,0,0,0,0,0,1
59300,0.0,0.0,0,0,1,0,7.58,0.0,0,0,1,0,4.764,-1.272,0,38.04,0,0,1,1,0,3,1,0,0,1,0,12192.0,2,1,1,1,0,0,1,0,7.4,272.3,0,0,0,0,0,1
59400,0.0,0.0,0,0,1,0,7.58,0.0,0,0,1,0,4.637,-1.272,0,37.99,0,0,1,1,0,3,1,0,0,1,0,12192.0,2,1,1,1,0,0,1,0,8.2,270.3,0,0,0,0,0,1
59500,0.0,0.0,0,0,1,0,7.58,0.0,0,0,1,0,4.51,-1.272,0,38.17,0,0,1,1,0,3,1,0,0,1,0,12192.0,2,1,1,1,0,0,1,0,7.5,269.2,0,0,0,0,0,1
59600,0.0,0.0,0,0,1,0,7.58,0.0,0,0,1,0,4.383,-1.272,0,38.14,0,0,1,1,0,3,1,0,0,1,0,12192.0,2,1,1,1,0,0,1,0,7.6,267.2,0,0,0,0,0,1
59700,0.0,0.0,0,0,1,0,7.58,0.0,0,0,1,0,4.255,-1.272,0,38.0,0,0,1,1,0,3,1,0,0,1,0,12192.0,2,1,1,1,0,0,1,0,7.2,275.1,0,0,0,0,0,1
59800,0.0,0.0,0,0,1,0,7.58,0.0,0,0,1,0,4.128,-1.272,0,38.07,0,0,1,1,0,3,1,0,0,1,0,12192.0,2,1,1,1,0,0,1,0,6.7,270.0,0,0,0,0,0,1
59900,0.0,0.0,0,0,1,0,7.58,0.0,0,0,1,0,4.001,-1.272,0,38.08,0,0,1,1,0,3,1,0,0,1,0,12192.0,2,1,1,1,0,0,1,0,8.1,269.2,0,0,0,0,0,1
60000,0.0,0.0,0,0,1,0,7.58,0.0,0,0,1,0,3.874,-1.272,0,38.08,0,0,1,1,0,3,1,0,0,1,0,12192.0,2,1,1,1,0,0,1,0,6.6,269.5,0,0,0,0,0,1
60100,0.0,0.0,0,0,1,0,7.58,0.0,0,0,1,0,3.747,-1.272,0,38.18,0,0,1,1,0,3,1,0,0,1,0,12192.0,2,1,1,1,0,0,1,0,8.1,267.0,0,0,0,0,0,1
60200,0.0,0.0,0,0,1,0,7.58,0.0,0,0,1,0,3.619,-1.272,0,38.18,0,0,1,1,0,3,1,0,0,1,0,12192.0,2,1,1,1,0,0,1,0,7.5,267.6,0,0,0,0,0,1
60300,0.0,0.0,0,0,1,0,7.58,0.0,0,0,1,0,3.492,-1.272,0,37.92,0,0,1,1,0,3,1,0,0,1,0,12192.0,2,1,1,1,0,0,1,0,7.1,270.2,0,0,0,0,0,1
60400,0.0,0.0,0,0,1,0,7.58,0.0,0,0,1,0,3.365,-1.272,0,38.2,0,0,1,1,0,3,1,0,0,1,0,12192.0,2,1,1,1,0,0,1,0,8.1,270.1,0,0,0,0,0,1
60500,0.0,0.0,0,0,1,0,7.58,0.0,0,0,1,0,3.238,-1.272,0,38.17,0,0,1,1,0,3,1,0,0,1,0,12192.0,2,1,1,1,0,0,1,0,7.4,269.9,0,0,0,0,0,1
60600,0.0,0.0,0,0,1,0,7.58,0.0,0,0,1,0,3.11,-1.272,0,38.15,0,0,1,1,0,3,1,0,0,1,0,12192.0,2,1,1,1,0,0,1,0,7.7,268.2,0,0,0,0,0,1
60700,0.0,0.0,0,0,1,0,7.58,0.0,0,0,1,0,2.983,-1.272,0,38.11,0,0,1,1,0,3,1,0,0,1,0,12192.0,2,1,1,1,0,0,1,0,7.5,269.3,0,0,0,0,0,1
60800,0.0,0.0,0,0,1,0,7.58,0.0,0,0,1,0,2.856,-1.272,0,38.07,0,0,1,1,0,3,1,0,0,1,0,12192.0,2,1,1,1,0,0,1,0,7.8,274.2,0,0,0,0,0,1
60900,0.0,0.0,0,0,1,0,7.58,0.0,0,0,1,0,2.729,-1.272,0,38.33,0,0,1,1,0,3,1,0,0,1,0,12192.0,2,1,1,1,0,0,1,0,7.7,267.7,0,0,0,0,0,1
61000,0.0,0.0,0,0,1,0,7.58,0.0,0,0,1,0,2.601,-1.272,0,38.23,0,0,1,1,0,3,1,0,0,1,0,12192.0,2,1,1,1,0,0,1,0,7.2,270.3,0,0,0,0,0,1
61100,0.0,0.0,0,0,1,0,7.58,0.0,0,0,1,0,2.474,-1.272,0,37.95,0,0,1,1,0,3,1,0,0,1,0,12192.0,2,1,1,1,0,0,1,0,7.2,271.4,0,0,0,0,0,1
61200,0.0,0.0,0,0,1,0,7.58,0.0,0,0,1,0,2.347,-1.272,0,38.09,0,0,1,1,0,3,1,0,0,1,0,12192.0,2,1,1,1,0,0,1,0,8.3,265.2,0,0,0,0,0,1
61300,0.0,0.0,0,0,1,0,7.58,0.0,0,0,1,0,2.224,-1.225,0,41.69,0,0,1,1,0,3,1,0,0,1,0,12192.0,2,1,1,1,0,0,1,0,6.8,273.4,0,0,0,0,0,1
61400,0.0,0.0,0,0,1,0,7.58,0.0,0,0,1,0,2.107,-1.179,0,41.63,0,0,1,1,0,3,1,0,0,1,0,12192.0,2,1,1,1,0,0,1,0,7.5,270.1,0,0,0,0,0,1
61500,0.0,0.0,0,0,1,0,7.58,0.0,0,0,1,0,1.993,-1.132,0,41.8,0,0,1,1,0,3,1,0,0,1,0,12192.0,2,1,1,1,0,0,1,0,7.1,271.3,0,0,0,0,0,1
61600,0.0,0.0,0,0,1,0,7.58,0.0,0,0,1,0,1.885,-1.085,0,41.81,0,0,1,1,0,3,1,0,0,1,0,12192.0,2,1,1,1,0,0,1,0,7.8,274.9,0,0,0,0,0,1
61700,0.0,0.0,0,0,1,0,7.58,0.0,0,0,1,0,1.781,-1.038,0,41.93,0,0,1,1,0,3,1,0,0,1,0,12192.0,2,1,1,1,0,0,1,0,7.6,269.7,0,0,0,0,0,1
61800,0.0,0.0,0,0,1,0,7.58,0.0,0,0,1,0,1.682,-0.991,0,41.95,0,0,1,1,0,3,1,0,0,1,0,12192.0,2,1,1,1,0,0,1,0,8.1,270.0,0,0,0,0,0,1
61900,0.0,0.0,0,0,1,0,7.58,0.0,0,0,1,0,1.588,-0.944,0,41.99,0,0,1,1,0,3,1,0,0,1,0,12192.0,2,1,1,1,0,0,1,0,7.3,273.0,0,0,0,0,0,1
62000,0.0,0.0,0,0,1,0,7.58,0.0,0,0,1,0,1.498,-0.897,0,41.94,0,0,1,1,0,3,1,0,0,1,0,12192.0,2,1,1,1,0,0,1,0,7.2,270.2,0,0,0,0,0,1
62100,0.0,0.0,0,0,1,0,7.58,0.0,0,0,1,0,1.413,-0.85,0,41.96,0,0,1,1,0,3,1,0,0,1,0,12192.0,2,1,1,1,0,0,1,0,7.6,270.9,0,0,0,0,0,1
62200,0.0,0.0,0,0,1,0,7.58,0.0,0,0,1,0,1.333,-0.804,0,42.07,0,0,1,1,0,3,1,0,0,1,0,12192.0,2,1,1,1,0,0,1,0,7.1,272.2,0,0,0,0,0,1
62300,0.0,0.0,0,0,1,0,7.58,0.0,0,0,1,0,1.257,-0.757,0,42.03,0,0,1,1,0,3,1,0,0,1,0,12192.0,2,1,1,1,0,0,1,0,7.1,271.2,0,0,0,0,0,1
62400,0.0,0.0,0,0,1,0,7.58,0.0,0,0,1,0,1.186,-0.71,0,41.89,0,0,1,1,0,3,1,0,0,1,0,12192.0,2,1,1,1,0,0,1,0,8.0,271.5,0,0,0,0,0,1
62500,0.0,0.0,0,0,1,0,7.58,0.0,0,0,1,0,1.115,-0.711,0,37.94,0,0,1,1,0,3,1,0,0,1,0,12192.0,2,1,1,1,0,0,1,0,7.2,268.2,0,0,0,0,0,1
62600,0.0,0.0,0,0,1,0,7.58,0.0,0,0,1,0,1.049,-0.662,0,41.87,0,0,1,1,0,3,1,0,0,1,0,12192.0,2,1,1,1,0,0,1,0,7.9,271.2,0,0,0,0,0,1
62700,0.0,0.0,0,0,1,0,7.58,0.0,0,0,1,0,0.987,-0.613,0,41.92,0,0,1,1,0,3,1,0,0,1,0,12192.0,2,1,1,1,0,0,1,0,7.0,268.6,0,0,0,0,0,1
62800,0.0,0.0,0,0,1,0,7.58,0.0,0,0,1,0,0.931,-0.565,0,42.14,0,0,1,1,0,3,1,0,0,1,0,12192.0,2,1,1,1,0,0,1,0,8.0,271.6,0,0,0,0,0,1
62900,0.0,0.0,0,0,1,0,7.58,0.0,0,0,1,0,0.879,-0.516,0,41.81,0,0,1,1,0,3,1,0,0,1,0,12192.0,2,1,1,1,0,0,1,0,8.0,273.8,0,0,0,0,0,1
63000,0.0,0.0,0,0,1,0,7.58,0.0,0,0,1,0,0.833,-0.466,0,41.92,0,0,1,1,0,3,1,0,0,1,0,12192.0,2,1,1,1,0,0,1,0,7.7,274.0,0,0,0,0,0,1
63100,0.0,0.0,0,0,1,0,7.58,0.0,0,0,1,0,0.791,-0.417,0,41.78,0,0,1,1,0,3,1,0,0,1,0,12192.0,2,1,1,1,0,0,1,0,8.4,269.5,0,0,0,0,0,1
63200,0.0,0.0,0,0,1,0,7.58,0.0,0,0,1,0,0.754,-0.367,0,41.75,0,0,1,1,0,3,1,0,0,1,0,12192.0,2,1,1,1,0,0,1,0,8.3,270.2,0,0,0,0,0,1
63300,0.0,0.0,0,0,1,0,7.58,0.0,0,0,1,0,0.723,-0.317,0,41.99,0,0,1,1,0,3,1,0,0,1,0,12192.0,2,1,1,1,0,0,1,0,8.3,267.4,0,0,0,0,0,1
63400,0.0,0.0,0,0,1,0,7.58,0.0,0,0,1,0,0.696,-0.266,0,41.86,0,0,1,1,0,3,1,0,0,1,0,12192.0,2,1,1,1,0,0,1,0,7.9,272.3,0,0,0,0,0,1
63500,0.0,0.0,0,0,1,0,7.58,0.0,0,0,1,0,0.675,-0.214,0,41.97,0,0,1,1,0,3,1,0,0,1,0,12192.0,2,1,1,1,0,0,1,0,8.9,270.7,0,0,0,0,0,1
63600,0.0,0.0,0,0,1,0,7.58,0.0,0,0,1,0,0.659,-0.16,0,41.96,0,0,1,1,0,3,1,0,0,1,0,12192.0,2,1,1,1,0,0,1,0,9.4,267.0,0,0,0,0,0,1
63700,0.0,0.0,0,0,1,0,7.58,0.0,0,0,1,0,0.648,-0.103,0,41.87,0,0,1,1,0,3,1,0,0,1,0,12192.0,2,1,1,1,0,0,1,0,8.9,266.7,0,0,0,0,0,1
63800,0.0,0.0,0,0,0,0,7.58,0.0,0,0,0,0,0.644,0.0,0,39.89,0,0,0,0,0,3,1,0,0,1,0,12192.0,2,1,1,0,1,0,1,0,8.5,271.1,0,0,0,0,0,1
63900,0.0,0.0,0,0,0,0,7.58,0.0,0,0,0,0,0.644,0.0,0,39.78,0,0,0,0,0,3,1,0,1,1,0,12192.0,2,1,1,0,1,0,1,0,8.6,264.4,0,0,0,0,0,1
64000,0.0,0.0,0,0,0,0,7.58,0.0,0,0,0,0,0.644,0.0,0,40.01,0,0,0,0,0,3,1,0,1,1,0,12192.0,2,1,1,0,1,0,1,0,9.0,272.0,0,0,0,0,0,1
64100,0.0,0.0,0,0,0,0,7.58,0.0,0,0,0,0,0.644,0.0,0,40.11,0,0,0,0,0,3,1,0,1,1,0,12192.0,2,1,1,0,1,0,1,0,8.4,274.3,0,0,0,0,0,1
64200,0.0,0.0,0,0,0,0,7.58,0.0,0,0,0,0,0.644,0.0,0,39.9,0,0,0,0,0,3,1,0,1,1,0,12192.0,2,1,1,0,1,0,1,0,8.8,268.4,0,0,0,0,0,1
64300,0.0,0.0,0,0,0,0,7.58,0.0,0,0,0,0,0.644,0.0,0,39.93,0,0,0,0,0,3,1,0,1,1,0,12192.0,2,1,1,0,1,0,1,0,8.0,269.4,0,0,0,0,0,1
64400,0.0,0.0,0,0,0,0,7.58,0.0,0,0,0,0,0.644,0.0,0,40.08,0,0,0,0,0,3,1,0,1,1,0,12192.0,2,1,1,0,1,0,1,0,7.8,271.1,0,0,0,0,0,1
64500,0.0,0.0,0,0,0,0,7.58,0.0,0,0,0,0,0.644,0.0,0,39.96,0,0,0,0,0,3,1,0,1,1,0,12192.0,2,1,1,0,1,0,1,0,8.5,265.8,0,0,0,0,0,1
64600,0.0,0.0,0,0,0,0,7.58,0.0,0,0,0,0,0.644,0.0,0,40.08,0,0,0,0,0,3,1,0,1,1,0,12192.0,2,1,1,0,1,0,1,0,9.1,268.1,0,0,0,0,0,1
64700,0.0,0.0,0,0,0,0,7.58,0.0,0,0,0,0,0.644,0.0,0,40.08,0,0,0,0,0,3,1,0,1,1,0,12192.0,2,1,1,0,1,0,1,0,8.5,269.5,0,0,0,0,0,1
64800,0.0,0.0,0,0,0,0,7.58,0.0,0,0,0,0,0.644,0.0,0,39.99,0,0,0,0,0,3,1,0,1,1,0,12192.0,2,1,1,0,1,0,1,0,8.8,269.7,0,0,0,0,0,1
64900,0.0,0.0,0,0,0,0,7.58,0.0,0,0,0,0,0.644,0.0,0,0.0,0,0,0,0,0,3,0,1,1,1,0,12192.0,2,1,1,0,1,0,1,0,8.5,270.4,0,0,0,0,0,1
65000,0.0,0.0,0,0,0,0,7.58,0.0,0,0,0,0,0.644,0.0,0,0.0,0,0,0,0,0,3,0,1,1,1,0,12192.0,2,1,1,0,1,0,1,0,8.6,270.5,0,0,0,0,0,1
65100,0.0,0.0,0,0,0,0,7.58,0.0,0,0,0,0,0.644,0.0,0,0.0,0,0,0,0,0,3,0,1,1,1,0,12192.0,2,1,1,0,1,0,1,0,8.7,269.8,0,0,0,0,0,1
65200,0.0,0.0,0,0,0,0,7.58,0.0,0,0,0,0,0.644,0.0,0,0.0,0,0,0,0,0,3,0,1,1,1,0,12192.0,2,1,1,0,1,0,1,0,8.8,268.6,0,0,0,0,0,1
65300,0.0,0.0,0,0,0,0,7.58,0.0,0,0,0,0,0.644,0.0,0,0.0,0,0,0,0,0,3,0,1,1,1,0,12192.0,2,1,1,0,1,0,1,0,8.8,277.3,0,0,0,0,0,1
65400,0.0,0.0,0,0,0,0,7.58,0.0,0,0,0,0,0.644,0.0,0,0.0,0,0,0,0,0,3,0,1,1,1,0,12192.0,2,1,1,0,1,0,1,0,7.9,271.0,0,0,0,0,0,1
65500,0.0,0.0,0,0,0,0,7.58,0.0,0,0,0,0,0.644,0.0,0,0.0,0,0,0,0,0,3,0,1,1,1,0,12192.0,2,1,1,0,1,0,1,0,8.9,263.9,0,0,0,0,0,1
65600,0.0,0.0,0,0,0,0,7.58,0.0,0,0,0,0,0.644,0.0,0,0.0,0,0,0,0,0,3,0,1,1,1,0,12192.0,2,1,1,0,1,0,1,0,8.8,271.2,0,0,0,0,0,1
65700,0.0,0.0,0,0,0,0,7.58,0.0,0,0,0,0,0.644,0.0,0,0.0,0,0,0,0,0,3,0,1,1,1,0,12192.0,2,1,1,0,1,0,1,0,8.2,269.7,0,0,0,0,0,1
65800,0.0,0.0,0,0,0,0,7.58,0.0,0,0,0,0,0.644,0.0,0,0.0,0,0,0,0,0,3,0,1,1,1,0,12192.0,2,1,1,0,1,0,1,0,8.8,274.0,0,0,0,0,0,1
65900,0.0,0.0,0,0,0,0,7.58,0.0,0,0,0,0,0.644,0.0,0,0.0,0,0,0,0,0,3,0,1,1,1,0,12192.0,2,1,1,0,1,0,1,0,9.0,271.1,0,0,0,0,0,1
66000,0.0,0.0,0,0,0,0,7.58,0.0,0,0,0,0,0.644,0.0,0,0.0,0,0,0,0,0,3,0,1,1,1,0,12192.0,2,1,1,0,1,0,1,0,8.0,270.6,0,0,0,0,0,1
66100,0.0,0.0,0,0,0,0,7.58,0.0,0,0,0,0,0.644,0.0,0,0.0,0,0,0,0,0,3,0,1,1,1,0,12192.0,2,1,1,0,1,0,1,0,8.0,267.3,0,0,0,0,0,1
66200,0.0,0.0,0,0,0,0,7.58,0.0,0,0,0,0,0.644,0.0,0,0.0,0,0,0,0,0,3,0,1,1,1,0,12192.0,2,1,1,0,1,0,1,0,8.7,271.8,0,0,0,0,0,1
66300,0.0,0.0,0,0,0,0,7.58,0.0,0,0,0,0,0.644,0.0,0,0.0,0,0,0,0,0,3,0,1,1,1,0,12192.0,2,1,1,0,1,0,1,0,8.5,273.2,0,0,0,0,0,1
66400,0.0,0.0,0,0,0,0,7.58,0.0,0,0,0,0,0.644,0.0,0,0.0,0,0,0,0,0,3,0,1,1,1,0,12192.0,2,1,1,0,1,0,1,0,8.4,270.4,0,0,0,0,0,1
66500,0.0,0.0,0,0,0,0,7.58,0.0,0,0,0,0,0.644,0.0,0,0.0,0,0,0,0,0,3,0,1,1,1,0,12192.0,2,1,1,0,1,0,1,0,8.5,276.0,0,0,0,0,0,1
66600,0.0,0.0,0,0,0,0,7.58,0.0,0,0,0,0,0.644,0.0,0,0.0,0,0,0,0,0,3,0,1,1,1,0,12192.0,2,1,1,0,1,0,1,0,8.2,277.0,0,0,0,0,0,1
66700,0.0,0.0,0,0,1,0,7.58,0.0,0,0,1,0,0.648,0.047,1,0.0,0,0,1,1,0,3,0,1,0,0,0,12192.0,2,1,1,1,0,0,1,0,7.9,269.4,0,0,0,0,0,1
66800,0.0,0.0,0,0,1,0,7.58,0.0,0,0,1,0,0.658,0.094,1,0.0,0,0,1,1,0,3,0,1,0,0,0,12192.0,2,1,1,1,0,0,1,0,7.8,271.1,0,0,0,0,0,1
66900,0.0,0.0,0,0,1,0,7.58,0.0,0,0,1,0,0.672,0.141,1,0.0,0,0,1,1,0,3,0,1,0,0,0,12192.0,2,1,1,1,0,0,1,0,7.9,272.0,0,0,0,0,0,1
67000,0.0,0.0,0,0,1,0,7.58,0.0,0,0,1,0,0.69,0.188,1,0.0,0,0,1,1,0,3,0,1,0,0,0,12192.0,2,1,1,1,0,0,1,0,8.5,267.5,0,0,0,0,0,1
67100,0.0,0.0,0,0,1,0,7.58,0.0,0,0,1,0,0.714,0.234,1,0.0,0,0,1,1,0,3,0,1,0,0,0,12192.0,2,1,1,1,0,0,1,0,7.8,272.7,0,0,0,0,0,1
67200,0.0,0.0,0,0,1,0,7.58,0.0,0,0,1,0,0.742,0.281,1,0.0,0,0,1,1,0,3,0,1,0,0,0,12192.0,2,1,1,1,0,0,1,0,8.5,266.0,0,0,0,0,0,1
67300,0.0,0.0,0,0,1,0,7.58,0.0,0,0,1,0,0.775,0.328,1,0.0,0,0,1,1,0,3,0,1,0,0,0,12192.0,2,1,1,1,0,0,1,0,8.7,266.1,0,0,0,0,0,1
67400,0.0,0.0,0,0,1,0,7.58,0.0,0,0,1,0,0.812,0.375,1,0.0,0,0,1,1,0,3,0,1,0,0,0,12192.0,2,1,1,1,0,0,1,0,7.7,271.8,0,0,0,0,0,1
67500,0.0,0.0,0,0,1,0,7.58,0.0,0,0,1,0,0.855,0.422,1,0.0,0,0,1,1,0,3,0,1,0,0,0,12192.0,2,1,1,1,0,0,1,0,8.1,266.2,0,0,0,0,0,1
67600,0.0,0.0,0,0,1,0,7.58,0.0,0,0,1,0,0.901,0.469,1,0.0,0,0,1,1,0,3,0,1,0,0,0,12192.0,2,1,1,1,0,0,1,0,8.0,274.5,0,0,0,0,0,1
67700,0.0,0.0,0,0,1,0,7.58,0.0,0,0,1,0,0.953,0.516,1,0.0,0,0,1,1,0,3,0,1,0,0,0,12192.0,2,1,1,1,0,0,1,0,8.4,267.7,0,0,0,0,0,1
67800,0.0,0.0,0,0,1,0,7.58,0.0,0,0,1,0,1.009,0.563,1,0.0,0,0,1,1,0,3,0,1,0,0,0,12192.0,2,1,1,1,0,0,1,0,7.3,270.5,0,0,0,0,0,1
67900,0.0,0.0,0,0,1,0,7.58,0.0,0,0,1,0,1.07,0.609,1,0.0,0,0,1,1,0,3,0,1,0,0,0,12192.0,2,1,1,1,0,0,1,0,8.3,272.7,0,0,0,0,0,1
68000,0.0,0.0,0,0,1,0,7.58,0.0,0,0,1,0,1.136,0.656,1,0.0,0,0,1,1,0,3,0,1,0,0,0,12192.0,2,1,1,1,0,0,1,0,7.7,269.9,0,0,0,0,0,1
68100,0.0,0.0,0,0,1,0,7.58,0.0,0,0,1,0,1.206,0.703,1,0.0,0,0,1,1,0,3,0,1,0,0,0,12192.0,2,1,1,1,0,0,1,0,8.2,271.2,0,0,0,0,0,1
68200,0.0,0.0,0,0,1,0,7.58,0.0,0,0,1,0,1.281,0.75,1,0.0,0,0,1,1,0,3,0,1,0,0,0,12192.0,2,1,1,1,0,0,1,0,7.5,273.9,0,0,0,0,0,1
68300,0.0,0.0,0,0,1,0,7.58,0.0,0,0,1,0,1.361,0.797,1,0.0,0,0,1,1,0,3,0,1,0,0,0,12192.0,2,1,1,1,0,0,1,0,7.5,267.8,0,0,0,0,0,1
68400,0.0,0.0,0,0,1,0,7.58,0.0,0,0,1,0,1.445,0.844,1,0.0,0,0,1,1,0,3,0,1,0,0,0,12192.0,2,1,1,1,0,0,1,0,7.9,268.4,0,0,0,0,0,1
68500,0.0,0.0,0,0,1,0,7.58,0.0,0,0,1,0,1.534,0.891,1,0.0,0,0,1,1,0,3,0,1,0,0,0,12192.0,2,1,1,1,0,0,1,0,7.4,271.4,0,0,0,0,0,1
68600,0.0,0.0,0,0,1,0,7.58,0.0,0,0,1,0,1.628,0.938,1,0.0,0,0,1,1,0,3,0,1,0,0,0,12192.0,2,1,1,1,0,0,1,0,7.4,270.3,0,0,0,0,0,1
68700,0.0,0.0,0,0,1,0,7.58,0.0,0,0,1,0,1.726,0.984,1,0.0,0,0,1,1,0,3,0,1,0,0,0,12192.0,2,1,1,1,0,0,1,0,7.8,269.5,0,0,0,0,0,1
68800,0.0,0.0,0,0,1,0,7.58,0.0,0,0,1,0,1.83,1.031,1,0.0,0,0,1,1,0,3,0,1,0,0,0,12192.0,2,1,1,1,0,0,1,0,6.7,271.6,0,0,0,0,0,1
68900,0.0,0.0,0,0,1,0,7.58,0.0,0,0,1,0,1.937,1.078,1,0.0,0,0,1,1,0,3,0,1,0,0,0,12192.0,2,1,1,1,0,0,1,0,7.0,268.4,0,0,0,0,0,1
69000,0.0,0.0,0,0,1,0,7.58,0.0,0,0,1,0,2.05,1.125,1,0.0,0,0,1,1,0,3,0,1,0,0,0,12192.0,2,1,1,1,0,0,1,0,7.3,271.7,0,0,0,0,0,1
69100,0.0,0.0,0,0,1,0,7.58,0.0,0,0,1,0,2.167,1.172,1,0.0,0,0,1,1,0,3,0,1,0,0,0,12192.0,2,1,1,1,0,0,1,0,7.7,271.5,0,0,0,0,0,1
69200,0.0,0.0,0,0,1,0,7.58,0.0,0,0,1,0,2.289,1.219,1,0.0,0,0,1,1,0,3,0,1,0,0,0,12192.0,2,1,1,1,0,0,1,0,7.3,266.4,0,0,0,0,0,1
69300,0.0,0.0,0,0,1,0,7.58,0.0,0,0,1,0,2.416,1.266,1,0.0,0,0,1,1,0,3,0,1,0,0,0,12192.0,2,1,1,1,0,0,1,0,7.8,272.0,0,0,0,0,0,1
69400,0.0,0.0,0,0,1,0,7.58,0.0,0,0,1,0,2.543,1.272,1,0.0,0,0,1,1,0,3,0,1,0,0,0,12192.0,2,1,1,1,0,0,1,0,7.5,273.3,0,0,0,0,0,1
69500,0.0,0.0,0,0,1,0,7.58,0.0,0,0,1,0,2.67,1.272,1,0.0,0,0,1,1,0,3,0,1,0,0,0,12192.0,2,1,1,1,0,0,1,0,7.6,271.8,0,0,0,0,0,1
69600,0.0,0.0,0,0,1,0,7.58,0.0,0,0,1,0,2.797,1.272,1,0.0,0,0,1,1,0,3,0,1,0,0,0,12192.0,2,1,1,1,0,0,1,0,7.0,266.4,0,0,0,0,0,1
69700,0.0,0.0,0,0,1,0,7.58,0.0,0,0,1,0,2.924,1.272,1,0.0,0,0,1,1,0,3,0,1,0,0,0,12192.0,2,1,1,1,0,0,1,0,7.7,271.7,0,0,0,0,0,1
69800,0.0,0.0,0,0,1,0,7.58,0.0,0,0,1,0,3.052,1.272,1,0.0,0,0,1,1,0,3,0,1,0,0,0,12192.0,2,1,1,1,0,0,1,0,7.8,268.1,0,0,0,0,0,1
69900,0.0,0.0,0,0,1,0,7.58,0.0,0,0,1,0,3.179,1.272,1,0.0,0,0,1,1,0,3,0,1,0,0,0,12192.0,2,1,1,1,0,0,1,0,7.3,267.2,0,0,0,0,0,1
70000,0.0,0.0,0,0,1,0,7.58,0.0,0,0,1,0,3.306,1.272,1,0.0,0,0,1,1,0,3,0,1,0,0,0,12192.0,2,1,1,1,0,0,1,0,7.4,273.5,0,0,0,0,0,1
70100,0.0,0.0,0,0,1,0,7.58,0.0,0,0,1,0,3.433,1.272,1,0.0,0,0,1,1,0,3,0,1,0,0,0,12192.0,2,1,1,1,0,0,1,0,7.5,270.5,0,0,0,0,0,1
70200,0.0,0.0,0,0,1,0,7.58,0.0,0,0,1,0,3.561,1.272,1,0.0,0,0,1,1,0,3,0,1,0,0,0,12192.0,2,1,1,1,0,0,1,0,7.3,272.8,0,0,0,0,0,1
70300,0.0,0.0,0,0,1,0,7.58,0.0,0,0,1,0,3.688,1.272,1,0.0,0,0,1,1,0,3,0,1,0,0,0,12192.0,2,1,1,1,0,0,1,0,8.0,271.5,0,0,0,0,0,1
70400,0.0,0.0,0,0,1,0,7.58,0.0,0,0,1,0,3.815,1.272,1,0.0,0,0,1,1,0,3,0,1,0,0,0,12192.0,2,1,1,1,0,0,1,0,6.9,269.5,0,0,0,0,0,1
70500,0.0,0.0,0,0,1,0,7.58,0.0,0,0,1,0,3.942,1.272,1,0.0,0,0,1,1,0,3,0,1,0,0,0,12192.0,2,1,1,1,0,0,1,0,7.4,270.9,0,0,0,0,0,1
70600,0.0,0.0,0,0,1,0,7.58,0.0,0,0,1,0,4.07,1.272,1,0.0,0,0,1,1,0,3,0,1,0,0,0,12192.0,2,1,1,1,0,0,1,0,8.3,269.0,0,0,0,0,0,1
70700,0.0,0.0,0,0,1,0,7.58,0.0,0,0,1,0,4.197,1.272,1,0.0,0,0,1,1,0,3,0,1,0,0,0,12192.0,2,1,1,1,0,0,1,0,8.5,270.8,0,0,0,0,0,1
70800,0.0,0.0,0,0,1,0,7.58,0.0,0,0,1,0,4.324,1.272,1,0.0,0,0,1,1,0,3,0,1,0,0,0,12192.0,2,1,1,1,0,0,1,0,7.6,273.6,0,0,0,0,0,1
70900,0.0,0.0,0,0,1,0,7.58,0.0,0,0,1,0,4.451,1.272,1,0.0,0,0,1,1,0,3,0,1,0,0,0,12192.0,2,1,1,1,0,0,1,0,7.2,269.4,0,0,0,0,0,1
71000,0.0,0.0,0,0,1,0,7.58,0.0,0,0,1,0,4.578,1.272,1,0.0,0,0,1,1,0,3,0,1,0,0,0,12192.0,2,1,1,1,0,0,1,0,7.6,269.7,0,0,0,0,0,1
71100,0.0,0.0,0,0,1,0,7.58,0.0,0,0,1,0,4.706,1.272,1,0.0,0,0,1,1,0,3,0,1,0,0,0,12192.0,2,1,1,1,0,0,1,0,7.4,266.3,0,0,0,0,0,1
71200,0.0,0.0,0,0,1,0,7.58,0.0,0,0,1,0,4.833,1.272,1,0.0,0,0,1,1,0,3,0,1,0,0,0,12192.0,2,1,1,1,0,0,1,0,7.8,272.0,0,0,0,0,0,1
71300,0.0,0.0,0,0,1,0,7.58,0.0,0,0,1,0,4.96,1.272,1,0.0,0,0,1,1,0,3,0,1,0,0,0,12192.0,2,1,1,1,0,0,1,0,8.4,270.5,0,0,0,0,0,1
71400,0.0,0.0,0,0,1,0,7.58,0.0,0,0,1,0,5.087,1.272,1,0.0,0,0,1,1,0,3,0,1,0,0,0,12192.0,2,1,1,1,0,0,1,0,8.0,268.1,0,0,0,0,0,1
71500,0.0,0.0,0,0,1,0,7.58,0.0,0,0,1,0,5.215,1.272,1,0.0,0,0,1,1,0,3,0,1,0,0,0,12192.0,2,1,1,1,0,0,1,0,7.1,265.5,0,0,0,0,0,1
71600,0.0,0.0,0,0,1,0,7.58,0.0,0,0,1,0,5.342,1.272,1,0.0,0,0,1,1,0,3,0,1,0,0,0,12192.0,2,1,1,1,0,0,1,0,7.3,272.2,0,0,0,0,0,1
71700,0.0,0.0,0,0,1,0,7.58,0.0,0,0,1,0,5.469,1.272,1,0.0,0,0,1,1,0,3,0,1,0,0,0,12192.0,2,1,1,1,0,0,1,0,7.6,264.6,0,0,0,0,0,1
71800,0.0,0.0,0,0,1,0,7.58,0.0,0,0,1,0,5.596,1.272,1,0.0,0,0,1,1,0,3,0,1,0,0,0,12192.0,2,1,1,1,0,0,1,0,8.2,267.7,0,0,0,0,0,1
71900,0.0,0.0,0,0,1,0,7.58,0.0,0,0,1,0,5.724,1.272,1,0.0,0,0,1,1,0,3,0,1,0,0,0,12192.0,2,1,1,1,0,0,1,0,7.9,275.3,0,0,0,0,0,1
72000,0.0,0.0,0,0,1,0,7.58,0.0,0,0,1,0,5.851,1.272,1,0.0,0,0,1,1,0,3,0,1,0,0,0,12192.0,2,1,1,1,0,0,1,0,8.0,269.2,0,0,0,0,0,1
72100,0.0,0.0,0,0,1,0,7.58,0.0,0,0,1,0,5.978,1.272,1,0.0,0,0,1,1,0,3,0,1,0,0,0,12192.0,2,1,1,1,0,0,1,0,8.6,268.2,0,0,0,0,0,1
72200,0.0,0.0,0,0,1,0,7.58,0.0,0,0,1,0,6.105,1.272,1,0.0,0,0,1,1,0,3,0,1,0,0,0,12192.0,2,1,1,1,0,0,1,0,8.2,269.4,0,0,0,0,0,1
72300,0.0,0.0,0,0,1,0,7.58,0.0,0,0,1,0,6.232,1.272,1,0.0,0,0,1,1,0,3,0,1,0,0,0,12192.0,2,1,1,1,0,0,1,0,8.4,268.9,0,0,0,0,0,1
72400,0.0,0.0,0,0,1,0,7.58,0.0,0,0,1,0,6.36,1.272,1,0.0,0,0,1,1,0,3,0,1,0,0,0,12192.0,2,1,1,1,0,0,1,0,9.2,272.7,0,0,0,0,0,1
72500,0.0,0.0,0,0,1,0,7.58,0.0,0,0,1,0,6.487,1.272,1,0.0,0,0,1,1,0,3,0,1,0,0,0,12192.0,2,1,1,1,0,0,1,0,8.3,269.3,0,0,0,0,0,1
72600,0.0,0.0,0,0,1,0,7.58,0.0,0,0,1,0,6.614,1.272,1,0.0,0,0,1,1,0,3,0,1,0,0,0,12192.0,2,1,1,1,0,0,1,0,8.8,266.8,0,0,0,0,0,1
72700,0.0,0.0,0,0,1,0,7.58,0.0,0,0,1,0,6.741,1.272,1,0.0,0,0,1,1,0,3,0,1,0,0,0,12192.0,2,1,1,1,0,0,1,0,8.1,271.4,0,0,0,0,0,1
72800,0.0,0.0,0,0,1,0,7.58,0.0,0,0,1,0,6.869,1.272,1,0.0,0,0,1,1,0,3,0,1,0,0,0,12192.0,2,1,1,1,0,0,1,0,8.6,273.2,0,0,0,0,0,1
72900,0.0,0.0,0,0,1,0,7.58,0.0,0,0,1,0,6.996,1.272,1,0.0,0,0,1,1,0,3,0,1,0,0,0,12192.0,2,1,1,1,0,0,1,0,7.9,270.0,0,0,0,0,0,1
73000,0.0,0.0,0,0,1,0,7.58,0.0,0,0,1,0,7.123,1.272,1,0.0,0,0,1,1,0,3,0,1,0,0,0,12192.0,2,1,1,1,0,0,1,0,7.8,268.8,0,0,0,0,0,1
73100,0.0,0.0,0,0,1,0,7.58,0.0,0,0,1,0,7.25,1.272,1,0.0,0,0,1,1,0,3,0,1,0,0,0,12192.0,2,1,1,1,0,0,1,0,8.2,271.7,0,0,0,0,0,1
73200,0.0,0.0,0,0,1,0,7.58,0.0,0,0,1,0,7.378,1.272,1,0.0,0,0,1,1,0,3,0,1,0,0,0,12192.0,2,1,1,1,0,0,1,0,8.4,271.2,0,0,0,0,0,1
73300,0.0,0.0,0,0,1,0,7.58,0.0,0,0,1,0,7.505,1.272,1,0.0,0,0,1,1,0,3,0,1,0,0,0,12192.0,2,1,1,1,0,0,1,0,8.2,265.1,0,0,0,0,0,1
73400,0.0,0.0,0,0,1,0,7.58,0.0,0,0,1,0,7.632,1.272,1,0.0,0,0,1,1,0,3,0,1,0,0,0,12192.0,2,1,1,1,0,0,1,0,8.3,269.0,0,0,0,0,0,1
73500,0.0,0.0,0,0,1,0,7.58,0.0,0,0,1,0,7.759,1.272,1,0.0,0,0,1,1,0,3,0,1,0,0,0,12192.0,2,1,1,1,0,0,1,0,7.9,268.7,0,0,0,0,0,1
73600,0.0,0.0,0,0,1,0,7.58,0.0,0,0,1,0,7.886,1.272,1,0.0,0,0,1,1,0,3,0,1,0,0,0,12192.0,2,1,1,1,0,0,1,0,9.4,273.8,0,0,0,0,0,1
73700,0.0,0.0,0,0,1,0,7.58,0.0,0,0,1,0,8.014,1.272,1,0.0,0,0,1,1,0,3,0,1,0,0,0,12192.0,2,1,1,1,0,0,1,0,9.4,270.7,0,0,0,0,0,1
73800,0.0,0.0,0,0,1,0,7.58,0.0,0,0,1,0,8.141,1.272,1,0.0,0,0,1,1,0,3,0,1,0,0,0,12192.0,2,1,1,1,0,0,1,0,8.4,271.2,0,0,0,0,0,1
73900,0.0,0.0,0,0,1,0,7.58,0.0,0,0,1,0,8.268,1.272,1,0.0,0,0,1,1,0,3,0,1,0,0,0,12192.0,2,1,1,1,0,0,1,0,8.7,264.7,0,0,0,0,0,1
74000,0.0,0.0,0,0,1,0,7.58,0.0,0,0,1,0,8.395,1.272,1,0.0,0,0,1,1,0,3,0,1,0,0,0,12192.0,2,1,1,1,0,0,1,0,8.5,271.4,0,0,0,0,0,1
74100,0.0,0.0,0,0,1,0,7.58,0.0,0,0,1,0,8.523,1.272,1,0.0,0,0,1,1,0,3,0,1,0,0,0,12192.0,2,1,1,1,0,0,1,0,8.8,268.4,0,0,0,0,0,1
74200,0.0,0.0,0,0,1,0,7.58,0.0,0,0,1,0,8.65,1.272,1,0.0,0,0,1,1,0,3,0,1,0,0,0,12192.0,2,1,1,1,0,0,1,0,8.6,271.3,0,0,0,0,0,1
74300,0.0,0.0,0,0,1,0,7.58,0.0,0,0,1,0,8.777,1.272,1,0.0,0,0,1,1,0,3,0,1,0,0,0,12192.0,2,1,1,1,0,0,1,0,8.2,264.5,0,0,0,0,0,1
74400,0.0,0.0,0,0,1,0,7.58,0.0,0,0,1,0,8.904,1.272,1,0.0,0,0,1,1,0,3,0,1,0,0,0,12192.0,2,1,1,1,0,0,1,0,7.8,271.0,0,0,0,0,0,1
74500,0.0,0.0,0,0,1,0,7.58,0.0,0,0,1,0,9.032,1.272,1,0.0,0,0,1,1,0,3,0,1,0,0,0,12192.0,2,1,1,1,0,0,1,0,9.2,268.6,0,0,0,0,0,1
74600,0.0,0.0,0,0,1,0,7.58,0.0,0,0,1,0,9.159,1.272,1,0.0,0,0,1,1,0,3,0,1,0,0,0,12192.0,2,1,1,1,0,0,1,0,8.1,272.3,0,0,0,0,0,1
74700,0.0,0.0,0,0,1,0,7.58,0.0,0,0,1,0,9.286,1.272,1,0.0,0,0,1,1,0,3,0,1,0,0,0,12192.0,2,1,1,1,0,0,1,0,8.9,274.8,0,0,0,0,0,1
74800,0.0,0.0,0,0,1,0,7.58,0.0,0,0,1,0,9.413,1.272,1,0.0,0,0,1,1,0,3,0,1,0,0,0,12192.0,2,1,1,1,0,0,1,0,8.4,267.6,0,0,0,0,0,1
74900,0.0,0.0,0,0,1,0,7.58,0.0,0,0,1,0,9.54,1.272,1,0.0,0,0,1,1,0,3,0,1,0,0,0,12192.0,2,1,1,1,0,0,1,0,8.3,269.8,0,0,0,0,0,1
75000,0.0,0.0,0,0,1,0,7.58,0.0,0,0,1,0,9.668,1.272,1,0.0,0,0,1,1,0,3,0,1,0,0,0,12192.0,2,1,1,1,0,0,1,0,8.6,265.6,0,0,0,0,0,1
75100,0.0,0.0,0,0,1,0,7.58,0.0,0,0,1,0,9.795,1.272,1,0.0,0,0,1,1,0,3,0,1,0,0,0,12192.0,2,1,1,1,0,0,1,0,8.6,269.3,0,0,0,0,0,1
75200,0.0,0.0,0,0,1,0,7.58,0.0,0,0,1,0,9.922,1.272,1,0.0,0,0,1,1,0,3,0,1,0,0,0,12192.0,2,1,1,1,0,0,1,0,7.7,271.5,0,0,0,0,0,1
75300,0.0,0.0,0,0,1,0,7.58,0.0,0,0,1,0,10.049,1.272,1,0.0,0,0,1,1,0,3,0,1,0,0,0,12192.0,2,1,1,1,0,0,1,0,8.1,272.3,0,0,0,0,0,1
75400,0.0,0.0,0,0,1,0,7.58,0.0,0,0,1,0,10.177,1.272,1,0.0,0,0,1,1,0,3,0,1,0,0,0,12192.0,2,1,1,1,0,0,1,0,8.6,269.4,0,0,0,0,0,1
75500,0.0,0.0,0,0,1,0,7.58,0.0,0,0,1,0,10.304,1.272,1,0.0,0,0,1,1,0,3,0,1,0,0,0,12192.0,2,1,1,1,0,0,1,0,7.9,268.7,0,0,0,0,0,1
75600,0.0,0.0,0,0,1,0,7.58,0.0,0,0,1,0,10.431,1.272,1,0.0,0,0,1,1,0,3,0,1,0,0,0,12192.0,2,1,1,1,0,0,1,0,7.7,270.8,0,0,0,0,0,1
75700,0.0,0.0,0,0,1,0,7.58,0.0,0,0,1,0,10.558,1.272,1,0.0,0,0,1,1,0,3,0,1,0,0,0,12192.0,2,1,1,1,0,0,1,0,8.5,268.0,0,0,0,0,0,1
75800,0.0,0.0,0,0,1,0,7.58,0.0,0,0,1,0,10.685,1.272,1,0.0,0,0,1,1,0,3,0,1,0,0,0,12192.0,2,1,1,1,0,0,1,0,8.3,268.3,0,0,0,0,0,1
75900,0.0,0.0,0,0,1,0,7.58,0.0,0,0,1,0,10.813,1.272,1,0.0,0,0,1,1,0,3,0,1,0,0,0,12192.0,2,1,1,1,0,0,1,0,8.5,269.4,0,0,0,0,0,1
76000,0.0,0.0,0,0,1,0,7.58,0.0,0,0,1,0,10.94,1.272,1,0.0,0,0,1,1,0,3,0,1,0,0,0,12192.0,2,1,1,1,0,0,1,0,7.6,268.9,0,0,0,0,0,1
76100,0.0,0.0,0,0,1,0,7.58,0.0,0,0,1,0,11.067,1.272,1,0.0,0,0,1,1,0,3,0,1,0,0,0,12192.0,2,1,1,1,0,0,1,0,8.1,268.2,0,0,0,0,0,1
76200,0.0,0.0,0,0,1,0,7.58,0.0,0,0,1,0,11.194,1.272,1,0.0,0,0,1,1,0,3,0,1,0,0,0,12192.0,2,1,1,1,0,0,1,0,7.5,269.9,0,0,0,0,0,1
76300,0.0,0.0,0,0,1,0,7.58,0.0,0,0,1,0,11.322,1.272,1,0.0,0,0,1,1,0,3,0,1,0,0,0,12192.0,2,1,1,1,0,0,1,0,8.2,266.5,0,0,0,0,0,1
76400,0.0,0.0,0,0,1,0,7.58,0.0,0,0,1,0,11.449,1.272,1,0.0,0,0,1,1,0,3,0,1,0,0,0,12192.0,2,1,1,1,0,0,1,0,9.1,265.7,0,0,0,0,0,1
76500,0.0,0.0,0,0,1,0,7.58,0.0,0,0,1,0,11.576,1.272,1,0.0,0,0,1,1,0,3,0,1,0,0,0,12192.0,2,1,1,1,0,0,1,0,7.7,268.9,0,0,0,0,0,1
76600,0.0,0.0,0,0,1,0,7.58,0.0,0,0,1,0,11.703,1.272,1,0.0,0,0,1,1,0,3,0,1,0,0,0,12192.0,2,1,1,1,0,0,1,0,6.8,273.3,0,0,0,0,0,1
76700,0.0,0.0,0,0,1,0,7.58,0.0,0,0,1,0,11.831,1.272,1,0.0,0,0,1,1,0,3,0,1,0,0,0,12192.0,2,1,1,1,0,0,1,0,7.4,273.2,0,0,0,0,0,1
76800,0.0,0.0,0,0,1,0,7.58,0.0,0,0,1,0,11.958,1.272,1,0.0,0,0,1,1,0,3,0,1,0,0,0,12192.0,2,1,1,1,0,0,1,0,8.2,269.9,0,0,0,0,0,1
76900,0.0,0.0,0,0,1,0,7.58,0.0,0,0,1,0,12.085,1.272,1,0.0,0,0,1,1,0,3,0,1,0,0,0,12192.0,2,1,1,1,0,0,1,0,7.1,266.8,0,0,0,0,0,1
77000,0.0,0.0,0,0,1,0,7.58,0.0,0,0,1,0,12.212,1.272,1,0.0,0,0,1,1,0,3,0,1,0,0,0,12192.0,2,1,1,1,0,0,1,0,7.5,268.3,0,0,0,0,0,1
77100,0.0,0.0,0,0,1,0,7.58,0.0,0,0,1,0,12.339,1.272,1,0.0,0,0,1,1,0,3,0,1,0,0,0,12192.0,2,1,1,1,0,0,1,0,6.9,274.9,0,0,0,0,0,1
77200,0.0,0.0,0,0,1,0,7.58,0.0,0,0,1,0,12.467,1.272,1,0.0,0,0,1,1,0,3,0,1,0,0,0,12192.0,2,1,1,1,0,0,1,0,8.0,267.6,0,0,0,0,0,1
77300,0.0,0.0,0,0,1,0,7.58,0.0,0,0,1,0,12.594,1.272,1,0.0,0,0,1,1,0,3,0,1,0,0,0,12192.0,2,1,1,1,0,0,1,0,8.2,271.9,0,0,0,0,0,1
77400,0.0,0.0,0,0,1,0,7.58,0.0,0,0,1,0,12.721,1.272,1,0.0,0,0,1,1,0,3,0,1,0,0,0,12192.0,2,1,1,1,0,0,1,0,8.4,267.0,0,0,0,0,0,1
77500,0.0,0.0,0,0,1,0,7.58,0.0,0,0,1,0,12.844,1.225,1,0.0,0,0,1,1,0,3,0,1,0,0,0,12192.0,2,1,1,1,0,0,1,0,7.8,271.9,0,0,0,0,0,1
77600,0.0,0.0,0,0,1,0,7.58,0.0,0,0,1,0,12.962,1.179,1,0.0,0,0,1,1,0,3,0,1,0,0,0,12192.0,2,1,1,1,0,0,1,0,7.3,270.7,0,0,0,0,0,1
77700,0.0,0.0,0,0,1,0,7.58,0.0,0,0,1,0,13.075,1.132,1,0.0,0,0,1,1,0,3,0,1,0,0,0,12192.0,2,1,1,1,0,0,1,0,7.1,274.2,0,0,0,0,0,1
77800,0.0,0.0,0,0,1,0,7.58,0.0,0,0,1,0,13.183,1.085,1,0.0,0,0,1,1,0,3,0,1,0,0,0,12192.0,2,1,1,1,0,0,1,0,7.0,270.6,0,0,0,0,0,1
77900,0.0,0.0,0,0,1,0,7.58,0.0,0,0,1,0,13.287,1.038,1,0.0,0,0,1,1,0,3,0,1,0,0,0,12192.0,2,1,1,1,0,0,1,0,7.9,267.9,0,0,0,0,0,1
78000,0.0,0.0,0,0,1,0,7.58,0.0,0,0,1,0,13.386,0.991,1,0.0,0,0,1,1,0,3,0,1,0,0,0,12192.0,2,1,1,1,0,0,1,0,8.3,269.3,0,0,0,0,0,1
78100,0.0,0.0,0,0,1,0,7.58,0.0,0,0,1,0,13.481,0.944,1,0.0,0,0,1,1,0,3,0,1,0,0,0,12192.0,2,1,1,1,0,0,1,0,7.4,270.6,0,0,0,0,0,1
78200,0.0,0.0,0,0,1,0,7.58,0.0,0,0,1,0,13.57,0.897,1,0.0,0,0,1,1,0,3,0,1,0,0,0,12192.0,2,1,1,1,0,0,1,0,7.2,268.7,0,0,0,0,0,1
78300,0.0,0.0,0,0,1,0,7.58,0.0,0,0,1,0,13.655,0.85,1,0.0,0,0,1,1,0,3,0,1,0,0,0,12192.0,2,1,1,1,0,0,1,0,6.7,275.0,0,0,0,0,0,1
78400,0.0,0.0,0,0,1,0,7.58,0.0,0,0,1,0,13.736,0.804,1,0.0,0,0,1,1,0,3,0,1,0,0,0,12192.0,2,1,1,1,0,0,1,0,6.8,269.1,0,0,0,0,0,1
78500,0.0,0.0,0,0,1,0,7.58,0.0,0,0,1,0,13.811,0.757,1,0.0,0,0,1,1,0,3,0,1,0,0,0,12192.0,2,1,1,1,0,0,1,0,7.7,269.5,0,0,0,0,0,1
78600,0.0,0.0,0,0,1,0,7.58,0.0,0,0,1,0,13.882,0.71,1,0.0,0,0,1,1,0,3,0,1,0,0,0,12192.0,2,1,1,1,0,0,1,0,6.9,270.4,0,0,0,0,0,1
78700,0.0,0.0,0,0,1,0,7.58,0.0,0,0,1,0,13.949,0.663,1,0.0,0,0,1,1,0,3,0,1,0,0,0,12192.0,2,1,1,1,0,0,1,0,7.9,270.8,0,0,0,0,0,1
78800,0.0,0.0,0,0,1,0,7.58,0.0,0,0,1,0,14.01,0.616,1,0.0,0,0,1,1,0,3,0,1,0,0,0,12192.0,2,1,1,1,0,0,1,0,7.4,264.3,0,0,0,0,0,1
78900,0.0,0.0,0,0,1,0,7.58,0.0,0,0,1,0,14.067,0.569,1,0.0,0,0,1,1,0,3,0,1,0,0,0,12192.0,2,1,1,1,0,0,1,0,7.6,266.9,0,0,0,0,0,1
79000,0.0,0.0,0,0,1,0,7.58,0.0,0,0,1,0,14.119,0.522,1,0.0,0,0,1,1,0,3,0,1,0,0,0,12192.0,2,1,1,1,0,0,1,0,8.1,266.2,0,0,0,0,0,1
79100,0.0,0.0,0,0,1,0,7.58,0.0,0,0,1,0,14.167,0.475,1,0.0,0,0,1,1,0,3,0,1,0,0,0,12192.0,2,1,1,1,0,0,1,0,7.8,267.3,0,0,0,0,0,1
79200,0.0,0.0,0,0,1,0,7.58,0.0,0,0,1,0,14.21,0.429,1,0.0,0,0,1,1,0,3,0,1,0,0,0,12192.0,2,1,1,1,0,0,1,0,7.3,268.4,0,0,0,0,0,1
79300,0.0,0.0,0,0,1,0,7.58,0.0,0,0,1,0,14.248,0.382,1,0.0,0,0,1,1,0,3,0,1,0,0,0,12192.0,2,1,1,1,0,0,1,0,7.0,274.9,0,0,0,0,0,1
79400,0.0,0.0,0,0,1,0,7.58,0.0,0,0,1,0,14.281,0.335,1,0.0,0,0,1,1,0,3,0,1,0,0,0,12192.0,2,1,1,1,0,0,1,0,7.4,269.7,0,0,0,0,0,1
79500,0.0,0.0,0,0,1,0,7.58,0.0,0,0,1,0,14.315,0.337,1,0.0,0,0,1,1,0,3,0,1,0,0,0,12192.0,2,1,1,1,0,0,1,0,7.4,268.8,0,0,0,0,0,1
79600,0.0,0.0,0,0,1,0,7.58,0.0,0,0,1,0,14.344,0.287,1,0.0,0,0,1,1,0,3,0,1,0,0,0,12192.0,2,1,1,1,0,0,1,0,6.8,272.2,0,0,0,0,0,1
79700,0.0,0.0,0,0,1,0,7.58,0.0,0,0,1,0,14.367,0.235,1,0.0,0,0,1,1,0,3,0,1,0,0,0,12192.0,2,1,1,1,0,0,1,0,7.3,273.4,0,0,0,0,0,1
79800,0.0,0.0,0,0,1,0,7.58,0.0,0,0,1,0,14.385,0.182,1,0.0,0,0,1,1,0,3,0,1,0,0,0,12192.0,2,1,1,1,0,0,1,0,8.2,273.4,0,0,0,0,0,1
79900,0.0,0.0,0,0,1,0,7.58,0.0,0,0,1,0,14.398,0.127,1,0.0,0,0,1,1,0,3,0,1,0,0,0,12192.0,2,1,1,1,0,0,1,0,7.1,269.1,0,0,0,0,0,1
80000,0.0,0.0,0,0,1,0,7.58,0.0,0,0,1,0,14.405,0.065,1,0.0,0,0,1,1,0,3,0,1,0,0,0,12192.0,2,1,1,1,0,0,1,0,7.3,273.4,0,0,0,0,0,1
80100,0.0,0.0,0,0,0,0,7.58,0.0,0,0,0,0,14.407,0.0,0,0.0,0,0,0,0,0,3,0,1,0,0,0,12192.0,2,1,1,0,1,0,1,0,7.8,269.2,0,0,0,0,0,1
