t_ms,GT_Position,GT_Velocity,GT_Direction,GT_Running,GT_Brake_Released,GT_Motor_Alarm,TR_Position,TR_Velocity,TR_Direction,TR_Running,TR_Brake_Released,TR_Motor_Alarm,HO_Position,HO_Velocity,HO_Direction,HO_Load,HO_Overload_Alarm,HO_Snag_Alarm,HO_Running,HO_Brake_Released,HO_Motor_Alarm,SP_Mode,SP_TwistLock_Locked,SP_TwistLock_Unlocked,SP_Landed,SP_Container_Detected,SP_Mismatch_Alarm,SP_Telescopic_Position,OP_Mode,OP_Power_On,OP_Ready,OP_Running,OP_Standby,OP_Emergency_Stop,OP_AntiSway_Active,OP_Cycle_Count_Today,ENV_Wind_Speed,ENV_Wind_Direction,ENV_Wind_Alarm,ALM_Active,ALM_Latest_Code,ALM_Latest_Severity,ALM_Latest_Source,COM_Link_Status
0,124.989,0.0,0,0,1,0,0.006,0.058,1,1,1,0,39.195,-0.051,0,0.0,0,0,1,1,0,3,0,1,0,0,0,12192.0,2,1,1,1,0,0,1,0,8.0,268.1,0,0,0,0,0,1
100,124.989,0.0,0,0,1,0,0.017,0.116,1,1,1,0,39.185,-0.103,0,0.0,0,0,1,1,0,3,0,1,0,0,0,12192.0,2,1,1,1,0,0,1,0,7.8,266.8,0,0,0,0,0,1
200,124.989,0.0,0,0,1,0,0.035,0.174,1,1,1,0,39.169,-0.154,0,0.0,0,0,1,1,0,3,0,1,0,0,0,12192.0,2,1,1,1,0,0,1,0,8.1,269.6,0,0,0,0,0,1
300,124.989,0.0,0,0,1,0,0.058,0.232,1,1,1,0,39.149,-0.205,0,0.0,0,0,1,1,0,3,0,1,0,0,0,12192.0,2,1,1,1,0,0,1,0,8.7,271.7,0,0,0,0,0,1
400,124.989,0.0,0,0,1,0,0.087,0.289,1,1,1,0,39.123,-0.256,0,0.0,0,0,1,1,0,3,0,1,0,0,0,12192.0,2,1,1,1,0,0,1,0,7.9,269.5,0,0,0,0,0,1
500,124.989,0.0,0,0,1,0,0.122,0.347,1,1,1,0,39.092,-0.308,0,0.0,0,0,1,1,0,3,0,1,0,0,0,12192.0,2,1,1,1,0,0,1,0,8.8,273.3,0,0,0,0,0,1
600,124.989,0.0,0,0,1,0,0.162,0.405,1,1,1,0,39.056,-0.359,0,0.0,0,0,1,1,0,3,0,1,0,0,0,12192.0,2,1,1,1,0,0,1,0,7.9,269.1,0,0,0,0,0,1
700,124.989,0.0,0,0,1,0,0.208,0.463,1,1,1,0,39.015,-0.41,0,0.0,0,0,1,1,0,3,0,1,0,0,0,12192.0,2,1,1,1,0,0,1,0,8.0,269.4,0,0,0,0,0,1
800,124.989,0.0,0,0,1,0,0.26,0.521,1,1,1,0,38.969,-0.462,0,0.0,0,0,1,1,0,3,0,1,0,0,0,12192.0,2,1,1,1,0,0,1,0,8.6,269.9,0,0,0,0,0,1
900,124.989,0.0,0,0,1,0,0.318,0.579,1,1,1,0,38.918,-0.513,0,0.0,0,0,1,1,0,3,0,1,0,0,0,12192.0,2,1,1,1,0,0,1,0,8.8,270.9,0,0,0,0,0,1
1000,124.989,0.0,0,0,1,0,0.382,0.637,1,1,1,0,38.862,-0.564,0,0.0,0,0,1,1,0,3,0,1,0,0,0,12192.0,2,1,1,1,0,0,1,0,8.3,267.6,0,0,0,0,0,1
1100,124.989,0.0,0,0,1,0,0.452,0.695,1,1,1,0,38.8,-0.615,0,0.0,0,0,1,1,0,3,0,1,0,0,0,12192.0,2,1,1,1,0,0,1,0,8.3,273.5,0,0,0,0,0,1
1200,124.989,0.0,0,0,1,0,0.527,0.753,1,1,1,0,38.733,-0.667,0,0.0,0,0,1,1,0,3,0,1,0,0,0,12192.0,2,1,1,1,0,0,1,0,9.1,270.0,0,0,0,0,0,1
1300,124.989,0.0,0,0,1,0,0.608,0.81,1,1,1,0,38.662,-0.718,0,0.0,0,0,1,1,0,3,0,1,0,0,0,12192.0,2,1,1,1,0,0,1,0,8.7,269.4,0,0,0,0,0,1
1400,124.989,0.0,0,0,1,0,0.695,0.868,1,1,1,0,38.585,-0.769,0,0.0,0,0,1,1,0,3,0,1,0,0,0,12192.0,2,1,1,1,0,0,1,0,8.2,269.4,0,0,0,0,0,1
1500,124.989,0.0,0,0,1,0,0.787,0.926,1,1,1,0,38.503,-0.821,0,0.0,0,0,1,1,0,3,0,1,0,0,0,12192.0,2,1,1,1,0,0,1,0,8.5,275.9,0,0,0,0,0,1
1600,124.989,0.0,0,0,1,0,0.886,0.984,1,1,1,0,38.415,-0.872,0,0.0,0,0,1,1,0,3,0,1,0,0,0,12192.0,2,1,1,1,0,0,1,0,8.6,271.6,0,0,0,0,0,1
1700,124.989,0.0,0,0,1,0,0.99,1.042,1,1,1,0,38.323,-0.923,0,0.0,0,0,1,1,0,3,0,1,0,0,0,12192.0,2,1,1,1,0,0,1,0,8.9,266.6,0,0,0,0,0,1
1800,124.989,0.0,0,0,1,0,1.1,1.1,1,1,1,0,38.226,-0.974,0,0.0,0,0,1,1,0,3,0,1,0,0,0,12192.0,2,1,1,1,0,0,1,0,8.1,272.9,0,0,0,0,0,1
1900,124.989,0.0,0,0,1,0,1.216,1.158,1,1,1,0,38.123,-1.026,0,0.0,0,0,1,1,0,3,0,1,0,0,0,12192.0,2,1,1,1,0,0,1,0,9.2,269.2,0,0,0,0,0,1
2000,124.989,0.0,0,0,1,0,1.337,1.216,1,1,1,0,38.015,-1.077,0,0.0,0,0,1,1,0,3,0,1,0,0,0,12192.0,2,1,1,1,0,0,1,0,8.9,266.6,0,0,0,0,0,1
2100,124.989,0.0,0,0,1,0,1.465,1.273,1,1,1,0,37.903,-1.128,0,0.0,0,0,1,1,0,3,0,1,0,0,0,12192.0,2,1,1,1,0,0,1,0,8.5,262.8,0,0,0,0,0,1
2200,124.989,0.0,0,0,1,0,1.598,1.331,1,1,1,0,37.785,-1.18,0,0.0,0,0,1,1,0,3,0,1,0,0,0,12192.0,2,1,1,1,0,0,1,0,8.1,268.1,0,0,0,0,0,1
2300,124.989,0.0,0,0,1,0,1.737,1.389,1,1,1,0,37.666,-1.185,0,0.0,0,0,1,1,0,3,0,1,0,0,0,12192.0,2,1,1,1,0,0,1,0,9.0,269.4,0,0,0,0,0,1
2400,124.989,0.0,0,0,1,0,1.881,1.447,1,1,1,0,37.548,-1.185,0,0.0,0,0,1,1,0,3,0,1,0,0,0,12192.0,2,1,1,1,0,0,1,0,8.1,269.0,0,0,0,0,0,1
2500,124.989,0.0,0,0,1,0,2.032,1.505,1,1,1,0,37.429,-1.185,0,0.0,0,0,1,1,0,3,0,1,0,0,0,12192.0,2,1,1,1,0,0,1,0,8.5,271.9,0,0,0,0,0,1
2600,124.989,0.0,0,0,1,0,2.188,1.563,1,1,1,0,37.311,-1.185,0,0.0,0,0,1,1,0,3,0,1,0,0,0,12192.0,2,1,1,1,0,0,1,0,9.0,269.3,0,0,0,0,0,1
2700,124.989,0.0,0,0,1,0,2.35,1.621,1,1,1,0,37.192,-1.185,0,0.0,0,0,1,1,0,3,0,1,0,0,0,12192.0,2,1,1,1,0,0,1,0,8.1,269.2,0,0,0,0,0,1
2800,124.989,0.0,0,0,1,0,2.518,1.679,1,1,1,0,37.074,-1.185,0,0.0,0,0,1,1,0,3,0,1,0,0,0,12192.0,2,1,1,1,0,0,1,0,7.7,274.4,0,0,0,0,0,1
2900,124.989,0.0,0,0,1,0,2.692,1.737,1,1,1,0,36.955,-1.185,0,0.0,0,0,1,1,0,3,0,1,0,0,0,12192.0,2,1,1,1,0,0,1,0,8.3,272.5,0,0,0,0,0,1
3000,124.989,0.0,0,0,1,0,2.871,1.794,1,1,1,0,36.837,-1.185,0,0.0,0,0,1,1,0,3,0,1,0,0,0,12192.0,2,1,1,1,0,0,1,0,8.0,271.1,0,0,0,0,0,1
3100,124.989,0.0,0,0,1,0,3.056,1.852,1,1,1,0,36.718,-1.185,0,0.0,0,0,1,1,0,3,0,1,0,0,0,12192.0,2,1,1,1,0,0,1,0,8.9,265.5,0,0,0,0,0,1
3200,124.989,0.0,0,0,1,0,3.247,1.91,1,1,1,0,36.6,-1.185,0,0.0,0,0,1,1,0,3,0,1,0,0,0,12192.0,2,1,1,1,0,0,1,0,8.5,270.6,0,0,0,0,0,1
3300,124.989,0.0,0,0,1,0,3.444,1.968,1,1,1,0,36.482,-1.185,0,0.0,0,0,1,1,0,3,0,1,0,0,0,12192.0,2,1,1,1,0,0,1,0,8.2,270.1,0,0,0,0,0,1
3400,124.989,0.0,0,0,1,0,3.647,2.026,1,1,1,0,36.363,-1.185,0,0.0,0,0,1,1,0,3,0,1,0,0,0,12192.0,2,1,1,1,0,0,1,0,9.3,270.8,0,0,0,0,0,1
3500,124.989,0.0,0,0,1,0,3.855,2.084,1,1,1,0,36.245,-1.185,0,0.0,0,0,1,1,0,3,0,1,0,0,0,12192.0,2,1,1,1,0,0,1,0,8.5,271.3,0,0,0,0,0,1
3600,124.989,0.0,0,0,1,0,4.069,2.142,1,1,1,0,36.126,-1.185,0,0.0,0,0,1,1,0,3,0,1,0,0,0,12192.0,2,1,1,1,0,0,1,0,8.8,269.7,0,0,0,0,0,1
3700,124.989,0.0,0,0,1,0,4.289,2.2,1,1,1,0,36.008,-1.185,0,0.0,0,0,1,1,0,3,0,1,0,0,0,12192.0,2,1,1,1,0,0,1,0,8.5,268.3,0,0,0,0,0,1
3800,124.989,0.0,0,0,1,0,4.515,2.258,1,1,1,0,35.889,-1.185,0,0.0,0,0,1,1,0,3,0,1,0,0,0,12192.0,2,1,1,1,0,0,1,0,7.7,269.1,0,0,0,0,0,1
3900,124.989,0.0,0,0,1,0,4.747,2.315,1,1,1,0,35.771,-1.185,0,0.0,0,0,1,1,0,3,0,1,0,0,0,12192.0,2,1,1,1,0,0,1,0,8.3,269.3,0,0,0,0,0,1
4000,124.989,0.0,0,0,1,0,4.984,2.373,1,1,1,0,35.652,-1.185,0,0.0,0,0,1,1,0,3,0,1,0,0,0,12192.0,2,1,1,1,0,0,1,0,7.9,274.9,0,0,0,0,0,1
4100,124.989,0.0,0,0,1,0,5.227,2.431,1,1,1,0,35.534,-1.185,0,0.0,0,0,1,1,0,3,0,1,0,0,0,12192.0,2,1,1,1,0,0,1,0,8.2,270.2,0,0,0,0,0,1
4200,124.989,0.0,0,0,1,0,5.476,2.489,1,1,1,0,35.415,-1.185,0,0.0,0,0,1,1,0,3,0,1,0,0,0,12192.0,2,1,1,1,0,0,1,0,7.9,274.4,0,0,0,0,0,1
4300,124.989,0.0,0,0,1,0,5.731,2.547,1,1,1,0,35.297,-1.185,0,0.0,0,0,1,1,0,3,0,1,0,0,0,12192.0,2,1,1,1,0,0,1,0,8.0,269.5,0,0,0,0,0,1
4400,124.989,0.0,0,0,1,0,5.991,2.605,1,1,1,0,35.179,-1.185,0,0.0,0,0,1,1,0,3,0,1,0,0,0,12192.0,2,1,1,1,0,0,1,0,7.7,269.9,0,0,0,0,0,1
4500,124.989,0.0,0,0,1,0,6.257,2.663,1,1,1,0,35.06,-1.185,0,0.0,0,0,1,1,0,3,0,1,0,0,0,12192.0,2,1,1,1,0,0,1,0,8.1,264.0,0,0,0,0,0,1
4600,124.989,0.0,0,0,1,0,6.529,2.721,1,1,1,0,34.942,-1.185,0,0.0,0,0,1,1,0,3,0,1,0,0,0,12192.0,2,1,1,1,0,0,1,0,8.1,271.4,0,0,0,0,0,1
4700,124.989,0.0,0,0,1,0,6.807,2.779,1,1,1,0,34.823,-1.185,0,0.0,0,0,1,1,0,3,0,1,0,0,0,12192.0,2,1,1,1,0,0,1,0,7.7,267.3,0,0,0,0,0,1
4800,124.989,0.0,0,0,1,0,7.091,2.836,1,1,1,0,34.705,-1.185,0,0.0,0,0,1,1,0,3,0,1,0,0,0,12192.0,2,1,1,1,0,0,1,0,9.2,273.7,0,0,0,0,0,1
4900,124.989,0.0,0,0,1,0,7.38,2.894,1,1,1,0,34.586,-1.185,0,0.0,0,0,1,1,0,3,0,1,0,0,0,12192.0,2,1,1,1,0,0,1,0,7.5,266.1,0,0,0,0,0,1
5000,124.989,0.0,0,0,1,0,7.676,2.952,1,1,1,0,34.468,-1.185,0,0.0,0,0,1,1,0,3,0,1,0,0,0,12192.0,2,1,1,1,0,0,1,0,7.8,268.5,0,0,0,0,0,1
5100,124.989,0.0,0,0,1,0,7.977,3.01,1,1,1,0,34.349,-1.185,0,0.0,0,0,1,1,0,3,0,1,0,0,0,12192.0,2,1,1,1,0,0,1,0,7.6,267.3,0,0,0,0,0,1
5200,124.989,0.0,0,0,1,0,8.283,3.068,1,1,1,0,34.231,-1.185,0,0.0,0,0,1,1,0,3,0,1,0,0,0,12192.0,2,1,1,1,0,0,1,0,6.4,268.2,0,0,0,0,0,1
5300,124.989,0.0,0,0,1,0,8.596,3.126,1,1,1,0,34.112,-1.185,0,0.0,0,0,1,1,0,3,0,1,0,0,0,12192.0,2,1,1,1,0,0,1,0,8.1,272.9,0,0,0,0,0,1
5400,124.989,0.0,0,0,1,0,8.914,3.184,1,1,1,0,33.994,-1.185,0,0.0,0,0,1,1,0,3,0,1,0,0,0,12192.0,2,1,1,1,0,0,1,0,8.1,274.5,0,0,0,0,0,1
5500,124.989,0.0,0,0,1,0,9.239,3.242,1,1,1,0,33.876,-1.185,0,0.0,0,0,1,1,0,3,0,1,0,0,0,12192.0,2,1,1,1,0,0,1,0,7.6,271.0,0,0,0,0,0,1
5600,124.989,0.0,0,0,1,0,9.568,3.299,1,1,1,0,33.757,-1.185,0,0.0,0,0,1,1,0,3,0,1,0,0,0,12192.0,2,1,1,1,0,0,1,0,7.8,264.3,0,0,0,0,0,1
5700,124.989,0.0,0,0,1,0,9.904,3.357,1,1,1,0,33.639,-1.185,0,0.0,0,0,1,1,0,3,0,1,0,0,0,12192.0,2,1,1,1,0,0,1,0,7.7,268.5,0,0,0,0,0,1
5800,124.989,0.0,0,0,1,0,10.246,3.415,1,1,1,0,33.52,-1.185,0,0.0,0,0,1,1,0,3,0,1,0,0,0,12192.0,2,1,1,1,0,0,1,0,7.2,271.4,0,0,0,0,0,1
5900,124.989,0.0,0,0,1,0,10.593,3.473,1,1,1,0,33.402,-1.185,0,0.0,0,0,1,1,0,3,0,1,0,0,0,12192.0,2,1,1,1,0,0,1,0,7.4,270.6,0,0,0,0,0,1
6000,124.989,0.0,0,0,1,0,10.945,3.515,1,1,1,0,33.283,-1.185,0,0.0,0,0,1,1,0,3,0,1,0,0,0,12192.0,2,1,1,1,0,0,1,0,7.1,270.2,0,0,0,0,0,1
6100,124.989,0.0,0,0,1,0,11.296,3.515,1,1,1,0,33.165,-1.185,0,0.0,0,0,1,1,0,3,0,1,0,0,0,12192.0,2,1,1,1,0,0,1,0,7.3,271.5,0,0,0,0,0,1
6200,124.989,0.0,0,0,1,0,11.648,3.515,1,1,1,0,33.046,-1.185,0,0.0,0,0,1,1,0,3,0,1,0,0,0,12192.0,2,1,1,1,0,0,1,0,6.8,276.8,0,0,0,0,0,1
6300,124.989,0.0,0,0,1,0,11.999,3.515,1,1,1,0,32.928,-1.185,0,0.0,0,0,1,1,0,3,0,1,0,0,0,12192.0,2,1,1,1,0,0,1,0,7.6,269.8,0,0,0,0,0,1
6400,124.989,0.0,0,0,1,0,12.351,3.515,1,1,1,0,32.809,-1.185,0,0.0,0,0,1,1,0,3,0,1,0,0,0,12192.0,2,1,1,1,0,0,1,0,8.1,271.0,0,0,0,0,0,1
6500,124.989,0.0,0,0,1,0,12.702,3.515,1,1,1,0,32.691,-1.185,0,0.0,0,0,1,1,0,3,0,1,0,0,0,12192.0,2,1,1,1,0,0,1,0,8.4,275.4,0,0,0,0,0,1
6600,124.989,0.0,0,0,1,0,13.054,3.515,1,1,1,0,32.573,-1.185,0,0.0,0,0,1,1,0,3,0,1,0,0,0,12192.0,2,1,1,1,0,0,1,0,7.6,268.8,0,0,0,0,0,1
6700,124.989,0.0,0,0,1,0,13.405,3.515,1,1,1,0,32.454,-1.185,0,0.0,0,0,1,1,0,3,0,1,0,0,0,12192.0,2,1,1,1,0,0,1,0,7.5,276.1,0,0,0,0,0,1
6800,124.989,0.0,0,0,1,0,13.757,3.515,1,1,1,0,32.336,-1.185,0,0.0,0,0,1,1,0,3,0,1,0,0,0,12192.0,2,1,1,1,0,0,1,0,7.5,271.3,0,0,0,0,0,1
6900,124.989,0.0,0,0,1,0,14.108,3.515,1,1,1,0,32.217,-1.185,0,0.0,0,0,1,1,0,3,0,1,0,0,0,12192.0,2,1,1,1,0,0,1,0,7.6,268.9,0,0,0,0,0,1
7000,124.989,0.0,0,0,1,0,14.46,3.515,1,1,1,0,32.099,-1.185,0,0.0,0,0,1,1,0,3,0,1,0,0,0,12192.0,2,1,1,1,0,0,1,0,7.2,268.5,0,0,0,0,0,1
7100,124.989,0.0,0,0,1,0,14.811,3.515,1,1,1,0,31.98,-1.185,0,0.0,0,0,1,1,0,3,0,1,0,0,0,12192.0,2,1,1,1,0,0,1,0,7.1,269.2,0,0,0,0,0,1
7200,124.989,0.0,0,0,1,0,15.163,3.515,1,1,1,0,31.862,-1.185,0,0.0,0,0,1,1,0,3,0,1,0,0,0,12192.0,2,1,1,1,0,0,1,0,7.1,274.8,0,0,0,0,0,1
7300,124.989,0.0,0,0,1,0,15.514,3.515,1,1,1,0,31.743,-1.185,0,0.0,0,0,1,1,0,3,0,1,0,0,0,12192.0,2,1,1,1,0,0,1,0,7.6,268.5,0,0,0,0,0,1
7400,124.989,0.0,0,0,1,0,15.866,3.515,1,1,1,0,31.625,-1.185,0,0.0,0,0,1,1,0,3,0,1,0,0,0,12192.0,2,1,1,1,0,0,1,0,8.1,271.3,0,0,0,0,0,1
7500,124.989,0.0,0,0,1,0,16.217,3.515,1,1,1,0,31.507,-1.185,0,0.0,0,0,1,1,0,3,0,1,0,0,0,12192.0,2,1,1,1,0,0,1,0,7.0,270.9,0,0,0,0,0,1
7600,124.989,0.0,0,0,1,0,16.569,3.515,1,1,1,0,31.388,-1.185,0,0.0,0,0,1,1,0,3,0,1,0,0,0,12192.0,2,1,1,1,0,0,1,0,7.9,268.1,0,0,0,0,0,1
7700,124.989,0.0,0,0,1,0,16.92,3.515,1,1,1,0,31.27,-1.185,0,0.0,0,0,1,1,0,3,0,1,0,0,0,12192.0,2,1,1,1,0,0,1,0,7.5,268.3,0,0,0,0,0,1
7800,124.989,0.0,0,0,1,0,17.272,3.515,1,1,1,0,31.151,-1.185,0,0.0,0,0,1,1,0,3,0,1,0,0,0,12192.0,2,1,1,1,0,0,1,0,7.1,269.2,0,0,0,0,0,1
7900,124.989,0.0,0,0,1,0,17.623,3.515,1,1,1,0,31.033,-1.185,0,0.0,0,0,1,1,0,3,0,1,0,0,0,12192.0,2,1,1,1,0,0,1,0,7.2,270.7,0,0,0,0,0,1
8000,124.989,0.0,0,0,1,0,17.975,3.515,1,1,1,0,30.914,-1.185,0,0.0,0,0,1,1,0,3,0,1,0,0,0,12192.0,2,1,1,1,0,0,1,0,8.1,271.9,0,0,0,0,0,1
8100,124.989,0.0,0,0,1,0,18.326,3.515,1,1,1,0,30.796,-1.185,0,0.0,0,0,1,1,0,3,0,1,0,0,0,12192.0,2,1,1,1,0,0,1,0,7.8,262.1,0,0,0,0,0,1
8200,124.989,0.0,0,0,1,0,18.678,3.515,1,1,1,0,30.677,-1.185,0,0.0,0,0,1,1,0,3,0,1,0,0,0,12192.0,2,1,1,1,0,0,1,0,7.7,272.3,0,0,0,0,0,1
8300,124.989,0.0,0,0,1,0,19.029,3.515,1,1,1,0,30.559,-1.185,0,0.0,0,0,1,1,0,3,0,1,0,0,0,12192.0,2,1,1,1,0,0,1,0,7.3,272.6,0,0,0,0,0,1
8400,124.989,0.0,0,0,1,0,19.381,3.515,1,1,1,0,30.44,-1.185,0,0.0,0,0,1,1,0,3,0,1,0,0,0,12192.0,2,1,1,1,0,0,1,0,7.6,270.0,0,0,0,0,0,1
8500,124.989,0.0,0,0,1,0,19.732,3.515,1,1,1,0,30.322,-1.185,0,0.0,0,0,1,1,0,3,0,1,0,0,0,12192.0,2,1,1,1,0,0,1,0,8.4,268.2,0,0,0,0,0,1
8600,124.989,0.0,0,0,1,0,20.084,3.515,1,1,1,0,30.204,-1.185,0,0.0,0,0,1,1,0,3,0,1,0,0,0,12192.0,2,1,1,1,0,0,1,0,8.6,269.4,0,0,0,0,0,1
8700,124.989,0.0,0,0,1,0,20.435,3.515,1,1,1,0,30.085,-1.185,0,0.0,0,0,1,1,0,3,0,1,0,0,0,12192.0,2,1,1,1,0,0,1,0,7.8,272.3,0,0,0,0,0,1
8800,124.989,0.0,0,0,1,0,20.787,3.515,1,1,1,0,29.967,-1.185,0,0.0,0,0,1,1,0,3,0,1,0,0,0,12192.0,2,1,1,1,0,0,1,0,8.0,270.3,0,0,0,0,0,1
8900,124.989,0.0,0,0,1,0,21.138,3.515,1,1,1,0,29.848,-1.185,0,0.0,0,0,1,1,0,3,0,1,0,0,0,12192.0,2,1,1,1,0,0,1,0,8.6,268.8,0,0,0,0,0,1
9000,124.989,0.0,0,0,1,0,21.49,3.515,1,1,1,0,29.73,-1.185,0,0.0,0,0,1,1,0,3,0,1,0,0,0,12192.0,2,1,1,1,0,0,1,0,7.4,271.1,0,0,0,0,0,1
9100,124.989,0.0,0,0,1,0,21.841,3.515,1,1,1,0,29.611,-1.185,0,0.0,0,0,1,1,0,3,0,1,0,0,0,12192.0,2,1,1,1,0,0,1,0,7.9,273.2,0,0,0,0,0,1
9200,124.989,0.0,0,0,1,0,22.193,3.515,1,1,1,0,29.493,-1.185,0,0.0,0,0,1,1,0,3,0,1,0,0,0,12192.0,2,1,1,1,0,0,1,0,8.1,269.5,0,0,0,0,0,1
9300,124.989,0.0,0,0,1,0,22.544,3.515,1,1,1,0,29.374,-1.185,0,0.0,0,0,1,1,0,3,0,1,0,0,0,12192.0,2,1,1,1,0,0,1,0,8.3,269.3,0,0,0,0,0,1
9400,124.989,0.0,0,0,1,0,22.896,3.515,1,1,1,0,29.256,-1.185,0,0.0,0,0,1,1,0,3,0,1,0,0,0,12192.0,2,1,1,1,0,0,1,0,8.3,275.6,0,0,0,0,0,1
9500,124.989,0.0,0,0,1,0,23.247,3.515,1,1,1,0,29.137,-1.185,0,0.0,0,0,1,1,0,3,0,1,0,0,0,12192.0,2,1,1,1,0,0,1,0,7.6,271.0,0,0,0,0,0,1
9600,124.989,0.0,0,0,1,0,23.599,3.515,1,1,1,0,29.019,-1.185,0,0.0,0,0,1,1,0,3,0,1,0,0,0,12192.0,2,1,1,1,0,0,1,0,7.7,273.5,0,0,0,0,0,1
9700,124.989,0.0,0,0,1,0,23.95,3.515,1,1,1,0,28.901,-1.185,0,0.0,0,0,1,1,0,3,0,1,0,0,0,12192.0,2,1,1,1,0,0,1,0,7.6,270.7,0,0,0,0,0,1
9800,124.989,0.0,0,0,1,0,24.302,3.515,1,1,1,0,28.782,-1.185,0,0.0,0,0,1,1,0,3,0,1,0,0,0,12192.0,2,1,1,1,0,0,1,0,7.8,269.3,0,0,0,0,0,1
9900,124.989,0.0,0,0,1,0,24.653,3.515,1,1,1,0,28.664,-1.185,0,0.0,0,0,1,1,0,3,0,1,0,0,0,12192.0,2,1,1,1,0,0,1,0,9.1,268.7,0,0,0,0,0,1
10000,124.989,0.0,0,0,1,0,25.005,3.515,1,1,1,0,28.545,-1.185,0,0.0,0,0,1,1,0,3,0,1,0,0,0,12192.0,2,1,1,1,0,0,1,0,8.6,273.3,0,0,0,0,0,1
10100,124.989,0.0,0,0,1,0,25.356,3.515,1,1,1,0,28.427,-1.185,0,0.0,0,0,1,1,0,3,0,1,0,0,0,12192.0,2,1,1,1,0,0,1,0,8.8,265.0,0,0,0,0,0,1
10200,124.989,0.0,0,0,1,0,25.708,3.515,1,1,1,0,28.308,-1.185,0,0.0,0,0,1,1,0,3,0,1,0,0,0,12192.0,2,1,1,1,0,0,1,0,9.2,273.3,0,0,0,0,0,1
10300,124.989,0.0,0,0,1,0,26.059,3.515,1,1,1,0,28.19,-1.185,0,0.0,0,0,1,1,0,3,0,1,0,0,0,12192.0,2,1,1,1,0,0,1,0,7.8,273.6,0,0,0,0,0,1
10400,124.989,0.0,0,0,1,0,26.411,3.515,1,1,1,0,28.071,-1.185,0,0.0,0,0,1,1,0,3,0,1,0,0,0,12192.0,2,1,1,1,0,0,1,0,8.0,267.6,0,0,0,0,0,1
10500,124.989,0.0,0,0,1,0,26.762,3.515,1,1,1,0,27.953,-1.185,0,0.0,0,0,1,1,0,3,0,1,0,0,0,12192.0,2,1,1,1,0,0,1,0,8.6,265.9,0,0,0,0,0,1
10600,124.989,0.0,0,0,1,0,27.114,3.515,1,1,1,0,27.834,-1.185,0,0.0,0,0,1,1,0,3,0,1,0,0,0,12192.0,2,1,1,1,0,0,1,0,9.1,271.0,0,0,0,0,0,1
10700,124.989,0.0,0,0,1,0,27.465,3.515,1,1,1,0,27.716,-1.185,0,0.0,0,0,1,1,0,3,0,1,0,0,0,12192.0,2,1,1,1,0,0,1,0,8.1,270.7,0,0,0,0,0,1
10800,124.989,0.0,0,0,1,0,27.817,3.515,1,1,1,0,27.598,-1.185,0,0.0,0,0,1,1,0,3,0,1,0,0,0,12192.0,2,1,1,1,0,0,1,0,8.3,266.6,0,0,0,0,0,1
10900,124.989,0.0,0,0,1,0,28.168,3.515,1,1,1,0,27.479,-1.185,0,0.0,0,0,1,1,0,3,0,1,0,0,0,12192.0,2,1,1,1,0,0,1,0,8.4,268.0,0,0,0,0,0,1
11000,124.989,0.0,0,0,1,0,28.52,3.515,1,1,1,0,27.361,-1.185,0,0.0,0,0,1,1,0,3,0,1,0,0,0,12192.0,2,1,1,1,0,0,1,0,8.8,277.3,0,0,0,0,0,1
11100,124.989,0.0,0,0,1,0,28.871,3.515,1,1,1,0,27.242,-1.185,0,0.0,0,0,1,1,0,3,0,1,0,0,0,12192.0,2,1,1,1,0,0,1,0,8.3,267.0,0,0,0,0,0,1
11200,124.989,0.0,0,0,1,0,29.223,3.515,1,1,1,0,27.124,-1.185,0,0.0,0,0,1,1,0,3,0,1,0,0,0,12192.0,2,1,1,1,0,0,1,0,8.5,270.7,0,0,0,0,0,1
11300,124.989,0.0,0,0,1,0,29.574,3.515,1,1,1,0,27.005,-1.185,0,0.0,0,0,1,1,0,3,0,1,0,0,0,12192.0,2,1,1,1,0,0,1,0,7.7,265.1,0,0,0,0,0,1
11400,124.989,0.0,0,0,1,0,29.926,3.515,1,1,1,0,26.887,-1.185,0,0.0,0,0,1,1,0,3,0,1,0,0,0,12192.0,2,1,1,1,0,0,1,0,9.0,270.1,0,0,0,0,0,1
11500,124.989,0.0,0,0,1,0,30.277,3.515,1,1,1,0,26.768,-1.185,0,0.0,0,0,1,1,0,3,0,1,0,0,0,12192.0,2,1,1,1,0,0,1,0,8.4,268.9,0,0,0,0,0,1
11600,124.989,0.0,0,0,1,0,30.629,3.515,1,1,1,0,26.65,-1.185,0,0.0,0,0,1,1,0,3,0,1,0,0,0,12192.0,2,1,1,1,0,0,1,0,8.6,268.4,0,0,0,0,0,1
11700,124.989,0.0,0,0,1,0,30.98,3.515,1,1,1,0,26.531,-1.185,0,0.0,0,0,1,1,0,3,0,1,0,0,0,12192.0,2,1,1,1,0,0,1,0,8.3,268.3,0,0,0,0,0,1
11800,124.989,0.0,0,0,1,0,31.332,3.515,1,1,1,0,26.413,-1.185,0,0.0,0,0,1,1,0,3,0,1,0,0,0,12192.0,2,1,1,1,0,0,1,0,8.0,275.1,0,0,0,0,0,1
11900,124.989,0.0,0,0,1,0,31.677,3.457,1,1,1,0,26.295,-1.185,0,0.0,0,0,1,1,0,3,0,1,0,0,0,12192.0,2,1,1,1,0,0,1,0,9.5,271.4,0,0,0,0,0,1
12000,124.989,0.0,0,0,1,0,32.017,3.399,1,1,1,0,26.176,-1.185,0,0.0,0,0,1,1,0,3,0,1,0,0,0,12192.0,2,1,1,1,0,0,1,0,8.3,271.3,0,0,0,0,0,1
12100,124.989,0.0,0,0,1,0,32.351,3.341,1,1,1,0,26.058,-1.185,0,0.0,0,0,1,1,0,3,0,1,0,0,0,12192.0,2,1,1,1,0,0,1,0,7.7,270.2,0,0,0,0,0,1
12200,124.989,0.0,0,0,1,0,32.68,3.283,1,1,1,0,25.939,-1.185,0,0.0,0,0,1,1,0,3,0,1,0,0,0,12192.0,2,1,1,1,0,0,1,0,8.5,270.6,0,0,0,0,0,1
12300,124.989,0.0,0,0,1,0,33.002,3.226,1,1,1,0,25.821,-1.185,0,0.0,0,0,1,1,0,3,0,1,0,0,0,12192.0,2,1,1,1,0,0,1,0,8.6,270.6,0,0,0,0,0,1
12400,124.989,0.0,0,0,1,0,33.319,3.168,1,1,1,0,25.702,-1.185,0,0.0,0,0,1,1,0,3,0,1,0,0,0,12192.0,2,1,1,1,0,0,1,0,8.7,269.6,0,0,0,0,0,1
12500,124.989,0.0,0,0,1,0,33.63,3.11,1,1,1,0,25.584,-1.185,0,0.0,0,0,1,1,0,3,0,1,0,0,0,12192.0,2,1,1,1,0,0,1,0,8.9,270.9,0,0,0,0,0,1
12600,124.989,0.0,0,0,1,0,33.935,3.052,1,1,1,0,25.465,-1.185,0,0.0,0,0,1,1,0,3,0,1,0,0,0,12192.0,2,1,1,1,0,0,1,0,7.8,271.3,0,0,0,0,0,1
12700,124.989,0.0,0,0,1,0,34.235,2.994,1,1,1,0,25.347,-1.185,0,0.0,0,0,1,1,0,3,0,1,0,0,0,12192.0,2,1,1,1,0,0,1,0,8.5,268.3,0,0,0,0,0,1
12800,124.989,0.0,0,0,1,0,34.528,2.936,1,1,1,0,25.228,-1.185,0,0.0,0,0,1,1,0,3,0,1,0,0,0,12192.0,2,1,1,1,0,0,1,0,7.9,276.3,0,0,0,0,0,1
12900,124.989,0.0,0,0,1,0,34.816,2.878,1,1,1,0,25.11,-1.185,0,0.0,0,0,1,1,0,3,0,1,0,0,0,12192.0,2,1,1,1,0,0,1,0,8.0,267.6,0,0,0,0,0,1
13000,124.989,0.0,0,0,1,0,35.098,2.82,1,1,1,0,24.992,-1.185,0,0.0,0,0,1,1,0,3,0,1,0,0,0,12192.0,2,1,1,1,0,0,1,0,8.9,270.3,0,0,0,0,0,1
13100,124.989,0.0,0,0,1,0,35.374,2.762,1,1,1,0,24.873,-1.185,0,0.0,0,0,1,1,0,3,0,1,0,0,0,12192.0,2,1,1,1,0,0,1,0,8.0,271.6,0,0,0,0,0,1
13200,124.989,0.0,0,0,1,0,35.645,2.705,1,1,1,0,24.755,-1.185,0,0.0,0,0,1,1,0,3,0,1,0,0,0,12192.0,2,1,1,1,0,0,1,0,8.2,263.6,0,0,0,0,0,1
13300,124.989,0.0,0,0,1,0,35.909,2.647,1,1,1,0,24.636,-1.185,0,0.0,0,0,1,1,0,3,0,1,0,0,0,12192.0,2,1,1,1,0,0,1,0,7.8,268.9,0,0,0,0,0,1
13400,124.989,0.0,0,0,1,0,36.168,2.589,1,1,1,0,24.518,-1.185,0,0.0,0,0,1,1,0,3,0,1,0,0,0,12192.0,2,1,1,1,0,0,1,0,8.0,269.7,0,0,0,0,0,1
13500,124.989,0.0,0,0,1,0,36.421,2.531,1,1,1,0,24.399,-1.185,0,0.0,0,0,1,1,0,3,0,1,0,0,0,12192.0,2,1,1,1,0,0,1,0,8.5,272.7,0,0,0,0,0,1
13600,124.989,0.0,0,0,1,0,36.669,2.473,1,1,1,0,24.281,-1.185,0,0.0,0,0,1,1,0,3,0,1,0,0,0,12192.0,2,1,1,1,0,0,1,0,7.2,271.5,0,0,0,0,0,1
13700,124.989,0.0,0,0,1,0,36.91,2.415,1,1,1,0,24.162,-1.185,0,0.0,0,0,1,1,0,3,0,1,0,0,0,12192.0,2,1,1,1,0,0,1,0,7.9,268.8,0,0,0,0,0,1
13800,124.989,0.0,0,0,1,0,37.146,2.357,1,1,1,0,24.044,-1.185,0,0.0,0,0,1,1,0,3,0,1,0,0,0,12192.0,2,1,1,1,0,0,1,0,7.8,266.8,0,0,0,0,0,1
13900,124.989,0.0,0,0,1,0,37.376,2.299,1,1,1,0,23.925,-1.185,0,0.0,0,0,1,1,0,3,0,1,0,0,0,12192.0,2,1,1,1,0,0,1,0,7.8,268.8,0,0,0,0,0,1
14000,124.989,0.0,0,0,1,0,37.6,2.242,1,1,1,0,23.807,-1.185,0,0.0,0,0,1,1,0,3,0,1,0,0,0,12192.0,2,1,1,1,0,0,1,0,7.8,270.1,0,0,0,0,0,1
14100,124.989,0.0,0,0,1,0,37.818,2.184,1,1,1,0,23.689,-1.185,0,0.0,0,0,1,1,0,3,0,1,0,0,0,12192.0,2,1,1,1,0,0,1,0,7.5,272.0,0,0,0,0,0,1
14200,124.989,0.0,0,0,1,0,38.031,2.126,1,1,1,0,23.57,-1.185,0,0.0,0,0,1,1,0,3,0,1,0,0,0,12192.0,2,1,1,1,0,0,1,0,8.1,271.6,0,0,0,0,0,1
14300,124.989,0.0,0,0,1,0,38.238,2.068,1,1,1,0,23.452,-1.185,0,0.0,0,0,1,1,0,3,0,1,0,0,0,12192.0,2,1,1,1,0,0,1,0,8.4,271.2,0,0,0,0,0,1
14400,124.989,0.0,0,0,1,0,38.439,2.01,1,1,1,0,23.333,-1.185,0,0.0,0,0,1,1,0,3,0,1,0,0,0,12192.0,2,1,1,1,0,0,1,0,7.7,271.5,0,0,0,0,0,1
14500,124.989,0.0,0,0,1,0,38.634,1.951,1,1,1,0,23.215,-1.185,0,0.0,0,0,1,1,0,3,0,1,0,0,0,12192.0,2,1,1,1,0,0,1,0,7.4,268.2,0,0,0,0,0,1
14600,124.989,0.0,0,0,1,0,38.823,1.892,1,1,1,0,23.096,-1.185,0,0.0,0,0,1,1,0,3,0,1,0,0,0,12192.0,2,1,1,1,0,0,1,0,7.5,268.8,0,0,0,0,0,1
14700,124.989,0.0,0,0,1,0,39.006,1.833,1,1,1,0,22.978,-1.185,0,0.0,0,0,1,1,0,3,0,1,0,0,0,12192.0,2,1,1,1,0,0,1,0,7.4,263.4,0,0,0,0,0,1
14800,124.989,0.0,0,0,1,0,39.184,1.774,1,1,1,0,22.859,-1.185,0,0.0,0,0,1,1,0,3,0,1,0,0,0,12192.0,2,1,1,1,0,0,1,0,7.9,271.1,0,0,0,0,0,1
14900,124.989,0.0,0,0,1,0,39.355,1.716,1,1,1,0,22.741,-1.185,0,0.0,0,0,1,1,0,3,0,1,0,0,0,12192.0,2,1,1,1,0,0,1,0,7.5,269.3,0,0,0,0,0,1
15000,124.989,0.0,0,0,1,0,39.521,1.657,1,1,1,0,22.622,-1.185,0,0.0,0,0,1,1,0,3,0,1,0,0,0,12192.0,2,1,1,1,0,0,1,0,7.4,275.4,0,0,0,0,0,1
15100,124.989,0.0,0,0,1,0,39.681,1.598,1,1,1,0,22.504,-1.185,0,0.0,0,0,1,1,0,3,0,1,0,0,0,12192.0,2,1,1,1,0,0,1,0,7.5,271.9,0,0,0,0,0,1
15200,124.989,0.0,0,0,1,0,39.835,1.539,1,1,1,0,22.386,-1.185,0,0.0,0,0,1,1,0,3,0,1,0,0,0,12192.0,2,1,1,1,0,0,1,0,7.4,269.1,0,0,0,0,0,1
15300,124.989,0.0,0,0,1,0,39.983,1.48,1,1,1,0,22.267,-1.185,0,0.0,0,0,1,1,0,3,0,1,0,0,0,12192.0,2,1,1,1,0,0,1,0,7.8,268.1,0,0,0,0,0,1
15400,124.989,0.0,0,0,1,0,40.125,1.421,1,1,1,0,22.149,-1.185,0,0.0,0,0,1,1,0,3,0,1,0,0,0,12192.0,2,1,1,1,0,0,1,0,7.5,266.8,0,0,0,0,0,1
15500,124.989,0.0,0,0,1,0,40.261,1.362,1,1,1,0,22.03,-1.185,0,0.0,0,0,1,1,0,3,0,1,0,0,0,12192.0,2,1,1,1,0,0,1,0,7.0,274.9,0,0,0,0,0,1
15600,124.989,0.0,0,0,1,0,40.391,1.302,1,1,1,0,21.912,-1.185,0,0.0,0,0,1,1,0,3,0,1,0,0,0,12192.0,2,1,1,1,0,0,1,0,8.0,273.4,0,0,0,0,0,1
15700,124.989,0.0,0,0,1,0,40.515,1.243,1,1,1,0,21.793,-1.185,0,0.0,0,0,1,1,0,3,0,1,0,0,0,12192.0,2,1,1,1,0,0,1,0,7.1,272.5,0,0,0,0,0,1
15800,124.989,0.0,0,0,1,0,40.634,1.184,1,1,1,0,21.675,-1.185,0,0.0,0,0,1,1,0,3,0,1,0,0,0,12192.0,2,1,1,1,0,0,1,0,6.0,271.0,0,0,0,0,0,1
15900,124.989,0.0,0,0,1,0,40.746,1.124,1,1,1,0,21.556,-1.185,0,0.0,0,0,1,1,0,3,0,1,0,0,0,12192.0,2,1,1,1,0,0,1,0,8.0,267.3,0,0,0,0,0,1
16000,124.989,0.0,0,0,1,0,40.853,1.065,1,1,1,0,21.438,-1.185,0,0.0,0,0,1,1,0,3,0,1,0,0,0,12192.0,2,1,1,1,0,0,1,0,7.6,270.1,0,0,0,0,0,1
16100,124.989,0.0,0,0,1,0,40.953,1.005,1,1,1,0,21.319,-1.185,0,0.0,0,0,1,1,0,3,0,1,0,0,0,12192.0,2,1,1,1,0,0,1,0,6.2,272.2,0,0,0,0,0,1
16200,124.989,0.0,0,0,1,0,41.048,0.946,1,1,1,0,21.201,-1.185,0,0.0,0,0,1,1,0,3,0,1,0,0,0,12192.0,2,1,1,1,0,0,1,0,7.7,272.1,0,0,0,0,0,1
16300,124.989,0.0,0,0,1,0,41.136,0.886,1,1,1,0,21.083,-1.185,0,0.0,0,0,1,1,0,3,0,1,0,0,0,12192.0,2,1,1,1,0,0,1,0,7.5,275.6,0,0,0,0,0,1
16400,124.989,0.0,0,0,1,0,41.219,0.826,1,1,1,0,20.964,-1.185,0,0.0,0,0,1,1,0,3,0,1,0,0,0,12192.0,2,1,1,1,0,0,1,0,7.5,273.3,0,0,0,0,0,1
16500,124.989,0.0,0,0,1,0,41.296,0.766,1,1,1,0,20.846,-1.185,0,0.0,0,0,1,1,0,3,0,1,0,0,0,12192.0,2,1,1,1,0,0,1,0,7.1,270.1,0,0,0,0,0,1
16600,124.989,0.0,0,0,1,0,41.366,0.706,1,1,1,0,20.727,-1.185,0,0.0,0,0,1,1,0,3,0,1,0,0,0,12192.0,2,1,1,1,0,0,1,0,7.6,272.8,0,0,0,0,0,1
16700,124.989,0.0,0,0,1,0,41.431,0.645,1,1,1,0,20.609,-1.185,0,0.0,0,0,1,1,0,3,0,1,0,0,0,12192.0,2,1,1,1,0,0,1,0,7.1,271.3,0,0,0,0,0,1
16800,124.989,0.0,0,0,1,0,41.489,0.585,1,1,1,0,20.49,-1.185,0,0.0,0,0,1,1,0,3,0,1,0,0,0,12192.0,2,1,1,1,0,0,1,0,8.0,273.0,0,0,0,0,0,1
16900,124.989,0.0,0,0,1,0,41.542,0.523,1,1,1,0,20.372,-1.185,0,0.0,0,0,1,1,0,3,0,1,0,0,0,12192.0,2,1,1,1,0,0,1,0,6.8,275.9,0,0,0,0,0,1
17000,124.989,0.0,0,0,1,0,41.588,0.462,1,1,1,0,20.253,-1.185,0,0.0,0,0,1,1,0,3,0,1,0,0,0,12192.0,2,1,1,1,0,0,1,0,6.6,267.2,0,0,0,0,0,1
17100,124.989,0.0,0,0,1,0,41.628,0.4,1,1,1,0,20.135,-1.185,0,0.0,0,0,1,1,0,3,0,1,0,0,0,12192.0,2,1,1,1,0,0,1,0,7.4,268.6,0,0,0,0,0,1
17200,124.989,0.0,0,0,1,0,41.661,0.337,1,1,1,0,20.017,-1.185,0,0.0,0,0,1,1,0,3,0,1,0,0,0,12192.0,2,1,1,1,0,0,1,0,7.3,273.7,0,0,0,0,0,1
17300,124.989,0.0,0,0,1,0,41.689,0.273,1,1,1,0,19.898,-1.185,0,0.0,0,0,1,1,0,3,0,1,0,0,0,12192.0,2,1,1,1,0,0,1,0,7.1,274.4,0,0,0,0,0,1
17400,124.989,0.0,0,0,1,0,41.709,0.207,1,1,1,0,19.785,-1.133,0,0.0,0,0,1,1,0,3,0,1,0,0,0,12192.0,2,1,1,1,0,0,1,0,8.1,266.9,0,0,0,0,0,1
17500,124.989,0.0,0,0,1,0,41.723,0.138,1,1,1,0,19.677,-1.082,0,0.0,0,0,1,1,0,3,0,1,0,0,0,12192.0,2,1,1,1,0,0,1,0,7.8,269.7,0,0,0,0,0,1
17600,124.989,0.0,0,0,1,0,41.729,0.0,0,0,1,0,19.573,-1.031,0,0.0,0,0,1,1,0,3,0,1,0,0,0,12192.0,2,1,1,1,0,0,1,0,7.7,268.9,0,0,0,0,0,1
17700,124.989,0.0,0,0,1,0,41.729,0.0,0,0,1,0,19.476,-0.979,0,0.0,0,0,1,1,0,3,0,1,0,0,0,12192.0,2,1,1,1,0,0,1,0,7.3,268.3,0,0,0,0,0,1
17800,124.989,0.0,0,0,1,0,41.729,0.0,0,0,1,0,19.383,-0.928,0,0.0,0,0,1,1,0,3,0,1,0,0,0,12192.0,2,1,1,1,0,0,1,0,8.0,267.3,0,0,0,0,0,1
17900,124.989,0.0,0,0,1,0,41.729,0.0,0,0,1,0,19.295,-0.877,0,0.0,0,0,1,1,0,3,0,1,0,0,0,12192.0,2,1,1,1,0,0,1,0,7.3,276.9,0,0,0,0,0,1
18000,124.989,0.0,0,0,1,0,41.729,0.0,0,0,1,0,19.212,-0.826,0,0.0,0,0,1,1,0,3,0,1,0,0,0,12192.0,2,1,1,1,0,0,1,0,8.5,273.0,0,0,0,0,0,1
18100,124.989,0.0,0,0,1,0,41.729,0.0,0,0,1,0,19.135,-0.774,0,0.0,0,0,1,1,0,3,0,1,0,0,0,12192.0,2,1,1,1,0,0,1,0,8.9,268.8,0,0,0,0,0,1
18200,124.989,0.0,0,0,1,0,41.729,0.0,0,0,1,0,19.063,-0.723,0,0.0,0,0,1,1,0,3,0,1,0,0,0,12192.0,2,1,1,1,0,0,1,0,8.5,270.1,0,0,0,0,0,1
18300,124.989,0.0,0,0,1,0,41.729,0.0,0,0,1,0,18.996,-0.672,0,0.0,0,0,1,1,0,3,0,1,0,0,0,12192.0,2,1,1,1,0,0,1,0,7.7,267.0,0,0,0,0,0,1
18400,124.989,0.0,0,0,1,0,41.729,0.0,0,0,1,0,18.934,-0.62,0,0.0,0,0,1,1,0,3,0,1,0,0,0,12192.0,2,1,1,1,0,0,1,0,8.1,271.6,0,0,0,0,0,1
18500,124.989,0.0,0,0,1,0,41.729,0.0,0,0,1,0,18.877,-0.569,0,0.0,0,0,1,1,0,3,0,1,0,0,0,12192.0,2,1,1,1,0,0,1,0,7.7,269.7,0,0,0,0,0,1
18600,124.989,0.0,0,0,1,0,41.729,0.0,0,0,1,0,18.825,-0.518,0,0.0,0,0,1,1,0,3,0,1,0,0,0,12192.0,2,1,1,1,0,0,1,0,8.9,273.6,0,0,0,0,0,1
18700,124.989,0.0,0,0,1,0,41.729,0.0,0,0,1,0,18.778,-0.467,0,0.0,0,0,1,1,0,3,0,1,0,0,0,12192.0,2,1,1,1,0,0,1,0,7.8,271.6,0,0,0,0,0,1
18800,124.989,0.0,0,0,1,0,41.729,0.0,0,0,1,0,18.737,-0.415,0,0.0,0,0,1,1,0,3,0,1,0,0,0,12192.0,2,1,1,1,0,0,1,0,7.6,269.0,0,0,0,0,0,1
18900,124.989,0.0,0,0,1,0,41.729,0.0,0,0,1,0,18.7,-0.364,0,0.0,0,0,1,1,0,3,0,1,0,0,0,12192.0,2,1,1,1,0,0,1,0,9.5,266.4,0,0,0,0,0,1
19000,124.989,0.0,0,0,1,0,41.729,0.0,0,0,1,0,18.669,-0.313,0,0.0,0,0,1,1,0,3,0,1,0,0,0,12192.0,2,1,1,1,0,0,1,0,8.9,267.5,0,0,0,0,0,1
19100,124.989,0.0,0,0,1,0,41.729,0.0,0,0,1,0,18.643,-0.261,0,0.0,0,0,1,1,0,3,0,1,0,0,0,12192.0,2,1,1,1,0,0,1,0,9.0,267.2,0,0,0,0,0,1
19200,124.989,0.0,0,0,1,0,41.729,0.0,0,0,1,0,18.622,-0.21,0,0.0,0,0,1,1,0,3,0,1,0,0,0,12192.0,2,1,1,1,0,0,1,0,8.9,267.4,0,0,0,0,0,1
19300,124.989,0.0,0,0,1,0,41.729,0.0,0,0,1,0,18.606,-0.159,0,0.0,0,0,1,1,0,3,0,1,0,0,0,12192.0,2,1,1,1,0,0,1,0,8.8,267.2,0,0,0,0,0,1
19400,124.989,0.0,0,0,1,0,41.729,0.0,0,0,1,0,18.59,-0.162,0,0.0,0,0,1,1,0,3,0,1,0,0,0,12192.0,2,1,1,1,0,0,1,0,8.5,265.7,0,0,0,0,0,1
19500,124.989,0.0,0,0,1,0,41.729,0.0,0,0,1,0,18.58,-0.098,0,0.0,0,0,1,1,0,3,0,1,0,0,0,12192.0,2,1,1,1,0,0,1,0,8.7,269.5,0,0,0,0,0,1
19600,124.989,0.0,0,0,0,0,41.729,0.0,0,0,0,0,18.575,0.0,0,0.0,0,0,0,0,0,3,0,1,0,0,0,12192.0,2,1,1,0,1,0,1,0,10.0,273.2,0,0,0,0,0,1
19700,124.989,0.0,0,0,1,0,41.729,0.0,0,0,1,0,18.57,-0.051,0,0.0,0,0,1,1,0,3,0,1,0,0,0,12192.0,2,1,1,1,0,0,1,0,8.4,269.2,0,0,0,0,0,1
19800,124.989,0.0,0,0,1,0,41.729,0.0,0,0,1,0,18.56,-0.103,0,0.0,0,0,1,1,0,3,0,1,0,0,0,12192.0,2,1,1,1,0,0,1,0,8.5,265.7,0,0,0,0,0,1
19900,124.989,0.0,0,0,1,0,41.729,0.0,0,0,1,0,18.545,-0.154,0,0.0,0,0,1,1,0,3,0,1,0,0,0,12192.0,2,1,1,1,0,0,1,0,8.9,267.0,0,0,0,0,0,1
20000,124.989,0.0,0,0,1,0,41.729,0.0,0,0,1,0,18.524,-0.205,0,0.0,0,0,1,1,0,3,0,1,0,0,0,12192.0,2,1,1,1,0,0,1,0,9.3,268.8,0,0,0,0,0,1
20100,124.989,0.0,0,0,1,0,41.729,0.0,0,0,1,0,18.498,-0.256,0,0.0,0,0,1,1,0,3,0,1,0,0,0,12192.0,2,1,1,1,0,0,1,0,9.3,268.7,0,0,0,0,0,1
20200,124.989,0.0,0,0,1,0,41.729,0.0,0,0,1,0,18.468,-0.308,0,0.0,0,0,1,1,0,3,0,1,0,0,0,12192.0,2,1,1,1,0,0,1,0,9.0,267.4,0,0,0,0,0,1
20300,124.989,0.0,0,0,1,0,41.729,0.0,0,0,1,0,18.432,-0.359,0,0.0,0,0,1,1,0,3,0,1,0,0,0,12192.0,2,1,1,1,0,0,1,0,8.3,270.5,0,0,0,0,0,1
20400,124.989,0.0,0,0,1,0,41.729,0.0,0,0,1,0,18.391,-0.41,0,0.0,0,0,1,1,0,3,0,1,0,0,0,12192.0,2,1,1,1,0,0,1,0,9.2,274.0,0,0,0,0,0,1
20500,124.989,0.0,0,0,1,0,41.729,0.0,0,0,1,0,18.345,-0.462,0,0.0,0,0,1,1,0,3,0,1,0,0,0,12192.0,2,1,1,1,0,0,1,0,8.3,269.7,0,0,0,0,0,1
20600,124.989,0.0,0,0,1,0,41.729,0.0,0,0,1,0,18.293,-0.513,0,0.0,0,0,1,1,0,3,0,1,0,0,0,12192.0,2,1,1,1,0,0,1,0,8.7,270.7,0,0,0,0,0,1
20700,124.989,0.0,0,0,1,0,41.729,0.0,0,0,1,0,18.237,-0.564,0,0.0,0,0,1,1,0,3,0,1,0,0,0,12192.0,2,1,1,1,0,0,1,0,8.1,268.8,0,0,0,0,0,1
20800,124.989,0.0,0,0,1,0,41.729,0.0,0,0,1,0,18.175,-0.615,0,0.0,0,0,1,1,0,3,0,1,0,0,0,12192.0,2,1,1,1,0,0,1,0,8.5,272.9,0,0,0,0,0,1
20900,124.989,0.0,0,0,1,0,41.729,0.0,0,0,1,0,18.109,-0.667,0,0.0,0,0,1,1,0,3,0,1,0,0,0,12192.0,2,1,1,1,0,0,1,0,8.8,269.8,0,0,0,0,0,1
21000,124.989,0.0,0,0,1,0,41.729,0.0,0,0,1,0,18.037,-0.718,0,0.0,0,0,1,1,0,3,0,1,0,0,0,12192.0,2,1,1,1,0,0,1,0,9.1,271.6,0,0,0,0,0,1
21100,124.989,0.0,0,0,1,0,41.729,0.0,0,0,1,0,17.96,-0.769,0,0.0,0,0,1,1,0,3,0,1,0,0,0,12192.0,2,1,1,1,0,0,1,0,8.6,270.3,0,0,0,0,0,1
21200,124.989,0.0,0,0,1,0,41.729,0.0,0,0,1,0,17.878,-0.821,0,0.0,0,0,1,1,0,3,0,1,0,0,0,12192.0,2,1,1,1,0,0,1,0,8.7,267.5,0,0,0,0,0,1
21300,124.989,0.0,0,0,1,0,41.729,0.0,0,0,1,0,17.791,-0.872,0,0.0,0,0,1,1,0,3,0,1,0,0,0,12192.0,2,1,1,1,0,0,1,0,8.1,267.7,0,0,0,0,0,1
21400,124.989,0.0,0,0,1,0,41.729,0.0,0,0,1,0,17.698,-0.923,0,0.0,0,0,1,1,0,3,0,1,0,0,0,12192.0,2,1,1,1,0,0,1,0,8.6,275.6,0,0,0,0,0,1
21500,124.989,0.0,0,0,1,0,41.729,0.0,0,0,1,0,17.601,-0.974,0,0.0,0,0,1,1,0,3,0,1,0,0,0,12192.0,2,1,1,1,0,0,1,0,7.7,267.2,0,0,0,0,0,1
21600,124.989,0.0,0,0,1,0,41.729,0.0,0,0,1,0,17.498,-1.026,0,0.0,0,0,1,1,0,3,0,1,0,0,0,12192.0,2,1,1,1,0,0,1,0,7.3,269.3,0,0,0,0,0,1
21700,124.989,0.0,0,0,1,0,41.729,0.0,0,0,1,0,17.391,-1.077,0,0.0,0,0,1,1,0,3,0,1,0,0,0,12192.0,2,1,1,1,0,0,1,0,8.0,276.3,0,0,0,0,0,1
21800,124.989,0.0,0,0,1,0,41.729,0.0,0,0,1,0,17.278,-1.128,0,0.0,0,0,1,1,0,3,0,1,0,0,0,12192.0,2,1,1,1,0,0,1,0,8.7,268.0,0,0,0,0,0,1
21900,124.989,0.0,0,0,1,0,41.729,0.0,0,0,1,0,17.16,-1.18,0,0.0,0,0,1,1,0,3,0,1,0,0,0,12192.0,2,1,1,1,0,0,1,0,8.8,274.7,0,0,0,0,0,1
22000,124.989,0.0,0,0,1,0,41.729,0.0,0,0,1,0,17.041,-1.185,0,0.0,0,0,1,1,0,3,0,1,0,0,0,12192.0,2,1,1,1,0,0,1,0,8.1,273.2,0,0,0,0,0,1
22100,124.989,0.0,0,0,1,0,41.729,0.0,0,0,1,0,16.923,-1.185,0,0.0,0,0,1,1,0,3,0,1,0,0,0,12192.0,2,1,1,1,0,0,1,0,8.8,269.2,0,0,0,0,0,1
22200,124.989,0.0,0,0,1,0,41.729,0.0,0,0,1,0,16.805,-1.185,0,0.0,0,0,1,1,0,3,0,1,0,0,0,12192.0,2,1,1,1,0,0,1,0,7.6,269.1,0,0,0,0,0,1
22300,124.989,0.0,0,0,1,0,41.729,0.0,0,0,1,0,16.686,-1.185,0,0.0,0,0,1,1,0,3,0,1,0,0,0,12192.0,2,1,1,1,0,0,1,0,8.7,273.5,0,0,0,0,0,1
22400,124.989,0.0,0,0,1,0,41.729,0.0,0,0,1,0,16.568,-1.185,0,0.0,0,0,1,1,0,3,0,1,0,0,0,12192.0,2,1,1,1,0,0,1,0,8.1,270.3,0,0,0,0,0,1
22500,124.989,0.0,0,0,1,0,41.729,0.0,0,0,1,0,16.449,-1.185,0,0.0,0,0,1,1,0,3,0,1,0,0,0,12192.0,2,1,1,1,0,0,1,0,8.5,269.3,0,0,0,0,0,1
22600,124.989,0.0,0,0,1,0,41.729,0.0,0,0,1,0,16.331,-1.185,0,0.0,0,0,1,1,0,3,0,1,0,0,0,12192.0,2,1,1,1,0,0,1,0,8.0,271.0,0,0,0,0,0,1
22700,124.989,0.0,0,0,1,0,41.729,0.0,0,0,1,0,16.212,-1.185,0,0.0,0,0,1,1,0,3,0,1,0,0,0,12192.0,2,1,1,1,0,0,1,0,7.8,268.3,0,0,0,0,0,1
22800,124.989,0.0,0,0,1,0,41.729,0.0,0,0,1,0,16.094,-1.185,0,0.0,0,0,1,1,0,3,0,1,0,0,0,12192.0,2,1,1,1,0,0,1,0,8.1,273.9,0,0,0,0,0,1
22900,124.989,0.0,0,0,1,0,41.729,0.0,0,0,1,0,15.975,-1.185,0,0.0,0,0,1,1,0,3,0,1,0,0,0,12192.0,2,1,1,1,0,0,1,0,6.9,273.9,0,0,0,0,0,1
23000,124.989,0.0,0,0,1,0,41.729,0.0,0,0,1,0,15.857,-1.185,0,0.0,0,0,1,1,0,3,0,1,0,0,0,12192.0,2,1,1,1,0,0,1,0,7.9,273.1,0,0,0,0,0,1
23100,124.989,0.0,0,0,1,0,41.729,0.0,0,0,1,0,15.738,-1.185,0,0.0,0,0,1,1,0,3,0,1,0,0,0,12192.0,2,1,1,1,0,0,1,0,8.1,271.7,0,0,0,0,0,1
23200,124.989,0.0,0,0,1,0,41.729,0.0,0,0,1,0,15.62,-1.185,0,0.0,0,0,1,1,0,3,0,1,0,0,0,12192.0,2,1,1,1,0,0,1,0,7.4,271.4,0,0,0,0,0,1
23300,124.989,0.0,0,0,1,0,41.729,0.0,0,0,1,0,15.502,-1.185,0,0.0,0,0,1,1,0,3,0,1,0,0,0,12192.0,2,1,1,1,0,0,1,0,7.5,269.8,0,0,0,0,0,1
23400,124.989,0.0,0,0,1,0,41.729,0.0,0,0,1,0,15.383,-1.185,0,0.0,0,0,1,1,0,3,0,1,0,0,0,12192.0,2,1,1,1,0,0,1,0,8.1,268.1,0,0,0,0,0,1
23500,124.989,0.0,0,0,1,0,41.729,0.0,0,0,1,0,15.265,-1.185,0,0.0,0,0,1,1,0,3,0,1,0,0,0,12192.0,2,1,1,1,0,0,1,0,6.8,269.4,0,0,0,0,0,1
23600,124.989,0.0,0,0,1,0,41.729,0.0,0,0,1,0,15.151,-1.133,0,0.0,0,0,1,1,0,3,0,1,0,0,0,12192.0,2,1,1,1,0,0,1,0,7.8,272.6,0,0,0,0,0,1
23700,124.989,0.0,0,0,1,0,41.729,0.0,0,0,1,0,15.043,-1.082,0,0.0,0,0,1,1,0,3,0,1,0,0,0,12192.0,2,1,1,1,0,0,1,0,8.2,272.7,0,0,0,0,0,1
23800,124.989,0.0,0,0,1,0,41.729,0.0,0,0,1,0,14.94,-1.031,0,0.0,0,0,1,1,0,3,0,1,0,0,0,12192.0,2,1,1,1,0,0,1,0,7.4,273.1,0,0,0,0,0,1
23900,124.989,0.0,0,0,1,0,41.729,0.0,0,0,1,0,14.842,-0.979,0,0.0,0,0,1,1,0,3,0,1,0,0,0,12192.0,2,1,1,1,0,0,1,0,6.9,272.4,0,0,0,0,0,1
24000,124.989,0.0,0,0,1,0,41.729,0.0,0,0,1,0,14.749,-0.928,0,0.0,0,0,1,1,0,3,0,1,0,0,0,12192.0,2,1,1,1,0,0,1,0,6.5,269.2,0,0,0,0,0,1
24100,124.989,0.0,0,0,1,0,41.729,0.0,0,0,1,0,14.662,-0.877,0,0.0,0,0,1,1,0,3,0,1,0,0,0,12192.0,2,1,1,1,0,0,1,0,7.5,274.3,0,0,0,0,0,1
24200,124.989,0.0,0,0,1,0,41.729,0.0,0,0,1,0,14.579,-0.826,0,0.0,0,0,1,1,0,3,0,1,0,0,0,12192.0,2,1,1,1,0,0,1,0,7.1,271.1,0,0,0,0,0,1
24300,124.989,0.0,0,0,1,0,41.729,0.0,0,0,1,0,14.502,-0.774,0,0.0,0,0,1,1,0,3,0,1,0,0,0,12192.0,2,1,1,1,0,0,1,0,6.9,271.0,0,0,0,0,0,1
24400,124.989,0.0,0,0,1,0,41.729,0.0,0,0,1,0,14.429,-0.723,0,0.0,0,0,1,1,0,3,0,1,0,0,0,12192.0,2,1,1,1,0,0,1,0,8.0,262.8,0,0,0,0,0,1
24500,124.989,0.0,0,0,1,0,41.729,0.0,0,0,1,0,14.362,-0.672,0,0.0,0,0,1,1,0,3,0,1,0,0,0,12192.0,2,1,1,1,0,0,1,0,6.9,268.2,0,0,0,0,0,1
24600,124.989,0.0,0,0,1,0,41.729,0.0,0,0,1,0,14.3,-0.62,0,0.0,0,0,1,1,0,3,0,1,0,0,0,12192.0,2,1,1,1,0,0,1,0,7.2,271.8,0,0,0,0,0,1
24700,124.989,0.0,0,0,1,0,41.729,0.0,0,0,1,0,14.243,-0.569,0,0.0,0,0,1,1,0,3,0,1,0,0,0,12192.0,2,1,1,1,0,0,1,0,7.0,268.6,0,0,0,0,0,1
24800,124.989,0.0,0,0,1,0,41.729,0.0,0,0,1,0,14.191,-0.518,0,0.0,0,0,1,1,0,3,0,1,0,0,0,12192.0,2,1,1,1,0,0,1,0,7.5,272.8,0,0,0,0,0,1
24900,124.989,0.0,0,0,1,0,41.729,0.0,0,0,1,0,14.145,-0.467,0,0.0,0,0,1,1,0,3,0,1,0,0,0,12192.0,2,1,1,1,0,0,1,0,7.2,271.5,0,0,0,0,0,1
25000,124.989,0.0,0,0,1,0,41.729,0.0,0,0,1,0,14.103,-0.415,0,0.0,0,0,1,1,0,3,0,1,0,0,0,12192.0,2,1,1,1,0,0,1,0,7.3,268.7,0,0,0,0,0,1
25100,124.989,0.0,0,0,1,0,41.729,0.0,0,0,1,0,14.067,-0.364,0,0.0,0,0,1,1,0,3,0,1,0,0,0,12192.0,2,1,1,1,0,0,1,0,7.6,267.5,0,0,0,0,0,1
25200,124.989,0.0,0,0,1,0,41.729,0.0,0,0,1,0,14.036,-0.313,0,0.0,0,0,1,1,0,3,0,1,0,0,0,12192.0,2,1,1,1,0,0,1,0,7.3,268.3,0,0,0,0,0,1
25300,124.989,0.0,0,0,1,0,41.729,0.0,0,0,1,0,14.009,-0.261,0,0.0,0,0,1,1,0,3,0,1,0,0,0,12192.0,2,1,1,1,0,0,1,0,7.9,269.2,0,0,0,0,0,1
25400,124.989,0.0,0,0,1,0,41.729,0.0,0,0,1,0,13.988,-0.21,0,0.0,0,0,1,1,0,3,0,1,0,0,0,12192.0,2,1,1,1,0,0,1,0,7.8,271.1,0,0,0,0,0,1
25500,124.989,0.0,0,0,1,0,41.729,0.0,0,0,1,0,13.973,-0.159,0,0.0,0,0,1,1,0,3,0,1,0,0,0,12192.0,2,1,1,1,0,0,1,0,7.4,266.8,0,0,0,0,0,1
25600,124.989,0.0,0,0,1,0,41.729,0.0,0,0,1,0,13.956,-0.165,0,0.0,0,0,1,1,0,3,0,1,0,0,0,12192.0,2,1,1,1,0,0,1,0,7.6,269.5,0,0,0,0,0,1
25700,124.989,0.0,0,0,1,0,41.729,0.0,0,0,1,0,13.946,-0.101,0,0.0,0,0,1,1,0,3,0,1,0,0,0,12192.0,2,1,1,1,0,0,1,0,7.6,270.3,0,0,0,0,0,1
25800,124.989,0.0,0,0,0,0,41.729,0.0,0,0,0,0,13.941,0.0,0,0.0,0,0,0,0,0,3,0,1,0,0,0,12192.0,2,1,1,0,1,0,1,0,7.5,270.1,0,0,0,0,0,1
25900,124.989,0.0,0,0,0,0,41.729,0.0,0,0,0,0,13.941,0.0,0,0.0,0,0,0,0,0,3,0,1,1,1,0,12192.0,2,1,1,0,1,0,1,0,7.6,265.3,0,0,0,0,0,1
26000,124.989,0.0,0,0,0,0,41.729,0.0,0,0,0,0,13.941,0.0,0,0.0,0,0,0,0,0,3,0,1,1,1,0,12192.0,2,1,1,0,1,0,1,0,7.9,268.7,0,0,0,0,0,1
26100,124.989,0.0,0,0,0,0,41.729,0.0,0,0,0,0,13.941,0.0,0,0.0,0,0,0,0,0,3,0,1,1,1,0,12192.0,2,1,1,0,1,0,1,0,8.2,271.3,0,0,0,0,0,1
26200,124.989,0.0,0,0,0,0,41.729,0.0,0,0,0,0,13.941,0.0,0,0.0,0,0,0,0,0,3,0,1,1,1,0,12192.0,2,1,1,0,1,0,1,0,7.7,269.5,0,0,0,0,0,1
26300,124.989,0.0,0,0,0,0,41.729,0.0,0,0,0,0,13.941,0.0,0,0.0,0,0,0,0,0,3,0,1,1,1,0,12192.0,2,1,1,0,1,0,1,0,7.7,270.0,0,0,0,0,0,1
26400,124.989,0.0,0,0,0,0,41.729,0.0,0,0,0,0,13.941,0.0,0,0.0,0,0,0,0,0,3,0,1,1,1,0,12192.0,2,1,1,0,1,0,1,0,8.1,272.3,0,0,0,0,0,1
26500,124.989,0.0,0,0,0,0,41.729,0.0,0,0,0,0,13.941,0.0,0,0.0,0,0,0,0,0,3,0,1,1,1,0,12192.0,2,1,1,0,1,0,1,0,7.9,271.3,0,0,0,0,0,1
26600,124.989,0.0,0,0,0,0,41.729,0.0,0,0,0,0,13.941,0.0,0,0.0,0,0,0,0,0,3,0,1,1,1,0,12192.0,2,1,1,0,1,0,1,0,7.6,273.3,0,0,0,0,0,1
26700,124.989,0.0,0,0,0,0,41.729,0.0,0,0,0,0,13.941,0.0,0,0.0,0,0,0,0,0,3,0,1,1,1,0,12192.0,2,1,1,0,1,0,1,0,8.0,266.2,0,0,0,0,0,1
26800,124.989,0.0,0,0,0,0,41.729,0.0,0,0,0,0,13.941,0.0,0,0.0,0,0,0,0,0,3,0,1,1,1,0,12192.0,2,1,1,0,1,0,1,0,8.4,270.4,0,0,0,0,0,1
26900,124.989,0.0,0,0,0,0,41.729,0.0,0,0,0,0,13.941,0.0,0,0.0,0,0,0,0,0,3,0,1,1,1,0,12192.0,2,1,1,0,1,0,1,0,6.8,270.3,0,0,0,0,0,1
27000,124.989,0.0,0,0,0,0,41.729,0.0,0,0,0,0,13.941,0.0,0,0.0,0,0,0,0,0,3,0,1,1,1,0,12192.0,2,1,1,0,1,0,1,0,8.2,269.6,0,0,0,0,0,1
27100,124.989,0.0,0,0,0,0,41.729,0.0,0,0,0,0,13.941,0.0,0,40.06,0,0,0,0,0,3,1,0,1,1,0,12192.0,2,1,1,0,1,0,1,0,7.4,266.4,0,0,0,0,0,1
27200,124.989,0.0,0,0,0,0,41.729,0.0,0,0,0,0,13.941,0.0,0,39.93,0,0,0,0,0,3,1,0,1,1,0,12192.0,2,1,1,0,1,0,1,0,7.6,270.3,0,0,0,0,0,1
27300,124.989,0.0,0,0,0,0,41.729,0.0,0,0,0,0,13.941,0.0,0,40.03,0,0,0,0,0,3,1,0,1,1,0,12192.0,2,1,1,0,1,0,1,0,8.1,268.7,0,0,0,0,0,1
27400,124.989,0.0,0,0,0,0,41.729,0.0,0,0,0,0,13.941,0.0,0,39.88,0,0,0,0,0,3,1,0,1,1,0,12192.0,2,1,1,0,1,0,1,0,8.6,269.0,0,0,0,0,0,1
27500,124.989,0.0,0,0,0,0,41.729,0.0,0,0,0,0,13.941,0.0,0,40.05,0,0,0,0,0,3,1,0,1,1,0,12192.0,2,1,1,0,1,0,1,0,8.1,266.1,0,0,0,0,0,1
27600,124.989,0.0,0,0,0,0,41.729,0.0,0,0,0,0,13.941,0.0,0,39.99,0,0,0,0,0,3,1,0,1,1,0,12192.0,2,1,1,0,1,0,1,0,8.1,269.9,0,0,0,0,0,1
27700,124.989,0.0,0,0,0,0,41.729,0.0,0,0,0,0,13.941,0.0,0,40.21,0,0,0,0,0,3,1,0,1,1,0,12192.0,2,1,1,0,1,0,1,0,8.0,266.9,0,0,0,0,0,1
27800,124.989,0.0,0,0,0,0,41.729,0.0,0,0,0,0,13.941,0.0,0,39.94,0,0,0,0,0,3,1,0,1,1,0,12192.0,2,1,1,0,1,0,1,0,8.7,272.0,0,0,0,0,0,1
27900,124.989,0.0,0,0,0,0,41.729,0.0,0,0,0,0,13.941,0.0,0,39.96,0,0,0,0,0,3,1,0,1,1,0,12192.0,2,1,1,0,1,0,1,0,8.3,274.4,0,0,0,0,0,1
28000,124.989,0.0,0,0,0,0,41.729,0.0,0,0,0,0,13.941,0.0,0,39.92,0,0,0,0,0,3,1,0,1,1,0,12192.0,2,1,1,0,1,0,1,0,8.2,268.5,0,0,0,0,0,1
28100,124.989,0.0,0,0,0,0,41.729,0.0,0,0,0,0,13.941,0.0,0,39.99,0,0,0,0,0,3,1,0,1,1,0,12192.0,2,1,1,0,1,0,1,0,8.4,268.2,0,0,0,0,0,1
28200,124.989,0.0,0,0,0,0,41.729,0.0,0,0,0,0,13.941,0.0,0,40.08,0,0,0,0,0,3,1,0,1,1,0,12192.0,2,1,1,0,1,0,1,0,8.7,272.1,0,0,0,0,0,1
28300,124.989,0.0,0,0,0,0,41.729,0.0,0,0,0,0,13.941,0.0,0,40.01,0,0,0,0,0,3,1,0,1,1,0,12192.0,2,1,1,0,1,0,1,0,8.3,268.9,0,0,0,0,0,1
28400,124.989,0.0,0,0,0,0,41.729,0.0,0,0,0,0,13.941,0.0,0,39.68,0,0,0,0,0,3,1,0,1,1,0,12192.0,2,1,1,0,1,0,1,0,8.5,271.4,0,0,0,0,0,1
28500,124.989,0.0,0,0,0,0,41.729,0.0,0,0,0,0,13.941,0.0,0,40.08,0,0,0,0,0,3,1,0,1,1,0,12192.0,2,1,1,0,1,0,1,0,8.4,274.1,0,0,0,0,0,1
28600,124.989,0.0,0,0,0,0,41.729,0.0,0,0,0,0,13.941,0.0,0,40.06,0,0,0,0,0,3,1,0,1,1,0,12192.0,2,1,1,0,1,0,1,0,8.6,267.8,0,0,0,0,0,1
28700,124.989,0.0,0,0,0,0,41.729,0.0,0,0,0,0,13.941,0.0,0,39.99,0,0,0,0,0,3,1,0,1,1,0,12192.0,2,1,1,0,1,0,1,0,8.7,268.5,0,0,0,0,0,1
28800,124.989,0.0,0,0,0,0,41.729,0.0,0,0,0,0,13.941,0.0,0,39.89,0,0,0,0,0,3,1,0,1,1,0,12192.0,2,1,1,0,1,0,1,0,7.9,269.0,0,0,0,0,0,1
28900,124.989,0.0,0,0,1,0,41.729,0.0,0,0,1,0,13.946,0.051,1,42.14,0,0,1,1,0,3,1,0,0,1,0,12192.0,2,1,1,1,0,0,1,0,8.9,266.1,0,0,0,0,0,1
29000,124.989,0.0,0,0,1,0,41.729,0.0,0,0,1,0,13.956,0.103,1,42.13,0,0,1,1,0,3,1,0,0,1,0,12192.0,2,1,1,1,0,0,1,0,8.8,268.7,0,0,0,0,0,1
29100,124.989,0.0,0,0,1,0,41.729,0.0,0,0,1,0,13.972,0.154,1,42.07,0,0,1,1,0,3,1,0,0,1,0,12192.0,2,1,1,1,0,0,1,0,7.8,269.5,0,0,0,0,0,1
29200,124.989,0.0,0,0,1,0,41.729,0.0,0,0,1,0,13.992,0.205,1,41.96,0,0,1,1,0,3,1,0,0,1,0,12192.0,2,1,1,1,0,0,1,0,9.5,272.1,0,0,0,0,0,1
29300,124.989,0.0,0,0,1,0,41.729,0.0,0,0,1,0,14.018,0.256,1,42.08,0,0,1,1,0,3,1,0,0,1,0,12192.0,2,1,1,1,0,0,1,0,8.5,269.9,0,0,0,0,0,1
29400,124.989,0.0,0,0,1,0,41.729,0.0,0,0,1,0,14.049,0.308,1,42.18,0,0,1,1,0,3,1,0,0,1,0,12192.0,2,1,1,1,0,0,1,0,8.9,268.6,0,0,0,0,0,1
29500,124.989,0.0,0,0,1,0,41.729,0.0,0,0,1,0,14.085,0.359,1,42.35,0,0,1,1,0,3,1,0,0,1,0,12192.0,2,1,1,1,0,0,1,0,8.7,271.7,0,0,0,0,0,1
29600,124.989,0.0,0,0,1,0,41.729,0.0,0,0,1,0,14.126,0.41,1,41.96,0,0,1,1,0,3,1,0,0,1,0,12192.0,2,1,1,1,0,0,1,0,8.8,268.3,0,0,0,0,0,1
29700,124.989,0.0,0,0,1,0,41.729,0.0,0,0,1,0,14.172,0.462,1,41.89,0,0,1,1,0,3,1,0,0,1,0,12192.0,2,1,1,1,0,0,1,0,8.6,268.9,0,0,0,0,0,1
29800,124.989,0.0,0,0,1,0,41.729,0.0,0,0,1,0,14.223,0.513,1,42.01,0,0,1,1,0,3,1,0,0,1,0,12192.0,2,1,1,1,0,0,1,0,9.0,272.8,0,0,0,0,0,1
29900,124.989,0.0,0,0,1,0,41.729,0.0,0,0,1,0,14.279,0.564,1,42.03,0,0,1,1,0,3,1,0,0,1,0,12192.0,2,1,1,1,0,0,1,0,8.5,262.6,0,0,0,0,0,1
30000,124.989,0.0,0,0,1,0,41.729,0.0,0,0,1,0,14.341,0.615,1,42.09,0,0,1,1,0,3,1,0,0,1,0,12192.0,2,1,1,1,0,0,1,0,8.8,275.7,0,0,0,0,0,1
30100,124.989,0.0,0,0,1,0,41.729,0.0,0,0,1,0,14.408,0.667,1,42.22,0,0,1,1,0,3,1,0,0,1,0,12192.0,2,1,1,1,0,0,1,0,9.4,270.6,0,0,0,0,0,1
30200,124.989,0.0,0,0,1,0,41.729,0.0,0,0,1,0,14.479,0.718,1,42.07,0,0,1,1,0,3,1,0,0,1,0,12192.0,2,1,1,1,0,0,1,0,8.2,264.3,0,0,0,0,0,1
30300,124.989,0.0,0,0,1,0,41.729,0.0,0,0,1,0,14.556,0.769,1,42.0,0,0,1,1,0,3,1,0,0,1,0,12192.0,2,1,1,1,0,0,1,0,8.5,272.4,0,0,0,0,0,1
30400,124.989,0.0,0,0,1,0,41.729,0.0,0,0,1,0,14.638,0.821,1,42.24,0,0,1,1,0,3,1,0,0,1,0,12192.0,2,1,1,1,0,0,1,0,8.1,267.1,0,0,0,0,0,1
30500,124.989,0.0,0,0,1,0,41.729,0.0,0,0,1,0,14.726,0.872,1,41.97,0,0,1,1,0,3,1,0,0,1,0,12192.0,2,1,1,1,0,0,1,0,8.5,271.9,0,0,0,0,0,1
30600,124.989,0.0,0,0,1,0,41.729,0.0,0,0,1,0,14.818,0.923,1,42.12,0,0,1,1,0,3,1,0,0,1,0,12192.0,2,1,1,1,0,0,1,0,8.9,269.7,0,0,0,0,0,1
30700,124.989,0.0,0,0,1,0,41.729,0.0,0,0,1,0,14.915,0.974,1,42.06,0,0,1,1,0,3,1,0,0,1,0,12192.0,2,1,1,1,0,0,1,0,8.5,269.6,0,0,0,0,0,1
30800,124.989,0.0,0,0,1,0,41.729,0.0,0,0,1,0,15.018,1.026,1,42.07,0,0,1,1,0,3,1,0,0,1,0,12192.0,2,1,1,1,0,0,1,0,8.9,266.7,0,0,0,0,0,1
30900,124.989,0.0,0,0,1,0,41.729,0.0,0,0,1,0,15.126,1.077,1,42.03,0,0,1,1,0,3,1,0,0,1,0,12192.0,2,1,1,1,0,0,1,0,8.4,270.6,0,0,0,0,0,1
31000,124.989,0.0,0,0,1,0,41.729,0.0,0,0,1,0,15.238,1.128,1,42.09,0,0,1,1,0,3,1,0,0,1,0,12192.0,2,1,1,1,0,0,1,0,8.2,272.1,0,0,0,0,0,1
31100,124.989,0.0,0,0,1,0,41.729,0.0,0,0,1,0,15.356,1.18,1,42.24,0,0,1,1,0,3,1,0,0,1,0,12192.0,2,1,1,1,0,0,1,0,8.0,271.5,0,0,0,0,0,1
31200,124.989,0.0,0,0,1,0,41.729,0.0,0,0,1,0,15.475,1.185,1,42.17,0,0,1,1,0,3,1,0,0,1,0,12192.0,2,1,1,1,0,0,1,0,7.4,275.8,0,0,0,0,0,1
31300,124.989,0.0,0,0,1,0,41.729,0.0,0,0,1,0,15.593,1.185,1,41.97,0,0,1,1,0,3,1,0,0,1,0,12192.0,2,1,1,1,0,0,1,0,7.0,269.7,0,0,0,0,0,1
31400,124.989,0.0,0,0,1,0,41.729,0.0,0,0,1,0,15.712,1.185,1,41.86,0,0,1,1,0,3,1,0,0,1,0,12192.0,2,1,1,1,0,0,1,0,8.2,266.9,0,0,0,0,0,1
31500,124.989,0.0,0,0,1,0,41.729,0.0,0,0,1,0,15.83,1.185,1,42.43,0,0,1,1,0,3,1,0,0,1,0,12192.0,2,1,1,1,0,0,1,0,8.2,271.8,0,0,0,0,0,1
31600,124.989,0.0,0,0,1,0,41.729,0.0,0,0,1,0,15.949,1.185,1,42.06,0,0,1,1,0,3,1,0,0,1,0,12192.0,2,1,1,1,0,0,1,0,8.1,274.4,0,0,0,0,0,1
31700,124.989,0.0,0,0,1,0,41.729,0.0,0,0,1,0,16.067,1.185,1,42.18,0,0,1,1,0,3,1,0,0,1,0,12192.0,2,1,1,1,0,0,1,0,7.1,269.8,0,0,0,0,0,1
31800,124.989,0.0,0,0,1,0,41.729,0.0,0,0,1,0,16.186,1.185,1,42.07,0,0,1,1,0,3,1,0,0,1,0,12192.0,2,1,1,1,0,0,1,0,9.1,266.2,0,0,0,0,0,1
31900,124.989,0.0,0,0,1,0,41.729,0.0,0,0,1,0,16.304,1.185,1,42.17,0,0,1,1,0,3,1,0,0,1,0,12192.0,2,1,1,1,0,0,1,0,8.2,270.5,0,0,0,0,0,1
32000,124.989,0.0,0,0,1,0,41.729,0.0,0,0,1,0,16.423,1.185,1,42.15,0,0,1,1,0,3,1,0,0,1,0,12192.0,2,1,1,1,0,0,1,0,7.8,269.7,0,0,0,0,0,1
32100,124.989,0.0,0,0,1,0,41.729,0.0,0,0,1,0,16.541,1.185,1,41.89,0,0,1,1,0,3,1,0,0,1,0,12192.0,2,1,1,1,0,0,1,0,7.6,270.5,0,0,0,0,0,1
32200,124.989,0.0,0,0,1,0,41.729,0.0,0,0,1,0,16.659,1.185,1,42.01,0,0,1,1,0,3,1,0,0,1,0,12192.0,2,1,1,1,0,0,1,0,7.6,271.4,0,0,0,0,0,1
32300,124.989,0.0,0,0,1,0,41.729,0.0,0,0,1,0,16.778,1.185,1,41.93,0,0,1,1,0,3,1,0,0,1,0,12192.0,2,1,1,1,0,0,1,0,7.1,266.2,0,0,0,0,0,1
32400,124.989,0.0,0,0,1,0,41.729,0.0,0,0,1,0,16.896,1.185,1,41.97,0,0,1,1,0,3,1,0,0,1,0,12192.0,2,1,1,1,0,0,1,0,8.0,269.0,0,0,0,0,0,1
32500,124.989,0.0,0,0,1,0,41.729,0.0,0,0,1,0,17.015,1.185,1,42.2,0,0,1,1,0,3,1,0,0,1,0,12192.0,2,1,1,1,0,0,1,0,8.3,269.0,0,0,0,0,0,1
32600,124.989,0.0,0,0,1,0,41.729,0.0,0,0,1,0,17.133,1.185,1,42.27,0,0,1,1,0,3,1,0,0,1,0,12192.0,2,1,1,1,0,0,1,0,7.2,274.8,0,0,0,0,0,1
32700,124.989,0.0,0,0,1,0,41.729,0.0,0,0,1,0,17.252,1.185,1,42.01,0,0,1,1,0,3,1,0,0,1,0,12192.0,2,1,1,1,0,0,1,0,7.1,270.6,0,0,0,0,0,1
32800,124.989,0.0,0,0,1,0,41.729,0.0,0,0,1,0,17.37,1.185,1,41.92,0,0,1,1,0,3,1,0,0,1,0,12192.0,2,1,1,1,0,0,1,0,7.5,270.5,0,0,0,0,0,1
32900,124.989,0.0,0,0,1,0,41.729,0.0,0,0,1,0,17.483,1.133,1,37.86,0,0,1,1,0,3,1,0,0,1,0,12192.0,2,1,1,1,0,0,1,0,7.0,273.2,0,0,0,0,0,1
33000,124.989,0.0,0,0,1,0,41.729,0.0,0,0,1,0,17.592,1.082,1,37.92,0,0,1,1,0,3,1,0,0,1,0,12192.0,2,1,1,1,0,0,1,0,7.6,273.2,0,0,0,0,0,1
33100,124.989,0.0,0,0,1,0,41.729,0.0,0,0,1,0,17.695,1.031,1,37.66,0,0,1,1,0,3,1,0,0,1,0,12192.0,2,1,1,1,0,0,1,0,7.2,272.5,0,0,0,0,0,1
33200,124.989,0.0,0,0,1,0,41.729,0.0,0,0,1,0,17.793,0.979,1,37.65,0,0,1,1,0,3,1,0,0,1,0,12192.0,2,1,1,1,0,0,1,0,7.9,268.7,0,0,0,0,0,1
33300,124.989,0.0,0,0,1,0,41.729,0.0,0,0,1,0,17.885,0.928,1,37.84,0,0,1,1,0,3,1,0,0,1,0,12192.0,2,1,1,1,0,0,1,0,7.6,272.0,0,0,0,0,0,1
33400,124.989,0.0,0,0,1,0,41.729,0.0,0,0,1,0,17.973,0.877,1,38.05,0,0,1,1,0,3,1,0,0,1,0,12192.0,2,1,1,1,0,0,1,0,7.6,272.2,0,0,0,0,0,1
33500,124.989,0.0,0,0,1,0,41.729,0.0,0,0,1,0,18.056,0.826,1,37.91,0,0,1,1,0,3,1,0,0,1,0,12192.0,2,1,1,1,0,0,1,0,7.3,271.4,0,0,0,0,0,1
33600,124.989,0.0,0,0,1,0,41.729,0.0,0,0,1,0,18.133,0.774,1,37.8,0,0,1,1,0,3,1,0,0,1,0,12192.0,2,1,1,1,0,0,1,0,7.1,270.5,0,0,0,0,0,1
33700,124.989,0.0,0,0,1,0,41.729,0.0,0,0,1,0,18.205,0.723,1,37.76,0,0,1,1,0,3,1,0,0,1,0,12192.0,2,1,1,1,0,0,1,0,7.1,271.7,0,0,0,0,0,1
33800,124.989,0.0,0,0,1,0,41.729,0.0,0,0,1,0,18.273,0.672,1,37.81,0,0,1,1,0,3,1,0,0,1,0,12192.0,2,1,1,1,0,0,1,0,7.1,272.0,0,0,0,0,0,1
33900,124.989,0.0,0,0,1,0,41.729,0.0,0,0,1,0,18.335,0.62,1,37.78,0,0,1,1,0,3,1,0,0,1,0,12192.0,2,1,1,1,0,0,1,0,7.5,270.5,0,0,0,0,0,1
34000,124.989,0.0,0,0,1,0,41.729,0.0,0,0,1,0,18.391,0.568,1,37.94,0,0,1,1,0,3,1,0,0,1,0,12192.0,2,1,1,1,0,0,1,0,6.6,270.1,0,0,0,0,0,1
34100,124.989,0.0,0,0,1,0,41.729,0.0,0,0,1,0,18.443,0.514,1,37.85,0,0,1,1,0,3,1,0,0,1,0,12192.0,2,1,1,1,0,0,1,0,8.4,272.1,0,0,0,0,0,1
34200,124.989,0.0,0,0,1,0,41.729,0.0,0,0,1,0,18.489,0.46,1,37.94,0,0,1,1,0,3,1,0,0,1,0,12192.0,2,1,1,1,0,0,1,0,7.2,267.4,0,0,0,0,0,1
34300,124.989,0.0,0,0,1,0,41.729,0.0,0,0,1,0,18.529,0.405,1,37.71,0,0,1,1,0,3,1,0,0,1,0,12192.0,2,1,1,1,0,0,1,0,7.8,267.3,0,0,0,0,0,1
34400,124.989,0.0,0,0,1,0,41.729,0.0,0,0,1,0,18.564,0.35,1,37.97,0,0,1,1,0,3,1,0,0,1,0,12192.0,2,1,1,1,0,0,1,0,7.4,268.0,0,0,0,0,0,1
34500,124.989,0.0,0,0,1,0,41.729,0.0,0,0,1,0,18.594,0.295,1,37.93,0,0,1,1,0,3,1,0,0,1,0,12192.0,2,1,1,1,0,0,1,0,8.1,270.4,0,0,0,0,0,1
34600,124.989,0.0,0,0,1,0,41.729,0.0,0,0,1,0,18.618,0.238,1,38.05,0,0,1,1,0,3,1,0,0,1,0,12192.0,2,1,1,1,0,0,1,0,8.0,273.1,0,0,0,0,0,1
34700,124.989,0.0,0,0,1,0,41.729,0.0,0,0,1,0,18.636,0.179,1,37.94,0,0,1,1,0,3,1,0,0,1,0,12192.0,2,1,1,1,0,0,1,0,7.7,266.8,0,0,0,0,0,1
34800,124.989,0.0,0,0,1,0,41.729,0.0,0,0,1,0,18.647,0.117,1,37.8,0,0,1,1,0,3,1,0,0,1,0,12192.0,2,1,1,1,0,0,1,0,7.9,274.0,0,0,0,0,0,1
34900,124.989,0.0,0,0,0,0,41.729,0.0,0,0,0,0,18.652,0.0,0,40.02,0,0,0,0,0,3,1,0,0,1,0,12192.0,2,1,1,0,1,0,1,0,7.0,265.1,0,0,0,0,0,1
35000,124.989,0.0,0,0,1,0,41.723,-0.058,0,1,1,0,18.652,0.0,0,39.89,0,0,0,1,0,3,1,0,0,1,0,12192.0,2,1,1,1,0,0,1,0,7.9,272.2,0,0,0,0,0,1
35100,124.989,0.0,0,0,1,0,41.712,-0.116,0,1,1,0,18.652,0.0,0,39.9,0,0,0,1,0,3,1,0,0,1,0,12192.0,2,1,1,1,0,0,1,0,8.1,270.5,0,0,0,0,0,1
35200,124.989,0.0,0,0,1,0,41.694,-0.174,0,1,1,0,18.652,0.0,0,39.99,0,0,0,1,0,3,1,0,0,1,0,12192.0,2,1,1,1,0,0,1,0,7.9,268.3,0,0,0,0,0,1
35300,124.989,0.0,0,0,1,0,41.671,-0.232,0,1,1,0,18.652,0.0,0,40.03,0,0,0,1,0,3,1,0,0,1,0,12192.0,2,1,1,1,0,0,1,0,8.1,270.6,0,0,0,0,0,1
35400,124.989,0.0,0,0,1,0,41.642,-0.289,0,1,1,0,18.652,0.0,0,39.94,0,0,0,1,0,3,1,0,0,1,0,12192.0,2,1,1,1,0,0,1,0,7.5,270.5,0,0,0,0,0,1
35500,124.989,0.0,0,0,1,0,41.607,-0.347,0,1,1,0,18.652,0.0,0,39.99,0,0,0,1,0,3,1,0,0,1,0,12192.0,2,1,1,1,0,0,1,0,6.8,272.0,0,0,0,0,0,1
35600,124.989,0.0,0,0,1,0,41.567,-0.405,0,1,1,0,18.652,0.0,0,39.95,0,0,0,1,0,3,1,0,0,1,0,12192.0,2,1,1,1,0,0,1,0,8.0,268.7,0,0,0,0,0,1
35700,124.989,0.0,0,0,1,0,41.521,-0.463,0,1,1,0,18.652,0.0,0,40.15,0,0,0,1,0,3,1,0,0,1,0,12192.0,2,1,1,1,0,0,1,0,7.9,269.9,0,0,0,0,0,1
35800,124.989,0.0,0,0,1,0,41.469,-0.521,0,1,1,0,18.652,0.0,0,39.81,0,0,0,1,0,3,1,0,0,1,0,12192.0,2,1,1,1,0,0,1,0,8.2,269.1,0,0,0,0,0,1
35900,124.989,0.0,0,0,1,0,41.411,-0.579,0,1,1,0,18.652,0.0,0,40.07,0,0,0,1,0,3,1,0,0,1,0,12192.0,2,1,1,1,0,0,1,0,8.8,268.9,0,0,0,0,0,1
36000,124.989,0.0,0,0,1,0,41.347,-0.637,0,1,1,0,18.652,0.0,0,40.04,0,0,0,1,0,3,1,0,0,1,0,12192.0,2,1,1,1,0,0,1,0,8.1,270.6,0,0,0,0,0,1
36100,124.989,0.0,0,0,1,0,41.278,-0.695,0,1,1,0,18.652,0.0,0,39.82,0,0,0,1,0,3,1,0,0,1,0,12192.0,2,1,1,1,0,0,1,0,8.3,272.5,0,0,0,0,0,1
36200,124.989,0.0,0,0,1,0,41.202,-0.753,0,1,1,0,18.652,0.0,0,39.95,0,0,0,1,0,3,1,0,0,1,0,12192.0,2,1,1,1,0,0,1,0,7.8,272.2,0,0,0,0,0,1
36300,124.989,0.0,0,0,1,0,41.121,-0.81,0,1,1,0,18.652,0.0,0,39.98,0,0,0,1,0,3,1,0,0,1,0,12192.0,2,1,1,1,0,0,1,0,8.9,270.4,0,0,0,0,0,1
36400,124.989,0.0,0,0,1,0,41.034,-0.868,0,1,1,0,18.652,0.0,0,39.95,0,0,0,1,0,3,1,0,0,1,0,12192.0,2,1,1,1,0,0,1,0,7.8,274.0,0,0,0,0,0,1
36500,124.989,0.0,0,0,1,0,40.942,-0.926,0,1,1,0,18.652,0.0,0,40.27,0,0,0,1,0,3,1,0,0,1,0,12192.0,2,1,1,1,0,0,1,0,8.7,271.9,0,0,0,0,0,1
36600,124.989,0.0,0,0,1,0,40.843,-0.984,0,1,1,0,18.652,0.0,0,40.05,0,0,0,1,0,3,1,0,0,1,0,12192.0,2,1,1,1,0,0,1,0,8.3,270.3,0,0,0,0,0,1
36700,124.989,0.0,0,0,1,0,40.739,-1.042,0,1,1,0,18.652,0.0,0,39.86,0,0,0,1,0,3,1,0,0,1,0,12192.0,2,1,1,1,0,0,1,0,8.3,269.1,0,0,0,0,0,1
36800,124.989,0.0,0,0,1,0,40.629,-1.1,0,1,1,0,18.652,0.0,0,40.07,0,0,0,1,0,3,1,0,0,1,0,12192.0,2,1,1,1,0,0,1,0,7.6,270.7,0,0,0,0,0,1
36900,124.989,0.0,0,0,1,0,40.513,-1.158,0,1,1,0,18.652,0.0,0,39.64,0,0,0,1,0,3,1,0,0,1,0,12192.0,2,1,1,1,0,0,1,0,9.0,268.7,0,0,0,0,0,1
37000,124.989,0.0,0,0,1,0,40.392,-1.216,0,1,1,0,18.652,0.0,0,40.19,0,0,0,1,0,3,1,0,0,1,0,12192.0,2,1,1,1,0,0,1,0,8.7,271.7,0,0,0,0,0,1
37100,124.989,0.0,0,0,1,0,40.265,-1.273,0,1,1,0,18.652,0.0,0,40.33,0,0,0,1,0,3,1,0,0,1,0,12192.0,2,1,1,1,0,0,1,0,8.5,271.7,0,0,0,0,0,1
37200,124.989,0.0,0,0,1,0,40.131,-1.331,0,1,1,0,18.652,0.0,0,39.94,0,0,0,1,0,3,1,0,0,1,0,12192.0,2,1,1,1,0,0,1,0,8.8,275.7,0,0,0,0,0,1
37300,124.989,0.0,0,0,1,0,39.992,-1.389,0,1,1,0,18.652,0.0,0,40.03,0,0,0,1,0,3,1,0,0,1,0,12192.0,2,1,1,1,0,0,1,0,8.6,264.9,0,0,0,0,0,1
37400,124.989,0.0,0,0,1,0,39.848,-1.447,0,1,1,0,18.652,0.0,0,39.96,0,0,0,1,0,3,1,0,0,1,0,12192.0,2,1,1,1,0,0,1,0,8.0,272.5,0,0,0,0,0,1
37500,124.989,0.0,0,0,1,0,39.697,-1.505,0,1,1,0,18.652,0.0,0,39.95,0,0,0,1,0,3,1,0,0,1,0,12192.0,2,1,1,1,0,0,1,0,9.0,275.1,0,0,0,0,0,1
37600,124.989,0.0,0,0,1,0,39.541,-1.563,0,1,1,0,18.652,0.0,0,39.89,0,0,0,1,0,3,1,0,0,1,0,12192.0,2,1,1,1,0,0,1,0,8.2,267.2,0,0,0,0,0,1
37700,124.989,0.0,0,0,1,0,39.379,-1.621,0,1,1,0,18.652,0.0,0,40.21,0,0,0,1,0,3,1,0,0,1,0,12192.0,2,1,1,1,0,0,1,0,8.2,269.4,0,0,0,0,0,1
37800,124.989,0.0,0,0,1,0,39.211,-1.679,0,1,1,0,18.652,0.0,0,39.96,0,0,0,1,0,3,1,0,0,1,0,12192.0,2,1,1,1,0,0,1,0,8.7,267.5,0,0,0,0,0,1
37900,124.989,0.0,0,0,1,0,39.037,-1.737,0,1,1,0,18.652,0.0,0,40.09,0,0,0,1,0,3,1,0,0,1,0,12192.0,2,1,1,1,0,0,1,0,9.6,266.0,0,0,0,0,0,1
38000,124.989,0.0,0,0,1,0,38.858,-1.794,0,1,1,0,18.652,0.0,0,39.96,0,0,0,1,0,3,1,0,0,1,0,12192.0,2,1,1,1,0,0,1,0,8.4,266.8,0,0,0,0,0,1
38100,124.989,0.0,0,0,1,0,38.673,-1.852,0,1,1,0,18.652,0.0,0,40.16,0,0,0,1,0,3,1,0,0,1,0,12192.0,2,1,1,1,0,0,1,0,8.6,265.4,0,0,0,0,0,1
38200,124.989,0.0,0,0,1,0,38.482,-1.91,0,1,1,0,18.652,0.0,0,40.1,0,0,0,1,0,3,1,0,0,1,0,12192.0,2,1,1,1,0,0,1,0,8.2,267.4,0,0,0,0,0,1
38300,124.989,0.0,0,0,1,0,38.285,-1.968,0,1,1,0,18.652,0.0,0,40.0,0,0,0,1,0,3,1,0,0,1,0,12192.0,2,1,1,1,0,0,1,0,8.2,267.6,0,0,0,0,0,1
38400,124.989,0.0,0,0,1,0,38.082,-2.026,0,1,1,0,18.652,0.0,0,40.1,0,0,0,1,0,3,1,0,0,1,0,12192.0,2,1,1,1,0,0,1,0,9.0,272.3,0,0,0,0,0,1
38500,124.989,0.0,0,0,1,0,37.874,-2.084,0,1,1,0,18.652,0.0,0,39.89,0,0,0,1,0,3,1,0,0,1,0,12192.0,2,1,1,1,0,0,1,0,8.4,268.4,0,0,0,0,0,1
38600,124.989,0.0,0,0,1,0,37.66,-2.142,0,1,1,0,18.652,0.0,0,39.99,0,0,0,1,0,3,1,0,0,1,0,12192.0,2,1,1,1,0,0,1,0,9.1,269.1,0,0,0,0,0,1
38700,124.989,0.0,0,0,1,0,37.44,-2.2,0,1,1,0,18.652,0.0,0,40.05,0,0,0,1,0,3,1,0,0,1,0,12192.0,2,1,1,1,0,0,1,0,8.1,277.1,0,0,0,0,0,1
38800,124.989,0.0,0,0,1,0,37.214,-2.258,0,1,1,0,18.652,0.0,0,39.83,0,0,0,1,0,3,1,0,0,1,0,12192.0,2,1,1,1,0,0,1,0,8.7,269.1,0,0,0,0,0,1
38900,124.989,0.0,0,0,1,0,36.982,-2.315,0,1,1,0,18.652,0.0,0,40.06,0,0,0,1,0,3,1,0,0,1,0,12192.0,2,1,1,1,0,0,1,0,8.6,271.6,0,0,0,0,0,1
39000,124.989,0.0,0,0,1,0,36.745,-2.373,0,1,1,0,18.652,0.0,0,40.18,0,0,0,1,0,3,1,0,0,1,0,12192.0,2,1,1,1,0,0,1,0,8.9,271.3,0,0,0,0,0,1
39100,124.989,0.0,0,0,1,0,36.502,-2.431,0,1,1,0,18.652,0.0,0,40.03,0,0,0,1,0,3,1,0,0,1,0,12192.0,2,1,1,1,0,0,1,0,8.3,271.9,0,0,0,0,0,1
39200,124.989,0.0,0,0,1,0,36.253,-2.489,0,1,1,0,18.652,0.0,0,39.99,0,0,0,1,0,3,1,0,0,1,0,12192.0,2,1,1,1,0,0,1,0,8.5,267.1,0,0,0,0,0,1
39300,124.989,0.0,0,0,1,0,35.998,-2.547,0,1,1,0,18.652,0.0,0,39.91,0,0,0,1,0,3,1,0,0,1,0,12192.0,2,1,1,1,0,0,1,0,8.0,269.3,0,0,0,0,0,1
39400,124.989,0.0,0,0,1,0,35.749,-2.489,0,1,1,0,18.652,0.0,0,39.96,0,0,0,1,0,3,1,0,0,1,0,12192.0,2,1,1,1,0,0,1,0,7.9,263.6,0,0,0,0,0,1
39500,124.989,0.0,0,0,1,0,35.506,-2.431,0,1,1,0,18.652,0.0,0,39.88,0,0,0,1,0,3,1,0,0,1,0,12192.0,2,1,1,1,0,0,1,0,7.9,268.4,0,0,0,0,0,1
39600,124.989,0.0,0,0,1,0,35.269,-2.373,0,1,1,0,18.652,0.0,0,40.21,0,0,0,1,0,3,1,0,0,1,0,12192.0,2,1,1,1,0,0,1,0,8.5,268.7,0,0,0,0,0,1
39700,124.989,0.0,0,0,1,0,35.037,-2.315,0,1,1,0,18.652,0.0,0,40.01,0,0,0,1,0,3,1,0,0,1,0,12192.0,2,1,1,1,0,0,1,0,8.1,270.2,0,0,0,0,0,1
39800,124.989,0.0,0,0,1,0,34.812,-2.258,0,1,1,0,18.652,0.0,0,39.89,0,0,0,1,0,3,1,0,0,1,0,12192.0,2,1,1,1,0,0,1,0,8.6,274.3,0,0,0,0,0,1
39900,124.989,0.0,0,0,1,0,34.592,-2.2,0,1,1,0,18.652,0.0,0,40.17,0,0,0,1,0,3,1,0,0,1,0,12192.0,2,1,1,1,0,0,1,0,7.3,267.4,0,0,0,0,0,1
40000,124.989,0.0,0,0,1,0,34.378,-2.142,0,1,1,0,18.652,0.0,0,39.72,0,0,0,1,0,3,1,0,0,1,0,12192.0,2,1,1,1,0,0,1,0,7.5,271.5,0,0,0,0,0,1
40100,124.989,0.0,0,0,1,0,34.169,-2.084,0,1,1,0,18.652,0.0,0,39.88,0,0,0,1,0,3,1,0,0,1,0,12192.0,2,1,1,1,0,0,1,0,8.4,270.0,0,0,0,0,0,1
40200,124.989,0.0,0,0,1,0,33.967,-2.026,0,1,1,0,18.652,0.0,0,40.08,0,0,0,1,0,3,1,0,0,1,0,12192.0,2,1,1,1,0,0,1,0,7.8,274.5,0,0,0,0,0,1
40300,124.989,0.0,0,0,1,0,33.77,-1.968,0,1,1,0,18.652,0.0,0,39.68,0,0,0,1,0,3,1,0,0,1,0,12192.0,2,1,1,1,0,0,1,0,7.7,269.0,0,0,0,0,0,1
40400,124.989,0.0,0,0,1,0,33.579,-1.91,0,1,1,0,18.652,0.0,0,40.02,0,0,0,1,0,3,1,0,0,1,0,12192.0,2,1,1,1,0,0,1,0,8.3,272.2,0,0,0,0,0,1
40500,124.989,0.0,0,0,1,0,33.394,-1.852,0,1,1,0,18.652,0.0,0,40.13,0,0,0,1,0,3,1,0,0,1,0,12192.0,2,1,1,1,0,0,1,0,8.7,268.6,0,0,0,0,0,1
40600,124.989,0.0,0,0,1,0,33.214,-1.794,0,1,1,0,18.652,0.0,0,40.23,0,0,0,1,0,3,1,0,0,1,0,12192.0,2,1,1,1,0,0,1,0,8.2,276.8,0,0,0,0,0,1
40700,124.989,0.0,0,0,1,0,33.04,-1.736,0,1,1,0,18.652,0.0,0,39.9,0,0,0,1,0,3,1,0,0,1,0,12192.0,2,1,1,1,0,0,1,0,8.2,273.2,0,0,0,0,0,1
40800,124.989,0.0,0,0,1,0,32.873,-1.677,0,1,1,0,18.652,0.0,0,39.88,0,0,0,1,0,3,1,0,0,1,0,12192.0,2,1,1,1,0,0,1,0,7.1,271.7,0,0,0,0,0,1
40900,124.989,0.0,0,0,1,0,32.711,-1.618,0,1,1,0,18.652,0.0,0,39.98,0,0,0,1,0,3,1,0,0,1,0,12192.0,2,1,1,1,0,0,1,0,7.6,268.9,0,0,0,0,0,1
41000,124.989,0.0,0,0,1,0,32.555,-1.559,0,1,1,0,18.652,0.0,0,39.95,0,0,0,1,0,3,1,0,0,1,0,12192.0,2,1,1,1,0,0,1,0,7.4,271.4,0,0,0,0,0,1
41100,124.989,0.0,0,0,1,0,32.405,-1.5,0,1,1,0,18.652,0.0,0,40.0,0,0,0,1,0,3,1,0,0,1,0,12192.0,2,1,1,1,0,0,1,0,7.8,271.7,0,0,0,0,0,1
41200,124.989,0.0,0,0,1,0,32.261,-1.441,0,1,1,0,18.652,0.0,0,40.09,0,0,0,1,0,3,1,0,0,1,0,12192.0,2,1,1,1,0,0,1,0,7.8,268.9,0,0,0,0,0,1
41300,124.989,0.0,0,0,1,0,32.123,-1.382,0,1,1,0,18.652,0.0,0,39.97,0,0,0,1,0,3,1,0,0,1,0,12192.0,2,1,1,1,0,0,1,0,7.2,269.7,0,0,0,0,0,1
41400,124.989,0.0,0,0,1,0,31.991,-1.323,0,1,1,0,18.652,0.0,0,40.02,0,0,0,1,0,3,1,0,0,1,0,12192.0,2,1,1,1,0,0,1,0,8.1,270.2,0,0,0,0,0,1
41500,124.989,0.0,0,0,1,0,31.864,-1.263,0,1,1,0,18.652,0.0,0,40.03,0,0,0,1,0,3,1,0,0,1,0,12192.0,2,1,1,1,0,0,1,0,8.1,275.4,0,0,0,0,0,1
41600,124.989,0.0,0,0,1,0,31.744,-1.204,0,1,1,0,18.652,0.0,0,40.0,0,0,0,1,0,3,1,0,0,1,0,12192.0,2,1,1,1,0,0,1,0,6.5,269.9,0,0,0,0,0,1
41700,124.989,0.0,0,0,1,0,31.629,-1.145,0,1,1,0,18.652,0.0,0,39.87,0,0,0,1,0,3,1,0,0,1,0,12192.0,2,1,1,1,0,0,1,0,7.4,269.6,0,0,0,0,0,1
41800,124.989,0.0,0,0,1,0,31.521,-1.085,0,1,1,0,18.652,0.0,0,39.89,0,0,0,1,0,3,1,0,0,1,0,12192.0,2,1,1,1,0,0,1,0,7.4,266.7,0,0,0,0,0,1
41900,124.989,0.0,0,0,1,0,31.418,-1.026,0,1,1,0,18.652,0.0,0,40.09,0,0,0,1,0,3,1,0,0,1,0,12192.0,2,1,1,1,0,0,1,0,7.2,266.3,0,0,0,0,0,1
42000,124.989,0.0,0,0,1,0,31.322,-0.966,0,1,1,0,18.652,0.0,0,39.93,0,0,0,1,0,3,1,0,0,1,0,12192.0,2,1,1,1,0,0,1,0,7.4,267.6,0,0,0,0,0,1
42100,124.989,0.0,0,0,1,0,31.231,-0.907,0,1,1,0,18.652,0.0,0,39.9,0,0,0,1,0,3,1,0,0,1,0,12192.0,2,1,1,1,0,0,1,0,8.0,274.4,0,0,0,0,0,1
42200,124.989,0.0,0,0,1,0,31.146,-0.847,0,1,1,0,18.652,0.0,0,39.93,0,0,0,1,0,3,1,0,0,1,0,12192.0,2,1,1,1,0,0,1,0,7.2,267.5,0,0,0,0,0,1
42300,124.989,0.0,0,0,1,0,31.068,-0.787,0,1,1,0,18.652,0.0,0,39.88,0,0,0,1,0,3,1,0,0,1,0,12192.0,2,1,1,1,0,0,1,0,7.9,275.5,0,0,0,0,0,1
42400,124.989,0.0,0,0,1,0,30.995,-0.727,0,1,1,0,18.652,0.0,0,40.09,0,0,0,1,0,3,1,0,0,1,0,12192.0,2,1,1,1,0,0,1,0,7.0,271.7,0,0,0,0,0,1
42500,124.989,0.0,0,0,1,0,30.928,-0.666,0,1,1,0,18.652,0.0,0,39.78,0,0,0,1,0,3,1,0,0,1,0,12192.0,2,1,1,1,0,0,1,0,6.7,267.7,0,0,0,0,0,1
42600,124.989,0.0,0,0,1,0,30.868,-0.605,0,1,1,0,18.652,0.0,0,39.99,0,0,0,1,0,3,1,0,0,1,0,12192.0,2,1,1,1,0,0,1,0,7.1,268.0,0,0,0,0,0,1
42700,124.989,0.0,0,0,1,0,30.813,-0.545,0,1,1,0,18.652,0.0,0,40.06,0,0,0,1,0,3,1,0,0,1,0,12192.0,2,1,1,1,0,0,1,0,7.8,270.0,0,0,0,0,0,1
42800,124.989,0.0,0,0,1,0,30.765,-0.483,0,1,1,0,18.652,0.0,0,39.9,0,0,0,1,0,3,1,0,0,1,0,12192.0,2,1,1,1,0,0,1,0,7.9,270.5,0,0,0,0,0,1
42900,124.989,0.0,0,0,1,0,30.723,-0.421,0,1,1,0,18.652,0.0,0,39.94,0,0,0,1,0,3,1,0,0,1,0,12192.0,2,1,1,1,0,0,1,0,8.0,272.5,0,0,0,0,0,1
43000,124.989,0.0,0,0,1,0,30.687,-0.359,0,1,1,0,18.652,0.0,0,39.72,0,0,0,1,0,3,1,0,0,1,0,12192.0,2,1,1,1,0,0,1,0,7.6,271.4,0,0,0,0,0,1
43100,124.989,0.0,0,0,1,0,30.657,-0.295,0,1,1,0,18.652,0.0,0,40.1,0,0,0,1,0,3,1,0,0,1,0,12192.0,2,1,1,1,0,0,1,0,6.7,274.2,0,0,0,0,0,1
43200,124.989,0.0,0,0,1,0,30.634,-0.23,0,1,1,0,18.652,0.0,0,40.07,0,0,0,1,0,3,1,0,0,1,0,12192.0,2,1,1,1,0,0,1,0,7.4,272.7,0,0,0,0,0,1
43300,124.989,0.0,0,0,1,0,30.618,-0.162,0,1,1,0,18.652,0.0,0,39.84,0,0,0,1,0,3,1,0,0,1,0,12192.0,2,1,1,1,0,0,1,0,8.0,271.7,0,0,0,0,0,1
43400,124.989,0.0,0,0,1,0,30.609,-0.087,0,1,1,0,18.652,0.0,0,40.01,0,0,0,1,0,3,1,0,0,1,0,12192.0,2,1,1,1,0,0,1,0,7.5,269.3,0,0,0,0,0,1
43500,124.989,0.0,0,0,0,0,30.607,0.0,0,0,0,0,18.652,0.0,0,39.87,0,0,0,0,0,3,1,0,0,1,0,12192.0,2,1,1,0,1,0,1,0,6.6,272.1,0,0,0,0,0,1
43600,124.989,0.0,0,0,1,0,30.607,0.0,0,0,1,0,18.647,-0.051,0,38.05,0,0,1,1,0,3,1,0,0,1,0,12192.0,2,1,1,1,0,0,1,0,7.3,272.7,0,0,0,0,0,1
43700,124.989,0.0,0,0,1,0,30.607,0.0,0,0,1,0,18.637,-0.103,0,38.01,0,0,1,1,0,3,1,0,0,1,0,12192.0,2,1,1,1,0,0,1,0,7.4,271.7,0,0,0,0,0,1
43800,124.989,0.0,0,0,1,0,30.607,0.0,0,0,1,0,18.622,-0.154,0,37.82,0,0,1,1,0,3,1,0,0,1,0,12192.0,2,1,1,1,0,0,1,0,7.7,272.0,0,0,0,0,0,1
43900,124.989,0.0,0,0,1,0,30.607,0.0,0,0,1,0,18.601,-0.205,0,38.0,0,0,1,1,0,3,1,0,0,1,0,12192.0,2,1,1,1,0,0,1,0,7.8,268.4,0,0,0,0,0,1
44000,124.989,0.0,0,0,1,0,30.607,0.0,0,0,1,0,18.576,-0.256,0,37.74,0,0,1,1,0,3,1,0,0,1,0,12192.0,2,1,1,1,0,0,1,0,8.2,272.9,0,0,0,0,0,1
44100,124.989,0.0,0,0,1,0,30.607,0.0,0,0,1,0,18.545,-0.308,0,38.11,0,0,1,1,0,3,1,0,0,1,0,12192.0,2,1,1,1,0,0,1,0,8.0,270.6,0,0,0,0,0,1
44200,124.989,0.0,0,0,1,0,30.607,0.0,0,0,1,0,18.509,-0.359,0,38.12,0,0,1,1,0,3,1,0,0,1,0,12192.0,2,1,1,1,0,0,1,0,7.4,266.5,0,0,0,0,0,1
44300,124.989,0.0,0,0,1,0,30.607,0.0,0,0,1,0,18.468,-0.41,0,37.94,0,0,1,1,0,3,1,0,0,1,0,12192.0,2,1,1,1,0,0,1,0,8.0,272.5,0,0,0,0,0,1
44400,124.989,0.0,0,0,1,0,30.607,0.0,0,0,1,0,18.422,-0.462,0,37.86,0,0,1,1,0,3,1,0,0,1,0,12192.0,2,1,1,1,0,0,1,0,7.9,267.9,0,0,0,0,0,1
44500,124.989,0.0,0,0,1,0,30.607,0.0,0,0,1,0,18.37,-0.513,0,37.84,0,0,1,1,0,3,1,0,0,1,0,12192.0,2,1,1,1,0,0,1,0,8.2,267.0,0,0,0,0,0,1
44600,124.989,0.0,0,0,1,0,30.607,0.0,0,0,1,0,18.314,-0.564,0,38.02,0,0,1,1,0,3,1,0,0,1,0,12192.0,2,1,1,1,0,0,1,0,8.3,272.7,0,0,0,0,0,1
44700,124.989,0.0,0,0,1,0,30.607,0.0,0,0,1,0,18.252,-0.615,0,37.88,0,0,1,1,0,3,1,0,0,1,0,12192.0,2,1,1,1,0,0,1,0,8.4,269.9,0,0,0,0,0,1
44800,124.989,0.0,0,0,1,0,30.607,0.0,0,0,1,0,18.186,-0.667,0,37.91,0,0,1,1,0,3,1,0,0,1,0,12192.0,2,1,1,1,0,0,1,0,8.3,269.8,0,0,0,0,0,1
44900,124.989,0.0,0,0,1,0,30.607,0.0,0,0,1,0,18.114,-0.718,0,37.97,0,0,1,1,0,3,1,0,0,1,0,12192.0,2,1,1,1,0,0,1,0,8.1,269.6,0,0,0,0,0,1
45000,124.989,0.0,0,0,1,0,30.607,0.0,0,0,1,0,18.037,-0.769,0,37.73,0,0,1,1,0,3,1,0,0,1,0,12192.0,2,1,1,1,0,0,1,0,8.1,265.2,0,0,0,0,0,1
45100,124.989,0.0,0,0,1,0,30.607,0.0,0,0,1,0,17.955,-0.821,0,37.91,0,0,1,1,0,3,1,0,0,1,0,12192.0,2,1,1,1,0,0,1,0,7.4,268.8,0,0,0,0,0,1
45200,124.989,0.0,0,0,1,0,30.607,0.0,0,0,1,0,17.868,-0.872,0,37.95,0,0,1,1,0,3,1,0,0,1,0,12192.0,2,1,1,1,0,0,1,0,8.7,272.7,0,0,0,0,0,1
45300,124.989,0.0,0,0,1,0,30.607,0.0,0,0,1,0,17.775,-0.923,0,38.0,0,0,1,1,0,3,1,0,0,1,0,12192.0,2,1,1,1,0,0,1,0,7.8,269.9,0,0,0,0,0,1
45400,124.989,0.0,0,0,1,0,30.607,0.0,0,0,1,0,17.678,-0.974,0,37.82,0,0,1,1,0,3,1,0,0,1,0,12192.0,2,1,1,1,0,0,1,0,8.2,267.8,0,0,0,0,0,1
45500,124.989,0.0,0,0,1,0,30.607,0.0,0,0,1,0,17.575,-1.026,0,37.84,0,0,1,1,0,3,1,0,0,1,0,12192.0,2,1,1,1,0,0,1,0,7.9,274.7,0,0,0,0,0,1
45600,124.989,0.0,0,0,1,0,30.607,0.0,0,0,1,0,17.468,-1.077,0,38.0,0,0,1,1,0,3,1,0,0,1,0,12192.0,2,1,1,1,0,0,1,0,7.9,270.7,0,0,0,0,0,1
45700,124.989,0.0,0,0,1,0,30.607,0.0,0,0,1,0,17.355,-1.128,0,37.91,0,0,1,1,0,3,1,0,0,1,0,12192.0,2,1,1,1,0,0,1,0,8.7,268.7,0,0,0,0,0,1
45800,124.989,0.0,0,0,1,0,30.607,0.0,0,0,1,0,17.237,-1.18,0,37.75,0,0,1,1,0,3,1,0,0,1,0,12192.0,2,1,1,1,0,0,1,0,9.1,270.4,0,0,0,0,0,1
45900,124.989,0.0,0,0,1,0,30.607,0.0,0,0,1,0,17.119,-1.185,0,37.93,0,0,1,1,0,3,1,0,0,1,0,12192.0,2,1,1,1,0,0,1,0,7.8,272.0,0,0,0,0,0,1
46000,124.989,0.0,0,0,1,0,30.607,0.0,0,0,1,0,17.0,-1.185,0,37.69,0,0,1,1,0,3,1,0,0,1,0,12192.0,2,1,1,1,0,0,1,0,8.2,271.9,0,0,0,0,0,1
46100,124.989,0.0,0,0,1,0,30.607,0.0,0,0,1,0,16.882,-1.185,0,37.81,0,0,1,1,0,3,1,0,0,1,0,12192.0,2,1,1,1,0,0,1,0,8.9,272.6,0,0,0,0,0,1
46200,124.989,0.0,0,0,1,0,30.607,0.0,0,0,1,0,16.763,-1.185,0,37.85,0,0,1,1,0,3,1,0,0,1,0,12192.0,2,1,1,1,0,0,1,0,8.6,268.7,0,0,0,0,0,1
46300,124.989,0.0,0,0,1,0,30.607,0.0,0,0,1,0,16.645,-1.185,0,37.89,0,0,1,1,0,3,1,0,0,1,0,12192.0,2,1,1,1,0,0,1,0,8.7,268.5,0,0,0,0,0,1
46400,124.989,0.0,0,0,1,0,30.607,0.0,0,0,1,0,16.526,-1.185,0,37.88,0,0,1,1,0,3,1,0,0,1,0,12192.0,2,1,1,1,0,0,1,0,8.4,269.9,0,0,0,0,0,1
46500,124.989,0.0,0,0,1,0,30.607,0.0,0,0,1,0,16.408,-1.185,0,37.96,0,0,1,1,0,3,1,0,0,1,0,12192.0,2,1,1,1,0,0,1,0,8.9,268.1,0,0,0,0,0,1
46600,124.989,0.0,0,0,1,0,30.607,0.0,0,0,1,0,16.289,-1.185,0,37.7,0,0,1,1,0,3,1,0,0,1,0,12192.0,2,1,1,1,0,0,1,0,8.2,268.4,0,0,0,0,0,1
46700,124.989,0.0,0,0,1,0,30.607,0.0,0,0,1,0,16.171,-1.185,0,37.82,0,0,1,1,0,3,1,0,0,1,0,12192.0,2,1,1,1,0,0,1,0,9.0,268.7,0,0,0,0,0,1
46800,124.989,0.0,0,0,1,0,30.607,0.0,0,0,1,0,16.052,-1.185,0,37.71,0,0,1,1,0,3,1,0,0,1,0,12192.0,2,1,1,1,0,0,1,0,8.7,268.9,0,0,0,0,0,1
46900,124.989,0.0,0,0,1,0,30.607,0.0,0,0,1,0,15.934,-1.185,0,37.98,0,0,1,1,0,3,1,0,0,1,0,12192.0,2,1,1,1,0,0,1,0,7.8,271.0,0,0,0,0,0,1
47000,124.989,0.0,0,0,1,0,30.607,0.0,0,0,1,0,15.816,-1.185,0,37.77,0,0,1,1,0,3,1,0,0,1,0,12192.0,2,1,1,1,0,0,1,0,9.0,266.1,0,0,0,0,0,1
47100,124.989,0.0,0,0,1,0,30.607,0.0,0,0,1,0,15.697,-1.185,0,38.01,0,0,1,1,0,3,1,0,0,1,0,12192.0,2,1,1,1,0,0,1,0,7.4,270.3,0,0,0,0,0,1
47200,124.989,0.0,0,0,1,0,30.607,0.0,0,0,1,0,15.579,-1.185,0,38.11,0,0,1,1,0,3,1,0,0,1,0,12192.0,2,1,1,1,0,0,1,0,8.9,273.3,0,0,0,0,0,1
47300,124.989,0.0,0,0,1,0,30.607,0.0,0,0,1,0,15.46,-1.185,0,37.96,0,0,1,1,0,3,1,0,0,1,0,12192.0,2,1,1,1,0,0,1,0,9.0,270.9,0,0,0,0,0,1
47400,124.989,0.0,0,0,1,0,30.607,0.0,0,0,1,0,15.342,-1.185,0,37.83,0,0,1,1,0,3,1,0,0,1,0,12192.0,2,1,1,1,0,0,1,0,8.3,267.7,0,0,0,0,0,1
47500,124.989,0.0,0,0,1,0,30.607,0.0,0,0,1,0,15.223,-1.185,0,37.78,0,0,1,1,0,3,1,0,0,1,0,12192.0,2,1,1,1,0,0,1,0,8.0,263.5,0,0,0,0,0,1
47600,124.989,0.0,0,0,1,0,30.607,0.0,0,0,1,0,15.105,-1.185,0,37.93,0,0,1,1,0,3,1,0,0,1,0,12192.0,2,1,1,1,0,0,1,0,8.4,268.8,0,0,0,0,0,1
47700,124.989,0.0,0,0,1,0,30.607,0.0,0,0,1,0,14.986,-1.185,0,37.82,0,0,1,1,0,3,1,0,0,1,0,12192.0,2,1,1,1,0,0,1,0,8.0,274.5,0,0,0,0,0,1
47800,124.989,0.0,0,0,1,0,30.607,0.0,0,0,1,0,14.868,-1.185,0,37.89,0,0,1,1,0,3,1,0,0,1,0,12192.0,2,1,1,1,0,0,1,0,8.4,271.1,0,0,0,0,0,1
47900,124.989,0.0,0,0,1,0,30.607,0.0,0,0,1,0,14.749,-1.185,0,37.78,0,0,1,1,0,3,1,0,0,1,0,12192.0,2,1,1,1,0,0,1,0,9.3,266.9,0,0,0,0,0,1
48000,124.989,0.0,0,0,1,0,30.607,0.0,0,0,1,0,14.631,-1.185,0,37.8,0,0,1,1,0,3,1,0,0,1,0,12192.0,2,1,1,1,0,0,1,0,9.1,268.1,0,0,0,0,0,1
48100,124.989,0.0,0,0,1,0,30.607,0.0,0,0,1,0,14.513,-1.185,0,37.85,0,0,1,1,0,3,1,0,0,1,0,12192.0,2,1,1,1,0,0,1,0,9.1,272.6,0,0,0,0,0,1
48200,124.989,0.0,0,0,1,0,30.607,0.0,0,0,1,0,14.394,-1.185,0,37.6,0,0,1,1,0,3,1,0,0,1,0,12192.0,2,1,1,1,0,0,1,0,8.1,269.9,0,0,0,0,0,1
48300,124.989,0.0,0,0,1,0,30.607,0.0,0,0,1,0,14.276,-1.185,0,37.91,0,0,1,1,0,3,1,0,0,1,0,12192.0,2,1,1,1,0,0,1,0,8.3,268.3,0,0,0,0,0,1
48400,124.989,0.0,0,0,1,0,30.607,0.0,0,0,1,0,14.157,-1.185,0,37.97,0,0,1,1,0,3,1,0,0,1,0,12192.0,2,1,1,1,0,0,1,0,8.6,270.7,0,0,0,0,0,1
48500,124.989,0.0,0,0,1,0,30.607,0.0,0,0,1,0,14.039,-1.185,0,37.93,0,0,1,1,0,3,1,0,0,1,0,12192.0,2,1,1,1,0,0,1,0,7.6,271.9,0,0,0,0,0,1
48600,124.989,0.0,0,0,1,0,30.607,0.0,0,0,1,0,13.92,-1.185,0,38.06,0,0,1,1,0,3,1,0,0,1,0,12192.0,2,1,1,1,0,0,1,0,9.3,270.6,0,0,0,0,0,1
48700,124.989,0.0,0,0,1,0,30.607,0.0,0,0,1,0,13.802,-1.185,0,37.84,0,0,1,1,0,3,1,0,0,1,0,12192.0,2,1,1,1,0,0,1,0,8.0,271.1,0,0,0,0,0,1
48800,124.989,0.0,0,0,1,0,30.607,0.0,0,0,1,0,13.683,-1.185,0,37.87,0,0,1,1,0,3,1,0,0,1,0,12192.0,2,1,1,1,0,0,1,0,7.9,270.3,0,0,0,0,0,1
48900,124.989,0.0,0,0,1,0,30.607,0.0,0,0,1,0,13.565,-1.185,0,38.09,0,0,1,1,0,3,1,0,0,1,0,12192.0,2,1,1,1,0,0,1,0,8.3,263.8,0,0,0,0,0,1
49000,124.989,0.0,0,0,1,0,30.607,0.0,0,0,1,0,13.446,-1.185,0,38.08,0,0,1,1,0,3,1,0,0,1,0,12192.0,2,1,1,1,0,0,1,0,8.4,274.7,0,0,0,0,0,1
49100,124.989,0.0,0,0,1,0,30.607,0.0,0,0,1,0,13.328,-1.185,0,38.09,0,0,1,1,0,3,1,0,0,1,0,12192.0,2,1,1,1,0,0,1,0,8.2,274.1,0,0,0,0,0,1
49200,124.989,0.0,0,0,1,0,30.607,0.0,0,0,1,0,13.21,-1.185,0,37.83,0,0,1,1,0,3,1,0,0,1,0,12192.0,2,1,1,1,0,0,1,0,8.2,267.8,0,0,0,0,0,1
49300,124.989,0.0,0,0,1,0,30.607,0.0,0,0,1,0,13.091,-1.185,0,37.79,0,0,1,1,0,3,1,0,0,1,0,12192.0,2,1,1,1,0,0,1,0,8.0,272.7,0,0,0,0,0,1
49400,124.989,0.0,0,0,1,0,30.607,0.0,0,0,1,0,12.973,-1.185,0,37.84,0,0,1,1,0,3,1,0,0,1,0,12192.0,2,1,1,1,0,0,1,0,7.3,269.8,0,0,0,0,0,1
49500,124.989,0.0,0,0,1,0,30.607,0.0,0,0,1,0,12.854,-1.185,0,37.77,0,0,1,1,0,3,1,0,0,1,0,12192.0,2,1,1,1,0,0,1,0,7.9,271.6,0,0,0,0,0,1
49600,124.989,0.0,0,0,1,0,30.607,0.0,0,0,1,0,12.736,-1.185,0,38.01,0,0,1,1,0,3,1,0,0,1,0,12192.0,2,1,1,1,0,0,1,0,7.1,272.0,0,0,0,0,0,1
49700,124.989,0.0,0,0,1,0,30.607,0.0,0,0,1,0,12.617,-1.185,0,37.86,0,0,1,1,0,3,1,0,0,1,0,12192.0,2,1,1,1,0,0,1,0,8.0,271.8,0,0,0,0,0,1
49800,124.989,0.0,0,0,1,0,30.607,0.0,0,0,1,0,12.499,-1.185,0,37.98,0,0,1,1,0,3,1,0,0,1,0,12192.0,2,1,1,1,0,0,1,0,7.9,271.1,0,0,0,0,0,1
49900,124.989,0.0,0,0,1,0,30.607,0.0,0,0,1,0,12.38,-1.185,0,37.9,0,0,1,1,0,3,1,0,0,1,0,12192.0,2,1,1,1,0,0,1,0,7.4,270.0,0,0,0,0,0,1
50000,124.989,0.0,0,0,1,0,30.607,0.0,0,0,1,0,12.262,-1.185,0,37.9,0,0,1,1,0,3,1,0,0,1,0,12192.0,2,1,1,1,0,0,1,0,7.3,269.1,0,0,0,0,0,1
50100,124.989,0.0,0,0,1,0,30.607,0.0,0,0,1,0,12.143,-1.185,0,38.02,0,0,1,1,0,3,1,0,0,1,0,12192.0,2,1,1,1,0,0,1,0,7.7,266.7,0,0,0,0,0,1
50200,124.989,0.0,0,0,1,0,30.607,0.0,0,0,1,0,12.025,-1.185,0,37.88,0,0,1,1,0,3,1,0,0,1,0,12192.0,2,1,1,1,0,0,1,0,7.6,272.5,0,0,0,0,0,1
50300,124.989,0.0,0,0,1,0,30.607,0.0,0,0,1,0,11.907,-1.185,0,38.14,0,0,1,1,0,3,1,0,0,1,0,12192.0,2,1,1,1,0,0,1,0,8.3,272.1,0,0,0,0,0,1
50400,124.989,0.0,0,0,1,0,30.607,0.0,0,0,1,0,11.788,-1.185,0,37.86,0,0,1,1,0,3,1,0,0,1,0,12192.0,2,1,1,1,0,0,1,0,7.9,266.6,0,0,0,0,0,1
50500,124.989,0.0,0,0,1,0,30.607,0.0,0,0,1,0,11.67,-1.185,0,37.88,0,0,1,1,0,3,1,0,0,1,0,12192.0,2,1,1,1,0,0,1,0,7.8,271.6,0,0,0,0,0,1
50600,124.989,0.0,0,0,1,0,30.607,0.0,0,0,1,0,11.551,-1.185,0,37.99,0,0,1,1,0,3,1,0,0,1,0,12192.0,2,1,1,1,0,0,1,0,6.6,265.6,0,0,0,0,0,1
50700,124.989,0.0,0,0,1,0,30.607,0.0,0,0,1,0,11.433,-1.185,0,37.79,0,0,1,1,0,3,1,0,0,1,0,12192.0,2,1,1,1,0,0,1,0,7.2,268.2,0,0,0,0,0,1
50800,124.989,0.0,0,0,1,0,30.607,0.0,0,0,1,0,11.314,-1.185,0,37.99,0,0,1,1,0,3,1,0,0,1,0,12192.0,2,1,1,1,0,0,1,0,8.2,271.2,0,0,0,0,0,1
50900,124.989,0.0,0,0,1,0,30.607,0.0,0,0,1,0,11.196,-1.185,0,37.78,0,0,1,1,0,3,1,0,0,1,0,12192.0,2,1,1,1,0,0,1,0,6.9,267.2,0,0,0,0,0,1
51000,124.989,0.0,0,0,1,0,30.607,0.0,0,0,1,0,11.077,-1.185,0,37.93,0,0,1,1,0,3,1,0,0,1,0,12192.0,2,1,1,1,0,0,1,0,8.3,266.6,0,0,0,0,0,1
51100,124.989,0.0,0,0,1,0,30.607,0.0,0,0,1,0,10.959,-1.185,0,38.02,0,0,1,1,0,3,1,0,0,1,0,12192.0,2,1,1,1,0,0,1,0,6.9,272.2,0,0,0,0,0,1
51200,124.989,0.0,0,0,1,0,30.607,0.0,0,0,1,0,10.841,-1.185,0,37.85,0,0,1,1,0,3,1,0,0,1,0,12192.0,2,1,1,1,0,0,1,0,7.8,268.9,0,0,0,0,0,1
51300,124.989,0.0,0,0,1,0,30.607,0.0,0,0,1,0,10.722,-1.185,0,37.98,0,0,1,1,0,3,1,0,0,1,0,12192.0,2,1,1,1,0,0,1,0,7.6,265.5,0,0,0,0,0,1
51400,124.989,0.0,0,0,1,0,30.607,0.0,0,0,1,0,10.604,-1.185,0,38.05,0,0,1,1,0,3,1,0,0,1,0,12192.0,2,1,1,1,0,0,1,0,7.7,267.9,0,0,0,0,0,1
51500,124.989,0.0,0,0,1,0,30.607,0.0,0,0,1,0,10.485,-1.185,0,37.9,0,0,1,1,0,3,1,0,0,1,0,12192.0,2,1,1,1,0,0,1,0,7.2,266.4,0,0,0,0,0,1
51600,124.989,0.0,0,0,1,0,30.607,0.0,0,0,1,0,10.367,-1.185,0,37.7,0,0,1,1,0,3,1,0,0,1,0,12192.0,2,1,1,1,0,0,1,0,7.9,271.0,0,0,0,0,0,1
51700,124.989,0.0,0,0,1,0,30.607,0.0,0,0,1,0,10.248,-1.185,0,37.87,0,0,1,1,0,3,1,0,0,1,0,12192.0,2,1,1,1,0,0,1,0,7.4,271.9,0,0,0,0,0,1
51800,124.989,0.0,0,0,1,0,30.607,0.0,0,0,1,0,10.13,-1.185,0,37.94,0,0,1,1,0,3,1,0,0,1,0,12192.0,2,1,1,1,0,0,1,0,7.4,272.7,0,0,0,0,0,1
51900,124.989,0.0,0,0,1,0,30.607,0.0,0,0,1,0,10.011,-1.185,0,37.87,0,0,1,1,0,3,1,0,0,1,0,12192.0,2,1,1,1,0,0,1,0,7.1,268.2,0,0,0,0,0,1
52000,124.989,0.0,0,0,1,0,30.607,0.0,0,0,1,0,9.893,-1.185,0,37.98,0,0,1,1,0,3,1,0,0,1,0,12192.0,2,1,1,1,0,0,1,0,8.6,264.7,0,0,0,0,0,1
52100,124.989,0.0,0,0,1,0,30.607,0.0,0,0,1,0,9.774,-1.185,0,37.83,0,0,1,1,0,3,1,0,0,1,0,12192.0,2,1,1,1,0,0,1,0,7.0,269.2,0,0,0,0,0,1
52200,124.989,0.0,0,0,1,0,30.607,0.0,0,0,1,0,9.656,-1.185,0,38.07,0,0,1,1,0,3,1,0,0,1,0,12192.0,2,1,1,1,0,0,1,0,7.1,272.0,0,0,0,0,0,1
52300,124.989,0.0,0,0,1,0,30.607,0.0,0,0,1,0,9.538,-1.185,0,37.76,0,0,1,1,0,3,1,0,0,1,0,12192.0,2,1,1,1,0,0,1,0,7.6,271.7,0,0,0,0,0,1
52400,124.989,0.0,0,0,1,0,30.607,0.0,0,0,1,0,9.419,-1.185,0,37.95,0,0,1,1,0,3,1,0,0,1,0,12192.0,2,1,1,1,0,0,1,0,7.3,270.0,0,0,0,0,0,1
52500,124.989,0.0,0,0,1,0,30.607,0.0,0,0,1,0,9.301,-1.185,0,37.83,0,0,1,1,0,3,1,0,0,1,0,12192.0,2,1,1,1,0,0,1,0,7.3,270.3,0,0,0,0,0,1
52600,124.989,0.0,0,0,1,0,30.607,0.0,0,0,1,0,9.182,-1.185,0,37.62,0,0,1,1,0,3,1,0,0,1,0,12192.0,2,1,1,1,0,0,1,0,7.3,268.2,0,0,0,0,0,1
52700,124.989,0.0,0,0,1,0,30.607,0.0,0,0,1,0,9.064,-1.185,0,38.0,0,0,1,1,0,3,1,0,0,1,0,12192.0,2,1,1,1,0,0,1,0,7.3,271.2,0,0,0,0,0,1
52800,124.989,0.0,0,0,1,0,30.607,0.0,0,0,1,0,8.945,-1.185,0,37.86,0,0,1,1,0,3,1,0,0,1,0,12192.0,2,1,1,1,0,0,1,0,8.2,265.7,0,0,0,0,0,1
52900,124.989,0.0,0,0,1,0,30.607,0.0,0,0,1,0,8.827,-1.185,0,38.08,0,0,1,1,0,3,1,0,0,1,0,12192.0,2,1,1,1,0,0,1,0,7.7,269.0,0,0,0,0,0,1
53000,124.989,0.0,0,0,1,0,30.607,0.0,0,0,1,0,8.708,-1.185,0,38.02,0,0,1,1,0,3,1,0,0,1,0,12192.0,2,1,1,1,0,0,1,0,6.8,273.5,0,0,0,0,0,1
53100,124.989,0.0,0,0,1,0,30.607,0.0,0,0,1,0,8.59,-1.185,0,37.85,0,0,1,1,0,3,1,0,0,1,0,12192.0,2,1,1,1,0,0,1,0,7.7,268.7,0,0,0,0,0,1
53200,124.989,0.0,0,0,1,0,30.607,0.0,0,0,1,0,8.471,-1.185,0,37.92,0,0,1,1,0,3,1,0,0,1,0,12192.0,2,1,1,1,0,0,1,0,7.2,270.5,0,0,0,0,0,1
53300,124.989,0.0,0,0,1,0,30.607,0.0,0,0,1,0,8.353,-1.185,0,37.95,0,0,1,1,0,3,1,0,0,1,0,12192.0,2,1,1,1,0,0,1,0,8.2,270.8,0,0,0,0,0,1
53400,124.989,0.0,0,0,1,0,30.607,0.0,0,0,1,0,8.235,-1.185,0,37.88,0,0,1,1,0,3,1,0,0,1,0,12192.0,2,1,1,1,0,0,1,0,7.7,266.3,0,0,0,0,0,1
53500,124.989,0.0,0,0,1,0,30.607,0.0,0,0,1,0,8.116,-1.185,0,37.91,0,0,1,1,0,3,1,0,0,1,0,12192.0,2,1,1,1,0,0,1,0,7.3,271.4,0,0,0,0,0,1
53600,124.989,0.0,0,0,1,0,30.607,0.0,0,0,1,0,7.998,-1.185,0,37.98,0,0,1,1,0,3,1,0,0,1,0,12192.0,2,1,1,1,0,0,1,0,7.2,264.7,0,0,0,0,0,1
53700,124.989,0.0,0,0,1,0,30.607,0.0,0,0,1,0,7.879,-1.185,0,37.99,0,0,1,1,0,3,1,0,0,1,0,12192.0,2,1,1,1,0,0,1,0,7.9,271.2,0,0,0,0,0,1
53800,124.989,0.0,0,0,1,0,30.607,0.0,0,0,1,0,7.761,-1.185,0,38.12,0,0,1,1,0,3,1,0,0,1,0,12192.0,2,1,1,1,0,0,1,0,7.8,267.8,0,0,0,0,0,1
53900,124.989,0.0,0,0,1,0,30.607,0.0,0,0,1,0,7.642,-1.185,0,37.56,0,0,1,1,0,3,1,0,0,1,0,12192.0,2,1,1,1,0,0,1,0,7.9,268.5,0,0,0,0,0,1
54000,124.989,0.0,0,0,1,0,30.607,0.0,0,0,1,0,7.524,-1.185,0,37.64,0,0,1,1,0,3,1,0,0,1,0,12192.0,2,1,1,1,0,0,1,0,8.4,271.9,0,0,0,0,0,1
54100,124.989,0.0,0,0,1,0,30.607,0.0,0,0,1,0,7.405,-1.185,0,38.03,0,0,1,1,0,3,1,0,0,1,0,12192.0,2,1,1,1,0,0,1,0,8.6,268.9,0,0,0,0,0,1
54200,124.989,0.0,0,0,1,0,30.607,0.0,0,0,1,0,7.287,-1.185,0,37.79,0,0,1,1,0,3,1,0,0,1,0,12192.0,2,1,1,1,0,0,1,0,8.6,272.1,0,0,0,0,0,1
54300,124.989,0.0,0,0,1,0,30.607,0.0,0,0,1,0,7.168,-1.185,0,37.6,0,0,1,1,0,3,1,0,0,1,0,12192.0,2,1,1,1,0,0,1,0,8.4,268.4,0,0,0,0,0,1
54400,124.989,0.0,0,0,1,0,30.607,0.0,0,0,1,0,7.05,-1.185,0,38.26,0,0,1,1,0,3,1,0,0,1,0,12192.0,2,1,1,1,0,0,1,0,7.9,267.4,0,0,0,0,0,1
54500,124.989,0.0,0,0,1,0,30.607,0.0,0,0,1,0,6.932,-1.185,0,37.74,0,0,1,1,0,3,1,0,0,1,0,12192.0,2,1,1,1,0,0,1,0,8.4,269.1,0,0,0,0,0,1
54600,124.989,0.0,0,0,1,0,30.607,0.0,0,0,1,0,6.813,-1.185,0,37.79,0,0,1,1,0,3,1,0,0,1,0,12192.0,2,1,1,1,0,0,1,0,7.6,272.0,0,0,0,0,0,1
54700,124.989,0.0,0,0,1,0,30.607,0.0,0,0,1,0,6.695,-1.185,0,37.81,0,0,1,1,0,3,1,0,0,1,0,12192.0,2,1,1,1,0,0,1,0,8.3,273.9,0,0,0,0,0,1
54800,124.989,0.0,0,0,1,0,30.607,0.0,0,0,1,0,6.576,-1.185,0,38.04,0,0,1,1,0,3,1,0,0,1,0,12192.0,2,1,1,1,0,0,1,0,7.3,269.1,0,0,0,0,0,1
54900,124.989,0.0,0,0,1,0,30.607,0.0,0,0,1,0,6.458,-1.185,0,37.82,0,0,1,1,0,3,1,0,0,1,0,12192.0,2,1,1,1,0,0,1,0,9.0,267.4,0,0,0,0,0,1
55000,124.989,0.0,0,0,1,0,30.607,0.0,0,0,1,0,6.339,-1.185,0,37.79,0,0,1,1,0,3,1,0,0,1,0,12192.0,2,1,1,1,0,0,1,0,8.6,274.5,0,0,0,0,0,1
55100,124.989,0.0,0,0,1,0,30.607,0.0,0,0,1,0,6.221,-1.185,0,37.82,0,0,1,1,0,3,1,0,0,1,0,12192.0,2,1,1,1,0,0,1,0,8.7,269.4,0,0,0,0,0,1
55200,124.989,0.0,0,0,1,0,30.607,0.0,0,0,1,0,6.102,-1.185,0,37.93,0,0,1,1,0,3,1,0,0,1,0,12192.0,2,1,1,1,0,0,1,0,7.7,267.3,0,0,0,0,0,1
55300,124.989,0.0,0,0,1,0,30.607,0.0,0,0,1,0,5.984,-1.185,0,37.91,0,0,1,1,0,3,1,0,0,1,0,12192.0,2,1,1,1,0,0,1,0,8.3,273.5,0,0,0,0,0,1
55400,124.989,0.0,0,0,1,0,30.607,0.0,0,0,1,0,5.865,-1.185,0,37.84,0,0,1,1,0,3,1,0,0,1,0,12192.0,2,1,1,1,0,0,1,0,8.3,270.2,0,0,0,0,0,1
55500,124.989,0.0,0,0,1,0,30.607,0.0,0,0,1,0,5.747,-1.185,0,37.87,0,0,1,1,0,3,1,0,0,1,0,12192.0,2,1,1,1,0,0,1,0,9.1,270.6,0,0,0,0,0,1
55600,124.989,0.0,0,0,1,0,30.607,0.0,0,0,1,0,5.629,-1.185,0,38.02,0,0,1,1,0,3,1,0,0,1,0,12192.0,2,1,1,1,0,0,1,0,7.9,270.4,0,0,0,0,0,1
55700,124.989,0.0,0,0,1,0,30.607,0.0,0,0,1,0,5.51,-1.185,0,37.89,0,0,1,1,0,3,1,0,0,1,0,12192.0,2,1,1,1,0,0,1,0,8.3,269.7,0,0,0,0,0,1
55800,124.989,0.0,0,0,1,0,30.607,0.0,0,0,1,0,5.392,-1.185,0,37.94,0,0,1,1,0,3,1,0,0,1,0,12192.0,2,1,1,1,0,0,1,0,9.5,272.8,0,0,0,0,0,1
55900,124.989,0.0,0,0,1,0,30.607,0.0,0,0,1,0,5.273,-1.185,0,37.96,0,0,1,1,0,3,1,0,0,1,0,12192.0,2,1,1,1,0,0,1,0,8.4,268.2,0,0,0,0,0,1
56000,124.989,0.0,0,0,1,0,30.607,0.0,0,0,1,0,5.155,-1.185,0,37.66,0,0,1,1,0,3,1,0,0,1,0,12192.0,2,1,1,1,0,0,1,0,8.4,273.2,0,0,0,0,0,1
56100,124.989,0.0,0,0,1,0,30.607,0.0,0,0,1,0,5.036,-1.185,0,37.76,0,0,1,1,0,3,1,0,0,1,0,12192.0,2,1,1,1,0,0,1,0,8.1,269.0,0,0,0,0,0,1
56200,124.989,0.0,0,0,1,0,30.607,0.0,0,0,1,0,4.918,-1.185,0,37.88,0,0,1,1,0,3,1,0,0,1,0,12192.0,2,1,1,1,0,0,1,0,8.2,270.1,0,0,0,0,0,1
56300,124.989,0.0,0,0,1,0,30.607,0.0,0,0,1,0,4.799,-1.185,0,37.83,0,0,1,1,0,3,1,0,0,1,0,12192.0,2,1,1,1,0,0,1,0,7.8,267.8,0,0,0,0,0,1
56400,124.989,0.0,0,0,1,0,30.607,0.0,0,0,1,0,4.681,-1.185,0,37.9,0,0,1,1,0,3,1,0,0,1,0,12192.0,2,1,1,1,0,0,1,0,9.5,268.3,0,0,0,0,0,1
56500,124.989,0.0,0,0,1,0,30.607,0.0,0,0,1,0,4.562,-1.185,0,38.02,0,0,1,1,0,3,1,0,0,1,0,12192.0,2,1,1,1,0,0,1,0,9.3,271.5,0,0,0,0,0,1
56600,124.989,0.0,0,0,1,0,30.607,0.0,0,0,1,0,4.444,-1.185,0,37.76,0,0,1,1,0,3,1,0,0,1,0,12192.0,2,1,1,1,0,0,1,0,7.3,269.6,0,0,0,0,0,1
56700,124.989,0.0,0,0,1,0,30.607,0.0,0,0,1,0,4.326,-1.185,0,37.71,0,0,1,1,0,3,1,0,0,1,0,12192.0,2,1,1,1,0,0,1,0,8.6,272.4,0,0,0,0,0,1
56800,124.989,0.0,0,0,1,0,30.607,0.0,0,0,1,0,4.207,-1.185,0,37.96,0,0,1,1,0,3,1,0,0,1,0,12192.0,2,1,1,1,0,0,1,0,8.4,268.0,0,0,0,0,0,1
56900,124.989,0.0,0,0,1,0,30.607,0.0,0,0,1,0,4.089,-1.185,0,37.79,0,0,1,1,0,3,1,0,0,1,0,12192.0,2,1,1,1,0,0,1,0,8.4,267.6,0,0,0,0,0,1
57000,124.989,0.0,0,0,1,0,30.607,0.0,0,0,1,0,3.97,-1.185,0,37.72,0,0,1,1,0,3,1,0,0,1,0,12192.0,2,1,1,1,0,0,1,0,8.5,271.9,0,0,0,0,0,1
57100,124.989,0.0,0,0,1,0,30.607,0.0,0,0,1,0,3.852,-1.185,0,38.18,0,0,1,1,0,3,1,0,0,1,0,12192.0,2,1,1,1,0,0,1,0,8.4,268.4,0,0,0,0,0,1
57200,124.989,0.0,0,0,1,0,30.607,0.0,0,0,1,0,3.733,-1.185,0,38.13,0,0,1,1,0,3,1,0,0,1,0,12192.0,2,1,1,1,0,0,1,0,8.5,266.1,0,0,0,0,0,1
57300,124.989,0.0,0,0,1,0,30.607,0.0,0,0,1,0,3.615,-1.185,0,37.84,0,0,1,1,0,3,1,0,0,1,0,12192.0,2,1,1,1,0,0,1,0,8.8,266.5,0,0,0,0,0,1
57400,124.989,0.0,0,0,1,0,30.607,0.0,0,0,1,0,3.502,-1.133,0,41.99,0,0,1,1,0,3,1,0,0,1,0,12192.0,2,1,1,1,0,0,1,0,7.0,267.5,0,0,0,0,0,1
57500,124.989,0.0,0,0,1,0,30.607,0.0,0,0,1,0,3.393,-1.082,0,42.17,0,0,1,1,0,3,1,0,0,1,0,12192.0,2,1,1,1,0,0,1,0,8.9,266.0,0,0,0,0,0,1
57600,124.989,0.0,0,0,1,0,30.607,0.0,0,0,1,0,3.29,-1.031,0,42.26,0,0,1,1,0,3,1,0,0,1,0,12192.0,2,1,1,1,0,0,1,0,8.6,273.2,0,0,0,0,0,1
57700,124.989,0.0,0,0,1,0,30.607,0.0,0,0,1,0,3.192,-0.979,0,42.16,0,0,1,1,0,3,1,0,0,1,0,12192.0,2,1,1,1,0,0,1,0,8.0,272.4,0,0,0,0,0,1
57800,124.989,0.0,0,0,1,0,30.607,0.0,0,0,1,0,3.099,-0.928,0,42.18,0,0,1,1,0,3,1,0,0,1,0,12192.0,2,1,1,1,0,0,1,0,8.7,266.3,0,0,0,0,0,1
57900,124.989,0.0,0,0,1,0,30.607,0.0,0,0,1,0,3.012,-0.877,0,42.2,0,0,1,1,0,3,1,0,0,1,0,12192.0,2,1,1,1,0,0,1,0,7.6,268.7,0,0,0,0,0,1
58000,124.989,0.0,0,0,1,0,30.607,0.0,0,0,1,0,2.929,-0.826,0,42.22,0,0,1,1,0,3,1,0,0,1,0,12192.0,2,1,1,1,0,0,1,0,8.4,269.5,0,0,0,0,0,1
58100,124.989,0.0,0,0,1,0,30.607,0.0,0,0,1,0,2.852,-0.774,0,42.14,0,0,1,1,0,3,1,0,0,1,0,12192.0,2,1,1,1,0,0,1,0,8.7,270.6,0,0,0,0,0,1
58200,124.989,0.0,0,0,1,0,30.607,0.0,0,0,1,0,2.78,-0.723,0,42.08,0,0,1,1,0,3,1,0,0,1,0,12192.0,2,1,1,1,0,0,1,0,7.9,270.8,0,0,0,0,0,1
58300,124.989,0.0,0,0,1,0,30.607,0.0,0,0,1,0,2.712,-0.672,0,42.21,0,0,1,1,0,3,1,0,0,1,0,12192.0,2,1,1,1,0,0,1,0,8.3,273.6,0,0,0,0,0,1
58400,124.989,0.0,0,0,1,0,30.607,0.0,0,0,1,0,2.65,-0.62,0,42.07,0,0,1,1,0,3,1,0,0,1,0,12192.0,2,1,1,1,0,0,1,0,8.0,268.2,0,0,0,0,0,1
58500,124.989,0.0,0,0,1,0,30.607,0.0,0,0,1,0,2.593,-0.569,0,41.77,0,0,1,1,0,3,1,0,0,1,0,12192.0,2,1,1,1,0,0,1,0,7.8,273.3,0,0,0,0,0,1
58600,124.989,0.0,0,0,1,0,30.607,0.0,0,0,1,0,2.542,-0.518,0,42.05,0,0,1,1,0,3,1,0,0,1,0,12192.0,2,1,1,1,0,0,1,0,7.5,270.6,0,0,0,0,0,1
58700,124.989,0.0,0,0,1,0,30.607,0.0,0,0,1,0,2.495,-0.467,0,41.93,0,0,1,1,0,3,1,0,0,1,0,12192.0,2,1,1,1,0,0,1,0,8.6,271.3,0,0,0,0,0,1
58800,124.989,0.0,0,0,1,0,30.607,0.0,0,0,1,0,2.453,-0.415,0,42.14,0,0,1,1,0,3,1,0,0,1,0,12192.0,2,1,1,1,0,0,1,0,7.7,270.8,0,0,0,0,0,1
58900,124.989,0.0,0,0,1,0,30.607,0.0,0,0,1,0,2.417,-0.364,0,42.19,0,0,1,1,0,3,1,0,0,1,0,12192.0,2,1,1,1,0,0,1,0,7.6,275.6,0,0,0,0,0,1
59000,124.989,0.0,0,0,1,0,30.607,0.0,0,0,1,0,2.386,-0.313,0,42.28,0,0,1,1,0,3,1,0,0,1,0,12192.0,2,1,1,1,0,0,1,0,7.7,272.4,0,0,0,0,0,1
59100,124.989,0.0,0,0,1,0,30.607,0.0,0,0,1,0,2.36,-0.261,0,41.96,0,0,1,1,0,3,1,0,0,1,0,12192.0,2,1,1,1,0,0,1,0,7.5,269.0,0,0,0,0,0,1
59200,124.989,0.0,0,0,1,0,30.607,0.0,0,0,1,0,2.339,-0.21,0,42.03,0,0,1,1,0,3,1,0,0,1,0,12192.0,2,1,1,1,0,0,1,0,7.6,267.8,0,0,0,0,0,1
59300,124.989,0.0,0,0,1,0,30.607,0.0,0,0,1,0,2.323,-0.159,0,42.22,0,0,1,1,0,3,1,0,0,1,0,12192.0,2,1,1,1,0,0,1,0,7.3,267.8,0,0,0,0,0,1
59400,124.989,0.0,0,0,1,0,30.607,0.0,0,0,1,0,2.312,-0.108,0,41.98,0,0,1,1,0,3,1,0,0,1,0,12192.0,2,1,1,1,0,0,1,0,7.1,268.6,0,0,0,0,0,1
59500,124.989,0.0,0,0,0,0,30.607,0.0,0,0,0,0,2.307,0.0,0,39.8,0,0,0,0,0,3,1,0,0,1,0,12192.0,2,1,1,0,1,0,1,0,8.0,272.4,0,0,0,0,0,1
59600,124.989,0.0,0,0,0,0,30.607,0.0,0,0,0,0,2.307,0.0,0,40.07,0,0,0,0,0,3,1,0,1,1,0,12192.0,2,1,1,0,1,0,1,0,8.3,262.3,0,0,0,0,0,1
59700,124.989,0.0,0,0,0,0,30.607,0.0,0,0,0,0,2.307,0.0,0,40.03,0,0,0,0,0,3,1,0,1,1,0,12192.0,2,1,1,0,1,0,1,0,7.0,269.4,0,0,0,0,0,1
59800,124.989,0.0,0,0,0,0,30.607,0.0,0,0,0,0,2.307,0.0,0,40.12,0,0,0,0,0,3,1,0,1,1,0,12192.0,2,1,1,0,1,0,1,0,7.0,268.8,0,0,0,0,0,1
59900,124.989,0.0,0,0,0,0,30.607,0.0,0,0,0,0,2.307,0.0,0,40.07,0,0,0,0,0,3,1,0,1,1,0,12192.0,2,1,1,0,1,0,1,0,7.5,276.1,0,0,0,0,0,1
60000,124.989,0.0,0,0,0,0,30.607,0.0,0,0,0,0,2.307,0.0,0,39.85,0,0,0,0,0,3,1,0,1,1,0,12192.0,2,1,1,0,1,0,1,0,7.4,271.1,0,0,0,0,0,1
60100,124.989,0.0,0,0,0,0,30.607,0.0,0,0,0,0,2.307,0.0,0,40.16,0,0,0,0,0,3,1,0,1,1,0,12192.0,2,1,1,0,1,0,1,0,7.0,267.7,0,0,0,0,0,1
60200,124.989,0.0,0,0,0,0,30.607,0.0,0,0,0,0,2.307,0.0,0,39.71,0,0,0,0,0,3,1,0,1,1,0,12192.0,2,1,1,0,1,0,1,0,7.8,271.8,0,0,0,0,0,1
60300,124.989,0.0,0,0,0,0,30.607,0.0,0,0,0,0,2.307,0.0,0,40.0,0,0,0,0,0,3,1,0,1,1,0,12192.0,2,1,1,0,1,0,1,0,7.1,271.3,0,0,0,0,0,1
60400,124.989,0.0,0,0,0,0,30.607,0.0,0,0,0,0,2.307,0.0,0,39.98,0,0,0,0,0,3,1,0,1,1,0,12192.0,2,1,1,0,1,0,1,0,7.5,269.9,0,0,0,0,0,1
60500,124.989,0.0,0,0,0,0,30.607,0.0,0,0,0,0,2.307,0.0,0,0.0,0,0,0,0,0,3,0,1,1,1,0,12192.0,2,1,1,0,1,0,1,0,7.7,272.4,0,0,0,0,0,1
60600,124.989,0.0,0,0,0,0,30.607,0.0,0,0,0,0,2.307,0.0,0,0.0,0,0,0,0,0,3,0,1,1,1,0,12192.0,2,1,1,0,1,0,1,0,7.5,268.0,0,0,0,0,0,1
60700,124.989,0.0,0,0,0,0,30.607,0.0,0,0,0,0,2.307,0.0,0,0.0,0,0,0,0,0,3,0,1,1,1,0,12192.0,2,1,1,0,1,0,1,0,7.1,269.5,0,0,0,0,0,1
60800,124.989,0.0,0,0,0,0,30.607,0.0,0,0,0,0,2.307,0.0,0,0.0,0,0,0,0,0,3,0,1,1,1,0,12192.0,2,1,1,0,1,0,1,0,7.4,267.9,0,0,0,0,0,1
60900,124.989,0.0,0,0,0,0,30.607,0.0,0,0,0,0,2.307,0.0,0,0.0,0,0,0,0,0,3,0,1,1,1,0,12192.0,2,1,1,0,1,0,1,0,7.1,270.2,0,0,0,0,0,1
61000,124.989,0.0,0,0,0,0,30.607,0.0,0,0,0,0,2.307,0.0,0,0.0,0,0,0,0,0,3,0,1,1,1,0,12192.0,2,1,1,0,1,0,1,0,8.3,272.7,0,0,0,0,0,1
61100,124.989,0.0,0,0,0,0,30.607,0.0,0,0,0,0,2.307,0.0,0,0.0,0,0,0,0,0,3,0,1,1,1,0,12192.0,2,1,1,0,1,0,1,0,7.4,270.9,0,0,0,0,0,1
61200,124.989,0.0,0,0,0,0,30.607,0.0,0,0,0,0,2.307,0.0,0,0.0,0,0,0,0,0,3,0,1,1,1,0,12192.0,2,1,1,0,1,0,1,0,6.9,271.1,0,0,0,0,0,1
61300,124.989,0.0,0,0,0,0,30.607,0.0,0,0,0,0,2.307,0.0,0,0.0,0,0,0,0,0,3,0,1,1,1,0,12192.0,2,1,1,0,1,0,1,0,8.5,269.2,0,0,0,0,0,1
61400,124.989,0.0,0,0,0,0,30.607,0.0,0,0,0,0,2.307,0.0,0,0.0,0,0,0,0,0,3,0,1,1,1,0,12192.0,2,1,1,0,1,0,1,0,7.9,275.0,0,0,0,0,0,1
61500,124.989,0.0,0,0,0,0,30.607,0.0,0,0,0,0,2.307,0.0,0,0.0,0,0,0,0,0,3,0,1,1,1,0,12192.0,2,1,1,0,1,0,1,0,7.8,271.9,0,0,0,0,0,1
61600,124.989,0.0,0,0,0,0,30.607,0.0,0,0,0,0,2.307,0.0,0,0.0,0,0,0,0,0,3,0,1,1,1,0,12192.0,2,1,1,0,1,0,1,0,7.6,270.5,0,0,0,0,0,1
61700,124.989,0.0,0,0,0,0,30.607,0.0,0,0,0,0,2.307,0.0,0,0.0,0,0,0,0,0,3,0,1,1,1,0,12192.0,2,1,1,0,1,0,1,0,7.3,266.8,0,0,0,0,0,1
61800,124.989,0.0,0,0,0,0,30.607,0.0,0,0,0,0,2.307,0.0,0,0.0,0,0,0,0,0,3,0,1,1,1,0,12192.0,2,1,1,0,1,0,1,0,7.4,266.8,0,0,0,0,0,1
61900,124.989,0.0,0,0,0,0,30.607,0.0,0,0,0,0,2.307,0.0,0,0.0,0,0,0,0,0,3,0,1,1,1,0,12192.0,2,1,1,0,1,0,1,0,7.6,273.3,0,0,0,0,0,1
62000,124.989,0.0,0,0,1,0,30.607,0.0,0,0,1,0,2.312,0.051,1,0.0,0,0,1,1,0,3,0,1,0,0,0,12192.0,2,1,1,1,0,0,1,0,6.7,274.7,0,0,0,0,0,1
62100,124.989,0.0,0,0,1,0,30.607,0.0,0,0,1,0,2.322,0.103,1,0.0,0,0,1,1,0,3,0,1,0,0,0,12192.0,2,1,1,1,0,0,1,0,7.5,273.6,0,0,0,0,0,1
62200,124.989,0.0,0,0,1,0,30.607,0.0,0,0,1,0,2.338,0.154,1,0.0,0,0,1,1,0,3,0,1,0,0,0,12192.0,2,1,1,1,0,0,1,0,7.4,273.3,0,0,0,0,0,1
62300,124.989,0.0,0,0,1,0,30.607,0.0,0,0,1,0,2.358,0.205,1,0.0,0,0,1,1,0,3,0,1,0,0,0,12192.0,2,1,1,1,0,0,1,0,7.9,270.4,0,0,0,0,0,1
62400,124.989,0.0,0,0,1,0,30.607,0.0,0,0,1,0,2.384,0.256,1,0.0,0,0,1,1,0,3,0,1,0,0,0,12192.0,2,1,1,1,0,0,1,0,7.8,267.9,0,0,0,0,0,1
62500,124.989,0.0,0,0,1,0,30.607,0.0,0,0,1,0,2.415,0.308,1,0.0,0,0,1,1,0,3,0,1,0,0,0,12192.0,2,1,1,1,0,0,1,0,7.9,268.3,0,0,0,0,0,1
62600,124.989,0.0,0,0,1,0,30.607,0.0,0,0,1,0,2.45,0.359,1,0.0,0,0,1,1,0,3,0,1,0,0,0,12192.0,2,1,1,1,0,0,1,0,8.5,274.7,0,0,0,0,0,1
62700,124.989,0.0,0,0,1,0,30.607,0.0,0,0,1,0,2.491,0.41,1,0.0,0,0,1,1,0,3,0,1,0,0,0,12192.0,2,1,1,1,0,0,1,0,7.5,268.6,0,0,0,0,0,1
62800,124.989,0.0,0,0,1,0,30.607,0.0,0,0,1,0,2.538,0.462,1,0.0,0,0,1,1,0,3,0,1,0,0,0,12192.0,2,1,1,1,0,0,1,0,7.8,271.0,0,0,0,0,0,1
62900,124.989,0.0,0,0,1,0,30.607,0.0,0,0,1,0,2.589,0.513,1,0.0,0,0,1,1,0,3,0,1,0,0,0,12192.0,2,1,1,1,0,0,1,0,7.2,268.6,0,0,0,0,0,1
63000,124.989,0.0,0,0,1,0,30.607,0.0,0,0,1,0,2.645,0.564,1,0.0,0,0,1,1,0,3,0,1,0,0,0,12192.0,2,1,1,1,0,0,1,0,7.8,271.8,0,0,0,0,0,1
63100,124.989,0.0,0,0,1,0,30.607,0.0,0,0,1,0,2.707,0.615,1,0.0,0,0,1,1,0,3,0,1,0,0,0,12192.0,2,1,1,1,0,0,1,0,9.0,266.7,0,0,0,0,0,1
63200,124.989,0.0,0,0,1,0,30.607,0.0,0,0,1,0,2.774,0.667,1,0.0,0,0,1,1,0,3,0,1,0,0,0,12192.0,2,1,1,1,0,0,1,0,8.8,264.4,0,0,0,0,0,1
63300,124.989,0.0,0,0,1,0,30.607,0.0,0,0,1,0,2.845,0.718,1,0.0,0,0,1,1,0,3,0,1,0,0,0,12192.0,2,1,1,1,0,0,1,0,7.9,267.9,0,0,0,0,0,1
63400,124.989,0.0,0,0,1,0,30.607,0.0,0,0,1,0,2.922,0.769,1,0.0,0,0,1,1,0,3,0,1,0,0,0,12192.0,2,1,1,1,0,0,1,0,8.0,272.8,0,0,0,0,0,1
63500,124.989,0.0,0,0,1,0,30.607,0.0,0,0,1,0,3.004,0.821,1,0.0,0,0,1,1,0,3,0,1,0,0,0,12192.0,2,1,1,1,0,0,1,0,8.1,270.8,0,0,0,0,0,1
63600,124.989,0.0,0,0,1,0,30.607,0.0,0,0,1,0,3.092,0.872,1,0.0,0,0,1,1,0,3,0,1,0,0,0,12192.0,2,1,1,1,0,0,1,0,8.5,271.4,0,0,0,0,0,1
63700,124.989,0.0,0,0,1,0,30.607,0.0,0,0,1,0,3.184,0.923,1,0.0,0,0,1,1,0,3,0,1,0,0,0,12192.0,2,1,1,1,0,0,1,0,8.1,264.3,0,0,0,0,0,1
63800,124.989,0.0,0,0,1,0,30.607,0.0,0,0,1,0,3.281,0.974,1,0.0,0,0,1,1,0,3,0,1,0,0,0,12192.0,2,1,1,1,0,0,1,0,8.0,273.1,0,0,0,0,0,1
63900,124.989,0.0,0,0,1,0,30.607,0.0,0,0,1,0,3.384,1.026,1,0.0,0,0,1,1,0,3,0,1,0,0,0,12192.0,2,1,1,1,0,0,1,0,8.6,267.5,0,0,0,0,0,1
64000,124.989,0.0,0,0,1,0,30.607,0.0,0,0,1,0,3.492,1.077,1,0.0,0,0,1,1,0,3,0,1,0,0,0,12192.0,2,1,1,1,0,0,1,0,7.9,271.6,0,0,0,0,0,1
64100,124.989,0.0,0,0,1,0,30.607,0.0,0,0,1,0,3.604,1.128,1,0.0,0,0,1,1,0,3,0,1,0,0,0,12192.0,2,1,1,1,0,0,1,0,8.7,270.2,0,0,0,0,0,1
64200,124.989,0.0,0,0,1,0,30.607,0.0,0,0,1,0,3.722,1.18,1,0.0,0,0,1,1,0,3,0,1,0,0,0,12192.0,2,1,1,1,0,0,1,0,8.5,273.7,0,0,0,0,0,1
64300,124.989,0.0,0,0,1,0,30.607,0.0,0,0,1,0,3.841,1.185,1,0.0,0,0,1,1,0,3,0,1,0,0,0,12192.0,2,1,1,1,0,0,1,0,8.5,267.4,0,0,0,0,0,1
64400,124.989,0.0,0,0,1,0,30.607,0.0,0,0,1,0,3.959,1.185,1,0.0,0,0,1,1,0,3,0,1,0,0,0,12192.0,2,1,1,1,0,0,1,0,8.5,272.1,0,0,0,0,0,1
64500,124.989,0.0,0,0,1,0,30.607,0.0,0,0,1,0,4.078,1.185,1,0.0,0,0,1,1,0,3,0,1,0,0,0,12192.0,2,1,1,1,0,0,1,0,8.4,266.6,0,0,0,0,0,1
64600,124.989,0.0,0,0,1,0,30.607,0.0,0,0,1,0,4.196,1.185,1,0.0,0,0,1,1,0,3,0,1,0,0,0,12192.0,2,1,1,1,0,0,1,0,7.3,272.3,0,0,0,0,0,1
64700,124.989,0.0,0,0,1,0,30.607,0.0,0,0,1,0,4.315,1.185,1,0.0,0,0,1,1,0,3,0,1,0,0,0,12192.0,2,1,1,1,0,0,1,0,8.5,268.3,0,0,0,0,0,1
64800,124.989,0.0,0,0,1,0,30.607,0.0,0,0,1,0,4.433,1.185,1,0.0,0,0,1,1,0,3,0,1,0,0,0,12192.0,2,1,1,1,0,0,1,0,8.2,273.5,0,0,0,0,0,1
64900,124.989,0.0,0,0,1,0,30.607,0.0,0,0,1,0,4.551,1.185,1,0.0,0,0,1,1,0,3,0,1,0,0,0,12192.0,2,1,1,1,0,0,1,0,8.0,266.9,0,0,0,0,0,1
65000,124.989,0.0,0,0,1,0,30.607,0.0,0,0,1,0,4.67,1.185,1,0.0,0,0,1,1,0,3,0,1,0,0,0,12192.0,2,1,1,1,0,0,1,0,8.8,270.0,0,0,0,0,0,1
65100,124.989,0.0,0,0,1,0,30.607,0.0,0,0,1,0,4.788,1.185,1,0.0,0,0,1,1,0,3,0,1,0,0,0,12192.0,2,1,1,1,0,0,1,0,7.7,268.0,0,0,0,0,0,1
65200,124.989,0.0,0,0,1,0,30.607,0.0,0,0,1,0,4.907,1.185,1,0.0,0,0,1,1,0,3,0,1,0,0,0,12192.0,2,1,1,1,0,0,1,0,8.4,270.7,0,0,0,0,0,1
65300,124.989,0.0,0,0,1,0,30.607,0.0,0,0,1,0,5.025,1.185,1,0.0,0,0,1,1,0,3,0,1,0,0,0,12192.0,2,1,1,1,0,0,1,0,8.1,270.7,0,0,0,0,0,1
65400,124.989,0.0,0,0,1,0,30.607,0.0,0,0,1,0,5.144,1.185,1,0.0,0,0,1,1,0,3,0,1,0,0,0,12192.0,2,1,1,1,0,0,1,0,8.3,269.5,0,0,0,0,0,1
65500,124.989,0.0,0,0,1,0,30.607,0.0,0,0,1,0,5.262,1.185,1,0.0,0,0,1,1,0,3,0,1,0,0,0,12192.0,2,1,1,1,0,0,1,0,8.9,267.7,0,0,0,0,0,1
65600,124.989,0.0,0,0,1,0,30.607,0.0,0,0,1,0,5.381,1.185,1,0.0,0,0,1,1,0,3,0,1,0,0,0,12192.0,2,1,1,1,0,0,1,0,8.6,267.5,0,0,0,0,0,1
65700,124.989,0.0,0,0,1,0,30.607,0.0,0,0,1,0,5.499,1.185,1,0.0,0,0,1,1,0,3,0,1,0,0,0,12192.0,2,1,1,1,0,0,1,0,8.8,269.2,0,0,0,0,0,1
65800,124.989,0.0,0,0,1,0,30.607,0.0,0,0,1,0,5.618,1.185,1,0.0,0,0,1,1,0,3,0,1,0,0,0,12192.0,2,1,1,1,0,0,1,0,8.6,269.4,0,0,0,0,0,1
65900,124.989,0.0,0,0,1,0,30.607,0.0,0,0,1,0,5.736,1.185,1,0.0,0,0,1,1,0,3,0,1,0,0,0,12192.0,2,1,1,1,0,0,1,0,8.2,269.7,0,0,0,0,0,1
66000,124.989,0.0,0,0,1,0,30.607,0.0,0,0,1,0,5.854,1.185,1,0.0,0,0,1,1,0,3,0,1,0,0,0,12192.0,2,1,1,1,0,0,1,0,8.2,264.9,0,0,0,0,0,1
66100,124.989,0.0,0,0,1,0,30.607,0.0,0,0,1,0,5.973,1.185,1,0.0,0,0,1,1,0,3,0,1,0,0,0,12192.0,2,1,1,1,0,0,1,0,8.5,268.4,0,0,0,0,0,1
66200,124.989,0.0,0,0,1,0,30.607,0.0,0,0,1,0,6.091,1.185,1,0.0,0,0,1,1,0,3,0,1,0,0,0,12192.0,2,1,1,1,0,0,1,0,8.7,268.5,0,0,0,0,0,1
66300,124.989,0.0,0,0,1,0,30.607,0.0,0,0,1,0,6.21,1.185,1,0.0,0,0,1,1,0,3,0,1,0,0,0,12192.0,2,1,1,1,0,0,1,0,7.5,269.8,0,0,0,0,0,1
66400,124.989,0.0,0,0,1,0,30.607,0.0,0,0,1,0,6.328,1.185,1,0.0,0,0,1,1,0,3,0,1,0,0,0,12192.0,2,1,1,1,0,0,1,0,8.6,274.2,0,0,0,0,0,1
66500,124.989,0.0,0,0,1,0,30.607,0.0,0,0,1,0,6.447,1.185,1,0.0,0,0,1,1,0,3,0,1,0,0,0,12192.0,2,1,1,1,0,0,1,0,8.0,269.2,0,0,0,0,0,1
66600,124.989,0.0,0,0,1,0,30.607,0.0,0,0,1,0,6.565,1.185,1,0.0,0,0,1,1,0,3,0,1,0,0,0,12192.0,2,1,1,1,0,0,1,0,8.0,265.2,0,0,0,0,0,1
66700,124.989,0.0,0,0,1,0,30.607,0.0,0,0,1,0,6.684,1.185,1,0.0,0,0,1,1,0,3,0,1,0,0,0,12192.0,2,1,1,1,0,0,1,0,8.5,273.4,0,0,0,0,0,1
66800,124.989,0.0,0,0,1,0,30.607,0.0,0,0,1,0,6.802,1.185,1,0.0,0,0,1,1,0,3,0,1,0,0,0,12192.0,2,1,1,1,0,0,1,0,8.7,269.5,0,0,0,0,0,1
66900,124.989,0.0,0,0,1,0,30.607,0.0,0,0,1,0,6.921,1.185,1,0.0,0,0,1,1,0,3,0,1,0,0,0,12192.0,2,1,1,1,0,0,1,0,7.6,269.0,0,0,0,0,0,1
67000,124.989,0.0,0,0,1,0,30.607,0.0,0,0,1,0,7.039,1.185,1,0.0,0,0,1,1,0,3,0,1,0,0,0,12192.0,2,1,1,1,0,0,1,0,8.4,269.0,0,0,0,0,0,1
67100,124.989,0.0,0,0,1,0,30.607,0.0,0,0,1,0,7.157,1.185,1,0.0,0,0,1,1,0,3,0,1,0,0,0,12192.0,2,1,1,1,0,0,1,0,7.8,270.3,0,0,0,0,0,1
67200,124.989,0.0,0,0,1,0,30.607,0.0,0,0,1,0,7.276,1.185,1,0.0,0,0,1,1,0,3,0,1,0,0,0,12192.0,2,1,1,1,0,0,1,0,8.3,269.8,0,0,0,0,0,1
67300,124.989,0.0,0,0,1,0,30.607,0.0,0,0,1,0,7.394,1.185,1,0.0,0,0,1,1,0,3,0,1,0,0,0,12192.0,2,1,1,1,0,0,1,0,7.8,276.9,0,0,0,0,0,1
67400,124.989,0.0,0,0,1,0,30.607,0.0,0,0,1,0,7.513,1.185,1,0.0,0,0,1,1,0,3,0,1,0,0,0,12192.0,2,1,1,1,0,0,1,0,8.0,271.8,0,0,0,0,0,1
67500,124.989,0.0,0,0,1,0,30.607,0.0,0,0,1,0,7.631,1.185,1,0.0,0,0,1,1,0,3,0,1,0,0,0,12192.0,2,1,1,1,0,0,1,0,8.2,271.5,0,0,0,0,0,1
67600,124.989,0.0,0,0,1,0,30.607,0.0,0,0,1,0,7.75,1.185,1,0.0,0,0,1,1,0,3,0,1,0,0,0,12192.0,2,1,1,1,0,0,1,0,8.2,269.9,0,0,0,0,0,1
67700,124.989,0.0,0,0,1,0,30.607,0.0,0,0,1,0,7.868,1.185,1,0.0,0,0,1,1,0,3,0,1,0,0,0,12192.0,2,1,1,1,0,0,1,0,8.2,270.8,0,0,0,0,0,1
67800,124.989,0.0,0,0,1,0,30.607,0.0,0,0,1,0,7.987,1.185,1,0.0,0,0,1,1,0,3,0,1,0,0,0,12192.0,2,1,1,1,0,0,1,0,7.5,270.9,0,0,0,0,0,1
67900,124.989,0.0,0,0,1,0,30.607,0.0,0,0,1,0,8.105,1.185,1,0.0,0,0,1,1,0,3,0,1,0,0,0,12192.0,2,1,1,1,0,0,1,0,8.2,266.4,0,0,0,0,0,1
68000,124.989,0.0,0,0,1,0,30.607,0.0,0,0,1,0,8.224,1.185,1,0.0,0,0,1,1,0,3,0,1,0,0,0,12192.0,2,1,1,1,0,0,1,0,7.6,270.8,0,0,0,0,0,1
68100,124.989,0.0,0,0,1,0,30.607,0.0,0,0,1,0,8.342,1.185,1,0.0,0,0,1,1,0,3,0,1,0,0,0,12192.0,2,1,1,1,0,0,1,0,7.1,268.0,0,0,0,0,0,1
68200,124.989,0.0,0,0,1,0,30.607,0.0,0,0,1,0,8.46,1.185,1,0.0,0,0,1,1,0,3,0,1,0,0,0,12192.0,2,1,1,1,0,0,1,0,8.0,273.7,0,0,0,0,0,1
68300,124.989,0.0,0,0,1,0,30.607,0.0,0,0,1,0,8.579,1.185,1,0.0,0,0,1,1,0,3,0,1,0,0,0,12192.0,2,1,1,1,0,0,1,0,8.3,270.6,0,0,0,0,0,1
68400,124.989,0.0,0,0,1,0,30.607,0.0,0,0,1,0,8.697,1.185,1,0.0,0,0,1,1,0,3,0,1,0,0,0,12192.0,2,1,1,1,0,0,1,0,7.4,267.4,0,0,0,0,0,1
68500,124.989,0.0,0,0,1,0,30.607,0.0,0,0,1,0,8.816,1.185,1,0.0,0,0,1,1,0,3,0,1,0,0,0,12192.0,2,1,1,1,0,0,1,0,8.2,272.5,0,0,0,0,0,1
68600,124.989,0.0,0,0,1,0,30.607,0.0,0,0,1,0,8.934,1.185,1,0.0,0,0,1,1,0,3,0,1,0,0,0,12192.0,2,1,1,1,0,0,1,0,8.0,274.6,0,0,0,0,0,1
68700,124.989,0.0,0,0,1,0,30.607,0.0,0,0,1,0,9.053,1.185,1,0.0,0,0,1,1,0,3,0,1,0,0,0,12192.0,2,1,1,1,0,0,1,0,7.3,271.3,0,0,0,0,0,1
68800,124.989,0.0,0,0,1,0,30.607,0.0,0,0,1,0,9.171,1.185,1,0.0,0,0,1,1,0,3,0,1,0,0,0,12192.0,2,1,1,1,0,0,1,0,7.5,267.2,0,0,0,0,0,1
68900,124.989,0.0,0,0,1,0,30.607,0.0,0,0,1,0,9.29,1.185,1,0.0,0,0,1,1,0,3,0,1,0,0,0,12192.0,2,1,1,1,0,0,1,0,7.1,269.5,0,0,0,0,0,1
69000,124.989,0.0,0,0,1,0,30.607,0.0,0,0,1,0,9.408,1.185,1,0.0,0,0,1,1,0,3,0,1,0,0,0,12192.0,2,1,1,1,0,0,1,0,7.7,268.0,0,0,0,0,0,1
69100,124.989,0.0,0,0,1,0,30.607,0.0,0,0,1,0,9.527,1.185,1,0.0,0,0,1,1,0,3,0,1,0,0,0,12192.0,2,1,1,1,0,0,1,0,7.0,268.5,0,0,0,0,0,1
69200,124.989,0.0,0,0,1,0,30.607,0.0,0,0,1,0,9.645,1.185,1,0.0,0,0,1,1,0,3,0,1,0,0,0,12192.0,2,1,1,1,0,0,1,0,6.8,274.5,0,0,0,0,0,1
69300,124.989,0.0,0,0,1,0,30.607,0.0,0,0,1,0,9.763,1.185,1,0.0,0,0,1,1,0,3,0,1,0,0,0,12192.0,2,1,1,1,0,0,1,0,7.3,271.1,0,0,0,0,0,1
69400,124.989,0.0,0,0,1,0,30.607,0.0,0,0,1,0,9.882,1.185,1,0.0,0,0,1,1,0,3,0,1,0,0,0,12192.0,2,1,1,1,0,0,1,0,7.1,268.0,0,0,0,0,0,1
69500,124.989,0.0,0,0,1,0,30.607,0.0,0,0,1,0,10.0,1.185,1,0.0,0,0,1,1,0,3,0,1,0,0,0,12192.0,2,1,1,1,0,0,1,0,7.5,272.7,0,0,0,0,0,1
69600,124.989,0.0,0,0,1,0,30.607,0.0,0,0,1,0,10.119,1.185,1,0.0,0,0,1,1,0,3,0,1,0,0,0,12192.0,2,1,1,1,0,0,1,0,7.6,271.4,0,0,0,0,0,1
69700,124.989,0.0,0,0,1,0,30.607,0.0,0,0,1,0,10.237,1.185,1,0.0,0,0,1,1,0,3,0,1,0,0,0,12192.0,2,1,1,1,0,0,1,0,7.2,273.3,0,0,0,0,0,1
69800,124.989,0.0,0,0,1,0,30.607,0.0,0,0,1,0,10.356,1.185,1,0.0,0,0,1,1,0,3,0,1,0,0,0,12192.0,2,1,1,1,0,0,1,0,8.0,265.1,0,0,0,0,0,1
69900,124.989,0.0,0,0,1,0,30.607,0.0,0,0,1,0,10.474,1.185,1,0.0,0,0,1,1,0,3,0,1,0,0,0,12192.0,2,1,1,1,0,0,1,0,7.7,264.8,0,0,0,0,0,1
70000,124.989,0.0,0,0,1,0,30.607,0.0,0,0,1,0,10.593,1.185,1,0.0,0,0,1,1,0,3,0,1,0,0,0,12192.0,2,1,1,1,0,0,1,0,7.8,268.3,0,0,0,0,0,1
70100,124.989,0.0,0,0,1,0,30.607,0.0,0,0,1,0,10.711,1.185,1,0.0,0,0,1,1,0,3,0,1,0,0,0,12192.0,2,1,1,1,0,0,1,0,6.8,271.7,0,0,0,0,0,1
70200,124.989,0.0,0,0,1,0,30.607,0.0,0,0,1,0,10.83,1.185,1,0.0,0,0,1,1,0,3,0,1,0,0,0,12192.0,2,1,1,1,0,0,1,0,7.9,266.6,0,0,0,0,0,1
70300,124.989,0.0,0,0,1,0,30.607,0.0,0,0,1,0,10.948,1.185,1,0.0,0,0,1,1,0,3,0,1,0,0,0,12192.0,2,1,1,1,0,0,1,0,7.3,271.7,0,0,0,0,0,1
70400,124.989,0.0,0,0,1,0,30.607,0.0,0,0,1,0,11.066,1.185,1,0.0,0,0,1,1,0,3,0,1,0,0,0,12192.0,2,1,1,1,0,0,1,0,7.4,264.8,0,0,0,0,0,1
70500,124.989,0.0,0,0,1,0,30.607,0.0,0,0,1,0,11.185,1.185,1,0.0,0,0,1,1,0,3,0,1,0,0,0,12192.0,2,1,1,1,0,0,1,0,7.9,272.6,0,0,0,0,0,1
70600,124.989,0.0,0,0,1,0,30.607,0.0,0,0,1,0,11.303,1.185,1,0.0,0,0,1,1,0,3,0,1,0,0,0,12192.0,2,1,1,1,0,0,1,0,7.6,267.9,0,0,0,0,0,1
70700,124.989,0.0,0,0,1,0,30.607,0.0,0,0,1,0,11.422,1.185,1,0.0,0,0,1,1,0,3,0,1,0,0,0,12192.0,2,1,1,1,0,0,1,0,7.0,268.8,0,0,0,0,0,1
70800,124.989,0.0,0,0,1,0,30.607,0.0,0,0,1,0,11.54,1.185,1,0.0,0,0,1,1,0,3,0,1,0,0,0,12192.0,2,1,1,1,0,0,1,0,7.1,269.2,0,0,0,0,0,1
70900,124.989,0.0,0,0,1,0,30.607,0.0,0,0,1,0,11.659,1.185,1,0.0,0,0,1,1,0,3,0,1,0,0,0,12192.0,2,1,1,1,0,0,1,0,7.3,267.4,0,0,0,0,0,1
71000,124.989,0.0,0,0,1,0,30.607,0.0,0,0,1,0,11.777,1.185,1,0.0,0,0,1,1,0,3,0,1,0,0,0,12192.0,2,1,1,1,0,0,1,0,6.8,270.2,0,0,0,0,0,1
71100,124.989,0.0,0,0,1,0,30.607,0.0,0,0,1,0,11.896,1.185,1,0.0,0,0,1,1,0,3,0,1,0,0,0,12192.0,2,1,1,1,0,0,1,0,6.9,271.0,0,0,0,0,0,1
71200,124.989,0.0,0,0,1,0,30.607,0.0,0,0,1,0,12.014,1.185,1,0.0,0,0,1,1,0,3,0,1,0,0,0,12192.0,2,1,1,1,0,0,1,0,7.0,269.8,0,0,0,0,0,1
71300,124.989,0.0,0,0,1,0,30.607,0.0,0,0,1,0,12.133,1.185,1,0.0,0,0,1,1,0,3,0,1,0,0,0,12192.0,2,1,1,1,0,0,1,0,7.8,269.0,0,0,0,0,0,1
71400,124.989,0.0,0,0,1,0,30.607,0.0,0,0,1,0,12.251,1.185,1,0.0,0,0,1,1,0,3,0,1,0,0,0,12192.0,2,1,1,1,0,0,1,0,8.3,268.7,0,0,0,0,0,1
71500,124.989,0.0,0,0,1,0,30.607,0.0,0,0,1,0,12.369,1.185,1,0.0,0,0,1,1,0,3,0,1,0,0,0,12192.0,2,1,1,1,0,0,1,0,8.2,269.7,0,0,0,0,0,1
71600,124.989,0.0,0,0,1,0,30.607,0.0,0,0,1,0,12.488,1.185,1,0.0,0,0,1,1,0,3,0,1,0,0,0,12192.0,2,1,1,1,0,0,1,0,7.4,267.4,0,0,0,0,0,1
71700,124.989,0.0,0,0,1,0,30.607,0.0,0,0,1,0,12.606,1.185,1,0.0,0,0,1,1,0,3,0,1,0,0,0,12192.0,2,1,1,1,0,0,1,0,8.4,268.0,0,0,0,0,0,1
71800,124.989,0.0,0,0,1,0,30.607,0.0,0,0,1,0,12.725,1.185,1,0.0,0,0,1,1,0,3,0,1,0,0,0,12192.0,2,1,1,1,0,0,1,0,7.6,272.6,0,0,0,0,0,1
71900,124.989,0.0,0,0,1,0,30.607,0.0,0,0,1,0,12.843,1.185,1,0.0,0,0,1,1,0,3,0,1,0,0,0,12192.0,2,1,1,1,0,0,1,0,7.4,272.3,0,0,0,0,0,1
72000,124.989,0.0,0,0,1,0,30.607,0.0,0,0,1,0,12.962,1.185,1,0.0,0,0,1,1,0,3,0,1,0,0,0,12192.0,2,1,1,1,0,0,1,0,8.1,267.7,0,0,0,0,0,1
72100,124.989,0.0,0,0,1,0,30.607,0.0,0,0,1,0,13.08,1.185,1,0.0,0,0,1,1,0,3,0,1,0,0,0,12192.0,2,1,1,1,0,0,1,0,8.3,269.9,0,0,0,0,0,1
72200,124.989,0.0,0,0,1,0,30.607,0.0,0,0,1,0,13.199,1.185,1,0.0,0,0,1,1,0,3,0,1,0,0,0,12192.0,2,1,1,1,0,0,1,0,7.6,272.9,0,0,0,0,0,1
72300,124.989,0.0,0,0,1,0,30.607,0.0,0,0,1,0,13.317,1.185,1,0.0,0,0,1,1,0,3,0,1,0,0,0,12192.0,2,1,1,1,0,0,1,0,7.9,270.7,0,0,0,0,0,1
72400,124.989,0.0,0,0,1,0,30.607,0.0,0,0,1,0,13.436,1.185,1,0.0,0,0,1,1,0,3,0,1,0,0,0,12192.0,2,1,1,1,0,0,1,0,8.2,271.9,0,0,0,0,0,1
72500,124.989,0.0,0,0,1,0,30.607,0.0,0,0,1,0,13.554,1.185,1,0.0,0,0,1,1,0,3,0,1,0,0,0,12192.0,2,1,1,1,0,0,1,0,8.2,269.0,0,0,0,0,0,1
72600,124.989,0.0,0,0,1,0,30.607,0.0,0,0,1,0,13.672,1.185,1,0.0,0,0,1,1,0,3,0,1,0,0,0,12192.0,2,1,1,1,0,0,1,0,8.6,268.5,0,0,0,0,0,1
72700,124.989,0.0,0,0,1,0,30.607,0.0,0,0,1,0,13.791,1.185,1,0.0,0,0,1,1,0,3,0,1,0,0,0,12192.0,2,1,1,1,0,0,1,0,8.1,268.3,0,0,0,0,0,1
72800,124.989,0.0,0,0,1,0,30.607,0.0,0,0,1,0,13.909,1.185,1,0.0,0,0,1,1,0,3,0,1,0,0,0,12192.0,2,1,1,1,0,0,1,0,7.7,272.0,0,0,0,0,0,1
72900,124.989,0.0,0,0,1,0,30.607,0.0,0,0,1,0,14.028,1.185,1,0.0,0,0,1,1,0,3,0,1,0,0,0,12192.0,2,1,1,1,0,0,1,0,8.4,265.5,0,0,0,0,0,1
73000,124.989,0.0,0,0,1,0,30.607,0.0,0,0,1,0,14.146,1.185,1,0.0,0,0,1,1,0,3,0,1,0,0,0,12192.0,2,1,1,1,0,0,1,0,8.5,270.3,0,0,0,0,0,1
73100,124.989,0.0,0,0,1,0,30.607,0.0,0,0,1,0,14.265,1.185,1,0.0,0,0,1,1,0,3,0,1,0,0,0,12192.0,2,1,1,1,0,0,1,0,8.3,272.3,0,0,0,0,0,1
73200,124.989,0.0,0,0,1,0,30.607,0.0,0,0,1,0,14.383,1.185,1,0.0,0,0,1,1,0,3,0,1,0,0,0,12192.0,2,1,1,1,0,0,1,0,8.7,271.7,0,0,0,0,0,1
73300,124.989,0.0,0,0,1,0,30.607,0.0,0,0,1,0,14.502,1.185,1,0.0,0,0,1,1,0,3,0,1,0,0,0,12192.0,2,1,1,1,0,0,1,0,8.5,268.4,0,0,0,0,0,1
73400,124.989,0.0,0,0,1,0,30.607,0.0,0,0,1,0,14.62,1.185,1,0.0,0,0,1,1,0,3,0,1,0,0,0,12192.0,2,1,1,1,0,0,1,0,9.0,269.9,0,0,0,0,0,1
73500,124.989,0.0,0,0,1,0,30.607,0.0,0,0,1,0,14.738,1.185,1,0.0,0,0,1,1,0,3,0,1,0,0,0,12192.0,2,1,1,1,0,0,1,0,7.6,269.5,0,0,0,0,0,1
73600,124.989,0.0,0,0,1,0,30.607,0.0,0,0,1,0,14.857,1.185,1,0.0,0,0,1,1,0,3,0,1,0,0,0,12192.0,2,1,1,1,0,0,1,0,8.8,273.3,0,0,0,0,0,1
73700,124.989,0.0,0,0,1,0,30.607,0.0,0,0,1,0,14.975,1.185,1,0.0,0,0,1,1,0,3,0,1,0,0,0,12192.0,2,1,1,1,0,0,1,0,8.8,271.4,0,0,0,0,0,1
73800,124.989,0.0,0,0,1,0,30.607,0.0,0,0,1,0,15.094,1.185,1,0.0,0,0,1,1,0,3,0,1,0,0,0,12192.0,2,1,1,1,0,0,1,0,8.6,269.6,0,0,0,0,0,1
73900,124.989,0.0,0,0,1,0,30.607,0.0,0,0,1,0,15.212,1.185,1,0.0,0,0,1,1,0,3,0,1,0,0,0,12192.0,2,1,1,1,0,0,1,0,9.0,269.6,0,0,0,0,0,1
74000,124.989,0.0,0,0,1,0,30.607,0.0,0,0,1,0,15.331,1.185,1,0.0,0,0,1,1,0,3,0,1,0,0,0,12192.0,2,1,1,1,0,0,1,0,8.8,271.8,0,0,0,0,0,1
74100,124.989,0.0,0,0,1,0,30.607,0.0,0,0,1,0,15.449,1.185,1,0.0,0,0,1,1,0,3,0,1,0,0,0,12192.0,2,1,1,1,0,0,1,0,8.4,270.1,0,0,0,0,0,1
74200,124.989,0.0,0,0,1,0,30.607,0.0,0,0,1,0,15.568,1.185,1,0.0,0,0,1,1,0,3,0,1,0,0,0,12192.0,2,1,1,1,0,0,1,0,8.9,267.3,0,0,0,0,0,1
74300,124.989,0.0,0,0,1,0,30.607,0.0,0,0,1,0,15.686,1.185,1,0.0,0,0,1,1,0,3,0,1,0,0,0,12192.0,2,1,1,1,0,0,1,0,8.9,268.2,0,0,0,0,0,1
74400,124.989,0.0,0,0,1,0,30.607,0.0,0,0,1,0,15.805,1.185,1,0.0,0,0,1,1,0,3,0,1,0,0,0,12192.0,2,1,1,1,0,0,1,0,8.9,267.4,0,0,0,0,0,1
74500,124.989,0.0,0,0,1,0,30.607,0.0,0,0,1,0,15.923,1.185,1,0.0,0,0,1,1,0,3,0,1,0,0,0,12192.0,2,1,1,1,0,0,1,0,9.7,270.9,0,0,0,0,0,1
74600,124.989,0.0,0,0,1,0,30.607,0.0,0,0,1,0,16.041,1.185,1,0.0,0,0,1,1,0,3,0,1,0,0,0,12192.0,2,1,1,1,0,0,1,0,8.8,271.1,0,0,0,0,0,1
74700,124.989,0.0,0,0,1,0,30.607,0.0,0,0,1,0,16.16,1.185,1,0.0,0,0,1,1,0,3,0,1,0,0,0,12192.0,2,1,1,1,0,0,1,0,8.8,269.5,0,0,0,0,0,1
74800,124.989,0.0,0,0,1,0,30.607,0.0,0,0,1,0,16.278,1.185,1,0.0,0,0,1,1,0,3,0,1,0,0,0,12192.0,2,1,1,1,0,0,1,0,8.8,267.5,0,0,0,0,0,1
74900,124.989,0.0,0,0,1,0,30.607,0.0,0,0,1,0,16.397,1.185,1,0.0,0,0,1,1,0,3,0,1,0,0,0,12192.0,2,1,1,1,0,0,1,0,8.5,269.6,0,0,0,0,0,1
75000,124.989,0.0,0,0,1,0,30.607,0.0,0,0,1,0,16.515,1.185,1,0.0,0,0,1,1,0,3,0,1,0,0,0,12192.0,2,1,1,1,0,0,1,0,8.2,269.5,0,0,0,0,0,1
75100,124.989,0.0,0,0,1,0,30.607,0.0,0,0,1,0,16.634,1.185,1,0.0,0,0,1,1,0,3,0,1,0,0,0,12192.0,2,1,1,1,0,0,1,0,8.6,269.6,0,0,0,0,0,1
75200,124.989,0.0,0,0,1,0,30.607,0.0,0,0,1,0,16.752,1.185,1,0.0,0,0,1,1,0,3,0,1,0,0,0,12192.0,2,1,1,1,0,0,1,0,8.6,272.7,0,0,0,0,0,1
75300,124.989,0.0,0,0,1,0,30.607,0.0,0,0,1,0,16.871,1.185,1,0.0,0,0,1,1,0,3,0,1,0,0,0,12192.0,2,1,1,1,0,0,1,0,8.8,273.4,0,0,0,0,0,1
75400,124.989,0.0,0,0,1,0,30.607,0.0,0,0,1,0,16.989,1.185,1,0.0,0,0,1,1,0,3,0,1,0,0,0,12192.0,2,1,1,1,0,0,1,0,8.5,273.7,0,0,0,0,0,1
75500,124.989,0.0,0,0,1,0,30.607,0.0,0,0,1,0,17.108,1.185,1,0.0,0,0,1,1,0,3,0,1,0,0,0,12192.0,2,1,1,1,0,0,1,0,8.6,268.7,0,0,0,0,0,1
75600,124.989,0.0,0,0,1,0,30.607,0.0,0,0,1,0,17.226,1.185,1,0.0,0,0,1,1,0,3,0,1,0,0,0,12192.0,2,1,1,1,0,0,1,0,7.6,268.1,0,0,0,0,0,1
75700,124.989,0.0,0,0,1,0,30.607,0.0,0,0,1,0,17.339,1.133,1,0.0,0,0,1,1,0,3,0,1,0,0,0,12192.0,2,1,1,1,0,0,1,0,8.1,269.7,0,0,0,0,0,1
75800,124.989,0.0,0,0,1,0,30.607,0.0,0,0,1,0,17.447,1.081,1,0.0,0,0,1,1,0,3,0,1,0,0,0,12192.0,2,1,1,1,0,0,1,0,7.9,267.6,0,0,0,0,0,1
75900,124.989,0.0,0,0,1,0,30.607,0.0,0,0,1,0,17.55,1.028,1,0.0,0,0,1,1,0,3,0,1,0,0,0,12192.0,2,1,1,1,0,0,1,0,8.6,268.9,0,0,0,0,0,1
76000,124.989,0.0,0,0,1,0,30.607,0.0,0,0,1,0,17.648,0.975,1,0.0,0,0,1,1,0,3,0,1,0,0,0,12192.0,2,1,1,1,0,0,1,0,7.6,266.8,0,0,0,0,0,1
76100,124.989,0.0,0,0,1,0,30.607,0.0,0,0,1,0,17.74,0.923,1,0.0,0,0,1,1,0,3,0,1,0,0,0,12192.0,2,1,1,1,0,0,1,0,8.3,267.9,0,0,0,0,0,1
76200,124.989,0.0,0,0,1,0,30.607,0.0,0,0,1,0,17.827,0.87,1,0.0,0,0,1,1,0,3,0,1,0,0,0,12192.0,2,1,1,1,0,0,1,0,8.0,269.7,0,0,0,0,0,1
76300,124.989,0.0,0,0,1,0,30.607,0.0,0,0,1,0,17.909,0.817,1,0.0,0,0,1,1,0,3,0,1,0,0,0,12192.0,2,1,1,1,0,0,1,0,8.2,274.7,0,0,0,0,0,1
76400,124.989,0.0,0,0,1,0,30.607,0.0,0,0,1,0,17.985,0.764,1,0.0,0,0,1,1,0,3,0,1,0,0,0,12192.0,2,1,1,1,0,0,1,0,7.9,268.8,0,0,0,0,0,1
76500,124.989,0.0,0,0,1,0,30.607,0.0,0,0,1,0,18.056,0.711,1,0.0,0,0,1,1,0,3,0,1,0,0,0,12192.0,2,1,1,1,0,0,1,0,8.2,271.4,0,0,0,0,0,1
76600,124.989,0.0,0,0,1,0,30.607,0.0,0,0,1,0,18.122,0.658,1,0.0,0,0,1,1,0,3,0,1,0,0,0,12192.0,2,1,1,1,0,0,1,0,7.7,267.0,0,0,0,0,0,1
76700,124.989,0.0,0,0,1,0,30.607,0.0,0,0,1,0,18.182,0.604,1,0.0,0,0,1,1,0,3,0,1,0,0,0,12192.0,2,1,1,1,0,0,1,0,7.8,267.7,0,0,0,0,0,1
76800,124.989,0.0,0,0,1,0,30.607,0.0,0,0,1,0,18.237,0.55,1,0.0,0,0,1,1,0,3,0,1,0,0,0,12192.0,2,1,1,1,0,0,1,0,8.0,268.7,0,0,0,0,0,1
76900,124.989,0.0,0,0,1,0,30.607,0.0,0,0,1,0,18.287,0.497,1,0.0,0,0,1,1,0,3,0,1,0,0,0,12192.0,2,1,1,1,0,0,1,0,8.3,273.2,0,0,0,0,0,1
77000,124.989,0.0,0,0,1,0,30.607,0.0,0,0,1,0,18.331,0.442,1,0.0,0,0,1,1,0,3,0,1,0,0,0,12192.0,2,1,1,1,0,0,1,0,7.9,269.1,0,0,0,0,0,1
77100,124.989,0.0,0,0,1,0,30.607,0.0,0,0,1,0,18.37,0.388,1,0.0,0,0,1,1,0,3,0,1,0,0,0,12192.0,2,1,1,1,0,0,1,0,8.4,268.9,0,0,0,0,0,1
77200,124.989,0.0,0,0,1,0,30.607,0.0,0,0,1,0,18.403,0.332,1,0.0,0,0,1,1,0,3,0,1,0,0,0,12192.0,2,1,1,1,0,0,1,0,7.5,271.7,0,0,0,0,0,1
77300,124.989,0.0,0,0,1,0,30.607,0.0,0,0,1,0,18.431,0.276,1,0.0,0,0,1,1,0,3,0,1,0,0,0,12192.0,2,1,1,1,0,0,1,0,7.4,270.5,0,0,0,0,0,1
77400,124.989,0.0,0,0,1,0,30.607,0.0,0,0,1,0,18.453,0.219,1,0.0,0,0,1,1,0,3,0,1,0,0,0,12192.0,2,1,1,1,0,0,1,0,8.1,270.8,0,0,0,0,0,1
77500,124.989,0.0,0,0,1,0,30.607,0.0,0,0,1,0,18.469,0.16,1,0.0,0,0,1,1,0,3,0,1,0,0,0,12192.0,2,1,1,1,0,0,1,0,7.3,273.9,0,0,0,0,0,1
77600,124.989,0.0,0,0,1,0,30.607,0.0,0,0,1,0,18.478,0.096,1,0.0,0,0,1,1,0,3,0,1,0,0,0,12192.0,2,1,1,1,0,0,1,0,8.0,272.9,0,0,0,0,0,1
77700,124.989,0.0,0,0,0,0,30.607,0.0,0,0,0,0,18.483,0.0,0,0.0,0,0,0,0,0,3,0,1,0,0,0,12192.0,2,1,1,0,1,0,1,0,8.6,268.9,0,0,0,0,0,1
