t_ms,GT_Position,GT_Velocity,GT_Direction,GT_Running,GT_Brake_Released,GT_Motor_Alarm,TR_Position,TR_Velocity,TR_Direction,TR_Running,TR_Brake_Released,TR_Motor_Alarm,HO_Position,HO_Velocity,HO_Direction,HO_Load,HO_Overload_Alarm,HO_Snag_Alarm,HO_Running,HO_Brake_Released,HO_Motor_Alarm,SP_Mode,SP_TwistLock_Locked,SP_TwistLock_Unlocked,SP_Landed,SP_Container_Detected,SP_Mismatch_Alarm,SP_Telescopic_Position,OP_Mode,OP_Power_On,OP_Ready,OP_Running,OP_Standby,OP_Emergency_Stop,OP_AntiSway_Active,OP_Cycle_Count_Today,ENV_Wind_Speed,ENV_Wind_Direction,ENV_Wind_Alarm,ALM_Active,ALM_Latest_Code,ALM_Latest_Severity,ALM_Latest_Source,COM_Link_Status
0,124.989,0.0,0,0,1,0,23.886,0.063,1,1,1,0,39.195,-0.052,0,0.0,0,0,1,1,0,3,0,1,0,0,0,12192.0,2,1,1,1,0,0,1,0,8.0,271.1,0,0,0,0,0,1
100,124.989,0.0,0,0,1,0,23.899,0.126,1,1,1,0,39.184,-0.103,0,0.0,0,0,1,1,0,3,0,1,0,0,0,12192.0,2,1,1,1,0,0,1,0,8.0,265.4,0,0,0,0,0,1
200,124.989,0.0,0,0,1,0,23.918,0.188,1,1,1,0,39.169,-0.155,0,0.0,0,0,1,1,0,3,0,1,0,0,0,12192.0,2,1,1,1,0,0,1,0,7.5,274.1,0,0,0,0,0,1
300,124.989,0.0,0,0,1,0,23.943,0.251,1,1,1,0,39.148,-0.207,0,0.0,0,0,1,1,0,3,0,1,0,0,0,12192.0,2,1,1,1,0,0,1,0,8.1,271.0,0,0,0,0,0,1
400,124.989,0.0,0,0,1,0,23.974,0.314,1,1,1,0,39.122,-0.258,0,0.0,0,0,1,1,0,3,0,1,0,0,0,12192.0,2,1,1,1,0,0,1,0,8.3,266.9,0,0,0,0,0,1
500,124.989,0.0,0,0,1,0,24.012,0.377,1,1,1,0,39.091,-0.31,0,0.0,0,0,1,1,0,3,0,1,0,0,0,12192.0,2,1,1,1,0,0,1,0,8.2,272.1,0,0,0,0,0,1
600,124.989,0.0,0,0,1,0,24.056,0.44,1,1,1,0,39.055,-0.362,0,0.0,0,0,1,1,0,3,0,1,0,0,0,12192.0,2,1,1,1,0,0,1,0,8.2,270.6,0,0,0,0,0,1
700,124.989,0.0,0,0,1,0,24.106,0.502,1,1,1,0,39.014,-0.414,0,0.0,0,0,1,1,0,3,0,1,0,0,0,12192.0,2,1,1,1,0,0,1,0,8.3,274.1,0,0,0,0,0,1
800,124.989,0.0,0,0,1,0,24.163,0.565,1,1,1,0,38.967,-0.465,0,0.0,0,0,1,1,0,3,0,1,0,0,0,12192.0,2,1,1,1,0,0,1,0,7.9,269.2,0,0,0,0,0,1
900,124.989,0.0,0,0,1,0,24.225,0.628,1,1,1,0,38.916,-0.517,0,0.0,0,0,1,1,0,3,0,1,0,0,0,12192.0,2,1,1,1,0,0,1,0,8.0,266.6,0,0,0,0,0,1
1000,124.989,0.0,0,0,1,0,24.294,0.691,1,1,1,0,38.859,-0.569,0,0.0,0,0,1,1,0,3,0,1,0,0,0,12192.0,2,1,1,1,0,0,1,0,8.7,269.3,0,0,0,0,0,1
1100,124.989,0.0,0,0,1,0,24.37,0.753,1,1,1,0,38.797,-0.62,0,0.0,0,0,1,1,0,3,0,1,0,0,0,12192.0,2,1,1,1,0,0,1,0,9.4,269.3,0,0,0,0,0,1
1200,124.989,0.0,0,0,1,0,24.451,0.816,1,1,1,0,38.73,-0.672,0,0.0,0,0,1,1,0,3,0,1,0,0,0,12192.0,2,1,1,1,0,0,1,0,7.9,267.2,0,0,0,0,0,1
1300,124.989,0.0,0,0,1,0,24.539,0.879,1,1,1,0,38.657,-0.724,0,0.0,0,0,1,1,0,3,0,1,0,0,0,12192.0,2,1,1,1,0,0,1,0,8.0,267.6,0,0,0,0,0,1
1400,124.989,0.0,0,0,1,0,24.633,0.942,1,1,1,0,38.58,-0.775,0,0.0,0,0,1,1,0,3,0,1,0,0,0,12192.0,2,1,1,1,0,0,1,0,8.0,268.1,0,0,0,0,0,1
1500,124.989,0.0,0,0,1,0,24.734,1.005,1,1,1,0,38.497,-0.827,0,0.0,0,0,1,1,0,3,0,1,0,0,0,12192.0,2,1,1,1,0,0,1,0,7.7,270.5,0,0,0,0,0,1
1600,124.989,0.0,0,0,1,0,24.841,1.067,1,1,1,0,38.409,-0.879,0,0.0,0,0,1,1,0,3,0,1,0,0,0,12192.0,2,1,1,1,0,0,1,0,9.0,267.7,0,0,0,0,0,1
1700,124.989,0.0,0,0,1,0,24.954,1.13,1,1,1,0,38.316,-0.931,0,0.0,0,0,1,1,0,3,0,1,0,0,0,12192.0,2,1,1,1,0,0,1,0,9.5,271.9,0,0,0,0,0,1
1800,124.989,0.0,0,0,1,0,25.073,1.193,1,1,1,0,38.218,-0.982,0,0.0,0,0,1,1,0,3,0,1,0,0,0,12192.0,2,1,1,1,0,0,1,0,8.9,271.8,0,0,0,0,0,1
1900,124.989,0.0,0,0,1,0,25.199,1.256,1,1,1,0,38.114,-1.034,0,0.0,0,0,1,1,0,3,0,1,0,0,0,12192.0,2,1,1,1,0,0,1,0,7.7,268.3,0,0,0,0,0,1
2000,124.989,0.0,0,0,1,0,25.33,1.319,1,1,1,0,38.006,-1.086,0,0.0,0,0,1,1,0,3,0,1,0,0,0,12192.0,2,1,1,1,0,0,1,0,8.8,273.3,0,0,0,0,0,1
2100,124.989,0.0,0,0,1,0,25.469,1.381,1,1,1,0,37.892,-1.137,0,0.0,0,0,1,1,0,3,0,1,0,0,0,12192.0,2,1,1,1,0,0,1,0,8.2,269.3,0,0,0,0,0,1
2200,124.989,0.0,0,0,1,0,25.613,1.444,1,1,1,0,37.773,-1.189,0,0.0,0,0,1,1,0,3,0,1,0,0,0,12192.0,2,1,1,1,0,0,1,0,9.2,265.2,0,0,0,0,0,1
2300,124.989,0.0,0,0,1,0,25.764,1.507,1,1,1,0,37.649,-1.241,0,0.0,0,0,1,1,0,3,0,1,0,0,0,12192.0,2,1,1,1,0,0,1,0,8.7,272.6,0,0,0,0,0,1
2400,124.989,0.0,0,0,1,0,25.921,1.57,1,1,1,0,37.524,-1.252,0,0.0,0,0,1,1,0,3,0,1,0,0,0,12192.0,2,1,1,1,0,0,1,0,8.5,271.0,0,0,0,0,0,1
2500,124.989,0.0,0,0,1,0,26.084,1.633,1,1,1,0,37.399,-1.252,0,0.0,0,0,1,1,0,3,0,1,0,0,0,12192.0,2,1,1,1,0,0,1,0,9.0,273.4,0,0,0,0,0,1
2600,124.989,0.0,0,0,1,0,26.254,1.695,1,1,1,0,37.274,-1.252,0,0.0,0,0,1,1,0,3,0,1,0,0,0,12192.0,2,1,1,1,0,0,1,0,8.2,267.8,0,0,0,0,0,1
2700,124.989,0.0,0,0,1,0,26.429,1.758,1,1,1,0,37.149,-1.252,0,0.0,0,0,1,1,0,3,0,1,0,0,0,12192.0,2,1,1,1,0,0,1,0,8.1,271.5,0,0,0,0,0,1
2800,124.989,0.0,0,0,1,0,26.611,1.821,1,1,1,0,37.023,-1.252,0,0.0,0,0,1,1,0,3,0,1,0,0,0,12192.0,2,1,1,1,0,0,1,0,9.1,266.8,0,0,0,0,0,1
2900,124.989,0.0,0,0,1,0,26.8,1.884,1,1,1,0,36.898,-1.252,0,0.0,0,0,1,1,0,3,0,1,0,0,0,12192.0,2,1,1,1,0,0,1,0,8.5,269.4,0,0,0,0,0,1
3000,124.989,0.0,0,0,1,0,26.994,1.947,1,1,1,0,36.773,-1.252,0,0.0,0,0,1,1,0,3,0,1,0,0,0,12192.0,2,1,1,1,0,0,1,0,8.6,271.3,0,0,0,0,0,1
3100,124.989,0.0,0,0,1,0,27.195,2.009,1,1,1,0,36.648,-1.252,0,0.0,0,0,1,1,0,3,0,1,0,0,0,12192.0,2,1,1,1,0,0,1,0,8.5,264.6,0,0,0,0,0,1
3200,124.989,0.0,0,0,1,0,27.403,2.072,1,1,1,0,36.523,-1.252,0,0.0,0,0,1,1,0,3,0,1,0,0,0,12192.0,2,1,1,1,0,0,1,0,8.4,271.7,0,0,0,0,0,1
3300,124.989,0.0,0,0,1,0,27.616,2.135,1,1,1,0,36.398,-1.252,0,0.0,0,0,1,1,0,3,0,1,0,0,0,12192.0,2,1,1,1,0,0,1,0,8.6,271.8,0,0,0,0,0,1
3400,124.989,0.0,0,0,1,0,27.836,2.198,1,1,1,0,36.272,-1.252,0,0.0,0,0,1,1,0,3,0,1,0,0,0,12192.0,2,1,1,1,0,0,1,0,8.0,269.9,0,0,0,0,0,1
3500,124.989,0.0,0,0,1,0,28.062,2.26,1,1,1,0,36.147,-1.252,0,0.0,0,0,1,1,0,3,0,1,0,0,0,12192.0,2,1,1,1,0,0,1,0,8.0,266.9,0,0,0,0,0,1
3600,124.989,0.0,0,0,1,0,28.294,2.323,1,1,1,0,36.022,-1.252,0,0.0,0,0,1,1,0,3,0,1,0,0,0,12192.0,2,1,1,1,0,0,1,0,7.6,274.0,0,0,0,0,0,1
3700,124.989,0.0,0,0,1,0,28.533,2.386,1,1,1,0,35.897,-1.252,0,0.0,0,0,1,1,0,3,0,1,0,0,0,12192.0,2,1,1,1,0,0,1,0,8.4,270.4,0,0,0,0,0,1
3800,124.989,0.0,0,0,1,0,28.778,2.449,1,1,1,0,35.772,-1.252,0,0.0,0,0,1,1,0,3,0,1,0,0,0,12192.0,2,1,1,1,0,0,1,0,8.5,269.5,0,0,0,0,0,1
3900,124.989,0.0,0,0,1,0,29.029,2.512,1,1,1,0,35.647,-1.252,0,0.0,0,0,1,1,0,3,0,1,0,0,0,12192.0,2,1,1,1,0,0,1,0,7.7,270.2,0,0,0,0,0,1
4000,124.989,0.0,0,0,1,0,29.286,2.574,1,1,1,0,35.522,-1.252,0,0.0,0,0,1,1,0,3,0,1,0,0,0,12192.0,2,1,1,1,0,0,1,0,7.9,268.0,0,0,0,0,0,1
4100,124.989,0.0,0,0,1,0,29.55,2.637,1,1,1,0,35.396,-1.252,0,0.0,0,0,1,1,0,3,0,1,0,0,0,12192.0,2,1,1,1,0,0,1,0,8.6,267.3,0,0,0,0,0,1
4200,124.989,0.0,0,0,1,0,29.82,2.7,1,1,1,0,35.271,-1.252,0,0.0,0,0,1,1,0,3,0,1,0,0,0,12192.0,2,1,1,1,0,0,1,0,8.0,269.6,0,0,0,0,0,1
4300,124.989,0.0,0,0,1,0,30.096,2.763,1,1,1,0,35.146,-1.252,0,0.0,0,0,1,1,0,3,0,1,0,0,0,12192.0,2,1,1,1,0,0,1,0,7.8,270.2,0,0,0,0,0,1
4400,124.989,0.0,0,0,1,0,30.379,2.826,1,1,1,0,35.021,-1.252,0,0.0,0,0,1,1,0,3,0,1,0,0,0,12192.0,2,1,1,1,0,0,1,0,8.1,274.2,0,0,0,0,0,1
4500,124.989,0.0,0,0,1,0,30.668,2.888,1,1,1,0,34.896,-1.252,0,0.0,0,0,1,1,0,3,0,1,0,0,0,12192.0,2,1,1,1,0,0,1,0,8.3,270.5,0,0,0,0,0,1
4600,124.989,0.0,0,0,1,0,30.963,2.951,1,1,1,0,34.771,-1.252,0,0.0,0,0,1,1,0,3,0,1,0,0,0,12192.0,2,1,1,1,0,0,1,0,8.2,268.2,0,0,0,0,0,1
4700,124.989,0.0,0,0,1,0,31.264,3.014,1,1,1,0,34.645,-1.252,0,0.0,0,0,1,1,0,3,0,1,0,0,0,12192.0,2,1,1,1,0,0,1,0,7.4,268.3,0,0,0,0,0,1
4800,124.989,0.0,0,0,1,0,31.572,3.077,1,1,1,0,34.52,-1.252,0,0.0,0,0,1,1,0,3,0,1,0,0,0,12192.0,2,1,1,1,0,0,1,0,7.2,266.7,0,0,0,0,0,1
4900,124.989,0.0,0,0,1,0,31.886,3.14,1,1,1,0,34.395,-1.252,0,0.0,0,0,1,1,0,3,0,1,0,0,0,12192.0,2,1,1,1,0,0,1,0,8.3,266.2,0,0,0,0,0,1
5000,124.989,0.0,0,0,1,0,32.206,3.202,1,1,1,0,34.27,-1.252,0,0.0,0,0,1,1,0,3,0,1,0,0,0,12192.0,2,1,1,1,0,0,1,0,7.3,266.7,0,0,0,0,0,1
5100,124.989,0.0,0,0,1,0,32.533,3.265,1,1,1,0,34.145,-1.252,0,0.0,0,0,1,1,0,3,0,1,0,0,0,12192.0,2,1,1,1,0,0,1,0,7.4,272.9,0,0,0,0,0,1
5200,124.989,0.0,0,0,1,0,32.865,3.325,1,1,1,0,34.02,-1.252,0,0.0,0,0,1,1,0,3,0,1,0,0,0,12192.0,2,1,1,1,0,0,1,0,7.6,271.6,0,0,0,0,0,1
5300,124.989,0.0,0,0,1,0,33.191,3.261,1,1,1,0,33.894,-1.252,0,0.0,0,0,1,1,0,3,0,1,0,0,0,12192.0,2,1,1,1,0,0,1,0,8.0,273.1,0,0,0,0,0,1
5400,124.989,0.0,0,0,1,0,33.511,3.198,1,1,1,0,33.769,-1.252,0,0.0,0,0,1,1,0,3,0,1,0,0,0,12192.0,2,1,1,1,0,0,1,0,6.8,274.9,0,0,0,0,0,1
5500,124.989,0.0,0,0,1,0,33.824,3.134,1,1,1,0,33.644,-1.252,0,0.0,0,0,1,1,0,3,0,1,0,0,0,12192.0,2,1,1,1,0,0,1,0,7.7,269.8,0,0,0,0,0,1
5600,124.989,0.0,0,0,1,0,34.132,3.071,1,1,1,0,33.519,-1.252,0,0.0,0,0,1,1,0,3,0,1,0,0,0,12192.0,2,1,1,1,0,0,1,0,7.0,269.6,0,0,0,0,0,1
5700,124.989,0.0,0,0,1,0,34.432,3.007,1,1,1,0,33.394,-1.252,0,0.0,0,0,1,1,0,3,0,1,0,0,0,12192.0,2,1,1,1,0,0,1,0,7.7,269.5,0,0,0,0,0,1
5800,124.989,0.0,0,0,1,0,34.727,2.944,1,1,1,0,33.269,-1.252,0,0.0,0,0,1,1,0,3,0,1,0,0,0,12192.0,2,1,1,1,0,0,1,0,6.9,270.5,0,0,0,0,0,1
5900,124.989,0.0,0,0,1,0,35.015,2.881,1,1,1,0,33.144,-1.252,0,0.0,0,0,1,1,0,3,0,1,0,0,0,12192.0,2,1,1,1,0,0,1,0,7.4,271.2,0,0,0,0,0,1
6000,124.989,0.0,0,0,1,0,35.296,2.817,1,1,1,0,33.018,-1.252,0,0.0,0,0,1,1,0,3,0,1,0,0,0,12192.0,2,1,1,1,0,0,1,0,7.6,267.8,0,0,0,0,0,1
6100,124.989,0.0,0,0,1,0,35.572,2.754,1,1,1,0,32.893,-1.252,0,0.0,0,0,1,1,0,3,0,1,0,0,0,12192.0,2,1,1,1,0,0,1,0,8.5,271.2,0,0,0,0,0,1
6200,124.989,0.0,0,0,1,0,35.841,2.69,1,1,1,0,32.768,-1.252,0,0.0,0,0,1,1,0,3,0,1,0,0,0,12192.0,2,1,1,1,0,0,1,0,7.4,265.8,0,0,0,0,0,1
6300,124.989,0.0,0,0,1,0,36.103,2.626,1,1,1,0,32.643,-1.252,0,0.0,0,0,1,1,0,3,0,1,0,0,0,12192.0,2,1,1,1,0,0,1,0,7.1,269.4,0,0,0,0,0,1
6400,124.989,0.0,0,0,1,0,36.36,2.563,1,1,1,0,32.518,-1.252,0,0.0,0,0,1,1,0,3,0,1,0,0,0,12192.0,2,1,1,1,0,0,1,0,7.5,268.2,0,0,0,0,0,1
6500,124.989,0.0,0,0,1,0,36.61,2.499,1,1,1,0,32.393,-1.252,0,0.0,0,0,1,1,0,3,0,1,0,0,0,12192.0,2,1,1,1,0,0,1,0,7.2,271.8,0,0,0,0,0,1
6600,124.989,0.0,0,0,1,0,36.853,2.436,1,1,1,0,32.267,-1.252,0,0.0,0,0,1,1,0,3,0,1,0,0,0,12192.0,2,1,1,1,0,0,1,0,8.2,273.0,0,0,0,0,0,1
6700,124.989,0.0,0,0,1,0,37.09,2.372,1,1,1,0,32.142,-1.252,0,0.0,0,0,1,1,0,3,0,1,0,0,0,12192.0,2,1,1,1,0,0,1,0,7.3,264.9,0,0,0,0,0,1
6800,124.989,0.0,0,0,1,0,37.321,2.308,1,1,1,0,32.017,-1.252,0,0.0,0,0,1,1,0,3,0,1,0,0,0,12192.0,2,1,1,1,0,0,1,0,8.0,268.4,0,0,0,0,0,1
6900,124.989,0.0,0,0,1,0,37.546,2.245,1,1,1,0,31.892,-1.252,0,0.0,0,0,1,1,0,3,0,1,0,0,0,12192.0,2,1,1,1,0,0,1,0,7.4,276.1,0,0,0,0,0,1
7000,124.989,0.0,0,0,1,0,37.764,2.181,1,1,1,0,31.767,-1.252,0,0.0,0,0,1,1,0,3,0,1,0,0,0,12192.0,2,1,1,1,0,0,1,0,7.1,267.3,0,0,0,0,0,1
7100,124.989,0.0,0,0,1,0,37.976,2.117,1,1,1,0,31.642,-1.252,0,0.0,0,0,1,1,0,3,0,1,0,0,0,12192.0,2,1,1,1,0,0,1,0,7.1,269.4,0,0,0,0,0,1
7200,124.989,0.0,0,0,1,0,38.181,2.054,1,1,1,0,31.517,-1.252,0,0.0,0,0,1,1,0,3,0,1,0,0,0,12192.0,2,1,1,1,0,0,1,0,7.3,269.4,0,0,0,0,0,1
7300,124.989,0.0,0,0,1,0,38.38,1.99,1,1,1,0,31.391,-1.252,0,0.0,0,0,1,1,0,3,0,1,0,0,0,12192.0,2,1,1,1,0,0,1,0,7.0,269.1,0,0,0,0,0,1
7400,124.989,0.0,0,0,1,0,38.573,1.926,1,1,1,0,31.266,-1.252,0,0.0,0,0,1,1,0,3,0,1,0,0,0,12192.0,2,1,1,1,0,0,1,0,7.1,269.6,0,0,0,0,0,1
7500,124.989,0.0,0,0,1,0,38.759,1.862,1,1,1,0,31.141,-1.252,0,0.0,0,0,1,1,0,3,0,1,0,0,0,12192.0,2,1,1,1,0,0,1,0,8.1,269.2,0,0,0,0,0,1
7600,124.989,0.0,0,0,1,0,38.939,1.798,1,1,1,0,31.016,-1.252,0,0.0,0,0,1,1,0,3,0,1,0,0,0,12192.0,2,1,1,1,0,0,1,0,7.2,270.6,0,0,0,0,0,1
7700,124.989,0.0,0,0,1,0,39.112,1.734,1,1,1,0,30.891,-1.252,0,0.0,0,0,1,1,0,3,0,1,0,0,0,12192.0,2,1,1,1,0,0,1,0,7.6,268.6,0,0,0,0,0,1
7800,124.989,0.0,0,0,1,0,39.279,1.67,1,1,1,0,30.766,-1.252,0,0.0,0,0,1,1,0,3,0,1,0,0,0,12192.0,2,1,1,1,0,0,1,0,6.8,273.1,0,0,0,0,0,1
7900,124.989,0.0,0,0,1,0,39.44,1.606,1,1,1,0,30.64,-1.252,0,0.0,0,0,1,1,0,3,0,1,0,0,0,12192.0,2,1,1,1,0,0,1,0,8.2,267.6,0,0,0,0,0,1
8000,124.989,0.0,0,0,1,0,39.594,1.542,1,1,1,0,30.515,-1.252,0,0.0,0,0,1,1,0,3,0,1,0,0,0,12192.0,2,1,1,1,0,0,1,0,7.5,272.7,0,0,0,0,0,1
8100,124.989,0.0,0,0,1,0,39.742,1.478,1,1,1,0,30.39,-1.252,0,0.0,0,0,1,1,0,3,0,1,0,0,0,12192.0,2,1,1,1,0,0,1,0,7.3,267.8,0,0,0,0,0,1
8200,124.989,0.0,0,0,1,0,39.883,1.414,1,1,1,0,30.265,-1.252,0,0.0,0,0,1,1,0,3,0,1,0,0,0,12192.0,2,1,1,1,0,0,1,0,7.5,273.9,0,0,0,0,0,1
8300,124.989,0.0,0,0,1,0,40.018,1.35,1,1,1,0,30.14,-1.252,0,0.0,0,0,1,1,0,3,0,1,0,0,0,12192.0,2,1,1,1,0,0,1,0,8.0,266.9,0,0,0,0,0,1
8400,124.989,0.0,0,0,1,0,40.147,1.285,1,1,1,0,30.015,-1.252,0,0.0,0,0,1,1,0,3,0,1,0,0,0,12192.0,2,1,1,1,0,0,1,0,8.1,265.8,0,0,0,0,0,1
8500,124.989,0.0,0,0,1,0,40.269,1.221,1,1,1,0,29.889,-1.252,0,0.0,0,0,1,1,0,3,0,1,0,0,0,12192.0,2,1,1,1,0,0,1,0,7.9,267.3,0,0,0,0,0,1
8600,124.989,0.0,0,0,1,0,40.385,1.157,1,1,1,0,29.764,-1.252,0,0.0,0,0,1,1,0,3,0,1,0,0,0,12192.0,2,1,1,1,0,0,1,0,7.6,267.0,0,0,0,0,0,1
8700,124.989,0.0,0,0,1,0,40.494,1.092,1,1,1,0,29.639,-1.252,0,0.0,0,0,1,1,0,3,0,1,0,0,0,12192.0,2,1,1,1,0,0,1,0,7.8,268.5,0,0,0,0,0,1
8800,124.989,0.0,0,0,1,0,40.596,1.027,1,1,1,0,29.514,-1.252,0,0.0,0,0,1,1,0,3,0,1,0,0,0,12192.0,2,1,1,1,0,0,1,0,7.6,270.7,0,0,0,0,0,1
8900,124.989,0.0,0,0,1,0,40.693,0.962,1,1,1,0,29.389,-1.252,0,0.0,0,0,1,1,0,3,0,1,0,0,0,12192.0,2,1,1,1,0,0,1,0,7.6,274.1,0,0,0,0,0,1
9000,124.989,0.0,0,0,1,0,40.782,0.897,1,1,1,0,29.264,-1.252,0,0.0,0,0,1,1,0,3,0,1,0,0,0,12192.0,2,1,1,1,0,0,1,0,7.9,272.6,0,0,0,0,0,1
9100,124.989,0.0,0,0,1,0,40.866,0.832,1,1,1,0,29.139,-1.252,0,0.0,0,0,1,1,0,3,0,1,0,0,0,12192.0,2,1,1,1,0,0,1,0,9.1,268.5,0,0,0,0,0,1
9200,124.989,0.0,0,0,1,0,40.942,0.767,1,1,1,0,29.013,-1.252,0,0.0,0,0,1,1,0,3,0,1,0,0,0,12192.0,2,1,1,1,0,0,1,0,8.0,272.8,0,0,0,0,0,1
9300,124.989,0.0,0,0,1,0,41.012,0.701,1,1,1,0,28.888,-1.252,0,0.0,0,0,1,1,0,3,0,1,0,0,0,12192.0,2,1,1,1,0,0,1,0,7.9,267.2,0,0,0,0,0,1
9400,124.989,0.0,0,0,1,0,41.076,0.635,1,1,1,0,28.763,-1.252,0,0.0,0,0,1,1,0,3,0,1,0,0,0,12192.0,2,1,1,1,0,0,1,0,8.4,267.6,0,0,0,0,0,1
9500,124.989,0.0,0,0,1,0,41.133,0.569,1,1,1,0,28.638,-1.252,0,0.0,0,0,1,1,0,3,0,1,0,0,0,12192.0,2,1,1,1,0,0,1,0,8.2,261.5,0,0,0,0,0,1
9600,124.989,0.0,0,0,1,0,41.183,0.502,1,1,1,0,28.513,-1.252,0,0.0,0,0,1,1,0,3,0,1,0,0,0,12192.0,2,1,1,1,0,0,1,0,8.5,275.2,0,0,0,0,0,1
9700,124.989,0.0,0,0,1,0,41.227,0.435,1,1,1,0,28.388,-1.252,0,0.0,0,0,1,1,0,3,0,1,0,0,0,12192.0,2,1,1,1,0,0,1,0,9.1,269.4,0,0,0,0,0,1
9800,124.989,0.0,0,0,1,0,41.263,0.367,1,1,1,0,28.262,-1.252,0,0.0,0,0,1,1,0,3,0,1,0,0,0,12192.0,2,1,1,1,0,0,1,0,9.6,272.2,0,0,0,0,0,1
9900,124.989,0.0,0,0,1,0,41.293,0.298,1,1,1,0,28.137,-1.252,0,0.0,0,0,1,1,0,3,0,1,0,0,0,12192.0,2,1,1,1,0,0,1,0,7.7,273.2,0,0,0,0,0,1
10000,124.989,0.0,0,0,1,0,41.316,0.226,1,1,1,0,28.012,-1.252,0,0.0,0,0,1,1,0,3,0,1,0,0,0,12192.0,2,1,1,1,0,0,1,0,8.1,270.3,0,0,0,0,0,1
10100,124.989,0.0,0,0,1,0,41.331,0.151,1,1,1,0,27.887,-1.252,0,0.0,0,0,1,1,0,3,0,1,0,0,0,12192.0,2,1,1,1,0,0,1,0,8.5,269.2,0,0,0,0,0,1
10200,124.989,0.0,0,0,1,0,41.337,0.0,0,0,1,0,27.762,-1.252,0,0.0,0,0,1,1,0,3,0,1,0,0,0,12192.0,2,1,1,1,0,0,1,0,8.0,271.6,0,0,0,0,0,1
10300,124.989,0.0,0,0,1,0,41.337,0.0,0,0,1,0,27.637,-1.252,0,0.0,0,0,1,1,0,3,0,1,0,0,0,12192.0,2,1,1,1,0,0,1,0,7.7,270.5,0,0,0,0,0,1
10400,124.989,0.0,0,0,1,0,41.337,0.0,0,0,1,0,27.512,-1.252,0,0.0,0,0,1,1,0,3,0,1,0,0,0,12192.0,2,1,1,1,0,0,1,0,8.6,269.4,0,0,0,0,0,1
10500,124.989,0.0,0,0,1,0,41.337,0.0,0,0,1,0,27.386,-1.252,0,0.0,0,0,1,1,0,3,0,1,0,0,0,12192.0,2,1,1,1,0,0,1,0,8.5,270.0,0,0,0,0,0,1
10600,124.989,0.0,0,0,1,0,41.337,0.0,0,0,1,0,27.261,-1.252,0,0.0,0,0,1,1,0,3,0,1,0,0,0,12192.0,2,1,1,1,0,0,1,0,7.7,270.3,0,0,0,0,0,1
10700,124.989,0.0,0,0,1,0,41.337,0.0,0,0,1,0,27.136,-1.252,0,0.0,0,0,1,1,0,3,0,1,0,0,0,12192.0,2,1,1,1,0,0,1,0,8.6,268.9,0,0,0,0,0,1
10800,124.989,0.0,0,0,1,0,41.337,0.0,0,0,1,0,27.011,-1.252,0,0.0,0,0,1,1,0,3,0,1,0,0,0,12192.0,2,1,1,1,0,0,1,0,9.4,265.7,0,0,0,0,0,1
10900,124.989,0.0,0,0,1,0,41.337,0.0,0,0,1,0,26.886,-1.252,0,0.0,0,0,1,1,0,3,0,1,0,0,0,12192.0,2,1,1,1,0,0,1,0,7.4,273.8,0,0,0,0,0,1
11000,124.989,0.0,0,0,1,0,41.337,0.0,0,0,1,0,26.761,-1.252,0,0.0,0,0,1,1,0,3,0,1,0,0,0,12192.0,2,1,1,1,0,0,1,0,8.9,268.1,0,0,0,0,0,1
11100,124.989,0.0,0,0,1,0,41.337,0.0,0,0,1,0,26.635,-1.252,0,0.0,0,0,1,1,0,3,0,1,0,0,0,12192.0,2,1,1,1,0,0,1,0,9.2,273.1,0,0,0,0,0,1
11200,124.989,0.0,0,0,1,0,41.337,0.0,0,0,1,0,26.51,-1.252,0,0.0,0,0,1,1,0,3,0,1,0,0,0,12192.0,2,1,1,1,0,0,1,0,8.7,267.7,0,0,0,0,0,1
11300,124.989,0.0,0,0,1,0,41.337,0.0,0,0,1,0,26.385,-1.252,0,0.0,0,0,1,1,0,3,0,1,0,0,0,12192.0,2,1,1,1,0,0,1,0,8.8,271.6,0,0,0,0,0,1
11400,124.989,0.0,0,0,1,0,41.337,0.0,0,0,1,0,26.26,-1.252,0,0.0,0,0,1,1,0,3,0,1,0,0,0,12192.0,2,1,1,1,0,0,1,0,9.3,268.0,0,0,0,0,0,1
11500,124.989,0.0,0,0,1,0,41.337,0.0,0,0,1,0,26.135,-1.252,0,0.0,0,0,1,1,0,3,0,1,0,0,0,12192.0,2,1,1,1,0,0,1,0,8.3,273.1,0,0,0,0,0,1
11600,124.989,0.0,0,0,1,0,41.337,0.0,0,0,1,0,26.01,-1.252,0,0.0,0,0,1,1,0,3,0,1,0,0,0,12192.0,2,1,1,1,0,0,1,0,8.6,274.3,0,0,0,0,0,1
11700,124.989,0.0,0,0,1,0,41.337,0.0,0,0,1,0,25.885,-1.252,0,0.0,0,0,1,1,0,3,0,1,0,0,0,12192.0,2,1,1,1,0,0,1,0,8.7,266.2,0,0,0,0,0,1
11800,124.989,0.0,0,0,1,0,41.337,0.0,0,0,1,0,25.759,-1.252,0,0.0,0,0,1,1,0,3,0,1,0,0,0,12192.0,2,1,1,1,0,0,1,0,8.6,268.7,0,0,0,0,0,1
11900,124.989,0.0,0,0,1,0,41.337,0.0,0,0,1,0,25.634,-1.252,0,0.0,0,0,1,1,0,3,0,1,0,0,0,12192.0,2,1,1,1,0,0,1,0,7.6,272.8,0,0,0,0,0,1
12000,124.989,0.0,0,0,1,0,41.337,0.0,0,0,1,0,25.509,-1.252,0,0.0,0,0,1,1,0,3,0,1,0,0,0,12192.0,2,1,1,1,0,0,1,0,8.4,269.1,0,0,0,0,0,1
12100,124.989,0.0,0,0,1,0,41.337,0.0,0,0,1,0,25.384,-1.252,0,0.0,0,0,1,1,0,3,0,1,0,0,0,12192.0,2,1,1,1,0,0,1,0,9.0,267.3,0,0,0,0,0,1
12200,124.989,0.0,0,0,1,0,41.337,0.0,0,0,1,0,25.259,-1.252,0,0.0,0,0,1,1,0,3,0,1,0,0,0,12192.0,2,1,1,1,0,0,1,0,8.5,271.1,0,0,0,0,0,1
12300,124.989,0.0,0,0,1,0,41.337,0.0,0,0,1,0,25.134,-1.252,0,0.0,0,0,1,1,0,3,0,1,0,0,0,12192.0,2,1,1,1,0,0,1,0,8.6,273.9,0,0,0,0,0,1
12400,124.989,0.0,0,0,1,0,41.337,0.0,0,0,1,0,25.008,-1.252,0,0.0,0,0,1,1,0,3,0,1,0,0,0,12192.0,2,1,1,1,0,0,1,0,8.2,270.3,0,0,0,0,0,1
12500,124.989,0.0,0,0,1,0,41.337,0.0,0,0,1,0,24.883,-1.252,0,0.0,0,0,1,1,0,3,0,1,0,0,0,12192.0,2,1,1,1,0,0,1,0,8.2,272.0,0,0,0,0,0,1
12600,124.989,0.0,0,0,1,0,41.337,0.0,0,0,1,0,24.758,-1.252,0,0.0,0,0,1,1,0,3,0,1,0,0,0,12192.0,2,1,1,1,0,0,1,0,8.6,272.6,0,0,0,0,0,1
12700,124.989,0.0,0,0,1,0,41.337,0.0,0,0,1,0,24.633,-1.252,0,0.0,0,0,1,1,0,3,0,1,0,0,0,12192.0,2,1,1,1,0,0,1,0,7.5,265.4,0,0,0,0,0,1
12800,124.989,0.0,0,0,1,0,41.337,0.0,0,0,1,0,24.508,-1.252,0,0.0,0,0,1,1,0,3,0,1,0,0,0,12192.0,2,1,1,1,0,0,1,0,7.6,267.6,0,0,0,0,0,1
12900,124.989,0.0,0,0,1,0,41.337,0.0,0,0,1,0,24.383,-1.252,0,0.0,0,0,1,1,0,3,0,1,0,0,0,12192.0,2,1,1,1,0,0,1,0,7.7,273.9,0,0,0,0,0,1
13000,124.989,0.0,0,0,1,0,41.337,0.0,0,0,1,0,24.257,-1.252,0,0.0,0,0,1,1,0,3,0,1,0,0,0,12192.0,2,1,1,1,0,0,1,0,8.3,270.2,0,0,0,0,0,1
13100,124.989,0.0,0,0,1,0,41.337,0.0,0,0,1,0,24.132,-1.252,0,0.0,0,0,1,1,0,3,0,1,0,0,0,12192.0,2,1,1,1,0,0,1,0,7.7,272.3,0,0,0,0,0,1
13200,124.989,0.0,0,0,1,0,41.337,0.0,0,0,1,0,24.007,-1.252,0,0.0,0,0,1,1,0,3,0,1,0,0,0,12192.0,2,1,1,1,0,0,1,0,7.8,267.4,0,0,0,0,0,1
13300,124.989,0.0,0,0,1,0,41.337,0.0,0,0,1,0,23.882,-1.252,0,0.0,0,0,1,1,0,3,0,1,0,0,0,12192.0,2,1,1,1,0,0,1,0,8.5,267.0,0,0,0,0,0,1
13400,124.989,0.0,0,0,1,0,41.337,0.0,0,0,1,0,23.757,-1.252,0,0.0,0,0,1,1,0,3,0,1,0,0,0,12192.0,2,1,1,1,0,0,1,0,7.4,267.6,0,0,0,0,0,1
13500,124.989,0.0,0,0,1,0,41.337,0.0,0,0,1,0,23.632,-1.252,0,0.0,0,0,1,1,0,3,0,1,0,0,0,12192.0,2,1,1,1,0,0,1,0,7.6,270.0,0,0,0,0,0,1
13600,124.989,0.0,0,0,1,0,41.337,0.0,0,0,1,0,23.507,-1.252,0,0.0,0,0,1,1,0,3,0,1,0,0,0,12192.0,2,1,1,1,0,0,1,0,7.7,269.3,0,0,0,0,0,1
13700,124.989,0.0,0,0,1,0,41.337,0.0,0,0,1,0,23.381,-1.252,0,0.0,0,0,1,1,0,3,0,1,0,0,0,12192.0,2,1,1,1,0,0,1,0,8.0,269.2,0,0,0,0,0,1
13800,124.989,0.0,0,0,1,0,41.337,0.0,0,0,1,0,23.256,-1.252,0,0.0,0,0,1,1,0,3,0,1,0,0,0,12192.0,2,1,1,1,0,0,1,0,7.3,271.0,0,0,0,0,0,1
13900,124.989,0.0,0,0,1,0,41.337,0.0,0,0,1,0,23.131,-1.252,0,0.0,0,0,1,1,0,3,0,1,0,0,0,12192.0,2,1,1,1,0,0,1,0,7.6,264.4,0,0,0,0,0,1
14000,124.989,0.0,0,0,1,0,41.337,0.0,0,0,1,0,23.006,-1.252,0,0.0,0,0,1,1,0,3,0,1,0,0,0,12192.0,2,1,1,1,0,0,1,0,8.7,266.6,0,0,0,0,0,1
14100,124.989,0.0,0,0,1,0,41.337,0.0,0,0,1,0,22.881,-1.252,0,0.0,0,0,1,1,0,3,0,1,0,0,0,12192.0,2,1,1,1,0,0,1,0,8.9,268.6,0,0,0,0,0,1
14200,124.989,0.0,0,0,1,0,41.337,0.0,0,0,1,0,22.756,-1.252,0,0.0,0,0,1,1,0,3,0,1,0,0,0,12192.0,2,1,1,1,0,0,1,0,7.2,271.9,0,0,0,0,0,1
14300,124.989,0.0,0,0,1,0,41.337,0.0,0,0,1,0,22.63,-1.252,0,0.0,0,0,1,1,0,3,0,1,0,0,0,12192.0,2,1,1,1,0,0,1,0,7.3,267.6,0,0,0,0,0,1
14400,124.989,0.0,0,0,1,0,41.337,0.0,0,0,1,0,22.505,-1.252,0,0.0,0,0,1,1,0,3,0,1,0,0,0,12192.0,2,1,1,1,0,0,1,0,7.5,268.9,0,0,0,0,0,1
14500,124.989,0.0,0,0,1,0,41.337,0.0,0,0,1,0,22.38,-1.252,0,0.0,0,0,1,1,0,3,0,1,0,0,0,12192.0,2,1,1,1,0,0,1,0,7.4,268.0,0,0,0,0,0,1
14600,124.989,0.0,0,0,1,0,41.337,0.0,0,0,1,0,22.255,-1.252,0,0.0,0,0,1,1,0,3,0,1,0,0,0,12192.0,2,1,1,1,0,0,1,0,7.1,269.6,0,0,0,0,0,1
14700,124.989,0.0,0,0,1,0,41.337,0.0,0,0,1,0,22.13,-1.252,0,0.0,0,0,1,1,0,3,0,1,0,0,0,12192.0,2,1,1,1,0,0,1,0,7.6,272.6,0,0,0,0,0,1
14800,124.989,0.0,0,0,1,0,41.337,0.0,0,0,1,0,22.005,-1.252,0,0.0,0,0,1,1,0,3,0,1,0,0,0,12192.0,2,1,1,1,0,0,1,0,7.4,266.9,0,0,0,0,0,1
14900,124.989,0.0,0,0,1,0,41.337,0.0,0,0,1,0,21.88,-1.252,0,0.0,0,0,1,1,0,3,0,1,0,0,0,12192.0,2,1,1,1,0,0,1,0,7.0,268.4,0,0,0,0,0,1
15000,124.989,0.0,0,0,1,0,41.337,0.0,0,0,1,0,21.754,-1.252,0,0.0,0,0,1,1,0,3,0,1,0,0,0,12192.0,2,1,1,1,0,0,1,0,7.6,268.5,0,0,0,0,0,1
15100,124.989,0.0,0,0,1,0,41.337,0.0,0,0,1,0,21.629,-1.252,0,0.0,0,0,1,1,0,3,0,1,0,0,0,12192.0,2,1,1,1,0,0,1,0,7.2,269.9,0,0,0,0,0,1
15200,124.989,0.0,0,0,1,0,41.337,0.0,0,0,1,0,21.504,-1.252,0,0.0,0,0,1,1,0,3,0,1,0,0,0,12192.0,2,1,1,1,0,0,1,0,8.0,270.6,0,0,0,0,0,1
15300,124.989,0.0,0,0,1,0,41.337,0.0,0,0,1,0,21.379,-1.252,0,0.0,0,0,1,1,0,3,0,1,0,0,0,12192.0,2,1,1,1,0,0,1,0,7.2,267.0,0,0,0,0,0,1
15400,124.989,0.0,0,0,1,0,41.337,0.0,0,0,1,0,21.254,-1.252,0,0.0,0,0,1,1,0,3,0,1,0,0,0,12192.0,2,1,1,1,0,0,1,0,7.3,271.2,0,0,0,0,0,1
15500,124.989,0.0,0,0,1,0,41.337,0.0,0,0,1,0,21.129,-1.252,0,0.0,0,0,1,1,0,3,0,1,0,0,0,12192.0,2,1,1,1,0,0,1,0,7.4,273.1,0,0,0,0,0,1
15600,124.989,0.0,0,0,1,0,41.337,0.0,0,0,1,0,21.003,-1.252,0,0.0,0,0,1,1,0,3,0,1,0,0,0,12192.0,2,1,1,1,0,0,1,0,7.5,268.8,0,0,0,0,0,1
15700,124.989,0.0,0,0,1,0,41.337,0.0,0,0,1,0,20.878,-1.252,0,0.0,0,0,1,1,0,3,0,1,0,0,0,12192.0,2,1,1,1,0,0,1,0,7.2,269.8,0,0,0,0,0,1
15800,124.989,0.0,0,0,1,0,41.337,0.0,0,0,1,0,20.753,-1.252,0,0.0,0,0,1,1,0,3,0,1,0,0,0,12192.0,2,1,1,1,0,0,1,0,6.9,271.1,0,0,0,0,0,1
15900,124.989,0.0,0,0,1,0,41.337,0.0,0,0,1,0,20.628,-1.252,0,0.0,0,0,1,1,0,3,0,1,0,0,0,12192.0,2,1,1,1,0,0,1,0,7.3,269.2,0,0,0,0,0,1
16000,124.989,0.0,0,0,1,0,41.337,0.0,0,0,1,0,20.503,-1.252,0,0.0,0,0,1,1,0,3,0,1,0,0,0,12192.0,2,1,1,1,0,0,1,0,7.0,269.0,0,0,0,0,0,1
16100,124.989,0.0,0,0,1,0,41.337,0.0,0,0,1,0,20.378,-1.252,0,0.0,0,0,1,1,0,3,0,1,0,0,0,12192.0,2,1,1,1,0,0,1,0,7.7,271.6,0,0,0,0,0,1
16200,124.989,0.0,0,0,1,0,41.337,0.0,0,0,1,0,20.252,-1.252,0,0.0,0,0,1,1,0,3,0,1,0,0,0,12192.0,2,1,1,1,0,0,1,0,7.8,270.7,0,0,0,0,0,1
16300,124.989,0.0,0,0,1,0,41.337,0.0,0,0,1,0,20.127,-1.252,0,0.0,0,0,1,1,0,3,0,1,0,0,0,12192.0,2,1,1,1,0,0,1,0,7.1,265.8,0,0,0,0,0,1
16400,124.989,0.0,0,0,1,0,41.337,0.0,0,0,1,0,20.002,-1.252,0,0.0,0,0,1,1,0,3,0,1,0,0,0,12192.0,2,1,1,1,0,0,1,0,8.0,271.7,0,0,0,0,0,1
16500,124.989,0.0,0,0,1,0,41.337,0.0,0,0,1,0,19.877,-1.252,0,0.0,0,0,1,1,0,3,0,1,0,0,0,12192.0,2,1,1,1,0,0,1,0,7.4,273.3,0,0,0,0,0,1
16600,124.989,0.0,0,0,1,0,41.337,0.0,0,0,1,0,19.757,-1.2,0,0.0,0,0,1,1,0,3,0,1,0,0,0,12192.0,2,1,1,1,0,0,1,0,7.5,269.9,0,0,0,0,0,1
16700,124.989,0.0,0,0,1,0,41.337,0.0,0,0,1,0,19.642,-1.148,0,0.0,0,0,1,1,0,3,0,1,0,0,0,12192.0,2,1,1,1,0,0,1,0,7.1,273.1,0,0,0,0,0,1
16800,124.989,0.0,0,0,1,0,41.337,0.0,0,0,1,0,19.533,-1.095,0,0.0,0,0,1,1,0,3,0,1,0,0,0,12192.0,2,1,1,1,0,0,1,0,7.8,272.7,0,0,0,0,0,1
16900,124.989,0.0,0,0,1,0,41.337,0.0,0,0,1,0,19.429,-1.042,0,0.0,0,0,1,1,0,3,0,1,0,0,0,12192.0,2,1,1,1,0,0,1,0,7.5,270.6,0,0,0,0,0,1
17000,124.989,0.0,0,0,1,0,41.337,0.0,0,0,1,0,19.33,-0.989,0,0.0,0,0,1,1,0,3,0,1,0,0,0,12192.0,2,1,1,1,0,0,1,0,7.4,274.3,0,0,0,0,0,1
17100,124.989,0.0,0,0,1,0,41.337,0.0,0,0,1,0,19.236,-0.936,0,0.0,0,0,1,1,0,3,0,1,0,0,0,12192.0,2,1,1,1,0,0,1,0,7.9,270.5,0,0,0,0,0,1
17200,124.989,0.0,0,0,1,0,41.337,0.0,0,0,1,0,19.148,-0.883,0,0.0,0,0,1,1,0,3,0,1,0,0,0,12192.0,2,1,1,1,0,0,1,0,7.7,268.2,0,0,0,0,0,1
17300,124.989,0.0,0,0,1,0,41.337,0.0,0,0,1,0,19.065,-0.829,0,0.0,0,0,1,1,0,3,0,1,0,0,0,12192.0,2,1,1,1,0,0,1,0,8.2,269.8,0,0,0,0,0,1
17400,124.989,0.0,0,0,1,0,41.337,0.0,0,0,1,0,18.987,-0.776,0,0.0,0,0,1,1,0,3,0,1,0,0,0,12192.0,2,1,1,1,0,0,1,0,7.9,267.6,0,0,0,0,0,1
17500,124.989,0.0,0,0,1,0,41.337,0.0,0,0,1,0,18.915,-0.722,0,0.0,0,0,1,1,0,3,0,1,0,0,0,12192.0,2,1,1,1,0,0,1,0,7.9,269.5,0,0,0,0,0,1
17600,124.989,0.0,0,0,1,0,41.337,0.0,0,0,1,0,18.848,-0.669,0,0.0,0,0,1,1,0,3,0,1,0,0,0,12192.0,2,1,1,1,0,0,1,0,7.9,269.0,0,0,0,0,0,1
17700,124.989,0.0,0,0,1,0,41.337,0.0,0,0,1,0,18.787,-0.615,0,0.0,0,0,1,1,0,3,0,1,0,0,0,12192.0,2,1,1,1,0,0,1,0,7.3,270.5,0,0,0,0,0,1
17800,124.989,0.0,0,0,1,0,41.337,0.0,0,0,1,0,18.731,-0.561,0,0.0,0,0,1,1,0,3,0,1,0,0,0,12192.0,2,1,1,1,0,0,1,0,8.0,270.4,0,0,0,0,0,1
17900,124.989,0.0,0,0,1,0,41.337,0.0,0,0,1,0,18.68,-0.506,0,0.0,0,0,1,1,0,3,0,1,0,0,0,12192.0,2,1,1,1,0,0,1,0,7.6,272.1,0,0,0,0,0,1
18000,124.989,0.0,0,0,1,0,41.337,0.0,0,0,1,0,18.635,-0.452,0,0.0,0,0,1,1,0,3,0,1,0,0,0,12192.0,2,1,1,1,0,0,1,0,7.5,270.2,0,0,0,0,0,1
18100,124.989,0.0,0,0,1,0,41.337,0.0,0,0,1,0,18.595,-0.397,0,0.0,0,0,1,1,0,3,0,1,0,0,0,12192.0,2,1,1,1,0,0,1,0,8.3,266.7,0,0,0,0,0,1
18200,124.989,0.0,0,0,1,0,41.337,0.0,0,0,1,0,18.561,-0.341,0,0.0,0,0,1,1,0,3,0,1,0,0,0,12192.0,2,1,1,1,0,0,1,0,8.3,266.9,0,0,0,0,0,1
18300,124.989,0.0,0,0,1,0,41.337,0.0,0,0,1,0,18.533,-0.285,0,0.0,0,0,1,1,0,3,0,1,0,0,0,12192.0,2,1,1,1,0,0,1,0,7.9,269.0,0,0,0,0,0,1
18400,124.989,0.0,0,0,1,0,41.337,0.0,0,0,1,0,18.51,-0.227,0,0.0,0,0,1,1,0,3,0,1,0,0,0,12192.0,2,1,1,1,0,0,1,0,7.9,268.0,0,0,0,0,0,1
18500,124.989,0.0,0,0,1,0,41.337,0.0,0,0,1,0,18.493,-0.168,0,0.0,0,0,1,1,0,3,0,1,0,0,0,12192.0,2,1,1,1,0,0,1,0,8.6,269.5,0,0,0,0,0,1
18600,124.989,0.0,0,0,1,0,41.337,0.0,0,0,1,0,18.483,-0.104,0,0.0,0,0,1,1,0,3,0,1,0,0,0,12192.0,2,1,1,1,0,0,1,0,8.1,271.1,0,0,0,0,0,1
18700,124.989,0.0,0,0,0,0,41.337,0.0,0,0,0,0,18.478,0.0,0,0.0,0,0,0,0,0,3,0,1,0,0,0,12192.0,2,1,1,0,1,0,1,0,8.6,272.7,0,0,0,0,0,1
18800,124.989,0.0,0,0,1,0,41.337,0.0,0,0,1,0,18.472,-0.052,0,0.0,0,0,1,1,0,3,0,1,0,0,0,12192.0,2,1,1,1,0,0,1,0,7.4,270.2,0,0,0,0,0,1
18900,124.989,0.0,0,0,1,0,41.337,0.0,0,0,1,0,18.462,-0.103,0,0.0,0,0,1,1,0,3,0,1,0,0,0,12192.0,2,1,1,1,0,0,1,0,8.0,269.1,0,0,0,0,0,1
19000,124.989,0.0,0,0,1,0,41.337,0.0,0,0,1,0,18.447,-0.155,0,0.0,0,0,1,1,0,3,0,1,0,0,0,12192.0,2,1,1,1,0,0,1,0,8.5,271.8,0,0,0,0,0,1
19100,124.989,0.0,0,0,1,0,41.337,0.0,0,0,1,0,18.426,-0.207,0,0.0,0,0,1,1,0,3,0,1,0,0,0,12192.0,2,1,1,1,0,0,1,0,9.3,273.5,0,0,0,0,0,1
19200,124.989,0.0,0,0,1,0,41.337,0.0,0,0,1,0,18.4,-0.258,0,0.0,0,0,1,1,0,3,0,1,0,0,0,12192.0,2,1,1,1,0,0,1,0,7.6,275.6,0,0,0,0,0,1
19300,124.989,0.0,0,0,1,0,41.337,0.0,0,0,1,0,18.369,-0.31,0,0.0,0,0,1,1,0,3,0,1,0,0,0,12192.0,2,1,1,1,0,0,1,0,7.7,272.3,0,0,0,0,0,1
19400,124.989,0.0,0,0,1,0,41.337,0.0,0,0,1,0,18.333,-0.362,0,0.0,0,0,1,1,0,3,0,1,0,0,0,12192.0,2,1,1,1,0,0,1,0,8.5,273.4,0,0,0,0,0,1
19500,124.989,0.0,0,0,1,0,41.337,0.0,0,0,1,0,18.292,-0.414,0,0.0,0,0,1,1,0,3,0,1,0,0,0,12192.0,2,1,1,1,0,0,1,0,8.0,271.1,0,0,0,0,0,1
19600,124.989,0.0,0,0,1,0,41.337,0.0,0,0,1,0,18.245,-0.465,0,0.0,0,0,1,1,0,3,0,1,0,0,0,12192.0,2,1,1,1,0,0,1,0,8.5,268.1,0,0,0,0,0,1
19700,124.989,0.0,0,0,1,0,41.337,0.0,0,0,1,0,18.193,-0.517,0,0.0,0,0,1,1,0,3,0,1,0,0,0,12192.0,2,1,1,1,0,0,1,0,9.3,271.2,0,0,0,0,0,1
19800,124.989,0.0,0,0,1,0,41.337,0.0,0,0,1,0,18.136,-0.569,0,0.0,0,0,1,1,0,3,0,1,0,0,0,12192.0,2,1,1,1,0,0,1,0,9.4,272.1,0,0,0,0,0,1
19900,124.989,0.0,0,0,1,0,41.337,0.0,0,0,1,0,18.074,-0.62,0,0.0,0,0,1,1,0,3,0,1,0,0,0,12192.0,2,1,1,1,0,0,1,0,8.8,269.6,0,0,0,0,0,1
20000,124.989,0.0,0,0,1,0,41.337,0.0,0,0,1,0,18.007,-0.672,0,0.0,0,0,1,1,0,3,0,1,0,0,0,12192.0,2,1,1,1,0,0,1,0,8.8,277.6,0,0,0,0,0,1
20100,124.989,0.0,0,0,1,0,41.337,0.0,0,0,1,0,17.935,-0.724,0,0.0,0,0,1,1,0,3,0,1,0,0,0,12192.0,2,1,1,1,0,0,1,0,8.5,267.9,0,0,0,0,0,1
20200,124.989,0.0,0,0,1,0,41.337,0.0,0,0,1,0,17.857,-0.775,0,0.0,0,0,1,1,0,3,0,1,0,0,0,12192.0,2,1,1,1,0,0,1,0,9.7,266.6,0,0,0,0,0,1
20300,124.989,0.0,0,0,1,0,41.337,0.0,0,0,1,0,17.775,-0.827,0,0.0,0,0,1,1,0,3,0,1,0,0,0,12192.0,2,1,1,1,0,0,1,0,8.2,273.4,0,0,0,0,0,1
20400,124.989,0.0,0,0,1,0,41.337,0.0,0,0,1,0,17.687,-0.879,0,0.0,0,0,1,1,0,3,0,1,0,0,0,12192.0,2,1,1,1,0,0,1,0,8.8,271.8,0,0,0,0,0,1
20500,124.989,0.0,0,0,1,0,41.337,0.0,0,0,1,0,17.594,-0.931,0,0.0,0,0,1,1,0,3,0,1,0,0,0,12192.0,2,1,1,1,0,0,1,0,8.6,274.3,0,0,0,0,0,1
20600,124.989,0.0,0,0,1,0,41.337,0.0,0,0,1,0,17.495,-0.982,0,0.0,0,0,1,1,0,3,0,1,0,0,0,12192.0,2,1,1,1,0,0,1,0,8.5,267.6,0,0,0,0,0,1
20700,124.989,0.0,0,0,1,0,41.337,0.0,0,0,1,0,17.392,-1.034,0,0.0,0,0,1,1,0,3,0,1,0,0,0,12192.0,2,1,1,1,0,0,1,0,8.1,269.0,0,0,0,0,0,1
20800,124.989,0.0,0,0,1,0,41.337,0.0,0,0,1,0,17.283,-1.086,0,0.0,0,0,1,1,0,3,0,1,0,0,0,12192.0,2,1,1,1,0,0,1,0,8.1,269.6,0,0,0,0,0,1
20900,124.989,0.0,0,0,1,0,41.337,0.0,0,0,1,0,17.17,-1.137,0,0.0,0,0,1,1,0,3,0,1,0,0,0,12192.0,2,1,1,1,0,0,1,0,8.4,271.4,0,0,0,0,0,1
21000,124.989,0.0,0,0,1,0,41.337,0.0,0,0,1,0,17.051,-1.189,0,0.0,0,0,1,1,0,3,0,1,0,0,0,12192.0,2,1,1,1,0,0,1,0,9.1,270.9,0,0,0,0,0,1
21100,124.989,0.0,0,0,1,0,41.337,0.0,0,0,1,0,16.927,-1.241,0,0.0,0,0,1,1,0,3,0,1,0,0,0,12192.0,2,1,1,1,0,0,1,0,8.0,273.5,0,0,0,0,0,1
21200,124.989,0.0,0,0,1,0,41.337,0.0,0,0,1,0,16.802,-1.252,0,0.0,0,0,1,1,0,3,0,1,0,0,0,12192.0,2,1,1,1,0,0,1,0,8.6,265.6,0,0,0,0,0,1
21300,124.989,0.0,0,0,1,0,41.337,0.0,0,0,1,0,16.676,-1.252,0,0.0,0,0,1,1,0,3,0,1,0,0,0,12192.0,2,1,1,1,0,0,1,0,9.5,268.5,0,0,0,0,0,1
21400,124.989,0.0,0,0,1,0,41.337,0.0,0,0,1,0,16.551,-1.252,0,0.0,0,0,1,1,0,3,0,1,0,0,0,12192.0,2,1,1,1,0,0,1,0,8.6,269.4,0,0,0,0,0,1
21500,124.989,0.0,0,0,1,0,41.337,0.0,0,0,1,0,16.426,-1.252,0,0.0,0,0,1,1,0,3,0,1,0,0,0,12192.0,2,1,1,1,0,0,1,0,8.7,273.5,0,0,0,0,0,1
21600,124.989,0.0,0,0,1,0,41.337,0.0,0,0,1,0,16.301,-1.252,0,0.0,0,0,1,1,0,3,0,1,0,0,0,12192.0,2,1,1,1,0,0,1,0,7.8,267.5,0,0,0,0,0,1
21700,124.989,0.0,0,0,1,0,41.337,0.0,0,0,1,0,16.176,-1.252,0,0.0,0,0,1,1,0,3,0,1,0,0,0,12192.0,2,1,1,1,0,0,1,0,8.4,267.5,0,0,0,0,0,1
21800,124.989,0.0,0,0,1,0,41.337,0.0,0,0,1,0,16.051,-1.252,0,0.0,0,0,1,1,0,3,0,1,0,0,0,12192.0,2,1,1,1,0,0,1,0,8.9,272.9,0,0,0,0,0,1
21900,124.989,0.0,0,0,1,0,41.337,0.0,0,0,1,0,15.926,-1.252,0,0.0,0,0,1,1,0,3,0,1,0,0,0,12192.0,2,1,1,1,0,0,1,0,7.8,272.5,0,0,0,0,0,1
22000,124.989,0.0,0,0,1,0,41.337,0.0,0,0,1,0,15.8,-1.252,0,0.0,0,0,1,1,0,3,0,1,0,0,0,12192.0,2,1,1,1,0,0,1,0,8.5,269.4,0,0,0,0,0,1
22100,124.989,0.0,0,0,1,0,41.337,0.0,0,0,1,0,15.675,-1.252,0,0.0,0,0,1,1,0,3,0,1,0,0,0,12192.0,2,1,1,1,0,0,1,0,8.2,266.9,0,0,0,0,0,1
22200,124.989,0.0,0,0,1,0,41.337,0.0,0,0,1,0,15.55,-1.252,0,0.0,0,0,1,1,0,3,0,1,0,0,0,12192.0,2,1,1,1,0,0,1,0,8.8,271.3,0,0,0,0,0,1
22300,124.989,0.0,0,0,1,0,41.337,0.0,0,0,1,0,15.425,-1.252,0,0.0,0,0,1,1,0,3,0,1,0,0,0,12192.0,2,1,1,1,0,0,1,0,8.0,275.1,0,0,0,0,0,1
22400,124.989,0.0,0,0,1,0,41.337,0.0,0,0,1,0,15.305,-1.2,0,0.0,0,0,1,1,0,3,0,1,0,0,0,12192.0,2,1,1,1,0,0,1,0,7.7,270.0,0,0,0,0,0,1
22500,124.989,0.0,0,0,1,0,41.337,0.0,0,0,1,0,15.19,-1.148,0,0.0,0,0,1,1,0,3,0,1,0,0,0,12192.0,2,1,1,1,0,0,1,0,7.5,268.6,0,0,0,0,0,1
22600,124.989,0.0,0,0,1,0,41.337,0.0,0,0,1,0,15.08,-1.096,0,0.0,0,0,1,1,0,3,0,1,0,0,0,12192.0,2,1,1,1,0,0,1,0,7.8,270.7,0,0,0,0,0,1
22700,124.989,0.0,0,0,1,0,41.337,0.0,0,0,1,0,14.976,-1.045,0,0.0,0,0,1,1,0,3,0,1,0,0,0,12192.0,2,1,1,1,0,0,1,0,8.0,269.3,0,0,0,0,0,1
22800,124.989,0.0,0,0,1,0,41.337,0.0,0,0,1,0,14.877,-0.993,0,0.0,0,0,1,1,0,3,0,1,0,0,0,12192.0,2,1,1,1,0,0,1,0,7.8,268.4,0,0,0,0,0,1
22900,124.989,0.0,0,0,1,0,41.337,0.0,0,0,1,0,14.783,-0.941,0,0.0,0,0,1,1,0,3,0,1,0,0,0,12192.0,2,1,1,1,0,0,1,0,8.0,269.2,0,0,0,0,0,1
23000,124.989,0.0,0,0,1,0,41.337,0.0,0,0,1,0,14.694,-0.89,0,0.0,0,0,1,1,0,3,0,1,0,0,0,12192.0,2,1,1,1,0,0,1,0,7.9,271.8,0,0,0,0,0,1
23100,124.989,0.0,0,0,1,0,41.337,0.0,0,0,1,0,14.61,-0.838,0,0.0,0,0,1,1,0,3,0,1,0,0,0,12192.0,2,1,1,1,0,0,1,0,7.5,269.3,0,0,0,0,0,1
23200,124.989,0.0,0,0,1,0,41.337,0.0,0,0,1,0,14.531,-0.786,0,0.0,0,0,1,1,0,3,0,1,0,0,0,12192.0,2,1,1,1,0,0,1,0,8.2,273.7,0,0,0,0,0,1
23300,124.989,0.0,0,0,1,0,41.337,0.0,0,0,1,0,14.458,-0.735,0,0.0,0,0,1,1,0,3,0,1,0,0,0,12192.0,2,1,1,1,0,0,1,0,7.7,268.8,0,0,0,0,0,1
23400,124.989,0.0,0,0,1,0,41.337,0.0,0,0,1,0,14.389,-0.683,0,0.0,0,0,1,1,0,3,0,1,0,0,0,12192.0,2,1,1,1,0,0,1,0,7.3,266.6,0,0,0,0,0,1
23500,124.989,0.0,0,0,1,0,41.337,0.0,0,0,1,0,14.326,-0.631,0,0.0,0,0,1,1,0,3,0,1,0,0,0,12192.0,2,1,1,1,0,0,1,0,7.8,270.9,0,0,0,0,0,1
23600,124.989,0.0,0,0,1,0,41.337,0.0,0,0,1,0,14.268,-0.58,0,0.0,0,0,1,1,0,3,0,1,0,0,0,12192.0,2,1,1,1,0,0,1,0,7.5,272.1,0,0,0,0,0,1
23700,124.989,0.0,0,0,1,0,41.337,0.0,0,0,1,0,14.216,-0.528,0,0.0,0,0,1,1,0,3,0,1,0,0,0,12192.0,2,1,1,1,0,0,1,0,7.3,270.4,0,0,0,0,0,1
23800,124.989,0.0,0,0,1,0,41.337,0.0,0,0,1,0,14.168,-0.476,0,0.0,0,0,1,1,0,3,0,1,0,0,0,12192.0,2,1,1,1,0,0,1,0,7.2,266.3,0,0,0,0,0,1
23900,124.989,0.0,0,0,1,0,41.337,0.0,0,0,1,0,14.125,-0.424,0,0.0,0,0,1,1,0,3,0,1,0,0,0,12192.0,2,1,1,1,0,0,1,0,7.6,271.0,0,0,0,0,0,1
24000,124.989,0.0,0,0,1,0,41.337,0.0,0,0,1,0,14.088,-0.373,0,0.0,0,0,1,1,0,3,0,1,0,0,0,12192.0,2,1,1,1,0,0,1,0,6.9,271.3,0,0,0,0,0,1
24100,124.989,0.0,0,0,1,0,41.337,0.0,0,0,1,0,14.056,-0.321,0,0.0,0,0,1,1,0,3,0,1,0,0,0,12192.0,2,1,1,1,0,0,1,0,7.7,268.8,0,0,0,0,0,1
24200,124.989,0.0,0,0,1,0,41.337,0.0,0,0,1,0,14.029,-0.269,0,0.0,0,0,1,1,0,3,0,1,0,0,0,12192.0,2,1,1,1,0,0,1,0,7.5,267.9,0,0,0,0,0,1
24300,124.989,0.0,0,0,1,0,41.337,0.0,0,0,1,0,14.007,-0.218,0,0.0,0,0,1,1,0,3,0,1,0,0,0,12192.0,2,1,1,1,0,0,1,0,7.9,270.8,0,0,0,0,0,1
24400,124.989,0.0,0,0,1,0,41.337,0.0,0,0,1,0,13.991,-0.166,0,0.0,0,0,1,1,0,3,0,1,0,0,0,12192.0,2,1,1,1,0,0,1,0,7.3,270.1,0,0,0,0,0,1
24500,124.989,0.0,0,0,1,0,41.337,0.0,0,0,1,0,13.979,-0.114,0,0.0,0,0,1,1,0,3,0,1,0,0,0,12192.0,2,1,1,1,0,0,1,0,7.5,270.5,0,0,0,0,0,1
24600,124.989,0.0,0,0,1,0,41.337,0.0,0,0,1,0,13.968,-0.116,0,0.0,0,0,1,1,0,3,0,1,0,0,0,12192.0,2,1,1,1,0,0,1,0,6.7,273.4,0,0,0,0,0,1
24700,124.989,0.0,0,0,0,0,41.337,0.0,0,0,0,0,13.963,0.0,0,0.0,0,0,0,0,0,3,0,1,0,0,0,12192.0,2,1,1,0,1,0,1,0,6.8,268.0,0,0,0,0,0,1
24800,124.989,0.0,0,0,0,0,41.337,0.0,0,0,0,0,13.963,0.0,0,0.0,0,0,0,0,0,3,0,1,1,1,0,12192.0,2,1,1,0,1,0,1,0,7.9,266.3,0,0,0,0,0,1
24900,124.989,0.0,0,0,0,0,41.337,0.0,0,0,0,0,13.963,0.0,0,0.0,0,0,0,0,0,3,0,1,1,1,0,12192.0,2,1,1,0,1,0,1,0,7.0,264.5,0,0,0,0,0,1
25000,124.989,0.0,0,0,0,0,41.337,0.0,0,0,0,0,13.963,0.0,0,0.0,0,0,0,0,0,3,0,1,1,1,0,12192.0,2,1,1,0,1,0,1,0,7.2,272.5,0,0,0,0,0,1
25100,124.989,0.0,0,0,0,0,41.337,0.0,0,0,0,0,13.963,0.0,0,0.0,0,0,0,0,0,3,0,1,1,1,0,12192.0,2,1,1,0,1,0,1,0,7.8,269.9,0,0,0,0,0,1
25200,124.989,0.0,0,0,0,0,41.337,0.0,0,0,0,0,13.963,0.0,0,0.0,0,0,0,0,0,3,0,1,1,1,0,12192.0,2,1,1,0,1,0,1,0,7.4,270.2,0,0,0,0,0,1
25300,124.989,0.0,0,0,0,0,41.337,0.0,0,0,0,0,13.963,0.0,0,0.0,0,0,0,0,0,3,0,1,1,1,0,12192.0,2,1,1,0,1,0,1,0,8.0,269.9,0,0,0,0,0,1
25400,124.989,0.0,0,0,0,0,41.337,0.0,0,0,0,0,13.963,0.0,0,0.0,0,0,0,0,0,3,0,1,1,1,0,12192.0,2,1,1,0,1,0,1,0,7.1,269.9,0,0,0,0,0,1
25500,124.989,0.0,0,0,0,0,41.337,0.0,0,0,0,0,13.963,0.0,0,0.0,0,0,0,0,0,3,0,1,1,1,0,12192.0,2,1,1,0,1,0,1,0,6.9,266.4,0,0,0,0,0,1
25600,124.989,0.0,0,0,0,0,41.337,0.0,0,0,0,0,13.963,0.0,0,0.0,0,0,0,0,0,3,0,1,1,1,0,12192.0,2,1,1,0,1,0,1,0,7.1,269.6,0,0,0,0,0,1
25700,124.989,0.0,0,0,0,0,41.337,0.0,0,0,0,0,13.963,0.0,0,39.85,0,0,0,0,0,3,1,0,1,1,0,12192.0,2,1,1,0,1,0,1,0,7.9,267.8,0,0,0,0,0,1
25800,124.989,0.0,0,0,0,0,41.337,0.0,0,0,0,0,13.963,0.0,0,40.01,0,0,0,0,0,3,1,0,1,1,0,12192.0,2,1,1,0,1,0,1,0,7.5,266.6,0,0,0,0,0,1
25900,124.989,0.0,0,0,0,0,41.337,0.0,0,0,0,0,13.963,0.0,0,40.07,0,0,0,0,0,3,1,0,1,1,0,12192.0,2,1,1,0,1,0,1,0,7.7,267.8,0,0,0,0,0,1
26000,124.989,0.0,0,0,0,0,41.337,0.0,0,0,0,0,13.963,0.0,0,39.91,0,0,0,0,0,3,1,0,1,1,0,12192.0,2,1,1,0,1,0,1,0,8.5,270.1,0,0,0,0,0,1
26100,124.989,0.0,0,0,0,0,41.337,0.0,0,0,0,0,13.963,0.0,0,40.01,0,0,0,0,0,3,1,0,1,1,0,12192.0,2,1,1,0,1,0,1,0,7.0,270.4,0,0,0,0,0,1
26200,124.989,0.0,0,0,0,0,41.337,0.0,0,0,0,0,13.963,0.0,0,39.98,0,0,0,0,0,3,1,0,1,1,0,12192.0,2,1,1,0,1,0,1,0,7.7,269.5,0,0,0,0,0,1
26300,124.989,0.0,0,0,0,0,41.337,0.0,0,0,0,0,13.963,0.0,0,40.06,0,0,0,0,0,3,1,0,1,1,0,12192.0,2,1,1,0,1,0,1,0,8.4,269.4,0,0,0,0,0,1
26400,124.989,0.0,0,0,0,0,41.337,0.0,0,0,0,0,13.963,0.0,0,40.25,0,0,0,0,0,3,1,0,1,1,0,12192.0,2,1,1,0,1,0,1,0,8.2,270.5,0,0,0,0,0,1
26500,124.989,0.0,0,0,0,0,41.337,0.0,0,0,0,0,13.963,0.0,0,39.94,0,0,0,0,0,3,1,0,1,1,0,12192.0,2,1,1,0,1,0,1,0,7.1,264.0,0,0,0,0,0,1
26600,124.989,0.0,0,0,0,0,41.337,0.0,0,0,0,0,13.963,0.0,0,40.33,0,0,0,0,0,3,1,0,1,1,0,12192.0,2,1,1,0,1,0,1,0,8.1,269.7,0,0,0,0,0,1
26700,124.989,0.0,0,0,0,0,41.337,0.0,0,0,0,0,13.963,0.0,0,39.98,0,0,0,0,0,3,1,0,1,1,0,12192.0,2,1,1,0,1,0,1,0,7.9,269.5,0,0,0,0,0,1
26800,124.989,0.0,0,0,0,0,41.337,0.0,0,0,0,0,13.963,0.0,0,40.14,0,0,0,0,0,3,1,0,1,1,0,12192.0,2,1,1,0,1,0,1,0,8.5,275.0,0,0,0,0,0,1
26900,124.989,0.0,0,0,0,0,41.337,0.0,0,0,0,0,13.963,0.0,0,39.88,0,0,0,0,0,3,1,0,1,1,0,12192.0,2,1,1,0,1,0,1,0,8.2,272.7,0,0,0,0,0,1
27000,124.989,0.0,0,0,0,0,41.337,0.0,0,0,0,0,13.963,0.0,0,39.87,0,0,0,0,0,3,1,0,1,1,0,12192.0,2,1,1,0,1,0,1,0,8.2,268.1,0,0,0,0,0,1
27100,124.989,0.0,0,0,0,0,41.337,0.0,0,0,0,0,13.963,0.0,0,39.96,0,0,0,0,0,3,1,0,1,1,0,12192.0,2,1,1,0,1,0,1,0,7.7,272.8,0,0,0,0,0,1
27200,124.989,0.0,0,0,0,0,41.337,0.0,0,0,0,0,13.963,0.0,0,39.85,0,0,0,0,0,3,1,0,1,1,0,12192.0,2,1,1,0,1,0,1,0,8.5,269.8,0,0,0,0,0,1
27300,124.989,0.0,0,0,0,0,41.337,0.0,0,0,0,0,13.963,0.0,0,40.02,0,0,0,0,0,3,1,0,1,1,0,12192.0,2,1,1,0,1,0,1,0,8.0,271.3,0,0,0,0,0,1
27400,124.989,0.0,0,0,1,0,41.337,0.0,0,0,1,0,13.968,0.052,1,42.14,0,0,1,1,0,3,1,0,0,1,0,12192.0,2,1,1,1,0,0,1,0,8.2,269.0,0,0,0,0,0,1
27500,124.989,0.0,0,0,1,0,41.337,0.0,0,0,1,0,13.978,0.103,1,42.11,0,0,1,1,0,3,1,0,0,1,0,12192.0,2,1,1,1,0,0,1,0,7.7,265.6,0,0,0,0,0,1
27600,124.989,0.0,0,0,1,0,41.337,0.0,0,0,1,0,13.994,0.155,1,42.28,0,0,1,1,0,3,1,0,0,1,0,12192.0,2,1,1,1,0,0,1,0,8.5,269.0,0,0,0,0,0,1
27700,124.989,0.0,0,0,1,0,41.337,0.0,0,0,1,0,14.014,0.207,1,42.17,0,0,1,1,0,3,1,0,0,1,0,12192.0,2,1,1,1,0,0,1,0,8.3,267.6,0,0,0,0,0,1
27800,124.989,0.0,0,0,1,0,41.337,0.0,0,0,1,0,14.04,0.258,1,42.14,0,0,1,1,0,3,1,0,0,1,0,12192.0,2,1,1,1,0,0,1,0,7.8,270.2,0,0,0,0,0,1
27900,124.989,0.0,0,0,1,0,41.337,0.0,0,0,1,0,14.071,0.31,1,42.22,0,0,1,1,0,3,1,0,0,1,0,12192.0,2,1,1,1,0,0,1,0,8.7,274.0,0,0,0,0,0,1
28000,124.989,0.0,0,0,1,0,41.337,0.0,0,0,1,0,14.107,0.362,1,42.1,0,0,1,1,0,3,1,0,0,1,0,12192.0,2,1,1,1,0,0,1,0,8.4,274.5,0,0,0,0,0,1
28100,124.989,0.0,0,0,1,0,41.337,0.0,0,0,1,0,14.149,0.414,1,42.05,0,0,1,1,0,3,1,0,0,1,0,12192.0,2,1,1,1,0,0,1,0,8.4,263.8,0,0,0,0,0,1
28200,124.989,0.0,0,0,1,0,41.337,0.0,0,0,1,0,14.195,0.465,1,42.3,0,0,1,1,0,3,1,0,0,1,0,12192.0,2,1,1,1,0,0,1,0,8.4,271.4,0,0,0,0,0,1
28300,124.989,0.0,0,0,1,0,41.337,0.0,0,0,1,0,14.247,0.517,1,42.01,0,0,1,1,0,3,1,0,0,1,0,12192.0,2,1,1,1,0,0,1,0,8.4,265.5,0,0,0,0,0,1
28400,124.989,0.0,0,0,1,0,41.337,0.0,0,0,1,0,14.304,0.569,1,41.97,0,0,1,1,0,3,1,0,0,1,0,12192.0,2,1,1,1,0,0,1,0,7.9,269.4,0,0,0,0,0,1
28500,124.989,0.0,0,0,1,0,41.337,0.0,0,0,1,0,14.366,0.62,1,41.95,0,0,1,1,0,3,1,0,0,1,0,12192.0,2,1,1,1,0,0,1,0,8.2,275.0,0,0,0,0,0,1
28600,124.989,0.0,0,0,1,0,41.337,0.0,0,0,1,0,14.433,0.672,1,41.99,0,0,1,1,0,3,1,0,0,1,0,12192.0,2,1,1,1,0,0,1,0,8.8,273.0,0,0,0,0,0,1
28700,124.989,0.0,0,0,1,0,41.337,0.0,0,0,1,0,14.505,0.724,1,42.08,0,0,1,1,0,3,1,0,0,1,0,12192.0,2,1,1,1,0,0,1,0,9.0,269.3,0,0,0,0,0,1
28800,124.989,0.0,0,0,1,0,41.337,0.0,0,0,1,0,14.583,0.775,1,42.23,0,0,1,1,0,3,1,0,0,1,0,12192.0,2,1,1,1,0,0,1,0,8.9,270.1,0,0,0,0,0,1
28900,124.989,0.0,0,0,1,0,41.337,0.0,0,0,1,0,14.666,0.827,1,42.16,0,0,1,1,0,3,1,0,0,1,0,12192.0,2,1,1,1,0,0,1,0,8.6,265.8,0,0,0,0,0,1
29000,124.989,0.0,0,0,1,0,41.337,0.0,0,0,1,0,14.754,0.879,1,42.01,0,0,1,1,0,3,1,0,0,1,0,12192.0,2,1,1,1,0,0,1,0,8.8,270.4,0,0,0,0,0,1
29100,124.989,0.0,0,0,1,0,41.337,0.0,0,0,1,0,14.847,0.931,1,42.06,0,0,1,1,0,3,1,0,0,1,0,12192.0,2,1,1,1,0,0,1,0,8.4,273.8,0,0,0,0,0,1
29200,124.989,0.0,0,0,1,0,41.337,0.0,0,0,1,0,14.945,0.982,1,42.21,0,0,1,1,0,3,1,0,0,1,0,12192.0,2,1,1,1,0,0,1,0,8.6,271.1,0,0,0,0,0,1
29300,124.989,0.0,0,0,1,0,41.337,0.0,0,0,1,0,15.048,1.034,1,42.21,0,0,1,1,0,3,1,0,0,1,0,12192.0,2,1,1,1,0,0,1,0,8.2,271.8,0,0,0,0,0,1
29400,124.989,0.0,0,0,1,0,41.337,0.0,0,0,1,0,15.157,1.086,1,41.95,0,0,1,1,0,3,1,0,0,1,0,12192.0,2,1,1,1,0,0,1,0,9.4,270.5,0,0,0,0,0,1
29500,124.989,0.0,0,0,1,0,41.337,0.0,0,0,1,0,15.271,1.137,1,41.82,0,0,1,1,0,3,1,0,0,1,0,12192.0,2,1,1,1,0,0,1,0,8.3,271.5,0,0,0,0,0,1
29600,124.989,0.0,0,0,1,0,41.337,0.0,0,0,1,0,15.389,1.189,1,42.1,0,0,1,1,0,3,1,0,0,1,0,12192.0,2,1,1,1,0,0,1,0,8.7,270.1,0,0,0,0,0,1
29700,124.989,0.0,0,0,1,0,41.337,0.0,0,0,1,0,15.513,1.241,1,42.1,0,0,1,1,0,3,1,0,0,1,0,12192.0,2,1,1,1,0,0,1,0,7.6,273.0,0,0,0,0,0,1
29800,124.989,0.0,0,0,1,0,41.337,0.0,0,0,1,0,15.639,1.252,1,42.19,0,0,1,1,0,3,1,0,0,1,0,12192.0,2,1,1,1,0,0,1,0,8.7,267.9,0,0,0,0,0,1
29900,124.989,0.0,0,0,1,0,41.337,0.0,0,0,1,0,15.764,1.252,1,42.45,0,0,1,1,0,3,1,0,0,1,0,12192.0,2,1,1,1,0,0,1,0,8.7,268.5,0,0,0,0,0,1
30000,124.989,0.0,0,0,1,0,41.337,0.0,0,0,1,0,15.889,1.252,1,42.04,0,0,1,1,0,3,1,0,0,1,0,12192.0,2,1,1,1,0,0,1,0,8.0,269.3,0,0,0,0,0,1
30100,124.989,0.0,0,0,1,0,41.337,0.0,0,0,1,0,16.014,1.252,1,42.05,0,0,1,1,0,3,1,0,0,1,0,12192.0,2,1,1,1,0,0,1,0,8.4,271.1,0,0,0,0,0,1
30200,124.989,0.0,0,0,1,0,41.337,0.0,0,0,1,0,16.139,1.252,1,42.12,0,0,1,1,0,3,1,0,0,1,0,12192.0,2,1,1,1,0,0,1,0,8.0,274.4,0,0,0,0,0,1
30300,124.989,0.0,0,0,1,0,41.337,0.0,0,0,1,0,16.264,1.252,1,42.21,0,0,1,1,0,3,1,0,0,1,0,12192.0,2,1,1,1,0,0,1,0,8.2,269.5,0,0,0,0,0,1
30400,124.989,0.0,0,0,1,0,41.337,0.0,0,0,1,0,16.39,1.252,1,42.17,0,0,1,1,0,3,1,0,0,1,0,12192.0,2,1,1,1,0,0,1,0,8.9,270.4,0,0,0,0,0,1
30500,124.989,0.0,0,0,1,0,41.337,0.0,0,0,1,0,16.515,1.252,1,42.11,0,0,1,1,0,3,1,0,0,1,0,12192.0,2,1,1,1,0,0,1,0,8.4,268.4,0,0,0,0,0,1
30600,124.989,0.0,0,0,1,0,41.337,0.0,0,0,1,0,16.64,1.252,1,42.13,0,0,1,1,0,3,1,0,0,1,0,12192.0,2,1,1,1,0,0,1,0,8.3,268.8,0,0,0,0,0,1
30700,124.989,0.0,0,0,1,0,41.337,0.0,0,0,1,0,16.765,1.252,1,42.17,0,0,1,1,0,3,1,0,0,1,0,12192.0,2,1,1,1,0,0,1,0,8.7,266.9,0,0,0,0,0,1
30800,124.989,0.0,0,0,1,0,41.337,0.0,0,0,1,0,16.89,1.252,1,42.19,0,0,1,1,0,3,1,0,0,1,0,12192.0,2,1,1,1,0,0,1,0,8.6,269.7,0,0,0,0,0,1
30900,124.989,0.0,0,0,1,0,41.337,0.0,0,0,1,0,17.015,1.252,1,42.15,0,0,1,1,0,3,1,0,0,1,0,12192.0,2,1,1,1,0,0,1,0,7.9,269.1,0,0,0,0,0,1
31000,124.989,0.0,0,0,1,0,41.337,0.0,0,0,1,0,17.141,1.252,1,42.27,0,0,1,1,0,3,1,0,0,1,0,12192.0,2,1,1,1,0,0,1,0,7.7,269.5,0,0,0,0,0,1
31100,124.989,0.0,0,0,1,0,41.337,0.0,0,0,1,0,17.26,1.2,1,37.69,0,0,1,1,0,3,1,0,0,1,0,12192.0,2,1,1,1,0,0,1,0,8.4,274.0,0,0,0,0,0,1
31200,124.989,0.0,0,0,1,0,41.337,0.0,0,0,1,0,17.375,1.148,1,37.88,0,0,1,1,0,3,1,0,0,1,0,12192.0,2,1,1,1,0,0,1,0,7.3,268.2,0,0,0,0,0,1
31300,124.989,0.0,0,0,1,0,41.337,0.0,0,0,1,0,17.485,1.096,1,37.98,0,0,1,1,0,3,1,0,0,1,0,12192.0,2,1,1,1,0,0,1,0,8.0,270.5,0,0,0,0,0,1
31400,124.989,0.0,0,0,1,0,41.337,0.0,0,0,1,0,17.589,1.045,1,37.88,0,0,1,1,0,3,1,0,0,1,0,12192.0,2,1,1,1,0,0,1,0,7.8,269.3,0,0,0,0,0,1
31500,124.989,0.0,0,0,1,0,41.337,0.0,0,0,1,0,17.689,0.993,1,38.08,0,0,1,1,0,3,1,0,0,1,0,12192.0,2,1,1,1,0,0,1,0,7.5,271.4,0,0,0,0,0,1
31600,124.989,0.0,0,0,1,0,41.337,0.0,0,0,1,0,17.783,0.941,1,37.81,0,0,1,1,0,3,1,0,0,1,0,12192.0,2,1,1,1,0,0,1,0,8.0,269.8,0,0,0,0,0,1
31700,124.989,0.0,0,0,1,0,41.337,0.0,0,0,1,0,17.872,0.89,1,37.82,0,0,1,1,0,3,1,0,0,1,0,12192.0,2,1,1,1,0,0,1,0,7.1,271.7,0,0,0,0,0,1
31800,124.989,0.0,0,0,1,0,41.337,0.0,0,0,1,0,17.961,0.89,1,42.25,0,0,1,1,0,3,1,0,0,1,0,12192.0,2,1,1,1,0,0,1,0,7.5,270.4,0,0,0,0,0,1
31900,124.989,0.0,0,0,1,0,41.337,0.0,0,0,1,0,18.045,0.837,1,38.04,0,0,1,1,0,3,1,0,0,1,0,12192.0,2,1,1,1,0,0,1,0,7.6,271.3,0,0,0,0,0,1
32000,124.989,0.0,0,0,1,0,41.337,0.0,0,0,1,0,18.123,0.783,1,37.9,0,0,1,1,0,3,1,0,0,1,0,12192.0,2,1,1,1,0,0,1,0,7.9,269.2,0,0,0,0,0,1
32100,124.989,0.0,0,0,1,0,41.337,0.0,0,0,1,0,18.196,0.73,1,37.83,0,0,1,1,0,3,1,0,0,1,0,12192.0,2,1,1,1,0,0,1,0,7.5,272.8,0,0,0,0,0,1
32200,124.989,0.0,0,0,1,0,41.337,0.0,0,0,1,0,18.264,0.676,1,37.88,0,0,1,1,0,3,1,0,0,1,0,12192.0,2,1,1,1,0,0,1,0,7.6,270.7,0,0,0,0,0,1
32300,124.989,0.0,0,0,1,0,41.337,0.0,0,0,1,0,18.326,0.622,1,37.88,0,0,1,1,0,3,1,0,0,1,0,12192.0,2,1,1,1,0,0,1,0,7.8,270.6,0,0,0,0,0,1
32400,124.989,0.0,0,0,1,0,41.337,0.0,0,0,1,0,18.383,0.568,1,37.93,0,0,1,1,0,3,1,0,0,1,0,12192.0,2,1,1,1,0,0,1,0,7.9,272.3,0,0,0,0,0,1
32500,124.989,0.0,0,0,1,0,41.337,0.0,0,0,1,0,18.434,0.514,1,37.84,0,0,1,1,0,3,1,0,0,1,0,12192.0,2,1,1,1,0,0,1,0,7.9,273.2,0,0,0,0,0,1
32600,124.989,0.0,0,0,1,0,41.337,0.0,0,0,1,0,18.48,0.459,1,37.85,0,0,1,1,0,3,1,0,0,1,0,12192.0,2,1,1,1,0,0,1,0,6.8,267.7,0,0,0,0,0,1
32700,124.989,0.0,0,0,1,0,41.337,0.0,0,0,1,0,18.52,0.404,1,37.93,0,0,1,1,0,3,1,0,0,1,0,12192.0,2,1,1,1,0,0,1,0,7.3,272.8,0,0,0,0,0,1
32800,124.989,0.0,0,0,1,0,41.337,0.0,0,0,1,0,18.555,0.349,1,37.94,0,0,1,1,0,3,1,0,0,1,0,12192.0,2,1,1,1,0,0,1,0,7.6,271.4,0,0,0,0,0,1
32900,124.989,0.0,0,0,1,0,41.337,0.0,0,0,1,0,18.585,0.293,1,38.03,0,0,1,1,0,3,1,0,0,1,0,12192.0,2,1,1,1,0,0,1,0,7.1,270.1,0,0,0,0,0,1
33000,124.989,0.0,0,0,1,0,41.337,0.0,0,0,1,0,18.608,0.235,1,37.6,0,0,1,1,0,3,1,0,0,1,0,12192.0,2,1,1,1,0,0,1,0,6.9,267.7,0,0,0,0,0,1
33100,124.989,0.0,0,0,1,0,41.337,0.0,0,0,1,0,18.626,0.176,1,37.9,0,0,1,1,0,3,1,0,0,1,0,12192.0,2,1,1,1,0,0,1,0,7.2,275.1,0,0,0,0,0,1
33200,124.989,0.0,0,0,1,0,41.337,0.0,0,0,1,0,18.637,0.113,1,37.78,0,0,1,1,0,3,1,0,0,1,0,12192.0,2,1,1,1,0,0,1,0,7.3,273.5,0,0,0,0,0,1
33300,124.989,0.0,0,0,0,0,41.337,0.0,0,0,0,0,18.642,0.0,0,40.12,0,0,0,0,0,3,1,0,0,1,0,12192.0,2,1,1,0,1,0,1,0,8.1,270.1,0,0,0,0,0,1
33400,124.989,0.0,0,0,1,0,41.331,-0.063,0,1,1,0,18.642,0.0,0,39.93,0,0,0,1,0,3,1,0,0,1,0,12192.0,2,1,1,1,0,0,1,0,7.4,271.5,0,0,0,0,0,1
33500,124.989,0.0,0,0,1,0,41.318,-0.126,0,1,1,0,18.642,0.0,0,40.06,0,0,0,1,0,3,1,0,0,1,0,12192.0,2,1,1,1,0,0,1,0,7.6,273.8,0,0,0,0,0,1
33600,124.989,0.0,0,0,1,0,41.3,-0.188,0,1,1,0,18.642,0.0,0,40.0,0,0,0,1,0,3,1,0,0,1,0,12192.0,2,1,1,1,0,0,1,0,7.9,269.5,0,0,0,0,0,1
33700,124.989,0.0,0,0,1,0,41.274,-0.251,0,1,1,0,18.642,0.0,0,40.21,0,0,0,1,0,3,1,0,0,1,0,12192.0,2,1,1,1,0,0,1,0,6.7,277.1,0,0,0,0,0,1
33800,124.989,0.0,0,0,1,0,41.243,-0.314,0,1,1,0,18.642,0.0,0,39.98,0,0,0,1,0,3,1,0,0,1,0,12192.0,2,1,1,1,0,0,1,0,7.5,271.0,0,0,0,0,0,1
33900,124.989,0.0,0,0,1,0,41.205,-0.377,0,1,1,0,18.642,0.0,0,40.21,0,0,0,1,0,3,1,0,0,1,0,12192.0,2,1,1,1,0,0,1,0,7.2,271.0,0,0,0,0,0,1
34000,124.989,0.0,0,0,1,0,41.161,-0.44,0,1,1,0,18.642,0.0,0,39.8,0,0,0,1,0,3,1,0,0,1,0,12192.0,2,1,1,1,0,0,1,0,7.4,271.2,0,0,0,0,0,1
34100,124.989,0.0,0,0,1,0,41.111,-0.502,0,1,1,0,18.642,0.0,0,40.12,0,0,0,1,0,3,1,0,0,1,0,12192.0,2,1,1,1,0,0,1,0,7.1,271.2,0,0,0,0,0,1
34200,124.989,0.0,0,0,1,0,41.055,-0.565,0,1,1,0,18.642,0.0,0,40.02,0,0,0,1,0,3,1,0,0,1,0,12192.0,2,1,1,1,0,0,1,0,7.6,268.7,0,0,0,0,0,1
34300,124.989,0.0,0,0,1,0,40.992,-0.628,0,1,1,0,18.642,0.0,0,40.12,0,0,0,1,0,3,1,0,0,1,0,12192.0,2,1,1,1,0,0,1,0,7.2,266.8,0,0,0,0,0,1
34400,124.989,0.0,0,0,1,0,40.923,-0.691,0,1,1,0,18.642,0.0,0,40.05,0,0,0,1,0,3,1,0,0,1,0,12192.0,2,1,1,1,0,0,1,0,6.8,275.5,0,0,0,0,0,1
34500,124.989,0.0,0,0,1,0,40.847,-0.753,0,1,1,0,18.642,0.0,0,39.68,0,0,0,1,0,3,1,0,0,1,0,12192.0,2,1,1,1,0,0,1,0,7.7,270.6,0,0,0,0,0,1
34600,124.989,0.0,0,0,1,0,40.766,-0.816,0,1,1,0,18.642,0.0,0,39.93,0,0,0,1,0,3,1,0,0,1,0,12192.0,2,1,1,1,0,0,1,0,7.7,263.5,0,0,0,0,0,1
34700,124.989,0.0,0,0,1,0,40.678,-0.879,0,1,1,0,18.642,0.0,0,40.03,0,0,0,1,0,3,1,0,0,1,0,12192.0,2,1,1,1,0,0,1,0,7.4,268.8,0,0,0,0,0,1
34800,124.989,0.0,0,0,1,0,40.584,-0.942,0,1,1,0,18.642,0.0,0,39.97,0,0,0,1,0,3,1,0,0,1,0,12192.0,2,1,1,1,0,0,1,0,7.6,268.2,0,0,0,0,0,1
34900,124.989,0.0,0,0,1,0,40.483,-1.005,0,1,1,0,18.642,0.0,0,40.1,0,0,0,1,0,3,1,0,0,1,0,12192.0,2,1,1,1,0,0,1,0,7.1,269.3,0,0,0,0,0,1
35000,124.989,0.0,0,0,1,0,40.376,-1.067,0,1,1,0,18.642,0.0,0,39.97,0,0,0,1,0,3,1,0,0,1,0,12192.0,2,1,1,1,0,0,1,0,7.3,269.2,0,0,0,0,0,1
35100,124.989,0.0,0,0,1,0,40.263,-1.13,0,1,1,0,18.642,0.0,0,40.01,0,0,0,1,0,3,1,0,0,1,0,12192.0,2,1,1,1,0,0,1,0,8.2,270.2,0,0,0,0,0,1
35200,124.989,0.0,0,0,1,0,40.144,-1.193,0,1,1,0,18.642,0.0,0,39.9,0,0,0,1,0,3,1,0,0,1,0,12192.0,2,1,1,1,0,0,1,0,8.3,266.1,0,0,0,0,0,1
35300,124.989,0.0,0,0,1,0,40.019,-1.256,0,1,1,0,18.642,0.0,0,39.86,0,0,0,1,0,3,1,0,0,1,0,12192.0,2,1,1,1,0,0,1,0,7.9,268.6,0,0,0,0,0,1
35400,124.989,0.0,0,0,1,0,39.887,-1.319,0,1,1,0,18.642,0.0,0,39.82,0,0,0,1,0,3,1,0,0,1,0,12192.0,2,1,1,1,0,0,1,0,7.9,270.2,0,0,0,0,0,1
35500,124.989,0.0,0,0,1,0,39.749,-1.381,0,1,1,0,18.642,0.0,0,39.91,0,0,0,1,0,3,1,0,0,1,0,12192.0,2,1,1,1,0,0,1,0,7.3,273.8,0,0,0,0,0,1
35600,124.989,0.0,0,0,1,0,39.604,-1.444,0,1,1,0,18.642,0.0,0,40.08,0,0,0,1,0,3,1,0,0,1,0,12192.0,2,1,1,1,0,0,1,0,7.6,269.8,0,0,0,0,0,1
35700,124.989,0.0,0,0,1,0,39.453,-1.507,0,1,1,0,18.642,0.0,0,39.99,0,0,0,1,0,3,1,0,0,1,0,12192.0,2,1,1,1,0,0,1,0,7.6,275.7,0,0,0,0,0,1
35800,124.989,0.0,0,0,1,0,39.296,-1.57,0,1,1,0,18.642,0.0,0,39.83,0,0,0,1,0,3,1,0,0,1,0,12192.0,2,1,1,1,0,0,1,0,8.7,269.4,0,0,0,0,0,1
35900,124.989,0.0,0,0,1,0,39.133,-1.633,0,1,1,0,18.642,0.0,0,40.12,0,0,0,1,0,3,1,0,0,1,0,12192.0,2,1,1,1,0,0,1,0,7.9,272.7,0,0,0,0,0,1
36000,124.989,0.0,0,0,1,0,38.964,-1.695,0,1,1,0,18.642,0.0,0,40.3,0,0,0,1,0,3,1,0,0,1,0,12192.0,2,1,1,1,0,0,1,0,8.4,267.0,0,0,0,0,0,1
36100,124.989,0.0,0,0,1,0,38.788,-1.758,0,1,1,0,18.642,0.0,0,39.91,0,0,0,1,0,3,1,0,0,1,0,12192.0,2,1,1,1,0,0,1,0,7.5,266.6,0,0,0,0,0,1
36200,124.989,0.0,0,0,1,0,38.606,-1.821,0,1,1,0,18.642,0.0,0,40.01,0,0,0,1,0,3,1,0,0,1,0,12192.0,2,1,1,1,0,0,1,0,8.5,266.5,0,0,0,0,0,1
36300,124.989,0.0,0,0,1,0,38.417,-1.884,0,1,1,0,18.642,0.0,0,40.01,0,0,0,1,0,3,1,0,0,1,0,12192.0,2,1,1,1,0,0,1,0,8.6,268.9,0,0,0,0,0,1
36400,124.989,0.0,0,0,1,0,38.223,-1.947,0,1,1,0,18.642,0.0,0,40.07,0,0,0,1,0,3,1,0,0,1,0,12192.0,2,1,1,1,0,0,1,0,8.5,269.1,0,0,0,0,0,1
36500,124.989,0.0,0,0,1,0,38.022,-2.009,0,1,1,0,18.642,0.0,0,40.12,0,0,0,1,0,3,1,0,0,1,0,12192.0,2,1,1,1,0,0,1,0,7.8,273.0,0,0,0,0,0,1
36600,124.989,0.0,0,0,1,0,37.815,-2.072,0,1,1,0,18.642,0.0,0,39.85,0,0,0,1,0,3,1,0,0,1,0,12192.0,2,1,1,1,0,0,1,0,8.7,269.9,0,0,0,0,0,1
36700,124.989,0.0,0,0,1,0,37.601,-2.135,0,1,1,0,18.642,0.0,0,39.82,0,0,0,1,0,3,1,0,0,1,0,12192.0,2,1,1,1,0,0,1,0,8.2,271.6,0,0,0,0,0,1
36800,124.989,0.0,0,0,1,0,37.381,-2.198,0,1,1,0,18.642,0.0,0,39.78,0,0,0,1,0,3,1,0,0,1,0,12192.0,2,1,1,1,0,0,1,0,8.3,269.0,0,0,0,0,0,1
36900,124.989,0.0,0,0,1,0,37.155,-2.26,0,1,1,0,18.642,0.0,0,39.88,0,0,0,1,0,3,1,0,0,1,0,12192.0,2,1,1,1,0,0,1,0,7.8,274.3,0,0,0,0,0,1
37000,124.989,0.0,0,0,1,0,36.923,-2.323,0,1,1,0,18.642,0.0,0,40.22,0,0,0,1,0,3,1,0,0,1,0,12192.0,2,1,1,1,0,0,1,0,8.9,268.8,0,0,0,0,0,1
37100,124.989,0.0,0,0,1,0,36.684,-2.386,0,1,1,0,18.642,0.0,0,40.19,0,0,0,1,0,3,1,0,0,1,0,12192.0,2,1,1,1,0,0,1,0,7.9,270.2,0,0,0,0,0,1
37200,124.989,0.0,0,0,1,0,36.439,-2.449,0,1,1,0,18.642,0.0,0,39.88,0,0,0,1,0,3,1,0,0,1,0,12192.0,2,1,1,1,0,0,1,0,9.0,272.1,0,0,0,0,0,1
37300,124.989,0.0,0,0,1,0,36.188,-2.512,0,1,1,0,18.642,0.0,0,40.26,0,0,0,1,0,3,1,0,0,1,0,12192.0,2,1,1,1,0,0,1,0,8.2,270.0,0,0,0,0,0,1
37400,124.989,0.0,0,0,1,0,35.931,-2.574,0,1,1,0,18.642,0.0,0,40.03,0,0,0,1,0,3,1,0,0,1,0,12192.0,2,1,1,1,0,0,1,0,8.5,269.0,0,0,0,0,0,1
37500,124.989,0.0,0,0,1,0,35.68,-2.512,0,1,1,0,18.642,0.0,0,40.0,0,0,0,1,0,3,1,0,0,1,0,12192.0,2,1,1,1,0,0,1,0,8.3,269.4,0,0,0,0,0,1
37600,124.989,0.0,0,0,1,0,35.435,-2.449,0,1,1,0,18.642,0.0,0,39.89,0,0,0,1,0,3,1,0,0,1,0,12192.0,2,1,1,1,0,0,1,0,8.9,274.8,0,0,0,0,0,1
37700,124.989,0.0,0,0,1,0,35.196,-2.386,0,1,1,0,18.642,0.0,0,39.98,0,0,0,1,0,3,1,0,0,1,0,12192.0,2,1,1,1,0,0,1,0,9.0,270.5,0,0,0,0,0,1
37800,124.989,0.0,0,0,1,0,34.964,-2.323,0,1,1,0,18.642,0.0,0,40.03,0,0,0,1,0,3,1,0,0,1,0,12192.0,2,1,1,1,0,0,1,0,9.3,270.9,0,0,0,0,0,1
37900,124.989,0.0,0,0,1,0,34.738,-2.26,0,1,1,0,18.642,0.0,0,39.81,0,0,0,1,0,3,1,0,0,1,0,12192.0,2,1,1,1,0,0,1,0,8.3,268.5,0,0,0,0,0,1
38000,124.989,0.0,0,0,1,0,34.518,-2.198,0,1,1,0,18.642,0.0,0,39.84,0,0,0,1,0,3,1,0,0,1,0,12192.0,2,1,1,1,0,0,1,0,9.1,269.9,0,0,0,0,0,1
38100,124.989,0.0,0,0,1,0,34.305,-2.135,0,1,1,0,18.642,0.0,0,39.91,0,0,0,1,0,3,1,0,0,1,0,12192.0,2,1,1,1,0,0,1,0,8.9,273.3,0,0,0,0,0,1
38200,124.989,0.0,0,0,1,0,34.097,-2.071,0,1,1,0,18.642,0.0,0,39.98,0,0,0,1,0,3,1,0,0,1,0,12192.0,2,1,1,1,0,0,1,0,9.2,267.1,0,0,0,0,0,1
38300,124.989,0.0,0,0,1,0,33.897,-2.007,0,1,1,0,18.642,0.0,0,40.11,0,0,0,1,0,3,1,0,0,1,0,12192.0,2,1,1,1,0,0,1,0,8.6,273.7,0,0,0,0,0,1
38400,124.989,0.0,0,0,1,0,33.702,-1.943,0,1,1,0,18.642,0.0,0,40.07,0,0,0,1,0,3,1,0,0,1,0,12192.0,2,1,1,1,0,0,1,0,7.7,264.7,0,0,0,0,0,1
38500,124.989,0.0,0,0,1,0,33.514,-1.88,0,1,1,0,18.642,0.0,0,39.91,0,0,0,1,0,3,1,0,0,1,0,12192.0,2,1,1,1,0,0,1,0,8.1,272.8,0,0,0,0,0,1
38600,124.989,0.0,0,0,1,0,33.333,-1.816,0,1,1,0,18.642,0.0,0,39.87,0,0,0,1,0,3,1,0,0,1,0,12192.0,2,1,1,1,0,0,1,0,9.6,273.1,0,0,0,0,0,1
38700,124.989,0.0,0,0,1,0,33.158,-1.752,0,1,1,0,18.642,0.0,0,39.88,0,0,0,1,0,3,1,0,0,1,0,12192.0,2,1,1,1,0,0,1,0,7.1,272.6,0,0,0,0,0,1
38800,124.989,0.0,0,0,1,0,32.989,-1.688,0,1,1,0,18.642,0.0,0,39.96,0,0,0,1,0,3,1,0,0,1,0,12192.0,2,1,1,1,0,0,1,0,9.1,267.7,0,0,0,0,0,1
38900,124.989,0.0,0,0,1,0,32.826,-1.624,0,1,1,0,18.642,0.0,0,39.97,0,0,0,1,0,3,1,0,0,1,0,12192.0,2,1,1,1,0,0,1,0,7.8,273.0,0,0,0,0,0,1
39000,124.989,0.0,0,0,1,0,32.671,-1.56,0,1,1,0,18.642,0.0,0,40.03,0,0,0,1,0,3,1,0,0,1,0,12192.0,2,1,1,1,0,0,1,0,8.8,272.4,0,0,0,0,0,1
39100,124.989,0.0,0,0,1,0,32.521,-1.496,0,1,1,0,18.642,0.0,0,39.93,0,0,0,1,0,3,1,0,0,1,0,12192.0,2,1,1,1,0,0,1,0,8.5,272.4,0,0,0,0,0,1
39200,124.989,0.0,0,0,1,0,32.378,-1.432,0,1,1,0,18.642,0.0,0,40.04,0,0,0,1,0,3,1,0,0,1,0,12192.0,2,1,1,1,0,0,1,0,8.2,263.1,0,0,0,0,0,1
39300,124.989,0.0,0,0,1,0,32.241,-1.367,0,1,1,0,18.642,0.0,0,39.97,0,0,0,1,0,3,1,0,0,1,0,12192.0,2,1,1,1,0,0,1,0,8.5,271.5,0,0,0,0,0,1
39400,124.989,0.0,0,0,1,0,32.111,-1.303,0,1,1,0,18.642,0.0,0,40.18,0,0,0,1,0,3,1,0,0,1,0,12192.0,2,1,1,1,0,0,1,0,8.9,269.4,0,0,0,0,0,1
39500,124.989,0.0,0,0,1,0,31.987,-1.239,0,1,1,0,18.642,0.0,0,40.05,0,0,0,1,0,3,1,0,0,1,0,12192.0,2,1,1,1,0,0,1,0,8.9,267.7,0,0,0,0,0,1
39600,124.989,0.0,0,0,1,0,31.869,-1.174,0,1,1,0,18.642,0.0,0,40.23,0,0,0,1,0,3,1,0,0,1,0,12192.0,2,1,1,1,0,0,1,0,7.6,274.2,0,0,0,0,0,1
39700,124.989,0.0,0,0,1,0,31.758,-1.11,0,1,1,0,18.642,0.0,0,40.0,0,0,0,1,0,3,1,0,0,1,0,12192.0,2,1,1,1,0,0,1,0,9.0,266.3,0,0,0,0,0,1
39800,124.989,0.0,0,0,1,0,31.654,-1.045,0,1,1,0,18.642,0.0,0,39.95,0,0,0,1,0,3,1,0,0,1,0,12192.0,2,1,1,1,0,0,1,0,7.7,269.9,0,0,0,0,0,1
39900,124.989,0.0,0,0,1,0,31.556,-0.98,0,1,1,0,18.642,0.0,0,39.94,0,0,0,1,0,3,1,0,0,1,0,12192.0,2,1,1,1,0,0,1,0,7.2,270.1,0,0,0,0,0,1
40000,124.989,0.0,0,0,1,0,31.464,-0.915,0,1,1,0,18.642,0.0,0,40.12,0,0,0,1,0,3,1,0,0,1,0,12192.0,2,1,1,1,0,0,1,0,7.8,268.4,0,0,0,0,0,1
40100,124.989,0.0,0,0,1,0,31.379,-0.85,0,1,1,0,18.642,0.0,0,40.1,0,0,0,1,0,3,1,0,0,1,0,12192.0,2,1,1,1,0,0,1,0,7.5,271.1,0,0,0,0,0,1
40200,124.989,0.0,0,0,1,0,31.301,-0.785,0,1,1,0,18.642,0.0,0,40.05,0,0,0,1,0,3,1,0,0,1,0,12192.0,2,1,1,1,0,0,1,0,7.4,266.6,0,0,0,0,0,1
40300,124.989,0.0,0,0,1,0,31.229,-0.719,0,1,1,0,18.642,0.0,0,40.06,0,0,0,1,0,3,1,0,0,1,0,12192.0,2,1,1,1,0,0,1,0,8.7,271.3,0,0,0,0,0,1
40400,124.989,0.0,0,0,1,0,31.164,-0.653,0,1,1,0,18.642,0.0,0,40.06,0,0,0,1,0,3,1,0,0,1,0,12192.0,2,1,1,1,0,0,1,0,7.4,266.5,0,0,0,0,0,1
40500,124.989,0.0,0,0,1,0,31.105,-0.587,0,1,1,0,18.642,0.0,0,40.19,0,0,0,1,0,3,1,0,0,1,0,12192.0,2,1,1,1,0,0,1,0,7.6,269.6,0,0,0,0,0,1
40600,124.989,0.0,0,0,1,0,31.053,-0.521,0,1,1,0,18.642,0.0,0,39.96,0,0,0,1,0,3,1,0,0,1,0,12192.0,2,1,1,1,0,0,1,0,7.4,270.9,0,0,0,0,0,1
40700,124.989,0.0,0,0,1,0,31.008,-0.454,0,1,1,0,18.642,0.0,0,40.11,0,0,0,1,0,3,1,0,0,1,0,12192.0,2,1,1,1,0,0,1,0,7.5,268.0,0,0,0,0,0,1
40800,124.989,0.0,0,0,1,0,30.969,-0.386,0,1,1,0,18.642,0.0,0,40.0,0,0,0,1,0,3,1,0,0,1,0,12192.0,2,1,1,1,0,0,1,0,8.0,274.0,0,0,0,0,0,1
40900,124.989,0.0,0,0,1,0,30.937,-0.317,0,1,1,0,18.642,0.0,0,40.02,0,0,0,1,0,3,1,0,0,1,0,12192.0,2,1,1,1,0,0,1,0,7.7,270.2,0,0,0,0,0,1
41000,124.989,0.0,0,0,1,0,30.913,-0.246,0,1,1,0,18.642,0.0,0,39.96,0,0,0,1,0,3,1,0,0,1,0,12192.0,2,1,1,1,0,0,1,0,7.7,269.6,0,0,0,0,0,1
41100,124.989,0.0,0,0,1,0,30.895,-0.172,0,1,1,0,18.642,0.0,0,40.11,0,0,0,1,0,3,1,0,0,1,0,12192.0,2,1,1,1,0,0,1,0,7.6,269.9,0,0,0,0,0,1
41200,124.989,0.0,0,0,1,0,30.886,-0.09,0,1,1,0,18.642,0.0,0,40.02,0,0,0,1,0,3,1,0,0,1,0,12192.0,2,1,1,1,0,0,1,0,6.8,272.8,0,0,0,0,0,1
41300,124.989,0.0,0,0,0,0,30.884,0.0,0,0,0,0,18.642,0.0,0,39.85,0,0,0,0,0,3,1,0,0,1,0,12192.0,2,1,1,0,1,0,1,0,7.6,274.5,0,0,0,0,0,1
41400,124.989,0.0,0,0,1,0,30.884,0.0,0,0,1,0,18.637,-0.052,0,37.75,0,0,1,1,0,3,1,0,0,1,0,12192.0,2,1,1,1,0,0,1,0,7.3,268.7,0,0,0,0,0,1
41500,124.989,0.0,0,0,1,0,30.884,0.0,0,0,1,0,18.627,-0.103,0,37.68,0,0,1,1,0,3,1,0,0,1,0,12192.0,2,1,1,1,0,0,1,0,7.4,267.8,0,0,0,0,0,1
41600,124.989,0.0,0,0,1,0,30.884,0.0,0,0,1,0,18.611,-0.155,0,37.84,0,0,1,1,0,3,1,0,0,1,0,12192.0,2,1,1,1,0,0,1,0,7.7,268.8,0,0,0,0,0,1
41700,124.989,0.0,0,0,1,0,30.884,0.0,0,0,1,0,18.591,-0.207,0,37.82,0,0,1,1,0,3,1,0,0,1,0,12192.0,2,1,1,1,0,0,1,0,7.6,266.5,0,0,0,0,0,1
41800,124.989,0.0,0,0,1,0,30.884,0.0,0,0,1,0,18.565,-0.258,0,37.72,0,0,1,1,0,3,1,0,0,1,0,12192.0,2,1,1,1,0,0,1,0,7.6,272.1,0,0,0,0,0,1
41900,124.989,0.0,0,0,1,0,30.884,0.0,0,0,1,0,18.534,-0.31,0,37.97,0,0,1,1,0,3,1,0,0,1,0,12192.0,2,1,1,1,0,0,1,0,7.6,269.0,0,0,0,0,0,1
42000,124.989,0.0,0,0,1,0,30.884,0.0,0,0,1,0,18.497,-0.362,0,37.83,0,0,1,1,0,3,1,0,0,1,0,12192.0,2,1,1,1,0,0,1,0,8.4,267.1,0,0,0,0,0,1
42100,124.989,0.0,0,0,1,0,30.884,0.0,0,0,1,0,18.456,-0.414,0,37.75,0,0,1,1,0,3,1,0,0,1,0,12192.0,2,1,1,1,0,0,1,0,7.4,273.0,0,0,0,0,0,1
42200,124.989,0.0,0,0,1,0,30.884,0.0,0,0,1,0,18.41,-0.465,0,37.95,0,0,1,1,0,3,1,0,0,1,0,12192.0,2,1,1,1,0,0,1,0,7.8,272.5,0,0,0,0,0,1
42300,124.989,0.0,0,0,1,0,30.884,0.0,0,0,1,0,18.358,-0.517,0,37.86,0,0,1,1,0,3,1,0,0,1,0,12192.0,2,1,1,1,0,0,1,0,6.6,269.4,0,0,0,0,0,1
42400,124.989,0.0,0,0,1,0,30.884,0.0,0,0,1,0,18.301,-0.569,0,37.7,0,0,1,1,0,3,1,0,0,1,0,12192.0,2,1,1,1,0,0,1,0,7.8,272.1,0,0,0,0,0,1
42500,124.989,0.0,0,0,1,0,30.884,0.0,0,0,1,0,18.239,-0.62,0,37.91,0,0,1,1,0,3,1,0,0,1,0,12192.0,2,1,1,1,0,0,1,0,7.2,272.2,0,0,0,0,0,1
42600,124.989,0.0,0,0,1,0,30.884,0.0,0,0,1,0,18.172,-0.672,0,38.06,0,0,1,1,0,3,1,0,0,1,0,12192.0,2,1,1,1,0,0,1,0,6.7,270.5,0,0,0,0,0,1
42700,124.989,0.0,0,0,1,0,30.884,0.0,0,0,1,0,18.099,-0.724,0,37.84,0,0,1,1,0,3,1,0,0,1,0,12192.0,2,1,1,1,0,0,1,0,6.9,269.4,0,0,0,0,0,1
42800,124.989,0.0,0,0,1,0,30.884,0.0,0,0,1,0,18.022,-0.775,0,37.68,0,0,1,1,0,3,1,0,0,1,0,12192.0,2,1,1,1,0,0,1,0,7.9,274.0,0,0,0,0,0,1
42900,124.989,0.0,0,0,1,0,30.884,0.0,0,0,1,0,17.939,-0.827,0,37.69,0,0,1,1,0,3,1,0,0,1,0,12192.0,2,1,1,1,0,0,1,0,7.1,269.3,0,0,0,0,0,1
43000,124.989,0.0,0,0,1,0,30.884,0.0,0,0,1,0,17.851,-0.879,0,38.11,0,0,1,1,0,3,1,0,0,1,0,12192.0,2,1,1,1,0,0,1,0,7.2,273.8,0,0,0,0,0,1
43100,124.989,0.0,0,0,1,0,30.884,0.0,0,0,1,0,17.758,-0.931,0,37.97,0,0,1,1,0,3,1,0,0,1,0,12192.0,2,1,1,1,0,0,1,0,7.4,270.5,0,0,0,0,0,1
43200,124.989,0.0,0,0,1,0,30.884,0.0,0,0,1,0,17.66,-0.982,0,37.89,0,0,1,1,0,3,1,0,0,1,0,12192.0,2,1,1,1,0,0,1,0,7.6,266.9,0,0,0,0,0,1
43300,124.989,0.0,0,0,1,0,30.884,0.0,0,0,1,0,17.557,-1.034,0,38.02,0,0,1,1,0,3,1,0,0,1,0,12192.0,2,1,1,1,0,0,1,0,7.4,271.6,0,0,0,0,0,1
43400,124.989,0.0,0,0,1,0,30.884,0.0,0,0,1,0,17.448,-1.086,0,37.75,0,0,1,1,0,3,1,0,0,1,0,12192.0,2,1,1,1,0,0,1,0,6.9,271.5,0,0,0,0,0,1
43500,124.989,0.0,0,0,1,0,30.884,0.0,0,0,1,0,17.334,-1.137,0,37.82,0,0,1,1,0,3,1,0,0,1,0,12192.0,2,1,1,1,0,0,1,0,7.4,272.3,0,0,0,0,0,1
43600,124.989,0.0,0,0,1,0,30.884,0.0,0,0,1,0,17.215,-1.189,0,37.75,0,0,1,1,0,3,1,0,0,1,0,12192.0,2,1,1,1,0,0,1,0,7.5,269.1,0,0,0,0,0,1
43700,124.989,0.0,0,0,1,0,30.884,0.0,0,0,1,0,17.091,-1.241,0,37.9,0,0,1,1,0,3,1,0,0,1,0,12192.0,2,1,1,1,0,0,1,0,7.6,276.7,0,0,0,0,0,1
43800,124.989,0.0,0,0,1,0,30.884,0.0,0,0,1,0,16.966,-1.252,0,38.22,0,0,1,1,0,3,1,0,0,1,0,12192.0,2,1,1,1,0,0,1,0,8.0,269.8,0,0,0,0,0,1
43900,124.989,0.0,0,0,1,0,30.884,0.0,0,0,1,0,16.841,-1.252,0,38.06,0,0,1,1,0,3,1,0,0,1,0,12192.0,2,1,1,1,0,0,1,0,7.7,270.7,0,0,0,0,0,1
44000,124.989,0.0,0,0,1,0,30.884,0.0,0,0,1,0,16.716,-1.252,0,37.91,0,0,1,1,0,3,1,0,0,1,0,12192.0,2,1,1,1,0,0,1,0,7.6,271.3,0,0,0,0,0,1
44100,124.989,0.0,0,0,1,0,30.884,0.0,0,0,1,0,16.591,-1.252,0,38.09,0,0,1,1,0,3,1,0,0,1,0,12192.0,2,1,1,1,0,0,1,0,7.1,270.6,0,0,0,0,0,1
44200,124.989,0.0,0,0,1,0,30.884,0.0,0,0,1,0,16.466,-1.252,0,38.08,0,0,1,1,0,3,1,0,0,1,0,12192.0,2,1,1,1,0,0,1,0,8.6,268.4,0,0,0,0,0,1
44300,124.989,0.0,0,0,1,0,30.884,0.0,0,0,1,0,16.34,-1.252,0,38.07,0,0,1,1,0,3,1,0,0,1,0,12192.0,2,1,1,1,0,0,1,0,8.4,271.0,0,0,0,0,0,1
44400,124.989,0.0,0,0,1,0,30.884,0.0,0,0,1,0,16.215,-1.252,0,37.77,0,0,1,1,0,3,1,0,0,1,0,12192.0,2,1,1,1,0,0,1,0,7.9,267.5,0,0,0,0,0,1
44500,124.989,0.0,0,0,1,0,30.884,0.0,0,0,1,0,16.09,-1.252,0,37.94,0,0,1,1,0,3,1,0,0,1,0,12192.0,2,1,1,1,0,0,1,0,8.1,271.3,0,0,0,0,0,1
44600,124.989,0.0,0,0,1,0,30.884,0.0,0,0,1,0,15.965,-1.252,0,37.86,0,0,1,1,0,3,1,0,0,1,0,12192.0,2,1,1,1,0,0,1,0,8.1,269.7,0,0,0,0,0,1
44700,124.989,0.0,0,0,1,0,30.884,0.0,0,0,1,0,15.84,-1.252,0,37.7,0,0,1,1,0,3,1,0,0,1,0,12192.0,2,1,1,1,0,0,1,0,8.0,271.9,0,0,0,0,0,1
44800,124.989,0.0,0,0,1,0,30.884,0.0,0,0,1,0,15.715,-1.252,0,37.84,0,0,1,1,0,3,1,0,0,1,0,12192.0,2,1,1,1,0,0,1,0,8.2,268.8,0,0,0,0,0,1
44900,124.989,0.0,0,0,1,0,30.884,0.0,0,0,1,0,15.59,-1.252,0,38.04,0,0,1,1,0,3,1,0,0,1,0,12192.0,2,1,1,1,0,0,1,0,7.8,272.1,0,0,0,0,0,1
45000,124.989,0.0,0,0,1,0,30.884,0.0,0,0,1,0,15.464,-1.252,0,37.83,0,0,1,1,0,3,1,0,0,1,0,12192.0,2,1,1,1,0,0,1,0,8.3,268.5,0,0,0,0,0,1
45100,124.989,0.0,0,0,1,0,30.884,0.0,0,0,1,0,15.339,-1.252,0,37.75,0,0,1,1,0,3,1,0,0,1,0,12192.0,2,1,1,1,0,0,1,0,8.5,272.2,0,0,0,0,0,1
45200,124.989,0.0,0,0,1,0,30.884,0.0,0,0,1,0,15.214,-1.252,0,37.94,0,0,1,1,0,3,1,0,0,1,0,12192.0,2,1,1,1,0,0,1,0,8.1,271.0,0,0,0,0,0,1
45300,124.989,0.0,0,0,1,0,30.884,0.0,0,0,1,0,15.089,-1.252,0,37.95,0,0,1,1,0,3,1,0,0,1,0,12192.0,2,1,1,1,0,0,1,0,8.5,268.4,0,0,0,0,0,1
45400,124.989,0.0,0,0,1,0,30.884,0.0,0,0,1,0,14.964,-1.252,0,37.79,0,0,1,1,0,3,1,0,0,1,0,12192.0,2,1,1,1,0,0,1,0,8.4,271.4,0,0,0,0,0,1
45500,124.989,0.0,0,0,1,0,30.884,0.0,0,0,1,0,14.839,-1.252,0,37.81,0,0,1,1,0,3,1,0,0,1,0,12192.0,2,1,1,1,0,0,1,0,8.0,270.8,0,0,0,0,0,1
45600,124.989,0.0,0,0,1,0,30.884,0.0,0,0,1,0,14.713,-1.252,0,37.77,0,0,1,1,0,3,1,0,0,1,0,12192.0,2,1,1,1,0,0,1,0,8.8,267.5,0,0,0,0,0,1
45700,124.989,0.0,0,0,1,0,30.884,0.0,0,0,1,0,14.588,-1.252,0,38.03,0,0,1,1,0,3,1,0,0,1,0,12192.0,2,1,1,1,0,0,1,0,7.9,274.2,0,0,0,0,0,1
45800,124.989,0.0,0,0,1,0,30.884,0.0,0,0,1,0,14.463,-1.252,0,37.85,0,0,1,1,0,3,1,0,0,1,0,12192.0,2,1,1,1,0,0,1,0,8.6,271.5,0,0,0,0,0,1
45900,124.989,0.0,0,0,1,0,30.884,0.0,0,0,1,0,14.338,-1.252,0,37.81,0,0,1,1,0,3,1,0,0,1,0,12192.0,2,1,1,1,0,0,1,0,9.0,269.6,0,0,0,0,0,1
46000,124.989,0.0,0,0,1,0,30.884,0.0,0,0,1,0,14.213,-1.252,0,37.73,0,0,1,1,0,3,1,0,0,1,0,12192.0,2,1,1,1,0,0,1,0,9.4,274.0,0,0,0,0,0,1
46100,124.989,0.0,0,0,1,0,30.884,0.0,0,0,1,0,14.088,-1.252,0,37.9,0,0,1,1,0,3,1,0,0,1,0,12192.0,2,1,1,1,0,0,1,0,8.3,271.4,0,0,0,0,0,1
46200,124.989,0.0,0,0,1,0,30.884,0.0,0,0,1,0,13.963,-1.252,0,37.8,0,0,1,1,0,3,1,0,0,1,0,12192.0,2,1,1,1,0,0,1,0,9.4,269.2,0,0,0,0,0,1
46300,124.989,0.0,0,0,1,0,30.884,0.0,0,0,1,0,13.837,-1.252,0,37.89,0,0,1,1,0,3,1,0,0,1,0,12192.0,2,1,1,1,0,0,1,0,9.2,269.8,0,0,0,0,0,1
46400,124.989,0.0,0,0,1,0,30.884,0.0,0,0,1,0,13.712,-1.252,0,37.8,0,0,1,1,0,3,1,0,0,1,0,12192.0,2,1,1,1,0,0,1,0,8.5,269.8,0,0,0,0,0,1
46500,124.989,0.0,0,0,1,0,30.884,0.0,0,0,1,0,13.587,-1.252,0,37.78,0,0,1,1,0,3,1,0,0,1,0,12192.0,2,1,1,1,0,0,1,0,7.9,265.5,0,0,0,0,0,1
46600,124.989,0.0,0,0,1,0,30.884,0.0,0,0,1,0,13.462,-1.252,0,37.71,0,0,1,1,0,3,1,0,0,1,0,12192.0,2,1,1,1,0,0,1,0,8.5,269.5,0,0,0,0,0,1
46700,124.989,0.0,0,0,1,0,30.884,0.0,0,0,1,0,13.337,-1.252,0,37.88,0,0,1,1,0,3,1,0,0,1,0,12192.0,2,1,1,1,0,0,1,0,9.3,268.7,0,0,0,0,0,1
46800,124.989,0.0,0,0,1,0,30.884,0.0,0,0,1,0,13.212,-1.252,0,37.69,0,0,1,1,0,3,1,0,0,1,0,12192.0,2,1,1,1,0,0,1,0,7.7,268.6,0,0,0,0,0,1
46900,124.989,0.0,0,0,1,0,30.884,0.0,0,0,1,0,13.086,-1.252,0,37.8,0,0,1,1,0,3,1,0,0,1,0,12192.0,2,1,1,1,0,0,1,0,8.9,272.0,0,0,0,0,0,1
47000,124.989,0.0,0,0,1,0,30.884,0.0,0,0,1,0,12.961,-1.252,0,38.25,0,0,1,1,0,3,1,0,0,1,0,12192.0,2,1,1,1,0,0,1,0,9.0,278.6,0,0,0,0,0,1
47100,124.989,0.0,0,0,1,0,30.884,0.0,0,0,1,0,12.836,-1.252,0,37.78,0,0,1,1,0,3,1,0,0,1,0,12192.0,2,1,1,1,0,0,1,0,9.4,266.4,0,0,0,0,0,1
47200,124.989,0.0,0,0,1,0,30.884,0.0,0,0,1,0,12.711,-1.252,0,37.76,0,0,1,1,0,3,1,0,0,1,0,12192.0,2,1,1,1,0,0,1,0,8.8,266.7,0,0,0,0,0,1
47300,124.989,0.0,0,0,1,0,30.884,0.0,0,0,1,0,12.586,-1.252,0,37.91,0,0,1,1,0,3,1,0,0,1,0,12192.0,2,1,1,1,0,0,1,0,8.5,271.6,0,0,0,0,0,1
47400,124.989,0.0,0,0,1,0,30.884,0.0,0,0,1,0,12.461,-1.252,0,37.91,0,0,1,1,0,3,1,0,0,1,0,12192.0,2,1,1,1,0,0,1,0,7.6,271.0,0,0,0,0,0,1
47500,124.989,0.0,0,0,1,0,30.884,0.0,0,0,1,0,12.335,-1.252,0,37.88,0,0,1,1,0,3,1,0,0,1,0,12192.0,2,1,1,1,0,0,1,0,8.2,266.0,0,0,0,0,0,1
47600,124.989,0.0,0,0,1,0,30.884,0.0,0,0,1,0,12.21,-1.252,0,37.86,0,0,1,1,0,3,1,0,0,1,0,12192.0,2,1,1,1,0,0,1,0,9.2,271.0,0,0,0,0,0,1
47700,124.989,0.0,0,0,1,0,30.884,0.0,0,0,1,0,12.085,-1.252,0,37.93,0,0,1,1,0,3,1,0,0,1,0,12192.0,2,1,1,1,0,0,1,0,8.8,267.1,0,0,0,0,0,1
47800,124.989,0.0,0,0,1,0,30.884,0.0,0,0,1,0,11.96,-1.252,0,37.87,0,0,1,1,0,3,1,0,0,1,0,12192.0,2,1,1,1,0,0,1,0,8.7,271.3,0,0,0,0,0,1
47900,124.989,0.0,0,0,1,0,30.884,0.0,0,0,1,0,11.835,-1.252,0,37.85,0,0,1,1,0,3,1,0,0,1,0,12192.0,2,1,1,1,0,0,1,0,8.5,270.5,0,0,0,0,0,1
48000,124.989,0.0,0,0,1,0,30.884,0.0,0,0,1,0,11.71,-1.252,0,37.85,0,0,1,1,0,3,1,0,0,1,0,12192.0,2,1,1,1,0,0,1,0,8.6,273.1,0,0,0,0,0,1
48100,124.989,0.0,0,0,1,0,30.884,0.0,0,0,1,0,11.585,-1.252,0,37.76,0,0,1,1,0,3,1,0,0,1,0,12192.0,2,1,1,1,0,0,1,0,8.8,268.1,0,0,0,0,0,1
48200,124.989,0.0,0,0,1,0,30.884,0.0,0,0,1,0,11.459,-1.252,0,37.63,0,0,1,1,0,3,1,0,0,1,0,12192.0,2,1,1,1,0,0,1,0,8.6,270.5,0,0,0,0,0,1
48300,124.989,0.0,0,0,1,0,30.884,0.0,0,0,1,0,11.334,-1.252,0,37.92,0,0,1,1,0,3,1,0,0,1,0,12192.0,2,1,1,1,0,0,1,0,8.7,269.8,0,0,0,0,0,1
48400,124.989,0.0,0,0,1,0,30.884,0.0,0,0,1,0,11.209,-1.252,0,37.81,0,0,1,1,0,3,1,0,0,1,0,12192.0,2,1,1,1,0,0,1,0,8.8,266.5,0,0,0,0,0,1
48500,124.989,0.0,0,0,1,0,30.884,0.0,0,0,1,0,11.084,-1.252,0,37.87,0,0,1,1,0,3,1,0,0,1,0,12192.0,2,1,1,1,0,0,1,0,8.4,270.5,0,0,0,0,0,1
48600,124.989,0.0,0,0,1,0,30.884,0.0,0,0,1,0,10.959,-1.252,0,37.97,0,0,1,1,0,3,1,0,0,1,0,12192.0,2,1,1,1,0,0,1,0,7.9,267.7,0,0,0,0,0,1
48700,124.989,0.0,0,0,1,0,30.884,0.0,0,0,1,0,10.834,-1.252,0,37.94,0,0,1,1,0,3,1,0,0,1,0,12192.0,2,1,1,1,0,0,1,0,8.1,271.2,0,0,0,0,0,1
48800,124.989,0.0,0,0,1,0,30.884,0.0,0,0,1,0,10.708,-1.252,0,37.93,0,0,1,1,0,3,1,0,0,1,0,12192.0,2,1,1,1,0,0,1,0,8.4,273.9,0,0,0,0,0,1
48900,124.989,0.0,0,0,1,0,30.884,0.0,0,0,1,0,10.583,-1.252,0,38.13,0,0,1,1,0,3,1,0,0,1,0,12192.0,2,1,1,1,0,0,1,0,7.9,271.5,0,0,0,0,0,1
49000,124.989,0.0,0,0,1,0,30.884,0.0,0,0,1,0,10.458,-1.252,0,38.13,0,0,1,1,0,3,1,0,0,1,0,12192.0,2,1,1,1,0,0,1,0,8.0,276.0,0,0,0,0,0,1
49100,124.989,0.0,0,0,1,0,30.884,0.0,0,0,1,0,10.333,-1.252,0,37.82,0,0,1,1,0,3,1,0,0,1,0,12192.0,2,1,1,1,0,0,1,0,8.0,269.6,0,0,0,0,0,1
49200,124.989,0.0,0,0,1,0,30.884,0.0,0,0,1,0,10.208,-1.252,0,37.87,0,0,1,1,0,3,1,0,0,1,0,12192.0,2,1,1,1,0,0,1,0,8.0,269.9,0,0,0,0,0,1
49300,124.989,0.0,0,0,1,0,30.884,0.0,0,0,1,0,10.083,-1.252,0,37.94,0,0,1,1,0,3,1,0,0,1,0,12192.0,2,1,1,1,0,0,1,0,8.0,272.8,0,0,0,0,0,1
49400,124.989,0.0,0,0,1,0,30.884,0.0,0,0,1,0,9.958,-1.252,0,38.06,0,0,1,1,0,3,1,0,0,1,0,12192.0,2,1,1,1,0,0,1,0,7.9,265.1,0,0,0,0,0,1
49500,124.989,0.0,0,0,1,0,30.884,0.0,0,0,1,0,9.832,-1.252,0,38.03,0,0,1,1,0,3,1,0,0,1,0,12192.0,2,1,1,1,0,0,1,0,8.2,264.5,0,0,0,0,0,1
49600,124.989,0.0,0,0,1,0,30.884,0.0,0,0,1,0,9.707,-1.252,0,37.81,0,0,1,1,0,3,1,0,0,1,0,12192.0,2,1,1,1,0,0,1,0,7.7,270.1,0,0,0,0,0,1
49700,124.989,0.0,0,0,1,0,30.884,0.0,0,0,1,0,9.582,-1.252,0,37.75,0,0,1,1,0,3,1,0,0,1,0,12192.0,2,1,1,1,0,0,1,0,8.1,269.8,0,0,0,0,0,1
49800,124.989,0.0,0,0,1,0,30.884,0.0,0,0,1,0,9.457,-1.252,0,37.75,0,0,1,1,0,3,1,0,0,1,0,12192.0,2,1,1,1,0,0,1,0,7.6,267.7,0,0,0,0,0,1
49900,124.989,0.0,0,0,1,0,30.884,0.0,0,0,1,0,9.332,-1.252,0,37.88,0,0,1,1,0,3,1,0,0,1,0,12192.0,2,1,1,1,0,0,1,0,7.4,272.5,0,0,0,0,0,1
50000,124.989,0.0,0,0,1,0,30.884,0.0,0,0,1,0,9.207,-1.252,0,37.68,0,0,1,1,0,3,1,0,0,1,0,12192.0,2,1,1,1,0,0,1,0,7.3,263.2,0,0,0,0,0,1
50100,124.989,0.0,0,0,1,0,30.884,0.0,0,0,1,0,9.081,-1.252,0,37.82,0,0,1,1,0,3,1,0,0,1,0,12192.0,2,1,1,1,0,0,1,0,7.7,266.9,0,0,0,0,0,1
50200,124.989,0.0,0,0,1,0,30.884,0.0,0,0,1,0,8.956,-1.252,0,37.81,0,0,1,1,0,3,1,0,0,1,0,12192.0,2,1,1,1,0,0,1,0,7.2,273.4,0,0,0,0,0,1
50300,124.989,0.0,0,0,1,0,30.884,0.0,0,0,1,0,8.831,-1.252,0,37.67,0,0,1,1,0,3,1,0,0,1,0,12192.0,2,1,1,1,0,0,1,0,7.6,270.1,0,0,0,0,0,1
50400,124.989,0.0,0,0,1,0,30.884,0.0,0,0,1,0,8.706,-1.252,0,37.77,0,0,1,1,0,3,1,0,0,1,0,12192.0,2,1,1,1,0,0,1,0,7.4,267.6,0,0,0,0,0,1
50500,124.989,0.0,0,0,1,0,30.884,0.0,0,0,1,0,8.581,-1.252,0,37.63,0,0,1,1,0,3,1,0,0,1,0,12192.0,2,1,1,1,0,0,1,0,7.5,271.8,0,0,0,0,0,1
50600,124.989,0.0,0,0,1,0,30.884,0.0,0,0,1,0,8.456,-1.252,0,37.88,0,0,1,1,0,3,1,0,0,1,0,12192.0,2,1,1,1,0,0,1,0,7.6,273.9,0,0,0,0,0,1
50700,124.989,0.0,0,0,1,0,30.884,0.0,0,0,1,0,8.33,-1.252,0,37.91,0,0,1,1,0,3,1,0,0,1,0,12192.0,2,1,1,1,0,0,1,0,7.4,268.4,0,0,0,0,0,1
50800,124.989,0.0,0,0,1,0,30.884,0.0,0,0,1,0,8.205,-1.252,0,37.86,0,0,1,1,0,3,1,0,0,1,0,12192.0,2,1,1,1,0,0,1,0,7.3,271.8,0,0,0,0,0,1
50900,124.989,0.0,0,0,1,0,30.884,0.0,0,0,1,0,8.08,-1.252,0,37.75,0,0,1,1,0,3,1,0,0,1,0,12192.0,2,1,1,1,0,0,1,0,7.7,273.2,0,0,0,0,0,1
51000,124.989,0.0,0,0,1,0,30.884,0.0,0,0,1,0,7.955,-1.252,0,37.93,0,0,1,1,0,3,1,0,0,1,0,12192.0,2,1,1,1,0,0,1,0,8.0,273.1,0,0,0,0,0,1
51100,124.989,0.0,0,0,1,0,30.884,0.0,0,0,1,0,7.83,-1.252,0,37.89,0,0,1,1,0,3,1,0,0,1,0,12192.0,2,1,1,1,0,0,1,0,7.8,267.4,0,0,0,0,0,1
51200,124.989,0.0,0,0,1,0,30.884,0.0,0,0,1,0,7.705,-1.252,0,37.76,0,0,1,1,0,3,1,0,0,1,0,12192.0,2,1,1,1,0,0,1,0,6.8,270.5,0,0,0,0,0,1
51300,124.989,0.0,0,0,1,0,30.884,0.0,0,0,1,0,7.58,-1.252,0,37.66,0,0,1,1,0,3,1,0,0,1,0,12192.0,2,1,1,1,0,0,1,0,7.8,269.8,0,0,0,0,0,1
51400,124.989,0.0,0,0,1,0,30.884,0.0,0,0,1,0,7.454,-1.252,0,37.78,0,0,1,1,0,3,1,0,0,1,0,12192.0,2,1,1,1,0,0,1,0,6.9,269.3,0,0,0,0,0,1
51500,124.989,0.0,0,0,1,0,30.884,0.0,0,0,1,0,7.329,-1.252,0,37.81,0,0,1,1,0,3,1,0,0,1,0,12192.0,2,1,1,1,0,0,1,0,7.2,270.7,0,0,0,0,0,1
51600,124.989,0.0,0,0,1,0,30.884,0.0,0,0,1,0,7.204,-1.252,0,37.92,0,0,1,1,0,3,1,0,0,1,0,12192.0,2,1,1,1,0,0,1,0,7.7,272.8,0,0,0,0,0,1
51700,124.989,0.0,0,0,1,0,30.884,0.0,0,0,1,0,7.079,-1.252,0,37.82,0,0,1,1,0,3,1,0,0,1,0,12192.0,2,1,1,1,0,0,1,0,6.9,270.3,0,0,0,0,0,1
51800,124.989,0.0,0,0,1,0,30.884,0.0,0,0,1,0,6.954,-1.252,0,37.94,0,0,1,1,0,3,1,0,0,1,0,12192.0,2,1,1,1,0,0,1,0,7.7,271.7,0,0,0,0,0,1
51900,124.989,0.0,0,0,1,0,30.884,0.0,0,0,1,0,6.829,-1.252,0,37.89,0,0,1,1,0,3,1,0,0,1,0,12192.0,2,1,1,1,0,0,1,0,7.9,268.5,0,0,0,0,0,1
52000,124.989,0.0,0,0,1,0,30.884,0.0,0,0,1,0,6.703,-1.252,0,37.75,0,0,1,1,0,3,1,0,0,1,0,12192.0,2,1,1,1,0,0,1,0,7.7,273.9,0,0,0,0,0,1
52100,124.989,0.0,0,0,1,0,30.884,0.0,0,0,1,0,6.578,-1.252,0,37.87,0,0,1,1,0,3,1,0,0,1,0,12192.0,2,1,1,1,0,0,1,0,6.9,269.6,0,0,0,0,0,1
52200,124.989,0.0,0,0,1,0,30.884,0.0,0,0,1,0,6.453,-1.252,0,37.82,0,0,1,1,0,3,1,0,0,1,0,12192.0,2,1,1,1,0,0,1,0,7.1,270.4,0,0,0,0,0,1
52300,124.989,0.0,0,0,1,0,30.884,0.0,0,0,1,0,6.328,-1.252,0,37.96,0,0,1,1,0,3,1,0,0,1,0,12192.0,2,1,1,1,0,0,1,0,8.0,270.3,0,0,0,0,0,1
52400,124.989,0.0,0,0,1,0,30.884,0.0,0,0,1,0,6.203,-1.252,0,37.86,0,0,1,1,0,3,1,0,0,1,0,12192.0,2,1,1,1,0,0,1,0,7.6,269.2,0,0,0,0,0,1
52500,124.989,0.0,0,0,1,0,30.884,0.0,0,0,1,0,6.078,-1.252,0,37.82,0,0,1,1,0,3,1,0,0,1,0,12192.0,2,1,1,1,0,0,1,0,7.1,268.8,0,0,0,0,0,1
52600,124.989,0.0,0,0,1,0,30.884,0.0,0,0,1,0,5.953,-1.252,0,37.99,0,0,1,1,0,3,1,0,0,1,0,12192.0,2,1,1,1,0,0,1,0,8.2,273.0,0,0,0,0,0,1
52700,124.989,0.0,0,0,1,0,30.884,0.0,0,0,1,0,5.827,-1.252,0,37.84,0,0,1,1,0,3,1,0,0,1,0,12192.0,2,1,1,1,0,0,1,0,8.2,265.4,0,0,0,0,0,1
52800,124.989,0.0,0,0,1,0,30.884,0.0,0,0,1,0,5.702,-1.252,0,37.71,0,0,1,1,0,3,1,0,0,1,0,12192.0,2,1,1,1,0,0,1,0,7.8,267.7,0,0,0,0,0,1
52900,124.989,0.0,0,0,1,0,30.884,0.0,0,0,1,0,5.577,-1.252,0,37.74,0,0,1,1,0,3,1,0,0,1,0,12192.0,2,1,1,1,0,0,1,0,7.6,271.2,0,0,0,0,0,1
53000,124.989,0.0,0,0,1,0,30.884,0.0,0,0,1,0,5.452,-1.252,0,37.99,0,0,1,1,0,3,1,0,0,1,0,12192.0,2,1,1,1,0,0,1,0,7.2,274.6,0,0,0,0,0,1
53100,124.989,0.0,0,0,1,0,30.884,0.0,0,0,1,0,5.327,-1.252,0,37.97,0,0,1,1,0,3,1,0,0,1,0,12192.0,2,1,1,1,0,0,1,0,7.3,267.7,0,0,0,0,0,1
53200,124.989,0.0,0,0,1,0,30.884,0.0,0,0,1,0,5.202,-1.252,0,37.93,0,0,1,1,0,3,1,0,0,1,0,12192.0,2,1,1,1,0,0,1,0,7.9,268.9,0,0,0,0,0,1
53300,124.989,0.0,0,0,1,0,30.884,0.0,0,0,1,0,5.076,-1.252,0,37.79,0,0,1,1,0,3,1,0,0,1,0,12192.0,2,1,1,1,0,0,1,0,8.2,271.1,0,0,0,0,0,1
53400,124.989,0.0,0,0,1,0,30.884,0.0,0,0,1,0,4.951,-1.252,0,37.78,0,0,1,1,0,3,1,0,0,1,0,12192.0,2,1,1,1,0,0,1,0,7.7,270.5,0,0,0,0,0,1
53500,124.989,0.0,0,0,1,0,30.884,0.0,0,0,1,0,4.826,-1.252,0,37.84,0,0,1,1,0,3,1,0,0,1,0,12192.0,2,1,1,1,0,0,1,0,8.3,268.9,0,0,0,0,0,1
53600,124.989,0.0,0,0,1,0,30.884,0.0,0,0,1,0,4.701,-1.252,0,37.8,0,0,1,1,0,3,1,0,0,1,0,12192.0,2,1,1,1,0,0,1,0,8.1,270.8,0,0,0,0,0,1
53700,124.989,0.0,0,0,1,0,30.884,0.0,0,0,1,0,4.576,-1.252,0,37.87,0,0,1,1,0,3,1,0,0,1,0,12192.0,2,1,1,1,0,0,1,0,7.5,268.3,0,0,0,0,0,1
53800,124.989,0.0,0,0,1,0,30.884,0.0,0,0,1,0,4.451,-1.252,0,37.79,0,0,1,1,0,3,1,0,0,1,0,12192.0,2,1,1,1,0,0,1,0,8.9,270.7,0,0,0,0,0,1
53900,124.989,0.0,0,0,1,0,30.884,0.0,0,0,1,0,4.326,-1.252,0,37.87,0,0,1,1,0,3,1,0,0,1,0,12192.0,2,1,1,1,0,0,1,0,8.1,267.8,0,0,0,0,0,1
54000,124.989,0.0,0,0,1,0,30.884,0.0,0,0,1,0,4.2,-1.252,0,37.86,0,0,1,1,0,3,1,0,0,1,0,12192.0,2,1,1,1,0,0,1,0,8.2,268.5,0,0,0,0,0,1
54100,124.989,0.0,0,0,1,0,30.884,0.0,0,0,1,0,4.075,-1.252,0,37.93,0,0,1,1,0,3,1,0,0,1,0,12192.0,2,1,1,1,0,0,1,0,8.0,267.8,0,0,0,0,0,1
54200,124.989,0.0,0,0,1,0,30.884,0.0,0,0,1,0,3.95,-1.252,0,37.73,0,0,1,1,0,3,1,0,0,1,0,12192.0,2,1,1,1,0,0,1,0,8.0,271.7,0,0,0,0,0,1
54300,124.989,0.0,0,0,1,0,30.884,0.0,0,0,1,0,3.825,-1.252,0,37.83,0,0,1,1,0,3,1,0,0,1,0,12192.0,2,1,1,1,0,0,1,0,8.1,272.8,0,0,0,0,0,1
54400,124.989,0.0,0,0,1,0,30.884,0.0,0,0,1,0,3.705,-1.2,0,42.33,0,0,1,1,0,3,1,0,0,1,0,12192.0,2,1,1,1,0,0,1,0,8.5,270.1,0,0,0,0,0,1
54500,124.989,0.0,0,0,1,0,30.884,0.0,0,0,1,0,3.59,-1.148,0,41.98,0,0,1,1,0,3,1,0,0,1,0,12192.0,2,1,1,1,0,0,1,0,8.6,271.7,0,0,0,0,0,1
54600,124.989,0.0,0,0,1,0,30.884,0.0,0,0,1,0,3.48,-1.096,0,41.98,0,0,1,1,0,3,1,0,0,1,0,12192.0,2,1,1,1,0,0,1,0,8.5,273.0,0,0,0,0,0,1
54700,124.989,0.0,0,0,1,0,30.884,0.0,0,0,1,0,3.376,-1.045,0,42.09,0,0,1,1,0,3,1,0,0,1,0,12192.0,2,1,1,1,0,0,1,0,8.6,267.4,0,0,0,0,0,1
54800,124.989,0.0,0,0,1,0,30.884,0.0,0,0,1,0,3.277,-0.993,0,42.23,0,0,1,1,0,3,1,0,0,1,0,12192.0,2,1,1,1,0,0,1,0,8.0,267.7,0,0,0,0,0,1
54900,124.989,0.0,0,0,1,0,30.884,0.0,0,0,1,0,3.183,-0.941,0,42.33,0,0,1,1,0,3,1,0,0,1,0,12192.0,2,1,1,1,0,0,1,0,7.6,270.9,0,0,0,0,0,1
55000,124.989,0.0,0,0,1,0,30.884,0.0,0,0,1,0,3.094,-0.89,0,42.06,0,0,1,1,0,3,1,0,0,1,0,12192.0,2,1,1,1,0,0,1,0,8.3,272.0,0,0,0,0,0,1
55100,124.989,0.0,0,0,1,0,30.884,0.0,0,0,1,0,3.01,-0.838,0,42.24,0,0,1,1,0,3,1,0,0,1,0,12192.0,2,1,1,1,0,0,1,0,8.8,274.0,0,0,0,0,0,1
55200,124.989,0.0,0,0,1,0,30.884,0.0,0,0,1,0,2.931,-0.786,0,42.21,0,0,1,1,0,3,1,0,0,1,0,12192.0,2,1,1,1,0,0,1,0,8.1,266.9,0,0,0,0,0,1
55300,124.989,0.0,0,0,1,0,30.884,0.0,0,0,1,0,2.858,-0.735,0,42.16,0,0,1,1,0,3,1,0,0,1,0,12192.0,2,1,1,1,0,0,1,0,9.1,267.2,0,0,0,0,0,1
55400,124.989,0.0,0,0,1,0,30.884,0.0,0,0,1,0,2.789,-0.683,0,41.99,0,0,1,1,0,3,1,0,0,1,0,12192.0,2,1,1,1,0,0,1,0,9.0,270.1,0,0,0,0,0,1
55500,124.989,0.0,0,0,1,0,30.884,0.0,0,0,1,0,2.726,-0.631,0,42.3,0,0,1,1,0,3,1,0,0,1,0,12192.0,2,1,1,1,0,0,1,0,8.5,272.7,0,0,0,0,0,1
55600,124.989,0.0,0,0,1,0,30.884,0.0,0,0,1,0,2.663,-0.632,0,37.94,0,0,1,1,0,3,1,0,0,1,0,12192.0,2,1,1,1,0,0,1,0,9.0,271.0,0,0,0,0,0,1
55700,124.989,0.0,0,0,1,0,30.884,0.0,0,0,1,0,2.605,-0.578,0,42.27,0,0,1,1,0,3,1,0,0,1,0,12192.0,2,1,1,1,0,0,1,0,8.5,270.9,0,0,0,0,0,1
55800,124.989,0.0,0,0,1,0,30.884,0.0,0,0,1,0,2.553,-0.524,0,42.0,0,0,1,1,0,3,1,0,0,1,0,12192.0,2,1,1,1,0,0,1,0,8.6,268.9,0,0,0,0,0,1
55900,124.989,0.0,0,0,1,0,30.884,0.0,0,0,1,0,2.506,-0.469,0,42.1,0,0,1,1,0,3,1,0,0,1,0,12192.0,2,1,1,1,0,0,1,0,8.7,270.8,0,0,0,0,0,1
56000,124.989,0.0,0,0,1,0,30.884,0.0,0,0,1,0,2.464,-0.414,0,42.13,0,0,1,1,0,3,1,0,0,1,0,12192.0,2,1,1,1,0,0,1,0,8.6,268.4,0,0,0,0,0,1
56100,124.989,0.0,0,0,1,0,30.884,0.0,0,0,1,0,2.429,-0.359,0,42.03,0,0,1,1,0,3,1,0,0,1,0,12192.0,2,1,1,1,0,0,1,0,9.1,269.3,0,0,0,0,0,1
56200,124.989,0.0,0,0,1,0,30.884,0.0,0,0,1,0,2.398,-0.303,0,42.03,0,0,1,1,0,3,1,0,0,1,0,12192.0,2,1,1,1,0,0,1,0,7.5,268.5,0,0,0,0,0,1
56300,124.989,0.0,0,0,1,0,30.884,0.0,0,0,1,0,2.374,-0.246,0,42.21,0,0,1,1,0,3,1,0,0,1,0,12192.0,2,1,1,1,0,0,1,0,9.1,264.6,0,0,0,0,0,1
56400,124.989,0.0,0,0,1,0,30.884,0.0,0,0,1,0,2.355,-0.187,0,42.0,0,0,1,1,0,3,1,0,0,1,0,12192.0,2,1,1,1,0,0,1,0,8.5,267.7,0,0,0,0,0,1
56500,124.989,0.0,0,0,1,0,30.884,0.0,0,0,1,0,2.343,-0.125,0,42.04,0,0,1,1,0,3,1,0,0,1,0,12192.0,2,1,1,1,0,0,1,0,8.5,271.7,0,0,0,0,0,1
56600,124.989,0.0,0,0,0,0,30.884,0.0,0,0,0,0,2.337,0.0,0,39.96,0,0,0,0,0,3,1,0,0,1,0,12192.0,2,1,1,0,1,0,1,0,8.6,270.2,0,0,0,0,0,1
56700,124.989,0.0,0,0,0,0,30.884,0.0,0,0,0,0,2.337,0.0,0,40.14,0,0,0,0,0,3,1,0,1,1,0,12192.0,2,1,1,0,1,0,1,0,8.2,269.2,0,0,0,0,0,1
56800,124.989,0.0,0,0,0,0,30.884,0.0,0,0,0,0,2.337,0.0,0,39.98,0,0,0,0,0,3,1,0,1,1,0,12192.0,2,1,1,0,1,0,1,0,7.8,271.1,0,0,0,0,0,1
56900,124.989,0.0,0,0,0,0,30.884,0.0,0,0,0,0,2.337,0.0,0,40.18,0,0,0,0,0,3,1,0,1,1,0,12192.0,2,1,1,0,1,0,1,0,8.3,268.6,0,0,0,0,0,1
57000,124.989,0.0,0,0,0,0,30.884,0.0,0,0,0,0,2.337,0.0,0,39.78,0,0,0,0,0,3,1,0,1,1,0,12192.0,2,1,1,0,1,0,1,0,8.4,266.8,0,0,0,0,0,1
57100,124.989,0.0,0,0,0,0,30.884,0.0,0,0,0,0,2.337,0.0,0,40.19,0,0,0,0,0,3,1,0,1,1,0,12192.0,2,1,1,0,1,0,1,0,8.1,273.0,0,0,0,0,0,1
57200,124.989,0.0,0,0,0,0,30.884,0.0,0,0,0,0,2.337,0.0,0,40.07,0,0,0,0,0,3,1,0,1,1,0,12192.0,2,1,1,0,1,0,1,0,8.1,272.0,0,0,0,0,0,1
57300,124.989,0.0,0,0,0,0,30.884,0.0,0,0,0,0,2.337,0.0,0,39.95,0,0,0,0,0,3,1,0,1,1,0,12192.0,2,1,1,0,1,0,1,0,8.6,272.4,0,0,0,0,0,1
57400,124.989,0.0,0,0,0,0,30.884,0.0,0,0,0,0,2.337,0.0,0,39.82,0,0,0,0,0,3,1,0,1,1,0,12192.0,2,1,1,0,1,0,1,0,8.2,269.9,0,0,0,0,0,1
57500,124.989,0.0,0,0,0,0,30.884,0.0,0,0,0,0,2.337,0.0,0,40.0,0,0,0,0,0,3,1,0,1,1,0,12192.0,2,1,1,0,1,0,1,0,8.4,270.7,0,0,0,0,0,1
57600,124.989,0.0,0,0,0,0,30.884,0.0,0,0,0,0,2.337,0.0,0,0.0,0,0,0,0,0,3,0,1,1,1,0,12192.0,2,1,1,0,1,0,1,0,8.8,270.1,0,0,0,0,0,1
57700,124.989,0.0,0,0,0,0,30.884,0.0,0,0,0,0,2.337,0.0,0,0.0,0,0,0,0,0,3,0,1,1,1,0,12192.0,2,1,1,0,1,0,1,0,7.3,267.3,0,0,0,0,0,1
57800,124.989,0.0,0,0,0,0,30.884,0.0,0,0,0,0,2.337,0.0,0,0.0,0,0,0,0,0,3,0,1,1,1,0,12192.0,2,1,1,0,1,0,1,0,8.1,269.8,0,0,0,0,0,1
57900,124.989,0.0,0,0,0,0,30.884,0.0,0,0,0,0,2.337,0.0,0,0.0,0,0,0,0,0,3,0,1,1,1,0,12192.0,2,1,1,0,1,0,1,0,8.2,266.6,0,0,0,0,0,1
58000,124.989,0.0,0,0,0,0,30.884,0.0,0,0,0,0,2.337,0.0,0,0.0,0,0,0,0,0,3,0,1,1,1,0,12192.0,2,1,1,0,1,0,1,0,7.6,271.6,0,0,0,0,0,1
58100,124.989,0.0,0,0,0,0,30.884,0.0,0,0,0,0,2.337,0.0,0,0.0,0,0,0,0,0,3,0,1,1,1,0,12192.0,2,1,1,0,1,0,1,0,8.1,273.3,0,0,0,0,0,1
58200,124.989,0.0,0,0,0,0,30.884,0.0,0,0,0,0,2.337,0.0,0,0.0,0,0,0,0,0,3,0,1,1,1,0,12192.0,2,1,1,0,1,0,1,0,8.3,268.2,0,0,0,0,0,1
58300,124.989,0.0,0,0,0,0,30.884,0.0,0,0,0,0,2.337,0.0,0,0.0,0,0,0,0,0,3,0,1,1,1,0,12192.0,2,1,1,0,1,0,1,0,8.5,274.7,0,0,0,0,0,1
58400,124.989,0.0,0,0,0,0,30.884,0.0,0,0,0,0,2.337,0.0,0,0.0,0,0,0,0,0,3,0,1,1,1,0,12192.0,2,1,1,0,1,0,1,0,8.4,271.8,0,0,0,0,0,1
58500,124.989,0.0,0,0,0,0,30.884,0.0,0,0,0,0,2.337,0.0,0,0.0,0,0,0,0,0,3,0,1,1,1,0,12192.0,2,1,1,0,1,0,1,0,7.2,270.2,0,0,0,0,0,1
58600,124.989,0.0,0,0,0,0,30.884,0.0,0,0,0,0,2.337,0.0,0,0.0,0,0,0,0,0,3,0,1,1,1,0,12192.0,2,1,1,0,1,0,1,0,7.8,266.7,0,0,0,0,0,1
58700,124.989,0.0,0,0,0,0,30.884,0.0,0,0,0,0,2.337,0.0,0,0.0,0,0,0,0,0,3,0,1,1,1,0,12192.0,2,1,1,0,1,0,1,0,8.4,270.6,0,0,0,0,0,1
58800,124.989,0.0,0,0,0,0,30.884,0.0,0,0,0,0,2.337,0.0,0,0.0,0,0,0,0,0,3,0,1,1,1,0,12192.0,2,1,1,0,1,0,1,0,8.4,267.3,0,0,0,0,0,1
58900,124.989,0.0,0,0,0,0,30.884,0.0,0,0,0,0,2.337,0.0,0,0.0,0,0,0,0,0,3,0,1,1,1,0,12192.0,2,1,1,0,1,0,1,0,7.6,271.0,0,0,0,0,0,1
59000,124.989,0.0,0,0,1,0,30.884,0.0,0,0,1,0,2.342,0.052,1,0.0,0,0,1,1,0,3,0,1,0,0,0,12192.0,2,1,1,1,0,0,1,0,8.2,269.7,0,0,0,0,0,1
59100,124.989,0.0,0,0,1,0,30.884,0.0,0,0,1,0,2.353,0.103,1,0.0,0,0,1,1,0,3,0,1,0,0,0,12192.0,2,1,1,1,0,0,1,0,7.4,268.3,0,0,0,0,0,1
59200,124.989,0.0,0,0,1,0,30.884,0.0,0,0,1,0,2.368,0.155,1,0.0,0,0,1,1,0,3,0,1,0,0,0,12192.0,2,1,1,1,0,0,1,0,6.8,270.7,0,0,0,0,0,1
59300,124.989,0.0,0,0,1,0,30.884,0.0,0,0,1,0,2.389,0.207,1,0.0,0,0,1,1,0,3,0,1,0,0,0,12192.0,2,1,1,1,0,0,1,0,7.6,269.9,0,0,0,0,0,1
59400,124.989,0.0,0,0,1,0,30.884,0.0,0,0,1,0,2.415,0.258,1,0.0,0,0,1,1,0,3,0,1,0,0,0,12192.0,2,1,1,1,0,0,1,0,7.3,264.6,0,0,0,0,0,1
59500,124.989,0.0,0,0,1,0,30.884,0.0,0,0,1,0,2.446,0.31,1,0.0,0,0,1,1,0,3,0,1,0,0,0,12192.0,2,1,1,1,0,0,1,0,7.0,267.8,0,0,0,0,0,1
59600,124.989,0.0,0,0,1,0,30.884,0.0,0,0,1,0,2.482,0.362,1,0.0,0,0,1,1,0,3,0,1,0,0,0,12192.0,2,1,1,1,0,0,1,0,7.4,271.5,0,0,0,0,0,1
59700,124.989,0.0,0,0,1,0,30.884,0.0,0,0,1,0,2.523,0.414,1,0.0,0,0,1,1,0,3,0,1,0,0,0,12192.0,2,1,1,1,0,0,1,0,7.4,268.5,0,0,0,0,0,1
59800,124.989,0.0,0,0,1,0,30.884,0.0,0,0,1,0,2.57,0.465,1,0.0,0,0,1,1,0,3,0,1,0,0,0,12192.0,2,1,1,1,0,0,1,0,8.0,269.1,0,0,0,0,0,1
59900,124.989,0.0,0,0,1,0,30.884,0.0,0,0,1,0,2.622,0.517,1,0.0,0,0,1,1,0,3,0,1,0,0,0,12192.0,2,1,1,1,0,0,1,0,7.7,269.8,0,0,0,0,0,1
60000,124.989,0.0,0,0,1,0,30.884,0.0,0,0,1,0,2.678,0.569,1,0.0,0,0,1,1,0,3,0,1,0,0,0,12192.0,2,1,1,1,0,0,1,0,7.6,267.4,0,0,0,0,0,1
60100,124.989,0.0,0,0,1,0,30.884,0.0,0,0,1,0,2.741,0.62,1,0.0,0,0,1,1,0,3,0,1,0,0,0,12192.0,2,1,1,1,0,0,1,0,7.5,267.2,0,0,0,0,0,1
60200,124.989,0.0,0,0,1,0,30.884,0.0,0,0,1,0,2.808,0.672,1,0.0,0,0,1,1,0,3,0,1,0,0,0,12192.0,2,1,1,1,0,0,1,0,7.3,269.9,0,0,0,0,0,1
60300,124.989,0.0,0,0,1,0,30.884,0.0,0,0,1,0,2.88,0.724,1,0.0,0,0,1,1,0,3,0,1,0,0,0,12192.0,2,1,1,1,0,0,1,0,7.3,271.7,0,0,0,0,0,1
60400,124.989,0.0,0,0,1,0,30.884,0.0,0,0,1,0,2.958,0.775,1,0.0,0,0,1,1,0,3,0,1,0,0,0,12192.0,2,1,1,1,0,0,1,0,7.2,270.1,0,0,0,0,0,1
60500,124.989,0.0,0,0,1,0,30.884,0.0,0,0,1,0,3.04,0.827,1,0.0,0,0,1,1,0,3,0,1,0,0,0,12192.0,2,1,1,1,0,0,1,0,7.4,271.9,0,0,0,0,0,1
60600,124.989,0.0,0,0,1,0,30.884,0.0,0,0,1,0,3.128,0.879,1,0.0,0,0,1,1,0,3,0,1,0,0,0,12192.0,2,1,1,1,0,0,1,0,7.5,275.1,0,0,0,0,0,1
60700,124.989,0.0,0,0,1,0,30.884,0.0,0,0,1,0,3.221,0.931,1,0.0,0,0,1,1,0,3,0,1,0,0,0,12192.0,2,1,1,1,0,0,1,0,7.1,272.1,0,0,0,0,0,1
60800,124.989,0.0,0,0,1,0,30.884,0.0,0,0,1,0,3.319,0.982,1,0.0,0,0,1,1,0,3,0,1,0,0,0,12192.0,2,1,1,1,0,0,1,0,7.0,272.4,0,0,0,0,0,1
60900,124.989,0.0,0,0,1,0,30.884,0.0,0,0,1,0,3.423,1.034,1,0.0,0,0,1,1,0,3,0,1,0,0,0,12192.0,2,1,1,1,0,0,1,0,6.4,266.9,0,0,0,0,0,1
61000,124.989,0.0,0,0,1,0,30.884,0.0,0,0,1,0,3.531,1.086,1,0.0,0,0,1,1,0,3,0,1,0,0,0,12192.0,2,1,1,1,0,0,1,0,7.3,271.8,0,0,0,0,0,1
61100,124.989,0.0,0,0,1,0,30.884,0.0,0,0,1,0,3.645,1.137,1,0.0,0,0,1,1,0,3,0,1,0,0,0,12192.0,2,1,1,1,0,0,1,0,7.6,273.2,0,0,0,0,0,1
61200,124.989,0.0,0,0,1,0,30.884,0.0,0,0,1,0,3.764,1.189,1,0.0,0,0,1,1,0,3,0,1,0,0,0,12192.0,2,1,1,1,0,0,1,0,7.7,268.9,0,0,0,0,0,1
61300,124.989,0.0,0,0,1,0,30.884,0.0,0,0,1,0,3.888,1.241,1,0.0,0,0,1,1,0,3,0,1,0,0,0,12192.0,2,1,1,1,0,0,1,0,7.4,268.5,0,0,0,0,0,1
61400,124.989,0.0,0,0,1,0,30.884,0.0,0,0,1,0,4.013,1.252,1,0.0,0,0,1,1,0,3,0,1,0,0,0,12192.0,2,1,1,1,0,0,1,0,7.1,272.9,0,0,0,0,0,1
61500,124.989,0.0,0,0,1,0,30.884,0.0,0,0,1,0,4.138,1.252,1,0.0,0,0,1,1,0,3,0,1,0,0,0,12192.0,2,1,1,1,0,0,1,0,6.7,266.6,0,0,0,0,0,1
61600,124.989,0.0,0,0,1,0,30.884,0.0,0,0,1,0,4.264,1.252,1,0.0,0,0,1,1,0,3,0,1,0,0,0,12192.0,2,1,1,1,0,0,1,0,7.8,270.2,0,0,0,0,0,1
61700,124.989,0.0,0,0,1,0,30.884,0.0,0,0,1,0,4.389,1.252,1,0.0,0,0,1,1,0,3,0,1,0,0,0,12192.0,2,1,1,1,0,0,1,0,7.4,270.2,0,0,0,0,0,1
61800,124.989,0.0,0,0,1,0,30.884,0.0,0,0,1,0,4.514,1.252,1,0.0,0,0,1,1,0,3,0,1,0,0,0,12192.0,2,1,1,1,0,0,1,0,7.4,267.2,0,0,0,0,0,1
61900,124.989,0.0,0,0,1,0,30.884,0.0,0,0,1,0,4.639,1.252,1,0.0,0,0,1,1,0,3,0,1,0,0,0,12192.0,2,1,1,1,0,0,1,0,8.0,270.0,0,0,0,0,0,1
62000,124.989,0.0,0,0,1,0,30.884,0.0,0,0,1,0,4.764,1.252,1,0.0,0,0,1,1,0,3,0,1,0,0,0,12192.0,2,1,1,1,0,0,1,0,8.0,269.2,0,0,0,0,0,1
62100,124.989,0.0,0,0,1,0,30.884,0.0,0,0,1,0,4.889,1.252,1,0.0,0,0,1,1,0,3,0,1,0,0,0,12192.0,2,1,1,1,0,0,1,0,7.3,271.3,0,0,0,0,0,1
62200,124.989,0.0,0,0,1,0,30.884,0.0,0,0,1,0,5.015,1.252,1,0.0,0,0,1,1,0,3,0,1,0,0,0,12192.0,2,1,1,1,0,0,1,0,7.1,267.8,0,0,0,0,0,1
62300,124.989,0.0,0,0,1,0,30.884,0.0,0,0,1,0,5.14,1.252,1,0.0,0,0,1,1,0,3,0,1,0,0,0,12192.0,2,1,1,1,0,0,1,0,7.6,273.8,0,0,0,0,0,1
62400,124.989,0.0,0,0,1,0,30.884,0.0,0,0,1,0,5.265,1.252,1,0.0,0,0,1,1,0,3,0,1,0,0,0,12192.0,2,1,1,1,0,0,1,0,8.3,270.6,0,0,0,0,0,1
62500,124.989,0.0,0,0,1,0,30.884,0.0,0,0,1,0,5.39,1.252,1,0.0,0,0,1,1,0,3,0,1,0,0,0,12192.0,2,1,1,1,0,0,1,0,7.6,268.5,0,0,0,0,0,1
62600,124.989,0.0,0,0,1,0,30.884,0.0,0,0,1,0,5.515,1.252,1,0.0,0,0,1,1,0,3,0,1,0,0,0,12192.0,2,1,1,1,0,0,1,0,7.0,268.0,0,0,0,0,0,1
62700,124.989,0.0,0,0,1,0,30.884,0.0,0,0,1,0,5.64,1.252,1,0.0,0,0,1,1,0,3,0,1,0,0,0,12192.0,2,1,1,1,0,0,1,0,7.4,268.4,0,0,0,0,0,1
62800,124.989,0.0,0,0,1,0,30.884,0.0,0,0,1,0,5.765,1.252,1,0.0,0,0,1,1,0,3,0,1,0,0,0,12192.0,2,1,1,1,0,0,1,0,7.2,272.8,0,0,0,0,0,1
62900,124.989,0.0,0,0,1,0,30.884,0.0,0,0,1,0,5.891,1.252,1,0.0,0,0,1,1,0,3,0,1,0,0,0,12192.0,2,1,1,1,0,0,1,0,7.5,271.2,0,0,0,0,0,1
63000,124.989,0.0,0,0,1,0,30.884,0.0,0,0,1,0,6.016,1.252,1,0.0,0,0,1,1,0,3,0,1,0,0,0,12192.0,2,1,1,1,0,0,1,0,7.7,270.9,0,0,0,0,0,1
63100,124.989,0.0,0,0,1,0,30.884,0.0,0,0,1,0,6.141,1.252,1,0.0,0,0,1,1,0,3,0,1,0,0,0,12192.0,2,1,1,1,0,0,1,0,9.4,271.7,0,0,0,0,0,1
63200,124.989,0.0,0,0,1,0,30.884,0.0,0,0,1,0,6.266,1.252,1,0.0,0,0,1,1,0,3,0,1,0,0,0,12192.0,2,1,1,1,0,0,1,0,7.5,271.5,0,0,0,0,0,1
63300,124.989,0.0,0,0,1,0,30.884,0.0,0,0,1,0,6.391,1.252,1,0.0,0,0,1,1,0,3,0,1,0,0,0,12192.0,2,1,1,1,0,0,1,0,8.0,268.0,0,0,0,0,0,1
63400,124.989,0.0,0,0,1,0,30.884,0.0,0,0,1,0,6.516,1.252,1,0.0,0,0,1,1,0,3,0,1,0,0,0,12192.0,2,1,1,1,0,0,1,0,9.1,268.5,0,0,0,0,0,1
63500,124.989,0.0,0,0,1,0,30.884,0.0,0,0,1,0,6.642,1.252,1,0.0,0,0,1,1,0,3,0,1,0,0,0,12192.0,2,1,1,1,0,0,1,0,7.7,267.3,0,0,0,0,0,1
63600,124.989,0.0,0,0,1,0,30.884,0.0,0,0,1,0,6.767,1.252,1,0.0,0,0,1,1,0,3,0,1,0,0,0,12192.0,2,1,1,1,0,0,1,0,8.1,273.6,0,0,0,0,0,1
63700,124.989,0.0,0,0,1,0,30.884,0.0,0,0,1,0,6.892,1.252,1,0.0,0,0,1,1,0,3,0,1,0,0,0,12192.0,2,1,1,1,0,0,1,0,8.3,271.8,0,0,0,0,0,1
63800,124.989,0.0,0,0,1,0,30.884,0.0,0,0,1,0,7.017,1.252,1,0.0,0,0,1,1,0,3,0,1,0,0,0,12192.0,2,1,1,1,0,0,1,0,8.8,274.6,0,0,0,0,0,1
63900,124.989,0.0,0,0,1,0,30.884,0.0,0,0,1,0,7.142,1.252,1,0.0,0,0,1,1,0,3,0,1,0,0,0,12192.0,2,1,1,1,0,0,1,0,8.5,275.7,0,0,0,0,0,1
64000,124.989,0.0,0,0,1,0,30.884,0.0,0,0,1,0,7.267,1.252,1,0.0,0,0,1,1,0,3,0,1,0,0,0,12192.0,2,1,1,1,0,0,1,0,8.4,271.6,0,0,0,0,0,1
64100,124.989,0.0,0,0,1,0,30.884,0.0,0,0,1,0,7.392,1.252,1,0.0,0,0,1,1,0,3,0,1,0,0,0,12192.0,2,1,1,1,0,0,1,0,7.6,273.1,0,0,0,0,0,1
64200,124.989,0.0,0,0,1,0,30.884,0.0,0,0,1,0,7.518,1.252,1,0.0,0,0,1,1,0,3,0,1,0,0,0,12192.0,2,1,1,1,0,0,1,0,9.2,268.8,0,0,0,0,0,1
64300,124.989,0.0,0,0,1,0,30.884,0.0,0,0,1,0,7.643,1.252,1,0.0,0,0,1,1,0,3,0,1,0,0,0,12192.0,2,1,1,1,0,0,1,0,8.3,273.6,0,0,0,0,0,1
64400,124.989,0.0,0,0,1,0,30.884,0.0,0,0,1,0,7.768,1.252,1,0.0,0,0,1,1,0,3,0,1,0,0,0,12192.0,2,1,1,1,0,0,1,0,8.4,269.9,0,0,0,0,0,1
64500,124.989,0.0,0,0,1,0,30.884,0.0,0,0,1,0,7.893,1.252,1,0.0,0,0,1,1,0,3,0,1,0,0,0,12192.0,2,1,1,1,0,0,1,0,8.7,272.5,0,0,0,0,0,1
64600,124.989,0.0,0,0,1,0,30.884,0.0,0,0,1,0,8.018,1.252,1,0.0,0,0,1,1,0,3,0,1,0,0,0,12192.0,2,1,1,1,0,0,1,0,9.0,270.2,0,0,0,0,0,1
64700,124.989,0.0,0,0,1,0,30.884,0.0,0,0,1,0,8.143,1.252,1,0.0,0,0,1,1,0,3,0,1,0,0,0,12192.0,2,1,1,1,0,0,1,0,8.4,271.0,0,0,0,0,0,1
64800,124.989,0.0,0,0,1,0,30.884,0.0,0,0,1,0,8.269,1.252,1,0.0,0,0,1,1,0,3,0,1,0,0,0,12192.0,2,1,1,1,0,0,1,0,8.8,271.4,0,0,0,0,0,1
64900,124.989,0.0,0,0,1,0,30.884,0.0,0,0,1,0,8.394,1.252,1,0.0,0,0,1,1,0,3,0,1,0,0,0,12192.0,2,1,1,1,0,0,1,0,8.7,270.8,0,0,0,0,0,1
65000,124.989,0.0,0,0,1,0,30.884,0.0,0,0,1,0,8.519,1.252,1,0.0,0,0,1,1,0,3,0,1,0,0,0,12192.0,2,1,1,1,0,0,1,0,8.5,270.8,0,0,0,0,0,1
65100,124.989,0.0,0,0,1,0,30.884,0.0,0,0,1,0,8.644,1.252,1,0.0,0,0,1,1,0,3,0,1,0,0,0,12192.0,2,1,1,1,0,0,1,0,8.6,270.8,0,0,0,0,0,1
65200,124.989,0.0,0,0,1,0,30.884,0.0,0,0,1,0,8.769,1.252,1,0.0,0,0,1,1,0,3,0,1,0,0,0,12192.0,2,1,1,1,0,0,1,0,8.1,274.1,0,0,0,0,0,1
65300,124.989,0.0,0,0,1,0,30.884,0.0,0,0,1,0,8.894,1.252,1,0.0,0,0,1,1,0,3,0,1,0,0,0,12192.0,2,1,1,1,0,0,1,0,8.8,262.6,0,0,0,0,0,1
65400,124.989,0.0,0,0,1,0,30.884,0.0,0,0,1,0,9.02,1.252,1,0.0,0,0,1,1,0,3,0,1,0,0,0,12192.0,2,1,1,1,0,0,1,0,8.0,272.3,0,0,0,0,0,1
65500,124.989,0.0,0,0,1,0,30.884,0.0,0,0,1,0,9.145,1.252,1,0.0,0,0,1,1,0,3,0,1,0,0,0,12192.0,2,1,1,1,0,0,1,0,8.0,272.3,0,0,0,0,0,1
65600,124.989,0.0,0,0,1,0,30.884,0.0,0,0,1,0,9.27,1.252,1,0.0,0,0,1,1,0,3,0,1,0,0,0,12192.0,2,1,1,1,0,0,1,0,7.8,269.8,0,0,0,0,0,1
65700,124.989,0.0,0,0,1,0,30.884,0.0,0,0,1,0,9.395,1.252,1,0.0,0,0,1,1,0,3,0,1,0,0,0,12192.0,2,1,1,1,0,0,1,0,8.9,271.7,0,0,0,0,0,1
65800,124.989,0.0,0,0,1,0,30.884,0.0,0,0,1,0,9.52,1.252,1,0.0,0,0,1,1,0,3,0,1,0,0,0,12192.0,2,1,1,1,0,0,1,0,8.6,271.2,0,0,0,0,0,1
65900,124.989,0.0,0,0,1,0,30.884,0.0,0,0,1,0,9.645,1.252,1,0.0,0,0,1,1,0,3,0,1,0,0,0,12192.0,2,1,1,1,0,0,1,0,8.0,272.5,0,0,0,0,0,1
66000,124.989,0.0,0,0,1,0,30.884,0.0,0,0,1,0,9.77,1.252,1,0.0,0,0,1,1,0,3,0,1,0,0,0,12192.0,2,1,1,1,0,0,1,0,8.4,267.8,0,0,0,0,0,1
66100,124.989,0.0,0,0,1,0,30.884,0.0,0,0,1,0,9.896,1.252,1,0.0,0,0,1,1,0,3,0,1,0,0,0,12192.0,2,1,1,1,0,0,1,0,8.7,269.8,0,0,0,0,0,1
66200,124.989,0.0,0,0,1,0,30.884,0.0,0,0,1,0,10.021,1.252,1,0.0,0,0,1,1,0,3,0,1,0,0,0,12192.0,2,1,1,1,0,0,1,0,8.8,273.3,0,0,0,0,0,1
66300,124.989,0.0,0,0,1,0,30.884,0.0,0,0,1,0,10.146,1.252,1,0.0,0,0,1,1,0,3,0,1,0,0,0,12192.0,2,1,1,1,0,0,1,0,8.2,269.4,0,0,0,0,0,1
66400,124.989,0.0,0,0,1,0,30.884,0.0,0,0,1,0,10.271,1.252,1,0.0,0,0,1,1,0,3,0,1,0,0,0,12192.0,2,1,1,1,0,0,1,0,7.7,266.1,0,0,0,0,0,1
66500,124.989,0.0,0,0,1,0,30.884,0.0,0,0,1,0,10.396,1.252,1,0.0,0,0,1,1,0,3,0,1,0,0,0,12192.0,2,1,1,1,0,0,1,0,8.4,267.3,0,0,0,0,0,1
66600,124.989,0.0,0,0,1,0,30.884,0.0,0,0,1,0,10.521,1.252,1,0.0,0,0,1,1,0,3,0,1,0,0,0,12192.0,2,1,1,1,0,0,1,0,8.6,270.8,0,0,0,0,0,1
66700,124.989,0.0,0,0,1,0,30.884,0.0,0,0,1,0,10.647,1.252,1,0.0,0,0,1,1,0,3,0,1,0,0,0,12192.0,2,1,1,1,0,0,1,0,7.5,273.7,0,0,0,0,0,1
66800,124.989,0.0,0,0,1,0,30.884,0.0,0,0,1,0,10.772,1.252,1,0.0,0,0,1,1,0,3,0,1,0,0,0,12192.0,2,1,1,1,0,0,1,0,8.3,271.0,0,0,0,0,0,1
66900,124.989,0.0,0,0,1,0,30.884,0.0,0,0,1,0,10.897,1.252,1,0.0,0,0,1,1,0,3,0,1,0,0,0,12192.0,2,1,1,1,0,0,1,0,8.0,268.1,0,0,0,0,0,1
67000,124.989,0.0,0,0,1,0,30.884,0.0,0,0,1,0,11.022,1.252,1,0.0,0,0,1,1,0,3,0,1,0,0,0,12192.0,2,1,1,1,0,0,1,0,8.2,272.0,0,0,0,0,0,1
67100,124.989,0.0,0,0,1,0,30.884,0.0,0,0,1,0,11.147,1.252,1,0.0,0,0,1,1,0,3,0,1,0,0,0,12192.0,2,1,1,1,0,0,1,0,8.1,272.2,0,0,0,0,0,1
67200,124.989,0.0,0,0,1,0,30.884,0.0,0,0,1,0,11.272,1.252,1,0.0,0,0,1,1,0,3,0,1,0,0,0,12192.0,2,1,1,1,0,0,1,0,8.7,273.2,0,0,0,0,0,1
67300,124.989,0.0,0,0,1,0,30.884,0.0,0,0,1,0,11.397,1.252,1,0.0,0,0,1,1,0,3,0,1,0,0,0,12192.0,2,1,1,1,0,0,1,0,7.8,273.1,0,0,0,0,0,1
67400,124.989,0.0,0,0,1,0,30.884,0.0,0,0,1,0,11.523,1.252,1,0.0,0,0,1,1,0,3,0,1,0,0,0,12192.0,2,1,1,1,0,0,1,0,7.7,266.5,0,0,0,0,0,1
67500,124.989,0.0,0,0,1,0,30.884,0.0,0,0,1,0,11.648,1.252,1,0.0,0,0,1,1,0,3,0,1,0,0,0,12192.0,2,1,1,1,0,0,1,0,8.1,271.5,0,0,0,0,0,1
67600,124.989,0.0,0,0,1,0,30.884,0.0,0,0,1,0,11.773,1.252,1,0.0,0,0,1,1,0,3,0,1,0,0,0,12192.0,2,1,1,1,0,0,1,0,8.1,266.1,0,0,0,0,0,1
67700,124.989,0.0,0,0,1,0,30.884,0.0,0,0,1,0,11.898,1.252,1,0.0,0,0,1,1,0,3,0,1,0,0,0,12192.0,2,1,1,1,0,0,1,0,8.4,272.3,0,0,0,0,0,1
67800,124.989,0.0,0,0,1,0,30.884,0.0,0,0,1,0,12.023,1.252,1,0.0,0,0,1,1,0,3,0,1,0,0,0,12192.0,2,1,1,1,0,0,1,0,8.0,268.1,0,0,0,0,0,1
67900,124.989,0.0,0,0,1,0,30.884,0.0,0,0,1,0,12.148,1.252,1,0.0,0,0,1,1,0,3,0,1,0,0,0,12192.0,2,1,1,1,0,0,1,0,7.3,269.1,0,0,0,0,0,1
68000,124.989,0.0,0,0,1,0,30.884,0.0,0,0,1,0,12.274,1.252,1,0.0,0,0,1,1,0,3,0,1,0,0,0,12192.0,2,1,1,1,0,0,1,0,7.0,272.2,0,0,0,0,0,1
68100,124.989,0.0,0,0,1,0,30.884,0.0,0,0,1,0,12.399,1.252,1,0.0,0,0,1,1,0,3,0,1,0,0,0,12192.0,2,1,1,1,0,0,1,0,7.2,268.6,0,0,0,0,0,1
68200,124.989,0.0,0,0,1,0,30.884,0.0,0,0,1,0,12.524,1.252,1,0.0,0,0,1,1,0,3,0,1,0,0,0,12192.0,2,1,1,1,0,0,1,0,8.3,267.1,0,0,0,0,0,1
68300,124.989,0.0,0,0,1,0,30.884,0.0,0,0,1,0,12.649,1.252,1,0.0,0,0,1,1,0,3,0,1,0,0,0,12192.0,2,1,1,1,0,0,1,0,7.6,265.1,0,0,0,0,0,1
68400,124.989,0.0,0,0,1,0,30.884,0.0,0,0,1,0,12.774,1.252,1,0.0,0,0,1,1,0,3,0,1,0,0,0,12192.0,2,1,1,1,0,0,1,0,7.8,267.0,0,0,0,0,0,1
68500,124.989,0.0,0,0,1,0,30.884,0.0,0,0,1,0,12.899,1.252,1,0.0,0,0,1,1,0,3,0,1,0,0,0,12192.0,2,1,1,1,0,0,1,0,8.1,268.4,0,0,0,0,0,1
68600,124.989,0.0,0,0,1,0,30.884,0.0,0,0,1,0,13.025,1.252,1,0.0,0,0,1,1,0,3,0,1,0,0,0,12192.0,2,1,1,1,0,0,1,0,7.6,268.2,0,0,0,0,0,1
68700,124.989,0.0,0,0,1,0,30.884,0.0,0,0,1,0,13.15,1.252,1,0.0,0,0,1,1,0,3,0,1,0,0,0,12192.0,2,1,1,1,0,0,1,0,7.5,266.3,0,0,0,0,0,1
68800,124.989,0.0,0,0,1,0,30.884,0.0,0,0,1,0,13.275,1.252,1,0.0,0,0,1,1,0,3,0,1,0,0,0,12192.0,2,1,1,1,0,0,1,0,7.8,269.4,0,0,0,0,0,1
68900,124.989,0.0,0,0,1,0,30.884,0.0,0,0,1,0,13.4,1.252,1,0.0,0,0,1,1,0,3,0,1,0,0,0,12192.0,2,1,1,1,0,0,1,0,7.8,270.2,0,0,0,0,0,1
69000,124.989,0.0,0,0,1,0,30.884,0.0,0,0,1,0,13.525,1.252,1,0.0,0,0,1,1,0,3,0,1,0,0,0,12192.0,2,1,1,1,0,0,1,0,7.8,270.4,0,0,0,0,0,1
69100,124.989,0.0,0,0,1,0,30.884,0.0,0,0,1,0,13.65,1.252,1,0.0,0,0,1,1,0,3,0,1,0,0,0,12192.0,2,1,1,1,0,0,1,0,7.6,272.5,0,0,0,0,0,1
69200,124.989,0.0,0,0,1,0,30.884,0.0,0,0,1,0,13.775,1.252,1,0.0,0,0,1,1,0,3,0,1,0,0,0,12192.0,2,1,1,1,0,0,1,0,7.0,266.5,0,0,0,0,0,1
69300,124.989,0.0,0,0,1,0,30.884,0.0,0,0,1,0,13.901,1.252,1,0.0,0,0,1,1,0,3,0,1,0,0,0,12192.0,2,1,1,1,0,0,1,0,6.8,268.1,0,0,0,0,0,1
69400,124.989,0.0,0,0,1,0,30.884,0.0,0,0,1,0,14.026,1.252,1,0.0,0,0,1,1,0,3,0,1,0,0,0,12192.0,2,1,1,1,0,0,1,0,7.1,269.6,0,0,0,0,0,1
69500,124.989,0.0,0,0,1,0,30.884,0.0,0,0,1,0,14.151,1.252,1,0.0,0,0,1,1,0,3,0,1,0,0,0,12192.0,2,1,1,1,0,0,1,0,6.5,270.2,0,0,0,0,0,1
69600,124.989,0.0,0,0,1,0,30.884,0.0,0,0,1,0,14.276,1.252,1,0.0,0,0,1,1,0,3,0,1,0,0,0,12192.0,2,1,1,1,0,0,1,0,7.0,269.7,0,0,0,0,0,1
69700,124.989,0.0,0,0,1,0,30.884,0.0,0,0,1,0,14.401,1.252,1,0.0,0,0,1,1,0,3,0,1,0,0,0,12192.0,2,1,1,1,0,0,1,0,6.9,268.4,0,0,0,0,0,1
69800,124.989,0.0,0,0,1,0,30.884,0.0,0,0,1,0,14.526,1.252,1,0.0,0,0,1,1,0,3,0,1,0,0,0,12192.0,2,1,1,1,0,0,1,0,7.3,267.5,0,0,0,0,0,1
69900,124.989,0.0,0,0,1,0,30.884,0.0,0,0,1,0,14.652,1.252,1,0.0,0,0,1,1,0,3,0,1,0,0,0,12192.0,2,1,1,1,0,0,1,0,7.3,269.0,0,0,0,0,0,1
70000,124.989,0.0,0,0,1,0,30.884,0.0,0,0,1,0,14.777,1.252,1,0.0,0,0,1,1,0,3,0,1,0,0,0,12192.0,2,1,1,1,0,0,1,0,7.3,270.1,0,0,0,0,0,1
70100,124.989,0.0,0,0,1,0,30.884,0.0,0,0,1,0,14.902,1.252,1,0.0,0,0,1,1,0,3,0,1,0,0,0,12192.0,2,1,1,1,0,0,1,0,7.2,268.2,0,0,0,0,0,1
70200,124.989,0.0,0,0,1,0,30.884,0.0,0,0,1,0,15.027,1.252,1,0.0,0,0,1,1,0,3,0,1,0,0,0,12192.0,2,1,1,1,0,0,1,0,7.6,268.5,0,0,0,0,0,1
70300,124.989,0.0,0,0,1,0,30.884,0.0,0,0,1,0,15.152,1.252,1,0.0,0,0,1,1,0,3,0,1,0,0,0,12192.0,2,1,1,1,0,0,1,0,6.9,272.4,0,0,0,0,0,1
70400,124.989,0.0,0,0,1,0,30.884,0.0,0,0,1,0,15.277,1.252,1,0.0,0,0,1,1,0,3,0,1,0,0,0,12192.0,2,1,1,1,0,0,1,0,7.5,266.4,0,0,0,0,0,1
70500,124.989,0.0,0,0,1,0,30.884,0.0,0,0,1,0,15.402,1.252,1,0.0,0,0,1,1,0,3,0,1,0,0,0,12192.0,2,1,1,1,0,0,1,0,6.9,275.1,0,0,0,0,0,1
70600,124.989,0.0,0,0,1,0,30.884,0.0,0,0,1,0,15.528,1.252,1,0.0,0,0,1,1,0,3,0,1,0,0,0,12192.0,2,1,1,1,0,0,1,0,7.1,273.4,0,0,0,0,0,1
70700,124.989,0.0,0,0,1,0,30.884,0.0,0,0,1,0,15.653,1.252,1,0.0,0,0,1,1,0,3,0,1,0,0,0,12192.0,2,1,1,1,0,0,1,0,8.0,268.3,0,0,0,0,0,1
70800,124.989,0.0,0,0,1,0,30.884,0.0,0,0,1,0,15.778,1.252,1,0.0,0,0,1,1,0,3,0,1,0,0,0,12192.0,2,1,1,1,0,0,1,0,7.3,266.2,0,0,0,0,0,1
70900,124.989,0.0,0,0,1,0,30.884,0.0,0,0,1,0,15.903,1.252,1,0.0,0,0,1,1,0,3,0,1,0,0,0,12192.0,2,1,1,1,0,0,1,0,7.5,268.0,0,0,0,0,0,1
71000,124.989,0.0,0,0,1,0,30.884,0.0,0,0,1,0,16.028,1.252,1,0.0,0,0,1,1,0,3,0,1,0,0,0,12192.0,2,1,1,1,0,0,1,0,8.4,271.9,0,0,0,0,0,1
71100,124.989,0.0,0,0,1,0,30.884,0.0,0,0,1,0,16.153,1.252,1,0.0,0,0,1,1,0,3,0,1,0,0,0,12192.0,2,1,1,1,0,0,1,0,7.4,268.9,0,0,0,0,0,1
71200,124.989,0.0,0,0,1,0,30.884,0.0,0,0,1,0,16.279,1.252,1,0.0,0,0,1,1,0,3,0,1,0,0,0,12192.0,2,1,1,1,0,0,1,0,8.7,270.0,0,0,0,0,0,1
71300,124.989,0.0,0,0,1,0,30.884,0.0,0,0,1,0,16.404,1.252,1,0.0,0,0,1,1,0,3,0,1,0,0,0,12192.0,2,1,1,1,0,0,1,0,9.1,271.7,0,0,0,0,0,1
71400,124.989,0.0,0,0,1,0,30.884,0.0,0,0,1,0,16.529,1.252,1,0.0,0,0,1,1,0,3,0,1,0,0,0,12192.0,2,1,1,1,0,0,1,0,8.1,267.0,0,0,0,0,0,1
71500,124.989,0.0,0,0,1,0,30.884,0.0,0,0,1,0,16.654,1.252,1,0.0,0,0,1,1,0,3,0,1,0,0,0,12192.0,2,1,1,1,0,0,1,0,6.7,274.2,0,0,0,0,0,1
71600,124.989,0.0,0,0,1,0,30.884,0.0,0,0,1,0,16.779,1.252,1,0.0,0,0,1,1,0,3,0,1,0,0,0,12192.0,2,1,1,1,0,0,1,0,7.8,269.6,0,0,0,0,0,1
71700,124.989,0.0,0,0,1,0,30.884,0.0,0,0,1,0,16.904,1.252,1,0.0,0,0,1,1,0,3,0,1,0,0,0,12192.0,2,1,1,1,0,0,1,0,7.5,270.4,0,0,0,0,0,1
71800,124.989,0.0,0,0,1,0,30.884,0.0,0,0,1,0,17.029,1.252,1,0.0,0,0,1,1,0,3,0,1,0,0,0,12192.0,2,1,1,1,0,0,1,0,7.4,265.8,0,0,0,0,0,1
71900,124.989,0.0,0,0,1,0,30.884,0.0,0,0,1,0,17.155,1.252,1,0.0,0,0,1,1,0,3,0,1,0,0,0,12192.0,2,1,1,1,0,0,1,0,8.0,268.0,0,0,0,0,0,1
72000,124.989,0.0,0,0,1,0,30.884,0.0,0,0,1,0,17.275,1.2,1,0.0,0,0,1,1,0,3,0,1,0,0,0,12192.0,2,1,1,1,0,0,1,0,7.9,268.1,0,0,0,0,0,1
72100,124.989,0.0,0,0,1,0,30.884,0.0,0,0,1,0,17.395,1.201,1,0.0,0,0,1,1,0,3,0,1,0,0,0,12192.0,2,1,1,1,0,0,1,0,8.7,272.8,0,0,0,0,0,1
72200,124.989,0.0,0,0,1,0,30.884,0.0,0,0,1,0,17.509,1.148,1,0.0,0,0,1,1,0,3,0,1,0,0,0,12192.0,2,1,1,1,0,0,1,0,8.2,270.9,0,0,0,0,0,1
72300,124.989,0.0,0,0,1,0,30.884,0.0,0,0,1,0,17.619,1.095,1,0.0,0,0,1,1,0,3,0,1,0,0,0,12192.0,2,1,1,1,0,0,1,0,7.8,269.6,0,0,0,0,0,1
72400,124.989,0.0,0,0,1,0,30.884,0.0,0,0,1,0,17.723,1.042,1,0.0,0,0,1,1,0,3,0,1,0,0,0,12192.0,2,1,1,1,0,0,1,0,8.3,272.6,0,0,0,0,0,1
72500,124.989,0.0,0,0,1,0,30.884,0.0,0,0,1,0,17.822,0.989,1,0.0,0,0,1,1,0,3,0,1,0,0,0,12192.0,2,1,1,1,0,0,1,0,8.4,269.6,0,0,0,0,0,1
72600,124.989,0.0,0,0,1,0,30.884,0.0,0,0,1,0,17.916,0.936,1,0.0,0,0,1,1,0,3,0,1,0,0,0,12192.0,2,1,1,1,0,0,1,0,8.3,269.1,0,0,0,0,0,1
72700,124.989,0.0,0,0,1,0,30.884,0.0,0,0,1,0,18.004,0.883,1,0.0,0,0,1,1,0,3,0,1,0,0,0,12192.0,2,1,1,1,0,0,1,0,7.4,272.6,0,0,0,0,0,1
72800,124.989,0.0,0,0,1,0,30.884,0.0,0,0,1,0,18.087,0.829,1,0.0,0,0,1,1,0,3,0,1,0,0,0,12192.0,2,1,1,1,0,0,1,0,8.7,271.4,0,0,0,0,0,1
72900,124.989,0.0,0,0,1,0,30.884,0.0,0,0,1,0,18.164,0.776,1,0.0,0,0,1,1,0,3,0,1,0,0,0,12192.0,2,1,1,1,0,0,1,0,8.5,269.0,0,0,0,0,0,1
73000,124.989,0.0,0,0,1,0,30.884,0.0,0,0,1,0,18.237,0.722,1,0.0,0,0,1,1,0,3,0,1,0,0,0,12192.0,2,1,1,1,0,0,1,0,8.3,274.1,0,0,0,0,0,1
73100,124.989,0.0,0,0,1,0,30.884,0.0,0,0,1,0,18.303,0.669,1,0.0,0,0,1,1,0,3,0,1,0,0,0,12192.0,2,1,1,1,0,0,1,0,8.4,269.4,0,0,0,0,0,1
73200,124.989,0.0,0,0,1,0,30.884,0.0,0,0,1,0,18.365,0.615,1,0.0,0,0,1,1,0,3,0,1,0,0,0,12192.0,2,1,1,1,0,0,1,0,8.5,271.9,0,0,0,0,0,1
73300,124.989,0.0,0,0,1,0,30.884,0.0,0,0,1,0,18.421,0.561,1,0.0,0,0,1,1,0,3,0,1,0,0,0,12192.0,2,1,1,1,0,0,1,0,8.5,266.9,0,0,0,0,0,1
73400,124.989,0.0,0,0,1,0,30.884,0.0,0,0,1,0,18.472,0.506,1,0.0,0,0,1,1,0,3,0,1,0,0,0,12192.0,2,1,1,1,0,0,1,0,8.1,268.8,0,0,0,0,0,1
73500,124.989,0.0,0,0,1,0,30.884,0.0,0,0,1,0,18.517,0.452,1,0.0,0,0,1,1,0,3,0,1,0,0,0,12192.0,2,1,1,1,0,0,1,0,8.5,273.6,0,0,0,0,0,1
73600,124.989,0.0,0,0,1,0,30.884,0.0,0,0,1,0,18.556,0.397,1,0.0,0,0,1,1,0,3,0,1,0,0,0,12192.0,2,1,1,1,0,0,1,0,8.6,274.4,0,0,0,0,0,1
73700,124.989,0.0,0,0,1,0,30.884,0.0,0,0,1,0,18.591,0.341,1,0.0,0,0,1,1,0,3,0,1,0,0,0,12192.0,2,1,1,1,0,0,1,0,8.3,271.4,0,0,0,0,0,1
73800,124.989,0.0,0,0,1,0,30.884,0.0,0,0,1,0,18.619,0.285,1,0.0,0,0,1,1,0,3,0,1,0,0,0,12192.0,2,1,1,1,0,0,1,0,8.3,272.5,0,0,0,0,0,1
73900,124.989,0.0,0,0,1,0,30.884,0.0,0,0,1,0,18.642,0.227,1,0.0,0,0,1,1,0,3,0,1,0,0,0,12192.0,2,1,1,1,0,0,1,0,8.0,272.3,0,0,0,0,0,1
74000,124.989,0.0,0,0,1,0,30.884,0.0,0,0,1,0,18.659,0.168,1,0.0,0,0,1,1,0,3,0,1,0,0,0,12192.0,2,1,1,1,0,0,1,0,8.6,270.1,0,0,0,0,0,1
74100,124.989,0.0,0,0,1,0,30.884,0.0,0,0,1,0,18.669,0.104,1,0.0,0,0,1,1,0,3,0,1,0,0,0,12192.0,2,1,1,1,0,0,1,0,8.2,270.9,0,0,0,0,0,1
74200,124.989,0.0,0,0,0,0,30.884,0.0,0,0,0,0,18.674,0.0,0,0.0,0,0,0,0,0,3,0,1,0,0,0,12192.0,2,1,1,0,1,0,1,0,8.2,270.5,0,0,0,0,0,1
