t_ms,GT_Position,GT_Velocity,GT_Direction,GT_Running,GT_Brake_Released,GT_Motor_Alarm,TR_Position,TR_Velocity,TR_Direction,TR_Running,TR_Brake_Released,TR_Motor_Alarm,HO_Position,HO_Velocity,HO_Direction,HO_Load,HO_Overload_Alarm,HO_Snag_Alarm,HO_Running,HO_Brake_Released,HO_Motor_Alarm,SP_Mode,SP_TwistLock_Locked,SP_TwistLock_Unlocked,SP_Landed,SP_Container_Detected,SP_Mismatch_Alarm,SP_Telescopic_Position,OP_Mode,OP_Power_On,OP_Ready,OP_Running,OP_Standby,OP_Emergency_Stop,OP_AntiSway_Active,OP_Cycle_Count_Today,ENV_Wind_Speed,ENV_Wind_Direction,ENV_Wind_Alarm,ALM_Active,ALM_Latest_Code,ALM_Latest_Severity,ALM_Latest_Source,COM_Link_Status
0,124.989,0.0,0,0,1,0,23.886,0.064,1,1,1,0,39.195,-0.047,0,0.0,0,0,1,1,0,1,0,1,0,0,0,12192.0,2,1,1,1,0,0,1,0,8.3,270.6,0,0,0,0,0,1
100,124.989,0.0,0,0,1,0,23.899,0.128,1,1,1,0,39.186,-0.094,0,0.0,0,0,1,1,0,1,0,1,0,0,0,12192.0,2,1,1,1,0,0,1,0,7.1,268.9,0,0,0,0,0,1
200,124.989,0.0,0,0,1,0,23.918,0.192,1,1,1,0,39.172,-0.142,0,0.0,0,0,1,1,0,1,0,1,0,0,0,12192.0,2,1,1,1,0,0,1,0,8.8,270.3,0,0,0,0,0,1
300,124.989,0.0,0,0,1,0,23.944,0.256,1,1,1,0,39.153,-0.189,0,0.0,0,0,1,1,0,1,0,1,0,0,0,12192.0,2,1,1,1,0,0,1,0,8.1,269.2,0,0,0,0,0,1
400,124.989,0.0,0,0,1,0,23.976,0.32,1,1,1,0,39.129,-0.236,0,0.0,0,0,1,1,0,1,0,1,0,0,0,12192.0,2,1,1,1,0,0,1,0,8.5,268.4,0,0,0,0,0,1
500,124.989,0.0,0,0,1,0,24.014,0.384,1,1,1,0,39.101,-0.283,0,0.0,0,0,1,1,0,1,0,1,0,0,0,12192.0,2,1,1,1,0,0,1,0,8.1,267.2,0,0,0,0,0,1
600,124.989,0.0,0,0,1,0,24.059,0.448,1,1,1,0,39.068,-0.331,0,0.0,0,0,1,1,0,1,0,1,0,0,0,12192.0,2,1,1,1,0,0,1,0,8.3,269.9,0,0,0,0,0,1
700,124.989,0.0,0,0,1,0,24.111,0.512,1,1,1,0,39.03,-0.378,0,0.0,0,0,1,1,0,1,0,1,0,0,0,12192.0,2,1,1,1,0,0,1,0,8.2,265.0,0,0,0,0,0,1
800,124.989,0.0,0,0,1,0,24.168,0.576,1,1,1,0,38.987,-0.425,0,0.0,0,0,1,1,0,1,0,1,0,0,0,12192.0,2,1,1,1,0,0,1,0,9.1,271.3,0,0,0,0,0,1
900,124.989,0.0,0,0,1,0,24.232,0.64,1,1,1,0,38.94,-0.472,0,0.0,0,0,1,1,0,1,0,1,0,0,0,12192.0,2,1,1,1,0,0,1,0,8.9,268.8,0,0,0,0,0,1
1000,124.989,0.0,0,0,1,0,24.303,0.704,1,1,1,0,38.888,-0.52,0,0.0,0,0,1,1,0,1,0,1,0,0,0,12192.0,2,1,1,1,0,0,1,0,8.3,268.7,0,0,0,0,0,1
1100,124.989,0.0,0,0,1,0,24.38,0.768,1,1,1,0,38.832,-0.567,0,0.0,0,0,1,1,0,1,0,1,0,0,0,12192.0,2,1,1,1,0,0,1,0,8.5,273.2,0,0,0,0,0,1
1200,124.989,0.0,0,0,1,0,24.463,0.833,1,1,1,0,38.77,-0.614,0,0.0,0,0,1,1,0,1,0,1,0,0,0,12192.0,2,1,1,1,0,0,1,0,9.1,270.5,0,0,0,0,0,1
1300,124.989,0.0,0,0,1,0,24.552,0.897,1,1,1,0,38.704,-0.661,0,0.0,0,0,1,1,0,1,0,1,0,0,0,12192.0,2,1,1,1,0,0,1,0,8.1,269.1,0,0,0,0,0,1
1400,124.989,0.0,0,0,1,0,24.648,0.961,1,1,1,0,38.633,-0.709,0,0.0,0,0,1,1,0,1,0,1,0,0,0,12192.0,2,1,1,1,0,0,1,0,8.3,269.8,0,0,0,0,0,1
1500,124.989,0.0,0,0,1,0,24.751,1.025,1,1,1,0,38.558,-0.756,0,0.0,0,0,1,1,0,1,0,1,0,0,0,12192.0,2,1,1,1,0,0,1,0,8.1,266.9,0,0,0,0,0,1
1600,124.989,0.0,0,0,1,0,24.86,1.089,1,1,1,0,38.477,-0.803,0,0.0,0,0,1,1,0,1,0,1,0,0,0,12192.0,2,1,1,1,0,0,1,0,7.9,266.3,0,0,0,0,0,1
1700,124.989,0.0,0,0,1,0,24.975,1.153,1,1,1,0,38.392,-0.85,0,0.0,0,0,1,1,0,1,0,1,0,0,0,12192.0,2,1,1,1,0,0,1,0,8.3,270.4,0,0,0,0,0,1
1800,124.989,0.0,0,0,1,0,25.097,1.217,1,1,1,0,38.303,-0.897,0,0.0,0,0,1,1,0,1,0,1,0,0,0,12192.0,2,1,1,1,0,0,1,0,8.8,271.7,0,0,0,0,0,1
1900,124.989,0.0,0,0,1,0,25.225,1.281,1,1,1,0,38.208,-0.945,0,0.0,0,0,1,1,0,1,0,1,0,0,0,12192.0,2,1,1,1,0,0,1,0,8.7,269.6,0,0,0,0,0,1
2000,124.989,0.0,0,0,1,0,25.359,1.345,1,1,1,0,38.109,-0.992,0,0.0,0,0,1,1,0,1,0,1,0,0,0,12192.0,2,1,1,1,0,0,1,0,8.6,269.6,0,0,0,0,0,1
2100,124.989,0.0,0,0,1,0,25.5,1.409,1,1,1,0,38.005,-1.039,0,0.0,0,0,1,1,0,1,0,1,0,0,0,12192.0,2,1,1,1,0,0,1,0,8.2,268.5,0,0,0,0,0,1
2200,124.989,0.0,0,0,1,0,25.648,1.473,1,1,1,0,37.896,-1.086,0,0.0,0,0,1,1,0,1,0,1,0,0,0,12192.0,2,1,1,1,0,0,1,0,9.1,272.7,0,0,0,0,0,1
2300,124.989,0.0,0,0,1,0,25.801,1.537,1,1,1,0,37.783,-1.134,0,0.0,0,0,1,1,0,1,0,1,0,0,0,12192.0,2,1,1,1,0,0,1,0,8.2,272.0,0,0,0,0,0,1
2400,124.989,0.0,0,0,1,0,25.961,1.601,1,1,1,0,37.665,-1.181,0,0.0,0,0,1,1,0,1,0,1,0,0,0,12192.0,2,1,1,1,0,0,1,0,9.3,269.2,0,0,0,0,0,1
2500,124.989,0.0,0,0,1,0,26.128,1.665,1,1,1,0,37.542,-1.227,0,0.0,0,0,1,1,0,1,0,1,0,0,0,12192.0,2,1,1,1,0,0,1,0,9.6,271.3,0,0,0,0,0,1
2600,124.989,0.0,0,0,1,0,26.301,1.729,1,1,1,0,37.42,-1.227,0,0.0,0,0,1,1,0,1,0,1,0,0,0,12192.0,2,1,1,1,0,0,1,0,8.3,265.9,0,0,0,0,0,1
2700,124.989,0.0,0,0,1,0,26.48,1.793,1,1,1,0,37.297,-1.227,0,0.0,0,0,1,1,0,1,0,1,0,0,0,12192.0,2,1,1,1,0,0,1,0,7.9,269.9,0,0,0,0,0,1
2800,124.989,0.0,0,0,1,0,26.666,1.857,1,1,1,0,37.174,-1.227,0,0.0,0,0,1,1,0,1,0,1,0,0,0,12192.0,2,1,1,1,0,0,1,0,8.6,274.9,0,0,0,0,0,1
2900,124.989,0.0,0,0,1,0,26.858,1.921,1,1,1,0,37.052,-1.227,0,0.0,0,0,1,1,0,1,0,1,0,0,0,12192.0,2,1,1,1,0,0,1,0,7.9,271.3,0,0,0,0,0,1
3000,124.989,0.0,0,0,1,0,27.056,1.985,1,1,1,0,36.929,-1.227,0,0.0,0,0,1,1,0,1,0,1,0,0,0,12192.0,2,1,1,1,0,0,1,0,8.3,266.9,0,0,0,0,0,1
3100,124.989,0.0,0,0,1,0,27.261,2.049,1,1,1,0,36.806,-1.227,0,0.0,0,0,1,1,0,1,0,1,0,0,0,12192.0,2,1,1,1,0,0,1,0,8.0,272.5,0,0,0,0,0,1
3200,124.989,0.0,0,0,1,0,27.473,2.113,1,1,1,0,36.684,-1.227,0,0.0,0,0,1,1,0,1,0,1,0,0,0,12192.0,2,1,1,1,0,0,1,0,8.1,267.4,0,0,0,0,0,1
3300,124.989,0.0,0,0,1,0,27.69,2.177,1,1,1,0,36.561,-1.227,0,0.0,0,0,1,1,0,1,0,1,0,0,0,12192.0,2,1,1,1,0,0,1,0,8.8,266.5,0,0,0,0,0,1
3400,124.989,0.0,0,0,1,0,27.902,2.113,1,1,1,0,36.438,-1.227,0,0.0,0,0,1,1,0,1,0,1,0,0,0,12192.0,2,1,1,1,0,0,1,0,8.6,272.9,0,0,0,0,0,1
3500,124.989,0.0,0,0,1,0,28.107,2.049,1,1,1,0,36.315,-1.227,0,0.0,0,0,1,1,0,1,0,1,0,0,0,12192.0,2,1,1,1,0,0,1,0,8.2,271.8,0,0,0,0,0,1
3600,124.989,0.0,0,0,1,0,28.305,1.985,1,1,1,0,36.193,-1.227,0,0.0,0,0,1,1,0,1,0,1,0,0,0,12192.0,2,1,1,1,0,0,1,0,8.4,274.7,0,0,0,0,0,1
3700,124.989,0.0,0,0,1,0,28.497,1.921,1,1,1,0,36.07,-1.227,0,0.0,0,0,1,1,0,1,0,1,0,0,0,12192.0,2,1,1,1,0,0,1,0,9.1,268.8,0,0,0,0,0,1
3800,124.989,0.0,0,0,1,0,28.683,1.857,1,1,1,0,35.947,-1.227,0,0.0,0,0,1,1,0,1,0,1,0,0,0,12192.0,2,1,1,1,0,0,1,0,8.5,268.0,0,0,0,0,0,1
3900,124.989,0.0,0,0,1,0,28.862,1.792,1,1,1,0,35.825,-1.227,0,0.0,0,0,1,1,0,1,0,1,0,0,0,12192.0,2,1,1,1,0,0,1,0,8.7,271.3,0,0,0,0,0,1
4000,124.989,0.0,0,0,1,0,29.035,1.727,1,1,1,0,35.702,-1.227,0,0.0,0,0,1,1,0,1,0,1,0,0,0,12192.0,2,1,1,1,0,0,1,0,8.5,271.6,0,0,0,0,0,1
4100,124.989,0.0,0,0,1,0,29.201,1.661,1,1,1,0,35.579,-1.227,0,0.0,0,0,1,1,0,1,0,1,0,0,0,12192.0,2,1,1,1,0,0,1,0,7.9,270.3,0,0,0,0,0,1
4200,124.989,0.0,0,0,1,0,29.361,1.596,1,1,1,0,35.457,-1.227,0,0.0,0,0,1,1,0,1,0,1,0,0,0,12192.0,2,1,1,1,0,0,1,0,8.8,268.5,0,0,0,0,0,1
4300,124.989,0.0,0,0,1,0,29.514,1.531,1,1,1,0,35.334,-1.227,0,0.0,0,0,1,1,0,1,0,1,0,0,0,12192.0,2,1,1,1,0,0,1,0,8.2,270.4,0,0,0,0,0,1
4400,124.989,0.0,0,0,1,0,29.66,1.465,1,1,1,0,35.211,-1.227,0,0.0,0,0,1,1,0,1,0,1,0,0,0,12192.0,2,1,1,1,0,0,1,0,8.0,272.7,0,0,0,0,0,1
4500,124.989,0.0,0,0,1,0,29.8,1.4,1,1,1,0,35.089,-1.227,0,0.0,0,0,1,1,0,1,0,1,0,0,0,12192.0,2,1,1,1,0,0,1,0,8.4,268.5,0,0,0,0,0,1
4600,124.989,0.0,0,0,1,0,29.934,1.334,1,1,1,0,34.966,-1.227,0,0.0,0,0,1,1,0,1,0,1,0,0,0,12192.0,2,1,1,1,0,0,1,0,8.2,267.9,0,0,0,0,0,1
4700,124.989,0.0,0,0,1,0,30.06,1.268,1,1,1,0,34.843,-1.227,0,0.0,0,0,1,1,0,1,0,1,0,0,0,12192.0,2,1,1,1,0,0,1,0,7.9,268.7,0,0,0,0,0,1
4800,124.989,0.0,0,0,1,0,30.181,1.203,1,1,1,0,34.721,-1.227,0,0.0,0,0,1,1,0,1,0,1,0,0,0,12192.0,2,1,1,1,0,0,1,0,7.6,271.2,0,0,0,0,0,1
4900,124.989,0.0,0,0,1,0,30.294,1.137,1,1,1,0,34.598,-1.227,0,0.0,0,0,1,1,0,1,0,1,0,0,0,12192.0,2,1,1,1,0,0,1,0,7.8,269.3,0,0,0,0,0,1
5000,124.989,0.0,0,0,1,0,30.401,1.071,1,1,1,0,34.475,-1.227,0,0.0,0,0,1,1,0,1,0,1,0,0,0,12192.0,2,1,1,1,0,0,1,0,7.5,270.9,0,0,0,0,0,1
5100,124.989,0.0,0,0,1,0,30.502,1.005,1,1,1,0,34.353,-1.227,0,0.0,0,0,1,1,0,1,0,1,0,0,0,12192.0,2,1,1,1,0,0,1,0,7.8,270.5,0,0,0,0,0,1
5200,124.989,0.0,0,0,1,0,30.596,0.939,1,1,1,0,34.23,-1.227,0,0.0,0,0,1,1,0,1,0,1,0,0,0,12192.0,2,1,1,1,0,0,1,0,7.5,270.2,0,0,0,0,0,1
5300,124.989,0.0,0,0,1,0,30.683,0.872,1,1,1,0,34.107,-1.227,0,0.0,0,0,1,1,0,1,0,1,0,0,0,12192.0,2,1,1,1,0,0,1,0,7.4,265.9,0,0,0,0,0,1
5400,124.989,0.0,0,0,1,0,30.764,0.806,1,1,1,0,33.985,-1.227,0,0.0,0,0,1,1,0,1,0,1,0,0,0,12192.0,2,1,1,1,0,0,1,0,7.6,275.0,0,0,0,0,0,1
5500,124.989,0.0,0,0,1,0,30.837,0.739,1,1,1,0,33.862,-1.227,0,0.0,0,0,1,1,0,1,0,1,0,0,0,12192.0,2,1,1,1,0,0,1,0,7.3,272.6,0,0,0,0,0,1
5600,124.989,0.0,0,0,1,0,30.905,0.672,1,1,1,0,33.739,-1.227,0,0.0,0,0,1,1,0,1,0,1,0,0,0,12192.0,2,1,1,1,0,0,1,0,7.1,274.1,0,0,0,0,0,1
5700,124.989,0.0,0,0,1,0,30.965,0.604,1,1,1,0,33.617,-1.227,0,0.0,0,0,1,1,0,1,0,1,0,0,0,12192.0,2,1,1,1,0,0,1,0,8.3,274.2,0,0,0,0,0,1
5800,124.989,0.0,0,0,1,0,31.019,0.536,1,1,1,0,33.494,-1.227,0,0.0,0,0,1,1,0,1,0,1,0,0,0,12192.0,2,1,1,1,0,0,1,0,7.0,268.2,0,0,0,0,0,1
5900,124.989,0.0,0,0,1,0,31.065,0.468,1,1,1,0,33.371,-1.227,0,0.0,0,0,1,1,0,1,0,1,0,0,0,12192.0,2,1,1,1,0,0,1,0,8.0,269.2,0,0,0,0,0,1
6000,124.989,0.0,0,0,1,0,31.105,0.399,1,1,1,0,33.249,-1.227,0,0.0,0,0,1,1,0,1,0,1,0,0,0,12192.0,2,1,1,1,0,0,1,0,7.9,270.2,0,0,0,0,0,1
6100,124.989,0.0,0,0,1,0,31.138,0.329,1,1,1,0,33.126,-1.227,0,0.0,0,0,1,1,0,1,0,1,0,0,0,12192.0,2,1,1,1,0,0,1,0,7.4,270.3,0,0,0,0,0,1
6200,124.989,0.0,0,0,1,0,31.164,0.257,1,1,1,0,33.003,-1.227,0,0.0,0,0,1,1,0,1,0,1,0,0,0,12192.0,2,1,1,1,0,0,1,0,8.0,269.6,0,0,0,0,0,1
6300,124.989,0.0,0,0,1,0,31.182,0.182,1,1,1,0,32.881,-1.227,0,0.0,0,0,1,1,0,1,0,1,0,0,0,12192.0,2,1,1,1,0,0,1,0,8.3,269.7,0,0,0,0,0,1
6400,124.989,0.0,0,0,1,0,31.192,0.099,1,1,1,0,32.758,-1.227,0,0.0,0,0,1,1,0,1,0,1,0,0,0,12192.0,2,1,1,1,0,0,1,0,7.9,272.4,0,0,0,0,0,1
6500,124.989,0.0,0,0,1,0,31.195,0.0,0,0,1,0,32.635,-1.227,0,0.0,0,0,1,1,0,1,0,1,0,0,0,12192.0,2,1,1,1,0,0,1,0,7.6,273.1,0,0,0,0,0,1
6600,124.989,0.0,0,0,1,0,31.195,0.0,0,0,1,0,32.513,-1.227,0,0.0,0,0,1,1,0,1,0,1,0,0,0,12192.0,2,1,1,1,0,0,1,0,6.2,268.5,0,0,0,0,0,1
6700,124.989,0.0,0,0,1,0,31.195,0.0,0,0,1,0,32.39,-1.227,0,0.0,0,0,1,1,0,1,0,1,0,0,0,12192.0,2,1,1,1,0,0,1,0,7.2,273.5,0,0,0,0,0,1
6800,124.989,0.0,0,0,1,0,31.195,0.0,0,0,1,0,32.267,-1.227,0,0.0,0,0,1,1,0,1,0,1,0,0,0,12192.0,2,1,1,1,0,0,1,0,7.8,266.7,0,0,0,0,0,1
6900,124.989,0.0,0,0,1,0,31.195,0.0,0,0,1,0,32.144,-1.227,0,0.0,0,0,1,1,0,1,0,1,0,0,0,12192.0,2,1,1,1,0,0,1,0,8.0,272.6,0,0,0,0,0,1
7000,124.989,0.0,0,0,1,0,31.195,0.0,0,0,1,0,32.022,-1.227,0,0.0,0,0,1,1,0,1,0,1,0,0,0,12192.0,2,1,1,1,0,0,1,0,7.7,268.7,0,0,0,0,0,1
7100,124.989,0.0,0,0,1,0,31.195,0.0,0,0,1,0,31.899,-1.227,0,0.0,0,0,1,1,0,1,0,1,0,0,0,12192.0,2,1,1,1,0,0,1,0,7.2,268.4,0,0,0,0,0,1
7200,124.989,0.0,0,0,1,0,31.195,0.0,0,0,1,0,31.776,-1.227,0,0.0,0,0,1,1,0,1,0,1,0,0,0,12192.0,2,1,1,1,0,0,1,0,6.8,268.2,0,0,0,0,0,1
7300,124.989,0.0,0,0,1,0,31.195,0.0,0,0,1,0,31.654,-1.227,0,0.0,0,0,1,1,0,1,0,1,0,0,0,12192.0,2,1,1,1,0,0,1,0,8.1,274.0,0,0,0,0,0,1
7400,124.989,0.0,0,0,1,0,31.195,0.0,0,0,1,0,31.531,-1.227,0,0.0,0,0,1,1,0,1,0,1,0,0,0,12192.0,2,1,1,1,0,0,1,0,8.3,266.3,0,0,0,0,0,1
7500,124.989,0.0,0,0,1,0,31.195,0.0,0,0,1,0,31.408,-1.227,0,0.0,0,0,1,1,0,1,0,1,0,0,0,12192.0,2,1,1,1,0,0,1,0,8.1,271.3,0,0,0,0,0,1
7600,124.989,0.0,0,0,1,0,31.195,0.0,0,0,1,0,31.286,-1.227,0,0.0,0,0,1,1,0,1,0,1,0,0,0,12192.0,2,1,1,1,0,0,1,0,7.3,267.4,0,0,0,0,0,1
7700,124.989,0.0,0,0,1,0,31.195,0.0,0,0,1,0,31.163,-1.227,0,0.0,0,0,1,1,0,1,0,1,0,0,0,12192.0,2,1,1,1,0,0,1,0,7.8,272.1,0,0,0,0,0,1
7800,124.989,0.0,0,0,1,0,31.195,0.0,0,0,1,0,31.04,-1.227,0,0.0,0,0,1,1,0,1,0,1,0,0,0,12192.0,2,1,1,1,0,0,1,0,7.2,271.2,0,0,0,0,0,1
7900,124.989,0.0,0,0,1,0,31.195,0.0,0,0,1,0,30.918,-1.227,0,0.0,0,0,1,1,0,1,0,1,0,0,0,12192.0,2,1,1,1,0,0,1,0,7.9,270.1,0,0,0,0,0,1
8000,124.989,0.0,0,0,1,0,31.195,0.0,0,0,1,0,30.795,-1.227,0,0.0,0,0,1,1,0,1,0,1,0,0,0,12192.0,2,1,1,1,0,0,1,0,8.4,269.0,0,0,0,0,0,1
8100,124.989,0.0,0,0,1,0,31.195,0.0,0,0,1,0,30.672,-1.227,0,0.0,0,0,1,1,0,1,0,1,0,0,0,12192.0,2,1,1,1,0,0,1,0,6.8,273.0,0,0,0,0,0,1
8200,124.989,0.0,0,0,1,0,31.195,0.0,0,0,1,0,30.55,-1.227,0,0.0,0,0,1,1,0,1,0,1,0,0,0,12192.0,2,1,1,1,0,0,1,0,7.2,267.1,0,0,0,0,0,1
8300,124.989,0.0,0,0,1,0,31.195,0.0,0,0,1,0,30.427,-1.227,0,0.0,0,0,1,1,0,1,0,1,0,0,0,12192.0,2,1,1,1,0,0,1,0,7.4,270.4,0,0,0,0,0,1
8400,124.989,0.0,0,0,1,0,31.195,0.0,0,0,1,0,30.304,-1.227,0,0.0,0,0,1,1,0,1,0,1,0,0,0,12192.0,2,1,1,1,0,0,1,0,8.0,267.3,0,0,0,0,0,1
8500,124.989,0.0,0,0,1,0,31.195,0.0,0,0,1,0,30.182,-1.227,0,0.0,0,0,1,1,0,1,0,1,0,0,0,12192.0,2,1,1,1,0,0,1,0,7.8,267.7,0,0,0,0,0,1
8600,124.989,0.0,0,0,1,0,31.195,0.0,0,0,1,0,30.059,-1.227,0,0.0,0,0,1,1,0,1,0,1,0,0,0,12192.0,2,1,1,1,0,0,1,0,6.9,273.0,0,0,0,0,0,1
8700,124.989,0.0,0,0,1,0,31.195,0.0,0,0,1,0,29.936,-1.227,0,0.0,0,0,1,1,0,1,0,1,0,0,0,12192.0,2,1,1,1,0,0,1,0,8.2,271.3,0,0,0,0,0,1
8800,124.989,0.0,0,0,1,0,31.195,0.0,0,0,1,0,29.814,-1.227,0,0.0,0,0,1,1,0,1,0,1,0,0,0,12192.0,2,1,1,1,0,0,1,0,8.1,268.2,0,0,0,0,0,1
8900,124.989,0.0,0,0,1,0,31.195,0.0,0,0,1,0,29.691,-1.227,0,0.0,0,0,1,1,0,1,0,1,0,0,0,12192.0,2,1,1,1,0,0,1,0,7.5,273.0,0,0,0,0,0,1
9000,124.989,0.0,0,0,1,0,31.195,0.0,0,0,1,0,29.568,-1.227,0,0.0,0,0,1,1,0,1,0,1,0,0,0,12192.0,2,1,1,1,0,0,1,0,7.4,270.8,0,0,0,0,0,1
9100,124.989,0.0,0,0,1,0,31.195,0.0,0,0,1,0,29.446,-1.227,0,0.0,0,0,1,1,0,1,0,1,0,0,0,12192.0,2,1,1,1,0,0,1,0,7.3,274.2,0,0,0,0,0,1
9200,124.989,0.0,0,0,1,0,31.195,0.0,0,0,1,0,29.323,-1.227,0,0.0,0,0,1,1,0,1,0,1,0,0,0,12192.0,2,1,1,1,0,0,1,0,7.8,267.3,0,0,0,0,0,1
9300,124.989,0.0,0,0,1,0,31.195,0.0,0,0,1,0,29.2,-1.227,0,0.0,0,0,1,1,0,1,0,1,0,0,0,12192.0,2,1,1,1,0,0,1,0,7.9,266.6,0,0,0,0,0,1
9400,124.989,0.0,0,0,1,0,31.195,0.0,0,0,1,0,29.078,-1.227,0,0.0,0,0,1,1,0,1,0,1,0,0,0,12192.0,2,1,1,1,0,0,1,0,8.2,266.8,0,0,0,0,0,1
9500,124.989,0.0,0,0,1,0,31.195,0.0,0,0,1,0,28.955,-1.227,0,0.0,0,0,1,1,0,1,0,1,0,0,0,12192.0,2,1,1,1,0,0,1,0,8.3,265.8,0,0,0,0,0,1
9600,124.989,0.0,0,0,1,0,31.195,0.0,0,0,1,0,28.832,-1.227,0,0.0,0,0,1,1,0,1,0,1,0,0,0,12192.0,2,1,1,1,0,0,1,0,8.3,268.4,0,0,0,0,0,1
9700,124.989,0.0,0,0,1,0,31.195,0.0,0,0,1,0,28.71,-1.227,0,0.0,0,0,1,1,0,1,0,1,0,0,0,12192.0,2,1,1,1,0,0,1,0,8.0,272.1,0,0,0,0,0,1
9800,124.989,0.0,0,0,1,0,31.195,0.0,0,0,1,0,28.587,-1.227,0,0.0,0,0,1,1,0,1,0,1,0,0,0,12192.0,2,1,1,1,0,0,1,0,7.4,270.9,0,0,0,0,0,1
9900,124.989,0.0,0,0,1,0,31.195,0.0,0,0,1,0,28.464,-1.227,0,0.0,0,0,1,1,0,1,0,1,0,0,0,12192.0,2,1,1,1,0,0,1,0,8.6,273.0,0,0,0,0,0,1
10000,124.989,0.0,0,0,1,0,31.195,0.0,0,0,1,0,28.342,-1.227,0,0.0,0,0,1,1,0,1,0,1,0,0,0,12192.0,2,1,1,1,0,0,1,0,7.9,269.6,0,0,0,0,0,1
10100,124.989,0.0,0,0,1,0,31.195,0.0,0,0,1,0,28.219,-1.227,0,0.0,0,0,1,1,0,1,0,1,0,0,0,12192.0,2,1,1,1,0,0,1,0,8.3,267.1,0,0,0,0,0,1
10200,124.989,0.0,0,0,1,0,31.195,0.0,0,0,1,0,28.096,-1.227,0,0.0,0,0,1,1,0,1,0,1,0,0,0,12192.0,2,1,1,1,0,0,1,0,8.1,269.6,0,0,0,0,0,1
10300,124.989,0.0,0,0,1,0,31.195,0.0,0,0,1,0,27.974,-1.227,0,0.0,0,0,1,1,0,1,0,1,0,0,0,12192.0,2,1,1,1,0,0,1,0,8.7,270.8,0,0,0,0,0,1
10400,124.989,0.0,0,0,1,0,31.195,0.0,0,0,1,0,27.851,-1.227,0,0.0,0,0,1,1,0,1,0,1,0,0,0,12192.0,2,1,1,1,0,0,1,0,9.2,273.8,0,0,0,0,0,1
10500,124.989,0.0,0,0,1,0,31.195,0.0,0,0,1,0,27.728,-1.227,0,0.0,0,0,1,1,0,1,0,1,0,0,0,12192.0,2,1,1,1,0,0,1,0,8.6,270.6,0,0,0,0,0,1
10600,124.989,0.0,0,0,1,0,31.195,0.0,0,0,1,0,27.605,-1.227,0,0.0,0,0,1,1,0,1,0,1,0,0,0,12192.0,2,1,1,1,0,0,1,0,7.6,275.2,0,0,0,0,0,1
10700,124.989,0.0,0,0,1,0,31.195,0.0,0,0,1,0,27.483,-1.227,0,0.0,0,0,1,1,0,1,0,1,0,0,0,12192.0,2,1,1,1,0,0,1,0,8.9,271.1,0,0,0,0,0,1
10800,124.989,0.0,0,0,1,0,31.195,0.0,0,0,1,0,27.36,-1.227,0,0.0,0,0,1,1,0,1,0,1,0,0,0,12192.0,2,1,1,1,0,0,1,0,8.3,273.0,0,0,0,0,0,1
10900,124.989,0.0,0,0,1,0,31.195,0.0,0,0,1,0,27.237,-1.227,0,0.0,0,0,1,1,0,1,0,1,0,0,0,12192.0,2,1,1,1,0,0,1,0,8.5,270.8,0,0,0,0,0,1
11000,124.989,0.0,0,0,1,0,31.195,0.0,0,0,1,0,27.115,-1.227,0,0.0,0,0,1,1,0,1,0,1,0,0,0,12192.0,2,1,1,1,0,0,1,0,9.6,271.8,0,0,0,0,0,1
11100,124.989,0.0,0,0,1,0,31.195,0.0,0,0,1,0,26.992,-1.227,0,0.0,0,0,1,1,0,1,0,1,0,0,0,12192.0,2,1,1,1,0,0,1,0,8.6,272.3,0,0,0,0,0,1
11200,124.989,0.0,0,0,1,0,31.195,0.0,0,0,1,0,26.869,-1.227,0,0.0,0,0,1,1,0,1,0,1,0,0,0,12192.0,2,1,1,1,0,0,1,0,8.4,267.8,0,0,0,0,0,1
11300,124.989,0.0,0,0,1,0,31.195,0.0,0,0,1,0,26.747,-1.227,0,0.0,0,0,1,1,0,1,0,1,0,0,0,12192.0,2,1,1,1,0,0,1,0,8.0,271.5,0,0,0,0,0,1
11400,124.989,0.0,0,0,1,0,31.195,0.0,0,0,1,0,26.624,-1.227,0,0.0,0,0,1,1,0,1,0,1,0,0,0,12192.0,2,1,1,1,0,0,1,0,8.0,267.6,0,0,0,0,0,1
11500,124.989,0.0,0,0,1,0,31.195,0.0,0,0,1,0,26.501,-1.227,0,0.0,0,0,1,1,0,1,0,1,0,0,0,12192.0,2,1,1,1,0,0,1,0,8.5,267.8,0,0,0,0,0,1
11600,124.989,0.0,0,0,1,0,31.195,0.0,0,0,1,0,26.379,-1.227,0,0.0,0,0,1,1,0,1,0,1,0,0,0,12192.0,2,1,1,1,0,0,1,0,8.4,270.0,0,0,0,0,0,1
11700,124.989,0.0,0,0,1,0,31.195,0.0,0,0,1,0,26.256,-1.227,0,0.0,0,0,1,1,0,1,0,1,0,0,0,12192.0,2,1,1,1,0,0,1,0,8.5,266.3,0,0,0,0,0,1
11800,124.989,0.0,0,0,1,0,31.195,0.0,0,0,1,0,26.133,-1.227,0,0.0,0,0,1,1,0,1,0,1,0,0,0,12192.0,2,1,1,1,0,0,1,0,9.0,269.5,0,0,0,0,0,1
11900,124.989,0.0,0,0,1,0,31.195,0.0,0,0,1,0,26.011,-1.227,0,0.0,0,0,1,1,0,1,0,1,0,0,0,12192.0,2,1,1,1,0,0,1,0,8.9,267.7,0,0,0,0,0,1
12000,124.989,0.0,0,0,1,0,31.195,0.0,0,0,1,0,25.888,-1.227,0,0.0,0,0,1,1,0,1,0,1,0,0,0,12192.0,2,1,1,1,0,0,1,0,7.5,270.0,0,0,0,0,0,1
12100,124.989,0.0,0,0,1,0,31.195,0.0,0,0,1,0,25.765,-1.227,0,0.0,0,0,1,1,0,1,0,1,0,0,0,12192.0,2,1,1,1,0,0,1,0,8.5,266.4,0,0,0,0,0,1
12200,124.989,0.0,0,0,1,0,31.195,0.0,0,0,1,0,25.643,-1.227,0,0.0,0,0,1,1,0,1,0,1,0,0,0,12192.0,2,1,1,1,0,0,1,0,9.3,272.5,0,0,0,0,0,1
12300,124.989,0.0,0,0,1,0,31.195,0.0,0,0,1,0,25.52,-1.227,0,0.0,0,0,1,1,0,1,0,1,0,0,0,12192.0,2,1,1,1,0,0,1,0,8.2,267.2,0,0,0,0,0,1
12400,124.989,0.0,0,0,1,0,31.195,0.0,0,0,1,0,25.397,-1.227,0,0.0,0,0,1,1,0,1,0,1,0,0,0,12192.0,2,1,1,1,0,0,1,0,8.1,271.0,0,0,0,0,0,1
12500,124.989,0.0,0,0,1,0,31.195,0.0,0,0,1,0,25.275,-1.227,0,0.0,0,0,1,1,0,1,0,1,0,0,0,12192.0,2,1,1,1,0,0,1,0,8.2,271.5,0,0,0,0,0,1
12600,124.989,0.0,0,0,1,0,31.195,0.0,0,0,1,0,25.152,-1.227,0,0.0,0,0,1,1,0,1,0,1,0,0,0,12192.0,2,1,1,1,0,0,1,0,8.8,270.6,0,0,0,0,0,1
12700,124.989,0.0,0,0,1,0,31.195,0.0,0,0,1,0,25.029,-1.227,0,0.0,0,0,1,1,0,1,0,1,0,0,0,12192.0,2,1,1,1,0,0,1,0,7.9,269.6,0,0,0,0,0,1
12800,124.989,0.0,0,0,1,0,31.195,0.0,0,0,1,0,24.907,-1.227,0,0.0,0,0,1,1,0,1,0,1,0,0,0,12192.0,2,1,1,1,0,0,1,0,8.1,270.1,0,0,0,0,0,1
12900,124.989,0.0,0,0,1,0,31.195,0.0,0,0,1,0,24.784,-1.227,0,0.0,0,0,1,1,0,1,0,1,0,0,0,12192.0,2,1,1,1,0,0,1,0,7.8,268.3,0,0,0,0,0,1
13000,124.989,0.0,0,0,1,0,31.195,0.0,0,0,1,0,24.661,-1.227,0,0.0,0,0,1,1,0,1,0,1,0,0,0,12192.0,2,1,1,1,0,0,1,0,8.0,268.8,0,0,0,0,0,1
13100,124.989,0.0,0,0,1,0,31.195,0.0,0,0,1,0,24.539,-1.227,0,0.0,0,0,1,1,0,1,0,1,0,0,0,12192.0,2,1,1,1,0,0,1,0,8.4,269.0,0,0,0,0,0,1
13200,124.989,0.0,0,0,1,0,31.195,0.0,0,0,1,0,24.416,-1.227,0,0.0,0,0,1,1,0,1,0,1,0,0,0,12192.0,2,1,1,1,0,0,1,0,7.6,267.5,0,0,0,0,0,1
13300,124.989,0.0,0,0,1,0,31.195,0.0,0,0,1,0,24.293,-1.227,0,0.0,0,0,1,1,0,1,0,1,0,0,0,12192.0,2,1,1,1,0,0,1,0,7.3,267.3,0,0,0,0,0,1
13400,124.989,0.0,0,0,1,0,31.195,0.0,0,0,1,0,24.171,-1.227,0,0.0,0,0,1,1,0,1,0,1,0,0,0,12192.0,2,1,1,1,0,0,1,0,8.8,270.9,0,0,0,0,0,1
13500,124.989,0.0,0,0,1,0,31.195,0.0,0,0,1,0,24.048,-1.227,0,0.0,0,0,1,1,0,1,0,1,0,0,0,12192.0,2,1,1,1,0,0,1,0,7.4,271.8,0,0,0,0,0,1
13600,124.989,0.0,0,0,1,0,31.195,0.0,0,0,1,0,23.925,-1.227,0,0.0,0,0,1,1,0,1,0,1,0,0,0,12192.0,2,1,1,1,0,0,1,0,7.6,266.7,0,0,0,0,0,1
13700,124.989,0.0,0,0,1,0,31.195,0.0,0,0,1,0,23.803,-1.227,0,0.0,0,0,1,1,0,1,0,1,0,0,0,12192.0,2,1,1,1,0,0,1,0,8.2,271.4,0,0,0,0,0,1
13800,124.989,0.0,0,0,1,0,31.195,0.0,0,0,1,0,23.68,-1.227,0,0.0,0,0,1,1,0,1,0,1,0,0,0,12192.0,2,1,1,1,0,0,1,0,7.0,266.6,0,0,0,0,0,1
13900,124.989,0.0,0,0,1,0,31.195,0.0,0,0,1,0,23.557,-1.227,0,0.0,0,0,1,1,0,1,0,1,0,0,0,12192.0,2,1,1,1,0,0,1,0,7.8,274.2,0,0,0,0,0,1
14000,124.989,0.0,0,0,1,0,31.195,0.0,0,0,1,0,23.434,-1.227,0,0.0,0,0,1,1,0,1,0,1,0,0,0,12192.0,2,1,1,1,0,0,1,0,7.6,269.4,0,0,0,0,0,1
14100,124.989,0.0,0,0,1,0,31.195,0.0,0,0,1,0,23.312,-1.227,0,0.0,0,0,1,1,0,1,0,1,0,0,0,12192.0,2,1,1,1,0,0,1,0,7.5,270.9,0,0,0,0,0,1
14200,124.989,0.0,0,0,1,0,31.195,0.0,0,0,1,0,23.189,-1.227,0,0.0,0,0,1,1,0,1,0,1,0,0,0,12192.0,2,1,1,1,0,0,1,0,8.1,267.0,0,0,0,0,0,1
14300,124.989,0.0,0,0,1,0,31.195,0.0,0,0,1,0,23.066,-1.227,0,0.0,0,0,1,1,0,1,0,1,0,0,0,12192.0,2,1,1,1,0,0,1,0,7.4,273.3,0,0,0,0,0,1
14400,124.989,0.0,0,0,1,0,31.195,0.0,0,0,1,0,22.944,-1.227,0,0.0,0,0,1,1,0,1,0,1,0,0,0,12192.0,2,1,1,1,0,0,1,0,7.7,272.0,0,0,0,0,0,1
14500,124.989,0.0,0,0,1,0,31.195,0.0,0,0,1,0,22.821,-1.227,0,0.0,0,0,1,1,0,1,0,1,0,0,0,12192.0,2,1,1,1,0,0,1,0,7.2,274.1,0,0,0,0,0,1
14600,124.989,0.0,0,0,1,0,31.195,0.0,0,0,1,0,22.698,-1.227,0,0.0,0,0,1,1,0,1,0,1,0,0,0,12192.0,2,1,1,1,0,0,1,0,7.7,272.4,0,0,0,0,0,1
14700,124.989,0.0,0,0,1,0,31.195,0.0,0,0,1,0,22.576,-1.227,0,0.0,0,0,1,1,0,1,0,1,0,0,0,12192.0,2,1,1,1,0,0,1,0,8.2,272.2,0,0,0,0,0,1
14800,124.989,0.0,0,0,1,0,31.195,0.0,0,0,1,0,22.453,-1.227,0,0.0,0,0,1,1,0,1,0,1,0,0,0,12192.0,2,1,1,1,0,0,1,0,8.1,273.5,0,0,0,0,0,1
14900,124.989,0.0,0,0,1,0,31.195,0.0,0,0,1,0,22.33,-1.227,0,0.0,0,0,1,1,0,1,0,1,0,0,0,12192.0,2,1,1,1,0,0,1,0,7.3,270.2,0,0,0,0,0,1
15000,124.989,0.0,0,0,1,0,31.195,0.0,0,0,1,0,22.208,-1.227,0,0.0,0,0,1,1,0,1,0,1,0,0,0,12192.0,2,1,1,1,0,0,1,0,7.4,272.5,0,0,0,0,0,1
15100,124.989,0.0,0,0,1,0,31.195,0.0,0,0,1,0,22.085,-1.227,0,0.0,0,0,1,1,0,1,0,1,0,0,0,12192.0,2,1,1,1,0,0,1,0,8.1,270.4,0,0,0,0,0,1
15200,124.989,0.0,0,0,1,0,31.195,0.0,0,0,1,0,21.962,-1.227,0,0.0,0,0,1,1,0,1,0,1,0,0,0,12192.0,2,1,1,1,0,0,1,0,7.2,270.0,0,0,0,0,0,1
15300,124.989,0.0,0,0,1,0,31.195,0.0,0,0,1,0,21.84,-1.227,0,0.0,0,0,1,1,0,1,0,1,0,0,0,12192.0,2,1,1,1,0,0,1,0,7.6,266.3,0,0,0,0,0,1
15400,124.989,0.0,0,0,1,0,31.195,0.0,0,0,1,0,21.717,-1.227,0,0.0,0,0,1,1,0,1,0,1,0,0,0,12192.0,2,1,1,1,0,0,1,0,8.0,264.8,0,0,0,0,0,1
15500,124.989,0.0,0,0,1,0,31.195,0.0,0,0,1,0,21.594,-1.227,0,0.0,0,0,1,1,0,1,0,1,0,0,0,12192.0,2,1,1,1,0,0,1,0,7.5,272.4,0,0,0,0,0,1
15600,124.989,0.0,0,0,1,0,31.195,0.0,0,0,1,0,21.472,-1.227,0,0.0,0,0,1,1,0,1,0,1,0,0,0,12192.0,2,1,1,1,0,0,1,0,6.9,267.3,0,0,0,0,0,1
15700,124.989,0.0,0,0,1,0,31.195,0.0,0,0,1,0,21.349,-1.227,0,0.0,0,0,1,1,0,1,0,1,0,0,0,12192.0,2,1,1,1,0,0,1,0,6.9,270.6,0,0,0,0,0,1
15800,124.989,0.0,0,0,1,0,31.195,0.0,0,0,1,0,21.226,-1.227,0,0.0,0,0,1,1,0,1,0,1,0,0,0,12192.0,2,1,1,1,0,0,1,0,6.6,267.6,0,0,0,0,0,1
15900,124.989,0.0,0,0,1,0,31.195,0.0,0,0,1,0,21.104,-1.227,0,0.0,0,0,1,1,0,1,0,1,0,0,0,12192.0,2,1,1,1,0,0,1,0,7.4,272.1,0,0,0,0,0,1
16000,124.989,0.0,0,0,1,0,31.195,0.0,0,0,1,0,20.981,-1.227,0,0.0,0,0,1,1,0,1,0,1,0,0,0,12192.0,2,1,1,1,0,0,1,0,6.6,268.7,0,0,0,0,0,1
16100,124.989,0.0,0,0,1,0,31.195,0.0,0,0,1,0,20.858,-1.227,0,0.0,0,0,1,1,0,1,0,1,0,0,0,12192.0,2,1,1,1,0,0,1,0,7.0,272.6,0,0,0,0,0,1
16200,124.989,0.0,0,0,1,0,31.195,0.0,0,0,1,0,20.736,-1.227,0,0.0,0,0,1,1,0,1,0,1,0,0,0,12192.0,2,1,1,1,0,0,1,0,8.0,266.9,0,0,0,0,0,1
16300,124.989,0.0,0,0,1,0,31.195,0.0,0,0,1,0,20.613,-1.227,0,0.0,0,0,1,1,0,1,0,1,0,0,0,12192.0,2,1,1,1,0,0,1,0,7.4,268.0,0,0,0,0,0,1
16400,124.989,0.0,0,0,1,0,31.195,0.0,0,0,1,0,20.49,-1.227,0,0.0,0,0,1,1,0,1,0,1,0,0,0,12192.0,2,1,1,1,0,0,1,0,6.9,270.5,0,0,0,0,0,1
16500,124.989,0.0,0,0,1,0,31.195,0.0,0,0,1,0,20.368,-1.227,0,0.0,0,0,1,1,0,1,0,1,0,0,0,12192.0,2,1,1,1,0,0,1,0,7.3,271.5,0,0,0,0,0,1
16600,124.989,0.0,0,0,1,0,31.195,0.0,0,0,1,0,20.245,-1.227,0,0.0,0,0,1,1,0,1,0,1,0,0,0,12192.0,2,1,1,1,0,0,1,0,7.5,268.0,0,0,0,0,0,1
16700,124.989,0.0,0,0,1,0,31.195,0.0,0,0,1,0,20.122,-1.227,0,0.0,0,0,1,1,0,1,0,1,0,0,0,12192.0,2,1,1,1,0,0,1,0,7.4,268.0,0,0,0,0,0,1
16800,124.989,0.0,0,0,1,0,31.195,0.0,0,0,1,0,20.0,-1.227,0,0.0,0,0,1,1,0,1,0,1,0,0,0,12192.0,2,1,1,1,0,0,1,0,7.4,268.7,0,0,0,0,0,1
16900,124.989,0.0,0,0,1,0,31.195,0.0,0,0,1,0,19.877,-1.227,0,0.0,0,0,1,1,0,1,0,1,0,0,0,12192.0,2,1,1,1,0,0,1,0,7.4,271.3,0,0,0,0,0,1
17000,124.989,0.0,0,0,1,0,31.195,0.0,0,0,1,0,19.754,-1.227,0,0.0,0,0,1,1,0,1,0,1,0,0,0,12192.0,2,1,1,1,0,0,1,0,7.1,271.4,0,0,0,0,0,1
17100,124.989,0.0,0,0,1,0,31.195,0.0,0,0,1,0,19.632,-1.227,0,0.0,0,0,1,1,0,1,0,1,0,0,0,12192.0,2,1,1,1,0,0,1,0,7.6,266.5,0,0,0,0,0,1
17200,124.989,0.0,0,0,1,0,31.195,0.0,0,0,1,0,19.509,-1.227,0,0.0,0,0,1,1,0,1,0,1,0,0,0,12192.0,2,1,1,1,0,0,1,0,8.1,271.4,0,0,0,0,0,1
17300,124.989,0.0,0,0,1,0,31.195,0.0,0,0,1,0,19.386,-1.227,0,0.0,0,0,1,1,0,1,0,1,0,0,0,12192.0,2,1,1,1,0,0,1,0,7.3,270.8,0,0,0,0,0,1
17400,124.989,0.0,0,0,1,0,31.195,0.0,0,0,1,0,19.264,-1.227,0,0.0,0,0,1,1,0,1,0,1,0,0,0,12192.0,2,1,1,1,0,0,1,0,7.4,271.2,0,0,0,0,0,1
17500,124.989,0.0,0,0,1,0,31.195,0.0,0,0,1,0,19.141,-1.227,0,0.0,0,0,1,1,0,1,0,1,0,0,0,12192.0,2,1,1,1,0,0,1,0,7.3,267.4,0,0,0,0,0,1
17600,124.989,0.0,0,0,1,0,31.195,0.0,0,0,1,0,19.018,-1.227,0,0.0,0,0,1,1,0,1,0,1,0,0,0,12192.0,2,1,1,1,0,0,1,0,8.0,269.3,0,0,0,0,0,1
17700,124.989,0.0,0,0,1,0,31.195,0.0,0,0,1,0,18.895,-1.227,0,0.0,0,0,1,1,0,1,0,1,0,0,0,12192.0,2,1,1,1,0,0,1,0,8.3,272.1,0,0,0,0,0,1
17800,124.989,0.0,0,0,1,0,31.195,0.0,0,0,1,0,18.773,-1.227,0,0.0,0,0,1,1,0,1,0,1,0,0,0,12192.0,2,1,1,1,0,0,1,0,7.5,266.7,0,0,0,0,0,1
17900,124.989,0.0,0,0,1,0,31.195,0.0,0,0,1,0,18.65,-1.227,0,0.0,0,0,1,1,0,1,0,1,0,0,0,12192.0,2,1,1,1,0,0,1,0,8.5,273.4,0,0,0,0,0,1
18000,124.989,0.0,0,0,1,0,31.195,0.0,0,0,1,0,18.527,-1.227,0,0.0,0,0,1,1,0,1,0,1,0,0,0,12192.0,2,1,1,1,0,0,1,0,7.8,269.9,0,0,0,0,0,1
18100,124.989,0.0,0,0,1,0,31.195,0.0,0,0,1,0,18.405,-1.227,0,0.0,0,0,1,1,0,1,0,1,0,0,0,12192.0,2,1,1,1,0,0,1,0,8.1,274.4,0,0,0,0,0,1
18200,124.989,0.0,0,0,1,0,31.195,0.0,0,0,1,0,18.282,-1.227,0,0.0,0,0,1,1,0,1,0,1,0,0,0,12192.0,2,1,1,1,0,0,1,0,7.5,270.4,0,0,0,0,0,1
18300,124.989,0.0,0,0,1,0,31.195,0.0,0,0,1,0,18.159,-1.227,0,0.0,0,0,1,1,0,1,0,1,0,0,0,12192.0,2,1,1,1,0,0,1,0,8.2,268.4,0,0,0,0,0,1
18400,124.989,0.0,0,0,1,0,31.195,0.0,0,0,1,0,18.037,-1.227,0,0.0,0,0,1,1,0,1,0,1,0,0,0,12192.0,2,1,1,1,0,0,1,0,8.8,267.4,0,0,0,0,0,1
18500,124.989,0.0,0,0,1,0,31.195,0.0,0,0,1,0,17.914,-1.227,0,0.0,0,0,1,1,0,1,0,1,0,0,0,12192.0,2,1,1,1,0,0,1,0,8.6,273.1,0,0,0,0,0,1
18600,124.989,0.0,0,0,1,0,31.195,0.0,0,0,1,0,17.791,-1.227,0,0.0,0,0,1,1,0,1,0,1,0,0,0,12192.0,2,1,1,1,0,0,1,0,8.3,269.1,0,0,0,0,0,1
18700,124.989,0.0,0,0,1,0,31.195,0.0,0,0,1,0,17.669,-1.227,0,0.0,0,0,1,1,0,1,0,1,0,0,0,12192.0,2,1,1,1,0,0,1,0,8.5,267.0,0,0,0,0,0,1
18800,124.989,0.0,0,0,1,0,31.195,0.0,0,0,1,0,17.546,-1.227,0,0.0,0,0,1,1,0,1,0,1,0,0,0,12192.0,2,1,1,1,0,0,1,0,8.4,269.9,0,0,0,0,0,1
18900,124.989,0.0,0,0,1,0,31.195,0.0,0,0,1,0,17.423,-1.227,0,0.0,0,0,1,1,0,1,0,1,0,0,0,12192.0,2,1,1,1,0,0,1,0,9.0,271.0,0,0,0,0,0,1
19000,124.989,0.0,0,0,1,0,31.195,0.0,0,0,1,0,17.301,-1.227,0,0.0,0,0,1,1,0,1,0,1,0,0,0,12192.0,2,1,1,1,0,0,1,0,7.6,266.8,0,0,0,0,0,1
19100,124.989,0.0,0,0,1,0,31.195,0.0,0,0,1,0,17.178,-1.227,0,0.0,0,0,1,1,0,1,0,1,0,0,0,12192.0,2,1,1,1,0,0,1,0,8.5,272.2,0,0,0,0,0,1
19200,124.989,0.0,0,0,1,0,31.195,0.0,0,0,1,0,17.055,-1.227,0,0.0,0,0,1,1,0,1,0,1,0,0,0,12192.0,2,1,1,1,0,0,1,0,7.7,272.0,0,0,0,0,0,1
19300,124.989,0.0,0,0,1,0,31.195,0.0,0,0,1,0,16.933,-1.227,0,0.0,0,0,1,1,0,1,0,1,0,0,0,12192.0,2,1,1,1,0,0,1,0,8.7,264.3,0,0,0,0,0,1
19400,124.989,0.0,0,0,1,0,31.195,0.0,0,0,1,0,16.81,-1.227,0,0.0,0,0,1,1,0,1,0,1,0,0,0,12192.0,2,1,1,1,0,0,1,0,8.7,266.9,0,0,0,0,0,1
19500,124.989,0.0,0,0,1,0,31.195,0.0,0,0,1,0,16.687,-1.227,0,0.0,0,0,1,1,0,1,0,1,0,0,0,12192.0,2,1,1,1,0,0,1,0,8.2,277.7,0,0,0,0,0,1
19600,124.989,0.0,0,0,1,0,31.195,0.0,0,0,1,0,16.565,-1.227,0,0.0,0,0,1,1,0,1,0,1,0,0,0,12192.0,2,1,1,1,0,0,1,0,8.6,270.7,0,0,0,0,0,1
19700,124.989,0.0,0,0,1,0,31.195,0.0,0,0,1,0,16.442,-1.227,0,0.0,0,0,1,1,0,1,0,1,0,0,0,12192.0,2,1,1,1,0,0,1,0,7.8,268.4,0,0,0,0,0,1
19800,124.989,0.0,0,0,1,0,31.195,0.0,0,0,1,0,16.319,-1.227,0,0.0,0,0,1,1,0,1,0,1,0,0,0,12192.0,2,1,1,1,0,0,1,0,8.4,270.1,0,0,0,0,0,1
19900,124.989,0.0,0,0,1,0,31.195,0.0,0,0,1,0,16.197,-1.227,0,0.0,0,0,1,1,0,1,0,1,0,0,0,12192.0,2,1,1,1,0,0,1,0,8.2,269.8,0,0,0,0,0,1
20000,124.989,0.0,0,0,1,0,31.195,0.0,0,0,1,0,16.074,-1.227,0,0.0,0,0,1,1,0,1,0,1,0,0,0,12192.0,2,1,1,1,0,0,1,0,8.2,273.5,0,0,0,0,0,1
20100,124.989,0.0,0,0,1,0,31.195,0.0,0,0,1,0,15.951,-1.227,0,0.0,0,0,1,1,0,1,0,1,0,0,0,12192.0,2,1,1,1,0,0,1,0,8.1,270.9,0,0,0,0,0,1
20200,124.989,0.0,0,0,1,0,31.195,0.0,0,0,1,0,15.829,-1.227,0,0.0,0,0,1,1,0,1,0,1,0,0,0,12192.0,2,1,1,1,0,0,1,0,8.1,267.7,0,0,0,0,0,1
20300,124.989,0.0,0,0,1,0,31.195,0.0,0,0,1,0,15.706,-1.227,0,0.0,0,0,1,1,0,1,0,1,0,0,0,12192.0,2,1,1,1,0,0,1,0,9.1,267.5,0,0,0,0,0,1
20400,124.989,0.0,0,0,1,0,31.195,0.0,0,0,1,0,15.583,-1.227,0,0.0,0,0,1,1,0,1,0,1,0,0,0,12192.0,2,1,1,1,0,0,1,0,8.1,265.4,0,0,0,0,0,1
20500,124.989,0.0,0,0,1,0,31.195,0.0,0,0,1,0,15.461,-1.227,0,0.0,0,0,1,1,0,1,0,1,0,0,0,12192.0,2,1,1,1,0,0,1,0,8.9,267.1,0,0,0,0,0,1
20600,124.989,0.0,0,0,1,0,31.195,0.0,0,0,1,0,15.338,-1.227,0,0.0,0,0,1,1,0,1,0,1,0,0,0,12192.0,2,1,1,1,0,0,1,0,9.1,268.1,0,0,0,0,0,1
20700,124.989,0.0,0,0,1,0,31.195,0.0,0,0,1,0,15.215,-1.227,0,0.0,0,0,1,1,0,1,0,1,0,0,0,12192.0,2,1,1,1,0,0,1,0,8.5,267.7,0,0,0,0,0,1
20800,124.989,0.0,0,0,1,0,31.195,0.0,0,0,1,0,15.093,-1.227,0,0.0,0,0,1,1,0,1,0,1,0,0,0,12192.0,2,1,1,1,0,0,1,0,8.7,264.8,0,0,0,0,0,1
20900,124.989,0.0,0,0,1,0,31.195,0.0,0,0,1,0,14.97,-1.227,0,0.0,0,0,1,1,0,1,0,1,0,0,0,12192.0,2,1,1,1,0,0,1,0,8.2,270.7,0,0,0,0,0,1
21000,124.989,0.0,0,0,1,0,31.195,0.0,0,0,1,0,14.847,-1.227,0,0.0,0,0,1,1,0,1,0,1,0,0,0,12192.0,2,1,1,1,0,0,1,0,8.3,270.5,0,0,0,0,0,1
21100,124.989,0.0,0,0,1,0,31.195,0.0,0,0,1,0,14.725,-1.227,0,0.0,0,0,1,1,0,1,0,1,0,0,0,12192.0,2,1,1,1,0,0,1,0,8.5,267.7,0,0,0,0,0,1
21200,124.989,0.0,0,0,1,0,31.195,0.0,0,0,1,0,14.602,-1.227,0,0.0,0,0,1,1,0,1,0,1,0,0,0,12192.0,2,1,1,1,0,0,1,0,8.5,272.5,0,0,0,0,0,1
21300,124.989,0.0,0,0,1,0,31.195,0.0,0,0,1,0,14.479,-1.227,0,0.0,0,0,1,1,0,1,0,1,0,0,0,12192.0,2,1,1,1,0,0,1,0,9.2,267.9,0,0,0,0,0,1
21400,124.989,0.0,0,0,1,0,31.195,0.0,0,0,1,0,14.356,-1.227,0,0.0,0,0,1,1,0,1,0,1,0,0,0,12192.0,2,1,1,1,0,0,1,0,8.3,266.1,0,0,0,0,0,1
21500,124.989,0.0,0,0,1,0,31.195,0.0,0,0,1,0,14.234,-1.227,0,0.0,0,0,1,1,0,1,0,1,0,0,0,12192.0,2,1,1,1,0,0,1,0,9.4,266.3,0,0,0,0,0,1
21600,124.989,0.0,0,0,1,0,31.195,0.0,0,0,1,0,14.111,-1.227,0,0.0,0,0,1,1,0,1,0,1,0,0,0,12192.0,2,1,1,1,0,0,1,0,9.0,267.8,0,0,0,0,0,1
21700,124.989,0.0,0,0,1,0,31.195,0.0,0,0,1,0,13.988,-1.227,0,0.0,0,0,1,1,0,1,0,1,0,0,0,12192.0,2,1,1,1,0,0,1,0,8.8,268.1,0,0,0,0,0,1
21800,124.989,0.0,0,0,1,0,31.195,0.0,0,0,1,0,13.866,-1.227,0,0.0,0,0,1,1,0,1,0,1,0,0,0,12192.0,2,1,1,1,0,0,1,0,8.6,267.7,0,0,0,0,0,1
21900,124.989,0.0,0,0,1,0,31.195,0.0,0,0,1,0,13.743,-1.227,0,0.0,0,0,1,1,0,1,0,1,0,0,0,12192.0,2,1,1,1,0,0,1,0,8.1,271.8,0,0,0,0,0,1
22000,124.989,0.0,0,0,1,0,31.195,0.0,0,0,1,0,13.62,-1.227,0,0.0,0,0,1,1,0,1,0,1,0,0,0,12192.0,2,1,1,1,0,0,1,0,8.4,273.8,0,0,0,0,0,1
22100,124.989,0.0,0,0,1,0,31.195,0.0,0,0,1,0,13.498,-1.227,0,0.0,0,0,1,1,0,1,0,1,0,0,0,12192.0,2,1,1,1,0,0,1,0,8.5,266.3,0,0,0,0,0,1
22200,124.989,0.0,0,0,1,0,31.195,0.0,0,0,1,0,13.375,-1.227,0,0.0,0,0,1,1,0,1,0,1,0,0,0,12192.0,2,1,1,1,0,0,1,0,7.9,269.4,0,0,0,0,0,1
22300,124.989,0.0,0,0,1,0,31.195,0.0,0,0,1,0,13.252,-1.227,0,0.0,0,0,1,1,0,1,0,1,0,0,0,12192.0,2,1,1,1,0,0,1,0,7.6,267.3,0,0,0,0,0,1
22400,124.989,0.0,0,0,1,0,31.195,0.0,0,0,1,0,13.13,-1.227,0,0.0,0,0,1,1,0,1,0,1,0,0,0,12192.0,2,1,1,1,0,0,1,0,8.3,271.2,0,0,0,0,0,1
22500,124.989,0.0,0,0,1,0,31.195,0.0,0,0,1,0,13.007,-1.227,0,0.0,0,0,1,1,0,1,0,1,0,0,0,12192.0,2,1,1,1,0,0,1,0,7.6,269.1,0,0,0,0,0,1
22600,124.989,0.0,0,0,1,0,31.195,0.0,0,0,1,0,12.884,-1.227,0,0.0,0,0,1,1,0,1,0,1,0,0,0,12192.0,2,1,1,1,0,0,1,0,7.7,272.0,0,0,0,0,0,1
22700,124.989,0.0,0,0,1,0,31.195,0.0,0,0,1,0,12.762,-1.227,0,0.0,0,0,1,1,0,1,0,1,0,0,0,12192.0,2,1,1,1,0,0,1,0,8.8,272.8,0,0,0,0,0,1
22800,124.989,0.0,0,0,1,0,31.195,0.0,0,0,1,0,12.639,-1.227,0,0.0,0,0,1,1,0,1,0,1,0,0,0,12192.0,2,1,1,1,0,0,1,0,7.2,265.6,0,0,0,0,0,1
22900,124.989,0.0,0,0,1,0,31.195,0.0,0,0,1,0,12.516,-1.227,0,0.0,0,0,1,1,0,1,0,1,0,0,0,12192.0,2,1,1,1,0,0,1,0,8.0,271.2,0,0,0,0,0,1
23000,124.989,0.0,0,0,1,0,31.195,0.0,0,0,1,0,12.394,-1.227,0,0.0,0,0,1,1,0,1,0,1,0,0,0,12192.0,2,1,1,1,0,0,1,0,8.1,273.2,0,0,0,0,0,1
23100,124.989,0.0,0,0,1,0,31.195,0.0,0,0,1,0,12.271,-1.227,0,0.0,0,0,1,1,0,1,0,1,0,0,0,12192.0,2,1,1,1,0,0,1,0,6.8,271.0,0,0,0,0,0,1
23200,124.989,0.0,0,0,1,0,31.195,0.0,0,0,1,0,12.148,-1.227,0,0.0,0,0,1,1,0,1,0,1,0,0,0,12192.0,2,1,1,1,0,0,1,0,8.0,269.7,0,0,0,0,0,1
23300,124.989,0.0,0,0,1,0,31.195,0.0,0,0,1,0,12.026,-1.227,0,0.0,0,0,1,1,0,1,0,1,0,0,0,12192.0,2,1,1,1,0,0,1,0,7.8,271.7,0,0,0,0,0,1
23400,124.989,0.0,0,0,1,0,31.195,0.0,0,0,1,0,11.903,-1.227,0,0.0,0,0,1,1,0,1,0,1,0,0,0,12192.0,2,1,1,1,0,0,1,0,7.5,271.5,0,0,0,0,0,1
23500,124.989,0.0,0,0,1,0,31.195,0.0,0,0,1,0,11.78,-1.227,0,0.0,0,0,1,1,0,1,0,1,0,0,0,12192.0,2,1,1,1,0,0,1,0,7.9,264.6,0,0,0,0,0,1
23600,124.989,0.0,0,0,1,0,31.195,0.0,0,0,1,0,11.658,-1.227,0,0.0,0,0,1,1,0,1,0,1,0,0,0,12192.0,2,1,1,1,0,0,1,0,7.1,272.6,0,0,0,0,0,1
23700,124.989,0.0,0,0,1,0,31.195,0.0,0,0,1,0,11.535,-1.227,0,0.0,0,0,1,1,0,1,0,1,0,0,0,12192.0,2,1,1,1,0,0,1,0,7.3,271.0,0,0,0,0,0,1
23800,124.989,0.0,0,0,1,0,31.195,0.0,0,0,1,0,11.412,-1.227,0,0.0,0,0,1,1,0,1,0,1,0,0,0,12192.0,2,1,1,1,0,0,1,0,6.2,265.7,0,0,0,0,0,1
23900,124.989,0.0,0,0,1,0,31.195,0.0,0,0,1,0,11.29,-1.227,0,0.0,0,0,1,1,0,1,0,1,0,0,0,12192.0,2,1,1,1,0,0,1,0,8.2,265.4,0,0,0,0,0,1
24000,124.989,0.0,0,0,1,0,31.195,0.0,0,0,1,0,11.167,-1.227,0,0.0,0,0,1,1,0,1,0,1,0,0,0,12192.0,2,1,1,1,0,0,1,0,7.6,270.9,0,0,0,0,0,1
24100,124.989,0.0,0,0,1,0,31.195,0.0,0,0,1,0,11.044,-1.227,0,0.0,0,0,1,1,0,1,0,1,0,0,0,12192.0,2,1,1,1,0,0,1,0,6.9,269.9,0,0,0,0,0,1
24200,124.989,0.0,0,0,1,0,31.195,0.0,0,0,1,0,10.922,-1.227,0,0.0,0,0,1,1,0,1,0,1,0,0,0,12192.0,2,1,1,1,0,0,1,0,7.4,269.6,0,0,0,0,0,1
24300,124.989,0.0,0,0,1,0,31.195,0.0,0,0,1,0,10.799,-1.227,0,0.0,0,0,1,1,0,1,0,1,0,0,0,12192.0,2,1,1,1,0,0,1,0,7.7,266.0,0,0,0,0,0,1
24400,124.989,0.0,0,0,1,0,31.195,0.0,0,0,1,0,10.676,-1.227,0,0.0,0,0,1,1,0,1,0,1,0,0,0,12192.0,2,1,1,1,0,0,1,0,7.4,271.6,0,0,0,0,0,1
24500,124.989,0.0,0,0,1,0,31.195,0.0,0,0,1,0,10.554,-1.227,0,0.0,0,0,1,1,0,1,0,1,0,0,0,12192.0,2,1,1,1,0,0,1,0,6.8,269.5,0,0,0,0,0,1
24600,124.989,0.0,0,0,1,0,31.195,0.0,0,0,1,0,10.431,-1.227,0,0.0,0,0,1,1,0,1,0,1,0,0,0,12192.0,2,1,1,1,0,0,1,0,8.1,272.1,0,0,0,0,0,1
24700,124.989,0.0,0,0,1,0,31.195,0.0,0,0,1,0,10.308,-1.227,0,0.0,0,0,1,1,0,1,0,1,0,0,0,12192.0,2,1,1,1,0,0,1,0,7.8,270.1,0,0,0,0,0,1
24800,124.989,0.0,0,0,1,0,31.195,0.0,0,0,1,0,10.185,-1.227,0,0.0,0,0,1,1,0,1,0,1,0,0,0,12192.0,2,1,1,1,0,0,1,0,7.3,266.6,0,0,0,0,0,1
24900,124.989,0.0,0,0,1,0,31.195,0.0,0,0,1,0,10.063,-1.227,0,0.0,0,0,1,1,0,1,0,1,0,0,0,12192.0,2,1,1,1,0,0,1,0,7.8,267.2,0,0,0,0,0,1
25000,124.989,0.0,0,0,1,0,31.195,0.0,0,0,1,0,9.94,-1.227,0,0.0,0,0,1,1,0,1,0,1,0,0,0,12192.0,2,1,1,1,0,0,1,0,6.8,269.4,0,0,0,0,0,1
25100,124.989,0.0,0,0,1,0,31.195,0.0,0,0,1,0,9.817,-1.227,0,0.0,0,0,1,1,0,1,0,1,0,0,0,12192.0,2,1,1,1,0,0,1,0,7.5,263.9,0,0,0,0,0,1
25200,124.989,0.0,0,0,1,0,31.195,0.0,0,0,1,0,9.695,-1.227,0,0.0,0,0,1,1,0,1,0,1,0,0,0,12192.0,2,1,1,1,0,0,1,0,7.6,270.5,0,0,0,0,0,1
25300,124.989,0.0,0,0,1,0,31.195,0.0,0,0,1,0,9.572,-1.227,0,0.0,0,0,1,1,0,1,0,1,0,0,0,12192.0,2,1,1,1,0,0,1,0,7.8,271.5,0,0,0,0,0,1
25400,124.989,0.0,0,0,1,0,31.195,0.0,0,0,1,0,9.449,-1.227,0,0.0,0,0,1,1,0,1,0,1,0,0,0,12192.0,2,1,1,1,0,0,1,0,7.1,268.7,0,0,0,0,0,1
25500,124.989,0.0,0,0,1,0,31.195,0.0,0,0,1,0,9.327,-1.227,0,0.0,0,0,1,1,0,1,0,1,0,0,0,12192.0,2,1,1,1,0,0,1,0,7.5,270.7,0,0,0,0,0,1
25600,124.989,0.0,0,0,1,0,31.195,0.0,0,0,1,0,9.204,-1.227,0,0.0,0,0,1,1,0,1,0,1,0,0,0,12192.0,2,1,1,1,0,0,1,0,7.1,272.9,0,0,0,0,0,1
25700,124.989,0.0,0,0,1,0,31.195,0.0,0,0,1,0,9.081,-1.227,0,0.0,0,0,1,1,0,1,0,1,0,0,0,12192.0,2,1,1,1,0,0,1,0,7.2,271.6,0,0,0,0,0,1
25800,124.989,0.0,0,0,1,0,31.195,0.0,0,0,1,0,8.959,-1.227,0,0.0,0,0,1,1,0,1,0,1,0,0,0,12192.0,2,1,1,1,0,0,1,0,8.3,267.3,0,0,0,0,0,1
25900,124.989,0.0,0,0,1,0,31.195,0.0,0,0,1,0,8.836,-1.227,0,0.0,0,0,1,1,0,1,0,1,0,0,0,12192.0,2,1,1,1,0,0,1,0,7.6,267.4,0,0,0,0,0,1
26000,124.989,0.0,0,0,1,0,31.195,0.0,0,0,1,0,8.713,-1.227,0,0.0,0,0,1,1,0,1,0,1,0,0,0,12192.0,2,1,1,1,0,0,1,0,7.2,268.2,0,0,0,0,0,1
26100,124.989,0.0,0,0,1,0,31.195,0.0,0,0,1,0,8.591,-1.227,0,0.0,0,0,1,1,0,1,0,1,0,0,0,12192.0,2,1,1,1,0,0,1,0,7.3,270.9,0,0,0,0,0,1
26200,124.989,0.0,0,0,1,0,31.195,0.0,0,0,1,0,8.468,-1.227,0,0.0,0,0,1,1,0,1,0,1,0,0,0,12192.0,2,1,1,1,0,0,1,0,8.0,269.4,0,0,0,0,0,1
26300,124.989,0.0,0,0,1,0,31.195,0.0,0,0,1,0,8.345,-1.227,0,0.0,0,0,1,1,0,1,0,1,0,0,0,12192.0,2,1,1,1,0,0,1,0,8.2,271.1,0,0,0,0,0,1
26400,124.989,0.0,0,0,1,0,31.195,0.0,0,0,1,0,8.223,-1.227,0,0.0,0,0,1,1,0,1,0,1,0,0,0,12192.0,2,1,1,1,0,0,1,0,8.5,268.9,0,0,0,0,0,1
26500,124.989,0.0,0,0,1,0,31.195,0.0,0,0,1,0,8.1,-1.227,0,0.0,0,0,1,1,0,1,0,1,0,0,0,12192.0,2,1,1,1,0,0,1,0,7.5,271.0,0,0,0,0,0,1
26600,124.989,0.0,0,0,1,0,31.195,0.0,0,0,1,0,7.977,-1.227,0,0.0,0,0,1,1,0,1,0,1,0,0,0,12192.0,2,1,1,1,0,0,1,0,8.0,268.5,0,0,0,0,0,1
26700,124.989,0.0,0,0,1,0,31.195,0.0,0,0,1,0,7.855,-1.227,0,0.0,0,0,1,1,0,1,0,1,0,0,0,12192.0,2,1,1,1,0,0,1,0,7.4,274.0,0,0,0,0,0,1
26800,124.989,0.0,0,0,1,0,31.195,0.0,0,0,1,0,7.732,-1.227,0,0.0,0,0,1,1,0,1,0,1,0,0,0,12192.0,2,1,1,1,0,0,1,0,7.7,269.2,0,0,0,0,0,1
26900,124.989,0.0,0,0,1,0,31.195,0.0,0,0,1,0,7.609,-1.227,0,0.0,0,0,1,1,0,1,0,1,0,0,0,12192.0,2,1,1,1,0,0,1,0,7.8,268.4,0,0,0,0,0,1
27000,124.989,0.0,0,0,1,0,31.195,0.0,0,0,1,0,7.487,-1.227,0,0.0,0,0,1,1,0,1,0,1,0,0,0,12192.0,2,1,1,1,0,0,1,0,7.8,270.4,0,0,0,0,0,1
27100,124.989,0.0,0,0,1,0,31.195,0.0,0,0,1,0,7.364,-1.227,0,0.0,0,0,1,1,0,1,0,1,0,0,0,12192.0,2,1,1,1,0,0,1,0,8.0,268.3,0,0,0,0,0,1
27200,124.989,0.0,0,0,1,0,31.195,0.0,0,0,1,0,7.241,-1.227,0,0.0,0,0,1,1,0,1,0,1,0,0,0,12192.0,2,1,1,1,0,0,1,0,8.2,269.6,0,0,0,0,0,1
27300,124.989,0.0,0,0,1,0,31.195,0.0,0,0,1,0,7.119,-1.227,0,0.0,0,0,1,1,0,1,0,1,0,0,0,12192.0,2,1,1,1,0,0,1,0,7.5,268.2,0,0,0,0,0,1
27400,124.989,0.0,0,0,1,0,31.195,0.0,0,0,1,0,6.996,-1.227,0,0.0,0,0,1,1,0,1,0,1,0,0,0,12192.0,2,1,1,1,0,0,1,0,8.3,270.0,0,0,0,0,0,1
27500,124.989,0.0,0,0,1,0,31.195,0.0,0,0,1,0,6.873,-1.227,0,0.0,0,0,1,1,0,1,0,1,0,0,0,12192.0,2,1,1,1,0,0,1,0,7.5,268.9,0,0,0,0,0,1
27600,124.989,0.0,0,0,1,0,31.195,0.0,0,0,1,0,6.751,-1.227,0,0.0,0,0,1,1,0,1,0,1,0,0,0,12192.0,2,1,1,1,0,0,1,0,8.8,266.8,0,0,0,0,0,1
27700,124.989,0.0,0,0,1,0,31.195,0.0,0,0,1,0,6.628,-1.227,0,0.0,0,0,1,1,0,1,0,1,0,0,0,12192.0,2,1,1,1,0,0,1,0,8.6,271.5,0,0,0,0,0,1
27800,124.989,0.0,0,0,1,0,31.195,0.0,0,0,1,0,6.505,-1.227,0,0.0,0,0,1,1,0,1,0,1,0,0,0,12192.0,2,1,1,1,0,0,1,0,8.8,269.9,0,0,0,0,0,1
27900,124.989,0.0,0,0,1,0,31.195,0.0,0,0,1,0,6.383,-1.227,0,0.0,0,0,1,1,0,1,0,1,0,0,0,12192.0,2,1,1,1,0,0,1,0,8.4,270.0,0,0,0,0,0,1
28000,124.989,0.0,0,0,1,0,31.195,0.0,0,0,1,0,6.26,-1.227,0,0.0,0,0,1,1,0,1,0,1,0,0,0,12192.0,2,1,1,1,0,0,1,0,8.3,272.5,0,0,0,0,0,1
28100,124.989,0.0,0,0,1,0,31.195,0.0,0,0,1,0,6.137,-1.227,0,0.0,0,0,1,1,0,1,0,1,0,0,0,12192.0,2,1,1,1,0,0,1,0,8.2,273.7,0,0,0,0,0,1
28200,124.989,0.0,0,0,1,0,31.195,0.0,0,0,1,0,6.015,-1.227,0,0.0,0,0,1,1,0,1,0,1,0,0,0,12192.0,2,1,1,1,0,0,1,0,8.0,269.5,0,0,0,0,0,1
28300,124.989,0.0,0,0,1,0,31.195,0.0,0,0,1,0,5.892,-1.227,0,0.0,0,0,1,1,0,1,0,1,0,0,0,12192.0,2,1,1,1,0,0,1,0,8.7,271.3,0,0,0,0,0,1
28400,124.989,0.0,0,0,1,0,31.195,0.0,0,0,1,0,5.769,-1.227,0,0.0,0,0,1,1,0,1,0,1,0,0,0,12192.0,2,1,1,1,0,0,1,0,8.7,270.5,0,0,0,0,0,1
28500,124.989,0.0,0,0,1,0,31.195,0.0,0,0,1,0,5.646,-1.227,0,0.0,0,0,1,1,0,1,0,1,0,0,0,12192.0,2,1,1,1,0,0,1,0,8.2,272.6,0,0,0,0,0,1
28600,124.989,0.0,0,0,1,0,31.195,0.0,0,0,1,0,5.524,-1.227,0,0.0,0,0,1,1,0,1,0,1,0,0,0,12192.0,2,1,1,1,0,0,1,0,9.1,266.9,0,0,0,0,0,1
28700,124.989,0.0,0,0,1,0,31.195,0.0,0,0,1,0,5.401,-1.227,0,0.0,0,0,1,1,0,1,0,1,0,0,0,12192.0,2,1,1,1,0,0,1,0,8.7,275.6,0,0,0,0,0,1
28800,124.989,0.0,0,0,1,0,31.195,0.0,0,0,1,0,5.278,-1.227,0,0.0,0,0,1,1,0,1,0,1,0,0,0,12192.0,2,1,1,1,0,0,1,0,7.9,265.6,0,0,0,0,0,1
28900,124.989,0.0,0,0,1,0,31.195,0.0,0,0,1,0,5.156,-1.227,0,0.0,0,0,1,1,0,1,0,1,0,0,0,12192.0,2,1,1,1,0,0,1,0,9.0,271.1,0,0,0,0,0,1
29000,124.989,0.0,0,0,1,0,31.195,0.0,0,0,1,0,5.033,-1.227,0,0.0,0,0,1,1,0,1,0,1,0,0,0,12192.0,2,1,1,1,0,0,1,0,9.2,271.8,0,0,0,0,0,1
29100,124.989,0.0,0,0,1,0,31.195,0.0,0,0,1,0,4.91,-1.227,0,0.0,0,0,1,1,0,1,0,1,0,0,0,12192.0,2,1,1,1,0,0,1,0,8.8,268.6,0,0,0,0,0,1
29200,124.989,0.0,0,0,1,0,31.195,0.0,0,0,1,0,4.788,-1.227,0,0.0,0,0,1,1,0,1,0,1,0,0,0,12192.0,2,1,1,1,0,0,1,0,8.3,272.7,0,0,0,0,0,1
29300,124.989,0.0,0,0,1,0,31.195,0.0,0,0,1,0,4.665,-1.227,0,0.0,0,0,1,1,0,1,0,1,0,0,0,12192.0,2,1,1,1,0,0,1,0,9.1,267.2,0,0,0,0,0,1
29400,124.989,0.0,0,0,1,0,31.195,0.0,0,0,1,0,4.542,-1.227,0,0.0,0,0,1,1,0,1,0,1,0,0,0,12192.0,2,1,1,1,0,0,1,0,8.6,266.9,0,0,0,0,0,1
29500,124.989,0.0,0,0,1,0,31.195,0.0,0,0,1,0,4.42,-1.227,0,0.0,0,0,1,1,0,1,0,1,0,0,0,12192.0,2,1,1,1,0,0,1,0,8.6,269.5,0,0,0,0,0,1
29600,124.989,0.0,0,0,1,0,31.195,0.0,0,0,1,0,4.297,-1.227,0,0.0,0,0,1,1,0,1,0,1,0,0,0,12192.0,2,1,1,1,0,0,1,0,8.2,270.3,0,0,0,0,0,1
29700,124.989,0.0,0,0,1,0,31.195,0.0,0,0,1,0,4.174,-1.227,0,0.0,0,0,1,1,0,1,0,1,0,0,0,12192.0,2,1,1,1,0,0,1,0,9.3,269.4,0,0,0,0,0,1
29800,124.989,0.0,0,0,1,0,31.195,0.0,0,0,1,0,4.052,-1.227,0,0.0,0,0,1,1,0,1,0,1,0,0,0,12192.0,2,1,1,1,0,0,1,0,8.3,268.5,0,0,0,0,0,1
29900,124.989,0.0,0,0,1,0,31.195,0.0,0,0,1,0,3.929,-1.227,0,0.0,0,0,1,1,0,1,0,1,0,0,0,12192.0,2,1,1,1,0,0,1,0,8.4,267.9,0,0,0,0,0,1
30000,124.989,0.0,0,0,1,0,31.195,0.0,0,0,1,0,3.806,-1.227,0,0.0,0,0,1,1,0,1,0,1,0,0,0,12192.0,2,1,1,1,0,0,1,0,8.0,271.4,0,0,0,0,0,1
30100,124.989,0.0,0,0,1,0,31.195,0.0,0,0,1,0,3.688,-1.18,0,0.0,0,0,1,1,0,1,0,1,0,0,0,12192.0,2,1,1,1,0,0,1,0,8.5,272.3,0,0,0,0,0,1
30200,124.989,0.0,0,0,1,0,31.195,0.0,0,0,1,0,3.575,-1.132,0,0.0,0,0,1,1,0,1,0,1,0,0,0,12192.0,2,1,1,1,0,0,1,0,8.3,266.0,0,0,0,0,0,1
30300,124.989,0.0,0,0,1,0,31.195,0.0,0,0,1,0,3.467,-1.085,0,0.0,0,0,1,1,0,1,0,1,0,0,0,12192.0,2,1,1,1,0,0,1,0,9.3,268.1,0,0,0,0,0,1
30400,124.989,0.0,0,0,1,0,31.195,0.0,0,0,1,0,3.363,-1.038,0,0.0,0,0,1,1,0,1,0,1,0,0,0,12192.0,2,1,1,1,0,0,1,0,8.2,272.9,0,0,0,0,0,1
30500,124.989,0.0,0,0,1,0,31.195,0.0,0,0,1,0,3.264,-0.991,0,0.0,0,0,1,1,0,1,0,1,0,0,0,12192.0,2,1,1,1,0,0,1,0,7.4,271.2,0,0,0,0,0,1
30600,124.989,0.0,0,0,1,0,31.195,0.0,0,0,1,0,3.169,-0.943,0,0.0,0,0,1,1,0,1,0,1,0,0,0,12192.0,2,1,1,1,0,0,1,0,7.5,267.1,0,0,0,0,0,1
30700,124.989,0.0,0,0,1,0,31.195,0.0,0,0,1,0,3.08,-0.896,0,0.0,0,0,1,1,0,1,0,1,0,0,0,12192.0,2,1,1,1,0,0,1,0,7.8,270.3,0,0,0,0,0,1
30800,124.989,0.0,0,0,1,0,31.195,0.0,0,0,1,0,2.995,-0.849,0,0.0,0,0,1,1,0,1,0,1,0,0,0,12192.0,2,1,1,1,0,0,1,0,8.3,269.3,0,0,0,0,0,1
30900,124.989,0.0,0,0,1,0,31.195,0.0,0,0,1,0,2.915,-0.802,0,0.0,0,0,1,1,0,1,0,1,0,0,0,12192.0,2,1,1,1,0,0,1,0,7.4,271.3,0,0,0,0,0,1
31000,124.989,0.0,0,0,1,0,31.195,0.0,0,0,1,0,2.839,-0.754,0,0.0,0,0,1,1,0,1,0,1,0,0,0,12192.0,2,1,1,1,0,0,1,0,8.8,269.9,0,0,0,0,0,1
31100,124.989,0.0,0,0,1,0,31.195,0.0,0,0,1,0,2.769,-0.707,0,0.0,0,0,1,1,0,1,0,1,0,0,0,12192.0,2,1,1,1,0,0,1,0,7.7,268.6,0,0,0,0,0,1
31200,124.989,0.0,0,0,1,0,31.195,0.0,0,0,1,0,2.703,-0.659,0,0.0,0,0,1,1,0,1,0,1,0,0,0,12192.0,2,1,1,1,0,0,1,0,8.7,270.9,0,0,0,0,0,1
31300,124.989,0.0,0,0,1,0,31.195,0.0,0,0,1,0,2.642,-0.61,0,0.0,0,0,1,1,0,1,0,1,0,0,0,12192.0,2,1,1,1,0,0,1,0,8.2,274.9,0,0,0,0,0,1
31400,124.989,0.0,0,0,1,0,31.195,0.0,0,0,1,0,2.586,-0.56,0,0.0,0,0,1,1,0,1,0,1,0,0,0,12192.0,2,1,1,1,0,0,1,0,8.5,267.8,0,0,0,0,0,1
31500,124.989,0.0,0,0,1,0,31.195,0.0,0,0,1,0,2.535,-0.511,0,0.0,0,0,1,1,0,1,0,1,0,0,0,12192.0,2,1,1,1,0,0,1,0,7.1,270.0,0,0,0,0,0,1
31600,124.989,0.0,0,0,1,0,31.195,0.0,0,0,1,0,2.489,-0.461,0,0.0,0,0,1,1,0,1,0,1,0,0,0,12192.0,2,1,1,1,0,0,1,0,7.8,266.9,0,0,0,0,0,1
31700,124.989,0.0,0,0,1,0,31.195,0.0,0,0,1,0,2.447,-0.411,0,0.0,0,0,1,1,0,1,0,1,0,0,0,12192.0,2,1,1,1,0,0,1,0,7.6,270.2,0,0,0,0,0,1
31800,124.989,0.0,0,0,1,0,31.195,0.0,0,0,1,0,2.411,-0.361,0,0.0,0,0,1,1,0,1,0,1,0,0,0,12192.0,2,1,1,1,0,0,1,0,7.4,270.8,0,0,0,0,0,1
31900,124.989,0.0,0,0,1,0,31.195,0.0,0,0,1,0,2.38,-0.31,0,0.0,0,0,1,1,0,1,0,1,0,0,0,12192.0,2,1,1,1,0,0,1,0,6.9,271.7,0,0,0,0,0,1
32000,124.989,0.0,0,0,1,0,31.195,0.0,0,0,1,0,2.354,-0.259,0,0.0,0,0,1,1,0,1,0,1,0,0,0,12192.0,2,1,1,1,0,0,1,0,7.5,270.8,0,0,0,0,0,1
32100,124.989,0.0,0,0,1,0,31.195,0.0,0,0,1,0,2.334,-0.206,0,0.0,0,0,1,1,0,1,0,1,0,0,0,12192.0,2,1,1,1,0,0,1,0,7.4,273.2,0,0,0,0,0,1
32200,124.989,0.0,0,0,1,0,31.195,0.0,0,0,1,0,2.319,-0.152,0,0.0,0,0,1,1,0,1,0,1,0,0,0,12192.0,2,1,1,1,0,0,1,0,8.4,265.8,0,0,0,0,0,1
32300,124.989,0.0,0,0,1,0,31.195,0.0,0,0,1,0,2.309,-0.093,0,0.0,0,0,1,1,0,1,0,1,0,0,0,12192.0,2,1,1,1,0,0,1,0,7.8,267.8,0,0,0,0,0,1
32400,124.989,0.0,0,0,0,0,31.195,0.0,0,0,0,0,2.305,0.0,0,0.0,0,0,0,0,0,1,0,1,0,0,0,12192.0,2,1,1,0,1,0,1,0,8.0,269.9,0,0,0,0,0,1
32500,124.989,0.0,0,0,0,0,31.195,0.0,0,0,0,0,2.305,0.0,0,0.0,0,0,0,0,0,1,0,1,1,1,0,12192.0,2,1,1,0,1,0,1,0,7.1,274.0,0,0,0,0,0,1
32600,124.989,0.0,0,0,0,0,31.195,0.0,0,0,0,0,2.305,0.0,0,0.0,0,0,0,0,0,1,0,1,1,1,0,12192.0,2,1,1,0,1,0,1,0,7.2,269.3,0,0,0,0,0,1
32700,124.989,0.0,0,0,0,0,31.195,0.0,0,0,0,0,2.305,0.0,0,0.0,0,0,0,0,0,1,0,1,1,1,0,12192.0,2,1,1,0,1,0,1,0,7.7,274.1,0,0,0,0,0,1
32800,124.989,0.0,0,0,0,0,31.195,0.0,0,0,0,0,2.305,0.0,0,0.0,0,0,0,0,0,1,0,1,1,1,0,12192.0,2,1,1,0,1,0,1,0,7.2,265.1,0,0,0,0,0,1
32900,124.989,0.0,0,0,0,0,31.195,0.0,0,0,0,0,2.305,0.0,0,0.0,0,0,0,0,0,1,0,1,1,1,0,12192.0,2,1,1,0,1,0,1,0,7.3,268.8,0,0,0,0,0,1
33000,124.989,0.0,0,0,0,0,31.195,0.0,0,0,0,0,2.305,0.0,0,0.0,0,0,0,0,0,1,0,1,1,1,0,12192.0,2,1,1,0,1,0,1,0,7.2,268.3,0,0,0,0,0,1
33100,124.989,0.0,0,0,0,0,31.195,0.0,0,0,0,0,2.305,0.0,0,0.0,0,0,0,0,0,1,0,1,1,1,0,12192.0,2,1,1,0,1,0,1,0,7.8,269.2,0,0,0,0,0,1
33200,124.989,0.0,0,0,0,0,31.195,0.0,0,0,0,0,2.305,0.0,0,0.0,0,0,0,0,0,1,0,1,1,1,0,12192.0,2,1,1,0,1,0,1,0,7.5,269.1,0,0,0,0,0,1
33300,124.989,0.0,0,0,0,0,31.195,0.0,0,0,0,0,2.305,0.0,0,0.0,0,0,0,0,0,1,0,1,1,1,0,12192.0,2,1,1,0,1,0,1,0,7.8,269.3,0,0,0,0,0,1
33400,124.989,0.0,0,0,0,0,31.195,0.0,0,0,0,0,2.305,0.0,0,0.0,0,0,0,0,0,1,0,1,1,1,0,12192.0,2,1,1,0,1,0,1,0,6.4,272.8,0,0,0,0,0,1
33500,124.989,0.0,0,0,0,0,31.195,0.0,0,0,0,0,2.305,0.0,0,31.73,0,0,0,0,0,1,1,0,1,1,0,12192.0,2,1,1,0,1,0,1,0,7.1,270.5,0,0,0,0,0,1
33600,124.989,0.0,0,0,0,0,31.195,0.0,0,0,0,0,2.305,0.0,0,32.08,0,0,0,0,0,1,1,0,1,1,0,12192.0,2,1,1,0,1,0,1,0,7.5,274.6,0,0,0,0,0,1
33700,124.989,0.0,0,0,0,0,31.195,0.0,0,0,0,0,2.305,0.0,0,31.91,0,0,0,0,0,1,1,0,1,1,0,12192.0,2,1,1,0,1,0,1,0,7.6,270.6,0,0,0,0,0,1
33800,124.989,0.0,0,0,0,0,31.195,0.0,0,0,0,0,2.305,0.0,0,32.14,0,0,0,0,0,1,1,0,1,1,0,12192.0,2,1,1,0,1,0,1,0,7.7,271.8,0,0,0,0,0,1
33900,124.989,0.0,0,0,0,0,31.195,0.0,0,0,0,0,2.305,0.0,0,31.94,0,0,0,0,0,1,1,0,1,1,0,12192.0,2,1,1,0,1,0,1,0,7.5,270.7,0,0,0,0,0,1
34000,124.989,0.0,0,0,0,0,31.195,0.0,0,0,0,0,2.305,0.0,0,31.84,0,0,0,0,0,1,1,0,1,1,0,12192.0,2,1,1,0,1,0,1,0,7.2,269.5,0,0,0,0,0,1
34100,124.989,0.0,0,0,0,0,31.195,0.0,0,0,0,0,2.305,0.0,0,31.99,0,0,0,0,0,1,1,0,1,1,0,12192.0,2,1,1,0,1,0,1,0,7.7,270.1,0,0,0,0,0,1
34200,124.989,0.0,0,0,0,0,31.195,0.0,0,0,0,0,2.305,0.0,0,32.06,0,0,0,0,0,1,1,0,1,1,0,12192.0,2,1,1,0,1,0,1,0,7.7,269.2,0,0,0,0,0,1
34300,124.989,0.0,0,0,0,0,31.195,0.0,0,0,0,0,2.305,0.0,0,31.99,0,0,0,0,0,1,1,0,1,1,0,12192.0,2,1,1,0,1,0,1,0,6.3,268.4,0,0,0,0,0,1
34400,124.989,0.0,0,0,0,0,31.195,0.0,0,0,0,0,2.305,0.0,0,31.88,0,0,0,0,0,1,1,0,1,1,0,12192.0,2,1,1,0,1,0,1,0,7.4,270.7,0,0,0,0,0,1
34500,124.989,0.0,0,0,0,0,31.195,0.0,0,0,0,0,2.305,0.0,0,31.99,0,0,0,0,0,1,1,0,1,1,0,12192.0,2,1,1,0,1,0,1,0,7.5,264.3,0,0,0,0,0,1
34600,124.989,0.0,0,0,0,0,31.195,0.0,0,0,0,0,2.305,0.0,0,31.8,0,0,0,0,0,1,1,0,1,1,0,12192.0,2,1,1,0,1,0,1,0,7.3,276.7,0,0,0,0,0,1
34700,124.989,0.0,0,0,0,0,31.195,0.0,0,0,0,0,2.305,0.0,0,32.09,0,0,0,0,0,1,1,0,1,1,0,12192.0,2,1,1,0,1,0,1,0,8.1,268.7,0,0,0,0,0,1
34800,124.989,0.0,0,0,0,0,31.195,0.0,0,0,0,0,2.305,0.0,0,31.96,0,0,0,0,0,1,1,0,1,1,0,12192.0,2,1,1,0,1,0,1,0,7.8,271.3,0,0,0,0,0,1
34900,124.989,0.0,0,0,1,0,31.195,0.0,0,0,1,0,2.309,0.047,1,33.63,0,0,1,1,0,1,1,0,0,1,0,12192.0,2,1,1,1,0,0,1,0,7.9,268.7,0,0,0,0,0,1
35000,124.989,0.0,0,0,1,0,31.195,0.0,0,0,1,0,2.319,0.094,1,33.57,0,0,1,1,0,1,1,0,0,1,0,12192.0,2,1,1,1,0,0,1,0,7.5,270.5,0,0,0,0,0,1
35100,124.989,0.0,0,0,1,0,31.195,0.0,0,0,1,0,2.333,0.142,1,33.37,0,0,1,1,0,1,1,0,0,1,0,12192.0,2,1,1,1,0,0,1,0,8.0,272.1,0,0,0,0,0,1
35200,124.989,0.0,0,0,1,0,31.195,0.0,0,0,1,0,2.352,0.189,1,33.52,0,0,1,1,0,1,1,0,0,1,0,12192.0,2,1,1,1,0,0,1,0,7.4,270.5,0,0,0,0,0,1
35300,124.989,0.0,0,0,1,0,31.195,0.0,0,0,1,0,2.375,0.236,1,33.53,0,0,1,1,0,1,1,0,0,1,0,12192.0,2,1,1,1,0,0,1,0,8.0,270.4,0,0,0,0,0,1
35400,124.989,0.0,0,0,1,0,31.195,0.0,0,0,1,0,2.404,0.283,1,33.34,0,0,1,1,0,1,1,0,0,1,0,12192.0,2,1,1,1,0,0,1,0,8.2,267.5,0,0,0,0,0,1
35500,124.989,0.0,0,0,1,0,31.195,0.0,0,0,1,0,2.437,0.331,1,33.38,0,0,1,1,0,1,1,0,0,1,0,12192.0,2,1,1,1,0,0,1,0,8.3,270.5,0,0,0,0,0,1
35600,124.989,0.0,0,0,1,0,31.195,0.0,0,0,1,0,2.475,0.378,1,33.44,0,0,1,1,0,1,1,0,0,1,0,12192.0,2,1,1,1,0,0,1,0,8.3,268.3,0,0,0,0,0,1
35700,124.989,0.0,0,0,1,0,31.195,0.0,0,0,1,0,2.517,0.425,1,33.65,0,0,1,1,0,1,1,0,0,1,0,12192.0,2,1,1,1,0,0,1,0,7.8,273.4,0,0,0,0,0,1
35800,124.989,0.0,0,0,1,0,31.195,0.0,0,0,1,0,2.564,0.472,1,33.65,0,0,1,1,0,1,1,0,0,1,0,12192.0,2,1,1,1,0,0,1,0,8.9,268.3,0,0,0,0,0,1
35900,124.989,0.0,0,0,1,0,31.195,0.0,0,0,1,0,2.616,0.52,1,33.6,0,0,1,1,0,1,1,0,0,1,0,12192.0,2,1,1,1,0,0,1,0,8.3,271.7,0,0,0,0,0,1
36000,124.989,0.0,0,0,1,0,31.195,0.0,0,0,1,0,2.673,0.567,1,33.45,0,0,1,1,0,1,1,0,0,1,0,12192.0,2,1,1,1,0,0,1,0,7.3,268.7,0,0,0,0,0,1
36100,124.989,0.0,0,0,1,0,31.195,0.0,0,0,1,0,2.734,0.614,1,33.59,0,0,1,1,0,1,1,0,0,1,0,12192.0,2,1,1,1,0,0,1,0,8.4,265.2,0,0,0,0,0,1
36200,124.989,0.0,0,0,1,0,31.195,0.0,0,0,1,0,2.801,0.661,1,33.77,0,0,1,1,0,1,1,0,0,1,0,12192.0,2,1,1,1,0,0,1,0,7.8,268.1,0,0,0,0,0,1
36300,124.989,0.0,0,0,1,0,31.195,0.0,0,0,1,0,2.871,0.709,1,33.51,0,0,1,1,0,1,1,0,0,1,0,12192.0,2,1,1,1,0,0,1,0,9.1,269.7,0,0,0,0,0,1
36400,124.989,0.0,0,0,1,0,31.195,0.0,0,0,1,0,2.947,0.756,1,33.69,0,0,1,1,0,1,1,0,0,1,0,12192.0,2,1,1,1,0,0,1,0,9.0,270.8,0,0,0,0,0,1
36500,124.989,0.0,0,0,1,0,31.195,0.0,0,0,1,0,3.027,0.803,1,33.69,0,0,1,1,0,1,1,0,0,1,0,12192.0,2,1,1,1,0,0,1,0,8.3,269.1,0,0,0,0,0,1
36600,124.989,0.0,0,0,1,0,31.195,0.0,0,0,1,0,3.112,0.85,1,33.46,0,0,1,1,0,1,1,0,0,1,0,12192.0,2,1,1,1,0,0,1,0,8.9,266.2,0,0,0,0,0,1
36700,124.989,0.0,0,0,1,0,31.195,0.0,0,0,1,0,3.202,0.897,1,33.62,0,0,1,1,0,1,1,0,0,1,0,12192.0,2,1,1,1,0,0,1,0,8.5,269.3,0,0,0,0,0,1
36800,124.989,0.0,0,0,1,0,31.195,0.0,0,0,1,0,3.296,0.945,1,33.6,0,0,1,1,0,1,1,0,0,1,0,12192.0,2,1,1,1,0,0,1,0,8.4,268.7,0,0,0,0,0,1
36900,124.989,0.0,0,0,1,0,31.195,0.0,0,0,1,0,3.396,0.992,1,33.26,0,0,1,1,0,1,1,0,0,1,0,12192.0,2,1,1,1,0,0,1,0,8.3,268.9,0,0,0,0,0,1
37000,124.989,0.0,0,0,1,0,31.195,0.0,0,0,1,0,3.5,1.039,1,33.59,0,0,1,1,0,1,1,0,0,1,0,12192.0,2,1,1,1,0,0,1,0,8.9,272.2,0,0,0,0,0,1
37100,124.989,0.0,0,0,1,0,31.195,0.0,0,0,1,0,3.608,1.086,1,33.4,0,0,1,1,0,1,1,0,0,1,0,12192.0,2,1,1,1,0,0,1,0,9.0,269.2,0,0,0,0,0,1
37200,124.989,0.0,0,0,1,0,31.195,0.0,0,0,1,0,3.722,1.134,1,33.52,0,0,1,1,0,1,1,0,0,1,0,12192.0,2,1,1,1,0,0,1,0,8.9,269.9,0,0,0,0,0,1
37300,124.989,0.0,0,0,1,0,31.195,0.0,0,0,1,0,3.84,1.181,1,33.61,0,0,1,1,0,1,1,0,0,1,0,12192.0,2,1,1,1,0,0,1,0,7.7,267.4,0,0,0,0,0,1
37400,124.989,0.0,0,0,1,0,31.195,0.0,0,0,1,0,3.962,1.227,1,33.48,0,0,1,1,0,1,1,0,0,1,0,12192.0,2,1,1,1,0,0,1,0,8.2,271.3,0,0,0,0,0,1
37500,124.989,0.0,0,0,1,0,31.195,0.0,0,0,1,0,4.085,1.227,1,33.38,0,0,1,1,0,1,1,0,0,1,0,12192.0,2,1,1,1,0,0,1,0,8.6,269.5,0,0,0,0,0,1
37600,124.989,0.0,0,0,1,0,31.195,0.0,0,0,1,0,4.208,1.227,1,33.5,0,0,1,1,0,1,1,0,0,1,0,12192.0,2,1,1,1,0,0,1,0,8.5,265.4,0,0,0,0,0,1
37700,124.989,0.0,0,0,1,0,31.195,0.0,0,0,1,0,4.33,1.227,1,33.57,0,0,1,1,0,1,1,0,0,1,0,12192.0,2,1,1,1,0,0,1,0,9.6,270.6,0,0,0,0,0,1
37800,124.989,0.0,0,0,1,0,31.195,0.0,0,0,1,0,4.453,1.227,1,33.41,0,0,1,1,0,1,1,0,0,1,0,12192.0,2,1,1,1,0,0,1,0,8.2,268.2,0,0,0,0,0,1
37900,124.989,0.0,0,0,1,0,31.195,0.0,0,0,1,0,4.576,1.227,1,33.69,0,0,1,1,0,1,1,0,0,1,0,12192.0,2,1,1,1,0,0,1,0,8.5,268.7,0,0,0,0,0,1
38000,124.989,0.0,0,0,1,0,31.195,0.0,0,0,1,0,4.698,1.227,1,33.5,0,0,1,1,0,1,1,0,0,1,0,12192.0,2,1,1,1,0,0,1,0,8.0,269.7,0,0,0,0,0,1
38100,124.989,0.0,0,0,1,0,31.195,0.0,0,0,1,0,4.821,1.227,1,33.62,0,0,1,1,0,1,1,0,0,1,0,12192.0,2,1,1,1,0,0,1,0,8.6,270.6,0,0,0,0,0,1
38200,124.989,0.0,0,0,1,0,31.195,0.0,0,0,1,0,4.944,1.227,1,33.41,0,0,1,1,0,1,1,0,0,1,0,12192.0,2,1,1,1,0,0,1,0,8.7,269.3,0,0,0,0,0,1
38300,124.989,0.0,0,0,1,0,31.195,0.0,0,0,1,0,5.066,1.227,1,33.32,0,0,1,1,0,1,1,0,0,1,0,12192.0,2,1,1,1,0,0,1,0,9.3,269.7,0,0,0,0,0,1
38400,124.989,0.0,0,0,1,0,31.195,0.0,0,0,1,0,5.189,1.227,1,33.65,0,0,1,1,0,1,1,0,0,1,0,12192.0,2,1,1,1,0,0,1,0,8.3,266.7,0,0,0,0,0,1
38500,124.989,0.0,0,0,1,0,31.195,0.0,0,0,1,0,5.312,1.227,1,33.6,0,0,1,1,0,1,1,0,0,1,0,12192.0,2,1,1,1,0,0,1,0,7.8,269.3,0,0,0,0,0,1
38600,124.989,0.0,0,0,1,0,31.195,0.0,0,0,1,0,5.434,1.227,1,33.49,0,0,1,1,0,1,1,0,0,1,0,12192.0,2,1,1,1,0,0,1,0,9.6,274.5,0,0,0,0,0,1
38700,124.989,0.0,0,0,1,0,31.195,0.0,0,0,1,0,5.557,1.227,1,33.42,0,0,1,1,0,1,1,0,0,1,0,12192.0,2,1,1,1,0,0,1,0,9.0,269.0,0,0,0,0,0,1
38800,124.989,0.0,0,0,1,0,31.195,0.0,0,0,1,0,5.68,1.227,1,33.66,0,0,1,1,0,1,1,0,0,1,0,12192.0,2,1,1,1,0,0,1,0,8.3,271.9,0,0,0,0,0,1
38900,124.989,0.0,0,0,1,0,31.195,0.0,0,0,1,0,5.802,1.227,1,33.72,0,0,1,1,0,1,1,0,0,1,0,12192.0,2,1,1,1,0,0,1,0,8.1,268.1,0,0,0,0,0,1
39000,124.989,0.0,0,0,1,0,31.195,0.0,0,0,1,0,5.925,1.227,1,33.63,0,0,1,1,0,1,1,0,0,1,0,12192.0,2,1,1,1,0,0,1,0,8.8,270.6,0,0,0,0,0,1
39100,124.989,0.0,0,0,1,0,31.195,0.0,0,0,1,0,6.048,1.227,1,33.43,0,0,1,1,0,1,1,0,0,1,0,12192.0,2,1,1,1,0,0,1,0,9.1,269.4,0,0,0,0,0,1
39200,124.989,0.0,0,0,1,0,31.195,0.0,0,0,1,0,6.171,1.227,1,33.65,0,0,1,1,0,1,1,0,0,1,0,12192.0,2,1,1,1,0,0,1,0,7.7,267.4,0,0,0,0,0,1
39300,124.989,0.0,0,0,1,0,31.195,0.0,0,0,1,0,6.293,1.227,1,33.39,0,0,1,1,0,1,1,0,0,1,0,12192.0,2,1,1,1,0,0,1,0,9.2,274.4,0,0,0,0,0,1
39400,124.989,0.0,0,0,1,0,31.195,0.0,0,0,1,0,6.416,1.227,1,33.72,0,0,1,1,0,1,1,0,0,1,0,12192.0,2,1,1,1,0,0,1,0,7.3,269.6,0,0,0,0,0,1
39500,124.989,0.0,0,0,1,0,31.195,0.0,0,0,1,0,6.539,1.227,1,33.35,0,0,1,1,0,1,1,0,0,1,0,12192.0,2,1,1,1,0,0,1,0,7.6,263.8,0,0,0,0,0,1
39600,124.989,0.0,0,0,1,0,31.195,0.0,0,0,1,0,6.661,1.227,1,33.73,0,0,1,1,0,1,1,0,0,1,0,12192.0,2,1,1,1,0,0,1,0,8.1,274.0,0,0,0,0,0,1
39700,124.989,0.0,0,0,1,0,31.195,0.0,0,0,1,0,6.784,1.227,1,33.57,0,0,1,1,0,1,1,0,0,1,0,12192.0,2,1,1,1,0,0,1,0,8.2,273.9,0,0,0,0,0,1
39800,124.989,0.0,0,0,1,0,31.195,0.0,0,0,1,0,6.907,1.227,1,33.67,0,0,1,1,0,1,1,0,0,1,0,12192.0,2,1,1,1,0,0,1,0,8.2,271.8,0,0,0,0,0,1
39900,124.989,0.0,0,0,1,0,31.195,0.0,0,0,1,0,7.029,1.227,1,33.55,0,0,1,1,0,1,1,0,0,1,0,12192.0,2,1,1,1,0,0,1,0,8.6,268.9,0,0,0,0,0,1
40000,124.989,0.0,0,0,1,0,31.195,0.0,0,0,1,0,7.152,1.227,1,33.55,0,0,1,1,0,1,1,0,0,1,0,12192.0,2,1,1,1,0,0,1,0,8.5,266.7,0,0,0,0,0,1
40100,124.989,0.0,0,0,1,0,31.195,0.0,0,0,1,0,7.275,1.227,1,33.42,0,0,1,1,0,1,1,0,0,1,0,12192.0,2,1,1,1,0,0,1,0,8.0,272.0,0,0,0,0,0,1
40200,124.989,0.0,0,0,1,0,31.195,0.0,0,0,1,0,7.397,1.227,1,33.48,0,0,1,1,0,1,1,0,0,1,0,12192.0,2,1,1,1,0,0,1,0,8.3,270.7,0,0,0,0,0,1
40300,124.989,0.0,0,0,1,0,31.195,0.0,0,0,1,0,7.52,1.227,1,33.86,0,0,1,1,0,1,1,0,0,1,0,12192.0,2,1,1,1,0,0,1,0,7.5,268.5,0,0,0,0,0,1
40400,124.989,0.0,0,0,1,0,31.195,0.0,0,0,1,0,7.643,1.227,1,33.58,0,0,1,1,0,1,1,0,0,1,0,12192.0,2,1,1,1,0,0,1,0,8.3,271.7,0,0,0,0,0,1
40500,124.989,0.0,0,0,1,0,31.195,0.0,0,0,1,0,7.765,1.227,1,33.4,0,0,1,1,0,1,1,0,0,1,0,12192.0,2,1,1,1,0,0,1,0,8.7,271.9,0,0,0,0,0,1
40600,124.989,0.0,0,0,1,0,31.195,0.0,0,0,1,0,7.888,1.227,1,33.44,0,0,1,1,0,1,1,0,0,1,0,12192.0,2,1,1,1,0,0,1,0,7.5,269.4,0,0,0,0,0,1
40700,124.989,0.0,0,0,1,0,31.195,0.0,0,0,1,0,8.011,1.227,1,33.47,0,0,1,1,0,1,1,0,0,1,0,12192.0,2,1,1,1,0,0,1,0,8.0,271.8,0,0,0,0,0,1
40800,124.989,0.0,0,0,1,0,31.195,0.0,0,0,1,0,8.133,1.227,1,33.55,0,0,1,1,0,1,1,0,0,1,0,12192.0,2,1,1,1,0,0,1,0,7.6,266.8,0,0,0,0,0,1
40900,124.989,0.0,0,0,1,0,31.195,0.0,0,0,1,0,8.256,1.227,1,33.66,0,0,1,1,0,1,1,0,0,1,0,12192.0,2,1,1,1,0,0,1,0,6.8,268.7,0,0,0,0,0,1
41000,124.989,0.0,0,0,1,0,31.195,0.0,0,0,1,0,8.379,1.227,1,33.53,0,0,1,1,0,1,1,0,0,1,0,12192.0,2,1,1,1,0,0,1,0,7.7,269.2,0,0,0,0,0,1
41100,124.989,0.0,0,0,1,0,31.195,0.0,0,0,1,0,8.501,1.227,1,33.46,0,0,1,1,0,1,1,0,0,1,0,12192.0,2,1,1,1,0,0,1,0,7.9,269.6,0,0,0,0,0,1
41200,124.989,0.0,0,0,1,0,31.195,0.0,0,0,1,0,8.624,1.227,1,33.88,0,0,1,1,0,1,1,0,0,1,0,12192.0,2,1,1,1,0,0,1,0,7.4,272.5,0,0,0,0,0,1
41300,124.989,0.0,0,0,1,0,31.195,0.0,0,0,1,0,8.747,1.227,1,33.56,0,0,1,1,0,1,1,0,0,1,0,12192.0,2,1,1,1,0,0,1,0,7.3,271.4,0,0,0,0,0,1
41400,124.989,0.0,0,0,1,0,31.195,0.0,0,0,1,0,8.869,1.227,1,33.53,0,0,1,1,0,1,1,0,0,1,0,12192.0,2,1,1,1,0,0,1,0,8.1,272.5,0,0,0,0,0,1
41500,124.989,0.0,0,0,1,0,31.195,0.0,0,0,1,0,8.992,1.227,1,33.61,0,0,1,1,0,1,1,0,0,1,0,12192.0,2,1,1,1,0,0,1,0,7.1,266.5,0,0,0,0,0,1
41600,124.989,0.0,0,0,1,0,31.195,0.0,0,0,1,0,9.115,1.227,1,33.31,0,0,1,1,0,1,1,0,0,1,0,12192.0,2,1,1,1,0,0,1,0,7.0,269.1,0,0,0,0,0,1
41700,124.989,0.0,0,0,1,0,31.195,0.0,0,0,1,0,9.237,1.227,1,33.58,0,0,1,1,0,1,1,0,0,1,0,12192.0,2,1,1,1,0,0,1,0,8.2,271.1,0,0,0,0,0,1
41800,124.989,0.0,0,0,1,0,31.195,0.0,0,0,1,0,9.36,1.227,1,33.74,0,0,1,1,0,1,1,0,0,1,0,12192.0,2,1,1,1,0,0,1,0,7.9,269.5,0,0,0,0,0,1
41900,124.989,0.0,0,0,1,0,31.195,0.0,0,0,1,0,9.483,1.227,1,33.77,0,0,1,1,0,1,1,0,0,1,0,12192.0,2,1,1,1,0,0,1,0,7.5,267.0,0,0,0,0,0,1
42000,124.989,0.0,0,0,1,0,31.195,0.0,0,0,1,0,9.605,1.227,1,33.54,0,0,1,1,0,1,1,0,0,1,0,12192.0,2,1,1,1,0,0,1,0,7.6,270.4,0,0,0,0,0,1
42100,124.989,0.0,0,0,1,0,31.195,0.0,0,0,1,0,9.728,1.227,1,33.49,0,0,1,1,0,1,1,0,0,1,0,12192.0,2,1,1,1,0,0,1,0,7.3,267.5,0,0,0,0,0,1
42200,124.989,0.0,0,0,1,0,31.195,0.0,0,0,1,0,9.851,1.227,1,33.48,0,0,1,1,0,1,1,0,0,1,0,12192.0,2,1,1,1,0,0,1,0,8.4,267.1,0,0,0,0,0,1
42300,124.989,0.0,0,0,1,0,31.195,0.0,0,0,1,0,9.973,1.227,1,33.47,0,0,1,1,0,1,1,0,0,1,0,12192.0,2,1,1,1,0,0,1,0,7.3,268.1,0,0,0,0,0,1
42400,124.989,0.0,0,0,1,0,31.195,0.0,0,0,1,0,10.096,1.227,1,33.72,0,0,1,1,0,1,1,0,0,1,0,12192.0,2,1,1,1,0,0,1,0,7.2,269.2,0,0,0,0,0,1
42500,124.989,0.0,0,0,1,0,31.195,0.0,0,0,1,0,10.219,1.227,1,33.54,0,0,1,1,0,1,1,0,0,1,0,12192.0,2,1,1,1,0,0,1,0,7.4,269.4,0,0,0,0,0,1
42600,124.989,0.0,0,0,1,0,31.195,0.0,0,0,1,0,10.341,1.227,1,33.72,0,0,1,1,0,1,1,0,0,1,0,12192.0,2,1,1,1,0,0,1,0,7.0,270.8,0,0,0,0,0,1
42700,124.989,0.0,0,0,1,0,31.195,0.0,0,0,1,0,10.464,1.227,1,33.7,0,0,1,1,0,1,1,0,0,1,0,12192.0,2,1,1,1,0,0,1,0,7.1,267.9,0,0,0,0,0,1
42800,124.989,0.0,0,0,1,0,31.195,0.0,0,0,1,0,10.587,1.227,1,33.54,0,0,1,1,0,1,1,0,0,1,0,12192.0,2,1,1,1,0,0,1,0,7.2,274.0,0,0,0,0,0,1
42900,124.989,0.0,0,0,1,0,31.195,0.0,0,0,1,0,10.71,1.227,1,33.44,0,0,1,1,0,1,1,0,0,1,0,12192.0,2,1,1,1,0,0,1,0,6.8,270.8,0,0,0,0,0,1
43000,124.989,0.0,0,0,1,0,31.195,0.0,0,0,1,0,10.832,1.227,1,33.5,0,0,1,1,0,1,1,0,0,1,0,12192.0,2,1,1,1,0,0,1,0,7.1,266.8,0,0,0,0,0,1
43100,124.989,0.0,0,0,1,0,31.195,0.0,0,0,1,0,10.955,1.227,1,33.43,0,0,1,1,0,1,1,0,0,1,0,12192.0,2,1,1,1,0,0,1,0,7.5,267.6,0,0,0,0,0,1
43200,124.989,0.0,0,0,1,0,31.195,0.0,0,0,1,0,11.078,1.227,1,33.62,0,0,1,1,0,1,1,0,0,1,0,12192.0,2,1,1,1,0,0,1,0,7.3,268.0,0,0,0,0,0,1
43300,124.989,0.0,0,0,1,0,31.195,0.0,0,0,1,0,11.2,1.227,1,33.56,0,0,1,1,0,1,1,0,0,1,0,12192.0,2,1,1,1,0,0,1,0,6.6,268.6,0,0,0,0,0,1
43400,124.989,0.0,0,0,1,0,31.195,0.0,0,0,1,0,11.323,1.227,1,33.56,0,0,1,1,0,1,1,0,0,1,0,12192.0,2,1,1,1,0,0,1,0,7.4,269.8,0,0,0,0,0,1
43500,124.989,0.0,0,0,1,0,31.195,0.0,0,0,1,0,11.446,1.227,1,33.59,0,0,1,1,0,1,1,0,0,1,0,12192.0,2,1,1,1,0,0,1,0,7.6,270.8,0,0,0,0,0,1
43600,124.989,0.0,0,0,1,0,31.195,0.0,0,0,1,0,11.568,1.227,1,33.55,0,0,1,1,0,1,1,0,0,1,0,12192.0,2,1,1,1,0,0,1,0,7.1,267.5,0,0,0,0,0,1
43700,124.989,0.0,0,0,1,0,31.195,0.0,0,0,1,0,11.691,1.227,1,33.5,0,0,1,1,0,1,1,0,0,1,0,12192.0,2,1,1,1,0,0,1,0,7.0,264.7,0,0,0,0,0,1
43800,124.989,0.0,0,0,1,0,31.195,0.0,0,0,1,0,11.814,1.227,1,33.56,0,0,1,1,0,1,1,0,0,1,0,12192.0,2,1,1,1,0,0,1,0,7.7,267.2,0,0,0,0,0,1
43900,124.989,0.0,0,0,1,0,31.195,0.0,0,0,1,0,11.936,1.227,1,33.68,0,0,1,1,0,1,1,0,0,1,0,12192.0,2,1,1,1,0,0,1,0,7.8,270.0,0,0,0,0,0,1
44000,124.989,0.0,0,0,1,0,31.195,0.0,0,0,1,0,12.059,1.227,1,33.67,0,0,1,1,0,1,1,0,0,1,0,12192.0,2,1,1,1,0,0,1,0,7.4,273.9,0,0,0,0,0,1
44100,124.989,0.0,0,0,1,0,31.195,0.0,0,0,1,0,12.182,1.227,1,33.6,0,0,1,1,0,1,1,0,0,1,0,12192.0,2,1,1,1,0,0,1,0,7.0,268.4,0,0,0,0,0,1
44200,124.989,0.0,0,0,1,0,31.195,0.0,0,0,1,0,12.304,1.227,1,33.69,0,0,1,1,0,1,1,0,0,1,0,12192.0,2,1,1,1,0,0,1,0,7.9,273.6,0,0,0,0,0,1
44300,124.989,0.0,0,0,1,0,31.195,0.0,0,0,1,0,12.427,1.227,1,33.42,0,0,1,1,0,1,1,0,0,1,0,12192.0,2,1,1,1,0,0,1,0,8.0,270.5,0,0,0,0,0,1
44400,124.989,0.0,0,0,1,0,31.195,0.0,0,0,1,0,12.55,1.227,1,33.53,0,0,1,1,0,1,1,0,0,1,0,12192.0,2,1,1,1,0,0,1,0,7.3,270.3,0,0,0,0,0,1
44500,124.989,0.0,0,0,1,0,31.195,0.0,0,0,1,0,12.672,1.227,1,33.56,0,0,1,1,0,1,1,0,0,1,0,12192.0,2,1,1,1,0,0,1,0,8.2,274.8,0,0,0,0,0,1
44600,124.989,0.0,0,0,1,0,31.195,0.0,0,0,1,0,12.795,1.227,1,33.3,0,0,1,1,0,1,1,0,0,1,0,12192.0,2,1,1,1,0,0,1,0,7.8,265.2,0,0,0,0,0,1
44700,124.989,0.0,0,0,1,0,31.195,0.0,0,0,1,0,12.918,1.227,1,33.46,0,0,1,1,0,1,1,0,0,1,0,12192.0,2,1,1,1,0,0,1,0,7.9,271.1,0,0,0,0,0,1
44800,124.989,0.0,0,0,1,0,31.195,0.0,0,0,1,0,13.04,1.227,1,33.54,0,0,1,1,0,1,1,0,0,1,0,12192.0,2,1,1,1,0,0,1,0,9.0,267.9,0,0,0,0,0,1
44900,124.989,0.0,0,0,1,0,31.195,0.0,0,0,1,0,13.163,1.227,1,33.65,0,0,1,1,0,1,1,0,0,1,0,12192.0,2,1,1,1,0,0,1,0,8.3,271.3,0,0,0,0,0,1
45000,124.989,0.0,0,0,1,0,31.195,0.0,0,0,1,0,13.286,1.227,1,33.65,0,0,1,1,0,1,1,0,0,1,0,12192.0,2,1,1,1,0,0,1,0,8.3,271.4,0,0,0,0,0,1
45100,124.989,0.0,0,0,1,0,31.195,0.0,0,0,1,0,13.408,1.227,1,33.47,0,0,1,1,0,1,1,0,0,1,0,12192.0,2,1,1,1,0,0,1,0,8.3,274.5,0,0,0,0,0,1
45200,124.989,0.0,0,0,1,0,31.195,0.0,0,0,1,0,13.531,1.227,1,33.49,0,0,1,1,0,1,1,0,0,1,0,12192.0,2,1,1,1,0,0,1,0,8.8,267.9,0,0,0,0,0,1
45300,124.989,0.0,0,0,1,0,31.195,0.0,0,0,1,0,13.654,1.227,1,33.52,0,0,1,1,0,1,1,0,0,1,0,12192.0,2,1,1,1,0,0,1,0,8.7,266.3,0,0,0,0,0,1
45400,124.989,0.0,0,0,1,0,31.195,0.0,0,0,1,0,13.776,1.227,1,33.69,0,0,1,1,0,1,1,0,0,1,0,12192.0,2,1,1,1,0,0,1,0,8.1,266.9,0,0,0,0,0,1
45500,124.989,0.0,0,0,1,0,31.195,0.0,0,0,1,0,13.899,1.227,1,33.56,0,0,1,1,0,1,1,0,0,1,0,12192.0,2,1,1,1,0,0,1,0,8.2,275.1,0,0,0,0,0,1
45600,124.989,0.0,0,0,1,0,31.195,0.0,0,0,1,0,14.022,1.227,1,33.46,0,0,1,1,0,1,1,0,0,1,0,12192.0,2,1,1,1,0,0,1,0,7.8,269.2,0,0,0,0,0,1
45700,124.989,0.0,0,0,1,0,31.195,0.0,0,0,1,0,14.144,1.227,1,33.69,0,0,1,1,0,1,1,0,0,1,0,12192.0,2,1,1,1,0,0,1,0,8.4,272.3,0,0,0,0,0,1
45800,124.989,0.0,0,0,1,0,31.195,0.0,0,0,1,0,14.267,1.227,1,33.68,0,0,1,1,0,1,1,0,0,1,0,12192.0,2,1,1,1,0,0,1,0,8.2,273.2,0,0,0,0,0,1
45900,124.989,0.0,0,0,1,0,31.195,0.0,0,0,1,0,14.39,1.227,1,33.56,0,0,1,1,0,1,1,0,0,1,0,12192.0,2,1,1,1,0,0,1,0,7.5,272.5,0,0,0,0,0,1
46000,124.989,0.0,0,0,1,0,31.195,0.0,0,0,1,0,14.512,1.227,1,33.4,0,0,1,1,0,1,1,0,0,1,0,12192.0,2,1,1,1,0,0,1,0,8.7,264.0,0,0,0,0,0,1
46100,124.989,0.0,0,0,1,0,31.195,0.0,0,0,1,0,14.635,1.227,1,33.74,0,0,1,1,0,1,1,0,0,1,0,12192.0,2,1,1,1,0,0,1,0,8.8,270.1,0,0,0,0,0,1
46200,124.989,0.0,0,0,1,0,31.195,0.0,0,0,1,0,14.758,1.227,1,33.5,0,0,1,1,0,1,1,0,0,1,0,12192.0,2,1,1,1,0,0,1,0,9.0,268.8,0,0,0,0,0,1
46300,124.989,0.0,0,0,1,0,31.195,0.0,0,0,1,0,14.88,1.227,1,33.62,0,0,1,1,0,1,1,0,0,1,0,12192.0,2,1,1,1,0,0,1,0,8.4,271.5,0,0,0,0,0,1
46400,124.989,0.0,0,0,1,0,31.195,0.0,0,0,1,0,15.003,1.227,1,33.51,0,0,1,1,0,1,1,0,0,1,0,12192.0,2,1,1,1,0,0,1,0,8.9,268.6,0,0,0,0,0,1
46500,124.989,0.0,0,0,1,0,31.195,0.0,0,0,1,0,15.126,1.227,1,33.5,0,0,1,1,0,1,1,0,0,1,0,12192.0,2,1,1,1,0,0,1,0,8.8,272.4,0,0,0,0,0,1
46600,124.989,0.0,0,0,1,0,31.195,0.0,0,0,1,0,15.249,1.227,1,33.49,0,0,1,1,0,1,1,0,0,1,0,12192.0,2,1,1,1,0,0,1,0,9.5,269.7,0,0,0,0,0,1
46700,124.989,0.0,0,0,1,0,31.195,0.0,0,0,1,0,15.371,1.227,1,33.45,0,0,1,1,0,1,1,0,0,1,0,12192.0,2,1,1,1,0,0,1,0,8.9,271.4,0,0,0,0,0,1
46800,124.989,0.0,0,0,1,0,31.195,0.0,0,0,1,0,15.494,1.227,1,33.5,0,0,1,1,0,1,1,0,0,1,0,12192.0,2,1,1,1,0,0,1,0,9.5,269.8,0,0,0,0,0,1
46900,124.989,0.0,0,0,1,0,31.195,0.0,0,0,1,0,15.617,1.227,1,33.47,0,0,1,1,0,1,1,0,0,1,0,12192.0,2,1,1,1,0,0,1,0,8.4,270.9,0,0,0,0,0,1
47000,124.989,0.0,0,0,1,0,31.195,0.0,0,0,1,0,15.739,1.227,1,33.6,0,0,1,1,0,1,1,0,0,1,0,12192.0,2,1,1,1,0,0,1,0,9.0,266.4,0,0,0,0,0,1
47100,124.989,0.0,0,0,1,0,31.195,0.0,0,0,1,0,15.862,1.227,1,33.58,0,0,1,1,0,1,1,0,0,1,0,12192.0,2,1,1,1,0,0,1,0,8.2,271.1,0,0,0,0,0,1
47200,124.989,0.0,0,0,1,0,31.195,0.0,0,0,1,0,15.985,1.227,1,33.38,0,0,1,1,0,1,1,0,0,1,0,12192.0,2,1,1,1,0,0,1,0,8.2,272.3,0,0,0,0,0,1
47300,124.989,0.0,0,0,1,0,31.195,0.0,0,0,1,0,16.107,1.227,1,33.36,0,0,1,1,0,1,1,0,0,1,0,12192.0,2,1,1,1,0,0,1,0,8.1,270.4,0,0,0,0,0,1
47400,124.989,0.0,0,0,1,0,31.195,0.0,0,0,1,0,16.23,1.227,1,33.5,0,0,1,1,0,1,1,0,0,1,0,12192.0,2,1,1,1,0,0,1,0,9.1,274.1,0,0,0,0,0,1
47500,124.989,0.0,0,0,1,0,31.195,0.0,0,0,1,0,16.353,1.227,1,33.37,0,0,1,1,0,1,1,0,0,1,0,12192.0,2,1,1,1,0,0,1,0,8.2,265.2,0,0,0,0,0,1
47600,124.989,0.0,0,0,1,0,31.195,0.0,0,0,1,0,16.475,1.227,1,33.47,0,0,1,1,0,1,1,0,0,1,0,12192.0,2,1,1,1,0,0,1,0,8.6,268.8,0,0,0,0,0,1
47700,124.989,0.0,0,0,1,0,31.195,0.0,0,0,1,0,16.598,1.227,1,33.5,0,0,1,1,0,1,1,0,0,1,0,12192.0,2,1,1,1,0,0,1,0,8.5,266.1,0,0,0,0,0,1
47800,124.989,0.0,0,0,1,0,31.195,0.0,0,0,1,0,16.721,1.227,1,33.67,0,0,1,1,0,1,1,0,0,1,0,12192.0,2,1,1,1,0,0,1,0,9.3,268.3,0,0,0,0,0,1
47900,124.989,0.0,0,0,1,0,31.195,0.0,0,0,1,0,16.843,1.227,1,33.56,0,0,1,1,0,1,1,0,0,1,0,12192.0,2,1,1,1,0,0,1,0,8.6,270.6,0,0,0,0,0,1
48000,124.989,0.0,0,0,1,0,31.195,0.0,0,0,1,0,16.966,1.227,1,33.62,0,0,1,1,0,1,1,0,0,1,0,12192.0,2,1,1,1,0,0,1,0,8.6,267.8,0,0,0,0,0,1
48100,124.989,0.0,0,0,1,0,31.195,0.0,0,0,1,0,17.084,1.18,1,30.56,0,0,1,1,0,1,1,0,0,1,0,12192.0,2,1,1,1,0,0,1,0,8.3,270.3,0,0,0,0,0,1
48200,124.989,0.0,0,0,1,0,31.195,0.0,0,0,1,0,17.197,1.132,1,30.41,0,0,1,1,0,1,1,0,0,1,0,12192.0,2,1,1,1,0,0,1,0,8.7,273.5,0,0,0,0,0,1
48300,124.989,0.0,0,0,1,0,31.195,0.0,0,0,1,0,17.306,1.085,1,30.41,0,0,1,1,0,1,1,0,0,1,0,12192.0,2,1,1,1,0,0,1,0,8.3,268.5,0,0,0,0,0,1
48400,124.989,0.0,0,0,1,0,31.195,0.0,0,0,1,0,17.409,1.038,1,30.4,0,0,1,1,0,1,1,0,0,1,0,12192.0,2,1,1,1,0,0,1,0,8.8,266.8,0,0,0,0,0,1
48500,124.989,0.0,0,0,1,0,31.195,0.0,0,0,1,0,17.509,0.991,1,30.3,0,0,1,1,0,1,1,0,0,1,0,12192.0,2,1,1,1,0,0,1,0,8.0,272.8,0,0,0,0,0,1
48600,124.989,0.0,0,0,1,0,31.195,0.0,0,0,1,0,17.603,0.943,1,30.32,0,0,1,1,0,1,1,0,0,1,0,12192.0,2,1,1,1,0,0,1,0,8.1,269.1,0,0,0,0,0,1
48700,124.989,0.0,0,0,1,0,31.195,0.0,0,0,1,0,17.692,0.896,1,30.58,0,0,1,1,0,1,1,0,0,1,0,12192.0,2,1,1,1,0,0,1,0,8.4,269.0,0,0,0,0,0,1
48800,124.989,0.0,0,0,1,0,31.195,0.0,0,0,1,0,17.777,0.849,1,30.34,0,0,1,1,0,1,1,0,0,1,0,12192.0,2,1,1,1,0,0,1,0,8.4,268.4,0,0,0,0,0,1
48900,124.989,0.0,0,0,1,0,31.195,0.0,0,0,1,0,17.862,0.85,1,33.5,0,0,1,1,0,1,1,0,0,1,0,12192.0,2,1,1,1,0,0,1,0,8.7,270.1,0,0,0,0,0,1
49000,124.989,0.0,0,0,1,0,31.195,0.0,0,0,1,0,17.942,0.801,1,30.56,0,0,1,1,0,1,1,0,0,1,0,12192.0,2,1,1,1,0,0,1,0,9.1,266.8,0,0,0,0,0,1
49100,124.989,0.0,0,0,1,0,31.195,0.0,0,0,1,0,18.018,0.753,1,30.13,0,0,1,1,0,1,1,0,0,1,0,12192.0,2,1,1,1,0,0,1,0,8.2,265.7,0,0,0,0,0,1
49200,124.989,0.0,0,0,1,0,31.195,0.0,0,0,1,0,18.088,0.704,1,30.27,0,0,1,1,0,1,1,0,0,1,0,12192.0,2,1,1,1,0,0,1,0,8.4,269.8,0,0,0,0,0,1
49300,124.989,0.0,0,0,1,0,31.195,0.0,0,0,1,0,18.154,0.655,1,30.29,0,0,1,1,0,1,1,0,0,1,0,12192.0,2,1,1,1,0,0,1,0,8.4,269.5,0,0,0,0,0,1
49400,124.989,0.0,0,0,1,0,31.195,0.0,0,0,1,0,18.214,0.606,1,30.45,0,0,1,1,0,1,1,0,0,1,0,12192.0,2,1,1,1,0,0,1,0,7.6,266.5,0,0,0,0,0,1
49500,124.989,0.0,0,0,1,0,31.195,0.0,0,0,1,0,18.27,0.556,1,30.5,0,0,1,1,0,1,1,0,0,1,0,12192.0,2,1,1,1,0,0,1,0,8.2,266.3,0,0,0,0,0,1
49600,124.989,0.0,0,0,1,0,31.195,0.0,0,0,1,0,18.321,0.507,1,30.46,0,0,1,1,0,1,1,0,0,1,0,12192.0,2,1,1,1,0,0,1,0,7.6,268.5,0,0,0,0,0,1
49700,124.989,0.0,0,0,1,0,31.195,0.0,0,0,1,0,18.366,0.457,1,30.29,0,0,1,1,0,1,1,0,0,1,0,12192.0,2,1,1,1,0,0,1,0,7.7,265.7,0,0,0,0,0,1
49800,124.989,0.0,0,0,1,0,31.195,0.0,0,0,1,0,18.407,0.407,1,30.42,0,0,1,1,0,1,1,0,0,1,0,12192.0,2,1,1,1,0,0,1,0,7.5,269.1,0,0,0,0,0,1
49900,124.989,0.0,0,0,1,0,31.195,0.0,0,0,1,0,18.443,0.357,1,30.46,0,0,1,1,0,1,1,0,0,1,0,12192.0,2,1,1,1,0,0,1,0,8.7,270.1,0,0,0,0,0,1
50000,124.989,0.0,0,0,1,0,31.195,0.0,0,0,1,0,18.473,0.306,1,30.51,0,0,1,1,0,1,1,0,0,1,0,12192.0,2,1,1,1,0,0,1,0,7.5,269.0,0,0,0,0,0,1
50100,124.989,0.0,0,0,1,0,31.195,0.0,0,0,1,0,18.499,0.255,1,30.54,0,0,1,1,0,1,1,0,0,1,0,12192.0,2,1,1,1,0,0,1,0,8.3,269.0,0,0,0,0,0,1
50200,124.989,0.0,0,0,1,0,31.195,0.0,0,0,1,0,18.519,0.202,1,30.67,0,0,1,1,0,1,1,0,0,1,0,12192.0,2,1,1,1,0,0,1,0,8.0,267.3,0,0,0,0,0,1
50300,124.989,0.0,0,0,1,0,31.195,0.0,0,0,1,0,18.534,0.147,1,30.45,0,0,1,1,0,1,1,0,0,1,0,12192.0,2,1,1,1,0,0,1,0,7.9,271.2,0,0,0,0,0,1
50400,124.989,0.0,0,0,1,0,31.195,0.0,0,0,1,0,18.543,0.088,1,30.58,0,0,1,1,0,1,1,0,0,1,0,12192.0,2,1,1,1,0,0,1,0,7.7,274.6,0,0,0,0,0,1
50500,124.989,0.0,0,0,0,0,31.195,0.0,0,0,0,0,18.547,0.0,0,31.97,0,0,0,0,0,1,1,0,0,1,0,12192.0,2,1,1,0,1,0,1,0,7.3,268.5,0,0,0,0,0,1
50600,124.989,0.0,0,0,1,0,31.202,0.064,1,1,1,0,18.547,0.0,0,31.88,0,0,0,1,0,1,1,0,0,1,0,12192.0,2,1,1,1,0,0,1,0,6.8,267.5,0,0,0,0,0,1
50700,124.989,0.0,0,0,1,0,31.215,0.128,1,1,1,0,18.547,0.0,0,31.97,0,0,0,1,0,1,1,0,0,1,0,12192.0,2,1,1,1,0,0,1,0,7.0,271.0,0,0,0,0,0,1
50800,124.989,0.0,0,0,1,0,31.234,0.192,1,1,1,0,18.547,0.0,0,32.08,0,0,0,1,0,1,1,0,0,1,0,12192.0,2,1,1,1,0,0,1,0,6.7,268.0,0,0,0,0,0,1
50900,124.989,0.0,0,0,1,0,31.259,0.256,1,1,1,0,18.547,0.0,0,31.86,0,0,0,1,0,1,1,0,0,1,0,12192.0,2,1,1,1,0,0,1,0,7.6,269.3,0,0,0,0,0,1
51000,124.989,0.0,0,0,1,0,31.291,0.32,1,1,1,0,18.547,0.0,0,32.14,0,0,0,1,0,1,1,0,0,1,0,12192.0,2,1,1,1,0,0,1,0,8.7,271.9,0,0,0,0,0,1
51100,124.989,0.0,0,0,1,0,31.33,0.384,1,1,1,0,18.547,0.0,0,31.74,0,0,0,1,0,1,1,0,0,1,0,12192.0,2,1,1,1,0,0,1,0,7.4,272.4,0,0,0,0,0,1
51200,124.989,0.0,0,0,1,0,31.375,0.448,1,1,1,0,18.547,0.0,0,31.86,0,0,0,1,0,1,1,0,0,1,0,12192.0,2,1,1,1,0,0,1,0,7.7,272.5,0,0,0,0,0,1
51300,124.989,0.0,0,0,1,0,31.426,0.512,1,1,1,0,18.547,0.0,0,32.13,0,0,0,1,0,1,1,0,0,1,0,12192.0,2,1,1,1,0,0,1,0,7.6,272.7,0,0,0,0,0,1
51400,124.989,0.0,0,0,1,0,31.484,0.576,1,1,1,0,18.547,0.0,0,32.04,0,0,0,1,0,1,1,0,0,1,0,12192.0,2,1,1,1,0,0,1,0,7.2,268.8,0,0,0,0,0,1
51500,124.989,0.0,0,0,1,0,31.548,0.64,1,1,1,0,18.547,0.0,0,31.93,0,0,0,1,0,1,1,0,0,1,0,12192.0,2,1,1,1,0,0,1,0,7.6,269.1,0,0,0,0,0,1
51600,124.989,0.0,0,0,1,0,31.618,0.704,1,1,1,0,18.547,0.0,0,32.0,0,0,0,1,0,1,1,0,0,1,0,12192.0,2,1,1,1,0,0,1,0,8.0,273.4,0,0,0,0,0,1
51700,124.989,0.0,0,0,1,0,31.695,0.768,1,1,1,0,18.547,0.0,0,32.01,0,0,0,1,0,1,1,0,0,1,0,12192.0,2,1,1,1,0,0,1,0,7.3,272.1,0,0,0,0,0,1
51800,124.989,0.0,0,0,1,0,31.778,0.833,1,1,1,0,18.547,0.0,0,31.8,0,0,0,1,0,1,1,0,0,1,0,12192.0,2,1,1,1,0,0,1,0,8.3,272.8,0,0,0,0,0,1
51900,124.989,0.0,0,0,1,0,31.868,0.897,1,1,1,0,18.547,0.0,0,32.06,0,0,0,1,0,1,1,0,0,1,0,12192.0,2,1,1,1,0,0,1,0,7.3,265.1,0,0,0,0,0,1
52000,124.989,0.0,0,0,1,0,31.964,0.961,1,1,1,0,18.547,0.0,0,32.04,0,0,0,1,0,1,1,0,0,1,0,12192.0,2,1,1,1,0,0,1,0,7.8,268.9,0,0,0,0,0,1
52100,124.989,0.0,0,0,1,0,32.066,1.025,1,1,1,0,18.547,0.0,0,31.96,0,0,0,1,0,1,1,0,0,1,0,12192.0,2,1,1,1,0,0,1,0,7.3,270.8,0,0,0,0,0,1
52200,124.989,0.0,0,0,1,0,32.175,1.089,1,1,1,0,18.547,0.0,0,31.97,0,0,0,1,0,1,1,0,0,1,0,12192.0,2,1,1,1,0,0,1,0,7.6,266.2,0,0,0,0,0,1
52300,124.989,0.0,0,0,1,0,32.291,1.153,1,1,1,0,18.547,0.0,0,31.68,0,0,0,1,0,1,1,0,0,1,0,12192.0,2,1,1,1,0,0,1,0,7.8,269.8,0,0,0,0,0,1
52400,124.989,0.0,0,0,1,0,32.412,1.217,1,1,1,0,18.547,0.0,0,32.06,0,0,0,1,0,1,1,0,0,1,0,12192.0,2,1,1,1,0,0,1,0,7.3,265.5,0,0,0,0,0,1
52500,124.989,0.0,0,0,1,0,32.54,1.281,1,1,1,0,18.547,0.0,0,31.89,0,0,0,1,0,1,1,0,0,1,0,12192.0,2,1,1,1,0,0,1,0,7.9,273.2,0,0,0,0,0,1
52600,124.989,0.0,0,0,1,0,32.675,1.345,1,1,1,0,18.547,0.0,0,31.91,0,0,0,1,0,1,1,0,0,1,0,12192.0,2,1,1,1,0,0,1,0,7.1,270.2,0,0,0,0,0,1
52700,124.989,0.0,0,0,1,0,32.816,1.409,1,1,1,0,18.547,0.0,0,32.2,0,0,0,1,0,1,1,0,0,1,0,12192.0,2,1,1,1,0,0,1,0,8.0,273.9,0,0,0,0,0,1
52800,124.989,0.0,0,0,1,0,32.963,1.473,1,1,1,0,18.547,0.0,0,32.11,0,0,0,1,0,1,1,0,0,1,0,12192.0,2,1,1,1,0,0,1,0,6.2,270.4,0,0,0,0,0,1
52900,124.989,0.0,0,0,1,0,33.117,1.537,1,1,1,0,18.547,0.0,0,32.06,0,0,0,1,0,1,1,0,0,1,0,12192.0,2,1,1,1,0,0,1,0,7.7,269.3,0,0,0,0,0,1
53000,124.989,0.0,0,0,1,0,33.277,1.601,1,1,1,0,18.547,0.0,0,32.03,0,0,0,1,0,1,1,0,0,1,0,12192.0,2,1,1,1,0,0,1,0,8.0,269.4,0,0,0,0,0,1
53100,124.989,0.0,0,0,1,0,33.443,1.665,1,1,1,0,18.547,0.0,0,32.14,0,0,0,1,0,1,1,0,0,1,0,12192.0,2,1,1,1,0,0,1,0,7.2,271.4,0,0,0,0,0,1
53200,124.989,0.0,0,0,1,0,33.616,1.729,1,1,1,0,18.547,0.0,0,32.14,0,0,0,1,0,1,1,0,0,1,0,12192.0,2,1,1,1,0,0,1,0,7.8,269.4,0,0,0,0,0,1
53300,124.989,0.0,0,0,1,0,33.795,1.793,1,1,1,0,18.547,0.0,0,32.04,0,0,0,1,0,1,1,0,0,1,0,12192.0,2,1,1,1,0,0,1,0,7.8,267.8,0,0,0,0,0,1
53400,124.989,0.0,0,0,1,0,33.981,1.857,1,1,1,0,18.547,0.0,0,32.04,0,0,0,1,0,1,1,0,0,1,0,12192.0,2,1,1,1,0,0,1,0,8.0,275.1,0,0,0,0,0,1
53500,124.989,0.0,0,0,1,0,34.173,1.921,1,1,1,0,18.547,0.0,0,31.99,0,0,0,1,0,1,1,0,0,1,0,12192.0,2,1,1,1,0,0,1,0,7.8,268.5,0,0,0,0,0,1
53600,124.989,0.0,0,0,1,0,34.372,1.985,1,1,1,0,18.547,0.0,0,31.83,0,0,0,1,0,1,1,0,0,1,0,12192.0,2,1,1,1,0,0,1,0,8.0,270.8,0,0,0,0,0,1
53700,124.989,0.0,0,0,1,0,34.577,2.049,1,1,1,0,18.547,0.0,0,31.99,0,0,0,1,0,1,1,0,0,1,0,12192.0,2,1,1,1,0,0,1,0,9.0,272.4,0,0,0,0,0,1
53800,124.989,0.0,0,0,1,0,34.788,2.113,1,1,1,0,18.547,0.0,0,32.03,0,0,0,1,0,1,1,0,0,1,0,12192.0,2,1,1,1,0,0,1,0,8.5,274.0,0,0,0,0,0,1
53900,124.989,0.0,0,0,1,0,35.006,2.177,1,1,1,0,18.547,0.0,0,31.97,0,0,0,1,0,1,1,0,0,1,0,12192.0,2,1,1,1,0,0,1,0,8.1,271.3,0,0,0,0,0,1
54000,124.989,0.0,0,0,1,0,35.23,2.241,1,1,1,0,18.547,0.0,0,31.97,0,0,0,1,0,1,1,0,0,1,0,12192.0,2,1,1,1,0,0,1,0,8.3,272.1,0,0,0,0,0,1
54100,124.989,0.0,0,0,1,0,35.461,2.305,1,1,1,0,18.547,0.0,0,31.84,0,0,0,1,0,1,1,0,0,1,0,12192.0,2,1,1,1,0,0,1,0,7.8,269.3,0,0,0,0,0,1
54200,124.989,0.0,0,0,1,0,35.697,2.369,1,1,1,0,18.547,0.0,0,32.26,0,0,0,1,0,1,1,0,0,1,0,12192.0,2,1,1,1,0,0,1,0,8.2,270.2,0,0,0,0,0,1
54300,124.989,0.0,0,0,1,0,35.941,2.434,1,1,1,0,18.547,0.0,0,32.04,0,0,0,1,0,1,1,0,0,1,0,12192.0,2,1,1,1,0,0,1,0,9.0,271.6,0,0,0,0,0,1
54400,124.989,0.0,0,0,1,0,36.191,2.498,1,1,1,0,18.547,0.0,0,32.45,0,0,0,1,0,1,1,0,0,1,0,12192.0,2,1,1,1,0,0,1,0,7.9,273.1,0,0,0,0,0,1
54500,124.989,0.0,0,0,1,0,36.447,2.562,1,1,1,0,18.547,0.0,0,32.11,0,0,0,1,0,1,1,0,0,1,0,12192.0,2,1,1,1,0,0,1,0,8.4,267.8,0,0,0,0,0,1
54600,124.989,0.0,0,0,1,0,36.709,2.626,1,1,1,0,18.547,0.0,0,32.04,0,0,0,1,0,1,1,0,0,1,0,12192.0,2,1,1,1,0,0,1,0,7.7,269.0,0,0,0,0,0,1
54700,124.989,0.0,0,0,1,0,36.978,2.69,1,1,1,0,18.547,0.0,0,32.17,0,0,0,1,0,1,1,0,0,1,0,12192.0,2,1,1,1,0,0,1,0,8.8,265.3,0,0,0,0,0,1
54800,124.989,0.0,0,0,1,0,37.254,2.754,1,1,1,0,18.547,0.0,0,32.13,0,0,0,1,0,1,1,0,0,1,0,12192.0,2,1,1,1,0,0,1,0,9.2,268.6,0,0,0,0,0,1
54900,124.989,0.0,0,0,1,0,37.535,2.818,1,1,1,0,18.547,0.0,0,31.75,0,0,0,1,0,1,1,0,0,1,0,12192.0,2,1,1,1,0,0,1,0,7.9,270.1,0,0,0,0,0,1
55000,124.989,0.0,0,0,1,0,37.811,2.754,1,1,1,0,18.547,0.0,0,32.05,0,0,0,1,0,1,1,0,0,1,0,12192.0,2,1,1,1,0,0,1,0,8.8,269.0,0,0,0,0,0,1
55100,124.989,0.0,0,0,1,0,38.08,2.69,1,1,1,0,18.547,0.0,0,32.06,0,0,0,1,0,1,1,0,0,1,0,12192.0,2,1,1,1,0,0,1,0,8.3,267.5,0,0,0,0,0,1
55200,124.989,0.0,0,0,1,0,38.342,2.626,1,1,1,0,18.547,0.0,0,32.12,0,0,0,1,0,1,1,0,0,1,0,12192.0,2,1,1,1,0,0,1,0,8.0,272.9,0,0,0,0,0,1
55300,124.989,0.0,0,0,1,0,38.598,2.562,1,1,1,0,18.547,0.0,0,32.09,0,0,0,1,0,1,1,0,0,1,0,12192.0,2,1,1,1,0,0,1,0,8.7,269.2,0,0,0,0,0,1
55400,124.989,0.0,0,0,1,0,38.848,2.498,1,1,1,0,18.547,0.0,0,31.89,0,0,0,1,0,1,1,0,0,1,0,12192.0,2,1,1,1,0,0,1,0,8.9,268.2,0,0,0,0,0,1
55500,124.989,0.0,0,0,1,0,39.092,2.434,1,1,1,0,18.547,0.0,0,31.93,0,0,0,1,0,1,1,0,0,1,0,12192.0,2,1,1,1,0,0,1,0,8.9,270.2,0,0,0,0,0,1
55600,124.989,0.0,0,0,1,0,39.329,2.369,1,1,1,0,18.547,0.0,0,32.24,0,0,0,1,0,1,1,0,0,1,0,12192.0,2,1,1,1,0,0,1,0,8.4,268.3,0,0,0,0,0,1
55700,124.989,0.0,0,0,1,0,39.559,2.305,1,1,1,0,18.547,0.0,0,31.93,0,0,0,1,0,1,1,0,0,1,0,12192.0,2,1,1,1,0,0,1,0,8.8,271.3,0,0,0,0,0,1
55800,124.989,0.0,0,0,1,0,39.783,2.241,1,1,1,0,18.547,0.0,0,31.83,0,0,0,1,0,1,1,0,0,1,0,12192.0,2,1,1,1,0,0,1,0,8.6,268.2,0,0,0,0,0,1
55900,124.989,0.0,0,0,1,0,40.001,2.177,1,1,1,0,18.547,0.0,0,32.02,0,0,0,1,0,1,1,0,0,1,0,12192.0,2,1,1,1,0,0,1,0,8.7,270.4,0,0,0,0,0,1
56000,124.989,0.0,0,0,1,0,40.212,2.113,1,1,1,0,18.547,0.0,0,31.86,0,0,0,1,0,1,1,0,0,1,0,12192.0,2,1,1,1,0,0,1,0,8.7,266.7,0,0,0,0,0,1
56100,124.989,0.0,0,0,1,0,40.417,2.049,1,1,1,0,18.547,0.0,0,32.16,0,0,0,1,0,1,1,0,0,1,0,12192.0,2,1,1,1,0,0,1,0,8.2,268.1,0,0,0,0,0,1
56200,124.989,0.0,0,0,1,0,40.616,1.985,1,1,1,0,18.547,0.0,0,31.98,0,0,0,1,0,1,1,0,0,1,0,12192.0,2,1,1,1,0,0,1,0,9.2,272.2,0,0,0,0,0,1
56300,124.989,0.0,0,0,1,0,40.808,1.921,1,1,1,0,18.547,0.0,0,31.81,0,0,0,1,0,1,1,0,0,1,0,12192.0,2,1,1,1,0,0,1,0,7.9,268.0,0,0,0,0,0,1
56400,124.989,0.0,0,0,1,0,40.994,1.857,1,1,1,0,18.547,0.0,0,31.81,0,0,0,1,0,1,1,0,0,1,0,12192.0,2,1,1,1,0,0,1,0,8.0,269.5,0,0,0,0,0,1
56500,124.989,0.0,0,0,1,0,41.173,1.793,1,1,1,0,18.547,0.0,0,31.91,0,0,0,1,0,1,1,0,0,1,0,12192.0,2,1,1,1,0,0,1,0,8.6,271.0,0,0,0,0,0,1
56600,124.989,0.0,0,0,1,0,41.346,1.729,1,1,1,0,18.547,0.0,0,32.09,0,0,0,1,0,1,1,0,0,1,0,12192.0,2,1,1,1,0,0,1,0,8.9,270.3,0,0,0,0,0,1
56700,124.989,0.0,0,0,1,0,41.512,1.665,1,1,1,0,18.547,0.0,0,31.89,0,0,0,1,0,1,1,0,0,1,0,12192.0,2,1,1,1,0,0,1,0,8.7,267.5,0,0,0,0,0,1
56800,124.989,0.0,0,0,1,0,41.679,1.665,1,1,1,0,18.547,0.0,0,32.17,0,0,0,1,0,1,1,0,0,1,0,12192.0,2,1,1,1,0,0,1,0,8.8,270.1,0,0,0,0,0,1
56900,124.989,0.0,0,0,1,0,41.839,1.6,1,1,1,0,18.547,0.0,0,31.96,0,0,0,1,0,1,1,0,0,1,0,12192.0,2,1,1,1,0,0,1,0,8.5,271.0,0,0,0,0,0,1
57000,124.989,0.0,0,0,1,0,41.992,1.535,1,1,1,0,18.547,0.0,0,32.16,0,0,0,1,0,1,1,0,0,1,0,12192.0,2,1,1,1,0,0,1,0,7.9,268.5,0,0,0,0,0,1
57100,124.989,0.0,0,0,1,0,42.139,1.469,1,1,1,0,18.547,0.0,0,31.93,0,0,0,1,0,1,1,0,0,1,0,12192.0,2,1,1,1,0,0,1,0,8.4,270.3,0,0,0,0,0,1
57200,124.989,0.0,0,0,1,0,42.28,1.404,1,1,1,0,18.547,0.0,0,32.32,0,0,0,1,0,1,1,0,0,1,0,12192.0,2,1,1,1,0,0,1,0,9.1,270.0,0,0,0,0,0,1
57300,124.989,0.0,0,0,1,0,42.413,1.338,1,1,1,0,18.547,0.0,0,31.92,0,0,0,1,0,1,1,0,0,1,0,12192.0,2,1,1,1,0,0,1,0,8.2,269.0,0,0,0,0,0,1
57400,124.989,0.0,0,0,1,0,42.541,1.273,1,1,1,0,18.547,0.0,0,31.96,0,0,0,1,0,1,1,0,0,1,0,12192.0,2,1,1,1,0,0,1,0,8.3,272.6,0,0,0,0,0,1
57500,124.989,0.0,0,0,1,0,42.661,1.207,1,1,1,0,18.547,0.0,0,31.98,0,0,0,1,0,1,1,0,0,1,0,12192.0,2,1,1,1,0,0,1,0,9.4,269.7,0,0,0,0,0,1
57600,124.989,0.0,0,0,1,0,42.775,1.141,1,1,1,0,18.547,0.0,0,31.96,0,0,0,1,0,1,1,0,0,1,0,12192.0,2,1,1,1,0,0,1,0,8.8,270.8,0,0,0,0,0,1
57700,124.989,0.0,0,0,1,0,42.883,1.075,1,1,1,0,18.547,0.0,0,31.82,0,0,0,1,0,1,1,0,0,1,0,12192.0,2,1,1,1,0,0,1,0,8.3,267.4,0,0,0,0,0,1
57800,124.989,0.0,0,0,1,0,42.984,1.009,1,1,1,0,18.547,0.0,0,32.23,0,0,0,1,0,1,1,0,0,1,0,12192.0,2,1,1,1,0,0,1,0,8.5,272.1,0,0,0,0,0,1
57900,124.989,0.0,0,0,1,0,43.078,0.943,1,1,1,0,18.547,0.0,0,32.05,0,0,0,1,0,1,1,0,0,1,0,12192.0,2,1,1,1,0,0,1,0,8.4,272.7,0,0,0,0,0,1
58000,124.989,0.0,0,0,1,0,43.166,0.876,1,1,1,0,18.547,0.0,0,31.99,0,0,0,1,0,1,1,0,0,1,0,12192.0,2,1,1,1,0,0,1,0,8.0,272.3,0,0,0,0,0,1
58100,124.989,0.0,0,0,1,0,43.247,0.81,1,1,1,0,18.547,0.0,0,31.99,0,0,0,1,0,1,1,0,0,1,0,12192.0,2,1,1,1,0,0,1,0,8.4,270.9,0,0,0,0,0,1
58200,124.989,0.0,0,0,1,0,43.321,0.743,1,1,1,0,18.547,0.0,0,31.93,0,0,0,1,0,1,1,0,0,1,0,12192.0,2,1,1,1,0,0,1,0,8.1,271.9,0,0,0,0,0,1
58300,124.989,0.0,0,0,1,0,43.389,0.676,1,1,1,0,18.547,0.0,0,32.01,0,0,0,1,0,1,1,0,0,1,0,12192.0,2,1,1,1,0,0,1,0,8.5,268.4,0,0,0,0,0,1
58400,124.989,0.0,0,0,1,0,43.449,0.609,1,1,1,0,18.547,0.0,0,32.1,0,0,0,1,0,1,1,0,0,1,0,12192.0,2,1,1,1,0,0,1,0,8.4,267.4,0,0,0,0,0,1
58500,124.989,0.0,0,0,1,0,43.504,0.541,1,1,1,0,18.547,0.0,0,31.94,0,0,0,1,0,1,1,0,0,1,0,12192.0,2,1,1,1,0,0,1,0,7.7,268.3,0,0,0,0,0,1
58600,124.989,0.0,0,0,1,0,43.551,0.472,1,1,1,0,18.547,0.0,0,31.97,0,0,0,1,0,1,1,0,0,1,0,12192.0,2,1,1,1,0,0,1,0,7.6,270.5,0,0,0,0,0,1
58700,124.989,0.0,0,0,1,0,43.591,0.403,1,1,1,0,18.547,0.0,0,32.01,0,0,0,1,0,1,1,0,0,1,0,12192.0,2,1,1,1,0,0,1,0,8.0,270.9,0,0,0,0,0,1
58800,124.989,0.0,0,0,1,0,43.624,0.333,1,1,1,0,18.547,0.0,0,31.95,0,0,0,1,0,1,1,0,0,1,0,12192.0,2,1,1,1,0,0,1,0,7.3,270.6,0,0,0,0,0,1
58900,124.989,0.0,0,0,1,0,43.651,0.261,1,1,1,0,18.547,0.0,0,32.04,0,0,0,1,0,1,1,0,0,1,0,12192.0,2,1,1,1,0,0,1,0,7.4,267.4,0,0,0,0,0,1
59000,124.989,0.0,0,0,1,0,43.669,0.187,1,1,1,0,18.547,0.0,0,32.13,0,0,0,1,0,1,1,0,0,1,0,12192.0,2,1,1,1,0,0,1,0,7.4,269.9,0,0,0,0,0,1
59100,124.989,0.0,0,0,1,0,43.68,0.104,1,1,1,0,18.547,0.0,0,31.93,0,0,0,1,0,1,1,0,0,1,0,12192.0,2,1,1,1,0,0,1,0,7.2,271.8,0,0,0,0,0,1
59200,124.989,0.0,0,0,0,0,43.684,0.0,0,0,0,0,18.547,0.0,0,32.0,0,0,0,0,0,1,1,0,0,1,0,12192.0,2,1,1,0,1,0,1,0,7.7,271.8,0,0,0,0,0,1
59300,124.989,0.0,0,0,1,0,43.684,0.0,0,0,1,0,18.542,-0.047,0,30.28,0,0,1,1,0,1,1,0,0,1,0,12192.0,2,1,1,1,0,0,1,0,7.2,265.9,0,0,0,0,0,1
59400,124.989,0.0,0,0,1,0,43.684,0.0,0,0,1,0,18.532,-0.094,0,30.44,0,0,1,1,0,1,1,0,0,1,0,12192.0,2,1,1,1,0,0,1,0,7.3,263.7,0,0,0,0,0,1
59500,124.989,0.0,0,0,1,0,43.684,0.0,0,0,1,0,18.518,-0.142,0,30.6,0,0,1,1,0,1,1,0,0,1,0,12192.0,2,1,1,1,0,0,1,0,8.9,270.2,0,0,0,0,0,1
59600,124.989,0.0,0,0,1,0,43.684,0.0,0,0,1,0,18.499,-0.189,0,30.47,0,0,1,1,0,1,1,0,0,1,0,12192.0,2,1,1,1,0,0,1,0,7.3,272.1,0,0,0,0,0,1
59700,124.989,0.0,0,0,1,0,43.684,0.0,0,0,1,0,18.476,-0.236,0,30.36,0,0,1,1,0,1,1,0,0,1,0,12192.0,2,1,1,1,0,0,1,0,7.8,269.4,0,0,0,0,0,1
59800,124.989,0.0,0,0,1,0,43.684,0.0,0,0,1,0,18.447,-0.283,0,30.62,0,0,1,1,0,1,1,0,0,1,0,12192.0,2,1,1,1,0,0,1,0,7.9,270.4,0,0,0,0,0,1
59900,124.989,0.0,0,0,1,0,43.684,0.0,0,0,1,0,18.414,-0.331,0,30.42,0,0,1,1,0,1,1,0,0,1,0,12192.0,2,1,1,1,0,0,1,0,7.6,269.4,0,0,0,0,0,1
60000,124.989,0.0,0,0,1,0,43.684,0.0,0,0,1,0,18.377,-0.378,0,30.6,0,0,1,1,0,1,1,0,0,1,0,12192.0,2,1,1,1,0,0,1,0,6.7,267.5,0,0,0,0,0,1
60100,124.989,0.0,0,0,1,0,43.684,0.0,0,0,1,0,18.334,-0.425,0,30.56,0,0,1,1,0,1,1,0,0,1,0,12192.0,2,1,1,1,0,0,1,0,7.0,267.4,0,0,0,0,0,1
60200,124.989,0.0,0,0,1,0,43.684,0.0,0,0,1,0,18.287,-0.472,0,30.57,0,0,1,1,0,1,1,0,0,1,0,12192.0,2,1,1,1,0,0,1,0,6.7,272.0,0,0,0,0,0,1
60300,124.989,0.0,0,0,1,0,43.684,0.0,0,0,1,0,18.235,-0.52,0,30.52,0,0,1,1,0,1,1,0,0,1,0,12192.0,2,1,1,1,0,0,1,0,7.1,269.1,0,0,0,0,0,1
60400,124.989,0.0,0,0,1,0,43.684,0.0,0,0,1,0,18.178,-0.567,0,30.28,0,0,1,1,0,1,1,0,0,1,0,12192.0,2,1,1,1,0,0,1,0,6.9,270.6,0,0,0,0,0,1
60500,124.989,0.0,0,0,1,0,43.684,0.0,0,0,1,0,18.117,-0.614,0,30.66,0,0,1,1,0,1,1,0,0,1,0,12192.0,2,1,1,1,0,0,1,0,6.7,270.3,0,0,0,0,0,1
60600,124.989,0.0,0,0,1,0,43.684,0.0,0,0,1,0,18.051,-0.661,0,30.23,0,0,1,1,0,1,1,0,0,1,0,12192.0,2,1,1,1,0,0,1,0,6.6,272.0,0,0,0,0,0,1
60700,124.989,0.0,0,0,1,0,43.684,0.0,0,0,1,0,17.98,-0.709,0,30.52,0,0,1,1,0,1,1,0,0,1,0,12192.0,2,1,1,1,0,0,1,0,7.0,271.8,0,0,0,0,0,1
60800,124.989,0.0,0,0,1,0,43.684,0.0,0,0,1,0,17.904,-0.756,0,30.63,0,0,1,1,0,1,1,0,0,1,0,12192.0,2,1,1,1,0,0,1,0,7.0,267.7,0,0,0,0,0,1
60900,124.989,0.0,0,0,1,0,43.684,0.0,0,0,1,0,17.824,-0.803,0,30.41,0,0,1,1,0,1,1,0,0,1,0,12192.0,2,1,1,1,0,0,1,0,7.6,270.2,0,0,0,0,0,1
61000,124.989,0.0,0,0,1,0,43.684,0.0,0,0,1,0,17.739,-0.85,0,30.52,0,0,1,1,0,1,1,0,0,1,0,12192.0,2,1,1,1,0,0,1,0,7.8,271.3,0,0,0,0,0,1
61100,124.989,0.0,0,0,1,0,43.684,0.0,0,0,1,0,17.649,-0.897,0,30.55,0,0,1,1,0,1,1,0,0,1,0,12192.0,2,1,1,1,0,0,1,0,7.6,270.6,0,0,0,0,0,1
61200,124.989,0.0,0,0,1,0,43.684,0.0,0,0,1,0,17.555,-0.945,0,30.59,0,0,1,1,0,1,1,0,0,1,0,12192.0,2,1,1,1,0,0,1,0,7.0,268.9,0,0,0,0,0,1
61300,124.989,0.0,0,0,1,0,43.684,0.0,0,0,1,0,17.456,-0.992,0,30.27,0,0,1,1,0,1,1,0,0,1,0,12192.0,2,1,1,1,0,0,1,0,7.7,263.5,0,0,0,0,0,1
61400,124.989,0.0,0,0,1,0,43.684,0.0,0,0,1,0,17.352,-1.039,0,30.38,0,0,1,1,0,1,1,0,0,1,0,12192.0,2,1,1,1,0,0,1,0,6.7,265.9,0,0,0,0,0,1
61500,124.989,0.0,0,0,1,0,43.684,0.0,0,0,1,0,17.243,-1.086,0,30.34,0,0,1,1,0,1,1,0,0,1,0,12192.0,2,1,1,1,0,0,1,0,8.4,269.8,0,0,0,0,0,1
61600,124.989,0.0,0,0,1,0,43.684,0.0,0,0,1,0,17.13,-1.134,0,30.16,0,0,1,1,0,1,1,0,0,1,0,12192.0,2,1,1,1,0,0,1,0,6.3,267.0,0,0,0,0,0,1
61700,124.989,0.0,0,0,1,0,43.684,0.0,0,0,1,0,17.012,-1.181,0,30.53,0,0,1,1,0,1,1,0,0,1,0,12192.0,2,1,1,1,0,0,1,0,7.7,272.4,0,0,0,0,0,1
61800,124.989,0.0,0,0,1,0,43.684,0.0,0,0,1,0,16.889,-1.227,0,30.61,0,0,1,1,0,1,1,0,0,1,0,12192.0,2,1,1,1,0,0,1,0,7.9,271.7,0,0,0,0,0,1
61900,124.989,0.0,0,0,1,0,43.684,0.0,0,0,1,0,16.766,-1.227,0,30.39,0,0,1,1,0,1,1,0,0,1,0,12192.0,2,1,1,1,0,0,1,0,7.6,270.4,0,0,0,0,0,1
62000,124.989,0.0,0,0,1,0,43.684,0.0,0,0,1,0,16.644,-1.227,0,30.41,0,0,1,1,0,1,1,0,0,1,0,12192.0,2,1,1,1,0,0,1,0,7.5,269.5,0,0,0,0,0,1
62100,124.989,0.0,0,0,1,0,43.684,0.0,0,0,1,0,16.521,-1.227,0,30.7,0,0,1,1,0,1,1,0,0,1,0,12192.0,2,1,1,1,0,0,1,0,7.9,271.6,0,0,0,0,0,1
62200,124.989,0.0,0,0,1,0,43.684,0.0,0,0,1,0,16.398,-1.227,0,30.59,0,0,1,1,0,1,1,0,0,1,0,12192.0,2,1,1,1,0,0,1,0,8.5,269.1,0,0,0,0,0,1
62300,124.989,0.0,0,0,1,0,43.684,0.0,0,0,1,0,16.276,-1.227,0,30.42,0,0,1,1,0,1,1,0,0,1,0,12192.0,2,1,1,1,0,0,1,0,7.8,270.4,0,0,0,0,0,1
62400,124.989,0.0,0,0,1,0,43.684,0.0,0,0,1,0,16.153,-1.227,0,30.27,0,0,1,1,0,1,1,0,0,1,0,12192.0,2,1,1,1,0,0,1,0,7.6,267.5,0,0,0,0,0,1
62500,124.989,0.0,0,0,1,0,43.684,0.0,0,0,1,0,16.03,-1.227,0,30.42,0,0,1,1,0,1,1,0,0,1,0,12192.0,2,1,1,1,0,0,1,0,7.7,271.6,0,0,0,0,0,1
62600,124.989,0.0,0,0,1,0,43.684,0.0,0,0,1,0,15.907,-1.227,0,30.55,0,0,1,1,0,1,1,0,0,1,0,12192.0,2,1,1,1,0,0,1,0,7.1,269.2,0,0,0,0,0,1
62700,124.989,0.0,0,0,1,0,43.684,0.0,0,0,1,0,15.785,-1.227,0,30.58,0,0,1,1,0,1,1,0,0,1,0,12192.0,2,1,1,1,0,0,1,0,8.3,272.6,0,0,0,0,0,1
62800,124.989,0.0,0,0,1,0,43.684,0.0,0,0,1,0,15.662,-1.227,0,30.68,0,0,1,1,0,1,1,0,0,1,0,12192.0,2,1,1,1,0,0,1,0,7.2,270.1,0,0,0,0,0,1
62900,124.989,0.0,0,0,1,0,43.684,0.0,0,0,1,0,15.539,-1.227,0,30.23,0,0,1,1,0,1,1,0,0,1,0,12192.0,2,1,1,1,0,0,1,0,7.7,271.6,0,0,0,0,0,1
63000,124.989,0.0,0,0,1,0,43.684,0.0,0,0,1,0,15.421,-1.18,0,33.67,0,0,1,1,0,1,1,0,0,1,0,12192.0,2,1,1,1,0,0,1,0,9.0,266.3,0,0,0,0,0,1
63100,124.989,0.0,0,0,1,0,43.684,0.0,0,0,1,0,15.308,-1.132,0,33.66,0,0,1,1,0,1,1,0,0,1,0,12192.0,2,1,1,1,0,0,1,0,8.0,269.9,0,0,0,0,0,1
63200,124.989,0.0,0,0,1,0,43.684,0.0,0,0,1,0,15.2,-1.085,0,33.52,0,0,1,1,0,1,1,0,0,1,0,12192.0,2,1,1,1,0,0,1,0,8.2,268.3,0,0,0,0,0,1
63300,124.989,0.0,0,0,1,0,43.684,0.0,0,0,1,0,15.096,-1.038,0,33.65,0,0,1,1,0,1,1,0,0,1,0,12192.0,2,1,1,1,0,0,1,0,8.3,270.4,0,0,0,0,0,1
63400,124.989,0.0,0,0,1,0,43.684,0.0,0,0,1,0,14.997,-0.991,0,33.66,0,0,1,1,0,1,1,0,0,1,0,12192.0,2,1,1,1,0,0,1,0,8.8,271.0,0,0,0,0,0,1
63500,124.989,0.0,0,0,1,0,43.684,0.0,0,0,1,0,14.903,-0.943,0,33.58,0,0,1,1,0,1,1,0,0,1,0,12192.0,2,1,1,1,0,0,1,0,7.5,269.3,0,0,0,0,0,1
63600,124.989,0.0,0,0,1,0,43.684,0.0,0,0,1,0,14.813,-0.896,0,33.62,0,0,1,1,0,1,1,0,0,1,0,12192.0,2,1,1,1,0,0,1,0,7.7,269.5,0,0,0,0,0,1
63700,124.989,0.0,0,0,1,0,43.684,0.0,0,0,1,0,14.728,-0.849,0,33.38,0,0,1,1,0,1,1,0,0,1,0,12192.0,2,1,1,1,0,0,1,0,8.7,272.3,0,0,0,0,0,1
63800,124.989,0.0,0,0,1,0,43.684,0.0,0,0,1,0,14.648,-0.802,0,33.53,0,0,1,1,0,1,1,0,0,1,0,12192.0,2,1,1,1,0,0,1,0,8.5,266.6,0,0,0,0,0,1
63900,124.989,0.0,0,0,1,0,43.684,0.0,0,0,1,0,14.572,-0.754,0,33.75,0,0,1,1,0,1,1,0,0,1,0,12192.0,2,1,1,1,0,0,1,0,8.8,266.7,0,0,0,0,0,1
64000,124.989,0.0,0,0,1,0,43.684,0.0,0,0,1,0,14.502,-0.707,0,33.71,0,0,1,1,0,1,1,0,0,1,0,12192.0,2,1,1,1,0,0,1,0,7.9,270.7,0,0,0,0,0,1
64100,124.989,0.0,0,0,1,0,43.684,0.0,0,0,1,0,14.436,-0.66,0,33.52,0,0,1,1,0,1,1,0,0,1,0,12192.0,2,1,1,1,0,0,1,0,8.3,272.5,0,0,0,0,0,1
64200,124.989,0.0,0,0,1,0,43.684,0.0,0,0,1,0,14.374,-0.613,0,33.71,0,0,1,1,0,1,1,0,0,1,0,12192.0,2,1,1,1,0,0,1,0,7.9,269.2,0,0,0,0,0,1
64300,124.989,0.0,0,0,1,0,43.684,0.0,0,0,1,0,14.318,-0.565,0,33.51,0,0,1,1,0,1,1,0,0,1,0,12192.0,2,1,1,1,0,0,1,0,8.1,269.6,0,0,0,0,0,1
64400,124.989,0.0,0,0,1,0,43.684,0.0,0,0,1,0,14.266,-0.518,0,33.38,0,0,1,1,0,1,1,0,0,1,0,12192.0,2,1,1,1,0,0,1,0,8.8,271.7,0,0,0,0,0,1
64500,124.989,0.0,0,0,1,0,43.684,0.0,0,0,1,0,14.219,-0.471,0,33.6,0,0,1,1,0,1,1,0,0,1,0,12192.0,2,1,1,1,0,0,1,0,8.8,272.6,0,0,0,0,0,1
64600,124.989,0.0,0,0,1,0,43.684,0.0,0,0,1,0,14.172,-0.471,0,30.74,0,0,1,1,0,1,1,0,0,1,0,12192.0,2,1,1,1,0,0,1,0,8.6,269.5,0,0,0,0,0,1
64700,124.989,0.0,0,0,1,0,43.684,0.0,0,0,1,0,14.13,-0.422,0,33.65,0,0,1,1,0,1,1,0,0,1,0,12192.0,2,1,1,1,0,0,1,0,7.9,263.2,0,0,0,0,0,1
64800,124.989,0.0,0,0,1,0,43.684,0.0,0,0,1,0,14.093,-0.371,0,33.7,0,0,1,1,0,1,1,0,0,1,0,12192.0,2,1,1,1,0,0,1,0,8.6,268.9,0,0,0,0,0,1
64900,124.989,0.0,0,0,1,0,43.684,0.0,0,0,1,0,14.06,-0.321,0,33.36,0,0,1,1,0,1,1,0,0,1,0,12192.0,2,1,1,1,0,0,1,0,8.5,270.4,0,0,0,0,0,1
65000,124.989,0.0,0,0,1,0,43.684,0.0,0,0,1,0,14.034,-0.269,0,33.61,0,0,1,1,0,1,1,0,0,1,0,12192.0,2,1,1,1,0,0,1,0,8.2,267.2,0,0,0,0,0,1
65100,124.989,0.0,0,0,1,0,43.684,0.0,0,0,1,0,14.012,-0.217,0,33.67,0,0,1,1,0,1,1,0,0,1,0,12192.0,2,1,1,1,0,0,1,0,8.1,266.9,0,0,0,0,0,1
65200,124.989,0.0,0,0,1,0,43.684,0.0,0,0,1,0,13.996,-0.163,0,33.45,0,0,1,1,0,1,1,0,0,1,0,12192.0,2,1,1,1,0,0,1,0,9.1,267.4,0,0,0,0,0,1
65300,124.989,0.0,0,0,1,0,43.684,0.0,0,0,1,0,13.985,-0.106,0,33.63,0,0,1,1,0,1,1,0,0,1,0,12192.0,2,1,1,1,0,0,1,0,7.9,272.6,0,0,0,0,0,1
65400,124.989,0.0,0,0,0,0,43.684,0.0,0,0,0,0,13.98,0.0,0,32.04,0,0,0,0,0,1,1,0,0,1,0,12192.0,2,1,1,0,1,0,1,0,9.1,272.3,0,0,0,0,0,1
65500,124.989,0.0,0,0,0,0,43.684,0.0,0,0,0,0,13.98,0.0,0,31.99,0,0,0,0,0,1,1,0,1,1,0,12192.0,2,1,1,0,1,0,1,0,8.6,270.3,0,0,0,0,0,1
65600,124.989,0.0,0,0,0,0,43.684,0.0,0,0,0,0,13.98,0.0,0,31.87,0,0,0,0,0,1,1,0,1,1,0,12192.0,2,1,1,0,1,0,1,0,7.8,275.1,0,0,0,0,0,1
65700,124.989,0.0,0,0,0,0,43.684,0.0,0,0,0,0,13.98,0.0,0,31.95,0,0,0,0,0,1,1,0,1,1,0,12192.0,2,1,1,0,1,0,1,0,8.8,264.1,0,0,0,0,0,1
65800,124.989,0.0,0,0,0,0,43.684,0.0,0,0,0,0,13.98,0.0,0,31.96,0,0,0,0,0,1,1,0,1,1,0,12192.0,2,1,1,0,1,0,1,0,8.7,272.2,0,0,0,0,0,1
65900,124.989,0.0,0,0,0,0,43.684,0.0,0,0,0,0,13.98,0.0,0,32.01,0,0,0,0,0,1,1,0,1,1,0,12192.0,2,1,1,0,1,0,1,0,8.6,270.2,0,0,0,0,0,1
66000,124.989,0.0,0,0,0,0,43.684,0.0,0,0,0,0,13.98,0.0,0,32.05,0,0,0,0,0,1,1,0,1,1,0,12192.0,2,1,1,0,1,0,1,0,9.1,273.5,0,0,0,0,0,1
66100,124.989,0.0,0,0,0,0,43.684,0.0,0,0,0,0,13.98,0.0,0,32.03,0,0,0,0,0,1,1,0,1,1,0,12192.0,2,1,1,0,1,0,1,0,8.5,269.5,0,0,0,0,0,1
66200,124.989,0.0,0,0,0,0,43.684,0.0,0,0,0,0,13.98,0.0,0,31.94,0,0,0,0,0,1,1,0,1,1,0,12192.0,2,1,1,0,1,0,1,0,7.8,273.4,0,0,0,0,0,1
66300,124.989,0.0,0,0,0,0,43.684,0.0,0,0,0,0,13.98,0.0,0,32.03,0,0,0,0,0,1,1,0,1,1,0,12192.0,2,1,1,0,1,0,1,0,8.5,266.6,0,0,0,0,0,1
66400,124.989,0.0,0,0,0,0,43.684,0.0,0,0,0,0,13.98,0.0,0,31.96,0,0,0,0,0,1,1,0,1,1,0,12192.0,2,1,1,0,1,0,1,0,7.9,271.5,0,0,0,0,0,1
66500,124.989,0.0,0,0,0,0,43.684,0.0,0,0,0,0,13.98,0.0,0,31.98,0,0,0,0,0,1,1,0,1,1,0,12192.0,2,1,1,0,1,0,1,0,7.3,271.2,0,0,0,0,0,1
66600,124.989,0.0,0,0,0,0,43.684,0.0,0,0,0,0,13.98,0.0,0,32.03,0,0,0,0,0,1,1,0,1,1,0,12192.0,2,1,1,0,1,0,1,0,9.0,271.2,0,0,0,0,0,1
66700,124.989,0.0,0,0,0,0,43.684,0.0,0,0,0,0,13.98,0.0,0,0.0,0,0,0,0,0,1,0,1,1,1,0,12192.0,2,1,1,0,1,0,1,0,8.7,262.7,0,0,0,0,0,1
66800,124.989,0.0,0,0,0,0,43.684,0.0,0,0,0,0,13.98,0.0,0,0.0,0,0,0,0,0,1,0,1,1,1,0,12192.0,2,1,1,0,1,0,1,0,8.0,270.3,0,0,0,0,0,1
66900,124.989,0.0,0,0,0,0,43.684,0.0,0,0,0,0,13.98,0.0,0,0.0,0,0,0,0,0,1,0,1,1,1,0,12192.0,2,1,1,0,1,0,1,0,8.1,268.0,0,0,0,0,0,1
67000,124.989,0.0,0,0,0,0,43.684,0.0,0,0,0,0,13.98,0.0,0,0.0,0,0,0,0,0,1,0,1,1,1,0,12192.0,2,1,1,0,1,0,1,0,6.7,267.2,0,0,0,0,0,1
67100,124.989,0.0,0,0,0,0,43.684,0.0,0,0,0,0,13.98,0.0,0,0.0,0,0,0,0,0,1,0,1,1,1,0,12192.0,2,1,1,0,1,0,1,0,8.6,271.7,0,0,0,0,0,1
67200,124.989,0.0,0,0,0,0,43.684,0.0,0,0,0,0,13.98,0.0,0,0.0,0,0,0,0,0,1,0,1,1,1,0,12192.0,2,1,1,0,1,0,1,0,8.4,263.3,0,0,0,0,0,1
67300,124.989,0.0,0,0,0,0,43.684,0.0,0,0,0,0,13.98,0.0,0,0.0,0,0,0,0,0,1,0,1,1,1,0,12192.0,2,1,1,0,1,0,1,0,7.6,269.0,0,0,0,0,0,1
67400,124.989,0.0,0,0,0,0,43.684,0.0,0,0,0,0,13.98,0.0,0,0.0,0,0,0,0,0,1,0,1,1,1,0,12192.0,2,1,1,0,1,0,1,0,7.7,268.3,0,0,0,0,0,1
67500,124.989,0.0,0,0,0,0,43.684,0.0,0,0,0,0,13.98,0.0,0,0.0,0,0,0,0,0,1,0,1,1,1,0,12192.0,2,1,1,0,1,0,1,0,7.7,272.5,0,0,0,0,0,1
67600,124.989,0.0,0,0,0,0,43.684,0.0,0,0,0,0,13.98,0.0,0,0.0,0,0,0,0,0,1,0,1,1,1,0,12192.0,2,1,1,0,1,0,1,0,8.7,270.8,0,0,0,0,0,1
67700,124.989,0.0,0,0,0,0,43.684,0.0,0,0,0,0,13.98,0.0,0,0.0,0,0,0,0,0,1,0,1,1,1,0,12192.0,2,1,1,0,1,0,1,0,7.9,274.1,0,0,0,0,0,1
67800,124.989,0.0,0,0,0,0,43.684,0.0,0,0,0,0,13.98,0.0,0,0.0,0,0,0,0,0,1,0,1,1,1,0,12192.0,2,1,1,0,1,0,1,0,7.1,273.0,0,0,0,0,0,1
67900,124.989,0.0,0,0,0,0,43.684,0.0,0,0,0,0,13.98,0.0,0,0.0,0,0,0,0,0,1,0,1,1,1,0,12192.0,2,1,1,0,1,0,1,0,7.9,272.0,0,0,0,0,0,1
68000,124.989,0.0,0,0,0,0,43.684,0.0,0,0,0,0,13.98,0.0,0,0.0,0,0,0,0,0,1,0,1,1,1,0,12192.0,2,1,1,0,1,0,1,0,8.2,268.8,0,0,0,0,0,1
68100,124.989,0.0,0,0,0,0,43.684,0.0,0,0,0,0,13.98,0.0,0,0.0,0,0,0,0,0,1,0,1,1,1,0,12192.0,2,1,1,0,1,0,1,0,8.2,268.2,0,0,0,0,0,1
68200,124.989,0.0,0,0,1,0,43.684,0.0,0,0,1,0,13.985,0.047,1,0.0,0,0,1,1,0,1,0,1,0,0,0,12192.0,2,1,1,1,0,0,1,0,8.4,268.0,0,0,0,0,0,1
68300,124.989,0.0,0,0,1,0,43.684,0.0,0,0,1,0,13.994,0.094,1,0.0,0,0,1,1,0,1,0,1,0,0,0,12192.0,2,1,1,1,0,0,1,0,7.1,268.9,0,0,0,0,0,1
68400,124.989,0.0,0,0,1,0,43.684,0.0,0,0,1,0,14.009,0.142,1,0.0,0,0,1,1,0,1,0,1,0,0,0,12192.0,2,1,1,1,0,0,1,0,7.4,271.5,0,0,0,0,0,1
68500,124.989,0.0,0,0,1,0,43.684,0.0,0,0,1,0,14.027,0.189,1,0.0,0,0,1,1,0,1,0,1,0,0,0,12192.0,2,1,1,1,0,0,1,0,6.7,267.6,0,0,0,0,0,1
68600,124.989,0.0,0,0,1,0,43.684,0.0,0,0,1,0,14.051,0.236,1,0.0,0,0,1,1,0,1,0,1,0,0,0,12192.0,2,1,1,1,0,0,1,0,6.9,270.1,0,0,0,0,0,1
68700,124.989,0.0,0,0,1,0,43.684,0.0,0,0,1,0,14.079,0.283,1,0.0,0,0,1,1,0,1,0,1,0,0,0,12192.0,2,1,1,1,0,0,1,0,7.8,265.6,0,0,0,0,0,1
68800,124.989,0.0,0,0,1,0,43.684,0.0,0,0,1,0,14.112,0.331,1,0.0,0,0,1,1,0,1,0,1,0,0,0,12192.0,2,1,1,1,0,0,1,0,6.8,273.9,0,0,0,0,0,1
68900,124.989,0.0,0,0,1,0,43.684,0.0,0,0,1,0,14.15,0.378,1,0.0,0,0,1,1,0,1,0,1,0,0,0,12192.0,2,1,1,1,0,0,1,0,7.8,266.0,0,0,0,0,0,1
69000,124.989,0.0,0,0,1,0,43.684,0.0,0,0,1,0,14.193,0.425,1,0.0,0,0,1,1,0,1,0,1,0,0,0,12192.0,2,1,1,1,0,0,1,0,7.6,269.1,0,0,0,0,0,1
69100,124.989,0.0,0,0,1,0,43.684,0.0,0,0,1,0,14.24,0.472,1,0.0,0,0,1,1,0,1,0,1,0,0,0,12192.0,2,1,1,1,0,0,1,0,6.5,274.7,0,0,0,0,0,1
69200,124.989,0.0,0,0,1,0,43.684,0.0,0,0,1,0,14.292,0.52,1,0.0,0,0,1,1,0,1,0,1,0,0,0,12192.0,2,1,1,1,0,0,1,0,7.7,271.3,0,0,0,0,0,1
69300,124.989,0.0,0,0,1,0,43.684,0.0,0,0,1,0,14.349,0.567,1,0.0,0,0,1,1,0,1,0,1,0,0,0,12192.0,2,1,1,1,0,0,1,0,8.2,264.6,0,0,0,0,0,1
69400,124.989,0.0,0,0,1,0,43.684,0.0,0,0,1,0,14.41,0.614,1,0.0,0,0,1,1,0,1,0,1,0,0,0,12192.0,2,1,1,1,0,0,1,0,7.3,272.3,0,0,0,0,0,1
69500,124.989,0.0,0,0,1,0,43.684,0.0,0,0,1,0,14.476,0.661,1,0.0,0,0,1,1,0,1,0,1,0,0,0,12192.0,2,1,1,1,0,0,1,0,8.0,272.6,0,0,0,0,0,1
69600,124.989,0.0,0,0,1,0,43.684,0.0,0,0,1,0,14.547,0.709,1,0.0,0,0,1,1,0,1,0,1,0,0,0,12192.0,2,1,1,1,0,0,1,0,7.7,266.5,0,0,0,0,0,1
69700,124.989,0.0,0,0,1,0,43.684,0.0,0,0,1,0,14.623,0.756,1,0.0,0,0,1,1,0,1,0,1,0,0,0,12192.0,2,1,1,1,0,0,1,0,7.6,272.2,0,0,0,0,0,1
69800,124.989,0.0,0,0,1,0,43.684,0.0,0,0,1,0,14.703,0.803,1,0.0,0,0,1,1,0,1,0,1,0,0,0,12192.0,2,1,1,1,0,0,1,0,7.2,272.7,0,0,0,0,0,1
69900,124.989,0.0,0,0,1,0,43.684,0.0,0,0,1,0,14.788,0.85,1,0.0,0,0,1,1,0,1,0,1,0,0,0,12192.0,2,1,1,1,0,0,1,0,7.0,271.0,0,0,0,0,0,1
70000,124.989,0.0,0,0,1,0,43.684,0.0,0,0,1,0,14.878,0.897,1,0.0,0,0,1,1,0,1,0,1,0,0,0,12192.0,2,1,1,1,0,0,1,0,7.1,269.2,0,0,0,0,0,1
70100,124.989,0.0,0,0,1,0,43.684,0.0,0,0,1,0,14.972,0.945,1,0.0,0,0,1,1,0,1,0,1,0,0,0,12192.0,2,1,1,1,0,0,1,0,7.8,269.4,0,0,0,0,0,1
70200,124.989,0.0,0,0,1,0,43.684,0.0,0,0,1,0,15.071,0.992,1,0.0,0,0,1,1,0,1,0,1,0,0,0,12192.0,2,1,1,1,0,0,1,0,7.2,275.6,0,0,0,0,0,1
70300,124.989,0.0,0,0,1,0,43.684,0.0,0,0,1,0,15.175,1.039,1,0.0,0,0,1,1,0,1,0,1,0,0,0,12192.0,2,1,1,1,0,0,1,0,7.2,273.8,0,0,0,0,0,1
70400,124.989,0.0,0,0,1,0,43.684,0.0,0,0,1,0,15.284,1.086,1,0.0,0,0,1,1,0,1,0,1,0,0,0,12192.0,2,1,1,1,0,0,1,0,7.2,267.5,0,0,0,0,0,1
70500,124.989,0.0,0,0,1,0,43.684,0.0,0,0,1,0,15.397,1.134,1,0.0,0,0,1,1,0,1,0,1,0,0,0,12192.0,2,1,1,1,0,0,1,0,8.2,271.6,0,0,0,0,0,1
70600,124.989,0.0,0,0,1,0,43.684,0.0,0,0,1,0,15.515,1.181,1,0.0,0,0,1,1,0,1,0,1,0,0,0,12192.0,2,1,1,1,0,0,1,0,7.3,272.4,0,0,0,0,0,1
70700,124.989,0.0,0,0,1,0,43.684,0.0,0,0,1,0,15.638,1.227,1,0.0,0,0,1,1,0,1,0,1,0,0,0,12192.0,2,1,1,1,0,0,1,0,7.1,269.7,0,0,0,0,0,1
70800,124.989,0.0,0,0,1,0,43.684,0.0,0,0,1,0,15.761,1.227,1,0.0,0,0,1,1,0,1,0,1,0,0,0,12192.0,2,1,1,1,0,0,1,0,7.7,273.4,0,0,0,0,0,1
70900,124.989,0.0,0,0,1,0,43.684,0.0,0,0,1,0,15.883,1.227,1,0.0,0,0,1,1,0,1,0,1,0,0,0,12192.0,2,1,1,1,0,0,1,0,7.7,268.7,0,0,0,0,0,1
71000,124.989,0.0,0,0,1,0,43.684,0.0,0,0,1,0,16.006,1.227,1,0.0,0,0,1,1,0,1,0,1,0,0,0,12192.0,2,1,1,1,0,0,1,0,7.4,267.9,0,0,0,0,0,1
71100,124.989,0.0,0,0,1,0,43.684,0.0,0,0,1,0,16.129,1.227,1,0.0,0,0,1,1,0,1,0,1,0,0,0,12192.0,2,1,1,1,0,0,1,0,7.2,266.6,0,0,0,0,0,1
71200,124.989,0.0,0,0,1,0,43.684,0.0,0,0,1,0,16.251,1.227,1,0.0,0,0,1,1,0,1,0,1,0,0,0,12192.0,2,1,1,1,0,0,1,0,9.0,270.0,0,0,0,0,0,1
71300,124.989,0.0,0,0,1,0,43.684,0.0,0,0,1,0,16.374,1.227,1,0.0,0,0,1,1,0,1,0,1,0,0,0,12192.0,2,1,1,1,0,0,1,0,8.2,272.8,0,0,0,0,0,1
71400,124.989,0.0,0,0,1,0,43.684,0.0,0,0,1,0,16.497,1.227,1,0.0,0,0,1,1,0,1,0,1,0,0,0,12192.0,2,1,1,1,0,0,1,0,7.6,268.1,0,0,0,0,0,1
71500,124.989,0.0,0,0,1,0,43.684,0.0,0,0,1,0,16.619,1.227,1,0.0,0,0,1,1,0,1,0,1,0,0,0,12192.0,2,1,1,1,0,0,1,0,8.4,269.4,0,0,0,0,0,1
71600,124.989,0.0,0,0,1,0,43.684,0.0,0,0,1,0,16.742,1.227,1,0.0,0,0,1,1,0,1,0,1,0,0,0,12192.0,2,1,1,1,0,0,1,0,8.1,264.9,0,0,0,0,0,1
71700,124.989,0.0,0,0,1,0,43.684,0.0,0,0,1,0,16.865,1.227,1,0.0,0,0,1,1,0,1,0,1,0,0,0,12192.0,2,1,1,1,0,0,1,0,7.6,270.6,0,0,0,0,0,1
71800,124.989,0.0,0,0,1,0,43.684,0.0,0,0,1,0,16.983,1.18,1,0.0,0,0,1,1,0,1,0,1,0,0,0,12192.0,2,1,1,1,0,0,1,0,7.8,270.0,0,0,0,0,0,1
71900,124.989,0.0,0,0,1,0,43.684,0.0,0,0,1,0,17.096,1.132,1,0.0,0,0,1,1,0,1,0,1,0,0,0,12192.0,2,1,1,1,0,0,1,0,7.7,269.3,0,0,0,0,0,1
72000,124.989,0.0,0,0,1,0,43.684,0.0,0,0,1,0,17.204,1.085,1,0.0,0,0,1,1,0,1,0,1,0,0,0,12192.0,2,1,1,1,0,0,1,0,8.3,267.2,0,0,0,0,0,1
72100,124.989,0.0,0,0,1,0,43.684,0.0,0,0,1,0,17.308,1.038,1,0.0,0,0,1,1,0,1,0,1,0,0,0,12192.0,2,1,1,1,0,0,1,0,8.3,269.5,0,0,0,0,0,1
72200,124.989,0.0,0,0,1,0,43.684,0.0,0,0,1,0,17.407,0.991,1,0.0,0,0,1,1,0,1,0,1,0,0,0,12192.0,2,1,1,1,0,0,1,0,8.0,268.5,0,0,0,0,0,1
72300,124.989,0.0,0,0,1,0,43.684,0.0,0,0,1,0,17.502,0.943,1,0.0,0,0,1,1,0,1,0,1,0,0,0,12192.0,2,1,1,1,0,0,1,0,7.8,274.1,0,0,0,0,0,1
72400,124.989,0.0,0,0,1,0,43.684,0.0,0,0,1,0,17.591,0.896,1,0.0,0,0,1,1,0,1,0,1,0,0,0,12192.0,2,1,1,1,0,0,1,0,8.2,269.3,0,0,0,0,0,1
72500,124.989,0.0,0,0,1,0,43.684,0.0,0,0,1,0,17.676,0.849,1,0.0,0,0,1,1,0,1,0,1,0,0,0,12192.0,2,1,1,1,0,0,1,0,7.8,272.1,0,0,0,0,0,1
72600,124.989,0.0,0,0,1,0,43.684,0.0,0,0,1,0,17.756,0.802,1,0.0,0,0,1,1,0,1,0,1,0,0,0,12192.0,2,1,1,1,0,0,1,0,7.4,268.9,0,0,0,0,0,1
72700,124.989,0.0,0,0,1,0,43.684,0.0,0,0,1,0,17.832,0.754,1,0.0,0,0,1,1,0,1,0,1,0,0,0,12192.0,2,1,1,1,0,0,1,0,9.2,269.3,0,0,0,0,0,1
72800,124.989,0.0,0,0,1,0,43.684,0.0,0,0,1,0,17.902,0.707,1,0.0,0,0,1,1,0,1,0,1,0,0,0,12192.0,2,1,1,1,0,0,1,0,8.7,267.1,0,0,0,0,0,1
72900,124.989,0.0,0,0,1,0,43.684,0.0,0,0,1,0,17.968,0.66,1,0.0,0,0,1,1,0,1,0,1,0,0,0,12192.0,2,1,1,1,0,0,1,0,9.3,268.6,0,0,0,0,0,1
73000,124.989,0.0,0,0,1,0,43.684,0.0,0,0,1,0,18.03,0.613,1,0.0,0,0,1,1,0,1,0,1,0,0,0,12192.0,2,1,1,1,0,0,1,0,8.3,272.8,0,0,0,0,0,1
73100,124.989,0.0,0,0,1,0,43.684,0.0,0,0,1,0,18.086,0.565,1,0.0,0,0,1,1,0,1,0,1,0,0,0,12192.0,2,1,1,1,0,0,1,0,8.8,270.0,0,0,0,0,0,1
73200,124.989,0.0,0,0,1,0,43.684,0.0,0,0,1,0,18.138,0.518,1,0.0,0,0,1,1,0,1,0,1,0,0,0,12192.0,2,1,1,1,0,0,1,0,8.1,269.2,0,0,0,0,0,1
73300,124.989,0.0,0,0,1,0,43.684,0.0,0,0,1,0,18.185,0.471,1,0.0,0,0,1,1,0,1,0,1,0,0,0,12192.0,2,1,1,1,0,0,1,0,8.4,276.8,0,0,0,0,0,1
73400,124.989,0.0,0,0,1,0,43.684,0.0,0,0,1,0,18.228,0.424,1,0.0,0,0,1,1,0,1,0,1,0,0,0,12192.0,2,1,1,1,0,0,1,0,8.7,265.0,0,0,0,0,0,1
73500,124.989,0.0,0,0,1,0,43.684,0.0,0,0,1,0,18.265,0.377,1,0.0,0,0,1,1,0,1,0,1,0,0,0,12192.0,2,1,1,1,0,0,1,0,8.2,269.4,0,0,0,0,0,1
73600,124.989,0.0,0,0,1,0,43.684,0.0,0,0,1,0,18.298,0.329,1,0.0,0,0,1,1,0,1,0,1,0,0,0,12192.0,2,1,1,1,0,0,1,0,8.8,270.3,0,0,0,0,0,1
73700,124.989,0.0,0,0,1,0,43.684,0.0,0,0,1,0,18.331,0.331,1,0.0,0,0,1,1,0,1,0,1,0,0,0,12192.0,2,1,1,1,0,0,1,0,9.0,271.2,0,0,0,0,0,1
73800,124.989,0.0,0,0,1,0,43.684,0.0,0,0,1,0,18.359,0.28,1,0.0,0,0,1,1,0,1,0,1,0,0,0,12192.0,2,1,1,1,0,0,1,0,8.8,265.9,0,0,0,0,0,1
73900,124.989,0.0,0,0,1,0,43.684,0.0,0,0,1,0,18.382,0.228,1,0.0,0,0,1,1,0,1,0,1,0,0,0,12192.0,2,1,1,1,0,0,1,0,8.4,268.5,0,0,0,0,0,1
74000,124.989,0.0,0,0,1,0,43.684,0.0,0,0,1,0,18.4,0.174,1,0.0,0,0,1,1,0,1,0,1,0,0,0,12192.0,2,1,1,1,0,0,1,0,8.5,265.3,0,0,0,0,0,1
74100,124.989,0.0,0,0,1,0,43.684,0.0,0,0,1,0,18.411,0.118,1,0.0,0,0,1,1,0,1,0,1,0,0,0,12192.0,2,1,1,1,0,0,1,0,8.8,270.4,0,0,0,0,0,1
74200,124.989,0.0,0,0,1,0,43.684,0.0,0,0,1,0,18.417,0.053,1,0.0,0,0,1,1,0,1,0,1,0,0,0,12192.0,2,1,1,1,0,0,1,0,8.7,269.9,0,0,0,0,0,1
74300,124.989,0.0,0,0,0,0,43.684,0.0,0,0,0,0,18.417,0.0,0,0.0,0,0,0,0,0,1,0,1,0,0,0,12192.0,2,1,1,0,1,0,1,0,9.3,272.4,0,0,0,0,0,1
