t_ms,GT_Position,GT_Velocity,GT_Direction,GT_Running,GT_Brake_Released,GT_Motor_Alarm,TR_Position,TR_Velocity,TR_Direction,TR_Running,TR_Brake_Released,TR_Motor_Alarm,HO_Position,HO_Velocity,HO_Direction,HO_Load,HO_Overload_Alarm,HO_Snag_Alarm,HO_Running,HO_Brake_Released,HO_Motor_Alarm,SP_Mode,SP_TwistLock_Locked,SP_TwistLock_Unlocked,SP_Landed,SP_Container_Detected,SP_Mismatch_Alarm,SP_Telescopic_Position,OP_Mode,OP_Power_On,OP_Ready,OP_Running,OP_Standby,OP_Emergency_Stop,OP_AntiSway_Active,OP_Cycle_Count_Today,ENV_Wind_Speed,ENV_Wind_Direction,ENV_Wind_Alarm,ALM_Active,ALM_Latest_Code,ALM_Latest_Severity,ALM_Latest_Source,COM_Link_Status
0,0.0,0.0,0,0,1,0,0.006,0.061,1,1,1,0,39.195,-0.048,0,0.0,0,0,1,1,0,1,0,1,0,0,0,12192.0,2,1,1,1,0,0,1,0,8.0,270.5,0,0,0,0,0,1
100,0.0,0.0,0,0,1,0,0.018,0.122,1,1,1,0,39.186,-0.097,0,0.0,0,0,1,1,0,1,0,1,0,0,0,12192.0,2,1,1,1,0,0,1,0,8.4,271.3,0,0,0,0,0,1
200,0.0,0.0,0,0,1,0,0.037,0.183,1,1,1,0,39.171,-0.145,0,0.0,0,0,1,1,0,1,0,1,0,0,0,12192.0,2,1,1,1,0,0,1,0,6.9,271.4,0,0,0,0,0,1
300,0.0,0.0,0,0,1,0,0.061,0.244,1,1,1,0,39.152,-0.193,0,0.0,0,0,1,1,0,1,0,1,0,0,0,12192.0,2,1,1,1,0,0,1,0,8.0,265.7,0,0,0,0,0,1
400,0.0,0.0,0,0,1,0,0.091,0.305,1,1,1,0,39.128,-0.241,0,0.0,0,0,1,1,0,1,0,1,0,0,0,12192.0,2,1,1,1,0,0,1,0,8.1,270.8,0,0,0,0,0,1
500,0.0,0.0,0,0,1,0,0.128,0.366,1,1,1,0,39.099,-0.29,0,0.0,0,0,1,1,0,1,0,1,0,0,0,12192.0,2,1,1,1,0,0,1,0,8.9,266.9,0,0,0,0,0,1
600,0.0,0.0,0,0,1,0,0.171,0.427,1,1,1,0,39.065,-0.338,0,0.0,0,0,1,1,0,1,0,1,0,0,0,12192.0,2,1,1,1,0,0,1,0,8.8,269.3,0,0,0,0,0,1
700,0.0,0.0,0,0,1,0,0.217,0.468,1,1,1,0,39.026,-0.386,0,0.0,0,0,1,1,0,1,0,1,0,0,0,12192.0,2,1,1,1,0,0,1,0,8.1,269.6,0,0,0,0,0,1
800,0.0,0.0,0,0,1,0,0.258,0.402,1,1,1,0,38.983,-0.434,0,0.0,0,0,1,1,0,1,0,1,0,0,0,12192.0,2,1,1,1,0,0,1,0,8.7,271.6,0,0,0,0,0,1
900,0.0,0.0,0,0,1,0,0.291,0.336,1,1,1,0,38.935,-0.483,0,0.0,0,0,1,1,0,1,0,1,0,0,0,12192.0,2,1,1,1,0,0,1,0,8.3,268.9,0,0,0,0,0,1
1000,0.0,0.0,0,0,1,0,0.318,0.268,1,1,1,0,38.881,-0.531,0,0.0,0,0,1,1,0,1,0,1,0,0,0,12192.0,2,1,1,1,0,0,1,0,7.8,267.6,0,0,0,0,0,1
1100,0.0,0.0,0,0,1,0,0.338,0.198,1,1,1,0,38.823,-0.579,0,0.0,0,0,1,1,0,1,0,1,0,0,0,12192.0,2,1,1,1,0,0,1,0,8.7,267.6,0,0,0,0,0,1
1200,0.0,0.0,0,0,1,0,0.35,0.122,1,1,1,0,38.761,-0.628,0,0.0,0,0,1,1,0,1,0,1,0,0,0,12192.0,2,1,1,1,0,0,1,0,8.6,270.4,0,0,0,0,0,1
1300,0.0,0.0,0,0,1,0,0.356,0.0,0,0,1,0,38.693,-0.676,0,0.0,0,0,1,1,0,1,0,1,0,0,0,12192.0,2,1,1,1,0,0,1,0,8.4,267.6,0,0,0,0,0,1
1400,0.0,0.0,0,0,1,0,0.356,0.0,0,0,1,0,38.621,-0.724,0,0.0,0,0,1,1,0,1,0,1,0,0,0,12192.0,2,1,1,1,0,0,1,0,8.6,271.7,0,0,0,0,0,1
1500,0.0,0.0,0,0,1,0,0.356,0.0,0,0,1,0,38.544,-0.772,0,0.0,0,0,1,1,0,1,0,1,0,0,0,12192.0,2,1,1,1,0,0,1,0,8.1,268.9,0,0,0,0,0,1
1600,0.0,0.0,0,0,1,0,0.356,0.0,0,0,1,0,38.461,-0.821,0,0.0,0,0,1,1,0,1,0,1,0,0,0,12192.0,2,1,1,1,0,0,1,0,8.5,274.0,0,0,0,0,0,1
1700,0.0,0.0,0,0,1,0,0.356,0.0,0,0,1,0,38.375,-0.869,0,0.0,0,0,1,1,0,1,0,1,0,0,0,12192.0,2,1,1,1,0,0,1,0,9.0,271.8,0,0,0,0,0,1
1800,0.0,0.0,0,0,1,0,0.356,0.0,0,0,1,0,38.283,-0.917,0,0.0,0,0,1,1,0,1,0,1,0,0,0,12192.0,2,1,1,1,0,0,1,0,8.8,267.7,0,0,0,0,0,1
1900,0.0,0.0,0,0,1,0,0.356,0.0,0,0,1,0,38.186,-0.965,0,0.0,0,0,1,1,0,1,0,1,0,0,0,12192.0,2,1,1,1,0,0,1,0,8.8,271.3,0,0,0,0,0,1
2000,0.0,0.0,0,0,1,0,0.356,0.0,0,0,1,0,38.085,-1.014,0,0.0,0,0,1,1,0,1,0,1,0,0,0,12192.0,2,1,1,1,0,0,1,0,8.2,272.3,0,0,0,0,0,1
2100,0.0,0.0,0,0,1,0,0.356,0.0,0,0,1,0,37.979,-1.062,0,0.0,0,0,1,1,0,1,0,1,0,0,0,12192.0,2,1,1,1,0,0,1,0,8.2,270.2,0,0,0,0,0,1
2200,0.0,0.0,0,0,1,0,0.356,0.0,0,0,1,0,37.868,-1.11,0,0.0,0,0,1,1,0,1,0,1,0,0,0,12192.0,2,1,1,1,0,0,1,0,9.0,273.3,0,0,0,0,0,1
2300,0.0,0.0,0,0,1,0,0.356,0.0,0,0,1,0,37.752,-1.159,0,0.0,0,0,1,1,0,1,0,1,0,0,0,12192.0,2,1,1,1,0,0,1,0,9.2,270.0,0,0,0,0,0,1
2400,0.0,0.0,0,0,1,0,0.356,0.0,0,0,1,0,37.631,-1.207,0,0.0,0,0,1,1,0,1,0,1,0,0,0,12192.0,2,1,1,1,0,0,1,0,8.8,267.7,0,0,0,0,0,1
2500,0.0,0.0,0,0,1,0,0.356,0.0,0,0,1,0,37.506,-1.255,0,0.0,0,0,1,1,0,1,0,1,0,0,0,12192.0,2,1,1,1,0,0,1,0,8.8,266.0,0,0,0,0,0,1
2600,0.0,0.0,0,0,1,0,0.356,0.0,0,0,1,0,37.377,-1.29,0,0.0,0,0,1,1,0,1,0,1,0,0,0,12192.0,2,1,1,1,0,0,1,0,8.7,268.6,0,0,0,0,0,1
2700,0.0,0.0,0,0,1,0,0.356,0.0,0,0,1,0,37.248,-1.29,0,0.0,0,0,1,1,0,1,0,1,0,0,0,12192.0,2,1,1,1,0,0,1,0,8.1,269.5,0,0,0,0,0,1
2800,0.0,0.0,0,0,1,0,0.356,0.0,0,0,1,0,37.119,-1.29,0,0.0,0,0,1,1,0,1,0,1,0,0,0,12192.0,2,1,1,1,0,0,1,0,8.5,270.6,0,0,0,0,0,1
2900,0.0,0.0,0,0,1,0,0.356,0.0,0,0,1,0,36.99,-1.29,0,0.0,0,0,1,1,0,1,0,1,0,0,0,12192.0,2,1,1,1,0,0,1,0,7.7,270.1,0,0,0,0,0,1
3000,0.0,0.0,0,0,1,0,0.356,0.0,0,0,1,0,36.861,-1.29,0,0.0,0,0,1,1,0,1,0,1,0,0,0,12192.0,2,1,1,1,0,0,1,0,8.4,268.8,0,0,0,0,0,1
3100,0.0,0.0,0,0,1,0,0.356,0.0,0,0,1,0,36.732,-1.29,0,0.0,0,0,1,1,0,1,0,1,0,0,0,12192.0,2,1,1,1,0,0,1,0,8.4,266.2,0,0,0,0,0,1
3200,0.0,0.0,0,0,1,0,0.356,0.0,0,0,1,0,36.603,-1.29,0,0.0,0,0,1,1,0,1,0,1,0,0,0,12192.0,2,1,1,1,0,0,1,0,7.9,270.7,0,0,0,0,0,1
3300,0.0,0.0,0,0,1,0,0.356,0.0,0,0,1,0,36.474,-1.29,0,0.0,0,0,1,1,0,1,0,1,0,0,0,12192.0,2,1,1,1,0,0,1,0,8.3,271.9,0,0,0,0,0,1
3400,0.0,0.0,0,0,1,0,0.356,0.0,0,0,1,0,36.345,-1.29,0,0.0,0,0,1,1,0,1,0,1,0,0,0,12192.0,2,1,1,1,0,0,1,0,8.8,269.7,0,0,0,0,0,1
3500,0.0,0.0,0,0,1,0,0.356,0.0,0,0,1,0,36.216,-1.29,0,0.0,0,0,1,1,0,1,0,1,0,0,0,12192.0,2,1,1,1,0,0,1,0,8.2,270.2,0,0,0,0,0,1
3600,0.0,0.0,0,0,1,0,0.356,0.0,0,0,1,0,36.087,-1.29,0,0.0,0,0,1,1,0,1,0,1,0,0,0,12192.0,2,1,1,1,0,0,1,0,8.3,271.8,0,0,0,0,0,1
3700,0.0,0.0,0,0,1,0,0.356,0.0,0,0,1,0,35.958,-1.29,0,0.0,0,0,1,1,0,1,0,1,0,0,0,12192.0,2,1,1,1,0,0,1,0,8.4,267.0,0,0,0,0,0,1
3800,0.0,0.0,0,0,1,0,0.356,0.0,0,0,1,0,35.829,-1.29,0,0.0,0,0,1,1,0,1,0,1,0,0,0,12192.0,2,1,1,1,0,0,1,0,8.3,269.4,0,0,0,0,0,1
3900,0.0,0.0,0,0,1,0,0.356,0.0,0,0,1,0,35.7,-1.29,0,0.0,0,0,1,1,0,1,0,1,0,0,0,12192.0,2,1,1,1,0,0,1,0,8.2,268.4,0,0,0,0,0,1
4000,0.0,0.0,0,0,1,0,0.356,0.0,0,0,1,0,35.571,-1.29,0,0.0,0,0,1,1,0,1,0,1,0,0,0,12192.0,2,1,1,1,0,0,1,0,8.1,268.3,0,0,0,0,0,1
4100,0.0,0.0,0,0,1,0,0.356,0.0,0,0,1,0,35.442,-1.29,0,0.0,0,0,1,1,0,1,0,1,0,0,0,12192.0,2,1,1,1,0,0,1,0,7.6,264.7,0,0,0,0,0,1
4200,0.0,0.0,0,0,1,0,0.356,0.0,0,0,1,0,35.313,-1.29,0,0.0,0,0,1,1,0,1,0,1,0,0,0,12192.0,2,1,1,1,0,0,1,0,8.1,273.2,0,0,0,0,0,1
4300,0.0,0.0,0,0,1,0,0.356,0.0,0,0,1,0,35.184,-1.29,0,0.0,0,0,1,1,0,1,0,1,0,0,0,12192.0,2,1,1,1,0,0,1,0,7.6,262.5,0,0,0,0,0,1
4400,0.0,0.0,0,0,1,0,0.356,0.0,0,0,1,0,35.055,-1.29,0,0.0,0,0,1,1,0,1,0,1,0,0,0,12192.0,2,1,1,1,0,0,1,0,8.3,270.9,0,0,0,0,0,1
4500,0.0,0.0,0,0,1,0,0.356,0.0,0,0,1,0,34.926,-1.29,0,0.0,0,0,1,1,0,1,0,1,0,0,0,12192.0,2,1,1,1,0,0,1,0,7.7,270.0,0,0,0,0,0,1
4600,0.0,0.0,0,0,1,0,0.356,0.0,0,0,1,0,34.797,-1.29,0,0.0,0,0,1,1,0,1,0,1,0,0,0,12192.0,2,1,1,1,0,0,1,0,8.0,270.0,0,0,0,0,0,1
4700,0.0,0.0,0,0,1,0,0.356,0.0,0,0,1,0,34.668,-1.29,0,0.0,0,0,1,1,0,1,0,1,0,0,0,12192.0,2,1,1,1,0,0,1,0,7.7,271.4,0,0,0,0,0,1
4800,0.0,0.0,0,0,1,0,0.356,0.0,0,0,1,0,34.539,-1.29,0,0.0,0,0,1,1,0,1,0,1,0,0,0,12192.0,2,1,1,1,0,0,1,0,7.9,266.0,0,0,0,0,0,1
4900,0.0,0.0,0,0,1,0,0.356,0.0,0,0,1,0,34.41,-1.29,0,0.0,0,0,1,1,0,1,0,1,0,0,0,12192.0,2,1,1,1,0,0,1,0,7.7,271.5,0,0,0,0,0,1
5000,0.0,0.0,0,0,1,0,0.356,0.0,0,0,1,0,34.281,-1.29,0,0.0,0,0,1,1,0,1,0,1,0,0,0,12192.0,2,1,1,1,0,0,1,0,8.8,267.9,0,0,0,0,0,1
5100,0.0,0.0,0,0,1,0,0.356,0.0,0,0,1,0,34.152,-1.29,0,0.0,0,0,1,1,0,1,0,1,0,0,0,12192.0,2,1,1,1,0,0,1,0,7.9,265.8,0,0,0,0,0,1
5200,0.0,0.0,0,0,1,0,0.356,0.0,0,0,1,0,34.023,-1.29,0,0.0,0,0,1,1,0,1,0,1,0,0,0,12192.0,2,1,1,1,0,0,1,0,7.5,269.0,0,0,0,0,0,1
5300,0.0,0.0,0,0,1,0,0.356,0.0,0,0,1,0,33.894,-1.29,0,0.0,0,0,1,1,0,1,0,1,0,0,0,12192.0,2,1,1,1,0,0,1,0,7.1,271.6,0,0,0,0,0,1
5400,0.0,0.0,0,0,1,0,0.356,0.0,0,0,1,0,33.765,-1.29,0,0.0,0,0,1,1,0,1,0,1,0,0,0,12192.0,2,1,1,1,0,0,1,0,7.1,272.1,0,0,0,0,0,1
5500,0.0,0.0,0,0,1,0,0.356,0.0,0,0,1,0,33.636,-1.29,0,0.0,0,0,1,1,0,1,0,1,0,0,0,12192.0,2,1,1,1,0,0,1,0,7.4,273.4,0,0,0,0,0,1
5600,0.0,0.0,0,0,1,0,0.356,0.0,0,0,1,0,33.507,-1.29,0,0.0,0,0,1,1,0,1,0,1,0,0,0,12192.0,2,1,1,1,0,0,1,0,7.3,272.0,0,0,0,0,0,1
5700,0.0,0.0,0,0,1,0,0.356,0.0,0,0,1,0,33.378,-1.29,0,0.0,0,0,1,1,0,1,0,1,0,0,0,12192.0,2,1,1,1,0,0,1,0,7.2,267.8,0,0,0,0,0,1
5800,0.0,0.0,0,0,1,0,0.356,0.0,0,0,1,0,33.249,-1.29,0,0.0,0,0,1,1,0,1,0,1,0,0,0,12192.0,2,1,1,1,0,0,1,0,7.9,266.1,0,0,0,0,0,1
5900,0.0,0.0,0,0,1,0,0.356,0.0,0,0,1,0,33.12,-1.29,0,0.0,0,0,1,1,0,1,0,1,0,0,0,12192.0,2,1,1,1,0,0,1,0,7.3,270.5,0,0,0,0,0,1
6000,0.0,0.0,0,0,1,0,0.356,0.0,0,0,1,0,32.991,-1.29,0,0.0,0,0,1,1,0,1,0,1,0,0,0,12192.0,2,1,1,1,0,0,1,0,8.6,270.5,0,0,0,0,0,1
6100,0.0,0.0,0,0,1,0,0.356,0.0,0,0,1,0,32.862,-1.29,0,0.0,0,0,1,1,0,1,0,1,0,0,0,12192.0,2,1,1,1,0,0,1,0,7.3,269.7,0,0,0,0,0,1
6200,0.0,0.0,0,0,1,0,0.356,0.0,0,0,1,0,32.733,-1.29,0,0.0,0,0,1,1,0,1,0,1,0,0,0,12192.0,2,1,1,1,0,0,1,0,7.7,270.1,0,0,0,0,0,1
6300,0.0,0.0,0,0,1,0,0.356,0.0,0,0,1,0,32.604,-1.29,0,0.0,0,0,1,1,0,1,0,1,0,0,0,12192.0,2,1,1,1,0,0,1,0,6.8,273.4,0,0,0,0,0,1
6400,0.0,0.0,0,0,1,0,0.356,0.0,0,0,1,0,32.475,-1.29,0,0.0,0,0,1,1,0,1,0,1,0,0,0,12192.0,2,1,1,1,0,0,1,0,7.2,268.6,0,0,0,0,0,1
6500,0.0,0.0,0,0,1,0,0.356,0.0,0,0,1,0,32.346,-1.29,0,0.0,0,0,1,1,0,1,0,1,0,0,0,12192.0,2,1,1,1,0,0,1,0,7.6,268.3,0,0,0,0,0,1
6600,0.0,0.0,0,0,1,0,0.356,0.0,0,0,1,0,32.217,-1.29,0,0.0,0,0,1,1,0,1,0,1,0,0,0,12192.0,2,1,1,1,0,0,1,0,6.5,273.1,0,0,0,0,0,1
6700,0.0,0.0,0,0,1,0,0.356,0.0,0,0,1,0,32.088,-1.29,0,0.0,0,0,1,1,0,1,0,1,0,0,0,12192.0,2,1,1,1,0,0,1,0,7.7,265.1,0,0,0,0,0,1
6800,0.0,0.0,0,0,1,0,0.356,0.0,0,0,1,0,31.959,-1.29,0,0.0,0,0,1,1,0,1,0,1,0,0,0,12192.0,2,1,1,1,0,0,1,0,7.1,271.3,0,0,0,0,0,1
6900,0.0,0.0,0,0,1,0,0.356,0.0,0,0,1,0,31.83,-1.29,0,0.0,0,0,1,1,0,1,0,1,0,0,0,12192.0,2,1,1,1,0,0,1,0,7.6,269.6,0,0,0,0,0,1
7000,0.0,0.0,0,0,1,0,0.356,0.0,0,0,1,0,31.702,-1.29,0,0.0,0,0,1,1,0,1,0,1,0,0,0,12192.0,2,1,1,1,0,0,1,0,7.7,273.6,0,0,0,0,0,1
7100,0.0,0.0,0,0,1,0,0.356,0.0,0,0,1,0,31.573,-1.29,0,0.0,0,0,1,1,0,1,0,1,0,0,0,12192.0,2,1,1,1,0,0,1,0,7.7,274.5,0,0,0,0,0,1
7200,0.0,0.0,0,0,1,0,0.356,0.0,0,0,1,0,31.444,-1.29,0,0.0,0,0,1,1,0,1,0,1,0,0,0,12192.0,2,1,1,1,0,0,1,0,7.7,267.5,0,0,0,0,0,1
7300,0.0,0.0,0,0,1,0,0.356,0.0,0,0,1,0,31.315,-1.29,0,0.0,0,0,1,1,0,1,0,1,0,0,0,12192.0,2,1,1,1,0,0,1,0,7.3,271.0,0,0,0,0,0,1
7400,0.0,0.0,0,0,1,0,0.356,0.0,0,0,1,0,31.186,-1.29,0,0.0,0,0,1,1,0,1,0,1,0,0,0,12192.0,2,1,1,1,0,0,1,0,7.5,270.9,0,0,0,0,0,1
7500,0.0,0.0,0,0,1,0,0.356,0.0,0,0,1,0,31.057,-1.29,0,0.0,0,0,1,1,0,1,0,1,0,0,0,12192.0,2,1,1,1,0,0,1,0,7.1,270.8,0,0,0,0,0,1
7600,0.0,0.0,0,0,1,0,0.356,0.0,0,0,1,0,30.928,-1.29,0,0.0,0,0,1,1,0,1,0,1,0,0,0,12192.0,2,1,1,1,0,0,1,0,7.8,266.5,0,0,0,0,0,1
7700,0.0,0.0,0,0,1,0,0.356,0.0,0,0,1,0,30.799,-1.29,0,0.0,0,0,1,1,0,1,0,1,0,0,0,12192.0,2,1,1,1,0,0,1,0,7.2,269.2,0,0,0,0,0,1
7800,0.0,0.0,0,0,1,0,0.356,0.0,0,0,1,0,30.67,-1.29,0,0.0,0,0,1,1,0,1,0,1,0,0,0,12192.0,2,1,1,1,0,0,1,0,8.3,272.4,0,0,0,0,0,1
7900,0.0,0.0,0,0,1,0,0.356,0.0,0,0,1,0,30.541,-1.29,0,0.0,0,0,1,1,0,1,0,1,0,0,0,12192.0,2,1,1,1,0,0,1,0,8.6,272.4,0,0,0,0,0,1
8000,0.0,0.0,0,0,1,0,0.356,0.0,0,0,1,0,30.412,-1.29,0,0.0,0,0,1,1,0,1,0,1,0,0,0,12192.0,2,1,1,1,0,0,1,0,7.5,274.7,0,0,0,0,0,1
8100,0.0,0.0,0,0,1,0,0.356,0.0,0,0,1,0,30.283,-1.29,0,0.0,0,0,1,1,0,1,0,1,0,0,0,12192.0,2,1,1,1,0,0,1,0,6.7,268.1,0,0,0,0,0,1
8200,0.0,0.0,0,0,1,0,0.356,0.0,0,0,1,0,30.154,-1.29,0,0.0,0,0,1,1,0,1,0,1,0,0,0,12192.0,2,1,1,1,0,0,1,0,7.2,272.3,0,0,0,0,0,1
8300,0.0,0.0,0,0,1,0,0.356,0.0,0,0,1,0,30.025,-1.29,0,0.0,0,0,1,1,0,1,0,1,0,0,0,12192.0,2,1,1,1,0,0,1,0,7.7,272.1,0,0,0,0,0,1
8400,0.0,0.0,0,0,1,0,0.356,0.0,0,0,1,0,29.896,-1.29,0,0.0,0,0,1,1,0,1,0,1,0,0,0,12192.0,2,1,1,1,0,0,1,0,8.0,274.7,0,0,0,0,0,1
8500,0.0,0.0,0,0,1,0,0.356,0.0,0,0,1,0,29.767,-1.29,0,0.0,0,0,1,1,0,1,0,1,0,0,0,12192.0,2,1,1,1,0,0,1,0,7.8,270.9,0,0,0,0,0,1
8600,0.0,0.0,0,0,1,0,0.356,0.0,0,0,1,0,29.638,-1.29,0,0.0,0,0,1,1,0,1,0,1,0,0,0,12192.0,2,1,1,1,0,0,1,0,8.1,269.6,0,0,0,0,0,1
8700,0.0,0.0,0,0,1,0,0.356,0.0,0,0,1,0,29.509,-1.29,0,0.0,0,0,1,1,0,1,0,1,0,0,0,12192.0,2,1,1,1,0,0,1,0,8.5,267.1,0,0,0,0,0,1
8800,0.0,0.0,0,0,1,0,0.356,0.0,0,0,1,0,29.38,-1.29,0,0.0,0,0,1,1,0,1,0,1,0,0,0,12192.0,2,1,1,1,0,0,1,0,8.0,264.1,0,0,0,0,0,1
8900,0.0,0.0,0,0,1,0,0.356,0.0,0,0,1,0,29.251,-1.29,0,0.0,0,0,1,1,0,1,0,1,0,0,0,12192.0,2,1,1,1,0,0,1,0,8.3,267.7,0,0,0,0,0,1
9000,0.0,0.0,0,0,1,0,0.356,0.0,0,0,1,0,29.122,-1.29,0,0.0,0,0,1,1,0,1,0,1,0,0,0,12192.0,2,1,1,1,0,0,1,0,7.3,268.4,0,0,0,0,0,1
9100,0.0,0.0,0,0,1,0,0.356,0.0,0,0,1,0,28.993,-1.29,0,0.0,0,0,1,1,0,1,0,1,0,0,0,12192.0,2,1,1,1,0,0,1,0,7.7,267.1,0,0,0,0,0,1
9200,0.0,0.0,0,0,1,0,0.356,0.0,0,0,1,0,28.864,-1.29,0,0.0,0,0,1,1,0,1,0,1,0,0,0,12192.0,2,1,1,1,0,0,1,0,9.0,267.7,0,0,0,0,0,1
9300,0.0,0.0,0,0,1,0,0.356,0.0,0,0,1,0,28.735,-1.29,0,0.0,0,0,1,1,0,1,0,1,0,0,0,12192.0,2,1,1,1,0,0,1,0,7.7,268.7,0,0,0,0,0,1
9400,0.0,0.0,0,0,1,0,0.356,0.0,0,0,1,0,28.606,-1.29,0,0.0,0,0,1,1,0,1,0,1,0,0,0,12192.0,2,1,1,1,0,0,1,0,8.5,272.8,0,0,0,0,0,1
9500,0.0,0.0,0,0,1,0,0.356,0.0,0,0,1,0,28.477,-1.29,0,0.0,0,0,1,1,0,1,0,1,0,0,0,12192.0,2,1,1,1,0,0,1,0,8.3,269.9,0,0,0,0,0,1
9600,0.0,0.0,0,0,1,0,0.356,0.0,0,0,1,0,28.348,-1.29,0,0.0,0,0,1,1,0,1,0,1,0,0,0,12192.0,2,1,1,1,0,0,1,0,7.9,274.5,0,0,0,0,0,1
9700,0.0,0.0,0,0,1,0,0.356,0.0,0,0,1,0,28.219,-1.29,0,0.0,0,0,1,1,0,1,0,1,0,0,0,12192.0,2,1,1,1,0,0,1,0,8.0,270.8,0,0,0,0,0,1
9800,0.0,0.0,0,0,1,0,0.356,0.0,0,0,1,0,28.09,-1.29,0,0.0,0,0,1,1,0,1,0,1,0,0,0,12192.0,2,1,1,1,0,0,1,0,8.9,266.9,0,0,0,0,0,1
9900,0.0,0.0,0,0,1,0,0.356,0.0,0,0,1,0,27.961,-1.29,0,0.0,0,0,1,1,0,1,0,1,0,0,0,12192.0,2,1,1,1,0,0,1,0,8.0,270.7,0,0,0,0,0,1
10000,0.0,0.0,0,0,1,0,0.356,0.0,0,0,1,0,27.832,-1.29,0,0.0,0,0,1,1,0,1,0,1,0,0,0,12192.0,2,1,1,1,0,0,1,0,9.0,264.2,0,0,0,0,0,1
10100,0.0,0.0,0,0,1,0,0.356,0.0,0,0,1,0,27.703,-1.29,0,0.0,0,0,1,1,0,1,0,1,0,0,0,12192.0,2,1,1,1,0,0,1,0,8.8,271.2,0,0,0,0,0,1
10200,0.0,0.0,0,0,1,0,0.356,0.0,0,0,1,0,27.574,-1.29,0,0.0,0,0,1,1,0,1,0,1,0,0,0,12192.0,2,1,1,1,0,0,1,0,8.4,271.4,0,0,0,0,0,1
10300,0.0,0.0,0,0,1,0,0.356,0.0,0,0,1,0,27.445,-1.29,0,0.0,0,0,1,1,0,1,0,1,0,0,0,12192.0,2,1,1,1,0,0,1,0,8.5,272.0,0,0,0,0,0,1
10400,0.0,0.0,0,0,1,0,0.356,0.0,0,0,1,0,27.316,-1.29,0,0.0,0,0,1,1,0,1,0,1,0,0,0,12192.0,2,1,1,1,0,0,1,0,7.9,270.4,0,0,0,0,0,1
10500,0.0,0.0,0,0,1,0,0.356,0.0,0,0,1,0,27.187,-1.29,0,0.0,0,0,1,1,0,1,0,1,0,0,0,12192.0,2,1,1,1,0,0,1,0,8.5,268.7,0,0,0,0,0,1
10600,0.0,0.0,0,0,1,0,0.356,0.0,0,0,1,0,27.058,-1.29,0,0.0,0,0,1,1,0,1,0,1,0,0,0,12192.0,2,1,1,1,0,0,1,0,8.5,270.4,0,0,0,0,0,1
10700,0.0,0.0,0,0,1,0,0.356,0.0,0,0,1,0,26.929,-1.29,0,0.0,0,0,1,1,0,1,0,1,0,0,0,12192.0,2,1,1,1,0,0,1,0,8.5,265.2,0,0,0,0,0,1
10800,0.0,0.0,0,0,1,0,0.356,0.0,0,0,1,0,26.8,-1.29,0,0.0,0,0,1,1,0,1,0,1,0,0,0,12192.0,2,1,1,1,0,0,1,0,8.9,271.0,0,0,0,0,0,1
10900,0.0,0.0,0,0,1,0,0.356,0.0,0,0,1,0,26.671,-1.29,0,0.0,0,0,1,1,0,1,0,1,0,0,0,12192.0,2,1,1,1,0,0,1,0,9.1,272.5,0,0,0,0,0,1
11000,0.0,0.0,0,0,1,0,0.356,0.0,0,0,1,0,26.542,-1.29,0,0.0,0,0,1,1,0,1,0,1,0,0,0,12192.0,2,1,1,1,0,0,1,0,8.2,275.2,0,0,0,0,0,1
11100,0.0,0.0,0,0,1,0,0.356,0.0,0,0,1,0,26.413,-1.29,0,0.0,0,0,1,1,0,1,0,1,0,0,0,12192.0,2,1,1,1,0,0,1,0,8.0,265.9,0,0,0,0,0,1
11200,0.0,0.0,0,0,1,0,0.356,0.0,0,0,1,0,26.284,-1.29,0,0.0,0,0,1,1,0,1,0,1,0,0,0,12192.0,2,1,1,1,0,0,1,0,8.9,269.3,0,0,0,0,0,1
11300,0.0,0.0,0,0,1,0,0.356,0.0,0,0,1,0,26.155,-1.29,0,0.0,0,0,1,1,0,1,0,1,0,0,0,12192.0,2,1,1,1,0,0,1,0,8.0,270.8,0,0,0,0,0,1
11400,0.0,0.0,0,0,1,0,0.356,0.0,0,0,1,0,26.026,-1.29,0,0.0,0,0,1,1,0,1,0,1,0,0,0,12192.0,2,1,1,1,0,0,1,0,8.4,270.4,0,0,0,0,0,1
11500,0.0,0.0,0,0,1,0,0.356,0.0,0,0,1,0,25.897,-1.29,0,0.0,0,0,1,1,0,1,0,1,0,0,0,12192.0,2,1,1,1,0,0,1,0,7.7,270.8,0,0,0,0,0,1
11600,0.0,0.0,0,0,1,0,0.356,0.0,0,0,1,0,25.768,-1.29,0,0.0,0,0,1,1,0,1,0,1,0,0,0,12192.0,2,1,1,1,0,0,1,0,9.4,270.2,0,0,0,0,0,1
11700,0.0,0.0,0,0,1,0,0.356,0.0,0,0,1,0,25.639,-1.29,0,0.0,0,0,1,1,0,1,0,1,0,0,0,12192.0,2,1,1,1,0,0,1,0,7.8,271.8,0,0,0,0,0,1
11800,0.0,0.0,0,0,1,0,0.356,0.0,0,0,1,0,25.51,-1.29,0,0.0,0,0,1,1,0,1,0,1,0,0,0,12192.0,2,1,1,1,0,0,1,0,8.2,267.1,0,0,0,0,0,1
11900,0.0,0.0,0,0,1,0,0.356,0.0,0,0,1,0,25.381,-1.29,0,0.0,0,0,1,1,0,1,0,1,0,0,0,12192.0,2,1,1,1,0,0,1,0,8.4,270.0,0,0,0,0,0,1
12000,0.0,0.0,0,0,1,0,0.356,0.0,0,0,1,0,25.252,-1.29,0,0.0,0,0,1,1,0,1,0,1,0,0,0,12192.0,2,1,1,1,0,0,1,0,9.2,266.5,0,0,0,0,0,1
12100,0.0,0.0,0,0,1,0,0.356,0.0,0,0,1,0,25.123,-1.29,0,0.0,0,0,1,1,0,1,0,1,0,0,0,12192.0,2,1,1,1,0,0,1,0,8.3,266.5,0,0,0,0,0,1
12200,0.0,0.0,0,0,1,0,0.356,0.0,0,0,1,0,24.994,-1.29,0,0.0,0,0,1,1,0,1,0,1,0,0,0,12192.0,2,1,1,1,0,0,1,0,8.9,268.4,0,0,0,0,0,1
12300,0.0,0.0,0,0,1,0,0.356,0.0,0,0,1,0,24.866,-1.29,0,0.0,0,0,1,1,0,1,0,1,0,0,0,12192.0,2,1,1,1,0,0,1,0,8.8,271.4,0,0,0,0,0,1
12400,0.0,0.0,0,0,1,0,0.356,0.0,0,0,1,0,24.737,-1.29,0,0.0,0,0,1,1,0,1,0,1,0,0,0,12192.0,2,1,1,1,0,0,1,0,8.0,273.1,0,0,0,0,0,1
12500,0.0,0.0,0,0,1,0,0.356,0.0,0,0,1,0,24.608,-1.29,0,0.0,0,0,1,1,0,1,0,1,0,0,0,12192.0,2,1,1,1,0,0,1,0,8.6,266.9,0,0,0,0,0,1
12600,0.0,0.0,0,0,1,0,0.356,0.0,0,0,1,0,24.479,-1.29,0,0.0,0,0,1,1,0,1,0,1,0,0,0,12192.0,2,1,1,1,0,0,1,0,7.9,267.0,0,0,0,0,0,1
12700,0.0,0.0,0,0,1,0,0.356,0.0,0,0,1,0,24.35,-1.29,0,0.0,0,0,1,1,0,1,0,1,0,0,0,12192.0,2,1,1,1,0,0,1,0,9.3,273.3,0,0,0,0,0,1
12800,0.0,0.0,0,0,1,0,0.356,0.0,0,0,1,0,24.221,-1.29,0,0.0,0,0,1,1,0,1,0,1,0,0,0,12192.0,2,1,1,1,0,0,1,0,7.7,268.2,0,0,0,0,0,1
12900,0.0,0.0,0,0,1,0,0.356,0.0,0,0,1,0,24.092,-1.29,0,0.0,0,0,1,1,0,1,0,1,0,0,0,12192.0,2,1,1,1,0,0,1,0,7.6,267.2,0,0,0,0,0,1
13000,0.0,0.0,0,0,1,0,0.356,0.0,0,0,1,0,23.963,-1.29,0,0.0,0,0,1,1,0,1,0,1,0,0,0,12192.0,2,1,1,1,0,0,1,0,8.0,271.8,0,0,0,0,0,1
13100,0.0,0.0,0,0,1,0,0.356,0.0,0,0,1,0,23.834,-1.29,0,0.0,0,0,1,1,0,1,0,1,0,0,0,12192.0,2,1,1,1,0,0,1,0,7.9,273.0,0,0,0,0,0,1
13200,0.0,0.0,0,0,1,0,0.356,0.0,0,0,1,0,23.705,-1.29,0,0.0,0,0,1,1,0,1,0,1,0,0,0,12192.0,2,1,1,1,0,0,1,0,8.3,271.0,0,0,0,0,0,1
13300,0.0,0.0,0,0,1,0,0.356,0.0,0,0,1,0,23.576,-1.29,0,0.0,0,0,1,1,0,1,0,1,0,0,0,12192.0,2,1,1,1,0,0,1,0,7.6,268.3,0,0,0,0,0,1
13400,0.0,0.0,0,0,1,0,0.356,0.0,0,0,1,0,23.447,-1.29,0,0.0,0,0,1,1,0,1,0,1,0,0,0,12192.0,2,1,1,1,0,0,1,0,7.8,272.3,0,0,0,0,0,1
13500,0.0,0.0,0,0,1,0,0.356,0.0,0,0,1,0,23.318,-1.29,0,0.0,0,0,1,1,0,1,0,1,0,0,0,12192.0,2,1,1,1,0,0,1,0,7.1,270.9,0,0,0,0,0,1
13600,0.0,0.0,0,0,1,0,0.356,0.0,0,0,1,0,23.189,-1.29,0,0.0,0,0,1,1,0,1,0,1,0,0,0,12192.0,2,1,1,1,0,0,1,0,7.9,271.1,0,0,0,0,0,1
13700,0.0,0.0,0,0,1,0,0.356,0.0,0,0,1,0,23.06,-1.29,0,0.0,0,0,1,1,0,1,0,1,0,0,0,12192.0,2,1,1,1,0,0,1,0,8.1,274.8,0,0,0,0,0,1
13800,0.0,0.0,0,0,1,0,0.356,0.0,0,0,1,0,22.931,-1.29,0,0.0,0,0,1,1,0,1,0,1,0,0,0,12192.0,2,1,1,1,0,0,1,0,8.1,268.5,0,0,0,0,0,1
13900,0.0,0.0,0,0,1,0,0.356,0.0,0,0,1,0,22.802,-1.29,0,0.0,0,0,1,1,0,1,0,1,0,0,0,12192.0,2,1,1,1,0,0,1,0,7.5,270.0,0,0,0,0,0,1
14000,0.0,0.0,0,0,1,0,0.356,0.0,0,0,1,0,22.673,-1.29,0,0.0,0,0,1,1,0,1,0,1,0,0,0,12192.0,2,1,1,1,0,0,1,0,7.8,263.5,0,0,0,0,0,1
14100,0.0,0.0,0,0,1,0,0.356,0.0,0,0,1,0,22.544,-1.29,0,0.0,0,0,1,1,0,1,0,1,0,0,0,12192.0,2,1,1,1,0,0,1,0,8.2,272.4,0,0,0,0,0,1
14200,0.0,0.0,0,0,1,0,0.356,0.0,0,0,1,0,22.415,-1.29,0,0.0,0,0,1,1,0,1,0,1,0,0,0,12192.0,2,1,1,1,0,0,1,0,7.7,272.2,0,0,0,0,0,1
14300,0.0,0.0,0,0,1,0,0.356,0.0,0,0,1,0,22.286,-1.29,0,0.0,0,0,1,1,0,1,0,1,0,0,0,12192.0,2,1,1,1,0,0,1,0,7.9,269.6,0,0,0,0,0,1
14400,0.0,0.0,0,0,1,0,0.356,0.0,0,0,1,0,22.157,-1.29,0,0.0,0,0,1,1,0,1,0,1,0,0,0,12192.0,2,1,1,1,0,0,1,0,7.9,275.9,0,0,0,0,0,1
14500,0.0,0.0,0,0,1,0,0.356,0.0,0,0,1,0,22.028,-1.29,0,0.0,0,0,1,1,0,1,0,1,0,0,0,12192.0,2,1,1,1,0,0,1,0,7.7,268.8,0,0,0,0,0,1
14600,0.0,0.0,0,0,1,0,0.356,0.0,0,0,1,0,21.899,-1.29,0,0.0,0,0,1,1,0,1,0,1,0,0,0,12192.0,2,1,1,1,0,0,1,0,7.3,270.9,0,0,0,0,0,1
14700,0.0,0.0,0,0,1,0,0.356,0.0,0,0,1,0,21.77,-1.29,0,0.0,0,0,1,1,0,1,0,1,0,0,0,12192.0,2,1,1,1,0,0,1,0,8.7,273.9,0,0,0,0,0,1
14800,0.0,0.0,0,0,1,0,0.356,0.0,0,0,1,0,21.641,-1.29,0,0.0,0,0,1,1,0,1,0,1,0,0,0,12192.0,2,1,1,1,0,0,1,0,7.8,267.9,0,0,0,0,0,1
14900,0.0,0.0,0,0,1,0,0.356,0.0,0,0,1,0,21.512,-1.29,0,0.0,0,0,1,1,0,1,0,1,0,0,0,12192.0,2,1,1,1,0,0,1,0,7.0,269.2,0,0,0,0,0,1
15000,0.0,0.0,0,0,1,0,0.356,0.0,0,0,1,0,21.383,-1.29,0,0.0,0,0,1,1,0,1,0,1,0,0,0,12192.0,2,1,1,1,0,0,1,0,7.1,270.8,0,0,0,0,0,1
15100,0.0,0.0,0,0,1,0,0.356,0.0,0,0,1,0,21.254,-1.29,0,0.0,0,0,1,1,0,1,0,1,0,0,0,12192.0,2,1,1,1,0,0,1,0,8.3,270.7,0,0,0,0,0,1
15200,0.0,0.0,0,0,1,0,0.356,0.0,0,0,1,0,21.125,-1.29,0,0.0,0,0,1,1,0,1,0,1,0,0,0,12192.0,2,1,1,1,0,0,1,0,7.9,278.2,0,0,0,0,0,1
15300,0.0,0.0,0,0,1,0,0.356,0.0,0,0,1,0,20.996,-1.29,0,0.0,0,0,1,1,0,1,0,1,0,0,0,12192.0,2,1,1,1,0,0,1,0,7.1,269.2,0,0,0,0,0,1
15400,0.0,0.0,0,0,1,0,0.356,0.0,0,0,1,0,20.867,-1.29,0,0.0,0,0,1,1,0,1,0,1,0,0,0,12192.0,2,1,1,1,0,0,1,0,7.6,273.9,0,0,0,0,0,1
15500,0.0,0.0,0,0,1,0,0.356,0.0,0,0,1,0,20.738,-1.29,0,0.0,0,0,1,1,0,1,0,1,0,0,0,12192.0,2,1,1,1,0,0,1,0,7.2,269.9,0,0,0,0,0,1
15600,0.0,0.0,0,0,1,0,0.356,0.0,0,0,1,0,20.609,-1.29,0,0.0,0,0,1,1,0,1,0,1,0,0,0,12192.0,2,1,1,1,0,0,1,0,7.0,267.0,0,0,0,0,0,1
15700,0.0,0.0,0,0,1,0,0.356,0.0,0,0,1,0,20.48,-1.29,0,0.0,0,0,1,1,0,1,0,1,0,0,0,12192.0,2,1,1,1,0,0,1,0,7.5,267.5,0,0,0,0,0,1
15800,0.0,0.0,0,0,1,0,0.356,0.0,0,0,1,0,20.351,-1.29,0,0.0,0,0,1,1,0,1,0,1,0,0,0,12192.0,2,1,1,1,0,0,1,0,7.7,266.9,0,0,0,0,0,1
15900,0.0,0.0,0,0,1,0,0.356,0.0,0,0,1,0,20.222,-1.29,0,0.0,0,0,1,1,0,1,0,1,0,0,0,12192.0,2,1,1,1,0,0,1,0,8.4,272.8,0,0,0,0,0,1
16000,0.0,0.0,0,0,1,0,0.356,0.0,0,0,1,0,20.093,-1.29,0,0.0,0,0,1,1,0,1,0,1,0,0,0,12192.0,2,1,1,1,0,0,1,0,7.8,265.1,0,0,0,0,0,1
16100,0.0,0.0,0,0,1,0,0.356,0.0,0,0,1,0,19.964,-1.29,0,0.0,0,0,1,1,0,1,0,1,0,0,0,12192.0,2,1,1,1,0,0,1,0,7.7,269.1,0,0,0,0,0,1
16200,0.0,0.0,0,0,1,0,0.356,0.0,0,0,1,0,19.835,-1.29,0,0.0,0,0,1,1,0,1,0,1,0,0,0,12192.0,2,1,1,1,0,0,1,0,7.5,265.7,0,0,0,0,0,1
16300,0.0,0.0,0,0,1,0,0.356,0.0,0,0,1,0,19.706,-1.29,0,0.0,0,0,1,1,0,1,0,1,0,0,0,12192.0,2,1,1,1,0,0,1,0,7.3,269.7,0,0,0,0,0,1
16400,0.0,0.0,0,0,1,0,0.356,0.0,0,0,1,0,19.577,-1.29,0,0.0,0,0,1,1,0,1,0,1,0,0,0,12192.0,2,1,1,1,0,0,1,0,7.9,271.1,0,0,0,0,0,1
16500,0.0,0.0,0,0,1,0,0.356,0.0,0,0,1,0,19.448,-1.29,0,0.0,0,0,1,1,0,1,0,1,0,0,0,12192.0,2,1,1,1,0,0,1,0,7.4,272.4,0,0,0,0,0,1
16600,0.0,0.0,0,0,1,0,0.356,0.0,0,0,1,0,19.319,-1.29,0,0.0,0,0,1,1,0,1,0,1,0,0,0,12192.0,2,1,1,1,0,0,1,0,7.5,271.4,0,0,0,0,0,1
16700,0.0,0.0,0,0,1,0,0.356,0.0,0,0,1,0,19.19,-1.29,0,0.0,0,0,1,1,0,1,0,1,0,0,0,12192.0,2,1,1,1,0,0,1,0,7.3,272.7,0,0,0,0,0,1
16800,0.0,0.0,0,0,1,0,0.356,0.0,0,0,1,0,19.061,-1.29,0,0.0,0,0,1,1,0,1,0,1,0,0,0,12192.0,2,1,1,1,0,0,1,0,6.6,269.2,0,0,0,0,0,1
16900,0.0,0.0,0,0,1,0,0.356,0.0,0,0,1,0,18.932,-1.29,0,0.0,0,0,1,1,0,1,0,1,0,0,0,12192.0,2,1,1,1,0,0,1,0,8.0,273.0,0,0,0,0,0,1
17000,0.0,0.0,0,0,1,0,0.356,0.0,0,0,1,0,18.803,-1.29,0,0.0,0,0,1,1,0,1,0,1,0,0,0,12192.0,2,1,1,1,0,0,1,0,7.8,272.3,0,0,0,0,0,1
17100,0.0,0.0,0,0,1,0,0.356,0.0,0,0,1,0,18.674,-1.29,0,0.0,0,0,1,1,0,1,0,1,0,0,0,12192.0,2,1,1,1,0,0,1,0,8.3,274.3,0,0,0,0,0,1
17200,0.0,0.0,0,0,1,0,0.356,0.0,0,0,1,0,18.545,-1.29,0,0.0,0,0,1,1,0,1,0,1,0,0,0,12192.0,2,1,1,1,0,0,1,0,8.3,269.1,0,0,0,0,0,1
17300,0.0,0.0,0,0,1,0,0.356,0.0,0,0,1,0,18.416,-1.29,0,0.0,0,0,1,1,0,1,0,1,0,0,0,12192.0,2,1,1,1,0,0,1,0,7.5,268.4,0,0,0,0,0,1
17400,0.0,0.0,0,0,1,0,0.356,0.0,0,0,1,0,18.287,-1.29,0,0.0,0,0,1,1,0,1,0,1,0,0,0,12192.0,2,1,1,1,0,0,1,0,7.7,270.4,0,0,0,0,0,1
17500,0.0,0.0,0,0,1,0,0.356,0.0,0,0,1,0,18.158,-1.29,0,0.0,0,0,1,1,0,1,0,1,0,0,0,12192.0,2,1,1,1,0,0,1,0,7.7,269.6,0,0,0,0,0,1
17600,0.0,0.0,0,0,1,0,0.356,0.0,0,0,1,0,18.03,-1.29,0,0.0,0,0,1,1,0,1,0,1,0,0,0,12192.0,2,1,1,1,0,0,1,0,8.5,266.7,0,0,0,0,0,1
17700,0.0,0.0,0,0,1,0,0.356,0.0,0,0,1,0,17.901,-1.29,0,0.0,0,0,1,1,0,1,0,1,0,0,0,12192.0,2,1,1,1,0,0,1,0,8.2,267.9,0,0,0,0,0,1
17800,0.0,0.0,0,0,1,0,0.356,0.0,0,0,1,0,17.772,-1.29,0,0.0,0,0,1,1,0,1,0,1,0,0,0,12192.0,2,1,1,1,0,0,1,0,8.1,271.3,0,0,0,0,0,1
17900,0.0,0.0,0,0,1,0,0.356,0.0,0,0,1,0,17.643,-1.29,0,0.0,0,0,1,1,0,1,0,1,0,0,0,12192.0,2,1,1,1,0,0,1,0,8.1,271.2,0,0,0,0,0,1
18000,0.0,0.0,0,0,1,0,0.356,0.0,0,0,1,0,17.514,-1.29,0,0.0,0,0,1,1,0,1,0,1,0,0,0,12192.0,2,1,1,1,0,0,1,0,7.5,270.0,0,0,0,0,0,1
18100,0.0,0.0,0,0,1,0,0.356,0.0,0,0,1,0,17.385,-1.29,0,0.0,0,0,1,1,0,1,0,1,0,0,0,12192.0,2,1,1,1,0,0,1,0,7.7,270.2,0,0,0,0,0,1
18200,0.0,0.0,0,0,1,0,0.356,0.0,0,0,1,0,17.256,-1.29,0,0.0,0,0,1,1,0,1,0,1,0,0,0,12192.0,2,1,1,1,0,0,1,0,8.4,269.9,0,0,0,0,0,1
18300,0.0,0.0,0,0,1,0,0.356,0.0,0,0,1,0,17.127,-1.29,0,0.0,0,0,1,1,0,1,0,1,0,0,0,12192.0,2,1,1,1,0,0,1,0,7.8,270.2,0,0,0,0,0,1
18400,0.0,0.0,0,0,1,0,0.356,0.0,0,0,1,0,16.998,-1.29,0,0.0,0,0,1,1,0,1,0,1,0,0,0,12192.0,2,1,1,1,0,0,1,0,7.8,272.1,0,0,0,0,0,1
18500,0.0,0.0,0,0,1,0,0.356,0.0,0,0,1,0,16.869,-1.29,0,0.0,0,0,1,1,0,1,0,1,0,0,0,12192.0,2,1,1,1,0,0,1,0,8.7,272.3,0,0,0,0,0,1
18600,0.0,0.0,0,0,1,0,0.356,0.0,0,0,1,0,16.74,-1.29,0,0.0,0,0,1,1,0,1,0,1,0,0,0,12192.0,2,1,1,1,0,0,1,0,8.6,270.4,0,0,0,0,0,1
18700,0.0,0.0,0,0,1,0,0.356,0.0,0,0,1,0,16.611,-1.29,0,0.0,0,0,1,1,0,1,0,1,0,0,0,12192.0,2,1,1,1,0,0,1,0,8.0,272.9,0,0,0,0,0,1
18800,0.0,0.0,0,0,1,0,0.356,0.0,0,0,1,0,16.482,-1.29,0,0.0,0,0,1,1,0,1,0,1,0,0,0,12192.0,2,1,1,1,0,0,1,0,7.8,273.1,0,0,0,0,0,1
18900,0.0,0.0,0,0,1,0,0.356,0.0,0,0,1,0,16.353,-1.29,0,0.0,0,0,1,1,0,1,0,1,0,0,0,12192.0,2,1,1,1,0,0,1,0,8.5,273.0,0,0,0,0,0,1
19000,0.0,0.0,0,0,1,0,0.356,0.0,0,0,1,0,16.224,-1.29,0,0.0,0,0,1,1,0,1,0,1,0,0,0,12192.0,2,1,1,1,0,0,1,0,8.8,270.3,0,0,0,0,0,1
19100,0.0,0.0,0,0,1,0,0.356,0.0,0,0,1,0,16.095,-1.29,0,0.0,0,0,1,1,0,1,0,1,0,0,0,12192.0,2,1,1,1,0,0,1,0,8.2,267.4,0,0,0,0,0,1
19200,0.0,0.0,0,0,1,0,0.356,0.0,0,0,1,0,15.966,-1.29,0,0.0,0,0,1,1,0,1,0,1,0,0,0,12192.0,2,1,1,1,0,0,1,0,7.8,272.1,0,0,0,0,0,1
19300,0.0,0.0,0,0,1,0,0.356,0.0,0,0,1,0,15.837,-1.29,0,0.0,0,0,1,1,0,1,0,1,0,0,0,12192.0,2,1,1,1,0,0,1,0,8.6,269.5,0,0,0,0,0,1
19400,0.0,0.0,0,0,1,0,0.356,0.0,0,0,1,0,15.708,-1.29,0,0.0,0,0,1,1,0,1,0,1,0,0,0,12192.0,2,1,1,1,0,0,1,0,8.8,266.4,0,0,0,0,0,1
19500,0.0,0.0,0,0,1,0,0.356,0.0,0,0,1,0,15.579,-1.29,0,0.0,0,0,1,1,0,1,0,1,0,0,0,12192.0,2,1,1,1,0,0,1,0,9.3,272.1,0,0,0,0,0,1
19600,0.0,0.0,0,0,1,0,0.356,0.0,0,0,1,0,15.45,-1.29,0,0.0,0,0,1,1,0,1,0,1,0,0,0,12192.0,2,1,1,1,0,0,1,0,8.2,266.0,0,0,0,0,0,1
19700,0.0,0.0,0,0,1,0,0.356,0.0,0,0,1,0,15.321,-1.29,0,0.0,0,0,1,1,0,1,0,1,0,0,0,12192.0,2,1,1,1,0,0,1,0,8.7,272.3,0,0,0,0,0,1
19800,0.0,0.0,0,0,1,0,0.356,0.0,0,0,1,0,15.192,-1.29,0,0.0,0,0,1,1,0,1,0,1,0,0,0,12192.0,2,1,1,1,0,0,1,0,9.2,268.7,0,0,0,0,0,1
19900,0.0,0.0,0,0,1,0,0.356,0.0,0,0,1,0,15.063,-1.29,0,0.0,0,0,1,1,0,1,0,1,0,0,0,12192.0,2,1,1,1,0,0,1,0,8.7,270.6,0,0,0,0,0,1
20000,0.0,0.0,0,0,1,0,0.356,0.0,0,0,1,0,14.934,-1.29,0,0.0,0,0,1,1,0,1,0,1,0,0,0,12192.0,2,1,1,1,0,0,1,0,9.0,271.3,0,0,0,0,0,1
20100,0.0,0.0,0,0,1,0,0.356,0.0,0,0,1,0,14.805,-1.29,0,0.0,0,0,1,1,0,1,0,1,0,0,0,12192.0,2,1,1,1,0,0,1,0,9.1,266.2,0,0,0,0,0,1
20200,0.0,0.0,0,0,1,0,0.356,0.0,0,0,1,0,14.676,-1.29,0,0.0,0,0,1,1,0,1,0,1,0,0,0,12192.0,2,1,1,1,0,0,1,0,9.1,267.4,0,0,0,0,0,1
20300,0.0,0.0,0,0,1,0,0.356,0.0,0,0,1,0,14.547,-1.29,0,0.0,0,0,1,1,0,1,0,1,0,0,0,12192.0,2,1,1,1,0,0,1,0,8.5,269.7,0,0,0,0,0,1
20400,0.0,0.0,0,0,1,0,0.356,0.0,0,0,1,0,14.418,-1.29,0,0.0,0,0,1,1,0,1,0,1,0,0,0,12192.0,2,1,1,1,0,0,1,0,9.4,268.2,0,0,0,0,0,1
20500,0.0,0.0,0,0,1,0,0.356,0.0,0,0,1,0,14.289,-1.29,0,0.0,0,0,1,1,0,1,0,1,0,0,0,12192.0,2,1,1,1,0,0,1,0,8.7,270.8,0,0,0,0,0,1
20600,0.0,0.0,0,0,1,0,0.356,0.0,0,0,1,0,14.16,-1.29,0,0.0,0,0,1,1,0,1,0,1,0,0,0,12192.0,2,1,1,1,0,0,1,0,8.8,269.8,0,0,0,0,0,1
20700,0.0,0.0,0,0,1,0,0.356,0.0,0,0,1,0,14.031,-1.29,0,0.0,0,0,1,1,0,1,0,1,0,0,0,12192.0,2,1,1,1,0,0,1,0,8.0,265.3,0,0,0,0,0,1
20800,0.0,0.0,0,0,1,0,0.356,0.0,0,0,1,0,13.902,-1.29,0,0.0,0,0,1,1,0,1,0,1,0,0,0,12192.0,2,1,1,1,0,0,1,0,8.6,270.5,0,0,0,0,0,1
20900,0.0,0.0,0,0,1,0,0.356,0.0,0,0,1,0,13.773,-1.29,0,0.0,0,0,1,1,0,1,0,1,0,0,0,12192.0,2,1,1,1,0,0,1,0,8.6,272.7,0,0,0,0,0,1
21000,0.0,0.0,0,0,1,0,0.356,0.0,0,0,1,0,13.644,-1.29,0,0.0,0,0,1,1,0,1,0,1,0,0,0,12192.0,2,1,1,1,0,0,1,0,8.2,270.6,0,0,0,0,0,1
21100,0.0,0.0,0,0,1,0,0.356,0.0,0,0,1,0,13.515,-1.29,0,0.0,0,0,1,1,0,1,0,1,0,0,0,12192.0,2,1,1,1,0,0,1,0,7.9,268.8,0,0,0,0,0,1
21200,0.0,0.0,0,0,1,0,0.356,0.0,0,0,1,0,13.386,-1.29,0,0.0,0,0,1,1,0,1,0,1,0,0,0,12192.0,2,1,1,1,0,0,1,0,8.4,266.3,0,0,0,0,0,1
21300,0.0,0.0,0,0,1,0,0.356,0.0,0,0,1,0,13.257,-1.29,0,0.0,0,0,1,1,0,1,0,1,0,0,0,12192.0,2,1,1,1,0,0,1,0,8.5,271.4,0,0,0,0,0,1
21400,0.0,0.0,0,0,1,0,0.356,0.0,0,0,1,0,13.128,-1.29,0,0.0,0,0,1,1,0,1,0,1,0,0,0,12192.0,2,1,1,1,0,0,1,0,9.3,269.1,0,0,0,0,0,1
21500,0.0,0.0,0,0,1,0,0.356,0.0,0,0,1,0,12.999,-1.29,0,0.0,0,0,1,1,0,1,0,1,0,0,0,12192.0,2,1,1,1,0,0,1,0,8.8,271.4,0,0,0,0,0,1
21600,0.0,0.0,0,0,1,0,0.356,0.0,0,0,1,0,12.87,-1.29,0,0.0,0,0,1,1,0,1,0,1,0,0,0,12192.0,2,1,1,1,0,0,1,0,8.5,270.0,0,0,0,0,0,1
21700,0.0,0.0,0,0,1,0,0.356,0.0,0,0,1,0,12.741,-1.29,0,0.0,0,0,1,1,0,1,0,1,0,0,0,12192.0,2,1,1,1,0,0,1,0,7.4,269.9,0,0,0,0,0,1
21800,0.0,0.0,0,0,1,0,0.356,0.0,0,0,1,0,12.612,-1.29,0,0.0,0,0,1,1,0,1,0,1,0,0,0,12192.0,2,1,1,1,0,0,1,0,8.2,271.8,0,0,0,0,0,1
21900,0.0,0.0,0,0,1,0,0.356,0.0,0,0,1,0,12.483,-1.29,0,0.0,0,0,1,1,0,1,0,1,0,0,0,12192.0,2,1,1,1,0,0,1,0,8.3,264.9,0,0,0,0,0,1
22000,0.0,0.0,0,0,1,0,0.356,0.0,0,0,1,0,12.354,-1.29,0,0.0,0,0,1,1,0,1,0,1,0,0,0,12192.0,2,1,1,1,0,0,1,0,8.4,270.3,0,0,0,0,0,1
22100,0.0,0.0,0,0,1,0,0.356,0.0,0,0,1,0,12.225,-1.29,0,0.0,0,0,1,1,0,1,0,1,0,0,0,12192.0,2,1,1,1,0,0,1,0,8.6,269.4,0,0,0,0,0,1
22200,0.0,0.0,0,0,1,0,0.356,0.0,0,0,1,0,12.096,-1.29,0,0.0,0,0,1,1,0,1,0,1,0,0,0,12192.0,2,1,1,1,0,0,1,0,8.5,270.6,0,0,0,0,0,1
22300,0.0,0.0,0,0,1,0,0.356,0.0,0,0,1,0,11.967,-1.29,0,0.0,0,0,1,1,0,1,0,1,0,0,0,12192.0,2,1,1,1,0,0,1,0,8.5,272.1,0,0,0,0,0,1
22400,0.0,0.0,0,0,1,0,0.356,0.0,0,0,1,0,11.838,-1.29,0,0.0,0,0,1,1,0,1,0,1,0,0,0,12192.0,2,1,1,1,0,0,1,0,8.1,270.6,0,0,0,0,0,1
22500,0.0,0.0,0,0,1,0,0.356,0.0,0,0,1,0,11.709,-1.29,0,0.0,0,0,1,1,0,1,0,1,0,0,0,12192.0,2,1,1,1,0,0,1,0,8.0,273.5,0,0,0,0,0,1
22600,0.0,0.0,0,0,1,0,0.356,0.0,0,0,1,0,11.58,-1.29,0,0.0,0,0,1,1,0,1,0,1,0,0,0,12192.0,2,1,1,1,0,0,1,0,7.4,270.3,0,0,0,0,0,1
22700,0.0,0.0,0,0,1,0,0.356,0.0,0,0,1,0,11.451,-1.29,0,0.0,0,0,1,1,0,1,0,1,0,0,0,12192.0,2,1,1,1,0,0,1,0,7.8,269.3,0,0,0,0,0,1
22800,0.0,0.0,0,0,1,0,0.356,0.0,0,0,1,0,11.322,-1.29,0,0.0,0,0,1,1,0,1,0,1,0,0,0,12192.0,2,1,1,1,0,0,1,0,7.8,272.2,0,0,0,0,0,1
22900,0.0,0.0,0,0,1,0,0.356,0.0,0,0,1,0,11.194,-1.29,0,0.0,0,0,1,1,0,1,0,1,0,0,0,12192.0,2,1,1,1,0,0,1,0,8.2,266.7,0,0,0,0,0,1
23000,0.0,0.0,0,0,1,0,0.356,0.0,0,0,1,0,11.065,-1.29,0,0.0,0,0,1,1,0,1,0,1,0,0,0,12192.0,2,1,1,1,0,0,1,0,8.5,268.8,0,0,0,0,0,1
23100,0.0,0.0,0,0,1,0,0.356,0.0,0,0,1,0,10.936,-1.29,0,0.0,0,0,1,1,0,1,0,1,0,0,0,12192.0,2,1,1,1,0,0,1,0,8.2,269.5,0,0,0,0,0,1
23200,0.0,0.0,0,0,1,0,0.356,0.0,0,0,1,0,10.807,-1.29,0,0.0,0,0,1,1,0,1,0,1,0,0,0,12192.0,2,1,1,1,0,0,1,0,6.5,271.4,0,0,0,0,0,1
23300,0.0,0.0,0,0,1,0,0.356,0.0,0,0,1,0,10.678,-1.29,0,0.0,0,0,1,1,0,1,0,1,0,0,0,12192.0,2,1,1,1,0,0,1,0,8.0,270.1,0,0,0,0,0,1
23400,0.0,0.0,0,0,1,0,0.356,0.0,0,0,1,0,10.549,-1.29,0,0.0,0,0,1,1,0,1,0,1,0,0,0,12192.0,2,1,1,1,0,0,1,0,7.4,272.6,0,0,0,0,0,1
23500,0.0,0.0,0,0,1,0,0.356,0.0,0,0,1,0,10.42,-1.29,0,0.0,0,0,1,1,0,1,0,1,0,0,0,12192.0,2,1,1,1,0,0,1,0,7.0,269.8,0,0,0,0,0,1
23600,0.0,0.0,0,0,1,0,0.356,0.0,0,0,1,0,10.291,-1.29,0,0.0,0,0,1,1,0,1,0,1,0,0,0,12192.0,2,1,1,1,0,0,1,0,7.7,271.7,0,0,0,0,0,1
23700,0.0,0.0,0,0,1,0,0.356,0.0,0,0,1,0,10.162,-1.29,0,0.0,0,0,1,1,0,1,0,1,0,0,0,12192.0,2,1,1,1,0,0,1,0,6.8,269.3,0,0,0,0,0,1
23800,0.0,0.0,0,0,1,0,0.356,0.0,0,0,1,0,10.033,-1.29,0,0.0,0,0,1,1,0,1,0,1,0,0,0,12192.0,2,1,1,1,0,0,1,0,7.2,268.5,0,0,0,0,0,1
23900,0.0,0.0,0,0,1,0,0.356,0.0,0,0,1,0,9.904,-1.29,0,0.0,0,0,1,1,0,1,0,1,0,0,0,12192.0,2,1,1,1,0,0,1,0,7.6,270.4,0,0,0,0,0,1
24000,0.0,0.0,0,0,1,0,0.356,0.0,0,0,1,0,9.775,-1.29,0,0.0,0,0,1,1,0,1,0,1,0,0,0,12192.0,2,1,1,1,0,0,1,0,8.1,269.6,0,0,0,0,0,1
24100,0.0,0.0,0,0,1,0,0.356,0.0,0,0,1,0,9.646,-1.29,0,0.0,0,0,1,1,0,1,0,1,0,0,0,12192.0,2,1,1,1,0,0,1,0,7.6,269.6,0,0,0,0,0,1
24200,0.0,0.0,0,0,1,0,0.356,0.0,0,0,1,0,9.517,-1.29,0,0.0,0,0,1,1,0,1,0,1,0,0,0,12192.0,2,1,1,1,0,0,1,0,7.3,271.2,0,0,0,0,0,1
24300,0.0,0.0,0,0,1,0,0.356,0.0,0,0,1,0,9.388,-1.29,0,0.0,0,0,1,1,0,1,0,1,0,0,0,12192.0,2,1,1,1,0,0,1,0,7.2,268.6,0,0,0,0,0,1
24400,0.0,0.0,0,0,1,0,0.356,0.0,0,0,1,0,9.259,-1.29,0,0.0,0,0,1,1,0,1,0,1,0,0,0,12192.0,2,1,1,1,0,0,1,0,7.7,272.4,0,0,0,0,0,1
24500,0.0,0.0,0,0,1,0,0.356,0.0,0,0,1,0,9.13,-1.29,0,0.0,0,0,1,1,0,1,0,1,0,0,0,12192.0,2,1,1,1,0,0,1,0,7.9,273.6,0,0,0,0,0,1
24600,0.0,0.0,0,0,1,0,0.356,0.0,0,0,1,0,9.001,-1.29,0,0.0,0,0,1,1,0,1,0,1,0,0,0,12192.0,2,1,1,1,0,0,1,0,6.9,268.3,0,0,0,0,0,1
24700,0.0,0.0,0,0,1,0,0.356,0.0,0,0,1,0,8.872,-1.29,0,0.0,0,0,1,1,0,1,0,1,0,0,0,12192.0,2,1,1,1,0,0,1,0,6.9,268.8,0,0,0,0,0,1
24800,0.0,0.0,0,0,1,0,0.356,0.0,0,0,1,0,8.743,-1.29,0,0.0,0,0,1,1,0,1,0,1,0,0,0,12192.0,2,1,1,1,0,0,1,0,7.1,277.3,0,0,0,0,0,1
24900,0.0,0.0,0,0,1,0,0.356,0.0,0,0,1,0,8.614,-1.29,0,0.0,0,0,1,1,0,1,0,1,0,0,0,12192.0,2,1,1,1,0,0,1,0,7.5,270.0,0,0,0,0,0,1
25000,0.0,0.0,0,0,1,0,0.356,0.0,0,0,1,0,8.485,-1.29,0,0.0,0,0,1,1,0,1,0,1,0,0,0,12192.0,2,1,1,1,0,0,1,0,7.4,272.1,0,0,0,0,0,1
25100,0.0,0.0,0,0,1,0,0.356,0.0,0,0,1,0,8.356,-1.29,0,0.0,0,0,1,1,0,1,0,1,0,0,0,12192.0,2,1,1,1,0,0,1,0,8.0,267.5,0,0,0,0,0,1
25200,0.0,0.0,0,0,1,0,0.356,0.0,0,0,1,0,8.227,-1.29,0,0.0,0,0,1,1,0,1,0,1,0,0,0,12192.0,2,1,1,1,0,0,1,0,7.5,269.1,0,0,0,0,0,1
25300,0.0,0.0,0,0,1,0,0.356,0.0,0,0,1,0,8.098,-1.29,0,0.0,0,0,1,1,0,1,0,1,0,0,0,12192.0,2,1,1,1,0,0,1,0,7.6,270.2,0,0,0,0,0,1
25400,0.0,0.0,0,0,1,0,0.356,0.0,0,0,1,0,7.969,-1.29,0,0.0,0,0,1,1,0,1,0,1,0,0,0,12192.0,2,1,1,1,0,0,1,0,8.4,272.4,0,0,0,0,0,1
25500,0.0,0.0,0,0,1,0,0.356,0.0,0,0,1,0,7.84,-1.29,0,0.0,0,0,1,1,0,1,0,1,0,0,0,12192.0,2,1,1,1,0,0,1,0,7.8,273.5,0,0,0,0,0,1
25600,0.0,0.0,0,0,1,0,0.356,0.0,0,0,1,0,7.711,-1.29,0,0.0,0,0,1,1,0,1,0,1,0,0,0,12192.0,2,1,1,1,0,0,1,0,7.7,273.7,0,0,0,0,0,1
25700,0.0,0.0,0,0,1,0,0.356,0.0,0,0,1,0,7.582,-1.29,0,0.0,0,0,1,1,0,1,0,1,0,0,0,12192.0,2,1,1,1,0,0,1,0,6.8,270.9,0,0,0,0,0,1
25800,0.0,0.0,0,0,1,0,0.356,0.0,0,0,1,0,7.453,-1.29,0,0.0,0,0,1,1,0,1,0,1,0,0,0,12192.0,2,1,1,1,0,0,1,0,7.4,270.8,0,0,0,0,0,1
25900,0.0,0.0,0,0,1,0,0.356,0.0,0,0,1,0,7.324,-1.29,0,0.0,0,0,1,1,0,1,0,1,0,0,0,12192.0,2,1,1,1,0,0,1,0,7.4,268.2,0,0,0,0,0,1
26000,0.0,0.0,0,0,1,0,0.356,0.0,0,0,1,0,7.195,-1.29,0,0.0,0,0,1,1,0,1,0,1,0,0,0,12192.0,2,1,1,1,0,0,1,0,7.5,273.9,0,0,0,0,0,1
26100,0.0,0.0,0,0,1,0,0.356,0.0,0,0,1,0,7.066,-1.29,0,0.0,0,0,1,1,0,1,0,1,0,0,0,12192.0,2,1,1,1,0,0,1,0,8.1,269.3,0,0,0,0,0,1
26200,0.0,0.0,0,0,1,0,0.356,0.0,0,0,1,0,6.937,-1.29,0,0.0,0,0,1,1,0,1,0,1,0,0,0,12192.0,2,1,1,1,0,0,1,0,7.6,267.4,0,0,0,0,0,1
26300,0.0,0.0,0,0,1,0,0.356,0.0,0,0,1,0,6.808,-1.29,0,0.0,0,0,1,1,0,1,0,1,0,0,0,12192.0,2,1,1,1,0,0,1,0,7.4,267.3,0,0,0,0,0,1
26400,0.0,0.0,0,0,1,0,0.356,0.0,0,0,1,0,6.679,-1.29,0,0.0,0,0,1,1,0,1,0,1,0,0,0,12192.0,2,1,1,1,0,0,1,0,7.8,270.2,0,0,0,0,0,1
26500,0.0,0.0,0,0,1,0,0.356,0.0,0,0,1,0,6.55,-1.29,0,0.0,0,0,1,1,0,1,0,1,0,0,0,12192.0,2,1,1,1,0,0,1,0,8.2,273.8,0,0,0,0,0,1
26600,0.0,0.0,0,0,1,0,0.356,0.0,0,0,1,0,6.421,-1.29,0,0.0,0,0,1,1,0,1,0,1,0,0,0,12192.0,2,1,1,1,0,0,1,0,7.7,269.8,0,0,0,0,0,1
26700,0.0,0.0,0,0,1,0,0.356,0.0,0,0,1,0,6.292,-1.29,0,0.0,0,0,1,1,0,1,0,1,0,0,0,12192.0,2,1,1,1,0,0,1,0,7.5,268.6,0,0,0,0,0,1
26800,0.0,0.0,0,0,1,0,0.356,0.0,0,0,1,0,6.163,-1.29,0,0.0,0,0,1,1,0,1,0,1,0,0,0,12192.0,2,1,1,1,0,0,1,0,8.3,269.2,0,0,0,0,0,1
26900,0.0,0.0,0,0,1,0,0.356,0.0,0,0,1,0,6.034,-1.29,0,0.0,0,0,1,1,0,1,0,1,0,0,0,12192.0,2,1,1,1,0,0,1,0,8.3,269.6,0,0,0,0,0,1
27000,0.0,0.0,0,0,1,0,0.356,0.0,0,0,1,0,5.905,-1.29,0,0.0,0,0,1,1,0,1,0,1,0,0,0,12192.0,2,1,1,1,0,0,1,0,8.3,271.1,0,0,0,0,0,1
27100,0.0,0.0,0,0,1,0,0.356,0.0,0,0,1,0,5.776,-1.29,0,0.0,0,0,1,1,0,1,0,1,0,0,0,12192.0,2,1,1,1,0,0,1,0,7.7,270.7,0,0,0,0,0,1
27200,0.0,0.0,0,0,1,0,0.356,0.0,0,0,1,0,5.647,-1.29,0,0.0,0,0,1,1,0,1,0,1,0,0,0,12192.0,2,1,1,1,0,0,1,0,8.5,271.7,0,0,0,0,0,1
27300,0.0,0.0,0,0,1,0,0.356,0.0,0,0,1,0,5.518,-1.29,0,0.0,0,0,1,1,0,1,0,1,0,0,0,12192.0,2,1,1,1,0,0,1,0,8.0,268.6,0,0,0,0,0,1
27400,0.0,0.0,0,0,1,0,0.356,0.0,0,0,1,0,5.389,-1.29,0,0.0,0,0,1,1,0,1,0,1,0,0,0,12192.0,2,1,1,1,0,0,1,0,8.2,267.9,0,0,0,0,0,1
27500,0.0,0.0,0,0,1,0,0.356,0.0,0,0,1,0,5.26,-1.29,0,0.0,0,0,1,1,0,1,0,1,0,0,0,12192.0,2,1,1,1,0,0,1,0,8.9,270.1,0,0,0,0,0,1
27600,0.0,0.0,0,0,1,0,0.356,0.0,0,0,1,0,5.131,-1.29,0,0.0,0,0,1,1,0,1,0,1,0,0,0,12192.0,2,1,1,1,0,0,1,0,9.0,274.0,0,0,0,0,0,1
27700,0.0,0.0,0,0,1,0,0.356,0.0,0,0,1,0,5.002,-1.29,0,0.0,0,0,1,1,0,1,0,1,0,0,0,12192.0,2,1,1,1,0,0,1,0,8.3,269.9,0,0,0,0,0,1
27800,0.0,0.0,0,0,1,0,0.356,0.0,0,0,1,0,4.873,-1.29,0,0.0,0,0,1,1,0,1,0,1,0,0,0,12192.0,2,1,1,1,0,0,1,0,8.9,265.5,0,0,0,0,0,1
27900,0.0,0.0,0,0,1,0,0.356,0.0,0,0,1,0,4.744,-1.29,0,0.0,0,0,1,1,0,1,0,1,0,0,0,12192.0,2,1,1,1,0,0,1,0,9.1,271.6,0,0,0,0,0,1
28000,0.0,0.0,0,0,1,0,0.356,0.0,0,0,1,0,4.615,-1.29,0,0.0,0,0,1,1,0,1,0,1,0,0,0,12192.0,2,1,1,1,0,0,1,0,8.3,269.7,0,0,0,0,0,1
28100,0.0,0.0,0,0,1,0,0.356,0.0,0,0,1,0,4.486,-1.29,0,0.0,0,0,1,1,0,1,0,1,0,0,0,12192.0,2,1,1,1,0,0,1,0,8.7,271.6,0,0,0,0,0,1
28200,0.0,0.0,0,0,1,0,0.356,0.0,0,0,1,0,4.358,-1.29,0,0.0,0,0,1,1,0,1,0,1,0,0,0,12192.0,2,1,1,1,0,0,1,0,8.5,268.0,0,0,0,0,0,1
28300,0.0,0.0,0,0,1,0,0.356,0.0,0,0,1,0,4.229,-1.29,0,0.0,0,0,1,1,0,1,0,1,0,0,0,12192.0,2,1,1,1,0,0,1,0,8.1,270.9,0,0,0,0,0,1
28400,0.0,0.0,0,0,1,0,0.356,0.0,0,0,1,0,4.1,-1.29,0,0.0,0,0,1,1,0,1,0,1,0,0,0,12192.0,2,1,1,1,0,0,1,0,8.6,266.8,0,0,0,0,0,1
28500,0.0,0.0,0,0,1,0,0.356,0.0,0,0,1,0,3.971,-1.29,0,0.0,0,0,1,1,0,1,0,1,0,0,0,12192.0,2,1,1,1,0,0,1,0,9.0,271.6,0,0,0,0,0,1
28600,0.0,0.0,0,0,1,0,0.356,0.0,0,0,1,0,3.842,-1.29,0,0.0,0,0,1,1,0,1,0,1,0,0,0,12192.0,2,1,1,1,0,0,1,0,8.4,267.1,0,0,0,0,0,1
28700,0.0,0.0,0,0,1,0,0.356,0.0,0,0,1,0,3.713,-1.29,0,0.0,0,0,1,1,0,1,0,1,0,0,0,12192.0,2,1,1,1,0,0,1,0,8.5,272.2,0,0,0,0,0,1
28800,0.0,0.0,0,0,1,0,0.356,0.0,0,0,1,0,3.588,-1.242,0,0.0,0,0,1,1,0,1,0,1,0,0,0,12192.0,2,1,1,1,0,0,1,0,8.8,274.2,0,0,0,0,0,1
28900,0.0,0.0,0,0,1,0,0.356,0.0,0,0,1,0,3.469,-1.193,0,0.0,0,0,1,1,0,1,0,1,0,0,0,12192.0,2,1,1,1,0,0,1,0,8.5,272.4,0,0,0,0,0,1
29000,0.0,0.0,0,0,1,0,0.356,0.0,0,0,1,0,3.355,-1.145,0,0.0,0,0,1,1,0,1,0,1,0,0,0,12192.0,2,1,1,1,0,0,1,0,9.2,269.5,0,0,0,0,0,1
29100,0.0,0.0,0,0,1,0,0.356,0.0,0,0,1,0,3.245,-1.097,0,0.0,0,0,1,1,0,1,0,1,0,0,0,12192.0,2,1,1,1,0,0,1,0,8.6,273.6,0,0,0,0,0,1
29200,0.0,0.0,0,0,1,0,0.356,0.0,0,0,1,0,3.14,-1.048,0,0.0,0,0,1,1,0,1,0,1,0,0,0,12192.0,2,1,1,1,0,0,1,0,8.7,268.7,0,0,0,0,0,1
29300,0.0,0.0,0,0,1,0,0.356,0.0,0,0,1,0,3.04,-1.0,0,0.0,0,0,1,1,0,1,0,1,0,0,0,12192.0,2,1,1,1,0,0,1,0,8.7,270.7,0,0,0,0,0,1
29400,0.0,0.0,0,0,1,0,0.356,0.0,0,0,1,0,2.945,-0.952,0,0.0,0,0,1,1,0,1,0,1,0,0,0,12192.0,2,1,1,1,0,0,1,0,8.5,271.3,0,0,0,0,0,1
29500,0.0,0.0,0,0,1,0,0.356,0.0,0,0,1,0,2.855,-0.904,0,0.0,0,0,1,1,0,1,0,1,0,0,0,12192.0,2,1,1,1,0,0,1,0,8.8,272.0,0,0,0,0,0,1
29600,0.0,0.0,0,0,1,0,0.356,0.0,0,0,1,0,2.764,-0.904,0,0.0,0,0,1,1,0,1,0,1,0,0,0,12192.0,2,1,1,1,0,0,1,0,8.0,270.0,0,0,0,0,0,1
29700,0.0,0.0,0,0,1,0,0.356,0.0,0,0,1,0,2.679,-0.855,0,0.0,0,0,1,1,0,1,0,1,0,0,0,12192.0,2,1,1,1,0,0,1,0,8.6,268.5,0,0,0,0,0,1
29800,0.0,0.0,0,0,1,0,0.356,0.0,0,0,1,0,2.598,-0.805,0,0.0,0,0,1,1,0,1,0,1,0,0,0,12192.0,2,1,1,1,0,0,1,0,8.8,274.5,0,0,0,0,0,1
29900,0.0,0.0,0,0,1,0,0.356,0.0,0,0,1,0,2.523,-0.755,0,0.0,0,0,1,1,0,1,0,1,0,0,0,12192.0,2,1,1,1,0,0,1,0,8.1,274.0,0,0,0,0,0,1
30000,0.0,0.0,0,0,1,0,0.356,0.0,0,0,1,0,2.452,-0.705,0,0.0,0,0,1,1,0,1,0,1,0,0,0,12192.0,2,1,1,1,0,0,1,0,7.8,268.3,0,0,0,0,0,1
30100,0.0,0.0,0,0,1,0,0.356,0.0,0,0,1,0,2.387,-0.655,0,0.0,0,0,1,1,0,1,0,1,0,0,0,12192.0,2,1,1,1,0,0,1,0,7.9,269.4,0,0,0,0,0,1
30200,0.0,0.0,0,0,1,0,0.356,0.0,0,0,1,0,2.326,-0.605,0,0.0,0,0,1,1,0,1,0,1,0,0,0,12192.0,2,1,1,1,0,0,1,0,8.2,272.8,0,0,0,0,0,1
30300,0.0,0.0,0,0,1,0,0.356,0.0,0,0,1,0,2.271,-0.555,0,0.0,0,0,1,1,0,1,0,1,0,0,0,12192.0,2,1,1,1,0,0,1,0,8.0,268.9,0,0,0,0,0,1
30400,0.0,0.0,0,0,1,0,0.356,0.0,0,0,1,0,2.22,-0.504,0,0.0,0,0,1,1,0,1,0,1,0,0,0,12192.0,2,1,1,1,0,0,1,0,8.5,273.7,0,0,0,0,0,1
30500,0.0,0.0,0,0,1,0,0.356,0.0,0,0,1,0,2.175,-0.453,0,0.0,0,0,1,1,0,1,0,1,0,0,0,12192.0,2,1,1,1,0,0,1,0,8.0,270.2,0,0,0,0,0,1
30600,0.0,0.0,0,0,1,0,0.356,0.0,0,0,1,0,2.135,-0.402,0,0.0,0,0,1,1,0,1,0,1,0,0,0,12192.0,2,1,1,1,0,0,1,0,8.1,267.2,0,0,0,0,0,1
30700,0.0,0.0,0,0,1,0,0.356,0.0,0,0,1,0,2.1,-0.35,0,0.0,0,0,1,1,0,1,0,1,0,0,0,12192.0,2,1,1,1,0,0,1,0,7.7,273.1,0,0,0,0,0,1
30800,0.0,0.0,0,0,1,0,0.356,0.0,0,0,1,0,2.07,-0.298,0,0.0,0,0,1,1,0,1,0,1,0,0,0,12192.0,2,1,1,1,0,0,1,0,8.3,265.5,0,0,0,0,0,1
30900,0.0,0.0,0,0,1,0,0.356,0.0,0,0,1,0,2.045,-0.245,0,0.0,0,0,1,1,0,1,0,1,0,0,0,12192.0,2,1,1,1,0,0,1,0,8.7,267.1,0,0,0,0,0,1
31000,0.0,0.0,0,0,1,0,0.356,0.0,0,0,1,0,2.026,-0.191,0,0.0,0,0,1,1,0,1,0,1,0,0,0,12192.0,2,1,1,1,0,0,1,0,8.5,274.1,0,0,0,0,0,1
31100,0.0,0.0,0,0,1,0,0.356,0.0,0,0,1,0,2.013,-0.134,0,0.0,0,0,1,1,0,1,0,1,0,0,0,12192.0,2,1,1,1,0,0,1,0,8.1,268.8,0,0,0,0,0,1
31200,0.0,0.0,0,0,1,0,0.356,0.0,0,0,1,0,2.006,-0.071,0,0.0,0,0,1,1,0,1,0,1,0,0,0,12192.0,2,1,1,1,0,0,1,0,7.4,263.9,0,0,0,0,0,1
31300,0.0,0.0,0,0,0,0,0.356,0.0,0,0,0,0,2.003,0.0,0,0.0,0,0,0,0,0,1,0,1,0,0,0,12192.0,2,1,1,0,1,0,1,0,8.1,269.4,0,0,0,0,0,1
31400,0.0,0.0,0,0,0,0,0.356,0.0,0,0,0,0,2.003,0.0,0,0.0,0,0,0,0,0,1,0,1,1,1,0,12192.0,2,1,1,0,1,0,1,0,7.8,270.4,0,0,0,0,0,1
31500,0.0,0.0,0,0,0,0,0.356,0.0,0,0,0,0,2.003,0.0,0,0.0,0,0,0,0,0,1,0,1,1,1,0,12192.0,2,1,1,0,1,0,1,0,8.4,267.3,0,0,0,0,0,1
31600,0.0,0.0,0,0,0,0,0.356,0.0,0,0,0,0,2.003,0.0,0,0.0,0,0,0,0,0,1,0,1,1,1,0,12192.0,2,1,1,0,1,0,1,0,6.8,267.7,0,0,0,0,0,1
31700,0.0,0.0,0,0,0,0,0.356,0.0,0,0,0,0,2.003,0.0,0,0.0,0,0,0,0,0,1,0,1,1,1,0,12192.0,2,1,1,0,1,0,1,0,7.8,273.8,0,0,0,0,0,1
31800,0.0,0.0,0,0,0,0,0.356,0.0,0,0,0,0,2.003,0.0,0,0.0,0,0,0,0,0,1,0,1,1,1,0,12192.0,2,1,1,0,1,0,1,0,7.1,268.2,0,0,0,0,0,1
31900,0.0,0.0,0,0,0,0,0.356,0.0,0,0,0,0,2.003,0.0,0,0.0,0,0,0,0,0,1,0,1,1,1,0,12192.0,2,1,1,0,1,0,1,0,6.7,269.3,0,0,0,0,0,1
32000,0.0,0.0,0,0,0,0,0.356,0.0,0,0,0,0,2.003,0.0,0,0.0,0,0,0,0,0,1,0,1,1,1,0,12192.0,2,1,1,0,1,0,1,0,7.2,272.1,0,0,0,0,0,1
32100,0.0,0.0,0,0,0,0,0.356,0.0,0,0,0,0,2.003,0.0,0,0.0,0,0,0,0,0,1,0,1,1,1,0,12192.0,2,1,1,0,1,0,1,0,8.1,272.2,0,0,0,0,0,1
32200,0.0,0.0,0,0,0,0,0.356,0.0,0,0,0,0,2.003,0.0,0,0.0,0,0,0,0,0,1,0,1,1,1,0,12192.0,2,1,1,0,1,0,1,0,7.8,268.1,0,0,0,0,0,1
32300,0.0,0.0,0,0,0,0,0.356,0.0,0,0,0,0,2.003,0.0,0,0.0,0,0,0,0,0,1,0,1,1,1,0,12192.0,2,1,1,0,1,0,1,0,7.7,265.9,0,0,0,0,0,1
32400,0.0,0.0,0,0,0,0,0.356,0.0,0,0,0,0,2.003,0.0,0,0.0,0,0,0,0,0,1,0,1,1,1,0,12192.0,2,1,1,0,1,0,1,0,7.0,271.1,0,0,0,0,0,1
32500,0.0,0.0,0,0,0,0,0.356,0.0,0,0,0,0,2.003,0.0,0,0.0,0,0,0,0,0,1,0,1,1,1,0,12192.0,2,1,1,0,1,0,1,0,7.0,270.9,0,0,0,0,0,1
32600,0.0,0.0,0,0,0,0,0.356,0.0,0,0,0,0,2.003,0.0,0,0.0,0,0,0,0,0,1,0,1,1,1,0,12192.0,2,1,1,0,1,0,1,0,6.9,268.3,0,0,0,0,0,1
32700,0.0,0.0,0,0,0,0,0.356,0.0,0,0,0,0,2.003,0.0,0,31.87,0,0,0,0,0,1,1,0,1,1,0,12192.0,2,1,1,0,1,0,1,0,6.5,268.6,0,0,0,0,0,1
32800,0.0,0.0,0,0,0,0,0.356,0.0,0,0,0,0,2.003,0.0,0,32.07,0,0,0,0,0,1,1,0,1,1,0,12192.0,2,1,1,0,1,0,1,0,8.0,268.6,0,0,0,0,0,1
32900,0.0,0.0,0,0,0,0,0.356,0.0,0,0,0,0,2.003,0.0,0,31.98,0,0,0,0,0,1,1,0,1,1,0,12192.0,2,1,1,0,1,0,1,0,8.0,272.2,0,0,0,0,0,1
33000,0.0,0.0,0,0,0,0,0.356,0.0,0,0,0,0,2.003,0.0,0,31.95,0,0,0,0,0,1,1,0,1,1,0,12192.0,2,1,1,0,1,0,1,0,7.6,272.2,0,0,0,0,0,1
33100,0.0,0.0,0,0,0,0,0.356,0.0,0,0,0,0,2.003,0.0,0,32.06,0,0,0,0,0,1,1,0,1,1,0,12192.0,2,1,1,0,1,0,1,0,7.0,269.1,0,0,0,0,0,1
33200,0.0,0.0,0,0,0,0,0.356,0.0,0,0,0,0,2.003,0.0,0,32.09,0,0,0,0,0,1,1,0,1,1,0,12192.0,2,1,1,0,1,0,1,0,7.2,270.8,0,0,0,0,0,1
33300,0.0,0.0,0,0,0,0,0.356,0.0,0,0,0,0,2.003,0.0,0,32.01,0,0,0,0,0,1,1,0,1,1,0,12192.0,2,1,1,0,1,0,1,0,7.9,271.8,0,0,0,0,0,1
33400,0.0,0.0,0,0,0,0,0.356,0.0,0,0,0,0,2.003,0.0,0,31.97,0,0,0,0,0,1,1,0,1,1,0,12192.0,2,1,1,0,1,0,1,0,7.9,266.2,0,0,0,0,0,1
33500,0.0,0.0,0,0,0,0,0.356,0.0,0,0,0,0,2.003,0.0,0,32.02,0,0,0,0,0,1,1,0,1,1,0,12192.0,2,1,1,0,1,0,1,0,8.4,272.6,0,0,0,0,0,1
33600,0.0,0.0,0,0,0,0,0.356,0.0,0,0,0,0,2.003,0.0,0,31.99,0,0,0,0,0,1,1,0,1,1,0,12192.0,2,1,1,0,1,0,1,0,8.1,268.8,0,0,0,0,0,1
33700,0.0,0.0,0,0,0,0,0.356,0.0,0,0,0,0,2.003,0.0,0,32.01,0,0,0,0,0,1,1,0,1,1,0,12192.0,2,1,1,0,1,0,1,0,6.2,268.6,0,0,0,0,0,1
33800,0.0,0.0,0,0,0,0,0.356,0.0,0,0,0,0,2.003,0.0,0,31.68,0,0,0,0,0,1,1,0,1,1,0,12192.0,2,1,1,0,1,0,1,0,7.6,268.4,0,0,0,0,0,1
33900,0.0,0.0,0,0,0,0,0.356,0.0,0,0,0,0,2.003,0.0,0,31.99,0,0,0,0,0,1,1,0,1,1,0,12192.0,2,1,1,0,1,0,1,0,7.6,272.3,0,0,0,0,0,1
34000,0.0,0.0,0,0,0,0,0.356,0.0,0,0,0,0,2.003,0.0,0,32.08,0,0,0,0,0,1,1,0,1,1,0,12192.0,2,1,1,0,1,0,1,0,6.7,269.2,0,0,0,0,0,1
34100,0.0,0.0,0,0,0,0,0.356,0.0,0,0,0,0,2.003,0.0,0,32.02,0,0,0,0,0,1,1,0,1,1,0,12192.0,2,1,1,0,1,0,1,0,7.7,270.3,0,0,0,0,0,1
34200,0.0,0.0,0,0,0,0,0.356,0.0,0,0,0,0,2.003,0.0,0,31.9,0,0,0,0,0,1,1,0,1,1,0,12192.0,2,1,1,0,1,0,1,0,6.8,269.6,0,0,0,0,0,1
34300,0.0,0.0,0,0,0,0,0.356,0.0,0,0,0,0,2.003,0.0,0,31.97,0,0,0,0,0,1,1,0,1,1,0,12192.0,2,1,1,0,1,0,1,0,6.4,271.5,0,0,0,0,0,1
34400,0.0,0.0,0,0,0,0,0.356,0.0,0,0,0,0,2.003,0.0,0,31.96,0,0,0,0,0,1,1,0,1,1,0,12192.0,2,1,1,0,1,0,1,0,7.6,270.4,0,0,0,0,0,1
34500,0.0,0.0,0,0,1,0,0.356,0.0,0,0,1,0,2.008,0.048,1,33.63,0,0,1,1,0,1,1,0,0,1,0,12192.0,2,1,1,1,0,0,1,0,7.7,267.8,0,0,0,0,0,1
34600,0.0,0.0,0,0,1,0,0.356,0.0,0,0,1,0,2.018,0.097,1,33.45,0,0,1,1,0,1,1,0,0,1,0,12192.0,2,1,1,1,0,0,1,0,7.2,273.6,0,0,0,0,0,1
34700,0.0,0.0,0,0,1,0,0.356,0.0,0,0,1,0,2.032,0.145,1,33.62,0,0,1,1,0,1,1,0,0,1,0,12192.0,2,1,1,1,0,0,1,0,6.9,271.5,0,0,0,0,0,1
34800,0.0,0.0,0,0,1,0,0.356,0.0,0,0,1,0,2.052,0.193,1,33.64,0,0,1,1,0,1,1,0,0,1,0,12192.0,2,1,1,1,0,0,1,0,8.1,269.8,0,0,0,0,0,1
34900,0.0,0.0,0,0,1,0,0.356,0.0,0,0,1,0,2.076,0.241,1,33.42,0,0,1,1,0,1,1,0,0,1,0,12192.0,2,1,1,1,0,0,1,0,7.7,270.4,0,0,0,0,0,1
35000,0.0,0.0,0,0,1,0,0.356,0.0,0,0,1,0,2.105,0.29,1,33.53,0,0,1,1,0,1,1,0,0,1,0,12192.0,2,1,1,1,0,0,1,0,8.1,268.7,0,0,0,0,0,1
35100,0.0,0.0,0,0,1,0,0.356,0.0,0,0,1,0,2.138,0.338,1,33.63,0,0,1,1,0,1,1,0,0,1,0,12192.0,2,1,1,1,0,0,1,0,7.2,271.2,0,0,0,0,0,1
35200,0.0,0.0,0,0,1,0,0.356,0.0,0,0,1,0,2.177,0.386,1,33.47,0,0,1,1,0,1,1,0,0,1,0,12192.0,2,1,1,1,0,0,1,0,8.2,269.2,0,0,0,0,0,1
35300,0.0,0.0,0,0,1,0,0.356,0.0,0,0,1,0,2.22,0.434,1,33.77,0,0,1,1,0,1,1,0,0,1,0,12192.0,2,1,1,1,0,0,1,0,8.3,272.1,0,0,0,0,0,1
35400,0.0,0.0,0,0,1,0,0.356,0.0,0,0,1,0,2.269,0.483,1,33.47,0,0,1,1,0,1,1,0,0,1,0,12192.0,2,1,1,1,0,0,1,0,7.9,268.8,0,0,0,0,0,1
35500,0.0,0.0,0,0,1,0,0.356,0.0,0,0,1,0,2.322,0.531,1,33.61,0,0,1,1,0,1,1,0,0,1,0,12192.0,2,1,1,1,0,0,1,0,7.1,268.2,0,0,0,0,0,1
35600,0.0,0.0,0,0,1,0,0.356,0.0,0,0,1,0,2.38,0.579,1,33.89,0,0,1,1,0,1,1,0,0,1,0,12192.0,2,1,1,1,0,0,1,0,8.2,270.2,0,0,0,0,0,1
35700,0.0,0.0,0,0,1,0,0.356,0.0,0,0,1,0,2.443,0.628,1,33.76,0,0,1,1,0,1,1,0,0,1,0,12192.0,2,1,1,1,0,0,1,0,8.3,271.6,0,0,0,0,0,1
35800,0.0,0.0,0,0,1,0,0.356,0.0,0,0,1,0,2.51,0.676,1,33.64,0,0,1,1,0,1,1,0,0,1,0,12192.0,2,1,1,1,0,0,1,0,8.1,269.4,0,0,0,0,0,1
35900,0.0,0.0,0,0,1,0,0.356,0.0,0,0,1,0,2.582,0.724,1,33.57,0,0,1,1,0,1,1,0,0,1,0,12192.0,2,1,1,1,0,0,1,0,7.9,269.9,0,0,0,0,0,1
36000,0.0,0.0,0,0,1,0,0.356,0.0,0,0,1,0,2.66,0.772,1,33.58,0,0,1,1,0,1,1,0,0,1,0,12192.0,2,1,1,1,0,0,1,0,8.2,265.4,0,0,0,0,0,1
36100,0.0,0.0,0,0,1,0,0.356,0.0,0,0,1,0,2.742,0.821,1,33.33,0,0,1,1,0,1,1,0,0,1,0,12192.0,2,1,1,1,0,0,1,0,7.6,271.4,0,0,0,0,0,1
36200,0.0,0.0,0,0,1,0,0.356,0.0,0,0,1,0,2.829,0.869,1,33.59,0,0,1,1,0,1,1,0,0,1,0,12192.0,2,1,1,1,0,0,1,0,9.3,272.0,0,0,0,0,0,1
36300,0.0,0.0,0,0,1,0,0.356,0.0,0,0,1,0,2.92,0.917,1,33.6,0,0,1,1,0,1,1,0,0,1,0,12192.0,2,1,1,1,0,0,1,0,7.9,266.2,0,0,0,0,0,1
36400,0.0,0.0,0,0,1,0,0.356,0.0,0,0,1,0,3.017,0.965,1,33.52,0,0,1,1,0,1,1,0,0,1,0,12192.0,2,1,1,1,0,0,1,0,8.5,271.8,0,0,0,0,0,1
36500,0.0,0.0,0,0,1,0,0.356,0.0,0,0,1,0,3.118,1.014,1,33.41,0,0,1,1,0,1,1,0,0,1,0,12192.0,2,1,1,1,0,0,1,0,8.1,270.4,0,0,0,0,0,1
36600,0.0,0.0,0,0,1,0,0.356,0.0,0,0,1,0,3.225,1.062,1,33.41,0,0,1,1,0,1,1,0,0,1,0,12192.0,2,1,1,1,0,0,1,0,8.1,267.9,0,0,0,0,0,1
36700,0.0,0.0,0,0,1,0,0.356,0.0,0,0,1,0,3.336,1.11,1,33.53,0,0,1,1,0,1,1,0,0,1,0,12192.0,2,1,1,1,0,0,1,0,6.8,271.4,0,0,0,0,0,1
36800,0.0,0.0,0,0,1,0,0.356,0.0,0,0,1,0,3.451,1.159,1,33.37,0,0,1,1,0,1,1,0,0,1,0,12192.0,2,1,1,1,0,0,1,0,8.9,269.3,0,0,0,0,0,1
36900,0.0,0.0,0,0,1,0,0.356,0.0,0,0,1,0,3.572,1.207,1,33.47,0,0,1,1,0,1,1,0,0,1,0,12192.0,2,1,1,1,0,0,1,0,9.3,268.8,0,0,0,0,0,1
37000,0.0,0.0,0,0,1,0,0.356,0.0,0,0,1,0,3.698,1.255,1,33.67,0,0,1,1,0,1,1,0,0,1,0,12192.0,2,1,1,1,0,0,1,0,9.2,268.4,0,0,0,0,0,1
37100,0.0,0.0,0,0,1,0,0.356,0.0,0,0,1,0,3.827,1.29,1,33.54,0,0,1,1,0,1,1,0,0,1,0,12192.0,2,1,1,1,0,0,1,0,8.4,271.3,0,0,0,0,0,1
37200,0.0,0.0,0,0,1,0,0.356,0.0,0,0,1,0,3.956,1.29,1,33.69,0,0,1,1,0,1,1,0,0,1,0,12192.0,2,1,1,1,0,0,1,0,8.9,274.0,0,0,0,0,0,1
37300,0.0,0.0,0,0,1,0,0.356,0.0,0,0,1,0,4.085,1.29,1,33.62,0,0,1,1,0,1,1,0,0,1,0,12192.0,2,1,1,1,0,0,1,0,8.3,271.8,0,0,0,0,0,1
37400,0.0,0.0,0,0,1,0,0.356,0.0,0,0,1,0,4.213,1.29,1,33.3,0,0,1,1,0,1,1,0,0,1,0,12192.0,2,1,1,1,0,0,1,0,8.4,273.9,0,0,0,0,0,1
37500,0.0,0.0,0,0,1,0,0.356,0.0,0,0,1,0,4.342,1.29,1,33.63,0,0,1,1,0,1,1,0,0,1,0,12192.0,2,1,1,1,0,0,1,0,7.3,269.1,0,0,0,0,0,1
37600,0.0,0.0,0,0,1,0,0.356,0.0,0,0,1,0,4.471,1.29,1,33.7,0,0,1,1,0,1,1,0,0,1,0,12192.0,2,1,1,1,0,0,1,0,8.2,271.3,0,0,0,0,0,1
37700,0.0,0.0,0,0,1,0,0.356,0.0,0,0,1,0,4.6,1.29,1,33.55,0,0,1,1,0,1,1,0,0,1,0,12192.0,2,1,1,1,0,0,1,0,8.3,269.9,0,0,0,0,0,1
37800,0.0,0.0,0,0,1,0,0.356,0.0,0,0,1,0,4.729,1.29,1,33.69,0,0,1,1,0,1,1,0,0,1,0,12192.0,2,1,1,1,0,0,1,0,8.1,270.3,0,0,0,0,0,1
37900,0.0,0.0,0,0,1,0,0.356,0.0,0,0,1,0,4.858,1.29,1,33.53,0,0,1,1,0,1,1,0,0,1,0,12192.0,2,1,1,1,0,0,1,0,9.1,269.2,0,0,0,0,0,1
38000,0.0,0.0,0,0,1,0,0.356,0.0,0,0,1,0,4.987,1.29,1,33.51,0,0,1,1,0,1,1,0,0,1,0,12192.0,2,1,1,1,0,0,1,0,8.0,271.3,0,0,0,0,0,1
38100,0.0,0.0,0,0,1,0,0.356,0.0,0,0,1,0,5.116,1.29,1,33.34,0,0,1,1,0,1,1,0,0,1,0,12192.0,2,1,1,1,0,0,1,0,8.5,271.5,0,0,0,0,0,1
38200,0.0,0.0,0,0,1,0,0.356,0.0,0,0,1,0,5.245,1.29,1,33.54,0,0,1,1,0,1,1,0,0,1,0,12192.0,2,1,1,1,0,0,1,0,8.0,272.6,0,0,0,0,0,1
38300,0.0,0.0,0,0,1,0,0.356,0.0,0,0,1,0,5.374,1.29,1,33.53,0,0,1,1,0,1,1,0,0,1,0,12192.0,2,1,1,1,0,0,1,0,8.9,271.9,0,0,0,0,0,1
38400,0.0,0.0,0,0,1,0,0.356,0.0,0,0,1,0,5.503,1.29,1,33.43,0,0,1,1,0,1,1,0,0,1,0,12192.0,2,1,1,1,0,0,1,0,9.0,273.0,0,0,0,0,0,1
38500,0.0,0.0,0,0,1,0,0.356,0.0,0,0,1,0,5.632,1.29,1,33.56,0,0,1,1,0,1,1,0,0,1,0,12192.0,2,1,1,1,0,0,1,0,9.1,268.8,0,0,0,0,0,1
38600,0.0,0.0,0,0,1,0,0.356,0.0,0,0,1,0,5.761,1.29,1,33.56,0,0,1,1,0,1,1,0,0,1,0,12192.0,2,1,1,1,0,0,1,0,7.9,271.9,0,0,0,0,0,1
38700,0.0,0.0,0,0,1,0,0.356,0.0,0,0,1,0,5.89,1.29,1,33.47,0,0,1,1,0,1,1,0,0,1,0,12192.0,2,1,1,1,0,0,1,0,8.0,269.9,0,0,0,0,0,1
38800,0.0,0.0,0,0,1,0,0.356,0.0,0,0,1,0,6.019,1.29,1,33.51,0,0,1,1,0,1,1,0,0,1,0,12192.0,2,1,1,1,0,0,1,0,8.3,271.3,0,0,0,0,0,1
38900,0.0,0.0,0,0,1,0,0.356,0.0,0,0,1,0,6.148,1.29,1,33.52,0,0,1,1,0,1,1,0,0,1,0,12192.0,2,1,1,1,0,0,1,0,8.9,269.7,0,0,0,0,0,1
39000,0.0,0.0,0,0,1,0,0.356,0.0,0,0,1,0,6.277,1.29,1,33.53,0,0,1,1,0,1,1,0,0,1,0,12192.0,2,1,1,1,0,0,1,0,8.3,270.0,0,0,0,0,0,1
39100,0.0,0.0,0,0,1,0,0.356,0.0,0,0,1,0,6.406,1.29,1,33.66,0,0,1,1,0,1,1,0,0,1,0,12192.0,2,1,1,1,0,0,1,0,7.6,270.2,0,0,0,0,0,1
39200,0.0,0.0,0,0,1,0,0.356,0.0,0,0,1,0,6.535,1.29,1,33.65,0,0,1,1,0,1,1,0,0,1,0,12192.0,2,1,1,1,0,0,1,0,7.8,268.8,0,0,0,0,0,1
39300,0.0,0.0,0,0,1,0,0.356,0.0,0,0,1,0,6.664,1.29,1,33.53,0,0,1,1,0,1,1,0,0,1,0,12192.0,2,1,1,1,0,0,1,0,8.3,269.0,0,0,0,0,0,1
39400,0.0,0.0,0,0,1,0,0.356,0.0,0,0,1,0,6.793,1.29,1,33.86,0,0,1,1,0,1,1,0,0,1,0,12192.0,2,1,1,1,0,0,1,0,8.9,271.7,0,0,0,0,0,1
39500,0.0,0.0,0,0,1,0,0.356,0.0,0,0,1,0,6.922,1.29,1,33.47,0,0,1,1,0,1,1,0,0,1,0,12192.0,2,1,1,1,0,0,1,0,8.1,276.6,0,0,0,0,0,1
39600,0.0,0.0,0,0,1,0,0.356,0.0,0,0,1,0,7.051,1.29,1,33.41,0,0,1,1,0,1,1,0,0,1,0,12192.0,2,1,1,1,0,0,1,0,8.0,272.8,0,0,0,0,0,1
39700,0.0,0.0,0,0,1,0,0.356,0.0,0,0,1,0,7.18,1.29,1,33.79,0,0,1,1,0,1,1,0,0,1,0,12192.0,2,1,1,1,0,0,1,0,8.3,267.5,0,0,0,0,0,1
39800,0.0,0.0,0,0,1,0,0.356,0.0,0,0,1,0,7.309,1.29,1,33.52,0,0,1,1,0,1,1,0,0,1,0,12192.0,2,1,1,1,0,0,1,0,8.1,271.5,0,0,0,0,0,1
39900,0.0,0.0,0,0,1,0,0.356,0.0,0,0,1,0,7.438,1.29,1,33.74,0,0,1,1,0,1,1,0,0,1,0,12192.0,2,1,1,1,0,0,1,0,8.0,274.1,0,0,0,0,0,1
40000,0.0,0.0,0,0,1,0,0.356,0.0,0,0,1,0,7.567,1.29,1,33.47,0,0,1,1,0,1,1,0,0,1,0,12192.0,2,1,1,1,0,0,1,0,8.5,269.5,0,0,0,0,0,1
40100,0.0,0.0,0,0,1,0,0.356,0.0,0,0,1,0,7.696,1.29,1,33.53,0,0,1,1,0,1,1,0,0,1,0,12192.0,2,1,1,1,0,0,1,0,8.0,269.7,0,0,0,0,0,1
40200,0.0,0.0,0,0,1,0,0.356,0.0,0,0,1,0,7.825,1.29,1,33.65,0,0,1,1,0,1,1,0,0,1,0,12192.0,2,1,1,1,0,0,1,0,8.0,268.0,0,0,0,0,0,1
40300,0.0,0.0,0,0,1,0,0.356,0.0,0,0,1,0,7.954,1.29,1,33.56,0,0,1,1,0,1,1,0,0,1,0,12192.0,2,1,1,1,0,0,1,0,7.9,269.3,0,0,0,0,0,1
40400,0.0,0.0,0,0,1,0,0.356,0.0,0,0,1,0,8.083,1.29,1,33.81,0,0,1,1,0,1,1,0,0,1,0,12192.0,2,1,1,1,0,0,1,0,8.3,267.4,0,0,0,0,0,1
40500,0.0,0.0,0,0,1,0,0.356,0.0,0,0,1,0,8.212,1.29,1,33.62,0,0,1,1,0,1,1,0,0,1,0,12192.0,2,1,1,1,0,0,1,0,8.0,268.4,0,0,0,0,0,1
40600,0.0,0.0,0,0,1,0,0.356,0.0,0,0,1,0,8.341,1.29,1,33.61,0,0,1,1,0,1,1,0,0,1,0,12192.0,2,1,1,1,0,0,1,0,8.2,270.5,0,0,0,0,0,1
40700,0.0,0.0,0,0,1,0,0.356,0.0,0,0,1,0,8.47,1.29,1,33.42,0,0,1,1,0,1,1,0,0,1,0,12192.0,2,1,1,1,0,0,1,0,7.9,265.6,0,0,0,0,0,1
40800,0.0,0.0,0,0,1,0,0.356,0.0,0,0,1,0,8.599,1.29,1,33.52,0,0,1,1,0,1,1,0,0,1,0,12192.0,2,1,1,1,0,0,1,0,7.7,267.1,0,0,0,0,0,1
40900,0.0,0.0,0,0,1,0,0.356,0.0,0,0,1,0,8.728,1.29,1,33.45,0,0,1,1,0,1,1,0,0,1,0,12192.0,2,1,1,1,0,0,1,0,7.8,267.0,0,0,0,0,0,1
41000,0.0,0.0,0,0,1,0,0.356,0.0,0,0,1,0,8.857,1.29,1,33.66,0,0,1,1,0,1,1,0,0,1,0,12192.0,2,1,1,1,0,0,1,0,6.8,266.1,0,0,0,0,0,1
41100,0.0,0.0,0,0,1,0,0.356,0.0,0,0,1,0,8.986,1.29,1,33.59,0,0,1,1,0,1,1,0,0,1,0,12192.0,2,1,1,1,0,0,1,0,7.6,270.9,0,0,0,0,0,1
41200,0.0,0.0,0,0,1,0,0.356,0.0,0,0,1,0,9.115,1.29,1,33.57,0,0,1,1,0,1,1,0,0,1,0,12192.0,2,1,1,1,0,0,1,0,6.8,269.3,0,0,0,0,0,1
41300,0.0,0.0,0,0,1,0,0.356,0.0,0,0,1,0,9.244,1.29,1,33.58,0,0,1,1,0,1,1,0,0,1,0,12192.0,2,1,1,1,0,0,1,0,7.9,269.3,0,0,0,0,0,1
41400,0.0,0.0,0,0,1,0,0.356,0.0,0,0,1,0,9.373,1.29,1,33.45,0,0,1,1,0,1,1,0,0,1,0,12192.0,2,1,1,1,0,0,1,0,6.9,263.5,0,0,0,0,0,1
41500,0.0,0.0,0,0,1,0,0.356,0.0,0,0,1,0,9.502,1.29,1,33.71,0,0,1,1,0,1,1,0,0,1,0,12192.0,2,1,1,1,0,0,1,0,7.5,272.4,0,0,0,0,0,1
41600,0.0,0.0,0,0,1,0,0.356,0.0,0,0,1,0,9.631,1.29,1,33.45,0,0,1,1,0,1,1,0,0,1,0,12192.0,2,1,1,1,0,0,1,0,7.5,270.2,0,0,0,0,0,1
41700,0.0,0.0,0,0,1,0,0.356,0.0,0,0,1,0,9.76,1.29,1,33.68,0,0,1,1,0,1,1,0,0,1,0,12192.0,2,1,1,1,0,0,1,0,7.2,272.2,0,0,0,0,0,1
41800,0.0,0.0,0,0,1,0,0.356,0.0,0,0,1,0,9.889,1.29,1,33.63,0,0,1,1,0,1,1,0,0,1,0,12192.0,2,1,1,1,0,0,1,0,7.3,268.1,0,0,0,0,0,1
41900,0.0,0.0,0,0,1,0,0.356,0.0,0,0,1,0,10.018,1.29,1,33.71,0,0,1,1,0,1,1,0,0,1,0,12192.0,2,1,1,1,0,0,1,0,6.8,266.7,0,0,0,0,0,1
42000,0.0,0.0,0,0,1,0,0.356,0.0,0,0,1,0,10.147,1.29,1,33.56,0,0,1,1,0,1,1,0,0,1,0,12192.0,2,1,1,1,0,0,1,0,8.0,271.4,0,0,0,0,0,1
42100,0.0,0.0,0,0,1,0,0.356,0.0,0,0,1,0,10.276,1.29,1,33.65,0,0,1,1,0,1,1,0,0,1,0,12192.0,2,1,1,1,0,0,1,0,7.5,269.4,0,0,0,0,0,1
42200,0.0,0.0,0,0,1,0,0.356,0.0,0,0,1,0,10.405,1.29,1,33.54,0,0,1,1,0,1,1,0,0,1,0,12192.0,2,1,1,1,0,0,1,0,7.0,267.2,0,0,0,0,0,1
42300,0.0,0.0,0,0,1,0,0.356,0.0,0,0,1,0,10.534,1.29,1,33.49,0,0,1,1,0,1,1,0,0,1,0,12192.0,2,1,1,1,0,0,1,0,7.2,269.0,0,0,0,0,0,1
42400,0.0,0.0,0,0,1,0,0.356,0.0,0,0,1,0,10.663,1.29,1,33.55,0,0,1,1,0,1,1,0,0,1,0,12192.0,2,1,1,1,0,0,1,0,8.2,274.0,0,0,0,0,0,1
42500,0.0,0.0,0,0,1,0,0.356,0.0,0,0,1,0,10.792,1.29,1,33.46,0,0,1,1,0,1,1,0,0,1,0,12192.0,2,1,1,1,0,0,1,0,7.8,266.7,0,0,0,0,0,1
42600,0.0,0.0,0,0,1,0,0.356,0.0,0,0,1,0,10.921,1.29,1,33.59,0,0,1,1,0,1,1,0,0,1,0,12192.0,2,1,1,1,0,0,1,0,6.9,267.6,0,0,0,0,0,1
42700,0.0,0.0,0,0,1,0,0.356,0.0,0,0,1,0,11.049,1.29,1,33.42,0,0,1,1,0,1,1,0,0,1,0,12192.0,2,1,1,1,0,0,1,0,8.1,264.7,0,0,0,0,0,1
42800,0.0,0.0,0,0,1,0,0.356,0.0,0,0,1,0,11.178,1.29,1,33.62,0,0,1,1,0,1,1,0,0,1,0,12192.0,2,1,1,1,0,0,1,0,7.3,267.0,0,0,0,0,0,1
42900,0.0,0.0,0,0,1,0,0.356,0.0,0,0,1,0,11.307,1.29,1,33.87,0,0,1,1,0,1,1,0,0,1,0,12192.0,2,1,1,1,0,0,1,0,7.2,269.1,0,0,0,0,0,1
43000,0.0,0.0,0,0,1,0,0.356,0.0,0,0,1,0,11.436,1.29,1,33.54,0,0,1,1,0,1,1,0,0,1,0,12192.0,2,1,1,1,0,0,1,0,7.0,268.5,0,0,0,0,0,1
43100,0.0,0.0,0,0,1,0,0.356,0.0,0,0,1,0,11.565,1.29,1,33.49,0,0,1,1,0,1,1,0,0,1,0,12192.0,2,1,1,1,0,0,1,0,7.7,265.8,0,0,0,0,0,1
43200,0.0,0.0,0,0,1,0,0.356,0.0,0,0,1,0,11.694,1.29,1,33.62,0,0,1,1,0,1,1,0,0,1,0,12192.0,2,1,1,1,0,0,1,0,7.4,269.1,0,0,0,0,0,1
43300,0.0,0.0,0,0,1,0,0.356,0.0,0,0,1,0,11.823,1.29,1,33.44,0,0,1,1,0,1,1,0,0,1,0,12192.0,2,1,1,1,0,0,1,0,7.6,272.7,0,0,0,0,0,1
43400,0.0,0.0,0,0,1,0,0.356,0.0,0,0,1,0,11.952,1.29,1,33.41,0,0,1,1,0,1,1,0,0,1,0,12192.0,2,1,1,1,0,0,1,0,7.4,275.8,0,0,0,0,0,1
43500,0.0,0.0,0,0,1,0,0.356,0.0,0,0,1,0,12.081,1.29,1,33.55,0,0,1,1,0,1,1,0,0,1,0,12192.0,2,1,1,1,0,0,1,0,7.2,266.4,0,0,0,0,0,1
43600,0.0,0.0,0,0,1,0,0.356,0.0,0,0,1,0,12.21,1.29,1,33.65,0,0,1,1,0,1,1,0,0,1,0,12192.0,2,1,1,1,0,0,1,0,7.8,268.9,0,0,0,0,0,1
43700,0.0,0.0,0,0,1,0,0.356,0.0,0,0,1,0,12.339,1.29,1,33.7,0,0,1,1,0,1,1,0,0,1,0,12192.0,2,1,1,1,0,0,1,0,7.3,273.2,0,0,0,0,0,1
43800,0.0,0.0,0,0,1,0,0.356,0.0,0,0,1,0,12.468,1.29,1,33.66,0,0,1,1,0,1,1,0,0,1,0,12192.0,2,1,1,1,0,0,1,0,7.4,266.4,0,0,0,0,0,1
43900,0.0,0.0,0,0,1,0,0.356,0.0,0,0,1,0,12.597,1.29,1,33.5,0,0,1,1,0,1,1,0,0,1,0,12192.0,2,1,1,1,0,0,1,0,8.6,269.8,0,0,0,0,0,1
44000,0.0,0.0,0,0,1,0,0.356,0.0,0,0,1,0,12.726,1.29,1,33.51,0,0,1,1,0,1,1,0,0,1,0,12192.0,2,1,1,1,0,0,1,0,7.3,270.4,0,0,0,0,0,1
44100,0.0,0.0,0,0,1,0,0.356,0.0,0,0,1,0,12.855,1.29,1,33.47,0,0,1,1,0,1,1,0,0,1,0,12192.0,2,1,1,1,0,0,1,0,7.8,270.9,0,0,0,0,0,1
44200,0.0,0.0,0,0,1,0,0.356,0.0,0,0,1,0,12.984,1.29,1,33.53,0,0,1,1,0,1,1,0,0,1,0,12192.0,2,1,1,1,0,0,1,0,8.2,272.6,0,0,0,0,0,1
44300,0.0,0.0,0,0,1,0,0.356,0.0,0,0,1,0,13.113,1.29,1,33.5,0,0,1,1,0,1,1,0,0,1,0,12192.0,2,1,1,1,0,0,1,0,8.0,269.9,0,0,0,0,0,1
44400,0.0,0.0,0,0,1,0,0.356,0.0,0,0,1,0,13.242,1.29,1,33.38,0,0,1,1,0,1,1,0,0,1,0,12192.0,2,1,1,1,0,0,1,0,8.0,271.2,0,0,0,0,0,1
44500,0.0,0.0,0,0,1,0,0.356,0.0,0,0,1,0,13.371,1.29,1,33.42,0,0,1,1,0,1,1,0,0,1,0,12192.0,2,1,1,1,0,0,1,0,8.3,267.1,0,0,0,0,0,1
44600,0.0,0.0,0,0,1,0,0.356,0.0,0,0,1,0,13.5,1.29,1,33.68,0,0,1,1,0,1,1,0,0,1,0,12192.0,2,1,1,1,0,0,1,0,7.7,271.5,0,0,0,0,0,1
44700,0.0,0.0,0,0,1,0,0.356,0.0,0,0,1,0,13.629,1.29,1,33.7,0,0,1,1,0,1,1,0,0,1,0,12192.0,2,1,1,1,0,0,1,0,8.1,268.3,0,0,0,0,0,1
44800,0.0,0.0,0,0,1,0,0.356,0.0,0,0,1,0,13.758,1.29,1,33.6,0,0,1,1,0,1,1,0,0,1,0,12192.0,2,1,1,1,0,0,1,0,8.2,273.9,0,0,0,0,0,1
44900,0.0,0.0,0,0,1,0,0.356,0.0,0,0,1,0,13.887,1.29,1,33.72,0,0,1,1,0,1,1,0,0,1,0,12192.0,2,1,1,1,0,0,1,0,7.8,272.9,0,0,0,0,0,1
45000,0.0,0.0,0,0,1,0,0.356,0.0,0,0,1,0,14.016,1.29,1,33.54,0,0,1,1,0,1,1,0,0,1,0,12192.0,2,1,1,1,0,0,1,0,7.7,272.8,0,0,0,0,0,1
45100,0.0,0.0,0,0,1,0,0.356,0.0,0,0,1,0,14.145,1.29,1,33.5,0,0,1,1,0,1,1,0,0,1,0,12192.0,2,1,1,1,0,0,1,0,7.2,267.4,0,0,0,0,0,1
45200,0.0,0.0,0,0,1,0,0.356,0.0,0,0,1,0,14.274,1.29,1,33.82,0,0,1,1,0,1,1,0,0,1,0,12192.0,2,1,1,1,0,0,1,0,7.7,271.2,0,0,0,0,0,1
45300,0.0,0.0,0,0,1,0,0.356,0.0,0,0,1,0,14.403,1.29,1,33.48,0,0,1,1,0,1,1,0,0,1,0,12192.0,2,1,1,1,0,0,1,0,8.4,271.9,0,0,0,0,0,1
45400,0.0,0.0,0,0,1,0,0.356,0.0,0,0,1,0,14.532,1.29,1,34.03,0,0,1,1,0,1,1,0,0,1,0,12192.0,2,1,1,1,0,0,1,0,9.1,270.0,0,0,0,0,0,1
45500,0.0,0.0,0,0,1,0,0.356,0.0,0,0,1,0,14.661,1.29,1,33.63,0,0,1,1,0,1,1,0,0,1,0,12192.0,2,1,1,1,0,0,1,0,8.3,268.3,0,0,0,0,0,1
45600,0.0,0.0,0,0,1,0,0.356,0.0,0,0,1,0,14.79,1.29,1,33.51,0,0,1,1,0,1,1,0,0,1,0,12192.0,2,1,1,1,0,0,1,0,8.2,270.1,0,0,0,0,0,1
45700,0.0,0.0,0,0,1,0,0.356,0.0,0,0,1,0,14.919,1.29,1,33.65,0,0,1,1,0,1,1,0,0,1,0,12192.0,2,1,1,1,0,0,1,0,9.2,271.4,0,0,0,0,0,1
45800,0.0,0.0,0,0,1,0,0.356,0.0,0,0,1,0,15.048,1.29,1,33.62,0,0,1,1,0,1,1,0,0,1,0,12192.0,2,1,1,1,0,0,1,0,8.5,271.8,0,0,0,0,0,1
45900,0.0,0.0,0,0,1,0,0.356,0.0,0,0,1,0,15.177,1.29,1,33.72,0,0,1,1,0,1,1,0,0,1,0,12192.0,2,1,1,1,0,0,1,0,9.0,272.1,0,0,0,0,0,1
46000,0.0,0.0,0,0,1,0,0.356,0.0,0,0,1,0,15.306,1.29,1,33.8,0,0,1,1,0,1,1,0,0,1,0,12192.0,2,1,1,1,0,0,1,0,7.6,271.4,0,0,0,0,0,1
46100,0.0,0.0,0,0,1,0,0.356,0.0,0,0,1,0,15.435,1.29,1,33.62,0,0,1,1,0,1,1,0,0,1,0,12192.0,2,1,1,1,0,0,1,0,8.6,267.4,0,0,0,0,0,1
46200,0.0,0.0,0,0,1,0,0.356,0.0,0,0,1,0,15.564,1.29,1,33.63,0,0,1,1,0,1,1,0,0,1,0,12192.0,2,1,1,1,0,0,1,0,9.4,274.9,0,0,0,0,0,1
46300,0.0,0.0,0,0,1,0,0.356,0.0,0,0,1,0,15.693,1.29,1,33.49,0,0,1,1,0,1,1,0,0,1,0,12192.0,2,1,1,1,0,0,1,0,8.6,272.2,0,0,0,0,0,1
46400,0.0,0.0,0,0,1,0,0.356,0.0,0,0,1,0,15.822,1.29,1,33.72,0,0,1,1,0,1,1,0,0,1,0,12192.0,2,1,1,1,0,0,1,0,8.3,274.6,0,0,0,0,0,1
46500,0.0,0.0,0,0,1,0,0.356,0.0,0,0,1,0,15.951,1.29,1,33.43,0,0,1,1,0,1,1,0,0,1,0,12192.0,2,1,1,1,0,0,1,0,8.6,267.8,0,0,0,0,0,1
46600,0.0,0.0,0,0,1,0,0.356,0.0,0,0,1,0,16.08,1.29,1,33.57,0,0,1,1,0,1,1,0,0,1,0,12192.0,2,1,1,1,0,0,1,0,8.4,273.0,0,0,0,0,0,1
46700,0.0,0.0,0,0,1,0,0.356,0.0,0,0,1,0,16.209,1.29,1,33.75,0,0,1,1,0,1,1,0,0,1,0,12192.0,2,1,1,1,0,0,1,0,8.5,268.8,0,0,0,0,0,1
46800,0.0,0.0,0,0,1,0,0.356,0.0,0,0,1,0,16.338,1.29,1,33.61,0,0,1,1,0,1,1,0,0,1,0,12192.0,2,1,1,1,0,0,1,0,8.7,267.8,0,0,0,0,0,1
46900,0.0,0.0,0,0,1,0,0.356,0.0,0,0,1,0,16.467,1.29,1,33.4,0,0,1,1,0,1,1,0,0,1,0,12192.0,2,1,1,1,0,0,1,0,8.4,271.6,0,0,0,0,0,1
47000,0.0,0.0,0,0,1,0,0.356,0.0,0,0,1,0,16.596,1.29,1,33.59,0,0,1,1,0,1,1,0,0,1,0,12192.0,2,1,1,1,0,0,1,0,8.0,270.1,0,0,0,0,0,1
47100,0.0,0.0,0,0,1,0,0.356,0.0,0,0,1,0,16.725,1.29,1,33.49,0,0,1,1,0,1,1,0,0,1,0,12192.0,2,1,1,1,0,0,1,0,8.7,269.7,0,0,0,0,0,1
47200,0.0,0.0,0,0,1,0,0.356,0.0,0,0,1,0,16.854,1.29,1,33.59,0,0,1,1,0,1,1,0,0,1,0,12192.0,2,1,1,1,0,0,1,0,7.4,271.0,0,0,0,0,0,1
47300,0.0,0.0,0,0,1,0,0.356,0.0,0,0,1,0,16.983,1.29,1,33.59,0,0,1,1,0,1,1,0,0,1,0,12192.0,2,1,1,1,0,0,1,0,8.4,267.2,0,0,0,0,0,1
47400,0.0,0.0,0,0,1,0,0.356,0.0,0,0,1,0,17.112,1.29,1,33.49,0,0,1,1,0,1,1,0,0,1,0,12192.0,2,1,1,1,0,0,1,0,8.5,268.4,0,0,0,0,0,1
47500,0.0,0.0,0,0,1,0,0.356,0.0,0,0,1,0,17.241,1.29,1,33.72,0,0,1,1,0,1,1,0,0,1,0,12192.0,2,1,1,1,0,0,1,0,8.8,267.4,0,0,0,0,0,1
47600,0.0,0.0,0,0,1,0,0.356,0.0,0,0,1,0,17.37,1.29,1,33.43,0,0,1,1,0,1,1,0,0,1,0,12192.0,2,1,1,1,0,0,1,0,8.9,270.3,0,0,0,0,0,1
47700,0.0,0.0,0,0,1,0,0.356,0.0,0,0,1,0,17.499,1.29,1,33.45,0,0,1,1,0,1,1,0,0,1,0,12192.0,2,1,1,1,0,0,1,0,9.1,272.5,0,0,0,0,0,1
47800,0.0,0.0,0,0,1,0,0.356,0.0,0,0,1,0,17.628,1.29,1,33.55,0,0,1,1,0,1,1,0,0,1,0,12192.0,2,1,1,1,0,0,1,0,8.3,271.5,0,0,0,0,0,1
47900,0.0,0.0,0,0,1,0,0.356,0.0,0,0,1,0,17.757,1.29,1,33.67,0,0,1,1,0,1,1,0,0,1,0,12192.0,2,1,1,1,0,0,1,0,7.9,273.0,0,0,0,0,0,1
48000,0.0,0.0,0,0,1,0,0.356,0.0,0,0,1,0,17.885,1.29,1,33.72,0,0,1,1,0,1,1,0,0,1,0,12192.0,2,1,1,1,0,0,1,0,9.1,267.7,0,0,0,0,0,1
48100,0.0,0.0,0,0,1,0,0.356,0.0,0,0,1,0,18.014,1.29,1,33.46,0,0,1,1,0,1,1,0,0,1,0,12192.0,2,1,1,1,0,0,1,0,8.8,269.7,0,0,0,0,0,1
48200,0.0,0.0,0,0,1,0,0.356,0.0,0,0,1,0,18.143,1.29,1,33.5,0,0,1,1,0,1,1,0,0,1,0,12192.0,2,1,1,1,0,0,1,0,8.3,270.4,0,0,0,0,0,1
48300,0.0,0.0,0,0,1,0,0.356,0.0,0,0,1,0,18.272,1.29,1,33.65,0,0,1,1,0,1,1,0,0,1,0,12192.0,2,1,1,1,0,0,1,0,7.7,268.4,0,0,0,0,0,1
48400,0.0,0.0,0,0,1,0,0.356,0.0,0,0,1,0,18.401,1.29,1,33.66,0,0,1,1,0,1,1,0,0,1,0,12192.0,2,1,1,1,0,0,1,0,8.2,272.3,0,0,0,0,0,1
48500,0.0,0.0,0,0,1,0,0.356,0.0,0,0,1,0,18.53,1.29,1,33.54,0,0,1,1,0,1,1,0,0,1,0,12192.0,2,1,1,1,0,0,1,0,8.3,270.8,0,0,0,0,0,1
48600,0.0,0.0,0,0,1,0,0.356,0.0,0,0,1,0,18.659,1.29,1,33.64,0,0,1,1,0,1,1,0,0,1,0,12192.0,2,1,1,1,0,0,1,0,9.0,266.2,0,0,0,0,0,1
48700,0.0,0.0,0,0,1,0,0.356,0.0,0,0,1,0,18.788,1.29,1,33.69,0,0,1,1,0,1,1,0,0,1,0,12192.0,2,1,1,1,0,0,1,0,7.8,268.3,0,0,0,0,0,1
48800,0.0,0.0,0,0,1,0,0.356,0.0,0,0,1,0,18.917,1.29,1,33.72,0,0,1,1,0,1,1,0,0,1,0,12192.0,2,1,1,1,0,0,1,0,7.9,270.4,0,0,0,0,0,1
48900,0.0,0.0,0,0,1,0,0.356,0.0,0,0,1,0,19.046,1.29,1,33.49,0,0,1,1,0,1,1,0,0,1,0,12192.0,2,1,1,1,0,0,1,0,8.0,273.5,0,0,0,0,0,1
49000,0.0,0.0,0,0,1,0,0.356,0.0,0,0,1,0,19.175,1.29,1,33.55,0,0,1,1,0,1,1,0,0,1,0,12192.0,2,1,1,1,0,0,1,0,8.6,266.2,0,0,0,0,0,1
49100,0.0,0.0,0,0,1,0,0.356,0.0,0,0,1,0,19.304,1.29,1,33.58,0,0,1,1,0,1,1,0,0,1,0,12192.0,2,1,1,1,0,0,1,0,7.3,271.6,0,0,0,0,0,1
49200,0.0,0.0,0,0,1,0,0.356,0.0,0,0,1,0,19.433,1.29,1,33.65,0,0,1,1,0,1,1,0,0,1,0,12192.0,2,1,1,1,0,0,1,0,8.2,269.6,0,0,0,0,0,1
49300,0.0,0.0,0,0,1,0,0.356,0.0,0,0,1,0,19.562,1.29,1,33.63,0,0,1,1,0,1,1,0,0,1,0,12192.0,2,1,1,1,0,0,1,0,8.8,268.4,0,0,0,0,0,1
49400,0.0,0.0,0,0,1,0,0.356,0.0,0,0,1,0,19.691,1.29,1,33.41,0,0,1,1,0,1,1,0,0,1,0,12192.0,2,1,1,1,0,0,1,0,7.8,272.2,0,0,0,0,0,1
49500,0.0,0.0,0,0,1,0,0.356,0.0,0,0,1,0,19.82,1.29,1,33.49,0,0,1,1,0,1,1,0,0,1,0,12192.0,2,1,1,1,0,0,1,0,7.9,273.6,0,0,0,0,0,1
49600,0.0,0.0,0,0,1,0,0.356,0.0,0,0,1,0,19.949,1.29,1,33.64,0,0,1,1,0,1,1,0,0,1,0,12192.0,2,1,1,1,0,0,1,0,7.6,270.0,0,0,0,0,0,1
49700,0.0,0.0,0,0,1,0,0.356,0.0,0,0,1,0,20.078,1.29,1,33.45,0,0,1,1,0,1,1,0,0,1,0,12192.0,2,1,1,1,0,0,1,0,7.9,271.1,0,0,0,0,0,1
49800,0.0,0.0,0,0,1,0,0.356,0.0,0,0,1,0,20.207,1.29,1,33.66,0,0,1,1,0,1,1,0,0,1,0,12192.0,2,1,1,1,0,0,1,0,8.1,267.4,0,0,0,0,0,1
49900,0.0,0.0,0,0,1,0,0.356,0.0,0,0,1,0,20.336,1.29,1,33.59,0,0,1,1,0,1,1,0,0,1,0,12192.0,2,1,1,1,0,0,1,0,7.5,266.9,0,0,0,0,0,1
50000,0.0,0.0,0,0,1,0,0.356,0.0,0,0,1,0,20.465,1.29,1,33.34,0,0,1,1,0,1,1,0,0,1,0,12192.0,2,1,1,1,0,0,1,0,7.4,270.5,0,0,0,0,0,1
50100,0.0,0.0,0,0,1,0,0.356,0.0,0,0,1,0,20.594,1.29,1,33.68,0,0,1,1,0,1,1,0,0,1,0,12192.0,2,1,1,1,0,0,1,0,7.3,269.5,0,0,0,0,0,1
50200,0.0,0.0,0,0,1,0,0.356,0.0,0,0,1,0,20.723,1.29,1,33.45,0,0,1,1,0,1,1,0,0,1,0,12192.0,2,1,1,1,0,0,1,0,8.0,268.5,0,0,0,0,0,1
50300,0.0,0.0,0,0,1,0,0.356,0.0,0,0,1,0,20.852,1.29,1,33.59,0,0,1,1,0,1,1,0,0,1,0,12192.0,2,1,1,1,0,0,1,0,7.4,275.2,0,0,0,0,0,1
50400,0.0,0.0,0,0,1,0,0.356,0.0,0,0,1,0,20.981,1.29,1,33.58,0,0,1,1,0,1,1,0,0,1,0,12192.0,2,1,1,1,0,0,1,0,7.6,272.0,0,0,0,0,0,1
50500,0.0,0.0,0,0,1,0,0.356,0.0,0,0,1,0,21.11,1.29,1,33.73,0,0,1,1,0,1,1,0,0,1,0,12192.0,2,1,1,1,0,0,1,0,7.8,269.8,0,0,0,0,0,1
50600,0.0,0.0,0,0,1,0,0.356,0.0,0,0,1,0,21.239,1.29,1,33.45,0,0,1,1,0,1,1,0,0,1,0,12192.0,2,1,1,1,0,0,1,0,7.2,269.1,0,0,0,0,0,1
50700,0.0,0.0,0,0,1,0,0.356,0.0,0,0,1,0,21.368,1.29,1,33.41,0,0,1,1,0,1,1,0,0,1,0,12192.0,2,1,1,1,0,0,1,0,8.0,270.6,0,0,0,0,0,1
50800,0.0,0.0,0,0,1,0,0.356,0.0,0,0,1,0,21.497,1.29,1,33.56,0,0,1,1,0,1,1,0,0,1,0,12192.0,2,1,1,1,0,0,1,0,7.6,273.3,0,0,0,0,0,1
50900,0.0,0.0,0,0,1,0,0.356,0.0,0,0,1,0,21.626,1.29,1,33.65,0,0,1,1,0,1,1,0,0,1,0,12192.0,2,1,1,1,0,0,1,0,7.2,272.4,0,0,0,0,0,1
51000,0.0,0.0,0,0,1,0,0.356,0.0,0,0,1,0,21.755,1.29,1,33.49,0,0,1,1,0,1,1,0,0,1,0,12192.0,2,1,1,1,0,0,1,0,6.8,268.2,0,0,0,0,0,1
51100,0.0,0.0,0,0,1,0,0.356,0.0,0,0,1,0,21.884,1.29,1,33.5,0,0,1,1,0,1,1,0,0,1,0,12192.0,2,1,1,1,0,0,1,0,8.2,273.9,0,0,0,0,0,1
51200,0.0,0.0,0,0,1,0,0.356,0.0,0,0,1,0,22.013,1.29,1,33.43,0,0,1,1,0,1,1,0,0,1,0,12192.0,2,1,1,1,0,0,1,0,6.8,273.3,0,0,0,0,0,1
51300,0.0,0.0,0,0,1,0,0.356,0.0,0,0,1,0,22.142,1.29,1,33.54,0,0,1,1,0,1,1,0,0,1,0,12192.0,2,1,1,1,0,0,1,0,7.8,265.8,0,0,0,0,0,1
51400,0.0,0.0,0,0,1,0,0.356,0.0,0,0,1,0,22.271,1.29,1,33.5,0,0,1,1,0,1,1,0,0,1,0,12192.0,2,1,1,1,0,0,1,0,7.9,270.2,0,0,0,0,0,1
51500,0.0,0.0,0,0,1,0,0.356,0.0,0,0,1,0,22.4,1.29,1,33.7,0,0,1,1,0,1,1,0,0,1,0,12192.0,2,1,1,1,0,0,1,0,7.3,269.8,0,0,0,0,0,1
51600,0.0,0.0,0,0,1,0,0.356,0.0,0,0,1,0,22.529,1.29,1,33.49,0,0,1,1,0,1,1,0,0,1,0,12192.0,2,1,1,1,0,0,1,0,8.1,268.0,0,0,0,0,0,1
51700,0.0,0.0,0,0,1,0,0.356,0.0,0,0,1,0,22.658,1.29,1,33.52,0,0,1,1,0,1,1,0,0,1,0,12192.0,2,1,1,1,0,0,1,0,7.2,270.3,0,0,0,0,0,1
51800,0.0,0.0,0,0,1,0,0.356,0.0,0,0,1,0,22.787,1.29,1,33.42,0,0,1,1,0,1,1,0,0,1,0,12192.0,2,1,1,1,0,0,1,0,7.2,272.8,0,0,0,0,0,1
51900,0.0,0.0,0,0,1,0,0.356,0.0,0,0,1,0,22.916,1.29,1,33.55,0,0,1,1,0,1,1,0,0,1,0,12192.0,2,1,1,1,0,0,1,0,7.8,271.1,0,0,0,0,0,1
52000,0.0,0.0,0,0,1,0,0.356,0.0,0,0,1,0,23.045,1.29,1,33.61,0,0,1,1,0,1,1,0,0,1,0,12192.0,2,1,1,1,0,0,1,0,7.7,266.5,0,0,0,0,0,1
52100,0.0,0.0,0,0,1,0,0.356,0.0,0,0,1,0,23.174,1.29,1,33.67,0,0,1,1,0,1,1,0,0,1,0,12192.0,2,1,1,1,0,0,1,0,7.1,269.3,0,0,0,0,0,1
52200,0.0,0.0,0,0,1,0,0.356,0.0,0,0,1,0,23.303,1.29,1,33.68,0,0,1,1,0,1,1,0,0,1,0,12192.0,2,1,1,1,0,0,1,0,7.0,272.4,0,0,0,0,0,1
52300,0.0,0.0,0,0,1,0,0.356,0.0,0,0,1,0,23.432,1.29,1,33.75,0,0,1,1,0,1,1,0,0,1,0,12192.0,2,1,1,1,0,0,1,0,7.3,267.7,0,0,0,0,0,1
52400,0.0,0.0,0,0,1,0,0.356,0.0,0,0,1,0,23.561,1.29,1,33.41,0,0,1,1,0,1,1,0,0,1,0,12192.0,2,1,1,1,0,0,1,0,7.7,269.0,0,0,0,0,0,1
52500,0.0,0.0,0,0,1,0,0.356,0.0,0,0,1,0,23.69,1.29,1,33.48,0,0,1,1,0,1,1,0,0,1,0,12192.0,2,1,1,1,0,0,1,0,8.0,271.4,0,0,0,0,0,1
52600,0.0,0.0,0,0,1,0,0.356,0.0,0,0,1,0,23.819,1.29,1,33.7,0,0,1,1,0,1,1,0,0,1,0,12192.0,2,1,1,1,0,0,1,0,7.7,272.9,0,0,0,0,0,1
52700,0.0,0.0,0,0,1,0,0.356,0.0,0,0,1,0,23.948,1.29,1,33.67,0,0,1,1,0,1,1,0,0,1,0,12192.0,2,1,1,1,0,0,1,0,8.0,269.1,0,0,0,0,0,1
52800,0.0,0.0,0,0,1,0,0.356,0.0,0,0,1,0,24.077,1.29,1,33.48,0,0,1,1,0,1,1,0,0,1,0,12192.0,2,1,1,1,0,0,1,0,8.3,269.9,0,0,0,0,0,1
52900,0.0,0.0,0,0,1,0,0.356,0.0,0,0,1,0,24.206,1.29,1,33.59,0,0,1,1,0,1,1,0,0,1,0,12192.0,2,1,1,1,0,0,1,0,7.4,270.5,0,0,0,0,0,1
53000,0.0,0.0,0,0,1,0,0.356,0.0,0,0,1,0,24.335,1.29,1,33.7,0,0,1,1,0,1,1,0,0,1,0,12192.0,2,1,1,1,0,0,1,0,7.1,272.3,0,0,0,0,0,1
53100,0.0,0.0,0,0,1,0,0.356,0.0,0,0,1,0,24.464,1.29,1,33.56,0,0,1,1,0,1,1,0,0,1,0,12192.0,2,1,1,1,0,0,1,0,7.6,274.4,0,0,0,0,0,1
53200,0.0,0.0,0,0,1,0,0.356,0.0,0,0,1,0,24.593,1.29,1,33.59,0,0,1,1,0,1,1,0,0,1,0,12192.0,2,1,1,1,0,0,1,0,7.5,268.9,0,0,0,0,0,1
53300,0.0,0.0,0,0,1,0,0.356,0.0,0,0,1,0,24.722,1.29,1,33.39,0,0,1,1,0,1,1,0,0,1,0,12192.0,2,1,1,1,0,0,1,0,7.9,269.8,0,0,0,0,0,1
53400,0.0,0.0,0,0,1,0,0.356,0.0,0,0,1,0,24.85,1.29,1,33.62,0,0,1,1,0,1,1,0,0,1,0,12192.0,2,1,1,1,0,0,1,0,8.6,270.0,0,0,0,0,0,1
53500,0.0,0.0,0,0,1,0,0.356,0.0,0,0,1,0,24.979,1.29,1,33.6,0,0,1,1,0,1,1,0,0,1,0,12192.0,2,1,1,1,0,0,1,0,7.8,268.3,0,0,0,0,0,1
53600,0.0,0.0,0,0,1,0,0.356,0.0,0,0,1,0,25.108,1.29,1,33.56,0,0,1,1,0,1,1,0,0,1,0,12192.0,2,1,1,1,0,0,1,0,7.9,269.4,0,0,0,0,0,1
53700,0.0,0.0,0,0,1,0,0.356,0.0,0,0,1,0,25.237,1.29,1,33.8,0,0,1,1,0,1,1,0,0,1,0,12192.0,2,1,1,1,0,0,1,0,7.2,272.3,0,0,0,0,0,1
53800,0.0,0.0,0,0,1,0,0.356,0.0,0,0,1,0,25.366,1.29,1,33.52,0,0,1,1,0,1,1,0,0,1,0,12192.0,2,1,1,1,0,0,1,0,8.4,270.1,0,0,0,0,0,1
53900,0.0,0.0,0,0,1,0,0.356,0.0,0,0,1,0,25.495,1.29,1,33.63,0,0,1,1,0,1,1,0,0,1,0,12192.0,2,1,1,1,0,0,1,0,8.3,270.2,0,0,0,0,0,1
54000,0.0,0.0,0,0,1,0,0.356,0.0,0,0,1,0,25.624,1.29,1,33.62,0,0,1,1,0,1,1,0,0,1,0,12192.0,2,1,1,1,0,0,1,0,7.6,269.0,0,0,0,0,0,1
54100,0.0,0.0,0,0,1,0,0.356,0.0,0,0,1,0,25.753,1.29,1,33.53,0,0,1,1,0,1,1,0,0,1,0,12192.0,2,1,1,1,0,0,1,0,8.4,267.3,0,0,0,0,0,1
54200,0.0,0.0,0,0,1,0,0.356,0.0,0,0,1,0,25.882,1.29,1,33.44,0,0,1,1,0,1,1,0,0,1,0,12192.0,2,1,1,1,0,0,1,0,8.2,267.9,0,0,0,0,0,1
54300,0.0,0.0,0,0,1,0,0.356,0.0,0,0,1,0,26.011,1.29,1,33.64,0,0,1,1,0,1,1,0,0,1,0,12192.0,2,1,1,1,0,0,1,0,8.1,267.3,0,0,0,0,0,1
54400,0.0,0.0,0,0,1,0,0.356,0.0,0,0,1,0,26.14,1.29,1,33.77,0,0,1,1,0,1,1,0,0,1,0,12192.0,2,1,1,1,0,0,1,0,8.4,268.1,0,0,0,0,0,1
54500,0.0,0.0,0,0,1,0,0.356,0.0,0,0,1,0,26.269,1.29,1,33.45,0,0,1,1,0,1,1,0,0,1,0,12192.0,2,1,1,1,0,0,1,0,7.8,269.4,0,0,0,0,0,1
54600,0.0,0.0,0,0,1,0,0.356,0.0,0,0,1,0,26.398,1.29,1,33.44,0,0,1,1,0,1,1,0,0,1,0,12192.0,2,1,1,1,0,0,1,0,8.0,269.2,0,0,0,0,0,1
54700,0.0,0.0,0,0,1,0,0.356,0.0,0,0,1,0,26.527,1.29,1,33.45,0,0,1,1,0,1,1,0,0,1,0,12192.0,2,1,1,1,0,0,1,0,8.4,270.9,0,0,0,0,0,1
54800,0.0,0.0,0,0,1,0,0.356,0.0,0,0,1,0,26.656,1.29,1,33.49,0,0,1,1,0,1,1,0,0,1,0,12192.0,2,1,1,1,0,0,1,0,8.8,266.8,0,0,0,0,0,1
54900,0.0,0.0,0,0,1,0,0.356,0.0,0,0,1,0,26.785,1.29,1,33.7,0,0,1,1,0,1,1,0,0,1,0,12192.0,2,1,1,1,0,0,1,0,8.8,268.9,0,0,0,0,0,1
55000,0.0,0.0,0,0,1,0,0.356,0.0,0,0,1,0,26.914,1.29,1,33.63,0,0,1,1,0,1,1,0,0,1,0,12192.0,2,1,1,1,0,0,1,0,8.3,267.2,0,0,0,0,0,1
55100,0.0,0.0,0,0,1,0,0.356,0.0,0,0,1,0,27.043,1.29,1,33.59,0,0,1,1,0,1,1,0,0,1,0,12192.0,2,1,1,1,0,0,1,0,8.4,272.6,0,0,0,0,0,1
55200,0.0,0.0,0,0,1,0,0.356,0.0,0,0,1,0,27.172,1.29,1,33.64,0,0,1,1,0,1,1,0,0,1,0,12192.0,2,1,1,1,0,0,1,0,8.0,271.4,0,0,0,0,0,1
55300,0.0,0.0,0,0,1,0,0.356,0.0,0,0,1,0,27.301,1.29,1,33.75,0,0,1,1,0,1,1,0,0,1,0,12192.0,2,1,1,1,0,0,1,0,8.8,268.6,0,0,0,0,0,1
55400,0.0,0.0,0,0,1,0,0.356,0.0,0,0,1,0,27.43,1.29,1,33.59,0,0,1,1,0,1,1,0,0,1,0,12192.0,2,1,1,1,0,0,1,0,8.2,268.1,0,0,0,0,0,1
55500,0.0,0.0,0,0,1,0,0.356,0.0,0,0,1,0,27.559,1.29,1,33.49,0,0,1,1,0,1,1,0,0,1,0,12192.0,2,1,1,1,0,0,1,0,9.2,271.4,0,0,0,0,0,1
55600,0.0,0.0,0,0,1,0,0.356,0.0,0,0,1,0,27.688,1.29,1,33.67,0,0,1,1,0,1,1,0,0,1,0,12192.0,2,1,1,1,0,0,1,0,9.0,273.3,0,0,0,0,0,1
55700,0.0,0.0,0,0,1,0,0.356,0.0,0,0,1,0,27.817,1.29,1,33.56,0,0,1,1,0,1,1,0,0,1,0,12192.0,2,1,1,1,0,0,1,0,9.0,273.4,0,0,0,0,0,1
55800,0.0,0.0,0,0,1,0,0.356,0.0,0,0,1,0,27.946,1.29,1,33.52,0,0,1,1,0,1,1,0,0,1,0,12192.0,2,1,1,1,0,0,1,0,9.5,269.3,0,0,0,0,0,1
55900,0.0,0.0,0,0,1,0,0.356,0.0,0,0,1,0,28.075,1.29,1,33.46,0,0,1,1,0,1,1,0,0,1,0,12192.0,2,1,1,1,0,0,1,0,9.2,267.0,0,0,0,0,0,1
56000,0.0,0.0,0,0,1,0,0.356,0.0,0,0,1,0,28.204,1.29,1,33.48,0,0,1,1,0,1,1,0,0,1,0,12192.0,2,1,1,1,0,0,1,0,9.2,270.4,0,0,0,0,0,1
56100,0.0,0.0,0,0,1,0,0.356,0.0,0,0,1,0,28.333,1.29,1,33.77,0,0,1,1,0,1,1,0,0,1,0,12192.0,2,1,1,1,0,0,1,0,9.7,271.1,0,0,0,0,0,1
56200,0.0,0.0,0,0,1,0,0.356,0.0,0,0,1,0,28.462,1.29,1,33.68,0,0,1,1,0,1,1,0,0,1,0,12192.0,2,1,1,1,0,0,1,0,8.6,266.3,0,0,0,0,0,1
56300,0.0,0.0,0,0,1,0,0.356,0.0,0,0,1,0,28.591,1.29,1,33.68,0,0,1,1,0,1,1,0,0,1,0,12192.0,2,1,1,1,0,0,1,0,9.1,270.3,0,0,0,0,0,1
56400,0.0,0.0,0,0,1,0,0.356,0.0,0,0,1,0,28.72,1.29,1,33.62,0,0,1,1,0,1,1,0,0,1,0,12192.0,2,1,1,1,0,0,1,0,9.1,272.0,0,0,0,0,0,1
56500,0.0,0.0,0,0,1,0,0.356,0.0,0,0,1,0,28.849,1.29,1,33.63,0,0,1,1,0,1,1,0,0,1,0,12192.0,2,1,1,1,0,0,1,0,8.7,270.1,0,0,0,0,0,1
56600,0.0,0.0,0,0,1,0,0.356,0.0,0,0,1,0,28.978,1.29,1,33.59,0,0,1,1,0,1,1,0,0,1,0,12192.0,2,1,1,1,0,0,1,0,8.8,271.3,0,0,0,0,0,1
56700,0.0,0.0,0,0,1,0,0.356,0.0,0,0,1,0,29.107,1.29,1,33.6,0,0,1,1,0,1,1,0,0,1,0,12192.0,2,1,1,1,0,0,1,0,7.7,270.7,0,0,0,0,0,1
56800,0.0,0.0,0,0,1,0,0.356,0.0,0,0,1,0,29.236,1.29,1,33.71,0,0,1,1,0,1,1,0,0,1,0,12192.0,2,1,1,1,0,0,1,0,8.7,268.9,0,0,0,0,0,1
56900,0.0,0.0,0,0,1,0,0.356,0.0,0,0,1,0,29.365,1.29,1,33.78,0,0,1,1,0,1,1,0,0,1,0,12192.0,2,1,1,1,0,0,1,0,8.0,267.2,0,0,0,0,0,1
57000,0.0,0.0,0,0,1,0,0.356,0.0,0,0,1,0,29.494,1.29,1,33.52,0,0,1,1,0,1,1,0,0,1,0,12192.0,2,1,1,1,0,0,1,0,8.4,265.6,0,0,0,0,0,1
57100,0.0,0.0,0,0,1,0,0.356,0.0,0,0,1,0,29.623,1.29,1,33.44,0,0,1,1,0,1,1,0,0,1,0,12192.0,2,1,1,1,0,0,1,0,8.3,271.0,0,0,0,0,0,1
57200,0.0,0.0,0,0,1,0,0.356,0.0,0,0,1,0,29.752,1.29,1,33.63,0,0,1,1,0,1,1,0,0,1,0,12192.0,2,1,1,1,0,0,1,0,8.7,264.5,0,0,0,0,0,1
57300,0.0,0.0,0,0,1,0,0.356,0.0,0,0,1,0,29.881,1.29,1,33.54,0,0,1,1,0,1,1,0,0,1,0,12192.0,2,1,1,1,0,0,1,0,7.9,268.6,0,0,0,0,0,1
57400,0.0,0.0,0,0,1,0,0.356,0.0,0,0,1,0,30.01,1.29,1,33.4,0,0,1,1,0,1,1,0,0,1,0,12192.0,2,1,1,1,0,0,1,0,8.8,275.2,0,0,0,0,0,1
57500,0.0,0.0,0,0,1,0,0.356,0.0,0,0,1,0,30.139,1.29,1,33.52,0,0,1,1,0,1,1,0,0,1,0,12192.0,2,1,1,1,0,0,1,0,9.2,266.4,0,0,0,0,0,1
57600,0.0,0.0,0,0,1,0,0.356,0.0,0,0,1,0,30.268,1.29,1,33.54,0,0,1,1,0,1,1,0,0,1,0,12192.0,2,1,1,1,0,0,1,0,7.6,272.0,0,0,0,0,0,1
57700,0.0,0.0,0,0,1,0,0.356,0.0,0,0,1,0,30.397,1.29,1,33.59,0,0,1,1,0,1,1,0,0,1,0,12192.0,2,1,1,1,0,0,1,0,8.6,272.2,0,0,0,0,0,1
57800,0.0,0.0,0,0,1,0,0.356,0.0,0,0,1,0,30.526,1.29,1,33.79,0,0,1,1,0,1,1,0,0,1,0,12192.0,2,1,1,1,0,0,1,0,7.9,271.1,0,0,0,0,0,1
57900,0.0,0.0,0,0,1,0,0.356,0.0,0,0,1,0,30.655,1.29,1,33.46,0,0,1,1,0,1,1,0,0,1,0,12192.0,2,1,1,1,0,0,1,0,8.0,271.7,0,0,0,0,0,1
58000,0.0,0.0,0,0,1,0,0.356,0.0,0,0,1,0,30.784,1.29,1,33.56,0,0,1,1,0,1,1,0,0,1,0,12192.0,2,1,1,1,0,0,1,0,7.5,271.0,0,0,0,0,0,1
58100,0.0,0.0,0,0,1,0,0.356,0.0,0,0,1,0,30.913,1.29,1,33.63,0,0,1,1,0,1,1,0,0,1,0,12192.0,2,1,1,1,0,0,1,0,7.5,269.6,0,0,0,0,0,1
58200,0.0,0.0,0,0,1,0,0.356,0.0,0,0,1,0,31.042,1.29,1,33.4,0,0,1,1,0,1,1,0,0,1,0,12192.0,2,1,1,1,0,0,1,0,8.6,269.0,0,0,0,0,0,1
58300,0.0,0.0,0,0,1,0,0.356,0.0,0,0,1,0,31.171,1.29,1,33.41,0,0,1,1,0,1,1,0,0,1,0,12192.0,2,1,1,1,0,0,1,0,7.6,272.8,0,0,0,0,0,1
58400,0.0,0.0,0,0,1,0,0.356,0.0,0,0,1,0,31.3,1.29,1,33.57,0,0,1,1,0,1,1,0,0,1,0,12192.0,2,1,1,1,0,0,1,0,7.6,271.0,0,0,0,0,0,1
58500,0.0,0.0,0,0,1,0,0.356,0.0,0,0,1,0,31.429,1.29,1,33.3,0,0,1,1,0,1,1,0,0,1,0,12192.0,2,1,1,1,0,0,1,0,7.9,267.5,0,0,0,0,0,1
58600,0.0,0.0,0,0,1,0,0.356,0.0,0,0,1,0,31.558,1.29,1,33.72,0,0,1,1,0,1,1,0,0,1,0,12192.0,2,1,1,1,0,0,1,0,7.0,269.0,0,0,0,0,0,1
58700,0.0,0.0,0,0,1,0,0.356,0.0,0,0,1,0,31.686,1.29,1,33.7,0,0,1,1,0,1,1,0,0,1,0,12192.0,2,1,1,1,0,0,1,0,7.9,267.9,0,0,0,0,0,1
58800,0.0,0.0,0,0,1,0,0.356,0.0,0,0,1,0,31.815,1.29,1,33.7,0,0,1,1,0,1,1,0,0,1,0,12192.0,2,1,1,1,0,0,1,0,8.3,270.4,0,0,0,0,0,1
58900,0.0,0.0,0,0,1,0,0.356,0.0,0,0,1,0,31.944,1.29,1,33.7,0,0,1,1,0,1,1,0,0,1,0,12192.0,2,1,1,1,0,0,1,0,7.5,267.4,0,0,0,0,0,1
59000,0.0,0.0,0,0,1,0,0.356,0.0,0,0,1,0,32.073,1.29,1,33.45,0,0,1,1,0,1,1,0,0,1,0,12192.0,2,1,1,1,0,0,1,0,8.0,269.9,0,0,0,0,0,1
59100,0.0,0.0,0,0,1,0,0.356,0.0,0,0,1,0,32.202,1.29,1,33.65,0,0,1,1,0,1,1,0,0,1,0,12192.0,2,1,1,1,0,0,1,0,7.2,274.5,0,0,0,0,0,1
59200,0.0,0.0,0,0,1,0,0.356,0.0,0,0,1,0,32.331,1.29,1,33.37,0,0,1,1,0,1,1,0,0,1,0,12192.0,2,1,1,1,0,0,1,0,6.9,272.0,0,0,0,0,0,1
59300,0.0,0.0,0,0,1,0,0.356,0.0,0,0,1,0,32.46,1.29,1,33.58,0,0,1,1,0,1,1,0,0,1,0,12192.0,2,1,1,1,0,0,1,0,7.6,269.2,0,0,0,0,0,1
59400,0.0,0.0,0,0,1,0,0.356,0.0,0,0,1,0,32.589,1.29,1,33.72,0,0,1,1,0,1,1,0,0,1,0,12192.0,2,1,1,1,0,0,1,0,7.5,267.3,0,0,0,0,0,1
59500,0.0,0.0,0,0,1,0,0.356,0.0,0,0,1,0,32.718,1.29,1,33.8,0,0,1,1,0,1,1,0,0,1,0,12192.0,2,1,1,1,0,0,1,0,7.3,267.2,0,0,0,0,0,1
59600,0.0,0.0,0,0,1,0,0.356,0.0,0,0,1,0,32.847,1.29,1,33.38,0,0,1,1,0,1,1,0,0,1,0,12192.0,2,1,1,1,0,0,1,0,8.3,270.3,0,0,0,0,0,1
59700,0.0,0.0,0,0,1,0,0.356,0.0,0,0,1,0,32.976,1.29,1,33.45,0,0,1,1,0,1,1,0,0,1,0,12192.0,2,1,1,1,0,0,1,0,7.0,273.3,0,0,0,0,0,1
59800,0.0,0.0,0,0,1,0,0.356,0.0,0,0,1,0,33.105,1.29,1,33.56,0,0,1,1,0,1,1,0,0,1,0,12192.0,2,1,1,1,0,0,1,0,7.6,269.7,0,0,0,0,0,1
59900,0.0,0.0,0,0,1,0,0.356,0.0,0,0,1,0,33.234,1.29,1,33.56,0,0,1,1,0,1,1,0,0,1,0,12192.0,2,1,1,1,0,0,1,0,7.1,273.1,0,0,0,0,0,1
60000,0.0,0.0,0,0,1,0,0.356,0.0,0,0,1,0,33.363,1.29,1,33.68,0,0,1,1,0,1,1,0,0,1,0,12192.0,2,1,1,1,0,0,1,0,7.5,267.2,0,0,0,0,0,1
60100,0.0,0.0,0,0,1,0,0.356,0.0,0,0,1,0,33.492,1.29,1,33.52,0,0,1,1,0,1,1,0,0,1,0,12192.0,2,1,1,1,0,0,1,0,6.9,269.1,0,0,0,0,0,1
60200,0.0,0.0,0,0,1,0,0.356,0.0,0,0,1,0,33.621,1.29,1,33.47,0,0,1,1,0,1,1,0,0,1,0,12192.0,2,1,1,1,0,0,1,0,7.5,273.2,0,0,0,0,0,1
60300,0.0,0.0,0,0,1,0,0.356,0.0,0,0,1,0,33.75,1.29,1,33.53,0,0,1,1,0,1,1,0,0,1,0,12192.0,2,1,1,1,0,0,1,0,7.7,272.6,0,0,0,0,0,1
60400,0.0,0.0,0,0,1,0,0.356,0.0,0,0,1,0,33.879,1.29,1,33.58,0,0,1,1,0,1,1,0,0,1,0,12192.0,2,1,1,1,0,0,1,0,7.8,273.2,0,0,0,0,0,1
60500,0.0,0.0,0,0,1,0,0.356,0.0,0,0,1,0,34.008,1.29,1,33.6,0,0,1,1,0,1,1,0,0,1,0,12192.0,2,1,1,1,0,0,1,0,7.0,263.4,0,0,0,0,0,1
60600,0.0,0.0,0,0,1,0,0.356,0.0,0,0,1,0,34.137,1.29,1,33.64,0,0,1,1,0,1,1,0,0,1,0,12192.0,2,1,1,1,0,0,1,0,7.3,267.8,0,0,0,0,0,1
60700,0.0,0.0,0,0,1,0,0.356,0.0,0,0,1,0,34.266,1.29,1,33.58,0,0,1,1,0,1,1,0,0,1,0,12192.0,2,1,1,1,0,0,1,0,7.3,269.6,0,0,0,0,0,1
60800,0.0,0.0,0,0,1,0,0.356,0.0,0,0,1,0,34.395,1.29,1,33.77,0,0,1,1,0,1,1,0,0,1,0,12192.0,2,1,1,1,0,0,1,0,7.1,269.7,0,0,0,0,0,1
60900,0.0,0.0,0,0,1,0,0.356,0.0,0,0,1,0,34.524,1.29,1,33.77,0,0,1,1,0,1,1,0,0,1,0,12192.0,2,1,1,1,0,0,1,0,7.2,269.4,0,0,0,0,0,1
61000,0.0,0.0,0,0,1,0,0.356,0.0,0,0,1,0,34.653,1.29,1,33.35,0,0,1,1,0,1,1,0,0,1,0,12192.0,2,1,1,1,0,0,1,0,7.9,269.6,0,0,0,0,0,1
61100,0.0,0.0,0,0,1,0,0.356,0.0,0,0,1,0,34.782,1.29,1,33.58,0,0,1,1,0,1,1,0,0,1,0,12192.0,2,1,1,1,0,0,1,0,7.5,268.7,0,0,0,0,0,1
61200,0.0,0.0,0,0,1,0,0.356,0.0,0,0,1,0,34.911,1.29,1,33.65,0,0,1,1,0,1,1,0,0,1,0,12192.0,2,1,1,1,0,0,1,0,7.0,268.8,0,0,0,0,0,1
61300,0.0,0.0,0,0,1,0,0.356,0.0,0,0,1,0,35.04,1.29,1,33.67,0,0,1,1,0,1,1,0,0,1,0,12192.0,2,1,1,1,0,0,1,0,7.0,272.0,0,0,0,0,0,1
61400,0.0,0.0,0,0,1,0,0.356,0.0,0,0,1,0,35.169,1.29,1,33.52,0,0,1,1,0,1,1,0,0,1,0,12192.0,2,1,1,1,0,0,1,0,6.7,270.7,0,0,0,0,0,1
61500,0.0,0.0,0,0,1,0,0.356,0.0,0,0,1,0,35.298,1.29,1,33.43,0,0,1,1,0,1,1,0,0,1,0,12192.0,2,1,1,1,0,0,1,0,8.0,273.3,0,0,0,0,0,1
61600,0.0,0.0,0,0,1,0,0.356,0.0,0,0,1,0,35.427,1.29,1,33.53,0,0,1,1,0,1,1,0,0,1,0,12192.0,2,1,1,1,0,0,1,0,7.4,272.6,0,0,0,0,0,1
61700,0.0,0.0,0,0,1,0,0.356,0.0,0,0,1,0,35.556,1.29,1,33.68,0,0,1,1,0,1,1,0,0,1,0,12192.0,2,1,1,1,0,0,1,0,8.6,269.7,0,0,0,0,0,1
61800,0.0,0.0,0,0,1,0,0.356,0.0,0,0,1,0,35.685,1.29,1,33.57,0,0,1,1,0,1,1,0,0,1,0,12192.0,2,1,1,1,0,0,1,0,6.9,270.5,0,0,0,0,0,1
61900,0.0,0.0,0,0,1,0,0.356,0.0,0,0,1,0,35.814,1.29,1,33.53,0,0,1,1,0,1,1,0,0,1,0,12192.0,2,1,1,1,0,0,1,0,8.0,266.6,0,0,0,0,0,1
62000,0.0,0.0,0,0,1,0,0.356,0.0,0,0,1,0,35.943,1.29,1,33.75,0,0,1,1,0,1,1,0,0,1,0,12192.0,2,1,1,1,0,0,1,0,7.9,268.0,0,0,0,0,0,1
62100,0.0,0.0,0,0,1,0,0.356,0.0,0,0,1,0,36.072,1.29,1,33.4,0,0,1,1,0,1,1,0,0,1,0,12192.0,2,1,1,1,0,0,1,0,7.4,266.1,0,0,0,0,0,1
62200,0.0,0.0,0,0,1,0,0.356,0.0,0,0,1,0,36.201,1.29,1,33.64,0,0,1,1,0,1,1,0,0,1,0,12192.0,2,1,1,1,0,0,1,0,7.7,269.6,0,0,0,0,0,1
62300,0.0,0.0,0,0,1,0,0.356,0.0,0,0,1,0,36.33,1.29,1,33.44,0,0,1,1,0,1,1,0,0,1,0,12192.0,2,1,1,1,0,0,1,0,6.7,270.2,0,0,0,0,0,1
62400,0.0,0.0,0,0,1,0,0.356,0.0,0,0,1,0,36.459,1.29,1,33.7,0,0,1,1,0,1,1,0,0,1,0,12192.0,2,1,1,1,0,0,1,0,7.6,271.1,0,0,0,0,0,1
62500,0.0,0.0,0,0,1,0,0.356,0.0,0,0,1,0,36.588,1.29,1,33.53,0,0,1,1,0,1,1,0,0,1,0,12192.0,2,1,1,1,0,0,1,0,8.2,273.3,0,0,0,0,0,1
62600,0.0,0.0,0,0,1,0,0.356,0.0,0,0,1,0,36.717,1.29,1,33.63,0,0,1,1,0,1,1,0,0,1,0,12192.0,2,1,1,1,0,0,1,0,8.2,270.9,0,0,0,0,0,1
62700,0.0,0.0,0,0,1,0,0.356,0.0,0,0,1,0,36.846,1.29,1,33.49,0,0,1,1,0,1,1,0,0,1,0,12192.0,2,1,1,1,0,0,1,0,8.1,267.0,0,0,0,0,0,1
62800,0.0,0.0,0,0,1,0,0.356,0.0,0,0,1,0,36.975,1.29,1,33.59,0,0,1,1,0,1,1,0,0,1,0,12192.0,2,1,1,1,0,0,1,0,7.8,272.7,0,0,0,0,0,1
62900,0.0,0.0,0,0,1,0,0.356,0.0,0,0,1,0,37.104,1.29,1,33.52,0,0,1,1,0,1,1,0,0,1,0,12192.0,2,1,1,1,0,0,1,0,7.7,275.0,0,0,0,0,0,1
63000,0.0,0.0,0,0,1,0,0.356,0.0,0,0,1,0,37.233,1.29,1,33.55,0,0,1,1,0,1,1,0,0,1,0,12192.0,2,1,1,1,0,0,1,0,8.5,270.6,0,0,0,0,0,1
63100,0.0,0.0,0,0,1,0,0.356,0.0,0,0,1,0,37.362,1.29,1,33.68,0,0,1,1,0,1,1,0,0,1,0,12192.0,2,1,1,1,0,0,1,0,8.1,271.5,0,0,0,0,0,1
63200,0.0,0.0,0,0,1,0,0.356,0.0,0,0,1,0,37.486,1.242,1,30.39,0,0,1,1,0,1,1,0,0,1,0,12192.0,2,1,1,1,0,0,1,0,7.8,268.4,0,0,0,0,0,1
63300,0.0,0.0,0,0,1,0,0.356,0.0,0,0,1,0,37.605,1.193,1,30.46,0,0,1,1,0,1,1,0,0,1,0,12192.0,2,1,1,1,0,0,1,0,8.7,274.5,0,0,0,0,0,1
63400,0.0,0.0,0,0,1,0,0.356,0.0,0,0,1,0,37.72,1.145,1,30.31,0,0,1,1,0,1,1,0,0,1,0,12192.0,2,1,1,1,0,0,1,0,8.5,268.8,0,0,0,0,0,1
63500,0.0,0.0,0,0,1,0,0.356,0.0,0,0,1,0,37.829,1.097,1,30.31,0,0,1,1,0,1,1,0,0,1,0,12192.0,2,1,1,1,0,0,1,0,7.4,267.5,0,0,0,0,0,1
63600,0.0,0.0,0,0,1,0,0.356,0.0,0,0,1,0,37.934,1.048,1,30.39,0,0,1,1,0,1,1,0,0,1,0,12192.0,2,1,1,1,0,0,1,0,8.6,272.9,0,0,0,0,0,1
63700,0.0,0.0,0,0,1,0,0.356,0.0,0,0,1,0,38.039,1.049,1,33.36,0,0,1,1,0,1,1,0,0,1,0,12192.0,2,1,1,1,0,0,1,0,8.5,270.8,0,0,0,0,0,1
63800,0.0,0.0,0,0,1,0,0.356,0.0,0,0,1,0,38.139,1.0,1,30.41,0,0,1,1,0,1,1,0,0,1,0,12192.0,2,1,1,1,0,0,1,0,9.1,273.0,0,0,0,0,0,1
63900,0.0,0.0,0,0,1,0,0.356,0.0,0,0,1,0,38.234,0.951,1,30.42,0,0,1,1,0,1,1,0,0,1,0,12192.0,2,1,1,1,0,0,1,0,8.7,269.7,0,0,0,0,0,1
64000,0.0,0.0,0,0,1,0,0.356,0.0,0,0,1,0,38.324,0.901,1,30.59,0,0,1,1,0,1,1,0,0,1,0,12192.0,2,1,1,1,0,0,1,0,9.0,272.9,0,0,0,0,0,1
64100,0.0,0.0,0,0,1,0,0.356,0.0,0,0,1,0,38.409,0.851,1,30.41,0,0,1,1,0,1,1,0,0,1,0,12192.0,2,1,1,1,0,0,1,0,8.2,265.9,0,0,0,0,0,1
64200,0.0,0.0,0,0,1,0,0.356,0.0,0,0,1,0,38.49,0.802,1,30.43,0,0,1,1,0,1,1,0,0,1,0,12192.0,2,1,1,1,0,0,1,0,7.7,268.3,0,0,0,0,0,1
64300,0.0,0.0,0,0,1,0,0.356,0.0,0,0,1,0,38.565,0.752,1,30.47,0,0,1,1,0,1,1,0,0,1,0,12192.0,2,1,1,1,0,0,1,0,8.5,267.6,0,0,0,0,0,1
64400,0.0,0.0,0,0,1,0,0.356,0.0,0,0,1,0,38.635,0.702,1,30.38,0,0,1,1,0,1,1,0,0,1,0,12192.0,2,1,1,1,0,0,1,0,8.7,272.3,0,0,0,0,0,1
64500,0.0,0.0,0,0,1,0,0.356,0.0,0,0,1,0,38.7,0.652,1,30.45,0,0,1,1,0,1,1,0,0,1,0,12192.0,2,1,1,1,0,0,1,0,8.2,267.5,0,0,0,0,0,1
64600,0.0,0.0,0,0,1,0,0.356,0.0,0,0,1,0,38.76,0.602,1,30.39,0,0,1,1,0,1,1,0,0,1,0,12192.0,2,1,1,1,0,0,1,0,8.4,271.0,0,0,0,0,0,1
64700,0.0,0.0,0,0,1,0,0.356,0.0,0,0,1,0,38.815,0.551,1,30.43,0,0,1,1,0,1,1,0,0,1,0,12192.0,2,1,1,1,0,0,1,0,8.6,269.8,0,0,0,0,0,1
64800,0.0,0.0,0,0,1,0,0.356,0.0,0,0,1,0,38.865,0.501,1,30.35,0,0,1,1,0,1,1,0,0,1,0,12192.0,2,1,1,1,0,0,1,0,9.2,268.6,0,0,0,0,0,1
64900,0.0,0.0,0,0,1,0,0.356,0.0,0,0,1,0,38.91,0.45,1,30.49,0,0,1,1,0,1,1,0,0,1,0,12192.0,2,1,1,1,0,0,1,0,8.7,268.4,0,0,0,0,0,1
65000,0.0,0.0,0,0,1,0,0.356,0.0,0,0,1,0,38.95,0.399,1,30.54,0,0,1,1,0,1,1,0,0,1,0,12192.0,2,1,1,1,0,0,1,0,8.8,271.7,0,0,0,0,0,1
65100,0.0,0.0,0,0,1,0,0.356,0.0,0,0,1,0,38.985,0.347,1,30.46,0,0,1,1,0,1,1,0,0,1,0,12192.0,2,1,1,1,0,0,1,0,9.0,268.3,0,0,0,0,0,1
65200,0.0,0.0,0,0,1,0,0.356,0.0,0,0,1,0,39.014,0.295,1,30.46,0,0,1,1,0,1,1,0,0,1,0,12192.0,2,1,1,1,0,0,1,0,9.0,269.0,0,0,0,0,0,1
65300,0.0,0.0,0,0,1,0,0.356,0.0,0,0,1,0,39.039,0.242,1,30.61,0,0,1,1,0,1,1,0,0,1,0,12192.0,2,1,1,1,0,0,1,0,8.7,268.1,0,0,0,0,0,1
65400,0.0,0.0,0,0,1,0,0.356,0.0,0,0,1,0,39.057,0.187,1,30.2,0,0,1,1,0,1,1,0,0,1,0,12192.0,2,1,1,1,0,0,1,0,8.7,270.9,0,0,0,0,0,1
65500,0.0,0.0,0,0,1,0,0.356,0.0,0,0,1,0,39.07,0.13,1,30.27,0,0,1,1,0,1,1,0,0,1,0,12192.0,2,1,1,1,0,0,1,0,9.2,263.2,0,0,0,0,0,1
65600,0.0,0.0,0,0,1,0,0.356,0.0,0,0,1,0,39.077,0.066,1,30.28,0,0,1,1,0,1,1,0,0,1,0,12192.0,2,1,1,1,0,0,1,0,8.6,270.2,0,0,0,0,0,1
65700,0.0,0.0,0,0,0,0,0.356,0.0,0,0,0,0,39.079,0.0,0,32.02,0,0,0,0,0,1,1,0,0,1,0,12192.0,2,1,1,0,1,0,1,0,8.4,269.1,0,0,0,0,0,1
65800,0.0,0.0,0,0,1,0,0.362,0.061,1,1,1,0,39.079,0.0,0,31.99,0,0,0,1,0,1,1,0,0,1,0,12192.0,2,1,1,1,0,0,1,0,9.4,278.6,0,0,0,0,0,1
65900,0.0,0.0,0,0,1,0,0.374,0.122,1,1,1,0,39.079,0.0,0,32.04,0,0,0,1,0,1,1,0,0,1,0,12192.0,2,1,1,1,0,0,1,0,8.2,272.8,0,0,0,0,0,1
66000,0.0,0.0,0,0,1,0,0.393,0.183,1,1,1,0,39.079,0.0,0,31.93,0,0,0,1,0,1,1,0,0,1,0,12192.0,2,1,1,1,0,0,1,0,8.4,265.3,0,0,0,0,0,1
66100,0.0,0.0,0,0,1,0,0.417,0.244,1,1,1,0,39.079,0.0,0,31.82,0,0,0,1,0,1,1,0,0,1,0,12192.0,2,1,1,1,0,0,1,0,8.7,266.5,0,0,0,0,0,1
66200,0.0,0.0,0,0,1,0,0.447,0.305,1,1,1,0,39.079,0.0,0,32.1,0,0,0,1,0,1,1,0,0,1,0,12192.0,2,1,1,1,0,0,1,0,8.3,269.2,0,0,0,0,0,1
66300,0.0,0.0,0,0,1,0,0.484,0.366,1,1,1,0,39.079,0.0,0,31.85,0,0,0,1,0,1,1,0,0,1,0,12192.0,2,1,1,1,0,0,1,0,8.3,274.5,0,0,0,0,0,1
66400,0.0,0.0,0,0,1,0,0.527,0.427,1,1,1,0,39.079,0.0,0,31.92,0,0,0,1,0,1,1,0,0,1,0,12192.0,2,1,1,1,0,0,1,0,8.7,265.0,0,0,0,0,0,1
66500,0.0,0.0,0,0,1,0,0.575,0.488,1,1,1,0,39.079,0.0,0,31.95,0,0,0,1,0,1,1,0,0,1,0,12192.0,2,1,1,1,0,0,1,0,9.3,268.3,0,0,0,0,0,1
66600,0.0,0.0,0,0,1,0,0.63,0.548,1,1,1,0,39.079,0.0,0,32.04,0,0,0,1,0,1,1,0,0,1,0,12192.0,2,1,1,1,0,0,1,0,8.1,270.2,0,0,0,0,0,1
66700,0.0,0.0,0,0,1,0,0.691,0.609,1,1,1,0,39.079,0.0,0,32.15,0,0,0,1,0,1,1,0,0,1,0,12192.0,2,1,1,1,0,0,1,0,9.3,265.6,0,0,0,0,0,1
66800,0.0,0.0,0,0,1,0,0.758,0.67,1,1,1,0,39.079,0.0,0,32.03,0,0,0,1,0,1,1,0,0,1,0,12192.0,2,1,1,1,0,0,1,0,8.4,266.3,0,0,0,0,0,1
66900,0.0,0.0,0,0,1,0,0.831,0.731,1,1,1,0,39.079,0.0,0,31.97,0,0,0,1,0,1,1,0,0,1,0,12192.0,2,1,1,1,0,0,1,0,7.9,271.8,0,0,0,0,0,1
67000,0.0,0.0,0,0,1,0,0.911,0.792,1,1,1,0,39.079,0.0,0,31.88,0,0,0,1,0,1,1,0,0,1,0,12192.0,2,1,1,1,0,0,1,0,7.5,267.2,0,0,0,0,0,1
67100,0.0,0.0,0,0,1,0,0.996,0.853,1,1,1,0,39.079,0.0,0,31.86,0,0,0,1,0,1,1,0,0,1,0,12192.0,2,1,1,1,0,0,1,0,7.6,270.4,0,0,0,0,0,1
67200,0.0,0.0,0,0,1,0,1.087,0.914,1,1,1,0,39.079,0.0,0,32.14,0,0,0,1,0,1,1,0,0,1,0,12192.0,2,1,1,1,0,0,1,0,6.9,271.3,0,0,0,0,0,1
67300,0.0,0.0,0,0,1,0,1.185,0.975,1,1,1,0,39.079,0.0,0,31.98,0,0,0,1,0,1,1,0,0,1,0,12192.0,2,1,1,1,0,0,1,0,8.0,266.6,0,0,0,0,0,1
67400,0.0,0.0,0,0,1,0,1.288,1.036,1,1,1,0,39.079,0.0,0,31.92,0,0,0,1,0,1,1,0,0,1,0,12192.0,2,1,1,1,0,0,1,0,7.2,265.2,0,0,0,0,0,1
67500,0.0,0.0,0,0,1,0,1.398,1.097,1,1,1,0,39.079,0.0,0,31.94,0,0,0,1,0,1,1,0,0,1,0,12192.0,2,1,1,1,0,0,1,0,8.4,275.8,0,0,0,0,0,1
67600,0.0,0.0,0,0,1,0,1.514,1.158,1,1,1,0,39.079,0.0,0,32.01,0,0,0,1,0,1,1,0,0,1,0,12192.0,2,1,1,1,0,0,1,0,7.2,268.1,0,0,0,0,0,1
67700,0.0,0.0,0,0,1,0,1.636,1.219,1,1,1,0,39.079,0.0,0,31.86,0,0,0,1,0,1,1,0,0,1,0,12192.0,2,1,1,1,0,0,1,0,7.8,271.8,0,0,0,0,0,1
67800,0.0,0.0,0,0,1,0,1.764,1.28,1,1,1,0,39.079,0.0,0,31.92,0,0,0,1,0,1,1,0,0,1,0,12192.0,2,1,1,1,0,0,1,0,8.7,274.1,0,0,0,0,0,1
67900,0.0,0.0,0,0,1,0,1.898,1.341,1,1,1,0,39.079,0.0,0,32.12,0,0,0,1,0,1,1,0,0,1,0,12192.0,2,1,1,1,0,0,1,0,7.9,271.5,0,0,0,0,0,1
68000,0.0,0.0,0,0,1,0,2.038,1.402,1,1,1,0,39.079,0.0,0,31.62,0,0,0,1,0,1,1,0,0,1,0,12192.0,2,1,1,1,0,0,1,0,7.9,269.8,0,0,0,0,0,1
68100,0.0,0.0,0,0,1,0,2.184,1.463,1,1,1,0,39.079,0.0,0,32.06,0,0,0,1,0,1,1,0,0,1,0,12192.0,2,1,1,1,0,0,1,0,6.9,267.2,0,0,0,0,0,1
68200,0.0,0.0,0,0,1,0,2.337,1.523,1,1,1,0,39.079,0.0,0,31.94,0,0,0,1,0,1,1,0,0,1,0,12192.0,2,1,1,1,0,0,1,0,7.6,273.7,0,0,0,0,0,1
68300,0.0,0.0,0,0,1,0,2.495,1.584,1,1,1,0,39.079,0.0,0,32.0,0,0,0,1,0,1,1,0,0,1,0,12192.0,2,1,1,1,0,0,1,0,8.0,269.9,0,0,0,0,0,1
68400,0.0,0.0,0,0,1,0,2.66,1.645,1,1,1,0,39.079,0.0,0,32.02,0,0,0,1,0,1,1,0,0,1,0,12192.0,2,1,1,1,0,0,1,0,7.9,270.9,0,0,0,0,0,1
68500,0.0,0.0,0,0,1,0,2.83,1.706,1,1,1,0,39.079,0.0,0,32.2,0,0,0,1,0,1,1,0,0,1,0,12192.0,2,1,1,1,0,0,1,0,8.5,276.5,0,0,0,0,0,1
68600,0.0,0.0,0,0,1,0,3.007,1.767,1,1,1,0,39.079,0.0,0,31.77,0,0,0,1,0,1,1,0,0,1,0,12192.0,2,1,1,1,0,0,1,0,7.8,272.4,0,0,0,0,0,1
68700,0.0,0.0,0,0,1,0,3.19,1.828,1,1,1,0,39.079,0.0,0,31.83,0,0,0,1,0,1,1,0,0,1,0,12192.0,2,1,1,1,0,0,1,0,7.2,270.7,0,0,0,0,0,1
68800,0.0,0.0,0,0,1,0,3.379,1.889,1,1,1,0,39.079,0.0,0,31.84,0,0,0,1,0,1,1,0,0,1,0,12192.0,2,1,1,1,0,0,1,0,7.6,267.8,0,0,0,0,0,1
68900,0.0,0.0,0,0,1,0,3.574,1.95,1,1,1,0,39.079,0.0,0,32.23,0,0,0,1,0,1,1,0,0,1,0,12192.0,2,1,1,1,0,0,1,0,7.2,265.4,0,0,0,0,0,1
69000,0.0,0.0,0,0,1,0,3.775,2.011,1,1,1,0,39.079,0.0,0,31.95,0,0,0,1,0,1,1,0,0,1,0,12192.0,2,1,1,1,0,0,1,0,7.5,272.9,0,0,0,0,0,1
69100,0.0,0.0,0,0,1,0,3.982,2.072,1,1,1,0,39.079,0.0,0,32.05,0,0,0,1,0,1,1,0,0,1,0,12192.0,2,1,1,1,0,0,1,0,7.5,272.2,0,0,0,0,0,1
69200,0.0,0.0,0,0,1,0,4.195,2.133,1,1,1,0,39.079,0.0,0,32.03,0,0,0,1,0,1,1,0,0,1,0,12192.0,2,1,1,1,0,0,1,0,7.9,277.6,0,0,0,0,0,1
69300,0.0,0.0,0,0,1,0,4.415,2.194,1,1,1,0,39.079,0.0,0,32.0,0,0,0,1,0,1,1,0,0,1,0,12192.0,2,1,1,1,0,0,1,0,7.7,267.6,0,0,0,0,0,1
69400,0.0,0.0,0,0,1,0,4.64,2.255,1,1,1,0,39.079,0.0,0,32.01,0,0,0,1,0,1,1,0,0,1,0,12192.0,2,1,1,1,0,0,1,0,7.6,272.6,0,0,0,0,0,1
69500,0.0,0.0,0,0,1,0,4.872,2.316,1,1,1,0,39.079,0.0,0,32.03,0,0,0,1,0,1,1,0,0,1,0,12192.0,2,1,1,1,0,0,1,0,7.9,268.6,0,0,0,0,0,1
69600,0.0,0.0,0,0,1,0,5.109,2.377,1,1,1,0,39.079,0.0,0,32.02,0,0,0,1,0,1,1,0,0,1,0,12192.0,2,1,1,1,0,0,1,0,7.2,274.4,0,0,0,0,0,1
69700,0.0,0.0,0,0,1,0,5.353,2.438,1,1,1,0,39.079,0.0,0,32.12,0,0,0,1,0,1,1,0,0,1,0,12192.0,2,1,1,1,0,0,1,0,7.8,270.3,0,0,0,0,0,1
69800,0.0,0.0,0,0,1,0,5.603,2.498,1,1,1,0,39.079,0.0,0,32.04,0,0,0,1,0,1,1,0,0,1,0,12192.0,2,1,1,1,0,0,1,0,8.2,272.9,0,0,0,0,0,1
69900,0.0,0.0,0,0,1,0,5.859,2.559,1,1,1,0,39.079,0.0,0,32.17,0,0,0,1,0,1,1,0,0,1,0,12192.0,2,1,1,1,0,0,1,0,7.7,267.8,0,0,0,0,0,1
70000,0.0,0.0,0,0,1,0,6.121,2.62,1,1,1,0,39.079,0.0,0,31.88,0,0,0,1,0,1,1,0,0,1,0,12192.0,2,1,1,1,0,0,1,0,7.6,265.2,0,0,0,0,0,1
70100,0.0,0.0,0,0,1,0,6.389,2.681,1,1,1,0,39.079,0.0,0,32.14,0,0,0,1,0,1,1,0,0,1,0,12192.0,2,1,1,1,0,0,1,0,7.0,271.0,0,0,0,0,0,1
70200,0.0,0.0,0,0,1,0,6.663,2.742,1,1,1,0,39.079,0.0,0,32.12,0,0,0,1,0,1,1,0,0,1,0,12192.0,2,1,1,1,0,0,1,0,7.3,266.4,0,0,0,0,0,1
70300,0.0,0.0,0,0,1,0,6.943,2.803,1,1,1,0,39.079,0.0,0,31.89,0,0,0,1,0,1,1,0,0,1,0,12192.0,2,1,1,1,0,0,1,0,7.5,272.5,0,0,0,0,0,1
70400,0.0,0.0,0,0,1,0,7.23,2.864,1,1,1,0,39.079,0.0,0,31.82,0,0,0,1,0,1,1,0,0,1,0,12192.0,2,1,1,1,0,0,1,0,7.2,267.5,0,0,0,0,0,1
70500,0.0,0.0,0,0,1,0,7.522,2.925,1,1,1,0,39.079,0.0,0,32.14,0,0,0,1,0,1,1,0,0,1,0,12192.0,2,1,1,1,0,0,1,0,7.9,273.3,0,0,0,0,0,1
70600,0.0,0.0,0,0,1,0,7.821,2.986,1,1,1,0,39.079,0.0,0,31.89,0,0,0,1,0,1,1,0,0,1,0,12192.0,2,1,1,1,0,0,1,0,7.9,266.5,0,0,0,0,0,1
70700,0.0,0.0,0,0,1,0,8.126,3.047,1,1,1,0,39.079,0.0,0,32.21,0,0,0,1,0,1,1,0,0,1,0,12192.0,2,1,1,1,0,0,1,0,7.7,270.3,0,0,0,0,0,1
70800,0.0,0.0,0,0,1,0,8.436,3.108,1,1,1,0,39.079,0.0,0,32.09,0,0,0,1,0,1,1,0,0,1,0,12192.0,2,1,1,1,0,0,1,0,7.6,271.0,0,0,0,0,0,1
70900,0.0,0.0,0,0,1,0,8.753,3.169,1,1,1,0,39.079,0.0,0,32.0,0,0,0,1,0,1,1,0,0,1,0,12192.0,2,1,1,1,0,0,1,0,8.2,265.5,0,0,0,0,0,1
71000,0.0,0.0,0,0,1,0,9.076,3.23,1,1,1,0,39.079,0.0,0,31.91,0,0,0,1,0,1,1,0,0,1,0,12192.0,2,1,1,1,0,0,1,0,7.6,266.4,0,0,0,0,0,1
71100,0.0,0.0,0,0,1,0,9.405,3.291,1,1,1,0,39.079,0.0,0,31.99,0,0,0,1,0,1,1,0,0,1,0,12192.0,2,1,1,1,0,0,1,0,7.8,268.2,0,0,0,0,0,1
71200,0.0,0.0,0,0,1,0,9.741,3.352,1,1,1,0,39.079,0.0,0,32.13,0,0,0,1,0,1,1,0,0,1,0,12192.0,2,1,1,1,0,0,1,0,8.8,266.9,0,0,0,0,0,1
71300,0.0,0.0,0,0,1,0,10.082,3.411,1,1,1,0,39.079,0.0,0,32.04,0,0,0,1,0,1,1,0,0,1,0,12192.0,2,1,1,1,0,0,1,0,7.1,268.7,0,0,0,0,0,1
71400,0.0,0.0,0,0,1,0,10.423,3.411,1,1,1,0,39.079,0.0,0,32.01,0,0,0,1,0,1,1,0,0,1,0,12192.0,2,1,1,1,0,0,1,0,8.4,266.6,0,0,0,0,0,1
71500,0.0,0.0,0,0,1,0,10.764,3.411,1,1,1,0,39.079,0.0,0,31.88,0,0,0,1,0,1,1,0,0,1,0,12192.0,2,1,1,1,0,0,1,0,8.1,268.5,0,0,0,0,0,1
71600,0.0,0.0,0,0,1,0,11.105,3.411,1,1,1,0,39.079,0.0,0,31.87,0,0,0,1,0,1,1,0,0,1,0,12192.0,2,1,1,1,0,0,1,0,7.8,271.2,0,0,0,0,0,1
71700,0.0,0.0,0,0,1,0,11.446,3.411,1,1,1,0,39.079,0.0,0,32.01,0,0,0,1,0,1,1,0,0,1,0,12192.0,2,1,1,1,0,0,1,0,8.1,271.9,0,0,0,0,0,1
71800,0.0,0.0,0,0,1,0,11.787,3.411,1,1,1,0,39.079,0.0,0,32.14,0,0,0,1,0,1,1,0,0,1,0,12192.0,2,1,1,1,0,0,1,0,8.6,272.0,0,0,0,0,0,1
71900,0.0,0.0,0,0,1,0,12.128,3.411,1,1,1,0,39.079,0.0,0,32.13,0,0,0,1,0,1,1,0,0,1,0,12192.0,2,1,1,1,0,0,1,0,7.8,268.8,0,0,0,0,0,1
72000,0.0,0.0,0,0,1,0,12.469,3.411,1,1,1,0,39.079,0.0,0,31.89,0,0,0,1,0,1,1,0,0,1,0,12192.0,2,1,1,1,0,0,1,0,6.5,268.4,0,0,0,0,0,1
72100,0.0,0.0,0,0,1,0,12.81,3.411,1,1,1,0,39.079,0.0,0,31.91,0,0,0,1,0,1,1,0,0,1,0,12192.0,2,1,1,1,0,0,1,0,8.0,268.7,0,0,0,0,0,1
72200,0.0,0.0,0,0,1,0,13.151,3.411,1,1,1,0,39.079,0.0,0,32.04,0,0,0,1,0,1,1,0,0,1,0,12192.0,2,1,1,1,0,0,1,0,7.6,267.4,0,0,0,0,0,1
72300,0.0,0.0,0,0,1,0,13.492,3.411,1,1,1,0,39.079,0.0,0,32.03,0,0,0,1,0,1,1,0,0,1,0,12192.0,2,1,1,1,0,0,1,0,8.1,270.8,0,0,0,0,0,1
72400,0.0,0.0,0,0,1,0,13.834,3.411,1,1,1,0,39.079,0.0,0,32.12,0,0,0,1,0,1,1,0,0,1,0,12192.0,2,1,1,1,0,0,1,0,7.7,269.1,0,0,0,0,0,1
72500,0.0,0.0,0,0,1,0,14.175,3.411,1,1,1,0,39.079,0.0,0,31.82,0,0,0,1,0,1,1,0,0,1,0,12192.0,2,1,1,1,0,0,1,0,8.9,267.7,0,0,0,0,0,1
72600,0.0,0.0,0,0,1,0,14.516,3.411,1,1,1,0,39.079,0.0,0,31.98,0,0,0,1,0,1,1,0,0,1,0,12192.0,2,1,1,1,0,0,1,0,9.1,267.5,0,0,0,0,0,1
72700,0.0,0.0,0,0,1,0,14.857,3.411,1,1,1,0,39.079,0.0,0,32.15,0,0,0,1,0,1,1,0,0,1,0,12192.0,2,1,1,1,0,0,1,0,8.3,272.9,0,0,0,0,0,1
72800,0.0,0.0,0,0,1,0,15.198,3.411,1,1,1,0,39.079,0.0,0,31.96,0,0,0,1,0,1,1,0,0,1,0,12192.0,2,1,1,1,0,0,1,0,8.1,269.4,0,0,0,0,0,1
72900,0.0,0.0,0,0,1,0,15.539,3.411,1,1,1,0,39.079,0.0,0,32.09,0,0,0,1,0,1,1,0,0,1,0,12192.0,2,1,1,1,0,0,1,0,8.1,269.2,0,0,0,0,0,1
73000,0.0,0.0,0,0,1,0,15.88,3.411,1,1,1,0,39.079,0.0,0,32.04,0,0,0,1,0,1,1,0,0,1,0,12192.0,2,1,1,1,0,0,1,0,8.6,269.9,0,0,0,0,0,1
73100,0.0,0.0,0,0,1,0,16.221,3.411,1,1,1,0,39.079,0.0,0,31.98,0,0,0,1,0,1,1,0,0,1,0,12192.0,2,1,1,1,0,0,1,0,8.5,273.6,0,0,0,0,0,1
73200,0.0,0.0,0,0,1,0,16.562,3.411,1,1,1,0,39.079,0.0,0,31.84,0,0,0,1,0,1,1,0,0,1,0,12192.0,2,1,1,1,0,0,1,0,9.4,270.5,0,0,0,0,0,1
73300,0.0,0.0,0,0,1,0,16.903,3.411,1,1,1,0,39.079,0.0,0,32.03,0,0,0,1,0,1,1,0,0,1,0,12192.0,2,1,1,1,0,0,1,0,8.1,266.7,0,0,0,0,0,1
73400,0.0,0.0,0,0,1,0,17.244,3.411,1,1,1,0,39.079,0.0,0,31.94,0,0,0,1,0,1,1,0,0,1,0,12192.0,2,1,1,1,0,0,1,0,8.8,266.1,0,0,0,0,0,1
73500,0.0,0.0,0,0,1,0,17.585,3.411,1,1,1,0,39.079,0.0,0,32.1,0,0,0,1,0,1,1,0,0,1,0,12192.0,2,1,1,1,0,0,1,0,8.8,269.9,0,0,0,0,0,1
73600,0.0,0.0,0,0,1,0,17.926,3.411,1,1,1,0,39.079,0.0,0,32.04,0,0,0,1,0,1,1,0,0,1,0,12192.0,2,1,1,1,0,0,1,0,8.2,274.1,0,0,0,0,0,1
73700,0.0,0.0,0,0,1,0,18.268,3.411,1,1,1,0,39.079,0.0,0,32.09,0,0,0,1,0,1,1,0,0,1,0,12192.0,2,1,1,1,0,0,1,0,8.0,268.4,0,0,0,0,0,1
73800,0.0,0.0,0,0,1,0,18.609,3.411,1,1,1,0,39.079,0.0,0,31.84,0,0,0,1,0,1,1,0,0,1,0,12192.0,2,1,1,1,0,0,1,0,8.4,266.4,0,0,0,0,0,1
73900,0.0,0.0,0,0,1,0,18.95,3.411,1,1,1,0,39.079,0.0,0,32.27,0,0,0,1,0,1,1,0,0,1,0,12192.0,2,1,1,1,0,0,1,0,8.6,270.9,0,0,0,0,0,1
74000,0.0,0.0,0,0,1,0,19.291,3.411,1,1,1,0,39.079,0.0,0,31.8,0,0,0,1,0,1,1,0,0,1,0,12192.0,2,1,1,1,0,0,1,0,8.5,267.9,0,0,0,0,0,1
74100,0.0,0.0,0,0,1,0,19.632,3.411,1,1,1,0,39.079,0.0,0,31.98,0,0,0,1,0,1,1,0,0,1,0,12192.0,2,1,1,1,0,0,1,0,8.1,270.9,0,0,0,0,0,1
74200,0.0,0.0,0,0,1,0,19.973,3.411,1,1,1,0,39.079,0.0,0,31.82,0,0,0,1,0,1,1,0,0,1,0,12192.0,2,1,1,1,0,0,1,0,8.0,267.0,0,0,0,0,0,1
74300,0.0,0.0,0,0,1,0,20.314,3.411,1,1,1,0,39.079,0.0,0,32.15,0,0,0,1,0,1,1,0,0,1,0,12192.0,2,1,1,1,0,0,1,0,9.1,271.8,0,0,0,0,0,1
74400,0.0,0.0,0,0,1,0,20.655,3.411,1,1,1,0,39.079,0.0,0,32.15,0,0,0,1,0,1,1,0,0,1,0,12192.0,2,1,1,1,0,0,1,0,8.6,267.4,0,0,0,0,0,1
74500,0.0,0.0,0,0,1,0,20.996,3.411,1,1,1,0,39.079,0.0,0,32.08,0,0,0,1,0,1,1,0,0,1,0,12192.0,2,1,1,1,0,0,1,0,7.9,270.9,0,0,0,0,0,1
74600,0.0,0.0,0,0,1,0,21.337,3.411,1,1,1,0,39.079,0.0,0,31.84,0,0,0,1,0,1,1,0,0,1,0,12192.0,2,1,1,1,0,0,1,0,8.3,270.1,0,0,0,0,0,1
74700,0.0,0.0,0,0,1,0,21.678,3.411,1,1,1,0,39.079,0.0,0,31.78,0,0,0,1,0,1,1,0,0,1,0,12192.0,2,1,1,1,0,0,1,0,8.4,270.4,0,0,0,0,0,1
74800,0.0,0.0,0,0,1,0,22.019,3.411,1,1,1,0,39.079,0.0,0,31.9,0,0,0,1,0,1,1,0,0,1,0,12192.0,2,1,1,1,0,0,1,0,9.1,273.6,0,0,0,0,0,1
74900,0.0,0.0,0,0,1,0,22.361,3.411,1,1,1,0,39.079,0.0,0,32.11,0,0,0,1,0,1,1,0,0,1,0,12192.0,2,1,1,1,0,0,1,0,8.0,268.2,0,0,0,0,0,1
75000,0.0,0.0,0,0,1,0,22.702,3.411,1,1,1,0,39.079,0.0,0,32.0,0,0,0,1,0,1,1,0,0,1,0,12192.0,2,1,1,1,0,0,1,0,8.0,269.0,0,0,0,0,0,1
75100,0.0,0.0,0,0,1,0,23.043,3.411,1,1,1,0,39.079,0.0,0,32.03,0,0,0,1,0,1,1,0,0,1,0,12192.0,2,1,1,1,0,0,1,0,8.0,271.9,0,0,0,0,0,1
75200,0.0,0.0,0,0,1,0,23.384,3.411,1,1,1,0,39.079,0.0,0,31.97,0,0,0,1,0,1,1,0,0,1,0,12192.0,2,1,1,1,0,0,1,0,8.5,269.4,0,0,0,0,0,1
75300,0.0,0.0,0,0,1,0,23.725,3.411,1,1,1,0,39.079,0.0,0,31.91,0,0,0,1,0,1,1,0,0,1,0,12192.0,2,1,1,1,0,0,1,0,8.4,270.7,0,0,0,0,0,1
75400,0.0,0.0,0,0,1,0,24.066,3.411,1,1,1,0,39.079,0.0,0,32.1,0,0,0,1,0,1,1,0,0,1,0,12192.0,2,1,1,1,0,0,1,0,8.0,268.6,0,0,0,0,0,1
75500,0.0,0.0,0,0,1,0,24.407,3.411,1,1,1,0,39.079,0.0,0,32.08,0,0,0,1,0,1,1,0,0,1,0,12192.0,2,1,1,1,0,0,1,0,7.5,271.1,0,0,0,0,0,1
75600,0.0,0.0,0,0,1,0,24.748,3.411,1,1,1,0,39.079,0.0,0,32.12,0,0,0,1,0,1,1,0,0,1,0,12192.0,2,1,1,1,0,0,1,0,7.4,271.8,0,0,0,0,0,1
75700,0.0,0.0,0,0,1,0,25.089,3.411,1,1,1,0,39.079,0.0,0,32.05,0,0,0,1,0,1,1,0,0,1,0,12192.0,2,1,1,1,0,0,1,0,7.6,268.8,0,0,0,0,0,1
75800,0.0,0.0,0,0,1,0,25.43,3.411,1,1,1,0,39.079,0.0,0,32.27,0,0,0,1,0,1,1,0,0,1,0,12192.0,2,1,1,1,0,0,1,0,8.3,266.0,0,0,0,0,0,1
75900,0.0,0.0,0,0,1,0,25.771,3.411,1,1,1,0,39.079,0.0,0,31.92,0,0,0,1,0,1,1,0,0,1,0,12192.0,2,1,1,1,0,0,1,0,8.6,269.7,0,0,0,0,0,1
76000,0.0,0.0,0,0,1,0,26.112,3.411,1,1,1,0,39.079,0.0,0,31.99,0,0,0,1,0,1,1,0,0,1,0,12192.0,2,1,1,1,0,0,1,0,8.3,268.3,0,0,0,0,0,1
76100,0.0,0.0,0,0,1,0,26.453,3.411,1,1,1,0,39.079,0.0,0,32.36,0,0,0,1,0,1,1,0,0,1,0,12192.0,2,1,1,1,0,0,1,0,8.0,272.6,0,0,0,0,0,1
76200,0.0,0.0,0,0,1,0,26.795,3.411,1,1,1,0,39.079,0.0,0,31.98,0,0,0,1,0,1,1,0,0,1,0,12192.0,2,1,1,1,0,0,1,0,7.6,274.0,0,0,0,0,0,1
76300,0.0,0.0,0,0,1,0,27.136,3.411,1,1,1,0,39.079,0.0,0,31.75,0,0,0,1,0,1,1,0,0,1,0,12192.0,2,1,1,1,0,0,1,0,7.7,268.2,0,0,0,0,0,1
76400,0.0,0.0,0,0,1,0,27.477,3.411,1,1,1,0,39.079,0.0,0,32.04,0,0,0,1,0,1,1,0,0,1,0,12192.0,2,1,1,1,0,0,1,0,8.3,267.7,0,0,0,0,0,1
76500,0.0,0.0,0,0,1,0,27.818,3.411,1,1,1,0,39.079,0.0,0,32.13,0,0,0,1,0,1,1,0,0,1,0,12192.0,2,1,1,1,0,0,1,0,7.9,274.4,0,0,0,0,0,1
76600,0.0,0.0,0,0,1,0,28.159,3.411,1,1,1,0,39.079,0.0,0,32.04,0,0,0,1,0,1,1,0,0,1,0,12192.0,2,1,1,1,0,0,1,0,7.7,272.6,0,0,0,0,0,1
76700,0.0,0.0,0,0,1,0,28.5,3.411,1,1,1,0,39.079,0.0,0,32.0,0,0,0,1,0,1,1,0,0,1,0,12192.0,2,1,1,1,0,0,1,0,8.3,267.9,0,0,0,0,0,1
76800,0.0,0.0,0,0,1,0,28.841,3.411,1,1,1,0,39.079,0.0,0,32.12,0,0,0,1,0,1,1,0,0,1,0,12192.0,2,1,1,1,0,0,1,0,8.0,269.0,0,0,0,0,0,1
76900,0.0,0.0,0,0,1,0,29.182,3.411,1,1,1,0,39.079,0.0,0,31.98,0,0,0,1,0,1,1,0,0,1,0,12192.0,2,1,1,1,0,0,1,0,8.1,270.0,0,0,0,0,0,1
77000,0.0,0.0,0,0,1,0,29.523,3.411,1,1,1,0,39.079,0.0,0,31.95,0,0,0,1,0,1,1,0,0,1,0,12192.0,2,1,1,1,0,0,1,0,8.1,271.6,0,0,0,0,0,1
77100,0.0,0.0,0,0,1,0,29.864,3.411,1,1,1,0,39.079,0.0,0,31.94,0,0,0,1,0,1,1,0,0,1,0,12192.0,2,1,1,1,0,0,1,0,7.9,267.2,0,0,0,0,0,1
77200,0.0,0.0,0,0,1,0,30.205,3.411,1,1,1,0,39.079,0.0,0,32.21,0,0,0,1,0,1,1,0,0,1,0,12192.0,2,1,1,1,0,0,1,0,7.8,273.0,0,0,0,0,0,1
77300,0.0,0.0,0,0,1,0,30.546,3.411,1,1,1,0,39.079,0.0,0,32.05,0,0,0,1,0,1,1,0,0,1,0,12192.0,2,1,1,1,0,0,1,0,7.7,271.9,0,0,0,0,0,1
77400,0.0,0.0,0,0,1,0,30.887,3.411,1,1,1,0,39.079,0.0,0,32.1,0,0,0,1,0,1,1,0,0,1,0,12192.0,2,1,1,1,0,0,1,0,7.0,270.1,0,0,0,0,0,1
77500,0.0,0.0,0,0,1,0,31.229,3.411,1,1,1,0,39.079,0.0,0,31.99,0,0,0,1,0,1,1,0,0,1,0,12192.0,2,1,1,1,0,0,1,0,7.6,269.5,0,0,0,0,0,1
77600,0.0,0.0,0,0,1,0,31.57,3.411,1,1,1,0,39.079,0.0,0,31.85,0,0,0,1,0,1,1,0,0,1,0,12192.0,2,1,1,1,0,0,1,0,7.1,266.0,0,0,0,0,0,1
77700,0.0,0.0,0,0,1,0,31.911,3.411,1,1,1,0,39.079,0.0,0,32.07,0,0,0,1,0,1,1,0,0,1,0,12192.0,2,1,1,1,0,0,1,0,8.0,273.4,0,0,0,0,0,1
77800,0.0,0.0,0,0,1,0,32.252,3.411,1,1,1,0,39.079,0.0,0,32.09,0,0,0,1,0,1,1,0,0,1,0,12192.0,2,1,1,1,0,0,1,0,8.0,267.7,0,0,0,0,0,1
77900,0.0,0.0,0,0,1,0,32.593,3.411,1,1,1,0,39.079,0.0,0,32.03,0,0,0,1,0,1,1,0,0,1,0,12192.0,2,1,1,1,0,0,1,0,7.6,262.0,0,0,0,0,0,1
78000,0.0,0.0,0,0,1,0,32.934,3.411,1,1,1,0,39.079,0.0,0,32.11,0,0,0,1,0,1,1,0,0,1,0,12192.0,2,1,1,1,0,0,1,0,7.6,267.1,0,0,0,0,0,1
78100,0.0,0.0,0,0,1,0,33.275,3.411,1,1,1,0,39.079,0.0,0,31.84,0,0,0,1,0,1,1,0,0,1,0,12192.0,2,1,1,1,0,0,1,0,7.6,270.1,0,0,0,0,0,1
78200,0.0,0.0,0,0,1,0,33.616,3.411,1,1,1,0,39.079,0.0,0,31.81,0,0,0,1,0,1,1,0,0,1,0,12192.0,2,1,1,1,0,0,1,0,7.8,268.8,0,0,0,0,0,1
78300,0.0,0.0,0,0,1,0,33.957,3.411,1,1,1,0,39.079,0.0,0,31.81,0,0,0,1,0,1,1,0,0,1,0,12192.0,2,1,1,1,0,0,1,0,7.2,269.6,0,0,0,0,0,1
78400,0.0,0.0,0,0,1,0,34.298,3.411,1,1,1,0,39.079,0.0,0,31.94,0,0,0,1,0,1,1,0,0,1,0,12192.0,2,1,1,1,0,0,1,0,7.5,269.5,0,0,0,0,0,1
78500,0.0,0.0,0,0,1,0,34.639,3.411,1,1,1,0,39.079,0.0,0,32.01,0,0,0,1,0,1,1,0,0,1,0,12192.0,2,1,1,1,0,0,1,0,7.3,270.2,0,0,0,0,0,1
78600,0.0,0.0,0,0,1,0,34.98,3.411,1,1,1,0,39.079,0.0,0,32.18,0,0,0,1,0,1,1,0,0,1,0,12192.0,2,1,1,1,0,0,1,0,7.5,270.9,0,0,0,0,0,1
78700,0.0,0.0,0,0,1,0,35.322,3.411,1,1,1,0,39.079,0.0,0,31.98,0,0,0,1,0,1,1,0,0,1,0,12192.0,2,1,1,1,0,0,1,0,7.3,268.4,0,0,0,0,0,1
78800,0.0,0.0,0,0,1,0,35.663,3.411,1,1,1,0,39.079,0.0,0,32.12,0,0,0,1,0,1,1,0,0,1,0,12192.0,2,1,1,1,0,0,1,0,6.6,271.4,0,0,0,0,0,1
78900,0.0,0.0,0,0,1,0,36.004,3.411,1,1,1,0,39.079,0.0,0,32.19,0,0,0,1,0,1,1,0,0,1,0,12192.0,2,1,1,1,0,0,1,0,7.4,269.6,0,0,0,0,0,1
79000,0.0,0.0,0,0,1,0,36.345,3.411,1,1,1,0,39.079,0.0,0,31.96,0,0,0,1,0,1,1,0,0,1,0,12192.0,2,1,1,1,0,0,1,0,7.8,270.8,0,0,0,0,0,1
79100,0.0,0.0,0,0,1,0,36.686,3.411,1,1,1,0,39.079,0.0,0,32.02,0,0,0,1,0,1,1,0,0,1,0,12192.0,2,1,1,1,0,0,1,0,7.5,268.5,0,0,0,0,0,1
79200,0.0,0.0,0,0,1,0,37.027,3.411,1,1,1,0,39.079,0.0,0,32.15,0,0,0,1,0,1,1,0,0,1,0,12192.0,2,1,1,1,0,0,1,0,7.6,272.9,0,0,0,0,0,1
79300,0.0,0.0,0,0,1,0,37.368,3.411,1,1,1,0,39.079,0.0,0,32.1,0,0,0,1,0,1,1,0,0,1,0,12192.0,2,1,1,1,0,0,1,0,7.7,269.3,0,0,0,0,0,1
79400,0.0,0.0,0,0,1,0,37.709,3.411,1,1,1,0,39.079,0.0,0,31.95,0,0,0,1,0,1,1,0,0,1,0,12192.0,2,1,1,1,0,0,1,0,7.3,269.5,0,0,0,0,0,1
79500,0.0,0.0,0,0,1,0,38.05,3.411,1,1,1,0,39.079,0.0,0,31.86,0,0,0,1,0,1,1,0,0,1,0,12192.0,2,1,1,1,0,0,1,0,8.5,269.5,0,0,0,0,0,1
79600,0.0,0.0,0,0,1,0,38.391,3.411,1,1,1,0,39.079,0.0,0,32.05,0,0,0,1,0,1,1,0,0,1,0,12192.0,2,1,1,1,0,0,1,0,7.9,268.1,0,0,0,0,0,1
79700,0.0,0.0,0,0,1,0,38.732,3.411,1,1,1,0,39.079,0.0,0,32.12,0,0,0,1,0,1,1,0,0,1,0,12192.0,2,1,1,1,0,0,1,0,7.9,266.9,0,0,0,0,0,1
79800,0.0,0.0,0,0,1,0,39.073,3.411,1,1,1,0,39.079,0.0,0,32.02,0,0,0,1,0,1,1,0,0,1,0,12192.0,2,1,1,1,0,0,1,0,7.9,268.6,0,0,0,0,0,1
79900,0.0,0.0,0,0,1,0,39.414,3.411,1,1,1,0,39.079,0.0,0,32.02,0,0,0,1,0,1,1,0,0,1,0,12192.0,2,1,1,1,0,0,1,0,7.1,267.7,0,0,0,0,0,1
80000,0.0,0.0,0,0,1,0,39.756,3.411,1,1,1,0,39.079,0.0,0,32.04,0,0,0,1,0,1,1,0,0,1,0,12192.0,2,1,1,1,0,0,1,0,7.2,272.7,0,0,0,0,0,1
80100,0.0,0.0,0,0,1,0,40.097,3.411,1,1,1,0,39.079,0.0,0,31.81,0,0,0,1,0,1,1,0,0,1,0,12192.0,2,1,1,1,0,0,1,0,8.0,269.6,0,0,0,0,0,1
80200,0.0,0.0,0,0,1,0,40.438,3.411,1,1,1,0,39.079,0.0,0,32.03,0,0,0,1,0,1,1,0,0,1,0,12192.0,2,1,1,1,0,0,1,0,7.6,270.9,0,0,0,0,0,1
80300,0.0,0.0,0,0,1,0,40.779,3.411,1,1,1,0,39.079,0.0,0,31.93,0,0,0,1,0,1,1,0,0,1,0,12192.0,2,1,1,1,0,0,1,0,8.1,266.2,0,0,0,0,0,1
80400,0.0,0.0,0,0,1,0,41.12,3.411,1,1,1,0,39.079,0.0,0,31.9,0,0,0,1,0,1,1,0,0,1,0,12192.0,2,1,1,1,0,0,1,0,7.9,271.0,0,0,0,0,0,1
80500,0.0,0.0,0,0,1,0,41.461,3.411,1,1,1,0,39.079,0.0,0,31.94,0,0,0,1,0,1,1,0,0,1,0,12192.0,2,1,1,1,0,0,1,0,8.4,268.5,0,0,0,0,0,1
80600,0.0,0.0,0,0,1,0,41.802,3.411,1,1,1,0,39.079,0.0,0,31.98,0,0,0,1,0,1,1,0,0,1,0,12192.0,2,1,1,1,0,0,1,0,7.7,267.5,0,0,0,0,0,1
80700,0.0,0.0,0,0,1,0,42.143,3.411,1,1,1,0,39.079,0.0,0,31.82,0,0,0,1,0,1,1,0,0,1,0,12192.0,2,1,1,1,0,0,1,0,8.3,263.9,0,0,0,0,0,1
80800,0.0,0.0,0,0,1,0,42.484,3.411,1,1,1,0,39.079,0.0,0,31.72,0,0,0,1,0,1,1,0,0,1,0,12192.0,2,1,1,1,0,0,1,0,8.4,274.3,0,0,0,0,0,1
80900,0.0,0.0,0,0,1,0,42.825,3.411,1,1,1,0,39.079,0.0,0,31.95,0,0,0,1,0,1,1,0,0,1,0,12192.0,2,1,1,1,0,0,1,0,8.0,274.4,0,0,0,0,0,1
81000,0.0,0.0,0,0,1,0,43.166,3.411,1,1,1,0,39.079,0.0,0,31.9,0,0,0,1,0,1,1,0,0,1,0,12192.0,2,1,1,1,0,0,1,0,8.3,272.7,0,0,0,0,0,1
81100,0.0,0.0,0,0,1,0,43.507,3.411,1,1,1,0,39.079,0.0,0,31.83,0,0,0,1,0,1,1,0,0,1,0,12192.0,2,1,1,1,0,0,1,0,8.6,272.2,0,0,0,0,0,1
81200,0.0,0.0,0,0,1,0,43.848,3.411,1,1,1,0,39.079,0.0,0,32.0,0,0,0,1,0,1,1,0,0,1,0,12192.0,2,1,1,1,0,0,1,0,8.1,271.4,0,0,0,0,0,1
81300,0.0,0.0,0,0,1,0,44.19,3.411,1,1,1,0,39.079,0.0,0,31.69,0,0,0,1,0,1,1,0,0,1,0,12192.0,2,1,1,1,0,0,1,0,9.8,270.5,0,0,0,0,0,1
81400,0.0,0.0,0,0,1,0,44.531,3.411,1,1,1,0,39.079,0.0,0,32.08,0,0,0,1,0,1,1,0,0,1,0,12192.0,2,1,1,1,0,0,1,0,8.0,268.0,0,0,0,0,0,1
81500,0.0,0.0,0,0,1,0,44.872,3.411,1,1,1,0,39.079,0.0,0,31.75,0,0,0,1,0,1,1,0,0,1,0,12192.0,2,1,1,1,0,0,1,0,8.2,274.0,0,0,0,0,0,1
81600,0.0,0.0,0,0,1,0,45.213,3.411,1,1,1,0,39.079,0.0,0,31.95,0,0,0,1,0,1,1,0,0,1,0,12192.0,2,1,1,1,0,0,1,0,8.3,268.1,0,0,0,0,0,1
81700,0.0,0.0,0,0,1,0,45.554,3.411,1,1,1,0,39.079,0.0,0,32.2,0,0,0,1,0,1,1,0,0,1,0,12192.0,2,1,1,1,0,0,1,0,7.8,269.0,0,0,0,0,0,1
81800,0.0,0.0,0,0,1,0,45.895,3.411,1,1,1,0,39.079,0.0,0,31.91,0,0,0,1,0,1,1,0,0,1,0,12192.0,2,1,1,1,0,0,1,0,8.0,270.5,0,0,0,0,0,1
81900,0.0,0.0,0,0,1,0,46.236,3.411,1,1,1,0,39.079,0.0,0,32.0,0,0,0,1,0,1,1,0,0,1,0,12192.0,2,1,1,1,0,0,1,0,8.8,266.7,0,0,0,0,0,1
82000,0.0,0.0,0,0,1,0,46.577,3.411,1,1,1,0,39.079,0.0,0,32.04,0,0,0,1,0,1,1,0,0,1,0,12192.0,2,1,1,1,0,0,1,0,8.6,268.5,0,0,0,0,0,1
82100,0.0,0.0,0,0,1,0,46.918,3.411,1,1,1,0,39.079,0.0,0,32.0,0,0,0,1,0,1,1,0,0,1,0,12192.0,2,1,1,1,0,0,1,0,8.0,266.4,0,0,0,0,0,1
82200,0.0,0.0,0,0,1,0,47.259,3.411,1,1,1,0,39.079,0.0,0,32.07,0,0,0,1,0,1,1,0,0,1,0,12192.0,2,1,1,1,0,0,1,0,8.4,268.6,0,0,0,0,0,1
82300,0.0,0.0,0,0,1,0,47.6,3.411,1,1,1,0,39.079,0.0,0,31.89,0,0,0,1,0,1,1,0,0,1,0,12192.0,2,1,1,1,0,0,1,0,8.8,267.6,0,0,0,0,0,1
82400,0.0,0.0,0,0,1,0,47.941,3.411,1,1,1,0,39.079,0.0,0,32.18,0,0,0,1,0,1,1,0,0,1,0,12192.0,2,1,1,1,0,0,1,0,8.4,270.9,0,0,0,0,0,1
82500,0.0,0.0,0,0,1,0,48.283,3.411,1,1,1,0,39.079,0.0,0,32.06,0,0,0,1,0,1,1,0,0,1,0,12192.0,2,1,1,1,0,0,1,0,9.2,270.0,0,0,0,0,0,1
82600,0.0,0.0,0,0,1,0,48.624,3.411,1,1,1,0,39.079,0.0,0,31.98,0,0,0,1,0,1,1,0,0,1,0,12192.0,2,1,1,1,0,0,1,0,8.1,269.4,0,0,0,0,0,1
82700,0.0,0.0,0,0,1,0,48.965,3.411,1,1,1,0,39.079,0.0,0,32.2,0,0,0,1,0,1,1,0,0,1,0,12192.0,2,1,1,1,0,0,1,0,8.1,274.4,0,0,0,0,0,1
82800,0.0,0.0,0,0,1,0,49.306,3.411,1,1,1,0,39.079,0.0,0,31.98,0,0,0,1,0,1,1,0,0,1,0,12192.0,2,1,1,1,0,0,1,0,8.6,274.2,0,0,0,0,0,1
82900,0.0,0.0,0,0,1,0,49.647,3.411,1,1,1,0,39.079,0.0,0,32.08,0,0,0,1,0,1,1,0,0,1,0,12192.0,2,1,1,1,0,0,1,0,7.9,268.7,0,0,0,0,0,1
83000,0.0,0.0,0,0,1,0,49.988,3.411,1,1,1,0,39.079,0.0,0,31.96,0,0,0,1,0,1,1,0,0,1,0,12192.0,2,1,1,1,0,0,1,0,9.0,268.9,0,0,0,0,0,1
83100,0.0,0.0,0,0,1,0,50.329,3.411,1,1,1,0,39.079,0.0,0,32.11,0,0,0,1,0,1,1,0,0,1,0,12192.0,2,1,1,1,0,0,1,0,8.6,267.7,0,0,0,0,0,1
83200,0.0,0.0,0,0,1,0,50.67,3.411,1,1,1,0,39.079,0.0,0,31.87,0,0,0,1,0,1,1,0,0,1,0,12192.0,2,1,1,1,0,0,1,0,8.4,271.2,0,0,0,0,0,1
83300,0.0,0.0,0,0,1,0,51.011,3.411,1,1,1,0,39.079,0.0,0,32.26,0,0,0,1,0,1,1,0,0,1,0,12192.0,2,1,1,1,0,0,1,0,8.6,269.8,0,0,0,0,0,1
83400,0.0,0.0,0,0,1,0,51.352,3.411,1,1,1,0,39.079,0.0,0,31.98,0,0,0,1,0,1,1,0,0,1,0,12192.0,2,1,1,1,0,0,1,0,8.4,269.6,0,0,0,0,0,1
83500,0.0,0.0,0,0,1,0,51.693,3.411,1,1,1,0,39.079,0.0,0,32.03,0,0,0,1,0,1,1,0,0,1,0,12192.0,2,1,1,1,0,0,1,0,8.3,267.8,0,0,0,0,0,1
83600,0.0,0.0,0,0,1,0,52.034,3.411,1,1,1,0,39.079,0.0,0,31.91,0,0,0,1,0,1,1,0,0,1,0,12192.0,2,1,1,1,0,0,1,0,8.2,271.0,0,0,0,0,0,1
83700,0.0,0.0,0,0,1,0,52.375,3.411,1,1,1,0,39.079,0.0,0,32.02,0,0,0,1,0,1,1,0,0,1,0,12192.0,2,1,1,1,0,0,1,0,8.7,273.2,0,0,0,0,0,1
83800,0.0,0.0,0,0,1,0,52.717,3.411,1,1,1,0,39.079,0.0,0,32.09,0,0,0,1,0,1,1,0,0,1,0,12192.0,2,1,1,1,0,0,1,0,8.8,271.6,0,0,0,0,0,1
83900,0.0,0.0,0,0,1,0,53.058,3.411,1,1,1,0,39.079,0.0,0,32.02,0,0,0,1,0,1,1,0,0,1,0,12192.0,2,1,1,1,0,0,1,0,8.8,269.3,0,0,0,0,0,1
84000,0.0,0.0,0,0,1,0,53.399,3.411,1,1,1,0,39.079,0.0,0,31.91,0,0,0,1,0,1,1,0,0,1,0,12192.0,2,1,1,1,0,0,1,0,8.7,270.7,0,0,0,0,0,1
84100,0.0,0.0,0,0,1,0,53.74,3.411,1,1,1,0,39.079,0.0,0,31.84,0,0,0,1,0,1,1,0,0,1,0,12192.0,2,1,1,1,0,0,1,0,8.6,270.2,0,0,0,0,0,1
84200,0.0,0.0,0,0,1,0,54.081,3.411,1,1,1,0,39.079,0.0,0,31.94,0,0,0,1,0,1,1,0,0,1,0,12192.0,2,1,1,1,0,0,1,0,8.3,271.1,0,0,0,0,0,1
84300,0.0,0.0,0,0,1,0,54.422,3.411,1,1,1,0,39.079,0.0,0,32.12,0,0,0,1,0,1,1,0,0,1,0,12192.0,2,1,1,1,0,0,1,0,8.1,269.2,0,0,0,0,0,1
84400,0.0,0.0,0,0,1,0,54.763,3.411,1,1,1,0,39.079,0.0,0,31.86,0,0,0,1,0,1,1,0,0,1,0,12192.0,2,1,1,1,0,0,1,0,8.3,267.9,0,0,0,0,0,1
84500,0.0,0.0,0,0,1,0,55.104,3.411,1,1,1,0,39.079,0.0,0,31.99,0,0,0,1,0,1,1,0,0,1,0,12192.0,2,1,1,1,0,0,1,0,8.1,267.2,0,0,0,0,0,1
84600,0.0,0.0,0,0,1,0,55.445,3.411,1,1,1,0,39.079,0.0,0,31.89,0,0,0,1,0,1,1,0,0,1,0,12192.0,2,1,1,1,0,0,1,0,8.0,271.4,0,0,0,0,0,1
84700,0.0,0.0,0,0,1,0,55.786,3.411,1,1,1,0,39.079,0.0,0,31.92,0,0,0,1,0,1,1,0,0,1,0,12192.0,2,1,1,1,0,0,1,0,7.8,270.3,0,0,0,0,0,1
84800,0.0,0.0,0,0,1,0,56.127,3.411,1,1,1,0,39.079,0.0,0,32.19,0,0,0,1,0,1,1,0,0,1,0,12192.0,2,1,1,1,0,0,1,0,8.8,270.9,0,0,0,0,0,1
84900,0.0,0.0,0,0,1,0,56.468,3.411,1,1,1,0,39.079,0.0,0,32.02,0,0,0,1,0,1,1,0,0,1,0,12192.0,2,1,1,1,0,0,1,0,7.8,267.5,0,0,0,0,0,1
85000,0.0,0.0,0,0,1,0,56.809,3.411,1,1,1,0,39.079,0.0,0,31.79,0,0,0,1,0,1,1,0,0,1,0,12192.0,2,1,1,1,0,0,1,0,8.0,271.0,0,0,0,0,0,1
85100,0.0,0.0,0,0,1,0,57.151,3.411,1,1,1,0,39.079,0.0,0,31.97,0,0,0,1,0,1,1,0,0,1,0,12192.0,2,1,1,1,0,0,1,0,7.9,269.3,0,0,0,0,0,1
85200,0.0,0.0,0,0,1,0,57.492,3.411,1,1,1,0,39.079,0.0,0,32.05,0,0,0,1,0,1,1,0,0,1,0,12192.0,2,1,1,1,0,0,1,0,8.5,267.1,0,0,0,0,0,1
85300,0.0,0.0,0,0,1,0,57.833,3.411,1,1,1,0,39.079,0.0,0,32.14,0,0,0,1,0,1,1,0,0,1,0,12192.0,2,1,1,1,0,0,1,0,7.8,267.2,0,0,0,0,0,1
85400,0.0,0.0,0,0,1,0,58.174,3.411,1,1,1,0,39.079,0.0,0,31.94,0,0,0,1,0,1,1,0,0,1,0,12192.0,2,1,1,1,0,0,1,0,7.2,268.6,0,0,0,0,0,1
85500,0.0,0.0,0,0,1,0,58.515,3.411,1,1,1,0,39.079,0.0,0,32.05,0,0,0,1,0,1,1,0,0,1,0,12192.0,2,1,1,1,0,0,1,0,8.2,266.7,0,0,0,0,0,1
85600,0.0,0.0,0,0,1,0,58.856,3.411,1,1,1,0,39.079,0.0,0,32.25,0,0,0,1,0,1,1,0,0,1,0,12192.0,2,1,1,1,0,0,1,0,6.8,267.5,0,0,0,0,0,1
85700,0.0,0.0,0,0,1,0,59.197,3.411,1,1,1,0,39.079,0.0,0,32.07,0,0,0,1,0,1,1,0,0,1,0,12192.0,2,1,1,1,0,0,1,0,7.9,272.0,0,0,0,0,0,1
85800,0.0,0.0,0,0,1,0,59.538,3.411,1,1,1,0,39.079,0.0,0,32.27,0,0,0,1,0,1,1,0,0,1,0,12192.0,2,1,1,1,0,0,1,0,8.2,264.3,0,0,0,0,0,1
85900,0.0,0.0,0,0,1,0,59.879,3.411,1,1,1,0,39.079,0.0,0,32.18,0,0,0,1,0,1,1,0,0,1,0,12192.0,2,1,1,1,0,0,1,0,7.4,270.9,0,0,0,0,0,1
86000,0.0,0.0,0,0,1,0,60.22,3.411,1,1,1,0,39.079,0.0,0,31.89,0,0,0,1,0,1,1,0,0,1,0,12192.0,2,1,1,1,0,0,1,0,8.0,271.3,0,0,0,0,0,1
86100,0.0,0.0,0,0,1,0,60.561,3.411,1,1,1,0,39.079,0.0,0,31.86,0,0,0,1,0,1,1,0,0,1,0,12192.0,2,1,1,1,0,0,1,0,7.7,271.1,0,0,0,0,0,1
86200,0.0,0.0,0,0,1,0,60.902,3.411,1,1,1,0,39.079,0.0,0,32.0,0,0,0,1,0,1,1,0,0,1,0,12192.0,2,1,1,1,0,0,1,0,7.5,266.3,0,0,0,0,0,1
86300,0.0,0.0,0,0,1,0,61.244,3.411,1,1,1,0,39.079,0.0,0,32.04,0,0,0,1,0,1,1,0,0,1,0,12192.0,2,1,1,1,0,0,1,0,7.6,269.6,0,0,0,0,0,1
86400,0.0,0.0,0,0,1,0,61.585,3.411,1,1,1,0,39.079,0.0,0,31.84,0,0,0,1,0,1,1,0,0,1,0,12192.0,2,1,1,1,0,0,1,0,7.7,268.3,0,0,0,0,0,1
86500,0.0,0.0,0,0,1,0,61.926,3.411,1,1,1,0,39.079,0.0,0,31.92,0,0,0,1,0,1,1,0,0,1,0,12192.0,2,1,1,1,0,0,1,0,7.5,268.6,0,0,0,0,0,1
86600,0.0,0.0,0,0,1,0,62.267,3.411,1,1,1,0,39.079,0.0,0,31.84,0,0,0,1,0,1,1,0,0,1,0,12192.0,2,1,1,1,0,0,1,0,7.9,267.7,0,0,0,0,0,1
86700,0.0,0.0,0,0,1,0,62.608,3.411,1,1,1,0,39.079,0.0,0,32.08,0,0,0,1,0,1,1,0,0,1,0,12192.0,2,1,1,1,0,0,1,0,7.6,269.6,0,0,0,0,0,1
86800,0.0,0.0,0,0,1,0,62.949,3.411,1,1,1,0,39.079,0.0,0,32.15,0,0,0,1,0,1,1,0,0,1,0,12192.0,2,1,1,1,0,0,1,0,7.1,268.5,0,0,0,0,0,1
86900,0.0,0.0,0,0,1,0,63.29,3.411,1,1,1,0,39.079,0.0,0,31.91,0,0,0,1,0,1,1,0,0,1,0,12192.0,2,1,1,1,0,0,1,0,8.0,270.4,0,0,0,0,0,1
87000,0.0,0.0,0,0,1,0,63.631,3.411,1,1,1,0,39.079,0.0,0,31.95,0,0,0,1,0,1,1,0,0,1,0,12192.0,2,1,1,1,0,0,1,0,7.5,271.2,0,0,0,0,0,1
87100,0.0,0.0,0,0,1,0,63.972,3.411,1,1,1,0,39.079,0.0,0,32.04,0,0,0,1,0,1,1,0,0,1,0,12192.0,2,1,1,1,0,0,1,0,8.0,273.0,0,0,0,0,0,1
87200,0.0,0.0,0,0,1,0,64.313,3.411,1,1,1,0,39.079,0.0,0,31.82,0,0,0,1,0,1,1,0,0,1,0,12192.0,2,1,1,1,0,0,1,0,7.1,267.5,0,0,0,0,0,1
87300,0.0,0.0,0,0,1,0,64.654,3.411,1,1,1,0,39.079,0.0,0,32.18,0,0,0,1,0,1,1,0,0,1,0,12192.0,2,1,1,1,0,0,1,0,7.0,271.1,0,0,0,0,0,1
87400,0.0,0.0,0,0,1,0,64.995,3.411,1,1,1,0,39.079,0.0,0,32.08,0,0,0,1,0,1,1,0,0,1,0,12192.0,2,1,1,1,0,0,1,0,6.8,268.4,0,0,0,0,0,1
87500,0.0,0.0,0,0,1,0,65.336,3.411,1,1,1,0,39.079,0.0,0,31.98,0,0,0,1,0,1,1,0,0,1,0,12192.0,2,1,1,1,0,0,1,0,7.6,268.7,0,0,0,0,0,1
87600,0.0,0.0,0,0,1,0,65.678,3.411,1,1,1,0,39.079,0.0,0,32.03,0,0,0,1,0,1,1,0,0,1,0,12192.0,2,1,1,1,0,0,1,0,7.5,272.6,0,0,0,0,0,1
87700,0.0,0.0,0,0,1,0,66.019,3.411,1,1,1,0,39.079,0.0,0,31.85,0,0,0,1,0,1,1,0,0,1,0,12192.0,2,1,1,1,0,0,1,0,8.0,267.5,0,0,0,0,0,1
87800,0.0,0.0,0,0,1,0,66.36,3.411,1,1,1,0,39.079,0.0,0,32.09,0,0,0,1,0,1,1,0,0,1,0,12192.0,2,1,1,1,0,0,1,0,7.2,270.2,0,0,0,0,0,1
87900,0.0,0.0,0,0,1,0,66.701,3.411,1,1,1,0,39.079,0.0,0,32.0,0,0,0,1,0,1,1,0,0,1,0,12192.0,2,1,1,1,0,0,1,0,8.0,269.0,0,0,0,0,0,1
88000,0.0,0.0,0,0,1,0,67.042,3.411,1,1,1,0,39.079,0.0,0,32.14,0,0,0,1,0,1,1,0,0,1,0,12192.0,2,1,1,1,0,0,1,0,7.1,271.1,0,0,0,0,0,1
88100,0.0,0.0,0,0,1,0,67.383,3.411,1,1,1,0,39.079,0.0,0,31.91,0,0,0,1,0,1,1,0,0,1,0,12192.0,2,1,1,1,0,0,1,0,8.5,268.5,0,0,0,0,0,1
88200,0.0,0.0,0,0,1,0,67.724,3.411,1,1,1,0,39.079,0.0,0,32.07,0,0,0,1,0,1,1,0,0,1,0,12192.0,2,1,1,1,0,0,1,0,7.4,273.1,0,0,0,0,0,1
88300,0.0,0.0,0,0,1,0,68.065,3.411,1,1,1,0,39.079,0.0,0,32.06,0,0,0,1,0,1,1,0,0,1,0,12192.0,2,1,1,1,0,0,1,0,7.3,272.7,0,0,0,0,0,1
88400,0.0,0.0,0,0,1,0,68.406,3.411,1,1,1,0,39.079,0.0,0,31.75,0,0,0,1,0,1,1,0,0,1,0,12192.0,2,1,1,1,0,0,1,0,7.8,267.7,0,0,0,0,0,1
88500,0.0,0.0,0,0,1,0,68.747,3.411,1,1,1,0,39.079,0.0,0,31.99,0,0,0,1,0,1,1,0,0,1,0,12192.0,2,1,1,1,0,0,1,0,7.5,273.6,0,0,0,0,0,1
88600,0.0,0.0,0,0,1,0,69.088,3.411,1,1,1,0,39.079,0.0,0,31.96,0,0,0,1,0,1,1,0,0,1,0,12192.0,2,1,1,1,0,0,1,0,7.6,268.0,0,0,0,0,0,1
88700,0.0,0.0,0,0,1,0,69.423,3.35,1,1,1,0,39.079,0.0,0,31.86,0,0,0,1,0,1,1,0,0,1,0,12192.0,2,1,1,1,0,0,1,0,7.8,267.1,0,0,0,0,0,1
88800,0.0,0.0,0,0,1,0,69.752,3.289,1,1,1,0,39.079,0.0,0,31.98,0,0,0,1,0,1,1,0,0,1,0,12192.0,2,1,1,1,0,0,1,0,7.3,268.5,0,0,0,0,0,1
88900,0.0,0.0,0,0,1,0,70.075,3.228,1,1,1,0,39.079,0.0,0,32.14,0,0,0,1,0,1,1,0,0,1,0,12192.0,2,1,1,1,0,0,1,0,8.0,269.0,0,0,0,0,0,1
89000,0.0,0.0,0,0,1,0,70.392,3.167,1,1,1,0,39.079,0.0,0,31.88,0,0,0,1,0,1,1,0,0,1,0,12192.0,2,1,1,1,0,0,1,0,7.6,272.2,0,0,0,0,0,1
89100,0.0,0.0,0,0,1,0,70.702,3.106,1,1,1,0,39.079,0.0,0,32.11,0,0,0,1,0,1,1,0,0,1,0,12192.0,2,1,1,1,0,0,1,0,7.9,272.1,0,0,0,0,0,1
89200,0.0,0.0,0,0,1,0,71.007,3.045,1,1,1,0,39.079,0.0,0,32.14,0,0,0,1,0,1,1,0,0,1,0,12192.0,2,1,1,1,0,0,1,0,8.0,267.4,0,0,0,0,0,1
89300,0.0,0.0,0,0,1,0,71.305,2.984,1,1,1,0,39.079,0.0,0,31.97,0,0,0,1,0,1,1,0,0,1,0,12192.0,2,1,1,1,0,0,1,0,8.2,266.6,0,0,0,0,0,1
89400,0.0,0.0,0,0,1,0,71.598,2.923,1,1,1,0,39.079,0.0,0,32.19,0,0,0,1,0,1,1,0,0,1,0,12192.0,2,1,1,1,0,0,1,0,7.9,270.5,0,0,0,0,0,1
89500,0.0,0.0,0,0,1,0,71.884,2.862,1,1,1,0,39.079,0.0,0,31.95,0,0,0,1,0,1,1,0,0,1,0,12192.0,2,1,1,1,0,0,1,0,7.0,264.4,0,0,0,0,0,1
89600,0.0,0.0,0,0,1,0,72.164,2.801,1,1,1,0,39.079,0.0,0,31.77,0,0,0,1,0,1,1,0,0,1,0,12192.0,2,1,1,1,0,0,1,0,7.5,269.8,0,0,0,0,0,1
89700,0.0,0.0,0,0,1,0,72.438,2.74,1,1,1,0,39.079,0.0,0,31.87,0,0,0,1,0,1,1,0,0,1,0,12192.0,2,1,1,1,0,0,1,0,8.6,269.1,0,0,0,0,0,1
89800,0.0,0.0,0,0,1,0,72.706,2.68,1,1,1,0,39.079,0.0,0,31.88,0,0,0,1,0,1,1,0,0,1,0,12192.0,2,1,1,1,0,0,1,0,7.6,272.5,0,0,0,0,0,1
89900,0.0,0.0,0,0,1,0,72.968,2.619,1,1,1,0,39.079,0.0,0,31.9,0,0,0,1,0,1,1,0,0,1,0,12192.0,2,1,1,1,0,0,1,0,8.4,273.1,0,0,0,0,0,1
90000,0.0,0.0,0,0,1,0,73.224,2.558,1,1,1,0,39.079,0.0,0,32.06,0,0,0,1,0,1,1,0,0,1,0,12192.0,2,1,1,1,0,0,1,0,8.3,271.4,0,0,0,0,0,1
90100,0.0,0.0,0,0,1,0,73.473,2.497,1,1,1,0,39.079,0.0,0,32.21,0,0,0,1,0,1,1,0,0,1,0,12192.0,2,1,1,1,0,0,1,0,8.6,269.0,0,0,0,0,0,1
90200,0.0,0.0,0,0,1,0,73.717,2.436,1,1,1,0,39.079,0.0,0,31.78,0,0,0,1,0,1,1,0,0,1,0,12192.0,2,1,1,1,0,0,1,0,8.4,270.8,0,0,0,0,0,1
90300,0.0,0.0,0,0,1,0,73.954,2.375,1,1,1,0,39.079,0.0,0,31.81,0,0,0,1,0,1,1,0,0,1,0,12192.0,2,1,1,1,0,0,1,0,8.4,272.8,0,0,0,0,0,1
90400,0.0,0.0,0,0,1,0,74.186,2.314,1,1,1,0,39.079,0.0,0,32.1,0,0,0,1,0,1,1,0,0,1,0,12192.0,2,1,1,1,0,0,1,0,8.7,266.1,0,0,0,0,0,1
90500,0.0,0.0,0,0,1,0,74.411,2.253,1,1,1,0,39.079,0.0,0,31.86,0,0,0,1,0,1,1,0,0,1,0,12192.0,2,1,1,1,0,0,1,0,8.1,269.7,0,0,0,0,0,1
90600,0.0,0.0,0,0,1,0,74.63,2.192,1,1,1,0,39.079,0.0,0,32.12,0,0,0,1,0,1,1,0,0,1,0,12192.0,2,1,1,1,0,0,1,0,8.6,264.2,0,0,0,0,0,1
90700,0.0,0.0,0,0,1,0,74.843,2.131,1,1,1,0,39.079,0.0,0,31.95,0,0,0,1,0,1,1,0,0,1,0,12192.0,2,1,1,1,0,0,1,0,7.9,267.6,0,0,0,0,0,1
90800,0.0,0.0,0,0,1,0,75.05,2.07,1,1,1,0,39.079,0.0,0,31.79,0,0,0,1,0,1,1,0,0,1,0,12192.0,2,1,1,1,0,0,1,0,9.0,269.9,0,0,0,0,0,1
90900,0.0,0.0,0,0,1,0,75.251,2.009,1,1,1,0,39.079,0.0,0,32.23,0,0,0,1,0,1,1,0,0,1,0,12192.0,2,1,1,1,0,0,1,0,9.2,271.4,0,0,0,0,0,1
91000,0.0,0.0,0,0,1,0,75.446,1.948,1,1,1,0,39.079,0.0,0,31.95,0,0,0,1,0,1,1,0,0,1,0,12192.0,2,1,1,1,0,0,1,0,8.2,267.7,0,0,0,0,0,1
91100,0.0,0.0,0,0,1,0,75.635,1.887,1,1,1,0,39.079,0.0,0,32.14,0,0,0,1,0,1,1,0,0,1,0,12192.0,2,1,1,1,0,0,1,0,8.5,269.7,0,0,0,0,0,1
91200,0.0,0.0,0,0,1,0,75.817,1.826,1,1,1,0,39.079,0.0,0,32.14,0,0,0,1,0,1,1,0,0,1,0,12192.0,2,1,1,1,0,0,1,0,8.4,268.2,0,0,0,0,0,1
91300,0.0,0.0,0,0,1,0,75.994,1.765,1,1,1,0,39.079,0.0,0,32.13,0,0,0,1,0,1,1,0,0,1,0,12192.0,2,1,1,1,0,0,1,0,8.5,272.4,0,0,0,0,0,1
91400,0.0,0.0,0,0,1,0,76.164,1.705,1,1,1,0,39.079,0.0,0,31.97,0,0,0,1,0,1,1,0,0,1,0,12192.0,2,1,1,1,0,0,1,0,8.5,266.7,0,0,0,0,0,1
91500,0.0,0.0,0,0,1,0,76.335,1.705,1,1,1,0,39.079,0.0,0,32.02,0,0,0,1,0,1,1,0,0,1,0,12192.0,2,1,1,1,0,0,1,0,8.2,267.9,0,0,0,0,0,1
91600,0.0,0.0,0,0,1,0,76.499,1.643,1,1,1,0,39.079,0.0,0,32.11,0,0,0,1,0,1,1,0,0,1,0,12192.0,2,1,1,1,0,0,1,0,8.9,269.5,0,0,0,0,0,1
91700,0.0,0.0,0,0,1,0,76.657,1.581,1,1,1,0,39.079,0.0,0,31.74,0,0,0,1,0,1,1,0,0,1,0,12192.0,2,1,1,1,0,0,1,0,8.4,270.2,0,0,0,0,0,1
91800,0.0,0.0,0,0,1,0,76.809,1.519,1,1,1,0,39.079,0.0,0,31.8,0,0,0,1,0,1,1,0,0,1,0,12192.0,2,1,1,1,0,0,1,0,8.9,267.9,0,0,0,0,0,1
91900,0.0,0.0,0,0,1,0,76.955,1.457,1,1,1,0,39.079,0.0,0,32.1,0,0,0,1,0,1,1,0,0,1,0,12192.0,2,1,1,1,0,0,1,0,8.7,271.3,0,0,0,0,0,1
92000,0.0,0.0,0,0,1,0,77.094,1.394,1,1,1,0,39.079,0.0,0,31.93,0,0,0,1,0,1,1,0,0,1,0,12192.0,2,1,1,1,0,0,1,0,8.4,271.2,0,0,0,0,0,1
92100,0.0,0.0,0,0,1,0,77.228,1.332,1,1,1,0,39.079,0.0,0,31.99,0,0,0,1,0,1,1,0,0,1,0,12192.0,2,1,1,1,0,0,1,0,8.1,272.6,0,0,0,0,0,1
92200,0.0,0.0,0,0,1,0,77.354,1.27,1,1,1,0,39.079,0.0,0,31.91,0,0,0,1,0,1,1,0,0,1,0,12192.0,2,1,1,1,0,0,1,0,8.9,271.7,0,0,0,0,0,1
92300,0.0,0.0,0,0,1,0,77.475,1.207,1,1,1,0,39.079,0.0,0,31.69,0,0,0,1,0,1,1,0,0,1,0,12192.0,2,1,1,1,0,0,1,0,8.3,270.9,0,0,0,0,0,1
92400,0.0,0.0,0,0,1,0,77.59,1.145,1,1,1,0,39.079,0.0,0,32.11,0,0,0,1,0,1,1,0,0,1,0,12192.0,2,1,1,1,0,0,1,0,8.5,267.7,0,0,0,0,0,1
92500,0.0,0.0,0,0,1,0,77.698,1.082,1,1,1,0,39.079,0.0,0,31.79,0,0,0,1,0,1,1,0,0,1,0,12192.0,2,1,1,1,0,0,1,0,8.8,272.0,0,0,0,0,0,1
92600,0.0,0.0,0,0,1,0,77.8,1.019,1,1,1,0,39.079,0.0,0,32.06,0,0,0,1,0,1,1,0,0,1,0,12192.0,2,1,1,1,0,0,1,0,7.7,270.6,0,0,0,0,0,1
92700,0.0,0.0,0,0,1,0,77.895,0.956,1,1,1,0,39.079,0.0,0,31.71,0,0,0,1,0,1,1,0,0,1,0,12192.0,2,1,1,1,0,0,1,0,8.5,268.8,0,0,0,0,0,1
92800,0.0,0.0,0,0,1,0,77.985,0.893,1,1,1,0,39.079,0.0,0,32.31,0,0,0,1,0,1,1,0,0,1,0,12192.0,2,1,1,1,0,0,1,0,9.0,269.7,0,0,0,0,0,1
92900,0.0,0.0,0,0,1,0,78.068,0.83,1,1,1,0,39.079,0.0,0,31.89,0,0,0,1,0,1,1,0,0,1,0,12192.0,2,1,1,1,0,0,1,0,8.3,267.3,0,0,0,0,0,1
93000,0.0,0.0,0,0,1,0,78.144,0.767,1,1,1,0,39.079,0.0,0,32.1,0,0,0,1,0,1,1,0,0,1,0,12192.0,2,1,1,1,0,0,1,0,8.1,270.4,0,0,0,0,0,1
93100,0.0,0.0,0,0,1,0,78.215,0.703,1,1,1,0,39.079,0.0,0,32.05,0,0,0,1,0,1,1,0,0,1,0,12192.0,2,1,1,1,0,0,1,0,9.4,271.1,0,0,0,0,0,1
93200,0.0,0.0,0,0,1,0,78.279,0.639,1,1,1,0,39.079,0.0,0,32.13,0,0,0,1,0,1,1,0,0,1,0,12192.0,2,1,1,1,0,0,1,0,8.9,268.6,0,0,0,0,0,1
93300,0.0,0.0,0,0,1,0,78.336,0.575,1,1,1,0,39.079,0.0,0,32.02,0,0,0,1,0,1,1,0,0,1,0,12192.0,2,1,1,1,0,0,1,0,8.1,267.9,0,0,0,0,0,1
93400,0.0,0.0,0,0,1,0,78.387,0.511,1,1,1,0,39.079,0.0,0,31.91,0,0,0,1,0,1,1,0,0,1,0,12192.0,2,1,1,1,0,0,1,0,8.0,271.9,0,0,0,0,0,1
93500,0.0,0.0,0,0,1,0,78.432,0.445,1,1,1,0,39.079,0.0,0,31.99,0,0,0,1,0,1,1,0,0,1,0,12192.0,2,1,1,1,0,0,1,0,8.7,267.3,0,0,0,0,0,1
93600,0.0,0.0,0,0,1,0,78.47,0.38,1,1,1,0,39.079,0.0,0,31.81,0,0,0,1,0,1,1,0,0,1,0,12192.0,2,1,1,1,0,0,1,0,8.2,268.5,0,0,0,0,0,1
93700,0.0,0.0,0,0,1,0,78.501,0.313,1,1,1,0,39.079,0.0,0,32.17,0,0,0,1,0,1,1,0,0,1,0,12192.0,2,1,1,1,0,0,1,0,8.1,269.6,0,0,0,0,0,1
93800,0.0,0.0,0,0,1,0,78.525,0.244,1,1,1,0,39.079,0.0,0,31.96,0,0,0,1,0,1,1,0,0,1,0,12192.0,2,1,1,1,0,0,1,0,7.8,267.9,0,0,0,0,0,1
93900,0.0,0.0,0,0,1,0,78.543,0.173,1,1,1,0,39.079,0.0,0,31.96,0,0,0,1,0,1,1,0,0,1,0,12192.0,2,1,1,1,0,0,1,0,8.4,269.3,0,0,0,0,0,1
94000,0.0,0.0,0,0,1,0,78.552,0.094,1,1,1,0,39.079,0.0,0,32.18,0,0,0,1,0,1,1,0,0,1,0,12192.0,2,1,1,1,0,0,1,0,8.3,273.1,0,0,0,0,0,1
94100,0.0,0.0,0,0,0,0,78.555,0.0,0,0,0,0,39.079,0.0,0,31.89,0,0,0,0,0,1,1,0,0,1,0,12192.0,2,1,1,0,1,0,1,0,7.1,270.5,0,0,0,0,0,1
94200,0.0,0.0,0,0,1,0,78.555,0.0,0,0,1,0,39.074,-0.048,0,30.37,0,0,1,1,0,1,1,0,0,1,0,12192.0,2,1,1,1,0,0,1,0,8.7,273.9,0,0,0,0,0,1
94300,0.0,0.0,0,0,1,0,78.555,0.0,0,0,1,0,39.064,-0.097,0,30.4,0,0,1,1,0,1,1,0,0,1,0,12192.0,2,1,1,1,0,0,1,0,7.5,270.5,0,0,0,0,0,1
94400,0.0,0.0,0,0,1,0,78.555,0.0,0,0,1,0,39.05,-0.145,0,30.44,0,0,1,1,0,1,1,0,0,1,0,12192.0,2,1,1,1,0,0,1,0,8.3,272.1,0,0,0,0,0,1
94500,0.0,0.0,0,0,1,0,78.555,0.0,0,0,1,0,39.031,-0.193,0,30.32,0,0,1,1,0,1,1,0,0,1,0,12192.0,2,1,1,1,0,0,1,0,7.0,272.6,0,0,0,0,0,1
94600,0.0,0.0,0,0,1,0,78.555,0.0,0,0,1,0,39.006,-0.241,0,30.35,0,0,1,1,0,1,1,0,0,1,0,12192.0,2,1,1,1,0,0,1,0,7.4,273.7,0,0,0,0,0,1
94700,0.0,0.0,0,0,1,0,78.555,0.0,0,0,1,0,38.978,-0.29,0,30.24,0,0,1,1,0,1,1,0,0,1,0,12192.0,2,1,1,1,0,0,1,0,8.7,273.7,0,0,0,0,0,1
94800,0.0,0.0,0,0,1,0,78.555,0.0,0,0,1,0,38.944,-0.338,0,30.51,0,0,1,1,0,1,1,0,0,1,0,12192.0,2,1,1,1,0,0,1,0,8.2,273.1,0,0,0,0,0,1
94900,0.0,0.0,0,0,1,0,78.555,0.0,0,0,1,0,38.905,-0.386,0,30.22,0,0,1,1,0,1,1,0,0,1,0,12192.0,2,1,1,1,0,0,1,0,7.7,267.5,0,0,0,0,0,1
95000,0.0,0.0,0,0,1,0,78.555,0.0,0,0,1,0,38.862,-0.434,0,30.51,0,0,1,1,0,1,1,0,0,1,0,12192.0,2,1,1,1,0,0,1,0,7.4,271.4,0,0,0,0,0,1
95100,0.0,0.0,0,0,1,0,78.555,0.0,0,0,1,0,38.813,-0.483,0,30.34,0,0,1,1,0,1,1,0,0,1,0,12192.0,2,1,1,1,0,0,1,0,7.5,267.3,0,0,0,0,0,1
95200,0.0,0.0,0,0,1,0,78.555,0.0,0,0,1,0,38.76,-0.531,0,30.44,0,0,1,1,0,1,1,0,0,1,0,12192.0,2,1,1,1,0,0,1,0,7.6,271.0,0,0,0,0,0,1
95300,0.0,0.0,0,0,1,0,78.555,0.0,0,0,1,0,38.702,-0.579,0,30.4,0,0,1,1,0,1,1,0,0,1,0,12192.0,2,1,1,1,0,0,1,0,7.5,269.9,0,0,0,0,0,1
95400,0.0,0.0,0,0,1,0,78.555,0.0,0,0,1,0,38.64,-0.628,0,30.31,0,0,1,1,0,1,1,0,0,1,0,12192.0,2,1,1,1,0,0,1,0,7.8,272.2,0,0,0,0,0,1
95500,0.0,0.0,0,0,1,0,78.555,0.0,0,0,1,0,38.572,-0.676,0,30.38,0,0,1,1,0,1,1,0,0,1,0,12192.0,2,1,1,1,0,0,1,0,7.5,270.5,0,0,0,0,0,1
95600,0.0,0.0,0,0,1,0,78.555,0.0,0,0,1,0,38.5,-0.724,0,30.59,0,0,1,1,0,1,1,0,0,1,0,12192.0,2,1,1,1,0,0,1,0,7.7,272.7,0,0,0,0,0,1
95700,0.0,0.0,0,0,1,0,78.555,0.0,0,0,1,0,38.422,-0.772,0,30.33,0,0,1,1,0,1,1,0,0,1,0,12192.0,2,1,1,1,0,0,1,0,7.8,270.9,0,0,0,0,0,1
95800,0.0,0.0,0,0,1,0,78.555,0.0,0,0,1,0,38.34,-0.821,0,30.54,0,0,1,1,0,1,1,0,0,1,0,12192.0,2,1,1,1,0,0,1,0,7.7,272.9,0,0,0,0,0,1
95900,0.0,0.0,0,0,1,0,78.555,0.0,0,0,1,0,38.253,-0.869,0,30.59,0,0,1,1,0,1,1,0,0,1,0,12192.0,2,1,1,1,0,0,1,0,7.0,267.1,0,0,0,0,0,1
96000,0.0,0.0,0,0,1,0,78.555,0.0,0,0,1,0,38.162,-0.917,0,30.69,0,0,1,1,0,1,1,0,0,1,0,12192.0,2,1,1,1,0,0,1,0,7.7,271.7,0,0,0,0,0,1
96100,0.0,0.0,0,0,1,0,78.555,0.0,0,0,1,0,38.065,-0.965,0,30.51,0,0,1,1,0,1,1,0,0,1,0,12192.0,2,1,1,1,0,0,1,0,8.1,267.1,0,0,0,0,0,1
96200,0.0,0.0,0,0,1,0,78.555,0.0,0,0,1,0,37.964,-1.014,0,30.41,0,0,1,1,0,1,1,0,0,1,0,12192.0,2,1,1,1,0,0,1,0,6.6,267.4,0,0,0,0,0,1
96300,0.0,0.0,0,0,1,0,78.555,0.0,0,0,1,0,37.858,-1.062,0,30.42,0,0,1,1,0,1,1,0,0,1,0,12192.0,2,1,1,1,0,0,1,0,8.0,268.8,0,0,0,0,0,1
96400,0.0,0.0,0,0,1,0,78.555,0.0,0,0,1,0,37.747,-1.11,0,30.47,0,0,1,1,0,1,1,0,0,1,0,12192.0,2,1,1,1,0,0,1,0,7.3,269.6,0,0,0,0,0,1
96500,0.0,0.0,0,0,1,0,78.555,0.0,0,0,1,0,37.631,-1.159,0,30.4,0,0,1,1,0,1,1,0,0,1,0,12192.0,2,1,1,1,0,0,1,0,7.5,268.8,0,0,0,0,0,1
96600,0.0,0.0,0,0,1,0,78.555,0.0,0,0,1,0,37.51,-1.207,0,30.5,0,0,1,1,0,1,1,0,0,1,0,12192.0,2,1,1,1,0,0,1,0,7.6,267.8,0,0,0,0,0,1
96700,0.0,0.0,0,0,1,0,78.555,0.0,0,0,1,0,37.385,-1.255,0,30.5,0,0,1,1,0,1,1,0,0,1,0,12192.0,2,1,1,1,0,0,1,0,7.3,265.7,0,0,0,0,0,1
96800,0.0,0.0,0,0,1,0,78.555,0.0,0,0,1,0,37.256,-1.29,0,30.41,0,0,1,1,0,1,1,0,0,1,0,12192.0,2,1,1,1,0,0,1,0,7.0,269.2,0,0,0,0,0,1
96900,0.0,0.0,0,0,1,0,78.555,0.0,0,0,1,0,37.127,-1.29,0,30.31,0,0,1,1,0,1,1,0,0,1,0,12192.0,2,1,1,1,0,0,1,0,7.6,267.1,0,0,0,0,0,1
97000,0.0,0.0,0,0,1,0,78.555,0.0,0,0,1,0,36.998,-1.29,0,30.27,0,0,1,1,0,1,1,0,0,1,0,12192.0,2,1,1,1,0,0,1,0,7.0,272.1,0,0,0,0,0,1
97100,0.0,0.0,0,0,1,0,78.555,0.0,0,0,1,0,36.869,-1.29,0,30.38,0,0,1,1,0,1,1,0,0,1,0,12192.0,2,1,1,1,0,0,1,0,7.0,272.2,0,0,0,0,0,1
97200,0.0,0.0,0,0,1,0,78.555,0.0,0,0,1,0,36.74,-1.29,0,30.47,0,0,1,1,0,1,1,0,0,1,0,12192.0,2,1,1,1,0,0,1,0,7.1,271.1,0,0,0,0,0,1
97300,0.0,0.0,0,0,1,0,78.555,0.0,0,0,1,0,36.611,-1.29,0,30.28,0,0,1,1,0,1,1,0,0,1,0,12192.0,2,1,1,1,0,0,1,0,7.6,267.7,0,0,0,0,0,1
97400,0.0,0.0,0,0,1,0,78.555,0.0,0,0,1,0,36.482,-1.29,0,30.71,0,0,1,1,0,1,1,0,0,1,0,12192.0,2,1,1,1,0,0,1,0,7.3,268.9,0,0,0,0,0,1
97500,0.0,0.0,0,0,1,0,78.555,0.0,0,0,1,0,36.353,-1.29,0,30.3,0,0,1,1,0,1,1,0,0,1,0,12192.0,2,1,1,1,0,0,1,0,7.6,269.2,0,0,0,0,0,1
97600,0.0,0.0,0,0,1,0,78.555,0.0,0,0,1,0,36.224,-1.29,0,30.33,0,0,1,1,0,1,1,0,0,1,0,12192.0,2,1,1,1,0,0,1,0,7.4,270.2,0,0,0,0,0,1
97700,0.0,0.0,0,0,1,0,78.555,0.0,0,0,1,0,36.095,-1.29,0,30.25,0,0,1,1,0,1,1,0,0,1,0,12192.0,2,1,1,1,0,0,1,0,7.7,266.9,0,0,0,0,0,1
97800,0.0,0.0,0,0,1,0,78.555,0.0,0,0,1,0,35.966,-1.29,0,30.34,0,0,1,1,0,1,1,0,0,1,0,12192.0,2,1,1,1,0,0,1,0,8.0,271.8,0,0,0,0,0,1
97900,0.0,0.0,0,0,1,0,78.555,0.0,0,0,1,0,35.837,-1.29,0,30.23,0,0,1,1,0,1,1,0,0,1,0,12192.0,2,1,1,1,0,0,1,0,7.9,270.9,0,0,0,0,0,1
98000,0.0,0.0,0,0,1,0,78.555,0.0,0,0,1,0,35.708,-1.29,0,30.54,0,0,1,1,0,1,1,0,0,1,0,12192.0,2,1,1,1,0,0,1,0,7.6,274.5,0,0,0,0,0,1
98100,0.0,0.0,0,0,1,0,78.555,0.0,0,0,1,0,35.579,-1.29,0,30.29,0,0,1,1,0,1,1,0,0,1,0,12192.0,2,1,1,1,0,0,1,0,7.0,268.7,0,0,0,0,0,1
98200,0.0,0.0,0,0,1,0,78.555,0.0,0,0,1,0,35.45,-1.29,0,30.31,0,0,1,1,0,1,1,0,0,1,0,12192.0,2,1,1,1,0,0,1,0,8.5,272.6,0,0,0,0,0,1
98300,0.0,0.0,0,0,1,0,78.555,0.0,0,0,1,0,35.321,-1.29,0,30.31,0,0,1,1,0,1,1,0,0,1,0,12192.0,2,1,1,1,0,0,1,0,7.4,264.7,0,0,0,0,0,1
98400,0.0,0.0,0,0,1,0,78.555,0.0,0,0,1,0,35.192,-1.29,0,30.39,0,0,1,1,0,1,1,0,0,1,0,12192.0,2,1,1,1,0,0,1,0,8.7,268.7,0,0,0,0,0,1
98500,0.0,0.0,0,0,1,0,78.555,0.0,0,0,1,0,35.063,-1.29,0,30.43,0,0,1,1,0,1,1,0,0,1,0,12192.0,2,1,1,1,0,0,1,0,7.5,268.4,0,0,0,0,0,1
98600,0.0,0.0,0,0,1,0,78.555,0.0,0,0,1,0,34.934,-1.29,0,30.36,0,0,1,1,0,1,1,0,0,1,0,12192.0,2,1,1,1,0,0,1,0,8.6,270.6,0,0,0,0,0,1
98700,0.0,0.0,0,0,1,0,78.555,0.0,0,0,1,0,34.805,-1.29,0,30.4,0,0,1,1,0,1,1,0,0,1,0,12192.0,2,1,1,1,0,0,1,0,9.2,267.5,0,0,0,0,0,1
98800,0.0,0.0,0,0,1,0,78.555,0.0,0,0,1,0,34.676,-1.29,0,30.22,0,0,1,1,0,1,1,0,0,1,0,12192.0,2,1,1,1,0,0,1,0,7.9,273.8,0,0,0,0,0,1
98900,0.0,0.0,0,0,1,0,78.555,0.0,0,0,1,0,34.547,-1.29,0,30.28,0,0,1,1,0,1,1,0,0,1,0,12192.0,2,1,1,1,0,0,1,0,8.6,273.4,0,0,0,0,0,1
99000,0.0,0.0,0,0,1,0,78.555,0.0,0,0,1,0,34.418,-1.29,0,30.41,0,0,1,1,0,1,1,0,0,1,0,12192.0,2,1,1,1,0,0,1,0,7.9,269.3,0,0,0,0,0,1
99100,0.0,0.0,0,0,1,0,78.555,0.0,0,0,1,0,34.289,-1.29,0,30.21,0,0,1,1,0,1,1,0,0,1,0,12192.0,2,1,1,1,0,0,1,0,7.7,266.3,0,0,0,0,0,1
99200,0.0,0.0,0,0,1,0,78.555,0.0,0,0,1,0,34.16,-1.29,0,30.44,0,0,1,1,0,1,1,0,0,1,0,12192.0,2,1,1,1,0,0,1,0,8.7,269.5,0,0,0,0,0,1
99300,0.0,0.0,0,0,1,0,78.555,0.0,0,0,1,0,34.031,-1.29,0,30.26,0,0,1,1,0,1,1,0,0,1,0,12192.0,2,1,1,1,0,0,1,0,8.6,272.9,0,0,0,0,0,1
99400,0.0,0.0,0,0,1,0,78.555,0.0,0,0,1,0,33.902,-1.29,0,30.15,0,0,1,1,0,1,1,0,0,1,0,12192.0,2,1,1,1,0,0,1,0,8.7,273.1,0,0,0,0,0,1
99500,0.0,0.0,0,0,1,0,78.555,0.0,0,0,1,0,33.773,-1.29,0,30.44,0,0,1,1,0,1,1,0,0,1,0,12192.0,2,1,1,1,0,0,1,0,8.4,268.5,0,0,0,0,0,1
99600,0.0,0.0,0,0,1,0,78.555,0.0,0,0,1,0,33.644,-1.29,0,30.44,0,0,1,1,0,1,1,0,0,1,0,12192.0,2,1,1,1,0,0,1,0,7.8,267.2,0,0,0,0,0,1
99700,0.0,0.0,0,0,1,0,78.555,0.0,0,0,1,0,33.515,-1.29,0,30.31,0,0,1,1,0,1,1,0,0,1,0,12192.0,2,1,1,1,0,0,1,0,8.4,269.0,0,0,0,0,0,1
99800,0.0,0.0,0,0,1,0,78.555,0.0,0,0,1,0,33.386,-1.29,0,30.35,0,0,1,1,0,1,1,0,0,1,0,12192.0,2,1,1,1,0,0,1,0,8.3,270.7,0,0,0,0,0,1
99900,0.0,0.0,0,0,1,0,78.555,0.0,0,0,1,0,33.257,-1.29,0,30.52,0,0,1,1,0,1,1,0,0,1,0,12192.0,2,1,1,1,0,0,1,0,8.1,274.6,0,0,0,0,0,1
100000,0.0,0.0,0,0,1,0,78.555,0.0,0,0,1,0,33.128,-1.29,0,30.78,0,0,1,1,0,1,1,0,0,1,0,12192.0,2,1,1,1,0,0,1,0,8.7,267.7,0,0,0,0,0,1
100100,0.0,0.0,0,0,1,0,78.555,0.0,0,0,1,0,32.999,-1.29,0,30.33,0,0,1,1,0,1,1,0,0,1,0,12192.0,2,1,1,1,0,0,1,0,8.7,272.5,0,0,0,0,0,1
100200,0.0,0.0,0,0,1,0,78.555,0.0,0,0,1,0,32.87,-1.29,0,30.15,0,0,1,1,0,1,1,0,0,1,0,12192.0,2,1,1,1,0,0,1,0,8.8,272.5,0,0,0,0,0,1
100300,0.0,0.0,0,0,1,0,78.555,0.0,0,0,1,0,32.741,-1.29,0,30.48,0,0,1,1,0,1,1,0,0,1,0,12192.0,2,1,1,1,0,0,1,0,9.1,276.4,0,0,0,0,0,1
100400,0.0,0.0,0,0,1,0,78.555,0.0,0,0,1,0,32.612,-1.29,0,30.29,0,0,1,1,0,1,1,0,0,1,0,12192.0,2,1,1,1,0,0,1,0,8.8,267.5,0,0,0,0,0,1
100500,0.0,0.0,0,0,1,0,78.555,0.0,0,0,1,0,32.483,-1.29,0,30.55,0,0,1,1,0,1,1,0,0,1,0,12192.0,2,1,1,1,0,0,1,0,8.5,270.5,0,0,0,0,0,1
100600,0.0,0.0,0,0,1,0,78.555,0.0,0,0,1,0,32.354,-1.29,0,30.43,0,0,1,1,0,1,1,0,0,1,0,12192.0,2,1,1,1,0,0,1,0,8.4,270.8,0,0,0,0,0,1
100700,0.0,0.0,0,0,1,0,78.555,0.0,0,0,1,0,32.225,-1.29,0,30.71,0,0,1,1,0,1,1,0,0,1,0,12192.0,2,1,1,1,0,0,1,0,8.5,268.6,0,0,0,0,0,1
100800,0.0,0.0,0,0,1,0,78.555,0.0,0,0,1,0,32.096,-1.29,0,30.43,0,0,1,1,0,1,1,0,0,1,0,12192.0,2,1,1,1,0,0,1,0,8.4,269.0,0,0,0,0,0,1
100900,0.0,0.0,0,0,1,0,78.555,0.0,0,0,1,0,31.967,-1.29,0,30.56,0,0,1,1,0,1,1,0,0,1,0,12192.0,2,1,1,1,0,0,1,0,8.7,272.7,0,0,0,0,0,1
101000,0.0,0.0,0,0,1,0,78.555,0.0,0,0,1,0,31.838,-1.29,0,30.6,0,0,1,1,0,1,1,0,0,1,0,12192.0,2,1,1,1,0,0,1,0,9.0,271.9,0,0,0,0,0,1
101100,0.0,0.0,0,0,1,0,78.555,0.0,0,0,1,0,31.709,-1.29,0,30.33,0,0,1,1,0,1,1,0,0,1,0,12192.0,2,1,1,1,0,0,1,0,9.1,272.3,0,0,0,0,0,1
101200,0.0,0.0,0,0,1,0,78.555,0.0,0,0,1,0,31.58,-1.29,0,30.3,0,0,1,1,0,1,1,0,0,1,0,12192.0,2,1,1,1,0,0,1,0,8.1,270.8,0,0,0,0,0,1
101300,0.0,0.0,0,0,1,0,78.555,0.0,0,0,1,0,31.451,-1.29,0,30.49,0,0,1,1,0,1,1,0,0,1,0,12192.0,2,1,1,1,0,0,1,0,8.9,271.5,0,0,0,0,0,1
101400,0.0,0.0,0,0,1,0,78.555,0.0,0,0,1,0,31.322,-1.29,0,30.53,0,0,1,1,0,1,1,0,0,1,0,12192.0,2,1,1,1,0,0,1,0,9.4,269.8,0,0,0,0,0,1
101500,0.0,0.0,0,0,1,0,78.555,0.0,0,0,1,0,31.193,-1.29,0,30.33,0,0,1,1,0,1,1,0,0,1,0,12192.0,2,1,1,1,0,0,1,0,9.2,267.2,0,0,0,0,0,1
101600,0.0,0.0,0,0,1,0,78.555,0.0,0,0,1,0,31.064,-1.29,0,30.54,0,0,1,1,0,1,1,0,0,1,0,12192.0,2,1,1,1,0,0,1,0,8.6,267.4,0,0,0,0,0,1
101700,0.0,0.0,0,0,1,0,78.555,0.0,0,0,1,0,30.935,-1.29,0,30.33,0,0,1,1,0,1,1,0,0,1,0,12192.0,2,1,1,1,0,0,1,0,9.0,262.4,0,0,0,0,0,1
101800,0.0,0.0,0,0,1,0,78.555,0.0,0,0,1,0,30.807,-1.29,0,30.13,0,0,1,1,0,1,1,0,0,1,0,12192.0,2,1,1,1,0,0,1,0,8.4,266.0,0,0,0,0,0,1
101900,0.0,0.0,0,0,1,0,78.555,0.0,0,0,1,0,30.678,-1.29,0,30.59,0,0,1,1,0,1,1,0,0,1,0,12192.0,2,1,1,1,0,0,1,0,8.5,265.6,0,0,0,0,0,1
102000,0.0,0.0,0,0,1,0,78.555,0.0,0,0,1,0,30.549,-1.29,0,30.45,0,0,1,1,0,1,1,0,0,1,0,12192.0,2,1,1,1,0,0,1,0,8.4,266.9,0,0,0,0,0,1
102100,0.0,0.0,0,0,1,0,78.555,0.0,0,0,1,0,30.42,-1.29,0,30.33,0,0,1,1,0,1,1,0,0,1,0,12192.0,2,1,1,1,0,0,1,0,8.1,268.8,0,0,0,0,0,1
102200,0.0,0.0,0,0,1,0,78.555,0.0,0,0,1,0,30.291,-1.29,0,30.36,0,0,1,1,0,1,1,0,0,1,0,12192.0,2,1,1,1,0,0,1,0,8.1,265.3,0,0,0,0,0,1
102300,0.0,0.0,0,0,1,0,78.555,0.0,0,0,1,0,30.162,-1.29,0,30.54,0,0,1,1,0,1,1,0,0,1,0,12192.0,2,1,1,1,0,0,1,0,8.2,270.8,0,0,0,0,0,1
102400,0.0,0.0,0,0,1,0,78.555,0.0,0,0,1,0,30.033,-1.29,0,30.57,0,0,1,1,0,1,1,0,0,1,0,12192.0,2,1,1,1,0,0,1,0,8.4,273.0,0,0,0,0,0,1
102500,0.0,0.0,0,0,1,0,78.555,0.0,0,0,1,0,29.904,-1.29,0,30.39,0,0,1,1,0,1,1,0,0,1,0,12192.0,2,1,1,1,0,0,1,0,7.9,269.0,0,0,0,0,0,1
102600,0.0,0.0,0,0,1,0,78.555,0.0,0,0,1,0,29.775,-1.29,0,30.35,0,0,1,1,0,1,1,0,0,1,0,12192.0,2,1,1,1,0,0,1,0,8.2,273.6,0,0,0,0,0,1
102700,0.0,0.0,0,0,1,0,78.555,0.0,0,0,1,0,29.646,-1.29,0,30.33,0,0,1,1,0,1,1,0,0,1,0,12192.0,2,1,1,1,0,0,1,0,7.6,270.6,0,0,0,0,0,1
102800,0.0,0.0,0,0,1,0,78.555,0.0,0,0,1,0,29.517,-1.29,0,30.35,0,0,1,1,0,1,1,0,0,1,0,12192.0,2,1,1,1,0,0,1,0,8.4,272.6,0,0,0,0,0,1
102900,0.0,0.0,0,0,1,0,78.555,0.0,0,0,1,0,29.388,-1.29,0,30.36,0,0,1,1,0,1,1,0,0,1,0,12192.0,2,1,1,1,0,0,1,0,8.1,271.3,0,0,0,0,0,1
103000,0.0,0.0,0,0,1,0,78.555,0.0,0,0,1,0,29.259,-1.29,0,30.49,0,0,1,1,0,1,1,0,0,1,0,12192.0,2,1,1,1,0,0,1,0,8.3,264.9,0,0,0,0,0,1
103100,0.0,0.0,0,0,1,0,78.555,0.0,0,0,1,0,29.13,-1.29,0,30.42,0,0,1,1,0,1,1,0,0,1,0,12192.0,2,1,1,1,0,0,1,0,7.4,270.9,0,0,0,0,0,1
103200,0.0,0.0,0,0,1,0,78.555,0.0,0,0,1,0,29.001,-1.29,0,30.33,0,0,1,1,0,1,1,0,0,1,0,12192.0,2,1,1,1,0,0,1,0,7.9,273.3,0,0,0,0,0,1
103300,0.0,0.0,0,0,1,0,78.555,0.0,0,0,1,0,28.872,-1.29,0,30.51,0,0,1,1,0,1,1,0,0,1,0,12192.0,2,1,1,1,0,0,1,0,8.6,275.0,0,0,0,0,0,1
103400,0.0,0.0,0,0,1,0,78.555,0.0,0,0,1,0,28.743,-1.29,0,30.35,0,0,1,1,0,1,1,0,0,1,0,12192.0,2,1,1,1,0,0,1,0,8.2,271.3,0,0,0,0,0,1
103500,0.0,0.0,0,0,1,0,78.555,0.0,0,0,1,0,28.614,-1.29,0,30.35,0,0,1,1,0,1,1,0,0,1,0,12192.0,2,1,1,1,0,0,1,0,8.2,273.5,0,0,0,0,0,1
103600,0.0,0.0,0,0,1,0,78.555,0.0,0,0,1,0,28.485,-1.29,0,30.3,0,0,1,1,0,1,1,0,0,1,0,12192.0,2,1,1,1,0,0,1,0,7.6,272.2,0,0,0,0,0,1
103700,0.0,0.0,0,0,1,0,78.555,0.0,0,0,1,0,28.356,-1.29,0,30.6,0,0,1,1,0,1,1,0,0,1,0,12192.0,2,1,1,1,0,0,1,0,8.1,269.7,0,0,0,0,0,1
103800,0.0,0.0,0,0,1,0,78.555,0.0,0,0,1,0,28.227,-1.29,0,30.38,0,0,1,1,0,1,1,0,0,1,0,12192.0,2,1,1,1,0,0,1,0,7.9,274.7,0,0,0,0,0,1
103900,0.0,0.0,0,0,1,0,78.555,0.0,0,0,1,0,28.098,-1.29,0,30.63,0,0,1,1,0,1,1,0,0,1,0,12192.0,2,1,1,1,0,0,1,0,7.5,271.6,0,0,0,0,0,1
104000,0.0,0.0,0,0,1,0,78.555,0.0,0,0,1,0,27.969,-1.29,0,30.31,0,0,1,1,0,1,1,0,0,1,0,12192.0,2,1,1,1,0,0,1,0,8.0,272.2,0,0,0,0,0,1
104100,0.0,0.0,0,0,1,0,78.555,0.0,0,0,1,0,27.84,-1.29,0,30.37,0,0,1,1,0,1,1,0,0,1,0,12192.0,2,1,1,1,0,0,1,0,8.1,271.4,0,0,0,0,0,1
104200,0.0,0.0,0,0,1,0,78.555,0.0,0,0,1,0,27.711,-1.29,0,30.42,0,0,1,1,0,1,1,0,0,1,0,12192.0,2,1,1,1,0,0,1,0,7.8,270.2,0,0,0,0,0,1
104300,0.0,0.0,0,0,1,0,78.555,0.0,0,0,1,0,27.582,-1.29,0,30.66,0,0,1,1,0,1,1,0,0,1,0,12192.0,2,1,1,1,0,0,1,0,7.6,270.6,0,0,0,0,0,1
104400,0.0,0.0,0,0,1,0,78.555,0.0,0,0,1,0,27.453,-1.29,0,30.39,0,0,1,1,0,1,1,0,0,1,0,12192.0,2,1,1,1,0,0,1,0,7.1,271.8,0,0,0,0,0,1
104500,0.0,0.0,0,0,1,0,78.555,0.0,0,0,1,0,27.324,-1.29,0,30.45,0,0,1,1,0,1,1,0,0,1,0,12192.0,2,1,1,1,0,0,1,0,7.7,273.9,0,0,0,0,0,1
104600,0.0,0.0,0,0,1,0,78.555,0.0,0,0,1,0,27.195,-1.29,0,30.36,0,0,1,1,0,1,1,0,0,1,0,12192.0,2,1,1,1,0,0,1,0,7.4,272.0,0,0,0,0,0,1
104700,0.0,0.0,0,0,1,0,78.555,0.0,0,0,1,0,27.066,-1.29,0,30.34,0,0,1,1,0,1,1,0,0,1,0,12192.0,2,1,1,1,0,0,1,0,7.9,270.0,0,0,0,0,0,1
104800,0.0,0.0,0,0,1,0,78.555,0.0,0,0,1,0,26.937,-1.29,0,30.55,0,0,1,1,0,1,1,0,0,1,0,12192.0,2,1,1,1,0,0,1,0,8.0,275.0,0,0,0,0,0,1
104900,0.0,0.0,0,0,1,0,78.555,0.0,0,0,1,0,26.808,-1.29,0,30.22,0,0,1,1,0,1,1,0,0,1,0,12192.0,2,1,1,1,0,0,1,0,7.4,270.2,0,0,0,0,0,1
105000,0.0,0.0,0,0,1,0,78.555,0.0,0,0,1,0,26.679,-1.29,0,30.14,0,0,1,1,0,1,1,0,0,1,0,12192.0,2,1,1,1,0,0,1,0,7.8,267.5,0,0,0,0,0,1
105100,0.0,0.0,0,0,1,0,78.555,0.0,0,0,1,0,26.55,-1.29,0,30.71,0,0,1,1,0,1,1,0,0,1,0,12192.0,2,1,1,1,0,0,1,0,7.6,272.2,0,0,0,0,0,1
105200,0.0,0.0,0,0,1,0,78.555,0.0,0,0,1,0,26.421,-1.29,0,30.37,0,0,1,1,0,1,1,0,0,1,0,12192.0,2,1,1,1,0,0,1,0,7.4,279.3,0,0,0,0,0,1
105300,0.0,0.0,0,0,1,0,78.555,0.0,0,0,1,0,26.292,-1.29,0,30.42,0,0,1,1,0,1,1,0,0,1,0,12192.0,2,1,1,1,0,0,1,0,7.2,270.2,0,0,0,0,0,1
105400,0.0,0.0,0,0,1,0,78.555,0.0,0,0,1,0,26.163,-1.29,0,30.18,0,0,1,1,0,1,1,0,0,1,0,12192.0,2,1,1,1,0,0,1,0,7.7,272.0,0,0,0,0,0,1
105500,0.0,0.0,0,0,1,0,78.555,0.0,0,0,1,0,26.034,-1.29,0,30.42,0,0,1,1,0,1,1,0,0,1,0,12192.0,2,1,1,1,0,0,1,0,6.9,267.7,0,0,0,0,0,1
105600,0.0,0.0,0,0,1,0,78.555,0.0,0,0,1,0,25.905,-1.29,0,30.41,0,0,1,1,0,1,1,0,0,1,0,12192.0,2,1,1,1,0,0,1,0,7.0,269.3,0,0,0,0,0,1
105700,0.0,0.0,0,0,1,0,78.555,0.0,0,0,1,0,25.776,-1.29,0,30.51,0,0,1,1,0,1,1,0,0,1,0,12192.0,2,1,1,1,0,0,1,0,8.3,268.5,0,0,0,0,0,1
105800,0.0,0.0,0,0,1,0,78.555,0.0,0,0,1,0,25.647,-1.29,0,30.49,0,0,1,1,0,1,1,0,0,1,0,12192.0,2,1,1,1,0,0,1,0,7.2,274.8,0,0,0,0,0,1
105900,0.0,0.0,0,0,1,0,78.555,0.0,0,0,1,0,25.518,-1.29,0,30.66,0,0,1,1,0,1,1,0,0,1,0,12192.0,2,1,1,1,0,0,1,0,7.1,269.3,0,0,0,0,0,1
106000,0.0,0.0,0,0,1,0,78.555,0.0,0,0,1,0,25.389,-1.29,0,30.46,0,0,1,1,0,1,1,0,0,1,0,12192.0,2,1,1,1,0,0,1,0,7.1,266.6,0,0,0,0,0,1
106100,0.0,0.0,0,0,1,0,78.555,0.0,0,0,1,0,25.26,-1.29,0,30.33,0,0,1,1,0,1,1,0,0,1,0,12192.0,2,1,1,1,0,0,1,0,7.2,272.0,0,0,0,0,0,1
106200,0.0,0.0,0,0,1,0,78.555,0.0,0,0,1,0,25.131,-1.29,0,30.62,0,0,1,1,0,1,1,0,0,1,0,12192.0,2,1,1,1,0,0,1,0,7.9,270.1,0,0,0,0,0,1
106300,0.0,0.0,0,0,1,0,78.555,0.0,0,0,1,0,25.002,-1.29,0,30.44,0,0,1,1,0,1,1,0,0,1,0,12192.0,2,1,1,1,0,0,1,0,7.5,267.0,0,0,0,0,0,1
106400,0.0,0.0,0,0,1,0,78.555,0.0,0,0,1,0,24.873,-1.29,0,30.59,0,0,1,1,0,1,1,0,0,1,0,12192.0,2,1,1,1,0,0,1,0,7.1,272.7,0,0,0,0,0,1
106500,0.0,0.0,0,0,1,0,78.555,0.0,0,0,1,0,24.744,-1.29,0,30.44,0,0,1,1,0,1,1,0,0,1,0,12192.0,2,1,1,1,0,0,1,0,7.3,270.3,0,0,0,0,0,1
106600,0.0,0.0,0,0,1,0,78.555,0.0,0,0,1,0,24.615,-1.29,0,30.19,0,0,1,1,0,1,1,0,0,1,0,12192.0,2,1,1,1,0,0,1,0,7.4,272.7,0,0,0,0,0,1
106700,0.0,0.0,0,0,1,0,78.555,0.0,0,0,1,0,24.486,-1.29,0,30.33,0,0,1,1,0,1,1,0,0,1,0,12192.0,2,1,1,1,0,0,1,0,7.8,269.4,0,0,0,0,0,1
106800,0.0,0.0,0,0,1,0,78.555,0.0,0,0,1,0,24.357,-1.29,0,30.57,0,0,1,1,0,1,1,0,0,1,0,12192.0,2,1,1,1,0,0,1,0,7.2,266.7,0,0,0,0,0,1
106900,0.0,0.0,0,0,1,0,78.555,0.0,0,0,1,0,24.228,-1.29,0,30.43,0,0,1,1,0,1,1,0,0,1,0,12192.0,2,1,1,1,0,0,1,0,7.5,269.5,0,0,0,0,0,1
107000,0.0,0.0,0,0,1,0,78.555,0.0,0,0,1,0,24.099,-1.29,0,30.45,0,0,1,1,0,1,1,0,0,1,0,12192.0,2,1,1,1,0,0,1,0,7.4,269.4,0,0,0,0,0,1
107100,0.0,0.0,0,0,1,0,78.555,0.0,0,0,1,0,23.971,-1.29,0,30.51,0,0,1,1,0,1,1,0,0,1,0,12192.0,2,1,1,1,0,0,1,0,7.7,268.2,0,0,0,0,0,1
107200,0.0,0.0,0,0,1,0,78.555,0.0,0,0,1,0,23.842,-1.29,0,30.54,0,0,1,1,0,1,1,0,0,1,0,12192.0,2,1,1,1,0,0,1,0,7.4,264.3,0,0,0,0,0,1
107300,0.0,0.0,0,0,1,0,78.555,0.0,0,0,1,0,23.713,-1.29,0,30.39,0,0,1,1,0,1,1,0,0,1,0,12192.0,2,1,1,1,0,0,1,0,8.5,268.9,0,0,0,0,0,1
107400,0.0,0.0,0,0,1,0,78.555,0.0,0,0,1,0,23.584,-1.29,0,30.49,0,0,1,1,0,1,1,0,0,1,0,12192.0,2,1,1,1,0,0,1,0,7.3,263.9,0,0,0,0,0,1
107500,0.0,0.0,0,0,1,0,78.555,0.0,0,0,1,0,23.455,-1.29,0,30.62,0,0,1,1,0,1,1,0,0,1,0,12192.0,2,1,1,1,0,0,1,0,8.3,268.1,0,0,0,0,0,1
107600,0.0,0.0,0,0,1,0,78.555,0.0,0,0,1,0,23.326,-1.29,0,30.5,0,0,1,1,0,1,1,0,0,1,0,12192.0,2,1,1,1,0,0,1,0,8.4,270.9,0,0,0,0,0,1
107700,0.0,0.0,0,0,1,0,78.555,0.0,0,0,1,0,23.197,-1.29,0,30.43,0,0,1,1,0,1,1,0,0,1,0,12192.0,2,1,1,1,0,0,1,0,7.4,270.2,0,0,0,0,0,1
107800,0.0,0.0,0,0,1,0,78.555,0.0,0,0,1,0,23.068,-1.29,0,30.34,0,0,1,1,0,1,1,0,0,1,0,12192.0,2,1,1,1,0,0,1,0,7.7,269.4,0,0,0,0,0,1
107900,0.0,0.0,0,0,1,0,78.555,0.0,0,0,1,0,22.939,-1.29,0,30.48,0,0,1,1,0,1,1,0,0,1,0,12192.0,2,1,1,1,0,0,1,0,8.4,268.8,0,0,0,0,0,1
108000,0.0,0.0,0,0,1,0,78.555,0.0,0,0,1,0,22.81,-1.29,0,30.5,0,0,1,1,0,1,1,0,0,1,0,12192.0,2,1,1,1,0,0,1,0,7.8,270.6,0,0,0,0,0,1
108100,0.0,0.0,0,0,1,0,78.555,0.0,0,0,1,0,22.681,-1.29,0,30.25,0,0,1,1,0,1,1,0,0,1,0,12192.0,2,1,1,1,0,0,1,0,7.7,271.5,0,0,0,0,0,1
108200,0.0,0.0,0,0,1,0,78.555,0.0,0,0,1,0,22.552,-1.29,0,30.51,0,0,1,1,0,1,1,0,0,1,0,12192.0,2,1,1,1,0,0,1,0,7.7,270.0,0,0,0,0,0,1
108300,0.0,0.0,0,0,1,0,78.555,0.0,0,0,1,0,22.423,-1.29,0,30.59,0,0,1,1,0,1,1,0,0,1,0,12192.0,2,1,1,1,0,0,1,0,8.0,273.6,0,0,0,0,0,1
108400,0.0,0.0,0,0,1,0,78.555,0.0,0,0,1,0,22.294,-1.29,0,30.48,0,0,1,1,0,1,1,0,0,1,0,12192.0,2,1,1,1,0,0,1,0,9.0,270.1,0,0,0,0,0,1
108500,0.0,0.0,0,0,1,0,78.555,0.0,0,0,1,0,22.165,-1.29,0,30.45,0,0,1,1,0,1,1,0,0,1,0,12192.0,2,1,1,1,0,0,1,0,8.3,269.9,0,0,0,0,0,1
108600,0.0,0.0,0,0,1,0,78.555,0.0,0,0,1,0,22.036,-1.29,0,30.47,0,0,1,1,0,1,1,0,0,1,0,12192.0,2,1,1,1,0,0,1,0,8.1,272.1,0,0,0,0,0,1
108700,0.0,0.0,0,0,1,0,78.555,0.0,0,0,1,0,21.907,-1.29,0,30.3,0,0,1,1,0,1,1,0,0,1,0,12192.0,2,1,1,1,0,0,1,0,7.5,273.4,0,0,0,0,0,1
108800,0.0,0.0,0,0,1,0,78.555,0.0,0,0,1,0,21.778,-1.29,0,30.39,0,0,1,1,0,1,1,0,0,1,0,12192.0,2,1,1,1,0,0,1,0,8.8,272.7,0,0,0,0,0,1
108900,0.0,0.0,0,0,1,0,78.555,0.0,0,0,1,0,21.649,-1.29,0,30.4,0,0,1,1,0,1,1,0,0,1,0,12192.0,2,1,1,1,0,0,1,0,8.8,271.0,0,0,0,0,0,1
109000,0.0,0.0,0,0,1,0,78.555,0.0,0,0,1,0,21.52,-1.29,0,30.21,0,0,1,1,0,1,1,0,0,1,0,12192.0,2,1,1,1,0,0,1,0,8.3,273.1,0,0,0,0,0,1
109100,0.0,0.0,0,0,1,0,78.555,0.0,0,0,1,0,21.391,-1.29,0,30.33,0,0,1,1,0,1,1,0,0,1,0,12192.0,2,1,1,1,0,0,1,0,8.2,272.3,0,0,0,0,0,1
109200,0.0,0.0,0,0,1,0,78.555,0.0,0,0,1,0,21.262,-1.29,0,30.38,0,0,1,1,0,1,1,0,0,1,0,12192.0,2,1,1,1,0,0,1,0,8.0,276.6,0,0,0,0,0,1
109300,0.0,0.0,0,0,1,0,78.555,0.0,0,0,1,0,21.133,-1.29,0,30.46,0,0,1,1,0,1,1,0,0,1,0,12192.0,2,1,1,1,0,0,1,0,8.2,266.6,0,0,0,0,0,1
109400,0.0,0.0,0,0,1,0,78.555,0.0,0,0,1,0,21.004,-1.29,0,30.53,0,0,1,1,0,1,1,0,0,1,0,12192.0,2,1,1,1,0,0,1,0,9.0,267.6,0,0,0,0,0,1
109500,0.0,0.0,0,0,1,0,78.555,0.0,0,0,1,0,20.875,-1.29,0,30.49,0,0,1,1,0,1,1,0,0,1,0,12192.0,2,1,1,1,0,0,1,0,9.3,269.6,0,0,0,0,0,1
109600,0.0,0.0,0,0,1,0,78.555,0.0,0,0,1,0,20.746,-1.29,0,30.6,0,0,1,1,0,1,1,0,0,1,0,12192.0,2,1,1,1,0,0,1,0,8.7,268.0,0,0,0,0,0,1
109700,0.0,0.0,0,0,1,0,78.555,0.0,0,0,1,0,20.617,-1.29,0,30.29,0,0,1,1,0,1,1,0,0,1,0,12192.0,2,1,1,1,0,0,1,0,8.5,267.1,0,0,0,0,0,1
109800,0.0,0.0,0,0,1,0,78.555,0.0,0,0,1,0,20.488,-1.29,0,30.28,0,0,1,1,0,1,1,0,0,1,0,12192.0,2,1,1,1,0,0,1,0,9.1,270.2,0,0,0,0,0,1
109900,0.0,0.0,0,0,1,0,78.555,0.0,0,0,1,0,20.359,-1.29,0,30.48,0,0,1,1,0,1,1,0,0,1,0,12192.0,2,1,1,1,0,0,1,0,8.7,267.5,0,0,0,0,0,1
110000,0.0,0.0,0,0,1,0,78.555,0.0,0,0,1,0,20.23,-1.29,0,30.4,0,0,1,1,0,1,1,0,0,1,0,12192.0,2,1,1,1,0,0,1,0,9.1,272.0,0,0,0,0,0,1
110100,0.0,0.0,0,0,1,0,78.555,0.0,0,0,1,0,20.101,-1.29,0,30.4,0,0,1,1,0,1,1,0,0,1,0,12192.0,2,1,1,1,0,0,1,0,8.3,270.2,0,0,0,0,0,1
110200,0.0,0.0,0,0,1,0,78.555,0.0,0,0,1,0,19.972,-1.29,0,30.36,0,0,1,1,0,1,1,0,0,1,0,12192.0,2,1,1,1,0,0,1,0,7.9,273.3,0,0,0,0,0,1
110300,0.0,0.0,0,0,1,0,78.555,0.0,0,0,1,0,19.843,-1.29,0,30.46,0,0,1,1,0,1,1,0,0,1,0,12192.0,2,1,1,1,0,0,1,0,8.4,268.4,0,0,0,0,0,1
110400,0.0,0.0,0,0,1,0,78.555,0.0,0,0,1,0,19.714,-1.29,0,30.67,0,0,1,1,0,1,1,0,0,1,0,12192.0,2,1,1,1,0,0,1,0,8.3,273.6,0,0,0,0,0,1
110500,0.0,0.0,0,0,1,0,78.555,0.0,0,0,1,0,19.585,-1.29,0,30.56,0,0,1,1,0,1,1,0,0,1,0,12192.0,2,1,1,1,0,0,1,0,8.2,267.6,0,0,0,0,0,1
110600,0.0,0.0,0,0,1,0,78.555,0.0,0,0,1,0,19.456,-1.29,0,30.32,0,0,1,1,0,1,1,0,0,1,0,12192.0,2,1,1,1,0,0,1,0,8.7,268.9,0,0,0,0,0,1
110700,0.0,0.0,0,0,1,0,78.555,0.0,0,0,1,0,19.327,-1.29,0,30.47,0,0,1,1,0,1,1,0,0,1,0,12192.0,2,1,1,1,0,0,1,0,8.9,265.2,0,0,0,0,0,1
110800,0.0,0.0,0,0,1,0,78.555,0.0,0,0,1,0,19.198,-1.29,0,30.5,0,0,1,1,0,1,1,0,0,1,0,12192.0,2,1,1,1,0,0,1,0,8.8,269.1,0,0,0,0,0,1
110900,0.0,0.0,0,0,1,0,78.555,0.0,0,0,1,0,19.069,-1.29,0,30.5,0,0,1,1,0,1,1,0,0,1,0,12192.0,2,1,1,1,0,0,1,0,8.0,266.4,0,0,0,0,0,1
111000,0.0,0.0,0,0,1,0,78.555,0.0,0,0,1,0,18.94,-1.29,0,30.53,0,0,1,1,0,1,1,0,0,1,0,12192.0,2,1,1,1,0,0,1,0,8.8,269.3,0,0,0,0,0,1
111100,0.0,0.0,0,0,1,0,78.555,0.0,0,0,1,0,18.811,-1.29,0,30.73,0,0,1,1,0,1,1,0,0,1,0,12192.0,2,1,1,1,0,0,1,0,7.6,266.6,0,0,0,0,0,1
111200,0.0,0.0,0,0,1,0,78.555,0.0,0,0,1,0,18.682,-1.29,0,30.47,0,0,1,1,0,1,1,0,0,1,0,12192.0,2,1,1,1,0,0,1,0,8.8,266.7,0,0,0,0,0,1
111300,0.0,0.0,0,0,1,0,78.555,0.0,0,0,1,0,18.553,-1.29,0,30.27,0,0,1,1,0,1,1,0,0,1,0,12192.0,2,1,1,1,0,0,1,0,8.0,269.3,0,0,0,0,0,1
111400,0.0,0.0,0,0,1,0,78.555,0.0,0,0,1,0,18.424,-1.29,0,30.33,0,0,1,1,0,1,1,0,0,1,0,12192.0,2,1,1,1,0,0,1,0,9.0,274.0,0,0,0,0,0,1
111500,0.0,0.0,0,0,1,0,78.555,0.0,0,0,1,0,18.295,-1.29,0,30.36,0,0,1,1,0,1,1,0,0,1,0,12192.0,2,1,1,1,0,0,1,0,8.5,267.4,0,0,0,0,0,1
111600,0.0,0.0,0,0,1,0,78.555,0.0,0,0,1,0,18.166,-1.29,0,30.35,0,0,1,1,0,1,1,0,0,1,0,12192.0,2,1,1,1,0,0,1,0,8.2,272.1,0,0,0,0,0,1
111700,0.0,0.0,0,0,1,0,78.555,0.0,0,0,1,0,18.037,-1.29,0,30.33,0,0,1,1,0,1,1,0,0,1,0,12192.0,2,1,1,1,0,0,1,0,8.0,273.4,0,0,0,0,0,1
111800,0.0,0.0,0,0,1,0,78.555,0.0,0,0,1,0,17.908,-1.29,0,30.26,0,0,1,1,0,1,1,0,0,1,0,12192.0,2,1,1,1,0,0,1,0,8.0,273.3,0,0,0,0,0,1
111900,0.0,0.0,0,0,1,0,78.555,0.0,0,0,1,0,17.779,-1.29,0,30.4,0,0,1,1,0,1,1,0,0,1,0,12192.0,2,1,1,1,0,0,1,0,8.5,265.1,0,0,0,0,0,1
112000,0.0,0.0,0,0,1,0,78.555,0.0,0,0,1,0,17.65,-1.29,0,30.55,0,0,1,1,0,1,1,0,0,1,0,12192.0,2,1,1,1,0,0,1,0,8.5,265.3,0,0,0,0,0,1
112100,0.0,0.0,0,0,1,0,78.555,0.0,0,0,1,0,17.521,-1.29,0,30.37,0,0,1,1,0,1,1,0,0,1,0,12192.0,2,1,1,1,0,0,1,0,8.7,270.7,0,0,0,0,0,1
112200,0.0,0.0,0,0,1,0,78.555,0.0,0,0,1,0,17.392,-1.29,0,30.55,0,0,1,1,0,1,1,0,0,1,0,12192.0,2,1,1,1,0,0,1,0,7.8,269.1,0,0,0,0,0,1
112300,0.0,0.0,0,0,1,0,78.555,0.0,0,0,1,0,17.263,-1.29,0,30.25,0,0,1,1,0,1,1,0,0,1,0,12192.0,2,1,1,1,0,0,1,0,9.0,268.5,0,0,0,0,0,1
112400,0.0,0.0,0,0,1,0,78.555,0.0,0,0,1,0,17.135,-1.29,0,30.27,0,0,1,1,0,1,1,0,0,1,0,12192.0,2,1,1,1,0,0,1,0,8.4,270.9,0,0,0,0,0,1
112500,0.0,0.0,0,0,1,0,78.555,0.0,0,0,1,0,17.006,-1.29,0,30.64,0,0,1,1,0,1,1,0,0,1,0,12192.0,2,1,1,1,0,0,1,0,7.6,271.6,0,0,0,0,0,1
112600,0.0,0.0,0,0,1,0,78.555,0.0,0,0,1,0,16.877,-1.29,0,30.64,0,0,1,1,0,1,1,0,0,1,0,12192.0,2,1,1,1,0,0,1,0,7.9,273.3,0,0,0,0,0,1
112700,0.0,0.0,0,0,1,0,78.555,0.0,0,0,1,0,16.748,-1.29,0,30.63,0,0,1,1,0,1,1,0,0,1,0,12192.0,2,1,1,1,0,0,1,0,7.6,268.4,0,0,0,0,0,1
112800,0.0,0.0,0,0,1,0,78.555,0.0,0,0,1,0,16.619,-1.29,0,30.32,0,0,1,1,0,1,1,0,0,1,0,12192.0,2,1,1,1,0,0,1,0,6.9,270.6,0,0,0,0,0,1
112900,0.0,0.0,0,0,1,0,78.555,0.0,0,0,1,0,16.49,-1.29,0,30.5,0,0,1,1,0,1,1,0,0,1,0,12192.0,2,1,1,1,0,0,1,0,6.8,271.6,0,0,0,0,0,1
113000,0.0,0.0,0,0,1,0,78.555,0.0,0,0,1,0,16.361,-1.29,0,30.41,0,0,1,1,0,1,1,0,0,1,0,12192.0,2,1,1,1,0,0,1,0,7.6,266.9,0,0,0,0,0,1
113100,0.0,0.0,0,0,1,0,78.555,0.0,0,0,1,0,16.232,-1.29,0,30.66,0,0,1,1,0,1,1,0,0,1,0,12192.0,2,1,1,1,0,0,1,0,7.4,267.8,0,0,0,0,0,1
113200,0.0,0.0,0,0,1,0,78.555,0.0,0,0,1,0,16.103,-1.29,0,30.35,0,0,1,1,0,1,1,0,0,1,0,12192.0,2,1,1,1,0,0,1,0,7.7,272.7,0,0,0,0,0,1
113300,0.0,0.0,0,0,1,0,78.555,0.0,0,0,1,0,15.974,-1.29,0,30.54,0,0,1,1,0,1,1,0,0,1,0,12192.0,2,1,1,1,0,0,1,0,7.5,273.1,0,0,0,0,0,1
113400,0.0,0.0,0,0,1,0,78.555,0.0,0,0,1,0,15.845,-1.29,0,30.37,0,0,1,1,0,1,1,0,0,1,0,12192.0,2,1,1,1,0,0,1,0,7.6,273.2,0,0,0,0,0,1
113500,0.0,0.0,0,0,1,0,78.555,0.0,0,0,1,0,15.716,-1.29,0,30.51,0,0,1,1,0,1,1,0,0,1,0,12192.0,2,1,1,1,0,0,1,0,8.4,269.4,0,0,0,0,0,1
113600,0.0,0.0,0,0,1,0,78.555,0.0,0,0,1,0,15.587,-1.29,0,30.19,0,0,1,1,0,1,1,0,0,1,0,12192.0,2,1,1,1,0,0,1,0,7.4,270.5,0,0,0,0,0,1
113700,0.0,0.0,0,0,1,0,78.555,0.0,0,0,1,0,15.458,-1.29,0,30.54,0,0,1,1,0,1,1,0,0,1,0,12192.0,2,1,1,1,0,0,1,0,7.4,273.6,0,0,0,0,0,1
113800,0.0,0.0,0,0,1,0,78.555,0.0,0,0,1,0,15.329,-1.29,0,30.25,0,0,1,1,0,1,1,0,0,1,0,12192.0,2,1,1,1,0,0,1,0,7.4,269.3,0,0,0,0,0,1
113900,0.0,0.0,0,0,1,0,78.555,0.0,0,0,1,0,15.2,-1.29,0,30.55,0,0,1,1,0,1,1,0,0,1,0,12192.0,2,1,1,1,0,0,1,0,6.2,269.0,0,0,0,0,0,1
114000,0.0,0.0,0,0,1,0,78.555,0.0,0,0,1,0,15.071,-1.29,0,30.59,0,0,1,1,0,1,1,0,0,1,0,12192.0,2,1,1,1,0,0,1,0,7.2,269.9,0,0,0,0,0,1
114100,0.0,0.0,0,0,1,0,78.555,0.0,0,0,1,0,14.942,-1.29,0,30.57,0,0,1,1,0,1,1,0,0,1,0,12192.0,2,1,1,1,0,0,1,0,7.1,268.6,0,0,0,0,0,1
114200,0.0,0.0,0,0,1,0,78.555,0.0,0,0,1,0,14.813,-1.29,0,30.47,0,0,1,1,0,1,1,0,0,1,0,12192.0,2,1,1,1,0,0,1,0,7.3,267.7,0,0,0,0,0,1
114300,0.0,0.0,0,0,1,0,78.555,0.0,0,0,1,0,14.684,-1.29,0,30.64,0,0,1,1,0,1,1,0,0,1,0,12192.0,2,1,1,1,0,0,1,0,7.9,266.8,0,0,0,0,0,1
114400,0.0,0.0,0,0,1,0,78.555,0.0,0,0,1,0,14.555,-1.29,0,30.44,0,0,1,1,0,1,1,0,0,1,0,12192.0,2,1,1,1,0,0,1,0,8.3,271.8,0,0,0,0,0,1
114500,0.0,0.0,0,0,1,0,78.555,0.0,0,0,1,0,14.426,-1.29,0,30.27,0,0,1,1,0,1,1,0,0,1,0,12192.0,2,1,1,1,0,0,1,0,7.6,267.8,0,0,0,0,0,1
114600,0.0,0.0,0,0,1,0,78.555,0.0,0,0,1,0,14.297,-1.29,0,30.55,0,0,1,1,0,1,1,0,0,1,0,12192.0,2,1,1,1,0,0,1,0,5.8,273.0,0,0,0,0,0,1
114700,0.0,0.0,0,0,1,0,78.555,0.0,0,0,1,0,14.168,-1.29,0,30.48,0,0,1,1,0,1,1,0,0,1,0,12192.0,2,1,1,1,0,0,1,0,7.6,271.4,0,0,0,0,0,1
114800,0.0,0.0,0,0,1,0,78.555,0.0,0,0,1,0,14.039,-1.29,0,30.24,0,0,1,1,0,1,1,0,0,1,0,12192.0,2,1,1,1,0,0,1,0,6.3,269.4,0,0,0,0,0,1
114900,0.0,0.0,0,0,1,0,78.555,0.0,0,0,1,0,13.91,-1.29,0,30.56,0,0,1,1,0,1,1,0,0,1,0,12192.0,2,1,1,1,0,0,1,0,7.2,263.8,0,0,0,0,0,1
115000,0.0,0.0,0,0,1,0,78.555,0.0,0,0,1,0,13.781,-1.29,0,30.18,0,0,1,1,0,1,1,0,0,1,0,12192.0,2,1,1,1,0,0,1,0,7.6,266.3,0,0,0,0,0,1
115100,0.0,0.0,0,0,1,0,78.555,0.0,0,0,1,0,13.652,-1.29,0,30.6,0,0,1,1,0,1,1,0,0,1,0,12192.0,2,1,1,1,0,0,1,0,8.1,272.0,0,0,0,0,0,1
115200,0.0,0.0,0,0,1,0,78.555,0.0,0,0,1,0,13.523,-1.29,0,30.62,0,0,1,1,0,1,1,0,0,1,0,12192.0,2,1,1,1,0,0,1,0,7.3,269.2,0,0,0,0,0,1
115300,0.0,0.0,0,0,1,0,78.555,0.0,0,0,1,0,13.394,-1.29,0,30.49,0,0,1,1,0,1,1,0,0,1,0,12192.0,2,1,1,1,0,0,1,0,7.7,264.4,0,0,0,0,0,1
115400,0.0,0.0,0,0,1,0,78.555,0.0,0,0,1,0,13.265,-1.29,0,30.22,0,0,1,1,0,1,1,0,0,1,0,12192.0,2,1,1,1,0,0,1,0,7.3,269.4,0,0,0,0,0,1
115500,0.0,0.0,0,0,1,0,78.555,0.0,0,0,1,0,13.136,-1.29,0,30.26,0,0,1,1,0,1,1,0,0,1,0,12192.0,2,1,1,1,0,0,1,0,7.5,272.6,0,0,0,0,0,1
115600,0.0,0.0,0,0,1,0,78.555,0.0,0,0,1,0,13.007,-1.29,0,30.47,0,0,1,1,0,1,1,0,0,1,0,12192.0,2,1,1,1,0,0,1,0,7.0,274.1,0,0,0,0,0,1
115700,0.0,0.0,0,0,1,0,78.555,0.0,0,0,1,0,12.878,-1.29,0,30.42,0,0,1,1,0,1,1,0,0,1,0,12192.0,2,1,1,1,0,0,1,0,7.8,270.5,0,0,0,0,0,1
115800,0.0,0.0,0,0,1,0,78.555,0.0,0,0,1,0,12.749,-1.29,0,30.51,0,0,1,1,0,1,1,0,0,1,0,12192.0,2,1,1,1,0,0,1,0,8.1,273.8,0,0,0,0,0,1
115900,0.0,0.0,0,0,1,0,78.555,0.0,0,0,1,0,12.62,-1.29,0,30.34,0,0,1,1,0,1,1,0,0,1,0,12192.0,2,1,1,1,0,0,1,0,7.6,273.4,0,0,0,0,0,1
116000,0.0,0.0,0,0,1,0,78.555,0.0,0,0,1,0,12.491,-1.29,0,30.19,0,0,1,1,0,1,1,0,0,1,0,12192.0,2,1,1,1,0,0,1,0,7.9,268.4,0,0,0,0,0,1
116100,0.0,0.0,0,0,1,0,78.555,0.0,0,0,1,0,12.362,-1.29,0,30.32,0,0,1,1,0,1,1,0,0,1,0,12192.0,2,1,1,1,0,0,1,0,7.7,270.0,0,0,0,0,0,1
116200,0.0,0.0,0,0,1,0,78.555,0.0,0,0,1,0,12.233,-1.29,0,30.35,0,0,1,1,0,1,1,0,0,1,0,12192.0,2,1,1,1,0,0,1,0,7.5,269.2,0,0,0,0,0,1
116300,0.0,0.0,0,0,1,0,78.555,0.0,0,0,1,0,12.104,-1.29,0,30.59,0,0,1,1,0,1,1,0,0,1,0,12192.0,2,1,1,1,0,0,1,0,7.6,264.2,0,0,0,0,0,1
116400,0.0,0.0,0,0,1,0,78.555,0.0,0,0,1,0,11.975,-1.29,0,30.41,0,0,1,1,0,1,1,0,0,1,0,12192.0,2,1,1,1,0,0,1,0,7.9,270.8,0,0,0,0,0,1
116500,0.0,0.0,0,0,1,0,78.555,0.0,0,0,1,0,11.846,-1.29,0,30.57,0,0,1,1,0,1,1,0,0,1,0,12192.0,2,1,1,1,0,0,1,0,7.2,272.2,0,0,0,0,0,1
116600,0.0,0.0,0,0,1,0,78.555,0.0,0,0,1,0,11.717,-1.29,0,30.48,0,0,1,1,0,1,1,0,0,1,0,12192.0,2,1,1,1,0,0,1,0,7.6,269.9,0,0,0,0,0,1
116700,0.0,0.0,0,0,1,0,78.555,0.0,0,0,1,0,11.588,-1.29,0,30.47,0,0,1,1,0,1,1,0,0,1,0,12192.0,2,1,1,1,0,0,1,0,8.2,275.8,0,0,0,0,0,1
116800,0.0,0.0,0,0,1,0,78.555,0.0,0,0,1,0,11.459,-1.29,0,30.44,0,0,1,1,0,1,1,0,0,1,0,12192.0,2,1,1,1,0,0,1,0,7.5,270.0,0,0,0,0,0,1
116900,0.0,0.0,0,0,1,0,78.555,0.0,0,0,1,0,11.33,-1.29,0,30.62,0,0,1,1,0,1,1,0,0,1,0,12192.0,2,1,1,1,0,0,1,0,8.0,271.3,0,0,0,0,0,1
117000,0.0,0.0,0,0,1,0,78.555,0.0,0,0,1,0,11.201,-1.29,0,30.45,0,0,1,1,0,1,1,0,0,1,0,12192.0,2,1,1,1,0,0,1,0,8.7,270.5,0,0,0,0,0,1
117100,0.0,0.0,0,0,1,0,78.555,0.0,0,0,1,0,11.072,-1.29,0,30.44,0,0,1,1,0,1,1,0,0,1,0,12192.0,2,1,1,1,0,0,1,0,7.3,266.7,0,0,0,0,0,1
117200,0.0,0.0,0,0,1,0,78.555,0.0,0,0,1,0,10.943,-1.29,0,30.44,0,0,1,1,0,1,1,0,0,1,0,12192.0,2,1,1,1,0,0,1,0,7.9,270.0,0,0,0,0,0,1
117300,0.0,0.0,0,0,1,0,78.555,0.0,0,0,1,0,10.814,-1.29,0,30.7,0,0,1,1,0,1,1,0,0,1,0,12192.0,2,1,1,1,0,0,1,0,8.2,275.1,0,0,0,0,0,1
117400,0.0,0.0,0,0,1,0,78.555,0.0,0,0,1,0,10.685,-1.29,0,30.43,0,0,1,1,0,1,1,0,0,1,0,12192.0,2,1,1,1,0,0,1,0,7.8,273.4,0,0,0,0,0,1
117500,0.0,0.0,0,0,1,0,78.555,0.0,0,0,1,0,10.556,-1.29,0,30.59,0,0,1,1,0,1,1,0,0,1,0,12192.0,2,1,1,1,0,0,1,0,8.6,266.9,0,0,0,0,0,1
117600,0.0,0.0,0,0,1,0,78.555,0.0,0,0,1,0,10.427,-1.29,0,30.42,0,0,1,1,0,1,1,0,0,1,0,12192.0,2,1,1,1,0,0,1,0,9.2,272.7,0,0,0,0,0,1
117700,0.0,0.0,0,0,1,0,78.555,0.0,0,0,1,0,10.299,-1.29,0,30.21,0,0,1,1,0,1,1,0,0,1,0,12192.0,2,1,1,1,0,0,1,0,8.3,271.0,0,0,0,0,0,1
117800,0.0,0.0,0,0,1,0,78.555,0.0,0,0,1,0,10.17,-1.29,0,30.55,0,0,1,1,0,1,1,0,0,1,0,12192.0,2,1,1,1,0,0,1,0,8.5,274.8,0,0,0,0,0,1
117900,0.0,0.0,0,0,1,0,78.555,0.0,0,0,1,0,10.041,-1.29,0,30.27,0,0,1,1,0,1,1,0,0,1,0,12192.0,2,1,1,1,0,0,1,0,8.9,267.8,0,0,0,0,0,1
118000,0.0,0.0,0,0,1,0,78.555,0.0,0,0,1,0,9.912,-1.29,0,30.57,0,0,1,1,0,1,1,0,0,1,0,12192.0,2,1,1,1,0,0,1,0,8.7,272.6,0,0,0,0,0,1
118100,0.0,0.0,0,0,1,0,78.555,0.0,0,0,1,0,9.783,-1.29,0,30.33,0,0,1,1,0,1,1,0,0,1,0,12192.0,2,1,1,1,0,0,1,0,8.4,269.9,0,0,0,0,0,1
118200,0.0,0.0,0,0,1,0,78.555,0.0,0,0,1,0,9.654,-1.29,0,30.36,0,0,1,1,0,1,1,0,0,1,0,12192.0,2,1,1,1,0,0,1,0,8.3,270.7,0,0,0,0,0,1
118300,0.0,0.0,0,0,1,0,78.555,0.0,0,0,1,0,9.525,-1.29,0,30.33,0,0,1,1,0,1,1,0,0,1,0,12192.0,2,1,1,1,0,0,1,0,8.2,272.6,0,0,0,0,0,1
118400,0.0,0.0,0,0,1,0,78.555,0.0,0,0,1,0,9.396,-1.29,0,30.41,0,0,1,1,0,1,1,0,0,1,0,12192.0,2,1,1,1,0,0,1,0,8.6,272.8,0,0,0,0,0,1
118500,0.0,0.0,0,0,1,0,78.555,0.0,0,0,1,0,9.267,-1.29,0,30.38,0,0,1,1,0,1,1,0,0,1,0,12192.0,2,1,1,1,0,0,1,0,7.7,264.9,0,0,0,0,0,1
118600,0.0,0.0,0,0,1,0,78.555,0.0,0,0,1,0,9.138,-1.29,0,30.3,0,0,1,1,0,1,1,0,0,1,0,12192.0,2,1,1,1,0,0,1,0,9.1,270.4,0,0,0,0,0,1
118700,0.0,0.0,0,0,1,0,78.555,0.0,0,0,1,0,9.009,-1.29,0,30.39,0,0,1,1,0,1,1,0,0,1,0,12192.0,2,1,1,1,0,0,1,0,8.4,271.9,0,0,0,0,0,1
118800,0.0,0.0,0,0,1,0,78.555,0.0,0,0,1,0,8.88,-1.29,0,30.37,0,0,1,1,0,1,1,0,0,1,0,12192.0,2,1,1,1,0,0,1,0,8.7,273.9,0,0,0,0,0,1
118900,0.0,0.0,0,0,1,0,78.555,0.0,0,0,1,0,8.751,-1.29,0,30.29,0,0,1,1,0,1,1,0,0,1,0,12192.0,2,1,1,1,0,0,1,0,8.3,270.9,0,0,0,0,0,1
119000,0.0,0.0,0,0,1,0,78.555,0.0,0,0,1,0,8.622,-1.29,0,30.31,0,0,1,1,0,1,1,0,0,1,0,12192.0,2,1,1,1,0,0,1,0,8.9,267.5,0,0,0,0,0,1
119100,0.0,0.0,0,0,1,0,78.555,0.0,0,0,1,0,8.493,-1.29,0,30.49,0,0,1,1,0,1,1,0,0,1,0,12192.0,2,1,1,1,0,0,1,0,8.6,269.9,0,0,0,0,0,1
119200,0.0,0.0,0,0,1,0,78.555,0.0,0,0,1,0,8.364,-1.29,0,30.54,0,0,1,1,0,1,1,0,0,1,0,12192.0,2,1,1,1,0,0,1,0,7.9,271.3,0,0,0,0,0,1
119300,0.0,0.0,0,0,1,0,78.555,0.0,0,0,1,0,8.235,-1.29,0,30.59,0,0,1,1,0,1,1,0,0,1,0,12192.0,2,1,1,1,0,0,1,0,8.3,268.9,0,0,0,0,0,1
119400,0.0,0.0,0,0,1,0,78.555,0.0,0,0,1,0,8.106,-1.29,0,30.3,0,0,1,1,0,1,1,0,0,1,0,12192.0,2,1,1,1,0,0,1,0,9.0,269.5,0,0,0,0,0,1
119500,0.0,0.0,0,0,1,0,78.555,0.0,0,0,1,0,7.977,-1.29,0,30.32,0,0,1,1,0,1,1,0,0,1,0,12192.0,2,1,1,1,0,0,1,0,8.5,269.8,0,0,0,0,0,1
119600,0.0,0.0,0,0,1,0,78.555,0.0,0,0,1,0,7.848,-1.29,0,30.44,0,0,1,1,0,1,1,0,0,1,0,12192.0,2,1,1,1,0,0,1,0,8.6,272.2,0,0,0,0,0,1
119700,0.0,0.0,0,0,1,0,78.555,0.0,0,0,1,0,7.719,-1.29,0,30.59,0,0,1,1,0,1,1,0,0,1,0,12192.0,2,1,1,1,0,0,1,0,8.2,269.3,0,0,0,0,0,1
119800,0.0,0.0,0,0,1,0,78.555,0.0,0,0,1,0,7.59,-1.29,0,30.32,0,0,1,1,0,1,1,0,0,1,0,12192.0,2,1,1,1,0,0,1,0,8.9,270.0,0,0,0,0,0,1
119900,0.0,0.0,0,0,1,0,78.555,0.0,0,0,1,0,7.461,-1.29,0,30.25,0,0,1,1,0,1,1,0,0,1,0,12192.0,2,1,1,1,0,0,1,0,8.4,269.6,0,0,0,0,0,1
120000,0.0,0.0,0,0,1,0,78.555,0.0,0,0,1,0,7.332,-1.29,0,30.31,0,0,1,1,0,1,1,0,0,1,0,12192.0,2,1,1,1,0,0,1,0,8.4,271.5,0,0,0,0,0,1
120100,0.0,0.0,0,0,1,0,78.555,0.0,0,0,1,0,7.203,-1.29,0,30.27,0,0,1,1,0,1,1,0,0,1,0,12192.0,2,1,1,1,0,0,1,0,7.3,270.6,0,0,0,0,0,1
120200,0.0,0.0,0,0,1,0,78.555,0.0,0,0,1,0,7.074,-1.29,0,30.34,0,0,1,1,0,1,1,0,0,1,0,12192.0,2,1,1,1,0,0,1,0,8.8,272.7,0,0,0,0,0,1
120300,0.0,0.0,0,0,1,0,78.555,0.0,0,0,1,0,6.945,-1.29,0,30.36,0,0,1,1,0,1,1,0,0,1,0,12192.0,2,1,1,1,0,0,1,0,8.3,269.1,0,0,0,0,0,1
120400,0.0,0.0,0,0,1,0,78.555,0.0,0,0,1,0,6.816,-1.29,0,30.33,0,0,1,1,0,1,1,0,0,1,0,12192.0,2,1,1,1,0,0,1,0,8.7,273.3,0,0,0,0,0,1
120500,0.0,0.0,0,0,1,0,78.555,0.0,0,0,1,0,6.687,-1.29,0,30.62,0,0,1,1,0,1,1,0,0,1,0,12192.0,2,1,1,1,0,0,1,0,8.0,270.6,0,0,0,0,0,1
120600,0.0,0.0,0,0,1,0,78.555,0.0,0,0,1,0,6.558,-1.29,0,30.56,0,0,1,1,0,1,1,0,0,1,0,12192.0,2,1,1,1,0,0,1,0,8.0,270.3,0,0,0,0,0,1
120700,0.0,0.0,0,0,1,0,78.555,0.0,0,0,1,0,6.429,-1.29,0,30.49,0,0,1,1,0,1,1,0,0,1,0,12192.0,2,1,1,1,0,0,1,0,8.2,270.1,0,0,0,0,0,1
120800,0.0,0.0,0,0,1,0,78.555,0.0,0,0,1,0,6.3,-1.29,0,30.34,0,0,1,1,0,1,1,0,0,1,0,12192.0,2,1,1,1,0,0,1,0,7.7,267.1,0,0,0,0,0,1
120900,0.0,0.0,0,0,1,0,78.555,0.0,0,0,1,0,6.171,-1.29,0,30.49,0,0,1,1,0,1,1,0,0,1,0,12192.0,2,1,1,1,0,0,1,0,8.5,272.8,0,0,0,0,0,1
121000,0.0,0.0,0,0,1,0,78.555,0.0,0,0,1,0,6.042,-1.29,0,30.44,0,0,1,1,0,1,1,0,0,1,0,12192.0,2,1,1,1,0,0,1,0,8.1,270.6,0,0,0,0,0,1
121100,0.0,0.0,0,0,1,0,78.555,0.0,0,0,1,0,5.913,-1.29,0,30.5,0,0,1,1,0,1,1,0,0,1,0,12192.0,2,1,1,1,0,0,1,0,7.9,274.7,0,0,0,0,0,1
121200,0.0,0.0,0,0,1,0,78.555,0.0,0,0,1,0,5.784,-1.29,0,30.37,0,0,1,1,0,1,1,0,0,1,0,12192.0,2,1,1,1,0,0,1,0,7.7,267.7,0,0,0,0,0,1
121300,0.0,0.0,0,0,1,0,78.555,0.0,0,0,1,0,5.655,-1.29,0,30.33,0,0,1,1,0,1,1,0,0,1,0,12192.0,2,1,1,1,0,0,1,0,8.4,267.5,0,0,0,0,0,1
121400,0.0,0.0,0,0,1,0,78.555,0.0,0,0,1,0,5.526,-1.29,0,30.46,0,0,1,1,0,1,1,0,0,1,0,12192.0,2,1,1,1,0,0,1,0,8.0,270.5,0,0,0,0,0,1
121500,0.0,0.0,0,0,1,0,78.555,0.0,0,0,1,0,5.397,-1.29,0,30.49,0,0,1,1,0,1,1,0,0,1,0,12192.0,2,1,1,1,0,0,1,0,7.8,265.0,0,0,0,0,0,1
121600,0.0,0.0,0,0,1,0,78.555,0.0,0,0,1,0,5.268,-1.29,0,30.4,0,0,1,1,0,1,1,0,0,1,0,12192.0,2,1,1,1,0,0,1,0,7.3,270.7,0,0,0,0,0,1
121700,0.0,0.0,0,0,1,0,78.555,0.0,0,0,1,0,5.139,-1.29,0,30.43,0,0,1,1,0,1,1,0,0,1,0,12192.0,2,1,1,1,0,0,1,0,7.9,269.8,0,0,0,0,0,1
121800,0.0,0.0,0,0,1,0,78.555,0.0,0,0,1,0,5.01,-1.29,0,30.5,0,0,1,1,0,1,1,0,0,1,0,12192.0,2,1,1,1,0,0,1,0,8.0,272.4,0,0,0,0,0,1
121900,0.0,0.0,0,0,1,0,78.555,0.0,0,0,1,0,4.881,-1.29,0,30.55,0,0,1,1,0,1,1,0,0,1,0,12192.0,2,1,1,1,0,0,1,0,7.5,269.7,0,0,0,0,0,1
122000,0.0,0.0,0,0,1,0,78.555,0.0,0,0,1,0,4.752,-1.29,0,30.36,0,0,1,1,0,1,1,0,0,1,0,12192.0,2,1,1,1,0,0,1,0,6.5,266.8,0,0,0,0,0,1
122100,0.0,0.0,0,0,1,0,78.555,0.0,0,0,1,0,4.623,-1.29,0,30.39,0,0,1,1,0,1,1,0,0,1,0,12192.0,2,1,1,1,0,0,1,0,7.1,268.1,0,0,0,0,0,1
122200,0.0,0.0,0,0,1,0,78.555,0.0,0,0,1,0,4.494,-1.29,0,30.28,0,0,1,1,0,1,1,0,0,1,0,12192.0,2,1,1,1,0,0,1,0,7.3,264.4,0,0,0,0,0,1
122300,0.0,0.0,0,0,1,0,78.555,0.0,0,0,1,0,4.365,-1.29,0,30.56,0,0,1,1,0,1,1,0,0,1,0,12192.0,2,1,1,1,0,0,1,0,7.3,273.3,0,0,0,0,0,1
122400,0.0,0.0,0,0,1,0,78.555,0.0,0,0,1,0,4.236,-1.29,0,30.51,0,0,1,1,0,1,1,0,0,1,0,12192.0,2,1,1,1,0,0,1,0,8.5,271.1,0,0,0,0,0,1
122500,0.0,0.0,0,0,1,0,78.555,0.0,0,0,1,0,4.107,-1.29,0,30.37,0,0,1,1,0,1,1,0,0,1,0,12192.0,2,1,1,1,0,0,1,0,7.4,266.2,0,0,0,0,0,1
122600,0.0,0.0,0,0,1,0,78.555,0.0,0,0,1,0,3.978,-1.29,0,30.38,0,0,1,1,0,1,1,0,0,1,0,12192.0,2,1,1,1,0,0,1,0,7.4,272.3,0,0,0,0,0,1
122700,0.0,0.0,0,0,1,0,78.555,0.0,0,0,1,0,3.849,-1.29,0,30.42,0,0,1,1,0,1,1,0,0,1,0,12192.0,2,1,1,1,0,0,1,0,8.2,269.4,0,0,0,0,0,1
122800,0.0,0.0,0,0,1,0,78.555,0.0,0,0,1,0,3.72,-1.29,0,30.5,0,0,1,1,0,1,1,0,0,1,0,12192.0,2,1,1,1,0,0,1,0,8.3,266.3,0,0,0,0,0,1
122900,0.0,0.0,0,0,1,0,78.555,0.0,0,0,1,0,3.591,-1.29,0,30.51,0,0,1,1,0,1,1,0,0,1,0,12192.0,2,1,1,1,0,0,1,0,7.6,269.5,0,0,0,0,0,1
123000,0.0,0.0,0,0,1,0,78.555,0.0,0,0,1,0,3.467,-1.242,0,33.64,0,0,1,1,0,1,1,0,0,1,0,12192.0,2,1,1,1,0,0,1,0,8.3,269.6,0,0,0,0,0,1
123100,0.0,0.0,0,0,1,0,78.555,0.0,0,0,1,0,3.348,-1.193,0,33.59,0,0,1,1,0,1,1,0,0,1,0,12192.0,2,1,1,1,0,0,1,0,7.2,268.8,0,0,0,0,0,1
123200,0.0,0.0,0,0,1,0,78.555,0.0,0,0,1,0,3.234,-1.145,0,33.55,0,0,1,1,0,1,1,0,0,1,0,12192.0,2,1,1,1,0,0,1,0,7.3,272.1,0,0,0,0,0,1
123300,0.0,0.0,0,0,1,0,78.555,0.0,0,0,1,0,3.124,-1.097,0,33.57,0,0,1,1,0,1,1,0,0,1,0,12192.0,2,1,1,1,0,0,1,0,7.7,270.4,0,0,0,0,0,1
123400,0.0,0.0,0,0,1,0,78.555,0.0,0,0,1,0,3.019,-1.048,0,33.78,0,0,1,1,0,1,1,0,0,1,0,12192.0,2,1,1,1,0,0,1,0,7.4,268.4,0,0,0,0,0,1
123500,0.0,0.0,0,0,1,0,78.555,0.0,0,0,1,0,2.919,-1.0,0,33.52,0,0,1,1,0,1,1,0,0,1,0,12192.0,2,1,1,1,0,0,1,0,7.3,270.7,0,0,0,0,0,1
123600,0.0,0.0,0,0,1,0,78.555,0.0,0,0,1,0,2.824,-0.952,0,33.63,0,0,1,1,0,1,1,0,0,1,0,12192.0,2,1,1,1,0,0,1,0,5.9,270.6,0,0,0,0,0,1
123700,0.0,0.0,0,0,1,0,78.555,0.0,0,0,1,0,2.733,-0.904,0,33.72,0,0,1,1,0,1,1,0,0,1,0,12192.0,2,1,1,1,0,0,1,0,7.0,270.5,0,0,0,0,0,1
123800,0.0,0.0,0,0,1,0,78.555,0.0,0,0,1,0,2.648,-0.855,0,33.65,0,0,1,1,0,1,1,0,0,1,0,12192.0,2,1,1,1,0,0,1,0,8.0,268.5,0,0,0,0,0,1
123900,0.0,0.0,0,0,1,0,78.555,0.0,0,0,1,0,2.567,-0.807,0,33.66,0,0,1,1,0,1,1,0,0,1,0,12192.0,2,1,1,1,0,0,1,0,7.0,268.1,0,0,0,0,0,1
124000,0.0,0.0,0,0,1,0,78.555,0.0,0,0,1,0,2.491,-0.759,0,33.69,0,0,1,1,0,1,1,0,0,1,0,12192.0,2,1,1,1,0,0,1,0,7.6,269.2,0,0,0,0,0,1
124100,0.0,0.0,0,0,1,0,78.555,0.0,0,0,1,0,2.42,-0.711,0,33.45,0,0,1,1,0,1,1,0,0,1,0,12192.0,2,1,1,1,0,0,1,0,6.9,271.9,0,0,0,0,0,1
124200,0.0,0.0,0,0,1,0,78.555,0.0,0,0,1,0,2.354,-0.662,0,33.57,0,0,1,1,0,1,1,0,0,1,0,12192.0,2,1,1,1,0,0,1,0,7.6,272.1,0,0,0,0,0,1
124300,0.0,0.0,0,0,1,0,78.555,0.0,0,0,1,0,2.293,-0.614,0,33.75,0,0,1,1,0,1,1,0,0,1,0,12192.0,2,1,1,1,0,0,1,0,7.1,270.0,0,0,0,0,0,1
124400,0.0,0.0,0,0,1,0,78.555,0.0,0,0,1,0,2.236,-0.566,0,33.56,0,0,1,1,0,1,1,0,0,1,0,12192.0,2,1,1,1,0,0,1,0,8.2,267.6,0,0,0,0,0,1
124500,0.0,0.0,0,0,1,0,78.555,0.0,0,0,1,0,2.184,-0.517,0,33.55,0,0,1,1,0,1,1,0,0,1,0,12192.0,2,1,1,1,0,0,1,0,7.2,271.2,0,0,0,0,0,1
124600,0.0,0.0,0,0,1,0,78.555,0.0,0,0,1,0,2.137,-0.469,0,33.81,0,0,1,1,0,1,1,0,0,1,0,12192.0,2,1,1,1,0,0,1,0,7.8,268.8,0,0,0,0,0,1
124700,0.0,0.0,0,0,1,0,78.555,0.0,0,0,1,0,2.095,-0.421,0,33.61,0,0,1,1,0,1,1,0,0,1,0,12192.0,2,1,1,1,0,0,1,0,7.9,270.4,0,0,0,0,0,1
124800,0.0,0.0,0,0,1,0,78.555,0.0,0,0,1,0,2.058,-0.373,0,33.5,0,0,1,1,0,1,1,0,0,1,0,12192.0,2,1,1,1,0,0,1,0,7.3,265.4,0,0,0,0,0,1
124900,0.0,0.0,0,0,1,0,78.555,0.0,0,0,1,0,2.026,-0.324,0,33.8,0,0,1,1,0,1,1,0,0,1,0,12192.0,2,1,1,1,0,0,1,0,7.3,267.4,0,0,0,0,0,1
125000,0.0,0.0,0,0,1,0,78.555,0.0,0,0,1,0,1.998,-0.276,0,33.86,0,0,1,1,0,1,1,0,0,1,0,12192.0,2,1,1,1,0,0,1,0,7.8,270.0,0,0,0,0,0,1
125100,0.0,0.0,0,0,1,0,78.555,0.0,0,0,1,0,1.975,-0.228,0,33.4,0,0,1,1,0,1,1,0,0,1,0,12192.0,2,1,1,1,0,0,1,0,7.8,270.0,0,0,0,0,0,1
125200,0.0,0.0,0,0,1,0,78.555,0.0,0,0,1,0,1.957,-0.18,0,33.45,0,0,1,1,0,1,1,0,0,1,0,12192.0,2,1,1,1,0,0,1,0,8.7,272.4,0,0,0,0,0,1
125300,0.0,0.0,0,0,1,0,78.555,0.0,0,0,1,0,1.944,-0.131,0,33.58,0,0,1,1,0,1,1,0,0,1,0,12192.0,2,1,1,1,0,0,1,0,8.1,271.4,0,0,0,0,0,1
125400,0.0,0.0,0,0,1,0,78.555,0.0,0,0,1,0,1.936,-0.083,0,33.73,0,0,1,1,0,1,1,0,0,1,0,12192.0,2,1,1,1,0,0,1,0,7.3,276.3,0,0,0,0,0,1
125500,0.0,0.0,0,0,1,0,78.555,0.0,0,0,1,0,1.927,-0.089,0,30.47,0,0,1,1,0,1,1,0,0,1,0,12192.0,2,1,1,1,0,0,1,0,8.1,268.6,0,0,0,0,0,1
125600,0.0,0.0,0,0,0,0,78.555,0.0,0,0,0,0,1.923,0.0,0,31.95,0,0,0,0,0,1,1,0,0,1,0,12192.0,2,1,1,0,1,0,1,0,7.9,273.8,0,0,0,0,0,1
125700,0.0,0.0,0,0,0,0,78.555,0.0,0,0,0,0,1.923,0.0,0,32.27,0,0,0,0,0,1,1,0,1,1,0,12192.0,2,1,1,0,1,0,1,0,7.7,269.2,0,0,0,0,0,1
125800,0.0,0.0,0,0,0,0,78.555,0.0,0,0,0,0,1.923,0.0,0,31.95,0,0,0,0,0,1,1,0,1,1,0,12192.0,2,1,1,0,1,0,1,0,8.6,273.7,0,0,0,0,0,1
125900,0.0,0.0,0,0,0,0,78.555,0.0,0,0,0,0,1.923,0.0,0,32.11,0,0,0,0,0,1,1,0,1,1,0,12192.0,2,1,1,0,1,0,1,0,8.2,266.7,0,0,0,0,0,1
126000,0.0,0.0,0,0,0,0,78.555,0.0,0,0,0,0,1.923,0.0,0,32.21,0,0,0,0,0,1,1,0,1,1,0,12192.0,2,1,1,0,1,0,1,0,8.0,269.6,0,0,0,0,0,1
126100,0.0,0.0,0,0,0,0,78.555,0.0,0,0,0,0,1.923,0.0,0,32.06,0,0,0,0,0,1,1,0,1,1,0,12192.0,2,1,1,0,1,0,1,0,8.1,263.8,0,0,0,0,0,1
126200,0.0,0.0,0,0,0,0,78.555,0.0,0,0,0,0,1.923,0.0,0,31.98,0,0,0,0,0,1,1,0,1,1,0,12192.0,2,1,1,0,1,0,1,0,8.8,271.3,0,0,0,0,0,1
126300,0.0,0.0,0,0,0,0,78.555,0.0,0,0,0,0,1.923,0.0,0,32.09,0,0,0,0,0,1,1,0,1,1,0,12192.0,2,1,1,0,1,0,1,0,7.6,272.9,0,0,0,0,0,1
126400,0.0,0.0,0,0,0,0,78.555,0.0,0,0,0,0,1.923,0.0,0,32.06,0,0,0,0,0,1,1,0,1,1,0,12192.0,2,1,1,0,1,0,1,0,8.2,270.8,0,0,0,0,0,1
126500,0.0,0.0,0,0,0,0,78.555,0.0,0,0,0,0,1.923,0.0,0,31.87,0,0,0,0,0,1,1,0,1,1,0,12192.0,2,1,1,0,1,0,1,0,9.1,272.0,0,0,0,0,0,1
126600,0.0,0.0,0,0,0,0,78.555,0.0,0,0,0,0,1.923,0.0,0,31.94,0,0,0,0,0,1,1,0,1,1,0,12192.0,2,1,1,0,1,0,1,0,8.1,269.5,0,0,0,0,0,1
126700,0.0,0.0,0,0,0,0,78.555,0.0,0,0,0,0,1.923,0.0,0,0.0,0,0,0,0,0,1,0,1,1,1,0,12192.0,2,1,1,0,1,0,1,0,8.7,274.7,0,0,0,0,0,1
126800,0.0,0.0,0,0,0,0,78.555,0.0,0,0,0,0,1.923,0.0,0,0.0,0,0,0,0,0,1,0,1,1,1,0,12192.0,2,1,1,0,1,0,1,0,7.5,274.5,0,0,0,0,0,1
126900,0.0,0.0,0,0,0,0,78.555,0.0,0,0,0,0,1.923,0.0,0,0.0,0,0,0,0,0,1,0,1,1,1,0,12192.0,2,1,1,0,1,0,1,0,8.7,266.2,0,0,0,0,0,1
127000,0.0,0.0,0,0,0,0,78.555,0.0,0,0,0,0,1.923,0.0,0,0.0,0,0,0,0,0,1,0,1,1,1,0,12192.0,2,1,1,0,1,0,1,0,8.5,271.6,0,0,0,0,0,1
127100,0.0,0.0,0,0,0,0,78.555,0.0,0,0,0,0,1.923,0.0,0,0.0,0,0,0,0,0,1,0,1,1,1,0,12192.0,2,1,1,0,1,0,1,0,8.6,269.1,0,0,0,0,0,1
127200,0.0,0.0,0,0,0,0,78.555,0.0,0,0,0,0,1.923,0.0,0,0.0,0,0,0,0,0,1,0,1,1,1,0,12192.0,2,1,1,0,1,0,1,0,9.0,270.8,0,0,0,0,0,1
127300,0.0,0.0,0,0,0,0,78.555,0.0,0,0,0,0,1.923,0.0,0,0.0,0,0,0,0,0,1,0,1,1,1,0,12192.0,2,1,1,0,1,0,1,0,8.1,274.0,0,0,0,0,0,1
127400,0.0,0.0,0,0,0,0,78.555,0.0,0,0,0,0,1.923,0.0,0,0.0,0,0,0,0,0,1,0,1,1,1,0,12192.0,2,1,1,0,1,0,1,0,8.1,273.5,0,0,0,0,0,1
127500,0.0,0.0,0,0,0,0,78.555,0.0,0,0,0,0,1.923,0.0,0,0.0,0,0,0,0,0,1,0,1,1,1,0,12192.0,2,1,1,0,1,0,1,0,9.4,267.0,0,0,0,0,0,1
127600,0.0,0.0,0,0,0,0,78.555,0.0,0,0,0,0,1.923,0.0,0,0.0,0,0,0,0,0,1,0,1,1,1,0,12192.0,2,1,1,0,1,0,1,0,8.9,269.6,0,0,0,0,0,1
127700,0.0,0.0,0,0,0,0,78.555,0.0,0,0,0,0,1.923,0.0,0,0.0,0,0,0,0,0,1,0,1,1,1,0,12192.0,2,1,1,0,1,0,1,0,9.4,272.0,0,0,0,0,0,1
127800,0.0,0.0,0,0,0,0,78.555,0.0,0,0,0,0,1.923,0.0,0,0.0,0,0,0,0,0,1,0,1,1,1,0,12192.0,2,1,1,0,1,0,1,0,8.2,270.2,0,0,0,0,0,1
127900,0.0,0.0,0,0,0,0,78.555,0.0,0,0,0,0,1.923,0.0,0,0.0,0,0,0,0,0,1,0,1,1,1,0,12192.0,2,1,1,0,1,0,1,0,8.5,265.7,0,0,0,0,0,1
128000,0.0,0.0,0,0,0,0,78.555,0.0,0,0,0,0,1.923,0.0,0,0.0,0,0,0,0,0,1,0,1,1,1,0,12192.0,2,1,1,0,1,0,1,0,8.7,271.3,0,0,0,0,0,1
128100,0.0,0.0,0,0,0,0,78.555,0.0,0,0,0,0,1.923,0.0,0,0.0,0,0,0,0,0,1,0,1,1,1,0,12192.0,2,1,1,0,1,0,1,0,8.7,267.8,0,0,0,0,0,1
128200,0.0,0.0,0,0,0,0,78.555,0.0,0,0,0,0,1.923,0.0,0,0.0,0,0,0,0,0,1,0,1,1,1,0,12192.0,2,1,1,0,1,0,1,0,8.3,271.8,0,0,0,0,0,1
128300,0.0,0.0,0,0,1,0,78.555,0.0,0,0,1,0,1.928,0.048,1,0.0,0,0,1,1,0,1,0,1,0,0,0,12192.0,2,1,1,1,0,0,1,0,8.4,266.3,0,0,0,0,0,1
128400,0.0,0.0,0,0,1,0,78.555,0.0,0,0,1,0,1.937,0.097,1,0.0,0,0,1,1,0,1,0,1,0,0,0,12192.0,2,1,1,1,0,0,1,0,8.5,266.2,0,0,0,0,0,1
128500,0.0,0.0,0,0,1,0,78.555,0.0,0,0,1,0,1.952,0.145,1,0.0,0,0,1,1,0,1,0,1,0,0,0,12192.0,2,1,1,1,0,0,1,0,8.8,272.3,0,0,0,0,0,1
128600,0.0,0.0,0,0,1,0,78.555,0.0,0,0,1,0,1.971,0.193,1,0.0,0,0,1,1,0,1,0,1,0,0,0,12192.0,2,1,1,1,0,0,1,0,8.4,272.5,0,0,0,0,0,1
128700,0.0,0.0,0,0,1,0,78.555,0.0,0,0,1,0,1.995,0.241,1,0.0,0,0,1,1,0,1,0,1,0,0,0,12192.0,2,1,1,1,0,0,1,0,8.6,268.2,0,0,0,0,0,1
128800,0.0,0.0,0,0,1,0,78.555,0.0,0,0,1,0,2.024,0.29,1,0.0,0,0,1,1,0,1,0,1,0,0,0,12192.0,2,1,1,1,0,0,1,0,8.8,269.3,0,0,0,0,0,1
128900,0.0,0.0,0,0,1,0,78.555,0.0,0,0,1,0,2.058,0.338,1,0.0,0,0,1,1,0,1,0,1,0,0,0,12192.0,2,1,1,1,0,0,1,0,7.5,269.3,0,0,0,0,0,1
129000,0.0,0.0,0,0,1,0,78.555,0.0,0,0,1,0,2.097,0.386,1,0.0,0,0,1,1,0,1,0,1,0,0,0,12192.0,2,1,1,1,0,0,1,0,8.1,267.4,0,0,0,0,0,1
129100,0.0,0.0,0,0,1,0,78.555,0.0,0,0,1,0,2.14,0.434,1,0.0,0,0,1,1,0,1,0,1,0,0,0,12192.0,2,1,1,1,0,0,1,0,8.7,268.0,0,0,0,0,0,1
129200,0.0,0.0,0,0,1,0,78.555,0.0,0,0,1,0,2.188,0.483,1,0.0,0,0,1,1,0,1,0,1,0,0,0,12192.0,2,1,1,1,0,0,1,0,8.3,268.0,0,0,0,0,0,1
129300,0.0,0.0,0,0,1,0,78.555,0.0,0,0,1,0,2.241,0.531,1,0.0,0,0,1,1,0,1,0,1,0,0,0,12192.0,2,1,1,1,0,0,1,0,8.5,267.9,0,0,0,0,0,1
129400,0.0,0.0,0,0,1,0,78.555,0.0,0,0,1,0,2.299,0.579,1,0.0,0,0,1,1,0,1,0,1,0,0,0,12192.0,2,1,1,1,0,0,1,0,8.1,272.3,0,0,0,0,0,1
129500,0.0,0.0,0,0,1,0,78.555,0.0,0,0,1,0,2.362,0.628,1,0.0,0,0,1,1,0,1,0,1,0,0,0,12192.0,2,1,1,1,0,0,1,0,7.9,270.1,0,0,0,0,0,1
129600,0.0,0.0,0,0,1,0,78.555,0.0,0,0,1,0,2.43,0.676,1,0.0,0,0,1,1,0,1,0,1,0,0,0,12192.0,2,1,1,1,0,0,1,0,8.1,268.7,0,0,0,0,0,1
129700,0.0,0.0,0,0,1,0,78.555,0.0,0,0,1,0,2.502,0.724,1,0.0,0,0,1,1,0,1,0,1,0,0,0,12192.0,2,1,1,1,0,0,1,0,8.0,265.2,0,0,0,0,0,1
129800,0.0,0.0,0,0,1,0,78.555,0.0,0,0,1,0,2.579,0.772,1,0.0,0,0,1,1,0,1,0,1,0,0,0,12192.0,2,1,1,1,0,0,1,0,7.4,269.8,0,0,0,0,0,1
129900,0.0,0.0,0,0,1,0,78.555,0.0,0,0,1,0,2.661,0.821,1,0.0,0,0,1,1,0,1,0,1,0,0,0,12192.0,2,1,1,1,0,0,1,0,8.9,270.0,0,0,0,0,0,1
130000,0.0,0.0,0,0,1,0,78.555,0.0,0,0,1,0,2.748,0.869,1,0.0,0,0,1,1,0,1,0,1,0,0,0,12192.0,2,1,1,1,0,0,1,0,8.3,269.9,0,0,0,0,0,1
130100,0.0,0.0,0,0,1,0,78.555,0.0,0,0,1,0,2.84,0.917,1,0.0,0,0,1,1,0,1,0,1,0,0,0,12192.0,2,1,1,1,0,0,1,0,9.0,269.5,0,0,0,0,0,1
130200,0.0,0.0,0,0,1,0,78.555,0.0,0,0,1,0,2.936,0.965,1,0.0,0,0,1,1,0,1,0,1,0,0,0,12192.0,2,1,1,1,0,0,1,0,7.9,267.7,0,0,0,0,0,1
130300,0.0,0.0,0,0,1,0,78.555,0.0,0,0,1,0,3.038,1.014,1,0.0,0,0,1,1,0,1,0,1,0,0,0,12192.0,2,1,1,1,0,0,1,0,8.9,266.6,0,0,0,0,0,1
130400,0.0,0.0,0,0,1,0,78.555,0.0,0,0,1,0,3.144,1.062,1,0.0,0,0,1,1,0,1,0,1,0,0,0,12192.0,2,1,1,1,0,0,1,0,7.8,267.7,0,0,0,0,0,1
130500,0.0,0.0,0,0,1,0,78.555,0.0,0,0,1,0,3.255,1.11,1,0.0,0,0,1,1,0,1,0,1,0,0,0,12192.0,2,1,1,1,0,0,1,0,8.1,272.1,0,0,0,0,0,1
130600,0.0,0.0,0,0,1,0,78.555,0.0,0,0,1,0,3.371,1.159,1,0.0,0,0,1,1,0,1,0,1,0,0,0,12192.0,2,1,1,1,0,0,1,0,7.0,269.5,0,0,0,0,0,1
130700,0.0,0.0,0,0,1,0,78.555,0.0,0,0,1,0,3.492,1.207,1,0.0,0,0,1,1,0,1,0,1,0,0,0,12192.0,2,1,1,1,0,0,1,0,8.4,271.1,0,0,0,0,0,1
130800,0.0,0.0,0,0,1,0,78.555,0.0,0,0,1,0,3.617,1.255,1,0.0,0,0,1,1,0,1,0,1,0,0,0,12192.0,2,1,1,1,0,0,1,0,7.3,269.2,0,0,0,0,0,1
130900,0.0,0.0,0,0,1,0,78.555,0.0,0,0,1,0,3.746,1.29,1,0.0,0,0,1,1,0,1,0,1,0,0,0,12192.0,2,1,1,1,0,0,1,0,7.7,272.2,0,0,0,0,0,1
131000,0.0,0.0,0,0,1,0,78.555,0.0,0,0,1,0,3.875,1.29,1,0.0,0,0,1,1,0,1,0,1,0,0,0,12192.0,2,1,1,1,0,0,1,0,7.1,268.5,0,0,0,0,0,1
131100,0.0,0.0,0,0,1,0,78.555,0.0,0,0,1,0,4.004,1.29,1,0.0,0,0,1,1,0,1,0,1,0,0,0,12192.0,2,1,1,1,0,0,1,0,7.7,273.4,0,0,0,0,0,1
131200,0.0,0.0,0,0,1,0,78.555,0.0,0,0,1,0,4.133,1.29,1,0.0,0,0,1,1,0,1,0,1,0,0,0,12192.0,2,1,1,1,0,0,1,0,8.2,273.5,0,0,0,0,0,1
131300,0.0,0.0,0,0,1,0,78.555,0.0,0,0,1,0,4.262,1.29,1,0.0,0,0,1,1,0,1,0,1,0,0,0,12192.0,2,1,1,1,0,0,1,0,7.5,275.4,0,0,0,0,0,1
131400,0.0,0.0,0,0,1,0,78.555,0.0,0,0,1,0,4.391,1.29,1,0.0,0,0,1,1,0,1,0,1,0,0,0,12192.0,2,1,1,1,0,0,1,0,7.6,268.2,0,0,0,0,0,1
131500,0.0,0.0,0,0,1,0,78.555,0.0,0,0,1,0,4.52,1.29,1,0.0,0,0,1,1,0,1,0,1,0,0,0,12192.0,2,1,1,1,0,0,1,0,7.4,270.5,0,0,0,0,0,1
131600,0.0,0.0,0,0,1,0,78.555,0.0,0,0,1,0,4.649,1.29,1,0.0,0,0,1,1,0,1,0,1,0,0,0,12192.0,2,1,1,1,0,0,1,0,7.9,268.8,0,0,0,0,0,1
131700,0.0,0.0,0,0,1,0,78.555,0.0,0,0,1,0,4.778,1.29,1,0.0,0,0,1,1,0,1,0,1,0,0,0,12192.0,2,1,1,1,0,0,1,0,7.4,267.6,0,0,0,0,0,1
131800,0.0,0.0,0,0,1,0,78.555,0.0,0,0,1,0,4.907,1.29,1,0.0,0,0,1,1,0,1,0,1,0,0,0,12192.0,2,1,1,1,0,0,1,0,8.0,266.9,0,0,0,0,0,1
131900,0.0,0.0,0,0,1,0,78.555,0.0,0,0,1,0,5.036,1.29,1,0.0,0,0,1,1,0,1,0,1,0,0,0,12192.0,2,1,1,1,0,0,1,0,8.5,273.2,0,0,0,0,0,1
132000,0.0,0.0,0,0,1,0,78.555,0.0,0,0,1,0,5.165,1.29,1,0.0,0,0,1,1,0,1,0,1,0,0,0,12192.0,2,1,1,1,0,0,1,0,7.4,269.9,0,0,0,0,0,1
132100,0.0,0.0,0,0,1,0,78.555,0.0,0,0,1,0,5.294,1.29,1,0.0,0,0,1,1,0,1,0,1,0,0,0,12192.0,2,1,1,1,0,0,1,0,7.5,271.4,0,0,0,0,0,1
132200,0.0,0.0,0,0,1,0,78.555,0.0,0,0,1,0,5.423,1.29,1,0.0,0,0,1,1,0,1,0,1,0,0,0,12192.0,2,1,1,1,0,0,1,0,6.8,269.8,0,0,0,0,0,1
132300,0.0,0.0,0,0,1,0,78.555,0.0,0,0,1,0,5.552,1.29,1,0.0,0,0,1,1,0,1,0,1,0,0,0,12192.0,2,1,1,1,0,0,1,0,7.3,271.9,0,0,0,0,0,1
132400,0.0,0.0,0,0,1,0,78.555,0.0,0,0,1,0,5.681,1.29,1,0.0,0,0,1,1,0,1,0,1,0,0,0,12192.0,2,1,1,1,0,0,1,0,7.6,272.5,0,0,0,0,0,1
132500,0.0,0.0,0,0,1,0,78.555,0.0,0,0,1,0,5.81,1.29,1,0.0,0,0,1,1,0,1,0,1,0,0,0,12192.0,2,1,1,1,0,0,1,0,8.2,267.7,0,0,0,0,0,1
132600,0.0,0.0,0,0,1,0,78.555,0.0,0,0,1,0,5.939,1.29,1,0.0,0,0,1,1,0,1,0,1,0,0,0,12192.0,2,1,1,1,0,0,1,0,6.9,271.0,0,0,0,0,0,1
132700,0.0,0.0,0,0,1,0,78.555,0.0,0,0,1,0,6.068,1.29,1,0.0,0,0,1,1,0,1,0,1,0,0,0,12192.0,2,1,1,1,0,0,1,0,7.0,265.5,0,0,0,0,0,1
132800,0.0,0.0,0,0,1,0,78.555,0.0,0,0,1,0,6.197,1.29,1,0.0,0,0,1,1,0,1,0,1,0,0,0,12192.0,2,1,1,1,0,0,1,0,7.7,268.0,0,0,0,0,0,1
132900,0.0,0.0,0,0,1,0,78.555,0.0,0,0,1,0,6.326,1.29,1,0.0,0,0,1,1,0,1,0,1,0,0,0,12192.0,2,1,1,1,0,0,1,0,7.8,273.7,0,0,0,0,0,1
133000,0.0,0.0,0,0,1,0,78.555,0.0,0,0,1,0,6.455,1.29,1,0.0,0,0,1,1,0,1,0,1,0,0,0,12192.0,2,1,1,1,0,0,1,0,7.7,274.6,0,0,0,0,0,1
133100,0.0,0.0,0,0,1,0,78.555,0.0,0,0,1,0,6.584,1.29,1,0.0,0,0,1,1,0,1,0,1,0,0,0,12192.0,2,1,1,1,0,0,1,0,7.6,271.4,0,0,0,0,0,1
133200,0.0,0.0,0,0,1,0,78.555,0.0,0,0,1,0,6.713,1.29,1,0.0,0,0,1,1,0,1,0,1,0,0,0,12192.0,2,1,1,1,0,0,1,0,7.5,267.9,0,0,0,0,0,1
133300,0.0,0.0,0,0,1,0,78.555,0.0,0,0,1,0,6.842,1.29,1,0.0,0,0,1,1,0,1,0,1,0,0,0,12192.0,2,1,1,1,0,0,1,0,6.7,271.8,0,0,0,0,0,1
133400,0.0,0.0,0,0,1,0,78.555,0.0,0,0,1,0,6.971,1.29,1,0.0,0,0,1,1,0,1,0,1,0,0,0,12192.0,2,1,1,1,0,0,1,0,8.3,270.6,0,0,0,0,0,1
133500,0.0,0.0,0,0,1,0,78.555,0.0,0,0,1,0,7.1,1.29,1,0.0,0,0,1,1,0,1,0,1,0,0,0,12192.0,2,1,1,1,0,0,1,0,7.8,270.5,0,0,0,0,0,1
133600,0.0,0.0,0,0,1,0,78.555,0.0,0,0,1,0,7.229,1.29,1,0.0,0,0,1,1,0,1,0,1,0,0,0,12192.0,2,1,1,1,0,0,1,0,8.2,272.9,0,0,0,0,0,1
133700,0.0,0.0,0,0,1,0,78.555,0.0,0,0,1,0,7.358,1.29,1,0.0,0,0,1,1,0,1,0,1,0,0,0,12192.0,2,1,1,1,0,0,1,0,7.7,268.5,0,0,0,0,0,1
133800,0.0,0.0,0,0,1,0,78.555,0.0,0,0,1,0,7.487,1.29,1,0.0,0,0,1,1,0,1,0,1,0,0,0,12192.0,2,1,1,1,0,0,1,0,8.0,268.0,0,0,0,0,0,1
133900,0.0,0.0,0,0,1,0,78.555,0.0,0,0,1,0,7.616,1.29,1,0.0,0,0,1,1,0,1,0,1,0,0,0,12192.0,2,1,1,1,0,0,1,0,7.9,267.2,0,0,0,0,0,1
134000,0.0,0.0,0,0,1,0,78.555,0.0,0,0,1,0,7.744,1.29,1,0.0,0,0,1,1,0,1,0,1,0,0,0,12192.0,2,1,1,1,0,0,1,0,7.2,270.2,0,0,0,0,0,1
134100,0.0,0.0,0,0,1,0,78.555,0.0,0,0,1,0,7.873,1.29,1,0.0,0,0,1,1,0,1,0,1,0,0,0,12192.0,2,1,1,1,0,0,1,0,9.2,270.6,0,0,0,0,0,1
134200,0.0,0.0,0,0,1,0,78.555,0.0,0,0,1,0,8.002,1.29,1,0.0,0,0,1,1,0,1,0,1,0,0,0,12192.0,2,1,1,1,0,0,1,0,7.3,270.8,0,0,0,0,0,1
134300,0.0,0.0,0,0,1,0,78.555,0.0,0,0,1,0,8.131,1.29,1,0.0,0,0,1,1,0,1,0,1,0,0,0,12192.0,2,1,1,1,0,0,1,0,7.6,266.6,0,0,0,0,0,1
134400,0.0,0.0,0,0,1,0,78.555,0.0,0,0,1,0,8.26,1.29,1,0.0,0,0,1,1,0,1,0,1,0,0,0,12192.0,2,1,1,1,0,0,1,0,8.7,270.8,0,0,0,0,0,1
134500,0.0,0.0,0,0,1,0,78.555,0.0,0,0,1,0,8.389,1.29,1,0.0,0,0,1,1,0,1,0,1,0,0,0,12192.0,2,1,1,1,0,0,1,0,7.7,272.9,0,0,0,0,0,1
134600,0.0,0.0,0,0,1,0,78.555,0.0,0,0,1,0,8.518,1.29,1,0.0,0,0,1,1,0,1,0,1,0,0,0,12192.0,2,1,1,1,0,0,1,0,7.5,267.3,0,0,0,0,0,1
134700,0.0,0.0,0,0,1,0,78.555,0.0,0,0,1,0,8.647,1.29,1,0.0,0,0,1,1,0,1,0,1,0,0,0,12192.0,2,1,1,1,0,0,1,0,7.9,271.3,0,0,0,0,0,1
134800,0.0,0.0,0,0,1,0,78.555,0.0,0,0,1,0,8.776,1.29,1,0.0,0,0,1,1,0,1,0,1,0,0,0,12192.0,2,1,1,1,0,0,1,0,8.7,271.9,0,0,0,0,0,1
134900,0.0,0.0,0,0,1,0,78.555,0.0,0,0,1,0,8.905,1.29,1,0.0,0,0,1,1,0,1,0,1,0,0,0,12192.0,2,1,1,1,0,0,1,0,7.6,271.3,0,0,0,0,0,1
135000,0.0,0.0,0,0,1,0,78.555,0.0,0,0,1,0,9.034,1.29,1,0.0,0,0,1,1,0,1,0,1,0,0,0,12192.0,2,1,1,1,0,0,1,0,8.1,272.5,0,0,0,0,0,1
135100,0.0,0.0,0,0,1,0,78.555,0.0,0,0,1,0,9.163,1.29,1,0.0,0,0,1,1,0,1,0,1,0,0,0,12192.0,2,1,1,1,0,0,1,0,8.2,272.6,0,0,0,0,0,1
135200,0.0,0.0,0,0,1,0,78.555,0.0,0,0,1,0,9.292,1.29,1,0.0,0,0,1,1,0,1,0,1,0,0,0,12192.0,2,1,1,1,0,0,1,0,8.5,271.8,0,0,0,0,0,1
135300,0.0,0.0,0,0,1,0,78.555,0.0,0,0,1,0,9.421,1.29,1,0.0,0,0,1,1,0,1,0,1,0,0,0,12192.0,2,1,1,1,0,0,1,0,8.0,272.8,0,0,0,0,0,1
135400,0.0,0.0,0,0,1,0,78.555,0.0,0,0,1,0,9.55,1.29,1,0.0,0,0,1,1,0,1,0,1,0,0,0,12192.0,2,1,1,1,0,0,1,0,8.3,266.9,0,0,0,0,0,1
135500,0.0,0.0,0,0,1,0,78.555,0.0,0,0,1,0,9.679,1.29,1,0.0,0,0,1,1,0,1,0,1,0,0,0,12192.0,2,1,1,1,0,0,1,0,8.7,272.4,0,0,0,0,0,1
135600,0.0,0.0,0,0,1,0,78.555,0.0,0,0,1,0,9.808,1.29,1,0.0,0,0,1,1,0,1,0,1,0,0,0,12192.0,2,1,1,1,0,0,1,0,8.5,269.6,0,0,0,0,0,1
135700,0.0,0.0,0,0,1,0,78.555,0.0,0,0,1,0,9.937,1.29,1,0.0,0,0,1,1,0,1,0,1,0,0,0,12192.0,2,1,1,1,0,0,1,0,7.7,273.6,0,0,0,0,0,1
135800,0.0,0.0,0,0,1,0,78.555,0.0,0,0,1,0,10.066,1.29,1,0.0,0,0,1,1,0,1,0,1,0,0,0,12192.0,2,1,1,1,0,0,1,0,9.0,271.2,0,0,0,0,0,1
135900,0.0,0.0,0,0,1,0,78.555,0.0,0,0,1,0,10.195,1.29,1,0.0,0,0,1,1,0,1,0,1,0,0,0,12192.0,2,1,1,1,0,0,1,0,8.6,267.6,0,0,0,0,0,1
136000,0.0,0.0,0,0,1,0,78.555,0.0,0,0,1,0,10.324,1.29,1,0.0,0,0,1,1,0,1,0,1,0,0,0,12192.0,2,1,1,1,0,0,1,0,8.1,272.4,0,0,0,0,0,1
136100,0.0,0.0,0,0,1,0,78.555,0.0,0,0,1,0,10.453,1.29,1,0.0,0,0,1,1,0,1,0,1,0,0,0,12192.0,2,1,1,1,0,0,1,0,8.2,270.0,0,0,0,0,0,1
136200,0.0,0.0,0,0,1,0,78.555,0.0,0,0,1,0,10.582,1.29,1,0.0,0,0,1,1,0,1,0,1,0,0,0,12192.0,2,1,1,1,0,0,1,0,8.0,270.2,0,0,0,0,0,1
136300,0.0,0.0,0,0,1,0,78.555,0.0,0,0,1,0,10.711,1.29,1,0.0,0,0,1,1,0,1,0,1,0,0,0,12192.0,2,1,1,1,0,0,1,0,9.1,272.2,0,0,0,0,0,1
136400,0.0,0.0,0,0,1,0,78.555,0.0,0,0,1,0,10.84,1.29,1,0.0,0,0,1,1,0,1,0,1,0,0,0,12192.0,2,1,1,1,0,0,1,0,8.8,265.4,0,0,0,0,0,1
136500,0.0,0.0,0,0,1,0,78.555,0.0,0,0,1,0,10.969,1.29,1,0.0,0,0,1,1,0,1,0,1,0,0,0,12192.0,2,1,1,1,0,0,1,0,8.9,268.8,0,0,0,0,0,1
136600,0.0,0.0,0,0,1,0,78.555,0.0,0,0,1,0,11.098,1.29,1,0.0,0,0,1,1,0,1,0,1,0,0,0,12192.0,2,1,1,1,0,0,1,0,8.4,270.4,0,0,0,0,0,1
136700,0.0,0.0,0,0,1,0,78.555,0.0,0,0,1,0,11.227,1.29,1,0.0,0,0,1,1,0,1,0,1,0,0,0,12192.0,2,1,1,1,0,0,1,0,8.7,269.3,0,0,0,0,0,1
136800,0.0,0.0,0,0,1,0,78.555,0.0,0,0,1,0,11.356,1.29,1,0.0,0,0,1,1,0,1,0,1,0,0,0,12192.0,2,1,1,1,0,0,1,0,8.9,270.6,0,0,0,0,0,1
136900,0.0,0.0,0,0,1,0,78.555,0.0,0,0,1,0,11.485,1.29,1,0.0,0,0,1,1,0,1,0,1,0,0,0,12192.0,2,1,1,1,0,0,1,0,8.4,270.5,0,0,0,0,0,1
137000,0.0,0.0,0,0,1,0,78.555,0.0,0,0,1,0,11.614,1.29,1,0.0,0,0,1,1,0,1,0,1,0,0,0,12192.0,2,1,1,1,0,0,1,0,8.3,274.7,0,0,0,0,0,1
137100,0.0,0.0,0,0,1,0,78.555,0.0,0,0,1,0,11.743,1.29,1,0.0,0,0,1,1,0,1,0,1,0,0,0,12192.0,2,1,1,1,0,0,1,0,8.2,269.2,0,0,0,0,0,1
137200,0.0,0.0,0,0,1,0,78.555,0.0,0,0,1,0,11.872,1.29,1,0.0,0,0,1,1,0,1,0,1,0,0,0,12192.0,2,1,1,1,0,0,1,0,8.8,273.4,0,0,0,0,0,1
137300,0.0,0.0,0,0,1,0,78.555,0.0,0,0,1,0,12.001,1.29,1,0.0,0,0,1,1,0,1,0,1,0,0,0,12192.0,2,1,1,1,0,0,1,0,8.5,269.3,0,0,0,0,0,1
137400,0.0,0.0,0,0,1,0,78.555,0.0,0,0,1,0,12.13,1.29,1,0.0,0,0,1,1,0,1,0,1,0,0,0,12192.0,2,1,1,1,0,0,1,0,8.7,269.4,0,0,0,0,0,1
137500,0.0,0.0,0,0,1,0,78.555,0.0,0,0,1,0,12.259,1.29,1,0.0,0,0,1,1,0,1,0,1,0,0,0,12192.0,2,1,1,1,0,0,1,0,9.1,271.2,0,0,0,0,0,1
137600,0.0,0.0,0,0,1,0,78.555,0.0,0,0,1,0,12.388,1.29,1,0.0,0,0,1,1,0,1,0,1,0,0,0,12192.0,2,1,1,1,0,0,1,0,8.2,270.7,0,0,0,0,0,1
137700,0.0,0.0,0,0,1,0,78.555,0.0,0,0,1,0,12.517,1.29,1,0.0,0,0,1,1,0,1,0,1,0,0,0,12192.0,2,1,1,1,0,0,1,0,8.5,268.2,0,0,0,0,0,1
137800,0.0,0.0,0,0,1,0,78.555,0.0,0,0,1,0,12.646,1.29,1,0.0,0,0,1,1,0,1,0,1,0,0,0,12192.0,2,1,1,1,0,0,1,0,7.8,273.7,0,0,0,0,0,1
137900,0.0,0.0,0,0,1,0,78.555,0.0,0,0,1,0,12.775,1.29,1,0.0,0,0,1,1,0,1,0,1,0,0,0,12192.0,2,1,1,1,0,0,1,0,8.3,265.7,0,0,0,0,0,1
138000,0.0,0.0,0,0,1,0,78.555,0.0,0,0,1,0,12.904,1.29,1,0.0,0,0,1,1,0,1,0,1,0,0,0,12192.0,2,1,1,1,0,0,1,0,8.7,267.4,0,0,0,0,0,1
138100,0.0,0.0,0,0,1,0,78.555,0.0,0,0,1,0,13.033,1.29,1,0.0,0,0,1,1,0,1,0,1,0,0,0,12192.0,2,1,1,1,0,0,1,0,9.1,269.3,0,0,0,0,0,1
138200,0.0,0.0,0,0,1,0,78.555,0.0,0,0,1,0,13.162,1.29,1,0.0,0,0,1,1,0,1,0,1,0,0,0,12192.0,2,1,1,1,0,0,1,0,7.1,273.4,0,0,0,0,0,1
138300,0.0,0.0,0,0,1,0,78.555,0.0,0,0,1,0,13.291,1.29,1,0.0,0,0,1,1,0,1,0,1,0,0,0,12192.0,2,1,1,1,0,0,1,0,9.0,268.9,0,0,0,0,0,1
138400,0.0,0.0,0,0,1,0,78.555,0.0,0,0,1,0,13.42,1.29,1,0.0,0,0,1,1,0,1,0,1,0,0,0,12192.0,2,1,1,1,0,0,1,0,8.6,272.4,0,0,0,0,0,1
138500,0.0,0.0,0,0,1,0,78.555,0.0,0,0,1,0,13.549,1.29,1,0.0,0,0,1,1,0,1,0,1,0,0,0,12192.0,2,1,1,1,0,0,1,0,8.7,273.3,0,0,0,0,0,1
138600,0.0,0.0,0,0,1,0,78.555,0.0,0,0,1,0,13.678,1.29,1,0.0,0,0,1,1,0,1,0,1,0,0,0,12192.0,2,1,1,1,0,0,1,0,8.7,270.9,0,0,0,0,0,1
138700,0.0,0.0,0,0,1,0,78.555,0.0,0,0,1,0,13.807,1.29,1,0.0,0,0,1,1,0,1,0,1,0,0,0,12192.0,2,1,1,1,0,0,1,0,8.0,270.3,0,0,0,0,0,1
138800,0.0,0.0,0,0,1,0,78.555,0.0,0,0,1,0,13.936,1.29,1,0.0,0,0,1,1,0,1,0,1,0,0,0,12192.0,2,1,1,1,0,0,1,0,8.0,268.3,0,0,0,0,0,1
138900,0.0,0.0,0,0,1,0,78.555,0.0,0,0,1,0,14.065,1.29,1,0.0,0,0,1,1,0,1,0,1,0,0,0,12192.0,2,1,1,1,0,0,1,0,8.2,268.9,0,0,0,0,0,1
139000,0.0,0.0,0,0,1,0,78.555,0.0,0,0,1,0,14.194,1.29,1,0.0,0,0,1,1,0,1,0,1,0,0,0,12192.0,2,1,1,1,0,0,1,0,8.0,274.0,0,0,0,0,0,1
139100,0.0,0.0,0,0,1,0,78.555,0.0,0,0,1,0,14.323,1.29,1,0.0,0,0,1,1,0,1,0,1,0,0,0,12192.0,2,1,1,1,0,0,1,0,8.3,269.8,0,0,0,0,0,1
139200,0.0,0.0,0,0,1,0,78.555,0.0,0,0,1,0,14.452,1.29,1,0.0,0,0,1,1,0,1,0,1,0,0,0,12192.0,2,1,1,1,0,0,1,0,7.5,266.1,0,0,0,0,0,1
139300,0.0,0.0,0,0,1,0,78.555,0.0,0,0,1,0,14.58,1.29,1,0.0,0,0,1,1,0,1,0,1,0,0,0,12192.0,2,1,1,1,0,0,1,0,8.2,268.6,0,0,0,0,0,1
139400,0.0,0.0,0,0,1,0,78.555,0.0,0,0,1,0,14.709,1.29,1,0.0,0,0,1,1,0,1,0,1,0,0,0,12192.0,2,1,1,1,0,0,1,0,7.5,273.2,0,0,0,0,0,1
139500,0.0,0.0,0,0,1,0,78.555,0.0,0,0,1,0,14.838,1.29,1,0.0,0,0,1,1,0,1,0,1,0,0,0,12192.0,2,1,1,1,0,0,1,0,8.0,271.5,0,0,0,0,0,1
139600,0.0,0.0,0,0,1,0,78.555,0.0,0,0,1,0,14.967,1.29,1,0.0,0,0,1,1,0,1,0,1,0,0,0,12192.0,2,1,1,1,0,0,1,0,7.9,270.2,0,0,0,0,0,1
139700,0.0,0.0,0,0,1,0,78.555,0.0,0,0,1,0,15.096,1.29,1,0.0,0,0,1,1,0,1,0,1,0,0,0,12192.0,2,1,1,1,0,0,1,0,7.5,270.6,0,0,0,0,0,1
139800,0.0,0.0,0,0,1,0,78.555,0.0,0,0,1,0,15.225,1.29,1,0.0,0,0,1,1,0,1,0,1,0,0,0,12192.0,2,1,1,1,0,0,1,0,8.0,265.6,0,0,0,0,0,1
139900,0.0,0.0,0,0,1,0,78.555,0.0,0,0,1,0,15.354,1.29,1,0.0,0,0,1,1,0,1,0,1,0,0,0,12192.0,2,1,1,1,0,0,1,0,7.4,269.8,0,0,0,0,0,1
140000,0.0,0.0,0,0,1,0,78.555,0.0,0,0,1,0,15.483,1.29,1,0.0,0,0,1,1,0,1,0,1,0,0,0,12192.0,2,1,1,1,0,0,1,0,7.4,271.6,0,0,0,0,0,1
140100,0.0,0.0,0,0,1,0,78.555,0.0,0,0,1,0,15.612,1.29,1,0.0,0,0,1,1,0,1,0,1,0,0,0,12192.0,2,1,1,1,0,0,1,0,7.6,266.0,0,0,0,0,0,1
140200,0.0,0.0,0,0,1,0,78.555,0.0,0,0,1,0,15.741,1.29,1,0.0,0,0,1,1,0,1,0,1,0,0,0,12192.0,2,1,1,1,0,0,1,0,8.0,271.8,0,0,0,0,0,1
140300,0.0,0.0,0,0,1,0,78.555,0.0,0,0,1,0,15.87,1.29,1,0.0,0,0,1,1,0,1,0,1,0,0,0,12192.0,2,1,1,1,0,0,1,0,8.3,274.2,0,0,0,0,0,1
140400,0.0,0.0,0,0,1,0,78.555,0.0,0,0,1,0,15.999,1.29,1,0.0,0,0,1,1,0,1,0,1,0,0,0,12192.0,2,1,1,1,0,0,1,0,7.8,268.9,0,0,0,0,0,1
140500,0.0,0.0,0,0,1,0,78.555,0.0,0,0,1,0,16.128,1.29,1,0.0,0,0,1,1,0,1,0,1,0,0,0,12192.0,2,1,1,1,0,0,1,0,7.7,267.2,0,0,0,0,0,1
140600,0.0,0.0,0,0,1,0,78.555,0.0,0,0,1,0,16.257,1.29,1,0.0,0,0,1,1,0,1,0,1,0,0,0,12192.0,2,1,1,1,0,0,1,0,7.6,268.5,0,0,0,0,0,1
140700,0.0,0.0,0,0,1,0,78.555,0.0,0,0,1,0,16.386,1.29,1,0.0,0,0,1,1,0,1,0,1,0,0,0,12192.0,2,1,1,1,0,0,1,0,7.2,266.5,0,0,0,0,0,1
140800,0.0,0.0,0,0,1,0,78.555,0.0,0,0,1,0,16.515,1.29,1,0.0,0,0,1,1,0,1,0,1,0,0,0,12192.0,2,1,1,1,0,0,1,0,7.0,267.2,0,0,0,0,0,1
140900,0.0,0.0,0,0,1,0,78.555,0.0,0,0,1,0,16.644,1.29,1,0.0,0,0,1,1,0,1,0,1,0,0,0,12192.0,2,1,1,1,0,0,1,0,6.6,268.2,0,0,0,0,0,1
141000,0.0,0.0,0,0,1,0,78.555,0.0,0,0,1,0,16.773,1.29,1,0.0,0,0,1,1,0,1,0,1,0,0,0,12192.0,2,1,1,1,0,0,1,0,7.7,269.7,0,0,0,0,0,1
141100,0.0,0.0,0,0,1,0,78.555,0.0,0,0,1,0,16.902,1.29,1,0.0,0,0,1,1,0,1,0,1,0,0,0,12192.0,2,1,1,1,0,0,1,0,7.0,270.4,0,0,0,0,0,1
141200,0.0,0.0,0,0,1,0,78.555,0.0,0,0,1,0,17.031,1.29,1,0.0,0,0,1,1,0,1,0,1,0,0,0,12192.0,2,1,1,1,0,0,1,0,8.5,272.8,0,0,0,0,0,1
141300,0.0,0.0,0,0,1,0,78.555,0.0,0,0,1,0,17.16,1.29,1,0.0,0,0,1,1,0,1,0,1,0,0,0,12192.0,2,1,1,1,0,0,1,0,7.6,269.4,0,0,0,0,0,1
141400,0.0,0.0,0,0,1,0,78.555,0.0,0,0,1,0,17.289,1.29,1,0.0,0,0,1,1,0,1,0,1,0,0,0,12192.0,2,1,1,1,0,0,1,0,7.2,271.9,0,0,0,0,0,1
141500,0.0,0.0,0,0,1,0,78.555,0.0,0,0,1,0,17.418,1.29,1,0.0,0,0,1,1,0,1,0,1,0,0,0,12192.0,2,1,1,1,0,0,1,0,7.1,272.4,0,0,0,0,0,1
141600,0.0,0.0,0,0,1,0,78.555,0.0,0,0,1,0,17.547,1.29,1,0.0,0,0,1,1,0,1,0,1,0,0,0,12192.0,2,1,1,1,0,0,1,0,7.2,270.9,0,0,0,0,0,1
141700,0.0,0.0,0,0,1,0,78.555,0.0,0,0,1,0,17.676,1.29,1,0.0,0,0,1,1,0,1,0,1,0,0,0,12192.0,2,1,1,1,0,0,1,0,7.6,270.7,0,0,0,0,0,1
141800,0.0,0.0,0,0,1,0,78.555,0.0,0,0,1,0,17.805,1.29,1,0.0,0,0,1,1,0,1,0,1,0,0,0,12192.0,2,1,1,1,0,0,1,0,6.0,272.7,0,0,0,0,0,1
141900,0.0,0.0,0,0,1,0,78.555,0.0,0,0,1,0,17.934,1.29,1,0.0,0,0,1,1,0,1,0,1,0,0,0,12192.0,2,1,1,1,0,0,1,0,7.4,269.7,0,0,0,0,0,1
142000,0.0,0.0,0,0,1,0,78.555,0.0,0,0,1,0,18.063,1.29,1,0.0,0,0,1,1,0,1,0,1,0,0,0,12192.0,2,1,1,1,0,0,1,0,7.3,266.8,0,0,0,0,0,1
142100,0.0,0.0,0,0,1,0,78.555,0.0,0,0,1,0,18.192,1.29,1,0.0,0,0,1,1,0,1,0,1,0,0,0,12192.0,2,1,1,1,0,0,1,0,7.4,270.3,0,0,0,0,0,1
142200,0.0,0.0,0,0,1,0,78.555,0.0,0,0,1,0,18.321,1.29,1,0.0,0,0,1,1,0,1,0,1,0,0,0,12192.0,2,1,1,1,0,0,1,0,7.8,266.9,0,0,0,0,0,1
142300,0.0,0.0,0,0,1,0,78.555,0.0,0,0,1,0,18.45,1.29,1,0.0,0,0,1,1,0,1,0,1,0,0,0,12192.0,2,1,1,1,0,0,1,0,7.5,269.5,0,0,0,0,0,1
142400,0.0,0.0,0,0,1,0,78.555,0.0,0,0,1,0,18.579,1.29,1,0.0,0,0,1,1,0,1,0,1,0,0,0,12192.0,2,1,1,1,0,0,1,0,7.4,271.6,0,0,0,0,0,1
142500,0.0,0.0,0,0,1,0,78.555,0.0,0,0,1,0,18.708,1.29,1,0.0,0,0,1,1,0,1,0,1,0,0,0,12192.0,2,1,1,1,0,0,1,0,7.1,268.0,0,0,0,0,0,1
142600,0.0,0.0,0,0,1,0,78.555,0.0,0,0,1,0,18.837,1.29,1,0.0,0,0,1,1,0,1,0,1,0,0,0,12192.0,2,1,1,1,0,0,1,0,6.8,267.7,0,0,0,0,0,1
142700,0.0,0.0,0,0,1,0,78.555,0.0,0,0,1,0,18.966,1.29,1,0.0,0,0,1,1,0,1,0,1,0,0,0,12192.0,2,1,1,1,0,0,1,0,7.0,269.2,0,0,0,0,0,1
142800,0.0,0.0,0,0,1,0,78.555,0.0,0,0,1,0,19.095,1.29,1,0.0,0,0,1,1,0,1,0,1,0,0,0,12192.0,2,1,1,1,0,0,1,0,7.1,267.5,0,0,0,0,0,1
142900,0.0,0.0,0,0,1,0,78.555,0.0,0,0,1,0,19.224,1.29,1,0.0,0,0,1,1,0,1,0,1,0,0,0,12192.0,2,1,1,1,0,0,1,0,8.1,272.2,0,0,0,0,0,1
143000,0.0,0.0,0,0,1,0,78.555,0.0,0,0,1,0,19.353,1.29,1,0.0,0,0,1,1,0,1,0,1,0,0,0,12192.0,2,1,1,1,0,0,1,0,7.5,272.5,0,0,0,0,0,1
143100,0.0,0.0,0,0,1,0,78.555,0.0,0,0,1,0,19.482,1.29,1,0.0,0,0,1,1,0,1,0,1,0,0,0,12192.0,2,1,1,1,0,0,1,0,7.1,272.1,0,0,0,0,0,1
143200,0.0,0.0,0,0,1,0,78.555,0.0,0,0,1,0,19.611,1.29,1,0.0,0,0,1,1,0,1,0,1,0,0,0,12192.0,2,1,1,1,0,0,1,0,8.0,270.3,0,0,0,0,0,1
143300,0.0,0.0,0,0,1,0,78.555,0.0,0,0,1,0,19.74,1.29,1,0.0,0,0,1,1,0,1,0,1,0,0,0,12192.0,2,1,1,1,0,0,1,0,7.7,272.8,0,0,0,0,0,1
143400,0.0,0.0,0,0,1,0,78.555,0.0,0,0,1,0,19.869,1.29,1,0.0,0,0,1,1,0,1,0,1,0,0,0,12192.0,2,1,1,1,0,0,1,0,8.1,272.1,0,0,0,0,0,1
143500,0.0,0.0,0,0,1,0,78.555,0.0,0,0,1,0,19.998,1.29,1,0.0,0,0,1,1,0,1,0,1,0,0,0,12192.0,2,1,1,1,0,0,1,0,7.1,269.4,0,0,0,0,0,1
143600,0.0,0.0,0,0,1,0,78.555,0.0,0,0,1,0,20.127,1.29,1,0.0,0,0,1,1,0,1,0,1,0,0,0,12192.0,2,1,1,1,0,0,1,0,8.1,269.7,0,0,0,0,0,1
143700,0.0,0.0,0,0,1,0,78.555,0.0,0,0,1,0,20.256,1.29,1,0.0,0,0,1,1,0,1,0,1,0,0,0,12192.0,2,1,1,1,0,0,1,0,8.4,271.5,0,0,0,0,0,1
143800,0.0,0.0,0,0,1,0,78.555,0.0,0,0,1,0,20.385,1.29,1,0.0,0,0,1,1,0,1,0,1,0,0,0,12192.0,2,1,1,1,0,0,1,0,8.5,268.5,0,0,0,0,0,1
143900,0.0,0.0,0,0,1,0,78.555,0.0,0,0,1,0,20.514,1.29,1,0.0,0,0,1,1,0,1,0,1,0,0,0,12192.0,2,1,1,1,0,0,1,0,8.9,268.0,0,0,0,0,0,1
144000,0.0,0.0,0,0,1,0,78.555,0.0,0,0,1,0,20.643,1.29,1,0.0,0,0,1,1,0,1,0,1,0,0,0,12192.0,2,1,1,1,0,0,1,0,9.0,268.0,0,0,0,0,0,1
144100,0.0,0.0,0,0,1,0,78.555,0.0,0,0,1,0,20.772,1.29,1,0.0,0,0,1,1,0,1,0,1,0,0,0,12192.0,2,1,1,1,0,0,1,0,7.3,272.1,0,0,0,0,0,1
144200,0.0,0.0,0,0,1,0,78.555,0.0,0,0,1,0,20.901,1.29,1,0.0,0,0,1,1,0,1,0,1,0,0,0,12192.0,2,1,1,1,0,0,1,0,9.0,267.3,0,0,0,0,0,1
144300,0.0,0.0,0,0,1,0,78.555,0.0,0,0,1,0,21.03,1.29,1,0.0,0,0,1,1,0,1,0,1,0,0,0,12192.0,2,1,1,1,0,0,1,0,9.3,269.8,0,0,0,0,0,1
144400,0.0,0.0,0,0,1,0,78.555,0.0,0,0,1,0,21.159,1.29,1,0.0,0,0,1,1,0,1,0,1,0,0,0,12192.0,2,1,1,1,0,0,1,0,8.8,270.3,0,0,0,0,0,1
144500,0.0,0.0,0,0,1,0,78.555,0.0,0,0,1,0,21.288,1.29,1,0.0,0,0,1,1,0,1,0,1,0,0,0,12192.0,2,1,1,1,0,0,1,0,8.1,273.3,0,0,0,0,0,1
144600,0.0,0.0,0,0,1,0,78.555,0.0,0,0,1,0,21.416,1.29,1,0.0,0,0,1,1,0,1,0,1,0,0,0,12192.0,2,1,1,1,0,0,1,0,8.6,267.3,0,0,0,0,0,1
144700,0.0,0.0,0,0,1,0,78.555,0.0,0,0,1,0,21.545,1.29,1,0.0,0,0,1,1,0,1,0,1,0,0,0,12192.0,2,1,1,1,0,0,1,0,8.5,271.1,0,0,0,0,0,1
144800,0.0,0.0,0,0,1,0,78.555,0.0,0,0,1,0,21.674,1.29,1,0.0,0,0,1,1,0,1,0,1,0,0,0,12192.0,2,1,1,1,0,0,1,0,9.1,269.3,0,0,0,0,0,1
144900,0.0,0.0,0,0,1,0,78.555,0.0,0,0,1,0,21.803,1.29,1,0.0,0,0,1,1,0,1,0,1,0,0,0,12192.0,2,1,1,1,0,0,1,0,8.3,269.8,0,0,0,0,0,1
145000,0.0,0.0,0,0,1,0,78.555,0.0,0,0,1,0,21.932,1.29,1,0.0,0,0,1,1,0,1,0,1,0,0,0,12192.0,2,1,1,1,0,0,1,0,8.2,268.5,0,0,0,0,0,1
145100,0.0,0.0,0,0,1,0,78.555,0.0,0,0,1,0,22.061,1.29,1,0.0,0,0,1,1,0,1,0,1,0,0,0,12192.0,2,1,1,1,0,0,1,0,8.1,274.5,0,0,0,0,0,1
145200,0.0,0.0,0,0,1,0,78.555,0.0,0,0,1,0,22.19,1.29,1,0.0,0,0,1,1,0,1,0,1,0,0,0,12192.0,2,1,1,1,0,0,1,0,8.5,269.7,0,0,0,0,0,1
145300,0.0,0.0,0,0,1,0,78.555,0.0,0,0,1,0,22.319,1.29,1,0.0,0,0,1,1,0,1,0,1,0,0,0,12192.0,2,1,1,1,0,0,1,0,9.0,271.1,0,0,0,0,0,1
145400,0.0,0.0,0,0,1,0,78.555,0.0,0,0,1,0,22.448,1.29,1,0.0,0,0,1,1,0,1,0,1,0,0,0,12192.0,2,1,1,1,0,0,1,0,8.1,272.6,0,0,0,0,0,1
145500,0.0,0.0,0,0,1,0,78.555,0.0,0,0,1,0,22.577,1.29,1,0.0,0,0,1,1,0,1,0,1,0,0,0,12192.0,2,1,1,1,0,0,1,0,9.2,266.6,0,0,0,0,0,1
145600,0.0,0.0,0,0,1,0,78.555,0.0,0,0,1,0,22.706,1.29,1,0.0,0,0,1,1,0,1,0,1,0,0,0,12192.0,2,1,1,1,0,0,1,0,8.4,268.0,0,0,0,0,0,1
145700,0.0,0.0,0,0,1,0,78.555,0.0,0,0,1,0,22.835,1.29,1,0.0,0,0,1,1,0,1,0,1,0,0,0,12192.0,2,1,1,1,0,0,1,0,8.8,266.1,0,0,0,0,0,1
145800,0.0,0.0,0,0,1,0,78.555,0.0,0,0,1,0,22.964,1.29,1,0.0,0,0,1,1,0,1,0,1,0,0,0,12192.0,2,1,1,1,0,0,1,0,8.8,272.7,0,0,0,0,0,1
145900,0.0,0.0,0,0,1,0,78.555,0.0,0,0,1,0,23.093,1.29,1,0.0,0,0,1,1,0,1,0,1,0,0,0,12192.0,2,1,1,1,0,0,1,0,9.1,270.6,0,0,0,0,0,1
146000,0.0,0.0,0,0,1,0,78.555,0.0,0,0,1,0,23.222,1.29,1,0.0,0,0,1,1,0,1,0,1,0,0,0,12192.0,2,1,1,1,0,0,1,0,8.7,267.1,0,0,0,0,0,1
146100,0.0,0.0,0,0,1,0,78.555,0.0,0,0,1,0,23.351,1.29,1,0.0,0,0,1,1,0,1,0,1,0,0,0,12192.0,2,1,1,1,0,0,1,0,8.8,267.9,0,0,0,0,0,1
146200,0.0,0.0,0,0,1,0,78.555,0.0,0,0,1,0,23.48,1.29,1,0.0,0,0,1,1,0,1,0,1,0,0,0,12192.0,2,1,1,1,0,0,1,0,8.3,265.0,0,0,0,0,0,1
146300,0.0,0.0,0,0,1,0,78.555,0.0,0,0,1,0,23.609,1.29,1,0.0,0,0,1,1,0,1,0,1,0,0,0,12192.0,2,1,1,1,0,0,1,0,8.6,271.3,0,0,0,0,0,1
146400,0.0,0.0,0,0,1,0,78.555,0.0,0,0,1,0,23.738,1.29,1,0.0,0,0,1,1,0,1,0,1,0,0,0,12192.0,2,1,1,1,0,0,1,0,9.0,271.9,0,0,0,0,0,1
146500,0.0,0.0,0,0,1,0,78.555,0.0,0,0,1,0,23.867,1.29,1,0.0,0,0,1,1,0,1,0,1,0,0,0,12192.0,2,1,1,1,0,0,1,0,8.9,267.5,0,0,0,0,0,1
146600,0.0,0.0,0,0,1,0,78.555,0.0,0,0,1,0,23.996,1.29,1,0.0,0,0,1,1,0,1,0,1,0,0,0,12192.0,2,1,1,1,0,0,1,0,7.5,267.3,0,0,0,0,0,1
146700,0.0,0.0,0,0,1,0,78.555,0.0,0,0,1,0,24.125,1.29,1,0.0,0,0,1,1,0,1,0,1,0,0,0,12192.0,2,1,1,1,0,0,1,0,8.8,265.7,0,0,0,0,0,1
146800,0.0,0.0,0,0,1,0,78.555,0.0,0,0,1,0,24.254,1.29,1,0.0,0,0,1,1,0,1,0,1,0,0,0,12192.0,2,1,1,1,0,0,1,0,8.6,269.6,0,0,0,0,0,1
146900,0.0,0.0,0,0,1,0,78.555,0.0,0,0,1,0,24.383,1.29,1,0.0,0,0,1,1,0,1,0,1,0,0,0,12192.0,2,1,1,1,0,0,1,0,7.8,269.9,0,0,0,0,0,1
147000,0.0,0.0,0,0,1,0,78.555,0.0,0,0,1,0,24.512,1.29,1,0.0,0,0,1,1,0,1,0,1,0,0,0,12192.0,2,1,1,1,0,0,1,0,8.3,267.6,0,0,0,0,0,1
147100,0.0,0.0,0,0,1,0,78.555,0.0,0,0,1,0,24.641,1.29,1,0.0,0,0,1,1,0,1,0,1,0,0,0,12192.0,2,1,1,1,0,0,1,0,8.2,270.9,0,0,0,0,0,1
147200,0.0,0.0,0,0,1,0,78.555,0.0,0,0,1,0,24.77,1.29,1,0.0,0,0,1,1,0,1,0,1,0,0,0,12192.0,2,1,1,1,0,0,1,0,9.4,271.6,0,0,0,0,0,1
147300,0.0,0.0,0,0,1,0,78.555,0.0,0,0,1,0,24.899,1.29,1,0.0,0,0,1,1,0,1,0,1,0,0,0,12192.0,2,1,1,1,0,0,1,0,9.0,270.3,0,0,0,0,0,1
147400,0.0,0.0,0,0,1,0,78.555,0.0,0,0,1,0,25.028,1.29,1,0.0,0,0,1,1,0,1,0,1,0,0,0,12192.0,2,1,1,1,0,0,1,0,9.0,270.8,0,0,0,0,0,1
147500,0.0,0.0,0,0,1,0,78.555,0.0,0,0,1,0,25.157,1.29,1,0.0,0,0,1,1,0,1,0,1,0,0,0,12192.0,2,1,1,1,0,0,1,0,8.9,271.6,0,0,0,0,0,1
147600,0.0,0.0,0,0,1,0,78.555,0.0,0,0,1,0,25.286,1.29,1,0.0,0,0,1,1,0,1,0,1,0,0,0,12192.0,2,1,1,1,0,0,1,0,7.8,272.0,0,0,0,0,0,1
147700,0.0,0.0,0,0,1,0,78.555,0.0,0,0,1,0,25.415,1.29,1,0.0,0,0,1,1,0,1,0,1,0,0,0,12192.0,2,1,1,1,0,0,1,0,8.7,270.1,0,0,0,0,0,1
147800,0.0,0.0,0,0,1,0,78.555,0.0,0,0,1,0,25.544,1.29,1,0.0,0,0,1,1,0,1,0,1,0,0,0,12192.0,2,1,1,1,0,0,1,0,8.2,275.0,0,0,0,0,0,1
147900,0.0,0.0,0,0,1,0,78.555,0.0,0,0,1,0,25.673,1.29,1,0.0,0,0,1,1,0,1,0,1,0,0,0,12192.0,2,1,1,1,0,0,1,0,8.1,268.7,0,0,0,0,0,1
148000,0.0,0.0,0,0,1,0,78.555,0.0,0,0,1,0,25.802,1.29,1,0.0,0,0,1,1,0,1,0,1,0,0,0,12192.0,2,1,1,1,0,0,1,0,8.2,264.1,0,0,0,0,0,1
148100,0.0,0.0,0,0,1,0,78.555,0.0,0,0,1,0,25.931,1.29,1,0.0,0,0,1,1,0,1,0,1,0,0,0,12192.0,2,1,1,1,0,0,1,0,8.1,268.6,0,0,0,0,0,1
148200,0.0,0.0,0,0,1,0,78.555,0.0,0,0,1,0,26.06,1.29,1,0.0,0,0,1,1,0,1,0,1,0,0,0,12192.0,2,1,1,1,0,0,1,0,7.4,269.3,0,0,0,0,0,1
148300,0.0,0.0,0,0,1,0,78.555,0.0,0,0,1,0,26.189,1.29,1,0.0,0,0,1,1,0,1,0,1,0,0,0,12192.0,2,1,1,1,0,0,1,0,8.0,269.7,0,0,0,0,0,1
148400,0.0,0.0,0,0,1,0,78.555,0.0,0,0,1,0,26.318,1.29,1,0.0,0,0,1,1,0,1,0,1,0,0,0,12192.0,2,1,1,1,0,0,1,0,8.1,273.4,0,0,0,0,0,1
148500,0.0,0.0,0,0,1,0,78.555,0.0,0,0,1,0,26.447,1.29,1,0.0,0,0,1,1,0,1,0,1,0,0,0,12192.0,2,1,1,1,0,0,1,0,8.4,269.3,0,0,0,0,0,1
148600,0.0,0.0,0,0,1,0,78.555,0.0,0,0,1,0,26.576,1.29,1,0.0,0,0,1,1,0,1,0,1,0,0,0,12192.0,2,1,1,1,0,0,1,0,7.9,271.1,0,0,0,0,0,1
148700,0.0,0.0,0,0,1,0,78.555,0.0,0,0,1,0,26.705,1.29,1,0.0,0,0,1,1,0,1,0,1,0,0,0,12192.0,2,1,1,1,0,0,1,0,7.6,272.1,0,0,0,0,0,1
148800,0.0,0.0,0,0,1,0,78.555,0.0,0,0,1,0,26.834,1.29,1,0.0,0,0,1,1,0,1,0,1,0,0,0,12192.0,2,1,1,1,0,0,1,0,8.0,273.8,0,0,0,0,0,1
148900,0.0,0.0,0,0,1,0,78.555,0.0,0,0,1,0,26.963,1.29,1,0.0,0,0,1,1,0,1,0,1,0,0,0,12192.0,2,1,1,1,0,0,1,0,7.7,265.3,0,0,0,0,0,1
149000,0.0,0.0,0,0,1,0,78.555,0.0,0,0,1,0,27.092,1.29,1,0.0,0,0,1,1,0,1,0,1,0,0,0,12192.0,2,1,1,1,0,0,1,0,7.3,271.2,0,0,0,0,0,1
149100,0.0,0.0,0,0,1,0,78.555,0.0,0,0,1,0,27.221,1.29,1,0.0,0,0,1,1,0,1,0,1,0,0,0,12192.0,2,1,1,1,0,0,1,0,7.9,270.4,0,0,0,0,0,1
149200,0.0,0.0,0,0,1,0,78.555,0.0,0,0,1,0,27.35,1.29,1,0.0,0,0,1,1,0,1,0,1,0,0,0,12192.0,2,1,1,1,0,0,1,0,7.6,270.3,0,0,0,0,0,1
149300,0.0,0.0,0,0,1,0,78.555,0.0,0,0,1,0,27.479,1.29,1,0.0,0,0,1,1,0,1,0,1,0,0,0,12192.0,2,1,1,1,0,0,1,0,8.2,269.6,0,0,0,0,0,1
149400,0.0,0.0,0,0,1,0,78.555,0.0,0,0,1,0,27.608,1.29,1,0.0,0,0,1,1,0,1,0,1,0,0,0,12192.0,2,1,1,1,0,0,1,0,7.4,269.2,0,0,0,0,0,1
149500,0.0,0.0,0,0,1,0,78.555,0.0,0,0,1,0,27.737,1.29,1,0.0,0,0,1,1,0,1,0,1,0,0,0,12192.0,2,1,1,1,0,0,1,0,6.6,271.1,0,0,0,0,0,1
149600,0.0,0.0,0,0,1,0,78.555,0.0,0,0,1,0,27.866,1.29,1,0.0,0,0,1,1,0,1,0,1,0,0,0,12192.0,2,1,1,1,0,0,1,0,7.1,267.3,0,0,0,0,0,1
149700,0.0,0.0,0,0,1,0,78.555,0.0,0,0,1,0,27.995,1.29,1,0.0,0,0,1,1,0,1,0,1,0,0,0,12192.0,2,1,1,1,0,0,1,0,7.6,267.5,0,0,0,0,0,1
149800,0.0,0.0,0,0,1,0,78.555,0.0,0,0,1,0,28.124,1.29,1,0.0,0,0,1,1,0,1,0,1,0,0,0,12192.0,2,1,1,1,0,0,1,0,7.5,272.4,0,0,0,0,0,1
149900,0.0,0.0,0,0,1,0,78.555,0.0,0,0,1,0,28.252,1.29,1,0.0,0,0,1,1,0,1,0,1,0,0,0,12192.0,2,1,1,1,0,0,1,0,7.5,271.8,0,0,0,0,0,1
150000,0.0,0.0,0,0,1,0,78.555,0.0,0,0,1,0,28.381,1.29,1,0.0,0,0,1,1,0,1,0,1,0,0,0,12192.0,2,1,1,1,0,0,1,0,7.3,266.8,0,0,0,0,0,1
150100,0.0,0.0,0,0,1,0,78.555,0.0,0,0,1,0,28.51,1.29,1,0.0,0,0,1,1,0,1,0,1,0,0,0,12192.0,2,1,1,1,0,0,1,0,7.9,268.2,0,0,0,0,0,1
150200,0.0,0.0,0,0,1,0,78.555,0.0,0,0,1,0,28.639,1.29,1,0.0,0,0,1,1,0,1,0,1,0,0,0,12192.0,2,1,1,1,0,0,1,0,8.1,271.9,0,0,0,0,0,1
150300,0.0,0.0,0,0,1,0,78.555,0.0,0,0,1,0,28.768,1.29,1,0.0,0,0,1,1,0,1,0,1,0,0,0,12192.0,2,1,1,1,0,0,1,0,6.6,269.1,0,0,0,0,0,1
150400,0.0,0.0,0,0,1,0,78.555,0.0,0,0,1,0,28.897,1.29,1,0.0,0,0,1,1,0,1,0,1,0,0,0,12192.0,2,1,1,1,0,0,1,0,6.4,271.3,0,0,0,0,0,1
150500,0.0,0.0,0,0,1,0,78.555,0.0,0,0,1,0,29.026,1.29,1,0.0,0,0,1,1,0,1,0,1,0,0,0,12192.0,2,1,1,1,0,0,1,0,7.0,274.4,0,0,0,0,0,1
150600,0.0,0.0,0,0,1,0,78.555,0.0,0,0,1,0,29.155,1.29,1,0.0,0,0,1,1,0,1,0,1,0,0,0,12192.0,2,1,1,1,0,0,1,0,6.8,270.3,0,0,0,0,0,1
150700,0.0,0.0,0,0,1,0,78.555,0.0,0,0,1,0,29.284,1.29,1,0.0,0,0,1,1,0,1,0,1,0,0,0,12192.0,2,1,1,1,0,0,1,0,7.7,273.6,0,0,0,0,0,1
150800,0.0,0.0,0,0,1,0,78.555,0.0,0,0,1,0,29.413,1.29,1,0.0,0,0,1,1,0,1,0,1,0,0,0,12192.0,2,1,1,1,0,0,1,0,8.4,267.9,0,0,0,0,0,1
150900,0.0,0.0,0,0,1,0,78.555,0.0,0,0,1,0,29.542,1.29,1,0.0,0,0,1,1,0,1,0,1,0,0,0,12192.0,2,1,1,1,0,0,1,0,7.4,268.9,0,0,0,0,0,1
151000,0.0,0.0,0,0,1,0,78.555,0.0,0,0,1,0,29.671,1.29,1,0.0,0,0,1,1,0,1,0,1,0,0,0,12192.0,2,1,1,1,0,0,1,0,6.9,271.4,0,0,0,0,0,1
151100,0.0,0.0,0,0,1,0,78.555,0.0,0,0,1,0,29.8,1.29,1,0.0,0,0,1,1,0,1,0,1,0,0,0,12192.0,2,1,1,1,0,0,1,0,7.4,275.9,0,0,0,0,0,1
151200,0.0,0.0,0,0,1,0,78.555,0.0,0,0,1,0,29.929,1.29,1,0.0,0,0,1,1,0,1,0,1,0,0,0,12192.0,2,1,1,1,0,0,1,0,7.5,271.5,0,0,0,0,0,1
151300,0.0,0.0,0,0,1,0,78.555,0.0,0,0,1,0,30.058,1.29,1,0.0,0,0,1,1,0,1,0,1,0,0,0,12192.0,2,1,1,1,0,0,1,0,7.3,268.1,0,0,0,0,0,1
151400,0.0,0.0,0,0,1,0,78.555,0.0,0,0,1,0,30.187,1.29,1,0.0,0,0,1,1,0,1,0,1,0,0,0,12192.0,2,1,1,1,0,0,1,0,7.4,269.9,0,0,0,0,0,1
151500,0.0,0.0,0,0,1,0,78.555,0.0,0,0,1,0,30.316,1.29,1,0.0,0,0,1,1,0,1,0,1,0,0,0,12192.0,2,1,1,1,0,0,1,0,7.3,274.7,0,0,0,0,0,1
151600,0.0,0.0,0,0,1,0,78.555,0.0,0,0,1,0,30.445,1.29,1,0.0,0,0,1,1,0,1,0,1,0,0,0,12192.0,2,1,1,1,0,0,1,0,7.6,271.5,0,0,0,0,0,1
151700,0.0,0.0,0,0,1,0,78.555,0.0,0,0,1,0,30.574,1.29,1,0.0,0,0,1,1,0,1,0,1,0,0,0,12192.0,2,1,1,1,0,0,1,0,7.2,272.6,0,0,0,0,0,1
151800,0.0,0.0,0,0,1,0,78.555,0.0,0,0,1,0,30.703,1.29,1,0.0,0,0,1,1,0,1,0,1,0,0,0,12192.0,2,1,1,1,0,0,1,0,8.0,270.0,0,0,0,0,0,1
151900,0.0,0.0,0,0,1,0,78.555,0.0,0,0,1,0,30.832,1.29,1,0.0,0,0,1,1,0,1,0,1,0,0,0,12192.0,2,1,1,1,0,0,1,0,8.6,270.7,0,0,0,0,0,1
152000,0.0,0.0,0,0,1,0,78.555,0.0,0,0,1,0,30.961,1.29,1,0.0,0,0,1,1,0,1,0,1,0,0,0,12192.0,2,1,1,1,0,0,1,0,7.9,270.8,0,0,0,0,0,1
152100,0.0,0.0,0,0,1,0,78.555,0.0,0,0,1,0,31.09,1.29,1,0.0,0,0,1,1,0,1,0,1,0,0,0,12192.0,2,1,1,1,0,0,1,0,7.5,266.6,0,0,0,0,0,1
152200,0.0,0.0,0,0,1,0,78.555,0.0,0,0,1,0,31.219,1.29,1,0.0,0,0,1,1,0,1,0,1,0,0,0,12192.0,2,1,1,1,0,0,1,0,8.0,271.1,0,0,0,0,0,1
152300,0.0,0.0,0,0,1,0,78.555,0.0,0,0,1,0,31.348,1.29,1,0.0,0,0,1,1,0,1,0,1,0,0,0,12192.0,2,1,1,1,0,0,1,0,7.8,270.4,0,0,0,0,0,1
152400,0.0,0.0,0,0,1,0,78.555,0.0,0,0,1,0,31.477,1.29,1,0.0,0,0,1,1,0,1,0,1,0,0,0,12192.0,2,1,1,1,0,0,1,0,8.1,270.6,0,0,0,0,0,1
152500,0.0,0.0,0,0,1,0,78.555,0.0,0,0,1,0,31.606,1.29,1,0.0,0,0,1,1,0,1,0,1,0,0,0,12192.0,2,1,1,1,0,0,1,0,7.8,273.2,0,0,0,0,0,1
152600,0.0,0.0,0,0,1,0,78.555,0.0,0,0,1,0,31.735,1.29,1,0.0,0,0,1,1,0,1,0,1,0,0,0,12192.0,2,1,1,1,0,0,1,0,8.4,267.3,0,0,0,0,0,1
152700,0.0,0.0,0,0,1,0,78.555,0.0,0,0,1,0,31.864,1.29,1,0.0,0,0,1,1,0,1,0,1,0,0,0,12192.0,2,1,1,1,0,0,1,0,8.4,265.5,0,0,0,0,0,1
152800,0.0,0.0,0,0,1,0,78.555,0.0,0,0,1,0,31.993,1.29,1,0.0,0,0,1,1,0,1,0,1,0,0,0,12192.0,2,1,1,1,0,0,1,0,7.9,271.2,0,0,0,0,0,1
152900,0.0,0.0,0,0,1,0,78.555,0.0,0,0,1,0,32.122,1.29,1,0.0,0,0,1,1,0,1,0,1,0,0,0,12192.0,2,1,1,1,0,0,1,0,7.7,270.9,0,0,0,0,0,1
153000,0.0,0.0,0,0,1,0,78.555,0.0,0,0,1,0,32.251,1.29,1,0.0,0,0,1,1,0,1,0,1,0,0,0,12192.0,2,1,1,1,0,0,1,0,8.7,273.5,0,0,0,0,0,1
153100,0.0,0.0,0,0,1,0,78.555,0.0,0,0,1,0,32.38,1.29,1,0.0,0,0,1,1,0,1,0,1,0,0,0,12192.0,2,1,1,1,0,0,1,0,8.1,272.0,0,0,0,0,0,1
153200,0.0,0.0,0,0,1,0,78.555,0.0,0,0,1,0,32.509,1.29,1,0.0,0,0,1,1,0,1,0,1,0,0,0,12192.0,2,1,1,1,0,0,1,0,7.7,263.7,0,0,0,0,0,1
153300,0.0,0.0,0,0,1,0,78.555,0.0,0,0,1,0,32.638,1.29,1,0.0,0,0,1,1,0,1,0,1,0,0,0,12192.0,2,1,1,1,0,0,1,0,8.5,271.3,0,0,0,0,0,1
153400,0.0,0.0,0,0,1,0,78.555,0.0,0,0,1,0,32.767,1.29,1,0.0,0,0,1,1,0,1,0,1,0,0,0,12192.0,2,1,1,1,0,0,1,0,8.5,271.8,0,0,0,0,0,1
153500,0.0,0.0,0,0,1,0,78.555,0.0,0,0,1,0,32.896,1.29,1,0.0,0,0,1,1,0,1,0,1,0,0,0,12192.0,2,1,1,1,0,0,1,0,8.3,272.5,0,0,0,0,0,1
153600,0.0,0.0,0,0,1,0,78.555,0.0,0,0,1,0,33.025,1.29,1,0.0,0,0,1,1,0,1,0,1,0,0,0,12192.0,2,1,1,1,0,0,1,0,8.1,269.9,0,0,0,0,0,1
153700,0.0,0.0,0,0,1,0,78.555,0.0,0,0,1,0,33.154,1.29,1,0.0,0,0,1,1,0,1,0,1,0,0,0,12192.0,2,1,1,1,0,0,1,0,8.9,267.8,0,0,0,0,0,1
153800,0.0,0.0,0,0,1,0,78.555,0.0,0,0,1,0,33.283,1.29,1,0.0,0,0,1,1,0,1,0,1,0,0,0,12192.0,2,1,1,1,0,0,1,0,8.4,271.7,0,0,0,0,0,1
153900,0.0,0.0,0,0,1,0,78.555,0.0,0,0,1,0,33.412,1.29,1,0.0,0,0,1,1,0,1,0,1,0,0,0,12192.0,2,1,1,1,0,0,1,0,8.7,271.2,0,0,0,0,0,1
154000,0.0,0.0,0,0,1,0,78.555,0.0,0,0,1,0,33.541,1.29,1,0.0,0,0,1,1,0,1,0,1,0,0,0,12192.0,2,1,1,1,0,0,1,0,8.5,270.8,0,0,0,0,0,1
154100,0.0,0.0,0,0,1,0,78.555,0.0,0,0,1,0,33.67,1.29,1,0.0,0,0,1,1,0,1,0,1,0,0,0,12192.0,2,1,1,1,0,0,1,0,9.1,270.9,0,0,0,0,0,1
154200,0.0,0.0,0,0,1,0,78.555,0.0,0,0,1,0,33.799,1.29,1,0.0,0,0,1,1,0,1,0,1,0,0,0,12192.0,2,1,1,1,0,0,1,0,8.7,269.9,0,0,0,0,0,1
154300,0.0,0.0,0,0,1,0,78.555,0.0,0,0,1,0,33.928,1.29,1,0.0,0,0,1,1,0,1,0,1,0,0,0,12192.0,2,1,1,1,0,0,1,0,8.2,269.4,0,0,0,0,0,1
154400,0.0,0.0,0,0,1,0,78.555,0.0,0,0,1,0,34.057,1.29,1,0.0,0,0,1,1,0,1,0,1,0,0,0,12192.0,2,1,1,1,0,0,1,0,8.6,270.8,0,0,0,0,0,1
154500,0.0,0.0,0,0,1,0,78.555,0.0,0,0,1,0,34.186,1.29,1,0.0,0,0,1,1,0,1,0,1,0,0,0,12192.0,2,1,1,1,0,0,1,0,8.8,272.5,0,0,0,0,0,1
154600,0.0,0.0,0,0,1,0,78.555,0.0,0,0,1,0,34.315,1.29,1,0.0,0,0,1,1,0,1,0,1,0,0,0,12192.0,2,1,1,1,0,0,1,0,8.7,271.8,0,0,0,0,0,1
154700,0.0,0.0,0,0,1,0,78.555,0.0,0,0,1,0,34.444,1.29,1,0.0,0,0,1,1,0,1,0,1,0,0,0,12192.0,2,1,1,1,0,0,1,0,8.2,268.7,0,0,0,0,0,1
154800,0.0,0.0,0,0,1,0,78.555,0.0,0,0,1,0,34.573,1.29,1,0.0,0,0,1,1,0,1,0,1,0,0,0,12192.0,2,1,1,1,0,0,1,0,8.4,273.5,0,0,0,0,0,1
154900,0.0,0.0,0,0,1,0,78.555,0.0,0,0,1,0,34.702,1.29,1,0.0,0,0,1,1,0,1,0,1,0,0,0,12192.0,2,1,1,1,0,0,1,0,9.0,272.3,0,0,0,0,0,1
155000,0.0,0.0,0,0,1,0,78.555,0.0,0,0,1,0,34.831,1.29,1,0.0,0,0,1,1,0,1,0,1,0,0,0,12192.0,2,1,1,1,0,0,1,0,8.8,270.3,0,0,0,0,0,1
155100,0.0,0.0,0,0,1,0,78.555,0.0,0,0,1,0,34.96,1.29,1,0.0,0,0,1,1,0,1,0,1,0,0,0,12192.0,2,1,1,1,0,0,1,0,8.8,269.4,0,0,0,0,0,1
155200,0.0,0.0,0,0,1,0,78.555,0.0,0,0,1,0,35.088,1.29,1,0.0,0,0,1,1,0,1,0,1,0,0,0,12192.0,2,1,1,1,0,0,1,0,8.0,268.2,0,0,0,0,0,1
155300,0.0,0.0,0,0,1,0,78.555,0.0,0,0,1,0,35.217,1.29,1,0.0,0,0,1,1,0,1,0,1,0,0,0,12192.0,2,1,1,1,0,0,1,0,9.2,270.2,0,0,0,0,0,1
155400,0.0,0.0,0,0,1,0,78.555,0.0,0,0,1,0,35.346,1.29,1,0.0,0,0,1,1,0,1,0,1,0,0,0,12192.0,2,1,1,1,0,0,1,0,9.0,270.1,0,0,0,0,0,1
155500,0.0,0.0,0,0,1,0,78.555,0.0,0,0,1,0,35.475,1.29,1,0.0,0,0,1,1,0,1,0,1,0,0,0,12192.0,2,1,1,1,0,0,1,0,9.3,271.0,0,0,0,0,0,1
155600,0.0,0.0,0,0,1,0,78.555,0.0,0,0,1,0,35.604,1.29,1,0.0,0,0,1,1,0,1,0,1,0,0,0,12192.0,2,1,1,1,0,0,1,0,8.5,271.4,0,0,0,0,0,1
155700,0.0,0.0,0,0,1,0,78.555,0.0,0,0,1,0,35.733,1.29,1,0.0,0,0,1,1,0,1,0,1,0,0,0,12192.0,2,1,1,1,0,0,1,0,8.3,272.0,0,0,0,0,0,1
155800,0.0,0.0,0,0,1,0,78.555,0.0,0,0,1,0,35.862,1.29,1,0.0,0,0,1,1,0,1,0,1,0,0,0,12192.0,2,1,1,1,0,0,1,0,8.1,266.2,0,0,0,0,0,1
155900,0.0,0.0,0,0,1,0,78.555,0.0,0,0,1,0,35.991,1.29,1,0.0,0,0,1,1,0,1,0,1,0,0,0,12192.0,2,1,1,1,0,0,1,0,8.7,266.1,0,0,0,0,0,1
156000,0.0,0.0,0,0,1,0,78.555,0.0,0,0,1,0,36.12,1.29,1,0.0,0,0,1,1,0,1,0,1,0,0,0,12192.0,2,1,1,1,0,0,1,0,7.8,267.8,0,0,0,0,0,1
156100,0.0,0.0,0,0,1,0,78.555,0.0,0,0,1,0,36.249,1.29,1,0.0,0,0,1,1,0,1,0,1,0,0,0,12192.0,2,1,1,1,0,0,1,0,8.2,264.4,0,0,0,0,0,1
156200,0.0,0.0,0,0,1,0,78.555,0.0,0,0,1,0,36.378,1.29,1,0.0,0,0,1,1,0,1,0,1,0,0,0,12192.0,2,1,1,1,0,0,1,0,7.6,266.7,0,0,0,0,0,1
156300,0.0,0.0,0,0,1,0,78.555,0.0,0,0,1,0,36.507,1.29,1,0.0,0,0,1,1,0,1,0,1,0,0,0,12192.0,2,1,1,1,0,0,1,0,8.9,264.0,0,0,0,0,0,1
156400,0.0,0.0,0,0,1,0,78.555,0.0,0,0,1,0,36.636,1.29,1,0.0,0,0,1,1,0,1,0,1,0,0,0,12192.0,2,1,1,1,0,0,1,0,8.6,271.6,0,0,0,0,0,1
156500,0.0,0.0,0,0,1,0,78.555,0.0,0,0,1,0,36.765,1.29,1,0.0,0,0,1,1,0,1,0,1,0,0,0,12192.0,2,1,1,1,0,0,1,0,7.9,272.5,0,0,0,0,0,1
156600,0.0,0.0,0,0,1,0,78.555,0.0,0,0,1,0,36.894,1.29,1,0.0,0,0,1,1,0,1,0,1,0,0,0,12192.0,2,1,1,1,0,0,1,0,8.3,271.5,0,0,0,0,0,1
156700,0.0,0.0,0,0,1,0,78.555,0.0,0,0,1,0,37.023,1.29,1,0.0,0,0,1,1,0,1,0,1,0,0,0,12192.0,2,1,1,1,0,0,1,0,8.5,272.4,0,0,0,0,0,1
156800,0.0,0.0,0,0,1,0,78.555,0.0,0,0,1,0,37.152,1.29,1,0.0,0,0,1,1,0,1,0,1,0,0,0,12192.0,2,1,1,1,0,0,1,0,7.9,267.1,0,0,0,0,0,1
156900,0.0,0.0,0,0,1,0,78.555,0.0,0,0,1,0,37.281,1.29,1,0.0,0,0,1,1,0,1,0,1,0,0,0,12192.0,2,1,1,1,0,0,1,0,8.5,264.1,0,0,0,0,0,1
157000,0.0,0.0,0,0,1,0,78.555,0.0,0,0,1,0,37.41,1.29,1,0.0,0,0,1,1,0,1,0,1,0,0,0,12192.0,2,1,1,1,0,0,1,0,8.7,271.3,0,0,0,0,0,1
157100,0.0,0.0,0,0,1,0,78.555,0.0,0,0,1,0,37.534,1.242,1,0.0,0,0,1,1,0,1,0,1,0,0,0,12192.0,2,1,1,1,0,0,1,0,7.2,269.3,0,0,0,0,0,1
157200,0.0,0.0,0,0,1,0,78.555,0.0,0,0,1,0,37.654,1.193,1,0.0,0,0,1,1,0,1,0,1,0,0,0,12192.0,2,1,1,1,0,0,1,0,7.8,271.5,0,0,0,0,0,1
157300,0.0,0.0,0,0,1,0,78.555,0.0,0,0,1,0,37.768,1.145,1,0.0,0,0,1,1,0,1,0,1,0,0,0,12192.0,2,1,1,1,0,0,1,0,7.7,269.0,0,0,0,0,0,1
157400,0.0,0.0,0,0,1,0,78.555,0.0,0,0,1,0,37.878,1.097,1,0.0,0,0,1,1,0,1,0,1,0,0,0,12192.0,2,1,1,1,0,0,1,0,8.8,272.4,0,0,0,0,0,1
157500,0.0,0.0,0,0,1,0,78.555,0.0,0,0,1,0,37.983,1.048,1,0.0,0,0,1,1,0,1,0,1,0,0,0,12192.0,2,1,1,1,0,0,1,0,7.7,268.2,0,0,0,0,0,1
157600,0.0,0.0,0,0,1,0,78.555,0.0,0,0,1,0,38.083,1.0,1,0.0,0,0,1,1,0,1,0,1,0,0,0,12192.0,2,1,1,1,0,0,1,0,7.3,268.2,0,0,0,0,0,1
157700,0.0,0.0,0,0,1,0,78.555,0.0,0,0,1,0,38.178,0.952,1,0.0,0,0,1,1,0,1,0,1,0,0,0,12192.0,2,1,1,1,0,0,1,0,8.0,272.2,0,0,0,0,0,1
157800,0.0,0.0,0,0,1,0,78.555,0.0,0,0,1,0,38.268,0.904,1,0.0,0,0,1,1,0,1,0,1,0,0,0,12192.0,2,1,1,1,0,0,1,0,7.2,271.7,0,0,0,0,0,1
157900,0.0,0.0,0,0,1,0,78.555,0.0,0,0,1,0,38.354,0.855,1,0.0,0,0,1,1,0,1,0,1,0,0,0,12192.0,2,1,1,1,0,0,1,0,7.6,270.5,0,0,0,0,0,1
158000,0.0,0.0,0,0,1,0,78.555,0.0,0,0,1,0,38.434,0.807,1,0.0,0,0,1,1,0,1,0,1,0,0,0,12192.0,2,1,1,1,0,0,1,0,8.0,269.6,0,0,0,0,0,1
158100,0.0,0.0,0,0,1,0,78.555,0.0,0,0,1,0,38.51,0.759,1,0.0,0,0,1,1,0,1,0,1,0,0,0,12192.0,2,1,1,1,0,0,1,0,8.3,269.5,0,0,0,0,0,1
158200,0.0,0.0,0,0,1,0,78.555,0.0,0,0,1,0,38.581,0.711,1,0.0,0,0,1,1,0,1,0,1,0,0,0,12192.0,2,1,1,1,0,0,1,0,7.0,273.3,0,0,0,0,0,1
158300,0.0,0.0,0,0,1,0,78.555,0.0,0,0,1,0,38.648,0.662,1,0.0,0,0,1,1,0,1,0,1,0,0,0,12192.0,2,1,1,1,0,0,1,0,7.4,272.1,0,0,0,0,0,1
158400,0.0,0.0,0,0,1,0,78.555,0.0,0,0,1,0,38.709,0.614,1,0.0,0,0,1,1,0,1,0,1,0,0,0,12192.0,2,1,1,1,0,0,1,0,8.1,266.6,0,0,0,0,0,1
158500,0.0,0.0,0,0,1,0,78.555,0.0,0,0,1,0,38.766,0.566,1,0.0,0,0,1,1,0,1,0,1,0,0,0,12192.0,2,1,1,1,0,0,1,0,7.4,274.7,0,0,0,0,0,1
158600,0.0,0.0,0,0,1,0,78.555,0.0,0,0,1,0,38.817,0.517,1,0.0,0,0,1,1,0,1,0,1,0,0,0,12192.0,2,1,1,1,0,0,1,0,6.8,277.3,0,0,0,0,0,1
158700,0.0,0.0,0,0,1,0,78.555,0.0,0,0,1,0,38.864,0.469,1,0.0,0,0,1,1,0,1,0,1,0,0,0,12192.0,2,1,1,1,0,0,1,0,7.0,270.9,0,0,0,0,0,1
158800,0.0,0.0,0,0,1,0,78.555,0.0,0,0,1,0,38.906,0.421,1,0.0,0,0,1,1,0,1,0,1,0,0,0,12192.0,2,1,1,1,0,0,1,0,7.9,271.1,0,0,0,0,0,1
158900,0.0,0.0,0,0,1,0,78.555,0.0,0,0,1,0,38.944,0.373,1,0.0,0,0,1,1,0,1,0,1,0,0,0,12192.0,2,1,1,1,0,0,1,0,8.0,269.0,0,0,0,0,0,1
159000,0.0,0.0,0,0,1,0,78.555,0.0,0,0,1,0,38.976,0.324,1,0.0,0,0,1,1,0,1,0,1,0,0,0,12192.0,2,1,1,1,0,0,1,0,6.9,268.4,0,0,0,0,0,1
159100,0.0,0.0,0,0,1,0,78.555,0.0,0,0,1,0,39.004,0.276,1,0.0,0,0,1,1,0,1,0,1,0,0,0,12192.0,2,1,1,1,0,0,1,0,7.1,272.0,0,0,0,0,0,1
159200,0.0,0.0,0,0,1,0,78.555,0.0,0,0,1,0,39.026,0.228,1,0.0,0,0,1,1,0,1,0,1,0,0,0,12192.0,2,1,1,1,0,0,1,0,7.9,272.2,0,0,0,0,0,1
159300,0.0,0.0,0,0,1,0,78.555,0.0,0,0,1,0,39.044,0.18,1,0.0,0,0,1,1,0,1,0,1,0,0,0,12192.0,2,1,1,1,0,0,1,0,6.6,276.7,0,0,0,0,0,1
159400,0.0,0.0,0,0,1,0,78.555,0.0,0,0,1,0,39.058,0.131,1,0.0,0,0,1,1,0,1,0,1,0,0,0,12192.0,2,1,1,1,0,0,1,0,7.5,270.2,0,0,0,0,0,1
159500,0.0,0.0,0,0,1,0,78.555,0.0,0,0,1,0,39.066,0.083,1,0.0,0,0,1,1,0,1,0,1,0,0,0,12192.0,2,1,1,1,0,0,1,0,7.7,267.9,0,0,0,0,0,1
159600,0.0,0.0,0,0,1,0,78.555,0.0,0,0,1,0,39.075,0.094,1,0.0,0,0,1,1,0,1,0,1,0,0,0,12192.0,2,1,1,1,0,0,1,0,7.7,270.6,0,0,0,0,0,1
159700,0.0,0.0,0,0,0,0,78.555,0.0,0,0,0,0,39.08,0.0,0,0.0,0,0,0,0,0,1,0,1,0,0,0,12192.0,2,1,1,0,1,0,1,0,7.4,269.7,0,0,0,0,0,1
