t_ms,GT_Position,GT_Velocity,GT_Direction,GT_Running,GT_Brake_Released,GT_Motor_Alarm,TR_Position,TR_Velocity,TR_Direction,TR_Running,TR_Brake_Released,TR_Motor_Alarm,HO_Position,HO_Velocity,HO_Direction,HO_Load,HO_Overload_Alarm,HO_Snag_Alarm,HO_Running,HO_Brake_Released,HO_Motor_Alarm,SP_Mode,SP_TwistLock_Locked,SP_TwistLock_Unlocked,SP_Landed,SP_Container_Detected,SP_Mismatch_Alarm,SP_Telescopic_Position,OP_Mode,OP_Power_On,OP_Ready,OP_Running,OP_Standby,OP_Emergency_Stop,OP_AntiSway_Active,OP_Cycle_Count_Today,ENV_Wind_Speed,ENV_Wind_Direction,ENV_Wind_Alarm,ALM_Active,ALM_Latest_Code,ALM_Latest_Severity,ALM_Latest_Source,COM_Link_Status
0,0.0,0.0,0,0,1,0,0.006,0.056,1,1,1,0,39.195,-0.053,0,0.0,0,0,1,1,0,1,0,1,0,0,0,12192.0,2,1,1,1,0,0,1,0,8.2,270.4,0,0,0,0,0,1
100,0.0,0.0,0,0,1,0,0.017,0.111,1,1,1,0,39.184,-0.106,0,0.0,0,0,1,1,0,1,0,1,0,0,0,12192.0,2,1,1,1,0,0,1,0,7.5,273.1,0,0,0,0,0,1
200,0.0,0.0,0,0,1,0,0.033,0.167,1,1,1,0,39.168,-0.16,0,0.0,0,0,1,1,0,1,0,1,0,0,0,12192.0,2,1,1,1,0,0,1,0,7.2,271.6,0,0,0,0,0,1
300,0.0,0.0,0,0,1,0,0.056,0.223,1,1,1,0,39.147,-0.213,0,0.0,0,0,1,1,0,1,0,1,0,0,0,12192.0,2,1,1,1,0,0,1,0,9.1,268.2,0,0,0,0,0,1
400,0.0,0.0,0,0,1,0,0.084,0.278,1,1,1,0,39.12,-0.266,0,0.0,0,0,1,1,0,1,0,1,0,0,0,12192.0,2,1,1,1,0,0,1,0,8.8,267.9,0,0,0,0,0,1
500,0.0,0.0,0,0,1,0,0.117,0.334,1,1,1,0,39.099,-0.213,0,0.0,0,0,1,1,0,1,0,1,0,0,0,12192.0,2,1,1,1,0,0,1,0,7.2,269.4,0,0,0,0,0,1
600,0.0,0.0,0,0,1,0,0.156,0.39,1,1,1,0,39.083,-0.159,0,0.0,0,0,1,1,0,1,0,1,0,0,0,12192.0,2,1,1,1,0,0,1,0,8.6,270.5,0,0,0,0,0,1
700,0.0,0.0,0,0,1,0,0.2,0.445,1,1,1,0,39.074,-0.092,0,0.0,0,0,1,1,0,1,0,1,0,0,0,12192.0,2,1,1,1,0,0,1,0,8.1,265.0,0,0,0,0,0,1
800,0.0,0.0,0,0,1,0,0.251,0.501,1,1,1,0,39.07,0.0,0,0.0,0,0,0,1,0,1,0,1,0,0,0,12192.0,2,1,1,1,0,0,1,0,8.5,270.2,0,0,0,0,0,1
900,0.0,0.0,0,0,1,0,0.306,0.557,1,1,1,0,39.07,0.0,0,0.0,0,0,0,1,0,1,0,1,0,0,0,12192.0,2,1,1,1,0,0,1,0,7.6,269.3,0,0,0,0,0,1
1000,0.0,0.0,0,0,1,0,0.368,0.613,1,1,1,0,39.07,0.0,0,0.0,0,0,0,1,0,1,0,1,0,0,0,12192.0,2,1,1,1,0,0,1,0,8.6,271.2,0,0,0,0,0,1
1100,0.0,0.0,0,0,1,0,0.434,0.668,1,1,1,0,39.07,0.0,0,0.0,0,0,0,1,0,1,0,1,0,0,0,12192.0,2,1,1,1,0,0,1,0,8.3,268.7,0,0,0,0,0,1
1200,0.0,0.0,0,0,1,0,0.507,0.724,1,1,1,0,39.07,0.0,0,0.0,0,0,0,1,0,1,0,1,0,0,0,12192.0,2,1,1,1,0,0,1,0,7.7,267.2,0,0,0,0,0,1
1300,0.0,0.0,0,0,1,0,0.585,0.78,1,1,1,0,39.07,0.0,0,0.0,0,0,0,1,0,1,0,1,0,0,0,12192.0,2,1,1,1,0,0,1,0,8.4,273.3,0,0,0,0,0,1
1400,0.0,0.0,0,0,1,0,0.668,0.835,1,1,1,0,39.07,0.0,0,0.0,0,0,0,1,0,1,0,1,0,0,0,12192.0,2,1,1,1,0,0,1,0,9.4,268.4,0,0,0,0,0,1
1500,0.0,0.0,0,0,1,0,0.757,0.891,1,1,1,0,39.07,0.0,0,0.0,0,0,0,1,0,1,0,1,0,0,0,12192.0,2,1,1,1,0,0,1,0,8.4,270.2,0,0,0,0,0,1
1600,0.0,0.0,0,0,1,0,0.852,0.947,1,1,1,0,39.07,0.0,0,0.0,0,0,0,1,0,1,0,1,0,0,0,12192.0,2,1,1,1,0,0,1,0,8.4,268.7,0,0,0,0,0,1
1700,0.0,0.0,0,0,1,0,0.952,1.002,1,1,1,0,39.07,0.0,0,0.0,0,0,0,1,0,1,0,1,0,0,0,12192.0,2,1,1,1,0,0,1,0,8.6,274.3,0,0,0,0,0,1
1800,0.0,0.0,0,0,1,0,1.058,1.058,1,1,1,0,39.07,0.0,0,0.0,0,0,0,1,0,1,0,1,0,0,0,12192.0,2,1,1,1,0,0,1,0,8.5,269.6,0,0,0,0,0,1
1900,0.0,0.0,0,0,1,0,1.169,1.114,1,1,1,0,39.07,0.0,0,0.0,0,0,0,1,0,1,0,1,0,0,0,12192.0,2,1,1,1,0,0,1,0,8.8,271.8,0,0,0,0,0,1
2000,0.0,0.0,0,0,1,0,1.286,1.169,1,1,1,0,39.07,0.0,0,0.0,0,0,0,1,0,1,0,1,0,0,0,12192.0,2,1,1,1,0,0,1,0,8.4,268.8,0,0,0,0,0,1
2100,0.0,0.0,0,0,1,0,1.409,1.225,1,1,1,0,39.07,0.0,0,0.0,0,0,0,1,0,1,0,1,0,0,0,12192.0,2,1,1,1,0,0,1,0,8.6,269.5,0,0,0,0,0,1
2200,0.0,0.0,0,0,1,0,1.537,1.281,1,1,1,0,39.07,0.0,0,0.0,0,0,0,1,0,1,0,1,0,0,0,12192.0,2,1,1,1,0,0,1,0,8.2,269.2,0,0,0,0,0,1
2300,0.0,0.0,0,0,1,0,1.671,1.336,1,1,1,0,39.07,0.0,0,0.0,0,0,0,1,0,1,0,1,0,0,0,12192.0,2,1,1,1,0,0,1,0,9.0,269.7,0,0,0,0,0,1
2400,0.0,0.0,0,0,1,0,1.81,1.392,1,1,1,0,39.07,0.0,0,0.0,0,0,0,1,0,1,0,1,0,0,0,12192.0,2,1,1,1,0,0,1,0,8.6,273.2,0,0,0,0,0,1
2500,0.0,0.0,0,0,1,0,1.955,1.448,1,1,1,0,39.07,0.0,0,0.0,0,0,0,1,0,1,0,1,0,0,0,12192.0,2,1,1,1,0,0,1,0,8.6,273.5,0,0,0,0,0,1
2600,0.0,0.0,0,0,1,0,2.105,1.503,1,1,1,0,39.07,0.0,0,0.0,0,0,0,1,0,1,0,1,0,0,0,12192.0,2,1,1,1,0,0,1,0,8.1,269.4,0,0,0,0,0,1
2700,0.0,0.0,0,0,1,0,2.261,1.559,1,1,1,0,39.07,0.0,0,0.0,0,0,0,1,0,1,0,1,0,0,0,12192.0,2,1,1,1,0,0,1,0,8.7,268.6,0,0,0,0,0,1
2800,0.0,0.0,0,0,1,0,2.422,1.615,1,1,1,0,39.07,0.0,0,0.0,0,0,0,1,0,1,0,1,0,0,0,12192.0,2,1,1,1,0,0,1,0,8.8,269.6,0,0,0,0,0,1
2900,0.0,0.0,0,0,1,0,2.589,1.671,1,1,1,0,39.07,0.0,0,0.0,0,0,0,1,0,1,0,1,0,0,0,12192.0,2,1,1,1,0,0,1,0,8.2,269.2,0,0,0,0,0,1
3000,0.0,0.0,0,0,1,0,2.762,1.726,1,1,1,0,39.07,0.0,0,0.0,0,0,0,1,0,1,0,1,0,0,0,12192.0,2,1,1,1,0,0,1,0,8.3,269.8,0,0,0,0,0,1
3100,0.0,0.0,0,0,1,0,2.94,1.782,1,1,1,0,39.07,0.0,0,0.0,0,0,0,1,0,1,0,1,0,0,0,12192.0,2,1,1,1,0,0,1,0,8.1,264.1,0,0,0,0,0,1
3200,0.0,0.0,0,0,1,0,3.124,1.838,1,1,1,0,39.07,0.0,0,0.0,0,0,0,1,0,1,0,1,0,0,0,12192.0,2,1,1,1,0,0,1,0,8.0,275.6,0,0,0,0,0,1
3300,0.0,0.0,0,0,1,0,3.313,1.893,1,1,1,0,39.07,0.0,0,0.0,0,0,0,1,0,1,0,1,0,0,0,12192.0,2,1,1,1,0,0,1,0,8.7,269.4,0,0,0,0,0,1
3400,0.0,0.0,0,0,1,0,3.508,1.949,1,1,1,0,39.07,0.0,0,0.0,0,0,0,1,0,1,0,1,0,0,0,12192.0,2,1,1,1,0,0,1,0,9.0,265.6,0,0,0,0,0,1
3500,0.0,0.0,0,0,1,0,3.709,2.005,1,1,1,0,39.07,0.0,0,0.0,0,0,0,1,0,1,0,1,0,0,0,12192.0,2,1,1,1,0,0,1,0,7.6,269.4,0,0,0,0,0,1
3600,0.0,0.0,0,0,1,0,3.915,2.06,1,1,1,0,39.07,0.0,0,0.0,0,0,0,1,0,1,0,1,0,0,0,12192.0,2,1,1,1,0,0,1,0,9.2,268.8,0,0,0,0,0,1
3700,0.0,0.0,0,0,1,0,4.126,2.116,1,1,1,0,39.07,0.0,0,0.0,0,0,0,1,0,1,0,1,0,0,0,12192.0,2,1,1,1,0,0,1,0,7.9,269.1,0,0,0,0,0,1
3800,0.0,0.0,0,0,1,0,4.343,2.172,1,1,1,0,39.07,0.0,0,0.0,0,0,0,1,0,1,0,1,0,0,0,12192.0,2,1,1,1,0,0,1,0,8.2,273.3,0,0,0,0,0,1
3900,0.0,0.0,0,0,1,0,4.566,2.227,1,1,1,0,39.07,0.0,0,0.0,0,0,0,1,0,1,0,1,0,0,0,12192.0,2,1,1,1,0,0,1,0,8.3,269.6,0,0,0,0,0,1
4000,0.0,0.0,0,0,1,0,4.794,2.283,1,1,1,0,39.07,0.0,0,0.0,0,0,0,1,0,1,0,1,0,0,0,12192.0,2,1,1,1,0,0,1,0,9.0,271.4,0,0,0,0,0,1
4100,0.0,0.0,0,0,1,0,5.028,2.339,1,1,1,0,39.07,0.0,0,0.0,0,0,0,1,0,1,0,1,0,0,0,12192.0,2,1,1,1,0,0,1,0,7.5,276.2,0,0,0,0,0,1
4200,0.0,0.0,0,0,1,0,5.268,2.394,1,1,1,0,39.07,0.0,0,0.0,0,0,0,1,0,1,0,1,0,0,0,12192.0,2,1,1,1,0,0,1,0,8.6,266.4,0,0,0,0,0,1
4300,0.0,0.0,0,0,1,0,5.513,2.45,1,1,1,0,39.07,0.0,0,0.0,0,0,0,1,0,1,0,1,0,0,0,12192.0,2,1,1,1,0,0,1,0,8.2,269.5,0,0,0,0,0,1
4400,0.0,0.0,0,0,1,0,5.763,2.506,1,1,1,0,39.07,0.0,0,0.0,0,0,0,1,0,1,0,1,0,0,0,12192.0,2,1,1,1,0,0,1,0,8.0,271.7,0,0,0,0,0,1
4500,0.0,0.0,0,0,1,0,6.019,2.561,1,1,1,0,39.07,0.0,0,0.0,0,0,0,1,0,1,0,1,0,0,0,12192.0,2,1,1,1,0,0,1,0,7.7,269.4,0,0,0,0,0,1
4600,0.0,0.0,0,0,1,0,6.281,2.617,1,1,1,0,39.07,0.0,0,0.0,0,0,0,1,0,1,0,1,0,0,0,12192.0,2,1,1,1,0,0,1,0,8.1,270.4,0,0,0,0,0,1
4700,0.0,0.0,0,0,1,0,6.548,2.673,1,1,1,0,39.07,0.0,0,0.0,0,0,0,1,0,1,0,1,0,0,0,12192.0,2,1,1,1,0,0,1,0,8.2,269.8,0,0,0,0,0,1
4800,0.0,0.0,0,0,1,0,6.821,2.729,1,1,1,0,39.07,0.0,0,0.0,0,0,0,1,0,1,0,1,0,0,0,12192.0,2,1,1,1,0,0,1,0,8.0,268.8,0,0,0,0,0,1
4900,0.0,0.0,0,0,1,0,7.1,2.784,1,1,1,0,39.07,0.0,0,0.0,0,0,0,1,0,1,0,1,0,0,0,12192.0,2,1,1,1,0,0,1,0,7.8,271.3,0,0,0,0,0,1
5000,0.0,0.0,0,0,1,0,7.384,2.84,1,1,1,0,39.07,0.0,0,0.0,0,0,0,1,0,1,0,1,0,0,0,12192.0,2,1,1,1,0,0,1,0,6.9,270.7,0,0,0,0,0,1
5100,0.0,0.0,0,0,1,0,7.673,2.896,1,1,1,0,39.07,0.0,0,0.0,0,0,0,1,0,1,0,1,0,0,0,12192.0,2,1,1,1,0,0,1,0,7.7,272.7,0,0,0,0,0,1
5200,0.0,0.0,0,0,1,0,7.968,2.951,1,1,1,0,39.07,0.0,0,0.0,0,0,0,1,0,1,0,1,0,0,0,12192.0,2,1,1,1,0,0,1,0,7.3,267.3,0,0,0,0,0,1
5300,0.0,0.0,0,0,1,0,8.269,3.007,1,1,1,0,39.07,0.0,0,0.0,0,0,0,1,0,1,0,1,0,0,0,12192.0,2,1,1,1,0,0,1,0,7.6,266.9,0,0,0,0,0,1
5400,0.0,0.0,0,0,1,0,8.575,3.063,1,1,1,0,39.07,0.0,0,0.0,0,0,0,1,0,1,0,1,0,0,0,12192.0,2,1,1,1,0,0,1,0,8.1,271.9,0,0,0,0,0,1
5500,0.0,0.0,0,0,1,0,8.887,3.118,1,1,1,0,39.07,0.0,0,0.0,0,0,0,1,0,1,0,1,0,0,0,12192.0,2,1,1,1,0,0,1,0,7.2,267.6,0,0,0,0,0,1
5600,0.0,0.0,0,0,1,0,9.205,3.174,1,1,1,0,39.07,0.0,0,0.0,0,0,0,1,0,1,0,1,0,0,0,12192.0,2,1,1,1,0,0,1,0,7.5,271.0,0,0,0,0,0,1
5700,0.0,0.0,0,0,1,0,9.528,3.23,1,1,1,0,39.07,0.0,0,0.0,0,0,0,1,0,1,0,1,0,0,0,12192.0,2,1,1,1,0,0,1,0,7.2,269.0,0,0,0,0,0,1
5800,0.0,0.0,0,0,1,0,9.856,3.285,1,1,1,0,39.07,0.0,0,0.0,0,0,0,1,0,1,0,1,0,0,0,12192.0,2,1,1,1,0,0,1,0,7.2,270.5,0,0,0,0,0,1
5900,0.0,0.0,0,0,1,0,10.19,3.341,1,1,1,0,39.07,0.0,0,0.0,0,0,0,1,0,1,0,1,0,0,0,12192.0,2,1,1,1,0,0,1,0,7.8,270.9,0,0,0,0,0,1
6000,0.0,0.0,0,0,1,0,10.529,3.386,1,1,1,0,39.07,0.0,0,0.0,0,0,0,1,0,1,0,1,0,0,0,12192.0,2,1,1,1,0,0,1,0,7.0,270.4,0,0,0,0,0,1
6100,0.0,0.0,0,0,1,0,10.867,3.386,1,1,1,0,39.07,0.0,0,0.0,0,0,0,1,0,1,0,1,0,0,0,12192.0,2,1,1,1,0,0,1,0,7.9,270.3,0,0,0,0,0,1
6200,0.0,0.0,0,0,1,0,11.206,3.386,1,1,1,0,39.07,0.0,0,0.0,0,0,0,1,0,1,0,1,0,0,0,12192.0,2,1,1,1,0,0,1,0,6.8,268.8,0,0,0,0,0,1
6300,0.0,0.0,0,0,1,0,11.545,3.386,1,1,1,0,39.07,0.0,0,0.0,0,0,0,1,0,1,0,1,0,0,0,12192.0,2,1,1,1,0,0,1,0,7.2,267.1,0,0,0,0,0,1
6400,0.0,0.0,0,0,1,0,11.883,3.386,1,1,1,0,39.07,0.0,0,0.0,0,0,0,1,0,1,0,1,0,0,0,12192.0,2,1,1,1,0,0,1,0,7.5,268.5,0,0,0,0,0,1
6500,0.0,0.0,0,0,1,0,12.222,3.386,1,1,1,0,39.07,0.0,0,0.0,0,0,0,1,0,1,0,1,0,0,0,12192.0,2,1,1,1,0,0,1,0,7.5,266.3,0,0,0,0,0,1
6600,0.0,0.0,0,0,1,0,12.56,3.386,1,1,1,0,39.07,0.0,0,0.0,0,0,0,1,0,1,0,1,0,0,0,12192.0,2,1,1,1,0,0,1,0,7.1,271.0,0,0,0,0,0,1
6700,0.0,0.0,0,0,1,0,12.899,3.386,1,1,1,0,39.07,0.0,0,0.0,0,0,0,1,0,1,0,1,0,0,0,12192.0,2,1,1,1,0,0,1,0,8.5,266.4,0,0,0,0,0,1
6800,0.0,0.0,0,0,1,0,13.238,3.386,1,1,1,0,39.07,0.0,0,0.0,0,0,0,1,0,1,0,1,0,0,0,12192.0,2,1,1,1,0,0,1,0,7.5,269.2,0,0,0,0,0,1
6900,0.0,0.0,0,0,1,0,13.576,3.386,1,1,1,0,39.07,0.0,0,0.0,0,0,0,1,0,1,0,1,0,0,0,12192.0,2,1,1,1,0,0,1,0,7.2,269.4,0,0,0,0,0,1
7000,0.0,0.0,0,0,1,0,13.915,3.386,1,1,1,0,39.07,0.0,0,0.0,0,0,0,1,0,1,0,1,0,0,0,12192.0,2,1,1,1,0,0,1,0,7.5,272.5,0,0,0,0,0,1
7100,0.0,0.0,0,0,1,0,14.253,3.386,1,1,1,0,39.07,0.0,0,0.0,0,0,0,1,0,1,0,1,0,0,0,12192.0,2,1,1,1,0,0,1,0,7.0,274.2,0,0,0,0,0,1
7200,0.0,0.0,0,0,1,0,14.592,3.386,1,1,1,0,39.07,0.0,0,0.0,0,0,0,1,0,1,0,1,0,0,0,12192.0,2,1,1,1,0,0,1,0,7.1,271.0,0,0,0,0,0,1
7300,0.0,0.0,0,0,1,0,14.93,3.386,1,1,1,0,39.07,0.0,0,0.0,0,0,0,1,0,1,0,1,0,0,0,12192.0,2,1,1,1,0,0,1,0,7.4,272.9,0,0,0,0,0,1
7400,0.0,0.0,0,0,1,0,15.269,3.386,1,1,1,0,39.07,0.0,0,0.0,0,0,0,1,0,1,0,1,0,0,0,12192.0,2,1,1,1,0,0,1,0,7.2,271.4,0,0,0,0,0,1
7500,0.0,0.0,0,0,1,0,15.608,3.386,1,1,1,0,39.07,0.0,0,0.0,0,0,0,1,0,1,0,1,0,0,0,12192.0,2,1,1,1,0,0,1,0,6.8,267.1,0,0,0,0,0,1
7600,0.0,0.0,0,0,1,0,15.946,3.386,1,1,1,0,39.07,0.0,0,0.0,0,0,0,1,0,1,0,1,0,0,0,12192.0,2,1,1,1,0,0,1,0,7.6,269.4,0,0,0,0,0,1
7700,0.0,0.0,0,0,1,0,16.285,3.386,1,1,1,0,39.07,0.0,0,0.0,0,0,0,1,0,1,0,1,0,0,0,12192.0,2,1,1,1,0,0,1,0,7.2,267.5,0,0,0,0,0,1
7800,0.0,0.0,0,0,1,0,16.623,3.386,1,1,1,0,39.07,0.0,0,0.0,0,0,0,1,0,1,0,1,0,0,0,12192.0,2,1,1,1,0,0,1,0,8.1,269.2,0,0,0,0,0,1
7900,0.0,0.0,0,0,1,0,16.962,3.386,1,1,1,0,39.07,0.0,0,0.0,0,0,0,1,0,1,0,1,0,0,0,12192.0,2,1,1,1,0,0,1,0,8.0,267.5,0,0,0,0,0,1
8000,0.0,0.0,0,0,1,0,17.301,3.386,1,1,1,0,39.07,0.0,0,0.0,0,0,0,1,0,1,0,1,0,0,0,12192.0,2,1,1,1,0,0,1,0,7.5,271.4,0,0,0,0,0,1
8100,0.0,0.0,0,0,1,0,17.639,3.386,1,1,1,0,39.07,0.0,0,0.0,0,0,0,1,0,1,0,1,0,0,0,12192.0,2,1,1,1,0,0,1,0,8.1,271.7,0,0,0,0,0,1
8200,0.0,0.0,0,0,1,0,17.978,3.386,1,1,1,0,39.07,0.0,0,0.0,0,0,0,1,0,1,0,1,0,0,0,12192.0,2,1,1,1,0,0,1,0,7.4,266.9,0,0,0,0,0,1
8300,0.0,0.0,0,0,1,0,18.316,3.386,1,1,1,0,39.07,0.0,0,0.0,0,0,0,1,0,1,0,1,0,0,0,12192.0,2,1,1,1,0,0,1,0,7.3,269.1,0,0,0,0,0,1
8400,0.0,0.0,0,0,1,0,18.655,3.386,1,1,1,0,39.07,0.0,0,0.0,0,0,0,1,0,1,0,1,0,0,0,12192.0,2,1,1,1,0,0,1,0,9.2,271.5,0,0,0,0,0,1
8500,0.0,0.0,0,0,1,0,18.994,3.386,1,1,1,0,39.07,0.0,0,0.0,0,0,0,1,0,1,0,1,0,0,0,12192.0,2,1,1,1,0,0,1,0,8.1,272.2,0,0,0,0,0,1
8600,0.0,0.0,0,0,1,0,19.332,3.386,1,1,1,0,39.07,0.0,0,0.0,0,0,0,1,0,1,0,1,0,0,0,12192.0,2,1,1,1,0,0,1,0,8.2,272.7,0,0,0,0,0,1
8700,0.0,0.0,0,0,1,0,19.671,3.386,1,1,1,0,39.07,0.0,0,0.0,0,0,0,1,0,1,0,1,0,0,0,12192.0,2,1,1,1,0,0,1,0,7.5,270.7,0,0,0,0,0,1
8800,0.0,0.0,0,0,1,0,20.009,3.386,1,1,1,0,39.07,0.0,0,0.0,0,0,0,1,0,1,0,1,0,0,0,12192.0,2,1,1,1,0,0,1,0,7.5,270.8,0,0,0,0,0,1
8900,0.0,0.0,0,0,1,0,20.348,3.386,1,1,1,0,39.07,0.0,0,0.0,0,0,0,1,0,1,0,1,0,0,0,12192.0,2,1,1,1,0,0,1,0,7.8,269.3,0,0,0,0,0,1
9000,0.0,0.0,0,0,1,0,20.687,3.386,1,1,1,0,39.07,0.0,0,0.0,0,0,0,1,0,1,0,1,0,0,0,12192.0,2,1,1,1,0,0,1,0,7.8,270.8,0,0,0,0,0,1
9100,0.0,0.0,0,0,1,0,21.025,3.386,1,1,1,0,39.07,0.0,0,0.0,0,0,0,1,0,1,0,1,0,0,0,12192.0,2,1,1,1,0,0,1,0,8.3,270.2,0,0,0,0,0,1
9200,0.0,0.0,0,0,1,0,21.364,3.386,1,1,1,0,39.07,0.0,0,0.0,0,0,0,1,0,1,0,1,0,0,0,12192.0,2,1,1,1,0,0,1,0,7.7,271.4,0,0,0,0,0,1
9300,0.0,0.0,0,0,1,0,21.702,3.386,1,1,1,0,39.07,0.0,0,0.0,0,0,0,1,0,1,0,1,0,0,0,12192.0,2,1,1,1,0,0,1,0,8.8,271.8,0,0,0,0,0,1
9400,0.0,0.0,0,0,1,0,22.041,3.386,1,1,1,0,39.07,0.0,0,0.0,0,0,0,1,0,1,0,1,0,0,0,12192.0,2,1,1,1,0,0,1,0,7.9,270.6,0,0,0,0,0,1
9500,0.0,0.0,0,0,1,0,22.379,3.386,1,1,1,0,39.07,0.0,0,0.0,0,0,0,1,0,1,0,1,0,0,0,12192.0,2,1,1,1,0,0,1,0,8.4,269.1,0,0,0,0,0,1
9600,0.0,0.0,0,0,1,0,22.718,3.386,1,1,1,0,39.07,0.0,0,0.0,0,0,0,1,0,1,0,1,0,0,0,12192.0,2,1,1,1,0,0,1,0,7.9,273.6,0,0,0,0,0,1
9700,0.0,0.0,0,0,1,0,23.057,3.386,1,1,1,0,39.07,0.0,0,0.0,0,0,0,1,0,1,0,1,0,0,0,12192.0,2,1,1,1,0,0,1,0,8.4,270.1,0,0,0,0,0,1
9800,0.0,0.0,0,0,1,0,23.395,3.386,1,1,1,0,39.07,0.0,0,0.0,0,0,0,1,0,1,0,1,0,0,0,12192.0,2,1,1,1,0,0,1,0,8.2,267.9,0,0,0,0,0,1
9900,0.0,0.0,0,0,1,0,23.734,3.386,1,1,1,0,39.07,0.0,0,0.0,0,0,0,1,0,1,0,1,0,0,0,12192.0,2,1,1,1,0,0,1,0,8.7,272.3,0,0,0,0,0,1
10000,0.0,0.0,0,0,1,0,24.072,3.386,1,1,1,0,39.07,0.0,0,0.0,0,0,0,1,0,1,0,1,0,0,0,12192.0,2,1,1,1,0,0,1,0,8.1,269.7,0,0,0,0,0,1
10100,0.0,0.0,0,0,1,0,24.411,3.386,1,1,1,0,39.07,0.0,0,0.0,0,0,0,1,0,1,0,1,0,0,0,12192.0,2,1,1,1,0,0,1,0,8.1,271.5,0,0,0,0,0,1
10200,0.0,0.0,0,0,1,0,24.75,3.386,1,1,1,0,39.07,0.0,0,0.0,0,0,0,1,0,1,0,1,0,0,0,12192.0,2,1,1,1,0,0,1,0,8.7,271.4,0,0,0,0,0,1
10300,0.0,0.0,0,0,1,0,25.088,3.386,1,1,1,0,39.07,0.0,0,0.0,0,0,0,1,0,1,0,1,0,0,0,12192.0,2,1,1,1,0,0,1,0,8.6,269.7,0,0,0,0,0,1
10400,0.0,0.0,0,0,1,0,25.427,3.386,1,1,1,0,39.07,0.0,0,0.0,0,0,0,1,0,1,0,1,0,0,0,12192.0,2,1,1,1,0,0,1,0,7.6,272.2,0,0,0,0,0,1
10500,0.0,0.0,0,0,1,0,25.765,3.386,1,1,1,0,39.07,0.0,0,0.0,0,0,0,1,0,1,0,1,0,0,0,12192.0,2,1,1,1,0,0,1,0,8.4,271.3,0,0,0,0,0,1
10600,0.0,0.0,0,0,1,0,26.104,3.386,1,1,1,0,39.07,0.0,0,0.0,0,0,0,1,0,1,0,1,0,0,0,12192.0,2,1,1,1,0,0,1,0,8.8,271.8,0,0,0,0,0,1
10700,0.0,0.0,0,0,1,0,26.443,3.386,1,1,1,0,39.07,0.0,0,0.0,0,0,0,1,0,1,0,1,0,0,0,12192.0,2,1,1,1,0,0,1,0,8.8,267.0,0,0,0,0,0,1
10800,0.0,0.0,0,0,1,0,26.781,3.386,1,1,1,0,39.07,0.0,0,0.0,0,0,0,1,0,1,0,1,0,0,0,12192.0,2,1,1,1,0,0,1,0,8.6,270.2,0,0,0,0,0,1
10900,0.0,0.0,0,0,1,0,27.12,3.386,1,1,1,0,39.07,0.0,0,0.0,0,0,0,1,0,1,0,1,0,0,0,12192.0,2,1,1,1,0,0,1,0,8.7,265.6,0,0,0,0,0,1
11000,0.0,0.0,0,0,1,0,27.458,3.386,1,1,1,0,39.07,0.0,0,0.0,0,0,0,1,0,1,0,1,0,0,0,12192.0,2,1,1,1,0,0,1,0,9.1,268.4,0,0,0,0,0,1
11100,0.0,0.0,0,0,1,0,27.797,3.386,1,1,1,0,39.07,0.0,0,0.0,0,0,0,1,0,1,0,1,0,0,0,12192.0,2,1,1,1,0,0,1,0,8.9,267.3,0,0,0,0,0,1
11200,0.0,0.0,0,0,1,0,28.136,3.386,1,1,1,0,39.07,0.0,0,0.0,0,0,0,1,0,1,0,1,0,0,0,12192.0,2,1,1,1,0,0,1,0,8.6,271.9,0,0,0,0,0,1
11300,0.0,0.0,0,0,1,0,28.474,3.386,1,1,1,0,39.07,0.0,0,0.0,0,0,0,1,0,1,0,1,0,0,0,12192.0,2,1,1,1,0,0,1,0,8.6,272.7,0,0,0,0,0,1
11400,0.0,0.0,0,0,1,0,28.813,3.386,1,1,1,0,39.07,0.0,0,0.0,0,0,0,1,0,1,0,1,0,0,0,12192.0,2,1,1,1,0,0,1,0,8.0,270.8,0,0,0,0,0,1
11500,0.0,0.0,0,0,1,0,29.151,3.386,1,1,1,0,39.07,0.0,0,0.0,0,0,0,1,0,1,0,1,0,0,0,12192.0,2,1,1,1,0,0,1,0,7.7,267.4,0,0,0,0,0,1
11600,0.0,0.0,0,0,1,0,29.49,3.386,1,1,1,0,39.07,0.0,0,0.0,0,0,0,1,0,1,0,1,0,0,0,12192.0,2,1,1,1,0,0,1,0,8.9,270.4,0,0,0,0,0,1
11700,0.0,0.0,0,0,1,0,29.828,3.386,1,1,1,0,39.07,0.0,0,0.0,0,0,0,1,0,1,0,1,0,0,0,12192.0,2,1,1,1,0,0,1,0,8.4,268.5,0,0,0,0,0,1
11800,0.0,0.0,0,0,1,0,30.167,3.386,1,1,1,0,39.07,0.0,0,0.0,0,0,0,1,0,1,0,1,0,0,0,12192.0,2,1,1,1,0,0,1,0,8.7,267.7,0,0,0,0,0,1
11900,0.0,0.0,0,0,1,0,30.506,3.386,1,1,1,0,39.07,0.0,0,0.0,0,0,0,1,0,1,0,1,0,0,0,12192.0,2,1,1,1,0,0,1,0,8.5,274.3,0,0,0,0,0,1
12000,0.0,0.0,0,0,1,0,30.844,3.386,1,1,1,0,39.07,0.0,0,0.0,0,0,0,1,0,1,0,1,0,0,0,12192.0,2,1,1,1,0,0,1,0,8.8,268.4,0,0,0,0,0,1
12100,0.0,0.0,0,0,1,0,31.183,3.386,1,1,1,0,39.07,0.0,0,0.0,0,0,0,1,0,1,0,1,0,0,0,12192.0,2,1,1,1,0,0,1,0,8.4,268.9,0,0,0,0,0,1
12200,0.0,0.0,0,0,1,0,31.521,3.386,1,1,1,0,39.07,0.0,0,0.0,0,0,0,1,0,1,0,1,0,0,0,12192.0,2,1,1,1,0,0,1,0,8.1,269.0,0,0,0,0,0,1
12300,0.0,0.0,0,0,1,0,31.86,3.386,1,1,1,0,39.07,0.0,0,0.0,0,0,0,1,0,1,0,1,0,0,0,12192.0,2,1,1,1,0,0,1,0,8.5,273.5,0,0,0,0,0,1
12400,0.0,0.0,0,0,1,0,32.199,3.386,1,1,1,0,39.07,0.0,0,0.0,0,0,0,1,0,1,0,1,0,0,0,12192.0,2,1,1,1,0,0,1,0,7.5,270.0,0,0,0,0,0,1
12500,0.0,0.0,0,0,1,0,32.537,3.386,1,1,1,0,39.07,0.0,0,0.0,0,0,0,1,0,1,0,1,0,0,0,12192.0,2,1,1,1,0,0,1,0,8.0,274.3,0,0,0,0,0,1
12600,0.0,0.0,0,0,1,0,32.876,3.386,1,1,1,0,39.07,0.0,0,0.0,0,0,0,1,0,1,0,1,0,0,0,12192.0,2,1,1,1,0,0,1,0,8.6,269.8,0,0,0,0,0,1
12700,0.0,0.0,0,0,1,0,33.214,3.386,1,1,1,0,39.07,0.0,0,0.0,0,0,0,1,0,1,0,1,0,0,0,12192.0,2,1,1,1,0,0,1,0,8.4,271.7,0,0,0,0,0,1
12800,0.0,0.0,0,0,1,0,33.553,3.386,1,1,1,0,39.07,0.0,0,0.0,0,0,0,1,0,1,0,1,0,0,0,12192.0,2,1,1,1,0,0,1,0,7.5,275.0,0,0,0,0,0,1
12900,0.0,0.0,0,0,1,0,33.892,3.386,1,1,1,0,39.07,0.0,0,0.0,0,0,0,1,0,1,0,1,0,0,0,12192.0,2,1,1,1,0,0,1,0,8.5,269.6,0,0,0,0,0,1
13000,0.0,0.0,0,0,1,0,34.23,3.386,1,1,1,0,39.07,0.0,0,0.0,0,0,0,1,0,1,0,1,0,0,0,12192.0,2,1,1,1,0,0,1,0,8.1,269.1,0,0,0,0,0,1
13100,0.0,0.0,0,0,1,0,34.569,3.386,1,1,1,0,39.07,0.0,0,0.0,0,0,0,1,0,1,0,1,0,0,0,12192.0,2,1,1,1,0,0,1,0,8.5,272.9,0,0,0,0,0,1
13200,0.0,0.0,0,0,1,0,34.907,3.386,1,1,1,0,39.07,0.0,0,0.0,0,0,0,1,0,1,0,1,0,0,0,12192.0,2,1,1,1,0,0,1,0,8.3,267.1,0,0,0,0,0,1
13300,0.0,0.0,0,0,1,0,35.246,3.386,1,1,1,0,39.07,0.0,0,0.0,0,0,0,1,0,1,0,1,0,0,0,12192.0,2,1,1,1,0,0,1,0,7.7,270.2,0,0,0,0,0,1
13400,0.0,0.0,0,0,1,0,35.585,3.386,1,1,1,0,39.07,0.0,0,0.0,0,0,0,1,0,1,0,1,0,0,0,12192.0,2,1,1,1,0,0,1,0,8.5,272.5,0,0,0,0,0,1
13500,0.0,0.0,0,0,1,0,35.923,3.386,1,1,1,0,39.07,0.0,0,0.0,0,0,0,1,0,1,0,1,0,0,0,12192.0,2,1,1,1,0,0,1,0,8.0,273.2,0,0,0,0,0,1
13600,0.0,0.0,0,0,1,0,36.262,3.386,1,1,1,0,39.07,0.0,0,0.0,0,0,0,1,0,1,0,1,0,0,0,12192.0,2,1,1,1,0,0,1,0,7.5,269.9,0,0,0,0,0,1
13700,0.0,0.0,0,0,1,0,36.6,3.386,1,1,1,0,39.07,0.0,0,0.0,0,0,0,1,0,1,0,1,0,0,0,12192.0,2,1,1,1,0,0,1,0,8.2,270.1,0,0,0,0,0,1
13800,0.0,0.0,0,0,1,0,36.939,3.386,1,1,1,0,39.07,0.0,0,0.0,0,0,0,1,0,1,0,1,0,0,0,12192.0,2,1,1,1,0,0,1,0,7.0,269.4,0,0,0,0,0,1
13900,0.0,0.0,0,0,1,0,37.277,3.386,1,1,1,0,39.07,0.0,0,0.0,0,0,0,1,0,1,0,1,0,0,0,12192.0,2,1,1,1,0,0,1,0,7.2,271.8,0,0,0,0,0,1
14000,0.0,0.0,0,0,1,0,37.616,3.386,1,1,1,0,39.07,0.0,0,0.0,0,0,0,1,0,1,0,1,0,0,0,12192.0,2,1,1,1,0,0,1,0,7.2,269.3,0,0,0,0,0,1
14100,0.0,0.0,0,0,1,0,37.955,3.386,1,1,1,0,39.07,0.0,0,0.0,0,0,0,1,0,1,0,1,0,0,0,12192.0,2,1,1,1,0,0,1,0,7.7,271.8,0,0,0,0,0,1
14200,0.0,0.0,0,0,1,0,38.293,3.386,1,1,1,0,39.07,0.0,0,0.0,0,0,0,1,0,1,0,1,0,0,0,12192.0,2,1,1,1,0,0,1,0,7.7,268.2,0,0,0,0,0,1
14300,0.0,0.0,0,0,1,0,38.632,3.386,1,1,1,0,39.07,0.0,0,0.0,0,0,0,1,0,1,0,1,0,0,0,12192.0,2,1,1,1,0,0,1,0,8.4,268.8,0,0,0,0,0,1
14400,0.0,0.0,0,0,1,0,38.97,3.386,1,1,1,0,39.07,0.0,0,0.0,0,0,0,1,0,1,0,1,0,0,0,12192.0,2,1,1,1,0,0,1,0,7.5,272.6,0,0,0,0,0,1
14500,0.0,0.0,0,0,1,0,39.309,3.386,1,1,1,0,39.07,0.0,0,0.0,0,0,0,1,0,1,0,1,0,0,0,12192.0,2,1,1,1,0,0,1,0,7.0,268.9,0,0,0,0,0,1
14600,0.0,0.0,0,0,1,0,39.648,3.386,1,1,1,0,39.07,0.0,0,0.0,0,0,0,1,0,1,0,1,0,0,0,12192.0,2,1,1,1,0,0,1,0,7.6,267.3,0,0,0,0,0,1
14700,0.0,0.0,0,0,1,0,39.986,3.386,1,1,1,0,39.07,0.0,0,0.0,0,0,0,1,0,1,0,1,0,0,0,12192.0,2,1,1,1,0,0,1,0,7.6,271.5,0,0,0,0,0,1
14800,0.0,0.0,0,0,1,0,40.325,3.386,1,1,1,0,39.07,0.0,0,0.0,0,0,0,1,0,1,0,1,0,0,0,12192.0,2,1,1,1,0,0,1,0,7.8,270.9,0,0,0,0,0,1
14900,0.0,0.0,0,0,1,0,40.663,3.386,1,1,1,0,39.07,0.0,0,0.0,0,0,0,1,0,1,0,1,0,0,0,12192.0,2,1,1,1,0,0,1,0,7.4,269.7,0,0,0,0,0,1
15000,0.0,0.0,0,0,1,0,41.002,3.386,1,1,1,0,39.07,0.0,0,0.0,0,0,0,1,0,1,0,1,0,0,0,12192.0,2,1,1,1,0,0,1,0,7.4,273.3,0,0,0,0,0,1
15100,0.0,0.0,0,0,1,0,41.341,3.386,1,1,1,0,39.07,0.0,0,0.0,0,0,0,1,0,1,0,1,0,0,0,12192.0,2,1,1,1,0,0,1,0,6.5,267.8,0,0,0,0,0,1
15200,0.0,0.0,0,0,1,0,41.679,3.386,1,1,1,0,39.07,0.0,0,0.0,0,0,0,1,0,1,0,1,0,0,0,12192.0,2,1,1,1,0,0,1,0,7.1,271.1,0,0,0,0,0,1
15300,0.0,0.0,0,0,1,0,42.018,3.386,1,1,1,0,39.07,0.0,0,0.0,0,0,0,1,0,1,0,1,0,0,0,12192.0,2,1,1,1,0,0,1,0,7.0,266.4,0,0,0,0,0,1
15400,0.0,0.0,0,0,1,0,42.356,3.386,1,1,1,0,39.07,0.0,0,0.0,0,0,0,1,0,1,0,1,0,0,0,12192.0,2,1,1,1,0,0,1,0,7.7,265.4,0,0,0,0,0,1
15500,0.0,0.0,0,0,1,0,42.695,3.386,1,1,1,0,39.07,0.0,0,0.0,0,0,0,1,0,1,0,1,0,0,0,12192.0,2,1,1,1,0,0,1,0,7.7,268.2,0,0,0,0,0,1
15600,0.0,0.0,0,0,1,0,43.034,3.386,1,1,1,0,39.07,0.0,0,0.0,0,0,0,1,0,1,0,1,0,0,0,12192.0,2,1,1,1,0,0,1,0,7.1,271.6,0,0,0,0,0,1
15700,0.0,0.0,0,0,1,0,43.372,3.386,1,1,1,0,39.07,0.0,0,0.0,0,0,0,1,0,1,0,1,0,0,0,12192.0,2,1,1,1,0,0,1,0,7.4,276.8,0,0,0,0,0,1
15800,0.0,0.0,0,0,1,0,43.711,3.386,1,1,1,0,39.07,0.0,0,0.0,0,0,0,1,0,1,0,1,0,0,0,12192.0,2,1,1,1,0,0,1,0,7.0,270.1,0,0,0,0,0,1
15900,0.0,0.0,0,0,1,0,44.049,3.386,1,1,1,0,39.07,0.0,0,0.0,0,0,0,1,0,1,0,1,0,0,0,12192.0,2,1,1,1,0,0,1,0,7.5,268.5,0,0,0,0,0,1
16000,0.0,0.0,0,0,1,0,44.388,3.386,1,1,1,0,39.07,0.0,0,0.0,0,0,0,1,0,1,0,1,0,0,0,12192.0,2,1,1,1,0,0,1,0,7.5,268.0,0,0,0,0,0,1
16100,0.0,0.0,0,0,1,0,44.726,3.386,1,1,1,0,39.07,0.0,0,0.0,0,0,0,1,0,1,0,1,0,0,0,12192.0,2,1,1,1,0,0,1,0,7.9,271.0,0,0,0,0,0,1
16200,0.0,0.0,0,0,1,0,45.065,3.386,1,1,1,0,39.07,0.0,0,0.0,0,0,0,1,0,1,0,1,0,0,0,12192.0,2,1,1,1,0,0,1,0,8.4,268.7,0,0,0,0,0,1
16300,0.0,0.0,0,0,1,0,45.404,3.386,1,1,1,0,39.07,0.0,0,0.0,0,0,0,1,0,1,0,1,0,0,0,12192.0,2,1,1,1,0,0,1,0,7.6,268.9,0,0,0,0,0,1
16400,0.0,0.0,0,0,1,0,45.742,3.386,1,1,1,0,39.07,0.0,0,0.0,0,0,0,1,0,1,0,1,0,0,0,12192.0,2,1,1,1,0,0,1,0,7.3,272.1,0,0,0,0,0,1
16500,0.0,0.0,0,0,1,0,46.081,3.386,1,1,1,0,39.07,0.0,0,0.0,0,0,0,1,0,1,0,1,0,0,0,12192.0,2,1,1,1,0,0,1,0,8.0,270.8,0,0,0,0,0,1
16600,0.0,0.0,0,0,1,0,46.419,3.386,1,1,1,0,39.07,0.0,0,0.0,0,0,0,1,0,1,0,1,0,0,0,12192.0,2,1,1,1,0,0,1,0,7.7,267.2,0,0,0,0,0,1
16700,0.0,0.0,0,0,1,0,46.758,3.386,1,1,1,0,39.07,0.0,0,0.0,0,0,0,1,0,1,0,1,0,0,0,12192.0,2,1,1,1,0,0,1,0,6.6,272.4,0,0,0,0,0,1
16800,0.0,0.0,0,0,1,0,47.097,3.386,1,1,1,0,39.07,0.0,0,0.0,0,0,0,1,0,1,0,1,0,0,0,12192.0,2,1,1,1,0,0,1,0,8.1,267.0,0,0,0,0,0,1
16900,0.0,0.0,0,0,1,0,47.435,3.386,1,1,1,0,39.07,0.0,0,0.0,0,0,0,1,0,1,0,1,0,0,0,12192.0,2,1,1,1,0,0,1,0,7.5,270.9,0,0,0,0,0,1
17000,0.0,0.0,0,0,1,0,47.774,3.386,1,1,1,0,39.07,0.0,0,0.0,0,0,0,1,0,1,0,1,0,0,0,12192.0,2,1,1,1,0,0,1,0,7.2,274.8,0,0,0,0,0,1
17100,0.0,0.0,0,0,1,0,48.112,3.386,1,1,1,0,39.07,0.0,0,0.0,0,0,0,1,0,1,0,1,0,0,0,12192.0,2,1,1,1,0,0,1,0,7.5,268.7,0,0,0,0,0,1
17200,0.0,0.0,0,0,1,0,48.451,3.386,1,1,1,0,39.07,0.0,0,0.0,0,0,0,1,0,1,0,1,0,0,0,12192.0,2,1,1,1,0,0,1,0,8.0,269.0,0,0,0,0,0,1
17300,0.0,0.0,0,0,1,0,48.79,3.386,1,1,1,0,39.07,0.0,0,0.0,0,0,0,1,0,1,0,1,0,0,0,12192.0,2,1,1,1,0,0,1,0,8.4,271.5,0,0,0,0,0,1
17400,0.0,0.0,0,0,1,0,49.128,3.386,1,1,1,0,39.07,0.0,0,0.0,0,0,0,1,0,1,0,1,0,0,0,12192.0,2,1,1,1,0,0,1,0,8.4,272.9,0,0,0,0,0,1
17500,0.0,0.0,0,0,1,0,49.467,3.386,1,1,1,0,39.07,0.0,0,0.0,0,0,0,1,0,1,0,1,0,0,0,12192.0,2,1,1,1,0,0,1,0,7.5,272.5,0,0,0,0,0,1
17600,0.0,0.0,0,0,1,0,49.805,3.386,1,1,1,0,39.07,0.0,0,0.0,0,0,0,1,0,1,0,1,0,0,0,12192.0,2,1,1,1,0,0,1,0,7.4,270.4,0,0,0,0,0,1
17700,0.0,0.0,0,0,1,0,50.144,3.386,1,1,1,0,39.07,0.0,0,0.0,0,0,0,1,0,1,0,1,0,0,0,12192.0,2,1,1,1,0,0,1,0,7.9,269.7,0,0,0,0,0,1
17800,0.0,0.0,0,0,1,0,50.483,3.386,1,1,1,0,39.07,0.0,0,0.0,0,0,0,1,0,1,0,1,0,0,0,12192.0,2,1,1,1,0,0,1,0,8.1,268.8,0,0,0,0,0,1
17900,0.0,0.0,0,0,1,0,50.821,3.386,1,1,1,0,39.07,0.0,0,0.0,0,0,0,1,0,1,0,1,0,0,0,12192.0,2,1,1,1,0,0,1,0,8.3,266.8,0,0,0,0,0,1
18000,0.0,0.0,0,0,1,0,51.16,3.386,1,1,1,0,39.07,0.0,0,0.0,0,0,0,1,0,1,0,1,0,0,0,12192.0,2,1,1,1,0,0,1,0,8.8,266.3,0,0,0,0,0,1
18100,0.0,0.0,0,0,1,0,51.498,3.386,1,1,1,0,39.07,0.0,0,0.0,0,0,0,1,0,1,0,1,0,0,0,12192.0,2,1,1,1,0,0,1,0,8.6,272.4,0,0,0,0,0,1
18200,0.0,0.0,0,0,1,0,51.837,3.386,1,1,1,0,39.07,0.0,0,0.0,0,0,0,1,0,1,0,1,0,0,0,12192.0,2,1,1,1,0,0,1,0,8.4,274.1,0,0,0,0,0,1
18300,0.0,0.0,0,0,1,0,52.175,3.386,1,1,1,0,39.07,0.0,0,0.0,0,0,0,1,0,1,0,1,0,0,0,12192.0,2,1,1,1,0,0,1,0,8.2,266.7,0,0,0,0,0,1
18400,0.0,0.0,0,0,1,0,52.514,3.386,1,1,1,0,39.07,0.0,0,0.0,0,0,0,1,0,1,0,1,0,0,0,12192.0,2,1,1,1,0,0,1,0,7.8,264.2,0,0,0,0,0,1
18500,0.0,0.0,0,0,1,0,52.853,3.386,1,1,1,0,39.07,0.0,0,0.0,0,0,0,1,0,1,0,1,0,0,0,12192.0,2,1,1,1,0,0,1,0,7.6,268.8,0,0,0,0,0,1
18600,0.0,0.0,0,0,1,0,53.191,3.386,1,1,1,0,39.07,0.0,0,0.0,0,0,0,1,0,1,0,1,0,0,0,12192.0,2,1,1,1,0,0,1,0,8.4,271.3,0,0,0,0,0,1
18700,0.0,0.0,0,0,1,0,53.53,3.386,1,1,1,0,39.07,0.0,0,0.0,0,0,0,1,0,1,0,1,0,0,0,12192.0,2,1,1,1,0,0,1,0,8.6,273.4,0,0,0,0,0,1
18800,0.0,0.0,0,0,1,0,53.868,3.386,1,1,1,0,39.07,0.0,0,0.0,0,0,0,1,0,1,0,1,0,0,0,12192.0,2,1,1,1,0,0,1,0,8.0,269.9,0,0,0,0,0,1
18900,0.0,0.0,0,0,1,0,54.207,3.386,1,1,1,0,39.07,0.0,0,0.0,0,0,0,1,0,1,0,1,0,0,0,12192.0,2,1,1,1,0,0,1,0,8.8,268.1,0,0,0,0,0,1
19000,0.0,0.0,0,0,1,0,54.546,3.386,1,1,1,0,39.07,0.0,0,0.0,0,0,0,1,0,1,0,1,0,0,0,12192.0,2,1,1,1,0,0,1,0,8.3,271.7,0,0,0,0,0,1
19100,0.0,0.0,0,0,1,0,54.884,3.386,1,1,1,0,39.07,0.0,0,0.0,0,0,0,1,0,1,0,1,0,0,0,12192.0,2,1,1,1,0,0,1,0,8.8,272.6,0,0,0,0,0,1
19200,0.0,0.0,0,0,1,0,55.223,3.386,1,1,1,0,39.07,0.0,0,0.0,0,0,0,1,0,1,0,1,0,0,0,12192.0,2,1,1,1,0,0,1,0,7.9,275.8,0,0,0,0,0,1
19300,0.0,0.0,0,0,1,0,55.561,3.386,1,1,1,0,39.07,0.0,0,0.0,0,0,0,1,0,1,0,1,0,0,0,12192.0,2,1,1,1,0,0,1,0,8.2,275.6,0,0,0,0,0,1
19400,0.0,0.0,0,0,1,0,55.9,3.386,1,1,1,0,39.07,0.0,0,0.0,0,0,0,1,0,1,0,1,0,0,0,12192.0,2,1,1,1,0,0,1,0,8.7,269.2,0,0,0,0,0,1
19500,0.0,0.0,0,0,1,0,56.239,3.386,1,1,1,0,39.07,0.0,0,0.0,0,0,0,1,0,1,0,1,0,0,0,12192.0,2,1,1,1,0,0,1,0,7.4,265.9,0,0,0,0,0,1
19600,0.0,0.0,0,0,1,0,56.577,3.386,1,1,1,0,39.07,0.0,0,0.0,0,0,0,1,0,1,0,1,0,0,0,12192.0,2,1,1,1,0,0,1,0,8.3,272.1,0,0,0,0,0,1
19700,0.0,0.0,0,0,1,0,56.916,3.386,1,1,1,0,39.07,0.0,0,0.0,0,0,0,1,0,1,0,1,0,0,0,12192.0,2,1,1,1,0,0,1,0,8.4,266.9,0,0,0,0,0,1
19800,0.0,0.0,0,0,1,0,57.254,3.386,1,1,1,0,39.07,0.0,0,0.0,0,0,0,1,0,1,0,1,0,0,0,12192.0,2,1,1,1,0,0,1,0,8.3,269.1,0,0,0,0,0,1
19900,0.0,0.0,0,0,1,0,57.593,3.386,1,1,1,0,39.07,0.0,0,0.0,0,0,0,1,0,1,0,1,0,0,0,12192.0,2,1,1,1,0,0,1,0,8.2,271.2,0,0,0,0,0,1
20000,0.0,0.0,0,0,1,0,57.932,3.386,1,1,1,0,39.07,0.0,0,0.0,0,0,0,1,0,1,0,1,0,0,0,12192.0,2,1,1,1,0,0,1,0,7.9,271.9,0,0,0,0,0,1
20100,0.0,0.0,0,0,1,0,58.27,3.386,1,1,1,0,39.07,0.0,0,0.0,0,0,0,1,0,1,0,1,0,0,0,12192.0,2,1,1,1,0,0,1,0,9.0,270.7,0,0,0,0,0,1
20200,0.0,0.0,0,0,1,0,58.609,3.386,1,1,1,0,39.07,0.0,0,0.0,0,0,0,1,0,1,0,1,0,0,0,12192.0,2,1,1,1,0,0,1,0,8.4,271.3,0,0,0,0,0,1
20300,0.0,0.0,0,0,1,0,58.947,3.386,1,1,1,0,39.07,0.0,0,0.0,0,0,0,1,0,1,0,1,0,0,0,12192.0,2,1,1,1,0,0,1,0,9.0,272.0,0,0,0,0,0,1
20400,0.0,0.0,0,0,1,0,59.286,3.386,1,1,1,0,39.07,0.0,0,0.0,0,0,0,1,0,1,0,1,0,0,0,12192.0,2,1,1,1,0,0,1,0,8.5,269.6,0,0,0,0,0,1
20500,0.0,0.0,0,0,1,0,59.624,3.386,1,1,1,0,39.07,0.0,0,0.0,0,0,0,1,0,1,0,1,0,0,0,12192.0,2,1,1,1,0,0,1,0,9.1,268.7,0,0,0,0,0,1
20600,0.0,0.0,0,0,1,0,59.963,3.386,1,1,1,0,39.07,0.0,0,0.0,0,0,0,1,0,1,0,1,0,0,0,12192.0,2,1,1,1,0,0,1,0,8.7,267.6,0,0,0,0,0,1
20700,0.0,0.0,0,0,1,0,60.302,3.386,1,1,1,0,39.07,0.0,0,0.0,0,0,0,1,0,1,0,1,0,0,0,12192.0,2,1,1,1,0,0,1,0,9.1,265.6,0,0,0,0,0,1
20800,0.0,0.0,0,0,1,0,60.64,3.386,1,1,1,0,39.07,0.0,0,0.0,0,0,0,1,0,1,0,1,0,0,0,12192.0,2,1,1,1,0,0,1,0,8.3,269.9,0,0,0,0,0,1
20900,0.0,0.0,0,0,1,0,60.979,3.386,1,1,1,0,39.07,0.0,0,0.0,0,0,0,1,0,1,0,1,0,0,0,12192.0,2,1,1,1,0,0,1,0,8.2,269.9,0,0,0,0,0,1
21000,0.0,0.0,0,0,1,0,61.317,3.386,1,1,1,0,39.07,0.0,0,0.0,0,0,0,1,0,1,0,1,0,0,0,12192.0,2,1,1,1,0,0,1,0,8.3,267.4,0,0,0,0,0,1
21100,0.0,0.0,0,0,1,0,61.656,3.386,1,1,1,0,39.07,0.0,0,0.0,0,0,0,1,0,1,0,1,0,0,0,12192.0,2,1,1,1,0,0,1,0,9.1,265.7,0,0,0,0,0,1
21200,0.0,0.0,0,0,1,0,61.995,3.386,1,1,1,0,39.07,0.0,0,0.0,0,0,0,1,0,1,0,1,0,0,0,12192.0,2,1,1,1,0,0,1,0,8.1,269.6,0,0,0,0,0,1
21300,0.0,0.0,0,0,1,0,62.333,3.386,1,1,1,0,39.07,0.0,0,0.0,0,0,0,1,0,1,0,1,0,0,0,12192.0,2,1,1,1,0,0,1,0,8.4,275.1,0,0,0,0,0,1
21400,0.0,0.0,0,0,1,0,62.672,3.386,1,1,1,0,39.07,0.0,0,0.0,0,0,0,1,0,1,0,1,0,0,0,12192.0,2,1,1,1,0,0,1,0,8.8,275.0,0,0,0,0,0,1
21500,0.0,0.0,0,0,1,0,63.01,3.386,1,1,1,0,39.07,0.0,0,0.0,0,0,0,1,0,1,0,1,0,0,0,12192.0,2,1,1,1,0,0,1,0,8.5,271.8,0,0,0,0,0,1
21600,0.0,0.0,0,0,1,0,63.349,3.386,1,1,1,0,39.07,0.0,0,0.0,0,0,0,1,0,1,0,1,0,0,0,12192.0,2,1,1,1,0,0,1,0,7.5,272.3,0,0,0,0,0,1
21700,0.0,0.0,0,0,1,0,63.688,3.386,1,1,1,0,39.07,0.0,0,0.0,0,0,0,1,0,1,0,1,0,0,0,12192.0,2,1,1,1,0,0,1,0,8.4,272.2,0,0,0,0,0,1
21800,0.0,0.0,0,0,1,0,64.026,3.386,1,1,1,0,39.07,0.0,0,0.0,0,0,0,1,0,1,0,1,0,0,0,12192.0,2,1,1,1,0,0,1,0,8.3,269.6,0,0,0,0,0,1
21900,0.0,0.0,0,0,1,0,64.365,3.386,1,1,1,0,39.07,0.0,0,0.0,0,0,0,1,0,1,0,1,0,0,0,12192.0,2,1,1,1,0,0,1,0,8.2,272.8,0,0,0,0,0,1
22000,0.0,0.0,0,0,1,0,64.703,3.386,1,1,1,0,39.07,0.0,0,0.0,0,0,0,1,0,1,0,1,0,0,0,12192.0,2,1,1,1,0,0,1,0,8.2,272.5,0,0,0,0,0,1
22100,0.0,0.0,0,0,1,0,65.042,3.386,1,1,1,0,39.07,0.0,0,0.0,0,0,0,1,0,1,0,1,0,0,0,12192.0,2,1,1,1,0,0,1,0,8.2,266.5,0,0,0,0,0,1
22200,0.0,0.0,0,0,1,0,65.381,3.386,1,1,1,0,39.07,0.0,0,0.0,0,0,0,1,0,1,0,1,0,0,0,12192.0,2,1,1,1,0,0,1,0,8.2,270.7,0,0,0,0,0,1
22300,0.0,0.0,0,0,1,0,65.719,3.386,1,1,1,0,39.07,0.0,0,0.0,0,0,0,1,0,1,0,1,0,0,0,12192.0,2,1,1,1,0,0,1,0,8.4,271.9,0,0,0,0,0,1
22400,0.0,0.0,0,0,1,0,66.058,3.386,1,1,1,0,39.07,0.0,0,0.0,0,0,0,1,0,1,0,1,0,0,0,12192.0,2,1,1,1,0,0,1,0,7.5,270.8,0,0,0,0,0,1
22500,0.0,0.0,0,0,1,0,66.396,3.386,1,1,1,0,39.07,0.0,0,0.0,0,0,0,1,0,1,0,1,0,0,0,12192.0,2,1,1,1,0,0,1,0,8.6,273.3,0,0,0,0,0,1
22600,0.0,0.0,0,0,1,0,66.735,3.386,1,1,1,0,39.07,0.0,0,0.0,0,0,0,1,0,1,0,1,0,0,0,12192.0,2,1,1,1,0,0,1,0,8.0,266.8,0,0,0,0,0,1
22700,0.0,0.0,0,0,1,0,67.073,3.386,1,1,1,0,39.07,0.0,0,0.0,0,0,0,1,0,1,0,1,0,0,0,12192.0,2,1,1,1,0,0,1,0,7.6,268.7,0,0,0,0,0,1
22800,0.0,0.0,0,0,1,0,67.412,3.386,1,1,1,0,39.07,0.0,0,0.0,0,0,0,1,0,1,0,1,0,0,0,12192.0,2,1,1,1,0,0,1,0,7.9,270.1,0,0,0,0,0,1
22900,0.0,0.0,0,0,1,0,67.751,3.386,1,1,1,0,39.07,0.0,0,0.0,0,0,0,1,0,1,0,1,0,0,0,12192.0,2,1,1,1,0,0,1,0,8.1,270.1,0,0,0,0,0,1
23000,0.0,0.0,0,0,1,0,68.089,3.386,1,1,1,0,39.07,0.0,0,0.0,0,0,0,1,0,1,0,1,0,0,0,12192.0,2,1,1,1,0,0,1,0,7.8,273.5,0,0,0,0,0,1
23100,0.0,0.0,0,0,1,0,68.428,3.386,1,1,1,0,39.07,0.0,0,0.0,0,0,0,1,0,1,0,1,0,0,0,12192.0,2,1,1,1,0,0,1,0,6.6,265.4,0,0,0,0,0,1
23200,0.0,0.0,0,0,1,0,68.761,3.33,1,1,1,0,39.07,0.0,0,0.0,0,0,0,1,0,1,0,1,0,0,0,12192.0,2,1,1,1,0,0,1,0,7.7,268.5,0,0,0,0,0,1
23300,0.0,0.0,0,0,1,0,69.088,3.275,1,1,1,0,39.07,0.0,0,0.0,0,0,0,1,0,1,0,1,0,0,0,12192.0,2,1,1,1,0,0,1,0,7.4,271.8,0,0,0,0,0,1
23400,0.0,0.0,0,0,1,0,69.41,3.219,1,1,1,0,39.07,0.0,0,0.0,0,0,0,1,0,1,0,1,0,0,0,12192.0,2,1,1,1,0,0,1,0,8.1,274.0,0,0,0,0,0,1
23500,0.0,0.0,0,0,1,0,69.726,3.163,1,1,1,0,39.07,0.0,0,0.0,0,0,0,1,0,1,0,1,0,0,0,12192.0,2,1,1,1,0,0,1,0,7.6,264.7,0,0,0,0,0,1
23600,0.0,0.0,0,0,1,0,70.037,3.107,1,1,1,0,39.07,0.0,0,0.0,0,0,0,1,0,1,0,1,0,0,0,12192.0,2,1,1,1,0,0,1,0,7.5,271.7,0,0,0,0,0,1
23700,0.0,0.0,0,0,1,0,70.342,3.052,1,1,1,0,39.07,0.0,0,0.0,0,0,0,1,0,1,0,1,0,0,0,12192.0,2,1,1,1,0,0,1,0,7.9,274.3,0,0,0,0,0,1
23800,0.0,0.0,0,0,1,0,70.642,2.996,1,1,1,0,39.07,0.0,0,0.0,0,0,0,1,0,1,0,1,0,0,0,12192.0,2,1,1,1,0,0,1,0,7.9,268.2,0,0,0,0,0,1
23900,0.0,0.0,0,0,1,0,70.936,2.94,1,1,1,0,39.07,0.0,0,0.0,0,0,0,1,0,1,0,1,0,0,0,12192.0,2,1,1,1,0,0,1,0,7.7,274.3,0,0,0,0,0,1
24000,0.0,0.0,0,0,1,0,71.225,2.885,1,1,1,0,39.07,0.0,0,0.0,0,0,0,1,0,1,0,1,0,0,0,12192.0,2,1,1,1,0,0,1,0,6.9,268.7,0,0,0,0,0,1
24100,0.0,0.0,0,0,1,0,71.507,2.829,1,1,1,0,39.07,0.0,0,0.0,0,0,0,1,0,1,0,1,0,0,0,12192.0,2,1,1,1,0,0,1,0,8.1,274.7,0,0,0,0,0,1
24200,0.0,0.0,0,0,1,0,71.785,2.773,1,1,1,0,39.07,0.0,0,0.0,0,0,0,1,0,1,0,1,0,0,0,12192.0,2,1,1,1,0,0,1,0,8.4,269.5,0,0,0,0,0,1
24300,0.0,0.0,0,0,1,0,72.057,2.718,1,1,1,0,39.07,0.0,0,0.0,0,0,0,1,0,1,0,1,0,0,0,12192.0,2,1,1,1,0,0,1,0,7.2,274.9,0,0,0,0,0,1
24400,0.0,0.0,0,0,1,0,72.323,2.662,1,1,1,0,39.07,0.0,0,0.0,0,0,0,1,0,1,0,1,0,0,0,12192.0,2,1,1,1,0,0,1,0,7.7,271.6,0,0,0,0,0,1
24500,0.0,0.0,0,0,1,0,72.583,2.606,1,1,1,0,39.07,0.0,0,0.0,0,0,0,1,0,1,0,1,0,0,0,12192.0,2,1,1,1,0,0,1,0,7.5,270.8,0,0,0,0,0,1
24600,0.0,0.0,0,0,1,0,72.838,2.551,1,1,1,0,39.07,0.0,0,0.0,0,0,0,1,0,1,0,1,0,0,0,12192.0,2,1,1,1,0,0,1,0,8.1,274.1,0,0,0,0,0,1
24700,0.0,0.0,0,0,1,0,73.088,2.495,1,1,1,0,39.07,0.0,0,0.0,0,0,0,1,0,1,0,1,0,0,0,12192.0,2,1,1,1,0,0,1,0,8.2,267.1,0,0,0,0,0,1
24800,0.0,0.0,0,0,1,0,73.332,2.439,1,1,1,0,39.07,0.0,0,0.0,0,0,0,1,0,1,0,1,0,0,0,12192.0,2,1,1,1,0,0,1,0,7.0,270.2,0,0,0,0,0,1
24900,0.0,0.0,0,0,1,0,73.57,2.384,1,1,1,0,39.07,0.0,0,0.0,0,0,0,1,0,1,0,1,0,0,0,12192.0,2,1,1,1,0,0,1,0,7.6,272.2,0,0,0,0,0,1
25000,0.0,0.0,0,0,1,0,73.803,2.328,1,1,1,0,39.07,0.0,0,0.0,0,0,0,1,0,1,0,1,0,0,0,12192.0,2,1,1,1,0,0,1,0,7.3,272.6,0,0,0,0,0,1
25100,0.0,0.0,0,0,1,0,74.03,2.272,1,1,1,0,39.07,0.0,0,0.0,0,0,0,1,0,1,0,1,0,0,0,12192.0,2,1,1,1,0,0,1,0,7.2,267.9,0,0,0,0,0,1
25200,0.0,0.0,0,0,1,0,74.252,2.217,1,1,1,0,39.07,0.0,0,0.0,0,0,0,1,0,1,0,1,0,0,0,12192.0,2,1,1,1,0,0,1,0,7.6,270.9,0,0,0,0,0,1
25300,0.0,0.0,0,0,1,0,74.468,2.161,1,1,1,0,39.07,0.0,0,0.0,0,0,0,1,0,1,0,1,0,0,0,12192.0,2,1,1,1,0,0,1,0,7.4,273.4,0,0,0,0,0,1
25400,0.0,0.0,0,0,1,0,74.679,2.105,1,1,1,0,39.07,0.0,0,0.0,0,0,0,1,0,1,0,1,0,0,0,12192.0,2,1,1,1,0,0,1,0,7.1,266.3,0,0,0,0,0,1
25500,0.0,0.0,0,0,1,0,74.883,2.049,1,1,1,0,39.07,0.0,0,0.0,0,0,0,1,0,1,0,1,0,0,0,12192.0,2,1,1,1,0,0,1,0,7.2,268.0,0,0,0,0,0,1
25600,0.0,0.0,0,0,1,0,75.083,1.994,1,1,1,0,39.07,0.0,0,0.0,0,0,0,1,0,1,0,1,0,0,0,12192.0,2,1,1,1,0,0,1,0,7.7,270.0,0,0,0,0,0,1
25700,0.0,0.0,0,0,1,0,75.277,1.938,1,1,1,0,39.07,0.0,0,0.0,0,0,0,1,0,1,0,1,0,0,0,12192.0,2,1,1,1,0,0,1,0,7.8,272.9,0,0,0,0,0,1
25800,0.0,0.0,0,0,1,0,75.465,1.882,1,1,1,0,39.07,0.0,0,0.0,0,0,0,1,0,1,0,1,0,0,0,12192.0,2,1,1,1,0,0,1,0,7.2,272.4,0,0,0,0,0,1
25900,0.0,0.0,0,0,1,0,75.648,1.827,1,1,1,0,39.07,0.0,0,0.0,0,0,0,1,0,1,0,1,0,0,0,12192.0,2,1,1,1,0,0,1,0,7.9,275.4,0,0,0,0,0,1
26000,0.0,0.0,0,0,1,0,75.825,1.771,1,1,1,0,39.07,0.0,0,0.0,0,0,0,1,0,1,0,1,0,0,0,12192.0,2,1,1,1,0,0,1,0,8.1,271.0,0,0,0,0,0,1
26100,0.0,0.0,0,0,1,0,75.996,1.715,1,1,1,0,39.07,0.0,0,0.0,0,0,0,1,0,1,0,1,0,0,0,12192.0,2,1,1,1,0,0,1,0,7.5,267.6,0,0,0,0,0,1
26200,0.0,0.0,0,0,1,0,76.162,1.66,1,1,1,0,39.07,0.0,0,0.0,0,0,0,1,0,1,0,1,0,0,0,12192.0,2,1,1,1,0,0,1,0,7.7,269.8,0,0,0,0,0,1
26300,0.0,0.0,0,0,1,0,76.323,1.604,1,1,1,0,39.07,0.0,0,0.0,0,0,0,1,0,1,0,1,0,0,0,12192.0,2,1,1,1,0,0,1,0,7.3,268.6,0,0,0,0,0,1
26400,0.0,0.0,0,0,1,0,76.477,1.548,1,1,1,0,39.07,0.0,0,0.0,0,0,0,1,0,1,0,1,0,0,0,12192.0,2,1,1,1,0,0,1,0,7.5,270.1,0,0,0,0,0,1
26500,0.0,0.0,0,0,1,0,76.627,1.493,1,1,1,0,39.07,0.0,0,0.0,0,0,0,1,0,1,0,1,0,0,0,12192.0,2,1,1,1,0,0,1,0,8.9,266.3,0,0,0,0,0,1
26600,0.0,0.0,0,0,1,0,76.77,1.437,1,1,1,0,39.07,0.0,0,0.0,0,0,0,1,0,1,0,1,0,0,0,12192.0,2,1,1,1,0,0,1,0,8.0,268.3,0,0,0,0,0,1
26700,0.0,0.0,0,0,1,0,76.909,1.381,1,1,1,0,39.07,0.0,0,0.0,0,0,0,1,0,1,0,1,0,0,0,12192.0,2,1,1,1,0,0,1,0,8.4,268.6,0,0,0,0,0,1
26800,0.0,0.0,0,0,1,0,77.041,1.326,1,1,1,0,39.07,0.0,0,0.0,0,0,0,1,0,1,0,1,0,0,0,12192.0,2,1,1,1,0,0,1,0,7.7,272.6,0,0,0,0,0,1
26900,0.0,0.0,0,0,1,0,77.168,1.27,1,1,1,0,39.07,0.0,0,0.0,0,0,0,1,0,1,0,1,0,0,0,12192.0,2,1,1,1,0,0,1,0,7.9,269.9,0,0,0,0,0,1
27000,0.0,0.0,0,0,1,0,77.289,1.214,1,1,1,0,39.07,0.0,0,0.0,0,0,0,1,0,1,0,1,0,0,0,12192.0,2,1,1,1,0,0,1,0,8.7,263.7,0,0,0,0,0,1
27100,0.0,0.0,0,0,1,0,77.405,1.159,1,1,1,0,39.07,0.0,0,0.0,0,0,0,1,0,1,0,1,0,0,0,12192.0,2,1,1,1,0,0,1,0,8.0,271.0,0,0,0,0,0,1
27200,0.0,0.0,0,0,1,0,77.516,1.103,1,1,1,0,39.07,0.0,0,0.0,0,0,0,1,0,1,0,1,0,0,0,12192.0,2,1,1,1,0,0,1,0,8.0,268.8,0,0,0,0,0,1
27300,0.0,0.0,0,0,1,0,77.62,1.047,1,1,1,0,39.07,0.0,0,0.0,0,0,0,1,0,1,0,1,0,0,0,12192.0,2,1,1,1,0,0,1,0,8.8,273.5,0,0,0,0,0,1
27400,0.0,0.0,0,0,1,0,77.719,0.991,1,1,1,0,39.07,0.0,0,0.0,0,0,0,1,0,1,0,1,0,0,0,12192.0,2,1,1,1,0,0,1,0,8.4,271.8,0,0,0,0,0,1
27500,0.0,0.0,0,0,1,0,77.813,0.936,1,1,1,0,39.07,0.0,0,0.0,0,0,0,1,0,1,0,1,0,0,0,12192.0,2,1,1,1,0,0,1,0,9.0,267.0,0,0,0,0,0,1
27600,0.0,0.0,0,0,1,0,77.901,0.88,1,1,1,0,39.07,0.0,0,0.0,0,0,0,1,0,1,0,1,0,0,0,12192.0,2,1,1,1,0,0,1,0,8.4,270.1,0,0,0,0,0,1
27700,0.0,0.0,0,0,1,0,77.984,0.824,1,1,1,0,39.07,0.0,0,0.0,0,0,0,1,0,1,0,1,0,0,0,12192.0,2,1,1,1,0,0,1,0,8.2,269.1,0,0,0,0,0,1
27800,0.0,0.0,0,0,1,0,78.06,0.769,1,1,1,0,39.07,0.0,0,0.0,0,0,0,1,0,1,0,1,0,0,0,12192.0,2,1,1,1,0,0,1,0,8.2,266.3,0,0,0,0,0,1
27900,0.0,0.0,0,0,1,0,78.132,0.713,1,1,1,0,39.07,0.0,0,0.0,0,0,0,1,0,1,0,1,0,0,0,12192.0,2,1,1,1,0,0,1,0,8.2,272.0,0,0,0,0,0,1
28000,0.0,0.0,0,0,1,0,78.197,0.657,1,1,1,0,39.07,0.0,0,0.0,0,0,0,1,0,1,0,1,0,0,0,12192.0,2,1,1,1,0,0,1,0,8.6,268.4,0,0,0,0,0,1
28100,0.0,0.0,0,0,1,0,78.258,0.602,1,1,1,0,39.07,0.0,0,0.0,0,0,0,1,0,1,0,1,0,0,0,12192.0,2,1,1,1,0,0,1,0,9.1,271.0,0,0,0,0,0,1
28200,0.0,0.0,0,0,1,0,78.312,0.546,1,1,1,0,39.07,0.0,0,0.0,0,0,0,1,0,1,0,1,0,0,0,12192.0,2,1,1,1,0,0,1,0,7.9,272.2,0,0,0,0,0,1
28300,0.0,0.0,0,0,1,0,78.361,0.49,1,1,1,0,39.07,0.0,0,0.0,0,0,0,1,0,1,0,1,0,0,0,12192.0,2,1,1,1,0,0,1,0,8.3,271.2,0,0,0,0,0,1
28400,0.0,0.0,0,0,1,0,78.405,0.435,1,1,1,0,39.07,0.0,0,0.0,0,0,0,1,0,1,0,1,0,0,0,12192.0,2,1,1,1,0,0,1,0,8.6,267.9,0,0,0,0,0,1
28500,0.0,0.0,0,0,1,0,78.443,0.379,1,1,1,0,39.07,0.0,0,0.0,0,0,0,1,0,1,0,1,0,0,0,12192.0,2,1,1,1,0,0,1,0,8.2,272.6,0,0,0,0,0,1
28600,0.0,0.0,0,0,1,0,78.475,0.323,1,1,1,0,39.07,0.0,0,0.0,0,0,0,1,0,1,0,1,0,0,0,12192.0,2,1,1,1,0,0,1,0,8.7,274.0,0,0,0,0,0,1
28700,0.0,0.0,0,0,1,0,78.502,0.268,1,1,1,0,39.07,0.0,0,0.0,0,0,0,1,0,1,0,1,0,0,0,12192.0,2,1,1,1,0,0,1,0,8.0,274.3,0,0,0,0,0,1
28800,0.0,0.0,0,0,1,0,78.523,0.212,1,1,1,0,39.07,0.0,0,0.0,0,0,0,1,0,1,0,1,0,0,0,12192.0,2,1,1,1,0,0,1,0,8.9,270.2,0,0,0,0,0,1
28900,0.0,0.0,0,0,1,0,78.538,0.156,1,1,1,0,39.07,0.0,0,0.0,0,0,0,1,0,1,0,1,0,0,0,12192.0,2,1,1,1,0,0,1,0,8.3,270.0,0,0,0,0,0,1
29000,0.0,0.0,0,0,1,0,78.549,0.101,1,1,1,0,39.07,0.0,0,0.0,0,0,0,1,0,1,0,1,0,0,0,12192.0,2,1,1,1,0,0,1,0,9.4,266.4,0,0,0,0,0,1
29100,0.0,0.0,0,0,0,0,78.553,0.0,0,0,0,0,39.07,0.0,0,0.0,0,0,0,0,0,1,0,1,0,0,0,12192.0,2,1,1,0,1,0,1,0,8.6,272.6,0,0,0,0,0,1
29200,0.0,0.0,0,0,1,0,78.553,0.0,0,0,1,0,39.065,-0.053,0,0.0,0,0,1,1,0,1,0,1,0,0,0,12192.0,2,1,1,1,0,0,1,0,19.7,268.9,1,1,6001,1,6,1
29300,0.0,0.0,0,0,1,0,78.553,0.0,0,0,1,0,39.054,-0.106,0,0.0,0,0,1,1,0,1,0,1,0,0,0,12192.0,2,1,1,1,0,0,1,0,19.0,271.3,1,1,6001,1,6,1
29400,0.0,0.0,0,0,1,0,78.553,0.0,0,0,1,0,39.038,-0.16,0,0.0,0,0,1,1,0,1,0,1,0,0,0,12192.0,2,1,1,1,0,0,1,0,19.2,270.3,1,1,6001,1,6,1
29500,0.0,0.0,0,0,1,0,78.553,0.0,0,0,1,0,39.017,-0.213,0,0.0,0,0,1,1,0,1,0,1,0,0,0,12192.0,2,1,1,1,0,0,1,0,19.1,269.8,1,1,6001,1,6,1
29600,0.0,0.0,0,0,1,0,78.553,0.0,0,0,1,0,38.99,-0.266,0,0.0,0,0,1,1,0,1,0,1,0,0,0,12192.0,2,1,1,1,0,0,1,0,19.8,274.1,1,1,6001,1,6,1
29700,0.0,0.0,0,0,1,0,78.553,0.0,0,0,1,0,38.958,-0.319,0,0.0,0,0,1,1,0,1,0,1,0,0,0,12192.0,2,1,1,1,0,0,1,0,18.8,271.9,1,1,6001,1,6,1
29800,0.0,0.0,0,0,1,0,78.553,0.0,0,0,1,0,38.921,-0.373,0,0.0,0,0,1,1,0,1,0,1,0,0,0,12192.0,2,1,1,1,0,0,1,0,19.1,272.0,1,1,6001,1,6,1
29900,0.0,0.0,0,0,1,0,78.553,0.0,0,0,1,0,38.878,-0.426,0,0.0,0,0,1,1,0,1,0,1,0,0,0,12192.0,2,1,1,1,0,0,1,0,18.6,265.7,1,1,6001,1,6,1
30000,0.0,0.0,0,0,1,0,78.553,0.0,0,0,1,0,38.83,-0.479,0,0.0,0,0,1,1,0,1,0,1,0,0,0,12192.0,2,1,1,1,0,0,1,0,18.9,267.1,1,1,6001,1,6,1
30100,0.0,0.0,0,0,1,0,78.553,0.0,0,0,1,0,38.777,-0.532,0,0.0,0,0,1,1,0,1,0,1,0,0,0,12192.0,2,1,1,1,0,0,1,0,18.7,268.9,1,1,6001,1,6,1
30200,0.0,0.0,0,0,1,0,78.553,0.0,0,0,1,0,38.719,-0.585,0,0.0,0,0,1,1,0,1,0,1,0,0,0,12192.0,2,1,1,1,0,0,1,0,18.7,266.6,1,1,6001,1,6,1
30300,0.0,0.0,0,0,1,0,78.553,0.0,0,0,1,0,38.655,-0.639,0,0.0,0,0,1,1,0,1,0,1,0,0,0,12192.0,2,1,1,1,0,0,1,0,18.8,268.0,1,1,6001,1,6,1
30400,0.0,0.0,0,0,1,0,78.553,0.0,0,0,1,0,38.586,-0.692,0,0.0,0,0,1,1,0,1,0,1,0,0,0,12192.0,2,1,1,1,0,0,1,0,19.4,272.5,1,1,6001,1,6,1
30500,0.0,0.0,0,0,1,0,78.553,0.0,0,0,1,0,38.511,-0.745,0,0.0,0,0,1,1,0,1,0,1,0,0,0,12192.0,2,1,1,1,0,0,1,0,18.5,271.3,1,1,6001,1,6,1
30600,0.0,0.0,0,0,1,0,78.553,0.0,0,0,1,0,38.431,-0.798,0,0.0,0,0,1,1,0,1,0,1,0,0,0,12192.0,2,1,1,1,0,0,1,0,18.5,268.5,1,1,6001,1,6,1
30700,0.0,0.0,0,0,1,0,78.553,0.0,0,0,1,0,38.346,-0.851,0,0.0,0,0,1,1,0,1,0,1,0,0,0,12192.0,2,1,1,1,0,0,1,0,18.9,270.2,1,1,6001,1,6,1
30800,0.0,0.0,0,0,1,0,78.553,0.0,0,0,1,0,38.26,-0.863,0,0.0,0,0,1,1,0,1,0,1,0,0,0,12192.0,2,1,1,1,0,0,1,0,18.8,263.7,1,1,6001,1,6,1
30900,0.0,0.0,0,0,1,0,78.553,0.0,0,0,1,0,38.174,-0.863,0,0.0,0,0,1,1,0,1,0,1,0,0,0,12192.0,2,1,1,1,0,0,1,0,18.5,271.5,1,1,6001,1,6,1
31000,0.0,0.0,0,0,1,0,78.553,0.0,0,0,1,0,38.087,-0.863,0,0.0,0,0,1,1,0,1,0,1,0,0,0,12192.0,2,1,1,1,0,0,1,0,18.1,270.2,1,1,6001,1,6,1
31100,0.0,0.0,0,0,1,0,78.553,0.0,0,0,1,0,38.001,-0.863,0,0.0,0,0,1,1,0,1,0,1,0,0,0,12192.0,2,1,1,1,0,0,1,0,19.0,271.2,1,1,6001,1,6,1
31200,0.0,0.0,0,0,1,0,78.553,0.0,0,0,1,0,37.915,-0.863,0,0.0,0,0,1,1,0,1,0,1,0,0,0,12192.0,2,1,1,1,0,0,1,0,18.3,272.0,1,1,6001,1,6,1
31300,0.0,0.0,0,0,1,0,78.553,0.0,0,0,1,0,37.828,-0.863,0,0.0,0,0,1,1,0,1,0,1,0,0,0,12192.0,2,1,1,1,0,0,1,0,17.7,269.3,1,1,6001,1,6,1
31400,0.0,0.0,0,0,1,0,78.553,0.0,0,0,1,0,37.742,-0.863,0,0.0,0,0,1,1,0,1,0,1,0,0,0,12192.0,2,1,1,1,0,0,1,0,18.0,270.5,1,1,6001,1,6,1
31500,0.0,0.0,0,0,1,0,78.553,0.0,0,0,1,0,37.656,-0.863,0,0.0,0,0,1,1,0,1,0,1,0,0,0,12192.0,2,1,1,1,0,0,1,0,19.0,267.0,1,1,6001,1,6,1
31600,0.0,0.0,0,0,1,0,78.553,0.0,0,0,1,0,37.57,-0.863,0,0.0,0,0,1,1,0,1,0,1,0,0,0,12192.0,2,1,1,1,0,0,1,0,18.0,266.0,1,1,6001,1,6,1
31700,0.0,0.0,0,0,1,0,78.553,0.0,0,0,1,0,37.483,-0.863,0,0.0,0,0,1,1,0,1,0,1,0,0,0,12192.0,2,1,1,1,0,0,1,0,17.9,270.3,1,1,6001,1,6,1
31800,0.0,0.0,0,0,1,0,78.553,0.0,0,0,1,0,37.397,-0.863,0,0.0,0,0,1,1,0,1,0,1,0,0,0,12192.0,2,1,1,1,0,0,1,0,18.0,272.5,1,1,6001,1,6,1
31900,0.0,0.0,0,0,1,0,78.553,0.0,0,0,1,0,37.311,-0.863,0,0.0,0,0,1,1,0,1,0,1,0,0,0,12192.0,2,1,1,1,0,0,1,0,18.5,267.0,1,1,6001,1,6,1
32000,0.0,0.0,0,0,1,0,78.553,0.0,0,0,1,0,37.225,-0.863,0,0.0,0,0,1,1,0,1,0,1,0,0,0,12192.0,2,1,1,1,0,0,1,0,18.1,267.3,1,1,6001,1,6,1
32100,0.0,0.0,0,0,1,0,78.553,0.0,0,0,1,0,37.138,-0.863,0,0.0,0,0,1,1,0,1,0,1,0,0,0,12192.0,2,1,1,1,0,0,1,0,18.5,270.8,1,1,6001,1,6,1
32200,0.0,0.0,0,0,1,0,78.553,0.0,0,0,1,0,37.052,-0.863,0,0.0,0,0,1,1,0,1,0,1,0,0,0,12192.0,2,1,1,1,0,0,1,0,18.9,270.5,1,1,6001,1,6,1
32300,0.0,0.0,0,0,1,0,78.553,0.0,0,0,1,0,36.966,-0.863,0,0.0,0,0,1,1,0,1,0,1,0,0,0,12192.0,2,1,1,1,0,0,1,0,18.0,267.8,1,1,6001,1,6,1
32400,0.0,0.0,0,0,1,0,78.553,0.0,0,0,1,0,36.879,-0.863,0,0.0,0,0,1,1,0,1,0,1,0,0,0,12192.0,2,1,1,1,0,0,1,0,18.4,267.7,1,1,6001,1,6,1
32500,0.0,0.0,0,0,1,0,78.553,0.0,0,0,1,0,36.793,-0.863,0,0.0,0,0,1,1,0,1,0,1,0,0,0,12192.0,2,1,1,1,0,0,1,0,16.8,273.7,1,1,6001,1,6,1
32600,0.0,0.0,0,0,1,0,78.553,0.0,0,0,1,0,36.707,-0.863,0,0.0,0,0,1,1,0,1,0,1,0,0,0,12192.0,2,1,1,1,0,0,1,0,17.6,266.1,1,1,6001,1,6,1
32700,0.0,0.0,0,0,1,0,78.553,0.0,0,0,1,0,36.621,-0.863,0,0.0,0,0,1,1,0,1,0,1,0,0,0,12192.0,2,1,1,1,0,0,1,0,18.4,268.3,1,1,6001,1,6,1
32800,0.0,0.0,0,0,1,0,78.553,0.0,0,0,1,0,36.534,-0.863,0,0.0,0,0,1,1,0,1,0,1,0,0,0,12192.0,2,1,1,1,0,0,1,0,18.0,269.7,1,1,6001,1,6,1
32900,0.0,0.0,0,0,1,0,78.553,0.0,0,0,1,0,36.448,-0.863,0,0.0,0,0,1,1,0,1,0,1,0,0,0,12192.0,2,1,1,1,0,0,1,0,17.5,274.8,1,1,6001,1,6,1
33000,0.0,0.0,0,0,1,0,78.553,0.0,0,0,1,0,36.362,-0.863,0,0.0,0,0,1,1,0,1,0,1,0,0,0,12192.0,2,1,1,1,0,0,1,0,18.5,267.2,1,1,6001,1,6,1
33100,0.0,0.0,0,0,1,0,78.553,0.0,0,0,1,0,36.276,-0.863,0,0.0,0,0,1,1,0,1,0,1,0,0,0,12192.0,2,1,1,1,0,0,1,0,17.8,267.0,1,1,6001,1,6,1
33200,0.0,0.0,0,0,1,0,78.553,0.0,0,0,1,0,36.189,-0.863,0,0.0,0,0,1,1,0,1,0,1,0,0,0,12192.0,2,1,1,1,0,0,1,0,18.2,269.7,1,1,6001,1,6,1
33300,0.0,0.0,0,0,1,0,78.553,0.0,0,0,1,0,36.103,-0.863,0,0.0,0,0,1,1,0,1,0,1,0,0,0,12192.0,2,1,1,1,0,0,1,0,17.5,271.9,1,1,6001,1,6,1
33400,0.0,0.0,0,0,1,0,78.553,0.0,0,0,1,0,36.017,-0.863,0,0.0,0,0,1,1,0,1,0,1,0,0,0,12192.0,2,1,1,1,0,0,1,0,17.6,271.1,1,1,6001,1,6,1
33500,0.0,0.0,0,0,1,0,78.553,0.0,0,0,1,0,35.93,-0.863,0,0.0,0,0,1,1,0,1,0,1,0,0,0,12192.0,2,1,1,1,0,0,1,0,17.6,263.6,1,1,6001,1,6,1
33600,0.0,0.0,0,0,1,0,78.553,0.0,0,0,1,0,35.844,-0.863,0,0.0,0,0,1,1,0,1,0,1,0,0,0,12192.0,2,1,1,1,0,0,1,0,17.5,268.4,1,1,6001,1,6,1
33700,0.0,0.0,0,0,1,0,78.553,0.0,0,0,1,0,35.758,-0.863,0,0.0,0,0,1,1,0,1,0,1,0,0,0,12192.0,2,1,1,1,0,0,1,0,18.0,272.0,1,1,6001,1,6,1
33800,0.0,0.0,0,0,1,0,78.553,0.0,0,0,1,0,35.672,-0.863,0,0.0,0,0,1,1,0,1,0,1,0,0,0,12192.0,2,1,1,1,0,0,1,0,17.5,269.5,1,1,6001,1,6,1
33900,0.0,0.0,0,0,1,0,78.553,0.0,0,0,1,0,35.585,-0.863,0,0.0,0,0,1,1,0,1,0,1,0,0,0,12192.0,2,1,1,1,0,0,1,0,17.5,269.7,1,1,6001,1,6,1
34000,0.0,0.0,0,0,1,0,78.553,0.0,0,0,1,0,35.499,-0.863,0,0.0,0,0,1,1,0,1,0,1,0,0,0,12192.0,2,1,1,1,0,0,1,0,17.7,270.2,1,1,6001,1,6,1
34100,0.0,0.0,0,0,1,0,78.553,0.0,0,0,1,0,35.413,-0.863,0,0.0,0,0,1,1,0,1,0,1,0,0,0,12192.0,2,1,1,1,0,0,1,0,18.1,276.6,1,1,6001,1,6,1
34200,0.0,0.0,0,0,1,0,78.553,0.0,0,0,1,0,35.326,-0.863,0,0.0,0,0,1,1,0,1,0,1,0,0,0,12192.0,2,1,1,1,0,0,1,0,18.1,271.5,1,1,6001,1,6,1
34300,0.0,0.0,0,0,1,0,78.553,0.0,0,0,1,0,35.24,-0.863,0,0.0,0,0,1,1,0,1,0,1,0,0,0,12192.0,2,1,1,1,0,0,1,0,17.2,269.5,1,1,6001,1,6,1
34400,0.0,0.0,0,0,1,0,78.553,0.0,0,0,1,0,35.154,-0.863,0,0.0,0,0,1,1,0,1,0,1,0,0,0,12192.0,2,1,1,1,0,0,1,0,18.0,269.5,1,1,6001,1,6,1
34500,0.0,0.0,0,0,1,0,78.553,0.0,0,0,1,0,35.068,-0.863,0,0.0,0,0,1,1,0,1,0,1,0,0,0,12192.0,2,1,1,1,0,0,1,0,18.4,270.4,1,1,6001,1,6,1
34600,0.0,0.0,0,0,1,0,78.553,0.0,0,0,1,0,34.981,-0.863,0,0.0,0,0,1,1,0,1,0,1,0,0,0,12192.0,2,1,1,1,0,0,1,0,17.9,268.4,1,1,6001,1,6,1
34700,0.0,0.0,0,0,1,0,78.553,0.0,0,0,1,0,34.895,-0.863,0,0.0,0,0,1,1,0,1,0,1,0,0,0,12192.0,2,1,1,1,0,0,1,0,18.1,269.8,1,1,6001,1,6,1
34800,0.0,0.0,0,0,1,0,78.553,0.0,0,0,1,0,34.809,-0.863,0,0.0,0,0,1,1,0,1,0,1,0,0,0,12192.0,2,1,1,1,0,0,1,0,17.3,274.0,1,1,6001,1,6,1
34900,0.0,0.0,0,0,1,0,78.553,0.0,0,0,1,0,34.723,-0.863,0,0.0,0,0,1,1,0,1,0,1,0,0,0,12192.0,2,1,1,1,0,0,1,0,18.1,267.6,1,1,6001,1,6,1
35000,0.0,0.0,0,0,1,0,78.553,0.0,0,0,1,0,34.636,-0.863,0,0.0,0,0,1,1,0,1,0,1,0,0,0,12192.0,2,1,1,1,0,0,1,0,18.5,266.1,1,1,6001,1,6,1
35100,0.0,0.0,0,0,1,0,78.553,0.0,0,0,1,0,34.55,-0.863,0,0.0,0,0,1,1,0,1,0,1,0,0,0,12192.0,2,1,1,1,0,0,1,0,18.6,269.6,1,1,6001,1,6,1
35200,0.0,0.0,0,0,1,0,78.553,0.0,0,0,1,0,34.464,-0.863,0,0.0,0,0,1,1,0,1,0,1,0,0,0,12192.0,2,1,1,1,0,0,1,0,17.7,272.9,1,1,6001,1,6,1
35300,0.0,0.0,0,0,1,0,78.553,0.0,0,0,1,0,34.377,-0.863,0,0.0,0,0,1,1,0,1,0,1,0,0,0,12192.0,2,1,1,1,0,0,1,0,17.6,267.8,1,1,6001,1,6,1
35400,0.0,0.0,0,0,1,0,78.553,0.0,0,0,1,0,34.291,-0.863,0,0.0,0,0,1,1,0,1,0,1,0,0,0,12192.0,2,1,1,1,0,0,1,0,18.0,269.3,1,1,6001,1,6,1
35500,0.0,0.0,0,0,1,0,78.553,0.0,0,0,1,0,34.205,-0.863,0,0.0,0,0,1,1,0,1,0,1,0,0,0,12192.0,2,1,1,1,0,0,1,0,17.6,270.2,1,1,6001,1,6,1
35600,0.0,0.0,0,0,1,0,78.553,0.0,0,0,1,0,34.119,-0.863,0,0.0,0,0,1,1,0,1,0,1,0,0,0,12192.0,2,1,1,1,0,0,1,0,17.9,268.9,1,1,6001,1,6,1
35700,0.0,0.0,0,0,1,0,78.553,0.0,0,0,1,0,34.032,-0.863,0,0.0,0,0,1,1,0,1,0,1,0,0,0,12192.0,2,1,1,1,0,0,1,0,18.3,270.9,1,1,6001,1,6,1
35800,0.0,0.0,0,0,1,0,78.553,0.0,0,0,1,0,33.946,-0.863,0,0.0,0,0,1,1,0,1,0,1,0,0,0,12192.0,2,1,1,1,0,0,1,0,17.9,272.1,1,1,6001,1,6,1
35900,0.0,0.0,0,0,1,0,78.553,0.0,0,0,1,0,33.86,-0.863,0,0.0,0,0,1,1,0,1,0,1,0,0,0,12192.0,2,1,1,1,0,0,1,0,18.8,266.6,1,1,6001,1,6,1
36000,0.0,0.0,0,0,1,0,78.553,0.0,0,0,1,0,33.774,-0.863,0,0.0,0,0,1,1,0,1,0,1,0,0,0,12192.0,2,1,1,1,0,0,1,0,19.4,266.6,1,1,6001,1,6,1
36100,0.0,0.0,0,0,1,0,78.553,0.0,0,0,1,0,33.687,-0.863,0,0.0,0,0,1,1,0,1,0,1,0,0,0,12192.0,2,1,1,1,0,0,1,0,18.6,267.9,1,1,6001,1,6,1
36200,0.0,0.0,0,0,1,0,78.553,0.0,0,0,1,0,33.601,-0.863,0,0.0,0,0,1,1,0,1,0,1,0,0,0,12192.0,2,1,1,1,0,0,1,0,19.0,265.7,1,1,6001,1,6,1
36300,0.0,0.0,0,0,1,0,78.553,0.0,0,0,1,0,33.515,-0.863,0,0.0,0,0,1,1,0,1,0,1,0,0,0,12192.0,2,1,1,1,0,0,1,0,18.3,268.9,1,1,6001,1,6,1
36400,0.0,0.0,0,0,1,0,78.553,0.0,0,0,1,0,33.428,-0.863,0,0.0,0,0,1,1,0,1,0,1,0,0,0,12192.0,2,1,1,1,0,0,1,0,18.4,269.3,1,1,6001,1,6,1
36500,0.0,0.0,0,0,1,0,78.553,0.0,0,0,1,0,33.342,-0.863,0,0.0,0,0,1,1,0,1,0,1,0,0,0,12192.0,2,1,1,1,0,0,1,0,19.3,270.7,1,1,6001,1,6,1
36600,0.0,0.0,0,0,1,0,78.553,0.0,0,0,1,0,33.256,-0.863,0,0.0,0,0,1,1,0,1,0,1,0,0,0,12192.0,2,1,1,1,0,0,1,0,18.5,272.2,1,1,6001,1,6,1
36700,0.0,0.0,0,0,1,0,78.553,0.0,0,0,1,0,33.17,-0.863,0,0.0,0,0,1,1,0,1,0,1,0,0,0,12192.0,2,1,1,1,0,0,1,0,17.8,274.8,1,1,6001,1,6,1
36800,0.0,0.0,0,0,1,0,78.553,0.0,0,0,1,0,33.083,-0.863,0,0.0,0,0,1,1,0,1,0,1,0,0,0,12192.0,2,1,1,1,0,0,1,0,18.9,267.8,1,1,6001,1,6,1
36900,0.0,0.0,0,0,1,0,78.553,0.0,0,0,1,0,32.997,-0.863,0,0.0,0,0,1,1,0,1,0,1,0,0,0,12192.0,2,1,1,1,0,0,1,0,19.1,270.5,1,1,6001,1,6,1
37000,0.0,0.0,0,0,1,0,78.553,0.0,0,0,1,0,32.911,-0.863,0,0.0,0,0,1,1,0,1,0,1,0,0,0,12192.0,2,1,1,1,0,0,1,0,18.9,270.0,1,1,6001,1,6,1
37100,0.0,0.0,0,0,1,0,78.553,0.0,0,0,1,0,32.824,-0.863,0,0.0,0,0,1,1,0,1,0,1,0,0,0,12192.0,2,1,1,1,0,0,1,0,18.4,264.7,1,1,6001,1,6,1
37200,0.0,0.0,0,0,1,0,78.553,0.0,0,0,1,0,32.738,-0.863,0,0.0,0,0,1,1,0,1,0,1,0,0,0,12192.0,2,1,1,1,0,0,1,0,18.9,267.2,1,1,6001,1,6,1
37300,0.0,0.0,0,0,1,0,78.553,0.0,0,0,1,0,32.652,-0.863,0,0.0,0,0,1,1,0,1,0,1,0,0,0,12192.0,2,1,1,1,0,0,1,0,18.2,271.7,1,1,6001,1,6,1
37400,0.0,0.0,0,0,1,0,78.553,0.0,0,0,1,0,32.566,-0.863,0,0.0,0,0,1,1,0,1,0,1,0,0,0,12192.0,2,1,1,1,0,0,1,0,18.5,271.8,1,1,6001,1,6,1
37500,0.0,0.0,0,0,1,0,78.553,0.0,0,0,1,0,32.479,-0.863,0,0.0,0,0,1,1,0,1,0,1,0,0,0,12192.0,2,1,1,1,0,0,1,0,19.0,265.9,1,1,6001,1,6,1
37600,0.0,0.0,0,0,1,0,78.553,0.0,0,0,1,0,32.393,-0.863,0,0.0,0,0,1,1,0,1,0,1,0,0,0,12192.0,2,1,1,1,0,0,1,0,18.9,273.3,1,1,6001,1,6,1
37700,0.0,0.0,0,0,1,0,78.553,0.0,0,0,1,0,32.307,-0.863,0,0.0,0,0,1,1,0,1,0,1,0,0,0,12192.0,2,1,1,1,0,0,1,0,18.7,268.7,1,1,6001,1,6,1
37800,0.0,0.0,0,0,1,0,78.553,0.0,0,0,1,0,32.221,-0.863,0,0.0,0,0,1,1,0,1,0,1,0,0,0,12192.0,2,1,1,1,0,0,1,0,19.1,273.7,1,1,6001,1,6,1
37900,0.0,0.0,0,0,1,0,78.553,0.0,0,0,1,0,32.134,-0.863,0,0.0,0,0,1,1,0,1,0,1,0,0,0,12192.0,2,1,1,1,0,0,1,0,19.0,273.5,1,1,6001,1,6,1
38000,0.0,0.0,0,0,1,0,78.553,0.0,0,0,1,0,32.048,-0.863,0,0.0,0,0,1,1,0,1,0,1,0,0,0,12192.0,2,1,1,1,0,0,1,0,18.9,270.7,1,1,6001,1,6,1
38100,0.0,0.0,0,0,1,0,78.553,0.0,0,0,1,0,31.962,-0.863,0,0.0,0,0,1,1,0,1,0,1,0,0,0,12192.0,2,1,1,1,0,0,1,0,19.2,269.8,1,1,6001,1,6,1
38200,0.0,0.0,0,0,1,0,78.553,0.0,0,0,1,0,31.875,-0.863,0,0.0,0,0,1,1,0,1,0,1,0,0,0,12192.0,2,1,1,1,0,0,1,0,19.2,264.4,1,1,6001,1,6,1
38300,0.0,0.0,0,0,1,0,78.553,0.0,0,0,1,0,31.789,-0.863,0,0.0,0,0,1,1,0,1,0,1,0,0,0,12192.0,2,1,1,1,0,0,1,0,18.4,270.2,1,1,6001,1,6,1
38400,0.0,0.0,0,0,1,0,78.553,0.0,0,0,1,0,31.703,-0.863,0,0.0,0,0,1,1,0,1,0,1,0,0,0,12192.0,2,1,1,1,0,0,1,0,19.2,268.3,1,1,6001,1,6,1
38500,0.0,0.0,0,0,1,0,78.553,0.0,0,0,1,0,31.617,-0.863,0,0.0,0,0,1,1,0,1,0,1,0,0,0,12192.0,2,1,1,1,0,0,1,0,18.7,269.5,1,1,6001,1,6,1
38600,0.0,0.0,0,0,1,0,78.553,0.0,0,0,1,0,31.53,-0.863,0,0.0,0,0,1,1,0,1,0,1,0,0,0,12192.0,2,1,1,1,0,0,1,0,19.7,271.4,1,1,6001,1,6,1
38700,0.0,0.0,0,0,1,0,78.553,0.0,0,0,1,0,31.444,-0.863,0,0.0,0,0,1,1,0,1,0,1,0,0,0,12192.0,2,1,1,1,0,0,1,0,18.7,267.8,1,1,6001,1,6,1
38800,0.0,0.0,0,0,1,0,78.553,0.0,0,0,1,0,31.358,-0.863,0,0.0,0,0,1,1,0,1,0,1,0,0,0,12192.0,2,1,1,1,0,0,1,0,18.1,269.1,1,1,6001,1,6,1
38900,0.0,0.0,0,0,1,0,78.553,0.0,0,0,1,0,31.272,-0.863,0,0.0,0,0,1,1,0,1,0,1,0,0,0,12192.0,2,1,1,1,0,0,1,0,18.4,272.2,1,1,6001,1,6,1
39000,0.0,0.0,0,0,1,0,78.553,0.0,0,0,1,0,31.185,-0.863,0,0.0,0,0,1,1,0,1,0,1,0,0,0,12192.0,2,1,1,1,0,0,1,0,18.2,267.4,1,1,6001,1,6,1
39100,0.0,0.0,0,0,1,0,78.553,0.0,0,0,1,0,31.099,-0.863,0,0.0,0,0,1,1,0,1,0,1,0,0,0,12192.0,2,1,1,1,0,0,1,0,18.3,270.9,1,1,6001,1,6,1
39200,0.0,0.0,0,0,1,0,78.553,0.0,0,0,1,0,31.013,-0.863,0,0.0,0,0,1,1,0,1,0,1,0,0,0,12192.0,2,1,1,1,0,0,1,0,19.3,270.5,1,1,6001,1,6,1
39300,0.0,0.0,0,0,1,0,78.553,0.0,0,0,1,0,30.926,-0.863,0,0.0,0,0,1,1,0,1,0,1,0,0,0,12192.0,2,1,1,1,0,0,1,0,19.0,268.9,1,1,6001,1,6,1
39400,0.0,0.0,0,0,1,0,78.553,0.0,0,0,1,0,30.84,-0.863,0,0.0,0,0,1,1,0,1,0,1,0,0,0,12192.0,2,1,1,1,0,0,1,0,18.6,265.8,1,1,6001,1,6,1
39500,0.0,0.0,0,0,1,0,78.553,0.0,0,0,1,0,30.754,-0.863,0,0.0,0,0,1,1,0,1,0,1,0,0,0,12192.0,2,1,1,1,0,0,1,0,18.6,264.9,1,1,6001,1,6,1
39600,0.0,0.0,0,0,1,0,78.553,0.0,0,0,1,0,30.668,-0.863,0,0.0,0,0,1,1,0,1,0,1,0,0,0,12192.0,2,1,1,1,0,0,1,0,18.4,267.3,1,1,6001,1,6,1
39700,0.0,0.0,0,0,1,0,78.553,0.0,0,0,1,0,30.581,-0.863,0,0.0,0,0,1,1,0,1,0,1,0,0,0,12192.0,2,1,1,1,0,0,1,0,18.9,274.9,1,1,6001,1,6,1
39800,0.0,0.0,0,0,1,0,78.553,0.0,0,0,1,0,30.495,-0.863,0,0.0,0,0,1,1,0,1,0,1,0,0,0,12192.0,2,1,1,1,0,0,1,0,18.3,268.1,1,1,6001,1,6,1
39900,0.0,0.0,0,0,1,0,78.553,0.0,0,0,1,0,30.409,-0.863,0,0.0,0,0,1,1,0,1,0,1,0,0,0,12192.0,2,1,1,1,0,0,1,0,18.8,269.2,1,1,6001,1,6,1
40000,0.0,0.0,0,0,1,0,78.553,0.0,0,0,1,0,30.322,-0.863,0,0.0,0,0,1,1,0,1,0,1,0,0,0,12192.0,2,1,1,1,0,0,1,0,18.3,269.3,1,1,6001,1,6,1
40100,0.0,0.0,0,0,1,0,78.553,0.0,0,0,1,0,30.236,-0.863,0,0.0,0,0,1,1,0,1,0,1,0,0,0,12192.0,2,1,1,1,0,0,1,0,17.9,273.5,1,1,6001,1,6,1
40200,0.0,0.0,0,0,1,0,78.553,0.0,0,0,1,0,30.15,-0.863,0,0.0,0,0,1,1,0,1,0,1,0,0,0,12192.0,2,1,1,1,0,0,1,0,18.3,274.9,1,1,6001,1,6,1
40300,0.0,0.0,0,0,1,0,78.553,0.0,0,0,1,0,30.064,-0.863,0,0.0,0,0,1,1,0,1,0,1,0,0,0,12192.0,2,1,1,1,0,0,1,0,18.6,271.1,1,1,6001,1,6,1
40400,0.0,0.0,0,0,1,0,78.553,0.0,0,0,1,0,29.977,-0.863,0,0.0,0,0,1,1,0,1,0,1,0,0,0,12192.0,2,1,1,1,0,0,1,0,17.8,268.0,1,1,6001,1,6,1
40500,0.0,0.0,0,0,1,0,78.553,0.0,0,0,1,0,29.891,-0.863,0,0.0,0,0,1,1,0,1,0,1,0,0,0,12192.0,2,1,1,1,0,0,1,0,18.9,268.5,1,1,6001,1,6,1
40600,0.0,0.0,0,0,1,0,78.553,0.0,0,0,1,0,29.805,-0.863,0,0.0,0,0,1,1,0,1,0,1,0,0,0,12192.0,2,1,1,1,0,0,1,0,17.9,268.3,1,1,6001,1,6,1
40700,0.0,0.0,0,0,1,0,78.553,0.0,0,0,1,0,29.719,-0.863,0,0.0,0,0,1,1,0,1,0,1,0,0,0,12192.0,2,1,1,1,0,0,1,0,18.6,274.4,1,1,6001,1,6,1
40800,0.0,0.0,0,0,1,0,78.553,0.0,0,0,1,0,29.632,-0.863,0,0.0,0,0,1,1,0,1,0,1,0,0,0,12192.0,2,1,1,1,0,0,1,0,18.1,272.9,1,1,6001,1,6,1
40900,0.0,0.0,0,0,1,0,78.553,0.0,0,0,1,0,29.546,-0.863,0,0.0,0,0,1,1,0,1,0,1,0,0,0,12192.0,2,1,1,1,0,0,1,0,18.5,268.1,1,1,6001,1,6,1
41000,0.0,0.0,0,0,1,0,78.553,0.0,0,0,1,0,29.46,-0.863,0,0.0,0,0,1,1,0,1,0,1,0,0,0,12192.0,2,1,1,1,0,0,1,0,18.5,275.2,1,1,6001,1,6,1
41100,0.0,0.0,0,0,1,0,78.553,0.0,0,0,1,0,29.373,-0.863,0,0.0,0,0,1,1,0,1,0,1,0,0,0,12192.0,2,1,1,1,0,0,1,0,17.5,268.7,1,1,6001,1,6,1
41200,0.0,0.0,0,0,1,0,78.553,0.0,0,0,1,0,29.287,-0.863,0,0.0,0,0,1,1,0,1,0,1,0,0,0,12192.0,2,1,1,1,0,0,1,0,18.3,276.8,1,1,6001,1,6,1
41300,0.0,0.0,0,0,1,0,78.553,0.0,0,0,1,0,29.201,-0.863,0,0.0,0,0,1,1,0,1,0,1,0,0,0,12192.0,2,1,1,1,0,0,1,0,18.3,270.7,1,1,6001,1,6,1
41400,0.0,0.0,0,0,1,0,78.553,0.0,0,0,1,0,29.115,-0.863,0,0.0,0,0,1,1,0,1,0,1,0,0,0,12192.0,2,1,1,1,0,0,1,0,18.1,273.4,1,1,6001,1,6,1
41500,0.0,0.0,0,0,1,0,78.553,0.0,0,0,1,0,29.028,-0.863,0,0.0,0,0,1,1,0,1,0,1,0,0,0,12192.0,2,1,1,1,0,0,1,0,18.7,267.7,1,1,6001,1,6,1
41600,0.0,0.0,0,0,1,0,78.553,0.0,0,0,1,0,28.942,-0.863,0,0.0,0,0,1,1,0,1,0,1,0,0,0,12192.0,2,1,1,1,0,0,1,0,17.6,270.2,1,1,6001,1,6,1
41700,0.0,0.0,0,0,1,0,78.553,0.0,0,0,1,0,28.856,-0.863,0,0.0,0,0,1,1,0,1,0,1,0,0,0,12192.0,2,1,1,1,0,0,1,0,18.4,269.4,1,1,6001,1,6,1
41800,0.0,0.0,0,0,1,0,78.553,0.0,0,0,1,0,28.77,-0.863,0,0.0,0,0,1,1,0,1,0,1,0,0,0,12192.0,2,1,1,1,0,0,1,0,18.0,273.5,1,1,6001,1,6,1
41900,0.0,0.0,0,0,1,0,78.553,0.0,0,0,1,0,28.683,-0.863,0,0.0,0,0,1,1,0,1,0,1,0,0,0,12192.0,2,1,1,1,0,0,1,0,17.6,269.3,1,1,6001,1,6,1
42000,0.0,0.0,0,0,1,0,78.553,0.0,0,0,1,0,28.597,-0.863,0,0.0,0,0,1,1,0,1,0,1,0,0,0,12192.0,2,1,1,1,0,0,1,0,18.0,267.9,1,1,6001,1,6,1
42100,0.0,0.0,0,0,1,0,78.553,0.0,0,0,1,0,28.511,-0.863,0,0.0,0,0,1,1,0,1,0,1,0,0,0,12192.0,2,1,1,1,0,0,1,0,18.1,266.5,1,1,6001,1,6,1
42200,0.0,0.0,0,0,1,0,78.553,0.0,0,0,1,0,28.424,-0.863,0,0.0,0,0,1,1,0,1,0,1,0,0,0,12192.0,2,1,1,1,0,0,1,0,16.9,275.3,1,1,6001,1,6,1
42300,0.0,0.0,0,0,1,0,78.553,0.0,0,0,1,0,28.338,-0.863,0,0.0,0,0,1,1,0,1,0,1,0,0,0,12192.0,2,1,1,1,0,0,1,0,17.8,264.4,1,1,6001,1,6,1
42400,0.0,0.0,0,0,1,0,78.553,0.0,0,0,1,0,28.252,-0.863,0,0.0,0,0,1,1,0,1,0,1,0,0,0,12192.0,2,1,1,1,0,0,1,0,17.1,268.8,1,1,6001,1,6,1
42500,0.0,0.0,0,0,1,0,78.553,0.0,0,0,1,0,28.166,-0.863,0,0.0,0,0,1,1,0,1,0,1,0,0,0,12192.0,2,1,1,1,0,0,1,0,17.6,267.4,1,1,6001,1,6,1
42600,0.0,0.0,0,0,1,0,78.553,0.0,0,0,1,0,28.079,-0.863,0,0.0,0,0,1,1,0,1,0,1,0,0,0,12192.0,2,1,1,1,0,0,1,0,17.4,269.3,1,1,6001,1,6,1
42700,0.0,0.0,0,0,1,0,78.553,0.0,0,0,1,0,27.993,-0.863,0,0.0,0,0,1,1,0,1,0,1,0,0,0,12192.0,2,1,1,1,0,0,1,0,17.7,268.5,1,1,6001,1,6,1
42800,0.0,0.0,0,0,1,0,78.553,0.0,0,0,1,0,27.907,-0.863,0,0.0,0,0,1,1,0,1,0,1,0,0,0,12192.0,2,1,1,1,0,0,1,0,17.7,266.1,1,1,6001,1,6,1
42900,0.0,0.0,0,0,1,0,78.553,0.0,0,0,1,0,27.821,-0.863,0,0.0,0,0,1,1,0,1,0,1,0,0,0,12192.0,2,1,1,1,0,0,1,0,17.7,266.5,1,1,6001,1,6,1
43000,0.0,0.0,0,0,1,0,78.553,0.0,0,0,1,0,27.734,-0.863,0,0.0,0,0,1,1,0,1,0,1,0,0,0,12192.0,2,1,1,1,0,0,1,0,18.2,270.3,1,1,6001,1,6,1
43100,0.0,0.0,0,0,1,0,78.553,0.0,0,0,1,0,27.648,-0.863,0,0.0,0,0,1,1,0,1,0,1,0,0,0,12192.0,2,1,1,1,0,0,1,0,18.3,267.3,1,1,6001,1,6,1
43200,0.0,0.0,0,0,1,0,78.553,0.0,0,0,1,0,27.562,-0.863,0,0.0,0,0,1,1,0,1,0,1,0,0,0,12192.0,2,1,1,1,0,0,1,0,17.7,272.5,1,1,6001,1,6,1
43300,0.0,0.0,0,0,1,0,78.553,0.0,0,0,1,0,27.475,-0.863,0,0.0,0,0,1,1,0,1,0,1,0,0,0,12192.0,2,1,1,1,0,0,1,0,17.4,273.3,1,1,6001,1,6,1
43400,0.0,0.0,0,0,1,0,78.553,0.0,0,0,1,0,27.389,-0.863,0,0.0,0,0,1,1,0,1,0,1,0,0,0,12192.0,2,1,1,1,0,0,1,0,18.0,270.8,1,1,6001,1,6,1
43500,0.0,0.0,0,0,1,0,78.553,0.0,0,0,1,0,27.303,-0.863,0,0.0,0,0,1,1,0,1,0,1,0,0,0,12192.0,2,1,1,1,0,0,1,0,17.6,273.0,1,1,6001,1,6,1
43600,0.0,0.0,0,0,1,0,78.553,0.0,0,0,1,0,27.217,-0.863,0,0.0,0,0,1,1,0,1,0,1,0,0,0,12192.0,2,1,1,1,0,0,1,0,18.0,268.5,1,1,6001,1,6,1
43700,0.0,0.0,0,0,1,0,78.553,0.0,0,0,1,0,27.13,-0.863,0,0.0,0,0,1,1,0,1,0,1,0,0,0,12192.0,2,1,1,1,0,0,1,0,17.6,270.1,1,1,6001,1,6,1
43800,0.0,0.0,0,0,1,0,78.553,0.0,0,0,1,0,27.044,-0.863,0,0.0,0,0,1,1,0,1,0,1,0,0,0,12192.0,2,1,1,1,0,0,1,0,18.5,273.6,1,1,6001,1,6,1
43900,0.0,0.0,0,0,1,0,78.553,0.0,0,0,1,0,26.958,-0.863,0,0.0,0,0,1,1,0,1,0,1,0,0,0,12192.0,2,1,1,1,0,0,1,0,18.4,269.7,1,1,6001,1,6,1
44000,0.0,0.0,0,0,1,0,78.553,0.0,0,0,1,0,26.871,-0.863,0,0.0,0,0,1,1,0,1,0,1,0,0,0,12192.0,2,1,1,1,0,0,1,0,17.7,269.0,1,1,6001,1,6,1
44100,0.0,0.0,0,0,1,0,78.553,0.0,0,0,1,0,26.785,-0.863,0,0.0,0,0,1,1,0,1,0,1,0,0,0,12192.0,2,1,1,1,0,0,1,0,18.5,271.3,1,1,6001,1,6,1
44200,0.0,0.0,0,0,1,0,78.553,0.0,0,0,1,0,26.699,-0.863,0,0.0,0,0,1,1,0,1,0,1,0,0,0,12192.0,2,1,1,1,0,0,1,0,17.9,271.0,1,1,6001,1,6,1
44300,0.0,0.0,0,0,1,0,78.553,0.0,0,0,1,0,26.613,-0.863,0,0.0,0,0,1,1,0,1,0,1,0,0,0,12192.0,2,1,1,1,0,0,1,0,17.4,267.3,1,1,6001,1,6,1
44400,0.0,0.0,0,0,1,0,78.553,0.0,0,0,1,0,26.526,-0.863,0,0.0,0,0,1,1,0,1,0,1,0,0,0,12192.0,2,1,1,1,0,0,1,0,18.8,269.5,1,1,6001,1,6,1
44500,0.0,0.0,0,0,1,0,78.553,0.0,0,0,1,0,26.44,-0.863,0,0.0,0,0,1,1,0,1,0,1,0,0,0,12192.0,2,1,1,1,0,0,1,0,17.9,270.3,1,1,6001,1,6,1
44600,0.0,0.0,0,0,1,0,78.553,0.0,0,0,1,0,26.354,-0.863,0,0.0,0,0,1,1,0,1,0,1,0,0,0,12192.0,2,1,1,1,0,0,1,0,19.0,272.1,1,1,6001,1,6,1
44700,0.0,0.0,0,0,1,0,78.553,0.0,0,0,1,0,26.268,-0.863,0,0.0,0,0,1,1,0,1,0,1,0,0,0,12192.0,2,1,1,1,0,0,1,0,18.3,267.6,1,1,6001,1,6,1
44800,0.0,0.0,0,0,1,0,78.553,0.0,0,0,1,0,26.181,-0.863,0,0.0,0,0,1,1,0,1,0,1,0,0,0,12192.0,2,1,1,1,0,0,1,0,18.5,272.0,1,1,6001,1,6,1
44900,0.0,0.0,0,0,1,0,78.553,0.0,0,0,1,0,26.095,-0.863,0,0.0,0,0,1,1,0,1,0,1,0,0,0,12192.0,2,1,1,1,0,0,1,0,18.5,271.2,1,1,6001,1,6,1
45000,0.0,0.0,0,0,1,0,78.553,0.0,0,0,1,0,26.009,-0.863,0,0.0,0,0,1,1,0,1,0,1,0,0,0,12192.0,2,1,1,1,0,0,1,0,18.0,268.6,1,1,6001,1,6,1
45100,0.0,0.0,0,0,1,0,78.553,0.0,0,0,1,0,25.922,-0.863,0,0.0,0,0,1,1,0,1,0,1,0,0,0,12192.0,2,1,1,1,0,0,1,0,18.4,266.5,1,1,6001,1,6,1
45200,0.0,0.0,0,0,1,0,78.553,0.0,0,0,1,0,25.836,-0.863,0,0.0,0,0,1,1,0,1,0,1,0,0,0,12192.0,2,1,1,1,0,0,1,0,18.2,269.7,1,1,6001,1,6,1
45300,0.0,0.0,0,0,1,0,78.553,0.0,0,0,1,0,25.75,-0.863,0,0.0,0,0,1,1,0,1,0,1,0,0,0,12192.0,2,1,1,1,0,0,1,0,17.9,268.9,1,1,6001,1,6,1
45400,0.0,0.0,0,0,1,0,78.553,0.0,0,0,1,0,25.664,-0.863,0,0.0,0,0,1,1,0,1,0,1,0,0,0,12192.0,2,1,1,1,0,0,1,0,17.8,268.0,1,1,6001,1,6,1
45500,0.0,0.0,0,0,1,0,78.553,0.0,0,0,1,0,25.577,-0.863,0,0.0,0,0,1,1,0,1,0,1,0,0,0,12192.0,2,1,1,1,0,0,1,0,18.2,272.5,1,1,6001,1,6,1
45600,0.0,0.0,0,0,1,0,78.553,0.0,0,0,1,0,25.491,-0.863,0,0.0,0,0,1,1,0,1,0,1,0,0,0,12192.0,2,1,1,1,0,0,1,0,18.2,265.7,1,1,6001,1,6,1
45700,0.0,0.0,0,0,1,0,78.553,0.0,0,0,1,0,25.405,-0.863,0,0.0,0,0,1,1,0,1,0,1,0,0,0,12192.0,2,1,1,1,0,0,1,0,18.9,269.8,1,1,6001,1,6,1
45800,0.0,0.0,0,0,1,0,78.553,0.0,0,0,1,0,25.319,-0.863,0,0.0,0,0,1,1,0,1,0,1,0,0,0,12192.0,2,1,1,1,0,0,1,0,18.7,270.8,1,1,6001,1,6,1
45900,0.0,0.0,0,0,1,0,78.553,0.0,0,0,1,0,25.232,-0.863,0,0.0,0,0,1,1,0,1,0,1,0,0,0,12192.0,2,1,1,1,0,0,1,0,17.6,269.9,1,1,6001,1,6,1
46000,0.0,0.0,0,0,1,0,78.553,0.0,0,0,1,0,25.146,-0.863,0,0.0,0,0,1,1,0,1,0,1,0,0,0,12192.0,2,1,1,1,0,0,1,0,18.7,271.0,1,1,6001,1,6,1
46100,0.0,0.0,0,0,1,0,78.553,0.0,0,0,1,0,25.06,-0.863,0,0.0,0,0,1,1,0,1,0,1,0,0,0,12192.0,2,1,1,1,0,0,1,0,19.1,269.9,1,1,6001,1,6,1
46200,0.0,0.0,0,0,1,0,78.553,0.0,0,0,1,0,24.973,-0.863,0,0.0,0,0,1,1,0,1,0,1,0,0,0,12192.0,2,1,1,1,0,0,1,0,18.8,275.3,1,1,6001,1,6,1
46300,0.0,0.0,0,0,1,0,78.553,0.0,0,0,1,0,24.887,-0.863,0,0.0,0,0,1,1,0,1,0,1,0,0,0,12192.0,2,1,1,1,0,0,1,0,19.6,268.0,1,1,6001,1,6,1
46400,0.0,0.0,0,0,1,0,78.553,0.0,0,0,1,0,24.801,-0.863,0,0.0,0,0,1,1,0,1,0,1,0,0,0,12192.0,2,1,1,1,0,0,1,0,18.1,270.1,1,1,6001,1,6,1
46500,0.0,0.0,0,0,1,0,78.553,0.0,0,0,1,0,24.715,-0.863,0,0.0,0,0,1,1,0,1,0,1,0,0,0,12192.0,2,1,1,1,0,0,1,0,19.2,272.0,1,1,6001,1,6,1
46600,0.0,0.0,0,0,1,0,78.553,0.0,0,0,1,0,24.628,-0.863,0,0.0,0,0,1,1,0,1,0,1,0,0,0,12192.0,2,1,1,1,0,0,1,0,19.3,265.2,1,1,6001,1,6,1
46700,0.0,0.0,0,0,1,0,78.553,0.0,0,0,1,0,24.542,-0.863,0,0.0,0,0,1,1,0,1,0,1,0,0,0,12192.0,2,1,1,1,0,0,1,0,18.2,270.2,1,1,6001,1,6,1
46800,0.0,0.0,0,0,1,0,78.553,0.0,0,0,1,0,24.456,-0.863,0,0.0,0,0,1,1,0,1,0,1,0,0,0,12192.0,2,1,1,1,0,0,1,0,19.4,271.3,1,1,6001,1,6,1
46900,0.0,0.0,0,0,1,0,78.553,0.0,0,0,1,0,24.369,-0.863,0,0.0,0,0,1,1,0,1,0,1,0,0,0,12192.0,2,1,1,1,0,0,1,0,19.4,267.1,1,1,6001,1,6,1
47000,0.0,0.0,0,0,1,0,78.553,0.0,0,0,1,0,24.283,-0.863,0,0.0,0,0,1,1,0,1,0,1,0,0,0,12192.0,2,1,1,1,0,0,1,0,18.9,269.5,1,1,6001,1,6,1
47100,0.0,0.0,0,0,1,0,78.553,0.0,0,0,1,0,24.197,-0.863,0,0.0,0,0,1,1,0,1,0,1,0,0,0,12192.0,2,1,1,1,0,0,1,0,18.8,270.6,1,1,6001,1,6,1
47200,0.0,0.0,0,0,1,0,78.553,0.0,0,0,1,0,24.111,-0.863,0,0.0,0,0,1,1,0,1,0,1,0,0,0,12192.0,2,1,1,1,0,0,1,0,18.5,272.4,1,1,6001,1,6,1
47300,0.0,0.0,0,0,1,0,78.553,0.0,0,0,1,0,24.024,-0.863,0,0.0,0,0,1,1,0,1,0,1,0,0,0,12192.0,2,1,1,1,0,0,1,0,19.5,273.0,1,1,6001,1,6,1
47400,0.0,0.0,0,0,1,0,78.553,0.0,0,0,1,0,23.938,-0.863,0,0.0,0,0,1,1,0,1,0,1,0,0,0,12192.0,2,1,1,1,0,0,1,0,18.8,268.2,1,1,6001,1,6,1
47500,0.0,0.0,0,0,1,0,78.553,0.0,0,0,1,0,23.852,-0.863,0,0.0,0,0,1,1,0,1,0,1,0,0,0,12192.0,2,1,1,1,0,0,1,0,18.7,267.7,1,1,6001,1,6,1
47600,0.0,0.0,0,0,1,0,78.553,0.0,0,0,1,0,23.766,-0.863,0,0.0,0,0,1,1,0,1,0,1,0,0,0,12192.0,2,1,1,1,0,0,1,0,18.3,272.2,1,1,6001,1,6,1
47700,0.0,0.0,0,0,1,0,78.553,0.0,0,0,1,0,23.679,-0.863,0,0.0,0,0,1,1,0,1,0,1,0,0,0,12192.0,2,1,1,1,0,0,1,0,19.6,269.9,1,1,6001,1,6,1
47800,0.0,0.0,0,0,1,0,78.553,0.0,0,0,1,0,23.593,-0.863,0,0.0,0,0,1,1,0,1,0,1,0,0,0,12192.0,2,1,1,1,0,0,1,0,18.3,270.2,1,1,6001,1,6,1
47900,0.0,0.0,0,0,1,0,78.553,0.0,0,0,1,0,23.507,-0.863,0,0.0,0,0,1,1,0,1,0,1,0,0,0,12192.0,2,1,1,1,0,0,1,0,18.8,270.7,1,1,6001,1,6,1
48000,0.0,0.0,0,0,1,0,78.553,0.0,0,0,1,0,23.42,-0.863,0,0.0,0,0,1,1,0,1,0,1,0,0,0,12192.0,2,1,1,1,0,0,1,0,19.1,271.7,1,1,6001,1,6,1
48100,0.0,0.0,0,0,1,0,78.553,0.0,0,0,1,0,23.334,-0.863,0,0.0,0,0,1,1,0,1,0,1,0,0,0,12192.0,2,1,1,1,0,0,1,0,18.2,269.9,1,1,6001,1,6,1
48200,0.0,0.0,0,0,1,0,78.553,0.0,0,0,1,0,23.248,-0.863,0,0.0,0,0,1,1,0,1,0,1,0,0,0,12192.0,2,1,1,1,0,0,1,0,18.6,270.3,1,1,6001,1,6,1
48300,0.0,0.0,0,0,1,0,78.553,0.0,0,0,1,0,23.162,-0.863,0,0.0,0,0,1,1,0,1,0,1,0,0,0,12192.0,2,1,1,1,0,0,1,0,18.5,272.3,1,1,6001,1,6,1
48400,0.0,0.0,0,0,1,0,78.553,0.0,0,0,1,0,23.075,-0.863,0,0.0,0,0,1,1,0,1,0,1,0,0,0,12192.0,2,1,1,1,0,0,1,0,18.9,267.8,1,1,6001,1,6,1
48500,0.0,0.0,0,0,1,0,78.553,0.0,0,0,1,0,22.989,-0.863,0,0.0,0,0,1,1,0,1,0,1,0,0,0,12192.0,2,1,1,1,0,0,1,0,18.9,268.9,1,1,6001,1,6,1
48600,0.0,0.0,0,0,1,0,78.553,0.0,0,0,1,0,22.903,-0.863,0,0.0,0,0,1,1,0,1,0,1,0,0,0,12192.0,2,1,1,1,0,0,1,0,18.3,270.3,1,1,6001,1,6,1
48700,0.0,0.0,0,0,1,0,78.553,0.0,0,0,1,0,22.817,-0.863,0,0.0,0,0,1,1,0,1,0,1,0,0,0,12192.0,2,1,1,1,0,0,1,0,19.1,274.2,1,1,6001,1,6,1
48800,0.0,0.0,0,0,1,0,78.553,0.0,0,0,1,0,22.73,-0.863,0,0.0,0,0,1,1,0,1,0,1,0,0,0,12192.0,2,1,1,1,0,0,1,0,18.7,271.7,1,1,6001,1,6,1
48900,0.0,0.0,0,0,1,0,78.553,0.0,0,0,1,0,22.644,-0.863,0,0.0,0,0,1,1,0,1,0,1,0,0,0,12192.0,2,1,1,1,0,0,1,0,19.0,270.3,1,1,6001,1,6,1
49000,0.0,0.0,0,0,1,0,78.553,0.0,0,0,1,0,22.558,-0.863,0,0.0,0,0,1,1,0,1,0,1,0,0,0,12192.0,2,1,1,1,0,0,1,0,18.6,267.6,1,1,6001,1,6,1
49100,0.0,0.0,0,0,1,0,78.553,0.0,0,0,1,0,22.471,-0.863,0,0.0,0,0,1,1,0,1,0,1,0,0,0,12192.0,2,1,1,1,0,0,1,0,18.9,271.7,1,1,6001,1,6,1
49200,0.0,0.0,0,0,1,0,78.553,0.0,0,0,1,0,22.385,-0.863,0,0.0,0,0,1,1,0,1,0,1,0,0,0,12192.0,2,1,1,1,0,0,1,0,18.6,268.2,1,1,6001,1,6,1
49300,0.0,0.0,0,0,1,0,78.553,0.0,0,0,1,0,22.299,-0.863,0,0.0,0,0,1,1,0,1,0,1,0,0,0,12192.0,2,1,1,1,0,0,1,0,18.4,267.1,1,1,6001,1,6,1
49400,0.0,0.0,0,0,1,0,78.553,0.0,0,0,1,0,22.213,-0.863,0,0.0,0,0,1,1,0,1,0,1,0,0,0,12192.0,2,1,1,1,0,0,1,0,19.0,272.8,1,1,6001,1,6,1
49500,0.0,0.0,0,0,1,0,78.553,0.0,0,0,1,0,22.126,-0.863,0,0.0,0,0,1,1,0,1,0,1,0,0,0,12192.0,2,1,1,1,0,0,1,0,17.2,266.3,1,1,6001,1,6,1
49600,0.0,0.0,0,0,1,0,78.553,0.0,0,0,1,0,22.04,-0.863,0,0.0,0,0,1,1,0,1,0,1,0,0,0,12192.0,2,1,1,1,0,0,1,0,18.5,271.6,1,1,6001,1,6,1
49700,0.0,0.0,0,0,1,0,78.553,0.0,0,0,1,0,21.954,-0.863,0,0.0,0,0,1,1,0,1,0,1,0,0,0,12192.0,2,1,1,1,0,0,1,0,17.6,267.1,1,1,6001,1,6,1
49800,0.0,0.0,0,0,1,0,78.553,0.0,0,0,1,0,21.867,-0.863,0,0.0,0,0,1,1,0,1,0,1,0,0,0,12192.0,2,1,1,1,0,0,1,0,17.9,268.0,1,1,6001,1,6,1
49900,0.0,0.0,0,0,1,0,78.553,0.0,0,0,1,0,21.781,-0.863,0,0.0,0,0,1,1,0,1,0,1,0,0,0,12192.0,2,1,1,1,0,0,1,0,18.4,269.9,1,1,6001,1,6,1
50000,0.0,0.0,0,0,1,0,78.553,0.0,0,0,1,0,21.695,-0.863,0,0.0,0,0,1,1,0,1,0,1,0,0,0,12192.0,2,1,1,1,0,0,1,0,18.5,271.6,1,1,6001,1,6,1
50100,0.0,0.0,0,0,1,0,78.553,0.0,0,0,1,0,21.609,-0.863,0,0.0,0,0,1,1,0,1,0,1,0,0,0,12192.0,2,1,1,1,0,0,1,0,17.7,269.8,1,1,6001,1,6,1
50200,0.0,0.0,0,0,1,0,78.553,0.0,0,0,1,0,21.522,-0.863,0,0.0,0,0,1,1,0,1,0,1,0,0,0,12192.0,2,1,1,1,0,0,1,0,18.3,269.0,1,1,6001,1,6,1
50300,0.0,0.0,0,0,1,0,78.553,0.0,0,0,1,0,21.436,-0.863,0,0.0,0,0,1,1,0,1,0,1,0,0,0,12192.0,2,1,1,1,0,0,1,0,18.4,272.1,1,1,6001,1,6,1
50400,0.0,0.0,0,0,1,0,78.553,0.0,0,0,1,0,21.35,-0.863,0,0.0,0,0,1,1,0,1,0,1,0,0,0,12192.0,2,1,1,1,0,0,1,0,17.6,272.6,1,1,6001,1,6,1
50500,0.0,0.0,0,0,1,0,78.553,0.0,0,0,1,0,21.264,-0.863,0,0.0,0,0,1,1,0,1,0,1,0,0,0,12192.0,2,1,1,1,0,0,1,0,18.2,270.2,1,1,6001,1,6,1
50600,0.0,0.0,0,0,1,0,78.553,0.0,0,0,1,0,21.177,-0.863,0,0.0,0,0,1,1,0,1,0,1,0,0,0,12192.0,2,1,1,1,0,0,1,0,17.7,272.0,1,1,6001,1,6,1
50700,0.0,0.0,0,0,1,0,78.553,0.0,0,0,1,0,21.091,-0.863,0,0.0,0,0,1,1,0,1,0,1,0,0,0,12192.0,2,1,1,1,0,0,1,0,17.2,265.2,1,1,6001,1,6,1
50800,0.0,0.0,0,0,1,0,78.553,0.0,0,0,1,0,21.005,-0.863,0,0.0,0,0,1,1,0,1,0,1,0,0,0,12192.0,2,1,1,1,0,0,1,0,16.8,265.7,1,1,6001,1,6,1
50900,0.0,0.0,0,0,1,0,78.553,0.0,0,0,1,0,20.918,-0.863,0,0.0,0,0,1,1,0,1,0,1,0,0,0,12192.0,2,1,1,1,0,0,1,0,18.2,271.4,1,1,6001,1,6,1
51000,0.0,0.0,0,0,1,0,78.553,0.0,0,0,1,0,20.832,-0.863,0,0.0,0,0,1,1,0,1,0,1,0,0,0,12192.0,2,1,1,1,0,0,1,0,17.2,273.7,1,1,6001,1,6,1
51100,0.0,0.0,0,0,1,0,78.553,0.0,0,0,1,0,20.746,-0.863,0,0.0,0,0,1,1,0,1,0,1,0,0,0,12192.0,2,1,1,1,0,0,1,0,17.4,269.0,1,1,6001,1,6,1
51200,0.0,0.0,0,0,1,0,78.553,0.0,0,0,1,0,20.66,-0.863,0,0.0,0,0,1,1,0,1,0,1,0,0,0,12192.0,2,1,1,1,0,0,1,0,17.2,268.7,1,1,6001,1,6,1
51300,0.0,0.0,0,0,1,0,78.553,0.0,0,0,1,0,20.573,-0.863,0,0.0,0,0,1,1,0,1,0,1,0,0,0,12192.0,2,1,1,1,0,0,1,0,17.9,272.3,1,1,6001,1,6,1
51400,0.0,0.0,0,0,1,0,78.553,0.0,0,0,1,0,20.487,-0.863,0,0.0,0,0,1,1,0,1,0,1,0,0,0,12192.0,2,1,1,1,0,0,1,0,17.0,272.9,1,1,6001,1,6,1
51500,0.0,0.0,0,0,1,0,78.553,0.0,0,0,1,0,20.401,-0.863,0,0.0,0,0,1,1,0,1,0,1,0,0,0,12192.0,2,1,1,1,0,0,1,0,17.7,272.0,1,1,6001,1,6,1
51600,0.0,0.0,0,0,1,0,78.553,0.0,0,0,1,0,20.315,-0.863,0,0.0,0,0,1,1,0,1,0,1,0,0,0,12192.0,2,1,1,1,0,0,1,0,18.3,273.1,1,1,6001,1,6,1
51700,0.0,0.0,0,0,1,0,78.553,0.0,0,0,1,0,20.228,-0.863,0,0.0,0,0,1,1,0,1,0,1,0,0,0,12192.0,2,1,1,1,0,0,1,0,17.6,269.4,1,1,6001,1,6,1
51800,0.0,0.0,0,0,1,0,78.553,0.0,0,0,1,0,20.142,-0.863,0,0.0,0,0,1,1,0,1,0,1,0,0,0,12192.0,2,1,1,1,0,0,1,0,17.8,271.4,1,1,6001,1,6,1
51900,0.0,0.0,0,0,1,0,78.553,0.0,0,0,1,0,20.056,-0.863,0,0.0,0,0,1,1,0,1,0,1,0,0,0,12192.0,2,1,1,1,0,0,1,0,17.9,267.6,1,1,6001,1,6,1
52000,0.0,0.0,0,0,1,0,78.553,0.0,0,0,1,0,19.969,-0.863,0,0.0,0,0,1,1,0,1,0,1,0,0,0,12192.0,2,1,1,1,0,0,1,0,17.4,268.2,1,1,6001,1,6,1
52100,0.0,0.0,0,0,1,0,78.553,0.0,0,0,1,0,19.883,-0.863,0,0.0,0,0,1,1,0,1,0,1,0,0,0,12192.0,2,1,1,1,0,0,1,0,17.7,272.5,1,1,6001,1,6,1
52200,0.0,0.0,0,0,1,0,78.553,0.0,0,0,1,0,19.797,-0.863,0,0.0,0,0,1,1,0,1,0,1,0,0,0,12192.0,2,1,1,1,0,0,1,0,18.0,266.7,1,1,6001,1,6,1
52300,0.0,0.0,0,0,1,0,78.553,0.0,0,0,1,0,19.711,-0.863,0,0.0,0,0,1,1,0,1,0,1,0,0,0,12192.0,2,1,1,1,0,0,1,0,17.9,269.1,1,1,6001,1,6,1
52400,0.0,0.0,0,0,1,0,78.553,0.0,0,0,1,0,19.624,-0.863,0,0.0,0,0,1,1,0,1,0,1,0,0,0,12192.0,2,1,1,1,0,0,1,0,17.6,272.3,1,1,6001,1,6,1
52500,0.0,0.0,0,0,1,0,78.553,0.0,0,0,1,0,19.538,-0.863,0,0.0,0,0,1,1,0,1,0,1,0,0,0,12192.0,2,1,1,1,0,0,1,0,17.9,268.5,1,1,6001,1,6,1
52600,0.0,0.0,0,0,1,0,78.553,0.0,0,0,1,0,19.452,-0.863,0,0.0,0,0,1,1,0,1,0,1,0,0,0,12192.0,2,1,1,1,0,0,1,0,18.7,268.7,1,1,6001,1,6,1
52700,0.0,0.0,0,0,1,0,78.553,0.0,0,0,1,0,19.365,-0.863,0,0.0,0,0,1,1,0,1,0,1,0,0,0,12192.0,2,1,1,1,0,0,1,0,17.8,265.3,1,1,6001,1,6,1
52800,0.0,0.0,0,0,1,0,78.553,0.0,0,0,1,0,19.279,-0.863,0,0.0,0,0,1,1,0,1,0,1,0,0,0,12192.0,2,1,1,1,0,0,1,0,17.4,265.2,1,1,6001,1,6,1
52900,0.0,0.0,0,0,1,0,78.553,0.0,0,0,1,0,19.193,-0.863,0,0.0,0,0,1,1,0,1,0,1,0,0,0,12192.0,2,1,1,1,0,0,1,0,17.4,276.4,1,1,6001,1,6,1
53000,0.0,0.0,0,0,1,0,78.553,0.0,0,0,1,0,19.107,-0.863,0,0.0,0,0,1,1,0,1,0,1,0,0,0,12192.0,2,1,1,1,0,0,1,0,18.3,270.2,1,1,6001,1,6,1
53100,0.0,0.0,0,0,1,0,78.553,0.0,0,0,1,0,19.02,-0.863,0,0.0,0,0,1,1,0,1,0,1,0,0,0,12192.0,2,1,1,1,0,0,1,0,17.9,269.2,1,1,6001,1,6,1
53200,0.0,0.0,0,0,1,0,78.553,0.0,0,0,1,0,18.934,-0.863,0,0.0,0,0,1,1,0,1,0,1,0,0,0,12192.0,2,1,1,1,0,0,1,0,18.3,268.6,1,1,6001,1,6,1
53300,0.0,0.0,0,0,1,0,78.553,0.0,0,0,1,0,18.848,-0.863,0,0.0,0,0,1,1,0,1,0,1,0,0,0,12192.0,2,1,1,1,0,0,1,0,18.5,267.2,1,1,6001,1,6,1
53400,0.0,0.0,0,0,1,0,78.553,0.0,0,0,1,0,18.762,-0.863,0,0.0,0,0,1,1,0,1,0,1,0,0,0,12192.0,2,1,1,1,0,0,1,0,17.8,268.7,1,1,6001,1,6,1
53500,0.0,0.0,0,0,1,0,78.553,0.0,0,0,1,0,18.675,-0.863,0,0.0,0,0,1,1,0,1,0,1,0,0,0,12192.0,2,1,1,1,0,0,1,0,18.6,273.9,1,1,6001,1,6,1
53600,0.0,0.0,0,0,1,0,78.553,0.0,0,0,1,0,18.589,-0.863,0,0.0,0,0,1,1,0,1,0,1,0,0,0,12192.0,2,1,1,1,0,0,1,0,19.5,271.5,1,1,6001,1,6,1
53700,0.0,0.0,0,0,1,0,78.553,0.0,0,0,1,0,18.503,-0.863,0,0.0,0,0,1,1,0,1,0,1,0,0,0,12192.0,2,1,1,1,0,0,1,0,17.4,273.0,1,1,6001,1,6,1
53800,0.0,0.0,0,0,1,0,78.553,0.0,0,0,1,0,18.416,-0.863,0,0.0,0,0,1,1,0,1,0,1,0,0,0,12192.0,2,1,1,1,0,0,1,0,18.6,270.5,1,1,6001,1,6,1
53900,0.0,0.0,0,0,1,0,78.553,0.0,0,0,1,0,18.33,-0.863,0,0.0,0,0,1,1,0,1,0,1,0,0,0,12192.0,2,1,1,1,0,0,1,0,17.7,269.8,1,1,6001,1,6,1
54000,0.0,0.0,0,0,1,0,78.553,0.0,0,0,1,0,18.244,-0.863,0,0.0,0,0,1,1,0,1,0,1,0,0,0,12192.0,2,1,1,1,0,0,1,0,17.9,268.4,1,1,6001,1,6,1
54100,0.0,0.0,0,0,1,0,78.553,0.0,0,0,1,0,18.158,-0.863,0,0.0,0,0,1,1,0,1,0,1,0,0,0,12192.0,2,1,1,1,0,0,1,0,17.7,268.0,1,1,6001,1,6,1
54200,0.0,0.0,0,0,1,0,78.553,0.0,0,0,1,0,18.071,-0.863,0,0.0,0,0,1,1,0,1,0,1,0,0,0,12192.0,2,1,1,1,0,0,1,0,18.7,271.7,1,1,6001,1,6,1
54300,0.0,0.0,0,0,1,0,78.553,0.0,0,0,1,0,17.985,-0.863,0,0.0,0,0,1,1,0,1,0,1,0,0,0,12192.0,2,1,1,1,0,0,1,0,17.6,271.3,1,1,6001,1,6,1
54400,0.0,0.0,0,0,1,0,78.553,0.0,0,0,1,0,17.899,-0.863,0,0.0,0,0,1,1,0,1,0,1,0,0,0,12192.0,2,1,1,1,0,0,1,0,18.2,271.4,1,1,6001,1,6,1
54500,0.0,0.0,0,0,1,0,78.553,0.0,0,0,1,0,17.813,-0.863,0,0.0,0,0,1,1,0,1,0,1,0,0,0,12192.0,2,1,1,1,0,0,1,0,19.0,269.1,1,1,6001,1,6,1
54600,0.0,0.0,0,0,1,0,78.553,0.0,0,0,1,0,17.726,-0.863,0,0.0,0,0,1,1,0,1,0,1,0,0,0,12192.0,2,1,1,1,0,0,1,0,18.9,268.6,1,1,6001,1,6,1
54700,0.0,0.0,0,0,1,0,78.553,0.0,0,0,1,0,17.64,-0.863,0,0.0,0,0,1,1,0,1,0,1,0,0,0,12192.0,2,1,1,1,0,0,1,0,18.0,272.0,1,1,6001,1,6,1
54800,0.0,0.0,0,0,1,0,78.553,0.0,0,0,1,0,17.554,-0.863,0,0.0,0,0,1,1,0,1,0,1,0,0,0,12192.0,2,1,1,1,0,0,1,0,18.3,274.0,1,1,6001,1,6,1
54900,0.0,0.0,0,0,1,0,78.553,0.0,0,0,1,0,17.467,-0.863,0,0.0,0,0,1,1,0,1,0,1,0,0,0,12192.0,2,1,1,1,0,0,1,0,19.5,270.5,1,1,6001,1,6,1
55000,0.0,0.0,0,0,1,0,78.553,0.0,0,0,1,0,17.381,-0.863,0,0.0,0,0,1,1,0,1,0,1,0,0,0,12192.0,2,1,1,1,0,0,1,0,19.1,269.6,1,1,6001,1,6,1
55100,0.0,0.0,0,0,1,0,78.553,0.0,0,0,1,0,17.295,-0.863,0,0.0,0,0,1,1,0,1,0,1,0,0,0,12192.0,2,1,1,1,0,0,1,0,18.9,269.6,1,1,6001,1,6,1
55200,0.0,0.0,0,0,1,0,78.553,0.0,0,0,1,0,17.209,-0.863,0,0.0,0,0,1,1,0,1,0,1,0,0,0,12192.0,2,1,1,1,0,0,1,0,19.6,265.2,1,1,6001,1,6,1
55300,0.0,0.0,0,0,1,0,78.553,0.0,0,0,1,0,17.122,-0.863,0,0.0,0,0,1,1,0,1,0,1,0,0,0,12192.0,2,1,1,1,0,0,1,0,19.2,268.7,1,1,6001,1,6,1
55400,0.0,0.0,0,0,1,0,78.553,0.0,0,0,1,0,17.036,-0.863,0,0.0,0,0,1,1,0,1,0,1,0,0,0,12192.0,2,1,1,1,0,0,1,0,19.0,269.6,1,1,6001,1,6,1
55500,0.0,0.0,0,0,1,0,78.553,0.0,0,0,1,0,16.95,-0.863,0,0.0,0,0,1,1,0,1,0,1,0,0,0,12192.0,2,1,1,1,0,0,1,0,18.7,266.7,1,1,6001,1,6,1
55600,0.0,0.0,0,0,1,0,78.553,0.0,0,0,1,0,16.864,-0.863,0,0.0,0,0,1,1,0,1,0,1,0,0,0,12192.0,2,1,1,1,0,0,1,0,19.2,266.1,1,1,6001,1,6,1
55700,0.0,0.0,0,0,1,0,78.553,0.0,0,0,1,0,16.777,-0.863,0,0.0,0,0,1,1,0,1,0,1,0,0,0,12192.0,2,1,1,1,0,0,1,0,18.5,273.8,1,1,6001,1,6,1
55800,0.0,0.0,0,0,1,0,78.553,0.0,0,0,1,0,16.691,-0.863,0,0.0,0,0,1,1,0,1,0,1,0,0,0,12192.0,2,1,1,1,0,0,1,0,19.1,269.4,1,1,6001,1,6,1
55900,0.0,0.0,0,0,1,0,78.553,0.0,0,0,1,0,16.605,-0.863,0,0.0,0,0,1,1,0,1,0,1,0,0,0,12192.0,2,1,1,1,0,0,1,0,18.5,271.7,1,1,6001,1,6,1
56000,0.0,0.0,0,0,1,0,78.553,0.0,0,0,1,0,16.518,-0.863,0,0.0,0,0,1,1,0,1,0,1,0,0,0,12192.0,2,1,1,1,0,0,1,0,18.8,272.2,1,1,6001,1,6,1
56100,0.0,0.0,0,0,1,0,78.553,0.0,0,0,1,0,16.432,-0.863,0,0.0,0,0,1,1,0,1,0,1,0,0,0,12192.0,2,1,1,1,0,0,1,0,18.8,270.3,1,1,6001,1,6,1
56200,0.0,0.0,0,0,1,0,78.553,0.0,0,0,1,0,16.346,-0.863,0,0.0,0,0,1,1,0,1,0,1,0,0,0,12192.0,2,1,1,1,0,0,1,0,18.9,270.1,1,1,6001,1,6,1
56300,0.0,0.0,0,0,1,0,78.553,0.0,0,0,1,0,16.26,-0.863,0,0.0,0,0,1,1,0,1,0,1,0,0,0,12192.0,2,1,1,1,0,0,1,0,19.5,268.1,1,1,6001,1,6,1
56400,0.0,0.0,0,0,1,0,78.553,0.0,0,0,1,0,16.173,-0.863,0,0.0,0,0,1,1,0,1,0,1,0,0,0,12192.0,2,1,1,1,0,0,1,0,18.5,268.8,1,1,6001,1,6,1
56500,0.0,0.0,0,0,1,0,78.553,0.0,0,0,1,0,16.087,-0.863,0,0.0,0,0,1,1,0,1,0,1,0,0,0,12192.0,2,1,1,1,0,0,1,0,18.7,270.7,1,1,6001,1,6,1
56600,0.0,0.0,0,0,1,0,78.553,0.0,0,0,1,0,16.001,-0.863,0,0.0,0,0,1,1,0,1,0,1,0,0,0,12192.0,2,1,1,1,0,0,1,0,19.6,271.2,1,1,6001,1,6,1
56700,0.0,0.0,0,0,1,0,78.553,0.0,0,0,1,0,15.914,-0.863,0,0.0,0,0,1,1,0,1,0,1,0,0,0,12192.0,2,1,1,1,0,0,1,0,18.9,267.2,1,1,6001,1,6,1
56800,0.0,0.0,0,0,1,0,78.553,0.0,0,0,1,0,15.828,-0.863,0,0.0,0,0,1,1,0,1,0,1,0,0,0,12192.0,2,1,1,1,0,0,1,0,19.2,269.0,1,1,6001,1,6,1
56900,0.0,0.0,0,0,1,0,78.553,0.0,0,0,1,0,15.742,-0.863,0,0.0,0,0,1,1,0,1,0,1,0,0,0,12192.0,2,1,1,1,0,0,1,0,18.9,272.2,1,1,6001,1,6,1
57000,0.0,0.0,0,0,1,0,78.553,0.0,0,0,1,0,15.656,-0.863,0,0.0,0,0,1,1,0,1,0,1,0,0,0,12192.0,2,1,1,1,0,0,1,0,19.1,270.1,1,1,6001,1,6,1
57100,0.0,0.0,0,0,1,0,78.553,0.0,0,0,1,0,15.569,-0.863,0,0.0,0,0,1,1,0,1,0,1,0,0,0,12192.0,2,1,1,1,0,0,1,0,18.6,271.2,1,1,6001,1,6,1
57200,0.0,0.0,0,0,1,0,78.553,0.0,0,0,1,0,15.483,-0.863,0,0.0,0,0,1,1,0,1,0,1,0,0,0,12192.0,2,1,1,1,0,0,1,0,18.7,273.1,1,1,6001,1,6,1
57300,0.0,0.0,0,0,1,0,78.553,0.0,0,0,1,0,15.397,-0.863,0,0.0,0,0,1,1,0,1,0,1,0,0,0,12192.0,2,1,1,1,0,0,1,0,19.1,270.4,1,1,6001,1,6,1
57400,0.0,0.0,0,0,1,0,78.553,0.0,0,0,1,0,15.311,-0.863,0,0.0,0,0,1,1,0,1,0,1,0,0,0,12192.0,2,1,1,1,0,0,1,0,18.1,272.1,1,1,6001,1,6,1
57500,0.0,0.0,0,0,1,0,78.553,0.0,0,0,1,0,15.224,-0.863,0,0.0,0,0,1,1,0,1,0,1,0,0,0,12192.0,2,1,1,1,0,0,1,0,18.0,270.4,1,1,6001,1,6,1
57600,0.0,0.0,0,0,1,0,78.553,0.0,0,0,1,0,15.138,-0.863,0,0.0,0,0,1,1,0,1,0,1,0,0,0,12192.0,2,1,1,1,0,0,1,0,18.6,268.0,1,1,6001,1,6,1
57700,0.0,0.0,0,0,1,0,78.553,0.0,0,0,1,0,15.052,-0.863,0,0.0,0,0,1,1,0,1,0,1,0,0,0,12192.0,2,1,1,1,0,0,1,0,19.3,266.9,1,1,6001,1,6,1
57800,0.0,0.0,0,0,1,0,78.553,0.0,0,0,1,0,14.965,-0.863,0,0.0,0,0,1,1,0,1,0,1,0,0,0,12192.0,2,1,1,1,0,0,1,0,18.8,274.3,1,1,6001,1,6,1
57900,0.0,0.0,0,0,1,0,78.553,0.0,0,0,1,0,14.879,-0.863,0,0.0,0,0,1,1,0,1,0,1,0,0,0,12192.0,2,1,1,1,0,0,1,0,18.9,266.6,1,1,6001,1,6,1
58000,0.0,0.0,0,0,1,0,78.553,0.0,0,0,1,0,14.793,-0.863,0,0.0,0,0,1,1,0,1,0,1,0,0,0,12192.0,2,1,1,1,0,0,1,0,17.8,266.5,1,1,6001,1,6,1
58100,0.0,0.0,0,0,1,0,78.553,0.0,0,0,1,0,14.707,-0.863,0,0.0,0,0,1,1,0,1,0,1,0,0,0,12192.0,2,1,1,1,0,0,1,0,18.1,269.4,1,1,6001,1,6,1
58200,0.0,0.0,0,0,1,0,78.553,0.0,0,0,1,0,14.62,-0.863,0,0.0,0,0,1,1,0,1,0,1,0,0,0,12192.0,2,1,1,1,0,0,1,0,18.7,271.7,1,1,6001,1,6,1
58300,0.0,0.0,0,0,1,0,78.553,0.0,0,0,1,0,14.534,-0.863,0,0.0,0,0,1,1,0,1,0,1,0,0,0,12192.0,2,1,1,1,0,0,1,0,18.3,270.4,1,1,6001,1,6,1
58400,0.0,0.0,0,0,1,0,78.553,0.0,0,0,1,0,14.448,-0.863,0,0.0,0,0,1,1,0,1,0,1,0,0,0,12192.0,2,1,1,1,0,0,1,0,18.2,271.7,1,1,6001,1,6,1
58500,0.0,0.0,0,0,1,0,78.553,0.0,0,0,1,0,14.362,-0.863,0,0.0,0,0,1,1,0,1,0,1,0,0,0,12192.0,2,1,1,1,0,0,1,0,18.4,271.3,1,1,6001,1,6,1
58600,0.0,0.0,0,0,1,0,78.553,0.0,0,0,1,0,14.275,-0.863,0,0.0,0,0,1,1,0,1,0,1,0,0,0,12192.0,2,1,1,1,0,0,1,0,18.5,265.9,1,1,6001,1,6,1
58700,0.0,0.0,0,0,1,0,78.553,0.0,0,0,1,0,14.189,-0.863,0,0.0,0,0,1,1,0,1,0,1,0,0,0,12192.0,2,1,1,1,0,0,1,0,18.0,264.1,1,1,6001,1,6,1
58800,0.0,0.0,0,0,1,0,78.553,0.0,0,0,1,0,14.103,-0.863,0,0.0,0,0,1,1,0,1,0,1,0,0,0,12192.0,2,1,1,1,0,0,1,0,18.1,269.7,1,1,6001,1,6,1
58900,0.0,0.0,0,0,1,0,78.553,0.0,0,0,1,0,14.016,-0.863,0,0.0,0,0,1,1,0,1,0,1,0,0,0,12192.0,2,1,1,1,0,0,1,0,18.5,273.0,1,1,6001,1,6,1
59000,0.0,0.0,0,0,1,0,78.553,0.0,0,0,1,0,13.93,-0.863,0,0.0,0,0,1,1,0,1,0,1,0,0,0,12192.0,2,1,1,1,0,0,1,0,17.9,269.6,1,1,6001,1,6,1
59100,0.0,0.0,0,0,1,0,78.553,0.0,0,0,1,0,13.844,-0.863,0,0.0,0,0,1,1,0,1,0,1,0,0,0,12192.0,2,1,1,1,0,0,1,0,18.2,272.5,1,1,6001,1,6,1
59200,0.0,0.0,0,0,1,0,78.553,0.0,0,0,1,0,13.758,-0.863,0,0.0,0,0,1,1,0,1,0,1,0,0,0,12192.0,2,1,1,1,0,0,1,0,18.2,269.0,1,1,6001,1,6,1
59300,0.0,0.0,0,0,1,0,78.553,0.0,0,0,1,0,13.671,-0.863,0,0.0,0,0,1,1,0,1,0,1,0,0,0,12192.0,2,1,1,1,0,0,1,0,17.6,269.8,1,1,6001,1,6,1
59400,0.0,0.0,0,0,1,0,78.553,0.0,0,0,1,0,13.585,-0.863,0,0.0,0,0,1,1,0,1,0,1,0,0,0,12192.0,2,1,1,1,0,0,1,0,17.5,268.7,1,1,6001,1,6,1
59500,0.0,0.0,0,0,1,0,78.553,0.0,0,0,1,0,13.499,-0.863,0,0.0,0,0,1,1,0,1,0,1,0,0,0,12192.0,2,1,1,1,0,0,1,0,17.2,266.2,1,1,6001,1,6,1
59600,0.0,0.0,0,0,1,0,78.553,0.0,0,0,1,0,13.412,-0.863,0,0.0,0,0,1,1,0,1,0,1,0,0,0,12192.0,2,1,1,1,0,0,1,0,17.5,271.3,1,1,6001,1,6,1
59700,0.0,0.0,0,0,1,0,78.553,0.0,0,0,1,0,13.326,-0.863,0,0.0,0,0,1,1,0,1,0,1,0,0,0,12192.0,2,1,1,1,0,0,1,0,17.9,273.1,1,1,6001,1,6,1
59800,0.0,0.0,0,0,1,0,78.553,0.0,0,0,1,0,13.24,-0.863,0,0.0,0,0,1,1,0,1,0,1,0,0,0,12192.0,2,1,1,1,0,0,1,0,17.8,268.4,1,1,6001,1,6,1
59900,0.0,0.0,0,0,1,0,78.553,0.0,0,0,1,0,13.154,-0.863,0,0.0,0,0,1,1,0,1,0,1,0,0,0,12192.0,2,1,1,1,0,0,1,0,17.0,269.2,1,1,6001,1,6,1
60000,0.0,0.0,0,0,1,0,78.553,0.0,0,0,1,0,13.067,-0.863,0,0.0,0,0,1,1,0,1,0,1,0,0,0,12192.0,2,1,1,1,0,0,1,0,18.4,270.0,1,1,6001,1,6,1
60100,0.0,0.0,0,0,1,0,78.553,0.0,0,0,1,0,12.981,-0.863,0,0.0,0,0,1,1,0,1,0,1,0,0,0,12192.0,2,1,1,1,0,0,1,0,18.0,272.5,1,1,6001,1,6,1
60200,0.0,0.0,0,0,1,0,78.553,0.0,0,0,1,0,12.895,-0.863,0,0.0,0,0,1,1,0,1,0,1,0,0,0,12192.0,2,1,1,1,0,0,1,0,18.2,268.4,1,1,6001,1,6,1
60300,0.0,0.0,0,0,1,0,78.553,0.0,0,0,1,0,12.809,-0.863,0,0.0,0,0,1,1,0,1,0,1,0,0,0,12192.0,2,1,1,1,0,0,1,0,17.8,267.8,1,1,6001,1,6,1
60400,0.0,0.0,0,0,1,0,78.553,0.0,0,0,1,0,12.722,-0.863,0,0.0,0,0,1,1,0,1,0,1,0,0,0,12192.0,2,1,1,1,0,0,1,0,17.8,269.0,1,1,6001,1,6,1
60500,0.0,0.0,0,0,1,0,78.553,0.0,0,0,1,0,12.636,-0.863,0,0.0,0,0,1,1,0,1,0,1,0,0,0,12192.0,2,1,1,1,0,0,1,0,17.4,269.6,1,1,6001,1,6,1
60600,0.0,0.0,0,0,1,0,78.553,0.0,0,0,1,0,12.55,-0.863,0,0.0,0,0,1,1,0,1,0,1,0,0,0,12192.0,2,1,1,1,0,0,1,0,17.9,272.6,1,1,6001,1,6,1
60700,0.0,0.0,0,0,1,0,78.553,0.0,0,0,1,0,12.463,-0.863,0,0.0,0,0,1,1,0,1,0,1,0,0,0,12192.0,2,1,1,1,0,0,1,0,18.4,269.1,1,1,6001,1,6,1
60800,0.0,0.0,0,0,1,0,78.553,0.0,0,0,1,0,12.377,-0.863,0,0.0,0,0,1,1,0,1,0,1,0,0,0,12192.0,2,1,1,1,0,0,1,0,17.6,268.8,1,1,6001,1,6,1
60900,0.0,0.0,0,0,1,0,78.553,0.0,0,0,1,0,12.291,-0.863,0,0.0,0,0,1,1,0,1,0,1,0,0,0,12192.0,2,1,1,1,0,0,1,0,16.8,269.2,1,1,6001,1,6,1
61000,0.0,0.0,0,0,1,0,78.553,0.0,0,0,1,0,12.205,-0.863,0,0.0,0,0,1,1,0,1,0,1,0,0,0,12192.0,2,1,1,1,0,0,1,0,18.2,271.8,1,1,6001,1,6,1
61100,0.0,0.0,0,0,1,0,78.553,0.0,0,0,1,0,12.118,-0.863,0,0.0,0,0,1,1,0,1,0,1,0,0,0,12192.0,2,1,1,1,0,0,1,0,18.0,270.9,1,1,6001,1,6,1
61200,0.0,0.0,0,0,1,0,78.553,0.0,0,0,1,0,12.032,-0.863,0,0.0,0,0,1,1,0,1,0,1,0,0,0,12192.0,2,1,1,1,0,0,1,0,17.9,269.3,1,1,6001,1,6,1
61300,0.0,0.0,0,0,1,0,78.553,0.0,0,0,1,0,11.946,-0.863,0,0.0,0,0,1,1,0,1,0,1,0,0,0,12192.0,2,1,1,1,0,0,1,0,18.0,266.3,1,1,6001,1,6,1
61400,0.0,0.0,0,0,1,0,78.553,0.0,0,0,1,0,11.86,-0.863,0,0.0,0,0,1,1,0,1,0,1,0,0,0,12192.0,2,1,1,1,0,0,1,0,17.6,273.6,1,1,6001,1,6,1
61500,0.0,0.0,0,0,1,0,78.553,0.0,0,0,1,0,11.773,-0.863,0,0.0,0,0,1,1,0,1,0,1,0,0,0,12192.0,2,1,1,1,0,0,1,0,18.1,267.6,1,1,6001,1,6,1
61600,0.0,0.0,0,0,1,0,78.553,0.0,0,0,1,0,11.687,-0.863,0,0.0,0,0,1,1,0,1,0,1,0,0,0,12192.0,2,1,1,1,0,0,1,0,17.9,268.7,1,1,6001,1,6,1
61700,0.0,0.0,0,0,1,0,78.553,0.0,0,0,1,0,11.601,-0.863,0,0.0,0,0,1,1,0,1,0,1,0,0,0,12192.0,2,1,1,1,0,0,1,0,18.7,271.1,1,1,6001,1,6,1
61800,0.0,0.0,0,0,1,0,78.553,0.0,0,0,1,0,11.514,-0.863,0,0.0,0,0,1,1,0,1,0,1,0,0,0,12192.0,2,1,1,1,0,0,1,0,17.1,275.1,1,1,6001,1,6,1
61900,0.0,0.0,0,0,1,0,78.553,0.0,0,0,1,0,11.428,-0.863,0,0.0,0,0,1,1,0,1,0,1,0,0,0,12192.0,2,1,1,1,0,0,1,0,18.3,267.5,1,1,6001,1,6,1
62000,0.0,0.0,0,0,1,0,78.553,0.0,0,0,1,0,11.342,-0.863,0,0.0,0,0,1,1,0,1,0,1,0,0,0,12192.0,2,1,1,1,0,0,1,0,18.5,269.5,1,1,6001,1,6,1
62100,0.0,0.0,0,0,1,0,78.553,0.0,0,0,1,0,11.256,-0.863,0,0.0,0,0,1,1,0,1,0,1,0,0,0,12192.0,2,1,1,1,0,0,1,0,17.7,264.1,1,1,6001,1,6,1
62200,0.0,0.0,0,0,1,0,78.553,0.0,0,0,1,0,11.169,-0.863,0,0.0,0,0,1,1,0,1,0,1,0,0,0,12192.0,2,1,1,1,0,0,1,0,18.2,269.3,1,1,6001,1,6,1
62300,0.0,0.0,0,0,1,0,78.553,0.0,0,0,1,0,11.083,-0.863,0,0.0,0,0,1,1,0,1,0,1,0,0,0,12192.0,2,1,1,1,0,0,1,0,18.7,270.5,1,1,6001,1,6,1
62400,0.0,0.0,0,0,1,0,78.553,0.0,0,0,1,0,10.997,-0.863,0,0.0,0,0,1,1,0,1,0,1,0,0,0,12192.0,2,1,1,1,0,0,1,0,18.4,269.2,1,1,6001,1,6,1
62500,0.0,0.0,0,0,1,0,78.553,0.0,0,0,1,0,10.91,-0.863,0,0.0,0,0,1,1,0,1,0,1,0,0,0,12192.0,2,1,1,1,0,0,1,0,18.7,274.8,1,1,6001,1,6,1
62600,0.0,0.0,0,0,1,0,78.553,0.0,0,0,1,0,10.824,-0.863,0,0.0,0,0,1,1,0,1,0,1,0,0,0,12192.0,2,1,1,1,0,0,1,0,18.5,272.3,1,1,6001,1,6,1
62700,0.0,0.0,0,0,1,0,78.553,0.0,0,0,1,0,10.738,-0.863,0,0.0,0,0,1,1,0,1,0,1,0,0,0,12192.0,2,1,1,1,0,0,1,0,17.7,268.5,1,1,6001,1,6,1
62800,0.0,0.0,0,0,1,0,78.553,0.0,0,0,1,0,10.652,-0.863,0,0.0,0,0,1,1,0,1,0,1,0,0,0,12192.0,2,1,1,1,0,0,1,0,19.3,267.7,1,1,6001,1,6,1
62900,0.0,0.0,0,0,1,0,78.553,0.0,0,0,1,0,10.565,-0.863,0,0.0,0,0,1,1,0,1,0,1,0,0,0,12192.0,2,1,1,1,0,0,1,0,19.4,266.5,1,1,6001,1,6,1
63000,0.0,0.0,0,0,1,0,78.553,0.0,0,0,1,0,10.479,-0.863,0,0.0,0,0,1,1,0,1,0,1,0,0,0,12192.0,2,1,1,1,0,0,1,0,18.5,264.4,1,1,6001,1,6,1
63100,0.0,0.0,0,0,1,0,78.553,0.0,0,0,1,0,10.393,-0.863,0,0.0,0,0,1,1,0,1,0,1,0,0,0,12192.0,2,1,1,1,0,0,1,0,18.5,270.3,1,1,6001,1,6,1
63200,0.0,0.0,0,0,1,0,78.553,0.0,0,0,1,0,10.307,-0.863,0,0.0,0,0,1,1,0,1,0,1,0,0,0,12192.0,2,1,1,1,0,0,1,0,18.9,275.3,1,1,6001,1,6,1
63300,0.0,0.0,0,0,1,0,78.553,0.0,0,0,1,0,10.22,-0.863,0,0.0,0,0,1,1,0,1,0,1,0,0,0,12192.0,2,1,1,1,0,0,1,0,18.7,268.1,1,1,6001,1,6,1
63400,0.0,0.0,0,0,1,0,78.553,0.0,0,0,1,0,10.134,-0.863,0,0.0,0,0,1,1,0,1,0,1,0,0,0,12192.0,2,1,1,1,0,0,1,0,18.0,271.2,1,1,6001,1,6,1
63500,0.0,0.0,0,0,1,0,78.553,0.0,0,0,1,0,10.048,-0.863,0,0.0,0,0,1,1,0,1,0,1,0,0,0,12192.0,2,1,1,1,0,0,1,0,17.9,271.9,1,1,6001,1,6,1
63600,0.0,0.0,0,0,1,0,78.553,0.0,0,0,1,0,9.961,-0.863,0,0.0,0,0,1,1,0,1,0,1,0,0,0,12192.0,2,1,1,1,0,0,1,0,18.7,267.5,1,1,6001,1,6,1
63700,0.0,0.0,0,0,1,0,78.553,0.0,0,0,1,0,9.875,-0.863,0,0.0,0,0,1,1,0,1,0,1,0,0,0,12192.0,2,1,1,1,0,0,1,0,18.5,272.1,1,1,6001,1,6,1
63800,0.0,0.0,0,0,1,0,78.553,0.0,0,0,1,0,9.789,-0.863,0,0.0,0,0,1,1,0,1,0,1,0,0,0,12192.0,2,1,1,1,0,0,1,0,18.2,273.0,1,1,6001,1,6,1
63900,0.0,0.0,0,0,1,0,78.553,0.0,0,0,1,0,9.703,-0.863,0,0.0,0,0,1,1,0,1,0,1,0,0,0,12192.0,2,1,1,1,0,0,1,0,18.7,271.7,1,1,6001,1,6,1
64000,0.0,0.0,0,0,1,0,78.553,0.0,0,0,1,0,9.616,-0.863,0,0.0,0,0,1,1,0,1,0,1,0,0,0,12192.0,2,1,1,1,0,0,1,0,18.9,270.4,1,1,6001,1,6,1
64100,0.0,0.0,0,0,1,0,78.553,0.0,0,0,1,0,9.53,-0.863,0,0.0,0,0,1,1,0,1,0,1,0,0,0,12192.0,2,1,1,1,0,0,1,0,18.5,270.5,1,1,6001,1,6,1
64200,0.0,0.0,0,0,1,0,78.553,0.0,0,0,1,0,9.444,-0.863,0,0.0,0,0,1,1,0,1,0,1,0,0,0,12192.0,2,1,1,1,0,0,1,0,19.0,265.2,1,1,6001,1,6,1
64300,0.0,0.0,0,0,1,0,78.553,0.0,0,0,1,0,9.358,-0.863,0,0.0,0,0,1,1,0,1,0,1,0,0,0,12192.0,2,1,1,1,0,0,1,0,19.5,266.1,1,1,6001,1,6,1
64400,0.0,0.0,0,0,1,0,78.553,0.0,0,0,1,0,9.271,-0.863,0,0.0,0,0,1,1,0,1,0,1,0,0,0,12192.0,2,1,1,1,0,0,1,0,19.4,267.8,1,1,6001,1,6,1
64500,0.0,0.0,0,0,1,0,78.553,0.0,0,0,1,0,9.185,-0.863,0,0.0,0,0,1,1,0,1,0,1,0,0,0,12192.0,2,1,1,1,0,0,1,0,18.5,269.8,1,1,6001,1,6,1
64600,0.0,0.0,0,0,1,0,78.553,0.0,0,0,1,0,9.099,-0.863,0,0.0,0,0,1,1,0,1,0,1,0,0,0,12192.0,2,1,1,1,0,0,1,0,19.1,269.2,1,1,6001,1,6,1
64700,0.0,0.0,0,0,1,0,78.553,0.0,0,0,1,0,9.012,-0.863,0,0.0,0,0,1,1,0,1,0,1,0,0,0,12192.0,2,1,1,1,0,0,1,0,18.7,272.0,1,1,6001,1,6,1
64800,0.0,0.0,0,0,1,0,78.553,0.0,0,0,1,0,8.926,-0.863,0,0.0,0,0,1,1,0,1,0,1,0,0,0,12192.0,2,1,1,1,0,0,1,0,19.2,271.3,1,1,6001,1,6,1
64900,0.0,0.0,0,0,1,0,78.553,0.0,0,0,1,0,8.84,-0.863,0,0.0,0,0,1,1,0,1,0,1,0,0,0,12192.0,2,1,1,1,0,0,1,0,19.9,268.6,1,1,6001,1,6,1
65000,0.0,0.0,0,0,1,0,78.553,0.0,0,0,1,0,8.754,-0.863,0,0.0,0,0,1,1,0,1,0,1,0,0,0,12192.0,2,1,1,1,0,0,1,0,19.3,271.1,1,1,6001,1,6,1
65100,0.0,0.0,0,0,1,0,78.553,0.0,0,0,1,0,8.667,-0.863,0,0.0,0,0,1,1,0,1,0,1,0,0,0,12192.0,2,1,1,1,0,0,1,0,19.4,270.0,1,1,6001,1,6,1
65200,0.0,0.0,0,0,1,0,78.553,0.0,0,0,1,0,8.581,-0.863,0,0.0,0,0,1,1,0,1,0,1,0,0,0,12192.0,2,1,1,1,0,0,1,0,18.9,268.5,1,1,6001,1,6,1
65300,0.0,0.0,0,0,1,0,78.553,0.0,0,0,1,0,8.495,-0.863,0,0.0,0,0,1,1,0,1,0,1,0,0,0,12192.0,2,1,1,1,0,0,1,0,18.8,267.0,1,1,6001,1,6,1
65400,0.0,0.0,0,0,1,0,78.553,0.0,0,0,1,0,8.408,-0.863,0,0.0,0,0,1,1,0,1,0,1,0,0,0,12192.0,2,1,1,1,0,0,1,0,19.0,269.9,1,1,6001,1,6,1
65500,0.0,0.0,0,0,1,0,78.553,0.0,0,0,1,0,8.322,-0.863,0,0.0,0,0,1,1,0,1,0,1,0,0,0,12192.0,2,1,1,1,0,0,1,0,18.8,270.6,1,1,6001,1,6,1
65600,0.0,0.0,0,0,1,0,78.553,0.0,0,0,1,0,8.236,-0.863,0,0.0,0,0,1,1,0,1,0,1,0,0,0,12192.0,2,1,1,1,0,0,1,0,18.4,271.2,1,1,6001,1,6,1
65700,0.0,0.0,0,0,1,0,78.553,0.0,0,0,1,0,8.15,-0.863,0,0.0,0,0,1,1,0,1,0,1,0,0,0,12192.0,2,1,1,1,0,0,1,0,19.6,270.7,1,1,6001,1,6,1
65800,0.0,0.0,0,0,1,0,78.553,0.0,0,0,1,0,8.063,-0.863,0,0.0,0,0,1,1,0,1,0,1,0,0,0,12192.0,2,1,1,1,0,0,1,0,19.0,266.9,1,1,6001,1,6,1
65900,0.0,0.0,0,0,1,0,78.553,0.0,0,0,1,0,7.977,-0.863,0,0.0,0,0,1,1,0,1,0,1,0,0,0,12192.0,2,1,1,1,0,0,1,0,18.8,269.9,1,1,6001,1,6,1
66000,0.0,0.0,0,0,1,0,78.553,0.0,0,0,1,0,7.891,-0.863,0,0.0,0,0,1,1,0,1,0,1,0,0,0,12192.0,2,1,1,1,0,0,1,0,18.9,269.8,1,1,6001,1,6,1
66100,0.0,0.0,0,0,1,0,78.553,0.0,0,0,1,0,7.805,-0.863,0,0.0,0,0,1,1,0,1,0,1,0,0,0,12192.0,2,1,1,1,0,0,1,0,19.0,270.8,1,1,6001,1,6,1
66200,0.0,0.0,0,0,1,0,78.553,0.0,0,0,1,0,7.718,-0.863,0,0.0,0,0,1,1,0,1,0,1,0,0,0,12192.0,2,1,1,1,0,0,1,0,18.5,272.8,1,1,6001,1,6,1
66300,0.0,0.0,0,0,1,0,78.553,0.0,0,0,1,0,7.632,-0.863,0,0.0,0,0,1,1,0,1,0,1,0,0,0,12192.0,2,1,1,1,0,0,1,0,19.2,267.0,1,1,6001,1,6,1
66400,0.0,0.0,0,0,1,0,78.553,0.0,0,0,1,0,7.546,-0.863,0,0.0,0,0,1,1,0,1,0,1,0,0,0,12192.0,2,1,1,1,0,0,1,0,18.7,271.3,1,1,6001,1,6,1
66500,0.0,0.0,0,0,1,0,78.553,0.0,0,0,1,0,7.459,-0.863,0,0.0,0,0,1,1,0,1,0,1,0,0,0,12192.0,2,1,1,1,0,0,1,0,19.3,268.8,1,1,6001,1,6,1
66600,0.0,0.0,0,0,1,0,78.553,0.0,0,0,1,0,7.373,-0.863,0,0.0,0,0,1,1,0,1,0,1,0,0,0,12192.0,2,1,1,1,0,0,1,0,17.8,276.1,1,1,6001,1,6,1
66700,0.0,0.0,0,0,1,0,78.553,0.0,0,0,1,0,7.287,-0.863,0,0.0,0,0,1,1,0,1,0,1,0,0,0,12192.0,2,1,1,1,0,0,1,0,17.8,270.9,1,1,6001,1,6,1
66800,0.0,0.0,0,0,1,0,78.553,0.0,0,0,1,0,7.201,-0.863,0,0.0,0,0,1,1,0,1,0,1,0,0,0,12192.0,2,1,1,1,0,0,1,0,18.9,267.3,1,1,6001,1,6,1
66900,0.0,0.0,0,0,1,0,78.553,0.0,0,0,1,0,7.114,-0.863,0,0.0,0,0,1,1,0,1,0,1,0,0,0,12192.0,2,1,1,1,0,0,1,0,19.7,270.1,1,1,6001,1,6,1
67000,0.0,0.0,0,0,1,0,78.553,0.0,0,0,1,0,7.028,-0.863,0,0.0,0,0,1,1,0,1,0,1,0,0,0,12192.0,2,1,1,1,0,0,1,0,18.5,270.3,1,1,6001,1,6,1
67100,0.0,0.0,0,0,1,0,78.553,0.0,0,0,1,0,6.942,-0.863,0,0.0,0,0,1,1,0,1,0,1,0,0,0,12192.0,2,1,1,1,0,0,1,0,18.1,273.2,1,1,6001,1,6,1
67200,0.0,0.0,0,0,1,0,78.553,0.0,0,0,1,0,6.856,-0.863,0,0.0,0,0,1,1,0,1,0,1,0,0,0,12192.0,2,1,1,1,0,0,1,0,18.3,271.8,1,1,6001,1,6,1
67300,0.0,0.0,0,0,1,0,78.553,0.0,0,0,1,0,6.769,-0.863,0,0.0,0,0,1,1,0,1,0,1,0,0,0,12192.0,2,1,1,1,0,0,1,0,18.6,268.9,1,1,6001,1,6,1
67400,0.0,0.0,0,0,1,0,78.553,0.0,0,0,1,0,6.683,-0.863,0,0.0,0,0,1,1,0,1,0,1,0,0,0,12192.0,2,1,1,1,0,0,1,0,18.6,268.0,1,1,6001,1,6,1
67500,0.0,0.0,0,0,1,0,78.553,0.0,0,0,1,0,6.597,-0.863,0,0.0,0,0,1,1,0,1,0,1,0,0,0,12192.0,2,1,1,1,0,0,1,0,17.8,275.5,1,1,6001,1,6,1
67600,0.0,0.0,0,0,1,0,78.553,0.0,0,0,1,0,6.51,-0.863,0,0.0,0,0,1,1,0,1,0,1,0,0,0,12192.0,2,1,1,1,0,0,1,0,17.6,269.8,1,1,6001,1,6,1
67700,0.0,0.0,0,0,1,0,78.553,0.0,0,0,1,0,6.424,-0.863,0,0.0,0,0,1,1,0,1,0,1,0,0,0,12192.0,2,1,1,1,0,0,1,0,19.1,268.6,1,1,6001,1,6,1
67800,0.0,0.0,0,0,1,0,78.553,0.0,0,0,1,0,6.338,-0.863,0,0.0,0,0,1,1,0,1,0,1,0,0,0,12192.0,2,1,1,1,0,0,1,0,17.9,269.7,1,1,6001,1,6,1
67900,0.0,0.0,0,0,1,0,78.553,0.0,0,0,1,0,6.252,-0.863,0,0.0,0,0,1,1,0,1,0,1,0,0,0,12192.0,2,1,1,1,0,0,1,0,18.7,274.8,1,1,6001,1,6,1
68000,0.0,0.0,0,0,1,0,78.553,0.0,0,0,1,0,6.165,-0.863,0,0.0,0,0,1,1,0,1,0,1,0,0,0,12192.0,2,1,1,1,0,0,1,0,17.1,272.3,1,1,6001,1,6,1
68100,0.0,0.0,0,0,1,0,78.553,0.0,0,0,1,0,6.079,-0.863,0,0.0,0,0,1,1,0,1,0,1,0,0,0,12192.0,2,1,1,1,0,0,1,0,17.9,266.8,1,1,6001,1,6,1
68200,0.0,0.0,0,0,1,0,78.553,0.0,0,0,1,0,5.993,-0.863,0,0.0,0,0,1,1,0,1,0,1,0,0,0,12192.0,2,1,1,1,0,0,1,0,18.4,267.2,1,1,6001,1,6,1
68300,0.0,0.0,0,0,1,0,78.553,0.0,0,0,1,0,5.907,-0.863,0,0.0,0,0,1,1,0,1,0,1,0,0,0,12192.0,2,1,1,1,0,0,1,0,18.3,268.4,1,1,6001,1,6,1
68400,0.0,0.0,0,0,1,0,78.553,0.0,0,0,1,0,5.82,-0.863,0,0.0,0,0,1,1,0,1,0,1,0,0,0,12192.0,2,1,1,1,0,0,1,0,18.3,273.1,1,1,6001,1,6,1
68500,0.0,0.0,0,0,1,0,78.553,0.0,0,0,1,0,5.734,-0.863,0,0.0,0,0,1,1,0,1,0,1,0,0,0,12192.0,2,1,1,1,0,0,1,0,17.3,269.6,1,1,6001,1,6,1
68600,0.0,0.0,0,0,1,0,78.553,0.0,0,0,1,0,5.648,-0.863,0,0.0,0,0,1,1,0,1,0,1,0,0,0,12192.0,2,1,1,1,0,0,1,0,18.7,271.6,1,1,6001,1,6,1
68700,0.0,0.0,0,0,1,0,78.553,0.0,0,0,1,0,5.561,-0.863,0,0.0,0,0,1,1,0,1,0,1,0,0,0,12192.0,2,1,1,1,0,0,1,0,18.0,269.8,1,1,6001,1,6,1
68800,0.0,0.0,0,0,1,0,78.553,0.0,0,0,1,0,5.475,-0.863,0,0.0,0,0,1,1,0,1,0,1,0,0,0,12192.0,2,1,1,1,0,0,1,0,17.4,267.4,1,1,6001,1,6,1
68900,0.0,0.0,0,0,1,0,78.553,0.0,0,0,1,0,5.389,-0.863,0,0.0,0,0,1,1,0,1,0,1,0,0,0,12192.0,2,1,1,1,0,0,1,0,18.2,269.1,1,1,6001,1,6,1
69000,0.0,0.0,0,0,1,0,78.553,0.0,0,0,1,0,5.303,-0.863,0,0.0,0,0,1,1,0,1,0,1,0,0,0,12192.0,2,1,1,1,0,0,1,0,17.6,273.0,1,1,6001,1,6,1
69100,0.0,0.0,0,0,1,0,78.553,0.0,0,0,1,0,5.216,-0.863,0,0.0,0,0,1,1,0,1,0,1,0,0,0,12192.0,2,1,1,1,0,0,1,0,18.6,272.0,1,1,6001,1,6,1
69200,0.0,0.0,0,0,1,0,78.553,0.0,0,0,1,0,5.13,-0.863,0,0.0,0,0,1,1,0,1,0,1,0,0,0,12192.0,2,1,1,1,0,0,1,0,18.2,270.6,1,1,6001,1,6,1
69300,0.0,0.0,0,0,1,0,78.553,0.0,0,0,1,0,5.044,-0.863,0,0.0,0,0,1,1,0,1,0,1,0,0,0,12192.0,2,1,1,1,0,0,1,0,17.7,272.8,1,1,6001,1,6,1
69400,0.0,0.0,0,0,1,0,78.553,0.0,0,0,1,0,4.957,-0.863,0,0.0,0,0,1,1,0,1,0,1,0,0,0,12192.0,2,1,1,1,0,0,1,0,18.4,272.1,1,1,6001,1,6,1
69500,0.0,0.0,0,0,1,0,78.553,0.0,0,0,1,0,4.871,-0.863,0,0.0,0,0,1,1,0,1,0,1,0,0,0,12192.0,2,1,1,1,0,0,1,0,17.5,268.7,1,1,6001,1,6,1
69600,0.0,0.0,0,0,1,0,78.553,0.0,0,0,1,0,4.785,-0.863,0,0.0,0,0,1,1,0,1,0,1,0,0,0,12192.0,2,1,1,1,0,0,1,0,16.8,267.4,1,1,6001,1,6,1
69700,0.0,0.0,0,0,1,0,78.553,0.0,0,0,1,0,4.699,-0.863,0,0.0,0,0,1,1,0,1,0,1,0,0,0,12192.0,2,1,1,1,0,0,1,0,17.2,269.9,1,1,6001,1,6,1
69800,0.0,0.0,0,0,1,0,78.553,0.0,0,0,1,0,4.612,-0.863,0,0.0,0,0,1,1,0,1,0,1,0,0,0,12192.0,2,1,1,1,0,0,1,0,17.3,268.7,1,1,6001,1,6,1
69900,0.0,0.0,0,0,1,0,78.553,0.0,0,0,1,0,4.526,-0.863,0,0.0,0,0,1,1,0,1,0,1,0,0,0,12192.0,2,1,1,1,0,0,1,0,17.2,266.5,1,1,6001,1,6,1
70000,0.0,0.0,0,0,1,0,78.553,0.0,0,0,1,0,4.44,-0.863,0,0.0,0,0,1,1,0,1,0,1,0,0,0,12192.0,2,1,1,1,0,0,1,0,18.3,274.1,1,1,6001,1,6,1
70100,0.0,0.0,0,0,1,0,78.553,0.0,0,0,1,0,4.354,-0.863,0,0.0,0,0,1,1,0,1,0,1,0,0,0,12192.0,2,1,1,1,0,0,1,0,17.9,264.9,1,1,6001,1,6,1
70200,0.0,0.0,0,0,1,0,78.553,0.0,0,0,1,0,4.267,-0.863,0,0.0,0,0,1,1,0,1,0,1,0,0,0,12192.0,2,1,1,1,0,0,1,0,17.4,265.8,1,1,6001,1,6,1
70300,0.0,0.0,0,0,1,0,78.553,0.0,0,0,1,0,4.181,-0.863,0,0.0,0,0,1,1,0,1,0,1,0,0,0,12192.0,2,1,1,1,0,0,1,0,18.5,268.9,1,1,6001,1,6,1
70400,0.0,0.0,0,0,1,0,78.553,0.0,0,0,1,0,4.095,-0.863,0,0.0,0,0,1,1,0,1,0,1,0,0,0,12192.0,2,1,1,1,0,0,1,0,18.5,267.5,1,1,6001,1,6,1
70500,0.0,0.0,0,0,1,0,78.553,0.0,0,0,1,0,4.008,-0.863,0,0.0,0,0,1,1,0,1,0,1,0,0,0,12192.0,2,1,1,1,0,0,1,0,18.0,272.8,1,1,6001,1,6,1
70600,0.0,0.0,0,0,1,0,78.553,0.0,0,0,1,0,3.922,-0.863,0,0.0,0,0,1,1,0,1,0,1,0,0,0,12192.0,2,1,1,1,0,0,1,0,17.9,270.9,1,1,6001,1,6,1
70700,0.0,0.0,0,0,1,0,78.553,0.0,0,0,1,0,3.836,-0.863,0,0.0,0,0,1,1,0,1,0,1,0,0,0,12192.0,2,1,1,1,0,0,1,0,17.9,272.9,1,1,6001,1,6,1
70800,0.0,0.0,0,0,1,0,78.553,0.0,0,0,1,0,3.75,-0.863,0,0.0,0,0,1,1,0,1,0,1,0,0,0,12192.0,2,1,1,1,0,0,1,0,18.3,276.0,1,1,6001,1,6,1
70900,0.0,0.0,0,0,1,0,78.553,0.0,0,0,1,0,3.663,-0.863,0,0.0,0,0,1,1,0,1,0,1,0,0,0,12192.0,2,1,1,1,0,0,1,0,17.9,269.1,1,1,6001,1,6,1
71000,0.0,0.0,0,0,1,0,78.553,0.0,0,0,1,0,3.577,-0.863,0,0.0,0,0,1,1,0,1,0,1,0,0,0,12192.0,2,1,1,1,0,0,1,0,17.4,270.3,1,1,6001,1,6,1
71100,0.0,0.0,0,0,1,0,78.553,0.0,0,0,1,0,3.491,-0.863,0,0.0,0,0,1,1,0,1,0,1,0,0,0,12192.0,2,1,1,1,0,0,1,0,17.6,270.2,1,1,6001,1,6,1
71200,0.0,0.0,0,0,1,0,78.553,0.0,0,0,1,0,3.405,-0.863,0,0.0,0,0,1,1,0,1,0,1,0,0,0,12192.0,2,1,1,1,0,0,1,0,17.6,265.3,1,1,6001,1,6,1
71300,0.0,0.0,0,0,1,0,78.553,0.0,0,0,1,0,3.318,-0.863,0,0.0,0,0,1,1,0,1,0,1,0,0,0,12192.0,2,1,1,1,0,0,1,0,19.0,266.2,1,1,6001,1,6,1
71400,0.0,0.0,0,0,1,0,78.553,0.0,0,0,1,0,3.232,-0.863,0,0.0,0,0,1,1,0,1,0,1,0,0,0,12192.0,2,1,1,1,0,0,1,0,18.2,267.7,1,1,6001,1,6,1
71500,0.0,0.0,0,0,1,0,78.553,0.0,0,0,1,0,3.146,-0.863,0,0.0,0,0,1,1,0,1,0,1,0,0,0,12192.0,2,1,1,1,0,0,1,0,18.3,269.8,1,1,6001,1,6,1
71600,0.0,0.0,0,0,1,0,78.553,0.0,0,0,1,0,3.059,-0.863,0,0.0,0,0,1,1,0,1,0,1,0,0,0,12192.0,2,1,1,1,0,0,1,0,18.2,273.3,1,1,6001,1,6,1
71700,0.0,0.0,0,0,1,0,78.553,0.0,0,0,1,0,2.973,-0.863,0,0.0,0,0,1,1,0,1,0,1,0,0,0,12192.0,2,1,1,1,0,0,1,0,18.7,271.5,1,1,6001,1,6,1
71800,0.0,0.0,0,0,1,0,78.553,0.0,0,0,1,0,2.887,-0.863,0,0.0,0,0,1,1,0,1,0,1,0,0,0,12192.0,2,1,1,1,0,0,1,0,19.1,266.1,1,1,6001,1,6,1
71900,0.0,0.0,0,0,1,0,78.553,0.0,0,0,1,0,2.801,-0.863,0,0.0,0,0,1,1,0,1,0,1,0,0,0,12192.0,2,1,1,1,0,0,1,0,18.3,269.7,1,1,6001,1,6,1
72000,0.0,0.0,0,0,1,0,78.553,0.0,0,0,1,0,2.714,-0.863,0,0.0,0,0,1,1,0,1,0,1,0,0,0,12192.0,2,1,1,1,0,0,1,0,18.0,269.2,1,1,6001,1,6,1
72100,0.0,0.0,0,0,1,0,78.553,0.0,0,0,1,0,2.628,-0.863,0,0.0,0,0,1,1,0,1,0,1,0,0,0,12192.0,2,1,1,1,0,0,1,0,18.5,265.0,1,1,6001,1,6,1
72200,0.0,0.0,0,0,1,0,78.553,0.0,0,0,1,0,2.542,-0.863,0,0.0,0,0,1,1,0,1,0,1,0,0,0,12192.0,2,1,1,1,0,0,1,0,19.4,268.8,1,1,6001,1,6,1
72300,0.0,0.0,0,0,1,0,78.553,0.0,0,0,1,0,2.461,-0.81,0,0.0,0,0,1,1,0,1,0,1,0,0,0,12192.0,2,1,1,1,0,0,1,0,17.9,269.7,1,1,6001,1,6,1
72400,0.0,0.0,0,0,1,0,78.553,0.0,0,0,1,0,2.385,-0.756,0,0.0,0,0,1,1,0,1,0,1,0,0,0,12192.0,2,1,1,1,0,0,1,0,18.5,269.5,1,1,6001,1,6,1
72500,0.0,0.0,0,0,1,0,78.553,0.0,0,0,1,0,2.315,-0.703,0,0.0,0,0,1,1,0,1,0,1,0,0,0,12192.0,2,1,1,1,0,0,1,0,19.0,272.8,1,1,6001,1,6,1
72600,0.0,0.0,0,0,1,0,78.553,0.0,0,0,1,0,2.25,-0.65,0,0.0,0,0,1,1,0,1,0,1,0,0,0,12192.0,2,1,1,1,0,0,1,0,18.2,268.1,1,1,6001,1,6,1
72700,0.0,0.0,0,0,1,0,78.553,0.0,0,0,1,0,2.19,-0.597,0,0.0,0,0,1,1,0,1,0,1,0,0,0,12192.0,2,1,1,1,0,0,1,0,19.0,272.6,1,1,6001,1,6,1
72800,0.0,0.0,0,0,1,0,78.553,0.0,0,0,1,0,2.136,-0.543,0,0.0,0,0,1,1,0,1,0,1,0,0,0,12192.0,2,1,1,1,0,0,1,0,18.9,266.9,1,1,6001,1,6,1
72900,0.0,0.0,0,0,1,0,78.553,0.0,0,0,1,0,2.081,-0.545,0,0.0,0,0,1,1,0,1,0,1,0,0,0,12192.0,2,1,1,1,0,0,1,0,19.6,272.0,1,1,6001,1,6,1
73000,0.0,0.0,0,0,1,0,78.553,0.0,0,0,1,0,2.033,-0.489,0,0.0,0,0,1,1,0,1,0,1,0,0,0,12192.0,2,1,1,1,0,0,1,0,19.5,270.9,1,1,6001,1,6,1
73100,0.0,0.0,0,0,1,0,78.553,0.0,0,0,1,0,1.989,-0.432,0,0.0,0,0,1,1,0,1,0,1,0,0,0,12192.0,2,1,1,1,0,0,1,0,19.2,271.7,1,1,6001,1,6,1
73200,0.0,0.0,0,0,1,0,78.553,0.0,0,0,1,0,1.952,-0.375,0,0.0,0,0,1,1,0,1,0,1,0,0,0,12192.0,2,1,1,1,0,0,1,0,19.6,270.3,1,1,6001,1,6,1
73300,0.0,0.0,0,0,1,0,78.553,0.0,0,0,1,0,1.92,-0.318,0,0.0,0,0,1,1,0,1,0,1,0,0,0,12192.0,2,1,1,1,0,0,1,0,19.2,267.2,1,1,6001,1,6,1
73400,0.0,0.0,0,0,1,0,78.553,0.0,0,0,1,0,1.894,-0.259,0,0.0,0,0,1,1,0,1,0,1,0,0,0,12192.0,2,1,1,1,0,0,1,0,18.5,267.0,1,1,6001,1,6,1
73500,0.0,0.0,0,0,1,0,78.553,0.0,0,0,1,0,1.874,-0.199,0,0.0,0,0,1,1,0,1,0,1,0,0,0,12192.0,2,1,1,1,0,0,1,0,19.2,268.6,1,1,6001,1,6,1
73600,0.0,0.0,0,0,1,0,78.553,0.0,0,0,1,0,1.861,-0.135,0,0.0,0,0,1,1,0,1,0,1,0,0,0,12192.0,2,1,1,1,0,0,1,0,18.9,267.4,1,1,6001,1,6,1
73700,0.0,0.0,0,0,1,0,78.553,0.0,0,0,1,0,1.854,-0.063,0,0.0,0,0,1,1,0,1,0,1,0,0,0,12192.0,2,1,1,1,0,0,1,0,19.0,269.4,1,1,6001,1,6,1
73800,0.0,0.0,0,0,0,0,78.553,0.0,0,0,0,0,1.853,0.0,0,0.0,0,0,0,0,0,1,0,1,0,0,0,12192.0,2,1,1,0,1,0,1,0,18.4,267.3,1,1,6001,1,6,1
73900,0.0,0.0,0,0,0,0,78.553,0.0,0,0,0,0,1.853,0.0,0,32.11,0,0,0,0,0,1,1,0,1,1,0,12192.0,2,1,1,0,1,0,1,0,19.4,273.4,1,1,6001,1,6,1
74000,0.0,0.0,0,0,0,0,78.553,0.0,0,0,0,0,1.853,0.0,0,31.93,0,0,0,0,0,1,1,0,1,1,0,12192.0,2,1,1,0,1,0,1,0,19.1,266.5,1,1,6001,1,6,1
74100,0.0,0.0,0,0,0,0,78.553,0.0,0,0,0,0,1.853,0.0,0,31.94,0,0,0,0,0,1,1,0,1,1,0,12192.0,2,1,1,0,1,0,1,0,19.5,271.4,1,1,6001,1,6,1
74200,0.0,0.0,0,0,0,0,78.553,0.0,0,0,0,0,1.853,0.0,0,32.14,0,0,0,0,0,1,1,0,1,1,0,12192.0,2,1,1,0,1,0,1,0,19.7,268.0,1,1,6001,1,6,1
74300,0.0,0.0,0,0,0,0,78.553,0.0,0,0,0,0,1.853,0.0,0,31.98,0,0,0,0,0,1,1,0,1,1,0,12192.0,2,1,1,0,1,0,1,0,19.1,270.1,1,1,6001,1,6,1
74400,0.0,0.0,0,0,0,0,78.553,0.0,0,0,0,0,1.853,0.0,0,32.0,0,0,0,0,0,1,1,0,1,1,0,12192.0,2,1,1,0,1,0,1,0,19.1,267.1,1,1,6001,1,6,1
74500,0.0,0.0,0,0,0,0,78.553,0.0,0,0,0,0,1.853,0.0,0,32.27,0,0,0,0,0,1,1,0,1,1,0,12192.0,2,1,1,0,1,0,1,0,19.2,270.4,1,1,6001,1,6,1
74600,0.0,0.0,0,0,0,0,78.553,0.0,0,0,0,0,1.853,0.0,0,31.95,0,0,0,0,0,1,1,0,1,1,0,12192.0,2,1,1,0,1,0,1,0,18.9,269.7,1,1,6001,1,6,1
74700,0.0,0.0,0,0,0,0,78.553,0.0,0,0,0,0,1.853,0.0,0,31.95,0,0,0,0,0,1,1,0,1,1,0,12192.0,2,1,1,0,1,0,1,0,19.5,271.3,1,1,6001,1,6,1
74800,0.0,0.0,0,0,0,0,78.553,0.0,0,0,0,0,1.853,0.0,0,31.99,0,0,0,0,0,1,1,0,1,1,0,12192.0,2,1,1,0,1,0,1,0,18.6,271.3,1,1,6001,1,6,1
74900,0.0,0.0,0,0,0,0,78.553,0.0,0,0,0,0,1.853,0.0,0,31.92,0,0,0,0,0,1,1,0,1,1,0,12192.0,2,1,1,0,1,0,1,0,18.6,267.4,1,1,6001,1,6,1
75000,0.0,0.0,0,0,0,0,78.553,0.0,0,0,0,0,1.853,0.0,0,31.86,0,0,0,0,0,1,1,0,1,1,0,12192.0,2,1,1,0,1,0,1,0,18.8,268.5,1,1,6001,1,6,1
75100,0.0,0.0,0,0,0,0,78.553,0.0,0,0,0,0,1.853,0.0,0,32.05,0,0,0,0,0,1,1,0,1,1,0,12192.0,2,1,1,0,1,0,1,0,18.7,269.2,1,1,6001,1,6,1
75200,0.0,0.0,0,0,1,0,78.553,0.0,0,0,1,0,1.859,0.053,1,33.63,0,0,1,1,0,1,1,0,0,1,0,12192.0,2,1,1,1,0,0,1,0,18.8,268.2,1,1,6001,1,6,1
75300,0.0,0.0,0,0,1,0,78.553,0.0,0,0,1,0,1.869,0.106,1,33.97,0,0,1,1,0,1,1,0,0,1,0,12192.0,2,1,1,1,0,0,1,0,19.2,268.8,1,1,6001,1,6,1
75400,0.0,0.0,0,0,1,0,78.553,0.0,0,0,1,0,1.885,0.16,1,33.7,0,0,1,1,0,1,1,0,0,1,0,12192.0,2,1,1,1,0,0,1,0,19.2,269.3,1,1,6001,1,6,1
75500,0.0,0.0,0,0,1,0,78.553,0.0,0,0,1,0,1.907,0.213,1,33.79,0,0,1,1,0,1,1,0,0,1,0,12192.0,2,1,1,1,0,0,1,0,18.6,269.0,1,1,6001,1,6,1
75600,0.0,0.0,0,0,1,0,78.553,0.0,0,0,1,0,1.933,0.266,1,33.83,0,0,1,1,0,1,1,0,0,1,0,12192.0,2,1,1,1,0,0,1,0,18.8,272.2,1,1,6001,1,6,1
75700,0.0,0.0,0,0,1,0,78.553,0.0,0,0,1,0,1.965,0.319,1,33.73,0,0,1,1,0,1,1,0,0,1,0,12192.0,2,1,1,1,0,0,1,0,18.4,271.7,1,1,6001,1,6,1
75800,0.0,0.0,0,0,1,0,78.553,0.0,0,0,1,0,2.002,0.373,1,33.43,0,0,1,1,0,1,1,0,0,1,0,12192.0,2,1,1,1,0,0,1,0,19.2,269.2,1,1,6001,1,6,1
75900,0.0,0.0,0,0,1,0,78.553,0.0,0,0,1,0,2.045,0.426,1,33.88,0,0,1,1,0,1,1,0,0,1,0,12192.0,2,1,1,1,0,0,1,0,18.2,270.1,1,1,6001,1,6,1
76000,0.0,0.0,0,0,1,0,78.553,0.0,0,0,1,0,2.093,0.479,1,33.72,0,0,1,1,0,1,1,0,0,1,0,12192.0,2,1,1,1,0,0,1,0,19.1,272.3,1,1,6001,1,6,1
76100,0.0,0.0,0,0,1,0,78.553,0.0,0,0,1,0,2.146,0.532,1,33.78,0,0,1,1,0,1,1,0,0,1,0,12192.0,2,1,1,1,0,0,1,0,18.9,265.5,1,1,6001,1,6,1
76200,0.0,0.0,0,0,1,0,78.553,0.0,0,0,1,0,2.205,0.585,1,33.55,0,0,1,1,0,1,1,0,0,1,0,12192.0,2,1,1,1,0,0,1,0,18.2,266.0,1,1,6001,1,6,1
76300,0.0,0.0,0,0,1,0,78.553,0.0,0,0,1,0,2.269,0.639,1,33.47,0,0,1,1,0,1,1,0,0,1,0,12192.0,2,1,1,1,0,0,1,0,18.8,269.4,1,1,6001,1,6,1
76400,0.0,0.0,0,0,1,0,78.553,0.0,0,0,1,0,2.338,0.692,1,33.92,0,0,1,1,0,1,1,0,0,1,0,12192.0,2,1,1,1,0,0,1,0,18.1,273.1,1,1,6001,1,6,1
76500,0.0,0.0,0,0,1,0,78.553,0.0,0,0,1,0,2.412,0.745,1,33.58,0,0,1,1,0,1,1,0,0,1,0,12192.0,2,1,1,1,0,0,1,0,17.9,274.8,1,1,6001,1,6,1
76600,0.0,0.0,0,0,1,0,78.553,0.0,0,0,1,0,2.492,0.798,1,33.68,0,0,1,1,0,1,1,0,0,1,0,12192.0,2,1,1,1,0,0,1,0,18.2,272.4,1,1,6001,1,6,1
76700,0.0,0.0,0,0,1,0,78.553,0.0,0,0,1,0,2.577,0.851,1,33.64,0,0,1,1,0,1,1,0,0,1,0,12192.0,2,1,1,1,0,0,1,0,18.4,273.0,1,1,6001,1,6,1
76800,0.0,0.0,0,0,1,0,78.553,0.0,0,0,1,0,2.664,0.863,1,33.74,0,0,1,1,0,1,1,0,0,1,0,12192.0,2,1,1,1,0,0,1,0,18.7,268.6,1,1,6001,1,6,1
76900,0.0,0.0,0,0,1,0,78.553,0.0,0,0,1,0,2.75,0.863,1,33.67,0,0,1,1,0,1,1,0,0,1,0,12192.0,2,1,1,1,0,0,1,0,17.7,267.6,1,1,6001,1,6,1
77000,0.0,0.0,0,0,1,0,78.553,0.0,0,0,1,0,2.836,0.863,1,33.63,0,0,1,1,0,1,1,0,0,1,0,12192.0,2,1,1,1,0,0,1,0,18.3,271.9,1,1,6001,1,6,1
77100,0.0,0.0,0,0,1,0,78.553,0.0,0,0,1,0,2.922,0.863,1,33.62,0,0,1,1,0,1,1,0,0,1,0,12192.0,2,1,1,1,0,0,1,0,18.2,267.3,1,1,6001,1,6,1
77200,0.0,0.0,0,0,1,0,78.553,0.0,0,0,1,0,3.009,0.863,1,33.86,0,0,1,1,0,1,1,0,0,1,0,12192.0,2,1,1,1,0,0,1,0,17.6,272.3,1,1,6001,1,6,1
77300,0.0,0.0,0,0,1,0,78.553,0.0,0,0,1,0,3.095,0.863,1,33.91,0,0,1,1,0,1,1,0,0,1,0,12192.0,2,1,1,1,0,0,1,0,18.4,265.6,1,1,6001,1,6,1
77400,0.0,0.0,0,0,1,0,78.553,0.0,0,0,1,0,3.181,0.863,1,33.6,0,0,1,1,0,1,1,0,0,1,0,12192.0,2,1,1,1,0,0,1,0,17.9,269.8,1,1,6001,1,6,1
77500,0.0,0.0,0,0,1,0,78.553,0.0,0,0,1,0,3.267,0.863,1,33.64,0,0,1,1,0,1,1,0,0,1,0,12192.0,2,1,1,1,0,0,1,0,17.8,270.3,1,1,6001,1,6,1
77600,0.0,0.0,0,0,1,0,78.553,0.0,0,0,1,0,3.354,0.863,1,33.52,0,0,1,1,0,1,1,0,0,1,0,12192.0,2,1,1,1,0,0,1,0,18.2,267.4,1,1,6001,1,6,1
77700,0.0,0.0,0,0,1,0,78.553,0.0,0,0,1,0,3.44,0.863,1,33.81,0,0,1,1,0,1,1,0,0,1,0,12192.0,2,1,1,1,0,0,1,0,17.6,275.5,1,1,6001,1,6,1
77800,0.0,0.0,0,0,1,0,78.553,0.0,0,0,1,0,3.526,0.863,1,33.79,0,0,1,1,0,1,1,0,0,1,0,12192.0,2,1,1,1,0,0,1,0,17.5,272.1,1,1,6001,1,6,1
77900,0.0,0.0,0,0,1,0,78.553,0.0,0,0,1,0,3.613,0.863,1,33.81,0,0,1,1,0,1,1,0,0,1,0,12192.0,2,1,1,1,0,0,1,0,18.3,274.2,1,1,6001,1,6,1
78000,0.0,0.0,0,0,1,0,78.553,0.0,0,0,1,0,3.699,0.863,1,33.76,0,0,1,1,0,1,1,0,0,1,0,12192.0,2,1,1,1,0,0,1,0,17.6,264.7,1,1,6001,1,6,1
78100,0.0,0.0,0,0,1,0,78.553,0.0,0,0,1,0,3.785,0.863,1,33.69,0,0,1,1,0,1,1,0,0,1,0,12192.0,2,1,1,1,0,0,1,0,18.2,276.3,1,1,6001,1,6,1
78200,0.0,0.0,0,0,1,0,78.553,0.0,0,0,1,0,3.871,0.863,1,33.72,0,0,1,1,0,1,1,0,0,1,0,12192.0,2,1,1,1,0,0,1,0,18.2,266.8,1,1,6001,1,6,1
78300,0.0,0.0,0,0,1,0,78.553,0.0,0,0,1,0,3.958,0.863,1,33.66,0,0,1,1,0,1,1,0,0,1,0,12192.0,2,1,1,1,0,0,1,0,18.1,268.1,1,1,6001,1,6,1
78400,0.0,0.0,0,0,1,0,78.553,0.0,0,0,1,0,4.044,0.863,1,33.7,0,0,1,1,0,1,1,0,0,1,0,12192.0,2,1,1,1,0,0,1,0,18.3,270.4,1,1,6001,1,6,1
78500,0.0,0.0,0,0,1,0,78.553,0.0,0,0,1,0,4.13,0.863,1,33.75,0,0,1,1,0,1,1,0,0,1,0,12192.0,2,1,1,1,0,0,1,0,18.6,272.1,1,1,6001,1,6,1
78600,0.0,0.0,0,0,1,0,78.553,0.0,0,0,1,0,4.216,0.863,1,33.72,0,0,1,1,0,1,1,0,0,1,0,12192.0,2,1,1,1,0,0,1,0,18.4,270.6,1,1,6001,1,6,1
78700,0.0,0.0,0,0,1,0,78.553,0.0,0,0,1,0,4.303,0.863,1,33.6,0,0,1,1,0,1,1,0,0,1,0,12192.0,2,1,1,1,0,0,1,0,17.2,271.5,1,1,6001,1,6,1
78800,0.0,0.0,0,0,1,0,78.553,0.0,0,0,1,0,4.389,0.863,1,33.66,0,0,1,1,0,1,1,0,0,1,0,12192.0,2,1,1,1,0,0,1,0,18.4,278.0,1,1,6001,1,6,1
78900,0.0,0.0,0,0,1,0,78.553,0.0,0,0,1,0,4.475,0.863,1,33.86,0,0,1,1,0,1,1,0,0,1,0,12192.0,2,1,1,1,0,0,1,0,18.1,268.3,1,1,6001,1,6,1
79000,0.0,0.0,0,0,1,0,78.553,0.0,0,0,1,0,4.562,0.863,1,33.71,0,0,1,1,0,1,1,0,0,1,0,12192.0,2,1,1,1,0,0,1,0,17.8,269.4,1,1,6001,1,6,1
79100,0.0,0.0,0,0,1,0,78.553,0.0,0,0,1,0,4.648,0.863,1,33.76,0,0,1,1,0,1,1,0,0,1,0,12192.0,2,1,1,1,0,0,1,0,17.9,268.6,1,1,6001,1,6,1
79200,0.0,0.0,0,0,1,0,78.553,0.0,0,0,1,0,4.734,0.863,1,33.59,0,0,1,1,0,1,1,0,0,1,0,12192.0,2,1,1,1,0,0,1,0,17.7,269.3,1,1,6001,1,6,1
79300,0.0,0.0,0,0,1,0,78.553,0.0,0,0,1,0,4.82,0.863,1,33.59,0,0,1,1,0,1,1,0,0,1,0,12192.0,2,1,1,1,0,0,1,0,17.1,274.4,1,1,6001,1,6,1
79400,0.0,0.0,0,0,1,0,78.553,0.0,0,0,1,0,4.907,0.863,1,33.82,0,0,1,1,0,1,1,0,0,1,0,12192.0,2,1,1,1,0,0,1,0,17.9,269.3,1,1,6001,1,6,1
79500,0.0,0.0,0,0,1,0,78.553,0.0,0,0,1,0,4.993,0.863,1,34.03,0,0,1,1,0,1,1,0,0,1,0,12192.0,2,1,1,1,0,0,1,0,18.3,266.2,1,1,6001,1,6,1
79600,0.0,0.0,0,0,1,0,78.553,0.0,0,0,1,0,5.079,0.863,1,33.76,0,0,1,1,0,1,1,0,0,1,0,12192.0,2,1,1,1,0,0,1,0,18.5,268.2,1,1,6001,1,6,1
79700,0.0,0.0,0,0,1,0,78.553,0.0,0,0,1,0,5.165,0.863,1,33.97,0,0,1,1,0,1,1,0,0,1,0,12192.0,2,1,1,1,0,0,1,0,18.0,268.9,1,1,6001,1,6,1
79800,0.0,0.0,0,0,1,0,78.553,0.0,0,0,1,0,5.252,0.863,1,33.84,0,0,1,1,0,1,1,0,0,1,0,12192.0,2,1,1,1,0,0,1,0,18.1,271.2,1,1,6001,1,6,1
79900,0.0,0.0,0,0,1,0,78.553,0.0,0,0,1,0,5.338,0.863,1,33.63,0,0,1,1,0,1,1,0,0,1,0,12192.0,2,1,1,1,0,0,1,0,17.7,272.1,1,1,6001,1,6,1
80000,0.0,0.0,0,0,1,0,78.553,0.0,0,0,1,0,5.424,0.863,1,33.79,0,0,1,1,0,1,1,0,0,1,0,12192.0,2,1,1,1,0,0,1,0,17.7,272.0,1,1,6001,1,6,1
80100,0.0,0.0,0,0,1,0,78.553,0.0,0,0,1,0,5.511,0.863,1,33.7,0,0,1,1,0,1,1,0,0,1,0,12192.0,2,1,1,1,0,0,1,0,18.4,264.3,1,1,6001,1,6,1
80200,0.0,0.0,0,0,1,0,78.553,0.0,0,0,1,0,5.597,0.863,1,33.75,0,0,1,1,0,1,1,0,0,1,0,12192.0,2,1,1,1,0,0,1,0,18.7,271.8,1,1,6001,1,6,1
80300,0.0,0.0,0,0,1,0,78.553,0.0,0,0,1,0,5.683,0.863,1,33.74,0,0,1,1,0,1,1,0,0,1,0,12192.0,2,1,1,1,0,0,1,0,18.4,268.1,1,1,6001,1,6,1
80400,0.0,0.0,0,0,1,0,78.553,0.0,0,0,1,0,5.769,0.863,1,33.69,0,0,1,1,0,1,1,0,0,1,0,12192.0,2,1,1,1,0,0,1,0,18.2,267.5,1,1,6001,1,6,1
80500,0.0,0.0,0,0,1,0,78.553,0.0,0,0,1,0,5.856,0.863,1,33.8,0,0,1,1,0,1,1,0,0,1,0,12192.0,2,1,1,1,0,0,1,0,18.5,272.4,1,1,6001,1,6,1
80600,0.0,0.0,0,0,1,0,78.553,0.0,0,0,1,0,5.942,0.863,1,33.5,0,0,1,1,0,1,1,0,0,1,0,12192.0,2,1,1,1,0,0,1,0,18.5,274.0,1,1,6001,1,6,1
80700,0.0,0.0,0,0,1,0,78.553,0.0,0,0,1,0,6.028,0.863,1,33.82,0,0,1,1,0,1,1,0,0,1,0,12192.0,2,1,1,1,0,0,1,0,17.9,268.1,1,1,6001,1,6,1
80800,0.0,0.0,0,0,1,0,78.553,0.0,0,0,1,0,6.115,0.863,1,33.69,0,0,1,1,0,1,1,0,0,1,0,12192.0,2,1,1,1,0,0,1,0,18.2,265.9,1,1,6001,1,6,1
80900,0.0,0.0,0,0,1,0,78.553,0.0,0,0,1,0,6.201,0.863,1,33.77,0,0,1,1,0,1,1,0,0,1,0,12192.0,2,1,1,1,0,0,1,0,18.4,267.1,1,1,6001,1,6,1
81000,0.0,0.0,0,0,1,0,78.553,0.0,0,0,1,0,6.287,0.863,1,33.62,0,0,1,1,0,1,1,0,0,1,0,12192.0,2,1,1,1,0,0,1,0,17.7,267.6,1,1,6001,1,6,1
81100,0.0,0.0,0,0,1,0,78.553,0.0,0,0,1,0,6.373,0.863,1,33.63,0,0,1,1,0,1,1,0,0,1,0,12192.0,2,1,1,1,0,0,1,0,18.9,270.4,1,1,6001,1,6,1
81200,0.0,0.0,0,0,1,0,78.553,0.0,0,0,1,0,6.46,0.863,1,33.71,0,0,1,1,0,1,1,0,0,1,0,12192.0,2,1,1,1,0,0,1,0,17.9,269.7,1,1,6001,1,6,1
81300,0.0,0.0,0,0,1,0,78.553,0.0,0,0,1,0,6.546,0.863,1,33.64,0,0,1,1,0,1,1,0,0,1,0,12192.0,2,1,1,1,0,0,1,0,18.3,267.1,1,1,6001,1,6,1
81400,0.0,0.0,0,0,1,0,78.553,0.0,0,0,1,0,6.632,0.863,1,33.9,0,0,1,1,0,1,1,0,0,1,0,12192.0,2,1,1,1,0,0,1,0,18.5,273.0,1,1,6001,1,6,1
81500,0.0,0.0,0,0,1,0,78.553,0.0,0,0,1,0,6.718,0.863,1,33.79,0,0,1,1,0,1,1,0,0,1,0,12192.0,2,1,1,1,0,0,1,0,18.3,270.5,1,1,6001,1,6,1
81600,0.0,0.0,0,0,1,0,78.553,0.0,0,0,1,0,6.805,0.863,1,33.62,0,0,1,1,0,1,1,0,0,1,0,12192.0,2,1,1,1,0,0,1,0,18.6,268.6,1,1,6001,1,6,1
81700,0.0,0.0,0,0,1,0,78.553,0.0,0,0,1,0,6.891,0.863,1,33.84,0,0,1,1,0,1,1,0,0,1,0,12192.0,2,1,1,1,0,0,1,0,19.4,268.7,1,1,6001,1,6,1
81800,0.0,0.0,0,0,1,0,78.553,0.0,0,0,1,0,6.977,0.863,1,33.86,0,0,1,1,0,1,1,0,0,1,0,12192.0,2,1,1,1,0,0,1,0,18.8,270.4,1,1,6001,1,6,1
81900,0.0,0.0,0,0,1,0,78.553,0.0,0,0,1,0,7.064,0.863,1,33.95,0,0,1,1,0,1,1,0,0,1,0,12192.0,2,1,1,1,0,0,1,0,18.7,272.8,1,1,6001,1,6,1
82000,0.0,0.0,0,0,1,0,78.553,0.0,0,0,1,0,7.15,0.863,1,34.02,0,0,1,1,0,1,1,0,0,1,0,12192.0,2,1,1,1,0,0,1,0,19.0,269.1,1,1,6001,1,6,1
82100,0.0,0.0,0,0,1,0,78.553,0.0,0,0,1,0,7.236,0.863,1,33.62,0,0,1,1,0,1,1,0,0,1,0,12192.0,2,1,1,1,0,0,1,0,18.4,274.2,1,1,6001,1,6,1
82200,0.0,0.0,0,0,1,0,78.553,0.0,0,0,1,0,7.322,0.863,1,33.64,0,0,1,1,0,1,1,0,0,1,0,12192.0,2,1,1,1,0,0,1,0,18.0,274.4,1,1,6001,1,6,1
82300,0.0,0.0,0,0,1,0,78.553,0.0,0,0,1,0,7.409,0.863,1,33.49,0,0,1,1,0,1,1,0,0,1,0,12192.0,2,1,1,1,0,0,1,0,18.7,275.1,1,1,6001,1,6,1
82400,0.0,0.0,0,0,1,0,78.553,0.0,0,0,1,0,7.495,0.863,1,33.81,0,0,1,1,0,1,1,0,0,1,0,12192.0,2,1,1,1,0,0,1,0,19.1,272.3,1,1,6001,1,6,1
82500,0.0,0.0,0,0,1,0,78.553,0.0,0,0,1,0,7.581,0.863,1,33.94,0,0,1,1,0,1,1,0,0,1,0,12192.0,2,1,1,1,0,0,1,0,18.4,273.2,1,1,6001,1,6,1
82600,0.0,0.0,0,0,1,0,78.553,0.0,0,0,1,0,7.667,0.863,1,33.64,0,0,1,1,0,1,1,0,0,1,0,12192.0,2,1,1,1,0,0,1,0,18.7,273.4,1,1,6001,1,6,1
82700,0.0,0.0,0,0,1,0,78.553,0.0,0,0,1,0,7.754,0.863,1,33.62,0,0,1,1,0,1,1,0,0,1,0,12192.0,2,1,1,1,0,0,1,0,19.1,273.3,1,1,6001,1,6,1
82800,0.0,0.0,0,0,1,0,78.553,0.0,0,0,1,0,7.84,0.863,1,33.56,0,0,1,1,0,1,1,0,0,1,0,12192.0,2,1,1,1,0,0,1,0,18.3,271.8,1,1,6001,1,6,1
82900,0.0,0.0,0,0,1,0,78.553,0.0,0,0,1,0,7.926,0.863,1,33.89,0,0,1,1,0,1,1,0,0,1,0,12192.0,2,1,1,1,0,0,1,0,18.9,270.7,1,1,6001,1,6,1
83000,0.0,0.0,0,0,1,0,78.553,0.0,0,0,1,0,8.013,0.863,1,33.72,0,0,1,1,0,1,1,0,0,1,0,12192.0,2,1,1,1,0,0,1,0,19.3,274.1,1,1,6001,1,6,1
83100,0.0,0.0,0,0,1,0,78.553,0.0,0,0,1,0,8.099,0.863,1,33.88,0,0,1,1,0,1,1,0,0,1,0,12192.0,2,1,1,1,0,0,1,0,19.2,271.1,1,1,6001,1,6,1
83200,0.0,0.0,0,0,1,0,78.553,0.0,0,0,1,0,8.185,0.863,1,33.77,0,0,1,1,0,1,1,0,0,1,0,12192.0,2,1,1,1,0,0,1,0,19.1,275.8,1,1,6001,1,6,1
83300,0.0,0.0,0,0,1,0,78.553,0.0,0,0,1,0,8.271,0.863,1,33.58,0,0,1,1,0,1,1,0,0,1,0,12192.0,2,1,1,1,0,0,1,0,19.5,272.0,1,1,6001,1,6,1
83400,0.0,0.0,0,0,1,0,78.553,0.0,0,0,1,0,8.358,0.863,1,33.66,0,0,1,1,0,1,1,0,0,1,0,12192.0,2,1,1,1,0,0,1,0,18.8,268.4,1,1,6001,1,6,1
83500,0.0,0.0,0,0,1,0,78.553,0.0,0,0,1,0,8.444,0.863,1,33.65,0,0,1,1,0,1,1,0,0,1,0,12192.0,2,1,1,1,0,0,1,0,19.6,267.8,1,1,6001,1,6,1
83600,0.0,0.0,0,0,1,0,78.553,0.0,0,0,1,0,8.53,0.863,1,33.9,0,0,1,1,0,1,1,0,0,1,0,12192.0,2,1,1,1,0,0,1,0,19.1,269.9,1,1,6001,1,6,1
83700,0.0,0.0,0,0,1,0,78.553,0.0,0,0,1,0,8.617,0.863,1,33.7,0,0,1,1,0,1,1,0,0,1,0,12192.0,2,1,1,1,0,0,1,0,19.2,269.2,1,1,6001,1,6,1
83800,0.0,0.0,0,0,1,0,78.553,0.0,0,0,1,0,8.703,0.863,1,33.67,0,0,1,1,0,1,1,0,0,1,0,12192.0,2,1,1,1,0,0,1,0,19.3,268.4,1,1,6001,1,6,1
83900,0.0,0.0,0,0,1,0,78.553,0.0,0,0,1,0,8.789,0.863,1,33.68,0,0,1,1,0,1,1,0,0,1,0,12192.0,2,1,1,1,0,0,1,0,18.5,267.7,1,1,6001,1,6,1
84000,0.0,0.0,0,0,1,0,78.553,0.0,0,0,1,0,8.875,0.863,1,33.62,0,0,1,1,0,1,1,0,0,1,0,12192.0,2,1,1,1,0,0,1,0,18.7,271.2,1,1,6001,1,6,1
84100,0.0,0.0,0,0,1,0,78.553,0.0,0,0,1,0,8.962,0.863,1,33.63,0,0,1,1,0,1,1,0,0,1,0,12192.0,2,1,1,1,0,0,1,0,18.8,273.0,1,1,6001,1,6,1
84200,0.0,0.0,0,0,1,0,78.553,0.0,0,0,1,0,9.048,0.863,1,33.68,0,0,1,1,0,1,1,0,0,1,0,12192.0,2,1,1,1,0,0,1,0,19.0,266.1,1,1,6001,1,6,1
84300,0.0,0.0,0,0,1,0,78.553,0.0,0,0,1,0,9.134,0.863,1,33.71,0,0,1,1,0,1,1,0,0,1,0,12192.0,2,1,1,1,0,0,1,0,19.0,269.0,1,1,6001,1,6,1
84400,0.0,0.0,0,0,1,0,78.553,0.0,0,0,1,0,9.22,0.863,1,33.45,0,0,1,1,0,1,1,0,0,1,0,12192.0,2,1,1,1,0,0,1,0,19.3,271.1,1,1,6001,1,6,1
84500,0.0,0.0,0,0,1,0,78.553,0.0,0,0,1,0,9.307,0.863,1,33.91,0,0,1,1,0,1,1,0,0,1,0,12192.0,2,1,1,1,0,0,1,0,18.8,272.1,1,1,6001,1,6,1
84600,0.0,0.0,0,0,1,0,78.553,0.0,0,0,1,0,9.393,0.863,1,33.83,0,0,1,1,0,1,1,0,0,1,0,12192.0,2,1,1,1,0,0,1,0,18.9,271.5,1,1,6001,1,6,1
84700,0.0,0.0,0,0,1,0,78.553,0.0,0,0,1,0,9.479,0.863,1,33.6,0,0,1,1,0,1,1,0,0,1,0,12192.0,2,1,1,1,0,0,1,0,18.2,267.5,1,1,6001,1,6,1
84800,0.0,0.0,0,0,1,0,78.553,0.0,0,0,1,0,9.566,0.863,1,33.56,0,0,1,1,0,1,1,0,0,1,0,12192.0,2,1,1,1,0,0,1,0,18.5,269.8,1,1,6001,1,6,1
84900,0.0,0.0,0,0,1,0,78.553,0.0,0,0,1,0,9.652,0.863,1,33.7,0,0,1,1,0,1,1,0,0,1,0,12192.0,2,1,1,1,0,0,1,0,17.9,272.5,1,1,6001,1,6,1
85000,0.0,0.0,0,0,1,0,78.553,0.0,0,0,1,0,9.738,0.863,1,33.81,0,0,1,1,0,1,1,0,0,1,0,12192.0,2,1,1,1,0,0,1,0,18.6,273.0,1,1,6001,1,6,1
85100,0.0,0.0,0,0,1,0,78.553,0.0,0,0,1,0,9.824,0.863,1,33.54,0,0,1,1,0,1,1,0,0,1,0,12192.0,2,1,1,1,0,0,1,0,18.2,275.1,1,1,6001,1,6,1
85200,0.0,0.0,0,0,1,0,78.553,0.0,0,0,1,0,9.911,0.863,1,33.69,0,0,1,1,0,1,1,0,0,1,0,12192.0,2,1,1,1,0,0,1,0,18.0,271.4,1,1,6001,1,6,1
85300,0.0,0.0,0,0,1,0,78.553,0.0,0,0,1,0,9.997,0.863,1,33.74,0,0,1,1,0,1,1,0,0,1,0,12192.0,2,1,1,1,0,0,1,0,17.7,270.6,1,1,6001,1,6,1
85400,0.0,0.0,0,0,1,0,78.553,0.0,0,0,1,0,10.083,0.863,1,33.77,0,0,1,1,0,1,1,0,0,1,0,12192.0,2,1,1,1,0,0,1,0,17.9,268.8,1,1,6001,1,6,1
85500,0.0,0.0,0,0,1,0,78.553,0.0,0,0,1,0,10.169,0.863,1,33.71,0,0,1,1,0,1,1,0,0,1,0,12192.0,2,1,1,1,0,0,1,0,18.1,267.3,1,1,6001,1,6,1
85600,0.0,0.0,0,0,1,0,78.553,0.0,0,0,1,0,10.256,0.863,1,33.73,0,0,1,1,0,1,1,0,0,1,0,12192.0,2,1,1,1,0,0,1,0,18.7,268.7,1,1,6001,1,6,1
85700,0.0,0.0,0,0,1,0,78.553,0.0,0,0,1,0,10.342,0.863,1,33.9,0,0,1,1,0,1,1,0,0,1,0,12192.0,2,1,1,1,0,0,1,0,17.5,272.1,1,1,6001,1,6,1
85800,0.0,0.0,0,0,1,0,78.553,0.0,0,0,1,0,10.428,0.863,1,33.84,0,0,1,1,0,1,1,0,0,1,0,12192.0,2,1,1,1,0,0,1,0,17.9,267.8,1,1,6001,1,6,1
85900,0.0,0.0,0,0,1,0,78.553,0.0,0,0,1,0,10.515,0.863,1,33.39,0,0,1,1,0,1,1,0,0,1,0,12192.0,2,1,1,1,0,0,1,0,18.3,270.7,1,1,6001,1,6,1
86000,0.0,0.0,0,0,1,0,78.553,0.0,0,0,1,0,10.601,0.863,1,33.76,0,0,1,1,0,1,1,0,0,1,0,12192.0,2,1,1,1,0,0,1,0,18.0,269.9,1,1,6001,1,6,1
86100,0.0,0.0,0,0,1,0,78.553,0.0,0,0,1,0,10.687,0.863,1,33.58,0,0,1,1,0,1,1,0,0,1,0,12192.0,2,1,1,1,0,0,1,0,18.1,268.4,1,1,6001,1,6,1
86200,0.0,0.0,0,0,1,0,78.553,0.0,0,0,1,0,10.773,0.863,1,33.72,0,0,1,1,0,1,1,0,0,1,0,12192.0,2,1,1,1,0,0,1,0,17.8,267.5,1,1,6001,1,6,1
86300,0.0,0.0,0,0,1,0,78.553,0.0,0,0,1,0,10.86,0.863,1,33.57,0,0,1,1,0,1,1,0,0,1,0,12192.0,2,1,1,1,0,0,1,0,17.4,268.8,1,1,6001,1,6,1
86400,0.0,0.0,0,0,1,0,78.553,0.0,0,0,1,0,10.946,0.863,1,33.57,0,0,1,1,0,1,1,0,0,1,0,12192.0,2,1,1,1,0,0,1,0,18.1,269.6,1,1,6001,1,6,1
86500,0.0,0.0,0,0,1,0,78.553,0.0,0,0,1,0,11.032,0.863,1,33.74,0,0,1,1,0,1,1,0,0,1,0,12192.0,2,1,1,1,0,0,1,0,18.0,274.6,1,1,6001,1,6,1
86600,0.0,0.0,0,0,1,0,78.553,0.0,0,0,1,0,11.119,0.863,1,33.76,0,0,1,1,0,1,1,0,0,1,0,12192.0,2,1,1,1,0,0,1,0,18.2,269.0,1,1,6001,1,6,1
86700,0.0,0.0,0,0,1,0,78.553,0.0,0,0,1,0,11.205,0.863,1,33.65,0,0,1,1,0,1,1,0,0,1,0,12192.0,2,1,1,1,0,0,1,0,17.8,270.8,1,1,6001,1,6,1
86800,0.0,0.0,0,0,1,0,78.553,0.0,0,0,1,0,11.291,0.863,1,33.89,0,0,1,1,0,1,1,0,0,1,0,12192.0,2,1,1,1,0,0,1,0,18.3,271.6,1,1,6001,1,6,1
86900,0.0,0.0,0,0,1,0,78.553,0.0,0,0,1,0,11.377,0.863,1,33.8,0,0,1,1,0,1,1,0,0,1,0,12192.0,2,1,1,1,0,0,1,0,18.3,269.3,1,1,6001,1,6,1
87000,0.0,0.0,0,0,1,0,78.553,0.0,0,0,1,0,11.464,0.863,1,33.84,0,0,1,1,0,1,1,0,0,1,0,12192.0,2,1,1,1,0,0,1,0,18.1,269.2,1,1,6001,1,6,1
87100,0.0,0.0,0,0,1,0,78.553,0.0,0,0,1,0,11.55,0.863,1,33.67,0,0,1,1,0,1,1,0,0,1,0,12192.0,2,1,1,1,0,0,1,0,18.1,270.5,1,1,6001,1,6,1
87200,0.0,0.0,0,0,1,0,78.553,0.0,0,0,1,0,11.636,0.863,1,33.63,0,0,1,1,0,1,1,0,0,1,0,12192.0,2,1,1,1,0,0,1,0,17.3,272.9,1,1,6001,1,6,1
87300,0.0,0.0,0,0,1,0,78.553,0.0,0,0,1,0,11.722,0.863,1,33.7,0,0,1,1,0,1,1,0,0,1,0,12192.0,2,1,1,1,0,0,1,0,18.0,270.1,1,1,6001,1,6,1
87400,0.0,0.0,0,0,1,0,78.553,0.0,0,0,1,0,11.809,0.863,1,33.83,0,0,1,1,0,1,1,0,0,1,0,12192.0,2,1,1,1,0,0,1,0,18.0,269.8,1,1,6001,1,6,1
87500,0.0,0.0,0,0,1,0,78.553,0.0,0,0,1,0,11.895,0.863,1,33.77,0,0,1,1,0,1,1,0,0,1,0,12192.0,2,1,1,1,0,0,1,0,18.0,265.0,1,1,6001,1,6,1
87600,0.0,0.0,0,0,1,0,78.553,0.0,0,0,1,0,11.981,0.863,1,33.75,0,0,1,1,0,1,1,0,0,1,0,12192.0,2,1,1,1,0,0,1,0,18.4,271.1,1,1,6001,1,6,1
87700,0.0,0.0,0,0,1,0,78.553,0.0,0,0,1,0,12.068,0.863,1,33.69,0,0,1,1,0,1,1,0,0,1,0,12192.0,2,1,1,1,0,0,1,0,16.9,270.9,1,1,6001,1,6,1
87800,0.0,0.0,0,0,1,0,78.553,0.0,0,0,1,0,12.154,0.863,1,33.98,0,0,1,1,0,1,1,0,0,1,0,12192.0,2,1,1,1,0,0,1,0,18.5,268.7,1,1,6001,1,6,1
87900,0.0,0.0,0,0,1,0,78.553,0.0,0,0,1,0,12.24,0.863,1,33.6,0,0,1,1,0,1,1,0,0,1,0,12192.0,2,1,1,1,0,0,1,0,18.2,270.6,1,1,6001,1,6,1
88000,0.0,0.0,0,0,1,0,78.553,0.0,0,0,1,0,12.326,0.863,1,33.51,0,0,1,1,0,1,1,0,0,1,0,12192.0,2,1,1,1,0,0,1,0,17.4,269.4,1,1,6001,1,6,1
88100,0.0,0.0,0,0,1,0,78.553,0.0,0,0,1,0,12.413,0.863,1,33.7,0,0,1,1,0,1,1,0,0,1,0,12192.0,2,1,1,1,0,0,1,0,17.0,268.3,1,1,6001,1,6,1
88200,0.0,0.0,0,0,1,0,78.553,0.0,0,0,1,0,12.499,0.863,1,33.89,0,0,1,1,0,1,1,0,0,1,0,12192.0,2,1,1,1,0,0,1,0,17.9,266.3,1,1,6001,1,6,1
88300,0.0,0.0,0,0,1,0,78.553,0.0,0,0,1,0,12.585,0.863,1,33.72,0,0,1,1,0,1,1,0,0,1,0,12192.0,2,1,1,1,0,0,1,0,18.3,266.3,1,1,6001,1,6,1
88400,0.0,0.0,0,0,1,0,78.553,0.0,0,0,1,0,12.671,0.863,1,33.6,0,0,1,1,0,1,1,0,0,1,0,12192.0,2,1,1,1,0,0,1,0,18.8,267.1,1,1,6001,1,6,1
88500,0.0,0.0,0,0,1,0,78.553,0.0,0,0,1,0,12.758,0.863,1,33.82,0,0,1,1,0,1,1,0,0,1,0,12192.0,2,1,1,1,0,0,1,0,18.0,272.5,1,1,6001,1,6,1
88600,0.0,0.0,0,0,1,0,78.553,0.0,0,0,1,0,12.844,0.863,1,33.74,0,0,1,1,0,1,1,0,0,1,0,12192.0,2,1,1,1,0,0,1,0,17.4,268.9,1,1,6001,1,6,1
88700,0.0,0.0,0,0,1,0,78.553,0.0,0,0,1,0,12.93,0.863,1,33.74,0,0,1,1,0,1,1,0,0,1,0,12192.0,2,1,1,1,0,0,1,0,17.8,273.0,1,1,6001,1,6,1
88800,0.0,0.0,0,0,1,0,78.553,0.0,0,0,1,0,13.017,0.863,1,33.83,0,0,1,1,0,1,1,0,0,1,0,12192.0,2,1,1,1,0,0,1,0,18.0,267.0,1,1,6001,1,6,1
88900,0.0,0.0,0,0,1,0,78.553,0.0,0,0,1,0,13.103,0.863,1,33.77,0,0,1,1,0,1,1,0,0,1,0,12192.0,2,1,1,1,0,0,1,0,17.7,273.0,1,1,6001,1,6,1
89000,0.0,0.0,0,0,1,0,78.553,0.0,0,0,1,0,13.189,0.863,1,33.77,0,0,1,1,0,1,1,0,0,1,0,12192.0,2,1,1,1,0,0,1,0,18.5,271.1,1,1,6001,1,6,1
89100,0.0,0.0,0,0,1,0,78.553,0.0,0,0,1,0,13.275,0.863,1,33.62,0,0,1,1,0,1,1,0,0,1,0,12192.0,2,1,1,1,0,0,1,0,18.4,269.6,1,1,6001,1,6,1
89200,0.0,0.0,0,0,1,0,78.553,0.0,0,0,1,0,13.362,0.863,1,33.6,0,0,1,1,0,1,1,0,0,1,0,12192.0,2,1,1,1,0,0,1,0,18.6,268.0,1,1,6001,1,6,1
89300,0.0,0.0,0,0,1,0,78.553,0.0,0,0,1,0,13.448,0.863,1,33.56,0,0,1,1,0,1,1,0,0,1,0,12192.0,2,1,1,1,0,0,1,0,17.4,267.9,1,1,6001,1,6,1
89400,0.0,0.0,0,0,1,0,78.553,0.0,0,0,1,0,13.534,0.863,1,33.69,0,0,1,1,0,1,1,0,0,1,0,12192.0,2,1,1,1,0,0,1,0,18.6,270.2,1,1,6001,1,6,1
89500,0.0,0.0,0,0,1,0,78.553,0.0,0,0,1,0,13.621,0.863,1,33.8,0,0,1,1,0,1,1,0,0,1,0,12192.0,2,1,1,1,0,0,1,0,19.1,267.8,1,1,6001,1,6,1
89600,0.0,0.0,0,0,1,0,78.553,0.0,0,0,1,0,13.707,0.863,1,33.74,0,0,1,1,0,1,1,0,0,1,0,12192.0,2,1,1,1,0,0,1,0,18.8,268.9,1,1,6001,1,6,1
89700,0.0,0.0,0,0,1,0,78.553,0.0,0,0,1,0,13.793,0.863,1,33.98,0,0,1,1,0,1,1,0,0,1,0,12192.0,2,1,1,1,0,0,1,0,18.3,273.8,1,1,6001,1,6,1
89800,0.0,0.0,0,0,1,0,78.553,0.0,0,0,1,0,13.879,0.863,1,33.59,0,0,1,1,0,1,1,0,0,1,0,12192.0,2,1,1,1,0,0,1,0,17.7,266.8,1,1,6001,1,6,1
89900,0.0,0.0,0,0,1,0,78.553,0.0,0,0,1,0,13.966,0.863,1,33.73,0,0,1,1,0,1,1,0,0,1,0,12192.0,2,1,1,1,0,0,1,0,19.4,269.1,1,1,6001,1,6,1
90000,0.0,0.0,0,0,1,0,78.553,0.0,0,0,1,0,14.052,0.863,1,33.7,0,0,1,1,0,1,1,0,0,1,0,12192.0,2,1,1,1,0,0,1,0,18.8,265.9,1,1,6001,1,6,1
90100,0.0,0.0,0,0,1,0,78.553,0.0,0,0,1,0,14.138,0.863,1,33.44,0,0,1,1,0,1,1,0,0,1,0,12192.0,2,1,1,1,0,0,1,0,18.7,268.6,1,1,6001,1,6,1
90200,0.0,0.0,0,0,1,0,78.553,0.0,0,0,1,0,14.224,0.863,1,33.52,0,0,1,1,0,1,1,0,0,1,0,12192.0,2,1,1,1,0,0,1,0,18.0,269.3,1,1,6001,1,6,1
90300,0.0,0.0,0,0,1,0,78.553,0.0,0,0,1,0,14.311,0.863,1,33.51,0,0,1,1,0,1,1,0,0,1,0,12192.0,2,1,1,1,0,0,1,0,18.2,267.2,1,1,6001,1,6,1
90400,0.0,0.0,0,0,1,0,78.553,0.0,0,0,1,0,14.397,0.863,1,33.8,0,0,1,1,0,1,1,0,0,1,0,12192.0,2,1,1,1,0,0,1,0,18.7,272.9,1,1,6001,1,6,1
90500,0.0,0.0,0,0,1,0,78.553,0.0,0,0,1,0,14.483,0.863,1,33.67,0,0,1,1,0,1,1,0,0,1,0,12192.0,2,1,1,1,0,0,1,0,19.1,267.7,1,1,6001,1,6,1
90600,0.0,0.0,0,0,1,0,78.553,0.0,0,0,1,0,14.57,0.863,1,33.73,0,0,1,1,0,1,1,0,0,1,0,12192.0,2,1,1,1,0,0,1,0,19.5,267.8,1,1,6001,1,6,1
90700,0.0,0.0,0,0,1,0,78.553,0.0,0,0,1,0,14.656,0.863,1,33.57,0,0,1,1,0,1,1,0,0,1,0,12192.0,2,1,1,1,0,0,1,0,19.3,271.9,1,1,6001,1,6,1
90800,0.0,0.0,0,0,1,0,78.553,0.0,0,0,1,0,14.742,0.863,1,33.86,0,0,1,1,0,1,1,0,0,1,0,12192.0,2,1,1,1,0,0,1,0,18.9,272.6,1,1,6001,1,6,1
90900,0.0,0.0,0,0,1,0,78.553,0.0,0,0,1,0,14.828,0.863,1,33.8,0,0,1,1,0,1,1,0,0,1,0,12192.0,2,1,1,1,0,0,1,0,19.6,268.6,1,1,6001,1,6,1
91000,0.0,0.0,0,0,1,0,78.553,0.0,0,0,1,0,14.915,0.863,1,33.81,0,0,1,1,0,1,1,0,0,1,0,12192.0,2,1,1,1,0,0,1,0,18.8,269.7,1,1,6001,1,6,1
91100,0.0,0.0,0,0,1,0,78.553,0.0,0,0,1,0,15.001,0.863,1,33.78,0,0,1,1,0,1,1,0,0,1,0,12192.0,2,1,1,1,0,0,1,0,18.1,269.7,1,1,6001,1,6,1
91200,0.0,0.0,0,0,1,0,78.553,0.0,0,0,1,0,15.087,0.863,1,33.64,0,0,1,1,0,1,1,0,0,1,0,12192.0,2,1,1,1,0,0,1,0,18.1,271.0,1,1,6001,1,6,1
91300,0.0,0.0,0,0,1,0,78.553,0.0,0,0,1,0,15.173,0.863,1,33.55,0,0,1,1,0,1,1,0,0,1,0,12192.0,2,1,1,1,0,0,1,0,18.6,270.7,1,1,6001,1,6,1
91400,0.0,0.0,0,0,1,0,78.553,0.0,0,0,1,0,15.26,0.863,1,33.63,0,0,1,1,0,1,1,0,0,1,0,12192.0,2,1,1,1,0,0,1,0,18.7,268.1,1,1,6001,1,6,1
91500,0.0,0.0,0,0,1,0,78.553,0.0,0,0,1,0,15.346,0.863,1,33.92,0,0,1,1,0,1,1,0,0,1,0,12192.0,2,1,1,1,0,0,1,0,18.8,268.1,1,1,6001,1,6,1
91600,0.0,0.0,0,0,1,0,78.553,0.0,0,0,1,0,15.432,0.863,1,33.8,0,0,1,1,0,1,1,0,0,1,0,12192.0,2,1,1,1,0,0,1,0,19.6,273.6,1,1,6001,1,6,1
91700,0.0,0.0,0,0,1,0,78.553,0.0,0,0,1,0,15.519,0.863,1,33.96,0,0,1,1,0,1,1,0,0,1,0,12192.0,2,1,1,1,0,0,1,0,19.7,270.3,1,1,6001,1,6,1
91800,0.0,0.0,0,0,1,0,78.553,0.0,0,0,1,0,15.605,0.863,1,33.63,0,0,1,1,0,1,1,0,0,1,0,12192.0,2,1,1,1,0,0,1,0,19.3,265.5,1,1,6001,1,6,1
91900,0.0,0.0,0,0,1,0,78.553,0.0,0,0,1,0,15.691,0.863,1,33.89,0,0,1,1,0,1,1,0,0,1,0,12192.0,2,1,1,1,0,0,1,0,18.3,271.3,1,1,6001,1,6,1
92000,0.0,0.0,0,0,1,0,78.553,0.0,0,0,1,0,15.777,0.863,1,33.82,0,0,1,1,0,1,1,0,0,1,0,12192.0,2,1,1,1,0,0,1,0,19.0,269.3,1,1,6001,1,6,1
92100,0.0,0.0,0,0,1,0,78.553,0.0,0,0,1,0,15.864,0.863,1,33.65,0,0,1,1,0,1,1,0,0,1,0,12192.0,2,1,1,1,0,0,1,0,19.2,269.5,1,1,6001,1,6,1
92200,0.0,0.0,0,0,1,0,78.553,0.0,0,0,1,0,15.95,0.863,1,33.63,0,0,1,1,0,1,1,0,0,1,0,12192.0,2,1,1,1,0,0,1,0,19.2,272.3,1,1,6001,1,6,1
92300,0.0,0.0,0,0,1,0,78.553,0.0,0,0,1,0,16.036,0.863,1,33.81,0,0,1,1,0,1,1,0,0,1,0,12192.0,2,1,1,1,0,0,1,0,18.7,268.1,1,1,6001,1,6,1
92400,0.0,0.0,0,0,1,0,78.553,0.0,0,0,1,0,16.122,0.863,1,33.56,0,0,1,1,0,1,1,0,0,1,0,12192.0,2,1,1,1,0,0,1,0,19.3,268.9,1,1,6001,1,6,1
92500,0.0,0.0,0,0,1,0,78.553,0.0,0,0,1,0,16.209,0.863,1,33.72,0,0,1,1,0,1,1,0,0,1,0,12192.0,2,1,1,1,0,0,1,0,19.0,269.0,1,1,6001,1,6,1
92600,0.0,0.0,0,0,1,0,78.553,0.0,0,0,1,0,16.295,0.863,1,33.48,0,0,1,1,0,1,1,0,0,1,0,12192.0,2,1,1,1,0,0,1,0,19.9,269.3,1,1,6001,1,6,1
92700,0.0,0.0,0,0,1,0,78.553,0.0,0,0,1,0,16.381,0.863,1,33.66,0,0,1,1,0,1,1,0,0,1,0,12192.0,2,1,1,1,0,0,1,0,18.8,269.2,1,1,6001,1,6,1
92800,0.0,0.0,0,0,1,0,78.553,0.0,0,0,1,0,16.468,0.863,1,33.52,0,0,1,1,0,1,1,0,0,1,0,12192.0,2,1,1,1,0,0,1,0,18.6,269.5,1,1,6001,1,6,1
92900,0.0,0.0,0,0,1,0,78.553,0.0,0,0,1,0,16.554,0.863,1,33.87,0,0,1,1,0,1,1,0,0,1,0,12192.0,2,1,1,1,0,0,1,0,18.4,267.8,1,1,6001,1,6,1
93000,0.0,0.0,0,0,1,0,78.553,0.0,0,0,1,0,16.64,0.863,1,33.92,0,0,1,1,0,1,1,0,0,1,0,12192.0,2,1,1,1,0,0,1,0,18.8,268.7,1,1,6001,1,6,1
93100,0.0,0.0,0,0,1,0,78.553,0.0,0,0,1,0,16.726,0.863,1,33.88,0,0,1,1,0,1,1,0,0,1,0,12192.0,2,1,1,1,0,0,1,0,18.7,269.3,1,1,6001,1,6,1
93200,0.0,0.0,0,0,1,0,78.553,0.0,0,0,1,0,16.813,0.863,1,33.86,0,0,1,1,0,1,1,0,0,1,0,12192.0,2,1,1,1,0,0,1,0,19.1,270.8,1,1,6001,1,6,1
93300,0.0,0.0,0,0,1,0,78.553,0.0,0,0,1,0,16.899,0.863,1,33.97,0,0,1,1,0,1,1,0,0,1,0,12192.0,2,1,1,1,0,0,1,0,18.6,269.6,1,1,6001,1,6,1
93400,0.0,0.0,0,0,1,0,78.553,0.0,0,0,1,0,16.985,0.863,1,33.73,0,0,1,1,0,1,1,0,0,1,0,12192.0,2,1,1,1,0,0,1,0,18.6,267.2,1,1,6001,1,6,1
93500,0.0,0.0,0,0,1,0,78.553,0.0,0,0,1,0,17.072,0.863,1,33.72,0,0,1,1,0,1,1,0,0,1,0,12192.0,2,1,1,1,0,0,1,0,19.1,275.2,1,1,6001,1,6,1
93600,0.0,0.0,0,0,1,0,78.553,0.0,0,0,1,0,17.158,0.863,1,33.86,0,0,1,1,0,1,1,0,0,1,0,12192.0,2,1,1,1,0,0,1,0,19.1,273.0,1,1,6001,1,6,1
93700,0.0,0.0,0,0,1,0,78.553,0.0,0,0,1,0,17.244,0.863,1,33.68,0,0,1,1,0,1,1,0,0,1,0,12192.0,2,1,1,1,0,0,1,0,18.3,269.9,1,1,6001,1,6,1
93800,0.0,0.0,0,0,1,0,78.553,0.0,0,0,1,0,17.33,0.863,1,33.91,0,0,1,1,0,1,1,0,0,1,0,12192.0,2,1,1,1,0,0,1,0,19.1,269.6,1,1,6001,1,6,1
93900,0.0,0.0,0,0,1,0,78.553,0.0,0,0,1,0,17.417,0.863,1,33.82,0,0,1,1,0,1,1,0,0,1,0,12192.0,2,1,1,1,0,0,1,0,18.5,270.3,1,1,6001,1,6,1
94000,0.0,0.0,0,0,1,0,78.553,0.0,0,0,1,0,17.503,0.863,1,33.98,0,0,1,1,0,1,1,0,0,1,0,12192.0,2,1,1,1,0,0,1,0,18.5,271.2,1,1,6001,1,6,1
94100,0.0,0.0,0,0,1,0,78.553,0.0,0,0,1,0,17.589,0.863,1,33.58,0,0,1,1,0,1,1,0,0,1,0,12192.0,2,1,1,1,0,0,1,0,17.8,269.4,1,1,6001,1,6,1
94200,0.0,0.0,0,0,1,0,78.553,0.0,0,0,1,0,17.675,0.863,1,33.78,0,0,1,1,0,1,1,0,0,1,0,12192.0,2,1,1,1,0,0,1,0,17.7,274.1,1,1,6001,1,6,1
94300,0.0,0.0,0,0,1,0,78.553,0.0,0,0,1,0,17.762,0.863,1,33.81,0,0,1,1,0,1,1,0,0,1,0,12192.0,2,1,1,1,0,0,1,0,18.8,271.2,1,1,6001,1,6,1
94400,0.0,0.0,0,0,1,0,78.553,0.0,0,0,1,0,17.848,0.863,1,33.7,0,0,1,1,0,1,1,0,0,1,0,12192.0,2,1,1,1,0,0,1,0,18.9,275.0,1,1,6001,1,6,1
94500,0.0,0.0,0,0,1,0,78.553,0.0,0,0,1,0,17.934,0.863,1,33.83,0,0,1,1,0,1,1,0,0,1,0,12192.0,2,1,1,1,0,0,1,0,17.8,271.0,1,1,6001,1,6,1
94600,0.0,0.0,0,0,1,0,78.553,0.0,0,0,1,0,18.021,0.863,1,33.71,0,0,1,1,0,1,1,0,0,1,0,12192.0,2,1,1,1,0,0,1,0,18.3,270.2,1,1,6001,1,6,1
94700,0.0,0.0,0,0,1,0,78.553,0.0,0,0,1,0,18.107,0.863,1,33.79,0,0,1,1,0,1,1,0,0,1,0,12192.0,2,1,1,1,0,0,1,0,18.1,273.0,1,1,6001,1,6,1
94800,0.0,0.0,0,0,1,0,78.553,0.0,0,0,1,0,18.193,0.863,1,33.81,0,0,1,1,0,1,1,0,0,1,0,12192.0,2,1,1,1,0,0,1,0,18.7,269.4,1,1,6001,1,6,1
94900,0.0,0.0,0,0,1,0,78.553,0.0,0,0,1,0,18.279,0.863,1,33.69,0,0,1,1,0,1,1,0,0,1,0,12192.0,2,1,1,1,0,0,1,0,17.7,272.9,1,1,6001,1,6,1
95000,0.0,0.0,0,0,1,0,78.553,0.0,0,0,1,0,18.366,0.863,1,33.83,0,0,1,1,0,1,1,0,0,1,0,12192.0,2,1,1,1,0,0,1,0,17.8,267.4,1,1,6001,1,6,1
95100,0.0,0.0,0,0,1,0,78.553,0.0,0,0,1,0,18.452,0.863,1,33.75,0,0,1,1,0,1,1,0,0,1,0,12192.0,2,1,1,1,0,0,1,0,17.9,272.1,1,1,6001,1,6,1
95200,0.0,0.0,0,0,1,0,78.553,0.0,0,0,1,0,18.538,0.863,1,33.86,0,0,1,1,0,1,1,0,0,1,0,12192.0,2,1,1,1,0,0,1,0,18.4,271.0,1,1,6001,1,6,1
95300,0.0,0.0,0,0,1,0,78.553,0.0,0,0,1,0,18.624,0.863,1,33.77,0,0,1,1,0,1,1,0,0,1,0,12192.0,2,1,1,1,0,0,1,0,17.6,269.1,1,1,6001,1,6,1
95400,0.0,0.0,0,0,1,0,78.553,0.0,0,0,1,0,18.711,0.863,1,33.71,0,0,1,1,0,1,1,0,0,1,0,12192.0,2,1,1,1,0,0,1,0,18.2,269.9,1,1,6001,1,6,1
95500,0.0,0.0,0,0,1,0,78.553,0.0,0,0,1,0,18.797,0.863,1,33.6,0,0,1,1,0,1,1,0,0,1,0,12192.0,2,1,1,1,0,0,1,0,17.8,266.6,1,1,6001,1,6,1
95600,0.0,0.0,0,0,1,0,78.553,0.0,0,0,1,0,18.883,0.863,1,33.79,0,0,1,1,0,1,1,0,0,1,0,12192.0,2,1,1,1,0,0,1,0,18.2,269.5,1,1,6001,1,6,1
95700,0.0,0.0,0,0,1,0,78.553,0.0,0,0,1,0,18.97,0.863,1,33.8,0,0,1,1,0,1,1,0,0,1,0,12192.0,2,1,1,1,0,0,1,0,18.6,265.2,1,1,6001,1,6,1
95800,0.0,0.0,0,0,1,0,78.553,0.0,0,0,1,0,19.056,0.863,1,33.72,0,0,1,1,0,1,1,0,0,1,0,12192.0,2,1,1,1,0,0,1,0,17.5,272.3,1,1,6001,1,6,1
95900,0.0,0.0,0,0,1,0,78.553,0.0,0,0,1,0,19.142,0.863,1,34.01,0,0,1,1,0,1,1,0,0,1,0,12192.0,2,1,1,1,0,0,1,0,17.2,272.3,1,1,6001,1,6,1
96000,0.0,0.0,0,0,1,0,78.553,0.0,0,0,1,0,19.228,0.863,1,33.78,0,0,1,1,0,1,1,0,0,1,0,12192.0,2,1,1,1,0,0,1,0,17.1,265.4,1,1,6001,1,6,1
96100,0.0,0.0,0,0,1,0,78.553,0.0,0,0,1,0,19.315,0.863,1,33.66,0,0,1,1,0,1,1,0,0,1,0,12192.0,2,1,1,1,0,0,1,0,17.7,271.6,1,1,6001,1,6,1
96200,0.0,0.0,0,0,1,0,78.553,0.0,0,0,1,0,19.401,0.863,1,33.87,0,0,1,1,0,1,1,0,0,1,0,12192.0,2,1,1,1,0,0,1,0,17.7,275.4,1,1,6001,1,6,1
96300,0.0,0.0,0,0,1,0,78.553,0.0,0,0,1,0,19.487,0.863,1,33.7,0,0,1,1,0,1,1,0,0,1,0,12192.0,2,1,1,1,0,0,1,0,17.7,266.3,1,1,6001,1,6,1
96400,0.0,0.0,0,0,1,0,78.553,0.0,0,0,1,0,19.574,0.863,1,33.68,0,0,1,1,0,1,1,0,0,1,0,12192.0,2,1,1,1,0,0,1,0,18.1,268.1,1,1,6001,1,6,1
96500,0.0,0.0,0,0,1,0,78.553,0.0,0,0,1,0,19.66,0.863,1,33.61,0,0,1,1,0,1,1,0,0,1,0,12192.0,2,1,1,1,0,0,1,0,17.5,271.5,1,1,6001,1,6,1
96600,0.0,0.0,0,0,1,0,78.553,0.0,0,0,1,0,19.746,0.863,1,33.71,0,0,1,1,0,1,1,0,0,1,0,12192.0,2,1,1,1,0,0,1,0,17.9,270.6,1,1,6001,1,6,1
96700,0.0,0.0,0,0,1,0,78.553,0.0,0,0,1,0,19.832,0.863,1,33.64,0,0,1,1,0,1,1,0,0,1,0,12192.0,2,1,1,1,0,0,1,0,18.0,264.0,1,1,6001,1,6,1
96800,0.0,0.0,0,0,1,0,78.553,0.0,0,0,1,0,19.919,0.863,1,33.95,0,0,1,1,0,1,1,0,0,1,0,12192.0,2,1,1,1,0,0,1,0,17.9,266.0,1,1,6001,1,6,1
96900,0.0,0.0,0,0,1,0,78.553,0.0,0,0,1,0,20.005,0.863,1,33.78,0,0,1,1,0,1,1,0,0,1,0,12192.0,2,1,1,1,0,0,1,0,17.3,267.9,1,1,6001,1,6,1
97000,0.0,0.0,0,0,1,0,78.553,0.0,0,0,1,0,20.091,0.863,1,33.83,0,0,1,1,0,1,1,0,0,1,0,12192.0,2,1,1,1,0,0,1,0,17.2,270.3,1,1,6001,1,6,1
97100,0.0,0.0,0,0,1,0,78.553,0.0,0,0,1,0,20.177,0.863,1,33.71,0,0,1,1,0,1,1,0,0,1,0,12192.0,2,1,1,1,0,0,1,0,17.9,270.1,1,1,6001,1,6,1
97200,0.0,0.0,0,0,1,0,78.553,0.0,0,0,1,0,20.264,0.863,1,33.71,0,0,1,1,0,1,1,0,0,1,0,12192.0,2,1,1,1,0,0,1,0,18.1,272.6,1,1,6001,1,6,1
97300,0.0,0.0,0,0,1,0,78.553,0.0,0,0,1,0,20.35,0.863,1,33.71,0,0,1,1,0,1,1,0,0,1,0,12192.0,2,1,1,1,0,0,1,0,18.4,273.0,1,1,6001,1,6,1
97400,0.0,0.0,0,0,1,0,78.553,0.0,0,0,1,0,20.436,0.863,1,33.76,0,0,1,1,0,1,1,0,0,1,0,12192.0,2,1,1,1,0,0,1,0,18.4,265.5,1,1,6001,1,6,1
97500,0.0,0.0,0,0,1,0,78.553,0.0,0,0,1,0,20.523,0.863,1,33.94,0,0,1,1,0,1,1,0,0,1,0,12192.0,2,1,1,1,0,0,1,0,18.4,273.4,1,1,6001,1,6,1
97600,0.0,0.0,0,0,1,0,78.553,0.0,0,0,1,0,20.609,0.863,1,33.9,0,0,1,1,0,1,1,0,0,1,0,12192.0,2,1,1,1,0,0,1,0,17.7,263.6,1,1,6001,1,6,1
97700,0.0,0.0,0,0,1,0,78.553,0.0,0,0,1,0,20.695,0.863,1,33.7,0,0,1,1,0,1,1,0,0,1,0,12192.0,2,1,1,1,0,0,1,0,17.7,272.1,1,1,6001,1,6,1
97800,0.0,0.0,0,0,1,0,78.553,0.0,0,0,1,0,20.781,0.863,1,33.74,0,0,1,1,0,1,1,0,0,1,0,12192.0,2,1,1,1,0,0,1,0,17.9,269.1,1,1,6001,1,6,1
97900,0.0,0.0,0,0,1,0,78.553,0.0,0,0,1,0,20.868,0.863,1,33.94,0,0,1,1,0,1,1,0,0,1,0,12192.0,2,1,1,1,0,0,1,0,17.6,271.0,1,1,6001,1,6,1
98000,0.0,0.0,0,0,1,0,78.553,0.0,0,0,1,0,20.954,0.863,1,33.66,0,0,1,1,0,1,1,0,0,1,0,12192.0,2,1,1,1,0,0,1,0,17.9,271.7,1,1,6001,1,6,1
98100,0.0,0.0,0,0,1,0,78.553,0.0,0,0,1,0,21.04,0.863,1,33.42,0,0,1,1,0,1,1,0,0,1,0,12192.0,2,1,1,1,0,0,1,0,18.4,268.8,1,1,6001,1,6,1
98200,0.0,0.0,0,0,1,0,78.553,0.0,0,0,1,0,21.126,0.863,1,33.73,0,0,1,1,0,1,1,0,0,1,0,12192.0,2,1,1,1,0,0,1,0,17.1,267.6,1,1,6001,1,6,1
98300,0.0,0.0,0,0,1,0,78.553,0.0,0,0,1,0,21.213,0.863,1,33.84,0,0,1,1,0,1,1,0,0,1,0,12192.0,2,1,1,1,0,0,1,0,18.4,269.4,1,1,6001,1,6,1
98400,0.0,0.0,0,0,1,0,78.553,0.0,0,0,1,0,21.299,0.863,1,33.89,0,0,1,1,0,1,1,0,0,1,0,12192.0,2,1,1,1,0,0,1,0,18.2,272.9,1,1,6001,1,6,1
98500,0.0,0.0,0,0,1,0,78.553,0.0,0,0,1,0,21.385,0.863,1,33.66,0,0,1,1,0,1,1,0,0,1,0,12192.0,2,1,1,1,0,0,1,0,18.2,267.3,1,1,6001,1,6,1
98600,0.0,0.0,0,0,1,0,78.553,0.0,0,0,1,0,21.472,0.863,1,33.73,0,0,1,1,0,1,1,0,0,1,0,12192.0,2,1,1,1,0,0,1,0,18.8,271.2,1,1,6001,1,6,1
98700,0.0,0.0,0,0,1,0,78.553,0.0,0,0,1,0,21.558,0.863,1,33.77,0,0,1,1,0,1,1,0,0,1,0,12192.0,2,1,1,1,0,0,1,0,18.1,272.0,1,1,6001,1,6,1
98800,0.0,0.0,0,0,1,0,78.553,0.0,0,0,1,0,21.644,0.863,1,33.53,0,0,1,1,0,1,1,0,0,1,0,12192.0,2,1,1,1,0,0,1,0,18.7,269.3,1,1,6001,1,6,1
98900,0.0,0.0,0,0,1,0,78.553,0.0,0,0,1,0,21.73,0.863,1,33.77,0,0,1,1,0,1,1,0,0,1,0,12192.0,2,1,1,1,0,0,1,0,17.7,270.4,1,1,6001,1,6,1
99000,0.0,0.0,0,0,1,0,78.553,0.0,0,0,1,0,21.817,0.863,1,33.77,0,0,1,1,0,1,1,0,0,1,0,12192.0,2,1,1,1,0,0,1,0,18.1,271.9,1,1,6001,1,6,1
99100,0.0,0.0,0,0,1,0,78.553,0.0,0,0,1,0,21.903,0.863,1,33.7,0,0,1,1,0,1,1,0,0,1,0,12192.0,2,1,1,1,0,0,1,0,18.8,267.5,1,1,6001,1,6,1
99200,0.0,0.0,0,0,1,0,78.553,0.0,0,0,1,0,21.989,0.863,1,33.49,0,0,1,1,0,1,1,0,0,1,0,12192.0,2,1,1,1,0,0,1,0,18.9,269.1,1,1,6001,1,6,1
99300,0.0,0.0,0,0,1,0,78.553,0.0,0,0,1,0,22.076,0.863,1,33.66,0,0,1,1,0,1,1,0,0,1,0,12192.0,2,1,1,1,0,0,1,0,17.8,272.7,1,1,6001,1,6,1
99400,0.0,0.0,0,0,1,0,78.553,0.0,0,0,1,0,22.162,0.863,1,33.67,0,0,1,1,0,1,1,0,0,1,0,12192.0,2,1,1,1,0,0,1,0,18.9,268.6,1,1,6001,1,6,1
99500,0.0,0.0,0,0,1,0,78.553,0.0,0,0,1,0,22.248,0.863,1,33.62,0,0,1,1,0,1,1,0,0,1,0,12192.0,2,1,1,1,0,0,1,0,17.9,271.5,1,1,6001,1,6,1
99600,0.0,0.0,0,0,1,0,78.553,0.0,0,0,1,0,22.334,0.863,1,33.89,0,0,1,1,0,1,1,0,0,1,0,12192.0,2,1,1,1,0,0,1,0,19.3,266.2,1,1,6001,1,6,1
99700,0.0,0.0,0,0,1,0,78.553,0.0,0,0,1,0,22.421,0.863,1,33.97,0,0,1,1,0,1,1,0,0,1,0,12192.0,2,1,1,1,0,0,1,0,18.4,264.2,1,1,6001,1,6,1
99800,0.0,0.0,0,0,1,0,78.553,0.0,0,0,1,0,22.507,0.863,1,33.79,0,0,1,1,0,1,1,0,0,1,0,12192.0,2,1,1,1,0,0,1,0,18.7,269.0,1,1,6001,1,6,1
99900,0.0,0.0,0,0,1,0,78.553,0.0,0,0,1,0,22.593,0.863,1,33.95,0,0,1,1,0,1,1,0,0,1,0,12192.0,2,1,1,1,0,0,1,0,18.9,271.7,1,1,6001,1,6,1
100000,0.0,0.0,0,0,1,0,78.553,0.0,0,0,1,0,22.679,0.863,1,33.57,0,0,1,1,0,1,1,0,0,1,0,12192.0,2,1,1,1,0,0,1,0,19.0,269.3,1,1,6001,1,6,1
100100,0.0,0.0,0,0,1,0,78.553,0.0,0,0,1,0,22.766,0.863,1,33.93,0,0,1,1,0,1,1,0,0,1,0,12192.0,2,1,1,1,0,0,1,0,18.8,268.2,1,1,6001,1,6,1
100200,0.0,0.0,0,0,1,0,78.553,0.0,0,0,1,0,22.852,0.863,1,33.86,0,0,1,1,0,1,1,0,0,1,0,12192.0,2,1,1,1,0,0,1,0,19.0,266.9,1,1,6001,1,6,1
100300,0.0,0.0,0,0,1,0,78.553,0.0,0,0,1,0,22.938,0.863,1,33.69,0,0,1,1,0,1,1,0,0,1,0,12192.0,2,1,1,1,0,0,1,0,19.6,270.2,1,1,6001,1,6,1
100400,0.0,0.0,0,0,1,0,78.553,0.0,0,0,1,0,23.025,0.863,1,33.81,0,0,1,1,0,1,1,0,0,1,0,12192.0,2,1,1,1,0,0,1,0,19.1,268.7,1,1,6001,1,6,1
100500,0.0,0.0,0,0,1,0,78.553,0.0,0,0,1,0,23.111,0.863,1,33.67,0,0,1,1,0,1,1,0,0,1,0,12192.0,2,1,1,1,0,0,1,0,19.4,267.3,1,1,6001,1,6,1
100600,0.0,0.0,0,0,1,0,78.553,0.0,0,0,1,0,23.197,0.863,1,33.81,0,0,1,1,0,1,1,0,0,1,0,12192.0,2,1,1,1,0,0,1,0,20.0,269.2,1,1,6001,1,6,1
100700,0.0,0.0,0,0,1,0,78.553,0.0,0,0,1,0,23.283,0.863,1,33.72,0,0,1,1,0,1,1,0,0,1,0,12192.0,2,1,1,1,0,0,1,0,18.7,268.6,1,1,6001,1,6,1
100800,0.0,0.0,0,0,1,0,78.553,0.0,0,0,1,0,23.37,0.863,1,33.56,0,0,1,1,0,1,1,0,0,1,0,12192.0,2,1,1,1,0,0,1,0,19.3,273.2,1,1,6001,1,6,1
100900,0.0,0.0,0,0,1,0,78.553,0.0,0,0,1,0,23.456,0.863,1,33.88,0,0,1,1,0,1,1,0,0,1,0,12192.0,2,1,1,1,0,0,1,0,19.0,272.3,1,1,6001,1,6,1
101000,0.0,0.0,0,0,1,0,78.553,0.0,0,0,1,0,23.542,0.863,1,33.61,0,0,1,1,0,1,1,0,0,1,0,12192.0,2,1,1,1,0,0,1,0,19.5,269.6,1,1,6001,1,6,1
101100,0.0,0.0,0,0,1,0,78.553,0.0,0,0,1,0,23.628,0.863,1,33.62,0,0,1,1,0,1,1,0,0,1,0,12192.0,2,1,1,1,0,0,1,0,19.3,271.4,1,1,6001,1,6,1
101200,0.0,0.0,0,0,1,0,78.553,0.0,0,0,1,0,23.715,0.863,1,33.65,0,0,1,1,0,1,1,0,0,1,0,12192.0,2,1,1,1,0,0,1,0,19.4,276.3,1,1,6001,1,6,1
101300,0.0,0.0,0,0,1,0,78.553,0.0,0,0,1,0,23.801,0.863,1,33.73,0,0,1,1,0,1,1,0,0,1,0,12192.0,2,1,1,1,0,0,1,0,19.4,269.0,1,1,6001,1,6,1
101400,0.0,0.0,0,0,1,0,78.553,0.0,0,0,1,0,23.887,0.863,1,33.88,0,0,1,1,0,1,1,0,0,1,0,12192.0,2,1,1,1,0,0,1,0,19.0,272.1,1,1,6001,1,6,1
101500,0.0,0.0,0,0,1,0,78.553,0.0,0,0,1,0,23.974,0.863,1,33.57,0,0,1,1,0,1,1,0,0,1,0,12192.0,2,1,1,1,0,0,1,0,19.1,269.5,1,1,6001,1,6,1
101600,0.0,0.0,0,0,1,0,78.553,0.0,0,0,1,0,24.06,0.863,1,33.77,0,0,1,1,0,1,1,0,0,1,0,12192.0,2,1,1,1,0,0,1,0,18.7,270.7,1,1,6001,1,6,1
101700,0.0,0.0,0,0,1,0,78.553,0.0,0,0,1,0,24.146,0.863,1,33.8,0,0,1,1,0,1,1,0,0,1,0,12192.0,2,1,1,1,0,0,1,0,18.9,267.0,1,1,6001,1,6,1
101800,0.0,0.0,0,0,1,0,78.553,0.0,0,0,1,0,24.232,0.863,1,33.51,0,0,1,1,0,1,1,0,0,1,0,12192.0,2,1,1,1,0,0,1,0,19.1,273.0,1,1,6001,1,6,1
101900,0.0,0.0,0,0,1,0,78.553,0.0,0,0,1,0,24.319,0.863,1,33.93,0,0,1,1,0,1,1,0,0,1,0,12192.0,2,1,1,1,0,0,1,0,19.6,268.3,1,1,6001,1,6,1
102000,0.0,0.0,0,0,1,0,78.553,0.0,0,0,1,0,24.405,0.863,1,33.84,0,0,1,1,0,1,1,0,0,1,0,12192.0,2,1,1,1,0,0,1,0,19.2,270.7,1,1,6001,1,6,1
102100,0.0,0.0,0,0,1,0,78.553,0.0,0,0,1,0,24.491,0.863,1,33.84,0,0,1,1,0,1,1,0,0,1,0,12192.0,2,1,1,1,0,0,1,0,18.6,273.9,1,1,6001,1,6,1
102200,0.0,0.0,0,0,1,0,78.553,0.0,0,0,1,0,24.578,0.863,1,33.76,0,0,1,1,0,1,1,0,0,1,0,12192.0,2,1,1,1,0,0,1,0,19.3,270.7,1,1,6001,1,6,1
102300,0.0,0.0,0,0,1,0,78.553,0.0,0,0,1,0,24.664,0.863,1,33.66,0,0,1,1,0,1,1,0,0,1,0,12192.0,2,1,1,1,0,0,1,0,18.5,271.9,1,1,6001,1,6,1
102400,0.0,0.0,0,0,1,0,78.553,0.0,0,0,1,0,24.75,0.863,1,33.56,0,0,1,1,0,1,1,0,0,1,0,12192.0,2,1,1,1,0,0,1,0,18.2,271.2,1,1,6001,1,6,1
102500,0.0,0.0,0,0,1,0,78.553,0.0,0,0,1,0,24.836,0.863,1,33.78,0,0,1,1,0,1,1,0,0,1,0,12192.0,2,1,1,1,0,0,1,0,18.9,272.7,1,1,6001,1,6,1
102600,0.0,0.0,0,0,1,0,78.553,0.0,0,0,1,0,24.923,0.863,1,33.91,0,0,1,1,0,1,1,0,0,1,0,12192.0,2,1,1,1,0,0,1,0,18.5,270.7,1,1,6001,1,6,1
102700,0.0,0.0,0,0,1,0,78.553,0.0,0,0,1,0,25.009,0.863,1,33.86,0,0,1,1,0,1,1,0,0,1,0,12192.0,2,1,1,1,0,0,1,0,18.7,272.0,1,1,6001,1,6,1
102800,0.0,0.0,0,0,1,0,78.553,0.0,0,0,1,0,25.095,0.863,1,33.77,0,0,1,1,0,1,1,0,0,1,0,12192.0,2,1,1,1,0,0,1,0,18.6,273.8,1,1,6001,1,6,1
102900,0.0,0.0,0,0,1,0,78.553,0.0,0,0,1,0,25.181,0.863,1,33.88,0,0,1,1,0,1,1,0,0,1,0,12192.0,2,1,1,1,0,0,1,0,18.5,273.2,1,1,6001,1,6,1
103000,0.0,0.0,0,0,1,0,78.553,0.0,0,0,1,0,25.268,0.863,1,33.63,0,0,1,1,0,1,1,0,0,1,0,12192.0,2,1,1,1,0,0,1,0,17.7,269.7,1,1,6001,1,6,1
103100,0.0,0.0,0,0,1,0,78.553,0.0,0,0,1,0,25.354,0.863,1,33.84,0,0,1,1,0,1,1,0,0,1,0,12192.0,2,1,1,1,0,0,1,0,17.7,270.7,1,1,6001,1,6,1
103200,0.0,0.0,0,0,1,0,78.553,0.0,0,0,1,0,25.44,0.863,1,33.77,0,0,1,1,0,1,1,0,0,1,0,12192.0,2,1,1,1,0,0,1,0,18.2,268.1,1,1,6001,1,6,1
103300,0.0,0.0,0,0,1,0,78.553,0.0,0,0,1,0,25.527,0.863,1,33.81,0,0,1,1,0,1,1,0,0,1,0,12192.0,2,1,1,1,0,0,1,0,18.2,269.9,1,1,6001,1,6,1
103400,0.0,0.0,0,0,1,0,78.553,0.0,0,0,1,0,25.613,0.863,1,33.85,0,0,1,1,0,1,1,0,0,1,0,12192.0,2,1,1,1,0,0,1,0,18.1,273.2,1,1,6001,1,6,1
103500,0.0,0.0,0,0,1,0,78.553,0.0,0,0,1,0,25.699,0.863,1,33.73,0,0,1,1,0,1,1,0,0,1,0,12192.0,2,1,1,1,0,0,1,0,18.2,263.6,1,1,6001,1,6,1
103600,0.0,0.0,0,0,1,0,78.553,0.0,0,0,1,0,25.785,0.863,1,33.88,0,0,1,1,0,1,1,0,0,1,0,12192.0,2,1,1,1,0,0,1,0,17.9,266.8,1,1,6001,1,6,1
103700,0.0,0.0,0,0,1,0,78.553,0.0,0,0,1,0,25.872,0.863,1,33.81,0,0,1,1,0,1,1,0,0,1,0,12192.0,2,1,1,1,0,0,1,0,18.5,265.8,1,1,6001,1,6,1
103800,0.0,0.0,0,0,1,0,78.553,0.0,0,0,1,0,25.958,0.863,1,33.75,0,0,1,1,0,1,1,0,0,1,0,12192.0,2,1,1,1,0,0,1,0,17.9,269.2,1,1,6001,1,6,1
103900,0.0,0.0,0,0,1,0,78.553,0.0,0,0,1,0,26.044,0.863,1,33.83,0,0,1,1,0,1,1,0,0,1,0,12192.0,2,1,1,1,0,0,1,0,18.1,269.3,1,1,6001,1,6,1
104000,0.0,0.0,0,0,1,0,78.553,0.0,0,0,1,0,26.13,0.863,1,33.66,0,0,1,1,0,1,1,0,0,1,0,12192.0,2,1,1,1,0,0,1,0,17.7,270.1,1,1,6001,1,6,1
104100,0.0,0.0,0,0,1,0,78.553,0.0,0,0,1,0,26.217,0.863,1,34.03,0,0,1,1,0,1,1,0,0,1,0,12192.0,2,1,1,1,0,0,1,0,17.9,271.5,1,1,6001,1,6,1
104200,0.0,0.0,0,0,1,0,78.553,0.0,0,0,1,0,26.303,0.863,1,33.65,0,0,1,1,0,1,1,0,0,1,0,12192.0,2,1,1,1,0,0,1,0,17.6,271.5,1,1,6001,1,6,1
104300,0.0,0.0,0,0,1,0,78.553,0.0,0,0,1,0,26.389,0.863,1,33.75,0,0,1,1,0,1,1,0,0,1,0,12192.0,2,1,1,1,0,0,1,0,18.2,272.2,1,1,6001,1,6,1
104400,0.0,0.0,0,0,1,0,78.553,0.0,0,0,1,0,26.476,0.863,1,33.83,0,0,1,1,0,1,1,0,0,1,0,12192.0,2,1,1,1,0,0,1,0,18.8,270.3,1,1,6001,1,6,1
104500,0.0,0.0,0,0,1,0,78.553,0.0,0,0,1,0,26.562,0.863,1,33.71,0,0,1,1,0,1,1,0,0,1,0,12192.0,2,1,1,1,0,0,1,0,17.8,273.5,1,1,6001,1,6,1
104600,0.0,0.0,0,0,1,0,78.553,0.0,0,0,1,0,26.648,0.863,1,33.65,0,0,1,1,0,1,1,0,0,1,0,12192.0,2,1,1,1,0,0,1,0,18.1,273.0,1,1,6001,1,6,1
104700,0.0,0.0,0,0,1,0,78.553,0.0,0,0,1,0,26.734,0.863,1,33.92,0,0,1,1,0,1,1,0,0,1,0,12192.0,2,1,1,1,0,0,1,0,18.2,271.6,1,1,6001,1,6,1
104800,0.0,0.0,0,0,1,0,78.553,0.0,0,0,1,0,26.821,0.863,1,33.61,0,0,1,1,0,1,1,0,0,1,0,12192.0,2,1,1,1,0,0,1,0,17.4,269.7,1,1,6001,1,6,1
104900,0.0,0.0,0,0,1,0,78.553,0.0,0,0,1,0,26.907,0.863,1,33.66,0,0,1,1,0,1,1,0,0,1,0,12192.0,2,1,1,1,0,0,1,0,18.5,266.7,1,1,6001,1,6,1
105000,0.0,0.0,0,0,1,0,78.553,0.0,0,0,1,0,26.993,0.863,1,33.79,0,0,1,1,0,1,1,0,0,1,0,12192.0,2,1,1,1,0,0,1,0,18.1,266.9,1,1,6001,1,6,1
105100,0.0,0.0,0,0,1,0,78.553,0.0,0,0,1,0,27.079,0.863,1,33.73,0,0,1,1,0,1,1,0,0,1,0,12192.0,2,1,1,1,0,0,1,0,17.2,268.4,1,1,6001,1,6,1
105200,0.0,0.0,0,0,1,0,78.553,0.0,0,0,1,0,27.166,0.863,1,33.69,0,0,1,1,0,1,1,0,0,1,0,12192.0,2,1,1,1,0,0,1,0,18.0,270.1,1,1,6001,1,6,1
105300,0.0,0.0,0,0,1,0,78.553,0.0,0,0,1,0,27.252,0.863,1,33.6,0,0,1,1,0,1,1,0,0,1,0,12192.0,2,1,1,1,0,0,1,0,17.9,272.6,1,1,6001,1,6,1
105400,0.0,0.0,0,0,1,0,78.553,0.0,0,0,1,0,27.338,0.863,1,33.51,0,0,1,1,0,1,1,0,0,1,0,12192.0,2,1,1,1,0,0,1,0,17.7,267.8,1,1,6001,1,6,1
105500,0.0,0.0,0,0,1,0,78.553,0.0,0,0,1,0,27.425,0.863,1,33.78,0,0,1,1,0,1,1,0,0,1,0,12192.0,2,1,1,1,0,0,1,0,17.4,271.8,1,1,6001,1,6,1
105600,0.0,0.0,0,0,1,0,78.553,0.0,0,0,1,0,27.511,0.863,1,33.78,0,0,1,1,0,1,1,0,0,1,0,12192.0,2,1,1,1,0,0,1,0,18.5,272.5,1,1,6001,1,6,1
105700,0.0,0.0,0,0,1,0,78.553,0.0,0,0,1,0,27.597,0.863,1,33.74,0,0,1,1,0,1,1,0,0,1,0,12192.0,2,1,1,1,0,0,1,0,18.0,272.9,1,1,6001,1,6,1
105800,0.0,0.0,0,0,1,0,78.553,0.0,0,0,1,0,27.683,0.863,1,33.61,0,0,1,1,0,1,1,0,0,1,0,12192.0,2,1,1,1,0,0,1,0,17.2,272.6,1,1,6001,1,6,1
105900,0.0,0.0,0,0,1,0,78.553,0.0,0,0,1,0,27.77,0.863,1,33.94,0,0,1,1,0,1,1,0,0,1,0,12192.0,2,1,1,1,0,0,1,0,18.1,268.1,1,1,6001,1,6,1
106000,0.0,0.0,0,0,1,0,78.553,0.0,0,0,1,0,27.856,0.863,1,33.96,0,0,1,1,0,1,1,0,0,1,0,12192.0,2,1,1,1,0,0,1,0,17.5,266.4,1,1,6001,1,6,1
106100,0.0,0.0,0,0,1,0,78.553,0.0,0,0,1,0,27.942,0.863,1,33.85,0,0,1,1,0,1,1,0,0,1,0,12192.0,2,1,1,1,0,0,1,0,17.1,268.1,1,1,6001,1,6,1
106200,0.0,0.0,0,0,1,0,78.553,0.0,0,0,1,0,28.029,0.863,1,33.62,0,0,1,1,0,1,1,0,0,1,0,12192.0,2,1,1,1,0,0,1,0,18.1,274.3,1,1,6001,1,6,1
106300,0.0,0.0,0,0,1,0,78.553,0.0,0,0,1,0,28.115,0.863,1,33.98,0,0,1,1,0,1,1,0,0,1,0,12192.0,2,1,1,1,0,0,1,0,18.2,272.4,1,1,6001,1,6,1
106400,0.0,0.0,0,0,1,0,78.553,0.0,0,0,1,0,28.201,0.863,1,33.57,0,0,1,1,0,1,1,0,0,1,0,12192.0,2,1,1,1,0,0,1,0,18.1,272.3,1,1,6001,1,6,1
106500,0.0,0.0,0,0,1,0,78.553,0.0,0,0,1,0,28.287,0.863,1,33.76,0,0,1,1,0,1,1,0,0,1,0,12192.0,2,1,1,1,0,0,1,0,17.5,267.4,1,1,6001,1,6,1
106600,0.0,0.0,0,0,1,0,78.553,0.0,0,0,1,0,28.374,0.863,1,33.79,0,0,1,1,0,1,1,0,0,1,0,12192.0,2,1,1,1,0,0,1,0,17.5,268.9,1,1,6001,1,6,1
106700,0.0,0.0,0,0,1,0,78.553,0.0,0,0,1,0,28.46,0.863,1,33.9,0,0,1,1,0,1,1,0,0,1,0,12192.0,2,1,1,1,0,0,1,0,16.9,273.2,1,1,6001,1,6,1
106800,0.0,0.0,0,0,1,0,78.553,0.0,0,0,1,0,28.546,0.863,1,33.75,0,0,1,1,0,1,1,0,0,1,0,12192.0,2,1,1,1,0,0,1,0,19.0,268.9,1,1,6001,1,6,1
106900,0.0,0.0,0,0,1,0,78.553,0.0,0,0,1,0,28.632,0.863,1,33.57,0,0,1,1,0,1,1,0,0,1,0,12192.0,2,1,1,1,0,0,1,0,17.9,268.5,1,1,6001,1,6,1
107000,0.0,0.0,0,0,1,0,78.553,0.0,0,0,1,0,28.719,0.863,1,33.77,0,0,1,1,0,1,1,0,0,1,0,12192.0,2,1,1,1,0,0,1,0,18.7,267.7,1,1,6001,1,6,1
107100,0.0,0.0,0,0,1,0,78.553,0.0,0,0,1,0,28.805,0.863,1,33.78,0,0,1,1,0,1,1,0,0,1,0,12192.0,2,1,1,1,0,0,1,0,18.3,264.3,1,1,6001,1,6,1
107200,0.0,0.0,0,0,1,0,78.553,0.0,0,0,1,0,28.891,0.863,1,33.85,0,0,1,1,0,1,1,0,0,1,0,12192.0,2,1,1,1,0,0,1,0,19.1,268.3,1,1,6001,1,6,1
107300,0.0,0.0,0,0,1,0,78.553,0.0,0,0,1,0,28.978,0.863,1,33.65,0,0,1,1,0,1,1,0,0,1,0,12192.0,2,1,1,1,0,0,1,0,18.2,271.0,1,1,6001,1,6,1
107400,0.0,0.0,0,0,1,0,78.553,0.0,0,0,1,0,29.064,0.863,1,33.82,0,0,1,1,0,1,1,0,0,1,0,12192.0,2,1,1,1,0,0,1,0,18.2,267.4,1,1,6001,1,6,1
107500,0.0,0.0,0,0,1,0,78.553,0.0,0,0,1,0,29.15,0.863,1,33.77,0,0,1,1,0,1,1,0,0,1,0,12192.0,2,1,1,1,0,0,1,0,18.4,270.9,1,1,6001,1,6,1
107600,0.0,0.0,0,0,1,0,78.553,0.0,0,0,1,0,29.236,0.863,1,33.66,0,0,1,1,0,1,1,0,0,1,0,12192.0,2,1,1,1,0,0,1,0,18.5,270.6,1,1,6001,1,6,1
107700,0.0,0.0,0,0,1,0,78.553,0.0,0,0,1,0,29.323,0.863,1,33.52,0,0,1,1,0,1,1,0,0,1,0,12192.0,2,1,1,1,0,0,1,0,18.3,269.0,1,1,6001,1,6,1
107800,0.0,0.0,0,0,1,0,78.553,0.0,0,0,1,0,29.409,0.863,1,33.8,0,0,1,1,0,1,1,0,0,1,0,12192.0,2,1,1,1,0,0,1,0,19.0,269.1,1,1,6001,1,6,1
107900,0.0,0.0,0,0,1,0,78.553,0.0,0,0,1,0,29.495,0.863,1,33.63,0,0,1,1,0,1,1,0,0,1,0,12192.0,2,1,1,1,0,0,1,0,18.7,270.1,1,1,6001,1,6,1
108000,0.0,0.0,0,0,1,0,78.553,0.0,0,0,1,0,29.581,0.863,1,33.5,0,0,1,1,0,1,1,0,0,1,0,12192.0,2,1,1,1,0,0,1,0,18.1,274.7,1,1,6001,1,6,1
108100,0.0,0.0,0,0,1,0,78.553,0.0,0,0,1,0,29.668,0.863,1,33.59,0,0,1,1,0,1,1,0,0,1,0,12192.0,2,1,1,1,0,0,1,0,18.8,268.5,1,1,6001,1,6,1
108200,0.0,0.0,0,0,1,0,78.553,0.0,0,0,1,0,29.754,0.863,1,33.78,0,0,1,1,0,1,1,0,0,1,0,12192.0,2,1,1,1,0,0,1,0,19.0,266.4,1,1,6001,1,6,1
108300,0.0,0.0,0,0,1,0,78.553,0.0,0,0,1,0,29.84,0.863,1,33.8,0,0,1,1,0,1,1,0,0,1,0,12192.0,2,1,1,1,0,0,1,0,18.3,268.0,1,1,6001,1,6,1
108400,0.0,0.0,0,0,1,0,78.553,0.0,0,0,1,0,29.927,0.863,1,33.8,0,0,1,1,0,1,1,0,0,1,0,12192.0,2,1,1,1,0,0,1,0,19.3,273.3,1,1,6001,1,6,1
108500,0.0,0.0,0,0,1,0,78.553,0.0,0,0,1,0,30.013,0.863,1,33.72,0,0,1,1,0,1,1,0,0,1,0,12192.0,2,1,1,1,0,0,1,0,18.6,268.9,1,1,6001,1,6,1
108600,0.0,0.0,0,0,1,0,78.553,0.0,0,0,1,0,30.099,0.863,1,33.79,0,0,1,1,0,1,1,0,0,1,0,12192.0,2,1,1,1,0,0,1,0,18.4,266.1,1,1,6001,1,6,1
108700,0.0,0.0,0,0,1,0,78.553,0.0,0,0,1,0,30.185,0.863,1,33.73,0,0,1,1,0,1,1,0,0,1,0,12192.0,2,1,1,1,0,0,1,0,19.3,266.8,1,1,6001,1,6,1
108800,0.0,0.0,0,0,1,0,78.553,0.0,0,0,1,0,30.272,0.863,1,33.65,0,0,1,1,0,1,1,0,0,1,0,12192.0,2,1,1,1,0,0,1,0,19.4,271.5,1,1,6001,1,6,1
108900,0.0,0.0,0,0,1,0,78.553,0.0,0,0,1,0,30.358,0.863,1,33.74,0,0,1,1,0,1,1,0,0,1,0,12192.0,2,1,1,1,0,0,1,0,17.5,269.6,1,1,6001,1,6,1
109000,0.0,0.0,0,0,1,0,78.553,0.0,0,0,1,0,30.444,0.863,1,33.83,0,0,1,1,0,1,1,0,0,1,0,12192.0,2,1,1,1,0,0,1,0,18.5,274.7,1,1,6001,1,6,1
109100,0.0,0.0,0,0,1,0,78.553,0.0,0,0,1,0,30.531,0.863,1,33.58,0,0,1,1,0,1,1,0,0,1,0,12192.0,2,1,1,1,0,0,1,0,18.2,270.6,1,1,6001,1,6,1
109200,0.0,0.0,0,0,1,0,78.553,0.0,0,0,1,0,30.617,0.863,1,33.8,0,0,1,1,0,1,1,0,0,1,0,12192.0,2,1,1,1,0,0,1,0,18.9,268.6,1,1,6001,1,6,1
109300,0.0,0.0,0,0,1,0,78.553,0.0,0,0,1,0,30.703,0.863,1,33.75,0,0,1,1,0,1,1,0,0,1,0,12192.0,2,1,1,1,0,0,1,0,19.3,267.8,1,1,6001,1,6,1
109400,0.0,0.0,0,0,1,0,78.553,0.0,0,0,1,0,30.789,0.863,1,33.76,0,0,1,1,0,1,1,0,0,1,0,12192.0,2,1,1,1,0,0,1,0,19.4,270.0,1,1,6001,1,6,1
109500,0.0,0.0,0,0,1,0,78.553,0.0,0,0,1,0,30.876,0.863,1,33.67,0,0,1,1,0,1,1,0,0,1,0,12192.0,2,1,1,1,0,0,1,0,19.4,269.1,1,1,6001,1,6,1
109600,0.0,0.0,0,0,1,0,78.553,0.0,0,0,1,0,30.962,0.863,1,33.65,0,0,1,1,0,1,1,0,0,1,0,12192.0,2,1,1,1,0,0,1,0,19.0,272.3,1,1,6001,1,6,1
109700,0.0,0.0,0,0,1,0,78.553,0.0,0,0,1,0,31.048,0.863,1,33.61,0,0,1,1,0,1,1,0,0,1,0,12192.0,2,1,1,1,0,0,1,0,18.4,272.3,1,1,6001,1,6,1
109800,0.0,0.0,0,0,1,0,78.553,0.0,0,0,1,0,31.134,0.863,1,33.91,0,0,1,1,0,1,1,0,0,1,0,12192.0,2,1,1,1,0,0,1,0,19.1,270.8,1,1,6001,1,6,1
109900,0.0,0.0,0,0,1,0,78.553,0.0,0,0,1,0,31.221,0.863,1,33.69,0,0,1,1,0,1,1,0,0,1,0,12192.0,2,1,1,1,0,0,1,0,19.6,268.9,1,1,6001,1,6,1
110000,0.0,0.0,0,0,1,0,78.553,0.0,0,0,1,0,31.307,0.863,1,33.65,0,0,1,1,0,1,1,0,0,1,0,12192.0,2,1,1,1,0,0,1,0,18.8,274.9,1,1,6001,1,6,1
110100,0.0,0.0,0,0,1,0,78.553,0.0,0,0,1,0,31.393,0.863,1,33.67,0,0,1,1,0,1,1,0,0,1,0,12192.0,2,1,1,1,0,0,1,0,18.6,269.3,1,1,6001,1,6,1
110200,0.0,0.0,0,0,1,0,78.553,0.0,0,0,1,0,31.48,0.863,1,33.8,0,0,1,1,0,1,1,0,0,1,0,12192.0,2,1,1,1,0,0,1,0,18.9,269.1,1,1,6001,1,6,1
110300,0.0,0.0,0,0,1,0,78.553,0.0,0,0,1,0,31.566,0.863,1,33.47,0,0,1,1,0,1,1,0,0,1,0,12192.0,2,1,1,1,0,0,1,0,19.1,266.2,1,1,6001,1,6,1
110400,0.0,0.0,0,0,1,0,78.553,0.0,0,0,1,0,31.652,0.863,1,33.98,0,0,1,1,0,1,1,0,0,1,0,12192.0,2,1,1,1,0,0,1,0,19.2,271.0,1,1,6001,1,6,1
110500,0.0,0.0,0,0,1,0,78.553,0.0,0,0,1,0,31.738,0.863,1,33.65,0,0,1,1,0,1,1,0,0,1,0,12192.0,2,1,1,1,0,0,1,0,18.6,268.8,1,1,6001,1,6,1
110600,0.0,0.0,0,0,1,0,78.553,0.0,0,0,1,0,31.825,0.863,1,33.75,0,0,1,1,0,1,1,0,0,1,0,12192.0,2,1,1,1,0,0,1,0,19.1,268.7,1,1,6001,1,6,1
110700,0.0,0.0,0,0,1,0,78.553,0.0,0,0,1,0,31.911,0.863,1,33.86,0,0,1,1,0,1,1,0,0,1,0,12192.0,2,1,1,1,0,0,1,0,18.5,272.2,1,1,6001,1,6,1
110800,0.0,0.0,0,0,1,0,78.553,0.0,0,0,1,0,31.997,0.863,1,33.59,0,0,1,1,0,1,1,0,0,1,0,12192.0,2,1,1,1,0,0,1,0,18.6,268.0,1,1,6001,1,6,1
110900,0.0,0.0,0,0,1,0,78.553,0.0,0,0,1,0,32.083,0.863,1,33.53,0,0,1,1,0,1,1,0,0,1,0,12192.0,2,1,1,1,0,0,1,0,18.9,270.0,1,1,6001,1,6,1
111000,0.0,0.0,0,0,1,0,78.553,0.0,0,0,1,0,32.17,0.863,1,33.8,0,0,1,1,0,1,1,0,0,1,0,12192.0,2,1,1,1,0,0,1,0,18.4,273.0,1,1,6001,1,6,1
111100,0.0,0.0,0,0,1,0,78.553,0.0,0,0,1,0,32.256,0.863,1,33.78,0,0,1,1,0,1,1,0,0,1,0,12192.0,2,1,1,1,0,0,1,0,18.8,273.1,1,1,6001,1,6,1
111200,0.0,0.0,0,0,1,0,78.553,0.0,0,0,1,0,32.342,0.863,1,33.77,0,0,1,1,0,1,1,0,0,1,0,12192.0,2,1,1,1,0,0,1,0,19.3,271.6,1,1,6001,1,6,1
111300,0.0,0.0,0,0,1,0,78.553,0.0,0,0,1,0,32.429,0.863,1,33.58,0,0,1,1,0,1,1,0,0,1,0,12192.0,2,1,1,1,0,0,1,0,19.3,269.5,1,1,6001,1,6,1
111400,0.0,0.0,0,0,1,0,78.553,0.0,0,0,1,0,32.515,0.863,1,33.59,0,0,1,1,0,1,1,0,0,1,0,12192.0,2,1,1,1,0,0,1,0,19.9,271.8,1,1,6001,1,6,1
111500,0.0,0.0,0,0,1,0,78.553,0.0,0,0,1,0,32.601,0.863,1,33.7,0,0,1,1,0,1,1,0,0,1,0,12192.0,2,1,1,1,0,0,1,0,18.9,269.4,1,1,6001,1,6,1
111600,0.0,0.0,0,0,1,0,78.553,0.0,0,0,1,0,32.687,0.863,1,33.76,0,0,1,1,0,1,1,0,0,1,0,12192.0,2,1,1,1,0,0,1,0,18.6,270.6,1,1,6001,1,6,1
111700,0.0,0.0,0,0,1,0,78.553,0.0,0,0,1,0,32.774,0.863,1,33.73,0,0,1,1,0,1,1,0,0,1,0,12192.0,2,1,1,1,0,0,1,0,19.4,268.2,1,1,6001,1,6,1
111800,0.0,0.0,0,0,1,0,78.553,0.0,0,0,1,0,32.86,0.863,1,33.82,0,0,1,1,0,1,1,0,0,1,0,12192.0,2,1,1,1,0,0,1,0,17.8,272.4,1,1,6001,1,6,1
111900,0.0,0.0,0,0,1,0,78.553,0.0,0,0,1,0,32.946,0.863,1,33.44,0,0,1,1,0,1,1,0,0,1,0,12192.0,2,1,1,1,0,0,1,0,19.1,267.6,1,1,6001,1,6,1
112000,0.0,0.0,0,0,1,0,78.553,0.0,0,0,1,0,33.033,0.863,1,33.49,0,0,1,1,0,1,1,0,0,1,0,12192.0,2,1,1,1,0,0,1,0,17.8,268.3,1,1,6001,1,6,1
112100,0.0,0.0,0,0,1,0,78.553,0.0,0,0,1,0,33.119,0.863,1,33.66,0,0,1,1,0,1,1,0,0,1,0,12192.0,2,1,1,1,0,0,1,0,17.9,270.2,1,1,6001,1,6,1
112200,0.0,0.0,0,0,1,0,78.553,0.0,0,0,1,0,33.205,0.863,1,33.65,0,0,1,1,0,1,1,0,0,1,0,12192.0,2,1,1,1,0,0,1,0,18.4,273.9,1,1,6001,1,6,1
112300,0.0,0.0,0,0,1,0,78.553,0.0,0,0,1,0,33.291,0.863,1,33.73,0,0,1,1,0,1,1,0,0,1,0,12192.0,2,1,1,1,0,0,1,0,18.4,274.5,1,1,6001,1,6,1
112400,0.0,0.0,0,0,1,0,78.553,0.0,0,0,1,0,33.378,0.863,1,33.48,0,0,1,1,0,1,1,0,0,1,0,12192.0,2,1,1,1,0,0,1,0,18.8,269.8,1,1,6001,1,6,1
112500,0.0,0.0,0,0,1,0,78.553,0.0,0,0,1,0,33.464,0.863,1,33.79,0,0,1,1,0,1,1,0,0,1,0,12192.0,2,1,1,1,0,0,1,0,18.1,270.3,1,1,6001,1,6,1
112600,0.0,0.0,0,0,1,0,78.553,0.0,0,0,1,0,33.55,0.863,1,33.91,0,0,1,1,0,1,1,0,0,1,0,12192.0,2,1,1,1,0,0,1,0,18.4,270.3,1,1,6001,1,6,1
112700,0.0,0.0,0,0,1,0,78.553,0.0,0,0,1,0,33.636,0.863,1,33.65,0,0,1,1,0,1,1,0,0,1,0,12192.0,2,1,1,1,0,0,1,0,18.3,269.1,1,1,6001,1,6,1
112800,0.0,0.0,0,0,1,0,78.553,0.0,0,0,1,0,33.723,0.863,1,33.66,0,0,1,1,0,1,1,0,0,1,0,12192.0,2,1,1,1,0,0,1,0,17.7,270.7,1,1,6001,1,6,1
112900,0.0,0.0,0,0,1,0,78.553,0.0,0,0,1,0,33.809,0.863,1,33.82,0,0,1,1,0,1,1,0,0,1,0,12192.0,2,1,1,1,0,0,1,0,18.1,270.6,1,1,6001,1,6,1
113000,0.0,0.0,0,0,1,0,78.553,0.0,0,0,1,0,33.895,0.863,1,33.53,0,0,1,1,0,1,1,0,0,1,0,12192.0,2,1,1,1,0,0,1,0,17.9,270.6,1,1,6001,1,6,1
113100,0.0,0.0,0,0,1,0,78.553,0.0,0,0,1,0,33.982,0.863,1,33.82,0,0,1,1,0,1,1,0,0,1,0,12192.0,2,1,1,1,0,0,1,0,17.7,263.4,1,1,6001,1,6,1
113200,0.0,0.0,0,0,1,0,78.553,0.0,0,0,1,0,34.068,0.863,1,33.54,0,0,1,1,0,1,1,0,0,1,0,12192.0,2,1,1,1,0,0,1,0,18.1,268.6,1,1,6001,1,6,1
113300,0.0,0.0,0,0,1,0,78.553,0.0,0,0,1,0,34.154,0.863,1,33.6,0,0,1,1,0,1,1,0,0,1,0,12192.0,2,1,1,1,0,0,1,0,17.8,271.9,1,1,6001,1,6,1
113400,0.0,0.0,0,0,1,0,78.553,0.0,0,0,1,0,34.24,0.863,1,33.77,0,0,1,1,0,1,1,0,0,1,0,12192.0,2,1,1,1,0,0,1,0,18.1,266.8,1,1,6001,1,6,1
113500,0.0,0.0,0,0,1,0,78.553,0.0,0,0,1,0,34.327,0.863,1,33.88,0,0,1,1,0,1,1,0,0,1,0,12192.0,2,1,1,1,0,0,1,0,18.5,272.1,1,1,6001,1,6,1
113600,0.0,0.0,0,0,1,0,78.553,0.0,0,0,1,0,34.413,0.863,1,33.71,0,0,1,1,0,1,1,0,0,1,0,12192.0,2,1,1,1,0,0,1,0,17.5,268.2,1,1,6001,1,6,1
113700,0.0,0.0,0,0,1,0,78.553,0.0,0,0,1,0,34.499,0.863,1,33.83,0,0,1,1,0,1,1,0,0,1,0,12192.0,2,1,1,1,0,0,1,0,17.4,267.2,1,1,6001,1,6,1
113800,0.0,0.0,0,0,1,0,78.553,0.0,0,0,1,0,34.585,0.863,1,33.71,0,0,1,1,0,1,1,0,0,1,0,12192.0,2,1,1,1,0,0,1,0,17.4,266.7,1,1,6001,1,6,1
113900,0.0,0.0,0,0,1,0,78.553,0.0,0,0,1,0,34.672,0.863,1,33.62,0,0,1,1,0,1,1,0,0,1,0,12192.0,2,1,1,1,0,0,1,0,17.4,269.7,1,1,6001,1,6,1
114000,0.0,0.0,0,0,1,0,78.553,0.0,0,0,1,0,34.758,0.863,1,33.68,0,0,1,1,0,1,1,0,0,1,0,12192.0,2,1,1,1,0,0,1,0,17.9,269.7,1,1,6001,1,6,1
114100,0.0,0.0,0,0,1,0,78.553,0.0,0,0,1,0,34.844,0.863,1,33.72,0,0,1,1,0,1,1,0,0,1,0,12192.0,2,1,1,1,0,0,1,0,18.4,270.3,1,1,6001,1,6,1
114200,0.0,0.0,0,0,1,0,78.553,0.0,0,0,1,0,34.931,0.863,1,33.64,0,0,1,1,0,1,1,0,0,1,0,12192.0,2,1,1,1,0,0,1,0,18.0,268.3,1,1,6001,1,6,1
114300,0.0,0.0,0,0,1,0,78.553,0.0,0,0,1,0,35.017,0.863,1,33.74,0,0,1,1,0,1,1,0,0,1,0,12192.0,2,1,1,1,0,0,1,0,17.3,269.1,1,1,6001,1,6,1
114400,0.0,0.0,0,0,1,0,78.553,0.0,0,0,1,0,35.103,0.863,1,33.85,0,0,1,1,0,1,1,0,0,1,0,12192.0,2,1,1,1,0,0,1,0,17.9,268.4,1,1,6001,1,6,1
114500,0.0,0.0,0,0,1,0,78.553,0.0,0,0,1,0,35.189,0.863,1,33.84,0,0,1,1,0,1,1,0,0,1,0,12192.0,2,1,1,1,0,0,1,0,17.9,272.4,1,1,6001,1,6,1
114600,0.0,0.0,0,0,1,0,78.553,0.0,0,0,1,0,35.276,0.863,1,33.66,0,0,1,1,0,1,1,0,0,1,0,12192.0,2,1,1,1,0,0,1,0,17.9,269.8,1,1,6001,1,6,1
114700,0.0,0.0,0,0,1,0,78.553,0.0,0,0,1,0,35.362,0.863,1,33.76,0,0,1,1,0,1,1,0,0,1,0,12192.0,2,1,1,1,0,0,1,0,17.5,267.6,1,1,6001,1,6,1
114800,0.0,0.0,0,0,1,0,78.553,0.0,0,0,1,0,35.448,0.863,1,33.98,0,0,1,1,0,1,1,0,0,1,0,12192.0,2,1,1,1,0,0,1,0,18.6,270.7,1,1,6001,1,6,1
114900,0.0,0.0,0,0,1,0,78.553,0.0,0,0,1,0,35.534,0.863,1,33.74,0,0,1,1,0,1,1,0,0,1,0,12192.0,2,1,1,1,0,0,1,0,17.5,265.4,1,1,6001,1,6,1
115000,0.0,0.0,0,0,1,0,78.553,0.0,0,0,1,0,35.621,0.863,1,33.94,0,0,1,1,0,1,1,0,0,1,0,12192.0,2,1,1,1,0,0,1,0,17.6,271.2,1,1,6001,1,6,1
115100,0.0,0.0,0,0,1,0,78.553,0.0,0,0,1,0,35.707,0.863,1,33.93,0,0,1,1,0,1,1,0,0,1,0,12192.0,2,1,1,1,0,0,1,0,17.8,271.2,1,1,6001,1,6,1
115200,0.0,0.0,0,0,1,0,78.553,0.0,0,0,1,0,35.793,0.863,1,33.75,0,0,1,1,0,1,1,0,0,1,0,12192.0,2,1,1,1,0,0,1,0,18.1,269.1,1,1,6001,1,6,1
115300,0.0,0.0,0,0,1,0,78.553,0.0,0,0,1,0,35.88,0.863,1,33.72,0,0,1,1,0,1,1,0,0,1,0,12192.0,2,1,1,1,0,0,1,0,18.0,268.0,1,1,6001,1,6,1
115400,0.0,0.0,0,0,1,0,78.553,0.0,0,0,1,0,35.966,0.863,1,33.72,0,0,1,1,0,1,1,0,0,1,0,12192.0,2,1,1,1,0,0,1,0,17.7,272.3,1,1,6001,1,6,1
115500,0.0,0.0,0,0,1,0,78.553,0.0,0,0,1,0,36.052,0.863,1,33.64,0,0,1,1,0,1,1,0,0,1,0,12192.0,2,1,1,1,0,0,1,0,18.7,271.1,1,1,6001,1,6,1
115600,0.0,0.0,0,0,1,0,78.553,0.0,0,0,1,0,36.138,0.863,1,33.82,0,0,1,1,0,1,1,0,0,1,0,12192.0,2,1,1,1,0,0,1,0,17.8,269.0,1,1,6001,1,6,1
115700,0.0,0.0,0,0,1,0,78.553,0.0,0,0,1,0,36.225,0.863,1,33.63,0,0,1,1,0,1,1,0,0,1,0,12192.0,2,1,1,1,0,0,1,0,17.0,270.4,1,1,6001,1,6,1
115800,0.0,0.0,0,0,1,0,78.553,0.0,0,0,1,0,36.311,0.863,1,33.69,0,0,1,1,0,1,1,0,0,1,0,12192.0,2,1,1,1,0,0,1,0,18.2,274.6,1,1,6001,1,6,1
115900,0.0,0.0,0,0,1,0,78.553,0.0,0,0,1,0,36.397,0.863,1,33.63,0,0,1,1,0,1,1,0,0,1,0,12192.0,2,1,1,1,0,0,1,0,17.8,267.3,1,1,6001,1,6,1
116000,0.0,0.0,0,0,1,0,78.553,0.0,0,0,1,0,36.484,0.863,1,33.78,0,0,1,1,0,1,1,0,0,1,0,12192.0,2,1,1,1,0,0,1,0,18.5,277.2,1,1,6001,1,6,1
116100,0.0,0.0,0,0,1,0,78.553,0.0,0,0,1,0,36.57,0.863,1,33.76,0,0,1,1,0,1,1,0,0,1,0,12192.0,2,1,1,1,0,0,1,0,18.7,266.6,1,1,6001,1,6,1
116200,0.0,0.0,0,0,1,0,78.553,0.0,0,0,1,0,36.656,0.863,1,33.81,0,0,1,1,0,1,1,0,0,1,0,12192.0,2,1,1,1,0,0,1,0,18.2,262.6,1,1,6001,1,6,1
116300,0.0,0.0,0,0,1,0,78.553,0.0,0,0,1,0,36.742,0.863,1,33.68,0,0,1,1,0,1,1,0,0,1,0,12192.0,2,1,1,1,0,0,1,0,18.6,269.6,1,1,6001,1,6,1
116400,0.0,0.0,0,0,1,0,78.553,0.0,0,0,1,0,36.829,0.863,1,33.72,0,0,1,1,0,1,1,0,0,1,0,12192.0,2,1,1,1,0,0,1,0,17.7,269.6,1,1,6001,1,6,1
116500,0.0,0.0,0,0,1,0,78.553,0.0,0,0,1,0,36.915,0.863,1,33.71,0,0,1,1,0,1,1,0,0,1,0,12192.0,2,1,1,1,0,0,1,0,18.1,269.9,1,1,6001,1,6,1
116600,0.0,0.0,0,0,1,0,78.553,0.0,0,0,1,0,37.001,0.863,1,34.05,0,0,1,1,0,1,1,0,0,1,0,12192.0,2,1,1,1,0,0,1,0,18.4,268.7,1,1,6001,1,6,1
116700,0.0,0.0,0,0,1,0,78.553,0.0,0,0,1,0,37.087,0.863,1,33.62,0,0,1,1,0,1,1,0,0,1,0,12192.0,2,1,1,1,0,0,1,0,17.9,268.2,1,1,6001,1,6,1
116800,0.0,0.0,0,0,1,0,78.553,0.0,0,0,1,0,37.174,0.863,1,33.66,0,0,1,1,0,1,1,0,0,1,0,12192.0,2,1,1,1,0,0,1,0,18.4,270.5,1,1,6001,1,6,1
116900,0.0,0.0,0,0,1,0,78.553,0.0,0,0,1,0,37.26,0.863,1,33.62,0,0,1,1,0,1,1,0,0,1,0,12192.0,2,1,1,1,0,0,1,0,18.6,264.1,1,1,6001,1,6,1
117000,0.0,0.0,0,0,1,0,78.553,0.0,0,0,1,0,37.346,0.863,1,33.55,0,0,1,1,0,1,1,0,0,1,0,12192.0,2,1,1,1,0,0,1,0,18.4,275.0,1,1,6001,1,6,1
117100,0.0,0.0,0,0,1,0,78.553,0.0,0,0,1,0,37.433,0.863,1,33.71,0,0,1,1,0,1,1,0,0,1,0,12192.0,2,1,1,1,0,0,1,0,18.6,268.9,1,1,6001,1,6,1
117200,0.0,0.0,0,0,1,0,78.553,0.0,0,0,1,0,37.519,0.863,1,33.77,0,0,1,1,0,1,1,0,0,1,0,12192.0,2,1,1,1,0,0,1,0,18.9,272.2,1,1,6001,1,6,1
117300,0.0,0.0,0,0,1,0,78.553,0.0,0,0,1,0,37.605,0.863,1,33.75,0,0,1,1,0,1,1,0,0,1,0,12192.0,2,1,1,1,0,0,1,0,18.3,267.8,1,1,6001,1,6,1
117400,0.0,0.0,0,0,1,0,78.553,0.0,0,0,1,0,37.691,0.863,1,33.7,0,0,1,1,0,1,1,0,0,1,0,12192.0,2,1,1,1,0,0,1,0,18.5,267.8,1,1,6001,1,6,1
117500,0.0,0.0,0,0,1,0,78.553,0.0,0,0,1,0,37.778,0.863,1,33.8,0,0,1,1,0,1,1,0,0,1,0,12192.0,2,1,1,1,0,0,1,0,19.5,270.0,1,1,6001,1,6,1
117600,0.0,0.0,0,0,1,0,78.553,0.0,0,0,1,0,37.864,0.863,1,33.7,0,0,1,1,0,1,1,0,0,1,0,12192.0,2,1,1,1,0,0,1,0,18.9,267.5,1,1,6001,1,6,1
117700,0.0,0.0,0,0,1,0,78.553,0.0,0,0,1,0,37.95,0.863,1,33.84,0,0,1,1,0,1,1,0,0,1,0,12192.0,2,1,1,1,0,0,1,0,18.2,270.0,1,1,6001,1,6,1
117800,0.0,0.0,0,0,1,0,78.553,0.0,0,0,1,0,38.036,0.863,1,33.67,0,0,1,1,0,1,1,0,0,1,0,12192.0,2,1,1,1,0,0,1,0,18.9,271.0,1,1,6001,1,6,1
117900,0.0,0.0,0,0,1,0,78.553,0.0,0,0,1,0,38.123,0.863,1,33.64,0,0,1,1,0,1,1,0,0,1,0,12192.0,2,1,1,1,0,0,1,0,19.0,273.0,1,1,6001,1,6,1
118000,0.0,0.0,0,0,1,0,78.553,0.0,0,0,1,0,38.209,0.863,1,33.75,0,0,1,1,0,1,1,0,0,1,0,12192.0,2,1,1,1,0,0,1,0,19.3,270.7,1,1,6001,1,6,1
118100,0.0,0.0,0,0,1,0,78.553,0.0,0,0,1,0,38.295,0.863,1,33.66,0,0,1,1,0,1,1,0,0,1,0,12192.0,2,1,1,1,0,0,1,0,19.2,268.8,1,1,6001,1,6,1
118200,0.0,0.0,0,0,1,0,78.553,0.0,0,0,1,0,38.382,0.863,1,33.76,0,0,1,1,0,1,1,0,0,1,0,12192.0,2,1,1,1,0,0,1,0,18.9,273.4,1,1,6001,1,6,1
118300,0.0,0.0,0,0,1,0,78.553,0.0,0,0,1,0,38.463,0.81,1,30.17,0,0,1,1,0,1,1,0,0,1,0,12192.0,2,1,1,1,0,0,1,0,19.4,271.5,1,1,6001,1,6,1
118400,0.0,0.0,0,0,1,0,78.553,0.0,0,0,1,0,38.538,0.756,1,30.0,0,0,1,1,0,1,1,0,0,1,0,12192.0,2,1,1,1,0,0,1,0,18.9,266.3,1,1,6001,1,6,1
118500,0.0,0.0,0,0,1,0,78.553,0.0,0,0,1,0,38.608,0.703,1,30.38,0,0,1,1,0,1,1,0,0,1,0,12192.0,2,1,1,1,0,0,1,0,18.9,272.2,1,1,6001,1,6,1
118600,0.0,0.0,0,0,1,0,78.553,0.0,0,0,1,0,38.679,0.705,1,33.7,0,0,1,1,0,1,1,0,0,1,0,12192.0,2,1,1,1,0,0,1,0,19.6,267.8,1,1,6001,1,6,1
118700,0.0,0.0,0,0,1,0,78.553,0.0,0,0,1,0,38.744,0.649,1,30.29,0,0,1,1,0,1,1,0,0,1,0,12192.0,2,1,1,1,0,0,1,0,19.8,273.5,1,1,6001,1,6,1
118800,0.0,0.0,0,0,1,0,78.553,0.0,0,0,1,0,38.803,0.594,1,30.14,0,0,1,1,0,1,1,0,0,1,0,12192.0,2,1,1,1,0,0,1,0,19.8,269.3,1,1,6001,1,6,1
118900,0.0,0.0,0,0,1,0,78.553,0.0,0,0,1,0,38.857,0.538,1,30.27,0,0,1,1,0,1,1,0,0,1,0,12192.0,2,1,1,1,0,0,1,0,19.3,272.2,1,1,6001,1,6,1
119000,0.0,0.0,0,0,1,0,78.553,0.0,0,0,1,0,38.905,0.482,1,30.51,0,0,1,1,0,1,1,0,0,1,0,12192.0,2,1,1,1,0,0,1,0,18.9,269.3,1,1,6001,1,6,1
119100,0.0,0.0,0,0,1,0,78.553,0.0,0,0,1,0,38.948,0.425,1,30.26,0,0,1,1,0,1,1,0,0,1,0,12192.0,2,1,1,1,0,0,1,0,19.1,268.2,1,1,6001,1,6,1
119200,0.0,0.0,0,0,1,0,78.553,0.0,0,0,1,0,38.985,0.368,1,30.41,0,0,1,1,0,1,1,0,0,1,0,12192.0,2,1,1,1,0,0,1,0,18.9,271.4,1,1,6001,1,6,1
119300,0.0,0.0,0,0,1,0,78.553,0.0,0,0,1,0,39.016,0.31,1,30.29,0,0,1,1,0,1,1,0,0,1,0,12192.0,2,1,1,1,0,0,1,0,19.3,268.8,1,1,6001,1,6,1
119400,0.0,0.0,0,0,1,0,78.553,0.0,0,0,1,0,39.041,0.252,1,30.39,0,0,1,1,0,1,1,0,0,1,0,12192.0,2,1,1,1,0,0,1,0,18.2,273.9,1,1,6001,1,6,1
119500,0.0,0.0,0,0,1,0,78.553,0.0,0,0,1,0,39.06,0.191,1,30.07,0,0,1,1,0,1,1,0,0,1,0,12192.0,2,1,1,1,0,0,1,0,18.5,263.9,1,1,6001,1,6,1
119600,0.0,0.0,0,0,1,0,78.553,0.0,0,0,1,0,39.073,0.127,1,30.25,0,0,1,1,0,1,1,0,0,1,0,12192.0,2,1,1,1,0,0,1,0,19.7,271.4,1,1,6001,1,6,1
119700,0.0,0.0,0,0,0,0,78.553,0.0,0,0,0,0,39.078,0.0,0,32.14,0,0,0,0,0,1,1,0,0,1,0,12192.0,2,1,1,0,1,0,1,0,18.7,268.5,1,1,6001,1,6,1
119800,0.0,0.0,0,0,1,0,78.547,-0.056,0,1,1,0,39.078,0.0,0,31.99,0,0,0,1,0,1,1,0,0,1,0,12192.0,2,1,1,1,0,0,1,0,13.0,265.9,0,0,0,0,0,1
119900,0.0,0.0,0,0,1,0,78.536,-0.111,0,1,1,0,39.078,0.0,0,32.22,0,0,0,1,0,1,1,0,0,1,0,12192.0,2,1,1,1,0,0,1,0,13.1,268.8,0,0,0,0,0,1
120000,0.0,0.0,0,0,1,0,78.52,-0.167,0,1,1,0,39.078,0.0,0,32.08,0,0,0,1,0,1,1,0,0,1,0,12192.0,2,1,1,1,0,0,1,0,13.1,269.2,0,0,0,0,0,1
120100,0.0,0.0,0,0,1,0,78.497,-0.223,0,1,1,0,39.078,0.0,0,31.88,0,0,0,1,0,1,1,0,0,1,0,12192.0,2,1,1,1,0,0,1,0,12.0,273.4,0,0,0,0,0,1
120200,0.0,0.0,0,0,1,0,78.469,-0.278,0,1,1,0,39.078,0.0,0,31.79,0,0,0,1,0,1,1,0,0,1,0,12192.0,2,1,1,1,0,0,1,0,12.6,269.9,0,0,0,0,0,1
120300,0.0,0.0,0,0,1,0,78.436,-0.334,0,1,1,0,39.078,0.0,0,31.92,0,0,0,1,0,1,1,0,0,1,0,12192.0,2,1,1,1,0,0,1,0,12.6,267.7,0,0,0,0,0,1
120400,0.0,0.0,0,0,1,0,78.397,-0.39,0,1,1,0,39.078,0.0,0,32.08,0,0,0,1,0,1,1,0,0,1,0,12192.0,2,1,1,1,0,0,1,0,13.1,267.7,0,0,0,0,0,1
120500,0.0,0.0,0,0,1,0,78.353,-0.445,0,1,1,0,39.078,0.0,0,32.08,0,0,0,1,0,1,1,0,0,1,0,12192.0,2,1,1,1,0,0,1,0,12.3,272.6,0,0,0,0,0,1
120600,0.0,0.0,0,0,1,0,78.302,-0.501,0,1,1,0,39.078,0.0,0,31.8,0,0,0,1,0,1,1,0,0,1,0,12192.0,2,1,1,1,0,0,1,0,12.3,272.1,0,0,0,0,0,1
120700,0.0,0.0,0,0,1,0,78.247,-0.557,0,1,1,0,39.078,0.0,0,31.84,0,0,0,1,0,1,1,0,0,1,0,12192.0,2,1,1,1,0,0,1,0,11.9,267.3,0,0,0,0,0,1
120800,0.0,0.0,0,0,1,0,78.186,-0.613,0,1,1,0,39.078,0.0,0,32.03,0,0,0,1,0,1,1,0,0,1,0,12192.0,2,1,1,1,0,0,1,0,11.6,269.1,0,0,0,0,0,1
120900,0.0,0.0,0,0,1,0,78.119,-0.668,0,1,1,0,39.078,0.0,0,32.0,0,0,0,1,0,1,1,0,0,1,0,12192.0,2,1,1,1,0,0,1,0,11.9,270.2,0,0,0,0,0,1
121000,0.0,0.0,0,0,1,0,78.046,-0.724,0,1,1,0,39.078,0.0,0,32.13,0,0,0,1,0,1,1,0,0,1,0,12192.0,2,1,1,1,0,0,1,0,12.3,267.4,0,0,0,0,0,1
121100,0.0,0.0,0,0,1,0,77.968,-0.78,0,1,1,0,39.078,0.0,0,32.18,0,0,0,1,0,1,1,0,0,1,0,12192.0,2,1,1,1,0,0,1,0,11.7,271.3,0,0,0,0,0,1
121200,0.0,0.0,0,0,1,0,77.885,-0.835,0,1,1,0,39.078,0.0,0,32.04,0,0,0,1,0,1,1,0,0,1,0,12192.0,2,1,1,1,0,0,1,0,10.6,267.5,0,0,0,0,0,1
121300,0.0,0.0,0,0,1,0,77.796,-0.891,0,1,1,0,39.078,0.0,0,32.01,0,0,0,1,0,1,1,0,0,1,0,12192.0,2,1,1,1,0,0,1,0,12.8,269.1,0,0,0,0,0,1
121400,0.0,0.0,0,0,1,0,77.701,-0.947,0,1,1,0,39.078,0.0,0,32.02,0,0,0,1,0,1,1,0,0,1,0,12192.0,2,1,1,1,0,0,1,0,11.8,274.2,0,0,0,0,0,1
121500,0.0,0.0,0,0,1,0,77.601,-1.002,0,1,1,0,39.078,0.0,0,32.21,0,0,0,1,0,1,1,0,0,1,0,12192.0,2,1,1,1,0,0,1,0,11.9,269.4,0,0,0,0,0,1
121600,0.0,0.0,0,0,1,0,77.495,-1.058,0,1,1,0,39.078,0.0,0,32.13,0,0,0,1,0,1,1,0,0,1,0,12192.0,2,1,1,1,0,0,1,0,11.0,265.4,0,0,0,0,0,1
121700,0.0,0.0,0,0,1,0,77.384,-1.114,0,1,1,0,39.078,0.0,0,31.98,0,0,0,1,0,1,1,0,0,1,0,12192.0,2,1,1,1,0,0,1,0,12.1,269.0,0,0,0,0,0,1
121800,0.0,0.0,0,0,1,0,77.267,-1.169,0,1,1,0,39.078,0.0,0,32.03,0,0,0,1,0,1,1,0,0,1,0,12192.0,2,1,1,1,0,0,1,0,12.4,269.0,0,0,0,0,0,1
121900,0.0,0.0,0,0,1,0,77.144,-1.225,0,1,1,0,39.078,0.0,0,32.03,0,0,0,1,0,1,1,0,0,1,0,12192.0,2,1,1,1,0,0,1,0,11.9,270.4,0,0,0,0,0,1
122000,0.0,0.0,0,0,1,0,77.016,-1.281,0,1,1,0,39.078,0.0,0,32.04,0,0,0,1,0,1,1,0,0,1,0,12192.0,2,1,1,1,0,0,1,0,12.6,267.3,0,0,0,0,0,1
122100,0.0,0.0,0,0,1,0,76.882,-1.336,0,1,1,0,39.078,0.0,0,32.0,0,0,0,1,0,1,1,0,0,1,0,12192.0,2,1,1,1,0,0,1,0,12.3,269.5,0,0,0,0,0,1
122200,0.0,0.0,0,0,1,0,76.743,-1.392,0,1,1,0,39.078,0.0,0,32.06,0,0,0,1,0,1,1,0,0,1,0,12192.0,2,1,1,1,0,0,1,0,11.7,270.8,0,0,0,0,0,1
122300,0.0,0.0,0,0,1,0,76.599,-1.448,0,1,1,0,39.078,0.0,0,31.75,0,0,0,1,0,1,1,0,0,1,0,12192.0,2,1,1,1,0,0,1,0,10.8,271.8,0,0,0,0,0,1
122400,0.0,0.0,0,0,1,0,76.448,-1.503,0,1,1,0,39.078,0.0,0,31.89,0,0,0,1,0,1,1,0,0,1,0,12192.0,2,1,1,1,0,0,1,0,11.4,274.0,0,0,0,0,0,1
122500,0.0,0.0,0,0,1,0,76.292,-1.559,0,1,1,0,39.078,0.0,0,32.11,0,0,0,1,0,1,1,0,0,1,0,12192.0,2,1,1,1,0,0,1,0,11.1,267.3,0,0,0,0,0,1
122600,0.0,0.0,0,0,1,0,76.131,-1.615,0,1,1,0,39.078,0.0,0,32.1,0,0,0,1,0,1,1,0,0,1,0,12192.0,2,1,1,1,0,0,1,0,11.0,273.8,0,0,0,0,0,1
122700,0.0,0.0,0,0,1,0,75.964,-1.671,0,1,1,0,39.078,0.0,0,31.86,0,0,0,1,0,1,1,0,0,1,0,12192.0,2,1,1,1,0,0,1,0,11.6,266.8,0,0,0,0,0,1
122800,0.0,0.0,0,0,1,0,75.791,-1.726,0,1,1,0,39.078,0.0,0,31.98,0,0,0,1,0,1,1,0,0,1,0,12192.0,2,1,1,1,0,0,1,0,10.9,271.2,0,0,0,0,0,1
122900,0.0,0.0,0,0,1,0,75.613,-1.782,0,1,1,0,39.078,0.0,0,32.16,0,0,0,1,0,1,1,0,0,1,0,12192.0,2,1,1,1,0,0,1,0,12.1,270.5,0,0,0,0,0,1
123000,0.0,0.0,0,0,1,0,75.429,-1.838,0,1,1,0,39.078,0.0,0,32.04,0,0,0,1,0,1,1,0,0,1,0,12192.0,2,1,1,1,0,0,1,0,12.1,268.2,0,0,0,0,0,1
123100,0.0,0.0,0,0,1,0,75.24,-1.893,0,1,1,0,39.078,0.0,0,32.14,0,0,0,1,0,1,1,0,0,1,0,12192.0,2,1,1,1,0,0,1,0,12.1,270.7,0,0,0,0,0,1
123200,0.0,0.0,0,0,1,0,75.045,-1.949,0,1,1,0,39.078,0.0,0,31.97,0,0,0,1,0,1,1,0,0,1,0,12192.0,2,1,1,1,0,0,1,0,11.2,268.7,0,0,0,0,0,1
123300,0.0,0.0,0,0,1,0,74.844,-2.005,0,1,1,0,39.078,0.0,0,31.9,0,0,0,1,0,1,1,0,0,1,0,12192.0,2,1,1,1,0,0,1,0,11.3,269.7,0,0,0,0,0,1
123400,0.0,0.0,0,0,1,0,74.638,-2.06,0,1,1,0,39.078,0.0,0,31.97,0,0,0,1,0,1,1,0,0,1,0,12192.0,2,1,1,1,0,0,1,0,11.5,269.9,0,0,0,0,0,1
123500,0.0,0.0,0,0,1,0,74.427,-2.116,0,1,1,0,39.078,0.0,0,32.19,0,0,0,1,0,1,1,0,0,1,0,12192.0,2,1,1,1,0,0,1,0,12.0,271.2,0,0,0,0,0,1
123600,0.0,0.0,0,0,1,0,74.21,-2.172,0,1,1,0,39.078,0.0,0,31.95,0,0,0,1,0,1,1,0,0,1,0,12192.0,2,1,1,1,0,0,1,0,11.2,268.3,0,0,0,0,0,1
123700,0.0,0.0,0,0,1,0,73.987,-2.227,0,1,1,0,39.078,0.0,0,31.95,0,0,0,1,0,1,1,0,0,1,0,12192.0,2,1,1,1,0,0,1,0,11.9,269.8,0,0,0,0,0,1
123800,0.0,0.0,0,0,1,0,73.759,-2.283,0,1,1,0,39.078,0.0,0,31.85,0,0,0,1,0,1,1,0,0,1,0,12192.0,2,1,1,1,0,0,1,0,11.4,272.3,0,0,0,0,0,1
123900,0.0,0.0,0,0,1,0,73.525,-2.339,0,1,1,0,39.078,0.0,0,31.87,0,0,0,1,0,1,1,0,0,1,0,12192.0,2,1,1,1,0,0,1,0,11.0,266.7,0,0,0,0,0,1
124000,0.0,0.0,0,0,1,0,73.285,-2.394,0,1,1,0,39.078,0.0,0,31.79,0,0,0,1,0,1,1,0,0,1,0,12192.0,2,1,1,1,0,0,1,0,11.4,268.2,0,0,0,0,0,1
124100,0.0,0.0,0,0,1,0,73.04,-2.45,0,1,1,0,39.078,0.0,0,32.03,0,0,0,1,0,1,1,0,0,1,0,12192.0,2,1,1,1,0,0,1,0,11.1,270.6,0,0,0,0,0,1
124200,0.0,0.0,0,0,1,0,72.79,-2.506,0,1,1,0,39.078,0.0,0,31.94,0,0,0,1,0,1,1,0,0,1,0,12192.0,2,1,1,1,0,0,1,0,11.7,272.7,0,0,0,0,0,1
124300,0.0,0.0,0,0,1,0,72.534,-2.561,0,1,1,0,39.078,0.0,0,31.88,0,0,0,1,0,1,1,0,0,1,0,12192.0,2,1,1,1,0,0,1,0,11.2,273.8,0,0,0,0,0,1
124400,0.0,0.0,0,0,1,0,72.272,-2.617,0,1,1,0,39.078,0.0,0,31.97,0,0,0,1,0,1,1,0,0,1,0,12192.0,2,1,1,1,0,0,1,0,12.0,268.8,0,0,0,0,0,1
124500,0.0,0.0,0,0,1,0,72.005,-2.673,0,1,1,0,39.078,0.0,0,31.83,0,0,0,1,0,1,1,0,0,1,0,12192.0,2,1,1,1,0,0,1,0,12.0,269.9,0,0,0,0,0,1
124600,0.0,0.0,0,0,1,0,71.732,-2.729,0,1,1,0,39.078,0.0,0,31.81,0,0,0,1,0,1,1,0,0,1,0,12192.0,2,1,1,1,0,0,1,0,11.8,265.9,0,0,0,0,0,1
124700,0.0,0.0,0,0,1,0,71.453,-2.784,0,1,1,0,39.078,0.0,0,31.95,0,0,0,1,0,1,1,0,0,1,0,12192.0,2,1,1,1,0,0,1,0,11.8,270.3,0,0,0,0,0,1
124800,0.0,0.0,0,0,1,0,71.169,-2.84,0,1,1,0,39.078,0.0,0,32.06,0,0,0,1,0,1,1,0,0,1,0,12192.0,2,1,1,1,0,0,1,0,11.7,272.2,0,0,0,0,0,1
124900,0.0,0.0,0,0,1,0,70.88,-2.896,0,1,1,0,39.078,0.0,0,31.99,0,0,0,1,0,1,1,0,0,1,0,12192.0,2,1,1,1,0,0,1,0,12.5,273.6,0,0,0,0,0,1
125000,0.0,0.0,0,0,1,0,70.585,-2.951,0,1,1,0,39.078,0.0,0,32.11,0,0,0,1,0,1,1,0,0,1,0,12192.0,2,1,1,1,0,0,1,0,11.9,269.3,0,0,0,0,0,1
125100,0.0,0.0,0,0,1,0,70.284,-3.007,0,1,1,0,39.078,0.0,0,31.92,0,0,0,1,0,1,1,0,0,1,0,12192.0,2,1,1,1,0,0,1,0,11.5,270.7,0,0,0,0,0,1
125200,0.0,0.0,0,0,1,0,69.978,-3.063,0,1,1,0,39.078,0.0,0,31.95,0,0,0,1,0,1,1,0,0,1,0,12192.0,2,1,1,1,0,0,1,0,11.5,275.4,0,0,0,0,0,1
125300,0.0,0.0,0,0,1,0,69.666,-3.118,0,1,1,0,39.078,0.0,0,31.87,0,0,0,1,0,1,1,0,0,1,0,12192.0,2,1,1,1,0,0,1,0,12.1,271.4,0,0,0,0,0,1
125400,0.0,0.0,0,0,1,0,69.348,-3.174,0,1,1,0,39.078,0.0,0,32.11,0,0,0,1,0,1,1,0,0,1,0,12192.0,2,1,1,1,0,0,1,0,11.7,262.1,0,0,0,0,0,1
125500,0.0,0.0,0,0,1,0,69.025,-3.23,0,1,1,0,39.078,0.0,0,32.07,0,0,0,1,0,1,1,0,0,1,0,12192.0,2,1,1,1,0,0,1,0,12.0,269.4,0,0,0,0,0,1
125600,0.0,0.0,0,0,1,0,68.697,-3.285,0,1,1,0,39.078,0.0,0,32.13,0,0,0,1,0,1,1,0,0,1,0,12192.0,2,1,1,1,0,0,1,0,12.0,273.1,0,0,0,0,0,1
125700,0.0,0.0,0,0,1,0,68.363,-3.341,0,1,1,0,39.078,0.0,0,31.76,0,0,0,1,0,1,1,0,0,1,0,12192.0,2,1,1,1,0,0,1,0,11.4,269.0,0,0,0,0,0,1
125800,0.0,0.0,0,0,1,0,68.024,-3.386,0,1,1,0,39.078,0.0,0,32.07,0,0,0,1,0,1,1,0,0,1,0,12192.0,2,1,1,1,0,0,1,0,11.2,273.8,0,0,0,0,0,1
125900,0.0,0.0,0,0,1,0,67.686,-3.386,0,1,1,0,39.078,0.0,0,31.97,0,0,0,1,0,1,1,0,0,1,0,12192.0,2,1,1,1,0,0,1,0,11.8,270.5,0,0,0,0,0,1
126000,0.0,0.0,0,0,1,0,67.347,-3.386,0,1,1,0,39.078,0.0,0,31.88,0,0,0,1,0,1,1,0,0,1,0,12192.0,2,1,1,1,0,0,1,0,12.3,265.1,0,0,0,0,0,1
126100,0.0,0.0,0,0,1,0,67.008,-3.386,0,1,1,0,39.078,0.0,0,32.07,0,0,0,1,0,1,1,0,0,1,0,12192.0,2,1,1,1,0,0,1,0,12.6,270.1,0,0,0,0,0,1
126200,0.0,0.0,0,0,1,0,66.67,-3.386,0,1,1,0,39.078,0.0,0,32.02,0,0,0,1,0,1,1,0,0,1,0,12192.0,2,1,1,1,0,0,1,0,12.9,269.6,0,0,0,0,0,1
126300,0.0,0.0,0,0,1,0,66.331,-3.386,0,1,1,0,39.078,0.0,0,32.07,0,0,0,1,0,1,1,0,0,1,0,12192.0,2,1,1,1,0,0,1,0,12.8,268.5,0,0,0,0,0,1
126400,0.0,0.0,0,0,1,0,65.993,-3.386,0,1,1,0,39.078,0.0,0,32.24,0,0,0,1,0,1,1,0,0,1,0,12192.0,2,1,1,1,0,0,1,0,12.6,267.7,0,0,0,0,0,1
126500,0.0,0.0,0,0,1,0,65.654,-3.386,0,1,1,0,39.078,0.0,0,31.82,0,0,0,1,0,1,1,0,0,1,0,12192.0,2,1,1,1,0,0,1,0,12.6,267.4,0,0,0,0,0,1
126600,0.0,0.0,0,0,1,0,65.315,-3.386,0,1,1,0,39.078,0.0,0,31.93,0,0,0,1,0,1,1,0,0,1,0,12192.0,2,1,1,1,0,0,1,0,12.2,271.7,0,0,0,0,0,1
126700,0.0,0.0,0,0,1,0,64.977,-3.386,0,1,1,0,39.078,0.0,0,32.12,0,0,0,1,0,1,1,0,0,1,0,12192.0,2,1,1,1,0,0,1,0,12.3,270.3,0,0,0,0,0,1
126800,0.0,0.0,0,0,1,0,64.638,-3.386,0,1,1,0,39.078,0.0,0,32.06,0,0,0,1,0,1,1,0,0,1,0,12192.0,2,1,1,1,0,0,1,0,12.4,265.6,0,0,0,0,0,1
126900,0.0,0.0,0,0,1,0,64.3,-3.386,0,1,1,0,39.078,0.0,0,32.01,0,0,0,1,0,1,1,0,0,1,0,12192.0,2,1,1,1,0,0,1,0,12.1,267.8,0,0,0,0,0,1
127000,0.0,0.0,0,0,1,0,63.961,-3.386,0,1,1,0,39.078,0.0,0,32.11,0,0,0,1,0,1,1,0,0,1,0,12192.0,2,1,1,1,0,0,1,0,12.9,270.3,0,0,0,0,0,1
127100,0.0,0.0,0,0,1,0,63.623,-3.386,0,1,1,0,39.078,0.0,0,31.94,0,0,0,1,0,1,1,0,0,1,0,12192.0,2,1,1,1,0,0,1,0,12.2,269.7,0,0,0,0,0,1
127200,0.0,0.0,0,0,1,0,63.284,-3.386,0,1,1,0,39.078,0.0,0,31.81,0,0,0,1,0,1,1,0,0,1,0,12192.0,2,1,1,1,0,0,1,0,12.4,266.4,0,0,0,0,0,1
127300,0.0,0.0,0,0,1,0,62.945,-3.386,0,1,1,0,39.078,0.0,0,31.83,0,0,0,1,0,1,1,0,0,1,0,12192.0,2,1,1,1,0,0,1,0,11.8,271.3,0,0,0,0,0,1
127400,0.0,0.0,0,0,1,0,62.607,-3.386,0,1,1,0,39.078,0.0,0,32.05,0,0,0,1,0,1,1,0,0,1,0,12192.0,2,1,1,1,0,0,1,0,12.4,270.5,0,0,0,0,0,1
127500,0.0,0.0,0,0,1,0,62.268,-3.386,0,1,1,0,39.078,0.0,0,31.81,0,0,0,1,0,1,1,0,0,1,0,12192.0,2,1,1,1,0,0,1,0,12.0,272.6,0,0,0,0,0,1
127600,0.0,0.0,0,0,1,0,61.93,-3.386,0,1,1,0,39.078,0.0,0,32.01,0,0,0,1,0,1,1,0,0,1,0,12192.0,2,1,1,1,0,0,1,0,12.8,269.8,0,0,0,0,0,1
127700,0.0,0.0,0,0,1,0,61.591,-3.386,0,1,1,0,39.078,0.0,0,32.01,0,0,0,1,0,1,1,0,0,1,0,12192.0,2,1,1,1,0,0,1,0,12.8,270.8,0,0,0,0,0,1
127800,0.0,0.0,0,0,1,0,61.252,-3.386,0,1,1,0,39.078,0.0,0,31.9,0,0,0,1,0,1,1,0,0,1,0,12192.0,2,1,1,1,0,0,1,0,12.1,269.2,0,0,0,0,0,1
127900,0.0,0.0,0,0,1,0,60.914,-3.386,0,1,1,0,39.078,0.0,0,32.13,0,0,0,1,0,1,1,0,0,1,0,12192.0,2,1,1,1,0,0,1,0,13.1,271.8,0,0,0,0,0,1
128000,0.0,0.0,0,0,1,0,60.575,-3.386,0,1,1,0,39.078,0.0,0,32.11,0,0,0,1,0,1,1,0,0,1,0,12192.0,2,1,1,1,0,0,1,0,12.9,271.6,0,0,0,0,0,1
128100,0.0,0.0,0,0,1,0,60.237,-3.386,0,1,1,0,39.078,0.0,0,32.04,0,0,0,1,0,1,1,0,0,1,0,12192.0,2,1,1,1,0,0,1,0,12.6,269.9,0,0,0,0,0,1
128200,0.0,0.0,0,0,1,0,59.898,-3.386,0,1,1,0,39.078,0.0,0,32.07,0,0,0,1,0,1,1,0,0,1,0,12192.0,2,1,1,1,0,0,1,0,12.7,270.9,0,0,0,0,0,1
128300,0.0,0.0,0,0,1,0,59.559,-3.386,0,1,1,0,39.078,0.0,0,31.98,0,0,0,1,0,1,1,0,0,1,0,12192.0,2,1,1,1,0,0,1,0,12.2,274.1,0,0,0,0,0,1
128400,0.0,0.0,0,0,1,0,59.221,-3.386,0,1,1,0,39.078,0.0,0,32.1,0,0,0,1,0,1,1,0,0,1,0,12192.0,2,1,1,1,0,0,1,0,12.0,272.3,0,0,0,0,0,1
128500,0.0,0.0,0,0,1,0,58.882,-3.386,0,1,1,0,39.078,0.0,0,32.04,0,0,0,1,0,1,1,0,0,1,0,12192.0,2,1,1,1,0,0,1,0,11.7,275.0,0,0,0,0,0,1
128600,0.0,0.0,0,0,1,0,58.544,-3.386,0,1,1,0,39.078,0.0,0,32.02,0,0,0,1,0,1,1,0,0,1,0,12192.0,2,1,1,1,0,0,1,0,12.2,267.6,0,0,0,0,0,1
128700,0.0,0.0,0,0,1,0,58.205,-3.386,0,1,1,0,39.078,0.0,0,31.94,0,0,0,1,0,1,1,0,0,1,0,12192.0,2,1,1,1,0,0,1,0,11.6,267.2,0,0,0,0,0,1
128800,0.0,0.0,0,0,1,0,57.866,-3.386,0,1,1,0,39.078,0.0,0,32.01,0,0,0,1,0,1,1,0,0,1,0,12192.0,2,1,1,1,0,0,1,0,12.4,271.7,0,0,0,0,0,1
128900,0.0,0.0,0,0,1,0,57.528,-3.386,0,1,1,0,39.078,0.0,0,32.08,0,0,0,1,0,1,1,0,0,1,0,12192.0,2,1,1,1,0,0,1,0,12.0,271.0,0,0,0,0,0,1
129000,0.0,0.0,0,0,1,0,57.189,-3.386,0,1,1,0,39.078,0.0,0,31.91,0,0,0,1,0,1,1,0,0,1,0,12192.0,2,1,1,1,0,0,1,0,11.9,266.7,0,0,0,0,0,1
129100,0.0,0.0,0,0,1,0,56.851,-3.386,0,1,1,0,39.078,0.0,0,31.97,0,0,0,1,0,1,1,0,0,1,0,12192.0,2,1,1,1,0,0,1,0,12.5,271.5,0,0,0,0,0,1
129200,0.0,0.0,0,0,1,0,56.512,-3.386,0,1,1,0,39.078,0.0,0,31.92,0,0,0,1,0,1,1,0,0,1,0,12192.0,2,1,1,1,0,0,1,0,12.7,271.8,0,0,0,0,0,1
129300,0.0,0.0,0,0,1,0,56.174,-3.386,0,1,1,0,39.078,0.0,0,32.17,0,0,0,1,0,1,1,0,0,1,0,12192.0,2,1,1,1,0,0,1,0,12.6,268.4,0,0,0,0,0,1
129400,0.0,0.0,0,0,1,0,55.835,-3.386,0,1,1,0,39.078,0.0,0,32.07,0,0,0,1,0,1,1,0,0,1,0,12192.0,2,1,1,1,0,0,1,0,11.7,263.5,0,0,0,0,0,1
129500,0.0,0.0,0,0,1,0,55.496,-3.386,0,1,1,0,39.078,0.0,0,32.0,0,0,0,1,0,1,1,0,0,1,0,12192.0,2,1,1,1,0,0,1,0,12.9,271.4,0,0,0,0,0,1
129600,0.0,0.0,0,0,1,0,55.158,-3.386,0,1,1,0,39.078,0.0,0,31.89,0,0,0,1,0,1,1,0,0,1,0,12192.0,2,1,1,1,0,0,1,0,12.0,270.7,0,0,0,0,0,1
129700,0.0,0.0,0,0,1,0,54.819,-3.386,0,1,1,0,39.078,0.0,0,32.06,0,0,0,1,0,1,1,0,0,1,0,12192.0,2,1,1,1,0,0,1,0,12.7,273.6,0,0,0,0,0,1
129800,0.0,0.0,0,0,1,0,54.481,-3.386,0,1,1,0,39.078,0.0,0,31.88,0,0,0,1,0,1,1,0,0,1,0,12192.0,2,1,1,1,0,0,1,0,11.2,266.9,0,0,0,0,0,1
129900,0.0,0.0,0,0,1,0,54.142,-3.386,0,1,1,0,39.078,0.0,0,32.22,0,0,0,1,0,1,1,0,0,1,0,12192.0,2,1,1,1,0,0,1,0,12.3,270.0,0,0,0,0,0,1
130000,0.0,0.0,0,0,1,0,53.803,-3.386,0,1,1,0,39.078,0.0,0,32.11,0,0,0,1,0,1,1,0,0,1,0,12192.0,2,1,1,1,0,0,1,0,11.7,270.3,0,0,0,0,0,1
130100,0.0,0.0,0,0,1,0,53.465,-3.386,0,1,1,0,39.078,0.0,0,32.27,0,0,0,1,0,1,1,0,0,1,0,12192.0,2,1,1,1,0,0,1,0,11.8,268.1,0,0,0,0,0,1
130200,0.0,0.0,0,0,1,0,53.126,-3.386,0,1,1,0,39.078,0.0,0,32.12,0,0,0,1,0,1,1,0,0,1,0,12192.0,2,1,1,1,0,0,1,0,11.4,268.9,0,0,0,0,0,1
130300,0.0,0.0,0,0,1,0,52.788,-3.386,0,1,1,0,39.078,0.0,0,32.08,0,0,0,1,0,1,1,0,0,1,0,12192.0,2,1,1,1,0,0,1,0,11.7,275.1,0,0,0,0,0,1
130400,0.0,0.0,0,0,1,0,52.449,-3.386,0,1,1,0,39.078,0.0,0,32.17,0,0,0,1,0,1,1,0,0,1,0,12192.0,2,1,1,1,0,0,1,0,12.6,272.4,0,0,0,0,0,1
130500,0.0,0.0,0,0,1,0,52.11,-3.386,0,1,1,0,39.078,0.0,0,32.08,0,0,0,1,0,1,1,0,0,1,0,12192.0,2,1,1,1,0,0,1,0,11.8,270.6,0,0,0,0,0,1
130600,0.0,0.0,0,0,1,0,51.772,-3.386,0,1,1,0,39.078,0.0,0,32.13,0,0,0,1,0,1,1,0,0,1,0,12192.0,2,1,1,1,0,0,1,0,11.8,273.5,0,0,0,0,0,1
130700,0.0,0.0,0,0,1,0,51.433,-3.386,0,1,1,0,39.078,0.0,0,31.93,0,0,0,1,0,1,1,0,0,1,0,12192.0,2,1,1,1,0,0,1,0,11.3,268.2,0,0,0,0,0,1
130800,0.0,0.0,0,0,1,0,51.095,-3.386,0,1,1,0,39.078,0.0,0,32.03,0,0,0,1,0,1,1,0,0,1,0,12192.0,2,1,1,1,0,0,1,0,11.6,268.0,0,0,0,0,0,1
130900,0.0,0.0,0,0,1,0,50.756,-3.386,0,1,1,0,39.078,0.0,0,31.79,0,0,0,1,0,1,1,0,0,1,0,12192.0,2,1,1,1,0,0,1,0,11.9,273.1,0,0,0,0,0,1
131000,0.0,0.0,0,0,1,0,50.417,-3.386,0,1,1,0,39.078,0.0,0,32.19,0,0,0,1,0,1,1,0,0,1,0,12192.0,2,1,1,1,0,0,1,0,11.7,271.6,0,0,0,0,0,1
131100,0.0,0.0,0,0,1,0,50.079,-3.386,0,1,1,0,39.078,0.0,0,32.15,0,0,0,1,0,1,1,0,0,1,0,12192.0,2,1,1,1,0,0,1,0,11.2,270.2,0,0,0,0,0,1
131200,0.0,0.0,0,0,1,0,49.74,-3.386,0,1,1,0,39.078,0.0,0,32.08,0,0,0,1,0,1,1,0,0,1,0,12192.0,2,1,1,1,0,0,1,0,11.4,270.6,0,0,0,0,0,1
131300,0.0,0.0,0,0,1,0,49.402,-3.386,0,1,1,0,39.078,0.0,0,32.01,0,0,0,1,0,1,1,0,0,1,0,12192.0,2,1,1,1,0,0,1,0,11.5,269.6,0,0,0,0,0,1
131400,0.0,0.0,0,0,1,0,49.063,-3.386,0,1,1,0,39.078,0.0,0,31.97,0,0,0,1,0,1,1,0,0,1,0,12192.0,2,1,1,1,0,0,1,0,12.5,274.2,0,0,0,0,0,1
131500,0.0,0.0,0,0,1,0,48.725,-3.386,0,1,1,0,39.078,0.0,0,31.98,0,0,0,1,0,1,1,0,0,1,0,12192.0,2,1,1,1,0,0,1,0,10.6,269.4,0,0,0,0,0,1
131600,0.0,0.0,0,0,1,0,48.386,-3.386,0,1,1,0,39.078,0.0,0,32.0,0,0,0,1,0,1,1,0,0,1,0,12192.0,2,1,1,1,0,0,1,0,11.2,267.9,0,0,0,0,0,1
131700,0.0,0.0,0,0,1,0,48.047,-3.386,0,1,1,0,39.078,0.0,0,31.94,0,0,0,1,0,1,1,0,0,1,0,12192.0,2,1,1,1,0,0,1,0,11.7,273.2,0,0,0,0,0,1
131800,0.0,0.0,0,0,1,0,47.709,-3.386,0,1,1,0,39.078,0.0,0,31.97,0,0,0,1,0,1,1,0,0,1,0,12192.0,2,1,1,1,0,0,1,0,10.5,270.2,0,0,0,0,0,1
131900,0.0,0.0,0,0,1,0,47.37,-3.386,0,1,1,0,39.078,0.0,0,32.06,0,0,0,1,0,1,1,0,0,1,0,12192.0,2,1,1,1,0,0,1,0,11.3,270.0,0,0,0,0,0,1
132000,0.0,0.0,0,0,1,0,47.032,-3.386,0,1,1,0,39.078,0.0,0,31.94,0,0,0,1,0,1,1,0,0,1,0,12192.0,2,1,1,1,0,0,1,0,12.2,273.5,0,0,0,0,0,1
132100,0.0,0.0,0,0,1,0,46.693,-3.386,0,1,1,0,39.078,0.0,0,31.97,0,0,0,1,0,1,1,0,0,1,0,12192.0,2,1,1,1,0,0,1,0,11.6,269.8,0,0,0,0,0,1
132200,0.0,0.0,0,0,1,0,46.354,-3.386,0,1,1,0,39.078,0.0,0,32.06,0,0,0,1,0,1,1,0,0,1,0,12192.0,2,1,1,1,0,0,1,0,10.9,270.7,0,0,0,0,0,1
132300,0.0,0.0,0,0,1,0,46.016,-3.386,0,1,1,0,39.078,0.0,0,31.94,0,0,0,1,0,1,1,0,0,1,0,12192.0,2,1,1,1,0,0,1,0,12.0,270.6,0,0,0,0,0,1
132400,0.0,0.0,0,0,1,0,45.677,-3.386,0,1,1,0,39.078,0.0,0,31.7,0,0,0,1,0,1,1,0,0,1,0,12192.0,2,1,1,1,0,0,1,0,11.7,270.2,0,0,0,0,0,1
132500,0.0,0.0,0,0,1,0,45.339,-3.386,0,1,1,0,39.078,0.0,0,32.05,0,0,0,1,0,1,1,0,0,1,0,12192.0,2,1,1,1,0,0,1,0,11.2,271.4,0,0,0,0,0,1
132600,0.0,0.0,0,0,1,0,45.0,-3.386,0,1,1,0,39.078,0.0,0,31.95,0,0,0,1,0,1,1,0,0,1,0,12192.0,2,1,1,1,0,0,1,0,11.0,271.7,0,0,0,0,0,1
132700,0.0,0.0,0,0,1,0,44.661,-3.386,0,1,1,0,39.078,0.0,0,31.89,0,0,0,1,0,1,1,0,0,1,0,12192.0,2,1,1,1,0,0,1,0,11.8,266.8,0,0,0,0,0,1
132800,0.0,0.0,0,0,1,0,44.323,-3.386,0,1,1,0,39.078,0.0,0,31.79,0,0,0,1,0,1,1,0,0,1,0,12192.0,2,1,1,1,0,0,1,0,11.3,270.2,0,0,0,0,0,1
132900,0.0,0.0,0,0,1,0,43.984,-3.386,0,1,1,0,39.078,0.0,0,32.05,0,0,0,1,0,1,1,0,0,1,0,12192.0,2,1,1,1,0,0,1,0,11.6,272.2,0,0,0,0,0,1
133000,0.0,0.0,0,0,1,0,43.646,-3.386,0,1,1,0,39.078,0.0,0,32.09,0,0,0,1,0,1,1,0,0,1,0,12192.0,2,1,1,1,0,0,1,0,11.6,269.5,0,0,0,0,0,1
133100,0.0,0.0,0,0,1,0,43.307,-3.386,0,1,1,0,39.078,0.0,0,31.97,0,0,0,1,0,1,1,0,0,1,0,12192.0,2,1,1,1,0,0,1,0,11.3,269.6,0,0,0,0,0,1
133200,0.0,0.0,0,0,1,0,42.968,-3.386,0,1,1,0,39.078,0.0,0,32.05,0,0,0,1,0,1,1,0,0,1,0,12192.0,2,1,1,1,0,0,1,0,11.1,273.1,0,0,0,0,0,1
133300,0.0,0.0,0,0,1,0,42.63,-3.386,0,1,1,0,39.078,0.0,0,32.07,0,0,0,1,0,1,1,0,0,1,0,12192.0,2,1,1,1,0,0,1,0,10.7,267.3,0,0,0,0,0,1
133400,0.0,0.0,0,0,1,0,42.291,-3.386,0,1,1,0,39.078,0.0,0,31.86,0,0,0,1,0,1,1,0,0,1,0,12192.0,2,1,1,1,0,0,1,0,10.9,270.9,0,0,0,0,0,1
133500,0.0,0.0,0,0,1,0,41.953,-3.386,0,1,1,0,39.078,0.0,0,32.19,0,0,0,1,0,1,1,0,0,1,0,12192.0,2,1,1,1,0,0,1,0,12.0,269.6,0,0,0,0,0,1
133600,0.0,0.0,0,0,1,0,41.614,-3.386,0,1,1,0,39.078,0.0,0,32.33,0,0,0,1,0,1,1,0,0,1,0,12192.0,2,1,1,1,0,0,1,0,12.1,272.8,0,0,0,0,0,1
133700,0.0,0.0,0,0,1,0,41.276,-3.386,0,1,1,0,39.078,0.0,0,32.11,0,0,0,1,0,1,1,0,0,1,0,12192.0,2,1,1,1,0,0,1,0,12.4,268.2,0,0,0,0,0,1
133800,0.0,0.0,0,0,1,0,40.937,-3.386,0,1,1,0,39.078,0.0,0,31.99,0,0,0,1,0,1,1,0,0,1,0,12192.0,2,1,1,1,0,0,1,0,11.9,267.2,0,0,0,0,0,1
133900,0.0,0.0,0,0,1,0,40.598,-3.386,0,1,1,0,39.078,0.0,0,32.06,0,0,0,1,0,1,1,0,0,1,0,12192.0,2,1,1,1,0,0,1,0,12.1,270.5,0,0,0,0,0,1
134000,0.0,0.0,0,0,1,0,40.26,-3.386,0,1,1,0,39.078,0.0,0,32.05,0,0,0,1,0,1,1,0,0,1,0,12192.0,2,1,1,1,0,0,1,0,11.9,269.7,0,0,0,0,0,1
134100,0.0,0.0,0,0,1,0,39.921,-3.386,0,1,1,0,39.078,0.0,0,31.97,0,0,0,1,0,1,1,0,0,1,0,12192.0,2,1,1,1,0,0,1,0,12.4,269.6,0,0,0,0,0,1
134200,0.0,0.0,0,0,1,0,39.583,-3.386,0,1,1,0,39.078,0.0,0,32.0,0,0,0,1,0,1,1,0,0,1,0,12192.0,2,1,1,1,0,0,1,0,12.3,271.5,0,0,0,0,0,1
134300,0.0,0.0,0,0,1,0,39.244,-3.386,0,1,1,0,39.078,0.0,0,32.0,0,0,0,1,0,1,1,0,0,1,0,12192.0,2,1,1,1,0,0,1,0,11.4,273.6,0,0,0,0,0,1
134400,0.0,0.0,0,0,1,0,38.905,-3.386,0,1,1,0,39.078,0.0,0,32.07,0,0,0,1,0,1,1,0,0,1,0,12192.0,2,1,1,1,0,0,1,0,12.2,268.8,0,0,0,0,0,1
134500,0.0,0.0,0,0,1,0,38.567,-3.386,0,1,1,0,39.078,0.0,0,32.07,0,0,0,1,0,1,1,0,0,1,0,12192.0,2,1,1,1,0,0,1,0,11.3,264.7,0,0,0,0,0,1
134600,0.0,0.0,0,0,1,0,38.228,-3.386,0,1,1,0,39.078,0.0,0,32.07,0,0,0,1,0,1,1,0,0,1,0,12192.0,2,1,1,1,0,0,1,0,11.6,268.1,0,0,0,0,0,1
134700,0.0,0.0,0,0,1,0,37.89,-3.386,0,1,1,0,39.078,0.0,0,31.7,0,0,0,1,0,1,1,0,0,1,0,12192.0,2,1,1,1,0,0,1,0,12.2,270.4,0,0,0,0,0,1
134800,0.0,0.0,0,0,1,0,37.551,-3.386,0,1,1,0,39.078,0.0,0,32.11,0,0,0,1,0,1,1,0,0,1,0,12192.0,2,1,1,1,0,0,1,0,12.2,266.7,0,0,0,0,0,1
134900,0.0,0.0,0,0,1,0,37.212,-3.386,0,1,1,0,39.078,0.0,0,32.02,0,0,0,1,0,1,1,0,0,1,0,12192.0,2,1,1,1,0,0,1,0,12.5,269.9,0,0,0,0,0,1
135000,0.0,0.0,0,0,1,0,36.874,-3.386,0,1,1,0,39.078,0.0,0,32.08,0,0,0,1,0,1,1,0,0,1,0,12192.0,2,1,1,1,0,0,1,0,12.4,269.9,0,0,0,0,0,1
135100,0.0,0.0,0,0,1,0,36.535,-3.386,0,1,1,0,39.078,0.0,0,32.08,0,0,0,1,0,1,1,0,0,1,0,12192.0,2,1,1,1,0,0,1,0,11.2,272.6,0,0,0,0,0,1
135200,0.0,0.0,0,0,1,0,36.197,-3.386,0,1,1,0,39.078,0.0,0,31.85,0,0,0,1,0,1,1,0,0,1,0,12192.0,2,1,1,1,0,0,1,0,12.1,269.5,0,0,0,0,0,1
135300,0.0,0.0,0,0,1,0,35.858,-3.386,0,1,1,0,39.078,0.0,0,31.92,0,0,0,1,0,1,1,0,0,1,0,12192.0,2,1,1,1,0,0,1,0,12.4,269.5,0,0,0,0,0,1
135400,0.0,0.0,0,0,1,0,35.52,-3.386,0,1,1,0,39.078,0.0,0,32.27,0,0,0,1,0,1,1,0,0,1,0,12192.0,2,1,1,1,0,0,1,0,12.4,269.3,0,0,0,0,0,1
135500,0.0,0.0,0,0,1,0,35.181,-3.386,0,1,1,0,39.078,0.0,0,31.97,0,0,0,1,0,1,1,0,0,1,0,12192.0,2,1,1,1,0,0,1,0,12.8,271.4,0,0,0,0,0,1
135600,0.0,0.0,0,0,1,0,34.842,-3.386,0,1,1,0,39.078,0.0,0,31.92,0,0,0,1,0,1,1,0,0,1,0,12192.0,2,1,1,1,0,0,1,0,12.8,269.4,0,0,0,0,0,1
135700,0.0,0.0,0,0,1,0,34.504,-3.386,0,1,1,0,39.078,0.0,0,31.82,0,0,0,1,0,1,1,0,0,1,0,12192.0,2,1,1,1,0,0,1,0,13.2,267.4,0,0,0,0,0,1
135800,0.0,0.0,0,0,1,0,34.165,-3.386,0,1,1,0,39.078,0.0,0,32.07,0,0,0,1,0,1,1,0,0,1,0,12192.0,2,1,1,1,0,0,1,0,12.2,272.3,0,0,0,0,0,1
135900,0.0,0.0,0,0,1,0,33.827,-3.386,0,1,1,0,39.078,0.0,0,31.91,0,0,0,1,0,1,1,0,0,1,0,12192.0,2,1,1,1,0,0,1,0,12.7,270.2,0,0,0,0,0,1
136000,0.0,0.0,0,0,1,0,33.488,-3.386,0,1,1,0,39.078,0.0,0,32.02,0,0,0,1,0,1,1,0,0,1,0,12192.0,2,1,1,1,0,0,1,0,13.8,268.7,0,0,0,0,0,1
136100,0.0,0.0,0,0,1,0,33.149,-3.386,0,1,1,0,39.078,0.0,0,32.07,0,0,0,1,0,1,1,0,0,1,0,12192.0,2,1,1,1,0,0,1,0,12.3,270.8,0,0,0,0,0,1
136200,0.0,0.0,0,0,1,0,32.811,-3.386,0,1,1,0,39.078,0.0,0,31.85,0,0,0,1,0,1,1,0,0,1,0,12192.0,2,1,1,1,0,0,1,0,12.3,270.5,0,0,0,0,0,1
136300,0.0,0.0,0,0,1,0,32.472,-3.386,0,1,1,0,39.078,0.0,0,31.99,0,0,0,1,0,1,1,0,0,1,0,12192.0,2,1,1,1,0,0,1,0,12.2,269.6,0,0,0,0,0,1
136400,0.0,0.0,0,0,1,0,32.134,-3.386,0,1,1,0,39.078,0.0,0,32.16,0,0,0,1,0,1,1,0,0,1,0,12192.0,2,1,1,1,0,0,1,0,13.5,271.3,0,0,0,0,0,1
136500,0.0,0.0,0,0,1,0,31.795,-3.386,0,1,1,0,39.078,0.0,0,31.95,0,0,0,1,0,1,1,0,0,1,0,12192.0,2,1,1,1,0,0,1,0,13.0,268.8,0,0,0,0,0,1
136600,0.0,0.0,0,0,1,0,31.456,-3.386,0,1,1,0,39.078,0.0,0,31.91,0,0,0,1,0,1,1,0,0,1,0,12192.0,2,1,1,1,0,0,1,0,12.4,271.9,0,0,0,0,0,1
136700,0.0,0.0,0,0,1,0,31.118,-3.386,0,1,1,0,39.078,0.0,0,32.14,0,0,0,1,0,1,1,0,0,1,0,12192.0,2,1,1,1,0,0,1,0,13.4,270.2,0,0,0,0,0,1
136800,0.0,0.0,0,0,1,0,30.779,-3.386,0,1,1,0,39.078,0.0,0,31.89,0,0,0,1,0,1,1,0,0,1,0,12192.0,2,1,1,1,0,0,1,0,13.7,271.1,0,0,0,0,0,1
136900,0.0,0.0,0,0,1,0,30.441,-3.386,0,1,1,0,39.078,0.0,0,31.98,0,0,0,1,0,1,1,0,0,1,0,12192.0,2,1,1,1,0,0,1,0,12.0,274.6,0,0,0,0,0,1
137000,0.0,0.0,0,0,1,0,30.102,-3.386,0,1,1,0,39.078,0.0,0,32.1,0,0,0,1,0,1,1,0,0,1,0,12192.0,2,1,1,1,0,0,1,0,12.8,270.3,0,0,0,0,0,1
137100,0.0,0.0,0,0,1,0,29.763,-3.386,0,1,1,0,39.078,0.0,0,32.01,0,0,0,1,0,1,1,0,0,1,0,12192.0,2,1,1,1,0,0,1,0,12.7,268.7,0,0,0,0,0,1
137200,0.0,0.0,0,0,1,0,29.425,-3.386,0,1,1,0,39.078,0.0,0,31.9,0,0,0,1,0,1,1,0,0,1,0,12192.0,2,1,1,1,0,0,1,0,12.8,268.7,0,0,0,0,0,1
137300,0.0,0.0,0,0,1,0,29.086,-3.386,0,1,1,0,39.078,0.0,0,32.12,0,0,0,1,0,1,1,0,0,1,0,12192.0,2,1,1,1,0,0,1,0,12.2,268.4,0,0,0,0,0,1
137400,0.0,0.0,0,0,1,0,28.748,-3.386,0,1,1,0,39.078,0.0,0,32.2,0,0,0,1,0,1,1,0,0,1,0,12192.0,2,1,1,1,0,0,1,0,13.0,268.9,0,0,0,0,0,1
137500,0.0,0.0,0,0,1,0,28.409,-3.386,0,1,1,0,39.078,0.0,0,31.94,0,0,0,1,0,1,1,0,0,1,0,12192.0,2,1,1,1,0,0,1,0,13.0,273.6,0,0,0,0,0,1
137600,0.0,0.0,0,0,1,0,28.071,-3.386,0,1,1,0,39.078,0.0,0,32.24,0,0,0,1,0,1,1,0,0,1,0,12192.0,2,1,1,1,0,0,1,0,12.9,263.9,0,0,0,0,0,1
137700,0.0,0.0,0,0,1,0,27.732,-3.386,0,1,1,0,39.078,0.0,0,31.91,0,0,0,1,0,1,1,0,0,1,0,12192.0,2,1,1,1,0,0,1,0,12.6,268.8,0,0,0,0,0,1
137800,0.0,0.0,0,0,1,0,27.393,-3.386,0,1,1,0,39.078,0.0,0,32.16,0,0,0,1,0,1,1,0,0,1,0,12192.0,2,1,1,1,0,0,1,0,12.6,268.4,0,0,0,0,0,1
137900,0.0,0.0,0,0,1,0,27.055,-3.386,0,1,1,0,39.078,0.0,0,31.95,0,0,0,1,0,1,1,0,0,1,0,12192.0,2,1,1,1,0,0,1,0,11.6,270.9,0,0,0,0,0,1
138000,0.0,0.0,0,0,1,0,26.716,-3.386,0,1,1,0,39.078,0.0,0,32.07,0,0,0,1,0,1,1,0,0,1,0,12192.0,2,1,1,1,0,0,1,0,12.2,266.7,0,0,0,0,0,1
138100,0.0,0.0,0,0,1,0,26.378,-3.386,0,1,1,0,39.078,0.0,0,32.12,0,0,0,1,0,1,1,0,0,1,0,12192.0,2,1,1,1,0,0,1,0,12.0,267.8,0,0,0,0,0,1
138200,0.0,0.0,0,0,1,0,26.039,-3.386,0,1,1,0,39.078,0.0,0,32.07,0,0,0,1,0,1,1,0,0,1,0,12192.0,2,1,1,1,0,0,1,0,12.7,271.2,0,0,0,0,0,1
138300,0.0,0.0,0,0,1,0,25.7,-3.386,0,1,1,0,39.078,0.0,0,32.03,0,0,0,1,0,1,1,0,0,1,0,12192.0,2,1,1,1,0,0,1,0,12.3,272.1,0,0,0,0,0,1
138400,0.0,0.0,0,0,1,0,25.362,-3.386,0,1,1,0,39.078,0.0,0,32.02,0,0,0,1,0,1,1,0,0,1,0,12192.0,2,1,1,1,0,0,1,0,12.1,270.8,0,0,0,0,0,1
138500,0.0,0.0,0,0,1,0,25.023,-3.386,0,1,1,0,39.078,0.0,0,32.1,0,0,0,1,0,1,1,0,0,1,0,12192.0,2,1,1,1,0,0,1,0,12.8,271.4,0,0,0,0,0,1
138600,0.0,0.0,0,0,1,0,24.685,-3.386,0,1,1,0,39.078,0.0,0,32.0,0,0,0,1,0,1,1,0,0,1,0,12192.0,2,1,1,1,0,0,1,0,11.9,274.5,0,0,0,0,0,1
138700,0.0,0.0,0,0,1,0,24.346,-3.386,0,1,1,0,39.078,0.0,0,31.77,0,0,0,1,0,1,1,0,0,1,0,12192.0,2,1,1,1,0,0,1,0,13.1,274.0,0,0,0,0,0,1
138800,0.0,0.0,0,0,1,0,24.007,-3.386,0,1,1,0,39.078,0.0,0,32.02,0,0,0,1,0,1,1,0,0,1,0,12192.0,2,1,1,1,0,0,1,0,12.5,268.6,0,0,0,0,0,1
138900,0.0,0.0,0,0,1,0,23.669,-3.386,0,1,1,0,39.078,0.0,0,31.95,0,0,0,1,0,1,1,0,0,1,0,12192.0,2,1,1,1,0,0,1,0,12.0,267.4,0,0,0,0,0,1
139000,0.0,0.0,0,0,1,0,23.33,-3.386,0,1,1,0,39.078,0.0,0,31.99,0,0,0,1,0,1,1,0,0,1,0,12192.0,2,1,1,1,0,0,1,0,11.4,266.8,0,0,0,0,0,1
139100,0.0,0.0,0,0,1,0,22.992,-3.386,0,1,1,0,39.078,0.0,0,32.27,0,0,0,1,0,1,1,0,0,1,0,12192.0,2,1,1,1,0,0,1,0,12.2,275.5,0,0,0,0,0,1
139200,0.0,0.0,0,0,1,0,22.653,-3.386,0,1,1,0,39.078,0.0,0,31.93,0,0,0,1,0,1,1,0,0,1,0,12192.0,2,1,1,1,0,0,1,0,12.8,268.9,0,0,0,0,0,1
139300,0.0,0.0,0,0,1,0,22.314,-3.386,0,1,1,0,39.078,0.0,0,31.99,0,0,0,1,0,1,1,0,0,1,0,12192.0,2,1,1,1,0,0,1,0,12.0,266.6,0,0,0,0,0,1
139400,0.0,0.0,0,0,1,0,21.976,-3.386,0,1,1,0,39.078,0.0,0,32.14,0,0,0,1,0,1,1,0,0,1,0,12192.0,2,1,1,1,0,0,1,0,11.2,268.8,0,0,0,0,0,1
139500,0.0,0.0,0,0,1,0,21.637,-3.386,0,1,1,0,39.078,0.0,0,32.01,0,0,0,1,0,1,1,0,0,1,0,12192.0,2,1,1,1,0,0,1,0,11.9,267.8,0,0,0,0,0,1
139600,0.0,0.0,0,0,1,0,21.299,-3.386,0,1,1,0,39.078,0.0,0,31.96,0,0,0,1,0,1,1,0,0,1,0,12192.0,2,1,1,1,0,0,1,0,11.9,274.1,0,0,0,0,0,1
139700,0.0,0.0,0,0,1,0,20.96,-3.386,0,1,1,0,39.078,0.0,0,32.14,0,0,0,1,0,1,1,0,0,1,0,12192.0,2,1,1,1,0,0,1,0,11.7,272.1,0,0,0,0,0,1
139800,0.0,0.0,0,0,1,0,20.622,-3.386,0,1,1,0,39.078,0.0,0,32.08,0,0,0,1,0,1,1,0,0,1,0,12192.0,2,1,1,1,0,0,1,0,11.7,271.8,0,0,0,0,0,1
139900,0.0,0.0,0,0,1,0,20.283,-3.386,0,1,1,0,39.078,0.0,0,32.03,0,0,0,1,0,1,1,0,0,1,0,12192.0,2,1,1,1,0,0,1,0,11.9,270.8,0,0,0,0,0,1
140000,0.0,0.0,0,0,1,0,19.944,-3.386,0,1,1,0,39.078,0.0,0,31.96,0,0,0,1,0,1,1,0,0,1,0,12192.0,2,1,1,1,0,0,1,0,11.3,268.9,0,0,0,0,0,1
140100,0.0,0.0,0,0,1,0,19.606,-3.386,0,1,1,0,39.078,0.0,0,31.9,0,0,0,1,0,1,1,0,0,1,0,12192.0,2,1,1,1,0,0,1,0,11.9,271.5,0,0,0,0,0,1
140200,0.0,0.0,0,0,1,0,19.267,-3.386,0,1,1,0,39.078,0.0,0,31.72,0,0,0,1,0,1,1,0,0,1,0,12192.0,2,1,1,1,0,0,1,0,12.6,272.1,0,0,0,0,0,1
140300,0.0,0.0,0,0,1,0,18.929,-3.386,0,1,1,0,39.078,0.0,0,31.88,0,0,0,1,0,1,1,0,0,1,0,12192.0,2,1,1,1,0,0,1,0,11.5,269.8,0,0,0,0,0,1
140400,0.0,0.0,0,0,1,0,18.59,-3.386,0,1,1,0,39.078,0.0,0,32.17,0,0,0,1,0,1,1,0,0,1,0,12192.0,2,1,1,1,0,0,1,0,11.3,269.7,0,0,0,0,0,1
140500,0.0,0.0,0,0,1,0,18.251,-3.386,0,1,1,0,39.078,0.0,0,32.1,0,0,0,1,0,1,1,0,0,1,0,12192.0,2,1,1,1,0,0,1,0,11.0,272.2,0,0,0,0,0,1
140600,0.0,0.0,0,0,1,0,17.913,-3.386,0,1,1,0,39.078,0.0,0,32.2,0,0,0,1,0,1,1,0,0,1,0,12192.0,2,1,1,1,0,0,1,0,11.4,270.4,0,0,0,0,0,1
140700,0.0,0.0,0,0,1,0,17.574,-3.386,0,1,1,0,39.078,0.0,0,32.07,0,0,0,1,0,1,1,0,0,1,0,12192.0,2,1,1,1,0,0,1,0,11.3,269.8,0,0,0,0,0,1
140800,0.0,0.0,0,0,1,0,17.236,-3.386,0,1,1,0,39.078,0.0,0,31.87,0,0,0,1,0,1,1,0,0,1,0,12192.0,2,1,1,1,0,0,1,0,11.5,271.1,0,0,0,0,0,1
140900,0.0,0.0,0,0,1,0,16.897,-3.386,0,1,1,0,39.078,0.0,0,32.07,0,0,0,1,0,1,1,0,0,1,0,12192.0,2,1,1,1,0,0,1,0,11.2,266.4,0,0,0,0,0,1
141000,0.0,0.0,0,0,1,0,16.558,-3.386,0,1,1,0,39.078,0.0,0,32.2,0,0,0,1,0,1,1,0,0,1,0,12192.0,2,1,1,1,0,0,1,0,10.6,267.5,0,0,0,0,0,1
141100,0.0,0.0,0,0,1,0,16.22,-3.386,0,1,1,0,39.078,0.0,0,31.91,0,0,0,1,0,1,1,0,0,1,0,12192.0,2,1,1,1,0,0,1,0,10.9,265.7,0,0,0,0,0,1
141200,0.0,0.0,0,0,1,0,15.881,-3.386,0,1,1,0,39.078,0.0,0,31.98,0,0,0,1,0,1,1,0,0,1,0,12192.0,2,1,1,1,0,0,1,0,11.6,268.0,0,0,0,0,0,1
141300,0.0,0.0,0,0,1,0,15.543,-3.386,0,1,1,0,39.078,0.0,0,31.99,0,0,0,1,0,1,1,0,0,1,0,12192.0,2,1,1,1,0,0,1,0,11.1,271.9,0,0,0,0,0,1
141400,0.0,0.0,0,0,1,0,15.204,-3.386,0,1,1,0,39.078,0.0,0,32.01,0,0,0,1,0,1,1,0,0,1,0,12192.0,2,1,1,1,0,0,1,0,12.1,272.8,0,0,0,0,0,1
141500,0.0,0.0,0,0,1,0,14.865,-3.386,0,1,1,0,39.078,0.0,0,31.98,0,0,0,1,0,1,1,0,0,1,0,12192.0,2,1,1,1,0,0,1,0,11.5,270.3,0,0,0,0,0,1
141600,0.0,0.0,0,0,1,0,14.527,-3.386,0,1,1,0,39.078,0.0,0,31.94,0,0,0,1,0,1,1,0,0,1,0,12192.0,2,1,1,1,0,0,1,0,11.2,267.4,0,0,0,0,0,1
141700,0.0,0.0,0,0,1,0,14.188,-3.386,0,1,1,0,39.078,0.0,0,31.92,0,0,0,1,0,1,1,0,0,1,0,12192.0,2,1,1,1,0,0,1,0,11.6,265.6,0,0,0,0,0,1
141800,0.0,0.0,0,0,1,0,13.85,-3.386,0,1,1,0,39.078,0.0,0,31.84,0,0,0,1,0,1,1,0,0,1,0,12192.0,2,1,1,1,0,0,1,0,11.8,266.7,0,0,0,0,0,1
141900,0.0,0.0,0,0,1,0,13.511,-3.386,0,1,1,0,39.078,0.0,0,32.12,0,0,0,1,0,1,1,0,0,1,0,12192.0,2,1,1,1,0,0,1,0,11.1,272.9,0,0,0,0,0,1
142000,0.0,0.0,0,0,1,0,13.173,-3.386,0,1,1,0,39.078,0.0,0,32.1,0,0,0,1,0,1,1,0,0,1,0,12192.0,2,1,1,1,0,0,1,0,11.0,274.2,0,0,0,0,0,1
142100,0.0,0.0,0,0,1,0,12.834,-3.386,0,1,1,0,39.078,0.0,0,32.01,0,0,0,1,0,1,1,0,0,1,0,12192.0,2,1,1,1,0,0,1,0,11.6,266.4,0,0,0,0,0,1
142200,0.0,0.0,0,0,1,0,12.495,-3.386,0,1,1,0,39.078,0.0,0,32.05,0,0,0,1,0,1,1,0,0,1,0,12192.0,2,1,1,1,0,0,1,0,11.8,265.7,0,0,0,0,0,1
142300,0.0,0.0,0,0,1,0,12.157,-3.386,0,1,1,0,39.078,0.0,0,32.17,0,0,0,1,0,1,1,0,0,1,0,12192.0,2,1,1,1,0,0,1,0,11.6,274.5,0,0,0,0,0,1
142400,0.0,0.0,0,0,1,0,11.818,-3.386,0,1,1,0,39.078,0.0,0,31.98,0,0,0,1,0,1,1,0,0,1,0,12192.0,2,1,1,1,0,0,1,0,11.6,271.2,0,0,0,0,0,1
142500,0.0,0.0,0,0,1,0,11.48,-3.386,0,1,1,0,39.078,0.0,0,32.06,0,0,0,1,0,1,1,0,0,1,0,12192.0,2,1,1,1,0,0,1,0,11.3,271.3,0,0,0,0,0,1
142600,0.0,0.0,0,0,1,0,11.141,-3.386,0,1,1,0,39.078,0.0,0,32.17,0,0,0,1,0,1,1,0,0,1,0,12192.0,2,1,1,1,0,0,1,0,11.8,270.5,0,0,0,0,0,1
142700,0.0,0.0,0,0,1,0,10.802,-3.386,0,1,1,0,39.078,0.0,0,32.07,0,0,0,1,0,1,1,0,0,1,0,12192.0,2,1,1,1,0,0,1,0,11.6,270.9,0,0,0,0,0,1
142800,0.0,0.0,0,0,1,0,10.464,-3.386,0,1,1,0,39.078,0.0,0,32.06,0,0,0,1,0,1,1,0,0,1,0,12192.0,2,1,1,1,0,0,1,0,12.1,271.3,0,0,0,0,0,1
142900,0.0,0.0,0,0,1,0,10.131,-3.33,0,1,1,0,39.078,0.0,0,32.04,0,0,0,1,0,1,1,0,0,1,0,12192.0,2,1,1,1,0,0,1,0,10.9,268.5,0,0,0,0,0,1
143000,0.0,0.0,0,0,1,0,9.803,-3.275,0,1,1,0,39.078,0.0,0,32.21,0,0,0,1,0,1,1,0,0,1,0,12192.0,2,1,1,1,0,0,1,0,11.7,267.8,0,0,0,0,0,1
143100,0.0,0.0,0,0,1,0,9.481,-3.219,0,1,1,0,39.078,0.0,0,32.0,0,0,0,1,0,1,1,0,0,1,0,12192.0,2,1,1,1,0,0,1,0,12.1,269.5,0,0,0,0,0,1
143200,0.0,0.0,0,0,1,0,9.165,-3.163,0,1,1,0,39.078,0.0,0,31.97,0,0,0,1,0,1,1,0,0,1,0,12192.0,2,1,1,1,0,0,1,0,12.2,269.5,0,0,0,0,0,1
143300,0.0,0.0,0,0,1,0,8.854,-3.107,0,1,1,0,39.078,0.0,0,32.01,0,0,0,1,0,1,1,0,0,1,0,12192.0,2,1,1,1,0,0,1,0,12.1,264.0,0,0,0,0,0,1
143400,0.0,0.0,0,0,1,0,8.549,-3.052,0,1,1,0,39.078,0.0,0,31.9,0,0,0,1,0,1,1,0,0,1,0,12192.0,2,1,1,1,0,0,1,0,11.2,264.9,0,0,0,0,0,1
143500,0.0,0.0,0,0,1,0,8.25,-2.996,0,1,1,0,39.078,0.0,0,31.91,0,0,0,1,0,1,1,0,0,1,0,12192.0,2,1,1,1,0,0,1,0,12.0,268.3,0,0,0,0,0,1
143600,0.0,0.0,0,0,1,0,7.956,-2.94,0,1,1,0,39.078,0.0,0,31.94,0,0,0,1,0,1,1,0,0,1,0,12192.0,2,1,1,1,0,0,1,0,12.7,271.6,0,0,0,0,0,1
143700,0.0,0.0,0,0,1,0,7.667,-2.885,0,1,1,0,39.078,0.0,0,31.59,0,0,0,1,0,1,1,0,0,1,0,12192.0,2,1,1,1,0,0,1,0,12.7,264.5,0,0,0,0,0,1
143800,0.0,0.0,0,0,1,0,7.384,-2.829,0,1,1,0,39.078,0.0,0,32.09,0,0,0,1,0,1,1,0,0,1,0,12192.0,2,1,1,1,0,0,1,0,12.3,266.7,0,0,0,0,0,1
143900,0.0,0.0,0,0,1,0,7.107,-2.773,0,1,1,0,39.078,0.0,0,31.88,0,0,0,1,0,1,1,0,0,1,0,12192.0,2,1,1,1,0,0,1,0,11.8,272.2,0,0,0,0,0,1
144000,0.0,0.0,0,0,1,0,6.835,-2.718,0,1,1,0,39.078,0.0,0,31.95,0,0,0,1,0,1,1,0,0,1,0,12192.0,2,1,1,1,0,0,1,0,11.7,266.6,0,0,0,0,0,1
144100,0.0,0.0,0,0,1,0,6.569,-2.662,0,1,1,0,39.078,0.0,0,32.1,0,0,0,1,0,1,1,0,0,1,0,12192.0,2,1,1,1,0,0,1,0,12.6,267.9,0,0,0,0,0,1
144200,0.0,0.0,0,0,1,0,6.308,-2.606,0,1,1,0,39.078,0.0,0,32.13,0,0,0,1,0,1,1,0,0,1,0,12192.0,2,1,1,1,0,0,1,0,12.6,272.5,0,0,0,0,0,1
144300,0.0,0.0,0,0,1,0,6.053,-2.551,0,1,1,0,39.078,0.0,0,32.04,0,0,0,1,0,1,1,0,0,1,0,12192.0,2,1,1,1,0,0,1,0,12.6,271.2,0,0,0,0,0,1
144400,0.0,0.0,0,0,1,0,5.804,-2.495,0,1,1,0,39.078,0.0,0,32.19,0,0,0,1,0,1,1,0,0,1,0,12192.0,2,1,1,1,0,0,1,0,12.3,266.7,0,0,0,0,0,1
144500,0.0,0.0,0,0,1,0,5.56,-2.439,0,1,1,0,39.078,0.0,0,31.94,0,0,0,1,0,1,1,0,0,1,0,12192.0,2,1,1,1,0,0,1,0,12.9,270.2,0,0,0,0,0,1
144600,0.0,0.0,0,0,1,0,5.321,-2.384,0,1,1,0,39.078,0.0,0,32.14,0,0,0,1,0,1,1,0,0,1,0,12192.0,2,1,1,1,0,0,1,0,13.0,266.9,0,0,0,0,0,1
144700,0.0,0.0,0,0,1,0,5.089,-2.328,0,1,1,0,39.078,0.0,0,31.88,0,0,0,1,0,1,1,0,0,1,0,12192.0,2,1,1,1,0,0,1,0,11.9,271.0,0,0,0,0,0,1
144800,0.0,0.0,0,0,1,0,4.861,-2.272,0,1,1,0,39.078,0.0,0,31.81,0,0,0,1,0,1,1,0,0,1,0,12192.0,2,1,1,1,0,0,1,0,12.1,263.8,0,0,0,0,0,1
144900,0.0,0.0,0,0,1,0,4.64,-2.217,0,1,1,0,39.078,0.0,0,31.99,0,0,0,1,0,1,1,0,0,1,0,12192.0,2,1,1,1,0,0,1,0,12.8,276.7,0,0,0,0,0,1
145000,0.0,0.0,0,0,1,0,4.424,-2.161,0,1,1,0,39.078,0.0,0,31.9,0,0,0,1,0,1,1,0,0,1,0,12192.0,2,1,1,1,0,0,1,0,12.7,273.8,0,0,0,0,0,1
145100,0.0,0.0,0,0,1,0,4.213,-2.105,0,1,1,0,39.078,0.0,0,31.96,0,0,0,1,0,1,1,0,0,1,0,12192.0,2,1,1,1,0,0,1,0,12.5,269.6,0,0,0,0,0,1
145200,0.0,0.0,0,0,1,0,4.008,-2.049,0,1,1,0,39.078,0.0,0,32.0,0,0,0,1,0,1,1,0,0,1,0,12192.0,2,1,1,1,0,0,1,0,12.5,266.5,0,0,0,0,0,1
145300,0.0,0.0,0,0,1,0,3.809,-1.994,0,1,1,0,39.078,0.0,0,32.07,0,0,0,1,0,1,1,0,0,1,0,12192.0,2,1,1,1,0,0,1,0,12.9,272.4,0,0,0,0,0,1
145400,0.0,0.0,0,0,1,0,3.615,-1.938,0,1,1,0,39.078,0.0,0,32.08,0,0,0,1,0,1,1,0,0,1,0,12192.0,2,1,1,1,0,0,1,0,13.0,270.7,0,0,0,0,0,1
145500,0.0,0.0,0,0,1,0,3.427,-1.882,0,1,1,0,39.078,0.0,0,31.95,0,0,0,1,0,1,1,0,0,1,0,12192.0,2,1,1,1,0,0,1,0,13.0,267.5,0,0,0,0,0,1
145600,0.0,0.0,0,0,1,0,3.244,-1.827,0,1,1,0,39.078,0.0,0,32.07,0,0,0,1,0,1,1,0,0,1,0,12192.0,2,1,1,1,0,0,1,0,12.5,274.9,0,0,0,0,0,1
145700,0.0,0.0,0,0,1,0,3.067,-1.771,0,1,1,0,39.078,0.0,0,32.05,0,0,0,1,0,1,1,0,0,1,0,12192.0,2,1,1,1,0,0,1,0,12.3,269.8,0,0,0,0,0,1
145800,0.0,0.0,0,0,1,0,2.895,-1.715,0,1,1,0,39.078,0.0,0,32.02,0,0,0,1,0,1,1,0,0,1,0,12192.0,2,1,1,1,0,0,1,0,12.7,272.3,0,0,0,0,0,1
145900,0.0,0.0,0,0,1,0,2.729,-1.66,0,1,1,0,39.078,0.0,0,32.14,0,0,0,1,0,1,1,0,0,1,0,12192.0,2,1,1,1,0,0,1,0,12.9,270.4,0,0,0,0,0,1
146000,0.0,0.0,0,0,1,0,2.569,-1.604,0,1,1,0,39.078,0.0,0,31.79,0,0,0,1,0,1,1,0,0,1,0,12192.0,2,1,1,1,0,0,1,0,12.1,270.6,0,0,0,0,0,1
146100,0.0,0.0,0,0,1,0,2.414,-1.548,0,1,1,0,39.078,0.0,0,31.96,0,0,0,1,0,1,1,0,0,1,0,12192.0,2,1,1,1,0,0,1,0,13.0,270.0,0,0,0,0,0,1
146200,0.0,0.0,0,0,1,0,2.265,-1.493,0,1,1,0,39.078,0.0,0,32.06,0,0,0,1,0,1,1,0,0,1,0,12192.0,2,1,1,1,0,0,1,0,12.6,271.0,0,0,0,0,0,1
146300,0.0,0.0,0,0,1,0,2.121,-1.437,0,1,1,0,39.078,0.0,0,31.96,0,0,0,1,0,1,1,0,0,1,0,12192.0,2,1,1,1,0,0,1,0,12.8,268.5,0,0,0,0,0,1
146400,0.0,0.0,0,0,1,0,1.983,-1.381,0,1,1,0,39.078,0.0,0,32.02,0,0,0,1,0,1,1,0,0,1,0,12192.0,2,1,1,1,0,0,1,0,13.0,269.0,0,0,0,0,0,1
146500,0.0,0.0,0,0,1,0,1.851,-1.326,0,1,1,0,39.078,0.0,0,31.91,0,0,0,1,0,1,1,0,0,1,0,12192.0,2,1,1,1,0,0,1,0,13.4,268.8,0,0,0,0,0,1
146600,0.0,0.0,0,0,1,0,1.724,-1.27,0,1,1,0,39.078,0.0,0,31.9,0,0,0,1,0,1,1,0,0,1,0,12192.0,2,1,1,1,0,0,1,0,13.3,268.2,0,0,0,0,0,1
146700,0.0,0.0,0,0,1,0,1.602,-1.214,0,1,1,0,39.078,0.0,0,31.82,0,0,0,1,0,1,1,0,0,1,0,12192.0,2,1,1,1,0,0,1,0,12.9,270.1,0,0,0,0,0,1
146800,0.0,0.0,0,0,1,0,1.486,-1.159,0,1,1,0,39.078,0.0,0,31.87,0,0,0,1,0,1,1,0,0,1,0,12192.0,2,1,1,1,0,0,1,0,12.0,274.5,0,0,0,0,0,1
146900,0.0,0.0,0,0,1,0,1.376,-1.103,0,1,1,0,39.078,0.0,0,32.1,0,0,0,1,0,1,1,0,0,1,0,12192.0,2,1,1,1,0,0,1,0,12.4,268.4,0,0,0,0,0,1
147000,0.0,0.0,0,0,1,0,1.271,-1.047,0,1,1,0,39.078,0.0,0,31.8,0,0,0,1,0,1,1,0,0,1,0,12192.0,2,1,1,1,0,0,1,0,12.6,271.7,0,0,0,0,0,1
147100,0.0,0.0,0,0,1,0,1.172,-0.991,0,1,1,0,39.078,0.0,0,31.92,0,0,0,1,0,1,1,0,0,1,0,12192.0,2,1,1,1,0,0,1,0,12.4,265.1,0,0,0,0,0,1
147200,0.0,0.0,0,0,1,0,1.079,-0.936,0,1,1,0,39.078,0.0,0,31.93,0,0,0,1,0,1,1,0,0,1,0,12192.0,2,1,1,1,0,0,1,0,13.1,270.6,0,0,0,0,0,1
147300,0.0,0.0,0,0,1,0,0.991,-0.88,0,1,1,0,39.078,0.0,0,32.12,0,0,0,1,0,1,1,0,0,1,0,12192.0,2,1,1,1,0,0,1,0,12.5,268.7,0,0,0,0,0,1
147400,0.0,0.0,0,0,1,0,0.908,-0.824,0,1,1,0,39.078,0.0,0,32.01,0,0,0,1,0,1,1,0,0,1,0,12192.0,2,1,1,1,0,0,1,0,12.0,269.1,0,0,0,0,0,1
147500,0.0,0.0,0,0,1,0,0.831,-0.769,0,1,1,0,39.078,0.0,0,32.13,0,0,0,1,0,1,1,0,0,1,0,12192.0,2,1,1,1,0,0,1,0,12.3,271.2,0,0,0,0,0,1
147600,0.0,0.0,0,0,1,0,0.76,-0.713,0,1,1,0,39.078,0.0,0,31.99,0,0,0,1,0,1,1,0,0,1,0,12192.0,2,1,1,1,0,0,1,0,11.7,262.9,0,0,0,0,0,1
147700,0.0,0.0,0,0,1,0,0.694,-0.657,0,1,1,0,39.078,0.0,0,31.8,0,0,0,1,0,1,1,0,0,1,0,12192.0,2,1,1,1,0,0,1,0,13.3,267.6,0,0,0,0,0,1
147800,0.0,0.0,0,0,1,0,0.634,-0.602,0,1,1,0,39.078,0.0,0,32.04,0,0,0,1,0,1,1,0,0,1,0,12192.0,2,1,1,1,0,0,1,0,13.0,273.7,0,0,0,0,0,1
147900,0.0,0.0,0,0,1,0,0.579,-0.546,0,1,1,0,39.078,0.0,0,32.22,0,0,0,1,0,1,1,0,0,1,0,12192.0,2,1,1,1,0,0,1,0,12.3,271.5,0,0,0,0,0,1
148000,0.0,0.0,0,0,1,0,0.53,-0.49,0,1,1,0,39.078,0.0,0,31.77,0,0,0,1,0,1,1,0,0,1,0,12192.0,2,1,1,1,0,0,1,0,11.3,271.3,0,0,0,0,0,1
148100,0.0,0.0,0,0,1,0,0.487,-0.435,0,1,1,0,39.078,0.0,0,31.93,0,0,0,1,0,1,1,0,0,1,0,12192.0,2,1,1,1,0,0,1,0,11.7,272.0,0,0,0,0,0,1
148200,0.0,0.0,0,0,1,0,0.449,-0.379,0,1,1,0,39.078,0.0,0,32.09,0,0,0,1,0,1,1,0,0,1,0,12192.0,2,1,1,1,0,0,1,0,11.7,270.2,0,0,0,0,0,1
148300,0.0,0.0,0,0,1,0,0.417,-0.323,0,1,1,0,39.078,0.0,0,32.05,0,0,0,1,0,1,1,0,0,1,0,12192.0,2,1,1,1,0,0,1,0,12.2,273.1,0,0,0,0,0,1
148400,0.0,0.0,0,0,1,0,0.39,-0.268,0,1,1,0,39.078,0.0,0,32.04,0,0,0,1,0,1,1,0,0,1,0,12192.0,2,1,1,1,0,0,1,0,12.2,271.0,0,0,0,0,0,1
148500,0.0,0.0,0,0,1,0,0.369,-0.211,0,1,1,0,39.078,0.0,0,31.78,0,0,0,1,0,1,1,0,0,1,0,12192.0,2,1,1,1,0,0,1,0,12.6,271.3,0,0,0,0,0,1
148600,0.0,0.0,0,0,1,0,0.354,-0.145,0,1,1,0,39.078,0.0,0,32.09,0,0,0,1,0,1,1,0,0,1,0,12192.0,2,1,1,1,0,0,1,0,11.7,264.9,0,0,0,0,0,1
148700,0.0,0.0,0,0,1,0,0.347,-0.07,0,1,1,0,39.078,0.0,0,31.95,0,0,0,1,0,1,1,0,0,1,0,12192.0,2,1,1,1,0,0,1,0,12.3,268.9,0,0,0,0,0,1
148800,0.0,0.0,0,0,0,0,0.346,0.0,0,0,0,0,39.078,0.0,0,31.99,0,0,0,0,0,1,1,0,0,1,0,12192.0,2,1,1,0,1,0,1,0,11.5,270.8,0,0,0,0,0,1
