t_ms,GT_Position,GT_Velocity,GT_Direction,GT_Running,GT_Brake_Released,GT_Motor_Alarm,TR_Position,TR_Velocity,TR_Direction,TR_Running,TR_Brake_Released,TR_Motor_Alarm,HO_Position,HO_Velocity,HO_Direction,HO_Load,HO_Overload_Alarm,HO_Snag_Alarm,HO_Running,HO_Brake_Released,HO_Motor_Alarm,SP_Mode,SP_TwistLock_Locked,SP_TwistLock_Unlocked,SP_Landed,SP_Container_Detected,SP_Mismatch_Alarm,SP_Telescopic_Position,OP_Mode,OP_Power_On,OP_Ready,OP_Running,OP_Standby,OP_Emergency_Stop,OP_AntiSway_Active,OP_Cycle_Count_Today,ENV_Wind_Speed,ENV_Wind_Direction,ENV_Wind_Alarm,ALM_Active,ALM_Latest_Code,ALM_Latest_Severity,ALM_Latest_Source,COM_Link_Status
0,70.442,-0.015,0,1,1,0,10.095,0.0,0,0,1,0,9.94,0.0,0,0.0,0,0,0,1,0,1,0,1,0,0,0,12192.0,2,1,1,1,0,0,1,0,7.6,267.5,0,0,0,0,0,1
100,70.439,-0.029,0,1,1,0,10.095,0.0,0,0,1,0,9.94,0.0,0,0.0,0,0,0,1,0,1,0,1,0,0,0,12192.0,2,1,1,1,0,0,1,0,8.3,265.8,0,0,0,0,0,1
200,70.435,-0.044,0,1,1,0,10.095,0.0,0,0,1,0,9.94,0.0,0,0.0,0,0,0,1,0,1,0,1,0,0,0,12192.0,2,1,1,1,0,0,1,0,8.4,271.8,0,0,0,0,0,1
300,70.429,-0.059,0,1,1,0,10.095,0.0,0,0,1,0,9.94,0.0,0,0.0,0,0,0,1,0,1,0,1,0,0,0,12192.0,2,1,1,1,0,0,1,0,8.0,270.6,0,0,0,0,0,1
400,70.421,-0.074,0,1,1,0,10.095,0.0,0,0,1,0,9.94,0.0,0,0.0,0,0,0,1,0,1,0,1,0,0,0,12192.0,2,1,1,1,0,0,1,0,7.8,270.1,0,0,0,0,0,1
500,70.413,-0.088,0,1,1,0,10.095,0.0,0,0,1,0,9.94,0.0,0,0.0,0,0,0,1,0,1,0,1,0,0,0,12192.0,2,1,1,1,0,0,1,0,7.5,281.9,0,0,0,0,0,1
600,70.402,-0.103,0,1,1,0,10.095,0.0,0,0,1,0,9.94,0.0,0,0.0,0,0,0,1,0,1,0,1,0,0,0,12192.0,2,1,1,1,0,0,1,0,8.2,271.1,0,0,0,0,0,1
700,70.39,-0.118,0,1,1,0,10.095,0.0,0,0,1,0,9.94,0.0,0,0.0,0,0,0,1,0,1,0,1,0,0,0,12192.0,2,1,1,1,0,0,1,0,6.6,267.4,0,0,0,0,0,1
800,70.377,-0.133,0,1,1,0,10.095,0.0,0,0,1,0,9.94,0.0,0,0.0,0,0,0,1,0,1,0,1,0,0,0,12192.0,2,1,1,1,0,0,1,0,8.4,269.9,0,0,0,0,0,1
900,70.363,-0.147,0,1,1,0,10.095,0.0,0,0,1,0,9.94,0.0,0,0.0,0,0,0,1,0,1,0,1,0,0,0,12192.0,2,1,1,1,0,0,1,0,7.3,267.8,0,0,0,0,0,1
1000,70.346,-0.162,0,1,1,0,10.095,0.0,0,0,1,0,9.94,0.0,0,0.0,0,0,0,1,0,1,0,1,0,0,0,12192.0,2,1,1,1,0,0,1,0,8.7,267.5,0,0,0,0,0,1
1100,70.329,-0.177,0,1,1,0,10.095,0.0,0,0,1,0,9.94,0.0,0,0.0,0,0,0,1,0,1,0,1,0,0,0,12192.0,2,1,1,1,0,0,1,0,8.6,274.2,0,0,0,0,0,1
1200,70.309,-0.191,0,1,1,0,10.095,0.0,0,0,1,0,9.94,0.0,0,0.0,0,0,0,1,0,1,0,1,0,0,0,12192.0,2,1,1,1,0,0,1,0,8.9,269.3,0,0,0,0,0,1
1300,70.289,-0.206,0,1,1,0,10.095,0.0,0,0,1,0,9.94,0.0,0,0.0,0,0,0,1,0,1,0,1,0,0,0,12192.0,2,1,1,1,0,0,1,0,8.0,272.6,0,0,0,0,0,1
1400,70.267,-0.221,0,1,1,0,10.095,0.0,0,0,1,0,9.94,0.0,0,0.0,0,0,0,1,0,1,0,1,0,0,0,12192.0,2,1,1,1,0,0,1,0,7.7,268.6,0,0,0,0,0,1
1500,70.243,-0.236,0,1,1,0,10.095,0.0,0,0,1,0,9.94,0.0,0,0.0,0,0,0,1,0,1,0,1,0,0,0,12192.0,2,1,1,1,0,0,1,0,8.1,267.6,0,0,0,0,0,1
1600,70.218,-0.25,0,1,1,0,10.095,0.0,0,0,1,0,9.94,0.0,0,0.0,0,0,0,1,0,1,0,1,0,0,0,12192.0,2,1,1,1,0,0,1,0,8.5,269.6,0,0,0,0,0,1
1700,70.192,-0.265,0,1,1,0,10.095,0.0,0,0,1,0,9.94,0.0,0,0.0,0,0,0,1,0,1,0,1,0,0,0,12192.0,2,1,1,1,0,0,1,0,8.6,274.2,0,0,0,0,0,1
1800,70.164,-0.28,0,1,1,0,10.095,0.0,0,0,1,0,9.94,0.0,0,0.0,0,0,0,1,0,1,0,1,0,0,0,12192.0,2,1,1,1,0,0,1,0,8.6,268.3,0,0,0,0,0,1
1900,70.134,-0.295,0,1,1,0,10.095,0.0,0,0,1,0,9.94,0.0,0,0.0,0,0,0,1,0,1,0,1,0,0,0,12192.0,2,1,1,1,0,0,1,0,8.7,270.6,0,0,0,0,0,1
2000,70.103,-0.309,0,1,1,0,10.095,0.0,0,0,1,0,9.94,0.0,0,0.0,0,0,0,1,0,1,0,1,0,0,0,12192.0,2,1,1,1,0,0,1,0,7.8,269.6,0,0,0,0,0,1
2100,70.071,-0.324,0,1,1,0,10.095,0.0,0,0,1,0,9.94,0.0,0,0.0,0,0,0,1,0,1,0,1,0,0,0,12192.0,2,1,1,1,0,0,1,0,8.0,270.7,0,0,0,0,0,1
2200,70.037,-0.339,0,1,1,0,10.095,0.0,0,0,1,0,9.94,0.0,0,0.0,0,0,0,1,0,1,0,1,0,0,0,12192.0,2,1,1,1,0,0,1,0,8.3,269.6,0,0,0,0,0,1
2300,70.002,-0.353,0,1,1,0,10.095,0.0,0,0,1,0,9.94,0.0,0,0.0,0,0,0,1,0,1,0,1,0,0,0,12192.0,2,1,1,1,0,0,1,0,8.5,267.3,0,0,0,0,0,1
2400,69.965,-0.368,0,1,1,0,10.095,0.0,0,0,1,0,9.94,0.0,0,0.0,0,0,0,1,0,1,0,1,0,0,0,12192.0,2,1,1,1,0,0,1,0,9.0,271.6,0,0,0,0,0,1
2500,69.927,-0.383,0,1,1,0,10.095,0.0,0,0,1,0,9.94,0.0,0,0.0,0,0,0,1,0,1,0,1,0,0,0,12192.0,2,1,1,1,0,0,1,0,7.4,275.7,0,0,0,0,0,1
2600,69.887,-0.398,0,1,1,0,10.095,0.0,0,0,1,0,9.94,0.0,0,0.0,0,0,0,1,0,1,0,1,0,0,0,12192.0,2,1,1,1,0,0,1,0,8.2,269.4,0,0,0,0,0,1
2700,69.846,-0.412,0,1,1,0,10.095,0.0,0,0,1,0,9.94,0.0,0,0.0,0,0,0,1,0,1,0,1,0,0,0,12192.0,2,1,1,1,0,0,1,0,8.6,266.8,0,0,0,0,0,1
2800,69.803,-0.427,0,1,1,0,10.095,0.0,0,0,1,0,9.94,0.0,0,0.0,0,0,0,1,0,1,0,1,0,0,0,12192.0,2,1,1,1,0,0,1,0,8.3,268.1,0,0,0,0,0,1
2900,69.759,-0.442,0,1,1,0,10.095,0.0,0,0,1,0,9.94,0.0,0,0.0,0,0,0,1,0,1,0,1,0,0,0,12192.0,2,1,1,1,0,0,1,0,9.0,269.1,0,0,0,0,0,1
3000,69.713,-0.456,0,1,1,0,10.095,0.0,0,0,1,0,9.94,0.0,0,0.0,0,0,0,1,0,1,0,1,0,0,0,12192.0,2,1,1,1,0,0,1,0,8.2,272.2,0,0,0,0,0,1
3100,69.666,-0.471,0,1,1,0,10.095,0.0,0,0,1,0,9.94,0.0,0,0.0,0,0,0,1,0,1,0,1,0,0,0,12192.0,2,1,1,1,0,0,1,0,8.6,268.8,0,0,0,0,0,1
3200,69.617,-0.486,0,1,1,0,10.095,0.0,0,0,1,0,9.94,0.0,0,0.0,0,0,0,1,0,1,0,1,0,0,0,12192.0,2,1,1,1,0,0,1,0,8.4,266.6,0,0,0,0,0,1
3300,69.567,-0.501,0,1,1,0,10.095,0.0,0,0,1,0,9.94,0.0,0,0.0,0,0,0,1,0,1,0,1,0,0,0,12192.0,2,1,1,1,0,0,1,0,7.9,274.0,0,0,0,0,0,1
3400,69.516,-0.515,0,1,1,0,10.095,0.0,0,0,1,0,9.94,0.0,0,0.0,0,0,0,1,0,1,0,1,0,0,0,12192.0,2,1,1,1,0,0,1,0,8.8,272.2,0,0,0,0,0,1
3500,69.463,-0.53,0,1,1,0,10.095,0.0,0,0,1,0,9.94,0.0,0,0.0,0,0,0,1,0,1,0,1,0,0,0,12192.0,2,1,1,1,0,0,1,0,8.5,270.0,0,0,0,0,0,1
3600,69.408,-0.545,0,1,1,0,10.095,0.0,0,0,1,0,9.94,0.0,0,0.0,0,0,0,1,0,1,0,1,0,0,0,12192.0,2,1,1,1,0,0,1,0,8.4,266.9,0,0,0,0,0,1
3700,69.352,-0.56,0,1,1,0,10.095,0.0,0,0,1,0,9.94,0.0,0,0.0,0,0,0,1,0,1,0,1,0,0,0,12192.0,2,1,1,1,0,0,1,0,8.7,273.4,0,0,0,0,0,1
3800,69.295,-0.574,0,1,1,0,10.095,0.0,0,0,1,0,9.94,0.0,0,0.0,0,0,0,1,0,1,0,1,0,0,0,12192.0,2,1,1,1,0,0,1,0,8.8,271.2,0,0,0,0,0,1
3900,69.236,-0.589,0,1,1,0,10.095,0.0,0,0,1,0,9.94,0.0,0,0.0,0,0,0,1,0,1,0,1,0,0,0,12192.0,2,1,1,1,0,0,1,0,8.5,264.9,0,0,0,0,0,1
4000,69.176,-0.604,0,1,1,0,10.095,0.0,0,0,1,0,9.94,0.0,0,0.0,0,0,0,1,0,1,0,1,0,0,0,12192.0,2,1,1,1,0,0,1,0,8.3,271.1,0,0,0,0,0,1
4100,69.114,-0.618,0,1,1,0,10.095,0.0,0,0,1,0,9.94,0.0,0,0.0,0,0,0,1,0,1,0,1,0,0,0,12192.0,2,1,1,1,0,0,1,0,8.4,266.9,0,0,0,0,0,1
4200,69.05,-0.633,0,1,1,0,10.095,0.0,0,0,1,0,9.94,0.0,0,0.0,0,0,0,1,0,1,0,1,0,0,0,12192.0,2,1,1,1,0,0,1,0,8.4,264.7,0,0,0,0,0,1
4300,68.986,-0.648,0,1,1,0,10.095,0.0,0,0,1,0,9.94,0.0,0,0.0,0,0,0,1,0,1,0,1,0,0,0,12192.0,2,1,1,1,0,0,1,0,8.2,272.5,0,0,0,0,0,1
4400,68.919,-0.663,0,1,1,0,10.095,0.0,0,0,1,0,9.94,0.0,0,0.0,0,0,0,1,0,1,0,1,0,0,0,12192.0,2,1,1,1,0,0,1,0,7.3,269.9,0,0,0,0,0,1
4500,68.852,-0.677,0,1,1,0,10.095,0.0,0,0,1,0,9.94,0.0,0,0.0,0,0,0,1,0,1,0,1,0,0,0,12192.0,2,1,1,1,0,0,1,0,7.2,270.2,0,0,0,0,0,1
4600,68.783,-0.685,0,1,1,0,10.095,0.0,0,0,1,0,9.94,0.0,0,0.0,0,0,0,1,0,1,0,1,0,0,0,12192.0,2,1,1,1,0,0,1,0,7.6,269.6,0,0,0,0,0,1
4700,68.715,-0.685,0,1,1,0,10.095,0.0,0,0,1,0,9.94,0.0,0,0.0,0,0,0,1,0,1,0,1,0,0,0,12192.0,2,1,1,1,0,0,1,0,7.9,269.9,0,0,0,0,0,1
4800,68.646,-0.685,0,1,1,0,10.095,0.0,0,0,1,0,9.94,0.0,0,0.0,0,0,0,1,0,1,0,1,0,0,0,12192.0,2,1,1,1,0,0,1,0,7.6,266.3,0,0,0,0,0,1
4900,68.578,-0.685,0,1,1,0,10.095,0.0,0,0,1,0,9.94,0.0,0,0.0,0,0,0,1,0,1,0,1,0,0,0,12192.0,2,1,1,1,0,0,1,0,7.9,265.2,0,0,0,0,0,1
5000,68.509,-0.685,0,1,1,0,10.095,0.0,0,0,1,0,9.94,0.0,0,0.0,0,0,0,1,0,1,0,1,0,0,0,12192.0,2,1,1,1,0,0,1,0,8.0,270.4,0,0,0,0,0,1
5100,68.441,-0.685,0,1,1,0,10.095,0.0,0,0,1,0,9.94,0.0,0,0.0,0,0,0,1,0,1,0,1,0,0,0,12192.0,2,1,1,1,0,0,1,0,8.1,270.1,0,0,0,0,0,1
5200,68.372,-0.685,0,1,1,0,10.095,0.0,0,0,1,0,9.94,0.0,0,0.0,0,0,0,1,0,1,0,1,0,0,0,12192.0,2,1,1,1,0,0,1,0,7.8,272.7,0,0,0,0,0,1
5300,68.304,-0.685,0,1,1,0,10.095,0.0,0,0,1,0,9.94,0.0,0,0.0,0,0,0,1,0,1,0,1,0,0,0,12192.0,2,1,1,1,0,0,1,0,7.6,268.4,0,0,0,0,0,1
5400,68.235,-0.685,0,1,1,0,10.095,0.0,0,0,1,0,9.94,0.0,0,0.0,0,0,0,1,0,1,0,1,0,0,0,12192.0,2,1,1,1,0,0,1,0,7.6,267.8,0,0,0,0,0,1
5500,68.167,-0.685,0,1,1,0,10.095,0.0,0,0,1,0,9.94,0.0,0,0.0,0,0,0,1,0,1,0,1,0,0,0,12192.0,2,1,1,1,0,0,1,0,7.6,272.5,0,0,0,0,0,1
5600,68.098,-0.685,0,1,1,0,10.095,0.0,0,0,1,0,9.94,0.0,0,0.0,0,0,0,1,0,1,0,1,0,0,0,12192.0,2,1,1,1,0,0,1,0,7.0,267.0,0,0,0,0,0,1
5700,68.03,-0.685,0,1,1,0,10.095,0.0,0,0,1,0,9.94,0.0,0,0.0,0,0,0,1,0,1,0,1,0,0,0,12192.0,2,1,1,1,0,0,1,0,7.6,268.0,0,0,0,0,0,1
5800,67.962,-0.685,0,1,1,0,10.095,0.0,0,0,1,0,9.94,0.0,0,0.0,0,0,0,1,0,1,0,1,0,0,0,12192.0,2,1,1,1,0,0,1,0,7.2,269.4,0,0,0,0,0,1
5900,67.893,-0.685,0,1,1,0,10.095,0.0,0,0,1,0,9.94,0.0,0,0.0,0,0,0,1,0,1,0,1,0,0,0,12192.0,2,1,1,1,0,0,1,0,8.3,268.5,0,0,0,0,0,1
6000,67.825,-0.685,0,1,1,0,10.095,0.0,0,0,1,0,9.94,0.0,0,0.0,0,0,0,1,0,1,0,1,0,0,0,12192.0,2,1,1,1,0,0,1,0,7.0,272.8,0,0,0,0,0,1
6100,67.756,-0.685,0,1,1,0,10.095,0.0,0,0,1,0,9.94,0.0,0,0.0,0,0,0,1,0,1,0,1,0,0,0,12192.0,2,1,1,1,0,0,1,0,7.7,271.5,0,0,0,0,0,1
6200,67.688,-0.685,0,1,1,0,10.095,0.0,0,0,1,0,9.94,0.0,0,0.0,0,0,0,1,0,1,0,1,0,0,0,12192.0,2,1,1,1,0,0,1,0,8.2,266.5,0,0,0,0,0,1
6300,67.619,-0.685,0,1,1,0,10.095,0.0,0,0,1,0,9.94,0.0,0,0.0,0,0,0,1,0,1,0,1,0,0,0,12192.0,2,1,1,1,0,0,1,0,7.7,269.4,0,0,0,0,0,1
6400,67.551,-0.685,0,1,1,0,10.095,0.0,0,0,1,0,9.94,0.0,0,0.0,0,0,0,1,0,1,0,1,0,0,0,12192.0,2,1,1,1,0,0,1,0,6.5,268.5,0,0,0,0,0,1
6500,67.482,-0.685,0,1,1,0,10.095,0.0,0,0,1,0,9.94,0.0,0,0.0,0,0,0,1,0,1,0,1,0,0,0,12192.0,2,1,1,1,0,0,1,0,7.4,269.0,0,0,0,0,0,1
6600,67.414,-0.685,0,1,1,0,10.095,0.0,0,0,1,0,9.94,0.0,0,0.0,0,0,0,1,0,1,0,1,0,0,0,12192.0,2,1,1,1,0,0,1,0,7.4,269.9,0,0,0,0,0,1
6700,67.345,-0.685,0,1,1,0,10.095,0.0,0,0,1,0,9.94,0.0,0,0.0,0,0,0,1,0,1,0,1,0,0,0,12192.0,2,1,1,1,0,0,1,0,7.1,271.1,0,0,0,0,0,1
6800,67.277,-0.685,0,1,1,0,10.095,0.0,0,0,1,0,9.94,0.0,0,0.0,0,0,0,1,0,1,0,1,0,0,0,12192.0,2,1,1,1,0,0,1,0,7.6,274.9,0,0,0,0,0,1
6900,67.208,-0.685,0,1,1,0,10.095,0.0,0,0,1,0,9.94,0.0,0,0.0,0,0,0,1,0,1,0,1,0,0,0,12192.0,2,1,1,1,0,0,1,0,6.9,268.2,0,0,0,0,0,1
7000,67.14,-0.685,0,1,1,0,10.095,0.0,0,0,1,0,9.94,0.0,0,0.0,0,0,0,1,0,1,0,1,0,0,0,12192.0,2,1,1,1,0,0,1,0,6.9,267.0,0,0,0,0,0,1
7100,67.071,-0.685,0,1,1,0,10.095,0.0,0,0,1,0,9.94,0.0,0,0.0,0,0,0,1,0,1,0,1,0,0,0,12192.0,2,1,1,1,0,0,1,0,7.7,273.0,0,0,0,0,0,1
7200,67.003,-0.685,0,1,1,0,10.095,0.0,0,0,1,0,9.94,0.0,0,0.0,0,0,0,1,0,1,0,1,0,0,0,12192.0,2,1,1,1,0,0,1,0,6.7,269.4,0,0,0,0,0,1
7300,66.934,-0.685,0,1,1,0,10.095,0.0,0,0,1,0,9.94,0.0,0,0.0,0,0,0,1,0,1,0,1,0,0,0,12192.0,2,1,1,1,0,0,1,0,7.1,268.8,0,0,0,0,0,1
7400,66.866,-0.685,0,1,1,0,10.095,0.0,0,0,1,0,9.94,0.0,0,0.0,0,0,0,1,0,1,0,1,0,0,0,12192.0,2,1,1,1,0,0,1,0,8.3,267.1,0,0,0,0,0,1
7500,66.797,-0.685,0,1,1,0,10.095,0.0,0,0,1,0,9.94,0.0,0,0.0,0,0,0,1,0,1,0,1,0,0,0,12192.0,2,1,1,1,0,0,1,0,7.4,270.5,0,0,0,0,0,1
7600,66.729,-0.685,0,1,1,0,10.095,0.0,0,0,1,0,9.94,0.0,0,0.0,0,0,0,1,0,1,0,1,0,0,0,12192.0,2,1,1,1,0,0,1,0,6.9,271.8,0,0,0,0,0,1
7700,66.66,-0.685,0,1,1,0,10.095,0.0,0,0,1,0,9.94,0.0,0,0.0,0,0,0,1,0,1,0,1,0,0,0,12192.0,2,1,1,1,0,0,1,0,7.8,274.6,0,0,0,0,0,1
7800,66.592,-0.685,0,1,1,0,10.095,0.0,0,0,1,0,9.94,0.0,0,0.0,0,0,0,1,0,1,0,1,0,0,0,12192.0,2,1,1,1,0,0,1,0,7.1,269.5,0,0,0,0,0,1
7900,66.524,-0.685,0,1,1,0,10.095,0.0,0,0,1,0,9.94,0.0,0,0.0,0,0,0,1,0,1,0,1,0,0,0,12192.0,2,1,1,1,0,0,1,0,7.5,268.3,0,0,0,0,0,1
8000,66.455,-0.685,0,1,1,0,10.095,0.0,0,0,1,0,9.94,0.0,0,0.0,0,0,0,1,0,1,0,1,0,0,0,12192.0,2,1,1,1,0,0,1,0,7.9,271.9,0,0,0,0,0,1
8100,66.387,-0.685,0,1,1,0,10.095,0.0,0,0,1,0,9.94,0.0,0,0.0,0,0,0,1,0,1,0,1,0,0,0,12192.0,2,1,1,1,0,0,1,0,8.2,272.4,0,0,0,0,0,1
8200,66.318,-0.685,0,1,1,0,10.095,0.0,0,0,1,0,9.94,0.0,0,0.0,0,0,0,1,0,1,0,1,0,0,0,12192.0,2,1,1,1,0,0,1,0,7.6,270.4,0,0,0,0,0,1
8300,66.25,-0.685,0,1,1,0,10.095,0.0,0,0,1,0,9.94,0.0,0,0.0,0,0,0,1,0,1,0,1,0,0,0,12192.0,2,1,1,1,0,0,1,0,7.9,272.1,0,0,0,0,0,1
8400,66.181,-0.685,0,1,1,0,10.095,0.0,0,0,1,0,9.94,0.0,0,0.0,0,0,0,1,0,1,0,1,0,0,0,12192.0,2,1,1,1,0,0,1,0,7.8,271.4,0,0,0,0,0,1
8500,66.113,-0.685,0,1,1,0,10.095,0.0,0,0,1,0,9.94,0.0,0,0.0,0,0,0,1,0,1,0,1,0,0,0,12192.0,2,1,1,1,0,0,1,0,8.2,267.4,0,0,0,0,0,1
8600,66.044,-0.685,0,1,1,0,10.095,0.0,0,0,1,0,9.94,0.0,0,0.0,0,0,0,1,0,1,0,1,0,0,0,12192.0,2,1,1,1,0,0,1,0,8.1,271.3,0,0,0,0,0,1
8700,65.976,-0.685,0,1,1,0,10.095,0.0,0,0,1,0,9.94,0.0,0,0.0,0,0,0,1,0,1,0,1,0,0,0,12192.0,2,1,1,1,0,0,1,0,7.2,268.8,0,0,0,0,0,1
8800,65.907,-0.685,0,1,1,0,10.095,0.0,0,0,1,0,9.94,0.0,0,0.0,0,0,0,1,0,1,0,1,0,0,0,12192.0,2,1,1,1,0,0,1,0,7.7,268.7,0,0,0,0,0,1
8900,65.839,-0.685,0,1,1,0,10.095,0.0,0,0,1,0,9.94,0.0,0,0.0,0,0,0,1,0,1,0,1,0,0,0,12192.0,2,1,1,1,0,0,1,0,7.5,268.2,0,0,0,0,0,1
9000,65.77,-0.685,0,1,1,0,10.095,0.0,0,0,1,0,9.94,0.0,0,0.0,0,0,0,1,0,1,0,1,0,0,0,12192.0,2,1,1,1,0,0,1,0,7.9,272.9,0,0,0,0,0,1
9100,65.702,-0.685,0,1,1,0,10.095,0.0,0,0,1,0,9.94,0.0,0,0.0,0,0,0,1,0,1,0,1,0,0,0,12192.0,2,1,1,1,0,0,1,0,8.3,264.5,0,0,0,0,0,1
9200,65.633,-0.685,0,1,1,0,10.095,0.0,0,0,1,0,9.94,0.0,0,0.0,0,0,0,1,0,1,0,1,0,0,0,12192.0,2,1,1,1,0,0,1,0,8.0,266.7,0,0,0,0,0,1
9300,65.565,-0.685,0,1,1,0,10.095,0.0,0,0,1,0,9.94,0.0,0,0.0,0,0,0,1,0,1,0,1,0,0,0,12192.0,2,1,1,1,0,0,1,0,8.1,270.2,0,0,0,0,0,1
9400,65.496,-0.685,0,1,1,0,10.095,0.0,0,0,1,0,9.94,0.0,0,0.0,0,0,0,1,0,1,0,1,0,0,0,12192.0,2,1,1,1,0,0,1,0,8.1,266.5,0,0,0,0,0,1
9500,65.428,-0.685,0,1,1,0,10.095,0.0,0,0,1,0,9.94,0.0,0,0.0,0,0,0,1,0,1,0,1,0,0,0,12192.0,2,1,1,1,0,0,1,0,8.7,266.8,0,0,0,0,0,1
9600,65.359,-0.685,0,1,1,0,10.095,0.0,0,0,1,0,9.94,0.0,0,0.0,0,0,0,1,0,1,0,1,0,0,0,12192.0,2,1,1,1,0,0,1,0,7.1,267.9,0,0,0,0,0,1
9700,65.291,-0.685,0,1,1,0,10.095,0.0,0,0,1,0,9.94,0.0,0,0.0,0,0,0,1,0,1,0,1,0,0,0,12192.0,2,1,1,1,0,0,1,0,8.0,271.3,0,0,0,0,0,1
9800,65.223,-0.685,0,1,1,0,10.095,0.0,0,0,1,0,9.94,0.0,0,0.0,0,0,0,1,0,1,0,1,0,0,0,12192.0,2,1,1,1,0,0,1,0,8.3,270.8,0,0,0,0,0,1
9900,65.154,-0.685,0,1,1,0,10.095,0.0,0,0,1,0,9.94,0.0,0,0.0,0,0,0,1,0,1,0,1,0,0,0,12192.0,2,1,1,1,0,0,1,0,8.9,269.7,0,0,0,0,0,1
10000,65.086,-0.685,0,1,1,0,10.095,0.0,0,0,1,0,9.94,0.0,0,0.0,0,0,0,1,0,1,0,1,0,0,0,12192.0,2,1,1,1,0,0,1,0,8.0,268.3,0,0,0,0,0,1
10100,65.017,-0.685,0,1,1,0,10.095,0.0,0,0,1,0,9.94,0.0,0,0.0,0,0,0,1,0,1,0,1,0,0,0,12192.0,2,1,1,1,0,0,1,0,7.9,266.7,0,0,0,0,0,1
10200,64.949,-0.685,0,1,1,0,10.095,0.0,0,0,1,0,9.94,0.0,0,0.0,0,0,0,1,0,1,0,1,0,0,0,12192.0,2,1,1,1,0,0,1,0,8.7,265.6,0,0,0,0,0,1
10300,64.88,-0.685,0,1,1,0,10.095,0.0,0,0,1,0,9.94,0.0,0,0.0,0,0,0,1,0,1,0,1,0,0,0,12192.0,2,1,1,1,0,0,1,0,8.5,274.5,0,0,0,0,0,1
10400,64.812,-0.685,0,1,1,0,10.095,0.0,0,0,1,0,9.94,0.0,0,0.0,0,0,0,1,0,1,0,1,0,0,0,12192.0,2,1,1,1,0,0,1,0,8.1,269.7,0,0,0,0,0,1
10500,64.743,-0.685,0,1,1,0,10.095,0.0,0,0,1,0,9.94,0.0,0,0.0,0,0,0,1,0,1,0,1,0,0,0,12192.0,2,1,1,1,0,0,1,0,8.4,271.9,0,0,0,0,0,1
10600,64.675,-0.685,0,1,1,0,10.095,0.0,0,0,1,0,9.94,0.0,0,0.0,0,0,0,1,0,1,0,1,0,0,0,12192.0,2,1,1,1,0,0,1,0,8.3,270.1,0,0,0,0,0,1
10700,64.606,-0.685,0,1,1,0,10.095,0.0,0,0,1,0,9.94,0.0,0,0.0,0,0,0,1,0,1,0,1,0,0,0,12192.0,2,1,1,1,0,0,1,0,8.1,273.8,0,0,0,0,0,1
10800,64.538,-0.685,0,1,1,0,10.095,0.0,0,0,1,0,9.94,0.0,0,0.0,0,0,0,1,0,1,0,1,0,0,0,12192.0,2,1,1,1,0,0,1,0,9.0,271.3,0,0,0,0,0,1
10900,64.469,-0.685,0,1,1,0,10.095,0.0,0,0,1,0,9.94,0.0,0,0.0,0,0,0,1,0,1,0,1,0,0,0,12192.0,2,1,1,1,0,0,1,0,8.5,269.7,0,0,0,0,0,1
11000,64.401,-0.685,0,1,1,0,10.095,0.0,0,0,1,0,9.94,0.0,0,0.0,0,0,0,1,0,1,0,1,0,0,0,12192.0,2,1,1,1,0,0,1,0,8.7,267.4,0,0,0,0,0,1
11100,64.332,-0.685,0,1,1,0,10.095,0.0,0,0,1,0,9.94,0.0,0,0.0,0,0,0,1,0,1,0,1,0,0,0,12192.0,2,1,1,1,0,0,1,0,8.3,269.5,0,0,0,0,0,1
11200,64.264,-0.685,0,1,1,0,10.095,0.0,0,0,1,0,9.94,0.0,0,0.0,0,0,0,1,0,1,0,1,0,0,0,12192.0,2,1,1,1,0,0,1,0,7.9,271.5,0,0,0,0,0,1
11300,64.195,-0.685,0,1,1,0,10.095,0.0,0,0,1,0,9.94,0.0,0,0.0,0,0,0,1,0,1,0,1,0,0,0,12192.0,2,1,1,1,0,0,1,0,8.4,268.4,0,0,0,0,0,1
11400,64.127,-0.685,0,1,1,0,10.095,0.0,0,0,1,0,9.94,0.0,0,0.0,0,0,0,1,0,1,0,1,0,0,0,12192.0,2,1,1,1,0,0,1,0,8.7,272.6,0,0,0,0,0,1
11500,64.058,-0.685,0,1,1,0,10.095,0.0,0,0,1,0,9.94,0.0,0,0.0,0,0,0,1,0,1,0,1,0,0,0,12192.0,2,1,1,1,0,0,1,0,8.2,272.2,0,0,0,0,0,1
11600,63.99,-0.685,0,1,1,0,10.095,0.0,0,0,1,0,9.94,0.0,0,0.0,0,0,0,1,0,1,0,1,0,0,0,12192.0,2,1,1,1,0,0,1,0,9.8,265.0,0,0,0,0,0,1
11700,63.922,-0.685,0,1,1,0,10.095,0.0,0,0,1,0,9.94,0.0,0,0.0,0,0,0,1,0,1,0,1,0,0,0,12192.0,2,1,1,1,0,0,1,0,8.5,271.2,0,0,0,0,0,1
11800,63.853,-0.685,0,1,1,0,10.095,0.0,0,0,1,0,9.94,0.0,0,0.0,0,0,0,1,0,1,0,1,0,0,0,12192.0,2,1,1,1,0,0,1,0,9.0,274.3,0,0,0,0,0,1
11900,63.785,-0.685,0,1,1,0,10.095,0.0,0,0,1,0,9.94,0.0,0,0.0,0,0,0,1,0,1,0,1,0,0,0,12192.0,2,1,1,1,0,0,1,0,8.9,268.4,0,0,0,0,0,1
12000,63.716,-0.685,0,1,1,0,10.095,0.0,0,0,1,0,9.94,0.0,0,0.0,0,0,0,1,0,1,0,1,0,0,0,12192.0,2,1,1,1,0,0,1,0,8.5,267.5,0,0,0,0,0,1
12100,63.648,-0.685,0,1,1,0,10.095,0.0,0,0,1,0,9.94,0.0,0,0.0,0,0,0,1,0,1,0,1,0,0,0,12192.0,2,1,1,1,0,0,1,0,8.6,271.1,0,0,0,0,0,1
12200,63.579,-0.685,0,1,1,0,10.095,0.0,0,0,1,0,9.94,0.0,0,0.0,0,0,0,1,0,1,0,1,0,0,0,12192.0,2,1,1,1,0,0,1,0,9.0,270.1,0,0,0,0,0,1
12300,63.511,-0.685,0,1,1,0,10.095,0.0,0,0,1,0,9.94,0.0,0,0.0,0,0,0,1,0,1,0,1,0,0,0,12192.0,2,1,1,1,0,0,1,0,8.6,271.7,0,0,0,0,0,1
12400,63.442,-0.685,0,1,1,0,10.095,0.0,0,0,1,0,9.94,0.0,0,0.0,0,0,0,1,0,1,0,1,0,0,0,12192.0,2,1,1,1,0,0,1,0,7.8,266.9,0,0,0,0,0,1
12500,63.374,-0.685,0,1,1,0,10.095,0.0,0,0,1,0,9.94,0.0,0,0.0,0,0,0,1,0,1,0,1,0,0,0,12192.0,2,1,1,1,0,0,1,0,8.4,273.9,0,0,0,0,0,1
12600,63.305,-0.685,0,1,1,0,10.095,0.0,0,0,1,0,9.94,0.0,0,0.0,0,0,0,1,0,1,0,1,0,0,0,12192.0,2,1,1,1,0,0,1,0,8.0,269.1,0,0,0,0,0,1
12700,63.237,-0.685,0,1,1,0,10.095,0.0,0,0,1,0,9.94,0.0,0,0.0,0,0,0,1,0,1,0,1,0,0,0,12192.0,2,1,1,1,0,0,1,0,8.3,273.8,0,0,0,0,0,1
12800,63.168,-0.685,0,1,1,0,10.095,0.0,0,0,1,0,9.94,0.0,0,0.0,0,0,0,1,0,1,0,1,0,0,0,12192.0,2,1,1,1,0,0,1,0,8.5,271.8,0,0,0,0,0,1
12900,63.1,-0.685,0,1,1,0,10.095,0.0,0,0,1,0,9.94,0.0,0,0.0,0,0,0,1,0,1,0,1,0,0,0,12192.0,2,1,1,1,0,0,1,0,8.6,268.1,0,0,0,0,0,1
13000,63.031,-0.685,0,1,1,0,10.095,0.0,0,0,1,0,9.94,0.0,0,0.0,0,0,0,1,0,1,0,1,0,0,0,12192.0,2,1,1,1,0,0,1,0,8.1,268.6,0,0,0,0,0,1
13100,62.963,-0.685,0,1,1,0,10.095,0.0,0,0,1,0,9.94,0.0,0,0.0,0,0,0,1,0,1,0,1,0,0,0,12192.0,2,1,1,1,0,0,1,0,7.9,269.6,0,0,0,0,0,1
13200,62.894,-0.685,0,1,1,0,10.095,0.0,0,0,1,0,9.94,0.0,0,0.0,0,0,0,1,0,1,0,1,0,0,0,12192.0,2,1,1,1,0,0,1,0,8.5,271.2,0,0,0,0,0,1
13300,62.826,-0.685,0,1,1,0,10.095,0.0,0,0,1,0,9.94,0.0,0,0.0,0,0,0,1,0,1,0,1,0,0,0,12192.0,2,1,1,1,0,0,1,0,7.6,268.6,0,0,0,0,0,1
13400,62.757,-0.685,0,1,1,0,10.095,0.0,0,0,1,0,9.94,0.0,0,0.0,0,0,0,1,0,1,0,1,0,0,0,12192.0,2,1,1,1,0,0,1,0,8.1,272.0,0,0,0,0,0,1
13500,62.689,-0.685,0,1,1,0,10.095,0.0,0,0,1,0,9.94,0.0,0,0.0,0,0,0,1,0,1,0,1,0,0,0,12192.0,2,1,1,1,0,0,1,0,7.8,270.6,0,0,0,0,0,1
13600,62.62,-0.685,0,1,1,0,10.095,0.0,0,0,1,0,9.94,0.0,0,0.0,0,0,0,1,0,1,0,1,0,0,0,12192.0,2,1,1,1,0,0,1,0,8.1,268.8,0,0,0,0,0,1
13700,62.552,-0.685,0,1,1,0,10.095,0.0,0,0,1,0,9.94,0.0,0,0.0,0,0,0,1,0,1,0,1,0,0,0,12192.0,2,1,1,1,0,0,1,0,6.8,268.5,0,0,0,0,0,1
13800,62.484,-0.685,0,1,1,0,10.095,0.0,0,0,1,0,9.94,0.0,0,0.0,0,0,0,1,0,1,0,1,0,0,0,12192.0,2,1,1,1,0,0,1,0,8.6,269.0,0,0,0,0,0,1
13900,62.415,-0.685,0,1,1,0,10.095,0.0,0,0,1,0,9.94,0.0,0,0.0,0,0,0,1,0,1,0,1,0,0,0,12192.0,2,1,1,1,0,0,1,0,8.1,267.9,0,0,0,0,0,1
14000,62.347,-0.685,0,1,1,0,10.095,0.0,0,0,1,0,9.94,0.0,0,0.0,0,0,0,1,0,1,0,1,0,0,0,12192.0,2,1,1,1,0,0,1,0,8.3,268.5,0,0,0,0,0,1
14100,62.278,-0.685,0,1,1,0,10.095,0.0,0,0,1,0,9.94,0.0,0,0.0,0,0,0,1,0,1,0,1,0,0,0,12192.0,2,1,1,1,0,0,1,0,7.4,267.3,0,0,0,0,0,1
14200,62.21,-0.685,0,1,1,0,10.095,0.0,0,0,1,0,9.94,0.0,0,0.0,0,0,0,1,0,1,0,1,0,0,0,12192.0,2,1,1,1,0,0,1,0,7.7,267.8,0,0,0,0,0,1
14300,62.141,-0.685,0,1,1,0,10.095,0.0,0,0,1,0,9.94,0.0,0,0.0,0,0,0,1,0,1,0,1,0,0,0,12192.0,2,1,1,1,0,0,1,0,8.3,269.5,0,0,0,0,0,1
14400,62.073,-0.685,0,1,1,0,10.095,0.0,0,0,1,0,9.94,0.0,0,0.0,0,0,0,1,0,1,0,1,0,0,0,12192.0,2,1,1,1,0,0,1,0,7.5,272.0,0,0,0,0,0,1
14500,62.004,-0.685,0,1,1,0,10.095,0.0,0,0,1,0,9.94,0.0,0,0.0,0,0,0,1,0,1,0,1,0,0,0,12192.0,2,1,1,1,0,0,1,0,7.1,268.1,0,0,0,0,0,1
14600,61.936,-0.685,0,1,1,0,10.095,0.0,0,0,1,0,9.94,0.0,0,0.0,0,0,0,1,0,1,0,1,0,0,0,12192.0,2,1,1,1,0,0,1,0,6.9,270.2,0,0,0,0,0,1
14700,61.867,-0.685,0,1,1,0,10.095,0.0,0,0,1,0,9.94,0.0,0,0.0,0,0,0,1,0,1,0,1,0,0,0,12192.0,2,1,1,1,0,0,1,0,6.9,272.2,0,0,0,0,0,1
14800,61.799,-0.685,0,1,1,0,10.095,0.0,0,0,1,0,9.94,0.0,0,0.0,0,0,0,1,0,1,0,1,0,0,0,12192.0,2,1,1,1,0,0,1,0,7.0,273.3,0,0,0,0,0,1
14900,61.73,-0.685,0,1,1,0,10.095,0.0,0,0,1,0,9.94,0.0,0,0.0,0,0,0,1,0,1,0,1,0,0,0,12192.0,2,1,1,1,0,0,1,0,6.8,272.2,0,0,0,0,0,1
15000,61.662,-0.685,0,1,1,0,10.095,0.0,0,0,1,0,9.94,0.0,0,0.0,0,0,0,1,0,1,0,1,0,0,0,12192.0,2,1,1,1,0,0,1,0,7.4,272.7,0,0,0,0,0,1
15100,61.593,-0.685,0,1,1,0,10.095,0.0,0,0,1,0,9.94,0.0,0,0.0,0,0,0,1,0,1,0,1,0,0,0,12192.0,2,1,1,1,0,0,1,0,7.1,270.7,0,0,0,0,0,1
15200,61.525,-0.685,0,1,1,0,10.095,0.0,0,0,1,0,9.94,0.0,0,0.0,0,0,0,1,0,1,0,1,0,0,0,12192.0,2,1,1,1,0,0,1,0,7.4,267.5,0,0,0,0,0,1
15300,61.456,-0.685,0,1,1,0,10.095,0.0,0,0,1,0,9.94,0.0,0,0.0,0,0,0,1,0,1,0,1,0,0,0,12192.0,2,1,1,1,0,0,1,0,7.5,270.2,0,0,0,0,0,1
15400,61.388,-0.685,0,1,1,0,10.095,0.0,0,0,1,0,9.94,0.0,0,0.0,0,0,0,1,0,1,0,1,0,0,0,12192.0,2,1,1,1,0,0,1,0,7.8,268.2,0,0,0,0,0,1
15500,61.319,-0.685,0,1,1,0,10.095,0.0,0,0,1,0,9.94,0.0,0,0.0,0,0,0,1,0,1,0,1,0,0,0,12192.0,2,1,1,1,0,0,1,0,6.8,271.1,0,0,0,0,0,1
15600,61.251,-0.685,0,1,1,0,10.095,0.0,0,0,1,0,9.94,0.0,0,0.0,0,0,0,1,0,1,0,1,0,0,0,12192.0,2,1,1,1,0,0,1,0,7.3,268.9,0,0,0,0,0,1
15700,61.183,-0.685,0,1,1,0,10.095,0.0,0,0,1,0,9.94,0.0,0,0.0,0,0,0,1,0,1,0,1,0,0,0,12192.0,2,1,1,1,0,0,1,0,7.5,269.3,0,0,0,0,0,1
15800,61.114,-0.685,0,1,1,0,10.095,0.0,0,0,1,0,9.94,0.0,0,0.0,0,0,0,1,0,1,0,1,0,0,0,12192.0,2,1,1,1,0,0,1,0,7.7,272.0,0,0,0,0,0,1
15900,61.046,-0.685,0,1,1,0,10.095,0.0,0,0,1,0,9.94,0.0,0,0.0,0,0,0,1,0,1,0,1,0,0,0,12192.0,2,1,1,1,0,0,1,0,7.3,274.7,0,0,0,0,0,1
16000,60.977,-0.685,0,1,1,0,10.095,0.0,0,0,1,0,9.94,0.0,0,0.0,0,0,0,1,0,1,0,1,0,0,0,12192.0,2,1,1,1,0,0,1,0,7.0,267.1,0,0,0,0,0,1
16100,60.909,-0.685,0,1,1,0,10.095,0.0,0,0,1,0,9.94,0.0,0,0.0,0,0,0,1,0,1,0,1,0,0,0,12192.0,2,1,1,1,0,0,1,0,8.0,273.6,0,0,0,0,0,1
16200,60.84,-0.685,0,1,1,0,10.095,0.0,0,0,1,0,9.94,0.0,0,0.0,0,0,0,1,0,1,0,1,0,0,0,12192.0,2,1,1,1,0,0,1,0,7.4,268.5,0,0,0,0,0,1
16300,60.772,-0.685,0,1,1,0,10.095,0.0,0,0,1,0,9.94,0.0,0,0.0,0,0,0,1,0,1,0,1,0,0,0,12192.0,2,1,1,1,0,0,1,0,6.5,269.4,0,0,0,0,0,1
16400,60.703,-0.685,0,1,1,0,10.095,0.0,0,0,1,0,9.94,0.0,0,0.0,0,0,0,1,0,1,0,1,0,0,0,12192.0,2,1,1,1,0,0,1,0,7.8,269.6,0,0,0,0,0,1
16500,60.635,-0.685,0,1,1,0,10.095,0.0,0,0,1,0,9.94,0.0,0,0.0,0,0,0,1,0,1,0,1,0,0,0,12192.0,2,1,1,1,0,0,1,0,7.2,269.5,0,0,0,0,0,1
16600,60.566,-0.685,0,1,1,0,10.095,0.0,0,0,1,0,9.94,0.0,0,0.0,0,0,0,1,0,1,0,1,0,0,0,12192.0,2,1,1,1,0,0,1,0,7.8,270.4,0,0,0,0,0,1
16700,60.498,-0.685,0,1,1,0,10.095,0.0,0,0,1,0,9.94,0.0,0,0.0,0,0,0,1,0,1,0,1,0,0,0,12192.0,2,1,1,1,0,0,1,0,7.4,267.2,0,0,0,0,0,1
16800,60.429,-0.685,0,1,1,0,10.095,0.0,0,0,1,0,9.94,0.0,0,0.0,0,0,0,1,0,1,0,1,0,0,0,12192.0,2,1,1,1,0,0,1,0,7.3,266.6,0,0,0,0,0,1
16900,60.361,-0.685,0,1,1,0,10.095,0.0,0,0,1,0,9.94,0.0,0,0.0,0,0,0,1,0,1,0,1,0,0,0,12192.0,2,1,1,1,0,0,1,0,7.8,270.4,0,0,0,0,0,1
17000,60.292,-0.685,0,1,1,0,10.095,0.0,0,0,1,0,9.94,0.0,0,0.0,0,0,0,1,0,1,0,1,0,0,0,12192.0,2,1,1,1,0,0,1,0,8.1,270.9,0,0,0,0,0,1
17100,60.224,-0.685,0,1,1,0,10.095,0.0,0,0,1,0,9.94,0.0,0,0.0,0,0,0,1,0,1,0,1,0,0,0,12192.0,2,1,1,1,0,0,1,0,8.2,266.1,0,0,0,0,0,1
17200,60.155,-0.685,0,1,1,0,10.095,0.0,0,0,1,0,9.94,0.0,0,0.0,0,0,0,1,0,1,0,1,0,0,0,12192.0,2,1,1,1,0,0,1,0,6.7,270.3,0,0,0,0,0,1
17300,60.087,-0.685,0,1,1,0,10.095,0.0,0,0,1,0,9.94,0.0,0,0.0,0,0,0,1,0,1,0,1,0,0,0,12192.0,2,1,1,1,0,0,1,0,7.5,271.0,0,0,0,0,0,1
17400,60.018,-0.685,0,1,1,0,10.095,0.0,0,0,1,0,9.94,0.0,0,0.0,0,0,0,1,0,1,0,1,0,0,0,12192.0,2,1,1,1,0,0,1,0,7.5,268.1,0,0,0,0,0,1
17500,59.95,-0.685,0,1,1,0,10.095,0.0,0,0,1,0,9.94,0.0,0,0.0,0,0,0,1,0,1,0,1,0,0,0,12192.0,2,1,1,1,0,0,1,0,8.1,268.0,0,0,0,0,0,1
17600,59.882,-0.685,0,1,1,0,10.095,0.0,0,0,1,0,9.94,0.0,0,0.0,0,0,0,1,0,1,0,1,0,0,0,12192.0,2,1,1,1,0,0,1,0,7.7,270.7,0,0,0,0,0,1
17700,59.813,-0.685,0,1,1,0,10.095,0.0,0,0,1,0,9.94,0.0,0,0.0,0,0,0,1,0,1,0,1,0,0,0,12192.0,2,1,1,1,0,0,1,0,8.2,272.9,0,0,0,0,0,1
17800,59.745,-0.685,0,1,1,0,10.095,0.0,0,0,1,0,9.94,0.0,0,0.0,0,0,0,1,0,1,0,1,0,0,0,12192.0,2,1,1,1,0,0,1,0,7.6,267.1,0,0,0,0,0,1
17900,59.676,-0.685,0,1,1,0,10.095,0.0,0,0,1,0,9.94,0.0,0,0.0,0,0,0,1,0,1,0,1,0,0,0,12192.0,2,1,1,1,0,0,1,0,7.1,272.4,0,0,0,0,0,1
18000,59.608,-0.685,0,1,1,0,10.095,0.0,0,0,1,0,9.94,0.0,0,0.0,0,0,0,1,0,1,0,1,0,0,0,12192.0,2,1,1,1,0,0,1,0,8.4,272.6,0,0,0,0,0,1
18100,59.539,-0.685,0,1,1,0,10.095,0.0,0,0,1,0,9.94,0.0,0,0.0,0,0,0,1,0,1,0,1,0,0,0,12192.0,2,1,1,1,0,0,1,0,7.2,268.9,0,0,0,0,0,1
18200,59.471,-0.685,0,1,1,0,10.095,0.0,0,0,1,0,9.94,0.0,0,0.0,0,0,0,1,0,1,0,1,0,0,0,12192.0,2,1,1,1,0,0,1,0,7.8,269.3,0,0,0,0,0,1
18300,59.402,-0.685,0,1,1,0,10.095,0.0,0,0,1,0,9.94,0.0,0,0.0,0,0,0,1,0,1,0,1,0,0,0,12192.0,2,1,1,1,0,0,1,0,7.7,267.3,0,0,0,0,0,1
18400,59.334,-0.685,0,1,1,0,10.095,0.0,0,0,1,0,9.94,0.0,0,0.0,0,0,0,1,0,1,0,1,0,0,0,12192.0,2,1,1,1,0,0,1,0,8.2,268.8,0,0,0,0,0,1
18500,59.265,-0.685,0,1,1,0,10.095,0.0,0,0,1,0,9.94,0.0,0,0.0,0,0,0,1,0,1,0,1,0,0,0,12192.0,2,1,1,1,0,0,1,0,8.5,268.3,0,0,0,0,0,1
18600,59.197,-0.685,0,1,1,0,10.095,0.0,0,0,1,0,9.94,0.0,0,0.0,0,0,0,1,0,1,0,1,0,0,0,12192.0,2,1,1,1,0,0,1,0,8.2,274.1,0,0,0,0,0,1
18700,59.128,-0.685,0,1,1,0,10.095,0.0,0,0,1,0,9.94,0.0,0,0.0,0,0,0,1,0,1,0,1,0,0,0,12192.0,2,1,1,1,0,0,1,0,9.0,271.3,0,0,0,0,0,1
18800,59.06,-0.685,0,1,1,0,10.095,0.0,0,0,1,0,9.94,0.0,0,0.0,0,0,0,1,0,1,0,1,0,0,0,12192.0,2,1,1,1,0,0,1,0,8.2,273.0,0,0,0,0,0,1
18900,58.991,-0.685,0,1,1,0,10.095,0.0,0,0,1,0,9.94,0.0,0,0.0,0,0,0,1,0,1,0,1,0,0,0,12192.0,2,1,1,1,0,0,1,0,8.7,270.4,0,0,0,0,0,1
19000,58.923,-0.685,0,1,1,0,10.095,0.0,0,0,1,0,9.94,0.0,0,0.0,0,0,0,1,0,1,0,1,0,0,0,12192.0,2,1,1,1,0,0,1,0,8.7,269.0,0,0,0,0,0,1
19100,58.854,-0.685,0,1,1,0,10.095,0.0,0,0,1,0,9.94,0.0,0,0.0,0,0,0,1,0,1,0,1,0,0,0,12192.0,2,1,1,1,0,0,1,0,8.5,269.6,0,0,0,0,0,1
19200,58.786,-0.685,0,1,1,0,10.095,0.0,0,0,1,0,9.94,0.0,0,0.0,0,0,0,1,0,1,0,1,0,0,0,12192.0,2,1,1,1,0,0,1,0,8.3,275.5,0,0,0,0,0,1
19300,58.717,-0.685,0,1,1,0,10.095,0.0,0,0,1,0,9.94,0.0,0,0.0,0,0,0,1,0,1,0,1,0,0,0,12192.0,2,1,1,1,0,0,1,0,9.1,274.8,0,0,0,0,0,1
19400,58.649,-0.685,0,1,1,0,10.095,0.0,0,0,1,0,9.94,0.0,0,0.0,0,0,0,1,0,1,0,1,0,0,0,12192.0,2,1,1,1,0,0,1,0,8.8,271.3,0,0,0,0,0,1
19500,58.58,-0.685,0,1,1,0,10.095,0.0,0,0,1,0,9.94,0.0,0,0.0,0,0,0,1,0,1,0,1,0,0,0,12192.0,2,1,1,1,0,0,1,0,8.7,273.9,0,0,0,0,0,1
19600,58.512,-0.685,0,1,1,0,10.095,0.0,0,0,1,0,9.94,0.0,0,0.0,0,0,0,1,0,1,0,1,0,0,0,12192.0,2,1,1,1,0,0,1,0,8.7,263.6,0,0,0,0,0,1
19700,58.444,-0.685,0,1,1,0,10.095,0.0,0,0,1,0,9.94,0.0,0,0.0,0,0,0,1,0,1,0,1,0,0,0,12192.0,2,1,1,1,0,0,1,0,8.9,268.0,0,0,0,0,0,1
19800,58.375,-0.685,0,1,1,0,10.095,0.0,0,0,1,0,9.94,0.0,0,0.0,0,0,0,1,0,1,0,1,0,0,0,12192.0,2,1,1,1,0,0,1,0,8.8,270.1,0,0,0,0,0,1
19900,58.307,-0.685,0,1,1,0,10.095,0.0,0,0,1,0,9.94,0.0,0,0.0,0,0,0,1,0,1,0,1,0,0,0,12192.0,2,1,1,1,0,0,1,0,8.7,270.3,0,0,0,0,0,1
20000,58.238,-0.685,0,1,1,0,10.095,0.0,0,0,1,0,9.94,0.0,0,0.0,0,0,0,1,0,1,0,1,0,0,0,12192.0,2,1,1,1,0,0,1,0,8.3,269.8,0,0,0,0,0,1
20100,58.17,-0.685,0,1,1,0,10.095,0.0,0,0,1,0,9.94,0.0,0,0.0,0,0,0,1,0,1,0,1,0,0,0,12192.0,2,1,1,1,0,0,1,0,8.1,269.4,0,0,0,0,0,1
20200,58.101,-0.685,0,1,1,0,10.095,0.0,0,0,1,0,9.94,0.0,0,0.0,0,0,0,1,0,1,0,1,0,0,0,12192.0,2,1,1,1,0,0,1,0,9.1,267.5,0,0,0,0,0,1
20300,58.033,-0.685,0,1,1,0,10.095,0.0,0,0,1,0,9.94,0.0,0,0.0,0,0,0,1,0,1,0,1,0,0,0,12192.0,2,1,1,1,0,0,1,0,9.1,270.9,0,0,0,0,0,1
20400,57.964,-0.685,0,1,1,0,10.095,0.0,0,0,1,0,9.94,0.0,0,0.0,0,0,0,1,0,1,0,1,0,0,0,12192.0,2,1,1,1,0,0,1,0,9.4,268.9,0,0,0,0,0,1
20500,57.896,-0.685,0,1,1,0,10.095,0.0,0,0,1,0,9.94,0.0,0,0.0,0,0,0,1,0,1,0,1,0,0,0,12192.0,2,1,1,1,0,0,1,0,9.0,265.6,0,0,0,0,0,1
20600,57.827,-0.685,0,1,1,0,10.095,0.0,0,0,1,0,9.94,0.0,0,0.0,0,0,0,1,0,1,0,1,0,0,0,12192.0,2,1,1,1,0,0,1,0,8.1,268.9,0,0,0,0,0,1
20700,57.759,-0.685,0,1,1,0,10.095,0.0,0,0,1,0,9.94,0.0,0,0.0,0,0,0,1,0,1,0,1,0,0,0,12192.0,2,1,1,1,0,0,1,0,8.7,265.0,0,0,0,0,0,1
20800,57.69,-0.685,0,1,1,0,10.095,0.0,0,0,1,0,9.94,0.0,0,0.0,0,0,0,1,0,1,0,1,0,0,0,12192.0,2,1,1,1,0,0,1,0,8.1,266.2,0,0,0,0,0,1
20900,57.622,-0.685,0,1,1,0,10.095,0.0,0,0,1,0,9.94,0.0,0,0.0,0,0,0,1,0,1,0,1,0,0,0,12192.0,2,1,1,1,0,0,1,0,8.8,271.2,0,0,0,0,0,1
21000,57.553,-0.685,0,1,1,0,10.095,0.0,0,0,1,0,9.94,0.0,0,0.0,0,0,0,1,0,1,0,1,0,0,0,12192.0,2,1,1,1,0,0,1,0,8.7,269.3,0,0,0,0,0,1
21100,57.485,-0.685,0,1,1,0,10.095,0.0,0,0,1,0,9.94,0.0,0,0.0,0,0,0,1,0,1,0,1,0,0,0,12192.0,2,1,1,1,0,0,1,0,9.5,268.5,0,0,0,0,0,1
21200,57.416,-0.685,0,1,1,0,10.095,0.0,0,0,1,0,9.94,0.0,0,0.0,0,0,0,1,0,1,0,1,0,0,0,12192.0,2,1,1,1,0,0,1,0,8.0,268.9,0,0,0,0,0,1
21300,57.348,-0.685,0,1,1,0,10.095,0.0,0,0,1,0,9.94,0.0,0,0.0,0,0,0,1,0,1,0,1,0,0,0,12192.0,2,1,1,1,0,0,1,0,7.6,266.5,0,0,0,0,0,1
21400,57.279,-0.685,0,1,1,0,10.095,0.0,0,0,1,0,9.94,0.0,0,0.0,0,0,0,1,0,1,0,1,0,0,0,12192.0,2,1,1,1,0,0,1,0,8.9,270.0,0,0,0,0,0,1
21500,57.211,-0.685,0,1,1,0,10.095,0.0,0,0,1,0,9.94,0.0,0,0.0,0,0,0,1,0,1,0,1,0,0,0,12192.0,2,1,1,1,0,0,1,0,9.3,272.3,0,0,0,0,0,1
21600,57.143,-0.685,0,1,1,0,10.095,0.0,0,0,1,0,9.94,0.0,0,0.0,0,0,0,1,0,1,0,1,0,0,0,12192.0,2,1,1,1,0,0,1,0,7.9,264.5,0,0,0,0,0,1
21700,57.074,-0.685,0,1,1,0,10.095,0.0,0,0,1,0,9.94,0.0,0,0.0,0,0,0,1,0,1,0,1,0,0,0,12192.0,2,1,1,1,0,0,1,0,8.3,270.6,0,0,0,0,0,1
21800,57.006,-0.685,0,1,1,0,10.095,0.0,0,0,1,0,9.94,0.0,0,0.0,0,0,0,1,0,1,0,1,0,0,0,12192.0,2,1,1,1,0,0,1,0,7.9,269.5,0,0,0,0,0,1
21900,56.937,-0.685,0,1,1,0,10.095,0.0,0,0,1,0,9.94,0.0,0,0.0,0,0,0,1,0,1,0,1,0,0,0,12192.0,2,1,1,1,0,0,1,0,8.3,273.0,0,0,0,0,0,1
22000,56.869,-0.685,0,1,1,0,10.095,0.0,0,0,1,0,9.94,0.0,0,0.0,0,0,0,1,0,1,0,1,0,0,0,12192.0,2,1,1,1,0,0,1,0,8.7,273.3,0,0,0,0,0,1
22100,56.8,-0.685,0,1,1,0,10.095,0.0,0,0,1,0,9.94,0.0,0,0.0,0,0,0,1,0,1,0,1,0,0,0,12192.0,2,1,1,1,0,0,1,0,9.1,270.2,0,0,0,0,0,1
22200,56.732,-0.685,0,1,1,0,10.095,0.0,0,0,1,0,9.94,0.0,0,0.0,0,0,0,1,0,1,0,1,0,0,0,12192.0,2,1,1,1,0,0,1,0,9.0,267.6,0,0,0,0,0,1
22300,56.663,-0.685,0,1,1,0,10.095,0.0,0,0,1,0,9.94,0.0,0,0.0,0,0,0,1,0,1,0,1,0,0,0,12192.0,2,1,1,1,0,0,1,0,8.1,274.6,0,0,0,0,0,1
22400,56.595,-0.685,0,1,1,0,10.095,0.0,0,0,1,0,9.94,0.0,0,0.0,0,0,0,1,0,1,0,1,0,0,0,12192.0,2,1,1,1,0,0,1,0,8.7,270.5,0,0,0,0,0,1
22500,56.526,-0.685,0,1,1,0,10.095,0.0,0,0,1,0,9.94,0.0,0,0.0,0,0,0,1,0,1,0,1,0,0,0,12192.0,2,1,1,1,0,0,1,0,8.5,270.8,0,0,0,0,0,1
22600,56.458,-0.685,0,1,1,0,10.095,0.0,0,0,1,0,9.94,0.0,0,0.0,0,0,0,1,0,1,0,1,0,0,0,12192.0,2,1,1,1,0,0,1,0,7.6,271.7,0,0,0,0,0,1
22700,56.389,-0.685,0,1,1,0,10.095,0.0,0,0,1,0,9.94,0.0,0,0.0,0,0,0,1,0,1,0,1,0,0,0,12192.0,2,1,1,1,0,0,1,0,7.6,272.0,0,0,0,0,0,1
22800,56.321,-0.685,0,1,1,0,10.095,0.0,0,0,1,0,9.94,0.0,0,0.0,0,0,0,1,0,1,0,1,0,0,0,12192.0,2,1,1,1,0,0,1,0,7.5,269.8,0,0,0,0,0,1
22900,56.252,-0.685,0,1,1,0,10.095,0.0,0,0,1,0,9.94,0.0,0,0.0,0,0,0,1,0,1,0,1,0,0,0,12192.0,2,1,1,1,0,0,1,0,7.5,273.7,0,0,0,0,0,1
23000,56.184,-0.685,0,1,1,0,10.095,0.0,0,0,1,0,9.94,0.0,0,0.0,0,0,0,1,0,1,0,1,0,0,0,12192.0,2,1,1,1,0,0,1,0,7.9,271.9,0,0,0,0,0,1
23100,56.115,-0.685,0,1,1,0,10.095,0.0,0,0,1,0,9.94,0.0,0,0.0,0,0,0,1,0,1,0,1,0,0,0,12192.0,2,1,1,1,0,0,1,0,8.0,267.6,0,0,0,0,0,1
23200,56.047,-0.685,0,1,1,0,10.095,0.0,0,0,1,0,9.94,0.0,0,0.0,0,0,0,1,0,1,0,1,0,0,0,12192.0,2,1,1,1,0,0,1,0,9.1,272.5,0,0,0,0,0,1
23300,55.978,-0.685,0,1,1,0,10.095,0.0,0,0,1,0,9.94,0.0,0,0.0,0,0,0,1,0,1,0,1,0,0,0,12192.0,2,1,1,1,0,0,1,0,7.5,270.6,0,0,0,0,0,1
23400,55.91,-0.685,0,1,1,0,10.095,0.0,0,0,1,0,9.94,0.0,0,0.0,0,0,0,1,0,1,0,1,0,0,0,12192.0,2,1,1,1,0,0,1,0,7.9,271.9,0,0,0,0,0,1
23500,55.842,-0.685,0,1,1,0,10.095,0.0,0,0,1,0,9.94,0.0,0,0.0,0,0,0,1,0,1,0,1,0,0,0,12192.0,2,1,1,1,0,0,1,0,7.7,271.9,0,0,0,0,0,1
23600,55.773,-0.685,0,1,1,0,10.095,0.0,0,0,1,0,9.94,0.0,0,0.0,0,0,0,1,0,1,0,1,0,0,0,12192.0,2,1,1,1,0,0,1,0,7.7,271.3,0,0,0,0,0,1
23700,55.705,-0.685,0,1,1,0,10.095,0.0,0,0,1,0,9.94,0.0,0,0.0,0,0,0,1,0,1,0,1,0,0,0,12192.0,2,1,1,1,0,0,1,0,7.1,271.6,0,0,0,0,0,1
23800,55.636,-0.685,0,1,1,0,10.095,0.0,0,0,1,0,9.94,0.0,0,0.0,0,0,0,1,0,1,0,1,0,0,0,12192.0,2,1,1,1,0,0,1,0,8.2,271.6,0,0,0,0,0,1
23900,55.568,-0.685,0,1,1,0,10.095,0.0,0,0,1,0,9.94,0.0,0,0.0,0,0,0,1,0,1,0,1,0,0,0,12192.0,2,1,1,1,0,0,1,0,7.5,265.8,0,0,0,0,0,1
24000,55.499,-0.685,0,1,1,0,10.095,0.0,0,0,1,0,9.94,0.0,0,0.0,0,0,0,1,0,1,0,1,0,0,0,12192.0,2,1,1,1,0,0,1,0,6.3,270.4,0,0,0,0,0,1
24100,55.431,-0.685,0,1,1,0,10.095,0.0,0,0,1,0,9.94,0.0,0,0.0,0,0,0,1,0,1,0,1,0,0,0,12192.0,2,1,1,1,0,0,1,0,8.4,271.4,0,0,0,0,0,1
24200,55.362,-0.685,0,1,1,0,10.095,0.0,0,0,1,0,9.94,0.0,0,0.0,0,0,0,1,0,1,0,1,0,0,0,12192.0,2,1,1,1,0,0,1,0,8.0,267.9,0,0,0,0,0,1
24300,55.294,-0.685,0,1,1,0,10.095,0.0,0,0,1,0,9.94,0.0,0,0.0,0,0,0,1,0,1,0,1,0,0,0,12192.0,2,1,1,1,0,0,1,0,6.8,271.9,0,0,0,0,0,1
24400,55.225,-0.685,0,1,1,0,10.095,0.0,0,0,1,0,9.94,0.0,0,0.0,0,0,0,1,0,1,0,1,0,0,0,12192.0,2,1,1,1,0,0,1,0,7.6,268.4,0,0,0,0,0,1
24500,55.157,-0.685,0,1,1,0,10.095,0.0,0,0,1,0,9.94,0.0,0,0.0,0,0,0,1,0,1,0,1,0,0,0,12192.0,2,1,1,1,0,0,1,0,7.8,268.0,0,0,0,0,0,1
24600,55.088,-0.685,0,1,1,0,10.095,0.0,0,0,1,0,9.94,0.0,0,0.0,0,0,0,1,0,1,0,1,0,0,0,12192.0,2,1,1,1,0,0,1,0,8.0,269.9,0,0,0,0,0,1
24700,55.02,-0.685,0,1,1,0,10.095,0.0,0,0,1,0,9.94,0.0,0,0.0,0,0,0,1,0,1,0,1,0,0,0,12192.0,2,1,1,1,0,0,1,0,8.0,269.0,0,0,0,0,0,1
24800,54.951,-0.685,0,1,1,0,10.095,0.0,0,0,1,0,9.94,0.0,0,0.0,0,0,0,1,0,1,0,1,0,0,0,12192.0,2,1,1,1,0,0,1,0,7.3,270.6,0,0,0,0,0,1
24900,54.883,-0.685,0,1,1,0,10.095,0.0,0,0,1,0,9.94,0.0,0,0.0,0,0,0,1,0,1,0,1,0,0,0,12192.0,2,1,1,1,0,0,1,0,6.5,272.5,0,0,0,0,0,1
25000,54.814,-0.685,0,1,1,0,10.095,0.0,0,0,1,0,9.94,0.0,0,0.0,0,0,0,1,0,1,0,1,0,0,0,12192.0,2,1,1,1,0,0,1,0,6.6,272.9,0,0,0,0,0,1
25100,54.746,-0.685,0,1,1,0,10.095,0.0,0,0,1,0,9.94,0.0,0,0.0,0,0,0,1,0,1,0,1,0,0,0,12192.0,2,1,1,1,0,0,1,0,6.9,269.5,0,0,0,0,0,1
25200,54.677,-0.685,0,1,1,0,10.095,0.0,0,0,1,0,9.94,0.0,0,0.0,0,0,0,1,0,1,0,1,0,0,0,12192.0,2,1,1,1,0,0,1,0,7.7,266.0,0,0,0,0,0,1
25300,54.609,-0.685,0,1,1,0,10.095,0.0,0,0,1,0,9.94,0.0,0,0.0,0,0,0,1,0,1,0,1,0,0,0,12192.0,2,1,1,1,0,0,1,0,7.7,271.4,0,0,0,0,0,1
25400,54.54,-0.685,0,1,1,0,10.095,0.0,0,0,1,0,9.94,0.0,0,0.0,0,0,0,1,0,1,0,1,0,0,0,12192.0,2,1,1,1,0,0,1,0,8.3,272.4,0,0,0,0,0,1
25500,54.472,-0.685,0,1,1,0,10.095,0.0,0,0,1,0,9.94,0.0,0,0.0,0,0,0,1,0,1,0,1,0,0,0,12192.0,2,1,1,1,0,0,1,0,7.6,272.9,0,0,0,0,0,1
25600,54.404,-0.685,0,1,1,0,10.095,0.0,0,0,1,0,9.94,0.0,0,0.0,0,0,0,1,0,1,0,1,0,0,0,12192.0,2,1,1,1,0,0,1,0,7.4,272.3,0,0,0,0,0,1
25700,54.335,-0.685,0,1,1,0,10.095,0.0,0,0,1,0,9.94,0.0,0,0.0,0,0,0,1,0,1,0,1,0,0,0,12192.0,2,1,1,1,0,0,1,0,7.9,269.4,0,0,0,0,0,1
25800,54.267,-0.685,0,1,1,0,10.095,0.0,0,0,1,0,9.94,0.0,0,0.0,0,0,0,1,0,1,0,1,0,0,0,12192.0,2,1,1,1,0,0,1,0,7.2,272.7,0,0,0,0,0,1
25900,54.198,-0.685,0,1,1,0,10.095,0.0,0,0,1,0,9.94,0.0,0,0.0,0,0,0,1,0,1,0,1,0,0,0,12192.0,2,1,1,1,0,0,1,0,7.6,272.5,0,0,0,0,0,1
26000,54.13,-0.685,0,1,1,0,10.095,0.0,0,0,1,0,9.94,0.0,0,0.0,0,0,0,1,0,1,0,1,0,0,0,12192.0,2,1,1,1,0,0,1,0,7.4,271.3,0,0,0,0,0,1
26100,54.061,-0.685,0,1,1,0,10.095,0.0,0,0,1,0,9.94,0.0,0,0.0,0,0,0,1,0,1,0,1,0,0,0,12192.0,2,1,1,1,0,0,1,0,7.7,270.2,0,0,0,0,0,1
26200,53.993,-0.685,0,1,1,0,10.095,0.0,0,0,1,0,9.94,0.0,0,0.0,0,0,0,1,0,1,0,1,0,0,0,12192.0,2,1,1,1,0,0,1,0,8.0,267.2,0,0,0,0,0,1
26300,53.924,-0.685,0,1,1,0,10.095,0.0,0,0,1,0,9.94,0.0,0,0.0,0,0,0,1,0,1,0,1,0,0,0,12192.0,2,1,1,1,0,0,1,0,7.3,270.8,0,0,0,0,0,1
26400,53.856,-0.685,0,1,1,0,10.095,0.0,0,0,1,0,9.94,0.0,0,0.0,0,0,0,1,0,1,0,1,0,0,0,12192.0,2,1,1,1,0,0,1,0,7.1,269.5,0,0,0,0,0,1
26500,53.787,-0.685,0,1,1,0,10.095,0.0,0,0,1,0,9.94,0.0,0,0.0,0,0,0,1,0,1,0,1,0,0,0,12192.0,2,1,1,1,0,0,1,0,7.7,269.4,0,0,0,0,0,1
26600,53.719,-0.685,0,1,1,0,10.095,0.0,0,0,1,0,9.94,0.0,0,0.0,0,0,0,1,0,1,0,1,0,0,0,12192.0,2,1,1,1,0,0,1,0,7.4,269.5,0,0,0,0,0,1
26700,53.65,-0.685,0,1,1,0,10.095,0.0,0,0,1,0,9.94,0.0,0,0.0,0,0,0,1,0,1,0,1,0,0,0,12192.0,2,1,1,1,0,0,1,0,8.6,270.4,0,0,0,0,0,1
26800,53.582,-0.685,0,1,1,0,10.095,0.0,0,0,1,0,9.94,0.0,0,0.0,0,0,0,1,0,1,0,1,0,0,0,12192.0,2,1,1,1,0,0,1,0,8.9,271.4,0,0,0,0,0,1
26900,53.513,-0.685,0,1,1,0,10.095,0.0,0,0,1,0,9.94,0.0,0,0.0,0,0,0,1,0,1,0,1,0,0,0,12192.0,2,1,1,1,0,0,1,0,7.8,273.1,0,0,0,0,0,1
27000,53.445,-0.685,0,1,1,0,10.095,0.0,0,0,1,0,9.94,0.0,0,0.0,0,0,0,1,0,1,0,1,0,0,0,12192.0,2,1,1,1,0,0,1,0,7.9,268.9,0,0,0,0,0,1
27100,53.376,-0.685,0,1,1,0,10.095,0.0,0,0,1,0,9.94,0.0,0,0.0,0,0,0,1,0,1,0,1,0,0,0,12192.0,2,1,1,1,0,0,1,0,8.4,270.0,0,0,0,0,0,1
27200,53.308,-0.685,0,1,1,0,10.095,0.0,0,0,1,0,9.94,0.0,0,0.0,0,0,0,1,0,1,0,1,0,0,0,12192.0,2,1,1,1,0,0,1,0,8.1,272.6,0,0,0,0,0,1
27300,53.239,-0.685,0,1,1,0,10.095,0.0,0,0,1,0,9.94,0.0,0,0.0,0,0,0,1,0,1,0,1,0,0,0,12192.0,2,1,1,1,0,0,1,0,8.2,270.8,0,0,0,0,0,1
27400,53.171,-0.685,0,1,1,0,10.095,0.0,0,0,1,0,9.94,0.0,0,0.0,0,0,0,1,0,1,0,1,0,0,0,12192.0,2,1,1,1,0,0,1,0,8.8,272.3,0,0,0,0,0,1
27500,53.103,-0.685,0,1,1,0,10.095,0.0,0,0,1,0,9.94,0.0,0,0.0,0,0,0,1,0,1,0,1,0,0,0,12192.0,2,1,1,1,0,0,1,0,7.6,268.7,0,0,0,0,0,1
27600,53.034,-0.685,0,1,1,0,10.095,0.0,0,0,1,0,9.94,0.0,0,0.0,0,0,0,1,0,1,0,1,0,0,0,12192.0,2,1,1,1,0,0,1,0,7.9,266.8,0,0,0,0,0,1
27700,52.966,-0.685,0,1,1,0,10.095,0.0,0,0,1,0,9.94,0.0,0,0.0,0,0,0,1,0,1,0,1,0,0,0,12192.0,2,1,1,1,0,0,1,0,9.0,272.7,0,0,0,0,0,1
27800,52.897,-0.685,0,1,1,0,10.095,0.0,0,0,1,0,9.94,0.0,0,0.0,0,0,0,1,0,1,0,1,0,0,0,12192.0,2,1,1,1,0,0,1,0,9.0,273.1,0,0,0,0,0,1
27900,52.829,-0.685,0,1,1,0,10.095,0.0,0,0,1,0,9.94,0.0,0,0.0,0,0,0,1,0,1,0,1,0,0,0,12192.0,2,1,1,1,0,0,1,0,8.7,269.6,0,0,0,0,0,1
28000,52.76,-0.685,0,1,1,0,10.095,0.0,0,0,1,0,9.94,0.0,0,0.0,0,0,0,1,0,1,0,1,0,0,0,12192.0,2,1,1,1,0,0,1,0,8.3,269.7,0,0,0,0,0,1
28100,52.692,-0.685,0,1,1,0,10.095,0.0,0,0,1,0,9.94,0.0,0,0.0,0,0,0,1,0,1,0,1,0,0,0,12192.0,2,1,1,1,0,0,1,0,8.5,266.5,0,0,0,0,0,1
28200,52.623,-0.685,0,1,1,0,10.095,0.0,0,0,1,0,9.94,0.0,0,0.0,0,0,0,1,0,1,0,1,0,0,0,12192.0,2,1,1,1,0,0,1,0,7.8,268.6,0,0,0,0,0,1
28300,52.555,-0.685,0,1,1,0,10.095,0.0,0,0,1,0,9.94,0.0,0,0.0,0,0,0,1,0,1,0,1,0,0,0,12192.0,2,1,1,1,0,0,1,0,8.1,272.4,0,0,0,0,0,1
28400,52.486,-0.685,0,1,1,0,10.095,0.0,0,0,1,0,9.94,0.0,0,0.0,0,0,0,1,0,1,0,1,0,0,0,12192.0,2,1,1,1,0,0,1,0,8.3,272.5,0,0,0,0,0,1
28500,52.418,-0.685,0,1,1,0,10.095,0.0,0,0,1,0,9.94,0.0,0,0.0,0,0,0,1,0,1,0,1,0,0,0,12192.0,2,1,1,1,0,0,1,0,8.1,268.8,0,0,0,0,0,1
28600,52.349,-0.685,0,1,1,0,10.095,0.0,0,0,1,0,9.94,0.0,0,0.0,0,0,0,1,0,1,0,1,0,0,0,12192.0,2,1,1,1,0,0,1,0,8.3,271.8,0,0,0,0,0,1
28700,52.281,-0.685,0,1,1,0,10.095,0.0,0,0,1,0,9.94,0.0,0,0.0,0,0,0,1,0,1,0,1,0,0,0,12192.0,2,1,1,1,0,0,1,0,8.2,269.0,0,0,0,0,0,1
28800,52.212,-0.685,0,1,1,0,10.095,0.0,0,0,1,0,9.94,0.0,0,0.0,0,0,0,1,0,1,0,1,0,0,0,12192.0,2,1,1,1,0,0,1,0,8.3,271.1,0,0,0,0,0,1
28900,52.144,-0.685,0,1,1,0,10.095,0.0,0,0,1,0,9.94,0.0,0,0.0,0,0,0,1,0,1,0,1,0,0,0,12192.0,2,1,1,1,0,0,1,0,7.9,265.9,0,0,0,0,0,1
29000,52.075,-0.685,0,1,1,0,10.095,0.0,0,0,1,0,9.94,0.0,0,0.0,0,0,0,1,0,1,0,1,0,0,0,12192.0,2,1,1,1,0,0,1,0,8.9,271.9,0,0,0,0,0,1
29100,52.007,-0.685,0,1,1,0,10.095,0.0,0,0,1,0,9.94,0.0,0,0.0,0,0,0,1,0,1,0,1,0,0,0,12192.0,2,1,1,1,0,0,1,0,9.7,267.3,0,0,0,0,0,1
29200,51.938,-0.685,0,1,1,0,10.095,0.0,0,0,1,0,9.94,0.0,0,0.0,0,0,0,1,0,1,0,1,0,0,0,12192.0,2,1,1,1,0,0,1,0,8.9,269.1,0,0,0,0,0,1
29300,51.87,-0.685,0,1,1,0,10.095,0.0,0,0,1,0,9.94,0.0,0,0.0,0,0,0,1,0,1,0,1,0,0,0,12192.0,2,1,1,1,0,0,1,0,8.2,270.6,0,0,0,0,0,1
29400,51.802,-0.685,0,1,1,0,10.095,0.0,0,0,1,0,9.94,0.0,0,0.0,0,0,0,1,0,1,0,1,0,0,0,12192.0,2,1,1,1,0,0,1,0,8.9,265.1,0,0,0,0,0,1
29500,51.733,-0.685,0,1,1,0,10.095,0.0,0,0,1,0,9.94,0.0,0,0.0,0,0,0,1,0,1,0,1,0,0,0,12192.0,2,1,1,1,0,0,1,0,8.5,268.0,0,0,0,0,0,1
29600,51.665,-0.685,0,1,1,0,10.095,0.0,0,0,1,0,9.94,0.0,0,0.0,0,0,0,1,0,1,0,1,0,0,0,12192.0,2,1,1,1,0,0,1,0,8.4,270.4,0,0,0,0,0,1
29700,51.596,-0.685,0,1,1,0,10.095,0.0,0,0,1,0,9.94,0.0,0,0.0,0,0,0,1,0,1,0,1,0,0,0,12192.0,2,1,1,1,0,0,1,0,8.8,270.7,0,0,0,0,0,1
29800,51.528,-0.685,0,1,1,0,10.095,0.0,0,0,1,0,9.94,0.0,0,0.0,0,0,0,1,0,1,0,1,0,0,0,12192.0,2,1,1,1,0,0,1,0,8.5,272.9,0,0,0,0,0,1
29900,51.459,-0.685,0,1,1,0,10.095,0.0,0,0,1,0,9.94,0.0,0,0.0,0,0,0,1,0,1,0,1,0,0,0,12192.0,2,1,1,1,0,0,1,0,8.4,274.1,0,0,0,0,0,1
30000,51.391,-0.685,0,1,1,0,10.095,0.0,0,0,1,0,9.94,0.0,0,0.0,0,0,0,1,0,1,0,1,0,0,0,12192.0,2,1,1,1,0,0,1,0,8.6,267.3,0,0,0,0,0,1
30100,51.322,-0.685,0,1,1,0,10.095,0.0,0,0,1,0,9.94,0.0,0,0.0,0,0,0,1,0,1,0,1,0,0,0,12192.0,2,1,1,1,0,0,1,0,8.3,270.2,0,0,0,0,0,1
30200,51.254,-0.685,0,1,1,0,10.095,0.0,0,0,1,0,9.94,0.0,0,0.0,0,0,0,1,0,1,0,1,0,0,0,12192.0,2,1,1,1,0,0,1,0,7.5,267.5,0,0,0,0,0,1
30300,51.185,-0.685,0,1,1,0,10.095,0.0,0,0,1,0,9.94,0.0,0,0.0,0,0,0,1,0,1,0,1,0,0,0,12192.0,2,1,1,1,0,0,1,0,8.4,266.1,0,0,0,0,0,1
30400,51.117,-0.685,0,1,1,0,10.095,0.0,0,0,1,0,9.94,0.0,0,0.0,0,0,0,1,0,1,0,1,0,0,0,12192.0,2,1,1,1,0,0,1,0,9.0,269.8,0,0,0,0,0,1
30500,51.048,-0.685,0,1,1,0,10.095,0.0,0,0,1,0,9.94,0.0,0,0.0,0,0,0,1,0,1,0,1,0,0,0,12192.0,2,1,1,1,0,0,1,0,7.8,268.0,0,0,0,0,0,1
30600,50.98,-0.685,0,1,1,0,10.095,0.0,0,0,1,0,9.94,0.0,0,0.0,0,0,0,1,0,1,0,1,0,0,0,12192.0,2,1,1,1,0,0,1,0,8.4,269.8,0,0,0,0,0,1
30700,50.911,-0.685,0,1,1,0,10.095,0.0,0,0,1,0,9.94,0.0,0,0.0,0,0,0,1,0,1,0,1,0,0,0,12192.0,2,1,1,1,0,0,1,0,8.2,266.7,0,0,0,0,0,1
30800,50.843,-0.685,0,1,1,0,10.095,0.0,0,0,1,0,9.94,0.0,0,0.0,0,0,0,1,0,1,0,1,0,0,0,12192.0,2,1,1,1,0,0,1,0,7.5,266.5,0,0,0,0,0,1
30900,50.774,-0.685,0,1,1,0,10.095,0.0,0,0,1,0,9.94,0.0,0,0.0,0,0,0,1,0,1,0,1,0,0,0,12192.0,2,1,1,1,0,0,1,0,8.1,269.5,0,0,0,0,0,1
31000,50.706,-0.685,0,1,1,0,10.095,0.0,0,0,1,0,9.94,0.0,0,0.0,0,0,0,1,0,1,0,1,0,0,0,12192.0,2,1,1,1,0,0,1,0,8.3,269.3,0,0,0,0,0,1
31100,50.637,-0.685,0,1,1,0,10.095,0.0,0,0,1,0,9.94,0.0,0,0.0,0,0,0,1,0,1,0,1,0,0,0,12192.0,2,1,1,1,0,0,1,0,8.2,270.5,0,0,0,0,0,1
31200,50.569,-0.685,0,1,1,0,10.095,0.0,0,0,1,0,9.94,0.0,0,0.0,0,0,0,1,0,1,0,1,0,0,0,12192.0,2,1,1,1,0,0,1,0,8.9,273.5,0,0,0,0,0,1
31300,50.5,-0.685,0,1,1,0,10.095,0.0,0,0,1,0,9.94,0.0,0,0.0,0,0,0,1,0,1,0,1,0,0,0,12192.0,2,1,1,1,0,0,1,0,9.1,272.4,0,0,0,0,0,1
31400,50.432,-0.685,0,1,1,0,10.095,0.0,0,0,1,0,9.94,0.0,0,0.0,0,0,0,1,0,1,0,1,0,0,0,12192.0,2,1,1,1,0,0,1,0,7.5,269.4,0,0,0,0,0,1
31500,50.364,-0.685,0,1,1,0,10.095,0.0,0,0,1,0,9.94,0.0,0,0.0,0,0,0,1,0,1,0,1,0,0,0,12192.0,2,1,1,1,0,0,1,0,8.0,266.3,0,0,0,0,0,1
31600,50.295,-0.685,0,1,1,0,10.095,0.0,0,0,1,0,9.94,0.0,0,0.0,0,0,0,1,0,1,0,1,0,0,0,12192.0,2,1,1,1,0,0,1,0,9.6,272.1,0,0,0,0,0,1
31700,50.227,-0.685,0,1,1,0,10.095,0.0,0,0,1,0,9.94,0.0,0,0.0,0,0,0,1,0,1,0,1,0,0,0,12192.0,2,1,1,1,0,0,1,0,7.6,268.8,0,0,0,0,0,1
31800,50.158,-0.685,0,1,1,0,10.095,0.0,0,0,1,0,9.94,0.0,0,0.0,0,0,0,1,0,1,0,1,0,0,0,12192.0,2,1,1,1,0,0,1,0,7.5,272.5,0,0,0,0,0,1
31900,50.09,-0.685,0,1,1,0,10.095,0.0,0,0,1,0,9.94,0.0,0,0.0,0,0,0,1,0,1,0,1,0,0,0,12192.0,2,1,1,1,0,0,1,0,7.1,270.8,0,0,0,0,0,1
32000,50.021,-0.685,0,1,1,0,10.095,0.0,0,0,1,0,9.94,0.0,0,0.0,0,0,0,1,0,1,0,1,0,0,0,12192.0,2,1,1,1,0,0,1,0,9.1,273.3,0,0,0,0,0,1
32100,49.953,-0.685,0,1,1,0,10.095,0.0,0,0,1,0,9.94,0.0,0,0.0,0,0,0,1,0,1,0,1,0,0,0,12192.0,2,1,1,1,0,0,1,0,7.4,268.3,0,0,0,0,0,1
32200,49.884,-0.685,0,1,1,0,10.095,0.0,0,0,1,0,9.94,0.0,0,0.0,0,0,0,1,0,1,0,1,0,0,0,12192.0,2,1,1,1,0,0,1,0,7.6,267.3,0,0,0,0,0,1
32300,49.816,-0.685,0,1,1,0,10.095,0.0,0,0,1,0,9.94,0.0,0,0.0,0,0,0,1,0,1,0,1,0,0,0,12192.0,2,1,1,1,0,0,1,0,6.9,269.1,0,0,0,0,0,1
32400,49.747,-0.685,0,1,1,0,10.095,0.0,0,0,1,0,9.94,0.0,0,0.0,0,0,0,1,0,1,0,1,0,0,0,12192.0,2,1,1,1,0,0,1,0,7.8,267.2,0,0,0,0,0,1
32500,49.679,-0.685,0,1,1,0,10.095,0.0,0,0,1,0,9.94,0.0,0,0.0,0,0,0,1,0,1,0,1,0,0,0,12192.0,2,1,1,1,0,0,1,0,7.6,271.6,0,0,0,0,0,1
32600,49.61,-0.685,0,1,1,0,10.095,0.0,0,0,1,0,9.94,0.0,0,0.0,0,0,0,1,0,1,0,1,0,0,0,12192.0,2,1,1,1,0,0,1,0,8.1,270.4,0,0,0,0,0,1
32700,49.542,-0.685,0,1,1,0,10.095,0.0,0,0,1,0,9.94,0.0,0,0.0,0,0,0,1,0,1,0,1,0,0,0,12192.0,2,1,1,1,0,0,1,0,8.4,272.0,0,0,0,0,0,1
32800,49.473,-0.685,0,1,1,0,10.095,0.0,0,0,1,0,9.94,0.0,0,0.0,0,0,0,1,0,1,0,1,0,0,0,12192.0,2,1,1,1,0,0,1,0,7.1,270.9,0,0,0,0,0,1
32900,49.405,-0.685,0,1,1,0,10.095,0.0,0,0,1,0,9.94,0.0,0,0.0,0,0,0,1,0,1,0,1,0,0,0,12192.0,2,1,1,1,0,0,1,0,7.8,269.0,0,0,0,0,0,1
33000,49.336,-0.685,0,1,1,0,10.095,0.0,0,0,1,0,9.94,0.0,0,0.0,0,0,0,1,0,1,0,1,0,0,0,12192.0,2,1,1,1,0,0,1,0,7.5,267.1,0,0,0,0,0,1
33100,49.268,-0.685,0,1,1,0,10.095,0.0,0,0,1,0,9.94,0.0,0,0.0,0,0,0,1,0,1,0,1,0,0,0,12192.0,2,1,1,1,0,0,1,0,7.3,267.0,0,0,0,0,0,1
33200,49.199,-0.685,0,1,1,0,10.095,0.0,0,0,1,0,9.94,0.0,0,0.0,0,0,0,1,0,1,0,1,0,0,0,12192.0,2,1,1,1,0,0,1,0,7.7,268.7,0,0,0,0,0,1
33300,49.131,-0.685,0,1,1,0,10.095,0.0,0,0,1,0,9.94,0.0,0,0.0,0,0,0,1,0,1,0,1,0,0,0,12192.0,2,1,1,1,0,0,1,0,7.5,268.6,0,0,0,0,0,1
33400,49.063,-0.685,0,1,1,0,10.095,0.0,0,0,1,0,9.94,0.0,0,0.0,0,0,0,1,0,1,0,1,0,0,0,12192.0,2,1,1,1,0,0,1,0,6.7,270.6,0,0,0,0,0,1
33500,48.994,-0.685,0,1,1,0,10.095,0.0,0,0,1,0,9.94,0.0,0,0.0,0,0,0,1,0,1,0,1,0,0,0,12192.0,2,1,1,1,0,0,1,0,6.9,271.3,0,0,0,0,0,1
33600,48.926,-0.685,0,1,1,0,10.095,0.0,0,0,1,0,9.94,0.0,0,0.0,0,0,0,1,0,1,0,1,0,0,0,12192.0,2,1,1,1,0,0,1,0,6.8,272.7,0,0,0,0,0,1
33700,48.857,-0.685,0,1,1,0,10.095,0.0,0,0,1,0,9.94,0.0,0,0.0,0,0,0,1,0,1,0,1,0,0,0,12192.0,2,1,1,1,0,0,1,0,7.8,269.0,0,0,0,0,0,1
33800,48.789,-0.685,0,1,1,0,10.095,0.0,0,0,1,0,9.94,0.0,0,0.0,0,0,0,1,0,1,0,1,0,0,0,12192.0,2,1,1,1,0,0,1,0,7.9,270.4,0,0,0,0,0,1
33900,48.72,-0.685,0,1,1,0,10.095,0.0,0,0,1,0,9.94,0.0,0,0.0,0,0,0,1,0,1,0,1,0,0,0,12192.0,2,1,1,1,0,0,1,0,7.2,272.2,0,0,0,0,0,1
34000,48.652,-0.685,0,1,1,0,10.095,0.0,0,0,1,0,9.94,0.0,0,0.0,0,0,0,1,0,1,0,1,0,0,0,12192.0,2,1,1,1,0,0,1,0,8.2,266.0,0,0,0,0,0,1
34100,48.583,-0.685,0,1,1,0,10.095,0.0,0,0,1,0,9.94,0.0,0,0.0,0,0,0,1,0,1,0,1,0,0,0,12192.0,2,1,1,1,0,0,1,0,7.6,271.3,0,0,0,0,0,1
34200,48.515,-0.685,0,1,1,0,10.095,0.0,0,0,1,0,9.94,0.0,0,0.0,0,0,0,1,0,1,0,1,0,0,0,12192.0,2,1,1,1,0,0,1,0,7.5,266.8,0,0,0,0,0,1
34300,48.446,-0.685,0,1,1,0,10.095,0.0,0,0,1,0,9.94,0.0,0,0.0,0,0,0,1,0,1,0,1,0,0,0,12192.0,2,1,1,1,0,0,1,0,7.0,270.4,0,0,0,0,0,1
34400,48.378,-0.685,0,1,1,0,10.095,0.0,0,0,1,0,9.94,0.0,0,0.0,0,0,0,1,0,1,0,1,0,0,0,12192.0,2,1,1,1,0,0,1,0,7.2,268.3,0,0,0,0,0,1
34500,48.309,-0.685,0,1,1,0,10.095,0.0,0,0,1,0,9.94,0.0,0,0.0,0,0,0,1,0,1,0,1,0,0,0,12192.0,2,1,1,1,0,0,1,0,7.7,264.9,0,0,0,0,0,1
34600,48.241,-0.685,0,1,1,0,10.095,0.0,0,0,1,0,9.94,0.0,0,0.0,0,0,0,1,0,1,0,1,0,0,0,12192.0,2,1,1,1,0,0,1,0,7.9,269.9,0,0,0,0,0,1
34700,48.172,-0.685,0,1,1,0,10.095,0.0,0,0,1,0,9.94,0.0,0,0.0,0,0,0,1,0,1,0,1,0,0,0,12192.0,2,1,1,1,0,0,1,0,7.7,275.0,0,0,0,0,0,1
34800,48.104,-0.685,0,1,1,0,10.095,0.0,0,0,1,0,9.94,0.0,0,0.0,0,0,0,1,0,1,0,1,0,0,0,12192.0,2,1,1,1,0,0,1,0,8.1,272.5,0,0,0,0,0,1
34900,48.035,-0.685,0,1,1,0,10.095,0.0,0,0,1,0,9.94,0.0,0,0.0,0,0,0,1,0,1,0,1,0,0,0,12192.0,2,1,1,1,0,0,1,0,8.4,266.1,0,0,0,0,0,1
35000,47.967,-0.685,0,1,1,0,10.095,0.0,0,0,1,0,9.94,0.0,0,0.0,0,0,0,1,0,1,0,1,0,0,0,12192.0,2,1,1,1,0,0,1,0,7.7,270.4,0,0,0,0,0,1
35100,47.898,-0.685,0,1,1,0,10.095,0.0,0,0,1,0,9.94,0.0,0,0.0,0,0,0,1,0,1,0,1,0,0,0,12192.0,2,1,1,1,0,0,1,0,7.6,274.1,0,0,0,0,0,1
35200,47.83,-0.685,0,1,1,0,10.095,0.0,0,0,1,0,9.94,0.0,0,0.0,0,0,0,1,0,1,0,1,0,0,0,12192.0,2,1,1,1,0,0,1,0,7.3,269.8,0,0,0,0,0,1
35300,47.762,-0.685,0,1,1,0,10.095,0.0,0,0,1,0,9.94,0.0,0,0.0,0,0,0,1,0,1,0,1,0,0,0,12192.0,2,1,1,1,0,0,1,0,7.8,267.9,0,0,0,0,0,1
35400,47.693,-0.685,0,1,1,0,10.095,0.0,0,0,1,0,9.94,0.0,0,0.0,0,0,0,1,0,1,0,1,0,0,0,12192.0,2,1,1,1,0,0,1,0,7.6,273.9,0,0,0,0,0,1
35500,47.625,-0.685,0,1,1,0,10.095,0.0,0,0,1,0,9.94,0.0,0,0.0,0,0,0,1,0,1,0,1,0,0,0,12192.0,2,1,1,1,0,0,1,0,7.3,272.1,0,0,0,0,0,1
35600,47.556,-0.685,0,1,1,0,10.095,0.0,0,0,1,0,9.94,0.0,0,0.0,0,0,0,1,0,1,0,1,0,0,0,12192.0,2,1,1,1,0,0,1,0,7.8,274.7,0,0,0,0,0,1
35700,47.488,-0.685,0,1,1,0,10.095,0.0,0,0,1,0,9.94,0.0,0,0.0,0,0,0,1,0,1,0,1,0,0,0,12192.0,2,1,1,1,0,0,1,0,8.0,268.8,0,0,0,0,0,1
35800,47.419,-0.685,0,1,1,0,10.095,0.0,0,0,1,0,9.94,0.0,0,0.0,0,0,0,1,0,1,0,1,0,0,0,12192.0,2,1,1,1,0,0,1,0,8.0,271.0,0,0,0,0,0,1
35900,47.351,-0.685,0,1,1,0,10.095,0.0,0,0,1,0,9.94,0.0,0,0.0,0,0,0,1,0,1,0,1,0,0,0,12192.0,2,1,1,1,0,0,1,0,7.9,271.1,0,0,0,0,0,1
36000,47.282,-0.685,0,1,1,0,10.095,0.0,0,0,1,0,9.94,0.0,0,0.0,0,0,0,1,0,1,0,1,0,0,0,12192.0,2,1,1,1,0,0,1,0,8.2,268.3,0,0,0,0,0,1
36100,47.214,-0.685,0,1,1,0,10.095,0.0,0,0,1,0,9.94,0.0,0,0.0,0,0,0,1,0,1,0,1,0,0,0,12192.0,2,1,1,1,0,0,1,0,7.9,272.5,0,0,0,0,0,1
36200,47.145,-0.685,0,1,1,0,10.095,0.0,0,0,1,0,9.94,0.0,0,0.0,0,0,0,1,0,1,0,1,0,0,0,12192.0,2,1,1,1,0,0,1,0,7.9,271.3,0,0,0,0,0,1
36300,47.077,-0.685,0,1,1,0,10.095,0.0,0,0,1,0,9.94,0.0,0,0.0,0,0,0,1,0,1,0,1,0,0,0,12192.0,2,1,1,1,0,0,1,0,7.2,271.8,0,0,0,0,0,1
36400,47.008,-0.685,0,1,1,0,10.095,0.0,0,0,1,0,9.94,0.0,0,0.0,0,0,0,1,0,1,0,1,0,0,0,12192.0,2,1,1,1,0,0,1,0,8.0,272.8,0,0,0,0,0,1
36500,46.94,-0.685,0,1,1,0,10.095,0.0,0,0,1,0,9.94,0.0,0,0.0,0,0,0,1,0,1,0,1,0,0,0,12192.0,2,1,1,1,0,0,1,0,7.5,268.6,0,0,0,0,0,1
36600,46.871,-0.685,0,1,1,0,10.095,0.0,0,0,1,0,9.94,0.0,0,0.0,0,0,0,1,0,1,0,1,0,0,0,12192.0,2,1,1,1,0,0,1,0,7.5,271.2,0,0,0,0,0,1
36700,46.803,-0.685,0,1,1,0,10.095,0.0,0,0,1,0,9.94,0.0,0,0.0,0,0,0,1,0,1,0,1,0,0,0,12192.0,2,1,1,1,0,0,1,0,8.5,269.1,0,0,0,0,0,1
36800,46.734,-0.685,0,1,1,0,10.095,0.0,0,0,1,0,9.94,0.0,0,0.0,0,0,0,1,0,1,0,1,0,0,0,12192.0,2,1,1,1,0,0,1,0,7.7,268.8,0,0,0,0,0,1
36900,46.666,-0.685,0,1,1,0,10.095,0.0,0,0,1,0,9.94,0.0,0,0.0,0,0,0,1,0,1,0,1,0,0,0,12192.0,2,1,1,1,0,0,1,0,8.5,272.3,0,0,0,0,0,1
37000,46.597,-0.685,0,1,1,0,10.095,0.0,0,0,1,0,9.94,0.0,0,0.0,0,0,0,1,0,1,0,1,0,0,0,12192.0,2,1,1,1,0,0,1,0,7.4,274.6,0,0,0,0,0,1
37100,46.529,-0.685,0,1,1,0,10.095,0.0,0,0,1,0,9.94,0.0,0,0.0,0,0,0,1,0,1,0,1,0,0,0,12192.0,2,1,1,1,0,0,1,0,8.2,271.9,0,0,0,0,0,1
37200,46.46,-0.685,0,1,1,0,10.095,0.0,0,0,1,0,9.94,0.0,0,0.0,0,0,0,1,0,1,0,1,0,0,0,12192.0,2,1,1,1,0,0,1,0,8.8,272.5,0,0,0,0,0,1
37300,46.392,-0.685,0,1,1,0,10.095,0.0,0,0,1,0,9.94,0.0,0,0.0,0,0,0,1,0,1,0,1,0,0,0,12192.0,2,1,1,1,0,0,1,0,7.9,272.1,0,0,0,0,0,1
37400,46.324,-0.685,0,1,1,0,10.095,0.0,0,0,1,0,9.94,0.0,0,0.0,0,0,0,1,0,1,0,1,0,0,0,12192.0,2,1,1,1,0,0,1,0,8.7,271.8,0,0,0,0,0,1
37500,46.255,-0.685,0,1,1,0,10.095,0.0,0,0,1,0,9.94,0.0,0,0.0,0,0,0,1,0,1,0,1,0,0,0,12192.0,2,1,1,1,0,0,1,0,8.8,268.4,0,0,0,0,0,1
37600,46.187,-0.685,0,1,1,0,10.095,0.0,0,0,1,0,9.94,0.0,0,0.0,0,0,0,1,0,1,0,1,0,0,0,12192.0,2,1,1,1,0,0,1,0,8.8,270.4,0,0,0,0,0,1
37700,46.118,-0.685,0,1,1,0,10.095,0.0,0,0,1,0,9.94,0.0,0,0.0,0,0,0,1,0,1,0,1,0,0,0,12192.0,2,1,1,1,0,0,1,0,8.8,267.5,0,0,0,0,0,1
37800,46.05,-0.685,0,1,1,0,10.095,0.0,0,0,1,0,9.94,0.0,0,0.0,0,0,0,1,0,1,0,1,0,0,0,12192.0,2,1,1,1,0,0,1,0,8.9,268.9,0,0,0,0,0,1
37900,45.981,-0.685,0,1,1,0,10.095,0.0,0,0,1,0,9.94,0.0,0,0.0,0,0,0,1,0,1,0,1,0,0,0,12192.0,2,1,1,1,0,0,1,0,7.9,270.4,0,0,0,0,0,1
38000,45.913,-0.685,0,1,1,0,10.095,0.0,0,0,1,0,9.94,0.0,0,0.0,0,0,0,1,0,1,0,1,0,0,0,12192.0,2,1,1,1,0,0,1,0,7.9,273.3,0,0,0,0,0,1
38100,45.844,-0.685,0,1,1,0,10.095,0.0,0,0,1,0,9.94,0.0,0,0.0,0,0,0,1,0,1,0,1,0,0,0,12192.0,2,1,1,1,0,0,1,0,8.8,269.5,0,0,0,0,0,1
38200,45.776,-0.685,0,1,1,0,10.095,0.0,0,0,1,0,9.94,0.0,0,0.0,0,0,0,1,0,1,0,1,0,0,0,12192.0,2,1,1,1,0,0,1,0,8.8,268.5,0,0,0,0,0,1
38300,45.707,-0.685,0,1,1,0,10.095,0.0,0,0,1,0,9.94,0.0,0,0.0,0,0,0,1,0,1,0,1,0,0,0,12192.0,2,1,1,1,0,0,1,0,8.3,270.4,0,0,0,0,0,1
38400,45.639,-0.685,0,1,1,0,10.095,0.0,0,0,1,0,9.94,0.0,0,0.0,0,0,0,1,0,1,0,1,0,0,0,12192.0,2,1,1,1,0,0,1,0,9.1,271.0,0,0,0,0,0,1
38500,45.57,-0.685,0,1,1,0,10.095,0.0,0,0,1,0,9.94,0.0,0,0.0,0,0,0,1,0,1,0,1,0,0,0,12192.0,2,1,1,1,0,0,1,0,8.8,270.4,0,0,0,0,0,1
38600,45.502,-0.685,0,1,1,0,10.095,0.0,0,0,1,0,9.94,0.0,0,0.0,0,0,0,1,0,1,0,1,0,0,0,12192.0,2,1,1,1,0,0,1,0,8.4,269.9,0,0,0,0,0,1
38700,45.433,-0.685,0,1,1,0,10.095,0.0,0,0,1,0,9.94,0.0,0,0.0,0,0,0,1,0,1,0,1,0,0,0,12192.0,2,1,1,1,0,0,1,0,8.3,268.9,0,0,0,0,0,1
38800,45.365,-0.685,0,1,1,0,10.095,0.0,0,0,1,0,9.94,0.0,0,0.0,0,0,0,1,0,1,0,1,0,0,0,12192.0,2,1,1,1,0,0,1,0,8.9,269.6,0,0,0,0,0,1
38900,45.296,-0.685,0,1,1,0,10.095,0.0,0,0,1,0,9.94,0.0,0,0.0,0,0,0,1,0,1,0,1,0,0,0,12192.0,2,1,1,1,0,0,1,0,8.4,271.8,0,0,0,0,0,1
39000,45.228,-0.685,0,1,1,0,10.095,0.0,0,0,1,0,9.94,0.0,0,0.0,0,0,0,1,0,1,0,1,0,0,0,12192.0,2,1,1,1,0,0,1,0,8.5,273.6,0,0,0,0,0,1
39100,45.159,-0.685,0,1,1,0,10.095,0.0,0,0,1,0,9.94,0.0,0,0.0,0,0,0,1,0,1,0,1,0,0,0,12192.0,2,1,1,1,0,0,1,0,8.1,271.1,0,0,0,0,0,1
39200,45.091,-0.685,0,1,1,0,10.095,0.0,0,0,1,0,9.94,0.0,0,0.0,0,0,0,1,0,1,0,1,0,0,0,12192.0,2,1,1,1,0,0,1,0,8.0,270.1,0,0,0,0,0,1
39300,45.023,-0.685,0,1,1,0,10.095,0.0,0,0,1,0,9.94,0.0,0,0.0,0,0,0,1,0,1,0,1,0,0,0,12192.0,2,1,1,1,0,0,1,0,8.9,267.8,0,0,0,0,0,1
39400,44.954,-0.685,0,1,1,0,10.095,0.0,0,0,1,0,9.94,0.0,0,0.0,0,0,0,1,0,1,0,1,0,0,0,12192.0,2,1,1,1,0,0,1,0,8.7,268.6,0,0,0,0,0,1
39500,44.886,-0.685,0,1,1,0,10.095,0.0,0,0,1,0,9.94,0.0,0,0.0,0,0,0,1,0,1,0,1,0,0,0,12192.0,2,1,1,1,0,0,1,0,7.8,271.3,0,0,0,0,0,1
39600,44.817,-0.685,0,1,1,0,10.095,0.0,0,0,1,0,9.94,0.0,0,0.0,0,0,0,1,0,1,0,1,0,0,0,12192.0,2,1,1,1,0,0,1,0,8.2,268.7,0,0,0,0,0,1
39700,44.749,-0.685,0,1,1,0,10.095,0.0,0,0,1,0,9.94,0.0,0,0.0,0,0,0,1,0,1,0,1,0,0,0,12192.0,2,1,1,1,0,0,1,0,8.5,269.2,0,0,0,0,0,1
39800,44.68,-0.685,0,1,1,0,10.095,0.0,0,0,1,0,9.94,0.0,0,0.0,0,0,0,1,0,1,0,1,0,0,0,12192.0,2,1,1,1,0,0,1,0,7.8,270.2,0,0,0,0,0,1
39900,44.612,-0.685,0,1,1,0,10.095,0.0,0,0,1,0,9.94,0.0,0,0.0,0,0,0,1,0,1,0,1,0,0,0,12192.0,2,1,1,1,0,0,1,0,8.2,268.3,0,0,0,0,0,1
40000,44.543,-0.685,0,1,1,0,10.095,0.0,0,0,1,0,9.94,0.0,0,0.0,0,0,0,1,0,1,0,1,0,0,0,12192.0,2,1,1,1,0,0,1,0,8.8,270.2,0,0,0,0,0,1
40100,44.475,-0.685,0,1,1,0,10.095,0.0,0,0,1,0,9.94,0.0,0,0.0,0,0,0,1,0,1,0,1,0,0,0,12192.0,2,1,1,1,0,0,1,0,8.7,268.2,0,0,0,0,0,1
40200,44.406,-0.685,0,1,1,0,10.095,0.0,0,0,1,0,9.94,0.0,0,0.0,0,0,0,1,0,1,0,1,0,0,0,12192.0,2,1,1,1,0,0,1,0,9.5,270.0,0,0,0,0,0,1
40300,44.338,-0.685,0,1,1,0,10.095,0.0,0,0,1,0,9.94,0.0,0,0.0,0,0,0,1,0,1,0,1,0,0,0,12192.0,2,1,1,1,0,0,1,0,7.7,272.0,0,0,0,0,0,1
40400,44.269,-0.685,0,1,1,0,10.095,0.0,0,0,1,0,9.94,0.0,0,0.0,0,0,0,1,0,1,0,1,0,0,0,12192.0,2,1,1,1,0,0,1,0,7.9,268.1,0,0,0,0,0,1
40500,44.201,-0.685,0,1,1,0,10.095,0.0,0,0,1,0,9.94,0.0,0,0.0,0,0,0,1,0,1,0,1,0,0,0,12192.0,2,1,1,1,0,0,1,0,8.4,271.0,0,0,0,0,0,1
40600,44.132,-0.685,0,1,1,0,10.095,0.0,0,0,1,0,9.94,0.0,0,0.0,0,0,0,1,0,1,0,1,0,0,0,12192.0,2,1,1,1,0,0,1,0,6.8,268.1,0,0,0,0,0,1
40700,44.064,-0.685,0,1,1,0,10.095,0.0,0,0,1,0,9.94,0.0,0,0.0,0,0,0,1,0,1,0,1,0,0,0,12192.0,2,1,1,1,0,0,1,0,8.6,268.0,0,0,0,0,0,1
40800,43.995,-0.685,0,1,1,0,10.095,0.0,0,0,1,0,9.94,0.0,0,0.0,0,0,0,1,0,1,0,1,0,0,0,12192.0,2,1,1,1,0,0,1,0,7.5,270.2,0,0,0,0,0,1
40900,43.927,-0.685,0,1,1,0,10.095,0.0,0,0,1,0,9.94,0.0,0,0.0,0,0,0,1,0,1,0,1,0,0,0,12192.0,2,1,1,1,0,0,1,0,7.6,270.1,0,0,0,0,0,1
41000,43.858,-0.685,0,1,1,0,10.095,0.0,0,0,1,0,9.94,0.0,0,0.0,0,0,0,1,0,1,0,1,0,0,0,12192.0,2,1,1,1,0,0,1,0,6.8,266.4,0,0,0,0,0,1
41100,43.79,-0.685,0,1,1,0,10.095,0.0,0,0,1,0,9.94,0.0,0,0.0,0,0,0,1,0,1,0,1,0,0,0,12192.0,2,1,1,1,0,0,1,0,8.1,269.5,0,0,0,0,0,1
41200,43.722,-0.685,0,1,1,0,10.095,0.0,0,0,1,0,9.94,0.0,0,0.0,0,0,0,1,0,1,0,1,0,0,0,12192.0,2,1,1,1,0,0,1,0,6.5,271.9,0,0,0,0,0,1
41300,43.653,-0.685,0,1,1,0,10.095,0.0,0,0,1,0,9.94,0.0,0,0.0,0,0,0,1,0,1,0,1,0,0,0,12192.0,2,1,1,1,0,0,1,0,7.5,277.1,0,0,0,0,0,1
41400,43.585,-0.685,0,1,1,0,10.095,0.0,0,0,1,0,9.94,0.0,0,0.0,0,0,0,1,0,1,0,1,0,0,0,12192.0,2,1,1,1,0,0,1,0,8.3,271.0,0,0,0,0,0,1
41500,43.516,-0.685,0,1,1,0,10.095,0.0,0,0,1,0,9.94,0.0,0,0.0,0,0,0,1,0,1,0,1,0,0,0,12192.0,2,1,1,1,0,0,1,0,7.3,274.3,0,0,0,0,0,1
41600,43.448,-0.685,0,1,1,0,10.095,0.0,0,0,1,0,9.94,0.0,0,0.0,0,0,0,1,0,1,0,1,0,0,0,12192.0,2,1,1,1,0,0,1,0,7.1,272.1,0,0,0,0,0,1
41700,43.379,-0.685,0,1,1,0,10.095,0.0,0,0,1,0,9.94,0.0,0,0.0,0,0,0,1,0,1,0,1,0,0,0,12192.0,2,1,1,1,0,0,1,0,7.2,267.5,0,0,0,0,0,1
41800,43.311,-0.685,0,1,1,0,10.095,0.0,0,0,1,0,9.94,0.0,0,0.0,0,0,0,1,0,1,0,1,0,0,0,12192.0,2,1,1,1,0,0,1,0,8.0,267.8,0,0,0,0,0,1
41900,43.242,-0.685,0,1,1,0,10.095,0.0,0,0,1,0,9.94,0.0,0,0.0,0,0,0,1,0,1,0,1,0,0,0,12192.0,2,1,1,1,0,0,1,0,7.3,274.4,0,0,0,0,0,1
42000,43.174,-0.685,0,1,1,0,10.095,0.0,0,0,1,0,9.94,0.0,0,0.0,0,0,0,1,0,1,0,1,0,0,0,12192.0,2,1,1,1,0,0,1,0,7.2,270.8,0,0,0,0,0,1
42100,43.105,-0.685,0,1,1,0,10.095,0.0,0,0,1,0,9.94,0.0,0,0.0,0,0,0,1,0,1,0,1,0,0,0,12192.0,2,1,1,1,0,0,1,0,7.3,270.8,0,0,0,0,0,1
42200,43.037,-0.685,0,1,1,0,10.095,0.0,0,0,1,0,9.94,0.0,0,0.0,0,0,0,1,0,1,0,1,0,0,0,12192.0,2,1,1,1,0,0,1,0,7.4,270.9,0,0,0,0,0,1
42300,42.968,-0.685,0,1,1,0,10.095,0.0,0,0,1,0,9.94,0.0,0,0.0,0,0,0,1,0,1,0,1,0,0,0,12192.0,2,1,1,1,0,0,1,0,8.1,272.9,0,0,0,0,0,1
42400,42.9,-0.685,0,1,1,0,10.095,0.0,0,0,1,0,9.94,0.0,0,0.0,0,0,0,1,0,1,0,1,0,0,0,12192.0,2,1,1,1,0,0,1,0,6.9,268.5,0,0,0,0,0,1
42500,42.831,-0.685,0,1,1,0,10.095,0.0,0,0,1,0,9.94,0.0,0,0.0,0,0,0,1,0,1,0,1,0,0,0,12192.0,2,1,1,1,0,0,1,0,7.1,272.6,0,0,0,0,0,1
42600,42.763,-0.685,0,1,1,0,10.095,0.0,0,0,1,0,9.94,0.0,0,0.0,0,0,0,1,0,1,0,1,0,0,0,12192.0,2,1,1,1,0,0,1,0,7.1,268.6,0,0,0,0,0,1
42700,42.694,-0.685,0,1,1,0,10.095,0.0,0,0,1,0,9.94,0.0,0,0.0,0,0,0,1,0,1,0,1,0,0,0,12192.0,2,1,1,1,0,0,1,0,7.6,272.0,0,0,0,0,0,1
42800,42.626,-0.685,0,1,1,0,10.095,0.0,0,0,1,0,9.94,0.0,0,0.0,0,0,0,1,0,1,0,1,0,0,0,12192.0,2,1,1,1,0,0,1,0,7.1,272.2,0,0,0,0,0,1
42900,42.557,-0.685,0,1,1,0,10.095,0.0,0,0,1,0,9.94,0.0,0,0.0,0,0,0,1,0,1,0,1,0,0,0,12192.0,2,1,1,1,0,0,1,0,7.1,270.1,0,0,0,0,0,1
43000,42.489,-0.685,0,1,1,0,10.095,0.0,0,0,1,0,9.94,0.0,0,0.0,0,0,0,1,0,1,0,1,0,0,0,12192.0,2,1,1,1,0,0,1,0,7.3,275.5,0,0,0,0,0,1
43100,42.42,-0.685,0,1,1,0,10.095,0.0,0,0,1,0,9.94,0.0,0,0.0,0,0,0,1,0,1,0,1,0,0,0,12192.0,2,1,1,1,0,0,1,0,7.2,267.7,0,0,0,0,0,1
43200,42.352,-0.685,0,1,1,0,10.095,0.0,0,0,1,0,9.94,0.0,0,0.0,0,0,0,1,0,1,0,1,0,0,0,12192.0,2,1,1,1,0,0,1,0,7.2,271.1,0,0,0,0,0,1
43300,42.284,-0.685,0,1,1,0,10.095,0.0,0,0,1,0,9.94,0.0,0,0.0,0,0,0,1,0,1,0,1,0,0,0,12192.0,2,1,1,1,0,0,1,0,7.8,272.8,0,0,0,0,0,1
43400,42.215,-0.685,0,1,1,0,10.095,0.0,0,0,1,0,9.94,0.0,0,0.0,0,0,0,1,0,1,0,1,0,0,0,12192.0,2,1,1,1,0,0,1,0,7.9,274.0,0,0,0,0,0,1
43500,42.147,-0.685,0,1,1,0,10.095,0.0,0,0,1,0,9.94,0.0,0,0.0,0,0,0,1,0,1,0,1,0,0,0,12192.0,2,1,1,1,0,0,1,0,7.2,275.0,0,0,0,0,0,1
43600,42.078,-0.685,0,1,1,0,10.095,0.0,0,0,1,0,9.94,0.0,0,0.0,0,0,0,1,0,1,0,1,0,0,0,12192.0,2,1,1,1,0,0,1,0,8.0,272.0,0,0,0,0,0,1
43700,42.01,-0.685,0,1,1,0,10.095,0.0,0,0,1,0,9.94,0.0,0,0.0,0,0,0,1,0,1,0,1,0,0,0,12192.0,2,1,1,1,0,0,1,0,7.8,268.8,0,0,0,0,0,1
43800,41.941,-0.685,0,1,1,0,10.095,0.0,0,0,1,0,9.94,0.0,0,0.0,0,0,0,1,0,1,0,1,0,0,0,12192.0,2,1,1,1,0,0,1,0,8.0,268.8,0,0,0,0,0,1
43900,41.873,-0.685,0,1,1,0,10.095,0.0,0,0,1,0,9.94,0.0,0,0.0,0,0,0,1,0,1,0,1,0,0,0,12192.0,2,1,1,1,0,0,1,0,8.2,271.9,0,0,0,0,0,1
44000,41.804,-0.685,0,1,1,0,10.095,0.0,0,0,1,0,9.94,0.0,0,0.0,0,0,0,1,0,1,0,1,0,0,0,12192.0,2,1,1,1,0,0,1,0,7.6,270.6,0,0,0,0,0,1
44100,41.736,-0.685,0,1,1,0,10.095,0.0,0,0,1,0,9.94,0.0,0,0.0,0,0,0,1,0,1,0,1,0,0,0,12192.0,2,1,1,1,0,0,1,0,7.1,271.5,0,0,0,0,0,1
44200,41.667,-0.685,0,1,1,0,10.095,0.0,0,0,1,0,9.94,0.0,0,0.0,0,0,0,1,0,1,0,1,0,0,0,12192.0,2,1,1,1,0,0,1,0,7.9,267.3,0,0,0,0,0,1
44300,41.599,-0.685,0,1,1,0,10.095,0.0,0,0,1,0,9.94,0.0,0,0.0,0,0,0,1,0,1,0,1,0,0,0,12192.0,2,1,1,1,0,0,1,0,7.9,268.8,0,0,0,0,0,1
44400,41.53,-0.685,0,1,1,0,10.095,0.0,0,0,1,0,9.94,0.0,0,0.0,0,0,0,1,0,1,0,1,0,0,0,12192.0,2,1,1,1,0,0,1,0,7.6,263.8,0,0,0,0,0,1
44500,41.462,-0.685,0,1,1,0,10.095,0.0,0,0,1,0,9.94,0.0,0,0.0,0,0,0,1,0,1,0,1,0,0,0,12192.0,2,1,1,1,0,0,1,0,7.8,269.0,0,0,0,0,0,1
44600,41.393,-0.685,0,1,1,0,10.095,0.0,0,0,1,0,9.94,0.0,0,0.0,0,0,0,1,0,1,0,1,0,0,0,12192.0,2,1,1,1,0,0,1,0,8.4,273.1,0,0,0,0,0,1
44700,41.325,-0.685,0,1,1,0,10.095,0.0,0,0,1,0,9.94,0.0,0,0.0,0,0,0,1,0,1,0,1,0,0,0,12192.0,2,1,1,1,0,0,1,0,8.9,269.1,0,0,0,0,0,1
44800,41.256,-0.685,0,1,1,0,10.095,0.0,0,0,1,0,9.94,0.0,0,0.0,0,0,0,1,0,1,0,1,0,0,0,12192.0,2,1,1,1,0,0,1,0,8.0,273.4,0,0,0,0,0,1
44900,41.188,-0.685,0,1,1,0,10.095,0.0,0,0,1,0,9.94,0.0,0,0.0,0,0,0,1,0,1,0,1,0,0,0,12192.0,2,1,1,1,0,0,1,0,7.2,269.9,0,0,0,0,0,1
45000,41.119,-0.685,0,1,1,0,10.095,0.0,0,0,1,0,9.94,0.0,0,0.0,0,0,0,1,0,1,0,1,0,0,0,12192.0,2,1,1,1,0,0,1,0,8.2,274.4,0,0,0,0,0,1
45100,41.051,-0.685,0,1,1,0,10.095,0.0,0,0,1,0,9.94,0.0,0,0.0,0,0,0,1,0,1,0,1,0,0,0,12192.0,2,1,1,1,0,0,1,0,8.3,274.1,0,0,0,0,0,1
45200,40.983,-0.685,0,1,1,0,10.095,0.0,0,0,1,0,9.94,0.0,0,0.0,0,0,0,1,0,1,0,1,0,0,0,12192.0,2,1,1,1,0,0,1,0,8.1,269.4,0,0,0,0,0,1
45300,40.914,-0.685,0,1,1,0,10.095,0.0,0,0,1,0,9.94,0.0,0,0.0,0,0,0,1,0,1,0,1,0,0,0,12192.0,2,1,1,1,0,0,1,0,7.9,270.9,0,0,0,0,0,1
45400,40.846,-0.685,0,1,1,0,10.095,0.0,0,0,1,0,9.94,0.0,0,0.0,0,0,0,1,0,1,0,1,0,0,0,12192.0,2,1,1,1,0,0,1,0,8.9,271.5,0,0,0,0,0,1
45500,40.777,-0.685,0,1,1,0,10.095,0.0,0,0,1,0,9.94,0.0,0,0.0,0,0,0,1,0,1,0,1,0,0,0,12192.0,2,1,1,1,0,0,1,0,8.2,273.7,0,0,0,0,0,1
45600,40.709,-0.685,0,1,1,0,10.095,0.0,0,0,1,0,9.94,0.0,0,0.0,0,0,0,1,0,1,0,1,0,0,0,12192.0,2,1,1,1,0,0,1,0,8.1,267.4,0,0,0,0,0,1
45700,40.64,-0.685,0,1,1,0,10.095,0.0,0,0,1,0,9.94,0.0,0,0.0,0,0,0,1,0,1,0,1,0,0,0,12192.0,2,1,1,1,0,0,1,0,8.3,271.6,0,0,0,0,0,1
45800,40.572,-0.685,0,1,1,0,10.095,0.0,0,0,1,0,9.94,0.0,0,0.0,0,0,0,1,0,1,0,1,0,0,0,12192.0,2,1,1,1,0,0,1,0,7.9,271.3,0,0,0,0,0,1
45900,40.503,-0.685,0,1,1,0,10.095,0.0,0,0,1,0,9.94,0.0,0,0.0,0,0,0,1,0,1,0,1,0,0,0,12192.0,2,1,1,1,0,0,1,0,8.7,269.1,0,0,0,0,0,1
46000,40.435,-0.685,0,1,1,0,10.095,0.0,0,0,1,0,9.94,0.0,0,0.0,0,0,0,1,0,1,0,1,0,0,0,12192.0,2,1,1,1,0,0,1,0,8.3,271.1,0,0,0,0,0,1
46100,40.366,-0.685,0,1,1,0,10.095,0.0,0,0,1,0,9.94,0.0,0,0.0,0,0,0,1,0,1,0,1,0,0,0,12192.0,2,1,1,1,0,0,1,0,8.6,272.3,0,0,0,0,0,1
46200,40.298,-0.685,0,1,1,0,10.095,0.0,0,0,1,0,9.94,0.0,0,0.0,0,0,0,1,0,1,0,1,0,0,0,12192.0,2,1,1,1,0,0,1,0,9.1,269.0,0,0,0,0,0,1
46300,40.229,-0.685,0,1,1,0,10.095,0.0,0,0,1,0,9.94,0.0,0,0.0,0,0,0,1,0,1,0,1,0,0,0,12192.0,2,1,1,1,0,0,1,0,8.4,268.4,0,0,0,0,0,1
46400,40.161,-0.685,0,1,1,0,10.095,0.0,0,0,1,0,9.94,0.0,0,0.0,0,0,0,1,0,1,0,1,0,0,0,12192.0,2,1,1,1,0,0,1,0,8.7,268.4,0,0,0,0,0,1
46500,40.092,-0.685,0,1,1,0,10.095,0.0,0,0,1,0,9.94,0.0,0,0.0,0,0,0,1,0,1,0,1,0,0,0,12192.0,2,1,1,1,0,0,1,0,9.3,268.0,0,0,0,0,0,1
46600,40.024,-0.685,0,1,1,0,10.095,0.0,0,0,1,0,9.94,0.0,0,0.0,0,0,0,1,0,1,0,1,0,0,0,12192.0,2,1,1,1,0,0,1,0,8.9,264.5,0,0,0,0,0,1
46700,39.955,-0.685,0,1,1,0,10.095,0.0,0,0,1,0,9.94,0.0,0,0.0,0,0,0,1,0,1,0,1,0,0,0,12192.0,2,1,1,1,0,0,1,0,8.4,266.9,0,0,0,0,0,1
46800,39.887,-0.685,0,1,1,0,10.095,0.0,0,0,1,0,9.94,0.0,0,0.0,0,0,0,1,0,1,0,1,0,0,0,12192.0,2,1,1,1,0,0,1,0,8.6,269.1,0,0,0,0,0,1
46900,39.818,-0.685,0,1,1,0,10.095,0.0,0,0,1,0,9.94,0.0,0,0.0,0,0,0,1,0,1,0,1,0,0,0,12192.0,2,1,1,1,0,0,1,0,9.1,270.2,0,0,0,0,0,1
47000,39.75,-0.685,0,1,1,0,10.095,0.0,0,0,1,0,9.94,0.0,0,0.0,0,0,0,1,0,1,0,1,0,0,0,12192.0,2,1,1,1,0,0,1,0,8.8,265.2,0,0,0,0,0,1
47100,39.682,-0.685,0,1,1,0,10.095,0.0,0,0,1,0,9.94,0.0,0,0.0,0,0,0,1,0,1,0,1,0,0,0,12192.0,2,1,1,1,0,0,1,0,8.7,267.5,0,0,0,0,0,1
47200,39.613,-0.685,0,1,1,0,10.095,0.0,0,0,1,0,9.94,0.0,0,0.0,0,0,0,1,0,1,0,1,0,0,0,12192.0,2,1,1,1,0,0,1,0,7.7,268.1,0,0,0,0,0,1
47300,39.545,-0.685,0,1,1,0,10.095,0.0,0,0,1,0,9.94,0.0,0,0.0,0,0,0,1,0,1,0,1,0,0,0,12192.0,2,1,1,1,0,0,1,0,8.7,269.1,0,0,0,0,0,1
47400,39.478,-0.67,0,1,1,0,10.095,0.0,0,0,1,0,9.94,0.0,0,0.0,0,0,0,1,0,1,0,1,0,0,0,12192.0,2,1,1,1,0,0,1,0,8.4,267.9,0,0,0,0,0,1
47500,39.412,-0.655,0,1,1,0,10.095,0.0,0,0,1,0,9.94,0.0,0,0.0,0,0,0,1,0,1,0,1,0,0,0,12192.0,2,1,1,1,0,0,1,0,9.3,268.3,0,0,0,0,0,1
47600,39.348,-0.641,0,1,1,0,10.095,0.0,0,0,1,0,9.94,0.0,0,0.0,0,0,0,1,0,1,0,1,0,0,0,12192.0,2,1,1,1,0,0,1,0,9.0,270.0,0,0,0,0,0,1
47700,39.285,-0.626,0,1,1,0,10.095,0.0,0,0,1,0,9.94,0.0,0,0.0,0,0,0,1,0,1,0,1,0,0,0,12192.0,2,1,1,1,0,0,1,0,8.6,270.9,0,0,0,0,0,1
47800,39.224,-0.611,0,1,1,0,10.095,0.0,0,0,1,0,9.94,0.0,0,0.0,0,0,0,1,0,1,0,1,0,0,0,12192.0,2,1,1,1,0,0,1,0,9.5,267.9,0,0,0,0,0,1
47900,39.165,-0.596,0,1,1,0,10.095,0.0,0,0,1,0,9.94,0.0,0,0.0,0,0,0,1,0,1,0,1,0,0,0,12192.0,2,1,1,1,0,0,1,0,8.5,267.7,0,0,0,0,0,1
48000,39.106,-0.582,0,1,1,0,10.095,0.0,0,0,1,0,9.94,0.0,0,0.0,0,0,0,1,0,1,0,1,0,0,0,12192.0,2,1,1,1,0,0,1,0,9.0,269.6,0,0,0,0,0,1
48100,39.05,-0.567,0,1,1,0,10.095,0.0,0,0,1,0,9.94,0.0,0,0.0,0,0,0,1,0,1,0,1,0,0,0,12192.0,2,1,1,1,0,0,1,0,8.2,267.7,0,0,0,0,0,1
48200,38.995,-0.552,0,1,1,0,10.095,0.0,0,0,1,0,9.94,0.0,0,0.0,0,0,0,1,0,1,0,1,0,0,0,12192.0,2,1,1,1,0,0,1,0,8.1,273.3,0,0,0,0,0,1
48300,38.941,-0.537,0,1,1,0,10.095,0.0,0,0,1,0,9.94,0.0,0,0.0,0,0,0,1,0,1,0,1,0,0,0,12192.0,2,1,1,1,0,0,1,0,8.5,272.3,0,0,0,0,0,1
48400,38.889,-0.523,0,1,1,0,10.095,0.0,0,0,1,0,9.94,0.0,0,0.0,0,0,0,1,0,1,0,1,0,0,0,12192.0,2,1,1,1,0,0,1,0,8.5,271.0,0,0,0,0,0,1
48500,38.838,-0.508,0,1,1,0,10.095,0.0,0,0,1,0,9.94,0.0,0,0.0,0,0,0,1,0,1,0,1,0,0,0,12192.0,2,1,1,1,0,0,1,0,8.5,267.9,0,0,0,0,0,1
48600,38.788,-0.493,0,1,1,0,10.095,0.0,0,0,1,0,9.94,0.0,0,0.0,0,0,0,1,0,1,0,1,0,0,0,12192.0,2,1,1,1,0,0,1,0,8.1,268.6,0,0,0,0,0,1
48700,38.741,-0.479,0,1,1,0,10.095,0.0,0,0,1,0,9.94,0.0,0,0.0,0,0,0,1,0,1,0,1,0,0,0,12192.0,2,1,1,1,0,0,1,0,8.7,267.4,0,0,0,0,0,1
48800,38.694,-0.464,0,1,1,0,10.095,0.0,0,0,1,0,9.94,0.0,0,0.0,0,0,0,1,0,1,0,1,0,0,0,12192.0,2,1,1,1,0,0,1,0,9.0,269.6,0,0,0,0,0,1
48900,38.649,-0.449,0,1,1,0,10.095,0.0,0,0,1,0,9.94,0.0,0,0.0,0,0,0,1,0,1,0,1,0,0,0,12192.0,2,1,1,1,0,0,1,0,7.6,270.1,0,0,0,0,0,1
49000,38.606,-0.434,0,1,1,0,10.095,0.0,0,0,1,0,9.94,0.0,0,0.0,0,0,0,1,0,1,0,1,0,0,0,12192.0,2,1,1,1,0,0,1,0,8.0,265.0,0,0,0,0,0,1
49100,38.564,-0.42,0,1,1,0,10.095,0.0,0,0,1,0,9.94,0.0,0,0.0,0,0,0,1,0,1,0,1,0,0,0,12192.0,2,1,1,1,0,0,1,0,7.8,268.8,0,0,0,0,0,1
49200,38.523,-0.405,0,1,1,0,10.095,0.0,0,0,1,0,9.94,0.0,0,0.0,0,0,0,1,0,1,0,1,0,0,0,12192.0,2,1,1,1,0,0,1,0,8.6,266.1,0,0,0,0,0,1
49300,38.484,-0.39,0,1,1,0,10.095,0.0,0,0,1,0,9.94,0.0,0,0.0,0,0,0,1,0,1,0,1,0,0,0,12192.0,2,1,1,1,0,0,1,0,9.2,268.7,0,0,0,0,0,1
49400,38.447,-0.376,0,1,1,0,10.095,0.0,0,0,1,0,9.94,0.0,0,0.0,0,0,0,1,0,1,0,1,0,0,0,12192.0,2,1,1,1,0,0,1,0,7.7,267.2,0,0,0,0,0,1
49500,38.411,-0.361,0,1,1,0,10.095,0.0,0,0,1,0,9.94,0.0,0,0.0,0,0,0,1,0,1,0,1,0,0,0,12192.0,2,1,1,1,0,0,1,0,8.3,270.2,0,0,0,0,0,1
49600,38.376,-0.346,0,1,1,0,10.095,0.0,0,0,1,0,9.94,0.0,0,0.0,0,0,0,1,0,1,0,1,0,0,0,12192.0,2,1,1,1,0,0,1,0,7.8,266.3,0,0,0,0,0,1
49700,38.343,-0.331,0,1,1,0,10.095,0.0,0,0,1,0,9.94,0.0,0,0.0,0,0,0,1,0,1,0,1,0,0,0,12192.0,2,1,1,1,0,0,1,0,8.0,272.3,0,0,0,0,0,1
49800,38.312,-0.315,0,1,1,0,10.095,0.0,0,0,1,0,9.94,0.0,0,0.0,0,0,0,1,0,1,0,1,0,0,0,12192.0,2,1,1,1,0,0,1,0,8.5,269.5,0,0,0,0,0,1
49900,38.282,-0.3,0,1,1,0,10.095,0.0,0,0,1,0,9.94,0.0,0,0.0,0,0,0,1,0,1,0,1,0,0,0,12192.0,2,1,1,1,0,0,1,0,7.5,271.8,0,0,0,0,0,1
50000,38.253,-0.285,0,1,1,0,10.095,0.0,0,0,1,0,9.94,0.0,0,0.0,0,0,0,1,0,1,0,1,0,0,0,12192.0,2,1,1,1,0,0,1,0,7.8,269.7,0,0,0,0,0,1
50100,38.226,-0.27,0,1,1,0,10.095,0.0,0,0,1,0,9.94,0.0,0,0.0,0,0,0,1,0,1,0,1,0,0,0,12192.0,2,1,1,1,0,0,1,0,7.7,272.8,0,0,0,0,0,1
50200,38.2,-0.255,0,1,1,0,10.095,0.0,0,0,1,0,9.94,0.0,0,0.0,0,0,0,1,0,1,0,1,0,0,0,12192.0,2,1,1,1,0,0,1,0,7.8,267.1,0,0,0,0,0,1
50300,38.176,-0.24,0,1,1,0,10.095,0.0,0,0,1,0,9.94,0.0,0,0.0,0,0,0,1,0,1,0,1,0,0,0,12192.0,2,1,1,1,0,0,1,0,7.8,267.8,0,0,0,0,0,1
50400,38.154,-0.225,0,1,1,0,10.095,0.0,0,0,1,0,9.94,0.0,0,0.0,0,0,0,1,0,1,0,1,0,0,0,12192.0,2,1,1,1,0,0,1,0,7.7,272.8,0,0,0,0,0,1
50500,38.133,-0.209,0,1,1,0,10.095,0.0,0,0,1,0,9.94,0.0,0,0.0,0,0,0,1,0,1,0,1,0,0,0,12192.0,2,1,1,1,0,0,1,0,6.8,269.1,0,0,0,0,0,1
50600,38.114,-0.194,0,1,1,0,10.095,0.0,0,0,1,0,9.94,0.0,0,0.0,0,0,0,1,0,1,0,1,0,0,0,12192.0,2,1,1,1,0,0,1,0,8.6,271.4,0,0,0,0,0,1
50700,38.096,-0.179,0,1,1,0,10.095,0.0,0,0,1,0,9.94,0.0,0,0.0,0,0,0,1,0,1,0,1,0,0,0,12192.0,2,1,1,1,0,0,1,0,8.0,270.8,0,0,0,0,0,1
50800,38.079,-0.163,0,1,1,0,10.095,0.0,0,0,1,0,9.94,0.0,0,0.0,0,0,0,1,0,1,0,1,0,0,0,12192.0,2,1,1,1,0,0,1,0,8.0,272.6,0,0,0,0,0,1
50900,38.065,-0.148,0,1,1,0,10.095,0.0,0,0,1,0,9.94,0.0,0,0.0,0,0,0,1,0,1,0,1,0,0,0,12192.0,2,1,1,1,0,0,1,0,6.9,270.2,0,0,0,0,0,1
51000,38.051,-0.132,0,1,1,0,10.095,0.0,0,0,1,0,9.94,0.0,0,0.0,0,0,0,1,0,1,0,1,0,0,0,12192.0,2,1,1,1,0,0,1,0,7.5,264.2,0,0,0,0,0,1
51100,38.04,-0.117,0,1,1,0,10.095,0.0,0,0,1,0,9.94,0.0,0,0.0,0,0,0,1,0,1,0,1,0,0,0,12192.0,2,1,1,1,0,0,1,0,7.0,266.2,0,0,0,0,0,1
51200,38.03,-0.101,0,1,1,0,10.095,0.0,0,0,1,0,9.94,0.0,0,0.0,0,0,0,1,0,1,0,1,0,0,0,12192.0,2,1,1,1,0,0,1,0,7.0,268.9,0,0,0,0,0,1
51300,38.021,-0.085,0,1,1,0,10.095,0.0,0,0,1,0,9.94,0.0,0,0.0,0,0,0,1,0,1,0,1,0,0,0,12192.0,2,1,1,1,0,0,1,0,7.0,271.8,0,0,0,0,0,1
51400,38.014,-0.069,0,1,1,0,10.095,0.0,0,0,1,0,9.94,0.0,0,0.0,0,0,0,1,0,1,0,1,0,0,0,12192.0,2,1,1,1,0,0,1,0,7.2,273.4,0,0,0,0,0,1
51500,38.009,-0.052,0,1,1,0,10.095,0.0,0,0,1,0,9.94,0.0,0,0.0,0,0,0,1,0,1,0,1,0,0,0,12192.0,2,1,1,1,0,0,1,0,7.4,268.0,0,0,0,0,0,1
51600,38.006,-0.034,0,1,1,0,10.095,0.0,0,0,1,0,9.94,0.0,0,0.0,0,0,0,1,0,1,0,1,0,0,0,12192.0,2,1,1,1,0,0,1,0,6.7,268.7,0,0,0,0,0,1
51700,38.004,-0.019,0,1,1,0,10.089,-0.057,0,1,1,0,9.945,0.05,1,0.0,0,0,1,1,0,1,0,1,0,0,0,12192.0,2,1,1,1,0,0,1,0,7.4,275.0,0,0,0,0,0,1
51800,38.003,0.0,0,0,1,0,10.078,-0.114,0,1,1,0,9.955,0.101,1,0.0,0,0,1,1,0,1,0,1,0,0,0,12192.0,2,1,1,1,0,0,1,0,7.3,269.8,0,0,0,0,0,1
51900,38.003,0.0,0,0,1,0,10.061,-0.171,0,1,1,0,9.97,0.151,1,0.0,0,0,1,1,0,1,0,1,0,0,0,12192.0,2,1,1,1,0,0,1,0,7.5,270.6,0,0,0,0,0,1
52000,38.003,0.0,0,0,1,0,10.038,-0.228,0,1,1,0,9.99,0.201,1,0.0,0,0,1,1,0,1,0,1,0,0,0,12192.0,2,1,1,1,0,0,1,0,7.4,267.1,0,0,0,0,0,1
52100,38.003,0.0,0,0,1,0,10.009,-0.286,0,1,1,0,10.015,0.251,1,0.0,0,0,1,1,0,1,0,1,0,0,0,12192.0,2,1,1,1,0,0,1,0,6.7,270.0,0,0,0,0,0,1
52200,38.003,0.0,0,0,1,0,9.975,-0.343,0,1,1,0,10.046,0.302,1,0.0,0,0,1,1,0,1,0,1,0,0,0,12192.0,2,1,1,1,0,0,1,0,7.5,270.3,0,0,0,0,0,1
52300,38.003,0.0,0,0,1,0,9.935,-0.4,0,1,1,0,10.081,0.352,1,0.0,0,0,1,1,0,1,0,1,0,0,0,12192.0,2,1,1,1,0,0,1,0,7.3,271.6,0,0,0,0,0,1
52400,38.003,0.0,0,0,1,0,9.889,-0.457,0,1,1,0,10.121,0.402,1,0.0,0,0,1,1,0,1,0,1,0,0,0,12192.0,2,1,1,1,0,0,1,0,8.1,269.2,0,0,0,0,0,1
52500,38.003,0.0,0,0,1,0,9.838,-0.514,0,1,1,0,10.166,0.452,1,0.0,0,0,1,1,0,1,0,1,0,0,0,12192.0,2,1,1,1,0,0,1,0,7.6,269.6,0,0,0,0,0,1
52600,38.003,0.0,0,0,1,0,9.781,-0.571,0,1,1,0,10.217,0.503,1,0.0,0,0,1,1,0,1,0,1,0,0,0,12192.0,2,1,1,1,0,0,1,0,7.2,270.9,0,0,0,0,0,1
52700,38.003,0.0,0,0,1,0,9.718,-0.628,0,1,1,0,10.272,0.553,1,0.0,0,0,1,1,0,1,0,1,0,0,0,12192.0,2,1,1,1,0,0,1,0,7.9,270.3,0,0,0,0,0,1
52800,38.003,0.0,0,0,1,0,9.65,-0.685,0,1,1,0,10.332,0.603,1,0.0,0,0,1,1,0,1,0,1,0,0,0,12192.0,2,1,1,1,0,0,1,0,7.7,266.4,0,0,0,0,0,1
52900,38.003,0.0,0,0,1,0,9.575,-0.742,0,1,1,0,10.397,0.654,1,0.0,0,0,1,1,0,1,0,1,0,0,0,12192.0,2,1,1,1,0,0,1,0,7.3,270.4,0,0,0,0,0,1
53000,38.003,0.0,0,0,1,0,9.495,-0.8,0,1,1,0,10.468,0.704,1,0.0,0,0,1,1,0,1,0,1,0,0,0,12192.0,2,1,1,1,0,0,1,0,7.2,270.0,0,0,0,0,0,1
53100,38.003,0.0,0,0,1,0,9.41,-0.857,0,1,1,0,10.543,0.754,1,0.0,0,0,1,1,0,1,0,1,0,0,0,12192.0,2,1,1,1,0,0,1,0,7.5,270.7,0,0,0,0,0,1
53200,38.003,0.0,0,0,1,0,9.318,-0.914,0,1,1,0,10.624,0.804,1,0.0,0,0,1,1,0,1,0,1,0,0,0,12192.0,2,1,1,1,0,0,1,0,7.5,271.0,0,0,0,0,0,1
53300,38.003,0.0,0,0,1,0,9.221,-0.971,0,1,1,0,10.709,0.855,1,0.0,0,0,1,1,0,1,0,1,0,0,0,12192.0,2,1,1,1,0,0,1,0,6.9,268.1,0,0,0,0,0,1
53400,38.003,0.0,0,0,1,0,9.118,-1.028,0,1,1,0,10.8,0.905,1,0.0,0,0,1,1,0,1,0,1,0,0,0,12192.0,2,1,1,1,0,0,1,0,7.7,273.3,0,0,0,0,0,1
53500,38.003,0.0,0,0,1,0,9.01,-1.085,0,1,1,0,10.895,0.955,1,0.0,0,0,1,1,0,1,0,1,0,0,0,12192.0,2,1,1,1,0,0,1,0,8.1,271.7,0,0,0,0,0,1
53600,38.003,0.0,0,0,1,0,8.896,-1.142,0,1,1,0,10.996,1.005,1,0.0,0,0,1,1,0,1,0,1,0,0,0,12192.0,2,1,1,1,0,0,1,0,8.1,268.6,0,0,0,0,0,1
53700,38.003,0.0,0,0,1,0,8.776,-1.199,0,1,1,0,11.101,1.056,1,0.0,0,0,1,1,0,1,0,1,0,0,0,12192.0,2,1,1,1,0,0,1,0,8.1,273.0,0,0,0,0,0,1
53800,38.003,0.0,0,0,1,0,8.65,-1.256,0,1,1,0,11.212,1.106,1,0.0,0,0,1,1,0,1,0,1,0,0,0,12192.0,2,1,1,1,0,0,1,0,7.8,269.7,0,0,0,0,0,1
53900,38.003,0.0,0,0,1,0,8.519,-1.314,0,1,1,0,11.328,1.156,1,0.0,0,0,1,1,0,1,0,1,0,0,0,12192.0,2,1,1,1,0,0,1,0,8.5,273.0,0,0,0,0,0,1
54000,38.003,0.0,0,0,1,0,8.382,-1.371,0,1,1,0,11.448,1.207,1,0.0,0,0,1,1,0,1,0,1,0,0,0,12192.0,2,1,1,1,0,0,1,0,8.4,271.2,0,0,0,0,0,1
54100,38.003,0.0,0,0,1,0,8.239,-1.428,0,1,1,0,11.574,1.257,1,0.0,0,0,1,1,0,1,0,1,0,0,0,12192.0,2,1,1,1,0,0,1,0,8.7,269.3,0,0,0,0,0,1
54200,38.003,0.0,0,0,1,0,8.09,-1.485,0,1,1,0,11.704,1.302,1,0.0,0,0,1,1,0,1,0,1,0,0,0,12192.0,2,1,1,1,0,0,1,0,7.6,270.2,0,0,0,0,0,1
54300,38.003,0.0,0,0,1,0,7.936,-1.542,0,1,1,0,11.834,1.302,1,0.0,0,0,1,1,0,1,0,1,0,0,0,12192.0,2,1,1,1,0,0,1,0,7.8,269.0,0,0,0,0,0,1
54400,38.003,0.0,0,0,1,0,7.778,-1.583,0,1,1,0,11.96,1.252,1,0.0,0,0,1,1,0,1,0,1,0,0,0,12192.0,2,1,1,1,0,0,1,0,8.0,276.3,0,0,0,0,0,1
54500,38.003,0.0,0,0,1,0,7.625,-1.525,0,1,1,0,12.08,1.202,1,0.0,0,0,1,1,0,1,0,1,0,0,0,12192.0,2,1,1,1,0,0,1,0,8.2,266.5,0,0,0,0,0,1
54600,38.003,0.0,0,0,1,0,7.479,-1.467,0,1,1,0,12.195,1.151,1,0.0,0,0,1,1,0,1,0,1,0,0,0,12192.0,2,1,1,1,0,0,1,0,8.2,273.4,0,0,0,0,0,1
54700,38.003,0.0,0,0,1,0,7.338,-1.408,0,1,1,0,12.305,1.101,1,0.0,0,0,1,1,0,1,0,1,0,0,0,12192.0,2,1,1,1,0,0,1,0,8.5,272.0,0,0,0,0,0,1
54800,38.003,0.0,0,0,1,0,7.203,-1.35,0,1,1,0,12.41,1.051,1,0.0,0,0,1,1,0,1,0,1,0,0,0,12192.0,2,1,1,1,0,0,1,0,8.8,273.1,0,0,0,0,0,1
54900,38.003,0.0,0,0,1,0,7.074,-1.292,0,1,1,0,12.51,1.001,1,0.0,0,0,1,1,0,1,0,1,0,0,0,12192.0,2,1,1,1,0,0,1,0,8.4,272.1,0,0,0,0,0,1
55000,38.003,0.0,0,0,1,0,6.95,-1.233,0,1,1,0,12.605,0.95,1,0.0,0,0,1,1,0,1,0,1,0,0,0,12192.0,2,1,1,1,0,0,1,0,8.4,272.5,0,0,0,0,0,1
55100,38.003,0.0,0,0,1,0,6.833,-1.175,0,1,1,0,12.695,0.9,1,0.0,0,0,1,1,0,1,0,1,0,0,0,12192.0,2,1,1,1,0,0,1,0,8.2,274.7,0,0,0,0,0,1
55200,38.003,0.0,0,0,1,0,6.721,-1.116,0,1,1,0,12.78,0.85,1,0.0,0,0,1,1,0,1,0,1,0,0,0,12192.0,2,1,1,1,0,0,1,0,8.3,270.6,0,0,0,0,0,1
55300,38.003,0.0,0,0,1,0,6.616,-1.058,0,1,1,0,12.86,0.8,1,0.0,0,0,1,1,0,1,0,1,0,0,0,12192.0,2,1,1,1,0,0,1,0,9.0,268.8,0,0,0,0,0,1
55400,38.003,0.0,0,0,1,0,6.516,-0.999,0,1,1,0,12.935,0.749,1,0.0,0,0,1,1,0,1,0,1,0,0,0,12192.0,2,1,1,1,0,0,1,0,8.4,269.8,0,0,0,0,0,1
55500,38.003,0.0,0,0,1,0,6.422,-0.94,0,1,1,0,13.005,0.699,1,0.0,0,0,1,1,0,1,0,1,0,0,0,12192.0,2,1,1,1,0,0,1,0,9.2,268.2,0,0,0,0,0,1
55600,38.003,0.0,0,0,1,0,6.334,-0.881,0,1,1,0,13.07,0.649,1,0.0,0,0,1,1,0,1,0,1,0,0,0,12192.0,2,1,1,1,0,0,1,0,8.0,271.8,0,0,0,0,0,1
55700,38.003,0.0,0,0,1,0,6.251,-0.822,0,1,1,0,13.13,0.597,1,0.0,0,0,1,1,0,1,0,1,0,0,0,12192.0,2,1,1,1,0,0,1,0,8.3,270.3,0,0,0,0,0,1
55800,38.003,0.0,0,0,1,0,6.175,-0.763,0,1,1,0,13.184,0.544,1,0.0,0,0,1,1,0,1,0,1,0,0,0,12192.0,2,1,1,1,0,0,1,0,8.7,269.0,0,0,0,0,0,1
55900,38.003,0.0,0,0,1,0,6.105,-0.703,0,1,1,0,13.233,0.491,1,0.0,0,0,1,1,0,1,0,1,0,0,0,12192.0,2,1,1,1,0,0,1,0,8.4,265.4,0,0,0,0,0,1
56000,38.003,0.0,0,0,1,0,6.04,-0.644,0,1,1,0,13.277,0.438,1,0.0,0,0,1,1,0,1,0,1,0,0,0,12192.0,2,1,1,1,0,0,1,0,8.3,269.9,0,0,0,0,0,1
56100,38.003,0.0,0,0,1,0,5.982,-0.584,0,1,1,0,13.315,0.385,1,0.0,0,0,1,1,0,1,0,1,0,0,0,12192.0,2,1,1,1,0,0,1,0,8.5,270.8,0,0,0,0,0,1
56200,38.003,0.0,0,0,1,0,5.93,-0.524,0,1,1,0,13.348,0.331,1,0.0,0,0,1,1,0,1,0,1,0,0,0,12192.0,2,1,1,1,0,0,1,0,9.7,272.3,0,0,0,0,0,1
56300,38.003,0.0,0,0,1,0,5.883,-0.463,0,1,1,0,13.376,0.276,1,0.0,0,0,1,1,0,1,0,1,0,0,0,12192.0,2,1,1,1,0,0,1,0,8.7,271.7,0,0,0,0,0,1
56400,38.003,0.0,0,0,1,0,5.843,-0.402,0,1,1,0,13.398,0.22,1,0.0,0,0,1,1,0,1,0,1,0,0,0,12192.0,2,1,1,1,0,0,1,0,7.9,272.1,0,0,0,0,0,1
56500,38.003,0.0,0,0,1,0,5.809,-0.34,0,1,1,0,13.414,0.162,1,0.0,0,0,1,1,0,1,0,1,0,0,0,12192.0,2,1,1,1,0,0,1,0,8.7,258.6,0,0,0,0,0,1
56600,38.003,0.0,0,0,1,0,5.781,-0.277,0,1,1,0,13.424,0.1,1,0.0,0,0,1,1,0,1,0,1,0,0,0,12192.0,2,1,1,1,0,0,1,0,8.4,265.1,0,0,0,0,0,1
56700,38.003,0.0,0,0,1,0,5.76,-0.212,0,1,1,0,13.429,0.0,0,0.0,0,0,0,1,0,1,0,1,0,0,0,12192.0,2,1,1,1,0,0,1,0,8.8,271.7,0,0,0,0,0,1
56800,38.003,0.0,0,0,1,0,5.746,-0.144,0,1,1,0,13.429,0.0,0,0.0,0,0,0,1,0,1,0,1,0,0,0,12192.0,2,1,1,1,0,0,1,0,9.5,270.1,0,0,0,0,0,1
56900,38.003,0.0,0,0,1,0,5.739,-0.066,0,1,1,0,13.429,0.0,0,0.0,0,0,0,1,0,1,0,1,0,0,0,12192.0,2,1,1,1,0,0,1,0,8.0,272.7,0,0,0,0,0,1
57000,38.003,0.0,0,0,0,0,5.738,0.0,0,0,0,0,13.429,0.0,0,0.0,0,0,0,0,0,1,0,1,0,0,0,12192.0,2,1,1,0,1,0,1,0,9.3,273.8,0,0,0,0,0,1
57100,38.003,0.0,0,0,1,0,5.738,0.0,0,0,1,0,13.424,-0.05,0,0.0,0,0,1,1,0,1,0,1,0,0,0,12192.0,2,1,1,1,0,0,1,0,7.9,270.2,0,0,0,0,0,1
57200,38.003,0.0,0,0,1,0,5.738,0.0,0,0,1,0,13.414,-0.101,0,0.0,0,0,1,1,0,1,0,1,0,0,0,12192.0,2,1,1,1,0,0,1,0,8.5,274.7,0,0,0,0,0,1
57300,38.003,0.0,0,0,1,0,5.738,0.0,0,0,1,0,13.399,-0.151,0,0.0,0,0,1,1,0,1,0,1,0,0,0,12192.0,2,1,1,1,0,0,1,0,7.9,272.6,0,0,0,0,0,1
57400,38.003,0.0,0,0,1,0,5.738,0.0,0,0,1,0,13.379,-0.201,0,0.0,0,0,1,1,0,1,0,1,0,0,0,12192.0,2,1,1,1,0,0,1,0,8.4,270.0,0,0,0,0,0,1
57500,38.003,0.0,0,0,1,0,5.738,0.0,0,0,1,0,13.354,-0.251,0,0.0,0,0,1,1,0,1,0,1,0,0,0,12192.0,2,1,1,1,0,0,1,0,8.6,271.2,0,0,0,0,0,1
57600,38.003,0.0,0,0,1,0,5.738,0.0,0,0,1,0,13.323,-0.302,0,0.0,0,0,1,1,0,1,0,1,0,0,0,12192.0,2,1,1,1,0,0,1,0,8.9,268.5,0,0,0,0,0,1
57700,38.003,0.0,0,0,1,0,5.738,0.0,0,0,1,0,13.288,-0.352,0,0.0,0,0,1,1,0,1,0,1,0,0,0,12192.0,2,1,1,1,0,0,1,0,8.4,266.5,0,0,0,0,0,1
57800,38.003,0.0,0,0,1,0,5.738,0.0,0,0,1,0,13.248,-0.402,0,0.0,0,0,1,1,0,1,0,1,0,0,0,12192.0,2,1,1,1,0,0,1,0,8.4,270.5,0,0,0,0,0,1
57900,38.003,0.0,0,0,1,0,5.738,0.0,0,0,1,0,13.203,-0.452,0,0.0,0,0,1,1,0,1,0,1,0,0,0,12192.0,2,1,1,1,0,0,1,0,7.8,267.4,0,0,0,0,0,1
58000,38.003,0.0,0,0,1,0,5.738,0.0,0,0,1,0,13.153,-0.503,0,0.0,0,0,1,1,0,1,0,1,0,0,0,12192.0,2,1,1,1,0,0,1,0,7.6,265.0,0,0,0,0,0,1
58100,38.003,0.0,0,0,1,0,5.738,0.0,0,0,1,0,13.097,-0.553,0,0.0,0,0,1,1,0,1,0,1,0,0,0,12192.0,2,1,1,1,0,0,1,0,8.9,272.5,0,0,0,0,0,1
58200,38.003,0.0,0,0,1,0,5.738,0.0,0,0,1,0,13.037,-0.603,0,0.0,0,0,1,1,0,1,0,1,0,0,0,12192.0,2,1,1,1,0,0,1,0,8.4,269.7,0,0,0,0,0,1
58300,38.003,0.0,0,0,1,0,5.738,0.0,0,0,1,0,12.972,-0.654,0,0.0,0,0,1,1,0,1,0,1,0,0,0,12192.0,2,1,1,1,0,0,1,0,7.5,274.0,0,0,0,0,0,1
58400,38.003,0.0,0,0,1,0,5.738,0.0,0,0,1,0,12.901,-0.704,0,0.0,0,0,1,1,0,1,0,1,0,0,0,12192.0,2,1,1,1,0,0,1,0,7.2,272.6,0,0,0,0,0,1
58500,38.003,0.0,0,0,1,0,5.738,0.0,0,0,1,0,12.826,-0.754,0,0.0,0,0,1,1,0,1,0,1,0,0,0,12192.0,2,1,1,1,0,0,1,0,7.9,272.3,0,0,0,0,0,1
58600,38.003,0.0,0,0,1,0,5.738,0.0,0,0,1,0,12.745,-0.804,0,0.0,0,0,1,1,0,1,0,1,0,0,0,12192.0,2,1,1,1,0,0,1,0,8.2,270.2,0,0,0,0,0,1
58700,38.003,0.0,0,0,1,0,5.738,0.0,0,0,1,0,12.66,-0.855,0,0.0,0,0,1,1,0,1,0,1,0,0,0,12192.0,2,1,1,1,0,0,1,0,8.2,271.0,0,0,0,0,0,1
58800,38.003,0.0,0,0,1,0,5.738,0.0,0,0,1,0,12.569,-0.905,0,0.0,0,0,1,1,0,1,0,1,0,0,0,12192.0,2,1,1,1,0,0,1,0,7.3,267.6,0,0,0,0,0,1
58900,38.003,0.0,0,0,1,0,5.738,0.0,0,0,1,0,12.474,-0.955,0,0.0,0,0,1,1,0,1,0,1,0,0,0,12192.0,2,1,1,1,0,0,1,0,7.5,276.3,0,0,0,0,0,1
59000,38.003,0.0,0,0,1,0,5.738,0.0,0,0,1,0,12.373,-1.005,0,0.0,0,0,1,1,0,1,0,1,0,0,0,12192.0,2,1,1,1,0,0,1,0,7.8,264.1,0,0,0,0,0,1
59100,38.003,0.0,0,0,1,0,5.738,0.0,0,0,1,0,12.268,-1.056,0,0.0,0,0,1,1,0,1,0,1,0,0,0,12192.0,2,1,1,1,0,0,1,0,7.6,267.6,0,0,0,0,0,1
59200,38.003,0.0,0,0,1,0,5.738,0.0,0,0,1,0,12.157,-1.106,0,0.0,0,0,1,1,0,1,0,1,0,0,0,12192.0,2,1,1,1,0,0,1,0,7.6,274.0,0,0,0,0,0,1
59300,38.003,0.0,0,0,1,0,5.738,0.0,0,0,1,0,12.041,-1.156,0,0.0,0,0,1,1,0,1,0,1,0,0,0,12192.0,2,1,1,1,0,0,1,0,6.8,270.2,0,0,0,0,0,1
59400,38.003,0.0,0,0,1,0,5.738,0.0,0,0,1,0,11.921,-1.207,0,0.0,0,0,1,1,0,1,0,1,0,0,0,12192.0,2,1,1,1,0,0,1,0,7.9,268.0,0,0,0,0,0,1
59500,38.003,0.0,0,0,1,0,5.738,0.0,0,0,1,0,11.795,-1.257,0,0.0,0,0,1,1,0,1,0,1,0,0,0,12192.0,2,1,1,1,0,0,1,0,7.0,273.4,0,0,0,0,0,1
59600,38.003,0.0,0,0,1,0,5.738,0.0,0,0,1,0,11.665,-1.302,0,0.0,0,0,1,1,0,1,0,1,0,0,0,12192.0,2,1,1,1,0,0,1,0,7.1,273.2,0,0,0,0,0,1
59700,38.003,0.0,0,0,1,0,5.738,0.0,0,0,1,0,11.535,-1.302,0,0.0,0,0,1,1,0,1,0,1,0,0,0,12192.0,2,1,1,1,0,0,1,0,8.1,270.1,0,0,0,0,0,1
59800,38.003,0.0,0,0,1,0,5.738,0.0,0,0,1,0,11.404,-1.302,0,0.0,0,0,1,1,0,1,0,1,0,0,0,12192.0,2,1,1,1,0,0,1,0,8.0,270.4,0,0,0,0,0,1
59900,38.003,0.0,0,0,1,0,5.738,0.0,0,0,1,0,11.274,-1.302,0,0.0,0,0,1,1,0,1,0,1,0,0,0,12192.0,2,1,1,1,0,0,1,0,8.0,269.5,0,0,0,0,0,1
60000,38.003,0.0,0,0,1,0,5.738,0.0,0,0,1,0,11.144,-1.302,0,0.0,0,0,1,1,0,1,0,1,0,0,0,12192.0,2,1,1,1,0,0,1,0,7.9,269.4,0,0,0,0,0,1
60100,38.003,0.0,0,0,1,0,5.738,0.0,0,0,1,0,11.014,-1.302,0,0.0,0,0,1,1,0,1,0,1,0,0,0,12192.0,2,1,1,1,0,0,1,0,6.8,270.8,0,0,0,0,0,1
60200,38.003,0.0,0,0,1,0,5.738,0.0,0,0,1,0,10.884,-1.302,0,0.0,0,0,1,1,0,1,0,1,0,0,0,12192.0,2,1,1,1,0,0,1,0,6.8,272.2,0,0,0,0,0,1
60300,38.003,0.0,0,0,1,0,5.738,0.0,0,0,1,0,10.753,-1.302,0,0.0,0,0,1,1,0,1,0,1,0,0,0,12192.0,2,1,1,1,0,0,1,0,7.4,271.6,0,0,0,0,0,1
60400,38.003,0.0,0,0,1,0,5.738,0.0,0,0,1,0,10.623,-1.302,0,0.0,0,0,1,1,0,1,0,1,0,0,0,12192.0,2,1,1,1,0,0,1,0,7.7,269.7,0,0,0,0,0,1
60500,38.003,0.0,0,0,1,0,5.738,0.0,0,0,1,0,10.493,-1.302,0,0.0,0,0,1,1,0,1,0,1,0,0,0,12192.0,2,1,1,1,0,0,1,0,6.9,270.4,0,0,0,0,0,1
60600,38.003,0.0,0,0,1,0,5.738,0.0,0,0,1,0,10.363,-1.302,0,0.0,0,0,1,1,0,1,0,1,0,0,0,12192.0,2,1,1,1,0,0,1,0,7.5,270.7,0,0,0,0,0,1
60700,38.003,0.0,0,0,1,0,5.738,0.0,0,0,1,0,10.232,-1.302,0,0.0,0,0,1,1,0,1,0,1,0,0,0,12192.0,2,1,1,1,0,0,1,0,7.3,272.9,0,0,0,0,0,1
60800,38.003,0.0,0,0,1,0,5.738,0.0,0,0,1,0,10.102,-1.302,0,0.0,0,0,1,1,0,1,0,1,0,0,0,12192.0,2,1,1,1,0,0,1,0,7.7,269.4,0,0,0,0,0,1
60900,38.003,0.0,0,0,1,0,5.738,0.0,0,0,1,0,9.972,-1.302,0,0.0,0,0,1,1,0,1,0,1,0,0,0,12192.0,2,1,1,1,0,0,1,0,7.7,269.7,0,0,0,0,0,1
61000,38.003,0.0,0,0,1,0,5.738,0.0,0,0,1,0,9.842,-1.302,0,0.0,0,0,1,1,0,1,0,1,0,0,0,12192.0,2,1,1,1,0,0,1,0,7.6,270.3,0,0,0,0,0,1
61100,38.003,0.0,0,0,1,0,5.738,0.0,0,0,1,0,9.711,-1.302,0,0.0,0,0,1,1,0,1,0,1,0,0,0,12192.0,2,1,1,1,0,0,1,0,7.5,268.9,0,0,0,0,0,1
61200,38.003,0.0,0,0,1,0,5.738,0.0,0,0,1,0,9.581,-1.302,0,0.0,0,0,1,1,0,1,0,1,0,0,0,12192.0,2,1,1,1,0,0,1,0,8.0,274.3,0,0,0,0,0,1
61300,38.003,0.0,0,0,1,0,5.738,0.0,0,0,1,0,9.451,-1.302,0,0.0,0,0,1,1,0,1,0,1,0,0,0,12192.0,2,1,1,1,0,0,1,0,7.4,271.5,0,0,0,0,0,1
61400,38.003,0.0,0,0,1,0,5.738,0.0,0,0,1,0,9.321,-1.302,0,0.0,0,0,1,1,0,1,0,1,0,0,0,12192.0,2,1,1,1,0,0,1,0,6.8,266.1,0,0,0,0,0,1
61500,38.003,0.0,0,0,1,0,5.738,0.0,0,0,1,0,9.191,-1.302,0,0.0,0,0,1,1,0,1,0,1,0,0,0,12192.0,2,1,1,1,0,0,1,0,7.4,270.0,0,0,0,0,0,1
61600,38.003,0.0,0,0,1,0,5.738,0.0,0,0,1,0,9.06,-1.302,0,0.0,0,0,1,1,0,1,0,1,0,0,0,12192.0,2,1,1,1,0,0,1,0,8.4,269.2,0,0,0,0,0,1
61700,38.003,0.0,0,0,1,0,5.738,0.0,0,0,1,0,8.93,-1.302,0,0.0,0,0,1,1,0,1,0,1,0,0,0,12192.0,2,1,1,1,0,0,1,0,7.5,268.6,0,0,0,0,0,1
61800,38.003,0.0,0,0,1,0,5.738,0.0,0,0,1,0,8.8,-1.302,0,0.0,0,0,1,1,0,1,0,1,0,0,0,12192.0,2,1,1,1,0,0,1,0,7.8,272.6,0,0,0,0,0,1
61900,38.003,0.0,0,0,1,0,5.738,0.0,0,0,1,0,8.67,-1.302,0,0.0,0,0,1,1,0,1,0,1,0,0,0,12192.0,2,1,1,1,0,0,1,0,8.2,270.0,0,0,0,0,0,1
62000,38.003,0.0,0,0,1,0,5.738,0.0,0,0,1,0,8.539,-1.302,0,0.0,0,0,1,1,0,1,0,1,0,0,0,12192.0,2,1,1,1,0,0,1,0,6.8,270.6,0,0,0,0,0,1
62100,38.003,0.0,0,0,1,0,5.738,0.0,0,0,1,0,8.409,-1.302,0,0.0,0,0,1,1,0,1,0,1,0,0,0,12192.0,2,1,1,1,0,0,1,0,7.7,269.5,0,0,0,0,0,1
62200,38.003,0.0,0,0,1,0,5.738,0.0,0,0,1,0,8.279,-1.302,0,0.0,0,0,1,1,0,1,0,1,0,0,0,12192.0,2,1,1,1,0,0,1,0,7.6,269.2,0,0,0,0,0,1
62300,38.003,0.0,0,0,1,0,5.738,0.0,0,0,1,0,8.149,-1.302,0,0.0,0,0,1,1,0,1,0,1,0,0,0,12192.0,2,1,1,1,0,0,1,0,8.0,271.5,0,0,0,0,0,1
62400,38.003,0.0,0,0,1,0,5.738,0.0,0,0,1,0,8.019,-1.302,0,0.0,0,0,1,1,0,1,0,1,0,0,0,12192.0,2,1,1,1,0,0,1,0,7.7,268.4,0,0,0,0,0,1
62500,38.003,0.0,0,0,1,0,5.738,0.0,0,0,1,0,7.888,-1.302,0,0.0,0,0,1,1,0,1,0,1,0,0,0,12192.0,2,1,1,1,0,0,1,0,8.1,262.5,0,0,0,0,0,1
62600,38.003,0.0,0,0,1,0,5.738,0.0,0,0,1,0,7.758,-1.302,0,0.0,0,0,1,1,0,1,0,1,0,0,0,12192.0,2,1,1,1,0,0,1,0,8.3,269.5,0,0,0,0,0,1
62700,38.003,0.0,0,0,1,0,5.738,0.0,0,0,1,0,7.628,-1.302,0,0.0,0,0,1,1,0,1,0,1,0,0,0,12192.0,2,1,1,1,0,0,1,0,8.3,269.5,0,0,0,0,0,1
62800,38.003,0.0,0,0,1,0,5.738,0.0,0,0,1,0,7.498,-1.302,0,0.0,0,0,1,1,0,1,0,1,0,0,0,12192.0,2,1,1,1,0,0,1,0,8.2,266.5,0,0,0,0,0,1
62900,38.003,0.0,0,0,1,0,5.738,0.0,0,0,1,0,7.367,-1.302,0,0.0,0,0,1,1,0,1,0,1,0,0,0,12192.0,2,1,1,1,0,0,1,0,7.6,267.3,0,0,0,0,0,1
63000,38.003,0.0,0,0,1,0,5.738,0.0,0,0,1,0,7.237,-1.302,0,0.0,0,0,1,1,0,1,0,1,0,0,0,12192.0,2,1,1,1,0,0,1,0,8.8,264.5,0,0,0,0,0,1
63100,38.003,0.0,0,0,1,0,5.738,0.0,0,0,1,0,7.107,-1.302,0,0.0,0,0,1,1,0,1,0,1,0,0,0,12192.0,2,1,1,1,0,0,1,0,7.3,269.0,0,0,0,0,0,1
63200,38.003,0.0,0,0,1,0,5.738,0.0,0,0,1,0,6.977,-1.302,0,0.0,0,0,1,1,0,1,0,1,0,0,0,12192.0,2,1,1,1,0,0,1,0,8.8,272.7,0,0,0,0,0,1
63300,38.003,0.0,0,0,1,0,5.738,0.0,0,0,1,0,6.846,-1.302,0,0.0,0,0,1,1,0,1,0,1,0,0,0,12192.0,2,1,1,1,0,0,1,0,9.0,268.1,0,0,0,0,0,1
63400,38.003,0.0,0,0,1,0,5.738,0.0,0,0,1,0,6.716,-1.302,0,0.0,0,0,1,1,0,1,0,1,0,0,0,12192.0,2,1,1,1,0,0,1,0,8.2,268.9,0,0,0,0,0,1
63500,38.003,0.0,0,0,1,0,5.738,0.0,0,0,1,0,6.586,-1.302,0,0.0,0,0,1,1,0,1,0,1,0,0,0,12192.0,2,1,1,1,0,0,1,0,8.0,268.8,0,0,0,0,0,1
63600,38.003,0.0,0,0,1,0,5.738,0.0,0,0,1,0,6.456,-1.302,0,0.0,0,0,1,1,0,1,0,1,0,0,0,12192.0,2,1,1,1,0,0,1,0,9.0,272.5,0,0,0,0,0,1
63700,38.003,0.0,0,0,1,0,5.738,0.0,0,0,1,0,6.326,-1.302,0,0.0,0,0,1,1,0,1,0,1,0,0,0,12192.0,2,1,1,1,0,0,1,0,8.6,267.1,0,0,0,0,0,1
63800,38.003,0.0,0,0,1,0,5.738,0.0,0,0,1,0,6.195,-1.302,0,0.0,0,0,1,1,0,1,0,1,0,0,0,12192.0,2,1,1,1,0,0,1,0,8.2,270.7,0,0,0,0,0,1
63900,38.003,0.0,0,0,1,0,5.738,0.0,0,0,1,0,6.065,-1.302,0,0.0,0,0,1,1,0,1,0,1,0,0,0,12192.0,2,1,1,1,0,0,1,0,7.7,270.9,0,0,0,0,0,1
64000,38.003,0.0,0,0,1,0,5.738,0.0,0,0,1,0,5.935,-1.302,0,0.0,0,0,1,1,0,1,0,1,0,0,0,12192.0,2,1,1,1,0,0,1,0,9.1,269.3,0,0,0,0,0,1
64100,38.003,0.0,0,0,1,0,5.738,0.0,0,0,1,0,5.805,-1.302,0,0.0,0,0,1,1,0,1,0,1,0,0,0,12192.0,2,1,1,1,0,0,1,0,8.1,274.0,0,0,0,0,0,1
64200,38.003,0.0,0,0,1,0,5.738,0.0,0,0,1,0,5.674,-1.302,0,0.0,0,0,1,1,0,1,0,1,0,0,0,12192.0,2,1,1,1,0,0,1,0,8.7,263.1,0,0,0,0,0,1
64300,38.003,0.0,0,0,1,0,5.738,0.0,0,0,1,0,5.544,-1.302,0,0.0,0,0,1,1,0,1,0,1,0,0,0,12192.0,2,1,1,1,0,0,1,0,8.0,268.5,0,0,0,0,0,1
64400,38.003,0.0,0,0,1,0,5.738,0.0,0,0,1,0,5.414,-1.302,0,0.0,0,0,1,1,0,1,0,1,0,0,0,12192.0,2,1,1,1,0,0,1,0,8.5,271.9,0,0,0,0,0,1
64500,38.003,0.0,0,0,1,0,5.738,0.0,0,0,1,0,5.284,-1.302,0,0.0,0,0,1,1,0,1,0,1,0,0,0,12192.0,2,1,1,1,0,0,1,0,7.7,270.1,0,0,0,0,0,1
64600,38.003,0.0,0,0,1,0,5.738,0.0,0,0,1,0,5.153,-1.302,0,0.0,0,0,1,1,0,1,0,1,0,0,0,12192.0,2,1,1,1,0,0,1,0,8.9,271.6,0,0,0,0,0,1
64700,38.003,0.0,0,0,1,0,5.738,0.0,0,0,1,0,5.023,-1.302,0,0.0,0,0,1,1,0,1,0,1,0,0,0,12192.0,2,1,1,1,0,0,1,0,8.3,268.9,0,0,0,0,0,1
64800,38.003,0.0,0,0,1,0,5.738,0.0,0,0,1,0,4.893,-1.302,0,0.0,0,0,1,1,0,1,0,1,0,0,0,12192.0,2,1,1,1,0,0,1,0,8.3,268.3,0,0,0,0,0,1
64900,38.003,0.0,0,0,1,0,5.738,0.0,0,0,1,0,4.763,-1.302,0,0.0,0,0,1,1,0,1,0,1,0,0,0,12192.0,2,1,1,1,0,0,1,0,9.3,272.6,0,0,0,0,0,1
65000,38.003,0.0,0,0,1,0,5.738,0.0,0,0,1,0,4.633,-1.302,0,0.0,0,0,1,1,0,1,0,1,0,0,0,12192.0,2,1,1,1,0,0,1,0,8.7,269.9,0,0,0,0,0,1
65100,38.003,0.0,0,0,1,0,5.738,0.0,0,0,1,0,4.502,-1.302,0,0.0,0,0,1,1,0,1,0,1,0,0,0,12192.0,2,1,1,1,0,0,1,0,8.7,270.8,0,0,0,0,0,1
65200,38.003,0.0,0,0,1,0,5.738,0.0,0,0,1,0,4.372,-1.302,0,0.0,0,0,1,1,0,1,0,1,0,0,0,12192.0,2,1,1,1,0,0,1,0,9.2,270.3,0,0,0,0,0,1
65300,38.003,0.0,0,0,1,0,5.738,0.0,0,0,1,0,4.242,-1.302,0,0.0,0,0,1,1,0,1,0,1,0,0,0,12192.0,2,1,1,1,0,0,1,0,9.1,270.3,0,0,0,0,0,1
65400,38.003,0.0,0,0,1,0,5.738,0.0,0,0,1,0,4.117,-1.252,0,0.0,0,0,1,1,0,1,0,1,0,0,0,12192.0,2,1,1,1,0,0,1,0,8.6,274.3,0,0,0,0,0,1
65500,38.003,0.0,0,0,1,0,5.738,0.0,0,0,1,0,3.997,-1.202,0,0.0,0,0,1,1,0,1,0,1,0,0,0,12192.0,2,1,1,1,0,0,1,0,8.7,272.9,0,0,0,0,0,1
65600,38.003,0.0,0,0,1,0,5.738,0.0,0,0,1,0,3.881,-1.151,0,0.0,0,0,1,1,0,1,0,1,0,0,0,12192.0,2,1,1,1,0,0,1,0,8.2,272.4,0,0,0,0,0,1
65700,38.003,0.0,0,0,1,0,5.738,0.0,0,0,1,0,3.771,-1.101,0,0.0,0,0,1,1,0,1,0,1,0,0,0,12192.0,2,1,1,1,0,0,1,0,9.7,268.2,0,0,0,0,0,1
65800,38.003,0.0,0,0,1,0,5.738,0.0,0,0,1,0,3.666,-1.051,0,0.0,0,0,1,1,0,1,0,1,0,0,0,12192.0,2,1,1,1,0,0,1,0,7.9,267.4,0,0,0,0,0,1
65900,38.003,0.0,0,0,1,0,5.738,0.0,0,0,1,0,3.566,-1.001,0,0.0,0,0,1,1,0,1,0,1,0,0,0,12192.0,2,1,1,1,0,0,1,0,8.6,266.8,0,0,0,0,0,1
66000,38.003,0.0,0,0,1,0,5.738,0.0,0,0,1,0,3.471,-0.95,0,0.0,0,0,1,1,0,1,0,1,0,0,0,12192.0,2,1,1,1,0,0,1,0,8.7,269.2,0,0,0,0,0,1
66100,38.003,0.0,0,0,1,0,5.738,0.0,0,0,1,0,3.381,-0.9,0,0.0,0,0,1,1,0,1,0,1,0,0,0,12192.0,2,1,1,1,0,0,1,0,8.3,267.5,0,0,0,0,0,1
66200,38.003,0.0,0,0,1,0,5.738,0.0,0,0,1,0,3.296,-0.85,0,0.0,0,0,1,1,0,1,0,1,0,0,0,12192.0,2,1,1,1,0,0,1,0,8.5,270.5,0,0,0,0,0,1
66300,38.003,0.0,0,0,1,0,5.738,0.0,0,0,1,0,3.216,-0.8,0,0.0,0,0,1,1,0,1,0,1,0,0,0,12192.0,2,1,1,1,0,0,1,0,9.3,266.8,0,0,0,0,0,1
66400,38.003,0.0,0,0,1,0,5.738,0.0,0,0,1,0,3.141,-0.749,0,0.0,0,0,1,1,0,1,0,1,0,0,0,12192.0,2,1,1,1,0,0,1,0,8.6,275.4,0,0,0,0,0,1
66500,38.003,0.0,0,0,1,0,5.738,0.0,0,0,1,0,3.066,-0.75,0,0.0,0,0,1,1,0,1,0,1,0,0,0,12192.0,2,1,1,1,0,0,1,0,8.5,269.9,0,0,0,0,0,1
66600,38.003,0.0,0,0,1,0,5.738,0.0,0,0,1,0,2.996,-0.698,0,0.0,0,0,1,1,0,1,0,1,0,0,0,12192.0,2,1,1,1,0,0,1,0,9.0,268.7,0,0,0,0,0,1
66700,38.003,0.0,0,0,1,0,5.738,0.0,0,0,1,0,2.932,-0.646,0,0.0,0,0,1,1,0,1,0,1,0,0,0,12192.0,2,1,1,1,0,0,1,0,8.7,272.0,0,0,0,0,0,1
66800,38.003,0.0,0,0,1,0,5.738,0.0,0,0,1,0,2.873,-0.593,0,0.0,0,0,1,1,0,1,0,1,0,0,0,12192.0,2,1,1,1,0,0,1,0,8.4,274.4,0,0,0,0,0,1
66900,38.003,0.0,0,0,1,0,5.738,0.0,0,0,1,0,2.818,-0.541,0,0.0,0,0,1,1,0,1,0,1,0,0,0,12192.0,2,1,1,1,0,0,1,0,8.4,272.1,0,0,0,0,0,1
67000,38.003,0.0,0,0,1,0,5.738,0.0,0,0,1,0,2.77,-0.488,0,0.0,0,0,1,1,0,1,0,1,0,0,0,12192.0,2,1,1,1,0,0,1,0,8.3,267.7,0,0,0,0,0,1
67100,38.003,0.0,0,0,1,0,5.738,0.0,0,0,1,0,2.726,-0.435,0,0.0,0,0,1,1,0,1,0,1,0,0,0,12192.0,2,1,1,1,0,0,1,0,7.7,269.1,0,0,0,0,0,1
67200,38.003,0.0,0,0,1,0,5.738,0.0,0,0,1,0,2.688,-0.381,0,0.0,0,0,1,1,0,1,0,1,0,0,0,12192.0,2,1,1,1,0,0,1,0,7.7,266.8,0,0,0,0,0,1
67300,38.003,0.0,0,0,1,0,5.738,0.0,0,0,1,0,2.655,-0.327,0,0.0,0,0,1,1,0,1,0,1,0,0,0,12192.0,2,1,1,1,0,0,1,0,7.7,266.1,0,0,0,0,0,1
67400,38.003,0.0,0,0,1,0,5.738,0.0,0,0,1,0,2.628,-0.272,0,0.0,0,0,1,1,0,1,0,1,0,0,0,12192.0,2,1,1,1,0,0,1,0,7.9,272.5,0,0,0,0,0,1
67500,38.003,0.0,0,0,1,0,5.738,0.0,0,0,1,0,2.607,-0.216,0,0.0,0,0,1,1,0,1,0,1,0,0,0,12192.0,2,1,1,1,0,0,1,0,7.7,269.0,0,0,0,0,0,1
67600,38.003,0.0,0,0,1,0,5.738,0.0,0,0,1,0,2.591,-0.158,0,0.0,0,0,1,1,0,1,0,1,0,0,0,12192.0,2,1,1,1,0,0,1,0,8.0,270.4,0,0,0,0,0,1
67700,38.003,0.0,0,0,1,0,5.738,0.0,0,0,1,0,2.581,-0.095,0,0.0,0,0,1,1,0,1,0,1,0,0,0,12192.0,2,1,1,1,0,0,1,0,7.8,268.5,0,0,0,0,0,1
67800,38.003,0.0,0,0,0,0,5.738,0.0,0,0,0,0,2.577,0.0,0,0.0,0,0,0,0,0,1,0,1,0,0,0,12192.0,2,1,1,0,1,0,1,0,8.8,271.0,0,0,0,0,0,1
67900,38.003,0.0,0,0,0,0,5.738,0.0,0,0,0,0,2.577,0.0,0,0.0,0,0,0,0,0,1,0,1,1,1,0,12192.0,2,1,1,0,1,0,1,0,7.6,269.8,0,0,0,0,0,1
68000,38.003,0.0,0,0,0,0,5.738,0.0,0,0,0,0,2.577,0.0,0,0.0,0,0,0,0,0,1,0,1,1,1,0,12192.0,2,1,1,0,1,0,1,0,7.5,265.8,0,0,0,0,0,1
68100,38.003,0.0,0,0,0,0,5.738,0.0,0,0,0,0,2.577,0.0,0,0.0,0,0,0,0,0,1,0,1,1,1,0,12192.0,2,1,1,0,1,0,1,0,7.8,269.6,0,0,0,0,0,1
68200,38.003,0.0,0,0,0,0,5.738,0.0,0,0,0,0,2.577,0.0,0,0.0,0,0,0,0,0,1,0,1,1,1,0,12192.0,2,1,1,0,1,0,1,0,8.2,267.6,0,0,0,0,0,1
68300,38.003,0.0,0,0,0,0,5.738,0.0,0,0,0,0,2.577,0.0,0,0.0,0,0,0,0,0,1,0,1,1,1,0,12192.0,2,1,1,0,1,0,1,0,7.9,272.7,0,0,0,0,0,1
68400,38.003,0.0,0,0,0,0,5.738,0.0,0,0,0,0,2.577,0.0,0,0.0,0,0,0,0,0,1,0,1,1,1,0,12192.0,2,1,1,0,1,0,1,0,7.8,270.6,0,0,0,0,0,1
68500,38.003,0.0,0,0,0,0,5.738,0.0,0,0,0,0,2.577,0.0,0,0.0,0,0,0,0,0,1,0,1,1,1,0,12192.0,2,1,1,0,1,0,1,0,6.6,269.8,0,0,0,0,0,1
68600,38.003,0.0,0,0,0,0,5.738,0.0,0,0,0,0,2.577,0.0,0,0.0,0,0,0,0,0,1,0,1,1,1,0,12192.0,2,1,1,0,1,0,1,0,8.0,270.1,0,0,0,0,0,1
68700,38.003,0.0,0,0,0,0,5.738,0.0,0,0,0,0,2.577,0.0,0,0.0,0,0,0,0,0,1,0,1,1,1,0,12192.0,2,1,1,0,1,0,1,0,7.5,270.4,0,0,0,0,0,1
68800,38.003,0.0,0,0,0,0,5.738,0.0,0,0,0,0,2.577,0.0,0,0.0,0,0,0,0,0,1,0,1,1,1,0,12192.0,2,1,1,0,1,0,1,0,7.2,269.7,0,0,0,0,0,1
68900,38.003,0.0,0,0,0,0,5.738,0.0,0,0,0,0,2.577,0.0,0,31.88,0,0,0,0,0,1,1,0,1,1,0,12192.0,2,1,1,0,1,0,1,0,8.1,269.6,0,0,0,0,0,1
69000,38.003,0.0,0,0,0,0,5.738,0.0,0,0,0,0,2.577,0.0,0,32.28,0,0,0,0,0,1,1,0,1,1,0,12192.0,2,1,1,0,1,0,1,0,7.0,271.2,0,0,0,0,0,1
69100,38.003,0.0,0,0,0,0,5.738,0.0,0,0,0,0,2.577,0.0,0,32.05,0,0,0,0,0,1,1,0,1,1,0,12192.0,2,1,1,0,1,0,1,0,7.7,274.1,0,0,0,0,0,1
69200,38.003,0.0,0,0,0,0,5.738,0.0,0,0,0,0,2.577,0.0,0,31.79,0,0,0,0,0,1,1,0,1,1,0,12192.0,2,1,1,0,1,0,1,0,6.9,266.4,0,0,0,0,0,1
69300,38.003,0.0,0,0,0,0,5.738,0.0,0,0,0,0,2.577,0.0,0,31.88,0,0,0,0,0,1,1,0,1,1,0,12192.0,2,1,1,0,1,0,1,0,7.4,273.1,0,0,0,0,0,1
69400,38.003,0.0,0,0,0,0,5.738,0.0,0,0,0,0,2.577,0.0,0,31.94,0,0,0,0,0,1,1,0,1,1,0,12192.0,2,1,1,0,1,0,1,0,7.4,270.0,0,0,0,0,0,1
69500,38.003,0.0,0,0,0,0,5.738,0.0,0,0,0,0,2.577,0.0,0,32.0,0,0,0,0,0,1,1,0,1,1,0,12192.0,2,1,1,0,1,0,1,0,7.1,270.5,0,0,0,0,0,1
69600,38.003,0.0,0,0,0,0,5.738,0.0,0,0,0,0,2.577,0.0,0,32.03,0,0,0,0,0,1,1,0,1,1,0,12192.0,2,1,1,0,1,0,1,0,8.1,272.1,0,0,0,0,0,1
69700,38.003,0.0,0,0,0,0,5.738,0.0,0,0,0,0,2.577,0.0,0,32.08,0,0,0,0,0,1,1,0,1,1,0,12192.0,2,1,1,0,1,0,1,0,7.6,269.0,0,0,0,0,0,1
69800,38.003,0.0,0,0,0,0,5.738,0.0,0,0,0,0,2.577,0.0,0,32.0,0,0,0,0,0,1,1,0,1,1,0,12192.0,2,1,1,0,1,0,1,0,7.9,270.6,0,0,0,0,0,1
69900,38.003,0.0,0,0,0,0,5.738,0.0,0,0,0,0,2.577,0.0,0,32.16,0,0,0,0,0,1,1,0,1,1,0,12192.0,2,1,1,0,1,0,1,0,7.4,267.3,0,0,0,0,0,1
70000,38.003,0.0,0,0,0,0,5.738,0.0,0,0,0,0,2.577,0.0,0,32.02,0,0,0,0,0,1,1,0,1,1,0,12192.0,2,1,1,0,1,0,1,0,7.2,273.0,0,0,0,0,0,1
70100,38.003,0.0,0,0,0,0,5.738,0.0,0,0,0,0,2.577,0.0,0,31.78,0,0,0,0,0,1,1,0,1,1,0,12192.0,2,1,1,0,1,0,1,0,7.1,270.7,0,0,0,0,0,1
70200,38.003,0.0,0,0,0,0,5.738,0.0,0,0,0,0,2.577,0.0,0,32.11,0,0,0,0,0,1,1,0,1,1,0,12192.0,2,1,1,0,1,0,1,0,7.6,269.4,0,0,0,0,0,1
70300,38.003,0.0,0,0,0,0,5.738,0.0,0,0,0,0,2.577,0.0,0,31.82,0,0,0,0,0,1,1,0,1,1,0,12192.0,2,1,1,0,1,0,1,0,7.4,266.4,0,0,0,0,0,1
70400,38.003,0.0,0,0,1,0,5.738,0.0,0,0,1,0,2.582,0.05,1,33.75,0,0,1,1,0,1,1,0,0,1,0,12192.0,2,1,1,1,0,0,1,0,7.2,270.0,0,0,0,0,0,1
70500,38.003,0.0,0,0,1,0,5.738,0.0,0,0,1,0,2.592,0.101,1,33.69,0,0,1,1,0,1,1,0,0,1,0,12192.0,2,1,1,1,0,0,1,0,7.4,270.8,0,0,0,0,0,1
70600,38.003,0.0,0,0,1,0,5.738,0.0,0,0,1,0,2.607,0.151,1,33.6,0,0,1,1,0,1,1,0,0,1,0,12192.0,2,1,1,1,0,0,1,0,7.1,272.9,0,0,0,0,0,1
70700,38.003,0.0,0,0,1,0,5.738,0.0,0,0,1,0,2.627,0.201,1,33.77,0,0,1,1,0,1,1,0,0,1,0,12192.0,2,1,1,1,0,0,1,0,8.6,267.4,0,0,0,0,0,1
70800,38.003,0.0,0,0,1,0,5.738,0.0,0,0,1,0,2.652,0.251,1,33.64,0,0,1,1,0,1,1,0,0,1,0,12192.0,2,1,1,1,0,0,1,0,7.0,271.1,0,0,0,0,0,1
70900,38.003,0.0,0,0,1,0,5.738,0.0,0,0,1,0,2.682,0.302,1,33.46,0,0,1,1,0,1,1,0,0,1,0,12192.0,2,1,1,1,0,0,1,0,7.1,271.6,0,0,0,0,0,1
71000,38.003,0.0,0,0,1,0,5.738,0.0,0,0,1,0,2.718,0.352,1,33.8,0,0,1,1,0,1,1,0,0,1,0,12192.0,2,1,1,1,0,0,1,0,6.9,269.9,0,0,0,0,0,1
71100,38.003,0.0,0,0,1,0,5.738,0.0,0,0,1,0,2.758,0.402,1,33.73,0,0,1,1,0,1,1,0,0,1,0,12192.0,2,1,1,1,0,0,1,0,7.5,273.6,0,0,0,0,0,1
71200,38.003,0.0,0,0,1,0,5.738,0.0,0,0,1,0,2.803,0.452,1,33.56,0,0,1,1,0,1,1,0,0,1,0,12192.0,2,1,1,1,0,0,1,0,7.5,266.3,0,0,0,0,0,1
71300,38.003,0.0,0,0,1,0,5.738,0.0,0,0,1,0,2.853,0.503,1,33.34,0,0,1,1,0,1,1,0,0,1,0,12192.0,2,1,1,1,0,0,1,0,7.8,272.2,0,0,0,0,0,1
71400,38.003,0.0,0,0,1,0,5.738,0.0,0,0,1,0,2.909,0.553,1,33.71,0,0,1,1,0,1,1,0,0,1,0,12192.0,2,1,1,1,0,0,1,0,8.3,275.2,0,0,0,0,0,1
71500,38.003,0.0,0,0,1,0,5.738,0.0,0,0,1,0,2.969,0.603,1,33.63,0,0,1,1,0,1,1,0,0,1,0,12192.0,2,1,1,1,0,0,1,0,7.2,270.7,0,0,0,0,0,1
71600,38.003,0.0,0,0,1,0,5.738,0.0,0,0,1,0,3.034,0.654,1,33.42,0,0,1,1,0,1,1,0,0,1,0,12192.0,2,1,1,1,0,0,1,0,9.1,267.6,0,0,0,0,0,1
71700,38.003,0.0,0,0,1,0,5.738,0.0,0,0,1,0,3.105,0.704,1,33.7,0,0,1,1,0,1,1,0,0,1,0,12192.0,2,1,1,1,0,0,1,0,7.8,273.3,0,0,0,0,0,1
71800,38.003,0.0,0,0,1,0,5.738,0.0,0,0,1,0,3.18,0.754,1,33.87,0,0,1,1,0,1,1,0,0,1,0,12192.0,2,1,1,1,0,0,1,0,8.3,269.5,0,0,0,0,0,1
71900,38.003,0.0,0,0,1,0,5.738,0.0,0,0,1,0,3.261,0.804,1,33.77,0,0,1,1,0,1,1,0,0,1,0,12192.0,2,1,1,1,0,0,1,0,8.0,271.8,0,0,0,0,0,1
72000,38.003,0.0,0,0,1,0,5.738,0.0,0,0,1,0,3.346,0.855,1,33.65,0,0,1,1,0,1,1,0,0,1,0,12192.0,2,1,1,1,0,0,1,0,7.9,274.4,0,0,0,0,0,1
72100,38.003,0.0,0,0,1,0,5.738,0.0,0,0,1,0,3.437,0.905,1,33.42,0,0,1,1,0,1,1,0,0,1,0,12192.0,2,1,1,1,0,0,1,0,8.2,273.9,0,0,0,0,0,1
72200,38.003,0.0,0,0,1,0,5.738,0.0,0,0,1,0,3.532,0.955,1,33.8,0,0,1,1,0,1,1,0,0,1,0,12192.0,2,1,1,1,0,0,1,0,8.2,269.9,0,0,0,0,0,1
72300,38.003,0.0,0,0,1,0,5.738,0.0,0,0,1,0,3.633,1.005,1,33.51,0,0,1,1,0,1,1,0,0,1,0,12192.0,2,1,1,1,0,0,1,0,7.9,268.9,0,0,0,0,0,1
72400,38.003,0.0,0,0,1,0,5.738,0.0,0,0,1,0,3.738,1.056,1,33.65,0,0,1,1,0,1,1,0,0,1,0,12192.0,2,1,1,1,0,0,1,0,9.2,271.8,0,0,0,0,0,1
72500,38.003,0.0,0,0,1,0,5.738,0.0,0,0,1,0,3.849,1.106,1,33.8,0,0,1,1,0,1,1,0,0,1,0,12192.0,2,1,1,1,0,0,1,0,8.7,269.5,0,0,0,0,0,1
72600,38.003,0.0,0,0,1,0,5.738,0.0,0,0,1,0,3.964,1.156,1,33.74,0,0,1,1,0,1,1,0,0,1,0,12192.0,2,1,1,1,0,0,1,0,8.3,277.2,0,0,0,0,0,1
72700,38.003,0.0,0,0,1,0,5.738,0.0,0,0,1,0,4.085,1.207,1,33.66,0,0,1,1,0,1,1,0,0,1,0,12192.0,2,1,1,1,0,0,1,0,8.7,271.4,0,0,0,0,0,1
72800,38.003,0.0,0,0,1,0,5.738,0.0,0,0,1,0,4.211,1.257,1,33.53,0,0,1,1,0,1,1,0,0,1,0,12192.0,2,1,1,1,0,0,1,0,8.7,268.4,0,0,0,0,0,1
72900,38.003,0.0,0,0,1,0,5.738,0.0,0,0,1,0,4.341,1.302,1,33.6,0,0,1,1,0,1,1,0,0,1,0,12192.0,2,1,1,1,0,0,1,0,8.3,267.8,0,0,0,0,0,1
73000,38.003,0.0,0,0,1,0,5.738,0.0,0,0,1,0,4.471,1.302,1,33.59,0,0,1,1,0,1,1,0,0,1,0,12192.0,2,1,1,1,0,0,1,0,8.4,267.8,0,0,0,0,0,1
73100,38.003,0.0,0,0,1,0,5.738,0.0,0,0,1,0,4.601,1.302,1,33.52,0,0,1,1,0,1,1,0,0,1,0,12192.0,2,1,1,1,0,0,1,0,8.0,266.8,0,0,0,0,0,1
73200,38.003,0.0,0,0,1,0,5.738,0.0,0,0,1,0,4.732,1.302,1,33.73,0,0,1,1,0,1,1,0,0,1,0,12192.0,2,1,1,1,0,0,1,0,9.0,269.2,0,0,0,0,0,1
73300,38.003,0.0,0,0,1,0,5.738,0.0,0,0,1,0,4.862,1.302,1,33.62,0,0,1,1,0,1,1,0,0,1,0,12192.0,2,1,1,1,0,0,1,0,8.0,272.0,0,0,0,0,0,1
73400,38.003,0.0,0,0,1,0,5.738,0.0,0,0,1,0,4.992,1.302,1,33.86,0,0,1,1,0,1,1,0,0,1,0,12192.0,2,1,1,1,0,0,1,0,7.6,268.7,0,0,0,0,0,1
73500,38.003,0.0,0,0,1,0,5.738,0.0,0,0,1,0,5.122,1.302,1,33.57,0,0,1,1,0,1,1,0,0,1,0,12192.0,2,1,1,1,0,0,1,0,8.4,266.9,0,0,0,0,0,1
73600,38.003,0.0,0,0,1,0,5.738,0.0,0,0,1,0,5.253,1.302,1,33.28,0,0,1,1,0,1,1,0,0,1,0,12192.0,2,1,1,1,0,0,1,0,8.4,272.1,0,0,0,0,0,1
73700,38.003,0.0,0,0,1,0,5.738,0.0,0,0,1,0,5.383,1.302,1,33.6,0,0,1,1,0,1,1,0,0,1,0,12192.0,2,1,1,1,0,0,1,0,9.1,267.3,0,0,0,0,0,1
73800,38.003,0.0,0,0,1,0,5.738,0.0,0,0,1,0,5.513,1.302,1,33.61,0,0,1,1,0,1,1,0,0,1,0,12192.0,2,1,1,1,0,0,1,0,9.2,273.8,0,0,0,0,0,1
73900,38.003,0.0,0,0,1,0,5.738,0.0,0,0,1,0,5.643,1.302,1,33.54,0,0,1,1,0,1,1,0,0,1,0,12192.0,2,1,1,1,0,0,1,0,8.9,272.6,0,0,0,0,0,1
74000,38.003,0.0,0,0,1,0,5.738,0.0,0,0,1,0,5.773,1.302,1,33.5,0,0,1,1,0,1,1,0,0,1,0,12192.0,2,1,1,1,0,0,1,0,9.2,268.4,0,0,0,0,0,1
74100,38.003,0.0,0,0,1,0,5.738,0.0,0,0,1,0,5.904,1.302,1,33.8,0,0,1,1,0,1,1,0,0,1,0,12192.0,2,1,1,1,0,0,1,0,9.1,270.4,0,0,0,0,0,1
74200,38.003,0.0,0,0,1,0,5.738,0.0,0,0,1,0,6.034,1.302,1,33.57,0,0,1,1,0,1,1,0,0,1,0,12192.0,2,1,1,1,0,0,1,0,8.3,267.1,0,0,0,0,0,1
74300,38.003,0.0,0,0,1,0,5.738,0.0,0,0,1,0,6.164,1.302,1,33.41,0,0,1,1,0,1,1,0,0,1,0,12192.0,2,1,1,1,0,0,1,0,8.3,265.7,0,0,0,0,0,1
74400,38.003,0.0,0,0,1,0,5.738,0.0,0,0,1,0,6.294,1.302,1,33.43,0,0,1,1,0,1,1,0,0,1,0,12192.0,2,1,1,1,0,0,1,0,8.7,270.5,0,0,0,0,0,1
74500,38.003,0.0,0,0,1,0,5.738,0.0,0,0,1,0,6.425,1.302,1,33.62,0,0,1,1,0,1,1,0,0,1,0,12192.0,2,1,1,1,0,0,1,0,8.4,271.0,0,0,0,0,0,1
74600,38.003,0.0,0,0,1,0,5.738,0.0,0,0,1,0,6.555,1.302,1,33.81,0,0,1,1,0,1,1,0,0,1,0,12192.0,2,1,1,1,0,0,1,0,7.9,272.4,0,0,0,0,0,1
74700,38.003,0.0,0,0,1,0,5.738,0.0,0,0,1,0,6.685,1.302,1,33.52,0,0,1,1,0,1,1,0,0,1,0,12192.0,2,1,1,1,0,0,1,0,8.6,262.6,0,0,0,0,0,1
74800,38.003,0.0,0,0,1,0,5.738,0.0,0,0,1,0,6.815,1.302,1,33.71,0,0,1,1,0,1,1,0,0,1,0,12192.0,2,1,1,1,0,0,1,0,8.2,272.4,0,0,0,0,0,1
74900,38.003,0.0,0,0,1,0,5.738,0.0,0,0,1,0,6.946,1.302,1,33.62,0,0,1,1,0,1,1,0,0,1,0,12192.0,2,1,1,1,0,0,1,0,8.0,270.6,0,0,0,0,0,1
75000,38.003,0.0,0,0,1,0,5.738,0.0,0,0,1,0,7.076,1.302,1,33.66,0,0,1,1,0,1,1,0,0,1,0,12192.0,2,1,1,1,0,0,1,0,8.4,271.4,0,0,0,0,0,1
75100,38.003,0.0,0,0,1,0,5.738,0.0,0,0,1,0,7.206,1.302,1,33.59,0,0,1,1,0,1,1,0,0,1,0,12192.0,2,1,1,1,0,0,1,0,8.4,270.1,0,0,0,0,0,1
75200,38.003,0.0,0,0,1,0,5.738,0.0,0,0,1,0,7.336,1.302,1,33.59,0,0,1,1,0,1,1,0,0,1,0,12192.0,2,1,1,1,0,0,1,0,7.9,269.2,0,0,0,0,0,1
75300,38.003,0.0,0,0,1,0,5.738,0.0,0,0,1,0,7.466,1.302,1,33.65,0,0,1,1,0,1,1,0,0,1,0,12192.0,2,1,1,1,0,0,1,0,8.9,269.1,0,0,0,0,0,1
75400,38.003,0.0,0,0,1,0,5.738,0.0,0,0,1,0,7.597,1.302,1,33.45,0,0,1,1,0,1,1,0,0,1,0,12192.0,2,1,1,1,0,0,1,0,8.7,272.4,0,0,0,0,0,1
75500,38.003,0.0,0,0,1,0,5.738,0.0,0,0,1,0,7.727,1.302,1,33.63,0,0,1,1,0,1,1,0,0,1,0,12192.0,2,1,1,1,0,0,1,0,8.6,268.6,0,0,0,0,0,1
75600,38.003,0.0,0,0,1,0,5.738,0.0,0,0,1,0,7.857,1.302,1,33.91,0,0,1,1,0,1,1,0,0,1,0,12192.0,2,1,1,1,0,0,1,0,7.8,268.7,0,0,0,0,0,1
75700,38.003,0.0,0,0,1,0,5.738,0.0,0,0,1,0,7.987,1.302,1,33.57,0,0,1,1,0,1,1,0,0,1,0,12192.0,2,1,1,1,0,0,1,0,7.3,274.3,0,0,0,0,0,1
75800,38.003,0.0,0,0,1,0,5.738,0.0,0,0,1,0,8.118,1.302,1,33.6,0,0,1,1,0,1,1,0,0,1,0,12192.0,2,1,1,1,0,0,1,0,8.6,273.3,0,0,0,0,0,1
75900,38.003,0.0,0,0,1,0,5.738,0.0,0,0,1,0,8.248,1.302,1,33.7,0,0,1,1,0,1,1,0,0,1,0,12192.0,2,1,1,1,0,0,1,0,7.5,267.6,0,0,0,0,0,1
76000,38.003,0.0,0,0,1,0,5.738,0.0,0,0,1,0,8.378,1.302,1,33.83,0,0,1,1,0,1,1,0,0,1,0,12192.0,2,1,1,1,0,0,1,0,7.8,266.8,0,0,0,0,0,1
76100,38.003,0.0,0,0,1,0,5.738,0.0,0,0,1,0,8.508,1.302,1,33.47,0,0,1,1,0,1,1,0,0,1,0,12192.0,2,1,1,1,0,0,1,0,8.4,267.6,0,0,0,0,0,1
76200,38.003,0.0,0,0,1,0,5.738,0.0,0,0,1,0,8.639,1.302,1,33.57,0,0,1,1,0,1,1,0,0,1,0,12192.0,2,1,1,1,0,0,1,0,8.1,268.6,0,0,0,0,0,1
76300,38.003,0.0,0,0,1,0,5.738,0.0,0,0,1,0,8.769,1.302,1,33.74,0,0,1,1,0,1,1,0,0,1,0,12192.0,2,1,1,1,0,0,1,0,8.0,270.9,0,0,0,0,0,1
76400,38.003,0.0,0,0,1,0,5.738,0.0,0,0,1,0,8.899,1.302,1,33.59,0,0,1,1,0,1,1,0,0,1,0,12192.0,2,1,1,1,0,0,1,0,6.7,268.1,0,0,0,0,0,1
76500,38.003,0.0,0,0,1,0,5.738,0.0,0,0,1,0,9.029,1.302,1,33.49,0,0,1,1,0,1,1,0,0,1,0,12192.0,2,1,1,1,0,0,1,0,8.1,271.4,0,0,0,0,0,1
76600,38.003,0.0,0,0,1,0,5.738,0.0,0,0,1,0,9.159,1.302,1,33.49,0,0,1,1,0,1,1,0,0,1,0,12192.0,2,1,1,1,0,0,1,0,7.4,274.4,0,0,0,0,0,1
76700,38.003,0.0,0,0,1,0,5.738,0.0,0,0,1,0,9.29,1.302,1,33.73,0,0,1,1,0,1,1,0,0,1,0,12192.0,2,1,1,1,0,0,1,0,8.1,271.9,0,0,0,0,0,1
76800,38.003,0.0,0,0,1,0,5.738,0.0,0,0,1,0,9.42,1.302,1,33.58,0,0,1,1,0,1,1,0,0,1,0,12192.0,2,1,1,1,0,0,1,0,8.0,269.1,0,0,0,0,0,1
76900,38.003,0.0,0,0,1,0,5.738,0.0,0,0,1,0,9.55,1.302,1,33.61,0,0,1,1,0,1,1,0,0,1,0,12192.0,2,1,1,1,0,0,1,0,8.0,268.9,0,0,0,0,0,1
77000,38.003,0.0,0,0,1,0,5.738,0.0,0,0,1,0,9.68,1.302,1,33.73,0,0,1,1,0,1,1,0,0,1,0,12192.0,2,1,1,1,0,0,1,0,7.7,270.2,0,0,0,0,0,1
77100,38.003,0.0,0,0,1,0,5.738,0.0,0,0,1,0,9.811,1.302,1,33.81,0,0,1,1,0,1,1,0,0,1,0,12192.0,2,1,1,1,0,0,1,0,8.3,268.1,0,0,0,0,0,1
77200,38.003,0.0,0,0,1,0,5.738,0.0,0,0,1,0,9.941,1.302,1,33.77,0,0,1,1,0,1,1,0,0,1,0,12192.0,2,1,1,1,0,0,1,0,7.6,269.9,0,0,0,0,0,1
77300,38.003,0.0,0,0,1,0,5.738,0.0,0,0,1,0,10.071,1.302,1,33.77,0,0,1,1,0,1,1,0,0,1,0,12192.0,2,1,1,1,0,0,1,0,8.1,268.4,0,0,0,0,0,1
77400,38.003,0.0,0,0,1,0,5.738,0.0,0,0,1,0,10.201,1.302,1,33.53,0,0,1,1,0,1,1,0,0,1,0,12192.0,2,1,1,1,0,0,1,0,8.7,274.0,0,0,0,0,0,1
77500,38.003,0.0,0,0,1,0,5.738,0.0,0,0,1,0,10.331,1.302,1,33.87,0,0,1,1,0,1,1,0,0,1,0,12192.0,2,1,1,1,0,0,1,0,8.0,269.6,0,0,0,0,0,1
77600,38.003,0.0,0,0,1,0,5.738,0.0,0,0,1,0,10.462,1.302,1,33.68,0,0,1,1,0,1,1,0,0,1,0,12192.0,2,1,1,1,0,0,1,0,7.3,272.9,0,0,0,0,0,1
77700,38.003,0.0,0,0,1,0,5.738,0.0,0,0,1,0,10.592,1.302,1,33.6,0,0,1,1,0,1,1,0,0,1,0,12192.0,2,1,1,1,0,0,1,0,7.3,269.7,0,0,0,0,0,1
77800,38.003,0.0,0,0,1,0,5.738,0.0,0,0,1,0,10.722,1.302,1,33.58,0,0,1,1,0,1,1,0,0,1,0,12192.0,2,1,1,1,0,0,1,0,7.7,269.3,0,0,0,0,0,1
77900,38.003,0.0,0,0,1,0,5.738,0.0,0,0,1,0,10.852,1.302,1,33.67,0,0,1,1,0,1,1,0,0,1,0,12192.0,2,1,1,1,0,0,1,0,7.6,270.1,0,0,0,0,0,1
78000,38.003,0.0,0,0,1,0,5.738,0.0,0,0,1,0,10.983,1.302,1,33.62,0,0,1,1,0,1,1,0,0,1,0,12192.0,2,1,1,1,0,0,1,0,7.4,271.0,0,0,0,0,0,1
78100,38.003,0.0,0,0,1,0,5.738,0.0,0,0,1,0,11.113,1.302,1,33.74,0,0,1,1,0,1,1,0,0,1,0,12192.0,2,1,1,1,0,0,1,0,7.4,269.8,0,0,0,0,0,1
78200,38.003,0.0,0,0,1,0,5.738,0.0,0,0,1,0,11.243,1.302,1,33.62,0,0,1,1,0,1,1,0,0,1,0,12192.0,2,1,1,1,0,0,1,0,7.3,274.8,0,0,0,0,0,1
78300,38.003,0.0,0,0,1,0,5.738,0.0,0,0,1,0,11.373,1.302,1,33.76,0,0,1,1,0,1,1,0,0,1,0,12192.0,2,1,1,1,0,0,1,0,7.4,269.6,0,0,0,0,0,1
78400,38.003,0.0,0,0,1,0,5.738,0.0,0,0,1,0,11.504,1.302,1,33.76,0,0,1,1,0,1,1,0,0,1,0,12192.0,2,1,1,1,0,0,1,0,7.8,270.1,0,0,0,0,0,1
78500,38.003,0.0,0,0,1,0,5.738,0.0,0,0,1,0,11.634,1.302,1,33.88,0,0,1,1,0,1,1,0,0,1,0,12192.0,2,1,1,1,0,0,1,0,7.5,265.5,0,0,0,0,0,1
78600,38.003,0.0,0,0,1,0,5.738,0.0,0,0,1,0,11.764,1.302,1,33.7,0,0,1,1,0,1,1,0,0,1,0,12192.0,2,1,1,1,0,0,1,0,6.7,262.8,0,0,0,0,0,1
78700,38.003,0.0,0,0,1,0,5.738,0.0,0,0,1,0,11.889,1.252,1,30.41,0,0,1,1,0,1,1,0,0,1,0,12192.0,2,1,1,1,0,0,1,0,6.8,271.1,0,0,0,0,0,1
78800,38.003,0.0,0,0,1,0,5.738,0.0,0,0,1,0,12.009,1.202,1,30.49,0,0,1,1,0,1,1,0,0,1,0,12192.0,2,1,1,1,0,0,1,0,6.8,274.8,0,0,0,0,0,1
78900,38.003,0.0,0,0,1,0,5.738,0.0,0,0,1,0,12.125,1.151,1,30.46,0,0,1,1,0,1,1,0,0,1,0,12192.0,2,1,1,1,0,0,1,0,7.2,269.3,0,0,0,0,0,1
79000,38.003,0.0,0,0,1,0,5.738,0.0,0,0,1,0,12.235,1.101,1,30.38,0,0,1,1,0,1,1,0,0,1,0,12192.0,2,1,1,1,0,0,1,0,7.7,270.4,0,0,0,0,0,1
79100,38.003,0.0,0,0,1,0,5.738,0.0,0,0,1,0,12.34,1.051,1,30.4,0,0,1,1,0,1,1,0,0,1,0,12192.0,2,1,1,1,0,0,1,0,8.5,272.7,0,0,0,0,0,1
79200,38.003,0.0,0,0,1,0,5.738,0.0,0,0,1,0,12.44,1.0,1,30.48,0,0,1,1,0,1,1,0,0,1,0,12192.0,2,1,1,1,0,0,1,0,7.6,268.1,0,0,0,0,0,1
79300,38.003,0.0,0,0,1,0,5.738,0.0,0,0,1,0,12.535,0.949,1,30.46,0,0,1,1,0,1,1,0,0,1,0,12192.0,2,1,1,1,0,0,1,0,6.9,268.8,0,0,0,0,0,1
79400,38.003,0.0,0,0,1,0,5.738,0.0,0,0,1,0,12.624,0.897,1,30.53,0,0,1,1,0,1,1,0,0,1,0,12192.0,2,1,1,1,0,0,1,0,6.6,270.7,0,0,0,0,0,1
79500,38.003,0.0,0,0,1,0,5.738,0.0,0,0,1,0,12.709,0.845,1,30.13,0,0,1,1,0,1,1,0,0,1,0,12192.0,2,1,1,1,0,0,1,0,6.9,271.0,0,0,0,0,0,1
79600,38.003,0.0,0,0,1,0,5.738,0.0,0,0,1,0,12.788,0.793,1,30.4,0,0,1,1,0,1,1,0,0,1,0,12192.0,2,1,1,1,0,0,1,0,7.7,267.9,0,0,0,0,0,1
79700,38.003,0.0,0,0,1,0,5.738,0.0,0,0,1,0,12.862,0.742,1,30.32,0,0,1,1,0,1,1,0,0,1,0,12192.0,2,1,1,1,0,0,1,0,7.2,269.9,0,0,0,0,0,1
79800,38.003,0.0,0,0,1,0,5.738,0.0,0,0,1,0,12.931,0.689,1,30.52,0,0,1,1,0,1,1,0,0,1,0,12192.0,2,1,1,1,0,0,1,0,8.0,273.6,0,0,0,0,0,1
79900,38.003,0.0,0,0,1,0,5.738,0.0,0,0,1,0,12.995,0.637,1,30.37,0,0,1,1,0,1,1,0,0,1,0,12192.0,2,1,1,1,0,0,1,0,7.7,267.2,0,0,0,0,0,1
80000,38.003,0.0,0,0,1,0,5.738,0.0,0,0,1,0,13.054,0.585,1,30.28,0,0,1,1,0,1,1,0,0,1,0,12192.0,2,1,1,1,0,0,1,0,7.7,266.8,0,0,0,0,0,1
80100,38.003,0.0,0,0,1,0,5.738,0.0,0,0,1,0,13.107,0.532,1,30.32,0,0,1,1,0,1,1,0,0,1,0,12192.0,2,1,1,1,0,0,1,0,7.5,268.2,0,0,0,0,0,1
80200,38.003,0.0,0,0,1,0,5.738,0.0,0,0,1,0,13.155,0.479,1,30.49,0,0,1,1,0,1,1,0,0,1,0,12192.0,2,1,1,1,0,0,1,0,7.2,272.4,0,0,0,0,0,1
80300,38.003,0.0,0,0,1,0,5.738,0.0,0,0,1,0,13.197,0.426,1,30.3,0,0,1,1,0,1,1,0,0,1,0,12192.0,2,1,1,1,0,0,1,0,8.2,270.8,0,0,0,0,0,1
80400,38.003,0.0,0,0,1,0,5.738,0.0,0,0,1,0,13.234,0.372,1,30.44,0,0,1,1,0,1,1,0,0,1,0,12192.0,2,1,1,1,0,0,1,0,8.0,270.2,0,0,0,0,0,1
80500,38.003,0.0,0,0,1,0,5.738,0.0,0,0,1,0,13.266,0.318,1,30.52,0,0,1,1,0,1,1,0,0,1,0,12192.0,2,1,1,1,0,0,1,0,8.2,267.4,0,0,0,0,0,1
80600,38.003,0.0,0,0,1,0,5.738,0.0,0,0,1,0,13.293,0.263,1,30.31,0,0,1,1,0,1,1,0,0,1,0,12192.0,2,1,1,1,0,0,1,0,7.9,274.2,0,0,0,0,0,1
80700,38.003,0.0,0,0,1,0,5.738,0.0,0,0,1,0,13.313,0.207,1,30.54,0,0,1,1,0,1,1,0,0,1,0,12192.0,2,1,1,1,0,0,1,0,7.9,264.7,0,0,0,0,0,1
80800,38.003,0.0,0,0,1,0,5.738,0.0,0,0,1,0,13.328,0.148,1,30.36,0,0,1,1,0,1,1,0,0,1,0,12192.0,2,1,1,1,0,0,1,0,7.6,270.2,0,0,0,0,0,1
80900,38.003,0.0,0,0,1,0,5.738,0.0,0,0,1,0,13.336,0.084,1,30.58,0,0,1,1,0,1,1,0,0,1,0,12192.0,2,1,1,1,0,0,1,0,7.8,273.4,0,0,0,0,0,1
81000,38.003,0.0,0,0,0,0,5.738,0.0,0,0,0,0,13.34,0.0,0,32.25,0,0,0,0,0,1,1,0,0,1,0,12192.0,2,1,1,0,1,0,1,0,7.9,271.3,0,0,0,0,0,1
81100,38.005,0.015,1,1,1,0,5.733,-0.057,0,1,1,0,13.34,0.0,0,31.98,0,0,0,1,0,1,1,0,0,1,0,12192.0,2,1,1,1,0,0,1,0,7.7,266.5,0,0,0,0,0,1
81200,38.008,0.029,1,1,1,0,5.721,-0.114,0,1,1,0,13.34,0.0,0,32.16,0,0,0,1,0,1,1,0,0,1,0,12192.0,2,1,1,1,0,0,1,0,8.6,270.4,0,0,0,0,0,1
81300,38.012,0.044,1,1,1,0,5.704,-0.171,0,1,1,0,13.34,0.0,0,32.21,0,0,0,1,0,1,1,0,0,1,0,12192.0,2,1,1,1,0,0,1,0,8.4,265.3,0,0,0,0,0,1
81400,38.018,0.059,1,1,1,0,5.681,-0.228,0,1,1,0,13.34,0.0,0,31.98,0,0,0,1,0,1,1,0,0,1,0,12192.0,2,1,1,1,0,0,1,0,8.3,270.1,0,0,0,0,0,1
81500,38.025,0.074,1,1,1,0,5.653,-0.286,0,1,1,0,13.34,0.0,0,31.88,0,0,0,1,0,1,1,0,0,1,0,12192.0,2,1,1,1,0,0,1,0,8.5,271.1,0,0,0,0,0,1
81600,38.034,0.088,1,1,1,0,5.618,-0.343,0,1,1,0,13.34,0.0,0,32.02,0,0,0,1,0,1,1,0,0,1,0,12192.0,2,1,1,1,0,0,1,0,8.7,270.1,0,0,0,0,0,1
81700,38.045,0.103,1,1,1,0,5.578,-0.4,0,1,1,0,13.34,0.0,0,31.95,0,0,0,1,0,1,1,0,0,1,0,12192.0,2,1,1,1,0,0,1,0,9.3,269.3,0,0,0,0,0,1
81800,38.056,0.118,1,1,1,0,5.533,-0.457,0,1,1,0,13.34,0.0,0,32.08,0,0,0,1,0,1,1,0,0,1,0,12192.0,2,1,1,1,0,0,1,0,8.6,271.9,0,0,0,0,0,1
81900,38.07,0.133,1,1,1,0,5.481,-0.514,0,1,1,0,13.34,0.0,0,32.12,0,0,0,1,0,1,1,0,0,1,0,12192.0,2,1,1,1,0,0,1,0,7.8,270.9,0,0,0,0,0,1
82000,38.084,0.147,1,1,1,0,5.424,-0.571,0,1,1,0,13.34,0.0,0,31.75,0,0,0,1,0,1,1,0,0,1,0,12192.0,2,1,1,1,0,0,1,0,7.9,267.7,0,0,0,0,0,1
82100,38.101,0.162,1,1,1,0,5.361,-0.628,0,1,1,0,13.34,0.0,0,31.92,0,0,0,1,0,1,1,0,0,1,0,12192.0,2,1,1,1,0,0,1,0,7.7,267.6,0,0,0,0,0,1
82200,38.118,0.177,1,1,1,0,5.293,-0.685,0,1,1,0,13.34,0.0,0,32.09,0,0,0,1,0,1,1,0,0,1,0,12192.0,2,1,1,1,0,0,1,0,8.2,269.6,0,0,0,0,0,1
82300,38.137,0.191,1,1,1,0,5.219,-0.742,0,1,1,0,13.34,0.0,0,32.06,0,0,0,1,0,1,1,0,0,1,0,12192.0,2,1,1,1,0,0,1,0,7.9,266.4,0,0,0,0,0,1
82400,38.158,0.206,1,1,1,0,5.139,-0.8,0,1,1,0,13.34,0.0,0,31.97,0,0,0,1,0,1,1,0,0,1,0,12192.0,2,1,1,1,0,0,1,0,7.6,270.1,0,0,0,0,0,1
82500,38.18,0.221,1,1,1,0,5.053,-0.857,0,1,1,0,13.34,0.0,0,32.0,0,0,0,1,0,1,1,0,0,1,0,12192.0,2,1,1,1,0,0,1,0,8.7,269.7,0,0,0,0,0,1
82600,38.204,0.236,1,1,1,0,4.962,-0.914,0,1,1,0,13.34,0.0,0,31.97,0,0,0,1,0,1,1,0,0,1,0,12192.0,2,1,1,1,0,0,1,0,8.9,268.8,0,0,0,0,0,1
82700,38.229,0.25,1,1,1,0,4.865,-0.971,0,1,1,0,13.34,0.0,0,31.85,0,0,0,1,0,1,1,0,0,1,0,12192.0,2,1,1,1,0,0,1,0,8.4,271.1,0,0,0,0,0,1
82800,38.255,0.265,1,1,1,0,4.762,-1.028,0,1,1,0,13.34,0.0,0,32.01,0,0,0,1,0,1,1,0,0,1,0,12192.0,2,1,1,1,0,0,1,0,8.6,271.1,0,0,0,0,0,1
82900,38.283,0.28,1,1,1,0,4.653,-1.085,0,1,1,0,13.34,0.0,0,32.05,0,0,0,1,0,1,1,0,0,1,0,12192.0,2,1,1,1,0,0,1,0,9.1,268.9,0,0,0,0,0,1
83000,38.313,0.295,1,1,1,0,4.539,-1.142,0,1,1,0,13.34,0.0,0,31.95,0,0,0,1,0,1,1,0,0,1,0,12192.0,2,1,1,1,0,0,1,0,8.4,269.9,0,0,0,0,0,1
83100,38.344,0.309,1,1,1,0,4.419,-1.199,0,1,1,0,13.34,0.0,0,31.78,0,0,0,1,0,1,1,0,0,1,0,12192.0,2,1,1,1,0,0,1,0,8.2,269.5,0,0,0,0,0,1
83200,38.376,0.324,1,1,1,0,4.293,-1.256,0,1,1,0,13.34,0.0,0,31.89,0,0,0,1,0,1,1,0,0,1,0,12192.0,2,1,1,1,0,0,1,0,8.7,268.2,0,0,0,0,0,1
83300,38.41,0.339,1,1,1,0,4.174,-1.199,0,1,1,0,13.34,0.0,0,31.78,0,0,0,1,0,1,1,0,0,1,0,12192.0,2,1,1,1,0,0,1,0,7.7,268.6,0,0,0,0,0,1
83400,38.445,0.353,1,1,1,0,4.059,-1.142,0,1,1,0,13.34,0.0,0,31.98,0,0,0,1,0,1,1,0,0,1,0,12192.0,2,1,1,1,0,0,1,0,10.1,271.2,0,0,0,0,0,1
83500,38.482,0.368,1,1,1,0,3.945,-1.143,0,1,1,0,13.34,0.0,0,32.11,0,0,0,1,0,1,1,0,0,1,0,12192.0,2,1,1,1,0,0,1,0,8.5,267.7,0,0,0,0,0,1
83600,38.52,0.383,1,1,1,0,3.837,-1.085,0,1,1,0,13.34,0.0,0,32.08,0,0,0,1,0,1,1,0,0,1,0,12192.0,2,1,1,1,0,0,1,0,8.7,267.9,0,0,0,0,0,1
83700,38.56,0.398,1,1,1,0,3.734,-1.026,0,1,1,0,13.34,0.0,0,32.05,0,0,0,1,0,1,1,0,0,1,0,12192.0,2,1,1,1,0,0,1,0,8.5,272.2,0,0,0,0,0,1
83800,38.601,0.412,1,1,1,0,3.637,-0.967,0,1,1,0,13.34,0.0,0,32.03,0,0,0,1,0,1,1,0,0,1,0,12192.0,2,1,1,1,0,0,1,0,9.0,267.9,0,0,0,0,0,1
83900,38.644,0.427,1,1,1,0,3.546,-0.908,0,1,1,0,13.34,0.0,0,31.88,0,0,0,1,0,1,1,0,0,1,0,12192.0,2,1,1,1,0,0,1,0,8.5,274.2,0,0,0,0,0,1
84000,38.688,0.442,1,1,1,0,3.461,-0.849,0,1,1,0,13.34,0.0,0,31.98,0,0,0,1,0,1,1,0,0,1,0,12192.0,2,1,1,1,0,0,1,0,8.5,273.4,0,0,0,0,0,1
84100,38.734,0.456,1,1,1,0,3.382,-0.79,0,1,1,0,13.34,0.0,0,32.08,0,0,0,1,0,1,1,0,0,1,0,12192.0,2,1,1,1,0,0,1,0,8.6,268.7,0,0,0,0,0,1
84200,38.781,0.471,1,1,1,0,3.309,-0.731,0,1,1,0,13.34,0.0,0,31.8,0,0,0,1,0,1,1,0,0,1,0,12192.0,2,1,1,1,0,0,1,0,8.6,266.1,0,0,0,0,0,1
84300,38.829,0.486,1,1,1,0,3.242,-0.671,0,1,1,0,13.34,0.0,0,31.93,0,0,0,1,0,1,1,0,0,1,0,12192.0,2,1,1,1,0,0,1,0,8.6,272.9,0,0,0,0,0,1
84400,38.88,0.501,1,1,1,0,3.181,-0.611,0,1,1,0,13.34,0.0,0,31.83,0,0,0,1,0,1,1,0,0,1,0,12192.0,2,1,1,1,0,0,1,0,8.1,272.1,0,0,0,0,0,1
84500,38.931,0.515,1,1,1,0,3.126,-0.551,0,1,1,0,13.34,0.0,0,32.06,0,0,0,1,0,1,1,0,0,1,0,12192.0,2,1,1,1,0,0,1,0,7.8,271.6,0,0,0,0,0,1
84600,38.984,0.53,1,1,1,0,3.077,-0.491,0,1,1,0,13.34,0.0,0,31.95,0,0,0,1,0,1,1,0,0,1,0,12192.0,2,1,1,1,0,0,1,0,8.7,266.3,0,0,0,0,0,1
84700,39.039,0.545,1,1,1,0,3.034,-0.43,0,1,1,0,13.34,0.0,0,32.11,0,0,0,1,0,1,1,0,0,1,0,12192.0,2,1,1,1,0,0,1,0,8.7,271.2,0,0,0,0,0,1
84800,39.095,0.56,1,1,1,0,2.997,-0.369,0,1,1,0,13.34,0.0,0,32.07,0,0,0,1,0,1,1,0,0,1,0,12192.0,2,1,1,1,0,0,1,0,8.7,269.0,0,0,0,0,0,1
84900,39.152,0.574,1,1,1,0,2.966,-0.306,0,1,1,0,13.34,0.0,0,32.07,0,0,0,1,0,1,1,0,0,1,0,12192.0,2,1,1,1,0,0,1,0,7.7,270.7,0,0,0,0,0,1
85000,39.211,0.589,1,1,1,0,2.942,-0.242,0,1,1,0,13.34,0.0,0,31.89,0,0,0,1,0,1,1,0,0,1,0,12192.0,2,1,1,1,0,0,1,0,8.8,269.3,0,0,0,0,0,1
85100,39.271,0.604,1,1,1,0,2.925,-0.176,0,1,1,0,13.34,0.0,0,32.13,0,0,0,1,0,1,1,0,0,1,0,12192.0,2,1,1,1,0,0,1,0,8.5,267.6,0,0,0,0,0,1
85200,39.333,0.618,1,1,1,0,2.914,-0.105,0,1,1,0,13.34,0.0,0,32.11,0,0,0,1,0,1,1,0,0,1,0,12192.0,2,1,1,1,0,0,1,0,8.2,269.6,0,0,0,0,0,1
85300,39.396,0.633,1,1,1,0,2.909,0.0,0,0,1,0,13.34,0.0,0,31.85,0,0,0,1,0,1,1,0,0,1,0,12192.0,2,1,1,1,0,0,1,0,8.0,271.2,0,0,0,0,0,1
85400,39.461,0.648,1,1,1,0,2.909,0.0,0,0,1,0,13.34,0.0,0,32.05,0,0,0,1,0,1,1,0,0,1,0,12192.0,2,1,1,1,0,0,1,0,8.0,269.5,0,0,0,0,0,1
85500,39.527,0.663,1,1,1,0,2.909,0.0,0,0,1,0,13.34,0.0,0,32.13,0,0,0,1,0,1,1,0,0,1,0,12192.0,2,1,1,1,0,0,1,0,8.7,271.4,0,0,0,0,0,1
85600,39.595,0.677,1,1,1,0,2.909,0.0,0,0,1,0,13.34,0.0,0,31.82,0,0,0,1,0,1,1,0,0,1,0,12192.0,2,1,1,1,0,0,1,0,8.3,270.4,0,0,0,0,0,1
85700,39.664,0.685,1,1,1,0,2.909,0.0,0,0,1,0,13.34,0.0,0,31.98,0,0,0,1,0,1,1,0,0,1,0,12192.0,2,1,1,1,0,0,1,0,7.8,270.4,0,0,0,0,0,1
85800,39.732,0.685,1,1,1,0,2.909,0.0,0,0,1,0,13.34,0.0,0,31.98,0,0,0,1,0,1,1,0,0,1,0,12192.0,2,1,1,1,0,0,1,0,7.3,271.7,0,0,0,0,0,1
85900,39.801,0.685,1,1,1,0,2.909,0.0,0,0,1,0,13.34,0.0,0,31.95,0,0,0,1,0,1,1,0,0,1,0,12192.0,2,1,1,1,0,0,1,0,7.7,268.6,0,0,0,0,0,1
86000,39.869,0.685,1,1,1,0,2.909,0.0,0,0,1,0,13.34,0.0,0,31.81,0,0,0,1,0,1,1,0,0,1,0,12192.0,2,1,1,1,0,0,1,0,8.3,270.2,0,0,0,0,0,1
86100,39.938,0.685,1,1,1,0,2.909,0.0,0,0,1,0,13.34,0.0,0,31.83,0,0,0,1,0,1,1,0,0,1,0,12192.0,2,1,1,1,0,0,1,0,8.1,275.7,0,0,0,0,0,1
86200,40.006,0.685,1,1,1,0,2.909,0.0,0,0,1,0,13.34,0.0,0,32.01,0,0,0,1,0,1,1,0,0,1,0,12192.0,2,1,1,1,0,0,1,0,7.4,271.7,0,0,0,0,0,1
86300,40.075,0.685,1,1,1,0,2.909,0.0,0,0,1,0,13.34,0.0,0,31.98,0,0,0,1,0,1,1,0,0,1,0,12192.0,2,1,1,1,0,0,1,0,7.6,270.1,0,0,0,0,0,1
86400,40.143,0.685,1,1,1,0,2.909,0.0,0,0,1,0,13.34,0.0,0,31.9,0,0,0,1,0,1,1,0,0,1,0,12192.0,2,1,1,1,0,0,1,0,7.9,268.8,0,0,0,0,0,1
86500,40.211,0.685,1,1,1,0,2.909,0.0,0,0,1,0,13.34,0.0,0,32.13,0,0,0,1,0,1,1,0,0,1,0,12192.0,2,1,1,1,0,0,1,0,8.2,271.8,0,0,0,0,0,1
86600,40.28,0.685,1,1,1,0,2.909,0.0,0,0,1,0,13.34,0.0,0,31.91,0,0,0,1,0,1,1,0,0,1,0,12192.0,2,1,1,1,0,0,1,0,7.7,269.4,0,0,0,0,0,1
86700,40.348,0.685,1,1,1,0,2.909,0.0,0,0,1,0,13.34,0.0,0,31.97,0,0,0,1,0,1,1,0,0,1,0,12192.0,2,1,1,1,0,0,1,0,7.7,267.0,0,0,0,0,0,1
86800,40.417,0.685,1,1,1,0,2.909,0.0,0,0,1,0,13.34,0.0,0,31.98,0,0,0,1,0,1,1,0,0,1,0,12192.0,2,1,1,1,0,0,1,0,6.7,267.4,0,0,0,0,0,1
86900,40.485,0.685,1,1,1,0,2.909,0.0,0,0,1,0,13.34,0.0,0,32.08,0,0,0,1,0,1,1,0,0,1,0,12192.0,2,1,1,1,0,0,1,0,7.7,270.2,0,0,0,0,0,1
87000,40.554,0.685,1,1,1,0,2.909,0.0,0,0,1,0,13.34,0.0,0,31.84,0,0,0,1,0,1,1,0,0,1,0,12192.0,2,1,1,1,0,0,1,0,7.4,274.4,0,0,0,0,0,1
87100,40.622,0.685,1,1,1,0,2.909,0.0,0,0,1,0,13.34,0.0,0,31.8,0,0,0,1,0,1,1,0,0,1,0,12192.0,2,1,1,1,0,0,1,0,7.2,270.5,0,0,0,0,0,1
87200,40.691,0.685,1,1,1,0,2.909,0.0,0,0,1,0,13.34,0.0,0,32.0,0,0,0,1,0,1,1,0,0,1,0,12192.0,2,1,1,1,0,0,1,0,7.2,267.5,0,0,0,0,0,1
87300,40.759,0.685,1,1,1,0,2.909,0.0,0,0,1,0,13.34,0.0,0,32.2,0,0,0,1,0,1,1,0,0,1,0,12192.0,2,1,1,1,0,0,1,0,6.7,272.1,0,0,0,0,0,1
87400,40.828,0.685,1,1,1,0,2.909,0.0,0,0,1,0,13.34,0.0,0,32.12,0,0,0,1,0,1,1,0,0,1,0,12192.0,2,1,1,1,0,0,1,0,7.1,272.3,0,0,0,0,0,1
87500,40.896,0.685,1,1,1,0,2.909,0.0,0,0,1,0,13.34,0.0,0,31.89,0,0,0,1,0,1,1,0,0,1,0,12192.0,2,1,1,1,0,0,1,0,8.0,273.6,0,0,0,0,0,1
87600,40.965,0.685,1,1,1,0,2.909,0.0,0,0,1,0,13.34,0.0,0,31.88,0,0,0,1,0,1,1,0,0,1,0,12192.0,2,1,1,1,0,0,1,0,7.1,266.8,0,0,0,0,0,1
87700,41.033,0.685,1,1,1,0,2.909,0.0,0,0,1,0,13.34,0.0,0,31.77,0,0,0,1,0,1,1,0,0,1,0,12192.0,2,1,1,1,0,0,1,0,7.6,267.2,0,0,0,0,0,1
87800,41.102,0.685,1,1,1,0,2.909,0.0,0,0,1,0,13.34,0.0,0,32.09,0,0,0,1,0,1,1,0,0,1,0,12192.0,2,1,1,1,0,0,1,0,7.2,274.2,0,0,0,0,0,1
87900,41.17,0.685,1,1,1,0,2.909,0.0,0,0,1,0,13.34,0.0,0,31.82,0,0,0,1,0,1,1,0,0,1,0,12192.0,2,1,1,1,0,0,1,0,8.0,266.3,0,0,0,0,0,1
88000,41.239,0.685,1,1,1,0,2.909,0.0,0,0,1,0,13.34,0.0,0,31.93,0,0,0,1,0,1,1,0,0,1,0,12192.0,2,1,1,1,0,0,1,0,7.8,271.7,0,0,0,0,0,1
88100,41.307,0.685,1,1,1,0,2.909,0.0,0,0,1,0,13.34,0.0,0,31.85,0,0,0,1,0,1,1,0,0,1,0,12192.0,2,1,1,1,0,0,1,0,7.5,270.4,0,0,0,0,0,1
88200,41.376,0.685,1,1,1,0,2.909,0.0,0,0,1,0,13.34,0.0,0,32.04,0,0,0,1,0,1,1,0,0,1,0,12192.0,2,1,1,1,0,0,1,0,8.0,268.0,0,0,0,0,0,1
88300,41.444,0.685,1,1,1,0,2.909,0.0,0,0,1,0,13.34,0.0,0,32.13,0,0,0,1,0,1,1,0,0,1,0,12192.0,2,1,1,1,0,0,1,0,7.7,272.4,0,0,0,0,0,1
88400,41.512,0.685,1,1,1,0,2.909,0.0,0,0,1,0,13.34,0.0,0,31.78,0,0,0,1,0,1,1,0,0,1,0,12192.0,2,1,1,1,0,0,1,0,7.4,266.7,0,0,0,0,0,1
88500,41.581,0.685,1,1,1,0,2.909,0.0,0,0,1,0,13.34,0.0,0,31.98,0,0,0,1,0,1,1,0,0,1,0,12192.0,2,1,1,1,0,0,1,0,8.3,271.2,0,0,0,0,0,1
88600,41.649,0.685,1,1,1,0,2.909,0.0,0,0,1,0,13.34,0.0,0,31.89,0,0,0,1,0,1,1,0,0,1,0,12192.0,2,1,1,1,0,0,1,0,8.2,266.0,0,0,0,0,0,1
88700,41.718,0.685,1,1,1,0,2.909,0.0,0,0,1,0,13.34,0.0,0,31.98,0,0,0,1,0,1,1,0,0,1,0,12192.0,2,1,1,1,0,0,1,0,8.3,270.9,0,0,0,0,0,1
88800,41.786,0.685,1,1,1,0,2.909,0.0,0,0,1,0,13.34,0.0,0,31.93,0,0,0,1,0,1,1,0,0,1,0,12192.0,2,1,1,1,0,0,1,0,7.8,267.4,0,0,0,0,0,1
88900,41.855,0.685,1,1,1,0,2.909,0.0,0,0,1,0,13.34,0.0,0,31.99,0,0,0,1,0,1,1,0,0,1,0,12192.0,2,1,1,1,0,0,1,0,7.8,269.9,0,0,0,0,0,1
89000,41.923,0.685,1,1,1,0,2.909,0.0,0,0,1,0,13.34,0.0,0,31.96,0,0,0,1,0,1,1,0,0,1,0,12192.0,2,1,1,1,0,0,1,0,7.7,268.8,0,0,0,0,0,1
89100,41.992,0.685,1,1,1,0,2.909,0.0,0,0,1,0,13.34,0.0,0,32.22,0,0,0,1,0,1,1,0,0,1,0,12192.0,2,1,1,1,0,0,1,0,7.3,268.5,0,0,0,0,0,1
89200,42.06,0.685,1,1,1,0,2.909,0.0,0,0,1,0,13.34,0.0,0,31.94,0,0,0,1,0,1,1,0,0,1,0,12192.0,2,1,1,1,0,0,1,0,8.3,268.5,0,0,0,0,0,1
89300,42.129,0.685,1,1,1,0,2.909,0.0,0,0,1,0,13.34,0.0,0,32.03,0,0,0,1,0,1,1,0,0,1,0,12192.0,2,1,1,1,0,0,1,0,8.2,269.8,0,0,0,0,0,1
89400,42.197,0.685,1,1,1,0,2.909,0.0,0,0,1,0,13.34,0.0,0,32.01,0,0,0,1,0,1,1,0,0,1,0,12192.0,2,1,1,1,0,0,1,0,8.0,270.0,0,0,0,0,0,1
89500,42.266,0.685,1,1,1,0,2.909,0.0,0,0,1,0,13.34,0.0,0,31.98,0,0,0,1,0,1,1,0,0,1,0,12192.0,2,1,1,1,0,0,1,0,7.8,272.7,0,0,0,0,0,1
89600,42.334,0.685,1,1,1,0,2.909,0.0,0,0,1,0,13.34,0.0,0,31.92,0,0,0,1,0,1,1,0,0,1,0,12192.0,2,1,1,1,0,0,1,0,7.8,271.9,0,0,0,0,0,1
89700,42.403,0.685,1,1,1,0,2.909,0.0,0,0,1,0,13.34,0.0,0,32.06,0,0,0,1,0,1,1,0,0,1,0,12192.0,2,1,1,1,0,0,1,0,7.7,270.6,0,0,0,0,0,1
89800,42.471,0.685,1,1,1,0,2.909,0.0,0,0,1,0,13.34,0.0,0,32.03,0,0,0,1,0,1,1,0,0,1,0,12192.0,2,1,1,1,0,0,1,0,8.3,270.3,0,0,0,0,0,1
89900,42.54,0.685,1,1,1,0,2.909,0.0,0,0,1,0,13.34,0.0,0,32.06,0,0,0,1,0,1,1,0,0,1,0,12192.0,2,1,1,1,0,0,1,0,8.8,267.5,0,0,0,0,0,1
90000,42.608,0.685,1,1,1,0,2.909,0.0,0,0,1,0,13.34,0.0,0,31.87,0,0,0,1,0,1,1,0,0,1,0,12192.0,2,1,1,1,0,0,1,0,7.8,270.7,0,0,0,0,0,1
90100,42.677,0.685,1,1,1,0,2.909,0.0,0,0,1,0,13.34,0.0,0,32.05,0,0,0,1,0,1,1,0,0,1,0,12192.0,2,1,1,1,0,0,1,0,8.1,267.2,0,0,0,0,0,1
90200,42.745,0.685,1,1,1,0,2.909,0.0,0,0,1,0,13.34,0.0,0,31.85,0,0,0,1,0,1,1,0,0,1,0,12192.0,2,1,1,1,0,0,1,0,8.5,269.9,0,0,0,0,0,1
90300,42.813,0.685,1,1,1,0,2.909,0.0,0,0,1,0,13.34,0.0,0,31.99,0,0,0,1,0,1,1,0,0,1,0,12192.0,2,1,1,1,0,0,1,0,8.7,271.7,0,0,0,0,0,1
90400,42.882,0.685,1,1,1,0,2.909,0.0,0,0,1,0,13.34,0.0,0,32.03,0,0,0,1,0,1,1,0,0,1,0,12192.0,2,1,1,1,0,0,1,0,8.4,270.1,0,0,0,0,0,1
90500,42.95,0.685,1,1,1,0,2.909,0.0,0,0,1,0,13.34,0.0,0,32.0,0,0,0,1,0,1,1,0,0,1,0,12192.0,2,1,1,1,0,0,1,0,8.3,270.4,0,0,0,0,0,1
90600,43.019,0.685,1,1,1,0,2.909,0.0,0,0,1,0,13.34,0.0,0,32.16,0,0,0,1,0,1,1,0,0,1,0,12192.0,2,1,1,1,0,0,1,0,8.5,269.0,0,0,0,0,0,1
90700,43.087,0.685,1,1,1,0,2.909,0.0,0,0,1,0,13.34,0.0,0,32.01,0,0,0,1,0,1,1,0,0,1,0,12192.0,2,1,1,1,0,0,1,0,9.5,274.0,0,0,0,0,0,1
90800,43.156,0.685,1,1,1,0,2.909,0.0,0,0,1,0,13.34,0.0,0,32.01,0,0,0,1,0,1,1,0,0,1,0,12192.0,2,1,1,1,0,0,1,0,8.3,270.9,0,0,0,0,0,1
90900,43.224,0.685,1,1,1,0,2.909,0.0,0,0,1,0,13.34,0.0,0,32.03,0,0,0,1,0,1,1,0,0,1,0,12192.0,2,1,1,1,0,0,1,0,7.9,265.8,0,0,0,0,0,1
91000,43.293,0.685,1,1,1,0,2.909,0.0,0,0,1,0,13.34,0.0,0,31.97,0,0,0,1,0,1,1,0,0,1,0,12192.0,2,1,1,1,0,0,1,0,9.0,265.4,0,0,0,0,0,1
91100,43.361,0.685,1,1,1,0,2.909,0.0,0,0,1,0,13.34,0.0,0,32.15,0,0,0,1,0,1,1,0,0,1,0,12192.0,2,1,1,1,0,0,1,0,8.3,272.2,0,0,0,0,0,1
91200,43.43,0.685,1,1,1,0,2.909,0.0,0,0,1,0,13.34,0.0,0,32.05,0,0,0,1,0,1,1,0,0,1,0,12192.0,2,1,1,1,0,0,1,0,7.9,272.8,0,0,0,0,0,1
91300,43.498,0.685,1,1,1,0,2.909,0.0,0,0,1,0,13.34,0.0,0,32.07,0,0,0,1,0,1,1,0,0,1,0,12192.0,2,1,1,1,0,0,1,0,8.3,267.5,0,0,0,0,0,1
91400,43.567,0.685,1,1,1,0,2.909,0.0,0,0,1,0,13.34,0.0,0,32.01,0,0,0,1,0,1,1,0,0,1,0,12192.0,2,1,1,1,0,0,1,0,8.8,267.8,0,0,0,0,0,1
91500,43.635,0.685,1,1,1,0,2.909,0.0,0,0,1,0,13.34,0.0,0,32.18,0,0,0,1,0,1,1,0,0,1,0,12192.0,2,1,1,1,0,0,1,0,9.3,266.0,0,0,0,0,0,1
91600,43.704,0.685,1,1,1,0,2.909,0.0,0,0,1,0,13.34,0.0,0,32.08,0,0,0,1,0,1,1,0,0,1,0,12192.0,2,1,1,1,0,0,1,0,8.0,267.1,0,0,0,0,0,1
91700,43.772,0.685,1,1,1,0,2.909,0.0,0,0,1,0,13.34,0.0,0,32.12,0,0,0,1,0,1,1,0,0,1,0,12192.0,2,1,1,1,0,0,1,0,8.6,269.7,0,0,0,0,0,1
91800,43.841,0.685,1,1,1,0,2.909,0.0,0,0,1,0,13.34,0.0,0,32.29,0,0,0,1,0,1,1,0,0,1,0,12192.0,2,1,1,1,0,0,1,0,8.6,270.9,0,0,0,0,0,1
91900,43.909,0.685,1,1,1,0,2.909,0.0,0,0,1,0,13.34,0.0,0,31.98,0,0,0,1,0,1,1,0,0,1,0,12192.0,2,1,1,1,0,0,1,0,7.9,272.2,0,0,0,0,0,1
92000,43.978,0.685,1,1,1,0,2.909,0.0,0,0,1,0,13.34,0.0,0,32.08,0,0,0,1,0,1,1,0,0,1,0,12192.0,2,1,1,1,0,0,1,0,8.2,268.7,0,0,0,0,0,1
92100,44.046,0.685,1,1,1,0,2.909,0.0,0,0,1,0,13.34,0.0,0,31.87,0,0,0,1,0,1,1,0,0,1,0,12192.0,2,1,1,1,0,0,1,0,8.3,269.8,0,0,0,0,0,1
92200,44.115,0.685,1,1,1,0,2.909,0.0,0,0,1,0,13.34,0.0,0,32.13,0,0,0,1,0,1,1,0,0,1,0,12192.0,2,1,1,1,0,0,1,0,8.2,267.2,0,0,0,0,0,1
92300,44.183,0.685,1,1,1,0,2.909,0.0,0,0,1,0,13.34,0.0,0,32.11,0,0,0,1,0,1,1,0,0,1,0,12192.0,2,1,1,1,0,0,1,0,7.6,268.7,0,0,0,0,0,1
92400,44.251,0.685,1,1,1,0,2.909,0.0,0,0,1,0,13.34,0.0,0,31.88,0,0,0,1,0,1,1,0,0,1,0,12192.0,2,1,1,1,0,0,1,0,8.7,264.5,0,0,0,0,0,1
92500,44.32,0.685,1,1,1,0,2.909,0.0,0,0,1,0,13.34,0.0,0,32.02,0,0,0,1,0,1,1,0,0,1,0,12192.0,2,1,1,1,0,0,1,0,8.6,272.8,0,0,0,0,0,1
92600,44.388,0.685,1,1,1,0,2.909,0.0,0,0,1,0,13.34,0.0,0,32.01,0,0,0,1,0,1,1,0,0,1,0,12192.0,2,1,1,1,0,0,1,0,8.1,272.3,0,0,0,0,0,1
92700,44.457,0.685,1,1,1,0,2.909,0.0,0,0,1,0,13.34,0.0,0,32.07,0,0,0,1,0,1,1,0,0,1,0,12192.0,2,1,1,1,0,0,1,0,7.4,267.2,0,0,0,0,0,1
92800,44.525,0.685,1,1,1,0,2.909,0.0,0,0,1,0,13.34,0.0,0,31.9,0,0,0,1,0,1,1,0,0,1,0,12192.0,2,1,1,1,0,0,1,0,8.6,271.1,0,0,0,0,0,1
92900,44.594,0.685,1,1,1,0,2.909,0.0,0,0,1,0,13.34,0.0,0,31.89,0,0,0,1,0,1,1,0,0,1,0,12192.0,2,1,1,1,0,0,1,0,8.9,270.2,0,0,0,0,0,1
93000,44.662,0.685,1,1,1,0,2.909,0.0,0,0,1,0,13.34,0.0,0,31.89,0,0,0,1,0,1,1,0,0,1,0,12192.0,2,1,1,1,0,0,1,0,8.2,273.6,0,0,0,0,0,1
93100,44.731,0.685,1,1,1,0,2.909,0.0,0,0,1,0,13.34,0.0,0,31.94,0,0,0,1,0,1,1,0,0,1,0,12192.0,2,1,1,1,0,0,1,0,7.6,273.9,0,0,0,0,0,1
93200,44.799,0.685,1,1,1,0,2.909,0.0,0,0,1,0,13.34,0.0,0,31.93,0,0,0,1,0,1,1,0,0,1,0,12192.0,2,1,1,1,0,0,1,0,8.3,271.0,0,0,0,0,0,1
93300,44.868,0.685,1,1,1,0,2.909,0.0,0,0,1,0,13.34,0.0,0,32.03,0,0,0,1,0,1,1,0,0,1,0,12192.0,2,1,1,1,0,0,1,0,8.7,270.5,0,0,0,0,0,1
93400,44.936,0.685,1,1,1,0,2.909,0.0,0,0,1,0,13.34,0.0,0,31.93,0,0,0,1,0,1,1,0,0,1,0,12192.0,2,1,1,1,0,0,1,0,7.7,270.5,0,0,0,0,0,1
93500,45.005,0.685,1,1,1,0,2.909,0.0,0,0,1,0,13.34,0.0,0,32.06,0,0,0,1,0,1,1,0,0,1,0,12192.0,2,1,1,1,0,0,1,0,8.0,271.6,0,0,0,0,0,1
93600,45.073,0.685,1,1,1,0,2.909,0.0,0,0,1,0,13.34,0.0,0,32.02,0,0,0,1,0,1,1,0,0,1,0,12192.0,2,1,1,1,0,0,1,0,8.0,273.1,0,0,0,0,0,1
93700,45.142,0.685,1,1,1,0,2.909,0.0,0,0,1,0,13.34,0.0,0,32.02,0,0,0,1,0,1,1,0,0,1,0,12192.0,2,1,1,1,0,0,1,0,9.0,269.7,0,0,0,0,0,1
93800,45.21,0.685,1,1,1,0,2.909,0.0,0,0,1,0,13.34,0.0,0,32.02,0,0,0,1,0,1,1,0,0,1,0,12192.0,2,1,1,1,0,0,1,0,9.3,273.2,0,0,0,0,0,1
93900,45.279,0.685,1,1,1,0,2.909,0.0,0,0,1,0,13.34,0.0,0,32.15,0,0,0,1,0,1,1,0,0,1,0,12192.0,2,1,1,1,0,0,1,0,8.0,271.2,0,0,0,0,0,1
94000,45.347,0.685,1,1,1,0,2.909,0.0,0,0,1,0,13.34,0.0,0,32.08,0,0,0,1,0,1,1,0,0,1,0,12192.0,2,1,1,1,0,0,1,0,6.9,271.5,0,0,0,0,0,1
94100,45.416,0.685,1,1,1,0,2.909,0.0,0,0,1,0,13.34,0.0,0,32.18,0,0,0,1,0,1,1,0,0,1,0,12192.0,2,1,1,1,0,0,1,0,7.7,270.3,0,0,0,0,0,1
94200,45.484,0.685,1,1,1,0,2.909,0.0,0,0,1,0,13.34,0.0,0,32.03,0,0,0,1,0,1,1,0,0,1,0,12192.0,2,1,1,1,0,0,1,0,8.1,272.0,0,0,0,0,0,1
94300,45.552,0.685,1,1,1,0,2.909,0.0,0,0,1,0,13.34,0.0,0,31.86,0,0,0,1,0,1,1,0,0,1,0,12192.0,2,1,1,1,0,0,1,0,7.6,270.9,0,0,0,0,0,1
94400,45.621,0.685,1,1,1,0,2.909,0.0,0,0,1,0,13.34,0.0,0,32.22,0,0,0,1,0,1,1,0,0,1,0,12192.0,2,1,1,1,0,0,1,0,7.6,271.1,0,0,0,0,0,1
94500,45.689,0.685,1,1,1,0,2.909,0.0,0,0,1,0,13.34,0.0,0,32.01,0,0,0,1,0,1,1,0,0,1,0,12192.0,2,1,1,1,0,0,1,0,7.3,266.3,0,0,0,0,0,1
94600,45.758,0.685,1,1,1,0,2.909,0.0,0,0,1,0,13.34,0.0,0,32.1,0,0,0,1,0,1,1,0,0,1,0,12192.0,2,1,1,1,0,0,1,0,8.0,271.5,0,0,0,0,0,1
94700,45.826,0.685,1,1,1,0,2.909,0.0,0,0,1,0,13.34,0.0,0,31.94,0,0,0,1,0,1,1,0,0,1,0,12192.0,2,1,1,1,0,0,1,0,8.0,272.1,0,0,0,0,0,1
94800,45.895,0.685,1,1,1,0,2.909,0.0,0,0,1,0,13.34,0.0,0,31.87,0,0,0,1,0,1,1,0,0,1,0,12192.0,2,1,1,1,0,0,1,0,7.8,271.7,0,0,0,0,0,1
94900,45.963,0.685,1,1,1,0,2.909,0.0,0,0,1,0,13.34,0.0,0,31.89,0,0,0,1,0,1,1,0,0,1,0,12192.0,2,1,1,1,0,0,1,0,8.0,272.7,0,0,0,0,0,1
95000,46.032,0.685,1,1,1,0,2.909,0.0,0,0,1,0,13.34,0.0,0,31.94,0,0,0,1,0,1,1,0,0,1,0,12192.0,2,1,1,1,0,0,1,0,7.5,267.5,0,0,0,0,0,1
95100,46.1,0.685,1,1,1,0,2.909,0.0,0,0,1,0,13.34,0.0,0,32.05,0,0,0,1,0,1,1,0,0,1,0,12192.0,2,1,1,1,0,0,1,0,7.9,270.3,0,0,0,0,0,1
95200,46.169,0.685,1,1,1,0,2.909,0.0,0,0,1,0,13.34,0.0,0,31.96,0,0,0,1,0,1,1,0,0,1,0,12192.0,2,1,1,1,0,0,1,0,8.4,268.4,0,0,0,0,0,1
95300,46.237,0.685,1,1,1,0,2.909,0.0,0,0,1,0,13.34,0.0,0,31.97,0,0,0,1,0,1,1,0,0,1,0,12192.0,2,1,1,1,0,0,1,0,8.3,271.8,0,0,0,0,0,1
95400,46.306,0.685,1,1,1,0,2.909,0.0,0,0,1,0,13.34,0.0,0,32.02,0,0,0,1,0,1,1,0,0,1,0,12192.0,2,1,1,1,0,0,1,0,7.2,270.4,0,0,0,0,0,1
95500,46.374,0.685,1,1,1,0,2.909,0.0,0,0,1,0,13.34,0.0,0,31.94,0,0,0,1,0,1,1,0,0,1,0,12192.0,2,1,1,1,0,0,1,0,7.4,270.1,0,0,0,0,0,1
95600,46.443,0.685,1,1,1,0,2.909,0.0,0,0,1,0,13.34,0.0,0,32.0,0,0,0,1,0,1,1,0,0,1,0,12192.0,2,1,1,1,0,0,1,0,7.5,267.9,0,0,0,0,0,1
95700,46.511,0.685,1,1,1,0,2.909,0.0,0,0,1,0,13.34,0.0,0,31.91,0,0,0,1,0,1,1,0,0,1,0,12192.0,2,1,1,1,0,0,1,0,8.3,273.7,0,0,0,0,0,1
95800,46.58,0.685,1,1,1,0,2.909,0.0,0,0,1,0,13.34,0.0,0,31.95,0,0,0,1,0,1,1,0,0,1,0,12192.0,2,1,1,1,0,0,1,0,7.9,272.1,0,0,0,0,0,1
95900,46.648,0.685,1,1,1,0,2.909,0.0,0,0,1,0,13.34,0.0,0,31.83,0,0,0,1,0,1,1,0,0,1,0,12192.0,2,1,1,1,0,0,1,0,6.9,270.6,0,0,0,0,0,1
96000,46.717,0.685,1,1,1,0,2.909,0.0,0,0,1,0,13.34,0.0,0,31.73,0,0,0,1,0,1,1,0,0,1,0,12192.0,2,1,1,1,0,0,1,0,7.7,266.4,0,0,0,0,0,1
96100,46.785,0.685,1,1,1,0,2.909,0.0,0,0,1,0,13.34,0.0,0,31.91,0,0,0,1,0,1,1,0,0,1,0,12192.0,2,1,1,1,0,0,1,0,7.4,269.4,0,0,0,0,0,1
96200,46.853,0.685,1,1,1,0,2.909,0.0,0,0,1,0,13.34,0.0,0,31.82,0,0,0,1,0,1,1,0,0,1,0,12192.0,2,1,1,1,0,0,1,0,7.2,267.4,0,0,0,0,0,1
96300,46.922,0.685,1,1,1,0,2.909,0.0,0,0,1,0,13.34,0.0,0,31.91,0,0,0,1,0,1,1,0,0,1,0,12192.0,2,1,1,1,0,0,1,0,7.4,270.6,0,0,0,0,0,1
96400,46.99,0.685,1,1,1,0,2.909,0.0,0,0,1,0,13.34,0.0,0,32.04,0,0,0,1,0,1,1,0,0,1,0,12192.0,2,1,1,1,0,0,1,0,6.7,267.1,0,0,0,0,0,1
96500,47.059,0.685,1,1,1,0,2.909,0.0,0,0,1,0,13.34,0.0,0,32.15,0,0,0,1,0,1,1,0,0,1,0,12192.0,2,1,1,1,0,0,1,0,7.4,267.7,0,0,0,0,0,1
96600,47.127,0.685,1,1,1,0,2.909,0.0,0,0,1,0,13.34,0.0,0,32.01,0,0,0,1,0,1,1,0,0,1,0,12192.0,2,1,1,1,0,0,1,0,7.6,270.2,0,0,0,0,0,1
96700,47.196,0.685,1,1,1,0,2.909,0.0,0,0,1,0,13.34,0.0,0,32.26,0,0,0,1,0,1,1,0,0,1,0,12192.0,2,1,1,1,0,0,1,0,7.9,270.5,0,0,0,0,0,1
96800,47.264,0.685,1,1,1,0,2.909,0.0,0,0,1,0,13.34,0.0,0,32.01,0,0,0,1,0,1,1,0,0,1,0,12192.0,2,1,1,1,0,0,1,0,7.2,272.3,0,0,0,0,0,1
96900,47.333,0.685,1,1,1,0,2.909,0.0,0,0,1,0,13.34,0.0,0,32.04,0,0,0,1,0,1,1,0,0,1,0,12192.0,2,1,1,1,0,0,1,0,7.0,267.3,0,0,0,0,0,1
97000,47.401,0.685,1,1,1,0,2.909,0.0,0,0,1,0,13.34,0.0,0,32.08,0,0,0,1,0,1,1,0,0,1,0,12192.0,2,1,1,1,0,0,1,0,7.5,267.5,0,0,0,0,0,1
97100,47.47,0.685,1,1,1,0,2.909,0.0,0,0,1,0,13.34,0.0,0,32.1,0,0,0,1,0,1,1,0,0,1,0,12192.0,2,1,1,1,0,0,1,0,7.6,268.5,0,0,0,0,0,1
97200,47.538,0.685,1,1,1,0,2.909,0.0,0,0,1,0,13.34,0.0,0,31.83,0,0,0,1,0,1,1,0,0,1,0,12192.0,2,1,1,1,0,0,1,0,7.4,267.0,0,0,0,0,0,1
97300,47.607,0.685,1,1,1,0,2.909,0.0,0,0,1,0,13.34,0.0,0,32.01,0,0,0,1,0,1,1,0,0,1,0,12192.0,2,1,1,1,0,0,1,0,7.3,269.7,0,0,0,0,0,1
97400,47.675,0.685,1,1,1,0,2.909,0.0,0,0,1,0,13.34,0.0,0,31.93,0,0,0,1,0,1,1,0,0,1,0,12192.0,2,1,1,1,0,0,1,0,7.2,269.3,0,0,0,0,0,1
97500,47.744,0.685,1,1,1,0,2.909,0.0,0,0,1,0,13.34,0.0,0,32.0,0,0,0,1,0,1,1,0,0,1,0,12192.0,2,1,1,1,0,0,1,0,7.3,274.0,0,0,0,0,0,1
97600,47.812,0.685,1,1,1,0,2.909,0.0,0,0,1,0,13.34,0.0,0,32.0,0,0,0,1,0,1,1,0,0,1,0,12192.0,2,1,1,1,0,0,1,0,7.4,272.5,0,0,0,0,0,1
97700,47.881,0.685,1,1,1,0,2.909,0.0,0,0,1,0,13.34,0.0,0,32.06,0,0,0,1,0,1,1,0,0,1,0,12192.0,2,1,1,1,0,0,1,0,8.2,272.5,0,0,0,0,0,1
97800,47.949,0.685,1,1,1,0,2.909,0.0,0,0,1,0,13.34,0.0,0,32.1,0,0,0,1,0,1,1,0,0,1,0,12192.0,2,1,1,1,0,0,1,0,7.8,273.2,0,0,0,0,0,1
97900,48.018,0.685,1,1,1,0,2.909,0.0,0,0,1,0,13.34,0.0,0,31.95,0,0,0,1,0,1,1,0,0,1,0,12192.0,2,1,1,1,0,0,1,0,7.0,267.4,0,0,0,0,0,1
98000,48.086,0.685,1,1,1,0,2.909,0.0,0,0,1,0,13.34,0.0,0,31.98,0,0,0,1,0,1,1,0,0,1,0,12192.0,2,1,1,1,0,0,1,0,7.6,271.4,0,0,0,0,0,1
98100,48.155,0.685,1,1,1,0,2.909,0.0,0,0,1,0,13.34,0.0,0,31.98,0,0,0,1,0,1,1,0,0,1,0,12192.0,2,1,1,1,0,0,1,0,7.5,273.9,0,0,0,0,0,1
98200,48.223,0.685,1,1,1,0,2.909,0.0,0,0,1,0,13.34,0.0,0,32.12,0,0,0,1,0,1,1,0,0,1,0,12192.0,2,1,1,1,0,0,1,0,7.2,268.4,0,0,0,0,0,1
98300,48.291,0.685,1,1,1,0,2.909,0.0,0,0,1,0,13.34,0.0,0,32.12,0,0,0,1,0,1,1,0,0,1,0,12192.0,2,1,1,1,0,0,1,0,7.5,271.6,0,0,0,0,0,1
98400,48.36,0.685,1,1,1,0,2.909,0.0,0,0,1,0,13.34,0.0,0,31.72,0,0,0,1,0,1,1,0,0,1,0,12192.0,2,1,1,1,0,0,1,0,7.6,270.4,0,0,0,0,0,1
98500,48.428,0.685,1,1,1,0,2.909,0.0,0,0,1,0,13.34,0.0,0,31.78,0,0,0,1,0,1,1,0,0,1,0,12192.0,2,1,1,1,0,0,1,0,8.9,268.8,0,0,0,0,0,1
98600,48.497,0.685,1,1,1,0,2.909,0.0,0,0,1,0,13.34,0.0,0,32.11,0,0,0,1,0,1,1,0,0,1,0,12192.0,2,1,1,1,0,0,1,0,7.6,269.3,0,0,0,0,0,1
98700,48.565,0.685,1,1,1,0,2.909,0.0,0,0,1,0,13.34,0.0,0,31.89,0,0,0,1,0,1,1,0,0,1,0,12192.0,2,1,1,1,0,0,1,0,8.5,272.0,0,0,0,0,0,1
98800,48.634,0.685,1,1,1,0,2.909,0.0,0,0,1,0,13.34,0.0,0,31.9,0,0,0,1,0,1,1,0,0,1,0,12192.0,2,1,1,1,0,0,1,0,8.1,269.9,0,0,0,0,0,1
98900,48.702,0.685,1,1,1,0,2.909,0.0,0,0,1,0,13.34,0.0,0,31.98,0,0,0,1,0,1,1,0,0,1,0,12192.0,2,1,1,1,0,0,1,0,9.5,269.1,0,0,0,0,0,1
99000,48.771,0.685,1,1,1,0,2.909,0.0,0,0,1,0,13.34,0.0,0,31.97,0,0,0,1,0,1,1,0,0,1,0,12192.0,2,1,1,1,0,0,1,0,7.9,277.2,0,0,0,0,0,1
99100,48.839,0.685,1,1,1,0,2.909,0.0,0,0,1,0,13.34,0.0,0,32.01,0,0,0,1,0,1,1,0,0,1,0,12192.0,2,1,1,1,0,0,1,0,8.1,271.1,0,0,0,0,0,1
99200,48.908,0.685,1,1,1,0,2.909,0.0,0,0,1,0,13.34,0.0,0,31.76,0,0,0,1,0,1,1,0,0,1,0,12192.0,2,1,1,1,0,0,1,0,7.2,272.4,0,0,0,0,0,1
99300,48.976,0.685,1,1,1,0,2.909,0.0,0,0,1,0,13.34,0.0,0,31.99,0,0,0,1,0,1,1,0,0,1,0,12192.0,2,1,1,1,0,0,1,0,8.0,272.2,0,0,0,0,0,1
99400,49.045,0.685,1,1,1,0,2.909,0.0,0,0,1,0,13.34,0.0,0,32.09,0,0,0,1,0,1,1,0,0,1,0,12192.0,2,1,1,1,0,0,1,0,7.5,270.5,0,0,0,0,0,1
99500,49.113,0.685,1,1,1,0,2.909,0.0,0,0,1,0,13.34,0.0,0,32.0,0,0,0,1,0,1,1,0,0,1,0,12192.0,2,1,1,1,0,0,1,0,7.5,268.1,0,0,0,0,0,1
99600,49.182,0.685,1,1,1,0,2.909,0.0,0,0,1,0,13.34,0.0,0,32.19,0,0,0,1,0,1,1,0,0,1,0,12192.0,2,1,1,1,0,0,1,0,8.8,270.4,0,0,0,0,0,1
99700,49.25,0.685,1,1,1,0,2.909,0.0,0,0,1,0,13.34,0.0,0,32.13,0,0,0,1,0,1,1,0,0,1,0,12192.0,2,1,1,1,0,0,1,0,8.4,269.0,0,0,0,0,0,1
99800,49.319,0.685,1,1,1,0,2.909,0.0,0,0,1,0,13.34,0.0,0,31.94,0,0,0,1,0,1,1,0,0,1,0,12192.0,2,1,1,1,0,0,1,0,8.2,267.2,0,0,0,0,0,1
99900,49.387,0.685,1,1,1,0,2.909,0.0,0,0,1,0,13.34,0.0,0,31.98,0,0,0,1,0,1,1,0,0,1,0,12192.0,2,1,1,1,0,0,1,0,7.5,269.2,0,0,0,0,0,1
100000,49.456,0.685,1,1,1,0,2.909,0.0,0,0,1,0,13.34,0.0,0,31.83,0,0,0,1,0,1,1,0,0,1,0,12192.0,2,1,1,1,0,0,1,0,8.8,267.7,0,0,0,0,0,1
100100,49.524,0.685,1,1,1,0,2.909,0.0,0,0,1,0,13.34,0.0,0,32.01,0,0,0,1,0,1,1,0,0,1,0,12192.0,2,1,1,1,0,0,1,0,8.3,269.1,0,0,0,0,0,1
100200,49.592,0.685,1,1,1,0,2.909,0.0,0,0,1,0,13.34,0.0,0,31.99,0,0,0,1,0,1,1,0,0,1,0,12192.0,2,1,1,1,0,0,1,0,8.3,267.9,0,0,0,0,0,1
100300,49.661,0.685,1,1,1,0,2.909,0.0,0,0,1,0,13.34,0.0,0,32.1,0,0,0,1,0,1,1,0,0,1,0,12192.0,2,1,1,1,0,0,1,0,8.6,271.5,0,0,0,0,0,1
100400,49.729,0.685,1,1,1,0,2.909,0.0,0,0,1,0,13.34,0.0,0,32.0,0,0,0,1,0,1,1,0,0,1,0,12192.0,2,1,1,1,0,0,1,0,8.8,272.3,0,0,0,0,0,1
100500,49.798,0.685,1,1,1,0,2.909,0.0,0,0,1,0,13.34,0.0,0,31.84,0,0,0,1,0,1,1,0,0,1,0,12192.0,2,1,1,1,0,0,1,0,8.7,270.6,0,0,0,0,0,1
100600,49.866,0.685,1,1,1,0,2.909,0.0,0,0,1,0,13.34,0.0,0,31.92,0,0,0,1,0,1,1,0,0,1,0,12192.0,2,1,1,1,0,0,1,0,8.1,267.9,0,0,0,0,0,1
100700,49.935,0.685,1,1,1,0,2.909,0.0,0,0,1,0,13.34,0.0,0,32.13,0,0,0,1,0,1,1,0,0,1,0,12192.0,2,1,1,1,0,0,1,0,8.6,270.6,0,0,0,0,0,1
100800,50.003,0.685,1,1,1,0,2.909,0.0,0,0,1,0,13.34,0.0,0,31.92,0,0,0,1,0,1,1,0,0,1,0,12192.0,2,1,1,1,0,0,1,0,8.5,274.1,0,0,0,0,0,1
100900,50.072,0.685,1,1,1,0,2.909,0.0,0,0,1,0,13.34,0.0,0,31.98,0,0,0,1,0,1,1,0,0,1,0,12192.0,2,1,1,1,0,0,1,0,9.1,267.8,0,0,0,0,0,1
101000,50.14,0.685,1,1,1,0,2.909,0.0,0,0,1,0,13.34,0.0,0,32.06,0,0,0,1,0,1,1,0,0,1,0,12192.0,2,1,1,1,0,0,1,0,8.3,266.4,0,0,0,0,0,1
101100,50.209,0.685,1,1,1,0,2.909,0.0,0,0,1,0,13.34,0.0,0,32.18,0,0,0,1,0,1,1,0,0,1,0,12192.0,2,1,1,1,0,0,1,0,8.2,271.9,0,0,0,0,0,1
101200,50.277,0.685,1,1,1,0,2.909,0.0,0,0,1,0,13.34,0.0,0,32.04,0,0,0,1,0,1,1,0,0,1,0,12192.0,2,1,1,1,0,0,1,0,8.9,267.5,0,0,0,0,0,1
101300,50.346,0.685,1,1,1,0,2.909,0.0,0,0,1,0,13.34,0.0,0,32.1,0,0,0,1,0,1,1,0,0,1,0,12192.0,2,1,1,1,0,0,1,0,8.8,273.7,0,0,0,0,0,1
101400,50.414,0.685,1,1,1,0,2.909,0.0,0,0,1,0,13.34,0.0,0,31.98,0,0,0,1,0,1,1,0,0,1,0,12192.0,2,1,1,1,0,0,1,0,9.0,271.5,0,0,0,0,0,1
101500,50.483,0.685,1,1,1,0,2.909,0.0,0,0,1,0,13.34,0.0,0,31.97,0,0,0,1,0,1,1,0,0,1,0,12192.0,2,1,1,1,0,0,1,0,9.1,269.7,0,0,0,0,0,1
101600,50.551,0.685,1,1,1,0,2.909,0.0,0,0,1,0,13.34,0.0,0,31.97,0,0,0,1,0,1,1,0,0,1,0,12192.0,2,1,1,1,0,0,1,0,8.3,272.1,0,0,0,0,0,1
101700,50.62,0.685,1,1,1,0,2.909,0.0,0,0,1,0,13.34,0.0,0,31.84,0,0,0,1,0,1,1,0,0,1,0,12192.0,2,1,1,1,0,0,1,0,8.5,268.0,0,0,0,0,0,1
101800,50.688,0.685,1,1,1,0,2.909,0.0,0,0,1,0,13.34,0.0,0,32.0,0,0,0,1,0,1,1,0,0,1,0,12192.0,2,1,1,1,0,0,1,0,8.8,269.7,0,0,0,0,0,1
101900,50.757,0.685,1,1,1,0,2.909,0.0,0,0,1,0,13.34,0.0,0,32.09,0,0,0,1,0,1,1,0,0,1,0,12192.0,2,1,1,1,0,0,1,0,8.9,271.2,0,0,0,0,0,1
102000,50.825,0.685,1,1,1,0,2.909,0.0,0,0,1,0,13.34,0.0,0,32.11,0,0,0,1,0,1,1,0,0,1,0,12192.0,2,1,1,1,0,0,1,0,7.6,271.8,0,0,0,0,0,1
102100,50.893,0.685,1,1,1,0,2.909,0.0,0,0,1,0,13.34,0.0,0,32.03,0,0,0,1,0,1,1,0,0,1,0,12192.0,2,1,1,1,0,0,1,0,8.6,270.8,0,0,0,0,0,1
102200,50.962,0.685,1,1,1,0,2.909,0.0,0,0,1,0,13.34,0.0,0,31.88,0,0,0,1,0,1,1,0,0,1,0,12192.0,2,1,1,1,0,0,1,0,8.7,267.3,0,0,0,0,0,1
102300,51.03,0.685,1,1,1,0,2.909,0.0,0,0,1,0,13.34,0.0,0,32.01,0,0,0,1,0,1,1,0,0,1,0,12192.0,2,1,1,1,0,0,1,0,8.0,270.5,0,0,0,0,0,1
102400,51.099,0.685,1,1,1,0,2.909,0.0,0,0,1,0,13.34,0.0,0,31.92,0,0,0,1,0,1,1,0,0,1,0,12192.0,2,1,1,1,0,0,1,0,7.8,267.9,0,0,0,0,0,1
102500,51.167,0.685,1,1,1,0,2.909,0.0,0,0,1,0,13.34,0.0,0,31.95,0,0,0,1,0,1,1,0,0,1,0,12192.0,2,1,1,1,0,0,1,0,8.4,269.2,0,0,0,0,0,1
102600,51.236,0.685,1,1,1,0,2.909,0.0,0,0,1,0,13.34,0.0,0,32.21,0,0,0,1,0,1,1,0,0,1,0,12192.0,2,1,1,1,0,0,1,0,7.7,271.7,0,0,0,0,0,1
102700,51.304,0.685,1,1,1,0,2.909,0.0,0,0,1,0,13.34,0.0,0,31.89,0,0,0,1,0,1,1,0,0,1,0,12192.0,2,1,1,1,0,0,1,0,8.5,272.3,0,0,0,0,0,1
102800,51.373,0.685,1,1,1,0,2.909,0.0,0,0,1,0,13.34,0.0,0,31.91,0,0,0,1,0,1,1,0,0,1,0,12192.0,2,1,1,1,0,0,1,0,7.9,268.6,0,0,0,0,0,1
102900,51.441,0.685,1,1,1,0,2.909,0.0,0,0,1,0,13.34,0.0,0,31.78,0,0,0,1,0,1,1,0,0,1,0,12192.0,2,1,1,1,0,0,1,0,8.6,269.8,0,0,0,0,0,1
103000,51.51,0.685,1,1,1,0,2.909,0.0,0,0,1,0,13.34,0.0,0,32.12,0,0,0,1,0,1,1,0,0,1,0,12192.0,2,1,1,1,0,0,1,0,7.8,266.0,0,0,0,0,0,1
103100,51.578,0.685,1,1,1,0,2.909,0.0,0,0,1,0,13.34,0.0,0,32.22,0,0,0,1,0,1,1,0,0,1,0,12192.0,2,1,1,1,0,0,1,0,7.8,271.8,0,0,0,0,0,1
103200,51.647,0.685,1,1,1,0,2.909,0.0,0,0,1,0,13.34,0.0,0,32.1,0,0,0,1,0,1,1,0,0,1,0,12192.0,2,1,1,1,0,0,1,0,7.5,272.8,0,0,0,0,0,1
103300,51.715,0.685,1,1,1,0,2.909,0.0,0,0,1,0,13.34,0.0,0,31.88,0,0,0,1,0,1,1,0,0,1,0,12192.0,2,1,1,1,0,0,1,0,7.4,270.4,0,0,0,0,0,1
103400,51.784,0.685,1,1,1,0,2.909,0.0,0,0,1,0,13.34,0.0,0,31.77,0,0,0,1,0,1,1,0,0,1,0,12192.0,2,1,1,1,0,0,1,0,8.0,268.6,0,0,0,0,0,1
103500,51.852,0.685,1,1,1,0,2.909,0.0,0,0,1,0,13.34,0.0,0,32.08,0,0,0,1,0,1,1,0,0,1,0,12192.0,2,1,1,1,0,0,1,0,7.6,271.9,0,0,0,0,0,1
103600,51.921,0.685,1,1,1,0,2.909,0.0,0,0,1,0,13.34,0.0,0,31.99,0,0,0,1,0,1,1,0,0,1,0,12192.0,2,1,1,1,0,0,1,0,8.6,273.5,0,0,0,0,0,1
103700,51.989,0.685,1,1,1,0,2.909,0.0,0,0,1,0,13.34,0.0,0,31.92,0,0,0,1,0,1,1,0,0,1,0,12192.0,2,1,1,1,0,0,1,0,7.2,266.6,0,0,0,0,0,1
103800,52.058,0.685,1,1,1,0,2.909,0.0,0,0,1,0,13.34,0.0,0,31.9,0,0,0,1,0,1,1,0,0,1,0,12192.0,2,1,1,1,0,0,1,0,7.9,268.0,0,0,0,0,0,1
103900,52.126,0.685,1,1,1,0,2.909,0.0,0,0,1,0,13.34,0.0,0,31.97,0,0,0,1,0,1,1,0,0,1,0,12192.0,2,1,1,1,0,0,1,0,7.8,268.0,0,0,0,0,0,1
104000,52.195,0.685,1,1,1,0,2.909,0.0,0,0,1,0,13.34,0.0,0,31.92,0,0,0,1,0,1,1,0,0,1,0,12192.0,2,1,1,1,0,0,1,0,7.2,269.5,0,0,0,0,0,1
104100,52.263,0.685,1,1,1,0,2.909,0.0,0,0,1,0,13.34,0.0,0,31.79,0,0,0,1,0,1,1,0,0,1,0,12192.0,2,1,1,1,0,0,1,0,7.1,267.4,0,0,0,0,0,1
104200,52.331,0.685,1,1,1,0,2.909,0.0,0,0,1,0,13.34,0.0,0,32.14,0,0,0,1,0,1,1,0,0,1,0,12192.0,2,1,1,1,0,0,1,0,7.5,273.1,0,0,0,0,0,1
104300,52.4,0.685,1,1,1,0,2.909,0.0,0,0,1,0,13.34,0.0,0,32.19,0,0,0,1,0,1,1,0,0,1,0,12192.0,2,1,1,1,0,0,1,0,7.6,268.5,0,0,0,0,0,1
104400,52.468,0.685,1,1,1,0,2.909,0.0,0,0,1,0,13.34,0.0,0,31.95,0,0,0,1,0,1,1,0,0,1,0,12192.0,2,1,1,1,0,0,1,0,7.3,264.3,0,0,0,0,0,1
104500,52.537,0.685,1,1,1,0,2.909,0.0,0,0,1,0,13.34,0.0,0,32.07,0,0,0,1,0,1,1,0,0,1,0,12192.0,2,1,1,1,0,0,1,0,7.9,270.4,0,0,0,0,0,1
104600,52.605,0.685,1,1,1,0,2.909,0.0,0,0,1,0,13.34,0.0,0,32.15,0,0,0,1,0,1,1,0,0,1,0,12192.0,2,1,1,1,0,0,1,0,7.5,272.7,0,0,0,0,0,1
104700,52.674,0.685,1,1,1,0,2.909,0.0,0,0,1,0,13.34,0.0,0,31.81,0,0,0,1,0,1,1,0,0,1,0,12192.0,2,1,1,1,0,0,1,0,7.5,270.2,0,0,0,0,0,1
104800,52.742,0.685,1,1,1,0,2.909,0.0,0,0,1,0,13.34,0.0,0,32.04,0,0,0,1,0,1,1,0,0,1,0,12192.0,2,1,1,1,0,0,1,0,8.0,272.0,0,0,0,0,0,1
104900,52.811,0.685,1,1,1,0,2.909,0.0,0,0,1,0,13.34,0.0,0,32.1,0,0,0,1,0,1,1,0,0,1,0,12192.0,2,1,1,1,0,0,1,0,7.6,266.9,0,0,0,0,0,1
105000,52.879,0.685,1,1,1,0,2.909,0.0,0,0,1,0,13.34,0.0,0,31.9,0,0,0,1,0,1,1,0,0,1,0,12192.0,2,1,1,1,0,0,1,0,7.4,270.8,0,0,0,0,0,1
105100,52.948,0.685,1,1,1,0,2.909,0.0,0,0,1,0,13.34,0.0,0,32.0,0,0,0,1,0,1,1,0,0,1,0,12192.0,2,1,1,1,0,0,1,0,7.9,270.7,0,0,0,0,0,1
105200,53.016,0.685,1,1,1,0,2.909,0.0,0,0,1,0,13.34,0.0,0,31.86,0,0,0,1,0,1,1,0,0,1,0,12192.0,2,1,1,1,0,0,1,0,7.4,265.5,0,0,0,0,0,1
105300,53.085,0.685,1,1,1,0,2.909,0.0,0,0,1,0,13.34,0.0,0,32.05,0,0,0,1,0,1,1,0,0,1,0,12192.0,2,1,1,1,0,0,1,0,7.4,276.3,0,0,0,0,0,1
105400,53.153,0.685,1,1,1,0,2.909,0.0,0,0,1,0,13.34,0.0,0,32.05,0,0,0,1,0,1,1,0,0,1,0,12192.0,2,1,1,1,0,0,1,0,7.1,268.2,0,0,0,0,0,1
105500,53.222,0.685,1,1,1,0,2.909,0.0,0,0,1,0,13.34,0.0,0,32.16,0,0,0,1,0,1,1,0,0,1,0,12192.0,2,1,1,1,0,0,1,0,7.0,272.7,0,0,0,0,0,1
105600,53.29,0.685,1,1,1,0,2.909,0.0,0,0,1,0,13.34,0.0,0,31.95,0,0,0,1,0,1,1,0,0,1,0,12192.0,2,1,1,1,0,0,1,0,7.2,269.1,0,0,0,0,0,1
105700,53.359,0.685,1,1,1,0,2.909,0.0,0,0,1,0,13.34,0.0,0,31.9,0,0,0,1,0,1,1,0,0,1,0,12192.0,2,1,1,1,0,0,1,0,7.1,274.6,0,0,0,0,0,1
105800,53.427,0.685,1,1,1,0,2.909,0.0,0,0,1,0,13.34,0.0,0,31.93,0,0,0,1,0,1,1,0,0,1,0,12192.0,2,1,1,1,0,0,1,0,7.4,268.5,0,0,0,0,0,1
105900,53.496,0.685,1,1,1,0,2.909,0.0,0,0,1,0,13.34,0.0,0,31.86,0,0,0,1,0,1,1,0,0,1,0,12192.0,2,1,1,1,0,0,1,0,7.3,268.5,0,0,0,0,0,1
106000,53.564,0.685,1,1,1,0,2.909,0.0,0,0,1,0,13.34,0.0,0,31.72,0,0,0,1,0,1,1,0,0,1,0,12192.0,2,1,1,1,0,0,1,0,8.0,268.6,0,0,0,0,0,1
106100,53.632,0.685,1,1,1,0,2.909,0.0,0,0,1,0,13.34,0.0,0,32.04,0,0,0,1,0,1,1,0,0,1,0,12192.0,2,1,1,1,0,0,1,0,7.0,269.5,0,0,0,0,0,1
106200,53.701,0.685,1,1,1,0,2.909,0.0,0,0,1,0,13.34,0.0,0,31.83,0,0,0,1,0,1,1,0,0,1,0,12192.0,2,1,1,1,0,0,1,0,7.6,271.0,0,0,0,0,0,1
106300,53.769,0.685,1,1,1,0,2.909,0.0,0,0,1,0,13.34,0.0,0,32.14,0,0,0,1,0,1,1,0,0,1,0,12192.0,2,1,1,1,0,0,1,0,7.4,271.9,0,0,0,0,0,1
106400,53.838,0.685,1,1,1,0,2.909,0.0,0,0,1,0,13.34,0.0,0,32.13,0,0,0,1,0,1,1,0,0,1,0,12192.0,2,1,1,1,0,0,1,0,7.6,271.4,0,0,0,0,0,1
106500,53.906,0.685,1,1,1,0,2.909,0.0,0,0,1,0,13.34,0.0,0,31.92,0,0,0,1,0,1,1,0,0,1,0,12192.0,2,1,1,1,0,0,1,0,7.7,269.4,0,0,0,0,0,1
106600,53.975,0.685,1,1,1,0,2.909,0.0,0,0,1,0,13.34,0.0,0,32.02,0,0,0,1,0,1,1,0,0,1,0,12192.0,2,1,1,1,0,0,1,0,7.6,270.9,0,0,0,0,0,1
106700,54.043,0.685,1,1,1,0,2.909,0.0,0,0,1,0,13.34,0.0,0,31.96,0,0,0,1,0,1,1,0,0,1,0,12192.0,2,1,1,1,0,0,1,0,7.6,267.1,0,0,0,0,0,1
106800,54.112,0.685,1,1,1,0,2.909,0.0,0,0,1,0,13.34,0.0,0,32.04,0,0,0,1,0,1,1,0,0,1,0,12192.0,2,1,1,1,0,0,1,0,8.7,267.9,0,0,0,0,0,1
106900,54.18,0.685,1,1,1,0,2.909,0.0,0,0,1,0,13.34,0.0,0,31.97,0,0,0,1,0,1,1,0,0,1,0,12192.0,2,1,1,1,0,0,1,0,8.2,268.9,0,0,0,0,0,1
107000,54.249,0.685,1,1,1,0,2.909,0.0,0,0,1,0,13.34,0.0,0,31.93,0,0,0,1,0,1,1,0,0,1,0,12192.0,2,1,1,1,0,0,1,0,8.0,269.7,0,0,0,0,0,1
107100,54.317,0.685,1,1,1,0,2.909,0.0,0,0,1,0,13.34,0.0,0,32.09,0,0,0,1,0,1,1,0,0,1,0,12192.0,2,1,1,1,0,0,1,0,8.1,271.5,0,0,0,0,0,1
107200,54.386,0.685,1,1,1,0,2.909,0.0,0,0,1,0,13.34,0.0,0,32.05,0,0,0,1,0,1,1,0,0,1,0,12192.0,2,1,1,1,0,0,1,0,8.3,270.9,0,0,0,0,0,1
107300,54.454,0.685,1,1,1,0,2.909,0.0,0,0,1,0,13.34,0.0,0,32.11,0,0,0,1,0,1,1,0,0,1,0,12192.0,2,1,1,1,0,0,1,0,8.0,267.3,0,0,0,0,0,1
107400,54.523,0.685,1,1,1,0,2.909,0.0,0,0,1,0,13.34,0.0,0,31.98,0,0,0,1,0,1,1,0,0,1,0,12192.0,2,1,1,1,0,0,1,0,8.3,267.9,0,0,0,0,0,1
107500,54.591,0.685,1,1,1,0,2.909,0.0,0,0,1,0,13.34,0.0,0,31.83,0,0,0,1,0,1,1,0,0,1,0,12192.0,2,1,1,1,0,0,1,0,8.0,272.8,0,0,0,0,0,1
107600,54.66,0.685,1,1,1,0,2.909,0.0,0,0,1,0,13.34,0.0,0,31.98,0,0,0,1,0,1,1,0,0,1,0,12192.0,2,1,1,1,0,0,1,0,8.5,270.7,0,0,0,0,0,1
107700,54.728,0.685,1,1,1,0,2.909,0.0,0,0,1,0,13.34,0.0,0,32.04,0,0,0,1,0,1,1,0,0,1,0,12192.0,2,1,1,1,0,0,1,0,7.7,271.1,0,0,0,0,0,1
107800,54.797,0.685,1,1,1,0,2.909,0.0,0,0,1,0,13.34,0.0,0,32.02,0,0,0,1,0,1,1,0,0,1,0,12192.0,2,1,1,1,0,0,1,0,7.7,270.7,0,0,0,0,0,1
107900,54.865,0.685,1,1,1,0,2.909,0.0,0,0,1,0,13.34,0.0,0,31.92,0,0,0,1,0,1,1,0,0,1,0,12192.0,2,1,1,1,0,0,1,0,8.2,271.0,0,0,0,0,0,1
108000,54.933,0.685,1,1,1,0,2.909,0.0,0,0,1,0,13.34,0.0,0,31.86,0,0,0,1,0,1,1,0,0,1,0,12192.0,2,1,1,1,0,0,1,0,7.9,270.4,0,0,0,0,0,1
108100,55.002,0.685,1,1,1,0,2.909,0.0,0,0,1,0,13.34,0.0,0,32.04,0,0,0,1,0,1,1,0,0,1,0,12192.0,2,1,1,1,0,0,1,0,8.2,268.4,0,0,0,0,0,1
108200,55.07,0.685,1,1,1,0,2.909,0.0,0,0,1,0,13.34,0.0,0,32.06,0,0,0,1,0,1,1,0,0,1,0,12192.0,2,1,1,1,0,0,1,0,8.4,278.0,0,0,0,0,0,1
108300,55.139,0.685,1,1,1,0,2.909,0.0,0,0,1,0,13.34,0.0,0,32.11,0,0,0,1,0,1,1,0,0,1,0,12192.0,2,1,1,1,0,0,1,0,8.2,275.6,0,0,0,0,0,1
108400,55.207,0.685,1,1,1,0,2.909,0.0,0,0,1,0,13.34,0.0,0,32.08,0,0,0,1,0,1,1,0,0,1,0,12192.0,2,1,1,1,0,0,1,0,8.3,267.1,0,0,0,0,0,1
108500,55.276,0.685,1,1,1,0,2.909,0.0,0,0,1,0,13.34,0.0,0,32.02,0,0,0,1,0,1,1,0,0,1,0,12192.0,2,1,1,1,0,0,1,0,7.8,269.0,0,0,0,0,0,1
108600,55.344,0.685,1,1,1,0,2.909,0.0,0,0,1,0,13.34,0.0,0,31.87,0,0,0,1,0,1,1,0,0,1,0,12192.0,2,1,1,1,0,0,1,0,8.5,270.6,0,0,0,0,0,1
108700,55.413,0.685,1,1,1,0,2.909,0.0,0,0,1,0,13.34,0.0,0,32.06,0,0,0,1,0,1,1,0,0,1,0,12192.0,2,1,1,1,0,0,1,0,8.0,270.8,0,0,0,0,0,1
108800,55.481,0.685,1,1,1,0,2.909,0.0,0,0,1,0,13.34,0.0,0,31.87,0,0,0,1,0,1,1,0,0,1,0,12192.0,2,1,1,1,0,0,1,0,8.2,269.9,0,0,0,0,0,1
108900,55.55,0.685,1,1,1,0,2.909,0.0,0,0,1,0,13.34,0.0,0,32.02,0,0,0,1,0,1,1,0,0,1,0,12192.0,2,1,1,1,0,0,1,0,7.8,268.8,0,0,0,0,0,1
109000,55.618,0.685,1,1,1,0,2.909,0.0,0,0,1,0,13.34,0.0,0,31.69,0,0,0,1,0,1,1,0,0,1,0,12192.0,2,1,1,1,0,0,1,0,8.5,267.3,0,0,0,0,0,1
109100,55.687,0.685,1,1,1,0,2.909,0.0,0,0,1,0,13.34,0.0,0,32.04,0,0,0,1,0,1,1,0,0,1,0,12192.0,2,1,1,1,0,0,1,0,8.0,268.2,0,0,0,0,0,1
109200,55.755,0.685,1,1,1,0,2.909,0.0,0,0,1,0,13.34,0.0,0,31.83,0,0,0,1,0,1,1,0,0,1,0,12192.0,2,1,1,1,0,0,1,0,8.7,276.5,0,0,0,0,0,1
109300,55.824,0.685,1,1,1,0,2.909,0.0,0,0,1,0,13.34,0.0,0,31.98,0,0,0,1,0,1,1,0,0,1,0,12192.0,2,1,1,1,0,0,1,0,7.8,271.6,0,0,0,0,0,1
109400,55.892,0.685,1,1,1,0,2.909,0.0,0,0,1,0,13.34,0.0,0,32.06,0,0,0,1,0,1,1,0,0,1,0,12192.0,2,1,1,1,0,0,1,0,8.2,266.3,0,0,0,0,0,1
109500,55.961,0.685,1,1,1,0,2.909,0.0,0,0,1,0,13.34,0.0,0,32.04,0,0,0,1,0,1,1,0,0,1,0,12192.0,2,1,1,1,0,0,1,0,9.2,266.6,0,0,0,0,0,1
109600,56.029,0.685,1,1,1,0,2.909,0.0,0,0,1,0,13.34,0.0,0,32.02,0,0,0,1,0,1,1,0,0,1,0,12192.0,2,1,1,1,0,0,1,0,8.3,270.8,0,0,0,0,0,1
109700,56.098,0.685,1,1,1,0,2.909,0.0,0,0,1,0,13.34,0.0,0,31.86,0,0,0,1,0,1,1,0,0,1,0,12192.0,2,1,1,1,0,0,1,0,7.8,275.1,0,0,0,0,0,1
109800,56.166,0.685,1,1,1,0,2.909,0.0,0,0,1,0,13.34,0.0,0,31.97,0,0,0,1,0,1,1,0,0,1,0,12192.0,2,1,1,1,0,0,1,0,8.0,272.7,0,0,0,0,0,1
109900,56.235,0.685,1,1,1,0,2.909,0.0,0,0,1,0,13.34,0.0,0,31.89,0,0,0,1,0,1,1,0,0,1,0,12192.0,2,1,1,1,0,0,1,0,9.3,271.2,0,0,0,0,0,1
110000,56.303,0.685,1,1,1,0,2.909,0.0,0,0,1,0,13.34,0.0,0,31.89,0,0,0,1,0,1,1,0,0,1,0,12192.0,2,1,1,1,0,0,1,0,8.9,272.5,0,0,0,0,0,1
110100,56.371,0.685,1,1,1,0,2.909,0.0,0,0,1,0,13.34,0.0,0,31.87,0,0,0,1,0,1,1,0,0,1,0,12192.0,2,1,1,1,0,0,1,0,8.8,266.5,0,0,0,0,0,1
110200,56.44,0.685,1,1,1,0,2.909,0.0,0,0,1,0,13.34,0.0,0,32.13,0,0,0,1,0,1,1,0,0,1,0,12192.0,2,1,1,1,0,0,1,0,8.6,267.7,0,0,0,0,0,1
110300,56.508,0.685,1,1,1,0,2.909,0.0,0,0,1,0,13.34,0.0,0,31.83,0,0,0,1,0,1,1,0,0,1,0,12192.0,2,1,1,1,0,0,1,0,8.7,264.2,0,0,0,0,0,1
110400,56.577,0.685,1,1,1,0,2.909,0.0,0,0,1,0,13.34,0.0,0,32.09,0,0,0,1,0,1,1,0,0,1,0,12192.0,2,1,1,1,0,0,1,0,8.8,270.4,0,0,0,0,0,1
110500,56.645,0.685,1,1,1,0,2.909,0.0,0,0,1,0,13.34,0.0,0,32.07,0,0,0,1,0,1,1,0,0,1,0,12192.0,2,1,1,1,0,0,1,0,8.8,266.3,0,0,0,0,0,1
110600,56.714,0.685,1,1,1,0,2.909,0.0,0,0,1,0,13.34,0.0,0,31.87,0,0,0,1,0,1,1,0,0,1,0,12192.0,2,1,1,1,0,0,1,0,8.7,272.3,0,0,0,0,0,1
110700,56.782,0.685,1,1,1,0,2.909,0.0,0,0,1,0,13.34,0.0,0,31.92,0,0,0,1,0,1,1,0,0,1,0,12192.0,2,1,1,1,0,0,1,0,8.3,270.7,0,0,0,0,0,1
110800,56.851,0.685,1,1,1,0,2.909,0.0,0,0,1,0,13.34,0.0,0,32.16,0,0,0,1,0,1,1,0,0,1,0,12192.0,2,1,1,1,0,0,1,0,8.6,273.6,0,0,0,0,0,1
110900,56.919,0.685,1,1,1,0,2.909,0.0,0,0,1,0,13.34,0.0,0,31.87,0,0,0,1,0,1,1,0,0,1,0,12192.0,2,1,1,1,0,0,1,0,9.1,268.0,0,0,0,0,0,1
111000,56.988,0.685,1,1,1,0,2.909,0.0,0,0,1,0,13.34,0.0,0,31.97,0,0,0,1,0,1,1,0,0,1,0,12192.0,2,1,1,1,0,0,1,0,9.7,268.2,0,0,0,0,0,1
111100,57.056,0.685,1,1,1,0,2.909,0.0,0,0,1,0,13.34,0.0,0,31.99,0,0,0,1,0,1,1,0,0,1,0,12192.0,2,1,1,1,0,0,1,0,8.2,268.4,0,0,0,0,0,1
111200,57.125,0.685,1,1,1,0,2.909,0.0,0,0,1,0,13.34,0.0,0,31.87,0,0,0,1,0,1,1,0,0,1,0,12192.0,2,1,1,1,0,0,1,0,8.5,270.1,0,0,0,0,0,1
111300,57.193,0.685,1,1,1,0,2.909,0.0,0,0,1,0,13.34,0.0,0,31.89,0,0,0,1,0,1,1,0,0,1,0,12192.0,2,1,1,1,0,0,1,0,8.4,272.8,0,0,0,0,0,1
111400,57.262,0.685,1,1,1,0,2.909,0.0,0,0,1,0,13.34,0.0,0,31.97,0,0,0,1,0,1,1,0,0,1,0,12192.0,2,1,1,1,0,0,1,0,7.6,272.0,0,0,0,0,0,1
111500,57.33,0.685,1,1,1,0,2.909,0.0,0,0,1,0,13.34,0.0,0,32.03,0,0,0,1,0,1,1,0,0,1,0,12192.0,2,1,1,1,0,0,1,0,9.1,264.5,0,0,0,0,0,1
111600,57.399,0.685,1,1,1,0,2.909,0.0,0,0,1,0,13.34,0.0,0,31.89,0,0,0,1,0,1,1,0,0,1,0,12192.0,2,1,1,1,0,0,1,0,9.1,263.3,0,0,0,0,0,1
111700,57.467,0.685,1,1,1,0,2.909,0.0,0,0,1,0,13.34,0.0,0,31.96,0,0,0,1,0,1,1,0,0,1,0,12192.0,2,1,1,1,0,0,1,0,8.1,273.9,0,0,0,0,0,1
111800,57.536,0.685,1,1,1,0,2.909,0.0,0,0,1,0,13.34,0.0,0,31.92,0,0,0,1,0,1,1,0,0,1,0,12192.0,2,1,1,1,0,0,1,0,8.0,272.4,0,0,0,0,0,1
111900,57.604,0.685,1,1,1,0,2.909,0.0,0,0,1,0,13.34,0.0,0,32.0,0,0,0,1,0,1,1,0,0,1,0,12192.0,2,1,1,1,0,0,1,0,8.1,269.4,0,0,0,0,0,1
112000,57.672,0.685,1,1,1,0,2.909,0.0,0,0,1,0,13.34,0.0,0,31.81,0,0,0,1,0,1,1,0,0,1,0,12192.0,2,1,1,1,0,0,1,0,8.7,269.8,0,0,0,0,0,1
112100,57.741,0.685,1,1,1,0,2.909,0.0,0,0,1,0,13.34,0.0,0,31.92,0,0,0,1,0,1,1,0,0,1,0,12192.0,2,1,1,1,0,0,1,0,8.0,266.6,0,0,0,0,0,1
112200,57.809,0.685,1,1,1,0,2.909,0.0,0,0,1,0,13.34,0.0,0,32.07,0,0,0,1,0,1,1,0,0,1,0,12192.0,2,1,1,1,0,0,1,0,8.0,270.7,0,0,0,0,0,1
112300,57.878,0.685,1,1,1,0,2.909,0.0,0,0,1,0,13.34,0.0,0,32.0,0,0,0,1,0,1,1,0,0,1,0,12192.0,2,1,1,1,0,0,1,0,8.5,270.2,0,0,0,0,0,1
112400,57.946,0.685,1,1,1,0,2.909,0.0,0,0,1,0,13.34,0.0,0,31.88,0,0,0,1,0,1,1,0,0,1,0,12192.0,2,1,1,1,0,0,1,0,7.4,269.4,0,0,0,0,0,1
112500,58.015,0.685,1,1,1,0,2.909,0.0,0,0,1,0,13.34,0.0,0,32.07,0,0,0,1,0,1,1,0,0,1,0,12192.0,2,1,1,1,0,0,1,0,8.1,272.8,0,0,0,0,0,1
112600,58.083,0.685,1,1,1,0,2.909,0.0,0,0,1,0,13.34,0.0,0,31.95,0,0,0,1,0,1,1,0,0,1,0,12192.0,2,1,1,1,0,0,1,0,8.0,274.4,0,0,0,0,0,1
112700,58.152,0.685,1,1,1,0,2.909,0.0,0,0,1,0,13.34,0.0,0,31.87,0,0,0,1,0,1,1,0,0,1,0,12192.0,2,1,1,1,0,0,1,0,7.9,268.9,0,0,0,0,0,1
112800,58.22,0.685,1,1,1,0,2.909,0.0,0,0,1,0,13.34,0.0,0,32.15,0,0,0,1,0,1,1,0,0,1,0,12192.0,2,1,1,1,0,0,1,0,7.8,270.4,0,0,0,0,0,1
112900,58.289,0.685,1,1,1,0,2.909,0.0,0,0,1,0,13.34,0.0,0,32.01,0,0,0,1,0,1,1,0,0,1,0,12192.0,2,1,1,1,0,0,1,0,8.1,273.1,0,0,0,0,0,1
113000,58.357,0.685,1,1,1,0,2.909,0.0,0,0,1,0,13.34,0.0,0,31.75,0,0,0,1,0,1,1,0,0,1,0,12192.0,2,1,1,1,0,0,1,0,8.0,268.9,0,0,0,0,0,1
113100,58.426,0.685,1,1,1,0,2.909,0.0,0,0,1,0,13.34,0.0,0,32.15,0,0,0,1,0,1,1,0,0,1,0,12192.0,2,1,1,1,0,0,1,0,8.1,272.4,0,0,0,0,0,1
113200,58.494,0.685,1,1,1,0,2.909,0.0,0,0,1,0,13.34,0.0,0,32.05,0,0,0,1,0,1,1,0,0,1,0,12192.0,2,1,1,1,0,0,1,0,7.3,267.5,0,0,0,0,0,1
113300,58.563,0.685,1,1,1,0,2.909,0.0,0,0,1,0,13.34,0.0,0,32.15,0,0,0,1,0,1,1,0,0,1,0,12192.0,2,1,1,1,0,0,1,0,6.8,269.9,0,0,0,0,0,1
113400,58.631,0.685,1,1,1,0,2.909,0.0,0,0,1,0,13.34,0.0,0,31.99,0,0,0,1,0,1,1,0,0,1,0,12192.0,2,1,1,1,0,0,1,0,7.8,269.7,0,0,0,0,0,1
113500,58.7,0.685,1,1,1,0,2.909,0.0,0,0,1,0,13.34,0.0,0,31.91,0,0,0,1,0,1,1,0,0,1,0,12192.0,2,1,1,1,0,0,1,0,7.6,272.0,0,0,0,0,0,1
113600,58.768,0.685,1,1,1,0,2.909,0.0,0,0,1,0,13.34,0.0,0,31.94,0,0,0,1,0,1,1,0,0,1,0,12192.0,2,1,1,1,0,0,1,0,8.0,266.8,0,0,0,0,0,1
113700,58.837,0.685,1,1,1,0,2.909,0.0,0,0,1,0,13.34,0.0,0,32.04,0,0,0,1,0,1,1,0,0,1,0,12192.0,2,1,1,1,0,0,1,0,7.2,271.2,0,0,0,0,0,1
113800,58.905,0.685,1,1,1,0,2.909,0.0,0,0,1,0,13.34,0.0,0,31.99,0,0,0,1,0,1,1,0,0,1,0,12192.0,2,1,1,1,0,0,1,0,7.7,271.1,0,0,0,0,0,1
113900,58.973,0.685,1,1,1,0,2.909,0.0,0,0,1,0,13.34,0.0,0,32.25,0,0,0,1,0,1,1,0,0,1,0,12192.0,2,1,1,1,0,0,1,0,8.2,269.4,0,0,0,0,0,1
114000,59.042,0.685,1,1,1,0,2.909,0.0,0,0,1,0,13.34,0.0,0,32.04,0,0,0,1,0,1,1,0,0,1,0,12192.0,2,1,1,1,0,0,1,0,7.8,268.2,0,0,0,0,0,1
114100,59.11,0.685,1,1,1,0,2.909,0.0,0,0,1,0,13.34,0.0,0,31.85,0,0,0,1,0,1,1,0,0,1,0,12192.0,2,1,1,1,0,0,1,0,6.5,271.4,0,0,0,0,0,1
114200,59.179,0.685,1,1,1,0,2.909,0.0,0,0,1,0,13.34,0.0,0,31.79,0,0,0,1,0,1,1,0,0,1,0,12192.0,2,1,1,1,0,0,1,0,8.4,268.5,0,0,0,0,0,1
114300,59.247,0.685,1,1,1,0,2.909,0.0,0,0,1,0,13.34,0.0,0,32.01,0,0,0,1,0,1,1,0,0,1,0,12192.0,2,1,1,1,0,0,1,0,7.5,266.6,0,0,0,0,0,1
114400,59.316,0.685,1,1,1,0,2.909,0.0,0,0,1,0,13.34,0.0,0,31.92,0,0,0,1,0,1,1,0,0,1,0,12192.0,2,1,1,1,0,0,1,0,7.6,268.6,0,0,0,0,0,1
114500,59.384,0.685,1,1,1,0,2.909,0.0,0,0,1,0,13.34,0.0,0,31.79,0,0,0,1,0,1,1,0,0,1,0,12192.0,2,1,1,1,0,0,1,0,7.3,268.8,0,0,0,0,0,1
114600,59.453,0.685,1,1,1,0,2.909,0.0,0,0,1,0,13.34,0.0,0,31.95,0,0,0,1,0,1,1,0,0,1,0,12192.0,2,1,1,1,0,0,1,0,7.4,269.4,0,0,0,0,0,1
114700,59.521,0.685,1,1,1,0,2.909,0.0,0,0,1,0,13.34,0.0,0,31.98,0,0,0,1,0,1,1,0,0,1,0,12192.0,2,1,1,1,0,0,1,0,7.2,269.0,0,0,0,0,0,1
114800,59.59,0.685,1,1,1,0,2.909,0.0,0,0,1,0,13.34,0.0,0,32.04,0,0,0,1,0,1,1,0,0,1,0,12192.0,2,1,1,1,0,0,1,0,7.4,273.4,0,0,0,0,0,1
114900,59.658,0.685,1,1,1,0,2.909,0.0,0,0,1,0,13.34,0.0,0,32.04,0,0,0,1,0,1,1,0,0,1,0,12192.0,2,1,1,1,0,0,1,0,7.1,267.5,0,0,0,0,0,1
115000,59.727,0.685,1,1,1,0,2.909,0.0,0,0,1,0,13.34,0.0,0,32.16,0,0,0,1,0,1,1,0,0,1,0,12192.0,2,1,1,1,0,0,1,0,7.1,270.3,0,0,0,0,0,1
115100,59.795,0.685,1,1,1,0,2.909,0.0,0,0,1,0,13.34,0.0,0,32.11,0,0,0,1,0,1,1,0,0,1,0,12192.0,2,1,1,1,0,0,1,0,7.4,270.3,0,0,0,0,0,1
115200,59.864,0.685,1,1,1,0,2.909,0.0,0,0,1,0,13.34,0.0,0,32.04,0,0,0,1,0,1,1,0,0,1,0,12192.0,2,1,1,1,0,0,1,0,7.2,272.5,0,0,0,0,0,1
115300,59.932,0.685,1,1,1,0,2.909,0.0,0,0,1,0,13.34,0.0,0,32.02,0,0,0,1,0,1,1,0,0,1,0,12192.0,2,1,1,1,0,0,1,0,7.8,276.3,0,0,0,0,0,1
115400,60.001,0.685,1,1,1,0,2.909,0.0,0,0,1,0,13.34,0.0,0,31.91,0,0,0,1,0,1,1,0,0,1,0,12192.0,2,1,1,1,0,0,1,0,7.5,267.8,0,0,0,0,0,1
115500,60.069,0.685,1,1,1,0,2.909,0.0,0,0,1,0,13.34,0.0,0,32.08,0,0,0,1,0,1,1,0,0,1,0,12192.0,2,1,1,1,0,0,1,0,8.0,267.0,0,0,0,0,0,1
115600,60.138,0.685,1,1,1,0,2.909,0.0,0,0,1,0,13.34,0.0,0,31.99,0,0,0,1,0,1,1,0,0,1,0,12192.0,2,1,1,1,0,0,1,0,7.6,275.5,0,0,0,0,0,1
115700,60.206,0.685,1,1,1,0,2.909,0.0,0,0,1,0,13.34,0.0,0,31.89,0,0,0,1,0,1,1,0,0,1,0,12192.0,2,1,1,1,0,0,1,0,7.3,272.6,0,0,0,0,0,1
115800,60.275,0.685,1,1,1,0,2.909,0.0,0,0,1,0,13.34,0.0,0,31.79,0,0,0,1,0,1,1,0,0,1,0,12192.0,2,1,1,1,0,0,1,0,8.0,272.3,0,0,0,0,0,1
115900,60.343,0.685,1,1,1,0,2.909,0.0,0,0,1,0,13.34,0.0,0,32.15,0,0,0,1,0,1,1,0,0,1,0,12192.0,2,1,1,1,0,0,1,0,7.4,265.4,0,0,0,0,0,1
116000,60.411,0.685,1,1,1,0,2.909,0.0,0,0,1,0,13.34,0.0,0,31.86,0,0,0,1,0,1,1,0,0,1,0,12192.0,2,1,1,1,0,0,1,0,7.2,271.4,0,0,0,0,0,1
116100,60.48,0.685,1,1,1,0,2.909,0.0,0,0,1,0,13.34,0.0,0,32.23,0,0,0,1,0,1,1,0,0,1,0,12192.0,2,1,1,1,0,0,1,0,7.6,270.3,0,0,0,0,0,1
116200,60.548,0.685,1,1,1,0,2.909,0.0,0,0,1,0,13.34,0.0,0,32.02,0,0,0,1,0,1,1,0,0,1,0,12192.0,2,1,1,1,0,0,1,0,8.0,268.1,0,0,0,0,0,1
116300,60.617,0.685,1,1,1,0,2.909,0.0,0,0,1,0,13.34,0.0,0,32.12,0,0,0,1,0,1,1,0,0,1,0,12192.0,2,1,1,1,0,0,1,0,9.1,267.4,0,0,0,0,0,1
116400,60.685,0.685,1,1,1,0,2.909,0.0,0,0,1,0,13.34,0.0,0,32.13,0,0,0,1,0,1,1,0,0,1,0,12192.0,2,1,1,1,0,0,1,0,8.1,271.6,0,0,0,0,0,1
116500,60.754,0.685,1,1,1,0,2.909,0.0,0,0,1,0,13.34,0.0,0,31.9,0,0,0,1,0,1,1,0,0,1,0,12192.0,2,1,1,1,0,0,1,0,8.0,273.5,0,0,0,0,0,1
116600,60.822,0.685,1,1,1,0,2.909,0.0,0,0,1,0,13.34,0.0,0,31.97,0,0,0,1,0,1,1,0,0,1,0,12192.0,2,1,1,1,0,0,1,0,7.7,271.5,0,0,0,0,0,1
116700,60.891,0.685,1,1,1,0,2.909,0.0,0,0,1,0,13.34,0.0,0,31.95,0,0,0,1,0,1,1,0,0,1,0,12192.0,2,1,1,1,0,0,1,0,7.7,269.3,0,0,0,0,0,1
116800,60.959,0.685,1,1,1,0,2.909,0.0,0,0,1,0,13.34,0.0,0,31.88,0,0,0,1,0,1,1,0,0,1,0,12192.0,2,1,1,1,0,0,1,0,8.1,270.5,0,0,0,0,0,1
116900,61.028,0.685,1,1,1,0,2.909,0.0,0,0,1,0,13.34,0.0,0,31.9,0,0,0,1,0,1,1,0,0,1,0,12192.0,2,1,1,1,0,0,1,0,8.6,268.4,0,0,0,0,0,1
117000,61.096,0.685,1,1,1,0,2.909,0.0,0,0,1,0,13.34,0.0,0,31.95,0,0,0,1,0,1,1,0,0,1,0,12192.0,2,1,1,1,0,0,1,0,7.1,274.6,0,0,0,0,0,1
117100,61.165,0.685,1,1,1,0,2.909,0.0,0,0,1,0,13.34,0.0,0,31.9,0,0,0,1,0,1,1,0,0,1,0,12192.0,2,1,1,1,0,0,1,0,8.1,271.7,0,0,0,0,0,1
117200,61.233,0.685,1,1,1,0,2.909,0.0,0,0,1,0,13.34,0.0,0,31.84,0,0,0,1,0,1,1,0,0,1,0,12192.0,2,1,1,1,0,0,1,0,8.2,267.5,0,0,0,0,0,1
117300,61.302,0.685,1,1,1,0,2.909,0.0,0,0,1,0,13.34,0.0,0,31.88,0,0,0,1,0,1,1,0,0,1,0,12192.0,2,1,1,1,0,0,1,0,8.0,272.3,0,0,0,0,0,1
117400,61.37,0.685,1,1,1,0,2.909,0.0,0,0,1,0,13.34,0.0,0,32.34,0,0,0,1,0,1,1,0,0,1,0,12192.0,2,1,1,1,0,0,1,0,8.6,270.0,0,0,0,0,0,1
117500,61.439,0.685,1,1,1,0,2.909,0.0,0,0,1,0,13.34,0.0,0,31.97,0,0,0,1,0,1,1,0,0,1,0,12192.0,2,1,1,1,0,0,1,0,8.3,271.6,0,0,0,0,0,1
117600,61.507,0.685,1,1,1,0,2.909,0.0,0,0,1,0,13.34,0.0,0,32.09,0,0,0,1,0,1,1,0,0,1,0,12192.0,2,1,1,1,0,0,1,0,8.0,275.3,0,0,0,0,0,1
117700,61.576,0.685,1,1,1,0,2.909,0.0,0,0,1,0,13.34,0.0,0,32.15,0,0,0,1,0,1,1,0,0,1,0,12192.0,2,1,1,1,0,0,1,0,8.6,266.3,0,0,0,0,0,1
117800,61.644,0.685,1,1,1,0,2.909,0.0,0,0,1,0,13.34,0.0,0,31.99,0,0,0,1,0,1,1,0,0,1,0,12192.0,2,1,1,1,0,0,1,0,8.0,265.4,0,0,0,0,0,1
117900,61.712,0.685,1,1,1,0,2.909,0.0,0,0,1,0,13.34,0.0,0,31.9,0,0,0,1,0,1,1,0,0,1,0,12192.0,2,1,1,1,0,0,1,0,8.7,267.9,0,0,0,0,0,1
118000,61.781,0.685,1,1,1,0,2.909,0.0,0,0,1,0,13.34,0.0,0,31.94,0,0,0,1,0,1,1,0,0,1,0,12192.0,2,1,1,1,0,0,1,0,8.6,269.7,0,0,0,0,0,1
118100,61.849,0.685,1,1,1,0,2.909,0.0,0,0,1,0,13.34,0.0,0,32.07,0,0,0,1,0,1,1,0,0,1,0,12192.0,2,1,1,1,0,0,1,0,8.6,273.5,0,0,0,0,0,1
118200,61.918,0.685,1,1,1,0,2.909,0.0,0,0,1,0,13.34,0.0,0,31.84,0,0,0,1,0,1,1,0,0,1,0,12192.0,2,1,1,1,0,0,1,0,8.7,270.9,0,0,0,0,0,1
118300,61.986,0.685,1,1,1,0,2.909,0.0,0,0,1,0,13.34,0.0,0,32.16,0,0,0,1,0,1,1,0,0,1,0,12192.0,2,1,1,1,0,0,1,0,8.6,268.7,0,0,0,0,0,1
118400,62.055,0.685,1,1,1,0,2.909,0.0,0,0,1,0,13.34,0.0,0,32.03,0,0,0,1,0,1,1,0,0,1,0,12192.0,2,1,1,1,0,0,1,0,8.9,274.9,0,0,0,0,0,1
118500,62.123,0.685,1,1,1,0,2.909,0.0,0,0,1,0,13.34,0.0,0,31.96,0,0,0,1,0,1,1,0,0,1,0,12192.0,2,1,1,1,0,0,1,0,8.4,268.0,0,0,0,0,0,1
118600,62.192,0.685,1,1,1,0,2.909,0.0,0,0,1,0,13.34,0.0,0,32.08,0,0,0,1,0,1,1,0,0,1,0,12192.0,2,1,1,1,0,0,1,0,8.4,267.4,0,0,0,0,0,1
118700,62.26,0.685,1,1,1,0,2.909,0.0,0,0,1,0,13.34,0.0,0,32.19,0,0,0,1,0,1,1,0,0,1,0,12192.0,2,1,1,1,0,0,1,0,8.4,274.1,0,0,0,0,0,1
118800,62.329,0.685,1,1,1,0,2.909,0.0,0,0,1,0,13.34,0.0,0,31.95,0,0,0,1,0,1,1,0,0,1,0,12192.0,2,1,1,1,0,0,1,0,7.9,270.6,0,0,0,0,0,1
118900,62.397,0.685,1,1,1,0,2.909,0.0,0,0,1,0,13.34,0.0,0,31.96,0,0,0,1,0,1,1,0,0,1,0,12192.0,2,1,1,1,0,0,1,0,8.2,266.3,0,0,0,0,0,1
119000,62.466,0.685,1,1,1,0,2.909,0.0,0,0,1,0,13.34,0.0,0,32.03,0,0,0,1,0,1,1,0,0,1,0,12192.0,2,1,1,1,0,0,1,0,8.4,271.8,0,0,0,0,0,1
119100,62.534,0.685,1,1,1,0,2.909,0.0,0,0,1,0,13.34,0.0,0,31.99,0,0,0,1,0,1,1,0,0,1,0,12192.0,2,1,1,1,0,0,1,0,8.1,268.4,0,0,0,0,0,1
119200,62.603,0.685,1,1,1,0,2.909,0.0,0,0,1,0,13.34,0.0,0,32.03,0,0,0,1,0,1,1,0,0,1,0,12192.0,2,1,1,1,0,0,1,0,9.1,272.4,0,0,0,0,0,1
119300,62.671,0.685,1,1,1,0,2.909,0.0,0,0,1,0,13.34,0.0,0,32.06,0,0,0,1,0,1,1,0,0,1,0,12192.0,2,1,1,1,0,0,1,0,8.8,269.7,0,0,0,0,0,1
119400,62.74,0.685,1,1,1,0,2.909,0.0,0,0,1,0,13.34,0.0,0,32.17,0,0,0,1,0,1,1,0,0,1,0,12192.0,2,1,1,1,0,0,1,0,8.6,272.2,0,0,0,0,0,1
119500,62.807,0.67,1,1,1,0,2.909,0.0,0,0,1,0,13.34,0.0,0,31.96,0,0,0,1,0,1,1,0,0,1,0,12192.0,2,1,1,1,0,0,1,0,9.0,273.7,0,0,0,0,0,1
119600,62.872,0.655,1,1,1,0,2.909,0.0,0,0,1,0,13.34,0.0,0,32.18,0,0,0,1,0,1,1,0,0,1,0,12192.0,2,1,1,1,0,0,1,0,8.3,266.3,0,0,0,0,0,1
119700,62.936,0.641,1,1,1,0,2.909,0.0,0,0,1,0,13.34,0.0,0,32.07,0,0,0,1,0,1,1,0,0,1,0,12192.0,2,1,1,1,0,0,1,0,8.5,269.7,0,0,0,0,0,1
119800,62.999,0.626,1,1,1,0,2.909,0.0,0,0,1,0,13.34,0.0,0,31.8,0,0,0,1,0,1,1,0,0,1,0,12192.0,2,1,1,1,0,0,1,0,8.3,270.1,0,0,0,0,0,1
119900,63.06,0.611,1,1,1,0,2.909,0.0,0,0,1,0,13.34,0.0,0,31.82,0,0,0,1,0,1,1,0,0,1,0,12192.0,2,1,1,1,0,0,1,0,8.1,269.9,0,0,0,0,0,1
120000,63.119,0.596,1,1,1,0,2.909,0.0,0,0,1,0,13.34,0.0,0,32.16,0,0,0,1,0,1,1,0,0,1,0,12192.0,2,1,1,1,0,0,1,0,7.7,270.6,0,0,0,0,0,1
120100,63.178,0.581,1,1,1,0,2.909,0.0,0,0,1,0,13.34,0.0,0,32.03,0,0,0,1,0,1,1,0,0,1,0,12192.0,2,1,1,1,0,0,1,0,8.7,269.3,0,0,0,0,0,1
120200,63.234,0.566,1,1,1,0,2.909,0.0,0,0,1,0,13.34,0.0,0,32.02,0,0,0,1,0,1,1,0,0,1,0,12192.0,2,1,1,1,0,0,1,0,8.9,271.5,0,0,0,0,0,1
120300,63.289,0.551,1,1,1,0,2.909,0.0,0,0,1,0,13.34,0.0,0,31.91,0,0,0,1,0,1,1,0,0,1,0,12192.0,2,1,1,1,0,0,1,0,8.6,269.6,0,0,0,0,0,1
120400,63.343,0.536,1,1,1,0,2.909,0.0,0,0,1,0,13.34,0.0,0,32.09,0,0,0,1,0,1,1,0,0,1,0,12192.0,2,1,1,1,0,0,1,0,8.9,269.6,0,0,0,0,0,1
120500,63.395,0.521,1,1,1,0,2.909,0.0,0,0,1,0,13.34,0.0,0,31.99,0,0,0,1,0,1,1,0,0,1,0,12192.0,2,1,1,1,0,0,1,0,7.9,270.8,0,0,0,0,0,1
120600,63.446,0.506,1,1,1,0,2.909,0.0,0,0,1,0,13.34,0.0,0,31.59,0,0,0,1,0,1,1,0,0,1,0,12192.0,2,1,1,1,0,0,1,0,8.7,265.7,0,0,0,0,0,1
120700,63.495,0.491,1,1,1,0,2.909,0.0,0,0,1,0,13.34,0.0,0,32.22,0,0,0,1,0,1,1,0,0,1,0,12192.0,2,1,1,1,0,0,1,0,8.4,275.6,0,0,0,0,0,1
120800,63.543,0.477,1,1,1,0,2.909,0.0,0,0,1,0,13.34,0.0,0,31.99,0,0,0,1,0,1,1,0,0,1,0,12192.0,2,1,1,1,0,0,1,0,8.5,267.6,0,0,0,0,0,1
120900,63.589,0.462,1,1,1,0,2.909,0.0,0,0,1,0,13.34,0.0,0,32.07,0,0,0,1,0,1,1,0,0,1,0,12192.0,2,1,1,1,0,0,1,0,8.7,269.6,0,0,0,0,0,1
121000,63.633,0.447,1,1,1,0,2.909,0.0,0,0,1,0,13.34,0.0,0,31.98,0,0,0,1,0,1,1,0,0,1,0,12192.0,2,1,1,1,0,0,1,0,8.6,267.2,0,0,0,0,0,1
121100,63.676,0.432,1,1,1,0,2.909,0.0,0,0,1,0,13.34,0.0,0,32.1,0,0,0,1,0,1,1,0,0,1,0,12192.0,2,1,1,1,0,0,1,0,8.0,271.5,0,0,0,0,0,1
121200,63.718,0.417,1,1,1,0,2.909,0.0,0,0,1,0,13.34,0.0,0,32.09,0,0,0,1,0,1,1,0,0,1,0,12192.0,2,1,1,1,0,0,1,0,7.8,266.8,0,0,0,0,0,1
121300,63.758,0.402,1,1,1,0,2.909,0.0,0,0,1,0,13.34,0.0,0,31.8,0,0,0,1,0,1,1,0,0,1,0,12192.0,2,1,1,1,0,0,1,0,8.7,267.3,0,0,0,0,0,1
121400,63.797,0.387,1,1,1,0,2.909,0.0,0,0,1,0,13.34,0.0,0,32.21,0,0,0,1,0,1,1,0,0,1,0,12192.0,2,1,1,1,0,0,1,0,8.3,266.7,0,0,0,0,0,1
121500,63.834,0.372,1,1,1,0,2.909,0.0,0,0,1,0,13.34,0.0,0,32.2,0,0,0,1,0,1,1,0,0,1,0,12192.0,2,1,1,1,0,0,1,0,7.5,270.2,0,0,0,0,0,1
121600,63.87,0.357,1,1,1,0,2.909,0.0,0,0,1,0,13.34,0.0,0,31.9,0,0,0,1,0,1,1,0,0,1,0,12192.0,2,1,1,1,0,0,1,0,7.2,269.7,0,0,0,0,0,1
121700,63.904,0.342,1,1,1,0,2.909,0.0,0,0,1,0,13.34,0.0,0,32.13,0,0,0,1,0,1,1,0,0,1,0,12192.0,2,1,1,1,0,0,1,0,8.3,273.5,0,0,0,0,0,1
121800,63.937,0.326,1,1,1,0,2.909,0.0,0,0,1,0,13.34,0.0,0,32.04,0,0,0,1,0,1,1,0,0,1,0,12192.0,2,1,1,1,0,0,1,0,7.2,266.9,0,0,0,0,0,1
121900,63.968,0.311,1,1,1,0,2.909,0.0,0,0,1,0,13.34,0.0,0,31.91,0,0,0,1,0,1,1,0,0,1,0,12192.0,2,1,1,1,0,0,1,0,7.7,271.7,0,0,0,0,0,1
122000,63.997,0.296,1,1,1,0,2.909,0.0,0,0,1,0,13.34,0.0,0,31.91,0,0,0,1,0,1,1,0,0,1,0,12192.0,2,1,1,1,0,0,1,0,7.2,269.8,0,0,0,0,0,1
122100,64.025,0.281,1,1,1,0,2.909,0.0,0,0,1,0,13.34,0.0,0,32.08,0,0,0,1,0,1,1,0,0,1,0,12192.0,2,1,1,1,0,0,1,0,7.2,272.4,0,0,0,0,0,1
122200,64.052,0.266,1,1,1,0,2.909,0.0,0,0,1,0,13.34,0.0,0,31.98,0,0,0,1,0,1,1,0,0,1,0,12192.0,2,1,1,1,0,0,1,0,7.2,270.0,0,0,0,0,0,1
122300,64.077,0.251,1,1,1,0,2.909,0.0,0,0,1,0,13.34,0.0,0,31.91,0,0,0,1,0,1,1,0,0,1,0,12192.0,2,1,1,1,0,0,1,0,7.9,262.9,0,0,0,0,0,1
122400,64.101,0.236,1,1,1,0,2.909,0.0,0,0,1,0,13.34,0.0,0,31.99,0,0,0,1,0,1,1,0,0,1,0,12192.0,2,1,1,1,0,0,1,0,8.4,270.0,0,0,0,0,0,1
122500,64.123,0.221,1,1,1,0,2.909,0.0,0,0,1,0,13.34,0.0,0,31.9,0,0,0,1,0,1,1,0,0,1,0,12192.0,2,1,1,1,0,0,1,0,8.6,271.1,0,0,0,0,0,1
122600,64.143,0.205,1,1,1,0,2.909,0.0,0,0,1,0,13.34,0.0,0,32.0,0,0,0,1,0,1,1,0,0,1,0,12192.0,2,1,1,1,0,0,1,0,8.2,270.1,0,0,0,0,0,1
122700,64.162,0.19,1,1,1,0,2.909,0.0,0,0,1,0,13.34,0.0,0,31.99,0,0,0,1,0,1,1,0,0,1,0,12192.0,2,1,1,1,0,0,1,0,7.2,272.4,0,0,0,0,0,1
122800,64.18,0.175,1,1,1,0,2.909,0.0,0,0,1,0,13.34,0.0,0,32.11,0,0,0,1,0,1,1,0,0,1,0,12192.0,2,1,1,1,0,0,1,0,8.1,266.2,0,0,0,0,0,1
122900,64.196,0.159,1,1,1,0,2.909,0.0,0,0,1,0,13.34,0.0,0,32.13,0,0,0,1,0,1,1,0,0,1,0,12192.0,2,1,1,1,0,0,1,0,7.2,271.6,0,0,0,0,0,1
123000,64.21,0.144,1,1,1,0,2.909,0.0,0,0,1,0,13.34,0.0,0,32.03,0,0,0,1,0,1,1,0,0,1,0,12192.0,2,1,1,1,0,0,1,0,7.0,272.8,0,0,0,0,0,1
123100,64.223,0.128,1,1,1,0,2.909,0.0,0,0,1,0,13.34,0.0,0,31.94,0,0,0,1,0,1,1,0,0,1,0,12192.0,2,1,1,1,0,0,1,0,7.5,272.5,0,0,0,0,0,1
123200,64.234,0.112,1,1,1,0,2.909,0.0,0,0,1,0,13.34,0.0,0,32.11,0,0,0,1,0,1,1,0,0,1,0,12192.0,2,1,1,1,0,0,1,0,7.6,269.8,0,0,0,0,0,1
123300,64.244,0.097,1,1,1,0,2.909,0.0,0,0,1,0,13.34,0.0,0,31.82,0,0,0,1,0,1,1,0,0,1,0,12192.0,2,1,1,1,0,0,1,0,6.4,265.7,0,0,0,0,0,1
123400,64.252,0.081,1,1,1,0,2.909,0.0,0,0,1,0,13.34,0.0,0,31.95,0,0,0,1,0,1,1,0,0,1,0,12192.0,2,1,1,1,0,0,1,0,7.5,267.9,0,0,0,0,0,1
123500,64.258,0.064,1,1,1,0,2.909,0.0,0,0,1,0,13.34,0.0,0,31.79,0,0,0,1,0,1,1,0,0,1,0,12192.0,2,1,1,1,0,0,1,0,7.2,266.3,0,0,0,0,0,1
123600,64.263,0.047,1,1,1,0,2.909,0.0,0,0,1,0,13.34,0.0,0,31.98,0,0,0,1,0,1,1,0,0,1,0,12192.0,2,1,1,1,0,0,1,0,8.0,271.2,0,0,0,0,0,1
123700,64.266,0.029,1,1,1,0,2.909,0.0,0,0,1,0,13.335,-0.05,0,30.45,0,0,1,1,0,1,1,0,0,1,0,12192.0,2,1,1,1,0,0,1,0,7.8,266.2,0,0,0,0,0,1
123800,64.267,0.0,0,0,1,0,2.909,0.0,0,0,1,0,13.325,-0.101,0,30.52,0,0,1,1,0,1,1,0,0,1,0,12192.0,2,1,1,1,0,0,1,0,7.3,271.3,0,0,0,0,0,1
123900,64.267,0.0,0,0,1,0,2.909,0.0,0,0,1,0,13.31,-0.151,0,30.27,0,0,1,1,0,1,1,0,0,1,0,12192.0,2,1,1,1,0,0,1,0,6.9,269.7,0,0,0,0,0,1
124000,64.267,0.0,0,0,1,0,2.909,0.0,0,0,1,0,13.29,-0.201,0,30.29,0,0,1,1,0,1,1,0,0,1,0,12192.0,2,1,1,1,0,0,1,0,6.9,274.2,0,0,0,0,0,1
124100,64.267,0.0,0,0,1,0,2.909,0.0,0,0,1,0,13.264,-0.251,0,30.41,0,0,1,1,0,1,1,0,0,1,0,12192.0,2,1,1,1,0,0,1,0,7.0,272.4,0,0,0,0,0,1
124200,64.267,0.0,0,0,1,0,2.909,0.0,0,0,1,0,13.234,-0.302,0,30.37,0,0,1,1,0,1,1,0,0,1,0,12192.0,2,1,1,1,0,0,1,0,7.3,271.7,0,0,0,0,0,1
124300,64.267,0.0,0,0,1,0,2.909,0.0,0,0,1,0,13.199,-0.352,0,30.27,0,0,1,1,0,1,1,0,0,1,0,12192.0,2,1,1,1,0,0,1,0,8.4,269.5,0,0,0,0,0,1
124400,64.267,0.0,0,0,1,0,2.909,0.0,0,0,1,0,13.159,-0.402,0,30.44,0,0,1,1,0,1,1,0,0,1,0,12192.0,2,1,1,1,0,0,1,0,7.3,267.1,0,0,0,0,0,1
124500,64.267,0.0,0,0,1,0,2.909,0.0,0,0,1,0,13.114,-0.452,0,30.37,0,0,1,1,0,1,1,0,0,1,0,12192.0,2,1,1,1,0,0,1,0,7.3,273.6,0,0,0,0,0,1
124600,64.267,0.0,0,0,1,0,2.909,0.0,0,0,1,0,13.063,-0.503,0,30.46,0,0,1,1,0,1,1,0,0,1,0,12192.0,2,1,1,1,0,0,1,0,8.0,272.8,0,0,0,0,0,1
124700,64.267,0.0,0,0,1,0,2.909,0.0,0,0,1,0,13.008,-0.553,0,30.34,0,0,1,1,0,1,1,0,0,1,0,12192.0,2,1,1,1,0,0,1,0,7.1,275.1,0,0,0,0,0,1
124800,64.267,0.0,0,0,1,0,2.909,0.0,0,0,1,0,12.948,-0.603,0,30.23,0,0,1,1,0,1,1,0,0,1,0,12192.0,2,1,1,1,0,0,1,0,7.3,266.3,0,0,0,0,0,1
124900,64.267,0.0,0,0,1,0,2.909,0.0,0,0,1,0,12.882,-0.654,0,30.4,0,0,1,1,0,1,1,0,0,1,0,12192.0,2,1,1,1,0,0,1,0,7.9,264.0,0,0,0,0,0,1
125000,64.267,0.0,0,0,1,0,2.909,0.0,0,0,1,0,12.812,-0.704,0,30.35,0,0,1,1,0,1,1,0,0,1,0,12192.0,2,1,1,1,0,0,1,0,7.6,269.3,0,0,0,0,0,1
125100,64.267,0.0,0,0,1,0,2.909,0.0,0,0,1,0,12.737,-0.754,0,30.41,0,0,1,1,0,1,1,0,0,1,0,12192.0,2,1,1,1,0,0,1,0,7.7,271.3,0,0,0,0,0,1
125200,64.267,0.0,0,0,1,0,2.909,0.0,0,0,1,0,12.656,-0.804,0,30.23,0,0,1,1,0,1,1,0,0,1,0,12192.0,2,1,1,1,0,0,1,0,7.3,270.3,0,0,0,0,0,1
125300,64.267,0.0,0,0,1,0,2.909,0.0,0,0,1,0,12.571,-0.855,0,30.45,0,0,1,1,0,1,1,0,0,1,0,12192.0,2,1,1,1,0,0,1,0,7.7,269.6,0,0,0,0,0,1
125400,64.267,0.0,0,0,1,0,2.909,0.0,0,0,1,0,12.48,-0.905,0,30.31,0,0,1,1,0,1,1,0,0,1,0,12192.0,2,1,1,1,0,0,1,0,7.8,269.8,0,0,0,0,0,1
125500,64.267,0.0,0,0,1,0,2.909,0.0,0,0,1,0,12.385,-0.955,0,30.43,0,0,1,1,0,1,1,0,0,1,0,12192.0,2,1,1,1,0,0,1,0,8.3,269.1,0,0,0,0,0,1
125600,64.267,0.0,0,0,1,0,2.909,0.0,0,0,1,0,12.284,-1.005,0,30.46,0,0,1,1,0,1,1,0,0,1,0,12192.0,2,1,1,1,0,0,1,0,8.4,273.9,0,0,0,0,0,1
125700,64.267,0.0,0,0,1,0,2.909,0.0,0,0,1,0,12.179,-1.056,0,30.42,0,0,1,1,0,1,1,0,0,1,0,12192.0,2,1,1,1,0,0,1,0,8.0,263.7,0,0,0,0,0,1
125800,64.267,0.0,0,0,1,0,2.909,0.0,0,0,1,0,12.068,-1.106,0,30.34,0,0,1,1,0,1,1,0,0,1,0,12192.0,2,1,1,1,0,0,1,0,8.2,272.3,0,0,0,0,0,1
125900,64.267,0.0,0,0,1,0,2.909,0.0,0,0,1,0,11.952,-1.156,0,30.23,0,0,1,1,0,1,1,0,0,1,0,12192.0,2,1,1,1,0,0,1,0,8.3,273.8,0,0,0,0,0,1
126000,64.267,0.0,0,0,1,0,2.909,0.0,0,0,1,0,11.832,-1.207,0,30.23,0,0,1,1,0,1,1,0,0,1,0,12192.0,2,1,1,1,0,0,1,0,7.9,267.1,0,0,0,0,0,1
126100,64.267,0.0,0,0,1,0,2.909,0.0,0,0,1,0,11.706,-1.257,0,30.59,0,0,1,1,0,1,1,0,0,1,0,12192.0,2,1,1,1,0,0,1,0,8.6,269.5,0,0,0,0,0,1
126200,64.267,0.0,0,0,1,0,2.909,0.0,0,0,1,0,11.576,-1.302,0,30.2,0,0,1,1,0,1,1,0,0,1,0,12192.0,2,1,1,1,0,0,1,0,8.7,270.2,0,0,0,0,0,1
126300,64.267,0.0,0,0,1,0,2.909,0.0,0,0,1,0,11.446,-1.302,0,30.25,0,0,1,1,0,1,1,0,0,1,0,12192.0,2,1,1,1,0,0,1,0,8.3,272.1,0,0,0,0,0,1
126400,64.267,0.0,0,0,1,0,2.909,0.0,0,0,1,0,11.315,-1.302,0,30.23,0,0,1,1,0,1,1,0,0,1,0,12192.0,2,1,1,1,0,0,1,0,7.7,267.5,0,0,0,0,0,1
126500,64.267,0.0,0,0,1,0,2.909,0.0,0,0,1,0,11.185,-1.302,0,30.31,0,0,1,1,0,1,1,0,0,1,0,12192.0,2,1,1,1,0,0,1,0,8.6,266.7,0,0,0,0,0,1
126600,64.267,0.0,0,0,1,0,2.909,0.0,0,0,1,0,11.055,-1.302,0,30.36,0,0,1,1,0,1,1,0,0,1,0,12192.0,2,1,1,1,0,0,1,0,8.4,269.5,0,0,0,0,0,1
126700,64.267,0.0,0,0,1,0,2.909,0.0,0,0,1,0,10.925,-1.302,0,30.42,0,0,1,1,0,1,1,0,0,1,0,12192.0,2,1,1,1,0,0,1,0,8.7,271.1,0,0,0,0,0,1
126800,64.267,0.0,0,0,1,0,2.909,0.0,0,0,1,0,10.794,-1.302,0,30.36,0,0,1,1,0,1,1,0,0,1,0,12192.0,2,1,1,1,0,0,1,0,8.6,270.9,0,0,0,0,0,1
126900,64.267,0.0,0,0,1,0,2.909,0.0,0,0,1,0,10.664,-1.302,0,30.3,0,0,1,1,0,1,1,0,0,1,0,12192.0,2,1,1,1,0,0,1,0,8.7,270.7,0,0,0,0,0,1
127000,64.267,0.0,0,0,1,0,2.909,0.0,0,0,1,0,10.534,-1.302,0,30.28,0,0,1,1,0,1,1,0,0,1,0,12192.0,2,1,1,1,0,0,1,0,8.9,270.7,0,0,0,0,0,1
127100,64.267,0.0,0,0,1,0,2.909,0.0,0,0,1,0,10.404,-1.302,0,30.41,0,0,1,1,0,1,1,0,0,1,0,12192.0,2,1,1,1,0,0,1,0,8.8,273.1,0,0,0,0,0,1
127200,64.267,0.0,0,0,1,0,2.909,0.0,0,0,1,0,10.273,-1.302,0,30.59,0,0,1,1,0,1,1,0,0,1,0,12192.0,2,1,1,1,0,0,1,0,8.8,268.8,0,0,0,0,0,1
127300,64.267,0.0,0,0,1,0,2.909,0.0,0,0,1,0,10.143,-1.302,0,30.35,0,0,1,1,0,1,1,0,0,1,0,12192.0,2,1,1,1,0,0,1,0,8.4,268.8,0,0,0,0,0,1
127400,64.267,0.0,0,0,1,0,2.909,0.0,0,0,1,0,10.013,-1.302,0,30.32,0,0,1,1,0,1,1,0,0,1,0,12192.0,2,1,1,1,0,0,1,0,8.4,269.7,0,0,0,0,0,1
127500,64.267,0.0,0,0,1,0,2.909,0.0,0,0,1,0,9.883,-1.302,0,30.23,0,0,1,1,0,1,1,0,0,1,0,12192.0,2,1,1,1,0,0,1,0,8.4,268.8,0,0,0,0,0,1
127600,64.267,0.0,0,0,1,0,2.909,0.0,0,0,1,0,9.753,-1.302,0,30.37,0,0,1,1,0,1,1,0,0,1,0,12192.0,2,1,1,1,0,0,1,0,8.4,270.1,0,0,0,0,0,1
127700,64.267,0.0,0,0,1,0,2.909,0.0,0,0,1,0,9.622,-1.302,0,30.41,0,0,1,1,0,1,1,0,0,1,0,12192.0,2,1,1,1,0,0,1,0,8.9,271.7,0,0,0,0,0,1
127800,64.267,0.0,0,0,1,0,2.909,0.0,0,0,1,0,9.492,-1.302,0,30.61,0,0,1,1,0,1,1,0,0,1,0,12192.0,2,1,1,1,0,0,1,0,8.6,273.1,0,0,0,0,0,1
127900,64.267,0.0,0,0,1,0,2.909,0.0,0,0,1,0,9.362,-1.302,0,30.35,0,0,1,1,0,1,1,0,0,1,0,12192.0,2,1,1,1,0,0,1,0,8.3,266.8,0,0,0,0,0,1
128000,64.267,0.0,0,0,1,0,2.909,0.0,0,0,1,0,9.232,-1.302,0,30.47,0,0,1,1,0,1,1,0,0,1,0,12192.0,2,1,1,1,0,0,1,0,8.6,267.8,0,0,0,0,0,1
128100,64.267,0.0,0,0,1,0,2.909,0.0,0,0,1,0,9.101,-1.302,0,30.35,0,0,1,1,0,1,1,0,0,1,0,12192.0,2,1,1,1,0,0,1,0,8.6,273.0,0,0,0,0,0,1
128200,64.267,0.0,0,0,1,0,2.909,0.0,0,0,1,0,8.971,-1.302,0,30.25,0,0,1,1,0,1,1,0,0,1,0,12192.0,2,1,1,1,0,0,1,0,8.4,271.3,0,0,0,0,0,1
128300,64.267,0.0,0,0,1,0,2.909,0.0,0,0,1,0,8.841,-1.302,0,30.38,0,0,1,1,0,1,1,0,0,1,0,12192.0,2,1,1,1,0,0,1,0,8.2,267.7,0,0,0,0,0,1
128400,64.267,0.0,0,0,1,0,2.909,0.0,0,0,1,0,8.711,-1.302,0,30.35,0,0,1,1,0,1,1,0,0,1,0,12192.0,2,1,1,1,0,0,1,0,9.0,269.5,0,0,0,0,0,1
128500,64.267,0.0,0,0,1,0,2.909,0.0,0,0,1,0,8.58,-1.302,0,30.49,0,0,1,1,0,1,1,0,0,1,0,12192.0,2,1,1,1,0,0,1,0,8.7,267.1,0,0,0,0,0,1
128600,64.267,0.0,0,0,1,0,2.909,0.0,0,0,1,0,8.45,-1.302,0,30.44,0,0,1,1,0,1,1,0,0,1,0,12192.0,2,1,1,1,0,0,1,0,8.8,267.6,0,0,0,0,0,1
128700,64.267,0.0,0,0,1,0,2.909,0.0,0,0,1,0,8.32,-1.302,0,30.2,0,0,1,1,0,1,1,0,0,1,0,12192.0,2,1,1,1,0,0,1,0,8.5,269.8,0,0,0,0,0,1
128800,64.267,0.0,0,0,1,0,2.909,0.0,0,0,1,0,8.19,-1.302,0,30.28,0,0,1,1,0,1,1,0,0,1,0,12192.0,2,1,1,1,0,0,1,0,8.1,271.2,0,0,0,0,0,1
128900,64.267,0.0,0,0,1,0,2.909,0.0,0,0,1,0,8.06,-1.302,0,30.36,0,0,1,1,0,1,1,0,0,1,0,12192.0,2,1,1,1,0,0,1,0,8.4,268.2,0,0,0,0,0,1
129000,64.267,0.0,0,0,1,0,2.909,0.0,0,0,1,0,7.929,-1.302,0,30.44,0,0,1,1,0,1,1,0,0,1,0,12192.0,2,1,1,1,0,0,1,0,8.2,268.2,0,0,0,0,0,1
129100,64.267,0.0,0,0,1,0,2.909,0.0,0,0,1,0,7.799,-1.302,0,30.41,0,0,1,1,0,1,1,0,0,1,0,12192.0,2,1,1,1,0,0,1,0,8.1,267.8,0,0,0,0,0,1
129200,64.267,0.0,0,0,1,0,2.909,0.0,0,0,1,0,7.669,-1.302,0,30.15,0,0,1,1,0,1,1,0,0,1,0,12192.0,2,1,1,1,0,0,1,0,8.1,270.4,0,0,0,0,0,1
129300,64.267,0.0,0,0,1,0,2.909,0.0,0,0,1,0,7.539,-1.302,0,30.3,0,0,1,1,0,1,1,0,0,1,0,12192.0,2,1,1,1,0,0,1,0,8.4,268.4,0,0,0,0,0,1
129400,64.267,0.0,0,0,1,0,2.909,0.0,0,0,1,0,7.408,-1.302,0,30.33,0,0,1,1,0,1,1,0,0,1,0,12192.0,2,1,1,1,0,0,1,0,8.0,274.6,0,0,0,0,0,1
129500,64.267,0.0,0,0,1,0,2.909,0.0,0,0,1,0,7.278,-1.302,0,30.47,0,0,1,1,0,1,1,0,0,1,0,12192.0,2,1,1,1,0,0,1,0,7.4,269.4,0,0,0,0,0,1
129600,64.267,0.0,0,0,1,0,2.909,0.0,0,0,1,0,7.148,-1.302,0,30.14,0,0,1,1,0,1,1,0,0,1,0,12192.0,2,1,1,1,0,0,1,0,7.8,267.1,0,0,0,0,0,1
129700,64.267,0.0,0,0,1,0,2.909,0.0,0,0,1,0,7.018,-1.302,0,30.23,0,0,1,1,0,1,1,0,0,1,0,12192.0,2,1,1,1,0,0,1,0,8.0,264.7,0,0,0,0,0,1
129800,64.267,0.0,0,0,1,0,2.909,0.0,0,0,1,0,6.888,-1.302,0,30.1,0,0,1,1,0,1,1,0,0,1,0,12192.0,2,1,1,1,0,0,1,0,8.2,273.6,0,0,0,0,0,1
129900,64.267,0.0,0,0,1,0,2.909,0.0,0,0,1,0,6.757,-1.302,0,30.1,0,0,1,1,0,1,1,0,0,1,0,12192.0,2,1,1,1,0,0,1,0,8.7,265.9,0,0,0,0,0,1
130000,64.267,0.0,0,0,1,0,2.909,0.0,0,0,1,0,6.627,-1.302,0,30.39,0,0,1,1,0,1,1,0,0,1,0,12192.0,2,1,1,1,0,0,1,0,8.2,273.4,0,0,0,0,0,1
130100,64.267,0.0,0,0,1,0,2.909,0.0,0,0,1,0,6.497,-1.302,0,30.39,0,0,1,1,0,1,1,0,0,1,0,12192.0,2,1,1,1,0,0,1,0,8.1,266.4,0,0,0,0,0,1
130200,64.267,0.0,0,0,1,0,2.909,0.0,0,0,1,0,6.367,-1.302,0,30.24,0,0,1,1,0,1,1,0,0,1,0,12192.0,2,1,1,1,0,0,1,0,8.1,268.7,0,0,0,0,0,1
130300,64.267,0.0,0,0,1,0,2.909,0.0,0,0,1,0,6.236,-1.302,0,30.29,0,0,1,1,0,1,1,0,0,1,0,12192.0,2,1,1,1,0,0,1,0,8.3,265.5,0,0,0,0,0,1
130400,64.267,0.0,0,0,1,0,2.909,0.0,0,0,1,0,6.106,-1.302,0,30.38,0,0,1,1,0,1,1,0,0,1,0,12192.0,2,1,1,1,0,0,1,0,7.0,269.4,0,0,0,0,0,1
130500,64.267,0.0,0,0,1,0,2.909,0.0,0,0,1,0,5.976,-1.302,0,30.16,0,0,1,1,0,1,1,0,0,1,0,12192.0,2,1,1,1,0,0,1,0,7.3,269.4,0,0,0,0,0,1
130600,64.267,0.0,0,0,1,0,2.909,0.0,0,0,1,0,5.846,-1.302,0,30.25,0,0,1,1,0,1,1,0,0,1,0,12192.0,2,1,1,1,0,0,1,0,7.8,268.3,0,0,0,0,0,1
130700,64.267,0.0,0,0,1,0,2.909,0.0,0,0,1,0,5.715,-1.302,0,30.06,0,0,1,1,0,1,1,0,0,1,0,12192.0,2,1,1,1,0,0,1,0,7.3,270.4,0,0,0,0,0,1
130800,64.267,0.0,0,0,1,0,2.909,0.0,0,0,1,0,5.585,-1.302,0,30.5,0,0,1,1,0,1,1,0,0,1,0,12192.0,2,1,1,1,0,0,1,0,7.9,269.0,0,0,0,0,0,1
130900,64.267,0.0,0,0,1,0,2.909,0.0,0,0,1,0,5.455,-1.302,0,30.44,0,0,1,1,0,1,1,0,0,1,0,12192.0,2,1,1,1,0,0,1,0,7.7,276.9,0,0,0,0,0,1
131000,64.267,0.0,0,0,1,0,2.909,0.0,0,0,1,0,5.325,-1.302,0,30.31,0,0,1,1,0,1,1,0,0,1,0,12192.0,2,1,1,1,0,0,1,0,7.9,267.9,0,0,0,0,0,1
131100,64.267,0.0,0,0,1,0,2.909,0.0,0,0,1,0,5.195,-1.302,0,30.22,0,0,1,1,0,1,1,0,0,1,0,12192.0,2,1,1,1,0,0,1,0,7.8,269.0,0,0,0,0,0,1
131200,64.267,0.0,0,0,1,0,2.909,0.0,0,0,1,0,5.064,-1.302,0,30.45,0,0,1,1,0,1,1,0,0,1,0,12192.0,2,1,1,1,0,0,1,0,7.3,272.0,0,0,0,0,0,1
131300,64.267,0.0,0,0,1,0,2.909,0.0,0,0,1,0,4.934,-1.302,0,30.43,0,0,1,1,0,1,1,0,0,1,0,12192.0,2,1,1,1,0,0,1,0,8.5,273.9,0,0,0,0,0,1
131400,64.267,0.0,0,0,1,0,2.909,0.0,0,0,1,0,4.804,-1.302,0,30.38,0,0,1,1,0,1,1,0,0,1,0,12192.0,2,1,1,1,0,0,1,0,7.6,273.4,0,0,0,0,0,1
131500,64.267,0.0,0,0,1,0,2.909,0.0,0,0,1,0,4.674,-1.302,0,30.29,0,0,1,1,0,1,1,0,0,1,0,12192.0,2,1,1,1,0,0,1,0,8.4,266.1,0,0,0,0,0,1
131600,64.267,0.0,0,0,1,0,2.909,0.0,0,0,1,0,4.543,-1.302,0,30.23,0,0,1,1,0,1,1,0,0,1,0,12192.0,2,1,1,1,0,0,1,0,6.9,269.3,0,0,0,0,0,1
131700,64.267,0.0,0,0,1,0,2.909,0.0,0,0,1,0,4.413,-1.302,0,30.29,0,0,1,1,0,1,1,0,0,1,0,12192.0,2,1,1,1,0,0,1,0,8.0,273.7,0,0,0,0,0,1
131800,64.267,0.0,0,0,1,0,2.909,0.0,0,0,1,0,4.283,-1.302,0,30.33,0,0,1,1,0,1,1,0,0,1,0,12192.0,2,1,1,1,0,0,1,0,7.3,271.4,0,0,0,0,0,1
131900,64.267,0.0,0,0,1,0,2.909,0.0,0,0,1,0,4.158,-1.252,0,33.72,0,0,1,1,0,1,1,0,0,1,0,12192.0,2,1,1,1,0,0,1,0,7.8,272.0,0,0,0,0,0,1
132000,64.267,0.0,0,0,1,0,2.909,0.0,0,0,1,0,4.038,-1.202,0,33.53,0,0,1,1,0,1,1,0,0,1,0,12192.0,2,1,1,1,0,0,1,0,7.4,271.3,0,0,0,0,0,1
132100,64.267,0.0,0,0,1,0,2.909,0.0,0,0,1,0,3.922,-1.151,0,33.51,0,0,1,1,0,1,1,0,0,1,0,12192.0,2,1,1,1,0,0,1,0,7.9,269.9,0,0,0,0,0,1
132200,64.267,0.0,0,0,1,0,2.909,0.0,0,0,1,0,3.812,-1.101,0,33.52,0,0,1,1,0,1,1,0,0,1,0,12192.0,2,1,1,1,0,0,1,0,7.4,271.3,0,0,0,0,0,1
132300,64.267,0.0,0,0,1,0,2.909,0.0,0,0,1,0,3.707,-1.051,0,33.73,0,0,1,1,0,1,1,0,0,1,0,12192.0,2,1,1,1,0,0,1,0,8.1,267.0,0,0,0,0,0,1
132400,64.267,0.0,0,0,1,0,2.909,0.0,0,0,1,0,3.607,-1.001,0,33.83,0,0,1,1,0,1,1,0,0,1,0,12192.0,2,1,1,1,0,0,1,0,7.7,270.2,0,0,0,0,0,1
132500,64.267,0.0,0,0,1,0,2.909,0.0,0,0,1,0,3.512,-0.95,0,33.57,0,0,1,1,0,1,1,0,0,1,0,12192.0,2,1,1,1,0,0,1,0,7.8,268.2,0,0,0,0,0,1
132600,64.267,0.0,0,0,1,0,2.909,0.0,0,0,1,0,3.422,-0.9,0,33.44,0,0,1,1,0,1,1,0,0,1,0,12192.0,2,1,1,1,0,0,1,0,8.1,269.9,0,0,0,0,0,1
132700,64.267,0.0,0,0,1,0,2.909,0.0,0,0,1,0,3.337,-0.85,0,33.44,0,0,1,1,0,1,1,0,0,1,0,12192.0,2,1,1,1,0,0,1,0,6.7,268.7,0,0,0,0,0,1
132800,64.267,0.0,0,0,1,0,2.909,0.0,0,0,1,0,3.257,-0.8,0,33.65,0,0,1,1,0,1,1,0,0,1,0,12192.0,2,1,1,1,0,0,1,0,7.5,271.1,0,0,0,0,0,1
132900,64.267,0.0,0,0,1,0,2.909,0.0,0,0,1,0,3.182,-0.749,0,33.7,0,0,1,1,0,1,1,0,0,1,0,12192.0,2,1,1,1,0,0,1,0,7.5,265.5,0,0,0,0,0,1
133000,64.267,0.0,0,0,1,0,2.909,0.0,0,0,1,0,3.112,-0.699,0,33.52,0,0,1,1,0,1,1,0,0,1,0,12192.0,2,1,1,1,0,0,1,0,8.0,269.4,0,0,0,0,0,1
133100,64.267,0.0,0,0,1,0,2.909,0.0,0,0,1,0,3.048,-0.648,0,33.62,0,0,1,1,0,1,1,0,0,1,0,12192.0,2,1,1,1,0,0,1,0,7.7,269.2,0,0,0,0,0,1
133200,64.267,0.0,0,0,1,0,2.909,0.0,0,0,1,0,2.988,-0.596,0,33.4,0,0,1,1,0,1,1,0,0,1,0,12192.0,2,1,1,1,0,0,1,0,8.4,273.3,0,0,0,0,0,1
133300,64.267,0.0,0,0,1,0,2.909,0.0,0,0,1,0,2.934,-0.543,0,33.65,0,0,1,1,0,1,1,0,0,1,0,12192.0,2,1,1,1,0,0,1,0,7.9,270.6,0,0,0,0,0,1
133400,64.267,0.0,0,0,1,0,2.909,0.0,0,0,1,0,2.885,-0.49,0,33.65,0,0,1,1,0,1,1,0,0,1,0,12192.0,2,1,1,1,0,0,1,0,8.0,266.9,0,0,0,0,0,1
133500,64.267,0.0,0,0,1,0,2.909,0.0,0,0,1,0,2.841,-0.437,0,33.79,0,0,1,1,0,1,1,0,0,1,0,12192.0,2,1,1,1,0,0,1,0,7.8,267.5,0,0,0,0,0,1
133600,64.267,0.0,0,0,1,0,2.909,0.0,0,0,1,0,2.802,-0.384,0,33.4,0,0,1,1,0,1,1,0,0,1,0,12192.0,2,1,1,1,0,0,1,0,8.5,266.8,0,0,0,0,0,1
133700,64.267,0.0,0,0,1,0,2.909,0.0,0,0,1,0,2.77,-0.33,0,33.8,0,0,1,1,0,1,1,0,0,1,0,12192.0,2,1,1,1,0,0,1,0,7.2,269.7,0,0,0,0,0,1
133800,64.267,0.0,0,0,1,0,2.909,0.0,0,0,1,0,2.742,-0.275,0,33.67,0,0,1,1,0,1,1,0,0,1,0,12192.0,2,1,1,1,0,0,1,0,7.7,269.3,0,0,0,0,0,1
133900,64.267,0.0,0,0,1,0,2.909,0.0,0,0,1,0,2.72,-0.219,0,33.72,0,0,1,1,0,1,1,0,0,1,0,12192.0,2,1,1,1,0,0,1,0,7.8,267.4,0,0,0,0,0,1
134000,64.267,0.0,0,0,1,0,2.909,0.0,0,0,1,0,2.704,-0.161,0,33.75,0,0,1,1,0,1,1,0,0,1,0,12192.0,2,1,1,1,0,0,1,0,8.0,273.0,0,0,0,0,0,1
134100,64.267,0.0,0,0,1,0,2.909,0.0,0,0,1,0,2.694,-0.098,0,33.7,0,0,1,1,0,1,1,0,0,1,0,12192.0,2,1,1,1,0,0,1,0,7.4,269.2,0,0,0,0,0,1
134200,64.267,0.0,0,0,0,0,2.909,0.0,0,0,0,0,2.689,0.0,0,31.91,0,0,0,0,0,1,1,0,0,1,0,12192.0,2,1,1,0,1,0,1,0,7.4,269.4,0,0,0,0,0,1
134300,64.267,0.0,0,0,0,0,2.909,0.0,0,0,0,0,2.689,0.0,0,32.0,0,0,0,0,0,1,1,0,1,1,0,12192.0,2,1,1,0,1,0,1,0,8.2,267.5,0,0,0,0,0,1
134400,64.267,0.0,0,0,0,0,2.909,0.0,0,0,0,0,2.689,0.0,0,32.05,0,0,0,0,0,1,1,0,1,1,0,12192.0,2,1,1,0,1,0,1,0,7.3,266.3,0,0,0,0,0,1
134500,64.267,0.0,0,0,0,0,2.909,0.0,0,0,0,0,2.689,0.0,0,31.96,0,0,0,0,0,1,1,0,1,1,0,12192.0,2,1,1,0,1,0,1,0,6.9,271.3,0,0,0,0,0,1
134600,64.267,0.0,0,0,0,0,2.909,0.0,0,0,0,0,2.689,0.0,0,32.04,0,0,0,0,0,1,1,0,1,1,0,12192.0,2,1,1,0,1,0,1,0,7.7,266.9,0,0,0,0,0,1
134700,64.267,0.0,0,0,0,0,2.909,0.0,0,0,0,0,2.689,0.0,0,31.9,0,0,0,0,0,1,1,0,1,1,0,12192.0,2,1,1,0,1,0,1,0,7.8,273.1,0,0,0,0,0,1
134800,64.267,0.0,0,0,0,0,2.909,0.0,0,0,0,0,2.689,0.0,0,31.85,0,0,0,0,0,1,1,0,1,1,0,12192.0,2,1,1,0,1,0,1,0,7.6,271.7,0,0,0,0,0,1
134900,64.267,0.0,0,0,0,0,2.909,0.0,0,0,0,0,2.689,0.0,0,32.05,0,0,0,0,0,1,1,0,1,1,0,12192.0,2,1,1,0,1,0,1,0,6.9,271.4,0,0,0,0,0,1
135000,64.267,0.0,0,0,0,0,2.909,0.0,0,0,0,0,2.689,0.0,0,31.92,0,0,0,0,0,1,1,0,1,1,0,12192.0,2,1,1,0,1,0,1,0,7.8,271.8,0,0,0,0,0,1
135100,64.267,0.0,0,0,0,0,2.909,0.0,0,0,0,0,2.689,0.0,0,31.9,0,0,0,0,0,1,1,0,1,1,0,12192.0,2,1,1,0,1,0,1,0,6.6,271.8,0,0,0,0,0,1
135200,64.267,0.0,0,0,0,0,2.909,0.0,0,0,0,0,2.689,0.0,0,31.94,0,0,0,0,0,1,1,0,1,1,0,12192.0,2,1,1,0,1,0,1,0,8.6,271.7,0,0,0,0,0,1
135300,64.267,0.0,0,0,0,0,2.909,0.0,0,0,0,0,2.689,0.0,0,0.0,0,0,0,0,0,1,0,1,1,1,0,12192.0,2,1,1,0,1,0,1,0,8.3,265.7,0,0,0,0,0,1
135400,64.267,0.0,0,0,0,0,2.909,0.0,0,0,0,0,2.689,0.0,0,0.0,0,0,0,0,0,1,0,1,1,1,0,12192.0,2,1,1,0,1,0,1,0,8.3,267.9,0,0,0,0,0,1
135500,64.267,0.0,0,0,0,0,2.909,0.0,0,0,0,0,2.689,0.0,0,0.0,0,0,0,0,0,1,0,1,1,1,0,12192.0,2,1,1,0,1,0,1,0,7.9,269.9,0,0,0,0,0,1
135600,64.267,0.0,0,0,0,0,2.909,0.0,0,0,0,0,2.689,0.0,0,0.0,0,0,0,0,0,1,0,1,1,1,0,12192.0,2,1,1,0,1,0,1,0,8.3,271.9,0,0,0,0,0,1
135700,64.267,0.0,0,0,0,0,2.909,0.0,0,0,0,0,2.689,0.0,0,0.0,0,0,0,0,0,1,0,1,1,1,0,12192.0,2,1,1,0,1,0,1,0,8.2,275.8,0,0,0,0,0,1
135800,64.267,0.0,0,0,0,0,2.909,0.0,0,0,0,0,2.689,0.0,0,0.0,0,0,0,0,0,1,0,1,1,1,0,12192.0,2,1,1,0,1,0,1,0,8.5,273.0,0,0,0,0,0,1
135900,64.267,0.0,0,0,0,0,2.909,0.0,0,0,0,0,2.689,0.0,0,0.0,0,0,0,0,0,1,0,1,1,1,0,12192.0,2,1,1,0,1,0,1,0,8.8,269.9,0,0,0,0,0,1
136000,64.267,0.0,0,0,0,0,2.909,0.0,0,0,0,0,2.689,0.0,0,0.0,0,0,0,0,0,1,0,1,1,1,0,12192.0,2,1,1,0,1,0,1,0,9.2,269.4,0,0,0,0,0,1
136100,64.267,0.0,0,0,0,0,2.909,0.0,0,0,0,0,2.689,0.0,0,0.0,0,0,0,0,0,1,0,1,1,1,0,12192.0,2,1,1,0,1,0,1,0,8.1,265.8,0,0,0,0,0,1
136200,64.267,0.0,0,0,0,0,2.909,0.0,0,0,0,0,2.689,0.0,0,0.0,0,0,0,0,0,1,0,1,1,1,0,12192.0,2,1,1,0,1,0,1,0,8.3,266.7,0,0,0,0,0,1
136300,64.267,0.0,0,0,0,0,2.909,0.0,0,0,0,0,2.689,0.0,0,0.0,0,0,0,0,0,1,0,1,1,1,0,12192.0,2,1,1,0,1,0,1,0,8.3,271.2,0,0,0,0,0,1
136400,64.267,0.0,0,0,0,0,2.909,0.0,0,0,0,0,2.689,0.0,0,0.0,0,0,0,0,0,1,0,1,1,1,0,12192.0,2,1,1,0,1,0,1,0,8.2,268.8,0,0,0,0,0,1
136500,64.267,0.0,0,0,0,0,2.909,0.0,0,0,0,0,2.689,0.0,0,0.0,0,0,0,0,0,1,0,1,1,1,0,12192.0,2,1,1,0,1,0,1,0,8.8,268.2,0,0,0,0,0,1
136600,64.267,0.0,0,0,1,0,2.909,0.0,0,0,1,0,2.694,0.05,1,0.0,0,0,1,1,0,1,0,1,0,0,0,12192.0,2,1,1,1,0,0,1,0,8.7,268.4,0,0,0,0,0,1
136700,64.267,0.0,0,0,1,0,2.909,0.0,0,0,1,0,2.705,0.101,1,0.0,0,0,1,1,0,1,0,1,0,0,0,12192.0,2,1,1,1,0,0,1,0,8.5,272.0,0,0,0,0,0,1
136800,64.267,0.0,0,0,1,0,2.909,0.0,0,0,1,0,2.72,0.151,1,0.0,0,0,1,1,0,1,0,1,0,0,0,12192.0,2,1,1,1,0,0,1,0,8.8,264.8,0,0,0,0,0,1
136900,64.267,0.0,0,0,1,0,2.909,0.0,0,0,1,0,2.74,0.201,1,0.0,0,0,1,1,0,1,0,1,0,0,0,12192.0,2,1,1,1,0,0,1,0,9.6,263.0,0,0,0,0,0,1
137000,64.267,0.0,0,0,1,0,2.909,0.0,0,0,1,0,2.765,0.251,1,0.0,0,0,1,1,0,1,0,1,0,0,0,12192.0,2,1,1,1,0,0,1,0,8.7,266.3,0,0,0,0,0,1
137100,64.267,0.0,0,0,1,0,2.909,0.0,0,0,1,0,2.795,0.302,1,0.0,0,0,1,1,0,1,0,1,0,0,0,12192.0,2,1,1,1,0,0,1,0,8.2,269.0,0,0,0,0,0,1
137200,64.267,0.0,0,0,1,0,2.909,0.0,0,0,1,0,2.83,0.352,1,0.0,0,0,1,1,0,1,0,1,0,0,0,12192.0,2,1,1,1,0,0,1,0,9.3,271.4,0,0,0,0,0,1
137300,64.267,0.0,0,0,1,0,2.909,0.0,0,0,1,0,2.87,0.402,1,0.0,0,0,1,1,0,1,0,1,0,0,0,12192.0,2,1,1,1,0,0,1,0,8.4,268.0,0,0,0,0,0,1
137400,64.267,0.0,0,0,1,0,2.909,0.0,0,0,1,0,2.916,0.452,1,0.0,0,0,1,1,0,1,0,1,0,0,0,12192.0,2,1,1,1,0,0,1,0,8.4,273.3,0,0,0,0,0,1
137500,64.267,0.0,0,0,1,0,2.909,0.0,0,0,1,0,2.966,0.503,1,0.0,0,0,1,1,0,1,0,1,0,0,0,12192.0,2,1,1,1,0,0,1,0,8.1,273.1,0,0,0,0,0,1
137600,64.267,0.0,0,0,1,0,2.909,0.0,0,0,1,0,3.021,0.553,1,0.0,0,0,1,1,0,1,0,1,0,0,0,12192.0,2,1,1,1,0,0,1,0,7.9,269.4,0,0,0,0,0,1
137700,64.267,0.0,0,0,1,0,2.909,0.0,0,0,1,0,3.082,0.603,1,0.0,0,0,1,1,0,1,0,1,0,0,0,12192.0,2,1,1,1,0,0,1,0,8.4,270.1,0,0,0,0,0,1
137800,64.267,0.0,0,0,1,0,2.909,0.0,0,0,1,0,3.147,0.654,1,0.0,0,0,1,1,0,1,0,1,0,0,0,12192.0,2,1,1,1,0,0,1,0,8.3,272.8,0,0,0,0,0,1
137900,64.267,0.0,0,0,1,0,2.909,0.0,0,0,1,0,3.217,0.704,1,0.0,0,0,1,1,0,1,0,1,0,0,0,12192.0,2,1,1,1,0,0,1,0,8.6,268.9,0,0,0,0,0,1
138000,64.267,0.0,0,0,1,0,2.909,0.0,0,0,1,0,3.293,0.754,1,0.0,0,0,1,1,0,1,0,1,0,0,0,12192.0,2,1,1,1,0,0,1,0,8.6,271.6,0,0,0,0,0,1
138100,64.267,0.0,0,0,1,0,2.909,0.0,0,0,1,0,3.373,0.804,1,0.0,0,0,1,1,0,1,0,1,0,0,0,12192.0,2,1,1,1,0,0,1,0,8.6,269.8,0,0,0,0,0,1
138200,64.267,0.0,0,0,1,0,2.909,0.0,0,0,1,0,3.459,0.855,1,0.0,0,0,1,1,0,1,0,1,0,0,0,12192.0,2,1,1,1,0,0,1,0,7.4,264.3,0,0,0,0,0,1
138300,64.267,0.0,0,0,1,0,2.909,0.0,0,0,1,0,3.549,0.905,1,0.0,0,0,1,1,0,1,0,1,0,0,0,12192.0,2,1,1,1,0,0,1,0,7.2,270.8,0,0,0,0,0,1
138400,64.267,0.0,0,0,1,0,2.909,0.0,0,0,1,0,3.645,0.955,1,0.0,0,0,1,1,0,1,0,1,0,0,0,12192.0,2,1,1,1,0,0,1,0,9.1,266.1,0,0,0,0,0,1
138500,64.267,0.0,0,0,1,0,2.909,0.0,0,0,1,0,3.745,1.005,1,0.0,0,0,1,1,0,1,0,1,0,0,0,12192.0,2,1,1,1,0,0,1,0,8.3,266.7,0,0,0,0,0,1
138600,64.267,0.0,0,0,1,0,2.909,0.0,0,0,1,0,3.851,1.056,1,0.0,0,0,1,1,0,1,0,1,0,0,0,12192.0,2,1,1,1,0,0,1,0,7.7,269.9,0,0,0,0,0,1
138700,64.267,0.0,0,0,1,0,2.909,0.0,0,0,1,0,3.961,1.106,1,0.0,0,0,1,1,0,1,0,1,0,0,0,12192.0,2,1,1,1,0,0,1,0,7.6,271.0,0,0,0,0,0,1
138800,64.267,0.0,0,0,1,0,2.909,0.0,0,0,1,0,4.077,1.156,1,0.0,0,0,1,1,0,1,0,1,0,0,0,12192.0,2,1,1,1,0,0,1,0,8.5,264.9,0,0,0,0,0,1
138900,64.267,0.0,0,0,1,0,2.909,0.0,0,0,1,0,4.198,1.207,1,0.0,0,0,1,1,0,1,0,1,0,0,0,12192.0,2,1,1,1,0,0,1,0,7.8,267.9,0,0,0,0,0,1
139000,64.267,0.0,0,0,1,0,2.909,0.0,0,0,1,0,4.323,1.257,1,0.0,0,0,1,1,0,1,0,1,0,0,0,12192.0,2,1,1,1,0,0,1,0,9.0,265.3,0,0,0,0,0,1
139100,64.267,0.0,0,0,1,0,2.909,0.0,0,0,1,0,4.454,1.302,1,0.0,0,0,1,1,0,1,0,1,0,0,0,12192.0,2,1,1,1,0,0,1,0,8.2,269.6,0,0,0,0,0,1
139200,64.267,0.0,0,0,1,0,2.909,0.0,0,0,1,0,4.584,1.302,1,0.0,0,0,1,1,0,1,0,1,0,0,0,12192.0,2,1,1,1,0,0,1,0,7.6,267.5,0,0,0,0,0,1
139300,64.267,0.0,0,0,1,0,2.909,0.0,0,0,1,0,4.714,1.302,1,0.0,0,0,1,1,0,1,0,1,0,0,0,12192.0,2,1,1,1,0,0,1,0,8.4,267.7,0,0,0,0,0,1
139400,64.267,0.0,0,0,1,0,2.909,0.0,0,0,1,0,4.844,1.302,1,0.0,0,0,1,1,0,1,0,1,0,0,0,12192.0,2,1,1,1,0,0,1,0,7.0,270.2,0,0,0,0,0,1
139500,64.267,0.0,0,0,1,0,2.909,0.0,0,0,1,0,4.974,1.302,1,0.0,0,0,1,1,0,1,0,1,0,0,0,12192.0,2,1,1,1,0,0,1,0,7.9,272.5,0,0,0,0,0,1
139600,64.267,0.0,0,0,1,0,2.909,0.0,0,0,1,0,5.105,1.302,1,0.0,0,0,1,1,0,1,0,1,0,0,0,12192.0,2,1,1,1,0,0,1,0,8.7,267.5,0,0,0,0,0,1
139700,64.267,0.0,0,0,1,0,2.909,0.0,0,0,1,0,5.235,1.302,1,0.0,0,0,1,1,0,1,0,1,0,0,0,12192.0,2,1,1,1,0,0,1,0,7.4,271.3,0,0,0,0,0,1
139800,64.267,0.0,0,0,1,0,2.909,0.0,0,0,1,0,5.365,1.302,1,0.0,0,0,1,1,0,1,0,1,0,0,0,12192.0,2,1,1,1,0,0,1,0,7.5,271.1,0,0,0,0,0,1
139900,64.267,0.0,0,0,1,0,2.909,0.0,0,0,1,0,5.495,1.302,1,0.0,0,0,1,1,0,1,0,1,0,0,0,12192.0,2,1,1,1,0,0,1,0,8.0,265.9,0,0,0,0,0,1
140000,64.267,0.0,0,0,1,0,2.909,0.0,0,0,1,0,5.626,1.302,1,0.0,0,0,1,1,0,1,0,1,0,0,0,12192.0,2,1,1,1,0,0,1,0,7.3,267.4,0,0,0,0,0,1
140100,64.267,0.0,0,0,1,0,2.909,0.0,0,0,1,0,5.756,1.302,1,0.0,0,0,1,1,0,1,0,1,0,0,0,12192.0,2,1,1,1,0,0,1,0,8.2,271.0,0,0,0,0,0,1
140200,64.267,0.0,0,0,1,0,2.909,0.0,0,0,1,0,5.886,1.302,1,0.0,0,0,1,1,0,1,0,1,0,0,0,12192.0,2,1,1,1,0,0,1,0,7.6,270.7,0,0,0,0,0,1
140300,64.267,0.0,0,0,1,0,2.909,0.0,0,0,1,0,6.016,1.302,1,0.0,0,0,1,1,0,1,0,1,0,0,0,12192.0,2,1,1,1,0,0,1,0,8.2,267.7,0,0,0,0,0,1
140400,64.267,0.0,0,0,1,0,2.909,0.0,0,0,1,0,6.147,1.302,1,0.0,0,0,1,1,0,1,0,1,0,0,0,12192.0,2,1,1,1,0,0,1,0,7.2,270.1,0,0,0,0,0,1
140500,64.267,0.0,0,0,1,0,2.909,0.0,0,0,1,0,6.277,1.302,1,0.0,0,0,1,1,0,1,0,1,0,0,0,12192.0,2,1,1,1,0,0,1,0,7.6,270.4,0,0,0,0,0,1
140600,64.267,0.0,0,0,1,0,2.909,0.0,0,0,1,0,6.407,1.302,1,0.0,0,0,1,1,0,1,0,1,0,0,0,12192.0,2,1,1,1,0,0,1,0,7.5,269.6,0,0,0,0,0,1
140700,64.267,0.0,0,0,1,0,2.909,0.0,0,0,1,0,6.537,1.302,1,0.0,0,0,1,1,0,1,0,1,0,0,0,12192.0,2,1,1,1,0,0,1,0,7.1,271.2,0,0,0,0,0,1
140800,64.267,0.0,0,0,1,0,2.909,0.0,0,0,1,0,6.667,1.302,1,0.0,0,0,1,1,0,1,0,1,0,0,0,12192.0,2,1,1,1,0,0,1,0,7.8,269.4,0,0,0,0,0,1
140900,64.267,0.0,0,0,1,0,2.909,0.0,0,0,1,0,6.798,1.302,1,0.0,0,0,1,1,0,1,0,1,0,0,0,12192.0,2,1,1,1,0,0,1,0,7.8,268.8,0,0,0,0,0,1
141000,64.267,0.0,0,0,1,0,2.909,0.0,0,0,1,0,6.928,1.302,1,0.0,0,0,1,1,0,1,0,1,0,0,0,12192.0,2,1,1,1,0,0,1,0,8.6,266.6,0,0,0,0,0,1
141100,64.267,0.0,0,0,1,0,2.909,0.0,0,0,1,0,7.058,1.302,1,0.0,0,0,1,1,0,1,0,1,0,0,0,12192.0,2,1,1,1,0,0,1,0,7.7,267.6,0,0,0,0,0,1
141200,64.267,0.0,0,0,1,0,2.909,0.0,0,0,1,0,7.188,1.302,1,0.0,0,0,1,1,0,1,0,1,0,0,0,12192.0,2,1,1,1,0,0,1,0,7.3,273.6,0,0,0,0,0,1
141300,64.267,0.0,0,0,1,0,2.909,0.0,0,0,1,0,7.319,1.302,1,0.0,0,0,1,1,0,1,0,1,0,0,0,12192.0,2,1,1,1,0,0,1,0,6.9,271.9,0,0,0,0,0,1
141400,64.267,0.0,0,0,1,0,2.909,0.0,0,0,1,0,7.449,1.302,1,0.0,0,0,1,1,0,1,0,1,0,0,0,12192.0,2,1,1,1,0,0,1,0,7.3,272.5,0,0,0,0,0,1
141500,64.267,0.0,0,0,1,0,2.909,0.0,0,0,1,0,7.579,1.302,1,0.0,0,0,1,1,0,1,0,1,0,0,0,12192.0,2,1,1,1,0,0,1,0,7.4,269.3,0,0,0,0,0,1
141600,64.267,0.0,0,0,1,0,2.909,0.0,0,0,1,0,7.709,1.302,1,0.0,0,0,1,1,0,1,0,1,0,0,0,12192.0,2,1,1,1,0,0,1,0,8.7,268.6,0,0,0,0,0,1
141700,64.267,0.0,0,0,1,0,2.909,0.0,0,0,1,0,7.84,1.302,1,0.0,0,0,1,1,0,1,0,1,0,0,0,12192.0,2,1,1,1,0,0,1,0,7.2,272.3,0,0,0,0,0,1
141800,64.267,0.0,0,0,1,0,2.909,0.0,0,0,1,0,7.97,1.302,1,0.0,0,0,1,1,0,1,0,1,0,0,0,12192.0,2,1,1,1,0,0,1,0,7.1,271.4,0,0,0,0,0,1
141900,64.267,0.0,0,0,1,0,2.909,0.0,0,0,1,0,8.1,1.302,1,0.0,0,0,1,1,0,1,0,1,0,0,0,12192.0,2,1,1,1,0,0,1,0,8.3,265.7,0,0,0,0,0,1
142000,64.267,0.0,0,0,1,0,2.909,0.0,0,0,1,0,8.23,1.302,1,0.0,0,0,1,1,0,1,0,1,0,0,0,12192.0,2,1,1,1,0,0,1,0,7.0,269.9,0,0,0,0,0,1
142100,64.267,0.0,0,0,1,0,2.909,0.0,0,0,1,0,8.36,1.302,1,0.0,0,0,1,1,0,1,0,1,0,0,0,12192.0,2,1,1,1,0,0,1,0,6.9,269.7,0,0,0,0,0,1
142200,64.267,0.0,0,0,1,0,2.909,0.0,0,0,1,0,8.491,1.302,1,0.0,0,0,1,1,0,1,0,1,0,0,0,12192.0,2,1,1,1,0,0,1,0,7.5,271.6,0,0,0,0,0,1
142300,64.267,0.0,0,0,1,0,2.909,0.0,0,0,1,0,8.621,1.302,1,0.0,0,0,1,1,0,1,0,1,0,0,0,12192.0,2,1,1,1,0,0,1,0,8.1,271.1,0,0,0,0,0,1
142400,64.267,0.0,0,0,1,0,2.909,0.0,0,0,1,0,8.751,1.302,1,0.0,0,0,1,1,0,1,0,1,0,0,0,12192.0,2,1,1,1,0,0,1,0,6.9,270.4,0,0,0,0,0,1
142500,64.267,0.0,0,0,1,0,2.909,0.0,0,0,1,0,8.881,1.302,1,0.0,0,0,1,1,0,1,0,1,0,0,0,12192.0,2,1,1,1,0,0,1,0,8.0,274.1,0,0,0,0,0,1
142600,64.267,0.0,0,0,1,0,2.909,0.0,0,0,1,0,9.012,1.302,1,0.0,0,0,1,1,0,1,0,1,0,0,0,12192.0,2,1,1,1,0,0,1,0,8.0,272.9,0,0,0,0,0,1
142700,64.267,0.0,0,0,1,0,2.909,0.0,0,0,1,0,9.142,1.302,1,0.0,0,0,1,1,0,1,0,1,0,0,0,12192.0,2,1,1,1,0,0,1,0,7.2,273.3,0,0,0,0,0,1
142800,64.267,0.0,0,0,1,0,2.909,0.0,0,0,1,0,9.272,1.302,1,0.0,0,0,1,1,0,1,0,1,0,0,0,12192.0,2,1,1,1,0,0,1,0,7.6,272.0,0,0,0,0,0,1
142900,64.267,0.0,0,0,1,0,2.909,0.0,0,0,1,0,9.402,1.302,1,0.0,0,0,1,1,0,1,0,1,0,0,0,12192.0,2,1,1,1,0,0,1,0,7.4,271.1,0,0,0,0,0,1
143000,64.267,0.0,0,0,1,0,2.909,0.0,0,0,1,0,9.532,1.302,1,0.0,0,0,1,1,0,1,0,1,0,0,0,12192.0,2,1,1,1,0,0,1,0,6.4,270.0,0,0,0,0,0,1
143100,64.267,0.0,0,0,1,0,2.909,0.0,0,0,1,0,9.663,1.302,1,0.0,0,0,1,1,0,1,0,1,0,0,0,12192.0,2,1,1,1,0,0,1,0,8.3,268.1,0,0,0,0,0,1
143200,64.267,0.0,0,0,1,0,2.909,0.0,0,0,1,0,9.793,1.302,1,0.0,0,0,1,1,0,1,0,1,0,0,0,12192.0,2,1,1,1,0,0,1,0,7.6,265.9,0,0,0,0,0,1
143300,64.267,0.0,0,0,1,0,2.909,0.0,0,0,1,0,9.923,1.302,1,0.0,0,0,1,1,0,1,0,1,0,0,0,12192.0,2,1,1,1,0,0,1,0,8.2,273.9,0,0,0,0,0,1
143400,64.267,0.0,0,0,1,0,2.909,0.0,0,0,1,0,10.053,1.302,1,0.0,0,0,1,1,0,1,0,1,0,0,0,12192.0,2,1,1,1,0,0,1,0,7.9,269.8,0,0,0,0,0,1
143500,64.267,0.0,0,0,1,0,2.909,0.0,0,0,1,0,10.184,1.302,1,0.0,0,0,1,1,0,1,0,1,0,0,0,12192.0,2,1,1,1,0,0,1,0,7.3,274.1,0,0,0,0,0,1
143600,64.267,0.0,0,0,1,0,2.909,0.0,0,0,1,0,10.314,1.302,1,0.0,0,0,1,1,0,1,0,1,0,0,0,12192.0,2,1,1,1,0,0,1,0,7.6,269.8,0,0,0,0,0,1
143700,64.267,0.0,0,0,1,0,2.909,0.0,0,0,1,0,10.444,1.302,1,0.0,0,0,1,1,0,1,0,1,0,0,0,12192.0,2,1,1,1,0,0,1,0,7.3,273.5,0,0,0,0,0,1
143800,64.267,0.0,0,0,1,0,2.909,0.0,0,0,1,0,10.574,1.302,1,0.0,0,0,1,1,0,1,0,1,0,0,0,12192.0,2,1,1,1,0,0,1,0,7.8,270.0,0,0,0,0,0,1
143900,64.267,0.0,0,0,1,0,2.909,0.0,0,0,1,0,10.705,1.302,1,0.0,0,0,1,1,0,1,0,1,0,0,0,12192.0,2,1,1,1,0,0,1,0,8.1,269.0,0,0,0,0,0,1
144000,64.267,0.0,0,0,1,0,2.909,0.0,0,0,1,0,10.835,1.302,1,0.0,0,0,1,1,0,1,0,1,0,0,0,12192.0,2,1,1,1,0,0,1,0,8.2,274.0,0,0,0,0,0,1
144100,64.267,0.0,0,0,1,0,2.909,0.0,0,0,1,0,10.965,1.302,1,0.0,0,0,1,1,0,1,0,1,0,0,0,12192.0,2,1,1,1,0,0,1,0,8.1,268.8,0,0,0,0,0,1
144200,64.267,0.0,0,0,1,0,2.909,0.0,0,0,1,0,11.095,1.302,1,0.0,0,0,1,1,0,1,0,1,0,0,0,12192.0,2,1,1,1,0,0,1,0,8.1,267.9,0,0,0,0,0,1
144300,64.267,0.0,0,0,1,0,2.909,0.0,0,0,1,0,11.225,1.302,1,0.0,0,0,1,1,0,1,0,1,0,0,0,12192.0,2,1,1,1,0,0,1,0,8.4,270.1,0,0,0,0,0,1
144400,64.267,0.0,0,0,1,0,2.909,0.0,0,0,1,0,11.356,1.302,1,0.0,0,0,1,1,0,1,0,1,0,0,0,12192.0,2,1,1,1,0,0,1,0,8.8,265.8,0,0,0,0,0,1
144500,64.267,0.0,0,0,1,0,2.909,0.0,0,0,1,0,11.486,1.302,1,0.0,0,0,1,1,0,1,0,1,0,0,0,12192.0,2,1,1,1,0,0,1,0,8.7,268.5,0,0,0,0,0,1
144600,64.267,0.0,0,0,1,0,2.909,0.0,0,0,1,0,11.616,1.302,1,0.0,0,0,1,1,0,1,0,1,0,0,0,12192.0,2,1,1,1,0,0,1,0,8.5,269.0,0,0,0,0,0,1
144700,64.267,0.0,0,0,1,0,2.909,0.0,0,0,1,0,11.746,1.302,1,0.0,0,0,1,1,0,1,0,1,0,0,0,12192.0,2,1,1,1,0,0,1,0,8.3,266.8,0,0,0,0,0,1
144800,64.267,0.0,0,0,1,0,2.909,0.0,0,0,1,0,11.877,1.302,1,0.0,0,0,1,1,0,1,0,1,0,0,0,12192.0,2,1,1,1,0,0,1,0,8.7,267.7,0,0,0,0,0,1
144900,64.267,0.0,0,0,1,0,2.909,0.0,0,0,1,0,12.002,1.252,1,0.0,0,0,1,1,0,1,0,1,0,0,0,12192.0,2,1,1,1,0,0,1,0,8.2,265.0,0,0,0,0,0,1
145000,64.267,0.0,0,0,1,0,2.909,0.0,0,0,1,0,12.122,1.202,1,0.0,0,0,1,1,0,1,0,1,0,0,0,12192.0,2,1,1,1,0,0,1,0,8.8,269.6,0,0,0,0,0,1
145100,64.267,0.0,0,0,1,0,2.909,0.0,0,0,1,0,12.237,1.151,1,0.0,0,0,1,1,0,1,0,1,0,0,0,12192.0,2,1,1,1,0,0,1,0,8.9,272.1,0,0,0,0,0,1
145200,64.267,0.0,0,0,1,0,2.909,0.0,0,0,1,0,12.347,1.101,1,0.0,0,0,1,1,0,1,0,1,0,0,0,12192.0,2,1,1,1,0,0,1,0,8.8,268.8,0,0,0,0,0,1
145300,64.267,0.0,0,0,1,0,2.909,0.0,0,0,1,0,12.452,1.051,1,0.0,0,0,1,1,0,1,0,1,0,0,0,12192.0,2,1,1,1,0,0,1,0,7.8,276.1,0,0,0,0,0,1
145400,64.267,0.0,0,0,1,0,2.909,0.0,0,0,1,0,12.552,1.001,1,0.0,0,0,1,1,0,1,0,1,0,0,0,12192.0,2,1,1,1,0,0,1,0,9.1,269.9,0,0,0,0,0,1
145500,64.267,0.0,0,0,1,0,2.909,0.0,0,0,1,0,12.647,0.95,1,0.0,0,0,1,1,0,1,0,1,0,0,0,12192.0,2,1,1,1,0,0,1,0,9.0,267.9,0,0,0,0,0,1
145600,64.267,0.0,0,0,1,0,2.909,0.0,0,0,1,0,12.737,0.9,1,0.0,0,0,1,1,0,1,0,1,0,0,0,12192.0,2,1,1,1,0,0,1,0,8.9,271.0,0,0,0,0,0,1
145700,64.267,0.0,0,0,1,0,2.909,0.0,0,0,1,0,12.822,0.85,1,0.0,0,0,1,1,0,1,0,1,0,0,0,12192.0,2,1,1,1,0,0,1,0,9.2,270.5,0,0,0,0,0,1
145800,64.267,0.0,0,0,1,0,2.909,0.0,0,0,1,0,12.902,0.8,1,0.0,0,0,1,1,0,1,0,1,0,0,0,12192.0,2,1,1,1,0,0,1,0,8.4,264.3,0,0,0,0,0,1
145900,64.267,0.0,0,0,1,0,2.909,0.0,0,0,1,0,12.977,0.748,1,0.0,0,0,1,1,0,1,0,1,0,0,0,12192.0,2,1,1,1,0,0,1,0,7.8,270.2,0,0,0,0,0,1
146000,64.267,0.0,0,0,1,0,2.909,0.0,0,0,1,0,13.047,0.696,1,0.0,0,0,1,1,0,1,0,1,0,0,0,12192.0,2,1,1,1,0,0,1,0,7.7,270.3,0,0,0,0,0,1
146100,64.267,0.0,0,0,1,0,2.909,0.0,0,0,1,0,13.111,0.644,1,0.0,0,0,1,1,0,1,0,1,0,0,0,12192.0,2,1,1,1,0,0,1,0,9.0,272.1,0,0,0,0,0,1
146200,64.267,0.0,0,0,1,0,2.909,0.0,0,0,1,0,13.17,0.592,1,0.0,0,0,1,1,0,1,0,1,0,0,0,12192.0,2,1,1,1,0,0,1,0,8.6,268.6,0,0,0,0,0,1
146300,64.267,0.0,0,0,1,0,2.909,0.0,0,0,1,0,13.224,0.539,1,0.0,0,0,1,1,0,1,0,1,0,0,0,12192.0,2,1,1,1,0,0,1,0,8.4,270.0,0,0,0,0,0,1
146400,64.267,0.0,0,0,1,0,2.909,0.0,0,0,1,0,13.273,0.486,1,0.0,0,0,1,1,0,1,0,1,0,0,0,12192.0,2,1,1,1,0,0,1,0,8.6,268.5,0,0,0,0,0,1
146500,64.267,0.0,0,0,1,0,2.909,0.0,0,0,1,0,13.316,0.433,1,0.0,0,0,1,1,0,1,0,1,0,0,0,12192.0,2,1,1,1,0,0,1,0,7.7,266.9,0,0,0,0,0,1
146600,64.267,0.0,0,0,1,0,2.909,0.0,0,0,1,0,13.354,0.379,1,0.0,0,0,1,1,0,1,0,1,0,0,0,12192.0,2,1,1,1,0,0,1,0,8.2,274.0,0,0,0,0,0,1
146700,64.267,0.0,0,0,1,0,2.909,0.0,0,0,1,0,13.387,0.325,1,0.0,0,0,1,1,0,1,0,1,0,0,0,12192.0,2,1,1,1,0,0,1,0,8.7,268.2,0,0,0,0,0,1
146800,64.267,0.0,0,0,1,0,2.909,0.0,0,0,1,0,13.414,0.27,1,0.0,0,0,1,1,0,1,0,1,0,0,0,12192.0,2,1,1,1,0,0,1,0,8.4,271.3,0,0,0,0,0,1
146900,64.267,0.0,0,0,1,0,2.909,0.0,0,0,1,0,13.435,0.214,1,0.0,0,0,1,1,0,1,0,1,0,0,0,12192.0,2,1,1,1,0,0,1,0,8.1,268.7,0,0,0,0,0,1
147000,64.267,0.0,0,0,1,0,2.909,0.0,0,0,1,0,13.451,0.156,1,0.0,0,0,1,1,0,1,0,1,0,0,0,12192.0,2,1,1,1,0,0,1,0,8.8,272.1,0,0,0,0,0,1
147100,64.267,0.0,0,0,1,0,2.909,0.0,0,0,1,0,13.46,0.093,1,0.0,0,0,1,1,0,1,0,1,0,0,0,12192.0,2,1,1,1,0,0,1,0,8.5,269.2,0,0,0,0,0,1
147200,64.267,0.0,0,0,0,0,2.909,0.0,0,0,0,0,13.465,0.0,0,0.0,0,0,0,0,0,1,0,1,0,0,0,12192.0,2,1,1,0,1,0,1,0,8.3,273.1,0,0,0,0,0,1
147300,64.266,-0.015,0,1,1,0,2.915,0.057,1,1,1,0,13.459,-0.05,0,0.0,0,0,1,1,0,1,0,1,0,0,0,12192.0,2,1,1,1,0,0,1,1,8.3,271.6,0,0,0,0,0,1
147400,64.263,-0.029,0,1,1,0,2.926,0.114,1,1,1,0,13.449,-0.101,0,0.0,0,0,1,1,0,1,0,1,0,0,0,12192.0,2,1,1,1,0,0,1,1,8.3,270.4,0,0,0,0,0,1
147500,64.259,-0.044,0,1,1,0,2.944,0.171,1,1,1,0,13.434,-0.151,0,0.0,0,0,1,1,0,1,0,1,0,0,0,12192.0,2,1,1,1,0,0,1,1,8.0,271.6,0,0,0,0,0,1
147600,64.253,-0.059,0,1,1,0,2.966,0.228,1,1,1,0,13.414,-0.201,0,0.0,0,0,1,1,0,1,0,1,0,0,0,12192.0,2,1,1,1,0,0,1,1,8.8,266.5,0,0,0,0,0,1
147700,64.245,-0.074,0,1,1,0,2.995,0.286,1,1,1,0,13.389,-0.251,0,0.0,0,0,1,1,0,1,0,1,0,0,0,12192.0,2,1,1,1,0,0,1,1,8.2,268.5,0,0,0,0,0,1
147800,64.236,-0.088,0,1,1,0,3.029,0.343,1,1,1,0,13.364,-0.254,0,0.0,0,0,1,1,0,1,0,1,0,0,0,12192.0,2,1,1,1,0,0,1,1,8.0,267.6,0,0,0,0,0,1
147900,64.226,-0.103,0,1,1,0,3.069,0.4,1,1,1,0,13.344,-0.197,0,0.0,0,0,1,1,0,1,0,1,0,0,0,12192.0,2,1,1,1,0,0,1,1,8.3,267.2,0,0,0,0,0,1
148000,64.214,-0.118,0,1,1,0,3.115,0.457,1,1,1,0,13.33,-0.138,0,0.0,0,0,1,1,0,1,0,1,0,0,0,12192.0,2,1,1,1,0,0,1,1,8.0,271.3,0,0,0,0,0,1
148100,64.201,-0.133,0,1,1,0,3.166,0.514,1,1,1,0,13.323,-0.072,0,0.0,0,0,1,1,0,1,0,1,0,0,0,12192.0,2,1,1,1,0,0,1,1,8.6,273.7,0,0,0,0,0,1
148200,64.186,-0.147,0,1,1,0,3.223,0.571,1,1,1,0,13.321,0.0,0,0.0,0,0,0,1,0,1,0,1,0,0,0,12192.0,2,1,1,1,0,0,1,1,8.4,272.5,0,0,0,0,0,1
148300,64.17,-0.162,0,1,1,0,3.286,0.628,1,1,1,0,13.321,0.0,0,0.0,0,0,0,1,0,1,0,1,0,0,0,12192.0,2,1,1,1,0,0,1,1,7.4,267.7,0,0,0,0,0,1
148400,64.153,-0.177,0,1,1,0,3.355,0.685,1,1,1,0,13.321,0.0,0,0.0,0,0,0,1,0,1,0,1,0,0,0,12192.0,2,1,1,1,0,0,1,1,7.4,269.8,0,0,0,0,0,1
148500,64.133,-0.191,0,1,1,0,3.429,0.742,1,1,1,0,13.321,0.0,0,0.0,0,0,0,1,0,1,0,1,0,0,0,12192.0,2,1,1,1,0,0,1,1,7.7,268.1,0,0,0,0,0,1
148600,64.113,-0.206,0,1,1,0,3.509,0.8,1,1,1,0,13.321,0.0,0,0.0,0,0,0,1,0,1,0,1,0,0,0,12192.0,2,1,1,1,0,0,1,1,7.6,267.3,0,0,0,0,0,1
148700,64.091,-0.221,0,1,1,0,3.595,0.857,1,1,1,0,13.321,0.0,0,0.0,0,0,0,1,0,1,0,1,0,0,0,12192.0,2,1,1,1,0,0,1,1,7.3,267.2,0,0,0,0,0,1
148800,64.067,-0.236,0,1,1,0,3.686,0.914,1,1,1,0,13.321,0.0,0,0.0,0,0,0,1,0,1,0,1,0,0,0,12192.0,2,1,1,1,0,0,1,1,7.2,272.6,0,0,0,0,0,1
148900,64.042,-0.25,0,1,1,0,3.783,0.971,1,1,1,0,13.321,0.0,0,0.0,0,0,0,1,0,1,0,1,0,0,0,12192.0,2,1,1,1,0,0,1,1,8.2,271.4,0,0,0,0,0,1
149000,64.016,-0.265,0,1,1,0,3.886,1.028,1,1,1,0,13.321,0.0,0,0.0,0,0,0,1,0,1,0,1,0,0,0,12192.0,2,1,1,1,0,0,1,1,7.9,271.7,0,0,0,0,0,1
149100,63.988,-0.28,0,1,1,0,3.994,1.085,1,1,1,0,13.321,0.0,0,0.0,0,0,0,1,0,1,0,1,0,0,0,12192.0,2,1,1,1,0,0,1,1,8.1,271.4,0,0,0,0,0,1
149200,63.958,-0.295,0,1,1,0,4.109,1.142,1,1,1,0,13.321,0.0,0,0.0,0,0,0,1,0,1,0,1,0,0,0,12192.0,2,1,1,1,0,0,1,1,8.1,270.9,0,0,0,0,0,1
149300,63.927,-0.309,0,1,1,0,4.229,1.199,1,1,1,0,13.321,0.0,0,0.0,0,0,0,1,0,1,0,1,0,0,0,12192.0,2,1,1,1,0,0,1,1,7.8,267.3,0,0,0,0,0,1
149400,63.895,-0.324,0,1,1,0,4.354,1.256,1,1,1,0,13.321,0.0,0,0.0,0,0,0,1,0,1,0,1,0,0,0,12192.0,2,1,1,1,0,0,1,1,6.6,270.9,0,0,0,0,0,1
149500,63.861,-0.339,0,1,1,0,4.486,1.314,1,1,1,0,13.321,0.0,0,0.0,0,0,0,1,0,1,0,1,0,0,0,12192.0,2,1,1,1,0,0,1,1,7.8,273.6,0,0,0,0,0,1
149600,63.826,-0.353,0,1,1,0,4.623,1.371,1,1,1,0,13.321,0.0,0,0.0,0,0,0,1,0,1,0,1,0,0,0,12192.0,2,1,1,1,0,0,1,1,8.1,271.8,0,0,0,0,0,1
149700,63.789,-0.368,0,1,1,0,4.765,1.428,1,1,1,0,13.321,0.0,0,0.0,0,0,0,1,0,1,0,1,0,0,0,12192.0,2,1,1,1,0,0,1,1,6.9,267.2,0,0,0,0,0,1
149800,63.75,-0.383,0,1,1,0,4.914,1.485,1,1,1,0,13.321,0.0,0,0.0,0,0,0,1,0,1,0,1,0,0,0,12192.0,2,1,1,1,0,0,1,1,7.8,271.1,0,0,0,0,0,1
149900,63.711,-0.398,0,1,1,0,5.068,1.542,1,1,1,0,13.321,0.0,0,0.0,0,0,0,1,0,1,0,1,0,0,0,12192.0,2,1,1,1,0,0,1,1,7.7,271.2,0,0,0,0,0,1
150000,63.67,-0.412,0,1,1,0,5.228,1.599,1,1,1,0,13.321,0.0,0,0.0,0,0,0,1,0,1,0,1,0,0,0,12192.0,2,1,1,1,0,0,1,1,7.8,270.7,0,0,0,0,0,1
150100,63.627,-0.427,0,1,1,0,5.394,1.656,1,1,1,0,13.321,0.0,0,0.0,0,0,0,1,0,1,0,1,0,0,0,12192.0,2,1,1,1,0,0,1,1,7.2,268.5,0,0,0,0,0,1
150200,63.583,-0.442,0,1,1,0,5.565,1.713,1,1,1,0,13.321,0.0,0,0.0,0,0,0,1,0,1,0,1,0,0,0,12192.0,2,1,1,1,0,0,1,1,7.3,269.2,0,0,0,0,0,1
150300,63.537,-0.456,0,1,1,0,5.742,1.77,1,1,1,0,13.321,0.0,0,0.0,0,0,0,1,0,1,0,1,0,0,0,12192.0,2,1,1,1,0,0,1,1,7.5,269.0,0,0,0,0,0,1
150400,63.49,-0.471,0,1,1,0,5.925,1.827,1,1,1,0,13.321,0.0,0,0.0,0,0,0,1,0,1,0,1,0,0,0,12192.0,2,1,1,1,0,0,1,1,7.6,271.1,0,0,0,0,0,1
150500,63.441,-0.486,0,1,1,0,6.113,1.885,1,1,1,0,13.321,0.0,0,0.0,0,0,0,1,0,1,0,1,0,0,0,12192.0,2,1,1,1,0,0,1,1,7.8,270.7,0,0,0,0,0,1
150600,63.391,-0.501,0,1,1,0,6.307,1.942,1,1,1,0,13.321,0.0,0,0.0,0,0,0,1,0,1,0,1,0,0,0,12192.0,2,1,1,1,0,0,1,1,7.0,270.0,0,0,0,0,0,1
150700,63.34,-0.515,0,1,1,0,6.507,1.999,1,1,1,0,13.321,0.0,0,0.0,0,0,0,1,0,1,0,1,0,0,0,12192.0,2,1,1,1,0,0,1,1,6.7,270.2,0,0,0,0,0,1
150800,63.287,-0.53,0,1,1,0,6.713,2.056,1,1,1,0,13.321,0.0,0,0.0,0,0,0,1,0,1,0,1,0,0,0,12192.0,2,1,1,1,0,0,1,1,7.9,267.0,0,0,0,0,0,1
150900,63.232,-0.545,0,1,1,0,6.924,2.113,1,1,1,0,13.321,0.0,0,0.0,0,0,0,1,0,1,0,1,0,0,0,12192.0,2,1,1,1,0,0,1,1,7.6,274.2,0,0,0,0,0,1
151000,63.176,-0.56,0,1,1,0,7.141,2.17,1,1,1,0,13.321,0.0,0,0.0,0,0,0,1,0,1,0,1,0,0,0,12192.0,2,1,1,1,0,0,1,1,7.9,266.8,0,0,0,0,0,1
151100,63.119,-0.574,0,1,1,0,7.364,2.227,1,1,1,0,13.321,0.0,0,0.0,0,0,0,1,0,1,0,1,0,0,0,12192.0,2,1,1,1,0,0,1,1,7.3,267.9,0,0,0,0,0,1
151200,63.06,-0.589,0,1,1,0,7.592,2.284,1,1,1,0,13.321,0.0,0,0.0,0,0,0,1,0,1,0,1,0,0,0,12192.0,2,1,1,1,0,0,1,1,6.3,269.6,0,0,0,0,0,1
151300,62.999,-0.604,0,1,1,0,7.826,2.341,1,1,1,0,13.321,0.0,0,0.0,0,0,0,1,0,1,0,1,0,0,0,12192.0,2,1,1,1,0,0,1,1,8.0,270.2,0,0,0,0,0,1
151400,62.938,-0.618,0,1,1,0,8.066,2.399,1,1,1,0,13.321,0.0,0,0.0,0,0,0,1,0,1,0,1,0,0,0,12192.0,2,1,1,1,0,0,1,1,7.7,268.8,0,0,0,0,0,1
151500,62.874,-0.633,0,1,1,0,8.312,2.456,1,1,1,0,13.321,0.0,0,0.0,0,0,0,1,0,1,0,1,0,0,0,12192.0,2,1,1,1,0,0,1,1,8.0,271.2,0,0,0,0,0,1
151600,62.81,-0.648,0,1,1,0,8.563,2.513,1,1,1,0,13.321,0.0,0,0.0,0,0,0,1,0,1,0,1,0,0,0,12192.0,2,1,1,1,0,0,1,1,7.5,268.5,0,0,0,0,0,1
151700,62.743,-0.663,0,1,1,0,8.815,2.516,1,1,1,0,13.321,0.0,0,0.0,0,0,0,1,0,1,0,1,0,0,0,12192.0,2,1,1,1,0,0,1,1,7.3,266.4,0,0,0,0,0,1
151800,62.676,-0.677,0,1,1,0,9.061,2.458,1,1,1,0,13.321,0.0,0,0.0,0,0,0,1,0,1,0,1,0,0,0,12192.0,2,1,1,1,0,0,1,1,7.4,267.7,0,0,0,0,0,1
151900,62.607,-0.685,0,1,1,0,9.301,2.401,1,1,1,0,13.321,0.0,0,0.0,0,0,0,1,0,1,0,1,0,0,0,12192.0,2,1,1,1,0,0,1,1,7.6,272.8,0,0,0,0,0,1
152000,62.539,-0.685,0,1,1,0,9.535,2.343,1,1,1,0,13.321,0.0,0,0.0,0,0,0,1,0,1,0,1,0,0,0,12192.0,2,1,1,1,0,0,1,1,8.0,268.3,0,0,0,0,0,1
152100,62.47,-0.685,0,1,1,0,9.763,2.285,1,1,1,0,13.321,0.0,0,0.0,0,0,0,1,0,1,0,1,0,0,0,12192.0,2,1,1,1,0,0,1,1,7.7,271.0,0,0,0,0,0,1
152200,62.402,-0.685,0,1,1,0,9.986,2.227,1,1,1,0,13.321,0.0,0,0.0,0,0,0,1,0,1,0,1,0,0,0,12192.0,2,1,1,1,0,0,1,1,8.2,269.1,0,0,0,0,0,1
152300,62.333,-0.685,0,1,1,0,10.203,2.169,1,1,1,0,13.321,0.0,0,0.0,0,0,0,1,0,1,0,1,0,0,0,12192.0,2,1,1,1,0,0,1,1,8.4,264.3,0,0,0,0,0,1
152400,62.265,-0.685,0,1,1,0,10.414,2.111,1,1,1,0,13.321,0.0,0,0.0,0,0,0,1,0,1,0,1,0,0,0,12192.0,2,1,1,1,0,0,1,1,7.2,269.9,0,0,0,0,0,1
152500,62.196,-0.685,0,1,1,0,10.619,2.053,1,1,1,0,13.321,0.0,0,0.0,0,0,0,1,0,1,0,1,0,0,0,12192.0,2,1,1,1,0,0,1,1,8.0,270.6,0,0,0,0,0,1
152600,62.128,-0.685,0,1,1,0,10.819,1.996,1,1,1,0,13.321,0.0,0,0.0,0,0,0,1,0,1,0,1,0,0,0,12192.0,2,1,1,1,0,0,1,1,8.3,266.8,0,0,0,0,0,1
152700,62.059,-0.685,0,1,1,0,11.013,1.938,1,1,1,0,13.321,0.0,0,0.0,0,0,0,1,0,1,0,1,0,0,0,12192.0,2,1,1,1,0,0,1,1,8.3,270.3,0,0,0,0,0,1
152800,61.991,-0.685,0,1,1,0,11.201,1.88,1,1,1,0,13.321,0.0,0,0.0,0,0,0,1,0,1,0,1,0,0,0,12192.0,2,1,1,1,0,0,1,1,8.1,269.6,0,0,0,0,0,1
152900,61.922,-0.685,0,1,1,0,11.383,1.822,1,1,1,0,13.321,0.0,0,0.0,0,0,0,1,0,1,0,1,0,0,0,12192.0,2,1,1,1,0,0,1,1,7.4,270.3,0,0,0,0,0,1
153000,61.854,-0.685,0,1,1,0,11.559,1.764,1,1,1,0,13.321,0.0,0,0.0,0,0,0,1,0,1,0,1,0,0,0,12192.0,2,1,1,1,0,0,1,1,8.0,268.6,0,0,0,0,0,1
153100,61.785,-0.685,0,1,1,0,11.73,1.705,1,1,1,0,13.321,0.0,0,0.0,0,0,0,1,0,1,0,1,0,0,0,12192.0,2,1,1,1,0,0,1,1,8.9,272.9,0,0,0,0,0,1
153200,61.717,-0.685,0,1,1,0,11.895,1.647,1,1,1,0,13.321,0.0,0,0.0,0,0,0,1,0,1,0,1,0,0,0,12192.0,2,1,1,1,0,0,1,1,7.9,270.8,0,0,0,0,0,1
153300,61.648,-0.685,0,1,1,0,12.053,1.589,1,1,1,0,13.321,0.0,0,0.0,0,0,0,1,0,1,0,1,0,0,0,12192.0,2,1,1,1,0,0,1,1,7.4,271.1,0,0,0,0,0,1
153400,61.58,-0.685,0,1,1,0,12.207,1.531,1,1,1,0,13.321,0.0,0,0.0,0,0,0,1,0,1,0,1,0,0,0,12192.0,2,1,1,1,0,0,1,1,8.3,273.7,0,0,0,0,0,1
153500,61.511,-0.685,0,1,1,0,12.354,1.473,1,1,1,0,13.321,0.0,0,0.0,0,0,0,1,0,1,0,1,0,0,0,12192.0,2,1,1,1,0,0,1,1,8.1,270.5,0,0,0,0,0,1
153600,61.443,-0.685,0,1,1,0,12.495,1.415,1,1,1,0,13.321,0.0,0,0.0,0,0,0,1,0,1,0,1,0,0,0,12192.0,2,1,1,1,0,0,1,1,8.0,271.6,0,0,0,0,0,1
153700,61.375,-0.685,0,1,1,0,12.631,1.356,1,1,1,0,13.321,0.0,0,0.0,0,0,0,1,0,1,0,1,0,0,0,12192.0,2,1,1,1,0,0,1,1,7.7,271.4,0,0,0,0,0,1
153800,61.306,-0.685,0,1,1,0,12.761,1.298,1,1,1,0,13.321,0.0,0,0.0,0,0,0,1,0,1,0,1,0,0,0,12192.0,2,1,1,1,0,0,1,1,8.0,271.0,0,0,0,0,0,1
153900,61.238,-0.685,0,1,1,0,12.885,1.239,1,1,1,0,13.321,0.0,0,0.0,0,0,0,1,0,1,0,1,0,0,0,12192.0,2,1,1,1,0,0,1,1,8.6,275.7,0,0,0,0,0,1
154000,61.169,-0.685,0,1,1,0,13.003,1.181,1,1,1,0,13.321,0.0,0,0.0,0,0,0,1,0,1,0,1,0,0,0,12192.0,2,1,1,1,0,0,1,1,8.4,269.8,0,0,0,0,0,1
154100,61.101,-0.685,0,1,1,0,13.115,1.122,1,1,1,0,13.321,0.0,0,0.0,0,0,0,1,0,1,0,1,0,0,0,12192.0,2,1,1,1,0,0,1,1,8.0,273.3,0,0,0,0,0,1
154200,61.032,-0.685,0,1,1,0,13.221,1.064,1,1,1,0,13.321,0.0,0,0.0,0,0,0,1,0,1,0,1,0,0,0,12192.0,2,1,1,1,0,0,1,1,8.2,268.7,0,0,0,0,0,1
154300,60.964,-0.685,0,1,1,0,13.322,1.005,1,1,1,0,13.321,0.0,0,0.0,0,0,0,1,0,1,0,1,0,0,0,12192.0,2,1,1,1,0,0,1,1,8.9,276.4,0,0,0,0,0,1
154400,60.895,-0.685,0,1,1,0,13.417,0.946,1,1,1,0,13.321,0.0,0,0.0,0,0,0,1,0,1,0,1,0,0,0,12192.0,2,1,1,1,0,0,1,1,8.5,270.1,0,0,0,0,0,1
154500,60.827,-0.685,0,1,1,0,13.505,0.887,1,1,1,0,13.321,0.0,0,0.0,0,0,0,1,0,1,0,1,0,0,0,12192.0,2,1,1,1,0,0,1,1,8.5,269.8,0,0,0,0,0,1
154600,60.758,-0.685,0,1,1,0,13.588,0.828,1,1,1,0,13.321,0.0,0,0.0,0,0,0,1,0,1,0,1,0,0,0,12192.0,2,1,1,1,0,0,1,1,8.2,273.5,0,0,0,0,0,1
154700,60.69,-0.685,0,1,1,0,13.665,0.769,1,1,1,0,13.321,0.0,0,0.0,0,0,0,1,0,1,0,1,0,0,0,12192.0,2,1,1,1,0,0,1,1,9.3,272.6,0,0,0,0,0,1
154800,60.621,-0.685,0,1,1,0,13.736,0.71,1,1,1,0,13.321,0.0,0,0.0,0,0,0,1,0,1,0,1,0,0,0,12192.0,2,1,1,1,0,0,1,1,8.0,266.6,0,0,0,0,0,1
154900,60.553,-0.685,0,1,1,0,13.801,0.65,1,1,1,0,13.321,0.0,0,0.0,0,0,0,1,0,1,0,1,0,0,0,12192.0,2,1,1,1,0,0,1,1,7.9,270.6,0,0,0,0,0,1
155000,60.484,-0.685,0,1,1,0,13.86,0.59,1,1,1,0,13.321,0.0,0,0.0,0,0,0,1,0,1,0,1,0,0,0,12192.0,2,1,1,1,0,0,1,1,8.5,267.9,0,0,0,0,0,1
155100,60.416,-0.685,0,1,1,0,13.913,0.53,1,1,1,0,13.321,0.0,0,0.0,0,0,0,1,0,1,0,1,0,0,0,12192.0,2,1,1,1,0,0,1,1,9.9,272.5,0,0,0,0,0,1
155200,60.347,-0.685,0,1,1,0,13.96,0.469,1,1,1,0,13.321,0.0,0,0.0,0,0,0,1,0,1,0,1,0,0,0,12192.0,2,1,1,1,0,0,1,1,9.2,267.5,0,0,0,0,0,1
155300,60.279,-0.685,0,1,1,0,14.001,0.408,1,1,1,0,13.321,0.0,0,0.0,0,0,0,1,0,1,0,1,0,0,0,12192.0,2,1,1,1,0,0,1,1,8.3,267.7,0,0,0,0,0,1
155400,60.21,-0.685,0,1,1,0,14.035,0.346,1,1,1,0,13.321,0.0,0,0.0,0,0,0,1,0,1,0,1,0,0,0,12192.0,2,1,1,1,0,0,1,1,8.4,265.6,0,0,0,0,0,1
155500,60.142,-0.685,0,1,1,0,14.064,0.284,1,1,1,0,13.321,0.0,0,0.0,0,0,0,1,0,1,0,1,0,0,0,12192.0,2,1,1,1,0,0,1,1,7.9,266.2,0,0,0,0,0,1
155600,60.074,-0.685,0,1,1,0,14.086,0.219,1,1,1,0,13.321,0.0,0,0.0,0,0,0,1,0,1,0,1,0,0,0,12192.0,2,1,1,1,0,0,1,1,8.7,271.0,0,0,0,0,0,1
155700,60.005,-0.685,0,1,1,0,14.101,0.152,1,1,1,0,13.321,0.0,0,0.0,0,0,0,1,0,1,0,1,0,0,0,12192.0,2,1,1,1,0,0,1,1,8.8,263.8,0,0,0,0,0,1
155800,59.937,-0.685,0,1,1,0,14.108,0.076,1,1,1,0,13.321,0.0,0,0.0,0,0,0,1,0,1,0,1,0,0,0,12192.0,2,1,1,1,0,0,1,1,8.3,270.6,0,0,0,0,0,1
155900,59.868,-0.685,0,1,1,0,14.11,0.0,0,0,1,0,13.321,0.0,0,0.0,0,0,0,1,0,1,0,1,0,0,0,12192.0,2,1,1,1,0,0,1,1,8.4,271.1,0,0,0,0,0,1
156000,59.8,-0.685,0,1,1,0,14.11,0.0,0,0,1,0,13.321,0.0,0,0.0,0,0,0,1,0,1,0,1,0,0,0,12192.0,2,1,1,1,0,0,1,1,8.2,268.8,0,0,0,0,0,1
156100,59.731,-0.685,0,1,1,0,14.11,0.0,0,0,1,0,13.321,0.0,0,0.0,0,0,0,1,0,1,0,1,0,0,0,12192.0,2,1,1,1,0,0,1,1,8.5,269.0,0,0,0,0,0,1
156200,59.663,-0.685,0,1,1,0,14.11,0.0,0,0,1,0,13.321,0.0,0,0.0,0,0,0,1,0,1,0,1,0,0,0,12192.0,2,1,1,1,0,0,1,1,9.1,272.3,0,0,0,0,0,1
156300,59.594,-0.685,0,1,1,0,14.11,0.0,0,0,1,0,13.321,0.0,0,0.0,0,0,0,1,0,1,0,1,0,0,0,12192.0,2,1,1,1,0,0,1,1,8.4,268.0,0,0,0,0,0,1
156400,59.526,-0.685,0,1,1,0,14.11,0.0,0,0,1,0,13.321,0.0,0,0.0,0,0,0,1,0,1,0,1,0,0,0,12192.0,2,1,1,1,0,0,1,1,7.8,269.6,0,0,0,0,0,1
156500,59.457,-0.685,0,1,1,0,14.11,0.0,0,0,1,0,13.321,0.0,0,0.0,0,0,0,1,0,1,0,1,0,0,0,12192.0,2,1,1,1,0,0,1,1,8.1,269.6,0,0,0,0,0,1
156600,59.389,-0.685,0,1,1,0,14.11,0.0,0,0,1,0,13.321,0.0,0,0.0,0,0,0,1,0,1,0,1,0,0,0,12192.0,2,1,1,1,0,0,1,1,8.0,272.7,0,0,0,0,0,1
156700,59.32,-0.685,0,1,1,0,14.11,0.0,0,0,1,0,13.321,0.0,0,0.0,0,0,0,1,0,1,0,1,0,0,0,12192.0,2,1,1,1,0,0,1,1,8.1,276.1,0,0,0,0,0,1
156800,59.252,-0.685,0,1,1,0,14.11,0.0,0,0,1,0,13.321,0.0,0,0.0,0,0,0,1,0,1,0,1,0,0,0,12192.0,2,1,1,1,0,0,1,1,8.7,274.6,0,0,0,0,0,1
156900,59.183,-0.685,0,1,1,0,14.11,0.0,0,0,1,0,13.321,0.0,0,0.0,0,0,0,1,0,1,0,1,0,0,0,12192.0,2,1,1,1,0,0,1,1,8.6,265.9,0,0,0,0,0,1
157000,59.115,-0.685,0,1,1,0,14.11,0.0,0,0,1,0,13.321,0.0,0,0.0,0,0,0,1,0,1,0,1,0,0,0,12192.0,2,1,1,1,0,0,1,1,7.9,273.1,0,0,0,0,0,1
157100,59.046,-0.685,0,1,1,0,14.11,0.0,0,0,1,0,13.321,0.0,0,0.0,0,0,0,1,0,1,0,1,0,0,0,12192.0,2,1,1,1,0,0,1,1,7.8,270.8,0,0,0,0,0,1
157200,58.978,-0.685,0,1,1,0,14.11,0.0,0,0,1,0,13.321,0.0,0,0.0,0,0,0,1,0,1,0,1,0,0,0,12192.0,2,1,1,1,0,0,1,1,7.2,271.3,0,0,0,0,0,1
157300,58.909,-0.685,0,1,1,0,14.11,0.0,0,0,1,0,13.321,0.0,0,0.0,0,0,0,1,0,1,0,1,0,0,0,12192.0,2,1,1,1,0,0,1,1,8.3,271.1,0,0,0,0,0,1
157400,58.841,-0.685,0,1,1,0,14.11,0.0,0,0,1,0,13.321,0.0,0,0.0,0,0,0,1,0,1,0,1,0,0,0,12192.0,2,1,1,1,0,0,1,1,8.4,269.0,0,0,0,0,0,1
157500,58.772,-0.685,0,1,1,0,14.11,0.0,0,0,1,0,13.321,0.0,0,0.0,0,0,0,1,0,1,0,1,0,0,0,12192.0,2,1,1,1,0,0,1,1,7.8,268.6,0,0,0,0,0,1
157600,58.704,-0.685,0,1,1,0,14.11,0.0,0,0,1,0,13.321,0.0,0,0.0,0,0,0,1,0,1,0,1,0,0,0,12192.0,2,1,1,1,0,0,1,1,7.9,271.9,0,0,0,0,0,1
157700,58.636,-0.685,0,1,1,0,14.11,0.0,0,0,1,0,13.321,0.0,0,0.0,0,0,0,1,0,1,0,1,0,0,0,12192.0,2,1,1,1,0,0,1,1,7.8,269.5,0,0,0,0,0,1
157800,58.567,-0.685,0,1,1,0,14.11,0.0,0,0,1,0,13.321,0.0,0,0.0,0,0,0,1,0,1,0,1,0,0,0,12192.0,2,1,1,1,0,0,1,1,7.2,269.8,0,0,0,0,0,1
157900,58.499,-0.685,0,1,1,0,14.11,0.0,0,0,1,0,13.321,0.0,0,0.0,0,0,0,1,0,1,0,1,0,0,0,12192.0,2,1,1,1,0,0,1,1,7.9,269.2,0,0,0,0,0,1
158000,58.43,-0.685,0,1,1,0,14.11,0.0,0,0,1,0,13.321,0.0,0,0.0,0,0,0,1,0,1,0,1,0,0,0,12192.0,2,1,1,1,0,0,1,1,7.9,271.4,0,0,0,0,0,1
158100,58.362,-0.685,0,1,1,0,14.11,0.0,0,0,1,0,13.321,0.0,0,0.0,0,0,0,1,0,1,0,1,0,0,0,12192.0,2,1,1,1,0,0,1,1,7.2,272.1,0,0,0,0,0,1
158200,58.293,-0.685,0,1,1,0,14.11,0.0,0,0,1,0,13.321,0.0,0,0.0,0,0,0,1,0,1,0,1,0,0,0,12192.0,2,1,1,1,0,0,1,1,7.4,268.8,0,0,0,0,0,1
158300,58.225,-0.685,0,1,1,0,14.11,0.0,0,0,1,0,13.321,0.0,0,0.0,0,0,0,1,0,1,0,1,0,0,0,12192.0,2,1,1,1,0,0,1,1,7.0,275.3,0,0,0,0,0,1
158400,58.156,-0.685,0,1,1,0,14.11,0.0,0,0,1,0,13.321,0.0,0,0.0,0,0,0,1,0,1,0,1,0,0,0,12192.0,2,1,1,1,0,0,1,1,8.4,269.6,0,0,0,0,0,1
158500,58.088,-0.685,0,1,1,0,14.11,0.0,0,0,1,0,13.321,0.0,0,0.0,0,0,0,1,0,1,0,1,0,0,0,12192.0,2,1,1,1,0,0,1,1,8.3,270.2,0,0,0,0,0,1
158600,58.019,-0.685,0,1,1,0,14.11,0.0,0,0,1,0,13.321,0.0,0,0.0,0,0,0,1,0,1,0,1,0,0,0,12192.0,2,1,1,1,0,0,1,1,6.9,265.2,0,0,0,0,0,1
158700,57.951,-0.685,0,1,1,0,14.11,0.0,0,0,1,0,13.321,0.0,0,0.0,0,0,0,1,0,1,0,1,0,0,0,12192.0,2,1,1,1,0,0,1,1,6.8,271.8,0,0,0,0,0,1
158800,57.882,-0.685,0,1,1,0,14.11,0.0,0,0,1,0,13.321,0.0,0,0.0,0,0,0,1,0,1,0,1,0,0,0,12192.0,2,1,1,1,0,0,1,1,7.3,274.7,0,0,0,0,0,1
158900,57.814,-0.685,0,1,1,0,14.11,0.0,0,0,1,0,13.321,0.0,0,0.0,0,0,0,1,0,1,0,1,0,0,0,12192.0,2,1,1,1,0,0,1,1,7.6,265.0,0,0,0,0,0,1
159000,57.745,-0.685,0,1,1,0,14.11,0.0,0,0,1,0,13.321,0.0,0,0.0,0,0,0,1,0,1,0,1,0,0,0,12192.0,2,1,1,1,0,0,1,1,7.7,274.6,0,0,0,0,0,1
159100,57.677,-0.685,0,1,1,0,14.11,0.0,0,0,1,0,13.321,0.0,0,0.0,0,0,0,1,0,1,0,1,0,0,0,12192.0,2,1,1,1,0,0,1,1,7.8,271.6,0,0,0,0,0,1
159200,57.608,-0.685,0,1,1,0,14.11,0.0,0,0,1,0,13.321,0.0,0,0.0,0,0,0,1,0,1,0,1,0,0,0,12192.0,2,1,1,1,0,0,1,1,7.4,271.1,0,0,0,0,0,1
159300,57.54,-0.685,0,1,1,0,14.11,0.0,0,0,1,0,13.321,0.0,0,0.0,0,0,0,1,0,1,0,1,0,0,0,12192.0,2,1,1,1,0,0,1,1,7.1,267.3,0,0,0,0,0,1
159400,57.471,-0.685,0,1,1,0,14.11,0.0,0,0,1,0,13.321,0.0,0,0.0,0,0,0,1,0,1,0,1,0,0,0,12192.0,2,1,1,1,0,0,1,1,7.9,267.2,0,0,0,0,0,1
159500,57.403,-0.685,0,1,1,0,14.11,0.0,0,0,1,0,13.321,0.0,0,0.0,0,0,0,1,0,1,0,1,0,0,0,12192.0,2,1,1,1,0,0,1,1,7.8,271.2,0,0,0,0,0,1
159600,57.335,-0.685,0,1,1,0,14.11,0.0,0,0,1,0,13.321,0.0,0,0.0,0,0,0,1,0,1,0,1,0,0,0,12192.0,2,1,1,1,0,0,1,1,7.4,271.4,0,0,0,0,0,1
159700,57.266,-0.685,0,1,1,0,14.11,0.0,0,0,1,0,13.321,0.0,0,0.0,0,0,0,1,0,1,0,1,0,0,0,12192.0,2,1,1,1,0,0,1,1,7.8,271.7,0,0,0,0,0,1
159800,57.198,-0.685,0,1,1,0,14.11,0.0,0,0,1,0,13.321,0.0,0,0.0,0,0,0,1,0,1,0,1,0,0,0,12192.0,2,1,1,1,0,0,1,1,7.5,275.9,0,0,0,0,0,1
159900,57.129,-0.685,0,1,1,0,14.11,0.0,0,0,1,0,13.321,0.0,0,0.0,0,0,0,1,0,1,0,1,0,0,0,12192.0,2,1,1,1,0,0,1,1,7.3,266.8,0,0,0,0,0,1
160000,57.061,-0.685,0,1,1,0,14.11,0.0,0,0,1,0,13.321,0.0,0,0.0,0,0,0,1,0,1,0,1,0,0,0,12192.0,2,1,1,1,0,0,1,1,7.7,268.3,0,0,0,0,0,1
160100,56.992,-0.685,0,1,1,0,14.11,0.0,0,0,1,0,13.321,0.0,0,0.0,0,0,0,1,0,1,0,1,0,0,0,12192.0,2,1,1,1,0,0,1,1,7.2,271.7,0,0,0,0,0,1
160200,56.924,-0.685,0,1,1,0,14.11,0.0,0,0,1,0,13.321,0.0,0,0.0,0,0,0,1,0,1,0,1,0,0,0,12192.0,2,1,1,1,0,0,1,1,6.9,266.9,0,0,0,0,0,1
160300,56.855,-0.685,0,1,1,0,14.11,0.0,0,0,1,0,13.321,0.0,0,0.0,0,0,0,1,0,1,0,1,0,0,0,12192.0,2,1,1,1,0,0,1,1,6.9,268.9,0,0,0,0,0,1
160400,56.787,-0.685,0,1,1,0,14.11,0.0,0,0,1,0,13.321,0.0,0,0.0,0,0,0,1,0,1,0,1,0,0,0,12192.0,2,1,1,1,0,0,1,1,7.8,268.9,0,0,0,0,0,1
160500,56.718,-0.685,0,1,1,0,14.11,0.0,0,0,1,0,13.321,0.0,0,0.0,0,0,0,1,0,1,0,1,0,0,0,12192.0,2,1,1,1,0,0,1,1,7.2,269.6,0,0,0,0,0,1
160600,56.65,-0.685,0,1,1,0,14.11,0.0,0,0,1,0,13.321,0.0,0,0.0,0,0,0,1,0,1,0,1,0,0,0,12192.0,2,1,1,1,0,0,1,1,7.9,271.4,0,0,0,0,0,1
160700,56.581,-0.685,0,1,1,0,14.11,0.0,0,0,1,0,13.321,0.0,0,0.0,0,0,0,1,0,1,0,1,0,0,0,12192.0,2,1,1,1,0,0,1,1,7.6,274.1,0,0,0,0,0,1
160800,56.513,-0.685,0,1,1,0,14.11,0.0,0,0,1,0,13.321,0.0,0,0.0,0,0,0,1,0,1,0,1,0,0,0,12192.0,2,1,1,1,0,0,1,1,7.6,272.3,0,0,0,0,0,1
160900,56.444,-0.685,0,1,1,0,14.11,0.0,0,0,1,0,13.321,0.0,0,0.0,0,0,0,1,0,1,0,1,0,0,0,12192.0,2,1,1,1,0,0,1,1,7.6,271.3,0,0,0,0,0,1
161000,56.376,-0.685,0,1,1,0,14.11,0.0,0,0,1,0,13.321,0.0,0,0.0,0,0,0,1,0,1,0,1,0,0,0,12192.0,2,1,1,1,0,0,1,1,8.4,273.9,0,0,0,0,0,1
161100,56.307,-0.685,0,1,1,0,14.11,0.0,0,0,1,0,13.321,0.0,0,0.0,0,0,0,1,0,1,0,1,0,0,0,12192.0,2,1,1,1,0,0,1,1,7.6,266.3,0,0,0,0,0,1
161200,56.239,-0.685,0,1,1,0,14.11,0.0,0,0,1,0,13.321,0.0,0,0.0,0,0,0,1,0,1,0,1,0,0,0,12192.0,2,1,1,1,0,0,1,1,7.2,268.1,0,0,0,0,0,1
161300,56.17,-0.685,0,1,1,0,14.11,0.0,0,0,1,0,13.321,0.0,0,0.0,0,0,0,1,0,1,0,1,0,0,0,12192.0,2,1,1,1,0,0,1,1,7.5,274.3,0,0,0,0,0,1
161400,56.102,-0.685,0,1,1,0,14.11,0.0,0,0,1,0,13.321,0.0,0,0.0,0,0,0,1,0,1,0,1,0,0,0,12192.0,2,1,1,1,0,0,1,1,8.1,272.7,0,0,0,0,0,1
161500,56.034,-0.685,0,1,1,0,14.11,0.0,0,0,1,0,13.321,0.0,0,0.0,0,0,0,1,0,1,0,1,0,0,0,12192.0,2,1,1,1,0,0,1,1,8.4,270.1,0,0,0,0,0,1
161600,55.965,-0.685,0,1,1,0,14.11,0.0,0,0,1,0,13.321,0.0,0,0.0,0,0,0,1,0,1,0,1,0,0,0,12192.0,2,1,1,1,0,0,1,1,8.0,269.0,0,0,0,0,0,1
161700,55.897,-0.685,0,1,1,0,14.11,0.0,0,0,1,0,13.321,0.0,0,0.0,0,0,0,1,0,1,0,1,0,0,0,12192.0,2,1,1,1,0,0,1,1,8.1,269.5,0,0,0,0,0,1
161800,55.828,-0.685,0,1,1,0,14.11,0.0,0,0,1,0,13.321,0.0,0,0.0,0,0,0,1,0,1,0,1,0,0,0,12192.0,2,1,1,1,0,0,1,1,7.5,268.8,0,0,0,0,0,1
161900,55.76,-0.685,0,1,1,0,14.11,0.0,0,0,1,0,13.321,0.0,0,0.0,0,0,0,1,0,1,0,1,0,0,0,12192.0,2,1,1,1,0,0,1,1,7.9,265.7,0,0,0,0,0,1
162000,55.691,-0.685,0,1,1,0,14.11,0.0,0,0,1,0,13.321,0.0,0,0.0,0,0,0,1,0,1,0,1,0,0,0,12192.0,2,1,1,1,0,0,1,1,8.5,274.7,0,0,0,0,0,1
162100,55.623,-0.685,0,1,1,0,14.11,0.0,0,0,1,0,13.321,0.0,0,0.0,0,0,0,1,0,1,0,1,0,0,0,12192.0,2,1,1,1,0,0,1,1,8.5,268.4,0,0,0,0,0,1
162200,55.554,-0.685,0,1,1,0,14.11,0.0,0,0,1,0,13.321,0.0,0,0.0,0,0,0,1,0,1,0,1,0,0,0,12192.0,2,1,1,1,0,0,1,1,8.5,271.4,0,0,0,0,0,1
162300,55.486,-0.685,0,1,1,0,14.11,0.0,0,0,1,0,13.321,0.0,0,0.0,0,0,0,1,0,1,0,1,0,0,0,12192.0,2,1,1,1,0,0,1,1,8.0,269.7,0,0,0,0,0,1
162400,55.417,-0.685,0,1,1,0,14.11,0.0,0,0,1,0,13.321,0.0,0,0.0,0,0,0,1,0,1,0,1,0,0,0,12192.0,2,1,1,1,0,0,1,1,8.3,275.8,0,0,0,0,0,1
162500,55.349,-0.685,0,1,1,0,14.11,0.0,0,0,1,0,13.321,0.0,0,0.0,0,0,0,1,0,1,0,1,0,0,0,12192.0,2,1,1,1,0,0,1,1,7.9,274.8,0,0,0,0,0,1
162600,55.28,-0.685,0,1,1,0,14.11,0.0,0,0,1,0,13.321,0.0,0,0.0,0,0,0,1,0,1,0,1,0,0,0,12192.0,2,1,1,1,0,0,1,1,8.4,271.1,0,0,0,0,0,1
162700,55.212,-0.685,0,1,1,0,14.11,0.0,0,0,1,0,13.321,0.0,0,0.0,0,0,0,1,0,1,0,1,0,0,0,12192.0,2,1,1,1,0,0,1,1,8.8,268.8,0,0,0,0,0,1
162800,55.143,-0.685,0,1,1,0,14.11,0.0,0,0,1,0,13.321,0.0,0,0.0,0,0,0,1,0,1,0,1,0,0,0,12192.0,2,1,1,1,0,0,1,1,8.3,268.8,0,0,0,0,0,1
162900,55.075,-0.685,0,1,1,0,14.11,0.0,0,0,1,0,13.321,0.0,0,0.0,0,0,0,1,0,1,0,1,0,0,0,12192.0,2,1,1,1,0,0,1,1,9.0,270.5,0,0,0,0,0,1
163000,55.006,-0.685,0,1,1,0,14.11,0.0,0,0,1,0,13.321,0.0,0,0.0,0,0,0,1,0,1,0,1,0,0,0,12192.0,2,1,1,1,0,0,1,1,8.7,269.4,0,0,0,0,0,1
163100,54.938,-0.685,0,1,1,0,14.11,0.0,0,0,1,0,13.321,0.0,0,0.0,0,0,0,1,0,1,0,1,0,0,0,12192.0,2,1,1,1,0,0,1,1,8.4,271.0,0,0,0,0,0,1
163200,54.869,-0.685,0,1,1,0,14.11,0.0,0,0,1,0,13.321,0.0,0,0.0,0,0,0,1,0,1,0,1,0,0,0,12192.0,2,1,1,1,0,0,1,1,8.2,268.1,0,0,0,0,0,1
163300,54.801,-0.685,0,1,1,0,14.11,0.0,0,0,1,0,13.321,0.0,0,0.0,0,0,0,1,0,1,0,1,0,0,0,12192.0,2,1,1,1,0,0,1,1,8.5,267.0,0,0,0,0,0,1
163400,54.732,-0.685,0,1,1,0,14.11,0.0,0,0,1,0,13.321,0.0,0,0.0,0,0,0,1,0,1,0,1,0,0,0,12192.0,2,1,1,1,0,0,1,1,9.5,269.0,0,0,0,0,0,1
163500,54.664,-0.685,0,1,1,0,14.11,0.0,0,0,1,0,13.321,0.0,0,0.0,0,0,0,1,0,1,0,1,0,0,0,12192.0,2,1,1,1,0,0,1,1,8.3,271.1,0,0,0,0,0,1
163600,54.596,-0.685,0,1,1,0,14.11,0.0,0,0,1,0,13.321,0.0,0,0.0,0,0,0,1,0,1,0,1,0,0,0,12192.0,2,1,1,1,0,0,1,1,8.2,264.7,0,0,0,0,0,1
163700,54.527,-0.685,0,1,1,0,14.11,0.0,0,0,1,0,13.321,0.0,0,0.0,0,0,0,1,0,1,0,1,0,0,0,12192.0,2,1,1,1,0,0,1,1,8.5,267.2,0,0,0,0,0,1
163800,54.459,-0.685,0,1,1,0,14.11,0.0,0,0,1,0,13.321,0.0,0,0.0,0,0,0,1,0,1,0,1,0,0,0,12192.0,2,1,1,1,0,0,1,1,8.6,271.0,0,0,0,0,0,1
163900,54.39,-0.685,0,1,1,0,14.11,0.0,0,0,1,0,13.321,0.0,0,0.0,0,0,0,1,0,1,0,1,0,0,0,12192.0,2,1,1,1,0,0,1,1,9.0,270.1,0,0,0,0,0,1
164000,54.322,-0.685,0,1,1,0,14.11,0.0,0,0,1,0,13.321,0.0,0,0.0,0,0,0,1,0,1,0,1,0,0,0,12192.0,2,1,1,1,0,0,1,1,8.0,268.9,0,0,0,0,0,1
164100,54.253,-0.685,0,1,1,0,14.11,0.0,0,0,1,0,13.321,0.0,0,0.0,0,0,0,1,0,1,0,1,0,0,0,12192.0,2,1,1,1,0,0,1,1,8.7,271.9,0,0,0,0,0,1
164200,54.185,-0.685,0,1,1,0,14.11,0.0,0,0,1,0,13.321,0.0,0,0.0,0,0,0,1,0,1,0,1,0,0,0,12192.0,2,1,1,1,0,0,1,1,8.0,270.6,0,0,0,0,0,1
164300,54.116,-0.685,0,1,1,0,14.11,0.0,0,0,1,0,13.321,0.0,0,0.0,0,0,0,1,0,1,0,1,0,0,0,12192.0,2,1,1,1,0,0,1,1,8.9,268.3,0,0,0,0,0,1
164400,54.048,-0.685,0,1,1,0,14.11,0.0,0,0,1,0,13.321,0.0,0,0.0,0,0,0,1,0,1,0,1,0,0,0,12192.0,2,1,1,1,0,0,1,1,9.1,267.6,0,0,0,0,0,1
164500,53.979,-0.685,0,1,1,0,14.11,0.0,0,0,1,0,13.321,0.0,0,0.0,0,0,0,1,0,1,0,1,0,0,0,12192.0,2,1,1,1,0,0,1,1,8.6,268.1,0,0,0,0,0,1
164600,53.911,-0.685,0,1,1,0,14.11,0.0,0,0,1,0,13.321,0.0,0,0.0,0,0,0,1,0,1,0,1,0,0,0,12192.0,2,1,1,1,0,0,1,1,8.3,270.1,0,0,0,0,0,1
164700,53.842,-0.685,0,1,1,0,14.11,0.0,0,0,1,0,13.321,0.0,0,0.0,0,0,0,1,0,1,0,1,0,0,0,12192.0,2,1,1,1,0,0,1,1,9.0,271.1,0,0,0,0,0,1
164800,53.774,-0.685,0,1,1,0,14.11,0.0,0,0,1,0,13.321,0.0,0,0.0,0,0,0,1,0,1,0,1,0,0,0,12192.0,2,1,1,1,0,0,1,1,8.1,268.8,0,0,0,0,0,1
164900,53.705,-0.685,0,1,1,0,14.11,0.0,0,0,1,0,13.321,0.0,0,0.0,0,0,0,1,0,1,0,1,0,0,0,12192.0,2,1,1,1,0,0,1,1,7.8,271.7,0,0,0,0,0,1
165000,53.637,-0.685,0,1,1,0,14.11,0.0,0,0,1,0,13.321,0.0,0,0.0,0,0,0,1,0,1,0,1,0,0,0,12192.0,2,1,1,1,0,0,1,1,8.0,270.1,0,0,0,0,0,1
165100,53.568,-0.685,0,1,1,0,14.11,0.0,0,0,1,0,13.321,0.0,0,0.0,0,0,0,1,0,1,0,1,0,0,0,12192.0,2,1,1,1,0,0,1,1,8.5,269.3,0,0,0,0,0,1
165200,53.5,-0.685,0,1,1,0,14.11,0.0,0,0,1,0,13.321,0.0,0,0.0,0,0,0,1,0,1,0,1,0,0,0,12192.0,2,1,1,1,0,0,1,1,8.8,266.9,0,0,0,0,0,1
165300,53.431,-0.685,0,1,1,0,14.11,0.0,0,0,1,0,13.321,0.0,0,0.0,0,0,0,1,0,1,0,1,0,0,0,12192.0,2,1,1,1,0,0,1,1,8.5,271.4,0,0,0,0,0,1
165400,53.363,-0.685,0,1,1,0,14.11,0.0,0,0,1,0,13.321,0.0,0,0.0,0,0,0,1,0,1,0,1,0,0,0,12192.0,2,1,1,1,0,0,1,1,8.4,268.6,0,0,0,0,0,1
165500,53.295,-0.685,0,1,1,0,14.11,0.0,0,0,1,0,13.321,0.0,0,0.0,0,0,0,1,0,1,0,1,0,0,0,12192.0,2,1,1,1,0,0,1,1,8.3,265.3,0,0,0,0,0,1
165600,53.226,-0.685,0,1,1,0,14.11,0.0,0,0,1,0,13.321,0.0,0,0.0,0,0,0,1,0,1,0,1,0,0,0,12192.0,2,1,1,1,0,0,1,1,8.3,269.3,0,0,0,0,0,1
165700,53.158,-0.685,0,1,1,0,14.11,0.0,0,0,1,0,13.321,0.0,0,0.0,0,0,0,1,0,1,0,1,0,0,0,12192.0,2,1,1,1,0,0,1,1,8.6,271.5,0,0,0,0,0,1
165800,53.089,-0.685,0,1,1,0,14.11,0.0,0,0,1,0,13.321,0.0,0,0.0,0,0,0,1,0,1,0,1,0,0,0,12192.0,2,1,1,1,0,0,1,1,7.8,272.5,0,0,0,0,0,1
165900,53.021,-0.685,0,1,1,0,14.11,0.0,0,0,1,0,13.321,0.0,0,0.0,0,0,0,1,0,1,0,1,0,0,0,12192.0,2,1,1,1,0,0,1,1,7.6,267.7,0,0,0,0,0,1
166000,52.952,-0.685,0,1,1,0,14.11,0.0,0,0,1,0,13.321,0.0,0,0.0,0,0,0,1,0,1,0,1,0,0,0,12192.0,2,1,1,1,0,0,1,1,7.6,267.8,0,0,0,0,0,1
166100,52.884,-0.685,0,1,1,0,14.11,0.0,0,0,1,0,13.321,0.0,0,0.0,0,0,0,1,0,1,0,1,0,0,0,12192.0,2,1,1,1,0,0,1,1,7.5,266.3,0,0,0,0,0,1
166200,52.817,-0.67,0,1,1,0,14.11,0.0,0,0,1,0,13.321,0.0,0,0.0,0,0,0,1,0,1,0,1,0,0,0,12192.0,2,1,1,1,0,0,1,1,7.7,270.1,0,0,0,0,0,1
166300,52.751,-0.655,0,1,1,0,14.11,0.0,0,0,1,0,13.321,0.0,0,0.0,0,0,0,1,0,1,0,1,0,0,0,12192.0,2,1,1,1,0,0,1,1,7.5,267.9,0,0,0,0,0,1
166400,52.687,-0.641,0,1,1,0,14.11,0.0,0,0,1,0,13.321,0.0,0,0.0,0,0,0,1,0,1,0,1,0,0,0,12192.0,2,1,1,1,0,0,1,1,7.9,274.2,0,0,0,0,0,1
166500,52.625,-0.626,0,1,1,0,14.11,0.0,0,0,1,0,13.321,0.0,0,0.0,0,0,0,1,0,1,0,1,0,0,0,12192.0,2,1,1,1,0,0,1,1,7.8,269.1,0,0,0,0,0,1
166600,52.563,-0.611,0,1,1,0,14.11,0.0,0,0,1,0,13.321,0.0,0,0.0,0,0,0,1,0,1,0,1,0,0,0,12192.0,2,1,1,1,0,0,1,1,6.6,273.9,0,0,0,0,0,1
166700,52.504,-0.596,0,1,1,0,14.11,0.0,0,0,1,0,13.321,0.0,0,0.0,0,0,0,1,0,1,0,1,0,0,0,12192.0,2,1,1,1,0,0,1,1,7.5,276.1,0,0,0,0,0,1
166800,52.446,-0.582,0,1,1,0,14.11,0.0,0,0,1,0,13.321,0.0,0,0.0,0,0,0,1,0,1,0,1,0,0,0,12192.0,2,1,1,1,0,0,1,1,8.1,265.2,0,0,0,0,0,1
166900,52.389,-0.567,0,1,1,0,14.11,0.0,0,0,1,0,13.321,0.0,0,0.0,0,0,0,1,0,1,0,1,0,0,0,12192.0,2,1,1,1,0,0,1,1,7.3,269.9,0,0,0,0,0,1
167000,52.334,-0.552,0,1,1,0,14.11,0.0,0,0,1,0,13.321,0.0,0,0.0,0,0,0,1,0,1,0,1,0,0,0,12192.0,2,1,1,1,0,0,1,1,8.5,267.3,0,0,0,0,0,1
167100,52.28,-0.537,0,1,1,0,14.11,0.0,0,0,1,0,13.321,0.0,0,0.0,0,0,0,1,0,1,0,1,0,0,0,12192.0,2,1,1,1,0,0,1,1,7.7,271.8,0,0,0,0,0,1
167200,52.228,-0.522,0,1,1,0,14.11,0.0,0,0,1,0,13.321,0.0,0,0.0,0,0,0,1,0,1,0,1,0,0,0,12192.0,2,1,1,1,0,0,1,1,8.1,268.6,0,0,0,0,0,1
167300,52.177,-0.507,0,1,1,0,14.11,0.0,0,0,1,0,13.321,0.0,0,0.0,0,0,0,1,0,1,0,1,0,0,0,12192.0,2,1,1,1,0,0,1,1,7.6,273.5,0,0,0,0,0,1
167400,52.128,-0.492,0,1,1,0,14.11,0.0,0,0,1,0,13.321,0.0,0,0.0,0,0,0,1,0,1,0,1,0,0,0,12192.0,2,1,1,1,0,0,1,1,6.9,269.4,0,0,0,0,0,1
167500,52.08,-0.477,0,1,1,0,14.11,0.0,0,0,1,0,13.321,0.0,0,0.0,0,0,0,1,0,1,0,1,0,0,0,12192.0,2,1,1,1,0,0,1,1,7.3,270.8,0,0,0,0,0,1
167600,52.034,-0.463,0,1,1,0,14.11,0.0,0,0,1,0,13.321,0.0,0,0.0,0,0,0,1,0,1,0,1,0,0,0,12192.0,2,1,1,1,0,0,1,1,7.0,272.7,0,0,0,0,0,1
167700,51.989,-0.448,0,1,1,0,14.11,0.0,0,0,1,0,13.321,0.0,0,0.0,0,0,0,1,0,1,0,1,0,0,0,12192.0,2,1,1,1,0,0,1,1,8.1,268.4,0,0,0,0,0,1
167800,51.946,-0.433,0,1,1,0,14.11,0.0,0,0,1,0,13.321,0.0,0,0.0,0,0,0,1,0,1,0,1,0,0,0,12192.0,2,1,1,1,0,0,1,1,7.2,270.4,0,0,0,0,0,1
167900,51.904,-0.418,0,1,1,0,14.11,0.0,0,0,1,0,13.321,0.0,0,0.0,0,0,0,1,0,1,0,1,0,0,0,12192.0,2,1,1,1,0,0,1,1,7.1,270.9,0,0,0,0,0,1
168000,51.864,-0.403,0,1,1,0,14.11,0.0,0,0,1,0,13.321,0.0,0,0.0,0,0,0,1,0,1,0,1,0,0,0,12192.0,2,1,1,1,0,0,1,1,7.8,272.7,0,0,0,0,0,1
168100,51.825,-0.388,0,1,1,0,14.11,0.0,0,0,1,0,13.321,0.0,0,0.0,0,0,0,1,0,1,0,1,0,0,0,12192.0,2,1,1,1,0,0,1,1,7.1,274.0,0,0,0,0,0,1
168200,51.788,-0.373,0,1,1,0,14.11,0.0,0,0,1,0,13.321,0.0,0,0.0,0,0,0,1,0,1,0,1,0,0,0,12192.0,2,1,1,1,0,0,1,1,6.5,269.2,0,0,0,0,0,1
168300,51.752,-0.358,0,1,1,0,14.11,0.0,0,0,1,0,13.321,0.0,0,0.0,0,0,0,1,0,1,0,1,0,0,0,12192.0,2,1,1,1,0,0,1,1,7.5,267.8,0,0,0,0,0,1
168400,51.718,-0.343,0,1,1,0,14.11,0.0,0,0,1,0,13.321,0.0,0,0.0,0,0,0,1,0,1,0,1,0,0,0,12192.0,2,1,1,1,0,0,1,1,6.4,270.4,0,0,0,0,0,1
168500,51.685,-0.327,0,1,1,0,14.11,0.0,0,0,1,0,13.321,0.0,0,0.0,0,0,0,1,0,1,0,1,0,0,0,12192.0,2,1,1,1,0,0,1,1,6.9,267.9,0,0,0,0,0,1
168600,51.654,-0.312,0,1,1,0,14.11,0.0,0,0,1,0,13.321,0.0,0,0.0,0,0,0,1,0,1,0,1,0,0,0,12192.0,2,1,1,1,0,0,1,1,6.9,266.8,0,0,0,0,0,1
168700,51.624,-0.297,0,1,1,0,14.11,0.0,0,0,1,0,13.321,0.0,0,0.0,0,0,0,1,0,1,0,1,0,0,0,12192.0,2,1,1,1,0,0,1,1,7.7,270.1,0,0,0,0,0,1
168800,51.596,-0.282,0,1,1,0,14.11,0.0,0,0,1,0,13.321,0.0,0,0.0,0,0,0,1,0,1,0,1,0,0,0,12192.0,2,1,1,1,0,0,1,1,7.3,268.7,0,0,0,0,0,1
168900,51.569,-0.267,0,1,1,0,14.11,0.0,0,0,1,0,13.321,0.0,0,0.0,0,0,0,1,0,1,0,1,0,0,0,12192.0,2,1,1,1,0,0,1,1,6.9,266.3,0,0,0,0,0,1
169000,51.544,-0.252,0,1,1,0,14.11,0.0,0,0,1,0,13.321,0.0,0,0.0,0,0,0,1,0,1,0,1,0,0,0,12192.0,2,1,1,1,0,0,1,1,7.5,270.0,0,0,0,0,0,1
169100,51.52,-0.237,0,1,1,0,14.11,0.0,0,0,1,0,13.321,0.0,0,0.0,0,0,0,1,0,1,0,1,0,0,0,12192.0,2,1,1,1,0,0,1,1,7.9,270.3,0,0,0,0,0,1
169200,51.498,-0.222,0,1,1,0,14.11,0.0,0,0,1,0,13.321,0.0,0,0.0,0,0,0,1,0,1,0,1,0,0,0,12192.0,2,1,1,1,0,0,1,1,6.7,272.1,0,0,0,0,0,1
169300,51.477,-0.206,0,1,1,0,14.11,0.0,0,0,1,0,13.321,0.0,0,0.0,0,0,0,1,0,1,0,1,0,0,0,12192.0,2,1,1,1,0,0,1,1,8.7,272.8,0,0,0,0,0,1
169400,51.458,-0.191,0,1,1,0,14.11,0.0,0,0,1,0,13.321,0.0,0,0.0,0,0,0,1,0,1,0,1,0,0,0,12192.0,2,1,1,1,0,0,1,1,6.9,268.5,0,0,0,0,0,1
169500,51.441,-0.176,0,1,1,0,14.11,0.0,0,0,1,0,13.321,0.0,0,0.0,0,0,0,1,0,1,0,1,0,0,0,12192.0,2,1,1,1,0,0,1,1,7.5,268.0,0,0,0,0,0,1
169600,51.425,-0.16,0,1,1,0,14.11,0.0,0,0,1,0,13.321,0.0,0,0.0,0,0,0,1,0,1,0,1,0,0,0,12192.0,2,1,1,1,0,0,1,1,7.8,269.6,0,0,0,0,0,1
169700,51.41,-0.145,0,1,1,0,14.11,0.0,0,0,1,0,13.321,0.0,0,0.0,0,0,0,1,0,1,0,1,0,0,0,12192.0,2,1,1,1,0,0,1,1,7.3,272.0,0,0,0,0,0,1
169800,51.397,-0.129,0,1,1,0,14.11,0.0,0,0,1,0,13.321,0.0,0,0.0,0,0,0,1,0,1,0,1,0,0,0,12192.0,2,1,1,1,0,0,1,1,7.8,269.1,0,0,0,0,0,1
169900,51.386,-0.114,0,1,1,0,14.11,0.0,0,0,1,0,13.321,0.0,0,0.0,0,0,0,1,0,1,0,1,0,0,0,12192.0,2,1,1,1,0,0,1,1,8.0,269.2,0,0,0,0,0,1
170000,51.376,-0.098,0,1,1,0,14.11,0.0,0,0,1,0,13.321,0.0,0,0.0,0,0,0,1,0,1,0,1,0,0,0,12192.0,2,1,1,1,0,0,1,1,7.4,267.4,0,0,0,0,0,1
170100,51.368,-0.082,0,1,1,0,14.11,0.0,0,0,1,0,13.321,0.0,0,0.0,0,0,0,1,0,1,0,1,0,0,0,12192.0,2,1,1,1,0,0,1,1,8.3,268.6,0,0,0,0,0,1
170200,51.361,-0.065,0,1,1,0,14.11,0.0,0,0,1,0,13.321,0.0,0,0.0,0,0,0,1,0,1,0,1,0,0,0,12192.0,2,1,1,1,0,0,1,1,8.5,269.2,0,0,0,0,0,1
170300,51.357,-0.048,0,1,1,0,14.11,0.0,0,0,1,0,13.321,0.0,0,0.0,0,0,0,1,0,1,0,1,0,0,0,12192.0,2,1,1,1,0,0,1,1,7.7,270.0,0,0,0,0,0,1
170400,51.354,-0.03,0,1,1,0,14.11,0.0,0,0,1,0,13.316,-0.05,0,0.0,0,0,1,1,0,1,0,1,0,0,0,12192.0,2,1,1,1,0,0,1,1,8.2,269.4,0,0,0,0,0,1
170500,51.352,0.0,0,0,1,0,14.11,0.0,0,0,1,0,13.306,-0.101,0,0.0,0,0,1,1,0,1,0,1,0,0,0,12192.0,2,1,1,1,0,0,1,1,8.1,263.2,0,0,0,0,0,1
170600,51.352,0.0,0,0,1,0,14.11,0.0,0,0,1,0,13.291,-0.151,0,0.0,0,0,1,1,0,1,0,1,0,0,0,12192.0,2,1,1,1,0,0,1,1,7.7,268.3,0,0,0,0,0,1
170700,51.352,0.0,0,0,1,0,14.11,0.0,0,0,1,0,13.271,-0.201,0,0.0,0,0,1,1,0,1,0,1,0,0,0,12192.0,2,1,1,1,0,0,1,1,9.5,273.7,0,0,0,0,0,1
170800,51.352,0.0,0,0,1,0,14.11,0.0,0,0,1,0,13.246,-0.251,0,0.0,0,0,1,1,0,1,0,1,0,0,0,12192.0,2,1,1,1,0,0,1,1,8.0,267.0,0,0,0,0,0,1
170900,51.352,0.0,0,0,1,0,14.11,0.0,0,0,1,0,13.215,-0.302,0,0.0,0,0,1,1,0,1,0,1,0,0,0,12192.0,2,1,1,1,0,0,1,1,7.8,267.7,0,0,0,0,0,1
171000,51.352,0.0,0,0,1,0,14.11,0.0,0,0,1,0,13.18,-0.352,0,0.0,0,0,1,1,0,1,0,1,0,0,0,12192.0,2,1,1,1,0,0,1,1,8.3,267.3,0,0,0,0,0,1
171100,51.352,0.0,0,0,1,0,14.11,0.0,0,0,1,0,13.14,-0.402,0,0.0,0,0,1,1,0,1,0,1,0,0,0,12192.0,2,1,1,1,0,0,1,1,7.9,270.1,0,0,0,0,0,1
171200,51.352,0.0,0,0,1,0,14.11,0.0,0,0,1,0,13.095,-0.452,0,0.0,0,0,1,1,0,1,0,1,0,0,0,12192.0,2,1,1,1,0,0,1,1,8.7,270.6,0,0,0,0,0,1
171300,51.352,0.0,0,0,1,0,14.11,0.0,0,0,1,0,13.044,-0.503,0,0.0,0,0,1,1,0,1,0,1,0,0,0,12192.0,2,1,1,1,0,0,1,1,9.1,270.8,0,0,0,0,0,1
171400,51.352,0.0,0,0,1,0,14.11,0.0,0,0,1,0,12.989,-0.553,0,0.0,0,0,1,1,0,1,0,1,0,0,0,12192.0,2,1,1,1,0,0,1,1,9.3,265.6,0,0,0,0,0,1
171500,51.352,0.0,0,0,1,0,14.11,0.0,0,0,1,0,12.929,-0.603,0,0.0,0,0,1,1,0,1,0,1,0,0,0,12192.0,2,1,1,1,0,0,1,1,8.5,268.4,0,0,0,0,0,1
171600,51.352,0.0,0,0,1,0,14.11,0.0,0,0,1,0,12.863,-0.654,0,0.0,0,0,1,1,0,1,0,1,0,0,0,12192.0,2,1,1,1,0,0,1,1,8.0,273.2,0,0,0,0,0,1
171700,51.352,0.0,0,0,1,0,14.11,0.0,0,0,1,0,12.793,-0.704,0,0.0,0,0,1,1,0,1,0,1,0,0,0,12192.0,2,1,1,1,0,0,1,1,8.6,268.3,0,0,0,0,0,1
171800,51.352,0.0,0,0,1,0,14.11,0.0,0,0,1,0,12.718,-0.754,0,0.0,0,0,1,1,0,1,0,1,0,0,0,12192.0,2,1,1,1,0,0,1,1,7.9,270.5,0,0,0,0,0,1
171900,51.352,0.0,0,0,1,0,14.11,0.0,0,0,1,0,12.637,-0.804,0,0.0,0,0,1,1,0,1,0,1,0,0,0,12192.0,2,1,1,1,0,0,1,1,8.8,267.0,0,0,0,0,0,1
172000,51.352,0.0,0,0,1,0,14.11,0.0,0,0,1,0,12.552,-0.855,0,0.0,0,0,1,1,0,1,0,1,0,0,0,12192.0,2,1,1,1,0,0,1,1,8.1,264.7,0,0,0,0,0,1
172100,51.352,0.0,0,0,1,0,14.11,0.0,0,0,1,0,12.461,-0.905,0,0.0,0,0,1,1,0,1,0,1,0,0,0,12192.0,2,1,1,1,0,0,1,1,8.0,272.7,0,0,0,0,0,1
172200,51.352,0.0,0,0,1,0,14.11,0.0,0,0,1,0,12.366,-0.955,0,0.0,0,0,1,1,0,1,0,1,0,0,0,12192.0,2,1,1,1,0,0,1,1,9.3,263.5,0,0,0,0,0,1
172300,51.352,0.0,0,0,1,0,14.11,0.0,0,0,1,0,12.265,-1.005,0,0.0,0,0,1,1,0,1,0,1,0,0,0,12192.0,2,1,1,1,0,0,1,1,9.0,267.7,0,0,0,0,0,1
172400,51.352,0.0,0,0,1,0,14.11,0.0,0,0,1,0,12.16,-1.056,0,0.0,0,0,1,1,0,1,0,1,0,0,0,12192.0,2,1,1,1,0,0,1,1,8.2,270.3,0,0,0,0,0,1
172500,51.352,0.0,0,0,1,0,14.11,0.0,0,0,1,0,12.049,-1.106,0,0.0,0,0,1,1,0,1,0,1,0,0,0,12192.0,2,1,1,1,0,0,1,1,8.5,266.0,0,0,0,0,0,1
172600,51.352,0.0,0,0,1,0,14.11,0.0,0,0,1,0,11.933,-1.156,0,0.0,0,0,1,1,0,1,0,1,0,0,0,12192.0,2,1,1,1,0,0,1,1,8.2,269.8,0,0,0,0,0,1
172700,51.352,0.0,0,0,1,0,14.11,0.0,0,0,1,0,11.813,-1.207,0,0.0,0,0,1,1,0,1,0,1,0,0,0,12192.0,2,1,1,1,0,0,1,1,8.2,272.3,0,0,0,0,0,1
172800,51.352,0.0,0,0,1,0,14.11,0.0,0,0,1,0,11.687,-1.257,0,0.0,0,0,1,1,0,1,0,1,0,0,0,12192.0,2,1,1,1,0,0,1,1,8.5,266.3,0,0,0,0,0,1
172900,51.352,0.0,0,0,1,0,14.11,0.0,0,0,1,0,11.557,-1.302,0,0.0,0,0,1,1,0,1,0,1,0,0,0,12192.0,2,1,1,1,0,0,1,1,8.8,265.1,0,0,0,0,0,1
173000,51.352,0.0,0,0,1,0,14.11,0.0,0,0,1,0,11.427,-1.302,0,0.0,0,0,1,1,0,1,0,1,0,0,0,12192.0,2,1,1,1,0,0,1,1,9.0,270.4,0,0,0,0,0,1
173100,51.352,0.0,0,0,1,0,14.11,0.0,0,0,1,0,11.296,-1.302,0,0.0,0,0,1,1,0,1,0,1,0,0,0,12192.0,2,1,1,1,0,0,1,1,8.7,270.4,0,0,0,0,0,1
173200,51.352,0.0,0,0,1,0,14.11,0.0,0,0,1,0,11.166,-1.302,0,0.0,0,0,1,1,0,1,0,1,0,0,0,12192.0,2,1,1,1,0,0,1,1,7.3,271.5,0,0,0,0,0,1
173300,51.352,0.0,0,0,1,0,14.11,0.0,0,0,1,0,11.036,-1.302,0,0.0,0,0,1,1,0,1,0,1,0,0,0,12192.0,2,1,1,1,0,0,1,1,8.6,265.4,0,0,0,0,0,1
173400,51.352,0.0,0,0,1,0,14.11,0.0,0,0,1,0,10.906,-1.302,0,0.0,0,0,1,1,0,1,0,1,0,0,0,12192.0,2,1,1,1,0,0,1,1,7.9,268.7,0,0,0,0,0,1
173500,51.352,0.0,0,0,1,0,14.11,0.0,0,0,1,0,10.775,-1.302,0,0.0,0,0,1,1,0,1,0,1,0,0,0,12192.0,2,1,1,1,0,0,1,1,9.0,272.5,0,0,0,0,0,1
173600,51.352,0.0,0,0,1,0,14.11,0.0,0,0,1,0,10.645,-1.302,0,0.0,0,0,1,1,0,1,0,1,0,0,0,12192.0,2,1,1,1,0,0,1,1,8.1,270.1,0,0,0,0,0,1
173700,51.352,0.0,0,0,1,0,14.11,0.0,0,0,1,0,10.515,-1.302,0,0.0,0,0,1,1,0,1,0,1,0,0,0,12192.0,2,1,1,1,0,0,1,1,8.3,270.5,0,0,0,0,0,1
173800,51.352,0.0,0,0,1,0,14.11,0.0,0,0,1,0,10.385,-1.302,0,0.0,0,0,1,1,0,1,0,1,0,0,0,12192.0,2,1,1,1,0,0,1,1,8.5,273.6,0,0,0,0,0,1
173900,51.352,0.0,0,0,1,0,14.11,0.0,0,0,1,0,10.255,-1.302,0,0.0,0,0,1,1,0,1,0,1,0,0,0,12192.0,2,1,1,1,0,0,1,1,8.5,269.4,0,0,0,0,0,1
174000,51.352,0.0,0,0,1,0,14.11,0.0,0,0,1,0,10.124,-1.302,0,0.0,0,0,1,1,0,1,0,1,0,0,0,12192.0,2,1,1,1,0,0,1,1,7.4,266.6,0,0,0,0,0,1
174100,51.352,0.0,0,0,1,0,14.11,0.0,0,0,1,0,9.994,-1.302,0,0.0,0,0,1,1,0,1,0,1,0,0,0,12192.0,2,1,1,1,0,0,1,1,8.6,271.6,0,0,0,0,0,1
174200,51.352,0.0,0,0,1,0,14.11,0.0,0,0,1,0,9.864,-1.302,0,0.0,0,0,1,1,0,1,0,1,0,0,0,12192.0,2,1,1,1,0,0,1,1,8.6,271.3,0,0,0,0,0,1
174300,51.352,0.0,0,0,1,0,14.11,0.0,0,0,1,0,9.734,-1.302,0,0.0,0,0,1,1,0,1,0,1,0,0,0,12192.0,2,1,1,1,0,0,1,1,7.8,269.0,0,0,0,0,0,1
174400,51.352,0.0,0,0,1,0,14.11,0.0,0,0,1,0,9.603,-1.302,0,0.0,0,0,1,1,0,1,0,1,0,0,0,12192.0,2,1,1,1,0,0,1,1,8.2,267.6,0,0,0,0,0,1
174500,51.352,0.0,0,0,1,0,14.11,0.0,0,0,1,0,9.473,-1.302,0,0.0,0,0,1,1,0,1,0,1,0,0,0,12192.0,2,1,1,1,0,0,1,1,8.6,268.5,0,0,0,0,0,1
174600,51.352,0.0,0,0,1,0,14.11,0.0,0,0,1,0,9.343,-1.302,0,0.0,0,0,1,1,0,1,0,1,0,0,0,12192.0,2,1,1,1,0,0,1,1,8.0,268.0,0,0,0,0,0,1
174700,51.352,0.0,0,0,1,0,14.11,0.0,0,0,1,0,9.213,-1.302,0,0.0,0,0,1,1,0,1,0,1,0,0,0,12192.0,2,1,1,1,0,0,1,1,8.1,273.2,0,0,0,0,0,1
174800,51.352,0.0,0,0,1,0,14.11,0.0,0,0,1,0,9.082,-1.302,0,0.0,0,0,1,1,0,1,0,1,0,0,0,12192.0,2,1,1,1,0,0,1,1,7.9,267.7,0,0,0,0,0,1
174900,51.352,0.0,0,0,1,0,14.11,0.0,0,0,1,0,8.952,-1.302,0,0.0,0,0,1,1,0,1,0,1,0,0,0,12192.0,2,1,1,1,0,0,1,1,7.7,270.0,0,0,0,0,0,1
175000,51.352,0.0,0,0,1,0,14.11,0.0,0,0,1,0,8.822,-1.302,0,0.0,0,0,1,1,0,1,0,1,0,0,0,12192.0,2,1,1,1,0,0,1,1,7.9,271.5,0,0,0,0,0,1
175100,51.352,0.0,0,0,1,0,14.11,0.0,0,0,1,0,8.692,-1.302,0,0.0,0,0,1,1,0,1,0,1,0,0,0,12192.0,2,1,1,1,0,0,1,1,7.8,265.2,0,0,0,0,0,1
175200,51.352,0.0,0,0,1,0,14.11,0.0,0,0,1,0,8.562,-1.302,0,0.0,0,0,1,1,0,1,0,1,0,0,0,12192.0,2,1,1,1,0,0,1,1,7.7,265.3,0,0,0,0,0,1
175300,51.352,0.0,0,0,1,0,14.11,0.0,0,0,1,0,8.431,-1.302,0,0.0,0,0,1,1,0,1,0,1,0,0,0,12192.0,2,1,1,1,0,0,1,1,7.7,268.2,0,0,0,0,0,1
175400,51.352,0.0,0,0,1,0,14.11,0.0,0,0,1,0,8.301,-1.302,0,0.0,0,0,1,1,0,1,0,1,0,0,0,12192.0,2,1,1,1,0,0,1,1,8.2,270.9,0,0,0,0,0,1
175500,51.352,0.0,0,0,1,0,14.11,0.0,0,0,1,0,8.171,-1.302,0,0.0,0,0,1,1,0,1,0,1,0,0,0,12192.0,2,1,1,1,0,0,1,1,7.6,273.6,0,0,0,0,0,1
175600,51.352,0.0,0,0,1,0,14.11,0.0,0,0,1,0,8.041,-1.302,0,0.0,0,0,1,1,0,1,0,1,0,0,0,12192.0,2,1,1,1,0,0,1,1,8.0,271.9,0,0,0,0,0,1
175700,51.352,0.0,0,0,1,0,14.11,0.0,0,0,1,0,7.91,-1.302,0,0.0,0,0,1,1,0,1,0,1,0,0,0,12192.0,2,1,1,1,0,0,1,1,7.8,271.4,0,0,0,0,0,1
175800,51.352,0.0,0,0,1,0,14.11,0.0,0,0,1,0,7.78,-1.302,0,0.0,0,0,1,1,0,1,0,1,0,0,0,12192.0,2,1,1,1,0,0,1,1,7.6,267.1,0,0,0,0,0,1
175900,51.352,0.0,0,0,1,0,14.11,0.0,0,0,1,0,7.65,-1.302,0,0.0,0,0,1,1,0,1,0,1,0,0,0,12192.0,2,1,1,1,0,0,1,1,7.2,269.5,0,0,0,0,0,1
176000,51.352,0.0,0,0,1,0,14.11,0.0,0,0,1,0,7.52,-1.302,0,0.0,0,0,1,1,0,1,0,1,0,0,0,12192.0,2,1,1,1,0,0,1,1,7.4,269.1,0,0,0,0,0,1
176100,51.352,0.0,0,0,1,0,14.11,0.0,0,0,1,0,7.39,-1.302,0,0.0,0,0,1,1,0,1,0,1,0,0,0,12192.0,2,1,1,1,0,0,1,1,7.6,273.6,0,0,0,0,0,1
176200,51.352,0.0,0,0,1,0,14.11,0.0,0,0,1,0,7.259,-1.302,0,0.0,0,0,1,1,0,1,0,1,0,0,0,12192.0,2,1,1,1,0,0,1,1,7.9,268.8,0,0,0,0,0,1
176300,51.352,0.0,0,0,1,0,14.11,0.0,0,0,1,0,7.129,-1.302,0,0.0,0,0,1,1,0,1,0,1,0,0,0,12192.0,2,1,1,1,0,0,1,1,8.0,270.1,0,0,0,0,0,1
176400,51.352,0.0,0,0,1,0,14.11,0.0,0,0,1,0,6.999,-1.302,0,0.0,0,0,1,1,0,1,0,1,0,0,0,12192.0,2,1,1,1,0,0,1,1,7.2,271.4,0,0,0,0,0,1
176500,51.352,0.0,0,0,1,0,14.11,0.0,0,0,1,0,6.869,-1.302,0,0.0,0,0,1,1,0,1,0,1,0,0,0,12192.0,2,1,1,1,0,0,1,1,7.3,271.6,0,0,0,0,0,1
176600,51.352,0.0,0,0,1,0,14.11,0.0,0,0,1,0,6.738,-1.302,0,0.0,0,0,1,1,0,1,0,1,0,0,0,12192.0,2,1,1,1,0,0,1,1,7.4,267.7,0,0,0,0,0,1
176700,51.352,0.0,0,0,1,0,14.11,0.0,0,0,1,0,6.608,-1.302,0,0.0,0,0,1,1,0,1,0,1,0,0,0,12192.0,2,1,1,1,0,0,1,1,6.8,272.2,0,0,0,0,0,1
176800,51.352,0.0,0,0,1,0,14.11,0.0,0,0,1,0,6.478,-1.302,0,0.0,0,0,1,1,0,1,0,1,0,0,0,12192.0,2,1,1,1,0,0,1,1,7.6,269.7,0,0,0,0,0,1
176900,51.352,0.0,0,0,1,0,14.11,0.0,0,0,1,0,6.348,-1.302,0,0.0,0,0,1,1,0,1,0,1,0,0,0,12192.0,2,1,1,1,0,0,1,1,7.6,271.0,0,0,0,0,0,1
177000,51.352,0.0,0,0,1,0,14.11,0.0,0,0,1,0,6.217,-1.302,0,0.0,0,0,1,1,0,1,0,1,0,0,0,12192.0,2,1,1,1,0,0,1,1,7.4,269.0,0,0,0,0,0,1
177100,51.352,0.0,0,0,1,0,14.11,0.0,0,0,1,0,6.087,-1.302,0,0.0,0,0,1,1,0,1,0,1,0,0,0,12192.0,2,1,1,1,0,0,1,1,8.5,271.3,0,0,0,0,0,1
177200,51.352,0.0,0,0,1,0,14.11,0.0,0,0,1,0,5.957,-1.302,0,0.0,0,0,1,1,0,1,0,1,0,0,0,12192.0,2,1,1,1,0,0,1,1,6.9,268.2,0,0,0,0,0,1
177300,51.352,0.0,0,0,1,0,14.11,0.0,0,0,1,0,5.827,-1.302,0,0.0,0,0,1,1,0,1,0,1,0,0,0,12192.0,2,1,1,1,0,0,1,1,7.3,271.0,0,0,0,0,0,1
177400,51.352,0.0,0,0,1,0,14.11,0.0,0,0,1,0,5.697,-1.302,0,0.0,0,0,1,1,0,1,0,1,0,0,0,12192.0,2,1,1,1,0,0,1,1,7.8,271.7,0,0,0,0,0,1
177500,51.352,0.0,0,0,1,0,14.11,0.0,0,0,1,0,5.566,-1.302,0,0.0,0,0,1,1,0,1,0,1,0,0,0,12192.0,2,1,1,1,0,0,1,1,8.5,267.4,0,0,0,0,0,1
177600,51.352,0.0,0,0,1,0,14.11,0.0,0,0,1,0,5.436,-1.302,0,0.0,0,0,1,1,0,1,0,1,0,0,0,12192.0,2,1,1,1,0,0,1,1,7.4,267.7,0,0,0,0,0,1
177700,51.352,0.0,0,0,1,0,14.11,0.0,0,0,1,0,5.306,-1.302,0,0.0,0,0,1,1,0,1,0,1,0,0,0,12192.0,2,1,1,1,0,0,1,1,7.5,272.7,0,0,0,0,0,1
177800,51.352,0.0,0,0,1,0,14.11,0.0,0,0,1,0,5.176,-1.302,0,0.0,0,0,1,1,0,1,0,1,0,0,0,12192.0,2,1,1,1,0,0,1,1,8.1,267.0,0,0,0,0,0,1
177900,51.352,0.0,0,0,1,0,14.11,0.0,0,0,1,0,5.045,-1.302,0,0.0,0,0,1,1,0,1,0,1,0,0,0,12192.0,2,1,1,1,0,0,1,1,7.9,265.3,0,0,0,0,0,1
178000,51.352,0.0,0,0,1,0,14.11,0.0,0,0,1,0,4.915,-1.302,0,0.0,0,0,1,1,0,1,0,1,0,0,0,12192.0,2,1,1,1,0,0,1,1,7.1,268.2,0,0,0,0,0,1
178100,51.352,0.0,0,0,1,0,14.11,0.0,0,0,1,0,4.785,-1.302,0,0.0,0,0,1,1,0,1,0,1,0,0,0,12192.0,2,1,1,1,0,0,1,1,8.0,268.8,0,0,0,0,0,1
178200,51.352,0.0,0,0,1,0,14.11,0.0,0,0,1,0,4.655,-1.302,0,0.0,0,0,1,1,0,1,0,1,0,0,0,12192.0,2,1,1,1,0,0,1,1,7.1,272.8,0,0,0,0,0,1
178300,51.352,0.0,0,0,1,0,14.11,0.0,0,0,1,0,4.524,-1.302,0,0.0,0,0,1,1,0,1,0,1,0,0,0,12192.0,2,1,1,1,0,0,1,1,8.1,269.4,0,0,0,0,0,1
178400,51.352,0.0,0,0,1,0,14.11,0.0,0,0,1,0,4.394,-1.302,0,0.0,0,0,1,1,0,1,0,1,0,0,0,12192.0,2,1,1,1,0,0,1,1,7.1,271.0,0,0,0,0,0,1
178500,51.352,0.0,0,0,1,0,14.11,0.0,0,0,1,0,4.269,-1.252,0,0.0,0,0,1,1,0,1,0,1,0,0,0,12192.0,2,1,1,1,0,0,1,1,7.7,268.4,0,0,0,0,0,1
178600,51.352,0.0,0,0,1,0,14.11,0.0,0,0,1,0,4.149,-1.202,0,0.0,0,0,1,1,0,1,0,1,0,0,0,12192.0,2,1,1,1,0,0,1,1,8.1,271.7,0,0,0,0,0,1
178700,51.352,0.0,0,0,1,0,14.11,0.0,0,0,1,0,4.034,-1.151,0,0.0,0,0,1,1,0,1,0,1,0,0,0,12192.0,2,1,1,1,0,0,1,1,7.7,271.0,0,0,0,0,0,1
178800,51.352,0.0,0,0,1,0,14.11,0.0,0,0,1,0,3.924,-1.101,0,0.0,0,0,1,1,0,1,0,1,0,0,0,12192.0,2,1,1,1,0,0,1,1,7.2,272.8,0,0,0,0,0,1
178900,51.352,0.0,0,0,1,0,14.11,0.0,0,0,1,0,3.819,-1.051,0,0.0,0,0,1,1,0,1,0,1,0,0,0,12192.0,2,1,1,1,0,0,1,1,7.7,268.5,0,0,0,0,0,1
179000,51.352,0.0,0,0,1,0,14.11,0.0,0,0,1,0,3.718,-1.001,0,0.0,0,0,1,1,0,1,0,1,0,0,0,12192.0,2,1,1,1,0,0,1,1,8.1,268.8,0,0,0,0,0,1
179100,51.352,0.0,0,0,1,0,14.11,0.0,0,0,1,0,3.618,-1.002,0,0.0,0,0,1,1,0,1,0,1,0,0,0,12192.0,2,1,1,1,0,0,1,1,7.6,274.2,0,0,0,0,0,1
179200,51.352,0.0,0,0,1,0,14.11,0.0,0,0,1,0,3.523,-0.95,0,0.0,0,0,1,1,0,1,0,1,0,0,0,12192.0,2,1,1,1,0,0,1,1,8.2,268.8,0,0,0,0,0,1
179300,51.352,0.0,0,0,1,0,14.11,0.0,0,0,1,0,3.433,-0.899,0,0.0,0,0,1,1,0,1,0,1,0,0,0,12192.0,2,1,1,1,0,0,1,1,7.9,275.0,0,0,0,0,0,1
179400,51.352,0.0,0,0,1,0,14.11,0.0,0,0,1,0,3.349,-0.847,0,0.0,0,0,1,1,0,1,0,1,0,0,0,12192.0,2,1,1,1,0,0,1,1,8.0,264.5,0,0,0,0,0,1
179500,51.352,0.0,0,0,1,0,14.11,0.0,0,0,1,0,3.269,-0.795,0,0.0,0,0,1,1,0,1,0,1,0,0,0,12192.0,2,1,1,1,0,0,1,1,8.4,274.3,0,0,0,0,0,1
179600,51.352,0.0,0,0,1,0,14.11,0.0,0,0,1,0,3.195,-0.743,0,0.0,0,0,1,1,0,1,0,1,0,0,0,12192.0,2,1,1,1,0,0,1,1,7.8,272.3,0,0,0,0,0,1
179700,51.352,0.0,0,0,1,0,14.11,0.0,0,0,1,0,3.126,-0.691,0,0.0,0,0,1,1,0,1,0,1,0,0,0,12192.0,2,1,1,1,0,0,1,1,8.4,269.2,0,0,0,0,0,1
179800,51.352,0.0,0,0,1,0,14.11,0.0,0,0,1,0,3.062,-0.639,0,0.0,0,0,1,1,0,1,0,1,0,0,0,12192.0,2,1,1,1,0,0,1,1,8.3,270.6,0,0,0,0,0,1
179900,51.352,0.0,0,0,1,0,14.11,0.0,0,0,1,0,3.003,-0.586,0,0.0,0,0,1,1,0,1,0,1,0,0,0,12192.0,2,1,1,1,0,0,1,1,8.2,270.9,0,0,0,0,0,1
180000,51.352,0.0,0,0,1,0,14.11,0.0,0,0,1,0,2.95,-0.534,0,0.0,0,0,1,1,0,1,0,1,0,0,0,12192.0,2,1,1,1,0,0,1,1,7.9,265.5,0,0,0,0,0,1
180100,51.352,0.0,0,0,1,0,14.11,0.0,0,0,1,0,2.902,-0.481,0,0.0,0,0,1,1,0,1,0,1,0,0,0,12192.0,2,1,1,1,0,0,1,1,7.5,270.8,0,0,0,0,0,1
180200,51.352,0.0,0,0,1,0,14.11,0.0,0,0,1,0,2.859,-0.427,0,0.0,0,0,1,1,0,1,0,1,0,0,0,12192.0,2,1,1,1,0,0,1,1,8.6,271.7,0,0,0,0,0,1
180300,51.352,0.0,0,0,1,0,14.11,0.0,0,0,1,0,2.822,-0.374,0,0.0,0,0,1,1,0,1,0,1,0,0,0,12192.0,2,1,1,1,0,0,1,1,8.2,272.0,0,0,0,0,0,1
180400,51.352,0.0,0,0,1,0,14.11,0.0,0,0,1,0,2.79,-0.32,0,0.0,0,0,1,1,0,1,0,1,0,0,0,12192.0,2,1,1,1,0,0,1,1,8.0,269.3,0,0,0,0,0,1
180500,51.352,0.0,0,0,1,0,14.11,0.0,0,0,1,0,2.763,-0.265,0,0.0,0,0,1,1,0,1,0,1,0,0,0,12192.0,2,1,1,1,0,0,1,1,8.8,269.3,0,0,0,0,0,1
180600,51.352,0.0,0,0,1,0,14.11,0.0,0,0,1,0,2.743,-0.208,0,0.0,0,0,1,1,0,1,0,1,0,0,0,12192.0,2,1,1,1,0,0,1,1,8.6,266.7,0,0,0,0,0,1
180700,51.352,0.0,0,0,1,0,14.11,0.0,0,0,1,0,2.728,-0.15,0,0.0,0,0,1,1,0,1,0,1,0,0,0,12192.0,2,1,1,1,0,0,1,1,9.5,269.6,0,0,0,0,0,1
180800,51.352,0.0,0,0,1,0,14.11,0.0,0,0,1,0,2.719,-0.086,0,0.0,0,0,1,1,0,1,0,1,0,0,0,12192.0,2,1,1,1,0,0,1,1,8.6,270.0,0,0,0,0,0,1
180900,51.352,0.0,0,0,0,0,14.11,0.0,0,0,0,0,2.715,0.0,0,0.0,0,0,0,0,0,1,0,1,0,0,0,12192.0,2,1,1,0,1,0,1,1,9.2,267.7,0,0,0,0,0,1
181000,51.352,0.0,0,0,0,0,14.11,0.0,0,0,0,0,2.715,0.0,0,0.0,0,0,0,0,0,1,0,1,1,1,0,12192.0,2,1,1,0,1,0,1,1,8.5,269.1,0,0,0,0,0,1
181100,51.352,0.0,0,0,0,0,14.11,0.0,0,0,0,0,2.715,0.0,0,0.0,0,0,0,0,0,1,0,1,1,1,0,12192.0,2,1,1,0,1,0,1,1,7.7,273.4,0,0,0,0,0,1
181200,51.352,0.0,0,0,0,0,14.11,0.0,0,0,0,0,2.715,0.0,0,0.0,0,0,0,0,0,1,0,1,1,1,0,12192.0,2,1,1,0,1,0,1,1,8.3,269.7,0,0,0,0,0,1
181300,51.352,0.0,0,0,0,0,14.11,0.0,0,0,0,0,2.715,0.0,0,0.0,0,0,0,0,0,1,0,1,1,1,0,12192.0,2,1,1,0,1,0,1,1,8.2,268.0,0,0,0,0,0,1
181400,51.352,0.0,0,0,0,0,14.11,0.0,0,0,0,0,2.715,0.0,0,0.0,0,0,0,0,0,1,0,1,1,1,0,12192.0,2,1,1,0,1,0,1,1,8.8,267.8,0,0,0,0,0,1
181500,51.352,0.0,0,0,0,0,14.11,0.0,0,0,0,0,2.715,0.0,0,0.0,0,0,0,0,0,1,0,1,1,1,0,12192.0,2,1,1,0,1,0,1,1,8.4,268.0,0,0,0,0,0,1
181600,51.352,0.0,0,0,0,0,14.11,0.0,0,0,0,0,2.715,0.0,0,0.0,0,0,0,0,0,1,0,1,1,1,0,12192.0,2,1,1,0,1,0,1,1,9.1,270.4,0,0,0,0,0,1
181700,51.352,0.0,0,0,0,0,14.11,0.0,0,0,0,0,2.715,0.0,0,0.0,0,0,0,0,0,1,0,1,1,1,0,12192.0,2,1,1,0,1,0,1,1,8.2,264.4,0,0,0,0,0,1
181800,51.352,0.0,0,0,0,0,14.11,0.0,0,0,0,0,2.715,0.0,0,0.0,0,0,0,0,0,1,0,1,1,1,0,12192.0,2,1,1,0,1,0,1,1,9.4,270.4,0,0,0,0,0,1
181900,51.352,0.0,0,0,0,0,14.11,0.0,0,0,0,0,2.715,0.0,0,0.0,0,0,0,0,0,1,0,1,1,1,0,12192.0,2,1,1,0,1,0,1,1,9.2,267.8,0,0,0,0,0,1
182000,51.352,0.0,0,0,0,0,14.11,0.0,0,0,0,0,2.715,0.0,0,0.0,0,0,0,0,0,1,0,1,1,1,0,12192.0,2,1,1,0,1,0,1,1,8.4,268.3,0,0,0,0,0,1
182100,51.352,0.0,0,0,0,0,14.11,0.0,0,0,0,0,2.715,0.0,0,31.96,0,0,0,0,0,1,1,0,1,1,0,12192.0,2,1,1,0,1,0,1,1,8.2,267.8,0,0,0,0,0,1
182200,51.352,0.0,0,0,0,0,14.11,0.0,0,0,0,0,2.715,0.0,0,32.14,0,0,0,0,0,1,1,0,1,1,0,12192.0,2,1,1,0,1,0,1,1,9.1,267.6,0,0,0,0,0,1
182300,51.352,0.0,0,0,0,0,14.11,0.0,0,0,0,0,2.715,0.0,0,32.08,0,0,0,0,0,1,1,0,1,1,0,12192.0,2,1,1,0,1,0,1,1,8.7,268.5,0,0,0,0,0,1
182400,51.352,0.0,0,0,0,0,14.11,0.0,0,0,0,0,2.715,0.0,0,32.06,0,0,0,0,0,1,1,0,1,1,0,12192.0,2,1,1,0,1,0,1,1,8.2,269.1,0,0,0,0,0,1
182500,51.352,0.0,0,0,0,0,14.11,0.0,0,0,0,0,2.715,0.0,0,32.15,0,0,0,0,0,1,1,0,1,1,0,12192.0,2,1,1,0,1,0,1,1,8.2,271.9,0,0,0,0,0,1
182600,51.352,0.0,0,0,0,0,14.11,0.0,0,0,0,0,2.715,0.0,0,31.98,0,0,0,0,0,1,1,0,1,1,0,12192.0,2,1,1,0,1,0,1,1,8.4,269.6,0,0,0,0,0,1
182700,51.352,0.0,0,0,0,0,14.11,0.0,0,0,0,0,2.715,0.0,0,32.09,0,0,0,0,0,1,1,0,1,1,0,12192.0,2,1,1,0,1,0,1,1,8.9,267.6,0,0,0,0,0,1
182800,51.352,0.0,0,0,0,0,14.11,0.0,0,0,0,0,2.715,0.0,0,32.06,0,0,0,0,0,1,1,0,1,1,0,12192.0,2,1,1,0,1,0,1,1,9.0,267.8,0,0,0,0,0,1
182900,51.352,0.0,0,0,0,0,14.11,0.0,0,0,0,0,2.715,0.0,0,31.78,0,0,0,0,0,1,1,0,1,1,0,12192.0,2,1,1,0,1,0,1,1,8.8,267.0,0,0,0,0,0,1
183000,51.352,0.0,0,0,0,0,14.11,0.0,0,0,0,0,2.715,0.0,0,32.02,0,0,0,0,0,1,1,0,1,1,0,12192.0,2,1,1,0,1,0,1,1,8.3,270.1,0,0,0,0,0,1
183100,51.352,0.0,0,0,0,0,14.11,0.0,0,0,0,0,2.715,0.0,0,31.89,0,0,0,0,0,1,1,0,1,1,0,12192.0,2,1,1,0,1,0,1,1,8.0,273.1,0,0,0,0,0,1
183200,51.352,0.0,0,0,0,0,14.11,0.0,0,0,0,0,2.715,0.0,0,31.95,0,0,0,0,0,1,1,0,1,1,0,12192.0,2,1,1,0,1,0,1,1,8.8,268.5,0,0,0,0,0,1
183300,51.352,0.0,0,0,0,0,14.11,0.0,0,0,0,0,2.715,0.0,0,31.79,0,0,0,0,0,1,1,0,1,1,0,12192.0,2,1,1,0,1,0,1,1,9.0,272.0,0,0,0,0,0,1
183400,51.352,0.0,0,0,0,0,14.11,0.0,0,0,0,0,2.715,0.0,0,32.02,0,0,0,0,0,1,1,0,1,1,0,12192.0,2,1,1,0,1,0,1,1,8.8,272.5,0,0,0,0,0,1
183500,51.352,0.0,0,0,1,0,14.11,0.0,0,0,1,0,2.72,0.05,1,33.6,0,0,1,1,0,1,1,0,0,1,0,12192.0,2,1,1,1,0,0,1,1,8.1,271.1,0,0,0,0,0,1
183600,51.352,0.0,0,0,1,0,14.11,0.0,0,0,1,0,2.73,0.101,1,33.83,0,0,1,1,0,1,1,0,0,1,0,12192.0,2,1,1,1,0,0,1,1,9.1,270.5,0,0,0,0,0,1
183700,51.352,0.0,0,0,1,0,14.11,0.0,0,0,1,0,2.746,0.151,1,33.74,0,0,1,1,0,1,1,0,0,1,0,12192.0,2,1,1,1,0,0,1,1,8.0,274.7,0,0,0,0,0,1
183800,51.352,0.0,0,0,1,0,14.11,0.0,0,0,1,0,2.766,0.201,1,33.47,0,0,1,1,0,1,1,0,0,1,0,12192.0,2,1,1,1,0,0,1,1,8.3,273.1,0,0,0,0,0,1
183900,51.352,0.0,0,0,1,0,14.11,0.0,0,0,1,0,2.791,0.251,1,33.72,0,0,1,1,0,1,1,0,0,1,0,12192.0,2,1,1,1,0,0,1,1,8.0,270.7,0,0,0,0,0,1
184000,51.352,0.0,0,0,1,0,14.11,0.0,0,0,1,0,2.821,0.302,1,33.65,0,0,1,1,0,1,1,0,0,1,0,12192.0,2,1,1,1,0,0,1,1,7.8,272.5,0,0,0,0,0,1
184100,51.352,0.0,0,0,1,0,14.11,0.0,0,0,1,0,2.856,0.352,1,33.64,0,0,1,1,0,1,1,0,0,1,0,12192.0,2,1,1,1,0,0,1,1,7.8,267.3,0,0,0,0,0,1
184200,51.352,0.0,0,0,1,0,14.11,0.0,0,0,1,0,2.896,0.402,1,33.81,0,0,1,1,0,1,1,0,0,1,0,12192.0,2,1,1,1,0,0,1,1,8.3,271.0,0,0,0,0,0,1
184300,51.352,0.0,0,0,1,0,14.11,0.0,0,0,1,0,2.942,0.452,1,33.63,0,0,1,1,0,1,1,0,0,1,0,12192.0,2,1,1,1,0,0,1,1,8.0,273.7,0,0,0,0,0,1
184400,51.352,0.0,0,0,1,0,14.11,0.0,0,0,1,0,2.992,0.503,1,33.53,0,0,1,1,0,1,1,0,0,1,0,12192.0,2,1,1,1,0,0,1,1,8.0,269.6,0,0,0,0,0,1
184500,51.352,0.0,0,0,1,0,14.11,0.0,0,0,1,0,3.047,0.553,1,33.66,0,0,1,1,0,1,1,0,0,1,0,12192.0,2,1,1,1,0,0,1,1,7.5,272.1,0,0,0,0,0,1
184600,51.352,0.0,0,0,1,0,14.11,0.0,0,0,1,0,3.108,0.603,1,33.6,0,0,1,1,0,1,1,0,0,1,0,12192.0,2,1,1,1,0,0,1,1,8.1,272.1,0,0,0,0,0,1
184700,51.352,0.0,0,0,1,0,14.11,0.0,0,0,1,0,3.173,0.654,1,33.66,0,0,1,1,0,1,1,0,0,1,0,12192.0,2,1,1,1,0,0,1,1,7.9,270.5,0,0,0,0,0,1
184800,51.352,0.0,0,0,1,0,14.11,0.0,0,0,1,0,3.243,0.704,1,33.67,0,0,1,1,0,1,1,0,0,1,0,12192.0,2,1,1,1,0,0,1,1,7.3,269.4,0,0,0,0,0,1
184900,51.352,0.0,0,0,1,0,14.11,0.0,0,0,1,0,3.319,0.754,1,33.72,0,0,1,1,0,1,1,0,0,1,0,12192.0,2,1,1,1,0,0,1,1,7.5,273.9,0,0,0,0,0,1
185000,51.352,0.0,0,0,1,0,14.11,0.0,0,0,1,0,3.399,0.804,1,33.5,0,0,1,1,0,1,1,0,0,1,0,12192.0,2,1,1,1,0,0,1,1,8.2,267.5,0,0,0,0,0,1
185100,51.352,0.0,0,0,1,0,14.11,0.0,0,0,1,0,3.485,0.855,1,33.73,0,0,1,1,0,1,1,0,0,1,0,12192.0,2,1,1,1,0,0,1,1,7.4,270.7,0,0,0,0,0,1
185200,51.352,0.0,0,0,1,0,14.11,0.0,0,0,1,0,3.575,0.905,1,33.55,0,0,1,1,0,1,1,0,0,1,0,12192.0,2,1,1,1,0,0,1,1,7.5,271.9,0,0,0,0,0,1
185300,51.352,0.0,0,0,1,0,14.11,0.0,0,0,1,0,3.671,0.955,1,33.45,0,0,1,1,0,1,1,0,0,1,0,12192.0,2,1,1,1,0,0,1,1,8.0,267.1,0,0,0,0,0,1
185400,51.352,0.0,0,0,1,0,14.11,0.0,0,0,1,0,3.771,1.005,1,33.56,0,0,1,1,0,1,1,0,0,1,0,12192.0,2,1,1,1,0,0,1,1,7.5,271.8,0,0,0,0,0,1
185500,51.352,0.0,0,0,1,0,14.11,0.0,0,0,1,0,3.877,1.056,1,33.61,0,0,1,1,0,1,1,0,0,1,0,12192.0,2,1,1,1,0,0,1,1,8.1,269.8,0,0,0,0,0,1
185600,51.352,0.0,0,0,1,0,14.11,0.0,0,0,1,0,3.987,1.106,1,33.61,0,0,1,1,0,1,1,0,0,1,0,12192.0,2,1,1,1,0,0,1,1,7.8,268.4,0,0,0,0,0,1
185700,51.352,0.0,0,0,1,0,14.11,0.0,0,0,1,0,4.103,1.156,1,33.69,0,0,1,1,0,1,1,0,0,1,0,12192.0,2,1,1,1,0,0,1,1,7.2,269.0,0,0,0,0,0,1
185800,51.352,0.0,0,0,1,0,14.11,0.0,0,0,1,0,4.224,1.207,1,33.55,0,0,1,1,0,1,1,0,0,1,0,12192.0,2,1,1,1,0,0,1,1,7.5,271.4,0,0,0,0,0,1
185900,51.352,0.0,0,0,1,0,14.11,0.0,0,0,1,0,4.349,1.257,1,33.74,0,0,1,1,0,1,1,0,0,1,0,12192.0,2,1,1,1,0,0,1,1,6.9,269.2,0,0,0,0,0,1
186000,51.352,0.0,0,0,1,0,14.11,0.0,0,0,1,0,4.479,1.302,1,33.74,0,0,1,1,0,1,1,0,0,1,0,12192.0,2,1,1,1,0,0,1,1,7.8,271.0,0,0,0,0,0,1
186100,51.352,0.0,0,0,1,0,14.11,0.0,0,0,1,0,4.61,1.302,1,33.67,0,0,1,1,0,1,1,0,0,1,0,12192.0,2,1,1,1,0,0,1,1,7.3,271.5,0,0,0,0,0,1
186200,51.352,0.0,0,0,1,0,14.11,0.0,0,0,1,0,4.74,1.302,1,33.64,0,0,1,1,0,1,1,0,0,1,0,12192.0,2,1,1,1,0,0,1,1,7.8,273.1,0,0,0,0,0,1
186300,51.352,0.0,0,0,1,0,14.11,0.0,0,0,1,0,4.87,1.302,1,33.82,0,0,1,1,0,1,1,0,0,1,0,12192.0,2,1,1,1,0,0,1,1,7.4,268.1,0,0,0,0,0,1
186400,51.352,0.0,0,0,1,0,14.11,0.0,0,0,1,0,5.0,1.302,1,33.38,0,0,1,1,0,1,1,0,0,1,0,12192.0,2,1,1,1,0,0,1,1,7.4,268.6,0,0,0,0,0,1
186500,51.352,0.0,0,0,1,0,14.11,0.0,0,0,1,0,5.131,1.302,1,33.52,0,0,1,1,0,1,1,0,0,1,0,12192.0,2,1,1,1,0,0,1,1,8.2,269.4,0,0,0,0,0,1
186600,51.352,0.0,0,0,1,0,14.11,0.0,0,0,1,0,5.261,1.302,1,33.44,0,0,1,1,0,1,1,0,0,1,0,12192.0,2,1,1,1,0,0,1,1,7.4,272.1,0,0,0,0,0,1
186700,51.352,0.0,0,0,1,0,14.11,0.0,0,0,1,0,5.391,1.302,1,33.52,0,0,1,1,0,1,1,0,0,1,0,12192.0,2,1,1,1,0,0,1,1,8.0,272.3,0,0,0,0,0,1
186800,51.352,0.0,0,0,1,0,14.11,0.0,0,0,1,0,5.521,1.302,1,33.85,0,0,1,1,0,1,1,0,0,1,0,12192.0,2,1,1,1,0,0,1,1,7.0,268.8,0,0,0,0,0,1
186900,51.352,0.0,0,0,1,0,14.11,0.0,0,0,1,0,5.652,1.302,1,33.52,0,0,1,1,0,1,1,0,0,1,0,12192.0,2,1,1,1,0,0,1,1,7.1,269.4,0,0,0,0,0,1
187000,51.352,0.0,0,0,1,0,14.11,0.0,0,0,1,0,5.782,1.302,1,33.52,0,0,1,1,0,1,1,0,0,1,0,12192.0,2,1,1,1,0,0,1,1,7.4,272.8,0,0,0,0,0,1
187100,51.352,0.0,0,0,1,0,14.11,0.0,0,0,1,0,5.912,1.302,1,33.49,0,0,1,1,0,1,1,0,0,1,0,12192.0,2,1,1,1,0,0,1,1,7.5,268.5,0,0,0,0,0,1
187200,51.352,0.0,0,0,1,0,14.11,0.0,0,0,1,0,6.042,1.302,1,33.56,0,0,1,1,0,1,1,0,0,1,0,12192.0,2,1,1,1,0,0,1,1,7.7,267.9,0,0,0,0,0,1
187300,51.352,0.0,0,0,1,0,14.11,0.0,0,0,1,0,6.172,1.302,1,33.86,0,0,1,1,0,1,1,0,0,1,0,12192.0,2,1,1,1,0,0,1,1,7.7,273.6,0,0,0,0,0,1
187400,51.352,0.0,0,0,1,0,14.11,0.0,0,0,1,0,6.303,1.302,1,33.54,0,0,1,1,0,1,1,0,0,1,0,12192.0,2,1,1,1,0,0,1,1,7.4,269.6,0,0,0,0,0,1
187500,51.352,0.0,0,0,1,0,14.11,0.0,0,0,1,0,6.433,1.302,1,33.83,0,0,1,1,0,1,1,0,0,1,0,12192.0,2,1,1,1,0,0,1,1,7.5,271.4,0,0,0,0,0,1
187600,51.352,0.0,0,0,1,0,14.11,0.0,0,0,1,0,6.563,1.302,1,33.6,0,0,1,1,0,1,1,0,0,1,0,12192.0,2,1,1,1,0,0,1,1,7.6,270.0,0,0,0,0,0,1
187700,51.352,0.0,0,0,1,0,14.11,0.0,0,0,1,0,6.693,1.302,1,33.5,0,0,1,1,0,1,1,0,0,1,0,12192.0,2,1,1,1,0,0,1,1,7.7,268.7,0,0,0,0,0,1
187800,51.352,0.0,0,0,1,0,14.11,0.0,0,0,1,0,6.824,1.302,1,33.56,0,0,1,1,0,1,1,0,0,1,0,12192.0,2,1,1,1,0,0,1,1,8.6,270.7,0,0,0,0,0,1
187900,51.352,0.0,0,0,1,0,14.11,0.0,0,0,1,0,6.954,1.302,1,33.69,0,0,1,1,0,1,1,0,0,1,0,12192.0,2,1,1,1,0,0,1,1,7.7,269.7,0,0,0,0,0,1
188000,51.352,0.0,0,0,1,0,14.11,0.0,0,0,1,0,7.084,1.302,1,33.6,0,0,1,1,0,1,1,0,0,1,0,12192.0,2,1,1,1,0,0,1,1,8.1,268.3,0,0,0,0,0,1
188100,51.352,0.0,0,0,1,0,14.11,0.0,0,0,1,0,7.214,1.302,1,33.6,0,0,1,1,0,1,1,0,0,1,0,12192.0,2,1,1,1,0,0,1,1,7.6,271.1,0,0,0,0,0,1
188200,51.352,0.0,0,0,1,0,14.11,0.0,0,0,1,0,7.345,1.302,1,33.84,0,0,1,1,0,1,1,0,0,1,0,12192.0,2,1,1,1,0,0,1,1,8.2,269.8,0,0,0,0,0,1
188300,51.352,0.0,0,0,1,0,14.11,0.0,0,0,1,0,7.475,1.302,1,33.63,0,0,1,1,0,1,1,0,0,1,0,12192.0,2,1,1,1,0,0,1,1,7.4,269.3,0,0,0,0,0,1
188400,51.352,0.0,0,0,1,0,14.11,0.0,0,0,1,0,7.605,1.302,1,33.52,0,0,1,1,0,1,1,0,0,1,0,12192.0,2,1,1,1,0,0,1,1,8.1,267.8,0,0,0,0,0,1
188500,51.352,0.0,0,0,1,0,14.11,0.0,0,0,1,0,7.735,1.302,1,33.63,0,0,1,1,0,1,1,0,0,1,0,12192.0,2,1,1,1,0,0,1,1,8.1,272.2,0,0,0,0,0,1
188600,51.352,0.0,0,0,1,0,14.11,0.0,0,0,1,0,7.865,1.302,1,33.74,0,0,1,1,0,1,1,0,0,1,0,12192.0,2,1,1,1,0,0,1,1,8.4,268.4,0,0,0,0,0,1
188700,51.352,0.0,0,0,1,0,14.11,0.0,0,0,1,0,7.996,1.302,1,33.57,0,0,1,1,0,1,1,0,0,1,0,12192.0,2,1,1,1,0,0,1,1,8.8,270.1,0,0,0,0,0,1
188800,51.352,0.0,0,0,1,0,14.11,0.0,0,0,1,0,8.126,1.302,1,33.73,0,0,1,1,0,1,1,0,0,1,0,12192.0,2,1,1,1,0,0,1,1,8.1,267.4,0,0,0,0,0,1
188900,51.352,0.0,0,0,1,0,14.11,0.0,0,0,1,0,8.256,1.302,1,33.59,0,0,1,1,0,1,1,0,0,1,0,12192.0,2,1,1,1,0,0,1,1,8.5,264.7,0,0,0,0,0,1
189000,51.352,0.0,0,0,1,0,14.11,0.0,0,0,1,0,8.386,1.302,1,33.64,0,0,1,1,0,1,1,0,0,1,0,12192.0,2,1,1,1,0,0,1,1,9.1,270.5,0,0,0,0,0,1
189100,51.352,0.0,0,0,1,0,14.11,0.0,0,0,1,0,8.517,1.302,1,33.58,0,0,1,1,0,1,1,0,0,1,0,12192.0,2,1,1,1,0,0,1,1,8.8,269.7,0,0,0,0,0,1
189200,51.352,0.0,0,0,1,0,14.11,0.0,0,0,1,0,8.647,1.302,1,33.74,0,0,1,1,0,1,1,0,0,1,0,12192.0,2,1,1,1,0,0,1,1,8.3,271.0,0,0,0,0,0,1
189300,51.352,0.0,0,0,1,0,14.11,0.0,0,0,1,0,8.777,1.302,1,33.61,0,0,1,1,0,1,1,0,0,1,0,12192.0,2,1,1,1,0,0,1,1,8.2,268.8,0,0,0,0,0,1
189400,51.352,0.0,0,0,1,0,14.11,0.0,0,0,1,0,8.907,1.302,1,33.51,0,0,1,1,0,1,1,0,0,1,0,12192.0,2,1,1,1,0,0,1,1,9.0,271.3,0,0,0,0,0,1
189500,51.352,0.0,0,0,1,0,14.11,0.0,0,0,1,0,9.037,1.302,1,33.62,0,0,1,1,0,1,1,0,0,1,0,12192.0,2,1,1,1,0,0,1,1,8.2,271.4,0,0,0,0,0,1
189600,51.352,0.0,0,0,1,0,14.11,0.0,0,0,1,0,9.168,1.302,1,33.61,0,0,1,1,0,1,1,0,0,1,0,12192.0,2,1,1,1,0,0,1,1,9.0,271.3,0,0,0,0,0,1
189700,51.352,0.0,0,0,1,0,14.11,0.0,0,0,1,0,9.298,1.302,1,33.69,0,0,1,1,0,1,1,0,0,1,0,12192.0,2,1,1,1,0,0,1,1,8.9,269.1,0,0,0,0,0,1
189800,51.352,0.0,0,0,1,0,14.11,0.0,0,0,1,0,9.428,1.302,1,33.59,0,0,1,1,0,1,1,0,0,1,0,12192.0,2,1,1,1,0,0,1,1,8.2,272.8,0,0,0,0,0,1
189900,51.352,0.0,0,0,1,0,14.11,0.0,0,0,1,0,9.558,1.302,1,33.46,0,0,1,1,0,1,1,0,0,1,0,12192.0,2,1,1,1,0,0,1,1,8.6,268.4,0,0,0,0,0,1
190000,51.352,0.0,0,0,1,0,14.11,0.0,0,0,1,0,9.689,1.302,1,33.82,0,0,1,1,0,1,1,0,0,1,0,12192.0,2,1,1,1,0,0,1,1,8.6,267.9,0,0,0,0,0,1
190100,51.352,0.0,0,0,1,0,14.11,0.0,0,0,1,0,9.819,1.302,1,33.46,0,0,1,1,0,1,1,0,0,1,0,12192.0,2,1,1,1,0,0,1,1,7.6,268.5,0,0,0,0,0,1
190200,51.352,0.0,0,0,1,0,14.11,0.0,0,0,1,0,9.949,1.302,1,33.62,0,0,1,1,0,1,1,0,0,1,0,12192.0,2,1,1,1,0,0,1,1,9.0,267.4,0,0,0,0,0,1
190300,51.352,0.0,0,0,1,0,14.11,0.0,0,0,1,0,10.079,1.302,1,33.88,0,0,1,1,0,1,1,0,0,1,0,12192.0,2,1,1,1,0,0,1,1,8.4,272.3,0,0,0,0,0,1
190400,51.352,0.0,0,0,1,0,14.11,0.0,0,0,1,0,10.21,1.302,1,33.61,0,0,1,1,0,1,1,0,0,1,0,12192.0,2,1,1,1,0,0,1,1,8.4,266.2,0,0,0,0,0,1
190500,51.352,0.0,0,0,1,0,14.11,0.0,0,0,1,0,10.34,1.302,1,33.44,0,0,1,1,0,1,1,0,0,1,0,12192.0,2,1,1,1,0,0,1,1,9.3,274.1,0,0,0,0,0,1
190600,51.352,0.0,0,0,1,0,14.11,0.0,0,0,1,0,10.47,1.302,1,33.61,0,0,1,1,0,1,1,0,0,1,0,12192.0,2,1,1,1,0,0,1,1,8.2,267.8,0,0,0,0,0,1
190700,51.352,0.0,0,0,1,0,14.11,0.0,0,0,1,0,10.6,1.302,1,33.7,0,0,1,1,0,1,1,0,0,1,0,12192.0,2,1,1,1,0,0,1,1,8.4,272.7,0,0,0,0,0,1
190800,51.352,0.0,0,0,1,0,14.11,0.0,0,0,1,0,10.73,1.302,1,33.43,0,0,1,1,0,1,1,0,0,1,0,12192.0,2,1,1,1,0,0,1,1,8.5,274.3,0,0,0,0,0,1
190900,51.352,0.0,0,0,1,0,14.11,0.0,0,0,1,0,10.861,1.302,1,33.56,0,0,1,1,0,1,1,0,0,1,0,12192.0,2,1,1,1,0,0,1,1,8.6,273.8,0,0,0,0,0,1
191000,51.352,0.0,0,0,1,0,14.11,0.0,0,0,1,0,10.991,1.302,1,33.63,0,0,1,1,0,1,1,0,0,1,0,12192.0,2,1,1,1,0,0,1,1,8.5,266.1,0,0,0,0,0,1
191100,51.352,0.0,0,0,1,0,14.11,0.0,0,0,1,0,11.121,1.302,1,33.74,0,0,1,1,0,1,1,0,0,1,0,12192.0,2,1,1,1,0,0,1,1,8.2,266.4,0,0,0,0,0,1
191200,51.352,0.0,0,0,1,0,14.11,0.0,0,0,1,0,11.251,1.302,1,33.73,0,0,1,1,0,1,1,0,0,1,0,12192.0,2,1,1,1,0,0,1,1,8.1,267.3,0,0,0,0,0,1
191300,51.352,0.0,0,0,1,0,14.11,0.0,0,0,1,0,11.382,1.302,1,33.65,0,0,1,1,0,1,1,0,0,1,0,12192.0,2,1,1,1,0,0,1,1,8.8,269.7,0,0,0,0,0,1
191400,51.352,0.0,0,0,1,0,14.11,0.0,0,0,1,0,11.512,1.302,1,33.58,0,0,1,1,0,1,1,0,0,1,0,12192.0,2,1,1,1,0,0,1,1,9.3,271.6,0,0,0,0,0,1
191500,51.352,0.0,0,0,1,0,14.11,0.0,0,0,1,0,11.642,1.302,1,33.64,0,0,1,1,0,1,1,0,0,1,0,12192.0,2,1,1,1,0,0,1,1,8.4,273.9,0,0,0,0,0,1
191600,51.352,0.0,0,0,1,0,14.11,0.0,0,0,1,0,11.772,1.302,1,33.49,0,0,1,1,0,1,1,0,0,1,0,12192.0,2,1,1,1,0,0,1,1,8.3,267.8,0,0,0,0,0,1
191700,51.352,0.0,0,0,1,0,14.11,0.0,0,0,1,0,11.898,1.252,1,30.2,0,0,1,1,0,1,1,0,0,1,0,12192.0,2,1,1,1,0,0,1,1,8.8,273.4,0,0,0,0,0,1
191800,51.352,0.0,0,0,1,0,14.11,0.0,0,0,1,0,12.018,1.202,1,30.48,0,0,1,1,0,1,1,0,0,1,0,12192.0,2,1,1,1,0,0,1,1,8.6,270.4,0,0,0,0,0,1
191900,51.352,0.0,0,0,1,0,14.11,0.0,0,0,1,0,12.133,1.151,1,30.41,0,0,1,1,0,1,1,0,0,1,0,12192.0,2,1,1,1,0,0,1,1,8.3,269.9,0,0,0,0,0,1
192000,51.352,0.0,0,0,1,0,14.11,0.0,0,0,1,0,12.243,1.101,1,30.57,0,0,1,1,0,1,1,0,0,1,0,12192.0,2,1,1,1,0,0,1,1,7.8,268.7,0,0,0,0,0,1
192100,51.352,0.0,0,0,1,0,14.11,0.0,0,0,1,0,12.348,1.051,1,30.39,0,0,1,1,0,1,1,0,0,1,0,12192.0,2,1,1,1,0,0,1,1,8.8,270.3,0,0,0,0,0,1
192200,51.352,0.0,0,0,1,0,14.11,0.0,0,0,1,0,12.448,1.001,1,30.31,0,0,1,1,0,1,1,0,0,1,0,12192.0,2,1,1,1,0,0,1,1,9.0,268.6,0,0,0,0,0,1
192300,51.352,0.0,0,0,1,0,14.11,0.0,0,0,1,0,12.543,0.95,1,30.33,0,0,1,1,0,1,1,0,0,1,0,12192.0,2,1,1,1,0,0,1,1,8.0,277.1,0,0,0,0,0,1
192400,51.352,0.0,0,0,1,0,14.11,0.0,0,0,1,0,12.633,0.9,1,30.35,0,0,1,1,0,1,1,0,0,1,0,12192.0,2,1,1,1,0,0,1,1,8.3,272.8,0,0,0,0,0,1
192500,51.352,0.0,0,0,1,0,14.11,0.0,0,0,1,0,12.718,0.85,1,30.34,0,0,1,1,0,1,1,0,0,1,0,12192.0,2,1,1,1,0,0,1,1,8.5,267.5,0,0,0,0,0,1
192600,51.352,0.0,0,0,1,0,14.11,0.0,0,0,1,0,12.798,0.8,1,30.23,0,0,1,1,0,1,1,0,0,1,0,12192.0,2,1,1,1,0,0,1,1,7.8,268.0,0,0,0,0,0,1
192700,51.352,0.0,0,0,1,0,14.11,0.0,0,0,1,0,12.873,0.749,1,30.55,0,0,1,1,0,1,1,0,0,1,0,12192.0,2,1,1,1,0,0,1,1,8.1,267.4,0,0,0,0,0,1
192800,51.352,0.0,0,0,1,0,14.11,0.0,0,0,1,0,12.943,0.699,1,30.51,0,0,1,1,0,1,1,0,0,1,0,12192.0,2,1,1,1,0,0,1,1,7.8,273.9,0,0,0,0,0,1
192900,51.352,0.0,0,0,1,0,14.11,0.0,0,0,1,0,13.008,0.649,1,30.4,0,0,1,1,0,1,1,0,0,1,0,12192.0,2,1,1,1,0,0,1,1,8.2,265.1,0,0,0,0,0,1
193000,51.352,0.0,0,0,1,0,14.11,0.0,0,0,1,0,13.068,0.598,1,30.23,0,0,1,1,0,1,1,0,0,1,0,12192.0,2,1,1,1,0,0,1,1,8.5,270.6,0,0,0,0,0,1
193100,51.352,0.0,0,0,1,0,14.11,0.0,0,0,1,0,13.122,0.548,1,30.39,0,0,1,1,0,1,1,0,0,1,0,12192.0,2,1,1,1,0,0,1,1,7.8,271.9,0,0,0,0,0,1
193200,51.352,0.0,0,0,1,0,14.11,0.0,0,0,1,0,13.172,0.498,1,30.29,0,0,1,1,0,1,1,0,0,1,0,12192.0,2,1,1,1,0,0,1,1,7.1,269.9,0,0,0,0,0,1
193300,51.352,0.0,0,0,1,0,14.11,0.0,0,0,1,0,13.217,0.448,1,30.39,0,0,1,1,0,1,1,0,0,1,0,12192.0,2,1,1,1,0,0,1,1,7.9,272.2,0,0,0,0,0,1
193400,51.352,0.0,0,0,1,0,14.11,0.0,0,0,1,0,13.257,0.397,1,30.14,0,0,1,1,0,1,1,0,0,1,0,12192.0,2,1,1,1,0,0,1,1,7.6,274.4,0,0,0,0,0,1
193500,51.352,0.0,0,0,1,0,14.11,0.0,0,0,1,0,13.291,0.347,1,30.5,0,0,1,1,0,1,1,0,0,1,0,12192.0,2,1,1,1,0,0,1,1,7.3,271.1,0,0,0,0,0,1
193600,51.352,0.0,0,0,1,0,14.11,0.0,0,0,1,0,13.321,0.297,1,30.38,0,0,1,1,0,1,1,0,0,1,0,12192.0,2,1,1,1,0,0,1,1,8.2,268.9,0,0,0,0,0,1
193700,51.352,0.0,0,0,1,0,14.11,0.0,0,0,1,0,13.346,0.247,1,30.43,0,0,1,1,0,1,1,0,0,1,0,12192.0,2,1,1,1,0,0,1,1,7.5,269.7,0,0,0,0,0,1
193800,51.352,0.0,0,0,1,0,14.11,0.0,0,0,1,0,13.365,0.196,1,30.39,0,0,1,1,0,1,1,0,0,1,0,12192.0,2,1,1,1,0,0,1,1,8.2,270.6,0,0,0,0,0,1
193900,51.352,0.0,0,0,1,0,14.11,0.0,0,0,1,0,13.38,0.146,1,30.4,0,0,1,1,0,1,1,0,0,1,0,12192.0,2,1,1,1,0,0,1,1,7.6,267.8,0,0,0,0,0,1
194000,51.352,0.0,0,0,1,0,14.11,0.0,0,0,1,0,13.389,0.092,1,30.33,0,0,1,1,0,1,1,0,0,1,0,12192.0,2,1,1,1,0,0,1,1,7.5,269.5,0,0,0,0,0,1
194100,51.352,0.0,0,0,0,0,14.11,0.0,0,0,0,0,13.393,0.0,0,31.88,0,0,0,0,0,1,1,0,0,1,0,12192.0,2,1,1,0,1,0,1,1,7.6,265.2,0,0,0,0,0,1
194200,51.354,0.015,1,1,1,0,14.105,-0.057,0,1,1,0,13.393,0.0,0,32.1,0,0,0,1,0,1,1,0,0,1,0,12192.0,2,1,1,1,0,0,1,1,7.6,271.1,0,0,0,0,0,1
194300,51.357,0.029,1,1,1,0,14.093,-0.114,0,1,1,0,13.393,0.0,0,32.22,0,0,0,1,0,1,1,0,0,1,0,12192.0,2,1,1,1,0,0,1,1,6.8,273.7,0,0,0,0,0,1
194400,51.361,0.044,1,1,1,0,14.076,-0.171,0,1,1,0,13.393,0.0,0,32.19,0,0,0,1,0,1,1,0,0,1,0,12192.0,2,1,1,1,0,0,1,1,8.3,273.4,0,0,0,0,0,1
194500,51.367,0.059,1,1,1,0,14.053,-0.228,0,1,1,0,13.393,0.0,0,31.82,0,0,0,1,0,1,1,0,0,1,0,12192.0,2,1,1,1,0,0,1,1,7.7,271.4,0,0,0,0,0,1
194600,51.374,0.074,1,1,1,0,14.025,-0.286,0,1,1,0,13.393,0.0,0,32.08,0,0,0,1,0,1,1,0,0,1,0,12192.0,2,1,1,1,0,0,1,1,7.4,270.5,0,0,0,0,0,1
194700,51.383,0.088,1,1,1,0,13.99,-0.343,0,1,1,0,13.393,0.0,0,32.11,0,0,0,1,0,1,1,0,0,1,0,12192.0,2,1,1,1,0,0,1,1,7.5,270.5,0,0,0,0,0,1
194800,51.393,0.103,1,1,1,0,13.95,-0.4,0,1,1,0,13.393,0.0,0,31.79,0,0,0,1,0,1,1,0,0,1,0,12192.0,2,1,1,1,0,0,1,1,6.3,267.5,0,0,0,0,0,1
194900,51.405,0.118,1,1,1,0,13.905,-0.457,0,1,1,0,13.393,0.0,0,32.08,0,0,0,1,0,1,1,0,0,1,0,12192.0,2,1,1,1,0,0,1,1,7.1,269.9,0,0,0,0,0,1
195000,51.418,0.133,1,1,1,0,13.853,-0.514,0,1,1,0,13.393,0.0,0,31.88,0,0,0,1,0,1,1,0,0,1,0,12192.0,2,1,1,1,0,0,1,1,7.6,269.3,0,0,0,0,0,1
195100,51.433,0.147,1,1,1,0,13.796,-0.571,0,1,1,0,13.393,0.0,0,32.07,0,0,0,1,0,1,1,0,0,1,0,12192.0,2,1,1,1,0,0,1,1,7.2,267.4,0,0,0,0,0,1
195200,51.449,0.162,1,1,1,0,13.733,-0.628,0,1,1,0,13.393,0.0,0,31.88,0,0,0,1,0,1,1,0,0,1,0,12192.0,2,1,1,1,0,0,1,1,7.5,272.3,0,0,0,0,0,1
195300,51.467,0.177,1,1,1,0,13.665,-0.685,0,1,1,0,13.393,0.0,0,32.15,0,0,0,1,0,1,1,0,0,1,0,12192.0,2,1,1,1,0,0,1,1,7.7,268.3,0,0,0,0,0,1
195400,51.486,0.191,1,1,1,0,13.591,-0.742,0,1,1,0,13.393,0.0,0,32.12,0,0,0,1,0,1,1,0,0,1,0,12192.0,2,1,1,1,0,0,1,1,7.8,267.2,0,0,0,0,0,1
195500,51.507,0.206,1,1,1,0,13.511,-0.8,0,1,1,0,13.393,0.0,0,31.87,0,0,0,1,0,1,1,0,0,1,0,12192.0,2,1,1,1,0,0,1,1,6.2,268.4,0,0,0,0,0,1
195600,51.529,0.221,1,1,1,0,13.425,-0.857,0,1,1,0,13.393,0.0,0,31.91,0,0,0,1,0,1,1,0,0,1,0,12192.0,2,1,1,1,0,0,1,1,7.6,271.0,0,0,0,0,0,1
195700,51.552,0.236,1,1,1,0,13.334,-0.914,0,1,1,0,13.393,0.0,0,32.06,0,0,0,1,0,1,1,0,0,1,0,12192.0,2,1,1,1,0,0,1,1,7.2,265.5,0,0,0,0,0,1
195800,51.577,0.25,1,1,1,0,13.236,-0.971,0,1,1,0,13.393,0.0,0,32.07,0,0,0,1,0,1,1,0,0,1,0,12192.0,2,1,1,1,0,0,1,1,7.4,270.3,0,0,0,0,0,1
195900,51.604,0.265,1,1,1,0,13.134,-1.028,0,1,1,0,13.393,0.0,0,32.01,0,0,0,1,0,1,1,0,0,1,0,12192.0,2,1,1,1,0,0,1,1,7.6,272.4,0,0,0,0,0,1
196000,51.632,0.28,1,1,1,0,13.025,-1.085,0,1,1,0,13.393,0.0,0,32.26,0,0,0,1,0,1,1,0,0,1,0,12192.0,2,1,1,1,0,0,1,1,7.2,262.9,0,0,0,0,0,1
196100,51.661,0.295,1,1,1,0,12.911,-1.142,0,1,1,0,13.393,0.0,0,31.77,0,0,0,1,0,1,1,0,0,1,0,12192.0,2,1,1,1,0,0,1,1,7.4,267.7,0,0,0,0,0,1
196200,51.692,0.309,1,1,1,0,12.791,-1.199,0,1,1,0,13.393,0.0,0,31.89,0,0,0,1,0,1,1,0,0,1,0,12192.0,2,1,1,1,0,0,1,1,7.3,270.1,0,0,0,0,0,1
196300,51.725,0.324,1,1,1,0,12.665,-1.256,0,1,1,0,13.393,0.0,0,32.04,0,0,0,1,0,1,1,0,0,1,0,12192.0,2,1,1,1,0,0,1,1,8.2,273.0,0,0,0,0,0,1
196400,51.759,0.339,1,1,1,0,12.534,-1.314,0,1,1,0,13.393,0.0,0,32.26,0,0,0,1,0,1,1,0,0,1,0,12192.0,2,1,1,1,0,0,1,1,7.5,273.1,0,0,0,0,0,1
196500,51.794,0.353,1,1,1,0,12.397,-1.371,0,1,1,0,13.393,0.0,0,31.9,0,0,0,1,0,1,1,0,0,1,0,12192.0,2,1,1,1,0,0,1,1,7.5,269.2,0,0,0,0,0,1
196600,51.831,0.368,1,1,1,0,12.254,-1.428,0,1,1,0,13.393,0.0,0,32.23,0,0,0,1,0,1,1,0,0,1,0,12192.0,2,1,1,1,0,0,1,1,8.0,270.8,0,0,0,0,0,1
196700,51.869,0.383,1,1,1,0,12.106,-1.485,0,1,1,0,13.393,0.0,0,32.07,0,0,0,1,0,1,1,0,0,1,0,12192.0,2,1,1,1,0,0,1,1,7.6,272.3,0,0,0,0,0,1
196800,51.909,0.398,1,1,1,0,11.952,-1.542,0,1,1,0,13.393,0.0,0,31.82,0,0,0,1,0,1,1,0,0,1,0,12192.0,2,1,1,1,0,0,1,1,7.9,268.7,0,0,0,0,0,1
196900,51.95,0.412,1,1,1,0,11.792,-1.599,0,1,1,0,13.393,0.0,0,31.8,0,0,0,1,0,1,1,0,0,1,0,12192.0,2,1,1,1,0,0,1,1,7.1,269.0,0,0,0,0,0,1
197000,51.993,0.427,1,1,1,0,11.626,-1.656,0,1,1,0,13.393,0.0,0,32.21,0,0,0,1,0,1,1,0,0,1,0,12192.0,2,1,1,1,0,0,1,1,7.5,270.6,0,0,0,0,0,1
197100,52.037,0.442,1,1,1,0,11.455,-1.713,0,1,1,0,13.393,0.0,0,31.9,0,0,0,1,0,1,1,0,0,1,0,12192.0,2,1,1,1,0,0,1,1,8.3,274.1,0,0,0,0,0,1
197200,52.083,0.456,1,1,1,0,11.278,-1.77,0,1,1,0,13.393,0.0,0,31.94,0,0,0,1,0,1,1,0,0,1,0,12192.0,2,1,1,1,0,0,1,1,7.1,267.7,0,0,0,0,0,1
197300,52.13,0.471,1,1,1,0,11.095,-1.827,0,1,1,0,13.393,0.0,0,31.97,0,0,0,1,0,1,1,0,0,1,0,12192.0,2,1,1,1,0,0,1,1,7.9,271.1,0,0,0,0,0,1
197400,52.178,0.486,1,1,1,0,10.906,-1.885,0,1,1,0,13.393,0.0,0,32.03,0,0,0,1,0,1,1,0,0,1,0,12192.0,2,1,1,1,0,0,1,1,7.7,274.5,0,0,0,0,0,1
197500,52.228,0.501,1,1,1,0,10.712,-1.942,0,1,1,0,13.393,0.0,0,31.9,0,0,0,1,0,1,1,0,0,1,0,12192.0,2,1,1,1,0,0,1,1,8.0,268.3,0,0,0,0,0,1
197600,52.28,0.515,1,1,1,0,10.512,-1.999,0,1,1,0,13.393,0.0,0,31.98,0,0,0,1,0,1,1,0,0,1,0,12192.0,2,1,1,1,0,0,1,1,7.8,268.9,0,0,0,0,0,1
197700,52.333,0.53,1,1,1,0,10.307,-2.056,0,1,1,0,13.393,0.0,0,31.84,0,0,0,1,0,1,1,0,0,1,0,12192.0,2,1,1,1,0,0,1,1,7.5,270.2,0,0,0,0,0,1
197800,52.387,0.545,1,1,1,0,10.095,-2.113,0,1,1,0,13.393,0.0,0,32.11,0,0,0,1,0,1,1,0,0,1,0,12192.0,2,1,1,1,0,0,1,1,8.0,269.5,0,0,0,0,0,1
197900,52.443,0.56,1,1,1,0,9.878,-2.17,0,1,1,0,13.393,0.0,0,31.9,0,0,0,1,0,1,1,0,0,1,0,12192.0,2,1,1,1,0,0,1,1,8.9,264.4,0,0,0,0,0,1
198000,52.501,0.574,1,1,1,0,9.656,-2.227,0,1,1,0,13.393,0.0,0,32.17,0,0,0,1,0,1,1,0,0,1,0,12192.0,2,1,1,1,0,0,1,1,7.8,268.1,0,0,0,0,0,1
198100,52.56,0.589,1,1,1,0,9.427,-2.284,0,1,1,0,13.393,0.0,0,31.8,0,0,0,1,0,1,1,0,0,1,0,12192.0,2,1,1,1,0,0,1,1,8.4,270.0,0,0,0,0,0,1
198200,52.62,0.604,1,1,1,0,9.193,-2.341,0,1,1,0,13.393,0.0,0,32.08,0,0,0,1,0,1,1,0,0,1,0,12192.0,2,1,1,1,0,0,1,1,8.0,270.5,0,0,0,0,0,1
198300,52.682,0.618,1,1,1,0,8.953,-2.399,0,1,1,0,13.393,0.0,0,32.04,0,0,0,1,0,1,1,0,0,1,0,12192.0,2,1,1,1,0,0,1,1,7.8,268.2,0,0,0,0,0,1
198400,52.745,0.633,1,1,1,0,8.708,-2.456,0,1,1,0,13.393,0.0,0,31.99,0,0,0,1,0,1,1,0,0,1,0,12192.0,2,1,1,1,0,0,1,1,8.2,273.7,0,0,0,0,0,1
198500,52.81,0.648,1,1,1,0,8.456,-2.513,0,1,1,0,13.393,0.0,0,31.99,0,0,0,1,0,1,1,0,0,1,0,12192.0,2,1,1,1,0,0,1,1,8.4,267.5,0,0,0,0,0,1
198600,52.876,0.663,1,1,1,0,8.211,-2.456,0,1,1,0,13.393,0.0,0,32.11,0,0,0,1,0,1,1,0,0,1,0,12192.0,2,1,1,1,0,0,1,1,8.5,270.0,0,0,0,0,0,1
198700,52.944,0.677,1,1,1,0,7.971,-2.399,0,1,1,0,13.393,0.0,0,32.25,0,0,0,1,0,1,1,0,0,1,0,12192.0,2,1,1,1,0,0,1,1,7.6,269.9,0,0,0,0,0,1
198800,53.012,0.685,1,1,1,0,7.737,-2.341,0,1,1,0,13.393,0.0,0,32.1,0,0,0,1,0,1,1,0,0,1,0,12192.0,2,1,1,1,0,0,1,1,8.9,270.5,0,0,0,0,0,1
198900,53.081,0.685,1,1,1,0,7.508,-2.284,0,1,1,0,13.393,0.0,0,32.03,0,0,0,1,0,1,1,0,0,1,0,12192.0,2,1,1,1,0,0,1,1,8.8,266.8,0,0,0,0,0,1
199000,53.149,0.685,1,1,1,0,7.286,-2.227,0,1,1,0,13.393,0.0,0,32.13,0,0,0,1,0,1,1,0,0,1,0,12192.0,2,1,1,1,0,0,1,1,8.6,271.7,0,0,0,0,0,1
199100,53.218,0.685,1,1,1,0,7.069,-2.17,0,1,1,0,13.393,0.0,0,31.99,0,0,0,1,0,1,1,0,0,1,0,12192.0,2,1,1,1,0,0,1,1,8.7,274.1,0,0,0,0,0,1
199200,53.286,0.685,1,1,1,0,6.857,-2.113,0,1,1,0,13.393,0.0,0,32.06,0,0,0,1,0,1,1,0,0,1,0,12192.0,2,1,1,1,0,0,1,1,8.6,263.6,0,0,0,0,0,1
199300,53.355,0.685,1,1,1,0,6.652,-2.056,0,1,1,0,13.393,0.0,0,32.17,0,0,0,1,0,1,1,0,0,1,0,12192.0,2,1,1,1,0,0,1,1,8.3,269.6,0,0,0,0,0,1
199400,53.423,0.685,1,1,1,0,6.452,-1.999,0,1,1,0,13.393,0.0,0,31.94,0,0,0,1,0,1,1,0,0,1,0,12192.0,2,1,1,1,0,0,1,1,7.9,267.9,0,0,0,0,0,1
199500,53.492,0.685,1,1,1,0,6.258,-1.942,0,1,1,0,13.393,0.0,0,31.81,0,0,0,1,0,1,1,0,0,1,0,12192.0,2,1,1,1,0,0,1,1,8.8,265.5,0,0,0,0,0,1
199600,53.56,0.685,1,1,1,0,6.069,-1.885,0,1,1,0,13.393,0.0,0,32.1,0,0,0,1,0,1,1,0,0,1,0,12192.0,2,1,1,1,0,0,1,1,9.0,265.9,0,0,0,0,0,1
199700,53.629,0.685,1,1,1,0,5.887,-1.827,0,1,1,0,13.393,0.0,0,32.08,0,0,0,1,0,1,1,0,0,1,0,12192.0,2,1,1,1,0,0,1,1,8.6,267.9,0,0,0,0,0,1
199800,53.697,0.685,1,1,1,0,5.709,-1.77,0,1,1,0,13.393,0.0,0,32.07,0,0,0,1,0,1,1,0,0,1,0,12192.0,2,1,1,1,0,0,1,1,9.0,269.1,0,0,0,0,0,1
199900,53.766,0.685,1,1,1,0,5.538,-1.713,0,1,1,0,13.393,0.0,0,31.8,0,0,0,1,0,1,1,0,0,1,0,12192.0,2,1,1,1,0,0,1,1,9.1,270.0,0,0,0,0,0,1
200000,53.834,0.685,1,1,1,0,5.373,-1.656,0,1,1,0,13.393,0.0,0,32.08,0,0,0,1,0,1,1,0,0,1,0,12192.0,2,1,1,1,0,0,1,1,8.0,266.5,0,0,0,0,0,1
200100,53.903,0.685,1,1,1,0,5.213,-1.599,0,1,1,0,13.393,0.0,0,32.13,0,0,0,1,0,1,1,0,0,1,0,12192.0,2,1,1,1,0,0,1,1,8.7,263.5,0,0,0,0,0,1
200200,53.971,0.685,1,1,1,0,5.058,-1.542,0,1,1,0,13.393,0.0,0,32.05,0,0,0,1,0,1,1,0,0,1,0,12192.0,2,1,1,1,0,0,1,1,8.7,269.9,0,0,0,0,0,1
200300,54.04,0.685,1,1,1,0,4.91,-1.485,0,1,1,0,13.393,0.0,0,31.83,0,0,0,1,0,1,1,0,0,1,0,12192.0,2,1,1,1,0,0,1,1,7.6,268.3,0,0,0,0,0,1
200400,54.108,0.685,1,1,1,0,4.767,-1.428,0,1,1,0,13.393,0.0,0,32.15,0,0,0,1,0,1,1,0,0,1,0,12192.0,2,1,1,1,0,0,1,1,8.6,273.6,0,0,0,0,0,1
200500,54.177,0.685,1,1,1,0,4.63,-1.371,0,1,1,0,13.393,0.0,0,31.95,0,0,0,1,0,1,1,0,0,1,0,12192.0,2,1,1,1,0,0,1,1,8.5,271.2,0,0,0,0,0,1
200600,54.245,0.685,1,1,1,0,4.499,-1.314,0,1,1,0,13.393,0.0,0,31.83,0,0,0,1,0,1,1,0,0,1,0,12192.0,2,1,1,1,0,0,1,1,8.7,267.3,0,0,0,0,0,1
200700,54.313,0.685,1,1,1,0,4.373,-1.256,0,1,1,0,13.393,0.0,0,31.91,0,0,0,1,0,1,1,0,0,1,0,12192.0,2,1,1,1,0,0,1,1,8.4,273.7,0,0,0,0,0,1
200800,54.382,0.685,1,1,1,0,4.253,-1.199,0,1,1,0,13.393,0.0,0,31.93,0,0,0,1,0,1,1,0,0,1,0,12192.0,2,1,1,1,0,0,1,1,8.6,271.8,0,0,0,0,0,1
200900,54.45,0.685,1,1,1,0,4.139,-1.142,0,1,1,0,13.393,0.0,0,32.11,0,0,0,1,0,1,1,0,0,1,0,12192.0,2,1,1,1,0,0,1,1,8.3,268.3,0,0,0,0,0,1
201000,54.519,0.685,1,1,1,0,4.03,-1.085,0,1,1,0,13.393,0.0,0,32.13,0,0,0,1,0,1,1,0,0,1,0,12192.0,2,1,1,1,0,0,1,1,8.1,268.8,0,0,0,0,0,1
201100,54.587,0.685,1,1,1,0,3.928,-1.028,0,1,1,0,13.393,0.0,0,31.73,0,0,0,1,0,1,1,0,0,1,0,12192.0,2,1,1,1,0,0,1,1,8.1,266.9,0,0,0,0,0,1
201200,54.656,0.685,1,1,1,0,3.831,-0.971,0,1,1,0,13.393,0.0,0,31.9,0,0,0,1,0,1,1,0,0,1,0,12192.0,2,1,1,1,0,0,1,1,9.4,267.7,0,0,0,0,0,1
201300,54.724,0.685,1,1,1,0,3.739,-0.914,0,1,1,0,13.393,0.0,0,32.11,0,0,0,1,0,1,1,0,0,1,0,12192.0,2,1,1,1,0,0,1,1,8.5,271.7,0,0,0,0,0,1
201400,54.793,0.685,1,1,1,0,3.654,-0.857,0,1,1,0,13.393,0.0,0,31.91,0,0,0,1,0,1,1,0,0,1,0,12192.0,2,1,1,1,0,0,1,1,8.7,266.6,0,0,0,0,0,1
201500,54.861,0.685,1,1,1,0,3.574,-0.8,0,1,1,0,13.393,0.0,0,31.97,0,0,0,1,0,1,1,0,0,1,0,12192.0,2,1,1,1,0,0,1,1,8.5,269.3,0,0,0,0,0,1
201600,54.93,0.685,1,1,1,0,3.499,-0.742,0,1,1,0,13.393,0.0,0,31.84,0,0,0,1,0,1,1,0,0,1,0,12192.0,2,1,1,1,0,0,1,1,8.2,274.6,0,0,0,0,0,1
201700,54.998,0.685,1,1,1,0,3.431,-0.685,0,1,1,0,13.393,0.0,0,32.14,0,0,0,1,0,1,1,0,0,1,0,12192.0,2,1,1,1,0,0,1,1,7.7,271.6,0,0,0,0,0,1
201800,55.067,0.685,1,1,1,0,3.368,-0.628,0,1,1,0,13.393,0.0,0,32.02,0,0,0,1,0,1,1,0,0,1,0,12192.0,2,1,1,1,0,0,1,1,8.0,274.2,0,0,0,0,0,1
201900,55.135,0.685,1,1,1,0,3.311,-0.571,0,1,1,0,13.393,0.0,0,31.94,0,0,0,1,0,1,1,0,0,1,0,12192.0,2,1,1,1,0,0,1,1,8.4,273.1,0,0,0,0,0,1
202000,55.204,0.685,1,1,1,0,3.26,-0.514,0,1,1,0,13.393,0.0,0,32.01,0,0,0,1,0,1,1,0,0,1,0,12192.0,2,1,1,1,0,0,1,1,8.0,268.3,0,0,0,0,0,1
202100,55.272,0.685,1,1,1,0,3.214,-0.457,0,1,1,0,13.393,0.0,0,31.82,0,0,0,1,0,1,1,0,0,1,0,12192.0,2,1,1,1,0,0,1,1,8.6,270.6,0,0,0,0,0,1
202200,55.341,0.685,1,1,1,0,3.174,-0.4,0,1,1,0,13.393,0.0,0,31.9,0,0,0,1,0,1,1,0,0,1,0,12192.0,2,1,1,1,0,0,1,1,7.9,266.7,0,0,0,0,0,1
202300,55.409,0.685,1,1,1,0,3.14,-0.343,0,1,1,0,13.393,0.0,0,32.15,0,0,0,1,0,1,1,0,0,1,0,12192.0,2,1,1,1,0,0,1,1,7.5,266.6,0,0,0,0,0,1
202400,55.478,0.685,1,1,1,0,3.111,-0.283,0,1,1,0,13.393,0.0,0,31.96,0,0,0,1,0,1,1,0,0,1,0,12192.0,2,1,1,1,0,0,1,1,7.5,273.7,0,0,0,0,0,1
202500,55.546,0.685,1,1,1,0,3.09,-0.218,0,1,1,0,13.393,0.0,0,32.29,0,0,0,1,0,1,1,0,0,1,0,12192.0,2,1,1,1,0,0,1,1,8.6,268.9,0,0,0,0,0,1
202600,55.614,0.685,1,1,1,0,3.074,-0.15,0,1,1,0,13.393,0.0,0,32.14,0,0,0,1,0,1,1,0,0,1,0,12192.0,2,1,1,1,0,0,1,1,8.0,266.3,0,0,0,0,0,1
202700,55.683,0.685,1,1,1,0,3.067,-0.074,0,1,1,0,13.393,0.0,0,31.97,0,0,0,1,0,1,1,0,0,1,0,12192.0,2,1,1,1,0,0,1,1,7.7,267.2,0,0,0,0,0,1
202800,55.751,0.685,1,1,1,0,3.065,0.0,0,0,1,0,13.393,0.0,0,32.23,0,0,0,1,0,1,1,0,0,1,0,12192.0,2,1,1,1,0,0,1,1,8.3,267.1,0,0,0,0,0,1
202900,55.82,0.685,1,1,1,0,3.065,0.0,0,0,1,0,13.393,0.0,0,32.01,0,0,0,1,0,1,1,0,0,1,0,12192.0,2,1,1,1,0,0,1,1,8.2,271.3,0,0,0,0,0,1
203000,55.888,0.685,1,1,1,0,3.065,0.0,0,0,1,0,13.393,0.0,0,32.15,0,0,0,1,0,1,1,0,0,1,0,12192.0,2,1,1,1,0,0,1,1,7.3,266.9,0,0,0,0,0,1
203100,55.957,0.685,1,1,1,0,3.065,0.0,0,0,1,0,13.393,0.0,0,32.04,0,0,0,1,0,1,1,0,0,1,0,12192.0,2,1,1,1,0,0,1,1,7.9,268.8,0,0,0,0,0,1
203200,56.025,0.685,1,1,1,0,3.065,0.0,0,0,1,0,13.393,0.0,0,31.98,0,0,0,1,0,1,1,0,0,1,0,12192.0,2,1,1,1,0,0,1,1,6.9,268.0,0,0,0,0,0,1
203300,56.094,0.685,1,1,1,0,3.065,0.0,0,0,1,0,13.393,0.0,0,31.91,0,0,0,1,0,1,1,0,0,1,0,12192.0,2,1,1,1,0,0,1,1,6.9,273.7,0,0,0,0,0,1
203400,56.162,0.685,1,1,1,0,3.065,0.0,0,0,1,0,13.393,0.0,0,32.01,0,0,0,1,0,1,1,0,0,1,0,12192.0,2,1,1,1,0,0,1,1,7.0,269.1,0,0,0,0,0,1
203500,56.231,0.685,1,1,1,0,3.065,0.0,0,0,1,0,13.393,0.0,0,32.14,0,0,0,1,0,1,1,0,0,1,0,12192.0,2,1,1,1,0,0,1,1,7.1,272.4,0,0,0,0,0,1
203600,56.299,0.685,1,1,1,0,3.065,0.0,0,0,1,0,13.393,0.0,0,31.96,0,0,0,1,0,1,1,0,0,1,0,12192.0,2,1,1,1,0,0,1,1,7.5,272.0,0,0,0,0,0,1
203700,56.368,0.685,1,1,1,0,3.065,0.0,0,0,1,0,13.393,0.0,0,32.05,0,0,0,1,0,1,1,0,0,1,0,12192.0,2,1,1,1,0,0,1,1,7.3,270.2,0,0,0,0,0,1
203800,56.436,0.685,1,1,1,0,3.065,0.0,0,0,1,0,13.393,0.0,0,31.93,0,0,0,1,0,1,1,0,0,1,0,12192.0,2,1,1,1,0,0,1,1,7.4,268.9,0,0,0,0,0,1
203900,56.505,0.685,1,1,1,0,3.065,0.0,0,0,1,0,13.393,0.0,0,32.07,0,0,0,1,0,1,1,0,0,1,0,12192.0,2,1,1,1,0,0,1,1,7.7,271.3,0,0,0,0,0,1
204000,56.573,0.685,1,1,1,0,3.065,0.0,0,0,1,0,13.393,0.0,0,31.94,0,0,0,1,0,1,1,0,0,1,0,12192.0,2,1,1,1,0,0,1,1,8.0,271.7,0,0,0,0,0,1
204100,56.642,0.685,1,1,1,0,3.065,0.0,0,0,1,0,13.393,0.0,0,31.99,0,0,0,1,0,1,1,0,0,1,0,12192.0,2,1,1,1,0,0,1,1,8.1,268.6,0,0,0,0,0,1
204200,56.71,0.685,1,1,1,0,3.065,0.0,0,0,1,0,13.393,0.0,0,32.12,0,0,0,1,0,1,1,0,0,1,0,12192.0,2,1,1,1,0,0,1,1,7.0,269.3,0,0,0,0,0,1
204300,56.779,0.685,1,1,1,0,3.065,0.0,0,0,1,0,13.393,0.0,0,31.84,0,0,0,1,0,1,1,0,0,1,0,12192.0,2,1,1,1,0,0,1,1,7.9,271.5,0,0,0,0,0,1
204400,56.847,0.685,1,1,1,0,3.065,0.0,0,0,1,0,13.393,0.0,0,32.07,0,0,0,1,0,1,1,0,0,1,0,12192.0,2,1,1,1,0,0,1,1,7.1,267.5,0,0,0,0,0,1
204500,56.916,0.685,1,1,1,0,3.065,0.0,0,0,1,0,13.393,0.0,0,31.92,0,0,0,1,0,1,1,0,0,1,0,12192.0,2,1,1,1,0,0,1,1,7.1,267.1,0,0,0,0,0,1
204600,56.984,0.685,1,1,1,0,3.065,0.0,0,0,1,0,13.393,0.0,0,32.17,0,0,0,1,0,1,1,0,0,1,0,12192.0,2,1,1,1,0,0,1,1,7.5,269.4,0,0,0,0,0,1
204700,57.052,0.685,1,1,1,0,3.065,0.0,0,0,1,0,13.393,0.0,0,32.26,0,0,0,1,0,1,1,0,0,1,0,12192.0,2,1,1,1,0,0,1,1,7.0,268.9,0,0,0,0,0,1
204800,57.121,0.685,1,1,1,0,3.065,0.0,0,0,1,0,13.393,0.0,0,32.21,0,0,0,1,0,1,1,0,0,1,0,12192.0,2,1,1,1,0,0,1,1,7.9,270.6,0,0,0,0,0,1
204900,57.189,0.685,1,1,1,0,3.065,0.0,0,0,1,0,13.393,0.0,0,31.94,0,0,0,1,0,1,1,0,0,1,0,12192.0,2,1,1,1,0,0,1,1,7.1,272.8,0,0,0,0,0,1
205000,57.258,0.685,1,1,1,0,3.065,0.0,0,0,1,0,13.393,0.0,0,31.82,0,0,0,1,0,1,1,0,0,1,0,12192.0,2,1,1,1,0,0,1,1,8.2,268.6,0,0,0,0,0,1
205100,57.326,0.685,1,1,1,0,3.065,0.0,0,0,1,0,13.393,0.0,0,31.71,0,0,0,1,0,1,1,0,0,1,0,12192.0,2,1,1,1,0,0,1,1,7.8,276.7,0,0,0,0,0,1
205200,57.395,0.685,1,1,1,0,3.065,0.0,0,0,1,0,13.393,0.0,0,32.01,0,0,0,1,0,1,1,0,0,1,0,12192.0,2,1,1,1,0,0,1,1,8.1,273.1,0,0,0,0,0,1
205300,57.463,0.685,1,1,1,0,3.065,0.0,0,0,1,0,13.393,0.0,0,31.99,0,0,0,1,0,1,1,0,0,1,0,12192.0,2,1,1,1,0,0,1,1,7.7,267.4,0,0,0,0,0,1
205400,57.532,0.685,1,1,1,0,3.065,0.0,0,0,1,0,13.393,0.0,0,32.18,0,0,0,1,0,1,1,0,0,1,0,12192.0,2,1,1,1,0,0,1,1,7.9,273.1,0,0,0,0,0,1
205500,57.6,0.685,1,1,1,0,3.065,0.0,0,0,1,0,13.393,0.0,0,32.1,0,0,0,1,0,1,1,0,0,1,0,12192.0,2,1,1,1,0,0,1,1,7.7,269.9,0,0,0,0,0,1
205600,57.669,0.685,1,1,1,0,3.065,0.0,0,0,1,0,13.393,0.0,0,31.79,0,0,0,1,0,1,1,0,0,1,0,12192.0,2,1,1,1,0,0,1,1,7.1,270.5,0,0,0,0,0,1
205700,57.737,0.685,1,1,1,0,3.065,0.0,0,0,1,0,13.393,0.0,0,32.05,0,0,0,1,0,1,1,0,0,1,0,12192.0,2,1,1,1,0,0,1,1,7.5,268.1,0,0,0,0,0,1
205800,57.806,0.685,1,1,1,0,3.065,0.0,0,0,1,0,13.393,0.0,0,32.08,0,0,0,1,0,1,1,0,0,1,0,12192.0,2,1,1,1,0,0,1,1,7.7,268.5,0,0,0,0,0,1
205900,57.874,0.685,1,1,1,0,3.065,0.0,0,0,1,0,13.393,0.0,0,31.87,0,0,0,1,0,1,1,0,0,1,0,12192.0,2,1,1,1,0,0,1,1,7.7,270.8,0,0,0,0,0,1
206000,57.943,0.685,1,1,1,0,3.065,0.0,0,0,1,0,13.393,0.0,0,31.91,0,0,0,1,0,1,1,0,0,1,0,12192.0,2,1,1,1,0,0,1,1,7.2,270.9,0,0,0,0,0,1
206100,58.011,0.685,1,1,1,0,3.065,0.0,0,0,1,0,13.393,0.0,0,32.02,0,0,0,1,0,1,1,0,0,1,0,12192.0,2,1,1,1,0,0,1,1,7.7,266.3,0,0,0,0,0,1
206200,58.08,0.685,1,1,1,0,3.065,0.0,0,0,1,0,13.393,0.0,0,32.01,0,0,0,1,0,1,1,0,0,1,0,12192.0,2,1,1,1,0,0,1,1,7.7,273.9,0,0,0,0,0,1
206300,58.148,0.685,1,1,1,0,3.065,0.0,0,0,1,0,13.393,0.0,0,31.95,0,0,0,1,0,1,1,0,0,1,0,12192.0,2,1,1,1,0,0,1,1,7.9,268.0,0,0,0,0,0,1
206400,58.217,0.685,1,1,1,0,3.065,0.0,0,0,1,0,13.393,0.0,0,31.86,0,0,0,1,0,1,1,0,0,1,0,12192.0,2,1,1,1,0,0,1,1,7.7,266.6,0,0,0,0,0,1
206500,58.285,0.685,1,1,1,0,3.065,0.0,0,0,1,0,13.393,0.0,0,32.01,0,0,0,1,0,1,1,0,0,1,0,12192.0,2,1,1,1,0,0,1,1,7.7,272.2,0,0,0,0,0,1
206600,58.353,0.685,1,1,1,0,3.065,0.0,0,0,1,0,13.393,0.0,0,31.93,0,0,0,1,0,1,1,0,0,1,0,12192.0,2,1,1,1,0,0,1,1,8.6,270.2,0,0,0,0,0,1
206700,58.422,0.685,1,1,1,0,3.065,0.0,0,0,1,0,13.393,0.0,0,32.09,0,0,0,1,0,1,1,0,0,1,0,12192.0,2,1,1,1,0,0,1,1,7.9,266.8,0,0,0,0,0,1
206800,58.49,0.685,1,1,1,0,3.065,0.0,0,0,1,0,13.393,0.0,0,32.17,0,0,0,1,0,1,1,0,0,1,0,12192.0,2,1,1,1,0,0,1,1,8.0,271.0,0,0,0,0,0,1
206900,58.559,0.685,1,1,1,0,3.065,0.0,0,0,1,0,13.393,0.0,0,31.85,0,0,0,1,0,1,1,0,0,1,0,12192.0,2,1,1,1,0,0,1,1,8.5,269.5,0,0,0,0,0,1
207000,58.627,0.685,1,1,1,0,3.065,0.0,0,0,1,0,13.393,0.0,0,31.95,0,0,0,1,0,1,1,0,0,1,0,12192.0,2,1,1,1,0,0,1,1,8.9,268.7,0,0,0,0,0,1
207100,58.696,0.685,1,1,1,0,3.065,0.0,0,0,1,0,13.393,0.0,0,32.22,0,0,0,1,0,1,1,0,0,1,0,12192.0,2,1,1,1,0,0,1,1,8.2,267.9,0,0,0,0,0,1
207200,58.764,0.685,1,1,1,0,3.065,0.0,0,0,1,0,13.393,0.0,0,31.92,0,0,0,1,0,1,1,0,0,1,0,12192.0,2,1,1,1,0,0,1,1,8.5,269.2,0,0,0,0,0,1
207300,58.833,0.685,1,1,1,0,3.065,0.0,0,0,1,0,13.393,0.0,0,32.1,0,0,0,1,0,1,1,0,0,1,0,12192.0,2,1,1,1,0,0,1,1,8.2,275.3,0,0,0,0,0,1
207400,58.901,0.685,1,1,1,0,3.065,0.0,0,0,1,0,13.393,0.0,0,32.15,0,0,0,1,0,1,1,0,0,1,0,12192.0,2,1,1,1,0,0,1,1,9.1,273.2,0,0,0,0,0,1
207500,58.97,0.685,1,1,1,0,3.065,0.0,0,0,1,0,13.393,0.0,0,32.12,0,0,0,1,0,1,1,0,0,1,0,12192.0,2,1,1,1,0,0,1,1,8.8,271.7,0,0,0,0,0,1
207600,59.038,0.685,1,1,1,0,3.065,0.0,0,0,1,0,13.393,0.0,0,32.12,0,0,0,1,0,1,1,0,0,1,0,12192.0,2,1,1,1,0,0,1,1,8.7,269.6,0,0,0,0,0,1
207700,59.107,0.685,1,1,1,0,3.065,0.0,0,0,1,0,13.393,0.0,0,32.08,0,0,0,1,0,1,1,0,0,1,0,12192.0,2,1,1,1,0,0,1,1,7.9,271.5,0,0,0,0,0,1
207800,59.175,0.685,1,1,1,0,3.065,0.0,0,0,1,0,13.393,0.0,0,31.88,0,0,0,1,0,1,1,0,0,1,0,12192.0,2,1,1,1,0,0,1,1,8.5,268.2,0,0,0,0,0,1
207900,59.244,0.685,1,1,1,0,3.065,0.0,0,0,1,0,13.393,0.0,0,32.02,0,0,0,1,0,1,1,0,0,1,0,12192.0,2,1,1,1,0,0,1,1,8.1,268.6,0,0,0,0,0,1
208000,59.312,0.685,1,1,1,0,3.065,0.0,0,0,1,0,13.393,0.0,0,31.96,0,0,0,1,0,1,1,0,0,1,0,12192.0,2,1,1,1,0,0,1,1,8.3,273.9,0,0,0,0,0,1
208100,59.381,0.685,1,1,1,0,3.065,0.0,0,0,1,0,13.393,0.0,0,32.04,0,0,0,1,0,1,1,0,0,1,0,12192.0,2,1,1,1,0,0,1,1,8.8,271.8,0,0,0,0,0,1
208200,59.449,0.685,1,1,1,0,3.065,0.0,0,0,1,0,13.393,0.0,0,32.12,0,0,0,1,0,1,1,0,0,1,0,12192.0,2,1,1,1,0,0,1,1,8.9,272.5,0,0,0,0,0,1
208300,59.518,0.685,1,1,1,0,3.065,0.0,0,0,1,0,13.393,0.0,0,31.93,0,0,0,1,0,1,1,0,0,1,0,12192.0,2,1,1,1,0,0,1,1,8.6,270.5,0,0,0,0,0,1
208400,59.586,0.685,1,1,1,0,3.065,0.0,0,0,1,0,13.393,0.0,0,32.14,0,0,0,1,0,1,1,0,0,1,0,12192.0,2,1,1,1,0,0,1,1,8.4,274.8,0,0,0,0,0,1
208500,59.654,0.685,1,1,1,0,3.065,0.0,0,0,1,0,13.393,0.0,0,32.16,0,0,0,1,0,1,1,0,0,1,0,12192.0,2,1,1,1,0,0,1,1,8.4,269.2,0,0,0,0,0,1
208600,59.723,0.685,1,1,1,0,3.065,0.0,0,0,1,0,13.393,0.0,0,31.85,0,0,0,1,0,1,1,0,0,1,0,12192.0,2,1,1,1,0,0,1,1,8.4,267.1,0,0,0,0,0,1
208700,59.791,0.685,1,1,1,0,3.065,0.0,0,0,1,0,13.393,0.0,0,31.97,0,0,0,1,0,1,1,0,0,1,0,12192.0,2,1,1,1,0,0,1,1,8.5,270.4,0,0,0,0,0,1
208800,59.86,0.685,1,1,1,0,3.065,0.0,0,0,1,0,13.393,0.0,0,32.23,0,0,0,1,0,1,1,0,0,1,0,12192.0,2,1,1,1,0,0,1,1,9.2,269.9,0,0,0,0,0,1
208900,59.928,0.685,1,1,1,0,3.065,0.0,0,0,1,0,13.393,0.0,0,31.87,0,0,0,1,0,1,1,0,0,1,0,12192.0,2,1,1,1,0,0,1,1,8.6,270.3,0,0,0,0,0,1
209000,59.997,0.685,1,1,1,0,3.065,0.0,0,0,1,0,13.393,0.0,0,31.84,0,0,0,1,0,1,1,0,0,1,0,12192.0,2,1,1,1,0,0,1,1,8.4,269.4,0,0,0,0,0,1
209100,60.065,0.685,1,1,1,0,3.065,0.0,0,0,1,0,13.393,0.0,0,32.17,0,0,0,1,0,1,1,0,0,1,0,12192.0,2,1,1,1,0,0,1,1,8.9,266.7,0,0,0,0,0,1
209200,60.134,0.685,1,1,1,0,3.065,0.0,0,0,1,0,13.393,0.0,0,32.14,0,0,0,1,0,1,1,0,0,1,0,12192.0,2,1,1,1,0,0,1,1,8.4,272.5,0,0,0,0,0,1
209300,60.202,0.685,1,1,1,0,3.065,0.0,0,0,1,0,13.393,0.0,0,31.91,0,0,0,1,0,1,1,0,0,1,0,12192.0,2,1,1,1,0,0,1,1,8.9,268.9,0,0,0,0,0,1
209400,60.271,0.685,1,1,1,0,3.065,0.0,0,0,1,0,13.393,0.0,0,32.0,0,0,0,1,0,1,1,0,0,1,0,12192.0,2,1,1,1,0,0,1,1,7.9,267.6,0,0,0,0,0,1
209500,60.339,0.685,1,1,1,0,3.065,0.0,0,0,1,0,13.393,0.0,0,31.93,0,0,0,1,0,1,1,0,0,1,0,12192.0,2,1,1,1,0,0,1,1,9.3,268.9,0,0,0,0,0,1
209600,60.408,0.685,1,1,1,0,3.065,0.0,0,0,1,0,13.393,0.0,0,31.9,0,0,0,1,0,1,1,0,0,1,0,12192.0,2,1,1,1,0,0,1,1,8.7,270.3,0,0,0,0,0,1
209700,60.476,0.685,1,1,1,0,3.065,0.0,0,0,1,0,13.393,0.0,0,31.99,0,0,0,1,0,1,1,0,0,1,0,12192.0,2,1,1,1,0,0,1,1,8.1,269.6,0,0,0,0,0,1
209800,60.545,0.685,1,1,1,0,3.065,0.0,0,0,1,0,13.393,0.0,0,32.02,0,0,0,1,0,1,1,0,0,1,0,12192.0,2,1,1,1,0,0,1,1,8.3,271.8,0,0,0,0,0,1
209900,60.613,0.685,1,1,1,0,3.065,0.0,0,0,1,0,13.393,0.0,0,31.88,0,0,0,1,0,1,1,0,0,1,0,12192.0,2,1,1,1,0,0,1,1,8.9,271.4,0,0,0,0,0,1
210000,60.682,0.685,1,1,1,0,3.065,0.0,0,0,1,0,13.393,0.0,0,31.93,0,0,0,1,0,1,1,0,0,1,0,12192.0,2,1,1,1,0,0,1,1,8.2,268.5,0,0,0,0,0,1
210100,60.75,0.685,1,1,1,0,3.065,0.0,0,0,1,0,13.393,0.0,0,31.95,0,0,0,1,0,1,1,0,0,1,0,12192.0,2,1,1,1,0,0,1,1,8.2,264.8,0,0,0,0,0,1
210200,60.819,0.685,1,1,1,0,3.065,0.0,0,0,1,0,13.393,0.0,0,32.04,0,0,0,1,0,1,1,0,0,1,0,12192.0,2,1,1,1,0,0,1,1,8.0,270.5,0,0,0,0,0,1
210300,60.887,0.685,1,1,1,0,3.065,0.0,0,0,1,0,13.393,0.0,0,32.0,0,0,0,1,0,1,1,0,0,1,0,12192.0,2,1,1,1,0,0,1,1,8.4,271.2,0,0,0,0,0,1
210400,60.956,0.685,1,1,1,0,3.065,0.0,0,0,1,0,13.393,0.0,0,31.91,0,0,0,1,0,1,1,0,0,1,0,12192.0,2,1,1,1,0,0,1,1,8.6,271.5,0,0,0,0,0,1
210500,61.024,0.685,1,1,1,0,3.065,0.0,0,0,1,0,13.393,0.0,0,32.05,0,0,0,1,0,1,1,0,0,1,0,12192.0,2,1,1,1,0,0,1,1,7.6,270.3,0,0,0,0,0,1
210600,61.092,0.685,1,1,1,0,3.065,0.0,0,0,1,0,13.393,0.0,0,32.0,0,0,0,1,0,1,1,0,0,1,0,12192.0,2,1,1,1,0,0,1,1,8.0,268.4,0,0,0,0,0,1
210700,61.161,0.685,1,1,1,0,3.065,0.0,0,0,1,0,13.393,0.0,0,31.97,0,0,0,1,0,1,1,0,0,1,0,12192.0,2,1,1,1,0,0,1,1,8.2,267.9,0,0,0,0,0,1
210800,61.229,0.685,1,1,1,0,3.065,0.0,0,0,1,0,13.393,0.0,0,32.08,0,0,0,1,0,1,1,0,0,1,0,12192.0,2,1,1,1,0,0,1,1,7.7,269.5,0,0,0,0,0,1
210900,61.298,0.685,1,1,1,0,3.065,0.0,0,0,1,0,13.393,0.0,0,31.96,0,0,0,1,0,1,1,0,0,1,0,12192.0,2,1,1,1,0,0,1,1,7.6,270.1,0,0,0,0,0,1
211000,61.366,0.685,1,1,1,0,3.065,0.0,0,0,1,0,13.393,0.0,0,32.1,0,0,0,1,0,1,1,0,0,1,0,12192.0,2,1,1,1,0,0,1,1,6.8,268.9,0,0,0,0,0,1
211100,61.435,0.685,1,1,1,0,3.065,0.0,0,0,1,0,13.393,0.0,0,31.87,0,0,0,1,0,1,1,0,0,1,0,12192.0,2,1,1,1,0,0,1,1,9.0,268.9,0,0,0,0,0,1
211200,61.503,0.685,1,1,1,0,3.065,0.0,0,0,1,0,13.393,0.0,0,31.93,0,0,0,1,0,1,1,0,0,1,0,12192.0,2,1,1,1,0,0,1,1,7.1,271.2,0,0,0,0,0,1
211300,61.572,0.685,1,1,1,0,3.065,0.0,0,0,1,0,13.393,0.0,0,32.02,0,0,0,1,0,1,1,0,0,1,0,12192.0,2,1,1,1,0,0,1,1,7.7,269.6,0,0,0,0,0,1
211400,61.64,0.685,1,1,1,0,3.065,0.0,0,0,1,0,13.393,0.0,0,31.87,0,0,0,1,0,1,1,0,0,1,0,12192.0,2,1,1,1,0,0,1,1,7.7,269.5,0,0,0,0,0,1
211500,61.709,0.685,1,1,1,0,3.065,0.0,0,0,1,0,13.393,0.0,0,31.92,0,0,0,1,0,1,1,0,0,1,0,12192.0,2,1,1,1,0,0,1,1,7.6,264.7,0,0,0,0,0,1
211600,61.777,0.685,1,1,1,0,3.065,0.0,0,0,1,0,13.393,0.0,0,31.99,0,0,0,1,0,1,1,0,0,1,0,12192.0,2,1,1,1,0,0,1,1,8.1,273.7,0,0,0,0,0,1
211700,61.846,0.685,1,1,1,0,3.065,0.0,0,0,1,0,13.393,0.0,0,32.13,0,0,0,1,0,1,1,0,0,1,0,12192.0,2,1,1,1,0,0,1,1,7.8,271.2,0,0,0,0,0,1
211800,61.914,0.685,1,1,1,0,3.065,0.0,0,0,1,0,13.393,0.0,0,31.91,0,0,0,1,0,1,1,0,0,1,0,12192.0,2,1,1,1,0,0,1,1,7.4,268.8,0,0,0,0,0,1
211900,61.983,0.685,1,1,1,0,3.065,0.0,0,0,1,0,13.393,0.0,0,31.99,0,0,0,1,0,1,1,0,0,1,0,12192.0,2,1,1,1,0,0,1,1,8.0,268.1,0,0,0,0,0,1
212000,62.051,0.685,1,1,1,0,3.065,0.0,0,0,1,0,13.393,0.0,0,31.84,0,0,0,1,0,1,1,0,0,1,0,12192.0,2,1,1,1,0,0,1,1,7.3,272.6,0,0,0,0,0,1
212100,62.12,0.685,1,1,1,0,3.065,0.0,0,0,1,0,13.393,0.0,0,32.26,0,0,0,1,0,1,1,0,0,1,0,12192.0,2,1,1,1,0,0,1,1,8.0,274.3,0,0,0,0,0,1
212200,62.188,0.685,1,1,1,0,3.065,0.0,0,0,1,0,13.393,0.0,0,31.97,0,0,0,1,0,1,1,0,0,1,0,12192.0,2,1,1,1,0,0,1,1,7.6,265.1,0,0,0,0,0,1
212300,62.257,0.685,1,1,1,0,3.065,0.0,0,0,1,0,13.393,0.0,0,31.93,0,0,0,1,0,1,1,0,0,1,0,12192.0,2,1,1,1,0,0,1,1,7.6,270.9,0,0,0,0,0,1
212400,62.325,0.685,1,1,1,0,3.065,0.0,0,0,1,0,13.393,0.0,0,31.91,0,0,0,1,0,1,1,0,0,1,0,12192.0,2,1,1,1,0,0,1,1,6.8,272.5,0,0,0,0,0,1
212500,62.393,0.685,1,1,1,0,3.065,0.0,0,0,1,0,13.393,0.0,0,31.96,0,0,0,1,0,1,1,0,0,1,0,12192.0,2,1,1,1,0,0,1,1,6.8,273.8,0,0,0,0,0,1
212600,62.462,0.685,1,1,1,0,3.065,0.0,0,0,1,0,13.393,0.0,0,32.0,0,0,0,1,0,1,1,0,0,1,0,12192.0,2,1,1,1,0,0,1,1,6.5,269.7,0,0,0,0,0,1
212700,62.53,0.685,1,1,1,0,3.065,0.0,0,0,1,0,13.393,0.0,0,31.8,0,0,0,1,0,1,1,0,0,1,0,12192.0,2,1,1,1,0,0,1,1,7.3,268.3,0,0,0,0,0,1
212800,62.599,0.685,1,1,1,0,3.065,0.0,0,0,1,0,13.393,0.0,0,32.07,0,0,0,1,0,1,1,0,0,1,0,12192.0,2,1,1,1,0,0,1,1,7.2,272.5,0,0,0,0,0,1
212900,62.667,0.685,1,1,1,0,3.065,0.0,0,0,1,0,13.393,0.0,0,32.21,0,0,0,1,0,1,1,0,0,1,0,12192.0,2,1,1,1,0,0,1,1,7.0,266.6,0,0,0,0,0,1
213000,62.734,0.67,1,1,1,0,3.065,0.0,0,0,1,0,13.393,0.0,0,31.91,0,0,0,1,0,1,1,0,0,1,0,12192.0,2,1,1,1,0,0,1,1,7.6,271.0,0,0,0,0,0,1
213100,62.8,0.655,1,1,1,0,3.065,0.0,0,0,1,0,13.393,0.0,0,31.99,0,0,0,1,0,1,1,0,0,1,0,12192.0,2,1,1,1,0,0,1,1,7.4,273.2,0,0,0,0,0,1
213200,62.864,0.641,1,1,1,0,3.065,0.0,0,0,1,0,13.393,0.0,0,32.06,0,0,0,1,0,1,1,0,0,1,0,12192.0,2,1,1,1,0,0,1,1,6.7,266.2,0,0,0,0,0,1
213300,62.927,0.626,1,1,1,0,3.065,0.0,0,0,1,0,13.393,0.0,0,32.15,0,0,0,1,0,1,1,0,0,1,0,12192.0,2,1,1,1,0,0,1,1,7.7,273.3,0,0,0,0,0,1
213400,62.988,0.611,1,1,1,0,3.065,0.0,0,0,1,0,13.393,0.0,0,31.93,0,0,0,1,0,1,1,0,0,1,0,12192.0,2,1,1,1,0,0,1,1,6.6,270.8,0,0,0,0,0,1
213500,63.047,0.596,1,1,1,0,3.065,0.0,0,0,1,0,13.393,0.0,0,32.03,0,0,0,1,0,1,1,0,0,1,0,12192.0,2,1,1,1,0,0,1,1,6.4,272.3,0,0,0,0,0,1
213600,63.105,0.582,1,1,1,0,3.065,0.0,0,0,1,0,13.393,0.0,0,32.17,0,0,0,1,0,1,1,0,0,1,0,12192.0,2,1,1,1,0,0,1,1,7.1,269.2,0,0,0,0,0,1
213700,63.164,0.582,1,1,1,0,3.065,0.0,0,0,1,0,13.393,0.0,0,31.94,0,0,0,1,0,1,1,0,0,1,0,12192.0,2,1,1,1,0,0,1,1,7.7,268.9,0,0,0,0,0,1
213800,63.22,0.567,1,1,1,0,3.065,0.0,0,0,1,0,13.393,0.0,0,31.95,0,0,0,1,0,1,1,0,0,1,0,12192.0,2,1,1,1,0,0,1,1,7.3,270.9,0,0,0,0,0,1
213900,63.276,0.552,1,1,1,0,3.065,0.0,0,0,1,0,13.393,0.0,0,31.9,0,0,0,1,0,1,1,0,0,1,0,12192.0,2,1,1,1,0,0,1,1,7.0,270.9,0,0,0,0,0,1
214000,63.329,0.537,1,1,1,0,3.065,0.0,0,0,1,0,13.393,0.0,0,31.94,0,0,0,1,0,1,1,0,0,1,0,12192.0,2,1,1,1,0,0,1,1,6.4,267.0,0,0,0,0,0,1
214100,63.381,0.522,1,1,1,0,3.065,0.0,0,0,1,0,13.393,0.0,0,32.01,0,0,0,1,0,1,1,0,0,1,0,12192.0,2,1,1,1,0,0,1,1,7.4,271.1,0,0,0,0,0,1
214200,63.432,0.507,1,1,1,0,3.065,0.0,0,0,1,0,13.393,0.0,0,32.01,0,0,0,1,0,1,1,0,0,1,0,12192.0,2,1,1,1,0,0,1,1,7.0,272.5,0,0,0,0,0,1
214300,63.481,0.492,1,1,1,0,3.065,0.0,0,0,1,0,13.393,0.0,0,32.04,0,0,0,1,0,1,1,0,0,1,0,12192.0,2,1,1,1,0,0,1,1,7.1,271.7,0,0,0,0,0,1
214400,63.529,0.477,1,1,1,0,3.065,0.0,0,0,1,0,13.393,0.0,0,31.94,0,0,0,1,0,1,1,0,0,1,0,12192.0,2,1,1,1,0,0,1,1,8.3,268.8,0,0,0,0,0,1
214500,63.575,0.462,1,1,1,0,3.065,0.0,0,0,1,0,13.393,0.0,0,31.82,0,0,0,1,0,1,1,0,0,1,0,12192.0,2,1,1,1,0,0,1,1,7.9,266.5,0,0,0,0,0,1
214600,63.62,0.447,1,1,1,0,3.065,0.0,0,0,1,0,13.393,0.0,0,31.91,0,0,0,1,0,1,1,0,0,1,0,12192.0,2,1,1,1,0,0,1,1,7.8,272.5,0,0,0,0,0,1
214700,63.663,0.432,1,1,1,0,3.065,0.0,0,0,1,0,13.393,0.0,0,32.28,0,0,0,1,0,1,1,0,0,1,0,12192.0,2,1,1,1,0,0,1,1,6.3,271.8,0,0,0,0,0,1
214800,63.705,0.417,1,1,1,0,3.065,0.0,0,0,1,0,13.393,0.0,0,32.18,0,0,0,1,0,1,1,0,0,1,0,12192.0,2,1,1,1,0,0,1,1,7.3,268.2,0,0,0,0,0,1
214900,63.745,0.402,1,1,1,0,3.065,0.0,0,0,1,0,13.393,0.0,0,31.85,0,0,0,1,0,1,1,0,0,1,0,12192.0,2,1,1,1,0,0,1,1,7.9,268.9,0,0,0,0,0,1
215000,63.784,0.387,1,1,1,0,3.065,0.0,0,0,1,0,13.393,0.0,0,32.06,0,0,0,1,0,1,1,0,0,1,0,12192.0,2,1,1,1,0,0,1,1,7.7,273.3,0,0,0,0,0,1
215100,63.821,0.372,1,1,1,0,3.065,0.0,0,0,1,0,13.393,0.0,0,32.01,0,0,0,1,0,1,1,0,0,1,0,12192.0,2,1,1,1,0,0,1,1,7.8,269.9,0,0,0,0,0,1
215200,63.857,0.357,1,1,1,0,3.065,0.0,0,0,1,0,13.393,0.0,0,31.83,0,0,0,1,0,1,1,0,0,1,0,12192.0,2,1,1,1,0,0,1,1,7.9,265.2,0,0,0,0,0,1
215300,63.891,0.342,1,1,1,0,3.065,0.0,0,0,1,0,13.393,0.0,0,32.11,0,0,0,1,0,1,1,0,0,1,0,12192.0,2,1,1,1,0,0,1,1,7.8,272.3,0,0,0,0,0,1
215400,63.924,0.327,1,1,1,0,3.065,0.0,0,0,1,0,13.393,0.0,0,31.73,0,0,0,1,0,1,1,0,0,1,0,12192.0,2,1,1,1,0,0,1,1,8.0,271.7,0,0,0,0,0,1
215500,63.955,0.312,1,1,1,0,3.065,0.0,0,0,1,0,13.393,0.0,0,31.79,0,0,0,1,0,1,1,0,0,1,0,12192.0,2,1,1,1,0,0,1,1,7.9,273.7,0,0,0,0,0,1
215600,63.985,0.297,1,1,1,0,3.065,0.0,0,0,1,0,13.393,0.0,0,32.19,0,0,0,1,0,1,1,0,0,1,0,12192.0,2,1,1,1,0,0,1,1,8.2,274.1,0,0,0,0,0,1
215700,64.013,0.282,1,1,1,0,3.065,0.0,0,0,1,0,13.393,0.0,0,32.05,0,0,0,1,0,1,1,0,0,1,0,12192.0,2,1,1,1,0,0,1,1,9.0,271.6,0,0,0,0,0,1
215800,64.04,0.267,1,1,1,0,3.065,0.0,0,0,1,0,13.393,0.0,0,32.01,0,0,0,1,0,1,1,0,0,1,0,12192.0,2,1,1,1,0,0,1,1,7.6,273.0,0,0,0,0,0,1
215900,64.065,0.252,1,1,1,0,3.065,0.0,0,0,1,0,13.393,0.0,0,31.92,0,0,0,1,0,1,1,0,0,1,0,12192.0,2,1,1,1,0,0,1,1,8.1,274.0,0,0,0,0,0,1
216000,64.089,0.236,1,1,1,0,3.065,0.0,0,0,1,0,13.393,0.0,0,32.09,0,0,0,1,0,1,1,0,0,1,0,12192.0,2,1,1,1,0,0,1,1,8.3,268.8,0,0,0,0,0,1
216100,64.111,0.221,1,1,1,0,3.065,0.0,0,0,1,0,13.393,0.0,0,32.02,0,0,0,1,0,1,1,0,0,1,0,12192.0,2,1,1,1,0,0,1,1,8.5,271.7,0,0,0,0,0,1
216200,64.131,0.206,1,1,1,0,3.065,0.0,0,0,1,0,13.393,0.0,0,32.19,0,0,0,1,0,1,1,0,0,1,0,12192.0,2,1,1,1,0,0,1,1,8.1,271.7,0,0,0,0,0,1
216300,64.15,0.191,1,1,1,0,3.065,0.0,0,0,1,0,13.393,0.0,0,31.94,0,0,0,1,0,1,1,0,0,1,0,12192.0,2,1,1,1,0,0,1,1,8.4,266.8,0,0,0,0,0,1
216400,64.168,0.175,1,1,1,0,3.065,0.0,0,0,1,0,13.393,0.0,0,31.98,0,0,0,1,0,1,1,0,0,1,0,12192.0,2,1,1,1,0,0,1,1,8.2,271.4,0,0,0,0,0,1
216500,64.184,0.16,1,1,1,0,3.065,0.0,0,0,1,0,13.393,0.0,0,31.95,0,0,0,1,0,1,1,0,0,1,0,12192.0,2,1,1,1,0,0,1,1,7.6,272.1,0,0,0,0,0,1
216600,64.198,0.144,1,1,1,0,3.065,0.0,0,0,1,0,13.393,0.0,0,32.02,0,0,0,1,0,1,1,0,0,1,0,12192.0,2,1,1,1,0,0,1,1,8.4,272.4,0,0,0,0,0,1
216700,64.211,0.129,1,1,1,0,3.065,0.0,0,0,1,0,13.393,0.0,0,32.03,0,0,0,1,0,1,1,0,0,1,0,12192.0,2,1,1,1,0,0,1,1,8.3,271.5,0,0,0,0,0,1
216800,64.223,0.113,1,1,1,0,3.065,0.0,0,0,1,0,13.393,0.0,0,32.1,0,0,0,1,0,1,1,0,0,1,0,12192.0,2,1,1,1,0,0,1,1,8.5,270.3,0,0,0,0,0,1
216900,64.232,0.097,1,1,1,0,3.065,0.0,0,0,1,0,13.393,0.0,0,31.83,0,0,0,1,0,1,1,0,0,1,0,12192.0,2,1,1,1,0,0,1,1,9.3,269.1,0,0,0,0,0,1
217000,64.24,0.081,1,1,1,0,3.065,0.0,0,0,1,0,13.393,0.0,0,31.97,0,0,0,1,0,1,1,0,0,1,0,12192.0,2,1,1,1,0,0,1,1,8.5,271.5,0,0,0,0,0,1
217100,64.247,0.065,1,1,1,0,3.065,0.0,0,0,1,0,13.393,0.0,0,31.88,0,0,0,1,0,1,1,0,0,1,0,12192.0,2,1,1,1,0,0,1,1,8.0,274.1,0,0,0,0,0,1
217200,64.252,0.048,1,1,1,0,3.065,0.0,0,0,1,0,13.393,0.0,0,31.93,0,0,0,1,0,1,1,0,0,1,0,12192.0,2,1,1,1,0,0,1,1,8.4,268.0,0,0,0,0,0,1
217300,64.255,0.03,1,1,1,0,3.065,0.0,0,0,1,0,13.388,-0.05,0,30.21,0,0,1,1,0,1,1,0,0,1,0,12192.0,2,1,1,1,0,0,1,1,8.5,268.8,0,0,0,0,0,1
217400,64.256,0.0,0,0,1,0,3.065,0.0,0,0,1,0,13.378,-0.101,0,30.3,0,0,1,1,0,1,1,0,0,1,0,12192.0,2,1,1,1,0,0,1,1,9.0,270.0,0,0,0,0,0,1
217500,64.256,0.0,0,0,1,0,3.065,0.0,0,0,1,0,13.363,-0.151,0,30.58,0,0,1,1,0,1,1,0,0,1,0,12192.0,2,1,1,1,0,0,1,1,8.4,269.6,0,0,0,0,0,1
217600,64.256,0.0,0,0,1,0,3.065,0.0,0,0,1,0,13.343,-0.201,0,30.53,0,0,1,1,0,1,1,0,0,1,0,12192.0,2,1,1,1,0,0,1,1,8.4,267.4,0,0,0,0,0,1
217700,64.256,0.0,0,0,1,0,3.065,0.0,0,0,1,0,13.318,-0.251,0,30.16,0,0,1,1,0,1,1,0,0,1,0,12192.0,2,1,1,1,0,0,1,1,8.7,272.1,0,0,0,0,0,1
217800,64.256,0.0,0,0,1,0,3.065,0.0,0,0,1,0,13.288,-0.302,0,30.41,0,0,1,1,0,1,1,0,0,1,0,12192.0,2,1,1,1,0,0,1,1,8.8,271.6,0,0,0,0,0,1
217900,64.256,0.0,0,0,1,0,3.065,0.0,0,0,1,0,13.253,-0.352,0,30.38,0,0,1,1,0,1,1,0,0,1,0,12192.0,2,1,1,1,0,0,1,1,8.4,268.6,0,0,0,0,0,1
218000,64.256,0.0,0,0,1,0,3.065,0.0,0,0,1,0,13.212,-0.402,0,30.34,0,0,1,1,0,1,1,0,0,1,0,12192.0,2,1,1,1,0,0,1,1,8.4,270.9,0,0,0,0,0,1
218100,64.256,0.0,0,0,1,0,3.065,0.0,0,0,1,0,13.167,-0.452,0,30.38,0,0,1,1,0,1,1,0,0,1,0,12192.0,2,1,1,1,0,0,1,1,9.7,266.9,0,0,0,0,0,1
218200,64.256,0.0,0,0,1,0,3.065,0.0,0,0,1,0,13.117,-0.503,0,30.38,0,0,1,1,0,1,1,0,0,1,0,12192.0,2,1,1,1,0,0,1,1,9.1,272.0,0,0,0,0,0,1
218300,64.256,0.0,0,0,1,0,3.065,0.0,0,0,1,0,13.062,-0.553,0,30.41,0,0,1,1,0,1,1,0,0,1,0,12192.0,2,1,1,1,0,0,1,1,8.8,268.8,0,0,0,0,0,1
218400,64.256,0.0,0,0,1,0,3.065,0.0,0,0,1,0,13.001,-0.603,0,30.41,0,0,1,1,0,1,1,0,0,1,0,12192.0,2,1,1,1,0,0,1,1,8.3,273.2,0,0,0,0,0,1
218500,64.256,0.0,0,0,1,0,3.065,0.0,0,0,1,0,12.936,-0.654,0,30.26,0,0,1,1,0,1,1,0,0,1,0,12192.0,2,1,1,1,0,0,1,1,8.5,268.7,0,0,0,0,0,1
218600,64.256,0.0,0,0,1,0,3.065,0.0,0,0,1,0,12.866,-0.704,0,30.67,0,0,1,1,0,1,1,0,0,1,0,12192.0,2,1,1,1,0,0,1,1,8.1,268.7,0,0,0,0,0,1
218700,64.256,0.0,0,0,1,0,3.065,0.0,0,0,1,0,12.79,-0.754,0,30.28,0,0,1,1,0,1,1,0,0,1,0,12192.0,2,1,1,1,0,0,1,1,8.8,268.7,0,0,0,0,0,1
218800,64.256,0.0,0,0,1,0,3.065,0.0,0,0,1,0,12.71,-0.804,0,30.49,0,0,1,1,0,1,1,0,0,1,0,12192.0,2,1,1,1,0,0,1,1,9.0,269.8,0,0,0,0,0,1
218900,64.256,0.0,0,0,1,0,3.065,0.0,0,0,1,0,12.624,-0.855,0,30.18,0,0,1,1,0,1,1,0,0,1,0,12192.0,2,1,1,1,0,0,1,1,8.2,266.3,0,0,0,0,0,1
219000,64.256,0.0,0,0,1,0,3.065,0.0,0,0,1,0,12.534,-0.905,0,30.42,0,0,1,1,0,1,1,0,0,1,0,12192.0,2,1,1,1,0,0,1,1,8.2,272.3,0,0,0,0,0,1
219100,64.256,0.0,0,0,1,0,3.065,0.0,0,0,1,0,12.438,-0.955,0,30.43,0,0,1,1,0,1,1,0,0,1,0,12192.0,2,1,1,1,0,0,1,1,8.4,268.3,0,0,0,0,0,1
219200,64.256,0.0,0,0,1,0,3.065,0.0,0,0,1,0,12.338,-1.005,0,30.34,0,0,1,1,0,1,1,0,0,1,0,12192.0,2,1,1,1,0,0,1,1,8.8,273.3,0,0,0,0,0,1
219300,64.256,0.0,0,0,1,0,3.065,0.0,0,0,1,0,12.232,-1.056,0,30.33,0,0,1,1,0,1,1,0,0,1,0,12192.0,2,1,1,1,0,0,1,1,8.6,268.7,0,0,0,0,0,1
219400,64.256,0.0,0,0,1,0,3.065,0.0,0,0,1,0,12.121,-1.106,0,30.34,0,0,1,1,0,1,1,0,0,1,0,12192.0,2,1,1,1,0,0,1,1,7.9,270.5,0,0,0,0,0,1
219500,64.256,0.0,0,0,1,0,3.065,0.0,0,0,1,0,12.006,-1.156,0,30.4,0,0,1,1,0,1,1,0,0,1,0,12192.0,2,1,1,1,0,0,1,1,9.3,269.4,0,0,0,0,0,1
219600,64.256,0.0,0,0,1,0,3.065,0.0,0,0,1,0,11.885,-1.207,0,30.45,0,0,1,1,0,1,1,0,0,1,0,12192.0,2,1,1,1,0,0,1,1,7.9,267.8,0,0,0,0,0,1
219700,64.256,0.0,0,0,1,0,3.065,0.0,0,0,1,0,11.76,-1.257,0,30.27,0,0,1,1,0,1,1,0,0,1,0,12192.0,2,1,1,1,0,0,1,1,8.6,270.7,0,0,0,0,0,1
219800,64.256,0.0,0,0,1,0,3.065,0.0,0,0,1,0,11.629,-1.302,0,30.3,0,0,1,1,0,1,1,0,0,1,0,12192.0,2,1,1,1,0,0,1,1,7.3,268.0,0,0,0,0,0,1
219900,64.256,0.0,0,0,1,0,3.065,0.0,0,0,1,0,11.499,-1.302,0,30.29,0,0,1,1,0,1,1,0,0,1,0,12192.0,2,1,1,1,0,0,1,1,7.5,271.5,0,0,0,0,0,1
220000,64.256,0.0,0,0,1,0,3.065,0.0,0,0,1,0,11.369,-1.302,0,30.42,0,0,1,1,0,1,1,0,0,1,0,12192.0,2,1,1,1,0,0,1,1,8.2,268.9,0,0,0,0,0,1
220100,64.256,0.0,0,0,1,0,3.065,0.0,0,0,1,0,11.239,-1.302,0,30.08,0,0,1,1,0,1,1,0,0,1,0,12192.0,2,1,1,1,0,0,1,1,7.8,266.7,0,0,0,0,0,1
220200,64.256,0.0,0,0,1,0,3.065,0.0,0,0,1,0,11.108,-1.302,0,30.42,0,0,1,1,0,1,1,0,0,1,0,12192.0,2,1,1,1,0,0,1,1,8.0,268.4,0,0,0,0,0,1
220300,64.256,0.0,0,0,1,0,3.065,0.0,0,0,1,0,10.978,-1.302,0,30.2,0,0,1,1,0,1,1,0,0,1,0,12192.0,2,1,1,1,0,0,1,1,7.8,270.6,0,0,0,0,0,1
220400,64.256,0.0,0,0,1,0,3.065,0.0,0,0,1,0,10.848,-1.302,0,30.47,0,0,1,1,0,1,1,0,0,1,0,12192.0,2,1,1,1,0,0,1,1,8.4,268.7,0,0,0,0,0,1
220500,64.256,0.0,0,0,1,0,3.065,0.0,0,0,1,0,10.718,-1.302,0,30.29,0,0,1,1,0,1,1,0,0,1,0,12192.0,2,1,1,1,0,0,1,1,7.2,272.4,0,0,0,0,0,1
220600,64.256,0.0,0,0,1,0,3.065,0.0,0,0,1,0,10.587,-1.302,0,30.35,0,0,1,1,0,1,1,0,0,1,0,12192.0,2,1,1,1,0,0,1,1,7.6,272.0,0,0,0,0,0,1
220700,64.256,0.0,0,0,1,0,3.065,0.0,0,0,1,0,10.457,-1.302,0,30.44,0,0,1,1,0,1,1,0,0,1,0,12192.0,2,1,1,1,0,0,1,1,8.1,273.8,0,0,0,0,0,1
220800,64.256,0.0,0,0,1,0,3.065,0.0,0,0,1,0,10.327,-1.302,0,30.34,0,0,1,1,0,1,1,0,0,1,0,12192.0,2,1,1,1,0,0,1,1,7.8,269.6,0,0,0,0,0,1
220900,64.256,0.0,0,0,1,0,3.065,0.0,0,0,1,0,10.197,-1.302,0,30.39,0,0,1,1,0,1,1,0,0,1,0,12192.0,2,1,1,1,0,0,1,1,7.1,270.1,0,0,0,0,0,1
221000,64.256,0.0,0,0,1,0,3.065,0.0,0,0,1,0,10.067,-1.302,0,30.07,0,0,1,1,0,1,1,0,0,1,0,12192.0,2,1,1,1,0,0,1,1,7.6,269.9,0,0,0,0,0,1
221100,64.256,0.0,0,0,1,0,3.065,0.0,0,0,1,0,9.936,-1.302,0,30.26,0,0,1,1,0,1,1,0,0,1,0,12192.0,2,1,1,1,0,0,1,1,8.1,268.2,0,0,0,0,0,1
221200,64.256,0.0,0,0,1,0,3.065,0.0,0,0,1,0,9.806,-1.302,0,30.18,0,0,1,1,0,1,1,0,0,1,0,12192.0,2,1,1,1,0,0,1,1,7.6,269.2,0,0,0,0,0,1
221300,64.256,0.0,0,0,1,0,3.065,0.0,0,0,1,0,9.676,-1.302,0,30.46,0,0,1,1,0,1,1,0,0,1,0,12192.0,2,1,1,1,0,0,1,1,7.4,268.0,0,0,0,0,0,1
221400,64.256,0.0,0,0,1,0,3.065,0.0,0,0,1,0,9.546,-1.302,0,30.55,0,0,1,1,0,1,1,0,0,1,0,12192.0,2,1,1,1,0,0,1,1,7.2,268.5,0,0,0,0,0,1
221500,64.256,0.0,0,0,1,0,3.065,0.0,0,0,1,0,9.415,-1.302,0,30.54,0,0,1,1,0,1,1,0,0,1,0,12192.0,2,1,1,1,0,0,1,1,7.5,270.5,0,0,0,0,0,1
221600,64.256,0.0,0,0,1,0,3.065,0.0,0,0,1,0,9.285,-1.302,0,30.26,0,0,1,1,0,1,1,0,0,1,0,12192.0,2,1,1,1,0,0,1,1,8.1,271.6,0,0,0,0,0,1
221700,64.256,0.0,0,0,1,0,3.065,0.0,0,0,1,0,9.155,-1.302,0,30.34,0,0,1,1,0,1,1,0,0,1,0,12192.0,2,1,1,1,0,0,1,1,7.0,271.0,0,0,0,0,0,1
221800,64.256,0.0,0,0,1,0,3.065,0.0,0,0,1,0,9.025,-1.302,0,30.47,0,0,1,1,0,1,1,0,0,1,0,12192.0,2,1,1,1,0,0,1,1,7.5,270.9,0,0,0,0,0,1
221900,64.256,0.0,0,0,1,0,3.065,0.0,0,0,1,0,8.894,-1.302,0,30.32,0,0,1,1,0,1,1,0,0,1,0,12192.0,2,1,1,1,0,0,1,1,7.3,269.1,0,0,0,0,0,1
222000,64.256,0.0,0,0,1,0,3.065,0.0,0,0,1,0,8.764,-1.302,0,30.59,0,0,1,1,0,1,1,0,0,1,0,12192.0,2,1,1,1,0,0,1,1,7.3,270.2,0,0,0,0,0,1
222100,64.256,0.0,0,0,1,0,3.065,0.0,0,0,1,0,8.634,-1.302,0,30.14,0,0,1,1,0,1,1,0,0,1,0,12192.0,2,1,1,1,0,0,1,1,7.4,268.3,0,0,0,0,0,1
222200,64.256,0.0,0,0,1,0,3.065,0.0,0,0,1,0,8.504,-1.302,0,30.48,0,0,1,1,0,1,1,0,0,1,0,12192.0,2,1,1,1,0,0,1,1,7.2,272.4,0,0,0,0,0,1
222300,64.256,0.0,0,0,1,0,3.065,0.0,0,0,1,0,8.374,-1.302,0,30.39,0,0,1,1,0,1,1,0,0,1,0,12192.0,2,1,1,1,0,0,1,1,6.9,273.4,0,0,0,0,0,1
222400,64.256,0.0,0,0,1,0,3.065,0.0,0,0,1,0,8.243,-1.302,0,30.31,0,0,1,1,0,1,1,0,0,1,0,12192.0,2,1,1,1,0,0,1,1,7.8,270.3,0,0,0,0,0,1
222500,64.256,0.0,0,0,1,0,3.065,0.0,0,0,1,0,8.113,-1.302,0,30.29,0,0,1,1,0,1,1,0,0,1,0,12192.0,2,1,1,1,0,0,1,1,8.1,270.1,0,0,0,0,0,1
222600,64.256,0.0,0,0,1,0,3.065,0.0,0,0,1,0,7.983,-1.302,0,30.47,0,0,1,1,0,1,1,0,0,1,0,12192.0,2,1,1,1,0,0,1,1,8.3,267.4,0,0,0,0,0,1
222700,64.256,0.0,0,0,1,0,3.065,0.0,0,0,1,0,7.853,-1.302,0,30.36,0,0,1,1,0,1,1,0,0,1,0,12192.0,2,1,1,1,0,0,1,1,7.4,271.6,0,0,0,0,0,1
222800,64.256,0.0,0,0,1,0,3.065,0.0,0,0,1,0,7.722,-1.302,0,30.45,0,0,1,1,0,1,1,0,0,1,0,12192.0,2,1,1,1,0,0,1,1,7.2,270.8,0,0,0,0,0,1
222900,64.256,0.0,0,0,1,0,3.065,0.0,0,0,1,0,7.592,-1.302,0,30.29,0,0,1,1,0,1,1,0,0,1,0,12192.0,2,1,1,1,0,0,1,1,7.9,272.2,0,0,0,0,0,1
223000,64.256,0.0,0,0,1,0,3.065,0.0,0,0,1,0,7.462,-1.302,0,30.45,0,0,1,1,0,1,1,0,0,1,0,12192.0,2,1,1,1,0,0,1,1,7.0,268.6,0,0,0,0,0,1
223100,64.256,0.0,0,0,1,0,3.065,0.0,0,0,1,0,7.332,-1.302,0,30.11,0,0,1,1,0,1,1,0,0,1,0,12192.0,2,1,1,1,0,0,1,1,7.8,273.8,0,0,0,0,0,1
223200,64.256,0.0,0,0,1,0,3.065,0.0,0,0,1,0,7.201,-1.302,0,30.6,0,0,1,1,0,1,1,0,0,1,0,12192.0,2,1,1,1,0,0,1,1,7.1,269.3,0,0,0,0,0,1
223300,64.256,0.0,0,0,1,0,3.065,0.0,0,0,1,0,7.071,-1.302,0,30.43,0,0,1,1,0,1,1,0,0,1,0,12192.0,2,1,1,1,0,0,1,1,7.1,266.7,0,0,0,0,0,1
223400,64.256,0.0,0,0,1,0,3.065,0.0,0,0,1,0,6.941,-1.302,0,30.49,0,0,1,1,0,1,1,0,0,1,0,12192.0,2,1,1,1,0,0,1,1,7.3,269.3,0,0,0,0,0,1
223500,64.256,0.0,0,0,1,0,3.065,0.0,0,0,1,0,6.811,-1.302,0,30.28,0,0,1,1,0,1,1,0,0,1,0,12192.0,2,1,1,1,0,0,1,1,8.8,265.4,0,0,0,0,0,1
223600,64.256,0.0,0,0,1,0,3.065,0.0,0,0,1,0,6.686,-1.252,0,33.64,0,0,1,1,0,1,1,0,0,1,0,12192.0,2,1,1,1,0,0,1,1,8.7,268.8,0,0,0,0,0,1
223700,64.256,0.0,0,0,1,0,3.065,0.0,0,0,1,0,6.565,-1.202,0,33.66,0,0,1,1,0,1,1,0,0,1,0,12192.0,2,1,1,1,0,0,1,1,8.2,268.3,0,0,0,0,0,1
223800,64.256,0.0,0,0,1,0,3.065,0.0,0,0,1,0,6.45,-1.151,0,33.51,0,0,1,1,0,1,1,0,0,1,0,12192.0,2,1,1,1,0,0,1,1,7.2,272.2,0,0,0,0,0,1
223900,64.256,0.0,0,0,1,0,3.065,0.0,0,0,1,0,6.34,-1.101,0,33.59,0,0,1,1,0,1,1,0,0,1,0,12192.0,2,1,1,1,0,0,1,1,7.4,267.8,0,0,0,0,0,1
224000,64.256,0.0,0,0,1,0,3.065,0.0,0,0,1,0,6.235,-1.051,0,33.57,0,0,1,1,0,1,1,0,0,1,0,12192.0,2,1,1,1,0,0,1,1,8.6,272.8,0,0,0,0,0,1
224100,64.256,0.0,0,0,1,0,3.065,0.0,0,0,1,0,6.135,-0.999,0,33.51,0,0,1,1,0,1,1,0,0,1,0,12192.0,2,1,1,1,0,0,1,1,7.8,266.8,0,0,0,0,0,1
224200,64.256,0.0,0,0,1,0,3.065,0.0,0,0,1,0,6.04,-0.948,0,33.81,0,0,1,1,0,1,1,0,0,1,0,12192.0,2,1,1,1,0,0,1,1,8.2,271.3,0,0,0,0,0,1
224300,64.256,0.0,0,0,1,0,3.065,0.0,0,0,1,0,5.951,-0.896,0,33.69,0,0,1,1,0,1,1,0,0,1,0,12192.0,2,1,1,1,0,0,1,1,7.7,267.3,0,0,0,0,0,1
224400,64.256,0.0,0,0,1,0,3.065,0.0,0,0,1,0,5.866,-0.844,0,33.49,0,0,1,1,0,1,1,0,0,1,0,12192.0,2,1,1,1,0,0,1,1,8.4,266.0,0,0,0,0,0,1
224500,64.256,0.0,0,0,1,0,3.065,0.0,0,0,1,0,5.787,-0.793,0,33.62,0,0,1,1,0,1,1,0,0,1,0,12192.0,2,1,1,1,0,0,1,1,8.0,268.3,0,0,0,0,0,1
224600,64.256,0.0,0,0,1,0,3.065,0.0,0,0,1,0,5.713,-0.741,0,33.46,0,0,1,1,0,1,1,0,0,1,0,12192.0,2,1,1,1,0,0,1,1,7.3,269.4,0,0,0,0,0,1
224700,64.256,0.0,0,0,1,0,3.065,0.0,0,0,1,0,5.644,-0.688,0,33.67,0,0,1,1,0,1,1,0,0,1,0,12192.0,2,1,1,1,0,0,1,1,8.0,266.9,0,0,0,0,0,1
224800,64.256,0.0,0,0,1,0,3.065,0.0,0,0,1,0,5.581,-0.636,0,33.82,0,0,1,1,0,1,1,0,0,1,0,12192.0,2,1,1,1,0,0,1,1,8.2,267.7,0,0,0,0,0,1
224900,64.256,0.0,0,0,1,0,3.065,0.0,0,0,1,0,5.522,-0.584,0,33.68,0,0,1,1,0,1,1,0,0,1,0,12192.0,2,1,1,1,0,0,1,1,7.9,271.6,0,0,0,0,0,1
225000,64.256,0.0,0,0,1,0,3.065,0.0,0,0,1,0,5.469,-0.531,0,33.52,0,0,1,1,0,1,1,0,0,1,0,12192.0,2,1,1,1,0,0,1,1,8.1,271.6,0,0,0,0,0,1
225100,64.256,0.0,0,0,1,0,3.065,0.0,0,0,1,0,5.421,-0.478,0,33.58,0,0,1,1,0,1,1,0,0,1,0,12192.0,2,1,1,1,0,0,1,1,8.6,269.9,0,0,0,0,0,1
225200,64.256,0.0,0,0,1,0,3.065,0.0,0,0,1,0,5.379,-0.425,0,33.64,0,0,1,1,0,1,1,0,0,1,0,12192.0,2,1,1,1,0,0,1,1,9.0,274.1,0,0,0,0,0,1
225300,64.256,0.0,0,0,1,0,3.065,0.0,0,0,1,0,5.342,-0.371,0,33.52,0,0,1,1,0,1,1,0,0,1,0,12192.0,2,1,1,1,0,0,1,1,8.5,268.2,0,0,0,0,0,1
225400,64.256,0.0,0,0,1,0,3.065,0.0,0,0,1,0,5.31,-0.317,0,33.57,0,0,1,1,0,1,1,0,0,1,0,12192.0,2,1,1,1,0,0,1,1,9.1,269.8,0,0,0,0,0,1
225500,64.256,0.0,0,0,1,0,3.065,0.0,0,0,1,0,5.284,-0.262,0,33.55,0,0,1,1,0,1,1,0,0,1,0,12192.0,2,1,1,1,0,0,1,1,9.2,270.6,0,0,0,0,0,1
225600,64.256,0.0,0,0,1,0,3.065,0.0,0,0,1,0,5.263,-0.206,0,33.65,0,0,1,1,0,1,1,0,0,1,0,12192.0,2,1,1,1,0,0,1,1,8.6,272.2,0,0,0,0,0,1
225700,64.256,0.0,0,0,1,0,3.065,0.0,0,0,1,0,5.248,-0.147,0,33.68,0,0,1,1,0,1,1,0,0,1,0,12192.0,2,1,1,1,0,0,1,1,7.3,272.3,0,0,0,0,0,1
225800,64.256,0.0,0,0,1,0,3.065,0.0,0,0,1,0,5.24,-0.083,0,33.7,0,0,1,1,0,1,1,0,0,1,0,12192.0,2,1,1,1,0,0,1,1,8.8,270.2,0,0,0,0,0,1
225900,64.256,0.0,0,0,0,0,3.065,0.0,0,0,0,0,5.237,0.0,0,32.05,0,0,0,0,0,1,1,0,0,1,0,12192.0,2,1,1,0,1,0,1,1,8.4,270.7,0,0,0,0,0,1
226000,64.256,0.0,0,0,0,0,3.065,0.0,0,0,0,0,5.237,0.0,0,31.8,0,0,0,0,0,1,1,0,1,1,0,12192.0,2,1,1,0,1,0,1,1,8.1,272.2,0,0,0,0,0,1
226100,64.256,0.0,0,0,0,0,3.065,0.0,0,0,0,0,5.237,0.0,0,31.97,0,0,0,0,0,1,1,0,1,1,0,12192.0,2,1,1,0,1,0,1,1,8.3,271.5,0,0,0,0,0,1
226200,64.256,0.0,0,0,0,0,3.065,0.0,0,0,0,0,5.237,0.0,0,31.91,0,0,0,0,0,1,1,0,1,1,0,12192.0,2,1,1,0,1,0,1,1,8.1,270.7,0,0,0,0,0,1
226300,64.256,0.0,0,0,0,0,3.065,0.0,0,0,0,0,5.237,0.0,0,31.84,0,0,0,0,0,1,1,0,1,1,0,12192.0,2,1,1,0,1,0,1,1,7.7,268.6,0,0,0,0,0,1
226400,64.256,0.0,0,0,0,0,3.065,0.0,0,0,0,0,5.237,0.0,0,31.95,0,0,0,0,0,1,1,0,1,1,0,12192.0,2,1,1,0,1,0,1,1,8.7,267.9,0,0,0,0,0,1
226500,64.256,0.0,0,0,0,0,3.065,0.0,0,0,0,0,5.237,0.0,0,31.86,0,0,0,0,0,1,1,0,1,1,0,12192.0,2,1,1,0,1,0,1,1,8.3,267.8,0,0,0,0,0,1
226600,64.256,0.0,0,0,0,0,3.065,0.0,0,0,0,0,5.237,0.0,0,31.99,0,0,0,0,0,1,1,0,1,1,0,12192.0,2,1,1,0,1,0,1,1,8.5,267.7,0,0,0,0,0,1
226700,64.256,0.0,0,0,0,0,3.065,0.0,0,0,0,0,5.237,0.0,0,31.95,0,0,0,0,0,1,1,0,1,1,0,12192.0,2,1,1,0,1,0,1,1,8.4,269.6,0,0,0,0,0,1
226800,64.256,0.0,0,0,0,0,3.065,0.0,0,0,0,0,5.237,0.0,0,31.95,0,0,0,0,0,1,1,0,1,1,0,12192.0,2,1,1,0,1,0,1,1,7.9,271.8,0,0,0,0,0,1
226900,64.256,0.0,0,0,0,0,3.065,0.0,0,0,0,0,5.237,0.0,0,31.96,0,0,0,0,0,1,1,0,1,1,0,12192.0,2,1,1,0,1,0,1,1,8.4,269.4,0,0,0,0,0,1
227000,64.256,0.0,0,0,0,0,3.065,0.0,0,0,0,0,5.237,0.0,0,32.05,0,0,0,0,0,1,1,0,1,1,0,12192.0,2,1,1,0,1,0,1,1,7.7,269.9,0,0,0,0,0,1
227100,64.256,0.0,0,0,0,0,3.065,0.0,0,0,0,0,5.237,0.0,0,31.74,0,0,0,0,0,1,1,0,1,1,0,12192.0,2,1,1,0,1,0,1,1,8.2,268.6,0,0,0,0,0,1
227200,64.256,0.0,0,0,0,0,3.065,0.0,0,0,0,0,5.237,0.0,0,0.0,0,0,0,0,0,1,0,1,1,1,0,12192.0,2,1,1,0,1,0,1,1,8.6,272.5,0,0,0,0,0,1
227300,64.256,0.0,0,0,0,0,3.065,0.0,0,0,0,0,5.237,0.0,0,0.0,0,0,0,0,0,1,0,1,1,1,0,12192.0,2,1,1,0,1,0,1,1,8.9,273.1,0,0,0,0,0,1
227400,64.256,0.0,0,0,0,0,3.065,0.0,0,0,0,0,5.237,0.0,0,0.0,0,0,0,0,0,1,0,1,1,1,0,12192.0,2,1,1,0,1,0,1,1,8.5,269.9,0,0,0,0,0,1
227500,64.256,0.0,0,0,0,0,3.065,0.0,0,0,0,0,5.237,0.0,0,0.0,0,0,0,0,0,1,0,1,1,1,0,12192.0,2,1,1,0,1,0,1,1,8.3,269.2,0,0,0,0,0,1
227600,64.256,0.0,0,0,0,0,3.065,0.0,0,0,0,0,5.237,0.0,0,0.0,0,0,0,0,0,1,0,1,1,1,0,12192.0,2,1,1,0,1,0,1,1,8.1,271.7,0,0,0,0,0,1
227700,64.256,0.0,0,0,0,0,3.065,0.0,0,0,0,0,5.237,0.0,0,0.0,0,0,0,0,0,1,0,1,1,1,0,12192.0,2,1,1,0,1,0,1,1,9.4,268.8,0,0,0,0,0,1
227800,64.256,0.0,0,0,0,0,3.065,0.0,0,0,0,0,5.237,0.0,0,0.0,0,0,0,0,0,1,0,1,1,1,0,12192.0,2,1,1,0,1,0,1,1,8.4,271.0,0,0,0,0,0,1
227900,64.256,0.0,0,0,0,0,3.065,0.0,0,0,0,0,5.237,0.0,0,0.0,0,0,0,0,0,1,0,1,1,1,0,12192.0,2,1,1,0,1,0,1,1,8.1,270.4,0,0,0,0,0,1
228000,64.256,0.0,0,0,0,0,3.065,0.0,0,0,0,0,5.237,0.0,0,0.0,0,0,0,0,0,1,0,1,1,1,0,12192.0,2,1,1,0,1,0,1,1,8.5,271.6,0,0,0,0,0,1
228100,64.256,0.0,0,0,0,0,3.065,0.0,0,0,0,0,5.237,0.0,0,0.0,0,0,0,0,0,1,0,1,1,1,0,12192.0,2,1,1,0,1,0,1,1,8.7,271.3,0,0,0,0,0,1
228200,64.256,0.0,0,0,0,0,3.065,0.0,0,0,0,0,5.237,0.0,0,0.0,0,0,0,0,0,1,0,1,1,1,0,12192.0,2,1,1,0,1,0,1,1,7.1,271.2,0,0,0,0,0,1
228300,64.256,0.0,0,0,0,0,3.065,0.0,0,0,0,0,5.237,0.0,0,0.0,0,0,0,0,0,1,0,1,1,1,0,12192.0,2,1,1,0,1,0,1,1,8.7,265.7,0,0,0,0,0,1
228400,64.256,0.0,0,0,0,0,3.065,0.0,0,0,0,0,5.237,0.0,0,0.0,0,0,0,0,0,1,0,1,1,1,0,12192.0,2,1,1,0,1,0,1,1,8.7,272.2,0,0,0,0,0,1
228500,64.256,0.0,0,0,1,0,3.065,0.0,0,0,1,0,5.242,0.05,1,0.0,0,0,1,1,0,1,0,1,0,0,0,12192.0,2,1,1,1,0,0,1,1,7.9,270.4,0,0,0,0,0,1
228600,64.256,0.0,0,0,1,0,3.065,0.0,0,0,1,0,5.252,0.101,1,0.0,0,0,1,1,0,1,0,1,0,0,0,12192.0,2,1,1,1,0,0,1,1,8.7,268.9,0,0,0,0,0,1
228700,64.256,0.0,0,0,1,0,3.065,0.0,0,0,1,0,5.267,0.151,1,0.0,0,0,1,1,0,1,0,1,0,0,0,12192.0,2,1,1,1,0,0,1,1,7.1,273.9,0,0,0,0,0,1
228800,64.256,0.0,0,0,1,0,3.065,0.0,0,0,1,0,5.287,0.201,1,0.0,0,0,1,1,0,1,0,1,0,0,0,12192.0,2,1,1,1,0,0,1,1,7.2,269.4,0,0,0,0,0,1
228900,64.256,0.0,0,0,1,0,3.065,0.0,0,0,1,0,5.312,0.251,1,0.0,0,0,1,1,0,1,0,1,0,0,0,12192.0,2,1,1,1,0,0,1,1,8.4,271.8,0,0,0,0,0,1
229000,64.256,0.0,0,0,1,0,3.065,0.0,0,0,1,0,5.343,0.302,1,0.0,0,0,1,1,0,1,0,1,0,0,0,12192.0,2,1,1,1,0,0,1,1,7.9,268.6,0,0,0,0,0,1
229100,64.256,0.0,0,0,1,0,3.065,0.0,0,0,1,0,5.378,0.352,1,0.0,0,0,1,1,0,1,0,1,0,0,0,12192.0,2,1,1,1,0,0,1,1,7.9,270.5,0,0,0,0,0,1
229200,64.256,0.0,0,0,1,0,3.065,0.0,0,0,1,0,5.418,0.402,1,0.0,0,0,1,1,0,1,0,1,0,0,0,12192.0,2,1,1,1,0,0,1,1,6.7,267.7,0,0,0,0,0,1
229300,64.256,0.0,0,0,1,0,3.065,0.0,0,0,1,0,5.463,0.452,1,0.0,0,0,1,1,0,1,0,1,0,0,0,12192.0,2,1,1,1,0,0,1,1,7.4,270.8,0,0,0,0,0,1
229400,64.256,0.0,0,0,1,0,3.065,0.0,0,0,1,0,5.513,0.503,1,0.0,0,0,1,1,0,1,0,1,0,0,0,12192.0,2,1,1,1,0,0,1,1,6.9,272.2,0,0,0,0,0,1
229500,64.256,0.0,0,0,1,0,3.065,0.0,0,0,1,0,5.569,0.553,1,0.0,0,0,1,1,0,1,0,1,0,0,0,12192.0,2,1,1,1,0,0,1,1,8.4,270.3,0,0,0,0,0,1
229600,64.256,0.0,0,0,1,0,3.065,0.0,0,0,1,0,5.629,0.603,1,0.0,0,0,1,1,0,1,0,1,0,0,0,12192.0,2,1,1,1,0,0,1,1,7.7,271.2,0,0,0,0,0,1
229700,64.256,0.0,0,0,1,0,3.065,0.0,0,0,1,0,5.694,0.654,1,0.0,0,0,1,1,0,1,0,1,0,0,0,12192.0,2,1,1,1,0,0,1,1,7.8,274.7,0,0,0,0,0,1
229800,64.256,0.0,0,0,1,0,3.065,0.0,0,0,1,0,5.765,0.704,1,0.0,0,0,1,1,0,1,0,1,0,0,0,12192.0,2,1,1,1,0,0,1,1,7.8,272.0,0,0,0,0,0,1
229900,64.256,0.0,0,0,1,0,3.065,0.0,0,0,1,0,5.84,0.754,1,0.0,0,0,1,1,0,1,0,1,0,0,0,12192.0,2,1,1,1,0,0,1,1,7.7,273.8,0,0,0,0,0,1
230000,64.256,0.0,0,0,1,0,3.065,0.0,0,0,1,0,5.921,0.804,1,0.0,0,0,1,1,0,1,0,1,0,0,0,12192.0,2,1,1,1,0,0,1,1,8.2,272.3,0,0,0,0,0,1
230100,64.256,0.0,0,0,1,0,3.065,0.0,0,0,1,0,6.006,0.855,1,0.0,0,0,1,1,0,1,0,1,0,0,0,12192.0,2,1,1,1,0,0,1,1,6.6,269.6,0,0,0,0,0,1
230200,64.256,0.0,0,0,1,0,3.065,0.0,0,0,1,0,6.097,0.905,1,0.0,0,0,1,1,0,1,0,1,0,0,0,12192.0,2,1,1,1,0,0,1,1,7.0,268.8,0,0,0,0,0,1
230300,64.256,0.0,0,0,1,0,3.065,0.0,0,0,1,0,6.192,0.955,1,0.0,0,0,1,1,0,1,0,1,0,0,0,12192.0,2,1,1,1,0,0,1,1,6.8,270.0,0,0,0,0,0,1
230400,64.256,0.0,0,0,1,0,3.065,0.0,0,0,1,0,6.293,1.005,1,0.0,0,0,1,1,0,1,0,1,0,0,0,12192.0,2,1,1,1,0,0,1,1,7.3,270.4,0,0,0,0,0,1
230500,64.256,0.0,0,0,1,0,3.065,0.0,0,0,1,0,6.398,1.056,1,0.0,0,0,1,1,0,1,0,1,0,0,0,12192.0,2,1,1,1,0,0,1,1,8.0,266.5,0,0,0,0,0,1
230600,64.256,0.0,0,0,1,0,3.065,0.0,0,0,1,0,6.509,1.106,1,0.0,0,0,1,1,0,1,0,1,0,0,0,12192.0,2,1,1,1,0,0,1,1,8.2,270.9,0,0,0,0,0,1
230700,64.256,0.0,0,0,1,0,3.065,0.0,0,0,1,0,6.624,1.156,1,0.0,0,0,1,1,0,1,0,1,0,0,0,12192.0,2,1,1,1,0,0,1,1,7.0,268.7,0,0,0,0,0,1
230800,64.256,0.0,0,0,1,0,3.065,0.0,0,0,1,0,6.745,1.207,1,0.0,0,0,1,1,0,1,0,1,0,0,0,12192.0,2,1,1,1,0,0,1,1,7.8,267.9,0,0,0,0,0,1
230900,64.256,0.0,0,0,1,0,3.065,0.0,0,0,1,0,6.871,1.257,1,0.0,0,0,1,1,0,1,0,1,0,0,0,12192.0,2,1,1,1,0,0,1,1,6.7,271.0,0,0,0,0,0,1
231000,64.256,0.0,0,0,1,0,3.065,0.0,0,0,1,0,7.001,1.302,1,0.0,0,0,1,1,0,1,0,1,0,0,0,12192.0,2,1,1,1,0,0,1,1,7.7,270.5,0,0,0,0,0,1
231100,64.256,0.0,0,0,1,0,3.065,0.0,0,0,1,0,7.131,1.302,1,0.0,0,0,1,1,0,1,0,1,0,0,0,12192.0,2,1,1,1,0,0,1,1,7.0,273.0,0,0,0,0,0,1
231200,64.256,0.0,0,0,1,0,3.065,0.0,0,0,1,0,7.262,1.302,1,0.0,0,0,1,1,0,1,0,1,0,0,0,12192.0,2,1,1,1,0,0,1,1,6.8,267.5,0,0,0,0,0,1
231300,64.256,0.0,0,0,1,0,3.065,0.0,0,0,1,0,7.392,1.302,1,0.0,0,0,1,1,0,1,0,1,0,0,0,12192.0,2,1,1,1,0,0,1,1,6.4,268.7,0,0,0,0,0,1
231400,64.256,0.0,0,0,1,0,3.065,0.0,0,0,1,0,7.522,1.302,1,0.0,0,0,1,1,0,1,0,1,0,0,0,12192.0,2,1,1,1,0,0,1,1,6.8,272.1,0,0,0,0,0,1
231500,64.256,0.0,0,0,1,0,3.065,0.0,0,0,1,0,7.652,1.302,1,0.0,0,0,1,1,0,1,0,1,0,0,0,12192.0,2,1,1,1,0,0,1,1,7.3,270.9,0,0,0,0,0,1
231600,64.256,0.0,0,0,1,0,3.065,0.0,0,0,1,0,7.782,1.302,1,0.0,0,0,1,1,0,1,0,1,0,0,0,12192.0,2,1,1,1,0,0,1,1,7.3,271.5,0,0,0,0,0,1
231700,64.256,0.0,0,0,1,0,3.065,0.0,0,0,1,0,7.913,1.302,1,0.0,0,0,1,1,0,1,0,1,0,0,0,12192.0,2,1,1,1,0,0,1,1,7.0,269.3,0,0,0,0,0,1
231800,64.256,0.0,0,0,1,0,3.065,0.0,0,0,1,0,8.043,1.302,1,0.0,0,0,1,1,0,1,0,1,0,0,0,12192.0,2,1,1,1,0,0,1,1,7.9,267.4,0,0,0,0,0,1
231900,64.256,0.0,0,0,1,0,3.065,0.0,0,0,1,0,8.173,1.302,1,0.0,0,0,1,1,0,1,0,1,0,0,0,12192.0,2,1,1,1,0,0,1,1,7.5,271.2,0,0,0,0,0,1
232000,64.256,0.0,0,0,1,0,3.065,0.0,0,0,1,0,8.303,1.302,1,0.0,0,0,1,1,0,1,0,1,0,0,0,12192.0,2,1,1,1,0,0,1,1,8.7,271.2,0,0,0,0,0,1
232100,64.256,0.0,0,0,1,0,3.065,0.0,0,0,1,0,8.434,1.302,1,0.0,0,0,1,1,0,1,0,1,0,0,0,12192.0,2,1,1,1,0,0,1,1,6.7,272.3,0,0,0,0,0,1
232200,64.256,0.0,0,0,1,0,3.065,0.0,0,0,1,0,8.564,1.302,1,0.0,0,0,1,1,0,1,0,1,0,0,0,12192.0,2,1,1,1,0,0,1,1,7.6,271.3,0,0,0,0,0,1
232300,64.256,0.0,0,0,1,0,3.065,0.0,0,0,1,0,8.694,1.302,1,0.0,0,0,1,1,0,1,0,1,0,0,0,12192.0,2,1,1,1,0,0,1,1,6.9,270.6,0,0,0,0,0,1
232400,64.256,0.0,0,0,1,0,3.065,0.0,0,0,1,0,8.824,1.302,1,0.0,0,0,1,1,0,1,0,1,0,0,0,12192.0,2,1,1,1,0,0,1,1,6.8,267.9,0,0,0,0,0,1
232500,64.256,0.0,0,0,1,0,3.065,0.0,0,0,1,0,8.954,1.302,1,0.0,0,0,1,1,0,1,0,1,0,0,0,12192.0,2,1,1,1,0,0,1,1,7.6,271.6,0,0,0,0,0,1
232600,64.256,0.0,0,0,1,0,3.065,0.0,0,0,1,0,9.085,1.302,1,0.0,0,0,1,1,0,1,0,1,0,0,0,12192.0,2,1,1,1,0,0,1,1,8.7,270.2,0,0,0,0,0,1
232700,64.256,0.0,0,0,1,0,3.065,0.0,0,0,1,0,9.215,1.302,1,0.0,0,0,1,1,0,1,0,1,0,0,0,12192.0,2,1,1,1,0,0,1,1,8.2,270.8,0,0,0,0,0,1
232800,64.256,0.0,0,0,1,0,3.065,0.0,0,0,1,0,9.345,1.302,1,0.0,0,0,1,1,0,1,0,1,0,0,0,12192.0,2,1,1,1,0,0,1,1,7.7,270.5,0,0,0,0,0,1
232900,64.256,0.0,0,0,1,0,3.065,0.0,0,0,1,0,9.475,1.302,1,0.0,0,0,1,1,0,1,0,1,0,0,0,12192.0,2,1,1,1,0,0,1,1,6.6,276.5,0,0,0,0,0,1
233000,64.256,0.0,0,0,1,0,3.065,0.0,0,0,1,0,9.606,1.302,1,0.0,0,0,1,1,0,1,0,1,0,0,0,12192.0,2,1,1,1,0,0,1,1,8.3,270.7,0,0,0,0,0,1
233100,64.256,0.0,0,0,1,0,3.065,0.0,0,0,1,0,9.736,1.302,1,0.0,0,0,1,1,0,1,0,1,0,0,0,12192.0,2,1,1,1,0,0,1,1,8.2,270.2,0,0,0,0,0,1
233200,64.256,0.0,0,0,1,0,3.065,0.0,0,0,1,0,9.866,1.302,1,0.0,0,0,1,1,0,1,0,1,0,0,0,12192.0,2,1,1,1,0,0,1,1,7.7,268.4,0,0,0,0,0,1
233300,64.256,0.0,0,0,1,0,3.065,0.0,0,0,1,0,9.996,1.302,1,0.0,0,0,1,1,0,1,0,1,0,0,0,12192.0,2,1,1,1,0,0,1,1,8.9,270.9,0,0,0,0,0,1
233400,64.256,0.0,0,0,1,0,3.065,0.0,0,0,1,0,10.127,1.302,1,0.0,0,0,1,1,0,1,0,1,0,0,0,12192.0,2,1,1,1,0,0,1,1,8.7,269.0,0,0,0,0,0,1
233500,64.256,0.0,0,0,1,0,3.065,0.0,0,0,1,0,10.257,1.302,1,0.0,0,0,1,1,0,1,0,1,0,0,0,12192.0,2,1,1,1,0,0,1,1,8.1,268.8,0,0,0,0,0,1
233600,64.256,0.0,0,0,1,0,3.065,0.0,0,0,1,0,10.387,1.302,1,0.0,0,0,1,1,0,1,0,1,0,0,0,12192.0,2,1,1,1,0,0,1,1,8.7,275.3,0,0,0,0,0,1
233700,64.256,0.0,0,0,1,0,3.065,0.0,0,0,1,0,10.517,1.302,1,0.0,0,0,1,1,0,1,0,1,0,0,0,12192.0,2,1,1,1,0,0,1,1,7.8,267.7,0,0,0,0,0,1
233800,64.256,0.0,0,0,1,0,3.065,0.0,0,0,1,0,10.647,1.302,1,0.0,0,0,1,1,0,1,0,1,0,0,0,12192.0,2,1,1,1,0,0,1,1,8.5,269.2,0,0,0,0,0,1
233900,64.256,0.0,0,0,1,0,3.065,0.0,0,0,1,0,10.778,1.302,1,0.0,0,0,1,1,0,1,0,1,0,0,0,12192.0,2,1,1,1,0,0,1,1,8.2,268.8,0,0,0,0,0,1
234000,64.256,0.0,0,0,1,0,3.065,0.0,0,0,1,0,10.908,1.302,1,0.0,0,0,1,1,0,1,0,1,0,0,0,12192.0,2,1,1,1,0,0,1,1,8.5,269.1,0,0,0,0,0,1
234100,64.256,0.0,0,0,1,0,3.065,0.0,0,0,1,0,11.038,1.302,1,0.0,0,0,1,1,0,1,0,1,0,0,0,12192.0,2,1,1,1,0,0,1,1,8.4,267.4,0,0,0,0,0,1
234200,64.256,0.0,0,0,1,0,3.065,0.0,0,0,1,0,11.168,1.302,1,0.0,0,0,1,1,0,1,0,1,0,0,0,12192.0,2,1,1,1,0,0,1,1,8.3,265.9,0,0,0,0,0,1
234300,64.256,0.0,0,0,1,0,3.065,0.0,0,0,1,0,11.299,1.302,1,0.0,0,0,1,1,0,1,0,1,0,0,0,12192.0,2,1,1,1,0,0,1,1,8.0,272.0,0,0,0,0,0,1
234400,64.256,0.0,0,0,1,0,3.065,0.0,0,0,1,0,11.429,1.302,1,0.0,0,0,1,1,0,1,0,1,0,0,0,12192.0,2,1,1,1,0,0,1,1,8.6,269.0,0,0,0,0,0,1
234500,64.256,0.0,0,0,1,0,3.065,0.0,0,0,1,0,11.559,1.302,1,0.0,0,0,1,1,0,1,0,1,0,0,0,12192.0,2,1,1,1,0,0,1,1,8.0,268.6,0,0,0,0,0,1
234600,64.256,0.0,0,0,1,0,3.065,0.0,0,0,1,0,11.689,1.302,1,0.0,0,0,1,1,0,1,0,1,0,0,0,12192.0,2,1,1,1,0,0,1,1,8.9,268.0,0,0,0,0,0,1
234700,64.256,0.0,0,0,1,0,3.065,0.0,0,0,1,0,11.82,1.302,1,0.0,0,0,1,1,0,1,0,1,0,0,0,12192.0,2,1,1,1,0,0,1,1,7.7,276.0,0,0,0,0,0,1
234800,64.256,0.0,0,0,1,0,3.065,0.0,0,0,1,0,11.945,1.252,1,0.0,0,0,1,1,0,1,0,1,0,0,0,12192.0,2,1,1,1,0,0,1,1,8.3,275.4,0,0,0,0,0,1
234900,64.256,0.0,0,0,1,0,3.065,0.0,0,0,1,0,12.065,1.202,1,0.0,0,0,1,1,0,1,0,1,0,0,0,12192.0,2,1,1,1,0,0,1,1,8.8,270.8,0,0,0,0,0,1
235000,64.256,0.0,0,0,1,0,3.065,0.0,0,0,1,0,12.18,1.151,1,0.0,0,0,1,1,0,1,0,1,0,0,0,12192.0,2,1,1,1,0,0,1,1,8.4,270.9,0,0,0,0,0,1
235100,64.256,0.0,0,0,1,0,3.065,0.0,0,0,1,0,12.29,1.101,1,0.0,0,0,1,1,0,1,0,1,0,0,0,12192.0,2,1,1,1,0,0,1,1,7.9,266.8,0,0,0,0,0,1
235200,64.256,0.0,0,0,1,0,3.065,0.0,0,0,1,0,12.395,1.051,1,0.0,0,0,1,1,0,1,0,1,0,0,0,12192.0,2,1,1,1,0,0,1,1,8.6,270.3,0,0,0,0,0,1
235300,64.256,0.0,0,0,1,0,3.065,0.0,0,0,1,0,12.495,1.001,1,0.0,0,0,1,1,0,1,0,1,0,0,0,12192.0,2,1,1,1,0,0,1,1,8.1,267.3,0,0,0,0,0,1
235400,64.256,0.0,0,0,1,0,3.065,0.0,0,0,1,0,12.59,0.95,1,0.0,0,0,1,1,0,1,0,1,0,0,0,12192.0,2,1,1,1,0,0,1,1,9.1,267.9,0,0,0,0,0,1
235500,64.256,0.0,0,0,1,0,3.065,0.0,0,0,1,0,12.68,0.9,1,0.0,0,0,1,1,0,1,0,1,0,0,0,12192.0,2,1,1,1,0,0,1,1,8.6,271.2,0,0,0,0,0,1
235600,64.256,0.0,0,0,1,0,3.065,0.0,0,0,1,0,12.765,0.85,1,0.0,0,0,1,1,0,1,0,1,0,0,0,12192.0,2,1,1,1,0,0,1,1,9.0,273.1,0,0,0,0,0,1
235700,64.256,0.0,0,0,1,0,3.065,0.0,0,0,1,0,12.845,0.8,1,0.0,0,0,1,1,0,1,0,1,0,0,0,12192.0,2,1,1,1,0,0,1,1,8.6,267.0,0,0,0,0,0,1
235800,64.256,0.0,0,0,1,0,3.065,0.0,0,0,1,0,12.92,0.749,1,0.0,0,0,1,1,0,1,0,1,0,0,0,12192.0,2,1,1,1,0,0,1,1,9.0,270.6,0,0,0,0,0,1
235900,64.256,0.0,0,0,1,0,3.065,0.0,0,0,1,0,12.99,0.699,1,0.0,0,0,1,1,0,1,0,1,0,0,0,12192.0,2,1,1,1,0,0,1,1,8.6,268.2,0,0,0,0,0,1
236000,64.256,0.0,0,0,1,0,3.065,0.0,0,0,1,0,13.055,0.649,1,0.0,0,0,1,1,0,1,0,1,0,0,0,12192.0,2,1,1,1,0,0,1,1,8.5,273.1,0,0,0,0,0,1
236100,64.256,0.0,0,0,1,0,3.065,0.0,0,0,1,0,13.115,0.598,1,0.0,0,0,1,1,0,1,0,1,0,0,0,12192.0,2,1,1,1,0,0,1,1,9.0,271.3,0,0,0,0,0,1
236200,64.256,0.0,0,0,1,0,3.065,0.0,0,0,1,0,13.17,0.548,1,0.0,0,0,1,1,0,1,0,1,0,0,0,12192.0,2,1,1,1,0,0,1,1,8.2,272.3,0,0,0,0,0,1
236300,64.256,0.0,0,0,1,0,3.065,0.0,0,0,1,0,13.219,0.498,1,0.0,0,0,1,1,0,1,0,1,0,0,0,12192.0,2,1,1,1,0,0,1,1,8.4,267.6,0,0,0,0,0,1
236400,64.256,0.0,0,0,1,0,3.065,0.0,0,0,1,0,13.264,0.448,1,0.0,0,0,1,1,0,1,0,1,0,0,0,12192.0,2,1,1,1,0,0,1,1,8.3,268.2,0,0,0,0,0,1
236500,64.256,0.0,0,0,1,0,3.065,0.0,0,0,1,0,13.304,0.397,1,0.0,0,0,1,1,0,1,0,1,0,0,0,12192.0,2,1,1,1,0,0,1,1,8.2,267.6,0,0,0,0,0,1
236600,64.256,0.0,0,0,1,0,3.065,0.0,0,0,1,0,13.339,0.347,1,0.0,0,0,1,1,0,1,0,1,0,0,0,12192.0,2,1,1,1,0,0,1,1,8.4,269.8,0,0,0,0,0,1
236700,64.256,0.0,0,0,1,0,3.065,0.0,0,0,1,0,13.368,0.297,1,0.0,0,0,1,1,0,1,0,1,0,0,0,12192.0,2,1,1,1,0,0,1,1,8.6,268.4,0,0,0,0,0,1
236800,64.256,0.0,0,0,1,0,3.065,0.0,0,0,1,0,13.393,0.247,1,0.0,0,0,1,1,0,1,0,1,0,0,0,12192.0,2,1,1,1,0,0,1,1,8.0,269.7,0,0,0,0,0,1
236900,64.256,0.0,0,0,1,0,3.065,0.0,0,0,1,0,13.413,0.196,1,0.0,0,0,1,1,0,1,0,1,0,0,0,12192.0,2,1,1,1,0,0,1,1,8.1,271.2,0,0,0,0,0,1
237000,64.256,0.0,0,0,1,0,3.065,0.0,0,0,1,0,13.427,0.146,1,0.0,0,0,1,1,0,1,0,1,0,0,0,12192.0,2,1,1,1,0,0,1,1,8.3,270.8,0,0,0,0,0,1
237100,64.256,0.0,0,0,1,0,3.065,0.0,0,0,1,0,13.436,0.088,1,0.0,0,0,1,1,0,1,0,1,0,0,0,12192.0,2,1,1,1,0,0,1,1,8.2,269.0,0,0,0,0,0,1
237200,64.256,0.0,0,0,0,0,3.065,0.0,0,0,0,0,13.44,0.0,0,0.0,0,0,0,0,0,1,0,1,0,0,0,12192.0,2,1,1,0,1,0,1,1,8.5,271.3,0,0,0,0,0,1
237300,64.258,0.015,1,1,1,0,3.071,0.057,1,1,1,0,13.435,0.0,0,0.0,0,0,0,1,0,1,0,1,0,0,0,12192.0,2,1,1,1,0,0,1,2,8.3,271.0,0,0,0,0,0,1
237400,64.261,0.029,1,1,1,0,3.083,0.114,1,1,1,0,13.435,0.0,0,0.0,0,0,0,1,0,1,0,1,0,0,0,12192.0,2,1,1,1,0,0,1,2,8.2,275.1,0,0,0,0,0,1
237500,64.265,0.044,1,1,1,0,3.1,0.171,1,1,1,0,13.435,0.0,0,0.0,0,0,0,1,0,1,0,1,0,0,0,12192.0,2,1,1,1,0,0,1,2,8.2,271.7,0,0,0,0,0,1
237600,64.271,0.059,1,1,1,0,3.123,0.228,1,1,1,0,13.435,0.0,0,0.0,0,0,0,1,0,1,0,1,0,0,0,12192.0,2,1,1,1,0,0,1,2,7.3,268.8,0,0,0,0,0,1
237700,64.278,0.074,1,1,1,0,3.151,0.286,1,1,1,0,13.435,0.0,0,0.0,0,0,0,1,0,1,0,1,0,0,0,12192.0,2,1,1,1,0,0,1,2,7.7,269.3,0,0,0,0,0,1
237800,64.287,0.088,1,1,1,0,3.185,0.343,1,1,1,0,13.435,0.0,0,0.0,0,0,0,1,0,1,0,1,0,0,0,12192.0,2,1,1,1,0,0,1,2,8.0,273.2,0,0,0,0,0,1
237900,64.297,0.103,1,1,1,0,3.225,0.4,1,1,1,0,13.435,0.0,0,0.0,0,0,0,1,0,1,0,1,0,0,0,12192.0,2,1,1,1,0,0,1,2,8.4,270.8,0,0,0,0,0,1
238000,64.309,0.118,1,1,1,0,3.271,0.457,1,1,1,0,13.435,0.0,0,0.0,0,0,0,1,0,1,0,1,0,0,0,12192.0,2,1,1,1,0,0,1,2,8.2,274.5,0,0,0,0,0,1
238100,64.322,0.133,1,1,1,0,3.322,0.514,1,1,1,0,13.435,0.0,0,0.0,0,0,0,1,0,1,0,1,0,0,0,12192.0,2,1,1,1,0,0,1,2,7.4,266.6,0,0,0,0,0,1
238200,64.337,0.147,1,1,1,0,3.38,0.571,1,1,1,0,13.435,0.0,0,0.0,0,0,0,1,0,1,0,1,0,0,0,12192.0,2,1,1,1,0,0,1,2,8.6,268.9,0,0,0,0,0,1
238300,64.353,0.162,1,1,1,0,3.442,0.628,1,1,1,0,13.435,0.0,0,0.0,0,0,0,1,0,1,0,1,0,0,0,12192.0,2,1,1,1,0,0,1,2,7.5,271.9,0,0,0,0,0,1
238400,64.371,0.177,1,1,1,0,3.511,0.685,1,1,1,0,13.435,0.0,0,0.0,0,0,0,1,0,1,0,1,0,0,0,12192.0,2,1,1,1,0,0,1,2,8.4,268.5,0,0,0,0,0,1
238500,64.39,0.191,1,1,1,0,3.585,0.742,1,1,1,0,13.435,0.0,0,0.0,0,0,0,1,0,1,0,1,0,0,0,12192.0,2,1,1,1,0,0,1,2,7.1,266.0,0,0,0,0,0,1
238600,64.411,0.206,1,1,1,0,3.665,0.8,1,1,1,0,13.435,0.0,0,0.0,0,0,0,1,0,1,0,1,0,0,0,12192.0,2,1,1,1,0,0,1,2,7.6,274.4,0,0,0,0,0,1
238700,64.433,0.221,1,1,1,0,3.751,0.857,1,1,1,0,13.435,0.0,0,0.0,0,0,0,1,0,1,0,1,0,0,0,12192.0,2,1,1,1,0,0,1,2,7.0,267.4,0,0,0,0,0,1
238800,64.456,0.236,1,1,1,0,3.842,0.914,1,1,1,0,13.435,0.0,0,0.0,0,0,0,1,0,1,0,1,0,0,0,12192.0,2,1,1,1,0,0,1,2,7.9,270.1,0,0,0,0,0,1
238900,64.481,0.25,1,1,1,0,3.939,0.971,1,1,1,0,13.435,0.0,0,0.0,0,0,0,1,0,1,0,1,0,0,0,12192.0,2,1,1,1,0,0,1,2,7.6,269.0,0,0,0,0,0,1
239000,64.508,0.265,1,1,1,0,4.042,1.028,1,1,1,0,13.435,0.0,0,0.0,0,0,0,1,0,1,0,1,0,0,0,12192.0,2,1,1,1,0,0,1,2,7.4,269.4,0,0,0,0,0,1
239100,64.536,0.28,1,1,1,0,4.15,1.085,1,1,1,0,13.435,0.0,0,0.0,0,0,0,1,0,1,0,1,0,0,0,12192.0,2,1,1,1,0,0,1,2,8.0,271.5,0,0,0,0,0,1
239200,64.565,0.295,1,1,1,0,4.265,1.142,1,1,1,0,13.435,0.0,0,0.0,0,0,0,1,0,1,0,1,0,0,0,12192.0,2,1,1,1,0,0,1,2,8.0,269.4,0,0,0,0,0,1
239300,64.596,0.309,1,1,1,0,4.385,1.199,1,1,1,0,13.435,0.0,0,0.0,0,0,0,1,0,1,0,1,0,0,0,12192.0,2,1,1,1,0,0,1,2,6.5,262.4,0,0,0,0,0,1
239400,64.629,0.324,1,1,1,0,4.51,1.256,1,1,1,0,13.435,0.0,0,0.0,0,0,0,1,0,1,0,1,0,0,0,12192.0,2,1,1,1,0,0,1,2,7.7,270.4,0,0,0,0,0,1
239500,64.663,0.339,1,1,1,0,4.642,1.314,1,1,1,0,13.435,0.0,0,0.0,0,0,0,1,0,1,0,1,0,0,0,12192.0,2,1,1,1,0,0,1,2,6.9,266.2,0,0,0,0,0,1
239600,64.698,0.353,1,1,1,0,4.779,1.371,1,1,1,0,13.435,0.0,0,0.0,0,0,0,1,0,1,0,1,0,0,0,12192.0,2,1,1,1,0,0,1,2,7.5,269.9,0,0,0,0,0,1
239700,64.735,0.368,1,1,1,0,4.921,1.428,1,1,1,0,13.435,0.0,0,0.0,0,0,0,1,0,1,0,1,0,0,0,12192.0,2,1,1,1,0,0,1,2,7.8,267.1,0,0,0,0,0,1
239800,64.773,0.383,1,1,1,0,5.07,1.485,1,1,1,0,13.435,0.0,0,0.0,0,0,0,1,0,1,0,1,0,0,0,12192.0,2,1,1,1,0,0,1,2,7.5,271.1,0,0,0,0,0,1
239900,64.813,0.398,1,1,1,0,5.224,1.542,1,1,1,0,13.435,0.0,0,0.0,0,0,0,1,0,1,0,1,0,0,0,12192.0,2,1,1,1,0,0,1,2,7.3,264.9,0,0,0,0,0,1
240000,64.854,0.412,1,1,1,0,5.384,1.599,1,1,1,0,13.435,0.0,0,0.0,0,0,0,1,0,1,0,1,0,0,0,12192.0,2,1,1,1,0,0,1,2,6.0,270.8,0,0,0,0,0,1
240100,64.897,0.427,1,1,1,0,5.55,1.656,1,1,1,0,13.435,0.0,0,0.0,0,0,0,1,0,1,0,1,0,0,0,12192.0,2,1,1,1,0,0,1,2,7.4,271.5,0,0,0,0,0,1
240200,64.941,0.442,1,1,1,0,5.721,1.713,1,1,1,0,13.435,0.0,0,0.0,0,0,0,1,0,1,0,1,0,0,0,12192.0,2,1,1,1,0,0,1,2,7.0,272.1,0,0,0,0,0,1
240300,64.987,0.456,1,1,1,0,5.898,1.77,1,1,1,0,13.435,0.0,0,0.0,0,0,0,1,0,1,0,1,0,0,0,12192.0,2,1,1,1,0,0,1,2,7.6,266.1,0,0,0,0,0,1
240400,65.034,0.471,1,1,1,0,6.081,1.827,1,1,1,0,13.435,0.0,0,0.0,0,0,0,1,0,1,0,1,0,0,0,12192.0,2,1,1,1,0,0,1,2,7.8,269.2,0,0,0,0,0,1
240500,65.082,0.486,1,1,1,0,6.258,1.77,1,1,1,0,13.435,0.0,0,0.0,0,0,0,1,0,1,0,1,0,0,0,12192.0,2,1,1,1,0,0,1,2,7.6,270.1,0,0,0,0,0,1
240600,65.132,0.501,1,1,1,0,6.429,1.713,1,1,1,0,13.435,0.0,0,0.0,0,0,0,1,0,1,0,1,0,0,0,12192.0,2,1,1,1,0,0,1,2,8.1,271.4,0,0,0,0,0,1
240700,65.184,0.515,1,1,1,0,6.595,1.656,1,1,1,0,13.435,0.0,0,0.0,0,0,0,1,0,1,0,1,0,0,0,12192.0,2,1,1,1,0,0,1,2,7.3,267.4,0,0,0,0,0,1
240800,65.237,0.53,1,1,1,0,6.755,1.599,1,1,1,0,13.435,0.0,0,0.0,0,0,0,1,0,1,0,1,0,0,0,12192.0,2,1,1,1,0,0,1,2,7.9,273.2,0,0,0,0,0,1
240900,65.291,0.545,1,1,1,0,6.909,1.542,1,1,1,0,13.435,0.0,0,0.0,0,0,0,1,0,1,0,1,0,0,0,12192.0,2,1,1,1,0,0,1,2,7.9,274.3,0,0,0,0,0,1
241000,65.347,0.56,1,1,1,0,7.057,1.485,1,1,1,0,13.435,0.0,0,0.0,0,0,0,1,0,1,0,1,0,0,0,12192.0,2,1,1,1,0,0,1,2,7.1,271.7,0,0,0,0,0,1
241100,65.405,0.574,1,1,1,0,7.2,1.428,1,1,1,0,13.435,0.0,0,0.0,0,0,0,1,0,1,0,1,0,0,0,12192.0,2,1,1,1,0,0,1,2,7.4,272.6,0,0,0,0,0,1
241200,65.464,0.589,1,1,1,0,7.337,1.371,1,1,1,0,13.435,0.0,0,0.0,0,0,0,1,0,1,0,1,0,0,0,12192.0,2,1,1,1,0,0,1,2,8.2,270.3,0,0,0,0,0,1
241300,65.524,0.604,1,1,1,0,7.469,1.314,1,1,1,0,13.435,0.0,0,0.0,0,0,0,1,0,1,0,1,0,0,0,12192.0,2,1,1,1,0,0,1,2,7.9,267.7,0,0,0,0,0,1
241400,65.586,0.618,1,1,1,0,7.594,1.256,1,1,1,0,13.435,0.0,0,0.0,0,0,0,1,0,1,0,1,0,0,0,12192.0,2,1,1,1,0,0,1,2,7.7,271.5,0,0,0,0,0,1
241500,65.649,0.633,1,1,1,0,7.714,1.199,1,1,1,0,13.435,0.0,0,0.0,0,0,0,1,0,1,0,1,0,0,0,12192.0,2,1,1,1,0,0,1,2,8.0,270.4,0,0,0,0,0,1
241600,65.714,0.648,1,1,1,0,7.828,1.142,1,1,1,0,13.435,0.0,0,0.0,0,0,0,1,0,1,0,1,0,0,0,12192.0,2,1,1,1,0,0,1,2,7.0,269.1,0,0,0,0,0,1
241700,65.78,0.663,1,1,1,0,7.937,1.085,1,1,1,0,13.435,0.0,0,0.0,0,0,0,1,0,1,0,1,0,0,0,12192.0,2,1,1,1,0,0,1,2,7.6,265.9,0,0,0,0,0,1
241800,65.848,0.677,1,1,1,0,8.04,1.028,1,1,1,0,13.435,0.0,0,0.0,0,0,0,1,0,1,0,1,0,0,0,12192.0,2,1,1,1,0,0,1,2,7.6,269.7,0,0,0,0,0,1
241900,65.916,0.685,1,1,1,0,8.137,0.971,1,1,1,0,13.435,0.0,0,0.0,0,0,0,1,0,1,0,1,0,0,0,12192.0,2,1,1,1,0,0,1,2,8.2,267.9,0,0,0,0,0,1
242000,65.985,0.685,1,1,1,0,8.228,0.914,1,1,1,0,13.435,0.0,0,0.0,0,0,0,1,0,1,0,1,0,0,0,12192.0,2,1,1,1,0,0,1,2,7.7,267.5,0,0,0,0,0,1
242100,66.053,0.685,1,1,1,0,8.314,0.857,1,1,1,0,13.435,0.0,0,0.0,0,0,0,1,0,1,0,1,0,0,0,12192.0,2,1,1,1,0,0,1,2,8.5,272.2,0,0,0,0,0,1
242200,66.122,0.685,1,1,1,0,8.394,0.8,1,1,1,0,13.435,0.0,0,0.0,0,0,0,1,0,1,0,1,0,0,0,12192.0,2,1,1,1,0,0,1,2,8.0,273.5,0,0,0,0,0,1
242300,66.19,0.685,1,1,1,0,8.468,0.742,1,1,1,0,13.435,0.0,0,0.0,0,0,0,1,0,1,0,1,0,0,0,12192.0,2,1,1,1,0,0,1,2,7.9,270.7,0,0,0,0,0,1
242400,66.259,0.685,1,1,1,0,8.536,0.685,1,1,1,0,13.435,0.0,0,0.0,0,0,0,1,0,1,0,1,0,0,0,12192.0,2,1,1,1,0,0,1,2,7.5,268.4,0,0,0,0,0,1
242500,66.327,0.685,1,1,1,0,8.599,0.628,1,1,1,0,13.435,0.0,0,0.0,0,0,0,1,0,1,0,1,0,0,0,12192.0,2,1,1,1,0,0,1,2,7.7,278.6,0,0,0,0,0,1
242600,66.396,0.685,1,1,1,0,8.656,0.571,1,1,1,0,13.435,0.0,0,0.0,0,0,0,1,0,1,0,1,0,0,0,12192.0,2,1,1,1,0,0,1,2,8.4,275.0,0,0,0,0,0,1
242700,66.464,0.685,1,1,1,0,8.708,0.514,1,1,1,0,13.435,0.0,0,0.0,0,0,0,1,0,1,0,1,0,0,0,12192.0,2,1,1,1,0,0,1,2,8.0,269.6,0,0,0,0,0,1
242800,66.533,0.685,1,1,1,0,8.753,0.457,1,1,1,0,13.435,0.0,0,0.0,0,0,0,1,0,1,0,1,0,0,0,12192.0,2,1,1,1,0,0,1,2,8.1,270.9,0,0,0,0,0,1
242900,66.601,0.685,1,1,1,0,8.793,0.4,1,1,1,0,13.435,0.0,0,0.0,0,0,0,1,0,1,0,1,0,0,0,12192.0,2,1,1,1,0,0,1,2,8.4,270.1,0,0,0,0,0,1
243000,66.67,0.685,1,1,1,0,8.828,0.343,1,1,1,0,13.435,0.0,0,0.0,0,0,0,1,0,1,0,1,0,0,0,12192.0,2,1,1,1,0,0,1,2,8.5,273.5,0,0,0,0,0,1
243100,66.738,0.685,1,1,1,0,8.856,0.286,1,1,1,0,13.435,0.0,0,0.0,0,0,0,1,0,1,0,1,0,0,0,12192.0,2,1,1,1,0,0,1,2,8.4,272.3,0,0,0,0,0,1
243200,66.807,0.685,1,1,1,0,8.879,0.228,1,1,1,0,13.435,0.0,0,0.0,0,0,0,1,0,1,0,1,0,0,0,12192.0,2,1,1,1,0,0,1,2,8.3,273.4,0,0,0,0,0,1
243300,66.875,0.685,1,1,1,0,8.896,0.171,1,1,1,0,13.435,0.0,0,0.0,0,0,0,1,0,1,0,1,0,0,0,12192.0,2,1,1,1,0,0,1,2,8.8,269.5,0,0,0,0,0,1
243400,66.944,0.685,1,1,1,0,8.908,0.114,1,1,1,0,13.435,0.0,0,0.0,0,0,0,1,0,1,0,1,0,0,0,12192.0,2,1,1,1,0,0,1,2,7.9,269.1,0,0,0,0,0,1
243500,67.012,0.685,1,1,1,0,8.913,0.0,0,0,1,0,13.435,0.0,0,0.0,0,0,0,1,0,1,0,1,0,0,0,12192.0,2,1,1,1,0,0,1,2,9.2,274.0,0,0,0,0,0,1
243600,67.081,0.685,1,1,1,0,8.913,0.0,0,0,1,0,13.435,0.0,0,0.0,0,0,0,1,0,1,0,1,0,0,0,12192.0,2,1,1,1,0,0,1,2,8.3,273.7,0,0,0,0,0,1
243700,67.149,0.685,1,1,1,0,8.913,0.0,0,0,1,0,13.435,0.0,0,0.0,0,0,0,1,0,1,0,1,0,0,0,12192.0,2,1,1,1,0,0,1,2,9.0,270.7,0,0,0,0,0,1
243800,67.217,0.685,1,1,1,0,8.913,0.0,0,0,1,0,13.435,0.0,0,0.0,0,0,0,1,0,1,0,1,0,0,0,12192.0,2,1,1,1,0,0,1,2,8.5,268.0,0,0,0,0,0,1
243900,67.286,0.685,1,1,1,0,8.913,0.0,0,0,1,0,13.435,0.0,0,0.0,0,0,0,1,0,1,0,1,0,0,0,12192.0,2,1,1,1,0,0,1,2,8.2,270.0,0,0,0,0,0,1
244000,67.354,0.685,1,1,1,0,8.913,0.0,0,0,1,0,13.435,0.0,0,0.0,0,0,0,1,0,1,0,1,0,0,0,12192.0,2,1,1,1,0,0,1,2,9.3,269.4,0,0,0,0,0,1
244100,67.423,0.685,1,1,1,0,8.913,0.0,0,0,1,0,13.435,0.0,0,0.0,0,0,0,1,0,1,0,1,0,0,0,12192.0,2,1,1,1,0,0,1,2,8.7,268.4,0,0,0,0,0,1
244200,67.491,0.685,1,1,1,0,8.913,0.0,0,0,1,0,13.435,0.0,0,0.0,0,0,0,1,0,1,0,1,0,0,0,12192.0,2,1,1,1,0,0,1,2,8.6,269.9,0,0,0,0,0,1
244300,67.56,0.685,1,1,1,0,8.913,0.0,0,0,1,0,13.435,0.0,0,0.0,0,0,0,1,0,1,0,1,0,0,0,12192.0,2,1,1,1,0,0,1,2,8.6,268.5,0,0,0,0,0,1
244400,67.628,0.685,1,1,1,0,8.913,0.0,0,0,1,0,13.435,0.0,0,0.0,0,0,0,1,0,1,0,1,0,0,0,12192.0,2,1,1,1,0,0,1,2,8.5,274.9,0,0,0,0,0,1
244500,67.697,0.685,1,1,1,0,8.913,0.0,0,0,1,0,13.435,0.0,0,0.0,0,0,0,1,0,1,0,1,0,0,0,12192.0,2,1,1,1,0,0,1,2,8.2,269.7,0,0,0,0,0,1
244600,67.765,0.685,1,1,1,0,8.913,0.0,0,0,1,0,13.435,0.0,0,0.0,0,0,0,1,0,1,0,1,0,0,0,12192.0,2,1,1,1,0,0,1,2,9.3,276.2,0,0,0,0,0,1
244700,67.834,0.685,1,1,1,0,8.913,0.0,0,0,1,0,13.435,0.0,0,0.0,0,0,0,1,0,1,0,1,0,0,0,12192.0,2,1,1,1,0,0,1,2,8.5,271.0,0,0,0,0,0,1
244800,67.902,0.685,1,1,1,0,8.913,0.0,0,0,1,0,13.435,0.0,0,0.0,0,0,0,1,0,1,0,1,0,0,0,12192.0,2,1,1,1,0,0,1,2,8.9,269.2,0,0,0,0,0,1
244900,67.971,0.685,1,1,1,0,8.913,0.0,0,0,1,0,13.435,0.0,0,0.0,0,0,0,1,0,1,0,1,0,0,0,12192.0,2,1,1,1,0,0,1,2,7.6,267.8,0,0,0,0,0,1
245000,68.039,0.685,1,1,1,0,8.913,0.0,0,0,1,0,13.435,0.0,0,0.0,0,0,0,1,0,1,0,1,0,0,0,12192.0,2,1,1,1,0,0,1,2,9.3,270.3,0,0,0,0,0,1
245100,68.108,0.685,1,1,1,0,8.913,0.0,0,0,1,0,13.435,0.0,0,0.0,0,0,0,1,0,1,0,1,0,0,0,12192.0,2,1,1,1,0,0,1,2,8.8,271.0,0,0,0,0,0,1
245200,68.176,0.685,1,1,1,0,8.913,0.0,0,0,1,0,13.435,0.0,0,0.0,0,0,0,1,0,1,0,1,0,0,0,12192.0,2,1,1,1,0,0,1,2,8.3,271.4,0,0,0,0,0,1
245300,68.245,0.685,1,1,1,0,8.913,0.0,0,0,1,0,13.435,0.0,0,0.0,0,0,0,1,0,1,0,1,0,0,0,12192.0,2,1,1,1,0,0,1,2,8.2,268.6,0,0,0,0,0,1
245400,68.313,0.685,1,1,1,0,8.913,0.0,0,0,1,0,13.435,0.0,0,0.0,0,0,0,1,0,1,0,1,0,0,0,12192.0,2,1,1,1,0,0,1,2,8.3,269.9,0,0,0,0,0,1
245500,68.382,0.685,1,1,1,0,8.913,0.0,0,0,1,0,13.435,0.0,0,0.0,0,0,0,1,0,1,0,1,0,0,0,12192.0,2,1,1,1,0,0,1,2,8.4,267.5,0,0,0,0,0,1
245600,68.45,0.685,1,1,1,0,8.913,0.0,0,0,1,0,13.435,0.0,0,0.0,0,0,0,1,0,1,0,1,0,0,0,12192.0,2,1,1,1,0,0,1,2,8.7,270.4,0,0,0,0,0,1
245700,68.519,0.685,1,1,1,0,8.913,0.0,0,0,1,0,13.435,0.0,0,0.0,0,0,0,1,0,1,0,1,0,0,0,12192.0,2,1,1,1,0,0,1,2,7.9,270.5,0,0,0,0,0,1
245800,68.587,0.685,1,1,1,0,8.913,0.0,0,0,1,0,13.435,0.0,0,0.0,0,0,0,1,0,1,0,1,0,0,0,12192.0,2,1,1,1,0,0,1,2,9.3,273.0,0,0,0,0,0,1
245900,68.655,0.685,1,1,1,0,8.913,0.0,0,0,1,0,13.435,0.0,0,0.0,0,0,0,1,0,1,0,1,0,0,0,12192.0,2,1,1,1,0,0,1,2,9.4,277.5,0,0,0,0,0,1
246000,68.724,0.685,1,1,1,0,8.913,0.0,0,0,1,0,13.435,0.0,0,0.0,0,0,0,1,0,1,0,1,0,0,0,12192.0,2,1,1,1,0,0,1,2,8.2,268.9,0,0,0,0,0,1
246100,68.792,0.685,1,1,1,0,8.913,0.0,0,0,1,0,13.435,0.0,0,0.0,0,0,0,1,0,1,0,1,0,0,0,12192.0,2,1,1,1,0,0,1,2,7.8,267.8,0,0,0,0,0,1
246200,68.861,0.685,1,1,1,0,8.913,0.0,0,0,1,0,13.435,0.0,0,0.0,0,0,0,1,0,1,0,1,0,0,0,12192.0,2,1,1,1,0,0,1,2,9.1,267.6,0,0,0,0,0,1
246300,68.929,0.685,1,1,1,0,8.913,0.0,0,0,1,0,13.435,0.0,0,0.0,0,0,0,1,0,1,0,1,0,0,0,12192.0,2,1,1,1,0,0,1,2,8.2,270.2,0,0,0,0,0,1
246400,68.998,0.685,1,1,1,0,8.913,0.0,0,0,1,0,13.435,0.0,0,0.0,0,0,0,1,0,1,0,1,0,0,0,12192.0,2,1,1,1,0,0,1,2,8.2,265.6,0,0,0,0,0,1
246500,69.066,0.685,1,1,1,0,8.913,0.0,0,0,1,0,13.435,0.0,0,0.0,0,0,0,1,0,1,0,1,0,0,0,12192.0,2,1,1,1,0,0,1,2,7.9,271.8,0,0,0,0,0,1
246600,69.135,0.685,1,1,1,0,8.913,0.0,0,0,1,0,13.435,0.0,0,0.0,0,0,0,1,0,1,0,1,0,0,0,12192.0,2,1,1,1,0,0,1,2,8.3,274.6,0,0,0,0,0,1
246700,69.203,0.685,1,1,1,0,8.913,0.0,0,0,1,0,13.435,0.0,0,0.0,0,0,0,1,0,1,0,1,0,0,0,12192.0,2,1,1,1,0,0,1,2,8.1,273.0,0,0,0,0,0,1
246800,69.272,0.685,1,1,1,0,8.913,0.0,0,0,1,0,13.435,0.0,0,0.0,0,0,0,1,0,1,0,1,0,0,0,12192.0,2,1,1,1,0,0,1,2,8.9,270.6,0,0,0,0,0,1
246900,69.34,0.685,1,1,1,0,8.913,0.0,0,0,1,0,13.435,0.0,0,0.0,0,0,0,1,0,1,0,1,0,0,0,12192.0,2,1,1,1,0,0,1,2,8.3,277.4,0,0,0,0,0,1
247000,69.409,0.685,1,1,1,0,8.913,0.0,0,0,1,0,13.435,0.0,0,0.0,0,0,0,1,0,1,0,1,0,0,0,12192.0,2,1,1,1,0,0,1,2,7.3,262.9,0,0,0,0,0,1
247100,69.477,0.685,1,1,1,0,8.913,0.0,0,0,1,0,13.435,0.0,0,0.0,0,0,0,1,0,1,0,1,0,0,0,12192.0,2,1,1,1,0,0,1,2,7.7,268.3,0,0,0,0,0,1
247200,69.546,0.685,1,1,1,0,8.913,0.0,0,0,1,0,13.435,0.0,0,0.0,0,0,0,1,0,1,0,1,0,0,0,12192.0,2,1,1,1,0,0,1,2,8.6,271.4,0,0,0,0,0,1
247300,69.614,0.685,1,1,1,0,8.913,0.0,0,0,1,0,13.435,0.0,0,0.0,0,0,0,1,0,1,0,1,0,0,0,12192.0,2,1,1,1,0,0,1,2,8.3,272.9,0,0,0,0,0,1
247400,69.683,0.685,1,1,1,0,8.913,0.0,0,0,1,0,13.435,0.0,0,0.0,0,0,0,1,0,1,0,1,0,0,0,12192.0,2,1,1,1,0,0,1,2,8.1,270.9,0,0,0,0,0,1
247500,69.751,0.685,1,1,1,0,8.913,0.0,0,0,1,0,13.435,0.0,0,0.0,0,0,0,1,0,1,0,1,0,0,0,12192.0,2,1,1,1,0,0,1,2,7.3,269.0,0,0,0,0,0,1
247600,69.82,0.685,1,1,1,0,8.913,0.0,0,0,1,0,13.435,0.0,0,0.0,0,0,0,1,0,1,0,1,0,0,0,12192.0,2,1,1,1,0,0,1,2,8.0,270.6,0,0,0,0,0,1
247700,69.888,0.685,1,1,1,0,8.913,0.0,0,0,1,0,13.435,0.0,0,0.0,0,0,0,1,0,1,0,1,0,0,0,12192.0,2,1,1,1,0,0,1,2,7.4,264.0,0,0,0,0,0,1
247800,69.956,0.685,1,1,1,0,8.913,0.0,0,0,1,0,13.435,0.0,0,0.0,0,0,0,1,0,1,0,1,0,0,0,12192.0,2,1,1,1,0,0,1,2,8.0,267.9,0,0,0,0,0,1
247900,70.025,0.685,1,1,1,0,8.913,0.0,0,0,1,0,13.435,0.0,0,0.0,0,0,0,1,0,1,0,1,0,0,0,12192.0,2,1,1,1,0,0,1,2,7.6,269.9,0,0,0,0,0,1
248000,70.093,0.685,1,1,1,0,8.913,0.0,0,0,1,0,13.435,0.0,0,0.0,0,0,0,1,0,1,0,1,0,0,0,12192.0,2,1,1,1,0,0,1,2,8.2,269.3,0,0,0,0,0,1
248100,70.162,0.685,1,1,1,0,8.913,0.0,0,0,1,0,13.435,0.0,0,0.0,0,0,0,1,0,1,0,1,0,0,0,12192.0,2,1,1,1,0,0,1,2,7.3,274.7,0,0,0,0,0,1
248200,70.23,0.685,1,1,1,0,8.913,0.0,0,0,1,0,13.435,0.0,0,0.0,0,0,0,1,0,1,0,1,0,0,0,12192.0,2,1,1,1,0,0,1,2,6.9,271.0,0,0,0,0,0,1
248300,70.299,0.685,1,1,1,0,8.913,0.0,0,0,1,0,13.435,0.0,0,0.0,0,0,0,1,0,1,0,1,0,0,0,12192.0,2,1,1,1,0,0,1,2,7.4,267.3,0,0,0,0,0,1
248400,70.367,0.685,1,1,1,0,8.913,0.0,0,0,1,0,13.435,0.0,0,0.0,0,0,0,1,0,1,0,1,0,0,0,12192.0,2,1,1,1,0,0,1,2,8.3,269.2,0,0,0,0,0,1
248500,70.436,0.685,1,1,1,0,8.913,0.0,0,0,1,0,13.435,0.0,0,0.0,0,0,0,1,0,1,0,1,0,0,0,12192.0,2,1,1,1,0,0,1,2,7.2,268.1,0,0,0,0,0,1
248600,70.504,0.685,1,1,1,0,8.913,0.0,0,0,1,0,13.435,0.0,0,0.0,0,0,0,1,0,1,0,1,0,0,0,12192.0,2,1,1,1,0,0,1,2,7.5,268.3,0,0,0,0,0,1
248700,70.573,0.685,1,1,1,0,8.913,0.0,0,0,1,0,13.435,0.0,0,0.0,0,0,0,1,0,1,0,1,0,0,0,12192.0,2,1,1,1,0,0,1,2,8.1,272.9,0,0,0,0,0,1
248800,70.641,0.685,1,1,1,0,8.913,0.0,0,0,1,0,13.435,0.0,0,0.0,0,0,0,1,0,1,0,1,0,0,0,12192.0,2,1,1,1,0,0,1,2,8.5,265.1,0,0,0,0,0,1
248900,70.71,0.685,1,1,1,0,8.913,0.0,0,0,1,0,13.435,0.0,0,0.0,0,0,0,1,0,1,0,1,0,0,0,12192.0,2,1,1,1,0,0,1,2,7.3,271.1,0,0,0,0,0,1
249000,70.778,0.685,1,1,1,0,8.913,0.0,0,0,1,0,13.435,0.0,0,0.0,0,0,0,1,0,1,0,1,0,0,0,12192.0,2,1,1,1,0,0,1,2,6.9,273.1,0,0,0,0,0,1
249100,70.847,0.685,1,1,1,0,8.913,0.0,0,0,1,0,13.435,0.0,0,0.0,0,0,0,1,0,1,0,1,0,0,0,12192.0,2,1,1,1,0,0,1,2,7.1,262.7,0,0,0,0,0,1
249200,70.915,0.685,1,1,1,0,8.913,0.0,0,0,1,0,13.435,0.0,0,0.0,0,0,0,1,0,1,0,1,0,0,0,12192.0,2,1,1,1,0,0,1,2,7.0,269.0,0,0,0,0,0,1
249300,70.984,0.685,1,1,1,0,8.913,0.0,0,0,1,0,13.435,0.0,0,0.0,0,0,0,1,0,1,0,1,0,0,0,12192.0,2,1,1,1,0,0,1,2,6.7,270.0,0,0,0,0,0,1
249400,71.052,0.685,1,1,1,0,8.913,0.0,0,0,1,0,13.435,0.0,0,0.0,0,0,0,1,0,1,0,1,0,0,0,12192.0,2,1,1,1,0,0,1,2,7.2,272.4,0,0,0,0,0,1
249500,71.121,0.685,1,1,1,0,8.913,0.0,0,0,1,0,13.435,0.0,0,0.0,0,0,0,1,0,1,0,1,0,0,0,12192.0,2,1,1,1,0,0,1,2,7.3,269.6,0,0,0,0,0,1
249600,71.189,0.685,1,1,1,0,8.913,0.0,0,0,1,0,13.435,0.0,0,0.0,0,0,0,1,0,1,0,1,0,0,0,12192.0,2,1,1,1,0,0,1,2,7.9,269.6,0,0,0,0,0,1
249700,71.257,0.685,1,1,1,0,8.913,0.0,0,0,1,0,13.435,0.0,0,0.0,0,0,0,1,0,1,0,1,0,0,0,12192.0,2,1,1,1,0,0,1,2,7.2,272.6,0,0,0,0,0,1
249800,71.326,0.685,1,1,1,0,8.913,0.0,0,0,1,0,13.435,0.0,0,0.0,0,0,0,1,0,1,0,1,0,0,0,12192.0,2,1,1,1,0,0,1,2,7.3,271.8,0,0,0,0,0,1
249900,71.394,0.685,1,1,1,0,8.913,0.0,0,0,1,0,13.435,0.0,0,0.0,0,0,0,1,0,1,0,1,0,0,0,12192.0,2,1,1,1,0,0,1,2,7.3,271.8,0,0,0,0,0,1
250000,71.463,0.685,1,1,1,0,8.913,0.0,0,0,1,0,13.435,0.0,0,0.0,0,0,0,1,0,1,0,1,0,0,0,12192.0,2,1,1,1,0,0,1,2,7.2,270.7,0,0,0,0,0,1
250100,71.531,0.685,1,1,1,0,8.913,0.0,0,0,1,0,13.435,0.0,0,0.0,0,0,0,1,0,1,0,1,0,0,0,12192.0,2,1,1,1,0,0,1,2,7.0,269.9,0,0,0,0,0,1
250200,71.6,0.685,1,1,1,0,8.913,0.0,0,0,1,0,13.435,0.0,0,0.0,0,0,0,1,0,1,0,1,0,0,0,12192.0,2,1,1,1,0,0,1,2,7.6,273.8,0,0,0,0,0,1
250300,71.668,0.685,1,1,1,0,8.913,0.0,0,0,1,0,13.435,0.0,0,0.0,0,0,0,1,0,1,0,1,0,0,0,12192.0,2,1,1,1,0,0,1,2,8.2,268.1,0,0,0,0,0,1
250400,71.737,0.685,1,1,1,0,8.913,0.0,0,0,1,0,13.435,0.0,0,0.0,0,0,0,1,0,1,0,1,0,0,0,12192.0,2,1,1,1,0,0,1,2,7.8,269.5,0,0,0,0,0,1
250500,71.805,0.685,1,1,1,0,8.913,0.0,0,0,1,0,13.435,0.0,0,0.0,0,0,0,1,0,1,0,1,0,0,0,12192.0,2,1,1,1,0,0,1,2,7.3,271.5,0,0,0,0,0,1
250600,71.874,0.685,1,1,1,0,8.913,0.0,0,0,1,0,13.435,0.0,0,0.0,0,0,0,1,0,1,0,1,0,0,0,12192.0,2,1,1,1,0,0,1,2,7.1,271.2,0,0,0,0,0,1
250700,71.942,0.685,1,1,1,0,8.913,0.0,0,0,1,0,13.435,0.0,0,0.0,0,0,0,1,0,1,0,1,0,0,0,12192.0,2,1,1,1,0,0,1,2,7.3,269.7,0,0,0,0,0,1
250800,72.011,0.685,1,1,1,0,8.913,0.0,0,0,1,0,13.435,0.0,0,0.0,0,0,0,1,0,1,0,1,0,0,0,12192.0,2,1,1,1,0,0,1,2,7.3,274.1,0,0,0,0,0,1
250900,72.079,0.685,1,1,1,0,8.913,0.0,0,0,1,0,13.435,0.0,0,0.0,0,0,0,1,0,1,0,1,0,0,0,12192.0,2,1,1,1,0,0,1,2,7.9,276.1,0,0,0,0,0,1
251000,72.148,0.685,1,1,1,0,8.913,0.0,0,0,1,0,13.435,0.0,0,0.0,0,0,0,1,0,1,0,1,0,0,0,12192.0,2,1,1,1,0,0,1,2,8.3,268.0,0,0,0,0,0,1
251100,72.216,0.685,1,1,1,0,8.913,0.0,0,0,1,0,13.435,0.0,0,0.0,0,0,0,1,0,1,0,1,0,0,0,12192.0,2,1,1,1,0,0,1,2,8.0,270.2,0,0,0,0,0,1
251200,72.285,0.685,1,1,1,0,8.913,0.0,0,0,1,0,13.435,0.0,0,0.0,0,0,0,1,0,1,0,1,0,0,0,12192.0,2,1,1,1,0,0,1,2,7.4,269.9,0,0,0,0,0,1
251300,72.353,0.685,1,1,1,0,8.913,0.0,0,0,1,0,13.435,0.0,0,0.0,0,0,0,1,0,1,0,1,0,0,0,12192.0,2,1,1,1,0,0,1,2,7.1,272.4,0,0,0,0,0,1
251400,72.422,0.685,1,1,1,0,8.913,0.0,0,0,1,0,13.435,0.0,0,0.0,0,0,0,1,0,1,0,1,0,0,0,12192.0,2,1,1,1,0,0,1,2,7.8,272.9,0,0,0,0,0,1
251500,72.49,0.685,1,1,1,0,8.913,0.0,0,0,1,0,13.435,0.0,0,0.0,0,0,0,1,0,1,0,1,0,0,0,12192.0,2,1,1,1,0,0,1,2,8.0,270.8,0,0,0,0,0,1
251600,72.559,0.685,1,1,1,0,8.913,0.0,0,0,1,0,13.435,0.0,0,0.0,0,0,0,1,0,1,0,1,0,0,0,12192.0,2,1,1,1,0,0,1,2,8.1,269.7,0,0,0,0,0,1
251700,72.627,0.685,1,1,1,0,8.913,0.0,0,0,1,0,13.435,0.0,0,0.0,0,0,0,1,0,1,0,1,0,0,0,12192.0,2,1,1,1,0,0,1,2,7.6,268.7,0,0,0,0,0,1
251800,72.695,0.685,1,1,1,0,8.913,0.0,0,0,1,0,13.435,0.0,0,0.0,0,0,0,1,0,1,0,1,0,0,0,12192.0,2,1,1,1,0,0,1,2,8.3,270.2,0,0,0,0,0,1
251900,72.764,0.685,1,1,1,0,8.913,0.0,0,0,1,0,13.435,0.0,0,0.0,0,0,0,1,0,1,0,1,0,0,0,12192.0,2,1,1,1,0,0,1,2,8.3,275.4,0,0,0,0,0,1
252000,72.832,0.685,1,1,1,0,8.913,0.0,0,0,1,0,13.435,0.0,0,0.0,0,0,0,1,0,1,0,1,0,0,0,12192.0,2,1,1,1,0,0,1,2,8.3,269.5,0,0,0,0,0,1
252100,72.901,0.685,1,1,1,0,8.913,0.0,0,0,1,0,13.435,0.0,0,0.0,0,0,0,1,0,1,0,1,0,0,0,12192.0,2,1,1,1,0,0,1,2,8.0,267.7,0,0,0,0,0,1
252200,72.969,0.685,1,1,1,0,8.913,0.0,0,0,1,0,13.435,0.0,0,0.0,0,0,0,1,0,1,0,1,0,0,0,12192.0,2,1,1,1,0,0,1,2,8.2,269.7,0,0,0,0,0,1
252300,73.038,0.685,1,1,1,0,8.913,0.0,0,0,1,0,13.435,0.0,0,0.0,0,0,0,1,0,1,0,1,0,0,0,12192.0,2,1,1,1,0,0,1,2,8.1,269.4,0,0,0,0,0,1
252400,73.106,0.685,1,1,1,0,8.913,0.0,0,0,1,0,13.435,0.0,0,0.0,0,0,0,1,0,1,0,1,0,0,0,12192.0,2,1,1,1,0,0,1,2,9.2,263.4,0,0,0,0,0,1
252500,73.175,0.685,1,1,1,0,8.913,0.0,0,0,1,0,13.435,0.0,0,0.0,0,0,0,1,0,1,0,1,0,0,0,12192.0,2,1,1,1,0,0,1,2,8.5,268.1,0,0,0,0,0,1
252600,73.243,0.685,1,1,1,0,8.913,0.0,0,0,1,0,13.435,0.0,0,0.0,0,0,0,1,0,1,0,1,0,0,0,12192.0,2,1,1,1,0,0,1,2,8.9,268.0,0,0,0,0,0,1
252700,73.312,0.685,1,1,1,0,8.913,0.0,0,0,1,0,13.435,0.0,0,0.0,0,0,0,1,0,1,0,1,0,0,0,12192.0,2,1,1,1,0,0,1,2,8.6,270.9,0,0,0,0,0,1
252800,73.38,0.685,1,1,1,0,8.913,0.0,0,0,1,0,13.435,0.0,0,0.0,0,0,0,1,0,1,0,1,0,0,0,12192.0,2,1,1,1,0,0,1,2,8.3,269.0,0,0,0,0,0,1
252900,73.449,0.685,1,1,1,0,8.913,0.0,0,0,1,0,13.435,0.0,0,0.0,0,0,0,1,0,1,0,1,0,0,0,12192.0,2,1,1,1,0,0,1,2,8.1,267.1,0,0,0,0,0,1
253000,73.517,0.685,1,1,1,0,8.913,0.0,0,0,1,0,13.435,0.0,0,0.0,0,0,0,1,0,1,0,1,0,0,0,12192.0,2,1,1,1,0,0,1,2,9.2,268.2,0,0,0,0,0,1
253100,73.586,0.685,1,1,1,0,8.913,0.0,0,0,1,0,13.435,0.0,0,0.0,0,0,0,1,0,1,0,1,0,0,0,12192.0,2,1,1,1,0,0,1,2,8.4,273.6,0,0,0,0,0,1
253200,73.654,0.685,1,1,1,0,8.913,0.0,0,0,1,0,13.435,0.0,0,0.0,0,0,0,1,0,1,0,1,0,0,0,12192.0,2,1,1,1,0,0,1,2,9.1,267.6,0,0,0,0,0,1
253300,73.723,0.685,1,1,1,0,8.913,0.0,0,0,1,0,13.435,0.0,0,0.0,0,0,0,1,0,1,0,1,0,0,0,12192.0,2,1,1,1,0,0,1,2,8.3,272.9,0,0,0,0,0,1
253400,73.791,0.685,1,1,1,0,8.913,0.0,0,0,1,0,13.435,0.0,0,0.0,0,0,0,1,0,1,0,1,0,0,0,12192.0,2,1,1,1,0,0,1,2,8.0,267.0,0,0,0,0,0,1
253500,73.86,0.685,1,1,1,0,8.913,0.0,0,0,1,0,13.435,0.0,0,0.0,0,0,0,1,0,1,0,1,0,0,0,12192.0,2,1,1,1,0,0,1,2,8.2,269.0,0,0,0,0,0,1
253600,73.928,0.685,1,1,1,0,8.913,0.0,0,0,1,0,13.435,0.0,0,0.0,0,0,0,1,0,1,0,1,0,0,0,12192.0,2,1,1,1,0,0,1,2,8.8,270.7,0,0,0,0,0,1
253700,73.996,0.685,1,1,1,0,8.913,0.0,0,0,1,0,13.435,0.0,0,0.0,0,0,0,1,0,1,0,1,0,0,0,12192.0,2,1,1,1,0,0,1,2,8.4,272.2,0,0,0,0,0,1
253800,74.065,0.685,1,1,1,0,8.913,0.0,0,0,1,0,13.435,0.0,0,0.0,0,0,0,1,0,1,0,1,0,0,0,12192.0,2,1,1,1,0,0,1,2,9.4,272.7,0,0,0,0,0,1
253900,74.133,0.685,1,1,1,0,8.913,0.0,0,0,1,0,13.435,0.0,0,0.0,0,0,0,1,0,1,0,1,0,0,0,12192.0,2,1,1,1,0,0,1,2,8.4,271.5,0,0,0,0,0,1
254000,74.202,0.685,1,1,1,0,8.913,0.0,0,0,1,0,13.435,0.0,0,0.0,0,0,0,1,0,1,0,1,0,0,0,12192.0,2,1,1,1,0,0,1,2,8.2,268.2,0,0,0,0,0,1
254100,74.27,0.685,1,1,1,0,8.913,0.0,0,0,1,0,13.435,0.0,0,0.0,0,0,0,1,0,1,0,1,0,0,0,12192.0,2,1,1,1,0,0,1,2,8.4,270.2,0,0,0,0,0,1
254200,74.339,0.685,1,1,1,0,8.913,0.0,0,0,1,0,13.435,0.0,0,0.0,0,0,0,1,0,1,0,1,0,0,0,12192.0,2,1,1,1,0,0,1,2,7.7,271.4,0,0,0,0,0,1
254300,74.407,0.685,1,1,1,0,8.913,0.0,0,0,1,0,13.435,0.0,0,0.0,0,0,0,1,0,1,0,1,0,0,0,12192.0,2,1,1,1,0,0,1,2,8.9,268.5,0,0,0,0,0,1
254400,74.476,0.685,1,1,1,0,8.913,0.0,0,0,1,0,13.435,0.0,0,0.0,0,0,0,1,0,1,0,1,0,0,0,12192.0,2,1,1,1,0,0,1,2,8.9,272.1,0,0,0,0,0,1
254500,74.544,0.685,1,1,1,0,8.913,0.0,0,0,1,0,13.435,0.0,0,0.0,0,0,0,1,0,1,0,1,0,0,0,12192.0,2,1,1,1,0,0,1,2,8.5,267.1,0,0,0,0,0,1
254600,74.613,0.685,1,1,1,0,8.913,0.0,0,0,1,0,13.435,0.0,0,0.0,0,0,0,1,0,1,0,1,0,0,0,12192.0,2,1,1,1,0,0,1,2,8.0,268.6,0,0,0,0,0,1
254700,74.681,0.685,1,1,1,0,8.913,0.0,0,0,1,0,13.435,0.0,0,0.0,0,0,0,1,0,1,0,1,0,0,0,12192.0,2,1,1,1,0,0,1,2,8.9,267.9,0,0,0,0,0,1
254800,74.75,0.685,1,1,1,0,8.913,0.0,0,0,1,0,13.435,0.0,0,0.0,0,0,0,1,0,1,0,1,0,0,0,12192.0,2,1,1,1,0,0,1,2,8.6,269.9,0,0,0,0,0,1
254900,74.818,0.685,1,1,1,0,8.913,0.0,0,0,1,0,13.435,0.0,0,0.0,0,0,0,1,0,1,0,1,0,0,0,12192.0,2,1,1,1,0,0,1,2,8.4,265.6,0,0,0,0,0,1
255000,74.887,0.685,1,1,1,0,8.913,0.0,0,0,1,0,13.435,0.0,0,0.0,0,0,0,1,0,1,0,1,0,0,0,12192.0,2,1,1,1,0,0,1,2,8.8,273.1,0,0,0,0,0,1
255100,74.955,0.685,1,1,1,0,8.913,0.0,0,0,1,0,13.435,0.0,0,0.0,0,0,0,1,0,1,0,1,0,0,0,12192.0,2,1,1,1,0,0,1,2,8.2,272.0,0,0,0,0,0,1
255200,75.024,0.685,1,1,1,0,8.913,0.0,0,0,1,0,13.435,0.0,0,0.0,0,0,0,1,0,1,0,1,0,0,0,12192.0,2,1,1,1,0,0,1,2,7.7,271.7,0,0,0,0,0,1
255300,75.092,0.685,1,1,1,0,8.913,0.0,0,0,1,0,13.435,0.0,0,0.0,0,0,0,1,0,1,0,1,0,0,0,12192.0,2,1,1,1,0,0,1,2,8.4,269.8,0,0,0,0,0,1
255400,75.161,0.685,1,1,1,0,8.913,0.0,0,0,1,0,13.435,0.0,0,0.0,0,0,0,1,0,1,0,1,0,0,0,12192.0,2,1,1,1,0,0,1,2,7.6,271.4,0,0,0,0,0,1
255500,75.228,0.67,1,1,1,0,8.913,0.0,0,0,1,0,13.435,0.0,0,0.0,0,0,0,1,0,1,0,1,0,0,0,12192.0,2,1,1,1,0,0,1,2,8.7,269.7,0,0,0,0,0,1
255600,75.293,0.655,1,1,1,0,8.913,0.0,0,0,1,0,13.435,0.0,0,0.0,0,0,0,1,0,1,0,1,0,0,0,12192.0,2,1,1,1,0,0,1,2,7.8,271.3,0,0,0,0,0,1
255700,75.357,0.641,1,1,1,0,8.913,0.0,0,0,1,0,13.435,0.0,0,0.0,0,0,0,1,0,1,0,1,0,0,0,12192.0,2,1,1,1,0,0,1,2,9.2,270.6,0,0,0,0,0,1
255800,75.42,0.626,1,1,1,0,8.913,0.0,0,0,1,0,13.435,0.0,0,0.0,0,0,0,1,0,1,0,1,0,0,0,12192.0,2,1,1,1,0,0,1,2,8.6,266.0,0,0,0,0,0,1
255900,75.481,0.611,1,1,1,0,8.913,0.0,0,0,1,0,13.435,0.0,0,0.0,0,0,0,1,0,1,0,1,0,0,0,12192.0,2,1,1,1,0,0,1,2,7.8,273.3,0,0,0,0,0,1
256000,75.54,0.596,1,1,1,0,8.913,0.0,0,0,1,0,13.435,0.0,0,0.0,0,0,0,1,0,1,0,1,0,0,0,12192.0,2,1,1,1,0,0,1,2,7.8,268.9,0,0,0,0,0,1
256100,75.599,0.582,1,1,1,0,8.913,0.0,0,0,1,0,13.435,0.0,0,0.0,0,0,0,1,0,1,0,1,0,0,0,12192.0,2,1,1,1,0,0,1,2,7.6,271.2,0,0,0,0,0,1
256200,75.655,0.567,1,1,1,0,8.913,0.0,0,0,1,0,13.435,0.0,0,0.0,0,0,0,1,0,1,0,1,0,0,0,12192.0,2,1,1,1,0,0,1,2,8.5,272.6,0,0,0,0,0,1
256300,75.711,0.552,1,1,1,0,8.913,0.0,0,0,1,0,13.435,0.0,0,0.0,0,0,0,1,0,1,0,1,0,0,0,12192.0,2,1,1,1,0,0,1,2,7.7,269.8,0,0,0,0,0,1
256400,75.764,0.537,1,1,1,0,8.913,0.0,0,0,1,0,13.435,0.0,0,0.0,0,0,0,1,0,1,0,1,0,0,0,12192.0,2,1,1,1,0,0,1,2,8.0,270.7,0,0,0,0,0,1
256500,75.817,0.523,1,1,1,0,8.913,0.0,0,0,1,0,13.435,0.0,0,0.0,0,0,0,1,0,1,0,1,0,0,0,12192.0,2,1,1,1,0,0,1,2,8.2,272.4,0,0,0,0,0,1
256600,75.867,0.508,1,1,1,0,8.913,0.0,0,0,1,0,13.435,0.0,0,0.0,0,0,0,1,0,1,0,1,0,0,0,12192.0,2,1,1,1,0,0,1,2,7.6,266.0,0,0,0,0,0,1
256700,75.917,0.493,1,1,1,0,8.913,0.0,0,0,1,0,13.435,0.0,0,0.0,0,0,0,1,0,1,0,1,0,0,0,12192.0,2,1,1,1,0,0,1,2,7.7,268.5,0,0,0,0,0,1
256800,75.965,0.479,1,1,1,0,8.913,0.0,0,0,1,0,13.435,0.0,0,0.0,0,0,0,1,0,1,0,1,0,0,0,12192.0,2,1,1,1,0,0,1,2,7.2,271.6,0,0,0,0,0,1
256900,76.011,0.464,1,1,1,0,8.913,0.0,0,0,1,0,13.435,0.0,0,0.0,0,0,0,1,0,1,0,1,0,0,0,12192.0,2,1,1,1,0,0,1,2,7.1,271.6,0,0,0,0,0,1
257000,76.056,0.449,1,1,1,0,8.913,0.0,0,0,1,0,13.435,0.0,0,0.0,0,0,0,1,0,1,0,1,0,0,0,12192.0,2,1,1,1,0,0,1,2,6.9,269.4,0,0,0,0,0,1
257100,76.099,0.434,1,1,1,0,8.913,0.0,0,0,1,0,13.435,0.0,0,0.0,0,0,0,1,0,1,0,1,0,0,0,12192.0,2,1,1,1,0,0,1,2,8.1,266.5,0,0,0,0,0,1
257200,76.141,0.42,1,1,1,0,8.913,0.0,0,0,1,0,13.435,0.0,0,0.0,0,0,0,1,0,1,0,1,0,0,0,12192.0,2,1,1,1,0,0,1,2,7.9,269.5,0,0,0,0,0,1
257300,76.182,0.405,1,1,1,0,8.913,0.0,0,0,1,0,13.435,0.0,0,0.0,0,0,0,1,0,1,0,1,0,0,0,12192.0,2,1,1,1,0,0,1,2,7.1,274.7,0,0,0,0,0,1
257400,76.221,0.39,1,1,1,0,8.913,0.0,0,0,1,0,13.435,0.0,0,0.0,0,0,0,1,0,1,0,1,0,0,0,12192.0,2,1,1,1,0,0,1,2,7.5,271.3,0,0,0,0,0,1
257500,76.258,0.376,1,1,1,0,8.913,0.0,0,0,1,0,13.435,0.0,0,0.0,0,0,0,1,0,1,0,1,0,0,0,12192.0,2,1,1,1,0,0,1,2,8.0,266.8,0,0,0,0,0,1
257600,76.294,0.361,1,1,1,0,8.913,0.0,0,0,1,0,13.435,0.0,0,0.0,0,0,0,1,0,1,0,1,0,0,0,12192.0,2,1,1,1,0,0,1,2,6.8,273.3,0,0,0,0,0,1
257700,76.329,0.346,1,1,1,0,8.913,0.0,0,0,1,0,13.435,0.0,0,0.0,0,0,0,1,0,1,0,1,0,0,0,12192.0,2,1,1,1,0,0,1,2,7.3,268.0,0,0,0,0,0,1
257800,76.362,0.331,1,1,1,0,8.913,0.0,0,0,1,0,13.435,0.0,0,0.0,0,0,0,1,0,1,0,1,0,0,0,12192.0,2,1,1,1,0,0,1,2,7.6,273.5,0,0,0,0,0,1
257900,76.394,0.317,1,1,1,0,8.913,0.0,0,0,1,0,13.435,0.0,0,0.0,0,0,0,1,0,1,0,1,0,0,0,12192.0,2,1,1,1,0,0,1,2,8.1,266.1,0,0,0,0,0,1
258000,76.424,0.302,1,1,1,0,8.913,0.0,0,0,1,0,13.435,0.0,0,0.0,0,0,0,1,0,1,0,1,0,0,0,12192.0,2,1,1,1,0,0,1,2,7.5,268.1,0,0,0,0,0,1
258100,76.453,0.287,1,1,1,0,8.913,0.0,0,0,1,0,13.435,0.0,0,0.0,0,0,0,1,0,1,0,1,0,0,0,12192.0,2,1,1,1,0,0,1,2,7.3,271.9,0,0,0,0,0,1
258200,76.48,0.272,1,1,1,0,8.913,0.0,0,0,1,0,13.435,0.0,0,0.0,0,0,0,1,0,1,0,1,0,0,0,12192.0,2,1,1,1,0,0,1,2,8.5,267.0,0,0,0,0,0,1
258300,76.506,0.258,1,1,1,0,8.913,0.0,0,0,1,0,13.435,0.0,0,0.0,0,0,0,1,0,1,0,1,0,0,0,12192.0,2,1,1,1,0,0,1,2,8.2,272.3,0,0,0,0,0,1
258400,76.53,0.243,1,1,1,0,8.913,0.0,0,0,1,0,13.435,0.0,0,0.0,0,0,0,1,0,1,0,1,0,0,0,12192.0,2,1,1,1,0,0,1,2,7.6,270.4,0,0,0,0,0,1
258500,76.553,0.228,1,1,1,0,8.913,0.0,0,0,1,0,13.435,0.0,0,0.0,0,0,0,1,0,1,0,1,0,0,0,12192.0,2,1,1,1,0,0,1,2,7.8,272.8,0,0,0,0,0,1
258600,76.574,0.214,1,1,1,0,8.913,0.0,0,0,1,0,13.435,0.0,0,0.0,0,0,0,1,0,1,0,1,0,0,0,12192.0,2,1,1,1,0,0,1,2,7.4,268.6,0,0,0,0,0,1
258700,76.594,0.199,1,1,1,0,8.913,0.0,0,0,1,0,13.435,0.0,0,0.0,0,0,0,1,0,1,0,1,0,0,0,12192.0,2,1,1,1,0,0,1,2,7.2,268.8,0,0,0,0,0,1
258800,76.613,0.184,1,1,1,0,8.913,0.0,0,0,1,0,13.435,0.0,0,0.0,0,0,0,1,0,1,0,1,0,0,0,12192.0,2,1,1,1,0,0,1,2,7.6,269.8,0,0,0,0,0,1
258900,76.629,0.169,1,1,1,0,8.913,0.0,0,0,1,0,13.435,0.0,0,0.0,0,0,0,1,0,1,0,1,0,0,0,12192.0,2,1,1,1,0,0,1,2,7.5,269.0,0,0,0,0,0,1
259000,76.645,0.155,1,1,1,0,8.913,0.0,0,0,1,0,13.435,0.0,0,0.0,0,0,0,1,0,1,0,1,0,0,0,12192.0,2,1,1,1,0,0,1,2,8.0,268.8,0,0,0,0,0,1
259100,76.659,0.14,1,1,1,0,8.913,0.0,0,0,1,0,13.435,0.0,0,0.0,0,0,0,1,0,1,0,1,0,0,0,12192.0,2,1,1,1,0,0,1,2,7.5,266.6,0,0,0,0,0,1
259200,76.671,0.125,1,1,1,0,8.913,0.0,0,0,1,0,13.435,0.0,0,0.0,0,0,0,1,0,1,0,1,0,0,0,12192.0,2,1,1,1,0,0,1,2,7.6,266.8,0,0,0,0,0,1
259300,76.682,0.11,1,1,1,0,8.913,0.0,0,0,1,0,13.435,0.0,0,0.0,0,0,0,1,0,1,0,1,0,0,0,12192.0,2,1,1,1,0,0,1,2,6.7,272.8,0,0,0,0,0,1
259400,76.692,0.096,1,1,1,0,8.913,0.0,0,0,1,0,13.435,0.0,0,0.0,0,0,0,1,0,1,0,1,0,0,0,12192.0,2,1,1,1,0,0,1,2,7.1,272.7,0,0,0,0,0,1
259500,76.7,0.081,1,1,1,0,8.913,0.0,0,0,1,0,13.435,0.0,0,0.0,0,0,0,1,0,1,0,1,0,0,0,12192.0,2,1,1,1,0,0,1,2,7.5,273.5,0,0,0,0,0,1
259600,76.707,0.066,1,1,1,0,8.913,0.0,0,0,1,0,13.435,0.0,0,0.0,0,0,0,1,0,1,0,1,0,0,0,12192.0,2,1,1,1,0,0,1,2,7.7,269.0,0,0,0,0,0,1
259700,76.712,0.052,1,1,1,0,8.913,0.0,0,0,1,0,13.435,0.0,0,0.0,0,0,0,1,0,1,0,1,0,0,0,12192.0,2,1,1,1,0,0,1,2,8.0,269.9,0,0,0,0,0,1
259800,76.716,0.037,1,1,1,0,8.913,0.0,0,0,1,0,13.435,0.0,0,0.0,0,0,0,1,0,1,0,1,0,0,0,12192.0,2,1,1,1,0,0,1,2,8.0,271.1,0,0,0,0,0,1
259900,76.718,0.022,1,1,1,0,8.913,0.0,0,0,1,0,13.43,-0.05,0,0.0,0,0,1,1,0,1,0,1,0,0,0,12192.0,2,1,1,1,0,0,1,2,7.5,273.2,0,0,0,0,0,1
260000,76.719,0.0,0,0,1,0,8.913,0.0,0,0,1,0,13.42,-0.101,0,0.0,0,0,1,1,0,1,0,1,0,0,0,12192.0,2,1,1,1,0,0,1,2,8.7,274.2,0,0,0,0,0,1
260100,76.719,0.0,0,0,1,0,8.913,0.0,0,0,1,0,13.405,-0.151,0,0.0,0,0,1,1,0,1,0,1,0,0,0,12192.0,2,1,1,1,0,0,1,2,7.5,272.6,0,0,0,0,0,1
260200,76.719,0.0,0,0,1,0,8.913,0.0,0,0,1,0,13.384,-0.201,0,0.0,0,0,1,1,0,1,0,1,0,0,0,12192.0,2,1,1,1,0,0,1,2,7.7,271.3,0,0,0,0,0,1
260300,76.719,0.0,0,0,1,0,8.913,0.0,0,0,1,0,13.359,-0.251,0,0.0,0,0,1,1,0,1,0,1,0,0,0,12192.0,2,1,1,1,0,0,1,2,9.1,271.2,0,0,0,0,0,1
260400,76.719,0.0,0,0,1,0,8.913,0.0,0,0,1,0,13.329,-0.302,0,0.0,0,0,1,1,0,1,0,1,0,0,0,12192.0,2,1,1,1,0,0,1,2,8.5,268.7,0,0,0,0,0,1
260500,76.719,0.0,0,0,1,0,8.913,0.0,0,0,1,0,13.294,-0.352,0,0.0,0,0,1,1,0,1,0,1,0,0,0,12192.0,2,1,1,1,0,0,1,2,8.2,268.3,0,0,0,0,0,1
260600,76.719,0.0,0,0,1,0,8.913,0.0,0,0,1,0,13.254,-0.402,0,0.0,0,0,1,1,0,1,0,1,0,0,0,12192.0,2,1,1,1,0,0,1,2,8.4,264.8,0,0,0,0,0,1
260700,76.719,0.0,0,0,1,0,8.913,0.0,0,0,1,0,13.208,-0.452,0,0.0,0,0,1,1,0,1,0,1,0,0,0,12192.0,2,1,1,1,0,0,1,2,8.1,266.3,0,0,0,0,0,1
260800,76.719,0.0,0,0,1,0,8.913,0.0,0,0,1,0,13.158,-0.503,0,0.0,0,0,1,1,0,1,0,1,0,0,0,12192.0,2,1,1,1,0,0,1,2,8.9,269.4,0,0,0,0,0,1
260900,76.719,0.0,0,0,1,0,8.913,0.0,0,0,1,0,13.103,-0.553,0,0.0,0,0,1,1,0,1,0,1,0,0,0,12192.0,2,1,1,1,0,0,1,2,8.0,268.0,0,0,0,0,0,1
261000,76.719,0.0,0,0,1,0,8.913,0.0,0,0,1,0,13.043,-0.603,0,0.0,0,0,1,1,0,1,0,1,0,0,0,12192.0,2,1,1,1,0,0,1,2,8.0,271.5,0,0,0,0,0,1
261100,76.719,0.0,0,0,1,0,8.913,0.0,0,0,1,0,12.977,-0.654,0,0.0,0,0,1,1,0,1,0,1,0,0,0,12192.0,2,1,1,1,0,0,1,2,8.1,270.8,0,0,0,0,0,1
261200,76.719,0.0,0,0,1,0,8.913,0.0,0,0,1,0,12.907,-0.704,0,0.0,0,0,1,1,0,1,0,1,0,0,0,12192.0,2,1,1,1,0,0,1,2,8.3,276.7,0,0,0,0,0,1
261300,76.719,0.0,0,0,1,0,8.913,0.0,0,0,1,0,12.831,-0.754,0,0.0,0,0,1,1,0,1,0,1,0,0,0,12192.0,2,1,1,1,0,0,1,2,8.7,273.7,0,0,0,0,0,1
261400,76.719,0.0,0,0,1,0,8.913,0.0,0,0,1,0,12.751,-0.804,0,0.0,0,0,1,1,0,1,0,1,0,0,0,12192.0,2,1,1,1,0,0,1,2,8.6,271.0,0,0,0,0,0,1
261500,76.719,0.0,0,0,1,0,8.913,0.0,0,0,1,0,12.666,-0.855,0,0.0,0,0,1,1,0,1,0,1,0,0,0,12192.0,2,1,1,1,0,0,1,2,8.1,271.1,0,0,0,0,0,1
261600,76.719,0.0,0,0,1,0,8.913,0.0,0,0,1,0,12.575,-0.905,0,0.0,0,0,1,1,0,1,0,1,0,0,0,12192.0,2,1,1,1,0,0,1,2,8.4,272.2,0,0,0,0,0,1
261700,76.719,0.0,0,0,1,0,8.913,0.0,0,0,1,0,12.48,-0.955,0,0.0,0,0,1,1,0,1,0,1,0,0,0,12192.0,2,1,1,1,0,0,1,2,9.0,268.1,0,0,0,0,0,1
261800,76.719,0.0,0,0,1,0,8.913,0.0,0,0,1,0,12.379,-1.005,0,0.0,0,0,1,1,0,1,0,1,0,0,0,12192.0,2,1,1,1,0,0,1,2,8.7,270.7,0,0,0,0,0,1
261900,76.719,0.0,0,0,1,0,8.913,0.0,0,0,1,0,12.273,-1.056,0,0.0,0,0,1,1,0,1,0,1,0,0,0,12192.0,2,1,1,1,0,0,1,2,9.1,268.7,0,0,0,0,0,1
262000,76.719,0.0,0,0,1,0,8.913,0.0,0,0,1,0,12.163,-1.106,0,0.0,0,0,1,1,0,1,0,1,0,0,0,12192.0,2,1,1,1,0,0,1,2,9.3,268.3,0,0,0,0,0,1
262100,76.719,0.0,0,0,1,0,8.913,0.0,0,0,1,0,12.047,-1.156,0,0.0,0,0,1,1,0,1,0,1,0,0,0,12192.0,2,1,1,1,0,0,1,2,8.2,272.6,0,0,0,0,0,1
262200,76.719,0.0,0,0,1,0,8.913,0.0,0,0,1,0,11.927,-1.207,0,0.0,0,0,1,1,0,1,0,1,0,0,0,12192.0,2,1,1,1,0,0,1,2,8.1,269.3,0,0,0,0,0,1
262300,76.719,0.0,0,0,1,0,8.913,0.0,0,0,1,0,11.801,-1.257,0,0.0,0,0,1,1,0,1,0,1,0,0,0,12192.0,2,1,1,1,0,0,1,2,9.1,274.4,0,0,0,0,0,1
262400,76.719,0.0,0,0,1,0,8.913,0.0,0,0,1,0,11.671,-1.302,0,0.0,0,0,1,1,0,1,0,1,0,0,0,12192.0,2,1,1,1,0,0,1,2,8.5,271.6,0,0,0,0,0,1
262500,76.719,0.0,0,0,1,0,8.913,0.0,0,0,1,0,11.54,-1.302,0,0.0,0,0,1,1,0,1,0,1,0,0,0,12192.0,2,1,1,1,0,0,1,2,8.8,269.6,0,0,0,0,0,1
262600,76.719,0.0,0,0,1,0,8.913,0.0,0,0,1,0,11.41,-1.302,0,0.0,0,0,1,1,0,1,0,1,0,0,0,12192.0,2,1,1,1,0,0,1,2,9.4,268.5,0,0,0,0,0,1
262700,76.719,0.0,0,0,1,0,8.913,0.0,0,0,1,0,11.28,-1.302,0,0.0,0,0,1,1,0,1,0,1,0,0,0,12192.0,2,1,1,1,0,0,1,2,9.0,275.2,0,0,0,0,0,1
262800,76.719,0.0,0,0,1,0,8.913,0.0,0,0,1,0,11.15,-1.302,0,0.0,0,0,1,1,0,1,0,1,0,0,0,12192.0,2,1,1,1,0,0,1,2,8.1,267.7,0,0,0,0,0,1
262900,76.719,0.0,0,0,1,0,8.913,0.0,0,0,1,0,11.019,-1.302,0,0.0,0,0,1,1,0,1,0,1,0,0,0,12192.0,2,1,1,1,0,0,1,2,8.5,270.8,0,0,0,0,0,1
263000,76.719,0.0,0,0,1,0,8.913,0.0,0,0,1,0,10.889,-1.302,0,0.0,0,0,1,1,0,1,0,1,0,0,0,12192.0,2,1,1,1,0,0,1,2,9.5,265.2,0,0,0,0,0,1
263100,76.719,0.0,0,0,1,0,8.913,0.0,0,0,1,0,10.759,-1.302,0,0.0,0,0,1,1,0,1,0,1,0,0,0,12192.0,2,1,1,1,0,0,1,2,9.6,266.7,0,0,0,0,0,1
263200,76.719,0.0,0,0,1,0,8.913,0.0,0,0,1,0,10.629,-1.302,0,0.0,0,0,1,1,0,1,0,1,0,0,0,12192.0,2,1,1,1,0,0,1,2,8.8,271.7,0,0,0,0,0,1
263300,76.719,0.0,0,0,1,0,8.913,0.0,0,0,1,0,10.499,-1.302,0,0.0,0,0,1,1,0,1,0,1,0,0,0,12192.0,2,1,1,1,0,0,1,2,8.7,272.3,0,0,0,0,0,1
263400,76.719,0.0,0,0,1,0,8.913,0.0,0,0,1,0,10.368,-1.302,0,0.0,0,0,1,1,0,1,0,1,0,0,0,12192.0,2,1,1,1,0,0,1,2,8.1,271.7,0,0,0,0,0,1
263500,76.719,0.0,0,0,1,0,8.913,0.0,0,0,1,0,10.238,-1.302,0,0.0,0,0,1,1,0,1,0,1,0,0,0,12192.0,2,1,1,1,0,0,1,2,8.8,274.0,0,0,0,0,0,1
263600,76.719,0.0,0,0,1,0,8.913,0.0,0,0,1,0,10.108,-1.302,0,0.0,0,0,1,1,0,1,0,1,0,0,0,12192.0,2,1,1,1,0,0,1,2,8.8,271.0,0,0,0,0,0,1
263700,76.719,0.0,0,0,1,0,8.913,0.0,0,0,1,0,9.978,-1.302,0,0.0,0,0,1,1,0,1,0,1,0,0,0,12192.0,2,1,1,1,0,0,1,2,8.7,273.0,0,0,0,0,0,1
263800,76.719,0.0,0,0,1,0,8.913,0.0,0,0,1,0,9.847,-1.302,0,0.0,0,0,1,1,0,1,0,1,0,0,0,12192.0,2,1,1,1,0,0,1,2,8.4,268.4,0,0,0,0,0,1
263900,76.719,0.0,0,0,1,0,8.913,0.0,0,0,1,0,9.717,-1.302,0,0.0,0,0,1,1,0,1,0,1,0,0,0,12192.0,2,1,1,1,0,0,1,2,8.3,268.8,0,0,0,0,0,1
264000,76.719,0.0,0,0,1,0,8.913,0.0,0,0,1,0,9.587,-1.302,0,0.0,0,0,1,1,0,1,0,1,0,0,0,12192.0,2,1,1,1,0,0,1,2,9.4,268.9,0,0,0,0,0,1
264100,76.719,0.0,0,0,1,0,8.913,0.0,0,0,1,0,9.457,-1.302,0,0.0,0,0,1,1,0,1,0,1,0,0,0,12192.0,2,1,1,1,0,0,1,2,8.4,266.0,0,0,0,0,0,1
264200,76.719,0.0,0,0,1,0,8.913,0.0,0,0,1,0,9.326,-1.302,0,0.0,0,0,1,1,0,1,0,1,0,0,0,12192.0,2,1,1,1,0,0,1,2,8.9,270.8,0,0,0,0,0,1
264300,76.719,0.0,0,0,1,0,8.913,0.0,0,0,1,0,9.196,-1.302,0,0.0,0,0,1,1,0,1,0,1,0,0,0,12192.0,2,1,1,1,0,0,1,2,7.7,271.4,0,0,0,0,0,1
264400,76.719,0.0,0,0,1,0,8.913,0.0,0,0,1,0,9.066,-1.302,0,0.0,0,0,1,1,0,1,0,1,0,0,0,12192.0,2,1,1,1,0,0,1,2,8.5,267.2,0,0,0,0,0,1
264500,76.719,0.0,0,0,1,0,8.913,0.0,0,0,1,0,8.936,-1.302,0,0.0,0,0,1,1,0,1,0,1,0,0,0,12192.0,2,1,1,1,0,0,1,2,8.0,274.5,0,0,0,0,0,1
264600,76.719,0.0,0,0,1,0,8.913,0.0,0,0,1,0,8.806,-1.302,0,0.0,0,0,1,1,0,1,0,1,0,0,0,12192.0,2,1,1,1,0,0,1,2,8.4,274.3,0,0,0,0,0,1
264700,76.719,0.0,0,0,1,0,8.913,0.0,0,0,1,0,8.675,-1.302,0,0.0,0,0,1,1,0,1,0,1,0,0,0,12192.0,2,1,1,1,0,0,1,2,8.5,267.6,0,0,0,0,0,1
264800,76.719,0.0,0,0,1,0,8.913,0.0,0,0,1,0,8.545,-1.302,0,0.0,0,0,1,1,0,1,0,1,0,0,0,12192.0,2,1,1,1,0,0,1,2,8.8,265.8,0,0,0,0,0,1
264900,76.719,0.0,0,0,1,0,8.913,0.0,0,0,1,0,8.415,-1.302,0,0.0,0,0,1,1,0,1,0,1,0,0,0,12192.0,2,1,1,1,0,0,1,2,8.0,271.6,0,0,0,0,0,1
265000,76.719,0.0,0,0,1,0,8.913,0.0,0,0,1,0,8.285,-1.302,0,0.0,0,0,1,1,0,1,0,1,0,0,0,12192.0,2,1,1,1,0,0,1,2,8.0,275.2,0,0,0,0,0,1
265100,76.719,0.0,0,0,1,0,8.913,0.0,0,0,1,0,8.154,-1.302,0,0.0,0,0,1,1,0,1,0,1,0,0,0,12192.0,2,1,1,1,0,0,1,2,7.8,269.8,0,0,0,0,0,1
265200,76.719,0.0,0,0,1,0,8.913,0.0,0,0,1,0,8.024,-1.302,0,0.0,0,0,1,1,0,1,0,1,0,0,0,12192.0,2,1,1,1,0,0,1,2,7.6,271.1,0,0,0,0,0,1
265300,76.719,0.0,0,0,1,0,8.913,0.0,0,0,1,0,7.894,-1.302,0,0.0,0,0,1,1,0,1,0,1,0,0,0,12192.0,2,1,1,1,0,0,1,2,8.7,266.0,0,0,0,0,0,1
265400,76.719,0.0,0,0,1,0,8.913,0.0,0,0,1,0,7.764,-1.302,0,0.0,0,0,1,1,0,1,0,1,0,0,0,12192.0,2,1,1,1,0,0,1,2,7.8,270.3,0,0,0,0,0,1
265500,76.719,0.0,0,0,1,0,8.913,0.0,0,0,1,0,7.634,-1.302,0,0.0,0,0,1,1,0,1,0,1,0,0,0,12192.0,2,1,1,1,0,0,1,2,8.1,270.5,0,0,0,0,0,1
265600,76.719,0.0,0,0,1,0,8.913,0.0,0,0,1,0,7.503,-1.302,0,0.0,0,0,1,1,0,1,0,1,0,0,0,12192.0,2,1,1,1,0,0,1,2,7.9,269.8,0,0,0,0,0,1
265700,76.719,0.0,0,0,1,0,8.913,0.0,0,0,1,0,7.373,-1.302,0,0.0,0,0,1,1,0,1,0,1,0,0,0,12192.0,2,1,1,1,0,0,1,2,7.6,272.6,0,0,0,0,0,1
265800,76.719,0.0,0,0,1,0,8.913,0.0,0,0,1,0,7.243,-1.302,0,0.0,0,0,1,1,0,1,0,1,0,0,0,12192.0,2,1,1,1,0,0,1,2,8.5,268.7,0,0,0,0,0,1
265900,76.719,0.0,0,0,1,0,8.913,0.0,0,0,1,0,7.113,-1.302,0,0.0,0,0,1,1,0,1,0,1,0,0,0,12192.0,2,1,1,1,0,0,1,2,7.2,270.5,0,0,0,0,0,1
266000,76.719,0.0,0,0,1,0,8.913,0.0,0,0,1,0,6.982,-1.302,0,0.0,0,0,1,1,0,1,0,1,0,0,0,12192.0,2,1,1,1,0,0,1,2,7.2,275.0,0,0,0,0,0,1
266100,76.719,0.0,0,0,1,0,8.913,0.0,0,0,1,0,6.852,-1.302,0,0.0,0,0,1,1,0,1,0,1,0,0,0,12192.0,2,1,1,1,0,0,1,2,7.5,269.3,0,0,0,0,0,1
266200,76.719,0.0,0,0,1,0,8.913,0.0,0,0,1,0,6.722,-1.302,0,0.0,0,0,1,1,0,1,0,1,0,0,0,12192.0,2,1,1,1,0,0,1,2,8.1,270.3,0,0,0,0,0,1
266300,76.719,0.0,0,0,1,0,8.913,0.0,0,0,1,0,6.592,-1.302,0,0.0,0,0,1,1,0,1,0,1,0,0,0,12192.0,2,1,1,1,0,0,1,2,7.4,268.6,0,0,0,0,0,1
266400,76.719,0.0,0,0,1,0,8.913,0.0,0,0,1,0,6.461,-1.302,0,0.0,0,0,1,1,0,1,0,1,0,0,0,12192.0,2,1,1,1,0,0,1,2,7.3,268.8,0,0,0,0,0,1
266500,76.719,0.0,0,0,1,0,8.913,0.0,0,0,1,0,6.331,-1.302,0,0.0,0,0,1,1,0,1,0,1,0,0,0,12192.0,2,1,1,1,0,0,1,2,7.3,274.2,0,0,0,0,0,1
266600,76.719,0.0,0,0,1,0,8.913,0.0,0,0,1,0,6.201,-1.302,0,0.0,0,0,1,1,0,1,0,1,0,0,0,12192.0,2,1,1,1,0,0,1,2,7.6,265.5,0,0,0,0,0,1
266700,76.719,0.0,0,0,1,0,8.913,0.0,0,0,1,0,6.071,-1.302,0,0.0,0,0,1,1,0,1,0,1,0,0,0,12192.0,2,1,1,1,0,0,1,2,7.7,273.8,0,0,0,0,0,1
266800,76.719,0.0,0,0,1,0,8.913,0.0,0,0,1,0,5.941,-1.302,0,0.0,0,0,1,1,0,1,0,1,0,0,0,12192.0,2,1,1,1,0,0,1,2,7.3,273.7,0,0,0,0,0,1
266900,76.719,0.0,0,0,1,0,8.913,0.0,0,0,1,0,5.81,-1.302,0,0.0,0,0,1,1,0,1,0,1,0,0,0,12192.0,2,1,1,1,0,0,1,2,7.9,272.7,0,0,0,0,0,1
267000,76.719,0.0,0,0,1,0,8.913,0.0,0,0,1,0,5.68,-1.302,0,0.0,0,0,1,1,0,1,0,1,0,0,0,12192.0,2,1,1,1,0,0,1,2,6.7,271.4,0,0,0,0,0,1
267100,76.719,0.0,0,0,1,0,8.913,0.0,0,0,1,0,5.55,-1.302,0,0.0,0,0,1,1,0,1,0,1,0,0,0,12192.0,2,1,1,1,0,0,1,2,7.5,274.4,0,0,0,0,0,1
267200,76.719,0.0,0,0,1,0,8.913,0.0,0,0,1,0,5.42,-1.302,0,0.0,0,0,1,1,0,1,0,1,0,0,0,12192.0,2,1,1,1,0,0,1,2,7.0,272.2,0,0,0,0,0,1
267300,76.719,0.0,0,0,1,0,8.913,0.0,0,0,1,0,5.289,-1.302,0,0.0,0,0,1,1,0,1,0,1,0,0,0,12192.0,2,1,1,1,0,0,1,2,7.8,269.2,0,0,0,0,0,1
267400,76.719,0.0,0,0,1,0,8.913,0.0,0,0,1,0,5.159,-1.302,0,0.0,0,0,1,1,0,1,0,1,0,0,0,12192.0,2,1,1,1,0,0,1,2,5.9,268.9,0,0,0,0,0,1
267500,76.719,0.0,0,0,1,0,8.913,0.0,0,0,1,0,5.029,-1.302,0,0.0,0,0,1,1,0,1,0,1,0,0,0,12192.0,2,1,1,1,0,0,1,2,7.4,268.0,0,0,0,0,0,1
267600,76.719,0.0,0,0,1,0,8.913,0.0,0,0,1,0,4.899,-1.302,0,0.0,0,0,1,1,0,1,0,1,0,0,0,12192.0,2,1,1,1,0,0,1,2,8.1,271.7,0,0,0,0,0,1
267700,76.719,0.0,0,0,1,0,8.913,0.0,0,0,1,0,4.768,-1.302,0,0.0,0,0,1,1,0,1,0,1,0,0,0,12192.0,2,1,1,1,0,0,1,2,7.9,271.0,0,0,0,0,0,1
267800,76.719,0.0,0,0,1,0,8.913,0.0,0,0,1,0,4.638,-1.302,0,0.0,0,0,1,1,0,1,0,1,0,0,0,12192.0,2,1,1,1,0,0,1,2,7.7,268.4,0,0,0,0,0,1
267900,76.719,0.0,0,0,1,0,8.913,0.0,0,0,1,0,4.508,-1.302,0,0.0,0,0,1,1,0,1,0,1,0,0,0,12192.0,2,1,1,1,0,0,1,2,7.8,274.1,0,0,0,0,0,1
268000,76.719,0.0,0,0,1,0,8.913,0.0,0,0,1,0,4.378,-1.302,0,0.0,0,0,1,1,0,1,0,1,0,0,0,12192.0,2,1,1,1,0,0,1,2,7.6,265.6,0,0,0,0,0,1
268100,76.719,0.0,0,0,1,0,8.913,0.0,0,0,1,0,4.248,-1.302,0,0.0,0,0,1,1,0,1,0,1,0,0,0,12192.0,2,1,1,1,0,0,1,2,7.6,270.1,0,0,0,0,0,1
268200,76.719,0.0,0,0,1,0,8.913,0.0,0,0,1,0,4.122,-1.252,0,0.0,0,0,1,1,0,1,0,1,0,0,0,12192.0,2,1,1,1,0,0,1,2,8.4,268.4,0,0,0,0,0,1
268300,76.719,0.0,0,0,1,0,8.913,0.0,0,0,1,0,4.002,-1.202,0,0.0,0,0,1,1,0,1,0,1,0,0,0,12192.0,2,1,1,1,0,0,1,2,7.9,269.0,0,0,0,0,0,1
268400,76.719,0.0,0,0,1,0,8.913,0.0,0,0,1,0,3.887,-1.151,0,0.0,0,0,1,1,0,1,0,1,0,0,0,12192.0,2,1,1,1,0,0,1,2,8.3,264.8,0,0,0,0,0,1
268500,76.719,0.0,0,0,1,0,8.913,0.0,0,0,1,0,3.777,-1.101,0,0.0,0,0,1,1,0,1,0,1,0,0,0,12192.0,2,1,1,1,0,0,1,2,7.7,274.2,0,0,0,0,0,1
268600,76.719,0.0,0,0,1,0,8.913,0.0,0,0,1,0,3.672,-1.051,0,0.0,0,0,1,1,0,1,0,1,0,0,0,12192.0,2,1,1,1,0,0,1,2,7.8,265.3,0,0,0,0,0,1
268700,76.719,0.0,0,0,1,0,8.913,0.0,0,0,1,0,3.572,-1.001,0,0.0,0,0,1,1,0,1,0,1,0,0,0,12192.0,2,1,1,1,0,0,1,2,7.3,267.7,0,0,0,0,0,1
268800,76.719,0.0,0,0,1,0,8.913,0.0,0,0,1,0,3.477,-0.95,0,0.0,0,0,1,1,0,1,0,1,0,0,0,12192.0,2,1,1,1,0,0,1,2,8.5,272.3,0,0,0,0,0,1
268900,76.719,0.0,0,0,1,0,8.913,0.0,0,0,1,0,3.387,-0.9,0,0.0,0,0,1,1,0,1,0,1,0,0,0,12192.0,2,1,1,1,0,0,1,2,8.3,268.2,0,0,0,0,0,1
269000,76.719,0.0,0,0,1,0,8.913,0.0,0,0,1,0,3.302,-0.85,0,0.0,0,0,1,1,0,1,0,1,0,0,0,12192.0,2,1,1,1,0,0,1,2,7.7,272.8,0,0,0,0,0,1
269100,76.719,0.0,0,0,1,0,8.913,0.0,0,0,1,0,3.222,-0.8,0,0.0,0,0,1,1,0,1,0,1,0,0,0,12192.0,2,1,1,1,0,0,1,2,7.7,269.6,0,0,0,0,0,1
269200,76.719,0.0,0,0,1,0,8.913,0.0,0,0,1,0,3.147,-0.749,0,0.0,0,0,1,1,0,1,0,1,0,0,0,12192.0,2,1,1,1,0,0,1,2,7.9,273.4,0,0,0,0,0,1
269300,76.719,0.0,0,0,1,0,8.913,0.0,0,0,1,0,3.072,-0.751,0,0.0,0,0,1,1,0,1,0,1,0,0,0,12192.0,2,1,1,1,0,0,1,2,7.9,269.1,0,0,0,0,0,1
269400,76.719,0.0,0,0,1,0,8.913,0.0,0,0,1,0,3.002,-0.699,0,0.0,0,0,1,1,0,1,0,1,0,0,0,12192.0,2,1,1,1,0,0,1,2,7.0,272.1,0,0,0,0,0,1
269500,76.719,0.0,0,0,1,0,8.913,0.0,0,0,1,0,2.937,-0.647,0,0.0,0,0,1,1,0,1,0,1,0,0,0,12192.0,2,1,1,1,0,0,1,2,8.5,267.5,0,0,0,0,0,1
269600,76.719,0.0,0,0,1,0,8.913,0.0,0,0,1,0,2.878,-0.594,0,0.0,0,0,1,1,0,1,0,1,0,0,0,12192.0,2,1,1,1,0,0,1,2,8.1,268.6,0,0,0,0,0,1
269700,76.719,0.0,0,0,1,0,8.913,0.0,0,0,1,0,2.824,-0.542,0,0.0,0,0,1,1,0,1,0,1,0,0,0,12192.0,2,1,1,1,0,0,1,2,7.8,270.7,0,0,0,0,0,1
269800,76.719,0.0,0,0,1,0,8.913,0.0,0,0,1,0,2.775,-0.489,0,0.0,0,0,1,1,0,1,0,1,0,0,0,12192.0,2,1,1,1,0,0,1,2,8.7,273.3,0,0,0,0,0,1
269900,76.719,0.0,0,0,1,0,8.913,0.0,0,0,1,0,2.731,-0.436,0,0.0,0,0,1,1,0,1,0,1,0,0,0,12192.0,2,1,1,1,0,0,1,2,8.6,270.5,0,0,0,0,0,1
270000,76.719,0.0,0,0,1,0,8.913,0.0,0,0,1,0,2.693,-0.382,0,0.0,0,0,1,1,0,1,0,1,0,0,0,12192.0,2,1,1,1,0,0,1,2,8.1,273.4,0,0,0,0,0,1
270100,76.719,0.0,0,0,1,0,8.913,0.0,0,0,1,0,2.66,-0.328,0,0.0,0,0,1,1,0,1,0,1,0,0,0,12192.0,2,1,1,1,0,0,1,2,8.2,269.0,0,0,0,0,0,1
270200,76.719,0.0,0,0,1,0,8.913,0.0,0,0,1,0,2.633,-0.273,0,0.0,0,0,1,1,0,1,0,1,0,0,0,12192.0,2,1,1,1,0,0,1,2,8.0,269.4,0,0,0,0,0,1
270300,76.719,0.0,0,0,1,0,8.913,0.0,0,0,1,0,2.611,-0.217,0,0.0,0,0,1,1,0,1,0,1,0,0,0,12192.0,2,1,1,1,0,0,1,2,8.4,273.4,0,0,0,0,0,1
270400,76.719,0.0,0,0,1,0,8.913,0.0,0,0,1,0,2.595,-0.159,0,0.0,0,0,1,1,0,1,0,1,0,0,0,12192.0,2,1,1,1,0,0,1,2,8.4,269.6,0,0,0,0,0,1
270500,76.719,0.0,0,0,1,0,8.913,0.0,0,0,1,0,2.586,-0.096,0,0.0,0,0,1,1,0,1,0,1,0,0,0,12192.0,2,1,1,1,0,0,1,2,7.7,275.5,0,0,0,0,0,1
270600,76.719,0.0,0,0,0,0,8.913,0.0,0,0,0,0,2.581,0.0,0,0.0,0,0,0,0,0,1,0,1,0,0,0,12192.0,2,1,1,0,1,0,1,2,8.6,271.3,0,0,0,0,0,1
270700,76.719,0.0,0,0,0,0,8.913,0.0,0,0,0,0,2.581,0.0,0,0.0,0,0,0,0,0,1,0,1,1,1,0,12192.0,2,1,1,0,1,0,1,2,8.5,275.0,0,0,0,0,0,1
270800,76.719,0.0,0,0,0,0,8.913,0.0,0,0,0,0,2.581,0.0,0,0.0,0,0,0,0,0,1,0,1,1,1,0,12192.0,2,1,1,0,1,0,1,2,8.4,273.1,0,0,0,0,0,1
270900,76.719,0.0,0,0,0,0,8.913,0.0,0,0,0,0,2.581,0.0,0,0.0,0,0,0,0,0,1,0,1,1,1,0,12192.0,2,1,1,0,1,0,1,2,9.5,270.3,0,0,0,0,0,1
271000,76.719,0.0,0,0,0,0,8.913,0.0,0,0,0,0,2.581,0.0,0,0.0,0,0,0,0,0,1,0,1,1,1,0,12192.0,2,1,1,0,1,0,1,2,8.5,273.0,0,0,0,0,0,1
271100,76.719,0.0,0,0,0,0,8.913,0.0,0,0,0,0,2.581,0.0,0,0.0,0,0,0,0,0,1,0,1,1,1,0,12192.0,2,1,1,0,1,0,1,2,7.8,273.8,0,0,0,0,0,1
271200,76.719,0.0,0,0,0,0,8.913,0.0,0,0,0,0,2.581,0.0,0,0.0,0,0,0,0,0,1,0,1,1,1,0,12192.0,2,1,1,0,1,0,1,2,7.5,267.9,0,0,0,0,0,1
271300,76.719,0.0,0,0,0,0,8.913,0.0,0,0,0,0,2.581,0.0,0,0.0,0,0,0,0,0,1,0,1,1,1,0,12192.0,2,1,1,0,1,0,1,2,8.2,269.0,0,0,0,0,0,1
271400,76.719,0.0,0,0,0,0,8.913,0.0,0,0,0,0,2.581,0.0,0,0.0,0,0,0,0,0,1,0,1,1,1,0,12192.0,2,1,1,0,1,0,1,2,8.9,272.1,0,0,0,0,0,1
271500,76.719,0.0,0,0,0,0,8.913,0.0,0,0,0,0,2.581,0.0,0,0.0,0,0,0,0,0,1,0,1,1,1,0,12192.0,2,1,1,0,1,0,1,2,8.4,273.8,0,0,0,0,0,1
271600,76.719,0.0,0,0,0,0,8.913,0.0,0,0,0,0,2.581,0.0,0,0.0,0,0,0,0,0,1,0,1,1,1,0,12192.0,2,1,1,0,1,0,1,2,8.3,271.1,0,0,0,0,0,1
271700,76.719,0.0,0,0,0,0,8.913,0.0,0,0,0,0,2.581,0.0,0,0.0,0,0,0,0,0,1,0,1,1,1,0,12192.0,2,1,1,0,1,0,1,2,9.3,274.9,0,0,0,0,0,1
271800,76.719,0.0,0,0,0,0,8.913,0.0,0,0,0,0,2.581,0.0,0,31.91,0,0,0,0,0,1,1,0,1,1,0,12192.0,2,1,1,0,1,0,1,2,8.5,272.8,0,0,0,0,0,1
271900,76.719,0.0,0,0,0,0,8.913,0.0,0,0,0,0,2.581,0.0,0,32.12,0,0,0,0,0,1,1,0,1,1,0,12192.0,2,1,1,0,1,0,1,2,8.7,268.2,0,0,0,0,0,1
272000,76.719,0.0,0,0,0,0,8.913,0.0,0,0,0,0,2.581,0.0,0,31.91,0,0,0,0,0,1,1,0,1,1,0,12192.0,2,1,1,0,1,0,1,2,9.7,270.6,0,0,0,0,0,1
272100,76.719,0.0,0,0,0,0,8.913,0.0,0,0,0,0,2.581,0.0,0,32.04,0,0,0,0,0,1,1,0,1,1,0,12192.0,2,1,1,0,1,0,1,2,8.0,268.9,0,0,0,0,0,1
272200,76.719,0.0,0,0,0,0,8.913,0.0,0,0,0,0,2.581,0.0,0,32.03,0,0,0,0,0,1,1,0,1,1,0,12192.0,2,1,1,0,1,0,1,2,8.0,269.3,0,0,0,0,0,1
272300,76.719,0.0,0,0,0,0,8.913,0.0,0,0,0,0,2.581,0.0,0,31.96,0,0,0,0,0,1,1,0,1,1,0,12192.0,2,1,1,0,1,0,1,2,8.4,268.6,0,0,0,0,0,1
272400,76.719,0.0,0,0,0,0,8.913,0.0,0,0,0,0,2.581,0.0,0,32.07,0,0,0,0,0,1,1,0,1,1,0,12192.0,2,1,1,0,1,0,1,2,8.9,266.8,0,0,0,0,0,1
272500,76.719,0.0,0,0,0,0,8.913,0.0,0,0,0,0,2.581,0.0,0,31.79,0,0,0,0,0,1,1,0,1,1,0,12192.0,2,1,1,0,1,0,1,2,8.2,271.0,0,0,0,0,0,1
272600,76.719,0.0,0,0,0,0,8.913,0.0,0,0,0,0,2.581,0.0,0,31.9,0,0,0,0,0,1,1,0,1,1,0,12192.0,2,1,1,0,1,0,1,2,8.1,274.8,0,0,0,0,0,1
272700,76.719,0.0,0,0,0,0,8.913,0.0,0,0,0,0,2.581,0.0,0,32.0,0,0,0,0,0,1,1,0,1,1,0,12192.0,2,1,1,0,1,0,1,2,8.1,269.0,0,0,0,0,0,1
272800,76.719,0.0,0,0,0,0,8.913,0.0,0,0,0,0,2.581,0.0,0,32.04,0,0,0,0,0,1,1,0,1,1,0,12192.0,2,1,1,0,1,0,1,2,9.4,270.2,0,0,0,0,0,1
272900,76.719,0.0,0,0,0,0,8.913,0.0,0,0,0,0,2.581,0.0,0,31.86,0,0,0,0,0,1,1,0,1,1,0,12192.0,2,1,1,0,1,0,1,2,8.5,267.7,0,0,0,0,0,1
273000,76.719,0.0,0,0,0,0,8.913,0.0,0,0,0,0,2.581,0.0,0,31.91,0,0,0,0,0,1,1,0,1,1,0,12192.0,2,1,1,0,1,0,1,2,7.3,270.0,0,0,0,0,0,1
273100,76.719,0.0,0,0,0,0,8.913,0.0,0,0,0,0,2.581,0.0,0,32.1,0,0,0,0,0,1,1,0,1,1,0,12192.0,2,1,1,0,1,0,1,2,8.1,266.3,0,0,0,0,0,1
273200,76.719,0.0,0,0,0,0,8.913,0.0,0,0,0,0,2.581,0.0,0,31.84,0,0,0,0,0,1,1,0,1,1,0,12192.0,2,1,1,0,1,0,1,2,8.4,266.9,0,0,0,0,0,1
273300,76.719,0.0,0,0,0,0,8.913,0.0,0,0,0,0,2.581,0.0,0,32.14,0,0,0,0,0,1,1,0,1,1,0,12192.0,2,1,1,0,1,0,1,2,7.9,267.3,0,0,0,0,0,1
273400,76.719,0.0,0,0,1,0,8.913,0.0,0,0,1,0,2.586,0.05,1,33.49,0,0,1,1,0,1,1,0,0,1,0,12192.0,2,1,1,1,0,0,1,2,8.4,263.6,0,0,0,0,0,1
273500,76.719,0.0,0,0,1,0,8.913,0.0,0,0,1,0,2.596,0.101,1,33.39,0,0,1,1,0,1,1,0,0,1,0,12192.0,2,1,1,1,0,0,1,2,7.2,270.1,0,0,0,0,0,1
273600,76.719,0.0,0,0,1,0,8.913,0.0,0,0,1,0,2.611,0.151,1,33.71,0,0,1,1,0,1,1,0,0,1,0,12192.0,2,1,1,1,0,0,1,2,7.9,268.1,0,0,0,0,0,1
273700,76.719,0.0,0,0,1,0,8.913,0.0,0,0,1,0,2.631,0.201,1,33.6,0,0,1,1,0,1,1,0,0,1,0,12192.0,2,1,1,1,0,0,1,2,8.0,268.1,0,0,0,0,0,1
273800,76.719,0.0,0,0,1,0,8.913,0.0,0,0,1,0,2.657,0.251,1,33.71,0,0,1,1,0,1,1,0,0,1,0,12192.0,2,1,1,1,0,0,1,2,8.4,271.6,0,0,0,0,0,1
273900,76.719,0.0,0,0,1,0,8.913,0.0,0,0,1,0,2.687,0.302,1,33.66,0,0,1,1,0,1,1,0,0,1,0,12192.0,2,1,1,1,0,0,1,2,8.6,275.0,0,0,0,0,0,1
274000,76.719,0.0,0,0,1,0,8.913,0.0,0,0,1,0,2.722,0.352,1,33.47,0,0,1,1,0,1,1,0,0,1,0,12192.0,2,1,1,1,0,0,1,2,8.1,269.8,0,0,0,0,0,1
274100,76.719,0.0,0,0,1,0,8.913,0.0,0,0,1,0,2.762,0.402,1,33.72,0,0,1,1,0,1,1,0,0,1,0,12192.0,2,1,1,1,0,0,1,2,8.3,264.5,0,0,0,0,0,1
274200,76.719,0.0,0,0,1,0,8.913,0.0,0,0,1,0,2.807,0.452,1,33.67,0,0,1,1,0,1,1,0,0,1,0,12192.0,2,1,1,1,0,0,1,2,7.6,270.1,0,0,0,0,0,1
274300,76.719,0.0,0,0,1,0,8.913,0.0,0,0,1,0,2.858,0.503,1,33.58,0,0,1,1,0,1,1,0,0,1,0,12192.0,2,1,1,1,0,0,1,2,6.7,268.3,0,0,0,0,0,1
274400,76.719,0.0,0,0,1,0,8.913,0.0,0,0,1,0,2.913,0.553,1,33.79,0,0,1,1,0,1,1,0,0,1,0,12192.0,2,1,1,1,0,0,1,2,7.4,272.8,0,0,0,0,0,1
274500,76.719,0.0,0,0,1,0,8.913,0.0,0,0,1,0,2.973,0.603,1,33.65,0,0,1,1,0,1,1,0,0,1,0,12192.0,2,1,1,1,0,0,1,2,7.1,268.7,0,0,0,0,0,1
274600,76.719,0.0,0,0,1,0,8.913,0.0,0,0,1,0,3.039,0.654,1,33.6,0,0,1,1,0,1,1,0,0,1,0,12192.0,2,1,1,1,0,0,1,2,7.5,270.8,0,0,0,0,0,1
274700,76.719,0.0,0,0,1,0,8.913,0.0,0,0,1,0,3.109,0.704,1,33.6,0,0,1,1,0,1,1,0,0,1,0,12192.0,2,1,1,1,0,0,1,2,8.2,269.3,0,0,0,0,0,1
274800,76.719,0.0,0,0,1,0,8.913,0.0,0,0,1,0,3.184,0.754,1,33.6,0,0,1,1,0,1,1,0,0,1,0,12192.0,2,1,1,1,0,0,1,2,7.1,272.5,0,0,0,0,0,1
274900,76.719,0.0,0,0,1,0,8.913,0.0,0,0,1,0,3.265,0.804,1,33.51,0,0,1,1,0,1,1,0,0,1,0,12192.0,2,1,1,1,0,0,1,2,7.8,270.9,0,0,0,0,0,1
275000,76.719,0.0,0,0,1,0,8.913,0.0,0,0,1,0,3.35,0.855,1,33.62,0,0,1,1,0,1,1,0,0,1,0,12192.0,2,1,1,1,0,0,1,2,7.8,270.9,0,0,0,0,0,1
275100,76.719,0.0,0,0,1,0,8.913,0.0,0,0,1,0,3.441,0.905,1,33.61,0,0,1,1,0,1,1,0,0,1,0,12192.0,2,1,1,1,0,0,1,2,8.4,268.4,0,0,0,0,0,1
275200,76.719,0.0,0,0,1,0,8.913,0.0,0,0,1,0,3.536,0.955,1,33.77,0,0,1,1,0,1,1,0,0,1,0,12192.0,2,1,1,1,0,0,1,2,7.7,270.0,0,0,0,0,0,1
275300,76.719,0.0,0,0,1,0,8.913,0.0,0,0,1,0,3.637,1.005,1,33.92,0,0,1,1,0,1,1,0,0,1,0,12192.0,2,1,1,1,0,0,1,2,8.0,272.8,0,0,0,0,0,1
275400,76.719,0.0,0,0,1,0,8.913,0.0,0,0,1,0,3.742,1.056,1,33.66,0,0,1,1,0,1,1,0,0,1,0,12192.0,2,1,1,1,0,0,1,2,7.7,270.2,0,0,0,0,0,1
275500,76.719,0.0,0,0,1,0,8.913,0.0,0,0,1,0,3.853,1.106,1,33.47,0,0,1,1,0,1,1,0,0,1,0,12192.0,2,1,1,1,0,0,1,2,7.5,266.3,0,0,0,0,0,1
275600,76.719,0.0,0,0,1,0,8.913,0.0,0,0,1,0,3.969,1.156,1,33.77,0,0,1,1,0,1,1,0,0,1,0,12192.0,2,1,1,1,0,0,1,2,8.0,271.3,0,0,0,0,0,1
275700,76.719,0.0,0,0,1,0,8.913,0.0,0,0,1,0,4.089,1.207,1,33.58,0,0,1,1,0,1,1,0,0,1,0,12192.0,2,1,1,1,0,0,1,2,7.1,267.0,0,0,0,0,0,1
275800,76.719,0.0,0,0,1,0,8.913,0.0,0,0,1,0,4.215,1.257,1,33.77,0,0,1,1,0,1,1,0,0,1,0,12192.0,2,1,1,1,0,0,1,2,6.3,268.7,0,0,0,0,0,1
275900,76.719,0.0,0,0,1,0,8.913,0.0,0,0,1,0,4.345,1.302,1,33.67,0,0,1,1,0,1,1,0,0,1,0,12192.0,2,1,1,1,0,0,1,2,7.3,273.1,0,0,0,0,0,1
276000,76.719,0.0,0,0,1,0,8.913,0.0,0,0,1,0,4.475,1.302,1,33.74,0,0,1,1,0,1,1,0,0,1,0,12192.0,2,1,1,1,0,0,1,2,7.6,267.1,0,0,0,0,0,1
276100,76.719,0.0,0,0,1,0,8.913,0.0,0,0,1,0,4.606,1.302,1,33.52,0,0,1,1,0,1,1,0,0,1,0,12192.0,2,1,1,1,0,0,1,2,7.8,271.3,0,0,0,0,0,1
276200,76.719,0.0,0,0,1,0,8.913,0.0,0,0,1,0,4.736,1.302,1,33.46,0,0,1,1,0,1,1,0,0,1,0,12192.0,2,1,1,1,0,0,1,2,7.3,272.4,0,0,0,0,0,1
276300,76.719,0.0,0,0,1,0,8.913,0.0,0,0,1,0,4.866,1.302,1,33.53,0,0,1,1,0,1,1,0,0,1,0,12192.0,2,1,1,1,0,0,1,2,7.6,269.6,0,0,0,0,0,1
276400,76.719,0.0,0,0,1,0,8.913,0.0,0,0,1,0,4.996,1.302,1,33.83,0,0,1,1,0,1,1,0,0,1,0,12192.0,2,1,1,1,0,0,1,2,8.0,275.1,0,0,0,0,0,1
276500,76.719,0.0,0,0,1,0,8.913,0.0,0,0,1,0,5.127,1.302,1,33.58,0,0,1,1,0,1,1,0,0,1,0,12192.0,2,1,1,1,0,0,1,2,7.3,268.3,0,0,0,0,0,1
276600,76.719,0.0,0,0,1,0,8.913,0.0,0,0,1,0,5.257,1.302,1,33.56,0,0,1,1,0,1,1,0,0,1,0,12192.0,2,1,1,1,0,0,1,2,7.7,271.8,0,0,0,0,0,1
276700,76.719,0.0,0,0,1,0,8.913,0.0,0,0,1,0,5.387,1.302,1,33.54,0,0,1,1,0,1,1,0,0,1,0,12192.0,2,1,1,1,0,0,1,2,7.2,272.2,0,0,0,0,0,1
276800,76.719,0.0,0,0,1,0,8.913,0.0,0,0,1,0,5.517,1.302,1,33.62,0,0,1,1,0,1,1,0,0,1,0,12192.0,2,1,1,1,0,0,1,2,7.6,269.9,0,0,0,0,0,1
276900,76.719,0.0,0,0,1,0,8.913,0.0,0,0,1,0,5.648,1.302,1,33.63,0,0,1,1,0,1,1,0,0,1,0,12192.0,2,1,1,1,0,0,1,2,7.0,266.6,0,0,0,0,0,1
277000,76.719,0.0,0,0,1,0,8.913,0.0,0,0,1,0,5.778,1.302,1,33.84,0,0,1,1,0,1,1,0,0,1,0,12192.0,2,1,1,1,0,0,1,2,8.5,269.8,0,0,0,0,0,1
277100,76.719,0.0,0,0,1,0,8.913,0.0,0,0,1,0,5.908,1.302,1,33.7,0,0,1,1,0,1,1,0,0,1,0,12192.0,2,1,1,1,0,0,1,2,7.3,272.0,0,0,0,0,0,1
277200,76.719,0.0,0,0,1,0,8.913,0.0,0,0,1,0,6.038,1.302,1,33.51,0,0,1,1,0,1,1,0,0,1,0,12192.0,2,1,1,1,0,0,1,2,7.0,269.6,0,0,0,0,0,1
277300,76.719,0.0,0,0,1,0,8.913,0.0,0,0,1,0,6.168,1.302,1,33.76,0,0,1,1,0,1,1,0,0,1,0,12192.0,2,1,1,1,0,0,1,2,6.6,273.3,0,0,0,0,0,1
277400,76.719,0.0,0,0,1,0,8.913,0.0,0,0,1,0,6.299,1.302,1,33.72,0,0,1,1,0,1,1,0,0,1,0,12192.0,2,1,1,1,0,0,1,2,8.4,275.0,0,0,0,0,0,1
277500,76.719,0.0,0,0,1,0,8.913,0.0,0,0,1,0,6.429,1.302,1,33.73,0,0,1,1,0,1,1,0,0,1,0,12192.0,2,1,1,1,0,0,1,2,7.7,276.2,0,0,0,0,0,1
277600,76.719,0.0,0,0,1,0,8.913,0.0,0,0,1,0,6.559,1.302,1,33.61,0,0,1,1,0,1,1,0,0,1,0,12192.0,2,1,1,1,0,0,1,2,7.9,272.2,0,0,0,0,0,1
277700,76.719,0.0,0,0,1,0,8.913,0.0,0,0,1,0,6.689,1.302,1,33.43,0,0,1,1,0,1,1,0,0,1,0,12192.0,2,1,1,1,0,0,1,2,8.5,268.6,0,0,0,0,0,1
277800,76.719,0.0,0,0,1,0,8.913,0.0,0,0,1,0,6.82,1.302,1,33.49,0,0,1,1,0,1,1,0,0,1,0,12192.0,2,1,1,1,0,0,1,2,8.1,271.4,0,0,0,0,0,1
277900,76.719,0.0,0,0,1,0,8.913,0.0,0,0,1,0,6.95,1.302,1,33.68,0,0,1,1,0,1,1,0,0,1,0,12192.0,2,1,1,1,0,0,1,2,8.4,272.9,0,0,0,0,0,1
278000,76.719,0.0,0,0,1,0,8.913,0.0,0,0,1,0,7.08,1.302,1,33.59,0,0,1,1,0,1,1,0,0,1,0,12192.0,2,1,1,1,0,0,1,2,8.1,271.8,0,0,0,0,0,1
278100,76.719,0.0,0,0,1,0,8.913,0.0,0,0,1,0,7.21,1.302,1,33.77,0,0,1,1,0,1,1,0,0,1,0,12192.0,2,1,1,1,0,0,1,2,7.6,268.9,0,0,0,0,0,1
278200,76.719,0.0,0,0,1,0,8.913,0.0,0,0,1,0,7.341,1.302,1,33.6,0,0,1,1,0,1,1,0,0,1,0,12192.0,2,1,1,1,0,0,1,2,8.6,270.8,0,0,0,0,0,1
278300,76.719,0.0,0,0,1,0,8.913,0.0,0,0,1,0,7.471,1.302,1,33.61,0,0,1,1,0,1,1,0,0,1,0,12192.0,2,1,1,1,0,0,1,2,8.6,272.2,0,0,0,0,0,1
278400,76.719,0.0,0,0,1,0,8.913,0.0,0,0,1,0,7.601,1.302,1,33.7,0,0,1,1,0,1,1,0,0,1,0,12192.0,2,1,1,1,0,0,1,2,8.1,270.7,0,0,0,0,0,1
278500,76.719,0.0,0,0,1,0,8.913,0.0,0,0,1,0,7.731,1.302,1,33.54,0,0,1,1,0,1,1,0,0,1,0,12192.0,2,1,1,1,0,0,1,2,7.8,265.0,0,0,0,0,0,1
278600,76.719,0.0,0,0,1,0,8.913,0.0,0,0,1,0,7.861,1.302,1,33.53,0,0,1,1,0,1,1,0,0,1,0,12192.0,2,1,1,1,0,0,1,2,8.6,270.5,0,0,0,0,0,1
278700,76.719,0.0,0,0,1,0,8.913,0.0,0,0,1,0,7.992,1.302,1,33.57,0,0,1,1,0,1,1,0,0,1,0,12192.0,2,1,1,1,0,0,1,2,8.2,274.5,0,0,0,0,0,1
278800,76.719,0.0,0,0,1,0,8.913,0.0,0,0,1,0,8.122,1.302,1,33.52,0,0,1,1,0,1,1,0,0,1,0,12192.0,2,1,1,1,0,0,1,2,7.7,267.6,0,0,0,0,0,1
278900,76.719,0.0,0,0,1,0,8.913,0.0,0,0,1,0,8.252,1.302,1,33.73,0,0,1,1,0,1,1,0,0,1,0,12192.0,2,1,1,1,0,0,1,2,8.8,269.9,0,0,0,0,0,1
279000,76.719,0.0,0,0,1,0,8.913,0.0,0,0,1,0,8.382,1.302,1,33.56,0,0,1,1,0,1,1,0,0,1,0,12192.0,2,1,1,1,0,0,1,2,8.5,267.8,0,0,0,0,0,1
279100,76.719,0.0,0,0,1,0,8.913,0.0,0,0,1,0,8.513,1.302,1,33.63,0,0,1,1,0,1,1,0,0,1,0,12192.0,2,1,1,1,0,0,1,2,7.5,273.7,0,0,0,0,0,1
279200,76.719,0.0,0,0,1,0,8.913,0.0,0,0,1,0,8.643,1.302,1,33.6,0,0,1,1,0,1,1,0,0,1,0,12192.0,2,1,1,1,0,0,1,2,8.0,275.1,0,0,0,0,0,1
279300,76.719,0.0,0,0,1,0,8.913,0.0,0,0,1,0,8.773,1.302,1,33.59,0,0,1,1,0,1,1,0,0,1,0,12192.0,2,1,1,1,0,0,1,2,8.1,270.1,0,0,0,0,0,1
279400,76.719,0.0,0,0,1,0,8.913,0.0,0,0,1,0,8.903,1.302,1,33.63,0,0,1,1,0,1,1,0,0,1,0,12192.0,2,1,1,1,0,0,1,2,8.4,266.8,0,0,0,0,0,1
279500,76.719,0.0,0,0,1,0,8.913,0.0,0,0,1,0,9.033,1.302,1,33.78,0,0,1,1,0,1,1,0,0,1,0,12192.0,2,1,1,1,0,0,1,2,8.7,268.1,0,0,0,0,0,1
279600,76.719,0.0,0,0,1,0,8.913,0.0,0,0,1,0,9.164,1.302,1,33.51,0,0,1,1,0,1,1,0,0,1,0,12192.0,2,1,1,1,0,0,1,2,8.3,272.2,0,0,0,0,0,1
279700,76.719,0.0,0,0,1,0,8.913,0.0,0,0,1,0,9.294,1.302,1,33.64,0,0,1,1,0,1,1,0,0,1,0,12192.0,2,1,1,1,0,0,1,2,8.7,271.2,0,0,0,0,0,1
279800,76.719,0.0,0,0,1,0,8.913,0.0,0,0,1,0,9.424,1.302,1,33.68,0,0,1,1,0,1,1,0,0,1,0,12192.0,2,1,1,1,0,0,1,2,8.7,268.6,0,0,0,0,0,1
279900,76.719,0.0,0,0,1,0,8.913,0.0,0,0,1,0,9.554,1.302,1,33.81,0,0,1,1,0,1,1,0,0,1,0,12192.0,2,1,1,1,0,0,1,2,8.1,274.2,0,0,0,0,0,1
280000,76.719,0.0,0,0,1,0,8.913,0.0,0,0,1,0,9.685,1.302,1,33.83,0,0,1,1,0,1,1,0,0,1,0,12192.0,2,1,1,1,0,0,1,2,8.9,268.4,0,0,0,0,0,1
280100,76.719,0.0,0,0,1,0,8.913,0.0,0,0,1,0,9.815,1.302,1,33.57,0,0,1,1,0,1,1,0,0,1,0,12192.0,2,1,1,1,0,0,1,2,8.3,267.7,0,0,0,0,0,1
280200,76.719,0.0,0,0,1,0,8.913,0.0,0,0,1,0,9.945,1.302,1,33.71,0,0,1,1,0,1,1,0,0,1,0,12192.0,2,1,1,1,0,0,1,2,9.4,269.0,0,0,0,0,0,1
280300,76.719,0.0,0,0,1,0,8.913,0.0,0,0,1,0,10.075,1.302,1,33.52,0,0,1,1,0,1,1,0,0,1,0,12192.0,2,1,1,1,0,0,1,2,8.6,274.0,0,0,0,0,0,1
280400,76.719,0.0,0,0,1,0,8.913,0.0,0,0,1,0,10.206,1.302,1,33.37,0,0,1,1,0,1,1,0,0,1,0,12192.0,2,1,1,1,0,0,1,2,9.2,270.3,0,0,0,0,0,1
280500,76.719,0.0,0,0,1,0,8.913,0.0,0,0,1,0,10.336,1.302,1,33.52,0,0,1,1,0,1,1,0,0,1,0,12192.0,2,1,1,1,0,0,1,2,8.1,269.4,0,0,0,0,0,1
280600,76.719,0.0,0,0,1,0,8.913,0.0,0,0,1,0,10.466,1.302,1,33.67,0,0,1,1,0,1,1,0,0,1,0,12192.0,2,1,1,1,0,0,1,2,8.9,271.2,0,0,0,0,0,1
280700,76.719,0.0,0,0,1,0,8.913,0.0,0,0,1,0,10.596,1.302,1,33.84,0,0,1,1,0,1,1,0,0,1,0,12192.0,2,1,1,1,0,0,1,2,8.4,269.1,0,0,0,0,0,1
280800,76.719,0.0,0,0,1,0,8.913,0.0,0,0,1,0,10.726,1.302,1,33.59,0,0,1,1,0,1,1,0,0,1,0,12192.0,2,1,1,1,0,0,1,2,8.8,273.3,0,0,0,0,0,1
280900,76.719,0.0,0,0,1,0,8.913,0.0,0,0,1,0,10.857,1.302,1,33.7,0,0,1,1,0,1,1,0,0,1,0,12192.0,2,1,1,1,0,0,1,2,8.5,268.7,0,0,0,0,0,1
281000,76.719,0.0,0,0,1,0,8.913,0.0,0,0,1,0,10.987,1.302,1,33.67,0,0,1,1,0,1,1,0,0,1,0,12192.0,2,1,1,1,0,0,1,2,8.6,272.1,0,0,0,0,0,1
281100,76.719,0.0,0,0,1,0,8.913,0.0,0,0,1,0,11.117,1.302,1,33.67,0,0,1,1,0,1,1,0,0,1,0,12192.0,2,1,1,1,0,0,1,2,8.2,272.2,0,0,0,0,0,1
281200,76.719,0.0,0,0,1,0,8.913,0.0,0,0,1,0,11.247,1.302,1,33.52,0,0,1,1,0,1,1,0,0,1,0,12192.0,2,1,1,1,0,0,1,2,8.6,274.3,0,0,0,0,0,1
281300,76.719,0.0,0,0,1,0,8.913,0.0,0,0,1,0,11.378,1.302,1,33.43,0,0,1,1,0,1,1,0,0,1,0,12192.0,2,1,1,1,0,0,1,2,8.2,267.7,0,0,0,0,0,1
281400,76.719,0.0,0,0,1,0,8.913,0.0,0,0,1,0,11.508,1.302,1,33.77,0,0,1,1,0,1,1,0,0,1,0,12192.0,2,1,1,1,0,0,1,2,9.2,271.7,0,0,0,0,0,1
281500,76.719,0.0,0,0,1,0,8.913,0.0,0,0,1,0,11.638,1.302,1,33.63,0,0,1,1,0,1,1,0,0,1,0,12192.0,2,1,1,1,0,0,1,2,8.8,269.1,0,0,0,0,0,1
281600,76.719,0.0,0,0,1,0,8.913,0.0,0,0,1,0,11.768,1.302,1,33.86,0,0,1,1,0,1,1,0,0,1,0,12192.0,2,1,1,1,0,0,1,2,8.8,267.9,0,0,0,0,0,1
281700,76.719,0.0,0,0,1,0,8.913,0.0,0,0,1,0,11.893,1.252,1,30.42,0,0,1,1,0,1,1,0,0,1,0,12192.0,2,1,1,1,0,0,1,2,8.2,269.1,0,0,0,0,0,1
281800,76.719,0.0,0,0,1,0,8.913,0.0,0,0,1,0,12.014,1.202,1,30.35,0,0,1,1,0,1,1,0,0,1,0,12192.0,2,1,1,1,0,0,1,2,8.0,265.6,0,0,0,0,0,1
281900,76.719,0.0,0,0,1,0,8.913,0.0,0,0,1,0,12.129,1.151,1,30.5,0,0,1,1,0,1,1,0,0,1,0,12192.0,2,1,1,1,0,0,1,2,8.9,272.6,0,0,0,0,0,1
282000,76.719,0.0,0,0,1,0,8.913,0.0,0,0,1,0,12.239,1.101,1,30.27,0,0,1,1,0,1,1,0,0,1,0,12192.0,2,1,1,1,0,0,1,2,8.6,272.2,0,0,0,0,0,1
282100,76.719,0.0,0,0,1,0,8.913,0.0,0,0,1,0,12.344,1.051,1,30.3,0,0,1,1,0,1,1,0,0,1,0,12192.0,2,1,1,1,0,0,1,2,8.2,271.2,0,0,0,0,0,1
282200,76.719,0.0,0,0,1,0,8.913,0.0,0,0,1,0,12.444,1.001,1,30.07,0,0,1,1,0,1,1,0,0,1,0,12192.0,2,1,1,1,0,0,1,2,8.2,270.7,0,0,0,0,0,1
282300,76.719,0.0,0,0,1,0,8.913,0.0,0,0,1,0,12.539,0.95,1,30.38,0,0,1,1,0,1,1,0,0,1,0,12192.0,2,1,1,1,0,0,1,2,8.3,272.7,0,0,0,0,0,1
282400,76.719,0.0,0,0,1,0,8.913,0.0,0,0,1,0,12.629,0.9,1,30.34,0,0,1,1,0,1,1,0,0,1,0,12192.0,2,1,1,1,0,0,1,2,7.7,266.8,0,0,0,0,0,1
282500,76.719,0.0,0,0,1,0,8.913,0.0,0,0,1,0,12.714,0.85,1,30.46,0,0,1,1,0,1,1,0,0,1,0,12192.0,2,1,1,1,0,0,1,2,8.5,268.3,0,0,0,0,0,1
282600,76.719,0.0,0,0,1,0,8.913,0.0,0,0,1,0,12.794,0.8,1,30.48,0,0,1,1,0,1,1,0,0,1,0,12192.0,2,1,1,1,0,0,1,2,8.2,271.4,0,0,0,0,0,1
282700,76.719,0.0,0,0,1,0,8.913,0.0,0,0,1,0,12.869,0.749,1,30.29,0,0,1,1,0,1,1,0,0,1,0,12192.0,2,1,1,1,0,0,1,2,8.6,270.8,0,0,0,0,0,1
282800,76.719,0.0,0,0,1,0,8.913,0.0,0,0,1,0,12.939,0.699,1,30.16,0,0,1,1,0,1,1,0,0,1,0,12192.0,2,1,1,1,0,0,1,2,7.6,269.5,0,0,0,0,0,1
282900,76.719,0.0,0,0,1,0,8.913,0.0,0,0,1,0,13.004,0.648,1,30.4,0,0,1,1,0,1,1,0,0,1,0,12192.0,2,1,1,1,0,0,1,2,8.4,270.7,0,0,0,0,0,1
283000,76.719,0.0,0,0,1,0,8.913,0.0,0,0,1,0,13.063,0.596,1,30.39,0,0,1,1,0,1,1,0,0,1,0,12192.0,2,1,1,1,0,0,1,2,7.5,272.4,0,0,0,0,0,1
283100,76.719,0.0,0,0,1,0,8.913,0.0,0,0,1,0,13.118,0.543,1,30.44,0,0,1,1,0,1,1,0,0,1,0,12192.0,2,1,1,1,0,0,1,2,7.3,270.5,0,0,0,0,0,1
283200,76.719,0.0,0,0,1,0,8.913,0.0,0,0,1,0,13.167,0.49,1,30.32,0,0,1,1,0,1,1,0,0,1,0,12192.0,2,1,1,1,0,0,1,2,7.8,268.4,0,0,0,0,0,1
283300,76.719,0.0,0,0,1,0,8.913,0.0,0,0,1,0,13.21,0.437,1,30.41,0,0,1,1,0,1,1,0,0,1,0,12192.0,2,1,1,1,0,0,1,2,8.4,270.6,0,0,0,0,0,1
283400,76.719,0.0,0,0,1,0,8.913,0.0,0,0,1,0,13.249,0.384,1,30.51,0,0,1,1,0,1,1,0,0,1,0,12192.0,2,1,1,1,0,0,1,2,7.4,271.0,0,0,0,0,0,1
283500,76.719,0.0,0,0,1,0,8.913,0.0,0,0,1,0,13.282,0.329,1,30.42,0,0,1,1,0,1,1,0,0,1,0,12192.0,2,1,1,1,0,0,1,2,6.8,270.6,0,0,0,0,0,1
283600,76.719,0.0,0,0,1,0,8.913,0.0,0,0,1,0,13.309,0.275,1,30.48,0,0,1,1,0,1,1,0,0,1,0,12192.0,2,1,1,1,0,0,1,2,7.5,271.2,0,0,0,0,0,1
283700,76.719,0.0,0,0,1,0,8.913,0.0,0,0,1,0,13.331,0.219,1,30.25,0,0,1,1,0,1,1,0,0,1,0,12192.0,2,1,1,1,0,0,1,2,7.9,270.8,0,0,0,0,0,1
283800,76.719,0.0,0,0,1,0,8.913,0.0,0,0,1,0,13.347,0.161,1,30.34,0,0,1,1,0,1,1,0,0,1,0,12192.0,2,1,1,1,0,0,1,2,6.9,272.6,0,0,0,0,0,1
283900,76.719,0.0,0,0,1,0,8.913,0.0,0,0,1,0,13.357,0.098,1,30.35,0,0,1,1,0,1,1,0,0,1,0,12192.0,2,1,1,1,0,0,1,2,8.4,272.3,0,0,0,0,0,1
284000,76.719,0.0,0,0,0,0,8.913,0.0,0,0,0,0,13.362,0.0,0,31.79,0,0,0,0,0,1,1,0,0,1,0,12192.0,2,1,1,0,1,0,1,2,7.2,273.3,0,0,0,0,0,1
284100,76.717,-0.015,0,1,1,0,8.908,-0.057,0,1,1,0,13.362,0.0,0,31.84,0,0,0,1,0,1,1,0,0,1,0,12192.0,2,1,1,1,0,0,1,2,6.6,269.9,0,0,0,0,0,1
284200,76.714,-0.029,0,1,1,0,8.896,-0.114,0,1,1,0,13.362,0.0,0,32.18,0,0,0,1,0,1,1,0,0,1,0,12192.0,2,1,1,1,0,0,1,2,7.5,268.4,0,0,0,0,0,1
284300,76.71,-0.044,0,1,1,0,8.879,-0.171,0,1,1,0,13.362,0.0,0,31.84,0,0,0,1,0,1,1,0,0,1,0,12192.0,2,1,1,1,0,0,1,2,7.1,267.3,0,0,0,0,0,1
284400,76.704,-0.059,0,1,1,0,8.856,-0.228,0,1,1,0,13.362,0.0,0,32.15,0,0,0,1,0,1,1,0,0,1,0,12192.0,2,1,1,1,0,0,1,2,7.8,272.4,0,0,0,0,0,1
284500,76.696,-0.074,0,1,1,0,8.828,-0.286,0,1,1,0,13.362,0.0,0,32.01,0,0,0,1,0,1,1,0,0,1,0,12192.0,2,1,1,1,0,0,1,2,7.6,274.3,0,0,0,0,0,1
284600,76.688,-0.088,0,1,1,0,8.793,-0.343,0,1,1,0,13.362,0.0,0,31.99,0,0,0,1,0,1,1,0,0,1,0,12192.0,2,1,1,1,0,0,1,2,7.3,269.0,0,0,0,0,0,1
284700,76.677,-0.103,0,1,1,0,8.753,-0.4,0,1,1,0,13.362,0.0,0,32.1,0,0,0,1,0,1,1,0,0,1,0,12192.0,2,1,1,1,0,0,1,2,7.0,270.5,0,0,0,0,0,1
284800,76.666,-0.118,0,1,1,0,8.708,-0.457,0,1,1,0,13.362,0.0,0,31.9,0,0,0,1,0,1,1,0,0,1,0,12192.0,2,1,1,1,0,0,1,2,7.8,268.9,0,0,0,0,0,1
284900,76.652,-0.133,0,1,1,0,8.656,-0.514,0,1,1,0,13.362,0.0,0,31.87,0,0,0,1,0,1,1,0,0,1,0,12192.0,2,1,1,1,0,0,1,2,7.2,270.4,0,0,0,0,0,1
285000,76.638,-0.147,0,1,1,0,8.599,-0.571,0,1,1,0,13.362,0.0,0,31.99,0,0,0,1,0,1,1,0,0,1,0,12192.0,2,1,1,1,0,0,1,2,8.4,266.7,0,0,0,0,0,1
285100,76.621,-0.162,0,1,1,0,8.536,-0.628,0,1,1,0,13.362,0.0,0,32.11,0,0,0,1,0,1,1,0,0,1,0,12192.0,2,1,1,1,0,0,1,2,7.6,267.7,0,0,0,0,0,1
285200,76.604,-0.177,0,1,1,0,8.468,-0.685,0,1,1,0,13.362,0.0,0,31.95,0,0,0,1,0,1,1,0,0,1,0,12192.0,2,1,1,1,0,0,1,2,7.3,267.5,0,0,0,0,0,1
285300,76.585,-0.191,0,1,1,0,8.394,-0.742,0,1,1,0,13.362,0.0,0,31.99,0,0,0,1,0,1,1,0,0,1,0,12192.0,2,1,1,1,0,0,1,2,6.7,269.6,0,0,0,0,0,1
285400,76.564,-0.206,0,1,1,0,8.314,-0.8,0,1,1,0,13.362,0.0,0,32.18,0,0,0,1,0,1,1,0,0,1,0,12192.0,2,1,1,1,0,0,1,2,6.7,272.7,0,0,0,0,0,1
285500,76.542,-0.221,0,1,1,0,8.228,-0.857,0,1,1,0,13.362,0.0,0,31.91,0,0,0,1,0,1,1,0,0,1,0,12192.0,2,1,1,1,0,0,1,2,8.0,274.4,0,0,0,0,0,1
285600,76.518,-0.236,0,1,1,0,8.137,-0.914,0,1,1,0,13.362,0.0,0,31.98,0,0,0,1,0,1,1,0,0,1,0,12192.0,2,1,1,1,0,0,1,2,7.3,274.0,0,0,0,0,0,1
285700,76.493,-0.25,0,1,1,0,8.04,-0.971,0,1,1,0,13.362,0.0,0,32.03,0,0,0,1,0,1,1,0,0,1,0,12192.0,2,1,1,1,0,0,1,2,7.6,267.4,0,0,0,0,0,1
285800,76.467,-0.265,0,1,1,0,7.937,-1.028,0,1,1,0,13.362,0.0,0,31.9,0,0,0,1,0,1,1,0,0,1,0,12192.0,2,1,1,1,0,0,1,2,6.8,273.2,0,0,0,0,0,1
285900,76.439,-0.28,0,1,1,0,7.828,-1.085,0,1,1,0,13.362,0.0,0,32.1,0,0,0,1,0,1,1,0,0,1,0,12192.0,2,1,1,1,0,0,1,2,7.8,270.6,0,0,0,0,0,1
286000,76.409,-0.295,0,1,1,0,7.714,-1.142,0,1,1,0,13.362,0.0,0,31.89,0,0,0,1,0,1,1,0,0,1,0,12192.0,2,1,1,1,0,0,1,2,7.1,268.3,0,0,0,0,0,1
286100,76.378,-0.309,0,1,1,0,7.594,-1.199,0,1,1,0,13.362,0.0,0,32.01,0,0,0,1,0,1,1,0,0,1,0,12192.0,2,1,1,1,0,0,1,2,8.5,272.6,0,0,0,0,0,1
286200,76.346,-0.324,0,1,1,0,7.469,-1.256,0,1,1,0,13.362,0.0,0,32.1,0,0,0,1,0,1,1,0,0,1,0,12192.0,2,1,1,1,0,0,1,2,7.7,272.0,0,0,0,0,0,1
286300,76.312,-0.339,0,1,1,0,7.337,-1.314,0,1,1,0,13.362,0.0,0,32.04,0,0,0,1,0,1,1,0,0,1,0,12192.0,2,1,1,1,0,0,1,2,8.0,272.2,0,0,0,0,0,1
286400,76.277,-0.353,0,1,1,0,7.2,-1.368,0,1,1,0,13.362,0.0,0,31.97,0,0,0,1,0,1,1,0,0,1,0,12192.0,2,1,1,1,0,0,1,2,8.1,270.1,0,0,0,0,0,1
286500,76.24,-0.368,0,1,1,0,7.069,-1.31,0,1,1,0,13.362,0.0,0,32.27,0,0,0,1,0,1,1,0,0,1,0,12192.0,2,1,1,1,0,0,1,2,8.1,272.4,0,0,0,0,0,1
286600,76.202,-0.383,0,1,1,0,6.944,-1.251,0,1,1,0,13.362,0.0,0,32.01,0,0,0,1,0,1,1,0,0,1,0,12192.0,2,1,1,1,0,0,1,2,7.9,270.5,0,0,0,0,0,1
286700,76.162,-0.398,0,1,1,0,6.825,-1.193,0,1,1,0,13.362,0.0,0,32.12,0,0,0,1,0,1,1,0,0,1,0,12192.0,2,1,1,1,0,0,1,2,8.5,274.8,0,0,0,0,0,1
286800,76.121,-0.412,0,1,1,0,6.712,-1.134,0,1,1,0,13.362,0.0,0,32.01,0,0,0,1,0,1,1,0,0,1,0,12192.0,2,1,1,1,0,0,1,2,7.3,268.5,0,0,0,0,0,1
286900,76.078,-0.427,0,1,1,0,6.604,-1.076,0,1,1,0,13.362,0.0,0,32.01,0,0,0,1,0,1,1,0,0,1,0,12192.0,2,1,1,1,0,0,1,2,8.2,271.9,0,0,0,0,0,1
287000,76.034,-0.442,0,1,1,0,6.502,-1.017,0,1,1,0,13.362,0.0,0,31.95,0,0,0,1,0,1,1,0,0,1,0,12192.0,2,1,1,1,0,0,1,2,7.4,269.6,0,0,0,0,0,1
287100,75.988,-0.456,0,1,1,0,6.407,-0.958,0,1,1,0,13.362,0.0,0,32.07,0,0,0,1,0,1,1,0,0,1,0,12192.0,2,1,1,1,0,0,1,2,7.4,272.7,0,0,0,0,0,1
287200,75.941,-0.471,0,1,1,0,6.317,-0.899,0,1,1,0,13.362,0.0,0,31.93,0,0,0,1,0,1,1,0,0,1,0,12192.0,2,1,1,1,0,0,1,2,8.1,272.7,0,0,0,0,0,1
287300,75.892,-0.486,0,1,1,0,6.233,-0.84,0,1,1,0,13.362,0.0,0,32.23,0,0,0,1,0,1,1,0,0,1,0,12192.0,2,1,1,1,0,0,1,2,8.4,264.9,0,0,0,0,0,1
287400,75.842,-0.501,0,1,1,0,6.155,-0.781,0,1,1,0,13.362,0.0,0,31.86,0,0,0,1,0,1,1,0,0,1,0,12192.0,2,1,1,1,0,0,1,2,8.3,267.9,0,0,0,0,0,1
287500,75.791,-0.515,0,1,1,0,6.082,-0.721,0,1,1,0,13.362,0.0,0,31.93,0,0,0,1,0,1,1,0,0,1,0,12192.0,2,1,1,1,0,0,1,2,7.9,266.4,0,0,0,0,0,1
287600,75.738,-0.53,0,1,1,0,6.016,-0.662,0,1,1,0,13.362,0.0,0,31.91,0,0,0,1,0,1,1,0,0,1,0,12192.0,2,1,1,1,0,0,1,2,8.5,270.8,0,0,0,0,0,1
287700,75.683,-0.545,0,1,1,0,5.956,-0.602,0,1,1,0,13.362,0.0,0,31.82,0,0,0,1,0,1,1,0,0,1,0,12192.0,2,1,1,1,0,0,1,2,8.0,271.0,0,0,0,0,0,1
287800,75.627,-0.56,0,1,1,0,5.902,-0.542,0,1,1,0,13.362,0.0,0,32.2,0,0,0,1,0,1,1,0,0,1,0,12192.0,2,1,1,1,0,0,1,2,8.3,265.5,0,0,0,0,0,1
287900,75.57,-0.574,0,1,1,0,5.854,-0.481,0,1,1,0,13.362,0.0,0,32.06,0,0,0,1,0,1,1,0,0,1,0,12192.0,2,1,1,1,0,0,1,2,8.9,270.4,0,0,0,0,0,1
288000,75.511,-0.589,0,1,1,0,5.812,-0.421,0,1,1,0,13.362,0.0,0,32.04,0,0,0,1,0,1,1,0,0,1,0,12192.0,2,1,1,1,0,0,1,2,8.6,272.8,0,0,0,0,0,1
288100,75.451,-0.604,0,1,1,0,5.776,-0.359,0,1,1,0,13.362,0.0,0,31.83,0,0,0,1,0,1,1,0,0,1,0,12192.0,2,1,1,1,0,0,1,2,8.2,268.7,0,0,0,0,0,1
288200,75.389,-0.618,0,1,1,0,5.746,-0.296,0,1,1,0,13.362,0.0,0,32.06,0,0,0,1,0,1,1,0,0,1,0,12192.0,2,1,1,1,0,0,1,2,7.7,266.2,0,0,0,0,0,1
288300,75.326,-0.633,0,1,1,0,5.723,-0.232,0,1,1,0,13.362,0.0,0,31.99,0,0,0,1,0,1,1,0,0,1,0,12192.0,2,1,1,1,0,0,1,2,8.4,267.1,0,0,0,0,0,1
288400,75.261,-0.648,0,1,1,0,5.706,-0.166,0,1,1,0,13.362,0.0,0,32.03,0,0,0,1,0,1,1,0,0,1,0,12192.0,2,1,1,1,0,0,1,2,8.8,274.8,0,0,0,0,0,1
288500,75.194,-0.663,0,1,1,0,5.697,-0.092,0,1,1,0,13.362,0.0,0,31.87,0,0,0,1,0,1,1,0,0,1,0,12192.0,2,1,1,1,0,0,1,2,8.6,271.1,0,0,0,0,0,1
288600,75.127,-0.677,0,1,1,0,5.694,0.0,0,0,1,0,13.362,0.0,0,31.85,0,0,0,1,0,1,1,0,0,1,0,12192.0,2,1,1,1,0,0,1,2,8.1,270.7,0,0,0,0,0,1
288700,75.058,-0.685,0,1,1,0,5.694,0.0,0,0,1,0,13.362,0.0,0,31.69,0,0,0,1,0,1,1,0,0,1,0,12192.0,2,1,1,1,0,0,1,2,9.4,268.7,0,0,0,0,0,1
288800,74.99,-0.685,0,1,1,0,5.694,0.0,0,0,1,0,13.362,0.0,0,31.94,0,0,0,1,0,1,1,0,0,1,0,12192.0,2,1,1,1,0,0,1,2,8.9,269.2,0,0,0,0,0,1
288900,74.921,-0.685,0,1,1,0,5.694,0.0,0,0,1,0,13.362,0.0,0,31.98,0,0,0,1,0,1,1,0,0,1,0,12192.0,2,1,1,1,0,0,1,2,7.9,276.8,0,0,0,0,0,1
289000,74.853,-0.685,0,1,1,0,5.694,0.0,0,0,1,0,13.362,0.0,0,32.06,0,0,0,1,0,1,1,0,0,1,0,12192.0,2,1,1,1,0,0,1,2,8.5,273.3,0,0,0,0,0,1
289100,74.784,-0.685,0,1,1,0,5.694,0.0,0,0,1,0,13.362,0.0,0,32.05,0,0,0,1,0,1,1,0,0,1,0,12192.0,2,1,1,1,0,0,1,2,8.9,269.9,0,0,0,0,0,1
289200,74.716,-0.685,0,1,1,0,5.694,0.0,0,0,1,0,13.362,0.0,0,32.0,0,0,0,1,0,1,1,0,0,1,0,12192.0,2,1,1,1,0,0,1,2,8.7,270.8,0,0,0,0,0,1
289300,74.647,-0.685,0,1,1,0,5.694,0.0,0,0,1,0,13.362,0.0,0,32.14,0,0,0,1,0,1,1,0,0,1,0,12192.0,2,1,1,1,0,0,1,2,8.1,273.9,0,0,0,0,0,1
289400,74.579,-0.685,0,1,1,0,5.694,0.0,0,0,1,0,13.362,0.0,0,31.99,0,0,0,1,0,1,1,0,0,1,0,12192.0,2,1,1,1,0,0,1,2,7.7,272.6,0,0,0,0,0,1
289500,74.51,-0.685,0,1,1,0,5.694,0.0,0,0,1,0,13.362,0.0,0,31.97,0,0,0,1,0,1,1,0,0,1,0,12192.0,2,1,1,1,0,0,1,2,8.9,267.7,0,0,0,0,0,1
289600,74.442,-0.685,0,1,1,0,5.694,0.0,0,0,1,0,13.362,0.0,0,32.17,0,0,0,1,0,1,1,0,0,1,0,12192.0,2,1,1,1,0,0,1,2,9.7,272.5,0,0,0,0,0,1
289700,74.374,-0.685,0,1,1,0,5.694,0.0,0,0,1,0,13.362,0.0,0,32.03,0,0,0,1,0,1,1,0,0,1,0,12192.0,2,1,1,1,0,0,1,2,8.6,270.2,0,0,0,0,0,1
289800,74.305,-0.685,0,1,1,0,5.694,0.0,0,0,1,0,13.362,0.0,0,31.88,0,0,0,1,0,1,1,0,0,1,0,12192.0,2,1,1,1,0,0,1,2,8.4,274.9,0,0,0,0,0,1
289900,74.237,-0.685,0,1,1,0,5.694,0.0,0,0,1,0,13.362,0.0,0,32.06,0,0,0,1,0,1,1,0,0,1,0,12192.0,2,1,1,1,0,0,1,2,8.4,269.9,0,0,0,0,0,1
290000,74.168,-0.685,0,1,1,0,5.694,0.0,0,0,1,0,13.362,0.0,0,32.05,0,0,0,1,0,1,1,0,0,1,0,12192.0,2,1,1,1,0,0,1,2,9.3,271.1,0,0,0,0,0,1
290100,74.1,-0.685,0,1,1,0,5.694,0.0,0,0,1,0,13.362,0.0,0,31.79,0,0,0,1,0,1,1,0,0,1,0,12192.0,2,1,1,1,0,0,1,2,8.1,272.1,0,0,0,0,0,1
290200,74.031,-0.685,0,1,1,0,5.694,0.0,0,0,1,0,13.362,0.0,0,32.11,0,0,0,1,0,1,1,0,0,1,0,12192.0,2,1,1,1,0,0,1,2,8.4,269.8,0,0,0,0,0,1
290300,73.963,-0.685,0,1,1,0,5.694,0.0,0,0,1,0,13.362,0.0,0,31.9,0,0,0,1,0,1,1,0,0,1,0,12192.0,2,1,1,1,0,0,1,2,8.4,269.4,0,0,0,0,0,1
290400,73.894,-0.685,0,1,1,0,5.694,0.0,0,0,1,0,13.362,0.0,0,31.96,0,0,0,1,0,1,1,0,0,1,0,12192.0,2,1,1,1,0,0,1,2,8.9,267.3,0,0,0,0,0,1
290500,73.826,-0.685,0,1,1,0,5.694,0.0,0,0,1,0,13.362,0.0,0,32.04,0,0,0,1,0,1,1,0,0,1,0,12192.0,2,1,1,1,0,0,1,2,8.6,268.2,0,0,0,0,0,1
290600,73.757,-0.685,0,1,1,0,5.694,0.0,0,0,1,0,13.362,0.0,0,32.27,0,0,0,1,0,1,1,0,0,1,0,12192.0,2,1,1,1,0,0,1,2,8.8,265.7,0,0,0,0,0,1
290700,73.689,-0.685,0,1,1,0,5.694,0.0,0,0,1,0,13.362,0.0,0,32.04,0,0,0,1,0,1,1,0,0,1,0,12192.0,2,1,1,1,0,0,1,2,8.8,270.4,0,0,0,0,0,1
290800,73.62,-0.685,0,1,1,0,5.694,0.0,0,0,1,0,13.362,0.0,0,32.0,0,0,0,1,0,1,1,0,0,1,0,12192.0,2,1,1,1,0,0,1,2,8.4,272.0,0,0,0,0,0,1
290900,73.552,-0.685,0,1,1,0,5.694,0.0,0,0,1,0,13.362,0.0,0,31.99,0,0,0,1,0,1,1,0,0,1,0,12192.0,2,1,1,1,0,0,1,2,7.9,271.9,0,0,0,0,0,1
291000,73.483,-0.685,0,1,1,0,5.694,0.0,0,0,1,0,13.362,0.0,0,31.86,0,0,0,1,0,1,1,0,0,1,0,12192.0,2,1,1,1,0,0,1,2,9.5,266.8,0,0,0,0,0,1
291100,73.415,-0.685,0,1,1,0,5.694,0.0,0,0,1,0,13.362,0.0,0,32.21,0,0,0,1,0,1,1,0,0,1,0,12192.0,2,1,1,1,0,0,1,2,8.6,264.9,0,0,0,0,0,1
291200,73.346,-0.685,0,1,1,0,5.694,0.0,0,0,1,0,13.362,0.0,0,32.18,0,0,0,1,0,1,1,0,0,1,0,12192.0,2,1,1,1,0,0,1,2,9.2,268.9,0,0,0,0,0,1
291300,73.278,-0.685,0,1,1,0,5.694,0.0,0,0,1,0,13.362,0.0,0,31.96,0,0,0,1,0,1,1,0,0,1,0,12192.0,2,1,1,1,0,0,1,2,8.3,268.9,0,0,0,0,0,1
291400,73.209,-0.685,0,1,1,0,5.694,0.0,0,0,1,0,13.362,0.0,0,31.79,0,0,0,1,0,1,1,0,0,1,0,12192.0,2,1,1,1,0,0,1,2,8.6,269.0,0,0,0,0,0,1
291500,73.141,-0.685,0,1,1,0,5.694,0.0,0,0,1,0,13.362,0.0,0,32.18,0,0,0,1,0,1,1,0,0,1,0,12192.0,2,1,1,1,0,0,1,2,8.1,270.3,0,0,0,0,0,1
291600,73.072,-0.685,0,1,1,0,5.694,0.0,0,0,1,0,13.362,0.0,0,32.2,0,0,0,1,0,1,1,0,0,1,0,12192.0,2,1,1,1,0,0,1,2,9.0,267.1,0,0,0,0,0,1
291700,73.004,-0.685,0,1,1,0,5.694,0.0,0,0,1,0,13.362,0.0,0,31.98,0,0,0,1,0,1,1,0,0,1,0,12192.0,2,1,1,1,0,0,1,2,8.9,268.7,0,0,0,0,0,1
291800,72.936,-0.685,0,1,1,0,5.694,0.0,0,0,1,0,13.362,0.0,0,31.93,0,0,0,1,0,1,1,0,0,1,0,12192.0,2,1,1,1,0,0,1,2,8.6,272.8,0,0,0,0,0,1
291900,72.867,-0.685,0,1,1,0,5.694,0.0,0,0,1,0,13.362,0.0,0,31.89,0,0,0,1,0,1,1,0,0,1,0,12192.0,2,1,1,1,0,0,1,2,8.6,273.5,0,0,0,0,0,1
292000,72.799,-0.685,0,1,1,0,5.694,0.0,0,0,1,0,13.362,0.0,0,32.12,0,0,0,1,0,1,1,0,0,1,0,12192.0,2,1,1,1,0,0,1,2,8.4,273.3,0,0,0,0,0,1
292100,72.73,-0.685,0,1,1,0,5.694,0.0,0,0,1,0,13.362,0.0,0,31.96,0,0,0,1,0,1,1,0,0,1,0,12192.0,2,1,1,1,0,0,1,2,8.4,269.1,0,0,0,0,0,1
292200,72.662,-0.685,0,1,1,0,5.694,0.0,0,0,1,0,13.362,0.0,0,31.93,0,0,0,1,0,1,1,0,0,1,0,12192.0,2,1,1,1,0,0,1,2,7.8,274.1,0,0,0,0,0,1
292300,72.593,-0.685,0,1,1,0,5.694,0.0,0,0,1,0,13.362,0.0,0,32.18,0,0,0,1,0,1,1,0,0,1,0,12192.0,2,1,1,1,0,0,1,2,7.2,271.0,0,0,0,0,0,1
292400,72.525,-0.685,0,1,1,0,5.694,0.0,0,0,1,0,13.362,0.0,0,31.87,0,0,0,1,0,1,1,0,0,1,0,12192.0,2,1,1,1,0,0,1,2,7.8,273.5,0,0,0,0,0,1
292500,72.456,-0.685,0,1,1,0,5.694,0.0,0,0,1,0,13.362,0.0,0,32.01,0,0,0,1,0,1,1,0,0,1,0,12192.0,2,1,1,1,0,0,1,2,7.9,268.8,0,0,0,0,0,1
292600,72.388,-0.685,0,1,1,0,5.694,0.0,0,0,1,0,13.362,0.0,0,31.98,0,0,0,1,0,1,1,0,0,1,0,12192.0,2,1,1,1,0,0,1,2,7.5,268.7,0,0,0,0,0,1
292700,72.319,-0.685,0,1,1,0,5.694,0.0,0,0,1,0,13.362,0.0,0,31.92,0,0,0,1,0,1,1,0,0,1,0,12192.0,2,1,1,1,0,0,1,2,7.3,269.1,0,0,0,0,0,1
292800,72.251,-0.685,0,1,1,0,5.694,0.0,0,0,1,0,13.362,0.0,0,31.89,0,0,0,1,0,1,1,0,0,1,0,12192.0,2,1,1,1,0,0,1,2,6.9,267.3,0,0,0,0,0,1
292900,72.182,-0.685,0,1,1,0,5.694,0.0,0,0,1,0,13.362,0.0,0,32.2,0,0,0,1,0,1,1,0,0,1,0,12192.0,2,1,1,1,0,0,1,2,8.0,268.2,0,0,0,0,0,1
293000,72.114,-0.685,0,1,1,0,5.694,0.0,0,0,1,0,13.362,0.0,0,32.05,0,0,0,1,0,1,1,0,0,1,0,12192.0,2,1,1,1,0,0,1,2,8.0,270.3,0,0,0,0,0,1
293100,72.045,-0.685,0,1,1,0,5.694,0.0,0,0,1,0,13.362,0.0,0,32.07,0,0,0,1,0,1,1,0,0,1,0,12192.0,2,1,1,1,0,0,1,2,7.8,272.5,0,0,0,0,0,1
293200,71.977,-0.685,0,1,1,0,5.694,0.0,0,0,1,0,13.362,0.0,0,32.04,0,0,0,1,0,1,1,0,0,1,0,12192.0,2,1,1,1,0,0,1,2,7.3,264.2,0,0,0,0,0,1
293300,71.908,-0.685,0,1,1,0,5.694,0.0,0,0,1,0,13.362,0.0,0,31.86,0,0,0,1,0,1,1,0,0,1,0,12192.0,2,1,1,1,0,0,1,2,7.2,275.1,0,0,0,0,0,1
293400,71.84,-0.685,0,1,1,0,5.694,0.0,0,0,1,0,13.362,0.0,0,32.09,0,0,0,1,0,1,1,0,0,1,0,12192.0,2,1,1,1,0,0,1,2,8.2,269.9,0,0,0,0,0,1
293500,71.771,-0.685,0,1,1,0,5.694,0.0,0,0,1,0,13.362,0.0,0,32.02,0,0,0,1,0,1,1,0,0,1,0,12192.0,2,1,1,1,0,0,1,2,6.8,269.6,0,0,0,0,0,1
293600,71.703,-0.685,0,1,1,0,5.694,0.0,0,0,1,0,13.362,0.0,0,31.95,0,0,0,1,0,1,1,0,0,1,0,12192.0,2,1,1,1,0,0,1,2,7.3,272.6,0,0,0,0,0,1
293700,71.635,-0.685,0,1,1,0,5.694,0.0,0,0,1,0,13.362,0.0,0,32.02,0,0,0,1,0,1,1,0,0,1,0,12192.0,2,1,1,1,0,0,1,2,7.2,272.6,0,0,0,0,0,1
293800,71.566,-0.685,0,1,1,0,5.694,0.0,0,0,1,0,13.362,0.0,0,32.33,0,0,0,1,0,1,1,0,0,1,0,12192.0,2,1,1,1,0,0,1,2,7.3,271.2,0,0,0,0,0,1
293900,71.498,-0.685,0,1,1,0,5.694,0.0,0,0,1,0,13.362,0.0,0,32.05,0,0,0,1,0,1,1,0,0,1,0,12192.0,2,1,1,1,0,0,1,2,7.9,269.1,0,0,0,0,0,1
294000,71.429,-0.685,0,1,1,0,5.694,0.0,0,0,1,0,13.362,0.0,0,31.76,0,0,0,1,0,1,1,0,0,1,0,12192.0,2,1,1,1,0,0,1,2,6.8,270.3,0,0,0,0,0,1
294100,71.361,-0.685,0,1,1,0,5.694,0.0,0,0,1,0,13.362,0.0,0,31.83,0,0,0,1,0,1,1,0,0,1,0,12192.0,2,1,1,1,0,0,1,2,7.8,273.8,0,0,0,0,0,1
294200,71.292,-0.685,0,1,1,0,5.694,0.0,0,0,1,0,13.362,0.0,0,32.09,0,0,0,1,0,1,1,0,0,1,0,12192.0,2,1,1,1,0,0,1,2,6.9,270.0,0,0,0,0,0,1
294300,71.224,-0.685,0,1,1,0,5.694,0.0,0,0,1,0,13.362,0.0,0,31.98,0,0,0,1,0,1,1,0,0,1,0,12192.0,2,1,1,1,0,0,1,2,7.0,268.2,0,0,0,0,0,1
294400,71.155,-0.685,0,1,1,0,5.694,0.0,0,0,1,0,13.362,0.0,0,32.01,0,0,0,1,0,1,1,0,0,1,0,12192.0,2,1,1,1,0,0,1,2,7.8,264.7,0,0,0,0,0,1
294500,71.087,-0.685,0,1,1,0,5.694,0.0,0,0,1,0,13.362,0.0,0,31.98,0,0,0,1,0,1,1,0,0,1,0,12192.0,2,1,1,1,0,0,1,2,7.3,269.7,0,0,0,0,0,1
294600,71.018,-0.685,0,1,1,0,5.694,0.0,0,0,1,0,13.362,0.0,0,32.06,0,0,0,1,0,1,1,0,0,1,0,12192.0,2,1,1,1,0,0,1,2,7.9,264.0,0,0,0,0,0,1
294700,70.95,-0.685,0,1,1,0,5.694,0.0,0,0,1,0,13.362,0.0,0,32.12,0,0,0,1,0,1,1,0,0,1,0,12192.0,2,1,1,1,0,0,1,2,7.1,270.4,0,0,0,0,0,1
294800,70.881,-0.685,0,1,1,0,5.694,0.0,0,0,1,0,13.362,0.0,0,32.13,0,0,0,1,0,1,1,0,0,1,0,12192.0,2,1,1,1,0,0,1,2,7.2,270.1,0,0,0,0,0,1
294900,70.813,-0.685,0,1,1,0,5.694,0.0,0,0,1,0,13.362,0.0,0,32.02,0,0,0,1,0,1,1,0,0,1,0,12192.0,2,1,1,1,0,0,1,2,8.0,271.5,0,0,0,0,0,1
295000,70.744,-0.685,0,1,1,0,5.694,0.0,0,0,1,0,13.362,0.0,0,31.97,0,0,0,1,0,1,1,0,0,1,0,12192.0,2,1,1,1,0,0,1,2,6.9,271.7,0,0,0,0,0,1
295100,70.676,-0.685,0,1,1,0,5.694,0.0,0,0,1,0,13.362,0.0,0,32.21,0,0,0,1,0,1,1,0,0,1,0,12192.0,2,1,1,1,0,0,1,2,7.3,276.9,0,0,0,0,0,1
295200,70.607,-0.685,0,1,1,0,5.694,0.0,0,0,1,0,13.362,0.0,0,32.07,0,0,0,1,0,1,1,0,0,1,0,12192.0,2,1,1,1,0,0,1,2,7.4,267.8,0,0,0,0,0,1
295300,70.539,-0.685,0,1,1,0,5.694,0.0,0,0,1,0,13.362,0.0,0,31.89,0,0,0,1,0,1,1,0,0,1,0,12192.0,2,1,1,1,0,0,1,2,6.9,272.5,0,0,0,0,0,1
295400,70.47,-0.685,0,1,1,0,5.694,0.0,0,0,1,0,13.362,0.0,0,31.9,0,0,0,1,0,1,1,0,0,1,0,12192.0,2,1,1,1,0,0,1,2,8.3,270.5,0,0,0,0,0,1
295500,70.402,-0.685,0,1,1,0,5.694,0.0,0,0,1,0,13.362,0.0,0,31.86,0,0,0,1,0,1,1,0,0,1,0,12192.0,2,1,1,1,0,0,1,2,6.6,269.6,0,0,0,0,0,1
295600,70.334,-0.685,0,1,1,0,5.694,0.0,0,0,1,0,13.362,0.0,0,31.99,0,0,0,1,0,1,1,0,0,1,0,12192.0,2,1,1,1,0,0,1,2,8.2,271.0,0,0,0,0,0,1
295700,70.265,-0.685,0,1,1,0,5.694,0.0,0,0,1,0,13.362,0.0,0,31.81,0,0,0,1,0,1,1,0,0,1,0,12192.0,2,1,1,1,0,0,1,2,7.7,267.7,0,0,0,0,0,1
295800,70.197,-0.685,0,1,1,0,5.694,0.0,0,0,1,0,13.362,0.0,0,32.06,0,0,0,1,0,1,1,0,0,1,0,12192.0,2,1,1,1,0,0,1,2,7.9,268.1,0,0,0,0,0,1
295900,70.128,-0.685,0,1,1,0,5.694,0.0,0,0,1,0,13.362,0.0,0,32.23,0,0,0,1,0,1,1,0,0,1,0,12192.0,2,1,1,1,0,0,1,2,8.4,273.5,0,0,0,0,0,1
296000,70.06,-0.685,0,1,1,0,5.694,0.0,0,0,1,0,13.362,0.0,0,31.94,0,0,0,1,0,1,1,0,0,1,0,12192.0,2,1,1,1,0,0,1,2,7.3,268.9,0,0,0,0,0,1
296100,69.991,-0.685,0,1,1,0,5.694,0.0,0,0,1,0,13.362,0.0,0,32.11,0,0,0,1,0,1,1,0,0,1,0,12192.0,2,1,1,1,0,0,1,2,8.8,266.4,0,0,0,0,0,1
296200,69.923,-0.685,0,1,1,0,5.694,0.0,0,0,1,0,13.362,0.0,0,31.98,0,0,0,1,0,1,1,0,0,1,0,12192.0,2,1,1,1,0,0,1,2,7.8,269.7,0,0,0,0,0,1
296300,69.854,-0.685,0,1,1,0,5.694,0.0,0,0,1,0,13.362,0.0,0,32.0,0,0,0,1,0,1,1,0,0,1,0,12192.0,2,1,1,1,0,0,1,2,7.6,271.7,0,0,0,0,0,1
296400,69.786,-0.685,0,1,1,0,5.694,0.0,0,0,1,0,13.362,0.0,0,31.87,0,0,0,1,0,1,1,0,0,1,0,12192.0,2,1,1,1,0,0,1,2,8.5,269.3,0,0,0,0,0,1
296500,69.717,-0.685,0,1,1,0,5.694,0.0,0,0,1,0,13.362,0.0,0,31.92,0,0,0,1,0,1,1,0,0,1,0,12192.0,2,1,1,1,0,0,1,2,8.3,270.3,0,0,0,0,0,1
296600,69.649,-0.685,0,1,1,0,5.694,0.0,0,0,1,0,13.362,0.0,0,31.83,0,0,0,1,0,1,1,0,0,1,0,12192.0,2,1,1,1,0,0,1,2,7.7,272.7,0,0,0,0,0,1
296700,69.58,-0.685,0,1,1,0,5.694,0.0,0,0,1,0,13.362,0.0,0,31.81,0,0,0,1,0,1,1,0,0,1,0,12192.0,2,1,1,1,0,0,1,2,7.9,271.0,0,0,0,0,0,1
296800,69.512,-0.685,0,1,1,0,5.694,0.0,0,0,1,0,13.362,0.0,0,31.95,0,0,0,1,0,1,1,0,0,1,0,12192.0,2,1,1,1,0,0,1,2,8.1,268.0,0,0,0,0,0,1
296900,69.443,-0.685,0,1,1,0,5.694,0.0,0,0,1,0,13.362,0.0,0,31.82,0,0,0,1,0,1,1,0,0,1,0,12192.0,2,1,1,1,0,0,1,2,8.3,268.4,0,0,0,0,0,1
297000,69.375,-0.685,0,1,1,0,5.694,0.0,0,0,1,0,13.362,0.0,0,31.74,0,0,0,1,0,1,1,0,0,1,0,12192.0,2,1,1,1,0,0,1,2,8.5,274.3,0,0,0,0,0,1
297100,69.306,-0.685,0,1,1,0,5.694,0.0,0,0,1,0,13.362,0.0,0,31.85,0,0,0,1,0,1,1,0,0,1,0,12192.0,2,1,1,1,0,0,1,2,8.2,267.9,0,0,0,0,0,1
297200,69.238,-0.685,0,1,1,0,5.694,0.0,0,0,1,0,13.362,0.0,0,31.79,0,0,0,1,0,1,1,0,0,1,0,12192.0,2,1,1,1,0,0,1,2,8.2,267.3,0,0,0,0,0,1
297300,69.169,-0.685,0,1,1,0,5.694,0.0,0,0,1,0,13.362,0.0,0,31.88,0,0,0,1,0,1,1,0,0,1,0,12192.0,2,1,1,1,0,0,1,2,8.9,271.4,0,0,0,0,0,1
297400,69.101,-0.685,0,1,1,0,5.694,0.0,0,0,1,0,13.362,0.0,0,31.81,0,0,0,1,0,1,1,0,0,1,0,12192.0,2,1,1,1,0,0,1,2,8.4,268.7,0,0,0,0,0,1
297500,69.032,-0.685,0,1,1,0,5.694,0.0,0,0,1,0,13.362,0.0,0,31.85,0,0,0,1,0,1,1,0,0,1,0,12192.0,2,1,1,1,0,0,1,2,8.5,274.4,0,0,0,0,0,1
297600,68.964,-0.685,0,1,1,0,5.694,0.0,0,0,1,0,13.362,0.0,0,32.07,0,0,0,1,0,1,1,0,0,1,0,12192.0,2,1,1,1,0,0,1,2,8.5,266.7,0,0,0,0,0,1
297700,68.896,-0.685,0,1,1,0,5.694,0.0,0,0,1,0,13.362,0.0,0,31.91,0,0,0,1,0,1,1,0,0,1,0,12192.0,2,1,1,1,0,0,1,2,8.8,275.7,0,0,0,0,0,1
297800,68.827,-0.685,0,1,1,0,5.694,0.0,0,0,1,0,13.362,0.0,0,32.08,0,0,0,1,0,1,1,0,0,1,0,12192.0,2,1,1,1,0,0,1,2,8.7,271.4,0,0,0,0,0,1
297900,68.759,-0.685,0,1,1,0,5.694,0.0,0,0,1,0,13.362,0.0,0,32.07,0,0,0,1,0,1,1,0,0,1,0,12192.0,2,1,1,1,0,0,1,2,8.1,271.3,0,0,0,0,0,1
298000,68.69,-0.685,0,1,1,0,5.694,0.0,0,0,1,0,13.362,0.0,0,32.08,0,0,0,1,0,1,1,0,0,1,0,12192.0,2,1,1,1,0,0,1,2,8.4,275.7,0,0,0,0,0,1
298100,68.622,-0.685,0,1,1,0,5.694,0.0,0,0,1,0,13.362,0.0,0,32.2,0,0,0,1,0,1,1,0,0,1,0,12192.0,2,1,1,1,0,0,1,2,8.4,272.0,0,0,0,0,0,1
298200,68.553,-0.685,0,1,1,0,5.694,0.0,0,0,1,0,13.362,0.0,0,32.06,0,0,0,1,0,1,1,0,0,1,0,12192.0,2,1,1,1,0,0,1,2,8.0,267.4,0,0,0,0,0,1
298300,68.485,-0.685,0,1,1,0,5.694,0.0,0,0,1,0,13.362,0.0,0,32.05,0,0,0,1,0,1,1,0,0,1,0,12192.0,2,1,1,1,0,0,1,2,9.1,263.4,0,0,0,0,0,1
298400,68.416,-0.685,0,1,1,0,5.694,0.0,0,0,1,0,13.362,0.0,0,32.18,0,0,0,1,0,1,1,0,0,1,0,12192.0,2,1,1,1,0,0,1,2,8.5,271.5,0,0,0,0,0,1
298500,68.348,-0.685,0,1,1,0,5.694,0.0,0,0,1,0,13.362,0.0,0,31.9,0,0,0,1,0,1,1,0,0,1,0,12192.0,2,1,1,1,0,0,1,2,8.6,271.1,0,0,0,0,0,1
298600,68.279,-0.685,0,1,1,0,5.694,0.0,0,0,1,0,13.362,0.0,0,32.01,0,0,0,1,0,1,1,0,0,1,0,12192.0,2,1,1,1,0,0,1,2,8.3,268.8,0,0,0,0,0,1
298700,68.211,-0.685,0,1,1,0,5.694,0.0,0,0,1,0,13.362,0.0,0,32.08,0,0,0,1,0,1,1,0,0,1,0,12192.0,2,1,1,1,0,0,1,2,8.1,270.4,0,0,0,0,0,1
298800,68.142,-0.685,0,1,1,0,5.694,0.0,0,0,1,0,13.362,0.0,0,31.69,0,0,0,1,0,1,1,0,0,1,0,12192.0,2,1,1,1,0,0,1,2,9.4,268.2,0,0,0,0,0,1
298900,68.074,-0.685,0,1,1,0,5.694,0.0,0,0,1,0,13.362,0.0,0,31.81,0,0,0,1,0,1,1,0,0,1,0,12192.0,2,1,1,1,0,0,1,2,8.4,269.6,0,0,0,0,0,1
299000,68.005,-0.685,0,1,1,0,5.694,0.0,0,0,1,0,13.362,0.0,0,31.88,0,0,0,1,0,1,1,0,0,1,0,12192.0,2,1,1,1,0,0,1,2,8.5,266.8,0,0,0,0,0,1
299100,67.937,-0.685,0,1,1,0,5.694,0.0,0,0,1,0,13.362,0.0,0,31.96,0,0,0,1,0,1,1,0,0,1,0,12192.0,2,1,1,1,0,0,1,2,8.6,269.0,0,0,0,0,0,1
299200,67.868,-0.685,0,1,1,0,5.694,0.0,0,0,1,0,13.362,0.0,0,31.91,0,0,0,1,0,1,1,0,0,1,0,12192.0,2,1,1,1,0,0,1,2,9.1,272.7,0,0,0,0,0,1
299300,67.8,-0.685,0,1,1,0,5.694,0.0,0,0,1,0,13.362,0.0,0,31.87,0,0,0,1,0,1,1,0,0,1,0,12192.0,2,1,1,1,0,0,1,2,9.1,268.8,0,0,0,0,0,1
299400,67.731,-0.685,0,1,1,0,5.694,0.0,0,0,1,0,13.362,0.0,0,32.03,0,0,0,1,0,1,1,0,0,1,0,12192.0,2,1,1,1,0,0,1,2,9.0,269.5,0,0,0,0,0,1
299500,67.663,-0.685,0,1,1,0,5.694,0.0,0,0,1,0,13.362,0.0,0,31.78,0,0,0,1,0,1,1,0,0,1,0,12192.0,2,1,1,1,0,0,1,2,8.2,271.5,0,0,0,0,0,1
299600,67.595,-0.685,0,1,1,0,5.694,0.0,0,0,1,0,13.362,0.0,0,31.81,0,0,0,1,0,1,1,0,0,1,0,12192.0,2,1,1,1,0,0,1,2,9.2,268.9,0,0,0,0,0,1
299700,67.526,-0.685,0,1,1,0,5.694,0.0,0,0,1,0,13.362,0.0,0,31.89,0,0,0,1,0,1,1,0,0,1,0,12192.0,2,1,1,1,0,0,1,2,8.8,268.6,0,0,0,0,0,1
299800,67.458,-0.685,0,1,1,0,5.694,0.0,0,0,1,0,13.362,0.0,0,32.13,0,0,0,1,0,1,1,0,0,1,0,12192.0,2,1,1,1,0,0,1,2,7.5,265.6,0,0,0,0,0,1
299900,67.389,-0.685,0,1,1,0,5.694,0.0,0,0,1,0,13.362,0.0,0,31.93,0,0,0,1,0,1,1,0,0,1,0,12192.0,2,1,1,1,0,0,1,2,7.9,269.8,0,0,0,0,0,1
300000,67.321,-0.685,0,1,1,0,5.694,0.0,0,0,1,0,13.362,0.0,0,32.09,0,0,0,1,0,1,1,0,0,1,0,12192.0,2,1,1,1,0,0,1,2,8.3,271.3,0,0,0,0,0,1
300100,67.252,-0.685,0,1,1,0,5.694,0.0,0,0,1,0,13.362,0.0,0,32.01,0,0,0,1,0,1,1,0,0,1,0,12192.0,2,1,1,1,0,0,1,2,9.0,269.7,0,0,0,0,0,1
300200,67.184,-0.685,0,1,1,0,5.694,0.0,0,0,1,0,13.362,0.0,0,31.89,0,0,0,1,0,1,1,0,0,1,0,12192.0,2,1,1,1,0,0,1,2,8.4,271.2,0,0,0,0,0,1
300300,67.115,-0.685,0,1,1,0,5.694,0.0,0,0,1,0,13.362,0.0,0,31.87,0,0,0,1,0,1,1,0,0,1,0,12192.0,2,1,1,1,0,0,1,2,7.7,272.0,0,0,0,0,0,1
300400,67.047,-0.685,0,1,1,0,5.694,0.0,0,0,1,0,13.362,0.0,0,32.12,0,0,0,1,0,1,1,0,0,1,0,12192.0,2,1,1,1,0,0,1,2,8.6,276.1,0,0,0,0,0,1
300500,66.978,-0.685,0,1,1,0,5.694,0.0,0,0,1,0,13.362,0.0,0,32.01,0,0,0,1,0,1,1,0,0,1,0,12192.0,2,1,1,1,0,0,1,2,8.3,269.5,0,0,0,0,0,1
300600,66.91,-0.685,0,1,1,0,5.694,0.0,0,0,1,0,13.362,0.0,0,31.97,0,0,0,1,0,1,1,0,0,1,0,12192.0,2,1,1,1,0,0,1,2,8.5,270.4,0,0,0,0,0,1
300700,66.841,-0.685,0,1,1,0,5.694,0.0,0,0,1,0,13.362,0.0,0,31.83,0,0,0,1,0,1,1,0,0,1,0,12192.0,2,1,1,1,0,0,1,2,8.1,267.7,0,0,0,0,0,1
300800,66.773,-0.685,0,1,1,0,5.694,0.0,0,0,1,0,13.362,0.0,0,31.88,0,0,0,1,0,1,1,0,0,1,0,12192.0,2,1,1,1,0,0,1,2,8.4,267.8,0,0,0,0,0,1
300900,66.704,-0.685,0,1,1,0,5.694,0.0,0,0,1,0,13.362,0.0,0,32.09,0,0,0,1,0,1,1,0,0,1,0,12192.0,2,1,1,1,0,0,1,2,7.5,263.2,0,0,0,0,0,1
301000,66.636,-0.685,0,1,1,0,5.694,0.0,0,0,1,0,13.362,0.0,0,31.83,0,0,0,1,0,1,1,0,0,1,0,12192.0,2,1,1,1,0,0,1,2,8.5,269.0,0,0,0,0,0,1
301100,66.567,-0.685,0,1,1,0,5.694,0.0,0,0,1,0,13.362,0.0,0,31.91,0,0,0,1,0,1,1,0,0,1,0,12192.0,2,1,1,1,0,0,1,2,8.2,272.2,0,0,0,0,0,1
301200,66.499,-0.685,0,1,1,0,5.694,0.0,0,0,1,0,13.362,0.0,0,31.98,0,0,0,1,0,1,1,0,0,1,0,12192.0,2,1,1,1,0,0,1,2,7.3,269.9,0,0,0,0,0,1
301300,66.43,-0.685,0,1,1,0,5.694,0.0,0,0,1,0,13.362,0.0,0,32.1,0,0,0,1,0,1,1,0,0,1,0,12192.0,2,1,1,1,0,0,1,2,8.0,270.1,0,0,0,0,0,1
301400,66.362,-0.685,0,1,1,0,5.694,0.0,0,0,1,0,13.362,0.0,0,32.04,0,0,0,1,0,1,1,0,0,1,0,12192.0,2,1,1,1,0,0,1,2,7.8,273.8,0,0,0,0,0,1
301500,66.294,-0.685,0,1,1,0,5.694,0.0,0,0,1,0,13.362,0.0,0,32.04,0,0,0,1,0,1,1,0,0,1,0,12192.0,2,1,1,1,0,0,1,2,7.9,269.7,0,0,0,0,0,1
301600,66.225,-0.685,0,1,1,0,5.694,0.0,0,0,1,0,13.362,0.0,0,32.07,0,0,0,1,0,1,1,0,0,1,0,12192.0,2,1,1,1,0,0,1,2,7.4,268.6,0,0,0,0,0,1
301700,66.157,-0.685,0,1,1,0,5.694,0.0,0,0,1,0,13.362,0.0,0,31.91,0,0,0,1,0,1,1,0,0,1,0,12192.0,2,1,1,1,0,0,1,2,7.6,266.9,0,0,0,0,0,1
301800,66.088,-0.685,0,1,1,0,5.694,0.0,0,0,1,0,13.362,0.0,0,32.13,0,0,0,1,0,1,1,0,0,1,0,12192.0,2,1,1,1,0,0,1,2,7.3,270.2,0,0,0,0,0,1
301900,66.02,-0.685,0,1,1,0,5.694,0.0,0,0,1,0,13.362,0.0,0,32.04,0,0,0,1,0,1,1,0,0,1,0,12192.0,2,1,1,1,0,0,1,2,7.5,266.7,0,0,0,0,0,1
302000,65.951,-0.685,0,1,1,0,5.694,0.0,0,0,1,0,13.362,0.0,0,32.01,0,0,0,1,0,1,1,0,0,1,0,12192.0,2,1,1,1,0,0,1,2,7.3,272.8,0,0,0,0,0,1
302100,65.883,-0.685,0,1,1,0,5.694,0.0,0,0,1,0,13.362,0.0,0,32.18,0,0,0,1,0,1,1,0,0,1,0,12192.0,2,1,1,1,0,0,1,2,7.4,273.3,0,0,0,0,0,1
302200,65.814,-0.685,0,1,1,0,5.694,0.0,0,0,1,0,13.362,0.0,0,32.21,0,0,0,1,0,1,1,0,0,1,0,12192.0,2,1,1,1,0,0,1,2,7.1,269.1,0,0,0,0,0,1
302300,65.746,-0.685,0,1,1,0,5.694,0.0,0,0,1,0,13.362,0.0,0,32.04,0,0,0,1,0,1,1,0,0,1,0,12192.0,2,1,1,1,0,0,1,2,7.6,275.3,0,0,0,0,0,1
302400,65.677,-0.685,0,1,1,0,5.694,0.0,0,0,1,0,13.362,0.0,0,32.04,0,0,0,1,0,1,1,0,0,1,0,12192.0,2,1,1,1,0,0,1,2,8.3,271.4,0,0,0,0,0,1
302500,65.609,-0.685,0,1,1,0,5.694,0.0,0,0,1,0,13.362,0.0,0,32.22,0,0,0,1,0,1,1,0,0,1,0,12192.0,2,1,1,1,0,0,1,2,8.1,271.6,0,0,0,0,0,1
302600,65.54,-0.685,0,1,1,0,5.694,0.0,0,0,1,0,13.362,0.0,0,31.94,0,0,0,1,0,1,1,0,0,1,0,12192.0,2,1,1,1,0,0,1,2,7.8,268.6,0,0,0,0,0,1
302700,65.472,-0.685,0,1,1,0,5.694,0.0,0,0,1,0,13.362,0.0,0,31.86,0,0,0,1,0,1,1,0,0,1,0,12192.0,2,1,1,1,0,0,1,2,7.1,269.0,0,0,0,0,0,1
302800,65.405,-0.67,0,1,1,0,5.694,0.0,0,0,1,0,13.362,0.0,0,31.8,0,0,0,1,0,1,1,0,0,1,0,12192.0,2,1,1,1,0,0,1,2,7.5,267.9,0,0,0,0,0,1
302900,65.339,-0.655,0,1,1,0,5.694,0.0,0,0,1,0,13.362,0.0,0,31.95,0,0,0,1,0,1,1,0,0,1,0,12192.0,2,1,1,1,0,0,1,2,8.4,267.6,0,0,0,0,0,1
303000,65.275,-0.641,0,1,1,0,5.694,0.0,0,0,1,0,13.362,0.0,0,32.05,0,0,0,1,0,1,1,0,0,1,0,12192.0,2,1,1,1,0,0,1,2,7.8,275.2,0,0,0,0,0,1
303100,65.213,-0.626,0,1,1,0,5.694,0.0,0,0,1,0,13.362,0.0,0,31.91,0,0,0,1,0,1,1,0,0,1,0,12192.0,2,1,1,1,0,0,1,2,7.5,270.0,0,0,0,0,0,1
303200,65.152,-0.611,0,1,1,0,5.694,0.0,0,0,1,0,13.362,0.0,0,32.04,0,0,0,1,0,1,1,0,0,1,0,12192.0,2,1,1,1,0,0,1,2,7.9,271.8,0,0,0,0,0,1
303300,65.092,-0.596,0,1,1,0,5.694,0.0,0,0,1,0,13.362,0.0,0,32.04,0,0,0,1,0,1,1,0,0,1,0,12192.0,2,1,1,1,0,0,1,2,7.5,273.0,0,0,0,0,0,1
303400,65.034,-0.582,0,1,1,0,5.694,0.0,0,0,1,0,13.362,0.0,0,31.99,0,0,0,1,0,1,1,0,0,1,0,12192.0,2,1,1,1,0,0,1,2,7.3,274.3,0,0,0,0,0,1
303500,64.977,-0.567,0,1,1,0,5.694,0.0,0,0,1,0,13.362,0.0,0,32.06,0,0,0,1,0,1,1,0,0,1,0,12192.0,2,1,1,1,0,0,1,2,7.9,271.5,0,0,0,0,0,1
303600,64.922,-0.552,0,1,1,0,5.694,0.0,0,0,1,0,13.362,0.0,0,32.0,0,0,0,1,0,1,1,0,0,1,0,12192.0,2,1,1,1,0,0,1,2,8.1,273.8,0,0,0,0,0,1
303700,64.868,-0.537,0,1,1,0,5.694,0.0,0,0,1,0,13.362,0.0,0,31.93,0,0,0,1,0,1,1,0,0,1,0,12192.0,2,1,1,1,0,0,1,2,7.3,271.9,0,0,0,0,0,1
303800,64.816,-0.523,0,1,1,0,5.694,0.0,0,0,1,0,13.362,0.0,0,31.82,0,0,0,1,0,1,1,0,0,1,0,12192.0,2,1,1,1,0,0,1,2,8.1,269.6,0,0,0,0,0,1
303900,64.765,-0.508,0,1,1,0,5.694,0.0,0,0,1,0,13.362,0.0,0,32.06,0,0,0,1,0,1,1,0,0,1,0,12192.0,2,1,1,1,0,0,1,2,6.7,272.2,0,0,0,0,0,1
304000,64.716,-0.493,0,1,1,0,5.694,0.0,0,0,1,0,13.362,0.0,0,31.88,0,0,0,1,0,1,1,0,0,1,0,12192.0,2,1,1,1,0,0,1,2,7.1,267.8,0,0,0,0,0,1
304100,64.668,-0.479,0,1,1,0,5.694,0.0,0,0,1,0,13.362,0.0,0,32.11,0,0,0,1,0,1,1,0,0,1,0,12192.0,2,1,1,1,0,0,1,2,8.1,267.8,0,0,0,0,0,1
304200,64.621,-0.464,0,1,1,0,5.694,0.0,0,0,1,0,13.362,0.0,0,31.97,0,0,0,1,0,1,1,0,0,1,0,12192.0,2,1,1,1,0,0,1,2,7.3,269.6,0,0,0,0,0,1
304300,64.576,-0.449,0,1,1,0,5.694,0.0,0,0,1,0,13.362,0.0,0,31.97,0,0,0,1,0,1,1,0,0,1,0,12192.0,2,1,1,1,0,0,1,2,8.2,275.4,0,0,0,0,0,1
304400,64.533,-0.434,0,1,1,0,5.694,0.0,0,0,1,0,13.362,0.0,0,31.99,0,0,0,1,0,1,1,0,0,1,0,12192.0,2,1,1,1,0,0,1,2,7.7,269.9,0,0,0,0,0,1
304500,64.491,-0.42,0,1,1,0,5.694,0.0,0,0,1,0,13.362,0.0,0,31.99,0,0,0,1,0,1,1,0,0,1,0,12192.0,2,1,1,1,0,0,1,2,7.2,270.4,0,0,0,0,0,1
304600,64.451,-0.405,0,1,1,0,5.694,0.0,0,0,1,0,13.362,0.0,0,32.01,0,0,0,1,0,1,1,0,0,1,0,12192.0,2,1,1,1,0,0,1,2,9.0,270.6,0,0,0,0,0,1
304700,64.412,-0.39,0,1,1,0,5.694,0.0,0,0,1,0,13.362,0.0,0,32.16,0,0,0,1,0,1,1,0,0,1,0,12192.0,2,1,1,1,0,0,1,2,8.7,270.6,0,0,0,0,0,1
304800,64.374,-0.376,0,1,1,0,5.694,0.0,0,0,1,0,13.362,0.0,0,32.05,0,0,0,1,0,1,1,0,0,1,0,12192.0,2,1,1,1,0,0,1,2,8.3,270.3,0,0,0,0,0,1
304900,64.338,-0.361,0,1,1,0,5.694,0.0,0,0,1,0,13.362,0.0,0,32.01,0,0,0,1,0,1,1,0,0,1,0,12192.0,2,1,1,1,0,0,1,2,7.7,266.7,0,0,0,0,0,1
305000,64.303,-0.346,0,1,1,0,5.694,0.0,0,0,1,0,13.362,0.0,0,31.87,0,0,0,1,0,1,1,0,0,1,0,12192.0,2,1,1,1,0,0,1,2,8.3,272.7,0,0,0,0,0,1
305100,64.27,-0.331,0,1,1,0,5.694,0.0,0,0,1,0,13.362,0.0,0,31.85,0,0,0,1,0,1,1,0,0,1,0,12192.0,2,1,1,1,0,0,1,2,8.0,269.0,0,0,0,0,0,1
305200,64.239,-0.317,0,1,1,0,5.694,0.0,0,0,1,0,13.362,0.0,0,32.06,0,0,0,1,0,1,1,0,0,1,0,12192.0,2,1,1,1,0,0,1,2,8.2,277.5,0,0,0,0,0,1
305300,64.208,-0.302,0,1,1,0,5.694,0.0,0,0,1,0,13.362,0.0,0,31.93,0,0,0,1,0,1,1,0,0,1,0,12192.0,2,1,1,1,0,0,1,2,7.7,270.2,0,0,0,0,0,1
305400,64.18,-0.287,0,1,1,0,5.694,0.0,0,0,1,0,13.362,0.0,0,31.91,0,0,0,1,0,1,1,0,0,1,0,12192.0,2,1,1,1,0,0,1,2,7.3,263.6,0,0,0,0,0,1
305500,64.152,-0.272,0,1,1,0,5.694,0.0,0,0,1,0,13.362,0.0,0,32.18,0,0,0,1,0,1,1,0,0,1,0,12192.0,2,1,1,1,0,0,1,2,8.2,270.5,0,0,0,0,0,1
305600,64.127,-0.258,0,1,1,0,5.694,0.0,0,0,1,0,13.362,0.0,0,31.99,0,0,0,1,0,1,1,0,0,1,0,12192.0,2,1,1,1,0,0,1,2,7.6,271.5,0,0,0,0,0,1
305700,64.102,-0.243,0,1,1,0,5.694,0.0,0,0,1,0,13.362,0.0,0,32.09,0,0,0,1,0,1,1,0,0,1,0,12192.0,2,1,1,1,0,0,1,2,7.7,272.4,0,0,0,0,0,1
305800,64.08,-0.228,0,1,1,0,5.694,0.0,0,0,1,0,13.362,0.0,0,32.1,0,0,0,1,0,1,1,0,0,1,0,12192.0,2,1,1,1,0,0,1,2,8.2,275.9,0,0,0,0,0,1
305900,64.058,-0.213,0,1,1,0,5.694,0.0,0,0,1,0,13.362,0.0,0,32.12,0,0,0,1,0,1,1,0,0,1,0,12192.0,2,1,1,1,0,0,1,2,8.7,269.4,0,0,0,0,0,1
306000,64.039,-0.197,0,1,1,0,5.694,0.0,0,0,1,0,13.362,0.0,0,32.07,0,0,0,1,0,1,1,0,0,1,0,12192.0,2,1,1,1,0,0,1,2,8.9,274.9,0,0,0,0,0,1
306100,64.02,-0.182,0,1,1,0,5.694,0.0,0,0,1,0,13.362,0.0,0,31.79,0,0,0,1,0,1,1,0,0,1,0,12192.0,2,1,1,1,0,0,1,2,8.7,271.2,0,0,0,0,0,1
306200,64.004,-0.167,0,1,1,0,5.694,0.0,0,0,1,0,13.362,0.0,0,31.95,0,0,0,1,0,1,1,0,0,1,0,12192.0,2,1,1,1,0,0,1,2,8.7,269.2,0,0,0,0,0,1
306300,63.989,-0.151,0,1,1,0,5.694,0.0,0,0,1,0,13.362,0.0,0,32.02,0,0,0,1,0,1,1,0,0,1,0,12192.0,2,1,1,1,0,0,1,2,8.4,267.4,0,0,0,0,0,1
306400,63.975,-0.136,0,1,1,0,5.694,0.0,0,0,1,0,13.362,0.0,0,31.99,0,0,0,1,0,1,1,0,0,1,0,12192.0,2,1,1,1,0,0,1,2,7.9,269.5,0,0,0,0,0,1
306500,63.963,-0.12,0,1,1,0,5.694,0.0,0,0,1,0,13.362,0.0,0,32.19,0,0,0,1,0,1,1,0,0,1,0,12192.0,2,1,1,1,0,0,1,2,7.1,269.8,0,0,0,0,0,1
306600,63.953,-0.104,0,1,1,0,5.694,0.0,0,0,1,0,13.362,0.0,0,32.09,0,0,0,1,0,1,1,0,0,1,0,12192.0,2,1,1,1,0,0,1,2,8.9,265.5,0,0,0,0,0,1
306700,63.944,-0.088,0,1,1,0,5.694,0.0,0,0,1,0,13.362,0.0,0,32.08,0,0,0,1,0,1,1,0,0,1,0,12192.0,2,1,1,1,0,0,1,2,9.3,269.1,0,0,0,0,0,1
306800,63.937,-0.072,0,1,1,0,5.694,0.0,0,0,1,0,13.362,0.0,0,31.94,0,0,0,1,0,1,1,0,0,1,0,12192.0,2,1,1,1,0,0,1,2,8.5,262.4,0,0,0,0,0,1
306900,63.931,-0.055,0,1,1,0,5.694,0.0,0,0,1,0,13.362,0.0,0,32.11,0,0,0,1,0,1,1,0,0,1,0,12192.0,2,1,1,1,0,0,1,2,8.4,269.9,0,0,0,0,0,1
307000,63.927,-0.038,0,1,1,0,5.694,0.0,0,0,1,0,13.362,0.0,0,32.25,0,0,0,1,0,1,1,0,0,1,0,12192.0,2,1,1,1,0,0,1,2,8.8,269.6,0,0,0,0,0,1
307100,63.925,-0.018,0,1,1,0,5.694,0.0,0,0,1,0,13.357,-0.05,0,30.27,0,0,1,1,0,1,1,0,0,1,0,12192.0,2,1,1,1,0,0,1,2,9.3,270.6,0,0,0,0,0,1
307200,63.925,0.0,0,0,1,0,5.694,0.0,0,0,1,0,13.347,-0.101,0,30.51,0,0,1,1,0,1,1,0,0,1,0,12192.0,2,1,1,1,0,0,1,2,8.4,271.8,0,0,0,0,0,1
307300,63.925,0.0,0,0,1,0,5.694,0.0,0,0,1,0,13.331,-0.151,0,30.33,0,0,1,1,0,1,1,0,0,1,0,12192.0,2,1,1,1,0,0,1,2,8.5,269.5,0,0,0,0,0,1
307400,63.925,0.0,0,0,1,0,5.694,0.0,0,0,1,0,13.311,-0.201,0,30.37,0,0,1,1,0,1,1,0,0,1,0,12192.0,2,1,1,1,0,0,1,2,8.3,270.7,0,0,0,0,0,1
307500,63.925,0.0,0,0,1,0,5.694,0.0,0,0,1,0,13.286,-0.251,0,30.35,0,0,1,1,0,1,1,0,0,1,0,12192.0,2,1,1,1,0,0,1,2,8.4,267.8,0,0,0,0,0,1
307600,63.925,0.0,0,0,1,0,5.694,0.0,0,0,1,0,13.256,-0.302,0,30.35,0,0,1,1,0,1,1,0,0,1,0,12192.0,2,1,1,1,0,0,1,2,8.4,269.0,0,0,0,0,0,1
307700,63.925,0.0,0,0,1,0,5.694,0.0,0,0,1,0,13.221,-0.352,0,30.3,0,0,1,1,0,1,1,0,0,1,0,12192.0,2,1,1,1,0,0,1,2,8.0,272.6,0,0,0,0,0,1
307800,63.925,0.0,0,0,1,0,5.694,0.0,0,0,1,0,13.181,-0.402,0,30.39,0,0,1,1,0,1,1,0,0,1,0,12192.0,2,1,1,1,0,0,1,2,8.8,271.1,0,0,0,0,0,1
307900,63.925,0.0,0,0,1,0,5.694,0.0,0,0,1,0,13.135,-0.452,0,30.31,0,0,1,1,0,1,1,0,0,1,0,12192.0,2,1,1,1,0,0,1,2,8.5,271.3,0,0,0,0,0,1
308000,63.925,0.0,0,0,1,0,5.694,0.0,0,0,1,0,13.085,-0.503,0,30.42,0,0,1,1,0,1,1,0,0,1,0,12192.0,2,1,1,1,0,0,1,2,8.4,272.9,0,0,0,0,0,1
308100,63.925,0.0,0,0,1,0,5.694,0.0,0,0,1,0,13.03,-0.553,0,30.25,0,0,1,1,0,1,1,0,0,1,0,12192.0,2,1,1,1,0,0,1,2,8.9,268.8,0,0,0,0,0,1
308200,63.925,0.0,0,0,1,0,5.694,0.0,0,0,1,0,12.97,-0.603,0,30.42,0,0,1,1,0,1,1,0,0,1,0,12192.0,2,1,1,1,0,0,1,2,8.1,269.0,0,0,0,0,0,1
308300,63.925,0.0,0,0,1,0,5.694,0.0,0,0,1,0,12.904,-0.654,0,30.3,0,0,1,1,0,1,1,0,0,1,0,12192.0,2,1,1,1,0,0,1,2,9.1,269.1,0,0,0,0,0,1
308400,63.925,0.0,0,0,1,0,5.694,0.0,0,0,1,0,12.834,-0.704,0,30.45,0,0,1,1,0,1,1,0,0,1,0,12192.0,2,1,1,1,0,0,1,2,9.2,267.5,0,0,0,0,0,1
308500,63.925,0.0,0,0,1,0,5.694,0.0,0,0,1,0,12.758,-0.754,0,30.45,0,0,1,1,0,1,1,0,0,1,0,12192.0,2,1,1,1,0,0,1,2,9.0,271.1,0,0,0,0,0,1
308600,63.925,0.0,0,0,1,0,5.694,0.0,0,0,1,0,12.678,-0.804,0,30.34,0,0,1,1,0,1,1,0,0,1,0,12192.0,2,1,1,1,0,0,1,2,8.0,269.2,0,0,0,0,0,1
308700,63.925,0.0,0,0,1,0,5.694,0.0,0,0,1,0,12.592,-0.855,0,30.5,0,0,1,1,0,1,1,0,0,1,0,12192.0,2,1,1,1,0,0,1,2,8.4,269.6,0,0,0,0,0,1
308800,63.925,0.0,0,0,1,0,5.694,0.0,0,0,1,0,12.502,-0.905,0,30.34,0,0,1,1,0,1,1,0,0,1,0,12192.0,2,1,1,1,0,0,1,2,8.1,269.8,0,0,0,0,0,1
308900,63.925,0.0,0,0,1,0,5.694,0.0,0,0,1,0,12.406,-0.955,0,30.18,0,0,1,1,0,1,1,0,0,1,0,12192.0,2,1,1,1,0,0,1,2,8.5,270.9,0,0,0,0,0,1
309000,63.925,0.0,0,0,1,0,5.694,0.0,0,0,1,0,12.306,-1.005,0,30.38,0,0,1,1,0,1,1,0,0,1,0,12192.0,2,1,1,1,0,0,1,2,7.1,276.4,0,0,0,0,0,1
309100,63.925,0.0,0,0,1,0,5.694,0.0,0,0,1,0,12.2,-1.056,0,30.34,0,0,1,1,0,1,1,0,0,1,0,12192.0,2,1,1,1,0,0,1,2,8.1,265.2,0,0,0,0,0,1
309200,63.925,0.0,0,0,1,0,5.694,0.0,0,0,1,0,12.09,-1.106,0,30.43,0,0,1,1,0,1,1,0,0,1,0,12192.0,2,1,1,1,0,0,1,2,8.0,270.1,0,0,0,0,0,1
309300,63.925,0.0,0,0,1,0,5.694,0.0,0,0,1,0,11.974,-1.156,0,30.38,0,0,1,1,0,1,1,0,0,1,0,12192.0,2,1,1,1,0,0,1,2,7.6,268.4,0,0,0,0,0,1
309400,63.925,0.0,0,0,1,0,5.694,0.0,0,0,1,0,11.853,-1.207,0,30.5,0,0,1,1,0,1,1,0,0,1,0,12192.0,2,1,1,1,0,0,1,2,8.6,267.3,0,0,0,0,0,1
309500,63.925,0.0,0,0,1,0,5.694,0.0,0,0,1,0,11.728,-1.257,0,30.19,0,0,1,1,0,1,1,0,0,1,0,12192.0,2,1,1,1,0,0,1,2,7.6,274.5,0,0,0,0,0,1
309600,63.925,0.0,0,0,1,0,5.694,0.0,0,0,1,0,11.598,-1.302,0,30.34,0,0,1,1,0,1,1,0,0,1,0,12192.0,2,1,1,1,0,0,1,2,8.2,265.3,0,0,0,0,0,1
309700,63.925,0.0,0,0,1,0,5.694,0.0,0,0,1,0,11.467,-1.302,0,30.4,0,0,1,1,0,1,1,0,0,1,0,12192.0,2,1,1,1,0,0,1,2,8.0,272.0,0,0,0,0,0,1
309800,63.925,0.0,0,0,1,0,5.694,0.0,0,0,1,0,11.337,-1.302,0,30.29,0,0,1,1,0,1,1,0,0,1,0,12192.0,2,1,1,1,0,0,1,2,7.2,272.2,0,0,0,0,0,1
309900,63.925,0.0,0,0,1,0,5.694,0.0,0,0,1,0,11.207,-1.302,0,30.34,0,0,1,1,0,1,1,0,0,1,0,12192.0,2,1,1,1,0,0,1,2,6.8,267.7,0,0,0,0,0,1
310000,63.925,0.0,0,0,1,0,5.694,0.0,0,0,1,0,11.077,-1.302,0,30.56,0,0,1,1,0,1,1,0,0,1,0,12192.0,2,1,1,1,0,0,1,2,8.3,270.4,0,0,0,0,0,1
310100,63.925,0.0,0,0,1,0,5.694,0.0,0,0,1,0,10.946,-1.302,0,30.24,0,0,1,1,0,1,1,0,0,1,0,12192.0,2,1,1,1,0,0,1,2,7.9,267.1,0,0,0,0,0,1
310200,63.925,0.0,0,0,1,0,5.694,0.0,0,0,1,0,10.816,-1.302,0,30.55,0,0,1,1,0,1,1,0,0,1,0,12192.0,2,1,1,1,0,0,1,2,7.3,270.2,0,0,0,0,0,1
310300,63.925,0.0,0,0,1,0,5.694,0.0,0,0,1,0,10.686,-1.302,0,30.31,0,0,1,1,0,1,1,0,0,1,0,12192.0,2,1,1,1,0,0,1,2,7.3,271.3,0,0,0,0,0,1
310400,63.925,0.0,0,0,1,0,5.694,0.0,0,0,1,0,10.556,-1.302,0,30.29,0,0,1,1,0,1,1,0,0,1,0,12192.0,2,1,1,1,0,0,1,2,7.6,274.9,0,0,0,0,0,1
310500,63.925,0.0,0,0,1,0,5.694,0.0,0,0,1,0,10.425,-1.302,0,30.28,0,0,1,1,0,1,1,0,0,1,0,12192.0,2,1,1,1,0,0,1,2,7.4,272.5,0,0,0,0,0,1
310600,63.925,0.0,0,0,1,0,5.694,0.0,0,0,1,0,10.295,-1.302,0,30.3,0,0,1,1,0,1,1,0,0,1,0,12192.0,2,1,1,1,0,0,1,2,7.4,266.1,0,0,0,0,0,1
310700,63.925,0.0,0,0,1,0,5.694,0.0,0,0,1,0,10.165,-1.302,0,30.19,0,0,1,1,0,1,1,0,0,1,0,12192.0,2,1,1,1,0,0,1,2,8.0,271.5,0,0,0,0,0,1
310800,63.925,0.0,0,0,1,0,5.694,0.0,0,0,1,0,10.035,-1.302,0,30.1,0,0,1,1,0,1,1,0,0,1,0,12192.0,2,1,1,1,0,0,1,2,8.0,271.9,0,0,0,0,0,1
310900,63.925,0.0,0,0,1,0,5.694,0.0,0,0,1,0,9.905,-1.302,0,30.49,0,0,1,1,0,1,1,0,0,1,0,12192.0,2,1,1,1,0,0,1,2,7.6,272.2,0,0,0,0,0,1
311000,63.925,0.0,0,0,1,0,5.694,0.0,0,0,1,0,9.774,-1.302,0,30.34,0,0,1,1,0,1,1,0,0,1,0,12192.0,2,1,1,1,0,0,1,2,8.5,273.3,0,0,0,0,0,1
311100,63.925,0.0,0,0,1,0,5.694,0.0,0,0,1,0,9.644,-1.302,0,30.26,0,0,1,1,0,1,1,0,0,1,0,12192.0,2,1,1,1,0,0,1,2,8.9,271.7,0,0,0,0,0,1
311200,63.925,0.0,0,0,1,0,5.694,0.0,0,0,1,0,9.514,-1.302,0,30.33,0,0,1,1,0,1,1,0,0,1,0,12192.0,2,1,1,1,0,0,1,2,8.1,271.0,0,0,0,0,0,1
311300,63.925,0.0,0,0,1,0,5.694,0.0,0,0,1,0,9.384,-1.302,0,30.22,0,0,1,1,0,1,1,0,0,1,0,12192.0,2,1,1,1,0,0,1,2,7.7,272.4,0,0,0,0,0,1
311400,63.925,0.0,0,0,1,0,5.694,0.0,0,0,1,0,9.253,-1.302,0,30.46,0,0,1,1,0,1,1,0,0,1,0,12192.0,2,1,1,1,0,0,1,2,7.6,269.8,0,0,0,0,0,1
311500,63.925,0.0,0,0,1,0,5.694,0.0,0,0,1,0,9.123,-1.302,0,30.47,0,0,1,1,0,1,1,0,0,1,0,12192.0,2,1,1,1,0,0,1,2,6.8,268.0,0,0,0,0,0,1
311600,63.925,0.0,0,0,1,0,5.694,0.0,0,0,1,0,8.993,-1.302,0,30.37,0,0,1,1,0,1,1,0,0,1,0,12192.0,2,1,1,1,0,0,1,2,7.1,270.6,0,0,0,0,0,1
311700,63.925,0.0,0,0,1,0,5.694,0.0,0,0,1,0,8.863,-1.302,0,30.39,0,0,1,1,0,1,1,0,0,1,0,12192.0,2,1,1,1,0,0,1,2,6.5,270.1,0,0,0,0,0,1
311800,63.925,0.0,0,0,1,0,5.694,0.0,0,0,1,0,8.733,-1.302,0,30.52,0,0,1,1,0,1,1,0,0,1,0,12192.0,2,1,1,1,0,0,1,2,7.4,274.4,0,0,0,0,0,1
311900,63.925,0.0,0,0,1,0,5.694,0.0,0,0,1,0,8.602,-1.302,0,30.31,0,0,1,1,0,1,1,0,0,1,0,12192.0,2,1,1,1,0,0,1,2,7.9,268.8,0,0,0,0,0,1
312000,63.925,0.0,0,0,1,0,5.694,0.0,0,0,1,0,8.472,-1.302,0,30.51,0,0,1,1,0,1,1,0,0,1,0,12192.0,2,1,1,1,0,0,1,2,7.1,266.3,0,0,0,0,0,1
312100,63.925,0.0,0,0,1,0,5.694,0.0,0,0,1,0,8.342,-1.302,0,30.44,0,0,1,1,0,1,1,0,0,1,0,12192.0,2,1,1,1,0,0,1,2,7.2,271.0,0,0,0,0,0,1
312200,63.925,0.0,0,0,1,0,5.694,0.0,0,0,1,0,8.212,-1.302,0,30.44,0,0,1,1,0,1,1,0,0,1,0,12192.0,2,1,1,1,0,0,1,2,7.7,270.2,0,0,0,0,0,1
312300,63.925,0.0,0,0,1,0,5.694,0.0,0,0,1,0,8.081,-1.302,0,30.54,0,0,1,1,0,1,1,0,0,1,0,12192.0,2,1,1,1,0,0,1,2,7.5,267.5,0,0,0,0,0,1
312400,63.925,0.0,0,0,1,0,5.694,0.0,0,0,1,0,7.951,-1.302,0,30.22,0,0,1,1,0,1,1,0,0,1,0,12192.0,2,1,1,1,0,0,1,2,7.6,268.8,0,0,0,0,0,1
312500,63.925,0.0,0,0,1,0,5.694,0.0,0,0,1,0,7.821,-1.302,0,30.19,0,0,1,1,0,1,1,0,0,1,0,12192.0,2,1,1,1,0,0,1,2,7.3,263.0,0,0,0,0,0,1
312600,63.925,0.0,0,0,1,0,5.694,0.0,0,0,1,0,7.691,-1.302,0,30.32,0,0,1,1,0,1,1,0,0,1,0,12192.0,2,1,1,1,0,0,1,2,6.8,265.5,0,0,0,0,0,1
312700,63.925,0.0,0,0,1,0,5.694,0.0,0,0,1,0,7.56,-1.302,0,30.21,0,0,1,1,0,1,1,0,0,1,0,12192.0,2,1,1,1,0,0,1,2,7.2,267.0,0,0,0,0,0,1
312800,63.925,0.0,0,0,1,0,5.694,0.0,0,0,1,0,7.43,-1.302,0,30.36,0,0,1,1,0,1,1,0,0,1,0,12192.0,2,1,1,1,0,0,1,2,8.3,268.2,0,0,0,0,0,1
312900,63.925,0.0,0,0,1,0,5.694,0.0,0,0,1,0,7.3,-1.302,0,30.52,0,0,1,1,0,1,1,0,0,1,0,12192.0,2,1,1,1,0,0,1,2,7.6,272.2,0,0,0,0,0,1
313000,63.925,0.0,0,0,1,0,5.694,0.0,0,0,1,0,7.17,-1.302,0,30.4,0,0,1,1,0,1,1,0,0,1,0,12192.0,2,1,1,1,0,0,1,2,7.6,268.1,0,0,0,0,0,1
313100,63.925,0.0,0,0,1,0,5.694,0.0,0,0,1,0,7.04,-1.302,0,30.47,0,0,1,1,0,1,1,0,0,1,0,12192.0,2,1,1,1,0,0,1,2,7.5,268.8,0,0,0,0,0,1
313200,63.925,0.0,0,0,1,0,5.694,0.0,0,0,1,0,6.909,-1.302,0,30.52,0,0,1,1,0,1,1,0,0,1,0,12192.0,2,1,1,1,0,0,1,2,7.4,274.1,0,0,0,0,0,1
313300,63.925,0.0,0,0,1,0,5.694,0.0,0,0,1,0,6.779,-1.302,0,30.46,0,0,1,1,0,1,1,0,0,1,0,12192.0,2,1,1,1,0,0,1,2,7.3,270.9,0,0,0,0,0,1
313400,63.925,0.0,0,0,1,0,5.694,0.0,0,0,1,0,6.649,-1.302,0,30.2,0,0,1,1,0,1,1,0,0,1,0,12192.0,2,1,1,1,0,0,1,2,7.9,269.5,0,0,0,0,0,1
313500,63.925,0.0,0,0,1,0,5.694,0.0,0,0,1,0,6.519,-1.302,0,30.33,0,0,1,1,0,1,1,0,0,1,0,12192.0,2,1,1,1,0,0,1,2,8.1,272.4,0,0,0,0,0,1
313600,63.925,0.0,0,0,1,0,5.694,0.0,0,0,1,0,6.388,-1.302,0,30.27,0,0,1,1,0,1,1,0,0,1,0,12192.0,2,1,1,1,0,0,1,2,7.6,270.1,0,0,0,0,0,1
313700,63.925,0.0,0,0,1,0,5.694,0.0,0,0,1,0,6.258,-1.302,0,30.34,0,0,1,1,0,1,1,0,0,1,0,12192.0,2,1,1,1,0,0,1,2,7.9,270.5,0,0,0,0,0,1
313800,63.925,0.0,0,0,1,0,5.694,0.0,0,0,1,0,6.128,-1.302,0,30.57,0,0,1,1,0,1,1,0,0,1,0,12192.0,2,1,1,1,0,0,1,2,7.6,269.6,0,0,0,0,0,1
313900,63.925,0.0,0,0,1,0,5.694,0.0,0,0,1,0,5.998,-1.302,0,30.42,0,0,1,1,0,1,1,0,0,1,0,12192.0,2,1,1,1,0,0,1,2,7.5,272.5,0,0,0,0,0,1
314000,63.925,0.0,0,0,1,0,5.694,0.0,0,0,1,0,5.867,-1.302,0,30.21,0,0,1,1,0,1,1,0,0,1,0,12192.0,2,1,1,1,0,0,1,2,8.5,270.4,0,0,0,0,0,1
314100,63.925,0.0,0,0,1,0,5.694,0.0,0,0,1,0,5.737,-1.302,0,30.04,0,0,1,1,0,1,1,0,0,1,0,12192.0,2,1,1,1,0,0,1,2,8.1,272.3,0,0,0,0,0,1
314200,63.925,0.0,0,0,1,0,5.694,0.0,0,0,1,0,5.607,-1.302,0,30.39,0,0,1,1,0,1,1,0,0,1,0,12192.0,2,1,1,1,0,0,1,2,7.5,272.3,0,0,0,0,0,1
314300,63.925,0.0,0,0,1,0,5.694,0.0,0,0,1,0,5.477,-1.302,0,30.44,0,0,1,1,0,1,1,0,0,1,0,12192.0,2,1,1,1,0,0,1,2,8.1,266.6,0,0,0,0,0,1
314400,63.925,0.0,0,0,1,0,5.694,0.0,0,0,1,0,5.347,-1.302,0,30.4,0,0,1,1,0,1,1,0,0,1,0,12192.0,2,1,1,1,0,0,1,2,8.1,268.9,0,0,0,0,0,1
314500,63.925,0.0,0,0,1,0,5.694,0.0,0,0,1,0,5.216,-1.302,0,30.44,0,0,1,1,0,1,1,0,0,1,0,12192.0,2,1,1,1,0,0,1,2,8.3,267.6,0,0,0,0,0,1
314600,63.925,0.0,0,0,1,0,5.694,0.0,0,0,1,0,5.086,-1.302,0,30.44,0,0,1,1,0,1,1,0,0,1,0,12192.0,2,1,1,1,0,0,1,2,7.6,271.3,0,0,0,0,0,1
314700,63.925,0.0,0,0,1,0,5.694,0.0,0,0,1,0,4.956,-1.302,0,30.02,0,0,1,1,0,1,1,0,0,1,0,12192.0,2,1,1,1,0,0,1,2,8.1,271.5,0,0,0,0,0,1
314800,63.925,0.0,0,0,1,0,5.694,0.0,0,0,1,0,4.826,-1.302,0,30.43,0,0,1,1,0,1,1,0,0,1,0,12192.0,2,1,1,1,0,0,1,2,8.0,271.7,0,0,0,0,0,1
314900,63.925,0.0,0,0,1,0,5.694,0.0,0,0,1,0,4.695,-1.302,0,30.48,0,0,1,1,0,1,1,0,0,1,0,12192.0,2,1,1,1,0,0,1,2,8.2,270.1,0,0,0,0,0,1
315000,63.925,0.0,0,0,1,0,5.694,0.0,0,0,1,0,4.565,-1.302,0,30.35,0,0,1,1,0,1,1,0,0,1,0,12192.0,2,1,1,1,0,0,1,2,7.9,267.7,0,0,0,0,0,1
315100,63.925,0.0,0,0,1,0,5.694,0.0,0,0,1,0,4.435,-1.302,0,30.53,0,0,1,1,0,1,1,0,0,1,0,12192.0,2,1,1,1,0,0,1,2,9.5,273.4,0,0,0,0,0,1
315200,63.925,0.0,0,0,1,0,5.694,0.0,0,0,1,0,4.305,-1.302,0,30.5,0,0,1,1,0,1,1,0,0,1,0,12192.0,2,1,1,1,0,0,1,2,8.2,267.4,0,0,0,0,0,1
315300,63.925,0.0,0,0,1,0,5.694,0.0,0,0,1,0,4.175,-1.302,0,30.15,0,0,1,1,0,1,1,0,0,1,0,12192.0,2,1,1,1,0,0,1,2,8.3,271.4,0,0,0,0,0,1
315400,63.925,0.0,0,0,1,0,5.694,0.0,0,0,1,0,4.049,-1.252,0,33.55,0,0,1,1,0,1,1,0,0,1,0,12192.0,2,1,1,1,0,0,1,2,9.0,272.3,0,0,0,0,0,1
315500,63.925,0.0,0,0,1,0,5.694,0.0,0,0,1,0,3.929,-1.202,0,33.47,0,0,1,1,0,1,1,0,0,1,0,12192.0,2,1,1,1,0,0,1,2,9.2,271.6,0,0,0,0,0,1
315600,63.925,0.0,0,0,1,0,5.694,0.0,0,0,1,0,3.814,-1.151,0,33.83,0,0,1,1,0,1,1,0,0,1,0,12192.0,2,1,1,1,0,0,1,2,9.0,273.7,0,0,0,0,0,1
315700,63.925,0.0,0,0,1,0,5.694,0.0,0,0,1,0,3.704,-1.101,0,33.63,0,0,1,1,0,1,1,0,0,1,0,12192.0,2,1,1,1,0,0,1,2,7.5,267.3,0,0,0,0,0,1
315800,63.925,0.0,0,0,1,0,5.694,0.0,0,0,1,0,3.599,-1.051,0,33.6,0,0,1,1,0,1,1,0,0,1,0,12192.0,2,1,1,1,0,0,1,2,8.5,270.4,0,0,0,0,0,1
315900,63.925,0.0,0,0,1,0,5.694,0.0,0,0,1,0,3.499,-1.001,0,33.7,0,0,1,1,0,1,1,0,0,1,0,12192.0,2,1,1,1,0,0,1,2,8.8,268.5,0,0,0,0,0,1
316000,63.925,0.0,0,0,1,0,5.694,0.0,0,0,1,0,3.404,-0.95,0,33.73,0,0,1,1,0,1,1,0,0,1,0,12192.0,2,1,1,1,0,0,1,2,8.2,275.2,0,0,0,0,0,1
316100,63.925,0.0,0,0,1,0,5.694,0.0,0,0,1,0,3.314,-0.9,0,33.73,0,0,1,1,0,1,1,0,0,1,0,12192.0,2,1,1,1,0,0,1,2,8.6,270.2,0,0,0,0,0,1
316200,63.925,0.0,0,0,1,0,5.694,0.0,0,0,1,0,3.224,-0.901,0,30.34,0,0,1,1,0,1,1,0,0,1,0,12192.0,2,1,1,1,0,0,1,2,8.6,266.4,0,0,0,0,0,1
316300,63.925,0.0,0,0,1,0,5.694,0.0,0,0,1,0,3.139,-0.849,0,33.62,0,0,1,1,0,1,1,0,0,1,0,12192.0,2,1,1,1,0,0,1,2,8.7,264.7,0,0,0,0,0,1
316400,63.925,0.0,0,0,1,0,5.694,0.0,0,0,1,0,3.059,-0.798,0,33.69,0,0,1,1,0,1,1,0,0,1,0,12192.0,2,1,1,1,0,0,1,2,8.2,269.5,0,0,0,0,0,1
316500,63.925,0.0,0,0,1,0,5.694,0.0,0,0,1,0,2.984,-0.746,0,33.65,0,0,1,1,0,1,1,0,0,1,0,12192.0,2,1,1,1,0,0,1,2,10.1,274.5,0,0,0,0,0,1
316600,63.925,0.0,0,0,1,0,5.694,0.0,0,0,1,0,2.915,-0.693,0,33.72,0,0,1,1,0,1,1,0,0,1,0,12192.0,2,1,1,1,0,0,1,2,8.3,270.7,0,0,0,0,0,1
316700,63.925,0.0,0,0,1,0,5.694,0.0,0,0,1,0,2.851,-0.641,0,33.73,0,0,1,1,0,1,1,0,0,1,0,12192.0,2,1,1,1,0,0,1,2,9.4,270.7,0,0,0,0,0,1
316800,63.925,0.0,0,0,1,0,5.694,0.0,0,0,1,0,2.792,-0.589,0,33.69,0,0,1,1,0,1,1,0,0,1,0,12192.0,2,1,1,1,0,0,1,2,9.3,274.0,0,0,0,0,0,1
316900,63.925,0.0,0,0,1,0,5.694,0.0,0,0,1,0,2.738,-0.536,0,33.84,0,0,1,1,0,1,1,0,0,1,0,12192.0,2,1,1,1,0,0,1,2,8.8,263.5,0,0,0,0,0,1
317000,63.925,0.0,0,0,1,0,5.694,0.0,0,0,1,0,2.69,-0.483,0,33.61,0,0,1,1,0,1,1,0,0,1,0,12192.0,2,1,1,1,0,0,1,2,8.6,272.1,0,0,0,0,0,1
317100,63.925,0.0,0,0,1,0,5.694,0.0,0,0,1,0,2.647,-0.43,0,33.74,0,0,1,1,0,1,1,0,0,1,0,12192.0,2,1,1,1,0,0,1,2,9.1,272.6,0,0,0,0,0,1
317200,63.925,0.0,0,0,1,0,5.694,0.0,0,0,1,0,2.609,-0.376,0,33.77,0,0,1,1,0,1,1,0,0,1,0,12192.0,2,1,1,1,0,0,1,2,8.9,278.3,0,0,0,0,0,1
317300,63.925,0.0,0,0,1,0,5.694,0.0,0,0,1,0,2.577,-0.322,0,33.53,0,0,1,1,0,1,1,0,0,1,0,12192.0,2,1,1,1,0,0,1,2,8.5,267.3,0,0,0,0,0,1
317400,63.925,0.0,0,0,1,0,5.694,0.0,0,0,1,0,2.55,-0.267,0,33.67,0,0,1,1,0,1,1,0,0,1,0,12192.0,2,1,1,1,0,0,1,2,8.0,271.2,0,0,0,0,0,1
317500,63.925,0.0,0,0,1,0,5.694,0.0,0,0,1,0,2.529,-0.211,0,33.7,0,0,1,1,0,1,1,0,0,1,0,12192.0,2,1,1,1,0,0,1,2,8.3,269.0,0,0,0,0,0,1
317600,63.925,0.0,0,0,1,0,5.694,0.0,0,0,1,0,2.514,-0.153,0,33.74,0,0,1,1,0,1,1,0,0,1,0,12192.0,2,1,1,1,0,0,1,2,9.2,267.6,0,0,0,0,0,1
317700,63.925,0.0,0,0,1,0,5.694,0.0,0,0,1,0,2.505,-0.089,0,33.78,0,0,1,1,0,1,1,0,0,1,0,12192.0,2,1,1,1,0,0,1,2,8.4,270.0,0,0,0,0,0,1
317800,63.925,0.0,0,0,0,0,5.694,0.0,0,0,0,0,2.501,0.0,0,32.08,0,0,0,0,0,1,1,0,0,1,0,12192.0,2,1,1,0,1,0,1,2,8.6,269.8,0,0,0,0,0,1
317900,63.925,0.0,0,0,0,0,5.694,0.0,0,0,0,0,2.501,0.0,0,31.89,0,0,0,0,0,1,1,0,1,1,0,12192.0,2,1,1,0,1,0,1,2,8.7,268.5,0,0,0,0,0,1
318000,63.925,0.0,0,0,0,0,5.694,0.0,0,0,0,0,2.501,0.0,0,32.13,0,0,0,0,0,1,1,0,1,1,0,12192.0,2,1,1,0,1,0,1,2,8.3,270.2,0,0,0,0,0,1
318100,63.925,0.0,0,0,0,0,5.694,0.0,0,0,0,0,2.501,0.0,0,32.07,0,0,0,0,0,1,1,0,1,1,0,12192.0,2,1,1,0,1,0,1,2,7.9,266.7,0,0,0,0,0,1
318200,63.925,0.0,0,0,0,0,5.694,0.0,0,0,0,0,2.501,0.0,0,31.97,0,0,0,0,0,1,1,0,1,1,0,12192.0,2,1,1,0,1,0,1,2,7.4,271.6,0,0,0,0,0,1
318300,63.925,0.0,0,0,0,0,5.694,0.0,0,0,0,0,2.501,0.0,0,32.21,0,0,0,0,0,1,1,0,1,1,0,12192.0,2,1,1,0,1,0,1,2,8.1,270.0,0,0,0,0,0,1
318400,63.925,0.0,0,0,0,0,5.694,0.0,0,0,0,0,2.501,0.0,0,31.98,0,0,0,0,0,1,1,0,1,1,0,12192.0,2,1,1,0,1,0,1,2,7.7,275.7,0,0,0,0,0,1
318500,63.925,0.0,0,0,0,0,5.694,0.0,0,0,0,0,2.501,0.0,0,31.94,0,0,0,0,0,1,1,0,1,1,0,12192.0,2,1,1,0,1,0,1,2,8.3,273.6,0,0,0,0,0,1
318600,63.925,0.0,0,0,0,0,5.694,0.0,0,0,0,0,2.501,0.0,0,31.9,0,0,0,0,0,1,1,0,1,1,0,12192.0,2,1,1,0,1,0,1,2,7.2,269.3,0,0,0,0,0,1
318700,63.925,0.0,0,0,0,0,5.694,0.0,0,0,0,0,2.501,0.0,0,31.96,0,0,0,0,0,1,1,0,1,1,0,12192.0,2,1,1,0,1,0,1,2,8.9,263.4,0,0,0,0,0,1
318800,63.925,0.0,0,0,0,0,5.694,0.0,0,0,0,0,2.501,0.0,0,31.94,0,0,0,0,0,1,1,0,1,1,0,12192.0,2,1,1,0,1,0,1,2,8.5,270.4,0,0,0,0,0,1
318900,63.925,0.0,0,0,0,0,5.694,0.0,0,0,0,0,2.501,0.0,0,32.0,0,0,0,0,0,1,1,0,1,1,0,12192.0,2,1,1,0,1,0,1,2,7.7,268.0,0,0,0,0,0,1
319000,63.925,0.0,0,0,0,0,5.694,0.0,0,0,0,0,2.501,0.0,0,31.96,0,0,0,0,0,1,1,0,1,1,0,12192.0,2,1,1,0,1,0,1,2,8.3,263.9,0,0,0,0,0,1
319100,63.925,0.0,0,0,0,0,5.694,0.0,0,0,0,0,2.501,0.0,0,0.0,0,0,0,0,0,1,0,1,1,1,0,12192.0,2,1,1,0,1,0,1,2,7.0,266.7,0,0,0,0,0,1
319200,63.925,0.0,0,0,0,0,5.694,0.0,0,0,0,0,2.501,0.0,0,0.0,0,0,0,0,0,1,0,1,1,1,0,12192.0,2,1,1,0,1,0,1,2,8.6,270.8,0,0,0,0,0,1
319300,63.925,0.0,0,0,0,0,5.694,0.0,0,0,0,0,2.501,0.0,0,0.0,0,0,0,0,0,1,0,1,1,1,0,12192.0,2,1,1,0,1,0,1,2,7.8,270.3,0,0,0,0,0,1
319400,63.925,0.0,0,0,0,0,5.694,0.0,0,0,0,0,2.501,0.0,0,0.0,0,0,0,0,0,1,0,1,1,1,0,12192.0,2,1,1,0,1,0,1,2,8.1,269.8,0,0,0,0,0,1
319500,63.925,0.0,0,0,0,0,5.694,0.0,0,0,0,0,2.501,0.0,0,0.0,0,0,0,0,0,1,0,1,1,1,0,12192.0,2,1,1,0,1,0,1,2,7.4,268.1,0,0,0,0,0,1
319600,63.925,0.0,0,0,0,0,5.694,0.0,0,0,0,0,2.501,0.0,0,0.0,0,0,0,0,0,1,0,1,1,1,0,12192.0,2,1,1,0,1,0,1,2,8.4,272.0,0,0,0,0,0,1
319700,63.925,0.0,0,0,0,0,5.694,0.0,0,0,0,0,2.501,0.0,0,0.0,0,0,0,0,0,1,0,1,1,1,0,12192.0,2,1,1,0,1,0,1,2,7.9,269.7,0,0,0,0,0,1
319800,63.925,0.0,0,0,0,0,5.694,0.0,0,0,0,0,2.501,0.0,0,0.0,0,0,0,0,0,1,0,1,1,1,0,12192.0,2,1,1,0,1,0,1,2,7.1,273.2,0,0,0,0,0,1
319900,63.925,0.0,0,0,0,0,5.694,0.0,0,0,0,0,2.501,0.0,0,0.0,0,0,0,0,0,1,0,1,1,1,0,12192.0,2,1,1,0,1,0,1,2,7.7,275.4,0,0,0,0,0,1
320000,63.925,0.0,0,0,0,0,5.694,0.0,0,0,0,0,2.501,0.0,0,0.0,0,0,0,0,0,1,0,1,1,1,0,12192.0,2,1,1,0,1,0,1,2,7.5,270.1,0,0,0,0,0,1
320100,63.925,0.0,0,0,0,0,5.694,0.0,0,0,0,0,2.501,0.0,0,0.0,0,0,0,0,0,1,0,1,1,1,0,12192.0,2,1,1,0,1,0,1,2,7.9,272.3,0,0,0,0,0,1
320200,63.925,0.0,0,0,0,0,5.694,0.0,0,0,0,0,2.501,0.0,0,0.0,0,0,0,0,0,1,0,1,1,1,0,12192.0,2,1,1,0,1,0,1,2,7.6,272.2,0,0,0,0,0,1
320300,63.925,0.0,0,0,0,0,5.694,0.0,0,0,0,0,2.501,0.0,0,0.0,0,0,0,0,0,1,0,1,1,1,0,12192.0,2,1,1,0,1,0,1,2,7.8,269.7,0,0,0,0,0,1
320400,63.925,0.0,0,0,0,0,5.694,0.0,0,0,0,0,2.501,0.0,0,0.0,0,0,0,0,0,1,0,1,1,1,0,12192.0,2,1,1,0,1,0,1,2,6.7,271.9,0,0,0,0,0,1
320500,63.925,0.0,0,0,0,0,5.694,0.0,0,0,0,0,2.501,0.0,0,0.0,0,0,0,0,0,1,0,1,1,1,0,12192.0,2,1,1,0,1,0,1,2,7.8,272.2,0,0,0,0,0,1
320600,63.925,0.0,0,0,0,0,5.694,0.0,0,0,0,0,2.501,0.0,0,0.0,0,0,0,0,0,1,0,1,1,1,0,12192.0,2,1,1,0,1,0,1,2,8.3,269.4,0,0,0,0,0,1
320700,63.925,0.0,0,0,1,0,5.694,0.0,0,0,1,0,2.506,0.05,1,0.0,0,0,1,1,0,1,0,1,0,0,0,12192.0,2,1,1,1,0,0,1,2,7.3,266.2,0,0,0,0,0,1
320800,63.925,0.0,0,0,1,0,5.694,0.0,0,0,1,0,2.516,0.101,1,0.0,0,0,1,1,0,1,0,1,0,0,0,12192.0,2,1,1,1,0,0,1,2,6.9,268.7,0,0,0,0,0,1
320900,63.925,0.0,0,0,1,0,5.694,0.0,0,0,1,0,2.531,0.151,1,0.0,0,0,1,1,0,1,0,1,0,0,0,12192.0,2,1,1,1,0,0,1,2,7.4,269.3,0,0,0,0,0,1
321000,63.925,0.0,0,0,1,0,5.694,0.0,0,0,1,0,2.551,0.201,1,0.0,0,0,1,1,0,1,0,1,0,0,0,12192.0,2,1,1,1,0,0,1,2,7.3,263.7,0,0,0,0,0,1
321100,63.925,0.0,0,0,1,0,5.694,0.0,0,0,1,0,2.577,0.251,1,0.0,0,0,1,1,0,1,0,1,0,0,0,12192.0,2,1,1,1,0,0,1,2,7.5,272.4,0,0,0,0,0,1
321200,63.925,0.0,0,0,1,0,5.694,0.0,0,0,1,0,2.607,0.302,1,0.0,0,0,1,1,0,1,0,1,0,0,0,12192.0,2,1,1,1,0,0,1,2,6.9,269.9,0,0,0,0,0,1
321300,63.925,0.0,0,0,1,0,5.694,0.0,0,0,1,0,2.642,0.352,1,0.0,0,0,1,1,0,1,0,1,0,0,0,12192.0,2,1,1,1,0,0,1,2,8.0,271.0,0,0,0,0,0,1
321400,63.925,0.0,0,0,1,0,5.694,0.0,0,0,1,0,2.682,0.402,1,0.0,0,0,1,1,0,1,0,1,0,0,0,12192.0,2,1,1,1,0,0,1,2,7.9,271.2,0,0,0,0,0,1
321500,63.925,0.0,0,0,1,0,5.694,0.0,0,0,1,0,2.727,0.452,1,0.0,0,0,1,1,0,1,0,1,0,0,0,12192.0,2,1,1,1,0,0,1,2,8.0,273.6,0,0,0,0,0,1
321600,63.925,0.0,0,0,1,0,5.694,0.0,0,0,1,0,2.778,0.503,1,0.0,0,0,1,1,0,1,0,1,0,0,0,12192.0,2,1,1,1,0,0,1,2,6.8,273.6,0,0,0,0,0,1
321700,63.925,0.0,0,0,1,0,5.694,0.0,0,0,1,0,2.833,0.553,1,0.0,0,0,1,1,0,1,0,1,0,0,0,12192.0,2,1,1,1,0,0,1,2,6.9,269.4,0,0,0,0,0,1
321800,63.925,0.0,0,0,1,0,5.694,0.0,0,0,1,0,2.893,0.603,1,0.0,0,0,1,1,0,1,0,1,0,0,0,12192.0,2,1,1,1,0,0,1,2,8.0,266.5,0,0,0,0,0,1
321900,63.925,0.0,0,0,1,0,5.694,0.0,0,0,1,0,2.959,0.654,1,0.0,0,0,1,1,0,1,0,1,0,0,0,12192.0,2,1,1,1,0,0,1,2,7.7,270.0,0,0,0,0,0,1
322000,63.925,0.0,0,0,1,0,5.694,0.0,0,0,1,0,3.029,0.704,1,0.0,0,0,1,1,0,1,0,1,0,0,0,12192.0,2,1,1,1,0,0,1,2,7.8,272.0,0,0,0,0,0,1
322100,63.925,0.0,0,0,1,0,5.694,0.0,0,0,1,0,3.104,0.754,1,0.0,0,0,1,1,0,1,0,1,0,0,0,12192.0,2,1,1,1,0,0,1,2,8.1,265.0,0,0,0,0,0,1
322200,63.925,0.0,0,0,1,0,5.694,0.0,0,0,1,0,3.185,0.804,1,0.0,0,0,1,1,0,1,0,1,0,0,0,12192.0,2,1,1,1,0,0,1,2,7.8,270.7,0,0,0,0,0,1
322300,63.925,0.0,0,0,1,0,5.694,0.0,0,0,1,0,3.27,0.855,1,0.0,0,0,1,1,0,1,0,1,0,0,0,12192.0,2,1,1,1,0,0,1,2,8.0,269.3,0,0,0,0,0,1
322400,63.925,0.0,0,0,1,0,5.694,0.0,0,0,1,0,3.361,0.905,1,0.0,0,0,1,1,0,1,0,1,0,0,0,12192.0,2,1,1,1,0,0,1,2,7.0,264.6,0,0,0,0,0,1
322500,63.925,0.0,0,0,1,0,5.694,0.0,0,0,1,0,3.456,0.955,1,0.0,0,0,1,1,0,1,0,1,0,0,0,12192.0,2,1,1,1,0,0,1,2,8.4,272.0,0,0,0,0,0,1
322600,63.925,0.0,0,0,1,0,5.694,0.0,0,0,1,0,3.557,1.005,1,0.0,0,0,1,1,0,1,0,1,0,0,0,12192.0,2,1,1,1,0,0,1,2,8.2,267.7,0,0,0,0,0,1
322700,63.925,0.0,0,0,1,0,5.694,0.0,0,0,1,0,3.662,1.056,1,0.0,0,0,1,1,0,1,0,1,0,0,0,12192.0,2,1,1,1,0,0,1,2,7.9,266.0,0,0,0,0,0,1
322800,63.925,0.0,0,0,1,0,5.694,0.0,0,0,1,0,3.773,1.106,1,0.0,0,0,1,1,0,1,0,1,0,0,0,12192.0,2,1,1,1,0,0,1,2,7.7,274.0,0,0,0,0,0,1
322900,63.925,0.0,0,0,1,0,5.694,0.0,0,0,1,0,3.889,1.156,1,0.0,0,0,1,1,0,1,0,1,0,0,0,12192.0,2,1,1,1,0,0,1,2,7.8,268.9,0,0,0,0,0,1
323000,63.925,0.0,0,0,1,0,5.694,0.0,0,0,1,0,4.009,1.207,1,0.0,0,0,1,1,0,1,0,1,0,0,0,12192.0,2,1,1,1,0,0,1,2,7.4,272.8,0,0,0,0,0,1
323100,63.925,0.0,0,0,1,0,5.694,0.0,0,0,1,0,4.135,1.257,1,0.0,0,0,1,1,0,1,0,1,0,0,0,12192.0,2,1,1,1,0,0,1,2,7.4,271.4,0,0,0,0,0,1
323200,63.925,0.0,0,0,1,0,5.694,0.0,0,0,1,0,4.265,1.302,1,0.0,0,0,1,1,0,1,0,1,0,0,0,12192.0,2,1,1,1,0,0,1,2,7.4,270.6,0,0,0,0,0,1
323300,63.925,0.0,0,0,1,0,5.694,0.0,0,0,1,0,4.395,1.302,1,0.0,0,0,1,1,0,1,0,1,0,0,0,12192.0,2,1,1,1,0,0,1,2,9.1,269.7,0,0,0,0,0,1
323400,63.925,0.0,0,0,1,0,5.694,0.0,0,0,1,0,4.526,1.302,1,0.0,0,0,1,1,0,1,0,1,0,0,0,12192.0,2,1,1,1,0,0,1,2,7.4,271.2,0,0,0,0,0,1
323500,63.925,0.0,0,0,1,0,5.694,0.0,0,0,1,0,4.656,1.302,1,0.0,0,0,1,1,0,1,0,1,0,0,0,12192.0,2,1,1,1,0,0,1,2,8.2,271.6,0,0,0,0,0,1
323600,63.925,0.0,0,0,1,0,5.694,0.0,0,0,1,0,4.786,1.302,1,0.0,0,0,1,1,0,1,0,1,0,0,0,12192.0,2,1,1,1,0,0,1,2,7.8,273.0,0,0,0,0,0,1
323700,63.925,0.0,0,0,1,0,5.694,0.0,0,0,1,0,4.916,1.302,1,0.0,0,0,1,1,0,1,0,1,0,0,0,12192.0,2,1,1,1,0,0,1,2,8.1,263.0,0,0,0,0,0,1
323800,63.925,0.0,0,0,1,0,5.694,0.0,0,0,1,0,5.047,1.302,1,0.0,0,0,1,1,0,1,0,1,0,0,0,12192.0,2,1,1,1,0,0,1,2,8.4,266.1,0,0,0,0,0,1
323900,63.925,0.0,0,0,1,0,5.694,0.0,0,0,1,0,5.177,1.302,1,0.0,0,0,1,1,0,1,0,1,0,0,0,12192.0,2,1,1,1,0,0,1,2,8.2,266.2,0,0,0,0,0,1
324000,63.925,0.0,0,0,1,0,5.694,0.0,0,0,1,0,5.307,1.302,1,0.0,0,0,1,1,0,1,0,1,0,0,0,12192.0,2,1,1,1,0,0,1,2,8.9,272.4,0,0,0,0,0,1
324100,63.925,0.0,0,0,1,0,5.694,0.0,0,0,1,0,5.437,1.302,1,0.0,0,0,1,1,0,1,0,1,0,0,0,12192.0,2,1,1,1,0,0,1,2,9.0,267.1,0,0,0,0,0,1
324200,63.925,0.0,0,0,1,0,5.694,0.0,0,0,1,0,5.568,1.302,1,0.0,0,0,1,1,0,1,0,1,0,0,0,12192.0,2,1,1,1,0,0,1,2,8.6,273.8,0,0,0,0,0,1
324300,63.925,0.0,0,0,1,0,5.694,0.0,0,0,1,0,5.698,1.302,1,0.0,0,0,1,1,0,1,0,1,0,0,0,12192.0,2,1,1,1,0,0,1,2,8.9,266.7,0,0,0,0,0,1
324400,63.925,0.0,0,0,1,0,5.694,0.0,0,0,1,0,5.828,1.302,1,0.0,0,0,1,1,0,1,0,1,0,0,0,12192.0,2,1,1,1,0,0,1,2,8.2,266.8,0,0,0,0,0,1
324500,63.925,0.0,0,0,1,0,5.694,0.0,0,0,1,0,5.958,1.302,1,0.0,0,0,1,1,0,1,0,1,0,0,0,12192.0,2,1,1,1,0,0,1,2,8.2,269.3,0,0,0,0,0,1
324600,63.925,0.0,0,0,1,0,5.694,0.0,0,0,1,0,6.088,1.302,1,0.0,0,0,1,1,0,1,0,1,0,0,0,12192.0,2,1,1,1,0,0,1,2,8.0,264.3,0,0,0,0,0,1
324700,63.925,0.0,0,0,1,0,5.694,0.0,0,0,1,0,6.219,1.302,1,0.0,0,0,1,1,0,1,0,1,0,0,0,12192.0,2,1,1,1,0,0,1,2,8.6,267.8,0,0,0,0,0,1
324800,63.925,0.0,0,0,1,0,5.694,0.0,0,0,1,0,6.349,1.302,1,0.0,0,0,1,1,0,1,0,1,0,0,0,12192.0,2,1,1,1,0,0,1,2,8.4,273.5,0,0,0,0,0,1
324900,63.925,0.0,0,0,1,0,5.694,0.0,0,0,1,0,6.479,1.302,1,0.0,0,0,1,1,0,1,0,1,0,0,0,12192.0,2,1,1,1,0,0,1,2,8.5,277.1,0,0,0,0,0,1
325000,63.925,0.0,0,0,1,0,5.694,0.0,0,0,1,0,6.609,1.302,1,0.0,0,0,1,1,0,1,0,1,0,0,0,12192.0,2,1,1,1,0,0,1,2,9.7,273.5,0,0,0,0,0,1
325100,63.925,0.0,0,0,1,0,5.694,0.0,0,0,1,0,6.74,1.302,1,0.0,0,0,1,1,0,1,0,1,0,0,0,12192.0,2,1,1,1,0,0,1,2,8.5,269.7,0,0,0,0,0,1
325200,63.925,0.0,0,0,1,0,5.694,0.0,0,0,1,0,6.87,1.302,1,0.0,0,0,1,1,0,1,0,1,0,0,0,12192.0,2,1,1,1,0,0,1,2,8.5,267.3,0,0,0,0,0,1
325300,63.925,0.0,0,0,1,0,5.694,0.0,0,0,1,0,7.0,1.302,1,0.0,0,0,1,1,0,1,0,1,0,0,0,12192.0,2,1,1,1,0,0,1,2,7.8,270.9,0,0,0,0,0,1
325400,63.925,0.0,0,0,1,0,5.694,0.0,0,0,1,0,7.13,1.302,1,0.0,0,0,1,1,0,1,0,1,0,0,0,12192.0,2,1,1,1,0,0,1,2,8.7,268.6,0,0,0,0,0,1
325500,63.925,0.0,0,0,1,0,5.694,0.0,0,0,1,0,7.261,1.302,1,0.0,0,0,1,1,0,1,0,1,0,0,0,12192.0,2,1,1,1,0,0,1,2,9.7,267.4,0,0,0,0,0,1
325600,63.925,0.0,0,0,1,0,5.694,0.0,0,0,1,0,7.391,1.302,1,0.0,0,0,1,1,0,1,0,1,0,0,0,12192.0,2,1,1,1,0,0,1,2,8.9,269.4,0,0,0,0,0,1
325700,63.925,0.0,0,0,1,0,5.694,0.0,0,0,1,0,7.521,1.302,1,0.0,0,0,1,1,0,1,0,1,0,0,0,12192.0,2,1,1,1,0,0,1,2,7.8,265.9,0,0,0,0,0,1
325800,63.925,0.0,0,0,1,0,5.694,0.0,0,0,1,0,7.651,1.302,1,0.0,0,0,1,1,0,1,0,1,0,0,0,12192.0,2,1,1,1,0,0,1,2,7.3,266.3,0,0,0,0,0,1
325900,63.925,0.0,0,0,1,0,5.694,0.0,0,0,1,0,7.781,1.302,1,0.0,0,0,1,1,0,1,0,1,0,0,0,12192.0,2,1,1,1,0,0,1,2,9.5,270.2,0,0,0,0,0,1
326000,63.925,0.0,0,0,1,0,5.694,0.0,0,0,1,0,7.912,1.302,1,0.0,0,0,1,1,0,1,0,1,0,0,0,12192.0,2,1,1,1,0,0,1,2,9.0,270.8,0,0,0,0,0,1
326100,63.925,0.0,0,0,1,0,5.694,0.0,0,0,1,0,8.042,1.302,1,0.0,0,0,1,1,0,1,0,1,0,0,0,12192.0,2,1,1,1,0,0,1,2,8.6,269.1,0,0,0,0,0,1
326200,63.925,0.0,0,0,1,0,5.694,0.0,0,0,1,0,8.172,1.302,1,0.0,0,0,1,1,0,1,0,1,0,0,0,12192.0,2,1,1,1,0,0,1,2,7.8,269.0,0,0,0,0,0,1
326300,63.925,0.0,0,0,1,0,5.694,0.0,0,0,1,0,8.302,1.302,1,0.0,0,0,1,1,0,1,0,1,0,0,0,12192.0,2,1,1,1,0,0,1,2,9.6,268.9,0,0,0,0,0,1
326400,63.925,0.0,0,0,1,0,5.694,0.0,0,0,1,0,8.433,1.302,1,0.0,0,0,1,1,0,1,0,1,0,0,0,12192.0,2,1,1,1,0,0,1,2,8.3,270.4,0,0,0,0,0,1
326500,63.925,0.0,0,0,1,0,5.694,0.0,0,0,1,0,8.563,1.302,1,0.0,0,0,1,1,0,1,0,1,0,0,0,12192.0,2,1,1,1,0,0,1,2,8.5,272.1,0,0,0,0,0,1
326600,63.925,0.0,0,0,1,0,5.694,0.0,0,0,1,0,8.693,1.302,1,0.0,0,0,1,1,0,1,0,1,0,0,0,12192.0,2,1,1,1,0,0,1,2,8.8,271.6,0,0,0,0,0,1
326700,63.925,0.0,0,0,1,0,5.694,0.0,0,0,1,0,8.823,1.302,1,0.0,0,0,1,1,0,1,0,1,0,0,0,12192.0,2,1,1,1,0,0,1,2,8.1,268.6,0,0,0,0,0,1
326800,63.925,0.0,0,0,1,0,5.694,0.0,0,0,1,0,8.953,1.302,1,0.0,0,0,1,1,0,1,0,1,0,0,0,12192.0,2,1,1,1,0,0,1,2,8.7,267.3,0,0,0,0,0,1
326900,63.925,0.0,0,0,1,0,5.694,0.0,0,0,1,0,9.084,1.302,1,0.0,0,0,1,1,0,1,0,1,0,0,0,12192.0,2,1,1,1,0,0,1,2,8.5,275.1,0,0,0,0,0,1
327000,63.925,0.0,0,0,1,0,5.694,0.0,0,0,1,0,9.214,1.302,1,0.0,0,0,1,1,0,1,0,1,0,0,0,12192.0,2,1,1,1,0,0,1,2,8.5,270.9,0,0,0,0,0,1
327100,63.925,0.0,0,0,1,0,5.694,0.0,0,0,1,0,9.344,1.302,1,0.0,0,0,1,1,0,1,0,1,0,0,0,12192.0,2,1,1,1,0,0,1,2,8.4,270.6,0,0,0,0,0,1
327200,63.925,0.0,0,0,1,0,5.694,0.0,0,0,1,0,9.474,1.302,1,0.0,0,0,1,1,0,1,0,1,0,0,0,12192.0,2,1,1,1,0,0,1,2,9.0,274.1,0,0,0,0,0,1
327300,63.925,0.0,0,0,1,0,5.694,0.0,0,0,1,0,9.605,1.302,1,0.0,0,0,1,1,0,1,0,1,0,0,0,12192.0,2,1,1,1,0,0,1,2,8.3,268.9,0,0,0,0,0,1
327400,63.925,0.0,0,0,1,0,5.694,0.0,0,0,1,0,9.735,1.302,1,0.0,0,0,1,1,0,1,0,1,0,0,0,12192.0,2,1,1,1,0,0,1,2,7.3,270.1,0,0,0,0,0,1
327500,63.925,0.0,0,0,1,0,5.694,0.0,0,0,1,0,9.865,1.302,1,0.0,0,0,1,1,0,1,0,1,0,0,0,12192.0,2,1,1,1,0,0,1,2,7.4,265.7,0,0,0,0,0,1
327600,63.925,0.0,0,0,1,0,5.694,0.0,0,0,1,0,9.995,1.302,1,0.0,0,0,1,1,0,1,0,1,0,0,0,12192.0,2,1,1,1,0,0,1,2,8.1,269.2,0,0,0,0,0,1
327700,63.925,0.0,0,0,1,0,5.694,0.0,0,0,1,0,10.126,1.302,1,0.0,0,0,1,1,0,1,0,1,0,0,0,12192.0,2,1,1,1,0,0,1,2,7.7,270.9,0,0,0,0,0,1
327800,63.925,0.0,0,0,1,0,5.694,0.0,0,0,1,0,10.256,1.302,1,0.0,0,0,1,1,0,1,0,1,0,0,0,12192.0,2,1,1,1,0,0,1,2,8.0,269.1,0,0,0,0,0,1
327900,63.925,0.0,0,0,1,0,5.694,0.0,0,0,1,0,10.386,1.302,1,0.0,0,0,1,1,0,1,0,1,0,0,0,12192.0,2,1,1,1,0,0,1,2,7.3,267.2,0,0,0,0,0,1
328000,63.925,0.0,0,0,1,0,5.694,0.0,0,0,1,0,10.516,1.302,1,0.0,0,0,1,1,0,1,0,1,0,0,0,12192.0,2,1,1,1,0,0,1,2,7.8,268.4,0,0,0,0,0,1
328100,63.925,0.0,0,0,1,0,5.694,0.0,0,0,1,0,10.646,1.302,1,0.0,0,0,1,1,0,1,0,1,0,0,0,12192.0,2,1,1,1,0,0,1,2,7.9,268.0,0,0,0,0,0,1
328200,63.925,0.0,0,0,1,0,5.694,0.0,0,0,1,0,10.777,1.302,1,0.0,0,0,1,1,0,1,0,1,0,0,0,12192.0,2,1,1,1,0,0,1,2,7.9,271.0,0,0,0,0,0,1
328300,63.925,0.0,0,0,1,0,5.694,0.0,0,0,1,0,10.907,1.302,1,0.0,0,0,1,1,0,1,0,1,0,0,0,12192.0,2,1,1,1,0,0,1,2,7.5,269.2,0,0,0,0,0,1
328400,63.925,0.0,0,0,1,0,5.694,0.0,0,0,1,0,11.037,1.302,1,0.0,0,0,1,1,0,1,0,1,0,0,0,12192.0,2,1,1,1,0,0,1,2,7.4,266.9,0,0,0,0,0,1
328500,63.925,0.0,0,0,1,0,5.694,0.0,0,0,1,0,11.167,1.302,1,0.0,0,0,1,1,0,1,0,1,0,0,0,12192.0,2,1,1,1,0,0,1,2,8.1,269.5,0,0,0,0,0,1
328600,63.925,0.0,0,0,1,0,5.694,0.0,0,0,1,0,11.298,1.302,1,0.0,0,0,1,1,0,1,0,1,0,0,0,12192.0,2,1,1,1,0,0,1,2,6.9,269.3,0,0,0,0,0,1
328700,63.925,0.0,0,0,1,0,5.694,0.0,0,0,1,0,11.428,1.302,1,0.0,0,0,1,1,0,1,0,1,0,0,0,12192.0,2,1,1,1,0,0,1,2,7.8,272.1,0,0,0,0,0,1
328800,63.925,0.0,0,0,1,0,5.694,0.0,0,0,1,0,11.558,1.302,1,0.0,0,0,1,1,0,1,0,1,0,0,0,12192.0,2,1,1,1,0,0,1,2,8.3,265.5,0,0,0,0,0,1
328900,63.925,0.0,0,0,1,0,5.694,0.0,0,0,1,0,11.688,1.302,1,0.0,0,0,1,1,0,1,0,1,0,0,0,12192.0,2,1,1,1,0,0,1,2,8.1,268.0,0,0,0,0,0,1
329000,63.925,0.0,0,0,1,0,5.694,0.0,0,0,1,0,11.814,1.252,1,0.0,0,0,1,1,0,1,0,1,0,0,0,12192.0,2,1,1,1,0,0,1,2,7.2,265.2,0,0,0,0,0,1
329100,63.925,0.0,0,0,1,0,5.694,0.0,0,0,1,0,11.934,1.202,1,0.0,0,0,1,1,0,1,0,1,0,0,0,12192.0,2,1,1,1,0,0,1,2,7.7,270.2,0,0,0,0,0,1
329200,63.925,0.0,0,0,1,0,5.694,0.0,0,0,1,0,12.049,1.151,1,0.0,0,0,1,1,0,1,0,1,0,0,0,12192.0,2,1,1,1,0,0,1,2,8.0,267.5,0,0,0,0,0,1
329300,63.925,0.0,0,0,1,0,5.694,0.0,0,0,1,0,12.159,1.101,1,0.0,0,0,1,1,0,1,0,1,0,0,0,12192.0,2,1,1,1,0,0,1,2,7.5,271.0,0,0,0,0,0,1
329400,63.925,0.0,0,0,1,0,5.694,0.0,0,0,1,0,12.264,1.051,1,0.0,0,0,1,1,0,1,0,1,0,0,0,12192.0,2,1,1,1,0,0,1,2,7.2,271.3,0,0,0,0,0,1
329500,63.925,0.0,0,0,1,0,5.694,0.0,0,0,1,0,12.364,1.001,1,0.0,0,0,1,1,0,1,0,1,0,0,0,12192.0,2,1,1,1,0,0,1,2,7.8,267.7,0,0,0,0,0,1
329600,63.925,0.0,0,0,1,0,5.694,0.0,0,0,1,0,12.459,0.95,1,0.0,0,0,1,1,0,1,0,1,0,0,0,12192.0,2,1,1,1,0,0,1,2,7.3,269.4,0,0,0,0,0,1
329700,63.925,0.0,0,0,1,0,5.694,0.0,0,0,1,0,12.549,0.9,1,0.0,0,0,1,1,0,1,0,1,0,0,0,12192.0,2,1,1,1,0,0,1,2,6.7,268.7,0,0,0,0,0,1
329800,63.925,0.0,0,0,1,0,5.694,0.0,0,0,1,0,12.634,0.85,1,0.0,0,0,1,1,0,1,0,1,0,0,0,12192.0,2,1,1,1,0,0,1,2,6.9,271.0,0,0,0,0,0,1
329900,63.925,0.0,0,0,1,0,5.694,0.0,0,0,1,0,12.714,0.8,1,0.0,0,0,1,1,0,1,0,1,0,0,0,12192.0,2,1,1,1,0,0,1,2,7.1,270.2,0,0,0,0,0,1
330000,63.925,0.0,0,0,1,0,5.694,0.0,0,0,1,0,12.789,0.749,1,0.0,0,0,1,1,0,1,0,1,0,0,0,12192.0,2,1,1,1,0,0,1,2,6.8,270.0,0,0,0,0,0,1
330100,63.925,0.0,0,0,1,0,5.694,0.0,0,0,1,0,12.864,0.75,1,0.0,0,0,1,1,0,1,0,1,0,0,0,12192.0,2,1,1,1,0,0,1,2,7.4,269.3,0,0,0,0,0,1
330200,63.925,0.0,0,0,1,0,5.694,0.0,0,0,1,0,12.934,0.698,1,0.0,0,0,1,1,0,1,0,1,0,0,0,12192.0,2,1,1,1,0,0,1,2,7.2,271.0,0,0,0,0,0,1
330300,63.925,0.0,0,0,1,0,5.694,0.0,0,0,1,0,12.998,0.646,1,0.0,0,0,1,1,0,1,0,1,0,0,0,12192.0,2,1,1,1,0,0,1,2,7.1,267.3,0,0,0,0,0,1
330400,63.925,0.0,0,0,1,0,5.694,0.0,0,0,1,0,13.058,0.593,1,0.0,0,0,1,1,0,1,0,1,0,0,0,12192.0,2,1,1,1,0,0,1,2,6.6,266.5,0,0,0,0,0,1
330500,63.925,0.0,0,0,1,0,5.694,0.0,0,0,1,0,13.112,0.541,1,0.0,0,0,1,1,0,1,0,1,0,0,0,12192.0,2,1,1,1,0,0,1,2,7.4,272.0,0,0,0,0,0,1
330600,63.925,0.0,0,0,1,0,5.694,0.0,0,0,1,0,13.16,0.488,1,0.0,0,0,1,1,0,1,0,1,0,0,0,12192.0,2,1,1,1,0,0,1,2,7.4,269.1,0,0,0,0,0,1
330700,63.925,0.0,0,0,1,0,5.694,0.0,0,0,1,0,13.204,0.434,1,0.0,0,0,1,1,0,1,0,1,0,0,0,12192.0,2,1,1,1,0,0,1,2,7.7,267.0,0,0,0,0,0,1
330800,63.925,0.0,0,0,1,0,5.694,0.0,0,0,1,0,13.242,0.381,1,0.0,0,0,1,1,0,1,0,1,0,0,0,12192.0,2,1,1,1,0,0,1,2,7.8,269.9,0,0,0,0,0,1
330900,63.925,0.0,0,0,1,0,5.694,0.0,0,0,1,0,13.275,0.327,1,0.0,0,0,1,1,0,1,0,1,0,0,0,12192.0,2,1,1,1,0,0,1,2,7.9,269.8,0,0,0,0,0,1
331000,63.925,0.0,0,0,1,0,5.694,0.0,0,0,1,0,13.302,0.272,1,0.0,0,0,1,1,0,1,0,1,0,0,0,12192.0,2,1,1,1,0,0,1,2,6.8,269.7,0,0,0,0,0,1
331100,63.925,0.0,0,0,1,0,5.694,0.0,0,0,1,0,13.323,0.216,1,0.0,0,0,1,1,0,1,0,1,0,0,0,12192.0,2,1,1,1,0,0,1,2,8.4,269.7,0,0,0,0,0,1
331200,63.925,0.0,0,0,1,0,5.694,0.0,0,0,1,0,13.339,0.158,1,0.0,0,0,1,1,0,1,0,1,0,0,0,12192.0,2,1,1,1,0,0,1,2,7.7,268.9,0,0,0,0,0,1
331300,63.925,0.0,0,0,1,0,5.694,0.0,0,0,1,0,13.349,0.095,1,0.0,0,0,1,1,0,1,0,1,0,0,0,12192.0,2,1,1,1,0,0,1,2,7.8,268.3,0,0,0,0,0,1
331400,63.925,0.0,0,0,0,0,5.694,0.0,0,0,0,0,13.353,0.0,0,0.0,0,0,0,0,0,1,0,1,0,0,0,12192.0,2,1,1,0,1,0,1,2,7.7,269.9,0,0,0,0,0,1
331500,63.927,0.015,1,1,1,0,5.699,0.057,1,1,1,0,13.348,-0.05,0,0.0,0,0,1,1,0,1,0,1,0,0,0,12192.0,2,1,1,1,0,0,1,3,7.4,269.2,0,0,0,0,0,1
331600,63.93,0.029,1,1,1,0,5.711,0.114,1,1,1,0,13.338,-0.101,0,0.0,0,0,1,1,0,1,0,1,0,0,0,12192.0,2,1,1,1,0,0,1,3,7.4,267.7,0,0,0,0,0,1
331700,63.934,0.044,1,1,1,0,5.728,0.171,1,1,1,0,13.323,-0.151,0,0.0,0,0,1,1,0,1,0,1,0,0,0,12192.0,2,1,1,1,0,0,1,3,7.9,265.7,0,0,0,0,0,1
331800,63.94,0.059,1,1,1,0,5.751,0.228,1,1,1,0,13.303,-0.201,0,0.0,0,0,1,1,0,1,0,1,0,0,0,12192.0,2,1,1,1,0,0,1,3,8.7,268.1,0,0,0,0,0,1
331900,63.947,0.074,1,1,1,0,5.779,0.286,1,1,1,0,13.288,-0.149,0,0.0,0,0,1,1,0,1,0,1,0,0,0,12192.0,2,1,1,1,0,0,1,3,8.4,270.8,0,0,0,0,0,1
332000,63.956,0.088,1,1,1,0,5.814,0.343,1,1,1,0,13.28,-0.084,0,0.0,0,0,1,1,0,1,0,1,0,0,0,12192.0,2,1,1,1,0,0,1,3,7.8,269.3,0,0,0,0,0,1
332100,63.966,0.103,1,1,1,0,5.854,0.4,1,1,1,0,13.276,0.0,0,0.0,0,0,0,1,0,1,0,1,0,0,0,12192.0,2,1,1,1,0,0,1,3,8.1,269.4,0,0,0,0,0,1
332200,63.978,0.118,1,1,1,0,5.899,0.457,1,1,1,0,13.276,0.0,0,0.0,0,0,0,1,0,1,0,1,0,0,0,12192.0,2,1,1,1,0,0,1,3,8.3,269.7,0,0,0,0,0,1
332300,63.991,0.133,1,1,1,0,5.951,0.514,1,1,1,0,13.276,0.0,0,0.0,0,0,0,1,0,1,0,1,0,0,0,12192.0,2,1,1,1,0,0,1,3,8.2,273.1,0,0,0,0,0,1
332400,64.006,0.147,1,1,1,0,6.008,0.571,1,1,1,0,13.276,0.0,0,0.0,0,0,0,1,0,1,0,1,0,0,0,12192.0,2,1,1,1,0,0,1,3,8.3,269.9,0,0,0,0,0,1
332500,64.022,0.162,1,1,1,0,6.071,0.628,1,1,1,0,13.276,0.0,0,0.0,0,0,0,1,0,1,0,1,0,0,0,12192.0,2,1,1,1,0,0,1,3,8.5,268.8,0,0,0,0,0,1
332600,64.04,0.177,1,1,1,0,6.139,0.685,1,1,1,0,13.276,0.0,0,0.0,0,0,0,1,0,1,0,1,0,0,0,12192.0,2,1,1,1,0,0,1,3,7.5,268.6,0,0,0,0,0,1
332700,64.059,0.191,1,1,1,0,6.213,0.742,1,1,1,0,13.276,0.0,0,0.0,0,0,0,1,0,1,0,1,0,0,0,12192.0,2,1,1,1,0,0,1,3,8.4,268.4,0,0,0,0,0,1
332800,64.08,0.206,1,1,1,0,6.293,0.8,1,1,1,0,13.276,0.0,0,0.0,0,0,0,1,0,1,0,1,0,0,0,12192.0,2,1,1,1,0,0,1,3,7.9,270.4,0,0,0,0,0,1
332900,64.102,0.221,1,1,1,0,6.379,0.857,1,1,1,0,13.276,0.0,0,0.0,0,0,0,1,0,1,0,1,0,0,0,12192.0,2,1,1,1,0,0,1,3,8.3,271.3,0,0,0,0,0,1
333000,64.125,0.236,1,1,1,0,6.47,0.914,1,1,1,0,13.276,0.0,0,0.0,0,0,0,1,0,1,0,1,0,0,0,12192.0,2,1,1,1,0,0,1,3,8.2,274.4,0,0,0,0,0,1
333100,64.15,0.25,1,1,1,0,6.567,0.971,1,1,1,0,13.276,0.0,0,0.0,0,0,0,1,0,1,0,1,0,0,0,12192.0,2,1,1,1,0,0,1,3,7.8,272.2,0,0,0,0,0,1
333200,64.177,0.265,1,1,1,0,6.67,1.028,1,1,1,0,13.276,0.0,0,0.0,0,0,0,1,0,1,0,1,0,0,0,12192.0,2,1,1,1,0,0,1,3,9.0,268.9,0,0,0,0,0,1
333300,64.205,0.28,1,1,1,0,6.779,1.085,1,1,1,0,13.276,0.0,0,0.0,0,0,0,1,0,1,0,1,0,0,0,12192.0,2,1,1,1,0,0,1,3,8.4,271.6,0,0,0,0,0,1
333400,64.234,0.295,1,1,1,0,6.893,1.142,1,1,1,0,13.276,0.0,0,0.0,0,0,0,1,0,1,0,1,0,0,0,12192.0,2,1,1,1,0,0,1,3,8.7,279.7,0,0,0,0,0,1
333500,64.265,0.309,1,1,1,0,7.013,1.199,1,1,1,0,13.276,0.0,0,0.0,0,0,0,1,0,1,0,1,0,0,0,12192.0,2,1,1,1,0,0,1,3,8.4,269.1,0,0,0,0,0,1
333600,64.298,0.324,1,1,1,0,7.138,1.256,1,1,1,0,13.276,0.0,0,0.0,0,0,0,1,0,1,0,1,0,0,0,12192.0,2,1,1,1,0,0,1,3,7.9,271.2,0,0,0,0,0,1
333700,64.332,0.339,1,1,1,0,7.27,1.314,1,1,1,0,13.276,0.0,0,0.0,0,0,0,1,0,1,0,1,0,0,0,12192.0,2,1,1,1,0,0,1,3,8.6,272.6,0,0,0,0,0,1
333800,64.367,0.353,1,1,1,0,7.407,1.371,1,1,1,0,13.276,0.0,0,0.0,0,0,0,1,0,1,0,1,0,0,0,12192.0,2,1,1,1,0,0,1,3,8.6,273.8,0,0,0,0,0,1
333900,64.404,0.368,1,1,1,0,7.55,1.428,1,1,1,0,13.276,0.0,0,0.0,0,0,0,1,0,1,0,1,0,0,0,12192.0,2,1,1,1,0,0,1,3,7.8,270.9,0,0,0,0,0,1
334000,64.442,0.383,1,1,1,0,7.698,1.485,1,1,1,0,13.276,0.0,0,0.0,0,0,0,1,0,1,0,1,0,0,0,12192.0,2,1,1,1,0,0,1,3,8.6,266.2,0,0,0,0,0,1
334100,64.482,0.398,1,1,1,0,7.852,1.542,1,1,1,0,13.276,0.0,0,0.0,0,0,0,1,0,1,0,1,0,0,0,12192.0,2,1,1,1,0,0,1,3,9.0,269.0,0,0,0,0,0,1
334200,64.523,0.412,1,1,1,0,8.012,1.599,1,1,1,0,13.276,0.0,0,0.0,0,0,0,1,0,1,0,1,0,0,0,12192.0,2,1,1,1,0,0,1,3,8.5,265.2,0,0,0,0,0,1
334300,64.566,0.427,1,1,1,0,8.178,1.656,1,1,1,0,13.276,0.0,0,0.0,0,0,0,1,0,1,0,1,0,0,0,12192.0,2,1,1,1,0,0,1,3,8.6,268.1,0,0,0,0,0,1
334400,64.61,0.442,1,1,1,0,8.349,1.713,1,1,1,0,13.276,0.0,0,0.0,0,0,0,1,0,1,0,1,0,0,0,12192.0,2,1,1,1,0,0,1,3,9.0,271.7,0,0,0,0,0,1
334500,64.656,0.456,1,1,1,0,8.526,1.77,1,1,1,0,13.276,0.0,0,0.0,0,0,0,1,0,1,0,1,0,0,0,12192.0,2,1,1,1,0,0,1,3,9.0,261.6,0,0,0,0,0,1
334600,64.703,0.471,1,1,1,0,8.709,1.827,1,1,1,0,13.276,0.0,0,0.0,0,0,0,1,0,1,0,1,0,0,0,12192.0,2,1,1,1,0,0,1,3,9.3,270.1,0,0,0,0,0,1
334700,64.751,0.486,1,1,1,0,8.897,1.885,1,1,1,0,13.276,0.0,0,0.0,0,0,0,1,0,1,0,1,0,0,0,12192.0,2,1,1,1,0,0,1,3,8.4,273.7,0,0,0,0,0,1
334800,64.801,0.501,1,1,1,0,9.092,1.942,1,1,1,0,13.276,0.0,0,0.0,0,0,0,1,0,1,0,1,0,0,0,12192.0,2,1,1,1,0,0,1,3,9.0,270.8,0,0,0,0,0,1
334900,64.853,0.515,1,1,1,0,9.291,1.999,1,1,1,0,13.276,0.0,0,0.0,0,0,0,1,0,1,0,1,0,0,0,12192.0,2,1,1,1,0,0,1,3,8.9,266.9,0,0,0,0,0,1
335000,64.906,0.53,1,1,1,0,9.497,2.056,1,1,1,0,13.276,0.0,0,0.0,0,0,0,1,0,1,0,1,0,0,0,12192.0,2,1,1,1,0,0,1,3,9.0,270.7,0,0,0,0,0,1
335100,64.96,0.545,1,1,1,0,9.708,2.113,1,1,1,0,13.276,0.0,0,0.0,0,0,0,1,0,1,0,1,0,0,0,12192.0,2,1,1,1,0,0,1,3,8.3,267.9,0,0,0,0,0,1
335200,65.016,0.56,1,1,1,0,9.925,2.17,1,1,1,0,13.276,0.0,0,0.0,0,0,0,1,0,1,0,1,0,0,0,12192.0,2,1,1,1,0,0,1,3,8.4,270.3,0,0,0,0,0,1
335300,65.074,0.574,1,1,1,0,10.148,2.227,1,1,1,0,13.276,0.0,0,0.0,0,0,0,1,0,1,0,1,0,0,0,12192.0,2,1,1,1,0,0,1,3,8.8,265.9,0,0,0,0,0,1
335400,65.133,0.589,1,1,1,0,10.377,2.284,1,1,1,0,13.276,0.0,0,0.0,0,0,0,1,0,1,0,1,0,0,0,12192.0,2,1,1,1,0,0,1,3,7.5,268.3,0,0,0,0,0,1
335500,65.193,0.604,1,1,1,0,10.611,2.341,1,1,1,0,13.276,0.0,0,0.0,0,0,0,1,0,1,0,1,0,0,0,12192.0,2,1,1,1,0,0,1,3,8.2,272.3,0,0,0,0,0,1
335600,65.255,0.618,1,1,1,0,10.851,2.399,1,1,1,0,13.276,0.0,0,0.0,0,0,0,1,0,1,0,1,0,0,0,12192.0,2,1,1,1,0,0,1,3,8.6,267.5,0,0,0,0,0,1
335700,65.318,0.633,1,1,1,0,11.096,2.456,1,1,1,0,13.276,0.0,0,0.0,0,0,0,1,0,1,0,1,0,0,0,12192.0,2,1,1,1,0,0,1,3,9.4,270.7,0,0,0,0,0,1
335800,65.383,0.648,1,1,1,0,11.347,2.513,1,1,1,0,13.276,0.0,0,0.0,0,0,0,1,0,1,0,1,0,0,0,12192.0,2,1,1,1,0,0,1,3,8.1,265.8,0,0,0,0,0,1
335900,65.449,0.663,1,1,1,0,11.602,2.543,1,1,1,0,13.276,0.0,0,0.0,0,0,0,1,0,1,0,1,0,0,0,12192.0,2,1,1,1,0,0,1,3,7.8,267.6,0,0,0,0,0,1
336000,65.517,0.677,1,1,1,0,11.85,2.485,1,1,1,0,13.276,0.0,0,0.0,0,0,0,1,0,1,0,1,0,0,0,12192.0,2,1,1,1,0,0,1,3,9.1,266.8,0,0,0,0,0,1
336100,65.585,0.685,1,1,1,0,12.093,2.427,1,1,1,0,13.276,0.0,0,0.0,0,0,0,1,0,1,0,1,0,0,0,12192.0,2,1,1,1,0,0,1,3,8.4,272.8,0,0,0,0,0,1
336200,65.654,0.685,1,1,1,0,12.33,2.369,1,1,1,0,13.276,0.0,0,0.0,0,0,0,1,0,1,0,1,0,0,0,12192.0,2,1,1,1,0,0,1,3,9.2,270.1,0,0,0,0,0,1
336300,65.722,0.685,1,1,1,0,12.561,2.312,1,1,1,0,13.276,0.0,0,0.0,0,0,0,1,0,1,0,1,0,0,0,12192.0,2,1,1,1,0,0,1,3,7.8,267.3,0,0,0,0,0,1
336400,65.791,0.685,1,1,1,0,12.786,2.254,1,1,1,0,13.276,0.0,0,0.0,0,0,0,1,0,1,0,1,0,0,0,12192.0,2,1,1,1,0,0,1,3,8.0,264.1,0,0,0,0,0,1
336500,65.859,0.685,1,1,1,0,13.006,2.196,1,1,1,0,13.276,0.0,0,0.0,0,0,0,1,0,1,0,1,0,0,0,12192.0,2,1,1,1,0,0,1,3,7.9,268.7,0,0,0,0,0,1
336600,65.928,0.685,1,1,1,0,13.22,2.138,1,1,1,0,13.276,0.0,0,0.0,0,0,0,1,0,1,0,1,0,0,0,12192.0,2,1,1,1,0,0,1,3,8.3,267.6,0,0,0,0,0,1
336700,65.996,0.685,1,1,1,0,13.428,2.08,1,1,1,0,13.276,0.0,0,0.0,0,0,0,1,0,1,0,1,0,0,0,12192.0,2,1,1,1,0,0,1,3,7.8,273.0,0,0,0,0,0,1
336800,66.065,0.685,1,1,1,0,13.63,2.022,1,1,1,0,13.276,0.0,0,0.0,0,0,0,1,0,1,0,1,0,0,0,12192.0,2,1,1,1,0,0,1,3,7.4,272.7,0,0,0,0,0,1
336900,66.133,0.685,1,1,1,0,13.827,1.964,1,1,1,0,13.276,0.0,0,0.0,0,0,0,1,0,1,0,1,0,0,0,12192.0,2,1,1,1,0,0,1,3,8.6,269.1,0,0,0,0,0,1
337000,66.202,0.685,1,1,1,0,14.017,1.906,1,1,1,0,13.276,0.0,0,0.0,0,0,0,1,0,1,0,1,0,0,0,12192.0,2,1,1,1,0,0,1,3,8.2,270.5,0,0,0,0,0,1
337100,66.27,0.685,1,1,1,0,14.202,1.848,1,1,1,0,13.276,0.0,0,0.0,0,0,0,1,0,1,0,1,0,0,0,12192.0,2,1,1,1,0,0,1,3,7.9,267.8,0,0,0,0,0,1
337200,66.339,0.685,1,1,1,0,14.381,1.79,1,1,1,0,13.276,0.0,0,0.0,0,0,0,1,0,1,0,1,0,0,0,12192.0,2,1,1,1,0,0,1,3,7.3,270.6,0,0,0,0,0,1
337300,66.407,0.685,1,1,1,0,14.554,1.732,1,1,1,0,13.276,0.0,0,0.0,0,0,0,1,0,1,0,1,0,0,0,12192.0,2,1,1,1,0,0,1,3,7.4,275.7,0,0,0,0,0,1
337400,66.476,0.685,1,1,1,0,14.722,1.674,1,1,1,0,13.276,0.0,0,0.0,0,0,0,1,0,1,0,1,0,0,0,12192.0,2,1,1,1,0,0,1,3,8.0,271.9,0,0,0,0,0,1
337500,66.544,0.685,1,1,1,0,14.883,1.616,1,1,1,0,13.276,0.0,0,0.0,0,0,0,1,0,1,0,1,0,0,0,12192.0,2,1,1,1,0,0,1,3,7.1,271.3,0,0,0,0,0,1
337600,66.613,0.685,1,1,1,0,15.039,1.558,1,1,1,0,13.276,0.0,0,0.0,0,0,0,1,0,1,0,1,0,0,0,12192.0,2,1,1,1,0,0,1,3,7.4,267.4,0,0,0,0,0,1
337700,66.681,0.685,1,1,1,0,15.189,1.5,1,1,1,0,13.276,0.0,0,0.0,0,0,0,1,0,1,0,1,0,0,0,12192.0,2,1,1,1,0,0,1,3,7.9,275.1,0,0,0,0,0,1
337800,66.75,0.685,1,1,1,0,15.333,1.442,1,1,1,0,13.276,0.0,0,0.0,0,0,0,1,0,1,0,1,0,0,0,12192.0,2,1,1,1,0,0,1,3,8.4,270.9,0,0,0,0,0,1
337900,66.818,0.685,1,1,1,0,15.472,1.383,1,1,1,0,13.276,0.0,0,0.0,0,0,0,1,0,1,0,1,0,0,0,12192.0,2,1,1,1,0,0,1,3,6.9,268.6,0,0,0,0,0,1
338000,66.886,0.685,1,1,1,0,15.604,1.325,1,1,1,0,13.276,0.0,0,0.0,0,0,0,1,0,1,0,1,0,0,0,12192.0,2,1,1,1,0,0,1,3,7.3,269.1,0,0,0,0,0,1
338100,66.955,0.685,1,1,1,0,15.731,1.267,1,1,1,0,13.276,0.0,0,0.0,0,0,0,1,0,1,0,1,0,0,0,12192.0,2,1,1,1,0,0,1,3,7.5,269.6,0,0,0,0,0,1
338200,67.023,0.685,1,1,1,0,15.852,1.208,1,1,1,0,13.276,0.0,0,0.0,0,0,0,1,0,1,0,1,0,0,0,12192.0,2,1,1,1,0,0,1,3,7.4,270.3,0,0,0,0,0,1
338300,67.092,0.685,1,1,1,0,15.967,1.15,1,1,1,0,13.276,0.0,0,0.0,0,0,0,1,0,1,0,1,0,0,0,12192.0,2,1,1,1,0,0,1,3,7.4,268.8,0,0,0,0,0,1
338400,67.16,0.685,1,1,1,0,16.076,1.091,1,1,1,0,13.276,0.0,0,0.0,0,0,0,1,0,1,0,1,0,0,0,12192.0,2,1,1,1,0,0,1,3,6.8,270.1,0,0,0,0,0,1
338500,67.229,0.685,1,1,1,0,16.179,1.032,1,1,1,0,13.276,0.0,0,0.0,0,0,0,1,0,1,0,1,0,0,0,12192.0,2,1,1,1,0,0,1,3,7.4,267.8,0,0,0,0,0,1
338600,67.297,0.685,1,1,1,0,16.276,0.973,1,1,1,0,13.276,0.0,0,0.0,0,0,0,1,0,1,0,1,0,0,0,12192.0,2,1,1,1,0,0,1,3,7.9,271.2,0,0,0,0,0,1
338700,67.366,0.685,1,1,1,0,16.368,0.915,1,1,1,0,13.276,0.0,0,0.0,0,0,0,1,0,1,0,1,0,0,0,12192.0,2,1,1,1,0,0,1,3,7.1,272.0,0,0,0,0,0,1
338800,67.434,0.685,1,1,1,0,16.453,0.856,1,1,1,0,13.276,0.0,0,0.0,0,0,0,1,0,1,0,1,0,0,0,12192.0,2,1,1,1,0,0,1,3,7.5,271.2,0,0,0,0,0,1
338900,67.503,0.685,1,1,1,0,16.533,0.796,1,1,1,0,13.276,0.0,0,0.0,0,0,0,1,0,1,0,1,0,0,0,12192.0,2,1,1,1,0,0,1,3,6.7,267.4,0,0,0,0,0,1
339000,67.571,0.685,1,1,1,0,16.607,0.737,1,1,1,0,13.276,0.0,0,0.0,0,0,0,1,0,1,0,1,0,0,0,12192.0,2,1,1,1,0,0,1,3,7.6,267.6,0,0,0,0,0,1
339100,67.64,0.685,1,1,1,0,16.674,0.678,1,1,1,0,13.276,0.0,0,0.0,0,0,0,1,0,1,0,1,0,0,0,12192.0,2,1,1,1,0,0,1,3,7.0,269.5,0,0,0,0,0,1
339200,67.708,0.685,1,1,1,0,16.736,0.618,1,1,1,0,13.276,0.0,0,0.0,0,0,0,1,0,1,0,1,0,0,0,12192.0,2,1,1,1,0,0,1,3,6.4,273.1,0,0,0,0,0,1
339300,67.777,0.685,1,1,1,0,16.792,0.558,1,1,1,0,13.276,0.0,0,0.0,0,0,0,1,0,1,0,1,0,0,0,12192.0,2,1,1,1,0,0,1,3,7.8,274.5,0,0,0,0,0,1
339400,67.845,0.685,1,1,1,0,16.842,0.497,1,1,1,0,13.276,0.0,0,0.0,0,0,0,1,0,1,0,1,0,0,0,12192.0,2,1,1,1,0,0,1,3,7.4,265.0,0,0,0,0,0,1
339500,67.914,0.685,1,1,1,0,16.885,0.437,1,1,1,0,13.276,0.0,0,0.0,0,0,0,1,0,1,0,1,0,0,0,12192.0,2,1,1,1,0,0,1,3,7.4,265.2,0,0,0,0,0,1
339600,67.982,0.685,1,1,1,0,16.923,0.375,1,1,1,0,13.276,0.0,0,0.0,0,0,0,1,0,1,0,1,0,0,0,12192.0,2,1,1,1,0,0,1,3,7.6,271.2,0,0,0,0,0,1
339700,68.051,0.685,1,1,1,0,16.954,0.313,1,1,1,0,13.276,0.0,0,0.0,0,0,0,1,0,1,0,1,0,0,0,12192.0,2,1,1,1,0,0,1,3,7.7,270.3,0,0,0,0,0,1
339800,68.119,0.685,1,1,1,0,16.979,0.249,1,1,1,0,13.276,0.0,0,0.0,0,0,0,1,0,1,0,1,0,0,0,12192.0,2,1,1,1,0,0,1,3,8.0,270.6,0,0,0,0,0,1
339900,68.188,0.685,1,1,1,0,16.997,0.184,1,1,1,0,13.276,0.0,0,0.0,0,0,0,1,0,1,0,1,0,0,0,12192.0,2,1,1,1,0,0,1,3,7.5,270.1,0,0,0,0,0,1
340000,68.256,0.685,1,1,1,0,17.009,0.113,1,1,1,0,13.276,0.0,0,0.0,0,0,0,1,0,1,0,1,0,0,0,12192.0,2,1,1,1,0,0,1,3,7.6,266.2,0,0,0,0,0,1
340100,68.324,0.685,1,1,1,0,17.014,0.0,0,0,1,0,13.276,0.0,0,0.0,0,0,0,1,0,1,0,1,0,0,0,12192.0,2,1,1,1,0,0,1,3,8.0,268.6,0,0,0,0,0,1
340200,68.393,0.685,1,1,1,0,17.014,0.0,0,0,1,0,13.276,0.0,0,0.0,0,0,0,1,0,1,0,1,0,0,0,12192.0,2,1,1,1,0,0,1,3,8.0,270.8,0,0,0,0,0,1
340300,68.461,0.685,1,1,1,0,17.014,0.0,0,0,1,0,13.276,0.0,0,0.0,0,0,0,1,0,1,0,1,0,0,0,12192.0,2,1,1,1,0,0,1,3,8.1,271.8,0,0,0,0,0,1
340400,68.53,0.685,1,1,1,0,17.014,0.0,0,0,1,0,13.276,0.0,0,0.0,0,0,0,1,0,1,0,1,0,0,0,12192.0,2,1,1,1,0,0,1,3,7.5,268.4,0,0,0,0,0,1
340500,68.598,0.685,1,1,1,0,17.014,0.0,0,0,1,0,13.276,0.0,0,0.0,0,0,0,1,0,1,0,1,0,0,0,12192.0,2,1,1,1,0,0,1,3,7.2,266.8,0,0,0,0,0,1
340600,68.667,0.685,1,1,1,0,17.014,0.0,0,0,1,0,13.276,0.0,0,0.0,0,0,0,1,0,1,0,1,0,0,0,12192.0,2,1,1,1,0,0,1,3,6.9,268.3,0,0,0,0,0,1
340700,68.735,0.685,1,1,1,0,17.014,0.0,0,0,1,0,13.276,0.0,0,0.0,0,0,0,1,0,1,0,1,0,0,0,12192.0,2,1,1,1,0,0,1,3,7.5,270.4,0,0,0,0,0,1
340800,68.804,0.685,1,1,1,0,17.014,0.0,0,0,1,0,13.276,0.0,0,0.0,0,0,0,1,0,1,0,1,0,0,0,12192.0,2,1,1,1,0,0,1,3,7.2,272.4,0,0,0,0,0,1
340900,68.872,0.685,1,1,1,0,17.014,0.0,0,0,1,0,13.276,0.0,0,0.0,0,0,0,1,0,1,0,1,0,0,0,12192.0,2,1,1,1,0,0,1,3,8.2,268.6,0,0,0,0,0,1
341000,68.941,0.685,1,1,1,0,17.014,0.0,0,0,1,0,13.276,0.0,0,0.0,0,0,0,1,0,1,0,1,0,0,0,12192.0,2,1,1,1,0,0,1,3,7.1,272.3,0,0,0,0,0,1
341100,69.009,0.685,1,1,1,0,17.014,0.0,0,0,1,0,13.276,0.0,0,0.0,0,0,0,1,0,1,0,1,0,0,0,12192.0,2,1,1,1,0,0,1,3,7.7,266.4,0,0,0,0,0,1
341200,69.078,0.685,1,1,1,0,17.014,0.0,0,0,1,0,13.276,0.0,0,0.0,0,0,0,1,0,1,0,1,0,0,0,12192.0,2,1,1,1,0,0,1,3,8.3,269.7,0,0,0,0,0,1
341300,69.146,0.685,1,1,1,0,17.014,0.0,0,0,1,0,13.276,0.0,0,0.0,0,0,0,1,0,1,0,1,0,0,0,12192.0,2,1,1,1,0,0,1,3,8.0,269.4,0,0,0,0,0,1
341400,69.215,0.685,1,1,1,0,17.014,0.0,0,0,1,0,13.276,0.0,0,0.0,0,0,0,1,0,1,0,1,0,0,0,12192.0,2,1,1,1,0,0,1,3,8.0,268.7,0,0,0,0,0,1
341500,69.283,0.685,1,1,1,0,17.014,0.0,0,0,1,0,13.276,0.0,0,0.0,0,0,0,1,0,1,0,1,0,0,0,12192.0,2,1,1,1,0,0,1,3,7.9,267.3,0,0,0,0,0,1
341600,69.352,0.685,1,1,1,0,17.014,0.0,0,0,1,0,13.276,0.0,0,0.0,0,0,0,1,0,1,0,1,0,0,0,12192.0,2,1,1,1,0,0,1,3,8.9,266.6,0,0,0,0,0,1
341700,69.42,0.685,1,1,1,0,17.014,0.0,0,0,1,0,13.276,0.0,0,0.0,0,0,0,1,0,1,0,1,0,0,0,12192.0,2,1,1,1,0,0,1,3,7.7,267.6,0,0,0,0,0,1
341800,69.489,0.685,1,1,1,0,17.014,0.0,0,0,1,0,13.276,0.0,0,0.0,0,0,0,1,0,1,0,1,0,0,0,12192.0,2,1,1,1,0,0,1,3,8.9,272.1,0,0,0,0,0,1
341900,69.557,0.685,1,1,1,0,17.014,0.0,0,0,1,0,13.276,0.0,0,0.0,0,0,0,1,0,1,0,1,0,0,0,12192.0,2,1,1,1,0,0,1,3,8.3,270.3,0,0,0,0,0,1
342000,69.625,0.685,1,1,1,0,17.014,0.0,0,0,1,0,13.276,0.0,0,0.0,0,0,0,1,0,1,0,1,0,0,0,12192.0,2,1,1,1,0,0,1,3,8.4,272.0,0,0,0,0,0,1
342100,69.694,0.685,1,1,1,0,17.014,0.0,0,0,1,0,13.276,0.0,0,0.0,0,0,0,1,0,1,0,1,0,0,0,12192.0,2,1,1,1,0,0,1,3,7.3,270.9,0,0,0,0,0,1
342200,69.762,0.685,1,1,1,0,17.014,0.0,0,0,1,0,13.276,0.0,0,0.0,0,0,0,1,0,1,0,1,0,0,0,12192.0,2,1,1,1,0,0,1,3,8.6,270.2,0,0,0,0,0,1
342300,69.831,0.685,1,1,1,0,17.014,0.0,0,0,1,0,13.276,0.0,0,0.0,0,0,0,1,0,1,0,1,0,0,0,12192.0,2,1,1,1,0,0,1,3,7.9,267.4,0,0,0,0,0,1
342400,69.899,0.685,1,1,1,0,17.014,0.0,0,0,1,0,13.276,0.0,0,0.0,0,0,0,1,0,1,0,1,0,0,0,12192.0,2,1,1,1,0,0,1,3,7.9,269.8,0,0,0,0,0,1
342500,69.968,0.685,1,1,1,0,17.014,0.0,0,0,1,0,13.276,0.0,0,0.0,0,0,0,1,0,1,0,1,0,0,0,12192.0,2,1,1,1,0,0,1,3,8.7,274.1,0,0,0,0,0,1
342600,70.036,0.685,1,1,1,0,17.014,0.0,0,0,1,0,13.276,0.0,0,0.0,0,0,0,1,0,1,0,1,0,0,0,12192.0,2,1,1,1,0,0,1,3,9.8,273.4,0,0,0,0,0,1
342700,70.105,0.685,1,1,1,0,17.014,0.0,0,0,1,0,13.276,0.0,0,0.0,0,0,0,1,0,1,0,1,0,0,0,12192.0,2,1,1,1,0,0,1,3,8.2,270.1,0,0,0,0,0,1
342800,70.173,0.685,1,1,1,0,17.014,0.0,0,0,1,0,13.276,0.0,0,0.0,0,0,0,1,0,1,0,1,0,0,0,12192.0,2,1,1,1,0,0,1,3,8.4,270.3,0,0,0,0,0,1
342900,70.242,0.685,1,1,1,0,17.014,0.0,0,0,1,0,13.276,0.0,0,0.0,0,0,0,1,0,1,0,1,0,0,0,12192.0,2,1,1,1,0,0,1,3,8.8,271.9,0,0,0,0,0,1
343000,70.31,0.685,1,1,1,0,17.014,0.0,0,0,1,0,13.276,0.0,0,0.0,0,0,0,1,0,1,0,1,0,0,0,12192.0,2,1,1,1,0,0,1,3,8.6,268.0,0,0,0,0,0,1
343100,70.379,0.685,1,1,1,0,17.014,0.0,0,0,1,0,13.276,0.0,0,0.0,0,0,0,1,0,1,0,1,0,0,0,12192.0,2,1,1,1,0,0,1,3,8.0,267.0,0,0,0,0,0,1
343200,70.447,0.685,1,1,1,0,17.014,0.0,0,0,1,0,13.276,0.0,0,0.0,0,0,0,1,0,1,0,1,0,0,0,12192.0,2,1,1,1,0,0,1,3,8.5,269.3,0,0,0,0,0,1
343300,70.516,0.685,1,1,1,0,17.014,0.0,0,0,1,0,13.276,0.0,0,0.0,0,0,0,1,0,1,0,1,0,0,0,12192.0,2,1,1,1,0,0,1,3,8.6,271.1,0,0,0,0,0,1
343400,70.584,0.685,1,1,1,0,17.014,0.0,0,0,1,0,13.276,0.0,0,0.0,0,0,0,1,0,1,0,1,0,0,0,12192.0,2,1,1,1,0,0,1,3,8.9,267.2,0,0,0,0,0,1
343500,70.653,0.685,1,1,1,0,17.014,0.0,0,0,1,0,13.276,0.0,0,0.0,0,0,0,1,0,1,0,1,0,0,0,12192.0,2,1,1,1,0,0,1,3,8.1,269.0,0,0,0,0,0,1
343600,70.721,0.685,1,1,1,0,17.014,0.0,0,0,1,0,13.276,0.0,0,0.0,0,0,0,1,0,1,0,1,0,0,0,12192.0,2,1,1,1,0,0,1,3,9.1,270.0,0,0,0,0,0,1
343700,70.79,0.685,1,1,1,0,17.014,0.0,0,0,1,0,13.276,0.0,0,0.0,0,0,0,1,0,1,0,1,0,0,0,12192.0,2,1,1,1,0,0,1,3,8.5,263.6,0,0,0,0,0,1
343800,70.858,0.685,1,1,1,0,17.014,0.0,0,0,1,0,13.276,0.0,0,0.0,0,0,0,1,0,1,0,1,0,0,0,12192.0,2,1,1,1,0,0,1,3,8.1,270.7,0,0,0,0,0,1
343900,70.926,0.685,1,1,1,0,17.014,0.0,0,0,1,0,13.276,0.0,0,0.0,0,0,0,1,0,1,0,1,0,0,0,12192.0,2,1,1,1,0,0,1,3,8.7,268.8,0,0,0,0,0,1
344000,70.995,0.685,1,1,1,0,17.014,0.0,0,0,1,0,13.276,0.0,0,0.0,0,0,0,1,0,1,0,1,0,0,0,12192.0,2,1,1,1,0,0,1,3,7.7,276.2,0,0,0,0,0,1
344100,71.063,0.685,1,1,1,0,17.014,0.0,0,0,1,0,13.276,0.0,0,0.0,0,0,0,1,0,1,0,1,0,0,0,12192.0,2,1,1,1,0,0,1,3,9.0,266.9,0,0,0,0,0,1
344200,71.132,0.685,1,1,1,0,17.014,0.0,0,0,1,0,13.276,0.0,0,0.0,0,0,0,1,0,1,0,1,0,0,0,12192.0,2,1,1,1,0,0,1,3,8.6,271.8,0,0,0,0,0,1
344300,71.2,0.685,1,1,1,0,17.014,0.0,0,0,1,0,13.276,0.0,0,0.0,0,0,0,1,0,1,0,1,0,0,0,12192.0,2,1,1,1,0,0,1,3,8.2,272.5,0,0,0,0,0,1
344400,71.269,0.685,1,1,1,0,17.014,0.0,0,0,1,0,13.276,0.0,0,0.0,0,0,0,1,0,1,0,1,0,0,0,12192.0,2,1,1,1,0,0,1,3,8.2,265.9,0,0,0,0,0,1
344500,71.337,0.685,1,1,1,0,17.014,0.0,0,0,1,0,13.276,0.0,0,0.0,0,0,0,1,0,1,0,1,0,0,0,12192.0,2,1,1,1,0,0,1,3,9.0,269.8,0,0,0,0,0,1
344600,71.406,0.685,1,1,1,0,17.014,0.0,0,0,1,0,13.276,0.0,0,0.0,0,0,0,1,0,1,0,1,0,0,0,12192.0,2,1,1,1,0,0,1,3,8.5,267.4,0,0,0,0,0,1
344700,71.474,0.685,1,1,1,0,17.014,0.0,0,0,1,0,13.276,0.0,0,0.0,0,0,0,1,0,1,0,1,0,0,0,12192.0,2,1,1,1,0,0,1,3,7.3,270.8,0,0,0,0,0,1
344800,71.543,0.685,1,1,1,0,17.014,0.0,0,0,1,0,13.276,0.0,0,0.0,0,0,0,1,0,1,0,1,0,0,0,12192.0,2,1,1,1,0,0,1,3,8.6,269.4,0,0,0,0,0,1
344900,71.611,0.685,1,1,1,0,17.014,0.0,0,0,1,0,13.276,0.0,0,0.0,0,0,0,1,0,1,0,1,0,0,0,12192.0,2,1,1,1,0,0,1,3,9.3,271.3,0,0,0,0,0,1
345000,71.68,0.685,1,1,1,0,17.014,0.0,0,0,1,0,13.276,0.0,0,0.0,0,0,0,1,0,1,0,1,0,0,0,12192.0,2,1,1,1,0,0,1,3,7.1,269.8,0,0,0,0,0,1
345100,71.748,0.685,1,1,1,0,17.014,0.0,0,0,1,0,13.276,0.0,0,0.0,0,0,0,1,0,1,0,1,0,0,0,12192.0,2,1,1,1,0,0,1,3,8.1,273.4,0,0,0,0,0,1
345200,71.817,0.685,1,1,1,0,17.014,0.0,0,0,1,0,13.276,0.0,0,0.0,0,0,0,1,0,1,0,1,0,0,0,12192.0,2,1,1,1,0,0,1,3,8.8,268.4,0,0,0,0,0,1
345300,71.885,0.685,1,1,1,0,17.014,0.0,0,0,1,0,13.276,0.0,0,0.0,0,0,0,1,0,1,0,1,0,0,0,12192.0,2,1,1,1,0,0,1,3,7.3,267.9,0,0,0,0,0,1
345400,71.954,0.685,1,1,1,0,17.014,0.0,0,0,1,0,13.276,0.0,0,0.0,0,0,0,1,0,1,0,1,0,0,0,12192.0,2,1,1,1,0,0,1,3,8.1,272.6,0,0,0,0,0,1
345500,72.022,0.685,1,1,1,0,17.014,0.0,0,0,1,0,13.276,0.0,0,0.0,0,0,0,1,0,1,0,1,0,0,0,12192.0,2,1,1,1,0,0,1,3,8.5,272.8,0,0,0,0,0,1
345600,72.091,0.685,1,1,1,0,17.014,0.0,0,0,1,0,13.276,0.0,0,0.0,0,0,0,1,0,1,0,1,0,0,0,12192.0,2,1,1,1,0,0,1,3,8.6,268.8,0,0,0,0,0,1
345700,72.159,0.685,1,1,1,0,17.014,0.0,0,0,1,0,13.276,0.0,0,0.0,0,0,0,1,0,1,0,1,0,0,0,12192.0,2,1,1,1,0,0,1,3,7.9,268.3,0,0,0,0,0,1
345800,72.228,0.685,1,1,1,0,17.014,0.0,0,0,1,0,13.276,0.0,0,0.0,0,0,0,1,0,1,0,1,0,0,0,12192.0,2,1,1,1,0,0,1,3,8.0,272.4,0,0,0,0,0,1
345900,72.296,0.685,1,1,1,0,17.014,0.0,0,0,1,0,13.276,0.0,0,0.0,0,0,0,1,0,1,0,1,0,0,0,12192.0,2,1,1,1,0,0,1,3,7.8,270.6,0,0,0,0,0,1
346000,72.364,0.685,1,1,1,0,17.014,0.0,0,0,1,0,13.276,0.0,0,0.0,0,0,0,1,0,1,0,1,0,0,0,12192.0,2,1,1,1,0,0,1,3,7.8,269.7,0,0,0,0,0,1
346100,72.433,0.685,1,1,1,0,17.014,0.0,0,0,1,0,13.276,0.0,0,0.0,0,0,0,1,0,1,0,1,0,0,0,12192.0,2,1,1,1,0,0,1,3,7.4,273.1,0,0,0,0,0,1
346200,72.501,0.685,1,1,1,0,17.014,0.0,0,0,1,0,13.276,0.0,0,0.0,0,0,0,1,0,1,0,1,0,0,0,12192.0,2,1,1,1,0,0,1,3,8.0,266.9,0,0,0,0,0,1
346300,72.57,0.685,1,1,1,0,17.014,0.0,0,0,1,0,13.276,0.0,0,0.0,0,0,0,1,0,1,0,1,0,0,0,12192.0,2,1,1,1,0,0,1,3,8.6,269.3,0,0,0,0,0,1
346400,72.638,0.685,1,1,1,0,17.014,0.0,0,0,1,0,13.276,0.0,0,0.0,0,0,0,1,0,1,0,1,0,0,0,12192.0,2,1,1,1,0,0,1,3,7.8,266.5,0,0,0,0,0,1
346500,72.707,0.685,1,1,1,0,17.014,0.0,0,0,1,0,13.276,0.0,0,0.0,0,0,0,1,0,1,0,1,0,0,0,12192.0,2,1,1,1,0,0,1,3,7.4,270.7,0,0,0,0,0,1
346600,72.775,0.685,1,1,1,0,17.014,0.0,0,0,1,0,13.276,0.0,0,0.0,0,0,0,1,0,1,0,1,0,0,0,12192.0,2,1,1,1,0,0,1,3,7.1,271.9,0,0,0,0,0,1
346700,72.844,0.685,1,1,1,0,17.014,0.0,0,0,1,0,13.276,0.0,0,0.0,0,0,0,1,0,1,0,1,0,0,0,12192.0,2,1,1,1,0,0,1,3,7.8,269.4,0,0,0,0,0,1
346800,72.912,0.685,1,1,1,0,17.014,0.0,0,0,1,0,13.276,0.0,0,0.0,0,0,0,1,0,1,0,1,0,0,0,12192.0,2,1,1,1,0,0,1,3,6.9,267.7,0,0,0,0,0,1
346900,72.981,0.685,1,1,1,0,17.014,0.0,0,0,1,0,13.276,0.0,0,0.0,0,0,0,1,0,1,0,1,0,0,0,12192.0,2,1,1,1,0,0,1,3,8.1,270.3,0,0,0,0,0,1
347000,73.049,0.685,1,1,1,0,17.014,0.0,0,0,1,0,13.276,0.0,0,0.0,0,0,0,1,0,1,0,1,0,0,0,12192.0,2,1,1,1,0,0,1,3,7.2,270.2,0,0,0,0,0,1
347100,73.118,0.685,1,1,1,0,17.014,0.0,0,0,1,0,13.276,0.0,0,0.0,0,0,0,1,0,1,0,1,0,0,0,12192.0,2,1,1,1,0,0,1,3,7.3,270.0,0,0,0,0,0,1
347200,73.186,0.685,1,1,1,0,17.014,0.0,0,0,1,0,13.276,0.0,0,0.0,0,0,0,1,0,1,0,1,0,0,0,12192.0,2,1,1,1,0,0,1,3,7.3,266.7,0,0,0,0,0,1
347300,73.255,0.685,1,1,1,0,17.014,0.0,0,0,1,0,13.276,0.0,0,0.0,0,0,0,1,0,1,0,1,0,0,0,12192.0,2,1,1,1,0,0,1,3,8.1,271.5,0,0,0,0,0,1
347400,73.323,0.685,1,1,1,0,17.014,0.0,0,0,1,0,13.276,0.0,0,0.0,0,0,0,1,0,1,0,1,0,0,0,12192.0,2,1,1,1,0,0,1,3,7.6,272.7,0,0,0,0,0,1
347500,73.392,0.685,1,1,1,0,17.014,0.0,0,0,1,0,13.276,0.0,0,0.0,0,0,0,1,0,1,0,1,0,0,0,12192.0,2,1,1,1,0,0,1,3,7.1,266.7,0,0,0,0,0,1
347600,73.46,0.685,1,1,1,0,17.014,0.0,0,0,1,0,13.276,0.0,0,0.0,0,0,0,1,0,1,0,1,0,0,0,12192.0,2,1,1,1,0,0,1,3,7.3,270.8,0,0,0,0,0,1
347700,73.529,0.685,1,1,1,0,17.014,0.0,0,0,1,0,13.276,0.0,0,0.0,0,0,0,1,0,1,0,1,0,0,0,12192.0,2,1,1,1,0,0,1,3,6.0,265.2,0,0,0,0,0,1
347800,73.597,0.685,1,1,1,0,17.014,0.0,0,0,1,0,13.276,0.0,0,0.0,0,0,0,1,0,1,0,1,0,0,0,12192.0,2,1,1,1,0,0,1,3,7.5,272.6,0,0,0,0,0,1
347900,73.665,0.685,1,1,1,0,17.014,0.0,0,0,1,0,13.276,0.0,0,0.0,0,0,0,1,0,1,0,1,0,0,0,12192.0,2,1,1,1,0,0,1,3,6.8,267.9,0,0,0,0,0,1
348000,73.734,0.685,1,1,1,0,17.014,0.0,0,0,1,0,13.276,0.0,0,0.0,0,0,0,1,0,1,0,1,0,0,0,12192.0,2,1,1,1,0,0,1,3,6.9,274.1,0,0,0,0,0,1
348100,73.802,0.685,1,1,1,0,17.014,0.0,0,0,1,0,13.276,0.0,0,0.0,0,0,0,1,0,1,0,1,0,0,0,12192.0,2,1,1,1,0,0,1,3,6.9,276.3,0,0,0,0,0,1
348200,73.871,0.685,1,1,1,0,17.014,0.0,0,0,1,0,13.276,0.0,0,0.0,0,0,0,1,0,1,0,1,0,0,0,12192.0,2,1,1,1,0,0,1,3,7.1,265.3,0,0,0,0,0,1
348300,73.939,0.685,1,1,1,0,17.014,0.0,0,0,1,0,13.276,0.0,0,0.0,0,0,0,1,0,1,0,1,0,0,0,12192.0,2,1,1,1,0,0,1,3,7.2,269.0,0,0,0,0,0,1
348400,74.008,0.685,1,1,1,0,17.014,0.0,0,0,1,0,13.276,0.0,0,0.0,0,0,0,1,0,1,0,1,0,0,0,12192.0,2,1,1,1,0,0,1,3,7.6,270.6,0,0,0,0,0,1
348500,74.076,0.685,1,1,1,0,17.014,0.0,0,0,1,0,13.276,0.0,0,0.0,0,0,0,1,0,1,0,1,0,0,0,12192.0,2,1,1,1,0,0,1,3,7.6,271.3,0,0,0,0,0,1
348600,74.145,0.685,1,1,1,0,17.014,0.0,0,0,1,0,13.276,0.0,0,0.0,0,0,0,1,0,1,0,1,0,0,0,12192.0,2,1,1,1,0,0,1,3,7.5,268.9,0,0,0,0,0,1
348700,74.213,0.685,1,1,1,0,17.014,0.0,0,0,1,0,13.276,0.0,0,0.0,0,0,0,1,0,1,0,1,0,0,0,12192.0,2,1,1,1,0,0,1,3,7.6,272.8,0,0,0,0,0,1
348800,74.282,0.685,1,1,1,0,17.014,0.0,0,0,1,0,13.276,0.0,0,0.0,0,0,0,1,0,1,0,1,0,0,0,12192.0,2,1,1,1,0,0,1,3,8.2,272.0,0,0,0,0,0,1
348900,74.35,0.685,1,1,1,0,17.014,0.0,0,0,1,0,13.276,0.0,0,0.0,0,0,0,1,0,1,0,1,0,0,0,12192.0,2,1,1,1,0,0,1,3,7.1,266.4,0,0,0,0,0,1
349000,74.419,0.685,1,1,1,0,17.014,0.0,0,0,1,0,13.276,0.0,0,0.0,0,0,0,1,0,1,0,1,0,0,0,12192.0,2,1,1,1,0,0,1,3,6.7,271.2,0,0,0,0,0,1
349100,74.487,0.685,1,1,1,0,17.014,0.0,0,0,1,0,13.276,0.0,0,0.0,0,0,0,1,0,1,0,1,0,0,0,12192.0,2,1,1,1,0,0,1,3,7.6,269.9,0,0,0,0,0,1
349200,74.556,0.685,1,1,1,0,17.014,0.0,0,0,1,0,13.276,0.0,0,0.0,0,0,0,1,0,1,0,1,0,0,0,12192.0,2,1,1,1,0,0,1,3,7.8,271.5,0,0,0,0,0,1
349300,74.624,0.685,1,1,1,0,17.014,0.0,0,0,1,0,13.276,0.0,0,0.0,0,0,0,1,0,1,0,1,0,0,0,12192.0,2,1,1,1,0,0,1,3,7.8,268.1,0,0,0,0,0,1
349400,74.693,0.685,1,1,1,0,17.014,0.0,0,0,1,0,13.276,0.0,0,0.0,0,0,0,1,0,1,0,1,0,0,0,12192.0,2,1,1,1,0,0,1,3,6.9,267.9,0,0,0,0,0,1
349500,74.761,0.685,1,1,1,0,17.014,0.0,0,0,1,0,13.276,0.0,0,0.0,0,0,0,1,0,1,0,1,0,0,0,12192.0,2,1,1,1,0,0,1,3,7.4,268.3,0,0,0,0,0,1
349600,74.83,0.685,1,1,1,0,17.014,0.0,0,0,1,0,13.276,0.0,0,0.0,0,0,0,1,0,1,0,1,0,0,0,12192.0,2,1,1,1,0,0,1,3,7.3,266.3,0,0,0,0,0,1
349700,74.898,0.685,1,1,1,0,17.014,0.0,0,0,1,0,13.276,0.0,0,0.0,0,0,0,1,0,1,0,1,0,0,0,12192.0,2,1,1,1,0,0,1,3,8.1,271.2,0,0,0,0,0,1
349800,74.966,0.685,1,1,1,0,17.014,0.0,0,0,1,0,13.276,0.0,0,0.0,0,0,0,1,0,1,0,1,0,0,0,12192.0,2,1,1,1,0,0,1,3,7.3,268.9,0,0,0,0,0,1
349900,75.035,0.685,1,1,1,0,17.014,0.0,0,0,1,0,13.276,0.0,0,0.0,0,0,0,1,0,1,0,1,0,0,0,12192.0,2,1,1,1,0,0,1,3,7.7,273.8,0,0,0,0,0,1
350000,75.103,0.685,1,1,1,0,17.014,0.0,0,0,1,0,13.276,0.0,0,0.0,0,0,0,1,0,1,0,1,0,0,0,12192.0,2,1,1,1,0,0,1,3,8.1,267.5,0,0,0,0,0,1
350100,75.172,0.685,1,1,1,0,17.014,0.0,0,0,1,0,13.276,0.0,0,0.0,0,0,0,1,0,1,0,1,0,0,0,12192.0,2,1,1,1,0,0,1,3,8.1,267.2,0,0,0,0,0,1
350200,75.24,0.685,1,1,1,0,17.014,0.0,0,0,1,0,13.276,0.0,0,0.0,0,0,0,1,0,1,0,1,0,0,0,12192.0,2,1,1,1,0,0,1,3,8.5,275.4,0,0,0,0,0,1
350300,75.309,0.685,1,1,1,0,17.014,0.0,0,0,1,0,13.276,0.0,0,0.0,0,0,0,1,0,1,0,1,0,0,0,12192.0,2,1,1,1,0,0,1,3,8.4,265.9,0,0,0,0,0,1
350400,75.377,0.685,1,1,1,0,17.014,0.0,0,0,1,0,13.276,0.0,0,0.0,0,0,0,1,0,1,0,1,0,0,0,12192.0,2,1,1,1,0,0,1,3,9.0,269.8,0,0,0,0,0,1
350500,75.446,0.685,1,1,1,0,17.014,0.0,0,0,1,0,13.276,0.0,0,0.0,0,0,0,1,0,1,0,1,0,0,0,12192.0,2,1,1,1,0,0,1,3,8.1,270.7,0,0,0,0,0,1
350600,75.514,0.685,1,1,1,0,17.014,0.0,0,0,1,0,13.276,0.0,0,0.0,0,0,0,1,0,1,0,1,0,0,0,12192.0,2,1,1,1,0,0,1,3,8.0,271.3,0,0,0,0,0,1
350700,75.583,0.685,1,1,1,0,17.014,0.0,0,0,1,0,13.276,0.0,0,0.0,0,0,0,1,0,1,0,1,0,0,0,12192.0,2,1,1,1,0,0,1,3,7.7,269.0,0,0,0,0,0,1
350800,75.651,0.685,1,1,1,0,17.014,0.0,0,0,1,0,13.276,0.0,0,0.0,0,0,0,1,0,1,0,1,0,0,0,12192.0,2,1,1,1,0,0,1,3,8.0,266.2,0,0,0,0,0,1
350900,75.72,0.685,1,1,1,0,17.014,0.0,0,0,1,0,13.276,0.0,0,0.0,0,0,0,1,0,1,0,1,0,0,0,12192.0,2,1,1,1,0,0,1,3,8.7,272.1,0,0,0,0,0,1
351000,75.788,0.685,1,1,1,0,17.014,0.0,0,0,1,0,13.276,0.0,0,0.0,0,0,0,1,0,1,0,1,0,0,0,12192.0,2,1,1,1,0,0,1,3,8.4,274.1,0,0,0,0,0,1
351100,75.857,0.685,1,1,1,0,17.014,0.0,0,0,1,0,13.276,0.0,0,0.0,0,0,0,1,0,1,0,1,0,0,0,12192.0,2,1,1,1,0,0,1,3,8.2,272.3,0,0,0,0,0,1
351200,75.925,0.685,1,1,1,0,17.014,0.0,0,0,1,0,13.276,0.0,0,0.0,0,0,0,1,0,1,0,1,0,0,0,12192.0,2,1,1,1,0,0,1,3,8.3,269.4,0,0,0,0,0,1
351300,75.994,0.685,1,1,1,0,17.014,0.0,0,0,1,0,13.276,0.0,0,0.0,0,0,0,1,0,1,0,1,0,0,0,12192.0,2,1,1,1,0,0,1,3,8.4,271.0,0,0,0,0,0,1
351400,76.062,0.685,1,1,1,0,17.014,0.0,0,0,1,0,13.276,0.0,0,0.0,0,0,0,1,0,1,0,1,0,0,0,12192.0,2,1,1,1,0,0,1,3,8.3,268.0,0,0,0,0,0,1
351500,76.131,0.685,1,1,1,0,17.014,0.0,0,0,1,0,13.276,0.0,0,0.0,0,0,0,1,0,1,0,1,0,0,0,12192.0,2,1,1,1,0,0,1,3,7.5,271.0,0,0,0,0,0,1
351600,76.199,0.685,1,1,1,0,17.014,0.0,0,0,1,0,13.276,0.0,0,0.0,0,0,0,1,0,1,0,1,0,0,0,12192.0,2,1,1,1,0,0,1,3,7.8,270.0,0,0,0,0,0,1
351700,76.268,0.685,1,1,1,0,17.014,0.0,0,0,1,0,13.276,0.0,0,0.0,0,0,0,1,0,1,0,1,0,0,0,12192.0,2,1,1,1,0,0,1,3,8.6,266.5,0,0,0,0,0,1
351800,76.336,0.685,1,1,1,0,17.014,0.0,0,0,1,0,13.276,0.0,0,0.0,0,0,0,1,0,1,0,1,0,0,0,12192.0,2,1,1,1,0,0,1,3,9.2,269.4,0,0,0,0,0,1
351900,76.404,0.685,1,1,1,0,17.014,0.0,0,0,1,0,13.276,0.0,0,0.0,0,0,0,1,0,1,0,1,0,0,0,12192.0,2,1,1,1,0,0,1,3,9.3,268.3,0,0,0,0,0,1
352000,76.473,0.685,1,1,1,0,17.014,0.0,0,0,1,0,13.276,0.0,0,0.0,0,0,0,1,0,1,0,1,0,0,0,12192.0,2,1,1,1,0,0,1,3,8.2,270.1,0,0,0,0,0,1
352100,76.541,0.685,1,1,1,0,17.014,0.0,0,0,1,0,13.276,0.0,0,0.0,0,0,0,1,0,1,0,1,0,0,0,12192.0,2,1,1,1,0,0,1,3,8.1,272.6,0,0,0,0,0,1
352200,76.61,0.685,1,1,1,0,17.014,0.0,0,0,1,0,13.276,0.0,0,0.0,0,0,0,1,0,1,0,1,0,0,0,12192.0,2,1,1,1,0,0,1,3,8.2,267.8,0,0,0,0,0,1
352300,76.678,0.685,1,1,1,0,17.014,0.0,0,0,1,0,13.276,0.0,0,0.0,0,0,0,1,0,1,0,1,0,0,0,12192.0,2,1,1,1,0,0,1,3,8.7,268.8,0,0,0,0,0,1
352400,76.747,0.685,1,1,1,0,17.014,0.0,0,0,1,0,13.276,0.0,0,0.0,0,0,0,1,0,1,0,1,0,0,0,12192.0,2,1,1,1,0,0,1,3,8.5,271.9,0,0,0,0,0,1
352500,76.815,0.685,1,1,1,0,17.014,0.0,0,0,1,0,13.276,0.0,0,0.0,0,0,0,1,0,1,0,1,0,0,0,12192.0,2,1,1,1,0,0,1,3,8.0,269.9,0,0,0,0,0,1
352600,76.884,0.685,1,1,1,0,17.014,0.0,0,0,1,0,13.276,0.0,0,0.0,0,0,0,1,0,1,0,1,0,0,0,12192.0,2,1,1,1,0,0,1,3,9.3,262.6,0,0,0,0,0,1
352700,76.952,0.685,1,1,1,0,17.014,0.0,0,0,1,0,13.276,0.0,0,0.0,0,0,0,1,0,1,0,1,0,0,0,12192.0,2,1,1,1,0,0,1,3,8.4,273.2,0,0,0,0,0,1
352800,77.021,0.685,1,1,1,0,17.014,0.0,0,0,1,0,13.276,0.0,0,0.0,0,0,0,1,0,1,0,1,0,0,0,12192.0,2,1,1,1,0,0,1,3,8.9,267.8,0,0,0,0,0,1
352900,77.089,0.685,1,1,1,0,17.014,0.0,0,0,1,0,13.276,0.0,0,0.0,0,0,0,1,0,1,0,1,0,0,0,12192.0,2,1,1,1,0,0,1,3,8.8,270.9,0,0,0,0,0,1
353000,77.158,0.685,1,1,1,0,17.014,0.0,0,0,1,0,13.276,0.0,0,0.0,0,0,0,1,0,1,0,1,0,0,0,12192.0,2,1,1,1,0,0,1,3,8.4,269.9,0,0,0,0,0,1
353100,77.226,0.685,1,1,1,0,17.014,0.0,0,0,1,0,13.276,0.0,0,0.0,0,0,0,1,0,1,0,1,0,0,0,12192.0,2,1,1,1,0,0,1,3,9.0,274.6,0,0,0,0,0,1
353200,77.295,0.685,1,1,1,0,17.014,0.0,0,0,1,0,13.276,0.0,0,0.0,0,0,0,1,0,1,0,1,0,0,0,12192.0,2,1,1,1,0,0,1,3,8.9,272.0,0,0,0,0,0,1
353300,77.363,0.685,1,1,1,0,17.014,0.0,0,0,1,0,13.276,0.0,0,0.0,0,0,0,1,0,1,0,1,0,0,0,12192.0,2,1,1,1,0,0,1,3,7.8,272.0,0,0,0,0,0,1
353400,77.432,0.685,1,1,1,0,17.014,0.0,0,0,1,0,13.276,0.0,0,0.0,0,0,0,1,0,1,0,1,0,0,0,12192.0,2,1,1,1,0,0,1,3,9.1,273.2,0,0,0,0,0,1
353500,77.5,0.685,1,1,1,0,17.014,0.0,0,0,1,0,13.276,0.0,0,0.0,0,0,0,1,0,1,0,1,0,0,0,12192.0,2,1,1,1,0,0,1,3,9.0,269.7,0,0,0,0,0,1
353600,77.569,0.685,1,1,1,0,17.014,0.0,0,0,1,0,13.276,0.0,0,0.0,0,0,0,1,0,1,0,1,0,0,0,12192.0,2,1,1,1,0,0,1,3,8.7,270.7,0,0,0,0,0,1
353700,77.637,0.685,1,1,1,0,17.014,0.0,0,0,1,0,13.276,0.0,0,0.0,0,0,0,1,0,1,0,1,0,0,0,12192.0,2,1,1,1,0,0,1,3,8.3,271.5,0,0,0,0,0,1
353800,77.705,0.685,1,1,1,0,17.014,0.0,0,0,1,0,13.276,0.0,0,0.0,0,0,0,1,0,1,0,1,0,0,0,12192.0,2,1,1,1,0,0,1,3,9.3,267.4,0,0,0,0,0,1
353900,77.774,0.685,1,1,1,0,17.014,0.0,0,0,1,0,13.276,0.0,0,0.0,0,0,0,1,0,1,0,1,0,0,0,12192.0,2,1,1,1,0,0,1,3,7.1,269.6,0,0,0,0,0,1
354000,77.842,0.685,1,1,1,0,17.014,0.0,0,0,1,0,13.276,0.0,0,0.0,0,0,0,1,0,1,0,1,0,0,0,12192.0,2,1,1,1,0,0,1,3,8.6,273.0,0,0,0,0,0,1
354100,77.911,0.685,1,1,1,0,17.014,0.0,0,0,1,0,13.276,0.0,0,0.0,0,0,0,1,0,1,0,1,0,0,0,12192.0,2,1,1,1,0,0,1,3,8.4,272.9,0,0,0,0,0,1
354200,77.979,0.685,1,1,1,0,17.014,0.0,0,0,1,0,13.276,0.0,0,0.0,0,0,0,1,0,1,0,1,0,0,0,12192.0,2,1,1,1,0,0,1,3,7.9,269.5,0,0,0,0,0,1
354300,78.048,0.685,1,1,1,0,17.014,0.0,0,0,1,0,13.276,0.0,0,0.0,0,0,0,1,0,1,0,1,0,0,0,12192.0,2,1,1,1,0,0,1,3,8.3,268.7,0,0,0,0,0,1
354400,78.116,0.685,1,1,1,0,17.014,0.0,0,0,1,0,13.276,0.0,0,0.0,0,0,0,1,0,1,0,1,0,0,0,12192.0,2,1,1,1,0,0,1,3,8.7,270.3,0,0,0,0,0,1
354500,78.185,0.685,1,1,1,0,17.014,0.0,0,0,1,0,13.276,0.0,0,0.0,0,0,0,1,0,1,0,1,0,0,0,12192.0,2,1,1,1,0,0,1,3,8.3,273.6,0,0,0,0,0,1
354600,78.253,0.685,1,1,1,0,17.014,0.0,0,0,1,0,13.276,0.0,0,0.0,0,0,0,1,0,1,0,1,0,0,0,12192.0,2,1,1,1,0,0,1,3,8.0,271.5,0,0,0,0,0,1
354700,78.322,0.685,1,1,1,0,17.014,0.0,0,0,1,0,13.276,0.0,0,0.0,0,0,0,1,0,1,0,1,0,0,0,12192.0,2,1,1,1,0,0,1,3,7.8,274.0,0,0,0,0,0,1
354800,78.39,0.685,1,1,1,0,17.014,0.0,0,0,1,0,13.276,0.0,0,0.0,0,0,0,1,0,1,0,1,0,0,0,12192.0,2,1,1,1,0,0,1,3,7.5,266.5,0,0,0,0,0,1
354900,78.459,0.685,1,1,1,0,17.014,0.0,0,0,1,0,13.276,0.0,0,0.0,0,0,0,1,0,1,0,1,0,0,0,12192.0,2,1,1,1,0,0,1,3,8.9,270.1,0,0,0,0,0,1
355000,78.527,0.685,1,1,1,0,17.014,0.0,0,0,1,0,13.276,0.0,0,0.0,0,0,0,1,0,1,0,1,0,0,0,12192.0,2,1,1,1,0,0,1,3,7.6,270.0,0,0,0,0,0,1
355100,78.596,0.685,1,1,1,0,17.014,0.0,0,0,1,0,13.276,0.0,0,0.0,0,0,0,1,0,1,0,1,0,0,0,12192.0,2,1,1,1,0,0,1,3,7.8,266.3,0,0,0,0,0,1
355200,78.664,0.685,1,1,1,0,17.014,0.0,0,0,1,0,13.276,0.0,0,0.0,0,0,0,1,0,1,0,1,0,0,0,12192.0,2,1,1,1,0,0,1,3,8.4,269.2,0,0,0,0,0,1
355300,78.733,0.685,1,1,1,0,17.014,0.0,0,0,1,0,13.276,0.0,0,0.0,0,0,0,1,0,1,0,1,0,0,0,12192.0,2,1,1,1,0,0,1,3,7.6,269.5,0,0,0,0,0,1
355400,78.801,0.685,1,1,1,0,17.014,0.0,0,0,1,0,13.276,0.0,0,0.0,0,0,0,1,0,1,0,1,0,0,0,12192.0,2,1,1,1,0,0,1,3,7.4,270.2,0,0,0,0,0,1
355500,78.87,0.685,1,1,1,0,17.014,0.0,0,0,1,0,13.276,0.0,0,0.0,0,0,0,1,0,1,0,1,0,0,0,12192.0,2,1,1,1,0,0,1,3,7.1,268.6,0,0,0,0,0,1
355600,78.938,0.685,1,1,1,0,17.014,0.0,0,0,1,0,13.276,0.0,0,0.0,0,0,0,1,0,1,0,1,0,0,0,12192.0,2,1,1,1,0,0,1,3,7.9,271.8,0,0,0,0,0,1
355700,79.006,0.685,1,1,1,0,17.014,0.0,0,0,1,0,13.276,0.0,0,0.0,0,0,0,1,0,1,0,1,0,0,0,12192.0,2,1,1,1,0,0,1,3,7.9,269.6,0,0,0,0,0,1
355800,79.075,0.685,1,1,1,0,17.014,0.0,0,0,1,0,13.276,0.0,0,0.0,0,0,0,1,0,1,0,1,0,0,0,12192.0,2,1,1,1,0,0,1,3,7.8,273.0,0,0,0,0,0,1
355900,79.143,0.685,1,1,1,0,17.014,0.0,0,0,1,0,13.276,0.0,0,0.0,0,0,0,1,0,1,0,1,0,0,0,12192.0,2,1,1,1,0,0,1,3,7.3,272.5,0,0,0,0,0,1
356000,79.212,0.685,1,1,1,0,17.014,0.0,0,0,1,0,13.276,0.0,0,0.0,0,0,0,1,0,1,0,1,0,0,0,12192.0,2,1,1,1,0,0,1,3,7.4,267.7,0,0,0,0,0,1
356100,79.28,0.685,1,1,1,0,17.014,0.0,0,0,1,0,13.276,0.0,0,0.0,0,0,0,1,0,1,0,1,0,0,0,12192.0,2,1,1,1,0,0,1,3,8.3,272.1,0,0,0,0,0,1
356200,79.349,0.685,1,1,1,0,17.014,0.0,0,0,1,0,13.276,0.0,0,0.0,0,0,0,1,0,1,0,1,0,0,0,12192.0,2,1,1,1,0,0,1,3,7.8,268.8,0,0,0,0,0,1
356300,79.417,0.685,1,1,1,0,17.014,0.0,0,0,1,0,13.276,0.0,0,0.0,0,0,0,1,0,1,0,1,0,0,0,12192.0,2,1,1,1,0,0,1,3,6.9,270.3,0,0,0,0,0,1
356400,79.486,0.685,1,1,1,0,17.014,0.0,0,0,1,0,13.276,0.0,0,0.0,0,0,0,1,0,1,0,1,0,0,0,12192.0,2,1,1,1,0,0,1,3,7.2,271.4,0,0,0,0,0,1
356500,79.554,0.685,1,1,1,0,17.014,0.0,0,0,1,0,13.276,0.0,0,0.0,0,0,0,1,0,1,0,1,0,0,0,12192.0,2,1,1,1,0,0,1,3,6.8,270.9,0,0,0,0,0,1
356600,79.623,0.685,1,1,1,0,17.014,0.0,0,0,1,0,13.276,0.0,0,0.0,0,0,0,1,0,1,0,1,0,0,0,12192.0,2,1,1,1,0,0,1,3,8.0,268.5,0,0,0,0,0,1
356700,79.691,0.685,1,1,1,0,17.014,0.0,0,0,1,0,13.276,0.0,0,0.0,0,0,0,1,0,1,0,1,0,0,0,12192.0,2,1,1,1,0,0,1,3,6.7,269.6,0,0,0,0,0,1
356800,79.76,0.685,1,1,1,0,17.014,0.0,0,0,1,0,13.276,0.0,0,0.0,0,0,0,1,0,1,0,1,0,0,0,12192.0,2,1,1,1,0,0,1,3,6.9,270.6,0,0,0,0,0,1
356900,79.828,0.685,1,1,1,0,17.014,0.0,0,0,1,0,13.276,0.0,0,0.0,0,0,0,1,0,1,0,1,0,0,0,12192.0,2,1,1,1,0,0,1,3,7.2,271.8,0,0,0,0,0,1
357000,79.897,0.685,1,1,1,0,17.014,0.0,0,0,1,0,13.276,0.0,0,0.0,0,0,0,1,0,1,0,1,0,0,0,12192.0,2,1,1,1,0,0,1,3,6.7,270.1,0,0,0,0,0,1
357100,79.965,0.685,1,1,1,0,17.014,0.0,0,0,1,0,13.276,0.0,0,0.0,0,0,0,1,0,1,0,1,0,0,0,12192.0,2,1,1,1,0,0,1,3,7.0,265.5,0,0,0,0,0,1
357200,80.034,0.685,1,1,1,0,17.014,0.0,0,0,1,0,13.276,0.0,0,0.0,0,0,0,1,0,1,0,1,0,0,0,12192.0,2,1,1,1,0,0,1,3,8.0,271.6,0,0,0,0,0,1
357300,80.102,0.685,1,1,1,0,17.014,0.0,0,0,1,0,13.276,0.0,0,0.0,0,0,0,1,0,1,0,1,0,0,0,12192.0,2,1,1,1,0,0,1,3,6.8,270.0,0,0,0,0,0,1
357400,80.171,0.685,1,1,1,0,17.014,0.0,0,0,1,0,13.276,0.0,0,0.0,0,0,0,1,0,1,0,1,0,0,0,12192.0,2,1,1,1,0,0,1,3,7.3,270.4,0,0,0,0,0,1
357500,80.239,0.685,1,1,1,0,17.014,0.0,0,0,1,0,13.276,0.0,0,0.0,0,0,0,1,0,1,0,1,0,0,0,12192.0,2,1,1,1,0,0,1,3,7.9,268.9,0,0,0,0,0,1
357600,80.308,0.685,1,1,1,0,17.014,0.0,0,0,1,0,13.276,0.0,0,0.0,0,0,0,1,0,1,0,1,0,0,0,12192.0,2,1,1,1,0,0,1,3,7.5,267.4,0,0,0,0,0,1
357700,80.376,0.685,1,1,1,0,17.014,0.0,0,0,1,0,13.276,0.0,0,0.0,0,0,0,1,0,1,0,1,0,0,0,12192.0,2,1,1,1,0,0,1,3,8.1,270.4,0,0,0,0,0,1
357800,80.444,0.685,1,1,1,0,17.014,0.0,0,0,1,0,13.276,0.0,0,0.0,0,0,0,1,0,1,0,1,0,0,0,12192.0,2,1,1,1,0,0,1,3,7.4,268.7,0,0,0,0,0,1
357900,80.513,0.685,1,1,1,0,17.014,0.0,0,0,1,0,13.276,0.0,0,0.0,0,0,0,1,0,1,0,1,0,0,0,12192.0,2,1,1,1,0,0,1,3,7.5,267.2,0,0,0,0,0,1
358000,80.581,0.685,1,1,1,0,17.014,0.0,0,0,1,0,13.276,0.0,0,0.0,0,0,0,1,0,1,0,1,0,0,0,12192.0,2,1,1,1,0,0,1,3,7.2,269.9,0,0,0,0,0,1
358100,80.65,0.685,1,1,1,0,17.014,0.0,0,0,1,0,13.276,0.0,0,0.0,0,0,0,1,0,1,0,1,0,0,0,12192.0,2,1,1,1,0,0,1,3,7.6,270.3,0,0,0,0,0,1
358200,80.718,0.685,1,1,1,0,17.014,0.0,0,0,1,0,13.276,0.0,0,0.0,0,0,0,1,0,1,0,1,0,0,0,12192.0,2,1,1,1,0,0,1,3,7.8,274.6,0,0,0,0,0,1
358300,80.787,0.685,1,1,1,0,17.014,0.0,0,0,1,0,13.276,0.0,0,0.0,0,0,0,1,0,1,0,1,0,0,0,12192.0,2,1,1,1,0,0,1,3,7.2,272.9,0,0,0,0,0,1
358400,80.855,0.685,1,1,1,0,17.014,0.0,0,0,1,0,13.276,0.0,0,0.0,0,0,0,1,0,1,0,1,0,0,0,12192.0,2,1,1,1,0,0,1,3,8.2,269.0,0,0,0,0,0,1
358500,80.924,0.685,1,1,1,0,17.014,0.0,0,0,1,0,13.276,0.0,0,0.0,0,0,0,1,0,1,0,1,0,0,0,12192.0,2,1,1,1,0,0,1,3,8.6,269.9,0,0,0,0,0,1
358600,80.992,0.685,1,1,1,0,17.014,0.0,0,0,1,0,13.276,0.0,0,0.0,0,0,0,1,0,1,0,1,0,0,0,12192.0,2,1,1,1,0,0,1,3,8.7,267.9,0,0,0,0,0,1
358700,81.061,0.685,1,1,1,0,17.014,0.0,0,0,1,0,13.276,0.0,0,0.0,0,0,0,1,0,1,0,1,0,0,0,12192.0,2,1,1,1,0,0,1,3,8.0,268.8,0,0,0,0,0,1
358800,81.129,0.685,1,1,1,0,17.014,0.0,0,0,1,0,13.276,0.0,0,0.0,0,0,0,1,0,1,0,1,0,0,0,12192.0,2,1,1,1,0,0,1,3,7.4,271.9,0,0,0,0,0,1
358900,81.198,0.685,1,1,1,0,17.014,0.0,0,0,1,0,13.276,0.0,0,0.0,0,0,0,1,0,1,0,1,0,0,0,12192.0,2,1,1,1,0,0,1,3,8.1,274.1,0,0,0,0,0,1
359000,81.266,0.685,1,1,1,0,17.014,0.0,0,0,1,0,13.276,0.0,0,0.0,0,0,0,1,0,1,0,1,0,0,0,12192.0,2,1,1,1,0,0,1,3,8.0,267.7,0,0,0,0,0,1
359100,81.335,0.685,1,1,1,0,17.014,0.0,0,0,1,0,13.276,0.0,0,0.0,0,0,0,1,0,1,0,1,0,0,0,12192.0,2,1,1,1,0,0,1,3,7.8,269.6,0,0,0,0,0,1
359200,81.403,0.685,1,1,1,0,17.014,0.0,0,0,1,0,13.276,0.0,0,0.0,0,0,0,1,0,1,0,1,0,0,0,12192.0,2,1,1,1,0,0,1,3,8.8,270.1,0,0,0,0,0,1
359300,81.472,0.685,1,1,1,0,17.014,0.0,0,0,1,0,13.276,0.0,0,0.0,0,0,0,1,0,1,0,1,0,0,0,12192.0,2,1,1,1,0,0,1,3,8.7,271.8,0,0,0,0,0,1
359400,81.54,0.685,1,1,1,0,17.014,0.0,0,0,1,0,13.276,0.0,0,0.0,0,0,0,1,0,1,0,1,0,0,0,12192.0,2,1,1,1,0,0,1,3,8.6,264.8,0,0,0,0,0,1
359500,81.609,0.685,1,1,1,0,17.014,0.0,0,0,1,0,13.276,0.0,0,0.0,0,0,0,1,0,1,0,1,0,0,0,12192.0,2,1,1,1,0,0,1,3,8.2,272.2,0,0,0,0,0,1
359600,81.677,0.685,1,1,1,0,17.014,0.0,0,0,1,0,13.276,0.0,0,0.0,0,0,0,1,0,1,0,1,0,0,0,12192.0,2,1,1,1,0,0,1,3,8.2,266.6,0,0,0,0,0,1
359700,81.745,0.685,1,1,1,0,17.014,0.0,0,0,1,0,13.276,0.0,0,0.0,0,0,0,1,0,1,0,1,0,0,0,12192.0,2,1,1,1,0,0,1,3,7.9,271.4,0,0,0,0,0,1
359800,81.814,0.685,1,1,1,0,17.014,0.0,0,0,1,0,13.276,0.0,0,0.0,0,0,0,1,0,1,0,1,0,0,0,12192.0,2,1,1,1,0,0,1,3,8.2,269.8,0,0,0,0,0,1
359900,81.882,0.685,1,1,1,0,17.014,0.0,0,0,1,0,13.276,0.0,0,0.0,0,0,0,1,0,1,0,1,0,0,0,12192.0,2,1,1,1,0,0,1,3,8.6,270.2,0,0,0,0,0,1
360000,81.951,0.685,1,1,1,0,17.014,0.0,0,0,1,0,13.276,0.0,0,0.0,0,0,0,1,0,1,0,1,0,0,0,12192.0,2,1,1,1,0,0,1,3,8.7,266.9,0,0,0,0,0,1
360100,82.019,0.685,1,1,1,0,17.014,0.0,0,0,1,0,13.276,0.0,0,0.0,0,0,0,1,0,1,0,1,0,0,0,12192.0,2,1,1,1,0,0,1,3,8.4,271.5,0,0,0,0,0,1
360200,82.088,0.685,1,1,1,0,17.014,0.0,0,0,1,0,13.276,0.0,0,0.0,0,0,0,1,0,1,0,1,0,0,0,12192.0,2,1,1,1,0,0,1,3,8.5,274.2,0,0,0,0,0,1
360300,82.156,0.685,1,1,1,0,17.014,0.0,0,0,1,0,13.276,0.0,0,0.0,0,0,0,1,0,1,0,1,0,0,0,12192.0,2,1,1,1,0,0,1,3,7.5,267.7,0,0,0,0,0,1
360400,82.225,0.685,1,1,1,0,17.014,0.0,0,0,1,0,13.276,0.0,0,0.0,0,0,0,1,0,1,0,1,0,0,0,12192.0,2,1,1,1,0,0,1,3,8.4,264.4,0,0,0,0,0,1
360500,82.293,0.685,1,1,1,0,17.014,0.0,0,0,1,0,13.276,0.0,0,0.0,0,0,0,1,0,1,0,1,0,0,0,12192.0,2,1,1,1,0,0,1,3,8.0,270.5,0,0,0,0,0,1
360600,82.362,0.685,1,1,1,0,17.014,0.0,0,0,1,0,13.276,0.0,0,0.0,0,0,0,1,0,1,0,1,0,0,0,12192.0,2,1,1,1,0,0,1,3,7.6,271.9,0,0,0,0,0,1
360700,82.43,0.685,1,1,1,0,17.014,0.0,0,0,1,0,13.276,0.0,0,0.0,0,0,0,1,0,1,0,1,0,0,0,12192.0,2,1,1,1,0,0,1,3,8.4,270.2,0,0,0,0,0,1
360800,82.499,0.685,1,1,1,0,17.014,0.0,0,0,1,0,13.276,0.0,0,0.0,0,0,0,1,0,1,0,1,0,0,0,12192.0,2,1,1,1,0,0,1,3,7.8,269.5,0,0,0,0,0,1
360900,82.567,0.685,1,1,1,0,17.014,0.0,0,0,1,0,13.276,0.0,0,0.0,0,0,0,1,0,1,0,1,0,0,0,12192.0,2,1,1,1,0,0,1,3,9.0,272.1,0,0,0,0,0,1
361000,82.636,0.685,1,1,1,0,17.014,0.0,0,0,1,0,13.276,0.0,0,0.0,0,0,0,1,0,1,0,1,0,0,0,12192.0,2,1,1,1,0,0,1,3,8.6,270.8,0,0,0,0,0,1
361100,82.704,0.685,1,1,1,0,17.014,0.0,0,0,1,0,13.276,0.0,0,0.0,0,0,0,1,0,1,0,1,0,0,0,12192.0,2,1,1,1,0,0,1,3,9.1,272.5,0,0,0,0,0,1
361200,82.773,0.685,1,1,1,0,17.014,0.0,0,0,1,0,13.276,0.0,0,0.0,0,0,0,1,0,1,0,1,0,0,0,12192.0,2,1,1,1,0,0,1,3,8.2,269.3,0,0,0,0,0,1
361300,82.841,0.685,1,1,1,0,17.014,0.0,0,0,1,0,13.276,0.0,0,0.0,0,0,0,1,0,1,0,1,0,0,0,12192.0,2,1,1,1,0,0,1,3,8.3,270.7,0,0,0,0,0,1
361400,82.91,0.685,1,1,1,0,17.014,0.0,0,0,1,0,13.276,0.0,0,0.0,0,0,0,1,0,1,0,1,0,0,0,12192.0,2,1,1,1,0,0,1,3,8.0,272.6,0,0,0,0,0,1
361500,82.978,0.685,1,1,1,0,17.014,0.0,0,0,1,0,13.276,0.0,0,0.0,0,0,0,1,0,1,0,1,0,0,0,12192.0,2,1,1,1,0,0,1,3,7.6,266.3,0,0,0,0,0,1
361600,83.046,0.685,1,1,1,0,17.014,0.0,0,0,1,0,13.276,0.0,0,0.0,0,0,0,1,0,1,0,1,0,0,0,12192.0,2,1,1,1,0,0,1,3,8.6,270.2,0,0,0,0,0,1
361700,83.115,0.685,1,1,1,0,17.014,0.0,0,0,1,0,13.276,0.0,0,0.0,0,0,0,1,0,1,0,1,0,0,0,12192.0,2,1,1,1,0,0,1,3,8.1,272.6,0,0,0,0,0,1
361800,83.183,0.685,1,1,1,0,17.014,0.0,0,0,1,0,13.276,0.0,0,0.0,0,0,0,1,0,1,0,1,0,0,0,12192.0,2,1,1,1,0,0,1,3,8.1,268.7,0,0,0,0,0,1
361900,83.252,0.685,1,1,1,0,17.014,0.0,0,0,1,0,13.276,0.0,0,0.0,0,0,0,1,0,1,0,1,0,0,0,12192.0,2,1,1,1,0,0,1,3,9.0,270.5,0,0,0,0,0,1
362000,83.32,0.685,1,1,1,0,17.014,0.0,0,0,1,0,13.276,0.0,0,0.0,0,0,0,1,0,1,0,1,0,0,0,12192.0,2,1,1,1,0,0,1,3,8.6,272.5,0,0,0,0,0,1
362100,83.389,0.685,1,1,1,0,17.014,0.0,0,0,1,0,13.276,0.0,0,0.0,0,0,0,1,0,1,0,1,0,0,0,12192.0,2,1,1,1,0,0,1,3,8.4,269.5,0,0,0,0,0,1
362200,83.457,0.685,1,1,1,0,17.014,0.0,0,0,1,0,13.276,0.0,0,0.0,0,0,0,1,0,1,0,1,0,0,0,12192.0,2,1,1,1,0,0,1,3,8.7,269.7,0,0,0,0,0,1
362300,83.526,0.685,1,1,1,0,17.014,0.0,0,0,1,0,13.276,0.0,0,0.0,0,0,0,1,0,1,0,1,0,0,0,12192.0,2,1,1,1,0,0,1,3,8.1,264.6,0,0,0,0,0,1
362400,83.594,0.685,1,1,1,0,17.014,0.0,0,0,1,0,13.276,0.0,0,0.0,0,0,0,1,0,1,0,1,0,0,0,12192.0,2,1,1,1,0,0,1,3,8.0,268.4,0,0,0,0,0,1
362500,83.663,0.685,1,1,1,0,17.014,0.0,0,0,1,0,13.276,0.0,0,0.0,0,0,0,1,0,1,0,1,0,0,0,12192.0,2,1,1,1,0,0,1,3,8.8,267.2,0,0,0,0,0,1
362600,83.731,0.685,1,1,1,0,17.014,0.0,0,0,1,0,13.276,0.0,0,0.0,0,0,0,1,0,1,0,1,0,0,0,12192.0,2,1,1,1,0,0,1,3,8.5,269.6,0,0,0,0,0,1
362700,83.8,0.685,1,1,1,0,17.014,0.0,0,0,1,0,13.276,0.0,0,0.0,0,0,0,1,0,1,0,1,0,0,0,12192.0,2,1,1,1,0,0,1,3,8.1,266.8,0,0,0,0,0,1
362800,83.868,0.685,1,1,1,0,17.014,0.0,0,0,1,0,13.276,0.0,0,0.0,0,0,0,1,0,1,0,1,0,0,0,12192.0,2,1,1,1,0,0,1,3,8.0,268.0,0,0,0,0,0,1
362900,83.937,0.685,1,1,1,0,17.014,0.0,0,0,1,0,13.276,0.0,0,0.0,0,0,0,1,0,1,0,1,0,0,0,12192.0,2,1,1,1,0,0,1,3,8.2,270.1,0,0,0,0,0,1
363000,84.005,0.685,1,1,1,0,17.014,0.0,0,0,1,0,13.276,0.0,0,0.0,0,0,0,1,0,1,0,1,0,0,0,12192.0,2,1,1,1,0,0,1,3,8.1,266.1,0,0,0,0,0,1
363100,84.074,0.685,1,1,1,0,17.014,0.0,0,0,1,0,13.276,0.0,0,0.0,0,0,0,1,0,1,0,1,0,0,0,12192.0,2,1,1,1,0,0,1,3,8.0,268.3,0,0,0,0,0,1
363200,84.142,0.685,1,1,1,0,17.014,0.0,0,0,1,0,13.276,0.0,0,0.0,0,0,0,1,0,1,0,1,0,0,0,12192.0,2,1,1,1,0,0,1,3,8.4,267.3,0,0,0,0,0,1
363300,84.211,0.685,1,1,1,0,17.014,0.0,0,0,1,0,13.276,0.0,0,0.0,0,0,0,1,0,1,0,1,0,0,0,12192.0,2,1,1,1,0,0,1,3,8.5,270.0,0,0,0,0,0,1
363400,84.279,0.685,1,1,1,0,17.014,0.0,0,0,1,0,13.276,0.0,0,0.0,0,0,0,1,0,1,0,1,0,0,0,12192.0,2,1,1,1,0,0,1,3,7.7,269.6,0,0,0,0,0,1
363500,84.348,0.685,1,1,1,0,17.014,0.0,0,0,1,0,13.276,0.0,0,0.0,0,0,0,1,0,1,0,1,0,0,0,12192.0,2,1,1,1,0,0,1,3,7.1,270.1,0,0,0,0,0,1
363600,84.416,0.685,1,1,1,0,17.014,0.0,0,0,1,0,13.276,0.0,0,0.0,0,0,0,1,0,1,0,1,0,0,0,12192.0,2,1,1,1,0,0,1,3,8.3,268.1,0,0,0,0,0,1
363700,84.484,0.685,1,1,1,0,17.014,0.0,0,0,1,0,13.276,0.0,0,0.0,0,0,0,1,0,1,0,1,0,0,0,12192.0,2,1,1,1,0,0,1,3,8.1,273.0,0,0,0,0,0,1
363800,84.553,0.685,1,1,1,0,17.014,0.0,0,0,1,0,13.276,0.0,0,0.0,0,0,0,1,0,1,0,1,0,0,0,12192.0,2,1,1,1,0,0,1,3,7.9,273.0,0,0,0,0,0,1
363900,84.621,0.685,1,1,1,0,17.014,0.0,0,0,1,0,13.276,0.0,0,0.0,0,0,0,1,0,1,0,1,0,0,0,12192.0,2,1,1,1,0,0,1,3,7.6,272.4,0,0,0,0,0,1
364000,84.69,0.685,1,1,1,0,17.014,0.0,0,0,1,0,13.276,0.0,0,0.0,0,0,0,1,0,1,0,1,0,0,0,12192.0,2,1,1,1,0,0,1,3,8.1,271.3,0,0,0,0,0,1
364100,84.758,0.685,1,1,1,0,17.014,0.0,0,0,1,0,13.276,0.0,0,0.0,0,0,0,1,0,1,0,1,0,0,0,12192.0,2,1,1,1,0,0,1,3,7.8,271.9,0,0,0,0,0,1
364200,84.827,0.685,1,1,1,0,17.014,0.0,0,0,1,0,13.276,0.0,0,0.0,0,0,0,1,0,1,0,1,0,0,0,12192.0,2,1,1,1,0,0,1,3,7.6,264.9,0,0,0,0,0,1
364300,84.895,0.685,1,1,1,0,17.014,0.0,0,0,1,0,13.276,0.0,0,0.0,0,0,0,1,0,1,0,1,0,0,0,12192.0,2,1,1,1,0,0,1,3,8.4,274.0,0,0,0,0,0,1
364400,84.964,0.685,1,1,1,0,17.014,0.0,0,0,1,0,13.276,0.0,0,0.0,0,0,0,1,0,1,0,1,0,0,0,12192.0,2,1,1,1,0,0,1,3,7.5,269.9,0,0,0,0,0,1
364500,85.032,0.685,1,1,1,0,17.014,0.0,0,0,1,0,13.276,0.0,0,0.0,0,0,0,1,0,1,0,1,0,0,0,12192.0,2,1,1,1,0,0,1,3,6.9,267.0,0,0,0,0,0,1
364600,85.101,0.685,1,1,1,0,17.014,0.0,0,0,1,0,13.276,0.0,0,0.0,0,0,0,1,0,1,0,1,0,0,0,12192.0,2,1,1,1,0,0,1,3,6.8,270.1,0,0,0,0,0,1
364700,85.169,0.685,1,1,1,0,17.014,0.0,0,0,1,0,13.276,0.0,0,0.0,0,0,0,1,0,1,0,1,0,0,0,12192.0,2,1,1,1,0,0,1,3,7.2,276.1,0,0,0,0,0,1
364800,85.238,0.685,1,1,1,0,17.014,0.0,0,0,1,0,13.276,0.0,0,0.0,0,0,0,1,0,1,0,1,0,0,0,12192.0,2,1,1,1,0,0,1,3,6.9,271.8,0,0,0,0,0,1
364900,85.306,0.685,1,1,1,0,17.014,0.0,0,0,1,0,13.276,0.0,0,0.0,0,0,0,1,0,1,0,1,0,0,0,12192.0,2,1,1,1,0,0,1,3,8.6,268.2,0,0,0,0,0,1
365000,85.375,0.685,1,1,1,0,17.014,0.0,0,0,1,0,13.276,0.0,0,0.0,0,0,0,1,0,1,0,1,0,0,0,12192.0,2,1,1,1,0,0,1,3,7.4,265.5,0,0,0,0,0,1
365100,85.443,0.685,1,1,1,0,17.014,0.0,0,0,1,0,13.276,0.0,0,0.0,0,0,0,1,0,1,0,1,0,0,0,12192.0,2,1,1,1,0,0,1,3,7.7,269.2,0,0,0,0,0,1
365200,85.512,0.685,1,1,1,0,17.014,0.0,0,0,1,0,13.276,0.0,0,0.0,0,0,0,1,0,1,0,1,0,0,0,12192.0,2,1,1,1,0,0,1,3,7.6,268.5,0,0,0,0,0,1
365300,85.58,0.685,1,1,1,0,17.014,0.0,0,0,1,0,13.276,0.0,0,0.0,0,0,0,1,0,1,0,1,0,0,0,12192.0,2,1,1,1,0,0,1,3,7.6,270.5,0,0,0,0,0,1
365400,85.649,0.685,1,1,1,0,17.014,0.0,0,0,1,0,13.276,0.0,0,0.0,0,0,0,1,0,1,0,1,0,0,0,12192.0,2,1,1,1,0,0,1,3,6.8,272.1,0,0,0,0,0,1
365500,85.717,0.685,1,1,1,0,17.014,0.0,0,0,1,0,13.276,0.0,0,0.0,0,0,0,1,0,1,0,1,0,0,0,12192.0,2,1,1,1,0,0,1,3,8.0,267.9,0,0,0,0,0,1
365600,85.785,0.685,1,1,1,0,17.014,0.0,0,0,1,0,13.276,0.0,0,0.0,0,0,0,1,0,1,0,1,0,0,0,12192.0,2,1,1,1,0,0,1,3,7.6,268.2,0,0,0,0,0,1
365700,85.854,0.685,1,1,1,0,17.014,0.0,0,0,1,0,13.276,0.0,0,0.0,0,0,0,1,0,1,0,1,0,0,0,12192.0,2,1,1,1,0,0,1,3,7.4,269.1,0,0,0,0,0,1
365800,85.922,0.685,1,1,1,0,17.014,0.0,0,0,1,0,13.276,0.0,0,0.0,0,0,0,1,0,1,0,1,0,0,0,12192.0,2,1,1,1,0,0,1,3,7.9,271.3,0,0,0,0,0,1
365900,85.991,0.685,1,1,1,0,17.014,0.0,0,0,1,0,13.276,0.0,0,0.0,0,0,0,1,0,1,0,1,0,0,0,12192.0,2,1,1,1,0,0,1,3,7.6,267.8,0,0,0,0,0,1
366000,86.059,0.685,1,1,1,0,17.014,0.0,0,0,1,0,13.276,0.0,0,0.0,0,0,0,1,0,1,0,1,0,0,0,12192.0,2,1,1,1,0,0,1,3,7.8,269.3,0,0,0,0,0,1
366100,86.128,0.685,1,1,1,0,17.014,0.0,0,0,1,0,13.276,0.0,0,0.0,0,0,0,1,0,1,0,1,0,0,0,12192.0,2,1,1,1,0,0,1,3,7.6,275.0,0,0,0,0,0,1
366200,86.196,0.685,1,1,1,0,17.014,0.0,0,0,1,0,13.276,0.0,0,0.0,0,0,0,1,0,1,0,1,0,0,0,12192.0,2,1,1,1,0,0,1,3,7.7,271.4,0,0,0,0,0,1
366300,86.265,0.685,1,1,1,0,17.014,0.0,0,0,1,0,13.276,0.0,0,0.0,0,0,0,1,0,1,0,1,0,0,0,12192.0,2,1,1,1,0,0,1,3,7.9,269.4,0,0,0,0,0,1
366400,86.333,0.685,1,1,1,0,17.014,0.0,0,0,1,0,13.276,0.0,0,0.0,0,0,0,1,0,1,0,1,0,0,0,12192.0,2,1,1,1,0,0,1,3,7.7,273.1,0,0,0,0,0,1
366500,86.402,0.685,1,1,1,0,17.014,0.0,0,0,1,0,13.276,0.0,0,0.0,0,0,0,1,0,1,0,1,0,0,0,12192.0,2,1,1,1,0,0,1,3,7.5,268.2,0,0,0,0,0,1
366600,86.47,0.685,1,1,1,0,17.014,0.0,0,0,1,0,13.276,0.0,0,0.0,0,0,0,1,0,1,0,1,0,0,0,12192.0,2,1,1,1,0,0,1,3,7.6,269.1,0,0,0,0,0,1
366700,86.539,0.685,1,1,1,0,17.014,0.0,0,0,1,0,13.276,0.0,0,0.0,0,0,0,1,0,1,0,1,0,0,0,12192.0,2,1,1,1,0,0,1,3,8.1,273.9,0,0,0,0,0,1
366800,86.607,0.685,1,1,1,0,17.014,0.0,0,0,1,0,13.276,0.0,0,0.0,0,0,0,1,0,1,0,1,0,0,0,12192.0,2,1,1,1,0,0,1,3,7.4,264.9,0,0,0,0,0,1
366900,86.676,0.685,1,1,1,0,17.014,0.0,0,0,1,0,13.276,0.0,0,0.0,0,0,0,1,0,1,0,1,0,0,0,12192.0,2,1,1,1,0,0,1,3,7.7,274.2,0,0,0,0,0,1
367000,86.744,0.685,1,1,1,0,17.014,0.0,0,0,1,0,13.276,0.0,0,0.0,0,0,0,1,0,1,0,1,0,0,0,12192.0,2,1,1,1,0,0,1,3,7.4,273.0,0,0,0,0,0,1
367100,86.813,0.685,1,1,1,0,17.014,0.0,0,0,1,0,13.276,0.0,0,0.0,0,0,0,1,0,1,0,1,0,0,0,12192.0,2,1,1,1,0,0,1,3,7.4,269.5,0,0,0,0,0,1
367200,86.881,0.685,1,1,1,0,17.014,0.0,0,0,1,0,13.276,0.0,0,0.0,0,0,0,1,0,1,0,1,0,0,0,12192.0,2,1,1,1,0,0,1,3,7.7,269.7,0,0,0,0,0,1
367300,86.95,0.685,1,1,1,0,17.014,0.0,0,0,1,0,13.276,0.0,0,0.0,0,0,0,1,0,1,0,1,0,0,0,12192.0,2,1,1,1,0,0,1,3,7.4,269.3,0,0,0,0,0,1
367400,87.018,0.685,1,1,1,0,17.014,0.0,0,0,1,0,13.276,0.0,0,0.0,0,0,0,1,0,1,0,1,0,0,0,12192.0,2,1,1,1,0,0,1,3,7.6,270.3,0,0,0,0,0,1
367500,87.086,0.685,1,1,1,0,17.014,0.0,0,0,1,0,13.276,0.0,0,0.0,0,0,0,1,0,1,0,1,0,0,0,12192.0,2,1,1,1,0,0,1,3,7.4,275.0,0,0,0,0,0,1
367600,87.155,0.685,1,1,1,0,17.014,0.0,0,0,1,0,13.276,0.0,0,0.0,0,0,0,1,0,1,0,1,0,0,0,12192.0,2,1,1,1,0,0,1,3,6.8,269.7,0,0,0,0,0,1
367700,87.223,0.685,1,1,1,0,17.014,0.0,0,0,1,0,13.276,0.0,0,0.0,0,0,0,1,0,1,0,1,0,0,0,12192.0,2,1,1,1,0,0,1,3,7.7,270.5,0,0,0,0,0,1
367800,87.292,0.685,1,1,1,0,17.014,0.0,0,0,1,0,13.276,0.0,0,0.0,0,0,0,1,0,1,0,1,0,0,0,12192.0,2,1,1,1,0,0,1,3,8.3,269.7,0,0,0,0,0,1
367900,87.36,0.685,1,1,1,0,17.014,0.0,0,0,1,0,13.276,0.0,0,0.0,0,0,0,1,0,1,0,1,0,0,0,12192.0,2,1,1,1,0,0,1,3,8.8,271.2,0,0,0,0,0,1
368000,87.429,0.685,1,1,1,0,17.014,0.0,0,0,1,0,13.276,0.0,0,0.0,0,0,0,1,0,1,0,1,0,0,0,12192.0,2,1,1,1,0,0,1,3,7.7,269.5,0,0,0,0,0,1
368100,87.497,0.685,1,1,1,0,17.014,0.0,0,0,1,0,13.276,0.0,0,0.0,0,0,0,1,0,1,0,1,0,0,0,12192.0,2,1,1,1,0,0,1,3,7.8,265.8,0,0,0,0,0,1
368200,87.566,0.685,1,1,1,0,17.014,0.0,0,0,1,0,13.276,0.0,0,0.0,0,0,0,1,0,1,0,1,0,0,0,12192.0,2,1,1,1,0,0,1,3,8.5,274.7,0,0,0,0,0,1
368300,87.634,0.685,1,1,1,0,17.014,0.0,0,0,1,0,13.276,0.0,0,0.0,0,0,0,1,0,1,0,1,0,0,0,12192.0,2,1,1,1,0,0,1,3,8.9,268.7,0,0,0,0,0,1
368400,87.703,0.685,1,1,1,0,17.014,0.0,0,0,1,0,13.276,0.0,0,0.0,0,0,0,1,0,1,0,1,0,0,0,12192.0,2,1,1,1,0,0,1,3,8.6,269.4,0,0,0,0,0,1
368500,87.771,0.685,1,1,1,0,17.014,0.0,0,0,1,0,13.276,0.0,0,0.0,0,0,0,1,0,1,0,1,0,0,0,12192.0,2,1,1,1,0,0,1,3,8.3,271.7,0,0,0,0,0,1
368600,87.84,0.685,1,1,1,0,17.014,0.0,0,0,1,0,13.276,0.0,0,0.0,0,0,0,1,0,1,0,1,0,0,0,12192.0,2,1,1,1,0,0,1,3,7.9,270.2,0,0,0,0,0,1
368700,87.908,0.685,1,1,1,0,17.014,0.0,0,0,1,0,13.276,0.0,0,0.0,0,0,0,1,0,1,0,1,0,0,0,12192.0,2,1,1,1,0,0,1,3,8.8,267.3,0,0,0,0,0,1
368800,87.977,0.685,1,1,1,0,17.014,0.0,0,0,1,0,13.276,0.0,0,0.0,0,0,0,1,0,1,0,1,0,0,0,12192.0,2,1,1,1,0,0,1,3,8.5,271.1,0,0,0,0,0,1
368900,88.045,0.685,1,1,1,0,17.014,0.0,0,0,1,0,13.276,0.0,0,0.0,0,0,0,1,0,1,0,1,0,0,0,12192.0,2,1,1,1,0,0,1,3,8.2,270.4,0,0,0,0,0,1
369000,88.114,0.685,1,1,1,0,17.014,0.0,0,0,1,0,13.276,0.0,0,0.0,0,0,0,1,0,1,0,1,0,0,0,12192.0,2,1,1,1,0,0,1,3,8.2,272.0,0,0,0,0,0,1
369100,88.181,0.67,1,1,1,0,17.014,0.0,0,0,1,0,13.276,0.0,0,0.0,0,0,0,1,0,1,0,1,0,0,0,12192.0,2,1,1,1,0,0,1,3,8.9,265.4,0,0,0,0,0,1
369200,88.246,0.655,1,1,1,0,17.014,0.0,0,0,1,0,13.276,0.0,0,0.0,0,0,0,1,0,1,0,1,0,0,0,12192.0,2,1,1,1,0,0,1,3,8.5,274.1,0,0,0,0,0,1
369300,88.31,0.641,1,1,1,0,17.014,0.0,0,0,1,0,13.276,0.0,0,0.0,0,0,0,1,0,1,0,1,0,0,0,12192.0,2,1,1,1,0,0,1,3,7.7,272.4,0,0,0,0,0,1
369400,88.373,0.626,1,1,1,0,17.014,0.0,0,0,1,0,13.276,0.0,0,0.0,0,0,0,1,0,1,0,1,0,0,0,12192.0,2,1,1,1,0,0,1,3,7.6,266.9,0,0,0,0,0,1
369500,88.434,0.611,1,1,1,0,17.014,0.0,0,0,1,0,13.276,0.0,0,0.0,0,0,0,1,0,1,0,1,0,0,0,12192.0,2,1,1,1,0,0,1,3,8.6,271.5,0,0,0,0,0,1
369600,88.494,0.596,1,1,1,0,17.014,0.0,0,0,1,0,13.276,0.0,0,0.0,0,0,0,1,0,1,0,1,0,0,0,12192.0,2,1,1,1,0,0,1,3,9.2,272.3,0,0,0,0,0,1
369700,88.552,0.582,1,1,1,0,17.014,0.0,0,0,1,0,13.276,0.0,0,0.0,0,0,0,1,0,1,0,1,0,0,0,12192.0,2,1,1,1,0,0,1,3,8.8,273.5,0,0,0,0,0,1
369800,88.608,0.567,1,1,1,0,17.014,0.0,0,0,1,0,13.276,0.0,0,0.0,0,0,0,1,0,1,0,1,0,0,0,12192.0,2,1,1,1,0,0,1,3,9.5,270.5,0,0,0,0,0,1
369900,88.664,0.552,1,1,1,0,17.014,0.0,0,0,1,0,13.276,0.0,0,0.0,0,0,0,1,0,1,0,1,0,0,0,12192.0,2,1,1,1,0,0,1,3,8.7,268.5,0,0,0,0,0,1
370000,88.717,0.537,1,1,1,0,17.014,0.0,0,0,1,0,13.276,0.0,0,0.0,0,0,0,1,0,1,0,1,0,0,0,12192.0,2,1,1,1,0,0,1,3,8.3,270.8,0,0,0,0,0,1
370100,88.77,0.523,1,1,1,0,17.014,0.0,0,0,1,0,13.276,0.0,0,0.0,0,0,0,1,0,1,0,1,0,0,0,12192.0,2,1,1,1,0,0,1,3,8.7,270.8,0,0,0,0,0,1
370200,88.82,0.508,1,1,1,0,17.014,0.0,0,0,1,0,13.276,0.0,0,0.0,0,0,0,1,0,1,0,1,0,0,0,12192.0,2,1,1,1,0,0,1,3,8.1,274.5,0,0,0,0,0,1
370300,88.87,0.493,1,1,1,0,17.014,0.0,0,0,1,0,13.276,0.0,0,0.0,0,0,0,1,0,1,0,1,0,0,0,12192.0,2,1,1,1,0,0,1,3,7.9,267.0,0,0,0,0,0,1
370400,88.918,0.479,1,1,1,0,17.014,0.0,0,0,1,0,13.276,0.0,0,0.0,0,0,0,1,0,1,0,1,0,0,0,12192.0,2,1,1,1,0,0,1,3,8.6,270.0,0,0,0,0,0,1
370500,88.964,0.464,1,1,1,0,17.014,0.0,0,0,1,0,13.276,0.0,0,0.0,0,0,0,1,0,1,0,1,0,0,0,12192.0,2,1,1,1,0,0,1,3,8.2,268.5,0,0,0,0,0,1
370600,89.009,0.449,1,1,1,0,17.014,0.0,0,0,1,0,13.276,0.0,0,0.0,0,0,0,1,0,1,0,1,0,0,0,12192.0,2,1,1,1,0,0,1,3,8.4,268.9,0,0,0,0,0,1
370700,89.052,0.434,1,1,1,0,17.014,0.0,0,0,1,0,13.276,0.0,0,0.0,0,0,0,1,0,1,0,1,0,0,0,12192.0,2,1,1,1,0,0,1,3,8.3,271.4,0,0,0,0,0,1
370800,89.094,0.42,1,1,1,0,17.014,0.0,0,0,1,0,13.276,0.0,0,0.0,0,0,0,1,0,1,0,1,0,0,0,12192.0,2,1,1,1,0,0,1,3,7.9,271.8,0,0,0,0,0,1
370900,89.135,0.405,1,1,1,0,17.014,0.0,0,0,1,0,13.276,0.0,0,0.0,0,0,0,1,0,1,0,1,0,0,0,12192.0,2,1,1,1,0,0,1,3,8.5,272.1,0,0,0,0,0,1
371000,89.174,0.39,1,1,1,0,17.014,0.0,0,0,1,0,13.276,0.0,0,0.0,0,0,0,1,0,1,0,1,0,0,0,12192.0,2,1,1,1,0,0,1,3,8.7,270.2,0,0,0,0,0,1
371100,89.211,0.376,1,1,1,0,17.014,0.0,0,0,1,0,13.276,0.0,0,0.0,0,0,0,1,0,1,0,1,0,0,0,12192.0,2,1,1,1,0,0,1,3,8.4,265.4,0,0,0,0,0,1
371200,89.247,0.361,1,1,1,0,17.014,0.0,0,0,1,0,13.276,0.0,0,0.0,0,0,0,1,0,1,0,1,0,0,0,12192.0,2,1,1,1,0,0,1,3,8.2,271.5,0,0,0,0,0,1
371300,89.282,0.346,1,1,1,0,17.014,0.0,0,0,1,0,13.276,0.0,0,0.0,0,0,0,1,0,1,0,1,0,0,0,12192.0,2,1,1,1,0,0,1,3,8.6,270.8,0,0,0,0,0,1
371400,89.315,0.331,1,1,1,0,17.014,0.0,0,0,1,0,13.276,0.0,0,0.0,0,0,0,1,0,1,0,1,0,0,0,12192.0,2,1,1,1,0,0,1,3,8.2,274.9,0,0,0,0,0,1
371500,89.347,0.317,1,1,1,0,17.014,0.0,0,0,1,0,13.276,0.0,0,0.0,0,0,0,1,0,1,0,1,0,0,0,12192.0,2,1,1,1,0,0,1,3,9.1,268.6,0,0,0,0,0,1
371600,89.377,0.302,1,1,1,0,17.014,0.0,0,0,1,0,13.276,0.0,0,0.0,0,0,0,1,0,1,0,1,0,0,0,12192.0,2,1,1,1,0,0,1,3,8.8,271.7,0,0,0,0,0,1
371700,89.406,0.287,1,1,1,0,17.014,0.0,0,0,1,0,13.276,0.0,0,0.0,0,0,0,1,0,1,0,1,0,0,0,12192.0,2,1,1,1,0,0,1,3,8.3,270.7,0,0,0,0,0,1
371800,89.433,0.272,1,1,1,0,17.014,0.0,0,0,1,0,13.276,0.0,0,0.0,0,0,0,1,0,1,0,1,0,0,0,12192.0,2,1,1,1,0,0,1,3,7.8,269.3,0,0,0,0,0,1
371900,89.459,0.258,1,1,1,0,17.014,0.0,0,0,1,0,13.276,0.0,0,0.0,0,0,0,1,0,1,0,1,0,0,0,12192.0,2,1,1,1,0,0,1,3,8.8,272.3,0,0,0,0,0,1
372000,89.483,0.243,1,1,1,0,17.014,0.0,0,0,1,0,13.276,0.0,0,0.0,0,0,0,1,0,1,0,1,0,0,0,12192.0,2,1,1,1,0,0,1,3,8.7,269.1,0,0,0,0,0,1
372100,89.506,0.228,1,1,1,0,17.014,0.0,0,0,1,0,13.276,0.0,0,0.0,0,0,0,1,0,1,0,1,0,0,0,12192.0,2,1,1,1,0,0,1,3,8.6,271.5,0,0,0,0,0,1
372200,89.527,0.214,1,1,1,0,17.014,0.0,0,0,1,0,13.276,0.0,0,0.0,0,0,0,1,0,1,0,1,0,0,0,12192.0,2,1,1,1,0,0,1,3,9.0,268.8,0,0,0,0,0,1
372300,89.547,0.199,1,1,1,0,17.014,0.0,0,0,1,0,13.276,0.0,0,0.0,0,0,0,1,0,1,0,1,0,0,0,12192.0,2,1,1,1,0,0,1,3,8.0,269.3,0,0,0,0,0,1
372400,89.566,0.184,1,1,1,0,17.014,0.0,0,0,1,0,13.276,0.0,0,0.0,0,0,0,1,0,1,0,1,0,0,0,12192.0,2,1,1,1,0,0,1,3,7.5,271.4,0,0,0,0,0,1
372500,89.583,0.169,1,1,1,0,17.014,0.0,0,0,1,0,13.276,0.0,0,0.0,0,0,0,1,0,1,0,1,0,0,0,12192.0,2,1,1,1,0,0,1,3,8.4,267.3,0,0,0,0,0,1
372600,89.598,0.155,1,1,1,0,17.014,0.0,0,0,1,0,13.276,0.0,0,0.0,0,0,0,1,0,1,0,1,0,0,0,12192.0,2,1,1,1,0,0,1,3,8.5,268.4,0,0,0,0,0,1
372700,89.612,0.14,1,1,1,0,17.014,0.0,0,0,1,0,13.276,0.0,0,0.0,0,0,0,1,0,1,0,1,0,0,0,12192.0,2,1,1,1,0,0,1,3,8.0,267.7,0,0,0,0,0,1
372800,89.624,0.125,1,1,1,0,17.014,0.0,0,0,1,0,13.276,0.0,0,0.0,0,0,0,1,0,1,0,1,0,0,0,12192.0,2,1,1,1,0,0,1,3,7.3,269.4,0,0,0,0,0,1
372900,89.636,0.11,1,1,1,0,17.014,0.0,0,0,1,0,13.276,0.0,0,0.0,0,0,0,1,0,1,0,1,0,0,0,12192.0,2,1,1,1,0,0,1,3,8.0,272.6,0,0,0,0,0,1
373000,89.645,0.096,1,1,1,0,17.014,0.0,0,0,1,0,13.276,0.0,0,0.0,0,0,0,1,0,1,0,1,0,0,0,12192.0,2,1,1,1,0,0,1,3,6.9,269.2,0,0,0,0,0,1
373100,89.653,0.081,1,1,1,0,17.014,0.0,0,0,1,0,13.276,0.0,0,0.0,0,0,0,1,0,1,0,1,0,0,0,12192.0,2,1,1,1,0,0,1,3,6.9,274.6,0,0,0,0,0,1
373200,89.66,0.066,1,1,1,0,17.014,0.0,0,0,1,0,13.276,0.0,0,0.0,0,0,0,1,0,1,0,1,0,0,0,12192.0,2,1,1,1,0,0,1,3,7.0,269.2,0,0,0,0,0,1
373300,89.665,0.052,1,1,1,0,17.014,0.0,0,0,1,0,13.276,0.0,0,0.0,0,0,0,1,0,1,0,1,0,0,0,12192.0,2,1,1,1,0,0,1,3,7.4,274.3,0,0,0,0,0,1
373400,89.669,0.037,1,1,1,0,17.014,0.0,0,0,1,0,13.276,0.0,0,0.0,0,0,0,1,0,1,0,1,0,0,0,12192.0,2,1,1,1,0,0,1,3,7.8,264.5,0,0,0,0,0,1
373500,89.671,0.022,1,1,1,0,17.014,0.0,0,0,1,0,13.271,-0.05,0,0.0,0,0,1,1,0,1,0,1,0,0,0,12192.0,2,1,1,1,0,0,1,3,7.7,271.9,0,0,0,0,0,1
373600,89.672,0.0,0,0,1,0,17.014,0.0,0,0,1,0,13.261,-0.101,0,0.0,0,0,1,1,0,1,0,1,0,0,0,12192.0,2,1,1,1,0,0,1,3,7.1,270.7,0,0,0,0,0,1
373700,89.672,0.0,0,0,1,0,17.014,0.0,0,0,1,0,13.246,-0.151,0,0.0,0,0,1,1,0,1,0,1,0,0,0,12192.0,2,1,1,1,0,0,1,3,7.4,271.8,0,0,0,0,0,1
373800,89.672,0.0,0,0,1,0,17.014,0.0,0,0,1,0,13.226,-0.201,0,0.0,0,0,1,1,0,1,0,1,0,0,0,12192.0,2,1,1,1,0,0,1,3,7.9,268.9,0,0,0,0,0,1
373900,89.672,0.0,0,0,1,0,17.014,0.0,0,0,1,0,13.201,-0.251,0,0.0,0,0,1,1,0,1,0,1,0,0,0,12192.0,2,1,1,1,0,0,1,3,7.9,268.0,0,0,0,0,0,1
374000,89.672,0.0,0,0,1,0,17.014,0.0,0,0,1,0,13.171,-0.302,0,0.0,0,0,1,1,0,1,0,1,0,0,0,12192.0,2,1,1,1,0,0,1,3,7.7,272.7,0,0,0,0,0,1
374100,89.672,0.0,0,0,1,0,17.014,0.0,0,0,1,0,13.135,-0.352,0,0.0,0,0,1,1,0,1,0,1,0,0,0,12192.0,2,1,1,1,0,0,1,3,7.1,273.7,0,0,0,0,0,1
374200,89.672,0.0,0,0,1,0,17.014,0.0,0,0,1,0,13.095,-0.402,0,0.0,0,0,1,1,0,1,0,1,0,0,0,12192.0,2,1,1,1,0,0,1,3,8.1,268.1,0,0,0,0,0,1
374300,89.672,0.0,0,0,1,0,17.014,0.0,0,0,1,0,13.05,-0.452,0,0.0,0,0,1,1,0,1,0,1,0,0,0,12192.0,2,1,1,1,0,0,1,3,7.3,273.7,0,0,0,0,0,1
374400,89.672,0.0,0,0,1,0,17.014,0.0,0,0,1,0,13.0,-0.503,0,0.0,0,0,1,1,0,1,0,1,0,0,0,12192.0,2,1,1,1,0,0,1,3,7.3,267.5,0,0,0,0,0,1
374500,89.672,0.0,0,0,1,0,17.014,0.0,0,0,1,0,12.944,-0.553,0,0.0,0,0,1,1,0,1,0,1,0,0,0,12192.0,2,1,1,1,0,0,1,3,7.1,269.2,0,0,0,0,0,1
374600,89.672,0.0,0,0,1,0,17.014,0.0,0,0,1,0,12.884,-0.603,0,0.0,0,0,1,1,0,1,0,1,0,0,0,12192.0,2,1,1,1,0,0,1,3,8.3,272.1,0,0,0,0,0,1
374700,89.672,0.0,0,0,1,0,17.014,0.0,0,0,1,0,12.819,-0.654,0,0.0,0,0,1,1,0,1,0,1,0,0,0,12192.0,2,1,1,1,0,0,1,3,7.2,270.7,0,0,0,0,0,1
374800,89.672,0.0,0,0,1,0,17.014,0.0,0,0,1,0,12.748,-0.704,0,0.0,0,0,1,1,0,1,0,1,0,0,0,12192.0,2,1,1,1,0,0,1,3,7.3,273.5,0,0,0,0,0,1
374900,89.672,0.0,0,0,1,0,17.014,0.0,0,0,1,0,12.673,-0.754,0,0.0,0,0,1,1,0,1,0,1,0,0,0,12192.0,2,1,1,1,0,0,1,3,8.5,268.5,0,0,0,0,0,1
375000,89.672,0.0,0,0,1,0,17.014,0.0,0,0,1,0,12.593,-0.804,0,0.0,0,0,1,1,0,1,0,1,0,0,0,12192.0,2,1,1,1,0,0,1,3,7.4,273.0,0,0,0,0,0,1
375100,89.672,0.0,0,0,1,0,17.014,0.0,0,0,1,0,12.507,-0.855,0,0.0,0,0,1,1,0,1,0,1,0,0,0,12192.0,2,1,1,1,0,0,1,3,7.5,270.5,0,0,0,0,0,1
375200,89.672,0.0,0,0,1,0,17.014,0.0,0,0,1,0,12.417,-0.905,0,0.0,0,0,1,1,0,1,0,1,0,0,0,12192.0,2,1,1,1,0,0,1,3,7.7,270.3,0,0,0,0,0,1
375300,89.672,0.0,0,0,1,0,17.014,0.0,0,0,1,0,12.321,-0.955,0,0.0,0,0,1,1,0,1,0,1,0,0,0,12192.0,2,1,1,1,0,0,1,3,7.4,269.6,0,0,0,0,0,1
375400,89.672,0.0,0,0,1,0,17.014,0.0,0,0,1,0,12.22,-1.005,0,0.0,0,0,1,1,0,1,0,1,0,0,0,12192.0,2,1,1,1,0,0,1,3,7.1,271.7,0,0,0,0,0,1
375500,89.672,0.0,0,0,1,0,17.014,0.0,0,0,1,0,12.115,-1.056,0,0.0,0,0,1,1,0,1,0,1,0,0,0,12192.0,2,1,1,1,0,0,1,3,7.1,274.9,0,0,0,0,0,1
375600,89.672,0.0,0,0,1,0,17.014,0.0,0,0,1,0,12.004,-1.106,0,0.0,0,0,1,1,0,1,0,1,0,0,0,12192.0,2,1,1,1,0,0,1,3,6.8,269.0,0,0,0,0,0,1
375700,89.672,0.0,0,0,1,0,17.014,0.0,0,0,1,0,11.889,-1.156,0,0.0,0,0,1,1,0,1,0,1,0,0,0,12192.0,2,1,1,1,0,0,1,3,7.3,269.4,0,0,0,0,0,1
375800,89.672,0.0,0,0,1,0,17.014,0.0,0,0,1,0,11.768,-1.207,0,0.0,0,0,1,1,0,1,0,1,0,0,0,12192.0,2,1,1,1,0,0,1,3,7.4,268.6,0,0,0,0,0,1
375900,89.672,0.0,0,0,1,0,17.014,0.0,0,0,1,0,11.642,-1.257,0,0.0,0,0,1,1,0,1,0,1,0,0,0,12192.0,2,1,1,1,0,0,1,3,7.0,271.1,0,0,0,0,0,1
376000,89.672,0.0,0,0,1,0,17.014,0.0,0,0,1,0,11.512,-1.302,0,0.0,0,0,1,1,0,1,0,1,0,0,0,12192.0,2,1,1,1,0,0,1,3,7.3,272.7,0,0,0,0,0,1
376100,89.672,0.0,0,0,1,0,17.014,0.0,0,0,1,0,11.382,-1.302,0,0.0,0,0,1,1,0,1,0,1,0,0,0,12192.0,2,1,1,1,0,0,1,3,7.5,269.0,0,0,0,0,0,1
376200,89.672,0.0,0,0,1,0,17.014,0.0,0,0,1,0,11.252,-1.302,0,0.0,0,0,1,1,0,1,0,1,0,0,0,12192.0,2,1,1,1,0,0,1,3,7.2,271.1,0,0,0,0,0,1
376300,89.672,0.0,0,0,1,0,17.014,0.0,0,0,1,0,11.121,-1.302,0,0.0,0,0,1,1,0,1,0,1,0,0,0,12192.0,2,1,1,1,0,0,1,3,7.3,272.0,0,0,0,0,0,1
376400,89.672,0.0,0,0,1,0,17.014,0.0,0,0,1,0,10.991,-1.302,0,0.0,0,0,1,1,0,1,0,1,0,0,0,12192.0,2,1,1,1,0,0,1,3,7.1,270.2,0,0,0,0,0,1
376500,89.672,0.0,0,0,1,0,17.014,0.0,0,0,1,0,10.861,-1.302,0,0.0,0,0,1,1,0,1,0,1,0,0,0,12192.0,2,1,1,1,0,0,1,3,7.8,269.2,0,0,0,0,0,1
376600,89.672,0.0,0,0,1,0,17.014,0.0,0,0,1,0,10.731,-1.302,0,0.0,0,0,1,1,0,1,0,1,0,0,0,12192.0,2,1,1,1,0,0,1,3,7.9,267.9,0,0,0,0,0,1
376700,89.672,0.0,0,0,1,0,17.014,0.0,0,0,1,0,10.601,-1.302,0,0.0,0,0,1,1,0,1,0,1,0,0,0,12192.0,2,1,1,1,0,0,1,3,8.2,271.4,0,0,0,0,0,1
376800,89.672,0.0,0,0,1,0,17.014,0.0,0,0,1,0,10.47,-1.302,0,0.0,0,0,1,1,0,1,0,1,0,0,0,12192.0,2,1,1,1,0,0,1,3,8.1,272.0,0,0,0,0,0,1
376900,89.672,0.0,0,0,1,0,17.014,0.0,0,0,1,0,10.34,-1.302,0,0.0,0,0,1,1,0,1,0,1,0,0,0,12192.0,2,1,1,1,0,0,1,3,7.1,272.1,0,0,0,0,0,1
377000,89.672,0.0,0,0,1,0,17.014,0.0,0,0,1,0,10.21,-1.302,0,0.0,0,0,1,1,0,1,0,1,0,0,0,12192.0,2,1,1,1,0,0,1,3,8.0,271.0,0,0,0,0,0,1
377100,89.672,0.0,0,0,1,0,17.014,0.0,0,0,1,0,10.08,-1.302,0,0.0,0,0,1,1,0,1,0,1,0,0,0,12192.0,2,1,1,1,0,0,1,3,8.3,266.0,0,0,0,0,0,1
377200,89.672,0.0,0,0,1,0,17.014,0.0,0,0,1,0,9.949,-1.302,0,0.0,0,0,1,1,0,1,0,1,0,0,0,12192.0,2,1,1,1,0,0,1,3,8.3,272.0,0,0,0,0,0,1
377300,89.672,0.0,0,0,1,0,17.014,0.0,0,0,1,0,9.819,-1.302,0,0.0,0,0,1,1,0,1,0,1,0,0,0,12192.0,2,1,1,1,0,0,1,3,8.0,266.2,0,0,0,0,0,1
377400,89.672,0.0,0,0,1,0,17.014,0.0,0,0,1,0,9.689,-1.302,0,0.0,0,0,1,1,0,1,0,1,0,0,0,12192.0,2,1,1,1,0,0,1,3,8.3,274.4,0,0,0,0,0,1
377500,89.672,0.0,0,0,1,0,17.014,0.0,0,0,1,0,9.559,-1.302,0,0.0,0,0,1,1,0,1,0,1,0,0,0,12192.0,2,1,1,1,0,0,1,3,8.1,274.4,0,0,0,0,0,1
377600,89.672,0.0,0,0,1,0,17.014,0.0,0,0,1,0,9.428,-1.302,0,0.0,0,0,1,1,0,1,0,1,0,0,0,12192.0,2,1,1,1,0,0,1,3,8.9,271.6,0,0,0,0,0,1
377700,89.672,0.0,0,0,1,0,17.014,0.0,0,0,1,0,9.298,-1.302,0,0.0,0,0,1,1,0,1,0,1,0,0,0,12192.0,2,1,1,1,0,0,1,3,8.1,266.9,0,0,0,0,0,1
377800,89.672,0.0,0,0,1,0,17.014,0.0,0,0,1,0,9.168,-1.302,0,0.0,0,0,1,1,0,1,0,1,0,0,0,12192.0,2,1,1,1,0,0,1,3,7.7,273.4,0,0,0,0,0,1
377900,89.672,0.0,0,0,1,0,17.014,0.0,0,0,1,0,9.038,-1.302,0,0.0,0,0,1,1,0,1,0,1,0,0,0,12192.0,2,1,1,1,0,0,1,3,8.0,266.6,0,0,0,0,0,1
378000,89.672,0.0,0,0,1,0,17.014,0.0,0,0,1,0,8.908,-1.302,0,0.0,0,0,1,1,0,1,0,1,0,0,0,12192.0,2,1,1,1,0,0,1,3,7.8,278.0,0,0,0,0,0,1
378100,89.672,0.0,0,0,1,0,17.014,0.0,0,0,1,0,8.777,-1.302,0,0.0,0,0,1,1,0,1,0,1,0,0,0,12192.0,2,1,1,1,0,0,1,3,8.1,268.5,0,0,0,0,0,1
378200,89.672,0.0,0,0,1,0,17.014,0.0,0,0,1,0,8.647,-1.302,0,0.0,0,0,1,1,0,1,0,1,0,0,0,12192.0,2,1,1,1,0,0,1,3,8.2,272.5,0,0,0,0,0,1
378300,89.672,0.0,0,0,1,0,17.014,0.0,0,0,1,0,8.517,-1.302,0,0.0,0,0,1,1,0,1,0,1,0,0,0,12192.0,2,1,1,1,0,0,1,3,8.1,273.4,0,0,0,0,0,1
378400,89.672,0.0,0,0,1,0,17.014,0.0,0,0,1,0,8.387,-1.302,0,0.0,0,0,1,1,0,1,0,1,0,0,0,12192.0,2,1,1,1,0,0,1,3,8.4,271.1,0,0,0,0,0,1
378500,89.672,0.0,0,0,1,0,17.014,0.0,0,0,1,0,8.256,-1.302,0,0.0,0,0,1,1,0,1,0,1,0,0,0,12192.0,2,1,1,1,0,0,1,3,8.5,272.6,0,0,0,0,0,1
378600,89.672,0.0,0,0,1,0,17.014,0.0,0,0,1,0,8.126,-1.302,0,0.0,0,0,1,1,0,1,0,1,0,0,0,12192.0,2,1,1,1,0,0,1,3,8.7,268.1,0,0,0,0,0,1
378700,89.672,0.0,0,0,1,0,17.014,0.0,0,0,1,0,7.996,-1.302,0,0.0,0,0,1,1,0,1,0,1,0,0,0,12192.0,2,1,1,1,0,0,1,3,8.4,271.6,0,0,0,0,0,1
378800,89.672,0.0,0,0,1,0,17.014,0.0,0,0,1,0,7.866,-1.302,0,0.0,0,0,1,1,0,1,0,1,0,0,0,12192.0,2,1,1,1,0,0,1,3,9.2,268.2,0,0,0,0,0,1
378900,89.672,0.0,0,0,1,0,17.014,0.0,0,0,1,0,7.735,-1.302,0,0.0,0,0,1,1,0,1,0,1,0,0,0,12192.0,2,1,1,1,0,0,1,3,8.7,267.0,0,0,0,0,0,1
379000,89.672,0.0,0,0,1,0,17.014,0.0,0,0,1,0,7.605,-1.302,0,0.0,0,0,1,1,0,1,0,1,0,0,0,12192.0,2,1,1,1,0,0,1,3,9.3,273.5,0,0,0,0,0,1
379100,89.672,0.0,0,0,1,0,17.014,0.0,0,0,1,0,7.475,-1.302,0,0.0,0,0,1,1,0,1,0,1,0,0,0,12192.0,2,1,1,1,0,0,1,3,8.4,268.4,0,0,0,0,0,1
379200,89.672,0.0,0,0,1,0,17.014,0.0,0,0,1,0,7.345,-1.302,0,0.0,0,0,1,1,0,1,0,1,0,0,0,12192.0,2,1,1,1,0,0,1,3,8.5,272.8,0,0,0,0,0,1
379300,89.672,0.0,0,0,1,0,17.014,0.0,0,0,1,0,7.215,-1.302,0,0.0,0,0,1,1,0,1,0,1,0,0,0,12192.0,2,1,1,1,0,0,1,3,9.4,269.1,0,0,0,0,0,1
379400,89.672,0.0,0,0,1,0,17.014,0.0,0,0,1,0,7.084,-1.302,0,0.0,0,0,1,1,0,1,0,1,0,0,0,12192.0,2,1,1,1,0,0,1,3,9.0,271.2,0,0,0,0,0,1
379500,89.672,0.0,0,0,1,0,17.014,0.0,0,0,1,0,6.954,-1.302,0,0.0,0,0,1,1,0,1,0,1,0,0,0,12192.0,2,1,1,1,0,0,1,3,9.5,273.7,0,0,0,0,0,1
379600,89.672,0.0,0,0,1,0,17.014,0.0,0,0,1,0,6.824,-1.302,0,0.0,0,0,1,1,0,1,0,1,0,0,0,12192.0,2,1,1,1,0,0,1,3,8.9,266.3,0,0,0,0,0,1
379700,89.672,0.0,0,0,1,0,17.014,0.0,0,0,1,0,6.694,-1.302,0,0.0,0,0,1,1,0,1,0,1,0,0,0,12192.0,2,1,1,1,0,0,1,3,8.8,274.4,0,0,0,0,0,1
379800,89.672,0.0,0,0,1,0,17.014,0.0,0,0,1,0,6.563,-1.302,0,0.0,0,0,1,1,0,1,0,1,0,0,0,12192.0,2,1,1,1,0,0,1,3,8.5,265.9,0,0,0,0,0,1
379900,89.672,0.0,0,0,1,0,17.014,0.0,0,0,1,0,6.433,-1.302,0,0.0,0,0,1,1,0,1,0,1,0,0,0,12192.0,2,1,1,1,0,0,1,3,9.3,273.9,0,0,0,0,0,1
380000,89.672,0.0,0,0,1,0,17.014,0.0,0,0,1,0,6.303,-1.302,0,0.0,0,0,1,1,0,1,0,1,0,0,0,12192.0,2,1,1,1,0,0,1,3,9.1,271.9,0,0,0,0,0,1
380100,89.672,0.0,0,0,1,0,17.014,0.0,0,0,1,0,6.173,-1.302,0,0.0,0,0,1,1,0,1,0,1,0,0,0,12192.0,2,1,1,1,0,0,1,3,7.6,268.2,0,0,0,0,0,1
380200,89.672,0.0,0,0,1,0,17.014,0.0,0,0,1,0,6.043,-1.302,0,0.0,0,0,1,1,0,1,0,1,0,0,0,12192.0,2,1,1,1,0,0,1,3,8.7,273.1,0,0,0,0,0,1
380300,89.672,0.0,0,0,1,0,17.014,0.0,0,0,1,0,5.912,-1.302,0,0.0,0,0,1,1,0,1,0,1,0,0,0,12192.0,2,1,1,1,0,0,1,3,8.3,274.0,0,0,0,0,0,1
380400,89.672,0.0,0,0,1,0,17.014,0.0,0,0,1,0,5.782,-1.302,0,0.0,0,0,1,1,0,1,0,1,0,0,0,12192.0,2,1,1,1,0,0,1,3,8.0,266.7,0,0,0,0,0,1
380500,89.672,0.0,0,0,1,0,17.014,0.0,0,0,1,0,5.652,-1.302,0,0.0,0,0,1,1,0,1,0,1,0,0,0,12192.0,2,1,1,1,0,0,1,3,8.6,269.9,0,0,0,0,0,1
380600,89.672,0.0,0,0,1,0,17.014,0.0,0,0,1,0,5.522,-1.302,0,0.0,0,0,1,1,0,1,0,1,0,0,0,12192.0,2,1,1,1,0,0,1,3,7.3,271.3,0,0,0,0,0,1
380700,89.672,0.0,0,0,1,0,17.014,0.0,0,0,1,0,5.391,-1.302,0,0.0,0,0,1,1,0,1,0,1,0,0,0,12192.0,2,1,1,1,0,0,1,3,7.4,271.4,0,0,0,0,0,1
380800,89.672,0.0,0,0,1,0,17.014,0.0,0,0,1,0,5.261,-1.302,0,0.0,0,0,1,1,0,1,0,1,0,0,0,12192.0,2,1,1,1,0,0,1,3,8.3,269.4,0,0,0,0,0,1
380900,89.672,0.0,0,0,1,0,17.014,0.0,0,0,1,0,5.131,-1.302,0,0.0,0,0,1,1,0,1,0,1,0,0,0,12192.0,2,1,1,1,0,0,1,3,7.7,272.7,0,0,0,0,0,1
381000,89.672,0.0,0,0,1,0,17.014,0.0,0,0,1,0,5.001,-1.302,0,0.0,0,0,1,1,0,1,0,1,0,0,0,12192.0,2,1,1,1,0,0,1,3,7.9,268.4,0,0,0,0,0,1
381100,89.672,0.0,0,0,1,0,17.014,0.0,0,0,1,0,4.87,-1.302,0,0.0,0,0,1,1,0,1,0,1,0,0,0,12192.0,2,1,1,1,0,0,1,3,7.9,267.3,0,0,0,0,0,1
381200,89.672,0.0,0,0,1,0,17.014,0.0,0,0,1,0,4.74,-1.302,0,0.0,0,0,1,1,0,1,0,1,0,0,0,12192.0,2,1,1,1,0,0,1,3,8.1,268.0,0,0,0,0,0,1
381300,89.672,0.0,0,0,1,0,17.014,0.0,0,0,1,0,4.61,-1.302,0,0.0,0,0,1,1,0,1,0,1,0,0,0,12192.0,2,1,1,1,0,0,1,3,8.0,269.7,0,0,0,0,0,1
381400,89.672,0.0,0,0,1,0,17.014,0.0,0,0,1,0,4.48,-1.302,0,0.0,0,0,1,1,0,1,0,1,0,0,0,12192.0,2,1,1,1,0,0,1,3,8.7,271.2,0,0,0,0,0,1
381500,89.672,0.0,0,0,1,0,17.014,0.0,0,0,1,0,4.35,-1.302,0,0.0,0,0,1,1,0,1,0,1,0,0,0,12192.0,2,1,1,1,0,0,1,3,7.8,274.2,0,0,0,0,0,1
381600,89.672,0.0,0,0,1,0,17.014,0.0,0,0,1,0,4.219,-1.302,0,0.0,0,0,1,1,0,1,0,1,0,0,0,12192.0,2,1,1,1,0,0,1,3,8.4,270.4,0,0,0,0,0,1
381700,89.672,0.0,0,0,1,0,17.014,0.0,0,0,1,0,4.094,-1.252,0,0.0,0,0,1,1,0,1,0,1,0,0,0,12192.0,2,1,1,1,0,0,1,3,7.7,269.1,0,0,0,0,0,1
381800,89.672,0.0,0,0,1,0,17.014,0.0,0,0,1,0,3.974,-1.202,0,0.0,0,0,1,1,0,1,0,1,0,0,0,12192.0,2,1,1,1,0,0,1,3,7.7,270.4,0,0,0,0,0,1
381900,89.672,0.0,0,0,1,0,17.014,0.0,0,0,1,0,3.859,-1.151,0,0.0,0,0,1,1,0,1,0,1,0,0,0,12192.0,2,1,1,1,0,0,1,3,7.6,269.1,0,0,0,0,0,1
382000,89.672,0.0,0,0,1,0,17.014,0.0,0,0,1,0,3.749,-1.101,0,0.0,0,0,1,1,0,1,0,1,0,0,0,12192.0,2,1,1,1,0,0,1,3,7.7,272.6,0,0,0,0,0,1
382100,89.672,0.0,0,0,1,0,17.014,0.0,0,0,1,0,3.644,-1.051,0,0.0,0,0,1,1,0,1,0,1,0,0,0,12192.0,2,1,1,1,0,0,1,3,8.2,272.1,0,0,0,0,0,1
382200,89.672,0.0,0,0,1,0,17.014,0.0,0,0,1,0,3.544,-1.001,0,0.0,0,0,1,1,0,1,0,1,0,0,0,12192.0,2,1,1,1,0,0,1,3,7.9,271.4,0,0,0,0,0,1
382300,89.672,0.0,0,0,1,0,17.014,0.0,0,0,1,0,3.448,-0.95,0,0.0,0,0,1,1,0,1,0,1,0,0,0,12192.0,2,1,1,1,0,0,1,3,7.4,270.6,0,0,0,0,0,1
382400,89.672,0.0,0,0,1,0,17.014,0.0,0,0,1,0,3.358,-0.9,0,0.0,0,0,1,1,0,1,0,1,0,0,0,12192.0,2,1,1,1,0,0,1,3,7.9,271.7,0,0,0,0,0,1
382500,89.672,0.0,0,0,1,0,17.014,0.0,0,0,1,0,3.273,-0.85,0,0.0,0,0,1,1,0,1,0,1,0,0,0,12192.0,2,1,1,1,0,0,1,3,7.6,272.7,0,0,0,0,0,1
382600,89.672,0.0,0,0,1,0,17.014,0.0,0,0,1,0,3.188,-0.851,0,0.0,0,0,1,1,0,1,0,1,0,0,0,12192.0,2,1,1,1,0,0,1,3,8.2,271.6,0,0,0,0,0,1
382700,89.672,0.0,0,0,1,0,17.014,0.0,0,0,1,0,3.108,-0.799,0,0.0,0,0,1,1,0,1,0,1,0,0,0,12192.0,2,1,1,1,0,0,1,3,7.6,272.2,0,0,0,0,0,1
382800,89.672,0.0,0,0,1,0,17.014,0.0,0,0,1,0,3.034,-0.747,0,0.0,0,0,1,1,0,1,0,1,0,0,0,12192.0,2,1,1,1,0,0,1,3,7.9,268.4,0,0,0,0,0,1
382900,89.672,0.0,0,0,1,0,17.014,0.0,0,0,1,0,2.964,-0.695,0,0.0,0,0,1,1,0,1,0,1,0,0,0,12192.0,2,1,1,1,0,0,1,3,8.1,271.4,0,0,0,0,0,1
383000,89.672,0.0,0,0,1,0,17.014,0.0,0,0,1,0,2.9,-0.643,0,0.0,0,0,1,1,0,1,0,1,0,0,0,12192.0,2,1,1,1,0,0,1,3,7.0,266.0,0,0,0,0,0,1
383100,89.672,0.0,0,0,1,0,17.014,0.0,0,0,1,0,2.841,-0.591,0,0.0,0,0,1,1,0,1,0,1,0,0,0,12192.0,2,1,1,1,0,0,1,3,6.9,269.6,0,0,0,0,0,1
383200,89.672,0.0,0,0,1,0,17.014,0.0,0,0,1,0,2.787,-0.538,0,0.0,0,0,1,1,0,1,0,1,0,0,0,12192.0,2,1,1,1,0,0,1,3,7.2,268.9,0,0,0,0,0,1
383300,89.672,0.0,0,0,1,0,17.014,0.0,0,0,1,0,2.738,-0.485,0,0.0,0,0,1,1,0,1,0,1,0,0,0,12192.0,2,1,1,1,0,0,1,3,7.3,271.2,0,0,0,0,0,1
383400,89.672,0.0,0,0,1,0,17.014,0.0,0,0,1,0,2.695,-0.432,0,0.0,0,0,1,1,0,1,0,1,0,0,0,12192.0,2,1,1,1,0,0,1,3,7.6,265.8,0,0,0,0,0,1
383500,89.672,0.0,0,0,1,0,17.014,0.0,0,0,1,0,2.657,-0.378,0,0.0,0,0,1,1,0,1,0,1,0,0,0,12192.0,2,1,1,1,0,0,1,3,7.4,270.3,0,0,0,0,0,1
383600,89.672,0.0,0,0,1,0,17.014,0.0,0,0,1,0,2.625,-0.324,0,0.0,0,0,1,1,0,1,0,1,0,0,0,12192.0,2,1,1,1,0,0,1,3,7.9,267.6,0,0,0,0,0,1
383700,89.672,0.0,0,0,1,0,17.014,0.0,0,0,1,0,2.598,-0.269,0,0.0,0,0,1,1,0,1,0,1,0,0,0,12192.0,2,1,1,1,0,0,1,3,7.4,269.7,0,0,0,0,0,1
383800,89.672,0.0,0,0,1,0,17.014,0.0,0,0,1,0,2.577,-0.213,0,0.0,0,0,1,1,0,1,0,1,0,0,0,12192.0,2,1,1,1,0,0,1,3,7.5,272.3,0,0,0,0,0,1
383900,89.672,0.0,0,0,1,0,17.014,0.0,0,0,1,0,2.561,-0.155,0,0.0,0,0,1,1,0,1,0,1,0,0,0,12192.0,2,1,1,1,0,0,1,3,7.1,269.3,0,0,0,0,0,1
384000,89.672,0.0,0,0,1,0,17.014,0.0,0,0,1,0,2.552,-0.092,0,0.0,0,0,1,1,0,1,0,1,0,0,0,12192.0,2,1,1,1,0,0,1,3,6.8,272.2,0,0,0,0,0,1
384100,89.672,0.0,0,0,0,0,17.014,0.0,0,0,0,0,2.548,0.0,0,0.0,0,0,0,0,0,1,0,1,0,0,0,12192.0,2,1,1,0,1,0,1,3,7.4,271.5,0,0,0,0,0,1
384200,89.672,0.0,0,0,0,0,17.014,0.0,0,0,0,0,2.548,0.0,0,0.0,0,0,0,0,0,1,0,1,1,1,0,12192.0,2,1,1,0,1,0,1,3,6.9,267.8,0,0,0,0,0,1
384300,89.672,0.0,0,0,0,0,17.014,0.0,0,0,0,0,2.548,0.0,0,0.0,0,0,0,0,0,1,0,1,1,1,0,12192.0,2,1,1,0,1,0,1,3,7.2,269.9,0,0,0,0,0,1
384400,89.672,0.0,0,0,0,0,17.014,0.0,0,0,0,0,2.548,0.0,0,0.0,0,0,0,0,0,1,0,1,1,1,0,12192.0,2,1,1,0,1,0,1,3,7.0,269.0,0,0,0,0,0,1
384500,89.672,0.0,0,0,0,0,17.014,0.0,0,0,0,0,2.548,0.0,0,0.0,0,0,0,0,0,1,0,1,1,1,0,12192.0,2,1,1,0,1,0,1,3,7.1,269.1,0,0,0,0,0,1
384600,89.672,0.0,0,0,0,0,17.014,0.0,0,0,0,0,2.548,0.0,0,0.0,0,0,0,0,0,1,0,1,1,1,0,12192.0,2,1,1,0,1,0,1,3,6.9,271.0,0,0,0,0,0,1
384700,89.672,0.0,0,0,0,0,17.014,0.0,0,0,0,0,2.548,0.0,0,0.0,0,0,0,0,0,1,0,1,1,1,0,12192.0,2,1,1,0,1,0,1,3,7.6,269.8,0,0,0,0,0,1
384800,89.672,0.0,0,0,0,0,17.014,0.0,0,0,0,0,2.548,0.0,0,0.0,0,0,0,0,0,1,0,1,1,1,0,12192.0,2,1,1,0,1,0,1,3,8.1,271.1,0,0,0,0,0,1
384900,89.672,0.0,0,0,0,0,17.014,0.0,0,0,0,0,2.548,0.0,0,0.0,0,0,0,0,0,1,0,1,1,1,0,12192.0,2,1,1,0,1,0,1,3,7.5,272.7,0,0,0,0,0,1
385000,89.672,0.0,0,0,0,0,17.014,0.0,0,0,0,0,2.548,0.0,0,0.0,0,0,0,0,0,1,0,1,1,1,0,12192.0,2,1,1,0,1,0,1,3,8.2,269.1,0,0,0,0,0,1
385100,89.672,0.0,0,0,0,0,17.014,0.0,0,0,0,0,2.548,0.0,0,0.0,0,0,0,0,0,1,0,1,1,1,0,12192.0,2,1,1,0,1,0,1,3,7.8,266.3,0,0,0,0,0,1
385200,89.672,0.0,0,0,0,0,17.014,0.0,0,0,0,0,2.548,0.0,0,32.17,0,0,0,0,0,1,1,0,1,1,0,12192.0,2,1,1,0,1,0,1,3,8.2,271.2,0,0,0,0,0,1
385300,89.672,0.0,0,0,0,0,17.014,0.0,0,0,0,0,2.548,0.0,0,31.77,0,0,0,0,0,1,1,0,1,1,0,12192.0,2,1,1,0,1,0,1,3,8.3,271.3,0,0,0,0,0,1
385400,89.672,0.0,0,0,0,0,17.014,0.0,0,0,0,0,2.548,0.0,0,32.27,0,0,0,0,0,1,1,0,1,1,0,12192.0,2,1,1,0,1,0,1,3,8.5,272.0,0,0,0,0,0,1
385500,89.672,0.0,0,0,0,0,17.014,0.0,0,0,0,0,2.548,0.0,0,32.15,0,0,0,0,0,1,1,0,1,1,0,12192.0,2,1,1,0,1,0,1,3,7.8,270.4,0,0,0,0,0,1
385600,89.672,0.0,0,0,0,0,17.014,0.0,0,0,0,0,2.548,0.0,0,32.06,0,0,0,0,0,1,1,0,1,1,0,12192.0,2,1,1,0,1,0,1,3,7.7,271.3,0,0,0,0,0,1
385700,89.672,0.0,0,0,0,0,17.014,0.0,0,0,0,0,2.548,0.0,0,31.96,0,0,0,0,0,1,1,0,1,1,0,12192.0,2,1,1,0,1,0,1,3,8.6,267.5,0,0,0,0,0,1
385800,89.672,0.0,0,0,0,0,17.014,0.0,0,0,0,0,2.548,0.0,0,32.0,0,0,0,0,0,1,1,0,1,1,0,12192.0,2,1,1,0,1,0,1,3,7.4,268.9,0,0,0,0,0,1
385900,89.672,0.0,0,0,0,0,17.014,0.0,0,0,0,0,2.548,0.0,0,32.03,0,0,0,0,0,1,1,0,1,1,0,12192.0,2,1,1,0,1,0,1,3,8.4,272.9,0,0,0,0,0,1
386000,89.672,0.0,0,0,0,0,17.014,0.0,0,0,0,0,2.548,0.0,0,31.97,0,0,0,0,0,1,1,0,1,1,0,12192.0,2,1,1,0,1,0,1,3,7.6,270.5,0,0,0,0,0,1
386100,89.672,0.0,0,0,0,0,17.014,0.0,0,0,0,0,2.548,0.0,0,31.88,0,0,0,0,0,1,1,0,1,1,0,12192.0,2,1,1,0,1,0,1,3,8.0,268.6,0,0,0,0,0,1
386200,89.672,0.0,0,0,0,0,17.014,0.0,0,0,0,0,2.548,0.0,0,31.78,0,0,0,0,0,1,1,0,1,1,0,12192.0,2,1,1,0,1,0,1,3,7.6,273.1,0,0,0,0,0,1
386300,89.672,0.0,0,0,0,0,17.014,0.0,0,0,0,0,2.548,0.0,0,31.98,0,0,0,0,0,1,1,0,1,1,0,12192.0,2,1,1,0,1,0,1,3,8.1,268.0,0,0,0,0,0,1
386400,89.672,0.0,0,0,0,0,17.014,0.0,0,0,0,0,2.548,0.0,0,32.21,0,0,0,0,0,1,1,0,1,1,0,12192.0,2,1,1,0,1,0,1,3,7.9,269.2,0,0,0,0,0,1
386500,89.672,0.0,0,0,0,0,17.014,0.0,0,0,0,0,2.548,0.0,0,32.12,0,0,0,0,0,1,1,0,1,1,0,12192.0,2,1,1,0,1,0,1,3,7.8,269.8,0,0,0,0,0,1
386600,89.672,0.0,0,0,0,0,17.014,0.0,0,0,0,0,2.548,0.0,0,31.98,0,0,0,0,0,1,1,0,1,1,0,12192.0,2,1,1,0,1,0,1,3,8.1,271.9,0,0,0,0,0,1
386700,89.672,0.0,0,0,0,0,17.014,0.0,0,0,0,0,2.548,0.0,0,31.93,0,0,0,0,0,1,1,0,1,1,0,12192.0,2,1,1,0,1,0,1,3,7.6,269.6,0,0,0,0,0,1
386800,89.672,0.0,0,0,0,0,17.014,0.0,0,0,0,0,2.548,0.0,0,31.82,0,0,0,0,0,1,1,0,1,1,0,12192.0,2,1,1,0,1,0,1,3,8.7,270.7,0,0,0,0,0,1
386900,89.672,0.0,0,0,0,0,17.014,0.0,0,0,0,0,2.548,0.0,0,32.01,0,0,0,0,0,1,1,0,1,1,0,12192.0,2,1,1,0,1,0,1,3,7.6,272.0,0,0,0,0,0,1
387000,89.672,0.0,0,0,0,0,17.014,0.0,0,0,0,0,2.548,0.0,0,31.91,0,0,0,0,0,1,1,0,1,1,0,12192.0,2,1,1,0,1,0,1,3,8.9,269.5,0,0,0,0,0,1
387100,89.672,0.0,0,0,1,0,17.014,0.0,0,0,1,0,2.553,0.05,1,33.53,0,0,1,1,0,1,1,0,0,1,0,12192.0,2,1,1,1,0,0,1,3,8.3,270.4,0,0,0,0,0,1
387200,89.672,0.0,0,0,1,0,17.014,0.0,0,0,1,0,2.563,0.101,1,33.72,0,0,1,1,0,1,1,0,0,1,0,12192.0,2,1,1,1,0,0,1,3,8.2,267.2,0,0,0,0,0,1
387300,89.672,0.0,0,0,1,0,17.014,0.0,0,0,1,0,2.578,0.151,1,33.79,0,0,1,1,0,1,1,0,0,1,0,12192.0,2,1,1,1,0,0,1,3,8.5,270.8,0,0,0,0,0,1
387400,89.672,0.0,0,0,1,0,17.014,0.0,0,0,1,0,2.598,0.201,1,33.65,0,0,1,1,0,1,1,0,0,1,0,12192.0,2,1,1,1,0,0,1,3,8.4,270.2,0,0,0,0,0,1
387500,89.672,0.0,0,0,1,0,17.014,0.0,0,0,1,0,2.623,0.251,1,33.58,0,0,1,1,0,1,1,0,0,1,0,12192.0,2,1,1,1,0,0,1,3,9.0,264.6,0,0,0,0,0,1
387600,89.672,0.0,0,0,1,0,17.014,0.0,0,0,1,0,2.653,0.302,1,33.66,0,0,1,1,0,1,1,0,0,1,0,12192.0,2,1,1,1,0,0,1,3,8.2,274.4,0,0,0,0,0,1
387700,89.672,0.0,0,0,1,0,17.014,0.0,0,0,1,0,2.689,0.352,1,33.56,0,0,1,1,0,1,1,0,0,1,0,12192.0,2,1,1,1,0,0,1,3,9.0,266.6,0,0,0,0,0,1
387800,89.672,0.0,0,0,1,0,17.014,0.0,0,0,1,0,2.729,0.402,1,33.79,0,0,1,1,0,1,1,0,0,1,0,12192.0,2,1,1,1,0,0,1,3,8.6,270.7,0,0,0,0,0,1
387900,89.672,0.0,0,0,1,0,17.014,0.0,0,0,1,0,2.774,0.452,1,33.68,0,0,1,1,0,1,1,0,0,1,0,12192.0,2,1,1,1,0,0,1,3,8.6,274.2,0,0,0,0,0,1
388000,89.672,0.0,0,0,1,0,17.014,0.0,0,0,1,0,2.824,0.503,1,33.54,0,0,1,1,0,1,1,0,0,1,0,12192.0,2,1,1,1,0,0,1,3,8.4,275.5,0,0,0,0,0,1
388100,89.672,0.0,0,0,1,0,17.014,0.0,0,0,1,0,2.88,0.553,1,33.7,0,0,1,1,0,1,1,0,0,1,0,12192.0,2,1,1,1,0,0,1,3,8.6,266.0,0,0,0,0,0,1
388200,89.672,0.0,0,0,1,0,17.014,0.0,0,0,1,0,2.94,0.603,1,33.46,0,0,1,1,0,1,1,0,0,1,0,12192.0,2,1,1,1,0,0,1,3,9.3,270.2,0,0,0,0,0,1
388300,89.672,0.0,0,0,1,0,17.014,0.0,0,0,1,0,3.005,0.654,1,33.65,0,0,1,1,0,1,1,0,0,1,0,12192.0,2,1,1,1,0,0,1,3,8.3,271.9,0,0,0,0,0,1
388400,89.672,0.0,0,0,1,0,17.014,0.0,0,0,1,0,3.076,0.704,1,33.68,0,0,1,1,0,1,1,0,0,1,0,12192.0,2,1,1,1,0,0,1,3,8.4,273.8,0,0,0,0,0,1
388500,89.672,0.0,0,0,1,0,17.014,0.0,0,0,1,0,3.151,0.754,1,33.75,0,0,1,1,0,1,1,0,0,1,0,12192.0,2,1,1,1,0,0,1,3,8.1,269.8,0,0,0,0,0,1
388600,89.672,0.0,0,0,1,0,17.014,0.0,0,0,1,0,3.232,0.804,1,33.54,0,0,1,1,0,1,1,0,0,1,0,12192.0,2,1,1,1,0,0,1,3,9.0,269.6,0,0,0,0,0,1
388700,89.672,0.0,0,0,1,0,17.014,0.0,0,0,1,0,3.317,0.855,1,33.8,0,0,1,1,0,1,1,0,0,1,0,12192.0,2,1,1,1,0,0,1,3,9.2,272.2,0,0,0,0,0,1
388800,89.672,0.0,0,0,1,0,17.014,0.0,0,0,1,0,3.407,0.905,1,33.61,0,0,1,1,0,1,1,0,0,1,0,12192.0,2,1,1,1,0,0,1,3,7.9,274.8,0,0,0,0,0,1
388900,89.672,0.0,0,0,1,0,17.014,0.0,0,0,1,0,3.503,0.955,1,33.35,0,0,1,1,0,1,1,0,0,1,0,12192.0,2,1,1,1,0,0,1,3,9.5,270.5,0,0,0,0,0,1
389000,89.672,0.0,0,0,1,0,17.014,0.0,0,0,1,0,3.604,1.005,1,33.65,0,0,1,1,0,1,1,0,0,1,0,12192.0,2,1,1,1,0,0,1,3,8.4,273.2,0,0,0,0,0,1
389100,89.672,0.0,0,0,1,0,17.014,0.0,0,0,1,0,3.709,1.056,1,33.5,0,0,1,1,0,1,1,0,0,1,0,12192.0,2,1,1,1,0,0,1,3,8.6,270.0,0,0,0,0,0,1
389200,89.672,0.0,0,0,1,0,17.014,0.0,0,0,1,0,3.82,1.106,1,33.63,0,0,1,1,0,1,1,0,0,1,0,12192.0,2,1,1,1,0,0,1,3,8.6,268.2,0,0,0,0,0,1
389300,89.672,0.0,0,0,1,0,17.014,0.0,0,0,1,0,3.935,1.156,1,33.59,0,0,1,1,0,1,1,0,0,1,0,12192.0,2,1,1,1,0,0,1,3,8.9,267.6,0,0,0,0,0,1
389400,89.672,0.0,0,0,1,0,17.014,0.0,0,0,1,0,4.056,1.207,1,33.87,0,0,1,1,0,1,1,0,0,1,0,12192.0,2,1,1,1,0,0,1,3,8.0,267.5,0,0,0,0,0,1
389500,89.672,0.0,0,0,1,0,17.014,0.0,0,0,1,0,4.182,1.257,1,33.77,0,0,1,1,0,1,1,0,0,1,0,12192.0,2,1,1,1,0,0,1,3,8.4,267.1,0,0,0,0,0,1
389600,89.672,0.0,0,0,1,0,17.014,0.0,0,0,1,0,4.312,1.302,1,33.86,0,0,1,1,0,1,1,0,0,1,0,12192.0,2,1,1,1,0,0,1,3,8.4,268.7,0,0,0,0,0,1
389700,89.672,0.0,0,0,1,0,17.014,0.0,0,0,1,0,4.442,1.302,1,33.66,0,0,1,1,0,1,1,0,0,1,0,12192.0,2,1,1,1,0,0,1,3,8.1,268.2,0,0,0,0,0,1
389800,89.672,0.0,0,0,1,0,17.014,0.0,0,0,1,0,4.572,1.302,1,33.62,0,0,1,1,0,1,1,0,0,1,0,12192.0,2,1,1,1,0,0,1,3,8.4,272.1,0,0,0,0,0,1
389900,89.672,0.0,0,0,1,0,17.014,0.0,0,0,1,0,4.703,1.302,1,33.56,0,0,1,1,0,1,1,0,0,1,0,12192.0,2,1,1,1,0,0,1,3,8.6,275.2,0,0,0,0,0,1
390000,89.672,0.0,0,0,1,0,17.014,0.0,0,0,1,0,4.833,1.302,1,33.74,0,0,1,1,0,1,1,0,0,1,0,12192.0,2,1,1,1,0,0,1,3,8.2,265.9,0,0,0,0,0,1
390100,89.672,0.0,0,0,1,0,17.014,0.0,0,0,1,0,4.963,1.302,1,33.66,0,0,1,1,0,1,1,0,0,1,0,12192.0,2,1,1,1,0,0,1,3,7.5,270.1,0,0,0,0,0,1
390200,89.672,0.0,0,0,1,0,17.014,0.0,0,0,1,0,5.093,1.302,1,33.45,0,0,1,1,0,1,1,0,0,1,0,12192.0,2,1,1,1,0,0,1,3,8.4,270.5,0,0,0,0,0,1
390300,89.672,0.0,0,0,1,0,17.014,0.0,0,0,1,0,5.224,1.302,1,33.67,0,0,1,1,0,1,1,0,0,1,0,12192.0,2,1,1,1,0,0,1,3,7.8,272.4,0,0,0,0,0,1
390400,89.672,0.0,0,0,1,0,17.014,0.0,0,0,1,0,5.354,1.302,1,33.78,0,0,1,1,0,1,1,0,0,1,0,12192.0,2,1,1,1,0,0,1,3,7.4,268.4,0,0,0,0,0,1
390500,89.672,0.0,0,0,1,0,17.014,0.0,0,0,1,0,5.484,1.302,1,33.57,0,0,1,1,0,1,1,0,0,1,0,12192.0,2,1,1,1,0,0,1,3,8.1,273.0,0,0,0,0,0,1
390600,89.672,0.0,0,0,1,0,17.014,0.0,0,0,1,0,5.614,1.302,1,33.57,0,0,1,1,0,1,1,0,0,1,0,12192.0,2,1,1,1,0,0,1,3,8.4,271.5,0,0,0,0,0,1
390700,89.672,0.0,0,0,1,0,17.014,0.0,0,0,1,0,5.744,1.302,1,33.56,0,0,1,1,0,1,1,0,0,1,0,12192.0,2,1,1,1,0,0,1,3,8.1,268.7,0,0,0,0,0,1
390800,89.672,0.0,0,0,1,0,17.014,0.0,0,0,1,0,5.875,1.302,1,33.65,0,0,1,1,0,1,1,0,0,1,0,12192.0,2,1,1,1,0,0,1,3,8.4,268.9,0,0,0,0,0,1
390900,89.672,0.0,0,0,1,0,17.014,0.0,0,0,1,0,6.005,1.302,1,33.85,0,0,1,1,0,1,1,0,0,1,0,12192.0,2,1,1,1,0,0,1,3,7.2,270.5,0,0,0,0,0,1
391000,89.672,0.0,0,0,1,0,17.014,0.0,0,0,1,0,6.135,1.302,1,33.5,0,0,1,1,0,1,1,0,0,1,0,12192.0,2,1,1,1,0,0,1,3,8.0,269.4,0,0,0,0,0,1
391100,89.672,0.0,0,0,1,0,17.014,0.0,0,0,1,0,6.265,1.302,1,33.77,0,0,1,1,0,1,1,0,0,1,0,12192.0,2,1,1,1,0,0,1,3,7.6,270.5,0,0,0,0,0,1
391200,89.672,0.0,0,0,1,0,17.014,0.0,0,0,1,0,6.396,1.302,1,33.41,0,0,1,1,0,1,1,0,0,1,0,12192.0,2,1,1,1,0,0,1,3,7.7,269.3,0,0,0,0,0,1
391300,89.672,0.0,0,0,1,0,17.014,0.0,0,0,1,0,6.526,1.302,1,33.56,0,0,1,1,0,1,1,0,0,1,0,12192.0,2,1,1,1,0,0,1,3,7.1,268.9,0,0,0,0,0,1
391400,89.672,0.0,0,0,1,0,17.014,0.0,0,0,1,0,6.656,1.302,1,33.62,0,0,1,1,0,1,1,0,0,1,0,12192.0,2,1,1,1,0,0,1,3,8.3,271.7,0,0,0,0,0,1
391500,89.672,0.0,0,0,1,0,17.014,0.0,0,0,1,0,6.786,1.302,1,33.61,0,0,1,1,0,1,1,0,0,1,0,12192.0,2,1,1,1,0,0,1,3,7.8,272.2,0,0,0,0,0,1
391600,89.672,0.0,0,0,1,0,17.014,0.0,0,0,1,0,6.916,1.302,1,33.78,0,0,1,1,0,1,1,0,0,1,0,12192.0,2,1,1,1,0,0,1,3,7.7,272.2,0,0,0,0,0,1
391700,89.672,0.0,0,0,1,0,17.014,0.0,0,0,1,0,7.047,1.302,1,33.58,0,0,1,1,0,1,1,0,0,1,0,12192.0,2,1,1,1,0,0,1,3,7.1,273.4,0,0,0,0,0,1
391800,89.672,0.0,0,0,1,0,17.014,0.0,0,0,1,0,7.177,1.302,1,33.78,0,0,1,1,0,1,1,0,0,1,0,12192.0,2,1,1,1,0,0,1,3,6.6,273.0,0,0,0,0,0,1
391900,89.672,0.0,0,0,1,0,17.014,0.0,0,0,1,0,7.307,1.302,1,33.73,0,0,1,1,0,1,1,0,0,1,0,12192.0,2,1,1,1,0,0,1,3,6.9,271.2,0,0,0,0,0,1
392000,89.672,0.0,0,0,1,0,17.014,0.0,0,0,1,0,7.437,1.302,1,33.55,0,0,1,1,0,1,1,0,0,1,0,12192.0,2,1,1,1,0,0,1,3,8.2,268.2,0,0,0,0,0,1
392100,89.672,0.0,0,0,1,0,17.014,0.0,0,0,1,0,7.568,1.302,1,33.39,0,0,1,1,0,1,1,0,0,1,0,12192.0,2,1,1,1,0,0,1,3,7.2,270.8,0,0,0,0,0,1
392200,89.672,0.0,0,0,1,0,17.014,0.0,0,0,1,0,7.698,1.302,1,33.72,0,0,1,1,0,1,1,0,0,1,0,12192.0,2,1,1,1,0,0,1,3,7.1,272.5,0,0,0,0,0,1
392300,89.672,0.0,0,0,1,0,17.014,0.0,0,0,1,0,7.828,1.302,1,33.48,0,0,1,1,0,1,1,0,0,1,0,12192.0,2,1,1,1,0,0,1,3,8.3,270.9,0,0,0,0,0,1
392400,89.672,0.0,0,0,1,0,17.014,0.0,0,0,1,0,7.958,1.302,1,33.69,0,0,1,1,0,1,1,0,0,1,0,12192.0,2,1,1,1,0,0,1,3,7.8,268.2,0,0,0,0,0,1
392500,89.672,0.0,0,0,1,0,17.014,0.0,0,0,1,0,8.089,1.302,1,33.49,0,0,1,1,0,1,1,0,0,1,0,12192.0,2,1,1,1,0,0,1,3,7.4,269.2,0,0,0,0,0,1
392600,89.672,0.0,0,0,1,0,17.014,0.0,0,0,1,0,8.219,1.302,1,33.52,0,0,1,1,0,1,1,0,0,1,0,12192.0,2,1,1,1,0,0,1,3,6.3,270.5,0,0,0,0,0,1
392700,89.672,0.0,0,0,1,0,17.014,0.0,0,0,1,0,8.349,1.302,1,33.54,0,0,1,1,0,1,1,0,0,1,0,12192.0,2,1,1,1,0,0,1,3,7.8,269.2,0,0,0,0,0,1
392800,89.672,0.0,0,0,1,0,17.014,0.0,0,0,1,0,8.479,1.302,1,33.6,0,0,1,1,0,1,1,0,0,1,0,12192.0,2,1,1,1,0,0,1,3,7.9,270.1,0,0,0,0,0,1
392900,89.672,0.0,0,0,1,0,17.014,0.0,0,0,1,0,8.609,1.302,1,33.69,0,0,1,1,0,1,1,0,0,1,0,12192.0,2,1,1,1,0,0,1,3,7.2,270.7,0,0,0,0,0,1
393000,89.672,0.0,0,0,1,0,17.014,0.0,0,0,1,0,8.74,1.302,1,33.53,0,0,1,1,0,1,1,0,0,1,0,12192.0,2,1,1,1,0,0,1,3,8.0,269.2,0,0,0,0,0,1
393100,89.672,0.0,0,0,1,0,17.014,0.0,0,0,1,0,8.87,1.302,1,33.49,0,0,1,1,0,1,1,0,0,1,0,12192.0,2,1,1,1,0,0,1,3,6.9,271.6,0,0,0,0,0,1
393200,89.672,0.0,0,0,1,0,17.014,0.0,0,0,1,0,9.0,1.302,1,33.64,0,0,1,1,0,1,1,0,0,1,0,12192.0,2,1,1,1,0,0,1,3,7.5,273.3,0,0,0,0,0,1
393300,89.672,0.0,0,0,1,0,17.014,0.0,0,0,1,0,9.13,1.302,1,33.47,0,0,1,1,0,1,1,0,0,1,0,12192.0,2,1,1,1,0,0,1,3,8.6,274.5,0,0,0,0,0,1
393400,89.672,0.0,0,0,1,0,17.014,0.0,0,0,1,0,9.261,1.302,1,33.56,0,0,1,1,0,1,1,0,0,1,0,12192.0,2,1,1,1,0,0,1,3,7.8,267.4,0,0,0,0,0,1
393500,89.672,0.0,0,0,1,0,17.014,0.0,0,0,1,0,9.391,1.302,1,33.61,0,0,1,1,0,1,1,0,0,1,0,12192.0,2,1,1,1,0,0,1,3,7.7,268.0,0,0,0,0,0,1
393600,89.672,0.0,0,0,1,0,17.014,0.0,0,0,1,0,9.521,1.302,1,33.56,0,0,1,1,0,1,1,0,0,1,0,12192.0,2,1,1,1,0,0,1,3,7.2,268.0,0,0,0,0,0,1
393700,89.672,0.0,0,0,1,0,17.014,0.0,0,0,1,0,9.651,1.302,1,33.45,0,0,1,1,0,1,1,0,0,1,0,12192.0,2,1,1,1,0,0,1,3,7.8,274.9,0,0,0,0,0,1
393800,89.672,0.0,0,0,1,0,17.014,0.0,0,0,1,0,9.782,1.302,1,33.56,0,0,1,1,0,1,1,0,0,1,0,12192.0,2,1,1,1,0,0,1,3,7.0,268.5,0,0,0,0,0,1
393900,89.672,0.0,0,0,1,0,17.014,0.0,0,0,1,0,9.912,1.302,1,33.83,0,0,1,1,0,1,1,0,0,1,0,12192.0,2,1,1,1,0,0,1,3,7.4,265.9,0,0,0,0,0,1
394000,89.672,0.0,0,0,1,0,17.014,0.0,0,0,1,0,10.042,1.302,1,33.6,0,0,1,1,0,1,1,0,0,1,0,12192.0,2,1,1,1,0,0,1,3,6.9,272.1,0,0,0,0,0,1
394100,89.672,0.0,0,0,1,0,17.014,0.0,0,0,1,0,10.172,1.302,1,33.75,0,0,1,1,0,1,1,0,0,1,0,12192.0,2,1,1,1,0,0,1,3,7.6,272.8,0,0,0,0,0,1
394200,89.672,0.0,0,0,1,0,17.014,0.0,0,0,1,0,10.302,1.302,1,33.72,0,0,1,1,0,1,1,0,0,1,0,12192.0,2,1,1,1,0,0,1,3,8.3,269.1,0,0,0,0,0,1
394300,89.672,0.0,0,0,1,0,17.014,0.0,0,0,1,0,10.433,1.302,1,33.59,0,0,1,1,0,1,1,0,0,1,0,12192.0,2,1,1,1,0,0,1,3,7.0,271.4,0,0,0,0,0,1
394400,89.672,0.0,0,0,1,0,17.014,0.0,0,0,1,0,10.563,1.302,1,33.78,0,0,1,1,0,1,1,0,0,1,0,12192.0,2,1,1,1,0,0,1,3,7.6,269.6,0,0,0,0,0,1
394500,89.672,0.0,0,0,1,0,17.014,0.0,0,0,1,0,10.693,1.302,1,33.68,0,0,1,1,0,1,1,0,0,1,0,12192.0,2,1,1,1,0,0,1,3,8.0,266.9,0,0,0,0,0,1
394600,89.672,0.0,0,0,1,0,17.014,0.0,0,0,1,0,10.823,1.302,1,33.45,0,0,1,1,0,1,1,0,0,1,0,12192.0,2,1,1,1,0,0,1,3,8.5,271.2,0,0,0,0,0,1
394700,89.672,0.0,0,0,1,0,17.014,0.0,0,0,1,0,10.954,1.302,1,33.58,0,0,1,1,0,1,1,0,0,1,0,12192.0,2,1,1,1,0,0,1,3,7.8,266.7,0,0,0,0,0,1
394800,89.672,0.0,0,0,1,0,17.014,0.0,0,0,1,0,11.084,1.302,1,33.58,0,0,1,1,0,1,1,0,0,1,0,12192.0,2,1,1,1,0,0,1,3,7.4,265.7,0,0,0,0,0,1
394900,89.672,0.0,0,0,1,0,17.014,0.0,0,0,1,0,11.214,1.302,1,33.6,0,0,1,1,0,1,1,0,0,1,0,12192.0,2,1,1,1,0,0,1,3,8.2,269.7,0,0,0,0,0,1
395000,89.672,0.0,0,0,1,0,17.014,0.0,0,0,1,0,11.344,1.302,1,33.84,0,0,1,1,0,1,1,0,0,1,0,12192.0,2,1,1,1,0,0,1,3,7.7,267.4,0,0,0,0,0,1
395100,89.672,0.0,0,0,1,0,17.014,0.0,0,0,1,0,11.474,1.302,1,33.68,0,0,1,1,0,1,1,0,0,1,0,12192.0,2,1,1,1,0,0,1,3,7.4,269.6,0,0,0,0,0,1
395200,89.672,0.0,0,0,1,0,17.014,0.0,0,0,1,0,11.605,1.302,1,33.59,0,0,1,1,0,1,1,0,0,1,0,12192.0,2,1,1,1,0,0,1,3,8.7,267.1,0,0,0,0,0,1
395300,89.672,0.0,0,0,1,0,17.014,0.0,0,0,1,0,11.735,1.302,1,33.69,0,0,1,1,0,1,1,0,0,1,0,12192.0,2,1,1,1,0,0,1,3,8.6,269.3,0,0,0,0,0,1
395400,89.672,0.0,0,0,1,0,17.014,0.0,0,0,1,0,11.86,1.252,1,30.42,0,0,1,1,0,1,1,0,0,1,0,12192.0,2,1,1,1,0,0,1,3,7.6,271.5,0,0,0,0,0,1
395500,89.672,0.0,0,0,1,0,17.014,0.0,0,0,1,0,11.98,1.202,1,30.45,0,0,1,1,0,1,1,0,0,1,0,12192.0,2,1,1,1,0,0,1,3,9.0,267.6,0,0,0,0,0,1
395600,89.672,0.0,0,0,1,0,17.014,0.0,0,0,1,0,12.095,1.151,1,30.31,0,0,1,1,0,1,1,0,0,1,0,12192.0,2,1,1,1,0,0,1,3,8.4,274.6,0,0,0,0,0,1
395700,89.672,0.0,0,0,1,0,17.014,0.0,0,0,1,0,12.206,1.101,1,30.28,0,0,1,1,0,1,1,0,0,1,0,12192.0,2,1,1,1,0,0,1,3,8.0,268.8,0,0,0,0,0,1
395800,89.672,0.0,0,0,1,0,17.014,0.0,0,0,1,0,12.311,1.051,1,30.41,0,0,1,1,0,1,1,0,0,1,0,12192.0,2,1,1,1,0,0,1,3,8.1,267.8,0,0,0,0,0,1
395900,89.672,0.0,0,0,1,0,17.014,0.0,0,0,1,0,12.411,1.001,1,30.49,0,0,1,1,0,1,1,0,0,1,0,12192.0,2,1,1,1,0,0,1,3,8.5,274.0,0,0,0,0,0,1
396000,89.672,0.0,0,0,1,0,17.014,0.0,0,0,1,0,12.506,0.95,1,30.4,0,0,1,1,0,1,1,0,0,1,0,12192.0,2,1,1,1,0,0,1,3,8.0,275.8,0,0,0,0,0,1
396100,89.672,0.0,0,0,1,0,17.014,0.0,0,0,1,0,12.596,0.9,1,30.31,0,0,1,1,0,1,1,0,0,1,0,12192.0,2,1,1,1,0,0,1,3,8.3,266.7,0,0,0,0,0,1
396200,89.672,0.0,0,0,1,0,17.014,0.0,0,0,1,0,12.681,0.85,1,30.25,0,0,1,1,0,1,1,0,0,1,0,12192.0,2,1,1,1,0,0,1,3,8.1,271.1,0,0,0,0,0,1
396300,89.672,0.0,0,0,1,0,17.014,0.0,0,0,1,0,12.761,0.8,1,30.45,0,0,1,1,0,1,1,0,0,1,0,12192.0,2,1,1,1,0,0,1,3,8.3,270.4,0,0,0,0,0,1
396400,89.672,0.0,0,0,1,0,17.014,0.0,0,0,1,0,12.836,0.749,1,30.47,0,0,1,1,0,1,1,0,0,1,0,12192.0,2,1,1,1,0,0,1,3,8.7,263.6,0,0,0,0,0,1
396500,89.672,0.0,0,0,1,0,17.014,0.0,0,0,1,0,12.906,0.699,1,30.28,0,0,1,1,0,1,1,0,0,1,0,12192.0,2,1,1,1,0,0,1,3,8.4,272.0,0,0,0,0,0,1
396600,89.672,0.0,0,0,1,0,17.014,0.0,0,0,1,0,12.97,0.649,1,30.37,0,0,1,1,0,1,1,0,0,1,0,12192.0,2,1,1,1,0,0,1,3,8.7,268.9,0,0,0,0,0,1
396700,89.672,0.0,0,0,1,0,17.014,0.0,0,0,1,0,13.03,0.598,1,30.25,0,0,1,1,0,1,1,0,0,1,0,12192.0,2,1,1,1,0,0,1,3,9.1,266.5,0,0,0,0,0,1
396800,89.672,0.0,0,0,1,0,17.014,0.0,0,0,1,0,13.085,0.548,1,30.45,0,0,1,1,0,1,1,0,0,1,0,12192.0,2,1,1,1,0,0,1,3,8.4,272.1,0,0,0,0,0,1
396900,89.672,0.0,0,0,1,0,17.014,0.0,0,0,1,0,13.135,0.498,1,30.31,0,0,1,1,0,1,1,0,0,1,0,12192.0,2,1,1,1,0,0,1,3,8.6,270.5,0,0,0,0,0,1
397000,89.672,0.0,0,0,1,0,17.014,0.0,0,0,1,0,13.185,0.5,1,33.81,0,0,1,1,0,1,1,0,0,1,0,12192.0,2,1,1,1,0,0,1,3,9.3,268.1,0,0,0,0,0,1
397100,89.672,0.0,0,0,1,0,17.014,0.0,0,0,1,0,13.23,0.447,1,30.3,0,0,1,1,0,1,1,0,0,1,0,12192.0,2,1,1,1,0,0,1,3,8.4,269.6,0,0,0,0,0,1
397200,89.672,0.0,0,0,1,0,17.014,0.0,0,0,1,0,13.269,0.393,1,30.48,0,0,1,1,0,1,1,0,0,1,0,12192.0,2,1,1,1,0,0,1,3,9.1,271.1,0,0,0,0,0,1
397300,89.672,0.0,0,0,1,0,17.014,0.0,0,0,1,0,13.303,0.34,1,30.54,0,0,1,1,0,1,1,0,0,1,0,12192.0,2,1,1,1,0,0,1,3,8.3,272.3,0,0,0,0,0,1
397400,89.672,0.0,0,0,1,0,17.014,0.0,0,0,1,0,13.331,0.285,1,30.53,0,0,1,1,0,1,1,0,0,1,0,12192.0,2,1,1,1,0,0,1,3,8.4,269.1,0,0,0,0,0,1
397500,89.672,0.0,0,0,1,0,17.014,0.0,0,0,1,0,13.354,0.229,1,30.23,0,0,1,1,0,1,1,0,0,1,0,12192.0,2,1,1,1,0,0,1,3,8.8,266.4,0,0,0,0,0,1
397600,89.672,0.0,0,0,1,0,17.014,0.0,0,0,1,0,13.371,0.172,1,30.43,0,0,1,1,0,1,1,0,0,1,0,12192.0,2,1,1,1,0,0,1,3,8.8,268.4,0,0,0,0,0,1
397700,89.672,0.0,0,0,1,0,17.014,0.0,0,0,1,0,13.382,0.11,1,30.37,0,0,1,1,0,1,1,0,0,1,0,12192.0,2,1,1,1,0,0,1,3,8.7,269.1,0,0,0,0,0,1
397800,89.672,0.0,0,0,0,0,17.014,0.0,0,0,0,0,13.388,0.0,0,32.05,0,0,0,0,0,1,1,0,0,1,0,12192.0,2,1,1,0,1,0,1,3,8.0,269.6,0,0,0,0,0,1
397900,89.67,-0.015,0,1,1,0,17.009,-0.057,0,1,1,0,13.388,0.0,0,32.05,0,0,0,1,0,1,1,0,0,1,0,12192.0,2,1,1,1,0,0,1,3,8.0,269.5,0,0,0,0,0,1
398000,89.667,-0.029,0,1,1,0,16.997,-0.114,0,1,1,0,13.388,0.0,0,31.95,0,0,0,1,0,1,1,0,0,1,0,12192.0,2,1,1,1,0,0,1,3,8.3,267.5,0,0,0,0,0,1
398100,89.663,-0.044,0,1,1,0,16.98,-0.171,0,1,1,0,13.388,0.0,0,31.97,0,0,0,1,0,1,1,0,0,1,0,12192.0,2,1,1,1,0,0,1,3,8.0,267.1,0,0,0,0,0,1
398200,89.657,-0.059,0,1,1,0,16.957,-0.228,0,1,1,0,13.388,0.0,0,31.95,0,0,0,1,0,1,1,0,0,1,0,12192.0,2,1,1,1,0,0,1,3,7.5,267.0,0,0,0,0,0,1
398300,89.65,-0.074,0,1,1,0,16.929,-0.286,0,1,1,0,13.388,0.0,0,31.92,0,0,0,1,0,1,1,0,0,1,0,12192.0,2,1,1,1,0,0,1,3,7.9,271.9,0,0,0,0,0,1
398400,89.641,-0.088,0,1,1,0,16.894,-0.343,0,1,1,0,13.388,0.0,0,32.12,0,0,0,1,0,1,1,0,0,1,0,12192.0,2,1,1,1,0,0,1,3,9.0,270.0,0,0,0,0,0,1
398500,89.63,-0.103,0,1,1,0,16.854,-0.4,0,1,1,0,13.388,0.0,0,31.93,0,0,0,1,0,1,1,0,0,1,0,12192.0,2,1,1,1,0,0,1,3,8.7,268.7,0,0,0,0,0,1
398600,89.619,-0.118,0,1,1,0,16.809,-0.457,0,1,1,0,13.388,0.0,0,32.03,0,0,0,1,0,1,1,0,0,1,0,12192.0,2,1,1,1,0,0,1,3,8.8,268.3,0,0,0,0,0,1
398700,89.605,-0.133,0,1,1,0,16.757,-0.514,0,1,1,0,13.388,0.0,0,31.82,0,0,0,1,0,1,1,0,0,1,0,12192.0,2,1,1,1,0,0,1,3,8.1,272.4,0,0,0,0,0,1
398800,89.591,-0.147,0,1,1,0,16.7,-0.571,0,1,1,0,13.388,0.0,0,32.15,0,0,0,1,0,1,1,0,0,1,0,12192.0,2,1,1,1,0,0,1,3,7.9,265.0,0,0,0,0,0,1
398900,89.574,-0.162,0,1,1,0,16.637,-0.628,0,1,1,0,13.388,0.0,0,32.2,0,0,0,1,0,1,1,0,0,1,0,12192.0,2,1,1,1,0,0,1,3,7.8,270.4,0,0,0,0,0,1
399000,89.557,-0.177,0,1,1,0,16.569,-0.685,0,1,1,0,13.388,0.0,0,31.89,0,0,0,1,0,1,1,0,0,1,0,12192.0,2,1,1,1,0,0,1,3,8.1,271.9,0,0,0,0,0,1
399100,89.538,-0.191,0,1,1,0,16.495,-0.742,0,1,1,0,13.388,0.0,0,32.02,0,0,0,1,0,1,1,0,0,1,0,12192.0,2,1,1,1,0,0,1,3,7.4,270.0,0,0,0,0,0,1
399200,89.517,-0.206,0,1,1,0,16.415,-0.8,0,1,1,0,13.388,0.0,0,31.97,0,0,0,1,0,1,1,0,0,1,0,12192.0,2,1,1,1,0,0,1,3,8.7,270.6,0,0,0,0,0,1
399300,89.495,-0.221,0,1,1,0,16.329,-0.857,0,1,1,0,13.388,0.0,0,31.99,0,0,0,1,0,1,1,0,0,1,0,12192.0,2,1,1,1,0,0,1,3,8.2,270.9,0,0,0,0,0,1
399400,89.471,-0.236,0,1,1,0,16.238,-0.914,0,1,1,0,13.388,0.0,0,32.04,0,0,0,1,0,1,1,0,0,1,0,12192.0,2,1,1,1,0,0,1,3,7.9,272.1,0,0,0,0,0,1
399500,89.446,-0.25,0,1,1,0,16.14,-0.971,0,1,1,0,13.388,0.0,0,32.04,0,0,0,1,0,1,1,0,0,1,0,12192.0,2,1,1,1,0,0,1,3,8.4,267.4,0,0,0,0,0,1
399600,89.42,-0.265,0,1,1,0,16.038,-1.028,0,1,1,0,13.388,0.0,0,31.96,0,0,0,1,0,1,1,0,0,1,0,12192.0,2,1,1,1,0,0,1,3,7.4,269.8,0,0,0,0,0,1
399700,89.392,-0.28,0,1,1,0,15.929,-1.085,0,1,1,0,13.388,0.0,0,32.08,0,0,0,1,0,1,1,0,0,1,0,12192.0,2,1,1,1,0,0,1,3,8.3,267.8,0,0,0,0,0,1
399800,89.362,-0.295,0,1,1,0,15.815,-1.142,0,1,1,0,13.388,0.0,0,32.03,0,0,0,1,0,1,1,0,0,1,0,12192.0,2,1,1,1,0,0,1,3,7.8,275.4,0,0,0,0,0,1
399900,89.331,-0.309,0,1,1,0,15.695,-1.199,0,1,1,0,13.388,0.0,0,32.02,0,0,0,1,0,1,1,0,0,1,0,12192.0,2,1,1,1,0,0,1,3,8.4,271.3,0,0,0,0,0,1
400000,89.299,-0.324,0,1,1,0,15.569,-1.256,0,1,1,0,13.388,0.0,0,32.2,0,0,0,1,0,1,1,0,0,1,0,12192.0,2,1,1,1,0,0,1,3,7.6,269.8,0,0,0,0,0,1
400100,89.265,-0.339,0,1,1,0,15.438,-1.314,0,1,1,0,13.388,0.0,0,31.94,0,0,0,1,0,1,1,0,0,1,0,12192.0,2,1,1,1,0,0,1,3,6.7,268.5,0,0,0,0,0,1
400200,89.23,-0.353,0,1,1,0,15.301,-1.371,0,1,1,0,13.388,0.0,0,32.0,0,0,0,1,0,1,1,0,0,1,0,12192.0,2,1,1,1,0,0,1,3,7.6,268.4,0,0,0,0,0,1
400300,89.193,-0.368,0,1,1,0,15.158,-1.428,0,1,1,0,13.388,0.0,0,32.04,0,0,0,1,0,1,1,0,0,1,0,12192.0,2,1,1,1,0,0,1,3,8.3,267.7,0,0,0,0,0,1
400400,89.155,-0.383,0,1,1,0,15.01,-1.485,0,1,1,0,13.388,0.0,0,31.91,0,0,0,1,0,1,1,0,0,1,0,12192.0,2,1,1,1,0,0,1,3,6.9,268.7,0,0,0,0,0,1
400500,89.115,-0.398,0,1,1,0,14.855,-1.542,0,1,1,0,13.388,0.0,0,32.1,0,0,0,1,0,1,1,0,0,1,0,12192.0,2,1,1,1,0,0,1,3,8.4,268.5,0,0,0,0,0,1
400600,89.074,-0.412,0,1,1,0,14.696,-1.599,0,1,1,0,13.388,0.0,0,31.82,0,0,0,1,0,1,1,0,0,1,0,12192.0,2,1,1,1,0,0,1,3,8.3,273.1,0,0,0,0,0,1
400700,89.031,-0.427,0,1,1,0,14.53,-1.656,0,1,1,0,13.388,0.0,0,32.18,0,0,0,1,0,1,1,0,0,1,0,12192.0,2,1,1,1,0,0,1,3,7.2,270.4,0,0,0,0,0,1
400800,88.987,-0.442,0,1,1,0,14.359,-1.713,0,1,1,0,13.388,0.0,0,32.05,0,0,0,1,0,1,1,0,0,1,0,12192.0,2,1,1,1,0,0,1,3,7.3,272.1,0,0,0,0,0,1
400900,88.941,-0.456,0,1,1,0,14.182,-1.77,0,1,1,0,13.388,0.0,0,31.87,0,0,0,1,0,1,1,0,0,1,0,12192.0,2,1,1,1,0,0,1,3,7.7,268.3,0,0,0,0,0,1
401000,88.894,-0.471,0,1,1,0,13.999,-1.827,0,1,1,0,13.388,0.0,0,32.11,0,0,0,1,0,1,1,0,0,1,0,12192.0,2,1,1,1,0,0,1,3,7.4,267.8,0,0,0,0,0,1
401100,88.846,-0.486,0,1,1,0,13.81,-1.885,0,1,1,0,13.388,0.0,0,32.05,0,0,0,1,0,1,1,0,0,1,0,12192.0,2,1,1,1,0,0,1,3,7.3,270.0,0,0,0,0,0,1
401200,88.795,-0.501,0,1,1,0,13.616,-1.942,0,1,1,0,13.388,0.0,0,31.99,0,0,0,1,0,1,1,0,0,1,0,12192.0,2,1,1,1,0,0,1,3,7.0,268.9,0,0,0,0,0,1
401300,88.744,-0.515,0,1,1,0,13.416,-1.999,0,1,1,0,13.388,0.0,0,32.05,0,0,0,1,0,1,1,0,0,1,0,12192.0,2,1,1,1,0,0,1,3,7.3,269.0,0,0,0,0,0,1
401400,88.691,-0.53,0,1,1,0,13.211,-2.056,0,1,1,0,13.388,0.0,0,31.99,0,0,0,1,0,1,1,0,0,1,0,12192.0,2,1,1,1,0,0,1,3,7.1,273.6,0,0,0,0,0,1
401500,88.636,-0.545,0,1,1,0,12.999,-2.113,0,1,1,0,13.388,0.0,0,32.03,0,0,0,1,0,1,1,0,0,1,0,12192.0,2,1,1,1,0,0,1,3,7.3,271.1,0,0,0,0,0,1
401600,88.58,-0.56,0,1,1,0,12.782,-2.17,0,1,1,0,13.388,0.0,0,32.01,0,0,0,1,0,1,1,0,0,1,0,12192.0,2,1,1,1,0,0,1,3,7.8,270.5,0,0,0,0,0,1
401700,88.523,-0.574,0,1,1,0,12.56,-2.227,0,1,1,0,13.388,0.0,0,32.06,0,0,0,1,0,1,1,0,0,1,0,12192.0,2,1,1,1,0,0,1,3,7.3,269.3,0,0,0,0,0,1
401800,88.464,-0.589,0,1,1,0,12.331,-2.284,0,1,1,0,13.388,0.0,0,32.08,0,0,0,1,0,1,1,0,0,1,0,12192.0,2,1,1,1,0,0,1,3,7.0,268.6,0,0,0,0,0,1
401900,88.404,-0.604,0,1,1,0,12.097,-2.341,0,1,1,0,13.388,0.0,0,31.87,0,0,0,1,0,1,1,0,0,1,0,12192.0,2,1,1,1,0,0,1,3,7.2,269.8,0,0,0,0,0,1
402000,88.342,-0.618,0,1,1,0,11.857,-2.399,0,1,1,0,13.388,0.0,0,31.85,0,0,0,1,0,1,1,0,0,1,0,12192.0,2,1,1,1,0,0,1,3,7.4,270.6,0,0,0,0,0,1
402100,88.279,-0.633,0,1,1,0,11.612,-2.456,0,1,1,0,13.388,0.0,0,32.02,0,0,0,1,0,1,1,0,0,1,0,12192.0,2,1,1,1,0,0,1,3,7.0,272.1,0,0,0,0,0,1
402200,88.214,-0.648,0,1,1,0,11.36,-2.513,0,1,1,0,13.388,0.0,0,32.04,0,0,0,1,0,1,1,0,0,1,0,12192.0,2,1,1,1,0,0,1,3,7.1,267.0,0,0,0,0,0,1
402300,88.148,-0.663,0,1,1,0,11.109,-2.514,0,1,1,0,13.388,0.0,0,32.11,0,0,0,1,0,1,1,0,0,1,0,12192.0,2,1,1,1,0,0,1,3,7.2,267.2,0,0,0,0,0,1
402400,88.08,-0.677,0,1,1,0,10.863,-2.456,0,1,1,0,13.388,0.0,0,32.01,0,0,0,1,0,1,1,0,0,1,0,12192.0,2,1,1,1,0,0,1,3,6.9,271.8,0,0,0,0,0,1
402500,88.011,-0.685,0,1,1,0,10.623,-2.399,0,1,1,0,13.388,0.0,0,32.02,0,0,0,1,0,1,1,0,0,1,0,12192.0,2,1,1,1,0,0,1,3,7.2,271.3,0,0,0,0,0,1
402600,87.943,-0.685,0,1,1,0,10.389,-2.341,0,1,1,0,13.388,0.0,0,31.85,0,0,0,1,0,1,1,0,0,1,0,12192.0,2,1,1,1,0,0,1,3,8.2,269.8,0,0,0,0,0,1
402700,87.874,-0.685,0,1,1,0,10.161,-2.283,0,1,1,0,13.388,0.0,0,32.17,0,0,0,1,0,1,1,0,0,1,0,12192.0,2,1,1,1,0,0,1,3,7.8,268.5,0,0,0,0,0,1
402800,87.806,-0.685,0,1,1,0,9.939,-2.225,0,1,1,0,13.388,0.0,0,31.99,0,0,0,1,0,1,1,0,0,1,0,12192.0,2,1,1,1,0,0,1,3,8.0,270.0,0,0,0,0,0,1
402900,87.737,-0.685,0,1,1,0,9.722,-2.167,0,1,1,0,13.388,0.0,0,32.0,0,0,0,1,0,1,1,0,0,1,0,12192.0,2,1,1,1,0,0,1,3,7.6,269.9,0,0,0,0,0,1
403000,87.669,-0.685,0,1,1,0,9.511,-2.109,0,1,1,0,13.388,0.0,0,32.13,0,0,0,1,0,1,1,0,0,1,0,12192.0,2,1,1,1,0,0,1,3,8.0,270.6,0,0,0,0,0,1
403100,87.6,-0.685,0,1,1,0,9.306,-2.051,0,1,1,0,13.388,0.0,0,31.88,0,0,0,1,0,1,1,0,0,1,0,12192.0,2,1,1,1,0,0,1,3,7.9,272.8,0,0,0,0,0,1
403200,87.532,-0.685,0,1,1,0,9.106,-1.994,0,1,1,0,13.388,0.0,0,31.98,0,0,0,1,0,1,1,0,0,1,0,12192.0,2,1,1,1,0,0,1,3,8.0,271.9,0,0,0,0,0,1
403300,87.464,-0.685,0,1,1,0,8.913,-1.936,0,1,1,0,13.388,0.0,0,31.98,0,0,0,1,0,1,1,0,0,1,0,12192.0,2,1,1,1,0,0,1,3,7.5,268.7,0,0,0,0,0,1
403400,87.395,-0.685,0,1,1,0,8.725,-1.878,0,1,1,0,13.388,0.0,0,31.94,0,0,0,1,0,1,1,0,0,1,0,12192.0,2,1,1,1,0,0,1,3,7.2,266.5,0,0,0,0,0,1
403500,87.327,-0.685,0,1,1,0,8.543,-1.82,0,1,1,0,13.388,0.0,0,32.09,0,0,0,1,0,1,1,0,0,1,0,12192.0,2,1,1,1,0,0,1,3,7.6,271.3,0,0,0,0,0,1
403600,87.258,-0.685,0,1,1,0,8.367,-1.762,0,1,1,0,13.388,0.0,0,31.91,0,0,0,1,0,1,1,0,0,1,0,12192.0,2,1,1,1,0,0,1,3,7.1,271.8,0,0,0,0,0,1
403700,87.19,-0.685,0,1,1,0,8.197,-1.704,0,1,1,0,13.388,0.0,0,31.97,0,0,0,1,0,1,1,0,0,1,0,12192.0,2,1,1,1,0,0,1,3,7.7,272.2,0,0,0,0,0,1
403800,87.121,-0.685,0,1,1,0,8.032,-1.645,0,1,1,0,13.388,0.0,0,31.96,0,0,0,1,0,1,1,0,0,1,0,12192.0,2,1,1,1,0,0,1,3,8.1,276.6,0,0,0,0,0,1
403900,87.053,-0.685,0,1,1,0,7.873,-1.587,0,1,1,0,13.388,0.0,0,32.02,0,0,0,1,0,1,1,0,0,1,0,12192.0,2,1,1,1,0,0,1,3,7.4,271.6,0,0,0,0,0,1
404000,86.984,-0.685,0,1,1,0,7.72,-1.529,0,1,1,0,13.388,0.0,0,31.96,0,0,0,1,0,1,1,0,0,1,0,12192.0,2,1,1,1,0,0,1,3,7.6,273.1,0,0,0,0,0,1
404100,86.916,-0.685,0,1,1,0,7.573,-1.471,0,1,1,0,13.388,0.0,0,31.88,0,0,0,1,0,1,1,0,0,1,0,12192.0,2,1,1,1,0,0,1,3,8.1,273.2,0,0,0,0,0,1
404200,86.847,-0.685,0,1,1,0,7.432,-1.413,0,1,1,0,13.388,0.0,0,31.8,0,0,0,1,0,1,1,0,0,1,0,12192.0,2,1,1,1,0,0,1,3,7.9,267.5,0,0,0,0,0,1
404300,86.779,-0.685,0,1,1,0,7.297,-1.354,0,1,1,0,13.388,0.0,0,31.85,0,0,0,1,0,1,1,0,0,1,0,12192.0,2,1,1,1,0,0,1,3,8.5,271.9,0,0,0,0,0,1
404400,86.71,-0.685,0,1,1,0,7.167,-1.296,0,1,1,0,13.388,0.0,0,32.06,0,0,0,1,0,1,1,0,0,1,0,12192.0,2,1,1,1,0,0,1,3,7.8,269.2,0,0,0,0,0,1
404500,86.642,-0.685,0,1,1,0,7.043,-1.238,0,1,1,0,13.388,0.0,0,31.87,0,0,0,1,0,1,1,0,0,1,0,12192.0,2,1,1,1,0,0,1,3,8.4,268.9,0,0,0,0,0,1
404600,86.573,-0.685,0,1,1,0,6.925,-1.179,0,1,1,0,13.388,0.0,0,32.03,0,0,0,1,0,1,1,0,0,1,0,12192.0,2,1,1,1,0,0,1,3,8.0,270.4,0,0,0,0,0,1
404700,86.505,-0.685,0,1,1,0,6.813,-1.12,0,1,1,0,13.388,0.0,0,32.06,0,0,0,1,0,1,1,0,0,1,0,12192.0,2,1,1,1,0,0,1,3,8.4,270.2,0,0,0,0,0,1
404800,86.436,-0.685,0,1,1,0,6.707,-1.062,0,1,1,0,13.388,0.0,0,31.93,0,0,0,1,0,1,1,0,0,1,0,12192.0,2,1,1,1,0,0,1,3,7.9,266.5,0,0,0,0,0,1
404900,86.368,-0.685,0,1,1,0,6.607,-1.003,0,1,1,0,13.388,0.0,0,32.16,0,0,0,1,0,1,1,0,0,1,0,12192.0,2,1,1,1,0,0,1,3,8.2,269.7,0,0,0,0,0,1
405000,86.299,-0.685,0,1,1,0,6.512,-0.944,0,1,1,0,13.388,0.0,0,32.05,0,0,0,1,0,1,1,0,0,1,0,12192.0,2,1,1,1,0,0,1,3,7.9,270.0,0,0,0,0,0,1
405100,86.231,-0.685,0,1,1,0,6.424,-0.885,0,1,1,0,13.388,0.0,0,32.06,0,0,0,1,0,1,1,0,0,1,0,12192.0,2,1,1,1,0,0,1,3,8.7,271.1,0,0,0,0,0,1
405200,86.162,-0.685,0,1,1,0,6.341,-0.826,0,1,1,0,13.388,0.0,0,31.94,0,0,0,1,0,1,1,0,0,1,0,12192.0,2,1,1,1,0,0,1,3,8.6,265.8,0,0,0,0,0,1
405300,86.094,-0.685,0,1,1,0,6.265,-0.767,0,1,1,0,13.388,0.0,0,31.85,0,0,0,1,0,1,1,0,0,1,0,12192.0,2,1,1,1,0,0,1,3,8.4,268.1,0,0,0,0,0,1
405400,86.026,-0.685,0,1,1,0,6.194,-0.708,0,1,1,0,13.388,0.0,0,31.96,0,0,0,1,0,1,1,0,0,1,0,12192.0,2,1,1,1,0,0,1,3,7.8,268.7,0,0,0,0,0,1
405500,85.957,-0.685,0,1,1,0,6.129,-0.648,0,1,1,0,13.388,0.0,0,32.11,0,0,0,1,0,1,1,0,0,1,0,12192.0,2,1,1,1,0,0,1,3,8.5,268.8,0,0,0,0,0,1
405600,85.889,-0.685,0,1,1,0,6.07,-0.588,0,1,1,0,13.388,0.0,0,31.81,0,0,0,1,0,1,1,0,0,1,0,12192.0,2,1,1,1,0,0,1,3,8.6,269.9,0,0,0,0,0,1
405700,85.82,-0.685,0,1,1,0,6.017,-0.528,0,1,1,0,13.388,0.0,0,31.98,0,0,0,1,0,1,1,0,0,1,0,12192.0,2,1,1,1,0,0,1,3,9.2,269.9,0,0,0,0,0,1
405800,85.752,-0.685,0,1,1,0,5.971,-0.467,0,1,1,0,13.388,0.0,0,32.1,0,0,0,1,0,1,1,0,0,1,0,12192.0,2,1,1,1,0,0,1,3,9.3,267.9,0,0,0,0,0,1
405900,85.683,-0.685,0,1,1,0,5.93,-0.406,0,1,1,0,13.388,0.0,0,31.75,0,0,0,1,0,1,1,0,0,1,0,12192.0,2,1,1,1,0,0,1,3,8.3,270.6,0,0,0,0,0,1
406000,85.615,-0.685,0,1,1,0,5.896,-0.344,0,1,1,0,13.388,0.0,0,32.11,0,0,0,1,0,1,1,0,0,1,0,12192.0,2,1,1,1,0,0,1,3,8.6,269.3,0,0,0,0,0,1
406100,85.546,-0.685,0,1,1,0,5.868,-0.282,0,1,1,0,13.388,0.0,0,31.82,0,0,0,1,0,1,1,0,0,1,0,12192.0,2,1,1,1,0,0,1,3,8.0,269.4,0,0,0,0,0,1
406200,85.478,-0.685,0,1,1,0,5.846,-0.217,0,1,1,0,13.388,0.0,0,32.01,0,0,0,1,0,1,1,0,0,1,0,12192.0,2,1,1,1,0,0,1,3,8.6,270.3,0,0,0,0,0,1
406300,85.409,-0.685,0,1,1,0,5.831,-0.149,0,1,1,0,13.388,0.0,0,32.04,0,0,0,1,0,1,1,0,0,1,0,12192.0,2,1,1,1,0,0,1,3,8.1,269.9,0,0,0,0,0,1
406400,85.341,-0.685,0,1,1,0,5.824,-0.072,0,1,1,0,13.388,0.0,0,31.95,0,0,0,1,0,1,1,0,0,1,0,12192.0,2,1,1,1,0,0,1,3,8.5,269.2,0,0,0,0,0,1
406500,85.272,-0.685,0,1,1,0,5.822,0.0,0,0,1,0,13.388,0.0,0,31.98,0,0,0,1,0,1,1,0,0,1,0,12192.0,2,1,1,1,0,0,1,3,8.9,271.1,0,0,0,0,0,1
406600,85.204,-0.685,0,1,1,0,5.822,0.0,0,0,1,0,13.388,0.0,0,32.08,0,0,0,1,0,1,1,0,0,1,0,12192.0,2,1,1,1,0,0,1,3,8.5,269.6,0,0,0,0,0,1
406700,85.135,-0.685,0,1,1,0,5.822,0.0,0,0,1,0,13.388,0.0,0,32.06,0,0,0,1,0,1,1,0,0,1,0,12192.0,2,1,1,1,0,0,1,3,8.5,268.5,0,0,0,0,0,1
406800,85.067,-0.685,0,1,1,0,5.822,0.0,0,0,1,0,13.388,0.0,0,31.8,0,0,0,1,0,1,1,0,0,1,0,12192.0,2,1,1,1,0,0,1,3,8.0,272.9,0,0,0,0,0,1
406900,84.998,-0.685,0,1,1,0,5.822,0.0,0,0,1,0,13.388,0.0,0,32.1,0,0,0,1,0,1,1,0,0,1,0,12192.0,2,1,1,1,0,0,1,3,8.6,271.1,0,0,0,0,0,1
407000,84.93,-0.685,0,1,1,0,5.822,0.0,0,0,1,0,13.388,0.0,0,32.04,0,0,0,1,0,1,1,0,0,1,0,12192.0,2,1,1,1,0,0,1,3,7.8,268.7,0,0,0,0,0,1
407100,84.861,-0.685,0,1,1,0,5.822,0.0,0,0,1,0,13.388,0.0,0,31.85,0,0,0,1,0,1,1,0,0,1,0,12192.0,2,1,1,1,0,0,1,3,9.0,269.9,0,0,0,0,0,1
407200,84.793,-0.685,0,1,1,0,5.822,0.0,0,0,1,0,13.388,0.0,0,32.2,0,0,0,1,0,1,1,0,0,1,0,12192.0,2,1,1,1,0,0,1,3,8.5,272.0,0,0,0,0,0,1
407300,84.725,-0.685,0,1,1,0,5.822,0.0,0,0,1,0,13.388,0.0,0,31.99,0,0,0,1,0,1,1,0,0,1,0,12192.0,2,1,1,1,0,0,1,3,8.7,264.8,0,0,0,0,0,1
407400,84.656,-0.685,0,1,1,0,5.822,0.0,0,0,1,0,13.388,0.0,0,32.22,0,0,0,1,0,1,1,0,0,1,0,12192.0,2,1,1,1,0,0,1,3,8.7,275.7,0,0,0,0,0,1
407500,84.588,-0.685,0,1,1,0,5.822,0.0,0,0,1,0,13.388,0.0,0,32.22,0,0,0,1,0,1,1,0,0,1,0,12192.0,2,1,1,1,0,0,1,3,8.2,268.4,0,0,0,0,0,1
407600,84.519,-0.685,0,1,1,0,5.822,0.0,0,0,1,0,13.388,0.0,0,32.03,0,0,0,1,0,1,1,0,0,1,0,12192.0,2,1,1,1,0,0,1,3,8.6,266.8,0,0,0,0,0,1
407700,84.451,-0.685,0,1,1,0,5.822,0.0,0,0,1,0,13.388,0.0,0,31.91,0,0,0,1,0,1,1,0,0,1,0,12192.0,2,1,1,1,0,0,1,3,8.4,274.1,0,0,0,0,0,1
407800,84.382,-0.685,0,1,1,0,5.822,0.0,0,0,1,0,13.388,0.0,0,32.07,0,0,0,1,0,1,1,0,0,1,0,12192.0,2,1,1,1,0,0,1,3,8.8,271.2,0,0,0,0,0,1
407900,84.314,-0.685,0,1,1,0,5.822,0.0,0,0,1,0,13.388,0.0,0,32.03,0,0,0,1,0,1,1,0,0,1,0,12192.0,2,1,1,1,0,0,1,3,8.3,266.8,0,0,0,0,0,1
408000,84.245,-0.685,0,1,1,0,5.822,0.0,0,0,1,0,13.388,0.0,0,31.76,0,0,0,1,0,1,1,0,0,1,0,12192.0,2,1,1,1,0,0,1,3,8.4,273.1,0,0,0,0,0,1
408100,84.177,-0.685,0,1,1,0,5.822,0.0,0,0,1,0,13.388,0.0,0,31.75,0,0,0,1,0,1,1,0,0,1,0,12192.0,2,1,1,1,0,0,1,3,8.9,265.3,0,0,0,0,0,1
408200,84.108,-0.685,0,1,1,0,5.822,0.0,0,0,1,0,13.388,0.0,0,32.18,0,0,0,1,0,1,1,0,0,1,0,12192.0,2,1,1,1,0,0,1,3,8.0,268.6,0,0,0,0,0,1
408300,84.04,-0.685,0,1,1,0,5.822,0.0,0,0,1,0,13.388,0.0,0,31.8,0,0,0,1,0,1,1,0,0,1,0,12192.0,2,1,1,1,0,0,1,3,7.2,271.5,0,0,0,0,0,1
408400,83.971,-0.685,0,1,1,0,5.822,0.0,0,0,1,0,13.388,0.0,0,32.18,0,0,0,1,0,1,1,0,0,1,0,12192.0,2,1,1,1,0,0,1,3,7.4,270.7,0,0,0,0,0,1
408500,83.903,-0.685,0,1,1,0,5.822,0.0,0,0,1,0,13.388,0.0,0,31.91,0,0,0,1,0,1,1,0,0,1,0,12192.0,2,1,1,1,0,0,1,3,7.9,273.2,0,0,0,0,0,1
408600,83.834,-0.685,0,1,1,0,5.822,0.0,0,0,1,0,13.388,0.0,0,31.95,0,0,0,1,0,1,1,0,0,1,0,12192.0,2,1,1,1,0,0,1,3,7.6,270.0,0,0,0,0,0,1
408700,83.766,-0.685,0,1,1,0,5.822,0.0,0,0,1,0,13.388,0.0,0,31.74,0,0,0,1,0,1,1,0,0,1,0,12192.0,2,1,1,1,0,0,1,3,8.4,263.1,0,0,0,0,0,1
408800,83.697,-0.685,0,1,1,0,5.822,0.0,0,0,1,0,13.388,0.0,0,31.87,0,0,0,1,0,1,1,0,0,1,0,12192.0,2,1,1,1,0,0,1,3,8.4,272.4,0,0,0,0,0,1
408900,83.629,-0.685,0,1,1,0,5.822,0.0,0,0,1,0,13.388,0.0,0,32.04,0,0,0,1,0,1,1,0,0,1,0,12192.0,2,1,1,1,0,0,1,3,7.9,271.5,0,0,0,0,0,1
409000,83.56,-0.685,0,1,1,0,5.822,0.0,0,0,1,0,13.388,0.0,0,32.11,0,0,0,1,0,1,1,0,0,1,0,12192.0,2,1,1,1,0,0,1,3,7.3,267.4,0,0,0,0,0,1
409100,83.492,-0.685,0,1,1,0,5.822,0.0,0,0,1,0,13.388,0.0,0,31.99,0,0,0,1,0,1,1,0,0,1,0,12192.0,2,1,1,1,0,0,1,3,8.0,269.9,0,0,0,0,0,1
409200,83.424,-0.685,0,1,1,0,5.822,0.0,0,0,1,0,13.388,0.0,0,31.88,0,0,0,1,0,1,1,0,0,1,0,12192.0,2,1,1,1,0,0,1,3,7.9,268.4,0,0,0,0,0,1
409300,83.355,-0.685,0,1,1,0,5.822,0.0,0,0,1,0,13.388,0.0,0,31.99,0,0,0,1,0,1,1,0,0,1,0,12192.0,2,1,1,1,0,0,1,3,6.9,270.9,0,0,0,0,0,1
409400,83.287,-0.685,0,1,1,0,5.822,0.0,0,0,1,0,13.388,0.0,0,32.02,0,0,0,1,0,1,1,0,0,1,0,12192.0,2,1,1,1,0,0,1,3,7.2,269.5,0,0,0,0,0,1
409500,83.218,-0.685,0,1,1,0,5.822,0.0,0,0,1,0,13.388,0.0,0,32.03,0,0,0,1,0,1,1,0,0,1,0,12192.0,2,1,1,1,0,0,1,3,7.9,268.6,0,0,0,0,0,1
409600,83.15,-0.685,0,1,1,0,5.822,0.0,0,0,1,0,13.388,0.0,0,32.06,0,0,0,1,0,1,1,0,0,1,0,12192.0,2,1,1,1,0,0,1,3,6.8,271.2,0,0,0,0,0,1
409700,83.081,-0.685,0,1,1,0,5.822,0.0,0,0,1,0,13.388,0.0,0,31.93,0,0,0,1,0,1,1,0,0,1,0,12192.0,2,1,1,1,0,0,1,3,7.0,267.5,0,0,0,0,0,1
409800,83.013,-0.685,0,1,1,0,5.822,0.0,0,0,1,0,13.388,0.0,0,32.06,0,0,0,1,0,1,1,0,0,1,0,12192.0,2,1,1,1,0,0,1,3,7.5,273.4,0,0,0,0,0,1
409900,82.944,-0.685,0,1,1,0,5.822,0.0,0,0,1,0,13.388,0.0,0,32.06,0,0,0,1,0,1,1,0,0,1,0,12192.0,2,1,1,1,0,0,1,3,7.3,272.3,0,0,0,0,0,1
410000,82.876,-0.685,0,1,1,0,5.822,0.0,0,0,1,0,13.388,0.0,0,32.06,0,0,0,1,0,1,1,0,0,1,0,12192.0,2,1,1,1,0,0,1,3,6.6,271.7,0,0,0,0,0,1
410100,82.807,-0.685,0,1,1,0,5.822,0.0,0,0,1,0,13.388,0.0,0,31.92,0,0,0,1,0,1,1,0,0,1,0,12192.0,2,1,1,1,0,0,1,3,7.4,271.1,0,0,0,0,0,1
410200,82.739,-0.685,0,1,1,0,5.822,0.0,0,0,1,0,13.388,0.0,0,32.03,0,0,0,1,0,1,1,0,0,1,0,12192.0,2,1,1,1,0,0,1,3,7.1,271.4,0,0,0,0,0,1
410300,82.67,-0.685,0,1,1,0,5.822,0.0,0,0,1,0,13.388,0.0,0,32.14,0,0,0,1,0,1,1,0,0,1,0,12192.0,2,1,1,1,0,0,1,3,6.7,273.2,0,0,0,0,0,1
410400,82.602,-0.685,0,1,1,0,5.822,0.0,0,0,1,0,13.388,0.0,0,31.82,0,0,0,1,0,1,1,0,0,1,0,12192.0,2,1,1,1,0,0,1,3,7.5,274.5,0,0,0,0,0,1
410500,82.533,-0.685,0,1,1,0,5.822,0.0,0,0,1,0,13.388,0.0,0,31.88,0,0,0,1,0,1,1,0,0,1,0,12192.0,2,1,1,1,0,0,1,3,7.4,272.9,0,0,0,0,0,1
410600,82.465,-0.685,0,1,1,0,5.822,0.0,0,0,1,0,13.388,0.0,0,32.14,0,0,0,1,0,1,1,0,0,1,0,12192.0,2,1,1,1,0,0,1,3,8.0,268.6,0,0,0,0,0,1
410700,82.396,-0.685,0,1,1,0,5.822,0.0,0,0,1,0,13.388,0.0,0,31.81,0,0,0,1,0,1,1,0,0,1,0,12192.0,2,1,1,1,0,0,1,3,6.5,270.6,0,0,0,0,0,1
410800,82.328,-0.685,0,1,1,0,5.822,0.0,0,0,1,0,13.388,0.0,0,31.85,0,0,0,1,0,1,1,0,0,1,0,12192.0,2,1,1,1,0,0,1,3,7.9,272.4,0,0,0,0,0,1
410900,82.259,-0.685,0,1,1,0,5.822,0.0,0,0,1,0,13.388,0.0,0,31.94,0,0,0,1,0,1,1,0,0,1,0,12192.0,2,1,1,1,0,0,1,3,7.4,268.4,0,0,0,0,0,1
411000,82.191,-0.685,0,1,1,0,5.822,0.0,0,0,1,0,13.388,0.0,0,32.04,0,0,0,1,0,1,1,0,0,1,0,12192.0,2,1,1,1,0,0,1,3,7.7,269.5,0,0,0,0,0,1
411100,82.123,-0.685,0,1,1,0,5.822,0.0,0,0,1,0,13.388,0.0,0,32.2,0,0,0,1,0,1,1,0,0,1,0,12192.0,2,1,1,1,0,0,1,3,8.2,270.0,0,0,0,0,0,1
411200,82.054,-0.685,0,1,1,0,5.822,0.0,0,0,1,0,13.388,0.0,0,31.8,0,0,0,1,0,1,1,0,0,1,0,12192.0,2,1,1,1,0,0,1,3,8.1,273.2,0,0,0,0,0,1
411300,81.986,-0.685,0,1,1,0,5.822,0.0,0,0,1,0,13.388,0.0,0,32.0,0,0,0,1,0,1,1,0,0,1,0,12192.0,2,1,1,1,0,0,1,3,6.9,272.0,0,0,0,0,0,1
411400,81.917,-0.685,0,1,1,0,5.822,0.0,0,0,1,0,13.388,0.0,0,32.13,0,0,0,1,0,1,1,0,0,1,0,12192.0,2,1,1,1,0,0,1,3,7.3,271.1,0,0,0,0,0,1
411500,81.849,-0.685,0,1,1,0,5.822,0.0,0,0,1,0,13.388,0.0,0,32.02,0,0,0,1,0,1,1,0,0,1,0,12192.0,2,1,1,1,0,0,1,3,8.3,269.5,0,0,0,0,0,1
411600,81.78,-0.685,0,1,1,0,5.822,0.0,0,0,1,0,13.388,0.0,0,31.92,0,0,0,1,0,1,1,0,0,1,0,12192.0,2,1,1,1,0,0,1,3,8.1,268.0,0,0,0,0,0,1
411700,81.712,-0.685,0,1,1,0,5.822,0.0,0,0,1,0,13.388,0.0,0,31.88,0,0,0,1,0,1,1,0,0,1,0,12192.0,2,1,1,1,0,0,1,3,7.4,271.1,0,0,0,0,0,1
411800,81.643,-0.685,0,1,1,0,5.822,0.0,0,0,1,0,13.388,0.0,0,31.9,0,0,0,1,0,1,1,0,0,1,0,12192.0,2,1,1,1,0,0,1,3,6.4,269.8,0,0,0,0,0,1
411900,81.575,-0.685,0,1,1,0,5.822,0.0,0,0,1,0,13.388,0.0,0,31.97,0,0,0,1,0,1,1,0,0,1,0,12192.0,2,1,1,1,0,0,1,3,7.2,267.0,0,0,0,0,0,1
412000,81.506,-0.685,0,1,1,0,5.822,0.0,0,0,1,0,13.388,0.0,0,32.21,0,0,0,1,0,1,1,0,0,1,0,12192.0,2,1,1,1,0,0,1,3,8.0,271.1,0,0,0,0,0,1
412100,81.438,-0.685,0,1,1,0,5.822,0.0,0,0,1,0,13.388,0.0,0,32.01,0,0,0,1,0,1,1,0,0,1,0,12192.0,2,1,1,1,0,0,1,3,7.6,269.4,0,0,0,0,0,1
412200,81.369,-0.685,0,1,1,0,5.822,0.0,0,0,1,0,13.388,0.0,0,31.96,0,0,0,1,0,1,1,0,0,1,0,12192.0,2,1,1,1,0,0,1,3,7.9,269.2,0,0,0,0,0,1
412300,81.301,-0.685,0,1,1,0,5.822,0.0,0,0,1,0,13.388,0.0,0,32.08,0,0,0,1,0,1,1,0,0,1,0,12192.0,2,1,1,1,0,0,1,3,7.8,270.3,0,0,0,0,0,1
412400,81.232,-0.685,0,1,1,0,5.822,0.0,0,0,1,0,13.388,0.0,0,32.11,0,0,0,1,0,1,1,0,0,1,0,12192.0,2,1,1,1,0,0,1,3,7.7,272.2,0,0,0,0,0,1
412500,81.164,-0.685,0,1,1,0,5.822,0.0,0,0,1,0,13.388,0.0,0,32.14,0,0,0,1,0,1,1,0,0,1,0,12192.0,2,1,1,1,0,0,1,3,7.9,268.5,0,0,0,0,0,1
412600,81.095,-0.685,0,1,1,0,5.822,0.0,0,0,1,0,13.388,0.0,0,31.85,0,0,0,1,0,1,1,0,0,1,0,12192.0,2,1,1,1,0,0,1,3,8.0,270.8,0,0,0,0,0,1
412700,81.027,-0.685,0,1,1,0,5.822,0.0,0,0,1,0,13.388,0.0,0,32.01,0,0,0,1,0,1,1,0,0,1,0,12192.0,2,1,1,1,0,0,1,3,7.7,275.2,0,0,0,0,0,1
412800,80.958,-0.685,0,1,1,0,5.822,0.0,0,0,1,0,13.388,0.0,0,32.16,0,0,0,1,0,1,1,0,0,1,0,12192.0,2,1,1,1,0,0,1,3,8.4,274.3,0,0,0,0,0,1
412900,80.89,-0.685,0,1,1,0,5.822,0.0,0,0,1,0,13.388,0.0,0,32.1,0,0,0,1,0,1,1,0,0,1,0,12192.0,2,1,1,1,0,0,1,3,7.7,270.9,0,0,0,0,0,1
413000,80.821,-0.685,0,1,1,0,5.822,0.0,0,0,1,0,13.388,0.0,0,31.98,0,0,0,1,0,1,1,0,0,1,0,12192.0,2,1,1,1,0,0,1,3,7.9,269.6,0,0,0,0,0,1
413100,80.753,-0.685,0,1,1,0,5.822,0.0,0,0,1,0,13.388,0.0,0,31.9,0,0,0,1,0,1,1,0,0,1,0,12192.0,2,1,1,1,0,0,1,3,7.5,266.2,0,0,0,0,0,1
413200,80.685,-0.685,0,1,1,0,5.822,0.0,0,0,1,0,13.388,0.0,0,32.07,0,0,0,1,0,1,1,0,0,1,0,12192.0,2,1,1,1,0,0,1,3,8.3,267.7,0,0,0,0,0,1
413300,80.616,-0.685,0,1,1,0,5.822,0.0,0,0,1,0,13.388,0.0,0,31.96,0,0,0,1,0,1,1,0,0,1,0,12192.0,2,1,1,1,0,0,1,3,8.2,271.3,0,0,0,0,0,1
413400,80.548,-0.685,0,1,1,0,5.822,0.0,0,0,1,0,13.388,0.0,0,32.01,0,0,0,1,0,1,1,0,0,1,0,12192.0,2,1,1,1,0,0,1,3,7.7,274.8,0,0,0,0,0,1
413500,80.479,-0.685,0,1,1,0,5.822,0.0,0,0,1,0,13.388,0.0,0,31.86,0,0,0,1,0,1,1,0,0,1,0,12192.0,2,1,1,1,0,0,1,3,9.3,267.8,0,0,0,0,0,1
413600,80.411,-0.685,0,1,1,0,5.822,0.0,0,0,1,0,13.388,0.0,0,32.02,0,0,0,1,0,1,1,0,0,1,0,12192.0,2,1,1,1,0,0,1,3,8.4,271.6,0,0,0,0,0,1
413700,80.342,-0.685,0,1,1,0,5.822,0.0,0,0,1,0,13.388,0.0,0,32.11,0,0,0,1,0,1,1,0,0,1,0,12192.0,2,1,1,1,0,0,1,3,7.4,273.1,0,0,0,0,0,1
413800,80.274,-0.685,0,1,1,0,5.822,0.0,0,0,1,0,13.388,0.0,0,32.0,0,0,0,1,0,1,1,0,0,1,0,12192.0,2,1,1,1,0,0,1,3,8.7,272.6,0,0,0,0,0,1
413900,80.205,-0.685,0,1,1,0,5.822,0.0,0,0,1,0,13.388,0.0,0,32.09,0,0,0,1,0,1,1,0,0,1,0,12192.0,2,1,1,1,0,0,1,3,8.9,270.1,0,0,0,0,0,1
414000,80.137,-0.685,0,1,1,0,5.822,0.0,0,0,1,0,13.388,0.0,0,32.09,0,0,0,1,0,1,1,0,0,1,0,12192.0,2,1,1,1,0,0,1,3,8.7,267.0,0,0,0,0,0,1
414100,80.068,-0.685,0,1,1,0,5.822,0.0,0,0,1,0,13.388,0.0,0,32.02,0,0,0,1,0,1,1,0,0,1,0,12192.0,2,1,1,1,0,0,1,3,9.1,271.8,0,0,0,0,0,1
414200,80.0,-0.685,0,1,1,0,5.822,0.0,0,0,1,0,13.388,0.0,0,32.32,0,0,0,1,0,1,1,0,0,1,0,12192.0,2,1,1,1,0,0,1,3,8.1,271.4,0,0,0,0,0,1
414300,79.931,-0.685,0,1,1,0,5.822,0.0,0,0,1,0,13.388,0.0,0,31.91,0,0,0,1,0,1,1,0,0,1,0,12192.0,2,1,1,1,0,0,1,3,9.0,273.4,0,0,0,0,0,1
414400,79.863,-0.685,0,1,1,0,5.822,0.0,0,0,1,0,13.388,0.0,0,32.11,0,0,0,1,0,1,1,0,0,1,0,12192.0,2,1,1,1,0,0,1,3,8.1,269.6,0,0,0,0,0,1
414500,79.794,-0.685,0,1,1,0,5.822,0.0,0,0,1,0,13.388,0.0,0,32.02,0,0,0,1,0,1,1,0,0,1,0,12192.0,2,1,1,1,0,0,1,3,7.9,271.7,0,0,0,0,0,1
414600,79.726,-0.685,0,1,1,0,5.822,0.0,0,0,1,0,13.388,0.0,0,31.88,0,0,0,1,0,1,1,0,0,1,0,12192.0,2,1,1,1,0,0,1,3,8.9,271.5,0,0,0,0,0,1
414700,79.657,-0.685,0,1,1,0,5.822,0.0,0,0,1,0,13.388,0.0,0,31.91,0,0,0,1,0,1,1,0,0,1,0,12192.0,2,1,1,1,0,0,1,3,8.5,273.8,0,0,0,0,0,1
414800,79.589,-0.685,0,1,1,0,5.822,0.0,0,0,1,0,13.388,0.0,0,32.0,0,0,0,1,0,1,1,0,0,1,0,12192.0,2,1,1,1,0,0,1,3,8.3,269.1,0,0,0,0,0,1
414900,79.52,-0.685,0,1,1,0,5.822,0.0,0,0,1,0,13.388,0.0,0,31.98,0,0,0,1,0,1,1,0,0,1,0,12192.0,2,1,1,1,0,0,1,3,7.8,269.3,0,0,0,0,0,1
415000,79.452,-0.685,0,1,1,0,5.822,0.0,0,0,1,0,13.388,0.0,0,32.07,0,0,0,1,0,1,1,0,0,1,0,12192.0,2,1,1,1,0,0,1,3,8.7,270.3,0,0,0,0,0,1
415100,79.384,-0.685,0,1,1,0,5.822,0.0,0,0,1,0,13.388,0.0,0,31.85,0,0,0,1,0,1,1,0,0,1,0,12192.0,2,1,1,1,0,0,1,3,8.8,266.1,0,0,0,0,0,1
415200,79.315,-0.685,0,1,1,0,5.822,0.0,0,0,1,0,13.388,0.0,0,31.91,0,0,0,1,0,1,1,0,0,1,0,12192.0,2,1,1,1,0,0,1,3,8.6,271.0,0,0,0,0,0,1
415300,79.247,-0.685,0,1,1,0,5.822,0.0,0,0,1,0,13.388,0.0,0,31.83,0,0,0,1,0,1,1,0,0,1,0,12192.0,2,1,1,1,0,0,1,3,9.1,269.8,0,0,0,0,0,1
415400,79.178,-0.685,0,1,1,0,5.822,0.0,0,0,1,0,13.388,0.0,0,32.02,0,0,0,1,0,1,1,0,0,1,0,12192.0,2,1,1,1,0,0,1,3,7.9,269.0,0,0,0,0,0,1
415500,79.11,-0.685,0,1,1,0,5.822,0.0,0,0,1,0,13.388,0.0,0,32.21,0,0,0,1,0,1,1,0,0,1,0,12192.0,2,1,1,1,0,0,1,3,8.1,270.3,0,0,0,0,0,1
415600,79.041,-0.685,0,1,1,0,5.822,0.0,0,0,1,0,13.388,0.0,0,32.17,0,0,0,1,0,1,1,0,0,1,0,12192.0,2,1,1,1,0,0,1,3,7.9,266.2,0,0,0,0,0,1
415700,78.973,-0.685,0,1,1,0,5.822,0.0,0,0,1,0,13.388,0.0,0,31.96,0,0,0,1,0,1,1,0,0,1,0,12192.0,2,1,1,1,0,0,1,3,9.0,271.1,0,0,0,0,0,1
415800,78.904,-0.685,0,1,1,0,5.822,0.0,0,0,1,0,13.388,0.0,0,32.12,0,0,0,1,0,1,1,0,0,1,0,12192.0,2,1,1,1,0,0,1,3,8.1,268.2,0,0,0,0,0,1
415900,78.836,-0.685,0,1,1,0,5.822,0.0,0,0,1,0,13.388,0.0,0,32.02,0,0,0,1,0,1,1,0,0,1,0,12192.0,2,1,1,1,0,0,1,3,8.5,265.1,0,0,0,0,0,1
416000,78.767,-0.685,0,1,1,0,5.822,0.0,0,0,1,0,13.388,0.0,0,32.03,0,0,0,1,0,1,1,0,0,1,0,12192.0,2,1,1,1,0,0,1,3,8.0,267.6,0,0,0,0,0,1
416100,78.699,-0.685,0,1,1,0,5.822,0.0,0,0,1,0,13.388,0.0,0,32.08,0,0,0,1,0,1,1,0,0,1,0,12192.0,2,1,1,1,0,0,1,3,8.4,270.7,0,0,0,0,0,1
416200,78.63,-0.685,0,1,1,0,5.822,0.0,0,0,1,0,13.388,0.0,0,32.21,0,0,0,1,0,1,1,0,0,1,0,12192.0,2,1,1,1,0,0,1,3,7.3,271.5,0,0,0,0,0,1
416300,78.562,-0.685,0,1,1,0,5.822,0.0,0,0,1,0,13.388,0.0,0,31.79,0,0,0,1,0,1,1,0,0,1,0,12192.0,2,1,1,1,0,0,1,3,8.4,272.9,0,0,0,0,0,1
416400,78.493,-0.685,0,1,1,0,5.822,0.0,0,0,1,0,13.388,0.0,0,32.0,0,0,0,1,0,1,1,0,0,1,0,12192.0,2,1,1,1,0,0,1,3,7.9,273.5,0,0,0,0,0,1
416500,78.425,-0.685,0,1,1,0,5.822,0.0,0,0,1,0,13.388,0.0,0,32.18,0,0,0,1,0,1,1,0,0,1,0,12192.0,2,1,1,1,0,0,1,3,8.0,269.8,0,0,0,0,0,1
416600,78.356,-0.685,0,1,1,0,5.822,0.0,0,0,1,0,13.388,0.0,0,31.99,0,0,0,1,0,1,1,0,0,1,0,12192.0,2,1,1,1,0,0,1,3,8.6,275.6,0,0,0,0,0,1
416700,78.288,-0.685,0,1,1,0,5.822,0.0,0,0,1,0,13.388,0.0,0,31.86,0,0,0,1,0,1,1,0,0,1,0,12192.0,2,1,1,1,0,0,1,3,7.9,272.6,0,0,0,0,0,1
416800,78.219,-0.685,0,1,1,0,5.822,0.0,0,0,1,0,13.388,0.0,0,32.09,0,0,0,1,0,1,1,0,0,1,0,12192.0,2,1,1,1,0,0,1,3,8.7,271.6,0,0,0,0,0,1
416900,78.151,-0.685,0,1,1,0,5.822,0.0,0,0,1,0,13.388,0.0,0,32.15,0,0,0,1,0,1,1,0,0,1,0,12192.0,2,1,1,1,0,0,1,3,8.1,272.7,0,0,0,0,0,1
417000,78.083,-0.685,0,1,1,0,5.822,0.0,0,0,1,0,13.388,0.0,0,32.02,0,0,0,1,0,1,1,0,0,1,0,12192.0,2,1,1,1,0,0,1,3,7.9,269.8,0,0,0,0,0,1
417100,78.014,-0.685,0,1,1,0,5.822,0.0,0,0,1,0,13.388,0.0,0,31.9,0,0,0,1,0,1,1,0,0,1,0,12192.0,2,1,1,1,0,0,1,3,7.7,271.3,0,0,0,0,0,1
417200,77.946,-0.685,0,1,1,0,5.822,0.0,0,0,1,0,13.388,0.0,0,31.97,0,0,0,1,0,1,1,0,0,1,0,12192.0,2,1,1,1,0,0,1,3,7.0,269.8,0,0,0,0,0,1
417300,77.877,-0.685,0,1,1,0,5.822,0.0,0,0,1,0,13.388,0.0,0,32.01,0,0,0,1,0,1,1,0,0,1,0,12192.0,2,1,1,1,0,0,1,3,8.4,272.1,0,0,0,0,0,1
417400,77.809,-0.685,0,1,1,0,5.822,0.0,0,0,1,0,13.388,0.0,0,32.16,0,0,0,1,0,1,1,0,0,1,0,12192.0,2,1,1,1,0,0,1,3,7.9,269.9,0,0,0,0,0,1
417500,77.74,-0.685,0,1,1,0,5.822,0.0,0,0,1,0,13.388,0.0,0,32.04,0,0,0,1,0,1,1,0,0,1,0,12192.0,2,1,1,1,0,0,1,3,8.3,271.9,0,0,0,0,0,1
417600,77.672,-0.685,0,1,1,0,5.822,0.0,0,0,1,0,13.388,0.0,0,31.93,0,0,0,1,0,1,1,0,0,1,0,12192.0,2,1,1,1,0,0,1,3,8.8,272.0,0,0,0,0,0,1
417700,77.603,-0.685,0,1,1,0,5.822,0.0,0,0,1,0,13.388,0.0,0,31.86,0,0,0,1,0,1,1,0,0,1,0,12192.0,2,1,1,1,0,0,1,3,7.3,268.3,0,0,0,0,0,1
417800,77.535,-0.685,0,1,1,0,5.822,0.0,0,0,1,0,13.388,0.0,0,32.0,0,0,0,1,0,1,1,0,0,1,0,12192.0,2,1,1,1,0,0,1,3,8.0,267.6,0,0,0,0,0,1
417900,77.466,-0.685,0,1,1,0,5.822,0.0,0,0,1,0,13.388,0.0,0,32.04,0,0,0,1,0,1,1,0,0,1,0,12192.0,2,1,1,1,0,0,1,3,8.5,269.5,0,0,0,0,0,1
418000,77.398,-0.685,0,1,1,0,5.822,0.0,0,0,1,0,13.388,0.0,0,32.02,0,0,0,1,0,1,1,0,0,1,0,12192.0,2,1,1,1,0,0,1,3,7.6,271.2,0,0,0,0,0,1
418100,77.329,-0.685,0,1,1,0,5.822,0.0,0,0,1,0,13.388,0.0,0,32.05,0,0,0,1,0,1,1,0,0,1,0,12192.0,2,1,1,1,0,0,1,3,8.0,271.1,0,0,0,0,0,1
418200,77.261,-0.685,0,1,1,0,5.822,0.0,0,0,1,0,13.388,0.0,0,31.9,0,0,0,1,0,1,1,0,0,1,0,12192.0,2,1,1,1,0,0,1,3,7.6,265.2,0,0,0,0,0,1
418300,77.192,-0.685,0,1,1,0,5.822,0.0,0,0,1,0,13.388,0.0,0,31.78,0,0,0,1,0,1,1,0,0,1,0,12192.0,2,1,1,1,0,0,1,3,7.1,270.3,0,0,0,0,0,1
418400,77.124,-0.685,0,1,1,0,5.822,0.0,0,0,1,0,13.388,0.0,0,32.04,0,0,0,1,0,1,1,0,0,1,0,12192.0,2,1,1,1,0,0,1,3,7.7,269.9,0,0,0,0,0,1
418500,77.055,-0.685,0,1,1,0,5.822,0.0,0,0,1,0,13.388,0.0,0,32.27,0,0,0,1,0,1,1,0,0,1,0,12192.0,2,1,1,1,0,0,1,3,8.2,271.6,0,0,0,0,0,1
418600,76.987,-0.685,0,1,1,0,5.822,0.0,0,0,1,0,13.388,0.0,0,31.97,0,0,0,1,0,1,1,0,0,1,0,12192.0,2,1,1,1,0,0,1,3,8.0,270.7,0,0,0,0,0,1
418700,76.918,-0.685,0,1,1,0,5.822,0.0,0,0,1,0,13.388,0.0,0,32.08,0,0,0,1,0,1,1,0,0,1,0,12192.0,2,1,1,1,0,0,1,3,7.4,272.6,0,0,0,0,0,1
418800,76.85,-0.685,0,1,1,0,5.822,0.0,0,0,1,0,13.388,0.0,0,32.24,0,0,0,1,0,1,1,0,0,1,0,12192.0,2,1,1,1,0,0,1,3,7.8,272.2,0,0,0,0,0,1
418900,76.781,-0.685,0,1,1,0,5.822,0.0,0,0,1,0,13.388,0.0,0,32.14,0,0,0,1,0,1,1,0,0,1,0,12192.0,2,1,1,1,0,0,1,3,7.1,270.1,0,0,0,0,0,1
419000,76.713,-0.685,0,1,1,0,5.822,0.0,0,0,1,0,13.388,0.0,0,31.94,0,0,0,1,0,1,1,0,0,1,0,12192.0,2,1,1,1,0,0,1,3,7.7,276.4,0,0,0,0,0,1
419100,76.645,-0.685,0,1,1,0,5.822,0.0,0,0,1,0,13.388,0.0,0,32.24,0,0,0,1,0,1,1,0,0,1,0,12192.0,2,1,1,1,0,0,1,3,7.3,273.4,0,0,0,0,0,1
419200,76.576,-0.685,0,1,1,0,5.822,0.0,0,0,1,0,13.388,0.0,0,31.8,0,0,0,1,0,1,1,0,0,1,0,12192.0,2,1,1,1,0,0,1,3,7.3,272.0,0,0,0,0,0,1
419300,76.508,-0.685,0,1,1,0,5.822,0.0,0,0,1,0,13.388,0.0,0,32.16,0,0,0,1,0,1,1,0,0,1,0,12192.0,2,1,1,1,0,0,1,3,7.8,273.6,0,0,0,0,0,1
419400,76.439,-0.685,0,1,1,0,5.822,0.0,0,0,1,0,13.388,0.0,0,31.98,0,0,0,1,0,1,1,0,0,1,0,12192.0,2,1,1,1,0,0,1,3,8.4,270.8,0,0,0,0,0,1
419500,76.371,-0.685,0,1,1,0,5.822,0.0,0,0,1,0,13.388,0.0,0,31.84,0,0,0,1,0,1,1,0,0,1,0,12192.0,2,1,1,1,0,0,1,3,8.2,268.8,0,0,0,0,0,1
419600,76.302,-0.685,0,1,1,0,5.822,0.0,0,0,1,0,13.388,0.0,0,31.95,0,0,0,1,0,1,1,0,0,1,0,12192.0,2,1,1,1,0,0,1,3,8.3,268.9,0,0,0,0,0,1
419700,76.234,-0.685,0,1,1,0,5.822,0.0,0,0,1,0,13.388,0.0,0,31.99,0,0,0,1,0,1,1,0,0,1,0,12192.0,2,1,1,1,0,0,1,3,7.0,271.4,0,0,0,0,0,1
419800,76.165,-0.685,0,1,1,0,5.822,0.0,0,0,1,0,13.388,0.0,0,31.91,0,0,0,1,0,1,1,0,0,1,0,12192.0,2,1,1,1,0,0,1,3,7.2,269.5,0,0,0,0,0,1
419900,76.097,-0.685,0,1,1,0,5.822,0.0,0,0,1,0,13.388,0.0,0,32.2,0,0,0,1,0,1,1,0,0,1,0,12192.0,2,1,1,1,0,0,1,3,7.3,267.4,0,0,0,0,0,1
420000,76.028,-0.685,0,1,1,0,5.822,0.0,0,0,1,0,13.388,0.0,0,32.02,0,0,0,1,0,1,1,0,0,1,0,12192.0,2,1,1,1,0,0,1,3,7.9,266.8,0,0,0,0,0,1
420100,75.96,-0.685,0,1,1,0,5.822,0.0,0,0,1,0,13.388,0.0,0,31.94,0,0,0,1,0,1,1,0,0,1,0,12192.0,2,1,1,1,0,0,1,3,8.0,269.5,0,0,0,0,0,1
420200,75.891,-0.685,0,1,1,0,5.822,0.0,0,0,1,0,13.388,0.0,0,31.98,0,0,0,1,0,1,1,0,0,1,0,12192.0,2,1,1,1,0,0,1,3,7.8,265.9,0,0,0,0,0,1
420300,75.823,-0.685,0,1,1,0,5.822,0.0,0,0,1,0,13.388,0.0,0,32.11,0,0,0,1,0,1,1,0,0,1,0,12192.0,2,1,1,1,0,0,1,3,7.8,272.3,0,0,0,0,0,1
420400,75.754,-0.685,0,1,1,0,5.822,0.0,0,0,1,0,13.388,0.0,0,32.05,0,0,0,1,0,1,1,0,0,1,0,12192.0,2,1,1,1,0,0,1,3,7.3,269.9,0,0,0,0,0,1
420500,75.686,-0.685,0,1,1,0,5.822,0.0,0,0,1,0,13.388,0.0,0,32.09,0,0,0,1,0,1,1,0,0,1,0,12192.0,2,1,1,1,0,0,1,3,7.6,268.6,0,0,0,0,0,1
420600,75.617,-0.685,0,1,1,0,5.822,0.0,0,0,1,0,13.388,0.0,0,32.02,0,0,0,1,0,1,1,0,0,1,0,12192.0,2,1,1,1,0,0,1,3,7.4,274.2,0,0,0,0,0,1
420700,75.549,-0.685,0,1,1,0,5.822,0.0,0,0,1,0,13.388,0.0,0,32.0,0,0,0,1,0,1,1,0,0,1,0,12192.0,2,1,1,1,0,0,1,3,7.0,271.5,0,0,0,0,0,1
420800,75.48,-0.685,0,1,1,0,5.822,0.0,0,0,1,0,13.388,0.0,0,31.89,0,0,0,1,0,1,1,0,0,1,0,12192.0,2,1,1,1,0,0,1,3,7.6,268.8,0,0,0,0,0,1
420900,75.412,-0.685,0,1,1,0,5.822,0.0,0,0,1,0,13.388,0.0,0,31.79,0,0,0,1,0,1,1,0,0,1,0,12192.0,2,1,1,1,0,0,1,3,7.4,268.1,0,0,0,0,0,1
421000,75.344,-0.685,0,1,1,0,5.822,0.0,0,0,1,0,13.388,0.0,0,31.97,0,0,0,1,0,1,1,0,0,1,0,12192.0,2,1,1,1,0,0,1,3,7.1,268.4,0,0,0,0,0,1
421100,75.275,-0.685,0,1,1,0,5.822,0.0,0,0,1,0,13.388,0.0,0,32.06,0,0,0,1,0,1,1,0,0,1,0,12192.0,2,1,1,1,0,0,1,3,7.5,270.3,0,0,0,0,0,1
421200,75.207,-0.685,0,1,1,0,5.822,0.0,0,0,1,0,13.388,0.0,0,32.1,0,0,0,1,0,1,1,0,0,1,0,12192.0,2,1,1,1,0,0,1,3,7.1,273.0,0,0,0,0,0,1
421300,75.138,-0.685,0,1,1,0,5.822,0.0,0,0,1,0,13.388,0.0,0,32.01,0,0,0,1,0,1,1,0,0,1,0,12192.0,2,1,1,1,0,0,1,3,7.6,273.7,0,0,0,0,0,1
421400,75.07,-0.685,0,1,1,0,5.822,0.0,0,0,1,0,13.388,0.0,0,31.95,0,0,0,1,0,1,1,0,0,1,0,12192.0,2,1,1,1,0,0,1,3,7.2,267.8,0,0,0,0,0,1
421500,75.001,-0.685,0,1,1,0,5.822,0.0,0,0,1,0,13.388,0.0,0,31.9,0,0,0,1,0,1,1,0,0,1,0,12192.0,2,1,1,1,0,0,1,3,7.0,264.5,0,0,0,0,0,1
421600,74.933,-0.685,0,1,1,0,5.822,0.0,0,0,1,0,13.388,0.0,0,32.09,0,0,0,1,0,1,1,0,0,1,0,12192.0,2,1,1,1,0,0,1,3,7.8,265.6,0,0,0,0,0,1
421700,74.864,-0.685,0,1,1,0,5.822,0.0,0,0,1,0,13.388,0.0,0,32.0,0,0,0,1,0,1,1,0,0,1,0,12192.0,2,1,1,1,0,0,1,3,7.7,268.3,0,0,0,0,0,1
421800,74.796,-0.685,0,1,1,0,5.822,0.0,0,0,1,0,13.388,0.0,0,32.13,0,0,0,1,0,1,1,0,0,1,0,12192.0,2,1,1,1,0,0,1,3,8.4,267.4,0,0,0,0,0,1
421900,74.727,-0.685,0,1,1,0,5.822,0.0,0,0,1,0,13.388,0.0,0,31.9,0,0,0,1,0,1,1,0,0,1,0,12192.0,2,1,1,1,0,0,1,3,8.3,272.3,0,0,0,0,0,1
422000,74.659,-0.685,0,1,1,0,5.822,0.0,0,0,1,0,13.388,0.0,0,31.94,0,0,0,1,0,1,1,0,0,1,0,12192.0,2,1,1,1,0,0,1,3,8.4,271.8,0,0,0,0,0,1
422100,74.59,-0.685,0,1,1,0,5.822,0.0,0,0,1,0,13.388,0.0,0,31.65,0,0,0,1,0,1,1,0,0,1,0,12192.0,2,1,1,1,0,0,1,3,7.2,269.2,0,0,0,0,0,1
422200,74.522,-0.685,0,1,1,0,5.822,0.0,0,0,1,0,13.388,0.0,0,32.09,0,0,0,1,0,1,1,0,0,1,0,12192.0,2,1,1,1,0,0,1,3,7.7,269.7,0,0,0,0,0,1
422300,74.453,-0.685,0,1,1,0,5.822,0.0,0,0,1,0,13.388,0.0,0,32.0,0,0,0,1,0,1,1,0,0,1,0,12192.0,2,1,1,1,0,0,1,3,8.2,268.7,0,0,0,0,0,1
422400,74.385,-0.685,0,1,1,0,5.822,0.0,0,0,1,0,13.388,0.0,0,32.13,0,0,0,1,0,1,1,0,0,1,0,12192.0,2,1,1,1,0,0,1,3,8.2,269.8,0,0,0,0,0,1
422500,74.316,-0.685,0,1,1,0,5.822,0.0,0,0,1,0,13.388,0.0,0,32.15,0,0,0,1,0,1,1,0,0,1,0,12192.0,2,1,1,1,0,0,1,3,8.8,263.8,0,0,0,0,0,1
422600,74.248,-0.685,0,1,1,0,5.822,0.0,0,0,1,0,13.388,0.0,0,32.16,0,0,0,1,0,1,1,0,0,1,0,12192.0,2,1,1,1,0,0,1,3,8.2,271.5,0,0,0,0,0,1
422700,74.179,-0.685,0,1,1,0,5.822,0.0,0,0,1,0,13.388,0.0,0,32.14,0,0,0,1,0,1,1,0,0,1,0,12192.0,2,1,1,1,0,0,1,3,8.2,269.8,0,0,0,0,0,1
422800,74.111,-0.685,0,1,1,0,5.822,0.0,0,0,1,0,13.388,0.0,0,31.95,0,0,0,1,0,1,1,0,0,1,0,12192.0,2,1,1,1,0,0,1,3,8.5,270.4,0,0,0,0,0,1
422900,74.043,-0.685,0,1,1,0,5.822,0.0,0,0,1,0,13.388,0.0,0,31.93,0,0,0,1,0,1,1,0,0,1,0,12192.0,2,1,1,1,0,0,1,3,7.9,269.4,0,0,0,0,0,1
423000,73.974,-0.685,0,1,1,0,5.822,0.0,0,0,1,0,13.388,0.0,0,32.01,0,0,0,1,0,1,1,0,0,1,0,12192.0,2,1,1,1,0,0,1,3,8.2,269.3,0,0,0,0,0,1
423100,73.906,-0.685,0,1,1,0,5.822,0.0,0,0,1,0,13.388,0.0,0,31.83,0,0,0,1,0,1,1,0,0,1,0,12192.0,2,1,1,1,0,0,1,3,8.8,267.0,0,0,0,0,0,1
423200,73.837,-0.685,0,1,1,0,5.822,0.0,0,0,1,0,13.388,0.0,0,32.02,0,0,0,1,0,1,1,0,0,1,0,12192.0,2,1,1,1,0,0,1,3,8.2,269.7,0,0,0,0,0,1
423300,73.769,-0.685,0,1,1,0,5.822,0.0,0,0,1,0,13.388,0.0,0,32.21,0,0,0,1,0,1,1,0,0,1,0,12192.0,2,1,1,1,0,0,1,3,8.7,271.2,0,0,0,0,0,1
423400,73.7,-0.685,0,1,1,0,5.822,0.0,0,0,1,0,13.388,0.0,0,32.03,0,0,0,1,0,1,1,0,0,1,0,12192.0,2,1,1,1,0,0,1,3,8.7,270.3,0,0,0,0,0,1
423500,73.632,-0.685,0,1,1,0,5.822,0.0,0,0,1,0,13.388,0.0,0,31.94,0,0,0,1,0,1,1,0,0,1,0,12192.0,2,1,1,1,0,0,1,3,8.8,272.2,0,0,0,0,0,1
423600,73.563,-0.685,0,1,1,0,5.822,0.0,0,0,1,0,13.388,0.0,0,32.01,0,0,0,1,0,1,1,0,0,1,0,12192.0,2,1,1,1,0,0,1,3,8.3,267.9,0,0,0,0,0,1
423700,73.495,-0.685,0,1,1,0,5.822,0.0,0,0,1,0,13.388,0.0,0,31.97,0,0,0,1,0,1,1,0,0,1,0,12192.0,2,1,1,1,0,0,1,3,8.7,268.2,0,0,0,0,0,1
423800,73.426,-0.685,0,1,1,0,5.822,0.0,0,0,1,0,13.388,0.0,0,32.1,0,0,0,1,0,1,1,0,0,1,0,12192.0,2,1,1,1,0,0,1,3,9.4,268.5,0,0,0,0,0,1
423900,73.358,-0.685,0,1,1,0,5.822,0.0,0,0,1,0,13.388,0.0,0,31.96,0,0,0,1,0,1,1,0,0,1,0,12192.0,2,1,1,1,0,0,1,3,9.3,267.7,0,0,0,0,0,1
424000,73.289,-0.685,0,1,1,0,5.822,0.0,0,0,1,0,13.388,0.0,0,32.05,0,0,0,1,0,1,1,0,0,1,0,12192.0,2,1,1,1,0,0,1,3,8.2,270.2,0,0,0,0,0,1
424100,73.221,-0.685,0,1,1,0,5.822,0.0,0,0,1,0,13.388,0.0,0,32.26,0,0,0,1,0,1,1,0,0,1,0,12192.0,2,1,1,1,0,0,1,3,8.1,270.7,0,0,0,0,0,1
424200,73.152,-0.685,0,1,1,0,5.822,0.0,0,0,1,0,13.388,0.0,0,32.26,0,0,0,1,0,1,1,0,0,1,0,12192.0,2,1,1,1,0,0,1,3,9.4,269.5,0,0,0,0,0,1
424300,73.084,-0.685,0,1,1,0,5.822,0.0,0,0,1,0,13.388,0.0,0,31.85,0,0,0,1,0,1,1,0,0,1,0,12192.0,2,1,1,1,0,0,1,3,8.8,273.4,0,0,0,0,0,1
424400,73.015,-0.685,0,1,1,0,5.822,0.0,0,0,1,0,13.388,0.0,0,31.97,0,0,0,1,0,1,1,0,0,1,0,12192.0,2,1,1,1,0,0,1,3,8.9,273.8,0,0,0,0,0,1
424500,72.947,-0.685,0,1,1,0,5.822,0.0,0,0,1,0,13.388,0.0,0,31.91,0,0,0,1,0,1,1,0,0,1,0,12192.0,2,1,1,1,0,0,1,3,8.9,271.9,0,0,0,0,0,1
424600,72.878,-0.685,0,1,1,0,5.822,0.0,0,0,1,0,13.388,0.0,0,31.81,0,0,0,1,0,1,1,0,0,1,0,12192.0,2,1,1,1,0,0,1,3,8.2,268.8,0,0,0,0,0,1
424700,72.81,-0.685,0,1,1,0,5.822,0.0,0,0,1,0,13.388,0.0,0,32.09,0,0,0,1,0,1,1,0,0,1,0,12192.0,2,1,1,1,0,0,1,3,8.5,273.9,0,0,0,0,0,1
424800,72.741,-0.685,0,1,1,0,5.822,0.0,0,0,1,0,13.388,0.0,0,31.92,0,0,0,1,0,1,1,0,0,1,0,12192.0,2,1,1,1,0,0,1,3,9.1,271.3,0,0,0,0,0,1
424900,72.673,-0.685,0,1,1,0,5.822,0.0,0,0,1,0,13.388,0.0,0,31.92,0,0,0,1,0,1,1,0,0,1,0,12192.0,2,1,1,1,0,0,1,3,8.3,270.1,0,0,0,0,0,1
425000,72.605,-0.685,0,1,1,0,5.822,0.0,0,0,1,0,13.388,0.0,0,31.9,0,0,0,1,0,1,1,0,0,1,0,12192.0,2,1,1,1,0,0,1,3,8.4,273.7,0,0,0,0,0,1
425100,72.536,-0.685,0,1,1,0,5.822,0.0,0,0,1,0,13.388,0.0,0,31.95,0,0,0,1,0,1,1,0,0,1,0,12192.0,2,1,1,1,0,0,1,3,8.6,267.8,0,0,0,0,0,1
425200,72.468,-0.685,0,1,1,0,5.822,0.0,0,0,1,0,13.388,0.0,0,31.78,0,0,0,1,0,1,1,0,0,1,0,12192.0,2,1,1,1,0,0,1,3,8.6,267.2,0,0,0,0,0,1
425300,72.399,-0.685,0,1,1,0,5.822,0.0,0,0,1,0,13.388,0.0,0,32.14,0,0,0,1,0,1,1,0,0,1,0,12192.0,2,1,1,1,0,0,1,3,8.2,269.3,0,0,0,0,0,1
425400,72.331,-0.685,0,1,1,0,5.822,0.0,0,0,1,0,13.388,0.0,0,31.94,0,0,0,1,0,1,1,0,0,1,0,12192.0,2,1,1,1,0,0,1,3,8.2,274.7,0,0,0,0,0,1
425500,72.262,-0.685,0,1,1,0,5.822,0.0,0,0,1,0,13.388,0.0,0,32.21,0,0,0,1,0,1,1,0,0,1,0,12192.0,2,1,1,1,0,0,1,3,8.2,268.2,0,0,0,0,0,1
425600,72.194,-0.685,0,1,1,0,5.822,0.0,0,0,1,0,13.388,0.0,0,32.12,0,0,0,1,0,1,1,0,0,1,0,12192.0,2,1,1,1,0,0,1,3,7.7,267.9,0,0,0,0,0,1
425700,72.125,-0.685,0,1,1,0,5.822,0.0,0,0,1,0,13.388,0.0,0,32.0,0,0,0,1,0,1,1,0,0,1,0,12192.0,2,1,1,1,0,0,1,3,8.4,271.3,0,0,0,0,0,1
425800,72.057,-0.685,0,1,1,0,5.822,0.0,0,0,1,0,13.388,0.0,0,32.02,0,0,0,1,0,1,1,0,0,1,0,12192.0,2,1,1,1,0,0,1,3,9.0,266.8,0,0,0,0,0,1
425900,71.988,-0.685,0,1,1,0,5.822,0.0,0,0,1,0,13.388,0.0,0,31.89,0,0,0,1,0,1,1,0,0,1,0,12192.0,2,1,1,1,0,0,1,3,8.0,267.9,0,0,0,0,0,1
426000,71.92,-0.685,0,1,1,0,5.822,0.0,0,0,1,0,13.388,0.0,0,31.92,0,0,0,1,0,1,1,0,0,1,0,12192.0,2,1,1,1,0,0,1,3,8.7,265.8,0,0,0,0,0,1
426100,71.851,-0.685,0,1,1,0,5.822,0.0,0,0,1,0,13.388,0.0,0,32.1,0,0,0,1,0,1,1,0,0,1,0,12192.0,2,1,1,1,0,0,1,3,8.0,272.2,0,0,0,0,0,1
426200,71.783,-0.685,0,1,1,0,5.822,0.0,0,0,1,0,13.388,0.0,0,32.13,0,0,0,1,0,1,1,0,0,1,0,12192.0,2,1,1,1,0,0,1,3,8.1,269.6,0,0,0,0,0,1
426300,71.714,-0.685,0,1,1,0,5.822,0.0,0,0,1,0,13.388,0.0,0,32.11,0,0,0,1,0,1,1,0,0,1,0,12192.0,2,1,1,1,0,0,1,3,8.3,274.6,0,0,0,0,0,1
426400,71.646,-0.685,0,1,1,0,5.822,0.0,0,0,1,0,13.388,0.0,0,32.08,0,0,0,1,0,1,1,0,0,1,0,12192.0,2,1,1,1,0,0,1,3,7.8,267.4,0,0,0,0,0,1
426500,71.577,-0.685,0,1,1,0,5.822,0.0,0,0,1,0,13.388,0.0,0,32.07,0,0,0,1,0,1,1,0,0,1,0,12192.0,2,1,1,1,0,0,1,3,8.1,274.5,0,0,0,0,0,1
426600,71.509,-0.685,0,1,1,0,5.822,0.0,0,0,1,0,13.388,0.0,0,31.91,0,0,0,1,0,1,1,0,0,1,0,12192.0,2,1,1,1,0,0,1,3,8.0,270.5,0,0,0,0,0,1
426700,71.44,-0.685,0,1,1,0,5.822,0.0,0,0,1,0,13.388,0.0,0,32.03,0,0,0,1,0,1,1,0,0,1,0,12192.0,2,1,1,1,0,0,1,3,8.1,272.9,0,0,0,0,0,1
426800,71.372,-0.685,0,1,1,0,5.822,0.0,0,0,1,0,13.388,0.0,0,31.84,0,0,0,1,0,1,1,0,0,1,0,12192.0,2,1,1,1,0,0,1,3,7.4,270.5,0,0,0,0,0,1
426900,71.304,-0.685,0,1,1,0,5.822,0.0,0,0,1,0,13.388,0.0,0,31.85,0,0,0,1,0,1,1,0,0,1,0,12192.0,2,1,1,1,0,0,1,3,7.9,269.9,0,0,0,0,0,1
427000,71.235,-0.685,0,1,1,0,5.822,0.0,0,0,1,0,13.388,0.0,0,31.93,0,0,0,1,0,1,1,0,0,1,0,12192.0,2,1,1,1,0,0,1,3,7.5,270.9,0,0,0,0,0,1
427100,71.167,-0.685,0,1,1,0,5.822,0.0,0,0,1,0,13.388,0.0,0,31.97,0,0,0,1,0,1,1,0,0,1,0,12192.0,2,1,1,1,0,0,1,3,8.0,270.2,0,0,0,0,0,1
427200,71.098,-0.685,0,1,1,0,5.822,0.0,0,0,1,0,13.388,0.0,0,31.99,0,0,0,1,0,1,1,0,0,1,0,12192.0,2,1,1,1,0,0,1,3,8.2,271.8,0,0,0,0,0,1
427300,71.03,-0.685,0,1,1,0,5.822,0.0,0,0,1,0,13.388,0.0,0,31.89,0,0,0,1,0,1,1,0,0,1,0,12192.0,2,1,1,1,0,0,1,3,7.8,271.2,0,0,0,0,0,1
427400,70.961,-0.685,0,1,1,0,5.822,0.0,0,0,1,0,13.388,0.0,0,32.33,0,0,0,1,0,1,1,0,0,1,0,12192.0,2,1,1,1,0,0,1,3,7.7,269.4,0,0,0,0,0,1
427500,70.893,-0.685,0,1,1,0,5.822,0.0,0,0,1,0,13.388,0.0,0,31.87,0,0,0,1,0,1,1,0,0,1,0,12192.0,2,1,1,1,0,0,1,3,7.4,269.3,0,0,0,0,0,1
427600,70.824,-0.685,0,1,1,0,5.822,0.0,0,0,1,0,13.388,0.0,0,31.99,0,0,0,1,0,1,1,0,0,1,0,12192.0,2,1,1,1,0,0,1,3,7.1,270.2,0,0,0,0,0,1
427700,70.756,-0.685,0,1,1,0,5.822,0.0,0,0,1,0,13.388,0.0,0,32.0,0,0,0,1,0,1,1,0,0,1,0,12192.0,2,1,1,1,0,0,1,3,7.4,269.7,0,0,0,0,0,1
427800,70.687,-0.685,0,1,1,0,5.822,0.0,0,0,1,0,13.388,0.0,0,32.05,0,0,0,1,0,1,1,0,0,1,0,12192.0,2,1,1,1,0,0,1,3,7.6,269.3,0,0,0,0,0,1
427900,70.619,-0.685,0,1,1,0,5.822,0.0,0,0,1,0,13.388,0.0,0,32.03,0,0,0,1,0,1,1,0,0,1,0,12192.0,2,1,1,1,0,0,1,3,7.5,268.6,0,0,0,0,0,1
428000,70.55,-0.685,0,1,1,0,5.822,0.0,0,0,1,0,13.388,0.0,0,32.04,0,0,0,1,0,1,1,0,0,1,0,12192.0,2,1,1,1,0,0,1,3,7.3,270.2,0,0,0,0,0,1
428100,70.482,-0.685,0,1,1,0,5.822,0.0,0,0,1,0,13.388,0.0,0,32.06,0,0,0,1,0,1,1,0,0,1,0,12192.0,2,1,1,1,0,0,1,3,7.4,269.4,0,0,0,0,0,1
428200,70.413,-0.685,0,1,1,0,5.822,0.0,0,0,1,0,13.388,0.0,0,32.03,0,0,0,1,0,1,1,0,0,1,0,12192.0,2,1,1,1,0,0,1,3,7.4,273.2,0,0,0,0,0,1
428300,70.345,-0.685,0,1,1,0,5.822,0.0,0,0,1,0,13.388,0.0,0,32.05,0,0,0,1,0,1,1,0,0,1,0,12192.0,2,1,1,1,0,0,1,3,6.7,270.5,0,0,0,0,0,1
428400,70.276,-0.685,0,1,1,0,5.822,0.0,0,0,1,0,13.388,0.0,0,32.02,0,0,0,1,0,1,1,0,0,1,0,12192.0,2,1,1,1,0,0,1,3,7.7,268.3,0,0,0,0,0,1
428500,70.208,-0.685,0,1,1,0,5.822,0.0,0,0,1,0,13.388,0.0,0,31.77,0,0,0,1,0,1,1,0,0,1,0,12192.0,2,1,1,1,0,0,1,3,6.8,267.7,0,0,0,0,0,1
428600,70.139,-0.685,0,1,1,0,5.822,0.0,0,0,1,0,13.388,0.0,0,31.98,0,0,0,1,0,1,1,0,0,1,0,12192.0,2,1,1,1,0,0,1,3,7.6,271.7,0,0,0,0,0,1
428700,70.071,-0.685,0,1,1,0,5.822,0.0,0,0,1,0,13.388,0.0,0,32.2,0,0,0,1,0,1,1,0,0,1,0,12192.0,2,1,1,1,0,0,1,3,6.9,273.1,0,0,0,0,0,1
428800,70.003,-0.685,0,1,1,0,5.822,0.0,0,0,1,0,13.388,0.0,0,32.02,0,0,0,1,0,1,1,0,0,1,0,12192.0,2,1,1,1,0,0,1,3,7.3,271.7,0,0,0,0,0,1
428900,69.934,-0.685,0,1,1,0,5.822,0.0,0,0,1,0,13.388,0.0,0,32.05,0,0,0,1,0,1,1,0,0,1,0,12192.0,2,1,1,1,0,0,1,3,6.8,273.3,0,0,0,0,0,1
429000,69.866,-0.685,0,1,1,0,5.822,0.0,0,0,1,0,13.388,0.0,0,31.92,0,0,0,1,0,1,1,0,0,1,0,12192.0,2,1,1,1,0,0,1,3,7.7,267.4,0,0,0,0,0,1
429100,69.797,-0.685,0,1,1,0,5.822,0.0,0,0,1,0,13.388,0.0,0,31.8,0,0,0,1,0,1,1,0,0,1,0,12192.0,2,1,1,1,0,0,1,3,7.5,268.4,0,0,0,0,0,1
429200,69.729,-0.685,0,1,1,0,5.822,0.0,0,0,1,0,13.388,0.0,0,31.93,0,0,0,1,0,1,1,0,0,1,0,12192.0,2,1,1,1,0,0,1,3,7.2,268.1,0,0,0,0,0,1
429300,69.66,-0.685,0,1,1,0,5.822,0.0,0,0,1,0,13.388,0.0,0,31.91,0,0,0,1,0,1,1,0,0,1,0,12192.0,2,1,1,1,0,0,1,3,7.5,266.4,0,0,0,0,0,1
429400,69.592,-0.685,0,1,1,0,5.822,0.0,0,0,1,0,13.388,0.0,0,32.0,0,0,0,1,0,1,1,0,0,1,0,12192.0,2,1,1,1,0,0,1,3,7.8,273.4,0,0,0,0,0,1
429500,69.523,-0.685,0,1,1,0,5.822,0.0,0,0,1,0,13.388,0.0,0,31.88,0,0,0,1,0,1,1,0,0,1,0,12192.0,2,1,1,1,0,0,1,3,7.4,272.2,0,0,0,0,0,1
429600,69.455,-0.685,0,1,1,0,5.822,0.0,0,0,1,0,13.388,0.0,0,31.8,0,0,0,1,0,1,1,0,0,1,0,12192.0,2,1,1,1,0,0,1,3,8.1,274.0,0,0,0,0,0,1
429700,69.386,-0.685,0,1,1,0,5.822,0.0,0,0,1,0,13.388,0.0,0,31.95,0,0,0,1,0,1,1,0,0,1,0,12192.0,2,1,1,1,0,0,1,3,7.7,276.0,0,0,0,0,0,1
429800,69.318,-0.685,0,1,1,0,5.822,0.0,0,0,1,0,13.388,0.0,0,32.13,0,0,0,1,0,1,1,0,0,1,0,12192.0,2,1,1,1,0,0,1,3,7.5,269.8,0,0,0,0,0,1
429900,69.249,-0.685,0,1,1,0,5.822,0.0,0,0,1,0,13.388,0.0,0,32.07,0,0,0,1,0,1,1,0,0,1,0,12192.0,2,1,1,1,0,0,1,3,7.9,271.3,0,0,0,0,0,1
430000,69.181,-0.685,0,1,1,0,5.822,0.0,0,0,1,0,13.388,0.0,0,32.13,0,0,0,1,0,1,1,0,0,1,0,12192.0,2,1,1,1,0,0,1,3,7.7,275.5,0,0,0,0,0,1
430100,69.112,-0.685,0,1,1,0,5.822,0.0,0,0,1,0,13.388,0.0,0,32.02,0,0,0,1,0,1,1,0,0,1,0,12192.0,2,1,1,1,0,0,1,3,7.4,268.6,0,0,0,0,0,1
430200,69.044,-0.685,0,1,1,0,5.822,0.0,0,0,1,0,13.388,0.0,0,32.01,0,0,0,1,0,1,1,0,0,1,0,12192.0,2,1,1,1,0,0,1,3,8.6,270.8,0,0,0,0,0,1
430300,68.975,-0.685,0,1,1,0,5.822,0.0,0,0,1,0,13.388,0.0,0,32.19,0,0,0,1,0,1,1,0,0,1,0,12192.0,2,1,1,1,0,0,1,3,7.7,270.8,0,0,0,0,0,1
430400,68.907,-0.685,0,1,1,0,5.822,0.0,0,0,1,0,13.388,0.0,0,32.01,0,0,0,1,0,1,1,0,0,1,0,12192.0,2,1,1,1,0,0,1,3,7.3,269.3,0,0,0,0,0,1
430500,68.838,-0.685,0,1,1,0,5.822,0.0,0,0,1,0,13.388,0.0,0,32.1,0,0,0,1,0,1,1,0,0,1,0,12192.0,2,1,1,1,0,0,1,3,8.0,271.4,0,0,0,0,0,1
430600,68.77,-0.685,0,1,1,0,5.822,0.0,0,0,1,0,13.388,0.0,0,31.96,0,0,0,1,0,1,1,0,0,1,0,12192.0,2,1,1,1,0,0,1,3,7.8,270.0,0,0,0,0,0,1
430700,68.701,-0.685,0,1,1,0,5.822,0.0,0,0,1,0,13.388,0.0,0,32.17,0,0,0,1,0,1,1,0,0,1,0,12192.0,2,1,1,1,0,0,1,3,8.4,270.5,0,0,0,0,0,1
430800,68.633,-0.685,0,1,1,0,5.822,0.0,0,0,1,0,13.388,0.0,0,32.06,0,0,0,1,0,1,1,0,0,1,0,12192.0,2,1,1,1,0,0,1,3,7.7,268.3,0,0,0,0,0,1
430900,68.565,-0.685,0,1,1,0,5.822,0.0,0,0,1,0,13.388,0.0,0,31.92,0,0,0,1,0,1,1,0,0,1,0,12192.0,2,1,1,1,0,0,1,3,8.3,267.3,0,0,0,0,0,1
431000,68.496,-0.685,0,1,1,0,5.822,0.0,0,0,1,0,13.388,0.0,0,31.99,0,0,0,1,0,1,1,0,0,1,0,12192.0,2,1,1,1,0,0,1,3,7.8,273.5,0,0,0,0,0,1
431100,68.428,-0.685,0,1,1,0,5.822,0.0,0,0,1,0,13.388,0.0,0,32.1,0,0,0,1,0,1,1,0,0,1,0,12192.0,2,1,1,1,0,0,1,3,7.9,269.8,0,0,0,0,0,1
431200,68.359,-0.685,0,1,1,0,5.822,0.0,0,0,1,0,13.388,0.0,0,31.94,0,0,0,1,0,1,1,0,0,1,0,12192.0,2,1,1,1,0,0,1,3,8.4,268.9,0,0,0,0,0,1
431300,68.291,-0.685,0,1,1,0,5.822,0.0,0,0,1,0,13.388,0.0,0,32.14,0,0,0,1,0,1,1,0,0,1,0,12192.0,2,1,1,1,0,0,1,3,8.2,267.2,0,0,0,0,0,1
431400,68.222,-0.685,0,1,1,0,5.822,0.0,0,0,1,0,13.388,0.0,0,31.73,0,0,0,1,0,1,1,0,0,1,0,12192.0,2,1,1,1,0,0,1,3,8.1,267.4,0,0,0,0,0,1
431500,68.154,-0.685,0,1,1,0,5.822,0.0,0,0,1,0,13.388,0.0,0,32.12,0,0,0,1,0,1,1,0,0,1,0,12192.0,2,1,1,1,0,0,1,3,9.1,268.8,0,0,0,0,0,1
431600,68.085,-0.685,0,1,1,0,5.822,0.0,0,0,1,0,13.388,0.0,0,32.06,0,0,0,1,0,1,1,0,0,1,0,12192.0,2,1,1,1,0,0,1,3,8.8,267.9,0,0,0,0,0,1
431700,68.017,-0.685,0,1,1,0,5.822,0.0,0,0,1,0,13.388,0.0,0,32.15,0,0,0,1,0,1,1,0,0,1,0,12192.0,2,1,1,1,0,0,1,3,8.2,269.4,0,0,0,0,0,1
431800,67.948,-0.685,0,1,1,0,5.822,0.0,0,0,1,0,13.388,0.0,0,32.03,0,0,0,1,0,1,1,0,0,1,0,12192.0,2,1,1,1,0,0,1,3,9.2,272.8,0,0,0,0,0,1
431900,67.88,-0.685,0,1,1,0,5.822,0.0,0,0,1,0,13.388,0.0,0,32.07,0,0,0,1,0,1,1,0,0,1,0,12192.0,2,1,1,1,0,0,1,3,8.1,272.4,0,0,0,0,0,1
432000,67.811,-0.685,0,1,1,0,5.822,0.0,0,0,1,0,13.388,0.0,0,32.32,0,0,0,1,0,1,1,0,0,1,0,12192.0,2,1,1,1,0,0,1,3,9.0,272.4,0,0,0,0,0,1
432100,67.743,-0.685,0,1,1,0,5.822,0.0,0,0,1,0,13.388,0.0,0,31.93,0,0,0,1,0,1,1,0,0,1,0,12192.0,2,1,1,1,0,0,1,3,8.8,267.2,0,0,0,0,0,1
432200,67.674,-0.685,0,1,1,0,5.822,0.0,0,0,1,0,13.388,0.0,0,32.0,0,0,0,1,0,1,1,0,0,1,0,12192.0,2,1,1,1,0,0,1,3,8.0,265.7,0,0,0,0,0,1
432300,67.606,-0.685,0,1,1,0,5.822,0.0,0,0,1,0,13.388,0.0,0,32.02,0,0,0,1,0,1,1,0,0,1,0,12192.0,2,1,1,1,0,0,1,3,8.5,268.3,0,0,0,0,0,1
432400,67.537,-0.685,0,1,1,0,5.822,0.0,0,0,1,0,13.388,0.0,0,32.19,0,0,0,1,0,1,1,0,0,1,0,12192.0,2,1,1,1,0,0,1,3,9.0,270.1,0,0,0,0,0,1
432500,67.469,-0.685,0,1,1,0,5.822,0.0,0,0,1,0,13.388,0.0,0,32.04,0,0,0,1,0,1,1,0,0,1,0,12192.0,2,1,1,1,0,0,1,3,9.3,269.2,0,0,0,0,0,1
432600,67.4,-0.685,0,1,1,0,5.822,0.0,0,0,1,0,13.388,0.0,0,31.96,0,0,0,1,0,1,1,0,0,1,0,12192.0,2,1,1,1,0,0,1,3,9.0,269.2,0,0,0,0,0,1
432700,67.332,-0.685,0,1,1,0,5.822,0.0,0,0,1,0,13.388,0.0,0,32.09,0,0,0,1,0,1,1,0,0,1,0,12192.0,2,1,1,1,0,0,1,3,9.1,273.8,0,0,0,0,0,1
432800,67.264,-0.685,0,1,1,0,5.822,0.0,0,0,1,0,13.388,0.0,0,31.94,0,0,0,1,0,1,1,0,0,1,0,12192.0,2,1,1,1,0,0,1,3,9.0,273.0,0,0,0,0,0,1
432900,67.195,-0.685,0,1,1,0,5.822,0.0,0,0,1,0,13.388,0.0,0,31.95,0,0,0,1,0,1,1,0,0,1,0,12192.0,2,1,1,1,0,0,1,3,8.7,272.4,0,0,0,0,0,1
433000,67.127,-0.685,0,1,1,0,5.822,0.0,0,0,1,0,13.388,0.0,0,32.12,0,0,0,1,0,1,1,0,0,1,0,12192.0,2,1,1,1,0,0,1,3,8.2,267.2,0,0,0,0,0,1
433100,67.058,-0.685,0,1,1,0,5.822,0.0,0,0,1,0,13.388,0.0,0,31.98,0,0,0,1,0,1,1,0,0,1,0,12192.0,2,1,1,1,0,0,1,3,9.5,267.4,0,0,0,0,0,1
433200,66.99,-0.685,0,1,1,0,5.822,0.0,0,0,1,0,13.388,0.0,0,31.86,0,0,0,1,0,1,1,0,0,1,0,12192.0,2,1,1,1,0,0,1,3,8.9,270.0,0,0,0,0,0,1
433300,66.921,-0.685,0,1,1,0,5.822,0.0,0,0,1,0,13.388,0.0,0,31.95,0,0,0,1,0,1,1,0,0,1,0,12192.0,2,1,1,1,0,0,1,3,8.1,266.2,0,0,0,0,0,1
433400,66.853,-0.685,0,1,1,0,5.822,0.0,0,0,1,0,13.388,0.0,0,31.96,0,0,0,1,0,1,1,0,0,1,0,12192.0,2,1,1,1,0,0,1,3,8.4,270.1,0,0,0,0,0,1
433500,66.784,-0.685,0,1,1,0,5.822,0.0,0,0,1,0,13.388,0.0,0,32.02,0,0,0,1,0,1,1,0,0,1,0,12192.0,2,1,1,1,0,0,1,3,7.7,271.4,0,0,0,0,0,1
433600,66.716,-0.685,0,1,1,0,5.822,0.0,0,0,1,0,13.388,0.0,0,32.11,0,0,0,1,0,1,1,0,0,1,0,12192.0,2,1,1,1,0,0,1,3,8.8,270.6,0,0,0,0,0,1
433700,66.647,-0.685,0,1,1,0,5.822,0.0,0,0,1,0,13.388,0.0,0,32.06,0,0,0,1,0,1,1,0,0,1,0,12192.0,2,1,1,1,0,0,1,3,8.0,269.5,0,0,0,0,0,1
433800,66.579,-0.685,0,1,1,0,5.822,0.0,0,0,1,0,13.388,0.0,0,32.06,0,0,0,1,0,1,1,0,0,1,0,12192.0,2,1,1,1,0,0,1,3,8.8,268.9,0,0,0,0,0,1
433900,66.51,-0.685,0,1,1,0,5.822,0.0,0,0,1,0,13.388,0.0,0,31.89,0,0,0,1,0,1,1,0,0,1,0,12192.0,2,1,1,1,0,0,1,3,8.8,266.3,0,0,0,0,0,1
434000,66.442,-0.685,0,1,1,0,5.822,0.0,0,0,1,0,13.388,0.0,0,32.02,0,0,0,1,0,1,1,0,0,1,0,12192.0,2,1,1,1,0,0,1,3,8.5,271.9,0,0,0,0,0,1
434100,66.373,-0.685,0,1,1,0,5.822,0.0,0,0,1,0,13.388,0.0,0,31.96,0,0,0,1,0,1,1,0,0,1,0,12192.0,2,1,1,1,0,0,1,3,8.4,267.4,0,0,0,0,0,1
434200,66.305,-0.685,0,1,1,0,5.822,0.0,0,0,1,0,13.388,0.0,0,32.05,0,0,0,1,0,1,1,0,0,1,0,12192.0,2,1,1,1,0,0,1,3,8.9,271.8,0,0,0,0,0,1
434300,66.236,-0.685,0,1,1,0,5.822,0.0,0,0,1,0,13.388,0.0,0,32.0,0,0,0,1,0,1,1,0,0,1,0,12192.0,2,1,1,1,0,0,1,3,9.2,265.0,0,0,0,0,0,1
434400,66.168,-0.685,0,1,1,0,5.822,0.0,0,0,1,0,13.388,0.0,0,32.05,0,0,0,1,0,1,1,0,0,1,0,12192.0,2,1,1,1,0,0,1,3,9.3,272.9,0,0,0,0,0,1
434500,66.099,-0.685,0,1,1,0,5.822,0.0,0,0,1,0,13.388,0.0,0,31.98,0,0,0,1,0,1,1,0,0,1,0,12192.0,2,1,1,1,0,0,1,3,8.1,265.4,0,0,0,0,0,1
434600,66.031,-0.685,0,1,1,0,5.822,0.0,0,0,1,0,13.388,0.0,0,32.08,0,0,0,1,0,1,1,0,0,1,0,12192.0,2,1,1,1,0,0,1,3,7.8,266.3,0,0,0,0,0,1
434700,65.963,-0.685,0,1,1,0,5.822,0.0,0,0,1,0,13.388,0.0,0,32.15,0,0,0,1,0,1,1,0,0,1,0,12192.0,2,1,1,1,0,0,1,3,9.0,273.6,0,0,0,0,0,1
434800,65.894,-0.685,0,1,1,0,5.822,0.0,0,0,1,0,13.388,0.0,0,31.93,0,0,0,1,0,1,1,0,0,1,0,12192.0,2,1,1,1,0,0,1,3,8.8,272.1,0,0,0,0,0,1
434900,65.826,-0.685,0,1,1,0,5.822,0.0,0,0,1,0,13.388,0.0,0,32.02,0,0,0,1,0,1,1,0,0,1,0,12192.0,2,1,1,1,0,0,1,3,7.7,269.9,0,0,0,0,0,1
435000,65.757,-0.685,0,1,1,0,5.822,0.0,0,0,1,0,13.388,0.0,0,31.82,0,0,0,1,0,1,1,0,0,1,0,12192.0,2,1,1,1,0,0,1,3,7.6,271.4,0,0,0,0,0,1
435100,65.689,-0.685,0,1,1,0,5.822,0.0,0,0,1,0,13.388,0.0,0,31.82,0,0,0,1,0,1,1,0,0,1,0,12192.0,2,1,1,1,0,0,1,3,7.8,273.2,0,0,0,0,0,1
435200,65.62,-0.685,0,1,1,0,5.822,0.0,0,0,1,0,13.388,0.0,0,31.86,0,0,0,1,0,1,1,0,0,1,0,12192.0,2,1,1,1,0,0,1,3,7.6,267.3,0,0,0,0,0,1
435300,65.552,-0.685,0,1,1,0,5.822,0.0,0,0,1,0,13.388,0.0,0,31.98,0,0,0,1,0,1,1,0,0,1,0,12192.0,2,1,1,1,0,0,1,3,7.7,267.4,0,0,0,0,0,1
435400,65.483,-0.685,0,1,1,0,5.822,0.0,0,0,1,0,13.388,0.0,0,32.0,0,0,0,1,0,1,1,0,0,1,0,12192.0,2,1,1,1,0,0,1,3,8.2,271.7,0,0,0,0,0,1
435500,65.415,-0.685,0,1,1,0,5.822,0.0,0,0,1,0,13.388,0.0,0,31.91,0,0,0,1,0,1,1,0,0,1,0,12192.0,2,1,1,1,0,0,1,3,7.5,268.6,0,0,0,0,0,1
435600,65.346,-0.685,0,1,1,0,5.822,0.0,0,0,1,0,13.388,0.0,0,32.11,0,0,0,1,0,1,1,0,0,1,0,12192.0,2,1,1,1,0,0,1,3,7.7,268.6,0,0,0,0,0,1
435700,65.278,-0.685,0,1,1,0,5.822,0.0,0,0,1,0,13.388,0.0,0,32.0,0,0,0,1,0,1,1,0,0,1,0,12192.0,2,1,1,1,0,0,1,3,8.3,272.8,0,0,0,0,0,1
435800,65.209,-0.685,0,1,1,0,5.822,0.0,0,0,1,0,13.388,0.0,0,32.25,0,0,0,1,0,1,1,0,0,1,0,12192.0,2,1,1,1,0,0,1,3,8.1,266.7,0,0,0,0,0,1
435900,65.141,-0.685,0,1,1,0,5.822,0.0,0,0,1,0,13.388,0.0,0,32.16,0,0,0,1,0,1,1,0,0,1,0,12192.0,2,1,1,1,0,0,1,3,7.4,269.9,0,0,0,0,0,1
436000,65.074,-0.67,0,1,1,0,5.822,0.0,0,0,1,0,13.388,0.0,0,31.93,0,0,0,1,0,1,1,0,0,1,0,12192.0,2,1,1,1,0,0,1,3,7.1,268.2,0,0,0,0,0,1
436100,65.008,-0.655,0,1,1,0,5.822,0.0,0,0,1,0,13.388,0.0,0,31.87,0,0,0,1,0,1,1,0,0,1,0,12192.0,2,1,1,1,0,0,1,3,7.9,271.6,0,0,0,0,0,1
436200,64.944,-0.641,0,1,1,0,5.822,0.0,0,0,1,0,13.388,0.0,0,32.06,0,0,0,1,0,1,1,0,0,1,0,12192.0,2,1,1,1,0,0,1,3,7.9,272.8,0,0,0,0,0,1
436300,64.882,-0.626,0,1,1,0,5.822,0.0,0,0,1,0,13.388,0.0,0,32.13,0,0,0,1,0,1,1,0,0,1,0,12192.0,2,1,1,1,0,0,1,3,7.4,272.3,0,0,0,0,0,1
436400,64.821,-0.611,0,1,1,0,5.822,0.0,0,0,1,0,13.388,0.0,0,32.07,0,0,0,1,0,1,1,0,0,1,0,12192.0,2,1,1,1,0,0,1,3,7.8,271.0,0,0,0,0,0,1
436500,64.761,-0.596,0,1,1,0,5.822,0.0,0,0,1,0,13.388,0.0,0,32.21,0,0,0,1,0,1,1,0,0,1,0,12192.0,2,1,1,1,0,0,1,3,7.6,269.5,0,0,0,0,0,1
436600,64.703,-0.581,0,1,1,0,5.822,0.0,0,0,1,0,13.388,0.0,0,31.89,0,0,0,1,0,1,1,0,0,1,0,12192.0,2,1,1,1,0,0,1,3,7.7,268.7,0,0,0,0,0,1
436700,64.646,-0.566,0,1,1,0,5.822,0.0,0,0,1,0,13.388,0.0,0,31.87,0,0,0,1,0,1,1,0,0,1,0,12192.0,2,1,1,1,0,0,1,3,7.7,269.7,0,0,0,0,0,1
436800,64.591,-0.551,0,1,1,0,5.822,0.0,0,0,1,0,13.388,0.0,0,32.08,0,0,0,1,0,1,1,0,0,1,0,12192.0,2,1,1,1,0,0,1,3,6.7,270.5,0,0,0,0,0,1
436900,64.537,-0.536,0,1,1,0,5.822,0.0,0,0,1,0,13.388,0.0,0,31.95,0,0,0,1,0,1,1,0,0,1,0,12192.0,2,1,1,1,0,0,1,3,7.5,265.7,0,0,0,0,0,1
437000,64.485,-0.521,0,1,1,0,5.822,0.0,0,0,1,0,13.388,0.0,0,32.22,0,0,0,1,0,1,1,0,0,1,0,12192.0,2,1,1,1,0,0,1,3,6.9,269.3,0,0,0,0,0,1
437100,64.435,-0.506,0,1,1,0,5.822,0.0,0,0,1,0,13.388,0.0,0,32.01,0,0,0,1,0,1,1,0,0,1,0,12192.0,2,1,1,1,0,0,1,3,7.7,269.1,0,0,0,0,0,1
437200,64.386,-0.492,0,1,1,0,5.822,0.0,0,0,1,0,13.388,0.0,0,31.97,0,0,0,1,0,1,1,0,0,1,0,12192.0,2,1,1,1,0,0,1,3,7.5,269.4,0,0,0,0,0,1
437300,64.338,-0.477,0,1,1,0,5.822,0.0,0,0,1,0,13.388,0.0,0,31.85,0,0,0,1,0,1,1,0,0,1,0,12192.0,2,1,1,1,0,0,1,3,7.6,269.6,0,0,0,0,0,1
437400,64.292,-0.462,0,1,1,0,5.822,0.0,0,0,1,0,13.388,0.0,0,32.2,0,0,0,1,0,1,1,0,0,1,0,12192.0,2,1,1,1,0,0,1,3,7.4,267.4,0,0,0,0,0,1
437500,64.247,-0.447,0,1,1,0,5.822,0.0,0,0,1,0,13.388,0.0,0,31.95,0,0,0,1,0,1,1,0,0,1,0,12192.0,2,1,1,1,0,0,1,3,6.8,270.6,0,0,0,0,0,1
437600,64.204,-0.432,0,1,1,0,5.822,0.0,0,0,1,0,13.388,0.0,0,31.97,0,0,0,1,0,1,1,0,0,1,0,12192.0,2,1,1,1,0,0,1,3,7.6,267.9,0,0,0,0,0,1
437700,64.162,-0.417,0,1,1,0,5.822,0.0,0,0,1,0,13.388,0.0,0,31.81,0,0,0,1,0,1,1,0,0,1,0,12192.0,2,1,1,1,0,0,1,3,7.3,273.7,0,0,0,0,0,1
437800,64.122,-0.402,0,1,1,0,5.822,0.0,0,0,1,0,13.388,0.0,0,31.98,0,0,0,1,0,1,1,0,0,1,0,12192.0,2,1,1,1,0,0,1,3,7.3,267.7,0,0,0,0,0,1
437900,64.083,-0.387,0,1,1,0,5.822,0.0,0,0,1,0,13.388,0.0,0,31.84,0,0,0,1,0,1,1,0,0,1,0,12192.0,2,1,1,1,0,0,1,3,7.4,268.1,0,0,0,0,0,1
438000,64.046,-0.372,0,1,1,0,5.822,0.0,0,0,1,0,13.388,0.0,0,31.92,0,0,0,1,0,1,1,0,0,1,0,12192.0,2,1,1,1,0,0,1,3,7.7,269.2,0,0,0,0,0,1
438100,64.011,-0.357,0,1,1,0,5.822,0.0,0,0,1,0,13.388,0.0,0,31.88,0,0,0,1,0,1,1,0,0,1,0,12192.0,2,1,1,1,0,0,1,3,7.5,269.2,0,0,0,0,0,1
438200,63.976,-0.342,0,1,1,0,5.822,0.0,0,0,1,0,13.388,0.0,0,31.98,0,0,0,1,0,1,1,0,0,1,0,12192.0,2,1,1,1,0,0,1,3,7.6,267.5,0,0,0,0,0,1
438300,63.944,-0.327,0,1,1,0,5.822,0.0,0,0,1,0,13.388,0.0,0,32.08,0,0,0,1,0,1,1,0,0,1,0,12192.0,2,1,1,1,0,0,1,3,7.2,272.9,0,0,0,0,0,1
438400,63.913,-0.311,0,1,1,0,5.822,0.0,0,0,1,0,13.388,0.0,0,31.94,0,0,0,1,0,1,1,0,0,1,0,12192.0,2,1,1,1,0,0,1,3,6.9,267.9,0,0,0,0,0,1
438500,63.883,-0.296,0,1,1,0,5.822,0.0,0,0,1,0,13.388,0.0,0,32.01,0,0,0,1,0,1,1,0,0,1,0,12192.0,2,1,1,1,0,0,1,3,8.5,272.5,0,0,0,0,0,1
438600,63.855,-0.281,0,1,1,0,5.822,0.0,0,0,1,0,13.388,0.0,0,31.93,0,0,0,1,0,1,1,0,0,1,0,12192.0,2,1,1,1,0,0,1,3,7.1,271.9,0,0,0,0,0,1
438700,63.828,-0.266,0,1,1,0,5.822,0.0,0,0,1,0,13.388,0.0,0,32.32,0,0,0,1,0,1,1,0,0,1,0,12192.0,2,1,1,1,0,0,1,3,8.1,265.5,0,0,0,0,0,1
438800,63.803,-0.251,0,1,1,0,5.822,0.0,0,0,1,0,13.388,0.0,0,31.96,0,0,0,1,0,1,1,0,0,1,0,12192.0,2,1,1,1,0,0,1,3,8.5,265.8,0,0,0,0,0,1
438900,63.78,-0.236,0,1,1,0,5.822,0.0,0,0,1,0,13.388,0.0,0,32.0,0,0,0,1,0,1,1,0,0,1,0,12192.0,2,1,1,1,0,0,1,3,7.1,272.2,0,0,0,0,0,1
439000,63.758,-0.221,0,1,1,0,5.822,0.0,0,0,1,0,13.388,0.0,0,32.05,0,0,0,1,0,1,1,0,0,1,0,12192.0,2,1,1,1,0,0,1,3,7.4,267.8,0,0,0,0,0,1
439100,63.737,-0.205,0,1,1,0,5.822,0.0,0,0,1,0,13.388,0.0,0,32.02,0,0,0,1,0,1,1,0,0,1,0,12192.0,2,1,1,1,0,0,1,3,7.6,272.1,0,0,0,0,0,1
439200,63.718,-0.19,0,1,1,0,5.822,0.0,0,0,1,0,13.388,0.0,0,32.01,0,0,0,1,0,1,1,0,0,1,0,12192.0,2,1,1,1,0,0,1,3,7.4,270.4,0,0,0,0,0,1
439300,63.701,-0.175,0,1,1,0,5.822,0.0,0,0,1,0,13.388,0.0,0,32.05,0,0,0,1,0,1,1,0,0,1,0,12192.0,2,1,1,1,0,0,1,3,8.6,268.2,0,0,0,0,0,1
439400,63.685,-0.159,0,1,1,0,5.822,0.0,0,0,1,0,13.388,0.0,0,32.16,0,0,0,1,0,1,1,0,0,1,0,12192.0,2,1,1,1,0,0,1,3,8.3,268.5,0,0,0,0,0,1
439500,63.67,-0.144,0,1,1,0,5.822,0.0,0,0,1,0,13.388,0.0,0,31.94,0,0,0,1,0,1,1,0,0,1,0,12192.0,2,1,1,1,0,0,1,3,7.2,269.9,0,0,0,0,0,1
439600,63.657,-0.128,0,1,1,0,5.822,0.0,0,0,1,0,13.388,0.0,0,32.07,0,0,0,1,0,1,1,0,0,1,0,12192.0,2,1,1,1,0,0,1,3,8.0,267.7,0,0,0,0,0,1
439700,63.646,-0.113,0,1,1,0,5.822,0.0,0,0,1,0,13.388,0.0,0,31.91,0,0,0,1,0,1,1,0,0,1,0,12192.0,2,1,1,1,0,0,1,3,8.1,268.3,0,0,0,0,0,1
439800,63.636,-0.097,0,1,1,0,5.822,0.0,0,0,1,0,13.388,0.0,0,32.12,0,0,0,1,0,1,1,0,0,1,0,12192.0,2,1,1,1,0,0,1,3,7.4,271.4,0,0,0,0,0,1
439900,63.628,-0.081,0,1,1,0,5.822,0.0,0,0,1,0,13.388,0.0,0,31.78,0,0,0,1,0,1,1,0,0,1,0,12192.0,2,1,1,1,0,0,1,3,8.3,265.5,0,0,0,0,0,1
440000,63.622,-0.064,0,1,1,0,5.822,0.0,0,0,1,0,13.388,0.0,0,31.94,0,0,0,1,0,1,1,0,0,1,0,12192.0,2,1,1,1,0,0,1,3,7.9,266.9,0,0,0,0,0,1
440100,63.617,-0.047,0,1,1,0,5.822,0.0,0,0,1,0,13.388,0.0,0,31.89,0,0,0,1,0,1,1,0,0,1,0,12192.0,2,1,1,1,0,0,1,3,7.7,268.4,0,0,0,0,0,1
440200,63.614,-0.029,0,1,1,0,5.822,0.0,0,0,1,0,13.382,-0.05,0,30.56,0,0,1,1,0,1,1,0,0,1,0,12192.0,2,1,1,1,0,0,1,3,7.6,269.9,0,0,0,0,0,1
440300,63.613,0.0,0,0,1,0,5.822,0.0,0,0,1,0,13.372,-0.101,0,30.36,0,0,1,1,0,1,1,0,0,1,0,12192.0,2,1,1,1,0,0,1,3,8.7,274.1,0,0,0,0,0,1
440400,63.613,0.0,0,0,1,0,5.822,0.0,0,0,1,0,13.357,-0.151,0,30.19,0,0,1,1,0,1,1,0,0,1,0,12192.0,2,1,1,1,0,0,1,3,8.2,269.5,0,0,0,0,0,1
440500,63.613,0.0,0,0,1,0,5.822,0.0,0,0,1,0,13.337,-0.201,0,30.53,0,0,1,1,0,1,1,0,0,1,0,12192.0,2,1,1,1,0,0,1,3,8.4,271.1,0,0,0,0,0,1
440600,63.613,0.0,0,0,1,0,5.822,0.0,0,0,1,0,13.312,-0.251,0,30.15,0,0,1,1,0,1,1,0,0,1,0,12192.0,2,1,1,1,0,0,1,3,8.0,268.7,0,0,0,0,0,1
440700,63.613,0.0,0,0,1,0,5.822,0.0,0,0,1,0,13.282,-0.302,0,30.32,0,0,1,1,0,1,1,0,0,1,0,12192.0,2,1,1,1,0,0,1,3,8.4,270.4,0,0,0,0,0,1
440800,63.613,0.0,0,0,1,0,5.822,0.0,0,0,1,0,13.247,-0.352,0,30.42,0,0,1,1,0,1,1,0,0,1,0,12192.0,2,1,1,1,0,0,1,3,8.8,270.3,0,0,0,0,0,1
440900,63.613,0.0,0,0,1,0,5.822,0.0,0,0,1,0,13.207,-0.402,0,30.57,0,0,1,1,0,1,1,0,0,1,0,12192.0,2,1,1,1,0,0,1,3,8.7,272.5,0,0,0,0,0,1
441000,63.613,0.0,0,0,1,0,5.822,0.0,0,0,1,0,13.161,-0.452,0,30.19,0,0,1,1,0,1,1,0,0,1,0,12192.0,2,1,1,1,0,0,1,3,8.8,272.1,0,0,0,0,0,1
441100,63.613,0.0,0,0,1,0,5.822,0.0,0,0,1,0,13.111,-0.503,0,30.26,0,0,1,1,0,1,1,0,0,1,0,12192.0,2,1,1,1,0,0,1,3,8.3,265.5,0,0,0,0,0,1
441200,63.613,0.0,0,0,1,0,5.822,0.0,0,0,1,0,13.056,-0.553,0,30.29,0,0,1,1,0,1,1,0,0,1,0,12192.0,2,1,1,1,0,0,1,3,8.7,265.9,0,0,0,0,0,1
441300,63.613,0.0,0,0,1,0,5.822,0.0,0,0,1,0,12.995,-0.603,0,30.21,0,0,1,1,0,1,1,0,0,1,0,12192.0,2,1,1,1,0,0,1,3,8.5,266.9,0,0,0,0,0,1
441400,63.613,0.0,0,0,1,0,5.822,0.0,0,0,1,0,12.93,-0.654,0,30.6,0,0,1,1,0,1,1,0,0,1,0,12192.0,2,1,1,1,0,0,1,3,8.3,270.4,0,0,0,0,0,1
441500,63.613,0.0,0,0,1,0,5.822,0.0,0,0,1,0,12.86,-0.704,0,30.32,0,0,1,1,0,1,1,0,0,1,0,12192.0,2,1,1,1,0,0,1,3,8.4,273.6,0,0,0,0,0,1
441600,63.613,0.0,0,0,1,0,5.822,0.0,0,0,1,0,12.784,-0.754,0,30.39,0,0,1,1,0,1,1,0,0,1,0,12192.0,2,1,1,1,0,0,1,3,7.7,271.1,0,0,0,0,0,1
441700,63.613,0.0,0,0,1,0,5.822,0.0,0,0,1,0,12.704,-0.804,0,30.45,0,0,1,1,0,1,1,0,0,1,0,12192.0,2,1,1,1,0,0,1,3,9.0,267.9,0,0,0,0,0,1
441800,63.613,0.0,0,0,1,0,5.822,0.0,0,0,1,0,12.618,-0.855,0,30.39,0,0,1,1,0,1,1,0,0,1,0,12192.0,2,1,1,1,0,0,1,3,8.9,267.5,0,0,0,0,0,1
441900,63.613,0.0,0,0,1,0,5.822,0.0,0,0,1,0,12.528,-0.905,0,30.23,0,0,1,1,0,1,1,0,0,1,0,12192.0,2,1,1,1,0,0,1,3,8.7,274.4,0,0,0,0,0,1
442000,63.613,0.0,0,0,1,0,5.822,0.0,0,0,1,0,12.432,-0.955,0,30.49,0,0,1,1,0,1,1,0,0,1,0,12192.0,2,1,1,1,0,0,1,3,9.0,269.8,0,0,0,0,0,1
442100,63.613,0.0,0,0,1,0,5.822,0.0,0,0,1,0,12.332,-1.005,0,30.19,0,0,1,1,0,1,1,0,0,1,0,12192.0,2,1,1,1,0,0,1,3,8.5,271.7,0,0,0,0,0,1
442200,63.613,0.0,0,0,1,0,5.822,0.0,0,0,1,0,12.226,-1.056,0,30.46,0,0,1,1,0,1,1,0,0,1,0,12192.0,2,1,1,1,0,0,1,3,8.7,272.5,0,0,0,0,0,1
442300,63.613,0.0,0,0,1,0,5.822,0.0,0,0,1,0,12.116,-1.106,0,30.43,0,0,1,1,0,1,1,0,0,1,0,12192.0,2,1,1,1,0,0,1,3,8.3,271.0,0,0,0,0,0,1
442400,63.613,0.0,0,0,1,0,5.822,0.0,0,0,1,0,12.0,-1.156,0,30.34,0,0,1,1,0,1,1,0,0,1,0,12192.0,2,1,1,1,0,0,1,3,8.9,271.5,0,0,0,0,0,1
442500,63.613,0.0,0,0,1,0,5.822,0.0,0,0,1,0,11.879,-1.207,0,30.33,0,0,1,1,0,1,1,0,0,1,0,12192.0,2,1,1,1,0,0,1,3,8.0,271.0,0,0,0,0,0,1
442600,63.613,0.0,0,0,1,0,5.822,0.0,0,0,1,0,11.754,-1.257,0,30.64,0,0,1,1,0,1,1,0,0,1,0,12192.0,2,1,1,1,0,0,1,3,8.1,269.4,0,0,0,0,0,1
442700,63.613,0.0,0,0,1,0,5.822,0.0,0,0,1,0,11.623,-1.302,0,30.23,0,0,1,1,0,1,1,0,0,1,0,12192.0,2,1,1,1,0,0,1,3,9.1,266.3,0,0,0,0,0,1
442800,63.613,0.0,0,0,1,0,5.822,0.0,0,0,1,0,11.493,-1.302,0,30.43,0,0,1,1,0,1,1,0,0,1,0,12192.0,2,1,1,1,0,0,1,3,8.2,269.7,0,0,0,0,0,1
442900,63.613,0.0,0,0,1,0,5.822,0.0,0,0,1,0,11.363,-1.302,0,30.33,0,0,1,1,0,1,1,0,0,1,0,12192.0,2,1,1,1,0,0,1,3,8.1,269.6,0,0,0,0,0,1
443000,63.613,0.0,0,0,1,0,5.822,0.0,0,0,1,0,11.233,-1.302,0,30.28,0,0,1,1,0,1,1,0,0,1,0,12192.0,2,1,1,1,0,0,1,3,8.5,269.3,0,0,0,0,0,1
443100,63.613,0.0,0,0,1,0,5.822,0.0,0,0,1,0,11.102,-1.302,0,30.63,0,0,1,1,0,1,1,0,0,1,0,12192.0,2,1,1,1,0,0,1,3,8.7,269.6,0,0,0,0,0,1
443200,63.613,0.0,0,0,1,0,5.822,0.0,0,0,1,0,10.972,-1.302,0,30.32,0,0,1,1,0,1,1,0,0,1,0,12192.0,2,1,1,1,0,0,1,3,7.7,268.1,0,0,0,0,0,1
443300,63.613,0.0,0,0,1,0,5.822,0.0,0,0,1,0,10.842,-1.302,0,30.45,0,0,1,1,0,1,1,0,0,1,0,12192.0,2,1,1,1,0,0,1,3,8.1,270.8,0,0,0,0,0,1
443400,63.613,0.0,0,0,1,0,5.822,0.0,0,0,1,0,10.712,-1.302,0,30.34,0,0,1,1,0,1,1,0,0,1,0,12192.0,2,1,1,1,0,0,1,3,8.0,274.3,0,0,0,0,0,1
443500,63.613,0.0,0,0,1,0,5.822,0.0,0,0,1,0,10.582,-1.302,0,30.44,0,0,1,1,0,1,1,0,0,1,0,12192.0,2,1,1,1,0,0,1,3,8.1,271.4,0,0,0,0,0,1
443600,63.613,0.0,0,0,1,0,5.822,0.0,0,0,1,0,10.451,-1.302,0,30.46,0,0,1,1,0,1,1,0,0,1,0,12192.0,2,1,1,1,0,0,1,3,9.5,267.7,0,0,0,0,0,1
443700,63.613,0.0,0,0,1,0,5.822,0.0,0,0,1,0,10.321,-1.302,0,30.41,0,0,1,1,0,1,1,0,0,1,0,12192.0,2,1,1,1,0,0,1,3,8.4,269.9,0,0,0,0,0,1
443800,63.613,0.0,0,0,1,0,5.822,0.0,0,0,1,0,10.191,-1.302,0,30.44,0,0,1,1,0,1,1,0,0,1,0,12192.0,2,1,1,1,0,0,1,3,7.9,274.2,0,0,0,0,0,1
443900,63.613,0.0,0,0,1,0,5.822,0.0,0,0,1,0,10.061,-1.302,0,30.34,0,0,1,1,0,1,1,0,0,1,0,12192.0,2,1,1,1,0,0,1,3,8.3,271.6,0,0,0,0,0,1
444000,63.613,0.0,0,0,1,0,5.822,0.0,0,0,1,0,9.93,-1.302,0,30.38,0,0,1,1,0,1,1,0,0,1,0,12192.0,2,1,1,1,0,0,1,3,8.0,271.0,0,0,0,0,0,1
444100,63.613,0.0,0,0,1,0,5.822,0.0,0,0,1,0,9.8,-1.302,0,30.19,0,0,1,1,0,1,1,0,0,1,0,12192.0,2,1,1,1,0,0,1,3,8.5,270.6,0,0,0,0,0,1
444200,63.613,0.0,0,0,1,0,5.822,0.0,0,0,1,0,9.67,-1.302,0,30.37,0,0,1,1,0,1,1,0,0,1,0,12192.0,2,1,1,1,0,0,1,3,7.8,269.2,0,0,0,0,0,1
444300,63.613,0.0,0,0,1,0,5.822,0.0,0,0,1,0,9.54,-1.302,0,30.3,0,0,1,1,0,1,1,0,0,1,0,12192.0,2,1,1,1,0,0,1,3,7.6,269.7,0,0,0,0,0,1
444400,63.613,0.0,0,0,1,0,5.822,0.0,0,0,1,0,9.41,-1.302,0,30.3,0,0,1,1,0,1,1,0,0,1,0,12192.0,2,1,1,1,0,0,1,3,7.5,269.4,0,0,0,0,0,1
444500,63.613,0.0,0,0,1,0,5.822,0.0,0,0,1,0,9.279,-1.302,0,30.39,0,0,1,1,0,1,1,0,0,1,0,12192.0,2,1,1,1,0,0,1,3,7.2,269.9,0,0,0,0,0,1
444600,63.613,0.0,0,0,1,0,5.822,0.0,0,0,1,0,9.149,-1.302,0,30.25,0,0,1,1,0,1,1,0,0,1,0,12192.0,2,1,1,1,0,0,1,3,8.2,265.5,0,0,0,0,0,1
444700,63.613,0.0,0,0,1,0,5.822,0.0,0,0,1,0,9.019,-1.302,0,30.46,0,0,1,1,0,1,1,0,0,1,0,12192.0,2,1,1,1,0,0,1,3,8.9,269.4,0,0,0,0,0,1
444800,63.613,0.0,0,0,1,0,5.822,0.0,0,0,1,0,8.889,-1.302,0,30.42,0,0,1,1,0,1,1,0,0,1,0,12192.0,2,1,1,1,0,0,1,3,7.9,267.6,0,0,0,0,0,1
444900,63.613,0.0,0,0,1,0,5.822,0.0,0,0,1,0,8.758,-1.302,0,30.16,0,0,1,1,0,1,1,0,0,1,0,12192.0,2,1,1,1,0,0,1,3,6.8,265.5,0,0,0,0,0,1
445000,63.613,0.0,0,0,1,0,5.822,0.0,0,0,1,0,8.628,-1.302,0,30.48,0,0,1,1,0,1,1,0,0,1,0,12192.0,2,1,1,1,0,0,1,3,6.9,271.3,0,0,0,0,0,1
445100,63.613,0.0,0,0,1,0,5.822,0.0,0,0,1,0,8.498,-1.302,0,30.24,0,0,1,1,0,1,1,0,0,1,0,12192.0,2,1,1,1,0,0,1,3,8.1,268.9,0,0,0,0,0,1
445200,63.613,0.0,0,0,1,0,5.822,0.0,0,0,1,0,8.368,-1.302,0,30.28,0,0,1,1,0,1,1,0,0,1,0,12192.0,2,1,1,1,0,0,1,3,7.7,264.3,0,0,0,0,0,1
445300,63.613,0.0,0,0,1,0,5.822,0.0,0,0,1,0,8.237,-1.302,0,30.6,0,0,1,1,0,1,1,0,0,1,0,12192.0,2,1,1,1,0,0,1,3,8.3,270.3,0,0,0,0,0,1
445400,63.613,0.0,0,0,1,0,5.822,0.0,0,0,1,0,8.107,-1.302,0,30.37,0,0,1,1,0,1,1,0,0,1,0,12192.0,2,1,1,1,0,0,1,3,6.9,268.1,0,0,0,0,0,1
445500,63.613,0.0,0,0,1,0,5.822,0.0,0,0,1,0,7.977,-1.302,0,30.28,0,0,1,1,0,1,1,0,0,1,0,12192.0,2,1,1,1,0,0,1,3,7.2,271.8,0,0,0,0,0,1
445600,63.613,0.0,0,0,1,0,5.822,0.0,0,0,1,0,7.847,-1.302,0,30.48,0,0,1,1,0,1,1,0,0,1,0,12192.0,2,1,1,1,0,0,1,3,6.5,265.3,0,0,0,0,0,1
445700,63.613,0.0,0,0,1,0,5.822,0.0,0,0,1,0,7.717,-1.302,0,30.23,0,0,1,1,0,1,1,0,0,1,0,12192.0,2,1,1,1,0,0,1,3,8.6,271.5,0,0,0,0,0,1
445800,63.613,0.0,0,0,1,0,5.822,0.0,0,0,1,0,7.586,-1.302,0,30.25,0,0,1,1,0,1,1,0,0,1,0,12192.0,2,1,1,1,0,0,1,3,7.3,270.1,0,0,0,0,0,1
445900,63.613,0.0,0,0,1,0,5.822,0.0,0,0,1,0,7.456,-1.302,0,30.25,0,0,1,1,0,1,1,0,0,1,0,12192.0,2,1,1,1,0,0,1,3,7.9,266.9,0,0,0,0,0,1
446000,63.613,0.0,0,0,1,0,5.822,0.0,0,0,1,0,7.326,-1.302,0,30.41,0,0,1,1,0,1,1,0,0,1,0,12192.0,2,1,1,1,0,0,1,3,8.3,270.7,0,0,0,0,0,1
446100,63.613,0.0,0,0,1,0,5.822,0.0,0,0,1,0,7.196,-1.302,0,30.49,0,0,1,1,0,1,1,0,0,1,0,12192.0,2,1,1,1,0,0,1,3,7.0,269.1,0,0,0,0,0,1
446200,63.613,0.0,0,0,1,0,5.822,0.0,0,0,1,0,7.065,-1.302,0,30.26,0,0,1,1,0,1,1,0,0,1,0,12192.0,2,1,1,1,0,0,1,3,8.4,269.7,0,0,0,0,0,1
446300,63.613,0.0,0,0,1,0,5.822,0.0,0,0,1,0,6.935,-1.302,0,30.36,0,0,1,1,0,1,1,0,0,1,0,12192.0,2,1,1,1,0,0,1,3,7.3,271.6,0,0,0,0,0,1
446400,63.613,0.0,0,0,1,0,5.822,0.0,0,0,1,0,6.805,-1.302,0,30.39,0,0,1,1,0,1,1,0,0,1,0,12192.0,2,1,1,1,0,0,1,3,7.1,266.2,0,0,0,0,0,1
446500,63.613,0.0,0,0,1,0,5.822,0.0,0,0,1,0,6.68,-1.252,0,33.55,0,0,1,1,0,1,1,0,0,1,0,12192.0,2,1,1,1,0,0,1,3,7.5,266.4,0,0,0,0,0,1
446600,63.613,0.0,0,0,1,0,5.822,0.0,0,0,1,0,6.56,-1.202,0,33.66,0,0,1,1,0,1,1,0,0,1,0,12192.0,2,1,1,1,0,0,1,3,7.6,264.2,0,0,0,0,0,1
446700,63.613,0.0,0,0,1,0,5.822,0.0,0,0,1,0,6.444,-1.151,0,33.56,0,0,1,1,0,1,1,0,0,1,0,12192.0,2,1,1,1,0,0,1,3,7.0,268.8,0,0,0,0,0,1
446800,63.613,0.0,0,0,1,0,5.822,0.0,0,0,1,0,6.334,-1.101,0,33.63,0,0,1,1,0,1,1,0,0,1,0,12192.0,2,1,1,1,0,0,1,3,6.8,268.6,0,0,0,0,0,1
446900,63.613,0.0,0,0,1,0,5.822,0.0,0,0,1,0,6.229,-1.051,0,33.57,0,0,1,1,0,1,1,0,0,1,0,12192.0,2,1,1,1,0,0,1,3,7.5,269.5,0,0,0,0,0,1
447000,63.613,0.0,0,0,1,0,5.822,0.0,0,0,1,0,6.129,-1.001,0,33.45,0,0,1,1,0,1,1,0,0,1,0,12192.0,2,1,1,1,0,0,1,3,7.8,270.2,0,0,0,0,0,1
447100,63.613,0.0,0,0,1,0,5.822,0.0,0,0,1,0,6.034,-0.95,0,33.67,0,0,1,1,0,1,1,0,0,1,0,12192.0,2,1,1,1,0,0,1,3,7.6,270.1,0,0,0,0,0,1
447200,63.613,0.0,0,0,1,0,5.822,0.0,0,0,1,0,5.944,-0.9,0,33.81,0,0,1,1,0,1,1,0,0,1,0,12192.0,2,1,1,1,0,0,1,3,7.5,265.8,0,0,0,0,0,1
447300,63.613,0.0,0,0,1,0,5.822,0.0,0,0,1,0,5.859,-0.85,0,33.57,0,0,1,1,0,1,1,0,0,1,0,12192.0,2,1,1,1,0,0,1,3,7.4,273.5,0,0,0,0,0,1
447400,63.613,0.0,0,0,1,0,5.822,0.0,0,0,1,0,5.779,-0.8,0,33.9,0,0,1,1,0,1,1,0,0,1,0,12192.0,2,1,1,1,0,0,1,3,7.9,272.3,0,0,0,0,0,1
447500,63.613,0.0,0,0,1,0,5.822,0.0,0,0,1,0,5.704,-0.749,0,33.89,0,0,1,1,0,1,1,0,0,1,0,12192.0,2,1,1,1,0,0,1,3,7.8,271.8,0,0,0,0,0,1
447600,63.613,0.0,0,0,1,0,5.822,0.0,0,0,1,0,5.634,-0.699,0,33.48,0,0,1,1,0,1,1,0,0,1,0,12192.0,2,1,1,1,0,0,1,3,7.5,266.4,0,0,0,0,0,1
447700,63.613,0.0,0,0,1,0,5.822,0.0,0,0,1,0,5.569,-0.649,0,33.86,0,0,1,1,0,1,1,0,0,1,0,12192.0,2,1,1,1,0,0,1,3,7.8,269.8,0,0,0,0,0,1
447800,63.613,0.0,0,0,1,0,5.822,0.0,0,0,1,0,5.51,-0.598,0,33.58,0,0,1,1,0,1,1,0,0,1,0,12192.0,2,1,1,1,0,0,1,3,7.4,270.5,0,0,0,0,0,1
447900,63.613,0.0,0,0,1,0,5.822,0.0,0,0,1,0,5.455,-0.548,0,33.48,0,0,1,1,0,1,1,0,0,1,0,12192.0,2,1,1,1,0,0,1,3,8.0,265.8,0,0,0,0,0,1
448000,63.613,0.0,0,0,1,0,5.822,0.0,0,0,1,0,5.405,-0.498,0,33.52,0,0,1,1,0,1,1,0,0,1,0,12192.0,2,1,1,1,0,0,1,3,7.9,268.6,0,0,0,0,0,1
448100,63.613,0.0,0,0,1,0,5.822,0.0,0,0,1,0,5.36,-0.446,0,33.57,0,0,1,1,0,1,1,0,0,1,0,12192.0,2,1,1,1,0,0,1,3,6.7,271.7,0,0,0,0,0,1
448200,63.613,0.0,0,0,1,0,5.822,0.0,0,0,1,0,5.321,-0.392,0,33.79,0,0,1,1,0,1,1,0,0,1,0,12192.0,2,1,1,1,0,0,1,3,7.6,271.5,0,0,0,0,0,1
448300,63.613,0.0,0,0,1,0,5.822,0.0,0,0,1,0,5.287,-0.338,0,33.44,0,0,1,1,0,1,1,0,0,1,0,12192.0,2,1,1,1,0,0,1,3,7.4,271.1,0,0,0,0,0,1
448400,63.613,0.0,0,0,1,0,5.822,0.0,0,0,1,0,5.259,-0.284,0,33.77,0,0,1,1,0,1,1,0,0,1,0,12192.0,2,1,1,1,0,0,1,3,8.4,270.4,0,0,0,0,0,1
448500,63.613,0.0,0,0,1,0,5.822,0.0,0,0,1,0,5.236,-0.228,0,33.68,0,0,1,1,0,1,1,0,0,1,0,12192.0,2,1,1,1,0,0,1,3,7.2,267.1,0,0,0,0,0,1
448600,63.613,0.0,0,0,1,0,5.822,0.0,0,0,1,0,5.219,-0.17,0,33.61,0,0,1,1,0,1,1,0,0,1,0,12192.0,2,1,1,1,0,0,1,3,8.6,271.6,0,0,0,0,0,1
448700,63.613,0.0,0,0,1,0,5.822,0.0,0,0,1,0,5.208,-0.109,0,33.68,0,0,1,1,0,1,1,0,0,1,0,12192.0,2,1,1,1,0,0,1,3,9.1,268.8,0,0,0,0,0,1
448800,63.613,0.0,0,0,0,0,5.822,0.0,0,0,0,0,5.203,0.0,0,31.86,0,0,0,0,0,1,1,0,0,1,0,12192.0,2,1,1,0,1,0,1,3,7.7,266.9,0,0,0,0,0,1
448900,63.613,0.0,0,0,0,0,5.822,0.0,0,0,0,0,5.203,0.0,0,32.0,0,0,0,0,0,1,1,0,1,1,0,12192.0,2,1,1,0,1,0,1,3,8.4,268.3,0,0,0,0,0,1
449000,63.613,0.0,0,0,0,0,5.822,0.0,0,0,0,0,5.203,0.0,0,32.19,0,0,0,0,0,1,1,0,1,1,0,12192.0,2,1,1,0,1,0,1,3,7.9,265.3,0,0,0,0,0,1
449100,63.613,0.0,0,0,0,0,5.822,0.0,0,0,0,0,5.203,0.0,0,32.04,0,0,0,0,0,1,1,0,1,1,0,12192.0,2,1,1,0,1,0,1,3,8.5,268.5,0,0,0,0,0,1
449200,63.613,0.0,0,0,0,0,5.822,0.0,0,0,0,0,5.203,0.0,0,32.22,0,0,0,0,0,1,1,0,1,1,0,12192.0,2,1,1,0,1,0,1,3,8.5,269.1,0,0,0,0,0,1
449300,63.613,0.0,0,0,0,0,5.822,0.0,0,0,0,0,5.203,0.0,0,31.97,0,0,0,0,0,1,1,0,1,1,0,12192.0,2,1,1,0,1,0,1,3,8.0,272.3,0,0,0,0,0,1
449400,63.613,0.0,0,0,0,0,5.822,0.0,0,0,0,0,5.203,0.0,0,32.02,0,0,0,0,0,1,1,0,1,1,0,12192.0,2,1,1,0,1,0,1,3,8.0,267.8,0,0,0,0,0,1
449500,63.613,0.0,0,0,0,0,5.822,0.0,0,0,0,0,5.203,0.0,0,31.89,0,0,0,0,0,1,1,0,1,1,0,12192.0,2,1,1,0,1,0,1,3,8.9,268.7,0,0,0,0,0,1
449600,63.613,0.0,0,0,0,0,5.822,0.0,0,0,0,0,5.203,0.0,0,32.04,0,0,0,0,0,1,1,0,1,1,0,12192.0,2,1,1,0,1,0,1,3,8.6,266.5,0,0,0,0,0,1
449700,63.613,0.0,0,0,0,0,5.822,0.0,0,0,0,0,5.203,0.0,0,32.1,0,0,0,0,0,1,1,0,1,1,0,12192.0,2,1,1,0,1,0,1,3,7.9,275.0,0,0,0,0,0,1
449800,63.613,0.0,0,0,0,0,5.822,0.0,0,0,0,0,5.203,0.0,0,0.0,0,0,0,0,0,1,0,1,1,1,0,12192.0,2,1,1,0,1,0,1,3,8.2,265.1,0,0,0,0,0,1
449900,63.613,0.0,0,0,0,0,5.822,0.0,0,0,0,0,5.203,0.0,0,0.0,0,0,0,0,0,1,0,1,1,1,0,12192.0,2,1,1,0,1,0,1,3,8.0,269.4,0,0,0,0,0,1
450000,63.613,0.0,0,0,0,0,5.822,0.0,0,0,0,0,5.203,0.0,0,0.0,0,0,0,0,0,1,0,1,1,1,0,12192.0,2,1,1,0,1,0,1,3,7.5,269.1,0,0,0,0,0,1
450100,63.613,0.0,0,0,0,0,5.822,0.0,0,0,0,0,5.203,0.0,0,0.0,0,0,0,0,0,1,0,1,1,1,0,12192.0,2,1,1,0,1,0,1,3,7.8,270.2,0,0,0,0,0,1
450200,63.613,0.0,0,0,0,0,5.822,0.0,0,0,0,0,5.203,0.0,0,0.0,0,0,0,0,0,1,0,1,1,1,0,12192.0,2,1,1,0,1,0,1,3,8.4,270.6,0,0,0,0,0,1
450300,63.613,0.0,0,0,0,0,5.822,0.0,0,0,0,0,5.203,0.0,0,0.0,0,0,0,0,0,1,0,1,1,1,0,12192.0,2,1,1,0,1,0,1,3,8.8,271.8,0,0,0,0,0,1
450400,63.613,0.0,0,0,0,0,5.822,0.0,0,0,0,0,5.203,0.0,0,0.0,0,0,0,0,0,1,0,1,1,1,0,12192.0,2,1,1,0,1,0,1,3,8.2,266.6,0,0,0,0,0,1
450500,63.613,0.0,0,0,0,0,5.822,0.0,0,0,0,0,5.203,0.0,0,0.0,0,0,0,0,0,1,0,1,1,1,0,12192.0,2,1,1,0,1,0,1,3,8.3,267.4,0,0,0,0,0,1
450600,63.613,0.0,0,0,0,0,5.822,0.0,0,0,0,0,5.203,0.0,0,0.0,0,0,0,0,0,1,0,1,1,1,0,12192.0,2,1,1,0,1,0,1,3,8.4,271.9,0,0,0,0,0,1
450700,63.613,0.0,0,0,0,0,5.822,0.0,0,0,0,0,5.203,0.0,0,0.0,0,0,0,0,0,1,0,1,1,1,0,12192.0,2,1,1,0,1,0,1,3,9.3,271.6,0,0,0,0,0,1
450800,63.613,0.0,0,0,0,0,5.822,0.0,0,0,0,0,5.203,0.0,0,0.0,0,0,0,0,0,1,0,1,1,1,0,12192.0,2,1,1,0,1,0,1,3,8.9,271.5,0,0,0,0,0,1
450900,63.613,0.0,0,0,0,0,5.822,0.0,0,0,0,0,5.203,0.0,0,0.0,0,0,0,0,0,1,0,1,1,1,0,12192.0,2,1,1,0,1,0,1,3,9.1,267.0,0,0,0,0,0,1
451000,63.613,0.0,0,0,0,0,5.822,0.0,0,0,0,0,5.203,0.0,0,0.0,0,0,0,0,0,1,0,1,1,1,0,12192.0,2,1,1,0,1,0,1,3,8.5,264.2,0,0,0,0,0,1
451100,63.613,0.0,0,0,0,0,5.822,0.0,0,0,0,0,5.203,0.0,0,0.0,0,0,0,0,0,1,0,1,1,1,0,12192.0,2,1,1,0,1,0,1,3,9.6,273.2,0,0,0,0,0,1
451200,63.613,0.0,0,0,1,0,5.822,0.0,0,0,1,0,5.208,0.05,1,0.0,0,0,1,1,0,1,0,1,0,0,0,12192.0,2,1,1,1,0,0,1,3,8.5,271.7,0,0,0,0,0,1
451300,63.613,0.0,0,0,1,0,5.822,0.0,0,0,1,0,5.218,0.101,1,0.0,0,0,1,1,0,1,0,1,0,0,0,12192.0,2,1,1,1,0,0,1,3,8.7,267.7,0,0,0,0,0,1
451400,63.613,0.0,0,0,1,0,5.822,0.0,0,0,1,0,5.233,0.151,1,0.0,0,0,1,1,0,1,0,1,0,0,0,12192.0,2,1,1,1,0,0,1,3,9.2,267.1,0,0,0,0,0,1
451500,63.613,0.0,0,0,1,0,5.822,0.0,0,0,1,0,5.253,0.201,1,0.0,0,0,1,1,0,1,0,1,0,0,0,12192.0,2,1,1,1,0,0,1,3,9.5,271.6,0,0,0,0,0,1
451600,63.613,0.0,0,0,1,0,5.822,0.0,0,0,1,0,5.279,0.251,1,0.0,0,0,1,1,0,1,0,1,0,0,0,12192.0,2,1,1,1,0,0,1,3,8.5,273.2,0,0,0,0,0,1
451700,63.613,0.0,0,0,1,0,5.822,0.0,0,0,1,0,5.309,0.302,1,0.0,0,0,1,1,0,1,0,1,0,0,0,12192.0,2,1,1,1,0,0,1,3,8.3,268.9,0,0,0,0,0,1
451800,63.613,0.0,0,0,1,0,5.822,0.0,0,0,1,0,5.344,0.352,1,0.0,0,0,1,1,0,1,0,1,0,0,0,12192.0,2,1,1,1,0,0,1,3,9.6,273.4,0,0,0,0,0,1
451900,63.613,0.0,0,0,1,0,5.822,0.0,0,0,1,0,5.384,0.402,1,0.0,0,0,1,1,0,1,0,1,0,0,0,12192.0,2,1,1,1,0,0,1,3,8.2,270.5,0,0,0,0,0,1
452000,63.613,0.0,0,0,1,0,5.822,0.0,0,0,1,0,5.429,0.452,1,0.0,0,0,1,1,0,1,0,1,0,0,0,12192.0,2,1,1,1,0,0,1,3,8.9,272.0,0,0,0,0,0,1
452100,63.613,0.0,0,0,1,0,5.822,0.0,0,0,1,0,5.48,0.503,1,0.0,0,0,1,1,0,1,0,1,0,0,0,12192.0,2,1,1,1,0,0,1,3,8.3,265.6,0,0,0,0,0,1
452200,63.613,0.0,0,0,1,0,5.822,0.0,0,0,1,0,5.535,0.553,1,0.0,0,0,1,1,0,1,0,1,0,0,0,12192.0,2,1,1,1,0,0,1,3,8.1,270.2,0,0,0,0,0,1
452300,63.613,0.0,0,0,1,0,5.822,0.0,0,0,1,0,5.595,0.603,1,0.0,0,0,1,1,0,1,0,1,0,0,0,12192.0,2,1,1,1,0,0,1,3,8.7,266.0,0,0,0,0,0,1
452400,63.613,0.0,0,0,1,0,5.822,0.0,0,0,1,0,5.661,0.654,1,0.0,0,0,1,1,0,1,0,1,0,0,0,12192.0,2,1,1,1,0,0,1,3,8.6,269.0,0,0,0,0,0,1
452500,63.613,0.0,0,0,1,0,5.822,0.0,0,0,1,0,5.731,0.704,1,0.0,0,0,1,1,0,1,0,1,0,0,0,12192.0,2,1,1,1,0,0,1,3,7.9,271.3,0,0,0,0,0,1
452600,63.613,0.0,0,0,1,0,5.822,0.0,0,0,1,0,5.806,0.754,1,0.0,0,0,1,1,0,1,0,1,0,0,0,12192.0,2,1,1,1,0,0,1,3,8.5,273.0,0,0,0,0,0,1
452700,63.613,0.0,0,0,1,0,5.822,0.0,0,0,1,0,5.887,0.804,1,0.0,0,0,1,1,0,1,0,1,0,0,0,12192.0,2,1,1,1,0,0,1,3,8.8,272.8,0,0,0,0,0,1
452800,63.613,0.0,0,0,1,0,5.822,0.0,0,0,1,0,5.972,0.855,1,0.0,0,0,1,1,0,1,0,1,0,0,0,12192.0,2,1,1,1,0,0,1,3,6.7,275.0,0,0,0,0,0,1
452900,63.613,0.0,0,0,1,0,5.822,0.0,0,0,1,0,6.063,0.905,1,0.0,0,0,1,1,0,1,0,1,0,0,0,12192.0,2,1,1,1,0,0,1,3,8.4,271.4,0,0,0,0,0,1
453000,63.613,0.0,0,0,1,0,5.822,0.0,0,0,1,0,6.158,0.955,1,0.0,0,0,1,1,0,1,0,1,0,0,0,12192.0,2,1,1,1,0,0,1,3,8.5,267.5,0,0,0,0,0,1
453100,63.613,0.0,0,0,1,0,5.822,0.0,0,0,1,0,6.259,1.005,1,0.0,0,0,1,1,0,1,0,1,0,0,0,12192.0,2,1,1,1,0,0,1,3,7.8,271.3,0,0,0,0,0,1
453200,63.613,0.0,0,0,1,0,5.822,0.0,0,0,1,0,6.365,1.056,1,0.0,0,0,1,1,0,1,0,1,0,0,0,12192.0,2,1,1,1,0,0,1,3,8.4,268.1,0,0,0,0,0,1
453300,63.613,0.0,0,0,1,0,5.822,0.0,0,0,1,0,6.475,1.106,1,0.0,0,0,1,1,0,1,0,1,0,0,0,12192.0,2,1,1,1,0,0,1,3,7.9,269.1,0,0,0,0,0,1
453400,63.613,0.0,0,0,1,0,5.822,0.0,0,0,1,0,6.591,1.156,1,0.0,0,0,1,1,0,1,0,1,0,0,0,12192.0,2,1,1,1,0,0,1,3,7.5,269.6,0,0,0,0,0,1
453500,63.613,0.0,0,0,1,0,5.822,0.0,0,0,1,0,6.711,1.207,1,0.0,0,0,1,1,0,1,0,1,0,0,0,12192.0,2,1,1,1,0,0,1,3,8.8,268.1,0,0,0,0,0,1
453600,63.613,0.0,0,0,1,0,5.822,0.0,0,0,1,0,6.837,1.257,1,0.0,0,0,1,1,0,1,0,1,0,0,0,12192.0,2,1,1,1,0,0,1,3,7.6,268.0,0,0,0,0,0,1
453700,63.613,0.0,0,0,1,0,5.822,0.0,0,0,1,0,6.967,1.302,1,0.0,0,0,1,1,0,1,0,1,0,0,0,12192.0,2,1,1,1,0,0,1,3,7.0,269.1,0,0,0,0,0,1
453800,63.613,0.0,0,0,1,0,5.822,0.0,0,0,1,0,7.098,1.302,1,0.0,0,0,1,1,0,1,0,1,0,0,0,12192.0,2,1,1,1,0,0,1,3,7.8,268.4,0,0,0,0,0,1
453900,63.613,0.0,0,0,1,0,5.822,0.0,0,0,1,0,7.228,1.302,1,0.0,0,0,1,1,0,1,0,1,0,0,0,12192.0,2,1,1,1,0,0,1,3,8.1,272.6,0,0,0,0,0,1
454000,63.613,0.0,0,0,1,0,5.822,0.0,0,0,1,0,7.358,1.302,1,0.0,0,0,1,1,0,1,0,1,0,0,0,12192.0,2,1,1,1,0,0,1,3,8.3,271.4,0,0,0,0,0,1
454100,63.613,0.0,0,0,1,0,5.822,0.0,0,0,1,0,7.488,1.302,1,0.0,0,0,1,1,0,1,0,1,0,0,0,12192.0,2,1,1,1,0,0,1,3,7.1,272.7,0,0,0,0,0,1
454200,63.613,0.0,0,0,1,0,5.822,0.0,0,0,1,0,7.618,1.302,1,0.0,0,0,1,1,0,1,0,1,0,0,0,12192.0,2,1,1,1,0,0,1,3,7.7,266.1,0,0,0,0,0,1
454300,63.613,0.0,0,0,1,0,5.822,0.0,0,0,1,0,7.749,1.302,1,0.0,0,0,1,1,0,1,0,1,0,0,0,12192.0,2,1,1,1,0,0,1,3,7.4,276.9,0,0,0,0,0,1
454400,63.613,0.0,0,0,1,0,5.822,0.0,0,0,1,0,7.879,1.302,1,0.0,0,0,1,1,0,1,0,1,0,0,0,12192.0,2,1,1,1,0,0,1,3,7.9,271.6,0,0,0,0,0,1
454500,63.613,0.0,0,0,1,0,5.822,0.0,0,0,1,0,8.009,1.302,1,0.0,0,0,1,1,0,1,0,1,0,0,0,12192.0,2,1,1,1,0,0,1,3,7.1,267.7,0,0,0,0,0,1
454600,63.613,0.0,0,0,1,0,5.822,0.0,0,0,1,0,8.139,1.302,1,0.0,0,0,1,1,0,1,0,1,0,0,0,12192.0,2,1,1,1,0,0,1,3,7.2,270.8,0,0,0,0,0,1
454700,63.613,0.0,0,0,1,0,5.822,0.0,0,0,1,0,8.27,1.302,1,0.0,0,0,1,1,0,1,0,1,0,0,0,12192.0,2,1,1,1,0,0,1,3,7.4,269.6,0,0,0,0,0,1
454800,63.613,0.0,0,0,1,0,5.822,0.0,0,0,1,0,8.4,1.302,1,0.0,0,0,1,1,0,1,0,1,0,0,0,12192.0,2,1,1,1,0,0,1,3,7.5,275.1,0,0,0,0,0,1
454900,63.613,0.0,0,0,1,0,5.822,0.0,0,0,1,0,8.53,1.302,1,0.0,0,0,1,1,0,1,0,1,0,0,0,12192.0,2,1,1,1,0,0,1,3,7.4,273.3,0,0,0,0,0,1
455000,63.613,0.0,0,0,1,0,5.822,0.0,0,0,1,0,8.66,1.302,1,0.0,0,0,1,1,0,1,0,1,0,0,0,12192.0,2,1,1,1,0,0,1,3,7.5,272.8,0,0,0,0,0,1
455100,63.613,0.0,0,0,1,0,5.822,0.0,0,0,1,0,8.791,1.302,1,0.0,0,0,1,1,0,1,0,1,0,0,0,12192.0,2,1,1,1,0,0,1,3,7.1,275.2,0,0,0,0,0,1
455200,63.613,0.0,0,0,1,0,5.822,0.0,0,0,1,0,8.921,1.302,1,0.0,0,0,1,1,0,1,0,1,0,0,0,12192.0,2,1,1,1,0,0,1,3,7.6,265.9,0,0,0,0,0,1
455300,63.613,0.0,0,0,1,0,5.822,0.0,0,0,1,0,9.051,1.302,1,0.0,0,0,1,1,0,1,0,1,0,0,0,12192.0,2,1,1,1,0,0,1,3,7.1,268.8,0,0,0,0,0,1
455400,63.613,0.0,0,0,1,0,5.822,0.0,0,0,1,0,9.181,1.302,1,0.0,0,0,1,1,0,1,0,1,0,0,0,12192.0,2,1,1,1,0,0,1,3,7.9,271.6,0,0,0,0,0,1
455500,63.613,0.0,0,0,1,0,5.822,0.0,0,0,1,0,9.311,1.302,1,0.0,0,0,1,1,0,1,0,1,0,0,0,12192.0,2,1,1,1,0,0,1,3,7.5,269.3,0,0,0,0,0,1
455600,63.613,0.0,0,0,1,0,5.822,0.0,0,0,1,0,9.442,1.302,1,0.0,0,0,1,1,0,1,0,1,0,0,0,12192.0,2,1,1,1,0,0,1,3,7.7,273.5,0,0,0,0,0,1
455700,63.613,0.0,0,0,1,0,5.822,0.0,0,0,1,0,9.572,1.302,1,0.0,0,0,1,1,0,1,0,1,0,0,0,12192.0,2,1,1,1,0,0,1,3,7.7,273.0,0,0,0,0,0,1
455800,63.613,0.0,0,0,1,0,5.822,0.0,0,0,1,0,9.702,1.302,1,0.0,0,0,1,1,0,1,0,1,0,0,0,12192.0,2,1,1,1,0,0,1,3,7.5,274.9,0,0,0,0,0,1
455900,63.613,0.0,0,0,1,0,5.822,0.0,0,0,1,0,9.832,1.302,1,0.0,0,0,1,1,0,1,0,1,0,0,0,12192.0,2,1,1,1,0,0,1,3,8.1,270.8,0,0,0,0,0,1
456000,63.613,0.0,0,0,1,0,5.822,0.0,0,0,1,0,9.963,1.302,1,0.0,0,0,1,1,0,1,0,1,0,0,0,12192.0,2,1,1,1,0,0,1,3,6.9,267.5,0,0,0,0,0,1
456100,63.613,0.0,0,0,1,0,5.822,0.0,0,0,1,0,10.093,1.302,1,0.0,0,0,1,1,0,1,0,1,0,0,0,12192.0,2,1,1,1,0,0,1,3,8.1,269.3,0,0,0,0,0,1
456200,63.613,0.0,0,0,1,0,5.822,0.0,0,0,1,0,10.223,1.302,1,0.0,0,0,1,1,0,1,0,1,0,0,0,12192.0,2,1,1,1,0,0,1,3,7.3,266.8,0,0,0,0,0,1
456300,63.613,0.0,0,0,1,0,5.822,0.0,0,0,1,0,10.353,1.302,1,0.0,0,0,1,1,0,1,0,1,0,0,0,12192.0,2,1,1,1,0,0,1,3,6.6,266.2,0,0,0,0,0,1
456400,63.613,0.0,0,0,1,0,5.822,0.0,0,0,1,0,10.483,1.302,1,0.0,0,0,1,1,0,1,0,1,0,0,0,12192.0,2,1,1,1,0,0,1,3,6.5,271.4,0,0,0,0,0,1
456500,63.613,0.0,0,0,1,0,5.822,0.0,0,0,1,0,10.614,1.302,1,0.0,0,0,1,1,0,1,0,1,0,0,0,12192.0,2,1,1,1,0,0,1,3,7.6,270.9,0,0,0,0,0,1
456600,63.613,0.0,0,0,1,0,5.822,0.0,0,0,1,0,10.744,1.302,1,0.0,0,0,1,1,0,1,0,1,0,0,0,12192.0,2,1,1,1,0,0,1,3,8.6,269.7,0,0,0,0,0,1
456700,63.613,0.0,0,0,1,0,5.822,0.0,0,0,1,0,10.874,1.302,1,0.0,0,0,1,1,0,1,0,1,0,0,0,12192.0,2,1,1,1,0,0,1,3,7.3,270.0,0,0,0,0,0,1
456800,63.613,0.0,0,0,1,0,5.822,0.0,0,0,1,0,11.004,1.302,1,0.0,0,0,1,1,0,1,0,1,0,0,0,12192.0,2,1,1,1,0,0,1,3,7.3,270.1,0,0,0,0,0,1
456900,63.613,0.0,0,0,1,0,5.822,0.0,0,0,1,0,11.135,1.302,1,0.0,0,0,1,1,0,1,0,1,0,0,0,12192.0,2,1,1,1,0,0,1,3,7.9,267.3,0,0,0,0,0,1
457000,63.613,0.0,0,0,1,0,5.822,0.0,0,0,1,0,11.265,1.302,1,0.0,0,0,1,1,0,1,0,1,0,0,0,12192.0,2,1,1,1,0,0,1,3,6.5,265.6,0,0,0,0,0,1
457100,63.613,0.0,0,0,1,0,5.822,0.0,0,0,1,0,11.395,1.302,1,0.0,0,0,1,1,0,1,0,1,0,0,0,12192.0,2,1,1,1,0,0,1,3,7.9,267.7,0,0,0,0,0,1
457200,63.613,0.0,0,0,1,0,5.822,0.0,0,0,1,0,11.525,1.302,1,0.0,0,0,1,1,0,1,0,1,0,0,0,12192.0,2,1,1,1,0,0,1,3,7.8,269.6,0,0,0,0,0,1
457300,63.613,0.0,0,0,1,0,5.822,0.0,0,0,1,0,11.656,1.302,1,0.0,0,0,1,1,0,1,0,1,0,0,0,12192.0,2,1,1,1,0,0,1,3,7.5,271.1,0,0,0,0,0,1
457400,63.613,0.0,0,0,1,0,5.822,0.0,0,0,1,0,11.786,1.302,1,0.0,0,0,1,1,0,1,0,1,0,0,0,12192.0,2,1,1,1,0,0,1,3,7.2,268.7,0,0,0,0,0,1
457500,63.613,0.0,0,0,1,0,5.822,0.0,0,0,1,0,11.911,1.252,1,0.0,0,0,1,1,0,1,0,1,0,0,0,12192.0,2,1,1,1,0,0,1,3,8.7,270.5,0,0,0,0,0,1
457600,63.613,0.0,0,0,1,0,5.822,0.0,0,0,1,0,12.031,1.202,1,0.0,0,0,1,1,0,1,0,1,0,0,0,12192.0,2,1,1,1,0,0,1,3,8.2,272.1,0,0,0,0,0,1
457700,63.613,0.0,0,0,1,0,5.822,0.0,0,0,1,0,12.146,1.151,1,0.0,0,0,1,1,0,1,0,1,0,0,0,12192.0,2,1,1,1,0,0,1,3,8.9,272.9,0,0,0,0,0,1
457800,63.613,0.0,0,0,1,0,5.822,0.0,0,0,1,0,12.256,1.101,1,0.0,0,0,1,1,0,1,0,1,0,0,0,12192.0,2,1,1,1,0,0,1,3,8.0,272.3,0,0,0,0,0,1
457900,63.613,0.0,0,0,1,0,5.822,0.0,0,0,1,0,12.362,1.051,1,0.0,0,0,1,1,0,1,0,1,0,0,0,12192.0,2,1,1,1,0,0,1,3,8.3,267.3,0,0,0,0,0,1
458000,63.613,0.0,0,0,1,0,5.822,0.0,0,0,1,0,12.462,1.001,1,0.0,0,0,1,1,0,1,0,1,0,0,0,12192.0,2,1,1,1,0,0,1,3,8.4,268.0,0,0,0,0,0,1
458100,63.613,0.0,0,0,1,0,5.822,0.0,0,0,1,0,12.557,0.95,1,0.0,0,0,1,1,0,1,0,1,0,0,0,12192.0,2,1,1,1,0,0,1,3,7.9,269.8,0,0,0,0,0,1
458200,63.613,0.0,0,0,1,0,5.822,0.0,0,0,1,0,12.647,0.9,1,0.0,0,0,1,1,0,1,0,1,0,0,0,12192.0,2,1,1,1,0,0,1,3,8.4,265.3,0,0,0,0,0,1
458300,63.613,0.0,0,0,1,0,5.822,0.0,0,0,1,0,12.732,0.85,1,0.0,0,0,1,1,0,1,0,1,0,0,0,12192.0,2,1,1,1,0,0,1,3,7.9,275.3,0,0,0,0,0,1
458400,63.613,0.0,0,0,1,0,5.822,0.0,0,0,1,0,12.812,0.8,1,0.0,0,0,1,1,0,1,0,1,0,0,0,12192.0,2,1,1,1,0,0,1,3,8.0,268.3,0,0,0,0,0,1
458500,63.613,0.0,0,0,1,0,5.822,0.0,0,0,1,0,12.886,0.749,1,0.0,0,0,1,1,0,1,0,1,0,0,0,12192.0,2,1,1,1,0,0,1,3,8.8,269.8,0,0,0,0,0,1
458600,63.613,0.0,0,0,1,0,5.822,0.0,0,0,1,0,12.956,0.699,1,0.0,0,0,1,1,0,1,0,1,0,0,0,12192.0,2,1,1,1,0,0,1,3,8.0,267.9,0,0,0,0,0,1
458700,63.613,0.0,0,0,1,0,5.822,0.0,0,0,1,0,13.021,0.648,1,0.0,0,0,1,1,0,1,0,1,0,0,0,12192.0,2,1,1,1,0,0,1,3,7.8,276.0,0,0,0,0,0,1
458800,63.613,0.0,0,0,1,0,5.822,0.0,0,0,1,0,13.081,0.595,1,0.0,0,0,1,1,0,1,0,1,0,0,0,12192.0,2,1,1,1,0,0,1,3,7.9,269.1,0,0,0,0,0,1
458900,63.613,0.0,0,0,1,0,5.822,0.0,0,0,1,0,13.135,0.543,1,0.0,0,0,1,1,0,1,0,1,0,0,0,12192.0,2,1,1,1,0,0,1,3,8.6,272.6,0,0,0,0,0,1
459000,63.613,0.0,0,0,1,0,5.822,0.0,0,0,1,0,13.184,0.49,1,0.0,0,0,1,1,0,1,0,1,0,0,0,12192.0,2,1,1,1,0,0,1,3,8.5,272.0,0,0,0,0,0,1
459100,63.613,0.0,0,0,1,0,5.822,0.0,0,0,1,0,13.228,0.437,1,0.0,0,0,1,1,0,1,0,1,0,0,0,12192.0,2,1,1,1,0,0,1,3,7.9,268.9,0,0,0,0,0,1
459200,63.613,0.0,0,0,1,0,5.822,0.0,0,0,1,0,13.266,0.383,1,0.0,0,0,1,1,0,1,0,1,0,0,0,12192.0,2,1,1,1,0,0,1,3,8.8,269.4,0,0,0,0,0,1
459300,63.613,0.0,0,0,1,0,5.822,0.0,0,0,1,0,13.299,0.329,1,0.0,0,0,1,1,0,1,0,1,0,0,0,12192.0,2,1,1,1,0,0,1,3,8.0,267.3,0,0,0,0,0,1
459400,63.613,0.0,0,0,1,0,5.822,0.0,0,0,1,0,13.326,0.274,1,0.0,0,0,1,1,0,1,0,1,0,0,0,12192.0,2,1,1,1,0,0,1,3,8.3,266.7,0,0,0,0,0,1
459500,63.613,0.0,0,0,1,0,5.822,0.0,0,0,1,0,13.348,0.218,1,0.0,0,0,1,1,0,1,0,1,0,0,0,12192.0,2,1,1,1,0,0,1,3,9.1,271.0,0,0,0,0,0,1
459600,63.613,0.0,0,0,1,0,5.822,0.0,0,0,1,0,13.364,0.16,1,0.0,0,0,1,1,0,1,0,1,0,0,0,12192.0,2,1,1,1,0,0,1,3,8.9,272.3,0,0,0,0,0,1
459700,63.613,0.0,0,0,1,0,5.822,0.0,0,0,1,0,13.374,0.098,1,0.0,0,0,1,1,0,1,0,1,0,0,0,12192.0,2,1,1,1,0,0,1,3,8.4,268.3,0,0,0,0,0,1
459800,63.613,0.0,0,0,0,0,5.822,0.0,0,0,0,0,13.379,0.0,0,0.0,0,0,0,0,0,1,0,1,0,0,0,12192.0,2,1,1,0,1,0,1,3,8.4,268.6,0,0,0,0,0,1
459900,63.611,-0.015,0,1,1,0,5.828,0.057,1,1,1,0,13.374,0.0,0,0.0,0,0,0,1,0,1,0,1,0,0,0,12192.0,2,1,1,1,0,0,1,4,8.8,268.7,0,0,0,0,0,1
460000,63.609,-0.029,0,1,1,0,5.839,0.114,1,1,1,0,13.374,0.0,0,0.0,0,0,0,1,0,1,0,1,0,0,0,12192.0,2,1,1,1,0,0,1,4,8.1,268.9,0,0,0,0,0,1
460100,63.604,-0.044,0,1,1,0,5.856,0.171,1,1,1,0,13.374,0.0,0,0.0,0,0,0,1,0,1,0,1,0,0,0,12192.0,2,1,1,1,0,0,1,4,8.9,276.0,0,0,0,0,0,1
460200,63.598,-0.059,0,1,1,0,5.879,0.228,1,1,1,0,13.374,0.0,0,0.0,0,0,0,1,0,1,0,1,0,0,0,12192.0,2,1,1,1,0,0,1,4,9.4,270.0,0,0,0,0,0,1
460300,63.591,-0.074,0,1,1,0,5.908,0.286,1,1,1,0,13.374,0.0,0,0.0,0,0,0,1,0,1,0,1,0,0,0,12192.0,2,1,1,1,0,0,1,4,9.6,268.7,0,0,0,0,0,1
460400,63.582,-0.088,0,1,1,0,5.942,0.343,1,1,1,0,13.374,0.0,0,0.0,0,0,0,1,0,1,0,1,0,0,0,12192.0,2,1,1,1,0,0,1,4,7.8,267.2,0,0,0,0,0,1
460500,63.575,-0.074,0,1,1,0,5.982,0.4,1,1,1,0,13.374,0.0,0,0.0,0,0,0,1,0,1,0,1,0,0,0,12192.0,2,1,1,1,0,0,1,4,8.3,271.0,0,0,0,0,0,1
460600,63.567,-0.075,0,1,1,0,6.028,0.457,1,1,1,0,13.374,0.0,0,0.0,0,0,0,1,0,1,0,1,0,0,0,12192.0,2,1,1,1,0,0,1,4,8.2,267.8,0,0,0,0,0,1
460700,63.561,-0.059,0,1,1,0,6.079,0.514,1,1,1,0,13.374,0.0,0,0.0,0,0,0,1,0,1,0,1,0,0,0,12192.0,2,1,1,1,0,0,1,4,8.6,271.5,0,0,0,0,0,1
460800,63.557,-0.041,0,1,1,0,6.136,0.571,1,1,1,0,13.374,0.0,0,0.0,0,0,0,1,0,1,0,1,0,0,0,12192.0,2,1,1,1,0,0,1,4,9.0,273.8,0,0,0,0,0,1
460900,63.555,-0.022,0,1,1,0,6.199,0.628,1,1,1,0,13.374,0.0,0,0.0,0,0,0,1,0,1,0,1,0,0,0,12192.0,2,1,1,1,0,0,1,4,8.9,272.2,0,0,0,0,0,1
461000,63.554,0.0,0,0,1,0,6.268,0.685,1,1,1,0,13.374,0.0,0,0.0,0,0,0,1,0,1,0,1,0,0,0,12192.0,2,1,1,1,0,0,1,4,7.5,271.3,0,0,0,0,0,1
461100,63.554,0.0,0,0,1,0,6.342,0.742,1,1,1,0,13.374,0.0,0,0.0,0,0,0,1,0,1,0,1,0,0,0,12192.0,2,1,1,1,0,0,1,4,8.3,274.7,0,0,0,0,0,1
461200,63.554,0.0,0,0,1,0,6.422,0.8,1,1,1,0,13.374,0.0,0,0.0,0,0,0,1,0,1,0,1,0,0,0,12192.0,2,1,1,1,0,0,1,4,8.6,269.6,0,0,0,0,0,1
461300,63.554,0.0,0,0,1,0,6.507,0.857,1,1,1,0,13.374,0.0,0,0.0,0,0,0,1,0,1,0,1,0,0,0,12192.0,2,1,1,1,0,0,1,4,8.9,270.6,0,0,0,0,0,1
461400,63.554,0.0,0,0,1,0,6.599,0.914,1,1,1,0,13.374,0.0,0,0.0,0,0,0,1,0,1,0,1,0,0,0,12192.0,2,1,1,1,0,0,1,4,9.1,267.6,0,0,0,0,0,1
461500,63.554,0.0,0,0,1,0,6.696,0.971,1,1,1,0,13.374,0.0,0,0.0,0,0,0,1,0,1,0,1,0,0,0,12192.0,2,1,1,1,0,0,1,4,8.6,273.4,0,0,0,0,0,1
461600,63.554,0.0,0,0,1,0,6.799,1.028,1,1,1,0,13.374,0.0,0,0.0,0,0,0,1,0,1,0,1,0,0,0,12192.0,2,1,1,1,0,0,1,4,8.5,269.3,0,0,0,0,0,1
461700,63.554,0.0,0,0,1,0,6.907,1.085,1,1,1,0,13.374,0.0,0,0.0,0,0,0,1,0,1,0,1,0,0,0,12192.0,2,1,1,1,0,0,1,4,7.4,267.7,0,0,0,0,0,1
461800,63.554,0.0,0,0,1,0,7.021,1.142,1,1,1,0,13.374,0.0,0,0.0,0,0,0,1,0,1,0,1,0,0,0,12192.0,2,1,1,1,0,0,1,4,8.6,270.7,0,0,0,0,0,1
461900,63.554,0.0,0,0,1,0,7.141,1.199,1,1,1,0,13.374,0.0,0,0.0,0,0,0,1,0,1,0,1,0,0,0,12192.0,2,1,1,1,0,0,1,4,8.3,272.9,0,0,0,0,0,1
462000,63.554,0.0,0,0,1,0,7.267,1.256,1,1,1,0,13.374,0.0,0,0.0,0,0,0,1,0,1,0,1,0,0,0,12192.0,2,1,1,1,0,0,1,4,7.1,270.4,0,0,0,0,0,1
462100,63.554,0.0,0,0,1,0,7.398,1.314,1,1,1,0,13.374,0.0,0,0.0,0,0,0,1,0,1,0,1,0,0,0,12192.0,2,1,1,1,0,0,1,4,8.4,269.0,0,0,0,0,0,1
462200,63.554,0.0,0,0,1,0,7.535,1.371,1,1,1,0,13.374,0.0,0,0.0,0,0,0,1,0,1,0,1,0,0,0,12192.0,2,1,1,1,0,0,1,4,7.1,269.4,0,0,0,0,0,1
462300,63.554,0.0,0,0,1,0,7.678,1.428,1,1,1,0,13.374,0.0,0,0.0,0,0,0,1,0,1,0,1,0,0,0,12192.0,2,1,1,1,0,0,1,4,8.3,271.5,0,0,0,0,0,1
462400,63.554,0.0,0,0,1,0,7.827,1.485,1,1,1,0,13.374,0.0,0,0.0,0,0,0,1,0,1,0,1,0,0,0,12192.0,2,1,1,1,0,0,1,4,8.1,274.8,0,0,0,0,0,1
462500,63.554,0.0,0,0,1,0,7.981,1.542,1,1,1,0,13.374,0.0,0,0.0,0,0,0,1,0,1,0,1,0,0,0,12192.0,2,1,1,1,0,0,1,4,7.9,271.7,0,0,0,0,0,1
462600,63.554,0.0,0,0,1,0,8.141,1.599,1,1,1,0,13.374,0.0,0,0.0,0,0,0,1,0,1,0,1,0,0,0,12192.0,2,1,1,1,0,0,1,4,7.4,269.2,0,0,0,0,0,1
462700,63.554,0.0,0,0,1,0,8.306,1.656,1,1,1,0,13.374,0.0,0,0.0,0,0,0,1,0,1,0,1,0,0,0,12192.0,2,1,1,1,0,0,1,4,7.5,267.1,0,0,0,0,0,1
462800,63.554,0.0,0,0,1,0,8.478,1.713,1,1,1,0,13.374,0.0,0,0.0,0,0,0,1,0,1,0,1,0,0,0,12192.0,2,1,1,1,0,0,1,4,8.2,271.4,0,0,0,0,0,1
462900,63.554,0.0,0,0,1,0,8.655,1.77,1,1,1,0,13.374,0.0,0,0.0,0,0,0,1,0,1,0,1,0,0,0,12192.0,2,1,1,1,0,0,1,4,8.4,273.1,0,0,0,0,0,1
463000,63.554,0.0,0,0,1,0,8.837,1.822,1,1,1,0,13.374,0.0,0,0.0,0,0,0,1,0,1,0,1,0,0,0,12192.0,2,1,1,1,0,0,1,4,7.5,269.8,0,0,0,0,0,1
463100,63.554,0.0,0,0,1,0,9.013,1.764,1,1,1,0,13.374,0.0,0,0.0,0,0,0,1,0,1,0,1,0,0,0,12192.0,2,1,1,1,0,0,1,4,7.7,271.4,0,0,0,0,0,1
463200,63.554,0.0,0,0,1,0,9.184,1.705,1,1,1,0,13.374,0.0,0,0.0,0,0,0,1,0,1,0,1,0,0,0,12192.0,2,1,1,1,0,0,1,4,7.4,273.3,0,0,0,0,0,1
463300,63.554,0.0,0,0,1,0,9.349,1.647,1,1,1,0,13.374,0.0,0,0.0,0,0,0,1,0,1,0,1,0,0,0,12192.0,2,1,1,1,0,0,1,4,7.3,267.4,0,0,0,0,0,1
463400,63.554,0.0,0,0,1,0,9.507,1.589,1,1,1,0,13.374,0.0,0,0.0,0,0,0,1,0,1,0,1,0,0,0,12192.0,2,1,1,1,0,0,1,4,7.8,266.9,0,0,0,0,0,1
463500,63.554,0.0,0,0,1,0,9.661,1.531,1,1,1,0,13.374,0.0,0,0.0,0,0,0,1,0,1,0,1,0,0,0,12192.0,2,1,1,1,0,0,1,4,7.4,273.9,0,0,0,0,0,1
463600,63.554,0.0,0,0,1,0,9.808,1.473,1,1,1,0,13.374,0.0,0,0.0,0,0,0,1,0,1,0,1,0,0,0,12192.0,2,1,1,1,0,0,1,4,7.3,269.5,0,0,0,0,0,1
463700,63.554,0.0,0,0,1,0,9.949,1.415,1,1,1,0,13.374,0.0,0,0.0,0,0,0,1,0,1,0,1,0,0,0,12192.0,2,1,1,1,0,0,1,4,7.8,267.0,0,0,0,0,0,1
463800,63.554,0.0,0,0,1,0,10.085,1.356,1,1,1,0,13.374,0.0,0,0.0,0,0,0,1,0,1,0,1,0,0,0,12192.0,2,1,1,1,0,0,1,4,7.4,269.0,0,0,0,0,0,1
463900,63.554,0.0,0,0,1,0,10.215,1.298,1,1,1,0,13.374,0.0,0,0.0,0,0,0,1,0,1,0,1,0,0,0,12192.0,2,1,1,1,0,0,1,4,7.5,268.1,0,0,0,0,0,1
464000,63.554,0.0,0,0,1,0,10.339,1.239,1,1,1,0,13.374,0.0,0,0.0,0,0,0,1,0,1,0,1,0,0,0,12192.0,2,1,1,1,0,0,1,4,7.0,270.3,0,0,0,0,0,1
464100,63.554,0.0,0,0,1,0,10.457,1.181,1,1,1,0,13.374,0.0,0,0.0,0,0,0,1,0,1,0,1,0,0,0,12192.0,2,1,1,1,0,0,1,4,7.0,273.1,0,0,0,0,0,1
464200,63.554,0.0,0,0,1,0,10.569,1.122,1,1,1,0,13.374,0.0,0,0.0,0,0,0,1,0,1,0,1,0,0,0,12192.0,2,1,1,1,0,0,1,4,7.2,270.4,0,0,0,0,0,1
464300,63.554,0.0,0,0,1,0,10.675,1.064,1,1,1,0,13.374,0.0,0,0.0,0,0,0,1,0,1,0,1,0,0,0,12192.0,2,1,1,1,0,0,1,4,6.9,268.2,0,0,0,0,0,1
464400,63.554,0.0,0,0,1,0,10.776,1.005,1,1,1,0,13.374,0.0,0,0.0,0,0,0,1,0,1,0,1,0,0,0,12192.0,2,1,1,1,0,0,1,4,7.5,271.3,0,0,0,0,0,1
464500,63.554,0.0,0,0,1,0,10.87,0.946,1,1,1,0,13.374,0.0,0,0.0,0,0,0,1,0,1,0,1,0,0,0,12192.0,2,1,1,1,0,0,1,4,7.6,273.4,0,0,0,0,0,1
464600,63.554,0.0,0,0,1,0,10.959,0.887,1,1,1,0,13.374,0.0,0,0.0,0,0,0,1,0,1,0,1,0,0,0,12192.0,2,1,1,1,0,0,1,4,7.8,268.9,0,0,0,0,0,1
464700,63.554,0.0,0,0,1,0,11.042,0.828,1,1,1,0,13.374,0.0,0,0.0,0,0,0,1,0,1,0,1,0,0,0,12192.0,2,1,1,1,0,0,1,4,6.6,269.5,0,0,0,0,0,1
464800,63.554,0.0,0,0,1,0,11.119,0.769,1,1,1,0,13.374,0.0,0,0.0,0,0,0,1,0,1,0,1,0,0,0,12192.0,2,1,1,1,0,0,1,4,6.7,268.6,0,0,0,0,0,1
464900,63.554,0.0,0,0,1,0,11.19,0.71,1,1,1,0,13.374,0.0,0,0.0,0,0,0,1,0,1,0,1,0,0,0,12192.0,2,1,1,1,0,0,1,4,7.6,276.3,0,0,0,0,0,1
465000,63.554,0.0,0,0,1,0,11.255,0.65,1,1,1,0,13.374,0.0,0,0.0,0,0,0,1,0,1,0,1,0,0,0,12192.0,2,1,1,1,0,0,1,4,7.1,269.3,0,0,0,0,0,1
465100,63.554,0.0,0,0,1,0,11.314,0.59,1,1,1,0,13.374,0.0,0,0.0,0,0,0,1,0,1,0,1,0,0,0,12192.0,2,1,1,1,0,0,1,4,7.1,274.4,0,0,0,0,0,1
465200,63.554,0.0,0,0,1,0,11.367,0.53,1,1,1,0,13.374,0.0,0,0.0,0,0,0,1,0,1,0,1,0,0,0,12192.0,2,1,1,1,0,0,1,4,7.9,272.0,0,0,0,0,0,1
465300,63.554,0.0,0,0,1,0,11.414,0.469,1,1,1,0,13.374,0.0,0,0.0,0,0,0,1,0,1,0,1,0,0,0,12192.0,2,1,1,1,0,0,1,4,7.5,269.6,0,0,0,0,0,1
465400,63.554,0.0,0,0,1,0,11.455,0.408,1,1,1,0,13.374,0.0,0,0.0,0,0,0,1,0,1,0,1,0,0,0,12192.0,2,1,1,1,0,0,1,4,8.2,270.8,0,0,0,0,0,1
465500,63.554,0.0,0,0,1,0,11.489,0.346,1,1,1,0,13.374,0.0,0,0.0,0,0,0,1,0,1,0,1,0,0,0,12192.0,2,1,1,1,0,0,1,4,7.1,272.9,0,0,0,0,0,1
465600,63.554,0.0,0,0,1,0,11.518,0.284,1,1,1,0,13.374,0.0,0,0.0,0,0,0,1,0,1,0,1,0,0,0,12192.0,2,1,1,1,0,0,1,4,8.0,270.2,0,0,0,0,0,1
465700,63.554,0.0,0,0,1,0,11.54,0.219,1,1,1,0,13.374,0.0,0,0.0,0,0,0,1,0,1,0,1,0,0,0,12192.0,2,1,1,1,0,0,1,4,7.7,267.9,0,0,0,0,0,1
465800,63.554,0.0,0,0,1,0,11.555,0.152,1,1,1,0,13.374,0.0,0,0.0,0,0,0,1,0,1,0,1,0,0,0,12192.0,2,1,1,1,0,0,1,4,7.8,267.6,0,0,0,0,0,1
465900,63.554,0.0,0,0,1,0,11.562,0.075,1,1,1,0,13.374,0.0,0,0.0,0,0,0,1,0,1,0,1,0,0,0,12192.0,2,1,1,1,0,0,1,4,7.2,272.6,0,0,0,0,0,1
466000,63.554,0.0,0,0,0,0,11.564,0.0,0,0,0,0,13.374,0.0,0,0.0,0,0,0,0,0,1,0,1,0,0,0,12192.0,2,1,1,0,1,0,1,4,8.3,271.1,0,0,0,0,0,1
466100,63.554,0.0,0,0,1,0,11.564,0.0,0,0,1,0,13.369,-0.05,0,0.0,0,0,1,1,0,1,0,1,0,0,0,12192.0,2,1,1,1,0,0,1,4,7.7,270.6,0,0,0,0,0,1
466200,63.554,0.0,0,0,1,0,11.564,0.0,0,0,1,0,13.359,-0.101,0,0.0,0,0,1,1,0,1,0,1,0,0,0,12192.0,2,1,1,1,0,0,1,4,7.5,267.3,0,0,0,0,0,1
466300,63.554,0.0,0,0,1,0,11.564,0.0,0,0,1,0,13.343,-0.151,0,0.0,0,0,1,1,0,1,0,1,0,0,0,12192.0,2,1,1,1,0,0,1,4,8.0,271.5,0,0,0,0,0,1
466400,63.554,0.0,0,0,1,0,11.564,0.0,0,0,1,0,13.323,-0.201,0,0.0,0,0,1,1,0,1,0,1,0,0,0,12192.0,2,1,1,1,0,0,1,4,7.7,264.7,0,0,0,0,0,1
466500,63.554,0.0,0,0,1,0,11.564,0.0,0,0,1,0,13.298,-0.251,0,0.0,0,0,1,1,0,1,0,1,0,0,0,12192.0,2,1,1,1,0,0,1,4,8.4,269.5,0,0,0,0,0,1
466600,63.554,0.0,0,0,1,0,11.564,0.0,0,0,1,0,13.268,-0.302,0,0.0,0,0,1,1,0,1,0,1,0,0,0,12192.0,2,1,1,1,0,0,1,4,8.0,268.3,0,0,0,0,0,1
466700,63.554,0.0,0,0,1,0,11.564,0.0,0,0,1,0,13.233,-0.352,0,0.0,0,0,1,1,0,1,0,1,0,0,0,12192.0,2,1,1,1,0,0,1,4,8.1,272.6,0,0,0,0,0,1
466800,63.554,0.0,0,0,1,0,11.564,0.0,0,0,1,0,13.193,-0.402,0,0.0,0,0,1,1,0,1,0,1,0,0,0,12192.0,2,1,1,1,0,0,1,4,8.2,271.4,0,0,0,0,0,1
466900,63.554,0.0,0,0,1,0,11.564,0.0,0,0,1,0,13.147,-0.452,0,0.0,0,0,1,1,0,1,0,1,0,0,0,12192.0,2,1,1,1,0,0,1,4,7.5,270.4,0,0,0,0,0,1
467000,63.554,0.0,0,0,1,0,11.564,0.0,0,0,1,0,13.097,-0.503,0,0.0,0,0,1,1,0,1,0,1,0,0,0,12192.0,2,1,1,1,0,0,1,4,9.1,266.1,0,0,0,0,0,1
467100,63.554,0.0,0,0,1,0,11.564,0.0,0,0,1,0,13.042,-0.553,0,0.0,0,0,1,1,0,1,0,1,0,0,0,12192.0,2,1,1,1,0,0,1,4,7.9,272.2,0,0,0,0,0,1
467200,63.554,0.0,0,0,1,0,11.564,0.0,0,0,1,0,12.982,-0.603,0,0.0,0,0,1,1,0,1,0,1,0,0,0,12192.0,2,1,1,1,0,0,1,4,7.4,269.1,0,0,0,0,0,1
467300,63.554,0.0,0,0,1,0,11.564,0.0,0,0,1,0,12.916,-0.654,0,0.0,0,0,1,1,0,1,0,1,0,0,0,12192.0,2,1,1,1,0,0,1,4,8.4,267.5,0,0,0,0,0,1
467400,63.554,0.0,0,0,1,0,11.564,0.0,0,0,1,0,12.846,-0.704,0,0.0,0,0,1,1,0,1,0,1,0,0,0,12192.0,2,1,1,1,0,0,1,4,7.9,272.3,0,0,0,0,0,1
467500,63.554,0.0,0,0,1,0,11.564,0.0,0,0,1,0,12.77,-0.754,0,0.0,0,0,1,1,0,1,0,1,0,0,0,12192.0,2,1,1,1,0,0,1,4,7.7,267.9,0,0,0,0,0,1
467600,63.554,0.0,0,0,1,0,11.564,0.0,0,0,1,0,12.69,-0.804,0,0.0,0,0,1,1,0,1,0,1,0,0,0,12192.0,2,1,1,1,0,0,1,4,7.8,273.4,0,0,0,0,0,1
467700,63.554,0.0,0,0,1,0,11.564,0.0,0,0,1,0,12.604,-0.855,0,0.0,0,0,1,1,0,1,0,1,0,0,0,12192.0,2,1,1,1,0,0,1,4,8.6,272.5,0,0,0,0,0,1
467800,63.554,0.0,0,0,1,0,11.564,0.0,0,0,1,0,12.514,-0.905,0,0.0,0,0,1,1,0,1,0,1,0,0,0,12192.0,2,1,1,1,0,0,1,4,8.2,268.2,0,0,0,0,0,1
467900,63.554,0.0,0,0,1,0,11.564,0.0,0,0,1,0,12.418,-0.955,0,0.0,0,0,1,1,0,1,0,1,0,0,0,12192.0,2,1,1,1,0,0,1,4,8.3,270.7,0,0,0,0,0,1
468000,63.554,0.0,0,0,1,0,11.564,0.0,0,0,1,0,12.318,-1.005,0,0.0,0,0,1,1,0,1,0,1,0,0,0,12192.0,2,1,1,1,0,0,1,4,8.9,267.5,0,0,0,0,0,1
468100,63.554,0.0,0,0,1,0,11.564,0.0,0,0,1,0,12.212,-1.056,0,0.0,0,0,1,1,0,1,0,1,0,0,0,12192.0,2,1,1,1,0,0,1,4,8.2,268.3,0,0,0,0,0,1
468200,63.554,0.0,0,0,1,0,11.564,0.0,0,0,1,0,12.102,-1.106,0,0.0,0,0,1,1,0,1,0,1,0,0,0,12192.0,2,1,1,1,0,0,1,4,9.0,268.9,0,0,0,0,0,1
468300,63.554,0.0,0,0,1,0,11.564,0.0,0,0,1,0,11.986,-1.156,0,0.0,0,0,1,1,0,1,0,1,0,0,0,12192.0,2,1,1,1,0,0,1,4,8.6,270.3,0,0,0,0,0,1
468400,63.554,0.0,0,0,1,0,11.564,0.0,0,0,1,0,11.865,-1.207,0,0.0,0,0,1,1,0,1,0,1,0,0,0,12192.0,2,1,1,1,0,0,1,4,8.3,271.8,0,0,0,0,0,1
468500,63.554,0.0,0,0,1,0,11.564,0.0,0,0,1,0,11.74,-1.257,0,0.0,0,0,1,1,0,1,0,1,0,0,0,12192.0,2,1,1,1,0,0,1,4,8.1,274.0,0,0,0,0,0,1
468600,63.554,0.0,0,0,1,0,11.564,0.0,0,0,1,0,11.61,-1.302,0,0.0,0,0,1,1,0,1,0,1,0,0,0,12192.0,2,1,1,1,0,0,1,4,9.0,269.8,0,0,0,0,0,1
468700,63.554,0.0,0,0,1,0,11.564,0.0,0,0,1,0,11.479,-1.302,0,0.0,0,0,1,1,0,1,0,1,0,0,0,12192.0,2,1,1,1,0,0,1,4,8.6,271.1,0,0,0,0,0,1
468800,63.554,0.0,0,0,1,0,11.564,0.0,0,0,1,0,11.349,-1.302,0,0.0,0,0,1,1,0,1,0,1,0,0,0,12192.0,2,1,1,1,0,0,1,4,9.0,273.5,0,0,0,0,0,1
468900,63.554,0.0,0,0,1,0,11.564,0.0,0,0,1,0,11.219,-1.302,0,0.0,0,0,1,1,0,1,0,1,0,0,0,12192.0,2,1,1,1,0,0,1,4,8.8,267.0,0,0,0,0,0,1
469000,63.554,0.0,0,0,1,0,11.564,0.0,0,0,1,0,11.089,-1.302,0,0.0,0,0,1,1,0,1,0,1,0,0,0,12192.0,2,1,1,1,0,0,1,4,9.5,270.5,0,0,0,0,0,1
469100,63.554,0.0,0,0,1,0,11.564,0.0,0,0,1,0,10.958,-1.302,0,0.0,0,0,1,1,0,1,0,1,0,0,0,12192.0,2,1,1,1,0,0,1,4,7.8,270.4,0,0,0,0,0,1
469200,63.554,0.0,0,0,1,0,11.564,0.0,0,0,1,0,10.828,-1.302,0,0.0,0,0,1,1,0,1,0,1,0,0,0,12192.0,2,1,1,1,0,0,1,4,8.3,266.4,0,0,0,0,0,1
469300,63.554,0.0,0,0,1,0,11.564,0.0,0,0,1,0,10.698,-1.302,0,0.0,0,0,1,1,0,1,0,1,0,0,0,12192.0,2,1,1,1,0,0,1,4,8.6,270.7,0,0,0,0,0,1
469400,63.554,0.0,0,0,1,0,11.564,0.0,0,0,1,0,10.568,-1.302,0,0.0,0,0,1,1,0,1,0,1,0,0,0,12192.0,2,1,1,1,0,0,1,4,8.8,269.2,0,0,0,0,0,1
469500,63.554,0.0,0,0,1,0,11.564,0.0,0,0,1,0,10.437,-1.302,0,0.0,0,0,1,1,0,1,0,1,0,0,0,12192.0,2,1,1,1,0,0,1,4,9.9,270.7,0,0,0,0,0,1
469600,63.554,0.0,0,0,1,0,11.564,0.0,0,0,1,0,10.307,-1.302,0,0.0,0,0,1,1,0,1,0,1,0,0,0,12192.0,2,1,1,1,0,0,1,4,8.0,268.5,0,0,0,0,0,1
469700,63.554,0.0,0,0,1,0,11.564,0.0,0,0,1,0,10.177,-1.302,0,0.0,0,0,1,1,0,1,0,1,0,0,0,12192.0,2,1,1,1,0,0,1,4,8.0,268.0,0,0,0,0,0,1
469800,63.554,0.0,0,0,1,0,11.564,0.0,0,0,1,0,10.047,-1.302,0,0.0,0,0,1,1,0,1,0,1,0,0,0,12192.0,2,1,1,1,0,0,1,4,8.5,273.1,0,0,0,0,0,1
469900,63.554,0.0,0,0,1,0,11.564,0.0,0,0,1,0,9.917,-1.302,0,0.0,0,0,1,1,0,1,0,1,0,0,0,12192.0,2,1,1,1,0,0,1,4,8.8,271.7,0,0,0,0,0,1
470000,63.554,0.0,0,0,1,0,11.564,0.0,0,0,1,0,9.786,-1.302,0,0.0,0,0,1,1,0,1,0,1,0,0,0,12192.0,2,1,1,1,0,0,1,4,7.7,266.8,0,0,0,0,0,1
470100,63.554,0.0,0,0,1,0,11.564,0.0,0,0,1,0,9.656,-1.302,0,0.0,0,0,1,1,0,1,0,1,0,0,0,12192.0,2,1,1,1,0,0,1,4,8.7,272.7,0,0,0,0,0,1
470200,63.554,0.0,0,0,1,0,11.564,0.0,0,0,1,0,9.526,-1.302,0,0.0,0,0,1,1,0,1,0,1,0,0,0,12192.0,2,1,1,1,0,0,1,4,8.5,273.2,0,0,0,0,0,1
470300,63.554,0.0,0,0,1,0,11.564,0.0,0,0,1,0,9.396,-1.302,0,0.0,0,0,1,1,0,1,0,1,0,0,0,12192.0,2,1,1,1,0,0,1,4,8.4,268.4,0,0,0,0,0,1
470400,63.554,0.0,0,0,1,0,11.564,0.0,0,0,1,0,9.265,-1.302,0,0.0,0,0,1,1,0,1,0,1,0,0,0,12192.0,2,1,1,1,0,0,1,4,8.1,269.3,0,0,0,0,0,1
470500,63.554,0.0,0,0,1,0,11.564,0.0,0,0,1,0,9.135,-1.302,0,0.0,0,0,1,1,0,1,0,1,0,0,0,12192.0,2,1,1,1,0,0,1,4,7.7,269.1,0,0,0,0,0,1
470600,63.554,0.0,0,0,1,0,11.564,0.0,0,0,1,0,9.005,-1.302,0,0.0,0,0,1,1,0,1,0,1,0,0,0,12192.0,2,1,1,1,0,0,1,4,7.9,269.7,0,0,0,0,0,1
470700,63.554,0.0,0,0,1,0,11.564,0.0,0,0,1,0,8.875,-1.302,0,0.0,0,0,1,1,0,1,0,1,0,0,0,12192.0,2,1,1,1,0,0,1,4,8.4,268.4,0,0,0,0,0,1
470800,63.554,0.0,0,0,1,0,11.564,0.0,0,0,1,0,8.745,-1.302,0,0.0,0,0,1,1,0,1,0,1,0,0,0,12192.0,2,1,1,1,0,0,1,4,8.9,269.7,0,0,0,0,0,1
470900,63.554,0.0,0,0,1,0,11.564,0.0,0,0,1,0,8.614,-1.302,0,0.0,0,0,1,1,0,1,0,1,0,0,0,12192.0,2,1,1,1,0,0,1,4,8.6,268.9,0,0,0,0,0,1
471000,63.554,0.0,0,0,1,0,11.564,0.0,0,0,1,0,8.484,-1.302,0,0.0,0,0,1,1,0,1,0,1,0,0,0,12192.0,2,1,1,1,0,0,1,4,8.5,270.1,0,0,0,0,0,1
471100,63.554,0.0,0,0,1,0,11.564,0.0,0,0,1,0,8.354,-1.302,0,0.0,0,0,1,1,0,1,0,1,0,0,0,12192.0,2,1,1,1,0,0,1,4,7.4,265.8,0,0,0,0,0,1
471200,63.554,0.0,0,0,1,0,11.564,0.0,0,0,1,0,8.224,-1.302,0,0.0,0,0,1,1,0,1,0,1,0,0,0,12192.0,2,1,1,1,0,0,1,4,7.9,273.8,0,0,0,0,0,1
471300,63.554,0.0,0,0,1,0,11.564,0.0,0,0,1,0,8.093,-1.302,0,0.0,0,0,1,1,0,1,0,1,0,0,0,12192.0,2,1,1,1,0,0,1,4,7.9,266.9,0,0,0,0,0,1
471400,63.554,0.0,0,0,1,0,11.564,0.0,0,0,1,0,7.963,-1.302,0,0.0,0,0,1,1,0,1,0,1,0,0,0,12192.0,2,1,1,1,0,0,1,4,8.0,265.1,0,0,0,0,0,1
471500,63.554,0.0,0,0,1,0,11.564,0.0,0,0,1,0,7.833,-1.302,0,0.0,0,0,1,1,0,1,0,1,0,0,0,12192.0,2,1,1,1,0,0,1,4,7.4,266.3,0,0,0,0,0,1
471600,63.554,0.0,0,0,1,0,11.564,0.0,0,0,1,0,7.703,-1.302,0,0.0,0,0,1,1,0,1,0,1,0,0,0,12192.0,2,1,1,1,0,0,1,4,8.4,270.7,0,0,0,0,0,1
471700,63.554,0.0,0,0,1,0,11.564,0.0,0,0,1,0,7.572,-1.302,0,0.0,0,0,1,1,0,1,0,1,0,0,0,12192.0,2,1,1,1,0,0,1,4,8.4,266.4,0,0,0,0,0,1
471800,63.554,0.0,0,0,1,0,11.564,0.0,0,0,1,0,7.442,-1.302,0,0.0,0,0,1,1,0,1,0,1,0,0,0,12192.0,2,1,1,1,0,0,1,4,7.6,271.0,0,0,0,0,0,1
471900,63.554,0.0,0,0,1,0,11.564,0.0,0,0,1,0,7.312,-1.302,0,0.0,0,0,1,1,0,1,0,1,0,0,0,12192.0,2,1,1,1,0,0,1,4,7.4,267.2,0,0,0,0,0,1
472000,63.554,0.0,0,0,1,0,11.564,0.0,0,0,1,0,7.182,-1.302,0,0.0,0,0,1,1,0,1,0,1,0,0,0,12192.0,2,1,1,1,0,0,1,4,7.3,269.9,0,0,0,0,0,1
472100,63.554,0.0,0,0,1,0,11.564,0.0,0,0,1,0,7.052,-1.302,0,0.0,0,0,1,1,0,1,0,1,0,0,0,12192.0,2,1,1,1,0,0,1,4,7.6,272.7,0,0,0,0,0,1
472200,63.554,0.0,0,0,1,0,11.564,0.0,0,0,1,0,6.921,-1.302,0,0.0,0,0,1,1,0,1,0,1,0,0,0,12192.0,2,1,1,1,0,0,1,4,6.8,270.9,0,0,0,0,0,1
472300,63.554,0.0,0,0,1,0,11.564,0.0,0,0,1,0,6.791,-1.302,0,0.0,0,0,1,1,0,1,0,1,0,0,0,12192.0,2,1,1,1,0,0,1,4,6.6,270.4,0,0,0,0,0,1
472400,63.554,0.0,0,0,1,0,11.564,0.0,0,0,1,0,6.661,-1.302,0,0.0,0,0,1,1,0,1,0,1,0,0,0,12192.0,2,1,1,1,0,0,1,4,7.9,265.1,0,0,0,0,0,1
472500,63.554,0.0,0,0,1,0,11.564,0.0,0,0,1,0,6.531,-1.302,0,0.0,0,0,1,1,0,1,0,1,0,0,0,12192.0,2,1,1,1,0,0,1,4,8.0,270.8,0,0,0,0,0,1
472600,63.554,0.0,0,0,1,0,11.564,0.0,0,0,1,0,6.4,-1.302,0,0.0,0,0,1,1,0,1,0,1,0,0,0,12192.0,2,1,1,1,0,0,1,4,7.2,271.7,0,0,0,0,0,1
472700,63.554,0.0,0,0,1,0,11.564,0.0,0,0,1,0,6.27,-1.302,0,0.0,0,0,1,1,0,1,0,1,0,0,0,12192.0,2,1,1,1,0,0,1,4,7.8,265.5,0,0,0,0,0,1
472800,63.554,0.0,0,0,1,0,11.564,0.0,0,0,1,0,6.14,-1.302,0,0.0,0,0,1,1,0,1,0,1,0,0,0,12192.0,2,1,1,1,0,0,1,4,7.8,269.9,0,0,0,0,0,1
472900,63.554,0.0,0,0,1,0,11.564,0.0,0,0,1,0,6.01,-1.302,0,0.0,0,0,1,1,0,1,0,1,0,0,0,12192.0,2,1,1,1,0,0,1,4,7.4,275.8,0,0,0,0,0,1
473000,63.554,0.0,0,0,1,0,11.564,0.0,0,0,1,0,5.879,-1.302,0,0.0,0,0,1,1,0,1,0,1,0,0,0,12192.0,2,1,1,1,0,0,1,4,7.8,272.0,0,0,0,0,0,1
473100,63.554,0.0,0,0,1,0,11.564,0.0,0,0,1,0,5.749,-1.302,0,0.0,0,0,1,1,0,1,0,1,0,0,0,12192.0,2,1,1,1,0,0,1,4,7.6,262.4,0,0,0,0,0,1
473200,63.554,0.0,0,0,1,0,11.564,0.0,0,0,1,0,5.619,-1.302,0,0.0,0,0,1,1,0,1,0,1,0,0,0,12192.0,2,1,1,1,0,0,1,4,7.4,270.2,0,0,0,0,0,1
473300,63.554,0.0,0,0,1,0,11.564,0.0,0,0,1,0,5.489,-1.302,0,0.0,0,0,1,1,0,1,0,1,0,0,0,12192.0,2,1,1,1,0,0,1,4,7.1,267.8,0,0,0,0,0,1
473400,63.554,0.0,0,0,1,0,11.564,0.0,0,0,1,0,5.359,-1.302,0,0.0,0,0,1,1,0,1,0,1,0,0,0,12192.0,2,1,1,1,0,0,1,4,7.4,267.7,0,0,0,0,0,1
473500,63.554,0.0,0,0,1,0,11.564,0.0,0,0,1,0,5.228,-1.302,0,0.0,0,0,1,1,0,1,0,1,0,0,0,12192.0,2,1,1,1,0,0,1,4,7.6,271.7,0,0,0,0,0,1
473600,63.554,0.0,0,0,1,0,11.564,0.0,0,0,1,0,5.098,-1.302,0,0.0,0,0,1,1,0,1,0,1,0,0,0,12192.0,2,1,1,1,0,0,1,4,7.3,269.7,0,0,0,0,0,1
473700,63.554,0.0,0,0,1,0,11.564,0.0,0,0,1,0,4.968,-1.302,0,0.0,0,0,1,1,0,1,0,1,0,0,0,12192.0,2,1,1,1,0,0,1,4,7.3,269.5,0,0,0,0,0,1
473800,63.554,0.0,0,0,1,0,11.564,0.0,0,0,1,0,4.838,-1.302,0,0.0,0,0,1,1,0,1,0,1,0,0,0,12192.0,2,1,1,1,0,0,1,4,8.5,268.6,0,0,0,0,0,1
473900,63.554,0.0,0,0,1,0,11.564,0.0,0,0,1,0,4.707,-1.302,0,0.0,0,0,1,1,0,1,0,1,0,0,0,12192.0,2,1,1,1,0,0,1,4,7.8,270.5,0,0,0,0,0,1
474000,63.554,0.0,0,0,1,0,11.564,0.0,0,0,1,0,4.577,-1.302,0,0.0,0,0,1,1,0,1,0,1,0,0,0,12192.0,2,1,1,1,0,0,1,4,7.5,270.7,0,0,0,0,0,1
474100,63.554,0.0,0,0,1,0,11.564,0.0,0,0,1,0,4.447,-1.302,0,0.0,0,0,1,1,0,1,0,1,0,0,0,12192.0,2,1,1,1,0,0,1,4,7.8,273.5,0,0,0,0,0,1
474200,63.554,0.0,0,0,1,0,11.564,0.0,0,0,1,0,4.317,-1.302,0,0.0,0,0,1,1,0,1,0,1,0,0,0,12192.0,2,1,1,1,0,0,1,4,7.9,268.2,0,0,0,0,0,1
474300,63.554,0.0,0,0,1,0,11.564,0.0,0,0,1,0,4.187,-1.302,0,0.0,0,0,1,1,0,1,0,1,0,0,0,12192.0,2,1,1,1,0,0,1,4,7.1,272.7,0,0,0,0,0,1
474400,63.554,0.0,0,0,1,0,11.564,0.0,0,0,1,0,4.061,-1.252,0,0.0,0,0,1,1,0,1,0,1,0,0,0,12192.0,2,1,1,1,0,0,1,4,7.6,273.9,0,0,0,0,0,1
474500,63.554,0.0,0,0,1,0,11.564,0.0,0,0,1,0,3.941,-1.202,0,0.0,0,0,1,1,0,1,0,1,0,0,0,12192.0,2,1,1,1,0,0,1,4,7.5,268.8,0,0,0,0,0,1
474600,63.554,0.0,0,0,1,0,11.564,0.0,0,0,1,0,3.826,-1.151,0,0.0,0,0,1,1,0,1,0,1,0,0,0,12192.0,2,1,1,1,0,0,1,4,8.1,270.5,0,0,0,0,0,1
474700,63.554,0.0,0,0,1,0,11.564,0.0,0,0,1,0,3.716,-1.101,0,0.0,0,0,1,1,0,1,0,1,0,0,0,12192.0,2,1,1,1,0,0,1,4,7.0,272.5,0,0,0,0,0,1
474800,63.554,0.0,0,0,1,0,11.564,0.0,0,0,1,0,3.611,-1.051,0,0.0,0,0,1,1,0,1,0,1,0,0,0,12192.0,2,1,1,1,0,0,1,4,8.0,271.0,0,0,0,0,0,1
474900,63.554,0.0,0,0,1,0,11.564,0.0,0,0,1,0,3.511,-1.001,0,0.0,0,0,1,1,0,1,0,1,0,0,0,12192.0,2,1,1,1,0,0,1,4,7.1,269.8,0,0,0,0,0,1
475000,63.554,0.0,0,0,1,0,11.564,0.0,0,0,1,0,3.416,-0.95,0,0.0,0,0,1,1,0,1,0,1,0,0,0,12192.0,2,1,1,1,0,0,1,4,7.6,270.4,0,0,0,0,0,1
475100,63.554,0.0,0,0,1,0,11.564,0.0,0,0,1,0,3.326,-0.9,0,0.0,0,0,1,1,0,1,0,1,0,0,0,12192.0,2,1,1,1,0,0,1,4,8.1,267.7,0,0,0,0,0,1
475200,63.554,0.0,0,0,1,0,11.564,0.0,0,0,1,0,3.241,-0.85,0,0.0,0,0,1,1,0,1,0,1,0,0,0,12192.0,2,1,1,1,0,0,1,4,7.3,268.8,0,0,0,0,0,1
475300,63.554,0.0,0,0,1,0,11.564,0.0,0,0,1,0,3.161,-0.8,0,0.0,0,0,1,1,0,1,0,1,0,0,0,12192.0,2,1,1,1,0,0,1,4,7.6,271.5,0,0,0,0,0,1
475400,63.554,0.0,0,0,1,0,11.564,0.0,0,0,1,0,3.086,-0.749,0,0.0,0,0,1,1,0,1,0,1,0,0,0,12192.0,2,1,1,1,0,0,1,4,7.3,268.4,0,0,0,0,0,1
475500,63.554,0.0,0,0,1,0,11.564,0.0,0,0,1,0,3.016,-0.699,0,0.0,0,0,1,1,0,1,0,1,0,0,0,12192.0,2,1,1,1,0,0,1,4,9.3,267.9,0,0,0,0,0,1
475600,63.554,0.0,0,0,1,0,11.564,0.0,0,0,1,0,2.951,-0.649,0,0.0,0,0,1,1,0,1,0,1,0,0,0,12192.0,2,1,1,1,0,0,1,4,7.6,273.5,0,0,0,0,0,1
475700,63.554,0.0,0,0,1,0,11.564,0.0,0,0,1,0,2.891,-0.598,0,0.0,0,0,1,1,0,1,0,1,0,0,0,12192.0,2,1,1,1,0,0,1,4,8.5,267.1,0,0,0,0,0,1
475800,63.554,0.0,0,0,1,0,11.564,0.0,0,0,1,0,2.836,-0.548,0,0.0,0,0,1,1,0,1,0,1,0,0,0,12192.0,2,1,1,1,0,0,1,4,8.4,267.2,0,0,0,0,0,1
475900,63.554,0.0,0,0,1,0,11.564,0.0,0,0,1,0,2.787,-0.498,0,0.0,0,0,1,1,0,1,0,1,0,0,0,12192.0,2,1,1,1,0,0,1,4,8.6,268.5,0,0,0,0,0,1
476000,63.554,0.0,0,0,1,0,11.564,0.0,0,0,1,0,2.742,-0.448,0,0.0,0,0,1,1,0,1,0,1,0,0,0,12192.0,2,1,1,1,0,0,1,4,8.1,262.9,0,0,0,0,0,1
476100,63.554,0.0,0,0,1,0,11.564,0.0,0,0,1,0,2.702,-0.397,0,0.0,0,0,1,1,0,1,0,1,0,0,0,12192.0,2,1,1,1,0,0,1,4,7.0,270.1,0,0,0,0,0,1
476200,63.554,0.0,0,0,1,0,11.564,0.0,0,0,1,0,2.667,-0.346,0,0.0,0,0,1,1,0,1,0,1,0,0,0,12192.0,2,1,1,1,0,0,1,4,8.3,268.5,0,0,0,0,0,1
476300,63.554,0.0,0,0,1,0,11.564,0.0,0,0,1,0,2.638,-0.292,0,0.0,0,0,1,1,0,1,0,1,0,0,0,12192.0,2,1,1,1,0,0,1,4,8.3,270.3,0,0,0,0,0,1
476400,63.554,0.0,0,0,1,0,11.564,0.0,0,0,1,0,2.615,-0.236,0,0.0,0,0,1,1,0,1,0,1,0,0,0,12192.0,2,1,1,1,0,0,1,4,8.3,270.9,0,0,0,0,0,1
476500,63.554,0.0,0,0,1,0,11.564,0.0,0,0,1,0,2.597,-0.179,0,0.0,0,0,1,1,0,1,0,1,0,0,0,12192.0,2,1,1,1,0,0,1,4,7.4,267.0,0,0,0,0,0,1
476600,63.554,0.0,0,0,1,0,11.564,0.0,0,0,1,0,2.585,-0.118,0,0.0,0,0,1,1,0,1,0,1,0,0,0,12192.0,2,1,1,1,0,0,1,4,7.9,264.9,0,0,0,0,0,1
476700,63.554,0.0,0,0,0,0,11.564,0.0,0,0,0,0,2.58,0.0,0,0.0,0,0,0,0,0,1,0,1,0,0,0,12192.0,2,1,1,0,1,0,1,4,8.1,269.0,0,0,0,0,0,1
476800,63.554,0.0,0,0,0,0,11.564,0.0,0,0,0,0,2.58,0.0,0,0.0,0,0,0,0,0,1,0,1,1,1,0,12192.0,2,1,1,0,1,0,1,4,8.6,265.2,0,0,0,0,0,1
476900,63.554,0.0,0,0,0,0,11.564,0.0,0,0,0,0,2.58,0.0,0,0.0,0,0,0,0,0,1,0,1,1,1,0,12192.0,2,1,1,0,1,0,1,4,8.8,267.3,0,0,0,0,0,1
477000,63.554,0.0,0,0,0,0,11.564,0.0,0,0,0,0,2.58,0.0,0,0.0,0,0,0,0,0,1,0,1,1,1,0,12192.0,2,1,1,0,1,0,1,4,7.9,266.9,0,0,0,0,0,1
477100,63.554,0.0,0,0,0,0,11.564,0.0,0,0,0,0,2.58,0.0,0,0.0,0,0,0,0,0,1,0,1,1,1,0,12192.0,2,1,1,0,1,0,1,4,8.0,271.8,0,0,0,0,0,1
477200,63.554,0.0,0,0,0,0,11.564,0.0,0,0,0,0,2.58,0.0,0,0.0,0,0,0,0,0,1,0,1,1,1,0,12192.0,2,1,1,0,1,0,1,4,9.0,271.9,0,0,0,0,0,1
477300,63.554,0.0,0,0,0,0,11.564,0.0,0,0,0,0,2.58,0.0,0,0.0,0,0,0,0,0,1,0,1,1,1,0,12192.0,2,1,1,0,1,0,1,4,8.0,272.5,0,0,0,0,0,1
477400,63.554,0.0,0,0,0,0,11.564,0.0,0,0,0,0,2.58,0.0,0,0.0,0,0,0,0,0,1,0,1,1,1,0,12192.0,2,1,1,0,1,0,1,4,9.0,265.0,0,0,0,0,0,1
477500,63.554,0.0,0,0,0,0,11.564,0.0,0,0,0,0,2.58,0.0,0,0.0,0,0,0,0,0,1,0,1,1,1,0,12192.0,2,1,1,0,1,0,1,4,9.0,269.6,0,0,0,0,0,1
477600,63.554,0.0,0,0,0,0,11.564,0.0,0,0,0,0,2.58,0.0,0,0.0,0,0,0,0,0,1,0,1,1,1,0,12192.0,2,1,1,0,1,0,1,4,7.9,270.4,0,0,0,0,0,1
477700,63.554,0.0,0,0,0,0,11.564,0.0,0,0,0,0,2.58,0.0,0,0.0,0,0,0,0,0,1,0,1,1,1,0,12192.0,2,1,1,0,1,0,1,4,7.6,267.7,0,0,0,0,0,1
477800,63.554,0.0,0,0,0,0,11.564,0.0,0,0,0,0,2.58,0.0,0,0.0,0,0,0,0,0,1,0,1,1,1,0,12192.0,2,1,1,0,1,0,1,4,8.0,268.8,0,0,0,0,0,1
477900,63.554,0.0,0,0,0,0,11.564,0.0,0,0,0,0,2.58,0.0,0,32.1,0,0,0,0,0,1,1,0,1,1,0,12192.0,2,1,1,0,1,0,1,4,8.8,269.8,0,0,0,0,0,1
478000,63.554,0.0,0,0,0,0,11.564,0.0,0,0,0,0,2.58,0.0,0,31.87,0,0,0,0,0,1,1,0,1,1,0,12192.0,2,1,1,0,1,0,1,4,8.6,267.8,0,0,0,0,0,1
478100,63.554,0.0,0,0,0,0,11.564,0.0,0,0,0,0,2.58,0.0,0,31.92,0,0,0,0,0,1,1,0,1,1,0,12192.0,2,1,1,0,1,0,1,4,9.2,266.2,0,0,0,0,0,1
478200,63.554,0.0,0,0,0,0,11.564,0.0,0,0,0,0,2.58,0.0,0,32.09,0,0,0,0,0,1,1,0,1,1,0,12192.0,2,1,1,0,1,0,1,4,7.9,272.1,0,0,0,0,0,1
478300,63.554,0.0,0,0,0,0,11.564,0.0,0,0,0,0,2.58,0.0,0,32.16,0,0,0,0,0,1,1,0,1,1,0,12192.0,2,1,1,0,1,0,1,4,8.0,270.5,0,0,0,0,0,1
478400,63.554,0.0,0,0,0,0,11.564,0.0,0,0,0,0,2.58,0.0,0,32.15,0,0,0,0,0,1,1,0,1,1,0,12192.0,2,1,1,0,1,0,1,4,8.4,267.4,0,0,0,0,0,1
478500,63.554,0.0,0,0,0,0,11.564,0.0,0,0,0,0,2.58,0.0,0,32.08,0,0,0,0,0,1,1,0,1,1,0,12192.0,2,1,1,0,1,0,1,4,8.5,269.4,0,0,0,0,0,1
478600,63.554,0.0,0,0,0,0,11.564,0.0,0,0,0,0,2.58,0.0,0,32.17,0,0,0,0,0,1,1,0,1,1,0,12192.0,2,1,1,0,1,0,1,4,9.0,271.8,0,0,0,0,0,1
478700,63.554,0.0,0,0,0,0,11.564,0.0,0,0,0,0,2.58,0.0,0,32.1,0,0,0,0,0,1,1,0,1,1,0,12192.0,2,1,1,0,1,0,1,4,8.9,273.1,0,0,0,0,0,1
478800,63.554,0.0,0,0,0,0,11.564,0.0,0,0,0,0,2.58,0.0,0,31.88,0,0,0,0,0,1,1,0,1,1,0,12192.0,2,1,1,0,1,0,1,4,9.0,270.6,0,0,0,0,0,1
478900,63.554,0.0,0,0,0,0,11.564,0.0,0,0,0,0,2.58,0.0,0,31.95,0,0,0,0,0,1,1,0,1,1,0,12192.0,2,1,1,0,1,0,1,4,8.3,271.4,0,0,0,0,0,1
479000,63.554,0.0,0,0,0,0,11.564,0.0,0,0,0,0,2.58,0.0,0,32.09,0,0,0,0,0,1,1,0,1,1,0,12192.0,2,1,1,0,1,0,1,4,8.8,267.9,0,0,0,0,0,1
479100,63.554,0.0,0,0,0,0,11.564,0.0,0,0,0,0,2.58,0.0,0,31.9,0,0,0,0,0,1,1,0,1,1,0,12192.0,2,1,1,0,1,0,1,4,7.7,272.8,0,0,0,0,0,1
479200,63.554,0.0,0,0,1,0,11.564,0.0,0,0,1,0,2.585,0.05,1,33.55,0,0,1,1,0,1,1,0,0,1,0,12192.0,2,1,1,1,0,0,1,4,8.4,273.1,0,0,0,0,0,1
479300,63.554,0.0,0,0,1,0,11.564,0.0,0,0,1,0,2.595,0.101,1,33.62,0,0,1,1,0,1,1,0,0,1,0,12192.0,2,1,1,1,0,0,1,4,7.9,269.3,0,0,0,0,0,1
479400,63.554,0.0,0,0,1,0,11.564,0.0,0,0,1,0,2.61,0.151,1,33.57,0,0,1,1,0,1,1,0,0,1,0,12192.0,2,1,1,1,0,0,1,4,8.3,269.9,0,0,0,0,0,1
479500,63.554,0.0,0,0,1,0,11.564,0.0,0,0,1,0,2.63,0.201,1,33.6,0,0,1,1,0,1,1,0,0,1,0,12192.0,2,1,1,1,0,0,1,4,8.6,268.7,0,0,0,0,0,1
479600,63.554,0.0,0,0,1,0,11.564,0.0,0,0,1,0,2.655,0.251,1,33.51,0,0,1,1,0,1,1,0,0,1,0,12192.0,2,1,1,1,0,0,1,4,8.3,271.1,0,0,0,0,0,1
479700,63.554,0.0,0,0,1,0,11.564,0.0,0,0,1,0,2.686,0.302,1,33.81,0,0,1,1,0,1,1,0,0,1,0,12192.0,2,1,1,1,0,0,1,4,8.1,271.9,0,0,0,0,0,1
479800,63.554,0.0,0,0,1,0,11.564,0.0,0,0,1,0,2.721,0.352,1,33.7,0,0,1,1,0,1,1,0,0,1,0,12192.0,2,1,1,1,0,0,1,4,8.2,272.6,0,0,0,0,0,1
479900,63.554,0.0,0,0,1,0,11.564,0.0,0,0,1,0,2.761,0.402,1,33.69,0,0,1,1,0,1,1,0,0,1,0,12192.0,2,1,1,1,0,0,1,4,7.6,271.9,0,0,0,0,0,1
480000,63.554,0.0,0,0,1,0,11.564,0.0,0,0,1,0,2.806,0.452,1,33.76,0,0,1,1,0,1,1,0,0,1,0,12192.0,2,1,1,1,0,0,1,4,7.7,270.7,0,0,0,0,0,1
480100,63.554,0.0,0,0,1,0,11.564,0.0,0,0,1,0,2.856,0.503,1,33.56,0,0,1,1,0,1,1,0,0,1,0,12192.0,2,1,1,1,0,0,1,4,8.8,265.2,0,0,0,0,0,1
480200,63.554,0.0,0,0,1,0,11.564,0.0,0,0,1,0,2.912,0.553,1,33.74,0,0,1,1,0,1,1,0,0,1,0,12192.0,2,1,1,1,0,0,1,4,8.2,272.8,0,0,0,0,0,1
480300,63.554,0.0,0,0,1,0,11.564,0.0,0,0,1,0,2.972,0.603,1,33.63,0,0,1,1,0,1,1,0,0,1,0,12192.0,2,1,1,1,0,0,1,4,8.0,271.0,0,0,0,0,0,1
480400,63.554,0.0,0,0,1,0,11.564,0.0,0,0,1,0,3.037,0.654,1,33.41,0,0,1,1,0,1,1,0,0,1,0,12192.0,2,1,1,1,0,0,1,4,7.4,267.4,0,0,0,0,0,1
480500,63.554,0.0,0,0,1,0,11.564,0.0,0,0,1,0,3.108,0.704,1,33.63,0,0,1,1,0,1,1,0,0,1,0,12192.0,2,1,1,1,0,0,1,4,7.7,268.3,0,0,0,0,0,1
480600,63.554,0.0,0,0,1,0,11.564,0.0,0,0,1,0,3.183,0.754,1,33.47,0,0,1,1,0,1,1,0,0,1,0,12192.0,2,1,1,1,0,0,1,4,8.3,266.7,0,0,0,0,0,1
480700,63.554,0.0,0,0,1,0,11.564,0.0,0,0,1,0,3.264,0.804,1,33.9,0,0,1,1,0,1,1,0,0,1,0,12192.0,2,1,1,1,0,0,1,4,7.2,271.8,0,0,0,0,0,1
480800,63.554,0.0,0,0,1,0,11.564,0.0,0,0,1,0,3.349,0.855,1,33.64,0,0,1,1,0,1,1,0,0,1,0,12192.0,2,1,1,1,0,0,1,4,6.9,271.9,0,0,0,0,0,1
480900,63.554,0.0,0,0,1,0,11.564,0.0,0,0,1,0,3.44,0.905,1,33.71,0,0,1,1,0,1,1,0,0,1,0,12192.0,2,1,1,1,0,0,1,4,7.6,269.7,0,0,0,0,0,1
481000,63.554,0.0,0,0,1,0,11.564,0.0,0,0,1,0,3.535,0.955,1,33.82,0,0,1,1,0,1,1,0,0,1,0,12192.0,2,1,1,1,0,0,1,4,8.2,266.6,0,0,0,0,0,1
481100,63.554,0.0,0,0,1,0,11.564,0.0,0,0,1,0,3.636,1.005,1,33.53,0,0,1,1,0,1,1,0,0,1,0,12192.0,2,1,1,1,0,0,1,4,7.4,274.9,0,0,0,0,0,1
481200,63.554,0.0,0,0,1,0,11.564,0.0,0,0,1,0,3.741,1.056,1,33.45,0,0,1,1,0,1,1,0,0,1,0,12192.0,2,1,1,1,0,0,1,4,7.2,271.8,0,0,0,0,0,1
481300,63.554,0.0,0,0,1,0,11.564,0.0,0,0,1,0,3.852,1.106,1,33.84,0,0,1,1,0,1,1,0,0,1,0,12192.0,2,1,1,1,0,0,1,4,8.1,268.1,0,0,0,0,0,1
481400,63.554,0.0,0,0,1,0,11.564,0.0,0,0,1,0,3.968,1.156,1,33.71,0,0,1,1,0,1,1,0,0,1,0,12192.0,2,1,1,1,0,0,1,4,7.2,271.3,0,0,0,0,0,1
481500,63.554,0.0,0,0,1,0,11.564,0.0,0,0,1,0,4.088,1.207,1,33.6,0,0,1,1,0,1,1,0,0,1,0,12192.0,2,1,1,1,0,0,1,4,7.5,272.1,0,0,0,0,0,1
481600,63.554,0.0,0,0,1,0,11.564,0.0,0,0,1,0,4.214,1.257,1,33.42,0,0,1,1,0,1,1,0,0,1,0,12192.0,2,1,1,1,0,0,1,4,7.7,270.2,0,0,0,0,0,1
481700,63.554,0.0,0,0,1,0,11.564,0.0,0,0,1,0,4.344,1.302,1,33.7,0,0,1,1,0,1,1,0,0,1,0,12192.0,2,1,1,1,0,0,1,4,6.8,269.1,0,0,0,0,0,1
481800,63.554,0.0,0,0,1,0,11.564,0.0,0,0,1,0,4.474,1.302,1,33.59,0,0,1,1,0,1,1,0,0,1,0,12192.0,2,1,1,1,0,0,1,4,7.9,269.5,0,0,0,0,0,1
481900,63.554,0.0,0,0,1,0,11.564,0.0,0,0,1,0,4.605,1.302,1,33.65,0,0,1,1,0,1,1,0,0,1,0,12192.0,2,1,1,1,0,0,1,4,7.8,269.2,0,0,0,0,0,1
482000,63.554,0.0,0,0,1,0,11.564,0.0,0,0,1,0,4.735,1.302,1,33.55,0,0,1,1,0,1,1,0,0,1,0,12192.0,2,1,1,1,0,0,1,4,7.4,267.9,0,0,0,0,0,1
482100,63.554,0.0,0,0,1,0,11.564,0.0,0,0,1,0,4.865,1.302,1,33.81,0,0,1,1,0,1,1,0,0,1,0,12192.0,2,1,1,1,0,0,1,4,7.1,272.1,0,0,0,0,0,1
482200,63.554,0.0,0,0,1,0,11.564,0.0,0,0,1,0,4.995,1.302,1,33.6,0,0,1,1,0,1,1,0,0,1,0,12192.0,2,1,1,1,0,0,1,4,7.9,266.0,0,0,0,0,0,1
482300,63.554,0.0,0,0,1,0,11.564,0.0,0,0,1,0,5.125,1.302,1,33.89,0,0,1,1,0,1,1,0,0,1,0,12192.0,2,1,1,1,0,0,1,4,7.1,268.5,0,0,0,0,0,1
482400,63.554,0.0,0,0,1,0,11.564,0.0,0,0,1,0,5.256,1.302,1,33.41,0,0,1,1,0,1,1,0,0,1,0,12192.0,2,1,1,1,0,0,1,4,7.5,270.1,0,0,0,0,0,1
482500,63.554,0.0,0,0,1,0,11.564,0.0,0,0,1,0,5.386,1.302,1,33.76,0,0,1,1,0,1,1,0,0,1,0,12192.0,2,1,1,1,0,0,1,4,7.5,274.1,0,0,0,0,0,1
482600,63.554,0.0,0,0,1,0,11.564,0.0,0,0,1,0,5.516,1.302,1,33.59,0,0,1,1,0,1,1,0,0,1,0,12192.0,2,1,1,1,0,0,1,4,7.6,274.0,0,0,0,0,0,1
482700,63.554,0.0,0,0,1,0,11.564,0.0,0,0,1,0,5.646,1.302,1,33.46,0,0,1,1,0,1,1,0,0,1,0,12192.0,2,1,1,1,0,0,1,4,7.9,273.4,0,0,0,0,0,1
482800,63.554,0.0,0,0,1,0,11.564,0.0,0,0,1,0,5.777,1.302,1,33.6,0,0,1,1,0,1,1,0,0,1,0,12192.0,2,1,1,1,0,0,1,4,7.2,272.6,0,0,0,0,0,1
482900,63.554,0.0,0,0,1,0,11.564,0.0,0,0,1,0,5.907,1.302,1,33.43,0,0,1,1,0,1,1,0,0,1,0,12192.0,2,1,1,1,0,0,1,4,7.6,271.1,0,0,0,0,0,1
483000,63.554,0.0,0,0,1,0,11.564,0.0,0,0,1,0,6.037,1.302,1,33.8,0,0,1,1,0,1,1,0,0,1,0,12192.0,2,1,1,1,0,0,1,4,7.3,271.5,0,0,0,0,0,1
483100,63.554,0.0,0,0,1,0,11.564,0.0,0,0,1,0,6.167,1.302,1,33.69,0,0,1,1,0,1,1,0,0,1,0,12192.0,2,1,1,1,0,0,1,4,7.6,272.7,0,0,0,0,0,1
483200,63.554,0.0,0,0,1,0,11.564,0.0,0,0,1,0,6.298,1.302,1,33.66,0,0,1,1,0,1,1,0,0,1,0,12192.0,2,1,1,1,0,0,1,4,7.0,269.6,0,0,0,0,0,1
483300,63.554,0.0,0,0,1,0,11.564,0.0,0,0,1,0,6.428,1.302,1,33.59,0,0,1,1,0,1,1,0,0,1,0,12192.0,2,1,1,1,0,0,1,4,7.3,270.4,0,0,0,0,0,1
483400,63.554,0.0,0,0,1,0,11.564,0.0,0,0,1,0,6.558,1.302,1,33.94,0,0,1,1,0,1,1,0,0,1,0,12192.0,2,1,1,1,0,0,1,4,8.0,265.8,0,0,0,0,0,1
483500,63.554,0.0,0,0,1,0,11.564,0.0,0,0,1,0,6.688,1.302,1,33.78,0,0,1,1,0,1,1,0,0,1,0,12192.0,2,1,1,1,0,0,1,4,6.8,275.0,0,0,0,0,0,1
483600,63.554,0.0,0,0,1,0,11.564,0.0,0,0,1,0,6.818,1.302,1,33.64,0,0,1,1,0,1,1,0,0,1,0,12192.0,2,1,1,1,0,0,1,4,8.1,273.1,0,0,0,0,0,1
483700,63.554,0.0,0,0,1,0,11.564,0.0,0,0,1,0,6.949,1.302,1,33.67,0,0,1,1,0,1,1,0,0,1,0,12192.0,2,1,1,1,0,0,1,4,7.2,269.0,0,0,0,0,0,1
483800,63.554,0.0,0,0,1,0,11.564,0.0,0,0,1,0,7.079,1.302,1,33.58,0,0,1,1,0,1,1,0,0,1,0,12192.0,2,1,1,1,0,0,1,4,7.7,269.0,0,0,0,0,0,1
483900,63.554,0.0,0,0,1,0,11.564,0.0,0,0,1,0,7.209,1.302,1,33.52,0,0,1,1,0,1,1,0,0,1,0,12192.0,2,1,1,1,0,0,1,4,7.4,270.6,0,0,0,0,0,1
484000,63.554,0.0,0,0,1,0,11.564,0.0,0,0,1,0,7.339,1.302,1,33.68,0,0,1,1,0,1,1,0,0,1,0,12192.0,2,1,1,1,0,0,1,4,8.4,266.0,0,0,0,0,0,1
484100,63.554,0.0,0,0,1,0,11.564,0.0,0,0,1,0,7.47,1.302,1,33.61,0,0,1,1,0,1,1,0,0,1,0,12192.0,2,1,1,1,0,0,1,4,7.3,273.3,0,0,0,0,0,1
484200,63.554,0.0,0,0,1,0,11.564,0.0,0,0,1,0,7.6,1.302,1,33.66,0,0,1,1,0,1,1,0,0,1,0,12192.0,2,1,1,1,0,0,1,4,8.5,266.5,0,0,0,0,0,1
484300,63.554,0.0,0,0,1,0,11.564,0.0,0,0,1,0,7.73,1.302,1,33.8,0,0,1,1,0,1,1,0,0,1,0,12192.0,2,1,1,1,0,0,1,4,7.7,267.1,0,0,0,0,0,1
484400,63.554,0.0,0,0,1,0,11.564,0.0,0,0,1,0,7.86,1.302,1,33.53,0,0,1,1,0,1,1,0,0,1,0,12192.0,2,1,1,1,0,0,1,4,7.9,270.8,0,0,0,0,0,1
484500,63.554,0.0,0,0,1,0,11.564,0.0,0,0,1,0,7.991,1.302,1,33.7,0,0,1,1,0,1,1,0,0,1,0,12192.0,2,1,1,1,0,0,1,4,7.8,270.0,0,0,0,0,0,1
484600,63.554,0.0,0,0,1,0,11.564,0.0,0,0,1,0,8.121,1.302,1,33.61,0,0,1,1,0,1,1,0,0,1,0,12192.0,2,1,1,1,0,0,1,4,7.2,273.8,0,0,0,0,0,1
484700,63.554,0.0,0,0,1,0,11.564,0.0,0,0,1,0,8.251,1.302,1,33.74,0,0,1,1,0,1,1,0,0,1,0,12192.0,2,1,1,1,0,0,1,4,8.0,272.9,0,0,0,0,0,1
484800,63.554,0.0,0,0,1,0,11.564,0.0,0,0,1,0,8.381,1.302,1,33.61,0,0,1,1,0,1,1,0,0,1,0,12192.0,2,1,1,1,0,0,1,4,8.7,268.4,0,0,0,0,0,1
484900,63.554,0.0,0,0,1,0,11.564,0.0,0,0,1,0,8.511,1.302,1,33.74,0,0,1,1,0,1,1,0,0,1,0,12192.0,2,1,1,1,0,0,1,4,7.5,269.3,0,0,0,0,0,1
485000,63.554,0.0,0,0,1,0,11.564,0.0,0,0,1,0,8.642,1.302,1,33.75,0,0,1,1,0,1,1,0,0,1,0,12192.0,2,1,1,1,0,0,1,4,7.4,267.0,0,0,0,0,0,1
485100,63.554,0.0,0,0,1,0,11.564,0.0,0,0,1,0,8.772,1.302,1,33.49,0,0,1,1,0,1,1,0,0,1,0,12192.0,2,1,1,1,0,0,1,4,7.3,273.6,0,0,0,0,0,1
485200,63.554,0.0,0,0,1,0,11.564,0.0,0,0,1,0,8.902,1.302,1,33.66,0,0,1,1,0,1,1,0,0,1,0,12192.0,2,1,1,1,0,0,1,4,8.1,274.3,0,0,0,0,0,1
485300,63.554,0.0,0,0,1,0,11.564,0.0,0,0,1,0,9.032,1.302,1,33.63,0,0,1,1,0,1,1,0,0,1,0,12192.0,2,1,1,1,0,0,1,4,8.6,273.8,0,0,0,0,0,1
485400,63.554,0.0,0,0,1,0,11.564,0.0,0,0,1,0,9.163,1.302,1,33.52,0,0,1,1,0,1,1,0,0,1,0,12192.0,2,1,1,1,0,0,1,4,8.4,273.1,0,0,0,0,0,1
485500,63.554,0.0,0,0,1,0,11.564,0.0,0,0,1,0,9.293,1.302,1,33.53,0,0,1,1,0,1,1,0,0,1,0,12192.0,2,1,1,1,0,0,1,4,7.5,267.5,0,0,0,0,0,1
485600,63.554,0.0,0,0,1,0,11.564,0.0,0,0,1,0,9.423,1.302,1,33.62,0,0,1,1,0,1,1,0,0,1,0,12192.0,2,1,1,1,0,0,1,4,9.3,267.1,0,0,0,0,0,1
485700,63.554,0.0,0,0,1,0,11.564,0.0,0,0,1,0,9.553,1.302,1,33.87,0,0,1,1,0,1,1,0,0,1,0,12192.0,2,1,1,1,0,0,1,4,9.5,273.9,0,0,0,0,0,1
485800,63.554,0.0,0,0,1,0,11.564,0.0,0,0,1,0,9.683,1.302,1,33.71,0,0,1,1,0,1,1,0,0,1,0,12192.0,2,1,1,1,0,0,1,4,7.7,268.5,0,0,0,0,0,1
485900,63.554,0.0,0,0,1,0,11.564,0.0,0,0,1,0,9.814,1.302,1,33.64,0,0,1,1,0,1,1,0,0,1,0,12192.0,2,1,1,1,0,0,1,4,7.6,270.2,0,0,0,0,0,1
486000,63.554,0.0,0,0,1,0,11.564,0.0,0,0,1,0,9.944,1.302,1,33.65,0,0,1,1,0,1,1,0,0,1,0,12192.0,2,1,1,1,0,0,1,4,8.7,268.6,0,0,0,0,0,1
486100,63.554,0.0,0,0,1,0,11.564,0.0,0,0,1,0,10.074,1.302,1,33.52,0,0,1,1,0,1,1,0,0,1,0,12192.0,2,1,1,1,0,0,1,4,8.4,273.3,0,0,0,0,0,1
486200,63.554,0.0,0,0,1,0,11.564,0.0,0,0,1,0,10.204,1.302,1,33.75,0,0,1,1,0,1,1,0,0,1,0,12192.0,2,1,1,1,0,0,1,4,8.4,269.9,0,0,0,0,0,1
486300,63.554,0.0,0,0,1,0,11.564,0.0,0,0,1,0,10.335,1.302,1,33.56,0,0,1,1,0,1,1,0,0,1,0,12192.0,2,1,1,1,0,0,1,4,8.8,269.0,0,0,0,0,0,1
486400,63.554,0.0,0,0,1,0,11.564,0.0,0,0,1,0,10.465,1.302,1,33.78,0,0,1,1,0,1,1,0,0,1,0,12192.0,2,1,1,1,0,0,1,4,8.3,264.7,0,0,0,0,0,1
486500,63.554,0.0,0,0,1,0,11.564,0.0,0,0,1,0,10.595,1.302,1,33.81,0,0,1,1,0,1,1,0,0,1,0,12192.0,2,1,1,1,0,0,1,4,9.3,262.0,0,0,0,0,0,1
486600,63.554,0.0,0,0,1,0,11.564,0.0,0,0,1,0,10.725,1.302,1,33.47,0,0,1,1,0,1,1,0,0,1,0,12192.0,2,1,1,1,0,0,1,4,8.9,268.8,0,0,0,0,0,1
486700,63.554,0.0,0,0,1,0,11.564,0.0,0,0,1,0,10.856,1.302,1,33.52,0,0,1,1,0,1,1,0,0,1,0,12192.0,2,1,1,1,0,0,1,4,8.4,268.1,0,0,0,0,0,1
486800,63.554,0.0,0,0,1,0,11.564,0.0,0,0,1,0,10.986,1.302,1,33.81,0,0,1,1,0,1,1,0,0,1,0,12192.0,2,1,1,1,0,0,1,4,8.3,268.1,0,0,0,0,0,1
486900,63.554,0.0,0,0,1,0,11.564,0.0,0,0,1,0,11.116,1.302,1,33.5,0,0,1,1,0,1,1,0,0,1,0,12192.0,2,1,1,1,0,0,1,4,8.4,270.6,0,0,0,0,0,1
487000,63.554,0.0,0,0,1,0,11.564,0.0,0,0,1,0,11.246,1.302,1,33.64,0,0,1,1,0,1,1,0,0,1,0,12192.0,2,1,1,1,0,0,1,4,8.8,267.2,0,0,0,0,0,1
487100,63.554,0.0,0,0,1,0,11.564,0.0,0,0,1,0,11.376,1.302,1,33.74,0,0,1,1,0,1,1,0,0,1,0,12192.0,2,1,1,1,0,0,1,4,8.8,270.5,0,0,0,0,0,1
487200,63.554,0.0,0,0,1,0,11.564,0.0,0,0,1,0,11.507,1.302,1,33.45,0,0,1,1,0,1,1,0,0,1,0,12192.0,2,1,1,1,0,0,1,4,8.6,272.9,0,0,0,0,0,1
487300,63.554,0.0,0,0,1,0,11.564,0.0,0,0,1,0,11.637,1.302,1,33.38,0,0,1,1,0,1,1,0,0,1,0,12192.0,2,1,1,1,0,0,1,4,8.3,269.8,0,0,0,0,0,1
487400,63.554,0.0,0,0,1,0,11.564,0.0,0,0,1,0,11.767,1.302,1,33.61,0,0,1,1,0,1,1,0,0,1,0,12192.0,2,1,1,1,0,0,1,4,8.5,271.8,0,0,0,0,0,1
487500,63.554,0.0,0,0,1,0,11.564,0.0,0,0,1,0,11.892,1.252,1,30.33,0,0,1,1,0,1,1,0,0,1,0,12192.0,2,1,1,1,0,0,1,4,8.3,266.3,0,0,0,0,0,1
487600,63.554,0.0,0,0,1,0,11.564,0.0,0,0,1,0,12.013,1.202,1,30.23,0,0,1,1,0,1,1,0,0,1,0,12192.0,2,1,1,1,0,0,1,4,8.7,270.2,0,0,0,0,0,1
487700,63.554,0.0,0,0,1,0,11.564,0.0,0,0,1,0,12.128,1.151,1,30.38,0,0,1,1,0,1,1,0,0,1,0,12192.0,2,1,1,1,0,0,1,4,8.6,276.8,0,0,0,0,0,1
487800,63.554,0.0,0,0,1,0,11.564,0.0,0,0,1,0,12.238,1.101,1,30.32,0,0,1,1,0,1,1,0,0,1,0,12192.0,2,1,1,1,0,0,1,4,7.8,271.2,0,0,0,0,0,1
487900,63.554,0.0,0,0,1,0,11.564,0.0,0,0,1,0,12.343,1.051,1,30.34,0,0,1,1,0,1,1,0,0,1,0,12192.0,2,1,1,1,0,0,1,4,8.1,272.0,0,0,0,0,0,1
488000,63.554,0.0,0,0,1,0,11.564,0.0,0,0,1,0,12.443,1.001,1,30.33,0,0,1,1,0,1,1,0,0,1,0,12192.0,2,1,1,1,0,0,1,4,9.7,273.0,0,0,0,0,0,1
488100,63.554,0.0,0,0,1,0,11.564,0.0,0,0,1,0,12.538,0.95,1,30.32,0,0,1,1,0,1,1,0,0,1,0,12192.0,2,1,1,1,0,0,1,4,8.9,269.7,0,0,0,0,0,1
488200,63.554,0.0,0,0,1,0,11.564,0.0,0,0,1,0,12.628,0.9,1,30.45,0,0,1,1,0,1,1,0,0,1,0,12192.0,2,1,1,1,0,0,1,4,8.5,271.3,0,0,0,0,0,1
488300,63.554,0.0,0,0,1,0,11.564,0.0,0,0,1,0,12.713,0.85,1,30.42,0,0,1,1,0,1,1,0,0,1,0,12192.0,2,1,1,1,0,0,1,4,7.6,262.5,0,0,0,0,0,1
488400,63.554,0.0,0,0,1,0,11.564,0.0,0,0,1,0,12.793,0.8,1,30.31,0,0,1,1,0,1,1,0,0,1,0,12192.0,2,1,1,1,0,0,1,4,8.0,270.7,0,0,0,0,0,1
488500,63.554,0.0,0,0,1,0,11.564,0.0,0,0,1,0,12.868,0.749,1,30.3,0,0,1,1,0,1,1,0,0,1,0,12192.0,2,1,1,1,0,0,1,4,8.2,273.8,0,0,0,0,0,1
488600,63.554,0.0,0,0,1,0,11.564,0.0,0,0,1,0,12.938,0.699,1,30.51,0,0,1,1,0,1,1,0,0,1,0,12192.0,2,1,1,1,0,0,1,4,8.7,274.0,0,0,0,0,0,1
488700,63.554,0.0,0,0,1,0,11.564,0.0,0,0,1,0,13.003,0.649,1,30.49,0,0,1,1,0,1,1,0,0,1,0,12192.0,2,1,1,1,0,0,1,4,8.4,270.8,0,0,0,0,0,1
488800,63.554,0.0,0,0,1,0,11.564,0.0,0,0,1,0,13.062,0.598,1,30.4,0,0,1,1,0,1,1,0,0,1,0,12192.0,2,1,1,1,0,0,1,4,7.8,271.9,0,0,0,0,0,1
488900,63.554,0.0,0,0,1,0,11.564,0.0,0,0,1,0,13.117,0.548,1,30.28,0,0,1,1,0,1,1,0,0,1,0,12192.0,2,1,1,1,0,0,1,4,7.7,271.4,0,0,0,0,0,1
489000,63.554,0.0,0,0,1,0,11.564,0.0,0,0,1,0,13.167,0.498,1,30.33,0,0,1,1,0,1,1,0,0,1,0,12192.0,2,1,1,1,0,0,1,4,8.3,269.3,0,0,0,0,0,1
489100,63.554,0.0,0,0,1,0,11.564,0.0,0,0,1,0,13.212,0.448,1,30.55,0,0,1,1,0,1,1,0,0,1,0,12192.0,2,1,1,1,0,0,1,4,7.6,269.8,0,0,0,0,0,1
489200,63.554,0.0,0,0,1,0,11.564,0.0,0,0,1,0,13.252,0.397,1,30.52,0,0,1,1,0,1,1,0,0,1,0,12192.0,2,1,1,1,0,0,1,4,7.7,271.6,0,0,0,0,0,1
489300,63.554,0.0,0,0,1,0,11.564,0.0,0,0,1,0,13.286,0.346,1,30.31,0,0,1,1,0,1,1,0,0,1,0,12192.0,2,1,1,1,0,0,1,4,7.9,267.8,0,0,0,0,0,1
489400,63.554,0.0,0,0,1,0,11.564,0.0,0,0,1,0,13.315,0.291,1,30.45,0,0,1,1,0,1,1,0,0,1,0,12192.0,2,1,1,1,0,0,1,4,8.0,271.1,0,0,0,0,0,1
489500,63.554,0.0,0,0,1,0,11.564,0.0,0,0,1,0,13.339,0.236,1,30.44,0,0,1,1,0,1,1,0,0,1,0,12192.0,2,1,1,1,0,0,1,4,7.7,269.5,0,0,0,0,0,1
489600,63.554,0.0,0,0,1,0,11.564,0.0,0,0,1,0,13.357,0.178,1,30.43,0,0,1,1,0,1,1,0,0,1,0,12192.0,2,1,1,1,0,0,1,4,8.2,267.7,0,0,0,0,0,1
489700,63.554,0.0,0,0,1,0,11.564,0.0,0,0,1,0,13.368,0.118,1,30.56,0,0,1,1,0,1,1,0,0,1,0,12192.0,2,1,1,1,0,0,1,4,7.4,268.3,0,0,0,0,0,1
489800,63.554,0.0,0,0,0,0,11.564,0.0,0,0,0,0,13.373,0.0,0,31.88,0,0,0,0,0,1,1,0,0,1,0,12192.0,2,1,1,0,1,0,1,4,8.5,268.4,0,0,0,0,0,1
489900,63.556,0.015,1,1,1,0,11.558,-0.057,0,1,1,0,13.373,0.0,0,32.19,0,0,0,1,0,1,1,0,0,1,0,12192.0,2,1,1,1,0,0,1,4,8.0,266.3,0,0,0,0,0,1
490000,63.559,0.029,1,1,1,0,11.547,-0.114,0,1,1,0,13.373,0.0,0,32.08,0,0,0,1,0,1,1,0,0,1,0,12192.0,2,1,1,1,0,0,1,4,8.0,269.7,0,0,0,0,0,1
490100,63.563,0.044,1,1,1,0,11.53,-0.171,0,1,1,0,13.373,0.0,0,31.95,0,0,0,1,0,1,1,0,0,1,0,12192.0,2,1,1,1,0,0,1,4,7.9,270.5,0,0,0,0,0,1
490200,63.569,0.059,1,1,1,0,11.507,-0.228,0,1,1,0,13.373,0.0,0,31.97,0,0,0,1,0,1,1,0,0,1,0,12192.0,2,1,1,1,0,0,1,4,7.2,270.3,0,0,0,0,0,1
490300,63.576,0.074,1,1,1,0,11.478,-0.286,0,1,1,0,13.373,0.0,0,32.01,0,0,0,1,0,1,1,0,0,1,0,12192.0,2,1,1,1,0,0,1,4,8.1,269.6,0,0,0,0,0,1
490400,63.585,0.088,1,1,1,0,11.444,-0.343,0,1,1,0,13.373,0.0,0,31.98,0,0,0,1,0,1,1,0,0,1,0,12192.0,2,1,1,1,0,0,1,4,7.6,267.2,0,0,0,0,0,1
490500,63.595,0.103,1,1,1,0,11.404,-0.4,0,1,1,0,13.373,0.0,0,32.02,0,0,0,1,0,1,1,0,0,1,0,12192.0,2,1,1,1,0,0,1,4,6.6,268.4,0,0,0,0,0,1
490600,63.607,0.118,1,1,1,0,11.358,-0.457,0,1,1,0,13.373,0.0,0,31.97,0,0,0,1,0,1,1,0,0,1,0,12192.0,2,1,1,1,0,0,1,4,7.5,272.2,0,0,0,0,0,1
490700,63.62,0.133,1,1,1,0,11.307,-0.514,0,1,1,0,13.373,0.0,0,32.16,0,0,0,1,0,1,1,0,0,1,0,12192.0,2,1,1,1,0,0,1,4,7.3,266.2,0,0,0,0,0,1
490800,63.635,0.147,1,1,1,0,11.25,-0.571,0,1,1,0,13.373,0.0,0,31.91,0,0,0,1,0,1,1,0,0,1,0,12192.0,2,1,1,1,0,0,1,4,7.0,265.9,0,0,0,0,0,1
490900,63.651,0.162,1,1,1,0,11.187,-0.628,0,1,1,0,13.373,0.0,0,31.95,0,0,0,1,0,1,1,0,0,1,0,12192.0,2,1,1,1,0,0,1,4,7.4,269.9,0,0,0,0,0,1
491000,63.669,0.177,1,1,1,0,11.119,-0.685,0,1,1,0,13.373,0.0,0,31.98,0,0,0,1,0,1,1,0,0,1,0,12192.0,2,1,1,1,0,0,1,4,8.8,266.1,0,0,0,0,0,1
491100,63.688,0.191,1,1,1,0,11.044,-0.742,0,1,1,0,13.373,0.0,0,32.07,0,0,0,1,0,1,1,0,0,1,0,12192.0,2,1,1,1,0,0,1,4,8.3,271.8,0,0,0,0,0,1
491200,63.709,0.206,1,1,1,0,10.964,-0.8,0,1,1,0,13.373,0.0,0,31.89,0,0,0,1,0,1,1,0,0,1,0,12192.0,2,1,1,1,0,0,1,4,7.7,273.8,0,0,0,0,0,1
491300,63.728,0.191,1,1,1,0,10.879,-0.857,0,1,1,0,13.373,0.0,0,32.05,0,0,0,1,0,1,1,0,0,1,0,12192.0,2,1,1,1,0,0,1,4,7.4,272.7,0,0,0,0,0,1
491400,63.746,0.177,1,1,1,0,10.787,-0.914,0,1,1,0,13.373,0.0,0,32.12,0,0,0,1,0,1,1,0,0,1,0,12192.0,2,1,1,1,0,0,1,4,7.3,272.5,0,0,0,0,0,1
491500,63.762,0.161,1,1,1,0,10.69,-0.971,0,1,1,0,13.373,0.0,0,32.13,0,0,0,1,0,1,1,0,0,1,0,12192.0,2,1,1,1,0,0,1,4,7.5,272.5,0,0,0,0,0,1
491600,63.776,0.146,1,1,1,0,10.588,-1.028,0,1,1,0,13.373,0.0,0,31.81,0,0,0,1,0,1,1,0,0,1,0,12192.0,2,1,1,1,0,0,1,4,7.6,270.5,0,0,0,0,0,1
491700,63.789,0.13,1,1,1,0,10.479,-1.085,0,1,1,0,13.373,0.0,0,32.07,0,0,0,1,0,1,1,0,0,1,0,12192.0,2,1,1,1,0,0,1,4,7.3,269.1,0,0,0,0,0,1
491800,63.801,0.115,1,1,1,0,10.365,-1.142,0,1,1,0,13.373,0.0,0,32.07,0,0,0,1,0,1,1,0,0,1,0,12192.0,2,1,1,1,0,0,1,4,7.0,273.9,0,0,0,0,0,1
491900,63.811,0.099,1,1,1,0,10.245,-1.199,0,1,1,0,13.373,0.0,0,32.08,0,0,0,1,0,1,1,0,0,1,0,12192.0,2,1,1,1,0,0,1,4,7.9,271.4,0,0,0,0,0,1
492000,63.819,0.083,1,1,1,0,10.119,-1.256,0,1,1,0,13.373,0.0,0,32.15,0,0,0,1,0,1,1,0,0,1,0,12192.0,2,1,1,1,0,0,1,4,8.1,271.5,0,0,0,0,0,1
492100,63.826,0.066,1,1,1,0,9.988,-1.314,0,1,1,0,13.373,0.0,0,32.15,0,0,0,1,0,1,1,0,0,1,0,12192.0,2,1,1,1,0,0,1,4,7.7,267.6,0,0,0,0,0,1
492200,63.831,0.05,1,1,1,0,9.851,-1.371,0,1,1,0,13.373,0.0,0,32.09,0,0,0,1,0,1,1,0,0,1,0,12192.0,2,1,1,1,0,0,1,4,7.9,268.7,0,0,0,0,0,1
492300,63.834,0.032,1,1,1,0,9.708,-1.428,0,1,1,0,13.373,0.0,0,32.13,0,0,0,1,0,1,1,0,0,1,0,12192.0,2,1,1,1,0,0,1,4,6.8,270.5,0,0,0,0,0,1
492400,63.835,0.0,0,0,1,0,9.56,-1.485,0,1,1,0,13.373,0.0,0,31.97,0,0,0,1,0,1,1,0,0,1,0,12192.0,2,1,1,1,0,0,1,4,7.5,265.9,0,0,0,0,0,1
492500,63.835,0.0,0,0,1,0,9.405,-1.542,0,1,1,0,13.373,0.0,0,32.3,0,0,0,1,0,1,1,0,0,1,0,12192.0,2,1,1,1,0,0,1,4,7.1,268.4,0,0,0,0,0,1
492600,63.835,0.0,0,0,1,0,9.245,-1.599,0,1,1,0,13.373,0.0,0,31.9,0,0,0,1,0,1,1,0,0,1,0,12192.0,2,1,1,1,0,0,1,4,8.0,269.7,0,0,0,0,0,1
492700,63.835,0.0,0,0,1,0,9.08,-1.656,0,1,1,0,13.373,0.0,0,32.04,0,0,0,1,0,1,1,0,0,1,0,12192.0,2,1,1,1,0,0,1,4,7.9,267.8,0,0,0,0,0,1
492800,63.835,0.0,0,0,1,0,8.909,-1.713,0,1,1,0,13.373,0.0,0,31.9,0,0,0,1,0,1,1,0,0,1,0,12192.0,2,1,1,1,0,0,1,4,8.0,270.8,0,0,0,0,0,1
492900,63.835,0.0,0,0,1,0,8.731,-1.77,0,1,1,0,13.373,0.0,0,31.78,0,0,0,1,0,1,1,0,0,1,0,12192.0,2,1,1,1,0,0,1,4,7.7,268.5,0,0,0,0,0,1
493000,63.835,0.0,0,0,1,0,8.549,-1.827,0,1,1,0,13.373,0.0,0,32.18,0,0,0,1,0,1,1,0,0,1,0,12192.0,2,1,1,1,0,0,1,4,7.9,267.5,0,0,0,0,0,1
493100,63.835,0.0,0,0,1,0,8.36,-1.885,0,1,1,0,13.373,0.0,0,31.85,0,0,0,1,0,1,1,0,0,1,0,12192.0,2,1,1,1,0,0,1,4,7.7,270.4,0,0,0,0,0,1
493200,63.835,0.0,0,0,1,0,8.166,-1.942,0,1,1,0,13.373,0.0,0,31.9,0,0,0,1,0,1,1,0,0,1,0,12192.0,2,1,1,1,0,0,1,4,8.0,271.3,0,0,0,0,0,1
493300,63.835,0.0,0,0,1,0,7.966,-1.999,0,1,1,0,13.373,0.0,0,32.15,0,0,0,1,0,1,1,0,0,1,0,12192.0,2,1,1,1,0,0,1,4,8.5,270.0,0,0,0,0,0,1
493400,63.835,0.0,0,0,1,0,7.761,-2.056,0,1,1,0,13.373,0.0,0,32.0,0,0,0,1,0,1,1,0,0,1,0,12192.0,2,1,1,1,0,0,1,4,7.0,271.8,0,0,0,0,0,1
493500,63.835,0.0,0,0,1,0,7.549,-2.113,0,1,1,0,13.373,0.0,0,32.0,0,0,0,1,0,1,1,0,0,1,0,12192.0,2,1,1,1,0,0,1,4,7.7,269.7,0,0,0,0,0,1
493600,63.835,0.0,0,0,1,0,7.332,-2.17,0,1,1,0,13.373,0.0,0,31.98,0,0,0,1,0,1,1,0,0,1,0,12192.0,2,1,1,1,0,0,1,4,8.4,267.6,0,0,0,0,0,1
493700,63.835,0.0,0,0,1,0,7.11,-2.227,0,1,1,0,13.373,0.0,0,31.93,0,0,0,1,0,1,1,0,0,1,0,12192.0,2,1,1,1,0,0,1,4,8.1,271.9,0,0,0,0,0,1
493800,63.835,0.0,0,0,1,0,6.893,-2.17,0,1,1,0,13.373,0.0,0,31.96,0,0,0,1,0,1,1,0,0,1,0,12192.0,2,1,1,1,0,0,1,4,8.5,270.3,0,0,0,0,0,1
493900,63.835,0.0,0,0,1,0,6.681,-2.113,0,1,1,0,13.373,0.0,0,31.95,0,0,0,1,0,1,1,0,0,1,0,12192.0,2,1,1,1,0,0,1,4,9.0,271.1,0,0,0,0,0,1
494000,63.835,0.0,0,0,1,0,6.476,-2.056,0,1,1,0,13.373,0.0,0,32.12,0,0,0,1,0,1,1,0,0,1,0,12192.0,2,1,1,1,0,0,1,4,7.8,266.3,0,0,0,0,0,1
494100,63.835,0.0,0,0,1,0,6.276,-1.999,0,1,1,0,13.373,0.0,0,32.06,0,0,0,1,0,1,1,0,0,1,0,12192.0,2,1,1,1,0,0,1,4,7.9,272.2,0,0,0,0,0,1
494200,63.835,0.0,0,0,1,0,6.082,-1.942,0,1,1,0,13.373,0.0,0,31.95,0,0,0,1,0,1,1,0,0,1,0,12192.0,2,1,1,1,0,0,1,4,8.7,269.6,0,0,0,0,0,1
494300,63.835,0.0,0,0,1,0,5.893,-1.885,0,1,1,0,13.373,0.0,0,32.05,0,0,0,1,0,1,1,0,0,1,0,12192.0,2,1,1,1,0,0,1,4,7.9,272.4,0,0,0,0,0,1
494400,63.835,0.0,0,0,1,0,5.71,-1.827,0,1,1,0,13.373,0.0,0,31.93,0,0,0,1,0,1,1,0,0,1,0,12192.0,2,1,1,1,0,0,1,4,8.5,271.0,0,0,0,0,0,1
494500,63.835,0.0,0,0,1,0,5.533,-1.77,0,1,1,0,13.373,0.0,0,31.99,0,0,0,1,0,1,1,0,0,1,0,12192.0,2,1,1,1,0,0,1,4,8.0,267.2,0,0,0,0,0,1
494600,63.835,0.0,0,0,1,0,5.362,-1.713,0,1,1,0,13.373,0.0,0,32.03,0,0,0,1,0,1,1,0,0,1,0,12192.0,2,1,1,1,0,0,1,4,8.4,266.6,0,0,0,0,0,1
494700,63.835,0.0,0,0,1,0,5.196,-1.656,0,1,1,0,13.373,0.0,0,32.16,0,0,0,1,0,1,1,0,0,1,0,12192.0,2,1,1,1,0,0,1,4,8.3,270.1,0,0,0,0,0,1
494800,63.835,0.0,0,0,1,0,5.037,-1.599,0,1,1,0,13.373,0.0,0,31.89,0,0,0,1,0,1,1,0,0,1,0,12192.0,2,1,1,1,0,0,1,4,8.1,275.1,0,0,0,0,0,1
494900,63.835,0.0,0,0,1,0,4.882,-1.542,0,1,1,0,13.373,0.0,0,32.02,0,0,0,1,0,1,1,0,0,1,0,12192.0,2,1,1,1,0,0,1,4,8.5,265.6,0,0,0,0,0,1
495000,63.835,0.0,0,0,1,0,4.734,-1.485,0,1,1,0,13.373,0.0,0,31.82,0,0,0,1,0,1,1,0,0,1,0,12192.0,2,1,1,1,0,0,1,4,7.8,269.7,0,0,0,0,0,1
495100,63.835,0.0,0,0,1,0,4.591,-1.428,0,1,1,0,13.373,0.0,0,31.87,0,0,0,1,0,1,1,0,0,1,0,12192.0,2,1,1,1,0,0,1,4,8.4,268.3,0,0,0,0,0,1
495200,63.835,0.0,0,0,1,0,4.454,-1.371,0,1,1,0,13.373,0.0,0,31.87,0,0,0,1,0,1,1,0,0,1,0,12192.0,2,1,1,1,0,0,1,4,8.3,270.6,0,0,0,0,0,1
495300,63.835,0.0,0,0,1,0,4.317,-1.371,0,1,1,0,13.373,0.0,0,31.84,0,0,0,1,0,1,1,0,0,1,0,12192.0,2,1,1,1,0,0,1,4,9.0,268.6,0,0,0,0,0,1
495400,63.835,0.0,0,0,1,0,4.186,-1.313,0,1,1,0,13.373,0.0,0,32.04,0,0,0,1,0,1,1,0,0,1,0,12192.0,2,1,1,1,0,0,1,4,8.9,268.7,0,0,0,0,0,1
495500,63.835,0.0,0,0,1,0,4.06,-1.254,0,1,1,0,13.373,0.0,0,32.14,0,0,0,1,0,1,1,0,0,1,0,12192.0,2,1,1,1,0,0,1,4,8.8,267.1,0,0,0,0,0,1
495600,63.835,0.0,0,0,1,0,3.941,-1.196,0,1,1,0,13.373,0.0,0,31.9,0,0,0,1,0,1,1,0,0,1,0,12192.0,2,1,1,1,0,0,1,4,8.6,270.8,0,0,0,0,0,1
495700,63.835,0.0,0,0,1,0,3.827,-1.137,0,1,1,0,13.373,0.0,0,32.28,0,0,0,1,0,1,1,0,0,1,0,12192.0,2,1,1,1,0,0,1,4,8.9,267.5,0,0,0,0,0,1
495800,63.835,0.0,0,0,1,0,3.719,-1.079,0,1,1,0,13.373,0.0,0,31.88,0,0,0,1,0,1,1,0,0,1,0,12192.0,2,1,1,1,0,0,1,4,9.4,270.3,0,0,0,0,0,1
495900,63.835,0.0,0,0,1,0,3.617,-1.02,0,1,1,0,13.373,0.0,0,32.04,0,0,0,1,0,1,1,0,0,1,0,12192.0,2,1,1,1,0,0,1,4,8.8,267.5,0,0,0,0,0,1
496000,63.835,0.0,0,0,1,0,3.521,-0.961,0,1,1,0,13.373,0.0,0,32.1,0,0,0,1,0,1,1,0,0,1,0,12192.0,2,1,1,1,0,0,1,4,8.8,266.7,0,0,0,0,0,1
496100,63.835,0.0,0,0,1,0,3.431,-0.902,0,1,1,0,13.373,0.0,0,31.95,0,0,0,1,0,1,1,0,0,1,0,12192.0,2,1,1,1,0,0,1,4,7.6,270.2,0,0,0,0,0,1
496200,63.835,0.0,0,0,1,0,3.346,-0.843,0,1,1,0,13.373,0.0,0,32.01,0,0,0,1,0,1,1,0,0,1,0,12192.0,2,1,1,1,0,0,1,4,8.9,269.6,0,0,0,0,0,1
496300,63.835,0.0,0,0,1,0,3.268,-0.784,0,1,1,0,13.373,0.0,0,31.93,0,0,0,1,0,1,1,0,0,1,0,12192.0,2,1,1,1,0,0,1,4,8.3,268.9,0,0,0,0,0,1
496400,63.835,0.0,0,0,1,0,3.195,-0.725,0,1,1,0,13.373,0.0,0,32.0,0,0,0,1,0,1,1,0,0,1,0,12192.0,2,1,1,1,0,0,1,4,8.9,268.4,0,0,0,0,0,1
496500,63.835,0.0,0,0,1,0,3.129,-0.665,0,1,1,0,13.373,0.0,0,31.84,0,0,0,1,0,1,1,0,0,1,0,12192.0,2,1,1,1,0,0,1,4,8.0,271.3,0,0,0,0,0,1
496600,63.835,0.0,0,0,1,0,3.068,-0.605,0,1,1,0,13.373,0.0,0,32.19,0,0,0,1,0,1,1,0,0,1,0,12192.0,2,1,1,1,0,0,1,4,8.6,265.8,0,0,0,0,0,1
496700,63.835,0.0,0,0,1,0,3.014,-0.545,0,1,1,0,13.373,0.0,0,31.94,0,0,0,1,0,1,1,0,0,1,0,12192.0,2,1,1,1,0,0,1,4,9.0,269.8,0,0,0,0,0,1
496800,63.835,0.0,0,0,1,0,2.965,-0.485,0,1,1,0,13.373,0.0,0,31.83,0,0,0,1,0,1,1,0,0,1,0,12192.0,2,1,1,1,0,0,1,4,9.3,270.6,0,0,0,0,0,1
496900,63.835,0.0,0,0,1,0,2.923,-0.424,0,1,1,0,13.373,0.0,0,32.0,0,0,0,1,0,1,1,0,0,1,0,12192.0,2,1,1,1,0,0,1,4,8.8,269.0,0,0,0,0,0,1
497000,63.835,0.0,0,0,1,0,2.887,-0.362,0,1,1,0,13.373,0.0,0,32.11,0,0,0,1,0,1,1,0,0,1,0,12192.0,2,1,1,1,0,0,1,4,8.1,266.6,0,0,0,0,0,1
497100,63.835,0.0,0,0,1,0,2.857,-0.3,0,1,1,0,13.373,0.0,0,31.95,0,0,0,1,0,1,1,0,0,1,0,12192.0,2,1,1,1,0,0,1,4,8.3,272.1,0,0,0,0,0,1
497200,63.835,0.0,0,0,1,0,2.833,-0.236,0,1,1,0,13.373,0.0,0,32.12,0,0,0,1,0,1,1,0,0,1,0,12192.0,2,1,1,1,0,0,1,4,8.1,273.8,0,0,0,0,0,1
497300,63.835,0.0,0,0,1,0,2.816,-0.169,0,1,1,0,13.373,0.0,0,32.18,0,0,0,1,0,1,1,0,0,1,0,12192.0,2,1,1,1,0,0,1,4,8.1,269.9,0,0,0,0,0,1
497400,63.835,0.0,0,0,1,0,2.807,-0.097,0,1,1,0,13.373,0.0,0,32.01,0,0,0,1,0,1,1,0,0,1,0,12192.0,2,1,1,1,0,0,1,4,8.9,277.9,0,0,0,0,0,1
497500,63.835,0.0,0,0,0,0,2.803,0.0,0,0,0,0,13.373,0.0,0,31.91,0,0,0,0,0,1,1,0,0,1,0,12192.0,2,1,1,0,1,0,1,4,8.8,273.5,0,0,0,0,0,1
497600,63.835,0.0,0,0,1,0,2.803,0.0,0,0,1,0,13.368,-0.05,0,30.39,0,0,1,1,0,1,1,0,0,1,0,12192.0,2,1,1,1,0,0,1,4,7.8,270.9,0,0,0,0,0,1
497700,63.835,0.0,0,0,1,0,2.803,0.0,0,0,1,0,13.358,-0.101,0,30.23,0,0,1,1,0,1,1,0,0,1,0,12192.0,2,1,1,1,0,0,1,4,7.8,268.5,0,0,0,0,0,1
497800,63.835,0.0,0,0,1,0,2.803,0.0,0,0,1,0,13.343,-0.151,0,30.16,0,0,1,1,0,1,1,0,0,1,0,12192.0,2,1,1,1,0,0,1,4,8.3,264.9,0,0,0,0,0,1
497900,63.835,0.0,0,0,1,0,2.803,0.0,0,0,1,0,13.323,-0.201,0,30.55,0,0,1,1,0,1,1,0,0,1,0,12192.0,2,1,1,1,0,0,1,4,7.2,266.8,0,0,0,0,0,1
498000,63.835,0.0,0,0,1,0,2.803,0.0,0,0,1,0,13.298,-0.251,0,30.37,0,0,1,1,0,1,1,0,0,1,0,12192.0,2,1,1,1,0,0,1,4,8.0,272.6,0,0,0,0,0,1
498100,63.835,0.0,0,0,1,0,2.803,0.0,0,0,1,0,13.268,-0.302,0,30.49,0,0,1,1,0,1,1,0,0,1,0,12192.0,2,1,1,1,0,0,1,4,7.3,270.5,0,0,0,0,0,1
498200,63.835,0.0,0,0,1,0,2.803,0.0,0,0,1,0,13.233,-0.352,0,30.43,0,0,1,1,0,1,1,0,0,1,0,12192.0,2,1,1,1,0,0,1,4,8.5,274.0,0,0,0,0,0,1
498300,63.835,0.0,0,0,1,0,2.803,0.0,0,0,1,0,13.192,-0.402,0,30.55,0,0,1,1,0,1,1,0,0,1,0,12192.0,2,1,1,1,0,0,1,4,7.6,267.6,0,0,0,0,0,1
498400,63.835,0.0,0,0,1,0,2.803,0.0,0,0,1,0,13.147,-0.452,0,30.3,0,0,1,1,0,1,1,0,0,1,0,12192.0,2,1,1,1,0,0,1,4,8.5,268.2,0,0,0,0,0,1
498500,63.835,0.0,0,0,1,0,2.803,0.0,0,0,1,0,13.097,-0.503,0,30.29,0,0,1,1,0,1,1,0,0,1,0,12192.0,2,1,1,1,0,0,1,4,7.1,273.9,0,0,0,0,0,1
498600,63.835,0.0,0,0,1,0,2.803,0.0,0,0,1,0,13.042,-0.553,0,30.22,0,0,1,1,0,1,1,0,0,1,0,12192.0,2,1,1,1,0,0,1,4,6.9,267.7,0,0,0,0,0,1
498700,63.835,0.0,0,0,1,0,2.803,0.0,0,0,1,0,12.981,-0.603,0,30.17,0,0,1,1,0,1,1,0,0,1,0,12192.0,2,1,1,1,0,0,1,4,7.8,267.5,0,0,0,0,0,1
498800,63.835,0.0,0,0,1,0,2.803,0.0,0,0,1,0,12.916,-0.654,0,30.36,0,0,1,1,0,1,1,0,0,1,0,12192.0,2,1,1,1,0,0,1,4,7.9,269.9,0,0,0,0,0,1
498900,63.835,0.0,0,0,1,0,2.803,0.0,0,0,1,0,12.846,-0.704,0,30.43,0,0,1,1,0,1,1,0,0,1,0,12192.0,2,1,1,1,0,0,1,4,8.3,269.4,0,0,0,0,0,1
499000,63.835,0.0,0,0,1,0,2.803,0.0,0,0,1,0,12.77,-0.754,0,30.3,0,0,1,1,0,1,1,0,0,1,0,12192.0,2,1,1,1,0,0,1,4,8.0,265.5,0,0,0,0,0,1
499100,63.835,0.0,0,0,1,0,2.803,0.0,0,0,1,0,12.69,-0.804,0,30.23,0,0,1,1,0,1,1,0,0,1,0,12192.0,2,1,1,1,0,0,1,4,7.0,268.0,0,0,0,0,0,1
499200,63.835,0.0,0,0,1,0,2.803,0.0,0,0,1,0,12.604,-0.855,0,30.23,0,0,1,1,0,1,1,0,0,1,0,12192.0,2,1,1,1,0,0,1,4,6.8,269.1,0,0,0,0,0,1
499300,63.835,0.0,0,0,1,0,2.803,0.0,0,0,1,0,12.514,-0.905,0,30.41,0,0,1,1,0,1,1,0,0,1,0,12192.0,2,1,1,1,0,0,1,4,7.3,272.0,0,0,0,0,0,1
499400,63.835,0.0,0,0,1,0,2.803,0.0,0,0,1,0,12.418,-0.955,0,30.17,0,0,1,1,0,1,1,0,0,1,0,12192.0,2,1,1,1,0,0,1,4,7.5,271.3,0,0,0,0,0,1
499500,63.835,0.0,0,0,1,0,2.803,0.0,0,0,1,0,12.318,-1.005,0,30.32,0,0,1,1,0,1,1,0,0,1,0,12192.0,2,1,1,1,0,0,1,4,8.4,271.4,0,0,0,0,0,1
499600,63.835,0.0,0,0,1,0,2.803,0.0,0,0,1,0,12.212,-1.056,0,30.41,0,0,1,1,0,1,1,0,0,1,0,12192.0,2,1,1,1,0,0,1,4,8.1,269.2,0,0,0,0,0,1
499700,63.835,0.0,0,0,1,0,2.803,0.0,0,0,1,0,12.102,-1.106,0,30.45,0,0,1,1,0,1,1,0,0,1,0,12192.0,2,1,1,1,0,0,1,4,8.0,265.7,0,0,0,0,0,1
499800,63.835,0.0,0,0,1,0,2.803,0.0,0,0,1,0,11.986,-1.156,0,30.27,0,0,1,1,0,1,1,0,0,1,0,12192.0,2,1,1,1,0,0,1,4,8.2,274.3,0,0,0,0,0,1
499900,63.835,0.0,0,0,1,0,2.803,0.0,0,0,1,0,11.865,-1.207,0,30.52,0,0,1,1,0,1,1,0,0,1,0,12192.0,2,1,1,1,0,0,1,4,7.5,270.9,0,0,0,0,0,1
500000,63.835,0.0,0,0,1,0,2.803,0.0,0,0,1,0,11.74,-1.257,0,30.39,0,0,1,1,0,1,1,0,0,1,0,12192.0,2,1,1,1,0,0,1,4,6.9,267.0,0,0,0,0,0,1
500100,63.835,0.0,0,0,1,0,2.803,0.0,0,0,1,0,11.609,-1.302,0,30.32,0,0,1,1,0,1,1,0,0,1,0,12192.0,2,1,1,1,0,0,1,4,7.4,268.0,0,0,0,0,0,1
500200,63.835,0.0,0,0,1,0,2.803,0.0,0,0,1,0,11.479,-1.302,0,30.23,0,0,1,1,0,1,1,0,0,1,0,12192.0,2,1,1,1,0,0,1,4,6.9,270.9,0,0,0,0,0,1
500300,63.835,0.0,0,0,1,0,2.803,0.0,0,0,1,0,11.349,-1.302,0,30.42,0,0,1,1,0,1,1,0,0,1,0,12192.0,2,1,1,1,0,0,1,4,7.8,268.2,0,0,0,0,0,1
500400,63.835,0.0,0,0,1,0,2.803,0.0,0,0,1,0,11.219,-1.302,0,30.21,0,0,1,1,0,1,1,0,0,1,0,12192.0,2,1,1,1,0,0,1,4,7.8,270.0,0,0,0,0,0,1
500500,63.835,0.0,0,0,1,0,2.803,0.0,0,0,1,0,11.088,-1.302,0,30.4,0,0,1,1,0,1,1,0,0,1,0,12192.0,2,1,1,1,0,0,1,4,7.8,265.9,0,0,0,0,0,1
500600,63.835,0.0,0,0,1,0,2.803,0.0,0,0,1,0,10.958,-1.302,0,30.26,0,0,1,1,0,1,1,0,0,1,0,12192.0,2,1,1,1,0,0,1,4,7.5,265.3,0,0,0,0,0,1
500700,63.835,0.0,0,0,1,0,2.803,0.0,0,0,1,0,10.828,-1.302,0,30.28,0,0,1,1,0,1,1,0,0,1,0,12192.0,2,1,1,1,0,0,1,4,7.2,273.4,0,0,0,0,0,1
500800,63.835,0.0,0,0,1,0,2.803,0.0,0,0,1,0,10.698,-1.302,0,30.4,0,0,1,1,0,1,1,0,0,1,0,12192.0,2,1,1,1,0,0,1,4,7.2,269.7,0,0,0,0,0,1
500900,63.835,0.0,0,0,1,0,2.803,0.0,0,0,1,0,10.568,-1.302,0,30.28,0,0,1,1,0,1,1,0,0,1,0,12192.0,2,1,1,1,0,0,1,4,8.0,267.9,0,0,0,0,0,1
501000,63.835,0.0,0,0,1,0,2.803,0.0,0,0,1,0,10.437,-1.302,0,30.46,0,0,1,1,0,1,1,0,0,1,0,12192.0,2,1,1,1,0,0,1,4,7.5,271.4,0,0,0,0,0,1
501100,63.835,0.0,0,0,1,0,2.803,0.0,0,0,1,0,10.307,-1.302,0,30.32,0,0,1,1,0,1,1,0,0,1,0,12192.0,2,1,1,1,0,0,1,4,7.6,271.1,0,0,0,0,0,1
501200,63.835,0.0,0,0,1,0,2.803,0.0,0,0,1,0,10.177,-1.302,0,30.54,0,0,1,1,0,1,1,0,0,1,0,12192.0,2,1,1,1,0,0,1,4,7.3,268.9,0,0,0,0,0,1
501300,63.835,0.0,0,0,1,0,2.803,0.0,0,0,1,0,10.047,-1.302,0,30.46,0,0,1,1,0,1,1,0,0,1,0,12192.0,2,1,1,1,0,0,1,4,7.2,275.7,0,0,0,0,0,1
501400,63.835,0.0,0,0,1,0,2.803,0.0,0,0,1,0,9.916,-1.302,0,30.39,0,0,1,1,0,1,1,0,0,1,0,12192.0,2,1,1,1,0,0,1,4,8.0,268.2,0,0,0,0,0,1
501500,63.835,0.0,0,0,1,0,2.803,0.0,0,0,1,0,9.786,-1.302,0,30.25,0,0,1,1,0,1,1,0,0,1,0,12192.0,2,1,1,1,0,0,1,4,7.5,273.0,0,0,0,0,0,1
501600,63.835,0.0,0,0,1,0,2.803,0.0,0,0,1,0,9.656,-1.302,0,30.21,0,0,1,1,0,1,1,0,0,1,0,12192.0,2,1,1,1,0,0,1,4,7.8,273.8,0,0,0,0,0,1
501700,63.835,0.0,0,0,1,0,2.803,0.0,0,0,1,0,9.526,-1.302,0,30.24,0,0,1,1,0,1,1,0,0,1,0,12192.0,2,1,1,1,0,0,1,4,7.5,267.3,0,0,0,0,0,1
501800,63.835,0.0,0,0,1,0,2.803,0.0,0,0,1,0,9.395,-1.302,0,30.47,0,0,1,1,0,1,1,0,0,1,0,12192.0,2,1,1,1,0,0,1,4,8.4,269.4,0,0,0,0,0,1
501900,63.835,0.0,0,0,1,0,2.803,0.0,0,0,1,0,9.27,-1.252,0,33.54,0,0,1,1,0,1,1,0,0,1,0,12192.0,2,1,1,1,0,0,1,4,6.9,271.3,0,0,0,0,0,1
502000,63.835,0.0,0,0,1,0,2.803,0.0,0,0,1,0,9.15,-1.202,0,33.68,0,0,1,1,0,1,1,0,0,1,0,12192.0,2,1,1,1,0,0,1,4,7.1,274.2,0,0,0,0,0,1
502100,63.835,0.0,0,0,1,0,2.803,0.0,0,0,1,0,9.035,-1.151,0,33.51,0,0,1,1,0,1,1,0,0,1,0,12192.0,2,1,1,1,0,0,1,4,8.4,270.3,0,0,0,0,0,1
502200,63.835,0.0,0,0,1,0,2.803,0.0,0,0,1,0,8.925,-1.101,0,33.69,0,0,1,1,0,1,1,0,0,1,0,12192.0,2,1,1,1,0,0,1,4,8.4,272.8,0,0,0,0,0,1
502300,63.835,0.0,0,0,1,0,2.803,0.0,0,0,1,0,8.82,-1.05,0,33.53,0,0,1,1,0,1,1,0,0,1,0,12192.0,2,1,1,1,0,0,1,4,7.7,269.2,0,0,0,0,0,1
502400,63.835,0.0,0,0,1,0,2.803,0.0,0,0,1,0,8.72,-0.998,0,33.64,0,0,1,1,0,1,1,0,0,1,0,12192.0,2,1,1,1,0,0,1,4,7.1,274.0,0,0,0,0,0,1
502500,63.835,0.0,0,0,1,0,2.803,0.0,0,0,1,0,8.625,-0.946,0,33.65,0,0,1,1,0,1,1,0,0,1,0,12192.0,2,1,1,1,0,0,1,4,7.9,266.0,0,0,0,0,0,1
502600,63.835,0.0,0,0,1,0,2.803,0.0,0,0,1,0,8.536,-0.895,0,33.61,0,0,1,1,0,1,1,0,0,1,0,12192.0,2,1,1,1,0,0,1,4,7.5,269.1,0,0,0,0,0,1
502700,63.835,0.0,0,0,1,0,2.803,0.0,0,0,1,0,8.452,-0.843,0,33.59,0,0,1,1,0,1,1,0,0,1,0,12192.0,2,1,1,1,0,0,1,4,7.9,266.2,0,0,0,0,0,1
502800,63.835,0.0,0,0,1,0,2.803,0.0,0,0,1,0,8.373,-0.791,0,33.55,0,0,1,1,0,1,1,0,0,1,0,12192.0,2,1,1,1,0,0,1,4,7.4,271.6,0,0,0,0,0,1
502900,63.835,0.0,0,0,1,0,2.803,0.0,0,0,1,0,8.299,-0.739,0,33.59,0,0,1,1,0,1,1,0,0,1,0,12192.0,2,1,1,1,0,0,1,4,8.9,268.0,0,0,0,0,0,1
503000,63.835,0.0,0,0,1,0,2.803,0.0,0,0,1,0,8.23,-0.687,0,33.69,0,0,1,1,0,1,1,0,0,1,0,12192.0,2,1,1,1,0,0,1,4,8.0,269.8,0,0,0,0,0,1
503100,63.835,0.0,0,0,1,0,2.803,0.0,0,0,1,0,8.166,-0.635,0,33.67,0,0,1,1,0,1,1,0,0,1,0,12192.0,2,1,1,1,0,0,1,4,8.1,269.2,0,0,0,0,0,1
503200,63.835,0.0,0,0,1,0,2.803,0.0,0,0,1,0,8.108,-0.582,0,33.73,0,0,1,1,0,1,1,0,0,1,0,12192.0,2,1,1,1,0,0,1,4,8.7,272.3,0,0,0,0,0,1
503300,63.835,0.0,0,0,1,0,2.803,0.0,0,0,1,0,8.055,-0.53,0,33.68,0,0,1,1,0,1,1,0,0,1,0,12192.0,2,1,1,1,0,0,1,4,7.9,272.0,0,0,0,0,0,1
503400,63.835,0.0,0,0,1,0,2.803,0.0,0,0,1,0,8.008,-0.477,0,33.63,0,0,1,1,0,1,1,0,0,1,0,12192.0,2,1,1,1,0,0,1,4,8.0,273.3,0,0,0,0,0,1
503500,63.835,0.0,0,0,1,0,2.803,0.0,0,0,1,0,7.965,-0.423,0,33.67,0,0,1,1,0,1,1,0,0,1,0,12192.0,2,1,1,1,0,0,1,4,8.5,266.5,0,0,0,0,0,1
503600,63.835,0.0,0,0,1,0,2.803,0.0,0,0,1,0,7.928,-0.37,0,33.54,0,0,1,1,0,1,1,0,0,1,0,12192.0,2,1,1,1,0,0,1,4,7.8,270.2,0,0,0,0,0,1
503700,63.835,0.0,0,0,1,0,2.803,0.0,0,0,1,0,7.897,-0.316,0,33.7,0,0,1,1,0,1,1,0,0,1,0,12192.0,2,1,1,1,0,0,1,4,8.4,270.1,0,0,0,0,0,1
503800,63.835,0.0,0,0,1,0,2.803,0.0,0,0,1,0,7.871,-0.26,0,33.8,0,0,1,1,0,1,1,0,0,1,0,12192.0,2,1,1,1,0,0,1,4,8.3,266.0,0,0,0,0,0,1
503900,63.835,0.0,0,0,1,0,2.803,0.0,0,0,1,0,7.85,-0.204,0,33.87,0,0,1,1,0,1,1,0,0,1,0,12192.0,2,1,1,1,0,0,1,4,8.6,266.5,0,0,0,0,0,1
504000,63.835,0.0,0,0,1,0,2.803,0.0,0,0,1,0,7.836,-0.145,0,33.41,0,0,1,1,0,1,1,0,0,1,0,12192.0,2,1,1,1,0,0,1,4,8.6,270.8,0,0,0,0,0,1
504100,63.835,0.0,0,0,1,0,2.803,0.0,0,0,1,0,7.828,-0.081,0,33.72,0,0,1,1,0,1,1,0,0,1,0,12192.0,2,1,1,1,0,0,1,4,9.1,273.5,0,0,0,0,0,1
504200,63.835,0.0,0,0,0,0,2.803,0.0,0,0,0,0,7.825,0.0,0,31.89,0,0,0,0,0,1,1,0,0,1,0,12192.0,2,1,1,0,1,0,1,4,8.9,269.2,0,0,0,0,0,1
504300,63.835,0.0,0,0,0,0,2.803,0.0,0,0,0,0,7.825,0.0,0,32.04,0,0,0,0,0,1,1,0,1,1,0,12192.0,2,1,1,0,1,0,1,4,8.0,265.1,0,0,0,0,0,1
504400,63.835,0.0,0,0,0,0,2.803,0.0,0,0,0,0,7.825,0.0,0,32.14,0,0,0,0,0,1,1,0,1,1,0,12192.0,2,1,1,0,1,0,1,4,8.3,273.7,0,0,0,0,0,1
504500,63.835,0.0,0,0,0,0,2.803,0.0,0,0,0,0,7.825,0.0,0,31.99,0,0,0,0,0,1,1,0,1,1,0,12192.0,2,1,1,0,1,0,1,4,8.4,270.3,0,0,0,0,0,1
504600,63.835,0.0,0,0,0,0,2.803,0.0,0,0,0,0,7.825,0.0,0,32.12,0,0,0,0,0,1,1,0,1,1,0,12192.0,2,1,1,0,1,0,1,4,8.1,271.5,0,0,0,0,0,1
504700,63.835,0.0,0,0,0,0,2.803,0.0,0,0,0,0,7.825,0.0,0,31.85,0,0,0,0,0,1,1,0,1,1,0,12192.0,2,1,1,0,1,0,1,4,8.4,274.4,0,0,0,0,0,1
504800,63.835,0.0,0,0,0,0,2.803,0.0,0,0,0,0,7.825,0.0,0,32.08,0,0,0,0,0,1,1,0,1,1,0,12192.0,2,1,1,0,1,0,1,4,8.8,272.9,0,0,0,0,0,1
504900,63.835,0.0,0,0,0,0,2.803,0.0,0,0,0,0,7.825,0.0,0,32.11,0,0,0,0,0,1,1,0,1,1,0,12192.0,2,1,1,0,1,0,1,4,7.9,272.8,0,0,0,0,0,1
505000,63.835,0.0,0,0,0,0,2.803,0.0,0,0,0,0,7.825,0.0,0,32.05,0,0,0,0,0,1,1,0,1,1,0,12192.0,2,1,1,0,1,0,1,4,9.0,271.0,0,0,0,0,0,1
505100,63.835,0.0,0,0,0,0,2.803,0.0,0,0,0,0,7.825,0.0,0,32.05,0,0,0,0,0,1,1,0,1,1,0,12192.0,2,1,1,0,1,0,1,4,8.8,272.3,0,0,0,0,0,1
505200,63.835,0.0,0,0,0,0,2.803,0.0,0,0,0,0,7.825,0.0,0,32.16,0,0,0,0,0,1,1,0,1,1,0,12192.0,2,1,1,0,1,0,1,4,8.6,268.2,0,0,0,0,0,1
505300,63.835,0.0,0,0,0,0,2.803,0.0,0,0,0,0,7.825,0.0,0,31.93,0,0,0,0,0,1,1,0,1,1,0,12192.0,2,1,1,0,1,0,1,4,8.1,268.4,0,0,0,0,0,1
505400,63.835,0.0,0,0,0,0,2.803,0.0,0,0,0,0,7.825,0.0,0,32.14,0,0,0,0,0,1,1,0,1,1,0,12192.0,2,1,1,0,1,0,1,4,8.5,268.9,0,0,0,0,0,1
505500,63.835,0.0,0,0,0,0,2.803,0.0,0,0,0,0,7.825,0.0,0,32.06,0,0,0,0,0,1,1,0,1,1,0,12192.0,2,1,1,0,1,0,1,4,8.5,269.2,0,0,0,0,0,1
505600,63.835,0.0,0,0,0,0,2.803,0.0,0,0,0,0,7.825,0.0,0,0.0,0,0,0,0,0,1,0,1,1,1,0,12192.0,2,1,1,0,1,0,1,4,9.0,269.1,0,0,0,0,0,1
505700,63.835,0.0,0,0,0,0,2.803,0.0,0,0,0,0,7.825,0.0,0,0.0,0,0,0,0,0,1,0,1,1,1,0,12192.0,2,1,1,0,1,0,1,4,9.2,269.8,0,0,0,0,0,1
505800,63.835,0.0,0,0,0,0,2.803,0.0,0,0,0,0,7.825,0.0,0,0.0,0,0,0,0,0,1,0,1,1,1,0,12192.0,2,1,1,0,1,0,1,4,8.1,274.0,0,0,0,0,0,1
505900,63.835,0.0,0,0,0,0,2.803,0.0,0,0,0,0,7.825,0.0,0,0.0,0,0,0,0,0,1,0,1,1,1,0,12192.0,2,1,1,0,1,0,1,4,8.6,267.5,0,0,0,0,0,1
506000,63.835,0.0,0,0,0,0,2.803,0.0,0,0,0,0,7.825,0.0,0,0.0,0,0,0,0,0,1,0,1,1,1,0,12192.0,2,1,1,0,1,0,1,4,9.0,270.4,0,0,0,0,0,1
506100,63.835,0.0,0,0,0,0,2.803,0.0,0,0,0,0,7.825,0.0,0,0.0,0,0,0,0,0,1,0,1,1,1,0,12192.0,2,1,1,0,1,0,1,4,7.6,266.2,0,0,0,0,0,1
506200,63.835,0.0,0,0,0,0,2.803,0.0,0,0,0,0,7.825,0.0,0,0.0,0,0,0,0,0,1,0,1,1,1,0,12192.0,2,1,1,0,1,0,1,4,7.9,271.1,0,0,0,0,0,1
506300,63.835,0.0,0,0,0,0,2.803,0.0,0,0,0,0,7.825,0.0,0,0.0,0,0,0,0,0,1,0,1,1,1,0,12192.0,2,1,1,0,1,0,1,4,8.4,268.9,0,0,0,0,0,1
506400,63.835,0.0,0,0,0,0,2.803,0.0,0,0,0,0,7.825,0.0,0,0.0,0,0,0,0,0,1,0,1,1,1,0,12192.0,2,1,1,0,1,0,1,4,8.3,266.2,0,0,0,0,0,1
506500,63.835,0.0,0,0,0,0,2.803,0.0,0,0,0,0,7.825,0.0,0,0.0,0,0,0,0,0,1,0,1,1,1,0,12192.0,2,1,1,0,1,0,1,4,8.1,268.2,0,0,0,0,0,1
506600,63.835,0.0,0,0,0,0,2.803,0.0,0,0,0,0,7.825,0.0,0,0.0,0,0,0,0,0,1,0,1,1,1,0,12192.0,2,1,1,0,1,0,1,4,7.4,266.5,0,0,0,0,0,1
506700,63.835,0.0,0,0,0,0,2.803,0.0,0,0,0,0,7.825,0.0,0,0.0,0,0,0,0,0,1,0,1,1,1,0,12192.0,2,1,1,0,1,0,1,4,7.6,270.8,0,0,0,0,0,1
506800,63.835,0.0,0,0,0,0,2.803,0.0,0,0,0,0,7.825,0.0,0,0.0,0,0,0,0,0,1,0,1,1,1,0,12192.0,2,1,1,0,1,0,1,4,8.1,275.3,0,0,0,0,0,1
506900,63.835,0.0,0,0,0,0,2.803,0.0,0,0,0,0,7.825,0.0,0,0.0,0,0,0,0,0,1,0,1,1,1,0,12192.0,2,1,1,0,1,0,1,4,8.5,266.5,0,0,0,0,0,1
507000,63.835,0.0,0,0,0,0,2.803,0.0,0,0,0,0,7.825,0.0,0,0.0,0,0,0,0,0,1,0,1,1,1,0,12192.0,2,1,1,0,1,0,1,4,8.2,269.7,0,0,0,0,0,1
507100,63.835,0.0,0,0,0,0,2.803,0.0,0,0,0,0,7.825,0.0,0,0.0,0,0,0,0,0,1,0,1,1,1,0,12192.0,2,1,1,0,1,0,1,4,7.9,272.3,0,0,0,0,0,1
507200,63.835,0.0,0,0,0,0,2.803,0.0,0,0,0,0,7.825,0.0,0,0.0,0,0,0,0,0,1,0,1,1,1,0,12192.0,2,1,1,0,1,0,1,4,7.5,272.4,0,0,0,0,0,1
507300,63.835,0.0,0,0,0,0,2.803,0.0,0,0,0,0,7.825,0.0,0,0.0,0,0,0,0,0,1,0,1,1,1,0,12192.0,2,1,1,0,1,0,1,4,7.7,269.1,0,0,0,0,0,1
507400,63.835,0.0,0,0,1,0,2.803,0.0,0,0,1,0,7.83,0.05,1,0.0,0,0,1,1,0,1,0,1,0,0,0,12192.0,2,1,1,1,0,0,1,4,7.7,273.5,0,0,0,0,0,1
507500,63.835,0.0,0,0,1,0,2.803,0.0,0,0,1,0,7.84,0.101,1,0.0,0,0,1,1,0,1,0,1,0,0,0,12192.0,2,1,1,1,0,0,1,4,7.6,273.6,0,0,0,0,0,1
507600,63.835,0.0,0,0,1,0,2.803,0.0,0,0,1,0,7.855,0.151,1,0.0,0,0,1,1,0,1,0,1,0,0,0,12192.0,2,1,1,1,0,0,1,4,7.5,265.4,0,0,0,0,0,1
507700,63.835,0.0,0,0,1,0,2.803,0.0,0,0,1,0,7.875,0.201,1,0.0,0,0,1,1,0,1,0,1,0,0,0,12192.0,2,1,1,1,0,0,1,4,7.5,271.0,0,0,0,0,0,1
507800,63.835,0.0,0,0,1,0,2.803,0.0,0,0,1,0,7.9,0.251,1,0.0,0,0,1,1,0,1,0,1,0,0,0,12192.0,2,1,1,1,0,0,1,4,8.1,266.9,0,0,0,0,0,1
507900,63.835,0.0,0,0,1,0,2.803,0.0,0,0,1,0,7.93,0.302,1,0.0,0,0,1,1,0,1,0,1,0,0,0,12192.0,2,1,1,1,0,0,1,4,7.5,270.1,0,0,0,0,0,1
508000,63.835,0.0,0,0,1,0,2.803,0.0,0,0,1,0,7.965,0.352,1,0.0,0,0,1,1,0,1,0,1,0,0,0,12192.0,2,1,1,1,0,0,1,4,7.3,268.4,0,0,0,0,0,1
508100,63.835,0.0,0,0,1,0,2.803,0.0,0,0,1,0,8.006,0.402,1,0.0,0,0,1,1,0,1,0,1,0,0,0,12192.0,2,1,1,1,0,0,1,4,7.6,268.8,0,0,0,0,0,1
508200,63.835,0.0,0,0,1,0,2.803,0.0,0,0,1,0,8.051,0.452,1,0.0,0,0,1,1,0,1,0,1,0,0,0,12192.0,2,1,1,1,0,0,1,4,7.8,268.4,0,0,0,0,0,1
508300,63.835,0.0,0,0,1,0,2.803,0.0,0,0,1,0,8.101,0.503,1,0.0,0,0,1,1,0,1,0,1,0,0,0,12192.0,2,1,1,1,0,0,1,4,7.4,268.7,0,0,0,0,0,1
508400,63.835,0.0,0,0,1,0,2.803,0.0,0,0,1,0,8.156,0.553,1,0.0,0,0,1,1,0,1,0,1,0,0,0,12192.0,2,1,1,1,0,0,1,4,7.7,267.2,0,0,0,0,0,1
508500,63.835,0.0,0,0,1,0,2.803,0.0,0,0,1,0,8.217,0.603,1,0.0,0,0,1,1,0,1,0,1,0,0,0,12192.0,2,1,1,1,0,0,1,4,7.6,271.2,0,0,0,0,0,1
508600,63.835,0.0,0,0,1,0,2.803,0.0,0,0,1,0,8.282,0.654,1,0.0,0,0,1,1,0,1,0,1,0,0,0,12192.0,2,1,1,1,0,0,1,4,7.6,267.9,0,0,0,0,0,1
508700,63.835,0.0,0,0,1,0,2.803,0.0,0,0,1,0,8.353,0.704,1,0.0,0,0,1,1,0,1,0,1,0,0,0,12192.0,2,1,1,1,0,0,1,4,7.6,267.5,0,0,0,0,0,1
508800,63.835,0.0,0,0,1,0,2.803,0.0,0,0,1,0,8.428,0.754,1,0.0,0,0,1,1,0,1,0,1,0,0,0,12192.0,2,1,1,1,0,0,1,4,7.6,269.0,0,0,0,0,0,1
508900,63.835,0.0,0,0,1,0,2.803,0.0,0,0,1,0,8.508,0.804,1,0.0,0,0,1,1,0,1,0,1,0,0,0,12192.0,2,1,1,1,0,0,1,4,7.3,265.2,0,0,0,0,0,1
509000,63.835,0.0,0,0,1,0,2.803,0.0,0,0,1,0,8.594,0.855,1,0.0,0,0,1,1,0,1,0,1,0,0,0,12192.0,2,1,1,1,0,0,1,4,7.2,270.4,0,0,0,0,0,1
509100,63.835,0.0,0,0,1,0,2.803,0.0,0,0,1,0,8.684,0.905,1,0.0,0,0,1,1,0,1,0,1,0,0,0,12192.0,2,1,1,1,0,0,1,4,8.0,269.1,0,0,0,0,0,1
509200,63.835,0.0,0,0,1,0,2.803,0.0,0,0,1,0,8.78,0.955,1,0.0,0,0,1,1,0,1,0,1,0,0,0,12192.0,2,1,1,1,0,0,1,4,7.7,270.1,0,0,0,0,0,1
509300,63.835,0.0,0,0,1,0,2.803,0.0,0,0,1,0,8.88,1.005,1,0.0,0,0,1,1,0,1,0,1,0,0,0,12192.0,2,1,1,1,0,0,1,4,7.4,268.6,0,0,0,0,0,1
509400,63.835,0.0,0,0,1,0,2.803,0.0,0,0,1,0,8.986,1.056,1,0.0,0,0,1,1,0,1,0,1,0,0,0,12192.0,2,1,1,1,0,0,1,4,6.8,272.7,0,0,0,0,0,1
509500,63.835,0.0,0,0,1,0,2.803,0.0,0,0,1,0,9.097,1.106,1,0.0,0,0,1,1,0,1,0,1,0,0,0,12192.0,2,1,1,1,0,0,1,4,7.2,267.6,0,0,0,0,0,1
509600,63.835,0.0,0,0,1,0,2.803,0.0,0,0,1,0,9.212,1.156,1,0.0,0,0,1,1,0,1,0,1,0,0,0,12192.0,2,1,1,1,0,0,1,4,7.7,274.2,0,0,0,0,0,1
509700,63.835,0.0,0,0,1,0,2.803,0.0,0,0,1,0,9.333,1.207,1,0.0,0,0,1,1,0,1,0,1,0,0,0,12192.0,2,1,1,1,0,0,1,4,6.7,268.8,0,0,0,0,0,1
509800,63.835,0.0,0,0,1,0,2.803,0.0,0,0,1,0,9.459,1.257,1,0.0,0,0,1,1,0,1,0,1,0,0,0,12192.0,2,1,1,1,0,0,1,4,7.5,267.0,0,0,0,0,0,1
509900,63.835,0.0,0,0,1,0,2.803,0.0,0,0,1,0,9.589,1.302,1,0.0,0,0,1,1,0,1,0,1,0,0,0,12192.0,2,1,1,1,0,0,1,4,7.5,272.9,0,0,0,0,0,1
510000,63.835,0.0,0,0,1,0,2.803,0.0,0,0,1,0,9.719,1.302,1,0.0,0,0,1,1,0,1,0,1,0,0,0,12192.0,2,1,1,1,0,0,1,4,7.1,268.1,0,0,0,0,0,1
510100,63.835,0.0,0,0,1,0,2.803,0.0,0,0,1,0,9.849,1.302,1,0.0,0,0,1,1,0,1,0,1,0,0,0,12192.0,2,1,1,1,0,0,1,4,7.4,265.1,0,0,0,0,0,1
510200,63.835,0.0,0,0,1,0,2.803,0.0,0,0,1,0,9.979,1.302,1,0.0,0,0,1,1,0,1,0,1,0,0,0,12192.0,2,1,1,1,0,0,1,4,7.6,271.9,0,0,0,0,0,1
510300,63.835,0.0,0,0,1,0,2.803,0.0,0,0,1,0,10.11,1.302,1,0.0,0,0,1,1,0,1,0,1,0,0,0,12192.0,2,1,1,1,0,0,1,4,7.7,270.0,0,0,0,0,0,1
510400,63.835,0.0,0,0,1,0,2.803,0.0,0,0,1,0,10.24,1.302,1,0.0,0,0,1,1,0,1,0,1,0,0,0,12192.0,2,1,1,1,0,0,1,4,8.6,266.3,0,0,0,0,0,1
510500,63.835,0.0,0,0,1,0,2.803,0.0,0,0,1,0,10.37,1.302,1,0.0,0,0,1,1,0,1,0,1,0,0,0,12192.0,2,1,1,1,0,0,1,4,7.1,274.9,0,0,0,0,0,1
510600,63.835,0.0,0,0,1,0,2.803,0.0,0,0,1,0,10.5,1.302,1,0.0,0,0,1,1,0,1,0,1,0,0,0,12192.0,2,1,1,1,0,0,1,4,8.0,270.6,0,0,0,0,0,1
510700,63.835,0.0,0,0,1,0,2.803,0.0,0,0,1,0,10.631,1.302,1,0.0,0,0,1,1,0,1,0,1,0,0,0,12192.0,2,1,1,1,0,0,1,4,7.5,266.4,0,0,0,0,0,1
510800,63.835,0.0,0,0,1,0,2.803,0.0,0,0,1,0,10.761,1.302,1,0.0,0,0,1,1,0,1,0,1,0,0,0,12192.0,2,1,1,1,0,0,1,4,7.6,272.9,0,0,0,0,0,1
510900,63.835,0.0,0,0,1,0,2.803,0.0,0,0,1,0,10.891,1.302,1,0.0,0,0,1,1,0,1,0,1,0,0,0,12192.0,2,1,1,1,0,0,1,4,7.6,272.7,0,0,0,0,0,1
511000,63.835,0.0,0,0,1,0,2.803,0.0,0,0,1,0,11.021,1.302,1,0.0,0,0,1,1,0,1,0,1,0,0,0,12192.0,2,1,1,1,0,0,1,4,7.6,268.7,0,0,0,0,0,1
511100,63.835,0.0,0,0,1,0,2.803,0.0,0,0,1,0,11.151,1.302,1,0.0,0,0,1,1,0,1,0,1,0,0,0,12192.0,2,1,1,1,0,0,1,4,7.2,270.5,0,0,0,0,0,1
511200,63.835,0.0,0,0,1,0,2.803,0.0,0,0,1,0,11.282,1.302,1,0.0,0,0,1,1,0,1,0,1,0,0,0,12192.0,2,1,1,1,0,0,1,4,8.2,270.3,0,0,0,0,0,1
511300,63.835,0.0,0,0,1,0,2.803,0.0,0,0,1,0,11.412,1.302,1,0.0,0,0,1,1,0,1,0,1,0,0,0,12192.0,2,1,1,1,0,0,1,4,8.3,273.0,0,0,0,0,0,1
511400,63.835,0.0,0,0,1,0,2.803,0.0,0,0,1,0,11.542,1.302,1,0.0,0,0,1,1,0,1,0,1,0,0,0,12192.0,2,1,1,1,0,0,1,4,8.6,267.4,0,0,0,0,0,1
511500,63.835,0.0,0,0,1,0,2.803,0.0,0,0,1,0,11.672,1.302,1,0.0,0,0,1,1,0,1,0,1,0,0,0,12192.0,2,1,1,1,0,0,1,4,8.0,268.5,0,0,0,0,0,1
511600,63.835,0.0,0,0,1,0,2.803,0.0,0,0,1,0,11.798,1.252,1,0.0,0,0,1,1,0,1,0,1,0,0,0,12192.0,2,1,1,1,0,0,1,4,8.1,275.7,0,0,0,0,0,1
511700,63.835,0.0,0,0,1,0,2.803,0.0,0,0,1,0,11.918,1.202,1,0.0,0,0,1,1,0,1,0,1,0,0,0,12192.0,2,1,1,1,0,0,1,4,9.1,271.2,0,0,0,0,0,1
511800,63.835,0.0,0,0,1,0,2.803,0.0,0,0,1,0,12.033,1.151,1,0.0,0,0,1,1,0,1,0,1,0,0,0,12192.0,2,1,1,1,0,0,1,4,8.1,268.1,0,0,0,0,0,1
511900,63.835,0.0,0,0,1,0,2.803,0.0,0,0,1,0,12.143,1.101,1,0.0,0,0,1,1,0,1,0,1,0,0,0,12192.0,2,1,1,1,0,0,1,4,8.4,266.6,0,0,0,0,0,1
512000,63.835,0.0,0,0,1,0,2.803,0.0,0,0,1,0,12.248,1.051,1,0.0,0,0,1,1,0,1,0,1,0,0,0,12192.0,2,1,1,1,0,0,1,4,8.5,271.8,0,0,0,0,0,1
512100,63.835,0.0,0,0,1,0,2.803,0.0,0,0,1,0,12.348,1.001,1,0.0,0,0,1,1,0,1,0,1,0,0,0,12192.0,2,1,1,1,0,0,1,4,7.8,271.0,0,0,0,0,0,1
512200,63.835,0.0,0,0,1,0,2.803,0.0,0,0,1,0,12.443,0.95,1,0.0,0,0,1,1,0,1,0,1,0,0,0,12192.0,2,1,1,1,0,0,1,4,7.8,267.2,0,0,0,0,0,1
512300,63.835,0.0,0,0,1,0,2.803,0.0,0,0,1,0,12.533,0.9,1,0.0,0,0,1,1,0,1,0,1,0,0,0,12192.0,2,1,1,1,0,0,1,4,8.9,269.6,0,0,0,0,0,1
512400,63.835,0.0,0,0,1,0,2.803,0.0,0,0,1,0,12.618,0.85,1,0.0,0,0,1,1,0,1,0,1,0,0,0,12192.0,2,1,1,1,0,0,1,4,8.8,273.2,0,0,0,0,0,1
512500,63.835,0.0,0,0,1,0,2.803,0.0,0,0,1,0,12.698,0.8,1,0.0,0,0,1,1,0,1,0,1,0,0,0,12192.0,2,1,1,1,0,0,1,4,8.5,275.2,0,0,0,0,0,1
512600,63.835,0.0,0,0,1,0,2.803,0.0,0,0,1,0,12.773,0.749,1,0.0,0,0,1,1,0,1,0,1,0,0,0,12192.0,2,1,1,1,0,0,1,4,8.1,268.1,0,0,0,0,0,1
512700,63.835,0.0,0,0,1,0,2.803,0.0,0,0,1,0,12.843,0.699,1,0.0,0,0,1,1,0,1,0,1,0,0,0,12192.0,2,1,1,1,0,0,1,4,8.2,265.6,0,0,0,0,0,1
512800,63.835,0.0,0,0,1,0,2.803,0.0,0,0,1,0,12.908,0.649,1,0.0,0,0,1,1,0,1,0,1,0,0,0,12192.0,2,1,1,1,0,0,1,4,9.1,269.5,0,0,0,0,0,1
512900,63.835,0.0,0,0,1,0,2.803,0.0,0,0,1,0,12.968,0.598,1,0.0,0,0,1,1,0,1,0,1,0,0,0,12192.0,2,1,1,1,0,0,1,4,8.8,270.7,0,0,0,0,0,1
513000,63.835,0.0,0,0,1,0,2.803,0.0,0,0,1,0,13.023,0.548,1,0.0,0,0,1,1,0,1,0,1,0,0,0,12192.0,2,1,1,1,0,0,1,4,8.1,268.2,0,0,0,0,0,1
513100,63.835,0.0,0,0,1,0,2.803,0.0,0,0,1,0,13.072,0.498,1,0.0,0,0,1,1,0,1,0,1,0,0,0,12192.0,2,1,1,1,0,0,1,4,9.1,267.1,0,0,0,0,0,1
513200,63.835,0.0,0,0,1,0,2.803,0.0,0,0,1,0,13.117,0.448,1,0.0,0,0,1,1,0,1,0,1,0,0,0,12192.0,2,1,1,1,0,0,1,4,8.3,268.4,0,0,0,0,0,1
513300,63.835,0.0,0,0,1,0,2.803,0.0,0,0,1,0,13.157,0.397,1,0.0,0,0,1,1,0,1,0,1,0,0,0,12192.0,2,1,1,1,0,0,1,4,7.6,271.2,0,0,0,0,0,1
513400,63.835,0.0,0,0,1,0,2.803,0.0,0,0,1,0,13.192,0.347,1,0.0,0,0,1,1,0,1,0,1,0,0,0,12192.0,2,1,1,1,0,0,1,4,8.2,265.3,0,0,0,0,0,1
513500,63.835,0.0,0,0,1,0,2.803,0.0,0,0,1,0,13.221,0.297,1,0.0,0,0,1,1,0,1,0,1,0,0,0,12192.0,2,1,1,1,0,0,1,4,8.3,268.8,0,0,0,0,0,1
513600,63.835,0.0,0,0,1,0,2.803,0.0,0,0,1,0,13.246,0.247,1,0.0,0,0,1,1,0,1,0,1,0,0,0,12192.0,2,1,1,1,0,0,1,4,8.9,269.1,0,0,0,0,0,1
513700,63.835,0.0,0,0,1,0,2.803,0.0,0,0,1,0,13.265,0.193,1,0.0,0,0,1,1,0,1,0,1,0,0,0,12192.0,2,1,1,1,0,0,1,4,8.4,272.4,0,0,0,0,0,1
513800,63.835,0.0,0,0,1,0,2.803,0.0,0,0,1,0,13.279,0.134,1,0.0,0,0,1,1,0,1,0,1,0,0,0,12192.0,2,1,1,1,0,0,1,4,8.4,268.6,0,0,0,0,0,1
513900,63.835,0.0,0,0,1,0,2.803,0.0,0,0,1,0,13.285,0.067,1,0.0,0,0,1,1,0,1,0,1,0,0,0,12192.0,2,1,1,1,0,0,1,4,9.0,267.3,0,0,0,0,0,1
514000,63.835,0.0,0,0,0,0,2.803,0.0,0,0,0,0,13.287,0.0,0,0.0,0,0,0,0,0,1,0,1,0,0,0,12192.0,2,1,1,0,1,0,1,4,7.9,268.2,0,0,0,0,0,1
