t_ms,GT_Position,GT_Velocity,GT_Direction,GT_Running,GT_Brake_Released,GT_Motor_Alarm,TR_Position,TR_Velocity,TR_Direction,TR_Running,TR_Brake_Released,TR_Motor_Alarm,HO_Position,HO_Velocity,HO_Direction,HO_Load,HO_Overload_Alarm,HO_Snag_Alarm,HO_Running,HO_Brake_Released,HO_Motor_Alarm,SP_Mode,SP_TwistLock_Locked,SP_TwistLock_Unlocked,SP_Landed,SP_Container_Detected,SP_Mismatch_Alarm,SP_Telescopic_Position,OP_Mode,OP_Power_On,OP_Ready,OP_Running,OP_Standby,OP_Emergency_Stop,OP_AntiSway_Active,OP_Cycle_Count_Today,ENV_Wind_Speed,ENV_Wind_Direction,ENV_Wind_Alarm,ALM_Active,ALM_Latest_Code,ALM_Latest_Severity,ALM_Latest_Source,COM_Link_Status
0,70.442,-0.015,0,1,1,0,10.095,0.0,0,0,1,0,9.94,0.0,0,0.0,0,0,0,1,0,1,0,1,0,0,0,12192.0,2,1,1,1,0,0,1,0,8.2,270.6,0,0,0,0,0,1
100,70.439,-0.03,0,1,1,0,10.095,0.0,0,0,1,0,9.94,0.0,0,0.0,0,0,0,1,0,1,0,1,0,0,0,12192.0,2,1,1,1,0,0,1,0,7.2,267.1,0,0,0,0,0,1
200,70.434,-0.045,0,1,1,0,10.095,0.0,0,0,1,0,9.94,0.0,0,0.0,0,0,0,1,0,1,0,1,0,0,0,12192.0,2,1,1,1,0,0,1,0,7.5,269.1,0,0,0,0,0,1
300,70.428,-0.06,0,1,1,0,10.095,0.0,0,0,1,0,9.94,0.0,0,0.0,0,0,0,1,0,1,0,1,0,0,0,12192.0,2,1,1,1,0,0,1,0,7.9,270.9,0,0,0,0,0,1
400,70.421,-0.075,0,1,1,0,10.095,0.0,0,0,1,0,9.94,0.0,0,0.0,0,0,0,1,0,1,0,1,0,0,0,12192.0,2,1,1,1,0,0,1,0,8.6,271.5,0,0,0,0,0,1
500,70.412,-0.09,0,1,1,0,10.095,0.0,0,0,1,0,9.94,0.0,0,0.0,0,0,0,1,0,1,0,1,0,0,0,12192.0,2,1,1,1,0,0,1,0,8.5,268.5,0,0,0,0,0,1
600,70.401,-0.106,0,1,1,0,10.095,0.0,0,0,1,0,9.94,0.0,0,0.0,0,0,0,1,0,1,0,1,0,0,0,12192.0,2,1,1,1,0,0,1,0,7.7,270.5,0,0,0,0,0,1
700,70.389,-0.121,0,1,1,0,10.095,0.0,0,0,1,0,9.94,0.0,0,0.0,0,0,0,1,0,1,0,1,0,0,0,12192.0,2,1,1,1,0,0,1,0,8.1,268.3,0,0,0,0,0,1
800,70.376,-0.136,0,1,1,0,10.095,0.0,0,0,1,0,9.94,0.0,0,0.0,0,0,0,1,0,1,0,1,0,0,0,12192.0,2,1,1,1,0,0,1,0,8.9,267.5,0,0,0,0,0,1
900,70.361,-0.151,0,1,1,0,10.095,0.0,0,0,1,0,9.94,0.0,0,0.0,0,0,0,1,0,1,0,1,0,0,0,12192.0,2,1,1,1,0,0,1,0,7.8,267.7,0,0,0,0,0,1
1000,70.344,-0.166,0,1,1,0,10.095,0.0,0,0,1,0,9.94,0.0,0,0.0,0,0,0,1,0,1,0,1,0,0,0,12192.0,2,1,1,1,0,0,1,0,7.1,272.1,0,0,0,0,0,1
1100,70.326,-0.181,0,1,1,0,10.095,0.0,0,0,1,0,9.94,0.0,0,0.0,0,0,0,1,0,1,0,1,0,0,0,12192.0,2,1,1,1,0,0,1,0,9.1,277.7,0,0,0,0,0,1
1200,70.306,-0.196,0,1,1,0,10.095,0.0,0,0,1,0,9.94,0.0,0,0.0,0,0,0,1,0,1,0,1,0,0,0,12192.0,2,1,1,1,0,0,1,0,8.8,266.0,0,0,0,0,0,1
1300,70.285,-0.211,0,1,1,0,10.095,0.0,0,0,1,0,9.94,0.0,0,0.0,0,0,0,1,0,1,0,1,0,0,0,12192.0,2,1,1,1,0,0,1,0,8.2,276.5,0,0,0,0,0,1
1400,70.263,-0.226,0,1,1,0,10.095,0.0,0,0,1,0,9.94,0.0,0,0.0,0,0,0,1,0,1,0,1,0,0,0,12192.0,2,1,1,1,0,0,1,0,8.7,268.8,0,0,0,0,0,1
1500,70.238,-0.241,0,1,1,0,10.095,0.0,0,0,1,0,9.94,0.0,0,0.0,0,0,0,1,0,1,0,1,0,0,0,12192.0,2,1,1,1,0,0,1,0,9.6,269.6,0,0,0,0,0,1
1600,70.213,-0.256,0,1,1,0,10.095,0.0,0,0,1,0,9.94,0.0,0,0.0,0,0,0,1,0,1,0,1,0,0,0,12192.0,2,1,1,1,0,0,1,0,9.1,270.0,0,0,0,0,0,1
1700,70.186,-0.271,0,1,1,0,10.095,0.0,0,0,1,0,9.94,0.0,0,0.0,0,0,0,1,0,1,0,1,0,0,0,12192.0,2,1,1,1,0,0,1,0,9.0,273.8,0,0,0,0,0,1
1800,70.157,-0.286,0,1,1,0,10.095,0.0,0,0,1,0,9.94,0.0,0,0.0,0,0,0,1,0,1,0,1,0,0,0,12192.0,2,1,1,1,0,0,1,0,8.1,270.1,0,0,0,0,0,1
1900,70.127,-0.302,0,1,1,0,10.095,0.0,0,0,1,0,9.94,0.0,0,0.0,0,0,0,1,0,1,0,1,0,0,0,12192.0,2,1,1,1,0,0,1,0,7.8,273.1,0,0,0,0,0,1
2000,70.095,-0.317,0,1,1,0,10.095,0.0,0,0,1,0,9.94,0.0,0,0.0,0,0,0,1,0,1,0,1,0,0,0,12192.0,2,1,1,1,0,0,1,0,8.8,271.3,0,0,0,0,0,1
2100,70.062,-0.332,0,1,1,0,10.095,0.0,0,0,1,0,9.94,0.0,0,0.0,0,0,0,1,0,1,0,1,0,0,0,12192.0,2,1,1,1,0,0,1,0,8.8,270.3,0,0,0,0,0,1
2200,70.027,-0.347,0,1,1,0,10.095,0.0,0,0,1,0,9.94,0.0,0,0.0,0,0,0,1,0,1,0,1,0,0,0,12192.0,2,1,1,1,0,0,1,0,8.8,272.7,0,0,0,0,0,1
2300,69.991,-0.362,0,1,1,0,10.095,0.0,0,0,1,0,9.94,0.0,0,0.0,0,0,0,1,0,1,0,1,0,0,0,12192.0,2,1,1,1,0,0,1,0,8.3,271.5,0,0,0,0,0,1
2400,69.953,-0.377,0,1,1,0,10.095,0.0,0,0,1,0,9.94,0.0,0,0.0,0,0,0,1,0,1,0,1,0,0,0,12192.0,2,1,1,1,0,0,1,0,9.1,266.3,0,0,0,0,0,1
2500,69.914,-0.392,0,1,1,0,10.095,0.0,0,0,1,0,9.94,0.0,0,0.0,0,0,0,1,0,1,0,1,0,0,0,12192.0,2,1,1,1,0,0,1,0,9.6,267.0,0,0,0,0,0,1
2600,69.874,-0.407,0,1,1,0,10.095,0.0,0,0,1,0,9.94,0.0,0,0.0,0,0,0,1,0,1,0,1,0,0,0,12192.0,2,1,1,1,0,0,1,0,8.6,267.0,0,0,0,0,0,1
2700,69.831,-0.422,0,1,1,0,10.095,0.0,0,0,1,0,9.94,0.0,0,0.0,0,0,0,1,0,1,0,1,0,0,0,12192.0,2,1,1,1,0,0,1,0,9.0,270.7,0,0,0,0,0,1
2800,69.788,-0.437,0,1,1,0,10.095,0.0,0,0,1,0,9.94,0.0,0,0.0,0,0,0,1,0,1,0,1,0,0,0,12192.0,2,1,1,1,0,0,1,0,8.8,270.0,0,0,0,0,0,1
2900,69.742,-0.452,0,1,1,0,10.095,0.0,0,0,1,0,9.94,0.0,0,0.0,0,0,0,1,0,1,0,1,0,0,0,12192.0,2,1,1,1,0,0,1,0,8.5,267.9,0,0,0,0,0,1
3000,69.696,-0.467,0,1,1,0,10.095,0.0,0,0,1,0,9.94,0.0,0,0.0,0,0,0,1,0,1,0,1,0,0,0,12192.0,2,1,1,1,0,0,1,0,7.9,267.4,0,0,0,0,0,1
3100,69.647,-0.483,0,1,1,0,10.095,0.0,0,0,1,0,9.94,0.0,0,0.0,0,0,0,1,0,1,0,1,0,0,0,12192.0,2,1,1,1,0,0,1,0,9.6,274.3,0,0,0,0,0,1
3200,69.598,-0.498,0,1,1,0,10.095,0.0,0,0,1,0,9.94,0.0,0,0.0,0,0,0,1,0,1,0,1,0,0,0,12192.0,2,1,1,1,0,0,1,0,8.2,271.4,0,0,0,0,0,1
3300,69.546,-0.513,0,1,1,0,10.095,0.0,0,0,1,0,9.94,0.0,0,0.0,0,0,0,1,0,1,0,1,0,0,0,12192.0,2,1,1,1,0,0,1,0,8.5,271.0,0,0,0,0,0,1
3400,69.494,-0.528,0,1,1,0,10.095,0.0,0,0,1,0,9.94,0.0,0,0.0,0,0,0,1,0,1,0,1,0,0,0,12192.0,2,1,1,1,0,0,1,0,8.8,270.1,0,0,0,0,0,1
3500,69.439,-0.543,0,1,1,0,10.095,0.0,0,0,1,0,9.94,0.0,0,0.0,0,0,0,1,0,1,0,1,0,0,0,12192.0,2,1,1,1,0,0,1,0,8.0,268.1,0,0,0,0,0,1
3600,69.383,-0.558,0,1,1,0,10.095,0.0,0,0,1,0,9.94,0.0,0,0.0,0,0,0,1,0,1,0,1,0,0,0,12192.0,2,1,1,1,0,0,1,0,8.0,274.7,0,0,0,0,0,1
3700,69.326,-0.573,0,1,1,0,10.095,0.0,0,0,1,0,9.94,0.0,0,0.0,0,0,0,1,0,1,0,1,0,0,0,12192.0,2,1,1,1,0,0,1,0,8.4,272.3,0,0,0,0,0,1
3800,69.267,-0.588,0,1,1,0,10.095,0.0,0,0,1,0,9.94,0.0,0,0.0,0,0,0,1,0,1,0,1,0,0,0,12192.0,2,1,1,1,0,0,1,0,8.6,269.7,0,0,0,0,0,1
3900,69.207,-0.603,0,1,1,0,10.095,0.0,0,0,1,0,9.94,0.0,0,0.0,0,0,0,1,0,1,0,1,0,0,0,12192.0,2,1,1,1,0,0,1,0,8.6,270.0,0,0,0,0,0,1
4000,69.145,-0.618,0,1,1,0,10.095,0.0,0,0,1,0,9.94,0.0,0,0.0,0,0,0,1,0,1,0,1,0,0,0,12192.0,2,1,1,1,0,0,1,0,8.7,268.3,0,0,0,0,0,1
4100,69.082,-0.633,0,1,1,0,10.095,0.0,0,0,1,0,9.94,0.0,0,0.0,0,0,0,1,0,1,0,1,0,0,0,12192.0,2,1,1,1,0,0,1,0,8.1,268.0,0,0,0,0,0,1
4200,69.017,-0.648,0,1,1,0,10.095,0.0,0,0,1,0,9.94,0.0,0,0.0,0,0,0,1,0,1,0,1,0,0,0,12192.0,2,1,1,1,0,0,1,0,8.3,269.8,0,0,0,0,0,1
4300,68.951,-0.663,0,1,1,0,10.095,0.0,0,0,1,0,9.94,0.0,0,0.0,0,0,0,1,0,1,0,1,0,0,0,12192.0,2,1,1,1,0,0,1,0,8.3,274.5,0,0,0,0,0,1
4400,68.883,-0.679,0,1,1,0,10.095,0.0,0,0,1,0,9.94,0.0,0,0.0,0,0,0,1,0,1,0,1,0,0,0,12192.0,2,1,1,1,0,0,1,0,8.5,267.6,0,0,0,0,0,1
4500,68.813,-0.694,0,1,1,0,10.095,0.0,0,0,1,0,9.94,0.0,0,0.0,0,0,0,1,0,1,0,1,0,0,0,12192.0,2,1,1,1,0,0,1,0,8.0,269.4,0,0,0,0,0,1
4600,68.743,-0.709,0,1,1,0,10.095,0.0,0,0,1,0,9.94,0.0,0,0.0,0,0,0,1,0,1,0,1,0,0,0,12192.0,2,1,1,1,0,0,1,0,8.5,268.1,0,0,0,0,0,1
4700,68.672,-0.711,0,1,1,0,10.095,0.0,0,0,1,0,9.94,0.0,0,0.0,0,0,0,1,0,1,0,1,0,0,0,12192.0,2,1,1,1,0,0,1,0,7.5,270.3,0,0,0,0,0,1
4800,68.6,-0.711,0,1,1,0,10.095,0.0,0,0,1,0,9.94,0.0,0,0.0,0,0,0,1,0,1,0,1,0,0,0,12192.0,2,1,1,1,0,0,1,0,7.7,272.1,0,0,0,0,0,1
4900,68.529,-0.711,0,1,1,0,10.095,0.0,0,0,1,0,9.94,0.0,0,0.0,0,0,0,1,0,1,0,1,0,0,0,12192.0,2,1,1,1,0,0,1,0,7.6,266.7,0,0,0,0,0,1
5000,68.458,-0.711,0,1,1,0,10.095,0.0,0,0,1,0,9.94,0.0,0,0.0,0,0,0,1,0,1,0,1,0,0,0,12192.0,2,1,1,1,0,0,1,0,7.5,269.8,0,0,0,0,0,1
5100,68.387,-0.711,0,1,1,0,10.095,0.0,0,0,1,0,9.94,0.0,0,0.0,0,0,0,1,0,1,0,1,0,0,0,12192.0,2,1,1,1,0,0,1,0,7.3,273.9,0,0,0,0,0,1
5200,68.316,-0.711,0,1,1,0,10.095,0.0,0,0,1,0,9.94,0.0,0,0.0,0,0,0,1,0,1,0,1,0,0,0,12192.0,2,1,1,1,0,0,1,0,7.4,272.0,0,0,0,0,0,1
5300,68.245,-0.711,0,1,1,0,10.095,0.0,0,0,1,0,9.94,0.0,0,0.0,0,0,0,1,0,1,0,1,0,0,0,12192.0,2,1,1,1,0,0,1,0,8.1,272.1,0,0,0,0,0,1
5400,68.174,-0.711,0,1,1,0,10.095,0.0,0,0,1,0,9.94,0.0,0,0.0,0,0,0,1,0,1,0,1,0,0,0,12192.0,2,1,1,1,0,0,1,0,7.2,270.7,0,0,0,0,0,1
5500,68.103,-0.711,0,1,1,0,10.095,0.0,0,0,1,0,9.94,0.0,0,0.0,0,0,0,1,0,1,0,1,0,0,0,12192.0,2,1,1,1,0,0,1,0,8.1,266.3,0,0,0,0,0,1
5600,68.032,-0.711,0,1,1,0,10.095,0.0,0,0,1,0,9.94,0.0,0,0.0,0,0,0,1,0,1,0,1,0,0,0,12192.0,2,1,1,1,0,0,1,0,7.4,271.2,0,0,0,0,0,1
5700,67.961,-0.711,0,1,1,0,10.095,0.0,0,0,1,0,9.94,0.0,0,0.0,0,0,0,1,0,1,0,1,0,0,0,12192.0,2,1,1,1,0,0,1,0,7.9,266.0,0,0,0,0,0,1
5800,67.89,-0.711,0,1,1,0,10.095,0.0,0,0,1,0,9.94,0.0,0,0.0,0,0,0,1,0,1,0,1,0,0,0,12192.0,2,1,1,1,0,0,1,0,7.2,268.0,0,0,0,0,0,1
5900,67.819,-0.711,0,1,1,0,10.095,0.0,0,0,1,0,9.94,0.0,0,0.0,0,0,0,1,0,1,0,1,0,0,0,12192.0,2,1,1,1,0,0,1,0,7.6,270.1,0,0,0,0,0,1
6000,67.748,-0.711,0,1,1,0,10.095,0.0,0,0,1,0,9.94,0.0,0,0.0,0,0,0,1,0,1,0,1,0,0,0,12192.0,2,1,1,1,0,0,1,0,7.0,273.3,0,0,0,0,0,1
6100,67.677,-0.711,0,1,1,0,10.095,0.0,0,0,1,0,9.94,0.0,0,0.0,0,0,0,1,0,1,0,1,0,0,0,12192.0,2,1,1,1,0,0,1,0,7.3,270.2,0,0,0,0,0,1
6200,67.606,-0.711,0,1,1,0,10.095,0.0,0,0,1,0,9.94,0.0,0,0.0,0,0,0,1,0,1,0,1,0,0,0,12192.0,2,1,1,1,0,0,1,0,8.1,270.8,0,0,0,0,0,1
6300,67.535,-0.711,0,1,1,0,10.095,0.0,0,0,1,0,9.94,0.0,0,0.0,0,0,0,1,0,1,0,1,0,0,0,12192.0,2,1,1,1,0,0,1,0,8.7,269.6,0,0,0,0,0,1
6400,67.463,-0.711,0,1,1,0,10.095,0.0,0,0,1,0,9.94,0.0,0,0.0,0,0,0,1,0,1,0,1,0,0,0,12192.0,2,1,1,1,0,0,1,0,7.3,271.8,0,0,0,0,0,1
6500,67.392,-0.711,0,1,1,0,10.095,0.0,0,0,1,0,9.94,0.0,0,0.0,0,0,0,1,0,1,0,1,0,0,0,12192.0,2,1,1,1,0,0,1,0,7.7,270.6,0,0,0,0,0,1
6600,67.321,-0.711,0,1,1,0,10.095,0.0,0,0,1,0,9.94,0.0,0,0.0,0,0,0,1,0,1,0,1,0,0,0,12192.0,2,1,1,1,0,0,1,0,7.0,269.7,0,0,0,0,0,1
6700,67.25,-0.711,0,1,1,0,10.095,0.0,0,0,1,0,9.94,0.0,0,0.0,0,0,0,1,0,1,0,1,0,0,0,12192.0,2,1,1,1,0,0,1,0,7.2,270.8,0,0,0,0,0,1
6800,67.179,-0.711,0,1,1,0,10.095,0.0,0,0,1,0,9.94,0.0,0,0.0,0,0,0,1,0,1,0,1,0,0,0,12192.0,2,1,1,1,0,0,1,0,7.3,269.4,0,0,0,0,0,1
6900,67.108,-0.711,0,1,1,0,10.095,0.0,0,0,1,0,9.94,0.0,0,0.0,0,0,0,1,0,1,0,1,0,0,0,12192.0,2,1,1,1,0,0,1,0,7.0,270.8,0,0,0,0,0,1
7000,67.037,-0.711,0,1,1,0,10.095,0.0,0,0,1,0,9.94,0.0,0,0.0,0,0,0,1,0,1,0,1,0,0,0,12192.0,2,1,1,1,0,0,1,0,7.3,267.3,0,0,0,0,0,1
7100,66.966,-0.711,0,1,1,0,10.095,0.0,0,0,1,0,9.94,0.0,0,0.0,0,0,0,1,0,1,0,1,0,0,0,12192.0,2,1,1,1,0,0,1,0,6.7,268.8,0,0,0,0,0,1
7200,66.895,-0.711,0,1,1,0,10.095,0.0,0,0,1,0,9.94,0.0,0,0.0,0,0,0,1,0,1,0,1,0,0,0,12192.0,2,1,1,1,0,0,1,0,7.4,267.9,0,0,0,0,0,1
7300,66.824,-0.711,0,1,1,0,10.095,0.0,0,0,1,0,9.94,0.0,0,0.0,0,0,0,1,0,1,0,1,0,0,0,12192.0,2,1,1,1,0,0,1,0,8.0,267.1,0,0,0,0,0,1
7400,66.753,-0.711,0,1,1,0,10.095,0.0,0,0,1,0,9.94,0.0,0,0.0,0,0,0,1,0,1,0,1,0,0,0,12192.0,2,1,1,1,0,0,1,0,6.3,272.8,0,0,0,0,0,1
7500,66.682,-0.711,0,1,1,0,10.095,0.0,0,0,1,0,9.94,0.0,0,0.0,0,0,0,1,0,1,0,1,0,0,0,12192.0,2,1,1,1,0,0,1,0,8.2,268.8,0,0,0,0,0,1
7600,66.611,-0.711,0,1,1,0,10.095,0.0,0,0,1,0,9.94,0.0,0,0.0,0,0,0,1,0,1,0,1,0,0,0,12192.0,2,1,1,1,0,0,1,0,7.2,272.9,0,0,0,0,0,1
7700,66.54,-0.711,0,1,1,0,10.095,0.0,0,0,1,0,9.94,0.0,0,0.0,0,0,0,1,0,1,0,1,0,0,0,12192.0,2,1,1,1,0,0,1,0,7.8,268.5,0,0,0,0,0,1
7800,66.469,-0.711,0,1,1,0,10.095,0.0,0,0,1,0,9.94,0.0,0,0.0,0,0,0,1,0,1,0,1,0,0,0,12192.0,2,1,1,1,0,0,1,0,7.1,267.8,0,0,0,0,0,1
7900,66.398,-0.711,0,1,1,0,10.095,0.0,0,0,1,0,9.94,0.0,0,0.0,0,0,0,1,0,1,0,1,0,0,0,12192.0,2,1,1,1,0,0,1,0,8.4,273.3,0,0,0,0,0,1
8000,66.326,-0.711,0,1,1,0,10.095,0.0,0,0,1,0,9.94,0.0,0,0.0,0,0,0,1,0,1,0,1,0,0,0,12192.0,2,1,1,1,0,0,1,0,7.4,268.2,0,0,0,0,0,1
8100,66.255,-0.711,0,1,1,0,10.095,0.0,0,0,1,0,9.94,0.0,0,0.0,0,0,0,1,0,1,0,1,0,0,0,12192.0,2,1,1,1,0,0,1,0,7.8,272.7,0,0,0,0,0,1
8200,66.184,-0.711,0,1,1,0,10.095,0.0,0,0,1,0,9.94,0.0,0,0.0,0,0,0,1,0,1,0,1,0,0,0,12192.0,2,1,1,1,0,0,1,0,7.9,271.9,0,0,0,0,0,1
8300,66.113,-0.711,0,1,1,0,10.095,0.0,0,0,1,0,9.94,0.0,0,0.0,0,0,0,1,0,1,0,1,0,0,0,12192.0,2,1,1,1,0,0,1,0,7.4,275.2,0,0,0,0,0,1
8400,66.042,-0.711,0,1,1,0,10.095,0.0,0,0,1,0,9.94,0.0,0,0.0,0,0,0,1,0,1,0,1,0,0,0,12192.0,2,1,1,1,0,0,1,0,7.5,272.3,0,0,0,0,0,1
8500,65.971,-0.711,0,1,1,0,10.095,0.0,0,0,1,0,9.94,0.0,0,0.0,0,0,0,1,0,1,0,1,0,0,0,12192.0,2,1,1,1,0,0,1,0,7.3,269.1,0,0,0,0,0,1
8600,65.9,-0.711,0,1,1,0,10.095,0.0,0,0,1,0,9.94,0.0,0,0.0,0,0,0,1,0,1,0,1,0,0,0,12192.0,2,1,1,1,0,0,1,0,8.0,267.6,0,0,0,0,0,1
8700,65.829,-0.711,0,1,1,0,10.095,0.0,0,0,1,0,9.94,0.0,0,0.0,0,0,0,1,0,1,0,1,0,0,0,12192.0,2,1,1,1,0,0,1,0,7.9,266.9,0,0,0,0,0,1
8800,65.758,-0.711,0,1,1,0,10.095,0.0,0,0,1,0,9.94,0.0,0,0.0,0,0,0,1,0,1,0,1,0,0,0,12192.0,2,1,1,1,0,0,1,0,8.8,271.2,0,0,0,0,0,1
8900,65.687,-0.711,0,1,1,0,10.095,0.0,0,0,1,0,9.94,0.0,0,0.0,0,0,0,1,0,1,0,1,0,0,0,12192.0,2,1,1,1,0,0,1,0,7.6,270.9,0,0,0,0,0,1
9000,65.616,-0.711,0,1,1,0,10.095,0.0,0,0,1,0,9.94,0.0,0,0.0,0,0,0,1,0,1,0,1,0,0,0,12192.0,2,1,1,1,0,0,1,0,9.0,269.9,0,0,0,0,0,1
9100,65.545,-0.711,0,1,1,0,10.095,0.0,0,0,1,0,9.94,0.0,0,0.0,0,0,0,1,0,1,0,1,0,0,0,12192.0,2,1,1,1,0,0,1,0,8.5,271.2,0,0,0,0,0,1
9200,65.474,-0.711,0,1,1,0,10.095,0.0,0,0,1,0,9.94,0.0,0,0.0,0,0,0,1,0,1,0,1,0,0,0,12192.0,2,1,1,1,0,0,1,0,7.4,270.4,0,0,0,0,0,1
9300,65.403,-0.711,0,1,1,0,10.095,0.0,0,0,1,0,9.94,0.0,0,0.0,0,0,0,1,0,1,0,1,0,0,0,12192.0,2,1,1,1,0,0,1,0,8.4,271.9,0,0,0,0,0,1
9400,65.332,-0.711,0,1,1,0,10.095,0.0,0,0,1,0,9.94,0.0,0,0.0,0,0,0,1,0,1,0,1,0,0,0,12192.0,2,1,1,1,0,0,1,0,8.0,268.3,0,0,0,0,0,1
9500,65.261,-0.711,0,1,1,0,10.095,0.0,0,0,1,0,9.94,0.0,0,0.0,0,0,0,1,0,1,0,1,0,0,0,12192.0,2,1,1,1,0,0,1,0,8.3,266.7,0,0,0,0,0,1
9600,65.189,-0.711,0,1,1,0,10.095,0.0,0,0,1,0,9.94,0.0,0,0.0,0,0,0,1,0,1,0,1,0,0,0,12192.0,2,1,1,1,0,0,1,0,8.5,270.0,0,0,0,0,0,1
9700,65.118,-0.711,0,1,1,0,10.095,0.0,0,0,1,0,9.94,0.0,0,0.0,0,0,0,1,0,1,0,1,0,0,0,12192.0,2,1,1,1,0,0,1,0,8.0,272.5,0,0,0,0,0,1
9800,65.047,-0.711,0,1,1,0,10.095,0.0,0,0,1,0,9.94,0.0,0,0.0,0,0,0,1,0,1,0,1,0,0,0,12192.0,2,1,1,1,0,0,1,0,8.8,270.1,0,0,0,0,0,1
9900,64.976,-0.711,0,1,1,0,10.095,0.0,0,0,1,0,9.94,0.0,0,0.0,0,0,0,1,0,1,0,1,0,0,0,12192.0,2,1,1,1,0,0,1,0,8.1,266.5,0,0,0,0,0,1
10000,64.905,-0.711,0,1,1,0,10.095,0.0,0,0,1,0,9.94,0.0,0,0.0,0,0,0,1,0,1,0,1,0,0,0,12192.0,2,1,1,1,0,0,1,0,8.2,267.3,0,0,0,0,0,1
10100,64.834,-0.711,0,1,1,0,10.095,0.0,0,0,1,0,9.94,0.0,0,0.0,0,0,0,1,0,1,0,1,0,0,0,12192.0,2,1,1,1,0,0,1,0,8.1,273.2,0,0,0,0,0,1
10200,64.763,-0.711,0,1,1,0,10.095,0.0,0,0,1,0,9.94,0.0,0,0.0,0,0,0,1,0,1,0,1,0,0,0,12192.0,2,1,1,1,0,0,1,0,9.6,271.7,0,0,0,0,0,1
10300,64.692,-0.711,0,1,1,0,10.095,0.0,0,0,1,0,9.94,0.0,0,0.0,0,0,0,1,0,1,0,1,0,0,0,12192.0,2,1,1,1,0,0,1,0,8.4,272.1,0,0,0,0,0,1
10400,64.621,-0.711,0,1,1,0,10.095,0.0,0,0,1,0,9.94,0.0,0,0.0,0,0,0,1,0,1,0,1,0,0,0,12192.0,2,1,1,1,0,0,1,0,8.7,270.9,0,0,0,0,0,1
10500,64.55,-0.711,0,1,1,0,10.095,0.0,0,0,1,0,9.94,0.0,0,0.0,0,0,0,1,0,1,0,1,0,0,0,12192.0,2,1,1,1,0,0,1,0,9.4,271.8,0,0,0,0,0,1
10600,64.479,-0.711,0,1,1,0,10.095,0.0,0,0,1,0,9.94,0.0,0,0.0,0,0,0,1,0,1,0,1,0,0,0,12192.0,2,1,1,1,0,0,1,0,8.2,270.5,0,0,0,0,0,1
10700,64.408,-0.711,0,1,1,0,10.095,0.0,0,0,1,0,9.94,0.0,0,0.0,0,0,0,1,0,1,0,1,0,0,0,12192.0,2,1,1,1,0,0,1,0,8.8,271.1,0,0,0,0,0,1
10800,64.337,-0.711,0,1,1,0,10.095,0.0,0,0,1,0,9.94,0.0,0,0.0,0,0,0,1,0,1,0,1,0,0,0,12192.0,2,1,1,1,0,0,1,0,9.1,269.3,0,0,0,0,0,1
10900,64.266,-0.711,0,1,1,0,10.095,0.0,0,0,1,0,9.94,0.0,0,0.0,0,0,0,1,0,1,0,1,0,0,0,12192.0,2,1,1,1,0,0,1,0,8.6,272.2,0,0,0,0,0,1
11000,64.195,-0.711,0,1,1,0,10.095,0.0,0,0,1,0,9.94,0.0,0,0.0,0,0,0,1,0,1,0,1,0,0,0,12192.0,2,1,1,1,0,0,1,0,9.1,274.8,0,0,0,0,0,1
11100,64.124,-0.711,0,1,1,0,10.095,0.0,0,0,1,0,9.94,0.0,0,0.0,0,0,0,1,0,1,0,1,0,0,0,12192.0,2,1,1,1,0,0,1,0,8.5,268.6,0,0,0,0,0,1
11200,64.052,-0.711,0,1,1,0,10.095,0.0,0,0,1,0,9.94,0.0,0,0.0,0,0,0,1,0,1,0,1,0,0,0,12192.0,2,1,1,1,0,0,1,0,8.5,272.3,0,0,0,0,0,1
11300,63.981,-0.711,0,1,1,0,10.095,0.0,0,0,1,0,9.94,0.0,0,0.0,0,0,0,1,0,1,0,1,0,0,0,12192.0,2,1,1,1,0,0,1,0,8.9,272.8,0,0,0,0,0,1
11400,63.91,-0.711,0,1,1,0,10.095,0.0,0,0,1,0,9.94,0.0,0,0.0,0,0,0,1,0,1,0,1,0,0,0,12192.0,2,1,1,1,0,0,1,0,8.2,276.9,0,0,0,0,0,1
11500,63.839,-0.711,0,1,1,0,10.095,0.0,0,0,1,0,9.94,0.0,0,0.0,0,0,0,1,0,1,0,1,0,0,0,12192.0,2,1,1,1,0,0,1,0,8.6,270.4,0,0,0,0,0,1
11600,63.768,-0.711,0,1,1,0,10.095,0.0,0,0,1,0,9.94,0.0,0,0.0,0,0,0,1,0,1,0,1,0,0,0,12192.0,2,1,1,1,0,0,1,0,7.6,269.0,0,0,0,0,0,1
11700,63.697,-0.711,0,1,1,0,10.095,0.0,0,0,1,0,9.94,0.0,0,0.0,0,0,0,1,0,1,0,1,0,0,0,12192.0,2,1,1,1,0,0,1,0,8.4,272.2,0,0,0,0,0,1
11800,63.626,-0.711,0,1,1,0,10.095,0.0,0,0,1,0,9.94,0.0,0,0.0,0,0,0,1,0,1,0,1,0,0,0,12192.0,2,1,1,1,0,0,1,0,8.0,269.7,0,0,0,0,0,1
11900,63.555,-0.711,0,1,1,0,10.095,0.0,0,0,1,0,9.94,0.0,0,0.0,0,0,0,1,0,1,0,1,0,0,0,12192.0,2,1,1,1,0,0,1,0,7.6,269.1,0,0,0,0,0,1
12000,63.484,-0.711,0,1,1,0,10.095,0.0,0,0,1,0,9.94,0.0,0,0.0,0,0,0,1,0,1,0,1,0,0,0,12192.0,2,1,1,1,0,0,1,0,8.9,265.7,0,0,0,0,0,1
12100,63.413,-0.711,0,1,1,0,10.095,0.0,0,0,1,0,9.94,0.0,0,0.0,0,0,0,1,0,1,0,1,0,0,0,12192.0,2,1,1,1,0,0,1,0,8.3,270.3,0,0,0,0,0,1
12200,63.342,-0.711,0,1,1,0,10.095,0.0,0,0,1,0,9.94,0.0,0,0.0,0,0,0,1,0,1,0,1,0,0,0,12192.0,2,1,1,1,0,0,1,0,8.5,271.5,0,0,0,0,0,1
12300,63.271,-0.711,0,1,1,0,10.095,0.0,0,0,1,0,9.94,0.0,0,0.0,0,0,0,1,0,1,0,1,0,0,0,12192.0,2,1,1,1,0,0,1,0,8.6,269.4,0,0,0,0,0,1
12400,63.2,-0.711,0,1,1,0,10.095,0.0,0,0,1,0,9.94,0.0,0,0.0,0,0,0,1,0,1,0,1,0,0,0,12192.0,2,1,1,1,0,0,1,0,8.5,269.4,0,0,0,0,0,1
12500,63.129,-0.711,0,1,1,0,10.095,0.0,0,0,1,0,9.94,0.0,0,0.0,0,0,0,1,0,1,0,1,0,0,0,12192.0,2,1,1,1,0,0,1,0,8.8,269.2,0,0,0,0,0,1
12600,63.058,-0.711,0,1,1,0,10.095,0.0,0,0,1,0,9.94,0.0,0,0.0,0,0,0,1,0,1,0,1,0,0,0,12192.0,2,1,1,1,0,0,1,0,8.3,271.0,0,0,0,0,0,1
12700,62.987,-0.711,0,1,1,0,10.095,0.0,0,0,1,0,9.94,0.0,0,0.0,0,0,0,1,0,1,0,1,0,0,0,12192.0,2,1,1,1,0,0,1,0,8.5,268.0,0,0,0,0,0,1
12800,62.915,-0.711,0,1,1,0,10.095,0.0,0,0,1,0,9.94,0.0,0,0.0,0,0,0,1,0,1,0,1,0,0,0,12192.0,2,1,1,1,0,0,1,0,8.6,267.2,0,0,0,0,0,1
12900,62.844,-0.711,0,1,1,0,10.095,0.0,0,0,1,0,9.94,0.0,0,0.0,0,0,0,1,0,1,0,1,0,0,0,12192.0,2,1,1,1,0,0,1,0,7.7,270.5,0,0,0,0,0,1
13000,62.773,-0.711,0,1,1,0,10.095,0.0,0,0,1,0,9.94,0.0,0,0.0,0,0,0,1,0,1,0,1,0,0,0,12192.0,2,1,1,1,0,0,1,0,8.4,267.3,0,0,0,0,0,1
13100,62.702,-0.711,0,1,1,0,10.095,0.0,0,0,1,0,9.94,0.0,0,0.0,0,0,0,1,0,1,0,1,0,0,0,12192.0,2,1,1,1,0,0,1,0,7.8,265.9,0,0,0,0,0,1
13200,62.631,-0.711,0,1,1,0,10.095,0.0,0,0,1,0,9.94,0.0,0,0.0,0,0,0,1,0,1,0,1,0,0,0,12192.0,2,1,1,1,0,0,1,0,8.7,270.8,0,0,0,0,0,1
13300,62.56,-0.711,0,1,1,0,10.095,0.0,0,0,1,0,9.94,0.0,0,0.0,0,0,0,1,0,1,0,1,0,0,0,12192.0,2,1,1,1,0,0,1,0,8.5,271.9,0,0,0,0,0,1
13400,62.489,-0.711,0,1,1,0,10.095,0.0,0,0,1,0,9.94,0.0,0,0.0,0,0,0,1,0,1,0,1,0,0,0,12192.0,2,1,1,1,0,0,1,0,8.5,268.1,0,0,0,0,0,1
13500,62.418,-0.711,0,1,1,0,10.095,0.0,0,0,1,0,9.94,0.0,0,0.0,0,0,0,1,0,1,0,1,0,0,0,12192.0,2,1,1,1,0,0,1,0,8.1,271.9,0,0,0,0,0,1
13600,62.347,-0.711,0,1,1,0,10.095,0.0,0,0,1,0,9.94,0.0,0,0.0,0,0,0,1,0,1,0,1,0,0,0,12192.0,2,1,1,1,0,0,1,0,7.8,268.3,0,0,0,0,0,1
13700,62.276,-0.711,0,1,1,0,10.095,0.0,0,0,1,0,9.94,0.0,0,0.0,0,0,0,1,0,1,0,1,0,0,0,12192.0,2,1,1,1,0,0,1,0,8.7,269.4,0,0,0,0,0,1
13800,62.205,-0.711,0,1,1,0,10.095,0.0,0,0,1,0,9.94,0.0,0,0.0,0,0,0,1,0,1,0,1,0,0,0,12192.0,2,1,1,1,0,0,1,0,7.7,270.5,0,0,0,0,0,1
13900,62.134,-0.711,0,1,1,0,10.095,0.0,0,0,1,0,9.94,0.0,0,0.0,0,0,0,1,0,1,0,1,0,0,0,12192.0,2,1,1,1,0,0,1,0,7.8,271.5,0,0,0,0,0,1
14000,62.063,-0.711,0,1,1,0,10.095,0.0,0,0,1,0,9.94,0.0,0,0.0,0,0,0,1,0,1,0,1,0,0,0,12192.0,2,1,1,1,0,0,1,0,7.7,272.1,0,0,0,0,0,1
14100,61.992,-0.711,0,1,1,0,10.095,0.0,0,0,1,0,9.94,0.0,0,0.0,0,0,0,1,0,1,0,1,0,0,0,12192.0,2,1,1,1,0,0,1,0,8.0,268.9,0,0,0,0,0,1
14200,61.921,-0.711,0,1,1,0,10.095,0.0,0,0,1,0,9.94,0.0,0,0.0,0,0,0,1,0,1,0,1,0,0,0,12192.0,2,1,1,1,0,0,1,0,7.0,269.3,0,0,0,0,0,1
14300,61.85,-0.711,0,1,1,0,10.095,0.0,0,0,1,0,9.94,0.0,0,0.0,0,0,0,1,0,1,0,1,0,0,0,12192.0,2,1,1,1,0,0,1,0,8.1,268.3,0,0,0,0,0,1
14400,61.778,-0.711,0,1,1,0,10.095,0.0,0,0,1,0,9.94,0.0,0,0.0,0,0,0,1,0,1,0,1,0,0,0,12192.0,2,1,1,1,0,0,1,0,7.3,273.6,0,0,0,0,0,1
14500,61.707,-0.711,0,1,1,0,10.095,0.0,0,0,1,0,9.94,0.0,0,0.0,0,0,0,1,0,1,0,1,0,0,0,12192.0,2,1,1,1,0,0,1,0,7.9,273.5,0,0,0,0,0,1
14600,61.636,-0.711,0,1,1,0,10.095,0.0,0,0,1,0,9.94,0.0,0,0.0,0,0,0,1,0,1,0,1,0,0,0,12192.0,2,1,1,1,0,0,1,0,6.9,272.1,0,0,0,0,0,1
14700,61.565,-0.711,0,1,1,0,10.095,0.0,0,0,1,0,9.94,0.0,0,0.0,0,0,0,1,0,1,0,1,0,0,0,12192.0,2,1,1,1,0,0,1,0,6.9,266.9,0,0,0,0,0,1
14800,61.494,-0.711,0,1,1,0,10.095,0.0,0,0,1,0,9.94,0.0,0,0.0,0,0,0,1,0,1,0,1,0,0,0,12192.0,2,1,1,1,0,0,1,0,8.0,273.0,0,0,0,0,0,1
14900,61.423,-0.711,0,1,1,0,10.095,0.0,0,0,1,0,9.94,0.0,0,0.0,0,0,0,1,0,1,0,1,0,0,0,12192.0,2,1,1,1,0,0,1,0,8.2,271.3,0,0,0,0,0,1
15000,61.352,-0.711,0,1,1,0,10.095,0.0,0,0,1,0,9.94,0.0,0,0.0,0,0,0,1,0,1,0,1,0,0,0,12192.0,2,1,1,1,0,0,1,0,7.3,271.6,0,0,0,0,0,1
15100,61.281,-0.711,0,1,1,0,10.095,0.0,0,0,1,0,9.94,0.0,0,0.0,0,0,0,1,0,1,0,1,0,0,0,12192.0,2,1,1,1,0,0,1,0,7.4,270.6,0,0,0,0,0,1
15200,61.21,-0.711,0,1,1,0,10.095,0.0,0,0,1,0,9.94,0.0,0,0.0,0,0,0,1,0,1,0,1,0,0,0,12192.0,2,1,1,1,0,0,1,0,6.9,269.0,0,0,0,0,0,1
15300,61.139,-0.711,0,1,1,0,10.095,0.0,0,0,1,0,9.94,0.0,0,0.0,0,0,0,1,0,1,0,1,0,0,0,12192.0,2,1,1,1,0,0,1,0,7.6,266.6,0,0,0,0,0,1
15400,61.068,-0.711,0,1,1,0,10.095,0.0,0,0,1,0,9.94,0.0,0,0.0,0,0,0,1,0,1,0,1,0,0,0,12192.0,2,1,1,1,0,0,1,0,7.2,271.9,0,0,0,0,0,1
15500,60.997,-0.711,0,1,1,0,10.095,0.0,0,0,1,0,9.94,0.0,0,0.0,0,0,0,1,0,1,0,1,0,0,0,12192.0,2,1,1,1,0,0,1,0,6.1,269.9,0,0,0,0,0,1
15600,60.926,-0.711,0,1,1,0,10.095,0.0,0,0,1,0,9.94,0.0,0,0.0,0,0,0,1,0,1,0,1,0,0,0,12192.0,2,1,1,1,0,0,1,0,7.5,267.0,0,0,0,0,0,1
15700,60.855,-0.711,0,1,1,0,10.095,0.0,0,0,1,0,9.94,0.0,0,0.0,0,0,0,1,0,1,0,1,0,0,0,12192.0,2,1,1,1,0,0,1,0,8.1,274.8,0,0,0,0,0,1
15800,60.784,-0.711,0,1,1,0,10.095,0.0,0,0,1,0,9.94,0.0,0,0.0,0,0,0,1,0,1,0,1,0,0,0,12192.0,2,1,1,1,0,0,1,0,8.0,274.7,0,0,0,0,0,1
15900,60.713,-0.711,0,1,1,0,10.095,0.0,0,0,1,0,9.94,0.0,0,0.0,0,0,0,1,0,1,0,1,0,0,0,12192.0,2,1,1,1,0,0,1,0,7.8,268.5,0,0,0,0,0,1
16000,60.641,-0.711,0,1,1,0,10.095,0.0,0,0,1,0,9.94,0.0,0,0.0,0,0,0,1,0,1,0,1,0,0,0,12192.0,2,1,1,1,0,0,1,0,8.1,274.8,0,0,0,0,0,1
16100,60.57,-0.711,0,1,1,0,10.095,0.0,0,0,1,0,9.94,0.0,0,0.0,0,0,0,1,0,1,0,1,0,0,0,12192.0,2,1,1,1,0,0,1,0,6.0,268.3,0,0,0,0,0,1
16200,60.499,-0.711,0,1,1,0,10.095,0.0,0,0,1,0,9.94,0.0,0,0.0,0,0,0,1,0,1,0,1,0,0,0,12192.0,2,1,1,1,0,0,1,0,7.0,267.6,0,0,0,0,0,1
16300,60.428,-0.711,0,1,1,0,10.095,0.0,0,0,1,0,9.94,0.0,0,0.0,0,0,0,1,0,1,0,1,0,0,0,12192.0,2,1,1,1,0,0,1,0,7.0,270.4,0,0,0,0,0,1
16400,60.357,-0.711,0,1,1,0,10.095,0.0,0,0,1,0,9.94,0.0,0,0.0,0,0,0,1,0,1,0,1,0,0,0,12192.0,2,1,1,1,0,0,1,0,7.2,269.5,0,0,0,0,0,1
16500,60.286,-0.711,0,1,1,0,10.095,0.0,0,0,1,0,9.94,0.0,0,0.0,0,0,0,1,0,1,0,1,0,0,0,12192.0,2,1,1,1,0,0,1,0,7.4,269.8,0,0,0,0,0,1
16600,60.215,-0.711,0,1,1,0,10.095,0.0,0,0,1,0,9.94,0.0,0,0.0,0,0,0,1,0,1,0,1,0,0,0,12192.0,2,1,1,1,0,0,1,0,7.6,274.0,0,0,0,0,0,1
16700,60.144,-0.711,0,1,1,0,10.095,0.0,0,0,1,0,9.94,0.0,0,0.0,0,0,0,1,0,1,0,1,0,0,0,12192.0,2,1,1,1,0,0,1,0,8.0,271.5,0,0,0,0,0,1
16800,60.073,-0.711,0,1,1,0,10.095,0.0,0,0,1,0,9.94,0.0,0,0.0,0,0,0,1,0,1,0,1,0,0,0,12192.0,2,1,1,1,0,0,1,0,7.2,264.6,0,0,0,0,0,1
16900,60.002,-0.711,0,1,1,0,10.095,0.0,0,0,1,0,9.94,0.0,0,0.0,0,0,0,1,0,1,0,1,0,0,0,12192.0,2,1,1,1,0,0,1,0,7.0,270.2,0,0,0,0,0,1
17000,59.931,-0.711,0,1,1,0,10.095,0.0,0,0,1,0,9.94,0.0,0,0.0,0,0,0,1,0,1,0,1,0,0,0,12192.0,2,1,1,1,0,0,1,0,7.2,272.9,0,0,0,0,0,1
17100,59.86,-0.711,0,1,1,0,10.095,0.0,0,0,1,0,9.94,0.0,0,0.0,0,0,0,1,0,1,0,1,0,0,0,12192.0,2,1,1,1,0,0,1,0,7.7,269.1,0,0,0,0,0,1
17200,59.789,-0.711,0,1,1,0,10.095,0.0,0,0,1,0,9.94,0.0,0,0.0,0,0,0,1,0,1,0,1,0,0,0,12192.0,2,1,1,1,0,0,1,0,8.0,272.2,0,0,0,0,0,1
17300,59.718,-0.711,0,1,1,0,10.095,0.0,0,0,1,0,9.94,0.0,0,0.0,0,0,0,1,0,1,0,1,0,0,0,12192.0,2,1,1,1,0,0,1,0,7.6,272.5,0,0,0,0,0,1
17400,59.647,-0.711,0,1,1,0,10.095,0.0,0,0,1,0,9.94,0.0,0,0.0,0,0,0,1,0,1,0,1,0,0,0,12192.0,2,1,1,1,0,0,1,0,8.7,270.3,0,0,0,0,0,1
17500,59.576,-0.711,0,1,1,0,10.095,0.0,0,0,1,0,9.94,0.0,0,0.0,0,0,0,1,0,1,0,1,0,0,0,12192.0,2,1,1,1,0,0,1,0,7.0,269.3,0,0,0,0,0,1
17600,59.504,-0.711,0,1,1,0,10.095,0.0,0,0,1,0,9.94,0.0,0,0.0,0,0,0,1,0,1,0,1,0,0,0,12192.0,2,1,1,1,0,0,1,0,8.2,271.5,0,0,0,0,0,1
17700,59.433,-0.711,0,1,1,0,10.095,0.0,0,0,1,0,9.94,0.0,0,0.0,0,0,0,1,0,1,0,1,0,0,0,12192.0,2,1,1,1,0,0,1,0,8.6,268.5,0,0,0,0,0,1
17800,59.362,-0.711,0,1,1,0,10.095,0.0,0,0,1,0,9.94,0.0,0,0.0,0,0,0,1,0,1,0,1,0,0,0,12192.0,2,1,1,1,0,0,1,0,7.9,272.8,0,0,0,0,0,1
17900,59.291,-0.711,0,1,1,0,10.095,0.0,0,0,1,0,9.94,0.0,0,0.0,0,0,0,1,0,1,0,1,0,0,0,12192.0,2,1,1,1,0,0,1,0,8.4,270.3,0,0,0,0,0,1
18000,59.22,-0.711,0,1,1,0,10.095,0.0,0,0,1,0,9.94,0.0,0,0.0,0,0,0,1,0,1,0,1,0,0,0,12192.0,2,1,1,1,0,0,1,0,8.1,270.6,0,0,0,0,0,1
18100,59.149,-0.711,0,1,1,0,10.095,0.0,0,0,1,0,9.94,0.0,0,0.0,0,0,0,1,0,1,0,1,0,0,0,12192.0,2,1,1,1,0,0,1,0,7.9,269.5,0,0,0,0,0,1
18200,59.078,-0.711,0,1,1,0,10.095,0.0,0,0,1,0,9.94,0.0,0,0.0,0,0,0,1,0,1,0,1,0,0,0,12192.0,2,1,1,1,0,0,1,0,7.5,268.5,0,0,0,0,0,1
18300,59.007,-0.711,0,1,1,0,10.095,0.0,0,0,1,0,9.94,0.0,0,0.0,0,0,0,1,0,1,0,1,0,0,0,12192.0,2,1,1,1,0,0,1,0,8.1,265.7,0,0,0,0,0,1
18400,58.936,-0.711,0,1,1,0,10.095,0.0,0,0,1,0,9.94,0.0,0,0.0,0,0,0,1,0,1,0,1,0,0,0,12192.0,2,1,1,1,0,0,1,0,8.2,270.7,0,0,0,0,0,1
18500,58.865,-0.711,0,1,1,0,10.095,0.0,0,0,1,0,9.94,0.0,0,0.0,0,0,0,1,0,1,0,1,0,0,0,12192.0,2,1,1,1,0,0,1,0,7.9,269.9,0,0,0,0,0,1
18600,58.794,-0.711,0,1,1,0,10.095,0.0,0,0,1,0,9.94,0.0,0,0.0,0,0,0,1,0,1,0,1,0,0,0,12192.0,2,1,1,1,0,0,1,0,8.2,271.2,0,0,0,0,0,1
18700,58.723,-0.711,0,1,1,0,10.095,0.0,0,0,1,0,9.94,0.0,0,0.0,0,0,0,1,0,1,0,1,0,0,0,12192.0,2,1,1,1,0,0,1,0,7.8,278.7,0,0,0,0,0,1
18800,58.652,-0.711,0,1,1,0,10.095,0.0,0,0,1,0,9.94,0.0,0,0.0,0,0,0,1,0,1,0,1,0,0,0,12192.0,2,1,1,1,0,0,1,0,8.8,270.7,0,0,0,0,0,1
18900,58.581,-0.711,0,1,1,0,10.095,0.0,0,0,1,0,9.94,0.0,0,0.0,0,0,0,1,0,1,0,1,0,0,0,12192.0,2,1,1,1,0,0,1,0,8.6,270.1,0,0,0,0,0,1
19000,58.51,-0.711,0,1,1,0,10.095,0.0,0,0,1,0,9.94,0.0,0,0.0,0,0,0,1,0,1,0,1,0,0,0,12192.0,2,1,1,1,0,0,1,0,8.5,266.0,0,0,0,0,0,1
19100,58.439,-0.711,0,1,1,0,10.095,0.0,0,0,1,0,9.94,0.0,0,0.0,0,0,0,1,0,1,0,1,0,0,0,12192.0,2,1,1,1,0,0,1,0,8.9,276.5,0,0,0,0,0,1
19200,58.367,-0.711,0,1,1,0,10.095,0.0,0,0,1,0,9.94,0.0,0,0.0,0,0,0,1,0,1,0,1,0,0,0,12192.0,2,1,1,1,0,0,1,0,8.5,268.8,0,0,0,0,0,1
19300,58.296,-0.711,0,1,1,0,10.095,0.0,0,0,1,0,9.94,0.0,0,0.0,0,0,0,1,0,1,0,1,0,0,0,12192.0,2,1,1,1,0,0,1,0,7.9,275.4,0,0,0,0,0,1
19400,58.225,-0.711,0,1,1,0,10.095,0.0,0,0,1,0,9.94,0.0,0,0.0,0,0,0,1,0,1,0,1,0,0,0,12192.0,2,1,1,1,0,0,1,0,9.0,264.4,0,0,0,0,0,1
19500,58.154,-0.711,0,1,1,0,10.095,0.0,0,0,1,0,9.94,0.0,0,0.0,0,0,0,1,0,1,0,1,0,0,0,12192.0,2,1,1,1,0,0,1,0,8.4,272.7,0,0,0,0,0,1
19600,58.083,-0.711,0,1,1,0,10.095,0.0,0,0,1,0,9.94,0.0,0,0.0,0,0,0,1,0,1,0,1,0,0,0,12192.0,2,1,1,1,0,0,1,0,8.8,269.5,0,0,0,0,0,1
19700,58.012,-0.711,0,1,1,0,10.095,0.0,0,0,1,0,9.94,0.0,0,0.0,0,0,0,1,0,1,0,1,0,0,0,12192.0,2,1,1,1,0,0,1,0,8.4,270.2,0,0,0,0,0,1
19800,57.941,-0.711,0,1,1,0,10.095,0.0,0,0,1,0,9.94,0.0,0,0.0,0,0,0,1,0,1,0,1,0,0,0,12192.0,2,1,1,1,0,0,1,0,8.2,268.8,0,0,0,0,0,1
19900,57.87,-0.711,0,1,1,0,10.095,0.0,0,0,1,0,9.94,0.0,0,0.0,0,0,0,1,0,1,0,1,0,0,0,12192.0,2,1,1,1,0,0,1,0,9.0,270.8,0,0,0,0,0,1
20000,57.799,-0.711,0,1,1,0,10.095,0.0,0,0,1,0,9.94,0.0,0,0.0,0,0,0,1,0,1,0,1,0,0,0,12192.0,2,1,1,1,0,0,1,0,9.1,271.1,0,0,0,0,0,1
20100,57.728,-0.711,0,1,1,0,10.095,0.0,0,0,1,0,9.94,0.0,0,0.0,0,0,0,1,0,1,0,1,0,0,0,12192.0,2,1,1,1,0,0,1,0,8.6,269.8,0,0,0,0,0,1
20200,57.657,-0.711,0,1,1,0,10.095,0.0,0,0,1,0,9.94,0.0,0,0.0,0,0,0,1,0,1,0,1,0,0,0,12192.0,2,1,1,1,0,0,1,0,8.7,264.4,0,0,0,0,0,1
20300,57.586,-0.711,0,1,1,0,10.095,0.0,0,0,1,0,9.94,0.0,0,0.0,0,0,0,1,0,1,0,1,0,0,0,12192.0,2,1,1,1,0,0,1,0,8.5,270.0,0,0,0,0,0,1
20400,57.515,-0.711,0,1,1,0,10.095,0.0,0,0,1,0,9.94,0.0,0,0.0,0,0,0,1,0,1,0,1,0,0,0,12192.0,2,1,1,1,0,0,1,0,8.7,265.3,0,0,0,0,0,1
20500,57.444,-0.711,0,1,1,0,10.095,0.0,0,0,1,0,9.94,0.0,0,0.0,0,0,0,1,0,1,0,1,0,0,0,12192.0,2,1,1,1,0,0,1,0,8.0,271.6,0,0,0,0,0,1
20600,57.373,-0.711,0,1,1,0,10.095,0.0,0,0,1,0,9.94,0.0,0,0.0,0,0,0,1,0,1,0,1,0,0,0,12192.0,2,1,1,1,0,0,1,0,8.4,268.4,0,0,0,0,0,1
20700,57.302,-0.711,0,1,1,0,10.095,0.0,0,0,1,0,9.94,0.0,0,0.0,0,0,0,1,0,1,0,1,0,0,0,12192.0,2,1,1,1,0,0,1,0,7.9,269.5,0,0,0,0,0,1
20800,57.231,-0.711,0,1,1,0,10.095,0.0,0,0,1,0,9.94,0.0,0,0.0,0,0,0,1,0,1,0,1,0,0,0,12192.0,2,1,1,1,0,0,1,0,7.9,274.7,0,0,0,0,0,1
20900,57.159,-0.711,0,1,1,0,10.095,0.0,0,0,1,0,9.94,0.0,0,0.0,0,0,0,1,0,1,0,1,0,0,0,12192.0,2,1,1,1,0,0,1,0,8.4,267.4,0,0,0,0,0,1
21000,57.088,-0.711,0,1,1,0,10.095,0.0,0,0,1,0,9.94,0.0,0,0.0,0,0,0,1,0,1,0,1,0,0,0,12192.0,2,1,1,1,0,0,1,0,8.1,272.6,0,0,0,0,0,1
21100,57.017,-0.711,0,1,1,0,10.095,0.0,0,0,1,0,9.94,0.0,0,0.0,0,0,0,1,0,1,0,1,0,0,0,12192.0,2,1,1,1,0,0,1,0,9.0,268.6,0,0,0,0,0,1
21200,56.946,-0.711,0,1,1,0,10.095,0.0,0,0,1,0,9.94,0.0,0,0.0,0,0,0,1,0,1,0,1,0,0,0,12192.0,2,1,1,1,0,0,1,0,7.5,271.7,0,0,0,0,0,1
21300,56.875,-0.711,0,1,1,0,10.095,0.0,0,0,1,0,9.94,0.0,0,0.0,0,0,0,1,0,1,0,1,0,0,0,12192.0,2,1,1,1,0,0,1,0,9.0,274.2,0,0,0,0,0,1
21400,56.804,-0.711,0,1,1,0,10.095,0.0,0,0,1,0,9.94,0.0,0,0.0,0,0,0,1,0,1,0,1,0,0,0,12192.0,2,1,1,1,0,0,1,0,8.7,269.1,0,0,0,0,0,1
21500,56.733,-0.711,0,1,1,0,10.095,0.0,0,0,1,0,9.94,0.0,0,0.0,0,0,0,1,0,1,0,1,0,0,0,12192.0,2,1,1,1,0,0,1,0,8.5,270.3,0,0,0,0,0,1
21600,56.662,-0.711,0,1,1,0,10.095,0.0,0,0,1,0,9.94,0.0,0,0.0,0,0,0,1,0,1,0,1,0,0,0,12192.0,2,1,1,1,0,0,1,0,8.3,269.3,0,0,0,0,0,1
21700,56.591,-0.711,0,1,1,0,10.095,0.0,0,0,1,0,9.94,0.0,0,0.0,0,0,0,1,0,1,0,1,0,0,0,12192.0,2,1,1,1,0,0,1,0,7.8,271.8,0,0,0,0,0,1
21800,56.52,-0.711,0,1,1,0,10.095,0.0,0,0,1,0,9.94,0.0,0,0.0,0,0,0,1,0,1,0,1,0,0,0,12192.0,2,1,1,1,0,0,1,0,8.0,266.9,0,0,0,0,0,1
21900,56.449,-0.711,0,1,1,0,10.095,0.0,0,0,1,0,9.94,0.0,0,0.0,0,0,0,1,0,1,0,1,0,0,0,12192.0,2,1,1,1,0,0,1,0,8.1,272.2,0,0,0,0,0,1
22000,56.378,-0.711,0,1,1,0,10.095,0.0,0,0,1,0,9.94,0.0,0,0.0,0,0,0,1,0,1,0,1,0,0,0,12192.0,2,1,1,1,0,0,1,0,8.1,275.0,0,0,0,0,0,1
22100,56.307,-0.711,0,1,1,0,10.095,0.0,0,0,1,0,9.94,0.0,0,0.0,0,0,0,1,0,1,0,1,0,0,0,12192.0,2,1,1,1,0,0,1,0,7.4,272.5,0,0,0,0,0,1
22200,56.236,-0.711,0,1,1,0,10.095,0.0,0,0,1,0,9.94,0.0,0,0.0,0,0,0,1,0,1,0,1,0,0,0,12192.0,2,1,1,1,0,0,1,0,7.9,270.7,0,0,0,0,0,1
22300,56.165,-0.711,0,1,1,0,10.095,0.0,0,0,1,0,9.94,0.0,0,0.0,0,0,0,1,0,1,0,1,0,0,0,12192.0,2,1,1,1,0,0,1,0,8.2,269.1,0,0,0,0,0,1
22400,56.094,-0.711,0,1,1,0,10.095,0.0,0,0,1,0,9.94,0.0,0,0.0,0,0,0,1,0,1,0,1,0,0,0,12192.0,2,1,1,1,0,0,1,0,7.9,270.1,0,0,0,0,0,1
22500,56.022,-0.711,0,1,1,0,10.095,0.0,0,0,1,0,9.94,0.0,0,0.0,0,0,0,1,0,1,0,1,0,0,0,12192.0,2,1,1,1,0,0,1,0,9.1,271.0,0,0,0,0,0,1
22600,55.951,-0.711,0,1,1,0,10.095,0.0,0,0,1,0,9.94,0.0,0,0.0,0,0,0,1,0,1,0,1,0,0,0,12192.0,2,1,1,1,0,0,1,0,8.1,271.4,0,0,0,0,0,1
22700,55.88,-0.711,0,1,1,0,10.095,0.0,0,0,1,0,9.94,0.0,0,0.0,0,0,0,1,0,1,0,1,0,0,0,12192.0,2,1,1,1,0,0,1,0,6.8,269.1,0,0,0,0,0,1
22800,55.809,-0.711,0,1,1,0,10.095,0.0,0,0,1,0,9.94,0.0,0,0.0,0,0,0,1,0,1,0,1,0,0,0,12192.0,2,1,1,1,0,0,1,0,8.4,270.4,0,0,0,0,0,1
22900,55.738,-0.711,0,1,1,0,10.095,0.0,0,0,1,0,9.94,0.0,0,0.0,0,0,0,1,0,1,0,1,0,0,0,12192.0,2,1,1,1,0,0,1,0,7.9,273.4,0,0,0,0,0,1
23000,55.667,-0.711,0,1,1,0,10.095,0.0,0,0,1,0,9.94,0.0,0,0.0,0,0,0,1,0,1,0,1,0,0,0,12192.0,2,1,1,1,0,0,1,0,7.7,270.9,0,0,0,0,0,1
23100,55.596,-0.711,0,1,1,0,10.095,0.0,0,0,1,0,9.94,0.0,0,0.0,0,0,0,1,0,1,0,1,0,0,0,12192.0,2,1,1,1,0,0,1,0,7.7,268.9,0,0,0,0,0,1
23200,55.525,-0.711,0,1,1,0,10.095,0.0,0,0,1,0,9.94,0.0,0,0.0,0,0,0,1,0,1,0,1,0,0,0,12192.0,2,1,1,1,0,0,1,0,7.7,265.8,0,0,0,0,0,1
23300,55.454,-0.711,0,1,1,0,10.095,0.0,0,0,1,0,9.94,0.0,0,0.0,0,0,0,1,0,1,0,1,0,0,0,12192.0,2,1,1,1,0,0,1,0,7.0,267.9,0,0,0,0,0,1
23400,55.383,-0.711,0,1,1,0,10.095,0.0,0,0,1,0,9.94,0.0,0,0.0,0,0,0,1,0,1,0,1,0,0,0,12192.0,2,1,1,1,0,0,1,0,6.9,274.0,0,0,0,0,0,1
23500,55.312,-0.711,0,1,1,0,10.095,0.0,0,0,1,0,9.94,0.0,0,0.0,0,0,0,1,0,1,0,1,0,0,0,12192.0,2,1,1,1,0,0,1,0,8.6,274.4,0,0,0,0,0,1
23600,55.241,-0.711,0,1,1,0,10.095,0.0,0,0,1,0,9.94,0.0,0,0.0,0,0,0,1,0,1,0,1,0,0,0,12192.0,2,1,1,1,0,0,1,0,7.3,272.2,0,0,0,0,0,1
23700,55.17,-0.711,0,1,1,0,10.095,0.0,0,0,1,0,9.94,0.0,0,0.0,0,0,0,1,0,1,0,1,0,0,0,12192.0,2,1,1,1,0,0,1,0,7.7,271.2,0,0,0,0,0,1
23800,55.099,-0.711,0,1,1,0,10.095,0.0,0,0,1,0,9.94,0.0,0,0.0,0,0,0,1,0,1,0,1,0,0,0,12192.0,2,1,1,1,0,0,1,0,7.8,268.6,0,0,0,0,0,1
23900,55.028,-0.711,0,1,1,0,10.095,0.0,0,0,1,0,9.94,0.0,0,0.0,0,0,0,1,0,1,0,1,0,0,0,12192.0,2,1,1,1,0,0,1,0,8.1,268.8,0,0,0,0,0,1
24000,54.957,-0.711,0,1,1,0,10.095,0.0,0,0,1,0,9.94,0.0,0,0.0,0,0,0,1,0,1,0,1,0,0,0,12192.0,2,1,1,1,0,0,1,0,7.4,270.0,0,0,0,0,0,1
24100,54.885,-0.711,0,1,1,0,10.095,0.0,0,0,1,0,9.94,0.0,0,0.0,0,0,0,1,0,1,0,1,0,0,0,12192.0,2,1,1,1,0,0,1,0,7.1,274.0,0,0,0,0,0,1
24200,54.814,-0.711,0,1,1,0,10.095,0.0,0,0,1,0,9.94,0.0,0,0.0,0,0,0,1,0,1,0,1,0,0,0,12192.0,2,1,1,1,0,0,1,0,7.0,268.6,0,0,0,0,0,1
24300,54.743,-0.711,0,1,1,0,10.095,0.0,0,0,1,0,9.94,0.0,0,0.0,0,0,0,1,0,1,0,1,0,0,0,12192.0,2,1,1,1,0,0,1,0,7.7,271.5,0,0,0,0,0,1
24400,54.672,-0.711,0,1,1,0,10.095,0.0,0,0,1,0,9.94,0.0,0,0.0,0,0,0,1,0,1,0,1,0,0,0,12192.0,2,1,1,1,0,0,1,0,7.4,267.9,0,0,0,0,0,1
24500,54.601,-0.711,0,1,1,0,10.095,0.0,0,0,1,0,9.94,0.0,0,0.0,0,0,0,1,0,1,0,1,0,0,0,12192.0,2,1,1,1,0,0,1,0,7.8,269.7,0,0,0,0,0,1
24600,54.53,-0.711,0,1,1,0,10.095,0.0,0,0,1,0,9.94,0.0,0,0.0,0,0,0,1,0,1,0,1,0,0,0,12192.0,2,1,1,1,0,0,1,0,6.7,270.3,0,0,0,0,0,1
24700,54.459,-0.711,0,1,1,0,10.095,0.0,0,0,1,0,9.94,0.0,0,0.0,0,0,0,1,0,1,0,1,0,0,0,12192.0,2,1,1,1,0,0,1,0,8.2,274.1,0,0,0,0,0,1
24800,54.388,-0.711,0,1,1,0,10.095,0.0,0,0,1,0,9.94,0.0,0,0.0,0,0,0,1,0,1,0,1,0,0,0,12192.0,2,1,1,1,0,0,1,0,8.0,268.8,0,0,0,0,0,1
24900,54.317,-0.711,0,1,1,0,10.095,0.0,0,0,1,0,9.94,0.0,0,0.0,0,0,0,1,0,1,0,1,0,0,0,12192.0,2,1,1,1,0,0,1,0,7.1,273.0,0,0,0,0,0,1
25000,54.246,-0.711,0,1,1,0,10.095,0.0,0,0,1,0,9.94,0.0,0,0.0,0,0,0,1,0,1,0,1,0,0,0,12192.0,2,1,1,1,0,0,1,0,8.1,268.1,0,0,0,0,0,1
25100,54.175,-0.711,0,1,1,0,10.095,0.0,0,0,1,0,9.94,0.0,0,0.0,0,0,0,1,0,1,0,1,0,0,0,12192.0,2,1,1,1,0,0,1,0,7.6,268.3,0,0,0,0,0,1
25200,54.104,-0.711,0,1,1,0,10.095,0.0,0,0,1,0,9.94,0.0,0,0.0,0,0,0,1,0,1,0,1,0,0,0,12192.0,2,1,1,1,0,0,1,0,7.6,270.4,0,0,0,0,0,1
25300,54.033,-0.711,0,1,1,0,10.095,0.0,0,0,1,0,9.94,0.0,0,0.0,0,0,0,1,0,1,0,1,0,0,0,12192.0,2,1,1,1,0,0,1,0,6.9,268.3,0,0,0,0,0,1
25400,53.962,-0.711,0,1,1,0,10.095,0.0,0,0,1,0,9.94,0.0,0,0.0,0,0,0,1,0,1,0,1,0,0,0,12192.0,2,1,1,1,0,0,1,0,7.4,268.1,0,0,0,0,0,1
25500,53.891,-0.711,0,1,1,0,10.095,0.0,0,0,1,0,9.94,0.0,0,0.0,0,0,0,1,0,1,0,1,0,0,0,12192.0,2,1,1,1,0,0,1,0,6.8,272.2,0,0,0,0,0,1
25600,53.82,-0.711,0,1,1,0,10.095,0.0,0,0,1,0,9.94,0.0,0,0.0,0,0,0,1,0,1,0,1,0,0,0,12192.0,2,1,1,1,0,0,1,0,7.1,273.5,0,0,0,0,0,1
25700,53.748,-0.711,0,1,1,0,10.095,0.0,0,0,1,0,9.94,0.0,0,0.0,0,0,0,1,0,1,0,1,0,0,0,12192.0,2,1,1,1,0,0,1,0,8.5,267.0,0,0,0,0,0,1
25800,53.677,-0.711,0,1,1,0,10.095,0.0,0,0,1,0,9.94,0.0,0,0.0,0,0,0,1,0,1,0,1,0,0,0,12192.0,2,1,1,1,0,0,1,0,7.8,271.6,0,0,0,0,0,1
25900,53.606,-0.711,0,1,1,0,10.095,0.0,0,0,1,0,9.94,0.0,0,0.0,0,0,0,1,0,1,0,1,0,0,0,12192.0,2,1,1,1,0,0,1,0,6.9,266.0,0,0,0,0,0,1
26000,53.535,-0.711,0,1,1,0,10.095,0.0,0,0,1,0,9.94,0.0,0,0.0,0,0,0,1,0,1,0,1,0,0,0,12192.0,2,1,1,1,0,0,1,0,7.6,270.0,0,0,0,0,0,1
26100,53.464,-0.711,0,1,1,0,10.095,0.0,0,0,1,0,9.94,0.0,0,0.0,0,0,0,1,0,1,0,1,0,0,0,12192.0,2,1,1,1,0,0,1,0,7.7,269.1,0,0,0,0,0,1
26200,53.393,-0.711,0,1,1,0,10.095,0.0,0,0,1,0,9.94,0.0,0,0.0,0,0,0,1,0,1,0,1,0,0,0,12192.0,2,1,1,1,0,0,1,0,8.2,267.0,0,0,0,0,0,1
26300,53.322,-0.711,0,1,1,0,10.095,0.0,0,0,1,0,9.94,0.0,0,0.0,0,0,0,1,0,1,0,1,0,0,0,12192.0,2,1,1,1,0,0,1,0,8.5,266.6,0,0,0,0,0,1
26400,53.251,-0.711,0,1,1,0,10.095,0.0,0,0,1,0,9.94,0.0,0,0.0,0,0,0,1,0,1,0,1,0,0,0,12192.0,2,1,1,1,0,0,1,0,7.5,269.1,0,0,0,0,0,1
26500,53.18,-0.711,0,1,1,0,10.095,0.0,0,0,1,0,9.94,0.0,0,0.0,0,0,0,1,0,1,0,1,0,0,0,12192.0,2,1,1,1,0,0,1,0,7.0,269.9,0,0,0,0,0,1
26600,53.109,-0.711,0,1,1,0,10.095,0.0,0,0,1,0,9.94,0.0,0,0.0,0,0,0,1,0,1,0,1,0,0,0,12192.0,2,1,1,1,0,0,1,0,7.2,264.8,0,0,0,0,0,1
26700,53.038,-0.711,0,1,1,0,10.095,0.0,0,0,1,0,9.94,0.0,0,0.0,0,0,0,1,0,1,0,1,0,0,0,12192.0,2,1,1,1,0,0,1,0,7.5,268.8,0,0,0,0,0,1
26800,52.967,-0.711,0,1,1,0,10.095,0.0,0,0,1,0,9.94,0.0,0,0.0,0,0,0,1,0,1,0,1,0,0,0,12192.0,2,1,1,1,0,0,1,0,7.8,269.3,0,0,0,0,0,1
26900,52.896,-0.711,0,1,1,0,10.095,0.0,0,0,1,0,9.94,0.0,0,0.0,0,0,0,1,0,1,0,1,0,0,0,12192.0,2,1,1,1,0,0,1,0,8.2,273.2,0,0,0,0,0,1
27000,52.825,-0.711,0,1,1,0,10.095,0.0,0,0,1,0,9.94,0.0,0,0.0,0,0,0,1,0,1,0,1,0,0,0,12192.0,2,1,1,1,0,0,1,0,7.6,268.7,0,0,0,0,0,1
27100,52.754,-0.711,0,1,1,0,10.095,0.0,0,0,1,0,9.94,0.0,0,0.0,0,0,0,1,0,1,0,1,0,0,0,12192.0,2,1,1,1,0,0,1,0,7.7,268.0,0,0,0,0,0,1
27200,52.683,-0.711,0,1,1,0,10.095,0.0,0,0,1,0,9.94,0.0,0,0.0,0,0,0,1,0,1,0,1,0,0,0,12192.0,2,1,1,1,0,0,1,0,7.5,268.7,0,0,0,0,0,1
27300,52.611,-0.711,0,1,1,0,10.095,0.0,0,0,1,0,9.94,0.0,0,0.0,0,0,0,1,0,1,0,1,0,0,0,12192.0,2,1,1,1,0,0,1,0,8.9,267.2,0,0,0,0,0,1
27400,52.54,-0.711,0,1,1,0,10.095,0.0,0,0,1,0,9.94,0.0,0,0.0,0,0,0,1,0,1,0,1,0,0,0,12192.0,2,1,1,1,0,0,1,0,8.0,265.5,0,0,0,0,0,1
27500,52.469,-0.711,0,1,1,0,10.095,0.0,0,0,1,0,9.94,0.0,0,0.0,0,0,0,1,0,1,0,1,0,0,0,12192.0,2,1,1,1,0,0,1,0,8.4,268.7,0,0,0,0,0,1
27600,52.398,-0.711,0,1,1,0,10.095,0.0,0,0,1,0,9.94,0.0,0,0.0,0,0,0,1,0,1,0,1,0,0,0,12192.0,2,1,1,1,0,0,1,0,7.7,270.0,0,0,0,0,0,1
27700,52.327,-0.711,0,1,1,0,10.095,0.0,0,0,1,0,9.94,0.0,0,0.0,0,0,0,1,0,1,0,1,0,0,0,12192.0,2,1,1,1,0,0,1,0,8.1,272.3,0,0,0,0,0,1
27800,52.256,-0.711,0,1,1,0,10.095,0.0,0,0,1,0,9.94,0.0,0,0.0,0,0,0,1,0,1,0,1,0,0,0,12192.0,2,1,1,1,0,0,1,0,8.0,272.7,0,0,0,0,0,1
27900,52.185,-0.711,0,1,1,0,10.095,0.0,0,0,1,0,9.94,0.0,0,0.0,0,0,0,1,0,1,0,1,0,0,0,12192.0,2,1,1,1,0,0,1,0,7.8,273.8,0,0,0,0,0,1
28000,52.114,-0.711,0,1,1,0,10.095,0.0,0,0,1,0,9.94,0.0,0,0.0,0,0,0,1,0,1,0,1,0,0,0,12192.0,2,1,1,1,0,0,1,0,7.9,267.5,0,0,0,0,0,1
28100,52.043,-0.711,0,1,1,0,10.095,0.0,0,0,1,0,9.94,0.0,0,0.0,0,0,0,1,0,1,0,1,0,0,0,12192.0,2,1,1,1,0,0,1,0,8.4,272.2,0,0,0,0,0,1
28200,51.972,-0.711,0,1,1,0,10.095,0.0,0,0,1,0,9.94,0.0,0,0.0,0,0,0,1,0,1,0,1,0,0,0,12192.0,2,1,1,1,0,0,1,0,8.2,266.4,0,0,0,0,0,1
28300,51.901,-0.711,0,1,1,0,10.095,0.0,0,0,1,0,9.94,0.0,0,0.0,0,0,0,1,0,1,0,1,0,0,0,12192.0,2,1,1,1,0,0,1,0,7.8,272.7,0,0,0,0,0,1
28400,51.83,-0.711,0,1,1,0,10.095,0.0,0,0,1,0,9.94,0.0,0,0.0,0,0,0,1,0,1,0,1,0,0,0,12192.0,2,1,1,1,0,0,1,0,8.9,272.6,0,0,0,0,0,1
28500,51.759,-0.711,0,1,1,0,10.095,0.0,0,0,1,0,9.94,0.0,0,0.0,0,0,0,1,0,1,0,1,0,0,0,12192.0,2,1,1,1,0,0,1,0,8.1,266.1,0,0,0,0,0,1
28600,51.688,-0.711,0,1,1,0,10.095,0.0,0,0,1,0,9.94,0.0,0,0.0,0,0,0,1,0,1,0,1,0,0,0,12192.0,2,1,1,1,0,0,1,0,7.9,272.1,0,0,0,0,0,1
28700,51.617,-0.711,0,1,1,0,10.095,0.0,0,0,1,0,9.94,0.0,0,0.0,0,0,0,1,0,1,0,1,0,0,0,12192.0,2,1,1,1,0,0,1,0,8.8,270.7,0,0,0,0,0,1
28800,51.546,-0.711,0,1,1,0,10.095,0.0,0,0,1,0,9.94,0.0,0,0.0,0,0,0,1,0,1,0,1,0,0,0,12192.0,2,1,1,1,0,0,1,0,8.0,268.6,0,0,0,0,0,1
28900,51.474,-0.711,0,1,1,0,10.095,0.0,0,0,1,0,9.94,0.0,0,0.0,0,0,0,1,0,1,0,1,0,0,0,12192.0,2,1,1,1,0,0,1,0,8.1,270.6,0,0,0,0,0,1
29000,51.403,-0.711,0,1,1,0,10.095,0.0,0,0,1,0,9.94,0.0,0,0.0,0,0,0,1,0,1,0,1,0,0,0,12192.0,2,1,1,1,0,0,1,0,8.9,269.2,0,0,0,0,0,1
29100,51.332,-0.711,0,1,1,0,10.095,0.0,0,0,1,0,9.94,0.0,0,0.0,0,0,0,1,0,1,0,1,0,0,0,12192.0,2,1,1,1,0,0,1,0,8.6,267.8,0,0,0,0,0,1
29200,51.261,-0.711,0,1,1,0,10.095,0.0,0,0,1,0,9.94,0.0,0,0.0,0,0,0,1,0,1,0,1,0,0,0,12192.0,2,1,1,1,0,0,1,0,8.2,269.3,0,0,0,0,0,1
29300,51.19,-0.711,0,1,1,0,10.095,0.0,0,0,1,0,9.94,0.0,0,0.0,0,0,0,1,0,1,0,1,0,0,0,12192.0,2,1,1,1,0,0,1,0,8.3,271.3,0,0,0,0,0,1
29400,51.119,-0.711,0,1,1,0,10.095,0.0,0,0,1,0,9.94,0.0,0,0.0,0,0,0,1,0,1,0,1,0,0,0,12192.0,2,1,1,1,0,0,1,0,8.0,270.5,0,0,0,0,0,1
29500,51.048,-0.711,0,1,1,0,10.095,0.0,0,0,1,0,9.94,0.0,0,0.0,0,0,0,1,0,1,0,1,0,0,0,12192.0,2,1,1,1,0,0,1,0,7.9,270.2,0,0,0,0,0,1
29600,50.977,-0.711,0,1,1,0,10.095,0.0,0,0,1,0,9.94,0.0,0,0.0,0,0,0,1,0,1,0,1,0,0,0,12192.0,2,1,1,1,0,0,1,0,8.4,269.2,0,0,0,0,0,1
29700,50.906,-0.711,0,1,1,0,10.095,0.0,0,0,1,0,9.94,0.0,0,0.0,0,0,0,1,0,1,0,1,0,0,0,12192.0,2,1,1,1,0,0,1,0,8.9,266.7,0,0,0,0,0,1
29800,50.835,-0.711,0,1,1,0,10.095,0.0,0,0,1,0,9.94,0.0,0,0.0,0,0,0,1,0,1,0,1,0,0,0,12192.0,2,1,1,1,0,0,1,0,8.8,267.1,0,0,0,0,0,1
29900,50.764,-0.711,0,1,1,0,10.095,0.0,0,0,1,0,9.94,0.0,0,0.0,0,0,0,1,0,1,0,1,0,0,0,12192.0,2,1,1,1,0,0,1,0,8.9,268.5,0,0,0,0,0,1
30000,50.693,-0.711,0,1,1,0,10.095,0.0,0,0,1,0,9.94,0.0,0,0.0,0,0,0,1,0,1,0,1,0,0,0,12192.0,2,1,1,1,0,0,1,0,8.7,269.0,0,0,0,0,0,1
30100,50.622,-0.711,0,1,1,0,10.095,0.0,0,0,1,0,9.94,0.0,0,0.0,0,0,0,1,0,1,0,1,0,0,0,12192.0,2,1,1,1,0,0,1,0,8.8,269.3,0,0,0,0,0,1
30200,50.551,-0.711,0,1,1,0,10.095,0.0,0,0,1,0,9.94,0.0,0,0.0,0,0,0,1,0,1,0,1,0,0,0,12192.0,2,1,1,1,0,0,1,0,8.1,270.3,0,0,0,0,0,1
30300,50.48,-0.711,0,1,1,0,10.095,0.0,0,0,1,0,9.94,0.0,0,0.0,0,0,0,1,0,1,0,1,0,0,0,12192.0,2,1,1,1,0,0,1,0,8.9,271.8,0,0,0,0,0,1
30400,50.409,-0.711,0,1,1,0,10.095,0.0,0,0,1,0,9.94,0.0,0,0.0,0,0,0,1,0,1,0,1,0,0,0,12192.0,2,1,1,1,0,0,1,0,8.8,269.8,0,0,0,0,0,1
30500,50.337,-0.711,0,1,1,0,10.095,0.0,0,0,1,0,9.94,0.0,0,0.0,0,0,0,1,0,1,0,1,0,0,0,12192.0,2,1,1,1,0,0,1,0,8.0,271.3,0,0,0,0,0,1
30600,50.266,-0.711,0,1,1,0,10.095,0.0,0,0,1,0,9.94,0.0,0,0.0,0,0,0,1,0,1,0,1,0,0,0,12192.0,2,1,1,1,0,0,1,0,9.1,271.8,0,0,0,0,0,1
30700,50.195,-0.711,0,1,1,0,10.095,0.0,0,0,1,0,9.94,0.0,0,0.0,0,0,0,1,0,1,0,1,0,0,0,12192.0,2,1,1,1,0,0,1,0,8.2,266.8,0,0,0,0,0,1
30800,50.124,-0.711,0,1,1,0,10.095,0.0,0,0,1,0,9.94,0.0,0,0.0,0,0,0,1,0,1,0,1,0,0,0,12192.0,2,1,1,1,0,0,1,0,8.2,273.1,0,0,0,0,0,1
30900,50.053,-0.711,0,1,1,0,10.095,0.0,0,0,1,0,9.94,0.0,0,0.0,0,0,0,1,0,1,0,1,0,0,0,12192.0,2,1,1,1,0,0,1,0,8.2,269.5,0,0,0,0,0,1
31000,49.982,-0.711,0,1,1,0,10.095,0.0,0,0,1,0,9.94,0.0,0,0.0,0,0,0,1,0,1,0,1,0,0,0,12192.0,2,1,1,1,0,0,1,0,7.8,273.7,0,0,0,0,0,1
31100,49.911,-0.711,0,1,1,0,10.095,0.0,0,0,1,0,9.94,0.0,0,0.0,0,0,0,1,0,1,0,1,0,0,0,12192.0,2,1,1,1,0,0,1,0,8.7,271.7,0,0,0,0,0,1
31200,49.84,-0.711,0,1,1,0,10.095,0.0,0,0,1,0,9.94,0.0,0,0.0,0,0,0,1,0,1,0,1,0,0,0,12192.0,2,1,1,1,0,0,1,0,8.1,272.9,0,0,0,0,0,1
31300,49.769,-0.711,0,1,1,0,10.095,0.0,0,0,1,0,9.94,0.0,0,0.0,0,0,0,1,0,1,0,1,0,0,0,12192.0,2,1,1,1,0,0,1,0,8.9,268.2,0,0,0,0,0,1
31400,49.698,-0.711,0,1,1,0,10.095,0.0,0,0,1,0,9.94,0.0,0,0.0,0,0,0,1,0,1,0,1,0,0,0,12192.0,2,1,1,1,0,0,1,0,8.0,272.7,0,0,0,0,0,1
31500,49.627,-0.711,0,1,1,0,10.095,0.0,0,0,1,0,9.94,0.0,0,0.0,0,0,0,1,0,1,0,1,0,0,0,12192.0,2,1,1,1,0,0,1,0,7.1,272.0,0,0,0,0,0,1
31600,49.556,-0.711,0,1,1,0,10.095,0.0,0,0,1,0,9.94,0.0,0,0.0,0,0,0,1,0,1,0,1,0,0,0,12192.0,2,1,1,1,0,0,1,0,8.6,269.3,0,0,0,0,0,1
31700,49.485,-0.711,0,1,1,0,10.095,0.0,0,0,1,0,9.94,0.0,0,0.0,0,0,0,1,0,1,0,1,0,0,0,12192.0,2,1,1,1,0,0,1,0,8.1,267.8,0,0,0,0,0,1
31800,49.414,-0.711,0,1,1,0,10.095,0.0,0,0,1,0,9.94,0.0,0,0.0,0,0,0,1,0,1,0,1,0,0,0,12192.0,2,1,1,1,0,0,1,0,7.8,269.4,0,0,0,0,0,1
31900,49.343,-0.711,0,1,1,0,10.095,0.0,0,0,1,0,9.94,0.0,0,0.0,0,0,0,1,0,1,0,1,0,0,0,12192.0,2,1,1,1,0,0,1,0,8.5,271.6,0,0,0,0,0,1
32000,49.272,-0.711,0,1,1,0,10.095,0.0,0,0,1,0,9.94,0.0,0,0.0,0,0,0,1,0,1,0,1,0,0,0,12192.0,2,1,1,1,0,0,1,0,7.3,267.7,0,0,0,0,0,1
32100,49.2,-0.711,0,1,1,0,10.095,0.0,0,0,1,0,9.94,0.0,0,0.0,0,0,0,1,0,1,0,1,0,0,0,12192.0,2,1,1,1,0,0,1,0,7.9,270.3,0,0,0,0,0,1
32200,49.129,-0.711,0,1,1,0,10.095,0.0,0,0,1,0,9.94,0.0,0,0.0,0,0,0,1,0,1,0,1,0,0,0,12192.0,2,1,1,1,0,0,1,0,7.1,270.7,0,0,0,0,0,1
32300,49.058,-0.711,0,1,1,0,10.095,0.0,0,0,1,0,9.94,0.0,0,0.0,0,0,0,1,0,1,0,1,0,0,0,12192.0,2,1,1,1,0,0,1,0,7.4,267.5,0,0,0,0,0,1
32400,48.987,-0.711,0,1,1,0,10.095,0.0,0,0,1,0,9.94,0.0,0,0.0,0,0,0,1,0,1,0,1,0,0,0,12192.0,2,1,1,1,0,0,1,0,7.1,273.4,0,0,0,0,0,1
32500,48.916,-0.711,0,1,1,0,10.095,0.0,0,0,1,0,9.94,0.0,0,0.0,0,0,0,1,0,1,0,1,0,0,0,12192.0,2,1,1,1,0,0,1,0,7.0,268.2,0,0,0,0,0,1
32600,48.845,-0.711,0,1,1,0,10.095,0.0,0,0,1,0,9.94,0.0,0,0.0,0,0,0,1,0,1,0,1,0,0,0,12192.0,2,1,1,1,0,0,1,0,7.5,272.8,0,0,0,0,0,1
32700,48.774,-0.711,0,1,1,0,10.095,0.0,0,0,1,0,9.94,0.0,0,0.0,0,0,0,1,0,1,0,1,0,0,0,12192.0,2,1,1,1,0,0,1,0,7.4,273.1,0,0,0,0,0,1
32800,48.703,-0.711,0,1,1,0,10.095,0.0,0,0,1,0,9.94,0.0,0,0.0,0,0,0,1,0,1,0,1,0,0,0,12192.0,2,1,1,1,0,0,1,0,8.1,272.4,0,0,0,0,0,1
32900,48.632,-0.711,0,1,1,0,10.095,0.0,0,0,1,0,9.94,0.0,0,0.0,0,0,0,1,0,1,0,1,0,0,0,12192.0,2,1,1,1,0,0,1,0,7.0,269.1,0,0,0,0,0,1
33000,48.561,-0.711,0,1,1,0,10.095,0.0,0,0,1,0,9.94,0.0,0,0.0,0,0,0,1,0,1,0,1,0,0,0,12192.0,2,1,1,1,0,0,1,0,7.4,271.0,0,0,0,0,0,1
33100,48.49,-0.711,0,1,1,0,10.095,0.0,0,0,1,0,9.94,0.0,0,0.0,0,0,0,1,0,1,0,1,0,0,0,12192.0,2,1,1,1,0,0,1,0,7.5,274.0,0,0,0,0,0,1
33200,48.419,-0.711,0,1,1,0,10.095,0.0,0,0,1,0,9.94,0.0,0,0.0,0,0,0,1,0,1,0,1,0,0,0,12192.0,2,1,1,1,0,0,1,0,8.1,269.8,0,0,0,0,0,1
33300,48.348,-0.711,0,1,1,0,10.095,0.0,0,0,1,0,9.94,0.0,0,0.0,0,0,0,1,0,1,0,1,0,0,0,12192.0,2,1,1,1,0,0,1,0,8.0,273.3,0,0,0,0,0,1
33400,48.277,-0.711,0,1,1,0,10.095,0.0,0,0,1,0,9.94,0.0,0,0.0,0,0,0,1,0,1,0,1,0,0,0,12192.0,2,1,1,1,0,0,1,0,7.0,268.0,0,0,0,0,0,1
33500,48.206,-0.711,0,1,1,0,10.095,0.0,0,0,1,0,9.94,0.0,0,0.0,0,0,0,1,0,1,0,1,0,0,0,12192.0,2,1,1,1,0,0,1,0,7.8,264.0,0,0,0,0,0,1
33600,48.135,-0.711,0,1,1,0,10.095,0.0,0,0,1,0,9.94,0.0,0,0.0,0,0,0,1,0,1,0,1,0,0,0,12192.0,2,1,1,1,0,0,1,0,7.2,270.9,0,0,0,0,0,1
33700,48.063,-0.711,0,1,1,0,10.095,0.0,0,0,1,0,9.94,0.0,0,0.0,0,0,0,1,0,1,0,1,0,0,0,12192.0,2,1,1,1,0,0,1,0,7.3,272.0,0,0,0,0,0,1
33800,47.992,-0.711,0,1,1,0,10.095,0.0,0,0,1,0,9.94,0.0,0,0.0,0,0,0,1,0,1,0,1,0,0,0,12192.0,2,1,1,1,0,0,1,0,8.2,272.6,0,0,0,0,0,1
33900,47.921,-0.711,0,1,1,0,10.095,0.0,0,0,1,0,9.94,0.0,0,0.0,0,0,0,1,0,1,0,1,0,0,0,12192.0,2,1,1,1,0,0,1,0,7.2,267.7,0,0,0,0,0,1
34000,47.85,-0.711,0,1,1,0,10.095,0.0,0,0,1,0,9.94,0.0,0,0.0,0,0,0,1,0,1,0,1,0,0,0,12192.0,2,1,1,1,0,0,1,0,7.1,271.2,0,0,0,0,0,1
34100,47.779,-0.711,0,1,1,0,10.095,0.0,0,0,1,0,9.94,0.0,0,0.0,0,0,0,1,0,1,0,1,0,0,0,12192.0,2,1,1,1,0,0,1,0,6.5,268.2,0,0,0,0,0,1
34200,47.708,-0.711,0,1,1,0,10.095,0.0,0,0,1,0,9.94,0.0,0,0.0,0,0,0,1,0,1,0,1,0,0,0,12192.0,2,1,1,1,0,0,1,0,6.7,273.2,0,0,0,0,0,1
34300,47.637,-0.711,0,1,1,0,10.095,0.0,0,0,1,0,9.94,0.0,0,0.0,0,0,0,1,0,1,0,1,0,0,0,12192.0,2,1,1,1,0,0,1,0,7.5,270.7,0,0,0,0,0,1
34400,47.566,-0.711,0,1,1,0,10.095,0.0,0,0,1,0,9.94,0.0,0,0.0,0,0,0,1,0,1,0,1,0,0,0,12192.0,2,1,1,1,0,0,1,0,6.8,268.3,0,0,0,0,0,1
34500,47.495,-0.711,0,1,1,0,10.095,0.0,0,0,1,0,9.94,0.0,0,0.0,0,0,0,1,0,1,0,1,0,0,0,12192.0,2,1,1,1,0,0,1,0,7.1,268.2,0,0,0,0,0,1
34600,47.424,-0.711,0,1,1,0,10.095,0.0,0,0,1,0,9.94,0.0,0,0.0,0,0,0,1,0,1,0,1,0,0,0,12192.0,2,1,1,1,0,0,1,0,7.8,276.4,0,0,0,0,0,1
34700,47.353,-0.711,0,1,1,0,10.095,0.0,0,0,1,0,9.94,0.0,0,0.0,0,0,0,1,0,1,0,1,0,0,0,12192.0,2,1,1,1,0,0,1,0,7.9,268.5,0,0,0,0,0,1
34800,47.282,-0.711,0,1,1,0,10.095,0.0,0,0,1,0,9.94,0.0,0,0.0,0,0,0,1,0,1,0,1,0,0,0,12192.0,2,1,1,1,0,0,1,0,6.9,268.0,0,0,0,0,0,1
34900,47.211,-0.711,0,1,1,0,10.095,0.0,0,0,1,0,9.94,0.0,0,0.0,0,0,0,1,0,1,0,1,0,0,0,12192.0,2,1,1,1,0,0,1,0,7.9,271.7,0,0,0,0,0,1
35000,47.14,-0.711,0,1,1,0,10.095,0.0,0,0,1,0,9.94,0.0,0,0.0,0,0,0,1,0,1,0,1,0,0,0,12192.0,2,1,1,1,0,0,1,0,8.3,270.8,0,0,0,0,0,1
35100,47.069,-0.711,0,1,1,0,10.095,0.0,0,0,1,0,9.94,0.0,0,0.0,0,0,0,1,0,1,0,1,0,0,0,12192.0,2,1,1,1,0,0,1,0,7.6,268.1,0,0,0,0,0,1
35200,46.998,-0.711,0,1,1,0,10.095,0.0,0,0,1,0,9.94,0.0,0,0.0,0,0,0,1,0,1,0,1,0,0,0,12192.0,2,1,1,1,0,0,1,0,7.2,271.6,0,0,0,0,0,1
35300,46.926,-0.711,0,1,1,0,10.095,0.0,0,0,1,0,9.94,0.0,0,0.0,0,0,0,1,0,1,0,1,0,0,0,12192.0,2,1,1,1,0,0,1,0,7.8,269.6,0,0,0,0,0,1
35400,46.855,-0.711,0,1,1,0,10.095,0.0,0,0,1,0,9.94,0.0,0,0.0,0,0,0,1,0,1,0,1,0,0,0,12192.0,2,1,1,1,0,0,1,0,7.6,273.7,0,0,0,0,0,1
35500,46.784,-0.711,0,1,1,0,10.095,0.0,0,0,1,0,9.94,0.0,0,0.0,0,0,0,1,0,1,0,1,0,0,0,12192.0,2,1,1,1,0,0,1,0,7.9,271.8,0,0,0,0,0,1
35600,46.713,-0.711,0,1,1,0,10.095,0.0,0,0,1,0,9.94,0.0,0,0.0,0,0,0,1,0,1,0,1,0,0,0,12192.0,2,1,1,1,0,0,1,0,7.3,267.4,0,0,0,0,0,1
35700,46.642,-0.711,0,1,1,0,10.095,0.0,0,0,1,0,9.94,0.0,0,0.0,0,0,0,1,0,1,0,1,0,0,0,12192.0,2,1,1,1,0,0,1,0,8.5,267.6,0,0,0,0,0,1
35800,46.571,-0.711,0,1,1,0,10.095,0.0,0,0,1,0,9.94,0.0,0,0.0,0,0,0,1,0,1,0,1,0,0,0,12192.0,2,1,1,1,0,0,1,0,8.0,268.9,0,0,0,0,0,1
35900,46.5,-0.711,0,1,1,0,10.095,0.0,0,0,1,0,9.94,0.0,0,0.0,0,0,0,1,0,1,0,1,0,0,0,12192.0,2,1,1,1,0,0,1,0,7.8,270.0,0,0,0,0,0,1
36000,46.429,-0.711,0,1,1,0,10.095,0.0,0,0,1,0,9.94,0.0,0,0.0,0,0,0,1,0,1,0,1,0,0,0,12192.0,2,1,1,1,0,0,1,0,7.9,271.0,0,0,0,0,0,1
36100,46.358,-0.711,0,1,1,0,10.095,0.0,0,0,1,0,9.94,0.0,0,0.0,0,0,0,1,0,1,0,1,0,0,0,12192.0,2,1,1,1,0,0,1,0,7.8,271.5,0,0,0,0,0,1
36200,46.287,-0.711,0,1,1,0,10.095,0.0,0,0,1,0,9.94,0.0,0,0.0,0,0,0,1,0,1,0,1,0,0,0,12192.0,2,1,1,1,0,0,1,0,8.4,270.0,0,0,0,0,0,1
36300,46.216,-0.711,0,1,1,0,10.095,0.0,0,0,1,0,9.94,0.0,0,0.0,0,0,0,1,0,1,0,1,0,0,0,12192.0,2,1,1,1,0,0,1,0,8.3,271.0,0,0,0,0,0,1
36400,46.145,-0.711,0,1,1,0,10.095,0.0,0,0,1,0,9.94,0.0,0,0.0,0,0,0,1,0,1,0,1,0,0,0,12192.0,2,1,1,1,0,0,1,0,8.0,269.5,0,0,0,0,0,1
36500,46.074,-0.711,0,1,1,0,10.095,0.0,0,0,1,0,9.94,0.0,0,0.0,0,0,0,1,0,1,0,1,0,0,0,12192.0,2,1,1,1,0,0,1,0,8.4,268.3,0,0,0,0,0,1
36600,46.003,-0.711,0,1,1,0,10.095,0.0,0,0,1,0,9.94,0.0,0,0.0,0,0,0,1,0,1,0,1,0,0,0,12192.0,2,1,1,1,0,0,1,0,8.2,268.6,0,0,0,0,0,1
36700,45.932,-0.711,0,1,1,0,10.095,0.0,0,0,1,0,9.94,0.0,0,0.0,0,0,0,1,0,1,0,1,0,0,0,12192.0,2,1,1,1,0,0,1,0,7.8,267.8,0,0,0,0,0,1
36800,45.861,-0.711,0,1,1,0,10.095,0.0,0,0,1,0,9.94,0.0,0,0.0,0,0,0,1,0,1,0,1,0,0,0,12192.0,2,1,1,1,0,0,1,0,8.0,265.4,0,0,0,0,0,1
36900,45.789,-0.711,0,1,1,0,10.095,0.0,0,0,1,0,9.94,0.0,0,0.0,0,0,0,1,0,1,0,1,0,0,0,12192.0,2,1,1,1,0,0,1,0,8.4,271.1,0,0,0,0,0,1
37000,45.718,-0.711,0,1,1,0,10.095,0.0,0,0,1,0,9.94,0.0,0,0.0,0,0,0,1,0,1,0,1,0,0,0,12192.0,2,1,1,1,0,0,1,0,8.2,268.7,0,0,0,0,0,1
37100,45.647,-0.711,0,1,1,0,10.095,0.0,0,0,1,0,9.94,0.0,0,0.0,0,0,0,1,0,1,0,1,0,0,0,12192.0,2,1,1,1,0,0,1,0,7.9,268.8,0,0,0,0,0,1
37200,45.576,-0.711,0,1,1,0,10.095,0.0,0,0,1,0,9.94,0.0,0,0.0,0,0,0,1,0,1,0,1,0,0,0,12192.0,2,1,1,1,0,0,1,0,7.8,268.7,0,0,0,0,0,1
37300,45.505,-0.711,0,1,1,0,10.095,0.0,0,0,1,0,9.94,0.0,0,0.0,0,0,0,1,0,1,0,1,0,0,0,12192.0,2,1,1,1,0,0,1,0,8.9,272.9,0,0,0,0,0,1
37400,45.434,-0.711,0,1,1,0,10.095,0.0,0,0,1,0,9.94,0.0,0,0.0,0,0,0,1,0,1,0,1,0,0,0,12192.0,2,1,1,1,0,0,1,0,8.8,273.4,0,0,0,0,0,1
37500,45.363,-0.711,0,1,1,0,10.095,0.0,0,0,1,0,9.94,0.0,0,0.0,0,0,0,1,0,1,0,1,0,0,0,12192.0,2,1,1,1,0,0,1,0,8.5,267.1,0,0,0,0,0,1
37600,45.292,-0.711,0,1,1,0,10.095,0.0,0,0,1,0,9.94,0.0,0,0.0,0,0,0,1,0,1,0,1,0,0,0,12192.0,2,1,1,1,0,0,1,0,8.9,272.5,0,0,0,0,0,1
37700,45.221,-0.711,0,1,1,0,10.095,0.0,0,0,1,0,9.94,0.0,0,0.0,0,0,0,1,0,1,0,1,0,0,0,12192.0,2,1,1,1,0,0,1,0,8.5,270.3,0,0,0,0,0,1
37800,45.15,-0.711,0,1,1,0,10.095,0.0,0,0,1,0,9.94,0.0,0,0.0,0,0,0,1,0,1,0,1,0,0,0,12192.0,2,1,1,1,0,0,1,0,9.3,271.6,0,0,0,0,0,1
37900,45.079,-0.711,0,1,1,0,10.095,0.0,0,0,1,0,9.94,0.0,0,0.0,0,0,0,1,0,1,0,1,0,0,0,12192.0,2,1,1,1,0,0,1,0,9.5,269.0,0,0,0,0,0,1
38000,45.008,-0.711,0,1,1,0,10.095,0.0,0,0,1,0,9.94,0.0,0,0.0,0,0,0,1,0,1,0,1,0,0,0,12192.0,2,1,1,1,0,0,1,0,7.7,270.9,0,0,0,0,0,1
38100,44.937,-0.711,0,1,1,0,10.095,0.0,0,0,1,0,9.94,0.0,0,0.0,0,0,0,1,0,1,0,1,0,0,0,12192.0,2,1,1,1,0,0,1,0,8.9,268.8,0,0,0,0,0,1
38200,44.866,-0.711,0,1,1,0,10.095,0.0,0,0,1,0,9.94,0.0,0,0.0,0,0,0,1,0,1,0,1,0,0,0,12192.0,2,1,1,1,0,0,1,0,8.8,268.3,0,0,0,0,0,1
38300,44.795,-0.711,0,1,1,0,10.095,0.0,0,0,1,0,9.94,0.0,0,0.0,0,0,0,1,0,1,0,1,0,0,0,12192.0,2,1,1,1,0,0,1,0,8.5,273.7,0,0,0,0,0,1
38400,44.724,-0.711,0,1,1,0,10.095,0.0,0,0,1,0,9.94,0.0,0,0.0,0,0,0,1,0,1,0,1,0,0,0,12192.0,2,1,1,1,0,0,1,0,9.2,266.9,0,0,0,0,0,1
38500,44.652,-0.711,0,1,1,0,10.095,0.0,0,0,1,0,9.94,0.0,0,0.0,0,0,0,1,0,1,0,1,0,0,0,12192.0,2,1,1,1,0,0,1,0,8.6,269.6,0,0,0,0,0,1
38600,44.581,-0.711,0,1,1,0,10.095,0.0,0,0,1,0,9.94,0.0,0,0.0,0,0,0,1,0,1,0,1,0,0,0,12192.0,2,1,1,1,0,0,1,0,8.9,271.3,0,0,0,0,0,1
38700,44.51,-0.711,0,1,1,0,10.095,0.0,0,0,1,0,9.94,0.0,0,0.0,0,0,0,1,0,1,0,1,0,0,0,12192.0,2,1,1,1,0,0,1,0,7.8,267.7,0,0,0,0,0,1
38800,44.439,-0.711,0,1,1,0,10.095,0.0,0,0,1,0,9.94,0.0,0,0.0,0,0,0,1,0,1,0,1,0,0,0,12192.0,2,1,1,1,0,0,1,0,8.6,267.6,0,0,0,0,0,1
38900,44.368,-0.711,0,1,1,0,10.095,0.0,0,0,1,0,9.94,0.0,0,0.0,0,0,0,1,0,1,0,1,0,0,0,12192.0,2,1,1,1,0,0,1,0,8.4,277.7,0,0,0,0,0,1
39000,44.297,-0.711,0,1,1,0,10.095,0.0,0,0,1,0,9.94,0.0,0,0.0,0,0,0,1,0,1,0,1,0,0,0,12192.0,2,1,1,1,0,0,1,0,8.2,272.3,0,0,0,0,0,1
39100,44.226,-0.711,0,1,1,0,10.095,0.0,0,0,1,0,9.94,0.0,0,0.0,0,0,0,1,0,1,0,1,0,0,0,12192.0,2,1,1,1,0,0,1,0,8.5,267.6,0,0,0,0,0,1
39200,44.155,-0.711,0,1,1,0,10.095,0.0,0,0,1,0,9.94,0.0,0,0.0,0,0,0,1,0,1,0,1,0,0,0,12192.0,2,1,1,1,0,0,1,0,8.8,271.5,0,0,0,0,0,1
39300,44.084,-0.711,0,1,1,0,10.095,0.0,0,0,1,0,9.94,0.0,0,0.0,0,0,0,1,0,1,0,1,0,0,0,12192.0,2,1,1,1,0,0,1,0,8.6,275.7,0,0,0,0,0,1
39400,44.013,-0.711,0,1,1,0,10.095,0.0,0,0,1,0,9.94,0.0,0,0.0,0,0,0,1,0,1,0,1,0,0,0,12192.0,2,1,1,1,0,0,1,0,8.7,273.6,0,0,0,0,0,1
39500,43.942,-0.711,0,1,1,0,10.095,0.0,0,0,1,0,9.94,0.0,0,0.0,0,0,0,1,0,1,0,1,0,0,0,12192.0,2,1,1,1,0,0,1,0,7.9,270.4,0,0,0,0,0,1
39600,43.871,-0.711,0,1,1,0,10.095,0.0,0,0,1,0,9.94,0.0,0,0.0,0,0,0,1,0,1,0,1,0,0,0,12192.0,2,1,1,1,0,0,1,0,8.1,269.9,0,0,0,0,0,1
39700,43.8,-0.711,0,1,1,0,10.095,0.0,0,0,1,0,9.94,0.0,0,0.0,0,0,0,1,0,1,0,1,0,0,0,12192.0,2,1,1,1,0,0,1,0,8.4,271.4,0,0,0,0,0,1
39800,43.729,-0.711,0,1,1,0,10.095,0.0,0,0,1,0,9.94,0.0,0,0.0,0,0,0,1,0,1,0,1,0,0,0,12192.0,2,1,1,1,0,0,1,0,8.2,269.7,0,0,0,0,0,1
39900,43.658,-0.711,0,1,1,0,10.095,0.0,0,0,1,0,9.94,0.0,0,0.0,0,0,0,1,0,1,0,1,0,0,0,12192.0,2,1,1,1,0,0,1,0,8.1,268.7,0,0,0,0,0,1
40000,43.587,-0.711,0,1,1,0,10.095,0.0,0,0,1,0,9.94,0.0,0,0.0,0,0,0,1,0,1,0,1,0,0,0,12192.0,2,1,1,1,0,0,1,0,7.4,265.4,0,0,0,0,0,1
40100,43.515,-0.711,0,1,1,0,10.095,0.0,0,0,1,0,9.94,0.0,0,0.0,0,0,0,1,0,1,0,1,0,0,0,12192.0,2,1,1,1,0,0,1,0,8.2,272.7,0,0,0,0,0,1
40200,43.444,-0.711,0,1,1,0,10.095,0.0,0,0,1,0,9.94,0.0,0,0.0,0,0,0,1,0,1,0,1,0,0,0,12192.0,2,1,1,1,0,0,1,0,7.7,270.3,0,0,0,0,0,1
40300,43.373,-0.711,0,1,1,0,10.095,0.0,0,0,1,0,9.94,0.0,0,0.0,0,0,0,1,0,1,0,1,0,0,0,12192.0,2,1,1,1,0,0,1,0,8.2,267.8,0,0,0,0,0,1
40400,43.302,-0.711,0,1,1,0,10.095,0.0,0,0,1,0,9.94,0.0,0,0.0,0,0,0,1,0,1,0,1,0,0,0,12192.0,2,1,1,1,0,0,1,0,8.0,275.1,0,0,0,0,0,1
40500,43.231,-0.711,0,1,1,0,10.095,0.0,0,0,1,0,9.94,0.0,0,0.0,0,0,0,1,0,1,0,1,0,0,0,12192.0,2,1,1,1,0,0,1,0,8.3,267.8,0,0,0,0,0,1
40600,43.16,-0.711,0,1,1,0,10.095,0.0,0,0,1,0,9.94,0.0,0,0.0,0,0,0,1,0,1,0,1,0,0,0,12192.0,2,1,1,1,0,0,1,0,7.4,268.0,0,0,0,0,0,1
40700,43.089,-0.711,0,1,1,0,10.095,0.0,0,0,1,0,9.94,0.0,0,0.0,0,0,0,1,0,1,0,1,0,0,0,12192.0,2,1,1,1,0,0,1,0,7.9,269.0,0,0,0,0,0,1
40800,43.018,-0.711,0,1,1,0,10.095,0.0,0,0,1,0,9.94,0.0,0,0.0,0,0,0,1,0,1,0,1,0,0,0,12192.0,2,1,1,1,0,0,1,0,7.4,270.8,0,0,0,0,0,1
40900,42.947,-0.711,0,1,1,0,10.095,0.0,0,0,1,0,9.94,0.0,0,0.0,0,0,0,1,0,1,0,1,0,0,0,12192.0,2,1,1,1,0,0,1,0,8.4,274.4,0,0,0,0,0,1
41000,42.876,-0.711,0,1,1,0,10.095,0.0,0,0,1,0,9.94,0.0,0,0.0,0,0,0,1,0,1,0,1,0,0,0,12192.0,2,1,1,1,0,0,1,0,7.6,269.2,0,0,0,0,0,1
41100,42.805,-0.711,0,1,1,0,10.095,0.0,0,0,1,0,9.94,0.0,0,0.0,0,0,0,1,0,1,0,1,0,0,0,12192.0,2,1,1,1,0,0,1,0,7.6,272.0,0,0,0,0,0,1
41200,42.734,-0.711,0,1,1,0,10.095,0.0,0,0,1,0,9.94,0.0,0,0.0,0,0,0,1,0,1,0,1,0,0,0,12192.0,2,1,1,1,0,0,1,0,8.1,267.3,0,0,0,0,0,1
41300,42.663,-0.711,0,1,1,0,10.095,0.0,0,0,1,0,9.94,0.0,0,0.0,0,0,0,1,0,1,0,1,0,0,0,12192.0,2,1,1,1,0,0,1,0,8.2,267.9,0,0,0,0,0,1
41400,42.592,-0.711,0,1,1,0,10.095,0.0,0,0,1,0,9.94,0.0,0,0.0,0,0,0,1,0,1,0,1,0,0,0,12192.0,2,1,1,1,0,0,1,0,6.5,270.5,0,0,0,0,0,1
41500,42.521,-0.711,0,1,1,0,10.095,0.0,0,0,1,0,9.94,0.0,0,0.0,0,0,0,1,0,1,0,1,0,0,0,12192.0,2,1,1,1,0,0,1,0,7.4,269.1,0,0,0,0,0,1
41600,42.45,-0.711,0,1,1,0,10.095,0.0,0,0,1,0,9.94,0.0,0,0.0,0,0,0,1,0,1,0,1,0,0,0,12192.0,2,1,1,1,0,0,1,0,8.2,267.3,0,0,0,0,0,1
41700,42.378,-0.711,0,1,1,0,10.095,0.0,0,0,1,0,9.94,0.0,0,0.0,0,0,0,1,0,1,0,1,0,0,0,12192.0,2,1,1,1,0,0,1,0,7.4,269.1,0,0,0,0,0,1
41800,42.307,-0.711,0,1,1,0,10.095,0.0,0,0,1,0,9.94,0.0,0,0.0,0,0,0,1,0,1,0,1,0,0,0,12192.0,2,1,1,1,0,0,1,0,7.4,271.9,0,0,0,0,0,1
41900,42.236,-0.711,0,1,1,0,10.095,0.0,0,0,1,0,9.94,0.0,0,0.0,0,0,0,1,0,1,0,1,0,0,0,12192.0,2,1,1,1,0,0,1,0,7.1,271.8,0,0,0,0,0,1
42000,42.165,-0.711,0,1,1,0,10.095,0.0,0,0,1,0,9.94,0.0,0,0.0,0,0,0,1,0,1,0,1,0,0,0,12192.0,2,1,1,1,0,0,1,0,7.2,271.8,0,0,0,0,0,1
42100,42.094,-0.711,0,1,1,0,10.095,0.0,0,0,1,0,9.94,0.0,0,0.0,0,0,0,1,0,1,0,1,0,0,0,12192.0,2,1,1,1,0,0,1,0,7.0,271.7,0,0,0,0,0,1
42200,42.023,-0.711,0,1,1,0,10.095,0.0,0,0,1,0,9.94,0.0,0,0.0,0,0,0,1,0,1,0,1,0,0,0,12192.0,2,1,1,1,0,0,1,0,7.7,269.3,0,0,0,0,0,1
42300,41.952,-0.711,0,1,1,0,10.095,0.0,0,0,1,0,9.94,0.0,0,0.0,0,0,0,1,0,1,0,1,0,0,0,12192.0,2,1,1,1,0,0,1,0,7.6,266.2,0,0,0,0,0,1
42400,41.881,-0.711,0,1,1,0,10.095,0.0,0,0,1,0,9.94,0.0,0,0.0,0,0,0,1,0,1,0,1,0,0,0,12192.0,2,1,1,1,0,0,1,0,7.6,269.7,0,0,0,0,0,1
42500,41.81,-0.711,0,1,1,0,10.095,0.0,0,0,1,0,9.94,0.0,0,0.0,0,0,0,1,0,1,0,1,0,0,0,12192.0,2,1,1,1,0,0,1,0,7.1,270.8,0,0,0,0,0,1
42600,41.739,-0.711,0,1,1,0,10.095,0.0,0,0,1,0,9.94,0.0,0,0.0,0,0,0,1,0,1,0,1,0,0,0,12192.0,2,1,1,1,0,0,1,0,7.5,265.8,0,0,0,0,0,1
42700,41.668,-0.711,0,1,1,0,10.095,0.0,0,0,1,0,9.94,0.0,0,0.0,0,0,0,1,0,1,0,1,0,0,0,12192.0,2,1,1,1,0,0,1,0,7.9,266.9,0,0,0,0,0,1
42800,41.597,-0.711,0,1,1,0,10.095,0.0,0,0,1,0,9.94,0.0,0,0.0,0,0,0,1,0,1,0,1,0,0,0,12192.0,2,1,1,1,0,0,1,0,7.7,266.5,0,0,0,0,0,1
42900,41.526,-0.711,0,1,1,0,10.095,0.0,0,0,1,0,9.94,0.0,0,0.0,0,0,0,1,0,1,0,1,0,0,0,12192.0,2,1,1,1,0,0,1,0,7.4,271.0,0,0,0,0,0,1
43000,41.455,-0.711,0,1,1,0,10.095,0.0,0,0,1,0,9.94,0.0,0,0.0,0,0,0,1,0,1,0,1,0,0,0,12192.0,2,1,1,1,0,0,1,0,7.9,269.9,0,0,0,0,0,1
43100,41.384,-0.711,0,1,1,0,10.095,0.0,0,0,1,0,9.94,0.0,0,0.0,0,0,0,1,0,1,0,1,0,0,0,12192.0,2,1,1,1,0,0,1,0,7.7,272.9,0,0,0,0,0,1
43200,41.313,-0.711,0,1,1,0,10.095,0.0,0,0,1,0,9.94,0.0,0,0.0,0,0,0,1,0,1,0,1,0,0,0,12192.0,2,1,1,1,0,0,1,0,7.3,266.7,0,0,0,0,0,1
43300,41.241,-0.711,0,1,1,0,10.095,0.0,0,0,1,0,9.94,0.0,0,0.0,0,0,0,1,0,1,0,1,0,0,0,12192.0,2,1,1,1,0,0,1,0,7.5,270.1,0,0,0,0,0,1
43400,41.17,-0.711,0,1,1,0,10.095,0.0,0,0,1,0,9.94,0.0,0,0.0,0,0,0,1,0,1,0,1,0,0,0,12192.0,2,1,1,1,0,0,1,0,7.8,269.7,0,0,0,0,0,1
43500,41.099,-0.711,0,1,1,0,10.095,0.0,0,0,1,0,9.94,0.0,0,0.0,0,0,0,1,0,1,0,1,0,0,0,12192.0,2,1,1,1,0,0,1,0,7.2,268.0,0,0,0,0,0,1
43600,41.028,-0.711,0,1,1,0,10.095,0.0,0,0,1,0,9.94,0.0,0,0.0,0,0,0,1,0,1,0,1,0,0,0,12192.0,2,1,1,1,0,0,1,0,7.1,269.2,0,0,0,0,0,1
43700,40.957,-0.711,0,1,1,0,10.095,0.0,0,0,1,0,9.94,0.0,0,0.0,0,0,0,1,0,1,0,1,0,0,0,12192.0,2,1,1,1,0,0,1,0,7.4,269.1,0,0,0,0,0,1
43800,40.886,-0.711,0,1,1,0,10.095,0.0,0,0,1,0,9.94,0.0,0,0.0,0,0,0,1,0,1,0,1,0,0,0,12192.0,2,1,1,1,0,0,1,0,7.5,268.0,0,0,0,0,0,1
43900,40.815,-0.711,0,1,1,0,10.095,0.0,0,0,1,0,9.94,0.0,0,0.0,0,0,0,1,0,1,0,1,0,0,0,12192.0,2,1,1,1,0,0,1,0,7.5,271.8,0,0,0,0,0,1
44000,40.744,-0.711,0,1,1,0,10.095,0.0,0,0,1,0,9.94,0.0,0,0.0,0,0,0,1,0,1,0,1,0,0,0,12192.0,2,1,1,1,0,0,1,0,7.7,264.2,0,0,0,0,0,1
44100,40.673,-0.711,0,1,1,0,10.095,0.0,0,0,1,0,9.94,0.0,0,0.0,0,0,0,1,0,1,0,1,0,0,0,12192.0,2,1,1,1,0,0,1,0,8.0,272.1,0,0,0,0,0,1
44200,40.602,-0.711,0,1,1,0,10.095,0.0,0,0,1,0,9.94,0.0,0,0.0,0,0,0,1,0,1,0,1,0,0,0,12192.0,2,1,1,1,0,0,1,0,7.8,272.2,0,0,0,0,0,1
44300,40.531,-0.711,0,1,1,0,10.095,0.0,0,0,1,0,9.94,0.0,0,0.0,0,0,0,1,0,1,0,1,0,0,0,12192.0,2,1,1,1,0,0,1,0,8.6,269.3,0,0,0,0,0,1
44400,40.46,-0.711,0,1,1,0,10.095,0.0,0,0,1,0,9.94,0.0,0,0.0,0,0,0,1,0,1,0,1,0,0,0,12192.0,2,1,1,1,0,0,1,0,8.5,269.9,0,0,0,0,0,1
44500,40.389,-0.711,0,1,1,0,10.095,0.0,0,0,1,0,9.94,0.0,0,0.0,0,0,0,1,0,1,0,1,0,0,0,12192.0,2,1,1,1,0,0,1,0,8.9,268.3,0,0,0,0,0,1
44600,40.318,-0.711,0,1,1,0,10.095,0.0,0,0,1,0,9.94,0.0,0,0.0,0,0,0,1,0,1,0,1,0,0,0,12192.0,2,1,1,1,0,0,1,0,7.7,270.5,0,0,0,0,0,1
44700,40.247,-0.711,0,1,1,0,10.095,0.0,0,0,1,0,9.94,0.0,0,0.0,0,0,0,1,0,1,0,1,0,0,0,12192.0,2,1,1,1,0,0,1,0,7.2,267.2,0,0,0,0,0,1
44800,40.176,-0.711,0,1,1,0,10.095,0.0,0,0,1,0,9.94,0.0,0,0.0,0,0,0,1,0,1,0,1,0,0,0,12192.0,2,1,1,1,0,0,1,0,8.1,268.7,0,0,0,0,0,1
44900,40.104,-0.711,0,1,1,0,10.095,0.0,0,0,1,0,9.94,0.0,0,0.0,0,0,0,1,0,1,0,1,0,0,0,12192.0,2,1,1,1,0,0,1,0,8.0,270.6,0,0,0,0,0,1
45000,40.033,-0.711,0,1,1,0,10.095,0.0,0,0,1,0,9.94,0.0,0,0.0,0,0,0,1,0,1,0,1,0,0,0,12192.0,2,1,1,1,0,0,1,0,7.9,271.6,0,0,0,0,0,1
45100,39.962,-0.711,0,1,1,0,10.095,0.0,0,0,1,0,9.94,0.0,0,0.0,0,0,0,1,0,1,0,1,0,0,0,12192.0,2,1,1,1,0,0,1,0,8.2,267.4,0,0,0,0,0,1
45200,39.891,-0.711,0,1,1,0,10.095,0.0,0,0,1,0,9.94,0.0,0,0.0,0,0,0,1,0,1,0,1,0,0,0,12192.0,2,1,1,1,0,0,1,0,8.3,269.7,0,0,0,0,0,1
45300,39.82,-0.711,0,1,1,0,10.095,0.0,0,0,1,0,9.94,0.0,0,0.0,0,0,0,1,0,1,0,1,0,0,0,12192.0,2,1,1,1,0,0,1,0,8.1,269.7,0,0,0,0,0,1
45400,39.749,-0.711,0,1,1,0,10.095,0.0,0,0,1,0,9.94,0.0,0,0.0,0,0,0,1,0,1,0,1,0,0,0,12192.0,2,1,1,1,0,0,1,0,7.7,267.4,0,0,0,0,0,1
45500,39.68,-0.696,0,1,1,0,10.095,0.0,0,0,1,0,9.94,0.0,0,0.0,0,0,0,1,0,1,0,1,0,0,0,12192.0,2,1,1,1,0,0,1,0,8.1,266.8,0,0,0,0,0,1
45600,39.612,-0.68,0,1,1,0,10.095,0.0,0,0,1,0,9.94,0.0,0,0.0,0,0,0,1,0,1,0,1,0,0,0,12192.0,2,1,1,1,0,0,1,0,7.5,267.9,0,0,0,0,0,1
45700,39.545,-0.665,0,1,1,0,10.095,0.0,0,0,1,0,9.94,0.0,0,0.0,0,0,0,1,0,1,0,1,0,0,0,12192.0,2,1,1,1,0,0,1,0,8.6,264.1,0,0,0,0,0,1
45800,39.48,-0.65,0,1,1,0,10.095,0.0,0,0,1,0,9.94,0.0,0,0.0,0,0,0,1,0,1,0,1,0,0,0,12192.0,2,1,1,1,0,0,1,0,8.6,270.3,0,0,0,0,0,1
45900,39.416,-0.635,0,1,1,0,10.095,0.0,0,0,1,0,9.94,0.0,0,0.0,0,0,0,1,0,1,0,1,0,0,0,12192.0,2,1,1,1,0,0,1,0,7.6,267.6,0,0,0,0,0,1
46000,39.354,-0.62,0,1,1,0,10.095,0.0,0,0,1,0,9.94,0.0,0,0.0,0,0,0,1,0,1,0,1,0,0,0,12192.0,2,1,1,1,0,0,1,0,7.9,270.2,0,0,0,0,0,1
46100,39.294,-0.605,0,1,1,0,10.095,0.0,0,0,1,0,9.94,0.0,0,0.0,0,0,0,1,0,1,0,1,0,0,0,12192.0,2,1,1,1,0,0,1,0,7.7,270.4,0,0,0,0,0,1
46200,39.235,-0.59,0,1,1,0,10.095,0.0,0,0,1,0,9.94,0.0,0,0.0,0,0,0,1,0,1,0,1,0,0,0,12192.0,2,1,1,1,0,0,1,0,8.4,267.5,0,0,0,0,0,1
46300,39.177,-0.575,0,1,1,0,10.095,0.0,0,0,1,0,9.94,0.0,0,0.0,0,0,0,1,0,1,0,1,0,0,0,12192.0,2,1,1,1,0,0,1,0,8.8,265.3,0,0,0,0,0,1
46400,39.121,-0.56,0,1,1,0,10.095,0.0,0,0,1,0,9.94,0.0,0,0.0,0,0,0,1,0,1,0,1,0,0,0,12192.0,2,1,1,1,0,0,1,0,7.4,264.2,0,0,0,0,0,1
46500,39.067,-0.545,0,1,1,0,10.095,0.0,0,0,1,0,9.94,0.0,0,0.0,0,0,0,1,0,1,0,1,0,0,0,12192.0,2,1,1,1,0,0,1,0,8.8,268.5,0,0,0,0,0,1
46600,39.014,-0.53,0,1,1,0,10.095,0.0,0,0,1,0,9.94,0.0,0,0.0,0,0,0,1,0,1,0,1,0,0,0,12192.0,2,1,1,1,0,0,1,0,9.2,274.1,0,0,0,0,0,1
46700,38.963,-0.515,0,1,1,0,10.095,0.0,0,0,1,0,9.94,0.0,0,0.0,0,0,0,1,0,1,0,1,0,0,0,12192.0,2,1,1,1,0,0,1,0,8.9,271.1,0,0,0,0,0,1
46800,38.913,-0.5,0,1,1,0,10.095,0.0,0,0,1,0,9.94,0.0,0,0.0,0,0,0,1,0,1,0,1,0,0,0,12192.0,2,1,1,1,0,0,1,0,8.9,268.9,0,0,0,0,0,1
46900,38.864,-0.484,0,1,1,0,10.095,0.0,0,0,1,0,9.94,0.0,0,0.0,0,0,0,1,0,1,0,1,0,0,0,12192.0,2,1,1,1,0,0,1,0,8.2,270.9,0,0,0,0,0,1
47000,38.817,-0.469,0,1,1,0,10.095,0.0,0,0,1,0,9.94,0.0,0,0.0,0,0,0,1,0,1,0,1,0,0,0,12192.0,2,1,1,1,0,0,1,0,8.2,266.8,0,0,0,0,0,1
47100,38.772,-0.454,0,1,1,0,10.095,0.0,0,0,1,0,9.94,0.0,0,0.0,0,0,0,1,0,1,0,1,0,0,0,12192.0,2,1,1,1,0,0,1,0,8.4,270.4,0,0,0,0,0,1
47200,38.728,-0.439,0,1,1,0,10.095,0.0,0,0,1,0,9.94,0.0,0,0.0,0,0,0,1,0,1,0,1,0,0,0,12192.0,2,1,1,1,0,0,1,0,8.5,271.6,0,0,0,0,0,1
47300,38.685,-0.424,0,1,1,0,10.095,0.0,0,0,1,0,9.94,0.0,0,0.0,0,0,0,1,0,1,0,1,0,0,0,12192.0,2,1,1,1,0,0,1,0,7.7,271.7,0,0,0,0,0,1
47400,38.645,-0.409,0,1,1,0,10.095,0.0,0,0,1,0,9.94,0.0,0,0.0,0,0,0,1,0,1,0,1,0,0,0,12192.0,2,1,1,1,0,0,1,0,8.3,269.1,0,0,0,0,0,1
47500,38.605,-0.394,0,1,1,0,10.095,0.0,0,0,1,0,9.94,0.0,0,0.0,0,0,0,1,0,1,0,1,0,0,0,12192.0,2,1,1,1,0,0,1,0,9.3,270.3,0,0,0,0,0,1
47600,38.567,-0.379,0,1,1,0,10.095,0.0,0,0,1,0,9.94,0.0,0,0.0,0,0,0,1,0,1,0,1,0,0,0,12192.0,2,1,1,1,0,0,1,0,8.1,269.8,0,0,0,0,0,1
47700,38.531,-0.364,0,1,1,0,10.095,0.0,0,0,1,0,9.94,0.0,0,0.0,0,0,0,1,0,1,0,1,0,0,0,12192.0,2,1,1,1,0,0,1,0,7.9,266.1,0,0,0,0,0,1
47800,38.496,-0.349,0,1,1,0,10.095,0.0,0,0,1,0,9.94,0.0,0,0.0,0,0,0,1,0,1,0,1,0,0,0,12192.0,2,1,1,1,0,0,1,0,8.5,260.0,0,0,0,0,0,1
47900,38.463,-0.334,0,1,1,0,10.095,0.0,0,0,1,0,9.94,0.0,0,0.0,0,0,0,1,0,1,0,1,0,0,0,12192.0,2,1,1,1,0,0,1,0,8.6,271.4,0,0,0,0,0,1
48000,38.431,-0.319,0,1,1,0,10.095,0.0,0,0,1,0,9.94,0.0,0,0.0,0,0,0,1,0,1,0,1,0,0,0,12192.0,2,1,1,1,0,0,1,0,8.1,266.9,0,0,0,0,0,1
48100,38.4,-0.303,0,1,1,0,10.095,0.0,0,0,1,0,9.94,0.0,0,0.0,0,0,0,1,0,1,0,1,0,0,0,12192.0,2,1,1,1,0,0,1,0,8.3,271.2,0,0,0,0,0,1
48200,38.372,-0.288,0,1,1,0,10.095,0.0,0,0,1,0,9.94,0.0,0,0.0,0,0,0,1,0,1,0,1,0,0,0,12192.0,2,1,1,1,0,0,1,0,8.7,271.5,0,0,0,0,0,1
48300,38.344,-0.272,0,1,1,0,10.095,0.0,0,0,1,0,9.94,0.0,0,0.0,0,0,0,1,0,1,0,1,0,0,0,12192.0,2,1,1,1,0,0,1,0,9.1,270.3,0,0,0,0,0,1
48400,38.319,-0.257,0,1,1,0,10.095,0.0,0,0,1,0,9.94,0.0,0,0.0,0,0,0,1,0,1,0,1,0,0,0,12192.0,2,1,1,1,0,0,1,0,8.5,268.1,0,0,0,0,0,1
48500,38.295,-0.241,0,1,1,0,10.095,0.0,0,0,1,0,9.94,0.0,0,0.0,0,0,0,1,0,1,0,1,0,0,0,12192.0,2,1,1,1,0,0,1,0,8.1,271.6,0,0,0,0,0,1
48600,38.272,-0.226,0,1,1,0,10.095,0.0,0,0,1,0,9.94,0.0,0,0.0,0,0,0,1,0,1,0,1,0,0,0,12192.0,2,1,1,1,0,0,1,0,7.8,270.4,0,0,0,0,0,1
48700,38.251,-0.21,0,1,1,0,10.095,0.0,0,0,1,0,9.94,0.0,0,0.0,0,0,0,1,0,1,0,1,0,0,0,12192.0,2,1,1,1,0,0,1,0,8.8,272.4,0,0,0,0,0,1
48800,38.232,-0.194,0,1,1,0,10.095,0.0,0,0,1,0,9.94,0.0,0,0.0,0,0,0,1,0,1,0,1,0,0,0,12192.0,2,1,1,1,0,0,1,0,8.0,268.1,0,0,0,0,0,1
48900,38.214,-0.179,0,1,1,0,10.095,0.0,0,0,1,0,9.94,0.0,0,0.0,0,0,0,1,0,1,0,1,0,0,0,12192.0,2,1,1,1,0,0,1,0,8.6,266.8,0,0,0,0,0,1
49000,38.197,-0.163,0,1,1,0,10.095,0.0,0,0,1,0,9.94,0.0,0,0.0,0,0,0,1,0,1,0,1,0,0,0,12192.0,2,1,1,1,0,0,1,0,7.1,267.8,0,0,0,0,0,1
49100,38.183,-0.147,0,1,1,0,10.095,0.0,0,0,1,0,9.94,0.0,0,0.0,0,0,0,1,0,1,0,1,0,0,0,12192.0,2,1,1,1,0,0,1,0,8.0,270.8,0,0,0,0,0,1
49200,38.17,-0.131,0,1,1,0,10.095,0.0,0,0,1,0,9.94,0.0,0,0.0,0,0,0,1,0,1,0,1,0,0,0,12192.0,2,1,1,1,0,0,1,0,8.0,264.7,0,0,0,0,0,1
49300,38.158,-0.115,0,1,1,0,10.095,0.0,0,0,1,0,9.94,0.0,0,0.0,0,0,0,1,0,1,0,1,0,0,0,12192.0,2,1,1,1,0,0,1,0,7.1,268.3,0,0,0,0,0,1
49400,38.148,-0.099,0,1,1,0,10.095,0.0,0,0,1,0,9.94,0.0,0,0.0,0,0,0,1,0,1,0,1,0,0,0,12192.0,2,1,1,1,0,0,1,0,8.1,271.5,0,0,0,0,0,1
49500,38.14,-0.082,0,1,1,0,10.095,0.0,0,0,1,0,9.94,0.0,0,0.0,0,0,0,1,0,1,0,1,0,0,0,12192.0,2,1,1,1,0,0,1,0,8.0,272.5,0,0,0,0,0,1
49600,38.133,-0.066,0,1,1,0,10.095,0.0,0,0,1,0,9.94,0.0,0,0.0,0,0,0,1,0,1,0,1,0,0,0,12192.0,2,1,1,1,0,0,1,0,8.0,268.3,0,0,0,0,0,1
49700,38.129,-0.048,0,1,1,0,10.095,0.0,0,0,1,0,9.94,0.0,0,0.0,0,0,0,1,0,1,0,1,0,0,0,12192.0,2,1,1,1,0,0,1,0,8.1,270.7,0,0,0,0,0,1
49800,38.125,-0.033,0,1,1,0,10.089,-0.061,0,1,1,0,9.945,0.051,1,0.0,0,0,1,1,0,1,0,1,0,0,0,12192.0,2,1,1,1,0,0,1,0,8.0,274.2,0,0,0,0,0,1
49900,38.124,-0.018,0,1,1,0,10.077,-0.122,0,1,1,0,9.955,0.102,1,0.0,0,0,1,1,0,1,0,1,0,0,0,12192.0,2,1,1,1,0,0,1,0,7.8,268.0,0,0,0,0,0,1
50000,38.123,-0.003,0,1,1,0,10.058,-0.184,0,1,1,0,9.97,0.152,1,0.0,0,0,1,1,0,1,0,1,0,0,0,12192.0,2,1,1,1,0,0,1,0,7.8,270.8,0,0,0,0,0,1
50100,38.124,0.012,1,1,1,0,10.034,-0.245,0,1,1,0,9.991,0.203,1,0.0,0,0,1,1,0,1,0,1,0,0,0,12192.0,2,1,1,1,0,0,1,0,7.7,272.1,0,0,0,0,0,1
50200,38.127,0.027,1,1,1,0,10.003,-0.306,0,1,1,0,10.016,0.254,1,0.0,0,0,1,1,0,1,0,1,0,0,0,12192.0,2,1,1,1,0,0,1,0,7.6,273.0,0,0,0,0,0,1
50300,38.131,0.042,1,1,1,0,9.966,-0.367,0,1,1,0,10.047,0.305,1,0.0,0,0,1,1,0,1,0,1,0,0,0,12192.0,2,1,1,1,0,0,1,0,7.5,272.7,0,0,0,0,0,1
50400,38.137,0.057,1,1,1,0,9.924,-0.428,0,1,1,0,10.082,0.356,1,0.0,0,0,1,1,0,1,0,1,0,0,0,12192.0,2,1,1,1,0,0,1,0,7.9,273.6,0,0,0,0,0,1
50500,38.144,0.072,1,1,1,0,9.875,-0.49,0,1,1,0,10.123,0.407,1,0.0,0,0,1,1,0,1,0,1,0,0,0,12192.0,2,1,1,1,0,0,1,0,7.3,269.3,0,0,0,0,0,1
50600,38.153,0.087,1,1,1,0,9.82,-0.551,0,1,1,0,10.169,0.457,1,0.0,0,0,1,1,0,1,0,1,0,0,0,12192.0,2,1,1,1,0,0,1,0,7.4,271.8,0,0,0,0,0,1
50700,38.163,0.103,1,1,1,0,9.758,-0.612,0,1,1,0,10.219,0.508,1,0.0,0,0,1,1,0,1,0,1,0,0,0,12192.0,2,1,1,1,0,0,1,0,7.6,270.4,0,0,0,0,0,1
50800,38.175,0.118,1,1,1,0,9.691,-0.673,0,1,1,0,10.275,0.559,1,0.0,0,0,1,1,0,1,0,1,0,0,0,12192.0,2,1,1,1,0,0,1,0,7.9,268.5,0,0,0,0,0,1
50900,38.188,0.133,1,1,1,0,9.618,-0.734,0,1,1,0,10.336,0.61,1,0.0,0,0,1,1,0,1,0,1,0,0,0,12192.0,2,1,1,1,0,0,1,0,7.3,271.7,0,0,0,0,0,1
51000,38.203,0.148,1,1,1,0,9.538,-0.795,0,1,1,0,10.402,0.661,1,0.0,0,0,1,1,0,1,0,1,0,0,0,12192.0,2,1,1,1,0,0,1,0,8.1,270.7,0,0,0,0,0,1
51100,38.219,0.163,1,1,1,0,9.452,-0.857,0,1,1,0,10.474,0.711,1,0.0,0,0,1,1,0,1,0,1,0,0,0,12192.0,2,1,1,1,0,0,1,0,7.9,267.3,0,0,0,0,0,1
51200,38.237,0.178,1,1,1,0,9.361,-0.918,0,1,1,0,10.55,0.762,1,0.0,0,0,1,1,0,1,0,1,0,0,0,12192.0,2,1,1,1,0,0,1,0,7.9,269.4,0,0,0,0,0,1
51300,38.257,0.193,1,1,1,0,9.263,-0.979,0,1,1,0,10.631,0.813,1,0.0,0,0,1,1,0,1,0,1,0,0,0,12192.0,2,1,1,1,0,0,1,0,7.7,276.3,0,0,0,0,0,1
51400,38.277,0.208,1,1,1,0,9.159,-1.04,0,1,1,0,10.717,0.864,1,0.0,0,0,1,1,0,1,0,1,0,0,0,12192.0,2,1,1,1,0,0,1,0,7.3,270.9,0,0,0,0,0,1
51500,38.299,0.212,1,1,1,0,9.049,-1.101,0,1,1,0,10.809,0.915,1,0.0,0,0,1,1,0,1,0,1,0,0,0,12192.0,2,1,1,1,0,0,1,0,7.1,268.4,0,0,0,0,0,1
51600,38.318,0.196,1,1,1,0,8.932,-1.163,0,1,1,0,10.905,0.965,1,0.0,0,0,1,1,0,1,0,1,0,0,0,12192.0,2,1,1,1,0,0,1,0,7.8,272.5,0,0,0,0,0,1
51700,38.336,0.181,1,1,1,0,8.81,-1.224,0,1,1,0,11.007,1.016,1,0.0,0,0,1,1,0,1,0,1,0,0,0,12192.0,2,1,1,1,0,0,1,0,7.6,269.6,0,0,0,0,0,1
51800,38.353,0.165,1,1,1,0,8.681,-1.285,0,1,1,0,11.114,1.067,1,0.0,0,0,1,1,0,1,0,1,0,0,0,12192.0,2,1,1,1,0,0,1,0,7.1,270.4,0,0,0,0,0,1
51900,38.368,0.149,1,1,1,0,8.547,-1.346,0,1,1,0,11.226,1.118,1,0.0,0,0,1,1,0,1,0,1,0,0,0,12192.0,2,1,1,1,0,0,1,0,7.7,273.1,0,0,0,0,0,1
52000,38.381,0.133,1,1,1,0,8.406,-1.407,0,1,1,0,11.342,1.169,1,0.0,0,0,1,1,0,1,0,1,0,0,0,12192.0,2,1,1,1,0,0,1,0,7.4,270.7,0,0,0,0,0,1
52100,38.393,0.117,1,1,1,0,8.259,-1.469,0,1,1,0,11.464,1.22,1,0.0,0,0,1,1,0,1,0,1,0,0,0,12192.0,2,1,1,1,0,0,1,0,7.2,267.6,0,0,0,0,0,1
52200,38.403,0.101,1,1,1,0,8.106,-1.53,0,1,1,0,11.591,1.261,1,0.0,0,0,1,1,0,1,0,1,0,0,0,12192.0,2,1,1,1,0,0,1,0,7.2,267.6,0,0,0,0,0,1
52300,38.411,0.084,1,1,1,0,7.947,-1.591,0,1,1,0,11.717,1.261,1,0.0,0,0,1,1,0,1,0,1,0,0,0,12192.0,2,1,1,1,0,0,1,0,7.8,272.7,0,0,0,0,0,1
52400,38.418,0.068,1,1,1,0,7.782,-1.652,0,1,1,0,11.838,1.21,1,0.0,0,0,1,1,0,1,0,1,0,0,0,12192.0,2,1,1,1,0,0,1,0,7.0,274.6,0,0,0,0,0,1
52500,38.423,0.05,1,1,1,0,7.615,-1.666,0,1,1,0,11.954,1.16,1,0.0,0,0,1,1,0,1,0,1,0,0,0,12192.0,2,1,1,1,0,0,1,0,7.4,271.3,0,0,0,0,0,1
52600,38.426,0.032,1,1,1,0,7.455,-1.603,0,1,1,0,12.065,1.109,1,0.0,0,0,1,1,0,1,0,1,0,0,0,12192.0,2,1,1,1,0,0,1,0,8.2,268.1,0,0,0,0,0,1
52700,38.428,0.0,0,0,1,0,7.301,-1.541,0,1,1,0,12.17,1.058,1,0.0,0,0,1,1,0,1,0,1,0,0,0,12192.0,2,1,1,1,0,0,1,0,8.3,268.9,0,0,0,0,0,1
52800,38.428,0.0,0,0,1,0,7.153,-1.479,0,1,1,0,12.271,1.007,1,0.0,0,0,1,1,0,1,0,1,0,0,0,12192.0,2,1,1,1,0,0,1,0,8.0,268.0,0,0,0,0,0,1
52900,38.428,0.0,0,0,1,0,7.011,-1.416,0,1,1,0,12.367,0.956,1,0.0,0,0,1,1,0,1,0,1,0,0,0,12192.0,2,1,1,1,0,0,1,0,7.7,266.6,0,0,0,0,0,1
53000,38.428,0.0,0,0,1,0,6.876,-1.353,0,1,1,0,12.457,0.906,1,0.0,0,0,1,1,0,1,0,1,0,0,0,12192.0,2,1,1,1,0,0,1,0,7.8,272.7,0,0,0,0,0,1
53100,38.428,0.0,0,0,1,0,6.747,-1.291,0,1,1,0,12.543,0.855,1,0.0,0,0,1,1,0,1,0,1,0,0,0,12192.0,2,1,1,1,0,0,1,0,8.3,266.7,0,0,0,0,0,1
53200,38.428,0.0,0,0,1,0,6.624,-1.228,0,1,1,0,12.623,0.804,1,0.0,0,0,1,1,0,1,0,1,0,0,0,12192.0,2,1,1,1,0,0,1,0,7.9,271.8,0,0,0,0,0,1
53300,38.428,0.0,0,0,1,0,6.508,-1.165,0,1,1,0,12.704,0.805,1,0.0,0,0,1,1,0,1,0,1,0,0,0,12192.0,2,1,1,1,0,0,1,0,8.4,269.1,0,0,0,0,0,1
53400,38.428,0.0,0,0,1,0,6.397,-1.102,0,1,1,0,12.779,0.753,1,0.0,0,0,1,1,0,1,0,1,0,0,0,12192.0,2,1,1,1,0,0,1,0,7.9,268.7,0,0,0,0,0,1
53500,38.428,0.0,0,0,1,0,6.293,-1.039,0,1,1,0,12.849,0.7,1,0.0,0,0,1,1,0,1,0,1,0,0,0,12192.0,2,1,1,1,0,0,1,0,7.6,270.0,0,0,0,0,0,1
53600,38.428,0.0,0,0,1,0,6.196,-0.976,0,1,1,0,12.914,0.647,1,0.0,0,0,1,1,0,1,0,1,0,0,0,12192.0,2,1,1,1,0,0,1,0,7.9,266.3,0,0,0,0,0,1
53700,38.428,0.0,0,0,1,0,6.105,-0.913,0,1,1,0,12.973,0.594,1,0.0,0,0,1,1,0,1,0,1,0,0,0,12192.0,2,1,1,1,0,0,1,0,8.3,273.5,0,0,0,0,0,1
53800,38.428,0.0,0,0,1,0,6.02,-0.85,0,1,1,0,13.027,0.541,1,0.0,0,0,1,1,0,1,0,1,0,0,0,12192.0,2,1,1,1,0,0,1,0,8.7,269.1,0,0,0,0,0,1
53900,38.428,0.0,0,0,1,0,5.941,-0.786,0,1,1,0,13.076,0.487,1,0.0,0,0,1,1,0,1,0,1,0,0,0,12192.0,2,1,1,1,0,0,1,0,7.7,266.6,0,0,0,0,0,1
54000,38.428,0.0,0,0,1,0,5.869,-0.722,0,1,1,0,13.119,0.434,1,0.0,0,0,1,1,0,1,0,1,0,0,0,12192.0,2,1,1,1,0,0,1,0,7.4,268.5,0,0,0,0,0,1
54100,38.428,0.0,0,0,1,0,5.803,-0.658,0,1,1,0,13.157,0.379,1,0.0,0,0,1,1,0,1,0,1,0,0,0,12192.0,2,1,1,1,0,0,1,0,7.3,270.1,0,0,0,0,0,1
54200,38.428,0.0,0,0,1,0,5.743,-0.594,0,1,1,0,13.19,0.325,1,0.0,0,0,1,1,0,1,0,1,0,0,0,12192.0,2,1,1,1,0,0,1,0,8.3,270.7,0,0,0,0,0,1
54300,38.428,0.0,0,0,1,0,5.691,-0.529,0,1,1,0,13.217,0.269,1,0.0,0,0,1,1,0,1,0,1,0,0,0,12192.0,2,1,1,1,0,0,1,0,8.5,266.9,0,0,0,0,0,1
54400,38.428,0.0,0,0,1,0,5.644,-0.464,0,1,1,0,13.238,0.212,1,0.0,0,0,1,1,0,1,0,1,0,0,0,12192.0,2,1,1,1,0,0,1,0,7.6,272.2,0,0,0,0,0,1
54500,38.428,0.0,0,0,1,0,5.604,-0.398,0,1,1,0,13.253,0.153,1,0.0,0,0,1,1,0,1,0,1,0,0,0,12192.0,2,1,1,1,0,0,1,0,8.2,269.9,0,0,0,0,0,1
54600,38.428,0.0,0,0,1,0,5.571,-0.331,0,1,1,0,13.262,0.089,1,0.0,0,0,1,1,0,1,0,1,0,0,0,12192.0,2,1,1,1,0,0,1,0,7.8,270.2,0,0,0,0,0,1
54700,38.428,0.0,0,0,1,0,5.545,-0.263,0,1,1,0,13.266,0.0,0,0.0,0,0,0,1,0,1,0,1,0,0,0,12192.0,2,1,1,1,0,0,1,0,8.4,275.7,0,0,0,0,0,1
54800,38.428,0.0,0,0,1,0,5.526,-0.193,0,1,1,0,13.266,0.0,0,0.0,0,0,0,1,0,1,0,1,0,0,0,12192.0,2,1,1,1,0,0,1,0,8.7,269.3,0,0,0,0,0,1
54900,38.428,0.0,0,0,1,0,5.514,-0.116,0,1,1,0,13.266,0.0,0,0.0,0,0,0,1,0,1,0,1,0,0,0,12192.0,2,1,1,1,0,0,1,0,8.7,269.8,0,0,0,0,0,1
55000,38.428,0.0,0,0,0,0,5.508,0.0,0,0,0,0,13.266,0.0,0,0.0,0,0,0,0,0,1,0,1,0,0,0,12192.0,2,1,1,0,1,0,1,0,8.5,271.5,0,0,0,0,0,1
55100,38.428,0.0,0,0,1,0,5.508,0.0,0,0,1,0,13.261,-0.051,0,0.0,0,0,1,1,0,1,0,1,0,0,0,12192.0,2,1,1,1,0,0,1,0,8.4,265.6,0,0,0,0,0,1
55200,38.428,0.0,0,0,1,0,5.508,0.0,0,0,1,0,13.251,-0.102,0,0.0,0,0,1,1,0,1,0,1,0,0,0,12192.0,2,1,1,1,0,0,1,0,8.7,269.0,0,0,0,0,0,1
55300,38.428,0.0,0,0,1,0,5.508,0.0,0,0,1,0,13.235,-0.152,0,0.0,0,0,1,1,0,1,0,1,0,0,0,12192.0,2,1,1,1,0,0,1,0,8.9,272.9,0,0,0,0,0,1
55400,38.428,0.0,0,0,1,0,5.508,0.0,0,0,1,0,13.215,-0.203,0,0.0,0,0,1,1,0,1,0,1,0,0,0,12192.0,2,1,1,1,0,0,1,0,8.8,273.9,0,0,0,0,0,1
55500,38.428,0.0,0,0,1,0,5.508,0.0,0,0,1,0,13.19,-0.254,0,0.0,0,0,1,1,0,1,0,1,0,0,0,12192.0,2,1,1,1,0,0,1,0,8.5,268.6,0,0,0,0,0,1
55600,38.428,0.0,0,0,1,0,5.508,0.0,0,0,1,0,13.159,-0.305,0,0.0,0,0,1,1,0,1,0,1,0,0,0,12192.0,2,1,1,1,0,0,1,0,9.0,271.1,0,0,0,0,0,1
55700,38.428,0.0,0,0,1,0,5.508,0.0,0,0,1,0,13.124,-0.356,0,0.0,0,0,1,1,0,1,0,1,0,0,0,12192.0,2,1,1,1,0,0,1,0,9.0,275.0,0,0,0,0,0,1
55800,38.428,0.0,0,0,1,0,5.508,0.0,0,0,1,0,13.083,-0.407,0,0.0,0,0,1,1,0,1,0,1,0,0,0,12192.0,2,1,1,1,0,0,1,0,8.6,269.7,0,0,0,0,0,1
55900,38.428,0.0,0,0,1,0,5.508,0.0,0,0,1,0,13.037,-0.457,0,0.0,0,0,1,1,0,1,0,1,0,0,0,12192.0,2,1,1,1,0,0,1,0,8.3,270.0,0,0,0,0,0,1
56000,38.428,0.0,0,0,1,0,5.508,0.0,0,0,1,0,12.986,-0.508,0,0.0,0,0,1,1,0,1,0,1,0,0,0,12192.0,2,1,1,1,0,0,1,0,8.1,267.7,0,0,0,0,0,1
56100,38.428,0.0,0,0,1,0,5.508,0.0,0,0,1,0,12.93,-0.559,0,0.0,0,0,1,1,0,1,0,1,0,0,0,12192.0,2,1,1,1,0,0,1,0,8.4,272.2,0,0,0,0,0,1
56200,38.428,0.0,0,0,1,0,5.508,0.0,0,0,1,0,12.869,-0.61,0,0.0,0,0,1,1,0,1,0,1,0,0,0,12192.0,2,1,1,1,0,0,1,0,9.2,271.2,0,0,0,0,0,1
56300,38.428,0.0,0,0,1,0,5.508,0.0,0,0,1,0,12.803,-0.661,0,0.0,0,0,1,1,0,1,0,1,0,0,0,12192.0,2,1,1,1,0,0,1,0,8.2,268.0,0,0,0,0,0,1
56400,38.428,0.0,0,0,1,0,5.508,0.0,0,0,1,0,12.732,-0.711,0,0.0,0,0,1,1,0,1,0,1,0,0,0,12192.0,2,1,1,1,0,0,1,0,8.4,271.2,0,0,0,0,0,1
56500,38.428,0.0,0,0,1,0,5.508,0.0,0,0,1,0,12.656,-0.762,0,0.0,0,0,1,1,0,1,0,1,0,0,0,12192.0,2,1,1,1,0,0,1,0,8.9,272.4,0,0,0,0,0,1
56600,38.428,0.0,0,0,1,0,5.508,0.0,0,0,1,0,12.575,-0.813,0,0.0,0,0,1,1,0,1,0,1,0,0,0,12192.0,2,1,1,1,0,0,1,0,8.4,273.6,0,0,0,0,0,1
56700,38.428,0.0,0,0,1,0,5.508,0.0,0,0,1,0,12.488,-0.864,0,0.0,0,0,1,1,0,1,0,1,0,0,0,12192.0,2,1,1,1,0,0,1,0,8.0,274.7,0,0,0,0,0,1
56800,38.428,0.0,0,0,1,0,5.508,0.0,0,0,1,0,12.397,-0.915,0,0.0,0,0,1,1,0,1,0,1,0,0,0,12192.0,2,1,1,1,0,0,1,0,8.8,266.8,0,0,0,0,0,1
56900,38.428,0.0,0,0,1,0,5.508,0.0,0,0,1,0,12.3,-0.965,0,0.0,0,0,1,1,0,1,0,1,0,0,0,12192.0,2,1,1,1,0,0,1,0,8.9,273.1,0,0,0,0,0,1
57000,38.428,0.0,0,0,1,0,5.508,0.0,0,0,1,0,12.199,-1.016,0,0.0,0,0,1,1,0,1,0,1,0,0,0,12192.0,2,1,1,1,0,0,1,0,7.9,268.4,0,0,0,0,0,1
57100,38.428,0.0,0,0,1,0,5.508,0.0,0,0,1,0,12.092,-1.067,0,0.0,0,0,1,1,0,1,0,1,0,0,0,12192.0,2,1,1,1,0,0,1,0,9.1,273.1,0,0,0,0,0,1
57200,38.428,0.0,0,0,1,0,5.508,0.0,0,0,1,0,11.98,-1.118,0,0.0,0,0,1,1,0,1,0,1,0,0,0,12192.0,2,1,1,1,0,0,1,0,8.2,268.8,0,0,0,0,0,1
57300,38.428,0.0,0,0,1,0,5.508,0.0,0,0,1,0,11.863,-1.169,0,0.0,0,0,1,1,0,1,0,1,0,0,0,12192.0,2,1,1,1,0,0,1,0,7.4,268.1,0,0,0,0,0,1
57400,38.428,0.0,0,0,1,0,5.508,0.0,0,0,1,0,11.741,-1.22,0,0.0,0,0,1,1,0,1,0,1,0,0,0,12192.0,2,1,1,1,0,0,1,0,8.4,269.8,0,0,0,0,0,1
57500,38.428,0.0,0,0,1,0,5.508,0.0,0,0,1,0,11.615,-1.261,0,0.0,0,0,1,1,0,1,0,1,0,0,0,12192.0,2,1,1,1,0,0,1,0,8.3,273.5,0,0,0,0,0,1
57600,38.428,0.0,0,0,1,0,5.508,0.0,0,0,1,0,11.489,-1.261,0,0.0,0,0,1,1,0,1,0,1,0,0,0,12192.0,2,1,1,1,0,0,1,0,8.4,270.9,0,0,0,0,0,1
57700,38.428,0.0,0,0,1,0,5.508,0.0,0,0,1,0,11.363,-1.261,0,0.0,0,0,1,1,0,1,0,1,0,0,0,12192.0,2,1,1,1,0,0,1,0,8.2,268.1,0,0,0,0,0,1
57800,38.428,0.0,0,0,1,0,5.508,0.0,0,0,1,0,11.237,-1.261,0,0.0,0,0,1,1,0,1,0,1,0,0,0,12192.0,2,1,1,1,0,0,1,0,7.7,266.8,0,0,0,0,0,1
57900,38.428,0.0,0,0,1,0,5.508,0.0,0,0,1,0,11.111,-1.261,0,0.0,0,0,1,1,0,1,0,1,0,0,0,12192.0,2,1,1,1,0,0,1,0,7.8,267.7,0,0,0,0,0,1
58000,38.428,0.0,0,0,1,0,5.508,0.0,0,0,1,0,10.985,-1.261,0,0.0,0,0,1,1,0,1,0,1,0,0,0,12192.0,2,1,1,1,0,0,1,0,8.5,272.3,0,0,0,0,0,1
58100,38.428,0.0,0,0,1,0,5.508,0.0,0,0,1,0,10.859,-1.261,0,0.0,0,0,1,1,0,1,0,1,0,0,0,12192.0,2,1,1,1,0,0,1,0,8.7,269.0,0,0,0,0,0,1
58200,38.428,0.0,0,0,1,0,5.508,0.0,0,0,1,0,10.732,-1.261,0,0.0,0,0,1,1,0,1,0,1,0,0,0,12192.0,2,1,1,1,0,0,1,0,7.4,273.7,0,0,0,0,0,1
58300,38.428,0.0,0,0,1,0,5.508,0.0,0,0,1,0,10.606,-1.261,0,0.0,0,0,1,1,0,1,0,1,0,0,0,12192.0,2,1,1,1,0,0,1,0,8.3,264.7,0,0,0,0,0,1
58400,38.428,0.0,0,0,1,0,5.508,0.0,0,0,1,0,10.48,-1.261,0,0.0,0,0,1,1,0,1,0,1,0,0,0,12192.0,2,1,1,1,0,0,1,0,7.8,273.0,0,0,0,0,0,1
58500,38.428,0.0,0,0,1,0,5.508,0.0,0,0,1,0,10.354,-1.261,0,0.0,0,0,1,1,0,1,0,1,0,0,0,12192.0,2,1,1,1,0,0,1,0,8.4,271.5,0,0,0,0,0,1
58600,38.428,0.0,0,0,1,0,5.508,0.0,0,0,1,0,10.228,-1.261,0,0.0,0,0,1,1,0,1,0,1,0,0,0,12192.0,2,1,1,1,0,0,1,0,8.0,274.4,0,0,0,0,0,1
58700,38.428,0.0,0,0,1,0,5.508,0.0,0,0,1,0,10.102,-1.261,0,0.0,0,0,1,1,0,1,0,1,0,0,0,12192.0,2,1,1,1,0,0,1,0,7.2,264.5,0,0,0,0,0,1
58800,38.428,0.0,0,0,1,0,5.508,0.0,0,0,1,0,9.976,-1.261,0,0.0,0,0,1,1,0,1,0,1,0,0,0,12192.0,2,1,1,1,0,0,1,0,7.1,268.0,0,0,0,0,0,1
58900,38.428,0.0,0,0,1,0,5.508,0.0,0,0,1,0,9.85,-1.261,0,0.0,0,0,1,1,0,1,0,1,0,0,0,12192.0,2,1,1,1,0,0,1,0,7.5,270.6,0,0,0,0,0,1
59000,38.428,0.0,0,0,1,0,5.508,0.0,0,0,1,0,9.723,-1.261,0,0.0,0,0,1,1,0,1,0,1,0,0,0,12192.0,2,1,1,1,0,0,1,0,8.1,271.1,0,0,0,0,0,1
59100,38.428,0.0,0,0,1,0,5.508,0.0,0,0,1,0,9.597,-1.261,0,0.0,0,0,1,1,0,1,0,1,0,0,0,12192.0,2,1,1,1,0,0,1,0,7.5,270.5,0,0,0,0,0,1
59200,38.428,0.0,0,0,1,0,5.508,0.0,0,0,1,0,9.471,-1.261,0,0.0,0,0,1,1,0,1,0,1,0,0,0,12192.0,2,1,1,1,0,0,1,0,7.8,267.1,0,0,0,0,0,1
59300,38.428,0.0,0,0,1,0,5.508,0.0,0,0,1,0,9.345,-1.261,0,0.0,0,0,1,1,0,1,0,1,0,0,0,12192.0,2,1,1,1,0,0,1,0,6.7,268.1,0,0,0,0,0,1
59400,38.428,0.0,0,0,1,0,5.508,0.0,0,0,1,0,9.219,-1.261,0,0.0,0,0,1,1,0,1,0,1,0,0,0,12192.0,2,1,1,1,0,0,1,0,7.8,270.0,0,0,0,0,0,1
59500,38.428,0.0,0,0,1,0,5.508,0.0,0,0,1,0,9.093,-1.261,0,0.0,0,0,1,1,0,1,0,1,0,0,0,12192.0,2,1,1,1,0,0,1,0,7.4,272.3,0,0,0,0,0,1
59600,38.428,0.0,0,0,1,0,5.508,0.0,0,0,1,0,8.967,-1.261,0,0.0,0,0,1,1,0,1,0,1,0,0,0,12192.0,2,1,1,1,0,0,1,0,7.4,272.4,0,0,0,0,0,1
59700,38.428,0.0,0,0,1,0,5.508,0.0,0,0,1,0,8.841,-1.261,0,0.0,0,0,1,1,0,1,0,1,0,0,0,12192.0,2,1,1,1,0,0,1,0,6.5,271.8,0,0,0,0,0,1
59800,38.428,0.0,0,0,1,0,5.508,0.0,0,0,1,0,8.714,-1.261,0,0.0,0,0,1,1,0,1,0,1,0,0,0,12192.0,2,1,1,1,0,0,1,0,7.5,274.1,0,0,0,0,0,1
59900,38.428,0.0,0,0,1,0,5.508,0.0,0,0,1,0,8.588,-1.261,0,0.0,0,0,1,1,0,1,0,1,0,0,0,12192.0,2,1,1,1,0,0,1,0,7.1,265.4,0,0,0,0,0,1
60000,38.428,0.0,0,0,1,0,5.508,0.0,0,0,1,0,8.462,-1.261,0,0.0,0,0,1,1,0,1,0,1,0,0,0,12192.0,2,1,1,1,0,0,1,0,6.9,272.9,0,0,0,0,0,1
60100,38.428,0.0,0,0,1,0,5.508,0.0,0,0,1,0,8.336,-1.261,0,0.0,0,0,1,1,0,1,0,1,0,0,0,12192.0,2,1,1,1,0,0,1,0,7.3,265.4,0,0,0,0,0,1
60200,38.428,0.0,0,0,1,0,5.508,0.0,0,0,1,0,8.21,-1.261,0,0.0,0,0,1,1,0,1,0,1,0,0,0,12192.0,2,1,1,1,0,0,1,0,6.7,270.5,0,0,0,0,0,1
60300,38.428,0.0,0,0,1,0,5.508,0.0,0,0,1,0,8.084,-1.261,0,0.0,0,0,1,1,0,1,0,1,0,0,0,12192.0,2,1,1,1,0,0,1,0,6.7,266.8,0,0,0,0,0,1
60400,38.428,0.0,0,0,1,0,5.508,0.0,0,0,1,0,7.958,-1.261,0,0.0,0,0,1,1,0,1,0,1,0,0,0,12192.0,2,1,1,1,0,0,1,0,7.4,270.3,0,0,0,0,0,1
60500,38.428,0.0,0,0,1,0,5.508,0.0,0,0,1,0,7.832,-1.261,0,0.0,0,0,1,1,0,1,0,1,0,0,0,12192.0,2,1,1,1,0,0,1,0,6.8,275.3,0,0,0,0,0,1
60600,38.428,0.0,0,0,1,0,5.508,0.0,0,0,1,0,7.705,-1.261,0,0.0,0,0,1,1,0,1,0,1,0,0,0,12192.0,2,1,1,1,0,0,1,0,6.9,269.8,0,0,0,0,0,1
60700,38.428,0.0,0,0,1,0,5.508,0.0,0,0,1,0,7.579,-1.261,0,0.0,0,0,1,1,0,1,0,1,0,0,0,12192.0,2,1,1,1,0,0,1,0,7.7,272.7,0,0,0,0,0,1
60800,38.428,0.0,0,0,1,0,5.508,0.0,0,0,1,0,7.453,-1.261,0,0.0,0,0,1,1,0,1,0,1,0,0,0,12192.0,2,1,1,1,0,0,1,0,7.5,270.1,0,0,0,0,0,1
60900,38.428,0.0,0,0,1,0,5.508,0.0,0,0,1,0,7.327,-1.261,0,0.0,0,0,1,1,0,1,0,1,0,0,0,12192.0,2,1,1,1,0,0,1,0,7.0,270.3,0,0,0,0,0,1
61000,38.428,0.0,0,0,1,0,5.508,0.0,0,0,1,0,7.201,-1.261,0,0.0,0,0,1,1,0,1,0,1,0,0,0,12192.0,2,1,1,1,0,0,1,0,8.0,266.7,0,0,0,0,0,1
61100,38.428,0.0,0,0,1,0,5.508,0.0,0,0,1,0,7.075,-1.261,0,0.0,0,0,1,1,0,1,0,1,0,0,0,12192.0,2,1,1,1,0,0,1,0,7.8,267.0,0,0,0,0,0,1
61200,38.428,0.0,0,0,1,0,5.508,0.0,0,0,1,0,6.949,-1.261,0,0.0,0,0,1,1,0,1,0,1,0,0,0,12192.0,2,1,1,1,0,0,1,0,7.9,267.3,0,0,0,0,0,1
61300,38.428,0.0,0,0,1,0,5.508,0.0,0,0,1,0,6.823,-1.261,0,0.0,0,0,1,1,0,1,0,1,0,0,0,12192.0,2,1,1,1,0,0,1,0,6.9,263.2,0,0,0,0,0,1
61400,38.428,0.0,0,0,1,0,5.508,0.0,0,0,1,0,6.697,-1.261,0,0.0,0,0,1,1,0,1,0,1,0,0,0,12192.0,2,1,1,1,0,0,1,0,8.8,269.9,0,0,0,0,0,1
61500,38.428,0.0,0,0,1,0,5.508,0.0,0,0,1,0,6.57,-1.261,0,0.0,0,0,1,1,0,1,0,1,0,0,0,12192.0,2,1,1,1,0,0,1,0,7.3,272.2,0,0,0,0,0,1
61600,38.428,0.0,0,0,1,0,5.508,0.0,0,0,1,0,6.444,-1.261,0,0.0,0,0,1,1,0,1,0,1,0,0,0,12192.0,2,1,1,1,0,0,1,0,8.1,271.2,0,0,0,0,0,1
61700,38.428,0.0,0,0,1,0,5.508,0.0,0,0,1,0,6.318,-1.261,0,0.0,0,0,1,1,0,1,0,1,0,0,0,12192.0,2,1,1,1,0,0,1,0,7.7,270.7,0,0,0,0,0,1
61800,38.428,0.0,0,0,1,0,5.508,0.0,0,0,1,0,6.192,-1.261,0,0.0,0,0,1,1,0,1,0,1,0,0,0,12192.0,2,1,1,1,0,0,1,0,7.7,272.9,0,0,0,0,0,1
61900,38.428,0.0,0,0,1,0,5.508,0.0,0,0,1,0,6.066,-1.261,0,0.0,0,0,1,1,0,1,0,1,0,0,0,12192.0,2,1,1,1,0,0,1,0,7.3,271.6,0,0,0,0,0,1
62000,38.428,0.0,0,0,1,0,5.508,0.0,0,0,1,0,5.94,-1.261,0,0.0,0,0,1,1,0,1,0,1,0,0,0,12192.0,2,1,1,1,0,0,1,0,7.7,271.7,0,0,0,0,0,1
62100,38.428,0.0,0,0,1,0,5.508,0.0,0,0,1,0,5.814,-1.261,0,0.0,0,0,1,1,0,1,0,1,0,0,0,12192.0,2,1,1,1,0,0,1,0,7.5,272.7,0,0,0,0,0,1
62200,38.428,0.0,0,0,1,0,5.508,0.0,0,0,1,0,5.688,-1.261,0,0.0,0,0,1,1,0,1,0,1,0,0,0,12192.0,2,1,1,1,0,0,1,0,7.3,268.2,0,0,0,0,0,1
62300,38.428,0.0,0,0,1,0,5.508,0.0,0,0,1,0,5.561,-1.261,0,0.0,0,0,1,1,0,1,0,1,0,0,0,12192.0,2,1,1,1,0,0,1,0,8.0,270.6,0,0,0,0,0,1
62400,38.428,0.0,0,0,1,0,5.508,0.0,0,0,1,0,5.435,-1.261,0,0.0,0,0,1,1,0,1,0,1,0,0,0,12192.0,2,1,1,1,0,0,1,0,8.6,273.2,0,0,0,0,0,1
62500,38.428,0.0,0,0,1,0,5.508,0.0,0,0,1,0,5.309,-1.261,0,0.0,0,0,1,1,0,1,0,1,0,0,0,12192.0,2,1,1,1,0,0,1,0,7.8,272.8,0,0,0,0,0,1
62600,38.428,0.0,0,0,1,0,5.508,0.0,0,0,1,0,5.183,-1.261,0,0.0,0,0,1,1,0,1,0,1,0,0,0,12192.0,2,1,1,1,0,0,1,0,8.5,277.1,0,0,0,0,0,1
62700,38.428,0.0,0,0,1,0,5.508,0.0,0,0,1,0,5.057,-1.261,0,0.0,0,0,1,1,0,1,0,1,0,0,0,12192.0,2,1,1,1,0,0,1,0,7.6,270.9,0,0,0,0,0,1
62800,38.428,0.0,0,0,1,0,5.508,0.0,0,0,1,0,4.931,-1.261,0,0.0,0,0,1,1,0,1,0,1,0,0,0,12192.0,2,1,1,1,0,0,1,0,8.4,267.2,0,0,0,0,0,1
62900,38.428,0.0,0,0,1,0,5.508,0.0,0,0,1,0,4.805,-1.261,0,0.0,0,0,1,1,0,1,0,1,0,0,0,12192.0,2,1,1,1,0,0,1,0,8.2,274.8,0,0,0,0,0,1
63000,38.428,0.0,0,0,1,0,5.508,0.0,0,0,1,0,4.679,-1.261,0,0.0,0,0,1,1,0,1,0,1,0,0,0,12192.0,2,1,1,1,0,0,1,0,7.4,269.7,0,0,0,0,0,1
63100,38.428,0.0,0,0,1,0,5.508,0.0,0,0,1,0,4.552,-1.261,0,0.0,0,0,1,1,0,1,0,1,0,0,0,12192.0,2,1,1,1,0,0,1,0,8.4,268.8,0,0,0,0,0,1
63200,38.428,0.0,0,0,1,0,5.508,0.0,0,0,1,0,4.426,-1.261,0,0.0,0,0,1,1,0,1,0,1,0,0,0,12192.0,2,1,1,1,0,0,1,0,8.2,272.3,0,0,0,0,0,1
63300,38.428,0.0,0,0,1,0,5.508,0.0,0,0,1,0,4.3,-1.261,0,0.0,0,0,1,1,0,1,0,1,0,0,0,12192.0,2,1,1,1,0,0,1,0,7.8,269.6,0,0,0,0,0,1
63400,38.428,0.0,0,0,1,0,5.508,0.0,0,0,1,0,4.174,-1.261,0,0.0,0,0,1,1,0,1,0,1,0,0,0,12192.0,2,1,1,1,0,0,1,0,8.1,268.8,0,0,0,0,0,1
63500,38.428,0.0,0,0,1,0,5.508,0.0,0,0,1,0,4.053,-1.21,0,0.0,0,0,1,1,0,1,0,1,0,0,0,12192.0,2,1,1,1,0,0,1,0,8.5,265.4,0,0,0,0,0,1
63600,38.428,0.0,0,0,1,0,5.508,0.0,0,0,1,0,3.937,-1.16,0,0.0,0,0,1,1,0,1,0,1,0,0,0,12192.0,2,1,1,1,0,0,1,0,8.8,271.9,0,0,0,0,0,1
63700,38.428,0.0,0,0,1,0,5.508,0.0,0,0,1,0,3.826,-1.109,0,0.0,0,0,1,1,0,1,0,1,0,0,0,12192.0,2,1,1,1,0,0,1,0,8.2,266.4,0,0,0,0,0,1
63800,38.428,0.0,0,0,1,0,5.508,0.0,0,0,1,0,3.72,-1.058,0,0.0,0,0,1,1,0,1,0,1,0,0,0,12192.0,2,1,1,1,0,0,1,0,8.4,274.2,0,0,0,0,0,1
63900,38.428,0.0,0,0,1,0,5.508,0.0,0,0,1,0,3.62,-1.007,0,0.0,0,0,1,1,0,1,0,1,0,0,0,12192.0,2,1,1,1,0,0,1,0,8.5,268.4,0,0,0,0,0,1
64000,38.428,0.0,0,0,1,0,5.508,0.0,0,0,1,0,3.524,-0.956,0,0.0,0,0,1,1,0,1,0,1,0,0,0,12192.0,2,1,1,1,0,0,1,0,8.1,269.4,0,0,0,0,0,1
64100,38.428,0.0,0,0,1,0,5.508,0.0,0,0,1,0,3.433,-0.906,0,0.0,0,0,1,1,0,1,0,1,0,0,0,12192.0,2,1,1,1,0,0,1,0,8.3,268.0,0,0,0,0,0,1
64200,38.428,0.0,0,0,1,0,5.508,0.0,0,0,1,0,3.348,-0.855,0,0.0,0,0,1,1,0,1,0,1,0,0,0,12192.0,2,1,1,1,0,0,1,0,7.3,267.9,0,0,0,0,0,1
64300,38.428,0.0,0,0,1,0,5.508,0.0,0,0,1,0,3.268,-0.804,0,0.0,0,0,1,1,0,1,0,1,0,0,0,12192.0,2,1,1,1,0,0,1,0,8.9,267.1,0,0,0,0,0,1
64400,38.428,0.0,0,0,1,0,5.508,0.0,0,0,1,0,3.192,-0.753,0,0.0,0,0,1,1,0,1,0,1,0,0,0,12192.0,2,1,1,1,0,0,1,0,8.4,267.7,0,0,0,0,0,1
64500,38.428,0.0,0,0,1,0,5.508,0.0,0,0,1,0,3.122,-0.702,0,0.0,0,0,1,1,0,1,0,1,0,0,0,12192.0,2,1,1,1,0,0,1,0,7.5,269.3,0,0,0,0,0,1
64600,38.428,0.0,0,0,1,0,5.508,0.0,0,0,1,0,3.057,-0.651,0,0.0,0,0,1,1,0,1,0,1,0,0,0,12192.0,2,1,1,1,0,0,1,0,8.8,271.9,0,0,0,0,0,1
64700,38.428,0.0,0,0,1,0,5.508,0.0,0,0,1,0,2.997,-0.601,0,0.0,0,0,1,1,0,1,0,1,0,0,0,12192.0,2,1,1,1,0,0,1,0,8.9,271.1,0,0,0,0,0,1
64800,38.428,0.0,0,0,1,0,5.508,0.0,0,0,1,0,2.942,-0.55,0,0.0,0,0,1,1,0,1,0,1,0,0,0,12192.0,2,1,1,1,0,0,1,0,8.8,268.5,0,0,0,0,0,1
64900,38.428,0.0,0,0,1,0,5.508,0.0,0,0,1,0,2.892,-0.499,0,0.0,0,0,1,1,0,1,0,1,0,0,0,12192.0,2,1,1,1,0,0,1,0,9.2,267.5,0,0,0,0,0,1
65000,38.428,0.0,0,0,1,0,5.508,0.0,0,0,1,0,2.847,-0.448,0,0.0,0,0,1,1,0,1,0,1,0,0,0,12192.0,2,1,1,1,0,0,1,0,7.7,272.2,0,0,0,0,0,1
65100,38.428,0.0,0,0,1,0,5.508,0.0,0,0,1,0,2.807,-0.397,0,0.0,0,0,1,1,0,1,0,1,0,0,0,12192.0,2,1,1,1,0,0,1,0,9.0,269.1,0,0,0,0,0,1
65200,38.428,0.0,0,0,1,0,5.508,0.0,0,0,1,0,2.773,-0.347,0,0.0,0,0,1,1,0,1,0,1,0,0,0,12192.0,2,1,1,1,0,0,1,0,9.2,267.6,0,0,0,0,0,1
65300,38.428,0.0,0,0,1,0,5.508,0.0,0,0,1,0,2.743,-0.296,0,0.0,0,0,1,1,0,1,0,1,0,0,0,12192.0,2,1,1,1,0,0,1,0,8.0,272.6,0,0,0,0,0,1
65400,38.428,0.0,0,0,1,0,5.508,0.0,0,0,1,0,2.719,-0.245,0,0.0,0,0,1,1,0,1,0,1,0,0,0,12192.0,2,1,1,1,0,0,1,0,8.6,272.1,0,0,0,0,0,1
65500,38.428,0.0,0,0,1,0,5.508,0.0,0,0,1,0,2.699,-0.194,0,0.0,0,0,1,1,0,1,0,1,0,0,0,12192.0,2,1,1,1,0,0,1,0,8.2,270.5,0,0,0,0,0,1
65600,38.428,0.0,0,0,1,0,5.508,0.0,0,0,1,0,2.685,-0.143,0,0.0,0,0,1,1,0,1,0,1,0,0,0,12192.0,2,1,1,1,0,0,1,0,8.1,267.4,0,0,0,0,0,1
65700,38.428,0.0,0,0,1,0,5.508,0.0,0,0,1,0,2.676,-0.092,0,0.0,0,0,1,1,0,1,0,1,0,0,0,12192.0,2,1,1,1,0,0,1,0,8.7,267.4,0,0,0,0,0,1
65800,38.428,0.0,0,0,0,0,5.508,0.0,0,0,0,0,2.672,0.0,0,0.0,0,0,0,0,0,1,0,1,0,0,0,12192.0,2,1,1,0,1,0,1,0,8.4,271.8,0,0,0,0,0,1
65900,38.428,0.0,0,0,0,0,5.508,0.0,0,0,0,0,2.672,0.0,0,0.0,0,0,0,0,0,1,0,1,1,1,0,12192.0,2,1,1,0,1,0,1,0,8.7,272.4,0,0,0,0,0,1
66000,38.428,0.0,0,0,0,0,5.508,0.0,0,0,0,0,2.672,0.0,0,0.0,0,0,0,0,0,1,0,1,1,1,0,12192.0,2,1,1,0,1,0,1,0,8.4,267.8,0,0,0,0,0,1
66100,38.428,0.0,0,0,0,0,5.508,0.0,0,0,0,0,2.672,0.0,0,0.0,0,0,0,0,0,1,0,1,1,1,0,12192.0,2,1,1,0,1,0,1,0,9.6,265.5,0,0,0,0,0,1
66200,38.428,0.0,0,0,0,0,5.508,0.0,0,0,0,0,2.672,0.0,0,0.0,0,0,0,0,0,1,0,1,1,1,0,12192.0,2,1,1,0,1,0,1,0,9.4,268.4,0,0,0,0,0,1
66300,38.428,0.0,0,0,0,0,5.508,0.0,0,0,0,0,2.672,0.0,0,0.0,0,0,0,0,0,1,0,1,1,1,0,12192.0,2,1,1,0,1,0,1,0,7.7,267.8,0,0,0,0,0,1
66400,38.428,0.0,0,0,0,0,5.508,0.0,0,0,0,0,2.672,0.0,0,0.0,0,0,0,0,0,1,0,1,1,1,0,12192.0,2,1,1,0,1,0,1,0,8.9,272.0,0,0,0,0,0,1
66500,38.428,0.0,0,0,0,0,5.508,0.0,0,0,0,0,2.672,0.0,0,0.0,0,0,0,0,0,1,0,1,1,1,0,12192.0,2,1,1,0,1,0,1,0,8.5,271.8,0,0,0,0,0,1
66600,38.428,0.0,0,0,0,0,5.508,0.0,0,0,0,0,2.672,0.0,0,0.0,0,0,0,0,0,1,0,1,1,1,0,12192.0,2,1,1,0,1,0,1,0,8.6,273.6,0,0,0,0,0,1
66700,38.428,0.0,0,0,0,0,5.508,0.0,0,0,0,0,2.672,0.0,0,0.0,0,0,0,0,0,1,0,1,1,1,0,12192.0,2,1,1,0,1,0,1,0,7.8,270.7,0,0,0,0,0,1
66800,38.428,0.0,0,0,0,0,5.508,0.0,0,0,0,0,2.672,0.0,0,0.0,0,0,0,0,0,1,0,1,1,1,0,12192.0,2,1,1,0,1,0,1,0,8.6,270.2,0,0,0,0,0,1
66900,38.428,0.0,0,0,0,0,5.508,0.0,0,0,0,0,2.672,0.0,0,31.95,0,0,0,0,0,1,1,0,1,1,0,12192.0,2,1,1,0,1,0,1,0,8.1,270.8,0,0,0,0,0,1
67000,38.428,0.0,0,0,0,0,5.508,0.0,0,0,0,0,2.672,0.0,0,31.96,0,0,0,0,0,1,1,0,1,1,0,12192.0,2,1,1,0,1,0,1,0,8.0,269.7,0,0,0,0,0,1
67100,38.428,0.0,0,0,0,0,5.508,0.0,0,0,0,0,2.672,0.0,0,32.02,0,0,0,0,0,1,1,0,1,1,0,12192.0,2,1,1,0,1,0,1,0,8.9,267.4,0,0,0,0,0,1
67200,38.428,0.0,0,0,0,0,5.508,0.0,0,0,0,0,2.672,0.0,0,31.94,0,0,0,0,0,1,1,0,1,1,0,12192.0,2,1,1,0,1,0,1,0,6.8,267.5,0,0,0,0,0,1
67300,38.428,0.0,0,0,0,0,5.508,0.0,0,0,0,0,2.672,0.0,0,31.87,0,0,0,0,0,1,1,0,1,1,0,12192.0,2,1,1,0,1,0,1,0,7.6,269.9,0,0,0,0,0,1
67400,38.428,0.0,0,0,0,0,5.508,0.0,0,0,0,0,2.672,0.0,0,32.04,0,0,0,0,0,1,1,0,1,1,0,12192.0,2,1,1,0,1,0,1,0,7.7,268.7,0,0,0,0,0,1
67500,38.428,0.0,0,0,0,0,5.508,0.0,0,0,0,0,2.672,0.0,0,32.1,0,0,0,0,0,1,1,0,1,1,0,12192.0,2,1,1,0,1,0,1,0,7.6,272.4,0,0,0,0,0,1
67600,38.428,0.0,0,0,0,0,5.508,0.0,0,0,0,0,2.672,0.0,0,32.05,0,0,0,0,0,1,1,0,1,1,0,12192.0,2,1,1,0,1,0,1,0,8.2,268.0,0,0,0,0,0,1
67700,38.428,0.0,0,0,0,0,5.508,0.0,0,0,0,0,2.672,0.0,0,32.01,0,0,0,0,0,1,1,0,1,1,0,12192.0,2,1,1,0,1,0,1,0,7.5,272.2,0,0,0,0,0,1
67800,38.428,0.0,0,0,0,0,5.508,0.0,0,0,0,0,2.672,0.0,0,32.02,0,0,0,0,0,1,1,0,1,1,0,12192.0,2,1,1,0,1,0,1,0,7.8,271.7,0,0,0,0,0,1
67900,38.428,0.0,0,0,0,0,5.508,0.0,0,0,0,0,2.672,0.0,0,32.01,0,0,0,0,0,1,1,0,1,1,0,12192.0,2,1,1,0,1,0,1,0,8.0,270.5,0,0,0,0,0,1
68000,38.428,0.0,0,0,0,0,5.508,0.0,0,0,0,0,2.672,0.0,0,31.97,0,0,0,0,0,1,1,0,1,1,0,12192.0,2,1,1,0,1,0,1,0,8.1,271.7,0,0,0,0,0,1
68100,38.428,0.0,0,0,0,0,5.508,0.0,0,0,0,0,2.672,0.0,0,31.92,0,0,0,0,0,1,1,0,1,1,0,12192.0,2,1,1,0,1,0,1,0,7.0,271.6,0,0,0,0,0,1
68200,38.428,0.0,0,0,0,0,5.508,0.0,0,0,0,0,2.672,0.0,0,32.0,0,0,0,0,0,1,1,0,1,1,0,12192.0,2,1,1,0,1,0,1,0,7.4,270.0,0,0,0,0,0,1
68300,38.428,0.0,0,0,0,0,5.508,0.0,0,0,0,0,2.672,0.0,0,31.9,0,0,0,0,0,1,1,0,1,1,0,12192.0,2,1,1,0,1,0,1,0,8.1,270.2,0,0,0,0,0,1
68400,38.428,0.0,0,0,0,0,5.508,0.0,0,0,0,0,2.672,0.0,0,31.99,0,0,0,0,0,1,1,0,1,1,0,12192.0,2,1,1,0,1,0,1,0,7.6,269.9,0,0,0,0,0,1
68500,38.428,0.0,0,0,0,0,5.508,0.0,0,0,0,0,2.672,0.0,0,32.16,0,0,0,0,0,1,1,0,1,1,0,12192.0,2,1,1,0,1,0,1,0,6.8,266.4,0,0,0,0,0,1
68600,38.428,0.0,0,0,1,0,5.508,0.0,0,0,1,0,2.677,0.051,1,33.68,0,0,1,1,0,1,1,0,0,1,0,12192.0,2,1,1,1,0,0,1,0,7.6,266.8,0,0,0,0,0,1
68700,38.428,0.0,0,0,1,0,5.508,0.0,0,0,1,0,2.687,0.102,1,33.72,0,0,1,1,0,1,1,0,0,1,0,12192.0,2,1,1,1,0,0,1,0,7.9,270.3,0,0,0,0,0,1
68800,38.428,0.0,0,0,1,0,5.508,0.0,0,0,1,0,2.702,0.152,1,33.65,0,0,1,1,0,1,1,0,0,1,0,12192.0,2,1,1,1,0,0,1,0,7.4,265.5,0,0,0,0,0,1
68900,38.428,0.0,0,0,1,0,5.508,0.0,0,0,1,0,2.722,0.203,1,33.69,0,0,1,1,0,1,1,0,0,1,0,12192.0,2,1,1,1,0,0,1,0,7.7,268.1,0,0,0,0,0,1
69000,38.428,0.0,0,0,1,0,5.508,0.0,0,0,1,0,2.748,0.254,1,33.53,0,0,1,1,0,1,1,0,0,1,0,12192.0,2,1,1,1,0,0,1,0,7.7,271.1,0,0,0,0,0,1
69100,38.428,0.0,0,0,1,0,5.508,0.0,0,0,1,0,2.778,0.305,1,33.81,0,0,1,1,0,1,1,0,0,1,0,12192.0,2,1,1,1,0,0,1,0,8.1,272.3,0,0,0,0,0,1
69200,38.428,0.0,0,0,1,0,5.508,0.0,0,0,1,0,2.814,0.356,1,33.62,0,0,1,1,0,1,1,0,0,1,0,12192.0,2,1,1,1,0,0,1,0,7.6,264.9,0,0,0,0,0,1
69300,38.428,0.0,0,0,1,0,5.508,0.0,0,0,1,0,2.855,0.407,1,33.61,0,0,1,1,0,1,1,0,0,1,0,12192.0,2,1,1,1,0,0,1,0,7.8,272.4,0,0,0,0,0,1
69400,38.428,0.0,0,0,1,0,5.508,0.0,0,0,1,0,2.9,0.457,1,33.74,0,0,1,1,0,1,1,0,0,1,0,12192.0,2,1,1,1,0,0,1,0,7.4,272.5,0,0,0,0,0,1
69500,38.428,0.0,0,0,1,0,5.508,0.0,0,0,1,0,2.951,0.508,1,33.57,0,0,1,1,0,1,1,0,0,1,0,12192.0,2,1,1,1,0,0,1,0,7.5,271.1,0,0,0,0,0,1
69600,38.428,0.0,0,0,1,0,5.508,0.0,0,0,1,0,3.007,0.559,1,33.62,0,0,1,1,0,1,1,0,0,1,0,12192.0,2,1,1,1,0,0,1,0,7.2,270.8,0,0,0,0,0,1
69700,38.428,0.0,0,0,1,0,5.508,0.0,0,0,1,0,3.068,0.61,1,34.01,0,0,1,1,0,1,1,0,0,1,0,12192.0,2,1,1,1,0,0,1,0,7.4,268.4,0,0,0,0,0,1
69800,38.428,0.0,0,0,1,0,5.508,0.0,0,0,1,0,3.134,0.661,1,33.5,0,0,1,1,0,1,1,0,0,1,0,12192.0,2,1,1,1,0,0,1,0,7.0,270.9,0,0,0,0,0,1
69900,38.428,0.0,0,0,1,0,5.508,0.0,0,0,1,0,3.205,0.711,1,33.48,0,0,1,1,0,1,1,0,0,1,0,12192.0,2,1,1,1,0,0,1,0,7.9,269.0,0,0,0,0,0,1
70000,38.428,0.0,0,0,1,0,5.508,0.0,0,0,1,0,3.281,0.762,1,33.76,0,0,1,1,0,1,1,0,0,1,0,12192.0,2,1,1,1,0,0,1,0,7.1,269.5,0,0,0,0,0,1
70100,38.428,0.0,0,0,1,0,5.508,0.0,0,0,1,0,3.363,0.813,1,33.66,0,0,1,1,0,1,1,0,0,1,0,12192.0,2,1,1,1,0,0,1,0,8.2,271.3,0,0,0,0,0,1
70200,38.428,0.0,0,0,1,0,5.508,0.0,0,0,1,0,3.449,0.864,1,33.54,0,0,1,1,0,1,1,0,0,1,0,12192.0,2,1,1,1,0,0,1,0,7.4,262.6,0,0,0,0,0,1
70300,38.428,0.0,0,0,1,0,5.508,0.0,0,0,1,0,3.541,0.915,1,33.84,0,0,1,1,0,1,1,0,0,1,0,12192.0,2,1,1,1,0,0,1,0,7.5,268.4,0,0,0,0,0,1
70400,38.428,0.0,0,0,1,0,5.508,0.0,0,0,1,0,3.637,0.965,1,33.46,0,0,1,1,0,1,1,0,0,1,0,12192.0,2,1,1,1,0,0,1,0,7.2,267.0,0,0,0,0,0,1
70500,38.428,0.0,0,0,1,0,5.508,0.0,0,0,1,0,3.739,1.016,1,33.62,0,0,1,1,0,1,1,0,0,1,0,12192.0,2,1,1,1,0,0,1,0,7.1,270.5,0,0,0,0,0,1
70600,38.428,0.0,0,0,1,0,5.508,0.0,0,0,1,0,3.845,1.067,1,33.6,0,0,1,1,0,1,1,0,0,1,0,12192.0,2,1,1,1,0,0,1,0,7.9,266.0,0,0,0,0,0,1
70700,38.428,0.0,0,0,1,0,5.508,0.0,0,0,1,0,3.957,1.118,1,33.43,0,0,1,1,0,1,1,0,0,1,0,12192.0,2,1,1,1,0,0,1,0,7.4,273.5,0,0,0,0,0,1
70800,38.428,0.0,0,0,1,0,5.508,0.0,0,0,1,0,4.074,1.169,1,33.65,0,0,1,1,0,1,1,0,0,1,0,12192.0,2,1,1,1,0,0,1,0,7.5,271.8,0,0,0,0,0,1
70900,38.428,0.0,0,0,1,0,5.508,0.0,0,0,1,0,4.196,1.22,1,33.56,0,0,1,1,0,1,1,0,0,1,0,12192.0,2,1,1,1,0,0,1,0,7.1,266.6,0,0,0,0,0,1
71000,38.428,0.0,0,0,1,0,5.508,0.0,0,0,1,0,4.322,1.261,1,33.72,0,0,1,1,0,1,1,0,0,1,0,12192.0,2,1,1,1,0,0,1,0,6.7,271.0,0,0,0,0,0,1
71100,38.428,0.0,0,0,1,0,5.508,0.0,0,0,1,0,4.448,1.261,1,33.77,0,0,1,1,0,1,1,0,0,1,0,12192.0,2,1,1,1,0,0,1,0,6.6,270.3,0,0,0,0,0,1
71200,38.428,0.0,0,0,1,0,5.508,0.0,0,0,1,0,4.574,1.261,1,33.55,0,0,1,1,0,1,1,0,0,1,0,12192.0,2,1,1,1,0,0,1,0,8.5,268.2,0,0,0,0,0,1
71300,38.428,0.0,0,0,1,0,5.508,0.0,0,0,1,0,4.701,1.261,1,33.82,0,0,1,1,0,1,1,0,0,1,0,12192.0,2,1,1,1,0,0,1,0,7.5,274.4,0,0,0,0,0,1
71400,38.428,0.0,0,0,1,0,5.508,0.0,0,0,1,0,4.827,1.261,1,33.66,0,0,1,1,0,1,1,0,0,1,0,12192.0,2,1,1,1,0,0,1,0,7.5,273.1,0,0,0,0,0,1
71500,38.428,0.0,0,0,1,0,5.508,0.0,0,0,1,0,4.953,1.261,1,33.85,0,0,1,1,0,1,1,0,0,1,0,12192.0,2,1,1,1,0,0,1,0,8.3,271.1,0,0,0,0,0,1
71600,38.428,0.0,0,0,1,0,5.508,0.0,0,0,1,0,5.079,1.261,1,33.82,0,0,1,1,0,1,1,0,0,1,0,12192.0,2,1,1,1,0,0,1,0,7.6,269.9,0,0,0,0,0,1
71700,38.428,0.0,0,0,1,0,5.508,0.0,0,0,1,0,5.205,1.261,1,33.6,0,0,1,1,0,1,1,0,0,1,0,12192.0,2,1,1,1,0,0,1,0,8.1,266.6,0,0,0,0,0,1
71800,38.428,0.0,0,0,1,0,5.508,0.0,0,0,1,0,5.331,1.261,1,33.46,0,0,1,1,0,1,1,0,0,1,0,12192.0,2,1,1,1,0,0,1,0,8.1,271.7,0,0,0,0,0,1
71900,38.428,0.0,0,0,1,0,5.508,0.0,0,0,1,0,5.457,1.261,1,33.8,0,0,1,1,0,1,1,0,0,1,0,12192.0,2,1,1,1,0,0,1,0,8.1,270.6,0,0,0,0,0,1
72000,38.428,0.0,0,0,1,0,5.508,0.0,0,0,1,0,5.583,1.261,1,33.75,0,0,1,1,0,1,1,0,0,1,0,12192.0,2,1,1,1,0,0,1,0,8.2,272.3,0,0,0,0,0,1
72100,38.428,0.0,0,0,1,0,5.508,0.0,0,0,1,0,5.71,1.261,1,33.79,0,0,1,1,0,1,1,0,0,1,0,12192.0,2,1,1,1,0,0,1,0,8.2,270.2,0,0,0,0,0,1
72200,38.428,0.0,0,0,1,0,5.508,0.0,0,0,1,0,5.836,1.261,1,33.66,0,0,1,1,0,1,1,0,0,1,0,12192.0,2,1,1,1,0,0,1,0,8.8,267.4,0,0,0,0,0,1
72300,38.428,0.0,0,0,1,0,5.508,0.0,0,0,1,0,5.962,1.261,1,33.56,0,0,1,1,0,1,1,0,0,1,0,12192.0,2,1,1,1,0,0,1,0,8.1,269.0,0,0,0,0,0,1
72400,38.428,0.0,0,0,1,0,5.508,0.0,0,0,1,0,6.088,1.261,1,33.67,0,0,1,1,0,1,1,0,0,1,0,12192.0,2,1,1,1,0,0,1,0,8.1,274.1,0,0,0,0,0,1
72500,38.428,0.0,0,0,1,0,5.508,0.0,0,0,1,0,6.214,1.261,1,33.57,0,0,1,1,0,1,1,0,0,1,0,12192.0,2,1,1,1,0,0,1,0,8.9,266.5,0,0,0,0,0,1
72600,38.428,0.0,0,0,1,0,5.508,0.0,0,0,1,0,6.34,1.261,1,33.54,0,0,1,1,0,1,1,0,0,1,0,12192.0,2,1,1,1,0,0,1,0,8.7,266.3,0,0,0,0,0,1
72700,38.428,0.0,0,0,1,0,5.508,0.0,0,0,1,0,6.466,1.261,1,33.67,0,0,1,1,0,1,1,0,0,1,0,12192.0,2,1,1,1,0,0,1,0,8.3,267.0,0,0,0,0,0,1
72800,38.428,0.0,0,0,1,0,5.508,0.0,0,0,1,0,6.592,1.261,1,33.79,0,0,1,1,0,1,1,0,0,1,0,12192.0,2,1,1,1,0,0,1,0,8.8,269.0,0,0,0,0,0,1
72900,38.428,0.0,0,0,1,0,5.508,0.0,0,0,1,0,6.718,1.261,1,33.78,0,0,1,1,0,1,1,0,0,1,0,12192.0,2,1,1,1,0,0,1,0,8.6,268.5,0,0,0,0,0,1
73000,38.428,0.0,0,0,1,0,5.508,0.0,0,0,1,0,6.845,1.261,1,33.66,0,0,1,1,0,1,1,0,0,1,0,12192.0,2,1,1,1,0,0,1,0,8.6,271.7,0,0,0,0,0,1
73100,38.428,0.0,0,0,1,0,5.508,0.0,0,0,1,0,6.971,1.261,1,33.79,0,0,1,1,0,1,1,0,0,1,0,12192.0,2,1,1,1,0,0,1,0,8.2,266.6,0,0,0,0,0,1
73200,38.428,0.0,0,0,1,0,5.508,0.0,0,0,1,0,7.097,1.261,1,33.66,0,0,1,1,0,1,1,0,0,1,0,12192.0,2,1,1,1,0,0,1,0,8.8,266.9,0,0,0,0,0,1
73300,38.428,0.0,0,0,1,0,5.508,0.0,0,0,1,0,7.223,1.261,1,33.83,0,0,1,1,0,1,1,0,0,1,0,12192.0,2,1,1,1,0,0,1,0,9.2,270.1,0,0,0,0,0,1
73400,38.428,0.0,0,0,1,0,5.508,0.0,0,0,1,0,7.349,1.261,1,33.65,0,0,1,1,0,1,1,0,0,1,0,12192.0,2,1,1,1,0,0,1,0,7.9,270.9,0,0,0,0,0,1
73500,38.428,0.0,0,0,1,0,5.508,0.0,0,0,1,0,7.475,1.261,1,33.79,0,0,1,1,0,1,1,0,0,1,0,12192.0,2,1,1,1,0,0,1,0,7.9,268.2,0,0,0,0,0,1
73600,38.428,0.0,0,0,1,0,5.508,0.0,0,0,1,0,7.601,1.261,1,33.72,0,0,1,1,0,1,1,0,0,1,0,12192.0,2,1,1,1,0,0,1,0,9.0,267.8,0,0,0,0,0,1
73700,38.428,0.0,0,0,1,0,5.508,0.0,0,0,1,0,7.727,1.261,1,33.67,0,0,1,1,0,1,1,0,0,1,0,12192.0,2,1,1,1,0,0,1,0,8.9,273.5,0,0,0,0,0,1
73800,38.428,0.0,0,0,1,0,5.508,0.0,0,0,1,0,7.854,1.261,1,33.73,0,0,1,1,0,1,1,0,0,1,0,12192.0,2,1,1,1,0,0,1,0,9.0,268.7,0,0,0,0,0,1
73900,38.428,0.0,0,0,1,0,5.508,0.0,0,0,1,0,7.98,1.261,1,33.69,0,0,1,1,0,1,1,0,0,1,0,12192.0,2,1,1,1,0,0,1,0,9.1,270.6,0,0,0,0,0,1
74000,38.428,0.0,0,0,1,0,5.508,0.0,0,0,1,0,8.106,1.261,1,33.83,0,0,1,1,0,1,1,0,0,1,0,12192.0,2,1,1,1,0,0,1,0,8.5,269.4,0,0,0,0,0,1
74100,38.428,0.0,0,0,1,0,5.508,0.0,0,0,1,0,8.232,1.261,1,33.55,0,0,1,1,0,1,1,0,0,1,0,12192.0,2,1,1,1,0,0,1,0,8.4,268.0,0,0,0,0,0,1
74200,38.428,0.0,0,0,1,0,5.508,0.0,0,0,1,0,8.358,1.261,1,33.55,0,0,1,1,0,1,1,0,0,1,0,12192.0,2,1,1,1,0,0,1,0,8.7,268.7,0,0,0,0,0,1
74300,38.428,0.0,0,0,1,0,5.508,0.0,0,0,1,0,8.484,1.261,1,33.67,0,0,1,1,0,1,1,0,0,1,0,12192.0,2,1,1,1,0,0,1,0,9.1,271.6,0,0,0,0,0,1
74400,38.428,0.0,0,0,1,0,5.508,0.0,0,0,1,0,8.61,1.261,1,33.68,0,0,1,1,0,1,1,0,0,1,0,12192.0,2,1,1,1,0,0,1,0,8.4,274.1,0,0,0,0,0,1
74500,38.428,0.0,0,0,1,0,5.508,0.0,0,0,1,0,8.736,1.261,1,33.37,0,0,1,1,0,1,1,0,0,1,0,12192.0,2,1,1,1,0,0,1,0,7.9,271.8,0,0,0,0,0,1
74600,38.428,0.0,0,0,1,0,5.508,0.0,0,0,1,0,8.863,1.261,1,33.52,0,0,1,1,0,1,1,0,0,1,0,12192.0,2,1,1,1,0,0,1,0,8.1,270.8,0,0,0,0,0,1
74700,38.428,0.0,0,0,1,0,5.508,0.0,0,0,1,0,8.989,1.261,1,33.63,0,0,1,1,0,1,1,0,0,1,0,12192.0,2,1,1,1,0,0,1,0,7.5,268.5,0,0,0,0,0,1
74800,38.428,0.0,0,0,1,0,5.508,0.0,0,0,1,0,9.115,1.261,1,33.49,0,0,1,1,0,1,1,0,0,1,0,12192.0,2,1,1,1,0,0,1,0,8.2,270.3,0,0,0,0,0,1
74900,38.428,0.0,0,0,1,0,5.508,0.0,0,0,1,0,9.241,1.261,1,33.54,0,0,1,1,0,1,1,0,0,1,0,12192.0,2,1,1,1,0,0,1,0,8.4,268.2,0,0,0,0,0,1
75000,38.428,0.0,0,0,1,0,5.508,0.0,0,0,1,0,9.367,1.261,1,33.65,0,0,1,1,0,1,1,0,0,1,0,12192.0,2,1,1,1,0,0,1,0,8.9,268.7,0,0,0,0,0,1
75100,38.428,0.0,0,0,1,0,5.508,0.0,0,0,1,0,9.493,1.261,1,33.49,0,0,1,1,0,1,1,0,0,1,0,12192.0,2,1,1,1,0,0,1,0,8.4,267.5,0,0,0,0,0,1
75200,38.428,0.0,0,0,1,0,5.508,0.0,0,0,1,0,9.619,1.261,1,33.49,0,0,1,1,0,1,1,0,0,1,0,12192.0,2,1,1,1,0,0,1,0,8.6,269.7,0,0,0,0,0,1
75300,38.428,0.0,0,0,1,0,5.508,0.0,0,0,1,0,9.745,1.261,1,33.66,0,0,1,1,0,1,1,0,0,1,0,12192.0,2,1,1,1,0,0,1,0,7.3,271.3,0,0,0,0,0,1
75400,38.428,0.0,0,0,1,0,5.508,0.0,0,0,1,0,9.872,1.261,1,33.71,0,0,1,1,0,1,1,0,0,1,0,12192.0,2,1,1,1,0,0,1,0,8.1,273.4,0,0,0,0,0,1
75500,38.428,0.0,0,0,1,0,5.508,0.0,0,0,1,0,9.998,1.261,1,33.44,0,0,1,1,0,1,1,0,0,1,0,12192.0,2,1,1,1,0,0,1,0,8.0,269.2,0,0,0,0,0,1
75600,38.428,0.0,0,0,1,0,5.508,0.0,0,0,1,0,10.124,1.261,1,33.97,0,0,1,1,0,1,1,0,0,1,0,12192.0,2,1,1,1,0,0,1,0,7.7,269.7,0,0,0,0,0,1
75700,38.428,0.0,0,0,1,0,5.508,0.0,0,0,1,0,10.25,1.261,1,33.66,0,0,1,1,0,1,1,0,0,1,0,12192.0,2,1,1,1,0,0,1,0,8.5,269.2,0,0,0,0,0,1
75800,38.428,0.0,0,0,1,0,5.508,0.0,0,0,1,0,10.376,1.261,1,33.47,0,0,1,1,0,1,1,0,0,1,0,12192.0,2,1,1,1,0,0,1,0,7.7,272.6,0,0,0,0,0,1
75900,38.428,0.0,0,0,1,0,5.508,0.0,0,0,1,0,10.502,1.261,1,33.61,0,0,1,1,0,1,1,0,0,1,0,12192.0,2,1,1,1,0,0,1,0,7.3,267.3,0,0,0,0,0,1
76000,38.428,0.0,0,0,1,0,5.508,0.0,0,0,1,0,10.628,1.261,1,33.62,0,0,1,1,0,1,1,0,0,1,0,12192.0,2,1,1,1,0,0,1,0,8.4,269.0,0,0,0,0,0,1
76100,38.428,0.0,0,0,1,0,5.508,0.0,0,0,1,0,10.754,1.261,1,33.47,0,0,1,1,0,1,1,0,0,1,0,12192.0,2,1,1,1,0,0,1,0,7.4,273.0,0,0,0,0,0,1
76200,38.428,0.0,0,0,1,0,5.508,0.0,0,0,1,0,10.881,1.261,1,33.71,0,0,1,1,0,1,1,0,0,1,0,12192.0,2,1,1,1,0,0,1,0,7.9,270.5,0,0,0,0,0,1
76300,38.428,0.0,0,0,1,0,5.508,0.0,0,0,1,0,11.007,1.261,1,33.62,0,0,1,1,0,1,1,0,0,1,0,12192.0,2,1,1,1,0,0,1,0,8.0,270.2,0,0,0,0,0,1
76400,38.428,0.0,0,0,1,0,5.508,0.0,0,0,1,0,11.133,1.261,1,33.65,0,0,1,1,0,1,1,0,0,1,0,12192.0,2,1,1,1,0,0,1,0,8.2,266.9,0,0,0,0,0,1
76500,38.428,0.0,0,0,1,0,5.508,0.0,0,0,1,0,11.259,1.261,1,33.6,0,0,1,1,0,1,1,0,0,1,0,12192.0,2,1,1,1,0,0,1,0,7.5,271.5,0,0,0,0,0,1
76600,38.428,0.0,0,0,1,0,5.508,0.0,0,0,1,0,11.385,1.261,1,33.54,0,0,1,1,0,1,1,0,0,1,0,12192.0,2,1,1,1,0,0,1,0,8.2,270.1,0,0,0,0,0,1
76700,38.428,0.0,0,0,1,0,5.508,0.0,0,0,1,0,11.511,1.261,1,33.55,0,0,1,1,0,1,1,0,0,1,0,12192.0,2,1,1,1,0,0,1,0,8.4,272.2,0,0,0,0,0,1
76800,38.428,0.0,0,0,1,0,5.508,0.0,0,0,1,0,11.637,1.261,1,33.67,0,0,1,1,0,1,1,0,0,1,0,12192.0,2,1,1,1,0,0,1,0,8.1,272.7,0,0,0,0,0,1
76900,38.428,0.0,0,0,1,0,5.508,0.0,0,0,1,0,11.763,1.261,1,33.53,0,0,1,1,0,1,1,0,0,1,0,12192.0,2,1,1,1,0,0,1,0,7.8,264.5,0,0,0,0,0,1
77000,38.428,0.0,0,0,1,0,5.508,0.0,0,0,1,0,11.889,1.261,1,33.76,0,0,1,1,0,1,1,0,0,1,0,12192.0,2,1,1,1,0,0,1,0,8.0,274.3,0,0,0,0,0,1
77100,38.428,0.0,0,0,1,0,5.508,0.0,0,0,1,0,12.011,1.21,1,30.16,0,0,1,1,0,1,1,0,0,1,0,12192.0,2,1,1,1,0,0,1,0,7.0,265.7,0,0,0,0,0,1
77200,38.428,0.0,0,0,1,0,5.508,0.0,0,0,1,0,12.126,1.16,1,30.25,0,0,1,1,0,1,1,0,0,1,0,12192.0,2,1,1,1,0,0,1,0,7.4,271.7,0,0,0,0,0,1
77300,38.428,0.0,0,0,1,0,5.508,0.0,0,0,1,0,12.237,1.109,1,30.38,0,0,1,1,0,1,1,0,0,1,0,12192.0,2,1,1,1,0,0,1,0,7.7,269.8,0,0,0,0,0,1
77400,38.428,0.0,0,0,1,0,5.508,0.0,0,0,1,0,12.343,1.058,1,30.28,0,0,1,1,0,1,1,0,0,1,0,12192.0,2,1,1,1,0,0,1,0,8.2,270.7,0,0,0,0,0,1
77500,38.428,0.0,0,0,1,0,5.508,0.0,0,0,1,0,12.444,1.007,1,30.34,0,0,1,1,0,1,1,0,0,1,0,12192.0,2,1,1,1,0,0,1,0,6.7,268.6,0,0,0,0,0,1
77600,38.428,0.0,0,0,1,0,5.508,0.0,0,0,1,0,12.54,0.956,1,30.23,0,0,1,1,0,1,1,0,0,1,0,12192.0,2,1,1,1,0,0,1,0,7.4,270.1,0,0,0,0,0,1
77700,38.428,0.0,0,0,1,0,5.508,0.0,0,0,1,0,12.63,0.906,1,30.38,0,0,1,1,0,1,1,0,0,1,0,12192.0,2,1,1,1,0,0,1,0,7.3,270.8,0,0,0,0,0,1
77800,38.428,0.0,0,0,1,0,5.508,0.0,0,0,1,0,12.716,0.855,1,30.3,0,0,1,1,0,1,1,0,0,1,0,12192.0,2,1,1,1,0,0,1,0,7.2,269.5,0,0,0,0,0,1
77900,38.428,0.0,0,0,1,0,5.508,0.0,0,0,1,0,12.796,0.804,1,30.28,0,0,1,1,0,1,1,0,0,1,0,12192.0,2,1,1,1,0,0,1,0,7.4,271.0,0,0,0,0,0,1
78000,38.428,0.0,0,0,1,0,5.508,0.0,0,0,1,0,12.871,0.753,1,30.53,0,0,1,1,0,1,1,0,0,1,0,12192.0,2,1,1,1,0,0,1,0,7.5,266.3,0,0,0,0,0,1
78100,38.428,0.0,0,0,1,0,5.508,0.0,0,0,1,0,12.941,0.702,1,30.28,0,0,1,1,0,1,1,0,0,1,0,12192.0,2,1,1,1,0,0,1,0,7.6,272.4,0,0,0,0,0,1
78200,38.428,0.0,0,0,1,0,5.508,0.0,0,0,1,0,13.007,0.651,1,30.46,0,0,1,1,0,1,1,0,0,1,0,12192.0,2,1,1,1,0,0,1,0,7.2,269.8,0,0,0,0,0,1
78300,38.428,0.0,0,0,1,0,5.508,0.0,0,0,1,0,13.067,0.601,1,30.43,0,0,1,1,0,1,1,0,0,1,0,12192.0,2,1,1,1,0,0,1,0,8.0,270.9,0,0,0,0,0,1
78400,38.428,0.0,0,0,1,0,5.508,0.0,0,0,1,0,13.122,0.55,1,30.48,0,0,1,1,0,1,1,0,0,1,0,12192.0,2,1,1,1,0,0,1,0,6.9,269.1,0,0,0,0,0,1
78500,38.428,0.0,0,0,1,0,5.508,0.0,0,0,1,0,13.172,0.499,1,30.29,0,0,1,1,0,1,1,0,0,1,0,12192.0,2,1,1,1,0,0,1,0,7.3,271.8,0,0,0,0,0,1
78600,38.428,0.0,0,0,1,0,5.508,0.0,0,0,1,0,13.216,0.448,1,30.32,0,0,1,1,0,1,1,0,0,1,0,12192.0,2,1,1,1,0,0,1,0,7.0,273.2,0,0,0,0,0,1
78700,38.428,0.0,0,0,1,0,5.508,0.0,0,0,1,0,13.256,0.397,1,30.2,0,0,1,1,0,1,1,0,0,1,0,12192.0,2,1,1,1,0,0,1,0,7.1,273.0,0,0,0,0,0,1
78800,38.428,0.0,0,0,1,0,5.508,0.0,0,0,1,0,13.291,0.347,1,30.49,0,0,1,1,0,1,1,0,0,1,0,12192.0,2,1,1,1,0,0,1,0,8.1,268.0,0,0,0,0,0,1
78900,38.428,0.0,0,0,1,0,5.508,0.0,0,0,1,0,13.32,0.296,1,30.39,0,0,1,1,0,1,1,0,0,1,0,12192.0,2,1,1,1,0,0,1,0,6.9,271.9,0,0,0,0,0,1
79000,38.428,0.0,0,0,1,0,5.508,0.0,0,0,1,0,13.344,0.24,1,30.4,0,0,1,1,0,1,1,0,0,1,0,12192.0,2,1,1,1,0,0,1,0,7.4,267.0,0,0,0,0,0,1
79100,38.428,0.0,0,0,1,0,5.508,0.0,0,0,1,0,13.363,0.183,1,30.33,0,0,1,1,0,1,1,0,0,1,0,12192.0,2,1,1,1,0,0,1,0,7.1,270.8,0,0,0,0,0,1
79200,38.428,0.0,0,0,1,0,5.508,0.0,0,0,1,0,13.375,0.122,1,30.53,0,0,1,1,0,1,1,0,0,1,0,12192.0,2,1,1,1,0,0,1,0,7.8,277.2,0,0,0,0,0,1
79300,38.428,0.0,0,0,0,0,5.508,0.0,0,0,0,0,13.38,0.0,0,31.9,0,0,0,0,0,1,1,0,0,1,0,12192.0,2,1,1,0,1,0,1,0,7.4,266.1,0,0,0,0,0,1
79400,38.429,0.015,1,1,1,0,5.502,-0.061,0,1,1,0,13.38,0.0,0,31.94,0,0,0,1,0,1,1,0,0,1,0,12192.0,2,1,1,1,0,0,1,0,7.6,272.1,0,0,0,0,0,1
79500,38.432,0.03,1,1,1,0,5.49,-0.122,0,1,1,0,13.38,0.0,0,31.81,0,0,0,1,0,1,1,0,0,1,0,12192.0,2,1,1,1,0,0,1,0,6.9,268.2,0,0,0,0,0,1
79600,38.437,0.045,1,1,1,0,5.472,-0.184,0,1,1,0,13.38,0.0,0,31.86,0,0,0,1,0,1,1,0,0,1,0,12192.0,2,1,1,1,0,0,1,0,7.4,268.0,0,0,0,0,0,1
79700,38.443,0.06,1,1,1,0,5.447,-0.245,0,1,1,0,13.38,0.0,0,31.83,0,0,0,1,0,1,1,0,0,1,0,12192.0,2,1,1,1,0,0,1,0,8.1,266.8,0,0,0,0,0,1
79800,38.45,0.075,1,1,1,0,5.417,-0.306,0,1,1,0,13.38,0.0,0,31.94,0,0,0,1,0,1,1,0,0,1,0,12192.0,2,1,1,1,0,0,1,0,7.9,266.4,0,0,0,0,0,1
79900,38.459,0.09,1,1,1,0,5.38,-0.367,0,1,1,0,13.38,0.0,0,32.07,0,0,0,1,0,1,1,0,0,1,0,12192.0,2,1,1,1,0,0,1,0,7.3,271.7,0,0,0,0,0,1
80000,38.47,0.106,1,1,1,0,5.337,-0.428,0,1,1,0,13.38,0.0,0,31.94,0,0,0,1,0,1,1,0,0,1,0,12192.0,2,1,1,1,0,0,1,0,7.8,269.5,0,0,0,0,0,1
80100,38.482,0.121,1,1,1,0,5.288,-0.49,0,1,1,0,13.38,0.0,0,32.05,0,0,0,1,0,1,1,0,0,1,0,12192.0,2,1,1,1,0,0,1,0,7.5,271.7,0,0,0,0,0,1
80200,38.495,0.136,1,1,1,0,5.233,-0.551,0,1,1,0,13.38,0.0,0,31.98,0,0,0,1,0,1,1,0,0,1,0,12192.0,2,1,1,1,0,0,1,0,7.6,269.2,0,0,0,0,0,1
80300,38.51,0.151,1,1,1,0,5.172,-0.612,0,1,1,0,13.38,0.0,0,31.87,0,0,0,1,0,1,1,0,0,1,0,12192.0,2,1,1,1,0,0,1,0,7.9,274.2,0,0,0,0,0,1
80400,38.527,0.166,1,1,1,0,5.105,-0.673,0,1,1,0,13.38,0.0,0,32.26,0,0,0,1,0,1,1,0,0,1,0,12192.0,2,1,1,1,0,0,1,0,8.2,266.8,0,0,0,0,0,1
80500,38.545,0.181,1,1,1,0,5.031,-0.734,0,1,1,0,13.38,0.0,0,31.91,0,0,0,1,0,1,1,0,0,1,0,12192.0,2,1,1,1,0,0,1,0,8.5,266.5,0,0,0,0,0,1
80600,38.565,0.196,1,1,1,0,4.952,-0.795,0,1,1,0,13.38,0.0,0,32.1,0,0,0,1,0,1,1,0,0,1,0,12192.0,2,1,1,1,0,0,1,0,8.3,272.1,0,0,0,0,0,1
80700,38.586,0.211,1,1,1,0,4.866,-0.857,0,1,1,0,13.38,0.0,0,32.01,0,0,0,1,0,1,1,0,0,1,0,12192.0,2,1,1,1,0,0,1,0,7.7,269.9,0,0,0,0,0,1
80800,38.608,0.226,1,1,1,0,4.774,-0.918,0,1,1,0,13.38,0.0,0,32.19,0,0,0,1,0,1,1,0,0,1,0,12192.0,2,1,1,1,0,0,1,0,8.0,269.9,0,0,0,0,0,1
80900,38.633,0.241,1,1,1,0,4.676,-0.979,0,1,1,0,13.38,0.0,0,31.8,0,0,0,1,0,1,1,0,0,1,0,12192.0,2,1,1,1,0,0,1,0,8.0,271.1,0,0,0,0,0,1
81000,38.658,0.256,1,1,1,0,4.572,-1.04,0,1,1,0,13.38,0.0,0,31.9,0,0,0,1,0,1,1,0,0,1,0,12192.0,2,1,1,1,0,0,1,0,7.4,269.0,0,0,0,0,0,1
81100,38.685,0.271,1,1,1,0,4.462,-1.101,0,1,1,0,13.38,0.0,0,31.91,0,0,0,1,0,1,1,0,0,1,0,12192.0,2,1,1,1,0,0,1,0,7.8,269.9,0,0,0,0,0,1
81200,38.714,0.286,1,1,1,0,4.346,-1.163,0,1,1,0,13.38,0.0,0,32.17,0,0,0,1,0,1,1,0,0,1,0,12192.0,2,1,1,1,0,0,1,0,7.8,267.3,0,0,0,0,0,1
81300,38.744,0.302,1,1,1,0,4.223,-1.224,0,1,1,0,13.38,0.0,0,31.98,0,0,0,1,0,1,1,0,0,1,0,12192.0,2,1,1,1,0,0,1,0,8.0,269.5,0,0,0,0,0,1
81400,38.776,0.317,1,1,1,0,4.095,-1.285,0,1,1,0,13.38,0.0,0,32.06,0,0,0,1,0,1,1,0,0,1,0,12192.0,2,1,1,1,0,0,1,0,8.2,272.1,0,0,0,0,0,1
81500,38.809,0.332,1,1,1,0,3.973,-1.224,0,1,1,0,13.38,0.0,0,32.09,0,0,0,1,0,1,1,0,0,1,0,12192.0,2,1,1,1,0,0,1,0,8.9,268.2,0,0,0,0,0,1
81600,38.844,0.347,1,1,1,0,3.856,-1.163,0,1,1,0,13.38,0.0,0,32.09,0,0,0,1,0,1,1,0,0,1,0,12192.0,2,1,1,1,0,0,1,0,8.1,268.3,0,0,0,0,0,1
81700,38.88,0.362,1,1,1,0,3.746,-1.101,0,1,1,0,13.38,0.0,0,32.15,0,0,0,1,0,1,1,0,0,1,0,12192.0,2,1,1,1,0,0,1,0,8.1,270.2,0,0,0,0,0,1
81800,38.918,0.377,1,1,1,0,3.636,-1.103,0,1,1,0,13.38,0.0,0,32.15,0,0,0,1,0,1,1,0,0,1,0,12192.0,2,1,1,1,0,0,1,0,8.4,271.2,0,0,0,0,0,1
81900,38.957,0.392,1,1,1,0,3.532,-1.04,0,1,1,0,13.38,0.0,0,31.84,0,0,0,1,0,1,1,0,0,1,0,12192.0,2,1,1,1,0,0,1,0,8.0,273.4,0,0,0,0,0,1
82000,38.998,0.407,1,1,1,0,3.434,-0.976,0,1,1,0,13.38,0.0,0,31.99,0,0,0,1,0,1,1,0,0,1,0,12192.0,2,1,1,1,0,0,1,0,8.1,266.3,0,0,0,0,0,1
82100,39.04,0.422,1,1,1,0,3.343,-0.913,0,1,1,0,13.38,0.0,0,32.03,0,0,0,1,0,1,1,0,0,1,0,12192.0,2,1,1,1,0,0,1,0,9.2,270.2,0,0,0,0,0,1
82200,39.083,0.437,1,1,1,0,3.258,-0.85,0,1,1,0,13.38,0.0,0,32.05,0,0,0,1,0,1,1,0,0,1,0,12192.0,2,1,1,1,0,0,1,0,8.2,268.8,0,0,0,0,0,1
82300,39.129,0.452,1,1,1,0,3.179,-0.786,0,1,1,0,13.38,0.0,0,32.09,0,0,0,1,0,1,1,0,0,1,0,12192.0,2,1,1,1,0,0,1,0,8.8,268.1,0,0,0,0,0,1
82400,39.175,0.467,1,1,1,0,3.107,-0.722,0,1,1,0,13.38,0.0,0,32.3,0,0,0,1,0,1,1,0,0,1,0,12192.0,2,1,1,1,0,0,1,0,9.1,269.8,0,0,0,0,0,1
82500,39.224,0.483,1,1,1,0,3.041,-0.658,0,1,1,0,13.38,0.0,0,32.06,0,0,0,1,0,1,1,0,0,1,0,12192.0,2,1,1,1,0,0,1,0,8.6,274.2,0,0,0,0,0,1
82600,39.273,0.498,1,1,1,0,2.982,-0.594,0,1,1,0,13.38,0.0,0,32.03,0,0,0,1,0,1,1,0,0,1,0,12192.0,2,1,1,1,0,0,1,0,9.3,268.4,0,0,0,0,0,1
82700,39.325,0.513,1,1,1,0,2.929,-0.529,0,1,1,0,13.38,0.0,0,31.91,0,0,0,1,0,1,1,0,0,1,0,12192.0,2,1,1,1,0,0,1,0,8.2,271.3,0,0,0,0,0,1
82800,39.377,0.528,1,1,1,0,2.883,-0.464,0,1,1,0,13.38,0.0,0,32.2,0,0,0,1,0,1,1,0,0,1,0,12192.0,2,1,1,1,0,0,1,0,8.9,269.7,0,0,0,0,0,1
82900,39.432,0.543,1,1,1,0,2.843,-0.398,0,1,1,0,13.38,0.0,0,32.02,0,0,0,1,0,1,1,0,0,1,0,12192.0,2,1,1,1,0,0,1,0,8.4,270.4,0,0,0,0,0,1
83000,39.488,0.558,1,1,1,0,2.81,-0.332,0,1,1,0,13.38,0.0,0,31.81,0,0,0,1,0,1,1,0,0,1,0,12192.0,2,1,1,1,0,0,1,0,8.4,272.0,0,0,0,0,0,1
83100,39.545,0.573,1,1,1,0,2.783,-0.263,0,1,1,0,13.38,0.0,0,32.08,0,0,0,1,0,1,1,0,0,1,0,12192.0,2,1,1,1,0,0,1,0,9.3,271.4,0,0,0,0,0,1
83200,39.604,0.588,1,1,1,0,2.764,-0.193,0,1,1,0,13.38,0.0,0,32.21,0,0,0,1,0,1,1,0,0,1,0,12192.0,2,1,1,1,0,0,1,0,8.6,270.6,0,0,0,0,0,1
83300,39.664,0.603,1,1,1,0,2.752,-0.116,0,1,1,0,13.38,0.0,0,32.1,0,0,0,1,0,1,1,0,0,1,0,12192.0,2,1,1,1,0,0,1,0,9.1,267.9,0,0,0,0,0,1
83400,39.726,0.618,1,1,1,0,2.747,0.0,0,0,1,0,13.38,0.0,0,32.19,0,0,0,1,0,1,1,0,0,1,0,12192.0,2,1,1,1,0,0,1,0,8.3,273.2,0,0,0,0,0,1
83500,39.789,0.633,1,1,1,0,2.747,0.0,0,0,1,0,13.38,0.0,0,31.74,0,0,0,1,0,1,1,0,0,1,0,12192.0,2,1,1,1,0,0,1,0,8.2,271.8,0,0,0,0,0,1
83600,39.854,0.648,1,1,1,0,2.747,0.0,0,0,1,0,13.38,0.0,0,32.11,0,0,0,1,0,1,1,0,0,1,0,12192.0,2,1,1,1,0,0,1,0,8.8,272.5,0,0,0,0,0,1
83700,39.92,0.663,1,1,1,0,2.747,0.0,0,0,1,0,13.38,0.0,0,32.15,0,0,0,1,0,1,1,0,0,1,0,12192.0,2,1,1,1,0,0,1,0,8.4,268.1,0,0,0,0,0,1
83800,39.988,0.679,1,1,1,0,2.747,0.0,0,0,1,0,13.38,0.0,0,32.03,0,0,0,1,0,1,1,0,0,1,0,12192.0,2,1,1,1,0,0,1,0,8.7,268.7,0,0,0,0,0,1
83900,40.058,0.694,1,1,1,0,2.747,0.0,0,0,1,0,13.38,0.0,0,32.06,0,0,0,1,0,1,1,0,0,1,0,12192.0,2,1,1,1,0,0,1,0,8.1,270.2,0,0,0,0,0,1
84000,40.128,0.709,1,1,1,0,2.747,0.0,0,0,1,0,13.38,0.0,0,31.91,0,0,0,1,0,1,1,0,0,1,0,12192.0,2,1,1,1,0,0,1,0,8.1,270.7,0,0,0,0,0,1
84100,40.199,0.711,1,1,1,0,2.747,0.0,0,0,1,0,13.38,0.0,0,31.88,0,0,0,1,0,1,1,0,0,1,0,12192.0,2,1,1,1,0,0,1,0,8.8,271.6,0,0,0,0,0,1
84200,40.271,0.711,1,1,1,0,2.747,0.0,0,0,1,0,13.38,0.0,0,32.0,0,0,0,1,0,1,1,0,0,1,0,12192.0,2,1,1,1,0,0,1,0,7.9,273.6,0,0,0,0,0,1
84300,40.342,0.711,1,1,1,0,2.747,0.0,0,0,1,0,13.38,0.0,0,32.01,0,0,0,1,0,1,1,0,0,1,0,12192.0,2,1,1,1,0,0,1,0,8.6,273.3,0,0,0,0,0,1
84400,40.413,0.711,1,1,1,0,2.747,0.0,0,0,1,0,13.38,0.0,0,31.95,0,0,0,1,0,1,1,0,0,1,0,12192.0,2,1,1,1,0,0,1,0,8.3,266.3,0,0,0,0,0,1
84500,40.484,0.711,1,1,1,0,2.747,0.0,0,0,1,0,13.38,0.0,0,31.88,0,0,0,1,0,1,1,0,0,1,0,12192.0,2,1,1,1,0,0,1,0,8.3,264.7,0,0,0,0,0,1
84600,40.555,0.711,1,1,1,0,2.747,0.0,0,0,1,0,13.38,0.0,0,32.09,0,0,0,1,0,1,1,0,0,1,0,12192.0,2,1,1,1,0,0,1,0,7.4,274.1,0,0,0,0,0,1
84700,40.626,0.711,1,1,1,0,2.747,0.0,0,0,1,0,13.38,0.0,0,32.13,0,0,0,1,0,1,1,0,0,1,0,12192.0,2,1,1,1,0,0,1,0,7.4,267.7,0,0,0,0,0,1
84800,40.697,0.711,1,1,1,0,2.747,0.0,0,0,1,0,13.38,0.0,0,32.07,0,0,0,1,0,1,1,0,0,1,0,12192.0,2,1,1,1,0,0,1,0,8.5,266.5,0,0,0,0,0,1
84900,40.768,0.711,1,1,1,0,2.747,0.0,0,0,1,0,13.38,0.0,0,32.13,0,0,0,1,0,1,1,0,0,1,0,12192.0,2,1,1,1,0,0,1,0,7.3,269.2,0,0,0,0,0,1
85000,40.839,0.711,1,1,1,0,2.747,0.0,0,0,1,0,13.38,0.0,0,32.01,0,0,0,1,0,1,1,0,0,1,0,12192.0,2,1,1,1,0,0,1,0,8.1,270.9,0,0,0,0,0,1
85100,40.91,0.711,1,1,1,0,2.747,0.0,0,0,1,0,13.38,0.0,0,31.66,0,0,0,1,0,1,1,0,0,1,0,12192.0,2,1,1,1,0,0,1,0,6.9,270.4,0,0,0,0,0,1
85200,40.981,0.711,1,1,1,0,2.747,0.0,0,0,1,0,13.38,0.0,0,31.98,0,0,0,1,0,1,1,0,0,1,0,12192.0,2,1,1,1,0,0,1,0,7.3,270.6,0,0,0,0,0,1
85300,41.052,0.711,1,1,1,0,2.747,0.0,0,0,1,0,13.38,0.0,0,32.06,0,0,0,1,0,1,1,0,0,1,0,12192.0,2,1,1,1,0,0,1,0,7.7,271.1,0,0,0,0,0,1
85400,41.123,0.711,1,1,1,0,2.747,0.0,0,0,1,0,13.38,0.0,0,31.82,0,0,0,1,0,1,1,0,0,1,0,12192.0,2,1,1,1,0,0,1,0,8.2,273.1,0,0,0,0,0,1
85500,41.194,0.711,1,1,1,0,2.747,0.0,0,0,1,0,13.38,0.0,0,32.15,0,0,0,1,0,1,1,0,0,1,0,12192.0,2,1,1,1,0,0,1,0,7.8,269.8,0,0,0,0,0,1
85600,41.265,0.711,1,1,1,0,2.747,0.0,0,0,1,0,13.38,0.0,0,31.98,0,0,0,1,0,1,1,0,0,1,0,12192.0,2,1,1,1,0,0,1,0,7.8,270.2,0,0,0,0,0,1
85700,41.336,0.711,1,1,1,0,2.747,0.0,0,0,1,0,13.38,0.0,0,32.1,0,0,0,1,0,1,1,0,0,1,0,12192.0,2,1,1,1,0,0,1,0,8.0,273.2,0,0,0,0,0,1
85800,41.408,0.711,1,1,1,0,2.747,0.0,0,0,1,0,13.38,0.0,0,32.1,0,0,0,1,0,1,1,0,0,1,0,12192.0,2,1,1,1,0,0,1,0,7.7,269.7,0,0,0,0,0,1
85900,41.479,0.711,1,1,1,0,2.747,0.0,0,0,1,0,13.38,0.0,0,32.21,0,0,0,1,0,1,1,0,0,1,0,12192.0,2,1,1,1,0,0,1,0,7.9,270.2,0,0,0,0,0,1
86000,41.55,0.711,1,1,1,0,2.747,0.0,0,0,1,0,13.38,0.0,0,31.98,0,0,0,1,0,1,1,0,0,1,0,12192.0,2,1,1,1,0,0,1,0,8.2,266.7,0,0,0,0,0,1
86100,41.621,0.711,1,1,1,0,2.747,0.0,0,0,1,0,13.38,0.0,0,32.01,0,0,0,1,0,1,1,0,0,1,0,12192.0,2,1,1,1,0,0,1,0,7.5,272.2,0,0,0,0,0,1
86200,41.692,0.711,1,1,1,0,2.747,0.0,0,0,1,0,13.38,0.0,0,31.85,0,0,0,1,0,1,1,0,0,1,0,12192.0,2,1,1,1,0,0,1,0,6.7,270.6,0,0,0,0,0,1
86300,41.763,0.711,1,1,1,0,2.747,0.0,0,0,1,0,13.38,0.0,0,32.03,0,0,0,1,0,1,1,0,0,1,0,12192.0,2,1,1,1,0,0,1,0,7.0,273.7,0,0,0,0,0,1
86400,41.834,0.711,1,1,1,0,2.747,0.0,0,0,1,0,13.38,0.0,0,32.01,0,0,0,1,0,1,1,0,0,1,0,12192.0,2,1,1,1,0,0,1,0,7.4,269.8,0,0,0,0,0,1
86500,41.905,0.711,1,1,1,0,2.747,0.0,0,0,1,0,13.38,0.0,0,31.87,0,0,0,1,0,1,1,0,0,1,0,12192.0,2,1,1,1,0,0,1,0,6.5,273.9,0,0,0,0,0,1
86600,41.976,0.711,1,1,1,0,2.747,0.0,0,0,1,0,13.38,0.0,0,32.15,0,0,0,1,0,1,1,0,0,1,0,12192.0,2,1,1,1,0,0,1,0,8.0,268.2,0,0,0,0,0,1
86700,42.047,0.711,1,1,1,0,2.747,0.0,0,0,1,0,13.38,0.0,0,32.08,0,0,0,1,0,1,1,0,0,1,0,12192.0,2,1,1,1,0,0,1,0,6.9,271.6,0,0,0,0,0,1
86800,42.118,0.711,1,1,1,0,2.747,0.0,0,0,1,0,13.38,0.0,0,32.15,0,0,0,1,0,1,1,0,0,1,0,12192.0,2,1,1,1,0,0,1,0,7.4,270.6,0,0,0,0,0,1
86900,42.189,0.711,1,1,1,0,2.747,0.0,0,0,1,0,13.38,0.0,0,32.0,0,0,0,1,0,1,1,0,0,1,0,12192.0,2,1,1,1,0,0,1,0,7.4,270.6,0,0,0,0,0,1
87000,42.26,0.711,1,1,1,0,2.747,0.0,0,0,1,0,13.38,0.0,0,31.91,0,0,0,1,0,1,1,0,0,1,0,12192.0,2,1,1,1,0,0,1,0,7.9,273.2,0,0,0,0,0,1
87100,42.331,0.711,1,1,1,0,2.747,0.0,0,0,1,0,13.38,0.0,0,31.87,0,0,0,1,0,1,1,0,0,1,0,12192.0,2,1,1,1,0,0,1,0,7.4,268.5,0,0,0,0,0,1
87200,42.402,0.711,1,1,1,0,2.747,0.0,0,0,1,0,13.38,0.0,0,31.78,0,0,0,1,0,1,1,0,0,1,0,12192.0,2,1,1,1,0,0,1,0,7.0,269.9,0,0,0,0,0,1
87300,42.473,0.711,1,1,1,0,2.747,0.0,0,0,1,0,13.38,0.0,0,32.15,0,0,0,1,0,1,1,0,0,1,0,12192.0,2,1,1,1,0,0,1,0,7.1,266.3,0,0,0,0,0,1
87400,42.545,0.711,1,1,1,0,2.747,0.0,0,0,1,0,13.38,0.0,0,31.8,0,0,0,1,0,1,1,0,0,1,0,12192.0,2,1,1,1,0,0,1,0,8.0,270.0,0,0,0,0,0,1
87500,42.616,0.711,1,1,1,0,2.747,0.0,0,0,1,0,13.38,0.0,0,32.02,0,0,0,1,0,1,1,0,0,1,0,12192.0,2,1,1,1,0,0,1,0,7.4,265.2,0,0,0,0,0,1
87600,42.687,0.711,1,1,1,0,2.747,0.0,0,0,1,0,13.38,0.0,0,31.82,0,0,0,1,0,1,1,0,0,1,0,12192.0,2,1,1,1,0,0,1,0,6.6,270.8,0,0,0,0,0,1
87700,42.758,0.711,1,1,1,0,2.747,0.0,0,0,1,0,13.38,0.0,0,31.94,0,0,0,1,0,1,1,0,0,1,0,12192.0,2,1,1,1,0,0,1,0,7.0,273.3,0,0,0,0,0,1
87800,42.829,0.711,1,1,1,0,2.747,0.0,0,0,1,0,13.38,0.0,0,32.04,0,0,0,1,0,1,1,0,0,1,0,12192.0,2,1,1,1,0,0,1,0,7.5,271.1,0,0,0,0,0,1
87900,42.9,0.711,1,1,1,0,2.747,0.0,0,0,1,0,13.38,0.0,0,32.01,0,0,0,1,0,1,1,0,0,1,0,12192.0,2,1,1,1,0,0,1,0,7.7,269.3,0,0,0,0,0,1
88000,42.971,0.711,1,1,1,0,2.747,0.0,0,0,1,0,13.38,0.0,0,31.99,0,0,0,1,0,1,1,0,0,1,0,12192.0,2,1,1,1,0,0,1,0,7.3,269.4,0,0,0,0,0,1
88100,43.042,0.711,1,1,1,0,2.747,0.0,0,0,1,0,13.38,0.0,0,31.9,0,0,0,1,0,1,1,0,0,1,0,12192.0,2,1,1,1,0,0,1,0,7.3,270.9,0,0,0,0,0,1
88200,43.113,0.711,1,1,1,0,2.747,0.0,0,0,1,0,13.38,0.0,0,32.01,0,0,0,1,0,1,1,0,0,1,0,12192.0,2,1,1,1,0,0,1,0,7.8,270.8,0,0,0,0,0,1
88300,43.184,0.711,1,1,1,0,2.747,0.0,0,0,1,0,13.38,0.0,0,31.95,0,0,0,1,0,1,1,0,0,1,0,12192.0,2,1,1,1,0,0,1,0,8.0,273.0,0,0,0,0,0,1
88400,43.255,0.711,1,1,1,0,2.747,0.0,0,0,1,0,13.38,0.0,0,31.9,0,0,0,1,0,1,1,0,0,1,0,12192.0,2,1,1,1,0,0,1,0,7.1,274.8,0,0,0,0,0,1
88500,43.326,0.711,1,1,1,0,2.747,0.0,0,0,1,0,13.38,0.0,0,32.09,0,0,0,1,0,1,1,0,0,1,0,12192.0,2,1,1,1,0,0,1,0,7.9,270.5,0,0,0,0,0,1
88600,43.397,0.711,1,1,1,0,2.747,0.0,0,0,1,0,13.38,0.0,0,32.21,0,0,0,1,0,1,1,0,0,1,0,12192.0,2,1,1,1,0,0,1,0,6.2,269.0,0,0,0,0,0,1
88700,43.468,0.711,1,1,1,0,2.747,0.0,0,0,1,0,13.38,0.0,0,31.9,0,0,0,1,0,1,1,0,0,1,0,12192.0,2,1,1,1,0,0,1,0,8.2,272.3,0,0,0,0,0,1
88800,43.539,0.711,1,1,1,0,2.747,0.0,0,0,1,0,13.38,0.0,0,32.04,0,0,0,1,0,1,1,0,0,1,0,12192.0,2,1,1,1,0,0,1,0,8.2,269.9,0,0,0,0,0,1
88900,43.61,0.711,1,1,1,0,2.747,0.0,0,0,1,0,13.38,0.0,0,32.07,0,0,0,1,0,1,1,0,0,1,0,12192.0,2,1,1,1,0,0,1,0,7.8,273.2,0,0,0,0,0,1
89000,43.682,0.711,1,1,1,0,2.747,0.0,0,0,1,0,13.38,0.0,0,31.99,0,0,0,1,0,1,1,0,0,1,0,12192.0,2,1,1,1,0,0,1,0,7.8,272.3,0,0,0,0,0,1
89100,43.753,0.711,1,1,1,0,2.747,0.0,0,0,1,0,13.38,0.0,0,31.9,0,0,0,1,0,1,1,0,0,1,0,12192.0,2,1,1,1,0,0,1,0,7.0,271.3,0,0,0,0,0,1
89200,43.824,0.711,1,1,1,0,2.747,0.0,0,0,1,0,13.38,0.0,0,31.96,0,0,0,1,0,1,1,0,0,1,0,12192.0,2,1,1,1,0,0,1,0,8.0,274.2,0,0,0,0,0,1
89300,43.895,0.711,1,1,1,0,2.747,0.0,0,0,1,0,13.38,0.0,0,31.9,0,0,0,1,0,1,1,0,0,1,0,12192.0,2,1,1,1,0,0,1,0,8.0,273.0,0,0,0,0,0,1
89400,43.966,0.711,1,1,1,0,2.747,0.0,0,0,1,0,13.38,0.0,0,32.1,0,0,0,1,0,1,1,0,0,1,0,12192.0,2,1,1,1,0,0,1,0,8.0,270.2,0,0,0,0,0,1
89500,44.037,0.711,1,1,1,0,2.747,0.0,0,0,1,0,13.38,0.0,0,32.06,0,0,0,1,0,1,1,0,0,1,0,12192.0,2,1,1,1,0,0,1,0,8.1,270.6,0,0,0,0,0,1
89600,44.108,0.711,1,1,1,0,2.747,0.0,0,0,1,0,13.38,0.0,0,31.91,0,0,0,1,0,1,1,0,0,1,0,12192.0,2,1,1,1,0,0,1,0,8.1,267.5,0,0,0,0,0,1
89700,44.179,0.711,1,1,1,0,2.747,0.0,0,0,1,0,13.38,0.0,0,32.08,0,0,0,1,0,1,1,0,0,1,0,12192.0,2,1,1,1,0,0,1,0,7.9,268.7,0,0,0,0,0,1
89800,44.25,0.711,1,1,1,0,2.747,0.0,0,0,1,0,13.38,0.0,0,31.88,0,0,0,1,0,1,1,0,0,1,0,12192.0,2,1,1,1,0,0,1,0,8.2,269.5,0,0,0,0,0,1
89900,44.321,0.711,1,1,1,0,2.747,0.0,0,0,1,0,13.38,0.0,0,31.9,0,0,0,1,0,1,1,0,0,1,0,12192.0,2,1,1,1,0,0,1,0,7.8,271.2,0,0,0,0,0,1
90000,44.392,0.711,1,1,1,0,2.747,0.0,0,0,1,0,13.38,0.0,0,32.06,0,0,0,1,0,1,1,0,0,1,0,12192.0,2,1,1,1,0,0,1,0,8.4,272.3,0,0,0,0,0,1
90100,44.463,0.711,1,1,1,0,2.747,0.0,0,0,1,0,13.38,0.0,0,31.82,0,0,0,1,0,1,1,0,0,1,0,12192.0,2,1,1,1,0,0,1,0,8.4,269.1,0,0,0,0,0,1
90200,44.534,0.711,1,1,1,0,2.747,0.0,0,0,1,0,13.38,0.0,0,32.07,0,0,0,1,0,1,1,0,0,1,0,12192.0,2,1,1,1,0,0,1,0,8.2,269.9,0,0,0,0,0,1
90300,44.605,0.711,1,1,1,0,2.747,0.0,0,0,1,0,13.38,0.0,0,31.96,0,0,0,1,0,1,1,0,0,1,0,12192.0,2,1,1,1,0,0,1,0,8.8,269.7,0,0,0,0,0,1
90400,44.676,0.711,1,1,1,0,2.747,0.0,0,0,1,0,13.38,0.0,0,32.11,0,0,0,1,0,1,1,0,0,1,0,12192.0,2,1,1,1,0,0,1,0,8.0,270.0,0,0,0,0,0,1
90500,44.747,0.711,1,1,1,0,2.747,0.0,0,0,1,0,13.38,0.0,0,32.03,0,0,0,1,0,1,1,0,0,1,0,12192.0,2,1,1,1,0,0,1,0,8.3,269.9,0,0,0,0,0,1
90600,44.819,0.711,1,1,1,0,2.747,0.0,0,0,1,0,13.38,0.0,0,31.85,0,0,0,1,0,1,1,0,0,1,0,12192.0,2,1,1,1,0,0,1,0,8.0,268.2,0,0,0,0,0,1
90700,44.89,0.711,1,1,1,0,2.747,0.0,0,0,1,0,13.38,0.0,0,31.78,0,0,0,1,0,1,1,0,0,1,0,12192.0,2,1,1,1,0,0,1,0,8.5,273.4,0,0,0,0,0,1
90800,44.961,0.711,1,1,1,0,2.747,0.0,0,0,1,0,13.38,0.0,0,32.07,0,0,0,1,0,1,1,0,0,1,0,12192.0,2,1,1,1,0,0,1,0,7.8,270.6,0,0,0,0,0,1
90900,45.032,0.711,1,1,1,0,2.747,0.0,0,0,1,0,13.38,0.0,0,31.82,0,0,0,1,0,1,1,0,0,1,0,12192.0,2,1,1,1,0,0,1,0,8.5,269.6,0,0,0,0,0,1
91000,45.103,0.711,1,1,1,0,2.747,0.0,0,0,1,0,13.38,0.0,0,31.96,0,0,0,1,0,1,1,0,0,1,0,12192.0,2,1,1,1,0,0,1,0,9.2,267.4,0,0,0,0,0,1
91100,45.174,0.711,1,1,1,0,2.747,0.0,0,0,1,0,13.38,0.0,0,31.94,0,0,0,1,0,1,1,0,0,1,0,12192.0,2,1,1,1,0,0,1,0,7.9,270.3,0,0,0,0,0,1
91200,45.245,0.711,1,1,1,0,2.747,0.0,0,0,1,0,13.38,0.0,0,32.04,0,0,0,1,0,1,1,0,0,1,0,12192.0,2,1,1,1,0,0,1,0,7.4,273.1,0,0,0,0,0,1
91300,45.316,0.711,1,1,1,0,2.747,0.0,0,0,1,0,13.38,0.0,0,31.97,0,0,0,1,0,1,1,0,0,1,0,12192.0,2,1,1,1,0,0,1,0,8.1,271.5,0,0,0,0,0,1
91400,45.387,0.711,1,1,1,0,2.747,0.0,0,0,1,0,13.38,0.0,0,31.9,0,0,0,1,0,1,1,0,0,1,0,12192.0,2,1,1,1,0,0,1,0,8.7,270.7,0,0,0,0,0,1
91500,45.458,0.711,1,1,1,0,2.747,0.0,0,0,1,0,13.38,0.0,0,32.06,0,0,0,1,0,1,1,0,0,1,0,12192.0,2,1,1,1,0,0,1,0,7.5,265.9,0,0,0,0,0,1
91600,45.529,0.711,1,1,1,0,2.747,0.0,0,0,1,0,13.38,0.0,0,31.9,0,0,0,1,0,1,1,0,0,1,0,12192.0,2,1,1,1,0,0,1,0,8.0,274.2,0,0,0,0,0,1
91700,45.6,0.711,1,1,1,0,2.747,0.0,0,0,1,0,13.38,0.0,0,32.09,0,0,0,1,0,1,1,0,0,1,0,12192.0,2,1,1,1,0,0,1,0,8.8,267.5,0,0,0,0,0,1
91800,45.671,0.711,1,1,1,0,2.747,0.0,0,0,1,0,13.38,0.0,0,32.0,0,0,0,1,0,1,1,0,0,1,0,12192.0,2,1,1,1,0,0,1,0,8.7,270.3,0,0,0,0,0,1
91900,45.742,0.711,1,1,1,0,2.747,0.0,0,0,1,0,13.38,0.0,0,31.94,0,0,0,1,0,1,1,0,0,1,0,12192.0,2,1,1,1,0,0,1,0,8.5,272.1,0,0,0,0,0,1
92000,45.813,0.711,1,1,1,0,2.747,0.0,0,0,1,0,13.38,0.0,0,31.76,0,0,0,1,0,1,1,0,0,1,0,12192.0,2,1,1,1,0,0,1,0,9.6,270.5,0,0,0,0,0,1
92100,45.884,0.711,1,1,1,0,2.747,0.0,0,0,1,0,13.38,0.0,0,31.91,0,0,0,1,0,1,1,0,0,1,0,12192.0,2,1,1,1,0,0,1,0,8.2,267.9,0,0,0,0,0,1
92200,45.956,0.711,1,1,1,0,2.747,0.0,0,0,1,0,13.38,0.0,0,32.03,0,0,0,1,0,1,1,0,0,1,0,12192.0,2,1,1,1,0,0,1,0,9.0,269.6,0,0,0,0,0,1
92300,46.027,0.711,1,1,1,0,2.747,0.0,0,0,1,0,13.38,0.0,0,31.99,0,0,0,1,0,1,1,0,0,1,0,12192.0,2,1,1,1,0,0,1,0,7.7,269.9,0,0,0,0,0,1
92400,46.098,0.711,1,1,1,0,2.747,0.0,0,0,1,0,13.38,0.0,0,32.08,0,0,0,1,0,1,1,0,0,1,0,12192.0,2,1,1,1,0,0,1,0,8.5,270.7,0,0,0,0,0,1
92500,46.169,0.711,1,1,1,0,2.747,0.0,0,0,1,0,13.38,0.0,0,31.95,0,0,0,1,0,1,1,0,0,1,0,12192.0,2,1,1,1,0,0,1,0,9.4,266.1,0,0,0,0,0,1
92600,46.24,0.711,1,1,1,0,2.747,0.0,0,0,1,0,13.38,0.0,0,32.05,0,0,0,1,0,1,1,0,0,1,0,12192.0,2,1,1,1,0,0,1,0,8.1,271.5,0,0,0,0,0,1
92700,46.311,0.711,1,1,1,0,2.747,0.0,0,0,1,0,13.38,0.0,0,32.03,0,0,0,1,0,1,1,0,0,1,0,12192.0,2,1,1,1,0,0,1,0,8.6,268.4,0,0,0,0,0,1
92800,46.382,0.711,1,1,1,0,2.747,0.0,0,0,1,0,13.38,0.0,0,31.96,0,0,0,1,0,1,1,0,0,1,0,12192.0,2,1,1,1,0,0,1,0,8.7,268.8,0,0,0,0,0,1
92900,46.453,0.711,1,1,1,0,2.747,0.0,0,0,1,0,13.38,0.0,0,31.96,0,0,0,1,0,1,1,0,0,1,0,12192.0,2,1,1,1,0,0,1,0,8.3,268.6,0,0,0,0,0,1
93000,46.524,0.711,1,1,1,0,2.747,0.0,0,0,1,0,13.38,0.0,0,31.91,0,0,0,1,0,1,1,0,0,1,0,12192.0,2,1,1,1,0,0,1,0,8.1,268.9,0,0,0,0,0,1
93100,46.595,0.711,1,1,1,0,2.747,0.0,0,0,1,0,13.38,0.0,0,32.04,0,0,0,1,0,1,1,0,0,1,0,12192.0,2,1,1,1,0,0,1,0,8.2,268.0,0,0,0,0,0,1
93200,46.666,0.711,1,1,1,0,2.747,0.0,0,0,1,0,13.38,0.0,0,32.06,0,0,0,1,0,1,1,0,0,1,0,12192.0,2,1,1,1,0,0,1,0,8.9,274.1,0,0,0,0,0,1
93300,46.737,0.711,1,1,1,0,2.747,0.0,0,0,1,0,13.38,0.0,0,32.18,0,0,0,1,0,1,1,0,0,1,0,12192.0,2,1,1,1,0,0,1,0,9.0,266.6,0,0,0,0,0,1
93400,46.808,0.711,1,1,1,0,2.747,0.0,0,0,1,0,13.38,0.0,0,32.02,0,0,0,1,0,1,1,0,0,1,0,12192.0,2,1,1,1,0,0,1,0,8.8,268.6,0,0,0,0,0,1
93500,46.879,0.711,1,1,1,0,2.747,0.0,0,0,1,0,13.38,0.0,0,32.02,0,0,0,1,0,1,1,0,0,1,0,12192.0,2,1,1,1,0,0,1,0,8.5,272.5,0,0,0,0,0,1
93600,46.95,0.711,1,1,1,0,2.747,0.0,0,0,1,0,13.38,0.0,0,32.18,0,0,0,1,0,1,1,0,0,1,0,12192.0,2,1,1,1,0,0,1,0,8.2,275.2,0,0,0,0,0,1
93700,47.021,0.711,1,1,1,0,2.747,0.0,0,0,1,0,13.38,0.0,0,32.18,0,0,0,1,0,1,1,0,0,1,0,12192.0,2,1,1,1,0,0,1,0,8.6,268.6,0,0,0,0,0,1
93800,47.093,0.711,1,1,1,0,2.747,0.0,0,0,1,0,13.38,0.0,0,31.84,0,0,0,1,0,1,1,0,0,1,0,12192.0,2,1,1,1,0,0,1,0,7.9,263.6,0,0,0,0,0,1
93900,47.164,0.711,1,1,1,0,2.747,0.0,0,0,1,0,13.38,0.0,0,32.25,0,0,0,1,0,1,1,0,0,1,0,12192.0,2,1,1,1,0,0,1,0,8.0,270.4,0,0,0,0,0,1
94000,47.235,0.711,1,1,1,0,2.747,0.0,0,0,1,0,13.38,0.0,0,32.03,0,0,0,1,0,1,1,0,0,1,0,12192.0,2,1,1,1,0,0,1,0,8.2,268.4,0,0,0,0,0,1
94100,47.306,0.711,1,1,1,0,2.747,0.0,0,0,1,0,13.38,0.0,0,32.2,0,0,0,1,0,1,1,0,0,1,0,12192.0,2,1,1,1,0,0,1,0,8.3,267.7,0,0,0,0,0,1
94200,47.377,0.711,1,1,1,0,2.747,0.0,0,0,1,0,13.38,0.0,0,31.83,0,0,0,1,0,1,1,0,0,1,0,12192.0,2,1,1,1,0,0,1,0,7.7,270.7,0,0,0,0,0,1
94300,47.448,0.711,1,1,1,0,2.747,0.0,0,0,1,0,13.38,0.0,0,32.01,0,0,0,1,0,1,1,0,0,1,0,12192.0,2,1,1,1,0,0,1,0,8.1,269.6,0,0,0,0,0,1
94400,47.519,0.711,1,1,1,0,2.747,0.0,0,0,1,0,13.38,0.0,0,32.21,0,0,0,1,0,1,1,0,0,1,0,12192.0,2,1,1,1,0,0,1,0,8.3,267.1,0,0,0,0,0,1
94500,47.59,0.711,1,1,1,0,2.747,0.0,0,0,1,0,13.38,0.0,0,31.88,0,0,0,1,0,1,1,0,0,1,0,12192.0,2,1,1,1,0,0,1,0,8.3,268.0,0,0,0,0,0,1
94600,47.661,0.711,1,1,1,0,2.747,0.0,0,0,1,0,13.38,0.0,0,32.08,0,0,0,1,0,1,1,0,0,1,0,12192.0,2,1,1,1,0,0,1,0,7.0,272.0,0,0,0,0,0,1
94700,47.732,0.711,1,1,1,0,2.747,0.0,0,0,1,0,13.38,0.0,0,31.98,0,0,0,1,0,1,1,0,0,1,0,12192.0,2,1,1,1,0,0,1,0,7.5,267.6,0,0,0,0,0,1
94800,47.803,0.711,1,1,1,0,2.747,0.0,0,0,1,0,13.38,0.0,0,31.87,0,0,0,1,0,1,1,0,0,1,0,12192.0,2,1,1,1,0,0,1,0,8.4,272.4,0,0,0,0,0,1
94900,47.874,0.711,1,1,1,0,2.747,0.0,0,0,1,0,13.38,0.0,0,32.08,0,0,0,1,0,1,1,0,0,1,0,12192.0,2,1,1,1,0,0,1,0,7.6,274.7,0,0,0,0,0,1
95000,47.945,0.711,1,1,1,0,2.747,0.0,0,0,1,0,13.38,0.0,0,32.04,0,0,0,1,0,1,1,0,0,1,0,12192.0,2,1,1,1,0,0,1,0,7.2,268.0,0,0,0,0,0,1
95100,48.016,0.711,1,1,1,0,2.747,0.0,0,0,1,0,13.38,0.0,0,31.58,0,0,0,1,0,1,1,0,0,1,0,12192.0,2,1,1,1,0,0,1,0,7.5,266.1,0,0,0,0,0,1
95200,48.087,0.711,1,1,1,0,2.747,0.0,0,0,1,0,13.38,0.0,0,31.9,0,0,0,1,0,1,1,0,0,1,0,12192.0,2,1,1,1,0,0,1,0,7.5,267.0,0,0,0,0,0,1
95300,48.158,0.711,1,1,1,0,2.747,0.0,0,0,1,0,13.38,0.0,0,32.04,0,0,0,1,0,1,1,0,0,1,0,12192.0,2,1,1,1,0,0,1,0,8.1,270.7,0,0,0,0,0,1
95400,48.23,0.711,1,1,1,0,2.747,0.0,0,0,1,0,13.38,0.0,0,31.97,0,0,0,1,0,1,1,0,0,1,0,12192.0,2,1,1,1,0,0,1,0,7.3,268.0,0,0,0,0,0,1
95500,48.301,0.711,1,1,1,0,2.747,0.0,0,0,1,0,13.38,0.0,0,31.89,0,0,0,1,0,1,1,0,0,1,0,12192.0,2,1,1,1,0,0,1,0,7.2,269.1,0,0,0,0,0,1
95600,48.372,0.711,1,1,1,0,2.747,0.0,0,0,1,0,13.38,0.0,0,31.82,0,0,0,1,0,1,1,0,0,1,0,12192.0,2,1,1,1,0,0,1,0,7.2,273.7,0,0,0,0,0,1
95700,48.443,0.711,1,1,1,0,2.747,0.0,0,0,1,0,13.38,0.0,0,32.19,0,0,0,1,0,1,1,0,0,1,0,12192.0,2,1,1,1,0,0,1,0,7.3,270.9,0,0,0,0,0,1
95800,48.514,0.711,1,1,1,0,2.747,0.0,0,0,1,0,13.38,0.0,0,32.23,0,0,0,1,0,1,1,0,0,1,0,12192.0,2,1,1,1,0,0,1,0,7.2,267.4,0,0,0,0,0,1
95900,48.585,0.711,1,1,1,0,2.747,0.0,0,0,1,0,13.38,0.0,0,31.97,0,0,0,1,0,1,1,0,0,1,0,12192.0,2,1,1,1,0,0,1,0,6.9,272.7,0,0,0,0,0,1
96000,48.656,0.711,1,1,1,0,2.747,0.0,0,0,1,0,13.38,0.0,0,32.18,0,0,0,1,0,1,1,0,0,1,0,12192.0,2,1,1,1,0,0,1,0,7.6,269.9,0,0,0,0,0,1
96100,48.727,0.711,1,1,1,0,2.747,0.0,0,0,1,0,13.38,0.0,0,32.01,0,0,0,1,0,1,1,0,0,1,0,12192.0,2,1,1,1,0,0,1,0,7.6,268.0,0,0,0,0,0,1
96200,48.798,0.711,1,1,1,0,2.747,0.0,0,0,1,0,13.38,0.0,0,31.88,0,0,0,1,0,1,1,0,0,1,0,12192.0,2,1,1,1,0,0,1,0,7.9,269.7,0,0,0,0,0,1
96300,48.869,0.711,1,1,1,0,2.747,0.0,0,0,1,0,13.38,0.0,0,32.0,0,0,0,1,0,1,1,0,0,1,0,12192.0,2,1,1,1,0,0,1,0,7.3,269.3,0,0,0,0,0,1
96400,48.94,0.711,1,1,1,0,2.747,0.0,0,0,1,0,13.38,0.0,0,31.96,0,0,0,1,0,1,1,0,0,1,0,12192.0,2,1,1,1,0,0,1,0,7.9,273.9,0,0,0,0,0,1
96500,49.011,0.711,1,1,1,0,2.747,0.0,0,0,1,0,13.38,0.0,0,32.18,0,0,0,1,0,1,1,0,0,1,0,12192.0,2,1,1,1,0,0,1,0,7.6,270.2,0,0,0,0,0,1
96600,49.082,0.711,1,1,1,0,2.747,0.0,0,0,1,0,13.38,0.0,0,31.97,0,0,0,1,0,1,1,0,0,1,0,12192.0,2,1,1,1,0,0,1,0,7.7,268.5,0,0,0,0,0,1
96700,49.153,0.711,1,1,1,0,2.747,0.0,0,0,1,0,13.38,0.0,0,31.94,0,0,0,1,0,1,1,0,0,1,0,12192.0,2,1,1,1,0,0,1,0,7.9,268.6,0,0,0,0,0,1
96800,49.224,0.711,1,1,1,0,2.747,0.0,0,0,1,0,13.38,0.0,0,32.09,0,0,0,1,0,1,1,0,0,1,0,12192.0,2,1,1,1,0,0,1,0,7.0,267.3,0,0,0,0,0,1
96900,49.295,0.711,1,1,1,0,2.747,0.0,0,0,1,0,13.38,0.0,0,31.9,0,0,0,1,0,1,1,0,0,1,0,12192.0,2,1,1,1,0,0,1,0,6.6,269.5,0,0,0,0,0,1
97000,49.367,0.711,1,1,1,0,2.747,0.0,0,0,1,0,13.38,0.0,0,32.12,0,0,0,1,0,1,1,0,0,1,0,12192.0,2,1,1,1,0,0,1,0,7.9,273.9,0,0,0,0,0,1
97100,49.438,0.711,1,1,1,0,2.747,0.0,0,0,1,0,13.38,0.0,0,32.13,0,0,0,1,0,1,1,0,0,1,0,12192.0,2,1,1,1,0,0,1,0,7.2,269.8,0,0,0,0,0,1
97200,49.509,0.711,1,1,1,0,2.747,0.0,0,0,1,0,13.38,0.0,0,31.99,0,0,0,1,0,1,1,0,0,1,0,12192.0,2,1,1,1,0,0,1,0,7.5,268.2,0,0,0,0,0,1
97300,49.58,0.711,1,1,1,0,2.747,0.0,0,0,1,0,13.38,0.0,0,31.96,0,0,0,1,0,1,1,0,0,1,0,12192.0,2,1,1,1,0,0,1,0,8.1,269.1,0,0,0,0,0,1
97400,49.651,0.711,1,1,1,0,2.747,0.0,0,0,1,0,13.38,0.0,0,32.04,0,0,0,1,0,1,1,0,0,1,0,12192.0,2,1,1,1,0,0,1,0,6.8,265.2,0,0,0,0,0,1
97500,49.722,0.711,1,1,1,0,2.747,0.0,0,0,1,0,13.38,0.0,0,31.78,0,0,0,1,0,1,1,0,0,1,0,12192.0,2,1,1,1,0,0,1,0,6.9,269.1,0,0,0,0,0,1
97600,49.793,0.711,1,1,1,0,2.747,0.0,0,0,1,0,13.38,0.0,0,32.14,0,0,0,1,0,1,1,0,0,1,0,12192.0,2,1,1,1,0,0,1,0,7.3,267.8,0,0,0,0,0,1
97700,49.864,0.711,1,1,1,0,2.747,0.0,0,0,1,0,13.38,0.0,0,32.11,0,0,0,1,0,1,1,0,0,1,0,12192.0,2,1,1,1,0,0,1,0,7.6,270.9,0,0,0,0,0,1
97800,49.935,0.711,1,1,1,0,2.747,0.0,0,0,1,0,13.38,0.0,0,31.93,0,0,0,1,0,1,1,0,0,1,0,12192.0,2,1,1,1,0,0,1,0,8.2,272.4,0,0,0,0,0,1
97900,50.006,0.711,1,1,1,0,2.747,0.0,0,0,1,0,13.38,0.0,0,32.07,0,0,0,1,0,1,1,0,0,1,0,12192.0,2,1,1,1,0,0,1,0,8.0,272.3,0,0,0,0,0,1
98000,50.077,0.711,1,1,1,0,2.747,0.0,0,0,1,0,13.38,0.0,0,31.88,0,0,0,1,0,1,1,0,0,1,0,12192.0,2,1,1,1,0,0,1,0,7.3,268.4,0,0,0,0,0,1
98100,50.148,0.711,1,1,1,0,2.747,0.0,0,0,1,0,13.38,0.0,0,32.17,0,0,0,1,0,1,1,0,0,1,0,12192.0,2,1,1,1,0,0,1,0,6.9,265.4,0,0,0,0,0,1
98200,50.219,0.711,1,1,1,0,2.747,0.0,0,0,1,0,13.38,0.0,0,32.15,0,0,0,1,0,1,1,0,0,1,0,12192.0,2,1,1,1,0,0,1,0,7.1,268.3,0,0,0,0,0,1
98300,50.29,0.711,1,1,1,0,2.747,0.0,0,0,1,0,13.38,0.0,0,32.12,0,0,0,1,0,1,1,0,0,1,0,12192.0,2,1,1,1,0,0,1,0,7.6,269.7,0,0,0,0,0,1
98400,50.361,0.711,1,1,1,0,2.747,0.0,0,0,1,0,13.38,0.0,0,32.12,0,0,0,1,0,1,1,0,0,1,0,12192.0,2,1,1,1,0,0,1,0,7.6,267.0,0,0,0,0,0,1
98500,50.432,0.711,1,1,1,0,2.747,0.0,0,0,1,0,13.38,0.0,0,32.03,0,0,0,1,0,1,1,0,0,1,0,12192.0,2,1,1,1,0,0,1,0,8.3,270.4,0,0,0,0,0,1
98600,50.504,0.711,1,1,1,0,2.747,0.0,0,0,1,0,13.38,0.0,0,31.73,0,0,0,1,0,1,1,0,0,1,0,12192.0,2,1,1,1,0,0,1,0,7.3,266.4,0,0,0,0,0,1
98700,50.575,0.711,1,1,1,0,2.747,0.0,0,0,1,0,13.38,0.0,0,31.82,0,0,0,1,0,1,1,0,0,1,0,12192.0,2,1,1,1,0,0,1,0,7.9,270.6,0,0,0,0,0,1
98800,50.646,0.711,1,1,1,0,2.747,0.0,0,0,1,0,13.38,0.0,0,32.21,0,0,0,1,0,1,1,0,0,1,0,12192.0,2,1,1,1,0,0,1,0,8.0,267.0,0,0,0,0,0,1
98900,50.717,0.711,1,1,1,0,2.747,0.0,0,0,1,0,13.38,0.0,0,31.93,0,0,0,1,0,1,1,0,0,1,0,12192.0,2,1,1,1,0,0,1,0,8.4,263.8,0,0,0,0,0,1
99000,50.788,0.711,1,1,1,0,2.747,0.0,0,0,1,0,13.38,0.0,0,31.86,0,0,0,1,0,1,1,0,0,1,0,12192.0,2,1,1,1,0,0,1,0,7.8,272.1,0,0,0,0,0,1
99100,50.859,0.711,1,1,1,0,2.747,0.0,0,0,1,0,13.38,0.0,0,31.9,0,0,0,1,0,1,1,0,0,1,0,12192.0,2,1,1,1,0,0,1,0,8.5,273.4,0,0,0,0,0,1
99200,50.93,0.711,1,1,1,0,2.747,0.0,0,0,1,0,13.38,0.0,0,31.9,0,0,0,1,0,1,1,0,0,1,0,12192.0,2,1,1,1,0,0,1,0,8.7,267.3,0,0,0,0,0,1
99300,51.001,0.711,1,1,1,0,2.747,0.0,0,0,1,0,13.38,0.0,0,32.11,0,0,0,1,0,1,1,0,0,1,0,12192.0,2,1,1,1,0,0,1,0,8.2,271.5,0,0,0,0,0,1
99400,51.072,0.711,1,1,1,0,2.747,0.0,0,0,1,0,13.38,0.0,0,32.0,0,0,0,1,0,1,1,0,0,1,0,12192.0,2,1,1,1,0,0,1,0,7.8,271.4,0,0,0,0,0,1
99500,51.143,0.711,1,1,1,0,2.747,0.0,0,0,1,0,13.38,0.0,0,32.17,0,0,0,1,0,1,1,0,0,1,0,12192.0,2,1,1,1,0,0,1,0,7.8,270.8,0,0,0,0,0,1
99600,51.214,0.711,1,1,1,0,2.747,0.0,0,0,1,0,13.38,0.0,0,31.9,0,0,0,1,0,1,1,0,0,1,0,12192.0,2,1,1,1,0,0,1,0,7.8,269.2,0,0,0,0,0,1
99700,51.285,0.711,1,1,1,0,2.747,0.0,0,0,1,0,13.38,0.0,0,32.06,0,0,0,1,0,1,1,0,0,1,0,12192.0,2,1,1,1,0,0,1,0,8.6,272.4,0,0,0,0,0,1
99800,51.356,0.711,1,1,1,0,2.747,0.0,0,0,1,0,13.38,0.0,0,32.1,0,0,0,1,0,1,1,0,0,1,0,12192.0,2,1,1,1,0,0,1,0,8.7,267.1,0,0,0,0,0,1
99900,51.427,0.711,1,1,1,0,2.747,0.0,0,0,1,0,13.38,0.0,0,32.19,0,0,0,1,0,1,1,0,0,1,0,12192.0,2,1,1,1,0,0,1,0,8.2,272.1,0,0,0,0,0,1
100000,51.498,0.711,1,1,1,0,2.747,0.0,0,0,1,0,13.38,0.0,0,32.14,0,0,0,1,0,1,1,0,0,1,0,12192.0,2,1,1,1,0,0,1,0,8.0,269.0,0,0,0,0,0,1
100100,51.569,0.711,1,1,1,0,2.747,0.0,0,0,1,0,13.38,0.0,0,31.88,0,0,0,1,0,1,1,0,0,1,0,12192.0,2,1,1,1,0,0,1,0,8.3,271.8,0,0,0,0,0,1
100200,51.641,0.711,1,1,1,0,2.747,0.0,0,0,1,0,13.38,0.0,0,32.13,0,0,0,1,0,1,1,0,0,1,0,12192.0,2,1,1,1,0,0,1,0,7.9,274.1,0,0,0,0,0,1
100300,51.712,0.711,1,1,1,0,2.747,0.0,0,0,1,0,13.38,0.0,0,31.99,0,0,0,1,0,1,1,0,0,1,0,12192.0,2,1,1,1,0,0,1,0,8.4,264.1,0,0,0,0,0,1
100400,51.783,0.711,1,1,1,0,2.747,0.0,0,0,1,0,13.38,0.0,0,31.89,0,0,0,1,0,1,1,0,0,1,0,12192.0,2,1,1,1,0,0,1,0,8.5,269.3,0,0,0,0,0,1
100500,51.854,0.711,1,1,1,0,2.747,0.0,0,0,1,0,13.38,0.0,0,31.88,0,0,0,1,0,1,1,0,0,1,0,12192.0,2,1,1,1,0,0,1,0,8.5,275.1,0,0,0,0,0,1
100600,51.925,0.711,1,1,1,0,2.747,0.0,0,0,1,0,13.38,0.0,0,31.99,0,0,0,1,0,1,1,0,0,1,0,12192.0,2,1,1,1,0,0,1,0,7.6,268.4,0,0,0,0,0,1
100700,51.996,0.711,1,1,1,0,2.747,0.0,0,0,1,0,13.38,0.0,0,31.96,0,0,0,1,0,1,1,0,0,1,0,12192.0,2,1,1,1,0,0,1,0,7.8,268.8,0,0,0,0,0,1
100800,52.067,0.711,1,1,1,0,2.747,0.0,0,0,1,0,13.38,0.0,0,31.84,0,0,0,1,0,1,1,0,0,1,0,12192.0,2,1,1,1,0,0,1,0,8.8,269.6,0,0,0,0,0,1
100900,52.138,0.711,1,1,1,0,2.747,0.0,0,0,1,0,13.38,0.0,0,32.07,0,0,0,1,0,1,1,0,0,1,0,12192.0,2,1,1,1,0,0,1,0,8.7,274.7,0,0,0,0,0,1
101000,52.209,0.711,1,1,1,0,2.747,0.0,0,0,1,0,13.38,0.0,0,31.93,0,0,0,1,0,1,1,0,0,1,0,12192.0,2,1,1,1,0,0,1,0,8.1,270.3,0,0,0,0,0,1
101100,52.28,0.711,1,1,1,0,2.747,0.0,0,0,1,0,13.38,0.0,0,31.99,0,0,0,1,0,1,1,0,0,1,0,12192.0,2,1,1,1,0,0,1,0,9.4,269.1,0,0,0,0,0,1
101200,52.351,0.711,1,1,1,0,2.747,0.0,0,0,1,0,13.38,0.0,0,31.8,0,0,0,1,0,1,1,0,0,1,0,12192.0,2,1,1,1,0,0,1,0,8.1,269.1,0,0,0,0,0,1
101300,52.422,0.711,1,1,1,0,2.747,0.0,0,0,1,0,13.38,0.0,0,32.02,0,0,0,1,0,1,1,0,0,1,0,12192.0,2,1,1,1,0,0,1,0,8.3,272.0,0,0,0,0,0,1
101400,52.493,0.711,1,1,1,0,2.747,0.0,0,0,1,0,13.38,0.0,0,32.21,0,0,0,1,0,1,1,0,0,1,0,12192.0,2,1,1,1,0,0,1,0,9.1,265.7,0,0,0,0,0,1
101500,52.564,0.711,1,1,1,0,2.747,0.0,0,0,1,0,13.38,0.0,0,32.1,0,0,0,1,0,1,1,0,0,1,0,12192.0,2,1,1,1,0,0,1,0,9.1,269.3,0,0,0,0,0,1
101600,52.635,0.711,1,1,1,0,2.747,0.0,0,0,1,0,13.38,0.0,0,32.04,0,0,0,1,0,1,1,0,0,1,0,12192.0,2,1,1,1,0,0,1,0,8.4,269.7,0,0,0,0,0,1
101700,52.706,0.711,1,1,1,0,2.747,0.0,0,0,1,0,13.38,0.0,0,32.01,0,0,0,1,0,1,1,0,0,1,0,12192.0,2,1,1,1,0,0,1,0,7.6,271.4,0,0,0,0,0,1
101800,52.778,0.711,1,1,1,0,2.747,0.0,0,0,1,0,13.38,0.0,0,32.05,0,0,0,1,0,1,1,0,0,1,0,12192.0,2,1,1,1,0,0,1,0,9.2,271.7,0,0,0,0,0,1
101900,52.849,0.711,1,1,1,0,2.747,0.0,0,0,1,0,13.38,0.0,0,32.0,0,0,0,1,0,1,1,0,0,1,0,12192.0,2,1,1,1,0,0,1,0,8.4,272.7,0,0,0,0,0,1
102000,52.92,0.711,1,1,1,0,2.747,0.0,0,0,1,0,13.38,0.0,0,32.24,0,0,0,1,0,1,1,0,0,1,0,12192.0,2,1,1,1,0,0,1,0,8.7,270.8,0,0,0,0,0,1
102100,52.991,0.711,1,1,1,0,2.747,0.0,0,0,1,0,13.38,0.0,0,31.91,0,0,0,1,0,1,1,0,0,1,0,12192.0,2,1,1,1,0,0,1,0,8.4,269.8,0,0,0,0,0,1
102200,53.062,0.711,1,1,1,0,2.747,0.0,0,0,1,0,13.38,0.0,0,32.18,0,0,0,1,0,1,1,0,0,1,0,12192.0,2,1,1,1,0,0,1,0,8.1,273.7,0,0,0,0,0,1
102300,53.133,0.711,1,1,1,0,2.747,0.0,0,0,1,0,13.38,0.0,0,31.91,0,0,0,1,0,1,1,0,0,1,0,12192.0,2,1,1,1,0,0,1,0,8.6,273.8,0,0,0,0,0,1
102400,53.204,0.711,1,1,1,0,2.747,0.0,0,0,1,0,13.38,0.0,0,32.11,0,0,0,1,0,1,1,0,0,1,0,12192.0,2,1,1,1,0,0,1,0,8.6,267.6,0,0,0,0,0,1
102500,53.275,0.711,1,1,1,0,2.747,0.0,0,0,1,0,13.38,0.0,0,31.98,0,0,0,1,0,1,1,0,0,1,0,12192.0,2,1,1,1,0,0,1,0,7.6,269.4,0,0,0,0,0,1
102600,53.346,0.711,1,1,1,0,2.747,0.0,0,0,1,0,13.38,0.0,0,31.88,0,0,0,1,0,1,1,0,0,1,0,12192.0,2,1,1,1,0,0,1,0,8.7,270.5,0,0,0,0,0,1
102700,53.417,0.711,1,1,1,0,2.747,0.0,0,0,1,0,13.38,0.0,0,31.93,0,0,0,1,0,1,1,0,0,1,0,12192.0,2,1,1,1,0,0,1,0,8.4,271.1,0,0,0,0,0,1
102800,53.488,0.711,1,1,1,0,2.747,0.0,0,0,1,0,13.38,0.0,0,32.24,0,0,0,1,0,1,1,0,0,1,0,12192.0,2,1,1,1,0,0,1,0,8.1,268.1,0,0,0,0,0,1
102900,53.559,0.711,1,1,1,0,2.747,0.0,0,0,1,0,13.38,0.0,0,32.31,0,0,0,1,0,1,1,0,0,1,0,12192.0,2,1,1,1,0,0,1,0,7.6,268.0,0,0,0,0,0,1
103000,53.63,0.711,1,1,1,0,2.747,0.0,0,0,1,0,13.38,0.0,0,31.92,0,0,0,1,0,1,1,0,0,1,0,12192.0,2,1,1,1,0,0,1,0,8.0,271.7,0,0,0,0,0,1
103100,53.701,0.711,1,1,1,0,2.747,0.0,0,0,1,0,13.38,0.0,0,31.76,0,0,0,1,0,1,1,0,0,1,0,12192.0,2,1,1,1,0,0,1,0,8.6,271.9,0,0,0,0,0,1
103200,53.772,0.711,1,1,1,0,2.747,0.0,0,0,1,0,13.38,0.0,0,32.17,0,0,0,1,0,1,1,0,0,1,0,12192.0,2,1,1,1,0,0,1,0,8.2,273.0,0,0,0,0,0,1
103300,53.843,0.711,1,1,1,0,2.747,0.0,0,0,1,0,13.38,0.0,0,31.78,0,0,0,1,0,1,1,0,0,1,0,12192.0,2,1,1,1,0,0,1,0,7.3,271.8,0,0,0,0,0,1
103400,53.915,0.711,1,1,1,0,2.747,0.0,0,0,1,0,13.38,0.0,0,32.05,0,0,0,1,0,1,1,0,0,1,0,12192.0,2,1,1,1,0,0,1,0,7.3,265.9,0,0,0,0,0,1
103500,53.986,0.711,1,1,1,0,2.747,0.0,0,0,1,0,13.38,0.0,0,31.91,0,0,0,1,0,1,1,0,0,1,0,12192.0,2,1,1,1,0,0,1,0,7.9,273.4,0,0,0,0,0,1
103600,54.057,0.711,1,1,1,0,2.747,0.0,0,0,1,0,13.38,0.0,0,31.99,0,0,0,1,0,1,1,0,0,1,0,12192.0,2,1,1,1,0,0,1,0,7.7,267.0,0,0,0,0,0,1
103700,54.128,0.711,1,1,1,0,2.747,0.0,0,0,1,0,13.38,0.0,0,32.05,0,0,0,1,0,1,1,0,0,1,0,12192.0,2,1,1,1,0,0,1,0,7.7,270.3,0,0,0,0,0,1
103800,54.199,0.711,1,1,1,0,2.747,0.0,0,0,1,0,13.38,0.0,0,31.86,0,0,0,1,0,1,1,0,0,1,0,12192.0,2,1,1,1,0,0,1,0,7.9,269.6,0,0,0,0,0,1
103900,54.27,0.711,1,1,1,0,2.747,0.0,0,0,1,0,13.38,0.0,0,32.13,0,0,0,1,0,1,1,0,0,1,0,12192.0,2,1,1,1,0,0,1,0,7.5,266.6,0,0,0,0,0,1
104000,54.341,0.711,1,1,1,0,2.747,0.0,0,0,1,0,13.38,0.0,0,32.2,0,0,0,1,0,1,1,0,0,1,0,12192.0,2,1,1,1,0,0,1,0,8.0,272.5,0,0,0,0,0,1
104100,54.412,0.711,1,1,1,0,2.747,0.0,0,0,1,0,13.38,0.0,0,32.05,0,0,0,1,0,1,1,0,0,1,0,12192.0,2,1,1,1,0,0,1,0,8.6,270.3,0,0,0,0,0,1
104200,54.483,0.711,1,1,1,0,2.747,0.0,0,0,1,0,13.38,0.0,0,31.83,0,0,0,1,0,1,1,0,0,1,0,12192.0,2,1,1,1,0,0,1,0,8.0,267.4,0,0,0,0,0,1
104300,54.554,0.711,1,1,1,0,2.747,0.0,0,0,1,0,13.38,0.0,0,32.05,0,0,0,1,0,1,1,0,0,1,0,12192.0,2,1,1,1,0,0,1,0,8.2,269.4,0,0,0,0,0,1
104400,54.625,0.711,1,1,1,0,2.747,0.0,0,0,1,0,13.38,0.0,0,32.03,0,0,0,1,0,1,1,0,0,1,0,12192.0,2,1,1,1,0,0,1,0,8.5,263.9,0,0,0,0,0,1
104500,54.696,0.711,1,1,1,0,2.747,0.0,0,0,1,0,13.38,0.0,0,32.11,0,0,0,1,0,1,1,0,0,1,0,12192.0,2,1,1,1,0,0,1,0,7.3,271.1,0,0,0,0,0,1
104600,54.767,0.711,1,1,1,0,2.747,0.0,0,0,1,0,13.38,0.0,0,32.09,0,0,0,1,0,1,1,0,0,1,0,12192.0,2,1,1,1,0,0,1,0,8.0,270.2,0,0,0,0,0,1
104700,54.838,0.711,1,1,1,0,2.747,0.0,0,0,1,0,13.38,0.0,0,32.07,0,0,0,1,0,1,1,0,0,1,0,12192.0,2,1,1,1,0,0,1,0,7.9,268.8,0,0,0,0,0,1
104800,54.909,0.711,1,1,1,0,2.747,0.0,0,0,1,0,13.38,0.0,0,31.83,0,0,0,1,0,1,1,0,0,1,0,12192.0,2,1,1,1,0,0,1,0,6.8,269.5,0,0,0,0,0,1
104900,54.98,0.711,1,1,1,0,2.747,0.0,0,0,1,0,13.38,0.0,0,31.77,0,0,0,1,0,1,1,0,0,1,0,12192.0,2,1,1,1,0,0,1,0,7.4,272.8,0,0,0,0,0,1
105000,55.052,0.711,1,1,1,0,2.747,0.0,0,0,1,0,13.38,0.0,0,31.91,0,0,0,1,0,1,1,0,0,1,0,12192.0,2,1,1,1,0,0,1,0,7.9,274.1,0,0,0,0,0,1
105100,55.123,0.711,1,1,1,0,2.747,0.0,0,0,1,0,13.38,0.0,0,32.05,0,0,0,1,0,1,1,0,0,1,0,12192.0,2,1,1,1,0,0,1,0,8.1,271.2,0,0,0,0,0,1
105200,55.194,0.711,1,1,1,0,2.747,0.0,0,0,1,0,13.38,0.0,0,31.9,0,0,0,1,0,1,1,0,0,1,0,12192.0,2,1,1,1,0,0,1,0,7.6,266.5,0,0,0,0,0,1
105300,55.265,0.711,1,1,1,0,2.747,0.0,0,0,1,0,13.38,0.0,0,31.99,0,0,0,1,0,1,1,0,0,1,0,12192.0,2,1,1,1,0,0,1,0,7.1,265.1,0,0,0,0,0,1
105400,55.336,0.711,1,1,1,0,2.747,0.0,0,0,1,0,13.38,0.0,0,32.02,0,0,0,1,0,1,1,0,0,1,0,12192.0,2,1,1,1,0,0,1,0,6.7,272.2,0,0,0,0,0,1
105500,55.407,0.711,1,1,1,0,2.747,0.0,0,0,1,0,13.38,0.0,0,32.07,0,0,0,1,0,1,1,0,0,1,0,12192.0,2,1,1,1,0,0,1,0,7.9,271.2,0,0,0,0,0,1
105600,55.478,0.711,1,1,1,0,2.747,0.0,0,0,1,0,13.38,0.0,0,32.15,0,0,0,1,0,1,1,0,0,1,0,12192.0,2,1,1,1,0,0,1,0,7.9,271.6,0,0,0,0,0,1
105700,55.549,0.711,1,1,1,0,2.747,0.0,0,0,1,0,13.38,0.0,0,32.05,0,0,0,1,0,1,1,0,0,1,0,12192.0,2,1,1,1,0,0,1,0,7.8,271.5,0,0,0,0,0,1
105800,55.62,0.711,1,1,1,0,2.747,0.0,0,0,1,0,13.38,0.0,0,31.96,0,0,0,1,0,1,1,0,0,1,0,12192.0,2,1,1,1,0,0,1,0,7.3,270.8,0,0,0,0,0,1
105900,55.691,0.711,1,1,1,0,2.747,0.0,0,0,1,0,13.38,0.0,0,32.04,0,0,0,1,0,1,1,0,0,1,0,12192.0,2,1,1,1,0,0,1,0,7.6,271.3,0,0,0,0,0,1
106000,55.762,0.711,1,1,1,0,2.747,0.0,0,0,1,0,13.38,0.0,0,32.1,0,0,0,1,0,1,1,0,0,1,0,12192.0,2,1,1,1,0,0,1,0,7.7,267.7,0,0,0,0,0,1
106100,55.833,0.711,1,1,1,0,2.747,0.0,0,0,1,0,13.38,0.0,0,31.96,0,0,0,1,0,1,1,0,0,1,0,12192.0,2,1,1,1,0,0,1,0,8.1,270.7,0,0,0,0,0,1
106200,55.904,0.711,1,1,1,0,2.747,0.0,0,0,1,0,13.38,0.0,0,31.91,0,0,0,1,0,1,1,0,0,1,0,12192.0,2,1,1,1,0,0,1,0,8.0,270.7,0,0,0,0,0,1
106300,55.975,0.711,1,1,1,0,2.747,0.0,0,0,1,0,13.38,0.0,0,32.02,0,0,0,1,0,1,1,0,0,1,0,12192.0,2,1,1,1,0,0,1,0,7.6,271.9,0,0,0,0,0,1
106400,56.046,0.711,1,1,1,0,2.747,0.0,0,0,1,0,13.38,0.0,0,32.13,0,0,0,1,0,1,1,0,0,1,0,12192.0,2,1,1,1,0,0,1,0,7.1,267.8,0,0,0,0,0,1
106500,56.117,0.711,1,1,1,0,2.747,0.0,0,0,1,0,13.38,0.0,0,31.89,0,0,0,1,0,1,1,0,0,1,0,12192.0,2,1,1,1,0,0,1,0,7.4,265.0,0,0,0,0,0,1
106600,56.189,0.711,1,1,1,0,2.747,0.0,0,0,1,0,13.38,0.0,0,31.97,0,0,0,1,0,1,1,0,0,1,0,12192.0,2,1,1,1,0,0,1,0,7.2,269.6,0,0,0,0,0,1
106700,56.26,0.711,1,1,1,0,2.747,0.0,0,0,1,0,13.38,0.0,0,32.03,0,0,0,1,0,1,1,0,0,1,0,12192.0,2,1,1,1,0,0,1,0,8.0,272.7,0,0,0,0,0,1
106800,56.331,0.711,1,1,1,0,2.747,0.0,0,0,1,0,13.38,0.0,0,31.91,0,0,0,1,0,1,1,0,0,1,0,12192.0,2,1,1,1,0,0,1,0,7.1,270.5,0,0,0,0,0,1
106900,56.402,0.711,1,1,1,0,2.747,0.0,0,0,1,0,13.38,0.0,0,31.96,0,0,0,1,0,1,1,0,0,1,0,12192.0,2,1,1,1,0,0,1,0,7.3,269.3,0,0,0,0,0,1
107000,56.473,0.711,1,1,1,0,2.747,0.0,0,0,1,0,13.38,0.0,0,32.04,0,0,0,1,0,1,1,0,0,1,0,12192.0,2,1,1,1,0,0,1,0,7.7,272.5,0,0,0,0,0,1
107100,56.544,0.711,1,1,1,0,2.747,0.0,0,0,1,0,13.38,0.0,0,31.8,0,0,0,1,0,1,1,0,0,1,0,12192.0,2,1,1,1,0,0,1,0,7.1,270.2,0,0,0,0,0,1
107200,56.615,0.711,1,1,1,0,2.747,0.0,0,0,1,0,13.38,0.0,0,31.96,0,0,0,1,0,1,1,0,0,1,0,12192.0,2,1,1,1,0,0,1,0,8.3,268.2,0,0,0,0,0,1
107300,56.686,0.711,1,1,1,0,2.747,0.0,0,0,1,0,13.38,0.0,0,32.09,0,0,0,1,0,1,1,0,0,1,0,12192.0,2,1,1,1,0,0,1,0,7.8,271.2,0,0,0,0,0,1
107400,56.757,0.711,1,1,1,0,2.747,0.0,0,0,1,0,13.38,0.0,0,32.07,0,0,0,1,0,1,1,0,0,1,0,12192.0,2,1,1,1,0,0,1,0,7.3,264.9,0,0,0,0,0,1
107500,56.828,0.711,1,1,1,0,2.747,0.0,0,0,1,0,13.38,0.0,0,32.06,0,0,0,1,0,1,1,0,0,1,0,12192.0,2,1,1,1,0,0,1,0,8.5,271.1,0,0,0,0,0,1
107600,56.899,0.711,1,1,1,0,2.747,0.0,0,0,1,0,13.38,0.0,0,31.91,0,0,0,1,0,1,1,0,0,1,0,12192.0,2,1,1,1,0,0,1,0,7.4,268.6,0,0,0,0,0,1
107700,56.97,0.711,1,1,1,0,2.747,0.0,0,0,1,0,13.38,0.0,0,32.02,0,0,0,1,0,1,1,0,0,1,0,12192.0,2,1,1,1,0,0,1,0,7.3,266.5,0,0,0,0,0,1
107800,57.041,0.711,1,1,1,0,2.747,0.0,0,0,1,0,13.38,0.0,0,32.03,0,0,0,1,0,1,1,0,0,1,0,12192.0,2,1,1,1,0,0,1,0,7.4,268.8,0,0,0,0,0,1
107900,57.112,0.711,1,1,1,0,2.747,0.0,0,0,1,0,13.38,0.0,0,31.94,0,0,0,1,0,1,1,0,0,1,0,12192.0,2,1,1,1,0,0,1,0,8.6,268.4,0,0,0,0,0,1
108000,57.183,0.711,1,1,1,0,2.747,0.0,0,0,1,0,13.38,0.0,0,31.92,0,0,0,1,0,1,1,0,0,1,0,12192.0,2,1,1,1,0,0,1,0,8.6,271.7,0,0,0,0,0,1
108100,57.254,0.711,1,1,1,0,2.747,0.0,0,0,1,0,13.38,0.0,0,32.07,0,0,0,1,0,1,1,0,0,1,0,12192.0,2,1,1,1,0,0,1,0,8.3,268.2,0,0,0,0,0,1
108200,57.326,0.711,1,1,1,0,2.747,0.0,0,0,1,0,13.38,0.0,0,32.08,0,0,0,1,0,1,1,0,0,1,0,12192.0,2,1,1,1,0,0,1,0,8.1,266.3,0,0,0,0,0,1
108300,57.397,0.711,1,1,1,0,2.747,0.0,0,0,1,0,13.38,0.0,0,31.95,0,0,0,1,0,1,1,0,0,1,0,12192.0,2,1,1,1,0,0,1,0,8.5,270.2,0,0,0,0,0,1
108400,57.468,0.711,1,1,1,0,2.747,0.0,0,0,1,0,13.38,0.0,0,32.0,0,0,0,1,0,1,1,0,0,1,0,12192.0,2,1,1,1,0,0,1,0,8.2,267.9,0,0,0,0,0,1
108500,57.539,0.711,1,1,1,0,2.747,0.0,0,0,1,0,13.38,0.0,0,32.0,0,0,0,1,0,1,1,0,0,1,0,12192.0,2,1,1,1,0,0,1,0,9.1,268.3,0,0,0,0,0,1
108600,57.61,0.711,1,1,1,0,2.747,0.0,0,0,1,0,13.38,0.0,0,31.97,0,0,0,1,0,1,1,0,0,1,0,12192.0,2,1,1,1,0,0,1,0,8.3,265.1,0,0,0,0,0,1
108700,57.681,0.711,1,1,1,0,2.747,0.0,0,0,1,0,13.38,0.0,0,31.93,0,0,0,1,0,1,1,0,0,1,0,12192.0,2,1,1,1,0,0,1,0,8.8,267.3,0,0,0,0,0,1
108800,57.752,0.711,1,1,1,0,2.747,0.0,0,0,1,0,13.38,0.0,0,32.15,0,0,0,1,0,1,1,0,0,1,0,12192.0,2,1,1,1,0,0,1,0,8.7,269.9,0,0,0,0,0,1
108900,57.823,0.711,1,1,1,0,2.747,0.0,0,0,1,0,13.38,0.0,0,31.81,0,0,0,1,0,1,1,0,0,1,0,12192.0,2,1,1,1,0,0,1,0,8.7,269.8,0,0,0,0,0,1
109000,57.894,0.711,1,1,1,0,2.747,0.0,0,0,1,0,13.38,0.0,0,32.05,0,0,0,1,0,1,1,0,0,1,0,12192.0,2,1,1,1,0,0,1,0,8.5,270.8,0,0,0,0,0,1
109100,57.965,0.711,1,1,1,0,2.747,0.0,0,0,1,0,13.38,0.0,0,32.07,0,0,0,1,0,1,1,0,0,1,0,12192.0,2,1,1,1,0,0,1,0,8.7,266.1,0,0,0,0,0,1
109200,58.036,0.711,1,1,1,0,2.747,0.0,0,0,1,0,13.38,0.0,0,32.15,0,0,0,1,0,1,1,0,0,1,0,12192.0,2,1,1,1,0,0,1,0,8.2,269.3,0,0,0,0,0,1
109300,58.107,0.711,1,1,1,0,2.747,0.0,0,0,1,0,13.38,0.0,0,32.23,0,0,0,1,0,1,1,0,0,1,0,12192.0,2,1,1,1,0,0,1,0,8.0,268.5,0,0,0,0,0,1
109400,58.178,0.711,1,1,1,0,2.747,0.0,0,0,1,0,13.38,0.0,0,32.17,0,0,0,1,0,1,1,0,0,1,0,12192.0,2,1,1,1,0,0,1,0,8.9,269.7,0,0,0,0,0,1
109500,58.249,0.711,1,1,1,0,2.747,0.0,0,0,1,0,13.38,0.0,0,32.04,0,0,0,1,0,1,1,0,0,1,0,12192.0,2,1,1,1,0,0,1,0,8.8,275.7,0,0,0,0,0,1
109600,58.32,0.711,1,1,1,0,2.747,0.0,0,0,1,0,13.38,0.0,0,32.2,0,0,0,1,0,1,1,0,0,1,0,12192.0,2,1,1,1,0,0,1,0,8.7,264.5,0,0,0,0,0,1
109700,58.391,0.711,1,1,1,0,2.747,0.0,0,0,1,0,13.38,0.0,0,31.9,0,0,0,1,0,1,1,0,0,1,0,12192.0,2,1,1,1,0,0,1,0,8.3,267.3,0,0,0,0,0,1
109800,58.463,0.711,1,1,1,0,2.747,0.0,0,0,1,0,13.38,0.0,0,32.02,0,0,0,1,0,1,1,0,0,1,0,12192.0,2,1,1,1,0,0,1,0,8.2,271.3,0,0,0,0,0,1
109900,58.534,0.711,1,1,1,0,2.747,0.0,0,0,1,0,13.38,0.0,0,32.08,0,0,0,1,0,1,1,0,0,1,0,12192.0,2,1,1,1,0,0,1,0,8.7,270.2,0,0,0,0,0,1
110000,58.605,0.711,1,1,1,0,2.747,0.0,0,0,1,0,13.38,0.0,0,32.04,0,0,0,1,0,1,1,0,0,1,0,12192.0,2,1,1,1,0,0,1,0,8.2,271.2,0,0,0,0,0,1
110100,58.676,0.711,1,1,1,0,2.747,0.0,0,0,1,0,13.38,0.0,0,31.84,0,0,0,1,0,1,1,0,0,1,0,12192.0,2,1,1,1,0,0,1,0,9.1,268.9,0,0,0,0,0,1
110200,58.747,0.711,1,1,1,0,2.747,0.0,0,0,1,0,13.38,0.0,0,31.97,0,0,0,1,0,1,1,0,0,1,0,12192.0,2,1,1,1,0,0,1,0,8.9,271.0,0,0,0,0,0,1
110300,58.818,0.711,1,1,1,0,2.747,0.0,0,0,1,0,13.38,0.0,0,32.03,0,0,0,1,0,1,1,0,0,1,0,12192.0,2,1,1,1,0,0,1,0,8.5,272.2,0,0,0,0,0,1
110400,58.889,0.711,1,1,1,0,2.747,0.0,0,0,1,0,13.38,0.0,0,31.64,0,0,0,1,0,1,1,0,0,1,0,12192.0,2,1,1,1,0,0,1,0,8.1,273.4,0,0,0,0,0,1
110500,58.96,0.711,1,1,1,0,2.747,0.0,0,0,1,0,13.38,0.0,0,32.01,0,0,0,1,0,1,1,0,0,1,0,12192.0,2,1,1,1,0,0,1,0,8.6,270.8,0,0,0,0,0,1
110600,59.031,0.711,1,1,1,0,2.747,0.0,0,0,1,0,13.38,0.0,0,31.78,0,0,0,1,0,1,1,0,0,1,0,12192.0,2,1,1,1,0,0,1,0,8.8,272.5,0,0,0,0,0,1
110700,59.102,0.711,1,1,1,0,2.747,0.0,0,0,1,0,13.38,0.0,0,31.74,0,0,0,1,0,1,1,0,0,1,0,12192.0,2,1,1,1,0,0,1,0,8.5,269.8,0,0,0,0,0,1
110800,59.173,0.711,1,1,1,0,2.747,0.0,0,0,1,0,13.38,0.0,0,31.94,0,0,0,1,0,1,1,0,0,1,0,12192.0,2,1,1,1,0,0,1,0,8.5,271.7,0,0,0,0,0,1
110900,59.244,0.711,1,1,1,0,2.747,0.0,0,0,1,0,13.38,0.0,0,31.94,0,0,0,1,0,1,1,0,0,1,0,12192.0,2,1,1,1,0,0,1,0,8.6,268.2,0,0,0,0,0,1
111000,59.315,0.711,1,1,1,0,2.747,0.0,0,0,1,0,13.38,0.0,0,31.98,0,0,0,1,0,1,1,0,0,1,0,12192.0,2,1,1,1,0,0,1,0,8.7,271.8,0,0,0,0,0,1
111100,59.386,0.711,1,1,1,0,2.747,0.0,0,0,1,0,13.38,0.0,0,32.19,0,0,0,1,0,1,1,0,0,1,0,12192.0,2,1,1,1,0,0,1,0,8.5,272.7,0,0,0,0,0,1
111200,59.457,0.711,1,1,1,0,2.747,0.0,0,0,1,0,13.38,0.0,0,31.96,0,0,0,1,0,1,1,0,0,1,0,12192.0,2,1,1,1,0,0,1,0,8.2,266.0,0,0,0,0,0,1
111300,59.528,0.711,1,1,1,0,2.747,0.0,0,0,1,0,13.38,0.0,0,31.94,0,0,0,1,0,1,1,0,0,1,0,12192.0,2,1,1,1,0,0,1,0,8.6,273.6,0,0,0,0,0,1
111400,59.6,0.711,1,1,1,0,2.747,0.0,0,0,1,0,13.38,0.0,0,32.22,0,0,0,1,0,1,1,0,0,1,0,12192.0,2,1,1,1,0,0,1,0,7.9,267.7,0,0,0,0,0,1
111500,59.671,0.711,1,1,1,0,2.747,0.0,0,0,1,0,13.38,0.0,0,31.9,0,0,0,1,0,1,1,0,0,1,0,12192.0,2,1,1,1,0,0,1,0,8.9,271.1,0,0,0,0,0,1
111600,59.742,0.711,1,1,1,0,2.747,0.0,0,0,1,0,13.38,0.0,0,32.02,0,0,0,1,0,1,1,0,0,1,0,12192.0,2,1,1,1,0,0,1,0,7.9,270.7,0,0,0,0,0,1
111700,59.813,0.711,1,1,1,0,2.747,0.0,0,0,1,0,13.38,0.0,0,31.79,0,0,0,1,0,1,1,0,0,1,0,12192.0,2,1,1,1,0,0,1,0,8.5,271.7,0,0,0,0,0,1
111800,59.884,0.711,1,1,1,0,2.747,0.0,0,0,1,0,13.38,0.0,0,32.07,0,0,0,1,0,1,1,0,0,1,0,12192.0,2,1,1,1,0,0,1,0,8.7,266.7,0,0,0,0,0,1
111900,59.955,0.711,1,1,1,0,2.747,0.0,0,0,1,0,13.38,0.0,0,31.85,0,0,0,1,0,1,1,0,0,1,0,12192.0,2,1,1,1,0,0,1,0,8.0,268.1,0,0,0,0,0,1
112000,60.026,0.711,1,1,1,0,2.747,0.0,0,0,1,0,13.38,0.0,0,32.09,0,0,0,1,0,1,1,0,0,1,0,12192.0,2,1,1,1,0,0,1,0,7.6,273.7,0,0,0,0,0,1
112100,60.097,0.711,1,1,1,0,2.747,0.0,0,0,1,0,13.38,0.0,0,32.06,0,0,0,1,0,1,1,0,0,1,0,12192.0,2,1,1,1,0,0,1,0,9.2,269.9,0,0,0,0,0,1
112200,60.168,0.711,1,1,1,0,2.747,0.0,0,0,1,0,13.38,0.0,0,32.1,0,0,0,1,0,1,1,0,0,1,0,12192.0,2,1,1,1,0,0,1,0,8.9,275.3,0,0,0,0,0,1
112300,60.239,0.711,1,1,1,0,2.747,0.0,0,0,1,0,13.38,0.0,0,32.18,0,0,0,1,0,1,1,0,0,1,0,12192.0,2,1,1,1,0,0,1,0,8.0,273.3,0,0,0,0,0,1
112400,60.31,0.711,1,1,1,0,2.747,0.0,0,0,1,0,13.38,0.0,0,31.98,0,0,0,1,0,1,1,0,0,1,0,12192.0,2,1,1,1,0,0,1,0,7.4,269.8,0,0,0,0,0,1
112500,60.381,0.711,1,1,1,0,2.747,0.0,0,0,1,0,13.38,0.0,0,31.91,0,0,0,1,0,1,1,0,0,1,0,12192.0,2,1,1,1,0,0,1,0,7.3,273.0,0,0,0,0,0,1
112600,60.452,0.711,1,1,1,0,2.747,0.0,0,0,1,0,13.38,0.0,0,31.93,0,0,0,1,0,1,1,0,0,1,0,12192.0,2,1,1,1,0,0,1,0,7.7,270.7,0,0,0,0,0,1
112700,60.523,0.711,1,1,1,0,2.747,0.0,0,0,1,0,13.38,0.0,0,32.01,0,0,0,1,0,1,1,0,0,1,0,12192.0,2,1,1,1,0,0,1,0,7.9,270.3,0,0,0,0,0,1
112800,60.594,0.711,1,1,1,0,2.747,0.0,0,0,1,0,13.38,0.0,0,31.99,0,0,0,1,0,1,1,0,0,1,0,12192.0,2,1,1,1,0,0,1,0,7.5,273.3,0,0,0,0,0,1
112900,60.665,0.711,1,1,1,0,2.747,0.0,0,0,1,0,13.38,0.0,0,31.96,0,0,0,1,0,1,1,0,0,1,0,12192.0,2,1,1,1,0,0,1,0,7.2,267.3,0,0,0,0,0,1
113000,60.737,0.711,1,1,1,0,2.747,0.0,0,0,1,0,13.38,0.0,0,31.89,0,0,0,1,0,1,1,0,0,1,0,12192.0,2,1,1,1,0,0,1,0,8.5,270.6,0,0,0,0,0,1
113100,60.808,0.711,1,1,1,0,2.747,0.0,0,0,1,0,13.38,0.0,0,31.84,0,0,0,1,0,1,1,0,0,1,0,12192.0,2,1,1,1,0,0,1,0,7.8,269.2,0,0,0,0,0,1
113200,60.879,0.711,1,1,1,0,2.747,0.0,0,0,1,0,13.38,0.0,0,31.97,0,0,0,1,0,1,1,0,0,1,0,12192.0,2,1,1,1,0,0,1,0,8.5,267.6,0,0,0,0,0,1
113300,60.95,0.711,1,1,1,0,2.747,0.0,0,0,1,0,13.38,0.0,0,32.11,0,0,0,1,0,1,1,0,0,1,0,12192.0,2,1,1,1,0,0,1,0,7.9,267.8,0,0,0,0,0,1
113400,61.021,0.711,1,1,1,0,2.747,0.0,0,0,1,0,13.38,0.0,0,32.05,0,0,0,1,0,1,1,0,0,1,0,12192.0,2,1,1,1,0,0,1,0,7.6,269.0,0,0,0,0,0,1
113500,61.092,0.711,1,1,1,0,2.747,0.0,0,0,1,0,13.38,0.0,0,31.86,0,0,0,1,0,1,1,0,0,1,0,12192.0,2,1,1,1,0,0,1,0,8.0,267.6,0,0,0,0,0,1
113600,61.163,0.711,1,1,1,0,2.747,0.0,0,0,1,0,13.38,0.0,0,31.78,0,0,0,1,0,1,1,0,0,1,0,12192.0,2,1,1,1,0,0,1,0,7.2,267.7,0,0,0,0,0,1
113700,61.234,0.711,1,1,1,0,2.747,0.0,0,0,1,0,13.38,0.0,0,31.79,0,0,0,1,0,1,1,0,0,1,0,12192.0,2,1,1,1,0,0,1,0,7.7,271.0,0,0,0,0,0,1
113800,61.305,0.711,1,1,1,0,2.747,0.0,0,0,1,0,13.38,0.0,0,31.74,0,0,0,1,0,1,1,0,0,1,0,12192.0,2,1,1,1,0,0,1,0,7.0,267.3,0,0,0,0,0,1
113900,61.376,0.711,1,1,1,0,2.747,0.0,0,0,1,0,13.38,0.0,0,32.15,0,0,0,1,0,1,1,0,0,1,0,12192.0,2,1,1,1,0,0,1,0,7.5,264.2,0,0,0,0,0,1
114000,61.447,0.711,1,1,1,0,2.747,0.0,0,0,1,0,13.38,0.0,0,31.98,0,0,0,1,0,1,1,0,0,1,0,12192.0,2,1,1,1,0,0,1,0,6.2,270.7,0,0,0,0,0,1
114100,61.518,0.711,1,1,1,0,2.747,0.0,0,0,1,0,13.38,0.0,0,31.89,0,0,0,1,0,1,1,0,0,1,0,12192.0,2,1,1,1,0,0,1,0,7.2,267.8,0,0,0,0,0,1
114200,61.589,0.711,1,1,1,0,2.747,0.0,0,0,1,0,13.38,0.0,0,31.96,0,0,0,1,0,1,1,0,0,1,0,12192.0,2,1,1,1,0,0,1,0,6.4,266.8,0,0,0,0,0,1
114300,61.66,0.711,1,1,1,0,2.747,0.0,0,0,1,0,13.38,0.0,0,31.89,0,0,0,1,0,1,1,0,0,1,0,12192.0,2,1,1,1,0,0,1,0,7.7,271.6,0,0,0,0,0,1
114400,61.731,0.711,1,1,1,0,2.747,0.0,0,0,1,0,13.38,0.0,0,31.81,0,0,0,1,0,1,1,0,0,1,0,12192.0,2,1,1,1,0,0,1,0,7.4,269.9,0,0,0,0,0,1
114500,61.802,0.711,1,1,1,0,2.747,0.0,0,0,1,0,13.38,0.0,0,31.96,0,0,0,1,0,1,1,0,0,1,0,12192.0,2,1,1,1,0,0,1,0,7.4,272.9,0,0,0,0,0,1
114600,61.874,0.711,1,1,1,0,2.747,0.0,0,0,1,0,13.38,0.0,0,32.08,0,0,0,1,0,1,1,0,0,1,0,12192.0,2,1,1,1,0,0,1,0,7.6,269.1,0,0,0,0,0,1
114700,61.945,0.711,1,1,1,0,2.747,0.0,0,0,1,0,13.38,0.0,0,31.88,0,0,0,1,0,1,1,0,0,1,0,12192.0,2,1,1,1,0,0,1,0,6.4,269.8,0,0,0,0,0,1
114800,62.016,0.711,1,1,1,0,2.747,0.0,0,0,1,0,13.38,0.0,0,31.83,0,0,0,1,0,1,1,0,0,1,0,12192.0,2,1,1,1,0,0,1,0,7.8,267.6,0,0,0,0,0,1
114900,62.087,0.711,1,1,1,0,2.747,0.0,0,0,1,0,13.38,0.0,0,32.16,0,0,0,1,0,1,1,0,0,1,0,12192.0,2,1,1,1,0,0,1,0,7.2,268.1,0,0,0,0,0,1
115000,62.158,0.711,1,1,1,0,2.747,0.0,0,0,1,0,13.38,0.0,0,31.9,0,0,0,1,0,1,1,0,0,1,0,12192.0,2,1,1,1,0,0,1,0,7.8,269.9,0,0,0,0,0,1
115100,62.227,0.696,1,1,1,0,2.747,0.0,0,0,1,0,13.38,0.0,0,31.95,0,0,0,1,0,1,1,0,0,1,0,12192.0,2,1,1,1,0,0,1,0,7.0,272.8,0,0,0,0,0,1
115200,62.295,0.68,1,1,1,0,2.747,0.0,0,0,1,0,13.38,0.0,0,31.86,0,0,0,1,0,1,1,0,0,1,0,12192.0,2,1,1,1,0,0,1,0,7.5,269.7,0,0,0,0,0,1
115300,62.362,0.665,1,1,1,0,2.747,0.0,0,0,1,0,13.38,0.0,0,32.19,0,0,0,1,0,1,1,0,0,1,0,12192.0,2,1,1,1,0,0,1,0,7.7,271.0,0,0,0,0,0,1
115400,62.427,0.65,1,1,1,0,2.747,0.0,0,0,1,0,13.38,0.0,0,32.06,0,0,0,1,0,1,1,0,0,1,0,12192.0,2,1,1,1,0,0,1,0,7.5,266.7,0,0,0,0,0,1
115500,62.49,0.635,1,1,1,0,2.747,0.0,0,0,1,0,13.38,0.0,0,31.96,0,0,0,1,0,1,1,0,0,1,0,12192.0,2,1,1,1,0,0,1,0,7.5,270.0,0,0,0,0,0,1
115600,62.552,0.62,1,1,1,0,2.747,0.0,0,0,1,0,13.38,0.0,0,32.22,0,0,0,1,0,1,1,0,0,1,0,12192.0,2,1,1,1,0,0,1,0,7.6,271.6,0,0,0,0,0,1
115700,62.613,0.605,1,1,1,0,2.747,0.0,0,0,1,0,13.38,0.0,0,32.07,0,0,0,1,0,1,1,0,0,1,0,12192.0,2,1,1,1,0,0,1,0,7.9,267.5,0,0,0,0,0,1
115800,62.672,0.59,1,1,1,0,2.747,0.0,0,0,1,0,13.38,0.0,0,32.04,0,0,0,1,0,1,1,0,0,1,0,12192.0,2,1,1,1,0,0,1,0,8.8,267.8,0,0,0,0,0,1
115900,62.729,0.575,1,1,1,0,2.747,0.0,0,0,1,0,13.38,0.0,0,32.01,0,0,0,1,0,1,1,0,0,1,0,12192.0,2,1,1,1,0,0,1,0,7.2,272.4,0,0,0,0,0,1
116000,62.785,0.559,1,1,1,0,2.747,0.0,0,0,1,0,13.38,0.0,0,31.75,0,0,0,1,0,1,1,0,0,1,0,12192.0,2,1,1,1,0,0,1,0,7.4,269.1,0,0,0,0,0,1
116100,62.84,0.544,1,1,1,0,2.747,0.0,0,0,1,0,13.38,0.0,0,32.12,0,0,0,1,0,1,1,0,0,1,0,12192.0,2,1,1,1,0,0,1,0,6.8,269.3,0,0,0,0,0,1
116200,62.893,0.529,1,1,1,0,2.747,0.0,0,0,1,0,13.38,0.0,0,32.13,0,0,0,1,0,1,1,0,0,1,0,12192.0,2,1,1,1,0,0,1,0,8.1,272.5,0,0,0,0,0,1
116300,62.944,0.513,1,1,1,0,2.747,0.0,0,0,1,0,13.38,0.0,0,32.14,0,0,0,1,0,1,1,0,0,1,0,12192.0,2,1,1,1,0,0,1,0,7.6,267.1,0,0,0,0,0,1
116400,62.994,0.498,1,1,1,0,2.747,0.0,0,0,1,0,13.38,0.0,0,32.25,0,0,0,1,0,1,1,0,0,1,0,12192.0,2,1,1,1,0,0,1,0,7.9,270.2,0,0,0,0,0,1
116500,63.042,0.483,1,1,1,0,2.747,0.0,0,0,1,0,13.38,0.0,0,31.85,0,0,0,1,0,1,1,0,0,1,0,12192.0,2,1,1,1,0,0,1,0,7.7,268.0,0,0,0,0,0,1
116600,63.089,0.467,1,1,1,0,2.747,0.0,0,0,1,0,13.38,0.0,0,32.04,0,0,0,1,0,1,1,0,0,1,0,12192.0,2,1,1,1,0,0,1,0,7.4,270.7,0,0,0,0,0,1
116700,63.134,0.452,1,1,1,0,2.747,0.0,0,0,1,0,13.38,0.0,0,32.25,0,0,0,1,0,1,1,0,0,1,0,12192.0,2,1,1,1,0,0,1,0,7.5,270.2,0,0,0,0,0,1
116800,63.178,0.437,1,1,1,0,2.747,0.0,0,0,1,0,13.38,0.0,0,32.03,0,0,0,1,0,1,1,0,0,1,0,12192.0,2,1,1,1,0,0,1,0,8.6,268.5,0,0,0,0,0,1
116900,63.22,0.421,1,1,1,0,2.747,0.0,0,0,1,0,13.38,0.0,0,31.83,0,0,0,1,0,1,1,0,0,1,0,12192.0,2,1,1,1,0,0,1,0,7.3,272.3,0,0,0,0,0,1
117000,63.26,0.406,1,1,1,0,2.747,0.0,0,0,1,0,13.38,0.0,0,31.92,0,0,0,1,0,1,1,0,0,1,0,12192.0,2,1,1,1,0,0,1,0,6.5,267.9,0,0,0,0,0,1
117100,63.299,0.391,1,1,1,0,2.747,0.0,0,0,1,0,13.38,0.0,0,32.15,0,0,0,1,0,1,1,0,0,1,0,12192.0,2,1,1,1,0,0,1,0,7.2,267.3,0,0,0,0,0,1
117200,63.337,0.375,1,1,1,0,2.747,0.0,0,0,1,0,13.38,0.0,0,32.1,0,0,0,1,0,1,1,0,0,1,0,12192.0,2,1,1,1,0,0,1,0,8.4,268.9,0,0,0,0,0,1
117300,63.373,0.36,1,1,1,0,2.747,0.0,0,0,1,0,13.38,0.0,0,32.06,0,0,0,1,0,1,1,0,0,1,0,12192.0,2,1,1,1,0,0,1,0,8.9,271.3,0,0,0,0,0,1
117400,63.407,0.344,1,1,1,0,2.747,0.0,0,0,1,0,13.38,0.0,0,31.98,0,0,0,1,0,1,1,0,0,1,0,12192.0,2,1,1,1,0,0,1,0,8.5,264.2,0,0,0,0,0,1
117500,63.44,0.329,1,1,1,0,2.747,0.0,0,0,1,0,13.38,0.0,0,31.9,0,0,0,1,0,1,1,0,0,1,0,12192.0,2,1,1,1,0,0,1,0,8.4,266.2,0,0,0,0,0,1
117600,63.472,0.314,1,1,1,0,2.747,0.0,0,0,1,0,13.38,0.0,0,31.9,0,0,0,1,0,1,1,0,0,1,0,12192.0,2,1,1,1,0,0,1,0,8.3,268.9,0,0,0,0,0,1
117700,63.502,0.298,1,1,1,0,2.747,0.0,0,0,1,0,13.38,0.0,0,31.88,0,0,0,1,0,1,1,0,0,1,0,12192.0,2,1,1,1,0,0,1,0,9.3,268.5,0,0,0,0,0,1
117800,63.53,0.283,1,1,1,0,2.747,0.0,0,0,1,0,13.38,0.0,0,32.08,0,0,0,1,0,1,1,0,0,1,0,12192.0,2,1,1,1,0,0,1,0,8.8,270.6,0,0,0,0,0,1
117900,63.557,0.267,1,1,1,0,2.747,0.0,0,0,1,0,13.38,0.0,0,32.01,0,0,0,1,0,1,1,0,0,1,0,12192.0,2,1,1,1,0,0,1,0,8.2,271.8,0,0,0,0,0,1
118000,63.582,0.252,1,1,1,0,2.747,0.0,0,0,1,0,13.38,0.0,0,31.99,0,0,0,1,0,1,1,0,0,1,0,12192.0,2,1,1,1,0,0,1,0,7.7,267.6,0,0,0,0,0,1
118100,63.605,0.236,1,1,1,0,2.747,0.0,0,0,1,0,13.38,0.0,0,32.04,0,0,0,1,0,1,1,0,0,1,0,12192.0,2,1,1,1,0,0,1,0,8.8,275.9,0,0,0,0,0,1
118200,63.627,0.221,1,1,1,0,2.747,0.0,0,0,1,0,13.38,0.0,0,32.12,0,0,0,1,0,1,1,0,0,1,0,12192.0,2,1,1,1,0,0,1,0,8.7,273.7,0,0,0,0,0,1
118300,63.648,0.205,1,1,1,0,2.747,0.0,0,0,1,0,13.38,0.0,0,31.98,0,0,0,1,0,1,1,0,0,1,0,12192.0,2,1,1,1,0,0,1,0,7.7,269.2,0,0,0,0,0,1
118400,63.667,0.189,1,1,1,0,2.747,0.0,0,0,1,0,13.38,0.0,0,32.1,0,0,0,1,0,1,1,0,0,1,0,12192.0,2,1,1,1,0,0,1,0,9.5,270.4,0,0,0,0,0,1
118500,63.684,0.173,1,1,1,0,2.747,0.0,0,0,1,0,13.38,0.0,0,32.0,0,0,0,1,0,1,1,0,0,1,0,12192.0,2,1,1,1,0,0,1,0,8.4,272.9,0,0,0,0,0,1
118600,63.7,0.158,1,1,1,0,2.747,0.0,0,0,1,0,13.38,0.0,0,31.88,0,0,0,1,0,1,1,0,0,1,0,12192.0,2,1,1,1,0,0,1,0,7.7,271.6,0,0,0,0,0,1
118700,63.714,0.142,1,1,1,0,2.747,0.0,0,0,1,0,13.38,0.0,0,31.93,0,0,0,1,0,1,1,0,0,1,0,12192.0,2,1,1,1,0,0,1,0,8.6,269.6,0,0,0,0,0,1
118800,63.727,0.126,1,1,1,0,2.747,0.0,0,0,1,0,13.38,0.0,0,31.96,0,0,0,1,0,1,1,0,0,1,0,12192.0,2,1,1,1,0,0,1,0,8.5,270.3,0,0,0,0,0,1
118900,63.738,0.11,1,1,1,0,2.747,0.0,0,0,1,0,13.38,0.0,0,31.87,0,0,0,1,0,1,1,0,0,1,0,12192.0,2,1,1,1,0,0,1,0,8.4,270.7,0,0,0,0,0,1
119000,63.747,0.093,1,1,1,0,2.747,0.0,0,0,1,0,13.38,0.0,0,32.11,0,0,0,1,0,1,1,0,0,1,0,12192.0,2,1,1,1,0,0,1,0,8.1,270.1,0,0,0,0,0,1
119100,63.755,0.077,1,1,1,0,2.747,0.0,0,0,1,0,13.38,0.0,0,31.97,0,0,0,1,0,1,1,0,0,1,0,12192.0,2,1,1,1,0,0,1,0,8.9,268.7,0,0,0,0,0,1
119200,63.761,0.06,1,1,1,0,2.747,0.0,0,0,1,0,13.38,0.0,0,31.97,0,0,0,1,0,1,1,0,0,1,0,12192.0,2,1,1,1,0,0,1,0,8.5,273.8,0,0,0,0,0,1
119300,63.765,0.042,1,1,1,0,2.747,0.0,0,0,1,0,13.38,0.0,0,32.08,0,0,0,1,0,1,1,0,0,1,0,12192.0,2,1,1,1,0,0,1,0,8.2,267.3,0,0,0,0,0,1
119400,63.767,0.023,1,1,1,0,2.747,0.0,0,0,1,0,13.375,-0.051,0,30.36,0,0,1,1,0,1,1,0,0,1,0,12192.0,2,1,1,1,0,0,1,0,8.5,271.5,0,0,0,0,0,1
119500,63.768,0.0,0,0,1,0,2.747,0.0,0,0,1,0,13.365,-0.102,0,30.34,0,0,1,1,0,1,1,0,0,1,0,12192.0,2,1,1,1,0,0,1,0,9.0,264.4,0,0,0,0,0,1
119600,63.768,0.0,0,0,1,0,2.747,0.0,0,0,1,0,13.349,-0.152,0,30.52,0,0,1,1,0,1,1,0,0,1,0,12192.0,2,1,1,1,0,0,1,0,8.5,265.5,0,0,0,0,0,1
119700,63.768,0.0,0,0,1,0,2.747,0.0,0,0,1,0,13.329,-0.203,0,30.37,0,0,1,1,0,1,1,0,0,1,0,12192.0,2,1,1,1,0,0,1,0,8.6,268.8,0,0,0,0,0,1
119800,63.768,0.0,0,0,1,0,2.747,0.0,0,0,1,0,13.304,-0.254,0,30.22,0,0,1,1,0,1,1,0,0,1,0,12192.0,2,1,1,1,0,0,1,0,9.0,270.1,0,0,0,0,0,1
119900,63.768,0.0,0,0,1,0,2.747,0.0,0,0,1,0,13.273,-0.305,0,30.41,0,0,1,1,0,1,1,0,0,1,0,12192.0,2,1,1,1,0,0,1,0,8.3,269.6,0,0,0,0,0,1
120000,63.768,0.0,0,0,1,0,2.747,0.0,0,0,1,0,13.238,-0.356,0,30.56,0,0,1,1,0,1,1,0,0,1,0,12192.0,2,1,1,1,0,0,1,0,8.3,271.8,0,0,0,0,0,1
120100,63.768,0.0,0,0,1,0,2.747,0.0,0,0,1,0,13.197,-0.407,0,30.53,0,0,1,1,0,1,1,0,0,1,0,12192.0,2,1,1,1,0,0,1,0,8.2,267.2,0,0,0,0,0,1
120200,63.768,0.0,0,0,1,0,2.747,0.0,0,0,1,0,13.151,-0.457,0,30.18,0,0,1,1,0,1,1,0,0,1,0,12192.0,2,1,1,1,0,0,1,0,8.5,271.2,0,0,0,0,0,1
120300,63.768,0.0,0,0,1,0,2.747,0.0,0,0,1,0,13.1,-0.508,0,30.36,0,0,1,1,0,1,1,0,0,1,0,12192.0,2,1,1,1,0,0,1,0,8.9,275.4,0,0,0,0,0,1
120400,63.768,0.0,0,0,1,0,2.747,0.0,0,0,1,0,13.044,-0.559,0,30.6,0,0,1,1,0,1,1,0,0,1,0,12192.0,2,1,1,1,0,0,1,0,7.2,274.6,0,0,0,0,0,1
120500,63.768,0.0,0,0,1,0,2.747,0.0,0,0,1,0,12.983,-0.61,0,30.39,0,0,1,1,0,1,1,0,0,1,0,12192.0,2,1,1,1,0,0,1,0,7.9,270.3,0,0,0,0,0,1
120600,63.768,0.0,0,0,1,0,2.747,0.0,0,0,1,0,12.917,-0.661,0,30.44,0,0,1,1,0,1,1,0,0,1,0,12192.0,2,1,1,1,0,0,1,0,7.8,269.7,0,0,0,0,0,1
120700,63.768,0.0,0,0,1,0,2.747,0.0,0,0,1,0,12.846,-0.711,0,30.35,0,0,1,1,0,1,1,0,0,1,0,12192.0,2,1,1,1,0,0,1,0,7.7,267.3,0,0,0,0,0,1
120800,63.768,0.0,0,0,1,0,2.747,0.0,0,0,1,0,12.77,-0.762,0,30.5,0,0,1,1,0,1,1,0,0,1,0,12192.0,2,1,1,1,0,0,1,0,7.7,266.1,0,0,0,0,0,1
120900,63.768,0.0,0,0,1,0,2.747,0.0,0,0,1,0,12.689,-0.813,0,30.36,0,0,1,1,0,1,1,0,0,1,0,12192.0,2,1,1,1,0,0,1,0,9.0,268.4,0,0,0,0,0,1
121000,63.768,0.0,0,0,1,0,2.747,0.0,0,0,1,0,12.602,-0.864,0,30.26,0,0,1,1,0,1,1,0,0,1,0,12192.0,2,1,1,1,0,0,1,0,7.4,274.6,0,0,0,0,0,1
121100,63.768,0.0,0,0,1,0,2.747,0.0,0,0,1,0,12.511,-0.915,0,29.98,0,0,1,1,0,1,1,0,0,1,0,12192.0,2,1,1,1,0,0,1,0,8.7,266.5,0,0,0,0,0,1
121200,63.768,0.0,0,0,1,0,2.747,0.0,0,0,1,0,12.414,-0.965,0,30.15,0,0,1,1,0,1,1,0,0,1,0,12192.0,2,1,1,1,0,0,1,0,8.2,269.5,0,0,0,0,0,1
121300,63.768,0.0,0,0,1,0,2.747,0.0,0,0,1,0,12.313,-1.016,0,30.23,0,0,1,1,0,1,1,0,0,1,0,12192.0,2,1,1,1,0,0,1,0,8.0,268.0,0,0,0,0,0,1
121400,63.768,0.0,0,0,1,0,2.747,0.0,0,0,1,0,12.206,-1.067,0,30.6,0,0,1,1,0,1,1,0,0,1,0,12192.0,2,1,1,1,0,0,1,0,8.2,273.0,0,0,0,0,0,1
121500,63.768,0.0,0,0,1,0,2.747,0.0,0,0,1,0,12.094,-1.118,0,30.45,0,0,1,1,0,1,1,0,0,1,0,12192.0,2,1,1,1,0,0,1,0,8.0,271.1,0,0,0,0,0,1
121600,63.768,0.0,0,0,1,0,2.747,0.0,0,0,1,0,11.977,-1.169,0,30.47,0,0,1,1,0,1,1,0,0,1,0,12192.0,2,1,1,1,0,0,1,0,7.3,269.5,0,0,0,0,0,1
121700,63.768,0.0,0,0,1,0,2.747,0.0,0,0,1,0,11.855,-1.22,0,30.16,0,0,1,1,0,1,1,0,0,1,0,12192.0,2,1,1,1,0,0,1,0,7.2,266.9,0,0,0,0,0,1
121800,63.768,0.0,0,0,1,0,2.747,0.0,0,0,1,0,11.729,-1.261,0,30.2,0,0,1,1,0,1,1,0,0,1,0,12192.0,2,1,1,1,0,0,1,0,7.5,272.4,0,0,0,0,0,1
121900,63.768,0.0,0,0,1,0,2.747,0.0,0,0,1,0,11.603,-1.261,0,30.18,0,0,1,1,0,1,1,0,0,1,0,12192.0,2,1,1,1,0,0,1,0,8.2,275.6,0,0,0,0,0,1
122000,63.768,0.0,0,0,1,0,2.747,0.0,0,0,1,0,11.477,-1.261,0,30.17,0,0,1,1,0,1,1,0,0,1,0,12192.0,2,1,1,1,0,0,1,0,7.6,272.4,0,0,0,0,0,1
122100,63.768,0.0,0,0,1,0,2.747,0.0,0,0,1,0,11.351,-1.261,0,30.53,0,0,1,1,0,1,1,0,0,1,0,12192.0,2,1,1,1,0,0,1,0,7.2,268.4,0,0,0,0,0,1
122200,63.768,0.0,0,0,1,0,2.747,0.0,0,0,1,0,11.225,-1.261,0,30.41,0,0,1,1,0,1,1,0,0,1,0,12192.0,2,1,1,1,0,0,1,0,7.7,269.6,0,0,0,0,0,1
122300,63.768,0.0,0,0,1,0,2.747,0.0,0,0,1,0,11.099,-1.261,0,30.43,0,0,1,1,0,1,1,0,0,1,0,12192.0,2,1,1,1,0,0,1,0,8.5,263.5,0,0,0,0,0,1
122400,63.768,0.0,0,0,1,0,2.747,0.0,0,0,1,0,10.973,-1.261,0,30.68,0,0,1,1,0,1,1,0,0,1,0,12192.0,2,1,1,1,0,0,1,0,7.5,268.2,0,0,0,0,0,1
122500,63.768,0.0,0,0,1,0,2.747,0.0,0,0,1,0,10.846,-1.261,0,30.41,0,0,1,1,0,1,1,0,0,1,0,12192.0,2,1,1,1,0,0,1,0,7.8,270.9,0,0,0,0,0,1
122600,63.768,0.0,0,0,1,0,2.747,0.0,0,0,1,0,10.72,-1.261,0,30.25,0,0,1,1,0,1,1,0,0,1,0,12192.0,2,1,1,1,0,0,1,0,7.4,270.0,0,0,0,0,0,1
122700,63.768,0.0,0,0,1,0,2.747,0.0,0,0,1,0,10.594,-1.261,0,30.42,0,0,1,1,0,1,1,0,0,1,0,12192.0,2,1,1,1,0,0,1,0,6.9,267.2,0,0,0,0,0,1
122800,63.768,0.0,0,0,1,0,2.747,0.0,0,0,1,0,10.468,-1.261,0,30.26,0,0,1,1,0,1,1,0,0,1,0,12192.0,2,1,1,1,0,0,1,0,7.1,272.0,0,0,0,0,0,1
122900,63.768,0.0,0,0,1,0,2.747,0.0,0,0,1,0,10.342,-1.261,0,30.16,0,0,1,1,0,1,1,0,0,1,0,12192.0,2,1,1,1,0,0,1,0,7.8,270.4,0,0,0,0,0,1
123000,63.768,0.0,0,0,1,0,2.747,0.0,0,0,1,0,10.216,-1.261,0,30.29,0,0,1,1,0,1,1,0,0,1,0,12192.0,2,1,1,1,0,0,1,0,7.6,270.7,0,0,0,0,0,1
123100,63.768,0.0,0,0,1,0,2.747,0.0,0,0,1,0,10.09,-1.261,0,30.3,0,0,1,1,0,1,1,0,0,1,0,12192.0,2,1,1,1,0,0,1,0,7.6,267.7,0,0,0,0,0,1
123200,63.768,0.0,0,0,1,0,2.747,0.0,0,0,1,0,9.964,-1.261,0,30.21,0,0,1,1,0,1,1,0,0,1,0,12192.0,2,1,1,1,0,0,1,0,7.7,272.2,0,0,0,0,0,1
123300,63.768,0.0,0,0,1,0,2.747,0.0,0,0,1,0,9.837,-1.261,0,30.13,0,0,1,1,0,1,1,0,0,1,0,12192.0,2,1,1,1,0,0,1,0,7.3,271.9,0,0,0,0,0,1
123400,63.768,0.0,0,0,1,0,2.747,0.0,0,0,1,0,9.711,-1.261,0,30.35,0,0,1,1,0,1,1,0,0,1,0,12192.0,2,1,1,1,0,0,1,0,7.7,268.5,0,0,0,0,0,1
123500,63.768,0.0,0,0,1,0,2.747,0.0,0,0,1,0,9.585,-1.261,0,30.22,0,0,1,1,0,1,1,0,0,1,0,12192.0,2,1,1,1,0,0,1,0,7.3,271.9,0,0,0,0,0,1
123600,63.768,0.0,0,0,1,0,2.747,0.0,0,0,1,0,9.459,-1.261,0,30.26,0,0,1,1,0,1,1,0,0,1,0,12192.0,2,1,1,1,0,0,1,0,7.6,271.7,0,0,0,0,0,1
123700,63.768,0.0,0,0,1,0,2.747,0.0,0,0,1,0,9.333,-1.261,0,30.29,0,0,1,1,0,1,1,0,0,1,0,12192.0,2,1,1,1,0,0,1,0,7.6,272.0,0,0,0,0,0,1
123800,63.768,0.0,0,0,1,0,2.747,0.0,0,0,1,0,9.207,-1.261,0,30.57,0,0,1,1,0,1,1,0,0,1,0,12192.0,2,1,1,1,0,0,1,0,7.4,273.5,0,0,0,0,0,1
123900,63.768,0.0,0,0,1,0,2.747,0.0,0,0,1,0,9.081,-1.261,0,30.39,0,0,1,1,0,1,1,0,0,1,0,12192.0,2,1,1,1,0,0,1,0,7.7,272.9,0,0,0,0,0,1
124000,63.768,0.0,0,0,1,0,2.747,0.0,0,0,1,0,8.955,-1.261,0,30.18,0,0,1,1,0,1,1,0,0,1,0,12192.0,2,1,1,1,0,0,1,0,7.1,270.6,0,0,0,0,0,1
124100,63.768,0.0,0,0,1,0,2.747,0.0,0,0,1,0,8.828,-1.261,0,30.23,0,0,1,1,0,1,1,0,0,1,0,12192.0,2,1,1,1,0,0,1,0,7.3,267.3,0,0,0,0,0,1
124200,63.768,0.0,0,0,1,0,2.747,0.0,0,0,1,0,8.702,-1.261,0,30.37,0,0,1,1,0,1,1,0,0,1,0,12192.0,2,1,1,1,0,0,1,0,7.6,272.1,0,0,0,0,0,1
124300,63.768,0.0,0,0,1,0,2.747,0.0,0,0,1,0,8.576,-1.261,0,30.25,0,0,1,1,0,1,1,0,0,1,0,12192.0,2,1,1,1,0,0,1,0,7.0,269.7,0,0,0,0,0,1
124400,63.768,0.0,0,0,1,0,2.747,0.0,0,0,1,0,8.45,-1.261,0,30.16,0,0,1,1,0,1,1,0,0,1,0,12192.0,2,1,1,1,0,0,1,0,7.8,272.9,0,0,0,0,0,1
124500,63.768,0.0,0,0,1,0,2.747,0.0,0,0,1,0,8.324,-1.261,0,30.3,0,0,1,1,0,1,1,0,0,1,0,12192.0,2,1,1,1,0,0,1,0,7.4,268.5,0,0,0,0,0,1
124600,63.768,0.0,0,0,1,0,2.747,0.0,0,0,1,0,8.198,-1.261,0,30.43,0,0,1,1,0,1,1,0,0,1,0,12192.0,2,1,1,1,0,0,1,0,8.1,265.3,0,0,0,0,0,1
124700,63.768,0.0,0,0,1,0,2.747,0.0,0,0,1,0,8.072,-1.261,0,30.45,0,0,1,1,0,1,1,0,0,1,0,12192.0,2,1,1,1,0,0,1,0,8.1,271.0,0,0,0,0,0,1
124800,63.768,0.0,0,0,1,0,2.747,0.0,0,0,1,0,7.946,-1.261,0,30.32,0,0,1,1,0,1,1,0,0,1,0,12192.0,2,1,1,1,0,0,1,0,7.2,271.4,0,0,0,0,0,1
124900,63.768,0.0,0,0,1,0,2.747,0.0,0,0,1,0,7.819,-1.261,0,30.35,0,0,1,1,0,1,1,0,0,1,0,12192.0,2,1,1,1,0,0,1,0,7.6,268.3,0,0,0,0,0,1
125000,63.768,0.0,0,0,1,0,2.747,0.0,0,0,1,0,7.693,-1.261,0,30.33,0,0,1,1,0,1,1,0,0,1,0,12192.0,2,1,1,1,0,0,1,0,8.6,271.5,0,0,0,0,0,1
125100,63.768,0.0,0,0,1,0,2.747,0.0,0,0,1,0,7.567,-1.261,0,30.44,0,0,1,1,0,1,1,0,0,1,0,12192.0,2,1,1,1,0,0,1,0,7.9,271.4,0,0,0,0,0,1
125200,63.768,0.0,0,0,1,0,2.747,0.0,0,0,1,0,7.441,-1.261,0,30.14,0,0,1,1,0,1,1,0,0,1,0,12192.0,2,1,1,1,0,0,1,0,8.2,272.7,0,0,0,0,0,1
125300,63.768,0.0,0,0,1,0,2.747,0.0,0,0,1,0,7.315,-1.261,0,30.36,0,0,1,1,0,1,1,0,0,1,0,12192.0,2,1,1,1,0,0,1,0,7.9,276.0,0,0,0,0,0,1
125400,63.768,0.0,0,0,1,0,2.747,0.0,0,0,1,0,7.189,-1.261,0,30.42,0,0,1,1,0,1,1,0,0,1,0,12192.0,2,1,1,1,0,0,1,0,7.6,268.3,0,0,0,0,0,1
125500,63.768,0.0,0,0,1,0,2.747,0.0,0,0,1,0,7.063,-1.261,0,30.55,0,0,1,1,0,1,1,0,0,1,0,12192.0,2,1,1,1,0,0,1,0,7.9,275.8,0,0,0,0,0,1
125600,63.768,0.0,0,0,1,0,2.747,0.0,0,0,1,0,6.937,-1.261,0,30.25,0,0,1,1,0,1,1,0,0,1,0,12192.0,2,1,1,1,0,0,1,0,7.4,275.4,0,0,0,0,0,1
125700,63.768,0.0,0,0,1,0,2.747,0.0,0,0,1,0,6.811,-1.261,0,30.15,0,0,1,1,0,1,1,0,0,1,0,12192.0,2,1,1,1,0,0,1,0,8.1,270.9,0,0,0,0,0,1
125800,63.768,0.0,0,0,1,0,2.747,0.0,0,0,1,0,6.684,-1.261,0,30.2,0,0,1,1,0,1,1,0,0,1,0,12192.0,2,1,1,1,0,0,1,0,8.3,272.0,0,0,0,0,0,1
125900,63.768,0.0,0,0,1,0,2.747,0.0,0,0,1,0,6.558,-1.261,0,30.39,0,0,1,1,0,1,1,0,0,1,0,12192.0,2,1,1,1,0,0,1,0,8.3,268.2,0,0,0,0,0,1
126000,63.768,0.0,0,0,1,0,2.747,0.0,0,0,1,0,6.432,-1.261,0,30.43,0,0,1,1,0,1,1,0,0,1,0,12192.0,2,1,1,1,0,0,1,0,8.1,272.3,0,0,0,0,0,1
126100,63.768,0.0,0,0,1,0,2.747,0.0,0,0,1,0,6.306,-1.261,0,30.35,0,0,1,1,0,1,1,0,0,1,0,12192.0,2,1,1,1,0,0,1,0,8.3,269.4,0,0,0,0,0,1
126200,63.768,0.0,0,0,1,0,2.747,0.0,0,0,1,0,6.18,-1.261,0,30.19,0,0,1,1,0,1,1,0,0,1,0,12192.0,2,1,1,1,0,0,1,0,8.0,270.6,0,0,0,0,0,1
126300,63.768,0.0,0,0,1,0,2.747,0.0,0,0,1,0,6.054,-1.261,0,30.43,0,0,1,1,0,1,1,0,0,1,0,12192.0,2,1,1,1,0,0,1,0,7.9,271.7,0,0,0,0,0,1
126400,63.768,0.0,0,0,1,0,2.747,0.0,0,0,1,0,5.928,-1.261,0,30.35,0,0,1,1,0,1,1,0,0,1,0,12192.0,2,1,1,1,0,0,1,0,7.6,269.1,0,0,0,0,0,1
126500,63.768,0.0,0,0,1,0,2.747,0.0,0,0,1,0,5.802,-1.261,0,30.47,0,0,1,1,0,1,1,0,0,1,0,12192.0,2,1,1,1,0,0,1,0,8.0,267.4,0,0,0,0,0,1
126600,63.768,0.0,0,0,1,0,2.747,0.0,0,0,1,0,5.675,-1.261,0,30.31,0,0,1,1,0,1,1,0,0,1,0,12192.0,2,1,1,1,0,0,1,0,8.8,272.4,0,0,0,0,0,1
126700,63.768,0.0,0,0,1,0,2.747,0.0,0,0,1,0,5.549,-1.261,0,30.25,0,0,1,1,0,1,1,0,0,1,0,12192.0,2,1,1,1,0,0,1,0,8.1,267.9,0,0,0,0,0,1
126800,63.768,0.0,0,0,1,0,2.747,0.0,0,0,1,0,5.423,-1.261,0,30.24,0,0,1,1,0,1,1,0,0,1,0,12192.0,2,1,1,1,0,0,1,0,7.9,272.7,0,0,0,0,0,1
126900,63.768,0.0,0,0,1,0,2.747,0.0,0,0,1,0,5.297,-1.261,0,30.27,0,0,1,1,0,1,1,0,0,1,0,12192.0,2,1,1,1,0,0,1,0,8.1,271.5,0,0,0,0,0,1
127000,63.768,0.0,0,0,1,0,2.747,0.0,0,0,1,0,5.171,-1.261,0,30.29,0,0,1,1,0,1,1,0,0,1,0,12192.0,2,1,1,1,0,0,1,0,8.1,268.2,0,0,0,0,0,1
127100,63.768,0.0,0,0,1,0,2.747,0.0,0,0,1,0,5.045,-1.261,0,30.48,0,0,1,1,0,1,1,0,0,1,0,12192.0,2,1,1,1,0,0,1,0,9.6,271.9,0,0,0,0,0,1
127200,63.768,0.0,0,0,1,0,2.747,0.0,0,0,1,0,4.919,-1.261,0,30.22,0,0,1,1,0,1,1,0,0,1,0,12192.0,2,1,1,1,0,0,1,0,9.0,270.7,0,0,0,0,0,1
127300,63.768,0.0,0,0,1,0,2.747,0.0,0,0,1,0,4.793,-1.261,0,30.57,0,0,1,1,0,1,1,0,0,1,0,12192.0,2,1,1,1,0,0,1,0,8.2,273.1,0,0,0,0,0,1
127400,63.768,0.0,0,0,1,0,2.747,0.0,0,0,1,0,4.666,-1.261,0,30.5,0,0,1,1,0,1,1,0,0,1,0,12192.0,2,1,1,1,0,0,1,0,8.2,272.5,0,0,0,0,0,1
127500,63.768,0.0,0,0,1,0,2.747,0.0,0,0,1,0,4.54,-1.261,0,30.36,0,0,1,1,0,1,1,0,0,1,0,12192.0,2,1,1,1,0,0,1,0,9.2,272.5,0,0,0,0,0,1
127600,63.768,0.0,0,0,1,0,2.747,0.0,0,0,1,0,4.414,-1.261,0,30.41,0,0,1,1,0,1,1,0,0,1,0,12192.0,2,1,1,1,0,0,1,0,8.2,268.6,0,0,0,0,0,1
127700,63.768,0.0,0,0,1,0,2.747,0.0,0,0,1,0,4.288,-1.261,0,30.09,0,0,1,1,0,1,1,0,0,1,0,12192.0,2,1,1,1,0,0,1,0,8.8,275.1,0,0,0,0,0,1
127800,63.768,0.0,0,0,1,0,2.747,0.0,0,0,1,0,4.162,-1.261,0,30.55,0,0,1,1,0,1,1,0,0,1,0,12192.0,2,1,1,1,0,0,1,0,8.1,272.7,0,0,0,0,0,1
127900,63.768,0.0,0,0,1,0,2.747,0.0,0,0,1,0,4.041,-1.21,0,33.77,0,0,1,1,0,1,1,0,0,1,0,12192.0,2,1,1,1,0,0,1,0,8.8,267.3,0,0,0,0,0,1
128000,63.768,0.0,0,0,1,0,2.747,0.0,0,0,1,0,3.925,-1.16,0,33.62,0,0,1,1,0,1,1,0,0,1,0,12192.0,2,1,1,1,0,0,1,0,9.0,269.5,0,0,0,0,0,1
128100,63.768,0.0,0,0,1,0,2.747,0.0,0,0,1,0,3.814,-1.109,0,33.68,0,0,1,1,0,1,1,0,0,1,0,12192.0,2,1,1,1,0,0,1,0,8.6,272.8,0,0,0,0,0,1
128200,63.768,0.0,0,0,1,0,2.747,0.0,0,0,1,0,3.708,-1.058,0,33.77,0,0,1,1,0,1,1,0,0,1,0,12192.0,2,1,1,1,0,0,1,0,9.1,269.6,0,0,0,0,0,1
128300,63.768,0.0,0,0,1,0,2.747,0.0,0,0,1,0,3.608,-1.007,0,33.81,0,0,1,1,0,1,1,0,0,1,0,12192.0,2,1,1,1,0,0,1,0,8.9,270.3,0,0,0,0,0,1
128400,63.768,0.0,0,0,1,0,2.747,0.0,0,0,1,0,3.512,-0.956,0,33.48,0,0,1,1,0,1,1,0,0,1,0,12192.0,2,1,1,1,0,0,1,0,7.8,267.4,0,0,0,0,0,1
128500,63.768,0.0,0,0,1,0,2.747,0.0,0,0,1,0,3.421,-0.906,0,33.69,0,0,1,1,0,1,1,0,0,1,0,12192.0,2,1,1,1,0,0,1,0,7.8,267.7,0,0,0,0,0,1
128600,63.768,0.0,0,0,1,0,2.747,0.0,0,0,1,0,3.336,-0.855,0,33.49,0,0,1,1,0,1,1,0,0,1,0,12192.0,2,1,1,1,0,0,1,0,8.7,271.1,0,0,0,0,0,1
128700,63.768,0.0,0,0,1,0,2.747,0.0,0,0,1,0,3.256,-0.804,0,33.74,0,0,1,1,0,1,1,0,0,1,0,12192.0,2,1,1,1,0,0,1,0,8.5,269.7,0,0,0,0,0,1
128800,63.768,0.0,0,0,1,0,2.747,0.0,0,0,1,0,3.18,-0.753,0,33.74,0,0,1,1,0,1,1,0,0,1,0,12192.0,2,1,1,1,0,0,1,0,8.7,272.2,0,0,0,0,0,1
128900,63.768,0.0,0,0,1,0,2.747,0.0,0,0,1,0,3.11,-0.702,0,33.61,0,0,1,1,0,1,1,0,0,1,0,12192.0,2,1,1,1,0,0,1,0,8.1,267.8,0,0,0,0,0,1
129000,63.768,0.0,0,0,1,0,2.747,0.0,0,0,1,0,3.045,-0.651,0,33.71,0,0,1,1,0,1,1,0,0,1,0,12192.0,2,1,1,1,0,0,1,0,8.8,269.6,0,0,0,0,0,1
129100,63.768,0.0,0,0,1,0,2.747,0.0,0,0,1,0,2.985,-0.601,0,33.97,0,0,1,1,0,1,1,0,0,1,0,12192.0,2,1,1,1,0,0,1,0,8.8,267.0,0,0,0,0,0,1
129200,63.768,0.0,0,0,1,0,2.747,0.0,0,0,1,0,2.93,-0.549,0,33.57,0,0,1,1,0,1,1,0,0,1,0,12192.0,2,1,1,1,0,0,1,0,7.8,275.4,0,0,0,0,0,1
129300,63.768,0.0,0,0,1,0,2.747,0.0,0,0,1,0,2.88,-0.495,0,33.66,0,0,1,1,0,1,1,0,0,1,0,12192.0,2,1,1,1,0,0,1,0,8.1,267.4,0,0,0,0,0,1
129400,63.768,0.0,0,0,1,0,2.747,0.0,0,0,1,0,2.836,-0.442,0,33.67,0,0,1,1,0,1,1,0,0,1,0,12192.0,2,1,1,1,0,0,1,0,8.4,270.1,0,0,0,0,0,1
129500,63.768,0.0,0,0,1,0,2.747,0.0,0,0,1,0,2.797,-0.387,0,33.75,0,0,1,1,0,1,1,0,0,1,0,12192.0,2,1,1,1,0,0,1,0,8.0,267.1,0,0,0,0,0,1
129600,63.768,0.0,0,0,1,0,2.747,0.0,0,0,1,0,2.764,-0.333,0,33.38,0,0,1,1,0,1,1,0,0,1,0,12192.0,2,1,1,1,0,0,1,0,6.8,271.7,0,0,0,0,0,1
129700,63.768,0.0,0,0,1,0,2.747,0.0,0,0,1,0,2.736,-0.277,0,33.59,0,0,1,1,0,1,1,0,0,1,0,12192.0,2,1,1,1,0,0,1,0,7.8,268.4,0,0,0,0,0,1
129800,63.768,0.0,0,0,1,0,2.747,0.0,0,0,1,0,2.714,-0.221,0,33.49,0,0,1,1,0,1,1,0,0,1,0,12192.0,2,1,1,1,0,0,1,0,8.0,272.9,0,0,0,0,0,1
129900,63.768,0.0,0,0,1,0,2.747,0.0,0,0,1,0,2.698,-0.162,0,33.68,0,0,1,1,0,1,1,0,0,1,0,12192.0,2,1,1,1,0,0,1,0,8.0,263.9,0,0,0,0,0,1
130000,63.768,0.0,0,0,1,0,2.747,0.0,0,0,1,0,2.688,-0.099,0,33.64,0,0,1,1,0,1,1,0,0,1,0,12192.0,2,1,1,1,0,0,1,0,9.3,272.1,0,0,0,0,0,1
130100,63.768,0.0,0,0,0,0,2.747,0.0,0,0,0,0,2.683,0.0,0,31.95,0,0,0,0,0,1,1,0,0,1,0,12192.0,2,1,1,0,1,0,1,0,7.8,266.9,0,0,0,0,0,1
130200,63.768,0.0,0,0,0,0,2.747,0.0,0,0,0,0,2.683,0.0,0,32.11,0,0,0,0,0,1,1,0,1,1,0,12192.0,2,1,1,0,1,0,1,0,8.2,268.8,0,0,0,0,0,1
130300,63.768,0.0,0,0,0,0,2.747,0.0,0,0,0,0,2.683,0.0,0,31.93,0,0,0,0,0,1,1,0,1,1,0,12192.0,2,1,1,0,1,0,1,0,7.4,273.1,0,0,0,0,0,1
130400,63.768,0.0,0,0,0,0,2.747,0.0,0,0,0,0,2.683,0.0,0,31.83,0,0,0,0,0,1,1,0,1,1,0,12192.0,2,1,1,0,1,0,1,0,7.9,270.1,0,0,0,0,0,1
130500,63.768,0.0,0,0,0,0,2.747,0.0,0,0,0,0,2.683,0.0,0,32.06,0,0,0,0,0,1,1,0,1,1,0,12192.0,2,1,1,0,1,0,1,0,7.2,270.8,0,0,0,0,0,1
130600,63.768,0.0,0,0,0,0,2.747,0.0,0,0,0,0,2.683,0.0,0,32.0,0,0,0,0,0,1,1,0,1,1,0,12192.0,2,1,1,0,1,0,1,0,8.2,266.0,0,0,0,0,0,1
130700,63.768,0.0,0,0,0,0,2.747,0.0,0,0,0,0,2.683,0.0,0,31.86,0,0,0,0,0,1,1,0,1,1,0,12192.0,2,1,1,0,1,0,1,0,7.2,272.2,0,0,0,0,0,1
130800,63.768,0.0,0,0,0,0,2.747,0.0,0,0,0,0,2.683,0.0,0,32.13,0,0,0,0,0,1,1,0,1,1,0,12192.0,2,1,1,0,1,0,1,0,7.6,274.8,0,0,0,0,0,1
130900,63.768,0.0,0,0,0,0,2.747,0.0,0,0,0,0,2.683,0.0,0,31.92,0,0,0,0,0,1,1,0,1,1,0,12192.0,2,1,1,0,1,0,1,0,7.7,269.8,0,0,0,0,0,1
131000,63.768,0.0,0,0,0,0,2.747,0.0,0,0,0,0,2.683,0.0,0,31.79,0,0,0,0,0,1,1,0,1,1,0,12192.0,2,1,1,0,1,0,1,0,7.6,268.1,0,0,0,0,0,1
131100,63.768,0.0,0,0,0,0,2.747,0.0,0,0,0,0,2.683,0.0,0,32.03,0,0,0,0,0,1,1,0,1,1,0,12192.0,2,1,1,0,1,0,1,0,7.8,272.5,0,0,0,0,0,1
131200,63.768,0.0,0,0,0,0,2.747,0.0,0,0,0,0,2.683,0.0,0,0.0,0,0,0,0,0,1,0,1,1,1,0,12192.0,2,1,1,0,1,0,1,0,8.3,265.2,0,0,0,0,0,1
131300,63.768,0.0,0,0,0,0,2.747,0.0,0,0,0,0,2.683,0.0,0,0.0,0,0,0,0,0,1,0,1,1,1,0,12192.0,2,1,1,0,1,0,1,0,7.6,267.0,0,0,0,0,0,1
131400,63.768,0.0,0,0,0,0,2.747,0.0,0,0,0,0,2.683,0.0,0,0.0,0,0,0,0,0,1,0,1,1,1,0,12192.0,2,1,1,0,1,0,1,0,8.0,271.7,0,0,0,0,0,1
131500,63.768,0.0,0,0,0,0,2.747,0.0,0,0,0,0,2.683,0.0,0,0.0,0,0,0,0,0,1,0,1,1,1,0,12192.0,2,1,1,0,1,0,1,0,7.4,269.6,0,0,0,0,0,1
131600,63.768,0.0,0,0,0,0,2.747,0.0,0,0,0,0,2.683,0.0,0,0.0,0,0,0,0,0,1,0,1,1,1,0,12192.0,2,1,1,0,1,0,1,0,6.9,269.5,0,0,0,0,0,1
131700,63.768,0.0,0,0,0,0,2.747,0.0,0,0,0,0,2.683,0.0,0,0.0,0,0,0,0,0,1,0,1,1,1,0,12192.0,2,1,1,0,1,0,1,0,7.6,269.2,0,0,0,0,0,1
131800,63.768,0.0,0,0,0,0,2.747,0.0,0,0,0,0,2.683,0.0,0,0.0,0,0,0,0,0,1,0,1,1,1,0,12192.0,2,1,1,0,1,0,1,0,7.1,266.1,0,0,0,0,0,1
131900,63.768,0.0,0,0,0,0,2.747,0.0,0,0,0,0,2.683,0.0,0,0.0,0,0,0,0,0,1,0,1,1,1,0,12192.0,2,1,1,0,1,0,1,0,6.9,268.2,0,0,0,0,0,1
132000,63.768,0.0,0,0,0,0,2.747,0.0,0,0,0,0,2.683,0.0,0,0.0,0,0,0,0,0,1,0,1,1,1,0,12192.0,2,1,1,0,1,0,1,0,6.9,271.4,0,0,0,0,0,1
132100,63.768,0.0,0,0,0,0,2.747,0.0,0,0,0,0,2.683,0.0,0,0.0,0,0,0,0,0,1,0,1,1,1,0,12192.0,2,1,1,0,1,0,1,0,7.6,269.9,0,0,0,0,0,1
132200,63.768,0.0,0,0,0,0,2.747,0.0,0,0,0,0,2.683,0.0,0,0.0,0,0,0,0,0,1,0,1,1,1,0,12192.0,2,1,1,0,1,0,1,0,7.8,265.9,0,0,0,0,0,1
132300,63.768,0.0,0,0,0,0,2.747,0.0,0,0,0,0,2.683,0.0,0,0.0,0,0,0,0,0,1,0,1,1,1,0,12192.0,2,1,1,0,1,0,1,0,8.2,271.1,0,0,0,0,0,1
132400,63.768,0.0,0,0,0,0,2.747,0.0,0,0,0,0,2.683,0.0,0,0.0,0,0,0,0,0,1,0,1,1,1,0,12192.0,2,1,1,0,1,0,1,0,7.4,265.9,0,0,0,0,0,1
132500,63.768,0.0,0,0,0,0,2.747,0.0,0,0,0,0,2.683,0.0,0,0.0,0,0,0,0,0,1,0,1,1,1,0,12192.0,2,1,1,0,1,0,1,0,7.3,273.0,0,0,0,0,0,1
132600,63.768,0.0,0,0,0,0,2.747,0.0,0,0,0,0,2.683,0.0,0,0.0,0,0,0,0,0,1,0,1,1,1,0,12192.0,2,1,1,0,1,0,1,0,7.3,268.0,0,0,0,0,0,1
132700,63.768,0.0,0,0,0,0,2.747,0.0,0,0,0,0,2.683,0.0,0,0.0,0,0,0,0,0,1,0,1,1,1,0,12192.0,2,1,1,0,1,0,1,0,8.6,268.5,0,0,0,0,0,1
132800,63.768,0.0,0,0,1,0,2.747,0.0,0,0,1,0,2.688,0.051,1,0.0,0,0,1,1,0,1,0,1,0,0,0,12192.0,2,1,1,1,0,0,1,0,6.7,270.3,0,0,0,0,0,1
132900,63.768,0.0,0,0,1,0,2.747,0.0,0,0,1,0,2.699,0.102,1,0.0,0,0,1,1,0,1,0,1,0,0,0,12192.0,2,1,1,1,0,0,1,0,7.6,274.0,0,0,0,0,0,1
133000,63.768,0.0,0,0,1,0,2.747,0.0,0,0,1,0,2.714,0.152,1,0.0,0,0,1,1,0,1,0,1,0,0,0,12192.0,2,1,1,1,0,0,1,0,7.4,269.9,0,0,0,0,0,1
133100,63.768,0.0,0,0,1,0,2.747,0.0,0,0,1,0,2.734,0.203,1,0.0,0,0,1,1,0,1,0,1,0,0,0,12192.0,2,1,1,1,0,0,1,0,7.0,272.7,0,0,0,0,0,1
133200,63.768,0.0,0,0,1,0,2.747,0.0,0,0,1,0,2.76,0.254,1,0.0,0,0,1,1,0,1,0,1,0,0,0,12192.0,2,1,1,1,0,0,1,0,7.4,268.1,0,0,0,0,0,1
133300,63.768,0.0,0,0,1,0,2.747,0.0,0,0,1,0,2.79,0.305,1,0.0,0,0,1,1,0,1,0,1,0,0,0,12192.0,2,1,1,1,0,0,1,0,7.6,270.3,0,0,0,0,0,1
133400,63.768,0.0,0,0,1,0,2.747,0.0,0,0,1,0,2.826,0.356,1,0.0,0,0,1,1,0,1,0,1,0,0,0,12192.0,2,1,1,1,0,0,1,0,7.5,270.6,0,0,0,0,0,1
133500,63.768,0.0,0,0,1,0,2.747,0.0,0,0,1,0,2.866,0.407,1,0.0,0,0,1,1,0,1,0,1,0,0,0,12192.0,2,1,1,1,0,0,1,0,7.7,264.1,0,0,0,0,0,1
133600,63.768,0.0,0,0,1,0,2.747,0.0,0,0,1,0,2.912,0.457,1,0.0,0,0,1,1,0,1,0,1,0,0,0,12192.0,2,1,1,1,0,0,1,0,8.1,269.6,0,0,0,0,0,1
133700,63.768,0.0,0,0,1,0,2.747,0.0,0,0,1,0,2.963,0.508,1,0.0,0,0,1,1,0,1,0,1,0,0,0,12192.0,2,1,1,1,0,0,1,0,8.0,269.5,0,0,0,0,0,1
133800,63.768,0.0,0,0,1,0,2.747,0.0,0,0,1,0,3.019,0.559,1,0.0,0,0,1,1,0,1,0,1,0,0,0,12192.0,2,1,1,1,0,0,1,0,7.5,271.0,0,0,0,0,0,1
133900,63.768,0.0,0,0,1,0,2.747,0.0,0,0,1,0,3.08,0.61,1,0.0,0,0,1,1,0,1,0,1,0,0,0,12192.0,2,1,1,1,0,0,1,0,8.1,266.9,0,0,0,0,0,1
134000,63.768,0.0,0,0,1,0,2.747,0.0,0,0,1,0,3.146,0.661,1,0.0,0,0,1,1,0,1,0,1,0,0,0,12192.0,2,1,1,1,0,0,1,0,7.8,271.1,0,0,0,0,0,1
134100,63.768,0.0,0,0,1,0,2.747,0.0,0,0,1,0,3.217,0.711,1,0.0,0,0,1,1,0,1,0,1,0,0,0,12192.0,2,1,1,1,0,0,1,0,7.6,269.4,0,0,0,0,0,1
134200,63.768,0.0,0,0,1,0,2.747,0.0,0,0,1,0,3.293,0.762,1,0.0,0,0,1,1,0,1,0,1,0,0,0,12192.0,2,1,1,1,0,0,1,0,7.4,269.8,0,0,0,0,0,1
134300,63.768,0.0,0,0,1,0,2.747,0.0,0,0,1,0,3.375,0.813,1,0.0,0,0,1,1,0,1,0,1,0,0,0,12192.0,2,1,1,1,0,0,1,0,8.3,266.9,0,0,0,0,0,1
134400,63.768,0.0,0,0,1,0,2.747,0.0,0,0,1,0,3.461,0.864,1,0.0,0,0,1,1,0,1,0,1,0,0,0,12192.0,2,1,1,1,0,0,1,0,8.4,272.1,0,0,0,0,0,1
134500,63.768,0.0,0,0,1,0,2.747,0.0,0,0,1,0,3.552,0.915,1,0.0,0,0,1,1,0,1,0,1,0,0,0,12192.0,2,1,1,1,0,0,1,0,8.1,270.1,0,0,0,0,0,1
134600,63.768,0.0,0,0,1,0,2.747,0.0,0,0,1,0,3.649,0.965,1,0.0,0,0,1,1,0,1,0,1,0,0,0,12192.0,2,1,1,1,0,0,1,0,7.9,267.8,0,0,0,0,0,1
134700,63.768,0.0,0,0,1,0,2.747,0.0,0,0,1,0,3.751,1.016,1,0.0,0,0,1,1,0,1,0,1,0,0,0,12192.0,2,1,1,1,0,0,1,0,7.0,267.7,0,0,0,0,0,1
134800,63.768,0.0,0,0,1,0,2.747,0.0,0,0,1,0,3.857,1.067,1,0.0,0,0,1,1,0,1,0,1,0,0,0,12192.0,2,1,1,1,0,0,1,0,7.7,272.2,0,0,0,0,0,1
134900,63.768,0.0,0,0,1,0,2.747,0.0,0,0,1,0,3.969,1.118,1,0.0,0,0,1,1,0,1,0,1,0,0,0,12192.0,2,1,1,1,0,0,1,0,8.2,269.3,0,0,0,0,0,1
135000,63.768,0.0,0,0,1,0,2.747,0.0,0,0,1,0,4.086,1.169,1,0.0,0,0,1,1,0,1,0,1,0,0,0,12192.0,2,1,1,1,0,0,1,0,8.0,267.8,0,0,0,0,0,1
135100,63.768,0.0,0,0,1,0,2.747,0.0,0,0,1,0,4.208,1.22,1,0.0,0,0,1,1,0,1,0,1,0,0,0,12192.0,2,1,1,1,0,0,1,0,7.6,269.0,0,0,0,0,0,1
135200,63.768,0.0,0,0,1,0,2.747,0.0,0,0,1,0,4.334,1.261,1,0.0,0,0,1,1,0,1,0,1,0,0,0,12192.0,2,1,1,1,0,0,1,0,8.5,270.7,0,0,0,0,0,1
135300,63.768,0.0,0,0,1,0,2.747,0.0,0,0,1,0,4.46,1.261,1,0.0,0,0,1,1,0,1,0,1,0,0,0,12192.0,2,1,1,1,0,0,1,0,8.9,273.8,0,0,0,0,0,1
135400,63.768,0.0,0,0,1,0,2.747,0.0,0,0,1,0,4.586,1.261,1,0.0,0,0,1,1,0,1,0,1,0,0,0,12192.0,2,1,1,1,0,0,1,0,8.6,271.6,0,0,0,0,0,1
135500,63.768,0.0,0,0,1,0,2.747,0.0,0,0,1,0,4.712,1.261,1,0.0,0,0,1,1,0,1,0,1,0,0,0,12192.0,2,1,1,1,0,0,1,0,8.6,270.8,0,0,0,0,0,1
135600,63.768,0.0,0,0,1,0,2.747,0.0,0,0,1,0,4.838,1.261,1,0.0,0,0,1,1,0,1,0,1,0,0,0,12192.0,2,1,1,1,0,0,1,0,8.6,271.9,0,0,0,0,0,1
135700,63.768,0.0,0,0,1,0,2.747,0.0,0,0,1,0,4.965,1.261,1,0.0,0,0,1,1,0,1,0,1,0,0,0,12192.0,2,1,1,1,0,0,1,0,7.6,272.8,0,0,0,0,0,1
135800,63.768,0.0,0,0,1,0,2.747,0.0,0,0,1,0,5.091,1.261,1,0.0,0,0,1,1,0,1,0,1,0,0,0,12192.0,2,1,1,1,0,0,1,0,8.4,265.5,0,0,0,0,0,1
135900,63.768,0.0,0,0,1,0,2.747,0.0,0,0,1,0,5.217,1.261,1,0.0,0,0,1,1,0,1,0,1,0,0,0,12192.0,2,1,1,1,0,0,1,0,8.6,271.7,0,0,0,0,0,1
136000,63.768,0.0,0,0,1,0,2.747,0.0,0,0,1,0,5.343,1.261,1,0.0,0,0,1,1,0,1,0,1,0,0,0,12192.0,2,1,1,1,0,0,1,0,8.2,270.6,0,0,0,0,0,1
136100,63.768,0.0,0,0,1,0,2.747,0.0,0,0,1,0,5.469,1.261,1,0.0,0,0,1,1,0,1,0,1,0,0,0,12192.0,2,1,1,1,0,0,1,0,8.2,269.3,0,0,0,0,0,1
136200,63.768,0.0,0,0,1,0,2.747,0.0,0,0,1,0,5.595,1.261,1,0.0,0,0,1,1,0,1,0,1,0,0,0,12192.0,2,1,1,1,0,0,1,0,8.7,271.7,0,0,0,0,0,1
136300,63.768,0.0,0,0,1,0,2.747,0.0,0,0,1,0,5.721,1.261,1,0.0,0,0,1,1,0,1,0,1,0,0,0,12192.0,2,1,1,1,0,0,1,0,8.4,273.5,0,0,0,0,0,1
136400,63.768,0.0,0,0,1,0,2.747,0.0,0,0,1,0,5.847,1.261,1,0.0,0,0,1,1,0,1,0,1,0,0,0,12192.0,2,1,1,1,0,0,1,0,8.7,268.5,0,0,0,0,0,1
136500,63.768,0.0,0,0,1,0,2.747,0.0,0,0,1,0,5.974,1.261,1,0.0,0,0,1,1,0,1,0,1,0,0,0,12192.0,2,1,1,1,0,0,1,0,8.2,272.5,0,0,0,0,0,1
136600,63.768,0.0,0,0,1,0,2.747,0.0,0,0,1,0,6.1,1.261,1,0.0,0,0,1,1,0,1,0,1,0,0,0,12192.0,2,1,1,1,0,0,1,0,8.2,271.7,0,0,0,0,0,1
136700,63.768,0.0,0,0,1,0,2.747,0.0,0,0,1,0,6.226,1.261,1,0.0,0,0,1,1,0,1,0,1,0,0,0,12192.0,2,1,1,1,0,0,1,0,8.2,267.4,0,0,0,0,0,1
136800,63.768,0.0,0,0,1,0,2.747,0.0,0,0,1,0,6.352,1.261,1,0.0,0,0,1,1,0,1,0,1,0,0,0,12192.0,2,1,1,1,0,0,1,0,8.9,269.1,0,0,0,0,0,1
136900,63.768,0.0,0,0,1,0,2.747,0.0,0,0,1,0,6.478,1.261,1,0.0,0,0,1,1,0,1,0,1,0,0,0,12192.0,2,1,1,1,0,0,1,0,8.4,272.5,0,0,0,0,0,1
137000,63.768,0.0,0,0,1,0,2.747,0.0,0,0,1,0,6.604,1.261,1,0.0,0,0,1,1,0,1,0,1,0,0,0,12192.0,2,1,1,1,0,0,1,0,9.4,272.3,0,0,0,0,0,1
137100,63.768,0.0,0,0,1,0,2.747,0.0,0,0,1,0,6.73,1.261,1,0.0,0,0,1,1,0,1,0,1,0,0,0,12192.0,2,1,1,1,0,0,1,0,8.1,265.2,0,0,0,0,0,1
137200,63.768,0.0,0,0,1,0,2.747,0.0,0,0,1,0,6.856,1.261,1,0.0,0,0,1,1,0,1,0,1,0,0,0,12192.0,2,1,1,1,0,0,1,0,8.5,266.7,0,0,0,0,0,1
137300,63.768,0.0,0,0,1,0,2.747,0.0,0,0,1,0,6.983,1.261,1,0.0,0,0,1,1,0,1,0,1,0,0,0,12192.0,2,1,1,1,0,0,1,0,8.7,268.4,0,0,0,0,0,1
137400,63.768,0.0,0,0,1,0,2.747,0.0,0,0,1,0,7.109,1.261,1,0.0,0,0,1,1,0,1,0,1,0,0,0,12192.0,2,1,1,1,0,0,1,0,8.6,271.7,0,0,0,0,0,1
137500,63.768,0.0,0,0,1,0,2.747,0.0,0,0,1,0,7.235,1.261,1,0.0,0,0,1,1,0,1,0,1,0,0,0,12192.0,2,1,1,1,0,0,1,0,8.4,265.8,0,0,0,0,0,1
137600,63.768,0.0,0,0,1,0,2.747,0.0,0,0,1,0,7.361,1.261,1,0.0,0,0,1,1,0,1,0,1,0,0,0,12192.0,2,1,1,1,0,0,1,0,8.8,267.8,0,0,0,0,0,1
137700,63.768,0.0,0,0,1,0,2.747,0.0,0,0,1,0,7.487,1.261,1,0.0,0,0,1,1,0,1,0,1,0,0,0,12192.0,2,1,1,1,0,0,1,0,8.5,273.2,0,0,0,0,0,1
137800,63.768,0.0,0,0,1,0,2.747,0.0,0,0,1,0,7.613,1.261,1,0.0,0,0,1,1,0,1,0,1,0,0,0,12192.0,2,1,1,1,0,0,1,0,8.4,272.8,0,0,0,0,0,1
137900,63.768,0.0,0,0,1,0,2.747,0.0,0,0,1,0,7.739,1.261,1,0.0,0,0,1,1,0,1,0,1,0,0,0,12192.0,2,1,1,1,0,0,1,0,9.0,273.3,0,0,0,0,0,1
138000,63.768,0.0,0,0,1,0,2.747,0.0,0,0,1,0,7.865,1.261,1,0.0,0,0,1,1,0,1,0,1,0,0,0,12192.0,2,1,1,1,0,0,1,0,8.5,273.6,0,0,0,0,0,1
138100,63.768,0.0,0,0,1,0,2.747,0.0,0,0,1,0,7.992,1.261,1,0.0,0,0,1,1,0,1,0,1,0,0,0,12192.0,2,1,1,1,0,0,1,0,8.1,270.9,0,0,0,0,0,1
138200,63.768,0.0,0,0,1,0,2.747,0.0,0,0,1,0,8.118,1.261,1,0.0,0,0,1,1,0,1,0,1,0,0,0,12192.0,2,1,1,1,0,0,1,0,8.3,265.8,0,0,0,0,0,1
138300,63.768,0.0,0,0,1,0,2.747,0.0,0,0,1,0,8.244,1.261,1,0.0,0,0,1,1,0,1,0,1,0,0,0,12192.0,2,1,1,1,0,0,1,0,8.4,266.3,0,0,0,0,0,1
138400,63.768,0.0,0,0,1,0,2.747,0.0,0,0,1,0,8.37,1.261,1,0.0,0,0,1,1,0,1,0,1,0,0,0,12192.0,2,1,1,1,0,0,1,0,8.9,272.6,0,0,0,0,0,1
138500,63.768,0.0,0,0,1,0,2.747,0.0,0,0,1,0,8.496,1.261,1,0.0,0,0,1,1,0,1,0,1,0,0,0,12192.0,2,1,1,1,0,0,1,0,7.7,271.8,0,0,0,0,0,1
138600,63.768,0.0,0,0,1,0,2.747,0.0,0,0,1,0,8.622,1.261,1,0.0,0,0,1,1,0,1,0,1,0,0,0,12192.0,2,1,1,1,0,0,1,0,8.9,272.3,0,0,0,0,0,1
138700,63.768,0.0,0,0,1,0,2.747,0.0,0,0,1,0,8.748,1.261,1,0.0,0,0,1,1,0,1,0,1,0,0,0,12192.0,2,1,1,1,0,0,1,0,7.5,269.6,0,0,0,0,0,1
138800,63.768,0.0,0,0,1,0,2.747,0.0,0,0,1,0,8.874,1.261,1,0.0,0,0,1,1,0,1,0,1,0,0,0,12192.0,2,1,1,1,0,0,1,0,8.3,271.6,0,0,0,0,0,1
138900,63.768,0.0,0,0,1,0,2.747,0.0,0,0,1,0,9.001,1.261,1,0.0,0,0,1,1,0,1,0,1,0,0,0,12192.0,2,1,1,1,0,0,1,0,7.9,271.8,0,0,0,0,0,1
139000,63.768,0.0,0,0,1,0,2.747,0.0,0,0,1,0,9.127,1.261,1,0.0,0,0,1,1,0,1,0,1,0,0,0,12192.0,2,1,1,1,0,0,1,0,8.2,275.3,0,0,0,0,0,1
139100,63.768,0.0,0,0,1,0,2.747,0.0,0,0,1,0,9.253,1.261,1,0.0,0,0,1,1,0,1,0,1,0,0,0,12192.0,2,1,1,1,0,0,1,0,7.1,271.1,0,0,0,0,0,1
139200,63.768,0.0,0,0,1,0,2.747,0.0,0,0,1,0,9.379,1.261,1,0.0,0,0,1,1,0,1,0,1,0,0,0,12192.0,2,1,1,1,0,0,1,0,8.1,266.4,0,0,0,0,0,1
139300,63.768,0.0,0,0,1,0,2.747,0.0,0,0,1,0,9.505,1.261,1,0.0,0,0,1,1,0,1,0,1,0,0,0,12192.0,2,1,1,1,0,0,1,0,7.4,270.0,0,0,0,0,0,1
139400,63.768,0.0,0,0,1,0,2.747,0.0,0,0,1,0,9.631,1.261,1,0.0,0,0,1,1,0,1,0,1,0,0,0,12192.0,2,1,1,1,0,0,1,0,8.6,268.0,0,0,0,0,0,1
139500,63.768,0.0,0,0,1,0,2.747,0.0,0,0,1,0,9.757,1.261,1,0.0,0,0,1,1,0,1,0,1,0,0,0,12192.0,2,1,1,1,0,0,1,0,8.1,267.9,0,0,0,0,0,1
139600,63.768,0.0,0,0,1,0,2.747,0.0,0,0,1,0,9.883,1.261,1,0.0,0,0,1,1,0,1,0,1,0,0,0,12192.0,2,1,1,1,0,0,1,0,7.7,266.6,0,0,0,0,0,1
139700,63.768,0.0,0,0,1,0,2.747,0.0,0,0,1,0,10.009,1.261,1,0.0,0,0,1,1,0,1,0,1,0,0,0,12192.0,2,1,1,1,0,0,1,0,7.5,271.9,0,0,0,0,0,1
139800,63.768,0.0,0,0,1,0,2.747,0.0,0,0,1,0,10.136,1.261,1,0.0,0,0,1,1,0,1,0,1,0,0,0,12192.0,2,1,1,1,0,0,1,0,7.8,266.6,0,0,0,0,0,1
139900,63.768,0.0,0,0,1,0,2.747,0.0,0,0,1,0,10.262,1.261,1,0.0,0,0,1,1,0,1,0,1,0,0,0,12192.0,2,1,1,1,0,0,1,0,7.3,271.0,0,0,0,0,0,1
140000,63.768,0.0,0,0,1,0,2.747,0.0,0,0,1,0,10.388,1.261,1,0.0,0,0,1,1,0,1,0,1,0,0,0,12192.0,2,1,1,1,0,0,1,0,7.8,267.5,0,0,0,0,0,1
140100,63.768,0.0,0,0,1,0,2.747,0.0,0,0,1,0,10.514,1.261,1,0.0,0,0,1,1,0,1,0,1,0,0,0,12192.0,2,1,1,1,0,0,1,0,7.6,272.2,0,0,0,0,0,1
140200,63.768,0.0,0,0,1,0,2.747,0.0,0,0,1,0,10.64,1.261,1,0.0,0,0,1,1,0,1,0,1,0,0,0,12192.0,2,1,1,1,0,0,1,0,7.6,266.7,0,0,0,0,0,1
140300,63.768,0.0,0,0,1,0,2.747,0.0,0,0,1,0,10.766,1.261,1,0.0,0,0,1,1,0,1,0,1,0,0,0,12192.0,2,1,1,1,0,0,1,0,7.0,270.9,0,0,0,0,0,1
140400,63.768,0.0,0,0,1,0,2.747,0.0,0,0,1,0,10.892,1.261,1,0.0,0,0,1,1,0,1,0,1,0,0,0,12192.0,2,1,1,1,0,0,1,0,7.9,266.9,0,0,0,0,0,1
140500,63.768,0.0,0,0,1,0,2.747,0.0,0,0,1,0,11.018,1.261,1,0.0,0,0,1,1,0,1,0,1,0,0,0,12192.0,2,1,1,1,0,0,1,0,8.0,269.3,0,0,0,0,0,1
140600,63.768,0.0,0,0,1,0,2.747,0.0,0,0,1,0,11.145,1.261,1,0.0,0,0,1,1,0,1,0,1,0,0,0,12192.0,2,1,1,1,0,0,1,0,7.3,270.0,0,0,0,0,0,1
140700,63.768,0.0,0,0,1,0,2.747,0.0,0,0,1,0,11.271,1.261,1,0.0,0,0,1,1,0,1,0,1,0,0,0,12192.0,2,1,1,1,0,0,1,0,7.8,270.9,0,0,0,0,0,1
140800,63.768,0.0,0,0,1,0,2.747,0.0,0,0,1,0,11.397,1.261,1,0.0,0,0,1,1,0,1,0,1,0,0,0,12192.0,2,1,1,1,0,0,1,0,7.3,269.8,0,0,0,0,0,1
140900,63.768,0.0,0,0,1,0,2.747,0.0,0,0,1,0,11.523,1.261,1,0.0,0,0,1,1,0,1,0,1,0,0,0,12192.0,2,1,1,1,0,0,1,0,7.5,272.8,0,0,0,0,0,1
141000,63.768,0.0,0,0,1,0,2.747,0.0,0,0,1,0,11.649,1.261,1,0.0,0,0,1,1,0,1,0,1,0,0,0,12192.0,2,1,1,1,0,0,1,0,7.8,270.3,0,0,0,0,0,1
141100,63.768,0.0,0,0,1,0,2.747,0.0,0,0,1,0,11.775,1.261,1,0.0,0,0,1,1,0,1,0,1,0,0,0,12192.0,2,1,1,1,0,0,1,0,7.8,271.2,0,0,0,0,0,1
141200,63.768,0.0,0,0,1,0,2.747,0.0,0,0,1,0,11.896,1.21,1,0.0,0,0,1,1,0,1,0,1,0,0,0,12192.0,2,1,1,1,0,0,1,0,7.1,265.0,0,0,0,0,0,1
141300,63.768,0.0,0,0,1,0,2.747,0.0,0,0,1,0,12.012,1.16,1,0.0,0,0,1,1,0,1,0,1,0,0,0,12192.0,2,1,1,1,0,0,1,0,7.9,269.7,0,0,0,0,0,1
141400,63.768,0.0,0,0,1,0,2.747,0.0,0,0,1,0,12.123,1.108,1,0.0,0,0,1,1,0,1,0,1,0,0,0,12192.0,2,1,1,1,0,0,1,0,7.4,265.3,0,0,0,0,0,1
141500,63.768,0.0,0,0,1,0,2.747,0.0,0,0,1,0,12.229,1.056,1,0.0,0,0,1,1,0,1,0,1,0,0,0,12192.0,2,1,1,1,0,0,1,0,8.5,268.5,0,0,0,0,0,1
141600,63.768,0.0,0,0,1,0,2.747,0.0,0,0,1,0,12.329,1.004,1,0.0,0,0,1,1,0,1,0,1,0,0,0,12192.0,2,1,1,1,0,0,1,0,7.2,266.9,0,0,0,0,0,1
141700,63.768,0.0,0,0,1,0,2.747,0.0,0,0,1,0,12.424,0.952,1,0.0,0,0,1,1,0,1,0,1,0,0,0,12192.0,2,1,1,1,0,0,1,0,7.5,270.1,0,0,0,0,0,1
141800,63.768,0.0,0,0,1,0,2.747,0.0,0,0,1,0,12.514,0.899,1,0.0,0,0,1,1,0,1,0,1,0,0,0,12192.0,2,1,1,1,0,0,1,0,8.0,271.0,0,0,0,0,0,1
141900,63.768,0.0,0,0,1,0,2.747,0.0,0,0,1,0,12.599,0.847,1,0.0,0,0,1,1,0,1,0,1,0,0,0,12192.0,2,1,1,1,0,0,1,0,7.2,267.7,0,0,0,0,0,1
142000,63.768,0.0,0,0,1,0,2.747,0.0,0,0,1,0,12.678,0.795,1,0.0,0,0,1,1,0,1,0,1,0,0,0,12192.0,2,1,1,1,0,0,1,0,7.2,269.8,0,0,0,0,0,1
142100,63.768,0.0,0,0,1,0,2.747,0.0,0,0,1,0,12.752,0.742,1,0.0,0,0,1,1,0,1,0,1,0,0,0,12192.0,2,1,1,1,0,0,1,0,7.2,273.5,0,0,0,0,0,1
142200,63.768,0.0,0,0,1,0,2.747,0.0,0,0,1,0,12.821,0.689,1,0.0,0,0,1,1,0,1,0,1,0,0,0,12192.0,2,1,1,1,0,0,1,0,7.2,268.6,0,0,0,0,0,1
142300,63.768,0.0,0,0,1,0,2.747,0.0,0,0,1,0,12.885,0.637,1,0.0,0,0,1,1,0,1,0,1,0,0,0,12192.0,2,1,1,1,0,0,1,0,7.8,270.5,0,0,0,0,0,1
142400,63.768,0.0,0,0,1,0,2.747,0.0,0,0,1,0,12.943,0.584,1,0.0,0,0,1,1,0,1,0,1,0,0,0,12192.0,2,1,1,1,0,0,1,0,7.9,269.0,0,0,0,0,0,1
142500,63.768,0.0,0,0,1,0,2.747,0.0,0,0,1,0,12.996,0.53,1,0.0,0,0,1,1,0,1,0,1,0,0,0,12192.0,2,1,1,1,0,0,1,0,7.7,270.9,0,0,0,0,0,1
142600,63.768,0.0,0,0,1,0,2.747,0.0,0,0,1,0,13.044,0.477,1,0.0,0,0,1,1,0,1,0,1,0,0,0,12192.0,2,1,1,1,0,0,1,0,7.7,265.3,0,0,0,0,0,1
142700,63.768,0.0,0,0,1,0,2.747,0.0,0,0,1,0,13.086,0.423,1,0.0,0,0,1,1,0,1,0,1,0,0,0,12192.0,2,1,1,1,0,0,1,0,8.0,272.1,0,0,0,0,0,1
142800,63.768,0.0,0,0,1,0,2.747,0.0,0,0,1,0,13.123,0.369,1,0.0,0,0,1,1,0,1,0,1,0,0,0,12192.0,2,1,1,1,0,0,1,0,7.6,270.7,0,0,0,0,0,1
142900,63.768,0.0,0,0,1,0,2.747,0.0,0,0,1,0,13.155,0.314,1,0.0,0,0,1,1,0,1,0,1,0,0,0,12192.0,2,1,1,1,0,0,1,0,7.3,265.3,0,0,0,0,0,1
143000,63.768,0.0,0,0,1,0,2.747,0.0,0,0,1,0,13.18,0.258,1,0.0,0,0,1,1,0,1,0,1,0,0,0,12192.0,2,1,1,1,0,0,1,0,7.5,268.6,0,0,0,0,0,1
143100,63.768,0.0,0,0,1,0,2.747,0.0,0,0,1,0,13.2,0.201,1,0.0,0,0,1,1,0,1,0,1,0,0,0,12192.0,2,1,1,1,0,0,1,0,7.5,271.4,0,0,0,0,0,1
143200,63.768,0.0,0,0,1,0,2.747,0.0,0,0,1,0,13.215,0.141,1,0.0,0,0,1,1,0,1,0,1,0,0,0,12192.0,2,1,1,1,0,0,1,0,7.7,269.8,0,0,0,0,0,1
143300,63.768,0.0,0,0,1,0,2.747,0.0,0,0,1,0,13.222,0.075,1,0.0,0,0,1,1,0,1,0,1,0,0,0,12192.0,2,1,1,1,0,0,1,0,8.1,268.3,0,0,0,0,0,1
143400,63.768,0.0,0,0,0,0,2.747,0.0,0,0,0,0,13.224,0.0,0,0.0,0,0,0,0,0,1,0,1,0,0,0,12192.0,2,1,1,0,1,0,1,0,8.1,267.3,0,0,0,0,0,1
143500,63.766,-0.015,0,1,1,0,2.753,0.061,1,1,1,0,13.23,0.051,1,0.0,0,0,1,1,0,1,0,1,0,0,0,12192.0,2,1,1,1,0,0,1,1,7.9,270.3,0,0,0,0,0,1
143600,63.763,-0.03,0,1,1,0,2.765,0.122,1,1,1,0,13.24,0.102,1,0.0,0,0,1,1,0,1,0,1,0,0,0,12192.0,2,1,1,1,0,0,1,1,8.6,273.6,0,0,0,0,0,1
143700,63.759,-0.045,0,1,1,0,2.784,0.184,1,1,1,0,13.255,0.152,1,0.0,0,0,1,1,0,1,0,1,0,0,0,12192.0,2,1,1,1,0,0,1,1,8.1,269.6,0,0,0,0,0,1
143800,63.753,-0.06,0,1,1,0,2.808,0.245,1,1,1,0,13.275,0.203,1,0.0,0,0,1,1,0,1,0,1,0,0,0,12192.0,2,1,1,1,0,0,1,1,7.6,269.4,0,0,0,0,0,1
143900,63.745,-0.075,0,1,1,0,2.839,0.306,1,1,1,0,13.301,0.254,1,0.0,0,0,1,1,0,1,0,1,0,0,0,12192.0,2,1,1,1,0,0,1,1,8.7,273.0,0,0,0,0,0,1
144000,63.736,-0.09,0,1,1,0,2.875,0.367,1,1,1,0,13.331,0.305,1,0.0,0,0,1,1,0,1,0,1,0,0,0,12192.0,2,1,1,1,0,0,1,1,8.4,269.7,0,0,0,0,0,1
144100,63.726,-0.106,0,1,1,0,2.918,0.428,1,1,1,0,13.366,0.345,1,0.0,0,0,1,1,0,1,0,1,0,0,0,12192.0,2,1,1,1,0,0,1,1,8.6,266.9,0,0,0,0,0,1
144200,63.714,-0.121,0,1,1,0,2.967,0.49,1,1,1,0,13.395,0.29,1,0.0,0,0,1,1,0,1,0,1,0,0,0,12192.0,2,1,1,1,0,0,1,1,8.0,273.1,0,0,0,0,0,1
144300,63.7,-0.136,0,1,1,0,3.022,0.551,1,1,1,0,13.418,0.234,1,0.0,0,0,1,1,0,1,0,1,0,0,0,12192.0,2,1,1,1,0,0,1,1,7.7,271.4,0,0,0,0,0,1
144400,63.685,-0.151,0,1,1,0,3.083,0.612,1,1,1,0,13.436,0.176,1,0.0,0,0,1,1,0,1,0,1,0,0,0,12192.0,2,1,1,1,0,0,1,1,8.6,269.9,0,0,0,0,0,1
144500,63.668,-0.166,0,1,1,0,3.151,0.673,1,1,1,0,13.447,0.114,1,0.0,0,0,1,1,0,1,0,1,0,0,0,12192.0,2,1,1,1,0,0,1,1,8.3,269.2,0,0,0,0,0,1
144600,63.65,-0.181,0,1,1,0,3.224,0.734,1,1,1,0,13.452,0.0,0,0.0,0,0,0,1,0,1,0,1,0,0,0,12192.0,2,1,1,1,0,0,1,1,9.1,268.8,0,0,0,0,0,1
144700,63.631,-0.196,0,1,1,0,3.304,0.795,1,1,1,0,13.452,0.0,0,0.0,0,0,0,1,0,1,0,1,0,0,0,12192.0,2,1,1,1,0,0,1,1,8.7,271.4,0,0,0,0,0,1
144800,63.61,-0.211,0,1,1,0,3.389,0.857,1,1,1,0,13.452,0.0,0,0.0,0,0,0,1,0,1,0,1,0,0,0,12192.0,2,1,1,1,0,0,1,1,8.1,271.5,0,0,0,0,0,1
144900,63.587,-0.226,0,1,1,0,3.481,0.918,1,1,1,0,13.452,0.0,0,0.0,0,0,0,1,0,1,0,1,0,0,0,12192.0,2,1,1,1,0,0,1,1,8.2,269.8,0,0,0,0,0,1
145000,63.563,-0.241,0,1,1,0,3.579,0.979,1,1,1,0,13.452,0.0,0,0.0,0,0,0,1,0,1,0,1,0,0,0,12192.0,2,1,1,1,0,0,1,1,9.0,271.5,0,0,0,0,0,1
145100,63.537,-0.256,0,1,1,0,3.683,1.04,1,1,1,0,13.452,0.0,0,0.0,0,0,0,1,0,1,0,1,0,0,0,12192.0,2,1,1,1,0,0,1,1,8.4,272.1,0,0,0,0,0,1
145200,63.51,-0.271,0,1,1,0,3.793,1.101,1,1,1,0,13.452,0.0,0,0.0,0,0,0,1,0,1,0,1,0,0,0,12192.0,2,1,1,1,0,0,1,1,8.2,276.0,0,0,0,0,0,1
145300,63.481,-0.286,0,1,1,0,3.909,1.163,1,1,1,0,13.452,0.0,0,0.0,0,0,0,1,0,1,0,1,0,0,0,12192.0,2,1,1,1,0,0,1,1,8.3,265.2,0,0,0,0,0,1
145400,63.451,-0.302,0,1,1,0,4.032,1.224,1,1,1,0,13.452,0.0,0,0.0,0,0,0,1,0,1,0,1,0,0,0,12192.0,2,1,1,1,0,0,1,1,8.4,266.5,0,0,0,0,0,1
145500,63.42,-0.317,0,1,1,0,4.16,1.285,1,1,1,0,13.452,0.0,0,0.0,0,0,0,1,0,1,0,1,0,0,0,12192.0,2,1,1,1,0,0,1,1,8.5,269.8,0,0,0,0,0,1
145600,63.386,-0.332,0,1,1,0,4.295,1.346,1,1,1,0,13.452,0.0,0,0.0,0,0,0,1,0,1,0,1,0,0,0,12192.0,2,1,1,1,0,0,1,1,8.2,269.1,0,0,0,0,0,1
145700,63.352,-0.347,0,1,1,0,4.436,1.407,1,1,1,0,13.452,0.0,0,0.0,0,0,0,1,0,1,0,1,0,0,0,12192.0,2,1,1,1,0,0,1,1,8.1,273.8,0,0,0,0,0,1
145800,63.315,-0.362,0,1,1,0,4.583,1.469,1,1,1,0,13.452,0.0,0,0.0,0,0,0,1,0,1,0,1,0,0,0,12192.0,2,1,1,1,0,0,1,1,8.9,273.3,0,0,0,0,0,1
145900,63.278,-0.377,0,1,1,0,4.736,1.53,1,1,1,0,13.452,0.0,0,0.0,0,0,0,1,0,1,0,1,0,0,0,12192.0,2,1,1,1,0,0,1,1,8.4,271.3,0,0,0,0,0,1
146000,63.239,-0.392,0,1,1,0,4.895,1.591,1,1,1,0,13.452,0.0,0,0.0,0,0,0,1,0,1,0,1,0,0,0,12192.0,2,1,1,1,0,0,1,1,9.7,270.8,0,0,0,0,0,1
146100,63.198,-0.407,0,1,1,0,5.06,1.652,1,1,1,0,13.452,0.0,0,0.0,0,0,0,1,0,1,0,1,0,0,0,12192.0,2,1,1,1,0,0,1,1,8.2,272.1,0,0,0,0,0,1
146200,63.156,-0.422,0,1,1,0,5.231,1.713,1,1,1,0,13.452,0.0,0,0.0,0,0,0,1,0,1,0,1,0,0,0,12192.0,2,1,1,1,0,0,1,1,8.6,269.3,0,0,0,0,0,1
146300,63.112,-0.437,0,1,1,0,5.409,1.775,1,1,1,0,13.452,0.0,0,0.0,0,0,0,1,0,1,0,1,0,0,0,12192.0,2,1,1,1,0,0,1,1,8.2,267.6,0,0,0,0,0,1
146400,63.067,-0.452,0,1,1,0,5.592,1.836,1,1,1,0,13.452,0.0,0,0.0,0,0,0,1,0,1,0,1,0,0,0,12192.0,2,1,1,1,0,0,1,1,8.6,268.4,0,0,0,0,0,1
146500,63.02,-0.467,0,1,1,0,5.782,1.897,1,1,1,0,13.452,0.0,0,0.0,0,0,0,1,0,1,0,1,0,0,0,12192.0,2,1,1,1,0,0,1,1,8.8,274.4,0,0,0,0,0,1
146600,62.972,-0.483,0,1,1,0,5.978,1.958,1,1,1,0,13.452,0.0,0,0.0,0,0,0,1,0,1,0,1,0,0,0,12192.0,2,1,1,1,0,0,1,1,7.8,269.5,0,0,0,0,0,1
146700,62.922,-0.498,0,1,1,0,6.18,2.019,1,1,1,0,13.452,0.0,0,0.0,0,0,0,1,0,1,0,1,0,0,0,12192.0,2,1,1,1,0,0,1,1,8.4,272.6,0,0,0,0,0,1
146800,62.871,-0.513,0,1,1,0,6.388,2.081,1,1,1,0,13.452,0.0,0,0.0,0,0,0,1,0,1,0,1,0,0,0,12192.0,2,1,1,1,0,0,1,1,8.5,268.9,0,0,0,0,0,1
146900,62.818,-0.528,0,1,1,0,6.602,2.142,1,1,1,0,13.452,0.0,0,0.0,0,0,0,1,0,1,0,1,0,0,0,12192.0,2,1,1,1,0,0,1,1,8.4,266.5,0,0,0,0,0,1
147000,62.764,-0.543,0,1,1,0,6.822,2.203,1,1,1,0,13.452,0.0,0,0.0,0,0,0,1,0,1,0,1,0,0,0,12192.0,2,1,1,1,0,0,1,1,8.4,268.7,0,0,0,0,0,1
147100,62.708,-0.558,0,1,1,0,7.049,2.264,1,1,1,0,13.452,0.0,0,0.0,0,0,0,1,0,1,0,1,0,0,0,12192.0,2,1,1,1,0,0,1,1,9.5,271.3,0,0,0,0,0,1
147200,62.65,-0.573,0,1,1,0,7.281,2.325,1,1,1,0,13.452,0.0,0,0.0,0,0,0,1,0,1,0,1,0,0,0,12192.0,2,1,1,1,0,0,1,1,9.0,267.9,0,0,0,0,0,1
147300,62.592,-0.588,0,1,1,0,7.52,2.386,1,1,1,0,13.452,0.0,0,0.0,0,0,0,1,0,1,0,1,0,0,0,12192.0,2,1,1,1,0,0,1,1,8.8,272.9,0,0,0,0,0,1
147400,62.531,-0.603,0,1,1,0,7.765,2.448,1,1,1,0,13.452,0.0,0,0.0,0,0,0,1,0,1,0,1,0,0,0,12192.0,2,1,1,1,0,0,1,1,7.8,272.6,0,0,0,0,0,1
147500,62.47,-0.618,0,1,1,0,8.015,2.509,1,1,1,0,13.452,0.0,0,0.0,0,0,0,1,0,1,0,1,0,0,0,12192.0,2,1,1,1,0,0,1,1,7.6,272.3,0,0,0,0,0,1
147600,62.406,-0.633,0,1,1,0,8.272,2.57,1,1,1,0,13.452,0.0,0,0.0,0,0,0,1,0,1,0,1,0,0,0,12192.0,2,1,1,1,0,0,1,1,7.7,270.2,0,0,0,0,0,1
147700,62.341,-0.648,0,1,1,0,8.536,2.631,1,1,1,0,13.452,0.0,0,0.0,0,0,0,1,0,1,0,1,0,0,0,12192.0,2,1,1,1,0,0,1,1,8.4,270.5,0,0,0,0,0,1
147800,62.275,-0.663,0,1,1,0,8.803,2.675,1,1,1,0,13.452,0.0,0,0.0,0,0,0,1,0,1,0,1,0,0,0,12192.0,2,1,1,1,0,0,1,1,8.9,271.5,0,0,0,0,0,1
147900,62.207,-0.679,0,1,1,0,9.064,2.613,1,1,1,0,13.452,0.0,0,0.0,0,0,0,1,0,1,0,1,0,0,0,12192.0,2,1,1,1,0,0,1,1,9.4,267.4,0,0,0,0,0,1
148000,62.138,-0.694,0,1,1,0,9.32,2.551,1,1,1,0,13.452,0.0,0,0.0,0,0,0,1,0,1,0,1,0,0,0,12192.0,2,1,1,1,0,0,1,1,7.5,271.2,0,0,0,0,0,1
148100,62.067,-0.709,0,1,1,0,9.568,2.489,1,1,1,0,13.452,0.0,0,0.0,0,0,0,1,0,1,0,1,0,0,0,12192.0,2,1,1,1,0,0,1,1,8.2,272.9,0,0,0,0,0,1
148200,61.996,-0.711,0,1,1,0,9.811,2.427,1,1,1,0,13.452,0.0,0,0.0,0,0,0,1,0,1,0,1,0,0,0,12192.0,2,1,1,1,0,0,1,1,8.4,270.7,0,0,0,0,0,1
148300,61.925,-0.711,0,1,1,0,10.048,2.365,1,1,1,0,13.452,0.0,0,0.0,0,0,0,1,0,1,0,1,0,0,0,12192.0,2,1,1,1,0,0,1,1,7.8,273.6,0,0,0,0,0,1
148400,61.854,-0.711,0,1,1,0,10.278,2.303,1,1,1,0,13.452,0.0,0,0.0,0,0,0,1,0,1,0,1,0,0,0,12192.0,2,1,1,1,0,0,1,1,7.8,270.9,0,0,0,0,0,1
148500,61.783,-0.711,0,1,1,0,10.502,2.241,1,1,1,0,13.452,0.0,0,0.0,0,0,0,1,0,1,0,1,0,0,0,12192.0,2,1,1,1,0,0,1,1,7.7,271.8,0,0,0,0,0,1
148600,61.712,-0.711,0,1,1,0,10.72,2.179,1,1,1,0,13.452,0.0,0,0.0,0,0,0,1,0,1,0,1,0,0,0,12192.0,2,1,1,1,0,0,1,1,8.0,271.5,0,0,0,0,0,1
148700,61.641,-0.711,0,1,1,0,10.932,2.117,1,1,1,0,13.452,0.0,0,0.0,0,0,0,1,0,1,0,1,0,0,0,12192.0,2,1,1,1,0,0,1,1,7.0,267.1,0,0,0,0,0,1
148800,61.57,-0.711,0,1,1,0,11.137,2.055,1,1,1,0,13.452,0.0,0,0.0,0,0,0,1,0,1,0,1,0,0,0,12192.0,2,1,1,1,0,0,1,1,8.0,271.8,0,0,0,0,0,1
148900,61.498,-0.711,0,1,1,0,11.337,1.993,1,1,1,0,13.452,0.0,0,0.0,0,0,0,1,0,1,0,1,0,0,0,12192.0,2,1,1,1,0,0,1,1,8.3,274.8,0,0,0,0,0,1
149000,61.427,-0.711,0,1,1,0,11.53,1.931,1,1,1,0,13.452,0.0,0,0.0,0,0,0,1,0,1,0,1,0,0,0,12192.0,2,1,1,1,0,0,1,1,8.2,271.8,0,0,0,0,0,1
149100,61.356,-0.711,0,1,1,0,11.717,1.869,1,1,1,0,13.452,0.0,0,0.0,0,0,0,1,0,1,0,1,0,0,0,12192.0,2,1,1,1,0,0,1,1,7.9,270.4,0,0,0,0,0,1
149200,61.285,-0.711,0,1,1,0,11.897,1.806,1,1,1,0,13.452,0.0,0,0.0,0,0,0,1,0,1,0,1,0,0,0,12192.0,2,1,1,1,0,0,1,1,7.6,272.2,0,0,0,0,0,1
149300,61.214,-0.711,0,1,1,0,12.072,1.744,1,1,1,0,13.452,0.0,0,0.0,0,0,0,1,0,1,0,1,0,0,0,12192.0,2,1,1,1,0,0,1,1,7.5,273.8,0,0,0,0,0,1
149400,61.143,-0.711,0,1,1,0,12.24,1.682,1,1,1,0,13.452,0.0,0,0.0,0,0,0,1,0,1,0,1,0,0,0,12192.0,2,1,1,1,0,0,1,1,8.3,270.9,0,0,0,0,0,1
149500,61.072,-0.711,0,1,1,0,12.402,1.62,1,1,1,0,13.452,0.0,0,0.0,0,0,0,1,0,1,0,1,0,0,0,12192.0,2,1,1,1,0,0,1,1,7.6,269.3,0,0,0,0,0,1
149600,61.001,-0.711,0,1,1,0,12.558,1.557,1,1,1,0,13.452,0.0,0,0.0,0,0,0,1,0,1,0,1,0,0,0,12192.0,2,1,1,1,0,0,1,1,7.5,273.4,0,0,0,0,0,1
149700,60.93,-0.711,0,1,1,0,12.707,1.495,1,1,1,0,13.452,0.0,0,0.0,0,0,0,1,0,1,0,1,0,0,0,12192.0,2,1,1,1,0,0,1,1,7.1,271.1,0,0,0,0,0,1
149800,60.859,-0.711,0,1,1,0,12.85,1.432,1,1,1,0,13.452,0.0,0,0.0,0,0,0,1,0,1,0,1,0,0,0,12192.0,2,1,1,1,0,0,1,1,7.5,271.0,0,0,0,0,0,1
149900,60.788,-0.711,0,1,1,0,12.987,1.37,1,1,1,0,13.452,0.0,0,0.0,0,0,0,1,0,1,0,1,0,0,0,12192.0,2,1,1,1,0,0,1,1,7.5,263.8,0,0,0,0,0,1
150000,60.717,-0.711,0,1,1,0,13.118,1.307,1,1,1,0,13.452,0.0,0,0.0,0,0,0,1,0,1,0,1,0,0,0,12192.0,2,1,1,1,0,0,1,1,6.4,267.3,0,0,0,0,0,1
150100,60.646,-0.711,0,1,1,0,13.242,1.244,1,1,1,0,13.452,0.0,0,0.0,0,0,0,1,0,1,0,1,0,0,0,12192.0,2,1,1,1,0,0,1,1,7.6,272.0,0,0,0,0,0,1
150200,60.575,-0.711,0,1,1,0,13.361,1.182,1,1,1,0,13.452,0.0,0,0.0,0,0,0,1,0,1,0,1,0,0,0,12192.0,2,1,1,1,0,0,1,1,6.7,268.5,0,0,0,0,0,1
150300,60.504,-0.711,0,1,1,0,13.472,1.119,1,1,1,0,13.452,0.0,0,0.0,0,0,0,1,0,1,0,1,0,0,0,12192.0,2,1,1,1,0,0,1,1,6.6,270.7,0,0,0,0,0,1
150400,60.433,-0.711,0,1,1,0,13.578,1.056,1,1,1,0,13.452,0.0,0,0.0,0,0,0,1,0,1,0,1,0,0,0,12192.0,2,1,1,1,0,0,1,1,7.2,272.6,0,0,0,0,0,1
150500,60.361,-0.711,0,1,1,0,13.677,0.993,1,1,1,0,13.452,0.0,0,0.0,0,0,0,1,0,1,0,1,0,0,0,12192.0,2,1,1,1,0,0,1,1,7.5,268.2,0,0,0,0,0,1
150600,60.29,-0.711,0,1,1,0,13.77,0.929,1,1,1,0,13.452,0.0,0,0.0,0,0,0,1,0,1,0,1,0,0,0,12192.0,2,1,1,1,0,0,1,1,8.2,273.9,0,0,0,0,0,1
150700,60.219,-0.711,0,1,1,0,13.857,0.866,1,1,1,0,13.452,0.0,0,0.0,0,0,0,1,0,1,0,1,0,0,0,12192.0,2,1,1,1,0,0,1,1,7.2,275.5,0,0,0,0,0,1
150800,60.148,-0.711,0,1,1,0,13.937,0.803,1,1,1,0,13.452,0.0,0,0.0,0,0,0,1,0,1,0,1,0,0,0,12192.0,2,1,1,1,0,0,1,1,7.1,272.2,0,0,0,0,0,1
150900,60.077,-0.711,0,1,1,0,14.011,0.739,1,1,1,0,13.452,0.0,0,0.0,0,0,0,1,0,1,0,1,0,0,0,12192.0,2,1,1,1,0,0,1,1,7.7,272.0,0,0,0,0,0,1
151000,60.006,-0.711,0,1,1,0,14.078,0.675,1,1,1,0,13.452,0.0,0,0.0,0,0,0,1,0,1,0,1,0,0,0,12192.0,2,1,1,1,0,0,1,1,7.2,265.4,0,0,0,0,0,1
151100,59.935,-0.711,0,1,1,0,14.14,0.611,1,1,1,0,13.452,0.0,0,0.0,0,0,0,1,0,1,0,1,0,0,0,12192.0,2,1,1,1,0,0,1,1,6.9,272.3,0,0,0,0,0,1
151200,59.864,-0.711,0,1,1,0,14.194,0.546,1,1,1,0,13.452,0.0,0,0.0,0,0,0,1,0,1,0,1,0,0,0,12192.0,2,1,1,1,0,0,1,1,7.5,273.0,0,0,0,0,0,1
151300,59.793,-0.711,0,1,1,0,14.242,0.481,1,1,1,0,13.452,0.0,0,0.0,0,0,0,1,0,1,0,1,0,0,0,12192.0,2,1,1,1,0,0,1,1,7.3,269.6,0,0,0,0,0,1
151400,59.722,-0.711,0,1,1,0,14.284,0.415,1,1,1,0,13.452,0.0,0,0.0,0,0,0,1,0,1,0,1,0,0,0,12192.0,2,1,1,1,0,0,1,1,7.4,266.0,0,0,0,0,0,1
151500,59.651,-0.711,0,1,1,0,14.319,0.349,1,1,1,0,13.452,0.0,0,0.0,0,0,0,1,0,1,0,1,0,0,0,12192.0,2,1,1,1,0,0,1,1,7.5,269.4,0,0,0,0,0,1
151600,59.58,-0.711,0,1,1,0,14.347,0.281,1,1,1,0,13.452,0.0,0,0.0,0,0,0,1,0,1,0,1,0,0,0,12192.0,2,1,1,1,0,0,1,1,8.0,271.4,0,0,0,0,0,1
151700,59.509,-0.711,0,1,1,0,14.368,0.211,1,1,1,0,13.452,0.0,0,0.0,0,0,0,1,0,1,0,1,0,0,0,12192.0,2,1,1,1,0,0,1,1,7.6,270.5,0,0,0,0,0,1
151800,59.438,-0.711,0,1,1,0,14.382,0.137,1,1,1,0,13.452,0.0,0,0.0,0,0,0,1,0,1,0,1,0,0,0,12192.0,2,1,1,1,0,0,1,1,6.9,269.9,0,0,0,0,0,1
151900,59.367,-0.711,0,1,1,0,14.388,0.0,0,0,1,0,13.452,0.0,0,0.0,0,0,0,1,0,1,0,1,0,0,0,12192.0,2,1,1,1,0,0,1,1,7.8,272.0,0,0,0,0,0,1
152000,59.296,-0.711,0,1,1,0,14.388,0.0,0,0,1,0,13.452,0.0,0,0.0,0,0,0,1,0,1,0,1,0,0,0,12192.0,2,1,1,1,0,0,1,1,7.8,274.5,0,0,0,0,0,1
152100,59.224,-0.711,0,1,1,0,14.388,0.0,0,0,1,0,13.452,0.0,0,0.0,0,0,0,1,0,1,0,1,0,0,0,12192.0,2,1,1,1,0,0,1,1,8.2,267.2,0,0,0,0,0,1
152200,59.153,-0.711,0,1,1,0,14.388,0.0,0,0,1,0,13.452,0.0,0,0.0,0,0,0,1,0,1,0,1,0,0,0,12192.0,2,1,1,1,0,0,1,1,8.2,273.4,0,0,0,0,0,1
152300,59.082,-0.711,0,1,1,0,14.388,0.0,0,0,1,0,13.452,0.0,0,0.0,0,0,0,1,0,1,0,1,0,0,0,12192.0,2,1,1,1,0,0,1,1,7.4,273.6,0,0,0,0,0,1
152400,59.011,-0.711,0,1,1,0,14.388,0.0,0,0,1,0,13.452,0.0,0,0.0,0,0,0,1,0,1,0,1,0,0,0,12192.0,2,1,1,1,0,0,1,1,7.9,268.5,0,0,0,0,0,1
152500,58.94,-0.711,0,1,1,0,14.388,0.0,0,0,1,0,13.452,0.0,0,0.0,0,0,0,1,0,1,0,1,0,0,0,12192.0,2,1,1,1,0,0,1,1,8.0,267.7,0,0,0,0,0,1
152600,58.869,-0.711,0,1,1,0,14.388,0.0,0,0,1,0,13.452,0.0,0,0.0,0,0,0,1,0,1,0,1,0,0,0,12192.0,2,1,1,1,0,0,1,1,8.2,273.3,0,0,0,0,0,1
152700,58.798,-0.711,0,1,1,0,14.388,0.0,0,0,1,0,13.452,0.0,0,0.0,0,0,0,1,0,1,0,1,0,0,0,12192.0,2,1,1,1,0,0,1,1,7.9,265.5,0,0,0,0,0,1
152800,58.727,-0.711,0,1,1,0,14.388,0.0,0,0,1,0,13.452,0.0,0,0.0,0,0,0,1,0,1,0,1,0,0,0,12192.0,2,1,1,1,0,0,1,1,8.4,270.1,0,0,0,0,0,1
152900,58.656,-0.711,0,1,1,0,14.388,0.0,0,0,1,0,13.452,0.0,0,0.0,0,0,0,1,0,1,0,1,0,0,0,12192.0,2,1,1,1,0,0,1,1,8.5,270.1,0,0,0,0,0,1
153000,58.585,-0.711,0,1,1,0,14.388,0.0,0,0,1,0,13.452,0.0,0,0.0,0,0,0,1,0,1,0,1,0,0,0,12192.0,2,1,1,1,0,0,1,1,8.3,269.6,0,0,0,0,0,1
153100,58.514,-0.711,0,1,1,0,14.388,0.0,0,0,1,0,13.452,0.0,0,0.0,0,0,0,1,0,1,0,1,0,0,0,12192.0,2,1,1,1,0,0,1,1,9.0,266.7,0,0,0,0,0,1
153200,58.443,-0.711,0,1,1,0,14.388,0.0,0,0,1,0,13.452,0.0,0,0.0,0,0,0,1,0,1,0,1,0,0,0,12192.0,2,1,1,1,0,0,1,1,8.5,269.1,0,0,0,0,0,1
153300,58.372,-0.711,0,1,1,0,14.388,0.0,0,0,1,0,13.452,0.0,0,0.0,0,0,0,1,0,1,0,1,0,0,0,12192.0,2,1,1,1,0,0,1,1,8.3,271.1,0,0,0,0,0,1
153400,58.301,-0.711,0,1,1,0,14.388,0.0,0,0,1,0,13.452,0.0,0,0.0,0,0,0,1,0,1,0,1,0,0,0,12192.0,2,1,1,1,0,0,1,1,8.1,274.7,0,0,0,0,0,1
153500,58.23,-0.711,0,1,1,0,14.388,0.0,0,0,1,0,13.452,0.0,0,0.0,0,0,0,1,0,1,0,1,0,0,0,12192.0,2,1,1,1,0,0,1,1,8.2,269.9,0,0,0,0,0,1
153600,58.159,-0.711,0,1,1,0,14.388,0.0,0,0,1,0,13.452,0.0,0,0.0,0,0,0,1,0,1,0,1,0,0,0,12192.0,2,1,1,1,0,0,1,1,8.6,269.9,0,0,0,0,0,1
153700,58.087,-0.711,0,1,1,0,14.388,0.0,0,0,1,0,13.452,0.0,0,0.0,0,0,0,1,0,1,0,1,0,0,0,12192.0,2,1,1,1,0,0,1,1,8.2,274.4,0,0,0,0,0,1
153800,58.016,-0.711,0,1,1,0,14.388,0.0,0,0,1,0,13.452,0.0,0,0.0,0,0,0,1,0,1,0,1,0,0,0,12192.0,2,1,1,1,0,0,1,1,9.1,269.8,0,0,0,0,0,1
153900,57.945,-0.711,0,1,1,0,14.388,0.0,0,0,1,0,13.452,0.0,0,0.0,0,0,0,1,0,1,0,1,0,0,0,12192.0,2,1,1,1,0,0,1,1,8.4,271.4,0,0,0,0,0,1
154000,57.874,-0.711,0,1,1,0,14.388,0.0,0,0,1,0,13.452,0.0,0,0.0,0,0,0,1,0,1,0,1,0,0,0,12192.0,2,1,1,1,0,0,1,1,9.0,271.6,0,0,0,0,0,1
154100,57.803,-0.711,0,1,1,0,14.388,0.0,0,0,1,0,13.452,0.0,0,0.0,0,0,0,1,0,1,0,1,0,0,0,12192.0,2,1,1,1,0,0,1,1,8.8,271.4,0,0,0,0,0,1
154200,57.732,-0.711,0,1,1,0,14.388,0.0,0,0,1,0,13.452,0.0,0,0.0,0,0,0,1,0,1,0,1,0,0,0,12192.0,2,1,1,1,0,0,1,1,8.8,266.1,0,0,0,0,0,1
154300,57.661,-0.711,0,1,1,0,14.388,0.0,0,0,1,0,13.452,0.0,0,0.0,0,0,0,1,0,1,0,1,0,0,0,12192.0,2,1,1,1,0,0,1,1,9.0,266.7,0,0,0,0,0,1
154400,57.59,-0.711,0,1,1,0,14.388,0.0,0,0,1,0,13.452,0.0,0,0.0,0,0,0,1,0,1,0,1,0,0,0,12192.0,2,1,1,1,0,0,1,1,8.0,268.1,0,0,0,0,0,1
154500,57.519,-0.711,0,1,1,0,14.388,0.0,0,0,1,0,13.452,0.0,0,0.0,0,0,0,1,0,1,0,1,0,0,0,12192.0,2,1,1,1,0,0,1,1,7.9,268.6,0,0,0,0,0,1
154600,57.448,-0.711,0,1,1,0,14.388,0.0,0,0,1,0,13.452,0.0,0,0.0,0,0,0,1,0,1,0,1,0,0,0,12192.0,2,1,1,1,0,0,1,1,8.5,266.8,0,0,0,0,0,1
154700,57.377,-0.711,0,1,1,0,14.388,0.0,0,0,1,0,13.452,0.0,0,0.0,0,0,0,1,0,1,0,1,0,0,0,12192.0,2,1,1,1,0,0,1,1,8.2,267.5,0,0,0,0,0,1
154800,57.306,-0.711,0,1,1,0,14.388,0.0,0,0,1,0,13.452,0.0,0,0.0,0,0,0,1,0,1,0,1,0,0,0,12192.0,2,1,1,1,0,0,1,1,8.2,268.4,0,0,0,0,0,1
154900,57.235,-0.711,0,1,1,0,14.388,0.0,0,0,1,0,13.452,0.0,0,0.0,0,0,0,1,0,1,0,1,0,0,0,12192.0,2,1,1,1,0,0,1,1,8.2,266.6,0,0,0,0,0,1
155000,57.164,-0.711,0,1,1,0,14.388,0.0,0,0,1,0,13.452,0.0,0,0.0,0,0,0,1,0,1,0,1,0,0,0,12192.0,2,1,1,1,0,0,1,1,8.9,273.3,0,0,0,0,0,1
155100,57.093,-0.711,0,1,1,0,14.388,0.0,0,0,1,0,13.452,0.0,0,0.0,0,0,0,1,0,1,0,1,0,0,0,12192.0,2,1,1,1,0,0,1,1,8.0,274.1,0,0,0,0,0,1
155200,57.022,-0.711,0,1,1,0,14.388,0.0,0,0,1,0,13.452,0.0,0,0.0,0,0,0,1,0,1,0,1,0,0,0,12192.0,2,1,1,1,0,0,1,1,9.0,268.8,0,0,0,0,0,1
155300,56.95,-0.711,0,1,1,0,14.388,0.0,0,0,1,0,13.452,0.0,0,0.0,0,0,0,1,0,1,0,1,0,0,0,12192.0,2,1,1,1,0,0,1,1,8.9,265.2,0,0,0,0,0,1
155400,56.879,-0.711,0,1,1,0,14.388,0.0,0,0,1,0,13.452,0.0,0,0.0,0,0,0,1,0,1,0,1,0,0,0,12192.0,2,1,1,1,0,0,1,1,8.4,272.1,0,0,0,0,0,1
155500,56.808,-0.711,0,1,1,0,14.388,0.0,0,0,1,0,13.452,0.0,0,0.0,0,0,0,1,0,1,0,1,0,0,0,12192.0,2,1,1,1,0,0,1,1,7.7,269.5,0,0,0,0,0,1
155600,56.737,-0.711,0,1,1,0,14.388,0.0,0,0,1,0,13.452,0.0,0,0.0,0,0,0,1,0,1,0,1,0,0,0,12192.0,2,1,1,1,0,0,1,1,8.6,264.4,0,0,0,0,0,1
155700,56.666,-0.711,0,1,1,0,14.388,0.0,0,0,1,0,13.452,0.0,0,0.0,0,0,0,1,0,1,0,1,0,0,0,12192.0,2,1,1,1,0,0,1,1,8.1,271.2,0,0,0,0,0,1
155800,56.595,-0.711,0,1,1,0,14.388,0.0,0,0,1,0,13.452,0.0,0,0.0,0,0,0,1,0,1,0,1,0,0,0,12192.0,2,1,1,1,0,0,1,1,8.6,266.9,0,0,0,0,0,1
155900,56.524,-0.711,0,1,1,0,14.388,0.0,0,0,1,0,13.452,0.0,0,0.0,0,0,0,1,0,1,0,1,0,0,0,12192.0,2,1,1,1,0,0,1,1,7.9,268.4,0,0,0,0,0,1
156000,56.453,-0.711,0,1,1,0,14.388,0.0,0,0,1,0,13.452,0.0,0,0.0,0,0,0,1,0,1,0,1,0,0,0,12192.0,2,1,1,1,0,0,1,1,8.1,275.8,0,0,0,0,0,1
156100,56.382,-0.711,0,1,1,0,14.388,0.0,0,0,1,0,13.452,0.0,0,0.0,0,0,0,1,0,1,0,1,0,0,0,12192.0,2,1,1,1,0,0,1,1,9.3,265.7,0,0,0,0,0,1
156200,56.311,-0.711,0,1,1,0,14.388,0.0,0,0,1,0,13.452,0.0,0,0.0,0,0,0,1,0,1,0,1,0,0,0,12192.0,2,1,1,1,0,0,1,1,8.4,267.0,0,0,0,0,0,1
156300,56.24,-0.711,0,1,1,0,14.388,0.0,0,0,1,0,13.452,0.0,0,0.0,0,0,0,1,0,1,0,1,0,0,0,12192.0,2,1,1,1,0,0,1,1,8.8,273.5,0,0,0,0,0,1
156400,56.169,-0.711,0,1,1,0,14.388,0.0,0,0,1,0,13.452,0.0,0,0.0,0,0,0,1,0,1,0,1,0,0,0,12192.0,2,1,1,1,0,0,1,1,8.6,272.2,0,0,0,0,0,1
156500,56.098,-0.711,0,1,1,0,14.388,0.0,0,0,1,0,13.452,0.0,0,0.0,0,0,0,1,0,1,0,1,0,0,0,12192.0,2,1,1,1,0,0,1,1,7.7,268.6,0,0,0,0,0,1
156600,56.027,-0.711,0,1,1,0,14.388,0.0,0,0,1,0,13.452,0.0,0,0.0,0,0,0,1,0,1,0,1,0,0,0,12192.0,2,1,1,1,0,0,1,1,8.0,269.1,0,0,0,0,0,1
156700,55.956,-0.711,0,1,1,0,14.388,0.0,0,0,1,0,13.452,0.0,0,0.0,0,0,0,1,0,1,0,1,0,0,0,12192.0,2,1,1,1,0,0,1,1,7.9,265.1,0,0,0,0,0,1
156800,55.885,-0.711,0,1,1,0,14.388,0.0,0,0,1,0,13.452,0.0,0,0.0,0,0,0,1,0,1,0,1,0,0,0,12192.0,2,1,1,1,0,0,1,1,8.3,270.8,0,0,0,0,0,1
156900,55.813,-0.711,0,1,1,0,14.388,0.0,0,0,1,0,13.452,0.0,0,0.0,0,0,0,1,0,1,0,1,0,0,0,12192.0,2,1,1,1,0,0,1,1,8.3,273.8,0,0,0,0,0,1
157000,55.742,-0.711,0,1,1,0,14.388,0.0,0,0,1,0,13.452,0.0,0,0.0,0,0,0,1,0,1,0,1,0,0,0,12192.0,2,1,1,1,0,0,1,1,7.8,266.8,0,0,0,0,0,1
157100,55.671,-0.711,0,1,1,0,14.388,0.0,0,0,1,0,13.452,0.0,0,0.0,0,0,0,1,0,1,0,1,0,0,0,12192.0,2,1,1,1,0,0,1,1,8.3,266.5,0,0,0,0,0,1
157200,55.6,-0.711,0,1,1,0,14.388,0.0,0,0,1,0,13.452,0.0,0,0.0,0,0,0,1,0,1,0,1,0,0,0,12192.0,2,1,1,1,0,0,1,1,7.6,269.2,0,0,0,0,0,1
157300,55.529,-0.711,0,1,1,0,14.388,0.0,0,0,1,0,13.452,0.0,0,0.0,0,0,0,1,0,1,0,1,0,0,0,12192.0,2,1,1,1,0,0,1,1,8.2,270.0,0,0,0,0,0,1
157400,55.458,-0.711,0,1,1,0,14.388,0.0,0,0,1,0,13.452,0.0,0,0.0,0,0,0,1,0,1,0,1,0,0,0,12192.0,2,1,1,1,0,0,1,1,7.5,268.9,0,0,0,0,0,1
157500,55.387,-0.711,0,1,1,0,14.388,0.0,0,0,1,0,13.452,0.0,0,0.0,0,0,0,1,0,1,0,1,0,0,0,12192.0,2,1,1,1,0,0,1,1,7.6,271.9,0,0,0,0,0,1
157600,55.316,-0.711,0,1,1,0,14.388,0.0,0,0,1,0,13.452,0.0,0,0.0,0,0,0,1,0,1,0,1,0,0,0,12192.0,2,1,1,1,0,0,1,1,8.1,273.5,0,0,0,0,0,1
157700,55.245,-0.711,0,1,1,0,14.388,0.0,0,0,1,0,13.452,0.0,0,0.0,0,0,0,1,0,1,0,1,0,0,0,12192.0,2,1,1,1,0,0,1,1,8.0,268.2,0,0,0,0,0,1
157800,55.174,-0.711,0,1,1,0,14.388,0.0,0,0,1,0,13.452,0.0,0,0.0,0,0,0,1,0,1,0,1,0,0,0,12192.0,2,1,1,1,0,0,1,1,7.4,261.8,0,0,0,0,0,1
157900,55.103,-0.711,0,1,1,0,14.388,0.0,0,0,1,0,13.452,0.0,0,0.0,0,0,0,1,0,1,0,1,0,0,0,12192.0,2,1,1,1,0,0,1,1,8.4,272.5,0,0,0,0,0,1
158000,55.032,-0.711,0,1,1,0,14.388,0.0,0,0,1,0,13.452,0.0,0,0.0,0,0,0,1,0,1,0,1,0,0,0,12192.0,2,1,1,1,0,0,1,1,8.2,270.7,0,0,0,0,0,1
158100,54.961,-0.711,0,1,1,0,14.388,0.0,0,0,1,0,13.452,0.0,0,0.0,0,0,0,1,0,1,0,1,0,0,0,12192.0,2,1,1,1,0,0,1,1,8.1,266.2,0,0,0,0,0,1
158200,54.89,-0.711,0,1,1,0,14.388,0.0,0,0,1,0,13.452,0.0,0,0.0,0,0,0,1,0,1,0,1,0,0,0,12192.0,2,1,1,1,0,0,1,1,7.9,267.9,0,0,0,0,0,1
158300,54.819,-0.711,0,1,1,0,14.388,0.0,0,0,1,0,13.452,0.0,0,0.0,0,0,0,1,0,1,0,1,0,0,0,12192.0,2,1,1,1,0,0,1,1,7.9,272.4,0,0,0,0,0,1
158400,54.748,-0.711,0,1,1,0,14.388,0.0,0,0,1,0,13.452,0.0,0,0.0,0,0,0,1,0,1,0,1,0,0,0,12192.0,2,1,1,1,0,0,1,1,7.3,272.1,0,0,0,0,0,1
158500,54.676,-0.711,0,1,1,0,14.388,0.0,0,0,1,0,13.452,0.0,0,0.0,0,0,0,1,0,1,0,1,0,0,0,12192.0,2,1,1,1,0,0,1,1,7.3,268.6,0,0,0,0,0,1
158600,54.605,-0.711,0,1,1,0,14.388,0.0,0,0,1,0,13.452,0.0,0,0.0,0,0,0,1,0,1,0,1,0,0,0,12192.0,2,1,1,1,0,0,1,1,6.8,269.6,0,0,0,0,0,1
158700,54.534,-0.711,0,1,1,0,14.388,0.0,0,0,1,0,13.452,0.0,0,0.0,0,0,0,1,0,1,0,1,0,0,0,12192.0,2,1,1,1,0,0,1,1,7.2,269.2,0,0,0,0,0,1
158800,54.463,-0.711,0,1,1,0,14.388,0.0,0,0,1,0,13.452,0.0,0,0.0,0,0,0,1,0,1,0,1,0,0,0,12192.0,2,1,1,1,0,0,1,1,7.3,268.6,0,0,0,0,0,1
158900,54.392,-0.711,0,1,1,0,14.388,0.0,0,0,1,0,13.452,0.0,0,0.0,0,0,0,1,0,1,0,1,0,0,0,12192.0,2,1,1,1,0,0,1,1,7.6,267.2,0,0,0,0,0,1
159000,54.321,-0.711,0,1,1,0,14.388,0.0,0,0,1,0,13.452,0.0,0,0.0,0,0,0,1,0,1,0,1,0,0,0,12192.0,2,1,1,1,0,0,1,1,8.2,267.5,0,0,0,0,0,1
159100,54.25,-0.711,0,1,1,0,14.388,0.0,0,0,1,0,13.452,0.0,0,0.0,0,0,0,1,0,1,0,1,0,0,0,12192.0,2,1,1,1,0,0,1,1,7.4,267.6,0,0,0,0,0,1
159200,54.179,-0.711,0,1,1,0,14.388,0.0,0,0,1,0,13.452,0.0,0,0.0,0,0,0,1,0,1,0,1,0,0,0,12192.0,2,1,1,1,0,0,1,1,7.6,267.7,0,0,0,0,0,1
159300,54.108,-0.711,0,1,1,0,14.388,0.0,0,0,1,0,13.452,0.0,0,0.0,0,0,0,1,0,1,0,1,0,0,0,12192.0,2,1,1,1,0,0,1,1,7.2,270.4,0,0,0,0,0,1
159400,54.037,-0.711,0,1,1,0,14.388,0.0,0,0,1,0,13.452,0.0,0,0.0,0,0,0,1,0,1,0,1,0,0,0,12192.0,2,1,1,1,0,0,1,1,7.5,268.0,0,0,0,0,0,1
159500,53.966,-0.711,0,1,1,0,14.388,0.0,0,0,1,0,13.452,0.0,0,0.0,0,0,0,1,0,1,0,1,0,0,0,12192.0,2,1,1,1,0,0,1,1,7.7,269.2,0,0,0,0,0,1
159600,53.895,-0.711,0,1,1,0,14.388,0.0,0,0,1,0,13.452,0.0,0,0.0,0,0,0,1,0,1,0,1,0,0,0,12192.0,2,1,1,1,0,0,1,1,6.6,268.7,0,0,0,0,0,1
159700,53.824,-0.711,0,1,1,0,14.388,0.0,0,0,1,0,13.452,0.0,0,0.0,0,0,0,1,0,1,0,1,0,0,0,12192.0,2,1,1,1,0,0,1,1,7.1,271.5,0,0,0,0,0,1
159800,53.753,-0.711,0,1,1,0,14.388,0.0,0,0,1,0,13.452,0.0,0,0.0,0,0,0,1,0,1,0,1,0,0,0,12192.0,2,1,1,1,0,0,1,1,7.4,266.3,0,0,0,0,0,1
159900,53.682,-0.711,0,1,1,0,14.388,0.0,0,0,1,0,13.452,0.0,0,0.0,0,0,0,1,0,1,0,1,0,0,0,12192.0,2,1,1,1,0,0,1,1,7.3,270.3,0,0,0,0,0,1
160000,53.611,-0.711,0,1,1,0,14.388,0.0,0,0,1,0,13.452,0.0,0,0.0,0,0,0,1,0,1,0,1,0,0,0,12192.0,2,1,1,1,0,0,1,1,7.8,270.3,0,0,0,0,0,1
160100,53.539,-0.711,0,1,1,0,14.388,0.0,0,0,1,0,13.452,0.0,0,0.0,0,0,0,1,0,1,0,1,0,0,0,12192.0,2,1,1,1,0,0,1,1,8.0,271.1,0,0,0,0,0,1
160200,53.468,-0.711,0,1,1,0,14.388,0.0,0,0,1,0,13.452,0.0,0,0.0,0,0,0,1,0,1,0,1,0,0,0,12192.0,2,1,1,1,0,0,1,1,7.2,269.4,0,0,0,0,0,1
160300,53.397,-0.711,0,1,1,0,14.388,0.0,0,0,1,0,13.452,0.0,0,0.0,0,0,0,1,0,1,0,1,0,0,0,12192.0,2,1,1,1,0,0,1,1,7.6,273.3,0,0,0,0,0,1
160400,53.326,-0.711,0,1,1,0,14.388,0.0,0,0,1,0,13.452,0.0,0,0.0,0,0,0,1,0,1,0,1,0,0,0,12192.0,2,1,1,1,0,0,1,1,7.5,265.4,0,0,0,0,0,1
160500,53.255,-0.711,0,1,1,0,14.388,0.0,0,0,1,0,13.452,0.0,0,0.0,0,0,0,1,0,1,0,1,0,0,0,12192.0,2,1,1,1,0,0,1,1,7.4,271.1,0,0,0,0,0,1
160600,53.184,-0.711,0,1,1,0,14.388,0.0,0,0,1,0,13.452,0.0,0,0.0,0,0,0,1,0,1,0,1,0,0,0,12192.0,2,1,1,1,0,0,1,1,7.8,271.9,0,0,0,0,0,1
160700,53.113,-0.711,0,1,1,0,14.388,0.0,0,0,1,0,13.452,0.0,0,0.0,0,0,0,1,0,1,0,1,0,0,0,12192.0,2,1,1,1,0,0,1,1,7.8,270.6,0,0,0,0,0,1
160800,53.042,-0.711,0,1,1,0,14.388,0.0,0,0,1,0,13.452,0.0,0,0.0,0,0,0,1,0,1,0,1,0,0,0,12192.0,2,1,1,1,0,0,1,1,8.4,270.2,0,0,0,0,0,1
160900,52.971,-0.711,0,1,1,0,14.388,0.0,0,0,1,0,13.452,0.0,0,0.0,0,0,0,1,0,1,0,1,0,0,0,12192.0,2,1,1,1,0,0,1,1,7.6,276.7,0,0,0,0,0,1
161000,52.901,-0.696,0,1,1,0,14.388,0.0,0,0,1,0,13.452,0.0,0,0.0,0,0,0,1,0,1,0,1,0,0,0,12192.0,2,1,1,1,0,0,1,1,7.8,270.7,0,0,0,0,0,1
161100,52.833,-0.68,0,1,1,0,14.388,0.0,0,0,1,0,13.452,0.0,0,0.0,0,0,0,1,0,1,0,1,0,0,0,12192.0,2,1,1,1,0,0,1,1,8.0,267.9,0,0,0,0,0,1
161200,52.767,-0.665,0,1,1,0,14.388,0.0,0,0,1,0,13.452,0.0,0,0.0,0,0,0,1,0,1,0,1,0,0,0,12192.0,2,1,1,1,0,0,1,1,7.5,269.5,0,0,0,0,0,1
161300,52.702,-0.65,0,1,1,0,14.388,0.0,0,0,1,0,13.452,0.0,0,0.0,0,0,0,1,0,1,0,1,0,0,0,12192.0,2,1,1,1,0,0,1,1,6.6,269.4,0,0,0,0,0,1
161400,52.638,-0.635,0,1,1,0,14.388,0.0,0,0,1,0,13.452,0.0,0,0.0,0,0,0,1,0,1,0,1,0,0,0,12192.0,2,1,1,1,0,0,1,1,8.0,267.3,0,0,0,0,0,1
161500,52.576,-0.62,0,1,1,0,14.388,0.0,0,0,1,0,13.452,0.0,0,0.0,0,0,0,1,0,1,0,1,0,0,0,12192.0,2,1,1,1,0,0,1,1,7.8,271.7,0,0,0,0,0,1
161600,52.516,-0.605,0,1,1,0,14.388,0.0,0,0,1,0,13.452,0.0,0,0.0,0,0,0,1,0,1,0,1,0,0,0,12192.0,2,1,1,1,0,0,1,1,7.2,268.8,0,0,0,0,0,1
161700,52.457,-0.59,0,1,1,0,14.388,0.0,0,0,1,0,13.452,0.0,0,0.0,0,0,0,1,0,1,0,1,0,0,0,12192.0,2,1,1,1,0,0,1,1,9.1,271.2,0,0,0,0,0,1
161800,52.398,-0.59,0,1,1,0,14.388,0.0,0,0,1,0,13.452,0.0,0,0.0,0,0,0,1,0,1,0,1,0,0,0,12192.0,2,1,1,1,0,0,1,1,8.1,266.6,0,0,0,0,0,1
161900,52.34,-0.575,0,1,1,0,14.388,0.0,0,0,1,0,13.452,0.0,0,0.0,0,0,0,1,0,1,0,1,0,0,0,12192.0,2,1,1,1,0,0,1,1,8.4,270.4,0,0,0,0,0,1
162000,52.284,-0.56,0,1,1,0,14.388,0.0,0,0,1,0,13.452,0.0,0,0.0,0,0,0,1,0,1,0,1,0,0,0,12192.0,2,1,1,1,0,0,1,1,8.5,276.0,0,0,0,0,0,1
162100,52.23,-0.544,0,1,1,0,14.388,0.0,0,0,1,0,13.452,0.0,0,0.0,0,0,0,1,0,1,0,1,0,0,0,12192.0,2,1,1,1,0,0,1,1,8.5,267.2,0,0,0,0,0,1
162200,52.177,-0.529,0,1,1,0,14.388,0.0,0,0,1,0,13.452,0.0,0,0.0,0,0,0,1,0,1,0,1,0,0,0,12192.0,2,1,1,1,0,0,1,1,8.5,270.8,0,0,0,0,0,1
162300,52.126,-0.514,0,1,1,0,14.388,0.0,0,0,1,0,13.452,0.0,0,0.0,0,0,0,1,0,1,0,1,0,0,0,12192.0,2,1,1,1,0,0,1,1,8.4,271.9,0,0,0,0,0,1
162400,52.076,-0.498,0,1,1,0,14.388,0.0,0,0,1,0,13.452,0.0,0,0.0,0,0,0,1,0,1,0,1,0,0,0,12192.0,2,1,1,1,0,0,1,1,8.9,272.1,0,0,0,0,0,1
162500,52.027,-0.483,0,1,1,0,14.388,0.0,0,0,1,0,13.452,0.0,0,0.0,0,0,0,1,0,1,0,1,0,0,0,12192.0,2,1,1,1,0,0,1,1,8.4,265.8,0,0,0,0,0,1
162600,51.981,-0.468,0,1,1,0,14.388,0.0,0,0,1,0,13.452,0.0,0,0.0,0,0,0,1,0,1,0,1,0,0,0,12192.0,2,1,1,1,0,0,1,1,8.8,268.4,0,0,0,0,0,1
162700,51.935,-0.452,0,1,1,0,14.388,0.0,0,0,1,0,13.452,0.0,0,0.0,0,0,0,1,0,1,0,1,0,0,0,12192.0,2,1,1,1,0,0,1,1,7.9,271.7,0,0,0,0,0,1
162800,51.892,-0.437,0,1,1,0,14.388,0.0,0,0,1,0,13.452,0.0,0,0.0,0,0,0,1,0,1,0,1,0,0,0,12192.0,2,1,1,1,0,0,1,1,9.1,269.8,0,0,0,0,0,1
162900,51.85,-0.422,0,1,1,0,14.388,0.0,0,0,1,0,13.452,0.0,0,0.0,0,0,0,1,0,1,0,1,0,0,0,12192.0,2,1,1,1,0,0,1,1,8.4,269.8,0,0,0,0,0,1
163000,51.809,-0.406,0,1,1,0,14.388,0.0,0,0,1,0,13.452,0.0,0,0.0,0,0,0,1,0,1,0,1,0,0,0,12192.0,2,1,1,1,0,0,1,1,8.0,269.0,0,0,0,0,0,1
163100,51.77,-0.391,0,1,1,0,14.388,0.0,0,0,1,0,13.452,0.0,0,0.0,0,0,0,1,0,1,0,1,0,0,0,12192.0,2,1,1,1,0,0,1,1,7.9,267.5,0,0,0,0,0,1
163200,51.732,-0.376,0,1,1,0,14.388,0.0,0,0,1,0,13.452,0.0,0,0.0,0,0,0,1,0,1,0,1,0,0,0,12192.0,2,1,1,1,0,0,1,1,8.6,268.5,0,0,0,0,0,1
163300,51.696,-0.36,0,1,1,0,14.388,0.0,0,0,1,0,13.452,0.0,0,0.0,0,0,0,1,0,1,0,1,0,0,0,12192.0,2,1,1,1,0,0,1,1,8.6,269.6,0,0,0,0,0,1
163400,51.662,-0.345,0,1,1,0,14.388,0.0,0,0,1,0,13.452,0.0,0,0.0,0,0,0,1,0,1,0,1,0,0,0,12192.0,2,1,1,1,0,0,1,1,9.1,268.4,0,0,0,0,0,1
163500,51.629,-0.329,0,1,1,0,14.388,0.0,0,0,1,0,13.452,0.0,0,0.0,0,0,0,1,0,1,0,1,0,0,0,12192.0,2,1,1,1,0,0,1,1,8.8,269.7,0,0,0,0,0,1
163600,51.598,-0.314,0,1,1,0,14.388,0.0,0,0,1,0,13.452,0.0,0,0.0,0,0,0,1,0,1,0,1,0,0,0,12192.0,2,1,1,1,0,0,1,1,8.3,268.1,0,0,0,0,0,1
163700,51.568,-0.298,0,1,1,0,14.388,0.0,0,0,1,0,13.452,0.0,0,0.0,0,0,0,1,0,1,0,1,0,0,0,12192.0,2,1,1,1,0,0,1,1,8.4,270.8,0,0,0,0,0,1
163800,51.539,-0.283,0,1,1,0,14.388,0.0,0,0,1,0,13.452,0.0,0,0.0,0,0,0,1,0,1,0,1,0,0,0,12192.0,2,1,1,1,0,0,1,1,9.1,273.6,0,0,0,0,0,1
163900,51.513,-0.267,0,1,1,0,14.388,0.0,0,0,1,0,13.452,0.0,0,0.0,0,0,0,1,0,1,0,1,0,0,0,12192.0,2,1,1,1,0,0,1,1,9.1,270.5,0,0,0,0,0,1
164000,51.487,-0.252,0,1,1,0,14.388,0.0,0,0,1,0,13.452,0.0,0,0.0,0,0,0,1,0,1,0,1,0,0,0,12192.0,2,1,1,1,0,0,1,1,9.2,269.1,0,0,0,0,0,1
164100,51.464,-0.236,0,1,1,0,14.388,0.0,0,0,1,0,13.452,0.0,0,0.0,0,0,0,1,0,1,0,1,0,0,0,12192.0,2,1,1,1,0,0,1,1,8.5,270.7,0,0,0,0,0,1
164200,51.442,-0.221,0,1,1,0,14.388,0.0,0,0,1,0,13.452,0.0,0,0.0,0,0,0,1,0,1,0,1,0,0,0,12192.0,2,1,1,1,0,0,1,1,8.4,267.1,0,0,0,0,0,1
164300,51.421,-0.205,0,1,1,0,14.388,0.0,0,0,1,0,13.452,0.0,0,0.0,0,0,0,1,0,1,0,1,0,0,0,12192.0,2,1,1,1,0,0,1,1,9.1,271.4,0,0,0,0,0,1
164400,51.402,-0.189,0,1,1,0,14.388,0.0,0,0,1,0,13.452,0.0,0,0.0,0,0,0,1,0,1,0,1,0,0,0,12192.0,2,1,1,1,0,0,1,1,8.4,268.0,0,0,0,0,0,1
164500,51.385,-0.174,0,1,1,0,14.388,0.0,0,0,1,0,13.452,0.0,0,0.0,0,0,0,1,0,1,0,1,0,0,0,12192.0,2,1,1,1,0,0,1,1,8.2,270.3,0,0,0,0,0,1
164600,51.369,-0.158,0,1,1,0,14.388,0.0,0,0,1,0,13.452,0.0,0,0.0,0,0,0,1,0,1,0,1,0,0,0,12192.0,2,1,1,1,0,0,1,1,8.8,272.5,0,0,0,0,0,1
164700,51.355,-0.142,0,1,1,0,14.388,0.0,0,0,1,0,13.452,0.0,0,0.0,0,0,0,1,0,1,0,1,0,0,0,12192.0,2,1,1,1,0,0,1,1,8.0,267.5,0,0,0,0,0,1
164800,51.342,-0.126,0,1,1,0,14.388,0.0,0,0,1,0,13.452,0.0,0,0.0,0,0,0,1,0,1,0,1,0,0,0,12192.0,2,1,1,1,0,0,1,1,8.2,266.8,0,0,0,0,0,1
164900,51.331,-0.11,0,1,1,0,14.388,0.0,0,0,1,0,13.452,0.0,0,0.0,0,0,0,1,0,1,0,1,0,0,0,12192.0,2,1,1,1,0,0,1,1,8.6,268.7,0,0,0,0,0,1
165000,51.322,-0.094,0,1,1,0,14.388,0.0,0,0,1,0,13.452,0.0,0,0.0,0,0,0,1,0,1,0,1,0,0,0,12192.0,2,1,1,1,0,0,1,1,9.4,269.5,0,0,0,0,0,1
165100,51.314,-0.077,0,1,1,0,14.388,0.0,0,0,1,0,13.452,0.0,0,0.0,0,0,0,1,0,1,0,1,0,0,0,12192.0,2,1,1,1,0,0,1,1,8.7,274.5,0,0,0,0,0,1
165200,51.308,-0.06,0,1,1,0,14.388,0.0,0,0,1,0,13.452,0.0,0,0.0,0,0,0,1,0,1,0,1,0,0,0,12192.0,2,1,1,1,0,0,1,1,8.0,271.0,0,0,0,0,0,1
165300,51.304,-0.043,0,1,1,0,14.388,0.0,0,0,1,0,13.452,0.0,0,0.0,0,0,0,1,0,1,0,1,0,0,0,12192.0,2,1,1,1,0,0,1,1,7.9,271.8,0,0,0,0,0,1
165400,51.302,-0.023,0,1,1,0,14.388,0.0,0,0,1,0,13.447,-0.051,0,0.0,0,0,1,1,0,1,0,1,0,0,0,12192.0,2,1,1,1,0,0,1,1,8.3,275.2,0,0,0,0,0,1
165500,51.301,0.0,0,0,1,0,14.388,0.0,0,0,1,0,13.437,-0.102,0,0.0,0,0,1,1,0,1,0,1,0,0,0,12192.0,2,1,1,1,0,0,1,1,8.5,266.6,0,0,0,0,0,1
165600,51.301,0.0,0,0,1,0,14.388,0.0,0,0,1,0,13.422,-0.152,0,0.0,0,0,1,1,0,1,0,1,0,0,0,12192.0,2,1,1,1,0,0,1,1,8.8,267.1,0,0,0,0,0,1
165700,51.301,0.0,0,0,1,0,14.388,0.0,0,0,1,0,13.401,-0.203,0,0.0,0,0,1,1,0,1,0,1,0,0,0,12192.0,2,1,1,1,0,0,1,1,9.2,265.4,0,0,0,0,0,1
165800,51.301,0.0,0,0,1,0,14.388,0.0,0,0,1,0,13.376,-0.254,0,0.0,0,0,1,1,0,1,0,1,0,0,0,12192.0,2,1,1,1,0,0,1,1,8.2,269.6,0,0,0,0,0,1
165900,51.301,0.0,0,0,1,0,14.388,0.0,0,0,1,0,13.345,-0.305,0,0.0,0,0,1,1,0,1,0,1,0,0,0,12192.0,2,1,1,1,0,0,1,1,8.3,274.4,0,0,0,0,0,1
166000,51.301,0.0,0,0,1,0,14.388,0.0,0,0,1,0,13.31,-0.356,0,0.0,0,0,1,1,0,1,0,1,0,0,0,12192.0,2,1,1,1,0,0,1,1,8.5,268.7,0,0,0,0,0,1
166100,51.301,0.0,0,0,1,0,14.388,0.0,0,0,1,0,13.269,-0.407,0,0.0,0,0,1,1,0,1,0,1,0,0,0,12192.0,2,1,1,1,0,0,1,1,8.5,268.8,0,0,0,0,0,1
166200,51.301,0.0,0,0,1,0,14.388,0.0,0,0,1,0,13.223,-0.457,0,0.0,0,0,1,1,0,1,0,1,0,0,0,12192.0,2,1,1,1,0,0,1,1,7.3,274.2,0,0,0,0,0,1
166300,51.301,0.0,0,0,1,0,14.388,0.0,0,0,1,0,13.173,-0.508,0,0.0,0,0,1,1,0,1,0,1,0,0,0,12192.0,2,1,1,1,0,0,1,1,8.2,272.2,0,0,0,0,0,1
166400,51.301,0.0,0,0,1,0,14.388,0.0,0,0,1,0,13.117,-0.559,0,0.0,0,0,1,1,0,1,0,1,0,0,0,12192.0,2,1,1,1,0,0,1,1,9.0,271.0,0,0,0,0,0,1
166500,51.301,0.0,0,0,1,0,14.388,0.0,0,0,1,0,13.056,-0.61,0,0.0,0,0,1,1,0,1,0,1,0,0,0,12192.0,2,1,1,1,0,0,1,1,7.0,266.3,0,0,0,0,0,1
166600,51.301,0.0,0,0,1,0,14.388,0.0,0,0,1,0,12.99,-0.661,0,0.0,0,0,1,1,0,1,0,1,0,0,0,12192.0,2,1,1,1,0,0,1,1,7.8,272.1,0,0,0,0,0,1
166700,51.301,0.0,0,0,1,0,14.388,0.0,0,0,1,0,12.919,-0.711,0,0.0,0,0,1,1,0,1,0,1,0,0,0,12192.0,2,1,1,1,0,0,1,1,7.9,270.2,0,0,0,0,0,1
166800,51.301,0.0,0,0,1,0,14.388,0.0,0,0,1,0,12.842,-0.762,0,0.0,0,0,1,1,0,1,0,1,0,0,0,12192.0,2,1,1,1,0,0,1,1,7.4,271.0,0,0,0,0,0,1
166900,51.301,0.0,0,0,1,0,14.388,0.0,0,0,1,0,12.761,-0.813,0,0.0,0,0,1,1,0,1,0,1,0,0,0,12192.0,2,1,1,1,0,0,1,1,7.7,273.9,0,0,0,0,0,1
167000,51.301,0.0,0,0,1,0,14.388,0.0,0,0,1,0,12.675,-0.864,0,0.0,0,0,1,1,0,1,0,1,0,0,0,12192.0,2,1,1,1,0,0,1,1,7.4,266.9,0,0,0,0,0,1
167100,51.301,0.0,0,0,1,0,14.388,0.0,0,0,1,0,12.583,-0.915,0,0.0,0,0,1,1,0,1,0,1,0,0,0,12192.0,2,1,1,1,0,0,1,1,7.5,266.0,0,0,0,0,0,1
167200,51.301,0.0,0,0,1,0,14.388,0.0,0,0,1,0,12.487,-0.965,0,0.0,0,0,1,1,0,1,0,1,0,0,0,12192.0,2,1,1,1,0,0,1,1,7.7,266.7,0,0,0,0,0,1
167300,51.301,0.0,0,0,1,0,14.388,0.0,0,0,1,0,12.385,-1.016,0,0.0,0,0,1,1,0,1,0,1,0,0,0,12192.0,2,1,1,1,0,0,1,1,7.0,267.6,0,0,0,0,0,1
167400,51.301,0.0,0,0,1,0,14.388,0.0,0,0,1,0,12.278,-1.067,0,0.0,0,0,1,1,0,1,0,1,0,0,0,12192.0,2,1,1,1,0,0,1,1,7.2,268.6,0,0,0,0,0,1
167500,51.301,0.0,0,0,1,0,14.388,0.0,0,0,1,0,12.166,-1.118,0,0.0,0,0,1,1,0,1,0,1,0,0,0,12192.0,2,1,1,1,0,0,1,1,7.7,267.7,0,0,0,0,0,1
167600,51.301,0.0,0,0,1,0,14.388,0.0,0,0,1,0,12.05,-1.169,0,0.0,0,0,1,1,0,1,0,1,0,0,0,12192.0,2,1,1,1,0,0,1,1,6.7,266.8,0,0,0,0,0,1
167700,51.301,0.0,0,0,1,0,14.388,0.0,0,0,1,0,11.928,-1.22,0,0.0,0,0,1,1,0,1,0,1,0,0,0,12192.0,2,1,1,1,0,0,1,1,7.2,268.9,0,0,0,0,0,1
167800,51.301,0.0,0,0,1,0,14.388,0.0,0,0,1,0,11.801,-1.261,0,0.0,0,0,1,1,0,1,0,1,0,0,0,12192.0,2,1,1,1,0,0,1,1,7.6,270.8,0,0,0,0,0,1
167900,51.301,0.0,0,0,1,0,14.388,0.0,0,0,1,0,11.675,-1.261,0,0.0,0,0,1,1,0,1,0,1,0,0,0,12192.0,2,1,1,1,0,0,1,1,8.0,268.3,0,0,0,0,0,1
168000,51.301,0.0,0,0,1,0,14.388,0.0,0,0,1,0,11.549,-1.261,0,0.0,0,0,1,1,0,1,0,1,0,0,0,12192.0,2,1,1,1,0,0,1,1,7.9,267.4,0,0,0,0,0,1
168100,51.301,0.0,0,0,1,0,14.388,0.0,0,0,1,0,11.423,-1.261,0,0.0,0,0,1,1,0,1,0,1,0,0,0,12192.0,2,1,1,1,0,0,1,1,7.4,273.5,0,0,0,0,0,1
168200,51.301,0.0,0,0,1,0,14.388,0.0,0,0,1,0,11.297,-1.261,0,0.0,0,0,1,1,0,1,0,1,0,0,0,12192.0,2,1,1,1,0,0,1,1,7.4,268.3,0,0,0,0,0,1
168300,51.301,0.0,0,0,1,0,14.388,0.0,0,0,1,0,11.171,-1.261,0,0.0,0,0,1,1,0,1,0,1,0,0,0,12192.0,2,1,1,1,0,0,1,1,6.9,275.2,0,0,0,0,0,1
168400,51.301,0.0,0,0,1,0,14.388,0.0,0,0,1,0,11.045,-1.261,0,0.0,0,0,1,1,0,1,0,1,0,0,0,12192.0,2,1,1,1,0,0,1,1,8.2,268.3,0,0,0,0,0,1
168500,51.301,0.0,0,0,1,0,14.388,0.0,0,0,1,0,10.919,-1.261,0,0.0,0,0,1,1,0,1,0,1,0,0,0,12192.0,2,1,1,1,0,0,1,1,6.8,267.7,0,0,0,0,0,1
168600,51.301,0.0,0,0,1,0,14.388,0.0,0,0,1,0,10.793,-1.261,0,0.0,0,0,1,1,0,1,0,1,0,0,0,12192.0,2,1,1,1,0,0,1,1,7.3,267.4,0,0,0,0,0,1
168700,51.301,0.0,0,0,1,0,14.388,0.0,0,0,1,0,10.666,-1.261,0,0.0,0,0,1,1,0,1,0,1,0,0,0,12192.0,2,1,1,1,0,0,1,1,7.4,267.0,0,0,0,0,0,1
168800,51.301,0.0,0,0,1,0,14.388,0.0,0,0,1,0,10.54,-1.261,0,0.0,0,0,1,1,0,1,0,1,0,0,0,12192.0,2,1,1,1,0,0,1,1,6.5,264.3,0,0,0,0,0,1
168900,51.301,0.0,0,0,1,0,14.388,0.0,0,0,1,0,10.414,-1.261,0,0.0,0,0,1,1,0,1,0,1,0,0,0,12192.0,2,1,1,1,0,0,1,1,7.0,266.7,0,0,0,0,0,1
169000,51.301,0.0,0,0,1,0,14.388,0.0,0,0,1,0,10.288,-1.261,0,0.0,0,0,1,1,0,1,0,1,0,0,0,12192.0,2,1,1,1,0,0,1,1,8.1,270.4,0,0,0,0,0,1
169100,51.301,0.0,0,0,1,0,14.388,0.0,0,0,1,0,10.162,-1.261,0,0.0,0,0,1,1,0,1,0,1,0,0,0,12192.0,2,1,1,1,0,0,1,1,6.9,272.9,0,0,0,0,0,1
169200,51.301,0.0,0,0,1,0,14.388,0.0,0,0,1,0,10.036,-1.261,0,0.0,0,0,1,1,0,1,0,1,0,0,0,12192.0,2,1,1,1,0,0,1,1,7.4,271.3,0,0,0,0,0,1
169300,51.301,0.0,0,0,1,0,14.388,0.0,0,0,1,0,9.91,-1.261,0,0.0,0,0,1,1,0,1,0,1,0,0,0,12192.0,2,1,1,1,0,0,1,1,7.3,270.7,0,0,0,0,0,1
169400,51.301,0.0,0,0,1,0,14.388,0.0,0,0,1,0,9.784,-1.261,0,0.0,0,0,1,1,0,1,0,1,0,0,0,12192.0,2,1,1,1,0,0,1,1,7.2,272.4,0,0,0,0,0,1
169500,51.301,0.0,0,0,1,0,14.388,0.0,0,0,1,0,9.657,-1.261,0,0.0,0,0,1,1,0,1,0,1,0,0,0,12192.0,2,1,1,1,0,0,1,1,8.7,274.3,0,0,0,0,0,1
169600,51.301,0.0,0,0,1,0,14.388,0.0,0,0,1,0,9.531,-1.261,0,0.0,0,0,1,1,0,1,0,1,0,0,0,12192.0,2,1,1,1,0,0,1,1,7.8,272.8,0,0,0,0,0,1
169700,51.301,0.0,0,0,1,0,14.388,0.0,0,0,1,0,9.405,-1.261,0,0.0,0,0,1,1,0,1,0,1,0,0,0,12192.0,2,1,1,1,0,0,1,1,8.0,268.5,0,0,0,0,0,1
169800,51.301,0.0,0,0,1,0,14.388,0.0,0,0,1,0,9.279,-1.261,0,0.0,0,0,1,1,0,1,0,1,0,0,0,12192.0,2,1,1,1,0,0,1,1,8.4,272.1,0,0,0,0,0,1
169900,51.301,0.0,0,0,1,0,14.388,0.0,0,0,1,0,9.153,-1.261,0,0.0,0,0,1,1,0,1,0,1,0,0,0,12192.0,2,1,1,1,0,0,1,1,7.7,267.3,0,0,0,0,0,1
170000,51.301,0.0,0,0,1,0,14.388,0.0,0,0,1,0,9.027,-1.261,0,0.0,0,0,1,1,0,1,0,1,0,0,0,12192.0,2,1,1,1,0,0,1,1,8.0,268.5,0,0,0,0,0,1
170100,51.301,0.0,0,0,1,0,14.388,0.0,0,0,1,0,8.901,-1.261,0,0.0,0,0,1,1,0,1,0,1,0,0,0,12192.0,2,1,1,1,0,0,1,1,7.8,267.6,0,0,0,0,0,1
170200,51.301,0.0,0,0,1,0,14.388,0.0,0,0,1,0,8.775,-1.261,0,0.0,0,0,1,1,0,1,0,1,0,0,0,12192.0,2,1,1,1,0,0,1,1,7.6,269.3,0,0,0,0,0,1
170300,51.301,0.0,0,0,1,0,14.388,0.0,0,0,1,0,8.648,-1.261,0,0.0,0,0,1,1,0,1,0,1,0,0,0,12192.0,2,1,1,1,0,0,1,1,7.8,267.8,0,0,0,0,0,1
170400,51.301,0.0,0,0,1,0,14.388,0.0,0,0,1,0,8.522,-1.261,0,0.0,0,0,1,1,0,1,0,1,0,0,0,12192.0,2,1,1,1,0,0,1,1,7.1,271.1,0,0,0,0,0,1
170500,51.301,0.0,0,0,1,0,14.388,0.0,0,0,1,0,8.396,-1.261,0,0.0,0,0,1,1,0,1,0,1,0,0,0,12192.0,2,1,1,1,0,0,1,1,7.5,271.2,0,0,0,0,0,1
170600,51.301,0.0,0,0,1,0,14.388,0.0,0,0,1,0,8.27,-1.261,0,0.0,0,0,1,1,0,1,0,1,0,0,0,12192.0,2,1,1,1,0,0,1,1,8.6,271.1,0,0,0,0,0,1
170700,51.301,0.0,0,0,1,0,14.388,0.0,0,0,1,0,8.144,-1.261,0,0.0,0,0,1,1,0,1,0,1,0,0,0,12192.0,2,1,1,1,0,0,1,1,7.9,272.6,0,0,0,0,0,1
170800,51.301,0.0,0,0,1,0,14.388,0.0,0,0,1,0,8.018,-1.261,0,0.0,0,0,1,1,0,1,0,1,0,0,0,12192.0,2,1,1,1,0,0,1,1,8.9,271.3,0,0,0,0,0,1
170900,51.301,0.0,0,0,1,0,14.388,0.0,0,0,1,0,7.892,-1.261,0,0.0,0,0,1,1,0,1,0,1,0,0,0,12192.0,2,1,1,1,0,0,1,1,8.0,274.0,0,0,0,0,0,1
171000,51.301,0.0,0,0,1,0,14.388,0.0,0,0,1,0,7.766,-1.261,0,0.0,0,0,1,1,0,1,0,1,0,0,0,12192.0,2,1,1,1,0,0,1,1,8.1,266.2,0,0,0,0,0,1
171100,51.301,0.0,0,0,1,0,14.388,0.0,0,0,1,0,7.639,-1.261,0,0.0,0,0,1,1,0,1,0,1,0,0,0,12192.0,2,1,1,1,0,0,1,1,9.1,271.8,0,0,0,0,0,1
171200,51.301,0.0,0,0,1,0,14.388,0.0,0,0,1,0,7.513,-1.261,0,0.0,0,0,1,1,0,1,0,1,0,0,0,12192.0,2,1,1,1,0,0,1,1,8.3,266.3,0,0,0,0,0,1
171300,51.301,0.0,0,0,1,0,14.388,0.0,0,0,1,0,7.387,-1.261,0,0.0,0,0,1,1,0,1,0,1,0,0,0,12192.0,2,1,1,1,0,0,1,1,8.3,268.8,0,0,0,0,0,1
171400,51.301,0.0,0,0,1,0,14.388,0.0,0,0,1,0,7.261,-1.261,0,0.0,0,0,1,1,0,1,0,1,0,0,0,12192.0,2,1,1,1,0,0,1,1,8.3,270.5,0,0,0,0,0,1
171500,51.301,0.0,0,0,1,0,14.388,0.0,0,0,1,0,7.135,-1.261,0,0.0,0,0,1,1,0,1,0,1,0,0,0,12192.0,2,1,1,1,0,0,1,1,7.6,271.4,0,0,0,0,0,1
171600,51.301,0.0,0,0,1,0,14.388,0.0,0,0,1,0,7.009,-1.261,0,0.0,0,0,1,1,0,1,0,1,0,0,0,12192.0,2,1,1,1,0,0,1,1,8.0,272.2,0,0,0,0,0,1
171700,51.301,0.0,0,0,1,0,14.388,0.0,0,0,1,0,6.883,-1.261,0,0.0,0,0,1,1,0,1,0,1,0,0,0,12192.0,2,1,1,1,0,0,1,1,8.7,267.6,0,0,0,0,0,1
171800,51.301,0.0,0,0,1,0,14.388,0.0,0,0,1,0,6.757,-1.261,0,0.0,0,0,1,1,0,1,0,1,0,0,0,12192.0,2,1,1,1,0,0,1,1,8.1,269.9,0,0,0,0,0,1
171900,51.301,0.0,0,0,1,0,14.388,0.0,0,0,1,0,6.63,-1.261,0,0.0,0,0,1,1,0,1,0,1,0,0,0,12192.0,2,1,1,1,0,0,1,1,8.7,270.4,0,0,0,0,0,1
172000,51.301,0.0,0,0,1,0,14.388,0.0,0,0,1,0,6.504,-1.261,0,0.0,0,0,1,1,0,1,0,1,0,0,0,12192.0,2,1,1,1,0,0,1,1,8.0,275.8,0,0,0,0,0,1
172100,51.301,0.0,0,0,1,0,14.388,0.0,0,0,1,0,6.378,-1.261,0,0.0,0,0,1,1,0,1,0,1,0,0,0,12192.0,2,1,1,1,0,0,1,1,8.6,269.7,0,0,0,0,0,1
172200,51.301,0.0,0,0,1,0,14.388,0.0,0,0,1,0,6.252,-1.261,0,0.0,0,0,1,1,0,1,0,1,0,0,0,12192.0,2,1,1,1,0,0,1,1,8.8,271.8,0,0,0,0,0,1
172300,51.301,0.0,0,0,1,0,14.388,0.0,0,0,1,0,6.126,-1.261,0,0.0,0,0,1,1,0,1,0,1,0,0,0,12192.0,2,1,1,1,0,0,1,1,8.5,267.9,0,0,0,0,0,1
172400,51.301,0.0,0,0,1,0,14.388,0.0,0,0,1,0,6.0,-1.261,0,0.0,0,0,1,1,0,1,0,1,0,0,0,12192.0,2,1,1,1,0,0,1,1,9.6,269.3,0,0,0,0,0,1
172500,51.301,0.0,0,0,1,0,14.388,0.0,0,0,1,0,5.874,-1.261,0,0.0,0,0,1,1,0,1,0,1,0,0,0,12192.0,2,1,1,1,0,0,1,1,8.7,270.9,0,0,0,0,0,1
172600,51.301,0.0,0,0,1,0,14.388,0.0,0,0,1,0,5.748,-1.261,0,0.0,0,0,1,1,0,1,0,1,0,0,0,12192.0,2,1,1,1,0,0,1,1,8.9,270.7,0,0,0,0,0,1
172700,51.301,0.0,0,0,1,0,14.388,0.0,0,0,1,0,5.622,-1.261,0,0.0,0,0,1,1,0,1,0,1,0,0,0,12192.0,2,1,1,1,0,0,1,1,8.0,269.8,0,0,0,0,0,1
172800,51.301,0.0,0,0,1,0,14.388,0.0,0,0,1,0,5.495,-1.261,0,0.0,0,0,1,1,0,1,0,1,0,0,0,12192.0,2,1,1,1,0,0,1,1,8.4,270.3,0,0,0,0,0,1
172900,51.301,0.0,0,0,1,0,14.388,0.0,0,0,1,0,5.369,-1.261,0,0.0,0,0,1,1,0,1,0,1,0,0,0,12192.0,2,1,1,1,0,0,1,1,8.8,268.2,0,0,0,0,0,1
173000,51.301,0.0,0,0,1,0,14.388,0.0,0,0,1,0,5.243,-1.261,0,0.0,0,0,1,1,0,1,0,1,0,0,0,12192.0,2,1,1,1,0,0,1,1,9.1,273.3,0,0,0,0,0,1
173100,51.301,0.0,0,0,1,0,14.388,0.0,0,0,1,0,5.117,-1.261,0,0.0,0,0,1,1,0,1,0,1,0,0,0,12192.0,2,1,1,1,0,0,1,1,8.0,268.6,0,0,0,0,0,1
173200,51.301,0.0,0,0,1,0,14.388,0.0,0,0,1,0,4.991,-1.261,0,0.0,0,0,1,1,0,1,0,1,0,0,0,12192.0,2,1,1,1,0,0,1,1,8.7,269.9,0,0,0,0,0,1
173300,51.301,0.0,0,0,1,0,14.388,0.0,0,0,1,0,4.865,-1.261,0,0.0,0,0,1,1,0,1,0,1,0,0,0,12192.0,2,1,1,1,0,0,1,1,7.8,272.0,0,0,0,0,0,1
173400,51.301,0.0,0,0,1,0,14.388,0.0,0,0,1,0,4.739,-1.261,0,0.0,0,0,1,1,0,1,0,1,0,0,0,12192.0,2,1,1,1,0,0,1,1,8.7,268.2,0,0,0,0,0,1
173500,51.301,0.0,0,0,1,0,14.388,0.0,0,0,1,0,4.613,-1.261,0,0.0,0,0,1,1,0,1,0,1,0,0,0,12192.0,2,1,1,1,0,0,1,1,8.3,266.4,0,0,0,0,0,1
173600,51.301,0.0,0,0,1,0,14.388,0.0,0,0,1,0,4.486,-1.261,0,0.0,0,0,1,1,0,1,0,1,0,0,0,12192.0,2,1,1,1,0,0,1,1,8.9,272.3,0,0,0,0,0,1
173700,51.301,0.0,0,0,1,0,14.388,0.0,0,0,1,0,4.36,-1.261,0,0.0,0,0,1,1,0,1,0,1,0,0,0,12192.0,2,1,1,1,0,0,1,1,9.4,272.0,0,0,0,0,0,1
173800,51.301,0.0,0,0,1,0,14.388,0.0,0,0,1,0,4.234,-1.261,0,0.0,0,0,1,1,0,1,0,1,0,0,0,12192.0,2,1,1,1,0,0,1,1,8.1,265.4,0,0,0,0,0,1
173900,51.301,0.0,0,0,1,0,14.388,0.0,0,0,1,0,4.113,-1.21,0,0.0,0,0,1,1,0,1,0,1,0,0,0,12192.0,2,1,1,1,0,0,1,1,8.4,272.4,0,0,0,0,0,1
174000,51.301,0.0,0,0,1,0,14.388,0.0,0,0,1,0,3.997,-1.16,0,0.0,0,0,1,1,0,1,0,1,0,0,0,12192.0,2,1,1,1,0,0,1,1,8.2,268.3,0,0,0,0,0,1
174100,51.301,0.0,0,0,1,0,14.388,0.0,0,0,1,0,3.886,-1.109,0,0.0,0,0,1,1,0,1,0,1,0,0,0,12192.0,2,1,1,1,0,0,1,1,8.2,273.1,0,0,0,0,0,1
174200,51.301,0.0,0,0,1,0,14.388,0.0,0,0,1,0,3.78,-1.058,0,0.0,0,0,1,1,0,1,0,1,0,0,0,12192.0,2,1,1,1,0,0,1,1,8.1,269.5,0,0,0,0,0,1
174300,51.301,0.0,0,0,1,0,14.388,0.0,0,0,1,0,3.68,-1.007,0,0.0,0,0,1,1,0,1,0,1,0,0,0,12192.0,2,1,1,1,0,0,1,1,8.6,273.0,0,0,0,0,0,1
174400,51.301,0.0,0,0,1,0,14.388,0.0,0,0,1,0,3.584,-0.956,0,0.0,0,0,1,1,0,1,0,1,0,0,0,12192.0,2,1,1,1,0,0,1,1,8.5,271.1,0,0,0,0,0,1
174500,51.301,0.0,0,0,1,0,14.388,0.0,0,0,1,0,3.488,-0.957,0,0.0,0,0,1,1,0,1,0,1,0,0,0,12192.0,2,1,1,1,0,0,1,1,7.7,270.6,0,0,0,0,0,1
174600,51.301,0.0,0,0,1,0,14.388,0.0,0,0,1,0,3.398,-0.905,0,0.0,0,0,1,1,0,1,0,1,0,0,0,12192.0,2,1,1,1,0,0,1,1,7.7,272.1,0,0,0,0,0,1
174700,51.301,0.0,0,0,1,0,14.388,0.0,0,0,1,0,3.313,-0.852,0,0.0,0,0,1,1,0,1,0,1,0,0,0,12192.0,2,1,1,1,0,0,1,1,8.7,266.8,0,0,0,0,0,1
174800,51.301,0.0,0,0,1,0,14.388,0.0,0,0,1,0,3.233,-0.8,0,0.0,0,0,1,1,0,1,0,1,0,0,0,12192.0,2,1,1,1,0,0,1,1,8.5,272.1,0,0,0,0,0,1
174900,51.301,0.0,0,0,1,0,14.388,0.0,0,0,1,0,3.158,-0.747,0,0.0,0,0,1,1,0,1,0,1,0,0,0,12192.0,2,1,1,1,0,0,1,1,8.6,271.3,0,0,0,0,0,1
175000,51.301,0.0,0,0,1,0,14.388,0.0,0,0,1,0,3.089,-0.695,0,0.0,0,0,1,1,0,1,0,1,0,0,0,12192.0,2,1,1,1,0,0,1,1,8.8,270.3,0,0,0,0,0,1
175100,51.301,0.0,0,0,1,0,14.388,0.0,0,0,1,0,3.024,-0.642,0,0.0,0,0,1,1,0,1,0,1,0,0,0,12192.0,2,1,1,1,0,0,1,1,7.0,269.5,0,0,0,0,0,1
175200,51.301,0.0,0,0,1,0,14.388,0.0,0,0,1,0,2.966,-0.589,0,0.0,0,0,1,1,0,1,0,1,0,0,0,12192.0,2,1,1,1,0,0,1,1,7.7,268.3,0,0,0,0,0,1
175300,51.301,0.0,0,0,1,0,14.388,0.0,0,0,1,0,2.912,-0.536,0,0.0,0,0,1,1,0,1,0,1,0,0,0,12192.0,2,1,1,1,0,0,1,1,6.9,271.4,0,0,0,0,0,1
175400,51.301,0.0,0,0,1,0,14.388,0.0,0,0,1,0,2.864,-0.482,0,0.0,0,0,1,1,0,1,0,1,0,0,0,12192.0,2,1,1,1,0,0,1,1,8.4,268.3,0,0,0,0,0,1
175500,51.301,0.0,0,0,1,0,14.388,0.0,0,0,1,0,2.821,-0.428,0,0.0,0,0,1,1,0,1,0,1,0,0,0,12192.0,2,1,1,1,0,0,1,1,9.0,269.6,0,0,0,0,0,1
175600,51.301,0.0,0,0,1,0,14.388,0.0,0,0,1,0,2.783,-0.374,0,0.0,0,0,1,1,0,1,0,1,0,0,0,12192.0,2,1,1,1,0,0,1,1,7.9,269.1,0,0,0,0,0,1
175700,51.301,0.0,0,0,1,0,14.388,0.0,0,0,1,0,2.752,-0.319,0,0.0,0,0,1,1,0,1,0,1,0,0,0,12192.0,2,1,1,1,0,0,1,1,7.4,276.7,0,0,0,0,0,1
175800,51.301,0.0,0,0,1,0,14.388,0.0,0,0,1,0,2.725,-0.264,0,0.0,0,0,1,1,0,1,0,1,0,0,0,12192.0,2,1,1,1,0,0,1,1,7.0,269.7,0,0,0,0,0,1
175900,51.301,0.0,0,0,1,0,14.388,0.0,0,0,1,0,2.705,-0.207,0,0.0,0,0,1,1,0,1,0,1,0,0,0,12192.0,2,1,1,1,0,0,1,1,6.8,271.1,0,0,0,0,0,1
176000,51.301,0.0,0,0,1,0,14.388,0.0,0,0,1,0,2.69,-0.147,0,0.0,0,0,1,1,0,1,0,1,0,0,0,12192.0,2,1,1,1,0,0,1,1,7.1,273.3,0,0,0,0,0,1
176100,51.301,0.0,0,0,1,0,14.388,0.0,0,0,1,0,2.682,-0.082,0,0.0,0,0,1,1,0,1,0,1,0,0,0,12192.0,2,1,1,1,0,0,1,1,7.8,273.1,0,0,0,0,0,1
176200,51.301,0.0,0,0,0,0,14.388,0.0,0,0,0,0,2.679,0.0,0,0.0,0,0,0,0,0,1,0,1,0,0,0,12192.0,2,1,1,0,1,0,1,1,7.5,264.8,0,0,0,0,0,1
176300,51.301,0.0,0,0,0,0,14.388,0.0,0,0,0,0,2.679,0.0,0,0.0,0,0,0,0,0,1,0,1,1,1,0,12192.0,2,1,1,0,1,0,1,1,7.2,273.3,0,0,0,0,0,1
176400,51.301,0.0,0,0,0,0,14.388,0.0,0,0,0,0,2.679,0.0,0,0.0,0,0,0,0,0,1,0,1,1,1,0,12192.0,2,1,1,0,1,0,1,1,7.8,266.7,0,0,0,0,0,1
176500,51.301,0.0,0,0,0,0,14.388,0.0,0,0,0,0,2.679,0.0,0,0.0,0,0,0,0,0,1,0,1,1,1,0,12192.0,2,1,1,0,1,0,1,1,7.1,268.2,0,0,0,0,0,1
176600,51.301,0.0,0,0,0,0,14.388,0.0,0,0,0,0,2.679,0.0,0,0.0,0,0,0,0,0,1,0,1,1,1,0,12192.0,2,1,1,0,1,0,1,1,8.1,269.1,0,0,0,0,0,1
176700,51.301,0.0,0,0,0,0,14.388,0.0,0,0,0,0,2.679,0.0,0,0.0,0,0,0,0,0,1,0,1,1,1,0,12192.0,2,1,1,0,1,0,1,1,8.4,270.5,0,0,0,0,0,1
176800,51.301,0.0,0,0,0,0,14.388,0.0,0,0,0,0,2.679,0.0,0,0.0,0,0,0,0,0,1,0,1,1,1,0,12192.0,2,1,1,0,1,0,1,1,7.5,269.1,0,0,0,0,0,1
176900,51.301,0.0,0,0,0,0,14.388,0.0,0,0,0,0,2.679,0.0,0,0.0,0,0,0,0,0,1,0,1,1,1,0,12192.0,2,1,1,0,1,0,1,1,7.1,269.6,0,0,0,0,0,1
177000,51.301,0.0,0,0,0,0,14.388,0.0,0,0,0,0,2.679,0.0,0,0.0,0,0,0,0,0,1,0,1,1,1,0,12192.0,2,1,1,0,1,0,1,1,7.4,269.3,0,0,0,0,0,1
177100,51.301,0.0,0,0,0,0,14.388,0.0,0,0,0,0,2.679,0.0,0,0.0,0,0,0,0,0,1,0,1,1,1,0,12192.0,2,1,1,0,1,0,1,1,7.4,267.4,0,0,0,0,0,1
177200,51.301,0.0,0,0,0,0,14.388,0.0,0,0,0,0,2.679,0.0,0,0.0,0,0,0,0,0,1,0,1,1,1,0,12192.0,2,1,1,0,1,0,1,1,7.9,268.7,0,0,0,0,0,1
177300,51.301,0.0,0,0,0,0,14.388,0.0,0,0,0,0,2.679,0.0,0,0.0,0,0,0,0,0,1,0,1,1,1,0,12192.0,2,1,1,0,1,0,1,1,6.5,268.2,0,0,0,0,0,1
177400,51.301,0.0,0,0,0,0,14.388,0.0,0,0,0,0,2.679,0.0,0,32.02,0,0,0,0,0,1,1,0,1,1,0,12192.0,2,1,1,0,1,0,1,1,7.2,271.5,0,0,0,0,0,1
177500,51.301,0.0,0,0,0,0,14.388,0.0,0,0,0,0,2.679,0.0,0,32.01,0,0,0,0,0,1,1,0,1,1,0,12192.0,2,1,1,0,1,0,1,1,6.9,267.2,0,0,0,0,0,1
177600,51.301,0.0,0,0,0,0,14.388,0.0,0,0,0,0,2.679,0.0,0,32.06,0,0,0,0,0,1,1,0,1,1,0,12192.0,2,1,1,0,1,0,1,1,7.0,271.0,0,0,0,0,0,1
177700,51.301,0.0,0,0,0,0,14.388,0.0,0,0,0,0,2.679,0.0,0,32.26,0,0,0,0,0,1,1,0,1,1,0,12192.0,2,1,1,0,1,0,1,1,6.8,270.7,0,0,0,0,0,1
177800,51.301,0.0,0,0,0,0,14.388,0.0,0,0,0,0,2.679,0.0,0,31.99,0,0,0,0,0,1,1,0,1,1,0,12192.0,2,1,1,0,1,0,1,1,6.8,268.8,0,0,0,0,0,1
177900,51.301,0.0,0,0,0,0,14.388,0.0,0,0,0,0,2.679,0.0,0,31.93,0,0,0,0,0,1,1,0,1,1,0,12192.0,2,1,1,0,1,0,1,1,8.3,271.1,0,0,0,0,0,1
178000,51.301,0.0,0,0,0,0,14.388,0.0,0,0,0,0,2.679,0.0,0,32.14,0,0,0,0,0,1,1,0,1,1,0,12192.0,2,1,1,0,1,0,1,1,7.7,273.1,0,0,0,0,0,1
178100,51.301,0.0,0,0,0,0,14.388,0.0,0,0,0,0,2.679,0.0,0,32.02,0,0,0,0,0,1,1,0,1,1,0,12192.0,2,1,1,0,1,0,1,1,7.9,267.4,0,0,0,0,0,1
178200,51.301,0.0,0,0,0,0,14.388,0.0,0,0,0,0,2.679,0.0,0,32.1,0,0,0,0,0,1,1,0,1,1,0,12192.0,2,1,1,0,1,0,1,1,8.5,272.2,0,0,0,0,0,1
178300,51.301,0.0,0,0,0,0,14.388,0.0,0,0,0,0,2.679,0.0,0,32.1,0,0,0,0,0,1,1,0,1,1,0,12192.0,2,1,1,0,1,0,1,1,7.7,272.1,0,0,0,0,0,1
178400,51.301,0.0,0,0,0,0,14.388,0.0,0,0,0,0,2.679,0.0,0,31.93,0,0,0,0,0,1,1,0,1,1,0,12192.0,2,1,1,0,1,0,1,1,8.0,272.6,0,0,0,0,0,1
178500,51.301,0.0,0,0,0,0,14.388,0.0,0,0,0,0,2.679,0.0,0,32.06,0,0,0,0,0,1,1,0,1,1,0,12192.0,2,1,1,0,1,0,1,1,7.0,269.4,0,0,0,0,0,1
178600,51.301,0.0,0,0,0,0,14.388,0.0,0,0,0,0,2.679,0.0,0,32.11,0,0,0,0,0,1,1,0,1,1,0,12192.0,2,1,1,0,1,0,1,1,7.5,271.2,0,0,0,0,0,1
178700,51.301,0.0,0,0,0,0,14.388,0.0,0,0,0,0,2.679,0.0,0,32.02,0,0,0,0,0,1,1,0,1,1,0,12192.0,2,1,1,0,1,0,1,1,8.1,267.2,0,0,0,0,0,1
178800,51.301,0.0,0,0,0,0,14.388,0.0,0,0,0,0,2.679,0.0,0,32.01,0,0,0,0,0,1,1,0,1,1,0,12192.0,2,1,1,0,1,0,1,1,7.4,276.4,0,0,0,0,0,1
178900,51.301,0.0,0,0,0,0,14.388,0.0,0,0,0,0,2.679,0.0,0,32.08,0,0,0,0,0,1,1,0,1,1,0,12192.0,2,1,1,0,1,0,1,1,8.4,272.4,0,0,0,0,0,1
179000,51.301,0.0,0,0,0,0,14.388,0.0,0,0,0,0,2.679,0.0,0,31.98,0,0,0,0,0,1,1,0,1,1,0,12192.0,2,1,1,0,1,0,1,1,9.1,272.1,0,0,0,0,0,1
179100,51.301,0.0,0,0,1,0,14.388,0.0,0,0,1,0,2.684,0.051,1,33.31,0,0,1,1,0,1,1,0,0,1,0,12192.0,2,1,1,1,0,0,1,1,7.2,269.2,0,0,0,0,0,1
179200,51.301,0.0,0,0,1,0,14.388,0.0,0,0,1,0,2.694,0.102,1,33.67,0,0,1,1,0,1,1,0,0,1,0,12192.0,2,1,1,1,0,0,1,1,8.2,267.4,0,0,0,0,0,1
179300,51.301,0.0,0,0,1,0,14.388,0.0,0,0,1,0,2.709,0.152,1,33.53,0,0,1,1,0,1,1,0,0,1,0,12192.0,2,1,1,1,0,0,1,1,8.4,269.8,0,0,0,0,0,1
179400,51.301,0.0,0,0,1,0,14.388,0.0,0,0,1,0,2.729,0.203,1,33.64,0,0,1,1,0,1,1,0,0,1,0,12192.0,2,1,1,1,0,0,1,1,7.6,268.3,0,0,0,0,0,1
179500,51.301,0.0,0,0,1,0,14.388,0.0,0,0,1,0,2.755,0.254,1,33.75,0,0,1,1,0,1,1,0,0,1,0,12192.0,2,1,1,1,0,0,1,1,7.7,276.9,0,0,0,0,0,1
179600,51.301,0.0,0,0,1,0,14.388,0.0,0,0,1,0,2.785,0.305,1,33.86,0,0,1,1,0,1,1,0,0,1,0,12192.0,2,1,1,1,0,0,1,1,8.1,272.2,0,0,0,0,0,1
179700,51.301,0.0,0,0,1,0,14.388,0.0,0,0,1,0,2.821,0.356,1,33.64,0,0,1,1,0,1,1,0,0,1,0,12192.0,2,1,1,1,0,0,1,1,8.5,271.5,0,0,0,0,0,1
179800,51.301,0.0,0,0,1,0,14.388,0.0,0,0,1,0,2.861,0.407,1,33.47,0,0,1,1,0,1,1,0,0,1,0,12192.0,2,1,1,1,0,0,1,1,8.3,270.7,0,0,0,0,0,1
179900,51.301,0.0,0,0,1,0,14.388,0.0,0,0,1,0,2.907,0.457,1,33.51,0,0,1,1,0,1,1,0,0,1,0,12192.0,2,1,1,1,0,0,1,1,8.5,267.4,0,0,0,0,0,1
180000,51.301,0.0,0,0,1,0,14.388,0.0,0,0,1,0,2.958,0.508,1,33.65,0,0,1,1,0,1,1,0,0,1,0,12192.0,2,1,1,1,0,0,1,1,8.5,267.3,0,0,0,0,0,1
180100,51.301,0.0,0,0,1,0,14.388,0.0,0,0,1,0,3.014,0.559,1,33.72,0,0,1,1,0,1,1,0,0,1,0,12192.0,2,1,1,1,0,0,1,1,7.8,267.5,0,0,0,0,0,1
180200,51.301,0.0,0,0,1,0,14.388,0.0,0,0,1,0,3.075,0.61,1,33.53,0,0,1,1,0,1,1,0,0,1,0,12192.0,2,1,1,1,0,0,1,1,8.7,276.0,0,0,0,0,0,1
180300,51.301,0.0,0,0,1,0,14.388,0.0,0,0,1,0,3.141,0.661,1,33.81,0,0,1,1,0,1,1,0,0,1,0,12192.0,2,1,1,1,0,0,1,1,8.8,272.5,0,0,0,0,0,1
180400,51.301,0.0,0,0,1,0,14.388,0.0,0,0,1,0,3.212,0.711,1,33.72,0,0,1,1,0,1,1,0,0,1,0,12192.0,2,1,1,1,0,0,1,1,8.1,270.9,0,0,0,0,0,1
180500,51.301,0.0,0,0,1,0,14.388,0.0,0,0,1,0,3.288,0.762,1,33.74,0,0,1,1,0,1,1,0,0,1,0,12192.0,2,1,1,1,0,0,1,1,7.8,276.1,0,0,0,0,0,1
180600,51.301,0.0,0,0,1,0,14.388,0.0,0,0,1,0,3.37,0.813,1,33.67,0,0,1,1,0,1,1,0,0,1,0,12192.0,2,1,1,1,0,0,1,1,7.9,272.9,0,0,0,0,0,1
180700,51.301,0.0,0,0,1,0,14.388,0.0,0,0,1,0,3.456,0.864,1,33.61,0,0,1,1,0,1,1,0,0,1,0,12192.0,2,1,1,1,0,0,1,1,8.3,267.2,0,0,0,0,0,1
180800,51.301,0.0,0,0,1,0,14.388,0.0,0,0,1,0,3.547,0.915,1,33.67,0,0,1,1,0,1,1,0,0,1,0,12192.0,2,1,1,1,0,0,1,1,8.8,270.9,0,0,0,0,0,1
180900,51.301,0.0,0,0,1,0,14.388,0.0,0,0,1,0,3.644,0.965,1,33.72,0,0,1,1,0,1,1,0,0,1,0,12192.0,2,1,1,1,0,0,1,1,8.5,271.7,0,0,0,0,0,1
181000,51.301,0.0,0,0,1,0,14.388,0.0,0,0,1,0,3.746,1.016,1,33.61,0,0,1,1,0,1,1,0,0,1,0,12192.0,2,1,1,1,0,0,1,1,8.4,272.9,0,0,0,0,0,1
181100,51.301,0.0,0,0,1,0,14.388,0.0,0,0,1,0,3.852,1.067,1,33.43,0,0,1,1,0,1,1,0,0,1,0,12192.0,2,1,1,1,0,0,1,1,9.2,264.2,0,0,0,0,0,1
181200,51.301,0.0,0,0,1,0,14.388,0.0,0,0,1,0,3.964,1.118,1,33.55,0,0,1,1,0,1,1,0,0,1,0,12192.0,2,1,1,1,0,0,1,1,9.0,264.2,0,0,0,0,0,1
181300,51.301,0.0,0,0,1,0,14.388,0.0,0,0,1,0,4.081,1.169,1,33.75,0,0,1,1,0,1,1,0,0,1,0,12192.0,2,1,1,1,0,0,1,1,8.8,268.3,0,0,0,0,0,1
181400,51.301,0.0,0,0,1,0,14.388,0.0,0,0,1,0,4.203,1.22,1,33.71,0,0,1,1,0,1,1,0,0,1,0,12192.0,2,1,1,1,0,0,1,1,8.2,266.0,0,0,0,0,0,1
181500,51.301,0.0,0,0,1,0,14.388,0.0,0,0,1,0,4.329,1.261,1,33.62,0,0,1,1,0,1,1,0,0,1,0,12192.0,2,1,1,1,0,0,1,1,8.5,269.7,0,0,0,0,0,1
181600,51.301,0.0,0,0,1,0,14.388,0.0,0,0,1,0,4.455,1.261,1,33.77,0,0,1,1,0,1,1,0,0,1,0,12192.0,2,1,1,1,0,0,1,1,8.3,267.1,0,0,0,0,0,1
181700,51.301,0.0,0,0,1,0,14.388,0.0,0,0,1,0,4.581,1.261,1,33.53,0,0,1,1,0,1,1,0,0,1,0,12192.0,2,1,1,1,0,0,1,1,9.2,271.9,0,0,0,0,0,1
181800,51.301,0.0,0,0,1,0,14.388,0.0,0,0,1,0,4.707,1.261,1,33.78,0,0,1,1,0,1,1,0,0,1,0,12192.0,2,1,1,1,0,0,1,1,9.0,266.3,0,0,0,0,0,1
181900,51.301,0.0,0,0,1,0,14.388,0.0,0,0,1,0,4.834,1.261,1,33.73,0,0,1,1,0,1,1,0,0,1,0,12192.0,2,1,1,1,0,0,1,1,8.6,268.7,0,0,0,0,0,1
182000,51.301,0.0,0,0,1,0,14.388,0.0,0,0,1,0,4.96,1.261,1,33.7,0,0,1,1,0,1,1,0,0,1,0,12192.0,2,1,1,1,0,0,1,1,8.6,267.9,0,0,0,0,0,1
182100,51.301,0.0,0,0,1,0,14.388,0.0,0,0,1,0,5.086,1.261,1,33.82,0,0,1,1,0,1,1,0,0,1,0,12192.0,2,1,1,1,0,0,1,1,8.4,267.7,0,0,0,0,0,1
182200,51.301,0.0,0,0,1,0,14.388,0.0,0,0,1,0,5.212,1.261,1,33.44,0,0,1,1,0,1,1,0,0,1,0,12192.0,2,1,1,1,0,0,1,1,8.8,271.8,0,0,0,0,0,1
182300,51.301,0.0,0,0,1,0,14.388,0.0,0,0,1,0,5.338,1.261,1,33.89,0,0,1,1,0,1,1,0,0,1,0,12192.0,2,1,1,1,0,0,1,1,8.9,272.6,0,0,0,0,0,1
182400,51.301,0.0,0,0,1,0,14.388,0.0,0,0,1,0,5.464,1.261,1,33.66,0,0,1,1,0,1,1,0,0,1,0,12192.0,2,1,1,1,0,0,1,1,8.5,270.8,0,0,0,0,0,1
182500,51.301,0.0,0,0,1,0,14.388,0.0,0,0,1,0,5.59,1.261,1,33.6,0,0,1,1,0,1,1,0,0,1,0,12192.0,2,1,1,1,0,0,1,1,8.9,271.8,0,0,0,0,0,1
182600,51.301,0.0,0,0,1,0,14.388,0.0,0,0,1,0,5.716,1.261,1,33.42,0,0,1,1,0,1,1,0,0,1,0,12192.0,2,1,1,1,0,0,1,1,8.8,270.3,0,0,0,0,0,1
182700,51.301,0.0,0,0,1,0,14.388,0.0,0,0,1,0,5.843,1.261,1,33.73,0,0,1,1,0,1,1,0,0,1,0,12192.0,2,1,1,1,0,0,1,1,8.7,268.7,0,0,0,0,0,1
182800,51.301,0.0,0,0,1,0,14.388,0.0,0,0,1,0,5.969,1.261,1,33.73,0,0,1,1,0,1,1,0,0,1,0,12192.0,2,1,1,1,0,0,1,1,7.8,269.8,0,0,0,0,0,1
182900,51.301,0.0,0,0,1,0,14.388,0.0,0,0,1,0,6.095,1.261,1,33.43,0,0,1,1,0,1,1,0,0,1,0,12192.0,2,1,1,1,0,0,1,1,8.2,268.3,0,0,0,0,0,1
183000,51.301,0.0,0,0,1,0,14.388,0.0,0,0,1,0,6.221,1.261,1,33.75,0,0,1,1,0,1,1,0,0,1,0,12192.0,2,1,1,1,0,0,1,1,8.6,272.1,0,0,0,0,0,1
183100,51.301,0.0,0,0,1,0,14.388,0.0,0,0,1,0,6.347,1.261,1,33.7,0,0,1,1,0,1,1,0,0,1,0,12192.0,2,1,1,1,0,0,1,1,8.2,269.7,0,0,0,0,0,1
183200,51.301,0.0,0,0,1,0,14.388,0.0,0,0,1,0,6.473,1.261,1,33.68,0,0,1,1,0,1,1,0,0,1,0,12192.0,2,1,1,1,0,0,1,1,8.7,269.9,0,0,0,0,0,1
183300,51.301,0.0,0,0,1,0,14.388,0.0,0,0,1,0,6.599,1.261,1,33.72,0,0,1,1,0,1,1,0,0,1,0,12192.0,2,1,1,1,0,0,1,1,7.9,274.3,0,0,0,0,0,1
183400,51.301,0.0,0,0,1,0,14.388,0.0,0,0,1,0,6.725,1.261,1,33.49,0,0,1,1,0,1,1,0,0,1,0,12192.0,2,1,1,1,0,0,1,1,8.5,267.0,0,0,0,0,0,1
183500,51.301,0.0,0,0,1,0,14.388,0.0,0,0,1,0,6.852,1.261,1,33.86,0,0,1,1,0,1,1,0,0,1,0,12192.0,2,1,1,1,0,0,1,1,8.3,268.4,0,0,0,0,0,1
183600,51.301,0.0,0,0,1,0,14.388,0.0,0,0,1,0,6.978,1.261,1,33.77,0,0,1,1,0,1,1,0,0,1,0,12192.0,2,1,1,1,0,0,1,1,6.7,268.4,0,0,0,0,0,1
183700,51.301,0.0,0,0,1,0,14.388,0.0,0,0,1,0,7.104,1.261,1,33.77,0,0,1,1,0,1,1,0,0,1,0,12192.0,2,1,1,1,0,0,1,1,8.7,270.2,0,0,0,0,0,1
183800,51.301,0.0,0,0,1,0,14.388,0.0,0,0,1,0,7.23,1.261,1,33.62,0,0,1,1,0,1,1,0,0,1,0,12192.0,2,1,1,1,0,0,1,1,8.0,271.0,0,0,0,0,0,1
183900,51.301,0.0,0,0,1,0,14.388,0.0,0,0,1,0,7.356,1.261,1,33.53,0,0,1,1,0,1,1,0,0,1,0,12192.0,2,1,1,1,0,0,1,1,8.0,268.3,0,0,0,0,0,1
184000,51.301,0.0,0,0,1,0,14.388,0.0,0,0,1,0,7.482,1.261,1,33.61,0,0,1,1,0,1,1,0,0,1,0,12192.0,2,1,1,1,0,0,1,1,7.8,263.2,0,0,0,0,0,1
184100,51.301,0.0,0,0,1,0,14.388,0.0,0,0,1,0,7.608,1.261,1,33.81,0,0,1,1,0,1,1,0,0,1,0,12192.0,2,1,1,1,0,0,1,1,8.6,266.6,0,0,0,0,0,1
184200,51.301,0.0,0,0,1,0,14.388,0.0,0,0,1,0,7.734,1.261,1,33.7,0,0,1,1,0,1,1,0,0,1,0,12192.0,2,1,1,1,0,0,1,1,7.8,272.0,0,0,0,0,0,1
184300,51.301,0.0,0,0,1,0,14.388,0.0,0,0,1,0,7.861,1.261,1,33.51,0,0,1,1,0,1,1,0,0,1,0,12192.0,2,1,1,1,0,0,1,1,8.0,268.4,0,0,0,0,0,1
184400,51.301,0.0,0,0,1,0,14.388,0.0,0,0,1,0,7.987,1.261,1,33.65,0,0,1,1,0,1,1,0,0,1,0,12192.0,2,1,1,1,0,0,1,1,8.7,275.5,0,0,0,0,0,1
184500,51.301,0.0,0,0,1,0,14.388,0.0,0,0,1,0,8.113,1.261,1,33.6,0,0,1,1,0,1,1,0,0,1,0,12192.0,2,1,1,1,0,0,1,1,7.8,268.4,0,0,0,0,0,1
184600,51.301,0.0,0,0,1,0,14.388,0.0,0,0,1,0,8.239,1.261,1,33.61,0,0,1,1,0,1,1,0,0,1,0,12192.0,2,1,1,1,0,0,1,1,8.0,274.1,0,0,0,0,0,1
184700,51.301,0.0,0,0,1,0,14.388,0.0,0,0,1,0,8.365,1.261,1,33.5,0,0,1,1,0,1,1,0,0,1,0,12192.0,2,1,1,1,0,0,1,1,7.2,273.3,0,0,0,0,0,1
184800,51.301,0.0,0,0,1,0,14.388,0.0,0,0,1,0,8.491,1.261,1,33.63,0,0,1,1,0,1,1,0,0,1,0,12192.0,2,1,1,1,0,0,1,1,7.1,271.7,0,0,0,0,0,1
184900,51.301,0.0,0,0,1,0,14.388,0.0,0,0,1,0,8.617,1.261,1,33.8,0,0,1,1,0,1,1,0,0,1,0,12192.0,2,1,1,1,0,0,1,1,7.8,267.6,0,0,0,0,0,1
185000,51.301,0.0,0,0,1,0,14.388,0.0,0,0,1,0,8.743,1.261,1,33.52,0,0,1,1,0,1,1,0,0,1,0,12192.0,2,1,1,1,0,0,1,1,7.8,268.9,0,0,0,0,0,1
185100,51.301,0.0,0,0,1,0,14.388,0.0,0,0,1,0,8.869,1.261,1,33.89,0,0,1,1,0,1,1,0,0,1,0,12192.0,2,1,1,1,0,0,1,1,8.0,266.7,0,0,0,0,0,1
185200,51.301,0.0,0,0,1,0,14.388,0.0,0,0,1,0,8.996,1.261,1,33.54,0,0,1,1,0,1,1,0,0,1,0,12192.0,2,1,1,1,0,0,1,1,7.3,272.9,0,0,0,0,0,1
185300,51.301,0.0,0,0,1,0,14.388,0.0,0,0,1,0,9.122,1.261,1,33.73,0,0,1,1,0,1,1,0,0,1,0,12192.0,2,1,1,1,0,0,1,1,7.7,271.7,0,0,0,0,0,1
185400,51.301,0.0,0,0,1,0,14.388,0.0,0,0,1,0,9.248,1.261,1,33.65,0,0,1,1,0,1,1,0,0,1,0,12192.0,2,1,1,1,0,0,1,1,7.7,270.5,0,0,0,0,0,1
185500,51.301,0.0,0,0,1,0,14.388,0.0,0,0,1,0,9.374,1.261,1,33.64,0,0,1,1,0,1,1,0,0,1,0,12192.0,2,1,1,1,0,0,1,1,6.8,272.9,0,0,0,0,0,1
185600,51.301,0.0,0,0,1,0,14.388,0.0,0,0,1,0,9.5,1.261,1,33.6,0,0,1,1,0,1,1,0,0,1,0,12192.0,2,1,1,1,0,0,1,1,7.3,265.7,0,0,0,0,0,1
185700,51.301,0.0,0,0,1,0,14.388,0.0,0,0,1,0,9.626,1.261,1,33.7,0,0,1,1,0,1,1,0,0,1,0,12192.0,2,1,1,1,0,0,1,1,7.5,271.5,0,0,0,0,0,1
185800,51.301,0.0,0,0,1,0,14.388,0.0,0,0,1,0,9.752,1.261,1,33.88,0,0,1,1,0,1,1,0,0,1,0,12192.0,2,1,1,1,0,0,1,1,7.6,269.6,0,0,0,0,0,1
185900,51.301,0.0,0,0,1,0,14.388,0.0,0,0,1,0,9.878,1.261,1,33.61,0,0,1,1,0,1,1,0,0,1,0,12192.0,2,1,1,1,0,0,1,1,6.9,268.5,0,0,0,0,0,1
186000,51.301,0.0,0,0,1,0,14.388,0.0,0,0,1,0,10.005,1.261,1,33.65,0,0,1,1,0,1,1,0,0,1,0,12192.0,2,1,1,1,0,0,1,1,6.7,267.1,0,0,0,0,0,1
186100,51.301,0.0,0,0,1,0,14.388,0.0,0,0,1,0,10.131,1.261,1,33.58,0,0,1,1,0,1,1,0,0,1,0,12192.0,2,1,1,1,0,0,1,1,7.6,272.3,0,0,0,0,0,1
186200,51.301,0.0,0,0,1,0,14.388,0.0,0,0,1,0,10.257,1.261,1,33.73,0,0,1,1,0,1,1,0,0,1,0,12192.0,2,1,1,1,0,0,1,1,7.3,265.7,0,0,0,0,0,1
186300,51.301,0.0,0,0,1,0,14.388,0.0,0,0,1,0,10.383,1.261,1,33.38,0,0,1,1,0,1,1,0,0,1,0,12192.0,2,1,1,1,0,0,1,1,8.3,267.8,0,0,0,0,0,1
186400,51.301,0.0,0,0,1,0,14.388,0.0,0,0,1,0,10.509,1.261,1,33.66,0,0,1,1,0,1,1,0,0,1,0,12192.0,2,1,1,1,0,0,1,1,6.9,272.4,0,0,0,0,0,1
186500,51.301,0.0,0,0,1,0,14.388,0.0,0,0,1,0,10.635,1.261,1,33.6,0,0,1,1,0,1,1,0,0,1,0,12192.0,2,1,1,1,0,0,1,1,7.8,269.9,0,0,0,0,0,1
186600,51.301,0.0,0,0,1,0,14.388,0.0,0,0,1,0,10.761,1.261,1,33.56,0,0,1,1,0,1,1,0,0,1,0,12192.0,2,1,1,1,0,0,1,1,6.5,269.0,0,0,0,0,0,1
186700,51.301,0.0,0,0,1,0,14.388,0.0,0,0,1,0,10.887,1.261,1,33.69,0,0,1,1,0,1,1,0,0,1,0,12192.0,2,1,1,1,0,0,1,1,7.4,269.9,0,0,0,0,0,1
186800,51.301,0.0,0,0,1,0,14.388,0.0,0,0,1,0,11.014,1.261,1,33.72,0,0,1,1,0,1,1,0,0,1,0,12192.0,2,1,1,1,0,0,1,1,8.0,270.7,0,0,0,0,0,1
186900,51.301,0.0,0,0,1,0,14.388,0.0,0,0,1,0,11.14,1.261,1,33.83,0,0,1,1,0,1,1,0,0,1,0,12192.0,2,1,1,1,0,0,1,1,7.9,270.8,0,0,0,0,0,1
187000,51.301,0.0,0,0,1,0,14.388,0.0,0,0,1,0,11.266,1.261,1,33.7,0,0,1,1,0,1,1,0,0,1,0,12192.0,2,1,1,1,0,0,1,1,8.1,268.7,0,0,0,0,0,1
187100,51.301,0.0,0,0,1,0,14.388,0.0,0,0,1,0,11.392,1.261,1,33.56,0,0,1,1,0,1,1,0,0,1,0,12192.0,2,1,1,1,0,0,1,1,7.6,273.2,0,0,0,0,0,1
187200,51.301,0.0,0,0,1,0,14.388,0.0,0,0,1,0,11.518,1.261,1,33.73,0,0,1,1,0,1,1,0,0,1,0,12192.0,2,1,1,1,0,0,1,1,7.5,270.6,0,0,0,0,0,1
187300,51.301,0.0,0,0,1,0,14.388,0.0,0,0,1,0,11.644,1.261,1,33.59,0,0,1,1,0,1,1,0,0,1,0,12192.0,2,1,1,1,0,0,1,1,7.3,274.3,0,0,0,0,0,1
187400,51.301,0.0,0,0,1,0,14.388,0.0,0,0,1,0,11.77,1.261,1,33.6,0,0,1,1,0,1,1,0,0,1,0,12192.0,2,1,1,1,0,0,1,1,7.7,269.2,0,0,0,0,0,1
187500,51.301,0.0,0,0,1,0,14.388,0.0,0,0,1,0,11.896,1.261,1,33.69,0,0,1,1,0,1,1,0,0,1,0,12192.0,2,1,1,1,0,0,1,1,7.4,269.1,0,0,0,0,0,1
187600,51.301,0.0,0,0,1,0,14.388,0.0,0,0,1,0,12.017,1.21,1,30.41,0,0,1,1,0,1,1,0,0,1,0,12192.0,2,1,1,1,0,0,1,1,7.3,270.3,0,0,0,0,0,1
187700,51.301,0.0,0,0,1,0,14.388,0.0,0,0,1,0,12.133,1.16,1,30.27,0,0,1,1,0,1,1,0,0,1,0,12192.0,2,1,1,1,0,0,1,1,7.9,271.1,0,0,0,0,0,1
187800,51.301,0.0,0,0,1,0,14.388,0.0,0,0,1,0,12.244,1.109,1,30.26,0,0,1,1,0,1,1,0,0,1,0,12192.0,2,1,1,1,0,0,1,1,7.6,272.9,0,0,0,0,0,1
187900,51.301,0.0,0,0,1,0,14.388,0.0,0,0,1,0,12.35,1.058,1,30.24,0,0,1,1,0,1,1,0,0,1,0,12192.0,2,1,1,1,0,0,1,1,6.7,267.4,0,0,0,0,0,1
188000,51.301,0.0,0,0,1,0,14.388,0.0,0,0,1,0,12.451,1.007,1,30.37,0,0,1,1,0,1,1,0,0,1,0,12192.0,2,1,1,1,0,0,1,1,8.7,271.9,0,0,0,0,0,1
188100,51.301,0.0,0,0,1,0,14.388,0.0,0,0,1,0,12.546,0.956,1,30.4,0,0,1,1,0,1,1,0,0,1,0,12192.0,2,1,1,1,0,0,1,1,8.2,272.0,0,0,0,0,0,1
188200,51.301,0.0,0,0,1,0,14.388,0.0,0,0,1,0,12.637,0.906,1,30.42,0,0,1,1,0,1,1,0,0,1,0,12192.0,2,1,1,1,0,0,1,1,6.9,268.9,0,0,0,0,0,1
188300,51.301,0.0,0,0,1,0,14.388,0.0,0,0,1,0,12.722,0.855,1,30.3,0,0,1,1,0,1,1,0,0,1,0,12192.0,2,1,1,1,0,0,1,1,8.8,270.1,0,0,0,0,0,1
188400,51.301,0.0,0,0,1,0,14.388,0.0,0,0,1,0,12.803,0.804,1,30.22,0,0,1,1,0,1,1,0,0,1,0,12192.0,2,1,1,1,0,0,1,1,8.4,269.1,0,0,0,0,0,1
188500,51.301,0.0,0,0,1,0,14.388,0.0,0,0,1,0,12.878,0.753,1,30.43,0,0,1,1,0,1,1,0,0,1,0,12192.0,2,1,1,1,0,0,1,1,7.9,268.1,0,0,0,0,0,1
188600,51.301,0.0,0,0,1,0,14.388,0.0,0,0,1,0,12.948,0.702,1,30.36,0,0,1,1,0,1,1,0,0,1,0,12192.0,2,1,1,1,0,0,1,1,8.7,268.2,0,0,0,0,0,1
188700,51.301,0.0,0,0,1,0,14.388,0.0,0,0,1,0,13.019,0.704,1,33.81,0,0,1,1,0,1,1,0,0,1,0,12192.0,2,1,1,1,0,0,1,1,8.5,272.2,0,0,0,0,0,1
188800,51.301,0.0,0,0,1,0,14.388,0.0,0,0,1,0,13.084,0.651,1,30.29,0,0,1,1,0,1,1,0,0,1,0,12192.0,2,1,1,1,0,0,1,1,8.5,270.5,0,0,0,0,0,1
188900,51.301,0.0,0,0,1,0,14.388,0.0,0,0,1,0,13.144,0.598,1,30.63,0,0,1,1,0,1,1,0,0,1,0,12192.0,2,1,1,1,0,0,1,1,8.5,272.6,0,0,0,0,0,1
189000,51.301,0.0,0,0,1,0,14.388,0.0,0,0,1,0,13.198,0.545,1,30.32,0,0,1,1,0,1,1,0,0,1,0,12192.0,2,1,1,1,0,0,1,1,8.0,269.1,0,0,0,0,0,1
189100,51.301,0.0,0,0,1,0,14.388,0.0,0,0,1,0,13.247,0.491,1,30.32,0,0,1,1,0,1,1,0,0,1,0,12192.0,2,1,1,1,0,0,1,1,8.3,270.3,0,0,0,0,0,1
189200,51.301,0.0,0,0,1,0,14.388,0.0,0,0,1,0,13.291,0.438,1,30.4,0,0,1,1,0,1,1,0,0,1,0,12192.0,2,1,1,1,0,0,1,1,8.4,276.3,0,0,0,0,0,1
189300,51.301,0.0,0,0,1,0,14.388,0.0,0,0,1,0,13.329,0.383,1,30.34,0,0,1,1,0,1,1,0,0,1,0,12192.0,2,1,1,1,0,0,1,1,7.6,264.0,0,0,0,0,0,1
189400,51.301,0.0,0,0,1,0,14.388,0.0,0,0,1,0,13.362,0.329,1,30.4,0,0,1,1,0,1,1,0,0,1,0,12192.0,2,1,1,1,0,0,1,1,8.3,266.2,0,0,0,0,0,1
189500,51.301,0.0,0,0,1,0,14.388,0.0,0,0,1,0,13.39,0.273,1,30.19,0,0,1,1,0,1,1,0,0,1,0,12192.0,2,1,1,1,0,0,1,1,8.5,268.5,0,0,0,0,0,1
189600,51.301,0.0,0,0,1,0,14.388,0.0,0,0,1,0,13.411,0.216,1,30.01,0,0,1,1,0,1,1,0,0,1,0,12192.0,2,1,1,1,0,0,1,1,8.7,272.6,0,0,0,0,0,1
189700,51.301,0.0,0,0,1,0,14.388,0.0,0,0,1,0,13.427,0.158,1,30.28,0,0,1,1,0,1,1,0,0,1,0,12192.0,2,1,1,1,0,0,1,1,9.0,267.3,0,0,0,0,0,1
189800,51.301,0.0,0,0,1,0,14.388,0.0,0,0,1,0,13.436,0.094,1,30.55,0,0,1,1,0,1,1,0,0,1,0,12192.0,2,1,1,1,0,0,1,1,8.4,266.4,0,0,0,0,0,1
189900,51.301,0.0,0,0,0,0,14.388,0.0,0,0,0,0,13.441,0.0,0,32.02,0,0,0,0,0,1,1,0,0,1,0,12192.0,2,1,1,0,1,0,1,1,8.6,269.6,0,0,0,0,0,1
190000,51.302,0.015,1,1,1,0,14.382,-0.061,0,1,1,0,13.441,0.0,0,31.9,0,0,0,1,0,1,1,0,0,1,0,12192.0,2,1,1,1,0,0,1,1,7.9,266.0,0,0,0,0,0,1
190100,51.305,0.03,1,1,1,0,14.369,-0.122,0,1,1,0,13.441,0.0,0,31.98,0,0,0,1,0,1,1,0,0,1,0,12192.0,2,1,1,1,0,0,1,1,8.6,270.0,0,0,0,0,0,1
190200,51.31,0.045,1,1,1,0,14.351,-0.184,0,1,1,0,13.441,0.0,0,31.81,0,0,0,1,0,1,1,0,0,1,0,12192.0,2,1,1,1,0,0,1,1,8.5,272.1,0,0,0,0,0,1
190300,51.316,0.06,1,1,1,0,14.326,-0.245,0,1,1,0,13.441,0.0,0,31.97,0,0,0,1,0,1,1,0,0,1,0,12192.0,2,1,1,1,0,0,1,1,8.7,271.9,0,0,0,0,0,1
190400,51.323,0.075,1,1,1,0,14.296,-0.306,0,1,1,0,13.441,0.0,0,31.83,0,0,0,1,0,1,1,0,0,1,0,12192.0,2,1,1,1,0,0,1,1,8.6,265.8,0,0,0,0,0,1
190500,51.333,0.09,1,1,1,0,14.259,-0.367,0,1,1,0,13.441,0.0,0,31.86,0,0,0,1,0,1,1,0,0,1,0,12192.0,2,1,1,1,0,0,1,1,9.2,272.3,0,0,0,0,0,1
190600,51.343,0.106,1,1,1,0,14.216,-0.428,0,1,1,0,13.441,0.0,0,32.11,0,0,0,1,0,1,1,0,0,1,0,12192.0,2,1,1,1,0,0,1,1,8.3,273.7,0,0,0,0,0,1
190700,51.355,0.121,1,1,1,0,14.167,-0.49,0,1,1,0,13.441,0.0,0,32.02,0,0,0,1,0,1,1,0,0,1,0,12192.0,2,1,1,1,0,0,1,1,9.1,270.3,0,0,0,0,0,1
190800,51.369,0.136,1,1,1,0,14.112,-0.551,0,1,1,0,13.441,0.0,0,31.98,0,0,0,1,0,1,1,0,0,1,0,12192.0,2,1,1,1,0,0,1,1,8.6,268.3,0,0,0,0,0,1
190900,51.384,0.151,1,1,1,0,14.051,-0.612,0,1,1,0,13.441,0.0,0,31.98,0,0,0,1,0,1,1,0,0,1,0,12192.0,2,1,1,1,0,0,1,1,8.7,272.8,0,0,0,0,0,1
191000,51.4,0.166,1,1,1,0,13.984,-0.673,0,1,1,0,13.441,0.0,0,32.31,0,0,0,1,0,1,1,0,0,1,0,12192.0,2,1,1,1,0,0,1,1,8.6,265.2,0,0,0,0,0,1
191100,51.418,0.181,1,1,1,0,13.91,-0.734,0,1,1,0,13.441,0.0,0,32.05,0,0,0,1,0,1,1,0,0,1,0,12192.0,2,1,1,1,0,0,1,1,8.5,273.2,0,0,0,0,0,1
191200,51.438,0.196,1,1,1,0,13.831,-0.795,0,1,1,0,13.441,0.0,0,31.88,0,0,0,1,0,1,1,0,0,1,0,12192.0,2,1,1,1,0,0,1,1,9.3,271.2,0,0,0,0,0,1
191300,51.459,0.211,1,1,1,0,13.745,-0.857,0,1,1,0,13.441,0.0,0,31.79,0,0,0,1,0,1,1,0,0,1,0,12192.0,2,1,1,1,0,0,1,1,8.5,272.3,0,0,0,0,0,1
191400,51.482,0.226,1,1,1,0,13.653,-0.918,0,1,1,0,13.441,0.0,0,32.18,0,0,0,1,0,1,1,0,0,1,0,12192.0,2,1,1,1,0,0,1,1,9.2,270.0,0,0,0,0,0,1
191500,51.506,0.241,1,1,1,0,13.555,-0.979,0,1,1,0,13.441,0.0,0,31.94,0,0,0,1,0,1,1,0,0,1,0,12192.0,2,1,1,1,0,0,1,1,9.1,275.1,0,0,0,0,0,1
191600,51.532,0.256,1,1,1,0,13.451,-1.04,0,1,1,0,13.441,0.0,0,31.98,0,0,0,1,0,1,1,0,0,1,0,12192.0,2,1,1,1,0,0,1,1,8.7,269.7,0,0,0,0,0,1
191700,51.559,0.271,1,1,1,0,13.341,-1.101,0,1,1,0,13.441,0.0,0,31.96,0,0,0,1,0,1,1,0,0,1,0,12192.0,2,1,1,1,0,0,1,1,8.3,268.3,0,0,0,0,0,1
191800,51.587,0.286,1,1,1,0,13.225,-1.163,0,1,1,0,13.441,0.0,0,31.95,0,0,0,1,0,1,1,0,0,1,0,12192.0,2,1,1,1,0,0,1,1,8.6,275.3,0,0,0,0,0,1
191900,51.618,0.302,1,1,1,0,13.103,-1.224,0,1,1,0,13.441,0.0,0,32.21,0,0,0,1,0,1,1,0,0,1,0,12192.0,2,1,1,1,0,0,1,1,7.6,272.7,0,0,0,0,0,1
192000,51.649,0.317,1,1,1,0,12.974,-1.285,0,1,1,0,13.441,0.0,0,31.97,0,0,0,1,0,1,1,0,0,1,0,12192.0,2,1,1,1,0,0,1,1,8.9,268.4,0,0,0,0,0,1
192100,51.682,0.332,1,1,1,0,12.84,-1.346,0,1,1,0,13.441,0.0,0,31.96,0,0,0,1,0,1,1,0,0,1,0,12192.0,2,1,1,1,0,0,1,1,8.0,270.9,0,0,0,0,0,1
192200,51.717,0.347,1,1,1,0,12.699,-1.407,0,1,1,0,13.441,0.0,0,32.11,0,0,0,1,0,1,1,0,0,1,0,12192.0,2,1,1,1,0,0,1,1,8.7,268.4,0,0,0,0,0,1
192300,51.753,0.362,1,1,1,0,12.552,-1.469,0,1,1,0,13.441,0.0,0,31.66,0,0,0,1,0,1,1,0,0,1,0,12192.0,2,1,1,1,0,0,1,1,8.8,271.2,0,0,0,0,0,1
192400,51.791,0.377,1,1,1,0,12.399,-1.53,0,1,1,0,13.441,0.0,0,31.77,0,0,0,1,0,1,1,0,0,1,0,12192.0,2,1,1,1,0,0,1,1,8.0,265.1,0,0,0,0,0,1
192500,51.83,0.392,1,1,1,0,12.24,-1.591,0,1,1,0,13.441,0.0,0,31.86,0,0,0,1,0,1,1,0,0,1,0,12192.0,2,1,1,1,0,0,1,1,7.6,268.2,0,0,0,0,0,1
192600,51.871,0.407,1,1,1,0,12.075,-1.652,0,1,1,0,13.441,0.0,0,32.0,0,0,0,1,0,1,1,0,0,1,0,12192.0,2,1,1,1,0,0,1,1,8.2,274.1,0,0,0,0,0,1
192700,51.913,0.422,1,1,1,0,11.903,-1.713,0,1,1,0,13.441,0.0,0,31.9,0,0,0,1,0,1,1,0,0,1,0,12192.0,2,1,1,1,0,0,1,1,8.8,266.7,0,0,0,0,0,1
192800,51.957,0.437,1,1,1,0,11.726,-1.775,0,1,1,0,13.441,0.0,0,31.85,0,0,0,1,0,1,1,0,0,1,0,12192.0,2,1,1,1,0,0,1,1,8.4,268.5,0,0,0,0,0,1
192900,52.002,0.452,1,1,1,0,11.542,-1.836,0,1,1,0,13.441,0.0,0,31.94,0,0,0,1,0,1,1,0,0,1,0,12192.0,2,1,1,1,0,0,1,1,7.9,269.0,0,0,0,0,0,1
193000,52.049,0.467,1,1,1,0,11.353,-1.897,0,1,1,0,13.441,0.0,0,32.01,0,0,0,1,0,1,1,0,0,1,0,12192.0,2,1,1,1,0,0,1,1,7.7,271.8,0,0,0,0,0,1
193100,52.097,0.483,1,1,1,0,11.157,-1.958,0,1,1,0,13.441,0.0,0,32.15,0,0,0,1,0,1,1,0,0,1,0,12192.0,2,1,1,1,0,0,1,1,7.7,269.3,0,0,0,0,0,1
193200,52.147,0.498,1,1,1,0,10.955,-2.019,0,1,1,0,13.441,0.0,0,31.88,0,0,0,1,0,1,1,0,0,1,0,12192.0,2,1,1,1,0,0,1,1,8.6,273.4,0,0,0,0,0,1
193300,52.198,0.513,1,1,1,0,10.747,-2.081,0,1,1,0,13.441,0.0,0,32.04,0,0,0,1,0,1,1,0,0,1,0,12192.0,2,1,1,1,0,0,1,1,8.3,271.6,0,0,0,0,0,1
193400,52.251,0.528,1,1,1,0,10.533,-2.142,0,1,1,0,13.441,0.0,0,32.05,0,0,0,1,0,1,1,0,0,1,0,12192.0,2,1,1,1,0,0,1,1,7.3,270.1,0,0,0,0,0,1
193500,52.305,0.543,1,1,1,0,10.312,-2.203,0,1,1,0,13.441,0.0,0,31.97,0,0,0,1,0,1,1,0,0,1,0,12192.0,2,1,1,1,0,0,1,1,8.2,269.7,0,0,0,0,0,1
193600,52.361,0.558,1,1,1,0,10.086,-2.264,0,1,1,0,13.441,0.0,0,31.97,0,0,0,1,0,1,1,0,0,1,0,12192.0,2,1,1,1,0,0,1,1,7.8,273.8,0,0,0,0,0,1
193700,52.418,0.573,1,1,1,0,9.853,-2.325,0,1,1,0,13.441,0.0,0,31.91,0,0,0,1,0,1,1,0,0,1,0,12192.0,2,1,1,1,0,0,1,1,7.3,269.6,0,0,0,0,0,1
193800,52.477,0.588,1,1,1,0,9.615,-2.386,0,1,1,0,13.441,0.0,0,31.97,0,0,0,1,0,1,1,0,0,1,0,12192.0,2,1,1,1,0,0,1,1,7.5,268.9,0,0,0,0,0,1
193900,52.537,0.603,1,1,1,0,9.37,-2.448,0,1,1,0,13.441,0.0,0,31.93,0,0,0,1,0,1,1,0,0,1,0,12192.0,2,1,1,1,0,0,1,1,7.6,269.3,0,0,0,0,0,1
194000,52.599,0.618,1,1,1,0,9.119,-2.509,0,1,1,0,13.441,0.0,0,32.0,0,0,0,1,0,1,1,0,0,1,0,12192.0,2,1,1,1,0,0,1,1,7.6,273.1,0,0,0,0,0,1
194100,52.662,0.633,1,1,1,0,8.862,-2.57,0,1,1,0,13.441,0.0,0,31.95,0,0,0,1,0,1,1,0,0,1,0,12192.0,2,1,1,1,0,0,1,1,7.8,271.4,0,0,0,0,0,1
194200,52.727,0.648,1,1,1,0,8.599,-2.631,0,1,1,0,13.441,0.0,0,31.81,0,0,0,1,0,1,1,0,0,1,0,12192.0,2,1,1,1,0,0,1,1,7.0,273.3,0,0,0,0,0,1
194300,52.794,0.663,1,1,1,0,8.33,-2.692,0,1,1,0,13.441,0.0,0,32.17,0,0,0,1,0,1,1,0,0,1,0,12192.0,2,1,1,1,0,0,1,1,6.9,265.3,0,0,0,0,0,1
194400,52.862,0.679,1,1,1,0,8.067,-2.631,0,1,1,0,13.441,0.0,0,31.8,0,0,0,1,0,1,1,0,0,1,0,12192.0,2,1,1,1,0,0,1,1,7.2,271.8,0,0,0,0,0,1
194500,52.931,0.694,1,1,1,0,7.81,-2.57,0,1,1,0,13.441,0.0,0,31.98,0,0,0,1,0,1,1,0,0,1,0,12192.0,2,1,1,1,0,0,1,1,6.9,271.9,0,0,0,0,0,1
194600,53.002,0.709,1,1,1,0,7.559,-2.509,0,1,1,0,13.441,0.0,0,31.95,0,0,0,1,0,1,1,0,0,1,0,12192.0,2,1,1,1,0,0,1,1,7.7,268.7,0,0,0,0,0,1
194700,53.073,0.711,1,1,1,0,7.314,-2.448,0,1,1,0,13.441,0.0,0,31.86,0,0,0,1,0,1,1,0,0,1,0,12192.0,2,1,1,1,0,0,1,1,7.7,269.5,0,0,0,0,0,1
194800,53.144,0.711,1,1,1,0,7.075,-2.386,0,1,1,0,13.441,0.0,0,32.0,0,0,0,1,0,1,1,0,0,1,0,12192.0,2,1,1,1,0,0,1,1,7.1,267.9,0,0,0,0,0,1
194900,53.215,0.711,1,1,1,0,6.843,-2.325,0,1,1,0,13.441,0.0,0,32.12,0,0,0,1,0,1,1,0,0,1,0,12192.0,2,1,1,1,0,0,1,1,8.0,270.8,0,0,0,0,0,1
195000,53.286,0.711,1,1,1,0,6.616,-2.264,0,1,1,0,13.441,0.0,0,32.06,0,0,0,1,0,1,1,0,0,1,0,12192.0,2,1,1,1,0,0,1,1,7.8,272.1,0,0,0,0,0,1
195100,53.357,0.711,1,1,1,0,6.396,-2.203,0,1,1,0,13.441,0.0,0,31.86,0,0,0,1,0,1,1,0,0,1,0,12192.0,2,1,1,1,0,0,1,1,6.9,270.1,0,0,0,0,0,1
195200,53.428,0.711,1,1,1,0,6.182,-2.142,0,1,1,0,13.441,0.0,0,32.19,0,0,0,1,0,1,1,0,0,1,0,12192.0,2,1,1,1,0,0,1,1,7.2,273.8,0,0,0,0,0,1
195300,53.499,0.711,1,1,1,0,5.974,-2.081,0,1,1,0,13.441,0.0,0,32.12,0,0,0,1,0,1,1,0,0,1,0,12192.0,2,1,1,1,0,0,1,1,7.9,267.7,0,0,0,0,0,1
195400,53.57,0.711,1,1,1,0,5.772,-2.019,0,1,1,0,13.441,0.0,0,32.14,0,0,0,1,0,1,1,0,0,1,0,12192.0,2,1,1,1,0,0,1,1,8.1,270.4,0,0,0,0,0,1
195500,53.641,0.711,1,1,1,0,5.576,-1.958,0,1,1,0,13.441,0.0,0,32.05,0,0,0,1,0,1,1,0,0,1,0,12192.0,2,1,1,1,0,0,1,1,7.3,268.0,0,0,0,0,0,1
195600,53.712,0.711,1,1,1,0,5.386,-1.897,0,1,1,0,13.441,0.0,0,32.01,0,0,0,1,0,1,1,0,0,1,0,12192.0,2,1,1,1,0,0,1,1,7.3,267.5,0,0,0,0,0,1
195700,53.783,0.711,1,1,1,0,5.203,-1.836,0,1,1,0,13.441,0.0,0,32.15,0,0,0,1,0,1,1,0,0,1,0,12192.0,2,1,1,1,0,0,1,1,7.4,272.8,0,0,0,0,0,1
195800,53.855,0.711,1,1,1,0,5.025,-1.775,0,1,1,0,13.441,0.0,0,32.22,0,0,0,1,0,1,1,0,0,1,0,12192.0,2,1,1,1,0,0,1,1,7.6,269.7,0,0,0,0,0,1
195900,53.926,0.711,1,1,1,0,4.854,-1.713,0,1,1,0,13.441,0.0,0,32.03,0,0,0,1,0,1,1,0,0,1,0,12192.0,2,1,1,1,0,0,1,1,7.2,270.3,0,0,0,0,0,1
196000,53.997,0.711,1,1,1,0,4.689,-1.652,0,1,1,0,13.441,0.0,0,32.09,0,0,0,1,0,1,1,0,0,1,0,12192.0,2,1,1,1,0,0,1,1,8.0,268.9,0,0,0,0,0,1
196100,54.068,0.711,1,1,1,0,4.53,-1.591,0,1,1,0,13.441,0.0,0,31.8,0,0,0,1,0,1,1,0,0,1,0,12192.0,2,1,1,1,0,0,1,1,7.0,269.7,0,0,0,0,0,1
196200,54.139,0.711,1,1,1,0,4.377,-1.53,0,1,1,0,13.441,0.0,0,32.08,0,0,0,1,0,1,1,0,0,1,0,12192.0,2,1,1,1,0,0,1,1,7.2,270.3,0,0,0,0,0,1
196300,54.21,0.711,1,1,1,0,4.23,-1.469,0,1,1,0,13.441,0.0,0,31.98,0,0,0,1,0,1,1,0,0,1,0,12192.0,2,1,1,1,0,0,1,1,7.5,265.4,0,0,0,0,0,1
196400,54.281,0.711,1,1,1,0,4.089,-1.407,0,1,1,0,13.441,0.0,0,32.03,0,0,0,1,0,1,1,0,0,1,0,12192.0,2,1,1,1,0,0,1,1,7.8,274.7,0,0,0,0,0,1
196500,54.352,0.711,1,1,1,0,3.954,-1.346,0,1,1,0,13.441,0.0,0,32.04,0,0,0,1,0,1,1,0,0,1,0,12192.0,2,1,1,1,0,0,1,1,7.7,270.5,0,0,0,0,0,1
196600,54.423,0.711,1,1,1,0,3.826,-1.285,0,1,1,0,13.441,0.0,0,31.84,0,0,0,1,0,1,1,0,0,1,0,12192.0,2,1,1,1,0,0,1,1,7.2,267.3,0,0,0,0,0,1
196700,54.494,0.711,1,1,1,0,3.704,-1.224,0,1,1,0,13.441,0.0,0,32.03,0,0,0,1,0,1,1,0,0,1,0,12192.0,2,1,1,1,0,0,1,1,7.6,270.5,0,0,0,0,0,1
196800,54.565,0.711,1,1,1,0,3.587,-1.163,0,1,1,0,13.441,0.0,0,32.07,0,0,0,1,0,1,1,0,0,1,0,12192.0,2,1,1,1,0,0,1,1,8.3,269.5,0,0,0,0,0,1
196900,54.636,0.711,1,1,1,0,3.477,-1.101,0,1,1,0,13.441,0.0,0,31.88,0,0,0,1,0,1,1,0,0,1,0,12192.0,2,1,1,1,0,0,1,1,6.8,268.8,0,0,0,0,0,1
197000,54.707,0.711,1,1,1,0,3.373,-1.04,0,1,1,0,13.441,0.0,0,31.97,0,0,0,1,0,1,1,0,0,1,0,12192.0,2,1,1,1,0,0,1,1,8.0,266.9,0,0,0,0,0,1
197100,54.778,0.711,1,1,1,0,3.275,-0.978,0,1,1,0,13.441,0.0,0,31.98,0,0,0,1,0,1,1,0,0,1,0,12192.0,2,1,1,1,0,0,1,1,8.2,273.0,0,0,0,0,0,1
197200,54.849,0.711,1,1,1,0,3.184,-0.915,0,1,1,0,13.441,0.0,0,32.0,0,0,0,1,0,1,1,0,0,1,0,12192.0,2,1,1,1,0,0,1,1,8.2,267.3,0,0,0,0,0,1
197300,54.92,0.711,1,1,1,0,3.099,-0.851,0,1,1,0,13.441,0.0,0,31.96,0,0,0,1,0,1,1,0,0,1,0,12192.0,2,1,1,1,0,0,1,1,8.5,268.7,0,0,0,0,0,1
197400,54.992,0.711,1,1,1,0,3.02,-0.788,0,1,1,0,13.441,0.0,0,31.88,0,0,0,1,0,1,1,0,0,1,0,12192.0,2,1,1,1,0,0,1,1,8.4,269.7,0,0,0,0,0,1
197500,55.063,0.711,1,1,1,0,2.947,-0.724,0,1,1,0,13.441,0.0,0,32.13,0,0,0,1,0,1,1,0,0,1,0,12192.0,2,1,1,1,0,0,1,1,8.0,274.6,0,0,0,0,0,1
197600,55.134,0.711,1,1,1,0,2.881,-0.66,0,1,1,0,13.441,0.0,0,32.15,0,0,0,1,0,1,1,0,0,1,0,12192.0,2,1,1,1,0,0,1,1,7.1,266.2,0,0,0,0,0,1
197700,55.205,0.711,1,1,1,0,2.822,-0.596,0,1,1,0,13.441,0.0,0,31.97,0,0,0,1,0,1,1,0,0,1,0,12192.0,2,1,1,1,0,0,1,1,7.5,268.9,0,0,0,0,0,1
197800,55.276,0.711,1,1,1,0,2.769,-0.531,0,1,1,0,13.441,0.0,0,31.93,0,0,0,1,0,1,1,0,0,1,0,12192.0,2,1,1,1,0,0,1,1,8.9,271.5,0,0,0,0,0,1
197900,55.347,0.711,1,1,1,0,2.722,-0.466,0,1,1,0,13.441,0.0,0,32.2,0,0,0,1,0,1,1,0,0,1,0,12192.0,2,1,1,1,0,0,1,1,8.2,270.6,0,0,0,0,0,1
198000,55.418,0.711,1,1,1,0,2.682,-0.4,0,1,1,0,13.441,0.0,0,31.75,0,0,0,1,0,1,1,0,0,1,0,12192.0,2,1,1,1,0,0,1,1,8.2,274.0,0,0,0,0,0,1
198100,55.489,0.711,1,1,1,0,2.649,-0.333,0,1,1,0,13.441,0.0,0,31.92,0,0,0,1,0,1,1,0,0,1,0,12192.0,2,1,1,1,0,0,1,1,7.6,274.2,0,0,0,0,0,1
198200,55.56,0.711,1,1,1,0,2.622,-0.265,0,1,1,0,13.441,0.0,0,32.11,0,0,0,1,0,1,1,0,0,1,0,12192.0,2,1,1,1,0,0,1,1,7.7,268.9,0,0,0,0,0,1
198300,55.631,0.711,1,1,1,0,2.603,-0.195,0,1,1,0,13.441,0.0,0,32.17,0,0,0,1,0,1,1,0,0,1,0,12192.0,2,1,1,1,0,0,1,1,8.5,273.0,0,0,0,0,0,1
198400,55.702,0.711,1,1,1,0,2.591,-0.118,0,1,1,0,13.441,0.0,0,32.1,0,0,0,1,0,1,1,0,0,1,0,12192.0,2,1,1,1,0,0,1,1,8.7,266.8,0,0,0,0,0,1
198500,55.773,0.711,1,1,1,0,2.585,0.0,0,0,1,0,13.441,0.0,0,32.12,0,0,0,1,0,1,1,0,0,1,0,12192.0,2,1,1,1,0,0,1,1,8.2,268.9,0,0,0,0,0,1
198600,55.844,0.711,1,1,1,0,2.585,0.0,0,0,1,0,13.441,0.0,0,31.98,0,0,0,1,0,1,1,0,0,1,0,12192.0,2,1,1,1,0,0,1,1,8.6,268.2,0,0,0,0,0,1
198700,55.915,0.711,1,1,1,0,2.585,0.0,0,0,1,0,13.441,0.0,0,32.02,0,0,0,1,0,1,1,0,0,1,0,12192.0,2,1,1,1,0,0,1,1,8.0,269.8,0,0,0,0,0,1
198800,55.986,0.711,1,1,1,0,2.585,0.0,0,0,1,0,13.441,0.0,0,32.01,0,0,0,1,0,1,1,0,0,1,0,12192.0,2,1,1,1,0,0,1,1,8.5,270.6,0,0,0,0,0,1
198900,56.057,0.711,1,1,1,0,2.585,0.0,0,0,1,0,13.441,0.0,0,31.75,0,0,0,1,0,1,1,0,0,1,0,12192.0,2,1,1,1,0,0,1,1,8.0,267.7,0,0,0,0,0,1
199000,56.129,0.711,1,1,1,0,2.585,0.0,0,0,1,0,13.441,0.0,0,31.88,0,0,0,1,0,1,1,0,0,1,0,12192.0,2,1,1,1,0,0,1,1,8.3,269.0,0,0,0,0,0,1
199100,56.2,0.711,1,1,1,0,2.585,0.0,0,0,1,0,13.441,0.0,0,31.96,0,0,0,1,0,1,1,0,0,1,0,12192.0,2,1,1,1,0,0,1,1,8.7,270.0,0,0,0,0,0,1
199200,56.271,0.711,1,1,1,0,2.585,0.0,0,0,1,0,13.441,0.0,0,31.98,0,0,0,1,0,1,1,0,0,1,0,12192.0,2,1,1,1,0,0,1,1,8.7,264.8,0,0,0,0,0,1
199300,56.342,0.711,1,1,1,0,2.585,0.0,0,0,1,0,13.441,0.0,0,31.99,0,0,0,1,0,1,1,0,0,1,0,12192.0,2,1,1,1,0,0,1,1,9.3,273.9,0,0,0,0,0,1
199400,56.413,0.711,1,1,1,0,2.585,0.0,0,0,1,0,13.441,0.0,0,32.21,0,0,0,1,0,1,1,0,0,1,0,12192.0,2,1,1,1,0,0,1,1,8.7,269.3,0,0,0,0,0,1
199500,56.484,0.711,1,1,1,0,2.585,0.0,0,0,1,0,13.441,0.0,0,31.9,0,0,0,1,0,1,1,0,0,1,0,12192.0,2,1,1,1,0,0,1,1,9.4,269.7,0,0,0,0,0,1
199600,56.555,0.711,1,1,1,0,2.585,0.0,0,0,1,0,13.441,0.0,0,31.87,0,0,0,1,0,1,1,0,0,1,0,12192.0,2,1,1,1,0,0,1,1,8.5,270.1,0,0,0,0,0,1
199700,56.626,0.711,1,1,1,0,2.585,0.0,0,0,1,0,13.441,0.0,0,31.65,0,0,0,1,0,1,1,0,0,1,0,12192.0,2,1,1,1,0,0,1,1,8.3,267.6,0,0,0,0,0,1
199800,56.697,0.711,1,1,1,0,2.585,0.0,0,0,1,0,13.441,0.0,0,31.85,0,0,0,1,0,1,1,0,0,1,0,12192.0,2,1,1,1,0,0,1,1,8.9,269.5,0,0,0,0,0,1
199900,56.768,0.711,1,1,1,0,2.585,0.0,0,0,1,0,13.441,0.0,0,32.01,0,0,0,1,0,1,1,0,0,1,0,12192.0,2,1,1,1,0,0,1,1,8.1,272.6,0,0,0,0,0,1
200000,56.839,0.711,1,1,1,0,2.585,0.0,0,0,1,0,13.441,0.0,0,31.92,0,0,0,1,0,1,1,0,0,1,0,12192.0,2,1,1,1,0,0,1,1,8.5,272.7,0,0,0,0,0,1
200100,56.91,0.711,1,1,1,0,2.585,0.0,0,0,1,0,13.441,0.0,0,32.06,0,0,0,1,0,1,1,0,0,1,0,12192.0,2,1,1,1,0,0,1,1,8.0,269.8,0,0,0,0,0,1
200200,56.981,0.711,1,1,1,0,2.585,0.0,0,0,1,0,13.441,0.0,0,32.08,0,0,0,1,0,1,1,0,0,1,0,12192.0,2,1,1,1,0,0,1,1,9.1,271.4,0,0,0,0,0,1
200300,57.052,0.711,1,1,1,0,2.585,0.0,0,0,1,0,13.441,0.0,0,32.03,0,0,0,1,0,1,1,0,0,1,0,12192.0,2,1,1,1,0,0,1,1,8.6,273.0,0,0,0,0,0,1
200400,57.123,0.711,1,1,1,0,2.585,0.0,0,0,1,0,13.441,0.0,0,32.0,0,0,0,1,0,1,1,0,0,1,0,12192.0,2,1,1,1,0,0,1,1,8.3,267.5,0,0,0,0,0,1
200500,57.194,0.711,1,1,1,0,2.585,0.0,0,0,1,0,13.441,0.0,0,32.01,0,0,0,1,0,1,1,0,0,1,0,12192.0,2,1,1,1,0,0,1,1,8.8,269.1,0,0,0,0,0,1
200600,57.266,0.711,1,1,1,0,2.585,0.0,0,0,1,0,13.441,0.0,0,31.91,0,0,0,1,0,1,1,0,0,1,0,12192.0,2,1,1,1,0,0,1,1,8.5,265.2,0,0,0,0,0,1
200700,57.337,0.711,1,1,1,0,2.585,0.0,0,0,1,0,13.441,0.0,0,32.03,0,0,0,1,0,1,1,0,0,1,0,12192.0,2,1,1,1,0,0,1,1,8.1,273.5,0,0,0,0,0,1
200800,57.408,0.711,1,1,1,0,2.585,0.0,0,0,1,0,13.441,0.0,0,31.79,0,0,0,1,0,1,1,0,0,1,0,12192.0,2,1,1,1,0,0,1,1,8.7,269.0,0,0,0,0,0,1
200900,57.479,0.711,1,1,1,0,2.585,0.0,0,0,1,0,13.441,0.0,0,31.92,0,0,0,1,0,1,1,0,0,1,0,12192.0,2,1,1,1,0,0,1,1,8.5,266.2,0,0,0,0,0,1
201000,57.55,0.711,1,1,1,0,2.585,0.0,0,0,1,0,13.441,0.0,0,32.04,0,0,0,1,0,1,1,0,0,1,0,12192.0,2,1,1,1,0,0,1,1,8.0,269.3,0,0,0,0,0,1
201100,57.621,0.711,1,1,1,0,2.585,0.0,0,0,1,0,13.441,0.0,0,32.1,0,0,0,1,0,1,1,0,0,1,0,12192.0,2,1,1,1,0,0,1,1,8.0,269.1,0,0,0,0,0,1
201200,57.692,0.711,1,1,1,0,2.585,0.0,0,0,1,0,13.441,0.0,0,32.08,0,0,0,1,0,1,1,0,0,1,0,12192.0,2,1,1,1,0,0,1,1,8.1,271.3,0,0,0,0,0,1
201300,57.763,0.711,1,1,1,0,2.585,0.0,0,0,1,0,13.441,0.0,0,32.01,0,0,0,1,0,1,1,0,0,1,0,12192.0,2,1,1,1,0,0,1,1,8.4,266.1,0,0,0,0,0,1
201400,57.834,0.711,1,1,1,0,2.585,0.0,0,0,1,0,13.441,0.0,0,31.92,0,0,0,1,0,1,1,0,0,1,0,12192.0,2,1,1,1,0,0,1,1,8.7,271.0,0,0,0,0,0,1
201500,57.905,0.711,1,1,1,0,2.585,0.0,0,0,1,0,13.441,0.0,0,31.96,0,0,0,1,0,1,1,0,0,1,0,12192.0,2,1,1,1,0,0,1,1,8.2,268.3,0,0,0,0,0,1
201600,57.976,0.711,1,1,1,0,2.585,0.0,0,0,1,0,13.441,0.0,0,32.13,0,0,0,1,0,1,1,0,0,1,0,12192.0,2,1,1,1,0,0,1,1,8.0,270.1,0,0,0,0,0,1
201700,58.047,0.711,1,1,1,0,2.585,0.0,0,0,1,0,13.441,0.0,0,31.9,0,0,0,1,0,1,1,0,0,1,0,12192.0,2,1,1,1,0,0,1,1,7.5,272.3,0,0,0,0,0,1
201800,58.118,0.711,1,1,1,0,2.585,0.0,0,0,1,0,13.441,0.0,0,31.76,0,0,0,1,0,1,1,0,0,1,0,12192.0,2,1,1,1,0,0,1,1,7.9,267.7,0,0,0,0,0,1
201900,58.189,0.711,1,1,1,0,2.585,0.0,0,0,1,0,13.441,0.0,0,32.02,0,0,0,1,0,1,1,0,0,1,0,12192.0,2,1,1,1,0,0,1,1,7.5,273.0,0,0,0,0,0,1
202000,58.26,0.711,1,1,1,0,2.585,0.0,0,0,1,0,13.441,0.0,0,32.02,0,0,0,1,0,1,1,0,0,1,0,12192.0,2,1,1,1,0,0,1,1,7.7,274.0,0,0,0,0,0,1
202100,58.331,0.711,1,1,1,0,2.585,0.0,0,0,1,0,13.441,0.0,0,31.86,0,0,0,1,0,1,1,0,0,1,0,12192.0,2,1,1,1,0,0,1,1,7.6,276.1,0,0,0,0,0,1
202200,58.403,0.711,1,1,1,0,2.585,0.0,0,0,1,0,13.441,0.0,0,32.1,0,0,0,1,0,1,1,0,0,1,0,12192.0,2,1,1,1,0,0,1,1,7.5,275.4,0,0,0,0,0,1
202300,58.474,0.711,1,1,1,0,2.585,0.0,0,0,1,0,13.441,0.0,0,31.85,0,0,0,1,0,1,1,0,0,1,0,12192.0,2,1,1,1,0,0,1,1,8.0,270.7,0,0,0,0,0,1
202400,58.545,0.711,1,1,1,0,2.585,0.0,0,0,1,0,13.441,0.0,0,32.02,0,0,0,1,0,1,1,0,0,1,0,12192.0,2,1,1,1,0,0,1,1,7.9,269.1,0,0,0,0,0,1
202500,58.616,0.711,1,1,1,0,2.585,0.0,0,0,1,0,13.441,0.0,0,32.08,0,0,0,1,0,1,1,0,0,1,0,12192.0,2,1,1,1,0,0,1,1,7.0,268.5,0,0,0,0,0,1
202600,58.687,0.711,1,1,1,0,2.585,0.0,0,0,1,0,13.441,0.0,0,32.1,0,0,0,1,0,1,1,0,0,1,0,12192.0,2,1,1,1,0,0,1,1,7.8,272.6,0,0,0,0,0,1
202700,58.758,0.711,1,1,1,0,2.585,0.0,0,0,1,0,13.441,0.0,0,31.78,0,0,0,1,0,1,1,0,0,1,0,12192.0,2,1,1,1,0,0,1,1,7.2,274.9,0,0,0,0,0,1
202800,58.829,0.711,1,1,1,0,2.585,0.0,0,0,1,0,13.441,0.0,0,31.81,0,0,0,1,0,1,1,0,0,1,0,12192.0,2,1,1,1,0,0,1,1,8.1,270.3,0,0,0,0,0,1
202900,58.9,0.711,1,1,1,0,2.585,0.0,0,0,1,0,13.441,0.0,0,31.83,0,0,0,1,0,1,1,0,0,1,0,12192.0,2,1,1,1,0,0,1,1,7.2,270.5,0,0,0,0,0,1
203000,58.971,0.711,1,1,1,0,2.585,0.0,0,0,1,0,13.441,0.0,0,31.97,0,0,0,1,0,1,1,0,0,1,0,12192.0,2,1,1,1,0,0,1,1,8.0,268.0,0,0,0,0,0,1
203100,59.042,0.711,1,1,1,0,2.585,0.0,0,0,1,0,13.441,0.0,0,31.86,0,0,0,1,0,1,1,0,0,1,0,12192.0,2,1,1,1,0,0,1,1,7.5,267.1,0,0,0,0,0,1
203200,59.113,0.711,1,1,1,0,2.585,0.0,0,0,1,0,13.441,0.0,0,31.94,0,0,0,1,0,1,1,0,0,1,0,12192.0,2,1,1,1,0,0,1,1,7.0,267.9,0,0,0,0,0,1
203300,59.184,0.711,1,1,1,0,2.585,0.0,0,0,1,0,13.441,0.0,0,32.1,0,0,0,1,0,1,1,0,0,1,0,12192.0,2,1,1,1,0,0,1,1,7.8,264.9,0,0,0,0,0,1
203400,59.255,0.711,1,1,1,0,2.585,0.0,0,0,1,0,13.441,0.0,0,31.79,0,0,0,1,0,1,1,0,0,1,0,12192.0,2,1,1,1,0,0,1,1,8.2,267.7,0,0,0,0,0,1
203500,59.326,0.711,1,1,1,0,2.585,0.0,0,0,1,0,13.441,0.0,0,32.09,0,0,0,1,0,1,1,0,0,1,0,12192.0,2,1,1,1,0,0,1,1,7.9,270.3,0,0,0,0,0,1
203600,59.397,0.711,1,1,1,0,2.585,0.0,0,0,1,0,13.441,0.0,0,31.9,0,0,0,1,0,1,1,0,0,1,0,12192.0,2,1,1,1,0,0,1,1,7.5,269.3,0,0,0,0,0,1
203700,59.468,0.711,1,1,1,0,2.585,0.0,0,0,1,0,13.441,0.0,0,31.86,0,0,0,1,0,1,1,0,0,1,0,12192.0,2,1,1,1,0,0,1,1,7.0,276.6,0,0,0,0,0,1
203800,59.54,0.711,1,1,1,0,2.585,0.0,0,0,1,0,13.441,0.0,0,32.01,0,0,0,1,0,1,1,0,0,1,0,12192.0,2,1,1,1,0,0,1,1,7.4,271.9,0,0,0,0,0,1
203900,59.611,0.711,1,1,1,0,2.585,0.0,0,0,1,0,13.441,0.0,0,31.73,0,0,0,1,0,1,1,0,0,1,0,12192.0,2,1,1,1,0,0,1,1,8.4,273.4,0,0,0,0,0,1
204000,59.682,0.711,1,1,1,0,2.585,0.0,0,0,1,0,13.441,0.0,0,32.18,0,0,0,1,0,1,1,0,0,1,0,12192.0,2,1,1,1,0,0,1,1,7.6,271.7,0,0,0,0,0,1
204100,59.753,0.711,1,1,1,0,2.585,0.0,0,0,1,0,13.441,0.0,0,32.02,0,0,0,1,0,1,1,0,0,1,0,12192.0,2,1,1,1,0,0,1,1,7.7,273.4,0,0,0,0,0,1
204200,59.824,0.711,1,1,1,0,2.585,0.0,0,0,1,0,13.441,0.0,0,32.11,0,0,0,1,0,1,1,0,0,1,0,12192.0,2,1,1,1,0,0,1,1,6.5,268.8,0,0,0,0,0,1
204300,59.895,0.711,1,1,1,0,2.585,0.0,0,0,1,0,13.441,0.0,0,32.13,0,0,0,1,0,1,1,0,0,1,0,12192.0,2,1,1,1,0,0,1,1,7.5,263.3,0,0,0,0,0,1
204400,59.966,0.711,1,1,1,0,2.585,0.0,0,0,1,0,13.441,0.0,0,32.08,0,0,0,1,0,1,1,0,0,1,0,12192.0,2,1,1,1,0,0,1,1,7.3,265.3,0,0,0,0,0,1
204500,60.037,0.711,1,1,1,0,2.585,0.0,0,0,1,0,13.441,0.0,0,31.86,0,0,0,1,0,1,1,0,0,1,0,12192.0,2,1,1,1,0,0,1,1,6.8,268.3,0,0,0,0,0,1
204600,60.108,0.711,1,1,1,0,2.585,0.0,0,0,1,0,13.441,0.0,0,32.04,0,0,0,1,0,1,1,0,0,1,0,12192.0,2,1,1,1,0,0,1,1,7.3,269.1,0,0,0,0,0,1
204700,60.179,0.711,1,1,1,0,2.585,0.0,0,0,1,0,13.441,0.0,0,31.89,0,0,0,1,0,1,1,0,0,1,0,12192.0,2,1,1,1,0,0,1,1,8.5,269.1,0,0,0,0,0,1
204800,60.25,0.711,1,1,1,0,2.585,0.0,0,0,1,0,13.441,0.0,0,32.04,0,0,0,1,0,1,1,0,0,1,0,12192.0,2,1,1,1,0,0,1,1,7.1,269.5,0,0,0,0,0,1
204900,60.321,0.711,1,1,1,0,2.585,0.0,0,0,1,0,13.441,0.0,0,31.91,0,0,0,1,0,1,1,0,0,1,0,12192.0,2,1,1,1,0,0,1,1,7.5,270.1,0,0,0,0,0,1
205000,60.392,0.711,1,1,1,0,2.585,0.0,0,0,1,0,13.441,0.0,0,31.92,0,0,0,1,0,1,1,0,0,1,0,12192.0,2,1,1,1,0,0,1,1,7.9,268.4,0,0,0,0,0,1
205100,60.463,0.711,1,1,1,0,2.585,0.0,0,0,1,0,13.441,0.0,0,31.83,0,0,0,1,0,1,1,0,0,1,0,12192.0,2,1,1,1,0,0,1,1,6.9,269.9,0,0,0,0,0,1
205200,60.534,0.711,1,1,1,0,2.585,0.0,0,0,1,0,13.441,0.0,0,31.96,0,0,0,1,0,1,1,0,0,1,0,12192.0,2,1,1,1,0,0,1,1,7.0,262.1,0,0,0,0,0,1
205300,60.605,0.711,1,1,1,0,2.585,0.0,0,0,1,0,13.441,0.0,0,31.93,0,0,0,1,0,1,1,0,0,1,0,12192.0,2,1,1,1,0,0,1,1,7.3,270.5,0,0,0,0,0,1
205400,60.677,0.711,1,1,1,0,2.585,0.0,0,0,1,0,13.441,0.0,0,31.88,0,0,0,1,0,1,1,0,0,1,0,12192.0,2,1,1,1,0,0,1,1,7.0,268.9,0,0,0,0,0,1
205500,60.748,0.711,1,1,1,0,2.585,0.0,0,0,1,0,13.441,0.0,0,32.09,0,0,0,1,0,1,1,0,0,1,0,12192.0,2,1,1,1,0,0,1,1,7.2,266.7,0,0,0,0,0,1
205600,60.819,0.711,1,1,1,0,2.585,0.0,0,0,1,0,13.441,0.0,0,32.01,0,0,0,1,0,1,1,0,0,1,0,12192.0,2,1,1,1,0,0,1,1,7.8,269.4,0,0,0,0,0,1
205700,60.89,0.711,1,1,1,0,2.585,0.0,0,0,1,0,13.441,0.0,0,32.02,0,0,0,1,0,1,1,0,0,1,0,12192.0,2,1,1,1,0,0,1,1,7.2,267.1,0,0,0,0,0,1
205800,60.961,0.711,1,1,1,0,2.585,0.0,0,0,1,0,13.441,0.0,0,32.05,0,0,0,1,0,1,1,0,0,1,0,12192.0,2,1,1,1,0,0,1,1,7.8,272.3,0,0,0,0,0,1
205900,61.032,0.711,1,1,1,0,2.585,0.0,0,0,1,0,13.441,0.0,0,31.98,0,0,0,1,0,1,1,0,0,1,0,12192.0,2,1,1,1,0,0,1,1,7.6,268.8,0,0,0,0,0,1
206000,61.103,0.711,1,1,1,0,2.585,0.0,0,0,1,0,13.441,0.0,0,31.99,0,0,0,1,0,1,1,0,0,1,0,12192.0,2,1,1,1,0,0,1,1,6.9,268.8,0,0,0,0,0,1
206100,61.174,0.711,1,1,1,0,2.585,0.0,0,0,1,0,13.441,0.0,0,32.01,0,0,0,1,0,1,1,0,0,1,0,12192.0,2,1,1,1,0,0,1,1,7.1,266.8,0,0,0,0,0,1
206200,61.245,0.711,1,1,1,0,2.585,0.0,0,0,1,0,13.441,0.0,0,32.18,0,0,0,1,0,1,1,0,0,1,0,12192.0,2,1,1,1,0,0,1,1,7.3,269.2,0,0,0,0,0,1
206300,61.316,0.711,1,1,1,0,2.585,0.0,0,0,1,0,13.441,0.0,0,31.96,0,0,0,1,0,1,1,0,0,1,0,12192.0,2,1,1,1,0,0,1,1,7.6,263.4,0,0,0,0,0,1
206400,61.387,0.711,1,1,1,0,2.585,0.0,0,0,1,0,13.441,0.0,0,31.95,0,0,0,1,0,1,1,0,0,1,0,12192.0,2,1,1,1,0,0,1,1,9.0,269.5,0,0,0,0,0,1
206500,61.458,0.711,1,1,1,0,2.585,0.0,0,0,1,0,13.441,0.0,0,31.91,0,0,0,1,0,1,1,0,0,1,0,12192.0,2,1,1,1,0,0,1,1,8.3,272.1,0,0,0,0,0,1
206600,61.529,0.711,1,1,1,0,2.585,0.0,0,0,1,0,13.441,0.0,0,32.01,0,0,0,1,0,1,1,0,0,1,0,12192.0,2,1,1,1,0,0,1,1,7.8,267.7,0,0,0,0,0,1
206700,61.6,0.711,1,1,1,0,2.585,0.0,0,0,1,0,13.441,0.0,0,32.23,0,0,0,1,0,1,1,0,0,1,0,12192.0,2,1,1,1,0,0,1,1,7.5,272.1,0,0,0,0,0,1
206800,61.671,0.711,1,1,1,0,2.585,0.0,0,0,1,0,13.441,0.0,0,32.0,0,0,0,1,0,1,1,0,0,1,0,12192.0,2,1,1,1,0,0,1,1,8.1,271.1,0,0,0,0,0,1
206900,61.742,0.711,1,1,1,0,2.585,0.0,0,0,1,0,13.441,0.0,0,32.24,0,0,0,1,0,1,1,0,0,1,0,12192.0,2,1,1,1,0,0,1,1,7.9,267.4,0,0,0,0,0,1
207000,61.814,0.711,1,1,1,0,2.585,0.0,0,0,1,0,13.441,0.0,0,32.19,0,0,0,1,0,1,1,0,0,1,0,12192.0,2,1,1,1,0,0,1,1,8.4,269.0,0,0,0,0,0,1
207100,61.885,0.711,1,1,1,0,2.585,0.0,0,0,1,0,13.441,0.0,0,31.89,0,0,0,1,0,1,1,0,0,1,0,12192.0,2,1,1,1,0,0,1,1,8.1,270.4,0,0,0,0,0,1
207200,61.956,0.711,1,1,1,0,2.585,0.0,0,0,1,0,13.441,0.0,0,32.09,0,0,0,1,0,1,1,0,0,1,0,12192.0,2,1,1,1,0,0,1,1,8.1,271.8,0,0,0,0,0,1
207300,62.027,0.711,1,1,1,0,2.585,0.0,0,0,1,0,13.441,0.0,0,31.87,0,0,0,1,0,1,1,0,0,1,0,12192.0,2,1,1,1,0,0,1,1,7.7,270.2,0,0,0,0,0,1
207400,62.098,0.711,1,1,1,0,2.585,0.0,0,0,1,0,13.441,0.0,0,32.03,0,0,0,1,0,1,1,0,0,1,0,12192.0,2,1,1,1,0,0,1,1,8.7,271.9,0,0,0,0,0,1
207500,62.169,0.711,1,1,1,0,2.585,0.0,0,0,1,0,13.441,0.0,0,32.1,0,0,0,1,0,1,1,0,0,1,0,12192.0,2,1,1,1,0,0,1,1,8.8,270.0,0,0,0,0,0,1
207600,62.238,0.696,1,1,1,0,2.585,0.0,0,0,1,0,13.441,0.0,0,32.11,0,0,0,1,0,1,1,0,0,1,0,12192.0,2,1,1,1,0,0,1,1,7.7,268.5,0,0,0,0,0,1
207700,62.306,0.68,1,1,1,0,2.585,0.0,0,0,1,0,13.441,0.0,0,32.07,0,0,0,1,0,1,1,0,0,1,0,12192.0,2,1,1,1,0,0,1,1,8.2,268.0,0,0,0,0,0,1
207800,62.373,0.665,1,1,1,0,2.585,0.0,0,0,1,0,13.441,0.0,0,32.12,0,0,0,1,0,1,1,0,0,1,0,12192.0,2,1,1,1,0,0,1,1,8.3,270.5,0,0,0,0,0,1
207900,62.438,0.65,1,1,1,0,2.585,0.0,0,0,1,0,13.441,0.0,0,32.04,0,0,0,1,0,1,1,0,0,1,0,12192.0,2,1,1,1,0,0,1,1,7.7,274.2,0,0,0,0,0,1
208000,62.501,0.635,1,1,1,0,2.585,0.0,0,0,1,0,13.441,0.0,0,32.04,0,0,0,1,0,1,1,0,0,1,0,12192.0,2,1,1,1,0,0,1,1,8.2,268.0,0,0,0,0,0,1
208100,62.563,0.62,1,1,1,0,2.585,0.0,0,0,1,0,13.441,0.0,0,32.11,0,0,0,1,0,1,1,0,0,1,0,12192.0,2,1,1,1,0,0,1,1,8.4,269.6,0,0,0,0,0,1
208200,62.624,0.605,1,1,1,0,2.585,0.0,0,0,1,0,13.441,0.0,0,31.94,0,0,0,1,0,1,1,0,0,1,0,12192.0,2,1,1,1,0,0,1,1,8.3,269.4,0,0,0,0,0,1
208300,62.683,0.589,1,1,1,0,2.585,0.0,0,0,1,0,13.441,0.0,0,31.99,0,0,0,1,0,1,1,0,0,1,0,12192.0,2,1,1,1,0,0,1,1,9.2,273.1,0,0,0,0,0,1
208400,62.74,0.574,1,1,1,0,2.585,0.0,0,0,1,0,13.441,0.0,0,32.08,0,0,0,1,0,1,1,0,0,1,0,12192.0,2,1,1,1,0,0,1,1,7.9,266.8,0,0,0,0,0,1
208500,62.796,0.559,1,1,1,0,2.585,0.0,0,0,1,0,13.441,0.0,0,31.99,0,0,0,1,0,1,1,0,0,1,0,12192.0,2,1,1,1,0,0,1,1,8.9,268.6,0,0,0,0,0,1
208600,62.85,0.543,1,1,1,0,2.585,0.0,0,0,1,0,13.441,0.0,0,32.02,0,0,0,1,0,1,1,0,0,1,0,12192.0,2,1,1,1,0,0,1,1,8.3,272.7,0,0,0,0,0,1
208700,62.903,0.528,1,1,1,0,2.585,0.0,0,0,1,0,13.441,0.0,0,32.01,0,0,0,1,0,1,1,0,0,1,0,12192.0,2,1,1,1,0,0,1,1,7.3,269.0,0,0,0,0,0,1
208800,62.955,0.513,1,1,1,0,2.585,0.0,0,0,1,0,13.441,0.0,0,32.11,0,0,0,1,0,1,1,0,0,1,0,12192.0,2,1,1,1,0,0,1,1,7.8,267.1,0,0,0,0,0,1
208900,63.004,0.498,1,1,1,0,2.585,0.0,0,0,1,0,13.441,0.0,0,32.05,0,0,0,1,0,1,1,0,0,1,0,12192.0,2,1,1,1,0,0,1,1,7.5,269.8,0,0,0,0,0,1
209000,63.053,0.482,1,1,1,0,2.585,0.0,0,0,1,0,13.441,0.0,0,32.05,0,0,0,1,0,1,1,0,0,1,0,12192.0,2,1,1,1,0,0,1,1,9.3,268.6,0,0,0,0,0,1
209100,63.099,0.467,1,1,1,0,2.585,0.0,0,0,1,0,13.441,0.0,0,32.2,0,0,0,1,0,1,1,0,0,1,0,12192.0,2,1,1,1,0,0,1,1,9.0,267.6,0,0,0,0,0,1
209200,63.144,0.452,1,1,1,0,2.585,0.0,0,0,1,0,13.441,0.0,0,32.03,0,0,0,1,0,1,1,0,0,1,0,12192.0,2,1,1,1,0,0,1,1,9.1,272.7,0,0,0,0,0,1
209300,63.188,0.436,1,1,1,0,2.585,0.0,0,0,1,0,13.441,0.0,0,31.85,0,0,0,1,0,1,1,0,0,1,0,12192.0,2,1,1,1,0,0,1,1,8.9,265.2,0,0,0,0,0,1
209400,63.23,0.421,1,1,1,0,2.585,0.0,0,0,1,0,13.441,0.0,0,31.97,0,0,0,1,0,1,1,0,0,1,0,12192.0,2,1,1,1,0,0,1,1,8.3,268.8,0,0,0,0,0,1
209500,63.271,0.406,1,1,1,0,2.585,0.0,0,0,1,0,13.441,0.0,0,32.04,0,0,0,1,0,1,1,0,0,1,0,12192.0,2,1,1,1,0,0,1,1,8.4,270.9,0,0,0,0,0,1
209600,63.31,0.39,1,1,1,0,2.585,0.0,0,0,1,0,13.441,0.0,0,31.98,0,0,0,1,0,1,1,0,0,1,0,12192.0,2,1,1,1,0,0,1,1,8.3,271.6,0,0,0,0,0,1
209700,63.347,0.375,1,1,1,0,2.585,0.0,0,0,1,0,13.441,0.0,0,32.01,0,0,0,1,0,1,1,0,0,1,0,12192.0,2,1,1,1,0,0,1,1,8.1,272.1,0,0,0,0,0,1
209800,63.383,0.359,1,1,1,0,2.585,0.0,0,0,1,0,13.441,0.0,0,31.96,0,0,0,1,0,1,1,0,0,1,0,12192.0,2,1,1,1,0,0,1,1,9.8,272.1,0,0,0,0,0,1
209900,63.418,0.344,1,1,1,0,2.585,0.0,0,0,1,0,13.441,0.0,0,32.0,0,0,0,1,0,1,1,0,0,1,0,12192.0,2,1,1,1,0,0,1,1,8.2,269.9,0,0,0,0,0,1
210000,63.45,0.329,1,1,1,0,2.585,0.0,0,0,1,0,13.441,0.0,0,31.89,0,0,0,1,0,1,1,0,0,1,0,12192.0,2,1,1,1,0,0,1,1,8.4,270.7,0,0,0,0,0,1
210100,63.482,0.313,1,1,1,0,2.585,0.0,0,0,1,0,13.441,0.0,0,31.92,0,0,0,1,0,1,1,0,0,1,0,12192.0,2,1,1,1,0,0,1,1,7.8,268.3,0,0,0,0,0,1
210200,63.511,0.298,1,1,1,0,2.585,0.0,0,0,1,0,13.441,0.0,0,32.11,0,0,0,1,0,1,1,0,0,1,0,12192.0,2,1,1,1,0,0,1,1,8.1,264.7,0,0,0,0,0,1
210300,63.54,0.282,1,1,1,0,2.585,0.0,0,0,1,0,13.441,0.0,0,31.95,0,0,0,1,0,1,1,0,0,1,0,12192.0,2,1,1,1,0,0,1,1,8.0,268.7,0,0,0,0,0,1
210400,63.566,0.267,1,1,1,0,2.585,0.0,0,0,1,0,13.441,0.0,0,31.97,0,0,0,1,0,1,1,0,0,1,0,12192.0,2,1,1,1,0,0,1,1,9.0,268.7,0,0,0,0,0,1
210500,63.591,0.251,1,1,1,0,2.585,0.0,0,0,1,0,13.441,0.0,0,31.95,0,0,0,1,0,1,1,0,0,1,0,12192.0,2,1,1,1,0,0,1,1,7.8,272.6,0,0,0,0,0,1
210600,63.615,0.236,1,1,1,0,2.585,0.0,0,0,1,0,13.441,0.0,0,32.04,0,0,0,1,0,1,1,0,0,1,0,12192.0,2,1,1,1,0,0,1,1,8.8,271.0,0,0,0,0,0,1
210700,63.637,0.22,1,1,1,0,2.585,0.0,0,0,1,0,13.441,0.0,0,32.0,0,0,0,1,0,1,1,0,0,1,0,12192.0,2,1,1,1,0,0,1,1,7.6,273.1,0,0,0,0,0,1
210800,63.657,0.204,1,1,1,0,2.585,0.0,0,0,1,0,13.441,0.0,0,31.93,0,0,0,1,0,1,1,0,0,1,0,12192.0,2,1,1,1,0,0,1,1,8.8,272.3,0,0,0,0,0,1
210900,63.676,0.189,1,1,1,0,2.585,0.0,0,0,1,0,13.441,0.0,0,32.19,0,0,0,1,0,1,1,0,0,1,0,12192.0,2,1,1,1,0,0,1,1,8.3,267.0,0,0,0,0,0,1
211000,63.694,0.173,1,1,1,0,2.585,0.0,0,0,1,0,13.441,0.0,0,32.03,0,0,0,1,0,1,1,0,0,1,0,12192.0,2,1,1,1,0,0,1,1,7.5,269.4,0,0,0,0,0,1
211100,63.709,0.157,1,1,1,0,2.585,0.0,0,0,1,0,13.441,0.0,0,31.89,0,0,0,1,0,1,1,0,0,1,0,12192.0,2,1,1,1,0,0,1,1,7.6,271.4,0,0,0,0,0,1
211200,63.723,0.141,1,1,1,0,2.585,0.0,0,0,1,0,13.441,0.0,0,32.0,0,0,0,1,0,1,1,0,0,1,0,12192.0,2,1,1,1,0,0,1,1,7.2,268.5,0,0,0,0,0,1
211300,63.736,0.125,1,1,1,0,2.585,0.0,0,0,1,0,13.441,0.0,0,31.88,0,0,0,1,0,1,1,0,0,1,0,12192.0,2,1,1,1,0,0,1,1,8.4,269.5,0,0,0,0,0,1
211400,63.747,0.109,1,1,1,0,2.585,0.0,0,0,1,0,13.441,0.0,0,31.82,0,0,0,1,0,1,1,0,0,1,0,12192.0,2,1,1,1,0,0,1,1,8.2,268.5,0,0,0,0,0,1
211500,63.756,0.093,1,1,1,0,2.585,0.0,0,0,1,0,13.441,0.0,0,32.09,0,0,0,1,0,1,1,0,0,1,0,12192.0,2,1,1,1,0,0,1,1,7.2,269.8,0,0,0,0,0,1
211600,63.764,0.076,1,1,1,0,2.585,0.0,0,0,1,0,13.441,0.0,0,32.02,0,0,0,1,0,1,1,0,0,1,0,12192.0,2,1,1,1,0,0,1,1,7.2,268.2,0,0,0,0,0,1
211700,63.77,0.059,1,1,1,0,2.585,0.0,0,0,1,0,13.441,0.0,0,31.84,0,0,0,1,0,1,1,0,0,1,0,12192.0,2,1,1,1,0,0,1,1,7.3,264.8,0,0,0,0,0,1
211800,63.774,0.042,1,1,1,0,2.585,0.0,0,0,1,0,13.441,0.0,0,32.19,0,0,0,1,0,1,1,0,0,1,0,12192.0,2,1,1,1,0,0,1,1,8.2,267.2,0,0,0,0,0,1
211900,63.776,0.022,1,1,1,0,2.585,0.0,0,0,1,0,13.436,-0.051,0,30.43,0,0,1,1,0,1,1,0,0,1,0,12192.0,2,1,1,1,0,0,1,1,8.2,269.5,0,0,0,0,0,1
212000,63.777,0.0,0,0,1,0,2.585,0.0,0,0,1,0,13.425,-0.102,0,30.33,0,0,1,1,0,1,1,0,0,1,0,12192.0,2,1,1,1,0,0,1,1,7.9,267.0,0,0,0,0,0,1
212100,63.777,0.0,0,0,1,0,2.585,0.0,0,0,1,0,13.41,-0.152,0,30.37,0,0,1,1,0,1,1,0,0,1,0,12192.0,2,1,1,1,0,0,1,1,8.0,275.2,0,0,0,0,0,1
212200,63.777,0.0,0,0,1,0,2.585,0.0,0,0,1,0,13.39,-0.203,0,30.45,0,0,1,1,0,1,1,0,0,1,0,12192.0,2,1,1,1,0,0,1,1,7.0,269.2,0,0,0,0,0,1
212300,63.777,0.0,0,0,1,0,2.585,0.0,0,0,1,0,13.364,-0.254,0,30.36,0,0,1,1,0,1,1,0,0,1,0,12192.0,2,1,1,1,0,0,1,1,7.2,275.0,0,0,0,0,0,1
212400,63.777,0.0,0,0,1,0,2.585,0.0,0,0,1,0,13.334,-0.305,0,30.47,0,0,1,1,0,1,1,0,0,1,0,12192.0,2,1,1,1,0,0,1,1,7.5,273.0,0,0,0,0,0,1
212500,63.777,0.0,0,0,1,0,2.585,0.0,0,0,1,0,13.298,-0.356,0,30.34,0,0,1,1,0,1,1,0,0,1,0,12192.0,2,1,1,1,0,0,1,1,7.1,269.4,0,0,0,0,0,1
212600,63.777,0.0,0,0,1,0,2.585,0.0,0,0,1,0,13.258,-0.407,0,30.39,0,0,1,1,0,1,1,0,0,1,0,12192.0,2,1,1,1,0,0,1,1,7.9,273.3,0,0,0,0,0,1
212700,63.777,0.0,0,0,1,0,2.585,0.0,0,0,1,0,13.212,-0.457,0,30.32,0,0,1,1,0,1,1,0,0,1,0,12192.0,2,1,1,1,0,0,1,1,7.2,268.1,0,0,0,0,0,1
212800,63.777,0.0,0,0,1,0,2.585,0.0,0,0,1,0,13.161,-0.508,0,30.42,0,0,1,1,0,1,1,0,0,1,0,12192.0,2,1,1,1,0,0,1,1,7.4,274.2,0,0,0,0,0,1
212900,63.777,0.0,0,0,1,0,2.585,0.0,0,0,1,0,13.105,-0.559,0,30.39,0,0,1,1,0,1,1,0,0,1,0,12192.0,2,1,1,1,0,0,1,1,7.4,265.6,0,0,0,0,0,1
213000,63.777,0.0,0,0,1,0,2.585,0.0,0,0,1,0,13.044,-0.61,0,30.19,0,0,1,1,0,1,1,0,0,1,0,12192.0,2,1,1,1,0,0,1,1,6.5,272.4,0,0,0,0,0,1
213100,63.777,0.0,0,0,1,0,2.585,0.0,0,0,1,0,12.978,-0.661,0,30.25,0,0,1,1,0,1,1,0,0,1,0,12192.0,2,1,1,1,0,0,1,1,7.9,269.2,0,0,0,0,0,1
213200,63.777,0.0,0,0,1,0,2.585,0.0,0,0,1,0,12.907,-0.711,0,30.28,0,0,1,1,0,1,1,0,0,1,0,12192.0,2,1,1,1,0,0,1,1,7.6,266.1,0,0,0,0,0,1
213300,63.777,0.0,0,0,1,0,2.585,0.0,0,0,1,0,12.831,-0.762,0,30.51,0,0,1,1,0,1,1,0,0,1,0,12192.0,2,1,1,1,0,0,1,1,7.8,271.1,0,0,0,0,0,1
213400,63.777,0.0,0,0,1,0,2.585,0.0,0,0,1,0,12.75,-0.813,0,30.36,0,0,1,1,0,1,1,0,0,1,0,12192.0,2,1,1,1,0,0,1,1,6.9,268.9,0,0,0,0,0,1
213500,63.777,0.0,0,0,1,0,2.585,0.0,0,0,1,0,12.663,-0.864,0,30.16,0,0,1,1,0,1,1,0,0,1,0,12192.0,2,1,1,1,0,0,1,1,7.4,265.8,0,0,0,0,0,1
213600,63.777,0.0,0,0,1,0,2.585,0.0,0,0,1,0,12.572,-0.915,0,30.41,0,0,1,1,0,1,1,0,0,1,0,12192.0,2,1,1,1,0,0,1,1,7.8,269.3,0,0,0,0,0,1
213700,63.777,0.0,0,0,1,0,2.585,0.0,0,0,1,0,12.475,-0.965,0,30.26,0,0,1,1,0,1,1,0,0,1,0,12192.0,2,1,1,1,0,0,1,1,7.8,266.1,0,0,0,0,0,1
213800,63.777,0.0,0,0,1,0,2.585,0.0,0,0,1,0,12.374,-1.016,0,30.39,0,0,1,1,0,1,1,0,0,1,0,12192.0,2,1,1,1,0,0,1,1,7.1,268.2,0,0,0,0,0,1
213900,63.777,0.0,0,0,1,0,2.585,0.0,0,0,1,0,12.267,-1.067,0,30.44,0,0,1,1,0,1,1,0,0,1,0,12192.0,2,1,1,1,0,0,1,1,7.3,269.2,0,0,0,0,0,1
214000,63.777,0.0,0,0,1,0,2.585,0.0,0,0,1,0,12.155,-1.118,0,30.24,0,0,1,1,0,1,1,0,0,1,0,12192.0,2,1,1,1,0,0,1,1,7.0,269.9,0,0,0,0,0,1
214100,63.777,0.0,0,0,1,0,2.585,0.0,0,0,1,0,12.038,-1.169,0,30.5,0,0,1,1,0,1,1,0,0,1,0,12192.0,2,1,1,1,0,0,1,1,7.8,270.4,0,0,0,0,0,1
214200,63.777,0.0,0,0,1,0,2.585,0.0,0,0,1,0,11.916,-1.22,0,30.17,0,0,1,1,0,1,1,0,0,1,0,12192.0,2,1,1,1,0,0,1,1,7.1,268.3,0,0,0,0,0,1
214300,63.777,0.0,0,0,1,0,2.585,0.0,0,0,1,0,11.79,-1.261,0,30.27,0,0,1,1,0,1,1,0,0,1,0,12192.0,2,1,1,1,0,0,1,1,8.0,265.3,0,0,0,0,0,1
214400,63.777,0.0,0,0,1,0,2.585,0.0,0,0,1,0,11.664,-1.261,0,30.28,0,0,1,1,0,1,1,0,0,1,0,12192.0,2,1,1,1,0,0,1,1,7.5,271.3,0,0,0,0,0,1
214500,63.777,0.0,0,0,1,0,2.585,0.0,0,0,1,0,11.538,-1.261,0,30.32,0,0,1,1,0,1,1,0,0,1,0,12192.0,2,1,1,1,0,0,1,1,8.4,268.5,0,0,0,0,0,1
214600,63.777,0.0,0,0,1,0,2.585,0.0,0,0,1,0,11.412,-1.261,0,30.3,0,0,1,1,0,1,1,0,0,1,0,12192.0,2,1,1,1,0,0,1,1,8.0,268.4,0,0,0,0,0,1
214700,63.777,0.0,0,0,1,0,2.585,0.0,0,0,1,0,11.286,-1.261,0,30.34,0,0,1,1,0,1,1,0,0,1,0,12192.0,2,1,1,1,0,0,1,1,8.0,263.1,0,0,0,0,0,1
214800,63.777,0.0,0,0,1,0,2.585,0.0,0,0,1,0,11.16,-1.261,0,30.44,0,0,1,1,0,1,1,0,0,1,0,12192.0,2,1,1,1,0,0,1,1,7.9,266.9,0,0,0,0,0,1
214900,63.777,0.0,0,0,1,0,2.585,0.0,0,0,1,0,11.033,-1.261,0,30.1,0,0,1,1,0,1,1,0,0,1,0,12192.0,2,1,1,1,0,0,1,1,7.9,271.9,0,0,0,0,0,1
215000,63.777,0.0,0,0,1,0,2.585,0.0,0,0,1,0,10.907,-1.261,0,30.25,0,0,1,1,0,1,1,0,0,1,0,12192.0,2,1,1,1,0,0,1,1,8.1,267.4,0,0,0,0,0,1
215100,63.777,0.0,0,0,1,0,2.585,0.0,0,0,1,0,10.781,-1.261,0,30.4,0,0,1,1,0,1,1,0,0,1,0,12192.0,2,1,1,1,0,0,1,1,7.4,273.7,0,0,0,0,0,1
215200,63.777,0.0,0,0,1,0,2.585,0.0,0,0,1,0,10.655,-1.261,0,30.26,0,0,1,1,0,1,1,0,0,1,0,12192.0,2,1,1,1,0,0,1,1,8.5,268.6,0,0,0,0,0,1
215300,63.777,0.0,0,0,1,0,2.585,0.0,0,0,1,0,10.529,-1.261,0,30.33,0,0,1,1,0,1,1,0,0,1,0,12192.0,2,1,1,1,0,0,1,1,8.2,272.2,0,0,0,0,0,1
215400,63.777,0.0,0,0,1,0,2.585,0.0,0,0,1,0,10.403,-1.261,0,30.41,0,0,1,1,0,1,1,0,0,1,0,12192.0,2,1,1,1,0,0,1,1,8.2,264.9,0,0,0,0,0,1
215500,63.777,0.0,0,0,1,0,2.585,0.0,0,0,1,0,10.277,-1.261,0,30.34,0,0,1,1,0,1,1,0,0,1,0,12192.0,2,1,1,1,0,0,1,1,8.7,268.4,0,0,0,0,0,1
215600,63.777,0.0,0,0,1,0,2.585,0.0,0,0,1,0,10.151,-1.261,0,30.43,0,0,1,1,0,1,1,0,0,1,0,12192.0,2,1,1,1,0,0,1,1,8.2,269.6,0,0,0,0,0,1
215700,63.777,0.0,0,0,1,0,2.585,0.0,0,0,1,0,10.024,-1.261,0,30.13,0,0,1,1,0,1,1,0,0,1,0,12192.0,2,1,1,1,0,0,1,1,8.8,273.2,0,0,0,0,0,1
215800,63.777,0.0,0,0,1,0,2.585,0.0,0,0,1,0,9.898,-1.261,0,30.46,0,0,1,1,0,1,1,0,0,1,0,12192.0,2,1,1,1,0,0,1,1,8.4,274.0,0,0,0,0,0,1
215900,63.777,0.0,0,0,1,0,2.585,0.0,0,0,1,0,9.772,-1.261,0,30.48,0,0,1,1,0,1,1,0,0,1,0,12192.0,2,1,1,1,0,0,1,1,8.5,274.1,0,0,0,0,0,1
216000,63.777,0.0,0,0,1,0,2.585,0.0,0,0,1,0,9.646,-1.261,0,30.53,0,0,1,1,0,1,1,0,0,1,0,12192.0,2,1,1,1,0,0,1,1,8.5,268.8,0,0,0,0,0,1
216100,63.777,0.0,0,0,1,0,2.585,0.0,0,0,1,0,9.52,-1.261,0,30.1,0,0,1,1,0,1,1,0,0,1,0,12192.0,2,1,1,1,0,0,1,1,7.8,270.1,0,0,0,0,0,1
216200,63.777,0.0,0,0,1,0,2.585,0.0,0,0,1,0,9.394,-1.261,0,30.23,0,0,1,1,0,1,1,0,0,1,0,12192.0,2,1,1,1,0,0,1,1,7.9,272.5,0,0,0,0,0,1
216300,63.777,0.0,0,0,1,0,2.585,0.0,0,0,1,0,9.268,-1.261,0,30.32,0,0,1,1,0,1,1,0,0,1,0,12192.0,2,1,1,1,0,0,1,1,8.6,267.3,0,0,0,0,0,1
216400,63.777,0.0,0,0,1,0,2.585,0.0,0,0,1,0,9.142,-1.261,0,30.38,0,0,1,1,0,1,1,0,0,1,0,12192.0,2,1,1,1,0,0,1,1,8.1,269.5,0,0,0,0,0,1
216500,63.777,0.0,0,0,1,0,2.585,0.0,0,0,1,0,9.015,-1.261,0,30.39,0,0,1,1,0,1,1,0,0,1,0,12192.0,2,1,1,1,0,0,1,1,8.9,273.8,0,0,0,0,0,1
216600,63.777,0.0,0,0,1,0,2.585,0.0,0,0,1,0,8.889,-1.261,0,30.22,0,0,1,1,0,1,1,0,0,1,0,12192.0,2,1,1,1,0,0,1,1,8.4,270.2,0,0,0,0,0,1
216700,63.777,0.0,0,0,1,0,2.585,0.0,0,0,1,0,8.763,-1.261,0,30.41,0,0,1,1,0,1,1,0,0,1,0,12192.0,2,1,1,1,0,0,1,1,7.5,267.8,0,0,0,0,0,1
216800,63.777,0.0,0,0,1,0,2.585,0.0,0,0,1,0,8.637,-1.261,0,30.45,0,0,1,1,0,1,1,0,0,1,0,12192.0,2,1,1,1,0,0,1,1,9.1,266.0,0,0,0,0,0,1
216900,63.777,0.0,0,0,1,0,2.585,0.0,0,0,1,0,8.511,-1.261,0,30.22,0,0,1,1,0,1,1,0,0,1,0,12192.0,2,1,1,1,0,0,1,1,8.8,264.2,0,0,0,0,0,1
217000,63.777,0.0,0,0,1,0,2.585,0.0,0,0,1,0,8.385,-1.261,0,30.38,0,0,1,1,0,1,1,0,0,1,0,12192.0,2,1,1,1,0,0,1,1,7.9,266.6,0,0,0,0,0,1
217100,63.777,0.0,0,0,1,0,2.585,0.0,0,0,1,0,8.259,-1.261,0,30.36,0,0,1,1,0,1,1,0,0,1,0,12192.0,2,1,1,1,0,0,1,1,8.5,272.3,0,0,0,0,0,1
217200,63.777,0.0,0,0,1,0,2.585,0.0,0,0,1,0,8.133,-1.261,0,30.47,0,0,1,1,0,1,1,0,0,1,0,12192.0,2,1,1,1,0,0,1,1,8.6,267.1,0,0,0,0,0,1
217300,63.777,0.0,0,0,1,0,2.585,0.0,0,0,1,0,8.006,-1.261,0,30.33,0,0,1,1,0,1,1,0,0,1,0,12192.0,2,1,1,1,0,0,1,1,8.2,271.9,0,0,0,0,0,1
217400,63.777,0.0,0,0,1,0,2.585,0.0,0,0,1,0,7.88,-1.261,0,30.23,0,0,1,1,0,1,1,0,0,1,0,12192.0,2,1,1,1,0,0,1,1,8.7,269.5,0,0,0,0,0,1
217500,63.777,0.0,0,0,1,0,2.585,0.0,0,0,1,0,7.754,-1.261,0,30.48,0,0,1,1,0,1,1,0,0,1,0,12192.0,2,1,1,1,0,0,1,1,9.1,266.8,0,0,0,0,0,1
217600,63.777,0.0,0,0,1,0,2.585,0.0,0,0,1,0,7.628,-1.261,0,30.09,0,0,1,1,0,1,1,0,0,1,0,12192.0,2,1,1,1,0,0,1,1,8.2,265.6,0,0,0,0,0,1
217700,63.777,0.0,0,0,1,0,2.585,0.0,0,0,1,0,7.502,-1.261,0,30.15,0,0,1,1,0,1,1,0,0,1,0,12192.0,2,1,1,1,0,0,1,1,8.1,271.0,0,0,0,0,0,1
217800,63.777,0.0,0,0,1,0,2.585,0.0,0,0,1,0,7.376,-1.261,0,30.39,0,0,1,1,0,1,1,0,0,1,0,12192.0,2,1,1,1,0,0,1,1,8.4,271.4,0,0,0,0,0,1
217900,63.777,0.0,0,0,1,0,2.585,0.0,0,0,1,0,7.25,-1.261,0,30.55,0,0,1,1,0,1,1,0,0,1,0,12192.0,2,1,1,1,0,0,1,1,9.2,271.5,0,0,0,0,0,1
218000,63.777,0.0,0,0,1,0,2.585,0.0,0,0,1,0,7.124,-1.261,0,30.14,0,0,1,1,0,1,1,0,0,1,0,12192.0,2,1,1,1,0,0,1,1,8.4,270.2,0,0,0,0,0,1
218100,63.777,0.0,0,0,1,0,2.585,0.0,0,0,1,0,6.997,-1.261,0,30.21,0,0,1,1,0,1,1,0,0,1,0,12192.0,2,1,1,1,0,0,1,1,8.8,267.2,0,0,0,0,0,1
218200,63.777,0.0,0,0,1,0,2.585,0.0,0,0,1,0,6.871,-1.261,0,30.22,0,0,1,1,0,1,1,0,0,1,0,12192.0,2,1,1,1,0,0,1,1,8.7,267.2,0,0,0,0,0,1
218300,63.777,0.0,0,0,1,0,2.585,0.0,0,0,1,0,6.745,-1.261,0,30.31,0,0,1,1,0,1,1,0,0,1,0,12192.0,2,1,1,1,0,0,1,1,8.7,271.5,0,0,0,0,0,1
218400,63.777,0.0,0,0,1,0,2.585,0.0,0,0,1,0,6.624,-1.21,0,33.74,0,0,1,1,0,1,1,0,0,1,0,12192.0,2,1,1,1,0,0,1,1,9.1,271.2,0,0,0,0,0,1
218500,63.777,0.0,0,0,1,0,2.585,0.0,0,0,1,0,6.508,-1.16,0,33.77,0,0,1,1,0,1,1,0,0,1,0,12192.0,2,1,1,1,0,0,1,1,8.4,274.2,0,0,0,0,0,1
218600,63.777,0.0,0,0,1,0,2.585,0.0,0,0,1,0,6.397,-1.109,0,33.58,0,0,1,1,0,1,1,0,0,1,0,12192.0,2,1,1,1,0,0,1,1,8.4,269.3,0,0,0,0,0,1
218700,63.777,0.0,0,0,1,0,2.585,0.0,0,0,1,0,6.292,-1.058,0,33.45,0,0,1,1,0,1,1,0,0,1,0,12192.0,2,1,1,1,0,0,1,1,8.3,274.1,0,0,0,0,0,1
218800,63.777,0.0,0,0,1,0,2.585,0.0,0,0,1,0,6.186,-1.058,0,30.3,0,0,1,1,0,1,1,0,0,1,0,12192.0,2,1,1,1,0,0,1,1,9.2,267.1,0,0,0,0,0,1
218900,63.777,0.0,0,0,1,0,2.585,0.0,0,0,1,0,6.085,-1.006,0,33.45,0,0,1,1,0,1,1,0,0,1,0,12192.0,2,1,1,1,0,0,1,1,7.9,272.0,0,0,0,0,0,1
219000,63.777,0.0,0,0,1,0,2.585,0.0,0,0,1,0,5.99,-0.954,0,33.87,0,0,1,1,0,1,1,0,0,1,0,12192.0,2,1,1,1,0,0,1,1,8.6,270.8,0,0,0,0,0,1
219100,63.777,0.0,0,0,1,0,2.585,0.0,0,0,1,0,5.899,-0.902,0,33.64,0,0,1,1,0,1,1,0,0,1,0,12192.0,2,1,1,1,0,0,1,1,7.8,267.2,0,0,0,0,0,1
219200,63.777,0.0,0,0,1,0,2.585,0.0,0,0,1,0,5.814,-0.85,0,33.66,0,0,1,1,0,1,1,0,0,1,0,12192.0,2,1,1,1,0,0,1,1,7.9,263.7,0,0,0,0,0,1
219300,63.777,0.0,0,0,1,0,2.585,0.0,0,0,1,0,5.735,-0.797,0,33.93,0,0,1,1,0,1,1,0,0,1,0,12192.0,2,1,1,1,0,0,1,1,7.5,269.4,0,0,0,0,0,1
219400,63.777,0.0,0,0,1,0,2.585,0.0,0,0,1,0,5.66,-0.745,0,33.6,0,0,1,1,0,1,1,0,0,1,0,12192.0,2,1,1,1,0,0,1,1,8.2,275.9,0,0,0,0,0,1
219500,63.777,0.0,0,0,1,0,2.585,0.0,0,0,1,0,5.591,-0.692,0,33.73,0,0,1,1,0,1,1,0,0,1,0,12192.0,2,1,1,1,0,0,1,1,9.2,268.3,0,0,0,0,0,1
219600,63.777,0.0,0,0,1,0,2.585,0.0,0,0,1,0,5.527,-0.639,0,33.74,0,0,1,1,0,1,1,0,0,1,0,12192.0,2,1,1,1,0,0,1,1,8.1,269.3,0,0,0,0,0,1
219700,63.777,0.0,0,0,1,0,2.585,0.0,0,0,1,0,5.469,-0.586,0,33.68,0,0,1,1,0,1,1,0,0,1,0,12192.0,2,1,1,1,0,0,1,1,7.9,269.7,0,0,0,0,0,1
219800,63.777,0.0,0,0,1,0,2.585,0.0,0,0,1,0,5.415,-0.533,0,33.53,0,0,1,1,0,1,1,0,0,1,0,12192.0,2,1,1,1,0,0,1,1,7.7,267.8,0,0,0,0,0,1
219900,63.777,0.0,0,0,1,0,2.585,0.0,0,0,1,0,5.367,-0.479,0,33.73,0,0,1,1,0,1,1,0,0,1,0,12192.0,2,1,1,1,0,0,1,1,7.2,273.5,0,0,0,0,0,1
220000,63.777,0.0,0,0,1,0,2.585,0.0,0,0,1,0,5.325,-0.426,0,33.71,0,0,1,1,0,1,1,0,0,1,0,12192.0,2,1,1,1,0,0,1,1,7.9,267.8,0,0,0,0,0,1
220100,63.777,0.0,0,0,1,0,2.585,0.0,0,0,1,0,5.288,-0.371,0,33.57,0,0,1,1,0,1,1,0,0,1,0,12192.0,2,1,1,1,0,0,1,1,7.7,269.5,0,0,0,0,0,1
220200,63.777,0.0,0,0,1,0,2.585,0.0,0,0,1,0,5.256,-0.316,0,33.6,0,0,1,1,0,1,1,0,0,1,0,12192.0,2,1,1,1,0,0,1,1,8.3,267.0,0,0,0,0,0,1
220300,63.777,0.0,0,0,1,0,2.585,0.0,0,0,1,0,5.23,-0.261,0,33.64,0,0,1,1,0,1,1,0,0,1,0,12192.0,2,1,1,1,0,0,1,1,7.1,274.1,0,0,0,0,0,1
220400,63.777,0.0,0,0,1,0,2.585,0.0,0,0,1,0,5.21,-0.204,0,33.58,0,0,1,1,0,1,1,0,0,1,0,12192.0,2,1,1,1,0,0,1,1,7.7,271.5,0,0,0,0,0,1
220500,63.777,0.0,0,0,1,0,2.585,0.0,0,0,1,0,5.195,-0.144,0,33.76,0,0,1,1,0,1,1,0,0,1,0,12192.0,2,1,1,1,0,0,1,1,7.3,271.1,0,0,0,0,0,1
220600,63.777,0.0,0,0,1,0,2.585,0.0,0,0,1,0,5.187,-0.078,0,33.58,0,0,1,1,0,1,1,0,0,1,0,12192.0,2,1,1,1,0,0,1,1,8.0,272.5,0,0,0,0,0,1
220700,63.777,0.0,0,0,0,0,2.585,0.0,0,0,0,0,5.185,0.0,0,32.25,0,0,0,0,0,1,1,0,0,1,0,12192.0,2,1,1,0,1,0,1,1,7.8,266.8,0,0,0,0,0,1
220800,63.777,0.0,0,0,0,0,2.585,0.0,0,0,0,0,5.185,0.0,0,32.0,0,0,0,0,0,1,1,0,1,1,0,12192.0,2,1,1,0,1,0,1,1,8.5,270.6,0,0,0,0,0,1
220900,63.777,0.0,0,0,0,0,2.585,0.0,0,0,0,0,5.185,0.0,0,32.24,0,0,0,0,0,1,1,0,1,1,0,12192.0,2,1,1,0,1,0,1,1,7.5,270.8,0,0,0,0,0,1
221000,63.777,0.0,0,0,0,0,2.585,0.0,0,0,0,0,5.185,0.0,0,31.97,0,0,0,0,0,1,1,0,1,1,0,12192.0,2,1,1,0,1,0,1,1,8.2,271.5,0,0,0,0,0,1
221100,63.777,0.0,0,0,0,0,2.585,0.0,0,0,0,0,5.185,0.0,0,31.97,0,0,0,0,0,1,1,0,1,1,0,12192.0,2,1,1,0,1,0,1,1,7.4,269.8,0,0,0,0,0,1
221200,63.777,0.0,0,0,0,0,2.585,0.0,0,0,0,0,5.185,0.0,0,31.99,0,0,0,0,0,1,1,0,1,1,0,12192.0,2,1,1,0,1,0,1,1,8.9,272.8,0,0,0,0,0,1
221300,63.777,0.0,0,0,0,0,2.585,0.0,0,0,0,0,5.185,0.0,0,32.18,0,0,0,0,0,1,1,0,1,1,0,12192.0,2,1,1,0,1,0,1,1,7.2,273.0,0,0,0,0,0,1
221400,63.777,0.0,0,0,0,0,2.585,0.0,0,0,0,0,5.185,0.0,0,32.07,0,0,0,0,0,1,1,0,1,1,0,12192.0,2,1,1,0,1,0,1,1,7.4,266.5,0,0,0,0,0,1
221500,63.777,0.0,0,0,0,0,2.585,0.0,0,0,0,0,5.185,0.0,0,32.08,0,0,0,0,0,1,1,0,1,1,0,12192.0,2,1,1,0,1,0,1,1,7.0,266.7,0,0,0,0,0,1
221600,63.777,0.0,0,0,0,0,2.585,0.0,0,0,0,0,5.185,0.0,0,31.92,0,0,0,0,0,1,1,0,1,1,0,12192.0,2,1,1,0,1,0,1,1,7.8,273.3,0,0,0,0,0,1
221700,63.777,0.0,0,0,0,0,2.585,0.0,0,0,0,0,5.185,0.0,0,32.07,0,0,0,0,0,1,1,0,1,1,0,12192.0,2,1,1,0,1,0,1,1,7.9,267.1,0,0,0,0,0,1
221800,63.777,0.0,0,0,0,0,2.585,0.0,0,0,0,0,5.185,0.0,0,0.0,0,0,0,0,0,1,0,1,1,1,0,12192.0,2,1,1,0,1,0,1,1,6.8,268.0,0,0,0,0,0,1
221900,63.777,0.0,0,0,0,0,2.585,0.0,0,0,0,0,5.185,0.0,0,0.0,0,0,0,0,0,1,0,1,1,1,0,12192.0,2,1,1,0,1,0,1,1,7.3,269.7,0,0,0,0,0,1
222000,63.777,0.0,0,0,0,0,2.585,0.0,0,0,0,0,5.185,0.0,0,0.0,0,0,0,0,0,1,0,1,1,1,0,12192.0,2,1,1,0,1,0,1,1,7.3,272.6,0,0,0,0,0,1
222100,63.777,0.0,0,0,0,0,2.585,0.0,0,0,0,0,5.185,0.0,0,0.0,0,0,0,0,0,1,0,1,1,1,0,12192.0,2,1,1,0,1,0,1,1,6.5,267.1,0,0,0,0,0,1
222200,63.777,0.0,0,0,0,0,2.585,0.0,0,0,0,0,5.185,0.0,0,0.0,0,0,0,0,0,1,0,1,1,1,0,12192.0,2,1,1,0,1,0,1,1,7.7,269.9,0,0,0,0,0,1
222300,63.777,0.0,0,0,0,0,2.585,0.0,0,0,0,0,5.185,0.0,0,0.0,0,0,0,0,0,1,0,1,1,1,0,12192.0,2,1,1,0,1,0,1,1,7.6,264.6,0,0,0,0,0,1
222400,63.777,0.0,0,0,0,0,2.585,0.0,0,0,0,0,5.185,0.0,0,0.0,0,0,0,0,0,1,0,1,1,1,0,12192.0,2,1,1,0,1,0,1,1,6.7,267.0,0,0,0,0,0,1
222500,63.777,0.0,0,0,0,0,2.585,0.0,0,0,0,0,5.185,0.0,0,0.0,0,0,0,0,0,1,0,1,1,1,0,12192.0,2,1,1,0,1,0,1,1,7.7,267.3,0,0,0,0,0,1
222600,63.777,0.0,0,0,0,0,2.585,0.0,0,0,0,0,5.185,0.0,0,0.0,0,0,0,0,0,1,0,1,1,1,0,12192.0,2,1,1,0,1,0,1,1,7.2,269.4,0,0,0,0,0,1
222700,63.777,0.0,0,0,0,0,2.585,0.0,0,0,0,0,5.185,0.0,0,0.0,0,0,0,0,0,1,0,1,1,1,0,12192.0,2,1,1,0,1,0,1,1,7.8,270.1,0,0,0,0,0,1
222800,63.777,0.0,0,0,0,0,2.585,0.0,0,0,0,0,5.185,0.0,0,0.0,0,0,0,0,0,1,0,1,1,1,0,12192.0,2,1,1,0,1,0,1,1,7.1,264.9,0,0,0,0,0,1
222900,63.777,0.0,0,0,0,0,2.585,0.0,0,0,0,0,5.185,0.0,0,0.0,0,0,0,0,0,1,0,1,1,1,0,12192.0,2,1,1,0,1,0,1,1,8.2,270.4,0,0,0,0,0,1
223000,63.777,0.0,0,0,0,0,2.585,0.0,0,0,0,0,5.185,0.0,0,0.0,0,0,0,0,0,1,0,1,1,1,0,12192.0,2,1,1,0,1,0,1,1,8.0,266.5,0,0,0,0,0,1
223100,63.777,0.0,0,0,0,0,2.585,0.0,0,0,0,0,5.185,0.0,0,0.0,0,0,0,0,0,1,0,1,1,1,0,12192.0,2,1,1,0,1,0,1,1,6.7,272.3,0,0,0,0,0,1
223200,63.777,0.0,0,0,0,0,2.585,0.0,0,0,0,0,5.185,0.0,0,0.0,0,0,0,0,0,1,0,1,1,1,0,12192.0,2,1,1,0,1,0,1,1,7.2,272.1,0,0,0,0,0,1
223300,63.777,0.0,0,0,0,0,2.585,0.0,0,0,0,0,5.185,0.0,0,0.0,0,0,0,0,0,1,0,1,1,1,0,12192.0,2,1,1,0,1,0,1,1,7.2,272.9,0,0,0,0,0,1
223400,63.777,0.0,0,0,0,0,2.585,0.0,0,0,0,0,5.185,0.0,0,0.0,0,0,0,0,0,1,0,1,1,1,0,12192.0,2,1,1,0,1,0,1,1,8.0,273.8,0,0,0,0,0,1
223500,63.777,0.0,0,0,1,0,2.585,0.0,0,0,1,0,5.19,0.051,1,0.0,0,0,1,1,0,1,0,1,0,0,0,12192.0,2,1,1,1,0,0,1,1,8.0,269.9,0,0,0,0,0,1
223600,63.777,0.0,0,0,1,0,2.585,0.0,0,0,1,0,5.2,0.102,1,0.0,0,0,1,1,0,1,0,1,0,0,0,12192.0,2,1,1,1,0,0,1,1,7.8,270.3,0,0,0,0,0,1
223700,63.777,0.0,0,0,1,0,2.585,0.0,0,0,1,0,5.215,0.152,1,0.0,0,0,1,1,0,1,0,1,0,0,0,12192.0,2,1,1,1,0,0,1,1,7.0,272.7,0,0,0,0,0,1
223800,63.777,0.0,0,0,1,0,2.585,0.0,0,0,1,0,5.235,0.203,1,0.0,0,0,1,1,0,1,0,1,0,0,0,12192.0,2,1,1,1,0,0,1,1,7.9,274.1,0,0,0,0,0,1
223900,63.777,0.0,0,0,1,0,2.585,0.0,0,0,1,0,5.261,0.254,1,0.0,0,0,1,1,0,1,0,1,0,0,0,12192.0,2,1,1,1,0,0,1,1,7.5,271.7,0,0,0,0,0,1
224000,63.777,0.0,0,0,1,0,2.585,0.0,0,0,1,0,5.291,0.305,1,0.0,0,0,1,1,0,1,0,1,0,0,0,12192.0,2,1,1,1,0,0,1,1,7.0,268.3,0,0,0,0,0,1
224100,63.777,0.0,0,0,1,0,2.585,0.0,0,0,1,0,5.327,0.356,1,0.0,0,0,1,1,0,1,0,1,0,0,0,12192.0,2,1,1,1,0,0,1,1,7.5,267.4,0,0,0,0,0,1
224200,63.777,0.0,0,0,1,0,2.585,0.0,0,0,1,0,5.368,0.407,1,0.0,0,0,1,1,0,1,0,1,0,0,0,12192.0,2,1,1,1,0,0,1,1,8.2,271.4,0,0,0,0,0,1
224300,63.777,0.0,0,0,1,0,2.585,0.0,0,0,1,0,5.413,0.457,1,0.0,0,0,1,1,0,1,0,1,0,0,0,12192.0,2,1,1,1,0,0,1,1,7.6,267.5,0,0,0,0,0,1
224400,63.777,0.0,0,0,1,0,2.585,0.0,0,0,1,0,5.464,0.508,1,0.0,0,0,1,1,0,1,0,1,0,0,0,12192.0,2,1,1,1,0,0,1,1,8.5,268.7,0,0,0,0,0,1
224500,63.777,0.0,0,0,1,0,2.585,0.0,0,0,1,0,5.52,0.559,1,0.0,0,0,1,1,0,1,0,1,0,0,0,12192.0,2,1,1,1,0,0,1,1,7.3,269.3,0,0,0,0,0,1
224600,63.777,0.0,0,0,1,0,2.585,0.0,0,0,1,0,5.581,0.61,1,0.0,0,0,1,1,0,1,0,1,0,0,0,12192.0,2,1,1,1,0,0,1,1,7.9,269.1,0,0,0,0,0,1
224700,63.777,0.0,0,0,1,0,2.585,0.0,0,0,1,0,5.647,0.661,1,0.0,0,0,1,1,0,1,0,1,0,0,0,12192.0,2,1,1,1,0,0,1,1,6.9,267.5,0,0,0,0,0,1
224800,63.777,0.0,0,0,1,0,2.585,0.0,0,0,1,0,5.718,0.711,1,0.0,0,0,1,1,0,1,0,1,0,0,0,12192.0,2,1,1,1,0,0,1,1,8.3,269.7,0,0,0,0,0,1
224900,63.777,0.0,0,0,1,0,2.585,0.0,0,0,1,0,5.794,0.762,1,0.0,0,0,1,1,0,1,0,1,0,0,0,12192.0,2,1,1,1,0,0,1,1,8.7,269.2,0,0,0,0,0,1
225000,63.777,0.0,0,0,1,0,2.585,0.0,0,0,1,0,5.876,0.813,1,0.0,0,0,1,1,0,1,0,1,0,0,0,12192.0,2,1,1,1,0,0,1,1,8.5,270.9,0,0,0,0,0,1
225100,63.777,0.0,0,0,1,0,2.585,0.0,0,0,1,0,5.962,0.864,1,0.0,0,0,1,1,0,1,0,1,0,0,0,12192.0,2,1,1,1,0,0,1,1,8.0,272.4,0,0,0,0,0,1
225200,63.777,0.0,0,0,1,0,2.585,0.0,0,0,1,0,6.054,0.915,1,0.0,0,0,1,1,0,1,0,1,0,0,0,12192.0,2,1,1,1,0,0,1,1,8.6,266.6,0,0,0,0,0,1
225300,63.777,0.0,0,0,1,0,2.585,0.0,0,0,1,0,6.15,0.965,1,0.0,0,0,1,1,0,1,0,1,0,0,0,12192.0,2,1,1,1,0,0,1,1,8.4,269.4,0,0,0,0,0,1
225400,63.777,0.0,0,0,1,0,2.585,0.0,0,0,1,0,6.252,1.016,1,0.0,0,0,1,1,0,1,0,1,0,0,0,12192.0,2,1,1,1,0,0,1,1,8.6,271.4,0,0,0,0,0,1
225500,63.777,0.0,0,0,1,0,2.585,0.0,0,0,1,0,6.358,1.067,1,0.0,0,0,1,1,0,1,0,1,0,0,0,12192.0,2,1,1,1,0,0,1,1,8.7,270.1,0,0,0,0,0,1
225600,63.777,0.0,0,0,1,0,2.585,0.0,0,0,1,0,6.47,1.118,1,0.0,0,0,1,1,0,1,0,1,0,0,0,12192.0,2,1,1,1,0,0,1,1,8.5,271.9,0,0,0,0,0,1
225700,63.777,0.0,0,0,1,0,2.585,0.0,0,0,1,0,6.587,1.169,1,0.0,0,0,1,1,0,1,0,1,0,0,0,12192.0,2,1,1,1,0,0,1,1,8.0,275.0,0,0,0,0,0,1
225800,63.777,0.0,0,0,1,0,2.585,0.0,0,0,1,0,6.709,1.22,1,0.0,0,0,1,1,0,1,0,1,0,0,0,12192.0,2,1,1,1,0,0,1,1,8.2,270.2,0,0,0,0,0,1
225900,63.777,0.0,0,0,1,0,2.585,0.0,0,0,1,0,6.835,1.261,1,0.0,0,0,1,1,0,1,0,1,0,0,0,12192.0,2,1,1,1,0,0,1,1,9.1,273.1,0,0,0,0,0,1
226000,63.777,0.0,0,0,1,0,2.585,0.0,0,0,1,0,6.961,1.261,1,0.0,0,0,1,1,0,1,0,1,0,0,0,12192.0,2,1,1,1,0,0,1,1,8.2,272.7,0,0,0,0,0,1
226100,63.777,0.0,0,0,1,0,2.585,0.0,0,0,1,0,7.087,1.261,1,0.0,0,0,1,1,0,1,0,1,0,0,0,12192.0,2,1,1,1,0,0,1,1,8.3,275.0,0,0,0,0,0,1
226200,63.777,0.0,0,0,1,0,2.585,0.0,0,0,1,0,7.214,1.261,1,0.0,0,0,1,1,0,1,0,1,0,0,0,12192.0,2,1,1,1,0,0,1,1,8.7,273.0,0,0,0,0,0,1
226300,63.777,0.0,0,0,1,0,2.585,0.0,0,0,1,0,7.34,1.261,1,0.0,0,0,1,1,0,1,0,1,0,0,0,12192.0,2,1,1,1,0,0,1,1,8.6,269.6,0,0,0,0,0,1
226400,63.777,0.0,0,0,1,0,2.585,0.0,0,0,1,0,7.466,1.261,1,0.0,0,0,1,1,0,1,0,1,0,0,0,12192.0,2,1,1,1,0,0,1,1,8.2,269.0,0,0,0,0,0,1
226500,63.777,0.0,0,0,1,0,2.585,0.0,0,0,1,0,7.592,1.261,1,0.0,0,0,1,1,0,1,0,1,0,0,0,12192.0,2,1,1,1,0,0,1,1,8.3,268.5,0,0,0,0,0,1
226600,63.777,0.0,0,0,1,0,2.585,0.0,0,0,1,0,7.718,1.261,1,0.0,0,0,1,1,0,1,0,1,0,0,0,12192.0,2,1,1,1,0,0,1,1,8.5,266.5,0,0,0,0,0,1
226700,63.777,0.0,0,0,1,0,2.585,0.0,0,0,1,0,7.844,1.261,1,0.0,0,0,1,1,0,1,0,1,0,0,0,12192.0,2,1,1,1,0,0,1,1,9.7,270.8,0,0,0,0,0,1
226800,63.777,0.0,0,0,1,0,2.585,0.0,0,0,1,0,7.97,1.261,1,0.0,0,0,1,1,0,1,0,1,0,0,0,12192.0,2,1,1,1,0,0,1,1,8.7,273.3,0,0,0,0,0,1
226900,63.777,0.0,0,0,1,0,2.585,0.0,0,0,1,0,8.096,1.261,1,0.0,0,0,1,1,0,1,0,1,0,0,0,12192.0,2,1,1,1,0,0,1,1,8.8,268.3,0,0,0,0,0,1
227000,63.777,0.0,0,0,1,0,2.585,0.0,0,0,1,0,8.223,1.261,1,0.0,0,0,1,1,0,1,0,1,0,0,0,12192.0,2,1,1,1,0,0,1,1,8.8,269.1,0,0,0,0,0,1
227100,63.777,0.0,0,0,1,0,2.585,0.0,0,0,1,0,8.349,1.261,1,0.0,0,0,1,1,0,1,0,1,0,0,0,12192.0,2,1,1,1,0,0,1,1,8.5,275.6,0,0,0,0,0,1
227200,63.777,0.0,0,0,1,0,2.585,0.0,0,0,1,0,8.475,1.261,1,0.0,0,0,1,1,0,1,0,1,0,0,0,12192.0,2,1,1,1,0,0,1,1,8.6,274.2,0,0,0,0,0,1
227300,63.777,0.0,0,0,1,0,2.585,0.0,0,0,1,0,8.601,1.261,1,0.0,0,0,1,1,0,1,0,1,0,0,0,12192.0,2,1,1,1,0,0,1,1,8.6,271.0,0,0,0,0,0,1
227400,63.777,0.0,0,0,1,0,2.585,0.0,0,0,1,0,8.727,1.261,1,0.0,0,0,1,1,0,1,0,1,0,0,0,12192.0,2,1,1,1,0,0,1,1,8.3,269.0,0,0,0,0,0,1
227500,63.777,0.0,0,0,1,0,2.585,0.0,0,0,1,0,8.853,1.261,1,0.0,0,0,1,1,0,1,0,1,0,0,0,12192.0,2,1,1,1,0,0,1,1,8.9,271.2,0,0,0,0,0,1
227600,63.777,0.0,0,0,1,0,2.585,0.0,0,0,1,0,8.979,1.261,1,0.0,0,0,1,1,0,1,0,1,0,0,0,12192.0,2,1,1,1,0,0,1,1,8.4,272.7,0,0,0,0,0,1
227700,63.777,0.0,0,0,1,0,2.585,0.0,0,0,1,0,9.105,1.261,1,0.0,0,0,1,1,0,1,0,1,0,0,0,12192.0,2,1,1,1,0,0,1,1,7.9,274.4,0,0,0,0,0,1
227800,63.777,0.0,0,0,1,0,2.585,0.0,0,0,1,0,9.231,1.261,1,0.0,0,0,1,1,0,1,0,1,0,0,0,12192.0,2,1,1,1,0,0,1,1,7.8,269.8,0,0,0,0,0,1
227900,63.777,0.0,0,0,1,0,2.585,0.0,0,0,1,0,9.358,1.261,1,0.0,0,0,1,1,0,1,0,1,0,0,0,12192.0,2,1,1,1,0,0,1,1,8.3,268.7,0,0,0,0,0,1
228000,63.777,0.0,0,0,1,0,2.585,0.0,0,0,1,0,9.484,1.261,1,0.0,0,0,1,1,0,1,0,1,0,0,0,12192.0,2,1,1,1,0,0,1,1,8.2,268.1,0,0,0,0,0,1
228100,63.777,0.0,0,0,1,0,2.585,0.0,0,0,1,0,9.61,1.261,1,0.0,0,0,1,1,0,1,0,1,0,0,0,12192.0,2,1,1,1,0,0,1,1,8.9,268.3,0,0,0,0,0,1
228200,63.777,0.0,0,0,1,0,2.585,0.0,0,0,1,0,9.736,1.261,1,0.0,0,0,1,1,0,1,0,1,0,0,0,12192.0,2,1,1,1,0,0,1,1,8.8,270.9,0,0,0,0,0,1
228300,63.777,0.0,0,0,1,0,2.585,0.0,0,0,1,0,9.862,1.261,1,0.0,0,0,1,1,0,1,0,1,0,0,0,12192.0,2,1,1,1,0,0,1,1,8.4,271.2,0,0,0,0,0,1
228400,63.777,0.0,0,0,1,0,2.585,0.0,0,0,1,0,9.988,1.261,1,0.0,0,0,1,1,0,1,0,1,0,0,0,12192.0,2,1,1,1,0,0,1,1,8.7,265.2,0,0,0,0,0,1
228500,63.777,0.0,0,0,1,0,2.585,0.0,0,0,1,0,10.114,1.261,1,0.0,0,0,1,1,0,1,0,1,0,0,0,12192.0,2,1,1,1,0,0,1,1,8.0,268.6,0,0,0,0,0,1
228600,63.777,0.0,0,0,1,0,2.585,0.0,0,0,1,0,10.24,1.261,1,0.0,0,0,1,1,0,1,0,1,0,0,0,12192.0,2,1,1,1,0,0,1,1,7.9,272.2,0,0,0,0,0,1
228700,63.777,0.0,0,0,1,0,2.585,0.0,0,0,1,0,10.367,1.261,1,0.0,0,0,1,1,0,1,0,1,0,0,0,12192.0,2,1,1,1,0,0,1,1,8.0,272.1,0,0,0,0,0,1
228800,63.777,0.0,0,0,1,0,2.585,0.0,0,0,1,0,10.493,1.261,1,0.0,0,0,1,1,0,1,0,1,0,0,0,12192.0,2,1,1,1,0,0,1,1,8.8,271.3,0,0,0,0,0,1
228900,63.777,0.0,0,0,1,0,2.585,0.0,0,0,1,0,10.619,1.261,1,0.0,0,0,1,1,0,1,0,1,0,0,0,12192.0,2,1,1,1,0,0,1,1,8.2,268.9,0,0,0,0,0,1
229000,63.777,0.0,0,0,1,0,2.585,0.0,0,0,1,0,10.745,1.261,1,0.0,0,0,1,1,0,1,0,1,0,0,0,12192.0,2,1,1,1,0,0,1,1,8.2,274.4,0,0,0,0,0,1
229100,63.777,0.0,0,0,1,0,2.585,0.0,0,0,1,0,10.871,1.261,1,0.0,0,0,1,1,0,1,0,1,0,0,0,12192.0,2,1,1,1,0,0,1,1,8.4,272.1,0,0,0,0,0,1
229200,63.777,0.0,0,0,1,0,2.585,0.0,0,0,1,0,10.997,1.261,1,0.0,0,0,1,1,0,1,0,1,0,0,0,12192.0,2,1,1,1,0,0,1,1,8.1,270.4,0,0,0,0,0,1
229300,63.777,0.0,0,0,1,0,2.585,0.0,0,0,1,0,11.123,1.261,1,0.0,0,0,1,1,0,1,0,1,0,0,0,12192.0,2,1,1,1,0,0,1,1,7.0,268.0,0,0,0,0,0,1
229400,63.777,0.0,0,0,1,0,2.585,0.0,0,0,1,0,11.249,1.261,1,0.0,0,0,1,1,0,1,0,1,0,0,0,12192.0,2,1,1,1,0,0,1,1,7.8,268.0,0,0,0,0,0,1
229500,63.777,0.0,0,0,1,0,2.585,0.0,0,0,1,0,11.376,1.261,1,0.0,0,0,1,1,0,1,0,1,0,0,0,12192.0,2,1,1,1,0,0,1,1,7.3,272.8,0,0,0,0,0,1
229600,63.777,0.0,0,0,1,0,2.585,0.0,0,0,1,0,11.502,1.261,1,0.0,0,0,1,1,0,1,0,1,0,0,0,12192.0,2,1,1,1,0,0,1,1,7.1,270.8,0,0,0,0,0,1
229700,63.777,0.0,0,0,1,0,2.585,0.0,0,0,1,0,11.628,1.261,1,0.0,0,0,1,1,0,1,0,1,0,0,0,12192.0,2,1,1,1,0,0,1,1,7.6,268.1,0,0,0,0,0,1
229800,63.777,0.0,0,0,1,0,2.585,0.0,0,0,1,0,11.754,1.261,1,0.0,0,0,1,1,0,1,0,1,0,0,0,12192.0,2,1,1,1,0,0,1,1,7.8,265.8,0,0,0,0,0,1
229900,63.777,0.0,0,0,1,0,2.585,0.0,0,0,1,0,11.88,1.261,1,0.0,0,0,1,1,0,1,0,1,0,0,0,12192.0,2,1,1,1,0,0,1,1,7.3,269.4,0,0,0,0,0,1
230000,63.777,0.0,0,0,1,0,2.585,0.0,0,0,1,0,12.001,1.21,1,0.0,0,0,1,1,0,1,0,1,0,0,0,12192.0,2,1,1,1,0,0,1,1,7.8,273.3,0,0,0,0,0,1
230100,63.777,0.0,0,0,1,0,2.585,0.0,0,0,1,0,12.117,1.16,1,0.0,0,0,1,1,0,1,0,1,0,0,0,12192.0,2,1,1,1,0,0,1,1,7.6,268.5,0,0,0,0,0,1
230200,63.777,0.0,0,0,1,0,2.585,0.0,0,0,1,0,12.228,1.109,1,0.0,0,0,1,1,0,1,0,1,0,0,0,12192.0,2,1,1,1,0,0,1,1,7.4,270.0,0,0,0,0,0,1
230300,63.777,0.0,0,0,1,0,2.585,0.0,0,0,1,0,12.334,1.058,1,0.0,0,0,1,1,0,1,0,1,0,0,0,12192.0,2,1,1,1,0,0,1,1,7.5,274.7,0,0,0,0,0,1
230400,63.777,0.0,0,0,1,0,2.585,0.0,0,0,1,0,12.434,1.007,1,0.0,0,0,1,1,0,1,0,1,0,0,0,12192.0,2,1,1,1,0,0,1,1,8.4,274.5,0,0,0,0,0,1
230500,63.777,0.0,0,0,1,0,2.585,0.0,0,0,1,0,12.53,0.954,1,0.0,0,0,1,1,0,1,0,1,0,0,0,12192.0,2,1,1,1,0,0,1,1,7.3,270.2,0,0,0,0,0,1
230600,63.777,0.0,0,0,1,0,2.585,0.0,0,0,1,0,12.62,0.902,1,0.0,0,0,1,1,0,1,0,1,0,0,0,12192.0,2,1,1,1,0,0,1,1,7.6,269.6,0,0,0,0,0,1
230700,63.777,0.0,0,0,1,0,2.585,0.0,0,0,1,0,12.705,0.85,1,0.0,0,0,1,1,0,1,0,1,0,0,0,12192.0,2,1,1,1,0,0,1,1,7.0,270.3,0,0,0,0,0,1
230800,63.777,0.0,0,0,1,0,2.585,0.0,0,0,1,0,12.785,0.797,1,0.0,0,0,1,1,0,1,0,1,0,0,0,12192.0,2,1,1,1,0,0,1,1,7.5,273.1,0,0,0,0,0,1
230900,63.777,0.0,0,0,1,0,2.585,0.0,0,0,1,0,12.859,0.745,1,0.0,0,0,1,1,0,1,0,1,0,0,0,12192.0,2,1,1,1,0,0,1,1,6.3,271.9,0,0,0,0,0,1
231000,63.777,0.0,0,0,1,0,2.585,0.0,0,0,1,0,12.928,0.692,1,0.0,0,0,1,1,0,1,0,1,0,0,0,12192.0,2,1,1,1,0,0,1,1,8.1,273.5,0,0,0,0,0,1
231100,63.777,0.0,0,0,1,0,2.585,0.0,0,0,1,0,12.992,0.639,1,0.0,0,0,1,1,0,1,0,1,0,0,0,12192.0,2,1,1,1,0,0,1,1,7.6,270.7,0,0,0,0,0,1
231200,63.777,0.0,0,0,1,0,2.585,0.0,0,0,1,0,13.051,0.586,1,0.0,0,0,1,1,0,1,0,1,0,0,0,12192.0,2,1,1,1,0,0,1,1,7.6,269.9,0,0,0,0,0,1
231300,63.777,0.0,0,0,1,0,2.585,0.0,0,0,1,0,13.104,0.533,1,0.0,0,0,1,1,0,1,0,1,0,0,0,12192.0,2,1,1,1,0,0,1,1,6.7,267.8,0,0,0,0,0,1
231400,63.777,0.0,0,0,1,0,2.585,0.0,0,0,1,0,13.152,0.48,1,0.0,0,0,1,1,0,1,0,1,0,0,0,12192.0,2,1,1,1,0,0,1,1,7.4,268.9,0,0,0,0,0,1
231500,63.777,0.0,0,0,1,0,2.585,0.0,0,0,1,0,13.195,0.426,1,0.0,0,0,1,1,0,1,0,1,0,0,0,12192.0,2,1,1,1,0,0,1,1,8.2,272.7,0,0,0,0,0,1
231600,63.777,0.0,0,0,1,0,2.585,0.0,0,0,1,0,13.232,0.372,1,0.0,0,0,1,1,0,1,0,1,0,0,0,12192.0,2,1,1,1,0,0,1,1,6.8,267.0,0,0,0,0,0,1
231700,63.777,0.0,0,0,1,0,2.585,0.0,0,0,1,0,13.264,0.317,1,0.0,0,0,1,1,0,1,0,1,0,0,0,12192.0,2,1,1,1,0,0,1,1,7.5,269.0,0,0,0,0,0,1
231800,63.777,0.0,0,0,1,0,2.585,0.0,0,0,1,0,13.29,0.261,1,0.0,0,0,1,1,0,1,0,1,0,0,0,12192.0,2,1,1,1,0,0,1,1,7.4,272.4,0,0,0,0,0,1
231900,63.777,0.0,0,0,1,0,2.585,0.0,0,0,1,0,13.31,0.204,1,0.0,0,0,1,1,0,1,0,1,0,0,0,12192.0,2,1,1,1,0,0,1,1,7.8,267.4,0,0,0,0,0,1
232000,63.777,0.0,0,0,1,0,2.585,0.0,0,0,1,0,13.325,0.144,1,0.0,0,0,1,1,0,1,0,1,0,0,0,12192.0,2,1,1,1,0,0,1,1,7.4,268.4,0,0,0,0,0,1
232100,63.777,0.0,0,0,1,0,2.585,0.0,0,0,1,0,13.332,0.079,1,0.0,0,0,1,1,0,1,0,1,0,0,0,12192.0,2,1,1,1,0,0,1,1,7.4,270.1,0,0,0,0,0,1
232200,63.777,0.0,0,0,0,0,2.585,0.0,0,0,0,0,13.335,0.0,0,0.0,0,0,0,0,0,1,0,1,0,0,0,12192.0,2,1,1,0,1,0,1,1,7.7,271.3,0,0,0,0,0,1
232300,63.778,0.015,1,1,1,0,2.591,0.061,1,1,1,0,13.33,0.0,0,0.0,0,0,0,1,0,1,0,1,0,0,0,12192.0,2,1,1,1,0,0,1,2,7.7,271.8,0,0,0,0,0,1
232400,63.781,0.03,1,1,1,0,2.604,0.122,1,1,1,0,13.33,0.0,0,0.0,0,0,0,1,0,1,0,1,0,0,0,12192.0,2,1,1,1,0,0,1,2,7.8,268.5,0,0,0,0,0,1
232500,63.786,0.045,1,1,1,0,2.622,0.184,1,1,1,0,13.33,0.0,0,0.0,0,0,0,1,0,1,0,1,0,0,0,12192.0,2,1,1,1,0,0,1,2,7.7,270.6,0,0,0,0,0,1
232600,63.792,0.06,1,1,1,0,2.646,0.245,1,1,1,0,13.33,0.0,0,0.0,0,0,0,1,0,1,0,1,0,0,0,12192.0,2,1,1,1,0,0,1,2,7.7,268.7,0,0,0,0,0,1
232700,63.799,0.075,1,1,1,0,2.677,0.306,1,1,1,0,13.33,0.0,0,0.0,0,0,0,1,0,1,0,1,0,0,0,12192.0,2,1,1,1,0,0,1,2,7.6,270.5,0,0,0,0,0,1
232800,63.808,0.09,1,1,1,0,2.714,0.367,1,1,1,0,13.33,0.0,0,0.0,0,0,0,1,0,1,0,1,0,0,0,12192.0,2,1,1,1,0,0,1,2,8.0,274.8,0,0,0,0,0,1
232900,63.819,0.106,1,1,1,0,2.757,0.428,1,1,1,0,13.33,0.0,0,0.0,0,0,0,1,0,1,0,1,0,0,0,12192.0,2,1,1,1,0,0,1,2,7.8,269.7,0,0,0,0,0,1
233000,63.831,0.121,1,1,1,0,2.806,0.49,1,1,1,0,13.33,0.0,0,0.0,0,0,0,1,0,1,0,1,0,0,0,12192.0,2,1,1,1,0,0,1,2,7.2,273.3,0,0,0,0,0,1
233100,63.845,0.136,1,1,1,0,2.861,0.551,1,1,1,0,13.33,0.0,0,0.0,0,0,0,1,0,1,0,1,0,0,0,12192.0,2,1,1,1,0,0,1,2,7.2,270.0,0,0,0,0,0,1
233200,63.86,0.151,1,1,1,0,2.922,0.612,1,1,1,0,13.33,0.0,0,0.0,0,0,0,1,0,1,0,1,0,0,0,12192.0,2,1,1,1,0,0,1,2,7.8,273.9,0,0,0,0,0,1
233300,63.876,0.166,1,1,1,0,2.989,0.673,1,1,1,0,13.33,0.0,0,0.0,0,0,0,1,0,1,0,1,0,0,0,12192.0,2,1,1,1,0,0,1,2,7.9,271.4,0,0,0,0,0,1
233400,63.894,0.181,1,1,1,0,3.063,0.734,1,1,1,0,13.33,0.0,0,0.0,0,0,0,1,0,1,0,1,0,0,0,12192.0,2,1,1,1,0,0,1,2,8.1,274.6,0,0,0,0,0,1
233500,63.914,0.196,1,1,1,0,3.142,0.795,1,1,1,0,13.33,0.0,0,0.0,0,0,0,1,0,1,0,1,0,0,0,12192.0,2,1,1,1,0,0,1,2,8.3,271.5,0,0,0,0,0,1
233600,63.935,0.211,1,1,1,0,3.228,0.857,1,1,1,0,13.33,0.0,0,0.0,0,0,0,1,0,1,0,1,0,0,0,12192.0,2,1,1,1,0,0,1,2,8.3,269.6,0,0,0,0,0,1
233700,63.958,0.226,1,1,1,0,3.32,0.918,1,1,1,0,13.33,0.0,0,0.0,0,0,0,1,0,1,0,1,0,0,0,12192.0,2,1,1,1,0,0,1,2,8.9,272.5,0,0,0,0,0,1
233800,63.982,0.241,1,1,1,0,3.418,0.979,1,1,1,0,13.33,0.0,0,0.0,0,0,0,1,0,1,0,1,0,0,0,12192.0,2,1,1,1,0,0,1,2,8.4,270.1,0,0,0,0,0,1
233900,64.007,0.256,1,1,1,0,3.522,1.04,1,1,1,0,13.33,0.0,0,0.0,0,0,0,1,0,1,0,1,0,0,0,12192.0,2,1,1,1,0,0,1,2,7.7,269.4,0,0,0,0,0,1
234000,64.035,0.271,1,1,1,0,3.632,1.101,1,1,1,0,13.33,0.0,0,0.0,0,0,0,1,0,1,0,1,0,0,0,12192.0,2,1,1,1,0,0,1,2,8.8,270.1,0,0,0,0,0,1
234100,64.063,0.286,1,1,1,0,3.748,1.163,1,1,1,0,13.33,0.0,0,0.0,0,0,0,1,0,1,0,1,0,0,0,12192.0,2,1,1,1,0,0,1,2,9.0,263.3,0,0,0,0,0,1
234200,64.093,0.302,1,1,1,0,3.87,1.224,1,1,1,0,13.33,0.0,0,0.0,0,0,0,1,0,1,0,1,0,0,0,12192.0,2,1,1,1,0,0,1,2,8.2,271.6,0,0,0,0,0,1
234300,64.125,0.317,1,1,1,0,3.999,1.285,1,1,1,0,13.33,0.0,0,0.0,0,0,0,1,0,1,0,1,0,0,0,12192.0,2,1,1,1,0,0,1,2,8.6,269.4,0,0,0,0,0,1
234400,64.158,0.332,1,1,1,0,4.133,1.346,1,1,1,0,13.33,0.0,0,0.0,0,0,0,1,0,1,0,1,0,0,0,12192.0,2,1,1,1,0,0,1,2,8.5,271.5,0,0,0,0,0,1
234500,64.193,0.347,1,1,1,0,4.274,1.407,1,1,1,0,13.33,0.0,0,0.0,0,0,0,1,0,1,0,1,0,0,0,12192.0,2,1,1,1,0,0,1,2,8.4,270.4,0,0,0,0,0,1
234600,64.229,0.362,1,1,1,0,4.421,1.469,1,1,1,0,13.33,0.0,0,0.0,0,0,0,1,0,1,0,1,0,0,0,12192.0,2,1,1,1,0,0,1,2,8.4,270.8,0,0,0,0,0,1
234700,64.267,0.377,1,1,1,0,4.574,1.53,1,1,1,0,13.33,0.0,0,0.0,0,0,0,1,0,1,0,1,0,0,0,12192.0,2,1,1,1,0,0,1,2,8.3,275.1,0,0,0,0,0,1
234800,64.306,0.392,1,1,1,0,4.733,1.591,1,1,1,0,13.33,0.0,0,0.0,0,0,0,1,0,1,0,1,0,0,0,12192.0,2,1,1,1,0,0,1,2,9.3,274.9,0,0,0,0,0,1
234900,64.347,0.407,1,1,1,0,4.898,1.652,1,1,1,0,13.33,0.0,0,0.0,0,0,0,1,0,1,0,1,0,0,0,12192.0,2,1,1,1,0,0,1,2,8.5,267.5,0,0,0,0,0,1
235000,64.389,0.422,1,1,1,0,5.07,1.713,1,1,1,0,13.33,0.0,0,0.0,0,0,0,1,0,1,0,1,0,0,0,12192.0,2,1,1,1,0,0,1,2,8.5,268.4,0,0,0,0,0,1
235100,64.433,0.437,1,1,1,0,5.247,1.775,1,1,1,0,13.33,0.0,0,0.0,0,0,0,1,0,1,0,1,0,0,0,12192.0,2,1,1,1,0,0,1,2,9.3,269.8,0,0,0,0,0,1
235200,64.478,0.452,1,1,1,0,5.431,1.836,1,1,1,0,13.33,0.0,0,0.0,0,0,0,1,0,1,0,1,0,0,0,12192.0,2,1,1,1,0,0,1,2,8.8,268.2,0,0,0,0,0,1
235300,64.525,0.467,1,1,1,0,5.62,1.897,1,1,1,0,13.33,0.0,0,0.0,0,0,0,1,0,1,0,1,0,0,0,12192.0,2,1,1,1,0,0,1,2,9.3,270.0,0,0,0,0,0,1
235400,64.573,0.483,1,1,1,0,5.816,1.958,1,1,1,0,13.33,0.0,0,0.0,0,0,0,1,0,1,0,1,0,0,0,12192.0,2,1,1,1,0,0,1,2,9.1,268.1,0,0,0,0,0,1
235500,64.623,0.498,1,1,1,0,6.012,1.958,1,1,1,0,13.33,0.0,0,0.0,0,0,0,1,0,1,0,1,0,0,0,12192.0,2,1,1,1,0,0,1,2,9.7,266.5,0,0,0,0,0,1
235600,64.674,0.513,1,1,1,0,6.202,1.896,1,1,1,0,13.33,0.0,0,0.0,0,0,0,1,0,1,0,1,0,0,0,12192.0,2,1,1,1,0,0,1,2,9.0,269.5,0,0,0,0,0,1
235700,64.727,0.528,1,1,1,0,6.385,1.834,1,1,1,0,13.33,0.0,0,0.0,0,0,0,1,0,1,0,1,0,0,0,12192.0,2,1,1,1,0,0,1,2,7.5,274.8,0,0,0,0,0,1
235800,64.781,0.543,1,1,1,0,6.562,1.772,1,1,1,0,13.33,0.0,0,0.0,0,0,0,1,0,1,0,1,0,0,0,12192.0,2,1,1,1,0,0,1,2,8.1,270.8,0,0,0,0,0,1
235900,64.837,0.558,1,1,1,0,6.733,1.71,1,1,1,0,13.33,0.0,0,0.0,0,0,0,1,0,1,0,1,0,0,0,12192.0,2,1,1,1,0,0,1,2,8.4,270.5,0,0,0,0,0,1
236000,64.894,0.573,1,1,1,0,6.898,1.647,1,1,1,0,13.33,0.0,0,0.0,0,0,0,1,0,1,0,1,0,0,0,12192.0,2,1,1,1,0,0,1,2,8.3,270.9,0,0,0,0,0,1
236100,64.953,0.588,1,1,1,0,7.056,1.585,1,1,1,0,13.33,0.0,0,0.0,0,0,0,1,0,1,0,1,0,0,0,12192.0,2,1,1,1,0,0,1,2,8.6,268.7,0,0,0,0,0,1
236200,65.013,0.603,1,1,1,0,7.209,1.522,1,1,1,0,13.33,0.0,0,0.0,0,0,0,1,0,1,0,1,0,0,0,12192.0,2,1,1,1,0,0,1,2,8.2,269.3,0,0,0,0,0,1
236300,65.075,0.618,1,1,1,0,7.355,1.46,1,1,1,0,13.33,0.0,0,0.0,0,0,0,1,0,1,0,1,0,0,0,12192.0,2,1,1,1,0,0,1,2,9.0,271.9,0,0,0,0,0,1
236400,65.138,0.633,1,1,1,0,7.494,1.397,1,1,1,0,13.33,0.0,0,0.0,0,0,0,1,0,1,0,1,0,0,0,12192.0,2,1,1,1,0,0,1,2,8.8,269.1,0,0,0,0,0,1
236500,65.203,0.648,1,1,1,0,7.628,1.335,1,1,1,0,13.33,0.0,0,0.0,0,0,0,1,0,1,0,1,0,0,0,12192.0,2,1,1,1,0,0,1,2,8.5,267.4,0,0,0,0,0,1
236600,65.27,0.663,1,1,1,0,7.755,1.272,1,1,1,0,13.33,0.0,0,0.0,0,0,0,1,0,1,0,1,0,0,0,12192.0,2,1,1,1,0,0,1,2,8.4,271.7,0,0,0,0,0,1
236700,65.337,0.679,1,1,1,0,7.876,1.209,1,1,1,0,13.33,0.0,0,0.0,0,0,0,1,0,1,0,1,0,0,0,12192.0,2,1,1,1,0,0,1,2,8.0,270.7,0,0,0,0,0,1
236800,65.407,0.694,1,1,1,0,7.991,1.147,1,1,1,0,13.33,0.0,0,0.0,0,0,0,1,0,1,0,1,0,0,0,12192.0,2,1,1,1,0,0,1,2,8.6,270.0,0,0,0,0,0,1
236900,65.478,0.709,1,1,1,0,8.099,1.084,1,1,1,0,13.33,0.0,0,0.0,0,0,0,1,0,1,0,1,0,0,0,12192.0,2,1,1,1,0,0,1,2,8.1,267.4,0,0,0,0,0,1
237000,65.549,0.711,1,1,1,0,8.201,1.021,1,1,1,0,13.33,0.0,0,0.0,0,0,0,1,0,1,0,1,0,0,0,12192.0,2,1,1,1,0,0,1,2,7.6,271.2,0,0,0,0,0,1
237100,65.62,0.711,1,1,1,0,8.297,0.957,1,1,1,0,13.33,0.0,0,0.0,0,0,0,1,0,1,0,1,0,0,0,12192.0,2,1,1,1,0,0,1,2,8.5,271.2,0,0,0,0,0,1
237200,65.691,0.711,1,1,1,0,8.386,0.894,1,1,1,0,13.33,0.0,0,0.0,0,0,0,1,0,1,0,1,0,0,0,12192.0,2,1,1,1,0,0,1,2,8.0,269.9,0,0,0,0,0,1
237300,65.762,0.711,1,1,1,0,8.469,0.831,1,1,1,0,13.33,0.0,0,0.0,0,0,0,1,0,1,0,1,0,0,0,12192.0,2,1,1,1,0,0,1,2,8.1,270.2,0,0,0,0,0,1
237400,65.833,0.711,1,1,1,0,8.546,0.767,1,1,1,0,13.33,0.0,0,0.0,0,0,0,1,0,1,0,1,0,0,0,12192.0,2,1,1,1,0,0,1,2,8.4,271.5,0,0,0,0,0,1
237500,65.904,0.711,1,1,1,0,8.616,0.703,1,1,1,0,13.33,0.0,0,0.0,0,0,0,1,0,1,0,1,0,0,0,12192.0,2,1,1,1,0,0,1,2,8.0,273.6,0,0,0,0,0,1
237600,65.975,0.711,1,1,1,0,8.68,0.639,1,1,1,0,13.33,0.0,0,0.0,0,0,0,1,0,1,0,1,0,0,0,12192.0,2,1,1,1,0,0,1,2,7.4,269.7,0,0,0,0,0,1
237700,66.046,0.711,1,1,1,0,8.738,0.575,1,1,1,0,13.33,0.0,0,0.0,0,0,0,1,0,1,0,1,0,0,0,12192.0,2,1,1,1,0,0,1,2,8.2,266.6,0,0,0,0,0,1
237800,66.117,0.711,1,1,1,0,8.789,0.51,1,1,1,0,13.33,0.0,0,0.0,0,0,0,1,0,1,0,1,0,0,0,12192.0,2,1,1,1,0,0,1,2,7.8,270.5,0,0,0,0,0,1
237900,66.188,0.711,1,1,1,0,8.833,0.444,1,1,1,0,13.33,0.0,0,0.0,0,0,0,1,0,1,0,1,0,0,0,12192.0,2,1,1,1,0,0,1,2,8.4,273.2,0,0,0,0,0,1
238000,66.259,0.711,1,1,1,0,8.871,0.378,1,1,1,0,13.33,0.0,0,0.0,0,0,0,1,0,1,0,1,0,0,0,12192.0,2,1,1,1,0,0,1,2,8.4,268.9,0,0,0,0,0,1
238100,66.33,0.711,1,1,1,0,8.902,0.311,1,1,1,0,13.33,0.0,0,0.0,0,0,0,1,0,1,0,1,0,0,0,12192.0,2,1,1,1,0,0,1,2,8.5,265.5,0,0,0,0,0,1
238200,66.401,0.711,1,1,1,0,8.926,0.242,1,1,1,0,13.33,0.0,0,0.0,0,0,0,1,0,1,0,1,0,0,0,12192.0,2,1,1,1,0,0,1,2,7.6,270.1,0,0,0,0,0,1
238300,66.473,0.711,1,1,1,0,8.944,0.171,1,1,1,0,13.33,0.0,0,0.0,0,0,0,1,0,1,0,1,0,0,0,12192.0,2,1,1,1,0,0,1,2,7.0,267.4,0,0,0,0,0,1
238400,66.544,0.711,1,1,1,0,8.953,0.091,1,1,1,0,13.33,0.0,0,0.0,0,0,0,1,0,1,0,1,0,0,0,12192.0,2,1,1,1,0,0,1,2,7.5,266.5,0,0,0,0,0,1
238500,66.615,0.711,1,1,1,0,8.956,0.0,0,0,1,0,13.33,0.0,0,0.0,0,0,0,1,0,1,0,1,0,0,0,12192.0,2,1,1,1,0,0,1,2,7.7,269.6,0,0,0,0,0,1
238600,66.686,0.711,1,1,1,0,8.956,0.0,0,0,1,0,13.33,0.0,0,0.0,0,0,0,1,0,1,0,1,0,0,0,12192.0,2,1,1,1,0,0,1,2,7.1,271.7,0,0,0,0,0,1
238700,66.757,0.711,1,1,1,0,8.956,0.0,0,0,1,0,13.33,0.0,0,0.0,0,0,0,1,0,1,0,1,0,0,0,12192.0,2,1,1,1,0,0,1,2,7.9,272.7,0,0,0,0,0,1
238800,66.828,0.711,1,1,1,0,8.956,0.0,0,0,1,0,13.33,0.0,0,0.0,0,0,0,1,0,1,0,1,0,0,0,12192.0,2,1,1,1,0,0,1,2,7.7,266.9,0,0,0,0,0,1
238900,66.899,0.711,1,1,1,0,8.956,0.0,0,0,1,0,13.33,0.0,0,0.0,0,0,0,1,0,1,0,1,0,0,0,12192.0,2,1,1,1,0,0,1,2,8.4,267.0,0,0,0,0,0,1
239000,66.97,0.711,1,1,1,0,8.956,0.0,0,0,1,0,13.33,0.0,0,0.0,0,0,0,1,0,1,0,1,0,0,0,12192.0,2,1,1,1,0,0,1,2,7.5,267.4,0,0,0,0,0,1
239100,67.041,0.711,1,1,1,0,8.956,0.0,0,0,1,0,13.33,0.0,0,0.0,0,0,0,1,0,1,0,1,0,0,0,12192.0,2,1,1,1,0,0,1,2,7.9,271.2,0,0,0,0,0,1
239200,67.112,0.711,1,1,1,0,8.956,0.0,0,0,1,0,13.33,0.0,0,0.0,0,0,0,1,0,1,0,1,0,0,0,12192.0,2,1,1,1,0,0,1,2,7.4,271.4,0,0,0,0,0,1
239300,67.183,0.711,1,1,1,0,8.956,0.0,0,0,1,0,13.33,0.0,0,0.0,0,0,0,1,0,1,0,1,0,0,0,12192.0,2,1,1,1,0,0,1,2,7.9,270.5,0,0,0,0,0,1
239400,67.254,0.711,1,1,1,0,8.956,0.0,0,0,1,0,13.33,0.0,0,0.0,0,0,0,1,0,1,0,1,0,0,0,12192.0,2,1,1,1,0,0,1,2,7.8,268.2,0,0,0,0,0,1
239500,67.325,0.711,1,1,1,0,8.956,0.0,0,0,1,0,13.33,0.0,0,0.0,0,0,0,1,0,1,0,1,0,0,0,12192.0,2,1,1,1,0,0,1,2,6.9,271.1,0,0,0,0,0,1
239600,67.396,0.711,1,1,1,0,8.956,0.0,0,0,1,0,13.33,0.0,0,0.0,0,0,0,1,0,1,0,1,0,0,0,12192.0,2,1,1,1,0,0,1,2,7.3,271.9,0,0,0,0,0,1
239700,67.467,0.711,1,1,1,0,8.956,0.0,0,0,1,0,13.33,0.0,0,0.0,0,0,0,1,0,1,0,1,0,0,0,12192.0,2,1,1,1,0,0,1,2,6.1,266.4,0,0,0,0,0,1
239800,67.538,0.711,1,1,1,0,8.956,0.0,0,0,1,0,13.33,0.0,0,0.0,0,0,0,1,0,1,0,1,0,0,0,12192.0,2,1,1,1,0,0,1,2,7.5,270.2,0,0,0,0,0,1
239900,67.61,0.711,1,1,1,0,8.956,0.0,0,0,1,0,13.33,0.0,0,0.0,0,0,0,1,0,1,0,1,0,0,0,12192.0,2,1,1,1,0,0,1,2,8.1,270.0,0,0,0,0,0,1
240000,67.681,0.711,1,1,1,0,8.956,0.0,0,0,1,0,13.33,0.0,0,0.0,0,0,0,1,0,1,0,1,0,0,0,12192.0,2,1,1,1,0,0,1,2,6.8,265.9,0,0,0,0,0,1
240100,67.752,0.711,1,1,1,0,8.956,0.0,0,0,1,0,13.33,0.0,0,0.0,0,0,0,1,0,1,0,1,0,0,0,12192.0,2,1,1,1,0,0,1,2,7.3,266.4,0,0,0,0,0,1
240200,67.823,0.711,1,1,1,0,8.956,0.0,0,0,1,0,13.33,0.0,0,0.0,0,0,0,1,0,1,0,1,0,0,0,12192.0,2,1,1,1,0,0,1,2,7.6,271.6,0,0,0,0,0,1
240300,67.894,0.711,1,1,1,0,8.956,0.0,0,0,1,0,13.33,0.0,0,0.0,0,0,0,1,0,1,0,1,0,0,0,12192.0,2,1,1,1,0,0,1,2,7.6,265.6,0,0,0,0,0,1
240400,67.965,0.711,1,1,1,0,8.956,0.0,0,0,1,0,13.33,0.0,0,0.0,0,0,0,1,0,1,0,1,0,0,0,12192.0,2,1,1,1,0,0,1,2,7.7,271.2,0,0,0,0,0,1
240500,68.036,0.711,1,1,1,0,8.956,0.0,0,0,1,0,13.33,0.0,0,0.0,0,0,0,1,0,1,0,1,0,0,0,12192.0,2,1,1,1,0,0,1,2,7.1,272.9,0,0,0,0,0,1
240600,68.107,0.711,1,1,1,0,8.956,0.0,0,0,1,0,13.33,0.0,0,0.0,0,0,0,1,0,1,0,1,0,0,0,12192.0,2,1,1,1,0,0,1,2,7.0,270.3,0,0,0,0,0,1
240700,68.178,0.711,1,1,1,0,8.956,0.0,0,0,1,0,13.33,0.0,0,0.0,0,0,0,1,0,1,0,1,0,0,0,12192.0,2,1,1,1,0,0,1,2,7.3,271.0,0,0,0,0,0,1
240800,68.249,0.711,1,1,1,0,8.956,0.0,0,0,1,0,13.33,0.0,0,0.0,0,0,0,1,0,1,0,1,0,0,0,12192.0,2,1,1,1,0,0,1,2,7.1,270.5,0,0,0,0,0,1
240900,68.32,0.711,1,1,1,0,8.956,0.0,0,0,1,0,13.33,0.0,0,0.0,0,0,0,1,0,1,0,1,0,0,0,12192.0,2,1,1,1,0,0,1,2,7.8,269.4,0,0,0,0,0,1
241000,68.391,0.711,1,1,1,0,8.956,0.0,0,0,1,0,13.33,0.0,0,0.0,0,0,0,1,0,1,0,1,0,0,0,12192.0,2,1,1,1,0,0,1,2,7.7,270.1,0,0,0,0,0,1
241100,68.462,0.711,1,1,1,0,8.956,0.0,0,0,1,0,13.33,0.0,0,0.0,0,0,0,1,0,1,0,1,0,0,0,12192.0,2,1,1,1,0,0,1,2,8.5,270.2,0,0,0,0,0,1
241200,68.533,0.711,1,1,1,0,8.956,0.0,0,0,1,0,13.33,0.0,0,0.0,0,0,0,1,0,1,0,1,0,0,0,12192.0,2,1,1,1,0,0,1,2,7.2,270.5,0,0,0,0,0,1
241300,68.604,0.711,1,1,1,0,8.956,0.0,0,0,1,0,13.33,0.0,0,0.0,0,0,0,1,0,1,0,1,0,0,0,12192.0,2,1,1,1,0,0,1,2,7.3,269.1,0,0,0,0,0,1
241400,68.675,0.711,1,1,1,0,8.956,0.0,0,0,1,0,13.33,0.0,0,0.0,0,0,0,1,0,1,0,1,0,0,0,12192.0,2,1,1,1,0,0,1,2,8.4,271.3,0,0,0,0,0,1
241500,68.747,0.711,1,1,1,0,8.956,0.0,0,0,1,0,13.33,0.0,0,0.0,0,0,0,1,0,1,0,1,0,0,0,12192.0,2,1,1,1,0,0,1,2,7.8,271.4,0,0,0,0,0,1
241600,68.818,0.711,1,1,1,0,8.956,0.0,0,0,1,0,13.33,0.0,0,0.0,0,0,0,1,0,1,0,1,0,0,0,12192.0,2,1,1,1,0,0,1,2,7.8,264.9,0,0,0,0,0,1
241700,68.889,0.711,1,1,1,0,8.956,0.0,0,0,1,0,13.33,0.0,0,0.0,0,0,0,1,0,1,0,1,0,0,0,12192.0,2,1,1,1,0,0,1,2,7.8,272.5,0,0,0,0,0,1
241800,68.96,0.711,1,1,1,0,8.956,0.0,0,0,1,0,13.33,0.0,0,0.0,0,0,0,1,0,1,0,1,0,0,0,12192.0,2,1,1,1,0,0,1,2,7.7,267.7,0,0,0,0,0,1
241900,69.031,0.711,1,1,1,0,8.956,0.0,0,0,1,0,13.33,0.0,0,0.0,0,0,0,1,0,1,0,1,0,0,0,12192.0,2,1,1,1,0,0,1,2,7.8,271.4,0,0,0,0,0,1
242000,69.102,0.711,1,1,1,0,8.956,0.0,0,0,1,0,13.33,0.0,0,0.0,0,0,0,1,0,1,0,1,0,0,0,12192.0,2,1,1,1,0,0,1,2,7.6,269.9,0,0,0,0,0,1
242100,69.173,0.711,1,1,1,0,8.956,0.0,0,0,1,0,13.33,0.0,0,0.0,0,0,0,1,0,1,0,1,0,0,0,12192.0,2,1,1,1,0,0,1,2,7.4,267.0,0,0,0,0,0,1
242200,69.244,0.711,1,1,1,0,8.956,0.0,0,0,1,0,13.33,0.0,0,0.0,0,0,0,1,0,1,0,1,0,0,0,12192.0,2,1,1,1,0,0,1,2,7.9,267.2,0,0,0,0,0,1
242300,69.315,0.711,1,1,1,0,8.956,0.0,0,0,1,0,13.33,0.0,0,0.0,0,0,0,1,0,1,0,1,0,0,0,12192.0,2,1,1,1,0,0,1,2,8.4,270.4,0,0,0,0,0,1
242400,69.386,0.711,1,1,1,0,8.956,0.0,0,0,1,0,13.33,0.0,0,0.0,0,0,0,1,0,1,0,1,0,0,0,12192.0,2,1,1,1,0,0,1,2,8.1,272.5,0,0,0,0,0,1
242500,69.457,0.711,1,1,1,0,8.956,0.0,0,0,1,0,13.33,0.0,0,0.0,0,0,0,1,0,1,0,1,0,0,0,12192.0,2,1,1,1,0,0,1,2,7.2,273.6,0,0,0,0,0,1
242600,69.528,0.711,1,1,1,0,8.956,0.0,0,0,1,0,13.33,0.0,0,0.0,0,0,0,1,0,1,0,1,0,0,0,12192.0,2,1,1,1,0,0,1,2,8.8,267.8,0,0,0,0,0,1
242700,69.599,0.711,1,1,1,0,8.956,0.0,0,0,1,0,13.33,0.0,0,0.0,0,0,0,1,0,1,0,1,0,0,0,12192.0,2,1,1,1,0,0,1,2,9.0,271.4,0,0,0,0,0,1
242800,69.67,0.711,1,1,1,0,8.956,0.0,0,0,1,0,13.33,0.0,0,0.0,0,0,0,1,0,1,0,1,0,0,0,12192.0,2,1,1,1,0,0,1,2,7.4,265.7,0,0,0,0,0,1
242900,69.741,0.711,1,1,1,0,8.956,0.0,0,0,1,0,13.33,0.0,0,0.0,0,0,0,1,0,1,0,1,0,0,0,12192.0,2,1,1,1,0,0,1,2,8.3,272.9,0,0,0,0,0,1
243000,69.812,0.711,1,1,1,0,8.956,0.0,0,0,1,0,13.33,0.0,0,0.0,0,0,0,1,0,1,0,1,0,0,0,12192.0,2,1,1,1,0,0,1,2,9.1,270.1,0,0,0,0,0,1
243100,69.884,0.711,1,1,1,0,8.956,0.0,0,0,1,0,13.33,0.0,0,0.0,0,0,0,1,0,1,0,1,0,0,0,12192.0,2,1,1,1,0,0,1,2,8.9,273.2,0,0,0,0,0,1
243200,69.955,0.711,1,1,1,0,8.956,0.0,0,0,1,0,13.33,0.0,0,0.0,0,0,0,1,0,1,0,1,0,0,0,12192.0,2,1,1,1,0,0,1,2,8.8,270.9,0,0,0,0,0,1
243300,70.026,0.711,1,1,1,0,8.956,0.0,0,0,1,0,13.33,0.0,0,0.0,0,0,0,1,0,1,0,1,0,0,0,12192.0,2,1,1,1,0,0,1,2,8.3,272.4,0,0,0,0,0,1
243400,70.097,0.711,1,1,1,0,8.956,0.0,0,0,1,0,13.33,0.0,0,0.0,0,0,0,1,0,1,0,1,0,0,0,12192.0,2,1,1,1,0,0,1,2,8.3,268.5,0,0,0,0,0,1
243500,70.168,0.711,1,1,1,0,8.956,0.0,0,0,1,0,13.33,0.0,0,0.0,0,0,0,1,0,1,0,1,0,0,0,12192.0,2,1,1,1,0,0,1,2,8.6,269.6,0,0,0,0,0,1
243600,70.239,0.711,1,1,1,0,8.956,0.0,0,0,1,0,13.33,0.0,0,0.0,0,0,0,1,0,1,0,1,0,0,0,12192.0,2,1,1,1,0,0,1,2,8.4,270.6,0,0,0,0,0,1
243700,70.31,0.711,1,1,1,0,8.956,0.0,0,0,1,0,13.33,0.0,0,0.0,0,0,0,1,0,1,0,1,0,0,0,12192.0,2,1,1,1,0,0,1,2,8.9,270.7,0,0,0,0,0,1
243800,70.381,0.711,1,1,1,0,8.956,0.0,0,0,1,0,13.33,0.0,0,0.0,0,0,0,1,0,1,0,1,0,0,0,12192.0,2,1,1,1,0,0,1,2,8.8,270.7,0,0,0,0,0,1
243900,70.452,0.711,1,1,1,0,8.956,0.0,0,0,1,0,13.33,0.0,0,0.0,0,0,0,1,0,1,0,1,0,0,0,12192.0,2,1,1,1,0,0,1,2,8.7,268.8,0,0,0,0,0,1
244000,70.523,0.711,1,1,1,0,8.956,0.0,0,0,1,0,13.33,0.0,0,0.0,0,0,0,1,0,1,0,1,0,0,0,12192.0,2,1,1,1,0,0,1,2,7.8,273.5,0,0,0,0,0,1
244100,70.594,0.711,1,1,1,0,8.956,0.0,0,0,1,0,13.33,0.0,0,0.0,0,0,0,1,0,1,0,1,0,0,0,12192.0,2,1,1,1,0,0,1,2,8.5,270.6,0,0,0,0,0,1
244200,70.665,0.711,1,1,1,0,8.956,0.0,0,0,1,0,13.33,0.0,0,0.0,0,0,0,1,0,1,0,1,0,0,0,12192.0,2,1,1,1,0,0,1,2,8.6,269.4,0,0,0,0,0,1
244300,70.736,0.711,1,1,1,0,8.956,0.0,0,0,1,0,13.33,0.0,0,0.0,0,0,0,1,0,1,0,1,0,0,0,12192.0,2,1,1,1,0,0,1,2,8.4,267.7,0,0,0,0,0,1
244400,70.807,0.711,1,1,1,0,8.956,0.0,0,0,1,0,13.33,0.0,0,0.0,0,0,0,1,0,1,0,1,0,0,0,12192.0,2,1,1,1,0,0,1,2,8.8,270.5,0,0,0,0,0,1
244500,70.878,0.711,1,1,1,0,8.956,0.0,0,0,1,0,13.33,0.0,0,0.0,0,0,0,1,0,1,0,1,0,0,0,12192.0,2,1,1,1,0,0,1,2,8.9,272.1,0,0,0,0,0,1
244600,70.949,0.711,1,1,1,0,8.956,0.0,0,0,1,0,13.33,0.0,0,0.0,0,0,0,1,0,1,0,1,0,0,0,12192.0,2,1,1,1,0,0,1,2,8.1,269.9,0,0,0,0,0,1
244700,71.021,0.711,1,1,1,0,8.956,0.0,0,0,1,0,13.33,0.0,0,0.0,0,0,0,1,0,1,0,1,0,0,0,12192.0,2,1,1,1,0,0,1,2,7.8,269.8,0,0,0,0,0,1
244800,71.092,0.711,1,1,1,0,8.956,0.0,0,0,1,0,13.33,0.0,0,0.0,0,0,0,1,0,1,0,1,0,0,0,12192.0,2,1,1,1,0,0,1,2,9.0,270.2,0,0,0,0,0,1
244900,71.163,0.711,1,1,1,0,8.956,0.0,0,0,1,0,13.33,0.0,0,0.0,0,0,0,1,0,1,0,1,0,0,0,12192.0,2,1,1,1,0,0,1,2,8.6,274.3,0,0,0,0,0,1
245000,71.234,0.711,1,1,1,0,8.956,0.0,0,0,1,0,13.33,0.0,0,0.0,0,0,0,1,0,1,0,1,0,0,0,12192.0,2,1,1,1,0,0,1,2,8.9,272.0,0,0,0,0,0,1
245100,71.305,0.711,1,1,1,0,8.956,0.0,0,0,1,0,13.33,0.0,0,0.0,0,0,0,1,0,1,0,1,0,0,0,12192.0,2,1,1,1,0,0,1,2,8.2,267.6,0,0,0,0,0,1
245200,71.376,0.711,1,1,1,0,8.956,0.0,0,0,1,0,13.33,0.0,0,0.0,0,0,0,1,0,1,0,1,0,0,0,12192.0,2,1,1,1,0,0,1,2,8.9,271.7,0,0,0,0,0,1
245300,71.447,0.711,1,1,1,0,8.956,0.0,0,0,1,0,13.33,0.0,0,0.0,0,0,0,1,0,1,0,1,0,0,0,12192.0,2,1,1,1,0,0,1,2,8.3,268.9,0,0,0,0,0,1
245400,71.518,0.711,1,1,1,0,8.956,0.0,0,0,1,0,13.33,0.0,0,0.0,0,0,0,1,0,1,0,1,0,0,0,12192.0,2,1,1,1,0,0,1,2,8.1,264.9,0,0,0,0,0,1
245500,71.589,0.711,1,1,1,0,8.956,0.0,0,0,1,0,13.33,0.0,0,0.0,0,0,0,1,0,1,0,1,0,0,0,12192.0,2,1,1,1,0,0,1,2,8.7,272.6,0,0,0,0,0,1
245600,71.66,0.711,1,1,1,0,8.956,0.0,0,0,1,0,13.33,0.0,0,0.0,0,0,0,1,0,1,0,1,0,0,0,12192.0,2,1,1,1,0,0,1,2,8.8,273.1,0,0,0,0,0,1
245700,71.731,0.711,1,1,1,0,8.956,0.0,0,0,1,0,13.33,0.0,0,0.0,0,0,0,1,0,1,0,1,0,0,0,12192.0,2,1,1,1,0,0,1,2,8.6,267.3,0,0,0,0,0,1
245800,71.802,0.711,1,1,1,0,8.956,0.0,0,0,1,0,13.33,0.0,0,0.0,0,0,0,1,0,1,0,1,0,0,0,12192.0,2,1,1,1,0,0,1,2,8.3,272.9,0,0,0,0,0,1
245900,71.873,0.711,1,1,1,0,8.956,0.0,0,0,1,0,13.33,0.0,0,0.0,0,0,0,1,0,1,0,1,0,0,0,12192.0,2,1,1,1,0,0,1,2,8.8,270.6,0,0,0,0,0,1
246000,71.944,0.711,1,1,1,0,8.956,0.0,0,0,1,0,13.33,0.0,0,0.0,0,0,0,1,0,1,0,1,0,0,0,12192.0,2,1,1,1,0,0,1,2,8.6,268.0,0,0,0,0,0,1
246100,72.015,0.711,1,1,1,0,8.956,0.0,0,0,1,0,13.33,0.0,0,0.0,0,0,0,1,0,1,0,1,0,0,0,12192.0,2,1,1,1,0,0,1,2,8.5,267.9,0,0,0,0,0,1
246200,72.086,0.711,1,1,1,0,8.956,0.0,0,0,1,0,13.33,0.0,0,0.0,0,0,0,1,0,1,0,1,0,0,0,12192.0,2,1,1,1,0,0,1,2,7.9,265.9,0,0,0,0,0,1
246300,72.158,0.711,1,1,1,0,8.956,0.0,0,0,1,0,13.33,0.0,0,0.0,0,0,0,1,0,1,0,1,0,0,0,12192.0,2,1,1,1,0,0,1,2,7.9,270.6,0,0,0,0,0,1
246400,72.229,0.711,1,1,1,0,8.956,0.0,0,0,1,0,13.33,0.0,0,0.0,0,0,0,1,0,1,0,1,0,0,0,12192.0,2,1,1,1,0,0,1,2,7.3,270.0,0,0,0,0,0,1
246500,72.3,0.711,1,1,1,0,8.956,0.0,0,0,1,0,13.33,0.0,0,0.0,0,0,0,1,0,1,0,1,0,0,0,12192.0,2,1,1,1,0,0,1,2,7.6,269.7,0,0,0,0,0,1
246600,72.371,0.711,1,1,1,0,8.956,0.0,0,0,1,0,13.33,0.0,0,0.0,0,0,0,1,0,1,0,1,0,0,0,12192.0,2,1,1,1,0,0,1,2,8.3,268.8,0,0,0,0,0,1
246700,72.442,0.711,1,1,1,0,8.956,0.0,0,0,1,0,13.33,0.0,0,0.0,0,0,0,1,0,1,0,1,0,0,0,12192.0,2,1,1,1,0,0,1,2,8.3,273.8,0,0,0,0,0,1
246800,72.513,0.711,1,1,1,0,8.956,0.0,0,0,1,0,13.33,0.0,0,0.0,0,0,0,1,0,1,0,1,0,0,0,12192.0,2,1,1,1,0,0,1,2,8.0,268.0,0,0,0,0,0,1
246900,72.584,0.711,1,1,1,0,8.956,0.0,0,0,1,0,13.33,0.0,0,0.0,0,0,0,1,0,1,0,1,0,0,0,12192.0,2,1,1,1,0,0,1,2,7.6,267.3,0,0,0,0,0,1
247000,72.655,0.711,1,1,1,0,8.956,0.0,0,0,1,0,13.33,0.0,0,0.0,0,0,0,1,0,1,0,1,0,0,0,12192.0,2,1,1,1,0,0,1,2,7.7,266.8,0,0,0,0,0,1
247100,72.726,0.711,1,1,1,0,8.956,0.0,0,0,1,0,13.33,0.0,0,0.0,0,0,0,1,0,1,0,1,0,0,0,12192.0,2,1,1,1,0,0,1,2,8.3,272.5,0,0,0,0,0,1
247200,72.797,0.711,1,1,1,0,8.956,0.0,0,0,1,0,13.33,0.0,0,0.0,0,0,0,1,0,1,0,1,0,0,0,12192.0,2,1,1,1,0,0,1,2,8.1,277.0,0,0,0,0,0,1
247300,72.868,0.711,1,1,1,0,8.956,0.0,0,0,1,0,13.33,0.0,0,0.0,0,0,0,1,0,1,0,1,0,0,0,12192.0,2,1,1,1,0,0,1,2,7.5,271.5,0,0,0,0,0,1
247400,72.939,0.711,1,1,1,0,8.956,0.0,0,0,1,0,13.33,0.0,0,0.0,0,0,0,1,0,1,0,1,0,0,0,12192.0,2,1,1,1,0,0,1,2,7.6,267.2,0,0,0,0,0,1
247500,73.01,0.711,1,1,1,0,8.956,0.0,0,0,1,0,13.33,0.0,0,0.0,0,0,0,1,0,1,0,1,0,0,0,12192.0,2,1,1,1,0,0,1,2,7.6,270.1,0,0,0,0,0,1
247600,73.081,0.711,1,1,1,0,8.956,0.0,0,0,1,0,13.33,0.0,0,0.0,0,0,0,1,0,1,0,1,0,0,0,12192.0,2,1,1,1,0,0,1,2,7.7,274.6,0,0,0,0,0,1
247700,73.152,0.711,1,1,1,0,8.956,0.0,0,0,1,0,13.33,0.0,0,0.0,0,0,0,1,0,1,0,1,0,0,0,12192.0,2,1,1,1,0,0,1,2,7.9,273.1,0,0,0,0,0,1
247800,73.223,0.711,1,1,1,0,8.956,0.0,0,0,1,0,13.33,0.0,0,0.0,0,0,0,1,0,1,0,1,0,0,0,12192.0,2,1,1,1,0,0,1,2,7.1,272.9,0,0,0,0,0,1
247900,73.295,0.711,1,1,1,0,8.956,0.0,0,0,1,0,13.33,0.0,0,0.0,0,0,0,1,0,1,0,1,0,0,0,12192.0,2,1,1,1,0,0,1,2,7.6,270.8,0,0,0,0,0,1
248000,73.366,0.711,1,1,1,0,8.956,0.0,0,0,1,0,13.33,0.0,0,0.0,0,0,0,1,0,1,0,1,0,0,0,12192.0,2,1,1,1,0,0,1,2,7.7,272.9,0,0,0,0,0,1
248100,73.437,0.711,1,1,1,0,8.956,0.0,0,0,1,0,13.33,0.0,0,0.0,0,0,0,1,0,1,0,1,0,0,0,12192.0,2,1,1,1,0,0,1,2,7.4,271.3,0,0,0,0,0,1
248200,73.508,0.711,1,1,1,0,8.956,0.0,0,0,1,0,13.33,0.0,0,0.0,0,0,0,1,0,1,0,1,0,0,0,12192.0,2,1,1,1,0,0,1,2,7.9,274.1,0,0,0,0,0,1
248300,73.579,0.711,1,1,1,0,8.956,0.0,0,0,1,0,13.33,0.0,0,0.0,0,0,0,1,0,1,0,1,0,0,0,12192.0,2,1,1,1,0,0,1,2,7.2,270.2,0,0,0,0,0,1
248400,73.65,0.711,1,1,1,0,8.956,0.0,0,0,1,0,13.33,0.0,0,0.0,0,0,0,1,0,1,0,1,0,0,0,12192.0,2,1,1,1,0,0,1,2,6.6,269.7,0,0,0,0,0,1
248500,73.721,0.711,1,1,1,0,8.956,0.0,0,0,1,0,13.33,0.0,0,0.0,0,0,0,1,0,1,0,1,0,0,0,12192.0,2,1,1,1,0,0,1,2,7.7,268.1,0,0,0,0,0,1
248600,73.792,0.711,1,1,1,0,8.956,0.0,0,0,1,0,13.33,0.0,0,0.0,0,0,0,1,0,1,0,1,0,0,0,12192.0,2,1,1,1,0,0,1,2,6.9,270.3,0,0,0,0,0,1
248700,73.863,0.711,1,1,1,0,8.956,0.0,0,0,1,0,13.33,0.0,0,0.0,0,0,0,1,0,1,0,1,0,0,0,12192.0,2,1,1,1,0,0,1,2,6.9,270.2,0,0,0,0,0,1
248800,73.934,0.711,1,1,1,0,8.956,0.0,0,0,1,0,13.33,0.0,0,0.0,0,0,0,1,0,1,0,1,0,0,0,12192.0,2,1,1,1,0,0,1,2,8.2,269.3,0,0,0,0,0,1
248900,74.005,0.711,1,1,1,0,8.956,0.0,0,0,1,0,13.33,0.0,0,0.0,0,0,0,1,0,1,0,1,0,0,0,12192.0,2,1,1,1,0,0,1,2,6.9,269.2,0,0,0,0,0,1
249000,74.076,0.711,1,1,1,0,8.956,0.0,0,0,1,0,13.33,0.0,0,0.0,0,0,0,1,0,1,0,1,0,0,0,12192.0,2,1,1,1,0,0,1,2,7.6,274.6,0,0,0,0,0,1
249100,74.147,0.711,1,1,1,0,8.956,0.0,0,0,1,0,13.33,0.0,0,0.0,0,0,0,1,0,1,0,1,0,0,0,12192.0,2,1,1,1,0,0,1,2,7.7,268.9,0,0,0,0,0,1
249200,74.218,0.711,1,1,1,0,8.956,0.0,0,0,1,0,13.33,0.0,0,0.0,0,0,0,1,0,1,0,1,0,0,0,12192.0,2,1,1,1,0,0,1,2,6.9,266.7,0,0,0,0,0,1
249300,74.289,0.711,1,1,1,0,8.956,0.0,0,0,1,0,13.33,0.0,0,0.0,0,0,0,1,0,1,0,1,0,0,0,12192.0,2,1,1,1,0,0,1,2,7.1,270.2,0,0,0,0,0,1
249400,74.36,0.711,1,1,1,0,8.956,0.0,0,0,1,0,13.33,0.0,0,0.0,0,0,0,1,0,1,0,1,0,0,0,12192.0,2,1,1,1,0,0,1,2,7.2,273.1,0,0,0,0,0,1
249500,74.432,0.711,1,1,1,0,8.956,0.0,0,0,1,0,13.33,0.0,0,0.0,0,0,0,1,0,1,0,1,0,0,0,12192.0,2,1,1,1,0,0,1,2,7.4,268.6,0,0,0,0,0,1
249600,74.503,0.711,1,1,1,0,8.956,0.0,0,0,1,0,13.33,0.0,0,0.0,0,0,0,1,0,1,0,1,0,0,0,12192.0,2,1,1,1,0,0,1,2,7.3,269.7,0,0,0,0,0,1
249700,74.574,0.711,1,1,1,0,8.956,0.0,0,0,1,0,13.33,0.0,0,0.0,0,0,0,1,0,1,0,1,0,0,0,12192.0,2,1,1,1,0,0,1,2,8.1,271.6,0,0,0,0,0,1
249800,74.645,0.711,1,1,1,0,8.956,0.0,0,0,1,0,13.33,0.0,0,0.0,0,0,0,1,0,1,0,1,0,0,0,12192.0,2,1,1,1,0,0,1,2,6.9,268.7,0,0,0,0,0,1
249900,74.716,0.711,1,1,1,0,8.956,0.0,0,0,1,0,13.33,0.0,0,0.0,0,0,0,1,0,1,0,1,0,0,0,12192.0,2,1,1,1,0,0,1,2,7.4,274.2,0,0,0,0,0,1
250000,74.787,0.711,1,1,1,0,8.956,0.0,0,0,1,0,13.33,0.0,0,0.0,0,0,0,1,0,1,0,1,0,0,0,12192.0,2,1,1,1,0,0,1,2,7.1,271.5,0,0,0,0,0,1
250100,74.858,0.711,1,1,1,0,8.956,0.0,0,0,1,0,13.33,0.0,0,0.0,0,0,0,1,0,1,0,1,0,0,0,12192.0,2,1,1,1,0,0,1,2,6.9,267.3,0,0,0,0,0,1
250200,74.929,0.711,1,1,1,0,8.956,0.0,0,0,1,0,13.33,0.0,0,0.0,0,0,0,1,0,1,0,1,0,0,0,12192.0,2,1,1,1,0,0,1,2,8.4,265.5,0,0,0,0,0,1
250300,75.0,0.711,1,1,1,0,8.956,0.0,0,0,1,0,13.33,0.0,0,0.0,0,0,0,1,0,1,0,1,0,0,0,12192.0,2,1,1,1,0,0,1,2,7.7,270.8,0,0,0,0,0,1
250400,75.071,0.711,1,1,1,0,8.956,0.0,0,0,1,0,13.33,0.0,0,0.0,0,0,0,1,0,1,0,1,0,0,0,12192.0,2,1,1,1,0,0,1,2,7.0,269.7,0,0,0,0,0,1
250500,75.142,0.711,1,1,1,0,8.956,0.0,0,0,1,0,13.33,0.0,0,0.0,0,0,0,1,0,1,0,1,0,0,0,12192.0,2,1,1,1,0,0,1,2,7.0,268.8,0,0,0,0,0,1
250600,75.213,0.711,1,1,1,0,8.956,0.0,0,0,1,0,13.33,0.0,0,0.0,0,0,0,1,0,1,0,1,0,0,0,12192.0,2,1,1,1,0,0,1,2,6.9,270.9,0,0,0,0,0,1
250700,75.284,0.711,1,1,1,0,8.956,0.0,0,0,1,0,13.33,0.0,0,0.0,0,0,0,1,0,1,0,1,0,0,0,12192.0,2,1,1,1,0,0,1,2,7.8,272.5,0,0,0,0,0,1
250800,75.354,0.696,1,1,1,0,8.956,0.0,0,0,1,0,13.33,0.0,0,0.0,0,0,0,1,0,1,0,1,0,0,0,12192.0,2,1,1,1,0,0,1,2,8.4,274.5,0,0,0,0,0,1
250900,75.422,0.68,1,1,1,0,8.956,0.0,0,0,1,0,13.33,0.0,0,0.0,0,0,0,1,0,1,0,1,0,0,0,12192.0,2,1,1,1,0,0,1,2,8.0,273.8,0,0,0,0,0,1
251000,75.488,0.665,1,1,1,0,8.956,0.0,0,0,1,0,13.33,0.0,0,0.0,0,0,0,1,0,1,0,1,0,0,0,12192.0,2,1,1,1,0,0,1,2,7.3,268.8,0,0,0,0,0,1
251100,75.553,0.65,1,1,1,0,8.956,0.0,0,0,1,0,13.33,0.0,0,0.0,0,0,0,1,0,1,0,1,0,0,0,12192.0,2,1,1,1,0,0,1,2,8.0,274.0,0,0,0,0,0,1
251200,75.617,0.635,1,1,1,0,8.956,0.0,0,0,1,0,13.33,0.0,0,0.0,0,0,0,1,0,1,0,1,0,0,0,12192.0,2,1,1,1,0,0,1,2,7.6,267.4,0,0,0,0,0,1
251300,75.679,0.62,1,1,1,0,8.956,0.0,0,0,1,0,13.33,0.0,0,0.0,0,0,0,1,0,1,0,1,0,0,0,12192.0,2,1,1,1,0,0,1,2,7.9,269.2,0,0,0,0,0,1
251400,75.74,0.605,1,1,1,0,8.956,0.0,0,0,1,0,13.33,0.0,0,0.0,0,0,0,1,0,1,0,1,0,0,0,12192.0,2,1,1,1,0,0,1,2,7.7,266.2,0,0,0,0,0,1
251500,75.799,0.59,1,1,1,0,8.956,0.0,0,0,1,0,13.33,0.0,0,0.0,0,0,0,1,0,1,0,1,0,0,0,12192.0,2,1,1,1,0,0,1,2,7.9,269.5,0,0,0,0,0,1
251600,75.858,0.59,1,1,1,0,8.956,0.0,0,0,1,0,13.33,0.0,0,0.0,0,0,0,1,0,1,0,1,0,0,0,12192.0,2,1,1,1,0,0,1,2,8.0,270.2,0,0,0,0,0,1
251700,75.915,0.575,1,1,1,0,8.956,0.0,0,0,1,0,13.33,0.0,0,0.0,0,0,0,1,0,1,0,1,0,0,0,12192.0,2,1,1,1,0,0,1,2,8.5,273.7,0,0,0,0,0,1
251800,75.971,0.56,1,1,1,0,8.956,0.0,0,0,1,0,13.33,0.0,0,0.0,0,0,0,1,0,1,0,1,0,0,0,12192.0,2,1,1,1,0,0,1,2,8.4,266.2,0,0,0,0,0,1
251900,76.025,0.544,1,1,1,0,8.956,0.0,0,0,1,0,13.33,0.0,0,0.0,0,0,0,1,0,1,0,1,0,0,0,12192.0,2,1,1,1,0,0,1,2,7.9,270.0,0,0,0,0,0,1
252000,76.078,0.529,1,1,1,0,8.956,0.0,0,0,1,0,13.33,0.0,0,0.0,0,0,0,1,0,1,0,1,0,0,0,12192.0,2,1,1,1,0,0,1,2,8.3,270.6,0,0,0,0,0,1
252100,76.13,0.514,1,1,1,0,8.956,0.0,0,0,1,0,13.33,0.0,0,0.0,0,0,0,1,0,1,0,1,0,0,0,12192.0,2,1,1,1,0,0,1,2,8.0,268.4,0,0,0,0,0,1
252200,76.179,0.498,1,1,1,0,8.956,0.0,0,0,1,0,13.33,0.0,0,0.0,0,0,0,1,0,1,0,1,0,0,0,12192.0,2,1,1,1,0,0,1,2,8.4,269.6,0,0,0,0,0,1
252300,76.228,0.483,1,1,1,0,8.956,0.0,0,0,1,0,13.33,0.0,0,0.0,0,0,0,1,0,1,0,1,0,0,0,12192.0,2,1,1,1,0,0,1,2,8.8,273.2,0,0,0,0,0,1
252400,76.275,0.468,1,1,1,0,8.956,0.0,0,0,1,0,13.33,0.0,0,0.0,0,0,0,1,0,1,0,1,0,0,0,12192.0,2,1,1,1,0,0,1,2,8.2,268.8,0,0,0,0,0,1
252500,76.32,0.452,1,1,1,0,8.956,0.0,0,0,1,0,13.33,0.0,0,0.0,0,0,0,1,0,1,0,1,0,0,0,12192.0,2,1,1,1,0,0,1,2,7.7,267.7,0,0,0,0,0,1
252600,76.363,0.437,1,1,1,0,8.956,0.0,0,0,1,0,13.33,0.0,0,0.0,0,0,0,1,0,1,0,1,0,0,0,12192.0,2,1,1,1,0,0,1,2,8.6,269.2,0,0,0,0,0,1
252700,76.406,0.422,1,1,1,0,8.956,0.0,0,0,1,0,13.33,0.0,0,0.0,0,0,0,1,0,1,0,1,0,0,0,12192.0,2,1,1,1,0,0,1,2,8.4,268.5,0,0,0,0,0,1
252800,76.446,0.406,1,1,1,0,8.956,0.0,0,0,1,0,13.33,0.0,0,0.0,0,0,0,1,0,1,0,1,0,0,0,12192.0,2,1,1,1,0,0,1,2,7.9,272.5,0,0,0,0,0,1
252900,76.485,0.391,1,1,1,0,8.956,0.0,0,0,1,0,13.33,0.0,0,0.0,0,0,0,1,0,1,0,1,0,0,0,12192.0,2,1,1,1,0,0,1,2,9.6,272.4,0,0,0,0,0,1
253000,76.523,0.376,1,1,1,0,8.956,0.0,0,0,1,0,13.33,0.0,0,0.0,0,0,0,1,0,1,0,1,0,0,0,12192.0,2,1,1,1,0,0,1,2,8.4,269.2,0,0,0,0,0,1
253100,76.559,0.36,1,1,1,0,8.956,0.0,0,0,1,0,13.33,0.0,0,0.0,0,0,0,1,0,1,0,1,0,0,0,12192.0,2,1,1,1,0,0,1,2,8.0,272.0,0,0,0,0,0,1
253200,76.593,0.345,1,1,1,0,8.956,0.0,0,0,1,0,13.33,0.0,0,0.0,0,0,0,1,0,1,0,1,0,0,0,12192.0,2,1,1,1,0,0,1,2,8.2,269.8,0,0,0,0,0,1
253300,76.626,0.329,1,1,1,0,8.956,0.0,0,0,1,0,13.33,0.0,0,0.0,0,0,0,1,0,1,0,1,0,0,0,12192.0,2,1,1,1,0,0,1,2,9.4,269.1,0,0,0,0,0,1
253400,76.658,0.314,1,1,1,0,8.956,0.0,0,0,1,0,13.33,0.0,0,0.0,0,0,0,1,0,1,0,1,0,0,0,12192.0,2,1,1,1,0,0,1,2,8.7,274.5,0,0,0,0,0,1
253500,76.688,0.298,1,1,1,0,8.956,0.0,0,0,1,0,13.33,0.0,0,0.0,0,0,0,1,0,1,0,1,0,0,0,12192.0,2,1,1,1,0,0,1,2,8.4,269.4,0,0,0,0,0,1
253600,76.716,0.283,1,1,1,0,8.956,0.0,0,0,1,0,13.33,0.0,0,0.0,0,0,0,1,0,1,0,1,0,0,0,12192.0,2,1,1,1,0,0,1,2,8.3,272.9,0,0,0,0,0,1
253700,76.743,0.267,1,1,1,0,8.956,0.0,0,0,1,0,13.33,0.0,0,0.0,0,0,0,1,0,1,0,1,0,0,0,12192.0,2,1,1,1,0,0,1,2,8.5,269.6,0,0,0,0,0,1
253800,76.768,0.252,1,1,1,0,8.956,0.0,0,0,1,0,13.33,0.0,0,0.0,0,0,0,1,0,1,0,1,0,0,0,12192.0,2,1,1,1,0,0,1,2,8.5,268.3,0,0,0,0,0,1
253900,76.791,0.236,1,1,1,0,8.956,0.0,0,0,1,0,13.33,0.0,0,0.0,0,0,0,1,0,1,0,1,0,0,0,12192.0,2,1,1,1,0,0,1,2,9.3,274.2,0,0,0,0,0,1
254000,76.814,0.221,1,1,1,0,8.956,0.0,0,0,1,0,13.33,0.0,0,0.0,0,0,0,1,0,1,0,1,0,0,0,12192.0,2,1,1,1,0,0,1,2,8.9,266.5,0,0,0,0,0,1
254100,76.834,0.205,1,1,1,0,8.956,0.0,0,0,1,0,13.33,0.0,0,0.0,0,0,0,1,0,1,0,1,0,0,0,12192.0,2,1,1,1,0,0,1,2,7.4,268.2,0,0,0,0,0,1
254200,76.853,0.189,1,1,1,0,8.956,0.0,0,0,1,0,13.33,0.0,0,0.0,0,0,0,1,0,1,0,1,0,0,0,12192.0,2,1,1,1,0,0,1,2,8.8,274.6,0,0,0,0,0,1
254300,76.87,0.174,1,1,1,0,8.956,0.0,0,0,1,0,13.33,0.0,0,0.0,0,0,0,1,0,1,0,1,0,0,0,12192.0,2,1,1,1,0,0,1,2,8.2,270.5,0,0,0,0,0,1
254400,76.886,0.158,1,1,1,0,8.956,0.0,0,0,1,0,13.33,0.0,0,0.0,0,0,0,1,0,1,0,1,0,0,0,12192.0,2,1,1,1,0,0,1,2,8.3,272.2,0,0,0,0,0,1
254500,76.9,0.142,1,1,1,0,8.956,0.0,0,0,1,0,13.33,0.0,0,0.0,0,0,0,1,0,1,0,1,0,0,0,12192.0,2,1,1,1,0,0,1,2,7.8,271.5,0,0,0,0,0,1
254600,76.913,0.126,1,1,1,0,8.956,0.0,0,0,1,0,13.33,0.0,0,0.0,0,0,0,1,0,1,0,1,0,0,0,12192.0,2,1,1,1,0,0,1,2,9.1,273.3,0,0,0,0,0,1
254700,76.924,0.11,1,1,1,0,8.956,0.0,0,0,1,0,13.33,0.0,0,0.0,0,0,0,1,0,1,0,1,0,0,0,12192.0,2,1,1,1,0,0,1,2,8.7,272.2,0,0,0,0,0,1
254800,76.933,0.094,1,1,1,0,8.956,0.0,0,0,1,0,13.33,0.0,0,0.0,0,0,0,1,0,1,0,1,0,0,0,12192.0,2,1,1,1,0,0,1,2,8.9,269.9,0,0,0,0,0,1
254900,76.941,0.077,1,1,1,0,8.956,0.0,0,0,1,0,13.33,0.0,0,0.0,0,0,0,1,0,1,0,1,0,0,0,12192.0,2,1,1,1,0,0,1,2,8.3,270.2,0,0,0,0,0,1
255000,76.947,0.06,1,1,1,0,8.956,0.0,0,0,1,0,13.33,0.0,0,0.0,0,0,0,1,0,1,0,1,0,0,0,12192.0,2,1,1,1,0,0,1,2,8.2,271.5,0,0,0,0,0,1
255100,76.951,0.043,1,1,1,0,8.956,0.0,0,0,1,0,13.33,0.0,0,0.0,0,0,0,1,0,1,0,1,0,0,0,12192.0,2,1,1,1,0,0,1,2,7.8,269.7,0,0,0,0,0,1
255200,76.954,0.023,1,1,1,0,8.956,0.0,0,0,1,0,13.325,-0.051,0,0.0,0,0,1,1,0,1,0,1,0,0,0,12192.0,2,1,1,1,0,0,1,2,8.5,269.9,0,0,0,0,0,1
255300,76.954,0.0,0,0,1,0,8.956,0.0,0,0,1,0,13.315,-0.102,0,0.0,0,0,1,1,0,1,0,1,0,0,0,12192.0,2,1,1,1,0,0,1,2,8.8,269.2,0,0,0,0,0,1
255400,76.954,0.0,0,0,1,0,8.956,0.0,0,0,1,0,13.3,-0.152,0,0.0,0,0,1,1,0,1,0,1,0,0,0,12192.0,2,1,1,1,0,0,1,2,8.4,269.1,0,0,0,0,0,1
255500,76.954,0.0,0,0,1,0,8.956,0.0,0,0,1,0,13.279,-0.203,0,0.0,0,0,1,1,0,1,0,1,0,0,0,12192.0,2,1,1,1,0,0,1,2,8.5,271.7,0,0,0,0,0,1
255600,76.954,0.0,0,0,1,0,8.956,0.0,0,0,1,0,13.254,-0.254,0,0.0,0,0,1,1,0,1,0,1,0,0,0,12192.0,2,1,1,1,0,0,1,2,8.9,265.2,0,0,0,0,0,1
255700,76.954,0.0,0,0,1,0,8.956,0.0,0,0,1,0,13.223,-0.305,0,0.0,0,0,1,1,0,1,0,1,0,0,0,12192.0,2,1,1,1,0,0,1,2,7.8,267.6,0,0,0,0,0,1
255800,76.954,0.0,0,0,1,0,8.956,0.0,0,0,1,0,13.188,-0.356,0,0.0,0,0,1,1,0,1,0,1,0,0,0,12192.0,2,1,1,1,0,0,1,2,8.0,268.6,0,0,0,0,0,1
255900,76.954,0.0,0,0,1,0,8.956,0.0,0,0,1,0,13.147,-0.407,0,0.0,0,0,1,1,0,1,0,1,0,0,0,12192.0,2,1,1,1,0,0,1,2,6.7,267.6,0,0,0,0,0,1
256000,76.954,0.0,0,0,1,0,8.956,0.0,0,0,1,0,13.102,-0.457,0,0.0,0,0,1,1,0,1,0,1,0,0,0,12192.0,2,1,1,1,0,0,1,2,7.4,265.6,0,0,0,0,0,1
256100,76.954,0.0,0,0,1,0,8.956,0.0,0,0,1,0,13.051,-0.508,0,0.0,0,0,1,1,0,1,0,1,0,0,0,12192.0,2,1,1,1,0,0,1,2,8.0,269.0,0,0,0,0,0,1
256200,76.954,0.0,0,0,1,0,8.956,0.0,0,0,1,0,12.995,-0.559,0,0.0,0,0,1,1,0,1,0,1,0,0,0,12192.0,2,1,1,1,0,0,1,2,8.0,269.9,0,0,0,0,0,1
256300,76.954,0.0,0,0,1,0,8.956,0.0,0,0,1,0,12.934,-0.61,0,0.0,0,0,1,1,0,1,0,1,0,0,0,12192.0,2,1,1,1,0,0,1,2,7.5,267.0,0,0,0,0,0,1
256400,76.954,0.0,0,0,1,0,8.956,0.0,0,0,1,0,12.868,-0.661,0,0.0,0,0,1,1,0,1,0,1,0,0,0,12192.0,2,1,1,1,0,0,1,2,6.9,269.5,0,0,0,0,0,1
256500,76.954,0.0,0,0,1,0,8.956,0.0,0,0,1,0,12.797,-0.711,0,0.0,0,0,1,1,0,1,0,1,0,0,0,12192.0,2,1,1,1,0,0,1,2,7.6,271.8,0,0,0,0,0,1
256600,76.954,0.0,0,0,1,0,8.956,0.0,0,0,1,0,12.72,-0.762,0,0.0,0,0,1,1,0,1,0,1,0,0,0,12192.0,2,1,1,1,0,0,1,2,8.5,266.1,0,0,0,0,0,1
256700,76.954,0.0,0,0,1,0,8.956,0.0,0,0,1,0,12.639,-0.813,0,0.0,0,0,1,1,0,1,0,1,0,0,0,12192.0,2,1,1,1,0,0,1,2,8.0,264.8,0,0,0,0,0,1
256800,76.954,0.0,0,0,1,0,8.956,0.0,0,0,1,0,12.553,-0.864,0,0.0,0,0,1,1,0,1,0,1,0,0,0,12192.0,2,1,1,1,0,0,1,2,7.3,270.0,0,0,0,0,0,1
256900,76.954,0.0,0,0,1,0,8.956,0.0,0,0,1,0,12.461,-0.915,0,0.0,0,0,1,1,0,1,0,1,0,0,0,12192.0,2,1,1,1,0,0,1,2,7.4,272.0,0,0,0,0,0,1
257000,76.954,0.0,0,0,1,0,8.956,0.0,0,0,1,0,12.365,-0.965,0,0.0,0,0,1,1,0,1,0,1,0,0,0,12192.0,2,1,1,1,0,0,1,2,7.6,270.3,0,0,0,0,0,1
257100,76.954,0.0,0,0,1,0,8.956,0.0,0,0,1,0,12.263,-1.016,0,0.0,0,0,1,1,0,1,0,1,0,0,0,12192.0,2,1,1,1,0,0,1,2,8.1,270.8,0,0,0,0,0,1
257200,76.954,0.0,0,0,1,0,8.956,0.0,0,0,1,0,12.156,-1.067,0,0.0,0,0,1,1,0,1,0,1,0,0,0,12192.0,2,1,1,1,0,0,1,2,7.8,267.5,0,0,0,0,0,1
257300,76.954,0.0,0,0,1,0,8.956,0.0,0,0,1,0,12.045,-1.118,0,0.0,0,0,1,1,0,1,0,1,0,0,0,12192.0,2,1,1,1,0,0,1,2,7.4,274.4,0,0,0,0,0,1
257400,76.954,0.0,0,0,1,0,8.956,0.0,0,0,1,0,11.928,-1.169,0,0.0,0,0,1,1,0,1,0,1,0,0,0,12192.0,2,1,1,1,0,0,1,2,7.6,269.3,0,0,0,0,0,1
257500,76.954,0.0,0,0,1,0,8.956,0.0,0,0,1,0,11.806,-1.22,0,0.0,0,0,1,1,0,1,0,1,0,0,0,12192.0,2,1,1,1,0,0,1,2,7.0,270.9,0,0,0,0,0,1
257600,76.954,0.0,0,0,1,0,8.956,0.0,0,0,1,0,11.68,-1.261,0,0.0,0,0,1,1,0,1,0,1,0,0,0,12192.0,2,1,1,1,0,0,1,2,7.4,270.1,0,0,0,0,0,1
257700,76.954,0.0,0,0,1,0,8.956,0.0,0,0,1,0,11.553,-1.261,0,0.0,0,0,1,1,0,1,0,1,0,0,0,12192.0,2,1,1,1,0,0,1,2,7.2,274.3,0,0,0,0,0,1
257800,76.954,0.0,0,0,1,0,8.956,0.0,0,0,1,0,11.427,-1.261,0,0.0,0,0,1,1,0,1,0,1,0,0,0,12192.0,2,1,1,1,0,0,1,2,7.6,266.9,0,0,0,0,0,1
257900,76.954,0.0,0,0,1,0,8.956,0.0,0,0,1,0,11.301,-1.261,0,0.0,0,0,1,1,0,1,0,1,0,0,0,12192.0,2,1,1,1,0,0,1,2,7.6,271.3,0,0,0,0,0,1
258000,76.954,0.0,0,0,1,0,8.956,0.0,0,0,1,0,11.175,-1.261,0,0.0,0,0,1,1,0,1,0,1,0,0,0,12192.0,2,1,1,1,0,0,1,2,8.0,273.9,0,0,0,0,0,1
258100,76.954,0.0,0,0,1,0,8.956,0.0,0,0,1,0,11.049,-1.261,0,0.0,0,0,1,1,0,1,0,1,0,0,0,12192.0,2,1,1,1,0,0,1,2,8.1,270.3,0,0,0,0,0,1
258200,76.954,0.0,0,0,1,0,8.956,0.0,0,0,1,0,10.923,-1.261,0,0.0,0,0,1,1,0,1,0,1,0,0,0,12192.0,2,1,1,1,0,0,1,2,7.5,267.8,0,0,0,0,0,1
258300,76.954,0.0,0,0,1,0,8.956,0.0,0,0,1,0,10.797,-1.261,0,0.0,0,0,1,1,0,1,0,1,0,0,0,12192.0,2,1,1,1,0,0,1,2,6.9,273.5,0,0,0,0,0,1
258400,76.954,0.0,0,0,1,0,8.956,0.0,0,0,1,0,10.671,-1.261,0,0.0,0,0,1,1,0,1,0,1,0,0,0,12192.0,2,1,1,1,0,0,1,2,8.2,267.9,0,0,0,0,0,1
258500,76.954,0.0,0,0,1,0,8.956,0.0,0,0,1,0,10.545,-1.261,0,0.0,0,0,1,1,0,1,0,1,0,0,0,12192.0,2,1,1,1,0,0,1,2,7.4,264.1,0,0,0,0,0,1
258600,76.954,0.0,0,0,1,0,8.956,0.0,0,0,1,0,10.418,-1.261,0,0.0,0,0,1,1,0,1,0,1,0,0,0,12192.0,2,1,1,1,0,0,1,2,7.2,269.9,0,0,0,0,0,1
258700,76.954,0.0,0,0,1,0,8.956,0.0,0,0,1,0,10.292,-1.261,0,0.0,0,0,1,1,0,1,0,1,0,0,0,12192.0,2,1,1,1,0,0,1,2,7.6,273.0,0,0,0,0,0,1
258800,76.954,0.0,0,0,1,0,8.956,0.0,0,0,1,0,10.166,-1.261,0,0.0,0,0,1,1,0,1,0,1,0,0,0,12192.0,2,1,1,1,0,0,1,2,7.4,269.3,0,0,0,0,0,1
258900,76.954,0.0,0,0,1,0,8.956,0.0,0,0,1,0,10.04,-1.261,0,0.0,0,0,1,1,0,1,0,1,0,0,0,12192.0,2,1,1,1,0,0,1,2,7.7,276.4,0,0,0,0,0,1
259000,76.954,0.0,0,0,1,0,8.956,0.0,0,0,1,0,9.914,-1.261,0,0.0,0,0,1,1,0,1,0,1,0,0,0,12192.0,2,1,1,1,0,0,1,2,7.6,269.8,0,0,0,0,0,1
259100,76.954,0.0,0,0,1,0,8.956,0.0,0,0,1,0,9.788,-1.261,0,0.0,0,0,1,1,0,1,0,1,0,0,0,12192.0,2,1,1,1,0,0,1,2,7.3,270.6,0,0,0,0,0,1
259200,76.954,0.0,0,0,1,0,8.956,0.0,0,0,1,0,9.662,-1.261,0,0.0,0,0,1,1,0,1,0,1,0,0,0,12192.0,2,1,1,1,0,0,1,2,7.3,271.5,0,0,0,0,0,1
259300,76.954,0.0,0,0,1,0,8.956,0.0,0,0,1,0,9.536,-1.261,0,0.0,0,0,1,1,0,1,0,1,0,0,0,12192.0,2,1,1,1,0,0,1,2,7.8,269.4,0,0,0,0,0,1
259400,76.954,0.0,0,0,1,0,8.956,0.0,0,0,1,0,9.409,-1.261,0,0.0,0,0,1,1,0,1,0,1,0,0,0,12192.0,2,1,1,1,0,0,1,2,7.7,269.9,0,0,0,0,0,1
259500,76.954,0.0,0,0,1,0,8.956,0.0,0,0,1,0,9.283,-1.261,0,0.0,0,0,1,1,0,1,0,1,0,0,0,12192.0,2,1,1,1,0,0,1,2,7.5,267.0,0,0,0,0,0,1
259600,76.954,0.0,0,0,1,0,8.956,0.0,0,0,1,0,9.157,-1.261,0,0.0,0,0,1,1,0,1,0,1,0,0,0,12192.0,2,1,1,1,0,0,1,2,7.0,269.4,0,0,0,0,0,1
259700,76.954,0.0,0,0,1,0,8.956,0.0,0,0,1,0,9.031,-1.261,0,0.0,0,0,1,1,0,1,0,1,0,0,0,12192.0,2,1,1,1,0,0,1,2,8.1,270.1,0,0,0,0,0,1
259800,76.954,0.0,0,0,1,0,8.956,0.0,0,0,1,0,8.905,-1.261,0,0.0,0,0,1,1,0,1,0,1,0,0,0,12192.0,2,1,1,1,0,0,1,2,7.9,269.0,0,0,0,0,0,1
259900,76.954,0.0,0,0,1,0,8.956,0.0,0,0,1,0,8.779,-1.261,0,0.0,0,0,1,1,0,1,0,1,0,0,0,12192.0,2,1,1,1,0,0,1,2,8.2,268.9,0,0,0,0,0,1
260000,76.954,0.0,0,0,1,0,8.956,0.0,0,0,1,0,8.653,-1.261,0,0.0,0,0,1,1,0,1,0,1,0,0,0,12192.0,2,1,1,1,0,0,1,2,7.4,268.7,0,0,0,0,0,1
260100,76.954,0.0,0,0,1,0,8.956,0.0,0,0,1,0,8.527,-1.261,0,0.0,0,0,1,1,0,1,0,1,0,0,0,12192.0,2,1,1,1,0,0,1,2,7.7,266.4,0,0,0,0,0,1
260200,76.954,0.0,0,0,1,0,8.956,0.0,0,0,1,0,8.4,-1.261,0,0.0,0,0,1,1,0,1,0,1,0,0,0,12192.0,2,1,1,1,0,0,1,2,7.5,264.5,0,0,0,0,0,1
260300,76.954,0.0,0,0,1,0,8.956,0.0,0,0,1,0,8.274,-1.261,0,0.0,0,0,1,1,0,1,0,1,0,0,0,12192.0,2,1,1,1,0,0,1,2,7.9,269.5,0,0,0,0,0,1
260400,76.954,0.0,0,0,1,0,8.956,0.0,0,0,1,0,8.148,-1.261,0,0.0,0,0,1,1,0,1,0,1,0,0,0,12192.0,2,1,1,1,0,0,1,2,7.4,273.4,0,0,0,0,0,1
260500,76.954,0.0,0,0,1,0,8.956,0.0,0,0,1,0,8.022,-1.261,0,0.0,0,0,1,1,0,1,0,1,0,0,0,12192.0,2,1,1,1,0,0,1,2,7.3,272.9,0,0,0,0,0,1
260600,76.954,0.0,0,0,1,0,8.956,0.0,0,0,1,0,7.896,-1.261,0,0.0,0,0,1,1,0,1,0,1,0,0,0,12192.0,2,1,1,1,0,0,1,2,7.1,268.2,0,0,0,0,0,1
260700,76.954,0.0,0,0,1,0,8.956,0.0,0,0,1,0,7.77,-1.261,0,0.0,0,0,1,1,0,1,0,1,0,0,0,12192.0,2,1,1,1,0,0,1,2,7.6,273.1,0,0,0,0,0,1
260800,76.954,0.0,0,0,1,0,8.956,0.0,0,0,1,0,7.644,-1.261,0,0.0,0,0,1,1,0,1,0,1,0,0,0,12192.0,2,1,1,1,0,0,1,2,9.0,269.7,0,0,0,0,0,1
260900,76.954,0.0,0,0,1,0,8.956,0.0,0,0,1,0,7.518,-1.261,0,0.0,0,0,1,1,0,1,0,1,0,0,0,12192.0,2,1,1,1,0,0,1,2,8.2,268.0,0,0,0,0,0,1
261000,76.954,0.0,0,0,1,0,8.956,0.0,0,0,1,0,7.391,-1.261,0,0.0,0,0,1,1,0,1,0,1,0,0,0,12192.0,2,1,1,1,0,0,1,2,8.5,271.7,0,0,0,0,0,1
261100,76.954,0.0,0,0,1,0,8.956,0.0,0,0,1,0,7.265,-1.261,0,0.0,0,0,1,1,0,1,0,1,0,0,0,12192.0,2,1,1,1,0,0,1,2,8.0,269.7,0,0,0,0,0,1
261200,76.954,0.0,0,0,1,0,8.956,0.0,0,0,1,0,7.139,-1.261,0,0.0,0,0,1,1,0,1,0,1,0,0,0,12192.0,2,1,1,1,0,0,1,2,7.9,272.3,0,0,0,0,0,1
261300,76.954,0.0,0,0,1,0,8.956,0.0,0,0,1,0,7.013,-1.261,0,0.0,0,0,1,1,0,1,0,1,0,0,0,12192.0,2,1,1,1,0,0,1,2,7.4,272.3,0,0,0,0,0,1
261400,76.954,0.0,0,0,1,0,8.956,0.0,0,0,1,0,6.887,-1.261,0,0.0,0,0,1,1,0,1,0,1,0,0,0,12192.0,2,1,1,1,0,0,1,2,8.0,272.5,0,0,0,0,0,1
261500,76.954,0.0,0,0,1,0,8.956,0.0,0,0,1,0,6.761,-1.261,0,0.0,0,0,1,1,0,1,0,1,0,0,0,12192.0,2,1,1,1,0,0,1,2,9.2,275.1,0,0,0,0,0,1
261600,76.954,0.0,0,0,1,0,8.956,0.0,0,0,1,0,6.635,-1.261,0,0.0,0,0,1,1,0,1,0,1,0,0,0,12192.0,2,1,1,1,0,0,1,2,8.6,273.4,0,0,0,0,0,1
261700,76.954,0.0,0,0,1,0,8.956,0.0,0,0,1,0,6.509,-1.261,0,0.0,0,0,1,1,0,1,0,1,0,0,0,12192.0,2,1,1,1,0,0,1,2,8.7,271.2,0,0,0,0,0,1
261800,76.954,0.0,0,0,1,0,8.956,0.0,0,0,1,0,6.382,-1.261,0,0.0,0,0,1,1,0,1,0,1,0,0,0,12192.0,2,1,1,1,0,0,1,2,8.9,267.8,0,0,0,0,0,1
261900,76.954,0.0,0,0,1,0,8.956,0.0,0,0,1,0,6.256,-1.261,0,0.0,0,0,1,1,0,1,0,1,0,0,0,12192.0,2,1,1,1,0,0,1,2,8.5,267.6,0,0,0,0,0,1
262000,76.954,0.0,0,0,1,0,8.956,0.0,0,0,1,0,6.13,-1.261,0,0.0,0,0,1,1,0,1,0,1,0,0,0,12192.0,2,1,1,1,0,0,1,2,8.5,266.2,0,0,0,0,0,1
262100,76.954,0.0,0,0,1,0,8.956,0.0,0,0,1,0,6.004,-1.261,0,0.0,0,0,1,1,0,1,0,1,0,0,0,12192.0,2,1,1,1,0,0,1,2,8.7,270.6,0,0,0,0,0,1
262200,76.954,0.0,0,0,1,0,8.956,0.0,0,0,1,0,5.878,-1.261,0,0.0,0,0,1,1,0,1,0,1,0,0,0,12192.0,2,1,1,1,0,0,1,2,8.8,272.8,0,0,0,0,0,1
262300,76.954,0.0,0,0,1,0,8.956,0.0,0,0,1,0,5.752,-1.261,0,0.0,0,0,1,1,0,1,0,1,0,0,0,12192.0,2,1,1,1,0,0,1,2,8.6,269.7,0,0,0,0,0,1
262400,76.954,0.0,0,0,1,0,8.956,0.0,0,0,1,0,5.626,-1.261,0,0.0,0,0,1,1,0,1,0,1,0,0,0,12192.0,2,1,1,1,0,0,1,2,9.4,269.3,0,0,0,0,0,1
262500,76.954,0.0,0,0,1,0,8.956,0.0,0,0,1,0,5.5,-1.261,0,0.0,0,0,1,1,0,1,0,1,0,0,0,12192.0,2,1,1,1,0,0,1,2,9.0,264.7,0,0,0,0,0,1
262600,76.954,0.0,0,0,1,0,8.956,0.0,0,0,1,0,5.374,-1.261,0,0.0,0,0,1,1,0,1,0,1,0,0,0,12192.0,2,1,1,1,0,0,1,2,7.7,275.1,0,0,0,0,0,1
262700,76.954,0.0,0,0,1,0,8.956,0.0,0,0,1,0,5.247,-1.261,0,0.0,0,0,1,1,0,1,0,1,0,0,0,12192.0,2,1,1,1,0,0,1,2,8.7,267.4,0,0,0,0,0,1
262800,76.954,0.0,0,0,1,0,8.956,0.0,0,0,1,0,5.121,-1.261,0,0.0,0,0,1,1,0,1,0,1,0,0,0,12192.0,2,1,1,1,0,0,1,2,8.7,268.2,0,0,0,0,0,1
262900,76.954,0.0,0,0,1,0,8.956,0.0,0,0,1,0,4.995,-1.261,0,0.0,0,0,1,1,0,1,0,1,0,0,0,12192.0,2,1,1,1,0,0,1,2,8.7,268.7,0,0,0,0,0,1
263000,76.954,0.0,0,0,1,0,8.956,0.0,0,0,1,0,4.869,-1.261,0,0.0,0,0,1,1,0,1,0,1,0,0,0,12192.0,2,1,1,1,0,0,1,2,9.0,268.2,0,0,0,0,0,1
263100,76.954,0.0,0,0,1,0,8.956,0.0,0,0,1,0,4.743,-1.261,0,0.0,0,0,1,1,0,1,0,1,0,0,0,12192.0,2,1,1,1,0,0,1,2,9.3,267.8,0,0,0,0,0,1
263200,76.954,0.0,0,0,1,0,8.956,0.0,0,0,1,0,4.617,-1.261,0,0.0,0,0,1,1,0,1,0,1,0,0,0,12192.0,2,1,1,1,0,0,1,2,8.2,270.2,0,0,0,0,0,1
263300,76.954,0.0,0,0,1,0,8.956,0.0,0,0,1,0,4.491,-1.261,0,0.0,0,0,1,1,0,1,0,1,0,0,0,12192.0,2,1,1,1,0,0,1,2,8.6,272.1,0,0,0,0,0,1
263400,76.954,0.0,0,0,1,0,8.956,0.0,0,0,1,0,4.365,-1.261,0,0.0,0,0,1,1,0,1,0,1,0,0,0,12192.0,2,1,1,1,0,0,1,2,8.3,271.5,0,0,0,0,0,1
263500,76.954,0.0,0,0,1,0,8.956,0.0,0,0,1,0,4.238,-1.261,0,0.0,0,0,1,1,0,1,0,1,0,0,0,12192.0,2,1,1,1,0,0,1,2,8.2,271.8,0,0,0,0,0,1
263600,76.954,0.0,0,0,1,0,8.956,0.0,0,0,1,0,4.112,-1.261,0,0.0,0,0,1,1,0,1,0,1,0,0,0,12192.0,2,1,1,1,0,0,1,2,8.3,264.3,0,0,0,0,0,1
263700,76.954,0.0,0,0,1,0,8.956,0.0,0,0,1,0,3.991,-1.21,0,0.0,0,0,1,1,0,1,0,1,0,0,0,12192.0,2,1,1,1,0,0,1,2,8.5,270.7,0,0,0,0,0,1
263800,76.954,0.0,0,0,1,0,8.956,0.0,0,0,1,0,3.875,-1.16,0,0.0,0,0,1,1,0,1,0,1,0,0,0,12192.0,2,1,1,1,0,0,1,2,8.7,268.6,0,0,0,0,0,1
263900,76.954,0.0,0,0,1,0,8.956,0.0,0,0,1,0,3.764,-1.109,0,0.0,0,0,1,1,0,1,0,1,0,0,0,12192.0,2,1,1,1,0,0,1,2,8.2,270.9,0,0,0,0,0,1
264000,76.954,0.0,0,0,1,0,8.956,0.0,0,0,1,0,3.659,-1.058,0,0.0,0,0,1,1,0,1,0,1,0,0,0,12192.0,2,1,1,1,0,0,1,2,7.9,268.9,0,0,0,0,0,1
264100,76.954,0.0,0,0,1,0,8.956,0.0,0,0,1,0,3.558,-1.007,0,0.0,0,0,1,1,0,1,0,1,0,0,0,12192.0,2,1,1,1,0,0,1,2,8.1,267.1,0,0,0,0,0,1
264200,76.954,0.0,0,0,1,0,8.956,0.0,0,0,1,0,3.462,-0.956,0,0.0,0,0,1,1,0,1,0,1,0,0,0,12192.0,2,1,1,1,0,0,1,2,8.0,269.7,0,0,0,0,0,1
264300,76.954,0.0,0,0,1,0,8.956,0.0,0,0,1,0,3.372,-0.906,0,0.0,0,0,1,1,0,1,0,1,0,0,0,12192.0,2,1,1,1,0,0,1,2,9.1,271.0,0,0,0,0,0,1
264400,76.954,0.0,0,0,1,0,8.956,0.0,0,0,1,0,3.286,-0.855,0,0.0,0,0,1,1,0,1,0,1,0,0,0,12192.0,2,1,1,1,0,0,1,2,8.7,270.1,0,0,0,0,0,1
264500,76.954,0.0,0,0,1,0,8.956,0.0,0,0,1,0,3.206,-0.804,0,0.0,0,0,1,1,0,1,0,1,0,0,0,12192.0,2,1,1,1,0,0,1,2,8.1,270.2,0,0,0,0,0,1
264600,76.954,0.0,0,0,1,0,8.956,0.0,0,0,1,0,3.131,-0.753,0,0.0,0,0,1,1,0,1,0,1,0,0,0,12192.0,2,1,1,1,0,0,1,2,7.9,268.0,0,0,0,0,0,1
264700,76.954,0.0,0,0,1,0,8.956,0.0,0,0,1,0,3.06,-0.702,0,0.0,0,0,1,1,0,1,0,1,0,0,0,12192.0,2,1,1,1,0,0,1,2,7.6,270.3,0,0,0,0,0,1
264800,76.954,0.0,0,0,1,0,8.956,0.0,0,0,1,0,2.995,-0.651,0,0.0,0,0,1,1,0,1,0,1,0,0,0,12192.0,2,1,1,1,0,0,1,2,7.2,269.0,0,0,0,0,0,1
264900,76.954,0.0,0,0,1,0,8.956,0.0,0,0,1,0,2.935,-0.601,0,0.0,0,0,1,1,0,1,0,1,0,0,0,12192.0,2,1,1,1,0,0,1,2,8.3,267.7,0,0,0,0,0,1
265000,76.954,0.0,0,0,1,0,8.956,0.0,0,0,1,0,2.88,-0.55,0,0.0,0,0,1,1,0,1,0,1,0,0,0,12192.0,2,1,1,1,0,0,1,2,7.7,269.4,0,0,0,0,0,1
265100,76.954,0.0,0,0,1,0,8.956,0.0,0,0,1,0,2.83,-0.499,0,0.0,0,0,1,1,0,1,0,1,0,0,0,12192.0,2,1,1,1,0,0,1,2,8.0,271.5,0,0,0,0,0,1
265200,76.954,0.0,0,0,1,0,8.956,0.0,0,0,1,0,2.785,-0.448,0,0.0,0,0,1,1,0,1,0,1,0,0,0,12192.0,2,1,1,1,0,0,1,2,7.6,268.6,0,0,0,0,0,1
265300,76.954,0.0,0,0,1,0,8.956,0.0,0,0,1,0,2.746,-0.397,0,0.0,0,0,1,1,0,1,0,1,0,0,0,12192.0,2,1,1,1,0,0,1,2,8.2,272.8,0,0,0,0,0,1
265400,76.954,0.0,0,0,1,0,8.956,0.0,0,0,1,0,2.711,-0.347,0,0.0,0,0,1,1,0,1,0,1,0,0,0,12192.0,2,1,1,1,0,0,1,2,7.7,270.1,0,0,0,0,0,1
265500,76.954,0.0,0,0,1,0,8.956,0.0,0,0,1,0,2.681,-0.296,0,0.0,0,0,1,1,0,1,0,1,0,0,0,12192.0,2,1,1,1,0,0,1,2,8.4,267.3,0,0,0,0,0,1
265600,76.954,0.0,0,0,1,0,8.956,0.0,0,0,1,0,2.657,-0.241,0,0.0,0,0,1,1,0,1,0,1,0,0,0,12192.0,2,1,1,1,0,0,1,2,7.3,268.4,0,0,0,0,0,1
265700,76.954,0.0,0,0,1,0,8.956,0.0,0,0,1,0,2.639,-0.184,0,0.0,0,0,1,1,0,1,0,1,0,0,0,12192.0,2,1,1,1,0,0,1,2,8.3,271.1,0,0,0,0,0,1
265800,76.954,0.0,0,0,1,0,8.956,0.0,0,0,1,0,2.627,-0.123,0,0.0,0,0,1,1,0,1,0,1,0,0,0,12192.0,2,1,1,1,0,0,1,2,7.5,267.6,0,0,0,0,0,1
265900,76.954,0.0,0,0,0,0,8.956,0.0,0,0,0,0,2.622,0.0,0,0.0,0,0,0,0,0,1,0,1,0,0,0,12192.0,2,1,1,0,1,0,1,2,7.5,267.8,0,0,0,0,0,1
266000,76.954,0.0,0,0,0,0,8.956,0.0,0,0,0,0,2.622,0.0,0,0.0,0,0,0,0,0,1,0,1,1,1,0,12192.0,2,1,1,0,1,0,1,2,7.6,269.1,0,0,0,0,0,1
266100,76.954,0.0,0,0,0,0,8.956,0.0,0,0,0,0,2.622,0.0,0,0.0,0,0,0,0,0,1,0,1,1,1,0,12192.0,2,1,1,0,1,0,1,2,7.5,269.4,0,0,0,0,0,1
266200,76.954,0.0,0,0,0,0,8.956,0.0,0,0,0,0,2.622,0.0,0,0.0,0,0,0,0,0,1,0,1,1,1,0,12192.0,2,1,1,0,1,0,1,2,7.6,272.5,0,0,0,0,0,1
266300,76.954,0.0,0,0,0,0,8.956,0.0,0,0,0,0,2.622,0.0,0,0.0,0,0,0,0,0,1,0,1,1,1,0,12192.0,2,1,1,0,1,0,1,2,7.6,270.7,0,0,0,0,0,1
266400,76.954,0.0,0,0,0,0,8.956,0.0,0,0,0,0,2.622,0.0,0,0.0,0,0,0,0,0,1,0,1,1,1,0,12192.0,2,1,1,0,1,0,1,2,6.7,270.1,0,0,0,0,0,1
266500,76.954,0.0,0,0,0,0,8.956,0.0,0,0,0,0,2.622,0.0,0,0.0,0,0,0,0,0,1,0,1,1,1,0,12192.0,2,1,1,0,1,0,1,2,8.0,270.4,0,0,0,0,0,1
266600,76.954,0.0,0,0,0,0,8.956,0.0,0,0,0,0,2.622,0.0,0,0.0,0,0,0,0,0,1,0,1,1,1,0,12192.0,2,1,1,0,1,0,1,2,7.2,267.9,0,0,0,0,0,1
266700,76.954,0.0,0,0,0,0,8.956,0.0,0,0,0,0,2.622,0.0,0,0.0,0,0,0,0,0,1,0,1,1,1,0,12192.0,2,1,1,0,1,0,1,2,6.8,268.1,0,0,0,0,0,1
266800,76.954,0.0,0,0,0,0,8.956,0.0,0,0,0,0,2.622,0.0,0,0.0,0,0,0,0,0,1,0,1,1,1,0,12192.0,2,1,1,0,1,0,1,2,7.6,272.0,0,0,0,0,0,1
266900,76.954,0.0,0,0,0,0,8.956,0.0,0,0,0,0,2.622,0.0,0,0.0,0,0,0,0,0,1,0,1,1,1,0,12192.0,2,1,1,0,1,0,1,2,7.7,267.3,0,0,0,0,0,1
267000,76.954,0.0,0,0,0,0,8.956,0.0,0,0,0,0,2.622,0.0,0,0.0,0,0,0,0,0,1,0,1,1,1,0,12192.0,2,1,1,0,1,0,1,2,7.1,269.0,0,0,0,0,0,1
267100,76.954,0.0,0,0,0,0,8.956,0.0,0,0,0,0,2.622,0.0,0,0.0,0,0,0,0,0,1,0,1,1,1,0,12192.0,2,1,1,0,1,0,1,2,7.5,268.9,0,0,0,0,0,1
267200,76.954,0.0,0,0,0,0,8.956,0.0,0,0,0,0,2.622,0.0,0,32.03,0,0,0,0,0,1,1,0,1,1,0,12192.0,2,1,1,0,1,0,1,2,7.8,263.6,0,0,0,0,0,1
267300,76.954,0.0,0,0,0,0,8.956,0.0,0,0,0,0,2.622,0.0,0,32.0,0,0,0,0,0,1,1,0,1,1,0,12192.0,2,1,1,0,1,0,1,2,7.0,268.5,0,0,0,0,0,1
267400,76.954,0.0,0,0,0,0,8.956,0.0,0,0,0,0,2.622,0.0,0,31.93,0,0,0,0,0,1,1,0,1,1,0,12192.0,2,1,1,0,1,0,1,2,6.8,269.8,0,0,0,0,0,1
267500,76.954,0.0,0,0,0,0,8.956,0.0,0,0,0,0,2.622,0.0,0,31.97,0,0,0,0,0,1,1,0,1,1,0,12192.0,2,1,1,0,1,0,1,2,7.9,268.3,0,0,0,0,0,1
267600,76.954,0.0,0,0,0,0,8.956,0.0,0,0,0,0,2.622,0.0,0,32.05,0,0,0,0,0,1,1,0,1,1,0,12192.0,2,1,1,0,1,0,1,2,7.9,270.9,0,0,0,0,0,1
267700,76.954,0.0,0,0,0,0,8.956,0.0,0,0,0,0,2.622,0.0,0,32.11,0,0,0,0,0,1,1,0,1,1,0,12192.0,2,1,1,0,1,0,1,2,6.8,271.9,0,0,0,0,0,1
267800,76.954,0.0,0,0,0,0,8.956,0.0,0,0,0,0,2.622,0.0,0,32.25,0,0,0,0,0,1,1,0,1,1,0,12192.0,2,1,1,0,1,0,1,2,7.3,271.5,0,0,0,0,0,1
267900,76.954,0.0,0,0,0,0,8.956,0.0,0,0,0,0,2.622,0.0,0,32.11,0,0,0,0,0,1,1,0,1,1,0,12192.0,2,1,1,0,1,0,1,2,8.1,264.0,0,0,0,0,0,1
268000,76.954,0.0,0,0,0,0,8.956,0.0,0,0,0,0,2.622,0.0,0,32.04,0,0,0,0,0,1,1,0,1,1,0,12192.0,2,1,1,0,1,0,1,2,7.3,268.5,0,0,0,0,0,1
268100,76.954,0.0,0,0,0,0,8.956,0.0,0,0,0,0,2.622,0.0,0,32.11,0,0,0,0,0,1,1,0,1,1,0,12192.0,2,1,1,0,1,0,1,2,7.8,269.9,0,0,0,0,0,1
268200,76.954,0.0,0,0,0,0,8.956,0.0,0,0,0,0,2.622,0.0,0,32.22,0,0,0,0,0,1,1,0,1,1,0,12192.0,2,1,1,0,1,0,1,2,7.8,265.7,0,0,0,0,0,1
268300,76.954,0.0,0,0,0,0,8.956,0.0,0,0,0,0,2.622,0.0,0,32.06,0,0,0,0,0,1,1,0,1,1,0,12192.0,2,1,1,0,1,0,1,2,7.4,270.2,0,0,0,0,0,1
268400,76.954,0.0,0,0,0,0,8.956,0.0,0,0,0,0,2.622,0.0,0,32.13,0,0,0,0,0,1,1,0,1,1,0,12192.0,2,1,1,0,1,0,1,2,8.1,270.6,0,0,0,0,0,1
268500,76.954,0.0,0,0,0,0,8.956,0.0,0,0,0,0,2.622,0.0,0,31.8,0,0,0,0,0,1,1,0,1,1,0,12192.0,2,1,1,0,1,0,1,2,7.6,270.9,0,0,0,0,0,1
268600,76.954,0.0,0,0,0,0,8.956,0.0,0,0,0,0,2.622,0.0,0,31.98,0,0,0,0,0,1,1,0,1,1,0,12192.0,2,1,1,0,1,0,1,2,8.0,267.0,0,0,0,0,0,1
268700,76.954,0.0,0,0,0,0,8.956,0.0,0,0,0,0,2.622,0.0,0,32.07,0,0,0,0,0,1,1,0,1,1,0,12192.0,2,1,1,0,1,0,1,2,7.9,267.6,0,0,0,0,0,1
268800,76.954,0.0,0,0,0,0,8.956,0.0,0,0,0,0,2.622,0.0,0,32.19,0,0,0,0,0,1,1,0,1,1,0,12192.0,2,1,1,0,1,0,1,2,7.6,267.4,0,0,0,0,0,1
268900,76.954,0.0,0,0,0,0,8.956,0.0,0,0,0,0,2.622,0.0,0,32.05,0,0,0,0,0,1,1,0,1,1,0,12192.0,2,1,1,0,1,0,1,2,7.7,270.1,0,0,0,0,0,1
269000,76.954,0.0,0,0,1,0,8.956,0.0,0,0,1,0,2.627,0.051,1,33.83,0,0,1,1,0,1,1,0,0,1,0,12192.0,2,1,1,1,0,0,1,2,7.9,268.4,0,0,0,0,0,1
269100,76.954,0.0,0,0,1,0,8.956,0.0,0,0,1,0,2.637,0.102,1,33.8,0,0,1,1,0,1,1,0,0,1,0,12192.0,2,1,1,1,0,0,1,2,8.1,268.1,0,0,0,0,0,1
269200,76.954,0.0,0,0,1,0,8.956,0.0,0,0,1,0,2.652,0.152,1,33.73,0,0,1,1,0,1,1,0,0,1,0,12192.0,2,1,1,1,0,0,1,2,8.1,269.2,0,0,0,0,0,1
269300,76.954,0.0,0,0,1,0,8.956,0.0,0,0,1,0,2.672,0.203,1,33.61,0,0,1,1,0,1,1,0,0,1,0,12192.0,2,1,1,1,0,0,1,2,8.0,272.2,0,0,0,0,0,1
269400,76.954,0.0,0,0,1,0,8.956,0.0,0,0,1,0,2.698,0.254,1,33.55,0,0,1,1,0,1,1,0,0,1,0,12192.0,2,1,1,1,0,0,1,2,8.5,270.2,0,0,0,0,0,1
269500,76.954,0.0,0,0,1,0,8.956,0.0,0,0,1,0,2.728,0.305,1,33.67,0,0,1,1,0,1,1,0,0,1,0,12192.0,2,1,1,1,0,0,1,2,8.4,263.7,0,0,0,0,0,1
269600,76.954,0.0,0,0,1,0,8.956,0.0,0,0,1,0,2.764,0.356,1,33.34,0,0,1,1,0,1,1,0,0,1,0,12192.0,2,1,1,1,0,0,1,2,7.9,268.4,0,0,0,0,0,1
269700,76.954,0.0,0,0,1,0,8.956,0.0,0,0,1,0,2.805,0.407,1,33.42,0,0,1,1,0,1,1,0,0,1,0,12192.0,2,1,1,1,0,0,1,2,7.8,268.9,0,0,0,0,0,1
269800,76.954,0.0,0,0,1,0,8.956,0.0,0,0,1,0,2.85,0.457,1,33.9,0,0,1,1,0,1,1,0,0,1,0,12192.0,2,1,1,1,0,0,1,2,8.6,272.1,0,0,0,0,0,1
269900,76.954,0.0,0,0,1,0,8.956,0.0,0,0,1,0,2.901,0.508,1,33.49,0,0,1,1,0,1,1,0,0,1,0,12192.0,2,1,1,1,0,0,1,2,8.2,267.9,0,0,0,0,0,1
270000,76.954,0.0,0,0,1,0,8.956,0.0,0,0,1,0,2.957,0.559,1,33.76,0,0,1,1,0,1,1,0,0,1,0,12192.0,2,1,1,1,0,0,1,2,9.3,268.9,0,0,0,0,0,1
270100,76.954,0.0,0,0,1,0,8.956,0.0,0,0,1,0,3.018,0.61,1,33.81,0,0,1,1,0,1,1,0,0,1,0,12192.0,2,1,1,1,0,0,1,2,7.7,270.2,0,0,0,0,0,1
270200,76.954,0.0,0,0,1,0,8.956,0.0,0,0,1,0,3.084,0.661,1,33.68,0,0,1,1,0,1,1,0,0,1,0,12192.0,2,1,1,1,0,0,1,2,7.9,264.4,0,0,0,0,0,1
270300,76.954,0.0,0,0,1,0,8.956,0.0,0,0,1,0,3.155,0.711,1,33.69,0,0,1,1,0,1,1,0,0,1,0,12192.0,2,1,1,1,0,0,1,2,8.0,271.4,0,0,0,0,0,1
270400,76.954,0.0,0,0,1,0,8.956,0.0,0,0,1,0,3.231,0.762,1,33.72,0,0,1,1,0,1,1,0,0,1,0,12192.0,2,1,1,1,0,0,1,2,7.9,267.0,0,0,0,0,0,1
270500,76.954,0.0,0,0,1,0,8.956,0.0,0,0,1,0,3.313,0.813,1,33.78,0,0,1,1,0,1,1,0,0,1,0,12192.0,2,1,1,1,0,0,1,2,8.1,273.2,0,0,0,0,0,1
270600,76.954,0.0,0,0,1,0,8.956,0.0,0,0,1,0,3.399,0.864,1,33.62,0,0,1,1,0,1,1,0,0,1,0,12192.0,2,1,1,1,0,0,1,2,8.2,272.6,0,0,0,0,0,1
270700,76.954,0.0,0,0,1,0,8.956,0.0,0,0,1,0,3.491,0.915,1,33.65,0,0,1,1,0,1,1,0,0,1,0,12192.0,2,1,1,1,0,0,1,2,8.0,264.3,0,0,0,0,0,1
270800,76.954,0.0,0,0,1,0,8.956,0.0,0,0,1,0,3.587,0.965,1,33.57,0,0,1,1,0,1,1,0,0,1,0,12192.0,2,1,1,1,0,0,1,2,8.6,270.1,0,0,0,0,0,1
270900,76.954,0.0,0,0,1,0,8.956,0.0,0,0,1,0,3.689,1.016,1,33.63,0,0,1,1,0,1,1,0,0,1,0,12192.0,2,1,1,1,0,0,1,2,8.0,270.7,0,0,0,0,0,1
271000,76.954,0.0,0,0,1,0,8.956,0.0,0,0,1,0,3.795,1.067,1,33.74,0,0,1,1,0,1,1,0,0,1,0,12192.0,2,1,1,1,0,0,1,2,8.4,278.4,0,0,0,0,0,1
271100,76.954,0.0,0,0,1,0,8.956,0.0,0,0,1,0,3.907,1.118,1,33.56,0,0,1,1,0,1,1,0,0,1,0,12192.0,2,1,1,1,0,0,1,2,8.3,266.3,0,0,0,0,0,1
271200,76.954,0.0,0,0,1,0,8.956,0.0,0,0,1,0,4.024,1.169,1,33.63,0,0,1,1,0,1,1,0,0,1,0,12192.0,2,1,1,1,0,0,1,2,7.9,272.1,0,0,0,0,0,1
271300,76.954,0.0,0,0,1,0,8.956,0.0,0,0,1,0,4.146,1.22,1,33.75,0,0,1,1,0,1,1,0,0,1,0,12192.0,2,1,1,1,0,0,1,2,8.2,270.3,0,0,0,0,0,1
271400,76.954,0.0,0,0,1,0,8.956,0.0,0,0,1,0,4.272,1.261,1,33.84,0,0,1,1,0,1,1,0,0,1,0,12192.0,2,1,1,1,0,0,1,2,8.1,271.7,0,0,0,0,0,1
271500,76.954,0.0,0,0,1,0,8.956,0.0,0,0,1,0,4.398,1.261,1,33.83,0,0,1,1,0,1,1,0,0,1,0,12192.0,2,1,1,1,0,0,1,2,8.2,267.7,0,0,0,0,0,1
271600,76.954,0.0,0,0,1,0,8.956,0.0,0,0,1,0,4.524,1.261,1,33.54,0,0,1,1,0,1,1,0,0,1,0,12192.0,2,1,1,1,0,0,1,2,8.2,267.0,0,0,0,0,0,1
271700,76.954,0.0,0,0,1,0,8.956,0.0,0,0,1,0,4.651,1.261,1,33.64,0,0,1,1,0,1,1,0,0,1,0,12192.0,2,1,1,1,0,0,1,2,8.2,268.3,0,0,0,0,0,1
271800,76.954,0.0,0,0,1,0,8.956,0.0,0,0,1,0,4.777,1.261,1,33.65,0,0,1,1,0,1,1,0,0,1,0,12192.0,2,1,1,1,0,0,1,2,9.2,267.8,0,0,0,0,0,1
271900,76.954,0.0,0,0,1,0,8.956,0.0,0,0,1,0,4.903,1.261,1,33.65,0,0,1,1,0,1,1,0,0,1,0,12192.0,2,1,1,1,0,0,1,2,8.5,267.3,0,0,0,0,0,1
272000,76.954,0.0,0,0,1,0,8.956,0.0,0,0,1,0,5.029,1.261,1,33.76,0,0,1,1,0,1,1,0,0,1,0,12192.0,2,1,1,1,0,0,1,2,8.9,268.5,0,0,0,0,0,1
272100,76.954,0.0,0,0,1,0,8.956,0.0,0,0,1,0,5.155,1.261,1,33.72,0,0,1,1,0,1,1,0,0,1,0,12192.0,2,1,1,1,0,0,1,2,8.9,268.8,0,0,0,0,0,1
272200,76.954,0.0,0,0,1,0,8.956,0.0,0,0,1,0,5.281,1.261,1,33.57,0,0,1,1,0,1,1,0,0,1,0,12192.0,2,1,1,1,0,0,1,2,8.4,274.9,0,0,0,0,0,1
272300,76.954,0.0,0,0,1,0,8.956,0.0,0,0,1,0,5.407,1.261,1,33.57,0,0,1,1,0,1,1,0,0,1,0,12192.0,2,1,1,1,0,0,1,2,8.7,268.7,0,0,0,0,0,1
272400,76.954,0.0,0,0,1,0,8.956,0.0,0,0,1,0,5.533,1.261,1,33.68,0,0,1,1,0,1,1,0,0,1,0,12192.0,2,1,1,1,0,0,1,2,8.4,266.3,0,0,0,0,0,1
272500,76.954,0.0,0,0,1,0,8.956,0.0,0,0,1,0,5.659,1.261,1,33.63,0,0,1,1,0,1,1,0,0,1,0,12192.0,2,1,1,1,0,0,1,2,8.8,271.5,0,0,0,0,0,1
272600,76.954,0.0,0,0,1,0,8.956,0.0,0,0,1,0,5.786,1.261,1,33.56,0,0,1,1,0,1,1,0,0,1,0,12192.0,2,1,1,1,0,0,1,2,8.5,271.4,0,0,0,0,0,1
272700,76.954,0.0,0,0,1,0,8.956,0.0,0,0,1,0,5.912,1.261,1,33.58,0,0,1,1,0,1,1,0,0,1,0,12192.0,2,1,1,1,0,0,1,2,8.1,270.6,0,0,0,0,0,1
272800,76.954,0.0,0,0,1,0,8.956,0.0,0,0,1,0,6.038,1.261,1,33.48,0,0,1,1,0,1,1,0,0,1,0,12192.0,2,1,1,1,0,0,1,2,8.5,271.8,0,0,0,0,0,1
272900,76.954,0.0,0,0,1,0,8.956,0.0,0,0,1,0,6.164,1.261,1,33.36,0,0,1,1,0,1,1,0,0,1,0,12192.0,2,1,1,1,0,0,1,2,7.1,266.1,0,0,0,0,0,1
273000,76.954,0.0,0,0,1,0,8.956,0.0,0,0,1,0,6.29,1.261,1,33.57,0,0,1,1,0,1,1,0,0,1,0,12192.0,2,1,1,1,0,0,1,2,7.9,267.4,0,0,0,0,0,1
273100,76.954,0.0,0,0,1,0,8.956,0.0,0,0,1,0,6.416,1.261,1,33.7,0,0,1,1,0,1,1,0,0,1,0,12192.0,2,1,1,1,0,0,1,2,8.2,273.0,0,0,0,0,0,1
273200,76.954,0.0,0,0,1,0,8.956,0.0,0,0,1,0,6.542,1.261,1,33.8,0,0,1,1,0,1,1,0,0,1,0,12192.0,2,1,1,1,0,0,1,2,8.7,272.5,0,0,0,0,0,1
273300,76.954,0.0,0,0,1,0,8.956,0.0,0,0,1,0,6.668,1.261,1,33.63,0,0,1,1,0,1,1,0,0,1,0,12192.0,2,1,1,1,0,0,1,2,8.2,268.0,0,0,0,0,0,1
273400,76.954,0.0,0,0,1,0,8.956,0.0,0,0,1,0,6.795,1.261,1,33.49,0,0,1,1,0,1,1,0,0,1,0,12192.0,2,1,1,1,0,0,1,2,8.3,271.9,0,0,0,0,0,1
273500,76.954,0.0,0,0,1,0,8.956,0.0,0,0,1,0,6.921,1.261,1,33.87,0,0,1,1,0,1,1,0,0,1,0,12192.0,2,1,1,1,0,0,1,2,8.1,267.0,0,0,0,0,0,1
273600,76.954,0.0,0,0,1,0,8.956,0.0,0,0,1,0,7.047,1.261,1,33.69,0,0,1,1,0,1,1,0,0,1,0,12192.0,2,1,1,1,0,0,1,2,8.4,274.7,0,0,0,0,0,1
273700,76.954,0.0,0,0,1,0,8.956,0.0,0,0,1,0,7.173,1.261,1,33.67,0,0,1,1,0,1,1,0,0,1,0,12192.0,2,1,1,1,0,0,1,2,8.5,268.3,0,0,0,0,0,1
273800,76.954,0.0,0,0,1,0,8.956,0.0,0,0,1,0,7.299,1.261,1,33.41,0,0,1,1,0,1,1,0,0,1,0,12192.0,2,1,1,1,0,0,1,2,7.7,271.5,0,0,0,0,0,1
273900,76.954,0.0,0,0,1,0,8.956,0.0,0,0,1,0,7.425,1.261,1,33.5,0,0,1,1,0,1,1,0,0,1,0,12192.0,2,1,1,1,0,0,1,2,8.1,267.8,0,0,0,0,0,1
274000,76.954,0.0,0,0,1,0,8.956,0.0,0,0,1,0,7.551,1.261,1,33.78,0,0,1,1,0,1,1,0,0,1,0,12192.0,2,1,1,1,0,0,1,2,7.3,268.5,0,0,0,0,0,1
274100,76.954,0.0,0,0,1,0,8.956,0.0,0,0,1,0,7.677,1.261,1,33.86,0,0,1,1,0,1,1,0,0,1,0,12192.0,2,1,1,1,0,0,1,2,7.2,267.6,0,0,0,0,0,1
274200,76.954,0.0,0,0,1,0,8.956,0.0,0,0,1,0,7.804,1.261,1,33.86,0,0,1,1,0,1,1,0,0,1,0,12192.0,2,1,1,1,0,0,1,2,6.8,267.1,0,0,0,0,0,1
274300,76.954,0.0,0,0,1,0,8.956,0.0,0,0,1,0,7.93,1.261,1,33.58,0,0,1,1,0,1,1,0,0,1,0,12192.0,2,1,1,1,0,0,1,2,8.0,266.2,0,0,0,0,0,1
274400,76.954,0.0,0,0,1,0,8.956,0.0,0,0,1,0,8.056,1.261,1,33.58,0,0,1,1,0,1,1,0,0,1,0,12192.0,2,1,1,1,0,0,1,2,8.3,274.8,0,0,0,0,0,1
274500,76.954,0.0,0,0,1,0,8.956,0.0,0,0,1,0,8.182,1.261,1,33.72,0,0,1,1,0,1,1,0,0,1,0,12192.0,2,1,1,1,0,0,1,2,7.8,272.3,0,0,0,0,0,1
274600,76.954,0.0,0,0,1,0,8.956,0.0,0,0,1,0,8.308,1.261,1,33.64,0,0,1,1,0,1,1,0,0,1,0,12192.0,2,1,1,1,0,0,1,2,7.4,270.7,0,0,0,0,0,1
274700,76.954,0.0,0,0,1,0,8.956,0.0,0,0,1,0,8.434,1.261,1,33.45,0,0,1,1,0,1,1,0,0,1,0,12192.0,2,1,1,1,0,0,1,2,7.1,273.7,0,0,0,0,0,1
274800,76.954,0.0,0,0,1,0,8.956,0.0,0,0,1,0,8.56,1.261,1,33.6,0,0,1,1,0,1,1,0,0,1,0,12192.0,2,1,1,1,0,0,1,2,7.5,270.2,0,0,0,0,0,1
274900,76.954,0.0,0,0,1,0,8.956,0.0,0,0,1,0,8.686,1.261,1,33.64,0,0,1,1,0,1,1,0,0,1,0,12192.0,2,1,1,1,0,0,1,2,7.2,272.0,0,0,0,0,0,1
275000,76.954,0.0,0,0,1,0,8.956,0.0,0,0,1,0,8.813,1.261,1,33.82,0,0,1,1,0,1,1,0,0,1,0,12192.0,2,1,1,1,0,0,1,2,7.2,269.9,0,0,0,0,0,1
275100,76.954,0.0,0,0,1,0,8.956,0.0,0,0,1,0,8.939,1.261,1,33.63,0,0,1,1,0,1,1,0,0,1,0,12192.0,2,1,1,1,0,0,1,2,7.2,266.0,0,0,0,0,0,1
275200,76.954,0.0,0,0,1,0,8.956,0.0,0,0,1,0,9.065,1.261,1,33.63,0,0,1,1,0,1,1,0,0,1,0,12192.0,2,1,1,1,0,0,1,2,7.2,268.5,0,0,0,0,0,1
275300,76.954,0.0,0,0,1,0,8.956,0.0,0,0,1,0,9.191,1.261,1,33.62,0,0,1,1,0,1,1,0,0,1,0,12192.0,2,1,1,1,0,0,1,2,7.5,266.8,0,0,0,0,0,1
275400,76.954,0.0,0,0,1,0,8.956,0.0,0,0,1,0,9.317,1.261,1,33.5,0,0,1,1,0,1,1,0,0,1,0,12192.0,2,1,1,1,0,0,1,2,7.0,262.3,0,0,0,0,0,1
275500,76.954,0.0,0,0,1,0,8.956,0.0,0,0,1,0,9.443,1.261,1,33.59,0,0,1,1,0,1,1,0,0,1,0,12192.0,2,1,1,1,0,0,1,2,7.8,270.0,0,0,0,0,0,1
275600,76.954,0.0,0,0,1,0,8.956,0.0,0,0,1,0,9.569,1.261,1,33.61,0,0,1,1,0,1,1,0,0,1,0,12192.0,2,1,1,1,0,0,1,2,7.7,264.1,0,0,0,0,0,1
275700,76.954,0.0,0,0,1,0,8.956,0.0,0,0,1,0,9.695,1.261,1,33.77,0,0,1,1,0,1,1,0,0,1,0,12192.0,2,1,1,1,0,0,1,2,8.1,269.8,0,0,0,0,0,1
275800,76.954,0.0,0,0,1,0,8.956,0.0,0,0,1,0,9.822,1.261,1,33.74,0,0,1,1,0,1,1,0,0,1,0,12192.0,2,1,1,1,0,0,1,2,7.1,275.7,0,0,0,0,0,1
275900,76.954,0.0,0,0,1,0,8.956,0.0,0,0,1,0,9.948,1.261,1,33.5,0,0,1,1,0,1,1,0,0,1,0,12192.0,2,1,1,1,0,0,1,2,7.2,272.3,0,0,0,0,0,1
276000,76.954,0.0,0,0,1,0,8.956,0.0,0,0,1,0,10.074,1.261,1,33.7,0,0,1,1,0,1,1,0,0,1,0,12192.0,2,1,1,1,0,0,1,2,7.0,266.7,0,0,0,0,0,1
276100,76.954,0.0,0,0,1,0,8.956,0.0,0,0,1,0,10.2,1.261,1,33.65,0,0,1,1,0,1,1,0,0,1,0,12192.0,2,1,1,1,0,0,1,2,7.9,264.7,0,0,0,0,0,1
276200,76.954,0.0,0,0,1,0,8.956,0.0,0,0,1,0,10.326,1.261,1,33.77,0,0,1,1,0,1,1,0,0,1,0,12192.0,2,1,1,1,0,0,1,2,6.9,268.5,0,0,0,0,0,1
276300,76.954,0.0,0,0,1,0,8.956,0.0,0,0,1,0,10.452,1.261,1,33.89,0,0,1,1,0,1,1,0,0,1,0,12192.0,2,1,1,1,0,0,1,2,8.1,268.3,0,0,0,0,0,1
276400,76.954,0.0,0,0,1,0,8.956,0.0,0,0,1,0,10.578,1.261,1,33.57,0,0,1,1,0,1,1,0,0,1,0,12192.0,2,1,1,1,0,0,1,2,7.5,271.5,0,0,0,0,0,1
276500,76.954,0.0,0,0,1,0,8.956,0.0,0,0,1,0,10.704,1.261,1,33.8,0,0,1,1,0,1,1,0,0,1,0,12192.0,2,1,1,1,0,0,1,2,7.1,271.8,0,0,0,0,0,1
276600,76.954,0.0,0,0,1,0,8.956,0.0,0,0,1,0,10.83,1.261,1,33.51,0,0,1,1,0,1,1,0,0,1,0,12192.0,2,1,1,1,0,0,1,2,6.0,268.6,0,0,0,0,0,1
276700,76.954,0.0,0,0,1,0,8.956,0.0,0,0,1,0,10.957,1.261,1,33.65,0,0,1,1,0,1,1,0,0,1,0,12192.0,2,1,1,1,0,0,1,2,7.5,268.1,0,0,0,0,0,1
276800,76.954,0.0,0,0,1,0,8.956,0.0,0,0,1,0,11.083,1.261,1,33.73,0,0,1,1,0,1,1,0,0,1,0,12192.0,2,1,1,1,0,0,1,2,6.7,268.9,0,0,0,0,0,1
276900,76.954,0.0,0,0,1,0,8.956,0.0,0,0,1,0,11.209,1.261,1,33.72,0,0,1,1,0,1,1,0,0,1,0,12192.0,2,1,1,1,0,0,1,2,8.2,271.4,0,0,0,0,0,1
277000,76.954,0.0,0,0,1,0,8.956,0.0,0,0,1,0,11.335,1.261,1,33.79,0,0,1,1,0,1,1,0,0,1,0,12192.0,2,1,1,1,0,0,1,2,8.2,272.3,0,0,0,0,0,1
277100,76.954,0.0,0,0,1,0,8.956,0.0,0,0,1,0,11.461,1.261,1,33.84,0,0,1,1,0,1,1,0,0,1,0,12192.0,2,1,1,1,0,0,1,2,7.8,265.6,0,0,0,0,0,1
277200,76.954,0.0,0,0,1,0,8.956,0.0,0,0,1,0,11.587,1.261,1,33.61,0,0,1,1,0,1,1,0,0,1,0,12192.0,2,1,1,1,0,0,1,2,8.3,273.4,0,0,0,0,0,1
277300,76.954,0.0,0,0,1,0,8.956,0.0,0,0,1,0,11.713,1.261,1,33.56,0,0,1,1,0,1,1,0,0,1,0,12192.0,2,1,1,1,0,0,1,2,7.5,270.1,0,0,0,0,0,1
277400,76.954,0.0,0,0,1,0,8.956,0.0,0,0,1,0,11.839,1.261,1,33.58,0,0,1,1,0,1,1,0,0,1,0,12192.0,2,1,1,1,0,0,1,2,7.4,273.2,0,0,0,0,0,1
277500,76.954,0.0,0,0,1,0,8.956,0.0,0,0,1,0,11.961,1.21,1,30.49,0,0,1,1,0,1,1,0,0,1,0,12192.0,2,1,1,1,0,0,1,2,6.9,268.0,0,0,0,0,0,1
277600,76.954,0.0,0,0,1,0,8.956,0.0,0,0,1,0,12.076,1.16,1,30.33,0,0,1,1,0,1,1,0,0,1,0,12192.0,2,1,1,1,0,0,1,2,7.5,270.3,0,0,0,0,0,1
277700,76.954,0.0,0,0,1,0,8.956,0.0,0,0,1,0,12.187,1.108,1,30.23,0,0,1,1,0,1,1,0,0,1,0,12192.0,2,1,1,1,0,0,1,2,7.7,269.7,0,0,0,0,0,1
277800,76.954,0.0,0,0,1,0,8.956,0.0,0,0,1,0,12.293,1.056,1,30.24,0,0,1,1,0,1,1,0,0,1,0,12192.0,2,1,1,1,0,0,1,2,8.0,273.6,0,0,0,0,0,1
277900,76.954,0.0,0,0,1,0,8.956,0.0,0,0,1,0,12.393,1.004,1,30.43,0,0,1,1,0,1,1,0,0,1,0,12192.0,2,1,1,1,0,0,1,2,8.8,268.8,0,0,0,0,0,1
278000,76.954,0.0,0,0,1,0,8.956,0.0,0,0,1,0,12.489,0.952,1,30.52,0,0,1,1,0,1,1,0,0,1,0,12192.0,2,1,1,1,0,0,1,2,7.1,269.6,0,0,0,0,0,1
278100,76.954,0.0,0,0,1,0,8.956,0.0,0,0,1,0,12.578,0.9,1,30.26,0,0,1,1,0,1,1,0,0,1,0,12192.0,2,1,1,1,0,0,1,2,7.5,267.4,0,0,0,0,0,1
278200,76.954,0.0,0,0,1,0,8.956,0.0,0,0,1,0,12.663,0.847,1,30.09,0,0,1,1,0,1,1,0,0,1,0,12192.0,2,1,1,1,0,0,1,2,7.1,273.8,0,0,0,0,0,1
278300,76.954,0.0,0,0,1,0,8.956,0.0,0,0,1,0,12.743,0.795,1,30.49,0,0,1,1,0,1,1,0,0,1,0,12192.0,2,1,1,1,0,0,1,2,8.5,272.1,0,0,0,0,0,1
278400,76.954,0.0,0,0,1,0,8.956,0.0,0,0,1,0,12.817,0.742,1,30.51,0,0,1,1,0,1,1,0,0,1,0,12192.0,2,1,1,1,0,0,1,2,8.1,274.2,0,0,0,0,0,1
278500,76.954,0.0,0,0,1,0,8.956,0.0,0,0,1,0,12.886,0.69,1,30.27,0,0,1,1,0,1,1,0,0,1,0,12192.0,2,1,1,1,0,0,1,2,7.8,268.9,0,0,0,0,0,1
278600,76.954,0.0,0,0,1,0,8.956,0.0,0,0,1,0,12.95,0.637,1,30.36,0,0,1,1,0,1,1,0,0,1,0,12192.0,2,1,1,1,0,0,1,2,8.1,270.5,0,0,0,0,0,1
278700,76.954,0.0,0,0,1,0,8.956,0.0,0,0,1,0,13.008,0.584,1,30.17,0,0,1,1,0,1,1,0,0,1,0,12192.0,2,1,1,1,0,0,1,2,7.7,268.0,0,0,0,0,0,1
278800,76.954,0.0,0,0,1,0,8.956,0.0,0,0,1,0,13.061,0.531,1,30.16,0,0,1,1,0,1,1,0,0,1,0,12192.0,2,1,1,1,0,0,1,2,8.3,269.5,0,0,0,0,0,1
278900,76.954,0.0,0,0,1,0,8.956,0.0,0,0,1,0,13.109,0.477,1,30.52,0,0,1,1,0,1,1,0,0,1,0,12192.0,2,1,1,1,0,0,1,2,7.6,267.1,0,0,0,0,0,1
279000,76.954,0.0,0,0,1,0,8.956,0.0,0,0,1,0,13.151,0.423,1,30.36,0,0,1,1,0,1,1,0,0,1,0,12192.0,2,1,1,1,0,0,1,2,8.2,269.2,0,0,0,0,0,1
279100,76.954,0.0,0,0,1,0,8.956,0.0,0,0,1,0,13.188,0.369,1,30.32,0,0,1,1,0,1,1,0,0,1,0,12192.0,2,1,1,1,0,0,1,2,9.0,267.1,0,0,0,0,0,1
279200,76.954,0.0,0,0,1,0,8.956,0.0,0,0,1,0,13.219,0.314,1,30.33,0,0,1,1,0,1,1,0,0,1,0,12192.0,2,1,1,1,0,0,1,2,8.0,270.1,0,0,0,0,0,1
279300,76.954,0.0,0,0,1,0,8.956,0.0,0,0,1,0,13.245,0.258,1,30.21,0,0,1,1,0,1,1,0,0,1,0,12192.0,2,1,1,1,0,0,1,2,8.0,264.4,0,0,0,0,0,1
279400,76.954,0.0,0,0,1,0,8.956,0.0,0,0,1,0,13.265,0.201,1,30.32,0,0,1,1,0,1,1,0,0,1,0,12192.0,2,1,1,1,0,0,1,2,8.5,272.5,0,0,0,0,0,1
279500,76.954,0.0,0,0,1,0,8.956,0.0,0,0,1,0,13.279,0.141,1,30.4,0,0,1,1,0,1,1,0,0,1,0,12192.0,2,1,1,1,0,0,1,2,8.3,268.9,0,0,0,0,0,1
279600,76.954,0.0,0,0,1,0,8.956,0.0,0,0,1,0,13.287,0.075,1,30.51,0,0,1,1,0,1,1,0,0,1,0,12192.0,2,1,1,1,0,0,1,2,8.3,275.1,0,0,0,0,0,1
279700,76.954,0.0,0,0,0,0,8.956,0.0,0,0,0,0,13.289,0.0,0,32.09,0,0,0,0,0,1,1,0,0,1,0,12192.0,2,1,1,0,1,0,1,2,9.2,269.5,0,0,0,0,0,1
279800,76.953,-0.015,0,1,1,0,8.949,-0.061,0,1,1,0,13.289,0.0,0,31.92,0,0,0,1,0,1,1,0,0,1,0,12192.0,2,1,1,1,0,0,1,2,9.0,265.2,0,0,0,0,0,1
279900,76.95,-0.03,0,1,1,0,8.937,-0.122,0,1,1,0,13.289,0.0,0,32.36,0,0,0,1,0,1,1,0,0,1,0,12192.0,2,1,1,1,0,0,1,2,8.8,270.7,0,0,0,0,0,1
280000,76.945,-0.045,0,1,1,0,8.919,-0.184,0,1,1,0,13.289,0.0,0,31.97,0,0,0,1,0,1,1,0,0,1,0,12192.0,2,1,1,1,0,0,1,2,9.3,273.8,0,0,0,0,0,1
280100,76.939,-0.06,0,1,1,0,8.894,-0.245,0,1,1,0,13.289,0.0,0,31.89,0,0,0,1,0,1,1,0,0,1,0,12192.0,2,1,1,1,0,0,1,2,9.7,270.1,0,0,0,0,0,1
280200,76.932,-0.075,0,1,1,0,8.864,-0.306,0,1,1,0,13.289,0.0,0,31.79,0,0,0,1,0,1,1,0,0,1,0,12192.0,2,1,1,1,0,0,1,2,8.7,274.1,0,0,0,0,0,1
280300,76.923,-0.09,0,1,1,0,8.827,-0.367,0,1,1,0,13.289,0.0,0,31.79,0,0,0,1,0,1,1,0,0,1,0,12192.0,2,1,1,1,0,0,1,2,8.4,267.8,0,0,0,0,0,1
280400,76.912,-0.106,0,1,1,0,8.784,-0.428,0,1,1,0,13.289,0.0,0,31.86,0,0,0,1,0,1,1,0,0,1,0,12192.0,2,1,1,1,0,0,1,2,8.3,265.7,0,0,0,0,0,1
280500,76.9,-0.121,0,1,1,0,8.735,-0.49,0,1,1,0,13.289,0.0,0,32.04,0,0,0,1,0,1,1,0,0,1,0,12192.0,2,1,1,1,0,0,1,2,8.5,272.3,0,0,0,0,0,1
280600,76.887,-0.136,0,1,1,0,8.68,-0.551,0,1,1,0,13.289,0.0,0,31.82,0,0,0,1,0,1,1,0,0,1,0,12192.0,2,1,1,1,0,0,1,2,9.1,268.3,0,0,0,0,0,1
280700,76.872,-0.151,0,1,1,0,8.619,-0.612,0,1,1,0,13.289,0.0,0,31.95,0,0,0,1,0,1,1,0,0,1,0,12192.0,2,1,1,1,0,0,1,2,8.3,276.0,0,0,0,0,0,1
280800,76.855,-0.166,0,1,1,0,8.552,-0.673,0,1,1,0,13.289,0.0,0,32.01,0,0,0,1,0,1,1,0,0,1,0,12192.0,2,1,1,1,0,0,1,2,8.5,270.3,0,0,0,0,0,1
280900,76.837,-0.181,0,1,1,0,8.478,-0.734,0,1,1,0,13.289,0.0,0,31.89,0,0,0,1,0,1,1,0,0,1,0,12192.0,2,1,1,1,0,0,1,2,8.9,270.3,0,0,0,0,0,1
281000,76.817,-0.196,0,1,1,0,8.399,-0.795,0,1,1,0,13.289,0.0,0,31.97,0,0,0,1,0,1,1,0,0,1,0,12192.0,2,1,1,1,0,0,1,2,7.9,271.7,0,0,0,0,0,1
281100,76.796,-0.211,0,1,1,0,8.313,-0.857,0,1,1,0,13.289,0.0,0,32.18,0,0,0,1,0,1,1,0,0,1,0,12192.0,2,1,1,1,0,0,1,2,8.4,268.6,0,0,0,0,0,1
281200,76.774,-0.226,0,1,1,0,8.221,-0.918,0,1,1,0,13.289,0.0,0,31.61,0,0,0,1,0,1,1,0,0,1,0,12192.0,2,1,1,1,0,0,1,2,8.4,272.6,0,0,0,0,0,1
281300,76.749,-0.241,0,1,1,0,8.123,-0.979,0,1,1,0,13.289,0.0,0,31.98,0,0,0,1,0,1,1,0,0,1,0,12192.0,2,1,1,1,0,0,1,2,9.0,268.8,0,0,0,0,0,1
281400,76.724,-0.256,0,1,1,0,8.019,-1.04,0,1,1,0,13.289,0.0,0,31.82,0,0,0,1,0,1,1,0,0,1,0,12192.0,2,1,1,1,0,0,1,2,7.7,271.6,0,0,0,0,0,1
281500,76.697,-0.271,0,1,1,0,7.909,-1.101,0,1,1,0,13.289,0.0,0,32.04,0,0,0,1,0,1,1,0,0,1,0,12192.0,2,1,1,1,0,0,1,2,8.9,268.2,0,0,0,0,0,1
281600,76.668,-0.286,0,1,1,0,7.793,-1.163,0,1,1,0,13.289,0.0,0,31.96,0,0,0,1,0,1,1,0,0,1,0,12192.0,2,1,1,1,0,0,1,2,8.2,271.2,0,0,0,0,0,1
281700,76.638,-0.302,0,1,1,0,7.671,-1.224,0,1,1,0,13.289,0.0,0,31.97,0,0,0,1,0,1,1,0,0,1,0,12192.0,2,1,1,1,0,0,1,2,8.6,270.6,0,0,0,0,0,1
281800,76.606,-0.317,0,1,1,0,7.542,-1.285,0,1,1,0,13.289,0.0,0,32.17,0,0,0,1,0,1,1,0,0,1,0,12192.0,2,1,1,1,0,0,1,2,8.6,272.1,0,0,0,0,0,1
281900,76.573,-0.332,0,1,1,0,7.407,-1.346,0,1,1,0,13.289,0.0,0,31.96,0,0,0,1,0,1,1,0,0,1,0,12192.0,2,1,1,1,0,0,1,2,9.7,268.4,0,0,0,0,0,1
282000,76.538,-0.347,0,1,1,0,7.267,-1.407,0,1,1,0,13.289,0.0,0,31.88,0,0,0,1,0,1,1,0,0,1,0,12192.0,2,1,1,1,0,0,1,2,8.2,267.8,0,0,0,0,0,1
282100,76.502,-0.362,0,1,1,0,7.121,-1.453,0,1,1,0,13.289,0.0,0,32.37,0,0,0,1,0,1,1,0,0,1,0,12192.0,2,1,1,1,0,0,1,2,9.1,271.7,0,0,0,0,0,1
282200,76.464,-0.377,0,1,1,0,6.982,-1.391,0,1,1,0,13.289,0.0,0,32.07,0,0,0,1,0,1,1,0,0,1,0,12192.0,2,1,1,1,0,0,1,2,7.6,266.2,0,0,0,0,0,1
282300,76.425,-0.392,0,1,1,0,6.849,-1.328,0,1,1,0,13.289,0.0,0,31.97,0,0,0,1,0,1,1,0,0,1,0,12192.0,2,1,1,1,0,0,1,2,7.6,267.7,0,0,0,0,0,1
282400,76.384,-0.407,0,1,1,0,6.723,-1.265,0,1,1,0,13.289,0.0,0,31.84,0,0,0,1,0,1,1,0,0,1,0,12192.0,2,1,1,1,0,0,1,2,8.3,265.7,0,0,0,0,0,1
282500,76.342,-0.422,0,1,1,0,6.603,-1.203,0,1,1,0,13.289,0.0,0,32.13,0,0,0,1,0,1,1,0,0,1,0,12192.0,2,1,1,1,0,0,1,2,7.7,271.5,0,0,0,0,0,1
282600,76.299,-0.437,0,1,1,0,6.489,-1.14,0,1,1,0,13.289,0.0,0,32.05,0,0,0,1,0,1,1,0,0,1,0,12192.0,2,1,1,1,0,0,1,2,8.6,265.2,0,0,0,0,0,1
282700,76.253,-0.452,0,1,1,0,6.381,-1.077,0,1,1,0,13.289,0.0,0,32.03,0,0,0,1,0,1,1,0,0,1,0,12192.0,2,1,1,1,0,0,1,2,8.0,266.6,0,0,0,0,0,1
282800,76.207,-0.467,0,1,1,0,6.28,-1.014,0,1,1,0,13.289,0.0,0,31.95,0,0,0,1,0,1,1,0,0,1,0,12192.0,2,1,1,1,0,0,1,2,8.0,272.6,0,0,0,0,0,1
282900,76.158,-0.483,0,1,1,0,6.184,-0.951,0,1,1,0,13.289,0.0,0,32.0,0,0,0,1,0,1,1,0,0,1,0,12192.0,2,1,1,1,0,0,1,2,8.2,277.3,0,0,0,0,0,1
283000,76.109,-0.498,0,1,1,0,6.096,-0.887,0,1,1,0,13.289,0.0,0,32.11,0,0,0,1,0,1,1,0,0,1,0,12192.0,2,1,1,1,0,0,1,2,7.5,270.2,0,0,0,0,0,1
283100,76.057,-0.513,0,1,1,0,6.013,-0.824,0,1,1,0,13.289,0.0,0,32.05,0,0,0,1,0,1,1,0,0,1,0,12192.0,2,1,1,1,0,0,1,2,7.7,270.5,0,0,0,0,0,1
283200,76.004,-0.528,0,1,1,0,5.937,-0.76,0,1,1,0,13.289,0.0,0,32.0,0,0,0,1,0,1,1,0,0,1,0,12192.0,2,1,1,1,0,0,1,2,8.0,267.6,0,0,0,0,0,1
283300,75.95,-0.543,0,1,1,0,5.868,-0.697,0,1,1,0,13.289,0.0,0,32.11,0,0,0,1,0,1,1,0,0,1,0,12192.0,2,1,1,1,0,0,1,2,7.7,273.6,0,0,0,0,0,1
283400,75.894,-0.558,0,1,1,0,5.804,-0.632,0,1,1,0,13.289,0.0,0,32.0,0,0,0,1,0,1,1,0,0,1,0,12192.0,2,1,1,1,0,0,1,2,7.7,268.9,0,0,0,0,0,1
283500,75.837,-0.573,0,1,1,0,5.748,-0.568,0,1,1,0,13.289,0.0,0,31.84,0,0,0,1,0,1,1,0,0,1,0,12192.0,2,1,1,1,0,0,1,2,7.7,269.6,0,0,0,0,0,1
283600,75.778,-0.588,0,1,1,0,5.697,-0.503,0,1,1,0,13.289,0.0,0,31.88,0,0,0,1,0,1,1,0,0,1,0,12192.0,2,1,1,1,0,0,1,2,6.7,268.0,0,0,0,0,0,1
283700,75.718,-0.603,0,1,1,0,5.654,-0.438,0,1,1,0,13.289,0.0,0,31.89,0,0,0,1,0,1,1,0,0,1,0,12192.0,2,1,1,1,0,0,1,2,7.1,267.3,0,0,0,0,0,1
283800,75.656,-0.618,0,1,1,0,5.616,-0.371,0,1,1,0,13.289,0.0,0,32.09,0,0,0,1,0,1,1,0,0,1,0,12192.0,2,1,1,1,0,0,1,2,7.7,268.9,0,0,0,0,0,1
283900,75.593,-0.633,0,1,1,0,5.586,-0.304,0,1,1,0,13.289,0.0,0,31.89,0,0,0,1,0,1,1,0,0,1,0,12192.0,2,1,1,1,0,0,1,2,7.2,268.8,0,0,0,0,0,1
284000,75.528,-0.648,0,1,1,0,5.562,-0.235,0,1,1,0,13.289,0.0,0,31.99,0,0,0,1,0,1,1,0,0,1,0,12192.0,2,1,1,1,0,0,1,2,7.3,270.5,0,0,0,0,0,1
284100,75.462,-0.663,0,1,1,0,5.546,-0.163,0,1,1,0,13.289,0.0,0,31.93,0,0,0,1,0,1,1,0,0,1,0,12192.0,2,1,1,1,0,0,1,2,8.0,273.9,0,0,0,0,0,1
284200,75.394,-0.679,0,1,1,0,5.538,-0.081,0,1,1,0,13.289,0.0,0,32.0,0,0,0,1,0,1,1,0,0,1,0,12192.0,2,1,1,1,0,0,1,2,8.1,267.3,0,0,0,0,0,1
284300,75.324,-0.694,0,1,1,0,5.536,0.0,0,0,1,0,13.289,0.0,0,32.15,0,0,0,1,0,1,1,0,0,1,0,12192.0,2,1,1,1,0,0,1,2,7.8,273.8,0,0,0,0,0,1
284400,75.254,-0.709,0,1,1,0,5.536,0.0,0,0,1,0,13.289,0.0,0,32.06,0,0,0,1,0,1,1,0,0,1,0,12192.0,2,1,1,1,0,0,1,2,7.6,267.9,0,0,0,0,0,1
284500,75.183,-0.711,0,1,1,0,5.536,0.0,0,0,1,0,13.289,0.0,0,31.98,0,0,0,1,0,1,1,0,0,1,0,12192.0,2,1,1,1,0,0,1,2,8.1,272.2,0,0,0,0,0,1
284600,75.111,-0.711,0,1,1,0,5.536,0.0,0,0,1,0,13.289,0.0,0,31.95,0,0,0,1,0,1,1,0,0,1,0,12192.0,2,1,1,1,0,0,1,2,7.3,269.1,0,0,0,0,0,1
284700,75.04,-0.711,0,1,1,0,5.536,0.0,0,0,1,0,13.289,0.0,0,31.83,0,0,0,1,0,1,1,0,0,1,0,12192.0,2,1,1,1,0,0,1,2,7.1,270.1,0,0,0,0,0,1
284800,74.969,-0.711,0,1,1,0,5.536,0.0,0,0,1,0,13.289,0.0,0,32.14,0,0,0,1,0,1,1,0,0,1,0,12192.0,2,1,1,1,0,0,1,2,7.2,270.5,0,0,0,0,0,1
284900,74.898,-0.711,0,1,1,0,5.536,0.0,0,0,1,0,13.289,0.0,0,31.92,0,0,0,1,0,1,1,0,0,1,0,12192.0,2,1,1,1,0,0,1,2,8.5,270.3,0,0,0,0,0,1
285000,74.827,-0.711,0,1,1,0,5.536,0.0,0,0,1,0,13.289,0.0,0,31.99,0,0,0,1,0,1,1,0,0,1,0,12192.0,2,1,1,1,0,0,1,2,7.1,269.8,0,0,0,0,0,1
285100,74.756,-0.711,0,1,1,0,5.536,0.0,0,0,1,0,13.289,0.0,0,32.07,0,0,0,1,0,1,1,0,0,1,0,12192.0,2,1,1,1,0,0,1,2,7.2,269.1,0,0,0,0,0,1
285200,74.685,-0.711,0,1,1,0,5.536,0.0,0,0,1,0,13.289,0.0,0,32.01,0,0,0,1,0,1,1,0,0,1,0,12192.0,2,1,1,1,0,0,1,2,8.1,270.9,0,0,0,0,0,1
285300,74.614,-0.711,0,1,1,0,5.536,0.0,0,0,1,0,13.289,0.0,0,31.9,0,0,0,1,0,1,1,0,0,1,0,12192.0,2,1,1,1,0,0,1,2,7.0,269.2,0,0,0,0,0,1
285400,74.543,-0.711,0,1,1,0,5.536,0.0,0,0,1,0,13.289,0.0,0,31.75,0,0,0,1,0,1,1,0,0,1,0,12192.0,2,1,1,1,0,0,1,2,6.7,267.9,0,0,0,0,0,1
285500,74.472,-0.711,0,1,1,0,5.536,0.0,0,0,1,0,13.289,0.0,0,31.91,0,0,0,1,0,1,1,0,0,1,0,12192.0,2,1,1,1,0,0,1,2,7.4,267.8,0,0,0,0,0,1
285600,74.401,-0.711,0,1,1,0,5.536,0.0,0,0,1,0,13.289,0.0,0,31.87,0,0,0,1,0,1,1,0,0,1,0,12192.0,2,1,1,1,0,0,1,2,7.2,270.6,0,0,0,0,0,1
285700,74.33,-0.711,0,1,1,0,5.536,0.0,0,0,1,0,13.289,0.0,0,32.16,0,0,0,1,0,1,1,0,0,1,0,12192.0,2,1,1,1,0,0,1,2,7.3,270.3,0,0,0,0,0,1
285800,74.259,-0.711,0,1,1,0,5.536,0.0,0,0,1,0,13.289,0.0,0,31.98,0,0,0,1,0,1,1,0,0,1,0,12192.0,2,1,1,1,0,0,1,2,6.1,270.0,0,0,0,0,0,1
285900,74.188,-0.711,0,1,1,0,5.536,0.0,0,0,1,0,13.289,0.0,0,31.88,0,0,0,1,0,1,1,0,0,1,0,12192.0,2,1,1,1,0,0,1,2,7.0,274.3,0,0,0,0,0,1
286000,74.117,-0.711,0,1,1,0,5.536,0.0,0,0,1,0,13.289,0.0,0,32.06,0,0,0,1,0,1,1,0,0,1,0,12192.0,2,1,1,1,0,0,1,2,7.5,267.2,0,0,0,0,0,1
286100,74.046,-0.711,0,1,1,0,5.536,0.0,0,0,1,0,13.289,0.0,0,31.84,0,0,0,1,0,1,1,0,0,1,0,12192.0,2,1,1,1,0,0,1,2,7.9,267.5,0,0,0,0,0,1
286200,73.974,-0.711,0,1,1,0,5.536,0.0,0,0,1,0,13.289,0.0,0,31.81,0,0,0,1,0,1,1,0,0,1,0,12192.0,2,1,1,1,0,0,1,2,7.1,270.3,0,0,0,0,0,1
286300,73.903,-0.711,0,1,1,0,5.536,0.0,0,0,1,0,13.289,0.0,0,32.01,0,0,0,1,0,1,1,0,0,1,0,12192.0,2,1,1,1,0,0,1,2,7.7,270.5,0,0,0,0,0,1
286400,73.832,-0.711,0,1,1,0,5.536,0.0,0,0,1,0,13.289,0.0,0,31.99,0,0,0,1,0,1,1,0,0,1,0,12192.0,2,1,1,1,0,0,1,2,7.5,267.9,0,0,0,0,0,1
286500,73.761,-0.711,0,1,1,0,5.536,0.0,0,0,1,0,13.289,0.0,0,32.1,0,0,0,1,0,1,1,0,0,1,0,12192.0,2,1,1,1,0,0,1,2,7.4,270.3,0,0,0,0,0,1
286600,73.69,-0.711,0,1,1,0,5.536,0.0,0,0,1,0,13.289,0.0,0,32.03,0,0,0,1,0,1,1,0,0,1,0,12192.0,2,1,1,1,0,0,1,2,7.5,268.2,0,0,0,0,0,1
286700,73.619,-0.711,0,1,1,0,5.536,0.0,0,0,1,0,13.289,0.0,0,31.96,0,0,0,1,0,1,1,0,0,1,0,12192.0,2,1,1,1,0,0,1,2,9.3,271.3,0,0,0,0,0,1
286800,73.548,-0.711,0,1,1,0,5.536,0.0,0,0,1,0,13.289,0.0,0,31.89,0,0,0,1,0,1,1,0,0,1,0,12192.0,2,1,1,1,0,0,1,2,8.2,273.1,0,0,0,0,0,1
286900,73.477,-0.711,0,1,1,0,5.536,0.0,0,0,1,0,13.289,0.0,0,31.99,0,0,0,1,0,1,1,0,0,1,0,12192.0,2,1,1,1,0,0,1,2,8.1,271.4,0,0,0,0,0,1
287000,73.406,-0.711,0,1,1,0,5.536,0.0,0,0,1,0,13.289,0.0,0,31.99,0,0,0,1,0,1,1,0,0,1,0,12192.0,2,1,1,1,0,0,1,2,7.6,267.6,0,0,0,0,0,1
287100,73.335,-0.711,0,1,1,0,5.536,0.0,0,0,1,0,13.289,0.0,0,32.09,0,0,0,1,0,1,1,0,0,1,0,12192.0,2,1,1,1,0,0,1,2,7.6,269.1,0,0,0,0,0,1
287200,73.264,-0.711,0,1,1,0,5.536,0.0,0,0,1,0,13.289,0.0,0,32.04,0,0,0,1,0,1,1,0,0,1,0,12192.0,2,1,1,1,0,0,1,2,7.8,268.8,0,0,0,0,0,1
287300,73.193,-0.711,0,1,1,0,5.536,0.0,0,0,1,0,13.289,0.0,0,31.94,0,0,0,1,0,1,1,0,0,1,0,12192.0,2,1,1,1,0,0,1,2,8.1,270.8,0,0,0,0,0,1
287400,73.122,-0.711,0,1,1,0,5.536,0.0,0,0,1,0,13.289,0.0,0,31.88,0,0,0,1,0,1,1,0,0,1,0,12192.0,2,1,1,1,0,0,1,2,8.3,268.2,0,0,0,0,0,1
287500,73.051,-0.711,0,1,1,0,5.536,0.0,0,0,1,0,13.289,0.0,0,32.15,0,0,0,1,0,1,1,0,0,1,0,12192.0,2,1,1,1,0,0,1,2,8.4,267.3,0,0,0,0,0,1
287600,72.98,-0.711,0,1,1,0,5.536,0.0,0,0,1,0,13.289,0.0,0,31.93,0,0,0,1,0,1,1,0,0,1,0,12192.0,2,1,1,1,0,0,1,2,8.2,270.7,0,0,0,0,0,1
287700,72.909,-0.711,0,1,1,0,5.536,0.0,0,0,1,0,13.289,0.0,0,31.54,0,0,0,1,0,1,1,0,0,1,0,12192.0,2,1,1,1,0,0,1,2,7.8,273.8,0,0,0,0,0,1
287800,72.837,-0.711,0,1,1,0,5.536,0.0,0,0,1,0,13.289,0.0,0,31.97,0,0,0,1,0,1,1,0,0,1,0,12192.0,2,1,1,1,0,0,1,2,8.4,270.7,0,0,0,0,0,1
287900,72.766,-0.711,0,1,1,0,5.536,0.0,0,0,1,0,13.289,0.0,0,31.96,0,0,0,1,0,1,1,0,0,1,0,12192.0,2,1,1,1,0,0,1,2,7.8,275.1,0,0,0,0,0,1
288000,72.695,-0.711,0,1,1,0,5.536,0.0,0,0,1,0,13.289,0.0,0,31.9,0,0,0,1,0,1,1,0,0,1,0,12192.0,2,1,1,1,0,0,1,2,7.9,270.1,0,0,0,0,0,1
288100,72.624,-0.711,0,1,1,0,5.536,0.0,0,0,1,0,13.289,0.0,0,31.89,0,0,0,1,0,1,1,0,0,1,0,12192.0,2,1,1,1,0,0,1,2,8.5,270.9,0,0,0,0,0,1
288200,72.553,-0.711,0,1,1,0,5.536,0.0,0,0,1,0,13.289,0.0,0,31.79,0,0,0,1,0,1,1,0,0,1,0,12192.0,2,1,1,1,0,0,1,2,8.5,273.6,0,0,0,0,0,1
288300,72.482,-0.711,0,1,1,0,5.536,0.0,0,0,1,0,13.289,0.0,0,32.08,0,0,0,1,0,1,1,0,0,1,0,12192.0,2,1,1,1,0,0,1,2,8.2,271.5,0,0,0,0,0,1
288400,72.411,-0.711,0,1,1,0,5.536,0.0,0,0,1,0,13.289,0.0,0,31.83,0,0,0,1,0,1,1,0,0,1,0,12192.0,2,1,1,1,0,0,1,2,9.4,272.0,0,0,0,0,0,1
288500,72.34,-0.711,0,1,1,0,5.536,0.0,0,0,1,0,13.289,0.0,0,32.08,0,0,0,1,0,1,1,0,0,1,0,12192.0,2,1,1,1,0,0,1,2,8.7,271.8,0,0,0,0,0,1
288600,72.269,-0.711,0,1,1,0,5.536,0.0,0,0,1,0,13.289,0.0,0,31.84,0,0,0,1,0,1,1,0,0,1,0,12192.0,2,1,1,1,0,0,1,2,8.3,270.0,0,0,0,0,0,1
288700,72.198,-0.711,0,1,1,0,5.536,0.0,0,0,1,0,13.289,0.0,0,31.92,0,0,0,1,0,1,1,0,0,1,0,12192.0,2,1,1,1,0,0,1,2,8.8,269.2,0,0,0,0,0,1
288800,72.127,-0.711,0,1,1,0,5.536,0.0,0,0,1,0,13.289,0.0,0,32.06,0,0,0,1,0,1,1,0,0,1,0,12192.0,2,1,1,1,0,0,1,2,8.3,268.2,0,0,0,0,0,1
288900,72.056,-0.711,0,1,1,0,5.536,0.0,0,0,1,0,13.289,0.0,0,32.13,0,0,0,1,0,1,1,0,0,1,0,12192.0,2,1,1,1,0,0,1,2,8.7,270.7,0,0,0,0,0,1
289000,71.985,-0.711,0,1,1,0,5.536,0.0,0,0,1,0,13.289,0.0,0,31.89,0,0,0,1,0,1,1,0,0,1,0,12192.0,2,1,1,1,0,0,1,2,7.0,270.1,0,0,0,0,0,1
289100,71.914,-0.711,0,1,1,0,5.536,0.0,0,0,1,0,13.289,0.0,0,32.24,0,0,0,1,0,1,1,0,0,1,0,12192.0,2,1,1,1,0,0,1,2,8.6,271.0,0,0,0,0,0,1
289200,71.843,-0.711,0,1,1,0,5.536,0.0,0,0,1,0,13.289,0.0,0,31.96,0,0,0,1,0,1,1,0,0,1,0,12192.0,2,1,1,1,0,0,1,2,9.1,272.8,0,0,0,0,0,1
289300,71.772,-0.711,0,1,1,0,5.536,0.0,0,0,1,0,13.289,0.0,0,31.94,0,0,0,1,0,1,1,0,0,1,0,12192.0,2,1,1,1,0,0,1,2,9.1,267.9,0,0,0,0,0,1
289400,71.7,-0.711,0,1,1,0,5.536,0.0,0,0,1,0,13.289,0.0,0,31.97,0,0,0,1,0,1,1,0,0,1,0,12192.0,2,1,1,1,0,0,1,2,8.8,270.0,0,0,0,0,0,1
289500,71.629,-0.711,0,1,1,0,5.536,0.0,0,0,1,0,13.289,0.0,0,32.07,0,0,0,1,0,1,1,0,0,1,0,12192.0,2,1,1,1,0,0,1,2,7.9,270.4,0,0,0,0,0,1
289600,71.558,-0.711,0,1,1,0,5.536,0.0,0,0,1,0,13.289,0.0,0,32.26,0,0,0,1,0,1,1,0,0,1,0,12192.0,2,1,1,1,0,0,1,2,9.2,270.1,0,0,0,0,0,1
289700,71.487,-0.711,0,1,1,0,5.536,0.0,0,0,1,0,13.289,0.0,0,31.92,0,0,0,1,0,1,1,0,0,1,0,12192.0,2,1,1,1,0,0,1,2,8.7,266.5,0,0,0,0,0,1
289800,71.416,-0.711,0,1,1,0,5.536,0.0,0,0,1,0,13.289,0.0,0,31.97,0,0,0,1,0,1,1,0,0,1,0,12192.0,2,1,1,1,0,0,1,2,8.4,269.6,0,0,0,0,0,1
289900,71.345,-0.711,0,1,1,0,5.536,0.0,0,0,1,0,13.289,0.0,0,32.06,0,0,0,1,0,1,1,0,0,1,0,12192.0,2,1,1,1,0,0,1,2,8.2,270.8,0,0,0,0,0,1
290000,71.274,-0.711,0,1,1,0,5.536,0.0,0,0,1,0,13.289,0.0,0,32.02,0,0,0,1,0,1,1,0,0,1,0,12192.0,2,1,1,1,0,0,1,2,9.4,268.5,0,0,0,0,0,1
290100,71.203,-0.711,0,1,1,0,5.536,0.0,0,0,1,0,13.289,0.0,0,32.08,0,0,0,1,0,1,1,0,0,1,0,12192.0,2,1,1,1,0,0,1,2,9.0,269.7,0,0,0,0,0,1
290200,71.132,-0.711,0,1,1,0,5.536,0.0,0,0,1,0,13.289,0.0,0,32.06,0,0,0,1,0,1,1,0,0,1,0,12192.0,2,1,1,1,0,0,1,2,8.7,269.5,0,0,0,0,0,1
290300,71.061,-0.711,0,1,1,0,5.536,0.0,0,0,1,0,13.289,0.0,0,32.07,0,0,0,1,0,1,1,0,0,1,0,12192.0,2,1,1,1,0,0,1,2,9.5,271.5,0,0,0,0,0,1
290400,70.99,-0.711,0,1,1,0,5.536,0.0,0,0,1,0,13.289,0.0,0,31.8,0,0,0,1,0,1,1,0,0,1,0,12192.0,2,1,1,1,0,0,1,2,8.8,267.6,0,0,0,0,0,1
290500,70.919,-0.711,0,1,1,0,5.536,0.0,0,0,1,0,13.289,0.0,0,31.96,0,0,0,1,0,1,1,0,0,1,0,12192.0,2,1,1,1,0,0,1,2,9.5,271.1,0,0,0,0,0,1
290600,70.848,-0.711,0,1,1,0,5.536,0.0,0,0,1,0,13.289,0.0,0,32.01,0,0,0,1,0,1,1,0,0,1,0,12192.0,2,1,1,1,0,0,1,2,8.2,266.0,0,0,0,0,0,1
290700,70.777,-0.711,0,1,1,0,5.536,0.0,0,0,1,0,13.289,0.0,0,31.72,0,0,0,1,0,1,1,0,0,1,0,12192.0,2,1,1,1,0,0,1,2,8.6,266.9,0,0,0,0,0,1
290800,70.706,-0.711,0,1,1,0,5.536,0.0,0,0,1,0,13.289,0.0,0,32.22,0,0,0,1,0,1,1,0,0,1,0,12192.0,2,1,1,1,0,0,1,2,8.3,267.6,0,0,0,0,0,1
290900,70.635,-0.711,0,1,1,0,5.536,0.0,0,0,1,0,13.289,0.0,0,31.83,0,0,0,1,0,1,1,0,0,1,0,12192.0,2,1,1,1,0,0,1,2,8.1,270.1,0,0,0,0,0,1
291000,70.563,-0.711,0,1,1,0,5.536,0.0,0,0,1,0,13.289,0.0,0,31.81,0,0,0,1,0,1,1,0,0,1,0,12192.0,2,1,1,1,0,0,1,2,7.9,269.2,0,0,0,0,0,1
291100,70.492,-0.711,0,1,1,0,5.536,0.0,0,0,1,0,13.289,0.0,0,32.08,0,0,0,1,0,1,1,0,0,1,0,12192.0,2,1,1,1,0,0,1,2,8.7,269.1,0,0,0,0,0,1
291200,70.421,-0.711,0,1,1,0,5.536,0.0,0,0,1,0,13.289,0.0,0,31.98,0,0,0,1,0,1,1,0,0,1,0,12192.0,2,1,1,1,0,0,1,2,8.4,265.6,0,0,0,0,0,1
291300,70.35,-0.711,0,1,1,0,5.536,0.0,0,0,1,0,13.289,0.0,0,31.81,0,0,0,1,0,1,1,0,0,1,0,12192.0,2,1,1,1,0,0,1,2,8.5,271.8,0,0,0,0,0,1
291400,70.279,-0.711,0,1,1,0,5.536,0.0,0,0,1,0,13.289,0.0,0,31.93,0,0,0,1,0,1,1,0,0,1,0,12192.0,2,1,1,1,0,0,1,2,8.2,268.0,0,0,0,0,0,1
291500,70.208,-0.711,0,1,1,0,5.536,0.0,0,0,1,0,13.289,0.0,0,31.93,0,0,0,1,0,1,1,0,0,1,0,12192.0,2,1,1,1,0,0,1,2,8.5,268.8,0,0,0,0,0,1
291600,70.137,-0.711,0,1,1,0,5.536,0.0,0,0,1,0,13.289,0.0,0,32.04,0,0,0,1,0,1,1,0,0,1,0,12192.0,2,1,1,1,0,0,1,2,8.6,267.8,0,0,0,0,0,1
291700,70.066,-0.711,0,1,1,0,5.536,0.0,0,0,1,0,13.289,0.0,0,32.09,0,0,0,1,0,1,1,0,0,1,0,12192.0,2,1,1,1,0,0,1,2,7.6,271.1,0,0,0,0,0,1
291800,69.995,-0.711,0,1,1,0,5.536,0.0,0,0,1,0,13.289,0.0,0,32.03,0,0,0,1,0,1,1,0,0,1,0,12192.0,2,1,1,1,0,0,1,2,7.2,276.8,0,0,0,0,0,1
291900,69.924,-0.711,0,1,1,0,5.536,0.0,0,0,1,0,13.289,0.0,0,32.07,0,0,0,1,0,1,1,0,0,1,0,12192.0,2,1,1,1,0,0,1,2,8.5,267.9,0,0,0,0,0,1
292000,69.853,-0.711,0,1,1,0,5.536,0.0,0,0,1,0,13.289,0.0,0,31.93,0,0,0,1,0,1,1,0,0,1,0,12192.0,2,1,1,1,0,0,1,2,7.6,272.3,0,0,0,0,0,1
292100,69.782,-0.711,0,1,1,0,5.536,0.0,0,0,1,0,13.289,0.0,0,31.86,0,0,0,1,0,1,1,0,0,1,0,12192.0,2,1,1,1,0,0,1,2,7.9,272.9,0,0,0,0,0,1
292200,69.711,-0.711,0,1,1,0,5.536,0.0,0,0,1,0,13.289,0.0,0,32.07,0,0,0,1,0,1,1,0,0,1,0,12192.0,2,1,1,1,0,0,1,2,7.7,268.6,0,0,0,0,0,1
292300,69.64,-0.711,0,1,1,0,5.536,0.0,0,0,1,0,13.289,0.0,0,32.32,0,0,0,1,0,1,1,0,0,1,0,12192.0,2,1,1,1,0,0,1,2,7.2,273.4,0,0,0,0,0,1
292400,69.569,-0.711,0,1,1,0,5.536,0.0,0,0,1,0,13.289,0.0,0,31.87,0,0,0,1,0,1,1,0,0,1,0,12192.0,2,1,1,1,0,0,1,2,8.0,272.1,0,0,0,0,0,1
292500,69.498,-0.711,0,1,1,0,5.536,0.0,0,0,1,0,13.289,0.0,0,31.86,0,0,0,1,0,1,1,0,0,1,0,12192.0,2,1,1,1,0,0,1,2,7.6,269.8,0,0,0,0,0,1
292600,69.426,-0.711,0,1,1,0,5.536,0.0,0,0,1,0,13.289,0.0,0,32.26,0,0,0,1,0,1,1,0,0,1,0,12192.0,2,1,1,1,0,0,1,2,7.6,268.8,0,0,0,0,0,1
292700,69.355,-0.711,0,1,1,0,5.536,0.0,0,0,1,0,13.289,0.0,0,32.13,0,0,0,1,0,1,1,0,0,1,0,12192.0,2,1,1,1,0,0,1,2,8.2,271.0,0,0,0,0,0,1
292800,69.284,-0.711,0,1,1,0,5.536,0.0,0,0,1,0,13.289,0.0,0,31.88,0,0,0,1,0,1,1,0,0,1,0,12192.0,2,1,1,1,0,0,1,2,7.0,269.3,0,0,0,0,0,1
292900,69.213,-0.711,0,1,1,0,5.536,0.0,0,0,1,0,13.289,0.0,0,32.17,0,0,0,1,0,1,1,0,0,1,0,12192.0,2,1,1,1,0,0,1,2,7.1,271.2,0,0,0,0,0,1
293000,69.142,-0.711,0,1,1,0,5.536,0.0,0,0,1,0,13.289,0.0,0,32.21,0,0,0,1,0,1,1,0,0,1,0,12192.0,2,1,1,1,0,0,1,2,7.7,267.1,0,0,0,0,0,1
293100,69.071,-0.711,0,1,1,0,5.536,0.0,0,0,1,0,13.289,0.0,0,31.98,0,0,0,1,0,1,1,0,0,1,0,12192.0,2,1,1,1,0,0,1,2,7.9,268.5,0,0,0,0,0,1
293200,69.0,-0.711,0,1,1,0,5.536,0.0,0,0,1,0,13.289,0.0,0,31.87,0,0,0,1,0,1,1,0,0,1,0,12192.0,2,1,1,1,0,0,1,2,7.6,270.3,0,0,0,0,0,1
293300,68.929,-0.711,0,1,1,0,5.536,0.0,0,0,1,0,13.289,0.0,0,32.09,0,0,0,1,0,1,1,0,0,1,0,12192.0,2,1,1,1,0,0,1,2,7.7,271.0,0,0,0,0,0,1
293400,68.858,-0.711,0,1,1,0,5.536,0.0,0,0,1,0,13.289,0.0,0,31.99,0,0,0,1,0,1,1,0,0,1,0,12192.0,2,1,1,1,0,0,1,2,7.9,268.9,0,0,0,0,0,1
293500,68.787,-0.711,0,1,1,0,5.536,0.0,0,0,1,0,13.289,0.0,0,31.93,0,0,0,1,0,1,1,0,0,1,0,12192.0,2,1,1,1,0,0,1,2,6.3,269.8,0,0,0,0,0,1
293600,68.716,-0.711,0,1,1,0,5.536,0.0,0,0,1,0,13.289,0.0,0,32.07,0,0,0,1,0,1,1,0,0,1,0,12192.0,2,1,1,1,0,0,1,2,7.6,268.6,0,0,0,0,0,1
293700,68.645,-0.711,0,1,1,0,5.536,0.0,0,0,1,0,13.289,0.0,0,32.1,0,0,0,1,0,1,1,0,0,1,0,12192.0,2,1,1,1,0,0,1,2,7.1,272.4,0,0,0,0,0,1
293800,68.574,-0.711,0,1,1,0,5.536,0.0,0,0,1,0,13.289,0.0,0,32.02,0,0,0,1,0,1,1,0,0,1,0,12192.0,2,1,1,1,0,0,1,2,7.7,268.2,0,0,0,0,0,1
293900,68.503,-0.711,0,1,1,0,5.536,0.0,0,0,1,0,13.289,0.0,0,32.04,0,0,0,1,0,1,1,0,0,1,0,12192.0,2,1,1,1,0,0,1,2,7.6,273.0,0,0,0,0,0,1
294000,68.432,-0.711,0,1,1,0,5.536,0.0,0,0,1,0,13.289,0.0,0,31.76,0,0,0,1,0,1,1,0,0,1,0,12192.0,2,1,1,1,0,0,1,2,7.4,269.7,0,0,0,0,0,1
294100,68.361,-0.711,0,1,1,0,5.536,0.0,0,0,1,0,13.289,0.0,0,32.23,0,0,0,1,0,1,1,0,0,1,0,12192.0,2,1,1,1,0,0,1,2,6.4,269.4,0,0,0,0,0,1
294200,68.289,-0.711,0,1,1,0,5.536,0.0,0,0,1,0,13.289,0.0,0,31.95,0,0,0,1,0,1,1,0,0,1,0,12192.0,2,1,1,1,0,0,1,2,7.6,274.0,0,0,0,0,0,1
294300,68.218,-0.711,0,1,1,0,5.536,0.0,0,0,1,0,13.289,0.0,0,31.97,0,0,0,1,0,1,1,0,0,1,0,12192.0,2,1,1,1,0,0,1,2,6.6,271.4,0,0,0,0,0,1
294400,68.147,-0.711,0,1,1,0,5.536,0.0,0,0,1,0,13.289,0.0,0,32.02,0,0,0,1,0,1,1,0,0,1,0,12192.0,2,1,1,1,0,0,1,2,7.0,267.8,0,0,0,0,0,1
294500,68.076,-0.711,0,1,1,0,5.536,0.0,0,0,1,0,13.289,0.0,0,32.08,0,0,0,1,0,1,1,0,0,1,0,12192.0,2,1,1,1,0,0,1,2,7.7,266.3,0,0,0,0,0,1
294600,68.005,-0.711,0,1,1,0,5.536,0.0,0,0,1,0,13.289,0.0,0,31.77,0,0,0,1,0,1,1,0,0,1,0,12192.0,2,1,1,1,0,0,1,2,7.5,270.6,0,0,0,0,0,1
294700,67.934,-0.711,0,1,1,0,5.536,0.0,0,0,1,0,13.289,0.0,0,31.98,0,0,0,1,0,1,1,0,0,1,0,12192.0,2,1,1,1,0,0,1,2,8.4,270.1,0,0,0,0,0,1
294800,67.863,-0.711,0,1,1,0,5.536,0.0,0,0,1,0,13.289,0.0,0,32.03,0,0,0,1,0,1,1,0,0,1,0,12192.0,2,1,1,1,0,0,1,2,6.7,271.6,0,0,0,0,0,1
294900,67.792,-0.711,0,1,1,0,5.536,0.0,0,0,1,0,13.289,0.0,0,32.0,0,0,0,1,0,1,1,0,0,1,0,12192.0,2,1,1,1,0,0,1,2,7.1,271.6,0,0,0,0,0,1
295000,67.721,-0.711,0,1,1,0,5.536,0.0,0,0,1,0,13.289,0.0,0,31.95,0,0,0,1,0,1,1,0,0,1,0,12192.0,2,1,1,1,0,0,1,2,7.5,273.3,0,0,0,0,0,1
295100,67.65,-0.711,0,1,1,0,5.536,0.0,0,0,1,0,13.289,0.0,0,32.12,0,0,0,1,0,1,1,0,0,1,0,12192.0,2,1,1,1,0,0,1,2,7.5,273.0,0,0,0,0,0,1
295200,67.579,-0.711,0,1,1,0,5.536,0.0,0,0,1,0,13.289,0.0,0,31.99,0,0,0,1,0,1,1,0,0,1,0,12192.0,2,1,1,1,0,0,1,2,8.3,269.3,0,0,0,0,0,1
295300,67.508,-0.711,0,1,1,0,5.536,0.0,0,0,1,0,13.289,0.0,0,31.98,0,0,0,1,0,1,1,0,0,1,0,12192.0,2,1,1,1,0,0,1,2,7.7,269.7,0,0,0,0,0,1
295400,67.437,-0.711,0,1,1,0,5.536,0.0,0,0,1,0,13.289,0.0,0,32.01,0,0,0,1,0,1,1,0,0,1,0,12192.0,2,1,1,1,0,0,1,2,7.5,269.4,0,0,0,0,0,1
295500,67.366,-0.711,0,1,1,0,5.536,0.0,0,0,1,0,13.289,0.0,0,32.01,0,0,0,1,0,1,1,0,0,1,0,12192.0,2,1,1,1,0,0,1,2,8.0,270.7,0,0,0,0,0,1
295600,67.295,-0.711,0,1,1,0,5.536,0.0,0,0,1,0,13.289,0.0,0,31.86,0,0,0,1,0,1,1,0,0,1,0,12192.0,2,1,1,1,0,0,1,2,8.5,272.6,0,0,0,0,0,1
295700,67.224,-0.711,0,1,1,0,5.536,0.0,0,0,1,0,13.289,0.0,0,32.02,0,0,0,1,0,1,1,0,0,1,0,12192.0,2,1,1,1,0,0,1,2,7.3,267.1,0,0,0,0,0,1
295800,67.152,-0.711,0,1,1,0,5.536,0.0,0,0,1,0,13.289,0.0,0,31.96,0,0,0,1,0,1,1,0,0,1,0,12192.0,2,1,1,1,0,0,1,2,7.6,272.6,0,0,0,0,0,1
295900,67.081,-0.711,0,1,1,0,5.536,0.0,0,0,1,0,13.289,0.0,0,31.94,0,0,0,1,0,1,1,0,0,1,0,12192.0,2,1,1,1,0,0,1,2,7.9,265.4,0,0,0,0,0,1
296000,67.01,-0.711,0,1,1,0,5.536,0.0,0,0,1,0,13.289,0.0,0,31.89,0,0,0,1,0,1,1,0,0,1,0,12192.0,2,1,1,1,0,0,1,2,7.0,271.1,0,0,0,0,0,1
296100,66.939,-0.711,0,1,1,0,5.536,0.0,0,0,1,0,13.289,0.0,0,31.85,0,0,0,1,0,1,1,0,0,1,0,12192.0,2,1,1,1,0,0,1,2,8.2,270.9,0,0,0,0,0,1
296200,66.868,-0.711,0,1,1,0,5.536,0.0,0,0,1,0,13.289,0.0,0,31.98,0,0,0,1,0,1,1,0,0,1,0,12192.0,2,1,1,1,0,0,1,2,8.1,270.0,0,0,0,0,0,1
296300,66.797,-0.711,0,1,1,0,5.536,0.0,0,0,1,0,13.289,0.0,0,32.01,0,0,0,1,0,1,1,0,0,1,0,12192.0,2,1,1,1,0,0,1,2,8.6,269.1,0,0,0,0,0,1
296400,66.726,-0.711,0,1,1,0,5.536,0.0,0,0,1,0,13.289,0.0,0,31.82,0,0,0,1,0,1,1,0,0,1,0,12192.0,2,1,1,1,0,0,1,2,8.0,270.9,0,0,0,0,0,1
296500,66.655,-0.711,0,1,1,0,5.536,0.0,0,0,1,0,13.289,0.0,0,31.91,0,0,0,1,0,1,1,0,0,1,0,12192.0,2,1,1,1,0,0,1,2,8.4,268.2,0,0,0,0,0,1
296600,66.584,-0.711,0,1,1,0,5.536,0.0,0,0,1,0,13.289,0.0,0,31.79,0,0,0,1,0,1,1,0,0,1,0,12192.0,2,1,1,1,0,0,1,2,8.4,269.7,0,0,0,0,0,1
296700,66.513,-0.711,0,1,1,0,5.536,0.0,0,0,1,0,13.289,0.0,0,32.09,0,0,0,1,0,1,1,0,0,1,0,12192.0,2,1,1,1,0,0,1,2,7.6,264.9,0,0,0,0,0,1
296800,66.442,-0.711,0,1,1,0,5.536,0.0,0,0,1,0,13.289,0.0,0,32.02,0,0,0,1,0,1,1,0,0,1,0,12192.0,2,1,1,1,0,0,1,2,7.7,266.2,0,0,0,0,0,1
296900,66.371,-0.711,0,1,1,0,5.536,0.0,0,0,1,0,13.289,0.0,0,31.9,0,0,0,1,0,1,1,0,0,1,0,12192.0,2,1,1,1,0,0,1,2,7.7,270.4,0,0,0,0,0,1
297000,66.3,-0.711,0,1,1,0,5.536,0.0,0,0,1,0,13.289,0.0,0,31.94,0,0,0,1,0,1,1,0,0,1,0,12192.0,2,1,1,1,0,0,1,2,7.7,267.4,0,0,0,0,0,1
297100,66.229,-0.711,0,1,1,0,5.536,0.0,0,0,1,0,13.289,0.0,0,32.03,0,0,0,1,0,1,1,0,0,1,0,12192.0,2,1,1,1,0,0,1,2,7.7,268.5,0,0,0,0,0,1
297200,66.158,-0.711,0,1,1,0,5.536,0.0,0,0,1,0,13.289,0.0,0,32.04,0,0,0,1,0,1,1,0,0,1,0,12192.0,2,1,1,1,0,0,1,2,7.8,269.8,0,0,0,0,0,1
297300,66.087,-0.711,0,1,1,0,5.536,0.0,0,0,1,0,13.289,0.0,0,32.0,0,0,0,1,0,1,1,0,0,1,0,12192.0,2,1,1,1,0,0,1,2,7.9,273.6,0,0,0,0,0,1
297400,66.015,-0.711,0,1,1,0,5.536,0.0,0,0,1,0,13.289,0.0,0,31.85,0,0,0,1,0,1,1,0,0,1,0,12192.0,2,1,1,1,0,0,1,2,8.8,269.4,0,0,0,0,0,1
297500,65.944,-0.711,0,1,1,0,5.536,0.0,0,0,1,0,13.289,0.0,0,31.94,0,0,0,1,0,1,1,0,0,1,0,12192.0,2,1,1,1,0,0,1,2,8.0,269.7,0,0,0,0,0,1
297600,65.873,-0.711,0,1,1,0,5.536,0.0,0,0,1,0,13.289,0.0,0,32.18,0,0,0,1,0,1,1,0,0,1,0,12192.0,2,1,1,1,0,0,1,2,8.0,271.6,0,0,0,0,0,1
297700,65.802,-0.711,0,1,1,0,5.536,0.0,0,0,1,0,13.289,0.0,0,31.97,0,0,0,1,0,1,1,0,0,1,0,12192.0,2,1,1,1,0,0,1,2,8.5,266.1,0,0,0,0,0,1
297800,65.731,-0.711,0,1,1,0,5.536,0.0,0,0,1,0,13.289,0.0,0,32.01,0,0,0,1,0,1,1,0,0,1,0,12192.0,2,1,1,1,0,0,1,2,8.8,265.5,0,0,0,0,0,1
297900,65.66,-0.711,0,1,1,0,5.536,0.0,0,0,1,0,13.289,0.0,0,32.15,0,0,0,1,0,1,1,0,0,1,0,12192.0,2,1,1,1,0,0,1,2,8.2,274.1,0,0,0,0,0,1
298000,65.591,-0.696,0,1,1,0,5.536,0.0,0,0,1,0,13.289,0.0,0,32.23,0,0,0,1,0,1,1,0,0,1,0,12192.0,2,1,1,1,0,0,1,2,8.6,268.6,0,0,0,0,0,1
298100,65.523,-0.68,0,1,1,0,5.536,0.0,0,0,1,0,13.289,0.0,0,31.91,0,0,0,1,0,1,1,0,0,1,0,12192.0,2,1,1,1,0,0,1,2,8.4,275.1,0,0,0,0,0,1
298200,65.456,-0.665,0,1,1,0,5.536,0.0,0,0,1,0,13.289,0.0,0,31.88,0,0,0,1,0,1,1,0,0,1,0,12192.0,2,1,1,1,0,0,1,2,8.9,274.0,0,0,0,0,0,1
298300,65.391,-0.65,0,1,1,0,5.536,0.0,0,0,1,0,13.289,0.0,0,32.13,0,0,0,1,0,1,1,0,0,1,0,12192.0,2,1,1,1,0,0,1,2,8.3,272.7,0,0,0,0,0,1
298400,65.327,-0.635,0,1,1,0,5.536,0.0,0,0,1,0,13.289,0.0,0,32.28,0,0,0,1,0,1,1,0,0,1,0,12192.0,2,1,1,1,0,0,1,2,8.6,269.6,0,0,0,0,0,1
298500,65.265,-0.62,0,1,1,0,5.536,0.0,0,0,1,0,13.289,0.0,0,32.04,0,0,0,1,0,1,1,0,0,1,0,12192.0,2,1,1,1,0,0,1,2,8.7,273.1,0,0,0,0,0,1
298600,65.205,-0.605,0,1,1,0,5.536,0.0,0,0,1,0,13.289,0.0,0,32.03,0,0,0,1,0,1,1,0,0,1,0,12192.0,2,1,1,1,0,0,1,2,9.2,265.1,0,0,0,0,0,1
298700,65.146,-0.59,0,1,1,0,5.536,0.0,0,0,1,0,13.289,0.0,0,32.04,0,0,0,1,0,1,1,0,0,1,0,12192.0,2,1,1,1,0,0,1,2,8.1,266.7,0,0,0,0,0,1
298800,65.088,-0.575,0,1,1,0,5.536,0.0,0,0,1,0,13.289,0.0,0,32.13,0,0,0,1,0,1,1,0,0,1,0,12192.0,2,1,1,1,0,0,1,2,8.7,269.3,0,0,0,0,0,1
298900,65.032,-0.56,0,1,1,0,5.536,0.0,0,0,1,0,13.289,0.0,0,31.9,0,0,0,1,0,1,1,0,0,1,0,12192.0,2,1,1,1,0,0,1,2,8.8,268.0,0,0,0,0,0,1
299000,64.978,-0.544,0,1,1,0,5.536,0.0,0,0,1,0,13.289,0.0,0,32.31,0,0,0,1,0,1,1,0,0,1,0,12192.0,2,1,1,1,0,0,1,2,8.4,269.2,0,0,0,0,0,1
299100,64.925,-0.529,0,1,1,0,5.536,0.0,0,0,1,0,13.289,0.0,0,31.71,0,0,0,1,0,1,1,0,0,1,0,12192.0,2,1,1,1,0,0,1,2,8.4,268.1,0,0,0,0,0,1
299200,64.874,-0.514,0,1,1,0,5.536,0.0,0,0,1,0,13.289,0.0,0,31.92,0,0,0,1,0,1,1,0,0,1,0,12192.0,2,1,1,1,0,0,1,2,8.5,270.7,0,0,0,0,0,1
299300,64.824,-0.499,0,1,1,0,5.536,0.0,0,0,1,0,13.289,0.0,0,32.04,0,0,0,1,0,1,1,0,0,1,0,12192.0,2,1,1,1,0,0,1,2,8.0,274.2,0,0,0,0,0,1
299400,64.776,-0.483,0,1,1,0,5.536,0.0,0,0,1,0,13.289,0.0,0,31.98,0,0,0,1,0,1,1,0,0,1,0,12192.0,2,1,1,1,0,0,1,2,9.0,265.8,0,0,0,0,0,1
299500,64.729,-0.468,0,1,1,0,5.536,0.0,0,0,1,0,13.289,0.0,0,32.2,0,0,0,1,0,1,1,0,0,1,0,12192.0,2,1,1,1,0,0,1,2,8.7,263.5,0,0,0,0,0,1
299600,64.683,-0.453,0,1,1,0,5.536,0.0,0,0,1,0,13.289,0.0,0,31.85,0,0,0,1,0,1,1,0,0,1,0,12192.0,2,1,1,1,0,0,1,2,8.6,271.6,0,0,0,0,0,1
299700,64.64,-0.437,0,1,1,0,5.536,0.0,0,0,1,0,13.289,0.0,0,32.03,0,0,0,1,0,1,1,0,0,1,0,12192.0,2,1,1,1,0,0,1,2,8.6,268.9,0,0,0,0,0,1
299800,64.598,-0.422,0,1,1,0,5.536,0.0,0,0,1,0,13.289,0.0,0,32.09,0,0,0,1,0,1,1,0,0,1,0,12192.0,2,1,1,1,0,0,1,2,8.3,270.7,0,0,0,0,0,1
299900,64.557,-0.407,0,1,1,0,5.536,0.0,0,0,1,0,13.289,0.0,0,31.82,0,0,0,1,0,1,1,0,0,1,0,12192.0,2,1,1,1,0,0,1,2,7.8,270.3,0,0,0,0,0,1
300000,64.518,-0.391,0,1,1,0,5.536,0.0,0,0,1,0,13.289,0.0,0,31.88,0,0,0,1,0,1,1,0,0,1,0,12192.0,2,1,1,1,0,0,1,2,8.2,270.8,0,0,0,0,0,1
300100,64.48,-0.376,0,1,1,0,5.536,0.0,0,0,1,0,13.289,0.0,0,32.07,0,0,0,1,0,1,1,0,0,1,0,12192.0,2,1,1,1,0,0,1,2,8.9,264.3,0,0,0,0,0,1
300200,64.444,-0.36,0,1,1,0,5.536,0.0,0,0,1,0,13.289,0.0,0,31.97,0,0,0,1,0,1,1,0,0,1,0,12192.0,2,1,1,1,0,0,1,2,7.5,268.7,0,0,0,0,0,1
300300,64.41,-0.345,0,1,1,0,5.536,0.0,0,0,1,0,13.289,0.0,0,32.18,0,0,0,1,0,1,1,0,0,1,0,12192.0,2,1,1,1,0,0,1,2,8.3,272.6,0,0,0,0,0,1
300400,64.377,-0.33,0,1,1,0,5.536,0.0,0,0,1,0,13.289,0.0,0,31.68,0,0,0,1,0,1,1,0,0,1,0,12192.0,2,1,1,1,0,0,1,2,8.0,269.5,0,0,0,0,0,1
300500,64.345,-0.314,0,1,1,0,5.536,0.0,0,0,1,0,13.289,0.0,0,32.01,0,0,0,1,0,1,1,0,0,1,0,12192.0,2,1,1,1,0,0,1,2,7.6,266.1,0,0,0,0,0,1
300600,64.315,-0.299,0,1,1,0,5.536,0.0,0,0,1,0,13.289,0.0,0,31.9,0,0,0,1,0,1,1,0,0,1,0,12192.0,2,1,1,1,0,0,1,2,8.3,270.8,0,0,0,0,0,1
300700,64.287,-0.283,0,1,1,0,5.536,0.0,0,0,1,0,13.289,0.0,0,32.05,0,0,0,1,0,1,1,0,0,1,0,12192.0,2,1,1,1,0,0,1,2,7.8,268.1,0,0,0,0,0,1
300800,64.26,-0.268,0,1,1,0,5.536,0.0,0,0,1,0,13.289,0.0,0,32.17,0,0,0,1,0,1,1,0,0,1,0,12192.0,2,1,1,1,0,0,1,2,6.2,268.9,0,0,0,0,0,1
300900,64.235,-0.252,0,1,1,0,5.536,0.0,0,0,1,0,13.289,0.0,0,31.97,0,0,0,1,0,1,1,0,0,1,0,12192.0,2,1,1,1,0,0,1,2,8.1,268.4,0,0,0,0,0,1
301000,64.211,-0.237,0,1,1,0,5.536,0.0,0,0,1,0,13.289,0.0,0,32.07,0,0,0,1,0,1,1,0,0,1,0,12192.0,2,1,1,1,0,0,1,2,7.8,276.0,0,0,0,0,0,1
301100,64.189,-0.221,0,1,1,0,5.536,0.0,0,0,1,0,13.289,0.0,0,31.85,0,0,0,1,0,1,1,0,0,1,0,12192.0,2,1,1,1,0,0,1,2,7.2,269.1,0,0,0,0,0,1
301200,64.169,-0.205,0,1,1,0,5.536,0.0,0,0,1,0,13.289,0.0,0,32.18,0,0,0,1,0,1,1,0,0,1,0,12192.0,2,1,1,1,0,0,1,2,7.4,269.2,0,0,0,0,0,1
301300,64.15,-0.19,0,1,1,0,5.536,0.0,0,0,1,0,13.289,0.0,0,31.89,0,0,0,1,0,1,1,0,0,1,0,12192.0,2,1,1,1,0,0,1,2,8.2,271.7,0,0,0,0,0,1
301400,64.132,-0.174,0,1,1,0,5.536,0.0,0,0,1,0,13.289,0.0,0,32.04,0,0,0,1,0,1,1,0,0,1,0,12192.0,2,1,1,1,0,0,1,2,7.8,270.8,0,0,0,0,0,1
301500,64.117,-0.158,0,1,1,0,5.536,0.0,0,0,1,0,13.289,0.0,0,31.93,0,0,0,1,0,1,1,0,0,1,0,12192.0,2,1,1,1,0,0,1,2,8.6,265.9,0,0,0,0,0,1
301600,64.102,-0.142,0,1,1,0,5.536,0.0,0,0,1,0,13.289,0.0,0,32.18,0,0,0,1,0,1,1,0,0,1,0,12192.0,2,1,1,1,0,0,1,2,8.1,267.1,0,0,0,0,0,1
301700,64.09,-0.126,0,1,1,0,5.536,0.0,0,0,1,0,13.289,0.0,0,31.98,0,0,0,1,0,1,1,0,0,1,0,12192.0,2,1,1,1,0,0,1,2,7.5,270.8,0,0,0,0,0,1
301800,64.079,-0.11,0,1,1,0,5.536,0.0,0,0,1,0,13.289,0.0,0,32.09,0,0,0,1,0,1,1,0,0,1,0,12192.0,2,1,1,1,0,0,1,2,7.3,269.0,0,0,0,0,0,1
301900,64.069,-0.094,0,1,1,0,5.536,0.0,0,0,1,0,13.289,0.0,0,31.83,0,0,0,1,0,1,1,0,0,1,0,12192.0,2,1,1,1,0,0,1,2,7.0,271.8,0,0,0,0,0,1
302000,64.062,-0.077,0,1,1,0,5.536,0.0,0,0,1,0,13.289,0.0,0,32.05,0,0,0,1,0,1,1,0,0,1,0,12192.0,2,1,1,1,0,0,1,2,7.2,268.3,0,0,0,0,0,1
302100,64.056,-0.06,0,1,1,0,5.536,0.0,0,0,1,0,13.289,0.0,0,32.09,0,0,0,1,0,1,1,0,0,1,0,12192.0,2,1,1,1,0,0,1,2,6.7,266.9,0,0,0,0,0,1
302200,64.051,-0.043,0,1,1,0,5.536,0.0,0,0,1,0,13.289,0.0,0,31.98,0,0,0,1,0,1,1,0,0,1,0,12192.0,2,1,1,1,0,0,1,2,7.2,268.4,0,0,0,0,0,1
302300,64.049,-0.023,0,1,1,0,5.536,0.0,0,0,1,0,13.284,-0.051,0,30.29,0,0,1,1,0,1,1,0,0,1,0,12192.0,2,1,1,1,0,0,1,2,8.0,275.9,0,0,0,0,0,1
302400,64.048,0.0,0,0,1,0,5.536,0.0,0,0,1,0,13.274,-0.102,0,30.17,0,0,1,1,0,1,1,0,0,1,0,12192.0,2,1,1,1,0,0,1,2,6.5,271.6,0,0,0,0,0,1
302500,64.048,0.0,0,0,1,0,5.536,0.0,0,0,1,0,13.259,-0.152,0,30.41,0,0,1,1,0,1,1,0,0,1,0,12192.0,2,1,1,1,0,0,1,2,7.7,272.3,0,0,0,0,0,1
302600,64.048,0.0,0,0,1,0,5.536,0.0,0,0,1,0,13.239,-0.203,0,30.44,0,0,1,1,0,1,1,0,0,1,0,12192.0,2,1,1,1,0,0,1,2,7.6,268.9,0,0,0,0,0,1
302700,64.048,0.0,0,0,1,0,5.536,0.0,0,0,1,0,13.213,-0.254,0,30.55,0,0,1,1,0,1,1,0,0,1,0,12192.0,2,1,1,1,0,0,1,2,6.9,271.4,0,0,0,0,0,1
302800,64.048,0.0,0,0,1,0,5.536,0.0,0,0,1,0,13.183,-0.305,0,30.39,0,0,1,1,0,1,1,0,0,1,0,12192.0,2,1,1,1,0,0,1,2,7.5,268.7,0,0,0,0,0,1
302900,64.048,0.0,0,0,1,0,5.536,0.0,0,0,1,0,13.147,-0.356,0,30.4,0,0,1,1,0,1,1,0,0,1,0,12192.0,2,1,1,1,0,0,1,2,6.4,272.6,0,0,0,0,0,1
303000,64.048,0.0,0,0,1,0,5.536,0.0,0,0,1,0,13.106,-0.407,0,30.47,0,0,1,1,0,1,1,0,0,1,0,12192.0,2,1,1,1,0,0,1,2,6.9,273.9,0,0,0,0,0,1
303100,64.048,0.0,0,0,1,0,5.536,0.0,0,0,1,0,13.061,-0.457,0,30.23,0,0,1,1,0,1,1,0,0,1,0,12192.0,2,1,1,1,0,0,1,2,7.3,274.1,0,0,0,0,0,1
303200,64.048,0.0,0,0,1,0,5.536,0.0,0,0,1,0,13.01,-0.508,0,30.21,0,0,1,1,0,1,1,0,0,1,0,12192.0,2,1,1,1,0,0,1,2,7.7,270.0,0,0,0,0,0,1
303300,64.048,0.0,0,0,1,0,5.536,0.0,0,0,1,0,12.954,-0.559,0,30.41,0,0,1,1,0,1,1,0,0,1,0,12192.0,2,1,1,1,0,0,1,2,7.3,273.8,0,0,0,0,0,1
303400,64.048,0.0,0,0,1,0,5.536,0.0,0,0,1,0,12.893,-0.61,0,30.36,0,0,1,1,0,1,1,0,0,1,0,12192.0,2,1,1,1,0,0,1,2,7.2,268.3,0,0,0,0,0,1
303500,64.048,0.0,0,0,1,0,5.536,0.0,0,0,1,0,12.827,-0.661,0,30.13,0,0,1,1,0,1,1,0,0,1,0,12192.0,2,1,1,1,0,0,1,2,7.5,273.1,0,0,0,0,0,1
303600,64.048,0.0,0,0,1,0,5.536,0.0,0,0,1,0,12.756,-0.711,0,30.39,0,0,1,1,0,1,1,0,0,1,0,12192.0,2,1,1,1,0,0,1,2,7.5,271.9,0,0,0,0,0,1
303700,64.048,0.0,0,0,1,0,5.536,0.0,0,0,1,0,12.68,-0.762,0,30.26,0,0,1,1,0,1,1,0,0,1,0,12192.0,2,1,1,1,0,0,1,2,8.0,271.2,0,0,0,0,0,1
303800,64.048,0.0,0,0,1,0,5.536,0.0,0,0,1,0,12.598,-0.813,0,30.36,0,0,1,1,0,1,1,0,0,1,0,12192.0,2,1,1,1,0,0,1,2,8.1,268.2,0,0,0,0,0,1
303900,64.048,0.0,0,0,1,0,5.536,0.0,0,0,1,0,12.512,-0.864,0,30.32,0,0,1,1,0,1,1,0,0,1,0,12192.0,2,1,1,1,0,0,1,2,7.5,269.3,0,0,0,0,0,1
304000,64.048,0.0,0,0,1,0,5.536,0.0,0,0,1,0,12.42,-0.915,0,30.62,0,0,1,1,0,1,1,0,0,1,0,12192.0,2,1,1,1,0,0,1,2,6.6,269.1,0,0,0,0,0,1
304100,64.048,0.0,0,0,1,0,5.536,0.0,0,0,1,0,12.324,-0.965,0,30.33,0,0,1,1,0,1,1,0,0,1,0,12192.0,2,1,1,1,0,0,1,2,7.8,272.5,0,0,0,0,0,1
304200,64.048,0.0,0,0,1,0,5.536,0.0,0,0,1,0,12.222,-1.016,0,30.23,0,0,1,1,0,1,1,0,0,1,0,12192.0,2,1,1,1,0,0,1,2,7.7,267.6,0,0,0,0,0,1
304300,64.048,0.0,0,0,1,0,5.536,0.0,0,0,1,0,12.116,-1.067,0,30.24,0,0,1,1,0,1,1,0,0,1,0,12192.0,2,1,1,1,0,0,1,2,7.5,271.0,0,0,0,0,0,1
304400,64.048,0.0,0,0,1,0,5.536,0.0,0,0,1,0,12.004,-1.118,0,30.34,0,0,1,1,0,1,1,0,0,1,0,12192.0,2,1,1,1,0,0,1,2,7.9,270.1,0,0,0,0,0,1
304500,64.048,0.0,0,0,1,0,5.536,0.0,0,0,1,0,11.887,-1.169,0,30.31,0,0,1,1,0,1,1,0,0,1,0,12192.0,2,1,1,1,0,0,1,2,8.1,270.3,0,0,0,0,0,1
304600,64.048,0.0,0,0,1,0,5.536,0.0,0,0,1,0,11.765,-1.22,0,30.42,0,0,1,1,0,1,1,0,0,1,0,12192.0,2,1,1,1,0,0,1,2,7.7,272.7,0,0,0,0,0,1
304700,64.048,0.0,0,0,1,0,5.536,0.0,0,0,1,0,11.639,-1.261,0,30.24,0,0,1,1,0,1,1,0,0,1,0,12192.0,2,1,1,1,0,0,1,2,7.9,270.7,0,0,0,0,0,1
304800,64.048,0.0,0,0,1,0,5.536,0.0,0,0,1,0,11.513,-1.261,0,30.33,0,0,1,1,0,1,1,0,0,1,0,12192.0,2,1,1,1,0,0,1,2,7.5,267.2,0,0,0,0,0,1
304900,64.048,0.0,0,0,1,0,5.536,0.0,0,0,1,0,11.387,-1.261,0,30.43,0,0,1,1,0,1,1,0,0,1,0,12192.0,2,1,1,1,0,0,1,2,7.4,271.1,0,0,0,0,0,1
305000,64.048,0.0,0,0,1,0,5.536,0.0,0,0,1,0,11.26,-1.261,0,30.43,0,0,1,1,0,1,1,0,0,1,0,12192.0,2,1,1,1,0,0,1,2,8.0,269.5,0,0,0,0,0,1
305100,64.048,0.0,0,0,1,0,5.536,0.0,0,0,1,0,11.134,-1.261,0,30.33,0,0,1,1,0,1,1,0,0,1,0,12192.0,2,1,1,1,0,0,1,2,8.0,265.0,0,0,0,0,0,1
305200,64.048,0.0,0,0,1,0,5.536,0.0,0,0,1,0,11.008,-1.261,0,30.29,0,0,1,1,0,1,1,0,0,1,0,12192.0,2,1,1,1,0,0,1,2,8.0,268.1,0,0,0,0,0,1
305300,64.048,0.0,0,0,1,0,5.536,0.0,0,0,1,0,10.882,-1.261,0,30.44,0,0,1,1,0,1,1,0,0,1,0,12192.0,2,1,1,1,0,0,1,2,8.2,271.7,0,0,0,0,0,1
305400,64.048,0.0,0,0,1,0,5.536,0.0,0,0,1,0,10.756,-1.261,0,30.32,0,0,1,1,0,1,1,0,0,1,0,12192.0,2,1,1,1,0,0,1,2,7.7,265.8,0,0,0,0,0,1
305500,64.048,0.0,0,0,1,0,5.536,0.0,0,0,1,0,10.63,-1.261,0,30.4,0,0,1,1,0,1,1,0,0,1,0,12192.0,2,1,1,1,0,0,1,2,8.4,268.8,0,0,0,0,0,1
305600,64.048,0.0,0,0,1,0,5.536,0.0,0,0,1,0,10.504,-1.261,0,30.44,0,0,1,1,0,1,1,0,0,1,0,12192.0,2,1,1,1,0,0,1,2,8.5,269.9,0,0,0,0,0,1
305700,64.048,0.0,0,0,1,0,5.536,0.0,0,0,1,0,10.378,-1.261,0,30.24,0,0,1,1,0,1,1,0,0,1,0,12192.0,2,1,1,1,0,0,1,2,8.7,269.2,0,0,0,0,0,1
305800,64.048,0.0,0,0,1,0,5.536,0.0,0,0,1,0,10.251,-1.261,0,30.37,0,0,1,1,0,1,1,0,0,1,0,12192.0,2,1,1,1,0,0,1,2,8.5,269.2,0,0,0,0,0,1
305900,64.048,0.0,0,0,1,0,5.536,0.0,0,0,1,0,10.125,-1.261,0,30.18,0,0,1,1,0,1,1,0,0,1,0,12192.0,2,1,1,1,0,0,1,2,8.1,266.5,0,0,0,0,0,1
306000,64.048,0.0,0,0,1,0,5.536,0.0,0,0,1,0,9.999,-1.261,0,30.27,0,0,1,1,0,1,1,0,0,1,0,12192.0,2,1,1,1,0,0,1,2,8.5,267.1,0,0,0,0,0,1
306100,64.048,0.0,0,0,1,0,5.536,0.0,0,0,1,0,9.873,-1.261,0,30.28,0,0,1,1,0,1,1,0,0,1,0,12192.0,2,1,1,1,0,0,1,2,9.7,271.3,0,0,0,0,0,1
306200,64.048,0.0,0,0,1,0,5.536,0.0,0,0,1,0,9.747,-1.261,0,30.28,0,0,1,1,0,1,1,0,0,1,0,12192.0,2,1,1,1,0,0,1,2,8.7,272.4,0,0,0,0,0,1
306300,64.048,0.0,0,0,1,0,5.536,0.0,0,0,1,0,9.621,-1.261,0,30.25,0,0,1,1,0,1,1,0,0,1,0,12192.0,2,1,1,1,0,0,1,2,8.5,265.3,0,0,0,0,0,1
306400,64.048,0.0,0,0,1,0,5.536,0.0,0,0,1,0,9.495,-1.261,0,30.29,0,0,1,1,0,1,1,0,0,1,0,12192.0,2,1,1,1,0,0,1,2,8.5,272.0,0,0,0,0,0,1
306500,64.048,0.0,0,0,1,0,5.536,0.0,0,0,1,0,9.369,-1.261,0,30.64,0,0,1,1,0,1,1,0,0,1,0,12192.0,2,1,1,1,0,0,1,2,8.9,271.5,0,0,0,0,0,1
306600,64.048,0.0,0,0,1,0,5.536,0.0,0,0,1,0,9.242,-1.261,0,30.47,0,0,1,1,0,1,1,0,0,1,0,12192.0,2,1,1,1,0,0,1,2,8.5,272.9,0,0,0,0,0,1
306700,64.048,0.0,0,0,1,0,5.536,0.0,0,0,1,0,9.116,-1.261,0,30.37,0,0,1,1,0,1,1,0,0,1,0,12192.0,2,1,1,1,0,0,1,2,8.1,269.2,0,0,0,0,0,1
306800,64.048,0.0,0,0,1,0,5.536,0.0,0,0,1,0,8.99,-1.261,0,30.46,0,0,1,1,0,1,1,0,0,1,0,12192.0,2,1,1,1,0,0,1,2,8.1,269.1,0,0,0,0,0,1
306900,64.048,0.0,0,0,1,0,5.536,0.0,0,0,1,0,8.864,-1.261,0,30.48,0,0,1,1,0,1,1,0,0,1,0,12192.0,2,1,1,1,0,0,1,2,8.4,268.1,0,0,0,0,0,1
307000,64.048,0.0,0,0,1,0,5.536,0.0,0,0,1,0,8.738,-1.261,0,30.19,0,0,1,1,0,1,1,0,0,1,0,12192.0,2,1,1,1,0,0,1,2,8.7,271.6,0,0,0,0,0,1
307100,64.048,0.0,0,0,1,0,5.536,0.0,0,0,1,0,8.612,-1.261,0,30.3,0,0,1,1,0,1,1,0,0,1,0,12192.0,2,1,1,1,0,0,1,2,9.0,271.6,0,0,0,0,0,1
307200,64.048,0.0,0,0,1,0,5.536,0.0,0,0,1,0,8.486,-1.261,0,30.39,0,0,1,1,0,1,1,0,0,1,0,12192.0,2,1,1,1,0,0,1,2,9.1,265.8,0,0,0,0,0,1
307300,64.048,0.0,0,0,1,0,5.536,0.0,0,0,1,0,8.36,-1.261,0,30.42,0,0,1,1,0,1,1,0,0,1,0,12192.0,2,1,1,1,0,0,1,2,8.9,270.9,0,0,0,0,0,1
307400,64.048,0.0,0,0,1,0,5.536,0.0,0,0,1,0,8.234,-1.261,0,30.2,0,0,1,1,0,1,1,0,0,1,0,12192.0,2,1,1,1,0,0,1,2,8.2,269.4,0,0,0,0,0,1
307500,64.048,0.0,0,0,1,0,5.536,0.0,0,0,1,0,8.107,-1.261,0,30.3,0,0,1,1,0,1,1,0,0,1,0,12192.0,2,1,1,1,0,0,1,2,8.3,274.6,0,0,0,0,0,1
307600,64.048,0.0,0,0,1,0,5.536,0.0,0,0,1,0,7.981,-1.261,0,30.24,0,0,1,1,0,1,1,0,0,1,0,12192.0,2,1,1,1,0,0,1,2,8.9,275.7,0,0,0,0,0,1
307700,64.048,0.0,0,0,1,0,5.536,0.0,0,0,1,0,7.855,-1.261,0,30.39,0,0,1,1,0,1,1,0,0,1,0,12192.0,2,1,1,1,0,0,1,2,9.2,269.5,0,0,0,0,0,1
307800,64.048,0.0,0,0,1,0,5.536,0.0,0,0,1,0,7.729,-1.261,0,30.39,0,0,1,1,0,1,1,0,0,1,0,12192.0,2,1,1,1,0,0,1,2,8.1,269.7,0,0,0,0,0,1
307900,64.048,0.0,0,0,1,0,5.536,0.0,0,0,1,0,7.603,-1.261,0,30.32,0,0,1,1,0,1,1,0,0,1,0,12192.0,2,1,1,1,0,0,1,2,8.4,269.7,0,0,0,0,0,1
308000,64.048,0.0,0,0,1,0,5.536,0.0,0,0,1,0,7.477,-1.261,0,30.4,0,0,1,1,0,1,1,0,0,1,0,12192.0,2,1,1,1,0,0,1,2,8.4,274.8,0,0,0,0,0,1
308100,64.048,0.0,0,0,1,0,5.536,0.0,0,0,1,0,7.351,-1.261,0,30.37,0,0,1,1,0,1,1,0,0,1,0,12192.0,2,1,1,1,0,0,1,2,8.8,266.3,0,0,0,0,0,1
308200,64.048,0.0,0,0,1,0,5.536,0.0,0,0,1,0,7.225,-1.261,0,30.09,0,0,1,1,0,1,1,0,0,1,0,12192.0,2,1,1,1,0,0,1,2,8.6,269.6,0,0,0,0,0,1
308300,64.048,0.0,0,0,1,0,5.536,0.0,0,0,1,0,7.098,-1.261,0,30.45,0,0,1,1,0,1,1,0,0,1,0,12192.0,2,1,1,1,0,0,1,2,8.6,269.5,0,0,0,0,0,1
308400,64.048,0.0,0,0,1,0,5.536,0.0,0,0,1,0,6.972,-1.261,0,30.38,0,0,1,1,0,1,1,0,0,1,0,12192.0,2,1,1,1,0,0,1,2,8.3,273.7,0,0,0,0,0,1
308500,64.048,0.0,0,0,1,0,5.536,0.0,0,0,1,0,6.846,-1.261,0,30.52,0,0,1,1,0,1,1,0,0,1,0,12192.0,2,1,1,1,0,0,1,2,8.6,271.8,0,0,0,0,0,1
308600,64.048,0.0,0,0,1,0,5.536,0.0,0,0,1,0,6.72,-1.261,0,30.41,0,0,1,1,0,1,1,0,0,1,0,12192.0,2,1,1,1,0,0,1,2,8.5,271.2,0,0,0,0,0,1
308700,64.048,0.0,0,0,1,0,5.536,0.0,0,0,1,0,6.594,-1.261,0,30.25,0,0,1,1,0,1,1,0,0,1,0,12192.0,2,1,1,1,0,0,1,2,8.2,268.8,0,0,0,0,0,1
308800,64.048,0.0,0,0,1,0,5.536,0.0,0,0,1,0,6.468,-1.261,0,30.53,0,0,1,1,0,1,1,0,0,1,0,12192.0,2,1,1,1,0,0,1,2,8.2,269.7,0,0,0,0,0,1
308900,64.048,0.0,0,0,1,0,5.536,0.0,0,0,1,0,6.342,-1.261,0,30.4,0,0,1,1,0,1,1,0,0,1,0,12192.0,2,1,1,1,0,0,1,2,7.6,269.0,0,0,0,0,0,1
309000,64.048,0.0,0,0,1,0,5.536,0.0,0,0,1,0,6.216,-1.261,0,30.27,0,0,1,1,0,1,1,0,0,1,0,12192.0,2,1,1,1,0,0,1,2,9.1,268.7,0,0,0,0,0,1
309100,64.048,0.0,0,0,1,0,5.536,0.0,0,0,1,0,6.089,-1.261,0,30.35,0,0,1,1,0,1,1,0,0,1,0,12192.0,2,1,1,1,0,0,1,2,7.8,268.8,0,0,0,0,0,1
309200,64.048,0.0,0,0,1,0,5.536,0.0,0,0,1,0,5.963,-1.261,0,30.49,0,0,1,1,0,1,1,0,0,1,0,12192.0,2,1,1,1,0,0,1,2,8.1,271.5,0,0,0,0,0,1
309300,64.048,0.0,0,0,1,0,5.536,0.0,0,0,1,0,5.837,-1.261,0,30.47,0,0,1,1,0,1,1,0,0,1,0,12192.0,2,1,1,1,0,0,1,2,7.9,272.5,0,0,0,0,0,1
309400,64.048,0.0,0,0,1,0,5.536,0.0,0,0,1,0,5.711,-1.261,0,30.33,0,0,1,1,0,1,1,0,0,1,0,12192.0,2,1,1,1,0,0,1,2,7.2,269.5,0,0,0,0,0,1
309500,64.048,0.0,0,0,1,0,5.536,0.0,0,0,1,0,5.585,-1.261,0,30.29,0,0,1,1,0,1,1,0,0,1,0,12192.0,2,1,1,1,0,0,1,2,8.2,270.2,0,0,0,0,0,1
309600,64.048,0.0,0,0,1,0,5.536,0.0,0,0,1,0,5.459,-1.261,0,30.14,0,0,1,1,0,1,1,0,0,1,0,12192.0,2,1,1,1,0,0,1,2,8.3,273.2,0,0,0,0,0,1
309700,64.048,0.0,0,0,1,0,5.536,0.0,0,0,1,0,5.333,-1.261,0,30.38,0,0,1,1,0,1,1,0,0,1,0,12192.0,2,1,1,1,0,0,1,2,7.7,271.6,0,0,0,0,0,1
309800,64.048,0.0,0,0,1,0,5.536,0.0,0,0,1,0,5.207,-1.261,0,30.36,0,0,1,1,0,1,1,0,0,1,0,12192.0,2,1,1,1,0,0,1,2,7.7,270.2,0,0,0,0,0,1
309900,64.048,0.0,0,0,1,0,5.536,0.0,0,0,1,0,5.08,-1.261,0,30.25,0,0,1,1,0,1,1,0,0,1,0,12192.0,2,1,1,1,0,0,1,2,7.9,268.7,0,0,0,0,0,1
310000,64.048,0.0,0,0,1,0,5.536,0.0,0,0,1,0,4.954,-1.261,0,30.15,0,0,1,1,0,1,1,0,0,1,0,12192.0,2,1,1,1,0,0,1,2,8.2,270.3,0,0,0,0,0,1
310100,64.048,0.0,0,0,1,0,5.536,0.0,0,0,1,0,4.828,-1.261,0,30.22,0,0,1,1,0,1,1,0,0,1,0,12192.0,2,1,1,1,0,0,1,2,7.7,268.2,0,0,0,0,0,1
310200,64.048,0.0,0,0,1,0,5.536,0.0,0,0,1,0,4.702,-1.261,0,30.11,0,0,1,1,0,1,1,0,0,1,0,12192.0,2,1,1,1,0,0,1,2,8.0,267.1,0,0,0,0,0,1
310300,64.048,0.0,0,0,1,0,5.536,0.0,0,0,1,0,4.576,-1.261,0,30.49,0,0,1,1,0,1,1,0,0,1,0,12192.0,2,1,1,1,0,0,1,2,7.9,271.1,0,0,0,0,0,1
310400,64.048,0.0,0,0,1,0,5.536,0.0,0,0,1,0,4.45,-1.261,0,30.2,0,0,1,1,0,1,1,0,0,1,0,12192.0,2,1,1,1,0,0,1,2,7.3,271.6,0,0,0,0,0,1
310500,64.048,0.0,0,0,1,0,5.536,0.0,0,0,1,0,4.324,-1.261,0,30.18,0,0,1,1,0,1,1,0,0,1,0,12192.0,2,1,1,1,0,0,1,2,7.3,267.7,0,0,0,0,0,1
310600,64.048,0.0,0,0,1,0,5.536,0.0,0,0,1,0,4.198,-1.261,0,30.28,0,0,1,1,0,1,1,0,0,1,0,12192.0,2,1,1,1,0,0,1,2,8.0,269.0,0,0,0,0,0,1
310700,64.048,0.0,0,0,1,0,5.536,0.0,0,0,1,0,4.071,-1.261,0,30.27,0,0,1,1,0,1,1,0,0,1,0,12192.0,2,1,1,1,0,0,1,2,7.4,268.4,0,0,0,0,0,1
310800,64.048,0.0,0,0,1,0,5.536,0.0,0,0,1,0,3.95,-1.21,0,33.59,0,0,1,1,0,1,1,0,0,1,0,12192.0,2,1,1,1,0,0,1,2,7.4,267.4,0,0,0,0,0,1
310900,64.048,0.0,0,0,1,0,5.536,0.0,0,0,1,0,3.829,-1.211,0,30.05,0,0,1,1,0,1,1,0,0,1,0,12192.0,2,1,1,1,0,0,1,2,8.1,268.2,0,0,0,0,0,1
311000,64.048,0.0,0,0,1,0,5.536,0.0,0,0,1,0,3.714,-1.159,0,33.62,0,0,1,1,0,1,1,0,0,1,0,12192.0,2,1,1,1,0,0,1,2,8.0,269.8,0,0,0,0,0,1
311100,64.048,0.0,0,0,1,0,5.536,0.0,0,0,1,0,3.603,-1.107,0,33.78,0,0,1,1,0,1,1,0,0,1,0,12192.0,2,1,1,1,0,0,1,2,6.9,271.0,0,0,0,0,0,1
311200,64.048,0.0,0,0,1,0,5.536,0.0,0,0,1,0,3.497,-1.055,0,33.61,0,0,1,1,0,1,1,0,0,1,0,12192.0,2,1,1,1,0,0,1,2,7.4,272.4,0,0,0,0,0,1
311300,64.048,0.0,0,0,1,0,5.536,0.0,0,0,1,0,3.397,-1.002,0,33.71,0,0,1,1,0,1,1,0,0,1,0,12192.0,2,1,1,1,0,0,1,2,7.4,267.5,0,0,0,0,0,1
311400,64.048,0.0,0,0,1,0,5.536,0.0,0,0,1,0,3.302,-0.95,0,33.58,0,0,1,1,0,1,1,0,0,1,0,12192.0,2,1,1,1,0,0,1,2,7.0,269.1,0,0,0,0,0,1
311500,64.048,0.0,0,0,1,0,5.536,0.0,0,0,1,0,3.212,-0.898,0,33.8,0,0,1,1,0,1,1,0,0,1,0,12192.0,2,1,1,1,0,0,1,2,7.0,272.1,0,0,0,0,0,1
311600,64.048,0.0,0,0,1,0,5.536,0.0,0,0,1,0,3.128,-0.846,0,33.77,0,0,1,1,0,1,1,0,0,1,0,12192.0,2,1,1,1,0,0,1,2,6.9,270.5,0,0,0,0,0,1
311700,64.048,0.0,0,0,1,0,5.536,0.0,0,0,1,0,3.048,-0.793,0,33.89,0,0,1,1,0,1,1,0,0,1,0,12192.0,2,1,1,1,0,0,1,2,7.2,272.2,0,0,0,0,0,1
311800,64.048,0.0,0,0,1,0,5.536,0.0,0,0,1,0,2.974,-0.741,0,33.63,0,0,1,1,0,1,1,0,0,1,0,12192.0,2,1,1,1,0,0,1,2,7.6,270.4,0,0,0,0,0,1
311900,64.048,0.0,0,0,1,0,5.536,0.0,0,0,1,0,2.906,-0.688,0,33.5,0,0,1,1,0,1,1,0,0,1,0,12192.0,2,1,1,1,0,0,1,2,7.1,273.2,0,0,0,0,0,1
312000,64.048,0.0,0,0,1,0,5.536,0.0,0,0,1,0,2.842,-0.635,0,33.54,0,0,1,1,0,1,1,0,0,1,0,12192.0,2,1,1,1,0,0,1,2,7.5,271.7,0,0,0,0,0,1
312100,64.048,0.0,0,0,1,0,5.536,0.0,0,0,1,0,2.784,-0.582,0,33.48,0,0,1,1,0,1,1,0,0,1,0,12192.0,2,1,1,1,0,0,1,2,8.4,268.6,0,0,0,0,0,1
312200,64.048,0.0,0,0,1,0,5.536,0.0,0,0,1,0,2.731,-0.529,0,33.58,0,0,1,1,0,1,1,0,0,1,0,12192.0,2,1,1,1,0,0,1,2,7.8,270.2,0,0,0,0,0,1
312300,64.048,0.0,0,0,1,0,5.536,0.0,0,0,1,0,2.683,-0.475,0,33.74,0,0,1,1,0,1,1,0,0,1,0,12192.0,2,1,1,1,0,0,1,2,7.0,266.5,0,0,0,0,0,1
312400,64.048,0.0,0,0,1,0,5.536,0.0,0,0,1,0,2.641,-0.422,0,33.44,0,0,1,1,0,1,1,0,0,1,0,12192.0,2,1,1,1,0,0,1,2,7.0,267.6,0,0,0,0,0,1
312500,64.048,0.0,0,0,1,0,5.536,0.0,0,0,1,0,2.604,-0.367,0,33.66,0,0,1,1,0,1,1,0,0,1,0,12192.0,2,1,1,1,0,0,1,2,7.1,267.5,0,0,0,0,0,1
312600,64.048,0.0,0,0,1,0,5.536,0.0,0,0,1,0,2.573,-0.312,0,33.91,0,0,1,1,0,1,1,0,0,1,0,12192.0,2,1,1,1,0,0,1,2,7.1,269.1,0,0,0,0,0,1
312700,64.048,0.0,0,0,1,0,5.536,0.0,0,0,1,0,2.548,-0.256,0,33.76,0,0,1,1,0,1,1,0,0,1,0,12192.0,2,1,1,1,0,0,1,2,7.5,271.2,0,0,0,0,0,1
312800,64.048,0.0,0,0,1,0,5.536,0.0,0,0,1,0,2.528,-0.199,0,33.73,0,0,1,1,0,1,1,0,0,1,0,12192.0,2,1,1,1,0,0,1,2,7.0,274.0,0,0,0,0,0,1
312900,64.048,0.0,0,0,1,0,5.536,0.0,0,0,1,0,2.514,-0.14,0,33.73,0,0,1,1,0,1,1,0,0,1,0,12192.0,2,1,1,1,0,0,1,2,7.9,266.8,0,0,0,0,0,1
313000,64.048,0.0,0,0,1,0,5.536,0.0,0,0,1,0,2.506,-0.073,0,33.67,0,0,1,1,0,1,1,0,0,1,0,12192.0,2,1,1,1,0,0,1,2,7.7,268.0,0,0,0,0,0,1
313100,64.048,0.0,0,0,0,0,5.536,0.0,0,0,0,0,2.504,0.0,0,31.85,0,0,0,0,0,1,1,0,0,1,0,12192.0,2,1,1,0,1,0,1,2,8.1,268.2,0,0,0,0,0,1
313200,64.048,0.0,0,0,0,0,5.536,0.0,0,0,0,0,2.504,0.0,0,31.99,0,0,0,0,0,1,1,0,1,1,0,12192.0,2,1,1,0,1,0,1,2,7.0,272.3,0,0,0,0,0,1
313300,64.048,0.0,0,0,0,0,5.536,0.0,0,0,0,0,2.504,0.0,0,32.09,0,0,0,0,0,1,1,0,1,1,0,12192.0,2,1,1,0,1,0,1,2,8.0,274.2,0,0,0,0,0,1
313400,64.048,0.0,0,0,0,0,5.536,0.0,0,0,0,0,2.504,0.0,0,31.82,0,0,0,0,0,1,1,0,1,1,0,12192.0,2,1,1,0,1,0,1,2,8.0,270.2,0,0,0,0,0,1
313500,64.048,0.0,0,0,0,0,5.536,0.0,0,0,0,0,2.504,0.0,0,31.98,0,0,0,0,0,1,1,0,1,1,0,12192.0,2,1,1,0,1,0,1,2,7.5,271.2,0,0,0,0,0,1
313600,64.048,0.0,0,0,0,0,5.536,0.0,0,0,0,0,2.504,0.0,0,32.13,0,0,0,0,0,1,1,0,1,1,0,12192.0,2,1,1,0,1,0,1,2,8.0,271.0,0,0,0,0,0,1
313700,64.048,0.0,0,0,0,0,5.536,0.0,0,0,0,0,2.504,0.0,0,31.92,0,0,0,0,0,1,1,0,1,1,0,12192.0,2,1,1,0,1,0,1,2,8.1,267.8,0,0,0,0,0,1
313800,64.048,0.0,0,0,0,0,5.536,0.0,0,0,0,0,2.504,0.0,0,32.12,0,0,0,0,0,1,1,0,1,1,0,12192.0,2,1,1,0,1,0,1,2,7.5,268.2,0,0,0,0,0,1
313900,64.048,0.0,0,0,0,0,5.536,0.0,0,0,0,0,2.504,0.0,0,31.88,0,0,0,0,0,1,1,0,1,1,0,12192.0,2,1,1,0,1,0,1,2,8.8,269.9,0,0,0,0,0,1
314000,64.048,0.0,0,0,0,0,5.536,0.0,0,0,0,0,2.504,0.0,0,31.92,0,0,0,0,0,1,1,0,1,1,0,12192.0,2,1,1,0,1,0,1,2,7.9,270.4,0,0,0,0,0,1
314100,64.048,0.0,0,0,0,0,5.536,0.0,0,0,0,0,2.504,0.0,0,0.0,0,0,0,0,0,1,0,1,1,1,0,12192.0,2,1,1,0,1,0,1,2,8.3,264.5,0,0,0,0,0,1
314200,64.048,0.0,0,0,0,0,5.536,0.0,0,0,0,0,2.504,0.0,0,0.0,0,0,0,0,0,1,0,1,1,1,0,12192.0,2,1,1,0,1,0,1,2,7.9,271.5,0,0,0,0,0,1
314300,64.048,0.0,0,0,0,0,5.536,0.0,0,0,0,0,2.504,0.0,0,0.0,0,0,0,0,0,1,0,1,1,1,0,12192.0,2,1,1,0,1,0,1,2,8.4,271.3,0,0,0,0,0,1
314400,64.048,0.0,0,0,0,0,5.536,0.0,0,0,0,0,2.504,0.0,0,0.0,0,0,0,0,0,1,0,1,1,1,0,12192.0,2,1,1,0,1,0,1,2,7.8,268.7,0,0,0,0,0,1
314500,64.048,0.0,0,0,0,0,5.536,0.0,0,0,0,0,2.504,0.0,0,0.0,0,0,0,0,0,1,0,1,1,1,0,12192.0,2,1,1,0,1,0,1,2,8.2,271.9,0,0,0,0,0,1
314600,64.048,0.0,0,0,0,0,5.536,0.0,0,0,0,0,2.504,0.0,0,0.0,0,0,0,0,0,1,0,1,1,1,0,12192.0,2,1,1,0,1,0,1,2,8.1,268.8,0,0,0,0,0,1
314700,64.048,0.0,0,0,0,0,5.536,0.0,0,0,0,0,2.504,0.0,0,0.0,0,0,0,0,0,1,0,1,1,1,0,12192.0,2,1,1,0,1,0,1,2,8.2,271.3,0,0,0,0,0,1
314800,64.048,0.0,0,0,0,0,5.536,0.0,0,0,0,0,2.504,0.0,0,0.0,0,0,0,0,0,1,0,1,1,1,0,12192.0,2,1,1,0,1,0,1,2,8.5,269.0,0,0,0,0,0,1
314900,64.048,0.0,0,0,0,0,5.536,0.0,0,0,0,0,2.504,0.0,0,0.0,0,0,0,0,0,1,0,1,1,1,0,12192.0,2,1,1,0,1,0,1,2,7.3,269.7,0,0,0,0,0,1
315000,64.048,0.0,0,0,0,0,5.536,0.0,0,0,0,0,2.504,0.0,0,0.0,0,0,0,0,0,1,0,1,1,1,0,12192.0,2,1,1,0,1,0,1,2,8.3,272.2,0,0,0,0,0,1
315100,64.048,0.0,0,0,0,0,5.536,0.0,0,0,0,0,2.504,0.0,0,0.0,0,0,0,0,0,1,0,1,1,1,0,12192.0,2,1,1,0,1,0,1,2,7.6,272.5,0,0,0,0,0,1
315200,64.048,0.0,0,0,0,0,5.536,0.0,0,0,0,0,2.504,0.0,0,0.0,0,0,0,0,0,1,0,1,1,1,0,12192.0,2,1,1,0,1,0,1,2,7.8,267.1,0,0,0,0,0,1
315300,64.048,0.0,0,0,0,0,5.536,0.0,0,0,0,0,2.504,0.0,0,0.0,0,0,0,0,0,1,0,1,1,1,0,12192.0,2,1,1,0,1,0,1,2,8.7,269.6,0,0,0,0,0,1
315400,64.048,0.0,0,0,0,0,5.536,0.0,0,0,0,0,2.504,0.0,0,0.0,0,0,0,0,0,1,0,1,1,1,0,12192.0,2,1,1,0,1,0,1,2,8.3,266.2,0,0,0,0,0,1
315500,64.048,0.0,0,0,1,0,5.536,0.0,0,0,1,0,2.509,0.051,1,0.0,0,0,1,1,0,1,0,1,0,0,0,12192.0,2,1,1,1,0,0,1,2,7.5,269.5,0,0,0,0,0,1
315600,64.048,0.0,0,0,1,0,5.536,0.0,0,0,1,0,2.52,0.102,1,0.0,0,0,1,1,0,1,0,1,0,0,0,12192.0,2,1,1,1,0,0,1,2,8.2,270.4,0,0,0,0,0,1
315700,64.048,0.0,0,0,1,0,5.536,0.0,0,0,1,0,2.535,0.152,1,0.0,0,0,1,1,0,1,0,1,0,0,0,12192.0,2,1,1,1,0,0,1,2,9.0,270.6,0,0,0,0,0,1
315800,64.048,0.0,0,0,1,0,5.536,0.0,0,0,1,0,2.555,0.203,1,0.0,0,0,1,1,0,1,0,1,0,0,0,12192.0,2,1,1,1,0,0,1,2,8.4,269.4,0,0,0,0,0,1
315900,64.048,0.0,0,0,1,0,5.536,0.0,0,0,1,0,2.58,0.254,1,0.0,0,0,1,1,0,1,0,1,0,0,0,12192.0,2,1,1,1,0,0,1,2,8.2,270.3,0,0,0,0,0,1
316000,64.048,0.0,0,0,1,0,5.536,0.0,0,0,1,0,2.611,0.305,1,0.0,0,0,1,1,0,1,0,1,0,0,0,12192.0,2,1,1,1,0,0,1,2,8.6,269.6,0,0,0,0,0,1
316100,64.048,0.0,0,0,1,0,5.536,0.0,0,0,1,0,2.647,0.356,1,0.0,0,0,1,1,0,1,0,1,0,0,0,12192.0,2,1,1,1,0,0,1,2,8.5,267.4,0,0,0,0,0,1
316200,64.048,0.0,0,0,1,0,5.536,0.0,0,0,1,0,2.687,0.407,1,0.0,0,0,1,1,0,1,0,1,0,0,0,12192.0,2,1,1,1,0,0,1,2,7.9,268.6,0,0,0,0,0,1
316300,64.048,0.0,0,0,1,0,5.536,0.0,0,0,1,0,2.733,0.457,1,0.0,0,0,1,1,0,1,0,1,0,0,0,12192.0,2,1,1,1,0,0,1,2,9.1,270.1,0,0,0,0,0,1
316400,64.048,0.0,0,0,1,0,5.536,0.0,0,0,1,0,2.784,0.508,1,0.0,0,0,1,1,0,1,0,1,0,0,0,12192.0,2,1,1,1,0,0,1,2,8.4,272.4,0,0,0,0,0,1
316500,64.048,0.0,0,0,1,0,5.536,0.0,0,0,1,0,2.84,0.559,1,0.0,0,0,1,1,0,1,0,1,0,0,0,12192.0,2,1,1,1,0,0,1,2,8.8,271.1,0,0,0,0,0,1
316600,64.048,0.0,0,0,1,0,5.536,0.0,0,0,1,0,2.901,0.61,1,0.0,0,0,1,1,0,1,0,1,0,0,0,12192.0,2,1,1,1,0,0,1,2,8.6,269.7,0,0,0,0,0,1
316700,64.048,0.0,0,0,1,0,5.536,0.0,0,0,1,0,2.967,0.661,1,0.0,0,0,1,1,0,1,0,1,0,0,0,12192.0,2,1,1,1,0,0,1,2,9.1,268.8,0,0,0,0,0,1
316800,64.048,0.0,0,0,1,0,5.536,0.0,0,0,1,0,3.038,0.711,1,0.0,0,0,1,1,0,1,0,1,0,0,0,12192.0,2,1,1,1,0,0,1,2,9.0,270.5,0,0,0,0,0,1
316900,64.048,0.0,0,0,1,0,5.536,0.0,0,0,1,0,3.114,0.762,1,0.0,0,0,1,1,0,1,0,1,0,0,0,12192.0,2,1,1,1,0,0,1,2,8.8,271.9,0,0,0,0,0,1
317000,64.048,0.0,0,0,1,0,5.536,0.0,0,0,1,0,3.195,0.813,1,0.0,0,0,1,1,0,1,0,1,0,0,0,12192.0,2,1,1,1,0,0,1,2,8.4,267.5,0,0,0,0,0,1
317100,64.048,0.0,0,0,1,0,5.536,0.0,0,0,1,0,3.282,0.864,1,0.0,0,0,1,1,0,1,0,1,0,0,0,12192.0,2,1,1,1,0,0,1,2,8.4,270.4,0,0,0,0,0,1
317200,64.048,0.0,0,0,1,0,5.536,0.0,0,0,1,0,3.373,0.915,1,0.0,0,0,1,1,0,1,0,1,0,0,0,12192.0,2,1,1,1,0,0,1,2,9.0,271.6,0,0,0,0,0,1
317300,64.048,0.0,0,0,1,0,5.536,0.0,0,0,1,0,3.47,0.965,1,0.0,0,0,1,1,0,1,0,1,0,0,0,12192.0,2,1,1,1,0,0,1,2,8.3,268.2,0,0,0,0,0,1
317400,64.048,0.0,0,0,1,0,5.536,0.0,0,0,1,0,3.571,1.016,1,0.0,0,0,1,1,0,1,0,1,0,0,0,12192.0,2,1,1,1,0,0,1,2,7.2,269.1,0,0,0,0,0,1
317500,64.048,0.0,0,0,1,0,5.536,0.0,0,0,1,0,3.678,1.067,1,0.0,0,0,1,1,0,1,0,1,0,0,0,12192.0,2,1,1,1,0,0,1,2,8.3,268.7,0,0,0,0,0,1
317600,64.048,0.0,0,0,1,0,5.536,0.0,0,0,1,0,3.79,1.118,1,0.0,0,0,1,1,0,1,0,1,0,0,0,12192.0,2,1,1,1,0,0,1,2,8.5,267.8,0,0,0,0,0,1
317700,64.048,0.0,0,0,1,0,5.536,0.0,0,0,1,0,3.907,1.169,1,0.0,0,0,1,1,0,1,0,1,0,0,0,12192.0,2,1,1,1,0,0,1,2,8.7,271.1,0,0,0,0,0,1
317800,64.048,0.0,0,0,1,0,5.536,0.0,0,0,1,0,4.029,1.22,1,0.0,0,0,1,1,0,1,0,1,0,0,0,12192.0,2,1,1,1,0,0,1,2,8.6,269.7,0,0,0,0,0,1
317900,64.048,0.0,0,0,1,0,5.536,0.0,0,0,1,0,4.155,1.261,1,0.0,0,0,1,1,0,1,0,1,0,0,0,12192.0,2,1,1,1,0,0,1,2,8.3,273.4,0,0,0,0,0,1
318000,64.048,0.0,0,0,1,0,5.536,0.0,0,0,1,0,4.281,1.261,1,0.0,0,0,1,1,0,1,0,1,0,0,0,12192.0,2,1,1,1,0,0,1,2,8.0,270.6,0,0,0,0,0,1
318100,64.048,0.0,0,0,1,0,5.536,0.0,0,0,1,0,4.407,1.261,1,0.0,0,0,1,1,0,1,0,1,0,0,0,12192.0,2,1,1,1,0,0,1,2,8.6,273.6,0,0,0,0,0,1
318200,64.048,0.0,0,0,1,0,5.536,0.0,0,0,1,0,4.533,1.261,1,0.0,0,0,1,1,0,1,0,1,0,0,0,12192.0,2,1,1,1,0,0,1,2,8.6,273.0,0,0,0,0,0,1
318300,64.048,0.0,0,0,1,0,5.536,0.0,0,0,1,0,4.659,1.261,1,0.0,0,0,1,1,0,1,0,1,0,0,0,12192.0,2,1,1,1,0,0,1,2,7.9,265.4,0,0,0,0,0,1
318400,64.048,0.0,0,0,1,0,5.536,0.0,0,0,1,0,4.785,1.261,1,0.0,0,0,1,1,0,1,0,1,0,0,0,12192.0,2,1,1,1,0,0,1,2,7.8,270.4,0,0,0,0,0,1
318500,64.048,0.0,0,0,1,0,5.536,0.0,0,0,1,0,4.912,1.261,1,0.0,0,0,1,1,0,1,0,1,0,0,0,12192.0,2,1,1,1,0,0,1,2,8.7,267.5,0,0,0,0,0,1
318600,64.048,0.0,0,0,1,0,5.536,0.0,0,0,1,0,5.038,1.261,1,0.0,0,0,1,1,0,1,0,1,0,0,0,12192.0,2,1,1,1,0,0,1,2,8.2,271.9,0,0,0,0,0,1
318700,64.048,0.0,0,0,1,0,5.536,0.0,0,0,1,0,5.164,1.261,1,0.0,0,0,1,1,0,1,0,1,0,0,0,12192.0,2,1,1,1,0,0,1,2,8.0,268.1,0,0,0,0,0,1
318800,64.048,0.0,0,0,1,0,5.536,0.0,0,0,1,0,5.29,1.261,1,0.0,0,0,1,1,0,1,0,1,0,0,0,12192.0,2,1,1,1,0,0,1,2,8.0,270.6,0,0,0,0,0,1
318900,64.048,0.0,0,0,1,0,5.536,0.0,0,0,1,0,5.416,1.261,1,0.0,0,0,1,1,0,1,0,1,0,0,0,12192.0,2,1,1,1,0,0,1,2,8.3,268.4,0,0,0,0,0,1
319000,64.048,0.0,0,0,1,0,5.536,0.0,0,0,1,0,5.542,1.261,1,0.0,0,0,1,1,0,1,0,1,0,0,0,12192.0,2,1,1,1,0,0,1,2,7.8,270.5,0,0,0,0,0,1
319100,64.048,0.0,0,0,1,0,5.536,0.0,0,0,1,0,5.668,1.261,1,0.0,0,0,1,1,0,1,0,1,0,0,0,12192.0,2,1,1,1,0,0,1,2,7.8,266.5,0,0,0,0,0,1
319200,64.048,0.0,0,0,1,0,5.536,0.0,0,0,1,0,5.794,1.261,1,0.0,0,0,1,1,0,1,0,1,0,0,0,12192.0,2,1,1,1,0,0,1,2,7.8,265.4,0,0,0,0,0,1
319300,64.048,0.0,0,0,1,0,5.536,0.0,0,0,1,0,5.921,1.261,1,0.0,0,0,1,1,0,1,0,1,0,0,0,12192.0,2,1,1,1,0,0,1,2,7.9,269.4,0,0,0,0,0,1
319400,64.048,0.0,0,0,1,0,5.536,0.0,0,0,1,0,6.047,1.261,1,0.0,0,0,1,1,0,1,0,1,0,0,0,12192.0,2,1,1,1,0,0,1,2,7.6,272.5,0,0,0,0,0,1
319500,64.048,0.0,0,0,1,0,5.536,0.0,0,0,1,0,6.173,1.261,1,0.0,0,0,1,1,0,1,0,1,0,0,0,12192.0,2,1,1,1,0,0,1,2,8.1,271.7,0,0,0,0,0,1
319600,64.048,0.0,0,0,1,0,5.536,0.0,0,0,1,0,6.299,1.261,1,0.0,0,0,1,1,0,1,0,1,0,0,0,12192.0,2,1,1,1,0,0,1,2,7.6,267.5,0,0,0,0,0,1
319700,64.048,0.0,0,0,1,0,5.536,0.0,0,0,1,0,6.425,1.261,1,0.0,0,0,1,1,0,1,0,1,0,0,0,12192.0,2,1,1,1,0,0,1,2,7.3,268.8,0,0,0,0,0,1
319800,64.048,0.0,0,0,1,0,5.536,0.0,0,0,1,0,6.551,1.261,1,0.0,0,0,1,1,0,1,0,1,0,0,0,12192.0,2,1,1,1,0,0,1,2,7.4,268.1,0,0,0,0,0,1
319900,64.048,0.0,0,0,1,0,5.536,0.0,0,0,1,0,6.677,1.261,1,0.0,0,0,1,1,0,1,0,1,0,0,0,12192.0,2,1,1,1,0,0,1,2,7.4,267.6,0,0,0,0,0,1
320000,64.048,0.0,0,0,1,0,5.536,0.0,0,0,1,0,6.803,1.261,1,0.0,0,0,1,1,0,1,0,1,0,0,0,12192.0,2,1,1,1,0,0,1,2,7.4,273.5,0,0,0,0,0,1
320100,64.048,0.0,0,0,1,0,5.536,0.0,0,0,1,0,6.93,1.261,1,0.0,0,0,1,1,0,1,0,1,0,0,0,12192.0,2,1,1,1,0,0,1,2,7.5,271.2,0,0,0,0,0,1
320200,64.048,0.0,0,0,1,0,5.536,0.0,0,0,1,0,7.056,1.261,1,0.0,0,0,1,1,0,1,0,1,0,0,0,12192.0,2,1,1,1,0,0,1,2,7.5,268.8,0,0,0,0,0,1
320300,64.048,0.0,0,0,1,0,5.536,0.0,0,0,1,0,7.182,1.261,1,0.0,0,0,1,1,0,1,0,1,0,0,0,12192.0,2,1,1,1,0,0,1,2,7.5,272.0,0,0,0,0,0,1
320400,64.048,0.0,0,0,1,0,5.536,0.0,0,0,1,0,7.308,1.261,1,0.0,0,0,1,1,0,1,0,1,0,0,0,12192.0,2,1,1,1,0,0,1,2,7.7,271.9,0,0,0,0,0,1
320500,64.048,0.0,0,0,1,0,5.536,0.0,0,0,1,0,7.434,1.261,1,0.0,0,0,1,1,0,1,0,1,0,0,0,12192.0,2,1,1,1,0,0,1,2,7.1,270.0,0,0,0,0,0,1
320600,64.048,0.0,0,0,1,0,5.536,0.0,0,0,1,0,7.56,1.261,1,0.0,0,0,1,1,0,1,0,1,0,0,0,12192.0,2,1,1,1,0,0,1,2,7.1,278.5,0,0,0,0,0,1
320700,64.048,0.0,0,0,1,0,5.536,0.0,0,0,1,0,7.686,1.261,1,0.0,0,0,1,1,0,1,0,1,0,0,0,12192.0,2,1,1,1,0,0,1,2,7.1,268.0,0,0,0,0,0,1
320800,64.048,0.0,0,0,1,0,5.536,0.0,0,0,1,0,7.812,1.261,1,0.0,0,0,1,1,0,1,0,1,0,0,0,12192.0,2,1,1,1,0,0,1,2,7.3,271.1,0,0,0,0,0,1
320900,64.048,0.0,0,0,1,0,5.536,0.0,0,0,1,0,7.938,1.261,1,0.0,0,0,1,1,0,1,0,1,0,0,0,12192.0,2,1,1,1,0,0,1,2,7.5,270.5,0,0,0,0,0,1
321000,64.048,0.0,0,0,1,0,5.536,0.0,0,0,1,0,8.065,1.261,1,0.0,0,0,1,1,0,1,0,1,0,0,0,12192.0,2,1,1,1,0,0,1,2,7.2,263.5,0,0,0,0,0,1
321100,64.048,0.0,0,0,1,0,5.536,0.0,0,0,1,0,8.191,1.261,1,0.0,0,0,1,1,0,1,0,1,0,0,0,12192.0,2,1,1,1,0,0,1,2,7.4,267.5,0,0,0,0,0,1
321200,64.048,0.0,0,0,1,0,5.536,0.0,0,0,1,0,8.317,1.261,1,0.0,0,0,1,1,0,1,0,1,0,0,0,12192.0,2,1,1,1,0,0,1,2,7.2,271.4,0,0,0,0,0,1
321300,64.048,0.0,0,0,1,0,5.536,0.0,0,0,1,0,8.443,1.261,1,0.0,0,0,1,1,0,1,0,1,0,0,0,12192.0,2,1,1,1,0,0,1,2,7.2,273.8,0,0,0,0,0,1
321400,64.048,0.0,0,0,1,0,5.536,0.0,0,0,1,0,8.569,1.261,1,0.0,0,0,1,1,0,1,0,1,0,0,0,12192.0,2,1,1,1,0,0,1,2,7.4,271.8,0,0,0,0,0,1
321500,64.048,0.0,0,0,1,0,5.536,0.0,0,0,1,0,8.695,1.261,1,0.0,0,0,1,1,0,1,0,1,0,0,0,12192.0,2,1,1,1,0,0,1,2,6.8,269.4,0,0,0,0,0,1
321600,64.048,0.0,0,0,1,0,5.536,0.0,0,0,1,0,8.821,1.261,1,0.0,0,0,1,1,0,1,0,1,0,0,0,12192.0,2,1,1,1,0,0,1,2,7.1,266.7,0,0,0,0,0,1
321700,64.048,0.0,0,0,1,0,5.536,0.0,0,0,1,0,8.947,1.261,1,0.0,0,0,1,1,0,1,0,1,0,0,0,12192.0,2,1,1,1,0,0,1,2,7.5,273.7,0,0,0,0,0,1
321800,64.048,0.0,0,0,1,0,5.536,0.0,0,0,1,0,9.074,1.261,1,0.0,0,0,1,1,0,1,0,1,0,0,0,12192.0,2,1,1,1,0,0,1,2,6.7,270.2,0,0,0,0,0,1
321900,64.048,0.0,0,0,1,0,5.536,0.0,0,0,1,0,9.2,1.261,1,0.0,0,0,1,1,0,1,0,1,0,0,0,12192.0,2,1,1,1,0,0,1,2,7.8,268.5,0,0,0,0,0,1
322000,64.048,0.0,0,0,1,0,5.536,0.0,0,0,1,0,9.326,1.261,1,0.0,0,0,1,1,0,1,0,1,0,0,0,12192.0,2,1,1,1,0,0,1,2,7.4,269.6,0,0,0,0,0,1
322100,64.048,0.0,0,0,1,0,5.536,0.0,0,0,1,0,9.452,1.261,1,0.0,0,0,1,1,0,1,0,1,0,0,0,12192.0,2,1,1,1,0,0,1,2,8.5,269.4,0,0,0,0,0,1
322200,64.048,0.0,0,0,1,0,5.536,0.0,0,0,1,0,9.578,1.261,1,0.0,0,0,1,1,0,1,0,1,0,0,0,12192.0,2,1,1,1,0,0,1,2,7.4,268.9,0,0,0,0,0,1
322300,64.048,0.0,0,0,1,0,5.536,0.0,0,0,1,0,9.704,1.261,1,0.0,0,0,1,1,0,1,0,1,0,0,0,12192.0,2,1,1,1,0,0,1,2,7.3,270.6,0,0,0,0,0,1
322400,64.048,0.0,0,0,1,0,5.536,0.0,0,0,1,0,9.83,1.261,1,0.0,0,0,1,1,0,1,0,1,0,0,0,12192.0,2,1,1,1,0,0,1,2,7.5,269.3,0,0,0,0,0,1
322500,64.048,0.0,0,0,1,0,5.536,0.0,0,0,1,0,9.956,1.261,1,0.0,0,0,1,1,0,1,0,1,0,0,0,12192.0,2,1,1,1,0,0,1,2,8.1,265.8,0,0,0,0,0,1
322600,64.048,0.0,0,0,1,0,5.536,0.0,0,0,1,0,10.083,1.261,1,0.0,0,0,1,1,0,1,0,1,0,0,0,12192.0,2,1,1,1,0,0,1,2,7.8,271.1,0,0,0,0,0,1
322700,64.048,0.0,0,0,1,0,5.536,0.0,0,0,1,0,10.209,1.261,1,0.0,0,0,1,1,0,1,0,1,0,0,0,12192.0,2,1,1,1,0,0,1,2,8.6,270.2,0,0,0,0,0,1
322800,64.048,0.0,0,0,1,0,5.536,0.0,0,0,1,0,10.335,1.261,1,0.0,0,0,1,1,0,1,0,1,0,0,0,12192.0,2,1,1,1,0,0,1,2,7.1,266.9,0,0,0,0,0,1
322900,64.048,0.0,0,0,1,0,5.536,0.0,0,0,1,0,10.461,1.261,1,0.0,0,0,1,1,0,1,0,1,0,0,0,12192.0,2,1,1,1,0,0,1,2,7.5,270.7,0,0,0,0,0,1
323000,64.048,0.0,0,0,1,0,5.536,0.0,0,0,1,0,10.587,1.261,1,0.0,0,0,1,1,0,1,0,1,0,0,0,12192.0,2,1,1,1,0,0,1,2,8.5,269.2,0,0,0,0,0,1
323100,64.048,0.0,0,0,1,0,5.536,0.0,0,0,1,0,10.713,1.261,1,0.0,0,0,1,1,0,1,0,1,0,0,0,12192.0,2,1,1,1,0,0,1,2,8.5,271.4,0,0,0,0,0,1
323200,64.048,0.0,0,0,1,0,5.536,0.0,0,0,1,0,10.839,1.261,1,0.0,0,0,1,1,0,1,0,1,0,0,0,12192.0,2,1,1,1,0,0,1,2,8.8,269.6,0,0,0,0,0,1
323300,64.048,0.0,0,0,1,0,5.536,0.0,0,0,1,0,10.965,1.261,1,0.0,0,0,1,1,0,1,0,1,0,0,0,12192.0,2,1,1,1,0,0,1,2,7.8,267.8,0,0,0,0,0,1
323400,64.048,0.0,0,0,1,0,5.536,0.0,0,0,1,0,11.092,1.261,1,0.0,0,0,1,1,0,1,0,1,0,0,0,12192.0,2,1,1,1,0,0,1,2,8.3,266.2,0,0,0,0,0,1
323500,64.048,0.0,0,0,1,0,5.536,0.0,0,0,1,0,11.218,1.261,1,0.0,0,0,1,1,0,1,0,1,0,0,0,12192.0,2,1,1,1,0,0,1,2,7.8,267.7,0,0,0,0,0,1
323600,64.048,0.0,0,0,1,0,5.536,0.0,0,0,1,0,11.344,1.261,1,0.0,0,0,1,1,0,1,0,1,0,0,0,12192.0,2,1,1,1,0,0,1,2,8.2,272.1,0,0,0,0,0,1
323700,64.048,0.0,0,0,1,0,5.536,0.0,0,0,1,0,11.47,1.261,1,0.0,0,0,1,1,0,1,0,1,0,0,0,12192.0,2,1,1,1,0,0,1,2,7.9,271.6,0,0,0,0,0,1
323800,64.048,0.0,0,0,1,0,5.536,0.0,0,0,1,0,11.596,1.261,1,0.0,0,0,1,1,0,1,0,1,0,0,0,12192.0,2,1,1,1,0,0,1,2,8.0,267.5,0,0,0,0,0,1
323900,64.048,0.0,0,0,1,0,5.536,0.0,0,0,1,0,11.722,1.261,1,0.0,0,0,1,1,0,1,0,1,0,0,0,12192.0,2,1,1,1,0,0,1,2,7.4,269.0,0,0,0,0,0,1
324000,64.048,0.0,0,0,1,0,5.536,0.0,0,0,1,0,11.848,1.261,1,0.0,0,0,1,1,0,1,0,1,0,0,0,12192.0,2,1,1,1,0,0,1,2,8.8,275.0,0,0,0,0,0,1
324100,64.048,0.0,0,0,1,0,5.536,0.0,0,0,1,0,11.969,1.21,1,0.0,0,0,1,1,0,1,0,1,0,0,0,12192.0,2,1,1,1,0,0,1,2,8.8,268.0,0,0,0,0,0,1
324200,64.048,0.0,0,0,1,0,5.536,0.0,0,0,1,0,12.085,1.16,1,0.0,0,0,1,1,0,1,0,1,0,0,0,12192.0,2,1,1,1,0,0,1,2,8.4,271.1,0,0,0,0,0,1
324300,64.048,0.0,0,0,1,0,5.536,0.0,0,0,1,0,12.196,1.109,1,0.0,0,0,1,1,0,1,0,1,0,0,0,12192.0,2,1,1,1,0,0,1,2,8.5,273.9,0,0,0,0,0,1
324400,64.048,0.0,0,0,1,0,5.536,0.0,0,0,1,0,12.302,1.058,1,0.0,0,0,1,1,0,1,0,1,0,0,0,12192.0,2,1,1,1,0,0,1,2,8.7,275.1,0,0,0,0,0,1
324500,64.048,0.0,0,0,1,0,5.536,0.0,0,0,1,0,12.403,1.007,1,0.0,0,0,1,1,0,1,0,1,0,0,0,12192.0,2,1,1,1,0,0,1,2,7.7,275.6,0,0,0,0,0,1
324600,64.048,0.0,0,0,1,0,5.536,0.0,0,0,1,0,12.498,0.956,1,0.0,0,0,1,1,0,1,0,1,0,0,0,12192.0,2,1,1,1,0,0,1,2,8.7,269.9,0,0,0,0,0,1
324700,64.048,0.0,0,0,1,0,5.536,0.0,0,0,1,0,12.589,0.906,1,0.0,0,0,1,1,0,1,0,1,0,0,0,12192.0,2,1,1,1,0,0,1,2,7.8,267.2,0,0,0,0,0,1
324800,64.048,0.0,0,0,1,0,5.536,0.0,0,0,1,0,12.674,0.855,1,0.0,0,0,1,1,0,1,0,1,0,0,0,12192.0,2,1,1,1,0,0,1,2,8.4,270.4,0,0,0,0,0,1
324900,64.048,0.0,0,0,1,0,5.536,0.0,0,0,1,0,12.755,0.804,1,0.0,0,0,1,1,0,1,0,1,0,0,0,12192.0,2,1,1,1,0,0,1,2,9.3,268.2,0,0,0,0,0,1
325000,64.048,0.0,0,0,1,0,5.536,0.0,0,0,1,0,12.83,0.753,1,0.0,0,0,1,1,0,1,0,1,0,0,0,12192.0,2,1,1,1,0,0,1,2,8.0,269.3,0,0,0,0,0,1
325100,64.048,0.0,0,0,1,0,5.536,0.0,0,0,1,0,12.9,0.702,1,0.0,0,0,1,1,0,1,0,1,0,0,0,12192.0,2,1,1,1,0,0,1,2,8.5,266.6,0,0,0,0,0,1
325200,64.048,0.0,0,0,1,0,5.536,0.0,0,0,1,0,12.965,0.651,1,0.0,0,0,1,1,0,1,0,1,0,0,0,12192.0,2,1,1,1,0,0,1,2,8.3,267.9,0,0,0,0,0,1
325300,64.048,0.0,0,0,1,0,5.536,0.0,0,0,1,0,13.025,0.601,1,0.0,0,0,1,1,0,1,0,1,0,0,0,12192.0,2,1,1,1,0,0,1,2,8.3,272.7,0,0,0,0,0,1
325400,64.048,0.0,0,0,1,0,5.536,0.0,0,0,1,0,13.08,0.55,1,0.0,0,0,1,1,0,1,0,1,0,0,0,12192.0,2,1,1,1,0,0,1,2,8.5,267.3,0,0,0,0,0,1
325500,64.048,0.0,0,0,1,0,5.536,0.0,0,0,1,0,13.13,0.499,1,0.0,0,0,1,1,0,1,0,1,0,0,0,12192.0,2,1,1,1,0,0,1,2,8.2,269.6,0,0,0,0,0,1
325600,64.048,0.0,0,0,1,0,5.536,0.0,0,0,1,0,13.175,0.448,1,0.0,0,0,1,1,0,1,0,1,0,0,0,12192.0,2,1,1,1,0,0,1,2,9.1,270.2,0,0,0,0,0,1
325700,64.048,0.0,0,0,1,0,5.536,0.0,0,0,1,0,13.215,0.397,1,0.0,0,0,1,1,0,1,0,1,0,0,0,12192.0,2,1,1,1,0,0,1,2,8.9,272.0,0,0,0,0,0,1
325800,64.048,0.0,0,0,1,0,5.536,0.0,0,0,1,0,13.249,0.345,1,0.0,0,0,1,1,0,1,0,1,0,0,0,12192.0,2,1,1,1,0,0,1,2,9.6,273.0,0,0,0,0,0,1
325900,64.048,0.0,0,0,1,0,5.536,0.0,0,0,1,0,13.278,0.29,1,0.0,0,0,1,1,0,1,0,1,0,0,0,12192.0,2,1,1,1,0,0,1,2,8.8,275.1,0,0,0,0,0,1
326000,64.048,0.0,0,0,1,0,5.536,0.0,0,0,1,0,13.302,0.233,1,0.0,0,0,1,1,0,1,0,1,0,0,0,12192.0,2,1,1,1,0,0,1,2,7.8,267.5,0,0,0,0,0,1
326100,64.048,0.0,0,0,1,0,5.536,0.0,0,0,1,0,13.319,0.175,1,0.0,0,0,1,1,0,1,0,1,0,0,0,12192.0,2,1,1,1,0,0,1,2,8.3,266.0,0,0,0,0,0,1
326200,64.048,0.0,0,0,1,0,5.536,0.0,0,0,1,0,13.331,0.114,1,0.0,0,0,1,1,0,1,0,1,0,0,0,12192.0,2,1,1,1,0,0,1,2,8.2,268.5,0,0,0,0,0,1
326300,64.048,0.0,0,0,0,0,5.536,0.0,0,0,0,0,13.336,0.0,0,0.0,0,0,0,0,0,1,0,1,0,0,0,12192.0,2,1,1,0,1,0,1,2,9.0,271.1,0,0,0,0,0,1
326400,64.05,0.015,1,1,1,0,5.542,0.061,1,1,1,0,13.341,0.051,1,0.0,0,0,1,1,0,1,0,1,0,0,0,12192.0,2,1,1,1,0,0,1,3,8.4,272.4,0,0,0,0,0,1
326500,64.053,0.03,1,1,1,0,5.555,0.122,1,1,1,0,13.351,0.102,1,0.0,0,0,1,1,0,1,0,1,0,0,0,12192.0,2,1,1,1,0,0,1,3,9.3,266.5,0,0,0,0,0,1
326600,64.057,0.045,1,1,1,0,5.573,0.184,1,1,1,0,13.366,0.152,1,0.0,0,0,1,1,0,1,0,1,0,0,0,12192.0,2,1,1,1,0,0,1,3,8.2,271.6,0,0,0,0,0,1
326700,64.063,0.06,1,1,1,0,5.597,0.245,1,1,1,0,13.386,0.203,1,0.0,0,0,1,1,0,1,0,1,0,0,0,12192.0,2,1,1,1,0,0,1,3,8.2,271.0,0,0,0,0,0,1
326800,64.071,0.075,1,1,1,0,5.628,0.306,1,1,1,0,13.412,0.254,1,0.0,0,0,1,1,0,1,0,1,0,0,0,12192.0,2,1,1,1,0,0,1,3,7.7,270.2,0,0,0,0,0,1
326900,64.08,0.09,1,1,1,0,5.665,0.367,1,1,1,0,13.432,0.203,1,0.0,0,0,1,1,0,1,0,1,0,0,0,12192.0,2,1,1,1,0,0,1,3,7.6,263.3,0,0,0,0,0,1
327000,64.09,0.106,1,1,1,0,5.707,0.428,1,1,1,0,13.447,0.152,1,0.0,0,0,1,1,0,1,0,1,0,0,0,12192.0,2,1,1,1,0,0,1,3,8.4,272.1,0,0,0,0,0,1
327100,64.102,0.121,1,1,1,0,5.756,0.49,1,1,1,0,13.456,0.09,1,0.0,0,0,1,1,0,1,0,1,0,0,0,12192.0,2,1,1,1,0,0,1,3,8.3,273.7,0,0,0,0,0,1
327200,64.116,0.136,1,1,1,0,5.812,0.551,1,1,1,0,13.46,0.0,0,0.0,0,0,0,1,0,1,0,1,0,0,0,12192.0,2,1,1,1,0,0,1,3,8.3,275.9,0,0,0,0,0,1
327300,64.131,0.151,1,1,1,0,5.873,0.612,1,1,1,0,13.46,0.0,0,0.0,0,0,0,1,0,1,0,1,0,0,0,12192.0,2,1,1,1,0,0,1,3,9.4,265.3,0,0,0,0,0,1
327400,64.148,0.166,1,1,1,0,5.94,0.673,1,1,1,0,13.46,0.0,0,0.0,0,0,0,1,0,1,0,1,0,0,0,12192.0,2,1,1,1,0,0,1,3,8.2,266.8,0,0,0,0,0,1
327500,64.166,0.181,1,1,1,0,6.013,0.734,1,1,1,0,13.46,0.0,0,0.0,0,0,0,1,0,1,0,1,0,0,0,12192.0,2,1,1,1,0,0,1,3,7.6,268.4,0,0,0,0,0,1
327600,64.185,0.196,1,1,1,0,6.093,0.795,1,1,1,0,13.46,0.0,0,0.0,0,0,0,1,0,1,0,1,0,0,0,12192.0,2,1,1,1,0,0,1,3,7.2,269.2,0,0,0,0,0,1
327700,64.206,0.211,1,1,1,0,6.179,0.857,1,1,1,0,13.46,0.0,0,0.0,0,0,0,1,0,1,0,1,0,0,0,12192.0,2,1,1,1,0,0,1,3,7.9,272.0,0,0,0,0,0,1
327800,64.229,0.226,1,1,1,0,6.27,0.918,1,1,1,0,13.46,0.0,0,0.0,0,0,0,1,0,1,0,1,0,0,0,12192.0,2,1,1,1,0,0,1,3,7.8,276.6,0,0,0,0,0,1
327900,64.253,0.241,1,1,1,0,6.368,0.979,1,1,1,0,13.46,0.0,0,0.0,0,0,0,1,0,1,0,1,0,0,0,12192.0,2,1,1,1,0,0,1,3,8.1,265.4,0,0,0,0,0,1
328000,64.279,0.256,1,1,1,0,6.472,1.04,1,1,1,0,13.46,0.0,0,0.0,0,0,0,1,0,1,0,1,0,0,0,12192.0,2,1,1,1,0,0,1,3,8.2,275.3,0,0,0,0,0,1
328100,64.306,0.271,1,1,1,0,6.583,1.101,1,1,1,0,13.46,0.0,0,0.0,0,0,0,1,0,1,0,1,0,0,0,12192.0,2,1,1,1,0,0,1,3,7.6,272.6,0,0,0,0,0,1
328200,64.335,0.286,1,1,1,0,6.699,1.163,1,1,1,0,13.46,0.0,0,0.0,0,0,0,1,0,1,0,1,0,0,0,12192.0,2,1,1,1,0,0,1,3,7.8,267.9,0,0,0,0,0,1
328300,64.365,0.302,1,1,1,0,6.821,1.224,1,1,1,0,13.46,0.0,0,0.0,0,0,0,1,0,1,0,1,0,0,0,12192.0,2,1,1,1,0,0,1,3,7.1,268.0,0,0,0,0,0,1
328400,64.396,0.317,1,1,1,0,6.95,1.285,1,1,1,0,13.46,0.0,0,0.0,0,0,0,1,0,1,0,1,0,0,0,12192.0,2,1,1,1,0,0,1,3,7.2,270.6,0,0,0,0,0,1
328500,64.43,0.332,1,1,1,0,7.084,1.346,1,1,1,0,13.46,0.0,0,0.0,0,0,0,1,0,1,0,1,0,0,0,12192.0,2,1,1,1,0,0,1,3,7.6,267.2,0,0,0,0,0,1
328600,64.464,0.347,1,1,1,0,7.225,1.407,1,1,1,0,13.46,0.0,0,0.0,0,0,0,1,0,1,0,1,0,0,0,12192.0,2,1,1,1,0,0,1,3,6.7,267.3,0,0,0,0,0,1
328700,64.5,0.362,1,1,1,0,7.372,1.469,1,1,1,0,13.46,0.0,0,0.0,0,0,0,1,0,1,0,1,0,0,0,12192.0,2,1,1,1,0,0,1,3,7.4,273.8,0,0,0,0,0,1
328800,64.538,0.377,1,1,1,0,7.525,1.53,1,1,1,0,13.46,0.0,0,0.0,0,0,0,1,0,1,0,1,0,0,0,12192.0,2,1,1,1,0,0,1,3,6.8,271.2,0,0,0,0,0,1
328900,64.577,0.392,1,1,1,0,7.684,1.591,1,1,1,0,13.46,0.0,0,0.0,0,0,0,1,0,1,0,1,0,0,0,12192.0,2,1,1,1,0,0,1,3,6.9,267.9,0,0,0,0,0,1
329000,64.618,0.407,1,1,1,0,7.849,1.652,1,1,1,0,13.46,0.0,0,0.0,0,0,0,1,0,1,0,1,0,0,0,12192.0,2,1,1,1,0,0,1,3,7.9,266.3,0,0,0,0,0,1
329100,64.66,0.422,1,1,1,0,8.021,1.713,1,1,1,0,13.46,0.0,0,0.0,0,0,0,1,0,1,0,1,0,0,0,12192.0,2,1,1,1,0,0,1,3,7.1,274.4,0,0,0,0,0,1
329200,64.704,0.437,1,1,1,0,8.198,1.775,1,1,1,0,13.46,0.0,0,0.0,0,0,0,1,0,1,0,1,0,0,0,12192.0,2,1,1,1,0,0,1,3,7.2,265.4,0,0,0,0,0,1
329300,64.749,0.452,1,1,1,0,8.382,1.836,1,1,1,0,13.46,0.0,0,0.0,0,0,0,1,0,1,0,1,0,0,0,12192.0,2,1,1,1,0,0,1,3,7.8,269.8,0,0,0,0,0,1
329400,64.796,0.467,1,1,1,0,8.571,1.897,1,1,1,0,13.46,0.0,0,0.0,0,0,0,1,0,1,0,1,0,0,0,12192.0,2,1,1,1,0,0,1,3,7.6,271.8,0,0,0,0,0,1
329500,64.844,0.483,1,1,1,0,8.767,1.958,1,1,1,0,13.46,0.0,0,0.0,0,0,0,1,0,1,0,1,0,0,0,12192.0,2,1,1,1,0,0,1,3,7.1,271.5,0,0,0,0,0,1
329600,64.894,0.498,1,1,1,0,8.969,2.019,1,1,1,0,13.46,0.0,0,0.0,0,0,0,1,0,1,0,1,0,0,0,12192.0,2,1,1,1,0,0,1,3,7.9,273.2,0,0,0,0,0,1
329700,64.945,0.513,1,1,1,0,9.177,2.081,1,1,1,0,13.46,0.0,0,0.0,0,0,0,1,0,1,0,1,0,0,0,12192.0,2,1,1,1,0,0,1,3,7.4,267.4,0,0,0,0,0,1
329800,64.998,0.528,1,1,1,0,9.391,2.142,1,1,1,0,13.46,0.0,0,0.0,0,0,0,1,0,1,0,1,0,0,0,12192.0,2,1,1,1,0,0,1,3,7.8,267.5,0,0,0,0,0,1
329900,65.052,0.543,1,1,1,0,9.612,2.203,1,1,1,0,13.46,0.0,0,0.0,0,0,0,1,0,1,0,1,0,0,0,12192.0,2,1,1,1,0,0,1,3,8.0,268.0,0,0,0,0,0,1
330000,65.108,0.558,1,1,1,0,9.838,2.264,1,1,1,0,13.46,0.0,0,0.0,0,0,0,1,0,1,0,1,0,0,0,12192.0,2,1,1,1,0,0,1,3,7.5,269.5,0,0,0,0,0,1
330100,65.165,0.573,1,1,1,0,10.07,2.325,1,1,1,0,13.46,0.0,0,0.0,0,0,0,1,0,1,0,1,0,0,0,12192.0,2,1,1,1,0,0,1,3,7.3,269.0,0,0,0,0,0,1
330200,65.224,0.588,1,1,1,0,10.309,2.386,1,1,1,0,13.46,0.0,0,0.0,0,0,0,1,0,1,0,1,0,0,0,12192.0,2,1,1,1,0,0,1,3,7.9,275.3,0,0,0,0,0,1
330300,65.285,0.603,1,1,1,0,10.554,2.448,1,1,1,0,13.46,0.0,0,0.0,0,0,0,1,0,1,0,1,0,0,0,12192.0,2,1,1,1,0,0,1,3,7.8,270.5,0,0,0,0,0,1
330400,65.346,0.618,1,1,1,0,10.805,2.509,1,1,1,0,13.46,0.0,0,0.0,0,0,0,1,0,1,0,1,0,0,0,12192.0,2,1,1,1,0,0,1,3,7.2,273.0,0,0,0,0,0,1
330500,65.41,0.633,1,1,1,0,11.062,2.57,1,1,1,0,13.46,0.0,0,0.0,0,0,0,1,0,1,0,1,0,0,0,12192.0,2,1,1,1,0,0,1,3,7.9,270.6,0,0,0,0,0,1
330600,65.475,0.648,1,1,1,0,11.325,2.631,1,1,1,0,13.46,0.0,0,0.0,0,0,0,1,0,1,0,1,0,0,0,12192.0,2,1,1,1,0,0,1,3,6.6,269.4,0,0,0,0,0,1
330700,65.541,0.663,1,1,1,0,11.594,2.692,1,1,1,0,13.46,0.0,0,0.0,0,0,0,1,0,1,0,1,0,0,0,12192.0,2,1,1,1,0,0,1,3,8.1,264.6,0,0,0,0,0,1
330800,65.609,0.679,1,1,1,0,11.857,2.631,1,1,1,0,13.46,0.0,0,0.0,0,0,0,1,0,1,0,1,0,0,0,12192.0,2,1,1,1,0,0,1,3,6.8,270.2,0,0,0,0,0,1
330900,65.678,0.694,1,1,1,0,12.114,2.57,1,1,1,0,13.46,0.0,0,0.0,0,0,0,1,0,1,0,1,0,0,0,12192.0,2,1,1,1,0,0,1,3,7.7,275.7,0,0,0,0,0,1
331000,65.749,0.709,1,1,1,0,12.365,2.509,1,1,1,0,13.46,0.0,0,0.0,0,0,0,1,0,1,0,1,0,0,0,12192.0,2,1,1,1,0,0,1,3,7.7,267.7,0,0,0,0,0,1
331100,65.82,0.711,1,1,1,0,12.61,2.448,1,1,1,0,13.46,0.0,0,0.0,0,0,0,1,0,1,0,1,0,0,0,12192.0,2,1,1,1,0,0,1,3,6.9,269.1,0,0,0,0,0,1
331200,65.891,0.711,1,1,1,0,12.849,2.386,1,1,1,0,13.46,0.0,0,0.0,0,0,0,1,0,1,0,1,0,0,0,12192.0,2,1,1,1,0,0,1,3,6.9,271.1,0,0,0,0,0,1
331300,65.962,0.711,1,1,1,0,13.081,2.325,1,1,1,0,13.46,0.0,0,0.0,0,0,0,1,0,1,0,1,0,0,0,12192.0,2,1,1,1,0,0,1,3,7.8,265.8,0,0,0,0,0,1
331400,66.033,0.711,1,1,1,0,13.308,2.264,1,1,1,0,13.46,0.0,0,0.0,0,0,0,1,0,1,0,1,0,0,0,12192.0,2,1,1,1,0,0,1,3,7.9,272.4,0,0,0,0,0,1
331500,66.104,0.711,1,1,1,0,13.528,2.203,1,1,1,0,13.46,0.0,0,0.0,0,0,0,1,0,1,0,1,0,0,0,12192.0,2,1,1,1,0,0,1,3,7.3,268.2,0,0,0,0,0,1
331600,66.175,0.711,1,1,1,0,13.742,2.142,1,1,1,0,13.46,0.0,0,0.0,0,0,0,1,0,1,0,1,0,0,0,12192.0,2,1,1,1,0,0,1,3,7.2,266.1,0,0,0,0,0,1
331700,66.246,0.711,1,1,1,0,13.95,2.081,1,1,1,0,13.46,0.0,0,0.0,0,0,0,1,0,1,0,1,0,0,0,12192.0,2,1,1,1,0,0,1,3,8.0,266.4,0,0,0,0,0,1
331800,66.318,0.711,1,1,1,0,14.152,2.019,1,1,1,0,13.46,0.0,0,0.0,0,0,0,1,0,1,0,1,0,0,0,12192.0,2,1,1,1,0,0,1,3,8.3,268.9,0,0,0,0,0,1
331900,66.389,0.711,1,1,1,0,14.348,1.958,1,1,1,0,13.46,0.0,0,0.0,0,0,0,1,0,1,0,1,0,0,0,12192.0,2,1,1,1,0,0,1,3,8.0,267.1,0,0,0,0,0,1
332000,66.46,0.711,1,1,1,0,14.537,1.897,1,1,1,0,13.46,0.0,0,0.0,0,0,0,1,0,1,0,1,0,0,0,12192.0,2,1,1,1,0,0,1,3,8.4,265.5,0,0,0,0,0,1
332100,66.531,0.711,1,1,1,0,14.721,1.836,1,1,1,0,13.46,0.0,0,0.0,0,0,0,1,0,1,0,1,0,0,0,12192.0,2,1,1,1,0,0,1,3,8.7,270.5,0,0,0,0,0,1
332200,66.602,0.711,1,1,1,0,14.899,1.775,1,1,1,0,13.46,0.0,0,0.0,0,0,0,1,0,1,0,1,0,0,0,12192.0,2,1,1,1,0,0,1,3,8.2,267.5,0,0,0,0,0,1
332300,66.673,0.711,1,1,1,0,15.07,1.713,1,1,1,0,13.46,0.0,0,0.0,0,0,0,1,0,1,0,1,0,0,0,12192.0,2,1,1,1,0,0,1,3,8.0,262.6,0,0,0,0,0,1
332400,66.744,0.711,1,1,1,0,15.235,1.651,1,1,1,0,13.46,0.0,0,0.0,0,0,0,1,0,1,0,1,0,0,0,12192.0,2,1,1,1,0,0,1,3,7.7,269.4,0,0,0,0,0,1
332500,66.815,0.711,1,1,1,0,15.394,1.588,1,1,1,0,13.46,0.0,0,0.0,0,0,0,1,0,1,0,1,0,0,0,12192.0,2,1,1,1,0,0,1,3,8.0,271.7,0,0,0,0,0,1
332600,66.886,0.711,1,1,1,0,15.546,1.526,1,1,1,0,13.46,0.0,0,0.0,0,0,0,1,0,1,0,1,0,0,0,12192.0,2,1,1,1,0,0,1,3,8.9,270.0,0,0,0,0,0,1
332700,66.957,0.711,1,1,1,0,15.693,1.463,1,1,1,0,13.46,0.0,0,0.0,0,0,0,1,0,1,0,1,0,0,0,12192.0,2,1,1,1,0,0,1,3,8.7,269.4,0,0,0,0,0,1
332800,67.028,0.711,1,1,1,0,15.833,1.401,1,1,1,0,13.46,0.0,0,0.0,0,0,0,1,0,1,0,1,0,0,0,12192.0,2,1,1,1,0,0,1,3,8.9,265.5,0,0,0,0,0,1
332900,67.099,0.711,1,1,1,0,15.967,1.338,1,1,1,0,13.46,0.0,0,0.0,0,0,0,1,0,1,0,1,0,0,0,12192.0,2,1,1,1,0,0,1,3,8.7,269.2,0,0,0,0,0,1
333000,67.17,0.711,1,1,1,0,16.094,1.276,1,1,1,0,13.46,0.0,0,0.0,0,0,0,1,0,1,0,1,0,0,0,12192.0,2,1,1,1,0,0,1,3,8.2,269.3,0,0,0,0,0,1
333100,67.241,0.711,1,1,1,0,16.215,1.213,1,1,1,0,13.46,0.0,0,0.0,0,0,0,1,0,1,0,1,0,0,0,12192.0,2,1,1,1,0,0,1,3,8.5,268.9,0,0,0,0,0,1
333200,67.312,0.711,1,1,1,0,16.33,1.15,1,1,1,0,13.46,0.0,0,0.0,0,0,0,1,0,1,0,1,0,0,0,12192.0,2,1,1,1,0,0,1,3,8.5,272.2,0,0,0,0,0,1
333300,67.383,0.711,1,1,1,0,16.439,1.087,1,1,1,0,13.46,0.0,0,0.0,0,0,0,1,0,1,0,1,0,0,0,12192.0,2,1,1,1,0,0,1,3,7.8,269.7,0,0,0,0,0,1
333400,67.455,0.711,1,1,1,0,16.542,1.024,1,1,1,0,13.46,0.0,0,0.0,0,0,0,1,0,1,0,1,0,0,0,12192.0,2,1,1,1,0,0,1,3,8.7,271.4,0,0,0,0,0,1
333500,67.526,0.711,1,1,1,0,16.638,0.961,1,1,1,0,13.46,0.0,0,0.0,0,0,0,1,0,1,0,1,0,0,0,12192.0,2,1,1,1,0,0,1,3,8.4,271.1,0,0,0,0,0,1
333600,67.597,0.711,1,1,1,0,16.727,0.898,1,1,1,0,13.46,0.0,0,0.0,0,0,0,1,0,1,0,1,0,0,0,12192.0,2,1,1,1,0,0,1,3,7.4,269.3,0,0,0,0,0,1
333700,67.668,0.711,1,1,1,0,16.811,0.834,1,1,1,0,13.46,0.0,0,0.0,0,0,0,1,0,1,0,1,0,0,0,12192.0,2,1,1,1,0,0,1,3,7.6,267.7,0,0,0,0,0,1
333800,67.739,0.711,1,1,1,0,16.888,0.771,1,1,1,0,13.46,0.0,0,0.0,0,0,0,1,0,1,0,1,0,0,0,12192.0,2,1,1,1,0,0,1,3,9.1,268.7,0,0,0,0,0,1
333900,67.81,0.711,1,1,1,0,16.959,0.707,1,1,1,0,13.46,0.0,0,0.0,0,0,0,1,0,1,0,1,0,0,0,12192.0,2,1,1,1,0,0,1,3,9.1,271.4,0,0,0,0,0,1
334000,67.881,0.711,1,1,1,0,17.023,0.643,1,1,1,0,13.46,0.0,0,0.0,0,0,0,1,0,1,0,1,0,0,0,12192.0,2,1,1,1,0,0,1,3,8.5,269.0,0,0,0,0,0,1
334100,67.952,0.711,1,1,1,0,17.081,0.578,1,1,1,0,13.46,0.0,0,0.0,0,0,0,1,0,1,0,1,0,0,0,12192.0,2,1,1,1,0,0,1,3,8.3,270.8,0,0,0,0,0,1
334200,68.023,0.711,1,1,1,0,17.132,0.514,1,1,1,0,13.46,0.0,0,0.0,0,0,0,1,0,1,0,1,0,0,0,12192.0,2,1,1,1,0,0,1,3,8.2,270.3,0,0,0,0,0,1
334300,68.094,0.711,1,1,1,0,17.177,0.448,1,1,1,0,13.46,0.0,0,0.0,0,0,0,1,0,1,0,1,0,0,0,12192.0,2,1,1,1,0,0,1,3,8.1,272.9,0,0,0,0,0,1
334400,68.165,0.711,1,1,1,0,17.215,0.382,1,1,1,0,13.46,0.0,0,0.0,0,0,0,1,0,1,0,1,0,0,0,12192.0,2,1,1,1,0,0,1,3,9.4,267.3,0,0,0,0,0,1
334500,68.236,0.711,1,1,1,0,17.247,0.315,1,1,1,0,13.46,0.0,0,0.0,0,0,0,1,0,1,0,1,0,0,0,12192.0,2,1,1,1,0,0,1,3,8.7,270.5,0,0,0,0,0,1
334600,68.307,0.711,1,1,1,0,17.271,0.246,1,1,1,0,13.46,0.0,0,0.0,0,0,0,1,0,1,0,1,0,0,0,12192.0,2,1,1,1,0,0,1,3,8.2,266.6,0,0,0,0,0,1
334700,68.378,0.711,1,1,1,0,17.289,0.175,1,1,1,0,13.46,0.0,0,0.0,0,0,0,1,0,1,0,1,0,0,0,12192.0,2,1,1,1,0,0,1,3,9.3,270.4,0,0,0,0,0,1
334800,68.449,0.711,1,1,1,0,17.298,0.096,1,1,1,0,13.46,0.0,0,0.0,0,0,0,1,0,1,0,1,0,0,0,12192.0,2,1,1,1,0,0,1,3,8.2,268.5,0,0,0,0,0,1
334900,68.52,0.711,1,1,1,0,17.302,0.0,0,0,1,0,13.46,0.0,0,0.0,0,0,0,1,0,1,0,1,0,0,0,12192.0,2,1,1,1,0,0,1,3,7.5,268.8,0,0,0,0,0,1
335000,68.591,0.711,1,1,1,0,17.302,0.0,0,0,1,0,13.46,0.0,0,0.0,0,0,0,1,0,1,0,1,0,0,0,12192.0,2,1,1,1,0,0,1,3,8.5,269.8,0,0,0,0,0,1
335100,68.663,0.711,1,1,1,0,17.302,0.0,0,0,1,0,13.46,0.0,0,0.0,0,0,0,1,0,1,0,1,0,0,0,12192.0,2,1,1,1,0,0,1,3,8.4,268.7,0,0,0,0,0,1
335200,68.734,0.711,1,1,1,0,17.302,0.0,0,0,1,0,13.46,0.0,0,0.0,0,0,0,1,0,1,0,1,0,0,0,12192.0,2,1,1,1,0,0,1,3,9.2,263.4,0,0,0,0,0,1
335300,68.805,0.711,1,1,1,0,17.302,0.0,0,0,1,0,13.46,0.0,0,0.0,0,0,0,1,0,1,0,1,0,0,0,12192.0,2,1,1,1,0,0,1,3,8.3,269.4,0,0,0,0,0,1
335400,68.876,0.711,1,1,1,0,17.302,0.0,0,0,1,0,13.46,0.0,0,0.0,0,0,0,1,0,1,0,1,0,0,0,12192.0,2,1,1,1,0,0,1,3,8.2,265.8,0,0,0,0,0,1
335500,68.947,0.711,1,1,1,0,17.302,0.0,0,0,1,0,13.46,0.0,0,0.0,0,0,0,1,0,1,0,1,0,0,0,12192.0,2,1,1,1,0,0,1,3,7.6,268.6,0,0,0,0,0,1
335600,69.018,0.711,1,1,1,0,17.302,0.0,0,0,1,0,13.46,0.0,0,0.0,0,0,0,1,0,1,0,1,0,0,0,12192.0,2,1,1,1,0,0,1,3,8.2,270.6,0,0,0,0,0,1
335700,69.089,0.711,1,1,1,0,17.302,0.0,0,0,1,0,13.46,0.0,0,0.0,0,0,0,1,0,1,0,1,0,0,0,12192.0,2,1,1,1,0,0,1,3,8.1,268.2,0,0,0,0,0,1
335800,69.16,0.711,1,1,1,0,17.302,0.0,0,0,1,0,13.46,0.0,0,0.0,0,0,0,1,0,1,0,1,0,0,0,12192.0,2,1,1,1,0,0,1,3,8.3,269.9,0,0,0,0,0,1
335900,69.231,0.711,1,1,1,0,17.302,0.0,0,0,1,0,13.46,0.0,0,0.0,0,0,0,1,0,1,0,1,0,0,0,12192.0,2,1,1,1,0,0,1,3,8.3,267.7,0,0,0,0,0,1
336000,69.302,0.711,1,1,1,0,17.302,0.0,0,0,1,0,13.46,0.0,0,0.0,0,0,0,1,0,1,0,1,0,0,0,12192.0,2,1,1,1,0,0,1,3,7.8,268.2,0,0,0,0,0,1
336100,69.373,0.711,1,1,1,0,17.302,0.0,0,0,1,0,13.46,0.0,0,0.0,0,0,0,1,0,1,0,1,0,0,0,12192.0,2,1,1,1,0,0,1,3,8.3,271.6,0,0,0,0,0,1
336200,69.444,0.711,1,1,1,0,17.302,0.0,0,0,1,0,13.46,0.0,0,0.0,0,0,0,1,0,1,0,1,0,0,0,12192.0,2,1,1,1,0,0,1,3,8.8,265.1,0,0,0,0,0,1
336300,69.515,0.711,1,1,1,0,17.302,0.0,0,0,1,0,13.46,0.0,0,0.0,0,0,0,1,0,1,0,1,0,0,0,12192.0,2,1,1,1,0,0,1,3,7.8,268.0,0,0,0,0,0,1
336400,69.586,0.711,1,1,1,0,17.302,0.0,0,0,1,0,13.46,0.0,0,0.0,0,0,0,1,0,1,0,1,0,0,0,12192.0,2,1,1,1,0,0,1,3,7.7,262.8,0,0,0,0,0,1
336500,69.657,0.711,1,1,1,0,17.302,0.0,0,0,1,0,13.46,0.0,0,0.0,0,0,0,1,0,1,0,1,0,0,0,12192.0,2,1,1,1,0,0,1,3,7.4,268.8,0,0,0,0,0,1
336600,69.728,0.711,1,1,1,0,17.302,0.0,0,0,1,0,13.46,0.0,0,0.0,0,0,0,1,0,1,0,1,0,0,0,12192.0,2,1,1,1,0,0,1,3,8.4,272.0,0,0,0,0,0,1
336700,69.8,0.711,1,1,1,0,17.302,0.0,0,0,1,0,13.46,0.0,0,0.0,0,0,0,1,0,1,0,1,0,0,0,12192.0,2,1,1,1,0,0,1,3,7.4,268.4,0,0,0,0,0,1
336800,69.871,0.711,1,1,1,0,17.302,0.0,0,0,1,0,13.46,0.0,0,0.0,0,0,0,1,0,1,0,1,0,0,0,12192.0,2,1,1,1,0,0,1,3,8.1,271.1,0,0,0,0,0,1
336900,69.942,0.711,1,1,1,0,17.302,0.0,0,0,1,0,13.46,0.0,0,0.0,0,0,0,1,0,1,0,1,0,0,0,12192.0,2,1,1,1,0,0,1,3,7.9,267.9,0,0,0,0,0,1
337000,70.013,0.711,1,1,1,0,17.302,0.0,0,0,1,0,13.46,0.0,0,0.0,0,0,0,1,0,1,0,1,0,0,0,12192.0,2,1,1,1,0,0,1,3,8.1,267.9,0,0,0,0,0,1
337100,70.084,0.711,1,1,1,0,17.302,0.0,0,0,1,0,13.46,0.0,0,0.0,0,0,0,1,0,1,0,1,0,0,0,12192.0,2,1,1,1,0,0,1,3,7.2,271.1,0,0,0,0,0,1
337200,70.155,0.711,1,1,1,0,17.302,0.0,0,0,1,0,13.46,0.0,0,0.0,0,0,0,1,0,1,0,1,0,0,0,12192.0,2,1,1,1,0,0,1,3,7.4,268.4,0,0,0,0,0,1
337300,70.226,0.711,1,1,1,0,17.302,0.0,0,0,1,0,13.46,0.0,0,0.0,0,0,0,1,0,1,0,1,0,0,0,12192.0,2,1,1,1,0,0,1,3,7.2,270.2,0,0,0,0,0,1
337400,70.297,0.711,1,1,1,0,17.302,0.0,0,0,1,0,13.46,0.0,0,0.0,0,0,0,1,0,1,0,1,0,0,0,12192.0,2,1,1,1,0,0,1,3,8.3,275.3,0,0,0,0,0,1
337500,70.368,0.711,1,1,1,0,17.302,0.0,0,0,1,0,13.46,0.0,0,0.0,0,0,0,1,0,1,0,1,0,0,0,12192.0,2,1,1,1,0,0,1,3,7.5,268.2,0,0,0,0,0,1
337600,70.439,0.711,1,1,1,0,17.302,0.0,0,0,1,0,13.46,0.0,0,0.0,0,0,0,1,0,1,0,1,0,0,0,12192.0,2,1,1,1,0,0,1,3,7.8,270.5,0,0,0,0,0,1
337700,70.51,0.711,1,1,1,0,17.302,0.0,0,0,1,0,13.46,0.0,0,0.0,0,0,0,1,0,1,0,1,0,0,0,12192.0,2,1,1,1,0,0,1,3,8.0,270.1,0,0,0,0,0,1
337800,70.581,0.711,1,1,1,0,17.302,0.0,0,0,1,0,13.46,0.0,0,0.0,0,0,0,1,0,1,0,1,0,0,0,12192.0,2,1,1,1,0,0,1,3,8.0,272.0,0,0,0,0,0,1
337900,70.652,0.711,1,1,1,0,17.302,0.0,0,0,1,0,13.46,0.0,0,0.0,0,0,0,1,0,1,0,1,0,0,0,12192.0,2,1,1,1,0,0,1,3,8.7,265.4,0,0,0,0,0,1
338000,70.723,0.711,1,1,1,0,17.302,0.0,0,0,1,0,13.46,0.0,0,0.0,0,0,0,1,0,1,0,1,0,0,0,12192.0,2,1,1,1,0,0,1,3,7.4,268.4,0,0,0,0,0,1
338100,70.794,0.711,1,1,1,0,17.302,0.0,0,0,1,0,13.46,0.0,0,0.0,0,0,0,1,0,1,0,1,0,0,0,12192.0,2,1,1,1,0,0,1,3,7.6,266.9,0,0,0,0,0,1
338200,70.865,0.711,1,1,1,0,17.302,0.0,0,0,1,0,13.46,0.0,0,0.0,0,0,0,1,0,1,0,1,0,0,0,12192.0,2,1,1,1,0,0,1,3,7.2,268.2,0,0,0,0,0,1
338300,70.937,0.711,1,1,1,0,17.302,0.0,0,0,1,0,13.46,0.0,0,0.0,0,0,0,1,0,1,0,1,0,0,0,12192.0,2,1,1,1,0,0,1,3,7.8,270.1,0,0,0,0,0,1
338400,71.008,0.711,1,1,1,0,17.302,0.0,0,0,1,0,13.46,0.0,0,0.0,0,0,0,1,0,1,0,1,0,0,0,12192.0,2,1,1,1,0,0,1,3,7.4,270.5,0,0,0,0,0,1
338500,71.079,0.711,1,1,1,0,17.302,0.0,0,0,1,0,13.46,0.0,0,0.0,0,0,0,1,0,1,0,1,0,0,0,12192.0,2,1,1,1,0,0,1,3,6.9,271.2,0,0,0,0,0,1
338600,71.15,0.711,1,1,1,0,17.302,0.0,0,0,1,0,13.46,0.0,0,0.0,0,0,0,1,0,1,0,1,0,0,0,12192.0,2,1,1,1,0,0,1,3,7.5,268.8,0,0,0,0,0,1
338700,71.221,0.711,1,1,1,0,17.302,0.0,0,0,1,0,13.46,0.0,0,0.0,0,0,0,1,0,1,0,1,0,0,0,12192.0,2,1,1,1,0,0,1,3,8.1,271.2,0,0,0,0,0,1
338800,71.292,0.711,1,1,1,0,17.302,0.0,0,0,1,0,13.46,0.0,0,0.0,0,0,0,1,0,1,0,1,0,0,0,12192.0,2,1,1,1,0,0,1,3,6.7,265.5,0,0,0,0,0,1
338900,71.363,0.711,1,1,1,0,17.302,0.0,0,0,1,0,13.46,0.0,0,0.0,0,0,0,1,0,1,0,1,0,0,0,12192.0,2,1,1,1,0,0,1,3,7.6,267.3,0,0,0,0,0,1
339000,71.434,0.711,1,1,1,0,17.302,0.0,0,0,1,0,13.46,0.0,0,0.0,0,0,0,1,0,1,0,1,0,0,0,12192.0,2,1,1,1,0,0,1,3,7.3,269.8,0,0,0,0,0,1
339100,71.505,0.711,1,1,1,0,17.302,0.0,0,0,1,0,13.46,0.0,0,0.0,0,0,0,1,0,1,0,1,0,0,0,12192.0,2,1,1,1,0,0,1,3,7.2,273.5,0,0,0,0,0,1
339200,71.576,0.711,1,1,1,0,17.302,0.0,0,0,1,0,13.46,0.0,0,0.0,0,0,0,1,0,1,0,1,0,0,0,12192.0,2,1,1,1,0,0,1,3,7.0,275.2,0,0,0,0,0,1
339300,71.647,0.711,1,1,1,0,17.302,0.0,0,0,1,0,13.46,0.0,0,0.0,0,0,0,1,0,1,0,1,0,0,0,12192.0,2,1,1,1,0,0,1,3,7.5,269.5,0,0,0,0,0,1
339400,71.718,0.711,1,1,1,0,17.302,0.0,0,0,1,0,13.46,0.0,0,0.0,0,0,0,1,0,1,0,1,0,0,0,12192.0,2,1,1,1,0,0,1,3,8.1,269.1,0,0,0,0,0,1
339500,71.789,0.711,1,1,1,0,17.302,0.0,0,0,1,0,13.46,0.0,0,0.0,0,0,0,1,0,1,0,1,0,0,0,12192.0,2,1,1,1,0,0,1,3,6.9,270.5,0,0,0,0,0,1
339600,71.86,0.711,1,1,1,0,17.302,0.0,0,0,1,0,13.46,0.0,0,0.0,0,0,0,1,0,1,0,1,0,0,0,12192.0,2,1,1,1,0,0,1,3,8.2,270.7,0,0,0,0,0,1
339700,71.931,0.711,1,1,1,0,17.302,0.0,0,0,1,0,13.46,0.0,0,0.0,0,0,0,1,0,1,0,1,0,0,0,12192.0,2,1,1,1,0,0,1,3,7.5,272.2,0,0,0,0,0,1
339800,72.002,0.711,1,1,1,0,17.302,0.0,0,0,1,0,13.46,0.0,0,0.0,0,0,0,1,0,1,0,1,0,0,0,12192.0,2,1,1,1,0,0,1,3,7.6,269.1,0,0,0,0,0,1
339900,72.074,0.711,1,1,1,0,17.302,0.0,0,0,1,0,13.46,0.0,0,0.0,0,0,0,1,0,1,0,1,0,0,0,12192.0,2,1,1,1,0,0,1,3,6.9,272.8,0,0,0,0,0,1
340000,72.145,0.711,1,1,1,0,17.302,0.0,0,0,1,0,13.46,0.0,0,0.0,0,0,0,1,0,1,0,1,0,0,0,12192.0,2,1,1,1,0,0,1,3,7.0,271.2,0,0,0,0,0,1
340100,72.216,0.711,1,1,1,0,17.302,0.0,0,0,1,0,13.46,0.0,0,0.0,0,0,0,1,0,1,0,1,0,0,0,12192.0,2,1,1,1,0,0,1,3,7.2,273.6,0,0,0,0,0,1
340200,72.287,0.711,1,1,1,0,17.302,0.0,0,0,1,0,13.46,0.0,0,0.0,0,0,0,1,0,1,0,1,0,0,0,12192.0,2,1,1,1,0,0,1,3,8.3,268.4,0,0,0,0,0,1
340300,72.358,0.711,1,1,1,0,17.302,0.0,0,0,1,0,13.46,0.0,0,0.0,0,0,0,1,0,1,0,1,0,0,0,12192.0,2,1,1,1,0,0,1,3,6.9,273.0,0,0,0,0,0,1
340400,72.429,0.711,1,1,1,0,17.302,0.0,0,0,1,0,13.46,0.0,0,0.0,0,0,0,1,0,1,0,1,0,0,0,12192.0,2,1,1,1,0,0,1,3,7.8,267.4,0,0,0,0,0,1
340500,72.5,0.711,1,1,1,0,17.302,0.0,0,0,1,0,13.46,0.0,0,0.0,0,0,0,1,0,1,0,1,0,0,0,12192.0,2,1,1,1,0,0,1,3,9.2,267.2,0,0,0,0,0,1
340600,72.571,0.711,1,1,1,0,17.302,0.0,0,0,1,0,13.46,0.0,0,0.0,0,0,0,1,0,1,0,1,0,0,0,12192.0,2,1,1,1,0,0,1,3,7.1,266.1,0,0,0,0,0,1
340700,72.642,0.711,1,1,1,0,17.302,0.0,0,0,1,0,13.46,0.0,0,0.0,0,0,0,1,0,1,0,1,0,0,0,12192.0,2,1,1,1,0,0,1,3,8.0,271.8,0,0,0,0,0,1
340800,72.713,0.711,1,1,1,0,17.302,0.0,0,0,1,0,13.46,0.0,0,0.0,0,0,0,1,0,1,0,1,0,0,0,12192.0,2,1,1,1,0,0,1,3,8.7,269.6,0,0,0,0,0,1
340900,72.784,0.711,1,1,1,0,17.302,0.0,0,0,1,0,13.46,0.0,0,0.0,0,0,0,1,0,1,0,1,0,0,0,12192.0,2,1,1,1,0,0,1,3,7.5,267.5,0,0,0,0,0,1
341000,72.855,0.711,1,1,1,0,17.302,0.0,0,0,1,0,13.46,0.0,0,0.0,0,0,0,1,0,1,0,1,0,0,0,12192.0,2,1,1,1,0,0,1,3,7.1,269.1,0,0,0,0,0,1
341100,72.926,0.711,1,1,1,0,17.302,0.0,0,0,1,0,13.46,0.0,0,0.0,0,0,0,1,0,1,0,1,0,0,0,12192.0,2,1,1,1,0,0,1,3,7.9,270.2,0,0,0,0,0,1
341200,72.997,0.711,1,1,1,0,17.302,0.0,0,0,1,0,13.46,0.0,0,0.0,0,0,0,1,0,1,0,1,0,0,0,12192.0,2,1,1,1,0,0,1,3,7.2,272.5,0,0,0,0,0,1
341300,73.068,0.711,1,1,1,0,17.302,0.0,0,0,1,0,13.46,0.0,0,0.0,0,0,0,1,0,1,0,1,0,0,0,12192.0,2,1,1,1,0,0,1,3,7.9,273.0,0,0,0,0,0,1
341400,73.139,0.711,1,1,1,0,17.302,0.0,0,0,1,0,13.46,0.0,0,0.0,0,0,0,1,0,1,0,1,0,0,0,12192.0,2,1,1,1,0,0,1,3,8.3,269.8,0,0,0,0,0,1
341500,73.211,0.711,1,1,1,0,17.302,0.0,0,0,1,0,13.46,0.0,0,0.0,0,0,0,1,0,1,0,1,0,0,0,12192.0,2,1,1,1,0,0,1,3,8.5,269.6,0,0,0,0,0,1
341600,73.282,0.711,1,1,1,0,17.302,0.0,0,0,1,0,13.46,0.0,0,0.0,0,0,0,1,0,1,0,1,0,0,0,12192.0,2,1,1,1,0,0,1,3,7.9,268.8,0,0,0,0,0,1
341700,73.353,0.711,1,1,1,0,17.302,0.0,0,0,1,0,13.46,0.0,0,0.0,0,0,0,1,0,1,0,1,0,0,0,12192.0,2,1,1,1,0,0,1,3,8.3,268.7,0,0,0,0,0,1
341800,73.424,0.711,1,1,1,0,17.302,0.0,0,0,1,0,13.46,0.0,0,0.0,0,0,0,1,0,1,0,1,0,0,0,12192.0,2,1,1,1,0,0,1,3,8.2,270.6,0,0,0,0,0,1
341900,73.495,0.711,1,1,1,0,17.302,0.0,0,0,1,0,13.46,0.0,0,0.0,0,0,0,1,0,1,0,1,0,0,0,12192.0,2,1,1,1,0,0,1,3,7.5,269.7,0,0,0,0,0,1
342000,73.566,0.711,1,1,1,0,17.302,0.0,0,0,1,0,13.46,0.0,0,0.0,0,0,0,1,0,1,0,1,0,0,0,12192.0,2,1,1,1,0,0,1,3,8.6,270.0,0,0,0,0,0,1
342100,73.637,0.711,1,1,1,0,17.302,0.0,0,0,1,0,13.46,0.0,0,0.0,0,0,0,1,0,1,0,1,0,0,0,12192.0,2,1,1,1,0,0,1,3,8.6,263.4,0,0,0,0,0,1
342200,73.708,0.711,1,1,1,0,17.302,0.0,0,0,1,0,13.46,0.0,0,0.0,0,0,0,1,0,1,0,1,0,0,0,12192.0,2,1,1,1,0,0,1,3,8.0,274.5,0,0,0,0,0,1
342300,73.779,0.711,1,1,1,0,17.302,0.0,0,0,1,0,13.46,0.0,0,0.0,0,0,0,1,0,1,0,1,0,0,0,12192.0,2,1,1,1,0,0,1,3,8.7,272.1,0,0,0,0,0,1
342400,73.85,0.711,1,1,1,0,17.302,0.0,0,0,1,0,13.46,0.0,0,0.0,0,0,0,1,0,1,0,1,0,0,0,12192.0,2,1,1,1,0,0,1,3,8.3,271.6,0,0,0,0,0,1
342500,73.921,0.711,1,1,1,0,17.302,0.0,0,0,1,0,13.46,0.0,0,0.0,0,0,0,1,0,1,0,1,0,0,0,12192.0,2,1,1,1,0,0,1,3,8.2,264.9,0,0,0,0,0,1
342600,73.992,0.711,1,1,1,0,17.302,0.0,0,0,1,0,13.46,0.0,0,0.0,0,0,0,1,0,1,0,1,0,0,0,12192.0,2,1,1,1,0,0,1,3,8.6,270.4,0,0,0,0,0,1
342700,74.063,0.711,1,1,1,0,17.302,0.0,0,0,1,0,13.46,0.0,0,0.0,0,0,0,1,0,1,0,1,0,0,0,12192.0,2,1,1,1,0,0,1,3,8.6,268.8,0,0,0,0,0,1
342800,74.134,0.711,1,1,1,0,17.302,0.0,0,0,1,0,13.46,0.0,0,0.0,0,0,0,1,0,1,0,1,0,0,0,12192.0,2,1,1,1,0,0,1,3,8.0,268.6,0,0,0,0,0,1
342900,74.205,0.711,1,1,1,0,17.302,0.0,0,0,1,0,13.46,0.0,0,0.0,0,0,0,1,0,1,0,1,0,0,0,12192.0,2,1,1,1,0,0,1,3,9.3,266.3,0,0,0,0,0,1
343000,74.276,0.711,1,1,1,0,17.302,0.0,0,0,1,0,13.46,0.0,0,0.0,0,0,0,1,0,1,0,1,0,0,0,12192.0,2,1,1,1,0,0,1,3,10.2,268.0,0,0,0,0,0,1
343100,74.348,0.711,1,1,1,0,17.302,0.0,0,0,1,0,13.46,0.0,0,0.0,0,0,0,1,0,1,0,1,0,0,0,12192.0,2,1,1,1,0,0,1,3,8.1,268.4,0,0,0,0,0,1
343200,74.419,0.711,1,1,1,0,17.302,0.0,0,0,1,0,13.46,0.0,0,0.0,0,0,0,1,0,1,0,1,0,0,0,12192.0,2,1,1,1,0,0,1,3,8.2,273.6,0,0,0,0,0,1
343300,74.49,0.711,1,1,1,0,17.302,0.0,0,0,1,0,13.46,0.0,0,0.0,0,0,0,1,0,1,0,1,0,0,0,12192.0,2,1,1,1,0,0,1,3,8.0,268.2,0,0,0,0,0,1
343400,74.561,0.711,1,1,1,0,17.302,0.0,0,0,1,0,13.46,0.0,0,0.0,0,0,0,1,0,1,0,1,0,0,0,12192.0,2,1,1,1,0,0,1,3,8.8,267.6,0,0,0,0,0,1
343500,74.632,0.711,1,1,1,0,17.302,0.0,0,0,1,0,13.46,0.0,0,0.0,0,0,0,1,0,1,0,1,0,0,0,12192.0,2,1,1,1,0,0,1,3,9.1,271.9,0,0,0,0,0,1
343600,74.703,0.711,1,1,1,0,17.302,0.0,0,0,1,0,13.46,0.0,0,0.0,0,0,0,1,0,1,0,1,0,0,0,12192.0,2,1,1,1,0,0,1,3,8.9,269.7,0,0,0,0,0,1
343700,74.774,0.711,1,1,1,0,17.302,0.0,0,0,1,0,13.46,0.0,0,0.0,0,0,0,1,0,1,0,1,0,0,0,12192.0,2,1,1,1,0,0,1,3,8.3,273.8,0,0,0,0,0,1
343800,74.845,0.711,1,1,1,0,17.302,0.0,0,0,1,0,13.46,0.0,0,0.0,0,0,0,1,0,1,0,1,0,0,0,12192.0,2,1,1,1,0,0,1,3,8.5,273.7,0,0,0,0,0,1
343900,74.916,0.711,1,1,1,0,17.302,0.0,0,0,1,0,13.46,0.0,0,0.0,0,0,0,1,0,1,0,1,0,0,0,12192.0,2,1,1,1,0,0,1,3,9.2,274.6,0,0,0,0,0,1
344000,74.987,0.711,1,1,1,0,17.302,0.0,0,0,1,0,13.46,0.0,0,0.0,0,0,0,1,0,1,0,1,0,0,0,12192.0,2,1,1,1,0,0,1,3,8.7,274.1,0,0,0,0,0,1
344100,75.058,0.711,1,1,1,0,17.302,0.0,0,0,1,0,13.46,0.0,0,0.0,0,0,0,1,0,1,0,1,0,0,0,12192.0,2,1,1,1,0,0,1,3,8.2,274.7,0,0,0,0,0,1
344200,75.129,0.711,1,1,1,0,17.302,0.0,0,0,1,0,13.46,0.0,0,0.0,0,0,0,1,0,1,0,1,0,0,0,12192.0,2,1,1,1,0,0,1,3,8.5,271.9,0,0,0,0,0,1
344300,75.2,0.711,1,1,1,0,17.302,0.0,0,0,1,0,13.46,0.0,0,0.0,0,0,0,1,0,1,0,1,0,0,0,12192.0,2,1,1,1,0,0,1,3,8.8,269.8,0,0,0,0,0,1
344400,75.271,0.711,1,1,1,0,17.302,0.0,0,0,1,0,13.46,0.0,0,0.0,0,0,0,1,0,1,0,1,0,0,0,12192.0,2,1,1,1,0,0,1,3,8.4,268.9,0,0,0,0,0,1
344500,75.342,0.711,1,1,1,0,17.302,0.0,0,0,1,0,13.46,0.0,0,0.0,0,0,0,1,0,1,0,1,0,0,0,12192.0,2,1,1,1,0,0,1,3,8.7,272.9,0,0,0,0,0,1
344600,75.413,0.711,1,1,1,0,17.302,0.0,0,0,1,0,13.46,0.0,0,0.0,0,0,0,1,0,1,0,1,0,0,0,12192.0,2,1,1,1,0,0,1,3,8.5,273.6,0,0,0,0,0,1
344700,75.485,0.711,1,1,1,0,17.302,0.0,0,0,1,0,13.46,0.0,0,0.0,0,0,0,1,0,1,0,1,0,0,0,12192.0,2,1,1,1,0,0,1,3,8.1,274.1,0,0,0,0,0,1
344800,75.556,0.711,1,1,1,0,17.302,0.0,0,0,1,0,13.46,0.0,0,0.0,0,0,0,1,0,1,0,1,0,0,0,12192.0,2,1,1,1,0,0,1,3,8.5,270.7,0,0,0,0,0,1
344900,75.627,0.711,1,1,1,0,17.302,0.0,0,0,1,0,13.46,0.0,0,0.0,0,0,0,1,0,1,0,1,0,0,0,12192.0,2,1,1,1,0,0,1,3,8.7,270.9,0,0,0,0,0,1
345000,75.698,0.711,1,1,1,0,17.302,0.0,0,0,1,0,13.46,0.0,0,0.0,0,0,0,1,0,1,0,1,0,0,0,12192.0,2,1,1,1,0,0,1,3,8.2,270.4,0,0,0,0,0,1
345100,75.769,0.711,1,1,1,0,17.302,0.0,0,0,1,0,13.46,0.0,0,0.0,0,0,0,1,0,1,0,1,0,0,0,12192.0,2,1,1,1,0,0,1,3,7.7,273.1,0,0,0,0,0,1
345200,75.84,0.711,1,1,1,0,17.302,0.0,0,0,1,0,13.46,0.0,0,0.0,0,0,0,1,0,1,0,1,0,0,0,12192.0,2,1,1,1,0,0,1,3,8.1,267.1,0,0,0,0,0,1
345300,75.911,0.711,1,1,1,0,17.302,0.0,0,0,1,0,13.46,0.0,0,0.0,0,0,0,1,0,1,0,1,0,0,0,12192.0,2,1,1,1,0,0,1,3,7.6,266.1,0,0,0,0,0,1
345400,75.982,0.711,1,1,1,0,17.302,0.0,0,0,1,0,13.46,0.0,0,0.0,0,0,0,1,0,1,0,1,0,0,0,12192.0,2,1,1,1,0,0,1,3,8.4,270.3,0,0,0,0,0,1
345500,76.053,0.711,1,1,1,0,17.302,0.0,0,0,1,0,13.46,0.0,0,0.0,0,0,0,1,0,1,0,1,0,0,0,12192.0,2,1,1,1,0,0,1,3,8.8,270.0,0,0,0,0,0,1
345600,76.124,0.711,1,1,1,0,17.302,0.0,0,0,1,0,13.46,0.0,0,0.0,0,0,0,1,0,1,0,1,0,0,0,12192.0,2,1,1,1,0,0,1,3,7.8,268.5,0,0,0,0,0,1
345700,76.195,0.711,1,1,1,0,17.302,0.0,0,0,1,0,13.46,0.0,0,0.0,0,0,0,1,0,1,0,1,0,0,0,12192.0,2,1,1,1,0,0,1,3,8.2,273.2,0,0,0,0,0,1
345800,76.266,0.711,1,1,1,0,17.302,0.0,0,0,1,0,13.46,0.0,0,0.0,0,0,0,1,0,1,0,1,0,0,0,12192.0,2,1,1,1,0,0,1,3,8.3,272.2,0,0,0,0,0,1
345900,76.337,0.711,1,1,1,0,17.302,0.0,0,0,1,0,13.46,0.0,0,0.0,0,0,0,1,0,1,0,1,0,0,0,12192.0,2,1,1,1,0,0,1,3,8.3,263.2,0,0,0,0,0,1
346000,76.408,0.711,1,1,1,0,17.302,0.0,0,0,1,0,13.46,0.0,0,0.0,0,0,0,1,0,1,0,1,0,0,0,12192.0,2,1,1,1,0,0,1,3,7.6,269.6,0,0,0,0,0,1
346100,76.479,0.711,1,1,1,0,17.302,0.0,0,0,1,0,13.46,0.0,0,0.0,0,0,0,1,0,1,0,1,0,0,0,12192.0,2,1,1,1,0,0,1,3,8.0,268.7,0,0,0,0,0,1
346200,76.55,0.711,1,1,1,0,17.302,0.0,0,0,1,0,13.46,0.0,0,0.0,0,0,0,1,0,1,0,1,0,0,0,12192.0,2,1,1,1,0,0,1,3,7.6,269.3,0,0,0,0,0,1
346300,76.622,0.711,1,1,1,0,17.302,0.0,0,0,1,0,13.46,0.0,0,0.0,0,0,0,1,0,1,0,1,0,0,0,12192.0,2,1,1,1,0,0,1,3,7.3,265.4,0,0,0,0,0,1
346400,76.693,0.711,1,1,1,0,17.302,0.0,0,0,1,0,13.46,0.0,0,0.0,0,0,0,1,0,1,0,1,0,0,0,12192.0,2,1,1,1,0,0,1,3,7.3,275.1,0,0,0,0,0,1
346500,76.764,0.711,1,1,1,0,17.302,0.0,0,0,1,0,13.46,0.0,0,0.0,0,0,0,1,0,1,0,1,0,0,0,12192.0,2,1,1,1,0,0,1,3,7.4,270.6,0,0,0,0,0,1
346600,76.835,0.711,1,1,1,0,17.302,0.0,0,0,1,0,13.46,0.0,0,0.0,0,0,0,1,0,1,0,1,0,0,0,12192.0,2,1,1,1,0,0,1,3,8.3,265.3,0,0,0,0,0,1
346700,76.906,0.711,1,1,1,0,17.302,0.0,0,0,1,0,13.46,0.0,0,0.0,0,0,0,1,0,1,0,1,0,0,0,12192.0,2,1,1,1,0,0,1,3,8.6,268.1,0,0,0,0,0,1
346800,76.977,0.711,1,1,1,0,17.302,0.0,0,0,1,0,13.46,0.0,0,0.0,0,0,0,1,0,1,0,1,0,0,0,12192.0,2,1,1,1,0,0,1,3,7.1,269.6,0,0,0,0,0,1
346900,77.048,0.711,1,1,1,0,17.302,0.0,0,0,1,0,13.46,0.0,0,0.0,0,0,0,1,0,1,0,1,0,0,0,12192.0,2,1,1,1,0,0,1,3,7.6,271.2,0,0,0,0,0,1
347000,77.119,0.711,1,1,1,0,17.302,0.0,0,0,1,0,13.46,0.0,0,0.0,0,0,0,1,0,1,0,1,0,0,0,12192.0,2,1,1,1,0,0,1,3,7.3,269.8,0,0,0,0,0,1
347100,77.19,0.711,1,1,1,0,17.302,0.0,0,0,1,0,13.46,0.0,0,0.0,0,0,0,1,0,1,0,1,0,0,0,12192.0,2,1,1,1,0,0,1,3,8.2,269.7,0,0,0,0,0,1
347200,77.261,0.711,1,1,1,0,17.302,0.0,0,0,1,0,13.46,0.0,0,0.0,0,0,0,1,0,1,0,1,0,0,0,12192.0,2,1,1,1,0,0,1,3,6.9,266.1,0,0,0,0,0,1
347300,77.332,0.711,1,1,1,0,17.302,0.0,0,0,1,0,13.46,0.0,0,0.0,0,0,0,1,0,1,0,1,0,0,0,12192.0,2,1,1,1,0,0,1,3,7.3,269.0,0,0,0,0,0,1
347400,77.403,0.711,1,1,1,0,17.302,0.0,0,0,1,0,13.46,0.0,0,0.0,0,0,0,1,0,1,0,1,0,0,0,12192.0,2,1,1,1,0,0,1,3,6.9,269.1,0,0,0,0,0,1
347500,77.474,0.711,1,1,1,0,17.302,0.0,0,0,1,0,13.46,0.0,0,0.0,0,0,0,1,0,1,0,1,0,0,0,12192.0,2,1,1,1,0,0,1,3,6.2,268.9,0,0,0,0,0,1
347600,77.545,0.711,1,1,1,0,17.302,0.0,0,0,1,0,13.46,0.0,0,0.0,0,0,0,1,0,1,0,1,0,0,0,12192.0,2,1,1,1,0,0,1,3,6.7,270.4,0,0,0,0,0,1
347700,77.616,0.711,1,1,1,0,17.302,0.0,0,0,1,0,13.46,0.0,0,0.0,0,0,0,1,0,1,0,1,0,0,0,12192.0,2,1,1,1,0,0,1,3,7.9,269.1,0,0,0,0,0,1
347800,77.687,0.711,1,1,1,0,17.302,0.0,0,0,1,0,13.46,0.0,0,0.0,0,0,0,1,0,1,0,1,0,0,0,12192.0,2,1,1,1,0,0,1,3,8.1,267.1,0,0,0,0,0,1
347900,77.759,0.711,1,1,1,0,17.302,0.0,0,0,1,0,13.46,0.0,0,0.0,0,0,0,1,0,1,0,1,0,0,0,12192.0,2,1,1,1,0,0,1,3,7.2,269.9,0,0,0,0,0,1
348000,77.83,0.711,1,1,1,0,17.302,0.0,0,0,1,0,13.46,0.0,0,0.0,0,0,0,1,0,1,0,1,0,0,0,12192.0,2,1,1,1,0,0,1,3,7.2,270.6,0,0,0,0,0,1
348100,77.901,0.711,1,1,1,0,17.302,0.0,0,0,1,0,13.46,0.0,0,0.0,0,0,0,1,0,1,0,1,0,0,0,12192.0,2,1,1,1,0,0,1,3,7.2,268.0,0,0,0,0,0,1
348200,77.972,0.711,1,1,1,0,17.302,0.0,0,0,1,0,13.46,0.0,0,0.0,0,0,0,1,0,1,0,1,0,0,0,12192.0,2,1,1,1,0,0,1,3,8.0,267.8,0,0,0,0,0,1
348300,78.043,0.711,1,1,1,0,17.302,0.0,0,0,1,0,13.46,0.0,0,0.0,0,0,0,1,0,1,0,1,0,0,0,12192.0,2,1,1,1,0,0,1,3,7.0,268.5,0,0,0,0,0,1
348400,78.114,0.711,1,1,1,0,17.302,0.0,0,0,1,0,13.46,0.0,0,0.0,0,0,0,1,0,1,0,1,0,0,0,12192.0,2,1,1,1,0,0,1,3,7.7,267.2,0,0,0,0,0,1
348500,78.185,0.711,1,1,1,0,17.302,0.0,0,0,1,0,13.46,0.0,0,0.0,0,0,0,1,0,1,0,1,0,0,0,12192.0,2,1,1,1,0,0,1,3,7.1,265.6,0,0,0,0,0,1
348600,78.256,0.711,1,1,1,0,17.302,0.0,0,0,1,0,13.46,0.0,0,0.0,0,0,0,1,0,1,0,1,0,0,0,12192.0,2,1,1,1,0,0,1,3,7.8,273.6,0,0,0,0,0,1
348700,78.327,0.711,1,1,1,0,17.302,0.0,0,0,1,0,13.46,0.0,0,0.0,0,0,0,1,0,1,0,1,0,0,0,12192.0,2,1,1,1,0,0,1,3,8.0,273.4,0,0,0,0,0,1
348800,78.398,0.711,1,1,1,0,17.302,0.0,0,0,1,0,13.46,0.0,0,0.0,0,0,0,1,0,1,0,1,0,0,0,12192.0,2,1,1,1,0,0,1,3,7.9,270.3,0,0,0,0,0,1
348900,78.469,0.711,1,1,1,0,17.302,0.0,0,0,1,0,13.46,0.0,0,0.0,0,0,0,1,0,1,0,1,0,0,0,12192.0,2,1,1,1,0,0,1,3,8.6,266.2,0,0,0,0,0,1
349000,78.54,0.711,1,1,1,0,17.302,0.0,0,0,1,0,13.46,0.0,0,0.0,0,0,0,1,0,1,0,1,0,0,0,12192.0,2,1,1,1,0,0,1,3,7.3,268.2,0,0,0,0,0,1
349100,78.611,0.711,1,1,1,0,17.302,0.0,0,0,1,0,13.46,0.0,0,0.0,0,0,0,1,0,1,0,1,0,0,0,12192.0,2,1,1,1,0,0,1,3,7.2,272.6,0,0,0,0,0,1
349200,78.682,0.711,1,1,1,0,17.302,0.0,0,0,1,0,13.46,0.0,0,0.0,0,0,0,1,0,1,0,1,0,0,0,12192.0,2,1,1,1,0,0,1,3,8.0,272.6,0,0,0,0,0,1
349300,78.753,0.711,1,1,1,0,17.302,0.0,0,0,1,0,13.46,0.0,0,0.0,0,0,0,1,0,1,0,1,0,0,0,12192.0,2,1,1,1,0,0,1,3,8.7,267.0,0,0,0,0,0,1
349400,78.824,0.711,1,1,1,0,17.302,0.0,0,0,1,0,13.46,0.0,0,0.0,0,0,0,1,0,1,0,1,0,0,0,12192.0,2,1,1,1,0,0,1,3,7.2,269.6,0,0,0,0,0,1
349500,78.896,0.711,1,1,1,0,17.302,0.0,0,0,1,0,13.46,0.0,0,0.0,0,0,0,1,0,1,0,1,0,0,0,12192.0,2,1,1,1,0,0,1,3,8.3,269.4,0,0,0,0,0,1
349600,78.967,0.711,1,1,1,0,17.302,0.0,0,0,1,0,13.46,0.0,0,0.0,0,0,0,1,0,1,0,1,0,0,0,12192.0,2,1,1,1,0,0,1,3,7.6,274.3,0,0,0,0,0,1
349700,79.038,0.711,1,1,1,0,17.302,0.0,0,0,1,0,13.46,0.0,0,0.0,0,0,0,1,0,1,0,1,0,0,0,12192.0,2,1,1,1,0,0,1,3,7.7,266.8,0,0,0,0,0,1
349800,79.109,0.711,1,1,1,0,17.302,0.0,0,0,1,0,13.46,0.0,0,0.0,0,0,0,1,0,1,0,1,0,0,0,12192.0,2,1,1,1,0,0,1,3,7.5,274.1,0,0,0,0,0,1
349900,79.18,0.711,1,1,1,0,17.302,0.0,0,0,1,0,13.46,0.0,0,0.0,0,0,0,1,0,1,0,1,0,0,0,12192.0,2,1,1,1,0,0,1,3,9.0,275.5,0,0,0,0,0,1
350000,79.251,0.711,1,1,1,0,17.302,0.0,0,0,1,0,13.46,0.0,0,0.0,0,0,0,1,0,1,0,1,0,0,0,12192.0,2,1,1,1,0,0,1,3,8.6,269.7,0,0,0,0,0,1
350100,79.322,0.711,1,1,1,0,17.302,0.0,0,0,1,0,13.46,0.0,0,0.0,0,0,0,1,0,1,0,1,0,0,0,12192.0,2,1,1,1,0,0,1,3,8.5,268.7,0,0,0,0,0,1
350200,79.393,0.711,1,1,1,0,17.302,0.0,0,0,1,0,13.46,0.0,0,0.0,0,0,0,1,0,1,0,1,0,0,0,12192.0,2,1,1,1,0,0,1,3,8.2,271.3,0,0,0,0,0,1
350300,79.464,0.711,1,1,1,0,17.302,0.0,0,0,1,0,13.46,0.0,0,0.0,0,0,0,1,0,1,0,1,0,0,0,12192.0,2,1,1,1,0,0,1,3,7.6,268.2,0,0,0,0,0,1
350400,79.535,0.711,1,1,1,0,17.302,0.0,0,0,1,0,13.46,0.0,0,0.0,0,0,0,1,0,1,0,1,0,0,0,12192.0,2,1,1,1,0,0,1,3,7.8,265.1,0,0,0,0,0,1
350500,79.606,0.711,1,1,1,0,17.302,0.0,0,0,1,0,13.46,0.0,0,0.0,0,0,0,1,0,1,0,1,0,0,0,12192.0,2,1,1,1,0,0,1,3,8.5,269.7,0,0,0,0,0,1
350600,79.677,0.711,1,1,1,0,17.302,0.0,0,0,1,0,13.46,0.0,0,0.0,0,0,0,1,0,1,0,1,0,0,0,12192.0,2,1,1,1,0,0,1,3,8.1,271.4,0,0,0,0,0,1
350700,79.748,0.711,1,1,1,0,17.302,0.0,0,0,1,0,13.46,0.0,0,0.0,0,0,0,1,0,1,0,1,0,0,0,12192.0,2,1,1,1,0,0,1,3,8.6,269.2,0,0,0,0,0,1
350800,79.819,0.711,1,1,1,0,17.302,0.0,0,0,1,0,13.46,0.0,0,0.0,0,0,0,1,0,1,0,1,0,0,0,12192.0,2,1,1,1,0,0,1,3,8.3,271.7,0,0,0,0,0,1
350900,79.89,0.711,1,1,1,0,17.302,0.0,0,0,1,0,13.46,0.0,0,0.0,0,0,0,1,0,1,0,1,0,0,0,12192.0,2,1,1,1,0,0,1,3,8.2,271.7,0,0,0,0,0,1
351000,79.961,0.711,1,1,1,0,17.302,0.0,0,0,1,0,13.46,0.0,0,0.0,0,0,0,1,0,1,0,1,0,0,0,12192.0,2,1,1,1,0,0,1,3,8.9,270.6,0,0,0,0,0,1
351100,80.033,0.711,1,1,1,0,17.302,0.0,0,0,1,0,13.46,0.0,0,0.0,0,0,0,1,0,1,0,1,0,0,0,12192.0,2,1,1,1,0,0,1,3,8.6,267.9,0,0,0,0,0,1
351200,80.104,0.711,1,1,1,0,17.302,0.0,0,0,1,0,13.46,0.0,0,0.0,0,0,0,1,0,1,0,1,0,0,0,12192.0,2,1,1,1,0,0,1,3,8.6,270.5,0,0,0,0,0,1
351300,80.175,0.711,1,1,1,0,17.302,0.0,0,0,1,0,13.46,0.0,0,0.0,0,0,0,1,0,1,0,1,0,0,0,12192.0,2,1,1,1,0,0,1,3,8.9,268.3,0,0,0,0,0,1
351400,80.246,0.711,1,1,1,0,17.302,0.0,0,0,1,0,13.46,0.0,0,0.0,0,0,0,1,0,1,0,1,0,0,0,12192.0,2,1,1,1,0,0,1,3,8.6,271.2,0,0,0,0,0,1
351500,80.317,0.711,1,1,1,0,17.302,0.0,0,0,1,0,13.46,0.0,0,0.0,0,0,0,1,0,1,0,1,0,0,0,12192.0,2,1,1,1,0,0,1,3,8.7,271.1,0,0,0,0,0,1
351600,80.388,0.711,1,1,1,0,17.302,0.0,0,0,1,0,13.46,0.0,0,0.0,0,0,0,1,0,1,0,1,0,0,0,12192.0,2,1,1,1,0,0,1,3,8.8,269.2,0,0,0,0,0,1
351700,80.459,0.711,1,1,1,0,17.302,0.0,0,0,1,0,13.46,0.0,0,0.0,0,0,0,1,0,1,0,1,0,0,0,12192.0,2,1,1,1,0,0,1,3,8.6,269.9,0,0,0,0,0,1
351800,80.53,0.711,1,1,1,0,17.302,0.0,0,0,1,0,13.46,0.0,0,0.0,0,0,0,1,0,1,0,1,0,0,0,12192.0,2,1,1,1,0,0,1,3,8.8,268.1,0,0,0,0,0,1
351900,80.601,0.711,1,1,1,0,17.302,0.0,0,0,1,0,13.46,0.0,0,0.0,0,0,0,1,0,1,0,1,0,0,0,12192.0,2,1,1,1,0,0,1,3,9.0,268.0,0,0,0,0,0,1
352000,80.672,0.711,1,1,1,0,17.302,0.0,0,0,1,0,13.46,0.0,0,0.0,0,0,0,1,0,1,0,1,0,0,0,12192.0,2,1,1,1,0,0,1,3,8.6,277.8,0,0,0,0,0,1
352100,80.743,0.711,1,1,1,0,17.302,0.0,0,0,1,0,13.46,0.0,0,0.0,0,0,0,1,0,1,0,1,0,0,0,12192.0,2,1,1,1,0,0,1,3,7.8,269.5,0,0,0,0,0,1
352200,80.814,0.711,1,1,1,0,17.302,0.0,0,0,1,0,13.46,0.0,0,0.0,0,0,0,1,0,1,0,1,0,0,0,12192.0,2,1,1,1,0,0,1,3,8.8,266.5,0,0,0,0,0,1
352300,80.885,0.711,1,1,1,0,17.302,0.0,0,0,1,0,13.46,0.0,0,0.0,0,0,0,1,0,1,0,1,0,0,0,12192.0,2,1,1,1,0,0,1,3,9.0,275.1,0,0,0,0,0,1
352400,80.956,0.711,1,1,1,0,17.302,0.0,0,0,1,0,13.46,0.0,0,0.0,0,0,0,1,0,1,0,1,0,0,0,12192.0,2,1,1,1,0,0,1,3,8.3,272.5,0,0,0,0,0,1
352500,81.027,0.711,1,1,1,0,17.302,0.0,0,0,1,0,13.46,0.0,0,0.0,0,0,0,1,0,1,0,1,0,0,0,12192.0,2,1,1,1,0,0,1,3,8.5,269.2,0,0,0,0,0,1
352600,81.098,0.711,1,1,1,0,17.302,0.0,0,0,1,0,13.46,0.0,0,0.0,0,0,0,1,0,1,0,1,0,0,0,12192.0,2,1,1,1,0,0,1,3,9.3,274.8,0,0,0,0,0,1
352700,81.17,0.711,1,1,1,0,17.302,0.0,0,0,1,0,13.46,0.0,0,0.0,0,0,0,1,0,1,0,1,0,0,0,12192.0,2,1,1,1,0,0,1,3,8.4,270.7,0,0,0,0,0,1
352800,81.241,0.711,1,1,1,0,17.302,0.0,0,0,1,0,13.46,0.0,0,0.0,0,0,0,1,0,1,0,1,0,0,0,12192.0,2,1,1,1,0,0,1,3,8.8,263.2,0,0,0,0,0,1
352900,81.312,0.711,1,1,1,0,17.302,0.0,0,0,1,0,13.46,0.0,0,0.0,0,0,0,1,0,1,0,1,0,0,0,12192.0,2,1,1,1,0,0,1,3,8.7,271.7,0,0,0,0,0,1
353000,81.383,0.711,1,1,1,0,17.302,0.0,0,0,1,0,13.46,0.0,0,0.0,0,0,0,1,0,1,0,1,0,0,0,12192.0,2,1,1,1,0,0,1,3,8.0,272.4,0,0,0,0,0,1
353100,81.454,0.711,1,1,1,0,17.302,0.0,0,0,1,0,13.46,0.0,0,0.0,0,0,0,1,0,1,0,1,0,0,0,12192.0,2,1,1,1,0,0,1,3,8.8,271.2,0,0,0,0,0,1
353200,81.525,0.711,1,1,1,0,17.302,0.0,0,0,1,0,13.46,0.0,0,0.0,0,0,0,1,0,1,0,1,0,0,0,12192.0,2,1,1,1,0,0,1,3,8.0,266.0,0,0,0,0,0,1
353300,81.596,0.711,1,1,1,0,17.302,0.0,0,0,1,0,13.46,0.0,0,0.0,0,0,0,1,0,1,0,1,0,0,0,12192.0,2,1,1,1,0,0,1,3,8.5,271.7,0,0,0,0,0,1
353400,81.667,0.711,1,1,1,0,17.302,0.0,0,0,1,0,13.46,0.0,0,0.0,0,0,0,1,0,1,0,1,0,0,0,12192.0,2,1,1,1,0,0,1,3,7.7,269.5,0,0,0,0,0,1
353500,81.738,0.711,1,1,1,0,17.302,0.0,0,0,1,0,13.46,0.0,0,0.0,0,0,0,1,0,1,0,1,0,0,0,12192.0,2,1,1,1,0,0,1,3,7.9,270.3,0,0,0,0,0,1
353600,81.809,0.711,1,1,1,0,17.302,0.0,0,0,1,0,13.46,0.0,0,0.0,0,0,0,1,0,1,0,1,0,0,0,12192.0,2,1,1,1,0,0,1,3,7.8,270.7,0,0,0,0,0,1
353700,81.88,0.711,1,1,1,0,17.302,0.0,0,0,1,0,13.46,0.0,0,0.0,0,0,0,1,0,1,0,1,0,0,0,12192.0,2,1,1,1,0,0,1,3,7.5,270.9,0,0,0,0,0,1
353800,81.951,0.711,1,1,1,0,17.302,0.0,0,0,1,0,13.46,0.0,0,0.0,0,0,0,1,0,1,0,1,0,0,0,12192.0,2,1,1,1,0,0,1,3,8.2,269.9,0,0,0,0,0,1
353900,82.022,0.711,1,1,1,0,17.302,0.0,0,0,1,0,13.46,0.0,0,0.0,0,0,0,1,0,1,0,1,0,0,0,12192.0,2,1,1,1,0,0,1,3,7.9,270.0,0,0,0,0,0,1
354000,82.093,0.711,1,1,1,0,17.302,0.0,0,0,1,0,13.46,0.0,0,0.0,0,0,0,1,0,1,0,1,0,0,0,12192.0,2,1,1,1,0,0,1,3,8.8,270.3,0,0,0,0,0,1
354100,82.164,0.711,1,1,1,0,17.302,0.0,0,0,1,0,13.46,0.0,0,0.0,0,0,0,1,0,1,0,1,0,0,0,12192.0,2,1,1,1,0,0,1,3,8.0,271.1,0,0,0,0,0,1
354200,82.235,0.711,1,1,1,0,17.302,0.0,0,0,1,0,13.46,0.0,0,0.0,0,0,0,1,0,1,0,1,0,0,0,12192.0,2,1,1,1,0,0,1,3,8.1,271.7,0,0,0,0,0,1
354300,82.307,0.711,1,1,1,0,17.302,0.0,0,0,1,0,13.46,0.0,0,0.0,0,0,0,1,0,1,0,1,0,0,0,12192.0,2,1,1,1,0,0,1,3,8.7,270.9,0,0,0,0,0,1
354400,82.378,0.711,1,1,1,0,17.302,0.0,0,0,1,0,13.46,0.0,0,0.0,0,0,0,1,0,1,0,1,0,0,0,12192.0,2,1,1,1,0,0,1,3,8.3,273.0,0,0,0,0,0,1
354500,82.449,0.711,1,1,1,0,17.302,0.0,0,0,1,0,13.46,0.0,0,0.0,0,0,0,1,0,1,0,1,0,0,0,12192.0,2,1,1,1,0,0,1,3,8.1,268.8,0,0,0,0,0,1
354600,82.52,0.711,1,1,1,0,17.302,0.0,0,0,1,0,13.46,0.0,0,0.0,0,0,0,1,0,1,0,1,0,0,0,12192.0,2,1,1,1,0,0,1,3,7.3,272.4,0,0,0,0,0,1
354700,82.591,0.711,1,1,1,0,17.302,0.0,0,0,1,0,13.46,0.0,0,0.0,0,0,0,1,0,1,0,1,0,0,0,12192.0,2,1,1,1,0,0,1,3,7.4,269.0,0,0,0,0,0,1
354800,82.662,0.711,1,1,1,0,17.302,0.0,0,0,1,0,13.46,0.0,0,0.0,0,0,0,1,0,1,0,1,0,0,0,12192.0,2,1,1,1,0,0,1,3,7.3,269.4,0,0,0,0,0,1
354900,82.733,0.711,1,1,1,0,17.302,0.0,0,0,1,0,13.46,0.0,0,0.0,0,0,0,1,0,1,0,1,0,0,0,12192.0,2,1,1,1,0,0,1,3,7.8,273.5,0,0,0,0,0,1
355000,82.804,0.711,1,1,1,0,17.302,0.0,0,0,1,0,13.46,0.0,0,0.0,0,0,0,1,0,1,0,1,0,0,0,12192.0,2,1,1,1,0,0,1,3,8.0,271.4,0,0,0,0,0,1
355100,82.875,0.711,1,1,1,0,17.302,0.0,0,0,1,0,13.46,0.0,0,0.0,0,0,0,1,0,1,0,1,0,0,0,12192.0,2,1,1,1,0,0,1,3,8.2,269.5,0,0,0,0,0,1
355200,82.946,0.711,1,1,1,0,17.302,0.0,0,0,1,0,13.46,0.0,0,0.0,0,0,0,1,0,1,0,1,0,0,0,12192.0,2,1,1,1,0,0,1,3,7.6,270.7,0,0,0,0,0,1
355300,83.017,0.711,1,1,1,0,17.302,0.0,0,0,1,0,13.46,0.0,0,0.0,0,0,0,1,0,1,0,1,0,0,0,12192.0,2,1,1,1,0,0,1,3,6.7,269.1,0,0,0,0,0,1
355400,83.088,0.711,1,1,1,0,17.302,0.0,0,0,1,0,13.46,0.0,0,0.0,0,0,0,1,0,1,0,1,0,0,0,12192.0,2,1,1,1,0,0,1,3,7.3,270.8,0,0,0,0,0,1
355500,83.159,0.711,1,1,1,0,17.302,0.0,0,0,1,0,13.46,0.0,0,0.0,0,0,0,1,0,1,0,1,0,0,0,12192.0,2,1,1,1,0,0,1,3,7.8,267.0,0,0,0,0,0,1
355600,83.23,0.711,1,1,1,0,17.302,0.0,0,0,1,0,13.46,0.0,0,0.0,0,0,0,1,0,1,0,1,0,0,0,12192.0,2,1,1,1,0,0,1,3,7.3,271.8,0,0,0,0,0,1
355700,83.301,0.711,1,1,1,0,17.302,0.0,0,0,1,0,13.46,0.0,0,0.0,0,0,0,1,0,1,0,1,0,0,0,12192.0,2,1,1,1,0,0,1,3,7.5,272.5,0,0,0,0,0,1
355800,83.372,0.711,1,1,1,0,17.302,0.0,0,0,1,0,13.46,0.0,0,0.0,0,0,0,1,0,1,0,1,0,0,0,12192.0,2,1,1,1,0,0,1,3,7.9,268.7,0,0,0,0,0,1
355900,83.444,0.711,1,1,1,0,17.302,0.0,0,0,1,0,13.46,0.0,0,0.0,0,0,0,1,0,1,0,1,0,0,0,12192.0,2,1,1,1,0,0,1,3,6.8,272.5,0,0,0,0,0,1
356000,83.515,0.711,1,1,1,0,17.302,0.0,0,0,1,0,13.46,0.0,0,0.0,0,0,0,1,0,1,0,1,0,0,0,12192.0,2,1,1,1,0,0,1,3,8.7,270.3,0,0,0,0,0,1
356100,83.586,0.711,1,1,1,0,17.302,0.0,0,0,1,0,13.46,0.0,0,0.0,0,0,0,1,0,1,0,1,0,0,0,12192.0,2,1,1,1,0,0,1,3,8.0,263.3,0,0,0,0,0,1
356200,83.657,0.711,1,1,1,0,17.302,0.0,0,0,1,0,13.46,0.0,0,0.0,0,0,0,1,0,1,0,1,0,0,0,12192.0,2,1,1,1,0,0,1,3,7.4,267.5,0,0,0,0,0,1
356300,83.728,0.711,1,1,1,0,17.302,0.0,0,0,1,0,13.46,0.0,0,0.0,0,0,0,1,0,1,0,1,0,0,0,12192.0,2,1,1,1,0,0,1,3,7.4,273.7,0,0,0,0,0,1
356400,83.799,0.711,1,1,1,0,17.302,0.0,0,0,1,0,13.46,0.0,0,0.0,0,0,0,1,0,1,0,1,0,0,0,12192.0,2,1,1,1,0,0,1,3,7.1,272.1,0,0,0,0,0,1
356500,83.87,0.711,1,1,1,0,17.302,0.0,0,0,1,0,13.46,0.0,0,0.0,0,0,0,1,0,1,0,1,0,0,0,12192.0,2,1,1,1,0,0,1,3,7.0,267.6,0,0,0,0,0,1
356600,83.941,0.711,1,1,1,0,17.302,0.0,0,0,1,0,13.46,0.0,0,0.0,0,0,0,1,0,1,0,1,0,0,0,12192.0,2,1,1,1,0,0,1,3,6.9,270.6,0,0,0,0,0,1
356700,84.012,0.711,1,1,1,0,17.302,0.0,0,0,1,0,13.46,0.0,0,0.0,0,0,0,1,0,1,0,1,0,0,0,12192.0,2,1,1,1,0,0,1,3,7.2,268.4,0,0,0,0,0,1
356800,84.083,0.711,1,1,1,0,17.302,0.0,0,0,1,0,13.46,0.0,0,0.0,0,0,0,1,0,1,0,1,0,0,0,12192.0,2,1,1,1,0,0,1,3,7.0,273.5,0,0,0,0,0,1
356900,84.154,0.711,1,1,1,0,17.302,0.0,0,0,1,0,13.46,0.0,0,0.0,0,0,0,1,0,1,0,1,0,0,0,12192.0,2,1,1,1,0,0,1,3,7.6,267.7,0,0,0,0,0,1
357000,84.225,0.711,1,1,1,0,17.302,0.0,0,0,1,0,13.46,0.0,0,0.0,0,0,0,1,0,1,0,1,0,0,0,12192.0,2,1,1,1,0,0,1,3,6.9,269.6,0,0,0,0,0,1
357100,84.296,0.711,1,1,1,0,17.302,0.0,0,0,1,0,13.46,0.0,0,0.0,0,0,0,1,0,1,0,1,0,0,0,12192.0,2,1,1,1,0,0,1,3,7.1,269.0,0,0,0,0,0,1
357200,84.367,0.711,1,1,1,0,17.302,0.0,0,0,1,0,13.46,0.0,0,0.0,0,0,0,1,0,1,0,1,0,0,0,12192.0,2,1,1,1,0,0,1,3,7.8,272.9,0,0,0,0,0,1
357300,84.438,0.711,1,1,1,0,17.302,0.0,0,0,1,0,13.46,0.0,0,0.0,0,0,0,1,0,1,0,1,0,0,0,12192.0,2,1,1,1,0,0,1,3,7.8,272.6,0,0,0,0,0,1
357400,84.509,0.711,1,1,1,0,17.302,0.0,0,0,1,0,13.46,0.0,0,0.0,0,0,0,1,0,1,0,1,0,0,0,12192.0,2,1,1,1,0,0,1,3,7.8,267.6,0,0,0,0,0,1
357500,84.581,0.711,1,1,1,0,17.302,0.0,0,0,1,0,13.46,0.0,0,0.0,0,0,0,1,0,1,0,1,0,0,0,12192.0,2,1,1,1,0,0,1,3,7.5,266.8,0,0,0,0,0,1
357600,84.652,0.711,1,1,1,0,17.302,0.0,0,0,1,0,13.46,0.0,0,0.0,0,0,0,1,0,1,0,1,0,0,0,12192.0,2,1,1,1,0,0,1,3,7.1,267.0,0,0,0,0,0,1
357700,84.723,0.711,1,1,1,0,17.302,0.0,0,0,1,0,13.46,0.0,0,0.0,0,0,0,1,0,1,0,1,0,0,0,12192.0,2,1,1,1,0,0,1,3,7.6,266.0,0,0,0,0,0,1
357800,84.794,0.711,1,1,1,0,17.302,0.0,0,0,1,0,13.46,0.0,0,0.0,0,0,0,1,0,1,0,1,0,0,0,12192.0,2,1,1,1,0,0,1,3,7.5,267.4,0,0,0,0,0,1
357900,84.865,0.711,1,1,1,0,17.302,0.0,0,0,1,0,13.46,0.0,0,0.0,0,0,0,1,0,1,0,1,0,0,0,12192.0,2,1,1,1,0,0,1,3,7.4,271.9,0,0,0,0,0,1
358000,84.936,0.711,1,1,1,0,17.302,0.0,0,0,1,0,13.46,0.0,0,0.0,0,0,0,1,0,1,0,1,0,0,0,12192.0,2,1,1,1,0,0,1,3,7.1,271.1,0,0,0,0,0,1
358100,85.007,0.711,1,1,1,0,17.302,0.0,0,0,1,0,13.46,0.0,0,0.0,0,0,0,1,0,1,0,1,0,0,0,12192.0,2,1,1,1,0,0,1,3,6.9,268.4,0,0,0,0,0,1
358200,85.078,0.711,1,1,1,0,17.302,0.0,0,0,1,0,13.46,0.0,0,0.0,0,0,0,1,0,1,0,1,0,0,0,12192.0,2,1,1,1,0,0,1,3,7.3,275.4,0,0,0,0,0,1
358300,85.149,0.711,1,1,1,0,17.302,0.0,0,0,1,0,13.46,0.0,0,0.0,0,0,0,1,0,1,0,1,0,0,0,12192.0,2,1,1,1,0,0,1,3,7.9,270.1,0,0,0,0,0,1
358400,85.22,0.711,1,1,1,0,17.302,0.0,0,0,1,0,13.46,0.0,0,0.0,0,0,0,1,0,1,0,1,0,0,0,12192.0,2,1,1,1,0,0,1,3,8.0,270.7,0,0,0,0,0,1
358500,85.291,0.711,1,1,1,0,17.302,0.0,0,0,1,0,13.46,0.0,0,0.0,0,0,0,1,0,1,0,1,0,0,0,12192.0,2,1,1,1,0,0,1,3,7.9,270.4,0,0,0,0,0,1
358600,85.362,0.711,1,1,1,0,17.302,0.0,0,0,1,0,13.46,0.0,0,0.0,0,0,0,1,0,1,0,1,0,0,0,12192.0,2,1,1,1,0,0,1,3,7.9,271.9,0,0,0,0,0,1
358700,85.433,0.711,1,1,1,0,17.302,0.0,0,0,1,0,13.46,0.0,0,0.0,0,0,0,1,0,1,0,1,0,0,0,12192.0,2,1,1,1,0,0,1,3,8.9,273.3,0,0,0,0,0,1
358800,85.504,0.711,1,1,1,0,17.302,0.0,0,0,1,0,13.46,0.0,0,0.0,0,0,0,1,0,1,0,1,0,0,0,12192.0,2,1,1,1,0,0,1,3,8.1,271.3,0,0,0,0,0,1
358900,85.575,0.711,1,1,1,0,17.302,0.0,0,0,1,0,13.46,0.0,0,0.0,0,0,0,1,0,1,0,1,0,0,0,12192.0,2,1,1,1,0,0,1,3,7.6,269.3,0,0,0,0,0,1
359000,85.646,0.711,1,1,1,0,17.302,0.0,0,0,1,0,13.46,0.0,0,0.0,0,0,0,1,0,1,0,1,0,0,0,12192.0,2,1,1,1,0,0,1,3,7.1,270.2,0,0,0,0,0,1
359100,85.718,0.711,1,1,1,0,17.302,0.0,0,0,1,0,13.46,0.0,0,0.0,0,0,0,1,0,1,0,1,0,0,0,12192.0,2,1,1,1,0,0,1,3,7.4,271.0,0,0,0,0,0,1
359200,85.789,0.711,1,1,1,0,17.302,0.0,0,0,1,0,13.46,0.0,0,0.0,0,0,0,1,0,1,0,1,0,0,0,12192.0,2,1,1,1,0,0,1,3,7.5,271.3,0,0,0,0,0,1
359300,85.86,0.711,1,1,1,0,17.302,0.0,0,0,1,0,13.46,0.0,0,0.0,0,0,0,1,0,1,0,1,0,0,0,12192.0,2,1,1,1,0,0,1,3,7.4,265.5,0,0,0,0,0,1
359400,85.931,0.711,1,1,1,0,17.302,0.0,0,0,1,0,13.46,0.0,0,0.0,0,0,0,1,0,1,0,1,0,0,0,12192.0,2,1,1,1,0,0,1,3,8.7,269.6,0,0,0,0,0,1
359500,86.002,0.711,1,1,1,0,17.302,0.0,0,0,1,0,13.46,0.0,0,0.0,0,0,0,1,0,1,0,1,0,0,0,12192.0,2,1,1,1,0,0,1,3,9.0,274.0,0,0,0,0,0,1
359600,86.073,0.711,1,1,1,0,17.302,0.0,0,0,1,0,13.46,0.0,0,0.0,0,0,0,1,0,1,0,1,0,0,0,12192.0,2,1,1,1,0,0,1,3,7.9,268.3,0,0,0,0,0,1
359700,86.144,0.711,1,1,1,0,17.302,0.0,0,0,1,0,13.46,0.0,0,0.0,0,0,0,1,0,1,0,1,0,0,0,12192.0,2,1,1,1,0,0,1,3,7.9,271.3,0,0,0,0,0,1
359800,86.215,0.711,1,1,1,0,17.302,0.0,0,0,1,0,13.46,0.0,0,0.0,0,0,0,1,0,1,0,1,0,0,0,12192.0,2,1,1,1,0,0,1,3,8.3,274.9,0,0,0,0,0,1
359900,86.286,0.711,1,1,1,0,17.302,0.0,0,0,1,0,13.46,0.0,0,0.0,0,0,0,1,0,1,0,1,0,0,0,12192.0,2,1,1,1,0,0,1,3,8.1,271.0,0,0,0,0,0,1
360000,86.357,0.711,1,1,1,0,17.302,0.0,0,0,1,0,13.46,0.0,0,0.0,0,0,0,1,0,1,0,1,0,0,0,12192.0,2,1,1,1,0,0,1,3,9.1,269.7,0,0,0,0,0,1
360100,86.428,0.711,1,1,1,0,17.302,0.0,0,0,1,0,13.46,0.0,0,0.0,0,0,0,1,0,1,0,1,0,0,0,12192.0,2,1,1,1,0,0,1,3,8.0,269.3,0,0,0,0,0,1
360200,86.499,0.711,1,1,1,0,17.302,0.0,0,0,1,0,13.46,0.0,0,0.0,0,0,0,1,0,1,0,1,0,0,0,12192.0,2,1,1,1,0,0,1,3,8.0,269.5,0,0,0,0,0,1
360300,86.57,0.711,1,1,1,0,17.302,0.0,0,0,1,0,13.46,0.0,0,0.0,0,0,0,1,0,1,0,1,0,0,0,12192.0,2,1,1,1,0,0,1,3,8.7,271.7,0,0,0,0,0,1
360400,86.641,0.711,1,1,1,0,17.302,0.0,0,0,1,0,13.46,0.0,0,0.0,0,0,0,1,0,1,0,1,0,0,0,12192.0,2,1,1,1,0,0,1,3,8.6,268.7,0,0,0,0,0,1
360500,86.712,0.711,1,1,1,0,17.302,0.0,0,0,1,0,13.46,0.0,0,0.0,0,0,0,1,0,1,0,1,0,0,0,12192.0,2,1,1,1,0,0,1,3,9.0,271.0,0,0,0,0,0,1
360600,86.783,0.711,1,1,1,0,17.302,0.0,0,0,1,0,13.46,0.0,0,0.0,0,0,0,1,0,1,0,1,0,0,0,12192.0,2,1,1,1,0,0,1,3,8.7,273.5,0,0,0,0,0,1
360700,86.855,0.711,1,1,1,0,17.302,0.0,0,0,1,0,13.46,0.0,0,0.0,0,0,0,1,0,1,0,1,0,0,0,12192.0,2,1,1,1,0,0,1,3,8.2,270.9,0,0,0,0,0,1
360800,86.926,0.711,1,1,1,0,17.302,0.0,0,0,1,0,13.46,0.0,0,0.0,0,0,0,1,0,1,0,1,0,0,0,12192.0,2,1,1,1,0,0,1,3,8.3,269.9,0,0,0,0,0,1
360900,86.997,0.711,1,1,1,0,17.302,0.0,0,0,1,0,13.46,0.0,0,0.0,0,0,0,1,0,1,0,1,0,0,0,12192.0,2,1,1,1,0,0,1,3,8.9,267.1,0,0,0,0,0,1
361000,87.068,0.711,1,1,1,0,17.302,0.0,0,0,1,0,13.46,0.0,0,0.0,0,0,0,1,0,1,0,1,0,0,0,12192.0,2,1,1,1,0,0,1,3,8.3,270.4,0,0,0,0,0,1
361100,87.139,0.711,1,1,1,0,17.302,0.0,0,0,1,0,13.46,0.0,0,0.0,0,0,0,1,0,1,0,1,0,0,0,12192.0,2,1,1,1,0,0,1,3,8.3,271.1,0,0,0,0,0,1
361200,87.21,0.711,1,1,1,0,17.302,0.0,0,0,1,0,13.46,0.0,0,0.0,0,0,0,1,0,1,0,1,0,0,0,12192.0,2,1,1,1,0,0,1,3,7.9,271.8,0,0,0,0,0,1
361300,87.281,0.711,1,1,1,0,17.302,0.0,0,0,1,0,13.46,0.0,0,0.0,0,0,0,1,0,1,0,1,0,0,0,12192.0,2,1,1,1,0,0,1,3,7.9,270.6,0,0,0,0,0,1
361400,87.352,0.711,1,1,1,0,17.302,0.0,0,0,1,0,13.46,0.0,0,0.0,0,0,0,1,0,1,0,1,0,0,0,12192.0,2,1,1,1,0,0,1,3,8.7,271.7,0,0,0,0,0,1
361500,87.423,0.711,1,1,1,0,17.302,0.0,0,0,1,0,13.46,0.0,0,0.0,0,0,0,1,0,1,0,1,0,0,0,12192.0,2,1,1,1,0,0,1,3,8.5,267.3,0,0,0,0,0,1
361600,87.494,0.711,1,1,1,0,17.302,0.0,0,0,1,0,13.46,0.0,0,0.0,0,0,0,1,0,1,0,1,0,0,0,12192.0,2,1,1,1,0,0,1,3,8.4,266.9,0,0,0,0,0,1
361700,87.565,0.711,1,1,1,0,17.302,0.0,0,0,1,0,13.46,0.0,0,0.0,0,0,0,1,0,1,0,1,0,0,0,12192.0,2,1,1,1,0,0,1,3,8.3,271.9,0,0,0,0,0,1
361800,87.636,0.711,1,1,1,0,17.302,0.0,0,0,1,0,13.46,0.0,0,0.0,0,0,0,1,0,1,0,1,0,0,0,12192.0,2,1,1,1,0,0,1,3,8.7,270.9,0,0,0,0,0,1
361900,87.707,0.711,1,1,1,0,17.302,0.0,0,0,1,0,13.46,0.0,0,0.0,0,0,0,1,0,1,0,1,0,0,0,12192.0,2,1,1,1,0,0,1,3,9.4,270.0,0,0,0,0,0,1
362000,87.777,0.696,1,1,1,0,17.302,0.0,0,0,1,0,13.46,0.0,0,0.0,0,0,0,1,0,1,0,1,0,0,0,12192.0,2,1,1,1,0,0,1,3,8.2,268.5,0,0,0,0,0,1
362100,87.845,0.68,1,1,1,0,17.302,0.0,0,0,1,0,13.46,0.0,0,0.0,0,0,0,1,0,1,0,1,0,0,0,12192.0,2,1,1,1,0,0,1,3,8.0,269.0,0,0,0,0,0,1
362200,87.911,0.665,1,1,1,0,17.302,0.0,0,0,1,0,13.46,0.0,0,0.0,0,0,0,1,0,1,0,1,0,0,0,12192.0,2,1,1,1,0,0,1,3,8.9,274.0,0,0,0,0,0,1
362300,87.976,0.65,1,1,1,0,17.302,0.0,0,0,1,0,13.46,0.0,0,0.0,0,0,0,1,0,1,0,1,0,0,0,12192.0,2,1,1,1,0,0,1,3,8.3,270.3,0,0,0,0,0,1
362400,88.04,0.635,1,1,1,0,17.302,0.0,0,0,1,0,13.46,0.0,0,0.0,0,0,0,1,0,1,0,1,0,0,0,12192.0,2,1,1,1,0,0,1,3,8.7,268.8,0,0,0,0,0,1
362500,88.102,0.62,1,1,1,0,17.302,0.0,0,0,1,0,13.46,0.0,0,0.0,0,0,0,1,0,1,0,1,0,0,0,12192.0,2,1,1,1,0,0,1,3,8.2,269.5,0,0,0,0,0,1
362600,88.163,0.605,1,1,1,0,17.302,0.0,0,0,1,0,13.46,0.0,0,0.0,0,0,0,1,0,1,0,1,0,0,0,12192.0,2,1,1,1,0,0,1,3,7.9,271.7,0,0,0,0,0,1
362700,88.222,0.59,1,1,1,0,17.302,0.0,0,0,1,0,13.46,0.0,0,0.0,0,0,0,1,0,1,0,1,0,0,0,12192.0,2,1,1,1,0,0,1,3,8.3,268.9,0,0,0,0,0,1
362800,88.279,0.575,1,1,1,0,17.302,0.0,0,0,1,0,13.46,0.0,0,0.0,0,0,0,1,0,1,0,1,0,0,0,12192.0,2,1,1,1,0,0,1,3,9.0,263.8,0,0,0,0,0,1
362900,88.335,0.56,1,1,1,0,17.302,0.0,0,0,1,0,13.46,0.0,0,0.0,0,0,0,1,0,1,0,1,0,0,0,12192.0,2,1,1,1,0,0,1,3,7.8,267.8,0,0,0,0,0,1
363000,88.389,0.545,1,1,1,0,17.302,0.0,0,0,1,0,13.46,0.0,0,0.0,0,0,0,1,0,1,0,1,0,0,0,12192.0,2,1,1,1,0,0,1,3,8.9,269.5,0,0,0,0,0,1
363100,88.442,0.53,1,1,1,0,17.302,0.0,0,0,1,0,13.46,0.0,0,0.0,0,0,0,1,0,1,0,1,0,0,0,12192.0,2,1,1,1,0,0,1,3,8.2,267.3,0,0,0,0,0,1
363200,88.494,0.515,1,1,1,0,17.302,0.0,0,0,1,0,13.46,0.0,0,0.0,0,0,0,1,0,1,0,1,0,0,0,12192.0,2,1,1,1,0,0,1,3,8.4,272.5,0,0,0,0,0,1
363300,88.544,0.5,1,1,1,0,17.302,0.0,0,0,1,0,13.46,0.0,0,0.0,0,0,0,1,0,1,0,1,0,0,0,12192.0,2,1,1,1,0,0,1,3,7.2,271.1,0,0,0,0,0,1
363400,88.592,0.484,1,1,1,0,17.302,0.0,0,0,1,0,13.46,0.0,0,0.0,0,0,0,1,0,1,0,1,0,0,0,12192.0,2,1,1,1,0,0,1,3,8.3,273.8,0,0,0,0,0,1
363500,88.639,0.469,1,1,1,0,17.302,0.0,0,0,1,0,13.46,0.0,0,0.0,0,0,0,1,0,1,0,1,0,0,0,12192.0,2,1,1,1,0,0,1,3,8.5,268.9,0,0,0,0,0,1
363600,88.685,0.454,1,1,1,0,17.302,0.0,0,0,1,0,13.46,0.0,0,0.0,0,0,0,1,0,1,0,1,0,0,0,12192.0,2,1,1,1,0,0,1,3,7.4,273.7,0,0,0,0,0,1
363700,88.729,0.439,1,1,1,0,17.302,0.0,0,0,1,0,13.46,0.0,0,0.0,0,0,0,1,0,1,0,1,0,0,0,12192.0,2,1,1,1,0,0,1,3,7.9,272.8,0,0,0,0,0,1
363800,88.771,0.424,1,1,1,0,17.302,0.0,0,0,1,0,13.46,0.0,0,0.0,0,0,0,1,0,1,0,1,0,0,0,12192.0,2,1,1,1,0,0,1,3,8.1,270.5,0,0,0,0,0,1
363900,88.812,0.409,1,1,1,0,17.302,0.0,0,0,1,0,13.46,0.0,0,0.0,0,0,0,1,0,1,0,1,0,0,0,12192.0,2,1,1,1,0,0,1,3,7.1,267.6,0,0,0,0,0,1
364000,88.851,0.394,1,1,1,0,17.302,0.0,0,0,1,0,13.46,0.0,0,0.0,0,0,0,1,0,1,0,1,0,0,0,12192.0,2,1,1,1,0,0,1,3,8.0,269.0,0,0,0,0,0,1
364100,88.889,0.379,1,1,1,0,17.302,0.0,0,0,1,0,13.46,0.0,0,0.0,0,0,0,1,0,1,0,1,0,0,0,12192.0,2,1,1,1,0,0,1,3,7.4,268.0,0,0,0,0,0,1
364200,88.926,0.364,1,1,1,0,17.302,0.0,0,0,1,0,13.46,0.0,0,0.0,0,0,0,1,0,1,0,1,0,0,0,12192.0,2,1,1,1,0,0,1,3,7.0,270.9,0,0,0,0,0,1
364300,88.96,0.349,1,1,1,0,17.302,0.0,0,0,1,0,13.46,0.0,0,0.0,0,0,0,1,0,1,0,1,0,0,0,12192.0,2,1,1,1,0,0,1,3,8.1,268.9,0,0,0,0,0,1
364400,88.994,0.334,1,1,1,0,17.302,0.0,0,0,1,0,13.46,0.0,0,0.0,0,0,0,1,0,1,0,1,0,0,0,12192.0,2,1,1,1,0,0,1,3,7.6,270.4,0,0,0,0,0,1
364500,89.026,0.319,1,1,1,0,17.302,0.0,0,0,1,0,13.46,0.0,0,0.0,0,0,0,1,0,1,0,1,0,0,0,12192.0,2,1,1,1,0,0,1,3,7.5,265.6,0,0,0,0,0,1
364600,89.056,0.303,1,1,1,0,17.302,0.0,0,0,1,0,13.46,0.0,0,0.0,0,0,0,1,0,1,0,1,0,0,0,12192.0,2,1,1,1,0,0,1,3,7.4,270.3,0,0,0,0,0,1
364700,89.085,0.288,1,1,1,0,17.302,0.0,0,0,1,0,13.46,0.0,0,0.0,0,0,0,1,0,1,0,1,0,0,0,12192.0,2,1,1,1,0,0,1,3,7.4,274.0,0,0,0,0,0,1
364800,89.112,0.273,1,1,1,0,17.302,0.0,0,0,1,0,13.46,0.0,0,0.0,0,0,0,1,0,1,0,1,0,0,0,12192.0,2,1,1,1,0,0,1,3,7.8,266.5,0,0,0,0,0,1
364900,89.14,0.273,1,1,1,0,17.302,0.0,0,0,1,0,13.46,0.0,0,0.0,0,0,0,1,0,1,0,1,0,0,0,12192.0,2,1,1,1,0,0,1,3,7.1,267.4,0,0,0,0,0,1
365000,89.165,0.258,1,1,1,0,17.302,0.0,0,0,1,0,13.46,0.0,0,0.0,0,0,0,1,0,1,0,1,0,0,0,12192.0,2,1,1,1,0,0,1,3,7.8,270.3,0,0,0,0,0,1
365100,89.19,0.242,1,1,1,0,17.302,0.0,0,0,1,0,13.46,0.0,0,0.0,0,0,0,1,0,1,0,1,0,0,0,12192.0,2,1,1,1,0,0,1,3,7.4,274.7,0,0,0,0,0,1
365200,89.212,0.227,1,1,1,0,17.302,0.0,0,0,1,0,13.46,0.0,0,0.0,0,0,0,1,0,1,0,1,0,0,0,12192.0,2,1,1,1,0,0,1,3,7.6,263.6,0,0,0,0,0,1
365300,89.233,0.211,1,1,1,0,17.302,0.0,0,0,1,0,13.46,0.0,0,0.0,0,0,0,1,0,1,0,1,0,0,0,12192.0,2,1,1,1,0,0,1,3,8.0,271.4,0,0,0,0,0,1
365400,89.253,0.196,1,1,1,0,17.302,0.0,0,0,1,0,13.46,0.0,0,0.0,0,0,0,1,0,1,0,1,0,0,0,12192.0,2,1,1,1,0,0,1,3,7.5,273.2,0,0,0,0,0,1
365500,89.271,0.18,1,1,1,0,17.302,0.0,0,0,1,0,13.46,0.0,0,0.0,0,0,0,1,0,1,0,1,0,0,0,12192.0,2,1,1,1,0,0,1,3,7.4,270.7,0,0,0,0,0,1
365600,89.287,0.164,1,1,1,0,17.302,0.0,0,0,1,0,13.46,0.0,0,0.0,0,0,0,1,0,1,0,1,0,0,0,12192.0,2,1,1,1,0,0,1,3,7.1,269.1,0,0,0,0,0,1
365700,89.302,0.148,1,1,1,0,17.302,0.0,0,0,1,0,13.46,0.0,0,0.0,0,0,0,1,0,1,0,1,0,0,0,12192.0,2,1,1,1,0,0,1,3,7.9,265.3,0,0,0,0,0,1
365800,89.315,0.132,1,1,1,0,17.302,0.0,0,0,1,0,13.46,0.0,0,0.0,0,0,0,1,0,1,0,1,0,0,0,12192.0,2,1,1,1,0,0,1,3,8.0,271.0,0,0,0,0,0,1
365900,89.327,0.116,1,1,1,0,17.302,0.0,0,0,1,0,13.46,0.0,0,0.0,0,0,0,1,0,1,0,1,0,0,0,12192.0,2,1,1,1,0,0,1,3,7.6,268.6,0,0,0,0,0,1
366000,89.337,0.1,1,1,1,0,17.302,0.0,0,0,1,0,13.46,0.0,0,0.0,0,0,0,1,0,1,0,1,0,0,0,12192.0,2,1,1,1,0,0,1,3,7.1,267.1,0,0,0,0,0,1
366100,89.345,0.084,1,1,1,0,17.302,0.0,0,0,1,0,13.46,0.0,0,0.0,0,0,0,1,0,1,0,1,0,0,0,12192.0,2,1,1,1,0,0,1,3,7.3,270.6,0,0,0,0,0,1
366200,89.352,0.067,1,1,1,0,17.302,0.0,0,0,1,0,13.46,0.0,0,0.0,0,0,0,1,0,1,0,1,0,0,0,12192.0,2,1,1,1,0,0,1,3,7.1,271.6,0,0,0,0,0,1
366300,89.357,0.049,1,1,1,0,17.302,0.0,0,0,1,0,13.46,0.0,0,0.0,0,0,0,1,0,1,0,1,0,0,0,12192.0,2,1,1,1,0,0,1,3,7.7,268.6,0,0,0,0,0,1
366400,89.36,0.031,1,1,1,0,17.302,0.0,0,0,1,0,13.455,-0.051,0,0.0,0,0,1,1,0,1,0,1,0,0,0,12192.0,2,1,1,1,0,0,1,3,8.1,270.5,0,0,0,0,0,1
366500,89.362,0.0,0,0,1,0,17.302,0.0,0,0,1,0,13.445,-0.102,0,0.0,0,0,1,1,0,1,0,1,0,0,0,12192.0,2,1,1,1,0,0,1,3,7.0,267.2,0,0,0,0,0,1
366600,89.362,0.0,0,0,1,0,17.302,0.0,0,0,1,0,13.43,-0.152,0,0.0,0,0,1,1,0,1,0,1,0,0,0,12192.0,2,1,1,1,0,0,1,3,8.3,268.5,0,0,0,0,0,1
366700,89.362,0.0,0,0,1,0,17.302,0.0,0,0,1,0,13.41,-0.203,0,0.0,0,0,1,1,0,1,0,1,0,0,0,12192.0,2,1,1,1,0,0,1,3,7.6,269.5,0,0,0,0,0,1
366800,89.362,0.0,0,0,1,0,17.302,0.0,0,0,1,0,13.384,-0.254,0,0.0,0,0,1,1,0,1,0,1,0,0,0,12192.0,2,1,1,1,0,0,1,3,7.4,267.6,0,0,0,0,0,1
366900,89.362,0.0,0,0,1,0,17.302,0.0,0,0,1,0,13.354,-0.305,0,0.0,0,0,1,1,0,1,0,1,0,0,0,12192.0,2,1,1,1,0,0,1,3,7.8,268.1,0,0,0,0,0,1
367000,89.362,0.0,0,0,1,0,17.302,0.0,0,0,1,0,13.318,-0.356,0,0.0,0,0,1,1,0,1,0,1,0,0,0,12192.0,2,1,1,1,0,0,1,3,8.2,267.9,0,0,0,0,0,1
367100,89.362,0.0,0,0,1,0,17.302,0.0,0,0,1,0,13.277,-0.407,0,0.0,0,0,1,1,0,1,0,1,0,0,0,12192.0,2,1,1,1,0,0,1,3,8.3,272.8,0,0,0,0,0,1
367200,89.362,0.0,0,0,1,0,17.302,0.0,0,0,1,0,13.232,-0.457,0,0.0,0,0,1,1,0,1,0,1,0,0,0,12192.0,2,1,1,1,0,0,1,3,8.2,267.8,0,0,0,0,0,1
367300,89.362,0.0,0,0,1,0,17.302,0.0,0,0,1,0,13.181,-0.508,0,0.0,0,0,1,1,0,1,0,1,0,0,0,12192.0,2,1,1,1,0,0,1,3,7.5,269.9,0,0,0,0,0,1
367400,89.362,0.0,0,0,1,0,17.302,0.0,0,0,1,0,13.125,-0.559,0,0.0,0,0,1,1,0,1,0,1,0,0,0,12192.0,2,1,1,1,0,0,1,3,7.8,270.0,0,0,0,0,0,1
367500,89.362,0.0,0,0,1,0,17.302,0.0,0,0,1,0,13.064,-0.61,0,0.0,0,0,1,1,0,1,0,1,0,0,0,12192.0,2,1,1,1,0,0,1,3,7.8,269.5,0,0,0,0,0,1
367600,89.362,0.0,0,0,1,0,17.302,0.0,0,0,1,0,12.998,-0.661,0,0.0,0,0,1,1,0,1,0,1,0,0,0,12192.0,2,1,1,1,0,0,1,3,7.6,275.3,0,0,0,0,0,1
367700,89.362,0.0,0,0,1,0,17.302,0.0,0,0,1,0,12.927,-0.711,0,0.0,0,0,1,1,0,1,0,1,0,0,0,12192.0,2,1,1,1,0,0,1,3,8.5,268.8,0,0,0,0,0,1
367800,89.362,0.0,0,0,1,0,17.302,0.0,0,0,1,0,12.851,-0.762,0,0.0,0,0,1,1,0,1,0,1,0,0,0,12192.0,2,1,1,1,0,0,1,3,8.5,267.6,0,0,0,0,0,1
367900,89.362,0.0,0,0,1,0,17.302,0.0,0,0,1,0,12.769,-0.813,0,0.0,0,0,1,1,0,1,0,1,0,0,0,12192.0,2,1,1,1,0,0,1,3,8.4,270.9,0,0,0,0,0,1
368000,89.362,0.0,0,0,1,0,17.302,0.0,0,0,1,0,12.683,-0.864,0,0.0,0,0,1,1,0,1,0,1,0,0,0,12192.0,2,1,1,1,0,0,1,3,8.1,269.0,0,0,0,0,0,1
368100,89.362,0.0,0,0,1,0,17.302,0.0,0,0,1,0,12.591,-0.915,0,0.0,0,0,1,1,0,1,0,1,0,0,0,12192.0,2,1,1,1,0,0,1,3,8.2,268.2,0,0,0,0,0,1
368200,89.362,0.0,0,0,1,0,17.302,0.0,0,0,1,0,12.495,-0.965,0,0.0,0,0,1,1,0,1,0,1,0,0,0,12192.0,2,1,1,1,0,0,1,3,8.9,264.8,0,0,0,0,0,1
368300,89.362,0.0,0,0,1,0,17.302,0.0,0,0,1,0,12.393,-1.016,0,0.0,0,0,1,1,0,1,0,1,0,0,0,12192.0,2,1,1,1,0,0,1,3,7.4,268.3,0,0,0,0,0,1
368400,89.362,0.0,0,0,1,0,17.302,0.0,0,0,1,0,12.287,-1.067,0,0.0,0,0,1,1,0,1,0,1,0,0,0,12192.0,2,1,1,1,0,0,1,3,8.2,269.8,0,0,0,0,0,1
368500,89.362,0.0,0,0,1,0,17.302,0.0,0,0,1,0,12.175,-1.118,0,0.0,0,0,1,1,0,1,0,1,0,0,0,12192.0,2,1,1,1,0,0,1,3,8.1,270.7,0,0,0,0,0,1
368600,89.362,0.0,0,0,1,0,17.302,0.0,0,0,1,0,12.058,-1.169,0,0.0,0,0,1,1,0,1,0,1,0,0,0,12192.0,2,1,1,1,0,0,1,3,8.5,270.4,0,0,0,0,0,1
368700,89.362,0.0,0,0,1,0,17.302,0.0,0,0,1,0,11.936,-1.22,0,0.0,0,0,1,1,0,1,0,1,0,0,0,12192.0,2,1,1,1,0,0,1,3,8.9,272.6,0,0,0,0,0,1
368800,89.362,0.0,0,0,1,0,17.302,0.0,0,0,1,0,11.81,-1.261,0,0.0,0,0,1,1,0,1,0,1,0,0,0,12192.0,2,1,1,1,0,0,1,3,8.0,268.2,0,0,0,0,0,1
368900,89.362,0.0,0,0,1,0,17.302,0.0,0,0,1,0,11.684,-1.261,0,0.0,0,0,1,1,0,1,0,1,0,0,0,12192.0,2,1,1,1,0,0,1,3,9.2,271.3,0,0,0,0,0,1
369000,89.362,0.0,0,0,1,0,17.302,0.0,0,0,1,0,11.558,-1.261,0,0.0,0,0,1,1,0,1,0,1,0,0,0,12192.0,2,1,1,1,0,0,1,3,7.6,268.7,0,0,0,0,0,1
369100,89.362,0.0,0,0,1,0,17.302,0.0,0,0,1,0,11.431,-1.261,0,0.0,0,0,1,1,0,1,0,1,0,0,0,12192.0,2,1,1,1,0,0,1,3,8.7,270.3,0,0,0,0,0,1
369200,89.362,0.0,0,0,1,0,17.302,0.0,0,0,1,0,11.305,-1.261,0,0.0,0,0,1,1,0,1,0,1,0,0,0,12192.0,2,1,1,1,0,0,1,3,8.1,277.0,0,0,0,0,0,1
369300,89.362,0.0,0,0,1,0,17.302,0.0,0,0,1,0,11.179,-1.261,0,0.0,0,0,1,1,0,1,0,1,0,0,0,12192.0,2,1,1,1,0,0,1,3,8.3,274.4,0,0,0,0,0,1
369400,89.362,0.0,0,0,1,0,17.302,0.0,0,0,1,0,11.053,-1.261,0,0.0,0,0,1,1,0,1,0,1,0,0,0,12192.0,2,1,1,1,0,0,1,3,9.3,268.6,0,0,0,0,0,1
369500,89.362,0.0,0,0,1,0,17.302,0.0,0,0,1,0,10.927,-1.261,0,0.0,0,0,1,1,0,1,0,1,0,0,0,12192.0,2,1,1,1,0,0,1,3,7.9,269.8,0,0,0,0,0,1
369600,89.362,0.0,0,0,1,0,17.302,0.0,0,0,1,0,10.801,-1.261,0,0.0,0,0,1,1,0,1,0,1,0,0,0,12192.0,2,1,1,1,0,0,1,3,7.6,272.7,0,0,0,0,0,1
369700,89.362,0.0,0,0,1,0,17.302,0.0,0,0,1,0,10.675,-1.261,0,0.0,0,0,1,1,0,1,0,1,0,0,0,12192.0,2,1,1,1,0,0,1,3,9.4,268.3,0,0,0,0,0,1
369800,89.362,0.0,0,0,1,0,17.302,0.0,0,0,1,0,10.549,-1.261,0,0.0,0,0,1,1,0,1,0,1,0,0,0,12192.0,2,1,1,1,0,0,1,3,8.3,271.1,0,0,0,0,0,1
369900,89.362,0.0,0,0,1,0,17.302,0.0,0,0,1,0,10.422,-1.261,0,0.0,0,0,1,1,0,1,0,1,0,0,0,12192.0,2,1,1,1,0,0,1,3,8.4,268.1,0,0,0,0,0,1
370000,89.362,0.0,0,0,1,0,17.302,0.0,0,0,1,0,10.296,-1.261,0,0.0,0,0,1,1,0,1,0,1,0,0,0,12192.0,2,1,1,1,0,0,1,3,8.9,271.1,0,0,0,0,0,1
370100,89.362,0.0,0,0,1,0,17.302,0.0,0,0,1,0,10.17,-1.261,0,0.0,0,0,1,1,0,1,0,1,0,0,0,12192.0,2,1,1,1,0,0,1,3,7.9,274.5,0,0,0,0,0,1
370200,89.362,0.0,0,0,1,0,17.302,0.0,0,0,1,0,10.044,-1.261,0,0.0,0,0,1,1,0,1,0,1,0,0,0,12192.0,2,1,1,1,0,0,1,3,9.0,267.9,0,0,0,0,0,1
370300,89.362,0.0,0,0,1,0,17.302,0.0,0,0,1,0,9.918,-1.261,0,0.0,0,0,1,1,0,1,0,1,0,0,0,12192.0,2,1,1,1,0,0,1,3,8.7,275.5,0,0,0,0,0,1
370400,89.362,0.0,0,0,1,0,17.302,0.0,0,0,1,0,9.792,-1.261,0,0.0,0,0,1,1,0,1,0,1,0,0,0,12192.0,2,1,1,1,0,0,1,3,9.0,269.1,0,0,0,0,0,1
370500,89.362,0.0,0,0,1,0,17.302,0.0,0,0,1,0,9.666,-1.261,0,0.0,0,0,1,1,0,1,0,1,0,0,0,12192.0,2,1,1,1,0,0,1,3,8.8,270.4,0,0,0,0,0,1
370600,89.362,0.0,0,0,1,0,17.302,0.0,0,0,1,0,9.54,-1.261,0,0.0,0,0,1,1,0,1,0,1,0,0,0,12192.0,2,1,1,1,0,0,1,3,9.1,267.3,0,0,0,0,0,1
370700,89.362,0.0,0,0,1,0,17.302,0.0,0,0,1,0,9.413,-1.261,0,0.0,0,0,1,1,0,1,0,1,0,0,0,12192.0,2,1,1,1,0,0,1,3,9.6,270.8,0,0,0,0,0,1
370800,89.362,0.0,0,0,1,0,17.302,0.0,0,0,1,0,9.287,-1.261,0,0.0,0,0,1,1,0,1,0,1,0,0,0,12192.0,2,1,1,1,0,0,1,3,8.9,270.6,0,0,0,0,0,1
370900,89.362,0.0,0,0,1,0,17.302,0.0,0,0,1,0,9.161,-1.261,0,0.0,0,0,1,1,0,1,0,1,0,0,0,12192.0,2,1,1,1,0,0,1,3,8.9,268.6,0,0,0,0,0,1
371000,89.362,0.0,0,0,1,0,17.302,0.0,0,0,1,0,9.035,-1.261,0,0.0,0,0,1,1,0,1,0,1,0,0,0,12192.0,2,1,1,1,0,0,1,3,8.9,261.6,0,0,0,0,0,1
371100,89.362,0.0,0,0,1,0,17.302,0.0,0,0,1,0,8.909,-1.261,0,0.0,0,0,1,1,0,1,0,1,0,0,0,12192.0,2,1,1,1,0,0,1,3,8.0,271.3,0,0,0,0,0,1
371200,89.362,0.0,0,0,1,0,17.302,0.0,0,0,1,0,8.783,-1.261,0,0.0,0,0,1,1,0,1,0,1,0,0,0,12192.0,2,1,1,1,0,0,1,3,8.2,266.3,0,0,0,0,0,1
371300,89.362,0.0,0,0,1,0,17.302,0.0,0,0,1,0,8.657,-1.261,0,0.0,0,0,1,1,0,1,0,1,0,0,0,12192.0,2,1,1,1,0,0,1,3,8.1,270.8,0,0,0,0,0,1
371400,89.362,0.0,0,0,1,0,17.302,0.0,0,0,1,0,8.531,-1.261,0,0.0,0,0,1,1,0,1,0,1,0,0,0,12192.0,2,1,1,1,0,0,1,3,9.1,267.1,0,0,0,0,0,1
371500,89.362,0.0,0,0,1,0,17.302,0.0,0,0,1,0,8.405,-1.261,0,0.0,0,0,1,1,0,1,0,1,0,0,0,12192.0,2,1,1,1,0,0,1,3,7.8,268.3,0,0,0,0,0,1
371600,89.362,0.0,0,0,1,0,17.302,0.0,0,0,1,0,8.278,-1.261,0,0.0,0,0,1,1,0,1,0,1,0,0,0,12192.0,2,1,1,1,0,0,1,3,8.8,272.2,0,0,0,0,0,1
371700,89.362,0.0,0,0,1,0,17.302,0.0,0,0,1,0,8.152,-1.261,0,0.0,0,0,1,1,0,1,0,1,0,0,0,12192.0,2,1,1,1,0,0,1,3,8.0,269.8,0,0,0,0,0,1
371800,89.362,0.0,0,0,1,0,17.302,0.0,0,0,1,0,8.026,-1.261,0,0.0,0,0,1,1,0,1,0,1,0,0,0,12192.0,2,1,1,1,0,0,1,3,8.8,269.6,0,0,0,0,0,1
371900,89.362,0.0,0,0,1,0,17.302,0.0,0,0,1,0,7.9,-1.261,0,0.0,0,0,1,1,0,1,0,1,0,0,0,12192.0,2,1,1,1,0,0,1,3,8.2,272.3,0,0,0,0,0,1
372000,89.362,0.0,0,0,1,0,17.302,0.0,0,0,1,0,7.774,-1.261,0,0.0,0,0,1,1,0,1,0,1,0,0,0,12192.0,2,1,1,1,0,0,1,3,8.9,275.9,0,0,0,0,0,1
372100,89.362,0.0,0,0,1,0,17.302,0.0,0,0,1,0,7.648,-1.261,0,0.0,0,0,1,1,0,1,0,1,0,0,0,12192.0,2,1,1,1,0,0,1,3,8.3,267.4,0,0,0,0,0,1
372200,89.362,0.0,0,0,1,0,17.302,0.0,0,0,1,0,7.522,-1.261,0,0.0,0,0,1,1,0,1,0,1,0,0,0,12192.0,2,1,1,1,0,0,1,3,8.9,268.4,0,0,0,0,0,1
372300,89.362,0.0,0,0,1,0,17.302,0.0,0,0,1,0,7.396,-1.261,0,0.0,0,0,1,1,0,1,0,1,0,0,0,12192.0,2,1,1,1,0,0,1,3,7.7,272.2,0,0,0,0,0,1
372400,89.362,0.0,0,0,1,0,17.302,0.0,0,0,1,0,7.269,-1.261,0,0.0,0,0,1,1,0,1,0,1,0,0,0,12192.0,2,1,1,1,0,0,1,3,7.4,273.5,0,0,0,0,0,1
372500,89.362,0.0,0,0,1,0,17.302,0.0,0,0,1,0,7.143,-1.261,0,0.0,0,0,1,1,0,1,0,1,0,0,0,12192.0,2,1,1,1,0,0,1,3,8.3,272.0,0,0,0,0,0,1
372600,89.362,0.0,0,0,1,0,17.302,0.0,0,0,1,0,7.017,-1.261,0,0.0,0,0,1,1,0,1,0,1,0,0,0,12192.0,2,1,1,1,0,0,1,3,7.7,271.4,0,0,0,0,0,1
372700,89.362,0.0,0,0,1,0,17.302,0.0,0,0,1,0,6.891,-1.261,0,0.0,0,0,1,1,0,1,0,1,0,0,0,12192.0,2,1,1,1,0,0,1,3,8.6,267.4,0,0,0,0,0,1
372800,89.362,0.0,0,0,1,0,17.302,0.0,0,0,1,0,6.765,-1.261,0,0.0,0,0,1,1,0,1,0,1,0,0,0,12192.0,2,1,1,1,0,0,1,3,7.5,270.5,0,0,0,0,0,1
372900,89.362,0.0,0,0,1,0,17.302,0.0,0,0,1,0,6.639,-1.261,0,0.0,0,0,1,1,0,1,0,1,0,0,0,12192.0,2,1,1,1,0,0,1,3,8.4,273.0,0,0,0,0,0,1
373000,89.362,0.0,0,0,1,0,17.302,0.0,0,0,1,0,6.513,-1.261,0,0.0,0,0,1,1,0,1,0,1,0,0,0,12192.0,2,1,1,1,0,0,1,3,8.9,270.9,0,0,0,0,0,1
373100,89.362,0.0,0,0,1,0,17.302,0.0,0,0,1,0,6.387,-1.261,0,0.0,0,0,1,1,0,1,0,1,0,0,0,12192.0,2,1,1,1,0,0,1,3,7.7,275.2,0,0,0,0,0,1
373200,89.362,0.0,0,0,1,0,17.302,0.0,0,0,1,0,6.26,-1.261,0,0.0,0,0,1,1,0,1,0,1,0,0,0,12192.0,2,1,1,1,0,0,1,3,7.6,271.0,0,0,0,0,0,1
373300,89.362,0.0,0,0,1,0,17.302,0.0,0,0,1,0,6.134,-1.261,0,0.0,0,0,1,1,0,1,0,1,0,0,0,12192.0,2,1,1,1,0,0,1,3,7.9,273.8,0,0,0,0,0,1
373400,89.362,0.0,0,0,1,0,17.302,0.0,0,0,1,0,6.008,-1.261,0,0.0,0,0,1,1,0,1,0,1,0,0,0,12192.0,2,1,1,1,0,0,1,3,7.8,272.5,0,0,0,0,0,1
373500,89.362,0.0,0,0,1,0,17.302,0.0,0,0,1,0,5.882,-1.261,0,0.0,0,0,1,1,0,1,0,1,0,0,0,12192.0,2,1,1,1,0,0,1,3,7.6,269.7,0,0,0,0,0,1
373600,89.362,0.0,0,0,1,0,17.302,0.0,0,0,1,0,5.756,-1.261,0,0.0,0,0,1,1,0,1,0,1,0,0,0,12192.0,2,1,1,1,0,0,1,3,7.8,268.9,0,0,0,0,0,1
373700,89.362,0.0,0,0,1,0,17.302,0.0,0,0,1,0,5.63,-1.261,0,0.0,0,0,1,1,0,1,0,1,0,0,0,12192.0,2,1,1,1,0,0,1,3,8.3,270.9,0,0,0,0,0,1
373800,89.362,0.0,0,0,1,0,17.302,0.0,0,0,1,0,5.504,-1.261,0,0.0,0,0,1,1,0,1,0,1,0,0,0,12192.0,2,1,1,1,0,0,1,3,7.7,267.7,0,0,0,0,0,1
373900,89.362,0.0,0,0,1,0,17.302,0.0,0,0,1,0,5.378,-1.261,0,0.0,0,0,1,1,0,1,0,1,0,0,0,12192.0,2,1,1,1,0,0,1,3,6.8,268.9,0,0,0,0,0,1
374000,89.362,0.0,0,0,1,0,17.302,0.0,0,0,1,0,5.251,-1.261,0,0.0,0,0,1,1,0,1,0,1,0,0,0,12192.0,2,1,1,1,0,0,1,3,8.1,271.9,0,0,0,0,0,1
374100,89.362,0.0,0,0,1,0,17.302,0.0,0,0,1,0,5.125,-1.261,0,0.0,0,0,1,1,0,1,0,1,0,0,0,12192.0,2,1,1,1,0,0,1,3,6.6,268.2,0,0,0,0,0,1
374200,89.362,0.0,0,0,1,0,17.302,0.0,0,0,1,0,4.999,-1.261,0,0.0,0,0,1,1,0,1,0,1,0,0,0,12192.0,2,1,1,1,0,0,1,3,7.3,269.3,0,0,0,0,0,1
374300,89.362,0.0,0,0,1,0,17.302,0.0,0,0,1,0,4.873,-1.261,0,0.0,0,0,1,1,0,1,0,1,0,0,0,12192.0,2,1,1,1,0,0,1,3,8.1,270.6,0,0,0,0,0,1
374400,89.362,0.0,0,0,1,0,17.302,0.0,0,0,1,0,4.747,-1.261,0,0.0,0,0,1,1,0,1,0,1,0,0,0,12192.0,2,1,1,1,0,0,1,3,7.0,266.1,0,0,0,0,0,1
374500,89.362,0.0,0,0,1,0,17.302,0.0,0,0,1,0,4.621,-1.261,0,0.0,0,0,1,1,0,1,0,1,0,0,0,12192.0,2,1,1,1,0,0,1,3,7.8,272.1,0,0,0,0,0,1
374600,89.362,0.0,0,0,1,0,17.302,0.0,0,0,1,0,4.495,-1.261,0,0.0,0,0,1,1,0,1,0,1,0,0,0,12192.0,2,1,1,1,0,0,1,3,6.9,271.6,0,0,0,0,0,1
374700,89.362,0.0,0,0,1,0,17.302,0.0,0,0,1,0,4.369,-1.261,0,0.0,0,0,1,1,0,1,0,1,0,0,0,12192.0,2,1,1,1,0,0,1,3,7.0,269.3,0,0,0,0,0,1
374800,89.362,0.0,0,0,1,0,17.302,0.0,0,0,1,0,4.242,-1.261,0,0.0,0,0,1,1,0,1,0,1,0,0,0,12192.0,2,1,1,1,0,0,1,3,8.1,265.4,0,0,0,0,0,1
374900,89.362,0.0,0,0,1,0,17.302,0.0,0,0,1,0,4.116,-1.261,0,0.0,0,0,1,1,0,1,0,1,0,0,0,12192.0,2,1,1,1,0,0,1,3,8.0,272.1,0,0,0,0,0,1
375000,89.362,0.0,0,0,1,0,17.302,0.0,0,0,1,0,3.99,-1.261,0,0.0,0,0,1,1,0,1,0,1,0,0,0,12192.0,2,1,1,1,0,0,1,3,7.4,270.8,0,0,0,0,0,1
375100,89.362,0.0,0,0,1,0,17.302,0.0,0,0,1,0,3.869,-1.21,0,0.0,0,0,1,1,0,1,0,1,0,0,0,12192.0,2,1,1,1,0,0,1,3,6.9,268.2,0,0,0,0,0,1
375200,89.362,0.0,0,0,1,0,17.302,0.0,0,0,1,0,3.753,-1.16,0,0.0,0,0,1,1,0,1,0,1,0,0,0,12192.0,2,1,1,1,0,0,1,3,7.1,270.1,0,0,0,0,0,1
375300,89.362,0.0,0,0,1,0,17.302,0.0,0,0,1,0,3.642,-1.109,0,0.0,0,0,1,1,0,1,0,1,0,0,0,12192.0,2,1,1,1,0,0,1,3,7.2,273.2,0,0,0,0,0,1
375400,89.362,0.0,0,0,1,0,17.302,0.0,0,0,1,0,3.537,-1.058,0,0.0,0,0,1,1,0,1,0,1,0,0,0,12192.0,2,1,1,1,0,0,1,3,7.2,269.3,0,0,0,0,0,1
375500,89.362,0.0,0,0,1,0,17.302,0.0,0,0,1,0,3.436,-1.007,0,0.0,0,0,1,1,0,1,0,1,0,0,0,12192.0,2,1,1,1,0,0,1,3,7.6,270.9,0,0,0,0,0,1
375600,89.362,0.0,0,0,1,0,17.302,0.0,0,0,1,0,3.34,-0.956,0,0.0,0,0,1,1,0,1,0,1,0,0,0,12192.0,2,1,1,1,0,0,1,3,8.0,271.6,0,0,0,0,0,1
375700,89.362,0.0,0,0,1,0,17.302,0.0,0,0,1,0,3.25,-0.904,0,0.0,0,0,1,1,0,1,0,1,0,0,0,12192.0,2,1,1,1,0,0,1,3,6.6,264.5,0,0,0,0,0,1
375800,89.362,0.0,0,0,1,0,17.302,0.0,0,0,1,0,3.165,-0.851,0,0.0,0,0,1,1,0,1,0,1,0,0,0,12192.0,2,1,1,1,0,0,1,3,8.4,273.5,0,0,0,0,0,1
375900,89.362,0.0,0,0,1,0,17.302,0.0,0,0,1,0,3.085,-0.799,0,0.0,0,0,1,1,0,1,0,1,0,0,0,12192.0,2,1,1,1,0,0,1,3,6.7,272.9,0,0,0,0,0,1
376000,89.362,0.0,0,0,1,0,17.302,0.0,0,0,1,0,3.01,-0.746,0,0.0,0,0,1,1,0,1,0,1,0,0,0,12192.0,2,1,1,1,0,0,1,3,8.1,267.7,0,0,0,0,0,1
376100,89.362,0.0,0,0,1,0,17.302,0.0,0,0,1,0,2.941,-0.694,0,0.0,0,0,1,1,0,1,0,1,0,0,0,12192.0,2,1,1,1,0,0,1,3,7.1,271.8,0,0,0,0,0,1
376200,89.362,0.0,0,0,1,0,17.302,0.0,0,0,1,0,2.877,-0.641,0,0.0,0,0,1,1,0,1,0,1,0,0,0,12192.0,2,1,1,1,0,0,1,3,8.2,266.5,0,0,0,0,0,1
376300,89.362,0.0,0,0,1,0,17.302,0.0,0,0,1,0,2.818,-0.588,0,0.0,0,0,1,1,0,1,0,1,0,0,0,12192.0,2,1,1,1,0,0,1,3,8.2,271.5,0,0,0,0,0,1
376400,89.362,0.0,0,0,1,0,17.302,0.0,0,0,1,0,2.764,-0.535,0,0.0,0,0,1,1,0,1,0,1,0,0,0,12192.0,2,1,1,1,0,0,1,3,7.8,266.1,0,0,0,0,0,1
376500,89.362,0.0,0,0,1,0,17.302,0.0,0,0,1,0,2.716,-0.481,0,0.0,0,0,1,1,0,1,0,1,0,0,0,12192.0,2,1,1,1,0,0,1,3,7.9,268.2,0,0,0,0,0,1
376600,89.362,0.0,0,0,1,0,17.302,0.0,0,0,1,0,2.674,-0.427,0,0.0,0,0,1,1,0,1,0,1,0,0,0,12192.0,2,1,1,1,0,0,1,3,7.8,269.2,0,0,0,0,0,1
376700,89.362,0.0,0,0,1,0,17.302,0.0,0,0,1,0,2.636,-0.373,0,0.0,0,0,1,1,0,1,0,1,0,0,0,12192.0,2,1,1,1,0,0,1,3,7.7,270.5,0,0,0,0,0,1
376800,89.362,0.0,0,0,1,0,17.302,0.0,0,0,1,0,2.604,-0.318,0,0.0,0,0,1,1,0,1,0,1,0,0,0,12192.0,2,1,1,1,0,0,1,3,8.1,274.7,0,0,0,0,0,1
376900,89.362,0.0,0,0,1,0,17.302,0.0,0,0,1,0,2.578,-0.263,0,0.0,0,0,1,1,0,1,0,1,0,0,0,12192.0,2,1,1,1,0,0,1,3,8.4,265.7,0,0,0,0,0,1
377000,89.362,0.0,0,0,1,0,17.302,0.0,0,0,1,0,2.558,-0.206,0,0.0,0,0,1,1,0,1,0,1,0,0,0,12192.0,2,1,1,1,0,0,1,3,7.5,269.7,0,0,0,0,0,1
377100,89.362,0.0,0,0,1,0,17.302,0.0,0,0,1,0,2.543,-0.146,0,0.0,0,0,1,1,0,1,0,1,0,0,0,12192.0,2,1,1,1,0,0,1,3,7.8,272.9,0,0,0,0,0,1
377200,89.362,0.0,0,0,1,0,17.302,0.0,0,0,1,0,2.535,-0.081,0,0.0,0,0,1,1,0,1,0,1,0,0,0,12192.0,2,1,1,1,0,0,1,3,8.0,270.7,0,0,0,0,0,1
377300,89.362,0.0,0,0,0,0,17.302,0.0,0,0,0,0,2.532,0.0,0,0.0,0,0,0,0,0,1,0,1,0,0,0,12192.0,2,1,1,0,1,0,1,3,8.9,267.9,0,0,0,0,0,1
377400,89.362,0.0,0,0,0,0,17.302,0.0,0,0,0,0,2.532,0.0,0,0.0,0,0,0,0,0,1,0,1,1,1,0,12192.0,2,1,1,0,1,0,1,3,7.1,272.6,0,0,0,0,0,1
377500,89.362,0.0,0,0,0,0,17.302,0.0,0,0,0,0,2.532,0.0,0,0.0,0,0,0,0,0,1,0,1,1,1,0,12192.0,2,1,1,0,1,0,1,3,8.1,271.1,0,0,0,0,0,1
377600,89.362,0.0,0,0,0,0,17.302,0.0,0,0,0,0,2.532,0.0,0,0.0,0,0,0,0,0,1,0,1,1,1,0,12192.0,2,1,1,0,1,0,1,3,8.5,265.3,0,0,0,0,0,1
377700,89.362,0.0,0,0,0,0,17.302,0.0,0,0,0,0,2.532,0.0,0,0.0,0,0,0,0,0,1,0,1,1,1,0,12192.0,2,1,1,0,1,0,1,3,8.3,269.1,0,0,0,0,0,1
377800,89.362,0.0,0,0,0,0,17.302,0.0,0,0,0,0,2.532,0.0,0,0.0,0,0,0,0,0,1,0,1,1,1,0,12192.0,2,1,1,0,1,0,1,3,7.4,266.9,0,0,0,0,0,1
377900,89.362,0.0,0,0,0,0,17.302,0.0,0,0,0,0,2.532,0.0,0,0.0,0,0,0,0,0,1,0,1,1,1,0,12192.0,2,1,1,0,1,0,1,3,7.6,276.2,0,0,0,0,0,1
378000,89.362,0.0,0,0,0,0,17.302,0.0,0,0,0,0,2.532,0.0,0,0.0,0,0,0,0,0,1,0,1,1,1,0,12192.0,2,1,1,0,1,0,1,3,8.6,271.2,0,0,0,0,0,1
378100,89.362,0.0,0,0,0,0,17.302,0.0,0,0,0,0,2.532,0.0,0,0.0,0,0,0,0,0,1,0,1,1,1,0,12192.0,2,1,1,0,1,0,1,3,8.7,273.8,0,0,0,0,0,1
378200,89.362,0.0,0,0,0,0,17.302,0.0,0,0,0,0,2.532,0.0,0,0.0,0,0,0,0,0,1,0,1,1,1,0,12192.0,2,1,1,0,1,0,1,3,7.3,271.1,0,0,0,0,0,1
378300,89.362,0.0,0,0,0,0,17.302,0.0,0,0,0,0,2.532,0.0,0,0.0,0,0,0,0,0,1,0,1,1,1,0,12192.0,2,1,1,0,1,0,1,3,9.5,266.2,0,0,0,0,0,1
378400,89.362,0.0,0,0,0,0,17.302,0.0,0,0,0,0,2.532,0.0,0,0.0,0,0,0,0,0,1,0,1,1,1,0,12192.0,2,1,1,0,1,0,1,3,8.2,266.2,0,0,0,0,0,1
378500,89.362,0.0,0,0,0,0,17.302,0.0,0,0,0,0,2.532,0.0,0,0.0,0,0,0,0,0,1,0,1,1,1,0,12192.0,2,1,1,0,1,0,1,3,8.7,269.8,0,0,0,0,0,1
378600,89.362,0.0,0,0,0,0,17.302,0.0,0,0,0,0,2.532,0.0,0,31.78,0,0,0,0,0,1,1,0,1,1,0,12192.0,2,1,1,0,1,0,1,3,7.2,269.9,0,0,0,0,0,1
378700,89.362,0.0,0,0,0,0,17.302,0.0,0,0,0,0,2.532,0.0,0,31.92,0,0,0,0,0,1,1,0,1,1,0,12192.0,2,1,1,0,1,0,1,3,8.8,273.2,0,0,0,0,0,1
378800,89.362,0.0,0,0,0,0,17.302,0.0,0,0,0,0,2.532,0.0,0,31.97,0,0,0,0,0,1,1,0,1,1,0,12192.0,2,1,1,0,1,0,1,3,8.5,274.0,0,0,0,0,0,1
378900,89.362,0.0,0,0,0,0,17.302,0.0,0,0,0,0,2.532,0.0,0,32.14,0,0,0,0,0,1,1,0,1,1,0,12192.0,2,1,1,0,1,0,1,3,7.9,270.3,0,0,0,0,0,1
379000,89.362,0.0,0,0,0,0,17.302,0.0,0,0,0,0,2.532,0.0,0,32.04,0,0,0,0,0,1,1,0,1,1,0,12192.0,2,1,1,0,1,0,1,3,9.1,270.0,0,0,0,0,0,1
379100,89.362,0.0,0,0,0,0,17.302,0.0,0,0,0,0,2.532,0.0,0,32.05,0,0,0,0,0,1,1,0,1,1,0,12192.0,2,1,1,0,1,0,1,3,8.3,266.3,0,0,0,0,0,1
379200,89.362,0.0,0,0,0,0,17.302,0.0,0,0,0,0,2.532,0.0,0,32.03,0,0,0,0,0,1,1,0,1,1,0,12192.0,2,1,1,0,1,0,1,3,9.3,271.4,0,0,0,0,0,1
379300,89.362,0.0,0,0,0,0,17.302,0.0,0,0,0,0,2.532,0.0,0,31.95,0,0,0,0,0,1,1,0,1,1,0,12192.0,2,1,1,0,1,0,1,3,8.9,266.3,0,0,0,0,0,1
379400,89.362,0.0,0,0,0,0,17.302,0.0,0,0,0,0,2.532,0.0,0,32.2,0,0,0,0,0,1,1,0,1,1,0,12192.0,2,1,1,0,1,0,1,3,8.1,272.0,0,0,0,0,0,1
379500,89.362,0.0,0,0,0,0,17.302,0.0,0,0,0,0,2.532,0.0,0,32.12,0,0,0,0,0,1,1,0,1,1,0,12192.0,2,1,1,0,1,0,1,3,9.3,270.7,0,0,0,0,0,1
379600,89.362,0.0,0,0,0,0,17.302,0.0,0,0,0,0,2.532,0.0,0,31.86,0,0,0,0,0,1,1,0,1,1,0,12192.0,2,1,1,0,1,0,1,3,8.6,264.8,0,0,0,0,0,1
379700,89.362,0.0,0,0,0,0,17.302,0.0,0,0,0,0,2.532,0.0,0,31.89,0,0,0,0,0,1,1,0,1,1,0,12192.0,2,1,1,0,1,0,1,3,9.1,271.2,0,0,0,0,0,1
379800,89.362,0.0,0,0,0,0,17.302,0.0,0,0,0,0,2.532,0.0,0,32.09,0,0,0,0,0,1,1,0,1,1,0,12192.0,2,1,1,0,1,0,1,3,9.0,273.9,0,0,0,0,0,1
379900,89.362,0.0,0,0,0,0,17.302,0.0,0,0,0,0,2.532,0.0,0,32.02,0,0,0,0,0,1,1,0,1,1,0,12192.0,2,1,1,0,1,0,1,3,9.0,271.3,0,0,0,0,0,1
380000,89.362,0.0,0,0,0,0,17.302,0.0,0,0,0,0,2.532,0.0,0,31.85,0,0,0,0,0,1,1,0,1,1,0,12192.0,2,1,1,0,1,0,1,3,8.8,268.1,0,0,0,0,0,1
380100,89.362,0.0,0,0,0,0,17.302,0.0,0,0,0,0,2.532,0.0,0,31.93,0,0,0,0,0,1,1,0,1,1,0,12192.0,2,1,1,0,1,0,1,3,8.2,268.5,0,0,0,0,0,1
380200,89.362,0.0,0,0,0,0,17.302,0.0,0,0,0,0,2.532,0.0,0,31.91,0,0,0,0,0,1,1,0,1,1,0,12192.0,2,1,1,0,1,0,1,3,8.3,267.7,0,0,0,0,0,1
380300,89.362,0.0,0,0,0,0,17.302,0.0,0,0,0,0,2.532,0.0,0,32.3,0,0,0,0,0,1,1,0,1,1,0,12192.0,2,1,1,0,1,0,1,3,8.3,267.5,0,0,0,0,0,1
380400,89.362,0.0,0,0,1,0,17.302,0.0,0,0,1,0,2.537,0.051,1,33.9,0,0,1,1,0,1,1,0,0,1,0,12192.0,2,1,1,1,0,0,1,3,8.8,269.8,0,0,0,0,0,1
380500,89.362,0.0,0,0,1,0,17.302,0.0,0,0,1,0,2.547,0.102,1,33.66,0,0,1,1,0,1,1,0,0,1,0,12192.0,2,1,1,1,0,0,1,3,8.8,272.2,0,0,0,0,0,1
380600,89.362,0.0,0,0,1,0,17.302,0.0,0,0,1,0,2.562,0.152,1,33.47,0,0,1,1,0,1,1,0,0,1,0,12192.0,2,1,1,1,0,0,1,3,8.7,272.5,0,0,0,0,0,1
380700,89.362,0.0,0,0,1,0,17.302,0.0,0,0,1,0,2.583,0.203,1,33.52,0,0,1,1,0,1,1,0,0,1,0,12192.0,2,1,1,1,0,0,1,3,8.0,272.1,0,0,0,0,0,1
380800,89.362,0.0,0,0,1,0,17.302,0.0,0,0,1,0,2.608,0.254,1,33.48,0,0,1,1,0,1,1,0,0,1,0,12192.0,2,1,1,1,0,0,1,3,7.4,270.7,0,0,0,0,0,1
380900,89.362,0.0,0,0,1,0,17.302,0.0,0,0,1,0,2.639,0.305,1,33.73,0,0,1,1,0,1,1,0,0,1,0,12192.0,2,1,1,1,0,0,1,3,7.4,273.3,0,0,0,0,0,1
381000,89.362,0.0,0,0,1,0,17.302,0.0,0,0,1,0,2.674,0.356,1,33.69,0,0,1,1,0,1,1,0,0,1,0,12192.0,2,1,1,1,0,0,1,3,7.7,271.8,0,0,0,0,0,1
381100,89.362,0.0,0,0,1,0,17.302,0.0,0,0,1,0,2.715,0.407,1,33.79,0,0,1,1,0,1,1,0,0,1,0,12192.0,2,1,1,1,0,0,1,3,8.1,269.9,0,0,0,0,0,1
381200,89.362,0.0,0,0,1,0,17.302,0.0,0,0,1,0,2.761,0.457,1,33.84,0,0,1,1,0,1,1,0,0,1,0,12192.0,2,1,1,1,0,0,1,3,8.0,270.8,0,0,0,0,0,1
381300,89.362,0.0,0,0,1,0,17.302,0.0,0,0,1,0,2.811,0.508,1,33.76,0,0,1,1,0,1,1,0,0,1,0,12192.0,2,1,1,1,0,0,1,3,8.5,269.4,0,0,0,0,0,1
381400,89.362,0.0,0,0,1,0,17.302,0.0,0,0,1,0,2.867,0.559,1,33.56,0,0,1,1,0,1,1,0,0,1,0,12192.0,2,1,1,1,0,0,1,3,7.9,266.5,0,0,0,0,0,1
381500,89.362,0.0,0,0,1,0,17.302,0.0,0,0,1,0,2.928,0.61,1,33.87,0,0,1,1,0,1,1,0,0,1,0,12192.0,2,1,1,1,0,0,1,3,8.7,269.1,0,0,0,0,0,1
381600,89.362,0.0,0,0,1,0,17.302,0.0,0,0,1,0,2.994,0.661,1,33.78,0,0,1,1,0,1,1,0,0,1,0,12192.0,2,1,1,1,0,0,1,3,8.1,269.9,0,0,0,0,0,1
381700,89.362,0.0,0,0,1,0,17.302,0.0,0,0,1,0,3.066,0.711,1,33.63,0,0,1,1,0,1,1,0,0,1,0,12192.0,2,1,1,1,0,0,1,3,8.2,271.7,0,0,0,0,0,1
381800,89.362,0.0,0,0,1,0,17.302,0.0,0,0,1,0,3.142,0.762,1,33.7,0,0,1,1,0,1,1,0,0,1,0,12192.0,2,1,1,1,0,0,1,3,7.2,269.4,0,0,0,0,0,1
381900,89.362,0.0,0,0,1,0,17.302,0.0,0,0,1,0,3.223,0.813,1,33.5,0,0,1,1,0,1,1,0,0,1,0,12192.0,2,1,1,1,0,0,1,3,8.4,267.8,0,0,0,0,0,1
382000,89.362,0.0,0,0,1,0,17.302,0.0,0,0,1,0,3.309,0.864,1,33.68,0,0,1,1,0,1,1,0,0,1,0,12192.0,2,1,1,1,0,0,1,3,8.4,275.8,0,0,0,0,0,1
382100,89.362,0.0,0,0,1,0,17.302,0.0,0,0,1,0,3.401,0.915,1,33.48,0,0,1,1,0,1,1,0,0,1,0,12192.0,2,1,1,1,0,0,1,3,8.5,266.6,0,0,0,0,0,1
382200,89.362,0.0,0,0,1,0,17.302,0.0,0,0,1,0,3.497,0.965,1,33.77,0,0,1,1,0,1,1,0,0,1,0,12192.0,2,1,1,1,0,0,1,3,6.8,269.7,0,0,0,0,0,1
382300,89.362,0.0,0,0,1,0,17.302,0.0,0,0,1,0,3.599,1.016,1,33.63,0,0,1,1,0,1,1,0,0,1,0,12192.0,2,1,1,1,0,0,1,3,8.1,270.7,0,0,0,0,0,1
382400,89.362,0.0,0,0,1,0,17.302,0.0,0,0,1,0,3.706,1.067,1,33.54,0,0,1,1,0,1,1,0,0,1,0,12192.0,2,1,1,1,0,0,1,3,7.9,268.4,0,0,0,0,0,1
382500,89.362,0.0,0,0,1,0,17.302,0.0,0,0,1,0,3.818,1.118,1,33.63,0,0,1,1,0,1,1,0,0,1,0,12192.0,2,1,1,1,0,0,1,3,7.8,269.6,0,0,0,0,0,1
382600,89.362,0.0,0,0,1,0,17.302,0.0,0,0,1,0,3.934,1.169,1,33.62,0,0,1,1,0,1,1,0,0,1,0,12192.0,2,1,1,1,0,0,1,3,6.9,270.2,0,0,0,0,0,1
382700,89.362,0.0,0,0,1,0,17.302,0.0,0,0,1,0,4.056,1.22,1,33.66,0,0,1,1,0,1,1,0,0,1,0,12192.0,2,1,1,1,0,0,1,3,7.6,269.0,0,0,0,0,0,1
382800,89.362,0.0,0,0,1,0,17.302,0.0,0,0,1,0,4.183,1.261,1,33.87,0,0,1,1,0,1,1,0,0,1,0,12192.0,2,1,1,1,0,0,1,3,7.5,273.0,0,0,0,0,0,1
382900,89.362,0.0,0,0,1,0,17.302,0.0,0,0,1,0,4.309,1.261,1,33.78,0,0,1,1,0,1,1,0,0,1,0,12192.0,2,1,1,1,0,0,1,3,7.6,270.1,0,0,0,0,0,1
383000,89.362,0.0,0,0,1,0,17.302,0.0,0,0,1,0,4.435,1.261,1,33.66,0,0,1,1,0,1,1,0,0,1,0,12192.0,2,1,1,1,0,0,1,3,7.9,270.3,0,0,0,0,0,1
383100,89.362,0.0,0,0,1,0,17.302,0.0,0,0,1,0,4.561,1.261,1,33.45,0,0,1,1,0,1,1,0,0,1,0,12192.0,2,1,1,1,0,0,1,3,7.7,270.4,0,0,0,0,0,1
383200,89.362,0.0,0,0,1,0,17.302,0.0,0,0,1,0,4.687,1.261,1,33.85,0,0,1,1,0,1,1,0,0,1,0,12192.0,2,1,1,1,0,0,1,3,7.9,268.9,0,0,0,0,0,1
383300,89.362,0.0,0,0,1,0,17.302,0.0,0,0,1,0,4.813,1.261,1,33.83,0,0,1,1,0,1,1,0,0,1,0,12192.0,2,1,1,1,0,0,1,3,7.0,265.5,0,0,0,0,0,1
383400,89.362,0.0,0,0,1,0,17.302,0.0,0,0,1,0,4.939,1.261,1,33.65,0,0,1,1,0,1,1,0,0,1,0,12192.0,2,1,1,1,0,0,1,3,6.9,269.8,0,0,0,0,0,1
383500,89.362,0.0,0,0,1,0,17.302,0.0,0,0,1,0,5.065,1.261,1,33.65,0,0,1,1,0,1,1,0,0,1,0,12192.0,2,1,1,1,0,0,1,3,7.5,266.9,0,0,0,0,0,1
383600,89.362,0.0,0,0,1,0,17.302,0.0,0,0,1,0,5.192,1.261,1,33.69,0,0,1,1,0,1,1,0,0,1,0,12192.0,2,1,1,1,0,0,1,3,7.5,273.9,0,0,0,0,0,1
383700,89.362,0.0,0,0,1,0,17.302,0.0,0,0,1,0,5.318,1.261,1,33.86,0,0,1,1,0,1,1,0,0,1,0,12192.0,2,1,1,1,0,0,1,3,6.4,272.1,0,0,0,0,0,1
383800,89.362,0.0,0,0,1,0,17.302,0.0,0,0,1,0,5.444,1.261,1,33.3,0,0,1,1,0,1,1,0,0,1,0,12192.0,2,1,1,1,0,0,1,3,7.4,270.7,0,0,0,0,0,1
383900,89.362,0.0,0,0,1,0,17.302,0.0,0,0,1,0,5.57,1.261,1,33.63,0,0,1,1,0,1,1,0,0,1,0,12192.0,2,1,1,1,0,0,1,3,7.3,267.9,0,0,0,0,0,1
384000,89.362,0.0,0,0,1,0,17.302,0.0,0,0,1,0,5.696,1.261,1,33.51,0,0,1,1,0,1,1,0,0,1,0,12192.0,2,1,1,1,0,0,1,3,7.4,271.2,0,0,0,0,0,1
384100,89.362,0.0,0,0,1,0,17.302,0.0,0,0,1,0,5.822,1.261,1,33.53,0,0,1,1,0,1,1,0,0,1,0,12192.0,2,1,1,1,0,0,1,3,6.4,265.7,0,0,0,0,0,1
384200,89.362,0.0,0,0,1,0,17.302,0.0,0,0,1,0,5.948,1.261,1,33.64,0,0,1,1,0,1,1,0,0,1,0,12192.0,2,1,1,1,0,0,1,3,7.5,269.2,0,0,0,0,0,1
384300,89.362,0.0,0,0,1,0,17.302,0.0,0,0,1,0,6.074,1.261,1,33.78,0,0,1,1,0,1,1,0,0,1,0,12192.0,2,1,1,1,0,0,1,3,7.4,275.4,0,0,0,0,0,1
384400,89.362,0.0,0,0,1,0,17.302,0.0,0,0,1,0,6.201,1.261,1,33.6,0,0,1,1,0,1,1,0,0,1,0,12192.0,2,1,1,1,0,0,1,3,7.3,269.7,0,0,0,0,0,1
384500,89.362,0.0,0,0,1,0,17.302,0.0,0,0,1,0,6.327,1.261,1,33.81,0,0,1,1,0,1,1,0,0,1,0,12192.0,2,1,1,1,0,0,1,3,7.4,270.8,0,0,0,0,0,1
384600,89.362,0.0,0,0,1,0,17.302,0.0,0,0,1,0,6.453,1.261,1,33.88,0,0,1,1,0,1,1,0,0,1,0,12192.0,2,1,1,1,0,0,1,3,7.9,273.5,0,0,0,0,0,1
384700,89.362,0.0,0,0,1,0,17.302,0.0,0,0,1,0,6.579,1.261,1,33.58,0,0,1,1,0,1,1,0,0,1,0,12192.0,2,1,1,1,0,0,1,3,7.0,272.8,0,0,0,0,0,1
384800,89.362,0.0,0,0,1,0,17.302,0.0,0,0,1,0,6.705,1.261,1,33.52,0,0,1,1,0,1,1,0,0,1,0,12192.0,2,1,1,1,0,0,1,3,7.9,267.5,0,0,0,0,0,1
384900,89.362,0.0,0,0,1,0,17.302,0.0,0,0,1,0,6.831,1.261,1,33.76,0,0,1,1,0,1,1,0,0,1,0,12192.0,2,1,1,1,0,0,1,3,7.6,269.7,0,0,0,0,0,1
385000,89.362,0.0,0,0,1,0,17.302,0.0,0,0,1,0,6.957,1.261,1,33.58,0,0,1,1,0,1,1,0,0,1,0,12192.0,2,1,1,1,0,0,1,3,7.5,273.1,0,0,0,0,0,1
385100,89.362,0.0,0,0,1,0,17.302,0.0,0,0,1,0,7.083,1.261,1,33.65,0,0,1,1,0,1,1,0,0,1,0,12192.0,2,1,1,1,0,0,1,3,7.4,272.9,0,0,0,0,0,1
385200,89.362,0.0,0,0,1,0,17.302,0.0,0,0,1,0,7.209,1.261,1,33.64,0,0,1,1,0,1,1,0,0,1,0,12192.0,2,1,1,1,0,0,1,3,7.6,271.7,0,0,0,0,0,1
385300,89.362,0.0,0,0,1,0,17.302,0.0,0,0,1,0,7.336,1.261,1,33.93,0,0,1,1,0,1,1,0,0,1,0,12192.0,2,1,1,1,0,0,1,3,7.7,270.0,0,0,0,0,0,1
385400,89.362,0.0,0,0,1,0,17.302,0.0,0,0,1,0,7.462,1.261,1,33.67,0,0,1,1,0,1,1,0,0,1,0,12192.0,2,1,1,1,0,0,1,3,8.0,271.8,0,0,0,0,0,1
385500,89.362,0.0,0,0,1,0,17.302,0.0,0,0,1,0,7.588,1.261,1,33.48,0,0,1,1,0,1,1,0,0,1,0,12192.0,2,1,1,1,0,0,1,3,7.3,270.9,0,0,0,0,0,1
385600,89.362,0.0,0,0,1,0,17.302,0.0,0,0,1,0,7.714,1.261,1,33.58,0,0,1,1,0,1,1,0,0,1,0,12192.0,2,1,1,1,0,0,1,3,7.8,271.8,0,0,0,0,0,1
385700,89.362,0.0,0,0,1,0,17.302,0.0,0,0,1,0,7.84,1.261,1,33.59,0,0,1,1,0,1,1,0,0,1,0,12192.0,2,1,1,1,0,0,1,3,8.2,269.1,0,0,0,0,0,1
385800,89.362,0.0,0,0,1,0,17.302,0.0,0,0,1,0,7.966,1.261,1,33.81,0,0,1,1,0,1,1,0,0,1,0,12192.0,2,1,1,1,0,0,1,3,7.7,267.7,0,0,0,0,0,1
385900,89.362,0.0,0,0,1,0,17.302,0.0,0,0,1,0,8.092,1.261,1,33.53,0,0,1,1,0,1,1,0,0,1,0,12192.0,2,1,1,1,0,0,1,3,8.1,270.9,0,0,0,0,0,1
386000,89.362,0.0,0,0,1,0,17.302,0.0,0,0,1,0,8.218,1.261,1,33.61,0,0,1,1,0,1,1,0,0,1,0,12192.0,2,1,1,1,0,0,1,3,8.2,272.1,0,0,0,0,0,1
386100,89.362,0.0,0,0,1,0,17.302,0.0,0,0,1,0,8.345,1.261,1,33.53,0,0,1,1,0,1,1,0,0,1,0,12192.0,2,1,1,1,0,0,1,3,8.4,268.2,0,0,0,0,0,1
386200,89.362,0.0,0,0,1,0,17.302,0.0,0,0,1,0,8.471,1.261,1,33.58,0,0,1,1,0,1,1,0,0,1,0,12192.0,2,1,1,1,0,0,1,3,8.2,270.3,0,0,0,0,0,1
386300,89.362,0.0,0,0,1,0,17.302,0.0,0,0,1,0,8.597,1.261,1,33.56,0,0,1,1,0,1,1,0,0,1,0,12192.0,2,1,1,1,0,0,1,3,8.2,273.3,0,0,0,0,0,1
386400,89.362,0.0,0,0,1,0,17.302,0.0,0,0,1,0,8.723,1.261,1,33.59,0,0,1,1,0,1,1,0,0,1,0,12192.0,2,1,1,1,0,0,1,3,8.9,268.8,0,0,0,0,0,1
386500,89.362,0.0,0,0,1,0,17.302,0.0,0,0,1,0,8.849,1.261,1,33.67,0,0,1,1,0,1,1,0,0,1,0,12192.0,2,1,1,1,0,0,1,3,8.9,272.7,0,0,0,0,0,1
386600,89.362,0.0,0,0,1,0,17.302,0.0,0,0,1,0,8.975,1.261,1,33.56,0,0,1,1,0,1,1,0,0,1,0,12192.0,2,1,1,1,0,0,1,3,8.3,267.1,0,0,0,0,0,1
386700,89.362,0.0,0,0,1,0,17.302,0.0,0,0,1,0,9.101,1.261,1,33.66,0,0,1,1,0,1,1,0,0,1,0,12192.0,2,1,1,1,0,0,1,3,8.0,269.6,0,0,0,0,0,1
386800,89.362,0.0,0,0,1,0,17.302,0.0,0,0,1,0,9.227,1.261,1,33.98,0,0,1,1,0,1,1,0,0,1,0,12192.0,2,1,1,1,0,0,1,3,8.8,267.8,0,0,0,0,0,1
386900,89.362,0.0,0,0,1,0,17.302,0.0,0,0,1,0,9.354,1.261,1,33.64,0,0,1,1,0,1,1,0,0,1,0,12192.0,2,1,1,1,0,0,1,3,8.5,267.1,0,0,0,0,0,1
387000,89.362,0.0,0,0,1,0,17.302,0.0,0,0,1,0,9.48,1.261,1,33.61,0,0,1,1,0,1,1,0,0,1,0,12192.0,2,1,1,1,0,0,1,3,8.7,270.3,0,0,0,0,0,1
387100,89.362,0.0,0,0,1,0,17.302,0.0,0,0,1,0,9.606,1.261,1,33.75,0,0,1,1,0,1,1,0,0,1,0,12192.0,2,1,1,1,0,0,1,3,8.5,272.9,0,0,0,0,0,1
387200,89.362,0.0,0,0,1,0,17.302,0.0,0,0,1,0,9.732,1.261,1,33.91,0,0,1,1,0,1,1,0,0,1,0,12192.0,2,1,1,1,0,0,1,3,8.5,269.2,0,0,0,0,0,1
387300,89.362,0.0,0,0,1,0,17.302,0.0,0,0,1,0,9.858,1.261,1,33.66,0,0,1,1,0,1,1,0,0,1,0,12192.0,2,1,1,1,0,0,1,3,8.8,267.2,0,0,0,0,0,1
387400,89.362,0.0,0,0,1,0,17.302,0.0,0,0,1,0,9.984,1.261,1,33.54,0,0,1,1,0,1,1,0,0,1,0,12192.0,2,1,1,1,0,0,1,3,8.0,266.9,0,0,0,0,0,1
387500,89.362,0.0,0,0,1,0,17.302,0.0,0,0,1,0,10.11,1.261,1,33.48,0,0,1,1,0,1,1,0,0,1,0,12192.0,2,1,1,1,0,0,1,3,8.0,262.5,0,0,0,0,0,1
387600,89.362,0.0,0,0,1,0,17.302,0.0,0,0,1,0,10.236,1.261,1,33.72,0,0,1,1,0,1,1,0,0,1,0,12192.0,2,1,1,1,0,0,1,3,9.0,270.8,0,0,0,0,0,1
387700,89.362,0.0,0,0,1,0,17.302,0.0,0,0,1,0,10.363,1.261,1,33.7,0,0,1,1,0,1,1,0,0,1,0,12192.0,2,1,1,1,0,0,1,3,9.0,265.2,0,0,0,0,0,1
387800,89.362,0.0,0,0,1,0,17.302,0.0,0,0,1,0,10.489,1.261,1,33.49,0,0,1,1,0,1,1,0,0,1,0,12192.0,2,1,1,1,0,0,1,3,8.7,273.8,0,0,0,0,0,1
387900,89.362,0.0,0,0,1,0,17.302,0.0,0,0,1,0,10.615,1.261,1,33.65,0,0,1,1,0,1,1,0,0,1,0,12192.0,2,1,1,1,0,0,1,3,9.0,267.5,0,0,0,0,0,1
388000,89.362,0.0,0,0,1,0,17.302,0.0,0,0,1,0,10.741,1.261,1,33.67,0,0,1,1,0,1,1,0,0,1,0,12192.0,2,1,1,1,0,0,1,3,7.6,266.2,0,0,0,0,0,1
388100,89.362,0.0,0,0,1,0,17.302,0.0,0,0,1,0,10.867,1.261,1,33.78,0,0,1,1,0,1,1,0,0,1,0,12192.0,2,1,1,1,0,0,1,3,8.8,267.2,0,0,0,0,0,1
388200,89.362,0.0,0,0,1,0,17.302,0.0,0,0,1,0,10.993,1.261,1,33.42,0,0,1,1,0,1,1,0,0,1,0,12192.0,2,1,1,1,0,0,1,3,9.6,270.0,0,0,0,0,0,1
388300,89.362,0.0,0,0,1,0,17.302,0.0,0,0,1,0,11.119,1.261,1,33.68,0,0,1,1,0,1,1,0,0,1,0,12192.0,2,1,1,1,0,0,1,3,8.7,268.6,0,0,0,0,0,1
388400,89.362,0.0,0,0,1,0,17.302,0.0,0,0,1,0,11.245,1.261,1,33.71,0,0,1,1,0,1,1,0,0,1,0,12192.0,2,1,1,1,0,0,1,3,8.9,270.3,0,0,0,0,0,1
388500,89.362,0.0,0,0,1,0,17.302,0.0,0,0,1,0,11.372,1.261,1,33.81,0,0,1,1,0,1,1,0,0,1,0,12192.0,2,1,1,1,0,0,1,3,8.8,267.8,0,0,0,0,0,1
388600,89.362,0.0,0,0,1,0,17.302,0.0,0,0,1,0,11.498,1.261,1,33.83,0,0,1,1,0,1,1,0,0,1,0,12192.0,2,1,1,1,0,0,1,3,8.0,273.1,0,0,0,0,0,1
388700,89.362,0.0,0,0,1,0,17.302,0.0,0,0,1,0,11.624,1.261,1,33.73,0,0,1,1,0,1,1,0,0,1,0,12192.0,2,1,1,1,0,0,1,3,9.0,271.4,0,0,0,0,0,1
388800,89.362,0.0,0,0,1,0,17.302,0.0,0,0,1,0,11.75,1.261,1,33.76,0,0,1,1,0,1,1,0,0,1,0,12192.0,2,1,1,1,0,0,1,3,8.2,271.4,0,0,0,0,0,1
388900,89.362,0.0,0,0,1,0,17.302,0.0,0,0,1,0,11.876,1.261,1,33.51,0,0,1,1,0,1,1,0,0,1,0,12192.0,2,1,1,1,0,0,1,3,8.3,267.8,0,0,0,0,0,1
389000,89.362,0.0,0,0,1,0,17.302,0.0,0,0,1,0,11.997,1.21,1,30.24,0,0,1,1,0,1,1,0,0,1,0,12192.0,2,1,1,1,0,0,1,3,8.9,265.5,0,0,0,0,0,1
389100,89.362,0.0,0,0,1,0,17.302,0.0,0,0,1,0,12.113,1.16,1,30.38,0,0,1,1,0,1,1,0,0,1,0,12192.0,2,1,1,1,0,0,1,3,8.3,269.3,0,0,0,0,0,1
389200,89.362,0.0,0,0,1,0,17.302,0.0,0,0,1,0,12.224,1.109,1,30.25,0,0,1,1,0,1,1,0,0,1,0,12192.0,2,1,1,1,0,0,1,3,7.9,273.8,0,0,0,0,0,1
389300,89.362,0.0,0,0,1,0,17.302,0.0,0,0,1,0,12.33,1.058,1,30.35,0,0,1,1,0,1,1,0,0,1,0,12192.0,2,1,1,1,0,0,1,3,9.3,268.6,0,0,0,0,0,1
389400,89.362,0.0,0,0,1,0,17.302,0.0,0,0,1,0,12.43,1.007,1,30.52,0,0,1,1,0,1,1,0,0,1,0,12192.0,2,1,1,1,0,0,1,3,8.7,268.4,0,0,0,0,0,1
389500,89.362,0.0,0,0,1,0,17.302,0.0,0,0,1,0,12.526,0.956,1,30.33,0,0,1,1,0,1,1,0,0,1,0,12192.0,2,1,1,1,0,0,1,3,9.0,266.0,0,0,0,0,0,1
389600,89.362,0.0,0,0,1,0,17.302,0.0,0,0,1,0,12.617,0.906,1,30.28,0,0,1,1,0,1,1,0,0,1,0,12192.0,2,1,1,1,0,0,1,3,7.8,268.6,0,0,0,0,0,1
389700,89.362,0.0,0,0,1,0,17.302,0.0,0,0,1,0,12.702,0.855,1,30.18,0,0,1,1,0,1,1,0,0,1,0,12192.0,2,1,1,1,0,0,1,3,8.0,269.4,0,0,0,0,0,1
389800,89.362,0.0,0,0,1,0,17.302,0.0,0,0,1,0,12.782,0.803,1,30.14,0,0,1,1,0,1,1,0,0,1,0,12192.0,2,1,1,1,0,0,1,3,8.7,271.9,0,0,0,0,0,1
389900,89.362,0.0,0,0,1,0,17.302,0.0,0,0,1,0,12.857,0.75,1,30.28,0,0,1,1,0,1,1,0,0,1,0,12192.0,2,1,1,1,0,0,1,3,8.0,272.4,0,0,0,0,0,1
390000,89.362,0.0,0,0,1,0,17.302,0.0,0,0,1,0,12.927,0.697,1,30.33,0,0,1,1,0,1,1,0,0,1,0,12192.0,2,1,1,1,0,0,1,3,8.3,271.3,0,0,0,0,0,1
390100,89.362,0.0,0,0,1,0,17.302,0.0,0,0,1,0,12.991,0.645,1,30.6,0,0,1,1,0,1,1,0,0,1,0,12192.0,2,1,1,1,0,0,1,3,8.3,267.6,0,0,0,0,0,1
390200,89.362,0.0,0,0,1,0,17.302,0.0,0,0,1,0,13.051,0.592,1,30.3,0,0,1,1,0,1,1,0,0,1,0,12192.0,2,1,1,1,0,0,1,3,7.7,271.4,0,0,0,0,0,1
390300,89.362,0.0,0,0,1,0,17.302,0.0,0,0,1,0,13.104,0.538,1,30.38,0,0,1,1,0,1,1,0,0,1,0,12192.0,2,1,1,1,0,0,1,3,7.2,269.1,0,0,0,0,0,1
390400,89.362,0.0,0,0,1,0,17.302,0.0,0,0,1,0,13.153,0.485,1,30.39,0,0,1,1,0,1,1,0,0,1,0,12192.0,2,1,1,1,0,0,1,3,7.7,271.6,0,0,0,0,0,1
390500,89.362,0.0,0,0,1,0,17.302,0.0,0,0,1,0,13.196,0.431,1,30.39,0,0,1,1,0,1,1,0,0,1,0,12192.0,2,1,1,1,0,0,1,3,8.3,268.8,0,0,0,0,0,1
390600,89.362,0.0,0,0,1,0,17.302,0.0,0,0,1,0,13.234,0.377,1,30.29,0,0,1,1,0,1,1,0,0,1,0,12192.0,2,1,1,1,0,0,1,3,8.0,276.4,0,0,0,0,0,1
390700,89.362,0.0,0,0,1,0,17.302,0.0,0,0,1,0,13.266,0.322,1,30.45,0,0,1,1,0,1,1,0,0,1,0,12192.0,2,1,1,1,0,0,1,3,8.0,273.1,0,0,0,0,0,1
390800,89.362,0.0,0,0,1,0,17.302,0.0,0,0,1,0,13.293,0.266,1,30.32,0,0,1,1,0,1,1,0,0,1,0,12192.0,2,1,1,1,0,0,1,3,8.9,272.3,0,0,0,0,0,1
390900,89.362,0.0,0,0,1,0,17.302,0.0,0,0,1,0,13.314,0.21,1,30.31,0,0,1,1,0,1,1,0,0,1,0,12192.0,2,1,1,1,0,0,1,3,7.8,271.0,0,0,0,0,0,1
391000,89.362,0.0,0,0,1,0,17.302,0.0,0,0,1,0,13.329,0.15,1,30.27,0,0,1,1,0,1,1,0,0,1,0,12192.0,2,1,1,1,0,0,1,3,7.5,267.7,0,0,0,0,0,1
391100,89.362,0.0,0,0,1,0,17.302,0.0,0,0,1,0,13.337,0.086,1,30.42,0,0,1,1,0,1,1,0,0,1,0,12192.0,2,1,1,1,0,0,1,3,7.6,268.9,0,0,0,0,0,1
391200,89.362,0.0,0,0,0,0,17.302,0.0,0,0,0,0,13.341,0.0,0,31.95,0,0,0,0,0,1,1,0,0,1,0,12192.0,2,1,1,0,1,0,1,3,8.2,269.2,0,0,0,0,0,1
391300,89.36,-0.015,0,1,1,0,17.296,-0.061,0,1,1,0,13.341,0.0,0,32.06,0,0,0,1,0,1,1,0,0,1,0,12192.0,2,1,1,1,0,0,1,3,7.6,271.4,0,0,0,0,0,1
391400,89.357,-0.03,0,1,1,0,17.283,-0.122,0,1,1,0,13.341,0.0,0,31.89,0,0,0,1,0,1,1,0,0,1,0,12192.0,2,1,1,1,0,0,1,3,8.2,268.7,0,0,0,0,0,1
391500,89.352,-0.045,0,1,1,0,17.265,-0.184,0,1,1,0,13.341,0.0,0,31.89,0,0,0,1,0,1,1,0,0,1,0,12192.0,2,1,1,1,0,0,1,3,7.4,266.0,0,0,0,0,0,1
391600,89.346,-0.06,0,1,1,0,17.241,-0.245,0,1,1,0,13.341,0.0,0,32.03,0,0,0,1,0,1,1,0,0,1,0,12192.0,2,1,1,1,0,0,1,3,7.4,271.9,0,0,0,0,0,1
391700,89.339,-0.075,0,1,1,0,17.21,-0.306,0,1,1,0,13.341,0.0,0,31.88,0,0,0,1,0,1,1,0,0,1,0,12192.0,2,1,1,1,0,0,1,3,7.5,269.3,0,0,0,0,0,1
391800,89.33,-0.09,0,1,1,0,17.173,-0.367,0,1,1,0,13.341,0.0,0,32.03,0,0,0,1,0,1,1,0,0,1,0,12192.0,2,1,1,1,0,0,1,3,7.7,269.9,0,0,0,0,0,1
391900,89.319,-0.106,0,1,1,0,17.131,-0.428,0,1,1,0,13.341,0.0,0,32.04,0,0,0,1,0,1,1,0,0,1,0,12192.0,2,1,1,1,0,0,1,3,7.3,267.4,0,0,0,0,0,1
392000,89.307,-0.121,0,1,1,0,17.082,-0.49,0,1,1,0,13.341,0.0,0,32.0,0,0,0,1,0,1,1,0,0,1,0,12192.0,2,1,1,1,0,0,1,3,8.0,269.8,0,0,0,0,0,1
392100,89.294,-0.136,0,1,1,0,17.026,-0.551,0,1,1,0,13.341,0.0,0,31.89,0,0,0,1,0,1,1,0,0,1,0,12192.0,2,1,1,1,0,0,1,3,7.9,271.5,0,0,0,0,0,1
392200,89.279,-0.151,0,1,1,0,16.965,-0.612,0,1,1,0,13.341,0.0,0,32.25,0,0,0,1,0,1,1,0,0,1,0,12192.0,2,1,1,1,0,0,1,3,7.3,270.6,0,0,0,0,0,1
392300,89.262,-0.166,0,1,1,0,16.898,-0.673,0,1,1,0,13.341,0.0,0,31.93,0,0,0,1,0,1,1,0,0,1,0,12192.0,2,1,1,1,0,0,1,3,6.8,272.4,0,0,0,0,0,1
392400,89.244,-0.181,0,1,1,0,16.825,-0.734,0,1,1,0,13.341,0.0,0,32.0,0,0,0,1,0,1,1,0,0,1,0,12192.0,2,1,1,1,0,0,1,3,7.4,270.1,0,0,0,0,0,1
392500,89.224,-0.196,0,1,1,0,16.745,-0.795,0,1,1,0,13.341,0.0,0,31.92,0,0,0,1,0,1,1,0,0,1,0,12192.0,2,1,1,1,0,0,1,3,7.4,272.0,0,0,0,0,0,1
392600,89.203,-0.211,0,1,1,0,16.659,-0.857,0,1,1,0,13.341,0.0,0,32.05,0,0,0,1,0,1,1,0,0,1,0,12192.0,2,1,1,1,0,0,1,3,7.3,269.1,0,0,0,0,0,1
392700,89.181,-0.226,0,1,1,0,16.568,-0.918,0,1,1,0,13.341,0.0,0,32.03,0,0,0,1,0,1,1,0,0,1,0,12192.0,2,1,1,1,0,0,1,3,6.2,268.2,0,0,0,0,0,1
392800,89.156,-0.241,0,1,1,0,16.47,-0.979,0,1,1,0,13.341,0.0,0,31.88,0,0,0,1,0,1,1,0,0,1,0,12192.0,2,1,1,1,0,0,1,3,7.3,273.5,0,0,0,0,0,1
392900,89.131,-0.256,0,1,1,0,16.366,-1.04,0,1,1,0,13.341,0.0,0,31.97,0,0,0,1,0,1,1,0,0,1,0,12192.0,2,1,1,1,0,0,1,3,7.1,270.4,0,0,0,0,0,1
393000,89.104,-0.271,0,1,1,0,16.255,-1.101,0,1,1,0,13.341,0.0,0,31.88,0,0,0,1,0,1,1,0,0,1,0,12192.0,2,1,1,1,0,0,1,3,6.9,270.8,0,0,0,0,0,1
393100,89.075,-0.286,0,1,1,0,16.139,-1.163,0,1,1,0,13.341,0.0,0,32.08,0,0,0,1,0,1,1,0,0,1,0,12192.0,2,1,1,1,0,0,1,3,7.1,268.7,0,0,0,0,0,1
393200,89.045,-0.302,0,1,1,0,16.017,-1.224,0,1,1,0,13.341,0.0,0,32.1,0,0,0,1,0,1,1,0,0,1,0,12192.0,2,1,1,1,0,0,1,3,7.6,267.1,0,0,0,0,0,1
393300,89.013,-0.317,0,1,1,0,15.888,-1.285,0,1,1,0,13.341,0.0,0,31.83,0,0,0,1,0,1,1,0,0,1,0,12192.0,2,1,1,1,0,0,1,3,8.4,272.5,0,0,0,0,0,1
393400,88.98,-0.332,0,1,1,0,15.754,-1.346,0,1,1,0,13.341,0.0,0,32.08,0,0,0,1,0,1,1,0,0,1,0,12192.0,2,1,1,1,0,0,1,3,7.0,271.4,0,0,0,0,0,1
393500,88.945,-0.347,0,1,1,0,15.613,-1.407,0,1,1,0,13.341,0.0,0,31.93,0,0,0,1,0,1,1,0,0,1,0,12192.0,2,1,1,1,0,0,1,3,7.3,268.0,0,0,0,0,0,1
393600,88.909,-0.362,0,1,1,0,15.466,-1.469,0,1,1,0,13.341,0.0,0,32.0,0,0,0,1,0,1,1,0,0,1,0,12192.0,2,1,1,1,0,0,1,3,7.1,270.0,0,0,0,0,0,1
393700,88.871,-0.377,0,1,1,0,15.313,-1.53,0,1,1,0,13.341,0.0,0,31.89,0,0,0,1,0,1,1,0,0,1,0,12192.0,2,1,1,1,0,0,1,3,7.2,269.1,0,0,0,0,0,1
393800,88.832,-0.392,0,1,1,0,15.154,-1.591,0,1,1,0,13.341,0.0,0,31.78,0,0,0,1,0,1,1,0,0,1,0,12192.0,2,1,1,1,0,0,1,3,7.9,272.6,0,0,0,0,0,1
393900,88.792,-0.407,0,1,1,0,14.989,-1.652,0,1,1,0,13.341,0.0,0,32.11,0,0,0,1,0,1,1,0,0,1,0,12192.0,2,1,1,1,0,0,1,3,7.7,274.8,0,0,0,0,0,1
394000,88.749,-0.422,0,1,1,0,14.817,-1.713,0,1,1,0,13.341,0.0,0,32.07,0,0,0,1,0,1,1,0,0,1,0,12192.0,2,1,1,1,0,0,1,3,7.5,274.6,0,0,0,0,0,1
394100,88.706,-0.437,0,1,1,0,14.64,-1.775,0,1,1,0,13.341,0.0,0,32.12,0,0,0,1,0,1,1,0,0,1,0,12192.0,2,1,1,1,0,0,1,3,8.2,267.4,0,0,0,0,0,1
394200,88.66,-0.452,0,1,1,0,14.456,-1.836,0,1,1,0,13.341,0.0,0,32.27,0,0,0,1,0,1,1,0,0,1,0,12192.0,2,1,1,1,0,0,1,3,6.5,273.4,0,0,0,0,0,1
394300,88.614,-0.467,0,1,1,0,14.267,-1.897,0,1,1,0,13.341,0.0,0,31.94,0,0,0,1,0,1,1,0,0,1,0,12192.0,2,1,1,1,0,0,1,3,8.8,270.2,0,0,0,0,0,1
394400,88.565,-0.483,0,1,1,0,14.071,-1.958,0,1,1,0,13.341,0.0,0,32.01,0,0,0,1,0,1,1,0,0,1,0,12192.0,2,1,1,1,0,0,1,3,7.4,267.2,0,0,0,0,0,1
394500,88.516,-0.498,0,1,1,0,13.869,-2.019,0,1,1,0,13.341,0.0,0,31.94,0,0,0,1,0,1,1,0,0,1,0,12192.0,2,1,1,1,0,0,1,3,7.5,269.9,0,0,0,0,0,1
394600,88.464,-0.513,0,1,1,0,13.661,-2.081,0,1,1,0,13.341,0.0,0,31.92,0,0,0,1,0,1,1,0,0,1,0,12192.0,2,1,1,1,0,0,1,3,8.3,266.0,0,0,0,0,0,1
394700,88.412,-0.528,0,1,1,0,13.447,-2.142,0,1,1,0,13.341,0.0,0,32.03,0,0,0,1,0,1,1,0,0,1,0,12192.0,2,1,1,1,0,0,1,3,7.8,268.8,0,0,0,0,0,1
394800,88.357,-0.543,0,1,1,0,13.226,-2.203,0,1,1,0,13.341,0.0,0,31.83,0,0,0,1,0,1,1,0,0,1,0,12192.0,2,1,1,1,0,0,1,3,8.6,275.0,0,0,0,0,0,1
394900,88.302,-0.558,0,1,1,0,13.0,-2.264,0,1,1,0,13.341,0.0,0,32.03,0,0,0,1,0,1,1,0,0,1,0,12192.0,2,1,1,1,0,0,1,3,7.8,272.4,0,0,0,0,0,1
395000,88.244,-0.573,0,1,1,0,12.768,-2.325,0,1,1,0,13.341,0.0,0,31.9,0,0,0,1,0,1,1,0,0,1,0,12192.0,2,1,1,1,0,0,1,3,7.0,269.5,0,0,0,0,0,1
395100,88.185,-0.588,0,1,1,0,12.529,-2.386,0,1,1,0,13.341,0.0,0,32.01,0,0,0,1,0,1,1,0,0,1,0,12192.0,2,1,1,1,0,0,1,3,7.4,270.0,0,0,0,0,0,1
395200,88.125,-0.603,0,1,1,0,12.284,-2.448,0,1,1,0,13.341,0.0,0,32.02,0,0,0,1,0,1,1,0,0,1,0,12192.0,2,1,1,1,0,0,1,3,8.3,269.7,0,0,0,0,0,1
395300,88.063,-0.618,0,1,1,0,12.033,-2.509,0,1,1,0,13.341,0.0,0,31.91,0,0,0,1,0,1,1,0,0,1,0,12192.0,2,1,1,1,0,0,1,3,7.6,270.1,0,0,0,0,0,1
395400,88.0,-0.633,0,1,1,0,11.776,-2.57,0,1,1,0,13.341,0.0,0,32.05,0,0,0,1,0,1,1,0,0,1,0,12192.0,2,1,1,1,0,0,1,3,7.9,273.3,0,0,0,0,0,1
395500,87.935,-0.648,0,1,1,0,11.513,-2.631,0,1,1,0,13.341,0.0,0,32.18,0,0,0,1,0,1,1,0,0,1,0,12192.0,2,1,1,1,0,0,1,3,8.6,265.1,0,0,0,0,0,1
395600,87.869,-0.663,0,1,1,0,11.256,-2.57,0,1,1,0,13.341,0.0,0,31.95,0,0,0,1,0,1,1,0,0,1,0,12192.0,2,1,1,1,0,0,1,3,8.0,274.6,0,0,0,0,0,1
395700,87.801,-0.679,0,1,1,0,11.005,-2.509,0,1,1,0,13.341,0.0,0,31.93,0,0,0,1,0,1,1,0,0,1,0,12192.0,2,1,1,1,0,0,1,3,8.8,267.0,0,0,0,0,0,1
395800,87.732,-0.694,0,1,1,0,10.76,-2.448,0,1,1,0,13.341,0.0,0,31.88,0,0,0,1,0,1,1,0,0,1,0,12192.0,2,1,1,1,0,0,1,3,9.0,269.9,0,0,0,0,0,1
395900,87.661,-0.709,0,1,1,0,10.522,-2.386,0,1,1,0,13.341,0.0,0,31.93,0,0,0,1,0,1,1,0,0,1,0,12192.0,2,1,1,1,0,0,1,3,8.1,271.5,0,0,0,0,0,1
396000,87.59,-0.711,0,1,1,0,10.289,-2.325,0,1,1,0,13.341,0.0,0,32.09,0,0,0,1,0,1,1,0,0,1,0,12192.0,2,1,1,1,0,0,1,3,8.4,271.3,0,0,0,0,0,1
396100,87.519,-0.711,0,1,1,0,10.063,-2.264,0,1,1,0,13.341,0.0,0,31.81,0,0,0,1,0,1,1,0,0,1,0,12192.0,2,1,1,1,0,0,1,3,8.2,273.7,0,0,0,0,0,1
396200,87.447,-0.711,0,1,1,0,9.843,-2.203,0,1,1,0,13.341,0.0,0,31.78,0,0,0,1,0,1,1,0,0,1,0,12192.0,2,1,1,1,0,0,1,3,8.1,274.9,0,0,0,0,0,1
396300,87.376,-0.711,0,1,1,0,9.628,-2.142,0,1,1,0,13.341,0.0,0,31.99,0,0,0,1,0,1,1,0,0,1,0,12192.0,2,1,1,1,0,0,1,3,8.3,267.1,0,0,0,0,0,1
396400,87.305,-0.711,0,1,1,0,9.42,-2.081,0,1,1,0,13.341,0.0,0,31.91,0,0,0,1,0,1,1,0,0,1,0,12192.0,2,1,1,1,0,0,1,3,7.7,268.4,0,0,0,0,0,1
396500,87.234,-0.711,0,1,1,0,9.218,-2.019,0,1,1,0,13.341,0.0,0,31.67,0,0,0,1,0,1,1,0,0,1,0,12192.0,2,1,1,1,0,0,1,3,8.2,269.0,0,0,0,0,0,1
396600,87.163,-0.711,0,1,1,0,9.023,-1.958,0,1,1,0,13.341,0.0,0,32.02,0,0,0,1,0,1,1,0,0,1,0,12192.0,2,1,1,1,0,0,1,3,8.1,270.2,0,0,0,0,0,1
396700,87.092,-0.711,0,1,1,0,8.833,-1.897,0,1,1,0,13.341,0.0,0,32.17,0,0,0,1,0,1,1,0,0,1,0,12192.0,2,1,1,1,0,0,1,3,8.4,272.8,0,0,0,0,0,1
396800,87.021,-0.711,0,1,1,0,8.649,-1.836,0,1,1,0,13.341,0.0,0,32.02,0,0,0,1,0,1,1,0,0,1,0,12192.0,2,1,1,1,0,0,1,3,9.2,272.0,0,0,0,0,0,1
396900,86.95,-0.711,0,1,1,0,8.472,-1.775,0,1,1,0,13.341,0.0,0,31.94,0,0,0,1,0,1,1,0,0,1,0,12192.0,2,1,1,1,0,0,1,3,8.0,271.8,0,0,0,0,0,1
397000,86.879,-0.711,0,1,1,0,8.301,-1.713,0,1,1,0,13.341,0.0,0,31.87,0,0,0,1,0,1,1,0,0,1,0,12192.0,2,1,1,1,0,0,1,3,8.2,271.6,0,0,0,0,0,1
397100,86.808,-0.711,0,1,1,0,8.135,-1.652,0,1,1,0,13.341,0.0,0,32.04,0,0,0,1,0,1,1,0,0,1,0,12192.0,2,1,1,1,0,0,1,3,9.8,270.4,0,0,0,0,0,1
397200,86.737,-0.711,0,1,1,0,7.976,-1.591,0,1,1,0,13.341,0.0,0,32.01,0,0,0,1,0,1,1,0,0,1,0,12192.0,2,1,1,1,0,0,1,3,9.1,268.9,0,0,0,0,0,1
397300,86.666,-0.711,0,1,1,0,7.823,-1.53,0,1,1,0,13.341,0.0,0,31.77,0,0,0,1,0,1,1,0,0,1,0,12192.0,2,1,1,1,0,0,1,3,8.5,267.9,0,0,0,0,0,1
397400,86.595,-0.711,0,1,1,0,7.676,-1.469,0,1,1,0,13.341,0.0,0,32.02,0,0,0,1,0,1,1,0,0,1,0,12192.0,2,1,1,1,0,0,1,3,8.5,273.4,0,0,0,0,0,1
397500,86.524,-0.711,0,1,1,0,7.536,-1.407,0,1,1,0,13.341,0.0,0,31.97,0,0,0,1,0,1,1,0,0,1,0,12192.0,2,1,1,1,0,0,1,3,8.5,270.7,0,0,0,0,0,1
397600,86.453,-0.711,0,1,1,0,7.401,-1.346,0,1,1,0,13.341,0.0,0,32.11,0,0,0,1,0,1,1,0,0,1,0,12192.0,2,1,1,1,0,0,1,3,8.9,268.9,0,0,0,0,0,1
397700,86.382,-0.711,0,1,1,0,7.273,-1.285,0,1,1,0,13.341,0.0,0,31.75,0,0,0,1,0,1,1,0,0,1,0,12192.0,2,1,1,1,0,0,1,3,8.5,271.6,0,0,0,0,0,1
397800,86.31,-0.711,0,1,1,0,7.15,-1.224,0,1,1,0,13.341,0.0,0,32.07,0,0,0,1,0,1,1,0,0,1,0,12192.0,2,1,1,1,0,0,1,3,9.4,270.0,0,0,0,0,0,1
397900,86.239,-0.711,0,1,1,0,7.034,-1.163,0,1,1,0,13.341,0.0,0,32.08,0,0,0,1,0,1,1,0,0,1,0,12192.0,2,1,1,1,0,0,1,3,8.5,272.6,0,0,0,0,0,1
398000,86.168,-0.711,0,1,1,0,6.924,-1.101,0,1,1,0,13.341,0.0,0,32.21,0,0,0,1,0,1,1,0,0,1,0,12192.0,2,1,1,1,0,0,1,3,7.8,266.7,0,0,0,0,0,1
398100,86.097,-0.711,0,1,1,0,6.82,-1.04,0,1,1,0,13.341,0.0,0,31.98,0,0,0,1,0,1,1,0,0,1,0,12192.0,2,1,1,1,0,0,1,3,7.5,268.0,0,0,0,0,0,1
398200,86.026,-0.711,0,1,1,0,6.722,-0.979,0,1,1,0,13.341,0.0,0,31.86,0,0,0,1,0,1,1,0,0,1,0,12192.0,2,1,1,1,0,0,1,3,8.4,270.7,0,0,0,0,0,1
398300,85.955,-0.711,0,1,1,0,6.63,-0.918,0,1,1,0,13.341,0.0,0,31.94,0,0,0,1,0,1,1,0,0,1,0,12192.0,2,1,1,1,0,0,1,3,9.0,271.3,0,0,0,0,0,1
398400,85.884,-0.711,0,1,1,0,6.544,-0.857,0,1,1,0,13.341,0.0,0,31.93,0,0,0,1,0,1,1,0,0,1,0,12192.0,2,1,1,1,0,0,1,3,8.5,269.7,0,0,0,0,0,1
398500,85.813,-0.711,0,1,1,0,6.465,-0.795,0,1,1,0,13.341,0.0,0,31.9,0,0,0,1,0,1,1,0,0,1,0,12192.0,2,1,1,1,0,0,1,3,8.2,265.2,0,0,0,0,0,1
398600,85.742,-0.711,0,1,1,0,6.391,-0.734,0,1,1,0,13.341,0.0,0,32.27,0,0,0,1,0,1,1,0,0,1,0,12192.0,2,1,1,1,0,0,1,3,8.7,270.0,0,0,0,0,0,1
398700,85.671,-0.711,0,1,1,0,6.324,-0.673,0,1,1,0,13.341,0.0,0,31.91,0,0,0,1,0,1,1,0,0,1,0,12192.0,2,1,1,1,0,0,1,3,8.7,275.2,0,0,0,0,0,1
398800,85.6,-0.711,0,1,1,0,6.263,-0.609,0,1,1,0,13.341,0.0,0,31.94,0,0,0,1,0,1,1,0,0,1,0,12192.0,2,1,1,1,0,0,1,3,8.0,269.6,0,0,0,0,0,1
398900,85.529,-0.711,0,1,1,0,6.209,-0.544,0,1,1,0,13.341,0.0,0,31.98,0,0,0,1,0,1,1,0,0,1,0,12192.0,2,1,1,1,0,0,1,3,8.6,266.7,0,0,0,0,0,1
399000,85.458,-0.711,0,1,1,0,6.161,-0.479,0,1,1,0,13.341,0.0,0,32.05,0,0,0,1,0,1,1,0,0,1,0,12192.0,2,1,1,1,0,0,1,3,8.5,271.8,0,0,0,0,0,1
399100,85.387,-0.711,0,1,1,0,6.119,-0.414,0,1,1,0,13.341,0.0,0,31.93,0,0,0,1,0,1,1,0,0,1,0,12192.0,2,1,1,1,0,0,1,3,7.9,269.6,0,0,0,0,0,1
399200,85.316,-0.711,0,1,1,0,6.085,-0.347,0,1,1,0,13.341,0.0,0,32.1,0,0,0,1,0,1,1,0,0,1,0,12192.0,2,1,1,1,0,0,1,3,7.4,271.6,0,0,0,0,0,1
399300,85.245,-0.711,0,1,1,0,6.057,-0.279,0,1,1,0,13.341,0.0,0,32.04,0,0,0,1,0,1,1,0,0,1,0,12192.0,2,1,1,1,0,0,1,3,7.2,267.3,0,0,0,0,0,1
399400,85.173,-0.711,0,1,1,0,6.036,-0.209,0,1,1,0,13.341,0.0,0,31.96,0,0,0,1,0,1,1,0,0,1,0,12192.0,2,1,1,1,0,0,1,3,8.2,270.3,0,0,0,0,0,1
399500,85.102,-0.711,0,1,1,0,6.022,-0.135,0,1,1,0,13.341,0.0,0,31.9,0,0,0,1,0,1,1,0,0,1,0,12192.0,2,1,1,1,0,0,1,3,7.9,271.1,0,0,0,0,0,1
399600,85.031,-0.711,0,1,1,0,6.016,0.0,0,0,1,0,13.341,0.0,0,32.16,0,0,0,1,0,1,1,0,0,1,0,12192.0,2,1,1,1,0,0,1,3,8.0,266.9,0,0,0,0,0,1
399700,84.96,-0.711,0,1,1,0,6.016,0.0,0,0,1,0,13.341,0.0,0,32.11,0,0,0,1,0,1,1,0,0,1,0,12192.0,2,1,1,1,0,0,1,3,7.7,272.6,0,0,0,0,0,1
399800,84.889,-0.711,0,1,1,0,6.016,0.0,0,0,1,0,13.341,0.0,0,32.09,0,0,0,1,0,1,1,0,0,1,0,12192.0,2,1,1,1,0,0,1,3,7.9,269.5,0,0,0,0,0,1
399900,84.818,-0.711,0,1,1,0,6.016,0.0,0,0,1,0,13.341,0.0,0,32.05,0,0,0,1,0,1,1,0,0,1,0,12192.0,2,1,1,1,0,0,1,3,7.8,269.4,0,0,0,0,0,1
400000,84.747,-0.711,0,1,1,0,6.016,0.0,0,0,1,0,13.341,0.0,0,32.17,0,0,0,1,0,1,1,0,0,1,0,12192.0,2,1,1,1,0,0,1,3,8.3,269.9,0,0,0,0,0,1
400100,84.676,-0.711,0,1,1,0,6.016,0.0,0,0,1,0,13.341,0.0,0,32.0,0,0,0,1,0,1,1,0,0,1,0,12192.0,2,1,1,1,0,0,1,3,7.6,267.9,0,0,0,0,0,1
400200,84.605,-0.711,0,1,1,0,6.016,0.0,0,0,1,0,13.341,0.0,0,32.07,0,0,0,1,0,1,1,0,0,1,0,12192.0,2,1,1,1,0,0,1,3,6.9,268.9,0,0,0,0,0,1
400300,84.534,-0.711,0,1,1,0,6.016,0.0,0,0,1,0,13.341,0.0,0,31.8,0,0,0,1,0,1,1,0,0,1,0,12192.0,2,1,1,1,0,0,1,3,7.6,269.0,0,0,0,0,0,1
400400,84.463,-0.711,0,1,1,0,6.016,0.0,0,0,1,0,13.341,0.0,0,32.08,0,0,0,1,0,1,1,0,0,1,0,12192.0,2,1,1,1,0,0,1,3,7.5,268.6,0,0,0,0,0,1
400500,84.392,-0.711,0,1,1,0,6.016,0.0,0,0,1,0,13.341,0.0,0,32.08,0,0,0,1,0,1,1,0,0,1,0,12192.0,2,1,1,1,0,0,1,3,7.3,272.4,0,0,0,0,0,1
400600,84.321,-0.711,0,1,1,0,6.016,0.0,0,0,1,0,13.341,0.0,0,32.13,0,0,0,1,0,1,1,0,0,1,0,12192.0,2,1,1,1,0,0,1,3,7.5,268.1,0,0,0,0,0,1
400700,84.25,-0.711,0,1,1,0,6.016,0.0,0,0,1,0,13.341,0.0,0,32.02,0,0,0,1,0,1,1,0,0,1,0,12192.0,2,1,1,1,0,0,1,3,7.7,265.9,0,0,0,0,0,1
400800,84.179,-0.711,0,1,1,0,6.016,0.0,0,0,1,0,13.341,0.0,0,32.07,0,0,0,1,0,1,1,0,0,1,0,12192.0,2,1,1,1,0,0,1,3,7.6,266.6,0,0,0,0,0,1
400900,84.108,-0.711,0,1,1,0,6.016,0.0,0,0,1,0,13.341,0.0,0,31.97,0,0,0,1,0,1,1,0,0,1,0,12192.0,2,1,1,1,0,0,1,3,7.6,267.5,0,0,0,0,0,1
401000,84.036,-0.711,0,1,1,0,6.016,0.0,0,0,1,0,13.341,0.0,0,31.78,0,0,0,1,0,1,1,0,0,1,0,12192.0,2,1,1,1,0,0,1,3,6.8,271.1,0,0,0,0,0,1
401100,83.965,-0.711,0,1,1,0,6.016,0.0,0,0,1,0,13.341,0.0,0,32.01,0,0,0,1,0,1,1,0,0,1,0,12192.0,2,1,1,1,0,0,1,3,6.9,269.9,0,0,0,0,0,1
401200,83.894,-0.711,0,1,1,0,6.016,0.0,0,0,1,0,13.341,0.0,0,32.07,0,0,0,1,0,1,1,0,0,1,0,12192.0,2,1,1,1,0,0,1,3,7.5,270.0,0,0,0,0,0,1
401300,83.823,-0.711,0,1,1,0,6.016,0.0,0,0,1,0,13.341,0.0,0,32.12,0,0,0,1,0,1,1,0,0,1,0,12192.0,2,1,1,1,0,0,1,3,7.7,268.6,0,0,0,0,0,1
401400,83.752,-0.711,0,1,1,0,6.016,0.0,0,0,1,0,13.341,0.0,0,31.67,0,0,0,1,0,1,1,0,0,1,0,12192.0,2,1,1,1,0,0,1,3,7.6,264.9,0,0,0,0,0,1
401500,83.681,-0.711,0,1,1,0,6.016,0.0,0,0,1,0,13.341,0.0,0,31.84,0,0,0,1,0,1,1,0,0,1,0,12192.0,2,1,1,1,0,0,1,3,6.8,271.8,0,0,0,0,0,1
401600,83.61,-0.711,0,1,1,0,6.016,0.0,0,0,1,0,13.341,0.0,0,32.12,0,0,0,1,0,1,1,0,0,1,0,12192.0,2,1,1,1,0,0,1,3,8.1,269.9,0,0,0,0,0,1
401700,83.539,-0.711,0,1,1,0,6.016,0.0,0,0,1,0,13.341,0.0,0,32.19,0,0,0,1,0,1,1,0,0,1,0,12192.0,2,1,1,1,0,0,1,3,7.3,266.4,0,0,0,0,0,1
401800,83.468,-0.711,0,1,1,0,6.016,0.0,0,0,1,0,13.341,0.0,0,31.98,0,0,0,1,0,1,1,0,0,1,0,12192.0,2,1,1,1,0,0,1,3,6.8,268.8,0,0,0,0,0,1
401900,83.397,-0.711,0,1,1,0,6.016,0.0,0,0,1,0,13.341,0.0,0,31.84,0,0,0,1,0,1,1,0,0,1,0,12192.0,2,1,1,1,0,0,1,3,7.3,266.8,0,0,0,0,0,1
402000,83.326,-0.711,0,1,1,0,6.016,0.0,0,0,1,0,13.341,0.0,0,32.13,0,0,0,1,0,1,1,0,0,1,0,12192.0,2,1,1,1,0,0,1,3,8.4,270.9,0,0,0,0,0,1
402100,83.255,-0.711,0,1,1,0,6.016,0.0,0,0,1,0,13.341,0.0,0,32.02,0,0,0,1,0,1,1,0,0,1,0,12192.0,2,1,1,1,0,0,1,3,7.3,266.1,0,0,0,0,0,1
402200,83.184,-0.711,0,1,1,0,6.016,0.0,0,0,1,0,13.341,0.0,0,31.95,0,0,0,1,0,1,1,0,0,1,0,12192.0,2,1,1,1,0,0,1,3,7.1,267.9,0,0,0,0,0,1
402300,83.113,-0.711,0,1,1,0,6.016,0.0,0,0,1,0,13.341,0.0,0,31.86,0,0,0,1,0,1,1,0,0,1,0,12192.0,2,1,1,1,0,0,1,3,7.1,273.4,0,0,0,0,0,1
402400,83.042,-0.711,0,1,1,0,6.016,0.0,0,0,1,0,13.341,0.0,0,32.2,0,0,0,1,0,1,1,0,0,1,0,12192.0,2,1,1,1,0,0,1,3,7.7,267.7,0,0,0,0,0,1
402500,82.971,-0.711,0,1,1,0,6.016,0.0,0,0,1,0,13.341,0.0,0,31.96,0,0,0,1,0,1,1,0,0,1,0,12192.0,2,1,1,1,0,0,1,3,7.3,266.8,0,0,0,0,0,1
402600,82.899,-0.711,0,1,1,0,6.016,0.0,0,0,1,0,13.341,0.0,0,32.08,0,0,0,1,0,1,1,0,0,1,0,12192.0,2,1,1,1,0,0,1,3,7.0,269.1,0,0,0,0,0,1
402700,82.828,-0.711,0,1,1,0,6.016,0.0,0,0,1,0,13.341,0.0,0,31.9,0,0,0,1,0,1,1,0,0,1,0,12192.0,2,1,1,1,0,0,1,3,8.0,267.7,0,0,0,0,0,1
402800,82.757,-0.711,0,1,1,0,6.016,0.0,0,0,1,0,13.341,0.0,0,32.19,0,0,0,1,0,1,1,0,0,1,0,12192.0,2,1,1,1,0,0,1,3,7.0,272.3,0,0,0,0,0,1
402900,82.686,-0.711,0,1,1,0,6.016,0.0,0,0,1,0,13.341,0.0,0,32.04,0,0,0,1,0,1,1,0,0,1,0,12192.0,2,1,1,1,0,0,1,3,6.8,269.1,0,0,0,0,0,1
403000,82.615,-0.711,0,1,1,0,6.016,0.0,0,0,1,0,13.341,0.0,0,31.72,0,0,0,1,0,1,1,0,0,1,0,12192.0,2,1,1,1,0,0,1,3,7.2,273.5,0,0,0,0,0,1
403100,82.544,-0.711,0,1,1,0,6.016,0.0,0,0,1,0,13.341,0.0,0,32.09,0,0,0,1,0,1,1,0,0,1,0,12192.0,2,1,1,1,0,0,1,3,6.5,268.6,0,0,0,0,0,1
403200,82.473,-0.711,0,1,1,0,6.016,0.0,0,0,1,0,13.341,0.0,0,31.87,0,0,0,1,0,1,1,0,0,1,0,12192.0,2,1,1,1,0,0,1,3,8.0,268.7,0,0,0,0,0,1
403300,82.402,-0.711,0,1,1,0,6.016,0.0,0,0,1,0,13.341,0.0,0,31.97,0,0,0,1,0,1,1,0,0,1,0,12192.0,2,1,1,1,0,0,1,3,8.2,271.4,0,0,0,0,0,1
403400,82.331,-0.711,0,1,1,0,6.016,0.0,0,0,1,0,13.341,0.0,0,32.06,0,0,0,1,0,1,1,0,0,1,0,12192.0,2,1,1,1,0,0,1,3,7.6,275.0,0,0,0,0,0,1
403500,82.26,-0.711,0,1,1,0,6.016,0.0,0,0,1,0,13.341,0.0,0,31.97,0,0,0,1,0,1,1,0,0,1,0,12192.0,2,1,1,1,0,0,1,3,8.2,272.9,0,0,0,0,0,1
403600,82.189,-0.711,0,1,1,0,6.016,0.0,0,0,1,0,13.341,0.0,0,31.95,0,0,0,1,0,1,1,0,0,1,0,12192.0,2,1,1,1,0,0,1,3,8.4,271.4,0,0,0,0,0,1
403700,82.118,-0.711,0,1,1,0,6.016,0.0,0,0,1,0,13.341,0.0,0,31.96,0,0,0,1,0,1,1,0,0,1,0,12192.0,2,1,1,1,0,0,1,3,7.8,271.1,0,0,0,0,0,1
403800,82.047,-0.711,0,1,1,0,6.016,0.0,0,0,1,0,13.341,0.0,0,31.96,0,0,0,1,0,1,1,0,0,1,0,12192.0,2,1,1,1,0,0,1,3,8.1,265.7,0,0,0,0,0,1
403900,81.976,-0.711,0,1,1,0,6.016,0.0,0,0,1,0,13.341,0.0,0,32.07,0,0,0,1,0,1,1,0,0,1,0,12192.0,2,1,1,1,0,0,1,3,8.7,268.5,0,0,0,0,0,1
404000,81.905,-0.711,0,1,1,0,6.016,0.0,0,0,1,0,13.341,0.0,0,31.74,0,0,0,1,0,1,1,0,0,1,0,12192.0,2,1,1,1,0,0,1,3,8.2,269.1,0,0,0,0,0,1
404100,81.834,-0.711,0,1,1,0,6.016,0.0,0,0,1,0,13.341,0.0,0,32.06,0,0,0,1,0,1,1,0,0,1,0,12192.0,2,1,1,1,0,0,1,3,7.8,270.5,0,0,0,0,0,1
404200,81.762,-0.711,0,1,1,0,6.016,0.0,0,0,1,0,13.341,0.0,0,32.16,0,0,0,1,0,1,1,0,0,1,0,12192.0,2,1,1,1,0,0,1,3,7.8,268.3,0,0,0,0,0,1
404300,81.691,-0.711,0,1,1,0,6.016,0.0,0,0,1,0,13.341,0.0,0,32.08,0,0,0,1,0,1,1,0,0,1,0,12192.0,2,1,1,1,0,0,1,3,9.1,270.9,0,0,0,0,0,1
404400,81.62,-0.711,0,1,1,0,6.016,0.0,0,0,1,0,13.341,0.0,0,32.09,0,0,0,1,0,1,1,0,0,1,0,12192.0,2,1,1,1,0,0,1,3,7.7,265.0,0,0,0,0,0,1
404500,81.549,-0.711,0,1,1,0,6.016,0.0,0,0,1,0,13.341,0.0,0,31.94,0,0,0,1,0,1,1,0,0,1,0,12192.0,2,1,1,1,0,0,1,3,8.4,268.5,0,0,0,0,0,1
404600,81.478,-0.711,0,1,1,0,6.016,0.0,0,0,1,0,13.341,0.0,0,32.05,0,0,0,1,0,1,1,0,0,1,0,12192.0,2,1,1,1,0,0,1,3,8.4,268.1,0,0,0,0,0,1
404700,81.407,-0.711,0,1,1,0,6.016,0.0,0,0,1,0,13.341,0.0,0,31.93,0,0,0,1,0,1,1,0,0,1,0,12192.0,2,1,1,1,0,0,1,3,7.7,266.0,0,0,0,0,0,1
404800,81.336,-0.711,0,1,1,0,6.016,0.0,0,0,1,0,13.341,0.0,0,31.92,0,0,0,1,0,1,1,0,0,1,0,12192.0,2,1,1,1,0,0,1,3,8.6,263.6,0,0,0,0,0,1
404900,81.265,-0.711,0,1,1,0,6.016,0.0,0,0,1,0,13.341,0.0,0,31.93,0,0,0,1,0,1,1,0,0,1,0,12192.0,2,1,1,1,0,0,1,3,8.5,269.2,0,0,0,0,0,1
405000,81.194,-0.711,0,1,1,0,6.016,0.0,0,0,1,0,13.341,0.0,0,31.98,0,0,0,1,0,1,1,0,0,1,0,12192.0,2,1,1,1,0,0,1,3,8.4,272.4,0,0,0,0,0,1
405100,81.123,-0.711,0,1,1,0,6.016,0.0,0,0,1,0,13.341,0.0,0,31.92,0,0,0,1,0,1,1,0,0,1,0,12192.0,2,1,1,1,0,0,1,3,8.6,273.2,0,0,0,0,0,1
405200,81.052,-0.711,0,1,1,0,6.016,0.0,0,0,1,0,13.341,0.0,0,32.16,0,0,0,1,0,1,1,0,0,1,0,12192.0,2,1,1,1,0,0,1,3,8.6,273.9,0,0,0,0,0,1
405300,80.981,-0.711,0,1,1,0,6.016,0.0,0,0,1,0,13.341,0.0,0,32.06,0,0,0,1,0,1,1,0,0,1,0,12192.0,2,1,1,1,0,0,1,3,8.6,270.5,0,0,0,0,0,1
405400,80.91,-0.711,0,1,1,0,6.016,0.0,0,0,1,0,13.341,0.0,0,31.87,0,0,0,1,0,1,1,0,0,1,0,12192.0,2,1,1,1,0,0,1,3,8.7,272.7,0,0,0,0,0,1
405500,80.839,-0.711,0,1,1,0,6.016,0.0,0,0,1,0,13.341,0.0,0,32.06,0,0,0,1,0,1,1,0,0,1,0,12192.0,2,1,1,1,0,0,1,3,9.1,271.2,0,0,0,0,0,1
405600,80.768,-0.711,0,1,1,0,6.016,0.0,0,0,1,0,13.341,0.0,0,31.85,0,0,0,1,0,1,1,0,0,1,0,12192.0,2,1,1,1,0,0,1,3,8.6,268.1,0,0,0,0,0,1
405700,80.697,-0.711,0,1,1,0,6.016,0.0,0,0,1,0,13.341,0.0,0,31.88,0,0,0,1,0,1,1,0,0,1,0,12192.0,2,1,1,1,0,0,1,3,8.6,270.9,0,0,0,0,0,1
405800,80.625,-0.711,0,1,1,0,6.016,0.0,0,0,1,0,13.341,0.0,0,32.27,0,0,0,1,0,1,1,0,0,1,0,12192.0,2,1,1,1,0,0,1,3,9.0,266.2,0,0,0,0,0,1
405900,80.554,-0.711,0,1,1,0,6.016,0.0,0,0,1,0,13.341,0.0,0,31.8,0,0,0,1,0,1,1,0,0,1,0,12192.0,2,1,1,1,0,0,1,3,7.6,271.6,0,0,0,0,0,1
406000,80.483,-0.711,0,1,1,0,6.016,0.0,0,0,1,0,13.341,0.0,0,31.83,0,0,0,1,0,1,1,0,0,1,0,12192.0,2,1,1,1,0,0,1,3,8.5,268.3,0,0,0,0,0,1
406100,80.412,-0.711,0,1,1,0,6.016,0.0,0,0,1,0,13.341,0.0,0,32.02,0,0,0,1,0,1,1,0,0,1,0,12192.0,2,1,1,1,0,0,1,3,8.5,274.7,0,0,0,0,0,1
406200,80.341,-0.711,0,1,1,0,6.016,0.0,0,0,1,0,13.341,0.0,0,32.01,0,0,0,1,0,1,1,0,0,1,0,12192.0,2,1,1,1,0,0,1,3,8.4,272.5,0,0,0,0,0,1
406300,80.27,-0.711,0,1,1,0,6.016,0.0,0,0,1,0,13.341,0.0,0,31.99,0,0,0,1,0,1,1,0,0,1,0,12192.0,2,1,1,1,0,0,1,3,9.0,273.3,0,0,0,0,0,1
406400,80.199,-0.711,0,1,1,0,6.016,0.0,0,0,1,0,13.341,0.0,0,32.08,0,0,0,1,0,1,1,0,0,1,0,12192.0,2,1,1,1,0,0,1,3,8.2,267.7,0,0,0,0,0,1
406500,80.128,-0.711,0,1,1,0,6.016,0.0,0,0,1,0,13.341,0.0,0,32.02,0,0,0,1,0,1,1,0,0,1,0,12192.0,2,1,1,1,0,0,1,3,8.4,269.2,0,0,0,0,0,1
406600,80.057,-0.711,0,1,1,0,6.016,0.0,0,0,1,0,13.341,0.0,0,32.04,0,0,0,1,0,1,1,0,0,1,0,12192.0,2,1,1,1,0,0,1,3,8.9,275.3,0,0,0,0,0,1
406700,79.986,-0.711,0,1,1,0,6.016,0.0,0,0,1,0,13.341,0.0,0,32.12,0,0,0,1,0,1,1,0,0,1,0,12192.0,2,1,1,1,0,0,1,3,9.1,268.2,0,0,0,0,0,1
406800,79.915,-0.711,0,1,1,0,6.016,0.0,0,0,1,0,13.341,0.0,0,31.94,0,0,0,1,0,1,1,0,0,1,0,12192.0,2,1,1,1,0,0,1,3,8.8,270.0,0,0,0,0,0,1
406900,79.844,-0.711,0,1,1,0,6.016,0.0,0,0,1,0,13.341,0.0,0,32.04,0,0,0,1,0,1,1,0,0,1,0,12192.0,2,1,1,1,0,0,1,3,7.9,270.4,0,0,0,0,0,1
407000,79.773,-0.711,0,1,1,0,6.016,0.0,0,0,1,0,13.341,0.0,0,32.06,0,0,0,1,0,1,1,0,0,1,0,12192.0,2,1,1,1,0,0,1,3,8.3,270.7,0,0,0,0,0,1
407100,79.702,-0.711,0,1,1,0,6.016,0.0,0,0,1,0,13.341,0.0,0,32.08,0,0,0,1,0,1,1,0,0,1,0,12192.0,2,1,1,1,0,0,1,3,8.1,270.4,0,0,0,0,0,1
407200,79.631,-0.711,0,1,1,0,6.016,0.0,0,0,1,0,13.341,0.0,0,31.97,0,0,0,1,0,1,1,0,0,1,0,12192.0,2,1,1,1,0,0,1,3,8.5,268.7,0,0,0,0,0,1
407300,79.56,-0.711,0,1,1,0,6.016,0.0,0,0,1,0,13.341,0.0,0,31.81,0,0,0,1,0,1,1,0,0,1,0,12192.0,2,1,1,1,0,0,1,3,8.2,270.2,0,0,0,0,0,1
407400,79.488,-0.711,0,1,1,0,6.016,0.0,0,0,1,0,13.341,0.0,0,31.99,0,0,0,1,0,1,1,0,0,1,0,12192.0,2,1,1,1,0,0,1,3,8.5,266.2,0,0,0,0,0,1
407500,79.417,-0.711,0,1,1,0,6.016,0.0,0,0,1,0,13.341,0.0,0,32.03,0,0,0,1,0,1,1,0,0,1,0,12192.0,2,1,1,1,0,0,1,3,8.1,262.7,0,0,0,0,0,1
407600,79.346,-0.711,0,1,1,0,6.016,0.0,0,0,1,0,13.341,0.0,0,32.16,0,0,0,1,0,1,1,0,0,1,0,12192.0,2,1,1,1,0,0,1,3,7.9,267.2,0,0,0,0,0,1
407700,79.275,-0.711,0,1,1,0,6.016,0.0,0,0,1,0,13.341,0.0,0,32.09,0,0,0,1,0,1,1,0,0,1,0,12192.0,2,1,1,1,0,0,1,3,8.4,267.2,0,0,0,0,0,1
407800,79.204,-0.711,0,1,1,0,6.016,0.0,0,0,1,0,13.341,0.0,0,32.06,0,0,0,1,0,1,1,0,0,1,0,12192.0,2,1,1,1,0,0,1,3,8.7,270.6,0,0,0,0,0,1
407900,79.133,-0.711,0,1,1,0,6.016,0.0,0,0,1,0,13.341,0.0,0,32.12,0,0,0,1,0,1,1,0,0,1,0,12192.0,2,1,1,1,0,0,1,3,8.0,270.9,0,0,0,0,0,1
408000,79.062,-0.711,0,1,1,0,6.016,0.0,0,0,1,0,13.341,0.0,0,32.04,0,0,0,1,0,1,1,0,0,1,0,12192.0,2,1,1,1,0,0,1,3,7.8,267.7,0,0,0,0,0,1
408100,78.991,-0.711,0,1,1,0,6.016,0.0,0,0,1,0,13.341,0.0,0,32.19,0,0,0,1,0,1,1,0,0,1,0,12192.0,2,1,1,1,0,0,1,3,8.6,273.0,0,0,0,0,0,1
408200,78.92,-0.711,0,1,1,0,6.016,0.0,0,0,1,0,13.341,0.0,0,31.94,0,0,0,1,0,1,1,0,0,1,0,12192.0,2,1,1,1,0,0,1,3,8.9,266.4,0,0,0,0,0,1
408300,78.849,-0.711,0,1,1,0,6.016,0.0,0,0,1,0,13.341,0.0,0,32.05,0,0,0,1,0,1,1,0,0,1,0,12192.0,2,1,1,1,0,0,1,3,8.6,270.4,0,0,0,0,0,1
408400,78.778,-0.711,0,1,1,0,6.016,0.0,0,0,1,0,13.341,0.0,0,32.13,0,0,0,1,0,1,1,0,0,1,0,12192.0,2,1,1,1,0,0,1,3,8.6,268.2,0,0,0,0,0,1
408500,78.707,-0.711,0,1,1,0,6.016,0.0,0,0,1,0,13.341,0.0,0,32.22,0,0,0,1,0,1,1,0,0,1,0,12192.0,2,1,1,1,0,0,1,3,7.2,274.6,0,0,0,0,0,1
408600,78.636,-0.711,0,1,1,0,6.016,0.0,0,0,1,0,13.341,0.0,0,32.04,0,0,0,1,0,1,1,0,0,1,0,12192.0,2,1,1,1,0,0,1,3,8.0,269.7,0,0,0,0,0,1
408700,78.565,-0.711,0,1,1,0,6.016,0.0,0,0,1,0,13.341,0.0,0,31.9,0,0,0,1,0,1,1,0,0,1,0,12192.0,2,1,1,1,0,0,1,3,8.0,270.3,0,0,0,0,0,1
408800,78.494,-0.711,0,1,1,0,6.016,0.0,0,0,1,0,13.341,0.0,0,31.77,0,0,0,1,0,1,1,0,0,1,0,12192.0,2,1,1,1,0,0,1,3,8.0,272.2,0,0,0,0,0,1
408900,78.423,-0.711,0,1,1,0,6.016,0.0,0,0,1,0,13.341,0.0,0,31.88,0,0,0,1,0,1,1,0,0,1,0,12192.0,2,1,1,1,0,0,1,3,8.0,269.1,0,0,0,0,0,1
409000,78.351,-0.711,0,1,1,0,6.016,0.0,0,0,1,0,13.341,0.0,0,31.96,0,0,0,1,0,1,1,0,0,1,0,12192.0,2,1,1,1,0,0,1,3,7.6,276.2,0,0,0,0,0,1
409100,78.28,-0.711,0,1,1,0,6.016,0.0,0,0,1,0,13.341,0.0,0,31.84,0,0,0,1,0,1,1,0,0,1,0,12192.0,2,1,1,1,0,0,1,3,7.0,269.7,0,0,0,0,0,1
409200,78.209,-0.711,0,1,1,0,6.016,0.0,0,0,1,0,13.341,0.0,0,32.12,0,0,0,1,0,1,1,0,0,1,0,12192.0,2,1,1,1,0,0,1,3,8.0,270.8,0,0,0,0,0,1
409300,78.138,-0.711,0,1,1,0,6.016,0.0,0,0,1,0,13.341,0.0,0,31.84,0,0,0,1,0,1,1,0,0,1,0,12192.0,2,1,1,1,0,0,1,3,7.6,268.2,0,0,0,0,0,1
409400,78.067,-0.711,0,1,1,0,6.016,0.0,0,0,1,0,13.341,0.0,0,31.92,0,0,0,1,0,1,1,0,0,1,0,12192.0,2,1,1,1,0,0,1,3,8.3,268.2,0,0,0,0,0,1
409500,77.996,-0.711,0,1,1,0,6.016,0.0,0,0,1,0,13.341,0.0,0,31.97,0,0,0,1,0,1,1,0,0,1,0,12192.0,2,1,1,1,0,0,1,3,6.9,266.6,0,0,0,0,0,1
409600,77.925,-0.711,0,1,1,0,6.016,0.0,0,0,1,0,13.341,0.0,0,32.03,0,0,0,1,0,1,1,0,0,1,0,12192.0,2,1,1,1,0,0,1,3,7.0,269.0,0,0,0,0,0,1
409700,77.854,-0.711,0,1,1,0,6.016,0.0,0,0,1,0,13.341,0.0,0,32.0,0,0,0,1,0,1,1,0,0,1,0,12192.0,2,1,1,1,0,0,1,3,8.0,268.6,0,0,0,0,0,1
409800,77.783,-0.711,0,1,1,0,6.016,0.0,0,0,1,0,13.341,0.0,0,32.05,0,0,0,1,0,1,1,0,0,1,0,12192.0,2,1,1,1,0,0,1,3,7.0,272.3,0,0,0,0,0,1
409900,77.712,-0.711,0,1,1,0,6.016,0.0,0,0,1,0,13.341,0.0,0,32.24,0,0,0,1,0,1,1,0,0,1,0,12192.0,2,1,1,1,0,0,1,3,6.8,270.1,0,0,0,0,0,1
410000,77.641,-0.711,0,1,1,0,6.016,0.0,0,0,1,0,13.341,0.0,0,31.94,0,0,0,1,0,1,1,0,0,1,0,12192.0,2,1,1,1,0,0,1,3,7.0,266.8,0,0,0,0,0,1
410100,77.57,-0.711,0,1,1,0,6.016,0.0,0,0,1,0,13.341,0.0,0,32.09,0,0,0,1,0,1,1,0,0,1,0,12192.0,2,1,1,1,0,0,1,3,7.5,269.2,0,0,0,0,0,1
410200,77.499,-0.711,0,1,1,0,6.016,0.0,0,0,1,0,13.341,0.0,0,32.12,0,0,0,1,0,1,1,0,0,1,0,12192.0,2,1,1,1,0,0,1,3,7.1,276.5,0,0,0,0,0,1
410300,77.428,-0.711,0,1,1,0,6.016,0.0,0,0,1,0,13.341,0.0,0,31.97,0,0,0,1,0,1,1,0,0,1,0,12192.0,2,1,1,1,0,0,1,3,6.5,270.8,0,0,0,0,0,1
410400,77.357,-0.711,0,1,1,0,6.016,0.0,0,0,1,0,13.341,0.0,0,32.13,0,0,0,1,0,1,1,0,0,1,0,12192.0,2,1,1,1,0,0,1,3,7.6,266.5,0,0,0,0,0,1
410500,77.286,-0.711,0,1,1,0,6.016,0.0,0,0,1,0,13.341,0.0,0,32.11,0,0,0,1,0,1,1,0,0,1,0,12192.0,2,1,1,1,0,0,1,3,6.3,268.0,0,0,0,0,0,1
410600,77.214,-0.711,0,1,1,0,6.016,0.0,0,0,1,0,13.341,0.0,0,31.97,0,0,0,1,0,1,1,0,0,1,0,12192.0,2,1,1,1,0,0,1,3,6.6,278.5,0,0,0,0,0,1
410700,77.143,-0.711,0,1,1,0,6.016,0.0,0,0,1,0,13.341,0.0,0,32.09,0,0,0,1,0,1,1,0,0,1,0,12192.0,2,1,1,1,0,0,1,3,7.3,265.9,0,0,0,0,0,1
410800,77.072,-0.711,0,1,1,0,6.016,0.0,0,0,1,0,13.341,0.0,0,32.01,0,0,0,1,0,1,1,0,0,1,0,12192.0,2,1,1,1,0,0,1,3,7.7,272.2,0,0,0,0,0,1
410900,77.001,-0.711,0,1,1,0,6.016,0.0,0,0,1,0,13.341,0.0,0,32.0,0,0,0,1,0,1,1,0,0,1,0,12192.0,2,1,1,1,0,0,1,3,7.1,271.2,0,0,0,0,0,1
411000,76.93,-0.711,0,1,1,0,6.016,0.0,0,0,1,0,13.341,0.0,0,31.85,0,0,0,1,0,1,1,0,0,1,0,12192.0,2,1,1,1,0,0,1,3,8.3,268.5,0,0,0,0,0,1
411100,76.859,-0.711,0,1,1,0,6.016,0.0,0,0,1,0,13.341,0.0,0,32.02,0,0,0,1,0,1,1,0,0,1,0,12192.0,2,1,1,1,0,0,1,3,7.7,272.4,0,0,0,0,0,1
411200,76.788,-0.711,0,1,1,0,6.016,0.0,0,0,1,0,13.341,0.0,0,31.84,0,0,0,1,0,1,1,0,0,1,0,12192.0,2,1,1,1,0,0,1,3,7.3,268.2,0,0,0,0,0,1
411300,76.717,-0.711,0,1,1,0,6.016,0.0,0,0,1,0,13.341,0.0,0,31.8,0,0,0,1,0,1,1,0,0,1,0,12192.0,2,1,1,1,0,0,1,3,7.7,268.6,0,0,0,0,0,1
411400,76.646,-0.711,0,1,1,0,6.016,0.0,0,0,1,0,13.341,0.0,0,31.83,0,0,0,1,0,1,1,0,0,1,0,12192.0,2,1,1,1,0,0,1,3,8.0,270.0,0,0,0,0,0,1
411500,76.575,-0.711,0,1,1,0,6.016,0.0,0,0,1,0,13.341,0.0,0,32.23,0,0,0,1,0,1,1,0,0,1,0,12192.0,2,1,1,1,0,0,1,3,7.5,269.7,0,0,0,0,0,1
411600,76.504,-0.711,0,1,1,0,6.016,0.0,0,0,1,0,13.341,0.0,0,31.88,0,0,0,1,0,1,1,0,0,1,0,12192.0,2,1,1,1,0,0,1,3,7.5,269.7,0,0,0,0,0,1
411700,76.433,-0.711,0,1,1,0,6.016,0.0,0,0,1,0,13.341,0.0,0,32.01,0,0,0,1,0,1,1,0,0,1,0,12192.0,2,1,1,1,0,0,1,3,7.7,270.5,0,0,0,0,0,1
411800,76.362,-0.711,0,1,1,0,6.016,0.0,0,0,1,0,13.341,0.0,0,31.87,0,0,0,1,0,1,1,0,0,1,0,12192.0,2,1,1,1,0,0,1,3,8.6,264.5,0,0,0,0,0,1
411900,76.291,-0.711,0,1,1,0,6.016,0.0,0,0,1,0,13.341,0.0,0,32.09,0,0,0,1,0,1,1,0,0,1,0,12192.0,2,1,1,1,0,0,1,3,7.6,269.2,0,0,0,0,0,1
412000,76.22,-0.711,0,1,1,0,6.016,0.0,0,0,1,0,13.341,0.0,0,32.2,0,0,0,1,0,1,1,0,0,1,0,12192.0,2,1,1,1,0,0,1,3,8.5,269.8,0,0,0,0,0,1
412100,76.149,-0.711,0,1,1,0,6.016,0.0,0,0,1,0,13.341,0.0,0,32.06,0,0,0,1,0,1,1,0,0,1,0,12192.0,2,1,1,1,0,0,1,3,7.7,270.4,0,0,0,0,0,1
412200,76.077,-0.711,0,1,1,0,6.016,0.0,0,0,1,0,13.341,0.0,0,31.84,0,0,0,1,0,1,1,0,0,1,0,12192.0,2,1,1,1,0,0,1,3,8.1,266.9,0,0,0,0,0,1
412300,76.006,-0.711,0,1,1,0,6.016,0.0,0,0,1,0,13.341,0.0,0,32.03,0,0,0,1,0,1,1,0,0,1,0,12192.0,2,1,1,1,0,0,1,3,7.9,269.8,0,0,0,0,0,1
412400,75.935,-0.711,0,1,1,0,6.016,0.0,0,0,1,0,13.341,0.0,0,31.97,0,0,0,1,0,1,1,0,0,1,0,12192.0,2,1,1,1,0,0,1,3,7.8,267.3,0,0,0,0,0,1
412500,75.864,-0.711,0,1,1,0,6.016,0.0,0,0,1,0,13.341,0.0,0,31.98,0,0,0,1,0,1,1,0,0,1,0,12192.0,2,1,1,1,0,0,1,3,7.7,272.2,0,0,0,0,0,1
412600,75.793,-0.711,0,1,1,0,6.016,0.0,0,0,1,0,13.341,0.0,0,31.99,0,0,0,1,0,1,1,0,0,1,0,12192.0,2,1,1,1,0,0,1,3,7.8,269.6,0,0,0,0,0,1
412700,75.722,-0.711,0,1,1,0,6.016,0.0,0,0,1,0,13.341,0.0,0,32.05,0,0,0,1,0,1,1,0,0,1,0,12192.0,2,1,1,1,0,0,1,3,6.9,271.3,0,0,0,0,0,1
412800,75.651,-0.711,0,1,1,0,6.016,0.0,0,0,1,0,13.341,0.0,0,31.95,0,0,0,1,0,1,1,0,0,1,0,12192.0,2,1,1,1,0,0,1,3,8.4,270.9,0,0,0,0,0,1
412900,75.58,-0.711,0,1,1,0,6.016,0.0,0,0,1,0,13.341,0.0,0,32.17,0,0,0,1,0,1,1,0,0,1,0,12192.0,2,1,1,1,0,0,1,3,7.8,270.3,0,0,0,0,0,1
413000,75.509,-0.711,0,1,1,0,6.016,0.0,0,0,1,0,13.341,0.0,0,32.19,0,0,0,1,0,1,1,0,0,1,0,12192.0,2,1,1,1,0,0,1,3,8.2,270.8,0,0,0,0,0,1
413100,75.438,-0.711,0,1,1,0,6.016,0.0,0,0,1,0,13.341,0.0,0,32.08,0,0,0,1,0,1,1,0,0,1,0,12192.0,2,1,1,1,0,0,1,3,8.6,267.4,0,0,0,0,0,1
413200,75.367,-0.711,0,1,1,0,6.016,0.0,0,0,1,0,13.341,0.0,0,31.96,0,0,0,1,0,1,1,0,0,1,0,12192.0,2,1,1,1,0,0,1,3,7.9,270.0,0,0,0,0,0,1
413300,75.296,-0.711,0,1,1,0,6.016,0.0,0,0,1,0,13.341,0.0,0,32.04,0,0,0,1,0,1,1,0,0,1,0,12192.0,2,1,1,1,0,0,1,3,8.9,270.0,0,0,0,0,0,1
413400,75.225,-0.711,0,1,1,0,6.016,0.0,0,0,1,0,13.341,0.0,0,31.97,0,0,0,1,0,1,1,0,0,1,0,12192.0,2,1,1,1,0,0,1,3,7.5,272.2,0,0,0,0,0,1
413500,75.154,-0.711,0,1,1,0,6.016,0.0,0,0,1,0,13.341,0.0,0,31.99,0,0,0,1,0,1,1,0,0,1,0,12192.0,2,1,1,1,0,0,1,3,8.1,270.6,0,0,0,0,0,1
413600,75.083,-0.711,0,1,1,0,6.016,0.0,0,0,1,0,13.341,0.0,0,31.91,0,0,0,1,0,1,1,0,0,1,0,12192.0,2,1,1,1,0,0,1,3,7.4,270.5,0,0,0,0,0,1
413700,75.012,-0.711,0,1,1,0,6.016,0.0,0,0,1,0,13.341,0.0,0,32.02,0,0,0,1,0,1,1,0,0,1,0,12192.0,2,1,1,1,0,0,1,3,8.6,268.7,0,0,0,0,0,1
413800,74.94,-0.711,0,1,1,0,6.016,0.0,0,0,1,0,13.341,0.0,0,32.12,0,0,0,1,0,1,1,0,0,1,0,12192.0,2,1,1,1,0,0,1,3,8.7,272.9,0,0,0,0,0,1
413900,74.869,-0.711,0,1,1,0,6.016,0.0,0,0,1,0,13.341,0.0,0,31.92,0,0,0,1,0,1,1,0,0,1,0,12192.0,2,1,1,1,0,0,1,3,8.3,274.2,0,0,0,0,0,1
414000,74.798,-0.711,0,1,1,0,6.016,0.0,0,0,1,0,13.341,0.0,0,31.95,0,0,0,1,0,1,1,0,0,1,0,12192.0,2,1,1,1,0,0,1,3,8.0,271.9,0,0,0,0,0,1
414100,74.727,-0.711,0,1,1,0,6.016,0.0,0,0,1,0,13.341,0.0,0,31.95,0,0,0,1,0,1,1,0,0,1,0,12192.0,2,1,1,1,0,0,1,3,8.1,270.4,0,0,0,0,0,1
414200,74.656,-0.711,0,1,1,0,6.016,0.0,0,0,1,0,13.341,0.0,0,31.97,0,0,0,1,0,1,1,0,0,1,0,12192.0,2,1,1,1,0,0,1,3,8.2,272.5,0,0,0,0,0,1
414300,74.585,-0.711,0,1,1,0,6.016,0.0,0,0,1,0,13.341,0.0,0,32.02,0,0,0,1,0,1,1,0,0,1,0,12192.0,2,1,1,1,0,0,1,3,8.0,270.8,0,0,0,0,0,1
414400,74.514,-0.711,0,1,1,0,6.016,0.0,0,0,1,0,13.341,0.0,0,31.93,0,0,0,1,0,1,1,0,0,1,0,12192.0,2,1,1,1,0,0,1,3,8.2,270.2,0,0,0,0,0,1
414500,74.443,-0.711,0,1,1,0,6.016,0.0,0,0,1,0,13.341,0.0,0,32.12,0,0,0,1,0,1,1,0,0,1,0,12192.0,2,1,1,1,0,0,1,3,8.2,270.1,0,0,0,0,0,1
414600,74.372,-0.711,0,1,1,0,6.016,0.0,0,0,1,0,13.341,0.0,0,32.25,0,0,0,1,0,1,1,0,0,1,0,12192.0,2,1,1,1,0,0,1,3,7.5,267.2,0,0,0,0,0,1
414700,74.301,-0.711,0,1,1,0,6.016,0.0,0,0,1,0,13.341,0.0,0,31.82,0,0,0,1,0,1,1,0,0,1,0,12192.0,2,1,1,1,0,0,1,3,8.5,265.3,0,0,0,0,0,1
414800,74.23,-0.711,0,1,1,0,6.016,0.0,0,0,1,0,13.341,0.0,0,31.89,0,0,0,1,0,1,1,0,0,1,0,12192.0,2,1,1,1,0,0,1,3,9.0,272.9,0,0,0,0,0,1
414900,74.159,-0.711,0,1,1,0,6.016,0.0,0,0,1,0,13.341,0.0,0,32.02,0,0,0,1,0,1,1,0,0,1,0,12192.0,2,1,1,1,0,0,1,3,8.8,268.5,0,0,0,0,0,1
415000,74.088,-0.711,0,1,1,0,6.016,0.0,0,0,1,0,13.341,0.0,0,32.33,0,0,0,1,0,1,1,0,0,1,0,12192.0,2,1,1,1,0,0,1,3,8.1,268.3,0,0,0,0,0,1
415100,74.017,-0.711,0,1,1,0,6.016,0.0,0,0,1,0,13.341,0.0,0,32.05,0,0,0,1,0,1,1,0,0,1,0,12192.0,2,1,1,1,0,0,1,3,7.7,272.9,0,0,0,0,0,1
415200,73.946,-0.711,0,1,1,0,6.016,0.0,0,0,1,0,13.341,0.0,0,31.92,0,0,0,1,0,1,1,0,0,1,0,12192.0,2,1,1,1,0,0,1,3,8.9,270.6,0,0,0,0,0,1
415300,73.875,-0.711,0,1,1,0,6.016,0.0,0,0,1,0,13.341,0.0,0,32.02,0,0,0,1,0,1,1,0,0,1,0,12192.0,2,1,1,1,0,0,1,3,7.2,270.3,0,0,0,0,0,1
415400,73.803,-0.711,0,1,1,0,6.016,0.0,0,0,1,0,13.341,0.0,0,32.15,0,0,0,1,0,1,1,0,0,1,0,12192.0,2,1,1,1,0,0,1,3,8.4,276.9,0,0,0,0,0,1
415500,73.732,-0.711,0,1,1,0,6.016,0.0,0,0,1,0,13.341,0.0,0,31.95,0,0,0,1,0,1,1,0,0,1,0,12192.0,2,1,1,1,0,0,1,3,8.8,270.5,0,0,0,0,0,1
415600,73.661,-0.711,0,1,1,0,6.016,0.0,0,0,1,0,13.341,0.0,0,32.21,0,0,0,1,0,1,1,0,0,1,0,12192.0,2,1,1,1,0,0,1,3,8.3,270.8,0,0,0,0,0,1
415700,73.59,-0.711,0,1,1,0,6.016,0.0,0,0,1,0,13.341,0.0,0,32.14,0,0,0,1,0,1,1,0,0,1,0,12192.0,2,1,1,1,0,0,1,3,9.3,267.2,0,0,0,0,0,1
415800,73.519,-0.711,0,1,1,0,6.016,0.0,0,0,1,0,13.341,0.0,0,32.05,0,0,0,1,0,1,1,0,0,1,0,12192.0,2,1,1,1,0,0,1,3,9.0,268.7,0,0,0,0,0,1
415900,73.448,-0.711,0,1,1,0,6.016,0.0,0,0,1,0,13.341,0.0,0,31.98,0,0,0,1,0,1,1,0,0,1,0,12192.0,2,1,1,1,0,0,1,3,7.9,267.6,0,0,0,0,0,1
416000,73.377,-0.711,0,1,1,0,6.016,0.0,0,0,1,0,13.341,0.0,0,32.2,0,0,0,1,0,1,1,0,0,1,0,12192.0,2,1,1,1,0,0,1,3,9.2,270.3,0,0,0,0,0,1
416100,73.306,-0.711,0,1,1,0,6.016,0.0,0,0,1,0,13.341,0.0,0,32.03,0,0,0,1,0,1,1,0,0,1,0,12192.0,2,1,1,1,0,0,1,3,8.8,272.7,0,0,0,0,0,1
416200,73.235,-0.711,0,1,1,0,6.016,0.0,0,0,1,0,13.341,0.0,0,31.92,0,0,0,1,0,1,1,0,0,1,0,12192.0,2,1,1,1,0,0,1,3,9.0,266.7,0,0,0,0,0,1
416300,73.164,-0.711,0,1,1,0,6.016,0.0,0,0,1,0,13.341,0.0,0,32.1,0,0,0,1,0,1,1,0,0,1,0,12192.0,2,1,1,1,0,0,1,3,8.5,269.0,0,0,0,0,0,1
416400,73.093,-0.711,0,1,1,0,6.016,0.0,0,0,1,0,13.341,0.0,0,31.96,0,0,0,1,0,1,1,0,0,1,0,12192.0,2,1,1,1,0,0,1,3,8.5,269.0,0,0,0,0,0,1
416500,73.022,-0.711,0,1,1,0,6.016,0.0,0,0,1,0,13.341,0.0,0,31.86,0,0,0,1,0,1,1,0,0,1,0,12192.0,2,1,1,1,0,0,1,3,8.1,270.0,0,0,0,0,0,1
416600,72.951,-0.711,0,1,1,0,6.016,0.0,0,0,1,0,13.341,0.0,0,32.03,0,0,0,1,0,1,1,0,0,1,0,12192.0,2,1,1,1,0,0,1,3,8.3,267.3,0,0,0,0,0,1
416700,72.88,-0.711,0,1,1,0,6.016,0.0,0,0,1,0,13.341,0.0,0,32.04,0,0,0,1,0,1,1,0,0,1,0,12192.0,2,1,1,1,0,0,1,3,8.5,266.5,0,0,0,0,0,1
416800,72.809,-0.711,0,1,1,0,6.016,0.0,0,0,1,0,13.341,0.0,0,31.94,0,0,0,1,0,1,1,0,0,1,0,12192.0,2,1,1,1,0,0,1,3,8.5,270.6,0,0,0,0,0,1
416900,72.738,-0.711,0,1,1,0,6.016,0.0,0,0,1,0,13.341,0.0,0,31.91,0,0,0,1,0,1,1,0,0,1,0,12192.0,2,1,1,1,0,0,1,3,8.7,268.3,0,0,0,0,0,1
417000,72.666,-0.711,0,1,1,0,6.016,0.0,0,0,1,0,13.341,0.0,0,31.94,0,0,0,1,0,1,1,0,0,1,0,12192.0,2,1,1,1,0,0,1,3,9.0,270.1,0,0,0,0,0,1
417100,72.595,-0.711,0,1,1,0,6.016,0.0,0,0,1,0,13.341,0.0,0,32.05,0,0,0,1,0,1,1,0,0,1,0,12192.0,2,1,1,1,0,0,1,3,8.6,271.3,0,0,0,0,0,1
417200,72.524,-0.711,0,1,1,0,6.016,0.0,0,0,1,0,13.341,0.0,0,32.15,0,0,0,1,0,1,1,0,0,1,0,12192.0,2,1,1,1,0,0,1,3,8.5,271.7,0,0,0,0,0,1
417300,72.453,-0.711,0,1,1,0,6.016,0.0,0,0,1,0,13.341,0.0,0,32.2,0,0,0,1,0,1,1,0,0,1,0,12192.0,2,1,1,1,0,0,1,3,7.1,269.5,0,0,0,0,0,1
417400,72.382,-0.711,0,1,1,0,6.016,0.0,0,0,1,0,13.341,0.0,0,32.14,0,0,0,1,0,1,1,0,0,1,0,12192.0,2,1,1,1,0,0,1,3,7.2,269.6,0,0,0,0,0,1
417500,72.311,-0.711,0,1,1,0,6.016,0.0,0,0,1,0,13.341,0.0,0,32.01,0,0,0,1,0,1,1,0,0,1,0,12192.0,2,1,1,1,0,0,1,3,7.9,272.4,0,0,0,0,0,1
417600,72.24,-0.711,0,1,1,0,6.016,0.0,0,0,1,0,13.341,0.0,0,32.02,0,0,0,1,0,1,1,0,0,1,0,12192.0,2,1,1,1,0,0,1,3,7.8,268.4,0,0,0,0,0,1
417700,72.169,-0.711,0,1,1,0,6.016,0.0,0,0,1,0,13.341,0.0,0,32.01,0,0,0,1,0,1,1,0,0,1,0,12192.0,2,1,1,1,0,0,1,3,8.1,266.6,0,0,0,0,0,1
417800,72.098,-0.711,0,1,1,0,6.016,0.0,0,0,1,0,13.341,0.0,0,32.14,0,0,0,1,0,1,1,0,0,1,0,12192.0,2,1,1,1,0,0,1,3,7.8,268.5,0,0,0,0,0,1
417900,72.027,-0.711,0,1,1,0,6.016,0.0,0,0,1,0,13.341,0.0,0,32.07,0,0,0,1,0,1,1,0,0,1,0,12192.0,2,1,1,1,0,0,1,3,8.0,268.0,0,0,0,0,0,1
418000,71.956,-0.711,0,1,1,0,6.016,0.0,0,0,1,0,13.341,0.0,0,31.95,0,0,0,1,0,1,1,0,0,1,0,12192.0,2,1,1,1,0,0,1,3,7.5,269.9,0,0,0,0,0,1
418100,71.885,-0.711,0,1,1,0,6.016,0.0,0,0,1,0,13.341,0.0,0,32.1,0,0,0,1,0,1,1,0,0,1,0,12192.0,2,1,1,1,0,0,1,3,7.5,272.3,0,0,0,0,0,1
418200,71.814,-0.711,0,1,1,0,6.016,0.0,0,0,1,0,13.341,0.0,0,31.88,0,0,0,1,0,1,1,0,0,1,0,12192.0,2,1,1,1,0,0,1,3,7.8,268.0,0,0,0,0,0,1
418300,71.743,-0.711,0,1,1,0,6.016,0.0,0,0,1,0,13.341,0.0,0,31.98,0,0,0,1,0,1,1,0,0,1,0,12192.0,2,1,1,1,0,0,1,3,7.2,269.5,0,0,0,0,0,1
418400,71.672,-0.711,0,1,1,0,6.016,0.0,0,0,1,0,13.341,0.0,0,31.95,0,0,0,1,0,1,1,0,0,1,0,12192.0,2,1,1,1,0,0,1,3,7.2,268.9,0,0,0,0,0,1
418500,71.601,-0.711,0,1,1,0,6.016,0.0,0,0,1,0,13.341,0.0,0,31.85,0,0,0,1,0,1,1,0,0,1,0,12192.0,2,1,1,1,0,0,1,3,7.3,271.3,0,0,0,0,0,1
418600,71.529,-0.711,0,1,1,0,6.016,0.0,0,0,1,0,13.341,0.0,0,31.96,0,0,0,1,0,1,1,0,0,1,0,12192.0,2,1,1,1,0,0,1,3,7.6,271.8,0,0,0,0,0,1
418700,71.458,-0.711,0,1,1,0,6.016,0.0,0,0,1,0,13.341,0.0,0,32.04,0,0,0,1,0,1,1,0,0,1,0,12192.0,2,1,1,1,0,0,1,3,7.2,270.8,0,0,0,0,0,1
418800,71.387,-0.711,0,1,1,0,6.016,0.0,0,0,1,0,13.341,0.0,0,31.81,0,0,0,1,0,1,1,0,0,1,0,12192.0,2,1,1,1,0,0,1,3,7.6,271.3,0,0,0,0,0,1
418900,71.316,-0.711,0,1,1,0,6.016,0.0,0,0,1,0,13.341,0.0,0,31.95,0,0,0,1,0,1,1,0,0,1,0,12192.0,2,1,1,1,0,0,1,3,7.5,274.0,0,0,0,0,0,1
419000,71.245,-0.711,0,1,1,0,6.016,0.0,0,0,1,0,13.341,0.0,0,32.04,0,0,0,1,0,1,1,0,0,1,0,12192.0,2,1,1,1,0,0,1,3,7.2,268.9,0,0,0,0,0,1
419100,71.174,-0.711,0,1,1,0,6.016,0.0,0,0,1,0,13.341,0.0,0,32.19,0,0,0,1,0,1,1,0,0,1,0,12192.0,2,1,1,1,0,0,1,3,8.1,268.5,0,0,0,0,0,1
419200,71.103,-0.711,0,1,1,0,6.016,0.0,0,0,1,0,13.341,0.0,0,32.0,0,0,0,1,0,1,1,0,0,1,0,12192.0,2,1,1,1,0,0,1,3,7.5,276.0,0,0,0,0,0,1
419300,71.032,-0.711,0,1,1,0,6.016,0.0,0,0,1,0,13.341,0.0,0,31.91,0,0,0,1,0,1,1,0,0,1,0,12192.0,2,1,1,1,0,0,1,3,8.3,267.9,0,0,0,0,0,1
419400,70.961,-0.711,0,1,1,0,6.016,0.0,0,0,1,0,13.341,0.0,0,32.04,0,0,0,1,0,1,1,0,0,1,0,12192.0,2,1,1,1,0,0,1,3,6.6,273.5,0,0,0,0,0,1
419500,70.89,-0.711,0,1,1,0,6.016,0.0,0,0,1,0,13.341,0.0,0,32.03,0,0,0,1,0,1,1,0,0,1,0,12192.0,2,1,1,1,0,0,1,3,7.4,271.5,0,0,0,0,0,1
419600,70.819,-0.711,0,1,1,0,6.016,0.0,0,0,1,0,13.341,0.0,0,31.93,0,0,0,1,0,1,1,0,0,1,0,12192.0,2,1,1,1,0,0,1,3,7.0,268.5,0,0,0,0,0,1
419700,70.748,-0.711,0,1,1,0,6.016,0.0,0,0,1,0,13.341,0.0,0,32.11,0,0,0,1,0,1,1,0,0,1,0,12192.0,2,1,1,1,0,0,1,3,7.8,271.8,0,0,0,0,0,1
419800,70.677,-0.711,0,1,1,0,6.016,0.0,0,0,1,0,13.341,0.0,0,31.97,0,0,0,1,0,1,1,0,0,1,0,12192.0,2,1,1,1,0,0,1,3,7.7,266.7,0,0,0,0,0,1
419900,70.606,-0.711,0,1,1,0,6.016,0.0,0,0,1,0,13.341,0.0,0,32.17,0,0,0,1,0,1,1,0,0,1,0,12192.0,2,1,1,1,0,0,1,3,8.3,271.0,0,0,0,0,0,1
420000,70.535,-0.711,0,1,1,0,6.016,0.0,0,0,1,0,13.341,0.0,0,31.88,0,0,0,1,0,1,1,0,0,1,0,12192.0,2,1,1,1,0,0,1,3,6.9,267.3,0,0,0,0,0,1
420100,70.464,-0.711,0,1,1,0,6.016,0.0,0,0,1,0,13.341,0.0,0,32.11,0,0,0,1,0,1,1,0,0,1,0,12192.0,2,1,1,1,0,0,1,3,7.9,268.6,0,0,0,0,0,1
420200,70.392,-0.711,0,1,1,0,6.016,0.0,0,0,1,0,13.341,0.0,0,32.03,0,0,0,1,0,1,1,0,0,1,0,12192.0,2,1,1,1,0,0,1,3,7.6,270.0,0,0,0,0,0,1
420300,70.321,-0.711,0,1,1,0,6.016,0.0,0,0,1,0,13.341,0.0,0,32.11,0,0,0,1,0,1,1,0,0,1,0,12192.0,2,1,1,1,0,0,1,3,7.4,267.8,0,0,0,0,0,1
420400,70.25,-0.711,0,1,1,0,6.016,0.0,0,0,1,0,13.341,0.0,0,32.12,0,0,0,1,0,1,1,0,0,1,0,12192.0,2,1,1,1,0,0,1,3,7.3,271.8,0,0,0,0,0,1
420500,70.179,-0.711,0,1,1,0,6.016,0.0,0,0,1,0,13.341,0.0,0,32.2,0,0,0,1,0,1,1,0,0,1,0,12192.0,2,1,1,1,0,0,1,3,7.4,272.0,0,0,0,0,0,1
420600,70.108,-0.711,0,1,1,0,6.016,0.0,0,0,1,0,13.341,0.0,0,31.88,0,0,0,1,0,1,1,0,0,1,0,12192.0,2,1,1,1,0,0,1,3,6.9,268.8,0,0,0,0,0,1
420700,70.037,-0.711,0,1,1,0,6.016,0.0,0,0,1,0,13.341,0.0,0,31.97,0,0,0,1,0,1,1,0,0,1,0,12192.0,2,1,1,1,0,0,1,3,7.9,271.1,0,0,0,0,0,1
420800,69.966,-0.711,0,1,1,0,6.016,0.0,0,0,1,0,13.341,0.0,0,32.36,0,0,0,1,0,1,1,0,0,1,0,12192.0,2,1,1,1,0,0,1,3,6.9,271.9,0,0,0,0,0,1
420900,69.895,-0.711,0,1,1,0,6.016,0.0,0,0,1,0,13.341,0.0,0,32.1,0,0,0,1,0,1,1,0,0,1,0,12192.0,2,1,1,1,0,0,1,3,7.5,271.3,0,0,0,0,0,1
421000,69.824,-0.711,0,1,1,0,6.016,0.0,0,0,1,0,13.341,0.0,0,31.77,0,0,0,1,0,1,1,0,0,1,0,12192.0,2,1,1,1,0,0,1,3,8.0,273.4,0,0,0,0,0,1
421100,69.753,-0.711,0,1,1,0,6.016,0.0,0,0,1,0,13.341,0.0,0,32.0,0,0,0,1,0,1,1,0,0,1,0,12192.0,2,1,1,1,0,0,1,3,7.0,268.6,0,0,0,0,0,1
421200,69.682,-0.711,0,1,1,0,6.016,0.0,0,0,1,0,13.341,0.0,0,32.19,0,0,0,1,0,1,1,0,0,1,0,12192.0,2,1,1,1,0,0,1,3,7.7,267.0,0,0,0,0,0,1
421300,69.611,-0.711,0,1,1,0,6.016,0.0,0,0,1,0,13.341,0.0,0,31.88,0,0,0,1,0,1,1,0,0,1,0,12192.0,2,1,1,1,0,0,1,3,7.4,271.0,0,0,0,0,0,1
421400,69.54,-0.711,0,1,1,0,6.016,0.0,0,0,1,0,13.341,0.0,0,32.15,0,0,0,1,0,1,1,0,0,1,0,12192.0,2,1,1,1,0,0,1,3,8.2,267.5,0,0,0,0,0,1
421500,69.469,-0.711,0,1,1,0,6.016,0.0,0,0,1,0,13.341,0.0,0,32.02,0,0,0,1,0,1,1,0,0,1,0,12192.0,2,1,1,1,0,0,1,3,7.5,272.7,0,0,0,0,0,1
421600,69.398,-0.711,0,1,1,0,6.016,0.0,0,0,1,0,13.341,0.0,0,32.09,0,0,0,1,0,1,1,0,0,1,0,12192.0,2,1,1,1,0,0,1,3,7.9,270.3,0,0,0,0,0,1
421700,69.327,-0.711,0,1,1,0,6.016,0.0,0,0,1,0,13.341,0.0,0,31.93,0,0,0,1,0,1,1,0,0,1,0,12192.0,2,1,1,1,0,0,1,3,7.5,269.0,0,0,0,0,0,1
421800,69.255,-0.711,0,1,1,0,6.016,0.0,0,0,1,0,13.341,0.0,0,31.98,0,0,0,1,0,1,1,0,0,1,0,12192.0,2,1,1,1,0,0,1,3,8.2,273.2,0,0,0,0,0,1
421900,69.184,-0.711,0,1,1,0,6.016,0.0,0,0,1,0,13.341,0.0,0,32.01,0,0,0,1,0,1,1,0,0,1,0,12192.0,2,1,1,1,0,0,1,3,8.2,274.7,0,0,0,0,0,1
422000,69.113,-0.711,0,1,1,0,6.016,0.0,0,0,1,0,13.341,0.0,0,32.04,0,0,0,1,0,1,1,0,0,1,0,12192.0,2,1,1,1,0,0,1,3,7.9,272.8,0,0,0,0,0,1
422100,69.042,-0.711,0,1,1,0,6.016,0.0,0,0,1,0,13.341,0.0,0,31.92,0,0,0,1,0,1,1,0,0,1,0,12192.0,2,1,1,1,0,0,1,3,8.2,271.2,0,0,0,0,0,1
422200,68.971,-0.711,0,1,1,0,6.016,0.0,0,0,1,0,13.341,0.0,0,32.01,0,0,0,1,0,1,1,0,0,1,0,12192.0,2,1,1,1,0,0,1,3,8.0,265.8,0,0,0,0,0,1
422300,68.9,-0.711,0,1,1,0,6.016,0.0,0,0,1,0,13.341,0.0,0,32.09,0,0,0,1,0,1,1,0,0,1,0,12192.0,2,1,1,1,0,0,1,3,8.4,271.4,0,0,0,0,0,1
422400,68.829,-0.711,0,1,1,0,6.016,0.0,0,0,1,0,13.341,0.0,0,31.95,0,0,0,1,0,1,1,0,0,1,0,12192.0,2,1,1,1,0,0,1,3,8.1,270.7,0,0,0,0,0,1
422500,68.758,-0.711,0,1,1,0,6.016,0.0,0,0,1,0,13.341,0.0,0,32.01,0,0,0,1,0,1,1,0,0,1,0,12192.0,2,1,1,1,0,0,1,3,8.5,268.0,0,0,0,0,0,1
422600,68.687,-0.711,0,1,1,0,6.016,0.0,0,0,1,0,13.341,0.0,0,31.97,0,0,0,1,0,1,1,0,0,1,0,12192.0,2,1,1,1,0,0,1,3,8.2,272.0,0,0,0,0,0,1
422700,68.616,-0.711,0,1,1,0,6.016,0.0,0,0,1,0,13.341,0.0,0,31.97,0,0,0,1,0,1,1,0,0,1,0,12192.0,2,1,1,1,0,0,1,3,8.0,272.6,0,0,0,0,0,1
422800,68.545,-0.711,0,1,1,0,6.016,0.0,0,0,1,0,13.341,0.0,0,31.84,0,0,0,1,0,1,1,0,0,1,0,12192.0,2,1,1,1,0,0,1,3,8.2,270.7,0,0,0,0,0,1
422900,68.474,-0.711,0,1,1,0,6.016,0.0,0,0,1,0,13.341,0.0,0,31.69,0,0,0,1,0,1,1,0,0,1,0,12192.0,2,1,1,1,0,0,1,3,8.8,271.9,0,0,0,0,0,1
423000,68.403,-0.711,0,1,1,0,6.016,0.0,0,0,1,0,13.341,0.0,0,32.15,0,0,0,1,0,1,1,0,0,1,0,12192.0,2,1,1,1,0,0,1,3,8.6,274.0,0,0,0,0,0,1
423100,68.332,-0.711,0,1,1,0,6.016,0.0,0,0,1,0,13.341,0.0,0,32.01,0,0,0,1,0,1,1,0,0,1,0,12192.0,2,1,1,1,0,0,1,3,8.8,267.5,0,0,0,0,0,1
423200,68.261,-0.711,0,1,1,0,6.016,0.0,0,0,1,0,13.341,0.0,0,31.76,0,0,0,1,0,1,1,0,0,1,0,12192.0,2,1,1,1,0,0,1,3,8.6,270.6,0,0,0,0,0,1
423300,68.19,-0.711,0,1,1,0,6.016,0.0,0,0,1,0,13.341,0.0,0,31.95,0,0,0,1,0,1,1,0,0,1,0,12192.0,2,1,1,1,0,0,1,3,8.6,262.8,0,0,0,0,0,1
423400,68.118,-0.711,0,1,1,0,6.016,0.0,0,0,1,0,13.341,0.0,0,32.05,0,0,0,1,0,1,1,0,0,1,0,12192.0,2,1,1,1,0,0,1,3,8.4,268.2,0,0,0,0,0,1
423500,68.047,-0.711,0,1,1,0,6.016,0.0,0,0,1,0,13.341,0.0,0,31.87,0,0,0,1,0,1,1,0,0,1,0,12192.0,2,1,1,1,0,0,1,3,8.2,270.2,0,0,0,0,0,1
423600,67.976,-0.711,0,1,1,0,6.016,0.0,0,0,1,0,13.341,0.0,0,32.35,0,0,0,1,0,1,1,0,0,1,0,12192.0,2,1,1,1,0,0,1,3,8.5,269.9,0,0,0,0,0,1
423700,67.905,-0.711,0,1,1,0,6.016,0.0,0,0,1,0,13.341,0.0,0,32.0,0,0,0,1,0,1,1,0,0,1,0,12192.0,2,1,1,1,0,0,1,3,7.8,268.5,0,0,0,0,0,1
423800,67.834,-0.711,0,1,1,0,6.016,0.0,0,0,1,0,13.341,0.0,0,31.97,0,0,0,1,0,1,1,0,0,1,0,12192.0,2,1,1,1,0,0,1,3,8.6,274.8,0,0,0,0,0,1
423900,67.763,-0.711,0,1,1,0,6.016,0.0,0,0,1,0,13.341,0.0,0,32.0,0,0,0,1,0,1,1,0,0,1,0,12192.0,2,1,1,1,0,0,1,3,9.0,272.3,0,0,0,0,0,1
424000,67.692,-0.711,0,1,1,0,6.016,0.0,0,0,1,0,13.341,0.0,0,32.17,0,0,0,1,0,1,1,0,0,1,0,12192.0,2,1,1,1,0,0,1,3,8.6,269.7,0,0,0,0,0,1
424100,67.621,-0.711,0,1,1,0,6.016,0.0,0,0,1,0,13.341,0.0,0,32.06,0,0,0,1,0,1,1,0,0,1,0,12192.0,2,1,1,1,0,0,1,3,8.8,271.0,0,0,0,0,0,1
424200,67.55,-0.711,0,1,1,0,6.016,0.0,0,0,1,0,13.341,0.0,0,31.83,0,0,0,1,0,1,1,0,0,1,0,12192.0,2,1,1,1,0,0,1,3,9.1,274.8,0,0,0,0,0,1
424300,67.479,-0.711,0,1,1,0,6.016,0.0,0,0,1,0,13.341,0.0,0,32.25,0,0,0,1,0,1,1,0,0,1,0,12192.0,2,1,1,1,0,0,1,3,8.7,273.6,0,0,0,0,0,1
424400,67.408,-0.711,0,1,1,0,6.016,0.0,0,0,1,0,13.341,0.0,0,32.07,0,0,0,1,0,1,1,0,0,1,0,12192.0,2,1,1,1,0,0,1,3,8.6,270.1,0,0,0,0,0,1
424500,67.337,-0.711,0,1,1,0,6.016,0.0,0,0,1,0,13.341,0.0,0,32.03,0,0,0,1,0,1,1,0,0,1,0,12192.0,2,1,1,1,0,0,1,3,8.2,269.4,0,0,0,0,0,1
424600,67.266,-0.711,0,1,1,0,6.016,0.0,0,0,1,0,13.341,0.0,0,32.07,0,0,0,1,0,1,1,0,0,1,0,12192.0,2,1,1,1,0,0,1,3,8.9,270.1,0,0,0,0,0,1
424700,67.195,-0.711,0,1,1,0,6.016,0.0,0,0,1,0,13.341,0.0,0,31.82,0,0,0,1,0,1,1,0,0,1,0,12192.0,2,1,1,1,0,0,1,3,8.1,269.5,0,0,0,0,0,1
424800,67.124,-0.711,0,1,1,0,6.016,0.0,0,0,1,0,13.341,0.0,0,31.72,0,0,0,1,0,1,1,0,0,1,0,12192.0,2,1,1,1,0,0,1,3,8.3,266.9,0,0,0,0,0,1
424900,67.053,-0.711,0,1,1,0,6.016,0.0,0,0,1,0,13.341,0.0,0,32.09,0,0,0,1,0,1,1,0,0,1,0,12192.0,2,1,1,1,0,0,1,3,7.6,269.9,0,0,0,0,0,1
425000,66.981,-0.711,0,1,1,0,6.016,0.0,0,0,1,0,13.341,0.0,0,31.98,0,0,0,1,0,1,1,0,0,1,0,12192.0,2,1,1,1,0,0,1,3,8.7,268.3,0,0,0,0,0,1
425100,66.91,-0.711,0,1,1,0,6.016,0.0,0,0,1,0,13.341,0.0,0,31.92,0,0,0,1,0,1,1,0,0,1,0,12192.0,2,1,1,1,0,0,1,3,8.9,269.7,0,0,0,0,0,1
425200,66.839,-0.711,0,1,1,0,6.016,0.0,0,0,1,0,13.341,0.0,0,31.89,0,0,0,1,0,1,1,0,0,1,0,12192.0,2,1,1,1,0,0,1,3,8.0,271.7,0,0,0,0,0,1
425300,66.768,-0.711,0,1,1,0,6.016,0.0,0,0,1,0,13.341,0.0,0,31.82,0,0,0,1,0,1,1,0,0,1,0,12192.0,2,1,1,1,0,0,1,3,8.9,271.1,0,0,0,0,0,1
425400,66.697,-0.711,0,1,1,0,6.016,0.0,0,0,1,0,13.341,0.0,0,31.84,0,0,0,1,0,1,1,0,0,1,0,12192.0,2,1,1,1,0,0,1,3,8.3,273.0,0,0,0,0,0,1
425500,66.626,-0.711,0,1,1,0,6.016,0.0,0,0,1,0,13.341,0.0,0,31.88,0,0,0,1,0,1,1,0,0,1,0,12192.0,2,1,1,1,0,0,1,3,7.9,273.8,0,0,0,0,0,1
425600,66.555,-0.711,0,1,1,0,6.016,0.0,0,0,1,0,13.341,0.0,0,32.22,0,0,0,1,0,1,1,0,0,1,0,12192.0,2,1,1,1,0,0,1,3,7.7,267.3,0,0,0,0,0,1
425700,66.484,-0.711,0,1,1,0,6.016,0.0,0,0,1,0,13.341,0.0,0,31.85,0,0,0,1,0,1,1,0,0,1,0,12192.0,2,1,1,1,0,0,1,3,8.5,269.7,0,0,0,0,0,1
425800,66.413,-0.711,0,1,1,0,6.016,0.0,0,0,1,0,13.341,0.0,0,32.01,0,0,0,1,0,1,1,0,0,1,0,12192.0,2,1,1,1,0,0,1,3,7.9,268.4,0,0,0,0,0,1
425900,66.342,-0.711,0,1,1,0,6.016,0.0,0,0,1,0,13.341,0.0,0,31.97,0,0,0,1,0,1,1,0,0,1,0,12192.0,2,1,1,1,0,0,1,3,8.2,267.4,0,0,0,0,0,1
426000,66.271,-0.711,0,1,1,0,6.016,0.0,0,0,1,0,13.341,0.0,0,31.97,0,0,0,1,0,1,1,0,0,1,0,12192.0,2,1,1,1,0,0,1,3,7.3,271.3,0,0,0,0,0,1
426100,66.2,-0.711,0,1,1,0,6.016,0.0,0,0,1,0,13.341,0.0,0,32.08,0,0,0,1,0,1,1,0,0,1,0,12192.0,2,1,1,1,0,0,1,3,8.5,270.3,0,0,0,0,0,1
426200,66.129,-0.711,0,1,1,0,6.016,0.0,0,0,1,0,13.341,0.0,0,31.97,0,0,0,1,0,1,1,0,0,1,0,12192.0,2,1,1,1,0,0,1,3,7.8,272.8,0,0,0,0,0,1
426300,66.058,-0.711,0,1,1,0,6.016,0.0,0,0,1,0,13.341,0.0,0,32.02,0,0,0,1,0,1,1,0,0,1,0,12192.0,2,1,1,1,0,0,1,3,8.2,267.0,0,0,0,0,0,1
426400,65.987,-0.711,0,1,1,0,6.016,0.0,0,0,1,0,13.341,0.0,0,31.94,0,0,0,1,0,1,1,0,0,1,0,12192.0,2,1,1,1,0,0,1,3,8.7,269.1,0,0,0,0,0,1
426500,65.916,-0.711,0,1,1,0,6.016,0.0,0,0,1,0,13.341,0.0,0,32.04,0,0,0,1,0,1,1,0,0,1,0,12192.0,2,1,1,1,0,0,1,3,7.5,267.5,0,0,0,0,0,1
426600,65.844,-0.711,0,1,1,0,6.016,0.0,0,0,1,0,13.341,0.0,0,31.9,0,0,0,1,0,1,1,0,0,1,0,12192.0,2,1,1,1,0,0,1,3,8.1,270.8,0,0,0,0,0,1
426700,65.773,-0.711,0,1,1,0,6.016,0.0,0,0,1,0,13.341,0.0,0,31.94,0,0,0,1,0,1,1,0,0,1,0,12192.0,2,1,1,1,0,0,1,3,8.3,269.3,0,0,0,0,0,1
426800,65.702,-0.711,0,1,1,0,6.016,0.0,0,0,1,0,13.341,0.0,0,31.8,0,0,0,1,0,1,1,0,0,1,0,12192.0,2,1,1,1,0,0,1,3,8.2,273.2,0,0,0,0,0,1
426900,65.631,-0.711,0,1,1,0,6.016,0.0,0,0,1,0,13.341,0.0,0,32.1,0,0,0,1,0,1,1,0,0,1,0,12192.0,2,1,1,1,0,0,1,3,8.2,267.3,0,0,0,0,0,1
427000,65.562,-0.696,0,1,1,0,6.016,0.0,0,0,1,0,13.341,0.0,0,32.04,0,0,0,1,0,1,1,0,0,1,0,12192.0,2,1,1,1,0,0,1,3,7.6,267.8,0,0,0,0,0,1
427100,65.494,-0.68,0,1,1,0,6.016,0.0,0,0,1,0,13.341,0.0,0,31.97,0,0,0,1,0,1,1,0,0,1,0,12192.0,2,1,1,1,0,0,1,3,7.1,269.9,0,0,0,0,0,1
427200,65.427,-0.665,0,1,1,0,6.016,0.0,0,0,1,0,13.341,0.0,0,31.95,0,0,0,1,0,1,1,0,0,1,0,12192.0,2,1,1,1,0,0,1,3,7.8,271.0,0,0,0,0,0,1
427300,65.362,-0.65,0,1,1,0,6.016,0.0,0,0,1,0,13.341,0.0,0,32.03,0,0,0,1,0,1,1,0,0,1,0,12192.0,2,1,1,1,0,0,1,3,8.2,268.6,0,0,0,0,0,1
427400,65.299,-0.635,0,1,1,0,6.016,0.0,0,0,1,0,13.341,0.0,0,32.11,0,0,0,1,0,1,1,0,0,1,0,12192.0,2,1,1,1,0,0,1,3,8.3,272.2,0,0,0,0,0,1
427500,65.237,-0.62,0,1,1,0,6.016,0.0,0,0,1,0,13.341,0.0,0,31.97,0,0,0,1,0,1,1,0,0,1,0,12192.0,2,1,1,1,0,0,1,3,8.2,267.8,0,0,0,0,0,1
427600,65.176,-0.605,0,1,1,0,6.016,0.0,0,0,1,0,13.341,0.0,0,32.15,0,0,0,1,0,1,1,0,0,1,0,12192.0,2,1,1,1,0,0,1,3,7.7,272.7,0,0,0,0,0,1
427700,65.117,-0.59,0,1,1,0,6.016,0.0,0,0,1,0,13.341,0.0,0,32.03,0,0,0,1,0,1,1,0,0,1,0,12192.0,2,1,1,1,0,0,1,3,6.8,269.7,0,0,0,0,0,1
427800,65.06,-0.575,0,1,1,0,6.016,0.0,0,0,1,0,13.341,0.0,0,32.08,0,0,0,1,0,1,1,0,0,1,0,12192.0,2,1,1,1,0,0,1,3,7.6,272.1,0,0,0,0,0,1
427900,65.004,-0.56,0,1,1,0,6.016,0.0,0,0,1,0,13.341,0.0,0,32.16,0,0,0,1,0,1,1,0,0,1,0,12192.0,2,1,1,1,0,0,1,3,8.0,271.4,0,0,0,0,0,1
428000,64.949,-0.545,0,1,1,0,6.016,0.0,0,0,1,0,13.341,0.0,0,31.91,0,0,0,1,0,1,1,0,0,1,0,12192.0,2,1,1,1,0,0,1,3,7.7,267.8,0,0,0,0,0,1
428100,64.896,-0.53,0,1,1,0,6.016,0.0,0,0,1,0,13.341,0.0,0,32.1,0,0,0,1,0,1,1,0,0,1,0,12192.0,2,1,1,1,0,0,1,3,7.6,270.0,0,0,0,0,0,1
428200,64.845,-0.515,0,1,1,0,6.016,0.0,0,0,1,0,13.341,0.0,0,32.16,0,0,0,1,0,1,1,0,0,1,0,12192.0,2,1,1,1,0,0,1,3,6.9,268.3,0,0,0,0,0,1
428300,64.795,-0.5,0,1,1,0,6.016,0.0,0,0,1,0,13.341,0.0,0,32.03,0,0,0,1,0,1,1,0,0,1,0,12192.0,2,1,1,1,0,0,1,3,6.8,271.6,0,0,0,0,0,1
428400,64.746,-0.484,0,1,1,0,6.016,0.0,0,0,1,0,13.341,0.0,0,31.96,0,0,0,1,0,1,1,0,0,1,0,12192.0,2,1,1,1,0,0,1,3,7.0,268.7,0,0,0,0,0,1
428500,64.699,-0.469,0,1,1,0,6.016,0.0,0,0,1,0,13.341,0.0,0,32.25,0,0,0,1,0,1,1,0,0,1,0,12192.0,2,1,1,1,0,0,1,3,7.4,271.9,0,0,0,0,0,1
428600,64.654,-0.454,0,1,1,0,6.016,0.0,0,0,1,0,13.341,0.0,0,32.0,0,0,0,1,0,1,1,0,0,1,0,12192.0,2,1,1,1,0,0,1,3,6.6,266.0,0,0,0,0,0,1
428700,64.61,-0.439,0,1,1,0,6.016,0.0,0,0,1,0,13.341,0.0,0,32.01,0,0,0,1,0,1,1,0,0,1,0,12192.0,2,1,1,1,0,0,1,3,7.5,267.6,0,0,0,0,0,1
428800,64.568,-0.424,0,1,1,0,6.016,0.0,0,0,1,0,13.341,0.0,0,32.03,0,0,0,1,0,1,1,0,0,1,0,12192.0,2,1,1,1,0,0,1,3,7.7,267.7,0,0,0,0,0,1
428900,64.527,-0.409,0,1,1,0,6.016,0.0,0,0,1,0,13.341,0.0,0,32.12,0,0,0,1,0,1,1,0,0,1,0,12192.0,2,1,1,1,0,0,1,3,7.0,270.1,0,0,0,0,0,1
429000,64.487,-0.394,0,1,1,0,6.016,0.0,0,0,1,0,13.341,0.0,0,31.95,0,0,0,1,0,1,1,0,0,1,0,12192.0,2,1,1,1,0,0,1,3,7.6,274.9,0,0,0,0,0,1
429100,64.449,-0.379,0,1,1,0,6.016,0.0,0,0,1,0,13.341,0.0,0,31.87,0,0,0,1,0,1,1,0,0,1,0,12192.0,2,1,1,1,0,0,1,3,7.0,269.8,0,0,0,0,0,1
429200,64.413,-0.364,0,1,1,0,6.016,0.0,0,0,1,0,13.341,0.0,0,32.34,0,0,0,1,0,1,1,0,0,1,0,12192.0,2,1,1,1,0,0,1,3,7.1,271.0,0,0,0,0,0,1
429300,64.378,-0.349,0,1,1,0,6.016,0.0,0,0,1,0,13.341,0.0,0,32.1,0,0,0,1,0,1,1,0,0,1,0,12192.0,2,1,1,1,0,0,1,3,7.9,267.6,0,0,0,0,0,1
429400,64.345,-0.334,0,1,1,0,6.016,0.0,0,0,1,0,13.341,0.0,0,32.14,0,0,0,1,0,1,1,0,0,1,0,12192.0,2,1,1,1,0,0,1,3,7.2,274.3,0,0,0,0,0,1
429500,64.313,-0.319,0,1,1,0,6.016,0.0,0,0,1,0,13.341,0.0,0,31.9,0,0,0,1,0,1,1,0,0,1,0,12192.0,2,1,1,1,0,0,1,3,6.8,270.2,0,0,0,0,0,1
429600,64.283,-0.303,0,1,1,0,6.016,0.0,0,0,1,0,13.341,0.0,0,32.04,0,0,0,1,0,1,1,0,0,1,0,12192.0,2,1,1,1,0,0,1,3,6.7,269.4,0,0,0,0,0,1
429700,64.254,-0.288,0,1,1,0,6.016,0.0,0,0,1,0,13.341,0.0,0,32.03,0,0,0,1,0,1,1,0,0,1,0,12192.0,2,1,1,1,0,0,1,3,8.0,271.4,0,0,0,0,0,1
429800,64.226,-0.273,0,1,1,0,6.016,0.0,0,0,1,0,13.341,0.0,0,31.97,0,0,0,1,0,1,1,0,0,1,0,12192.0,2,1,1,1,0,0,1,3,7.3,270.8,0,0,0,0,0,1
429900,64.201,-0.258,0,1,1,0,6.016,0.0,0,0,1,0,13.341,0.0,0,31.97,0,0,0,1,0,1,1,0,0,1,0,12192.0,2,1,1,1,0,0,1,3,7.4,266.8,0,0,0,0,0,1
430000,64.175,-0.259,0,1,1,0,6.016,0.0,0,0,1,0,13.341,0.0,0,31.92,0,0,0,1,0,1,1,0,0,1,0,12192.0,2,1,1,1,0,0,1,3,8.0,271.9,0,0,0,0,0,1
430100,64.15,-0.243,0,1,1,0,6.016,0.0,0,0,1,0,13.341,0.0,0,31.97,0,0,0,1,0,1,1,0,0,1,0,12192.0,2,1,1,1,0,0,1,3,6.6,270.1,0,0,0,0,0,1
430200,64.128,-0.227,0,1,1,0,6.016,0.0,0,0,1,0,13.341,0.0,0,32.11,0,0,0,1,0,1,1,0,0,1,0,12192.0,2,1,1,1,0,0,1,3,8.4,268.4,0,0,0,0,0,1
430300,64.107,-0.212,0,1,1,0,6.016,0.0,0,0,1,0,13.341,0.0,0,31.91,0,0,0,1,0,1,1,0,0,1,0,12192.0,2,1,1,1,0,0,1,3,7.9,271.4,0,0,0,0,0,1
430400,64.087,-0.196,0,1,1,0,6.016,0.0,0,0,1,0,13.341,0.0,0,31.95,0,0,0,1,0,1,1,0,0,1,0,12192.0,2,1,1,1,0,0,1,3,7.3,267.5,0,0,0,0,0,1
430500,64.069,-0.18,0,1,1,0,6.016,0.0,0,0,1,0,13.341,0.0,0,32.03,0,0,0,1,0,1,1,0,0,1,0,12192.0,2,1,1,1,0,0,1,3,8.4,275.4,0,0,0,0,0,1
430600,64.052,-0.165,0,1,1,0,6.016,0.0,0,0,1,0,13.341,0.0,0,31.92,0,0,0,1,0,1,1,0,0,1,0,12192.0,2,1,1,1,0,0,1,3,8.0,271.9,0,0,0,0,0,1
430700,64.038,-0.149,0,1,1,0,6.016,0.0,0,0,1,0,13.341,0.0,0,31.86,0,0,0,1,0,1,1,0,0,1,0,12192.0,2,1,1,1,0,0,1,3,8.0,267.3,0,0,0,0,0,1
430800,64.024,-0.133,0,1,1,0,6.016,0.0,0,0,1,0,13.341,0.0,0,32.26,0,0,0,1,0,1,1,0,0,1,0,12192.0,2,1,1,1,0,0,1,3,8.1,271.4,0,0,0,0,0,1
430900,64.013,-0.117,0,1,1,0,6.016,0.0,0,0,1,0,13.341,0.0,0,31.99,0,0,0,1,0,1,1,0,0,1,0,12192.0,2,1,1,1,0,0,1,3,8.1,267.4,0,0,0,0,0,1
431000,64.002,-0.101,0,1,1,0,6.016,0.0,0,0,1,0,13.341,0.0,0,31.96,0,0,0,1,0,1,1,0,0,1,0,12192.0,2,1,1,1,0,0,1,3,7.3,267.4,0,0,0,0,0,1
431100,63.994,-0.084,0,1,1,0,6.016,0.0,0,0,1,0,13.341,0.0,0,31.98,0,0,0,1,0,1,1,0,0,1,0,12192.0,2,1,1,1,0,0,1,3,7.5,268.5,0,0,0,0,0,1
431200,63.987,-0.067,0,1,1,0,6.016,0.0,0,0,1,0,13.341,0.0,0,32.01,0,0,0,1,0,1,1,0,0,1,0,12192.0,2,1,1,1,0,0,1,3,7.6,269.2,0,0,0,0,0,1
431300,63.982,-0.05,0,1,1,0,6.016,0.0,0,0,1,0,13.341,0.0,0,31.9,0,0,0,1,0,1,1,0,0,1,0,12192.0,2,1,1,1,0,0,1,3,7.9,271.9,0,0,0,0,0,1
431400,63.979,-0.032,0,1,1,0,6.016,0.0,0,0,1,0,13.341,0.0,0,31.79,0,0,0,1,0,1,1,0,0,1,0,12192.0,2,1,1,1,0,0,1,3,8.9,271.5,0,0,0,0,0,1
431500,63.978,0.0,0,0,1,0,6.016,0.0,0,0,1,0,13.336,-0.051,0,30.44,0,0,1,1,0,1,1,0,0,1,0,12192.0,2,1,1,1,0,0,1,3,8.8,269.1,0,0,0,0,0,1
431600,63.978,0.0,0,0,1,0,6.016,0.0,0,0,1,0,13.325,-0.102,0,30.54,0,0,1,1,0,1,1,0,0,1,0,12192.0,2,1,1,1,0,0,1,3,8.0,271.4,0,0,0,0,0,1
431700,63.978,0.0,0,0,1,0,6.016,0.0,0,0,1,0,13.31,-0.152,0,30.19,0,0,1,1,0,1,1,0,0,1,0,12192.0,2,1,1,1,0,0,1,3,8.1,271.6,0,0,0,0,0,1
431800,63.978,0.0,0,0,1,0,6.016,0.0,0,0,1,0,13.29,-0.203,0,30.58,0,0,1,1,0,1,1,0,0,1,0,12192.0,2,1,1,1,0,0,1,3,9.0,267.7,0,0,0,0,0,1
431900,63.978,0.0,0,0,1,0,6.016,0.0,0,0,1,0,13.264,-0.254,0,30.22,0,0,1,1,0,1,1,0,0,1,0,12192.0,2,1,1,1,0,0,1,3,8.1,273.6,0,0,0,0,0,1
432000,63.978,0.0,0,0,1,0,6.016,0.0,0,0,1,0,13.234,-0.305,0,30.34,0,0,1,1,0,1,1,0,0,1,0,12192.0,2,1,1,1,0,0,1,3,9.3,267.8,0,0,0,0,0,1
432100,63.978,0.0,0,0,1,0,6.016,0.0,0,0,1,0,13.198,-0.356,0,30.33,0,0,1,1,0,1,1,0,0,1,0,12192.0,2,1,1,1,0,0,1,3,8.0,271.6,0,0,0,0,0,1
432200,63.978,0.0,0,0,1,0,6.016,0.0,0,0,1,0,13.158,-0.407,0,30.36,0,0,1,1,0,1,1,0,0,1,0,12192.0,2,1,1,1,0,0,1,3,8.0,270.0,0,0,0,0,0,1
432300,63.978,0.0,0,0,1,0,6.016,0.0,0,0,1,0,13.112,-0.457,0,30.52,0,0,1,1,0,1,1,0,0,1,0,12192.0,2,1,1,1,0,0,1,3,9.2,267.0,0,0,0,0,0,1
432400,63.978,0.0,0,0,1,0,6.016,0.0,0,0,1,0,13.061,-0.508,0,30.34,0,0,1,1,0,1,1,0,0,1,0,12192.0,2,1,1,1,0,0,1,3,8.3,264.3,0,0,0,0,0,1
432500,63.978,0.0,0,0,1,0,6.016,0.0,0,0,1,0,13.005,-0.559,0,30.34,0,0,1,1,0,1,1,0,0,1,0,12192.0,2,1,1,1,0,0,1,3,8.9,271.0,0,0,0,0,0,1
432600,63.978,0.0,0,0,1,0,6.016,0.0,0,0,1,0,12.944,-0.61,0,30.29,0,0,1,1,0,1,1,0,0,1,0,12192.0,2,1,1,1,0,0,1,3,7.6,272.2,0,0,0,0,0,1
432700,63.978,0.0,0,0,1,0,6.016,0.0,0,0,1,0,12.878,-0.661,0,30.38,0,0,1,1,0,1,1,0,0,1,0,12192.0,2,1,1,1,0,0,1,3,8.4,269.3,0,0,0,0,0,1
432800,63.978,0.0,0,0,1,0,6.016,0.0,0,0,1,0,12.807,-0.711,0,30.33,0,0,1,1,0,1,1,0,0,1,0,12192.0,2,1,1,1,0,0,1,3,8.7,271.8,0,0,0,0,0,1
432900,63.978,0.0,0,0,1,0,6.016,0.0,0,0,1,0,12.731,-0.762,0,30.47,0,0,1,1,0,1,1,0,0,1,0,12192.0,2,1,1,1,0,0,1,3,8.7,267.5,0,0,0,0,0,1
433000,63.978,0.0,0,0,1,0,6.016,0.0,0,0,1,0,12.65,-0.813,0,30.13,0,0,1,1,0,1,1,0,0,1,0,12192.0,2,1,1,1,0,0,1,3,8.6,272.6,0,0,0,0,0,1
433100,63.978,0.0,0,0,1,0,6.016,0.0,0,0,1,0,12.563,-0.864,0,30.28,0,0,1,1,0,1,1,0,0,1,0,12192.0,2,1,1,1,0,0,1,3,8.6,266.3,0,0,0,0,0,1
433200,63.978,0.0,0,0,1,0,6.016,0.0,0,0,1,0,12.472,-0.915,0,30.5,0,0,1,1,0,1,1,0,0,1,0,12192.0,2,1,1,1,0,0,1,3,9.0,266.6,0,0,0,0,0,1
433300,63.978,0.0,0,0,1,0,6.016,0.0,0,0,1,0,12.375,-0.965,0,30.3,0,0,1,1,0,1,1,0,0,1,0,12192.0,2,1,1,1,0,0,1,3,8.3,272.0,0,0,0,0,0,1
433400,63.978,0.0,0,0,1,0,6.016,0.0,0,0,1,0,12.274,-1.016,0,30.53,0,0,1,1,0,1,1,0,0,1,0,12192.0,2,1,1,1,0,0,1,3,8.5,268.6,0,0,0,0,0,1
433500,63.978,0.0,0,0,1,0,6.016,0.0,0,0,1,0,12.167,-1.067,0,30.35,0,0,1,1,0,1,1,0,0,1,0,12192.0,2,1,1,1,0,0,1,3,8.5,266.3,0,0,0,0,0,1
433600,63.978,0.0,0,0,1,0,6.016,0.0,0,0,1,0,12.055,-1.118,0,30.08,0,0,1,1,0,1,1,0,0,1,0,12192.0,2,1,1,1,0,0,1,3,8.8,270.3,0,0,0,0,0,1
433700,63.978,0.0,0,0,1,0,6.016,0.0,0,0,1,0,11.938,-1.169,0,30.38,0,0,1,1,0,1,1,0,0,1,0,12192.0,2,1,1,1,0,0,1,3,8.4,270.4,0,0,0,0,0,1
433800,63.978,0.0,0,0,1,0,6.016,0.0,0,0,1,0,11.816,-1.22,0,30.47,0,0,1,1,0,1,1,0,0,1,0,12192.0,2,1,1,1,0,0,1,3,8.3,270.8,0,0,0,0,0,1
433900,63.978,0.0,0,0,1,0,6.016,0.0,0,0,1,0,11.69,-1.261,0,30.38,0,0,1,1,0,1,1,0,0,1,0,12192.0,2,1,1,1,0,0,1,3,9.1,264.7,0,0,0,0,0,1
434000,63.978,0.0,0,0,1,0,6.016,0.0,0,0,1,0,11.564,-1.261,0,30.31,0,0,1,1,0,1,1,0,0,1,0,12192.0,2,1,1,1,0,0,1,3,9.1,265.8,0,0,0,0,0,1
434100,63.978,0.0,0,0,1,0,6.016,0.0,0,0,1,0,11.438,-1.261,0,30.38,0,0,1,1,0,1,1,0,0,1,0,12192.0,2,1,1,1,0,0,1,3,8.2,274.9,0,0,0,0,0,1
434200,63.978,0.0,0,0,1,0,6.016,0.0,0,0,1,0,11.312,-1.261,0,30.22,0,0,1,1,0,1,1,0,0,1,0,12192.0,2,1,1,1,0,0,1,3,8.6,268.8,0,0,0,0,0,1
434300,63.978,0.0,0,0,1,0,6.016,0.0,0,0,1,0,11.186,-1.261,0,30.16,0,0,1,1,0,1,1,0,0,1,0,12192.0,2,1,1,1,0,0,1,3,8.4,268.8,0,0,0,0,0,1
434400,63.978,0.0,0,0,1,0,6.016,0.0,0,0,1,0,11.059,-1.261,0,30.37,0,0,1,1,0,1,1,0,0,1,0,12192.0,2,1,1,1,0,0,1,3,8.1,269.6,0,0,0,0,0,1
434500,63.978,0.0,0,0,1,0,6.016,0.0,0,0,1,0,10.933,-1.261,0,30.48,0,0,1,1,0,1,1,0,0,1,0,12192.0,2,1,1,1,0,0,1,3,8.8,273.5,0,0,0,0,0,1
434600,63.978,0.0,0,0,1,0,6.016,0.0,0,0,1,0,10.807,-1.261,0,29.99,0,0,1,1,0,1,1,0,0,1,0,12192.0,2,1,1,1,0,0,1,3,8.9,268.1,0,0,0,0,0,1
434700,63.978,0.0,0,0,1,0,6.016,0.0,0,0,1,0,10.681,-1.261,0,30.34,0,0,1,1,0,1,1,0,0,1,0,12192.0,2,1,1,1,0,0,1,3,8.0,267.6,0,0,0,0,0,1
434800,63.978,0.0,0,0,1,0,6.016,0.0,0,0,1,0,10.555,-1.261,0,30.27,0,0,1,1,0,1,1,0,0,1,0,12192.0,2,1,1,1,0,0,1,3,7.5,268.1,0,0,0,0,0,1
434900,63.978,0.0,0,0,1,0,6.016,0.0,0,0,1,0,10.429,-1.261,0,30.14,0,0,1,1,0,1,1,0,0,1,0,12192.0,2,1,1,1,0,0,1,3,7.8,270.6,0,0,0,0,0,1
435000,63.978,0.0,0,0,1,0,6.016,0.0,0,0,1,0,10.303,-1.261,0,30.23,0,0,1,1,0,1,1,0,0,1,0,12192.0,2,1,1,1,0,0,1,3,7.9,266.1,0,0,0,0,0,1
435100,63.978,0.0,0,0,1,0,6.016,0.0,0,0,1,0,10.177,-1.261,0,30.32,0,0,1,1,0,1,1,0,0,1,0,12192.0,2,1,1,1,0,0,1,3,8.2,271.5,0,0,0,0,0,1
435200,63.978,0.0,0,0,1,0,6.016,0.0,0,0,1,0,10.05,-1.261,0,30.29,0,0,1,1,0,1,1,0,0,1,0,12192.0,2,1,1,1,0,0,1,3,8.5,272.8,0,0,0,0,0,1
435300,63.978,0.0,0,0,1,0,6.016,0.0,0,0,1,0,9.924,-1.261,0,30.4,0,0,1,1,0,1,1,0,0,1,0,12192.0,2,1,1,1,0,0,1,3,8.5,270.1,0,0,0,0,0,1
435400,63.978,0.0,0,0,1,0,6.016,0.0,0,0,1,0,9.798,-1.261,0,30.42,0,0,1,1,0,1,1,0,0,1,0,12192.0,2,1,1,1,0,0,1,3,7.8,269.7,0,0,0,0,0,1
435500,63.978,0.0,0,0,1,0,6.016,0.0,0,0,1,0,9.672,-1.261,0,30.38,0,0,1,1,0,1,1,0,0,1,0,12192.0,2,1,1,1,0,0,1,3,8.3,271.0,0,0,0,0,0,1
435600,63.978,0.0,0,0,1,0,6.016,0.0,0,0,1,0,9.546,-1.261,0,30.48,0,0,1,1,0,1,1,0,0,1,0,12192.0,2,1,1,1,0,0,1,3,8.2,272.1,0,0,0,0,0,1
435700,63.978,0.0,0,0,1,0,6.016,0.0,0,0,1,0,9.42,-1.261,0,30.39,0,0,1,1,0,1,1,0,0,1,0,12192.0,2,1,1,1,0,0,1,3,8.1,273.9,0,0,0,0,0,1
435800,63.978,0.0,0,0,1,0,6.016,0.0,0,0,1,0,9.294,-1.261,0,30.28,0,0,1,1,0,1,1,0,0,1,0,12192.0,2,1,1,1,0,0,1,3,7.4,271.5,0,0,0,0,0,1
435900,63.978,0.0,0,0,1,0,6.016,0.0,0,0,1,0,9.168,-1.261,0,30.35,0,0,1,1,0,1,1,0,0,1,0,12192.0,2,1,1,1,0,0,1,3,7.9,271.8,0,0,0,0,0,1
436000,63.978,0.0,0,0,1,0,6.016,0.0,0,0,1,0,9.042,-1.261,0,30.3,0,0,1,1,0,1,1,0,0,1,0,12192.0,2,1,1,1,0,0,1,3,7.7,269.6,0,0,0,0,0,1
436100,63.978,0.0,0,0,1,0,6.016,0.0,0,0,1,0,8.915,-1.261,0,30.58,0,0,1,1,0,1,1,0,0,1,0,12192.0,2,1,1,1,0,0,1,3,7.9,269.4,0,0,0,0,0,1
436200,63.978,0.0,0,0,1,0,6.016,0.0,0,0,1,0,8.789,-1.261,0,30.45,0,0,1,1,0,1,1,0,0,1,0,12192.0,2,1,1,1,0,0,1,3,8.5,271.6,0,0,0,0,0,1
436300,63.978,0.0,0,0,1,0,6.016,0.0,0,0,1,0,8.663,-1.261,0,30.22,0,0,1,1,0,1,1,0,0,1,0,12192.0,2,1,1,1,0,0,1,3,7.3,270.0,0,0,0,0,0,1
436400,63.978,0.0,0,0,1,0,6.016,0.0,0,0,1,0,8.537,-1.261,0,30.32,0,0,1,1,0,1,1,0,0,1,0,12192.0,2,1,1,1,0,0,1,3,8.0,268.5,0,0,0,0,0,1
436500,63.978,0.0,0,0,1,0,6.016,0.0,0,0,1,0,8.411,-1.261,0,30.27,0,0,1,1,0,1,1,0,0,1,0,12192.0,2,1,1,1,0,0,1,3,7.6,270.0,0,0,0,0,0,1
436600,63.978,0.0,0,0,1,0,6.016,0.0,0,0,1,0,8.285,-1.261,0,30.38,0,0,1,1,0,1,1,0,0,1,0,12192.0,2,1,1,1,0,0,1,3,8.5,268.6,0,0,0,0,0,1
436700,63.978,0.0,0,0,1,0,6.016,0.0,0,0,1,0,8.159,-1.261,0,30.42,0,0,1,1,0,1,1,0,0,1,0,12192.0,2,1,1,1,0,0,1,3,7.5,271.5,0,0,0,0,0,1
436800,63.978,0.0,0,0,1,0,6.016,0.0,0,0,1,0,8.033,-1.261,0,30.15,0,0,1,1,0,1,1,0,0,1,0,12192.0,2,1,1,1,0,0,1,3,7.5,270.0,0,0,0,0,0,1
436900,63.978,0.0,0,0,1,0,6.016,0.0,0,0,1,0,7.906,-1.261,0,30.22,0,0,1,1,0,1,1,0,0,1,0,12192.0,2,1,1,1,0,0,1,3,7.3,274.0,0,0,0,0,0,1
437000,63.978,0.0,0,0,1,0,6.016,0.0,0,0,1,0,7.78,-1.261,0,30.33,0,0,1,1,0,1,1,0,0,1,0,12192.0,2,1,1,1,0,0,1,3,7.6,270.1,0,0,0,0,0,1
437100,63.978,0.0,0,0,1,0,6.016,0.0,0,0,1,0,7.654,-1.261,0,30.47,0,0,1,1,0,1,1,0,0,1,0,12192.0,2,1,1,1,0,0,1,3,7.4,270.4,0,0,0,0,0,1
437200,63.978,0.0,0,0,1,0,6.016,0.0,0,0,1,0,7.528,-1.261,0,30.44,0,0,1,1,0,1,1,0,0,1,0,12192.0,2,1,1,1,0,0,1,3,8.1,267.1,0,0,0,0,0,1
437300,63.978,0.0,0,0,1,0,6.016,0.0,0,0,1,0,7.402,-1.261,0,30.34,0,0,1,1,0,1,1,0,0,1,0,12192.0,2,1,1,1,0,0,1,3,7.9,272.4,0,0,0,0,0,1
437400,63.978,0.0,0,0,1,0,6.016,0.0,0,0,1,0,7.276,-1.261,0,30.41,0,0,1,1,0,1,1,0,0,1,0,12192.0,2,1,1,1,0,0,1,3,7.4,272.4,0,0,0,0,0,1
437500,63.978,0.0,0,0,1,0,6.016,0.0,0,0,1,0,7.15,-1.261,0,30.22,0,0,1,1,0,1,1,0,0,1,0,12192.0,2,1,1,1,0,0,1,3,7.0,269.1,0,0,0,0,0,1
437600,63.978,0.0,0,0,1,0,6.016,0.0,0,0,1,0,7.024,-1.261,0,30.41,0,0,1,1,0,1,1,0,0,1,0,12192.0,2,1,1,1,0,0,1,3,7.2,269.2,0,0,0,0,0,1
437700,63.978,0.0,0,0,1,0,6.016,0.0,0,0,1,0,6.897,-1.261,0,30.24,0,0,1,1,0,1,1,0,0,1,0,12192.0,2,1,1,1,0,0,1,3,6.9,266.5,0,0,0,0,0,1
437800,63.978,0.0,0,0,1,0,6.016,0.0,0,0,1,0,6.776,-1.21,0,33.57,0,0,1,1,0,1,1,0,0,1,0,12192.0,2,1,1,1,0,0,1,3,7.4,268.6,0,0,0,0,0,1
437900,63.978,0.0,0,0,1,0,6.016,0.0,0,0,1,0,6.66,-1.16,0,33.46,0,0,1,1,0,1,1,0,0,1,0,12192.0,2,1,1,1,0,0,1,3,7.4,272.2,0,0,0,0,0,1
438000,63.978,0.0,0,0,1,0,6.016,0.0,0,0,1,0,6.55,-1.109,0,33.46,0,0,1,1,0,1,1,0,0,1,0,12192.0,2,1,1,1,0,0,1,3,8.1,268.4,0,0,0,0,0,1
438100,63.978,0.0,0,0,1,0,6.016,0.0,0,0,1,0,6.444,-1.058,0,33.53,0,0,1,1,0,1,1,0,0,1,0,12192.0,2,1,1,1,0,0,1,3,6.4,265.7,0,0,0,0,0,1
438200,63.978,0.0,0,0,1,0,6.016,0.0,0,0,1,0,6.343,-1.007,0,33.71,0,0,1,1,0,1,1,0,0,1,0,12192.0,2,1,1,1,0,0,1,3,7.4,274.0,0,0,0,0,0,1
438300,63.978,0.0,0,0,1,0,6.016,0.0,0,0,1,0,6.247,-0.956,0,33.68,0,0,1,1,0,1,1,0,0,1,0,12192.0,2,1,1,1,0,0,1,3,6.8,270.9,0,0,0,0,0,1
438400,63.978,0.0,0,0,1,0,6.016,0.0,0,0,1,0,6.157,-0.906,0,33.71,0,0,1,1,0,1,1,0,0,1,0,12192.0,2,1,1,1,0,0,1,3,7.7,271.7,0,0,0,0,0,1
438500,63.978,0.0,0,0,1,0,6.016,0.0,0,0,1,0,6.071,-0.855,0,33.84,0,0,1,1,0,1,1,0,0,1,0,12192.0,2,1,1,1,0,0,1,3,7.8,270.9,0,0,0,0,0,1
438600,63.978,0.0,0,0,1,0,6.016,0.0,0,0,1,0,5.986,-0.856,0,30.3,0,0,1,1,0,1,1,0,0,1,0,12192.0,2,1,1,1,0,0,1,3,7.3,271.5,0,0,0,0,0,1
438700,63.978,0.0,0,0,1,0,6.016,0.0,0,0,1,0,5.906,-0.803,0,33.76,0,0,1,1,0,1,1,0,0,1,0,12192.0,2,1,1,1,0,0,1,3,7.6,269.4,0,0,0,0,0,1
438800,63.978,0.0,0,0,1,0,6.016,0.0,0,0,1,0,5.83,-0.751,0,33.71,0,0,1,1,0,1,1,0,0,1,0,12192.0,2,1,1,1,0,0,1,3,7.3,270.0,0,0,0,0,0,1
438900,63.978,0.0,0,0,1,0,6.016,0.0,0,0,1,0,5.761,-0.698,0,33.8,0,0,1,1,0,1,1,0,0,1,0,12192.0,2,1,1,1,0,0,1,3,7.9,268.2,0,0,0,0,0,1
439000,63.978,0.0,0,0,1,0,6.016,0.0,0,0,1,0,5.696,-0.645,0,33.78,0,0,1,1,0,1,1,0,0,1,0,12192.0,2,1,1,1,0,0,1,3,7.9,267.7,0,0,0,0,0,1
439100,63.978,0.0,0,0,1,0,6.016,0.0,0,0,1,0,5.637,-0.592,0,33.87,0,0,1,1,0,1,1,0,0,1,0,12192.0,2,1,1,1,0,0,1,3,7.7,270.7,0,0,0,0,0,1
439200,63.978,0.0,0,0,1,0,6.016,0.0,0,0,1,0,5.583,-0.539,0,33.7,0,0,1,1,0,1,1,0,0,1,0,12192.0,2,1,1,1,0,0,1,3,7.6,266.8,0,0,0,0,0,1
439300,63.978,0.0,0,0,1,0,6.016,0.0,0,0,1,0,5.534,-0.486,0,33.89,0,0,1,1,0,1,1,0,0,1,0,12192.0,2,1,1,1,0,0,1,3,7.9,269.3,0,0,0,0,0,1
439400,63.978,0.0,0,0,1,0,6.016,0.0,0,0,1,0,5.491,-0.432,0,33.68,0,0,1,1,0,1,1,0,0,1,0,12192.0,2,1,1,1,0,0,1,3,8.1,268.1,0,0,0,0,0,1
439500,63.978,0.0,0,0,1,0,6.016,0.0,0,0,1,0,5.453,-0.378,0,33.93,0,0,1,1,0,1,1,0,0,1,0,12192.0,2,1,1,1,0,0,1,3,7.7,269.2,0,0,0,0,0,1
439600,63.978,0.0,0,0,1,0,6.016,0.0,0,0,1,0,5.421,-0.323,0,33.9,0,0,1,1,0,1,1,0,0,1,0,12192.0,2,1,1,1,0,0,1,3,7.7,271.4,0,0,0,0,0,1
439700,63.978,0.0,0,0,1,0,6.016,0.0,0,0,1,0,5.394,-0.267,0,33.87,0,0,1,1,0,1,1,0,0,1,0,12192.0,2,1,1,1,0,0,1,3,8.1,271.2,0,0,0,0,0,1
439800,63.978,0.0,0,0,1,0,6.016,0.0,0,0,1,0,5.373,-0.21,0,33.68,0,0,1,1,0,1,1,0,0,1,0,12192.0,2,1,1,1,0,0,1,3,7.5,270.6,0,0,0,0,0,1
439900,63.978,0.0,0,0,1,0,6.016,0.0,0,0,1,0,5.358,-0.151,0,33.67,0,0,1,1,0,1,1,0,0,1,0,12192.0,2,1,1,1,0,0,1,3,8.1,268.7,0,0,0,0,0,1
440000,63.978,0.0,0,0,1,0,6.016,0.0,0,0,1,0,5.35,-0.087,0,33.69,0,0,1,1,0,1,1,0,0,1,0,12192.0,2,1,1,1,0,0,1,3,8.4,270.3,0,0,0,0,0,1
440100,63.978,0.0,0,0,0,0,6.016,0.0,0,0,0,0,5.346,0.0,0,31.93,0,0,0,0,0,1,1,0,0,1,0,12192.0,2,1,1,0,1,0,1,3,7.9,272.6,0,0,0,0,0,1
440200,63.978,0.0,0,0,0,0,6.016,0.0,0,0,0,0,5.346,0.0,0,32.1,0,0,0,0,0,1,1,0,1,1,0,12192.0,2,1,1,0,1,0,1,3,8.1,272.4,0,0,0,0,0,1
440300,63.978,0.0,0,0,0,0,6.016,0.0,0,0,0,0,5.346,0.0,0,31.87,0,0,0,0,0,1,1,0,1,1,0,12192.0,2,1,1,0,1,0,1,3,9.6,268.9,0,0,0,0,0,1
440400,63.978,0.0,0,0,0,0,6.016,0.0,0,0,0,0,5.346,0.0,0,32.23,0,0,0,0,0,1,1,0,1,1,0,12192.0,2,1,1,0,1,0,1,3,8.2,275.9,0,0,0,0,0,1
440500,63.978,0.0,0,0,0,0,6.016,0.0,0,0,0,0,5.346,0.0,0,32.0,0,0,0,0,0,1,1,0,1,1,0,12192.0,2,1,1,0,1,0,1,3,8.3,269.2,0,0,0,0,0,1
440600,63.978,0.0,0,0,0,0,6.016,0.0,0,0,0,0,5.346,0.0,0,31.97,0,0,0,0,0,1,1,0,1,1,0,12192.0,2,1,1,0,1,0,1,3,8.4,269.3,0,0,0,0,0,1
440700,63.978,0.0,0,0,0,0,6.016,0.0,0,0,0,0,5.346,0.0,0,31.87,0,0,0,0,0,1,1,0,1,1,0,12192.0,2,1,1,0,1,0,1,3,8.0,268.9,0,0,0,0,0,1
440800,63.978,0.0,0,0,0,0,6.016,0.0,0,0,0,0,5.346,0.0,0,32.01,0,0,0,0,0,1,1,0,1,1,0,12192.0,2,1,1,0,1,0,1,3,8.4,271.1,0,0,0,0,0,1
440900,63.978,0.0,0,0,0,0,6.016,0.0,0,0,0,0,5.346,0.0,0,32.04,0,0,0,0,0,1,1,0,1,1,0,12192.0,2,1,1,0,1,0,1,3,7.9,275.7,0,0,0,0,0,1
441000,63.978,0.0,0,0,0,0,6.016,0.0,0,0,0,0,5.346,0.0,0,32.03,0,0,0,0,0,1,1,0,1,1,0,12192.0,2,1,1,0,1,0,1,3,8.2,270.8,0,0,0,0,0,1
441100,63.978,0.0,0,0,0,0,6.016,0.0,0,0,0,0,5.346,0.0,0,31.97,0,0,0,0,0,1,1,0,1,1,0,12192.0,2,1,1,0,1,0,1,3,8.6,272.8,0,0,0,0,0,1
441200,63.978,0.0,0,0,0,0,6.016,0.0,0,0,0,0,5.346,0.0,0,0.0,0,0,0,0,0,1,0,1,1,1,0,12192.0,2,1,1,0,1,0,1,3,7.9,266.7,0,0,0,0,0,1
441300,63.978,0.0,0,0,0,0,6.016,0.0,0,0,0,0,5.346,0.0,0,0.0,0,0,0,0,0,1,0,1,1,1,0,12192.0,2,1,1,0,1,0,1,3,8.5,267.8,0,0,0,0,0,1
441400,63.978,0.0,0,0,0,0,6.016,0.0,0,0,0,0,5.346,0.0,0,0.0,0,0,0,0,0,1,0,1,1,1,0,12192.0,2,1,1,0,1,0,1,3,8.4,267.1,0,0,0,0,0,1
441500,63.978,0.0,0,0,0,0,6.016,0.0,0,0,0,0,5.346,0.0,0,0.0,0,0,0,0,0,1,0,1,1,1,0,12192.0,2,1,1,0,1,0,1,3,8.3,271.3,0,0,0,0,0,1
441600,63.978,0.0,0,0,0,0,6.016,0.0,0,0,0,0,5.346,0.0,0,0.0,0,0,0,0,0,1,0,1,1,1,0,12192.0,2,1,1,0,1,0,1,3,8.2,269.5,0,0,0,0,0,1
441700,63.978,0.0,0,0,0,0,6.016,0.0,0,0,0,0,5.346,0.0,0,0.0,0,0,0,0,0,1,0,1,1,1,0,12192.0,2,1,1,0,1,0,1,3,8.4,267.5,0,0,0,0,0,1
441800,63.978,0.0,0,0,0,0,6.016,0.0,0,0,0,0,5.346,0.0,0,0.0,0,0,0,0,0,1,0,1,1,1,0,12192.0,2,1,1,0,1,0,1,3,9.0,270.6,0,0,0,0,0,1
441900,63.978,0.0,0,0,0,0,6.016,0.0,0,0,0,0,5.346,0.0,0,0.0,0,0,0,0,0,1,0,1,1,1,0,12192.0,2,1,1,0,1,0,1,3,9.6,270.7,0,0,0,0,0,1
442000,63.978,0.0,0,0,0,0,6.016,0.0,0,0,0,0,5.346,0.0,0,0.0,0,0,0,0,0,1,0,1,1,1,0,12192.0,2,1,1,0,1,0,1,3,9.2,264.1,0,0,0,0,0,1
442100,63.978,0.0,0,0,0,0,6.016,0.0,0,0,0,0,5.346,0.0,0,0.0,0,0,0,0,0,1,0,1,1,1,0,12192.0,2,1,1,0,1,0,1,3,8.8,267.2,0,0,0,0,0,1
442200,63.978,0.0,0,0,0,0,6.016,0.0,0,0,0,0,5.346,0.0,0,0.0,0,0,0,0,0,1,0,1,1,1,0,12192.0,2,1,1,0,1,0,1,3,8.4,265.9,0,0,0,0,0,1
442300,63.978,0.0,0,0,0,0,6.016,0.0,0,0,0,0,5.346,0.0,0,0.0,0,0,0,0,0,1,0,1,1,1,0,12192.0,2,1,1,0,1,0,1,3,8.5,272.4,0,0,0,0,0,1
442400,63.978,0.0,0,0,0,0,6.016,0.0,0,0,0,0,5.346,0.0,0,0.0,0,0,0,0,0,1,0,1,1,1,0,12192.0,2,1,1,0,1,0,1,3,8.4,273.3,0,0,0,0,0,1
442500,63.978,0.0,0,0,0,0,6.016,0.0,0,0,0,0,5.346,0.0,0,0.0,0,0,0,0,0,1,0,1,1,1,0,12192.0,2,1,1,0,1,0,1,3,8.8,268.7,0,0,0,0,0,1
442600,63.978,0.0,0,0,0,0,6.016,0.0,0,0,0,0,5.346,0.0,0,0.0,0,0,0,0,0,1,0,1,1,1,0,12192.0,2,1,1,0,1,0,1,3,7.8,269.8,0,0,0,0,0,1
442700,63.978,0.0,0,0,0,0,6.016,0.0,0,0,0,0,5.346,0.0,0,0.0,0,0,0,0,0,1,0,1,1,1,0,12192.0,2,1,1,0,1,0,1,3,8.8,269.5,0,0,0,0,0,1
442800,63.978,0.0,0,0,0,0,6.016,0.0,0,0,0,0,5.346,0.0,0,0.0,0,0,0,0,0,1,0,1,1,1,0,12192.0,2,1,1,0,1,0,1,3,8.5,271.2,0,0,0,0,0,1
442900,63.978,0.0,0,0,1,0,6.016,0.0,0,0,1,0,5.351,0.051,1,0.0,0,0,1,1,0,1,0,1,0,0,0,12192.0,2,1,1,1,0,0,1,3,8.9,270.6,0,0,0,0,0,1
443000,63.978,0.0,0,0,1,0,6.016,0.0,0,0,1,0,5.361,0.102,1,0.0,0,0,1,1,0,1,0,1,0,0,0,12192.0,2,1,1,1,0,0,1,3,8.8,274.1,0,0,0,0,0,1
443100,63.978,0.0,0,0,1,0,6.016,0.0,0,0,1,0,5.377,0.152,1,0.0,0,0,1,1,0,1,0,1,0,0,0,12192.0,2,1,1,1,0,0,1,3,8.2,268.4,0,0,0,0,0,1
443200,63.978,0.0,0,0,1,0,6.016,0.0,0,0,1,0,5.397,0.203,1,0.0,0,0,1,1,0,1,0,1,0,0,0,12192.0,2,1,1,1,0,0,1,3,8.5,268.2,0,0,0,0,0,1
443300,63.978,0.0,0,0,1,0,6.016,0.0,0,0,1,0,5.422,0.254,1,0.0,0,0,1,1,0,1,0,1,0,0,0,12192.0,2,1,1,1,0,0,1,3,7.7,267.1,0,0,0,0,0,1
443400,63.978,0.0,0,0,1,0,6.016,0.0,0,0,1,0,5.453,0.305,1,0.0,0,0,1,1,0,1,0,1,0,0,0,12192.0,2,1,1,1,0,0,1,3,7.3,269.6,0,0,0,0,0,1
443500,63.978,0.0,0,0,1,0,6.016,0.0,0,0,1,0,5.488,0.356,1,0.0,0,0,1,1,0,1,0,1,0,0,0,12192.0,2,1,1,1,0,0,1,3,8.2,268.7,0,0,0,0,0,1
443600,63.978,0.0,0,0,1,0,6.016,0.0,0,0,1,0,5.529,0.407,1,0.0,0,0,1,1,0,1,0,1,0,0,0,12192.0,2,1,1,1,0,0,1,3,7.3,267.9,0,0,0,0,0,1
443700,63.978,0.0,0,0,1,0,6.016,0.0,0,0,1,0,5.575,0.457,1,0.0,0,0,1,1,0,1,0,1,0,0,0,12192.0,2,1,1,1,0,0,1,3,8.9,269.8,0,0,0,0,0,1
443800,63.978,0.0,0,0,1,0,6.016,0.0,0,0,1,0,5.626,0.508,1,0.0,0,0,1,1,0,1,0,1,0,0,0,12192.0,2,1,1,1,0,0,1,3,8.6,268.0,0,0,0,0,0,1
443900,63.978,0.0,0,0,1,0,6.016,0.0,0,0,1,0,5.681,0.559,1,0.0,0,0,1,1,0,1,0,1,0,0,0,12192.0,2,1,1,1,0,0,1,3,8.1,269.4,0,0,0,0,0,1
444000,63.978,0.0,0,0,1,0,6.016,0.0,0,0,1,0,5.742,0.61,1,0.0,0,0,1,1,0,1,0,1,0,0,0,12192.0,2,1,1,1,0,0,1,3,7.9,272.3,0,0,0,0,0,1
444100,63.978,0.0,0,0,1,0,6.016,0.0,0,0,1,0,5.809,0.661,1,0.0,0,0,1,1,0,1,0,1,0,0,0,12192.0,2,1,1,1,0,0,1,3,7.9,265.5,0,0,0,0,0,1
444200,63.978,0.0,0,0,1,0,6.016,0.0,0,0,1,0,5.88,0.711,1,0.0,0,0,1,1,0,1,0,1,0,0,0,12192.0,2,1,1,1,0,0,1,3,8.2,273.4,0,0,0,0,0,1
444300,63.978,0.0,0,0,1,0,6.016,0.0,0,0,1,0,5.956,0.762,1,0.0,0,0,1,1,0,1,0,1,0,0,0,12192.0,2,1,1,1,0,0,1,3,7.4,270.3,0,0,0,0,0,1
444400,63.978,0.0,0,0,1,0,6.016,0.0,0,0,1,0,6.037,0.813,1,0.0,0,0,1,1,0,1,0,1,0,0,0,12192.0,2,1,1,1,0,0,1,3,7.4,268.3,0,0,0,0,0,1
444500,63.978,0.0,0,0,1,0,6.016,0.0,0,0,1,0,6.124,0.864,1,0.0,0,0,1,1,0,1,0,1,0,0,0,12192.0,2,1,1,1,0,0,1,3,8.0,266.1,0,0,0,0,0,1
444600,63.978,0.0,0,0,1,0,6.016,0.0,0,0,1,0,6.215,0.915,1,0.0,0,0,1,1,0,1,0,1,0,0,0,12192.0,2,1,1,1,0,0,1,3,8.3,269.8,0,0,0,0,0,1
444700,63.978,0.0,0,0,1,0,6.016,0.0,0,0,1,0,6.312,0.965,1,0.0,0,0,1,1,0,1,0,1,0,0,0,12192.0,2,1,1,1,0,0,1,3,8.2,272.8,0,0,0,0,0,1
444800,63.978,0.0,0,0,1,0,6.016,0.0,0,0,1,0,6.413,1.016,1,0.0,0,0,1,1,0,1,0,1,0,0,0,12192.0,2,1,1,1,0,0,1,3,7.1,269.7,0,0,0,0,0,1
444900,63.978,0.0,0,0,1,0,6.016,0.0,0,0,1,0,6.52,1.067,1,0.0,0,0,1,1,0,1,0,1,0,0,0,12192.0,2,1,1,1,0,0,1,3,7.4,269.2,0,0,0,0,0,1
445000,63.978,0.0,0,0,1,0,6.016,0.0,0,0,1,0,6.632,1.118,1,0.0,0,0,1,1,0,1,0,1,0,0,0,12192.0,2,1,1,1,0,0,1,3,7.7,268.7,0,0,0,0,0,1
445100,63.978,0.0,0,0,1,0,6.016,0.0,0,0,1,0,6.749,1.169,1,0.0,0,0,1,1,0,1,0,1,0,0,0,12192.0,2,1,1,1,0,0,1,3,8.0,267.8,0,0,0,0,0,1
445200,63.978,0.0,0,0,1,0,6.016,0.0,0,0,1,0,6.871,1.22,1,0.0,0,0,1,1,0,1,0,1,0,0,0,12192.0,2,1,1,1,0,0,1,3,7.8,266.0,0,0,0,0,0,1
445300,63.978,0.0,0,0,1,0,6.016,0.0,0,0,1,0,6.997,1.261,1,0.0,0,0,1,1,0,1,0,1,0,0,0,12192.0,2,1,1,1,0,0,1,3,8.1,267.1,0,0,0,0,0,1
445400,63.978,0.0,0,0,1,0,6.016,0.0,0,0,1,0,7.123,1.261,1,0.0,0,0,1,1,0,1,0,1,0,0,0,12192.0,2,1,1,1,0,0,1,3,8.1,269.9,0,0,0,0,0,1
445500,63.978,0.0,0,0,1,0,6.016,0.0,0,0,1,0,7.249,1.261,1,0.0,0,0,1,1,0,1,0,1,0,0,0,12192.0,2,1,1,1,0,0,1,3,7.5,268.3,0,0,0,0,0,1
445600,63.978,0.0,0,0,1,0,6.016,0.0,0,0,1,0,7.375,1.261,1,0.0,0,0,1,1,0,1,0,1,0,0,0,12192.0,2,1,1,1,0,0,1,3,7.0,270.8,0,0,0,0,0,1
445700,63.978,0.0,0,0,1,0,6.016,0.0,0,0,1,0,7.501,1.261,1,0.0,0,0,1,1,0,1,0,1,0,0,0,12192.0,2,1,1,1,0,0,1,3,7.4,275.6,0,0,0,0,0,1
445800,63.978,0.0,0,0,1,0,6.016,0.0,0,0,1,0,7.627,1.261,1,0.0,0,0,1,1,0,1,0,1,0,0,0,12192.0,2,1,1,1,0,0,1,3,7.1,271.9,0,0,0,0,0,1
445900,63.978,0.0,0,0,1,0,6.016,0.0,0,0,1,0,7.753,1.261,1,0.0,0,0,1,1,0,1,0,1,0,0,0,12192.0,2,1,1,1,0,0,1,3,7.6,265.8,0,0,0,0,0,1
446000,63.978,0.0,0,0,1,0,6.016,0.0,0,0,1,0,7.88,1.261,1,0.0,0,0,1,1,0,1,0,1,0,0,0,12192.0,2,1,1,1,0,0,1,3,7.6,270.0,0,0,0,0,0,1
446100,63.978,0.0,0,0,1,0,6.016,0.0,0,0,1,0,8.006,1.261,1,0.0,0,0,1,1,0,1,0,1,0,0,0,12192.0,2,1,1,1,0,0,1,3,7.1,268.3,0,0,0,0,0,1
446200,63.978,0.0,0,0,1,0,6.016,0.0,0,0,1,0,8.132,1.261,1,0.0,0,0,1,1,0,1,0,1,0,0,0,12192.0,2,1,1,1,0,0,1,3,6.7,274.4,0,0,0,0,0,1
446300,63.978,0.0,0,0,1,0,6.016,0.0,0,0,1,0,8.258,1.261,1,0.0,0,0,1,1,0,1,0,1,0,0,0,12192.0,2,1,1,1,0,0,1,3,7.6,270.9,0,0,0,0,0,1
446400,63.978,0.0,0,0,1,0,6.016,0.0,0,0,1,0,8.384,1.261,1,0.0,0,0,1,1,0,1,0,1,0,0,0,12192.0,2,1,1,1,0,0,1,3,7.4,270.1,0,0,0,0,0,1
446500,63.978,0.0,0,0,1,0,6.016,0.0,0,0,1,0,8.51,1.261,1,0.0,0,0,1,1,0,1,0,1,0,0,0,12192.0,2,1,1,1,0,0,1,3,8.0,269.5,0,0,0,0,0,1
446600,63.978,0.0,0,0,1,0,6.016,0.0,0,0,1,0,8.636,1.261,1,0.0,0,0,1,1,0,1,0,1,0,0,0,12192.0,2,1,1,1,0,0,1,3,7.9,269.8,0,0,0,0,0,1
446700,63.978,0.0,0,0,1,0,6.016,0.0,0,0,1,0,8.762,1.261,1,0.0,0,0,1,1,0,1,0,1,0,0,0,12192.0,2,1,1,1,0,0,1,3,7.0,269.7,0,0,0,0,0,1
446800,63.978,0.0,0,0,1,0,6.016,0.0,0,0,1,0,8.889,1.261,1,0.0,0,0,1,1,0,1,0,1,0,0,0,12192.0,2,1,1,1,0,0,1,3,7.7,272.4,0,0,0,0,0,1
446900,63.978,0.0,0,0,1,0,6.016,0.0,0,0,1,0,9.015,1.261,1,0.0,0,0,1,1,0,1,0,1,0,0,0,12192.0,2,1,1,1,0,0,1,3,7.7,275.0,0,0,0,0,0,1
447000,63.978,0.0,0,0,1,0,6.016,0.0,0,0,1,0,9.141,1.261,1,0.0,0,0,1,1,0,1,0,1,0,0,0,12192.0,2,1,1,1,0,0,1,3,6.8,270.5,0,0,0,0,0,1
447100,63.978,0.0,0,0,1,0,6.016,0.0,0,0,1,0,9.267,1.261,1,0.0,0,0,1,1,0,1,0,1,0,0,0,12192.0,2,1,1,1,0,0,1,3,7.7,268.7,0,0,0,0,0,1
447200,63.978,0.0,0,0,1,0,6.016,0.0,0,0,1,0,9.393,1.261,1,0.0,0,0,1,1,0,1,0,1,0,0,0,12192.0,2,1,1,1,0,0,1,3,7.0,265.7,0,0,0,0,0,1
447300,63.978,0.0,0,0,1,0,6.016,0.0,0,0,1,0,9.519,1.261,1,0.0,0,0,1,1,0,1,0,1,0,0,0,12192.0,2,1,1,1,0,0,1,3,7.2,271.7,0,0,0,0,0,1
447400,63.978,0.0,0,0,1,0,6.016,0.0,0,0,1,0,9.645,1.261,1,0.0,0,0,1,1,0,1,0,1,0,0,0,12192.0,2,1,1,1,0,0,1,3,7.4,271.1,0,0,0,0,0,1
447500,63.978,0.0,0,0,1,0,6.016,0.0,0,0,1,0,9.771,1.261,1,0.0,0,0,1,1,0,1,0,1,0,0,0,12192.0,2,1,1,1,0,0,1,3,8.4,270.6,0,0,0,0,0,1
447600,63.978,0.0,0,0,1,0,6.016,0.0,0,0,1,0,9.897,1.261,1,0.0,0,0,1,1,0,1,0,1,0,0,0,12192.0,2,1,1,1,0,0,1,3,7.9,267.3,0,0,0,0,0,1
447700,63.978,0.0,0,0,1,0,6.016,0.0,0,0,1,0,10.024,1.261,1,0.0,0,0,1,1,0,1,0,1,0,0,0,12192.0,2,1,1,1,0,0,1,3,8.5,269.5,0,0,0,0,0,1
447800,63.978,0.0,0,0,1,0,6.016,0.0,0,0,1,0,10.15,1.261,1,0.0,0,0,1,1,0,1,0,1,0,0,0,12192.0,2,1,1,1,0,0,1,3,8.1,270.2,0,0,0,0,0,1
447900,63.978,0.0,0,0,1,0,6.016,0.0,0,0,1,0,10.276,1.261,1,0.0,0,0,1,1,0,1,0,1,0,0,0,12192.0,2,1,1,1,0,0,1,3,7.9,271.3,0,0,0,0,0,1
448000,63.978,0.0,0,0,1,0,6.016,0.0,0,0,1,0,10.402,1.261,1,0.0,0,0,1,1,0,1,0,1,0,0,0,12192.0,2,1,1,1,0,0,1,3,8.5,268.7,0,0,0,0,0,1
448100,63.978,0.0,0,0,1,0,6.016,0.0,0,0,1,0,10.528,1.261,1,0.0,0,0,1,1,0,1,0,1,0,0,0,12192.0,2,1,1,1,0,0,1,3,7.7,268.0,0,0,0,0,0,1
448200,63.978,0.0,0,0,1,0,6.016,0.0,0,0,1,0,10.654,1.261,1,0.0,0,0,1,1,0,1,0,1,0,0,0,12192.0,2,1,1,1,0,0,1,3,7.3,268.3,0,0,0,0,0,1
448300,63.978,0.0,0,0,1,0,6.016,0.0,0,0,1,0,10.78,1.261,1,0.0,0,0,1,1,0,1,0,1,0,0,0,12192.0,2,1,1,1,0,0,1,3,7.3,269.3,0,0,0,0,0,1
448400,63.978,0.0,0,0,1,0,6.016,0.0,0,0,1,0,10.906,1.261,1,0.0,0,0,1,1,0,1,0,1,0,0,0,12192.0,2,1,1,1,0,0,1,3,8.6,270.7,0,0,0,0,0,1
448500,63.978,0.0,0,0,1,0,6.016,0.0,0,0,1,0,11.033,1.261,1,0.0,0,0,1,1,0,1,0,1,0,0,0,12192.0,2,1,1,1,0,0,1,3,7.6,269.2,0,0,0,0,0,1
448600,63.978,0.0,0,0,1,0,6.016,0.0,0,0,1,0,11.159,1.261,1,0.0,0,0,1,1,0,1,0,1,0,0,0,12192.0,2,1,1,1,0,0,1,3,7.8,266.8,0,0,0,0,0,1
448700,63.978,0.0,0,0,1,0,6.016,0.0,0,0,1,0,11.285,1.261,1,0.0,0,0,1,1,0,1,0,1,0,0,0,12192.0,2,1,1,1,0,0,1,3,8.2,266.6,0,0,0,0,0,1
448800,63.978,0.0,0,0,1,0,6.016,0.0,0,0,1,0,11.411,1.261,1,0.0,0,0,1,1,0,1,0,1,0,0,0,12192.0,2,1,1,1,0,0,1,3,8.9,271.9,0,0,0,0,0,1
448900,63.978,0.0,0,0,1,0,6.016,0.0,0,0,1,0,11.537,1.261,1,0.0,0,0,1,1,0,1,0,1,0,0,0,12192.0,2,1,1,1,0,0,1,3,8.0,274.7,0,0,0,0,0,1
449000,63.978,0.0,0,0,1,0,6.016,0.0,0,0,1,0,11.663,1.261,1,0.0,0,0,1,1,0,1,0,1,0,0,0,12192.0,2,1,1,1,0,0,1,3,7.9,269.6,0,0,0,0,0,1
449100,63.978,0.0,0,0,1,0,6.016,0.0,0,0,1,0,11.789,1.261,1,0.0,0,0,1,1,0,1,0,1,0,0,0,12192.0,2,1,1,1,0,0,1,3,8.5,270.5,0,0,0,0,0,1
449200,63.978,0.0,0,0,1,0,6.016,0.0,0,0,1,0,11.91,1.21,1,0.0,0,0,1,1,0,1,0,1,0,0,0,12192.0,2,1,1,1,0,0,1,3,8.3,272.3,0,0,0,0,0,1
449300,63.978,0.0,0,0,1,0,6.016,0.0,0,0,1,0,12.026,1.16,1,0.0,0,0,1,1,0,1,0,1,0,0,0,12192.0,2,1,1,1,0,0,1,3,8.1,269.7,0,0,0,0,0,1
449400,63.978,0.0,0,0,1,0,6.016,0.0,0,0,1,0,12.137,1.109,1,0.0,0,0,1,1,0,1,0,1,0,0,0,12192.0,2,1,1,1,0,0,1,3,8.6,268.6,0,0,0,0,0,1
449500,63.978,0.0,0,0,1,0,6.016,0.0,0,0,1,0,12.243,1.058,1,0.0,0,0,1,1,0,1,0,1,0,0,0,12192.0,2,1,1,1,0,0,1,3,7.5,273.4,0,0,0,0,0,1
449600,63.978,0.0,0,0,1,0,6.016,0.0,0,0,1,0,12.344,1.007,1,0.0,0,0,1,1,0,1,0,1,0,0,0,12192.0,2,1,1,1,0,0,1,3,8.4,266.6,0,0,0,0,0,1
449700,63.978,0.0,0,0,1,0,6.016,0.0,0,0,1,0,12.439,0.956,1,0.0,0,0,1,1,0,1,0,1,0,0,0,12192.0,2,1,1,1,0,0,1,3,8.9,268.5,0,0,0,0,0,1
449800,63.978,0.0,0,0,1,0,6.016,0.0,0,0,1,0,12.53,0.906,1,0.0,0,0,1,1,0,1,0,1,0,0,0,12192.0,2,1,1,1,0,0,1,3,8.0,268.4,0,0,0,0,0,1
449900,63.978,0.0,0,0,1,0,6.016,0.0,0,0,1,0,12.615,0.855,1,0.0,0,0,1,1,0,1,0,1,0,0,0,12192.0,2,1,1,1,0,0,1,3,8.2,276.5,0,0,0,0,0,1
450000,63.978,0.0,0,0,1,0,6.016,0.0,0,0,1,0,12.696,0.804,1,0.0,0,0,1,1,0,1,0,1,0,0,0,12192.0,2,1,1,1,0,0,1,3,8.7,268.1,0,0,0,0,0,1
450100,63.978,0.0,0,0,1,0,6.016,0.0,0,0,1,0,12.771,0.753,1,0.0,0,0,1,1,0,1,0,1,0,0,0,12192.0,2,1,1,1,0,0,1,3,8.1,269.0,0,0,0,0,0,1
450200,63.978,0.0,0,0,1,0,6.016,0.0,0,0,1,0,12.841,0.702,1,0.0,0,0,1,1,0,1,0,1,0,0,0,12192.0,2,1,1,1,0,0,1,3,8.3,270.1,0,0,0,0,0,1
450300,63.978,0.0,0,0,1,0,6.016,0.0,0,0,1,0,12.906,0.651,1,0.0,0,0,1,1,0,1,0,1,0,0,0,12192.0,2,1,1,1,0,0,1,3,8.8,272.5,0,0,0,0,0,1
450400,63.978,0.0,0,0,1,0,6.016,0.0,0,0,1,0,12.966,0.601,1,0.0,0,0,1,1,0,1,0,1,0,0,0,12192.0,2,1,1,1,0,0,1,3,8.9,265.8,0,0,0,0,0,1
450500,63.978,0.0,0,0,1,0,6.016,0.0,0,0,1,0,13.021,0.55,1,0.0,0,0,1,1,0,1,0,1,0,0,0,12192.0,2,1,1,1,0,0,1,3,7.6,271.9,0,0,0,0,0,1
450600,63.978,0.0,0,0,1,0,6.016,0.0,0,0,1,0,13.071,0.499,1,0.0,0,0,1,1,0,1,0,1,0,0,0,12192.0,2,1,1,1,0,0,1,3,7.6,271.3,0,0,0,0,0,1
450700,63.978,0.0,0,0,1,0,6.016,0.0,0,0,1,0,13.116,0.448,1,0.0,0,0,1,1,0,1,0,1,0,0,0,12192.0,2,1,1,1,0,0,1,3,8.4,268.1,0,0,0,0,0,1
450800,63.978,0.0,0,0,1,0,6.016,0.0,0,0,1,0,13.156,0.397,1,0.0,0,0,1,1,0,1,0,1,0,0,0,12192.0,2,1,1,1,0,0,1,3,8.3,268.5,0,0,0,0,0,1
450900,63.978,0.0,0,0,1,0,6.016,0.0,0,0,1,0,13.191,0.347,1,0.0,0,0,1,1,0,1,0,1,0,0,0,12192.0,2,1,1,1,0,0,1,3,8.9,269.3,0,0,0,0,0,1
451000,63.978,0.0,0,0,1,0,6.016,0.0,0,0,1,0,13.22,0.296,1,0.0,0,0,1,1,0,1,0,1,0,0,0,12192.0,2,1,1,1,0,0,1,3,8.4,273.4,0,0,0,0,0,1
451100,63.978,0.0,0,0,1,0,6.016,0.0,0,0,1,0,13.25,0.297,1,0.0,0,0,1,1,0,1,0,1,0,0,0,12192.0,2,1,1,1,0,0,1,3,9.0,273.6,0,0,0,0,0,1
451200,63.978,0.0,0,0,1,0,6.016,0.0,0,0,1,0,13.274,0.24,1,0.0,0,0,1,1,0,1,0,1,0,0,0,12192.0,2,1,1,1,0,0,1,3,8.4,271.2,0,0,0,0,0,1
451300,63.978,0.0,0,0,1,0,6.016,0.0,0,0,1,0,13.292,0.183,1,0.0,0,0,1,1,0,1,0,1,0,0,0,12192.0,2,1,1,1,0,0,1,3,7.9,273.1,0,0,0,0,0,1
451400,63.978,0.0,0,0,1,0,6.016,0.0,0,0,1,0,13.304,0.122,1,0.0,0,0,1,1,0,1,0,1,0,0,0,12192.0,2,1,1,1,0,0,1,3,8.2,266.9,0,0,0,0,0,1
451500,63.978,0.0,0,0,0,0,6.016,0.0,0,0,0,0,13.309,0.0,0,0.0,0,0,0,0,0,1,0,1,0,0,0,12192.0,2,1,1,0,1,0,1,3,8.4,272.4,0,0,0,0,0,1
451600,63.976,0.0,0,0,1,0,6.022,0.061,1,1,1,0,13.314,0.051,1,0.0,0,0,1,1,0,1,0,1,0,0,0,12192.0,2,1,1,1,0,0,1,4,8.9,270.8,0,0,0,0,0,1
451700,63.976,0.0,0,0,1,0,6.035,0.122,1,1,1,0,13.325,0.102,1,0.0,0,0,1,1,0,1,0,1,0,0,0,12192.0,2,1,1,1,0,0,1,4,8.5,269.6,0,0,0,0,0,1
451800,63.976,0.0,0,0,1,0,6.053,0.184,1,1,1,0,13.34,0.152,1,0.0,0,0,1,1,0,1,0,1,0,0,0,12192.0,2,1,1,1,0,0,1,4,9.3,273.5,0,0,0,0,0,1
451900,63.976,0.0,0,0,1,0,6.077,0.245,1,1,1,0,13.36,0.203,1,0.0,0,0,1,1,0,1,0,1,0,0,0,12192.0,2,1,1,1,0,0,1,4,7.7,273.4,0,0,0,0,0,1
452000,63.976,0.0,0,0,1,0,6.108,0.306,1,1,1,0,13.386,0.254,1,0.0,0,0,1,1,0,1,0,1,0,0,0,12192.0,2,1,1,1,0,0,1,4,8.7,271.2,0,0,0,0,0,1
452100,63.976,0.0,0,0,1,0,6.145,0.367,1,1,1,0,13.406,0.203,1,0.0,0,0,1,1,0,1,0,1,0,0,0,12192.0,2,1,1,1,0,0,1,4,8.6,270.3,0,0,0,0,0,1
452200,63.976,0.0,0,0,1,0,6.187,0.428,1,1,1,0,13.421,0.152,1,0.0,0,0,1,1,0,1,0,1,0,0,0,12192.0,2,1,1,1,0,0,1,4,8.0,269.9,0,0,0,0,0,1
452300,63.976,0.0,0,0,1,0,6.236,0.49,1,1,1,0,13.437,0.153,1,0.0,0,0,1,1,0,1,0,1,0,0,0,12192.0,2,1,1,1,0,0,1,4,7.2,270.7,0,0,0,0,0,1
452400,63.976,0.0,0,0,1,0,6.292,0.551,1,1,1,0,13.445,0.089,1,0.0,0,0,1,1,0,1,0,1,0,0,0,12192.0,2,1,1,1,0,0,1,4,9.2,271.8,0,0,0,0,0,1
452500,63.976,0.0,0,0,1,0,6.353,0.612,1,1,1,0,13.449,0.0,0,0.0,0,0,0,1,0,1,0,1,0,0,0,12192.0,2,1,1,1,0,0,1,4,9.0,269.3,0,0,0,0,0,1
452600,63.976,0.0,0,0,1,0,6.42,0.673,1,1,1,0,13.449,0.0,0,0.0,0,0,0,1,0,1,0,1,0,0,0,12192.0,2,1,1,1,0,0,1,4,7.8,272.9,0,0,0,0,0,1
452700,63.976,0.0,0,0,1,0,6.493,0.734,1,1,1,0,13.449,0.0,0,0.0,0,0,0,1,0,1,0,1,0,0,0,12192.0,2,1,1,1,0,0,1,4,7.6,270.8,0,0,0,0,0,1
452800,63.976,0.0,0,0,1,0,6.573,0.795,1,1,1,0,13.449,0.0,0,0.0,0,0,0,1,0,1,0,1,0,0,0,12192.0,2,1,1,1,0,0,1,4,8.3,271.5,0,0,0,0,0,1
452900,63.976,0.0,0,0,1,0,6.659,0.857,1,1,1,0,13.449,0.0,0,0.0,0,0,0,1,0,1,0,1,0,0,0,12192.0,2,1,1,1,0,0,1,4,7.8,270.3,0,0,0,0,0,1
453000,63.976,0.0,0,0,1,0,6.75,0.918,1,1,1,0,13.449,0.0,0,0.0,0,0,0,1,0,1,0,1,0,0,0,12192.0,2,1,1,1,0,0,1,4,8.8,269.6,0,0,0,0,0,1
453100,63.976,0.0,0,0,1,0,6.848,0.979,1,1,1,0,13.449,0.0,0,0.0,0,0,0,1,0,1,0,1,0,0,0,12192.0,2,1,1,1,0,0,1,4,8.0,265.7,0,0,0,0,0,1
453200,63.976,0.0,0,0,1,0,6.952,1.04,1,1,1,0,13.449,0.0,0,0.0,0,0,0,1,0,1,0,1,0,0,0,12192.0,2,1,1,1,0,0,1,4,8.5,273.3,0,0,0,0,0,1
453300,63.976,0.0,0,0,1,0,7.063,1.101,1,1,1,0,13.449,0.0,0,0.0,0,0,0,1,0,1,0,1,0,0,0,12192.0,2,1,1,1,0,0,1,4,9.0,266.3,0,0,0,0,0,1
453400,63.976,0.0,0,0,1,0,7.179,1.163,1,1,1,0,13.449,0.0,0,0.0,0,0,0,1,0,1,0,1,0,0,0,12192.0,2,1,1,1,0,0,1,4,7.6,266.2,0,0,0,0,0,1
453500,63.976,0.0,0,0,1,0,7.301,1.224,1,1,1,0,13.449,0.0,0,0.0,0,0,0,1,0,1,0,1,0,0,0,12192.0,2,1,1,1,0,0,1,4,8.0,273.0,0,0,0,0,0,1
453600,63.976,0.0,0,0,1,0,7.43,1.285,1,1,1,0,13.449,0.0,0,0.0,0,0,0,1,0,1,0,1,0,0,0,12192.0,2,1,1,1,0,0,1,4,7.7,269.1,0,0,0,0,0,1
453700,63.976,0.0,0,0,1,0,7.564,1.346,1,1,1,0,13.449,0.0,0,0.0,0,0,0,1,0,1,0,1,0,0,0,12192.0,2,1,1,1,0,0,1,4,8.1,267.7,0,0,0,0,0,1
453800,63.976,0.0,0,0,1,0,7.705,1.407,1,1,1,0,13.449,0.0,0,0.0,0,0,0,1,0,1,0,1,0,0,0,12192.0,2,1,1,1,0,0,1,4,7.8,268.7,0,0,0,0,0,1
453900,63.976,0.0,0,0,1,0,7.852,1.469,1,1,1,0,13.449,0.0,0,0.0,0,0,0,1,0,1,0,1,0,0,0,12192.0,2,1,1,1,0,0,1,4,7.8,267.8,0,0,0,0,0,1
454000,63.976,0.0,0,0,1,0,8.005,1.53,1,1,1,0,13.449,0.0,0,0.0,0,0,0,1,0,1,0,1,0,0,0,12192.0,2,1,1,1,0,0,1,4,7.9,272.8,0,0,0,0,0,1
454100,63.976,0.0,0,0,1,0,8.164,1.591,1,1,1,0,13.449,0.0,0,0.0,0,0,0,1,0,1,0,1,0,0,0,12192.0,2,1,1,1,0,0,1,4,7.3,270.9,0,0,0,0,0,1
454200,63.976,0.0,0,0,1,0,8.329,1.652,1,1,1,0,13.449,0.0,0,0.0,0,0,0,1,0,1,0,1,0,0,0,12192.0,2,1,1,1,0,0,1,4,7.7,269.2,0,0,0,0,0,1
454300,63.976,0.0,0,0,1,0,8.501,1.713,1,1,1,0,13.449,0.0,0,0.0,0,0,0,1,0,1,0,1,0,0,0,12192.0,2,1,1,1,0,0,1,4,7.6,268.9,0,0,0,0,0,1
454400,63.976,0.0,0,0,1,0,8.678,1.775,1,1,1,0,13.449,0.0,0,0.0,0,0,0,1,0,1,0,1,0,0,0,12192.0,2,1,1,1,0,0,1,4,7.6,270.0,0,0,0,0,0,1
454500,63.976,0.0,0,0,1,0,8.859,1.809,1,1,1,0,13.449,0.0,0,0.0,0,0,0,1,0,1,0,1,0,0,0,12192.0,2,1,1,1,0,0,1,4,7.6,268.8,0,0,0,0,0,1
454600,63.976,0.0,0,0,1,0,9.033,1.746,1,1,1,0,13.449,0.0,0,0.0,0,0,0,1,0,1,0,1,0,0,0,12192.0,2,1,1,1,0,0,1,4,7.7,262.3,0,0,0,0,0,1
454700,63.976,0.0,0,0,1,0,9.202,1.684,1,1,1,0,13.449,0.0,0,0.0,0,0,0,1,0,1,0,1,0,0,0,12192.0,2,1,1,1,0,0,1,4,7.6,270.5,0,0,0,0,0,1
454800,63.976,0.0,0,0,1,0,9.364,1.622,1,1,1,0,13.449,0.0,0,0.0,0,0,0,1,0,1,0,1,0,0,0,12192.0,2,1,1,1,0,0,1,4,7.6,269.2,0,0,0,0,0,1
454900,63.976,0.0,0,0,1,0,9.52,1.559,1,1,1,0,13.449,0.0,0,0.0,0,0,0,1,0,1,0,1,0,0,0,12192.0,2,1,1,1,0,0,1,4,7.7,268.9,0,0,0,0,0,1
455000,63.976,0.0,0,0,1,0,9.67,1.497,1,1,1,0,13.449,0.0,0,0.0,0,0,0,1,0,1,0,1,0,0,0,12192.0,2,1,1,1,0,0,1,4,6.8,269.0,0,0,0,0,0,1
455100,63.976,0.0,0,0,1,0,9.813,1.434,1,1,1,0,13.449,0.0,0,0.0,0,0,0,1,0,1,0,1,0,0,0,12192.0,2,1,1,1,0,0,1,4,7.5,271.6,0,0,0,0,0,1
455200,63.976,0.0,0,0,1,0,9.95,1.372,1,1,1,0,13.449,0.0,0,0.0,0,0,0,1,0,1,0,1,0,0,0,12192.0,2,1,1,1,0,0,1,4,7.9,270.8,0,0,0,0,0,1
455300,63.976,0.0,0,0,1,0,10.081,1.309,1,1,1,0,13.449,0.0,0,0.0,0,0,0,1,0,1,0,1,0,0,0,12192.0,2,1,1,1,0,0,1,4,7.5,266.9,0,0,0,0,0,1
455400,63.976,0.0,0,0,1,0,10.206,1.247,1,1,1,0,13.449,0.0,0,0.0,0,0,0,1,0,1,0,1,0,0,0,12192.0,2,1,1,1,0,0,1,4,7.0,266.3,0,0,0,0,0,1
455500,63.976,0.0,0,0,1,0,10.324,1.184,1,1,1,0,13.449,0.0,0,0.0,0,0,0,1,0,1,0,1,0,0,0,12192.0,2,1,1,1,0,0,1,4,6.8,269.1,0,0,0,0,0,1
455600,63.976,0.0,0,0,1,0,10.436,1.121,1,1,1,0,13.449,0.0,0,0.0,0,0,0,1,0,1,0,1,0,0,0,12192.0,2,1,1,1,0,0,1,4,7.4,272.0,0,0,0,0,0,1
455700,63.976,0.0,0,0,1,0,10.542,1.058,1,1,1,0,13.449,0.0,0,0.0,0,0,0,1,0,1,0,1,0,0,0,12192.0,2,1,1,1,0,0,1,4,8.2,267.3,0,0,0,0,0,1
455800,63.976,0.0,0,0,1,0,10.642,0.995,1,1,1,0,13.449,0.0,0,0.0,0,0,0,1,0,1,0,1,0,0,0,12192.0,2,1,1,1,0,0,1,4,7.3,269.9,0,0,0,0,0,1
455900,63.976,0.0,0,0,1,0,10.735,0.932,1,1,1,0,13.449,0.0,0,0.0,0,0,0,1,0,1,0,1,0,0,0,12192.0,2,1,1,1,0,0,1,4,7.9,272.0,0,0,0,0,0,1
456000,63.976,0.0,0,0,1,0,10.822,0.868,1,1,1,0,13.449,0.0,0,0.0,0,0,0,1,0,1,0,1,0,0,0,12192.0,2,1,1,1,0,0,1,4,7.6,269.7,0,0,0,0,0,1
456100,63.976,0.0,0,0,1,0,10.902,0.805,1,1,1,0,13.449,0.0,0,0.0,0,0,0,1,0,1,0,1,0,0,0,12192.0,2,1,1,1,0,0,1,4,6.6,266.7,0,0,0,0,0,1
456200,63.976,0.0,0,0,1,0,10.976,0.741,1,1,1,0,13.449,0.0,0,0.0,0,0,0,1,0,1,0,1,0,0,0,12192.0,2,1,1,1,0,0,1,4,7.4,272.2,0,0,0,0,0,1
456300,63.976,0.0,0,0,1,0,11.044,0.677,1,1,1,0,13.449,0.0,0,0.0,0,0,0,1,0,1,0,1,0,0,0,12192.0,2,1,1,1,0,0,1,4,7.3,267.5,0,0,0,0,0,1
456400,63.976,0.0,0,0,1,0,11.105,0.613,1,1,1,0,13.449,0.0,0,0.0,0,0,0,1,0,1,0,1,0,0,0,12192.0,2,1,1,1,0,0,1,4,6.0,267.7,0,0,0,0,0,1
456500,63.976,0.0,0,0,1,0,11.16,0.548,1,1,1,0,13.449,0.0,0,0.0,0,0,0,1,0,1,0,1,0,0,0,12192.0,2,1,1,1,0,0,1,4,8.0,269.3,0,0,0,0,0,1
456600,63.976,0.0,0,0,1,0,11.208,0.483,1,1,1,0,13.449,0.0,0,0.0,0,0,0,1,0,1,0,1,0,0,0,12192.0,2,1,1,1,0,0,1,4,7.6,270.2,0,0,0,0,0,1
456700,63.976,0.0,0,0,1,0,11.25,0.418,1,1,1,0,13.449,0.0,0,0.0,0,0,0,1,0,1,0,1,0,0,0,12192.0,2,1,1,1,0,0,1,4,7.5,269.4,0,0,0,0,0,1
456800,63.976,0.0,0,0,1,0,11.285,0.351,1,1,1,0,13.449,0.0,0,0.0,0,0,0,1,0,1,0,1,0,0,0,12192.0,2,1,1,1,0,0,1,4,7.3,271.1,0,0,0,0,0,1
456900,63.976,0.0,0,0,1,0,11.314,0.283,1,1,1,0,13.449,0.0,0,0.0,0,0,0,1,0,1,0,1,0,0,0,12192.0,2,1,1,1,0,0,1,4,7.7,269.9,0,0,0,0,0,1
457000,63.976,0.0,0,0,1,0,11.335,0.214,1,1,1,0,13.449,0.0,0,0.0,0,0,0,1,0,1,0,1,0,0,0,12192.0,2,1,1,1,0,0,1,4,7.9,267.9,0,0,0,0,0,1
457100,63.976,0.0,0,0,1,0,11.349,0.14,1,1,1,0,13.449,0.0,0,0.0,0,0,0,1,0,1,0,1,0,0,0,12192.0,2,1,1,1,0,0,1,4,8.5,269.3,0,0,0,0,0,1
457200,63.976,0.0,0,0,0,0,11.355,0.0,0,0,0,0,13.449,0.0,0,0.0,0,0,0,0,0,1,0,1,0,0,0,12192.0,2,1,1,0,1,0,1,4,7.3,271.4,0,0,0,0,0,1
457300,63.976,0.0,0,0,1,0,11.355,0.0,0,0,1,0,13.444,-0.051,0,0.0,0,0,1,1,0,1,0,1,0,0,0,12192.0,2,1,1,1,0,0,1,4,8.4,269.2,0,0,0,0,0,1
457400,63.976,0.0,0,0,1,0,11.355,0.0,0,0,1,0,13.434,-0.102,0,0.0,0,0,1,1,0,1,0,1,0,0,0,12192.0,2,1,1,1,0,0,1,4,8.1,269.7,0,0,0,0,0,1
457500,63.976,0.0,0,0,1,0,11.355,0.0,0,0,1,0,13.419,-0.152,0,0.0,0,0,1,1,0,1,0,1,0,0,0,12192.0,2,1,1,1,0,0,1,4,7.8,268.0,0,0,0,0,0,1
457600,63.976,0.0,0,0,1,0,11.355,0.0,0,0,1,0,13.398,-0.203,0,0.0,0,0,1,1,0,1,0,1,0,0,0,12192.0,2,1,1,1,0,0,1,4,7.6,269.3,0,0,0,0,0,1
457700,63.976,0.0,0,0,1,0,11.355,0.0,0,0,1,0,13.373,-0.254,0,0.0,0,0,1,1,0,1,0,1,0,0,0,12192.0,2,1,1,1,0,0,1,4,7.6,264.8,0,0,0,0,0,1
457800,63.976,0.0,0,0,1,0,11.355,0.0,0,0,1,0,13.343,-0.305,0,0.0,0,0,1,1,0,1,0,1,0,0,0,12192.0,2,1,1,1,0,0,1,4,8.4,265.6,0,0,0,0,0,1
457900,63.976,0.0,0,0,1,0,11.355,0.0,0,0,1,0,13.307,-0.356,0,0.0,0,0,1,1,0,1,0,1,0,0,0,12192.0,2,1,1,1,0,0,1,4,8.0,269.4,0,0,0,0,0,1
458000,63.976,0.0,0,0,1,0,11.355,0.0,0,0,1,0,13.266,-0.407,0,0.0,0,0,1,1,0,1,0,1,0,0,0,12192.0,2,1,1,1,0,0,1,4,7.7,266.2,0,0,0,0,0,1
458100,63.976,0.0,0,0,1,0,11.355,0.0,0,0,1,0,13.221,-0.457,0,0.0,0,0,1,1,0,1,0,1,0,0,0,12192.0,2,1,1,1,0,0,1,4,7.9,270.9,0,0,0,0,0,1
458200,63.976,0.0,0,0,1,0,11.355,0.0,0,0,1,0,13.17,-0.508,0,0.0,0,0,1,1,0,1,0,1,0,0,0,12192.0,2,1,1,1,0,0,1,4,8.2,270.6,0,0,0,0,0,1
458300,63.976,0.0,0,0,1,0,11.355,0.0,0,0,1,0,13.114,-0.559,0,0.0,0,0,1,1,0,1,0,1,0,0,0,12192.0,2,1,1,1,0,0,1,4,8.1,271.1,0,0,0,0,0,1
458400,63.976,0.0,0,0,1,0,11.355,0.0,0,0,1,0,13.053,-0.61,0,0.0,0,0,1,1,0,1,0,1,0,0,0,12192.0,2,1,1,1,0,0,1,4,8.0,268.3,0,0,0,0,0,1
458500,63.976,0.0,0,0,1,0,11.355,0.0,0,0,1,0,12.987,-0.661,0,0.0,0,0,1,1,0,1,0,1,0,0,0,12192.0,2,1,1,1,0,0,1,4,7.4,265.3,0,0,0,0,0,1
458600,63.976,0.0,0,0,1,0,11.355,0.0,0,0,1,0,12.916,-0.711,0,0.0,0,0,1,1,0,1,0,1,0,0,0,12192.0,2,1,1,1,0,0,1,4,8.5,271.7,0,0,0,0,0,1
458700,63.976,0.0,0,0,1,0,11.355,0.0,0,0,1,0,12.839,-0.762,0,0.0,0,0,1,1,0,1,0,1,0,0,0,12192.0,2,1,1,1,0,0,1,4,8.3,271.4,0,0,0,0,0,1
458800,63.976,0.0,0,0,1,0,11.355,0.0,0,0,1,0,12.758,-0.813,0,0.0,0,0,1,1,0,1,0,1,0,0,0,12192.0,2,1,1,1,0,0,1,4,7.9,273.8,0,0,0,0,0,1
458900,63.976,0.0,0,0,1,0,11.355,0.0,0,0,1,0,12.672,-0.864,0,0.0,0,0,1,1,0,1,0,1,0,0,0,12192.0,2,1,1,1,0,0,1,4,8.2,269.1,0,0,0,0,0,1
459000,63.976,0.0,0,0,1,0,11.355,0.0,0,0,1,0,12.58,-0.915,0,0.0,0,0,1,1,0,1,0,1,0,0,0,12192.0,2,1,1,1,0,0,1,4,8.9,268.7,0,0,0,0,0,1
459100,63.976,0.0,0,0,1,0,11.355,0.0,0,0,1,0,12.484,-0.965,0,0.0,0,0,1,1,0,1,0,1,0,0,0,12192.0,2,1,1,1,0,0,1,4,9.0,266.7,0,0,0,0,0,1
459200,63.976,0.0,0,0,1,0,11.355,0.0,0,0,1,0,12.382,-1.016,0,0.0,0,0,1,1,0,1,0,1,0,0,0,12192.0,2,1,1,1,0,0,1,4,8.6,266.7,0,0,0,0,0,1
459300,63.976,0.0,0,0,1,0,11.355,0.0,0,0,1,0,12.275,-1.067,0,0.0,0,0,1,1,0,1,0,1,0,0,0,12192.0,2,1,1,1,0,0,1,4,7.9,271.0,0,0,0,0,0,1
459400,63.976,0.0,0,0,1,0,11.355,0.0,0,0,1,0,12.164,-1.118,0,0.0,0,0,1,1,0,1,0,1,0,0,0,12192.0,2,1,1,1,0,0,1,4,9.3,269.5,0,0,0,0,0,1
459500,63.976,0.0,0,0,1,0,11.355,0.0,0,0,1,0,12.047,-1.169,0,0.0,0,0,1,1,0,1,0,1,0,0,0,12192.0,2,1,1,1,0,0,1,4,8.4,271.4,0,0,0,0,0,1
459600,63.976,0.0,0,0,1,0,11.355,0.0,0,0,1,0,11.925,-1.22,0,0.0,0,0,1,1,0,1,0,1,0,0,0,12192.0,2,1,1,1,0,0,1,4,7.9,268.7,0,0,0,0,0,1
459700,63.976,0.0,0,0,1,0,11.355,0.0,0,0,1,0,11.799,-1.261,0,0.0,0,0,1,1,0,1,0,1,0,0,0,12192.0,2,1,1,1,0,0,1,4,8.0,270.1,0,0,0,0,0,1
459800,63.976,0.0,0,0,1,0,11.355,0.0,0,0,1,0,11.673,-1.261,0,0.0,0,0,1,1,0,1,0,1,0,0,0,12192.0,2,1,1,1,0,0,1,4,8.8,269.3,0,0,0,0,0,1
459900,63.976,0.0,0,0,1,0,11.355,0.0,0,0,1,0,11.546,-1.261,0,0.0,0,0,1,1,0,1,0,1,0,0,0,12192.0,2,1,1,1,0,0,1,4,8.4,269.5,0,0,0,0,0,1
460000,63.976,0.0,0,0,1,0,11.355,0.0,0,0,1,0,11.42,-1.261,0,0.0,0,0,1,1,0,1,0,1,0,0,0,12192.0,2,1,1,1,0,0,1,4,8.9,270.5,0,0,0,0,0,1
460100,63.976,0.0,0,0,1,0,11.355,0.0,0,0,1,0,11.294,-1.261,0,0.0,0,0,1,1,0,1,0,1,0,0,0,12192.0,2,1,1,1,0,0,1,4,8.2,265.8,0,0,0,0,0,1
460200,63.976,0.0,0,0,1,0,11.355,0.0,0,0,1,0,11.168,-1.261,0,0.0,0,0,1,1,0,1,0,1,0,0,0,12192.0,2,1,1,1,0,0,1,4,8.6,268.9,0,0,0,0,0,1
460300,63.976,0.0,0,0,1,0,11.355,0.0,0,0,1,0,11.042,-1.261,0,0.0,0,0,1,1,0,1,0,1,0,0,0,12192.0,2,1,1,1,0,0,1,4,8.0,268.2,0,0,0,0,0,1
460400,63.976,0.0,0,0,1,0,11.355,0.0,0,0,1,0,10.916,-1.261,0,0.0,0,0,1,1,0,1,0,1,0,0,0,12192.0,2,1,1,1,0,0,1,4,7.9,266.6,0,0,0,0,0,1
460500,63.976,0.0,0,0,1,0,11.355,0.0,0,0,1,0,10.79,-1.261,0,0.0,0,0,1,1,0,1,0,1,0,0,0,12192.0,2,1,1,1,0,0,1,4,8.8,272.5,0,0,0,0,0,1
460600,63.976,0.0,0,0,1,0,11.355,0.0,0,0,1,0,10.664,-1.261,0,0.0,0,0,1,1,0,1,0,1,0,0,0,12192.0,2,1,1,1,0,0,1,4,9.5,274.0,0,0,0,0,0,1
460700,63.976,0.0,0,0,1,0,11.355,0.0,0,0,1,0,10.537,-1.261,0,0.0,0,0,1,1,0,1,0,1,0,0,0,12192.0,2,1,1,1,0,0,1,4,8.0,267.2,0,0,0,0,0,1
460800,63.976,0.0,0,0,1,0,11.355,0.0,0,0,1,0,10.411,-1.261,0,0.0,0,0,1,1,0,1,0,1,0,0,0,12192.0,2,1,1,1,0,0,1,4,9.8,266.7,0,0,0,0,0,1
460900,63.976,0.0,0,0,1,0,11.355,0.0,0,0,1,0,10.285,-1.261,0,0.0,0,0,1,1,0,1,0,1,0,0,0,12192.0,2,1,1,1,0,0,1,4,9.0,270.4,0,0,0,0,0,1
461000,63.976,0.0,0,0,1,0,11.355,0.0,0,0,1,0,10.159,-1.261,0,0.0,0,0,1,1,0,1,0,1,0,0,0,12192.0,2,1,1,1,0,0,1,4,9.0,269.8,0,0,0,0,0,1
461100,63.976,0.0,0,0,1,0,11.355,0.0,0,0,1,0,10.033,-1.261,0,0.0,0,0,1,1,0,1,0,1,0,0,0,12192.0,2,1,1,1,0,0,1,4,9.1,270.8,0,0,0,0,0,1
461200,63.976,0.0,0,0,1,0,11.355,0.0,0,0,1,0,9.907,-1.261,0,0.0,0,0,1,1,0,1,0,1,0,0,0,12192.0,2,1,1,1,0,0,1,4,8.0,267.0,0,0,0,0,0,1
461300,63.976,0.0,0,0,1,0,11.355,0.0,0,0,1,0,9.781,-1.261,0,0.0,0,0,1,1,0,1,0,1,0,0,0,12192.0,2,1,1,1,0,0,1,4,8.7,268.7,0,0,0,0,0,1
461400,63.976,0.0,0,0,1,0,11.355,0.0,0,0,1,0,9.655,-1.261,0,0.0,0,0,1,1,0,1,0,1,0,0,0,12192.0,2,1,1,1,0,0,1,4,8.9,267.4,0,0,0,0,0,1
461500,63.976,0.0,0,0,1,0,11.355,0.0,0,0,1,0,9.528,-1.261,0,0.0,0,0,1,1,0,1,0,1,0,0,0,12192.0,2,1,1,1,0,0,1,4,7.8,267.7,0,0,0,0,0,1
461600,63.976,0.0,0,0,1,0,11.355,0.0,0,0,1,0,9.402,-1.261,0,0.0,0,0,1,1,0,1,0,1,0,0,0,12192.0,2,1,1,1,0,0,1,4,8.5,268.6,0,0,0,0,0,1
461700,63.976,0.0,0,0,1,0,11.355,0.0,0,0,1,0,9.276,-1.261,0,0.0,0,0,1,1,0,1,0,1,0,0,0,12192.0,2,1,1,1,0,0,1,4,8.4,272.5,0,0,0,0,0,1
461800,63.976,0.0,0,0,1,0,11.355,0.0,0,0,1,0,9.15,-1.261,0,0.0,0,0,1,1,0,1,0,1,0,0,0,12192.0,2,1,1,1,0,0,1,4,8.5,269.4,0,0,0,0,0,1
461900,63.976,0.0,0,0,1,0,11.355,0.0,0,0,1,0,9.024,-1.261,0,0.0,0,0,1,1,0,1,0,1,0,0,0,12192.0,2,1,1,1,0,0,1,4,8.2,270.9,0,0,0,0,0,1
462000,63.976,0.0,0,0,1,0,11.355,0.0,0,0,1,0,8.898,-1.261,0,0.0,0,0,1,1,0,1,0,1,0,0,0,12192.0,2,1,1,1,0,0,1,4,7.6,266.1,0,0,0,0,0,1
462100,63.976,0.0,0,0,1,0,11.355,0.0,0,0,1,0,8.772,-1.261,0,0.0,0,0,1,1,0,1,0,1,0,0,0,12192.0,2,1,1,1,0,0,1,4,8.1,267.4,0,0,0,0,0,1
462200,63.976,0.0,0,0,1,0,11.355,0.0,0,0,1,0,8.646,-1.261,0,0.0,0,0,1,1,0,1,0,1,0,0,0,12192.0,2,1,1,1,0,0,1,4,7.3,268.9,0,0,0,0,0,1
462300,63.976,0.0,0,0,1,0,11.355,0.0,0,0,1,0,8.52,-1.261,0,0.0,0,0,1,1,0,1,0,1,0,0,0,12192.0,2,1,1,1,0,0,1,4,7.9,265.3,0,0,0,0,0,1
462400,63.976,0.0,0,0,1,0,11.355,0.0,0,0,1,0,8.393,-1.261,0,0.0,0,0,1,1,0,1,0,1,0,0,0,12192.0,2,1,1,1,0,0,1,4,7.9,268.3,0,0,0,0,0,1
462500,63.976,0.0,0,0,1,0,11.355,0.0,0,0,1,0,8.267,-1.261,0,0.0,0,0,1,1,0,1,0,1,0,0,0,12192.0,2,1,1,1,0,0,1,4,7.2,273.8,0,0,0,0,0,1
462600,63.976,0.0,0,0,1,0,11.355,0.0,0,0,1,0,8.141,-1.261,0,0.0,0,0,1,1,0,1,0,1,0,0,0,12192.0,2,1,1,1,0,0,1,4,7.6,274.1,0,0,0,0,0,1
462700,63.976,0.0,0,0,1,0,11.355,0.0,0,0,1,0,8.015,-1.261,0,0.0,0,0,1,1,0,1,0,1,0,0,0,12192.0,2,1,1,1,0,0,1,4,9.0,269.5,0,0,0,0,0,1
462800,63.976,0.0,0,0,1,0,11.355,0.0,0,0,1,0,7.889,-1.261,0,0.0,0,0,1,1,0,1,0,1,0,0,0,12192.0,2,1,1,1,0,0,1,4,7.7,270.0,0,0,0,0,0,1
462900,63.976,0.0,0,0,1,0,11.355,0.0,0,0,1,0,7.763,-1.261,0,0.0,0,0,1,1,0,1,0,1,0,0,0,12192.0,2,1,1,1,0,0,1,4,7.8,270.0,0,0,0,0,0,1
463000,63.976,0.0,0,0,1,0,11.355,0.0,0,0,1,0,7.637,-1.261,0,0.0,0,0,1,1,0,1,0,1,0,0,0,12192.0,2,1,1,1,0,0,1,4,8.1,268.6,0,0,0,0,0,1
463100,63.976,0.0,0,0,1,0,11.355,0.0,0,0,1,0,7.511,-1.261,0,0.0,0,0,1,1,0,1,0,1,0,0,0,12192.0,2,1,1,1,0,0,1,4,7.3,267.6,0,0,0,0,0,1
463200,63.976,0.0,0,0,1,0,11.355,0.0,0,0,1,0,7.384,-1.261,0,0.0,0,0,1,1,0,1,0,1,0,0,0,12192.0,2,1,1,1,0,0,1,4,7.5,271.7,0,0,0,0,0,1
463300,63.976,0.0,0,0,1,0,11.355,0.0,0,0,1,0,7.258,-1.261,0,0.0,0,0,1,1,0,1,0,1,0,0,0,12192.0,2,1,1,1,0,0,1,4,7.7,269.5,0,0,0,0,0,1
463400,63.976,0.0,0,0,1,0,11.355,0.0,0,0,1,0,7.132,-1.261,0,0.0,0,0,1,1,0,1,0,1,0,0,0,12192.0,2,1,1,1,0,0,1,4,7.1,270.6,0,0,0,0,0,1
463500,63.976,0.0,0,0,1,0,11.355,0.0,0,0,1,0,7.006,-1.261,0,0.0,0,0,1,1,0,1,0,1,0,0,0,12192.0,2,1,1,1,0,0,1,4,8.0,268.7,0,0,0,0,0,1
463600,63.976,0.0,0,0,1,0,11.355,0.0,0,0,1,0,6.88,-1.261,0,0.0,0,0,1,1,0,1,0,1,0,0,0,12192.0,2,1,1,1,0,0,1,4,8.0,272.2,0,0,0,0,0,1
463700,63.976,0.0,0,0,1,0,11.355,0.0,0,0,1,0,6.754,-1.261,0,0.0,0,0,1,1,0,1,0,1,0,0,0,12192.0,2,1,1,1,0,0,1,4,7.4,272.4,0,0,0,0,0,1
463800,63.976,0.0,0,0,1,0,11.355,0.0,0,0,1,0,6.628,-1.261,0,0.0,0,0,1,1,0,1,0,1,0,0,0,12192.0,2,1,1,1,0,0,1,4,7.7,269.1,0,0,0,0,0,1
463900,63.976,0.0,0,0,1,0,11.355,0.0,0,0,1,0,6.502,-1.261,0,0.0,0,0,1,1,0,1,0,1,0,0,0,12192.0,2,1,1,1,0,0,1,4,7.3,268.8,0,0,0,0,0,1
464000,63.976,0.0,0,0,1,0,11.355,0.0,0,0,1,0,6.375,-1.261,0,0.0,0,0,1,1,0,1,0,1,0,0,0,12192.0,2,1,1,1,0,0,1,4,7.8,269.2,0,0,0,0,0,1
464100,63.976,0.0,0,0,1,0,11.355,0.0,0,0,1,0,6.249,-1.261,0,0.0,0,0,1,1,0,1,0,1,0,0,0,12192.0,2,1,1,1,0,0,1,4,7.0,271.4,0,0,0,0,0,1
464200,63.976,0.0,0,0,1,0,11.355,0.0,0,0,1,0,6.123,-1.261,0,0.0,0,0,1,1,0,1,0,1,0,0,0,12192.0,2,1,1,1,0,0,1,4,7.0,270.8,0,0,0,0,0,1
464300,63.976,0.0,0,0,1,0,11.355,0.0,0,0,1,0,5.997,-1.261,0,0.0,0,0,1,1,0,1,0,1,0,0,0,12192.0,2,1,1,1,0,0,1,4,6.3,269.9,0,0,0,0,0,1
464400,63.976,0.0,0,0,1,0,11.355,0.0,0,0,1,0,5.871,-1.261,0,0.0,0,0,1,1,0,1,0,1,0,0,0,12192.0,2,1,1,1,0,0,1,4,7.2,270.2,0,0,0,0,0,1
464500,63.976,0.0,0,0,1,0,11.355,0.0,0,0,1,0,5.745,-1.261,0,0.0,0,0,1,1,0,1,0,1,0,0,0,12192.0,2,1,1,1,0,0,1,4,7.1,270.5,0,0,0,0,0,1
464600,63.976,0.0,0,0,1,0,11.355,0.0,0,0,1,0,5.619,-1.261,0,0.0,0,0,1,1,0,1,0,1,0,0,0,12192.0,2,1,1,1,0,0,1,4,7.0,267.6,0,0,0,0,0,1
464700,63.976,0.0,0,0,1,0,11.355,0.0,0,0,1,0,5.493,-1.261,0,0.0,0,0,1,1,0,1,0,1,0,0,0,12192.0,2,1,1,1,0,0,1,4,6.8,272.0,0,0,0,0,0,1
464800,63.976,0.0,0,0,1,0,11.355,0.0,0,0,1,0,5.366,-1.261,0,0.0,0,0,1,1,0,1,0,1,0,0,0,12192.0,2,1,1,1,0,0,1,4,7.0,271.9,0,0,0,0,0,1
464900,63.976,0.0,0,0,1,0,11.355,0.0,0,0,1,0,5.24,-1.261,0,0.0,0,0,1,1,0,1,0,1,0,0,0,12192.0,2,1,1,1,0,0,1,4,7.8,271.5,0,0,0,0,0,1
465000,63.976,0.0,0,0,1,0,11.355,0.0,0,0,1,0,5.114,-1.261,0,0.0,0,0,1,1,0,1,0,1,0,0,0,12192.0,2,1,1,1,0,0,1,4,7.5,270.6,0,0,0,0,0,1
465100,63.976,0.0,0,0,1,0,11.355,0.0,0,0,1,0,4.988,-1.261,0,0.0,0,0,1,1,0,1,0,1,0,0,0,12192.0,2,1,1,1,0,0,1,4,7.2,269.5,0,0,0,0,0,1
465200,63.976,0.0,0,0,1,0,11.355,0.0,0,0,1,0,4.862,-1.261,0,0.0,0,0,1,1,0,1,0,1,0,0,0,12192.0,2,1,1,1,0,0,1,4,7.1,266.4,0,0,0,0,0,1
465300,63.976,0.0,0,0,1,0,11.355,0.0,0,0,1,0,4.736,-1.261,0,0.0,0,0,1,1,0,1,0,1,0,0,0,12192.0,2,1,1,1,0,0,1,4,7.6,275.0,0,0,0,0,0,1
465400,63.976,0.0,0,0,1,0,11.355,0.0,0,0,1,0,4.61,-1.261,0,0.0,0,0,1,1,0,1,0,1,0,0,0,12192.0,2,1,1,1,0,0,1,4,7.9,267.7,0,0,0,0,0,1
465500,63.976,0.0,0,0,1,0,11.355,0.0,0,0,1,0,4.484,-1.261,0,0.0,0,0,1,1,0,1,0,1,0,0,0,12192.0,2,1,1,1,0,0,1,4,7.5,268.0,0,0,0,0,0,1
465600,63.976,0.0,0,0,1,0,11.355,0.0,0,0,1,0,4.357,-1.261,0,0.0,0,0,1,1,0,1,0,1,0,0,0,12192.0,2,1,1,1,0,0,1,4,8.6,268.7,0,0,0,0,0,1
465700,63.976,0.0,0,0,1,0,11.355,0.0,0,0,1,0,4.231,-1.261,0,0.0,0,0,1,1,0,1,0,1,0,0,0,12192.0,2,1,1,1,0,0,1,4,7.3,272.6,0,0,0,0,0,1
465800,63.976,0.0,0,0,1,0,11.355,0.0,0,0,1,0,4.105,-1.261,0,0.0,0,0,1,1,0,1,0,1,0,0,0,12192.0,2,1,1,1,0,0,1,4,7.4,267.8,0,0,0,0,0,1
465900,63.976,0.0,0,0,1,0,11.355,0.0,0,0,1,0,3.979,-1.261,0,0.0,0,0,1,1,0,1,0,1,0,0,0,12192.0,2,1,1,1,0,0,1,4,7.1,271.0,0,0,0,0,0,1
466000,63.976,0.0,0,0,1,0,11.355,0.0,0,0,1,0,3.858,-1.21,0,0.0,0,0,1,1,0,1,0,1,0,0,0,12192.0,2,1,1,1,0,0,1,4,8.2,273.7,0,0,0,0,0,1
466100,63.976,0.0,0,0,1,0,11.355,0.0,0,0,1,0,3.742,-1.16,0,0.0,0,0,1,1,0,1,0,1,0,0,0,12192.0,2,1,1,1,0,0,1,4,8.4,272.1,0,0,0,0,0,1
466200,63.976,0.0,0,0,1,0,11.355,0.0,0,0,1,0,3.631,-1.109,0,0.0,0,0,1,1,0,1,0,1,0,0,0,12192.0,2,1,1,1,0,0,1,4,7.9,270.3,0,0,0,0,0,1
466300,63.976,0.0,0,0,1,0,11.355,0.0,0,0,1,0,3.525,-1.058,0,0.0,0,0,1,1,0,1,0,1,0,0,0,12192.0,2,1,1,1,0,0,1,4,7.4,270.5,0,0,0,0,0,1
466400,63.976,0.0,0,0,1,0,11.355,0.0,0,0,1,0,3.425,-1.007,0,0.0,0,0,1,1,0,1,0,1,0,0,0,12192.0,2,1,1,1,0,0,1,4,8.4,272.0,0,0,0,0,0,1
466500,63.976,0.0,0,0,1,0,11.355,0.0,0,0,1,0,3.329,-0.955,0,0.0,0,0,1,1,0,1,0,1,0,0,0,12192.0,2,1,1,1,0,0,1,4,7.4,271.4,0,0,0,0,0,1
466600,63.976,0.0,0,0,1,0,11.355,0.0,0,0,1,0,3.239,-0.902,0,0.0,0,0,1,1,0,1,0,1,0,0,0,12192.0,2,1,1,1,0,0,1,4,7.5,269.5,0,0,0,0,0,1
466700,63.976,0.0,0,0,1,0,11.355,0.0,0,0,1,0,3.154,-0.85,0,0.0,0,0,1,1,0,1,0,1,0,0,0,12192.0,2,1,1,1,0,0,1,4,8.1,267.6,0,0,0,0,0,1
466800,63.976,0.0,0,0,1,0,11.355,0.0,0,0,1,0,3.074,-0.798,0,0.0,0,0,1,1,0,1,0,1,0,0,0,12192.0,2,1,1,1,0,0,1,4,7.6,273.7,0,0,0,0,0,1
466900,63.976,0.0,0,0,1,0,11.355,0.0,0,0,1,0,3.0,-0.745,0,0.0,0,0,1,1,0,1,0,1,0,0,0,12192.0,2,1,1,1,0,0,1,4,8.3,268.5,0,0,0,0,0,1
467000,63.976,0.0,0,0,1,0,11.355,0.0,0,0,1,0,2.93,-0.693,0,0.0,0,0,1,1,0,1,0,1,0,0,0,12192.0,2,1,1,1,0,0,1,4,8.1,268.2,0,0,0,0,0,1
467100,63.976,0.0,0,0,1,0,11.355,0.0,0,0,1,0,2.867,-0.64,0,0.0,0,0,1,1,0,1,0,1,0,0,0,12192.0,2,1,1,1,0,0,1,4,8.7,271.9,0,0,0,0,0,1
467200,63.976,0.0,0,0,1,0,11.355,0.0,0,0,1,0,2.808,-0.587,0,0.0,0,0,1,1,0,1,0,1,0,0,0,12192.0,2,1,1,1,0,0,1,4,8.3,266.9,0,0,0,0,0,1
467300,63.976,0.0,0,0,1,0,11.355,0.0,0,0,1,0,2.755,-0.533,0,0.0,0,0,1,1,0,1,0,1,0,0,0,12192.0,2,1,1,1,0,0,1,4,7.9,271.1,0,0,0,0,0,1
467400,63.976,0.0,0,0,1,0,11.355,0.0,0,0,1,0,2.707,-0.48,0,0.0,0,0,1,1,0,1,0,1,0,0,0,12192.0,2,1,1,1,0,0,1,4,8.0,268.1,0,0,0,0,0,1
467500,63.976,0.0,0,0,1,0,11.355,0.0,0,0,1,0,2.664,-0.426,0,0.0,0,0,1,1,0,1,0,1,0,0,0,12192.0,2,1,1,1,0,0,1,4,8.3,272.2,0,0,0,0,0,1
467600,63.976,0.0,0,0,1,0,11.355,0.0,0,0,1,0,2.627,-0.372,0,0.0,0,0,1,1,0,1,0,1,0,0,0,12192.0,2,1,1,1,0,0,1,4,9.0,269.0,0,0,0,0,0,1
467700,63.976,0.0,0,0,1,0,11.355,0.0,0,0,1,0,2.595,-0.317,0,0.0,0,0,1,1,0,1,0,1,0,0,0,12192.0,2,1,1,1,0,0,1,4,7.6,267.0,0,0,0,0,0,1
467800,63.976,0.0,0,0,1,0,11.355,0.0,0,0,1,0,2.569,-0.261,0,0.0,0,0,1,1,0,1,0,1,0,0,0,12192.0,2,1,1,1,0,0,1,4,8.2,269.0,0,0,0,0,0,1
467900,63.976,0.0,0,0,1,0,11.355,0.0,0,0,1,0,2.548,-0.204,0,0.0,0,0,1,1,0,1,0,1,0,0,0,12192.0,2,1,1,1,0,0,1,4,9.2,271.4,0,0,0,0,0,1
468000,63.976,0.0,0,0,1,0,11.355,0.0,0,0,1,0,2.534,-0.145,0,0.0,0,0,1,1,0,1,0,1,0,0,0,12192.0,2,1,1,1,0,0,1,4,8.6,269.4,0,0,0,0,0,1
468100,63.976,0.0,0,0,1,0,11.355,0.0,0,0,1,0,2.526,-0.079,0,0.0,0,0,1,1,0,1,0,1,0,0,0,12192.0,2,1,1,1,0,0,1,4,7.4,267.5,0,0,0,0,0,1
468200,63.976,0.0,0,0,0,0,11.355,0.0,0,0,0,0,2.523,0.0,0,0.0,0,0,0,0,0,1,0,1,0,0,0,12192.0,2,1,1,0,1,0,1,4,8.4,267.5,0,0,0,0,0,1
468300,63.976,0.0,0,0,0,0,11.355,0.0,0,0,0,0,2.523,0.0,0,0.0,0,0,0,0,0,1,0,1,1,1,0,12192.0,2,1,1,0,1,0,1,4,8.7,268.0,0,0,0,0,0,1
468400,63.976,0.0,0,0,0,0,11.355,0.0,0,0,0,0,2.523,0.0,0,0.0,0,0,0,0,0,1,0,1,1,1,0,12192.0,2,1,1,0,1,0,1,4,8.4,268.7,0,0,0,0,0,1
468500,63.976,0.0,0,0,0,0,11.355,0.0,0,0,0,0,2.523,0.0,0,0.0,0,0,0,0,0,1,0,1,1,1,0,12192.0,2,1,1,0,1,0,1,4,8.1,270.2,0,0,0,0,0,1
468600,63.976,0.0,0,0,0,0,11.355,0.0,0,0,0,0,2.523,0.0,0,0.0,0,0,0,0,0,1,0,1,1,1,0,12192.0,2,1,1,0,1,0,1,4,9.3,265.9,0,0,0,0,0,1
468700,63.976,0.0,0,0,0,0,11.355,0.0,0,0,0,0,2.523,0.0,0,0.0,0,0,0,0,0,1,0,1,1,1,0,12192.0,2,1,1,0,1,0,1,4,8.7,270.2,0,0,0,0,0,1
468800,63.976,0.0,0,0,0,0,11.355,0.0,0,0,0,0,2.523,0.0,0,0.0,0,0,0,0,0,1,0,1,1,1,0,12192.0,2,1,1,0,1,0,1,4,7.6,270.5,0,0,0,0,0,1
468900,63.976,0.0,0,0,0,0,11.355,0.0,0,0,0,0,2.523,0.0,0,0.0,0,0,0,0,0,1,0,1,1,1,0,12192.0,2,1,1,0,1,0,1,4,7.7,272.5,0,0,0,0,0,1
469000,63.976,0.0,0,0,0,0,11.355,0.0,0,0,0,0,2.523,0.0,0,0.0,0,0,0,0,0,1,0,1,1,1,0,12192.0,2,1,1,0,1,0,1,4,8.8,266.7,0,0,0,0,0,1
469100,63.976,0.0,0,0,0,0,11.355,0.0,0,0,0,0,2.523,0.0,0,0.0,0,0,0,0,0,1,0,1,1,1,0,12192.0,2,1,1,0,1,0,1,4,8.0,272.7,0,0,0,0,0,1
469200,63.976,0.0,0,0,0,0,11.355,0.0,0,0,0,0,2.523,0.0,0,31.88,0,0,0,0,0,1,1,0,1,1,0,12192.0,2,1,1,0,1,0,1,4,9.0,267.9,0,0,0,0,0,1
469300,63.976,0.0,0,0,0,0,11.355,0.0,0,0,0,0,2.523,0.0,0,32.14,0,0,0,0,0,1,1,0,1,1,0,12192.0,2,1,1,0,1,0,1,4,8.7,264.4,0,0,0,0,0,1
469400,63.976,0.0,0,0,0,0,11.355,0.0,0,0,0,0,2.523,0.0,0,32.18,0,0,0,0,0,1,1,0,1,1,0,12192.0,2,1,1,0,1,0,1,4,8.0,268.1,0,0,0,0,0,1
469500,63.976,0.0,0,0,0,0,11.355,0.0,0,0,0,0,2.523,0.0,0,31.95,0,0,0,0,0,1,1,0,1,1,0,12192.0,2,1,1,0,1,0,1,4,9.1,269.4,0,0,0,0,0,1
469600,63.976,0.0,0,0,0,0,11.355,0.0,0,0,0,0,2.523,0.0,0,32.0,0,0,0,0,0,1,1,0,1,1,0,12192.0,2,1,1,0,1,0,1,4,9.3,271.9,0,0,0,0,0,1
469700,63.976,0.0,0,0,0,0,11.355,0.0,0,0,0,0,2.523,0.0,0,31.87,0,0,0,0,0,1,1,0,1,1,0,12192.0,2,1,1,0,1,0,1,4,8.7,266.2,0,0,0,0,0,1
469800,63.976,0.0,0,0,0,0,11.355,0.0,0,0,0,0,2.523,0.0,0,32.17,0,0,0,0,0,1,1,0,1,1,0,12192.0,2,1,1,0,1,0,1,4,7.9,269.8,0,0,0,0,0,1
469900,63.976,0.0,0,0,0,0,11.355,0.0,0,0,0,0,2.523,0.0,0,31.93,0,0,0,0,0,1,1,0,1,1,0,12192.0,2,1,1,0,1,0,1,4,8.8,270.1,0,0,0,0,0,1
470000,63.976,0.0,0,0,0,0,11.355,0.0,0,0,0,0,2.523,0.0,0,32.06,0,0,0,0,0,1,1,0,1,1,0,12192.0,2,1,1,0,1,0,1,4,8.3,267.7,0,0,0,0,0,1
470100,63.976,0.0,0,0,0,0,11.355,0.0,0,0,0,0,2.523,0.0,0,31.93,0,0,0,0,0,1,1,0,1,1,0,12192.0,2,1,1,0,1,0,1,4,8.1,272.1,0,0,0,0,0,1
470200,63.976,0.0,0,0,0,0,11.355,0.0,0,0,0,0,2.523,0.0,0,31.98,0,0,0,0,0,1,1,0,1,1,0,12192.0,2,1,1,0,1,0,1,4,8.0,269.3,0,0,0,0,0,1
470300,63.976,0.0,0,0,0,0,11.355,0.0,0,0,0,0,2.523,0.0,0,32.16,0,0,0,0,0,1,1,0,1,1,0,12192.0,2,1,1,0,1,0,1,4,7.7,272.3,0,0,0,0,0,1
470400,63.976,0.0,0,0,0,0,11.355,0.0,0,0,0,0,2.523,0.0,0,31.98,0,0,0,0,0,1,1,0,1,1,0,12192.0,2,1,1,0,1,0,1,4,8.1,264.1,0,0,0,0,0,1
470500,63.976,0.0,0,0,1,0,11.355,0.0,0,0,1,0,2.528,0.051,1,33.62,0,0,1,1,0,1,1,0,0,1,0,12192.0,2,1,1,1,0,0,1,4,8.6,271.8,0,0,0,0,0,1
470600,63.976,0.0,0,0,1,0,11.355,0.0,0,0,1,0,2.539,0.102,1,33.79,0,0,1,1,0,1,1,0,0,1,0,12192.0,2,1,1,1,0,0,1,4,7.8,268.4,0,0,0,0,0,1
470700,63.976,0.0,0,0,1,0,11.355,0.0,0,0,1,0,2.554,0.152,1,33.7,0,0,1,1,0,1,1,0,0,1,0,12192.0,2,1,1,1,0,0,1,4,8.0,269.2,0,0,0,0,0,1
470800,63.976,0.0,0,0,1,0,11.355,0.0,0,0,1,0,2.574,0.203,1,33.79,0,0,1,1,0,1,1,0,0,1,0,12192.0,2,1,1,1,0,0,1,4,7.6,273.4,0,0,0,0,0,1
470900,63.976,0.0,0,0,1,0,11.355,0.0,0,0,1,0,2.6,0.254,1,33.82,0,0,1,1,0,1,1,0,0,1,0,12192.0,2,1,1,1,0,0,1,4,8.0,272.0,0,0,0,0,0,1
471000,63.976,0.0,0,0,1,0,11.355,0.0,0,0,1,0,2.63,0.305,1,33.42,0,0,1,1,0,1,1,0,0,1,0,12192.0,2,1,1,1,0,0,1,4,8.3,268.1,0,0,0,0,0,1
471100,63.976,0.0,0,0,1,0,11.355,0.0,0,0,1,0,2.666,0.356,1,33.72,0,0,1,1,0,1,1,0,0,1,0,12192.0,2,1,1,1,0,0,1,4,8.8,272.8,0,0,0,0,0,1
471200,63.976,0.0,0,0,1,0,11.355,0.0,0,0,1,0,2.706,0.407,1,33.49,0,0,1,1,0,1,1,0,0,1,0,12192.0,2,1,1,1,0,0,1,4,7.7,267.4,0,0,0,0,0,1
471300,63.976,0.0,0,0,1,0,11.355,0.0,0,0,1,0,2.752,0.457,1,33.76,0,0,1,1,0,1,1,0,0,1,0,12192.0,2,1,1,1,0,0,1,4,7.7,267.3,0,0,0,0,0,1
471400,63.976,0.0,0,0,1,0,11.355,0.0,0,0,1,0,2.803,0.508,1,33.76,0,0,1,1,0,1,1,0,0,1,0,12192.0,2,1,1,1,0,0,1,4,7.8,264.9,0,0,0,0,0,1
471500,63.976,0.0,0,0,1,0,11.355,0.0,0,0,1,0,2.859,0.559,1,33.71,0,0,1,1,0,1,1,0,0,1,0,12192.0,2,1,1,1,0,0,1,4,7.8,270.3,0,0,0,0,0,1
471600,63.976,0.0,0,0,1,0,11.355,0.0,0,0,1,0,2.92,0.61,1,33.56,0,0,1,1,0,1,1,0,0,1,0,12192.0,2,1,1,1,0,0,1,4,7.5,275.3,0,0,0,0,0,1
471700,63.976,0.0,0,0,1,0,11.355,0.0,0,0,1,0,2.986,0.661,1,33.67,0,0,1,1,0,1,1,0,0,1,0,12192.0,2,1,1,1,0,0,1,4,7.6,272.2,0,0,0,0,0,1
471800,63.976,0.0,0,0,1,0,11.355,0.0,0,0,1,0,3.057,0.711,1,33.92,0,0,1,1,0,1,1,0,0,1,0,12192.0,2,1,1,1,0,0,1,4,8.1,266.5,0,0,0,0,0,1
471900,63.976,0.0,0,0,1,0,11.355,0.0,0,0,1,0,3.133,0.762,1,33.7,0,0,1,1,0,1,1,0,0,1,0,12192.0,2,1,1,1,0,0,1,4,7.5,273.2,0,0,0,0,0,1
472000,63.976,0.0,0,0,1,0,11.355,0.0,0,0,1,0,3.214,0.813,1,33.57,0,0,1,1,0,1,1,0,0,1,0,12192.0,2,1,1,1,0,0,1,4,8.2,267.6,0,0,0,0,0,1
472100,63.976,0.0,0,0,1,0,11.355,0.0,0,0,1,0,3.301,0.864,1,33.73,0,0,1,1,0,1,1,0,0,1,0,12192.0,2,1,1,1,0,0,1,4,8.1,273.2,0,0,0,0,0,1
472200,63.976,0.0,0,0,1,0,11.355,0.0,0,0,1,0,3.392,0.915,1,33.56,0,0,1,1,0,1,1,0,0,1,0,12192.0,2,1,1,1,0,0,1,4,7.9,266.8,0,0,0,0,0,1
472300,63.976,0.0,0,0,1,0,11.355,0.0,0,0,1,0,3.489,0.965,1,33.66,0,0,1,1,0,1,1,0,0,1,0,12192.0,2,1,1,1,0,0,1,4,7.8,264.3,0,0,0,0,0,1
472400,63.976,0.0,0,0,1,0,11.355,0.0,0,0,1,0,3.59,1.016,1,33.63,0,0,1,1,0,1,1,0,0,1,0,12192.0,2,1,1,1,0,0,1,4,7.1,272.1,0,0,0,0,0,1
472500,63.976,0.0,0,0,1,0,11.355,0.0,0,0,1,0,3.697,1.067,1,33.65,0,0,1,1,0,1,1,0,0,1,0,12192.0,2,1,1,1,0,0,1,4,8.3,267.5,0,0,0,0,0,1
472600,63.976,0.0,0,0,1,0,11.355,0.0,0,0,1,0,3.809,1.118,1,33.68,0,0,1,1,0,1,1,0,0,1,0,12192.0,2,1,1,1,0,0,1,4,7.7,273.2,0,0,0,0,0,1
472700,63.976,0.0,0,0,1,0,11.355,0.0,0,0,1,0,3.926,1.169,1,33.56,0,0,1,1,0,1,1,0,0,1,0,12192.0,2,1,1,1,0,0,1,4,7.1,269.9,0,0,0,0,0,1
472800,63.976,0.0,0,0,1,0,11.355,0.0,0,0,1,0,4.048,1.22,1,33.58,0,0,1,1,0,1,1,0,0,1,0,12192.0,2,1,1,1,0,0,1,4,7.8,270.8,0,0,0,0,0,1
472900,63.976,0.0,0,0,1,0,11.355,0.0,0,0,1,0,4.174,1.261,1,33.67,0,0,1,1,0,1,1,0,0,1,0,12192.0,2,1,1,1,0,0,1,4,7.7,266.9,0,0,0,0,0,1
473000,63.976,0.0,0,0,1,0,11.355,0.0,0,0,1,0,4.3,1.261,1,33.81,0,0,1,1,0,1,1,0,0,1,0,12192.0,2,1,1,1,0,0,1,4,7.6,266.0,0,0,0,0,0,1
473100,63.976,0.0,0,0,1,0,11.355,0.0,0,0,1,0,4.426,1.261,1,33.49,0,0,1,1,0,1,1,0,0,1,0,12192.0,2,1,1,1,0,0,1,4,7.4,274.8,0,0,0,0,0,1
473200,63.976,0.0,0,0,1,0,11.355,0.0,0,0,1,0,4.552,1.261,1,33.82,0,0,1,1,0,1,1,0,0,1,0,12192.0,2,1,1,1,0,0,1,4,6.9,266.1,0,0,0,0,0,1
473300,63.976,0.0,0,0,1,0,11.355,0.0,0,0,1,0,4.678,1.261,1,33.58,0,0,1,1,0,1,1,0,0,1,0,12192.0,2,1,1,1,0,0,1,4,6.9,270.2,0,0,0,0,0,1
473400,63.976,0.0,0,0,1,0,11.355,0.0,0,0,1,0,4.804,1.261,1,33.89,0,0,1,1,0,1,1,0,0,1,0,12192.0,2,1,1,1,0,0,1,4,6.5,265.4,0,0,0,0,0,1
473500,63.976,0.0,0,0,1,0,11.355,0.0,0,0,1,0,4.931,1.261,1,33.62,0,0,1,1,0,1,1,0,0,1,0,12192.0,2,1,1,1,0,0,1,4,7.4,268.4,0,0,0,0,0,1
473600,63.976,0.0,0,0,1,0,11.355,0.0,0,0,1,0,5.057,1.261,1,33.74,0,0,1,1,0,1,1,0,0,1,0,12192.0,2,1,1,1,0,0,1,4,8.0,263.2,0,0,0,0,0,1
473700,63.976,0.0,0,0,1,0,11.355,0.0,0,0,1,0,5.183,1.261,1,33.82,0,0,1,1,0,1,1,0,0,1,0,12192.0,2,1,1,1,0,0,1,4,6.9,267.9,0,0,0,0,0,1
473800,63.976,0.0,0,0,1,0,11.355,0.0,0,0,1,0,5.309,1.261,1,33.74,0,0,1,1,0,1,1,0,0,1,0,12192.0,2,1,1,1,0,0,1,4,7.2,270.2,0,0,0,0,0,1
473900,63.976,0.0,0,0,1,0,11.355,0.0,0,0,1,0,5.435,1.261,1,33.68,0,0,1,1,0,1,1,0,0,1,0,12192.0,2,1,1,1,0,0,1,4,7.3,267.9,0,0,0,0,0,1
474000,63.976,0.0,0,0,1,0,11.355,0.0,0,0,1,0,5.561,1.261,1,33.77,0,0,1,1,0,1,1,0,0,1,0,12192.0,2,1,1,1,0,0,1,4,7.1,271.6,0,0,0,0,0,1
474100,63.976,0.0,0,0,1,0,11.355,0.0,0,0,1,0,5.687,1.261,1,33.64,0,0,1,1,0,1,1,0,0,1,0,12192.0,2,1,1,1,0,0,1,4,7.0,270.4,0,0,0,0,0,1
474200,63.976,0.0,0,0,1,0,11.355,0.0,0,0,1,0,5.813,1.261,1,33.77,0,0,1,1,0,1,1,0,0,1,0,12192.0,2,1,1,1,0,0,1,4,7.5,272.5,0,0,0,0,0,1
474300,63.976,0.0,0,0,1,0,11.355,0.0,0,0,1,0,5.94,1.261,1,33.89,0,0,1,1,0,1,1,0,0,1,0,12192.0,2,1,1,1,0,0,1,4,8.2,268.7,0,0,0,0,0,1
474400,63.976,0.0,0,0,1,0,11.355,0.0,0,0,1,0,6.066,1.261,1,33.64,0,0,1,1,0,1,1,0,0,1,0,12192.0,2,1,1,1,0,0,1,4,6.6,268.2,0,0,0,0,0,1
474500,63.976,0.0,0,0,1,0,11.355,0.0,0,0,1,0,6.192,1.261,1,33.43,0,0,1,1,0,1,1,0,0,1,0,12192.0,2,1,1,1,0,0,1,4,7.7,271.9,0,0,0,0,0,1
474600,63.976,0.0,0,0,1,0,11.355,0.0,0,0,1,0,6.318,1.261,1,33.62,0,0,1,1,0,1,1,0,0,1,0,12192.0,2,1,1,1,0,0,1,4,7.0,270.2,0,0,0,0,0,1
474700,63.976,0.0,0,0,1,0,11.355,0.0,0,0,1,0,6.444,1.261,1,33.73,0,0,1,1,0,1,1,0,0,1,0,12192.0,2,1,1,1,0,0,1,4,7.0,271.5,0,0,0,0,0,1
474800,63.976,0.0,0,0,1,0,11.355,0.0,0,0,1,0,6.57,1.261,1,33.55,0,0,1,1,0,1,1,0,0,1,0,12192.0,2,1,1,1,0,0,1,4,7.3,271.1,0,0,0,0,0,1
474900,63.976,0.0,0,0,1,0,11.355,0.0,0,0,1,0,6.696,1.261,1,33.69,0,0,1,1,0,1,1,0,0,1,0,12192.0,2,1,1,1,0,0,1,4,8.1,271.0,0,0,0,0,0,1
475000,63.976,0.0,0,0,1,0,11.355,0.0,0,0,1,0,6.822,1.261,1,33.8,0,0,1,1,0,1,1,0,0,1,0,12192.0,2,1,1,1,0,0,1,4,7.5,271.0,0,0,0,0,0,1
475100,63.976,0.0,0,0,1,0,11.355,0.0,0,0,1,0,6.949,1.261,1,33.62,0,0,1,1,0,1,1,0,0,1,0,12192.0,2,1,1,1,0,0,1,4,8.4,268.8,0,0,0,0,0,1
475200,63.976,0.0,0,0,1,0,11.355,0.0,0,0,1,0,7.075,1.261,1,33.5,0,0,1,1,0,1,1,0,0,1,0,12192.0,2,1,1,1,0,0,1,4,8.6,271.9,0,0,0,0,0,1
475300,63.976,0.0,0,0,1,0,11.355,0.0,0,0,1,0,7.201,1.261,1,33.81,0,0,1,1,0,1,1,0,0,1,0,12192.0,2,1,1,1,0,0,1,4,7.8,271.9,0,0,0,0,0,1
475400,63.976,0.0,0,0,1,0,11.355,0.0,0,0,1,0,7.327,1.261,1,33.6,0,0,1,1,0,1,1,0,0,1,0,12192.0,2,1,1,1,0,0,1,4,7.2,267.5,0,0,0,0,0,1
475500,63.976,0.0,0,0,1,0,11.355,0.0,0,0,1,0,7.453,1.261,1,33.86,0,0,1,1,0,1,1,0,0,1,0,12192.0,2,1,1,1,0,0,1,4,8.2,269.3,0,0,0,0,0,1
475600,63.976,0.0,0,0,1,0,11.355,0.0,0,0,1,0,7.579,1.261,1,33.65,0,0,1,1,0,1,1,0,0,1,0,12192.0,2,1,1,1,0,0,1,4,8.1,268.8,0,0,0,0,0,1
475700,63.976,0.0,0,0,1,0,11.355,0.0,0,0,1,0,7.705,1.261,1,33.96,0,0,1,1,0,1,1,0,0,1,0,12192.0,2,1,1,1,0,0,1,4,8.1,265.5,0,0,0,0,0,1
475800,63.976,0.0,0,0,1,0,11.355,0.0,0,0,1,0,7.831,1.261,1,33.53,0,0,1,1,0,1,1,0,0,1,0,12192.0,2,1,1,1,0,0,1,4,6.9,271.0,0,0,0,0,0,1
475900,63.976,0.0,0,0,1,0,11.355,0.0,0,0,1,0,7.958,1.261,1,33.68,0,0,1,1,0,1,1,0,0,1,0,12192.0,2,1,1,1,0,0,1,4,7.7,273.6,0,0,0,0,0,1
476000,63.976,0.0,0,0,1,0,11.355,0.0,0,0,1,0,8.084,1.261,1,33.98,0,0,1,1,0,1,1,0,0,1,0,12192.0,2,1,1,1,0,0,1,4,8.1,268.4,0,0,0,0,0,1
476100,63.976,0.0,0,0,1,0,11.355,0.0,0,0,1,0,8.21,1.261,1,33.67,0,0,1,1,0,1,1,0,0,1,0,12192.0,2,1,1,1,0,0,1,4,8.4,265.7,0,0,0,0,0,1
476200,63.976,0.0,0,0,1,0,11.355,0.0,0,0,1,0,8.336,1.261,1,33.59,0,0,1,1,0,1,1,0,0,1,0,12192.0,2,1,1,1,0,0,1,4,8.4,272.0,0,0,0,0,0,1
476300,63.976,0.0,0,0,1,0,11.355,0.0,0,0,1,0,8.462,1.261,1,33.62,0,0,1,1,0,1,1,0,0,1,0,12192.0,2,1,1,1,0,0,1,4,7.1,269.6,0,0,0,0,0,1
476400,63.976,0.0,0,0,1,0,11.355,0.0,0,0,1,0,8.588,1.261,1,33.64,0,0,1,1,0,1,1,0,0,1,0,12192.0,2,1,1,1,0,0,1,4,8.8,272.5,0,0,0,0,0,1
476500,63.976,0.0,0,0,1,0,11.355,0.0,0,0,1,0,8.714,1.261,1,33.72,0,0,1,1,0,1,1,0,0,1,0,12192.0,2,1,1,1,0,0,1,4,9.4,266.3,0,0,0,0,0,1
476600,63.976,0.0,0,0,1,0,11.355,0.0,0,0,1,0,8.84,1.261,1,33.77,0,0,1,1,0,1,1,0,0,1,0,12192.0,2,1,1,1,0,0,1,4,8.7,271.1,0,0,0,0,0,1
476700,63.976,0.0,0,0,1,0,11.355,0.0,0,0,1,0,8.966,1.261,1,33.67,0,0,1,1,0,1,1,0,0,1,0,12192.0,2,1,1,1,0,0,1,4,8.2,269.2,0,0,0,0,0,1
476800,63.976,0.0,0,0,1,0,11.355,0.0,0,0,1,0,9.093,1.261,1,33.88,0,0,1,1,0,1,1,0,0,1,0,12192.0,2,1,1,1,0,0,1,4,8.1,267.6,0,0,0,0,0,1
476900,63.976,0.0,0,0,1,0,11.355,0.0,0,0,1,0,9.219,1.261,1,33.65,0,0,1,1,0,1,1,0,0,1,0,12192.0,2,1,1,1,0,0,1,4,8.2,267.1,0,0,0,0,0,1
477000,63.976,0.0,0,0,1,0,11.355,0.0,0,0,1,0,9.345,1.261,1,33.44,0,0,1,1,0,1,1,0,0,1,0,12192.0,2,1,1,1,0,0,1,4,8.3,271.5,0,0,0,0,0,1
477100,63.976,0.0,0,0,1,0,11.355,0.0,0,0,1,0,9.471,1.261,1,33.63,0,0,1,1,0,1,1,0,0,1,0,12192.0,2,1,1,1,0,0,1,4,8.5,269.2,0,0,0,0,0,1
477200,63.976,0.0,0,0,1,0,11.355,0.0,0,0,1,0,9.597,1.261,1,33.59,0,0,1,1,0,1,1,0,0,1,0,12192.0,2,1,1,1,0,0,1,4,8.8,274.8,0,0,0,0,0,1
477300,63.976,0.0,0,0,1,0,11.355,0.0,0,0,1,0,9.723,1.261,1,33.57,0,0,1,1,0,1,1,0,0,1,0,12192.0,2,1,1,1,0,0,1,4,9.0,269.6,0,0,0,0,0,1
477400,63.976,0.0,0,0,1,0,11.355,0.0,0,0,1,0,9.849,1.261,1,33.52,0,0,1,1,0,1,1,0,0,1,0,12192.0,2,1,1,1,0,0,1,4,8.7,265.2,0,0,0,0,0,1
477500,63.976,0.0,0,0,1,0,11.355,0.0,0,0,1,0,9.975,1.261,1,33.83,0,0,1,1,0,1,1,0,0,1,0,12192.0,2,1,1,1,0,0,1,4,8.9,271.0,0,0,0,0,0,1
477600,63.976,0.0,0,0,1,0,11.355,0.0,0,0,1,0,10.102,1.261,1,33.74,0,0,1,1,0,1,1,0,0,1,0,12192.0,2,1,1,1,0,0,1,4,9.1,274.2,0,0,0,0,0,1
477700,63.976,0.0,0,0,1,0,11.355,0.0,0,0,1,0,10.228,1.261,1,33.36,0,0,1,1,0,1,1,0,0,1,0,12192.0,2,1,1,1,0,0,1,4,8.5,269.9,0,0,0,0,0,1
477800,63.976,0.0,0,0,1,0,11.355,0.0,0,0,1,0,10.354,1.261,1,33.67,0,0,1,1,0,1,1,0,0,1,0,12192.0,2,1,1,1,0,0,1,4,8.9,270.2,0,0,0,0,0,1
477900,63.976,0.0,0,0,1,0,11.355,0.0,0,0,1,0,10.48,1.261,1,33.7,0,0,1,1,0,1,1,0,0,1,0,12192.0,2,1,1,1,0,0,1,4,8.8,271.3,0,0,0,0,0,1
478000,63.976,0.0,0,0,1,0,11.355,0.0,0,0,1,0,10.606,1.261,1,33.8,0,0,1,1,0,1,1,0,0,1,0,12192.0,2,1,1,1,0,0,1,4,8.7,271.5,0,0,0,0,0,1
478100,63.976,0.0,0,0,1,0,11.355,0.0,0,0,1,0,10.732,1.261,1,33.56,0,0,1,1,0,1,1,0,0,1,0,12192.0,2,1,1,1,0,0,1,4,8.0,269.5,0,0,0,0,0,1
478200,63.976,0.0,0,0,1,0,11.355,0.0,0,0,1,0,10.858,1.261,1,33.66,0,0,1,1,0,1,1,0,0,1,0,12192.0,2,1,1,1,0,0,1,4,8.3,273.2,0,0,0,0,0,1
478300,63.976,0.0,0,0,1,0,11.355,0.0,0,0,1,0,10.984,1.261,1,33.76,0,0,1,1,0,1,1,0,0,1,0,12192.0,2,1,1,1,0,0,1,4,8.9,270.1,0,0,0,0,0,1
478400,63.976,0.0,0,0,1,0,11.355,0.0,0,0,1,0,11.111,1.261,1,33.72,0,0,1,1,0,1,1,0,0,1,0,12192.0,2,1,1,1,0,0,1,4,8.8,275.8,0,0,0,0,0,1
478500,63.976,0.0,0,0,1,0,11.355,0.0,0,0,1,0,11.237,1.261,1,33.73,0,0,1,1,0,1,1,0,0,1,0,12192.0,2,1,1,1,0,0,1,4,9.2,271.9,0,0,0,0,0,1
478600,63.976,0.0,0,0,1,0,11.355,0.0,0,0,1,0,11.363,1.261,1,33.75,0,0,1,1,0,1,1,0,0,1,0,12192.0,2,1,1,1,0,0,1,4,8.9,270.0,0,0,0,0,0,1
478700,63.976,0.0,0,0,1,0,11.355,0.0,0,0,1,0,11.489,1.261,1,33.65,0,0,1,1,0,1,1,0,0,1,0,12192.0,2,1,1,1,0,0,1,4,8.6,270.9,0,0,0,0,0,1
478800,63.976,0.0,0,0,1,0,11.355,0.0,0,0,1,0,11.615,1.261,1,33.55,0,0,1,1,0,1,1,0,0,1,0,12192.0,2,1,1,1,0,0,1,4,8.0,268.7,0,0,0,0,0,1
478900,63.976,0.0,0,0,1,0,11.355,0.0,0,0,1,0,11.741,1.261,1,33.76,0,0,1,1,0,1,1,0,0,1,0,12192.0,2,1,1,1,0,0,1,4,9.6,272.1,0,0,0,0,0,1
479000,63.976,0.0,0,0,1,0,11.355,0.0,0,0,1,0,11.867,1.261,1,33.74,0,0,1,1,0,1,1,0,0,1,0,12192.0,2,1,1,1,0,0,1,4,8.4,268.6,0,0,0,0,0,1
479100,63.976,0.0,0,0,1,0,11.355,0.0,0,0,1,0,11.993,1.261,1,33.59,0,0,1,1,0,1,1,0,0,1,0,12192.0,2,1,1,1,0,0,1,4,7.6,267.1,0,0,0,0,0,1
479200,63.976,0.0,0,0,1,0,11.355,0.0,0,0,1,0,12.114,1.21,1,30.41,0,0,1,1,0,1,1,0,0,1,0,12192.0,2,1,1,1,0,0,1,4,9.6,268.3,0,0,0,0,0,1
479300,63.976,0.0,0,0,1,0,11.355,0.0,0,0,1,0,12.23,1.16,1,30.19,0,0,1,1,0,1,1,0,0,1,0,12192.0,2,1,1,1,0,0,1,4,9.0,270.6,0,0,0,0,0,1
479400,63.976,0.0,0,0,1,0,11.355,0.0,0,0,1,0,12.341,1.109,1,30.35,0,0,1,1,0,1,1,0,0,1,0,12192.0,2,1,1,1,0,0,1,4,7.9,270.5,0,0,0,0,0,1
479500,63.976,0.0,0,0,1,0,11.355,0.0,0,0,1,0,12.447,1.058,1,30.42,0,0,1,1,0,1,1,0,0,1,0,12192.0,2,1,1,1,0,0,1,4,8.4,269.3,0,0,0,0,0,1
479600,63.976,0.0,0,0,1,0,11.355,0.0,0,0,1,0,12.548,1.007,1,30.27,0,0,1,1,0,1,1,0,0,1,0,12192.0,2,1,1,1,0,0,1,4,7.4,269.5,0,0,0,0,0,1
479700,63.976,0.0,0,0,1,0,11.355,0.0,0,0,1,0,12.643,0.954,1,30.35,0,0,1,1,0,1,1,0,0,1,0,12192.0,2,1,1,1,0,0,1,4,8.5,271.3,0,0,0,0,0,1
479800,63.976,0.0,0,0,1,0,11.355,0.0,0,0,1,0,12.733,0.902,1,30.25,0,0,1,1,0,1,1,0,0,1,0,12192.0,2,1,1,1,0,0,1,4,7.8,270.1,0,0,0,0,0,1
479900,63.976,0.0,0,0,1,0,11.355,0.0,0,0,1,0,12.818,0.85,1,30.32,0,0,1,1,0,1,1,0,0,1,0,12192.0,2,1,1,1,0,0,1,4,7.1,270.8,0,0,0,0,0,1
480000,63.976,0.0,0,0,1,0,11.355,0.0,0,0,1,0,12.898,0.797,1,30.33,0,0,1,1,0,1,1,0,0,1,0,12192.0,2,1,1,1,0,0,1,4,7.6,270.4,0,0,0,0,0,1
480100,63.976,0.0,0,0,1,0,11.355,0.0,0,0,1,0,12.973,0.745,1,30.4,0,0,1,1,0,1,1,0,0,1,0,12192.0,2,1,1,1,0,0,1,4,8.3,270.0,0,0,0,0,0,1
480200,63.976,0.0,0,0,1,0,11.355,0.0,0,0,1,0,13.042,0.692,1,30.46,0,0,1,1,0,1,1,0,0,1,0,12192.0,2,1,1,1,0,0,1,4,8.1,274.1,0,0,0,0,0,1
480300,63.976,0.0,0,0,1,0,11.355,0.0,0,0,1,0,13.106,0.639,1,30.48,0,0,1,1,0,1,1,0,0,1,0,12192.0,2,1,1,1,0,0,1,4,7.8,271.5,0,0,0,0,0,1
480400,63.976,0.0,0,0,1,0,11.355,0.0,0,0,1,0,13.164,0.586,1,30.22,0,0,1,1,0,1,1,0,0,1,0,12192.0,2,1,1,1,0,0,1,4,7.5,272.2,0,0,0,0,0,1
480500,63.976,0.0,0,0,1,0,11.355,0.0,0,0,1,0,13.218,0.533,1,30.24,0,0,1,1,0,1,1,0,0,1,0,12192.0,2,1,1,1,0,0,1,4,7.9,268.9,0,0,0,0,0,1
480600,63.976,0.0,0,0,1,0,11.355,0.0,0,0,1,0,13.266,0.48,1,30.35,0,0,1,1,0,1,1,0,0,1,0,12192.0,2,1,1,1,0,0,1,4,7.9,265.5,0,0,0,0,0,1
480700,63.976,0.0,0,0,1,0,11.355,0.0,0,0,1,0,13.308,0.426,1,30.36,0,0,1,1,0,1,1,0,0,1,0,12192.0,2,1,1,1,0,0,1,4,7.6,269.0,0,0,0,0,0,1
480800,63.976,0.0,0,0,1,0,11.355,0.0,0,0,1,0,13.345,0.372,1,30.32,0,0,1,1,0,1,1,0,0,1,0,12192.0,2,1,1,1,0,0,1,4,7.3,270.6,0,0,0,0,0,1
480900,63.976,0.0,0,0,1,0,11.355,0.0,0,0,1,0,13.377,0.317,1,30.34,0,0,1,1,0,1,1,0,0,1,0,12192.0,2,1,1,1,0,0,1,4,8.1,271.2,0,0,0,0,0,1
481000,63.976,0.0,0,0,1,0,11.355,0.0,0,0,1,0,13.403,0.261,1,30.41,0,0,1,1,0,1,1,0,0,1,0,12192.0,2,1,1,1,0,0,1,4,7.0,266.0,0,0,0,0,0,1
481100,63.976,0.0,0,0,1,0,11.355,0.0,0,0,1,0,13.424,0.204,1,30.5,0,0,1,1,0,1,1,0,0,1,0,12192.0,2,1,1,1,0,0,1,4,7.5,271.7,0,0,0,0,0,1
481200,63.976,0.0,0,0,1,0,11.355,0.0,0,0,1,0,13.438,0.144,1,30.21,0,0,1,1,0,1,1,0,0,1,0,12192.0,2,1,1,1,0,0,1,4,8.5,267.6,0,0,0,0,0,1
481300,63.976,0.0,0,0,1,0,11.355,0.0,0,0,1,0,13.446,0.079,1,30.37,0,0,1,1,0,1,1,0,0,1,0,12192.0,2,1,1,1,0,0,1,4,7.7,265.1,0,0,0,0,0,1
481400,63.976,0.0,0,0,0,0,11.355,0.0,0,0,0,0,13.449,0.0,0,32.26,0,0,0,0,0,1,1,0,0,1,0,12192.0,2,1,1,0,1,0,1,4,7.2,269.9,0,0,0,0,0,1
481500,63.978,0.015,1,1,1,0,11.349,-0.061,0,1,1,0,13.449,0.0,0,31.79,0,0,0,1,0,1,1,0,0,1,0,12192.0,2,1,1,1,0,0,1,4,8.1,269.5,0,0,0,0,0,1
481600,63.981,0.03,1,1,1,0,11.337,-0.122,0,1,1,0,13.449,0.0,0,32.02,0,0,0,1,0,1,1,0,0,1,0,12192.0,2,1,1,1,0,0,1,4,7.4,272.5,0,0,0,0,0,1
481700,63.985,0.045,1,1,1,0,11.318,-0.184,0,1,1,0,13.449,0.0,0,32.06,0,0,0,1,0,1,1,0,0,1,0,12192.0,2,1,1,1,0,0,1,4,7.5,270.9,0,0,0,0,0,1
481800,63.991,0.06,1,1,1,0,11.294,-0.245,0,1,1,0,13.449,0.0,0,31.96,0,0,0,1,0,1,1,0,0,1,0,12192.0,2,1,1,1,0,0,1,4,7.1,269.6,0,0,0,0,0,1
481900,63.999,0.075,1,1,1,0,11.263,-0.306,0,1,1,0,13.449,0.0,0,32.11,0,0,0,1,0,1,1,0,0,1,0,12192.0,2,1,1,1,0,0,1,4,8.1,269.7,0,0,0,0,0,1
482000,64.008,0.09,1,1,1,0,11.227,-0.367,0,1,1,0,13.449,0.0,0,31.98,0,0,0,1,0,1,1,0,0,1,0,12192.0,2,1,1,1,0,0,1,4,7.1,269.6,0,0,0,0,0,1
482100,64.018,0.106,1,1,1,0,11.184,-0.428,0,1,1,0,13.449,0.0,0,32.06,0,0,0,1,0,1,1,0,0,1,0,12192.0,2,1,1,1,0,0,1,4,6.9,267.9,0,0,0,0,0,1
482200,64.03,0.121,1,1,1,0,11.135,-0.49,0,1,1,0,13.449,0.0,0,32.19,0,0,0,1,0,1,1,0,0,1,0,12192.0,2,1,1,1,0,0,1,4,7.6,268.8,0,0,0,0,0,1
482300,64.044,0.136,1,1,1,0,11.08,-0.551,0,1,1,0,13.449,0.0,0,31.8,0,0,0,1,0,1,1,0,0,1,0,12192.0,2,1,1,1,0,0,1,4,7.7,271.6,0,0,0,0,0,1
482400,64.059,0.151,1,1,1,0,11.018,-0.612,0,1,1,0,13.449,0.0,0,31.97,0,0,0,1,0,1,1,0,0,1,0,12192.0,2,1,1,1,0,0,1,4,7.6,271.7,0,0,0,0,0,1
482500,64.076,0.166,1,1,1,0,10.951,-0.673,0,1,1,0,13.449,0.0,0,32.07,0,0,0,1,0,1,1,0,0,1,0,12192.0,2,1,1,1,0,0,1,4,8.2,271.5,0,0,0,0,0,1
482600,64.094,0.181,1,1,1,0,10.878,-0.734,0,1,1,0,13.449,0.0,0,31.93,0,0,0,1,0,1,1,0,0,1,0,12192.0,2,1,1,1,0,0,1,4,7.2,268.8,0,0,0,0,0,1
482700,64.113,0.196,1,1,1,0,10.798,-0.795,0,1,1,0,13.449,0.0,0,31.97,0,0,0,1,0,1,1,0,0,1,0,12192.0,2,1,1,1,0,0,1,4,7.9,272.5,0,0,0,0,0,1
482800,64.131,0.181,1,1,1,0,10.712,-0.857,0,1,1,0,13.449,0.0,0,32.1,0,0,0,1,0,1,1,0,0,1,0,12192.0,2,1,1,1,0,0,1,4,8.0,270.8,0,0,0,0,0,1
482900,64.148,0.166,1,1,1,0,10.621,-0.918,0,1,1,0,13.449,0.0,0,32.08,0,0,0,1,0,1,1,0,0,1,0,12192.0,2,1,1,1,0,0,1,4,7.5,272.0,0,0,0,0,0,1
483000,64.163,0.151,1,1,1,0,10.523,-0.979,0,1,1,0,13.449,0.0,0,31.95,0,0,0,1,0,1,1,0,0,1,0,12192.0,2,1,1,1,0,0,1,4,7.3,273.1,0,0,0,0,0,1
483100,64.177,0.136,1,1,1,0,10.419,-1.04,0,1,1,0,13.449,0.0,0,32.03,0,0,0,1,0,1,1,0,0,1,0,12192.0,2,1,1,1,0,0,1,4,7.5,267.6,0,0,0,0,0,1
483200,64.189,0.121,1,1,1,0,10.309,-1.101,0,1,1,0,13.449,0.0,0,32.11,0,0,0,1,0,1,1,0,0,1,0,12192.0,2,1,1,1,0,0,1,4,7.7,269.0,0,0,0,0,0,1
483300,64.199,0.106,1,1,1,0,10.192,-1.163,0,1,1,0,13.449,0.0,0,32.08,0,0,0,1,0,1,1,0,0,1,0,12192.0,2,1,1,1,0,0,1,4,7.8,271.0,0,0,0,0,0,1
483400,64.208,0.09,1,1,1,0,10.07,-1.224,0,1,1,0,13.449,0.0,0,31.89,0,0,0,1,0,1,1,0,0,1,0,12192.0,2,1,1,1,0,0,1,4,7.4,269.7,0,0,0,0,0,1
483500,64.216,0.075,1,1,1,0,9.941,-1.285,0,1,1,0,13.449,0.0,0,32.08,0,0,0,1,0,1,1,0,0,1,0,12192.0,2,1,1,1,0,0,1,4,6.9,275.2,0,0,0,0,0,1
483600,64.222,0.06,1,1,1,0,9.807,-1.346,0,1,1,0,13.449,0.0,0,32.1,0,0,0,1,0,1,1,0,0,1,0,12192.0,2,1,1,1,0,0,1,4,7.8,274.9,0,0,0,0,0,1
483700,64.226,0.045,1,1,1,0,9.666,-1.407,0,1,1,0,13.449,0.0,0,32.04,0,0,0,1,0,1,1,0,0,1,0,12192.0,2,1,1,1,0,0,1,4,8.1,268.7,0,0,0,0,0,1
483800,64.229,0.03,1,1,1,0,9.519,-1.469,0,1,1,0,13.449,0.0,0,32.16,0,0,0,1,0,1,1,0,0,1,0,12192.0,2,1,1,1,0,0,1,4,7.4,273.7,0,0,0,0,0,1
483900,64.231,0.0,0,0,1,0,9.366,-1.53,0,1,1,0,13.449,0.0,0,32.04,0,0,0,1,0,1,1,0,0,1,0,12192.0,2,1,1,1,0,0,1,4,8.0,277.1,0,0,0,0,0,1
484000,64.231,0.0,0,0,1,0,9.207,-1.591,0,1,1,0,13.449,0.0,0,31.93,0,0,0,1,0,1,1,0,0,1,0,12192.0,2,1,1,1,0,0,1,4,6.8,268.3,0,0,0,0,0,1
484100,64.231,0.0,0,0,1,0,9.042,-1.652,0,1,1,0,13.449,0.0,0,31.98,0,0,0,1,0,1,1,0,0,1,0,12192.0,2,1,1,1,0,0,1,4,7.8,271.3,0,0,0,0,0,1
484200,64.231,0.0,0,0,1,0,8.871,-1.713,0,1,1,0,13.449,0.0,0,32.06,0,0,0,1,0,1,1,0,0,1,0,12192.0,2,1,1,1,0,0,1,4,7.5,266.4,0,0,0,0,0,1
484300,64.231,0.0,0,0,1,0,8.693,-1.775,0,1,1,0,13.449,0.0,0,32.08,0,0,0,1,0,1,1,0,0,1,0,12192.0,2,1,1,1,0,0,1,4,7.6,271.4,0,0,0,0,0,1
484400,64.231,0.0,0,0,1,0,8.51,-1.836,0,1,1,0,13.449,0.0,0,32.01,0,0,0,1,0,1,1,0,0,1,0,12192.0,2,1,1,1,0,0,1,4,7.5,270.8,0,0,0,0,0,1
484500,64.231,0.0,0,0,1,0,8.32,-1.897,0,1,1,0,13.449,0.0,0,32.06,0,0,0,1,0,1,1,0,0,1,0,12192.0,2,1,1,1,0,0,1,4,7.7,268.7,0,0,0,0,0,1
484600,64.231,0.0,0,0,1,0,8.124,-1.958,0,1,1,0,13.449,0.0,0,31.86,0,0,0,1,0,1,1,0,0,1,0,12192.0,2,1,1,1,0,0,1,4,7.9,268.5,0,0,0,0,0,1
484700,64.231,0.0,0,0,1,0,7.922,-2.019,0,1,1,0,13.449,0.0,0,32.09,0,0,0,1,0,1,1,0,0,1,0,12192.0,2,1,1,1,0,0,1,4,8.3,271.2,0,0,0,0,0,1
484800,64.231,0.0,0,0,1,0,7.714,-2.081,0,1,1,0,13.449,0.0,0,32.15,0,0,0,1,0,1,1,0,0,1,0,12192.0,2,1,1,1,0,0,1,4,7.5,266.7,0,0,0,0,0,1
484900,64.231,0.0,0,0,1,0,7.5,-2.142,0,1,1,0,13.449,0.0,0,32.18,0,0,0,1,0,1,1,0,0,1,0,12192.0,2,1,1,1,0,0,1,4,8.3,268.7,0,0,0,0,0,1
485000,64.231,0.0,0,0,1,0,7.28,-2.203,0,1,1,0,13.449,0.0,0,32.16,0,0,0,1,0,1,1,0,0,1,0,12192.0,2,1,1,1,0,0,1,4,8.0,271.1,0,0,0,0,0,1
485100,64.231,0.0,0,0,1,0,7.053,-2.264,0,1,1,0,13.449,0.0,0,32.02,0,0,0,1,0,1,1,0,0,1,0,12192.0,2,1,1,1,0,0,1,4,8.2,271.2,0,0,0,0,0,1
485200,64.231,0.0,0,0,1,0,6.824,-2.294,0,1,1,0,13.449,0.0,0,32.14,0,0,0,1,0,1,1,0,0,1,0,12192.0,2,1,1,1,0,0,1,4,8.7,270.5,0,0,0,0,0,1
485300,64.231,0.0,0,0,1,0,6.601,-2.232,0,1,1,0,13.449,0.0,0,31.93,0,0,0,1,0,1,1,0,0,1,0,12192.0,2,1,1,1,0,0,1,4,7.7,268.6,0,0,0,0,0,1
485400,64.231,0.0,0,0,1,0,6.384,-2.17,0,1,1,0,13.449,0.0,0,31.87,0,0,0,1,0,1,1,0,0,1,0,12192.0,2,1,1,1,0,0,1,4,8.1,266.8,0,0,0,0,0,1
485500,64.231,0.0,0,0,1,0,6.173,-2.108,0,1,1,0,13.449,0.0,0,31.69,0,0,0,1,0,1,1,0,0,1,0,12192.0,2,1,1,1,0,0,1,4,8.3,273.4,0,0,0,0,0,1
485600,64.231,0.0,0,0,1,0,5.968,-2.046,0,1,1,0,13.449,0.0,0,31.89,0,0,0,1,0,1,1,0,0,1,0,12192.0,2,1,1,1,0,0,1,4,8.1,267.9,0,0,0,0,0,1
485700,64.231,0.0,0,0,1,0,5.77,-1.984,0,1,1,0,13.449,0.0,0,31.95,0,0,0,1,0,1,1,0,0,1,0,12192.0,2,1,1,1,0,0,1,4,8.0,270.5,0,0,0,0,0,1
485800,64.231,0.0,0,0,1,0,5.578,-1.921,0,1,1,0,13.449,0.0,0,31.97,0,0,0,1,0,1,1,0,0,1,0,12192.0,2,1,1,1,0,0,1,4,7.7,272.3,0,0,0,0,0,1
485900,64.231,0.0,0,0,1,0,5.392,-1.859,0,1,1,0,13.449,0.0,0,31.75,0,0,0,1,0,1,1,0,0,1,0,12192.0,2,1,1,1,0,0,1,4,8.9,271.0,0,0,0,0,0,1
486000,64.231,0.0,0,0,1,0,5.212,-1.797,0,1,1,0,13.449,0.0,0,31.96,0,0,0,1,0,1,1,0,0,1,0,12192.0,2,1,1,1,0,0,1,4,8.8,266.3,0,0,0,0,0,1
486100,64.231,0.0,0,0,1,0,5.039,-1.735,0,1,1,0,13.449,0.0,0,31.97,0,0,0,1,0,1,1,0,0,1,0,12192.0,2,1,1,1,0,0,1,4,8.6,265.9,0,0,0,0,0,1
486200,64.231,0.0,0,0,1,0,4.871,-1.672,0,1,1,0,13.449,0.0,0,31.94,0,0,0,1,0,1,1,0,0,1,0,12192.0,2,1,1,1,0,0,1,4,8.5,270.2,0,0,0,0,0,1
486300,64.231,0.0,0,0,1,0,4.71,-1.61,0,1,1,0,13.449,0.0,0,32.04,0,0,0,1,0,1,1,0,0,1,0,12192.0,2,1,1,1,0,0,1,4,8.5,269.3,0,0,0,0,0,1
486400,64.231,0.0,0,0,1,0,4.556,-1.548,0,1,1,0,13.449,0.0,0,31.96,0,0,0,1,0,1,1,0,0,1,0,12192.0,2,1,1,1,0,0,1,4,9.0,271.3,0,0,0,0,0,1
486500,64.231,0.0,0,0,1,0,4.407,-1.485,0,1,1,0,13.449,0.0,0,32.07,0,0,0,1,0,1,1,0,0,1,0,12192.0,2,1,1,1,0,0,1,4,8.8,269.3,0,0,0,0,0,1
486600,64.231,0.0,0,0,1,0,4.265,-1.423,0,1,1,0,13.449,0.0,0,31.91,0,0,0,1,0,1,1,0,0,1,0,12192.0,2,1,1,1,0,0,1,4,9.1,269.6,0,0,0,0,0,1
486700,64.231,0.0,0,0,1,0,4.129,-1.36,0,1,1,0,13.449,0.0,0,32.09,0,0,0,1,0,1,1,0,0,1,0,12192.0,2,1,1,1,0,0,1,4,7.7,270.0,0,0,0,0,0,1
486800,64.231,0.0,0,0,1,0,3.999,-1.297,0,1,1,0,13.449,0.0,0,32.0,0,0,0,1,0,1,1,0,0,1,0,12192.0,2,1,1,1,0,0,1,4,9.8,267.9,0,0,0,0,0,1
486900,64.231,0.0,0,0,1,0,3.876,-1.235,0,1,1,0,13.449,0.0,0,32.21,0,0,0,1,0,1,1,0,0,1,0,12192.0,2,1,1,1,0,0,1,4,9.7,266.5,0,0,0,0,0,1
487000,64.231,0.0,0,0,1,0,3.758,-1.172,0,1,1,0,13.449,0.0,0,32.07,0,0,0,1,0,1,1,0,0,1,0,12192.0,2,1,1,1,0,0,1,4,8.9,274.6,0,0,0,0,0,1
487100,64.231,0.0,0,0,1,0,3.648,-1.109,0,1,1,0,13.449,0.0,0,32.02,0,0,0,1,0,1,1,0,0,1,0,12192.0,2,1,1,1,0,0,1,4,8.6,266.1,0,0,0,0,0,1
487200,64.231,0.0,0,0,1,0,3.543,-1.046,0,1,1,0,13.449,0.0,0,31.97,0,0,0,1,0,1,1,0,0,1,0,12192.0,2,1,1,1,0,0,1,4,8.4,268.7,0,0,0,0,0,1
487300,64.231,0.0,0,0,1,0,3.445,-0.983,0,1,1,0,13.449,0.0,0,32.07,0,0,0,1,0,1,1,0,0,1,0,12192.0,2,1,1,1,0,0,1,4,8.4,270.7,0,0,0,0,0,1
487400,64.231,0.0,0,0,1,0,3.353,-0.92,0,1,1,0,13.449,0.0,0,31.93,0,0,0,1,0,1,1,0,0,1,0,12192.0,2,1,1,1,0,0,1,4,8.6,269.5,0,0,0,0,0,1
487500,64.231,0.0,0,0,1,0,3.267,-0.856,0,1,1,0,13.449,0.0,0,32.01,0,0,0,1,0,1,1,0,0,1,0,12192.0,2,1,1,1,0,0,1,4,8.1,268.5,0,0,0,0,0,1
487600,64.231,0.0,0,0,1,0,3.188,-0.793,0,1,1,0,13.449,0.0,0,31.94,0,0,0,1,0,1,1,0,0,1,0,12192.0,2,1,1,1,0,0,1,4,8.3,269.1,0,0,0,0,0,1
487700,64.231,0.0,0,0,1,0,3.115,-0.729,0,1,1,0,13.449,0.0,0,31.77,0,0,0,1,0,1,1,0,0,1,0,12192.0,2,1,1,1,0,0,1,4,9.4,268.0,0,0,0,0,0,1
487800,64.231,0.0,0,0,1,0,3.048,-0.665,0,1,1,0,13.449,0.0,0,31.98,0,0,0,1,0,1,1,0,0,1,0,12192.0,2,1,1,1,0,0,1,4,9.0,268.8,0,0,0,0,0,1
487900,64.231,0.0,0,0,1,0,2.988,-0.601,0,1,1,0,13.449,0.0,0,32.1,0,0,0,1,0,1,1,0,0,1,0,12192.0,2,1,1,1,0,0,1,4,8.8,265.8,0,0,0,0,0,1
488000,64.231,0.0,0,0,1,0,2.935,-0.536,0,1,1,0,13.449,0.0,0,31.85,0,0,0,1,0,1,1,0,0,1,0,12192.0,2,1,1,1,0,0,1,4,7.9,270.7,0,0,0,0,0,1
488100,64.231,0.0,0,0,1,0,2.887,-0.471,0,1,1,0,13.449,0.0,0,31.97,0,0,0,1,0,1,1,0,0,1,0,12192.0,2,1,1,1,0,0,1,4,8.3,271.4,0,0,0,0,0,1
488200,64.231,0.0,0,0,1,0,2.847,-0.405,0,1,1,0,13.449,0.0,0,32.12,0,0,0,1,0,1,1,0,0,1,0,12192.0,2,1,1,1,0,0,1,4,7.9,271.1,0,0,0,0,0,1
488300,64.231,0.0,0,0,1,0,2.813,-0.339,0,1,1,0,13.449,0.0,0,31.71,0,0,0,1,0,1,1,0,0,1,0,12192.0,2,1,1,1,0,0,1,4,9.0,261.7,0,0,0,0,0,1
488400,64.231,0.0,0,0,1,0,2.786,-0.271,0,1,1,0,13.449,0.0,0,32.06,0,0,0,1,0,1,1,0,0,1,0,12192.0,2,1,1,1,0,0,1,4,8.4,272.3,0,0,0,0,0,1
488500,64.231,0.0,0,0,1,0,2.766,-0.2,0,1,1,0,13.449,0.0,0,31.93,0,0,0,1,0,1,1,0,0,1,0,12192.0,2,1,1,1,0,0,1,4,8.3,272.1,0,0,0,0,0,1
488600,64.231,0.0,0,0,1,0,2.754,-0.125,0,1,1,0,13.449,0.0,0,32.05,0,0,0,1,0,1,1,0,0,1,0,12192.0,2,1,1,1,0,0,1,4,7.6,267.1,0,0,0,0,0,1
488700,64.231,0.0,0,0,0,0,2.747,0.0,0,0,0,0,13.449,0.0,0,32.12,0,0,0,0,0,1,1,0,0,1,0,12192.0,2,1,1,0,1,0,1,4,8.3,275.6,0,0,0,0,0,1
488800,64.231,0.0,0,0,1,0,2.747,0.0,0,0,1,0,13.444,-0.051,0,30.57,0,0,1,1,0,1,1,0,0,1,0,12192.0,2,1,1,1,0,0,1,4,7.6,272.3,0,0,0,0,0,1
488900,64.231,0.0,0,0,1,0,2.747,0.0,0,0,1,0,13.433,-0.102,0,30.38,0,0,1,1,0,1,1,0,0,1,0,12192.0,2,1,1,1,0,0,1,4,7.9,268.7,0,0,0,0,0,1
489000,64.231,0.0,0,0,1,0,2.747,0.0,0,0,1,0,13.418,-0.152,0,30.45,0,0,1,1,0,1,1,0,0,1,0,12192.0,2,1,1,1,0,0,1,4,8.4,272.3,0,0,0,0,0,1
489100,64.231,0.0,0,0,1,0,2.747,0.0,0,0,1,0,13.398,-0.203,0,30.28,0,0,1,1,0,1,1,0,0,1,0,12192.0,2,1,1,1,0,0,1,4,8.0,269.2,0,0,0,0,0,1
489200,64.231,0.0,0,0,1,0,2.747,0.0,0,0,1,0,13.372,-0.254,0,30.3,0,0,1,1,0,1,1,0,0,1,0,12192.0,2,1,1,1,0,0,1,4,8.5,265.0,0,0,0,0,0,1
489300,64.231,0.0,0,0,1,0,2.747,0.0,0,0,1,0,13.342,-0.305,0,30.29,0,0,1,1,0,1,1,0,0,1,0,12192.0,2,1,1,1,0,0,1,4,8.5,269.1,0,0,0,0,0,1
489400,64.231,0.0,0,0,1,0,2.747,0.0,0,0,1,0,13.306,-0.356,0,30.26,0,0,1,1,0,1,1,0,0,1,0,12192.0,2,1,1,1,0,0,1,4,8.3,270.3,0,0,0,0,0,1
489500,64.231,0.0,0,0,1,0,2.747,0.0,0,0,1,0,13.266,-0.407,0,30.37,0,0,1,1,0,1,1,0,0,1,0,12192.0,2,1,1,1,0,0,1,4,7.6,273.2,0,0,0,0,0,1
489600,64.231,0.0,0,0,1,0,2.747,0.0,0,0,1,0,13.22,-0.457,0,30.26,0,0,1,1,0,1,1,0,0,1,0,12192.0,2,1,1,1,0,0,1,4,7.2,267.5,0,0,0,0,0,1
489700,64.231,0.0,0,0,1,0,2.747,0.0,0,0,1,0,13.169,-0.508,0,30.43,0,0,1,1,0,1,1,0,0,1,0,12192.0,2,1,1,1,0,0,1,4,7.2,271.8,0,0,0,0,0,1
489800,64.231,0.0,0,0,1,0,2.747,0.0,0,0,1,0,13.113,-0.559,0,30.36,0,0,1,1,0,1,1,0,0,1,0,12192.0,2,1,1,1,0,0,1,4,8.5,262.5,0,0,0,0,0,1
489900,64.231,0.0,0,0,1,0,2.747,0.0,0,0,1,0,13.052,-0.61,0,30.24,0,0,1,1,0,1,1,0,0,1,0,12192.0,2,1,1,1,0,0,1,4,8.4,269.3,0,0,0,0,0,1
490000,64.231,0.0,0,0,1,0,2.747,0.0,0,0,1,0,12.986,-0.661,0,30.41,0,0,1,1,0,1,1,0,0,1,0,12192.0,2,1,1,1,0,0,1,4,7.5,268.3,0,0,0,0,0,1
490100,64.231,0.0,0,0,1,0,2.747,0.0,0,0,1,0,12.915,-0.711,0,30.15,0,0,1,1,0,1,1,0,0,1,0,12192.0,2,1,1,1,0,0,1,4,7.1,268.8,0,0,0,0,0,1
490200,64.231,0.0,0,0,1,0,2.747,0.0,0,0,1,0,12.839,-0.762,0,30.39,0,0,1,1,0,1,1,0,0,1,0,12192.0,2,1,1,1,0,0,1,4,7.1,269.6,0,0,0,0,0,1
490300,64.231,0.0,0,0,1,0,2.747,0.0,0,0,1,0,12.758,-0.813,0,30.39,0,0,1,1,0,1,1,0,0,1,0,12192.0,2,1,1,1,0,0,1,4,7.6,274.1,0,0,0,0,0,1
490400,64.231,0.0,0,0,1,0,2.747,0.0,0,0,1,0,12.671,-0.864,0,30.47,0,0,1,1,0,1,1,0,0,1,0,12192.0,2,1,1,1,0,0,1,4,6.9,270.5,0,0,0,0,0,1
490500,64.231,0.0,0,0,1,0,2.747,0.0,0,0,1,0,12.58,-0.915,0,30.36,0,0,1,1,0,1,1,0,0,1,0,12192.0,2,1,1,1,0,0,1,4,7.7,270.3,0,0,0,0,0,1
490600,64.231,0.0,0,0,1,0,2.747,0.0,0,0,1,0,12.483,-0.965,0,30.35,0,0,1,1,0,1,1,0,0,1,0,12192.0,2,1,1,1,0,0,1,4,7.8,270.0,0,0,0,0,0,1
490700,64.231,0.0,0,0,1,0,2.747,0.0,0,0,1,0,12.382,-1.016,0,30.4,0,0,1,1,0,1,1,0,0,1,0,12192.0,2,1,1,1,0,0,1,4,8.3,270.1,0,0,0,0,0,1
490800,64.231,0.0,0,0,1,0,2.747,0.0,0,0,1,0,12.275,-1.067,0,30.52,0,0,1,1,0,1,1,0,0,1,0,12192.0,2,1,1,1,0,0,1,4,7.4,271.7,0,0,0,0,0,1
490900,64.231,0.0,0,0,1,0,2.747,0.0,0,0,1,0,12.163,-1.118,0,30.27,0,0,1,1,0,1,1,0,0,1,0,12192.0,2,1,1,1,0,0,1,4,7.8,266.2,0,0,0,0,0,1
491000,64.231,0.0,0,0,1,0,2.747,0.0,0,0,1,0,12.046,-1.169,0,30.51,0,0,1,1,0,1,1,0,0,1,0,12192.0,2,1,1,1,0,0,1,4,7.1,269.4,0,0,0,0,0,1
491100,64.231,0.0,0,0,1,0,2.747,0.0,0,0,1,0,11.924,-1.22,0,30.53,0,0,1,1,0,1,1,0,0,1,0,12192.0,2,1,1,1,0,0,1,4,8.1,269.3,0,0,0,0,0,1
491200,64.231,0.0,0,0,1,0,2.747,0.0,0,0,1,0,11.798,-1.261,0,30.3,0,0,1,1,0,1,1,0,0,1,0,12192.0,2,1,1,1,0,0,1,4,7.1,271.6,0,0,0,0,0,1
491300,64.231,0.0,0,0,1,0,2.747,0.0,0,0,1,0,11.672,-1.261,0,30.0,0,0,1,1,0,1,1,0,0,1,0,12192.0,2,1,1,1,0,0,1,4,8.0,266.5,0,0,0,0,0,1
491400,64.231,0.0,0,0,1,0,2.747,0.0,0,0,1,0,11.546,-1.261,0,30.19,0,0,1,1,0,1,1,0,0,1,0,12192.0,2,1,1,1,0,0,1,4,6.4,271.0,0,0,0,0,0,1
491500,64.231,0.0,0,0,1,0,2.747,0.0,0,0,1,0,11.42,-1.261,0,30.29,0,0,1,1,0,1,1,0,0,1,0,12192.0,2,1,1,1,0,0,1,4,7.7,270.4,0,0,0,0,0,1
491600,64.231,0.0,0,0,1,0,2.747,0.0,0,0,1,0,11.294,-1.261,0,30.21,0,0,1,1,0,1,1,0,0,1,0,12192.0,2,1,1,1,0,0,1,4,8.4,269.9,0,0,0,0,0,1
491700,64.231,0.0,0,0,1,0,2.747,0.0,0,0,1,0,11.167,-1.261,0,30.59,0,0,1,1,0,1,1,0,0,1,0,12192.0,2,1,1,1,0,0,1,4,7.8,276.2,0,0,0,0,0,1
491800,64.231,0.0,0,0,1,0,2.747,0.0,0,0,1,0,11.041,-1.261,0,30.4,0,0,1,1,0,1,1,0,0,1,0,12192.0,2,1,1,1,0,0,1,4,7.4,270.2,0,0,0,0,0,1
491900,64.231,0.0,0,0,1,0,2.747,0.0,0,0,1,0,10.915,-1.261,0,30.23,0,0,1,1,0,1,1,0,0,1,0,12192.0,2,1,1,1,0,0,1,4,7.7,266.8,0,0,0,0,0,1
492000,64.231,0.0,0,0,1,0,2.747,0.0,0,0,1,0,10.789,-1.261,0,30.26,0,0,1,1,0,1,1,0,0,1,0,12192.0,2,1,1,1,0,0,1,4,7.2,269.1,0,0,0,0,0,1
492100,64.231,0.0,0,0,1,0,2.747,0.0,0,0,1,0,10.663,-1.261,0,30.36,0,0,1,1,0,1,1,0,0,1,0,12192.0,2,1,1,1,0,0,1,4,7.7,267.5,0,0,0,0,0,1
492200,64.231,0.0,0,0,1,0,2.747,0.0,0,0,1,0,10.537,-1.261,0,30.54,0,0,1,1,0,1,1,0,0,1,0,12192.0,2,1,1,1,0,0,1,4,6.9,272.0,0,0,0,0,0,1
492300,64.231,0.0,0,0,1,0,2.747,0.0,0,0,1,0,10.411,-1.261,0,30.39,0,0,1,1,0,1,1,0,0,1,0,12192.0,2,1,1,1,0,0,1,4,6.7,271.8,0,0,0,0,0,1
492400,64.231,0.0,0,0,1,0,2.747,0.0,0,0,1,0,10.285,-1.261,0,30.39,0,0,1,1,0,1,1,0,0,1,0,12192.0,2,1,1,1,0,0,1,4,7.7,273.0,0,0,0,0,0,1
492500,64.231,0.0,0,0,1,0,2.747,0.0,0,0,1,0,10.158,-1.261,0,30.35,0,0,1,1,0,1,1,0,0,1,0,12192.0,2,1,1,1,0,0,1,4,7.7,265.5,0,0,0,0,0,1
492600,64.231,0.0,0,0,1,0,2.747,0.0,0,0,1,0,10.032,-1.261,0,30.46,0,0,1,1,0,1,1,0,0,1,0,12192.0,2,1,1,1,0,0,1,4,7.6,272.9,0,0,0,0,0,1
492700,64.231,0.0,0,0,1,0,2.747,0.0,0,0,1,0,9.906,-1.261,0,30.09,0,0,1,1,0,1,1,0,0,1,0,12192.0,2,1,1,1,0,0,1,4,7.7,267.9,0,0,0,0,0,1
492800,64.231,0.0,0,0,1,0,2.747,0.0,0,0,1,0,9.78,-1.261,0,30.27,0,0,1,1,0,1,1,0,0,1,0,12192.0,2,1,1,1,0,0,1,4,7.7,268.8,0,0,0,0,0,1
492900,64.231,0.0,0,0,1,0,2.747,0.0,0,0,1,0,9.654,-1.261,0,30.31,0,0,1,1,0,1,1,0,0,1,0,12192.0,2,1,1,1,0,0,1,4,7.9,268.2,0,0,0,0,0,1
493000,64.231,0.0,0,0,1,0,2.747,0.0,0,0,1,0,9.528,-1.261,0,30.37,0,0,1,1,0,1,1,0,0,1,0,12192.0,2,1,1,1,0,0,1,4,7.4,272.5,0,0,0,0,0,1
493100,64.231,0.0,0,0,1,0,2.747,0.0,0,0,1,0,9.402,-1.261,0,30.33,0,0,1,1,0,1,1,0,0,1,0,12192.0,2,1,1,1,0,0,1,4,7.3,270.1,0,0,0,0,0,1
493200,64.231,0.0,0,0,1,0,2.747,0.0,0,0,1,0,9.276,-1.261,0,30.31,0,0,1,1,0,1,1,0,0,1,0,12192.0,2,1,1,1,0,0,1,4,7.7,273.4,0,0,0,0,0,1
493300,64.231,0.0,0,0,1,0,2.747,0.0,0,0,1,0,9.155,-1.21,0,33.86,0,0,1,1,0,1,1,0,0,1,0,12192.0,2,1,1,1,0,0,1,4,7.9,270.5,0,0,0,0,0,1
493400,64.231,0.0,0,0,1,0,2.747,0.0,0,0,1,0,9.039,-1.16,0,33.56,0,0,1,1,0,1,1,0,0,1,0,12192.0,2,1,1,1,0,0,1,4,7.5,272.5,0,0,0,0,0,1
493500,64.231,0.0,0,0,1,0,2.747,0.0,0,0,1,0,8.928,-1.109,0,33.51,0,0,1,1,0,1,1,0,0,1,0,12192.0,2,1,1,1,0,0,1,4,9.1,275.7,0,0,0,0,0,1
493600,64.231,0.0,0,0,1,0,2.747,0.0,0,0,1,0,8.822,-1.058,0,33.76,0,0,1,1,0,1,1,0,0,1,0,12192.0,2,1,1,1,0,0,1,4,7.3,267.0,0,0,0,0,0,1
493700,64.231,0.0,0,0,1,0,2.747,0.0,0,0,1,0,8.721,-1.007,0,33.7,0,0,1,1,0,1,1,0,0,1,0,12192.0,2,1,1,1,0,0,1,4,8.1,270.2,0,0,0,0,0,1
493800,64.231,0.0,0,0,1,0,2.747,0.0,0,0,1,0,8.626,-0.956,0,33.59,0,0,1,1,0,1,1,0,0,1,0,12192.0,2,1,1,1,0,0,1,4,8.1,269.8,0,0,0,0,0,1
493900,64.231,0.0,0,0,1,0,2.747,0.0,0,0,1,0,8.535,-0.903,0,33.56,0,0,1,1,0,1,1,0,0,1,0,12192.0,2,1,1,1,0,0,1,4,8.1,269.4,0,0,0,0,0,1
494000,64.231,0.0,0,0,1,0,2.747,0.0,0,0,1,0,8.45,-0.851,0,33.55,0,0,1,1,0,1,1,0,0,1,0,12192.0,2,1,1,1,0,0,1,4,8.5,271.1,0,0,0,0,0,1
494100,64.231,0.0,0,0,1,0,2.747,0.0,0,0,1,0,8.37,-0.799,0,33.62,0,0,1,1,0,1,1,0,0,1,0,12192.0,2,1,1,1,0,0,1,4,7.8,272.3,0,0,0,0,0,1
494200,64.231,0.0,0,0,1,0,2.747,0.0,0,0,1,0,8.296,-0.746,0,33.6,0,0,1,1,0,1,1,0,0,1,0,12192.0,2,1,1,1,0,0,1,4,8.6,266.7,0,0,0,0,0,1
494300,64.231,0.0,0,0,1,0,2.747,0.0,0,0,1,0,8.226,-0.693,0,33.47,0,0,1,1,0,1,1,0,0,1,0,12192.0,2,1,1,1,0,0,1,4,7.3,274.3,0,0,0,0,0,1
494400,64.231,0.0,0,0,1,0,2.747,0.0,0,0,1,0,8.162,-0.641,0,33.38,0,0,1,1,0,1,1,0,0,1,0,12192.0,2,1,1,1,0,0,1,4,7.8,266.8,0,0,0,0,0,1
494500,64.231,0.0,0,0,1,0,2.747,0.0,0,0,1,0,8.104,-0.588,0,33.57,0,0,1,1,0,1,1,0,0,1,0,12192.0,2,1,1,1,0,0,1,4,8.2,266.1,0,0,0,0,0,1
494600,64.231,0.0,0,0,1,0,2.747,0.0,0,0,1,0,8.05,-0.534,0,33.77,0,0,1,1,0,1,1,0,0,1,0,12192.0,2,1,1,1,0,0,1,4,8.2,271.1,0,0,0,0,0,1
494700,64.231,0.0,0,0,1,0,2.747,0.0,0,0,1,0,8.002,-0.481,0,33.68,0,0,1,1,0,1,1,0,0,1,0,12192.0,2,1,1,1,0,0,1,4,8.1,268.3,0,0,0,0,0,1
494800,64.231,0.0,0,0,1,0,2.747,0.0,0,0,1,0,7.959,-0.427,0,33.41,0,0,1,1,0,1,1,0,0,1,0,12192.0,2,1,1,1,0,0,1,4,8.7,266.5,0,0,0,0,0,1
494900,64.231,0.0,0,0,1,0,2.747,0.0,0,0,1,0,7.922,-0.373,0,33.88,0,0,1,1,0,1,1,0,0,1,0,12192.0,2,1,1,1,0,0,1,4,8.6,271.9,0,0,0,0,0,1
495000,64.231,0.0,0,0,1,0,2.747,0.0,0,0,1,0,7.89,-0.318,0,33.56,0,0,1,1,0,1,1,0,0,1,0,12192.0,2,1,1,1,0,0,1,4,8.2,267.8,0,0,0,0,0,1
495100,64.231,0.0,0,0,1,0,2.747,0.0,0,0,1,0,7.864,-0.262,0,33.85,0,0,1,1,0,1,1,0,0,1,0,12192.0,2,1,1,1,0,0,1,4,7.9,266.8,0,0,0,0,0,1
495200,64.231,0.0,0,0,1,0,2.747,0.0,0,0,1,0,7.844,-0.205,0,33.65,0,0,1,1,0,1,1,0,0,1,0,12192.0,2,1,1,1,0,0,1,4,8.6,274.6,0,0,0,0,0,1
495300,64.231,0.0,0,0,1,0,2.747,0.0,0,0,1,0,7.829,-0.146,0,33.58,0,0,1,1,0,1,1,0,0,1,0,12192.0,2,1,1,1,0,0,1,4,7.8,268.1,0,0,0,0,0,1
495400,64.231,0.0,0,0,1,0,2.747,0.0,0,0,1,0,7.821,-0.08,0,33.48,0,0,1,1,0,1,1,0,0,1,0,12192.0,2,1,1,1,0,0,1,4,8.9,269.5,0,0,0,0,0,1
495500,64.231,0.0,0,0,0,0,2.747,0.0,0,0,0,0,7.818,0.0,0,31.84,0,0,0,0,0,1,1,0,0,1,0,12192.0,2,1,1,0,1,0,1,4,9.0,275.5,0,0,0,0,0,1
495600,64.231,0.0,0,0,0,0,2.747,0.0,0,0,0,0,7.818,0.0,0,31.97,0,0,0,0,0,1,1,0,1,1,0,12192.0,2,1,1,0,1,0,1,4,8.2,268.9,0,0,0,0,0,1
495700,64.231,0.0,0,0,0,0,2.747,0.0,0,0,0,0,7.818,0.0,0,32.05,0,0,0,0,0,1,1,0,1,1,0,12192.0,2,1,1,0,1,0,1,4,8.5,270.8,0,0,0,0,0,1
495800,64.231,0.0,0,0,0,0,2.747,0.0,0,0,0,0,7.818,0.0,0,31.9,0,0,0,0,0,1,1,0,1,1,0,12192.0,2,1,1,0,1,0,1,4,8.6,269.9,0,0,0,0,0,1
495900,64.231,0.0,0,0,0,0,2.747,0.0,0,0,0,0,7.818,0.0,0,32.08,0,0,0,0,0,1,1,0,1,1,0,12192.0,2,1,1,0,1,0,1,4,7.9,269.0,0,0,0,0,0,1
496000,64.231,0.0,0,0,0,0,2.747,0.0,0,0,0,0,7.818,0.0,0,31.95,0,0,0,0,0,1,1,0,1,1,0,12192.0,2,1,1,0,1,0,1,4,9.1,270.0,0,0,0,0,0,1
496100,64.231,0.0,0,0,0,0,2.747,0.0,0,0,0,0,7.818,0.0,0,31.93,0,0,0,0,0,1,1,0,1,1,0,12192.0,2,1,1,0,1,0,1,4,9.1,269.3,0,0,0,0,0,1
496200,64.231,0.0,0,0,0,0,2.747,0.0,0,0,0,0,7.818,0.0,0,32.1,0,0,0,0,0,1,1,0,1,1,0,12192.0,2,1,1,0,1,0,1,4,8.0,266.9,0,0,0,0,0,1
496300,64.231,0.0,0,0,0,0,2.747,0.0,0,0,0,0,7.818,0.0,0,31.81,0,0,0,0,0,1,1,0,1,1,0,12192.0,2,1,1,0,1,0,1,4,8.8,271.1,0,0,0,0,0,1
496400,64.231,0.0,0,0,0,0,2.747,0.0,0,0,0,0,7.818,0.0,0,32.11,0,0,0,0,0,1,1,0,1,1,0,12192.0,2,1,1,0,1,0,1,4,8.6,273.7,0,0,0,0,0,1
496500,64.231,0.0,0,0,0,0,2.747,0.0,0,0,0,0,7.818,0.0,0,0.0,0,0,0,0,0,1,0,1,1,1,0,12192.0,2,1,1,0,1,0,1,4,8.5,273.1,0,0,0,0,0,1
496600,64.231,0.0,0,0,0,0,2.747,0.0,0,0,0,0,7.818,0.0,0,0.0,0,0,0,0,0,1,0,1,1,1,0,12192.0,2,1,1,0,1,0,1,4,7.9,271.1,0,0,0,0,0,1
496700,64.231,0.0,0,0,0,0,2.747,0.0,0,0,0,0,7.818,0.0,0,0.0,0,0,0,0,0,1,0,1,1,1,0,12192.0,2,1,1,0,1,0,1,4,8.7,269.0,0,0,0,0,0,1
496800,64.231,0.0,0,0,0,0,2.747,0.0,0,0,0,0,7.818,0.0,0,0.0,0,0,0,0,0,1,0,1,1,1,0,12192.0,2,1,1,0,1,0,1,4,8.9,269.9,0,0,0,0,0,1
496900,64.231,0.0,0,0,0,0,2.747,0.0,0,0,0,0,7.818,0.0,0,0.0,0,0,0,0,0,1,0,1,1,1,0,12192.0,2,1,1,0,1,0,1,4,9.0,267.9,0,0,0,0,0,1
497000,64.231,0.0,0,0,0,0,2.747,0.0,0,0,0,0,7.818,0.0,0,0.0,0,0,0,0,0,1,0,1,1,1,0,12192.0,2,1,1,0,1,0,1,4,8.6,268.8,0,0,0,0,0,1
497100,64.231,0.0,0,0,0,0,2.747,0.0,0,0,0,0,7.818,0.0,0,0.0,0,0,0,0,0,1,0,1,1,1,0,12192.0,2,1,1,0,1,0,1,4,8.1,273.0,0,0,0,0,0,1
497200,64.231,0.0,0,0,0,0,2.747,0.0,0,0,0,0,7.818,0.0,0,0.0,0,0,0,0,0,1,0,1,1,1,0,12192.0,2,1,1,0,1,0,1,4,8.4,270.3,0,0,0,0,0,1
497300,64.231,0.0,0,0,0,0,2.747,0.0,0,0,0,0,7.818,0.0,0,0.0,0,0,0,0,0,1,0,1,1,1,0,12192.0,2,1,1,0,1,0,1,4,8.1,273.9,0,0,0,0,0,1
497400,64.231,0.0,0,0,0,0,2.747,0.0,0,0,0,0,7.818,0.0,0,0.0,0,0,0,0,0,1,0,1,1,1,0,12192.0,2,1,1,0,1,0,1,4,8.0,268.2,0,0,0,0,0,1
497500,64.231,0.0,0,0,0,0,2.747,0.0,0,0,0,0,7.818,0.0,0,0.0,0,0,0,0,0,1,0,1,1,1,0,12192.0,2,1,1,0,1,0,1,4,7.6,271.0,0,0,0,0,0,1
497600,64.231,0.0,0,0,0,0,2.747,0.0,0,0,0,0,7.818,0.0,0,0.0,0,0,0,0,0,1,0,1,1,1,0,12192.0,2,1,1,0,1,0,1,4,8.5,276.2,0,0,0,0,0,1
497700,64.231,0.0,0,0,0,0,2.747,0.0,0,0,0,0,7.818,0.0,0,0.0,0,0,0,0,0,1,0,1,1,1,0,12192.0,2,1,1,0,1,0,1,4,8.7,272.0,0,0,0,0,0,1
497800,64.231,0.0,0,0,0,0,2.747,0.0,0,0,0,0,7.818,0.0,0,0.0,0,0,0,0,0,1,0,1,1,1,0,12192.0,2,1,1,0,1,0,1,4,7.8,268.4,0,0,0,0,0,1
497900,64.231,0.0,0,0,0,0,2.747,0.0,0,0,0,0,7.818,0.0,0,0.0,0,0,0,0,0,1,0,1,1,1,0,12192.0,2,1,1,0,1,0,1,4,8.0,267.8,0,0,0,0,0,1
498000,64.231,0.0,0,0,1,0,2.747,0.0,0,0,1,0,7.823,0.051,1,0.0,0,0,1,1,0,1,0,1,0,0,0,12192.0,2,1,1,1,0,0,1,4,8.2,267.5,0,0,0,0,0,1
498100,64.231,0.0,0,0,1,0,2.747,0.0,0,0,1,0,7.833,0.102,1,0.0,0,0,1,1,0,1,0,1,0,0,0,12192.0,2,1,1,1,0,0,1,4,7.6,270.2,0,0,0,0,0,1
498200,64.231,0.0,0,0,1,0,2.747,0.0,0,0,1,0,7.849,0.152,1,0.0,0,0,1,1,0,1,0,1,0,0,0,12192.0,2,1,1,1,0,0,1,4,7.1,272.7,0,0,0,0,0,1
498300,64.231,0.0,0,0,1,0,2.747,0.0,0,0,1,0,7.869,0.203,1,0.0,0,0,1,1,0,1,0,1,0,0,0,12192.0,2,1,1,1,0,0,1,4,9.1,269.5,0,0,0,0,0,1
498400,64.231,0.0,0,0,1,0,2.747,0.0,0,0,1,0,7.894,0.254,1,0.0,0,0,1,1,0,1,0,1,0,0,0,12192.0,2,1,1,1,0,0,1,4,7.2,265.3,0,0,0,0,0,1
498500,64.231,0.0,0,0,1,0,2.747,0.0,0,0,1,0,7.925,0.305,1,0.0,0,0,1,1,0,1,0,1,0,0,0,12192.0,2,1,1,1,0,0,1,4,8.1,268.2,0,0,0,0,0,1
498600,64.231,0.0,0,0,1,0,2.747,0.0,0,0,1,0,7.96,0.356,1,0.0,0,0,1,1,0,1,0,1,0,0,0,12192.0,2,1,1,1,0,0,1,4,8.6,270.9,0,0,0,0,0,1
498700,64.231,0.0,0,0,1,0,2.747,0.0,0,0,1,0,8.001,0.407,1,0.0,0,0,1,1,0,1,0,1,0,0,0,12192.0,2,1,1,1,0,0,1,4,8.1,269.5,0,0,0,0,0,1
498800,64.231,0.0,0,0,1,0,2.747,0.0,0,0,1,0,8.047,0.457,1,0.0,0,0,1,1,0,1,0,1,0,0,0,12192.0,2,1,1,1,0,0,1,4,7.4,269.1,0,0,0,0,0,1
498900,64.231,0.0,0,0,1,0,2.747,0.0,0,0,1,0,8.098,0.508,1,0.0,0,0,1,1,0,1,0,1,0,0,0,12192.0,2,1,1,1,0,0,1,4,7.6,270.1,0,0,0,0,0,1
499000,64.231,0.0,0,0,1,0,2.747,0.0,0,0,1,0,8.153,0.559,1,0.0,0,0,1,1,0,1,0,1,0,0,0,12192.0,2,1,1,1,0,0,1,4,7.5,269.3,0,0,0,0,0,1
499100,64.231,0.0,0,0,1,0,2.747,0.0,0,0,1,0,8.214,0.61,1,0.0,0,0,1,1,0,1,0,1,0,0,0,12192.0,2,1,1,1,0,0,1,4,7.7,271.6,0,0,0,0,0,1
499200,64.231,0.0,0,0,1,0,2.747,0.0,0,0,1,0,8.28,0.661,1,0.0,0,0,1,1,0,1,0,1,0,0,0,12192.0,2,1,1,1,0,0,1,4,7.5,267.6,0,0,0,0,0,1
499300,64.231,0.0,0,0,1,0,2.747,0.0,0,0,1,0,8.352,0.711,1,0.0,0,0,1,1,0,1,0,1,0,0,0,12192.0,2,1,1,1,0,0,1,4,7.6,270.1,0,0,0,0,0,1
499400,64.231,0.0,0,0,1,0,2.747,0.0,0,0,1,0,8.428,0.762,1,0.0,0,0,1,1,0,1,0,1,0,0,0,12192.0,2,1,1,1,0,0,1,4,7.1,273.2,0,0,0,0,0,1
499500,64.231,0.0,0,0,1,0,2.747,0.0,0,0,1,0,8.509,0.813,1,0.0,0,0,1,1,0,1,0,1,0,0,0,12192.0,2,1,1,1,0,0,1,4,7.3,267.2,0,0,0,0,0,1
499600,64.231,0.0,0,0,1,0,2.747,0.0,0,0,1,0,8.596,0.864,1,0.0,0,0,1,1,0,1,0,1,0,0,0,12192.0,2,1,1,1,0,0,1,4,7.6,269.3,0,0,0,0,0,1
499700,64.231,0.0,0,0,1,0,2.747,0.0,0,0,1,0,8.687,0.915,1,0.0,0,0,1,1,0,1,0,1,0,0,0,12192.0,2,1,1,1,0,0,1,4,7.0,274.2,0,0,0,0,0,1
499800,64.231,0.0,0,0,1,0,2.747,0.0,0,0,1,0,8.784,0.965,1,0.0,0,0,1,1,0,1,0,1,0,0,0,12192.0,2,1,1,1,0,0,1,4,7.2,269.8,0,0,0,0,0,1
499900,64.231,0.0,0,0,1,0,2.747,0.0,0,0,1,0,8.885,1.016,1,0.0,0,0,1,1,0,1,0,1,0,0,0,12192.0,2,1,1,1,0,0,1,4,7.1,271.7,0,0,0,0,0,1
500000,64.231,0.0,0,0,1,0,2.747,0.0,0,0,1,0,8.992,1.067,1,0.0,0,0,1,1,0,1,0,1,0,0,0,12192.0,2,1,1,1,0,0,1,4,7.2,268.0,0,0,0,0,0,1
500100,64.231,0.0,0,0,1,0,2.747,0.0,0,0,1,0,9.104,1.118,1,0.0,0,0,1,1,0,1,0,1,0,0,0,12192.0,2,1,1,1,0,0,1,4,8.1,270.1,0,0,0,0,0,1
500200,64.231,0.0,0,0,1,0,2.747,0.0,0,0,1,0,9.221,1.169,1,0.0,0,0,1,1,0,1,0,1,0,0,0,12192.0,2,1,1,1,0,0,1,4,7.2,266.5,0,0,0,0,0,1
500300,64.231,0.0,0,0,1,0,2.747,0.0,0,0,1,0,9.343,1.22,1,0.0,0,0,1,1,0,1,0,1,0,0,0,12192.0,2,1,1,1,0,0,1,4,7.4,270.9,0,0,0,0,0,1
500400,64.231,0.0,0,0,1,0,2.747,0.0,0,0,1,0,9.469,1.261,1,0.0,0,0,1,1,0,1,0,1,0,0,0,12192.0,2,1,1,1,0,0,1,4,7.7,271.1,0,0,0,0,0,1
500500,64.231,0.0,0,0,1,0,2.747,0.0,0,0,1,0,9.595,1.261,1,0.0,0,0,1,1,0,1,0,1,0,0,0,12192.0,2,1,1,1,0,0,1,4,6.9,269.3,0,0,0,0,0,1
500600,64.231,0.0,0,0,1,0,2.747,0.0,0,0,1,0,9.721,1.261,1,0.0,0,0,1,1,0,1,0,1,0,0,0,12192.0,2,1,1,1,0,0,1,4,7.7,269.9,0,0,0,0,0,1
500700,64.231,0.0,0,0,1,0,2.747,0.0,0,0,1,0,9.847,1.261,1,0.0,0,0,1,1,0,1,0,1,0,0,0,12192.0,2,1,1,1,0,0,1,4,7.9,268.5,0,0,0,0,0,1
500800,64.231,0.0,0,0,1,0,2.747,0.0,0,0,1,0,9.973,1.261,1,0.0,0,0,1,1,0,1,0,1,0,0,0,12192.0,2,1,1,1,0,0,1,4,6.9,270.8,0,0,0,0,0,1
500900,64.231,0.0,0,0,1,0,2.747,0.0,0,0,1,0,10.099,1.261,1,0.0,0,0,1,1,0,1,0,1,0,0,0,12192.0,2,1,1,1,0,0,1,4,7.4,270.0,0,0,0,0,0,1
501000,64.231,0.0,0,0,1,0,2.747,0.0,0,0,1,0,10.225,1.261,1,0.0,0,0,1,1,0,1,0,1,0,0,0,12192.0,2,1,1,1,0,0,1,4,8.2,268.6,0,0,0,0,0,1
501100,64.231,0.0,0,0,1,0,2.747,0.0,0,0,1,0,10.352,1.261,1,0.0,0,0,1,1,0,1,0,1,0,0,0,12192.0,2,1,1,1,0,0,1,4,7.5,271.2,0,0,0,0,0,1
501200,64.231,0.0,0,0,1,0,2.747,0.0,0,0,1,0,10.478,1.261,1,0.0,0,0,1,1,0,1,0,1,0,0,0,12192.0,2,1,1,1,0,0,1,4,7.9,272.7,0,0,0,0,0,1
501300,64.231,0.0,0,0,1,0,2.747,0.0,0,0,1,0,10.604,1.261,1,0.0,0,0,1,1,0,1,0,1,0,0,0,12192.0,2,1,1,1,0,0,1,4,7.8,267.2,0,0,0,0,0,1
501400,64.231,0.0,0,0,1,0,2.747,0.0,0,0,1,0,10.73,1.261,1,0.0,0,0,1,1,0,1,0,1,0,0,0,12192.0,2,1,1,1,0,0,1,4,7.0,271.6,0,0,0,0,0,1
501500,64.231,0.0,0,0,1,0,2.747,0.0,0,0,1,0,10.856,1.261,1,0.0,0,0,1,1,0,1,0,1,0,0,0,12192.0,2,1,1,1,0,0,1,4,7.9,273.1,0,0,0,0,0,1
501600,64.231,0.0,0,0,1,0,2.747,0.0,0,0,1,0,10.982,1.261,1,0.0,0,0,1,1,0,1,0,1,0,0,0,12192.0,2,1,1,1,0,0,1,4,7.8,269.9,0,0,0,0,0,1
501700,64.231,0.0,0,0,1,0,2.747,0.0,0,0,1,0,11.108,1.261,1,0.0,0,0,1,1,0,1,0,1,0,0,0,12192.0,2,1,1,1,0,0,1,4,8.0,268.7,0,0,0,0,0,1
501800,64.231,0.0,0,0,1,0,2.747,0.0,0,0,1,0,11.234,1.261,1,0.0,0,0,1,1,0,1,0,1,0,0,0,12192.0,2,1,1,1,0,0,1,4,7.2,273.1,0,0,0,0,0,1
501900,64.231,0.0,0,0,1,0,2.747,0.0,0,0,1,0,11.36,1.261,1,0.0,0,0,1,1,0,1,0,1,0,0,0,12192.0,2,1,1,1,0,0,1,4,7.0,265.0,0,0,0,0,0,1
502000,64.231,0.0,0,0,1,0,2.747,0.0,0,0,1,0,11.487,1.261,1,0.0,0,0,1,1,0,1,0,1,0,0,0,12192.0,2,1,1,1,0,0,1,4,7.2,270.8,0,0,0,0,0,1
502100,64.231,0.0,0,0,1,0,2.747,0.0,0,0,1,0,11.613,1.261,1,0.0,0,0,1,1,0,1,0,1,0,0,0,12192.0,2,1,1,1,0,0,1,4,8.0,269.4,0,0,0,0,0,1
502200,64.231,0.0,0,0,1,0,2.747,0.0,0,0,1,0,11.739,1.261,1,0.0,0,0,1,1,0,1,0,1,0,0,0,12192.0,2,1,1,1,0,0,1,4,7.8,266.4,0,0,0,0,0,1
502300,64.231,0.0,0,0,1,0,2.747,0.0,0,0,1,0,11.865,1.261,1,0.0,0,0,1,1,0,1,0,1,0,0,0,12192.0,2,1,1,1,0,0,1,4,7.2,270.0,0,0,0,0,0,1
502400,64.231,0.0,0,0,1,0,2.747,0.0,0,0,1,0,11.991,1.261,1,0.0,0,0,1,1,0,1,0,1,0,0,0,12192.0,2,1,1,1,0,0,1,4,8.5,271.6,0,0,0,0,0,1
502500,64.231,0.0,0,0,1,0,2.747,0.0,0,0,1,0,12.112,1.21,1,0.0,0,0,1,1,0,1,0,1,0,0,0,12192.0,2,1,1,1,0,0,1,4,8.1,268.9,0,0,0,0,0,1
502600,64.231,0.0,0,0,1,0,2.747,0.0,0,0,1,0,12.228,1.16,1,0.0,0,0,1,1,0,1,0,1,0,0,0,12192.0,2,1,1,1,0,0,1,4,7.3,272.7,0,0,0,0,0,1
502700,64.231,0.0,0,0,1,0,2.747,0.0,0,0,1,0,12.339,1.109,1,0.0,0,0,1,1,0,1,0,1,0,0,0,12192.0,2,1,1,1,0,0,1,4,7.8,269.7,0,0,0,0,0,1
502800,64.231,0.0,0,0,1,0,2.747,0.0,0,0,1,0,12.445,1.058,1,0.0,0,0,1,1,0,1,0,1,0,0,0,12192.0,2,1,1,1,0,0,1,4,8.3,267.9,0,0,0,0,0,1
502900,64.231,0.0,0,0,1,0,2.747,0.0,0,0,1,0,12.545,1.007,1,0.0,0,0,1,1,0,1,0,1,0,0,0,12192.0,2,1,1,1,0,0,1,4,7.7,266.2,0,0,0,0,0,1
503000,64.231,0.0,0,0,1,0,2.747,0.0,0,0,1,0,12.641,0.956,1,0.0,0,0,1,1,0,1,0,1,0,0,0,12192.0,2,1,1,1,0,0,1,4,8.6,268.0,0,0,0,0,0,1
503100,64.231,0.0,0,0,1,0,2.747,0.0,0,0,1,0,12.732,0.906,1,0.0,0,0,1,1,0,1,0,1,0,0,0,12192.0,2,1,1,1,0,0,1,4,8.2,266.1,0,0,0,0,0,1
503200,64.231,0.0,0,0,1,0,2.747,0.0,0,0,1,0,12.817,0.855,1,0.0,0,0,1,1,0,1,0,1,0,0,0,12192.0,2,1,1,1,0,0,1,4,8.9,265.0,0,0,0,0,0,1
503300,64.231,0.0,0,0,1,0,2.747,0.0,0,0,1,0,12.898,0.804,1,0.0,0,0,1,1,0,1,0,1,0,0,0,12192.0,2,1,1,1,0,0,1,4,8.5,273.4,0,0,0,0,0,1
503400,64.231,0.0,0,0,1,0,2.747,0.0,0,0,1,0,12.973,0.753,1,0.0,0,0,1,1,0,1,0,1,0,0,0,12192.0,2,1,1,1,0,0,1,4,8.3,269.4,0,0,0,0,0,1
503500,64.231,0.0,0,0,1,0,2.747,0.0,0,0,1,0,13.043,0.702,1,0.0,0,0,1,1,0,1,0,1,0,0,0,12192.0,2,1,1,1,0,0,1,4,8.2,270.4,0,0,0,0,0,1
503600,64.231,0.0,0,0,1,0,2.747,0.0,0,0,1,0,13.108,0.651,1,0.0,0,0,1,1,0,1,0,1,0,0,0,12192.0,2,1,1,1,0,0,1,4,8.5,271.9,0,0,0,0,0,1
503700,64.231,0.0,0,0,1,0,2.747,0.0,0,0,1,0,13.168,0.601,1,0.0,0,0,1,1,0,1,0,1,0,0,0,12192.0,2,1,1,1,0,0,1,4,7.7,269.5,0,0,0,0,0,1
503800,64.231,0.0,0,0,1,0,2.747,0.0,0,0,1,0,13.223,0.55,1,0.0,0,0,1,1,0,1,0,1,0,0,0,12192.0,2,1,1,1,0,0,1,4,8.5,271.6,0,0,0,0,0,1
503900,64.231,0.0,0,0,1,0,2.747,0.0,0,0,1,0,13.273,0.499,1,0.0,0,0,1,1,0,1,0,1,0,0,0,12192.0,2,1,1,1,0,0,1,4,8.9,273.6,0,0,0,0,0,1
504000,64.231,0.0,0,0,1,0,2.747,0.0,0,0,1,0,13.318,0.448,1,0.0,0,0,1,1,0,1,0,1,0,0,0,12192.0,2,1,1,1,0,0,1,4,9.3,272.2,0,0,0,0,0,1
504100,64.231,0.0,0,0,1,0,2.747,0.0,0,0,1,0,13.358,0.397,1,0.0,0,0,1,1,0,1,0,1,0,0,0,12192.0,2,1,1,1,0,0,1,4,8.3,275.3,0,0,0,0,0,1
504200,64.231,0.0,0,0,1,0,2.747,0.0,0,0,1,0,13.392,0.347,1,0.0,0,0,1,1,0,1,0,1,0,0,0,12192.0,2,1,1,1,0,0,1,4,8.3,271.7,0,0,0,0,0,1
504300,64.231,0.0,0,0,1,0,2.747,0.0,0,0,1,0,13.422,0.296,1,0.0,0,0,1,1,0,1,0,1,0,0,0,12192.0,2,1,1,1,0,0,1,4,9.2,273.2,0,0,0,0,0,1
504400,64.231,0.0,0,0,1,0,2.747,0.0,0,0,1,0,13.446,0.245,1,0.0,0,0,1,1,0,1,0,1,0,0,0,12192.0,2,1,1,1,0,0,1,4,8.2,268.7,0,0,0,0,0,1
504500,64.231,0.0,0,0,1,0,2.747,0.0,0,0,1,0,13.465,0.191,1,0.0,0,0,1,1,0,1,0,1,0,0,0,12192.0,2,1,1,1,0,0,1,4,9.1,267.6,0,0,0,0,0,1
504600,64.231,0.0,0,0,1,0,2.747,0.0,0,0,1,0,13.479,0.13,1,0.0,0,0,1,1,0,1,0,1,0,0,0,12192.0,2,1,1,1,0,0,1,4,9.6,267.8,0,0,0,0,0,1
504700,64.231,0.0,0,0,1,0,2.747,0.0,0,0,1,0,13.485,0.061,1,0.0,0,0,1,1,0,1,0,1,0,0,0,12192.0,2,1,1,1,0,0,1,4,8.8,267.7,0,0,0,0,0,1
504800,64.231,0.0,0,0,0,0,2.747,0.0,0,0,0,0,13.486,0.0,0,0.0,0,0,0,0,0,1,0,1,0,0,0,12192.0,2,1,1,0,1,0,1,4,9.5,271.5,0,0,0,0,0,1
