t_ms,GT_Position,GT_Velocity,GT_Direction,GT_Running,GT_Brake_Released,GT_Motor_Alarm,TR_Position,TR_Velocity,TR_Direction,TR_Running,TR_Brake_Released,TR_Motor_Alarm,HO_Position,HO_Velocity,HO_Direction,HO_Load,HO_Overload_Alarm,HO_Snag_Alarm,HO_Running,HO_Brake_Released,HO_Motor_Alarm,SP_Mode,SP_TwistLock_Locked,SP_TwistLock_Unlocked,SP_Landed,SP_Container_Detected,SP_Mismatch_Alarm,SP_Telescopic_Position,OP_Mode,OP_Power_On,OP_Ready,OP_Running,OP_Standby,OP_Emergency_Stop,OP_AntiSway_Active,OP_Cycle_Count_Today,ENV_Wind_Speed,ENV_Wind_Direction,ENV_Wind_Alarm,ALM_Active,ALM_Latest_Code,ALM_Latest_Severity,ALM_Latest_Source,COM_Link_Status
0,38.465,0.015,1,1,1,0,10.089,-0.056,0,1,1,0,19.561,-0.05,0,0.0,0,0,1,1,0,1,0,1,0,0,0,12192.0,2,1,1,1,0,0,1,0,8.0,266.9,0,0,0,0,0,1
100,38.468,0.03,1,1,1,0,10.078,-0.112,0,1,1,0,19.551,-0.1,0,0.0,0,0,1,1,0,1,0,1,0,0,0,12192.0,2,1,1,1,0,0,1,0,7.8,270.9,0,0,0,0,0,1
200,38.472,0.045,1,1,1,0,10.062,-0.167,0,1,1,0,19.536,-0.149,0,0.0,0,0,1,1,0,1,0,1,0,0,0,12192.0,2,1,1,1,0,0,1,0,7.8,271.8,0,0,0,0,0,1
300,38.478,0.059,1,1,1,0,10.039,-0.223,0,1,1,0,19.516,-0.199,0,0.0,0,0,1,1,0,1,0,1,0,0,0,12192.0,2,1,1,1,0,0,1,0,7.8,269.9,0,0,0,0,0,1
400,38.486,0.074,1,1,1,0,10.011,-0.279,0,1,1,0,19.491,-0.249,0,0.0,0,0,1,1,0,1,0,1,0,0,0,12192.0,2,1,1,1,0,0,1,0,7.9,271.2,0,0,0,0,0,1
500,38.495,0.089,1,1,1,0,9.978,-0.335,0,1,1,0,19.461,-0.299,0,0.0,0,0,1,1,0,1,0,1,0,0,0,12192.0,2,1,1,1,0,0,1,0,7.9,274.2,0,0,0,0,0,1
600,38.505,0.104,1,1,1,0,9.939,-0.391,0,1,1,0,19.427,-0.348,0,0.0,0,0,1,1,0,1,0,1,0,0,0,12192.0,2,1,1,1,0,0,1,0,8.7,271.8,0,0,0,0,0,1
700,38.514,0.089,1,1,1,0,9.894,-0.447,0,1,1,0,19.387,-0.398,0,0.0,0,0,1,1,0,1,0,1,0,0,0,12192.0,2,1,1,1,0,0,1,0,8.1,271.5,0,0,0,0,0,1
800,38.521,0.074,1,1,1,0,9.844,-0.502,0,1,1,0,19.342,-0.448,0,0.0,0,0,1,1,0,1,0,1,0,0,0,12192.0,2,1,1,1,0,0,1,0,8.5,272.4,0,0,0,0,0,1
900,38.527,0.059,1,1,1,0,9.788,-0.558,0,1,1,0,19.292,-0.498,0,0.0,0,0,1,1,0,1,0,1,0,0,0,12192.0,2,1,1,1,0,0,1,0,9.4,273.1,0,0,0,0,0,1
1000,38.531,0.041,1,1,1,0,9.727,-0.614,0,1,1,0,19.238,-0.547,0,0.0,0,0,1,1,0,1,0,1,0,0,0,12192.0,2,1,1,1,0,0,1,0,8.5,271.1,0,0,0,0,0,1
1100,38.534,0.022,1,1,1,0,9.66,-0.67,0,1,1,0,19.178,-0.597,0,0.0,0,0,1,1,0,1,0,1,0,0,0,12192.0,2,1,1,1,0,0,1,0,8.5,270.2,0,0,0,0,0,1
1200,38.534,0.0,0,0,1,0,9.587,-0.726,0,1,1,0,19.113,-0.647,0,0.0,0,0,1,1,0,1,0,1,0,0,0,12192.0,2,1,1,1,0,0,1,0,8.3,269.6,0,0,0,0,0,1
1300,38.534,0.0,0,0,1,0,9.509,-0.781,0,1,1,0,19.043,-0.697,0,0.0,0,0,1,1,0,1,0,1,0,0,0,12192.0,2,1,1,1,0,0,1,0,8.6,275.5,0,0,0,0,0,1
1400,38.534,0.0,0,0,1,0,9.425,-0.837,0,1,1,0,18.969,-0.746,0,0.0,0,0,1,1,0,1,0,1,0,0,0,12192.0,2,1,1,1,0,0,1,0,9.2,269.3,0,0,0,0,0,1
1500,38.534,0.0,0,0,1,0,9.336,-0.893,0,1,1,0,18.889,-0.796,0,0.0,0,0,1,1,0,1,0,1,0,0,0,12192.0,2,1,1,1,0,0,1,0,8.3,263.6,0,0,0,0,0,1
1600,38.534,0.0,0,0,1,0,9.241,-0.949,0,1,1,0,18.805,-0.846,0,0.0,0,0,1,1,0,1,0,1,0,0,0,12192.0,2,1,1,1,0,0,1,0,9.3,271.1,0,0,0,0,0,1
1700,38.534,0.0,0,0,1,0,9.141,-1.005,0,1,1,0,18.715,-0.896,0,0.0,0,0,1,1,0,1,0,1,0,0,0,12192.0,2,1,1,1,0,0,1,0,8.4,269.1,0,0,0,0,0,1
1800,38.534,0.0,0,0,1,0,9.034,-1.061,0,1,1,0,18.621,-0.945,0,0.0,0,0,1,1,0,1,0,1,0,0,0,12192.0,2,1,1,1,0,0,1,0,8.3,271.7,0,0,0,0,0,1
1900,38.534,0.0,0,0,1,0,8.923,-1.116,0,1,1,0,18.521,-0.995,0,0.0,0,0,1,1,0,1,0,1,0,0,0,12192.0,2,1,1,1,0,0,1,0,8.2,272.3,0,0,0,0,0,1
2000,38.534,0.0,0,0,1,0,8.806,-1.172,0,1,1,0,18.416,-1.045,0,0.0,0,0,1,1,0,1,0,1,0,0,0,12192.0,2,1,1,1,0,0,1,0,8.8,271.2,0,0,0,0,0,1
2100,38.534,0.0,0,0,1,0,8.683,-1.228,0,1,1,0,18.307,-1.095,0,0.0,0,0,1,1,0,1,0,1,0,0,0,12192.0,2,1,1,1,0,0,1,0,8.9,266.4,0,0,0,0,0,1
2200,38.534,0.0,0,0,1,0,8.554,-1.284,0,1,1,0,18.193,-1.145,0,0.0,0,0,1,1,0,1,0,1,0,0,0,12192.0,2,1,1,1,0,0,1,0,9.5,267.1,0,0,0,0,0,1
2300,38.534,0.0,0,0,1,0,8.42,-1.34,0,1,1,0,18.073,-1.194,0,0.0,0,0,1,1,0,1,0,1,0,0,0,12192.0,2,1,1,1,0,0,1,0,8.6,266.9,0,0,0,0,0,1
2400,38.534,0.0,0,0,1,0,8.281,-1.395,0,1,1,0,17.949,-1.244,0,0.0,0,0,1,1,0,1,0,1,0,0,0,12192.0,2,1,1,1,0,0,1,0,8.7,269.7,0,0,0,0,0,1
2500,38.534,0.0,0,0,1,0,8.136,-1.451,0,1,1,0,17.822,-1.266,0,0.0,0,0,1,1,0,1,0,1,0,0,0,12192.0,2,1,1,1,0,0,1,0,8.9,270.9,0,0,0,0,0,1
2600,38.534,0.0,0,0,1,0,7.985,-1.507,0,1,1,0,17.696,-1.266,0,0.0,0,0,1,1,0,1,0,1,0,0,0,12192.0,2,1,1,1,0,0,1,0,8.6,268.2,0,0,0,0,0,1
2700,38.534,0.0,0,0,1,0,7.829,-1.563,0,1,1,0,17.569,-1.266,0,0.0,0,0,1,1,0,1,0,1,0,0,0,12192.0,2,1,1,1,0,0,1,0,8.8,268.1,0,0,0,0,0,1
2800,38.534,0.0,0,0,1,0,7.67,-1.586,0,1,1,0,17.442,-1.266,0,0.0,0,0,1,1,0,1,0,1,0,0,0,12192.0,2,1,1,1,0,0,1,0,9.5,270.8,0,0,0,0,0,1
2900,38.534,0.0,0,0,1,0,7.517,-1.529,0,1,1,0,17.316,-1.266,0,0.0,0,0,1,1,0,1,0,1,0,0,0,12192.0,2,1,1,1,0,0,1,0,8.2,270.1,0,0,0,0,0,1
3000,38.534,0.0,0,0,1,0,7.37,-1.473,0,1,1,0,17.189,-1.266,0,0.0,0,0,1,1,0,1,0,1,0,0,0,12192.0,2,1,1,1,0,0,1,0,7.8,269.9,0,0,0,0,0,1
3100,38.534,0.0,0,0,1,0,7.228,-1.416,0,1,1,0,17.063,-1.266,0,0.0,0,0,1,1,0,1,0,1,0,0,0,12192.0,2,1,1,1,0,0,1,0,8.2,275.3,0,0,0,0,0,1
3200,38.534,0.0,0,0,1,0,7.093,-1.359,0,1,1,0,16.936,-1.266,0,0.0,0,0,1,1,0,1,0,1,0,0,0,12192.0,2,1,1,1,0,0,1,0,9.3,270.9,0,0,0,0,0,1
3300,38.534,0.0,0,0,1,0,6.962,-1.302,0,1,1,0,16.809,-1.266,0,0.0,0,0,1,1,0,1,0,1,0,0,0,12192.0,2,1,1,1,0,0,1,0,8.5,277.2,0,0,0,0,0,1
3400,38.534,0.0,0,0,1,0,6.838,-1.245,0,1,1,0,16.683,-1.266,0,0.0,0,0,1,1,0,1,0,1,0,0,0,12192.0,2,1,1,1,0,0,1,0,7.9,269.0,0,0,0,0,0,1
3500,38.534,0.0,0,0,1,0,6.719,-1.187,0,1,1,0,16.556,-1.266,0,0.0,0,0,1,1,0,1,0,1,0,0,0,12192.0,2,1,1,1,0,0,1,0,8.2,270.7,0,0,0,0,0,1
3600,38.534,0.0,0,0,1,0,6.606,-1.13,0,1,1,0,16.43,-1.266,0,0.0,0,0,1,1,0,1,0,1,0,0,0,12192.0,2,1,1,1,0,0,1,0,7.6,275.0,0,0,0,0,0,1
3700,38.534,0.0,0,0,1,0,6.499,-1.073,0,1,1,0,16.303,-1.266,0,0.0,0,0,1,1,0,1,0,1,0,0,0,12192.0,2,1,1,1,0,0,1,0,7.7,269.6,0,0,0,0,0,1
3800,38.534,0.0,0,0,1,0,6.397,-1.016,0,1,1,0,16.177,-1.266,0,0.0,0,0,1,1,0,1,0,1,0,0,0,12192.0,2,1,1,1,0,0,1,0,9.0,274.0,0,0,0,0,0,1
3900,38.534,0.0,0,0,1,0,6.301,-0.958,0,1,1,0,16.05,-1.266,0,0.0,0,0,1,1,0,1,0,1,0,0,0,12192.0,2,1,1,1,0,0,1,0,8.4,265.7,0,0,0,0,0,1
4000,38.534,0.0,0,0,1,0,6.211,-0.901,0,1,1,0,15.923,-1.266,0,0.0,0,0,1,1,0,1,0,1,0,0,0,12192.0,2,1,1,1,0,0,1,0,8.9,269.8,0,0,0,0,0,1
4100,38.534,0.0,0,0,1,0,6.127,-0.843,0,1,1,0,15.797,-1.266,0,0.0,0,0,1,1,0,1,0,1,0,0,0,12192.0,2,1,1,1,0,0,1,0,8.3,266.0,0,0,0,0,0,1
4200,38.534,0.0,0,0,1,0,6.049,-0.785,0,1,1,0,15.67,-1.266,0,0.0,0,0,1,1,0,1,0,1,0,0,0,12192.0,2,1,1,1,0,0,1,0,7.8,270.1,0,0,0,0,0,1
4300,38.534,0.0,0,0,1,0,5.976,-0.727,0,1,1,0,15.544,-1.266,0,0.0,0,0,1,1,0,1,0,1,0,0,0,12192.0,2,1,1,1,0,0,1,0,8.2,274.7,0,0,0,0,0,1
4400,38.534,0.0,0,0,1,0,5.909,-0.669,0,1,1,0,15.417,-1.266,0,0.0,0,0,1,1,0,1,0,1,0,0,0,12192.0,2,1,1,1,0,0,1,0,8.0,270.2,0,0,0,0,0,1
4500,38.534,0.0,0,0,1,0,5.848,-0.611,0,1,1,0,15.29,-1.266,0,0.0,0,0,1,1,0,1,0,1,0,0,0,12192.0,2,1,1,1,0,0,1,0,8.5,272.9,0,0,0,0,0,1
4600,38.534,0.0,0,0,1,0,5.793,-0.552,0,1,1,0,15.164,-1.266,0,0.0,0,0,1,1,0,1,0,1,0,0,0,12192.0,2,1,1,1,0,0,1,0,7.4,269.1,0,0,0,0,0,1
4700,38.534,0.0,0,0,1,0,5.743,-0.493,0,1,1,0,15.037,-1.266,0,0.0,0,0,1,1,0,1,0,1,0,0,0,12192.0,2,1,1,1,0,0,1,0,7.9,271.4,0,0,0,0,0,1
4800,38.534,0.0,0,0,1,0,5.7,-0.434,0,1,1,0,14.911,-1.266,0,0.0,0,0,1,1,0,1,0,1,0,0,0,12192.0,2,1,1,1,0,0,1,0,7.8,269.7,0,0,0,0,0,1
4900,38.534,0.0,0,0,1,0,5.663,-0.374,0,1,1,0,14.789,-1.216,0,0.0,0,0,1,1,0,1,0,1,0,0,0,12192.0,2,1,1,1,0,0,1,0,8.1,272.1,0,0,0,0,0,1
5000,38.534,0.0,0,0,1,0,5.631,-0.313,0,1,1,0,14.672,-1.166,0,0.0,0,0,1,1,0,1,0,1,0,0,0,12192.0,2,1,1,1,0,0,1,0,7.0,268.5,0,0,0,0,0,1
5100,38.534,0.0,0,0,1,0,5.606,-0.251,0,1,1,0,14.561,-1.117,0,0.0,0,0,1,1,0,1,0,1,0,0,0,12192.0,2,1,1,1,0,0,1,0,7.9,270.9,0,0,0,0,0,1
5200,38.534,0.0,0,0,1,0,5.587,-0.187,0,1,1,0,14.454,-1.067,0,0.0,0,0,1,1,0,1,0,1,0,0,0,12192.0,2,1,1,1,0,0,1,0,7.3,268.4,0,0,0,0,0,1
5300,38.534,0.0,0,0,1,0,5.576,-0.119,0,1,1,0,14.352,-1.017,0,0.0,0,0,1,1,0,1,0,1,0,0,0,12192.0,2,1,1,1,0,0,1,0,8.2,270.9,0,0,0,0,0,1
5400,38.534,0.0,0,0,1,0,5.57,0.0,0,0,1,0,14.256,-0.967,0,0.0,0,0,1,1,0,1,0,1,0,0,0,12192.0,2,1,1,1,0,0,1,0,7.5,274.3,0,0,0,0,0,1
5500,38.534,0.0,0,0,1,0,5.57,0.0,0,0,1,0,14.164,-0.917,0,0.0,0,0,1,1,0,1,0,1,0,0,0,12192.0,2,1,1,1,0,0,1,0,7.4,267.9,0,0,0,0,0,1
5600,38.534,0.0,0,0,1,0,5.57,0.0,0,0,1,0,14.077,-0.868,0,0.0,0,0,1,1,0,1,0,1,0,0,0,12192.0,2,1,1,1,0,0,1,0,8.0,271.7,0,0,0,0,0,1
5700,38.534,0.0,0,0,1,0,5.57,0.0,0,0,1,0,13.995,-0.818,0,0.0,0,0,1,1,0,1,0,1,0,0,0,12192.0,2,1,1,1,0,0,1,0,6.5,266.7,0,0,0,0,0,1
5800,38.534,0.0,0,0,1,0,5.57,0.0,0,0,1,0,13.919,-0.768,0,0.0,0,0,1,1,0,1,0,1,0,0,0,12192.0,2,1,1,1,0,0,1,0,8.7,271.9,0,0,0,0,0,1
5900,38.534,0.0,0,0,1,0,5.57,0.0,0,0,1,0,13.847,-0.718,0,0.0,0,0,1,1,0,1,0,1,0,0,0,12192.0,2,1,1,1,0,0,1,0,8.1,271.0,0,0,0,0,0,1
6000,38.534,0.0,0,0,1,0,5.57,0.0,0,0,1,0,13.78,-0.669,0,0.0,0,0,1,1,0,1,0,1,0,0,0,12192.0,2,1,1,1,0,0,1,0,8.0,272.5,0,0,0,0,0,1
6100,38.534,0.0,0,0,1,0,5.57,0.0,0,0,1,0,13.718,-0.619,0,0.0,0,0,1,1,0,1,0,1,0,0,0,12192.0,2,1,1,1,0,0,1,0,6.9,270.0,0,0,0,0,0,1
6200,38.534,0.0,0,0,1,0,5.57,0.0,0,0,1,0,13.661,-0.569,0,0.0,0,0,1,1,0,1,0,1,0,0,0,12192.0,2,1,1,1,0,0,1,0,7.0,271.7,0,0,0,0,0,1
6300,38.534,0.0,0,0,1,0,5.57,0.0,0,0,1,0,13.609,-0.519,0,0.0,0,0,1,1,0,1,0,1,0,0,0,12192.0,2,1,1,1,0,0,1,0,7.5,269.6,0,0,0,0,0,1
6400,38.534,0.0,0,0,1,0,5.57,0.0,0,0,1,0,13.562,-0.47,0,0.0,0,0,1,1,0,1,0,1,0,0,0,12192.0,2,1,1,1,0,0,1,0,7.6,270.2,0,0,0,0,0,1
6500,38.534,0.0,0,0,1,0,5.57,0.0,0,0,1,0,13.52,-0.42,0,0.0,0,0,1,1,0,1,0,1,0,0,0,12192.0,2,1,1,1,0,0,1,0,6.8,268.2,0,0,0,0,0,1
6600,38.534,0.0,0,0,1,0,5.57,0.0,0,0,1,0,13.478,-0.422,0,0.0,0,0,1,1,0,1,0,1,0,0,0,12192.0,2,1,1,1,0,0,1,0,7.4,271.9,0,0,0,0,0,1
6700,38.534,0.0,0,0,1,0,5.57,0.0,0,0,1,0,13.441,-0.369,0,0.0,0,0,1,1,0,1,0,1,0,0,0,12192.0,2,1,1,1,0,0,1,0,7.6,268.4,0,0,0,0,0,1
6800,38.534,0.0,0,0,1,0,5.57,0.0,0,0,1,0,13.41,-0.315,0,0.0,0,0,1,1,0,1,0,1,0,0,0,12192.0,2,1,1,1,0,0,1,0,7.0,264.8,0,0,0,0,0,1
6900,38.534,0.0,0,0,1,0,5.57,0.0,0,0,1,0,13.383,-0.261,0,0.0,0,0,1,1,0,1,0,1,0,0,0,12192.0,2,1,1,1,0,0,1,0,7.5,271.5,0,0,0,0,0,1
7000,38.534,0.0,0,0,1,0,5.57,0.0,0,0,1,0,13.363,-0.205,0,0.0,0,0,1,1,0,1,0,1,0,0,0,12192.0,2,1,1,1,0,0,1,0,7.1,268.4,0,0,0,0,0,1
7100,38.534,0.0,0,0,1,0,5.57,0.0,0,0,1,0,13.348,-0.147,0,0.0,0,0,1,1,0,1,0,1,0,0,0,12192.0,2,1,1,1,0,0,1,0,7.5,266.9,0,0,0,0,0,1
7200,38.534,0.0,0,0,1,0,5.57,0.0,0,0,1,0,13.34,-0.084,0,0.0,0,0,1,1,0,1,0,1,0,0,0,12192.0,2,1,1,1,0,0,1,0,7.6,272.4,0,0,0,0,0,1
7300,38.534,0.0,0,0,0,0,5.57,0.0,0,0,0,0,13.336,0.0,0,0.0,0,0,0,0,0,1,0,1,0,0,0,12192.0,2,1,1,0,1,0,1,0,7.8,276.7,0,0,0,0,0,1
7400,38.534,0.0,0,0,1,0,5.57,0.0,0,0,1,0,13.331,-0.05,0,0.0,0,0,1,1,0,1,0,1,0,0,0,12192.0,2,1,1,1,0,0,1,0,8.0,276.2,0,0,0,0,0,1
7500,38.534,0.0,0,0,1,0,5.57,0.0,0,0,1,0,13.321,-0.1,0,0.0,0,0,1,1,0,1,0,1,0,0,0,12192.0,2,1,1,1,0,0,1,0,7.1,269.4,0,0,0,0,0,1
7600,38.534,0.0,0,0,1,0,5.57,0.0,0,0,1,0,13.307,-0.149,0,0.0,0,0,1,1,0,1,0,1,0,0,0,12192.0,2,1,1,1,0,0,1,0,8.3,274.0,0,0,0,0,0,1
7700,38.534,0.0,0,0,1,0,5.57,0.0,0,0,1,0,13.287,-0.199,0,0.0,0,0,1,1,0,1,0,1,0,0,0,12192.0,2,1,1,1,0,0,1,0,7.1,270.6,0,0,0,0,0,1
7800,38.534,0.0,0,0,1,0,5.57,0.0,0,0,1,0,13.262,-0.249,0,0.0,0,0,1,1,0,1,0,1,0,0,0,12192.0,2,1,1,1,0,0,1,0,7.3,266.5,0,0,0,0,0,1
7900,38.534,0.0,0,0,1,0,5.57,0.0,0,0,1,0,13.232,-0.299,0,0.0,0,0,1,1,0,1,0,1,0,0,0,12192.0,2,1,1,1,0,0,1,0,7.6,267.9,0,0,0,0,0,1
8000,38.534,0.0,0,0,1,0,5.57,0.0,0,0,1,0,13.197,-0.348,0,0.0,0,0,1,1,0,1,0,1,0,0,0,12192.0,2,1,1,1,0,0,1,0,7.7,268.7,0,0,0,0,0,1
8100,38.534,0.0,0,0,1,0,5.57,0.0,0,0,1,0,13.157,-0.398,0,0.0,0,0,1,1,0,1,0,1,0,0,0,12192.0,2,1,1,1,0,0,1,0,7.9,269.6,0,0,0,0,0,1
8200,38.534,0.0,0,0,1,0,5.57,0.0,0,0,1,0,13.112,-0.448,0,0.0,0,0,1,1,0,1,0,1,0,0,0,12192.0,2,1,1,1,0,0,1,0,7.4,269.9,0,0,0,0,0,1
8300,38.534,0.0,0,0,1,0,5.57,0.0,0,0,1,0,13.063,-0.498,0,0.0,0,0,1,1,0,1,0,1,0,0,0,12192.0,2,1,1,1,0,0,1,0,7.9,271.0,0,0,0,0,0,1
8400,38.534,0.0,0,0,1,0,5.57,0.0,0,0,1,0,13.008,-0.547,0,0.0,0,0,1,1,0,1,0,1,0,0,0,12192.0,2,1,1,1,0,0,1,0,7.9,268.1,0,0,0,0,0,1
8500,38.534,0.0,0,0,1,0,5.57,0.0,0,0,1,0,12.948,-0.597,0,0.0,0,0,1,1,0,1,0,1,0,0,0,12192.0,2,1,1,1,0,0,1,0,7.6,272.0,0,0,0,0,0,1
8600,38.534,0.0,0,0,1,0,5.57,0.0,0,0,1,0,12.884,-0.647,0,0.0,0,0,1,1,0,1,0,1,0,0,0,12192.0,2,1,1,1,0,0,1,0,7.8,267.7,0,0,0,0,0,1
8700,38.534,0.0,0,0,1,0,5.57,0.0,0,0,1,0,12.814,-0.697,0,0.0,0,0,1,1,0,1,0,1,0,0,0,12192.0,2,1,1,1,0,0,1,0,8.0,268.0,0,0,0,0,0,1
8800,38.534,0.0,0,0,1,0,5.57,0.0,0,0,1,0,12.739,-0.746,0,0.0,0,0,1,1,0,1,0,1,0,0,0,12192.0,2,1,1,1,0,0,1,0,7.8,270.4,0,0,0,0,0,1
8900,38.534,0.0,0,0,1,0,5.57,0.0,0,0,1,0,12.66,-0.796,0,0.0,0,0,1,1,0,1,0,1,0,0,0,12192.0,2,1,1,1,0,0,1,0,8.0,269.1,0,0,0,0,0,1
9000,38.534,0.0,0,0,1,0,5.57,0.0,0,0,1,0,12.575,-0.846,0,0.0,0,0,1,1,0,1,0,1,0,0,0,12192.0,2,1,1,1,0,0,1,0,8.7,267.7,0,0,0,0,0,1
9100,38.534,0.0,0,0,1,0,5.57,0.0,0,0,1,0,12.485,-0.896,0,0.0,0,0,1,1,0,1,0,1,0,0,0,12192.0,2,1,1,1,0,0,1,0,8.0,273.1,0,0,0,0,0,1
9200,38.534,0.0,0,0,1,0,5.57,0.0,0,0,1,0,12.391,-0.945,0,0.0,0,0,1,1,0,1,0,1,0,0,0,12192.0,2,1,1,1,0,0,1,0,7.8,267.6,0,0,0,0,0,1
9300,38.534,0.0,0,0,1,0,5.57,0.0,0,0,1,0,12.291,-0.995,0,0.0,0,0,1,1,0,1,0,1,0,0,0,12192.0,2,1,1,1,0,0,1,0,8.3,270.9,0,0,0,0,0,1
9400,38.534,0.0,0,0,1,0,5.57,0.0,0,0,1,0,12.187,-1.045,0,0.0,0,0,1,1,0,1,0,1,0,0,0,12192.0,2,1,1,1,0,0,1,0,9.0,265.0,0,0,0,0,0,1
9500,38.534,0.0,0,0,1,0,5.57,0.0,0,0,1,0,12.077,-1.095,0,0.0,0,0,1,1,0,1,0,1,0,0,0,12192.0,2,1,1,1,0,0,1,0,8.7,275.8,0,0,0,0,0,1
9600,38.534,0.0,0,0,1,0,5.57,0.0,0,0,1,0,11.963,-1.145,0,0.0,0,0,1,1,0,1,0,1,0,0,0,12192.0,2,1,1,1,0,0,1,0,8.2,272.0,0,0,0,0,0,1
9700,38.534,0.0,0,0,1,0,5.57,0.0,0,0,1,0,11.844,-1.194,0,0.0,0,0,1,1,0,1,0,1,0,0,0,12192.0,2,1,1,1,0,0,1,0,7.8,272.9,0,0,0,0,0,1
9800,38.534,0.0,0,0,1,0,5.57,0.0,0,0,1,0,11.719,-1.244,0,0.0,0,0,1,1,0,1,0,1,0,0,0,12192.0,2,1,1,1,0,0,1,0,8.1,267.5,0,0,0,0,0,1
9900,38.534,0.0,0,0,1,0,5.57,0.0,0,0,1,0,11.593,-1.266,0,0.0,0,0,1,1,0,1,0,1,0,0,0,12192.0,2,1,1,1,0,0,1,0,8.2,269.6,0,0,0,0,0,1
10000,38.534,0.0,0,0,1,0,5.57,0.0,0,0,1,0,11.466,-1.266,0,0.0,0,0,1,1,0,1,0,1,0,0,0,12192.0,2,1,1,1,0,0,1,0,8.4,270.0,0,0,0,0,0,1
10100,38.534,0.0,0,0,1,0,5.57,0.0,0,0,1,0,11.339,-1.266,0,0.0,0,0,1,1,0,1,0,1,0,0,0,12192.0,2,1,1,1,0,0,1,0,8.2,270.2,0,0,0,0,0,1
10200,38.534,0.0,0,0,1,0,5.57,0.0,0,0,1,0,11.213,-1.266,0,0.0,0,0,1,1,0,1,0,1,0,0,0,12192.0,2,1,1,1,0,0,1,0,8.8,271.8,0,0,0,0,0,1
10300,38.534,0.0,0,0,1,0,5.57,0.0,0,0,1,0,11.086,-1.266,0,0.0,0,0,1,1,0,1,0,1,0,0,0,12192.0,2,1,1,1,0,0,1,0,8.7,268.6,0,0,0,0,0,1
10400,38.534,0.0,0,0,1,0,5.57,0.0,0,0,1,0,10.96,-1.266,0,0.0,0,0,1,1,0,1,0,1,0,0,0,12192.0,2,1,1,1,0,0,1,0,8.2,269.4,0,0,0,0,0,1
10500,38.534,0.0,0,0,1,0,5.57,0.0,0,0,1,0,10.833,-1.266,0,0.0,0,0,1,1,0,1,0,1,0,0,0,12192.0,2,1,1,1,0,0,1,0,8.8,271.0,0,0,0,0,0,1
10600,38.534,0.0,0,0,1,0,5.57,0.0,0,0,1,0,10.706,-1.266,0,0.0,0,0,1,1,0,1,0,1,0,0,0,12192.0,2,1,1,1,0,0,1,0,8.8,270.5,0,0,0,0,0,1
10700,38.534,0.0,0,0,1,0,5.57,0.0,0,0,1,0,10.58,-1.266,0,0.0,0,0,1,1,0,1,0,1,0,0,0,12192.0,2,1,1,1,0,0,1,0,9.2,272.6,0,0,0,0,0,1
10800,38.534,0.0,0,0,1,0,5.57,0.0,0,0,1,0,10.453,-1.266,0,0.0,0,0,1,1,0,1,0,1,0,0,0,12192.0,2,1,1,1,0,0,1,0,8.1,271.3,0,0,0,0,0,1
10900,38.534,0.0,0,0,1,0,5.57,0.0,0,0,1,0,10.327,-1.266,0,0.0,0,0,1,1,0,1,0,1,0,0,0,12192.0,2,1,1,1,0,0,1,0,8.6,271.8,0,0,0,0,0,1
11000,38.534,0.0,0,0,1,0,5.57,0.0,0,0,1,0,10.2,-1.266,0,0.0,0,0,1,1,0,1,0,1,0,0,0,12192.0,2,1,1,1,0,0,1,0,9.3,273.1,0,0,0,0,0,1
11100,38.534,0.0,0,0,1,0,5.57,0.0,0,0,1,0,10.074,-1.266,0,0.0,0,0,1,1,0,1,0,1,0,0,0,12192.0,2,1,1,1,0,0,1,0,8.4,269.8,0,0,0,0,0,1
11200,38.534,0.0,0,0,1,0,5.57,0.0,0,0,1,0,9.947,-1.266,0,0.0,0,0,1,1,0,1,0,1,0,0,0,12192.0,2,1,1,1,0,0,1,0,8.5,266.4,0,0,0,0,0,1
11300,38.534,0.0,0,0,1,0,5.57,0.0,0,0,1,0,9.82,-1.266,0,0.0,0,0,1,1,0,1,0,1,0,0,0,12192.0,2,1,1,1,0,0,1,0,8.3,271.5,0,0,0,0,0,1
11400,38.534,0.0,0,0,1,0,5.57,0.0,0,0,1,0,9.694,-1.266,0,0.0,0,0,1,1,0,1,0,1,0,0,0,12192.0,2,1,1,1,0,0,1,0,8.2,270.2,0,0,0,0,0,1
11500,38.534,0.0,0,0,1,0,5.57,0.0,0,0,1,0,9.567,-1.266,0,0.0,0,0,1,1,0,1,0,1,0,0,0,12192.0,2,1,1,1,0,0,1,0,9.3,270.8,0,0,0,0,0,1
11600,38.534,0.0,0,0,1,0,5.57,0.0,0,0,1,0,9.441,-1.266,0,0.0,0,0,1,1,0,1,0,1,0,0,0,12192.0,2,1,1,1,0,0,1,0,8.1,274.6,0,0,0,0,0,1
11700,38.534,0.0,0,0,1,0,5.57,0.0,0,0,1,0,9.314,-1.266,0,0.0,0,0,1,1,0,1,0,1,0,0,0,12192.0,2,1,1,1,0,0,1,0,8.6,270.5,0,0,0,0,0,1
11800,38.534,0.0,0,0,1,0,5.57,0.0,0,0,1,0,9.187,-1.266,0,0.0,0,0,1,1,0,1,0,1,0,0,0,12192.0,2,1,1,1,0,0,1,0,7.6,271.1,0,0,0,0,0,1
11900,38.534,0.0,0,0,1,0,5.57,0.0,0,0,1,0,9.061,-1.266,0,0.0,0,0,1,1,0,1,0,1,0,0,0,12192.0,2,1,1,1,0,0,1,0,9.0,267.8,0,0,0,0,0,1
12000,38.534,0.0,0,0,1,0,5.57,0.0,0,0,1,0,8.934,-1.266,0,0.0,0,0,1,1,0,1,0,1,0,0,0,12192.0,2,1,1,1,0,0,1,0,9.1,269.3,0,0,0,0,0,1
12100,38.534,0.0,0,0,1,0,5.57,0.0,0,0,1,0,8.808,-1.266,0,0.0,0,0,1,1,0,1,0,1,0,0,0,12192.0,2,1,1,1,0,0,1,0,8.3,271.7,0,0,0,0,0,1
12200,38.534,0.0,0,0,1,0,5.57,0.0,0,0,1,0,8.681,-1.266,0,0.0,0,0,1,1,0,1,0,1,0,0,0,12192.0,2,1,1,1,0,0,1,0,8.9,270.1,0,0,0,0,0,1
12300,38.534,0.0,0,0,1,0,5.57,0.0,0,0,1,0,8.555,-1.266,0,0.0,0,0,1,1,0,1,0,1,0,0,0,12192.0,2,1,1,1,0,0,1,0,7.9,269.2,0,0,0,0,0,1
12400,38.534,0.0,0,0,1,0,5.57,0.0,0,0,1,0,8.428,-1.266,0,0.0,0,0,1,1,0,1,0,1,0,0,0,12192.0,2,1,1,1,0,0,1,0,8.4,268.5,0,0,0,0,0,1
12500,38.534,0.0,0,0,1,0,5.57,0.0,0,0,1,0,8.301,-1.266,0,0.0,0,0,1,1,0,1,0,1,0,0,0,12192.0,2,1,1,1,0,0,1,0,8.6,266.6,0,0,0,0,0,1
12600,38.534,0.0,0,0,1,0,5.57,0.0,0,0,1,0,8.175,-1.266,0,0.0,0,0,1,1,0,1,0,1,0,0,0,12192.0,2,1,1,1,0,0,1,0,7.8,268.4,0,0,0,0,0,1
12700,38.534,0.0,0,0,1,0,5.57,0.0,0,0,1,0,8.048,-1.266,0,0.0,0,0,1,1,0,1,0,1,0,0,0,12192.0,2,1,1,1,0,0,1,0,8.1,265.8,0,0,0,0,0,1
12800,38.534,0.0,0,0,1,0,5.57,0.0,0,0,1,0,7.922,-1.266,0,0.0,0,0,1,1,0,1,0,1,0,0,0,12192.0,2,1,1,1,0,0,1,0,7.7,272.7,0,0,0,0,0,1
12900,38.534,0.0,0,0,1,0,5.57,0.0,0,0,1,0,7.795,-1.266,0,0.0,0,0,1,1,0,1,0,1,0,0,0,12192.0,2,1,1,1,0,0,1,0,7.8,271.9,0,0,0,0,0,1
13000,38.534,0.0,0,0,1,0,5.57,0.0,0,0,1,0,7.668,-1.266,0,0.0,0,0,1,1,0,1,0,1,0,0,0,12192.0,2,1,1,1,0,0,1,0,7.7,274.1,0,0,0,0,0,1
13100,38.534,0.0,0,0,1,0,5.57,0.0,0,0,1,0,7.542,-1.266,0,0.0,0,0,1,1,0,1,0,1,0,0,0,12192.0,2,1,1,1,0,0,1,0,8.2,275.9,0,0,0,0,0,1
13200,38.534,0.0,0,0,1,0,5.57,0.0,0,0,1,0,7.415,-1.266,0,0.0,0,0,1,1,0,1,0,1,0,0,0,12192.0,2,1,1,1,0,0,1,0,8.1,270.2,0,0,0,0,0,1
13300,38.534,0.0,0,0,1,0,5.57,0.0,0,0,1,0,7.289,-1.266,0,0.0,0,0,1,1,0,1,0,1,0,0,0,12192.0,2,1,1,1,0,0,1,0,7.6,264.2,0,0,0,0,0,1
13400,38.534,0.0,0,0,1,0,5.57,0.0,0,0,1,0,7.162,-1.266,0,0.0,0,0,1,1,0,1,0,1,0,0,0,12192.0,2,1,1,1,0,0,1,0,7.8,267.6,0,0,0,0,0,1
13500,38.534,0.0,0,0,1,0,5.57,0.0,0,0,1,0,7.036,-1.266,0,0.0,0,0,1,1,0,1,0,1,0,0,0,12192.0,2,1,1,1,0,0,1,0,7.6,272.4,0,0,0,0,0,1
13600,38.534,0.0,0,0,1,0,5.57,0.0,0,0,1,0,6.909,-1.266,0,0.0,0,0,1,1,0,1,0,1,0,0,0,12192.0,2,1,1,1,0,0,1,0,7.9,265.8,0,0,0,0,0,1
13700,38.534,0.0,0,0,1,0,5.57,0.0,0,0,1,0,6.782,-1.266,0,0.0,0,0,1,1,0,1,0,1,0,0,0,12192.0,2,1,1,1,0,0,1,0,8.7,270.1,0,0,0,0,0,1
13800,38.534,0.0,0,0,1,0,5.57,0.0,0,0,1,0,6.656,-1.266,0,0.0,0,0,1,1,0,1,0,1,0,0,0,12192.0,2,1,1,1,0,0,1,0,7.6,267.4,0,0,0,0,0,1
13900,38.534,0.0,0,0,1,0,5.57,0.0,0,0,1,0,6.529,-1.266,0,0.0,0,0,1,1,0,1,0,1,0,0,0,12192.0,2,1,1,1,0,0,1,0,8.6,267.7,0,0,0,0,0,1
14000,38.534,0.0,0,0,1,0,5.57,0.0,0,0,1,0,6.403,-1.266,0,0.0,0,0,1,1,0,1,0,1,0,0,0,12192.0,2,1,1,1,0,0,1,0,7.7,270.2,0,0,0,0,0,1
14100,38.534,0.0,0,0,1,0,5.57,0.0,0,0,1,0,6.276,-1.266,0,0.0,0,0,1,1,0,1,0,1,0,0,0,12192.0,2,1,1,1,0,0,1,0,8.3,268.1,0,0,0,0,0,1
14200,38.534,0.0,0,0,1,0,5.57,0.0,0,0,1,0,6.149,-1.266,0,0.0,0,0,1,1,0,1,0,1,0,0,0,12192.0,2,1,1,1,0,0,1,0,7.1,266.5,0,0,0,0,0,1
14300,38.534,0.0,0,0,1,0,5.57,0.0,0,0,1,0,6.023,-1.266,0,0.0,0,0,1,1,0,1,0,1,0,0,0,12192.0,2,1,1,1,0,0,1,0,8.3,268.3,0,0,0,0,0,1
14400,38.534,0.0,0,0,1,0,5.57,0.0,0,0,1,0,5.896,-1.266,0,0.0,0,0,1,1,0,1,0,1,0,0,0,12192.0,2,1,1,1,0,0,1,0,7.9,272.3,0,0,0,0,0,1
14500,38.534,0.0,0,0,1,0,5.57,0.0,0,0,1,0,5.77,-1.266,0,0.0,0,0,1,1,0,1,0,1,0,0,0,12192.0,2,1,1,1,0,0,1,0,7.7,273.4,0,0,0,0,0,1
14600,38.534,0.0,0,0,1,0,5.57,0.0,0,0,1,0,5.643,-1.266,0,0.0,0,0,1,1,0,1,0,1,0,0,0,12192.0,2,1,1,1,0,0,1,0,8.1,269.9,0,0,0,0,0,1
14700,38.534,0.0,0,0,1,0,5.57,0.0,0,0,1,0,5.517,-1.266,0,0.0,0,0,1,1,0,1,0,1,0,0,0,12192.0,2,1,1,1,0,0,1,0,7.2,270.0,0,0,0,0,0,1
14800,38.534,0.0,0,0,1,0,5.57,0.0,0,0,1,0,5.39,-1.266,0,0.0,0,0,1,1,0,1,0,1,0,0,0,12192.0,2,1,1,1,0,0,1,0,7.3,270.8,0,0,0,0,0,1
14900,38.534,0.0,0,0,1,0,5.57,0.0,0,0,1,0,5.263,-1.266,0,0.0,0,0,1,1,0,1,0,1,0,0,0,12192.0,2,1,1,1,0,0,1,0,7.6,271.6,0,0,0,0,0,1
15000,38.534,0.0,0,0,1,0,5.57,0.0,0,0,1,0,5.137,-1.266,0,0.0,0,0,1,1,0,1,0,1,0,0,0,12192.0,2,1,1,1,0,0,1,0,7.0,272.4,0,0,0,0,0,1
15100,38.534,0.0,0,0,1,0,5.57,0.0,0,0,1,0,5.01,-1.266,0,0.0,0,0,1,1,0,1,0,1,0,0,0,12192.0,2,1,1,1,0,0,1,0,8.2,266.6,0,0,0,0,0,1
15200,38.534,0.0,0,0,1,0,5.57,0.0,0,0,1,0,4.884,-1.266,0,0.0,0,0,1,1,0,1,0,1,0,0,0,12192.0,2,1,1,1,0,0,1,0,8.1,270.8,0,0,0,0,0,1
15300,38.534,0.0,0,0,1,0,5.57,0.0,0,0,1,0,4.757,-1.266,0,0.0,0,0,1,1,0,1,0,1,0,0,0,12192.0,2,1,1,1,0,0,1,0,7.3,266.6,0,0,0,0,0,1
15400,38.534,0.0,0,0,1,0,5.57,0.0,0,0,1,0,4.63,-1.266,0,0.0,0,0,1,1,0,1,0,1,0,0,0,12192.0,2,1,1,1,0,0,1,0,7.8,269.0,0,0,0,0,0,1
15500,38.534,0.0,0,0,1,0,5.57,0.0,0,0,1,0,4.504,-1.266,0,0.0,0,0,1,1,0,1,0,1,0,0,0,12192.0,2,1,1,1,0,0,1,0,7.0,269.5,0,0,0,0,0,1
15600,38.534,0.0,0,0,1,0,5.57,0.0,0,0,1,0,4.377,-1.266,0,0.0,0,0,1,1,0,1,0,1,0,0,0,12192.0,2,1,1,1,0,0,1,0,7.3,267.2,0,0,0,0,0,1
15700,38.534,0.0,0,0,1,0,5.57,0.0,0,0,1,0,4.251,-1.266,0,0.0,0,0,1,1,0,1,0,1,0,0,0,12192.0,2,1,1,1,0,0,1,0,7.9,270.5,0,0,0,0,0,1
15800,38.534,0.0,0,0,1,0,5.57,0.0,0,0,1,0,4.129,-1.216,0,0.0,0,0,1,1,0,1,0,1,0,0,0,12192.0,2,1,1,1,0,0,1,0,7.0,271.2,0,0,0,0,0,1
15900,38.534,0.0,0,0,1,0,5.57,0.0,0,0,1,0,4.013,-1.166,0,0.0,0,0,1,1,0,1,0,1,0,0,0,12192.0,2,1,1,1,0,0,1,0,8.3,273.2,0,0,0,0,0,1
16000,38.534,0.0,0,0,1,0,5.57,0.0,0,0,1,0,3.901,-1.117,0,0.0,0,0,1,1,0,1,0,1,0,0,0,12192.0,2,1,1,1,0,0,1,0,6.9,269.2,0,0,0,0,0,1
16100,38.534,0.0,0,0,1,0,5.57,0.0,0,0,1,0,3.794,-1.067,0,0.0,0,0,1,1,0,1,0,1,0,0,0,12192.0,2,1,1,1,0,0,1,0,8.5,273.4,0,0,0,0,0,1
16200,38.534,0.0,0,0,1,0,5.57,0.0,0,0,1,0,3.692,-1.017,0,0.0,0,0,1,1,0,1,0,1,0,0,0,12192.0,2,1,1,1,0,0,1,0,7.3,270.2,0,0,0,0,0,1
16300,38.534,0.0,0,0,1,0,5.57,0.0,0,0,1,0,3.596,-0.967,0,0.0,0,0,1,1,0,1,0,1,0,0,0,12192.0,2,1,1,1,0,0,1,0,7.5,272.8,0,0,0,0,0,1
16400,38.534,0.0,0,0,1,0,5.57,0.0,0,0,1,0,3.504,-0.917,0,0.0,0,0,1,1,0,1,0,1,0,0,0,12192.0,2,1,1,1,0,0,1,0,7.0,274.0,0,0,0,0,0,1
16500,38.534,0.0,0,0,1,0,5.57,0.0,0,0,1,0,3.417,-0.868,0,0.0,0,0,1,1,0,1,0,1,0,0,0,12192.0,2,1,1,1,0,0,1,0,7.0,265.1,0,0,0,0,0,1
16600,38.534,0.0,0,0,1,0,5.57,0.0,0,0,1,0,3.335,-0.818,0,0.0,0,0,1,1,0,1,0,1,0,0,0,12192.0,2,1,1,1,0,0,1,0,7.6,273.3,0,0,0,0,0,1
16700,38.534,0.0,0,0,1,0,5.57,0.0,0,0,1,0,3.259,-0.768,0,0.0,0,0,1,1,0,1,0,1,0,0,0,12192.0,2,1,1,1,0,0,1,0,7.9,273.7,0,0,0,0,0,1
16800,38.534,0.0,0,0,1,0,5.57,0.0,0,0,1,0,3.187,-0.718,0,0.0,0,0,1,1,0,1,0,1,0,0,0,12192.0,2,1,1,1,0,0,1,0,7.6,264.7,0,0,0,0,0,1
16900,38.534,0.0,0,0,1,0,5.57,0.0,0,0,1,0,3.12,-0.669,0,0.0,0,0,1,1,0,1,0,1,0,0,0,12192.0,2,1,1,1,0,0,1,0,6.9,267.8,0,0,0,0,0,1
17000,38.534,0.0,0,0,1,0,5.57,0.0,0,0,1,0,3.058,-0.619,0,0.0,0,0,1,1,0,1,0,1,0,0,0,12192.0,2,1,1,1,0,0,1,0,8.0,270.5,0,0,0,0,0,1
17100,38.534,0.0,0,0,1,0,5.57,0.0,0,0,1,0,3.001,-0.569,0,0.0,0,0,1,1,0,1,0,1,0,0,0,12192.0,2,1,1,1,0,0,1,0,8.0,264.7,0,0,0,0,0,1
17200,38.534,0.0,0,0,1,0,5.57,0.0,0,0,1,0,2.949,-0.519,0,0.0,0,0,1,1,0,1,0,1,0,0,0,12192.0,2,1,1,1,0,0,1,0,7.3,269.6,0,0,0,0,0,1
17300,38.534,0.0,0,0,1,0,5.57,0.0,0,0,1,0,2.902,-0.47,0,0.0,0,0,1,1,0,1,0,1,0,0,0,12192.0,2,1,1,1,0,0,1,0,8.0,265.3,0,0,0,0,0,1
17400,38.534,0.0,0,0,1,0,5.57,0.0,0,0,1,0,2.86,-0.42,0,0.0,0,0,1,1,0,1,0,1,0,0,0,12192.0,2,1,1,1,0,0,1,0,7.5,271.4,0,0,0,0,0,1
17500,38.534,0.0,0,0,1,0,5.57,0.0,0,0,1,0,2.823,-0.37,0,0.0,0,0,1,1,0,1,0,1,0,0,0,12192.0,2,1,1,1,0,0,1,0,7.4,268.1,0,0,0,0,0,1
17600,38.534,0.0,0,0,1,0,5.57,0.0,0,0,1,0,2.786,-0.372,0,0.0,0,0,1,1,0,1,0,1,0,0,0,12192.0,2,1,1,1,0,0,1,0,8.5,270.1,0,0,0,0,0,1
17700,38.534,0.0,0,0,1,0,5.57,0.0,0,0,1,0,2.754,-0.319,0,0.0,0,0,1,1,0,1,0,1,0,0,0,12192.0,2,1,1,1,0,0,1,0,8.4,270.0,0,0,0,0,0,1
17800,38.534,0.0,0,0,1,0,5.57,0.0,0,0,1,0,2.728,-0.264,0,0.0,0,0,1,1,0,1,0,1,0,0,0,12192.0,2,1,1,1,0,0,1,0,7.3,268.4,0,0,0,0,0,1
17900,38.534,0.0,0,0,1,0,5.57,0.0,0,0,1,0,2.707,-0.209,0,0.0,0,0,1,1,0,1,0,1,0,0,0,12192.0,2,1,1,1,0,0,1,0,8.3,270.9,0,0,0,0,0,1
18000,38.534,0.0,0,0,1,0,5.57,0.0,0,0,1,0,2.692,-0.151,0,0.0,0,0,1,1,0,1,0,1,0,0,0,12192.0,2,1,1,1,0,0,1,0,8.4,271.4,0,0,0,0,0,1
18100,38.534,0.0,0,0,1,0,5.57,0.0,0,0,1,0,2.683,-0.088,0,0.0,0,0,1,1,0,1,0,1,0,0,0,12192.0,2,1,1,1,0,0,1,0,7.8,273.7,0,0,0,0,0,1
18200,38.534,0.0,0,0,0,0,5.57,0.0,0,0,0,0,2.679,0.0,0,0.0,0,0,0,0,0,1,0,1,0,0,0,12192.0,2,1,1,0,1,0,1,0,8.2,265.4,0,0,0,0,0,1
18300,38.534,0.0,0,0,0,0,5.57,0.0,0,0,0,0,2.679,0.0,0,0.0,0,0,0,0,0,1,0,1,1,1,0,12192.0,2,1,1,0,1,0,1,0,8.2,270.1,0,0,0,0,0,1
18400,38.534,0.0,0,0,0,0,5.57,0.0,0,0,0,0,2.679,0.0,0,0.0,0,0,0,0,0,1,0,1,1,1,0,12192.0,2,1,1,0,1,0,1,0,8.5,271.7,0,0,0,0,0,1
18500,38.534,0.0,0,0,0,0,5.57,0.0,0,0,0,0,2.679,0.0,0,0.0,0,0,0,0,0,1,0,1,1,1,0,12192.0,2,1,1,0,1,0,1,0,8.4,271.5,0,0,0,0,0,1
18600,38.534,0.0,0,0,0,0,5.57,0.0,0,0,0,0,2.679,0.0,0,0.0,0,0,0,0,0,1,0,1,1,1,0,12192.0,2,1,1,0,1,0,1,0,8.9,272.5,0,0,0,0,0,1
18700,38.534,0.0,0,0,0,0,5.57,0.0,0,0,0,0,2.679,0.0,0,0.0,0,0,0,0,0,1,0,1,1,1,0,12192.0,2,1,1,0,1,0,1,0,8.3,272.9,0,0,0,0,0,1
18800,38.534,0.0,0,0,0,0,5.57,0.0,0,0,0,0,2.679,0.0,0,0.0,0,0,0,0,0,1,0,1,1,1,0,12192.0,2,1,1,0,1,0,1,0,8.1,273.3,0,0,0,0,0,1
18900,38.534,0.0,0,0,0,0,5.57,0.0,0,0,0,0,2.679,0.0,0,0.0,0,0,0,0,0,1,0,1,1,1,0,12192.0,2,1,1,0,1,0,1,0,9.3,275.0,0,0,0,0,0,1
19000,38.534,0.0,0,0,0,0,5.57,0.0,0,0,0,0,2.679,0.0,0,0.0,0,0,0,0,0,1,0,1,1,1,0,12192.0,2,1,1,0,1,0,1,0,8.3,270.9,0,0,0,0,0,1
19100,38.534,0.0,0,0,0,0,5.57,0.0,0,0,0,0,2.679,0.0,0,0.0,0,0,0,0,0,1,0,1,1,1,0,12192.0,2,1,1,0,1,0,1,0,9.3,268.9,0,0,0,0,0,1
19200,38.534,0.0,0,0,0,0,5.57,0.0,0,0,0,0,2.679,0.0,0,0.0,0,0,0,0,0,1,0,1,1,1,0,12192.0,2,1,1,0,1,0,1,0,8.1,267.1,0,0,0,0,0,1
19300,38.534,0.0,0,0,0,0,5.57,0.0,0,0,0,0,2.679,0.0,0,0.0,0,0,0,0,0,1,0,1,1,1,0,12192.0,2,1,1,0,1,0,1,0,8.9,272.9,0,0,0,0,0,1
19400,38.534,0.0,0,0,0,0,5.57,0.0,0,0,0,0,2.679,0.0,0,0.0,0,0,0,0,0,1,0,1,1,1,0,12192.0,2,1,1,0,1,0,1,0,9.0,273.1,0,0,0,0,0,1
19500,38.534,0.0,0,0,0,0,5.57,0.0,0,0,0,0,2.679,0.0,0,32.2,0,0,0,0,0,1,1,0,1,1,0,12192.0,2,1,1,0,1,0,1,0,9.4,273.3,0,0,0,0,0,1
19600,38.534,0.0,0,0,0,0,5.57,0.0,0,0,0,0,2.679,0.0,0,31.96,0,0,0,0,0,1,1,0,1,1,0,12192.0,2,1,1,0,1,0,1,0,7.3,266.2,0,0,0,0,0,1
19700,38.534,0.0,0,0,0,0,5.57,0.0,0,0,0,0,2.679,0.0,0,32.06,0,0,0,0,0,1,1,0,1,1,0,12192.0,2,1,1,0,1,0,1,0,8.0,269.5,0,0,0,0,0,1
19800,38.534,0.0,0,0,0,0,5.57,0.0,0,0,0,0,2.679,0.0,0,32.01,0,0,0,0,0,1,1,0,1,1,0,12192.0,2,1,1,0,1,0,1,0,8.1,269.9,0,0,0,0,0,1
19900,38.534,0.0,0,0,0,0,5.57,0.0,0,0,0,0,2.679,0.0,0,32.18,0,0,0,0,0,1,1,0,1,1,0,12192.0,2,1,1,0,1,0,1,0,7.9,272.5,0,0,0,0,0,1
20000,38.534,0.0,0,0,0,0,5.57,0.0,0,0,0,0,2.679,0.0,0,32.03,0,0,0,0,0,1,1,0,1,1,0,12192.0,2,1,1,0,1,0,1,0,8.1,272.1,0,0,0,0,0,1
20100,38.534,0.0,0,0,0,0,5.57,0.0,0,0,0,0,2.679,0.0,0,31.97,0,0,0,0,0,1,1,0,1,1,0,12192.0,2,1,1,0,1,0,1,0,8.8,267.9,0,0,0,0,0,1
20200,38.534,0.0,0,0,0,0,5.57,0.0,0,0,0,0,2.679,0.0,0,31.98,0,0,0,0,0,1,1,0,1,1,0,12192.0,2,1,1,0,1,0,1,0,7.6,274.1,0,0,0,0,0,1
20300,38.534,0.0,0,0,0,0,5.57,0.0,0,0,0,0,2.679,0.0,0,31.89,0,0,0,0,0,1,1,0,1,1,0,12192.0,2,1,1,0,1,0,1,0,8.6,271.2,0,0,0,0,0,1
20400,38.534,0.0,0,0,0,0,5.57,0.0,0,0,0,0,2.679,0.0,0,31.91,0,0,0,0,0,1,1,0,1,1,0,12192.0,2,1,1,0,1,0,1,0,8.5,268.7,0,0,0,0,0,1
20500,38.534,0.0,0,0,0,0,5.57,0.0,0,0,0,0,2.679,0.0,0,32.02,0,0,0,0,0,1,1,0,1,1,0,12192.0,2,1,1,0,1,0,1,0,7.6,274.0,0,0,0,0,0,1
20600,38.534,0.0,0,0,0,0,5.57,0.0,0,0,0,0,2.679,0.0,0,32.14,0,0,0,0,0,1,1,0,1,1,0,12192.0,2,1,1,0,1,0,1,0,8.0,265.8,0,0,0,0,0,1
20700,38.534,0.0,0,0,0,0,5.57,0.0,0,0,0,0,2.679,0.0,0,32.1,0,0,0,0,0,1,1,0,1,1,0,12192.0,2,1,1,0,1,0,1,0,8.6,275.3,0,0,0,0,0,1
20800,38.534,0.0,0,0,0,0,5.57,0.0,0,0,0,0,2.679,0.0,0,32.04,0,0,0,0,0,1,1,0,1,1,0,12192.0,2,1,1,0,1,0,1,0,7.8,270.2,0,0,0,0,0,1
20900,38.534,0.0,0,0,1,0,5.57,0.0,0,0,1,0,2.684,0.05,1,33.63,0,0,1,1,0,1,1,0,0,1,0,12192.0,2,1,1,1,0,0,1,0,8.0,268.6,0,0,0,0,0,1
21000,38.534,0.0,0,0,1,0,5.57,0.0,0,0,1,0,2.694,0.1,1,33.51,0,0,1,1,0,1,1,0,0,1,0,12192.0,2,1,1,1,0,0,1,0,8.4,271.5,0,0,0,0,0,1
21100,38.534,0.0,0,0,1,0,5.57,0.0,0,0,1,0,2.709,0.149,1,33.5,0,0,1,1,0,1,1,0,0,1,0,12192.0,2,1,1,1,0,0,1,0,8.9,270.6,0,0,0,0,0,1
21200,38.534,0.0,0,0,1,0,5.57,0.0,0,0,1,0,2.729,0.199,1,33.67,0,0,1,1,0,1,1,0,0,1,0,12192.0,2,1,1,1,0,0,1,0,8.9,272.0,0,0,0,0,0,1
21300,38.534,0.0,0,0,1,0,5.57,0.0,0,0,1,0,2.754,0.249,1,33.69,0,0,1,1,0,1,1,0,0,1,0,12192.0,2,1,1,1,0,0,1,0,8.9,272.6,0,0,0,0,0,1
21400,38.534,0.0,0,0,1,0,5.57,0.0,0,0,1,0,2.784,0.299,1,33.72,0,0,1,1,0,1,1,0,0,1,0,12192.0,2,1,1,1,0,0,1,0,8.3,267.4,0,0,0,0,0,1
21500,38.534,0.0,0,0,1,0,5.57,0.0,0,0,1,0,2.818,0.348,1,33.76,0,0,1,1,0,1,1,0,0,1,0,12192.0,2,1,1,1,0,0,1,0,8.5,269.6,0,0,0,0,0,1
21600,38.534,0.0,0,0,1,0,5.57,0.0,0,0,1,0,2.858,0.398,1,33.75,0,0,1,1,0,1,1,0,0,1,0,12192.0,2,1,1,1,0,0,1,0,8.3,269.0,0,0,0,0,0,1
21700,38.534,0.0,0,0,1,0,5.57,0.0,0,0,1,0,2.903,0.448,1,33.71,0,0,1,1,0,1,1,0,0,1,0,12192.0,2,1,1,1,0,0,1,0,8.3,269.8,0,0,0,0,0,1
21800,38.534,0.0,0,0,1,0,5.57,0.0,0,0,1,0,2.953,0.498,1,33.59,0,0,1,1,0,1,1,0,0,1,0,12192.0,2,1,1,1,0,0,1,0,7.7,275.5,0,0,0,0,0,1
21900,38.534,0.0,0,0,1,0,5.57,0.0,0,0,1,0,3.008,0.547,1,33.68,0,0,1,1,0,1,1,0,0,1,0,12192.0,2,1,1,1,0,0,1,0,7.8,268.7,0,0,0,0,0,1
22000,38.534,0.0,0,0,1,0,5.57,0.0,0,0,1,0,3.067,0.597,1,33.49,0,0,1,1,0,1,1,0,0,1,0,12192.0,2,1,1,1,0,0,1,0,8.3,265.3,0,0,0,0,0,1
22100,38.534,0.0,0,0,1,0,5.57,0.0,0,0,1,0,3.132,0.647,1,33.49,0,0,1,1,0,1,1,0,0,1,0,12192.0,2,1,1,1,0,0,1,0,7.7,265.8,0,0,0,0,0,1
22200,38.534,0.0,0,0,1,0,5.57,0.0,0,0,1,0,3.202,0.697,1,33.43,0,0,1,1,0,1,1,0,0,1,0,12192.0,2,1,1,1,0,0,1,0,8.6,270.9,0,0,0,0,0,1
22300,38.534,0.0,0,0,1,0,5.57,0.0,0,0,1,0,3.276,0.746,1,33.7,0,0,1,1,0,1,1,0,0,1,0,12192.0,2,1,1,1,0,0,1,0,8.2,270.5,0,0,0,0,0,1
22400,38.534,0.0,0,0,1,0,5.57,0.0,0,0,1,0,3.356,0.796,1,33.65,0,0,1,1,0,1,1,0,0,1,0,12192.0,2,1,1,1,0,0,1,0,8.0,271.3,0,0,0,0,0,1
22500,38.534,0.0,0,0,1,0,5.57,0.0,0,0,1,0,3.44,0.846,1,33.45,0,0,1,1,0,1,1,0,0,1,0,12192.0,2,1,1,1,0,0,1,0,8.9,270.5,0,0,0,0,0,1
22600,38.534,0.0,0,0,1,0,5.57,0.0,0,0,1,0,3.53,0.896,1,33.56,0,0,1,1,0,1,1,0,0,1,0,12192.0,2,1,1,1,0,0,1,0,7.7,269.8,0,0,0,0,0,1
22700,38.534,0.0,0,0,1,0,5.57,0.0,0,0,1,0,3.625,0.945,1,33.71,0,0,1,1,0,1,1,0,0,1,0,12192.0,2,1,1,1,0,0,1,0,8.4,269.9,0,0,0,0,0,1
22800,38.534,0.0,0,0,1,0,5.57,0.0,0,0,1,0,3.724,0.995,1,33.62,0,0,1,1,0,1,1,0,0,1,0,12192.0,2,1,1,1,0,0,1,0,8.0,271.6,0,0,0,0,0,1
22900,38.534,0.0,0,0,1,0,5.57,0.0,0,0,1,0,3.829,1.045,1,33.83,0,0,1,1,0,1,1,0,0,1,0,12192.0,2,1,1,1,0,0,1,0,8.5,268.8,0,0,0,0,0,1
23000,38.534,0.0,0,0,1,0,5.57,0.0,0,0,1,0,3.938,1.095,1,33.61,0,0,1,1,0,1,1,0,0,1,0,12192.0,2,1,1,1,0,0,1,0,8.6,268.5,0,0,0,0,0,1
23100,38.534,0.0,0,0,1,0,5.57,0.0,0,0,1,0,4.053,1.145,1,33.82,0,0,1,1,0,1,1,0,0,1,0,12192.0,2,1,1,1,0,0,1,0,7.1,274.3,0,0,0,0,0,1
23200,38.534,0.0,0,0,1,0,5.57,0.0,0,0,1,0,4.172,1.194,1,33.64,0,0,1,1,0,1,1,0,0,1,0,12192.0,2,1,1,1,0,0,1,0,8.3,269.5,0,0,0,0,0,1
23300,38.534,0.0,0,0,1,0,5.57,0.0,0,0,1,0,4.296,1.244,1,33.52,0,0,1,1,0,1,1,0,0,1,0,12192.0,2,1,1,1,0,0,1,0,7.4,275.3,0,0,0,0,0,1
23400,38.534,0.0,0,0,1,0,5.57,0.0,0,0,1,0,4.423,1.266,1,33.87,0,0,1,1,0,1,1,0,0,1,0,12192.0,2,1,1,1,0,0,1,0,7.5,271.1,0,0,0,0,0,1
23500,38.534,0.0,0,0,1,0,5.57,0.0,0,0,1,0,4.55,1.266,1,33.43,0,0,1,1,0,1,1,0,0,1,0,12192.0,2,1,1,1,0,0,1,0,7.7,269.9,0,0,0,0,0,1
23600,38.534,0.0,0,0,1,0,5.57,0.0,0,0,1,0,4.676,1.266,1,33.72,0,0,1,1,0,1,1,0,0,1,0,12192.0,2,1,1,1,0,0,1,0,8.0,270.0,0,0,0,0,0,1
23700,38.534,0.0,0,0,1,0,5.57,0.0,0,0,1,0,4.803,1.266,1,33.69,0,0,1,1,0,1,1,0,0,1,0,12192.0,2,1,1,1,0,0,1,0,7.4,268.2,0,0,0,0,0,1
23800,38.534,0.0,0,0,1,0,5.57,0.0,0,0,1,0,4.929,1.266,1,33.55,0,0,1,1,0,1,1,0,0,1,0,12192.0,2,1,1,1,0,0,1,0,7.6,267.8,0,0,0,0,0,1
23900,38.534,0.0,0,0,1,0,5.57,0.0,0,0,1,0,5.056,1.266,1,33.61,0,0,1,1,0,1,1,0,0,1,0,12192.0,2,1,1,1,0,0,1,0,7.2,265.4,0,0,0,0,0,1
24000,38.534,0.0,0,0,1,0,5.57,0.0,0,0,1,0,5.182,1.266,1,33.69,0,0,1,1,0,1,1,0,0,1,0,12192.0,2,1,1,1,0,0,1,0,7.0,265.3,0,0,0,0,0,1
24100,38.534,0.0,0,0,1,0,5.57,0.0,0,0,1,0,5.309,1.266,1,33.56,0,0,1,1,0,1,1,0,0,1,0,12192.0,2,1,1,1,0,0,1,0,7.1,271.1,0,0,0,0,0,1
24200,38.534,0.0,0,0,1,0,5.57,0.0,0,0,1,0,5.436,1.266,1,33.71,0,0,1,1,0,1,1,0,0,1,0,12192.0,2,1,1,1,0,0,1,0,7.7,267.0,0,0,0,0,0,1
24300,38.534,0.0,0,0,1,0,5.57,0.0,0,0,1,0,5.562,1.266,1,33.62,0,0,1,1,0,1,1,0,0,1,0,12192.0,2,1,1,1,0,0,1,0,8.1,273.2,0,0,0,0,0,1
24400,38.534,0.0,0,0,1,0,5.57,0.0,0,0,1,0,5.689,1.266,1,33.59,0,0,1,1,0,1,1,0,0,1,0,12192.0,2,1,1,1,0,0,1,0,7.3,270.4,0,0,0,0,0,1
24500,38.534,0.0,0,0,1,0,5.57,0.0,0,0,1,0,5.815,1.266,1,33.47,0,0,1,1,0,1,1,0,0,1,0,12192.0,2,1,1,1,0,0,1,0,6.9,270.2,0,0,0,0,0,1
24600,38.534,0.0,0,0,1,0,5.57,0.0,0,0,1,0,5.942,1.266,1,33.58,0,0,1,1,0,1,1,0,0,1,0,12192.0,2,1,1,1,0,0,1,0,7.5,271.5,0,0,0,0,0,1
24700,38.534,0.0,0,0,1,0,5.57,0.0,0,0,1,0,6.069,1.266,1,33.77,0,0,1,1,0,1,1,0,0,1,0,12192.0,2,1,1,1,0,0,1,0,6.5,273.9,0,0,0,0,0,1
24800,38.534,0.0,0,0,1,0,5.57,0.0,0,0,1,0,6.195,1.266,1,33.56,0,0,1,1,0,1,1,0,0,1,0,12192.0,2,1,1,1,0,0,1,0,6.8,267.0,0,0,0,0,0,1
24900,38.534,0.0,0,0,1,0,5.57,0.0,0,0,1,0,6.322,1.266,1,33.65,0,0,1,1,0,1,1,0,0,1,0,12192.0,2,1,1,1,0,0,1,0,7.6,270.9,0,0,0,0,0,1
25000,38.534,0.0,0,0,1,0,5.57,0.0,0,0,1,0,6.448,1.266,1,33.86,0,0,1,1,0,1,1,0,0,1,0,12192.0,2,1,1,1,0,0,1,0,7.1,267.9,0,0,0,0,0,1
25100,38.534,0.0,0,0,1,0,5.57,0.0,0,0,1,0,6.575,1.266,1,33.63,0,0,1,1,0,1,1,0,0,1,0,12192.0,2,1,1,1,0,0,1,0,8.4,269.2,0,0,0,0,0,1
25200,38.534,0.0,0,0,1,0,5.57,0.0,0,0,1,0,6.701,1.266,1,33.72,0,0,1,1,0,1,1,0,0,1,0,12192.0,2,1,1,1,0,0,1,0,6.9,267.2,0,0,0,0,0,1
25300,38.534,0.0,0,0,1,0,5.57,0.0,0,0,1,0,6.828,1.266,1,33.71,0,0,1,1,0,1,1,0,0,1,0,12192.0,2,1,1,1,0,0,1,0,7.7,265.2,0,0,0,0,0,1
25400,38.534,0.0,0,0,1,0,5.57,0.0,0,0,1,0,6.955,1.266,1,33.51,0,0,1,1,0,1,1,0,0,1,0,12192.0,2,1,1,1,0,0,1,0,7.4,266.2,0,0,0,0,0,1
25500,38.534,0.0,0,0,1,0,5.57,0.0,0,0,1,0,7.081,1.266,1,33.7,0,0,1,1,0,1,1,0,0,1,0,12192.0,2,1,1,1,0,0,1,0,8.1,270.5,0,0,0,0,0,1
25600,38.534,0.0,0,0,1,0,5.57,0.0,0,0,1,0,7.208,1.266,1,33.59,0,0,1,1,0,1,1,0,0,1,0,12192.0,2,1,1,1,0,0,1,0,7.3,267.4,0,0,0,0,0,1
25700,38.534,0.0,0,0,1,0,5.57,0.0,0,0,1,0,7.334,1.266,1,33.82,0,0,1,1,0,1,1,0,0,1,0,12192.0,2,1,1,1,0,0,1,0,7.7,271.4,0,0,0,0,0,1
25800,38.534,0.0,0,0,1,0,5.57,0.0,0,0,1,0,7.461,1.266,1,33.54,0,0,1,1,0,1,1,0,0,1,0,12192.0,2,1,1,1,0,0,1,0,7.9,272.3,0,0,0,0,0,1
25900,38.534,0.0,0,0,1,0,5.57,0.0,0,0,1,0,7.588,1.266,1,33.55,0,0,1,1,0,1,1,0,0,1,0,12192.0,2,1,1,1,0,0,1,0,7.7,271.7,0,0,0,0,0,1
26000,38.534,0.0,0,0,1,0,5.57,0.0,0,0,1,0,7.714,1.266,1,33.77,0,0,1,1,0,1,1,0,0,1,0,12192.0,2,1,1,1,0,0,1,0,7.5,266.3,0,0,0,0,0,1
26100,38.534,0.0,0,0,1,0,5.57,0.0,0,0,1,0,7.841,1.266,1,33.82,0,0,1,1,0,1,1,0,0,1,0,12192.0,2,1,1,1,0,0,1,0,8.6,272.6,0,0,0,0,0,1
26200,38.534,0.0,0,0,1,0,5.57,0.0,0,0,1,0,7.967,1.266,1,33.55,0,0,1,1,0,1,1,0,0,1,0,12192.0,2,1,1,1,0,0,1,0,8.0,273.4,0,0,0,0,0,1
26300,38.534,0.0,0,0,1,0,5.57,0.0,0,0,1,0,8.094,1.266,1,33.54,0,0,1,1,0,1,1,0,0,1,0,12192.0,2,1,1,1,0,0,1,0,6.8,271.7,0,0,0,0,0,1
26400,38.534,0.0,0,0,1,0,5.57,0.0,0,0,1,0,8.22,1.266,1,33.62,0,0,1,1,0,1,1,0,0,1,0,12192.0,2,1,1,1,0,0,1,0,7.7,272.0,0,0,0,0,0,1
26500,38.534,0.0,0,0,1,0,5.57,0.0,0,0,1,0,8.347,1.266,1,33.56,0,0,1,1,0,1,1,0,0,1,0,12192.0,2,1,1,1,0,0,1,0,7.4,273.3,0,0,0,0,0,1
26600,38.534,0.0,0,0,1,0,5.57,0.0,0,0,1,0,8.474,1.266,1,33.48,0,0,1,1,0,1,1,0,0,1,0,12192.0,2,1,1,1,0,0,1,0,7.4,272.3,0,0,0,0,0,1
26700,38.534,0.0,0,0,1,0,5.57,0.0,0,0,1,0,8.6,1.266,1,33.68,0,0,1,1,0,1,1,0,0,1,0,12192.0,2,1,1,1,0,0,1,0,8.0,268.1,0,0,0,0,0,1
26800,38.534,0.0,0,0,1,0,5.57,0.0,0,0,1,0,8.727,1.266,1,33.74,0,0,1,1,0,1,1,0,0,1,0,12192.0,2,1,1,1,0,0,1,0,8.2,272.0,0,0,0,0,0,1
26900,38.534,0.0,0,0,1,0,5.57,0.0,0,0,1,0,8.853,1.266,1,33.54,0,0,1,1,0,1,1,0,0,1,0,12192.0,2,1,1,1,0,0,1,0,8.7,265.7,0,0,0,0,0,1
27000,38.534,0.0,0,0,1,0,5.57,0.0,0,0,1,0,8.98,1.266,1,33.79,0,0,1,1,0,1,1,0,0,1,0,12192.0,2,1,1,1,0,0,1,0,7.7,270.5,0,0,0,0,0,1
27100,38.534,0.0,0,0,1,0,5.57,0.0,0,0,1,0,9.107,1.266,1,33.67,0,0,1,1,0,1,1,0,0,1,0,12192.0,2,1,1,1,0,0,1,0,7.6,267.9,0,0,0,0,0,1
27200,38.534,0.0,0,0,1,0,5.57,0.0,0,0,1,0,9.233,1.266,1,33.73,0,0,1,1,0,1,1,0,0,1,0,12192.0,2,1,1,1,0,0,1,0,7.9,271.3,0,0,0,0,0,1
27300,38.534,0.0,0,0,1,0,5.57,0.0,0,0,1,0,9.36,1.266,1,33.25,0,0,1,1,0,1,1,0,0,1,0,12192.0,2,1,1,1,0,0,1,0,7.8,266.4,0,0,0,0,0,1
27400,38.534,0.0,0,0,1,0,5.57,0.0,0,0,1,0,9.486,1.266,1,33.55,0,0,1,1,0,1,1,0,0,1,0,12192.0,2,1,1,1,0,0,1,0,8.5,267.9,0,0,0,0,0,1
27500,38.534,0.0,0,0,1,0,5.57,0.0,0,0,1,0,9.613,1.266,1,33.66,0,0,1,1,0,1,1,0,0,1,0,12192.0,2,1,1,1,0,0,1,0,8.2,270.3,0,0,0,0,0,1
27600,38.534,0.0,0,0,1,0,5.57,0.0,0,0,1,0,9.739,1.266,1,33.67,0,0,1,1,0,1,1,0,0,1,0,12192.0,2,1,1,1,0,0,1,0,8.2,266.7,0,0,0,0,0,1
27700,38.534,0.0,0,0,1,0,5.57,0.0,0,0,1,0,9.866,1.266,1,33.64,0,0,1,1,0,1,1,0,0,1,0,12192.0,2,1,1,1,0,0,1,0,8.4,275.2,0,0,0,0,0,1
27800,38.534,0.0,0,0,1,0,5.57,0.0,0,0,1,0,9.993,1.266,1,33.82,0,0,1,1,0,1,1,0,0,1,0,12192.0,2,1,1,1,0,0,1,0,7.6,271.2,0,0,0,0,0,1
27900,38.534,0.0,0,0,1,0,5.57,0.0,0,0,1,0,10.119,1.266,1,33.45,0,0,1,1,0,1,1,0,0,1,0,12192.0,2,1,1,1,0,0,1,0,8.5,270.7,0,0,0,0,0,1
28000,38.534,0.0,0,0,1,0,5.57,0.0,0,0,1,0,10.246,1.266,1,33.55,0,0,1,1,0,1,1,0,0,1,0,12192.0,2,1,1,1,0,0,1,0,8.4,271.8,0,0,0,0,0,1
28100,38.534,0.0,0,0,1,0,5.57,0.0,0,0,1,0,10.372,1.266,1,33.65,0,0,1,1,0,1,1,0,0,1,0,12192.0,2,1,1,1,0,0,1,0,7.7,266.5,0,0,0,0,0,1
28200,38.534,0.0,0,0,1,0,5.57,0.0,0,0,1,0,10.499,1.266,1,33.63,0,0,1,1,0,1,1,0,0,1,0,12192.0,2,1,1,1,0,0,1,0,8.7,269.9,0,0,0,0,0,1
28300,38.534,0.0,0,0,1,0,5.57,0.0,0,0,1,0,10.626,1.266,1,33.62,0,0,1,1,0,1,1,0,0,1,0,12192.0,2,1,1,1,0,0,1,0,8.7,271.6,0,0,0,0,0,1
28400,38.534,0.0,0,0,1,0,5.57,0.0,0,0,1,0,10.752,1.266,1,33.69,0,0,1,1,0,1,1,0,0,1,0,12192.0,2,1,1,1,0,0,1,0,8.1,271.7,0,0,0,0,0,1
28500,38.534,0.0,0,0,1,0,5.57,0.0,0,0,1,0,10.879,1.266,1,33.62,0,0,1,1,0,1,1,0,0,1,0,12192.0,2,1,1,1,0,0,1,0,8.9,273.0,0,0,0,0,0,1
28600,38.534,0.0,0,0,1,0,5.57,0.0,0,0,1,0,11.005,1.266,1,33.63,0,0,1,1,0,1,1,0,0,1,0,12192.0,2,1,1,1,0,0,1,0,8.6,267.4,0,0,0,0,0,1
28700,38.534,0.0,0,0,1,0,5.57,0.0,0,0,1,0,11.132,1.266,1,33.68,0,0,1,1,0,1,1,0,0,1,0,12192.0,2,1,1,1,0,0,1,0,8.8,265.4,0,0,0,0,0,1
28800,38.534,0.0,0,0,1,0,5.57,0.0,0,0,1,0,11.258,1.266,1,33.51,0,0,1,1,0,1,1,0,0,1,0,12192.0,2,1,1,1,0,0,1,0,8.8,268.2,0,0,0,0,0,1
28900,38.534,0.0,0,0,1,0,5.57,0.0,0,0,1,0,11.385,1.266,1,33.47,0,0,1,1,0,1,1,0,0,1,0,12192.0,2,1,1,1,0,0,1,0,9.0,268.3,0,0,0,0,0,1
29000,38.534,0.0,0,0,1,0,5.57,0.0,0,0,1,0,11.512,1.266,1,33.73,0,0,1,1,0,1,1,0,0,1,0,12192.0,2,1,1,1,0,0,1,0,8.3,269.2,0,0,0,0,0,1
29100,38.534,0.0,0,0,1,0,5.57,0.0,0,0,1,0,11.638,1.266,1,33.44,0,0,1,1,0,1,1,0,0,1,0,12192.0,2,1,1,1,0,0,1,0,9.2,267.8,0,0,0,0,0,1
29200,38.534,0.0,0,0,1,0,5.57,0.0,0,0,1,0,11.765,1.266,1,33.74,0,0,1,1,0,1,1,0,0,1,0,12192.0,2,1,1,1,0,0,1,0,7.7,271.2,0,0,0,0,0,1
29300,38.534,0.0,0,0,1,0,5.57,0.0,0,0,1,0,11.886,1.216,1,30.32,0,0,1,1,0,1,1,0,0,1,0,12192.0,2,1,1,1,0,0,1,0,8.9,264.6,0,0,0,0,0,1
29400,38.534,0.0,0,0,1,0,5.57,0.0,0,0,1,0,12.003,1.166,1,30.27,0,0,1,1,0,1,1,0,0,1,0,12192.0,2,1,1,1,0,0,1,0,7.8,271.7,0,0,0,0,0,1
29500,38.534,0.0,0,0,1,0,5.57,0.0,0,0,1,0,12.115,1.117,1,30.44,0,0,1,1,0,1,1,0,0,1,0,12192.0,2,1,1,1,0,0,1,0,8.5,274.4,0,0,0,0,0,1
29600,38.534,0.0,0,0,1,0,5.57,0.0,0,0,1,0,12.221,1.067,1,30.1,0,0,1,1,0,1,1,0,0,1,0,12192.0,2,1,1,1,0,0,1,0,9.1,272.1,0,0,0,0,0,1
29700,38.534,0.0,0,0,1,0,5.57,0.0,0,0,1,0,12.323,1.017,1,30.47,0,0,1,1,0,1,1,0,0,1,0,12192.0,2,1,1,1,0,0,1,0,8.0,268.9,0,0,0,0,0,1
29800,38.534,0.0,0,0,1,0,5.57,0.0,0,0,1,0,12.42,0.967,1,30.34,0,0,1,1,0,1,1,0,0,1,0,12192.0,2,1,1,1,0,0,1,0,8.8,267.6,0,0,0,0,0,1
29900,38.534,0.0,0,0,1,0,5.57,0.0,0,0,1,0,12.512,0.917,1,30.37,0,0,1,1,0,1,1,0,0,1,0,12192.0,2,1,1,1,0,0,1,0,8.4,270.8,0,0,0,0,0,1
30000,38.534,0.0,0,0,1,0,5.57,0.0,0,0,1,0,12.603,0.919,1,33.73,0,0,1,1,0,1,1,0,0,1,0,12192.0,2,1,1,1,0,0,1,0,7.9,268.0,0,0,0,0,0,1
30100,38.534,0.0,0,0,1,0,5.57,0.0,0,0,1,0,12.69,0.868,1,30.47,0,0,1,1,0,1,1,0,0,1,0,12192.0,2,1,1,1,0,0,1,0,9.2,270.4,0,0,0,0,0,1
30200,38.534,0.0,0,0,1,0,5.57,0.0,0,0,1,0,12.772,0.816,1,30.33,0,0,1,1,0,1,1,0,0,1,0,12192.0,2,1,1,1,0,0,1,0,8.3,264.3,0,0,0,0,0,1
30300,38.534,0.0,0,0,1,0,5.57,0.0,0,0,1,0,12.848,0.765,1,30.34,0,0,1,1,0,1,1,0,0,1,0,12192.0,2,1,1,1,0,0,1,0,8.8,270.0,0,0,0,0,0,1
30400,38.534,0.0,0,0,1,0,5.57,0.0,0,0,1,0,12.92,0.713,1,30.37,0,0,1,1,0,1,1,0,0,1,0,12192.0,2,1,1,1,0,0,1,0,8.3,269.3,0,0,0,0,0,1
30500,38.534,0.0,0,0,1,0,5.57,0.0,0,0,1,0,12.986,0.662,1,30.3,0,0,1,1,0,1,1,0,0,1,0,12192.0,2,1,1,1,0,0,1,0,9.0,269.9,0,0,0,0,0,1
30600,38.534,0.0,0,0,1,0,5.57,0.0,0,0,1,0,13.047,0.61,1,30.16,0,0,1,1,0,1,1,0,0,1,0,12192.0,2,1,1,1,0,0,1,0,8.7,270.3,0,0,0,0,0,1
30700,38.534,0.0,0,0,1,0,5.57,0.0,0,0,1,0,13.103,0.558,1,30.23,0,0,1,1,0,1,1,0,0,1,0,12192.0,2,1,1,1,0,0,1,0,7.6,273.3,0,0,0,0,0,1
30800,38.534,0.0,0,0,1,0,5.57,0.0,0,0,1,0,13.153,0.506,1,30.61,0,0,1,1,0,1,1,0,0,1,0,12192.0,2,1,1,1,0,0,1,0,8.1,268.1,0,0,0,0,0,1
30900,38.534,0.0,0,0,1,0,5.57,0.0,0,0,1,0,13.199,0.453,1,30.48,0,0,1,1,0,1,1,0,0,1,0,12192.0,2,1,1,1,0,0,1,0,8.4,270.9,0,0,0,0,0,1
31000,38.534,0.0,0,0,1,0,5.57,0.0,0,0,1,0,13.239,0.4,1,30.43,0,0,1,1,0,1,1,0,0,1,0,12192.0,2,1,1,1,0,0,1,0,8.2,270.7,0,0,0,0,0,1
31100,38.534,0.0,0,0,1,0,5.57,0.0,0,0,1,0,13.273,0.347,1,30.29,0,0,1,1,0,1,1,0,0,1,0,12192.0,2,1,1,1,0,0,1,0,8.5,270.4,0,0,0,0,0,1
31200,38.534,0.0,0,0,1,0,5.57,0.0,0,0,1,0,13.303,0.293,1,30.2,0,0,1,1,0,1,1,0,0,1,0,12192.0,2,1,1,1,0,0,1,0,7.8,270.0,0,0,0,0,0,1
31300,38.534,0.0,0,0,1,0,5.57,0.0,0,0,1,0,13.326,0.238,1,30.48,0,0,1,1,0,1,1,0,0,1,0,12192.0,2,1,1,1,0,0,1,0,7.7,267.8,0,0,0,0,0,1
31400,38.534,0.0,0,0,1,0,5.57,0.0,0,0,1,0,13.345,0.182,1,30.55,0,0,1,1,0,1,1,0,0,1,0,12192.0,2,1,1,1,0,0,1,0,8.3,268.6,0,0,0,0,0,1
31500,38.534,0.0,0,0,1,0,5.57,0.0,0,0,1,0,13.357,0.122,1,30.53,0,0,1,1,0,1,1,0,0,1,0,12192.0,2,1,1,1,0,0,1,0,8.7,268.8,0,0,0,0,0,1
31600,38.534,0.0,0,0,1,0,5.57,0.0,0,0,1,0,13.362,0.053,1,30.34,0,0,1,1,0,1,1,0,0,1,0,12192.0,2,1,1,1,0,0,1,0,8.6,272.1,0,0,0,0,0,1
31700,38.534,0.0,0,0,0,0,5.57,0.0,0,0,0,0,13.362,0.0,0,32.0,0,0,0,0,0,1,1,0,0,1,0,12192.0,2,1,1,0,1,0,1,0,7.0,270.9,0,0,0,0,0,1
31800,38.536,0.015,1,1,1,0,5.564,-0.056,0,1,1,0,13.362,0.0,0,32.1,0,0,0,1,0,1,1,0,0,1,0,12192.0,2,1,1,1,0,0,1,0,7.9,272.6,0,0,0,0,0,1
31900,38.539,0.03,1,1,1,0,5.553,-0.112,0,1,1,0,13.362,0.0,0,31.98,0,0,0,1,0,1,1,0,0,1,0,12192.0,2,1,1,1,0,0,1,0,7.9,269.0,0,0,0,0,0,1
32000,38.543,0.045,1,1,1,0,5.537,-0.167,0,1,1,0,13.362,0.0,0,32.13,0,0,0,1,0,1,1,0,0,1,0,12192.0,2,1,1,1,0,0,1,0,7.7,268.4,0,0,0,0,0,1
32100,38.549,0.059,1,1,1,0,5.514,-0.223,0,1,1,0,13.362,0.0,0,32.09,0,0,0,1,0,1,1,0,0,1,0,12192.0,2,1,1,1,0,0,1,0,7.4,270.7,0,0,0,0,0,1
32200,38.556,0.074,1,1,1,0,5.486,-0.279,0,1,1,0,13.362,0.0,0,31.97,0,0,0,1,0,1,1,0,0,1,0,12192.0,2,1,1,1,0,0,1,0,7.6,271.6,0,0,0,0,0,1
32300,38.565,0.089,1,1,1,0,5.453,-0.335,0,1,1,0,13.362,0.0,0,32.02,0,0,0,1,0,1,1,0,0,1,0,12192.0,2,1,1,1,0,0,1,0,7.4,269.8,0,0,0,0,0,1
32400,38.576,0.104,1,1,1,0,5.414,-0.391,0,1,1,0,13.362,0.0,0,32.0,0,0,0,1,0,1,1,0,0,1,0,12192.0,2,1,1,1,0,0,1,0,7.9,269.6,0,0,0,0,0,1
32500,38.588,0.119,1,1,1,0,5.369,-0.447,0,1,1,0,13.362,0.0,0,31.95,0,0,0,1,0,1,1,0,0,1,0,12192.0,2,1,1,1,0,0,1,0,7.9,265.8,0,0,0,0,0,1
32600,38.601,0.134,1,1,1,0,5.319,-0.502,0,1,1,0,13.362,0.0,0,32.06,0,0,0,1,0,1,1,0,0,1,0,12192.0,2,1,1,1,0,0,1,0,7.7,268.4,0,0,0,0,0,1
32700,38.616,0.148,1,1,1,0,5.263,-0.558,0,1,1,0,13.362,0.0,0,31.97,0,0,0,1,0,1,1,0,0,1,0,12192.0,2,1,1,1,0,0,1,0,6.7,275.4,0,0,0,0,0,1
32800,38.632,0.163,1,1,1,0,5.202,-0.614,0,1,1,0,13.362,0.0,0,32.07,0,0,0,1,0,1,1,0,0,1,0,12192.0,2,1,1,1,0,0,1,0,7.2,271.4,0,0,0,0,0,1
32900,38.65,0.178,1,1,1,0,5.135,-0.67,0,1,1,0,13.362,0.0,0,32.01,0,0,0,1,0,1,1,0,0,1,0,12192.0,2,1,1,1,0,0,1,0,7.6,273.6,0,0,0,0,0,1
33000,38.669,0.193,1,1,1,0,5.062,-0.726,0,1,1,0,13.362,0.0,0,32.01,0,0,0,1,0,1,1,0,0,1,0,12192.0,2,1,1,1,0,0,1,0,7.0,264.8,0,0,0,0,0,1
33100,38.69,0.208,1,1,1,0,4.984,-0.781,0,1,1,0,13.362,0.0,0,31.91,0,0,0,1,0,1,1,0,0,1,0,12192.0,2,1,1,1,0,0,1,0,7.0,270.9,0,0,0,0,0,1
33200,38.712,0.223,1,1,1,0,4.9,-0.837,0,1,1,0,13.362,0.0,0,32.13,0,0,0,1,0,1,1,0,0,1,0,12192.0,2,1,1,1,0,0,1,0,7.7,266.4,0,0,0,0,0,1
33300,38.736,0.238,1,1,1,0,4.811,-0.893,0,1,1,0,13.362,0.0,0,31.74,0,0,0,1,0,1,1,0,0,1,0,12192.0,2,1,1,1,0,0,1,0,8.0,276.3,0,0,0,0,0,1
33400,38.761,0.252,1,1,1,0,4.716,-0.949,0,1,1,0,13.362,0.0,0,32.06,0,0,0,1,0,1,1,0,0,1,0,12192.0,2,1,1,1,0,0,1,0,7.8,265.6,0,0,0,0,0,1
33500,38.788,0.267,1,1,1,0,4.616,-1.005,0,1,1,0,13.362,0.0,0,32.03,0,0,0,1,0,1,1,0,0,1,0,12192.0,2,1,1,1,0,0,1,0,7.3,269.2,0,0,0,0,0,1
33600,38.816,0.282,1,1,1,0,4.509,-1.061,0,1,1,0,13.362,0.0,0,32.0,0,0,0,1,0,1,1,0,0,1,0,12192.0,2,1,1,1,0,0,1,0,6.9,263.3,0,0,0,0,0,1
33700,38.846,0.297,1,1,1,0,4.398,-1.116,0,1,1,0,13.362,0.0,0,32.32,0,0,0,1,0,1,1,0,0,1,0,12192.0,2,1,1,1,0,0,1,0,6.8,271.8,0,0,0,0,0,1
33800,38.877,0.312,1,1,1,0,4.281,-1.172,0,1,1,0,13.362,0.0,0,32.07,0,0,0,1,0,1,1,0,0,1,0,12192.0,2,1,1,1,0,0,1,0,7.9,270.1,0,0,0,0,0,1
33900,38.91,0.327,1,1,1,0,4.169,-1.116,0,1,1,0,13.362,0.0,0,31.99,0,0,0,1,0,1,1,0,0,1,0,12192.0,2,1,1,1,0,0,1,0,7.5,273.4,0,0,0,0,0,1
34000,38.944,0.342,1,1,1,0,4.063,-1.061,0,1,1,0,13.362,0.0,0,31.91,0,0,0,1,0,1,1,0,0,1,0,12192.0,2,1,1,1,0,0,1,0,6.9,273.2,0,0,0,0,0,1
34100,38.98,0.356,1,1,1,0,3.962,-1.005,0,1,1,0,13.362,0.0,0,32.15,0,0,0,1,0,1,1,0,0,1,0,12192.0,2,1,1,1,0,0,1,0,6.9,270.0,0,0,0,0,0,1
34200,39.017,0.371,1,1,1,0,3.868,-0.949,0,1,1,0,13.362,0.0,0,32.06,0,0,0,1,0,1,1,0,0,1,0,12192.0,2,1,1,1,0,0,1,0,7.3,271.2,0,0,0,0,0,1
34300,39.055,0.386,1,1,1,0,3.778,-0.893,0,1,1,0,13.362,0.0,0,31.98,0,0,0,1,0,1,1,0,0,1,0,12192.0,2,1,1,1,0,0,1,0,7.4,270.1,0,0,0,0,0,1
34400,39.096,0.401,1,1,1,0,3.695,-0.837,0,1,1,0,13.362,0.0,0,32.07,0,0,0,1,0,1,1,0,0,1,0,12192.0,2,1,1,1,0,0,1,0,7.7,267.2,0,0,0,0,0,1
34500,39.137,0.416,1,1,1,0,3.616,-0.781,0,1,1,0,13.362,0.0,0,31.93,0,0,0,1,0,1,1,0,0,1,0,12192.0,2,1,1,1,0,0,1,0,7.3,272.1,0,0,0,0,0,1
34600,39.18,0.431,1,1,1,0,3.544,-0.726,0,1,1,0,13.362,0.0,0,32.13,0,0,0,1,0,1,1,0,0,1,0,12192.0,2,1,1,1,0,0,1,0,8.0,269.0,0,0,0,0,0,1
34700,39.225,0.445,1,1,1,0,3.477,-0.67,0,1,1,0,13.362,0.0,0,31.92,0,0,0,1,0,1,1,0,0,1,0,12192.0,2,1,1,1,0,0,1,0,7.1,268.6,0,0,0,0,0,1
34800,39.271,0.46,1,1,1,0,3.415,-0.614,0,1,1,0,13.362,0.0,0,32.06,0,0,0,1,0,1,1,0,0,1,0,12192.0,2,1,1,1,0,0,1,0,7.3,267.3,0,0,0,0,0,1
34900,39.318,0.475,1,1,1,0,3.36,-0.558,0,1,1,0,13.362,0.0,0,31.99,0,0,0,1,0,1,1,0,0,1,0,12192.0,2,1,1,1,0,0,1,0,7.7,266.9,0,0,0,0,0,1
35000,39.367,0.49,1,1,1,0,3.309,-0.502,0,1,1,0,13.362,0.0,0,31.92,0,0,0,1,0,1,1,0,0,1,0,12192.0,2,1,1,1,0,0,1,0,7.2,272.7,0,0,0,0,0,1
35100,39.418,0.505,1,1,1,0,3.259,-0.503,0,1,1,0,13.362,0.0,0,32.18,0,0,0,1,0,1,1,0,0,1,0,12192.0,2,1,1,1,0,0,1,0,7.0,268.0,0,0,0,0,0,1
35200,39.47,0.52,1,1,1,0,3.215,-0.443,0,1,1,0,13.362,0.0,0,32.04,0,0,0,1,0,1,1,0,0,1,0,12192.0,2,1,1,1,0,0,1,0,7.7,268.9,0,0,0,0,0,1
35300,39.523,0.535,1,1,1,0,3.176,-0.383,0,1,1,0,13.362,0.0,0,31.95,0,0,0,1,0,1,1,0,0,1,0,12192.0,2,1,1,1,0,0,1,0,7.6,271.1,0,0,0,0,0,1
35400,39.578,0.549,1,1,1,0,3.144,-0.323,0,1,1,0,13.362,0.0,0,32.0,0,0,0,1,0,1,1,0,0,1,0,12192.0,2,1,1,1,0,0,1,0,7.3,269.2,0,0,0,0,0,1
35500,39.635,0.564,1,1,1,0,3.118,-0.261,0,1,1,0,13.362,0.0,0,31.85,0,0,0,1,0,1,1,0,0,1,0,12192.0,2,1,1,1,0,0,1,0,8.0,269.1,0,0,0,0,0,1
35600,39.692,0.579,1,1,1,0,3.098,-0.197,0,1,1,0,13.362,0.0,0,31.96,0,0,0,1,0,1,1,0,0,1,0,12192.0,2,1,1,1,0,0,1,0,8.6,268.7,0,0,0,0,0,1
35700,39.752,0.594,1,1,1,0,3.085,-0.13,0,1,1,0,13.362,0.0,0,32.24,0,0,0,1,0,1,1,0,0,1,0,12192.0,2,1,1,1,0,0,1,0,7.6,269.4,0,0,0,0,0,1
35800,39.813,0.609,1,1,1,0,3.08,0.0,0,0,1,0,13.362,0.0,0,31.87,0,0,0,1,0,1,1,0,0,1,0,12192.0,2,1,1,1,0,0,1,0,8.3,266.0,0,0,0,0,0,1
35900,39.875,0.624,1,1,1,0,3.08,0.0,0,0,1,0,13.362,0.0,0,31.9,0,0,0,1,0,1,1,0,0,1,0,12192.0,2,1,1,1,0,0,1,0,7.4,269.4,0,0,0,0,0,1
36000,39.939,0.638,1,1,1,0,3.08,0.0,0,0,1,0,13.362,0.0,0,32.01,0,0,0,1,0,1,1,0,0,1,0,12192.0,2,1,1,1,0,0,1,0,7.9,269.8,0,0,0,0,0,1
36100,40.004,0.653,1,1,1,0,3.08,0.0,0,0,1,0,13.362,0.0,0,32.03,0,0,0,1,0,1,1,0,0,1,0,12192.0,2,1,1,1,0,0,1,0,7.9,270.6,0,0,0,0,0,1
36200,40.071,0.668,1,1,1,0,3.08,0.0,0,0,1,0,13.362,0.0,0,31.96,0,0,0,1,0,1,1,0,0,1,0,12192.0,2,1,1,1,0,0,1,0,8.4,267.4,0,0,0,0,0,1
36300,40.139,0.683,1,1,1,0,3.08,0.0,0,0,1,0,13.362,0.0,0,31.76,0,0,0,1,0,1,1,0,0,1,0,12192.0,2,1,1,1,0,0,1,0,8.4,270.0,0,0,0,0,0,1
36400,40.209,0.698,1,1,1,0,3.08,0.0,0,0,1,0,13.362,0.0,0,31.94,0,0,0,1,0,1,1,0,0,1,0,12192.0,2,1,1,1,0,0,1,0,8.2,274.2,0,0,0,0,0,1
36500,40.28,0.711,1,1,1,0,3.08,0.0,0,0,1,0,13.362,0.0,0,31.97,0,0,0,1,0,1,1,0,0,1,0,12192.0,2,1,1,1,0,0,1,0,7.1,265.5,0,0,0,0,0,1
36600,40.351,0.711,1,1,1,0,3.08,0.0,0,0,1,0,13.362,0.0,0,31.98,0,0,0,1,0,1,1,0,0,1,0,12192.0,2,1,1,1,0,0,1,0,8.6,271.5,0,0,0,0,0,1
36700,40.422,0.711,1,1,1,0,3.08,0.0,0,0,1,0,13.362,0.0,0,31.9,0,0,0,1,0,1,1,0,0,1,0,12192.0,2,1,1,1,0,0,1,0,7.8,268.0,0,0,0,0,0,1
36800,40.493,0.711,1,1,1,0,3.08,0.0,0,0,1,0,13.362,0.0,0,31.95,0,0,0,1,0,1,1,0,0,1,0,12192.0,2,1,1,1,0,0,1,0,9.3,268.2,0,0,0,0,0,1
36900,40.565,0.711,1,1,1,0,3.08,0.0,0,0,1,0,13.362,0.0,0,32.0,0,0,0,1,0,1,1,0,0,1,0,12192.0,2,1,1,1,0,0,1,0,8.0,269.6,0,0,0,0,0,1
37000,40.636,0.711,1,1,1,0,3.08,0.0,0,0,1,0,13.362,0.0,0,31.86,0,0,0,1,0,1,1,0,0,1,0,12192.0,2,1,1,1,0,0,1,0,7.3,268.6,0,0,0,0,0,1
37100,40.707,0.711,1,1,1,0,3.08,0.0,0,0,1,0,13.362,0.0,0,31.91,0,0,0,1,0,1,1,0,0,1,0,12192.0,2,1,1,1,0,0,1,0,8.5,268.1,0,0,0,0,0,1
37200,40.778,0.711,1,1,1,0,3.08,0.0,0,0,1,0,13.362,0.0,0,32.01,0,0,0,1,0,1,1,0,0,1,0,12192.0,2,1,1,1,0,0,1,0,8.8,270.4,0,0,0,0,0,1
37300,40.849,0.711,1,1,1,0,3.08,0.0,0,0,1,0,13.362,0.0,0,31.98,0,0,0,1,0,1,1,0,0,1,0,12192.0,2,1,1,1,0,0,1,0,8.4,268.8,0,0,0,0,0,1
37400,40.92,0.711,1,1,1,0,3.08,0.0,0,0,1,0,13.362,0.0,0,31.98,0,0,0,1,0,1,1,0,0,1,0,12192.0,2,1,1,1,0,0,1,0,8.6,270.2,0,0,0,0,0,1
37500,40.991,0.711,1,1,1,0,3.08,0.0,0,0,1,0,13.362,0.0,0,32.07,0,0,0,1,0,1,1,0,0,1,0,12192.0,2,1,1,1,0,0,1,0,8.9,270.5,0,0,0,0,0,1
37600,41.062,0.711,1,1,1,0,3.08,0.0,0,0,1,0,13.362,0.0,0,32.01,0,0,0,1,0,1,1,0,0,1,0,12192.0,2,1,1,1,0,0,1,0,8.3,270.8,0,0,0,0,0,1
37700,41.133,0.711,1,1,1,0,3.08,0.0,0,0,1,0,13.362,0.0,0,31.69,0,0,0,1,0,1,1,0,0,1,0,12192.0,2,1,1,1,0,0,1,0,9.4,267.2,0,0,0,0,0,1
37800,41.204,0.711,1,1,1,0,3.08,0.0,0,0,1,0,13.362,0.0,0,32.07,0,0,0,1,0,1,1,0,0,1,0,12192.0,2,1,1,1,0,0,1,0,8.0,268.8,0,0,0,0,0,1
37900,41.275,0.711,1,1,1,0,3.08,0.0,0,0,1,0,13.362,0.0,0,31.89,0,0,0,1,0,1,1,0,0,1,0,12192.0,2,1,1,1,0,0,1,0,8.5,271.0,0,0,0,0,0,1
38000,41.346,0.711,1,1,1,0,3.08,0.0,0,0,1,0,13.362,0.0,0,32.19,0,0,0,1,0,1,1,0,0,1,0,12192.0,2,1,1,1,0,0,1,0,8.5,270.4,0,0,0,0,0,1
38100,41.417,0.711,1,1,1,0,3.08,0.0,0,0,1,0,13.362,0.0,0,32.26,0,0,0,1,0,1,1,0,0,1,0,12192.0,2,1,1,1,0,0,1,0,8.0,265.3,0,0,0,0,0,1
38200,41.489,0.711,1,1,1,0,3.08,0.0,0,0,1,0,13.362,0.0,0,32.01,0,0,0,1,0,1,1,0,0,1,0,12192.0,2,1,1,1,0,0,1,0,8.6,267.5,0,0,0,0,0,1
38300,41.56,0.711,1,1,1,0,3.08,0.0,0,0,1,0,13.362,0.0,0,31.89,0,0,0,1,0,1,1,0,0,1,0,12192.0,2,1,1,1,0,0,1,0,8.1,269.6,0,0,0,0,0,1
38400,41.631,0.711,1,1,1,0,3.08,0.0,0,0,1,0,13.362,0.0,0,31.98,0,0,0,1,0,1,1,0,0,1,0,12192.0,2,1,1,1,0,0,1,0,8.3,266.8,0,0,0,0,0,1
38500,41.702,0.711,1,1,1,0,3.08,0.0,0,0,1,0,13.362,0.0,0,31.8,0,0,0,1,0,1,1,0,0,1,0,12192.0,2,1,1,1,0,0,1,0,8.5,269.7,0,0,0,0,0,1
38600,41.773,0.711,1,1,1,0,3.08,0.0,0,0,1,0,13.362,0.0,0,32.16,0,0,0,1,0,1,1,0,0,1,0,12192.0,2,1,1,1,0,0,1,0,8.9,265.3,0,0,0,0,0,1
38700,41.844,0.711,1,1,1,0,3.08,0.0,0,0,1,0,13.362,0.0,0,31.87,0,0,0,1,0,1,1,0,0,1,0,12192.0,2,1,1,1,0,0,1,0,8.2,268.7,0,0,0,0,0,1
38800,41.915,0.711,1,1,1,0,3.08,0.0,0,0,1,0,13.362,0.0,0,32.02,0,0,0,1,0,1,1,0,0,1,0,12192.0,2,1,1,1,0,0,1,0,7.7,270.0,0,0,0,0,0,1
38900,41.986,0.711,1,1,1,0,3.08,0.0,0,0,1,0,13.362,0.0,0,32.11,0,0,0,1,0,1,1,0,0,1,0,12192.0,2,1,1,1,0,0,1,0,8.0,273.9,0,0,0,0,0,1
39000,42.057,0.711,1,1,1,0,3.08,0.0,0,0,1,0,13.362,0.0,0,32.14,0,0,0,1,0,1,1,0,0,1,0,12192.0,2,1,1,1,0,0,1,0,8.3,268.3,0,0,0,0,0,1
39100,42.128,0.711,1,1,1,0,3.08,0.0,0,0,1,0,13.362,0.0,0,32.18,0,0,0,1,0,1,1,0,0,1,0,12192.0,2,1,1,1,0,0,1,0,9.0,272.5,0,0,0,0,0,1
39200,42.199,0.711,1,1,1,0,3.08,0.0,0,0,1,0,13.362,0.0,0,31.99,0,0,0,1,0,1,1,0,0,1,0,12192.0,2,1,1,1,0,0,1,0,8.9,269.5,0,0,0,0,0,1
39300,42.27,0.711,1,1,1,0,3.08,0.0,0,0,1,0,13.362,0.0,0,31.94,0,0,0,1,0,1,1,0,0,1,0,12192.0,2,1,1,1,0,0,1,0,8.5,274.0,0,0,0,0,0,1
39400,42.342,0.711,1,1,1,0,3.08,0.0,0,0,1,0,13.362,0.0,0,32.2,0,0,0,1,0,1,1,0,0,1,0,12192.0,2,1,1,1,0,0,1,0,8.8,270.4,0,0,0,0,0,1
39500,42.413,0.711,1,1,1,0,3.08,0.0,0,0,1,0,13.362,0.0,0,32.07,0,0,0,1,0,1,1,0,0,1,0,12192.0,2,1,1,1,0,0,1,0,8.1,271.7,0,0,0,0,0,1
39600,42.484,0.711,1,1,1,0,3.08,0.0,0,0,1,0,13.362,0.0,0,31.93,0,0,0,1,0,1,1,0,0,1,0,12192.0,2,1,1,1,0,0,1,0,8.7,273.5,0,0,0,0,0,1
39700,42.555,0.711,1,1,1,0,3.08,0.0,0,0,1,0,13.362,0.0,0,32.02,0,0,0,1,0,1,1,0,0,1,0,12192.0,2,1,1,1,0,0,1,0,7.8,269.5,0,0,0,0,0,1
39800,42.626,0.711,1,1,1,0,3.08,0.0,0,0,1,0,13.362,0.0,0,31.89,0,0,0,1,0,1,1,0,0,1,0,12192.0,2,1,1,1,0,0,1,0,8.4,272.1,0,0,0,0,0,1
39900,42.697,0.711,1,1,1,0,3.08,0.0,0,0,1,0,13.362,0.0,0,31.88,0,0,0,1,0,1,1,0,0,1,0,12192.0,2,1,1,1,0,0,1,0,8.0,266.9,0,0,0,0,0,1
40000,42.768,0.711,1,1,1,0,3.08,0.0,0,0,1,0,13.362,0.0,0,31.97,0,0,0,1,0,1,1,0,0,1,0,12192.0,2,1,1,1,0,0,1,0,8.6,271.7,0,0,0,0,0,1
40100,42.839,0.711,1,1,1,0,3.08,0.0,0,0,1,0,13.362,0.0,0,31.89,0,0,0,1,0,1,1,0,0,1,0,12192.0,2,1,1,1,0,0,1,0,8.0,271.8,0,0,0,0,0,1
40200,42.91,0.711,1,1,1,0,3.08,0.0,0,0,1,0,13.362,0.0,0,32.05,0,0,0,1,0,1,1,0,0,1,0,12192.0,2,1,1,1,0,0,1,0,8.2,269.0,0,0,0,0,0,1
40300,42.981,0.711,1,1,1,0,3.08,0.0,0,0,1,0,13.362,0.0,0,31.95,0,0,0,1,0,1,1,0,0,1,0,12192.0,2,1,1,1,0,0,1,0,7.7,271.7,0,0,0,0,0,1
40400,43.052,0.711,1,1,1,0,3.08,0.0,0,0,1,0,13.362,0.0,0,31.85,0,0,0,1,0,1,1,0,0,1,0,12192.0,2,1,1,1,0,0,1,0,9.0,270.0,0,0,0,0,0,1
40500,43.123,0.711,1,1,1,0,3.08,0.0,0,0,1,0,13.362,0.0,0,31.98,0,0,0,1,0,1,1,0,0,1,0,12192.0,2,1,1,1,0,0,1,0,8.0,272.2,0,0,0,0,0,1
40600,43.194,0.711,1,1,1,0,3.08,0.0,0,0,1,0,13.362,0.0,0,32.0,0,0,0,1,0,1,1,0,0,1,0,12192.0,2,1,1,1,0,0,1,0,7.4,270.0,0,0,0,0,0,1
40700,43.266,0.711,1,1,1,0,3.08,0.0,0,0,1,0,13.362,0.0,0,32.01,0,0,0,1,0,1,1,0,0,1,0,12192.0,2,1,1,1,0,0,1,0,8.5,267.6,0,0,0,0,0,1
40800,43.337,0.711,1,1,1,0,3.08,0.0,0,0,1,0,13.362,0.0,0,32.1,0,0,0,1,0,1,1,0,0,1,0,12192.0,2,1,1,1,0,0,1,0,7.9,270.9,0,0,0,0,0,1
40900,43.408,0.711,1,1,1,0,3.08,0.0,0,0,1,0,13.362,0.0,0,32.1,0,0,0,1,0,1,1,0,0,1,0,12192.0,2,1,1,1,0,0,1,0,8.0,270.0,0,0,0,0,0,1
41000,43.479,0.711,1,1,1,0,3.08,0.0,0,0,1,0,13.362,0.0,0,32.12,0,0,0,1,0,1,1,0,0,1,0,12192.0,2,1,1,1,0,0,1,0,7.8,268.5,0,0,0,0,0,1
41100,43.55,0.711,1,1,1,0,3.08,0.0,0,0,1,0,13.362,0.0,0,31.9,0,0,0,1,0,1,1,0,0,1,0,12192.0,2,1,1,1,0,0,1,0,8.0,270.1,0,0,0,0,0,1
41200,43.621,0.711,1,1,1,0,3.08,0.0,0,0,1,0,13.362,0.0,0,31.96,0,0,0,1,0,1,1,0,0,1,0,12192.0,2,1,1,1,0,0,1,0,8.0,267.9,0,0,0,0,0,1
41300,43.692,0.711,1,1,1,0,3.08,0.0,0,0,1,0,13.362,0.0,0,31.85,0,0,0,1,0,1,1,0,0,1,0,12192.0,2,1,1,1,0,0,1,0,7.2,266.5,0,0,0,0,0,1
41400,43.763,0.711,1,1,1,0,3.08,0.0,0,0,1,0,13.362,0.0,0,31.92,0,0,0,1,0,1,1,0,0,1,0,12192.0,2,1,1,1,0,0,1,0,7.8,272.5,0,0,0,0,0,1
41500,43.834,0.711,1,1,1,0,3.08,0.0,0,0,1,0,13.362,0.0,0,31.93,0,0,0,1,0,1,1,0,0,1,0,12192.0,2,1,1,1,0,0,1,0,6.9,265.9,0,0,0,0,0,1
41600,43.905,0.711,1,1,1,0,3.08,0.0,0,0,1,0,13.362,0.0,0,31.91,0,0,0,1,0,1,1,0,0,1,0,12192.0,2,1,1,1,0,0,1,0,7.8,270.8,0,0,0,0,0,1
41700,43.976,0.711,1,1,1,0,3.08,0.0,0,0,1,0,13.362,0.0,0,32.26,0,0,0,1,0,1,1,0,0,1,0,12192.0,2,1,1,1,0,0,1,0,7.4,266.6,0,0,0,0,0,1
41800,44.047,0.711,1,1,1,0,3.08,0.0,0,0,1,0,13.362,0.0,0,31.66,0,0,0,1,0,1,1,0,0,1,0,12192.0,2,1,1,1,0,0,1,0,7.4,268.1,0,0,0,0,0,1
41900,44.118,0.711,1,1,1,0,3.08,0.0,0,0,1,0,13.362,0.0,0,31.94,0,0,0,1,0,1,1,0,0,1,0,12192.0,2,1,1,1,0,0,1,0,7.0,266.6,0,0,0,0,0,1
42000,44.19,0.711,1,1,1,0,3.08,0.0,0,0,1,0,13.362,0.0,0,31.84,0,0,0,1,0,1,1,0,0,1,0,12192.0,2,1,1,1,0,0,1,0,7.1,272.9,0,0,0,0,0,1
42100,44.261,0.711,1,1,1,0,3.08,0.0,0,0,1,0,13.362,0.0,0,31.86,0,0,0,1,0,1,1,0,0,1,0,12192.0,2,1,1,1,0,0,1,0,7.2,269.7,0,0,0,0,0,1
42200,44.332,0.711,1,1,1,0,3.08,0.0,0,0,1,0,13.362,0.0,0,31.98,0,0,0,1,0,1,1,0,0,1,0,12192.0,2,1,1,1,0,0,1,0,7.3,271.0,0,0,0,0,0,1
42300,44.403,0.711,1,1,1,0,3.08,0.0,0,0,1,0,13.362,0.0,0,31.82,0,0,0,1,0,1,1,0,0,1,0,12192.0,2,1,1,1,0,0,1,0,7.7,267.4,0,0,0,0,0,1
42400,44.474,0.711,1,1,1,0,3.08,0.0,0,0,1,0,13.362,0.0,0,31.93,0,0,0,1,0,1,1,0,0,1,0,12192.0,2,1,1,1,0,0,1,0,7.1,270.2,0,0,0,0,0,1
42500,44.545,0.711,1,1,1,0,3.08,0.0,0,0,1,0,13.362,0.0,0,32.0,0,0,0,1,0,1,1,0,0,1,0,12192.0,2,1,1,1,0,0,1,0,7.0,271.8,0,0,0,0,0,1
42600,44.616,0.711,1,1,1,0,3.08,0.0,0,0,1,0,13.362,0.0,0,32.04,0,0,0,1,0,1,1,0,0,1,0,12192.0,2,1,1,1,0,0,1,0,8.2,270.5,0,0,0,0,0,1
42700,44.687,0.711,1,1,1,0,3.08,0.0,0,0,1,0,13.362,0.0,0,32.07,0,0,0,1,0,1,1,0,0,1,0,12192.0,2,1,1,1,0,0,1,0,7.6,269.3,0,0,0,0,0,1
42800,44.758,0.711,1,1,1,0,3.08,0.0,0,0,1,0,13.362,0.0,0,31.9,0,0,0,1,0,1,1,0,0,1,0,12192.0,2,1,1,1,0,0,1,0,7.5,270.0,0,0,0,0,0,1
42900,44.829,0.711,1,1,1,0,3.08,0.0,0,0,1,0,13.362,0.0,0,31.78,0,0,0,1,0,1,1,0,0,1,0,12192.0,2,1,1,1,0,0,1,0,6.7,271.2,0,0,0,0,0,1
43000,44.9,0.711,1,1,1,0,3.08,0.0,0,0,1,0,13.362,0.0,0,31.99,0,0,0,1,0,1,1,0,0,1,0,12192.0,2,1,1,1,0,0,1,0,7.0,268.2,0,0,0,0,0,1
43100,44.971,0.711,1,1,1,0,3.08,0.0,0,0,1,0,13.362,0.0,0,31.87,0,0,0,1,0,1,1,0,0,1,0,12192.0,2,1,1,1,0,0,1,0,7.7,273.0,0,0,0,0,0,1
43200,45.043,0.711,1,1,1,0,3.08,0.0,0,0,1,0,13.362,0.0,0,32.03,0,0,0,1,0,1,1,0,0,1,0,12192.0,2,1,1,1,0,0,1,0,7.8,269.5,0,0,0,0,0,1
43300,45.114,0.711,1,1,1,0,3.08,0.0,0,0,1,0,13.362,0.0,0,32.21,0,0,0,1,0,1,1,0,0,1,0,12192.0,2,1,1,1,0,0,1,0,7.2,270.1,0,0,0,0,0,1
43400,45.185,0.711,1,1,1,0,3.08,0.0,0,0,1,0,13.362,0.0,0,32.11,0,0,0,1,0,1,1,0,0,1,0,12192.0,2,1,1,1,0,0,1,0,7.3,269.4,0,0,0,0,0,1
43500,45.256,0.711,1,1,1,0,3.08,0.0,0,0,1,0,13.362,0.0,0,31.91,0,0,0,1,0,1,1,0,0,1,0,12192.0,2,1,1,1,0,0,1,0,8.1,270.7,0,0,0,0,0,1
43600,45.327,0.711,1,1,1,0,3.08,0.0,0,0,1,0,13.362,0.0,0,32.01,0,0,0,1,0,1,1,0,0,1,0,12192.0,2,1,1,1,0,0,1,0,8.3,271.9,0,0,0,0,0,1
43700,45.398,0.711,1,1,1,0,3.08,0.0,0,0,1,0,13.362,0.0,0,32.16,0,0,0,1,0,1,1,0,0,1,0,12192.0,2,1,1,1,0,0,1,0,7.9,263.6,0,0,0,0,0,1
43800,45.469,0.711,1,1,1,0,3.08,0.0,0,0,1,0,13.362,0.0,0,32.18,0,0,0,1,0,1,1,0,0,1,0,12192.0,2,1,1,1,0,0,1,0,7.5,265.4,0,0,0,0,0,1
43900,45.54,0.711,1,1,1,0,3.08,0.0,0,0,1,0,13.362,0.0,0,31.99,0,0,0,1,0,1,1,0,0,1,0,12192.0,2,1,1,1,0,0,1,0,7.3,271.2,0,0,0,0,0,1
44000,45.611,0.711,1,1,1,0,3.08,0.0,0,0,1,0,13.362,0.0,0,31.67,0,0,0,1,0,1,1,0,0,1,0,12192.0,2,1,1,1,0,0,1,0,8.4,268.6,0,0,0,0,0,1
44100,45.682,0.711,1,1,1,0,3.08,0.0,0,0,1,0,13.362,0.0,0,31.82,0,0,0,1,0,1,1,0,0,1,0,12192.0,2,1,1,1,0,0,1,0,6.8,274.3,0,0,0,0,0,1
44200,45.753,0.711,1,1,1,0,3.08,0.0,0,0,1,0,13.362,0.0,0,31.98,0,0,0,1,0,1,1,0,0,1,0,12192.0,2,1,1,1,0,0,1,0,8.0,269.6,0,0,0,0,0,1
44300,45.824,0.711,1,1,1,0,3.08,0.0,0,0,1,0,13.362,0.0,0,31.98,0,0,0,1,0,1,1,0,0,1,0,12192.0,2,1,1,1,0,0,1,0,7.5,271.5,0,0,0,0,0,1
44400,45.895,0.711,1,1,1,0,3.08,0.0,0,0,1,0,13.362,0.0,0,31.84,0,0,0,1,0,1,1,0,0,1,0,12192.0,2,1,1,1,0,0,1,0,7.1,268.9,0,0,0,0,0,1
44500,45.967,0.711,1,1,1,0,3.08,0.0,0,0,1,0,13.362,0.0,0,32.04,0,0,0,1,0,1,1,0,0,1,0,12192.0,2,1,1,1,0,0,1,0,8.4,271.3,0,0,0,0,0,1
44600,46.038,0.711,1,1,1,0,3.08,0.0,0,0,1,0,13.362,0.0,0,31.85,0,0,0,1,0,1,1,0,0,1,0,12192.0,2,1,1,1,0,0,1,0,7.8,269.6,0,0,0,0,0,1
44700,46.109,0.711,1,1,1,0,3.08,0.0,0,0,1,0,13.362,0.0,0,32.1,0,0,0,1,0,1,1,0,0,1,0,12192.0,2,1,1,1,0,0,1,0,7.7,274.3,0,0,0,0,0,1
44800,46.18,0.711,1,1,1,0,3.08,0.0,0,0,1,0,13.362,0.0,0,31.81,0,0,0,1,0,1,1,0,0,1,0,12192.0,2,1,1,1,0,0,1,0,7.1,271.2,0,0,0,0,0,1
44900,46.251,0.711,1,1,1,0,3.08,0.0,0,0,1,0,13.362,0.0,0,32.01,0,0,0,1,0,1,1,0,0,1,0,12192.0,2,1,1,1,0,0,1,0,8.0,270.2,0,0,0,0,0,1
45000,46.322,0.711,1,1,1,0,3.08,0.0,0,0,1,0,13.362,0.0,0,32.15,0,0,0,1,0,1,1,0,0,1,0,12192.0,2,1,1,1,0,0,1,0,8.3,269.0,0,0,0,0,0,1
45100,46.393,0.711,1,1,1,0,3.08,0.0,0,0,1,0,13.362,0.0,0,31.93,0,0,0,1,0,1,1,0,0,1,0,12192.0,2,1,1,1,0,0,1,0,7.9,266.1,0,0,0,0,0,1
45200,46.464,0.711,1,1,1,0,3.08,0.0,0,0,1,0,13.362,0.0,0,31.93,0,0,0,1,0,1,1,0,0,1,0,12192.0,2,1,1,1,0,0,1,0,8.1,269.6,0,0,0,0,0,1
45300,46.535,0.711,1,1,1,0,3.08,0.0,0,0,1,0,13.362,0.0,0,31.86,0,0,0,1,0,1,1,0,0,1,0,12192.0,2,1,1,1,0,0,1,0,8.7,270.9,0,0,0,0,0,1
45400,46.606,0.711,1,1,1,0,3.08,0.0,0,0,1,0,13.362,0.0,0,32.11,0,0,0,1,0,1,1,0,0,1,0,12192.0,2,1,1,1,0,0,1,0,8.4,268.5,0,0,0,0,0,1
45500,46.677,0.711,1,1,1,0,3.08,0.0,0,0,1,0,13.362,0.0,0,32.09,0,0,0,1,0,1,1,0,0,1,0,12192.0,2,1,1,1,0,0,1,0,8.9,269.8,0,0,0,0,0,1
45600,46.748,0.711,1,1,1,0,3.08,0.0,0,0,1,0,13.362,0.0,0,32.06,0,0,0,1,0,1,1,0,0,1,0,12192.0,2,1,1,1,0,0,1,0,7.8,273.2,0,0,0,0,0,1
45700,46.819,0.711,1,1,1,0,3.08,0.0,0,0,1,0,13.362,0.0,0,32.17,0,0,0,1,0,1,1,0,0,1,0,12192.0,2,1,1,1,0,0,1,0,8.3,271.2,0,0,0,0,0,1
45800,46.891,0.711,1,1,1,0,3.08,0.0,0,0,1,0,13.362,0.0,0,31.92,0,0,0,1,0,1,1,0,0,1,0,12192.0,2,1,1,1,0,0,1,0,8.8,268.5,0,0,0,0,0,1
45900,46.962,0.711,1,1,1,0,3.08,0.0,0,0,1,0,13.362,0.0,0,32.12,0,0,0,1,0,1,1,0,0,1,0,12192.0,2,1,1,1,0,0,1,0,8.2,267.3,0,0,0,0,0,1
46000,47.033,0.711,1,1,1,0,3.08,0.0,0,0,1,0,13.362,0.0,0,32.2,0,0,0,1,0,1,1,0,0,1,0,12192.0,2,1,1,1,0,0,1,0,8.6,275.1,0,0,0,0,0,1
46100,47.104,0.711,1,1,1,0,3.08,0.0,0,0,1,0,13.362,0.0,0,31.91,0,0,0,1,0,1,1,0,0,1,0,12192.0,2,1,1,1,0,0,1,0,8.7,266.6,0,0,0,0,0,1
46200,47.175,0.711,1,1,1,0,3.08,0.0,0,0,1,0,13.362,0.0,0,31.93,0,0,0,1,0,1,1,0,0,1,0,12192.0,2,1,1,1,0,0,1,0,8.7,267.6,0,0,0,0,0,1
46300,47.246,0.711,1,1,1,0,3.08,0.0,0,0,1,0,13.362,0.0,0,31.97,0,0,0,1,0,1,1,0,0,1,0,12192.0,2,1,1,1,0,0,1,0,8.1,267.9,0,0,0,0,0,1
46400,47.317,0.711,1,1,1,0,3.08,0.0,0,0,1,0,13.362,0.0,0,32.14,0,0,0,1,0,1,1,0,0,1,0,12192.0,2,1,1,1,0,0,1,0,7.9,266.4,0,0,0,0,0,1
46500,47.388,0.711,1,1,1,0,3.08,0.0,0,0,1,0,13.362,0.0,0,31.81,0,0,0,1,0,1,1,0,0,1,0,12192.0,2,1,1,1,0,0,1,0,8.7,271.6,0,0,0,0,0,1
46600,47.459,0.711,1,1,1,0,3.08,0.0,0,0,1,0,13.362,0.0,0,32.08,0,0,0,1,0,1,1,0,0,1,0,12192.0,2,1,1,1,0,0,1,0,8.9,272.4,0,0,0,0,0,1
46700,47.53,0.711,1,1,1,0,3.08,0.0,0,0,1,0,13.362,0.0,0,31.92,0,0,0,1,0,1,1,0,0,1,0,12192.0,2,1,1,1,0,0,1,0,7.5,269.2,0,0,0,0,0,1
46800,47.601,0.711,1,1,1,0,3.08,0.0,0,0,1,0,13.362,0.0,0,32.01,0,0,0,1,0,1,1,0,0,1,0,12192.0,2,1,1,1,0,0,1,0,9.3,268.0,0,0,0,0,0,1
46900,47.672,0.711,1,1,1,0,3.08,0.0,0,0,1,0,13.362,0.0,0,31.7,0,0,0,1,0,1,1,0,0,1,0,12192.0,2,1,1,1,0,0,1,0,8.4,268.6,0,0,0,0,0,1
47000,47.744,0.711,1,1,1,0,3.08,0.0,0,0,1,0,13.362,0.0,0,31.96,0,0,0,1,0,1,1,0,0,1,0,12192.0,2,1,1,1,0,0,1,0,9.1,272.0,0,0,0,0,0,1
47100,47.815,0.711,1,1,1,0,3.08,0.0,0,0,1,0,13.362,0.0,0,32.01,0,0,0,1,0,1,1,0,0,1,0,12192.0,2,1,1,1,0,0,1,0,8.8,267.1,0,0,0,0,0,1
47200,47.886,0.711,1,1,1,0,3.08,0.0,0,0,1,0,13.362,0.0,0,31.86,0,0,0,1,0,1,1,0,0,1,0,12192.0,2,1,1,1,0,0,1,0,8.1,265.1,0,0,0,0,0,1
47300,47.957,0.711,1,1,1,0,3.08,0.0,0,0,1,0,13.362,0.0,0,31.94,0,0,0,1,0,1,1,0,0,1,0,12192.0,2,1,1,1,0,0,1,0,8.3,275.2,0,0,0,0,0,1
47400,48.028,0.711,1,1,1,0,3.08,0.0,0,0,1,0,13.362,0.0,0,31.8,0,0,0,1,0,1,1,0,0,1,0,12192.0,2,1,1,1,0,0,1,0,8.2,268.8,0,0,0,0,0,1
47500,48.099,0.711,1,1,1,0,3.08,0.0,0,0,1,0,13.362,0.0,0,32.09,0,0,0,1,0,1,1,0,0,1,0,12192.0,2,1,1,1,0,0,1,0,8.8,266.2,0,0,0,0,0,1
47600,48.17,0.711,1,1,1,0,3.08,0.0,0,0,1,0,13.362,0.0,0,32.02,0,0,0,1,0,1,1,0,0,1,0,12192.0,2,1,1,1,0,0,1,0,8.6,269.1,0,0,0,0,0,1
47700,48.241,0.711,1,1,1,0,3.08,0.0,0,0,1,0,13.362,0.0,0,32.06,0,0,0,1,0,1,1,0,0,1,0,12192.0,2,1,1,1,0,0,1,0,8.5,269.1,0,0,0,0,0,1
47800,48.312,0.711,1,1,1,0,3.08,0.0,0,0,1,0,13.362,0.0,0,32.06,0,0,0,1,0,1,1,0,0,1,0,12192.0,2,1,1,1,0,0,1,0,8.1,271.7,0,0,0,0,0,1
47900,48.383,0.711,1,1,1,0,3.08,0.0,0,0,1,0,13.362,0.0,0,32.02,0,0,0,1,0,1,1,0,0,1,0,12192.0,2,1,1,1,0,0,1,0,8.7,272.4,0,0,0,0,0,1
48000,48.454,0.711,1,1,1,0,3.08,0.0,0,0,1,0,13.362,0.0,0,32.09,0,0,0,1,0,1,1,0,0,1,0,12192.0,2,1,1,1,0,0,1,0,8.1,266.9,0,0,0,0,0,1
48100,48.525,0.711,1,1,1,0,3.08,0.0,0,0,1,0,13.362,0.0,0,32.14,0,0,0,1,0,1,1,0,0,1,0,12192.0,2,1,1,1,0,0,1,0,8.1,268.5,0,0,0,0,0,1
48200,48.596,0.711,1,1,1,0,3.08,0.0,0,0,1,0,13.362,0.0,0,32.12,0,0,0,1,0,1,1,0,0,1,0,12192.0,2,1,1,1,0,0,1,0,8.2,268.8,0,0,0,0,0,1
48300,48.668,0.711,1,1,1,0,3.08,0.0,0,0,1,0,13.362,0.0,0,31.81,0,0,0,1,0,1,1,0,0,1,0,12192.0,2,1,1,1,0,0,1,0,8.3,271.1,0,0,0,0,0,1
48400,48.739,0.711,1,1,1,0,3.08,0.0,0,0,1,0,13.362,0.0,0,31.95,0,0,0,1,0,1,1,0,0,1,0,12192.0,2,1,1,1,0,0,1,0,8.3,267.5,0,0,0,0,0,1
48500,48.81,0.711,1,1,1,0,3.08,0.0,0,0,1,0,13.362,0.0,0,32.1,0,0,0,1,0,1,1,0,0,1,0,12192.0,2,1,1,1,0,0,1,0,8.2,269.4,0,0,0,0,0,1
48600,48.881,0.711,1,1,1,0,3.08,0.0,0,0,1,0,13.362,0.0,0,32.0,0,0,0,1,0,1,1,0,0,1,0,12192.0,2,1,1,1,0,0,1,0,7.8,270.5,0,0,0,0,0,1
48700,48.952,0.711,1,1,1,0,3.08,0.0,0,0,1,0,13.362,0.0,0,32.15,0,0,0,1,0,1,1,0,0,1,0,12192.0,2,1,1,1,0,0,1,0,8.1,268.5,0,0,0,0,0,1
48800,49.023,0.711,1,1,1,0,3.08,0.0,0,0,1,0,13.362,0.0,0,32.2,0,0,0,1,0,1,1,0,0,1,0,12192.0,2,1,1,1,0,0,1,0,8.2,272.2,0,0,0,0,0,1
48900,49.094,0.711,1,1,1,0,3.08,0.0,0,0,1,0,13.362,0.0,0,31.94,0,0,0,1,0,1,1,0,0,1,0,12192.0,2,1,1,1,0,0,1,0,8.4,276.8,0,0,0,0,0,1
49000,49.165,0.711,1,1,1,0,3.08,0.0,0,0,1,0,13.362,0.0,0,31.97,0,0,0,1,0,1,1,0,0,1,0,12192.0,2,1,1,1,0,0,1,0,8.0,267.9,0,0,0,0,0,1
49100,49.236,0.711,1,1,1,0,3.08,0.0,0,0,1,0,13.362,0.0,0,31.96,0,0,0,1,0,1,1,0,0,1,0,12192.0,2,1,1,1,0,0,1,0,8.2,265.1,0,0,0,0,0,1
49200,49.307,0.711,1,1,1,0,3.08,0.0,0,0,1,0,13.362,0.0,0,32.05,0,0,0,1,0,1,1,0,0,1,0,12192.0,2,1,1,1,0,0,1,0,7.4,272.7,0,0,0,0,0,1
49300,49.378,0.711,1,1,1,0,3.08,0.0,0,0,1,0,13.362,0.0,0,32.27,0,0,0,1,0,1,1,0,0,1,0,12192.0,2,1,1,1,0,0,1,0,8.5,270.9,0,0,0,0,0,1
49400,49.449,0.711,1,1,1,0,3.08,0.0,0,0,1,0,13.362,0.0,0,32.08,0,0,0,1,0,1,1,0,0,1,0,12192.0,2,1,1,1,0,0,1,0,7.9,274.2,0,0,0,0,0,1
49500,49.52,0.711,1,1,1,0,3.08,0.0,0,0,1,0,13.362,0.0,0,31.9,0,0,0,1,0,1,1,0,0,1,0,12192.0,2,1,1,1,0,0,1,0,8.0,267.7,0,0,0,0,0,1
49600,49.592,0.711,1,1,1,0,3.08,0.0,0,0,1,0,13.362,0.0,0,31.96,0,0,0,1,0,1,1,0,0,1,0,12192.0,2,1,1,1,0,0,1,0,8.1,275.6,0,0,0,0,0,1
49700,49.663,0.711,1,1,1,0,3.08,0.0,0,0,1,0,13.362,0.0,0,31.88,0,0,0,1,0,1,1,0,0,1,0,12192.0,2,1,1,1,0,0,1,0,7.5,267.4,0,0,0,0,0,1
49800,49.734,0.711,1,1,1,0,3.08,0.0,0,0,1,0,13.362,0.0,0,31.98,0,0,0,1,0,1,1,0,0,1,0,12192.0,2,1,1,1,0,0,1,0,7.1,266.3,0,0,0,0,0,1
49900,49.805,0.711,1,1,1,0,3.08,0.0,0,0,1,0,13.362,0.0,0,31.8,0,0,0,1,0,1,1,0,0,1,0,12192.0,2,1,1,1,0,0,1,0,7.2,267.8,0,0,0,0,0,1
50000,49.876,0.711,1,1,1,0,3.08,0.0,0,0,1,0,13.362,0.0,0,32.23,0,0,0,1,0,1,1,0,0,1,0,12192.0,2,1,1,1,0,0,1,0,9.4,271.8,0,0,0,0,0,1
50100,49.947,0.711,1,1,1,0,3.08,0.0,0,0,1,0,13.362,0.0,0,32.18,0,0,0,1,0,1,1,0,0,1,0,12192.0,2,1,1,1,0,0,1,0,7.3,267.5,0,0,0,0,0,1
50200,50.018,0.711,1,1,1,0,3.08,0.0,0,0,1,0,13.362,0.0,0,31.94,0,0,0,1,0,1,1,0,0,1,0,12192.0,2,1,1,1,0,0,1,0,8.2,270.6,0,0,0,0,0,1
50300,50.089,0.711,1,1,1,0,3.08,0.0,0,0,1,0,13.362,0.0,0,31.89,0,0,0,1,0,1,1,0,0,1,0,12192.0,2,1,1,1,0,0,1,0,8.5,272.5,0,0,0,0,0,1
50400,50.16,0.711,1,1,1,0,3.08,0.0,0,0,1,0,13.362,0.0,0,32.18,0,0,0,1,0,1,1,0,0,1,0,12192.0,2,1,1,1,0,0,1,0,7.1,267.1,0,0,0,0,0,1
50500,50.231,0.711,1,1,1,0,3.08,0.0,0,0,1,0,13.362,0.0,0,32.05,0,0,0,1,0,1,1,0,0,1,0,12192.0,2,1,1,1,0,0,1,0,7.0,266.0,0,0,0,0,0,1
50600,50.302,0.711,1,1,1,0,3.08,0.0,0,0,1,0,13.362,0.0,0,31.94,0,0,0,1,0,1,1,0,0,1,0,12192.0,2,1,1,1,0,0,1,0,7.2,267.4,0,0,0,0,0,1
50700,50.373,0.711,1,1,1,0,3.08,0.0,0,0,1,0,13.362,0.0,0,32.13,0,0,0,1,0,1,1,0,0,1,0,12192.0,2,1,1,1,0,0,1,0,8.8,268.9,0,0,0,0,0,1
50800,50.445,0.711,1,1,1,0,3.08,0.0,0,0,1,0,13.362,0.0,0,32.04,0,0,0,1,0,1,1,0,0,1,0,12192.0,2,1,1,1,0,0,1,0,7.9,270.7,0,0,0,0,0,1
50900,50.516,0.711,1,1,1,0,3.08,0.0,0,0,1,0,13.362,0.0,0,32.04,0,0,0,1,0,1,1,0,0,1,0,12192.0,2,1,1,1,0,0,1,0,7.8,271.5,0,0,0,0,0,1
51000,50.587,0.711,1,1,1,0,3.08,0.0,0,0,1,0,13.362,0.0,0,31.96,0,0,0,1,0,1,1,0,0,1,0,12192.0,2,1,1,1,0,0,1,0,7.8,269.1,0,0,0,0,0,1
51100,50.658,0.711,1,1,1,0,3.08,0.0,0,0,1,0,13.362,0.0,0,31.88,0,0,0,1,0,1,1,0,0,1,0,12192.0,2,1,1,1,0,0,1,0,7.2,267.4,0,0,0,0,0,1
51200,50.729,0.711,1,1,1,0,3.08,0.0,0,0,1,0,13.362,0.0,0,32.21,0,0,0,1,0,1,1,0,0,1,0,12192.0,2,1,1,1,0,0,1,0,7.2,270.6,0,0,0,0,0,1
51300,50.8,0.711,1,1,1,0,3.08,0.0,0,0,1,0,13.362,0.0,0,32.13,0,0,0,1,0,1,1,0,0,1,0,12192.0,2,1,1,1,0,0,1,0,8.0,267.0,0,0,0,0,0,1
51400,50.871,0.711,1,1,1,0,3.08,0.0,0,0,1,0,13.362,0.0,0,32.01,0,0,0,1,0,1,1,0,0,1,0,12192.0,2,1,1,1,0,0,1,0,7.6,275.7,0,0,0,0,0,1
51500,50.942,0.711,1,1,1,0,3.08,0.0,0,0,1,0,13.362,0.0,0,32.2,0,0,0,1,0,1,1,0,0,1,0,12192.0,2,1,1,1,0,0,1,0,7.4,269.2,0,0,0,0,0,1
51600,51.013,0.711,1,1,1,0,3.08,0.0,0,0,1,0,13.362,0.0,0,32.03,0,0,0,1,0,1,1,0,0,1,0,12192.0,2,1,1,1,0,0,1,0,6.5,270.2,0,0,0,0,0,1
51700,51.084,0.711,1,1,1,0,3.08,0.0,0,0,1,0,13.362,0.0,0,31.95,0,0,0,1,0,1,1,0,0,1,0,12192.0,2,1,1,1,0,0,1,0,7.4,266.1,0,0,0,0,0,1
51800,51.155,0.711,1,1,1,0,3.08,0.0,0,0,1,0,13.362,0.0,0,31.91,0,0,0,1,0,1,1,0,0,1,0,12192.0,2,1,1,1,0,0,1,0,7.6,269.6,0,0,0,0,0,1
51900,51.226,0.711,1,1,1,0,3.08,0.0,0,0,1,0,13.362,0.0,0,31.9,0,0,0,1,0,1,1,0,0,1,0,12192.0,2,1,1,1,0,0,1,0,7.7,270.5,0,0,0,0,0,1
52000,51.297,0.711,1,1,1,0,3.08,0.0,0,0,1,0,13.362,0.0,0,32.11,0,0,0,1,0,1,1,0,0,1,0,12192.0,2,1,1,1,0,0,1,0,7.8,267.8,0,0,0,0,0,1
52100,51.369,0.711,1,1,1,0,3.08,0.0,0,0,1,0,13.362,0.0,0,32.0,0,0,0,1,0,1,1,0,0,1,0,12192.0,2,1,1,1,0,0,1,0,7.3,269.8,0,0,0,0,0,1
52200,51.44,0.711,1,1,1,0,3.08,0.0,0,0,1,0,13.362,0.0,0,32.22,0,0,0,1,0,1,1,0,0,1,0,12192.0,2,1,1,1,0,0,1,0,7.4,273.3,0,0,0,0,0,1
52300,51.511,0.711,1,1,1,0,3.08,0.0,0,0,1,0,13.362,0.0,0,32.08,0,0,0,1,0,1,1,0,0,1,0,12192.0,2,1,1,1,0,0,1,0,7.7,271.4,0,0,0,0,0,1
52400,51.582,0.711,1,1,1,0,3.08,0.0,0,0,1,0,13.362,0.0,0,31.76,0,0,0,1,0,1,1,0,0,1,0,12192.0,2,1,1,1,0,0,1,0,7.4,269.4,0,0,0,0,0,1
52500,51.653,0.711,1,1,1,0,3.08,0.0,0,0,1,0,13.362,0.0,0,32.08,0,0,0,1,0,1,1,0,0,1,0,12192.0,2,1,1,1,0,0,1,0,8.0,269.7,0,0,0,0,0,1
52600,51.724,0.711,1,1,1,0,3.08,0.0,0,0,1,0,13.362,0.0,0,32.03,0,0,0,1,0,1,1,0,0,1,0,12192.0,2,1,1,1,0,0,1,0,7.9,271.1,0,0,0,0,0,1
52700,51.795,0.711,1,1,1,0,3.08,0.0,0,0,1,0,13.362,0.0,0,31.95,0,0,0,1,0,1,1,0,0,1,0,12192.0,2,1,1,1,0,0,1,0,7.7,271.9,0,0,0,0,0,1
52800,51.866,0.711,1,1,1,0,3.08,0.0,0,0,1,0,13.362,0.0,0,31.94,0,0,0,1,0,1,1,0,0,1,0,12192.0,2,1,1,1,0,0,1,0,7.6,272.7,0,0,0,0,0,1
52900,51.937,0.711,1,1,1,0,3.08,0.0,0,0,1,0,13.362,0.0,0,32.12,0,0,0,1,0,1,1,0,0,1,0,12192.0,2,1,1,1,0,0,1,0,7.4,268.1,0,0,0,0,0,1
53000,52.008,0.711,1,1,1,0,3.08,0.0,0,0,1,0,13.362,0.0,0,31.84,0,0,0,1,0,1,1,0,0,1,0,12192.0,2,1,1,1,0,0,1,0,7.9,267.2,0,0,0,0,0,1
53100,52.079,0.711,1,1,1,0,3.08,0.0,0,0,1,0,13.362,0.0,0,31.91,0,0,0,1,0,1,1,0,0,1,0,12192.0,2,1,1,1,0,0,1,0,7.1,267.5,0,0,0,0,0,1
53200,52.15,0.711,1,1,1,0,3.08,0.0,0,0,1,0,13.362,0.0,0,31.94,0,0,0,1,0,1,1,0,0,1,0,12192.0,2,1,1,1,0,0,1,0,8.1,271.4,0,0,0,0,0,1
53300,52.221,0.711,1,1,1,0,3.08,0.0,0,0,1,0,13.362,0.0,0,31.94,0,0,0,1,0,1,1,0,0,1,0,12192.0,2,1,1,1,0,0,1,0,8.0,271.5,0,0,0,0,0,1
53400,52.293,0.711,1,1,1,0,3.08,0.0,0,0,1,0,13.362,0.0,0,32.25,0,0,0,1,0,1,1,0,0,1,0,12192.0,2,1,1,1,0,0,1,0,7.5,270.6,0,0,0,0,0,1
53500,52.364,0.711,1,1,1,0,3.08,0.0,0,0,1,0,13.362,0.0,0,31.98,0,0,0,1,0,1,1,0,0,1,0,12192.0,2,1,1,1,0,0,1,0,7.8,271.9,0,0,0,0,0,1
53600,52.435,0.711,1,1,1,0,3.08,0.0,0,0,1,0,13.362,0.0,0,32.19,0,0,0,1,0,1,1,0,0,1,0,12192.0,2,1,1,1,0,0,1,0,8.8,269.7,0,0,0,0,0,1
53700,52.506,0.711,1,1,1,0,3.08,0.0,0,0,1,0,13.362,0.0,0,31.95,0,0,0,1,0,1,1,0,0,1,0,12192.0,2,1,1,1,0,0,1,0,7.8,269.2,0,0,0,0,0,1
53800,52.577,0.711,1,1,1,0,3.08,0.0,0,0,1,0,13.362,0.0,0,32.08,0,0,0,1,0,1,1,0,0,1,0,12192.0,2,1,1,1,0,0,1,0,8.7,270.4,0,0,0,0,0,1
53900,52.648,0.711,1,1,1,0,3.08,0.0,0,0,1,0,13.362,0.0,0,32.01,0,0,0,1,0,1,1,0,0,1,0,12192.0,2,1,1,1,0,0,1,0,7.6,270.2,0,0,0,0,0,1
54000,52.719,0.711,1,1,1,0,3.08,0.0,0,0,1,0,13.362,0.0,0,32.11,0,0,0,1,0,1,1,0,0,1,0,12192.0,2,1,1,1,0,0,1,0,7.0,269.3,0,0,0,0,0,1
54100,52.79,0.711,1,1,1,0,3.08,0.0,0,0,1,0,13.362,0.0,0,32.17,0,0,0,1,0,1,1,0,0,1,0,12192.0,2,1,1,1,0,0,1,0,8.5,270.5,0,0,0,0,0,1
54200,52.861,0.711,1,1,1,0,3.08,0.0,0,0,1,0,13.362,0.0,0,31.89,0,0,0,1,0,1,1,0,0,1,0,12192.0,2,1,1,1,0,0,1,0,8.4,270.0,0,0,0,0,0,1
54300,52.932,0.711,1,1,1,0,3.08,0.0,0,0,1,0,13.362,0.0,0,32.08,0,0,0,1,0,1,1,0,0,1,0,12192.0,2,1,1,1,0,0,1,0,7.9,264.7,0,0,0,0,0,1
54400,53.003,0.711,1,1,1,0,3.08,0.0,0,0,1,0,13.362,0.0,0,31.82,0,0,0,1,0,1,1,0,0,1,0,12192.0,2,1,1,1,0,0,1,0,8.5,271.8,0,0,0,0,0,1
54500,53.074,0.711,1,1,1,0,3.08,0.0,0,0,1,0,13.362,0.0,0,32.06,0,0,0,1,0,1,1,0,0,1,0,12192.0,2,1,1,1,0,0,1,0,8.2,273.0,0,0,0,0,0,1
54600,53.146,0.711,1,1,1,0,3.08,0.0,0,0,1,0,13.362,0.0,0,31.94,0,0,0,1,0,1,1,0,0,1,0,12192.0,2,1,1,1,0,0,1,0,8.4,272.2,0,0,0,0,0,1
54700,53.217,0.711,1,1,1,0,3.08,0.0,0,0,1,0,13.362,0.0,0,32.11,0,0,0,1,0,1,1,0,0,1,0,12192.0,2,1,1,1,0,0,1,0,7.5,271.8,0,0,0,0,0,1
54800,53.288,0.711,1,1,1,0,3.08,0.0,0,0,1,0,13.362,0.0,0,31.83,0,0,0,1,0,1,1,0,0,1,0,12192.0,2,1,1,1,0,0,1,0,8.1,272.3,0,0,0,0,0,1
54900,53.359,0.711,1,1,1,0,3.08,0.0,0,0,1,0,13.362,0.0,0,32.13,0,0,0,1,0,1,1,0,0,1,0,12192.0,2,1,1,1,0,0,1,0,8.6,278.5,0,0,0,0,0,1
55000,53.43,0.711,1,1,1,0,3.08,0.0,0,0,1,0,13.362,0.0,0,32.12,0,0,0,1,0,1,1,0,0,1,0,12192.0,2,1,1,1,0,0,1,0,8.2,270.4,0,0,0,0,0,1
55100,53.501,0.711,1,1,1,0,3.08,0.0,0,0,1,0,13.362,0.0,0,31.74,0,0,0,1,0,1,1,0,0,1,0,12192.0,2,1,1,1,0,0,1,0,8.6,271.4,0,0,0,0,0,1
55200,53.572,0.711,1,1,1,0,3.08,0.0,0,0,1,0,13.362,0.0,0,31.94,0,0,0,1,0,1,1,0,0,1,0,12192.0,2,1,1,1,0,0,1,0,8.6,264.9,0,0,0,0,0,1
55300,53.643,0.711,1,1,1,0,3.08,0.0,0,0,1,0,13.362,0.0,0,32.02,0,0,0,1,0,1,1,0,0,1,0,12192.0,2,1,1,1,0,0,1,0,7.7,270.8,0,0,0,0,0,1
55400,53.714,0.711,1,1,1,0,3.08,0.0,0,0,1,0,13.362,0.0,0,32.09,0,0,0,1,0,1,1,0,0,1,0,12192.0,2,1,1,1,0,0,1,0,9.0,268.1,0,0,0,0,0,1
55500,53.785,0.711,1,1,1,0,3.08,0.0,0,0,1,0,13.362,0.0,0,32.02,0,0,0,1,0,1,1,0,0,1,0,12192.0,2,1,1,1,0,0,1,0,9.2,271.3,0,0,0,0,0,1
55600,53.856,0.711,1,1,1,0,3.08,0.0,0,0,1,0,13.362,0.0,0,31.99,0,0,0,1,0,1,1,0,0,1,0,12192.0,2,1,1,1,0,0,1,0,8.7,267.5,0,0,0,0,0,1
55700,53.927,0.711,1,1,1,0,3.08,0.0,0,0,1,0,13.362,0.0,0,32.25,0,0,0,1,0,1,1,0,0,1,0,12192.0,2,1,1,1,0,0,1,0,8.5,274.1,0,0,0,0,0,1
55800,53.998,0.711,1,1,1,0,3.08,0.0,0,0,1,0,13.362,0.0,0,32.09,0,0,0,1,0,1,1,0,0,1,0,12192.0,2,1,1,1,0,0,1,0,7.9,271.7,0,0,0,0,0,1
55900,54.07,0.711,1,1,1,0,3.08,0.0,0,0,1,0,13.362,0.0,0,32.15,0,0,0,1,0,1,1,0,0,1,0,12192.0,2,1,1,1,0,0,1,0,7.7,269.2,0,0,0,0,0,1
56000,54.141,0.711,1,1,1,0,3.08,0.0,0,0,1,0,13.362,0.0,0,31.79,0,0,0,1,0,1,1,0,0,1,0,12192.0,2,1,1,1,0,0,1,0,8.5,267.8,0,0,0,0,0,1
56100,54.212,0.711,1,1,1,0,3.08,0.0,0,0,1,0,13.362,0.0,0,32.0,0,0,0,1,0,1,1,0,0,1,0,12192.0,2,1,1,1,0,0,1,0,8.4,262.6,0,0,0,0,0,1
56200,54.283,0.711,1,1,1,0,3.08,0.0,0,0,1,0,13.362,0.0,0,31.81,0,0,0,1,0,1,1,0,0,1,0,12192.0,2,1,1,1,0,0,1,0,8.8,267.9,0,0,0,0,0,1
56300,54.354,0.711,1,1,1,0,3.08,0.0,0,0,1,0,13.362,0.0,0,31.93,0,0,0,1,0,1,1,0,0,1,0,12192.0,2,1,1,1,0,0,1,0,8.7,272.5,0,0,0,0,0,1
56400,54.425,0.711,1,1,1,0,3.08,0.0,0,0,1,0,13.362,0.0,0,32.1,0,0,0,1,0,1,1,0,0,1,0,12192.0,2,1,1,1,0,0,1,0,8.6,273.9,0,0,0,0,0,1
56500,54.496,0.711,1,1,1,0,3.08,0.0,0,0,1,0,13.362,0.0,0,31.94,0,0,0,1,0,1,1,0,0,1,0,12192.0,2,1,1,1,0,0,1,0,8.2,269.4,0,0,0,0,0,1
56600,54.567,0.711,1,1,1,0,3.08,0.0,0,0,1,0,13.362,0.0,0,31.94,0,0,0,1,0,1,1,0,0,1,0,12192.0,2,1,1,1,0,0,1,0,8.4,270.9,0,0,0,0,0,1
56700,54.638,0.711,1,1,1,0,3.08,0.0,0,0,1,0,13.362,0.0,0,32.13,0,0,0,1,0,1,1,0,0,1,0,12192.0,2,1,1,1,0,0,1,0,9.2,273.4,0,0,0,0,0,1
56800,54.709,0.711,1,1,1,0,3.08,0.0,0,0,1,0,13.362,0.0,0,31.94,0,0,0,1,0,1,1,0,0,1,0,12192.0,2,1,1,1,0,0,1,0,8.7,275.1,0,0,0,0,0,1
56900,54.78,0.711,1,1,1,0,3.08,0.0,0,0,1,0,13.362,0.0,0,32.05,0,0,0,1,0,1,1,0,0,1,0,12192.0,2,1,1,1,0,0,1,0,9.2,268.8,0,0,0,0,0,1
57000,54.851,0.711,1,1,1,0,3.08,0.0,0,0,1,0,13.362,0.0,0,32.14,0,0,0,1,0,1,1,0,0,1,0,12192.0,2,1,1,1,0,0,1,0,8.9,271.4,0,0,0,0,0,1
57100,54.922,0.711,1,1,1,0,3.08,0.0,0,0,1,0,13.362,0.0,0,32.12,0,0,0,1,0,1,1,0,0,1,0,12192.0,2,1,1,1,0,0,1,0,8.2,271.9,0,0,0,0,0,1
57200,54.994,0.711,1,1,1,0,3.08,0.0,0,0,1,0,13.362,0.0,0,31.9,0,0,0,1,0,1,1,0,0,1,0,12192.0,2,1,1,1,0,0,1,0,8.2,269.8,0,0,0,0,0,1
57300,55.065,0.711,1,1,1,0,3.08,0.0,0,0,1,0,13.362,0.0,0,31.9,0,0,0,1,0,1,1,0,0,1,0,12192.0,2,1,1,1,0,0,1,0,8.2,268.6,0,0,0,0,0,1
57400,55.136,0.711,1,1,1,0,3.08,0.0,0,0,1,0,13.362,0.0,0,32.2,0,0,0,1,0,1,1,0,0,1,0,12192.0,2,1,1,1,0,0,1,0,8.5,273.6,0,0,0,0,0,1
57500,55.207,0.711,1,1,1,0,3.08,0.0,0,0,1,0,13.362,0.0,0,31.87,0,0,0,1,0,1,1,0,0,1,0,12192.0,2,1,1,1,0,0,1,0,7.9,266.3,0,0,0,0,0,1
57600,55.278,0.711,1,1,1,0,3.08,0.0,0,0,1,0,13.362,0.0,0,32.18,0,0,0,1,0,1,1,0,0,1,0,12192.0,2,1,1,1,0,0,1,0,8.5,268.6,0,0,0,0,0,1
57700,55.349,0.711,1,1,1,0,3.08,0.0,0,0,1,0,13.362,0.0,0,31.82,0,0,0,1,0,1,1,0,0,1,0,12192.0,2,1,1,1,0,0,1,0,8.3,266.3,0,0,0,0,0,1
57800,55.42,0.711,1,1,1,0,3.08,0.0,0,0,1,0,13.362,0.0,0,31.95,0,0,0,1,0,1,1,0,0,1,0,12192.0,2,1,1,1,0,0,1,0,8.7,271.3,0,0,0,0,0,1
57900,55.491,0.711,1,1,1,0,3.08,0.0,0,0,1,0,13.362,0.0,0,32.01,0,0,0,1,0,1,1,0,0,1,0,12192.0,2,1,1,1,0,0,1,0,7.4,268.9,0,0,0,0,0,1
58000,55.562,0.711,1,1,1,0,3.08,0.0,0,0,1,0,13.362,0.0,0,32.17,0,0,0,1,0,1,1,0,0,1,0,12192.0,2,1,1,1,0,0,1,0,8.4,271.5,0,0,0,0,0,1
58100,55.633,0.711,1,1,1,0,3.08,0.0,0,0,1,0,13.362,0.0,0,32.1,0,0,0,1,0,1,1,0,0,1,0,12192.0,2,1,1,1,0,0,1,0,8.4,271.4,0,0,0,0,0,1
58200,55.704,0.711,1,1,1,0,3.08,0.0,0,0,1,0,13.362,0.0,0,31.91,0,0,0,1,0,1,1,0,0,1,0,12192.0,2,1,1,1,0,0,1,0,8.1,268.0,0,0,0,0,0,1
58300,55.775,0.711,1,1,1,0,3.08,0.0,0,0,1,0,13.362,0.0,0,31.99,0,0,0,1,0,1,1,0,0,1,0,12192.0,2,1,1,1,0,0,1,0,7.8,266.9,0,0,0,0,0,1
58400,55.846,0.711,1,1,1,0,3.08,0.0,0,0,1,0,13.362,0.0,0,32.04,0,0,0,1,0,1,1,0,0,1,0,12192.0,2,1,1,1,0,0,1,0,8.0,265.5,0,0,0,0,0,1
58500,55.918,0.711,1,1,1,0,3.08,0.0,0,0,1,0,13.362,0.0,0,31.83,0,0,0,1,0,1,1,0,0,1,0,12192.0,2,1,1,1,0,0,1,0,6.9,271.0,0,0,0,0,0,1
58600,55.989,0.711,1,1,1,0,3.08,0.0,0,0,1,0,13.362,0.0,0,31.99,0,0,0,1,0,1,1,0,0,1,0,12192.0,2,1,1,1,0,0,1,0,7.4,273.0,0,0,0,0,0,1
58700,56.06,0.711,1,1,1,0,3.08,0.0,0,0,1,0,13.362,0.0,0,31.92,0,0,0,1,0,1,1,0,0,1,0,12192.0,2,1,1,1,0,0,1,0,7.7,272.2,0,0,0,0,0,1
58800,56.131,0.711,1,1,1,0,3.08,0.0,0,0,1,0,13.362,0.0,0,32.06,0,0,0,1,0,1,1,0,0,1,0,12192.0,2,1,1,1,0,0,1,0,7.3,269.5,0,0,0,0,0,1
58900,56.202,0.711,1,1,1,0,3.08,0.0,0,0,1,0,13.362,0.0,0,32.1,0,0,0,1,0,1,1,0,0,1,0,12192.0,2,1,1,1,0,0,1,0,7.5,271.6,0,0,0,0,0,1
59000,56.273,0.711,1,1,1,0,3.08,0.0,0,0,1,0,13.362,0.0,0,32.1,0,0,0,1,0,1,1,0,0,1,0,12192.0,2,1,1,1,0,0,1,0,7.4,265.8,0,0,0,0,0,1
59100,56.344,0.711,1,1,1,0,3.08,0.0,0,0,1,0,13.362,0.0,0,32.15,0,0,0,1,0,1,1,0,0,1,0,12192.0,2,1,1,1,0,0,1,0,7.7,268.9,0,0,0,0,0,1
59200,56.415,0.711,1,1,1,0,3.08,0.0,0,0,1,0,13.362,0.0,0,32.04,0,0,0,1,0,1,1,0,0,1,0,12192.0,2,1,1,1,0,0,1,0,7.5,270.1,0,0,0,0,0,1
59300,56.486,0.711,1,1,1,0,3.08,0.0,0,0,1,0,13.362,0.0,0,32.07,0,0,0,1,0,1,1,0,0,1,0,12192.0,2,1,1,1,0,0,1,0,7.7,265.6,0,0,0,0,0,1
59400,56.557,0.711,1,1,1,0,3.08,0.0,0,0,1,0,13.362,0.0,0,32.09,0,0,0,1,0,1,1,0,0,1,0,12192.0,2,1,1,1,0,0,1,0,7.7,268.5,0,0,0,0,0,1
59500,56.628,0.711,1,1,1,0,3.08,0.0,0,0,1,0,13.362,0.0,0,31.95,0,0,0,1,0,1,1,0,0,1,0,12192.0,2,1,1,1,0,0,1,0,7.4,265.9,0,0,0,0,0,1
59600,56.699,0.711,1,1,1,0,3.08,0.0,0,0,1,0,13.362,0.0,0,31.98,0,0,0,1,0,1,1,0,0,1,0,12192.0,2,1,1,1,0,0,1,0,7.2,269.7,0,0,0,0,0,1
59700,56.771,0.711,1,1,1,0,3.08,0.0,0,0,1,0,13.362,0.0,0,32.1,0,0,0,1,0,1,1,0,0,1,0,12192.0,2,1,1,1,0,0,1,0,7.4,269.6,0,0,0,0,0,1
59800,56.842,0.711,1,1,1,0,3.08,0.0,0,0,1,0,13.362,0.0,0,32.21,0,0,0,1,0,1,1,0,0,1,0,12192.0,2,1,1,1,0,0,1,0,7.6,271.6,0,0,0,0,0,1
59900,56.913,0.711,1,1,1,0,3.08,0.0,0,0,1,0,13.362,0.0,0,32.0,0,0,0,1,0,1,1,0,0,1,0,12192.0,2,1,1,1,0,0,1,0,7.5,268.2,0,0,0,0,0,1
60000,56.984,0.711,1,1,1,0,3.08,0.0,0,0,1,0,13.362,0.0,0,31.96,0,0,0,1,0,1,1,0,0,1,0,12192.0,2,1,1,1,0,0,1,0,7.7,267.2,0,0,0,0,0,1
60100,57.055,0.711,1,1,1,0,3.08,0.0,0,0,1,0,13.362,0.0,0,32.06,0,0,0,1,0,1,1,0,0,1,0,12192.0,2,1,1,1,0,0,1,0,7.1,270.1,0,0,0,0,0,1
60200,57.126,0.711,1,1,1,0,3.08,0.0,0,0,1,0,13.362,0.0,0,31.94,0,0,0,1,0,1,1,0,0,1,0,12192.0,2,1,1,1,0,0,1,0,7.6,270.8,0,0,0,0,0,1
60300,57.197,0.711,1,1,1,0,3.08,0.0,0,0,1,0,13.362,0.0,0,32.04,0,0,0,1,0,1,1,0,0,1,0,12192.0,2,1,1,1,0,0,1,0,7.8,268.5,0,0,0,0,0,1
60400,57.268,0.711,1,1,1,0,3.08,0.0,0,0,1,0,13.362,0.0,0,31.91,0,0,0,1,0,1,1,0,0,1,0,12192.0,2,1,1,1,0,0,1,0,7.2,268.1,0,0,0,0,0,1
60500,57.339,0.711,1,1,1,0,3.08,0.0,0,0,1,0,13.362,0.0,0,31.86,0,0,0,1,0,1,1,0,0,1,0,12192.0,2,1,1,1,0,0,1,0,7.0,265.7,0,0,0,0,0,1
60600,57.41,0.711,1,1,1,0,3.08,0.0,0,0,1,0,13.362,0.0,0,31.89,0,0,0,1,0,1,1,0,0,1,0,12192.0,2,1,1,1,0,0,1,0,7.3,268.8,0,0,0,0,0,1
60700,57.481,0.711,1,1,1,0,3.08,0.0,0,0,1,0,13.362,0.0,0,31.91,0,0,0,1,0,1,1,0,0,1,0,12192.0,2,1,1,1,0,0,1,0,8.0,267.1,0,0,0,0,0,1
60800,57.552,0.711,1,1,1,0,3.08,0.0,0,0,1,0,13.362,0.0,0,31.85,0,0,0,1,0,1,1,0,0,1,0,12192.0,2,1,1,1,0,0,1,0,7.2,265.8,0,0,0,0,0,1
60900,57.623,0.711,1,1,1,0,3.08,0.0,0,0,1,0,13.362,0.0,0,31.88,0,0,0,1,0,1,1,0,0,1,0,12192.0,2,1,1,1,0,0,1,0,8.0,267.0,0,0,0,0,0,1
61000,57.695,0.711,1,1,1,0,3.08,0.0,0,0,1,0,13.362,0.0,0,32.31,0,0,0,1,0,1,1,0,0,1,0,12192.0,2,1,1,1,0,0,1,0,6.8,268.3,0,0,0,0,0,1
61100,57.766,0.711,1,1,1,0,3.08,0.0,0,0,1,0,13.362,0.0,0,31.95,0,0,0,1,0,1,1,0,0,1,0,12192.0,2,1,1,1,0,0,1,0,7.4,272.7,0,0,0,0,0,1
61200,57.837,0.711,1,1,1,0,3.08,0.0,0,0,1,0,13.362,0.0,0,32.23,0,0,0,1,0,1,1,0,0,1,0,12192.0,2,1,1,1,0,0,1,0,7.7,267.7,0,0,0,0,0,1
61300,57.908,0.711,1,1,1,0,3.08,0.0,0,0,1,0,13.362,0.0,0,31.96,0,0,0,1,0,1,1,0,0,1,0,12192.0,2,1,1,1,0,0,1,0,6.9,273.0,0,0,0,0,0,1
61400,57.979,0.711,1,1,1,0,3.08,0.0,0,0,1,0,13.362,0.0,0,31.96,0,0,0,1,0,1,1,0,0,1,0,12192.0,2,1,1,1,0,0,1,0,7.4,272.7,0,0,0,0,0,1
61500,58.05,0.711,1,1,1,0,3.08,0.0,0,0,1,0,13.362,0.0,0,32.09,0,0,0,1,0,1,1,0,0,1,0,12192.0,2,1,1,1,0,0,1,0,8.1,268.7,0,0,0,0,0,1
61600,58.121,0.711,1,1,1,0,3.08,0.0,0,0,1,0,13.362,0.0,0,32.01,0,0,0,1,0,1,1,0,0,1,0,12192.0,2,1,1,1,0,0,1,0,8.2,274.5,0,0,0,0,0,1
61700,58.192,0.711,1,1,1,0,3.08,0.0,0,0,1,0,13.362,0.0,0,31.91,0,0,0,1,0,1,1,0,0,1,0,12192.0,2,1,1,1,0,0,1,0,7.4,272.8,0,0,0,0,0,1
61800,58.263,0.711,1,1,1,0,3.08,0.0,0,0,1,0,13.362,0.0,0,32.02,0,0,0,1,0,1,1,0,0,1,0,12192.0,2,1,1,1,0,0,1,0,7.7,266.7,0,0,0,0,0,1
61900,58.334,0.711,1,1,1,0,3.08,0.0,0,0,1,0,13.362,0.0,0,32.09,0,0,0,1,0,1,1,0,0,1,0,12192.0,2,1,1,1,0,0,1,0,7.1,267.9,0,0,0,0,0,1
62000,58.405,0.711,1,1,1,0,3.08,0.0,0,0,1,0,13.362,0.0,0,31.94,0,0,0,1,0,1,1,0,0,1,0,12192.0,2,1,1,1,0,0,1,0,7.2,273.4,0,0,0,0,0,1
62100,58.476,0.711,1,1,1,0,3.08,0.0,0,0,1,0,13.362,0.0,0,31.98,0,0,0,1,0,1,1,0,0,1,0,12192.0,2,1,1,1,0,0,1,0,8.3,268.0,0,0,0,0,0,1
62200,58.547,0.711,1,1,1,0,3.08,0.0,0,0,1,0,13.362,0.0,0,32.07,0,0,0,1,0,1,1,0,0,1,0,12192.0,2,1,1,1,0,0,1,0,8.1,272.7,0,0,0,0,0,1
62300,58.619,0.711,1,1,1,0,3.08,0.0,0,0,1,0,13.362,0.0,0,32.11,0,0,0,1,0,1,1,0,0,1,0,12192.0,2,1,1,1,0,0,1,0,8.3,274.4,0,0,0,0,0,1
62400,58.69,0.711,1,1,1,0,3.08,0.0,0,0,1,0,13.362,0.0,0,32.12,0,0,0,1,0,1,1,0,0,1,0,12192.0,2,1,1,1,0,0,1,0,7.9,270.6,0,0,0,0,0,1
62500,58.761,0.711,1,1,1,0,3.08,0.0,0,0,1,0,13.362,0.0,0,31.88,0,0,0,1,0,1,1,0,0,1,0,12192.0,2,1,1,1,0,0,1,0,7.7,268.8,0,0,0,0,0,1
62600,58.832,0.711,1,1,1,0,3.08,0.0,0,0,1,0,13.362,0.0,0,31.82,0,0,0,1,0,1,1,0,0,1,0,12192.0,2,1,1,1,0,0,1,0,7.3,272.4,0,0,0,0,0,1
62700,58.903,0.711,1,1,1,0,3.08,0.0,0,0,1,0,13.362,0.0,0,32.14,0,0,0,1,0,1,1,0,0,1,0,12192.0,2,1,1,1,0,0,1,0,7.8,269.3,0,0,0,0,0,1
62800,58.974,0.711,1,1,1,0,3.08,0.0,0,0,1,0,13.362,0.0,0,31.83,0,0,0,1,0,1,1,0,0,1,0,12192.0,2,1,1,1,0,0,1,0,8.3,269.9,0,0,0,0,0,1
62900,59.045,0.711,1,1,1,0,3.08,0.0,0,0,1,0,13.362,0.0,0,31.97,0,0,0,1,0,1,1,0,0,1,0,12192.0,2,1,1,1,0,0,1,0,7.0,266.5,0,0,0,0,0,1
63000,59.116,0.711,1,1,1,0,3.08,0.0,0,0,1,0,13.362,0.0,0,32.05,0,0,0,1,0,1,1,0,0,1,0,12192.0,2,1,1,1,0,0,1,0,7.9,268.8,0,0,0,0,0,1
63100,59.187,0.711,1,1,1,0,3.08,0.0,0,0,1,0,13.362,0.0,0,32.08,0,0,0,1,0,1,1,0,0,1,0,12192.0,2,1,1,1,0,0,1,0,8.9,274.7,0,0,0,0,0,1
63200,59.258,0.711,1,1,1,0,3.08,0.0,0,0,1,0,13.362,0.0,0,31.87,0,0,0,1,0,1,1,0,0,1,0,12192.0,2,1,1,1,0,0,1,0,7.4,269.6,0,0,0,0,0,1
63300,59.329,0.711,1,1,1,0,3.08,0.0,0,0,1,0,13.362,0.0,0,32.04,0,0,0,1,0,1,1,0,0,1,0,12192.0,2,1,1,1,0,0,1,0,7.7,269.2,0,0,0,0,0,1
63400,59.4,0.711,1,1,1,0,3.08,0.0,0,0,1,0,13.362,0.0,0,32.07,0,0,0,1,0,1,1,0,0,1,0,12192.0,2,1,1,1,0,0,1,0,8.0,270.2,0,0,0,0,0,1
63500,59.472,0.711,1,1,1,0,3.08,0.0,0,0,1,0,13.362,0.0,0,31.97,0,0,0,1,0,1,1,0,0,1,0,12192.0,2,1,1,1,0,0,1,0,8.3,270.0,0,0,0,0,0,1
63600,59.543,0.711,1,1,1,0,3.08,0.0,0,0,1,0,13.362,0.0,0,32.03,0,0,0,1,0,1,1,0,0,1,0,12192.0,2,1,1,1,0,0,1,0,9.0,268.7,0,0,0,0,0,1
63700,59.614,0.711,1,1,1,0,3.08,0.0,0,0,1,0,13.362,0.0,0,31.75,0,0,0,1,0,1,1,0,0,1,0,12192.0,2,1,1,1,0,0,1,0,8.4,268.5,0,0,0,0,0,1
63800,59.685,0.711,1,1,1,0,3.08,0.0,0,0,1,0,13.362,0.0,0,31.75,0,0,0,1,0,1,1,0,0,1,0,12192.0,2,1,1,1,0,0,1,0,8.2,268.9,0,0,0,0,0,1
63900,59.756,0.711,1,1,1,0,3.08,0.0,0,0,1,0,13.362,0.0,0,31.84,0,0,0,1,0,1,1,0,0,1,0,12192.0,2,1,1,1,0,0,1,0,8.0,268.9,0,0,0,0,0,1
64000,59.827,0.711,1,1,1,0,3.08,0.0,0,0,1,0,13.362,0.0,0,32.15,0,0,0,1,0,1,1,0,0,1,0,12192.0,2,1,1,1,0,0,1,0,8.7,270.3,0,0,0,0,0,1
64100,59.898,0.711,1,1,1,0,3.08,0.0,0,0,1,0,13.362,0.0,0,31.94,0,0,0,1,0,1,1,0,0,1,0,12192.0,2,1,1,1,0,0,1,0,8.8,271.7,0,0,0,0,0,1
64200,59.969,0.711,1,1,1,0,3.08,0.0,0,0,1,0,13.362,0.0,0,31.85,0,0,0,1,0,1,1,0,0,1,0,12192.0,2,1,1,1,0,0,1,0,9.7,269.4,0,0,0,0,0,1
64300,60.04,0.711,1,1,1,0,3.08,0.0,0,0,1,0,13.362,0.0,0,31.95,0,0,0,1,0,1,1,0,0,1,0,12192.0,2,1,1,1,0,0,1,0,8.9,268.2,0,0,0,0,0,1
64400,60.111,0.711,1,1,1,0,3.08,0.0,0,0,1,0,13.362,0.0,0,31.93,0,0,0,1,0,1,1,0,0,1,0,12192.0,2,1,1,1,0,0,1,0,9.3,268.9,0,0,0,0,0,1
64500,60.182,0.711,1,1,1,0,3.08,0.0,0,0,1,0,13.362,0.0,0,31.92,0,0,0,1,0,1,1,0,0,1,0,12192.0,2,1,1,1,0,0,1,0,8.7,267.5,0,0,0,0,0,1
64600,60.253,0.711,1,1,1,0,3.08,0.0,0,0,1,0,13.362,0.0,0,31.95,0,0,0,1,0,1,1,0,0,1,0,12192.0,2,1,1,1,0,0,1,0,8.2,272.7,0,0,0,0,0,1
64700,60.324,0.711,1,1,1,0,3.08,0.0,0,0,1,0,13.362,0.0,0,32.07,0,0,0,1,0,1,1,0,0,1,0,12192.0,2,1,1,1,0,0,1,0,9.1,268.1,0,0,0,0,0,1
64800,60.396,0.711,1,1,1,0,3.08,0.0,0,0,1,0,13.362,0.0,0,32.16,0,0,0,1,0,1,1,0,0,1,0,12192.0,2,1,1,1,0,0,1,0,8.3,267.5,0,0,0,0,0,1
64900,60.467,0.711,1,1,1,0,3.08,0.0,0,0,1,0,13.362,0.0,0,31.96,0,0,0,1,0,1,1,0,0,1,0,12192.0,2,1,1,1,0,0,1,0,9.4,269.6,0,0,0,0,0,1
65000,60.538,0.711,1,1,1,0,3.08,0.0,0,0,1,0,13.362,0.0,0,32.18,0,0,0,1,0,1,1,0,0,1,0,12192.0,2,1,1,1,0,0,1,0,8.6,270.2,0,0,0,0,0,1
65100,60.609,0.711,1,1,1,0,3.08,0.0,0,0,1,0,13.362,0.0,0,32.04,0,0,0,1,0,1,1,0,0,1,0,12192.0,2,1,1,1,0,0,1,0,8.6,269.5,0,0,0,0,0,1
65200,60.68,0.711,1,1,1,0,3.08,0.0,0,0,1,0,13.362,0.0,0,31.92,0,0,0,1,0,1,1,0,0,1,0,12192.0,2,1,1,1,0,0,1,0,8.2,269.2,0,0,0,0,0,1
65300,60.751,0.711,1,1,1,0,3.08,0.0,0,0,1,0,13.362,0.0,0,31.94,0,0,0,1,0,1,1,0,0,1,0,12192.0,2,1,1,1,0,0,1,0,7.9,273.7,0,0,0,0,0,1
65400,60.822,0.711,1,1,1,0,3.08,0.0,0,0,1,0,13.362,0.0,0,31.85,0,0,0,1,0,1,1,0,0,1,0,12192.0,2,1,1,1,0,0,1,0,8.5,268.9,0,0,0,0,0,1
65500,60.893,0.711,1,1,1,0,3.08,0.0,0,0,1,0,13.362,0.0,0,31.88,0,0,0,1,0,1,1,0,0,1,0,12192.0,2,1,1,1,0,0,1,0,8.7,271.5,0,0,0,0,0,1
65600,60.964,0.711,1,1,1,0,3.08,0.0,0,0,1,0,13.362,0.0,0,31.92,0,0,0,1,0,1,1,0,0,1,0,12192.0,2,1,1,1,0,0,1,0,8.6,269.7,0,0,0,0,0,1
65700,61.035,0.711,1,1,1,0,3.08,0.0,0,0,1,0,13.362,0.0,0,32.09,0,0,0,1,0,1,1,0,0,1,0,12192.0,2,1,1,1,0,0,1,0,7.9,266.5,0,0,0,0,0,1
65800,61.106,0.711,1,1,1,0,3.08,0.0,0,0,1,0,13.362,0.0,0,32.06,0,0,0,1,0,1,1,0,0,1,0,12192.0,2,1,1,1,0,0,1,0,8.2,269.7,0,0,0,0,0,1
65900,61.177,0.711,1,1,1,0,3.08,0.0,0,0,1,0,13.362,0.0,0,31.89,0,0,0,1,0,1,1,0,0,1,0,12192.0,2,1,1,1,0,0,1,0,8.8,266.6,0,0,0,0,0,1
66000,61.248,0.711,1,1,1,0,3.08,0.0,0,0,1,0,13.362,0.0,0,31.9,0,0,0,1,0,1,1,0,0,1,0,12192.0,2,1,1,1,0,0,1,0,8.8,267.9,0,0,0,0,0,1
66100,61.32,0.711,1,1,1,0,3.08,0.0,0,0,1,0,13.362,0.0,0,31.89,0,0,0,1,0,1,1,0,0,1,0,12192.0,2,1,1,1,0,0,1,0,8.8,270.8,0,0,0,0,0,1
66200,61.391,0.711,1,1,1,0,3.08,0.0,0,0,1,0,13.362,0.0,0,31.84,0,0,0,1,0,1,1,0,0,1,0,12192.0,2,1,1,1,0,0,1,0,9.1,274.5,0,0,0,0,0,1
66300,61.462,0.711,1,1,1,0,3.08,0.0,0,0,1,0,13.362,0.0,0,31.99,0,0,0,1,0,1,1,0,0,1,0,12192.0,2,1,1,1,0,0,1,0,9.0,268.3,0,0,0,0,0,1
66400,61.533,0.711,1,1,1,0,3.08,0.0,0,0,1,0,13.362,0.0,0,32.03,0,0,0,1,0,1,1,0,0,1,0,12192.0,2,1,1,1,0,0,1,0,8.3,270.0,0,0,0,0,0,1
66500,61.604,0.711,1,1,1,0,3.08,0.0,0,0,1,0,13.362,0.0,0,31.84,0,0,0,1,0,1,1,0,0,1,0,12192.0,2,1,1,1,0,0,1,0,9.1,276.4,0,0,0,0,0,1
66600,61.675,0.711,1,1,1,0,3.08,0.0,0,0,1,0,13.362,0.0,0,32.07,0,0,0,1,0,1,1,0,0,1,0,12192.0,2,1,1,1,0,0,1,0,9.0,273.3,0,0,0,0,0,1
66700,61.746,0.711,1,1,1,0,3.08,0.0,0,0,1,0,13.362,0.0,0,31.86,0,0,0,1,0,1,1,0,0,1,0,12192.0,2,1,1,1,0,0,1,0,8.6,267.5,0,0,0,0,0,1
66800,61.817,0.711,1,1,1,0,3.08,0.0,0,0,1,0,13.362,0.0,0,31.81,0,0,0,1,0,1,1,0,0,1,0,12192.0,2,1,1,1,0,0,1,0,8.5,270.2,0,0,0,0,0,1
66900,61.888,0.711,1,1,1,0,3.08,0.0,0,0,1,0,13.362,0.0,0,31.74,0,0,0,1,0,1,1,0,0,1,0,12192.0,2,1,1,1,0,0,1,0,7.6,268.7,0,0,0,0,0,1
67000,61.959,0.711,1,1,1,0,3.08,0.0,0,0,1,0,13.362,0.0,0,32.04,0,0,0,1,0,1,1,0,0,1,0,12192.0,2,1,1,1,0,0,1,0,8.6,270.2,0,0,0,0,0,1
67100,62.03,0.711,1,1,1,0,3.08,0.0,0,0,1,0,13.362,0.0,0,31.69,0,0,0,1,0,1,1,0,0,1,0,12192.0,2,1,1,1,0,0,1,0,9.1,274.6,0,0,0,0,0,1
67200,62.101,0.711,1,1,1,0,3.08,0.0,0,0,1,0,13.362,0.0,0,31.92,0,0,0,1,0,1,1,0,0,1,0,12192.0,2,1,1,1,0,0,1,0,8.5,269.7,0,0,0,0,0,1
67300,62.173,0.711,1,1,1,0,3.08,0.0,0,0,1,0,13.362,0.0,0,31.97,0,0,0,1,0,1,1,0,0,1,0,12192.0,2,1,1,1,0,0,1,0,8.2,271.0,0,0,0,0,0,1
67400,62.244,0.711,1,1,1,0,3.08,0.0,0,0,1,0,13.362,0.0,0,31.97,0,0,0,1,0,1,1,0,0,1,0,12192.0,2,1,1,1,0,0,1,0,7.9,268.1,0,0,0,0,0,1
67500,62.315,0.711,1,1,1,0,3.08,0.0,0,0,1,0,13.362,0.0,0,32.12,0,0,0,1,0,1,1,0,0,1,0,12192.0,2,1,1,1,0,0,1,0,7.8,269.2,0,0,0,0,0,1
67600,62.384,0.696,1,1,1,0,3.08,0.0,0,0,1,0,13.362,0.0,0,31.73,0,0,0,1,0,1,1,0,0,1,0,12192.0,2,1,1,1,0,0,1,0,7.0,274.7,0,0,0,0,0,1
67700,62.452,0.681,1,1,1,0,3.08,0.0,0,0,1,0,13.362,0.0,0,31.82,0,0,0,1,0,1,1,0,0,1,0,12192.0,2,1,1,1,0,0,1,0,7.8,269.6,0,0,0,0,0,1
67800,62.519,0.666,1,1,1,0,3.08,0.0,0,0,1,0,13.362,0.0,0,31.92,0,0,0,1,0,1,1,0,0,1,0,12192.0,2,1,1,1,0,0,1,0,8.2,268.3,0,0,0,0,0,1
67900,62.584,0.651,1,1,1,0,3.08,0.0,0,0,1,0,13.362,0.0,0,31.96,0,0,0,1,0,1,1,0,0,1,0,12192.0,2,1,1,1,0,0,1,0,7.9,268.9,0,0,0,0,0,1
68000,62.648,0.636,1,1,1,0,3.08,0.0,0,0,1,0,13.362,0.0,0,32.09,0,0,0,1,0,1,1,0,0,1,0,12192.0,2,1,1,1,0,0,1,0,7.2,271.8,0,0,0,0,0,1
68100,62.71,0.621,1,1,1,0,3.08,0.0,0,0,1,0,13.362,0.0,0,32.14,0,0,0,1,0,1,1,0,0,1,0,12192.0,2,1,1,1,0,0,1,0,7.7,271.4,0,0,0,0,0,1
68200,62.771,0.606,1,1,1,0,3.08,0.0,0,0,1,0,13.362,0.0,0,31.85,0,0,0,1,0,1,1,0,0,1,0,12192.0,2,1,1,1,0,0,1,0,8.0,269.0,0,0,0,0,0,1
68300,62.83,0.591,1,1,1,0,3.08,0.0,0,0,1,0,13.362,0.0,0,31.94,0,0,0,1,0,1,1,0,0,1,0,12192.0,2,1,1,1,0,0,1,0,7.7,275.1,0,0,0,0,0,1
68400,62.887,0.576,1,1,1,0,3.08,0.0,0,0,1,0,13.362,0.0,0,32.15,0,0,0,1,0,1,1,0,0,1,0,12192.0,2,1,1,1,0,0,1,0,7.3,269.3,0,0,0,0,0,1
68500,62.943,0.561,1,1,1,0,3.08,0.0,0,0,1,0,13.362,0.0,0,31.99,0,0,0,1,0,1,1,0,0,1,0,12192.0,2,1,1,1,0,0,1,0,7.7,270.7,0,0,0,0,0,1
68600,62.998,0.546,1,1,1,0,3.08,0.0,0,0,1,0,13.362,0.0,0,32.16,0,0,0,1,0,1,1,0,0,1,0,12192.0,2,1,1,1,0,0,1,0,8.0,269.2,0,0,0,0,0,1
68700,63.051,0.531,1,1,1,0,3.08,0.0,0,0,1,0,13.362,0.0,0,31.9,0,0,0,1,0,1,1,0,0,1,0,12192.0,2,1,1,1,0,0,1,0,8.0,269.1,0,0,0,0,0,1
68800,63.103,0.516,1,1,1,0,3.08,0.0,0,0,1,0,13.362,0.0,0,32.06,0,0,0,1,0,1,1,0,0,1,0,12192.0,2,1,1,1,0,0,1,0,7.9,266.7,0,0,0,0,0,1
68900,63.153,0.501,1,1,1,0,3.08,0.0,0,0,1,0,13.362,0.0,0,32.07,0,0,0,1,0,1,1,0,0,1,0,12192.0,2,1,1,1,0,0,1,0,8.0,270.6,0,0,0,0,0,1
69000,63.201,0.486,1,1,1,0,3.08,0.0,0,0,1,0,13.362,0.0,0,31.86,0,0,0,1,0,1,1,0,0,1,0,12192.0,2,1,1,1,0,0,1,0,6.9,271.7,0,0,0,0,0,1
69100,63.249,0.471,1,1,1,0,3.08,0.0,0,0,1,0,13.362,0.0,0,32.07,0,0,0,1,0,1,1,0,0,1,0,12192.0,2,1,1,1,0,0,1,0,8.3,269.8,0,0,0,0,0,1
69200,63.294,0.456,1,1,1,0,3.08,0.0,0,0,1,0,13.362,0.0,0,31.77,0,0,0,1,0,1,1,0,0,1,0,12192.0,2,1,1,1,0,0,1,0,7.3,269.6,0,0,0,0,0,1
69300,63.338,0.441,1,1,1,0,3.08,0.0,0,0,1,0,13.362,0.0,0,31.97,0,0,0,1,0,1,1,0,0,1,0,12192.0,2,1,1,1,0,0,1,0,6.8,266.8,0,0,0,0,0,1
69400,63.381,0.426,1,1,1,0,3.08,0.0,0,0,1,0,13.362,0.0,0,32.14,0,0,0,1,0,1,1,0,0,1,0,12192.0,2,1,1,1,0,0,1,0,7.0,272.1,0,0,0,0,0,1
69500,63.422,0.41,1,1,1,0,3.08,0.0,0,0,1,0,13.362,0.0,0,32.11,0,0,0,1,0,1,1,0,0,1,0,12192.0,2,1,1,1,0,0,1,0,7.5,274.8,0,0,0,0,0,1
69600,63.461,0.395,1,1,1,0,3.08,0.0,0,0,1,0,13.362,0.0,0,32.17,0,0,0,1,0,1,1,0,0,1,0,12192.0,2,1,1,1,0,0,1,0,8.3,269.9,0,0,0,0,0,1
69700,63.499,0.38,1,1,1,0,3.08,0.0,0,0,1,0,13.362,0.0,0,31.97,0,0,0,1,0,1,1,0,0,1,0,12192.0,2,1,1,1,0,0,1,0,7.0,267.0,0,0,0,0,0,1
69800,63.536,0.365,1,1,1,0,3.08,0.0,0,0,1,0,13.362,0.0,0,32.16,0,0,0,1,0,1,1,0,0,1,0,12192.0,2,1,1,1,0,0,1,0,7.6,270.6,0,0,0,0,0,1
69900,63.571,0.35,1,1,1,0,3.08,0.0,0,0,1,0,13.362,0.0,0,32.04,0,0,0,1,0,1,1,0,0,1,0,12192.0,2,1,1,1,0,0,1,0,8.1,270.2,0,0,0,0,0,1
70000,63.604,0.335,1,1,1,0,3.08,0.0,0,0,1,0,13.362,0.0,0,32.16,0,0,0,1,0,1,1,0,0,1,0,12192.0,2,1,1,1,0,0,1,0,7.3,272.3,0,0,0,0,0,1
70100,63.636,0.319,1,1,1,0,3.08,0.0,0,0,1,0,13.362,0.0,0,31.98,0,0,0,1,0,1,1,0,0,1,0,12192.0,2,1,1,1,0,0,1,0,7.6,266.6,0,0,0,0,0,1
70200,63.667,0.304,1,1,1,0,3.08,0.0,0,0,1,0,13.362,0.0,0,32.04,0,0,0,1,0,1,1,0,0,1,0,12192.0,2,1,1,1,0,0,1,0,7.6,272.3,0,0,0,0,0,1
70300,63.696,0.289,1,1,1,0,3.08,0.0,0,0,1,0,13.362,0.0,0,32.16,0,0,0,1,0,1,1,0,0,1,0,12192.0,2,1,1,1,0,0,1,0,7.4,271.9,0,0,0,0,0,1
70400,63.723,0.274,1,1,1,0,3.08,0.0,0,0,1,0,13.362,0.0,0,31.89,0,0,0,1,0,1,1,0,0,1,0,12192.0,2,1,1,1,0,0,1,0,7.9,274.2,0,0,0,0,0,1
70500,63.749,0.258,1,1,1,0,3.08,0.0,0,0,1,0,13.362,0.0,0,31.82,0,0,0,1,0,1,1,0,0,1,0,12192.0,2,1,1,1,0,0,1,0,7.5,269.0,0,0,0,0,0,1
70600,63.773,0.243,1,1,1,0,3.08,0.0,0,0,1,0,13.362,0.0,0,31.87,0,0,0,1,0,1,1,0,0,1,0,12192.0,2,1,1,1,0,0,1,0,7.9,269.2,0,0,0,0,0,1
70700,63.796,0.228,1,1,1,0,3.08,0.0,0,0,1,0,13.362,0.0,0,31.77,0,0,0,1,0,1,1,0,0,1,0,12192.0,2,1,1,1,0,0,1,0,8.3,270.1,0,0,0,0,0,1
70800,63.817,0.212,1,1,1,0,3.08,0.0,0,0,1,0,13.362,0.0,0,31.82,0,0,0,1,0,1,1,0,0,1,0,12192.0,2,1,1,1,0,0,1,0,7.9,271.0,0,0,0,0,0,1
70900,63.837,0.197,1,1,1,0,3.08,0.0,0,0,1,0,13.362,0.0,0,32.05,0,0,0,1,0,1,1,0,0,1,0,12192.0,2,1,1,1,0,0,1,0,7.6,273.0,0,0,0,0,0,1
71000,63.855,0.182,1,1,1,0,3.08,0.0,0,0,1,0,13.362,0.0,0,31.98,0,0,0,1,0,1,1,0,0,1,0,12192.0,2,1,1,1,0,0,1,0,8.2,267.8,0,0,0,0,0,1
71100,63.872,0.166,1,1,1,0,3.08,0.0,0,0,1,0,13.362,0.0,0,31.94,0,0,0,1,0,1,1,0,0,1,0,12192.0,2,1,1,1,0,0,1,0,8.1,268.6,0,0,0,0,0,1
71200,63.887,0.151,1,1,1,0,3.08,0.0,0,0,1,0,13.362,0.0,0,32.24,0,0,0,1,0,1,1,0,0,1,0,12192.0,2,1,1,1,0,0,1,0,7.7,272.9,0,0,0,0,0,1
71300,63.9,0.135,1,1,1,0,3.08,0.0,0,0,1,0,13.362,0.0,0,31.93,0,0,0,1,0,1,1,0,0,1,0,12192.0,2,1,1,1,0,0,1,0,8.1,270.1,0,0,0,0,0,1
71400,63.912,0.119,1,1,1,0,3.08,0.0,0,0,1,0,13.362,0.0,0,32.11,0,0,0,1,0,1,1,0,0,1,0,12192.0,2,1,1,1,0,0,1,0,7.4,270.9,0,0,0,0,0,1
71500,63.922,0.103,1,1,1,0,3.08,0.0,0,0,1,0,13.362,0.0,0,32.02,0,0,0,1,0,1,1,0,0,1,0,12192.0,2,1,1,1,0,0,1,0,7.3,270.6,0,0,0,0,0,1
71600,63.931,0.087,1,1,1,0,3.08,0.0,0,0,1,0,13.362,0.0,0,32.15,0,0,0,1,0,1,1,0,0,1,0,12192.0,2,1,1,1,0,0,1,0,7.3,268.4,0,0,0,0,0,1
71700,63.938,0.071,1,1,1,0,3.08,0.0,0,0,1,0,13.362,0.0,0,31.89,0,0,0,1,0,1,1,0,0,1,0,12192.0,2,1,1,1,0,0,1,0,7.5,272.1,0,0,0,0,0,1
71800,63.943,0.054,1,1,1,0,3.08,0.0,0,0,1,0,13.362,0.0,0,31.95,0,0,0,1,0,1,1,0,0,1,0,12192.0,2,1,1,1,0,0,1,0,8.3,271.3,0,0,0,0,0,1
71900,63.947,0.036,1,1,1,0,3.08,0.0,0,0,1,0,13.362,0.0,0,31.97,0,0,0,1,0,1,1,0,0,1,0,12192.0,2,1,1,1,0,0,1,0,7.2,271.2,0,0,0,0,0,1
72000,63.949,0.0,0,0,1,0,3.08,0.0,0,0,1,0,13.357,-0.05,0,30.42,0,0,1,1,0,1,1,0,0,1,0,12192.0,2,1,1,1,0,0,1,0,8.7,265.4,0,0,0,0,0,1
72100,63.949,0.0,0,0,1,0,3.08,0.0,0,0,1,0,13.348,-0.1,0,30.17,0,0,1,1,0,1,1,0,0,1,0,12192.0,2,1,1,1,0,0,1,0,7.9,272.3,0,0,0,0,0,1
72200,63.949,0.0,0,0,1,0,3.08,0.0,0,0,1,0,13.333,-0.149,0,30.34,0,0,1,1,0,1,1,0,0,1,0,12192.0,2,1,1,1,0,0,1,0,8.1,271.2,0,0,0,0,0,1
72300,63.949,0.0,0,0,1,0,3.08,0.0,0,0,1,0,13.313,-0.199,0,30.28,0,0,1,1,0,1,1,0,0,1,0,12192.0,2,1,1,1,0,0,1,0,7.5,269.7,0,0,0,0,0,1
72400,63.949,0.0,0,0,1,0,3.08,0.0,0,0,1,0,13.288,-0.249,0,30.12,0,0,1,1,0,1,1,0,0,1,0,12192.0,2,1,1,1,0,0,1,0,7.6,270.1,0,0,0,0,0,1
72500,63.949,0.0,0,0,1,0,3.08,0.0,0,0,1,0,13.258,-0.299,0,30.47,0,0,1,1,0,1,1,0,0,1,0,12192.0,2,1,1,1,0,0,1,0,7.9,267.3,0,0,0,0,0,1
72600,63.949,0.0,0,0,1,0,3.08,0.0,0,0,1,0,13.223,-0.348,0,30.23,0,0,1,1,0,1,1,0,0,1,0,12192.0,2,1,1,1,0,0,1,0,7.8,271.9,0,0,0,0,0,1
72700,63.949,0.0,0,0,1,0,3.08,0.0,0,0,1,0,13.183,-0.398,0,30.24,0,0,1,1,0,1,1,0,0,1,0,12192.0,2,1,1,1,0,0,1,0,9.4,276.0,0,0,0,0,0,1
72800,63.949,0.0,0,0,1,0,3.08,0.0,0,0,1,0,13.139,-0.448,0,30.46,0,0,1,1,0,1,1,0,0,1,0,12192.0,2,1,1,1,0,0,1,0,8.6,270.5,0,0,0,0,0,1
72900,63.949,0.0,0,0,1,0,3.08,0.0,0,0,1,0,13.089,-0.498,0,30.57,0,0,1,1,0,1,1,0,0,1,0,12192.0,2,1,1,1,0,0,1,0,8.1,265.5,0,0,0,0,0,1
73000,63.949,0.0,0,0,1,0,3.08,0.0,0,0,1,0,13.034,-0.547,0,30.41,0,0,1,1,0,1,1,0,0,1,0,12192.0,2,1,1,1,0,0,1,0,8.3,262.7,0,0,0,0,0,1
73100,63.949,0.0,0,0,1,0,3.08,0.0,0,0,1,0,12.974,-0.597,0,30.52,0,0,1,1,0,1,1,0,0,1,0,12192.0,2,1,1,1,0,0,1,0,8.5,264.2,0,0,0,0,0,1
73200,63.949,0.0,0,0,1,0,3.08,0.0,0,0,1,0,12.91,-0.647,0,30.59,0,0,1,1,0,1,1,0,0,1,0,12192.0,2,1,1,1,0,0,1,0,8.0,271.1,0,0,0,0,0,1
73300,63.949,0.0,0,0,1,0,3.08,0.0,0,0,1,0,12.84,-0.697,0,30.32,0,0,1,1,0,1,1,0,0,1,0,12192.0,2,1,1,1,0,0,1,0,8.7,266.4,0,0,0,0,0,1
73400,63.949,0.0,0,0,1,0,3.08,0.0,0,0,1,0,12.765,-0.746,0,30.26,0,0,1,1,0,1,1,0,0,1,0,12192.0,2,1,1,1,0,0,1,0,8.4,270.3,0,0,0,0,0,1
73500,63.949,0.0,0,0,1,0,3.08,0.0,0,0,1,0,12.686,-0.796,0,30.47,0,0,1,1,0,1,1,0,0,1,0,12192.0,2,1,1,1,0,0,1,0,8.5,267.0,0,0,0,0,0,1
73600,63.949,0.0,0,0,1,0,3.08,0.0,0,0,1,0,12.601,-0.846,0,30.2,0,0,1,1,0,1,1,0,0,1,0,12192.0,2,1,1,1,0,0,1,0,9.1,271.2,0,0,0,0,0,1
73700,63.949,0.0,0,0,1,0,3.08,0.0,0,0,1,0,12.512,-0.896,0,30.4,0,0,1,1,0,1,1,0,0,1,0,12192.0,2,1,1,1,0,0,1,0,7.8,263.4,0,0,0,0,0,1
73800,63.949,0.0,0,0,1,0,3.08,0.0,0,0,1,0,12.417,-0.945,0,30.3,0,0,1,1,0,1,1,0,0,1,0,12192.0,2,1,1,1,0,0,1,0,8.7,267.6,0,0,0,0,0,1
73900,63.949,0.0,0,0,1,0,3.08,0.0,0,0,1,0,12.317,-0.995,0,30.41,0,0,1,1,0,1,1,0,0,1,0,12192.0,2,1,1,1,0,0,1,0,9.4,267.2,0,0,0,0,0,1
74000,63.949,0.0,0,0,1,0,3.08,0.0,0,0,1,0,12.213,-1.045,0,30.23,0,0,1,1,0,1,1,0,0,1,0,12192.0,2,1,1,1,0,0,1,0,9.5,272.0,0,0,0,0,0,1
74100,63.949,0.0,0,0,1,0,3.08,0.0,0,0,1,0,12.103,-1.095,0,30.34,0,0,1,1,0,1,1,0,0,1,0,12192.0,2,1,1,1,0,0,1,0,9.0,269.3,0,0,0,0,0,1
74200,63.949,0.0,0,0,1,0,3.08,0.0,0,0,1,0,11.989,-1.145,0,30.46,0,0,1,1,0,1,1,0,0,1,0,12192.0,2,1,1,1,0,0,1,0,8.3,266.2,0,0,0,0,0,1
74300,63.949,0.0,0,0,1,0,3.08,0.0,0,0,1,0,11.87,-1.194,0,30.38,0,0,1,1,0,1,1,0,0,1,0,12192.0,2,1,1,1,0,0,1,0,9.4,268.3,0,0,0,0,0,1
74400,63.949,0.0,0,0,1,0,3.08,0.0,0,0,1,0,11.745,-1.244,0,30.31,0,0,1,1,0,1,1,0,0,1,0,12192.0,2,1,1,1,0,0,1,0,7.9,268.8,0,0,0,0,0,1
74500,63.949,0.0,0,0,1,0,3.08,0.0,0,0,1,0,11.619,-1.266,0,30.48,0,0,1,1,0,1,1,0,0,1,0,12192.0,2,1,1,1,0,0,1,0,8.9,269.0,0,0,0,0,0,1
74600,63.949,0.0,0,0,1,0,3.08,0.0,0,0,1,0,11.492,-1.266,0,30.44,0,0,1,1,0,1,1,0,0,1,0,12192.0,2,1,1,1,0,0,1,0,8.7,269.9,0,0,0,0,0,1
74700,63.949,0.0,0,0,1,0,3.08,0.0,0,0,1,0,11.365,-1.266,0,30.29,0,0,1,1,0,1,1,0,0,1,0,12192.0,2,1,1,1,0,0,1,0,8.8,268.9,0,0,0,0,0,1
74800,63.949,0.0,0,0,1,0,3.08,0.0,0,0,1,0,11.239,-1.266,0,30.35,0,0,1,1,0,1,1,0,0,1,0,12192.0,2,1,1,1,0,0,1,0,8.6,273.8,0,0,0,0,0,1
74900,63.949,0.0,0,0,1,0,3.08,0.0,0,0,1,0,11.112,-1.266,0,30.56,0,0,1,1,0,1,1,0,0,1,0,12192.0,2,1,1,1,0,0,1,0,8.3,269.5,0,0,0,0,0,1
75000,63.949,0.0,0,0,1,0,3.08,0.0,0,0,1,0,10.986,-1.266,0,30.39,0,0,1,1,0,1,1,0,0,1,0,12192.0,2,1,1,1,0,0,1,0,7.7,267.5,0,0,0,0,0,1
75100,63.949,0.0,0,0,1,0,3.08,0.0,0,0,1,0,10.859,-1.266,0,30.37,0,0,1,1,0,1,1,0,0,1,0,12192.0,2,1,1,1,0,0,1,0,9.0,270.1,0,0,0,0,0,1
75200,63.949,0.0,0,0,1,0,3.08,0.0,0,0,1,0,10.733,-1.266,0,30.38,0,0,1,1,0,1,1,0,0,1,0,12192.0,2,1,1,1,0,0,1,0,9.6,270.8,0,0,0,0,0,1
75300,63.949,0.0,0,0,1,0,3.08,0.0,0,0,1,0,10.606,-1.266,0,30.25,0,0,1,1,0,1,1,0,0,1,0,12192.0,2,1,1,1,0,0,1,0,8.3,270.3,0,0,0,0,0,1
75400,63.949,0.0,0,0,1,0,3.08,0.0,0,0,1,0,10.479,-1.266,0,30.36,0,0,1,1,0,1,1,0,0,1,0,12192.0,2,1,1,1,0,0,1,0,8.5,270.7,0,0,0,0,0,1
75500,63.949,0.0,0,0,1,0,3.08,0.0,0,0,1,0,10.353,-1.266,0,30.21,0,0,1,1,0,1,1,0,0,1,0,12192.0,2,1,1,1,0,0,1,0,8.6,269.4,0,0,0,0,0,1
75600,63.949,0.0,0,0,1,0,3.08,0.0,0,0,1,0,10.226,-1.266,0,30.42,0,0,1,1,0,1,1,0,0,1,0,12192.0,2,1,1,1,0,0,1,0,8.1,272.1,0,0,0,0,0,1
75700,63.949,0.0,0,0,1,0,3.08,0.0,0,0,1,0,10.1,-1.266,0,30.48,0,0,1,1,0,1,1,0,0,1,0,12192.0,2,1,1,1,0,0,1,0,8.1,265.4,0,0,0,0,0,1
75800,63.949,0.0,0,0,1,0,3.08,0.0,0,0,1,0,9.973,-1.266,0,30.26,0,0,1,1,0,1,1,0,0,1,0,12192.0,2,1,1,1,0,0,1,0,7.8,270.3,0,0,0,0,0,1
75900,63.949,0.0,0,0,1,0,3.08,0.0,0,0,1,0,9.846,-1.266,0,30.25,0,0,1,1,0,1,1,0,0,1,0,12192.0,2,1,1,1,0,0,1,0,8.4,273.5,0,0,0,0,0,1
76000,63.949,0.0,0,0,1,0,3.08,0.0,0,0,1,0,9.72,-1.266,0,30.43,0,0,1,1,0,1,1,0,0,1,0,12192.0,2,1,1,1,0,0,1,0,8.5,268.3,0,0,0,0,0,1
76100,63.949,0.0,0,0,1,0,3.08,0.0,0,0,1,0,9.593,-1.266,0,30.37,0,0,1,1,0,1,1,0,0,1,0,12192.0,2,1,1,1,0,0,1,0,8.2,271.6,0,0,0,0,0,1
76200,63.949,0.0,0,0,1,0,3.08,0.0,0,0,1,0,9.467,-1.266,0,30.55,0,0,1,1,0,1,1,0,0,1,0,12192.0,2,1,1,1,0,0,1,0,8.0,270.5,0,0,0,0,0,1
76300,63.949,0.0,0,0,1,0,3.08,0.0,0,0,1,0,9.34,-1.266,0,30.24,0,0,1,1,0,1,1,0,0,1,0,12192.0,2,1,1,1,0,0,1,0,7.8,273.0,0,0,0,0,0,1
76400,63.949,0.0,0,0,1,0,3.08,0.0,0,0,1,0,9.214,-1.266,0,30.27,0,0,1,1,0,1,1,0,0,1,0,12192.0,2,1,1,1,0,0,1,0,8.7,270.0,0,0,0,0,0,1
76500,63.949,0.0,0,0,1,0,3.08,0.0,0,0,1,0,9.087,-1.266,0,30.35,0,0,1,1,0,1,1,0,0,1,0,12192.0,2,1,1,1,0,0,1,0,8.2,267.7,0,0,0,0,0,1
76600,63.949,0.0,0,0,1,0,3.08,0.0,0,0,1,0,8.96,-1.266,0,30.3,0,0,1,1,0,1,1,0,0,1,0,12192.0,2,1,1,1,0,0,1,0,7.8,271.7,0,0,0,0,0,1
76700,63.949,0.0,0,0,1,0,3.08,0.0,0,0,1,0,8.834,-1.266,0,30.41,0,0,1,1,0,1,1,0,0,1,0,12192.0,2,1,1,1,0,0,1,0,8.3,267.2,0,0,0,0,0,1
76800,63.949,0.0,0,0,1,0,3.08,0.0,0,0,1,0,8.707,-1.266,0,30.43,0,0,1,1,0,1,1,0,0,1,0,12192.0,2,1,1,1,0,0,1,0,7.5,270.7,0,0,0,0,0,1
76900,63.949,0.0,0,0,1,0,3.08,0.0,0,0,1,0,8.581,-1.266,0,30.39,0,0,1,1,0,1,1,0,0,1,0,12192.0,2,1,1,1,0,0,1,0,7.7,271.7,0,0,0,0,0,1
77000,63.949,0.0,0,0,1,0,3.08,0.0,0,0,1,0,8.454,-1.266,0,30.47,0,0,1,1,0,1,1,0,0,1,0,12192.0,2,1,1,1,0,0,1,0,7.3,273.8,0,0,0,0,0,1
77100,63.949,0.0,0,0,1,0,3.08,0.0,0,0,1,0,8.327,-1.266,0,30.55,0,0,1,1,0,1,1,0,0,1,0,12192.0,2,1,1,1,0,0,1,0,7.1,268.1,0,0,0,0,0,1
77200,63.949,0.0,0,0,1,0,3.08,0.0,0,0,1,0,8.201,-1.266,0,30.42,0,0,1,1,0,1,1,0,0,1,0,12192.0,2,1,1,1,0,0,1,0,7.9,269.3,0,0,0,0,0,1
77300,63.949,0.0,0,0,1,0,3.08,0.0,0,0,1,0,8.074,-1.266,0,30.37,0,0,1,1,0,1,1,0,0,1,0,12192.0,2,1,1,1,0,0,1,0,6.9,268.7,0,0,0,0,0,1
77400,63.949,0.0,0,0,1,0,3.08,0.0,0,0,1,0,7.948,-1.266,0,30.34,0,0,1,1,0,1,1,0,0,1,0,12192.0,2,1,1,1,0,0,1,0,7.6,272.3,0,0,0,0,0,1
77500,63.949,0.0,0,0,1,0,3.08,0.0,0,0,1,0,7.821,-1.266,0,30.41,0,0,1,1,0,1,1,0,0,1,0,12192.0,2,1,1,1,0,0,1,0,7.3,269.8,0,0,0,0,0,1
77600,63.949,0.0,0,0,1,0,3.08,0.0,0,0,1,0,7.695,-1.266,0,30.23,0,0,1,1,0,1,1,0,0,1,0,12192.0,2,1,1,1,0,0,1,0,7.3,267.4,0,0,0,0,0,1
77700,63.949,0.0,0,0,1,0,3.08,0.0,0,0,1,0,7.568,-1.266,0,30.25,0,0,1,1,0,1,1,0,0,1,0,12192.0,2,1,1,1,0,0,1,0,8.2,270.5,0,0,0,0,0,1
77800,63.949,0.0,0,0,1,0,3.08,0.0,0,0,1,0,7.441,-1.266,0,30.04,0,0,1,1,0,1,1,0,0,1,0,12192.0,2,1,1,1,0,0,1,0,6.4,268.5,0,0,0,0,0,1
77900,63.949,0.0,0,0,1,0,3.08,0.0,0,0,1,0,7.315,-1.266,0,30.26,0,0,1,1,0,1,1,0,0,1,0,12192.0,2,1,1,1,0,0,1,0,7.4,269.5,0,0,0,0,0,1
78000,63.949,0.0,0,0,1,0,3.08,0.0,0,0,1,0,7.188,-1.266,0,30.1,0,0,1,1,0,1,1,0,0,1,0,12192.0,2,1,1,1,0,0,1,0,7.5,270.1,0,0,0,0,0,1
78100,63.949,0.0,0,0,1,0,3.08,0.0,0,0,1,0,7.062,-1.266,0,30.34,0,0,1,1,0,1,1,0,0,1,0,12192.0,2,1,1,1,0,0,1,0,8.1,269.5,0,0,0,0,0,1
78200,63.949,0.0,0,0,1,0,3.08,0.0,0,0,1,0,6.935,-1.266,0,30.5,0,0,1,1,0,1,1,0,0,1,0,12192.0,2,1,1,1,0,0,1,0,8.1,270.2,0,0,0,0,0,1
78300,63.949,0.0,0,0,1,0,3.08,0.0,0,0,1,0,6.808,-1.266,0,30.37,0,0,1,1,0,1,1,0,0,1,0,12192.0,2,1,1,1,0,0,1,0,7.3,271.7,0,0,0,0,0,1
78400,63.949,0.0,0,0,1,0,3.08,0.0,0,0,1,0,6.682,-1.266,0,30.55,0,0,1,1,0,1,1,0,0,1,0,12192.0,2,1,1,1,0,0,1,0,7.7,272.1,0,0,0,0,0,1
78500,63.949,0.0,0,0,1,0,3.08,0.0,0,0,1,0,6.555,-1.266,0,30.35,0,0,1,1,0,1,1,0,0,1,0,12192.0,2,1,1,1,0,0,1,0,7.8,269.9,0,0,0,0,0,1
78600,63.949,0.0,0,0,1,0,3.08,0.0,0,0,1,0,6.429,-1.266,0,30.18,0,0,1,1,0,1,1,0,0,1,0,12192.0,2,1,1,1,0,0,1,0,7.8,265.0,0,0,0,0,0,1
78700,63.949,0.0,0,0,1,0,3.08,0.0,0,0,1,0,6.302,-1.266,0,30.41,0,0,1,1,0,1,1,0,0,1,0,12192.0,2,1,1,1,0,0,1,0,7.9,270.8,0,0,0,0,0,1
78800,63.949,0.0,0,0,1,0,3.08,0.0,0,0,1,0,6.176,-1.266,0,30.27,0,0,1,1,0,1,1,0,0,1,0,12192.0,2,1,1,1,0,0,1,0,7.0,272.4,0,0,0,0,0,1
78900,63.949,0.0,0,0,1,0,3.08,0.0,0,0,1,0,6.049,-1.266,0,30.25,0,0,1,1,0,1,1,0,0,1,0,12192.0,2,1,1,1,0,0,1,0,7.4,269.3,0,0,0,0,0,1
79000,63.949,0.0,0,0,1,0,3.08,0.0,0,0,1,0,5.922,-1.266,0,30.25,0,0,1,1,0,1,1,0,0,1,0,12192.0,2,1,1,1,0,0,1,0,7.6,272.6,0,0,0,0,0,1
79100,63.949,0.0,0,0,1,0,3.08,0.0,0,0,1,0,5.796,-1.266,0,30.31,0,0,1,1,0,1,1,0,0,1,0,12192.0,2,1,1,1,0,0,1,0,8.0,267.7,0,0,0,0,0,1
79200,63.949,0.0,0,0,1,0,3.08,0.0,0,0,1,0,5.669,-1.266,0,30.21,0,0,1,1,0,1,1,0,0,1,0,12192.0,2,1,1,1,0,0,1,0,7.7,271.4,0,0,0,0,0,1
79300,63.949,0.0,0,0,1,0,3.08,0.0,0,0,1,0,5.543,-1.266,0,30.17,0,0,1,1,0,1,1,0,0,1,0,12192.0,2,1,1,1,0,0,1,0,7.5,271.6,0,0,0,0,0,1
79400,63.949,0.0,0,0,1,0,3.08,0.0,0,0,1,0,5.416,-1.266,0,30.49,0,0,1,1,0,1,1,0,0,1,0,12192.0,2,1,1,1,0,0,1,0,8.7,271.6,0,0,0,0,0,1
79500,63.949,0.0,0,0,1,0,3.08,0.0,0,0,1,0,5.289,-1.266,0,30.44,0,0,1,1,0,1,1,0,0,1,0,12192.0,2,1,1,1,0,0,1,0,7.7,268.1,0,0,0,0,0,1
79600,63.949,0.0,0,0,1,0,3.08,0.0,0,0,1,0,5.163,-1.266,0,30.5,0,0,1,1,0,1,1,0,0,1,0,12192.0,2,1,1,1,0,0,1,0,7.3,266.1,0,0,0,0,0,1
79700,63.949,0.0,0,0,1,0,3.08,0.0,0,0,1,0,5.036,-1.266,0,30.48,0,0,1,1,0,1,1,0,0,1,0,12192.0,2,1,1,1,0,0,1,0,7.4,270.7,0,0,0,0,0,1
79800,63.949,0.0,0,0,1,0,3.08,0.0,0,0,1,0,4.91,-1.266,0,30.39,0,0,1,1,0,1,1,0,0,1,0,12192.0,2,1,1,1,0,0,1,0,7.7,269.9,0,0,0,0,0,1
79900,63.949,0.0,0,0,1,0,3.08,0.0,0,0,1,0,4.783,-1.266,0,30.39,0,0,1,1,0,1,1,0,0,1,0,12192.0,2,1,1,1,0,0,1,0,8.1,270.9,0,0,0,0,0,1
80000,63.949,0.0,0,0,1,0,3.08,0.0,0,0,1,0,4.657,-1.266,0,30.34,0,0,1,1,0,1,1,0,0,1,0,12192.0,2,1,1,1,0,0,1,0,7.4,273.8,0,0,0,0,0,1
80100,63.949,0.0,0,0,1,0,3.08,0.0,0,0,1,0,4.53,-1.266,0,30.46,0,0,1,1,0,1,1,0,0,1,0,12192.0,2,1,1,1,0,0,1,0,7.8,267.6,0,0,0,0,0,1
80200,63.949,0.0,0,0,1,0,3.08,0.0,0,0,1,0,4.403,-1.266,0,30.48,0,0,1,1,0,1,1,0,0,1,0,12192.0,2,1,1,1,0,0,1,0,8.4,267.4,0,0,0,0,0,1
80300,63.949,0.0,0,0,1,0,3.08,0.0,0,0,1,0,4.277,-1.266,0,30.19,0,0,1,1,0,1,1,0,0,1,0,12192.0,2,1,1,1,0,0,1,0,7.8,265.3,0,0,0,0,0,1
80400,63.949,0.0,0,0,1,0,3.08,0.0,0,0,1,0,4.15,-1.266,0,30.4,0,0,1,1,0,1,1,0,0,1,0,12192.0,2,1,1,1,0,0,1,0,8.1,270.4,0,0,0,0,0,1
80500,63.949,0.0,0,0,1,0,3.08,0.0,0,0,1,0,4.029,-1.216,0,33.54,0,0,1,1,0,1,1,0,0,1,0,12192.0,2,1,1,1,0,0,1,0,7.5,270.2,0,0,0,0,0,1
80600,63.949,0.0,0,0,1,0,3.08,0.0,0,0,1,0,3.912,-1.166,0,33.71,0,0,1,1,0,1,1,0,0,1,0,12192.0,2,1,1,1,0,0,1,0,8.1,263.9,0,0,0,0,0,1
80700,63.949,0.0,0,0,1,0,3.08,0.0,0,0,1,0,3.8,-1.117,0,33.58,0,0,1,1,0,1,1,0,0,1,0,12192.0,2,1,1,1,0,0,1,0,7.4,274.3,0,0,0,0,0,1
80800,63.949,0.0,0,0,1,0,3.08,0.0,0,0,1,0,3.694,-1.067,0,33.49,0,0,1,1,0,1,1,0,0,1,0,12192.0,2,1,1,1,0,0,1,0,7.6,269.5,0,0,0,0,0,1
80900,63.949,0.0,0,0,1,0,3.08,0.0,0,0,1,0,3.592,-1.017,0,33.53,0,0,1,1,0,1,1,0,0,1,0,12192.0,2,1,1,1,0,0,1,0,8.2,269.6,0,0,0,0,0,1
81000,63.949,0.0,0,0,1,0,3.08,0.0,0,0,1,0,3.495,-0.967,0,33.78,0,0,1,1,0,1,1,0,0,1,0,12192.0,2,1,1,1,0,0,1,0,8.5,270.5,0,0,0,0,0,1
81100,63.949,0.0,0,0,1,0,3.08,0.0,0,0,1,0,3.403,-0.917,0,33.46,0,0,1,1,0,1,1,0,0,1,0,12192.0,2,1,1,1,0,0,1,0,8.6,269.6,0,0,0,0,0,1
81200,63.949,0.0,0,0,1,0,3.08,0.0,0,0,1,0,3.317,-0.868,0,33.57,0,0,1,1,0,1,1,0,0,1,0,12192.0,2,1,1,1,0,0,1,0,8.1,266.1,0,0,0,0,0,1
81300,63.949,0.0,0,0,1,0,3.08,0.0,0,0,1,0,3.235,-0.818,0,33.52,0,0,1,1,0,1,1,0,0,1,0,12192.0,2,1,1,1,0,0,1,0,8.0,270.7,0,0,0,0,0,1
81400,63.949,0.0,0,0,1,0,3.08,0.0,0,0,1,0,3.158,-0.768,0,33.44,0,0,1,1,0,1,1,0,0,1,0,12192.0,2,1,1,1,0,0,1,0,8.5,268.0,0,0,0,0,0,1
81500,63.949,0.0,0,0,1,0,3.08,0.0,0,0,1,0,3.086,-0.718,0,33.66,0,0,1,1,0,1,1,0,0,1,0,12192.0,2,1,1,1,0,0,1,0,7.8,260.2,0,0,0,0,0,1
81600,63.949,0.0,0,0,1,0,3.08,0.0,0,0,1,0,3.019,-0.669,0,33.73,0,0,1,1,0,1,1,0,0,1,0,12192.0,2,1,1,1,0,0,1,0,8.0,269.1,0,0,0,0,0,1
81700,63.949,0.0,0,0,1,0,3.08,0.0,0,0,1,0,2.957,-0.619,0,33.52,0,0,1,1,0,1,1,0,0,1,0,12192.0,2,1,1,1,0,0,1,0,8.3,270.0,0,0,0,0,0,1
81800,63.949,0.0,0,0,1,0,3.08,0.0,0,0,1,0,2.901,-0.569,0,33.7,0,0,1,1,0,1,1,0,0,1,0,12192.0,2,1,1,1,0,0,1,0,8.6,273.1,0,0,0,0,0,1
81900,63.949,0.0,0,0,1,0,3.08,0.0,0,0,1,0,2.849,-0.519,0,33.66,0,0,1,1,0,1,1,0,0,1,0,12192.0,2,1,1,1,0,0,1,0,9.6,267.9,0,0,0,0,0,1
82000,63.949,0.0,0,0,1,0,3.08,0.0,0,0,1,0,2.802,-0.47,0,33.47,0,0,1,1,0,1,1,0,0,1,0,12192.0,2,1,1,1,0,0,1,0,8.8,273.1,0,0,0,0,0,1
82100,63.949,0.0,0,0,1,0,3.08,0.0,0,0,1,0,2.76,-0.42,0,33.56,0,0,1,1,0,1,1,0,0,1,0,12192.0,2,1,1,1,0,0,1,0,8.7,273.7,0,0,0,0,0,1
82200,63.949,0.0,0,0,1,0,3.08,0.0,0,0,1,0,2.723,-0.37,0,33.78,0,0,1,1,0,1,1,0,0,1,0,12192.0,2,1,1,1,0,0,1,0,8.6,277.0,0,0,0,0,0,1
82300,63.949,0.0,0,0,1,0,3.08,0.0,0,0,1,0,2.691,-0.32,0,33.87,0,0,1,1,0,1,1,0,0,1,0,12192.0,2,1,1,1,0,0,1,0,8.4,270.3,0,0,0,0,0,1
82400,63.949,0.0,0,0,1,0,3.08,0.0,0,0,1,0,2.664,-0.271,0,33.68,0,0,1,1,0,1,1,0,0,1,0,12192.0,2,1,1,1,0,0,1,0,8.1,267.1,0,0,0,0,0,1
82500,63.949,0.0,0,0,1,0,3.08,0.0,0,0,1,0,2.636,-0.273,0,30.35,0,0,1,1,0,1,1,0,0,1,0,12192.0,2,1,1,1,0,0,1,0,8.5,268.8,0,0,0,0,0,1
82600,63.949,0.0,0,0,1,0,3.08,0.0,0,0,1,0,2.614,-0.218,0,33.75,0,0,1,1,0,1,1,0,0,1,0,12192.0,2,1,1,1,0,0,1,0,8.3,263.6,0,0,0,0,0,1
82700,63.949,0.0,0,0,1,0,3.08,0.0,0,0,1,0,2.598,-0.161,0,33.86,0,0,1,1,0,1,1,0,0,1,0,12192.0,2,1,1,1,0,0,1,0,8.1,267.3,0,0,0,0,0,1
82800,63.949,0.0,0,0,1,0,3.08,0.0,0,0,1,0,2.588,-0.099,0,33.57,0,0,1,1,0,1,1,0,0,1,0,12192.0,2,1,1,1,0,0,1,0,8.6,268.3,0,0,0,0,0,1
82900,63.949,0.0,0,0,0,0,3.08,0.0,0,0,0,0,2.584,0.0,0,32.0,0,0,0,0,0,1,1,0,0,1,0,12192.0,2,1,1,0,1,0,1,0,8.2,271.3,0,0,0,0,0,1
83000,63.949,0.0,0,0,0,0,3.08,0.0,0,0,0,0,2.584,0.0,0,31.83,0,0,0,0,0,1,1,0,1,1,0,12192.0,2,1,1,0,1,0,1,0,8.7,268.2,0,0,0,0,0,1
83100,63.949,0.0,0,0,0,0,3.08,0.0,0,0,0,0,2.584,0.0,0,31.94,0,0,0,0,0,1,1,0,1,1,0,12192.0,2,1,1,0,1,0,1,0,8.7,267.8,0,0,0,0,0,1
83200,63.949,0.0,0,0,0,0,3.08,0.0,0,0,0,0,2.584,0.0,0,31.85,0,0,0,0,0,1,1,0,1,1,0,12192.0,2,1,1,0,1,0,1,0,8.8,266.1,0,0,0,0,0,1
83300,63.949,0.0,0,0,0,0,3.08,0.0,0,0,0,0,2.584,0.0,0,32.01,0,0,0,0,0,1,1,0,1,1,0,12192.0,2,1,1,0,1,0,1,0,8.9,272.6,0,0,0,0,0,1
83400,63.949,0.0,0,0,0,0,3.08,0.0,0,0,0,0,2.584,0.0,0,31.76,0,0,0,0,0,1,1,0,1,1,0,12192.0,2,1,1,0,1,0,1,0,8.3,271.7,0,0,0,0,0,1
83500,63.949,0.0,0,0,0,0,3.08,0.0,0,0,0,0,2.584,0.0,0,32.03,0,0,0,0,0,1,1,0,1,1,0,12192.0,2,1,1,0,1,0,1,0,8.1,269.3,0,0,0,0,0,1
83600,63.949,0.0,0,0,0,0,3.08,0.0,0,0,0,0,2.584,0.0,0,31.98,0,0,0,0,0,1,1,0,1,1,0,12192.0,2,1,1,0,1,0,1,0,8.4,266.6,0,0,0,0,0,1
83700,63.949,0.0,0,0,0,0,3.08,0.0,0,0,0,0,2.584,0.0,0,31.94,0,0,0,0,0,1,1,0,1,1,0,12192.0,2,1,1,0,1,0,1,0,8.7,270.4,0,0,0,0,0,1
83800,63.949,0.0,0,0,0,0,3.08,0.0,0,0,0,0,2.584,0.0,0,31.87,0,0,0,0,0,1,1,0,1,1,0,12192.0,2,1,1,0,1,0,1,0,7.7,270.3,0,0,0,0,0,1
83900,63.949,0.0,0,0,0,0,3.08,0.0,0,0,0,0,2.584,0.0,0,32.21,0,0,0,0,0,1,1,0,1,1,0,12192.0,2,1,1,0,1,0,1,0,9.3,271.8,0,0,0,0,0,1
84000,63.949,0.0,0,0,0,0,3.08,0.0,0,0,0,0,2.584,0.0,0,0.0,0,0,0,0,0,1,0,1,1,1,0,12192.0,2,1,1,0,1,0,1,0,8.8,272.3,0,0,0,0,0,1
84100,63.949,0.0,0,0,0,0,3.08,0.0,0,0,0,0,2.584,0.0,0,0.0,0,0,0,0,0,1,0,1,1,1,0,12192.0,2,1,1,0,1,0,1,0,8.1,265.6,0,0,0,0,0,1
84200,63.949,0.0,0,0,0,0,3.08,0.0,0,0,0,0,2.584,0.0,0,0.0,0,0,0,0,0,1,0,1,1,1,0,12192.0,2,1,1,0,1,0,1,0,8.5,271.4,0,0,0,0,0,1
84300,63.949,0.0,0,0,0,0,3.08,0.0,0,0,0,0,2.584,0.0,0,0.0,0,0,0,0,0,1,0,1,1,1,0,12192.0,2,1,1,0,1,0,1,0,8.9,270.4,0,0,0,0,0,1
84400,63.949,0.0,0,0,0,0,3.08,0.0,0,0,0,0,2.584,0.0,0,0.0,0,0,0,0,0,1,0,1,1,1,0,12192.0,2,1,1,0,1,0,1,0,7.9,269.5,0,0,0,0,0,1
84500,63.949,0.0,0,0,0,0,3.08,0.0,0,0,0,0,2.584,0.0,0,0.0,0,0,0,0,0,1,0,1,1,1,0,12192.0,2,1,1,0,1,0,1,0,8.1,272.4,0,0,0,0,0,1
84600,63.949,0.0,0,0,0,0,3.08,0.0,0,0,0,0,2.584,0.0,0,0.0,0,0,0,0,0,1,0,1,1,1,0,12192.0,2,1,1,0,1,0,1,0,7.8,267.3,0,0,0,0,0,1
84700,63.949,0.0,0,0,0,0,3.08,0.0,0,0,0,0,2.584,0.0,0,0.0,0,0,0,0,0,1,0,1,1,1,0,12192.0,2,1,1,0,1,0,1,0,7.5,267.1,0,0,0,0,0,1
84800,63.949,0.0,0,0,0,0,3.08,0.0,0,0,0,0,2.584,0.0,0,0.0,0,0,0,0,0,1,0,1,1,1,0,12192.0,2,1,1,0,1,0,1,0,7.6,272.7,0,0,0,0,0,1
84900,63.949,0.0,0,0,0,0,3.08,0.0,0,0,0,0,2.584,0.0,0,0.0,0,0,0,0,0,1,0,1,1,1,0,12192.0,2,1,1,0,1,0,1,0,8.2,273.3,0,0,0,0,0,1
85000,63.949,0.0,0,0,0,0,3.08,0.0,0,0,0,0,2.584,0.0,0,0.0,0,0,0,0,0,1,0,1,1,1,0,12192.0,2,1,1,0,1,0,1,0,8.7,268.9,0,0,0,0,0,1
85100,63.949,0.0,0,0,0,0,3.08,0.0,0,0,0,0,2.584,0.0,0,0.0,0,0,0,0,0,1,0,1,1,1,0,12192.0,2,1,1,0,1,0,1,0,7.9,272.8,0,0,0,0,0,1
85200,63.949,0.0,0,0,0,0,3.08,0.0,0,0,0,0,2.584,0.0,0,0.0,0,0,0,0,0,1,0,1,1,1,0,12192.0,2,1,1,0,1,0,1,0,8.1,271.4,0,0,0,0,0,1
85300,63.949,0.0,0,0,0,0,3.08,0.0,0,0,0,0,2.584,0.0,0,0.0,0,0,0,0,0,1,0,1,1,1,0,12192.0,2,1,1,0,1,0,1,0,8.6,268.4,0,0,0,0,0,1
85400,63.949,0.0,0,0,0,0,3.08,0.0,0,0,0,0,2.584,0.0,0,0.0,0,0,0,0,0,1,0,1,1,1,0,12192.0,2,1,1,0,1,0,1,0,8.0,270.4,0,0,0,0,0,1
85500,63.949,0.0,0,0,1,0,3.08,0.0,0,0,1,0,2.589,0.05,1,0.0,0,0,1,1,0,1,0,1,0,0,0,12192.0,2,1,1,1,0,0,1,0,7.8,270.5,0,0,0,0,0,1
85600,63.949,0.0,0,0,1,0,3.08,0.0,0,0,1,0,2.599,0.1,1,0.0,0,0,1,1,0,1,0,1,0,0,0,12192.0,2,1,1,1,0,0,1,0,7.9,268.5,0,0,0,0,0,1
85700,63.949,0.0,0,0,1,0,3.08,0.0,0,0,1,0,2.613,0.149,1,0.0,0,0,1,1,0,1,0,1,0,0,0,12192.0,2,1,1,1,0,0,1,0,7.3,267.0,0,0,0,0,0,1
85800,63.949,0.0,0,0,1,0,3.08,0.0,0,0,1,0,2.633,0.199,1,0.0,0,0,1,1,0,1,0,1,0,0,0,12192.0,2,1,1,1,0,0,1,0,7.8,269.6,0,0,0,0,0,1
85900,63.949,0.0,0,0,1,0,3.08,0.0,0,0,1,0,2.658,0.249,1,0.0,0,0,1,1,0,1,0,1,0,0,0,12192.0,2,1,1,1,0,0,1,0,7.8,270.6,0,0,0,0,0,1
86000,63.949,0.0,0,0,1,0,3.08,0.0,0,0,1,0,2.688,0.299,1,0.0,0,0,1,1,0,1,0,1,0,0,0,12192.0,2,1,1,1,0,0,1,0,7.8,264.8,0,0,0,0,0,1
86100,63.949,0.0,0,0,1,0,3.08,0.0,0,0,1,0,2.723,0.348,1,0.0,0,0,1,1,0,1,0,1,0,0,0,12192.0,2,1,1,1,0,0,1,0,7.9,271.2,0,0,0,0,0,1
86200,63.949,0.0,0,0,1,0,3.08,0.0,0,0,1,0,2.763,0.398,1,0.0,0,0,1,1,0,1,0,1,0,0,0,12192.0,2,1,1,1,0,0,1,0,7.8,268.2,0,0,0,0,0,1
86300,63.949,0.0,0,0,1,0,3.08,0.0,0,0,1,0,2.808,0.448,1,0.0,0,0,1,1,0,1,0,1,0,0,0,12192.0,2,1,1,1,0,0,1,0,7.5,270.4,0,0,0,0,0,1
86400,63.949,0.0,0,0,1,0,3.08,0.0,0,0,1,0,2.857,0.498,1,0.0,0,0,1,1,0,1,0,1,0,0,0,12192.0,2,1,1,1,0,0,1,0,7.5,272.4,0,0,0,0,0,1
86500,63.949,0.0,0,0,1,0,3.08,0.0,0,0,1,0,2.912,0.547,1,0.0,0,0,1,1,0,1,0,1,0,0,0,12192.0,2,1,1,1,0,0,1,0,7.7,269.9,0,0,0,0,0,1
86600,63.949,0.0,0,0,1,0,3.08,0.0,0,0,1,0,2.972,0.597,1,0.0,0,0,1,1,0,1,0,1,0,0,0,12192.0,2,1,1,1,0,0,1,0,7.0,268.7,0,0,0,0,0,1
86700,63.949,0.0,0,0,1,0,3.08,0.0,0,0,1,0,3.036,0.647,1,0.0,0,0,1,1,0,1,0,1,0,0,0,12192.0,2,1,1,1,0,0,1,0,7.7,268.7,0,0,0,0,0,1
86800,63.949,0.0,0,0,1,0,3.08,0.0,0,0,1,0,3.106,0.697,1,0.0,0,0,1,1,0,1,0,1,0,0,0,12192.0,2,1,1,1,0,0,1,0,7.4,268.1,0,0,0,0,0,1
86900,63.949,0.0,0,0,1,0,3.08,0.0,0,0,1,0,3.181,0.746,1,0.0,0,0,1,1,0,1,0,1,0,0,0,12192.0,2,1,1,1,0,0,1,0,7.3,269.0,0,0,0,0,0,1
87000,63.949,0.0,0,0,1,0,3.08,0.0,0,0,1,0,3.26,0.796,1,0.0,0,0,1,1,0,1,0,1,0,0,0,12192.0,2,1,1,1,0,0,1,0,8.2,272.1,0,0,0,0,0,1
87100,63.949,0.0,0,0,1,0,3.08,0.0,0,0,1,0,3.345,0.846,1,0.0,0,0,1,1,0,1,0,1,0,0,0,12192.0,2,1,1,1,0,0,1,0,7.5,265.4,0,0,0,0,0,1
87200,63.949,0.0,0,0,1,0,3.08,0.0,0,0,1,0,3.435,0.896,1,0.0,0,0,1,1,0,1,0,1,0,0,0,12192.0,2,1,1,1,0,0,1,0,7.0,265.9,0,0,0,0,0,1
87300,63.949,0.0,0,0,1,0,3.08,0.0,0,0,1,0,3.529,0.945,1,0.0,0,0,1,1,0,1,0,1,0,0,0,12192.0,2,1,1,1,0,0,1,0,7.4,271.6,0,0,0,0,0,1
87400,63.949,0.0,0,0,1,0,3.08,0.0,0,0,1,0,3.629,0.995,1,0.0,0,0,1,1,0,1,0,1,0,0,0,12192.0,2,1,1,1,0,0,1,0,7.9,270.8,0,0,0,0,0,1
87500,63.949,0.0,0,0,1,0,3.08,0.0,0,0,1,0,3.733,1.045,1,0.0,0,0,1,1,0,1,0,1,0,0,0,12192.0,2,1,1,1,0,0,1,0,7.4,267.6,0,0,0,0,0,1
87600,63.949,0.0,0,0,1,0,3.08,0.0,0,0,1,0,3.843,1.095,1,0.0,0,0,1,1,0,1,0,1,0,0,0,12192.0,2,1,1,1,0,0,1,0,7.4,270.8,0,0,0,0,0,1
87700,63.949,0.0,0,0,1,0,3.08,0.0,0,0,1,0,3.957,1.145,1,0.0,0,0,1,1,0,1,0,1,0,0,0,12192.0,2,1,1,1,0,0,1,0,6.7,270.8,0,0,0,0,0,1
87800,63.949,0.0,0,0,1,0,3.08,0.0,0,0,1,0,4.076,1.194,1,0.0,0,0,1,1,0,1,0,1,0,0,0,12192.0,2,1,1,1,0,0,1,0,7.9,274.2,0,0,0,0,0,1
87900,63.949,0.0,0,0,1,0,3.08,0.0,0,0,1,0,4.201,1.244,1,0.0,0,0,1,1,0,1,0,1,0,0,0,12192.0,2,1,1,1,0,0,1,0,7.2,270.4,0,0,0,0,0,1
88000,63.949,0.0,0,0,1,0,3.08,0.0,0,0,1,0,4.327,1.266,1,0.0,0,0,1,1,0,1,0,1,0,0,0,12192.0,2,1,1,1,0,0,1,0,7.8,269.8,0,0,0,0,0,1
88100,63.949,0.0,0,0,1,0,3.08,0.0,0,0,1,0,4.454,1.266,1,0.0,0,0,1,1,0,1,0,1,0,0,0,12192.0,2,1,1,1,0,0,1,0,8.0,276.9,0,0,0,0,0,1
88200,63.949,0.0,0,0,1,0,3.08,0.0,0,0,1,0,4.581,1.266,1,0.0,0,0,1,1,0,1,0,1,0,0,0,12192.0,2,1,1,1,0,0,1,0,7.3,268.1,0,0,0,0,0,1
88300,63.949,0.0,0,0,1,0,3.08,0.0,0,0,1,0,4.707,1.266,1,0.0,0,0,1,1,0,1,0,1,0,0,0,12192.0,2,1,1,1,0,0,1,0,7.2,267.3,0,0,0,0,0,1
88400,63.949,0.0,0,0,1,0,3.08,0.0,0,0,1,0,4.834,1.266,1,0.0,0,0,1,1,0,1,0,1,0,0,0,12192.0,2,1,1,1,0,0,1,0,7.3,271.1,0,0,0,0,0,1
88500,63.949,0.0,0,0,1,0,3.08,0.0,0,0,1,0,4.96,1.266,1,0.0,0,0,1,1,0,1,0,1,0,0,0,12192.0,2,1,1,1,0,0,1,0,7.3,271.0,0,0,0,0,0,1
88600,63.949,0.0,0,0,1,0,3.08,0.0,0,0,1,0,5.087,1.266,1,0.0,0,0,1,1,0,1,0,1,0,0,0,12192.0,2,1,1,1,0,0,1,0,7.1,269.9,0,0,0,0,0,1
88700,63.949,0.0,0,0,1,0,3.08,0.0,0,0,1,0,5.214,1.266,1,0.0,0,0,1,1,0,1,0,1,0,0,0,12192.0,2,1,1,1,0,0,1,0,8.2,277.3,0,0,0,0,0,1
88800,63.949,0.0,0,0,1,0,3.08,0.0,0,0,1,0,5.34,1.266,1,0.0,0,0,1,1,0,1,0,1,0,0,0,12192.0,2,1,1,1,0,0,1,0,7.0,270.1,0,0,0,0,0,1
88900,63.949,0.0,0,0,1,0,3.08,0.0,0,0,1,0,5.467,1.266,1,0.0,0,0,1,1,0,1,0,1,0,0,0,12192.0,2,1,1,1,0,0,1,0,7.7,267.9,0,0,0,0,0,1
89000,63.949,0.0,0,0,1,0,3.08,0.0,0,0,1,0,5.593,1.266,1,0.0,0,0,1,1,0,1,0,1,0,0,0,12192.0,2,1,1,1,0,0,1,0,7.4,269.5,0,0,0,0,0,1
89100,63.949,0.0,0,0,1,0,3.08,0.0,0,0,1,0,5.72,1.266,1,0.0,0,0,1,1,0,1,0,1,0,0,0,12192.0,2,1,1,1,0,0,1,0,6.8,273.9,0,0,0,0,0,1
89200,63.949,0.0,0,0,1,0,3.08,0.0,0,0,1,0,5.846,1.266,1,0.0,0,0,1,1,0,1,0,1,0,0,0,12192.0,2,1,1,1,0,0,1,0,6.9,275.9,0,0,0,0,0,1
89300,63.949,0.0,0,0,1,0,3.08,0.0,0,0,1,0,5.973,1.266,1,0.0,0,0,1,1,0,1,0,1,0,0,0,12192.0,2,1,1,1,0,0,1,0,7.7,272.9,0,0,0,0,0,1
89400,63.949,0.0,0,0,1,0,3.08,0.0,0,0,1,0,6.1,1.266,1,0.0,0,0,1,1,0,1,0,1,0,0,0,12192.0,2,1,1,1,0,0,1,0,7.7,268.5,0,0,0,0,0,1
89500,63.949,0.0,0,0,1,0,3.08,0.0,0,0,1,0,6.226,1.266,1,0.0,0,0,1,1,0,1,0,1,0,0,0,12192.0,2,1,1,1,0,0,1,0,7.2,272.8,0,0,0,0,0,1
89600,63.949,0.0,0,0,1,0,3.08,0.0,0,0,1,0,6.353,1.266,1,0.0,0,0,1,1,0,1,0,1,0,0,0,12192.0,2,1,1,1,0,0,1,0,7.7,271.9,0,0,0,0,0,1
89700,63.949,0.0,0,0,1,0,3.08,0.0,0,0,1,0,6.479,1.266,1,0.0,0,0,1,1,0,1,0,1,0,0,0,12192.0,2,1,1,1,0,0,1,0,8.2,268.5,0,0,0,0,0,1
89800,63.949,0.0,0,0,1,0,3.08,0.0,0,0,1,0,6.606,1.266,1,0.0,0,0,1,1,0,1,0,1,0,0,0,12192.0,2,1,1,1,0,0,1,0,7.7,268.2,0,0,0,0,0,1
89900,63.949,0.0,0,0,1,0,3.08,0.0,0,0,1,0,6.733,1.266,1,0.0,0,0,1,1,0,1,0,1,0,0,0,12192.0,2,1,1,1,0,0,1,0,8.0,268.8,0,0,0,0,0,1
90000,63.949,0.0,0,0,1,0,3.08,0.0,0,0,1,0,6.859,1.266,1,0.0,0,0,1,1,0,1,0,1,0,0,0,12192.0,2,1,1,1,0,0,1,0,8.5,266.9,0,0,0,0,0,1
90100,63.949,0.0,0,0,1,0,3.08,0.0,0,0,1,0,6.986,1.266,1,0.0,0,0,1,1,0,1,0,1,0,0,0,12192.0,2,1,1,1,0,0,1,0,8.0,269.8,0,0,0,0,0,1
90200,63.949,0.0,0,0,1,0,3.08,0.0,0,0,1,0,7.112,1.266,1,0.0,0,0,1,1,0,1,0,1,0,0,0,12192.0,2,1,1,1,0,0,1,0,7.8,268.7,0,0,0,0,0,1
90300,63.949,0.0,0,0,1,0,3.08,0.0,0,0,1,0,7.239,1.266,1,0.0,0,0,1,1,0,1,0,1,0,0,0,12192.0,2,1,1,1,0,0,1,0,9.2,269.4,0,0,0,0,0,1
90400,63.949,0.0,0,0,1,0,3.08,0.0,0,0,1,0,7.365,1.266,1,0.0,0,0,1,1,0,1,0,1,0,0,0,12192.0,2,1,1,1,0,0,1,0,8.5,273.7,0,0,0,0,0,1
90500,63.949,0.0,0,0,1,0,3.08,0.0,0,0,1,0,7.492,1.266,1,0.0,0,0,1,1,0,1,0,1,0,0,0,12192.0,2,1,1,1,0,0,1,0,9.1,271.2,0,0,0,0,0,1
90600,63.949,0.0,0,0,1,0,3.08,0.0,0,0,1,0,7.619,1.266,1,0.0,0,0,1,1,0,1,0,1,0,0,0,12192.0,2,1,1,1,0,0,1,0,8.1,271.0,0,0,0,0,0,1
90700,63.949,0.0,0,0,1,0,3.08,0.0,0,0,1,0,7.745,1.266,1,0.0,0,0,1,1,0,1,0,1,0,0,0,12192.0,2,1,1,1,0,0,1,0,8.7,273.1,0,0,0,0,0,1
90800,63.949,0.0,0,0,1,0,3.08,0.0,0,0,1,0,7.872,1.266,1,0.0,0,0,1,1,0,1,0,1,0,0,0,12192.0,2,1,1,1,0,0,1,0,8.2,271.9,0,0,0,0,0,1
90900,63.949,0.0,0,0,1,0,3.08,0.0,0,0,1,0,7.998,1.266,1,0.0,0,0,1,1,0,1,0,1,0,0,0,12192.0,2,1,1,1,0,0,1,0,8.7,271.0,0,0,0,0,0,1
91000,63.949,0.0,0,0,1,0,3.08,0.0,0,0,1,0,8.125,1.266,1,0.0,0,0,1,1,0,1,0,1,0,0,0,12192.0,2,1,1,1,0,0,1,0,8.2,269.7,0,0,0,0,0,1
91100,63.949,0.0,0,0,1,0,3.08,0.0,0,0,1,0,8.252,1.266,1,0.0,0,0,1,1,0,1,0,1,0,0,0,12192.0,2,1,1,1,0,0,1,0,8.3,269.8,0,0,0,0,0,1
91200,63.949,0.0,0,0,1,0,3.08,0.0,0,0,1,0,8.378,1.266,1,0.0,0,0,1,1,0,1,0,1,0,0,0,12192.0,2,1,1,1,0,0,1,0,8.2,269.2,0,0,0,0,0,1
91300,63.949,0.0,0,0,1,0,3.08,0.0,0,0,1,0,8.505,1.266,1,0.0,0,0,1,1,0,1,0,1,0,0,0,12192.0,2,1,1,1,0,0,1,0,8.8,267.5,0,0,0,0,0,1
91400,63.949,0.0,0,0,1,0,3.08,0.0,0,0,1,0,8.631,1.266,1,0.0,0,0,1,1,0,1,0,1,0,0,0,12192.0,2,1,1,1,0,0,1,0,7.9,270.7,0,0,0,0,0,1
91500,63.949,0.0,0,0,1,0,3.08,0.0,0,0,1,0,8.758,1.266,1,0.0,0,0,1,1,0,1,0,1,0,0,0,12192.0,2,1,1,1,0,0,1,0,9.0,267.1,0,0,0,0,0,1
91600,63.949,0.0,0,0,1,0,3.08,0.0,0,0,1,0,8.884,1.266,1,0.0,0,0,1,1,0,1,0,1,0,0,0,12192.0,2,1,1,1,0,0,1,0,8.6,269.0,0,0,0,0,0,1
91700,63.949,0.0,0,0,1,0,3.08,0.0,0,0,1,0,9.011,1.266,1,0.0,0,0,1,1,0,1,0,1,0,0,0,12192.0,2,1,1,1,0,0,1,0,8.0,268.9,0,0,0,0,0,1
91800,63.949,0.0,0,0,1,0,3.08,0.0,0,0,1,0,9.138,1.266,1,0.0,0,0,1,1,0,1,0,1,0,0,0,12192.0,2,1,1,1,0,0,1,0,8.0,272.2,0,0,0,0,0,1
91900,63.949,0.0,0,0,1,0,3.08,0.0,0,0,1,0,9.264,1.266,1,0.0,0,0,1,1,0,1,0,1,0,0,0,12192.0,2,1,1,1,0,0,1,0,8.0,269.3,0,0,0,0,0,1
92000,63.949,0.0,0,0,1,0,3.08,0.0,0,0,1,0,9.391,1.266,1,0.0,0,0,1,1,0,1,0,1,0,0,0,12192.0,2,1,1,1,0,0,1,0,8.2,268.6,0,0,0,0,0,1
92100,63.949,0.0,0,0,1,0,3.08,0.0,0,0,1,0,9.517,1.266,1,0.0,0,0,1,1,0,1,0,1,0,0,0,12192.0,2,1,1,1,0,0,1,0,8.8,270.2,0,0,0,0,0,1
92200,63.949,0.0,0,0,1,0,3.08,0.0,0,0,1,0,9.644,1.266,1,0.0,0,0,1,1,0,1,0,1,0,0,0,12192.0,2,1,1,1,0,0,1,0,7.8,272.7,0,0,0,0,0,1
92300,63.949,0.0,0,0,1,0,3.08,0.0,0,0,1,0,9.771,1.266,1,0.0,0,0,1,1,0,1,0,1,0,0,0,12192.0,2,1,1,1,0,0,1,0,9.2,270.3,0,0,0,0,0,1
92400,63.949,0.0,0,0,1,0,3.08,0.0,0,0,1,0,9.897,1.266,1,0.0,0,0,1,1,0,1,0,1,0,0,0,12192.0,2,1,1,1,0,0,1,0,8.5,269.1,0,0,0,0,0,1
92500,63.949,0.0,0,0,1,0,3.08,0.0,0,0,1,0,10.024,1.266,1,0.0,0,0,1,1,0,1,0,1,0,0,0,12192.0,2,1,1,1,0,0,1,0,9.1,270.2,0,0,0,0,0,1
92600,63.949,0.0,0,0,1,0,3.08,0.0,0,0,1,0,10.15,1.266,1,0.0,0,0,1,1,0,1,0,1,0,0,0,12192.0,2,1,1,1,0,0,1,0,8.5,272.3,0,0,0,0,0,1
92700,63.949,0.0,0,0,1,0,3.08,0.0,0,0,1,0,10.277,1.266,1,0.0,0,0,1,1,0,1,0,1,0,0,0,12192.0,2,1,1,1,0,0,1,0,8.6,270.9,0,0,0,0,0,1
92800,63.949,0.0,0,0,1,0,3.08,0.0,0,0,1,0,10.403,1.266,1,0.0,0,0,1,1,0,1,0,1,0,0,0,12192.0,2,1,1,1,0,0,1,0,7.9,268.4,0,0,0,0,0,1
92900,63.949,0.0,0,0,1,0,3.08,0.0,0,0,1,0,10.53,1.266,1,0.0,0,0,1,1,0,1,0,1,0,0,0,12192.0,2,1,1,1,0,0,1,0,8.8,268.9,0,0,0,0,0,1
93000,63.949,0.0,0,0,1,0,3.08,0.0,0,0,1,0,10.657,1.266,1,0.0,0,0,1,1,0,1,0,1,0,0,0,12192.0,2,1,1,1,0,0,1,0,7.5,272.0,0,0,0,0,0,1
93100,63.949,0.0,0,0,1,0,3.08,0.0,0,0,1,0,10.783,1.266,1,0.0,0,0,1,1,0,1,0,1,0,0,0,12192.0,2,1,1,1,0,0,1,0,8.7,267.8,0,0,0,0,0,1
93200,63.949,0.0,0,0,1,0,3.08,0.0,0,0,1,0,10.91,1.266,1,0.0,0,0,1,1,0,1,0,1,0,0,0,12192.0,2,1,1,1,0,0,1,0,8.5,270.6,0,0,0,0,0,1
93300,63.949,0.0,0,0,1,0,3.08,0.0,0,0,1,0,11.036,1.266,1,0.0,0,0,1,1,0,1,0,1,0,0,0,12192.0,2,1,1,1,0,0,1,0,8.8,274.4,0,0,0,0,0,1
93400,63.949,0.0,0,0,1,0,3.08,0.0,0,0,1,0,11.163,1.266,1,0.0,0,0,1,1,0,1,0,1,0,0,0,12192.0,2,1,1,1,0,0,1,0,9.0,268.8,0,0,0,0,0,1
93500,63.949,0.0,0,0,1,0,3.08,0.0,0,0,1,0,11.289,1.266,1,0.0,0,0,1,1,0,1,0,1,0,0,0,12192.0,2,1,1,1,0,0,1,0,8.2,269.3,0,0,0,0,0,1
93600,63.949,0.0,0,0,1,0,3.08,0.0,0,0,1,0,11.416,1.266,1,0.0,0,0,1,1,0,1,0,1,0,0,0,12192.0,2,1,1,1,0,0,1,0,8.3,274.2,0,0,0,0,0,1
93700,63.949,0.0,0,0,1,0,3.08,0.0,0,0,1,0,11.543,1.266,1,0.0,0,0,1,1,0,1,0,1,0,0,0,12192.0,2,1,1,1,0,0,1,0,7.7,270.4,0,0,0,0,0,1
93800,63.949,0.0,0,0,1,0,3.08,0.0,0,0,1,0,11.669,1.266,1,0.0,0,0,1,1,0,1,0,1,0,0,0,12192.0,2,1,1,1,0,0,1,0,8.8,268.8,0,0,0,0,0,1
93900,63.949,0.0,0,0,1,0,3.08,0.0,0,0,1,0,11.796,1.266,1,0.0,0,0,1,1,0,1,0,1,0,0,0,12192.0,2,1,1,1,0,0,1,0,7.6,269.8,0,0,0,0,0,1
94000,63.949,0.0,0,0,1,0,3.08,0.0,0,0,1,0,11.917,1.216,1,0.0,0,0,1,1,0,1,0,1,0,0,0,12192.0,2,1,1,1,0,0,1,0,7.7,269.7,0,0,0,0,0,1
94100,63.949,0.0,0,0,1,0,3.08,0.0,0,0,1,0,12.034,1.166,1,0.0,0,0,1,1,0,1,0,1,0,0,0,12192.0,2,1,1,1,0,0,1,0,8.4,268.7,0,0,0,0,0,1
94200,63.949,0.0,0,0,1,0,3.08,0.0,0,0,1,0,12.146,1.117,1,0.0,0,0,1,1,0,1,0,1,0,0,0,12192.0,2,1,1,1,0,0,1,0,8.6,271.0,0,0,0,0,0,1
94300,63.949,0.0,0,0,1,0,3.08,0.0,0,0,1,0,12.252,1.067,1,0.0,0,0,1,1,0,1,0,1,0,0,0,12192.0,2,1,1,1,0,0,1,0,8.9,276.4,0,0,0,0,0,1
94400,63.949,0.0,0,0,1,0,3.08,0.0,0,0,1,0,12.354,1.017,1,0.0,0,0,1,1,0,1,0,1,0,0,0,12192.0,2,1,1,1,0,0,1,0,8.5,273.2,0,0,0,0,0,1
94500,63.949,0.0,0,0,1,0,3.08,0.0,0,0,1,0,12.451,0.967,1,0.0,0,0,1,1,0,1,0,1,0,0,0,12192.0,2,1,1,1,0,0,1,0,7.8,262.9,0,0,0,0,0,1
94600,63.949,0.0,0,0,1,0,3.08,0.0,0,0,1,0,12.543,0.917,1,0.0,0,0,1,1,0,1,0,1,0,0,0,12192.0,2,1,1,1,0,0,1,0,7.7,266.5,0,0,0,0,0,1
94700,63.949,0.0,0,0,1,0,3.08,0.0,0,0,1,0,12.629,0.868,1,0.0,0,0,1,1,0,1,0,1,0,0,0,12192.0,2,1,1,1,0,0,1,0,8.7,268.7,0,0,0,0,0,1
94800,63.949,0.0,0,0,1,0,3.08,0.0,0,0,1,0,12.711,0.818,1,0.0,0,0,1,1,0,1,0,1,0,0,0,12192.0,2,1,1,1,0,0,1,0,7.7,271.4,0,0,0,0,0,1
94900,63.949,0.0,0,0,1,0,3.08,0.0,0,0,1,0,12.788,0.768,1,0.0,0,0,1,1,0,1,0,1,0,0,0,12192.0,2,1,1,1,0,0,1,0,7.7,268.0,0,0,0,0,0,1
95000,63.949,0.0,0,0,1,0,3.08,0.0,0,0,1,0,12.86,0.718,1,0.0,0,0,1,1,0,1,0,1,0,0,0,12192.0,2,1,1,1,0,0,1,0,7.7,270.3,0,0,0,0,0,1
95100,63.949,0.0,0,0,1,0,3.08,0.0,0,0,1,0,12.927,0.669,1,0.0,0,0,1,1,0,1,0,1,0,0,0,12192.0,2,1,1,1,0,0,1,0,7.8,274.7,0,0,0,0,0,1
95200,63.949,0.0,0,0,1,0,3.08,0.0,0,0,1,0,12.989,0.619,1,0.0,0,0,1,1,0,1,0,1,0,0,0,12192.0,2,1,1,1,0,0,1,0,7.5,269.6,0,0,0,0,0,1
95300,63.949,0.0,0,0,1,0,3.08,0.0,0,0,1,0,13.045,0.567,1,0.0,0,0,1,1,0,1,0,1,0,0,0,12192.0,2,1,1,1,0,0,1,0,7.8,266.2,0,0,0,0,0,1
95400,63.949,0.0,0,0,1,0,3.08,0.0,0,0,1,0,13.097,0.515,1,0.0,0,0,1,1,0,1,0,1,0,0,0,12192.0,2,1,1,1,0,0,1,0,8.0,271.3,0,0,0,0,0,1
95500,63.949,0.0,0,0,1,0,3.08,0.0,0,0,1,0,13.143,0.463,1,0.0,0,0,1,1,0,1,0,1,0,0,0,12192.0,2,1,1,1,0,0,1,0,6.9,272.5,0,0,0,0,0,1
95600,63.949,0.0,0,0,1,0,3.08,0.0,0,0,1,0,13.184,0.41,1,0.0,0,0,1,1,0,1,0,1,0,0,0,12192.0,2,1,1,1,0,0,1,0,7.1,267.3,0,0,0,0,0,1
95700,63.949,0.0,0,0,1,0,3.08,0.0,0,0,1,0,13.22,0.357,1,0.0,0,0,1,1,0,1,0,1,0,0,0,12192.0,2,1,1,1,0,0,1,0,7.5,272.4,0,0,0,0,0,1
95800,63.949,0.0,0,0,1,0,3.08,0.0,0,0,1,0,13.25,0.303,1,0.0,0,0,1,1,0,1,0,1,0,0,0,12192.0,2,1,1,1,0,0,1,0,6.7,267.9,0,0,0,0,0,1
95900,63.949,0.0,0,0,1,0,3.08,0.0,0,0,1,0,13.275,0.248,1,0.0,0,0,1,1,0,1,0,1,0,0,0,12192.0,2,1,1,1,0,0,1,0,8.1,267.5,0,0,0,0,0,1
96000,63.949,0.0,0,0,1,0,3.08,0.0,0,0,1,0,13.294,0.192,1,0.0,0,0,1,1,0,1,0,1,0,0,0,12192.0,2,1,1,1,0,0,1,0,7.8,272.6,0,0,0,0,0,1
96100,63.949,0.0,0,0,1,0,3.08,0.0,0,0,1,0,13.307,0.133,1,0.0,0,0,1,1,0,1,0,1,0,0,0,12192.0,2,1,1,1,0,0,1,0,7.8,266.1,0,0,0,0,0,1
96200,63.949,0.0,0,0,1,0,3.08,0.0,0,0,1,0,13.314,0.067,1,0.0,0,0,1,1,0,1,0,1,0,0,0,12192.0,2,1,1,1,0,0,1,0,8.0,269.8,0,0,0,0,0,1
96300,63.949,0.0,0,0,0,0,3.08,0.0,0,0,0,0,13.316,0.0,0,0.0,0,0,0,0,0,1,0,1,0,0,0,12192.0,2,1,1,0,1,0,1,0,7.5,271.0,0,0,0,0,0,1
96400,63.947,-0.015,0,1,1,0,3.085,0.056,1,1,1,0,13.321,0.05,1,0.0,0,0,1,1,0,1,0,1,0,0,0,12192.0,2,1,1,1,0,0,1,1,6.5,269.2,0,0,0,0,0,1
96500,63.944,-0.03,0,1,1,0,3.096,0.112,1,1,1,0,13.331,0.1,1,0.0,0,0,1,1,0,1,0,1,0,0,0,12192.0,2,1,1,1,0,0,1,1,7.3,270.3,0,0,0,0,0,1
96600,63.94,-0.045,0,1,1,0,3.113,0.167,1,1,1,0,13.346,0.149,1,0.0,0,0,1,1,0,1,0,1,0,0,0,12192.0,2,1,1,1,0,0,1,1,6.3,265.7,0,0,0,0,0,1
96700,63.934,-0.059,0,1,1,0,3.136,0.223,1,1,1,0,13.365,0.199,1,0.0,0,0,1,1,0,1,0,1,0,0,0,12192.0,2,1,1,1,0,0,1,1,7.9,267.3,0,0,0,0,0,1
96800,63.926,-0.074,0,1,1,0,3.163,0.279,1,1,1,0,13.38,0.149,1,0.0,0,0,1,1,0,1,0,1,0,0,0,12192.0,2,1,1,1,0,0,1,1,7.7,271.7,0,0,0,0,0,1
96900,63.917,-0.089,0,1,1,0,3.197,0.335,1,1,1,0,13.39,0.1,1,0.0,0,0,1,1,0,1,0,1,0,0,0,12192.0,2,1,1,1,0,0,1,1,7.3,268.7,0,0,0,0,0,1
97000,63.907,-0.104,0,1,1,0,3.236,0.391,1,1,1,0,13.395,0.0,0,0.0,0,0,0,1,0,1,0,1,0,0,0,12192.0,2,1,1,1,0,0,1,1,8.2,270.3,0,0,0,0,0,1
97100,63.895,-0.119,0,1,1,0,3.281,0.447,1,1,1,0,13.395,0.0,0,0.0,0,0,0,1,0,1,0,1,0,0,0,12192.0,2,1,1,1,0,0,1,1,7.6,270.4,0,0,0,0,0,1
97200,63.882,-0.134,0,1,1,0,3.331,0.502,1,1,1,0,13.395,0.0,0,0.0,0,0,0,1,0,1,0,1,0,0,0,12192.0,2,1,1,1,0,0,1,1,6.9,270.7,0,0,0,0,0,1
97300,63.867,-0.148,0,1,1,0,3.387,0.558,1,1,1,0,13.395,0.0,0,0.0,0,0,0,1,0,1,0,1,0,0,0,12192.0,2,1,1,1,0,0,1,1,7.4,272.6,0,0,0,0,0,1
97400,63.851,-0.163,0,1,1,0,3.448,0.614,1,1,1,0,13.395,0.0,0,0.0,0,0,0,1,0,1,0,1,0,0,0,12192.0,2,1,1,1,0,0,1,1,7.5,267.5,0,0,0,0,0,1
97500,63.833,-0.178,0,1,1,0,3.515,0.67,1,1,1,0,13.395,0.0,0,0.0,0,0,0,1,0,1,0,1,0,0,0,12192.0,2,1,1,1,0,0,1,1,8.1,268.3,0,0,0,0,0,1
97600,63.813,-0.193,0,1,1,0,3.588,0.726,1,1,1,0,13.395,0.0,0,0.0,0,0,0,1,0,1,0,1,0,0,0,12192.0,2,1,1,1,0,0,1,1,8.5,269.2,0,0,0,0,0,1
97700,63.793,-0.208,0,1,1,0,3.666,0.781,1,1,1,0,13.395,0.0,0,0.0,0,0,0,1,0,1,0,1,0,0,0,12192.0,2,1,1,1,0,0,1,1,8.4,270.7,0,0,0,0,0,1
97800,63.77,-0.223,0,1,1,0,3.75,0.837,1,1,1,0,13.395,0.0,0,0.0,0,0,0,1,0,1,0,1,0,0,0,12192.0,2,1,1,1,0,0,1,1,7.4,264.9,0,0,0,0,0,1
97900,63.747,-0.238,0,1,1,0,3.839,0.893,1,1,1,0,13.395,0.0,0,0.0,0,0,0,1,0,1,0,1,0,0,0,12192.0,2,1,1,1,0,0,1,1,7.6,270.4,0,0,0,0,0,1
98000,63.721,-0.252,0,1,1,0,3.934,0.949,1,1,1,0,13.395,0.0,0,0.0,0,0,0,1,0,1,0,1,0,0,0,12192.0,2,1,1,1,0,0,1,1,8.1,267.4,0,0,0,0,0,1
98100,63.695,-0.267,0,1,1,0,4.034,1.005,1,1,1,0,13.395,0.0,0,0.0,0,0,0,1,0,1,0,1,0,0,0,12192.0,2,1,1,1,0,0,1,1,8.0,267.1,0,0,0,0,0,1
98200,63.666,-0.282,0,1,1,0,4.14,1.061,1,1,1,0,13.395,0.0,0,0.0,0,0,0,1,0,1,0,1,0,0,0,12192.0,2,1,1,1,0,0,1,1,8.1,269.7,0,0,0,0,0,1
98300,63.637,-0.297,0,1,1,0,4.252,1.116,1,1,1,0,13.395,0.0,0,0.0,0,0,0,1,0,1,0,1,0,0,0,12192.0,2,1,1,1,0,0,1,1,7.8,264.6,0,0,0,0,0,1
98400,63.606,-0.312,0,1,1,0,4.369,1.172,1,1,1,0,13.395,0.0,0,0.0,0,0,0,1,0,1,0,1,0,0,0,12192.0,2,1,1,1,0,0,1,1,7.7,268.2,0,0,0,0,0,1
98500,63.573,-0.327,0,1,1,0,4.492,1.228,1,1,1,0,13.395,0.0,0,0.0,0,0,0,1,0,1,0,1,0,0,0,12192.0,2,1,1,1,0,0,1,1,7.4,273.6,0,0,0,0,0,1
98600,63.539,-0.342,0,1,1,0,4.62,1.284,1,1,1,0,13.395,0.0,0,0.0,0,0,0,1,0,1,0,1,0,0,0,12192.0,2,1,1,1,0,0,1,1,8.3,269.1,0,0,0,0,0,1
98700,63.503,-0.356,0,1,1,0,4.754,1.34,1,1,1,0,13.395,0.0,0,0.0,0,0,0,1,0,1,0,1,0,0,0,12192.0,2,1,1,1,0,0,1,1,9.0,272.4,0,0,0,0,0,1
98800,63.466,-0.371,0,1,1,0,4.894,1.395,1,1,1,0,13.395,0.0,0,0.0,0,0,0,1,0,1,0,1,0,0,0,12192.0,2,1,1,1,0,0,1,1,8.8,268.6,0,0,0,0,0,1
98900,63.427,-0.386,0,1,1,0,5.039,1.451,1,1,1,0,13.395,0.0,0,0.0,0,0,0,1,0,1,0,1,0,0,0,12192.0,2,1,1,1,0,0,1,1,8.0,271.0,0,0,0,0,0,1
99000,63.387,-0.401,0,1,1,0,5.19,1.507,1,1,1,0,13.395,0.0,0,0.0,0,0,0,1,0,1,0,1,0,0,0,12192.0,2,1,1,1,0,0,1,1,7.9,269.7,0,0,0,0,0,1
99100,63.346,-0.416,0,1,1,0,5.346,1.563,1,1,1,0,13.395,0.0,0,0.0,0,0,0,1,0,1,0,1,0,0,0,12192.0,2,1,1,1,0,0,1,1,7.8,268.3,0,0,0,0,0,1
99200,63.303,-0.431,0,1,1,0,5.508,1.619,1,1,1,0,13.395,0.0,0,0.0,0,0,0,1,0,1,0,1,0,0,0,12192.0,2,1,1,1,0,0,1,1,8.3,271.5,0,0,0,0,0,1
99300,63.258,-0.445,0,1,1,0,5.675,1.675,1,1,1,0,13.395,0.0,0,0.0,0,0,0,1,0,1,0,1,0,0,0,12192.0,2,1,1,1,0,0,1,1,7.8,273.6,0,0,0,0,0,1
99400,63.212,-0.46,0,1,1,0,5.848,1.73,1,1,1,0,13.395,0.0,0,0.0,0,0,0,1,0,1,0,1,0,0,0,12192.0,2,1,1,1,0,0,1,1,8.6,267.6,0,0,0,0,0,1
99500,63.165,-0.475,0,1,1,0,6.027,1.786,1,1,1,0,13.395,0.0,0,0.0,0,0,0,1,0,1,0,1,0,0,0,12192.0,2,1,1,1,0,0,1,1,8.6,271.7,0,0,0,0,0,1
99600,63.116,-0.49,0,1,1,0,6.211,1.842,1,1,1,0,13.395,0.0,0,0.0,0,0,0,1,0,1,0,1,0,0,0,12192.0,2,1,1,1,0,0,1,1,7.9,269.4,0,0,0,0,0,1
99700,63.065,-0.505,0,1,1,0,6.401,1.898,1,1,1,0,13.395,0.0,0,0.0,0,0,0,1,0,1,0,1,0,0,0,12192.0,2,1,1,1,0,0,1,1,8.6,271.6,0,0,0,0,0,1
99800,63.013,-0.52,0,1,1,0,6.596,1.954,1,1,1,0,13.395,0.0,0,0.0,0,0,0,1,0,1,0,1,0,0,0,12192.0,2,1,1,1,0,0,1,1,7.6,268.6,0,0,0,0,0,1
99900,62.96,-0.535,0,1,1,0,6.797,2.009,1,1,1,0,13.395,0.0,0,0.0,0,0,0,1,0,1,0,1,0,0,0,12192.0,2,1,1,1,0,0,1,1,8.7,268.8,0,0,0,0,0,1
100000,62.905,-0.549,0,1,1,0,7.004,2.065,1,1,1,0,13.395,0.0,0,0.0,0,0,0,1,0,1,0,1,0,0,0,12192.0,2,1,1,1,0,0,1,1,8.8,273.7,0,0,0,0,0,1
100100,62.848,-0.564,0,1,1,0,7.216,2.121,1,1,1,0,13.395,0.0,0,0.0,0,0,0,1,0,1,0,1,0,0,0,12192.0,2,1,1,1,0,0,1,1,8.6,267.9,0,0,0,0,0,1
100200,62.79,-0.579,0,1,1,0,7.434,2.177,1,1,1,0,13.395,0.0,0,0.0,0,0,0,1,0,1,0,1,0,0,0,12192.0,2,1,1,1,0,0,1,1,8.4,267.9,0,0,0,0,0,1
100300,62.731,-0.594,0,1,1,0,7.657,2.233,1,1,1,0,13.395,0.0,0,0.0,0,0,0,1,0,1,0,1,0,0,0,12192.0,2,1,1,1,0,0,1,1,8.7,269.0,0,0,0,0,0,1
100400,62.67,-0.609,0,1,1,0,7.886,2.289,1,1,1,0,13.395,0.0,0,0.0,0,0,0,1,0,1,0,1,0,0,0,12192.0,2,1,1,1,0,0,1,1,8.9,270.6,0,0,0,0,0,1
100500,62.608,-0.624,0,1,1,0,8.12,2.344,1,1,1,0,13.395,0.0,0,0.0,0,0,0,1,0,1,0,1,0,0,0,12192.0,2,1,1,1,0,0,1,1,8.2,269.5,0,0,0,0,0,1
100600,62.544,-0.638,0,1,1,0,8.36,2.4,1,1,1,0,13.395,0.0,0,0.0,0,0,0,1,0,1,0,1,0,0,0,12192.0,2,1,1,1,0,0,1,1,8.4,271.7,0,0,0,0,0,1
100700,62.479,-0.653,0,1,1,0,8.606,2.456,1,1,1,0,13.395,0.0,0,0.0,0,0,0,1,0,1,0,1,0,0,0,12192.0,2,1,1,1,0,0,1,1,8.8,272.5,0,0,0,0,0,1
100800,62.412,-0.668,0,1,1,0,8.857,2.511,1,1,1,0,13.395,0.0,0,0.0,0,0,0,1,0,1,0,1,0,0,0,12192.0,2,1,1,1,0,0,1,1,8.7,272.4,0,0,0,0,0,1
100900,62.343,-0.683,0,1,1,0,9.102,2.454,1,1,1,0,13.395,0.0,0,0.0,0,0,0,1,0,1,0,1,0,0,0,12192.0,2,1,1,1,0,0,1,1,9.0,275.9,0,0,0,0,0,1
101000,62.274,-0.698,0,1,1,0,9.342,2.398,1,1,1,0,13.395,0.0,0,0.0,0,0,0,1,0,1,0,1,0,0,0,12192.0,2,1,1,1,0,0,1,1,8.7,266.9,0,0,0,0,0,1
101100,62.203,-0.711,0,1,1,0,9.576,2.341,1,1,1,0,13.395,0.0,0,0.0,0,0,0,1,0,1,0,1,0,0,0,12192.0,2,1,1,1,0,0,1,1,9.3,268.1,0,0,0,0,0,1
101200,62.132,-0.711,0,1,1,0,9.805,2.285,1,1,1,0,13.395,0.0,0,0.0,0,0,0,1,0,1,0,1,0,0,0,12192.0,2,1,1,1,0,0,1,1,9.0,267.5,0,0,0,0,0,1
101300,62.06,-0.711,0,1,1,0,10.027,2.228,1,1,1,0,13.395,0.0,0,0.0,0,0,0,1,0,1,0,1,0,0,0,12192.0,2,1,1,1,0,0,1,1,7.7,270.9,0,0,0,0,0,1
101400,61.989,-0.711,0,1,1,0,10.245,2.172,1,1,1,0,13.395,0.0,0,0.0,0,0,0,1,0,1,0,1,0,0,0,12192.0,2,1,1,1,0,0,1,1,8.5,269.5,0,0,0,0,0,1
101500,61.918,-0.711,0,1,1,0,10.456,2.115,1,1,1,0,13.395,0.0,0,0.0,0,0,0,1,0,1,0,1,0,0,0,12192.0,2,1,1,1,0,0,1,1,8.0,270.5,0,0,0,0,0,1
101600,61.847,-0.711,0,1,1,0,10.662,2.059,1,1,1,0,13.395,0.0,0,0.0,0,0,0,1,0,1,0,1,0,0,0,12192.0,2,1,1,1,0,0,1,1,8.7,265.4,0,0,0,0,0,1
101700,61.776,-0.711,0,1,1,0,10.862,2.002,1,1,1,0,13.395,0.0,0,0.0,0,0,0,1,0,1,0,1,0,0,0,12192.0,2,1,1,1,0,0,1,1,8.7,267.5,0,0,0,0,0,1
101800,61.705,-0.711,0,1,1,0,11.057,1.946,1,1,1,0,13.395,0.0,0,0.0,0,0,0,1,0,1,0,1,0,0,0,12192.0,2,1,1,1,0,0,1,1,8.9,273.1,0,0,0,0,0,1
101900,61.634,-0.711,0,1,1,0,11.246,1.889,1,1,1,0,13.395,0.0,0,0.0,0,0,0,1,0,1,0,1,0,0,0,12192.0,2,1,1,1,0,0,1,1,8.2,267.9,0,0,0,0,0,1
102000,61.563,-0.711,0,1,1,0,11.429,1.832,1,1,1,0,13.395,0.0,0,0.0,0,0,0,1,0,1,0,1,0,0,0,12192.0,2,1,1,1,0,0,1,1,8.1,268.0,0,0,0,0,0,1
102100,61.492,-0.711,0,1,1,0,11.607,1.776,1,1,1,0,13.395,0.0,0,0.0,0,0,0,1,0,1,0,1,0,0,0,12192.0,2,1,1,1,0,0,1,1,8.7,269.5,0,0,0,0,0,1
102200,61.421,-0.711,0,1,1,0,11.778,1.719,1,1,1,0,13.395,0.0,0,0.0,0,0,0,1,0,1,0,1,0,0,0,12192.0,2,1,1,1,0,0,1,1,8.3,271.9,0,0,0,0,0,1
102300,61.35,-0.711,0,1,1,0,11.945,1.662,1,1,1,0,13.395,0.0,0,0.0,0,0,0,1,0,1,0,1,0,0,0,12192.0,2,1,1,1,0,0,1,1,9.3,272.3,0,0,0,0,0,1
102400,61.279,-0.711,0,1,1,0,12.105,1.605,1,1,1,0,13.395,0.0,0,0.0,0,0,0,1,0,1,0,1,0,0,0,12192.0,2,1,1,1,0,0,1,1,8.6,275.3,0,0,0,0,0,1
102500,61.208,-0.711,0,1,1,0,12.26,1.548,1,1,1,0,13.395,0.0,0,0.0,0,0,0,1,0,1,0,1,0,0,0,12192.0,2,1,1,1,0,0,1,1,8.0,265.9,0,0,0,0,0,1
102600,61.136,-0.711,0,1,1,0,12.409,1.492,1,1,1,0,13.395,0.0,0,0.0,0,0,0,1,0,1,0,1,0,0,0,12192.0,2,1,1,1,0,0,1,1,8.0,272.5,0,0,0,0,0,1
102700,61.065,-0.711,0,1,1,0,12.553,1.435,1,1,1,0,13.395,0.0,0,0.0,0,0,0,1,0,1,0,1,0,0,0,12192.0,2,1,1,1,0,0,1,1,9.4,269.0,0,0,0,0,0,1
102800,60.994,-0.711,0,1,1,0,12.69,1.378,1,1,1,0,13.395,0.0,0,0.0,0,0,0,1,0,1,0,1,0,0,0,12192.0,2,1,1,1,0,0,1,1,8.6,270.0,0,0,0,0,0,1
102900,60.923,-0.711,0,1,1,0,12.822,1.321,1,1,1,0,13.395,0.0,0,0.0,0,0,0,1,0,1,0,1,0,0,0,12192.0,2,1,1,1,0,0,1,1,7.9,268.6,0,0,0,0,0,1
103000,60.852,-0.711,0,1,1,0,12.949,1.264,1,1,1,0,13.395,0.0,0,0.0,0,0,0,1,0,1,0,1,0,0,0,12192.0,2,1,1,1,0,0,1,1,7.7,274.1,0,0,0,0,0,1
103100,60.781,-0.711,0,1,1,0,13.07,1.207,1,1,1,0,13.395,0.0,0,0.0,0,0,0,1,0,1,0,1,0,0,0,12192.0,2,1,1,1,0,0,1,1,8.2,272.9,0,0,0,0,0,1
103200,60.71,-0.711,0,1,1,0,13.184,1.149,1,1,1,0,13.395,0.0,0,0.0,0,0,0,1,0,1,0,1,0,0,0,12192.0,2,1,1,1,0,0,1,1,8.4,267.5,0,0,0,0,0,1
103300,60.639,-0.711,0,1,1,0,13.294,1.092,1,1,1,0,13.395,0.0,0,0.0,0,0,0,1,0,1,0,1,0,0,0,12192.0,2,1,1,1,0,0,1,1,7.8,269.8,0,0,0,0,0,1
103400,60.568,-0.711,0,1,1,0,13.397,1.035,1,1,1,0,13.395,0.0,0,0.0,0,0,0,1,0,1,0,1,0,0,0,12192.0,2,1,1,1,0,0,1,1,7.2,270.6,0,0,0,0,0,1
103500,60.497,-0.711,0,1,1,0,13.495,0.977,1,1,1,0,13.395,0.0,0,0.0,0,0,0,1,0,1,0,1,0,0,0,12192.0,2,1,1,1,0,0,1,1,7.3,271.0,0,0,0,0,0,1
103600,60.426,-0.711,0,1,1,0,13.587,0.92,1,1,1,0,13.395,0.0,0,0.0,0,0,0,1,0,1,0,1,0,0,0,12192.0,2,1,1,1,0,0,1,1,7.9,272.7,0,0,0,0,0,1
103700,60.355,-0.711,0,1,1,0,13.673,0.862,1,1,1,0,13.395,0.0,0,0.0,0,0,0,1,0,1,0,1,0,0,0,12192.0,2,1,1,1,0,0,1,1,7.4,269.5,0,0,0,0,0,1
103800,60.283,-0.711,0,1,1,0,13.754,0.805,1,1,1,0,13.395,0.0,0,0.0,0,0,0,1,0,1,0,1,0,0,0,12192.0,2,1,1,1,0,0,1,1,8.0,270.8,0,0,0,0,0,1
103900,60.212,-0.711,0,1,1,0,13.828,0.747,1,1,1,0,13.395,0.0,0,0.0,0,0,0,1,0,1,0,1,0,0,0,12192.0,2,1,1,1,0,0,1,1,7.7,268.5,0,0,0,0,0,1
104000,60.141,-0.711,0,1,1,0,13.897,0.689,1,1,1,0,13.395,0.0,0,0.0,0,0,0,1,0,1,0,1,0,0,0,12192.0,2,1,1,1,0,0,1,1,7.8,269.9,0,0,0,0,0,1
104100,60.07,-0.711,0,1,1,0,13.96,0.63,1,1,1,0,13.395,0.0,0,0.0,0,0,0,1,0,1,0,1,0,0,0,12192.0,2,1,1,1,0,0,1,1,7.3,266.8,0,0,0,0,0,1
104200,59.999,-0.711,0,1,1,0,14.017,0.572,1,1,1,0,13.395,0.0,0,0.0,0,0,0,1,0,1,0,1,0,0,0,12192.0,2,1,1,1,0,0,1,1,7.1,269.0,0,0,0,0,0,1
104300,59.928,-0.711,0,1,1,0,14.069,0.513,1,1,1,0,13.395,0.0,0,0.0,0,0,0,1,0,1,0,1,0,0,0,12192.0,2,1,1,1,0,0,1,1,7.3,273.4,0,0,0,0,0,1
104400,59.857,-0.711,0,1,1,0,14.114,0.454,1,1,1,0,13.395,0.0,0,0.0,0,0,0,1,0,1,0,1,0,0,0,12192.0,2,1,1,1,0,0,1,1,7.8,269.4,0,0,0,0,0,1
104500,59.786,-0.711,0,1,1,0,14.153,0.394,1,1,1,0,13.395,0.0,0,0.0,0,0,0,1,0,1,0,1,0,0,0,12192.0,2,1,1,1,0,0,1,1,6.8,265.7,0,0,0,0,0,1
104600,59.715,-0.711,0,1,1,0,14.187,0.333,1,1,1,0,13.395,0.0,0,0.0,0,0,0,1,0,1,0,1,0,0,0,12192.0,2,1,1,1,0,0,1,1,7.4,269.9,0,0,0,0,0,1
104700,59.644,-0.711,0,1,1,0,14.214,0.272,1,1,1,0,13.395,0.0,0,0.0,0,0,0,1,0,1,0,1,0,0,0,12192.0,2,1,1,1,0,0,1,1,7.6,271.0,0,0,0,0,0,1
104800,59.573,-0.711,0,1,1,0,14.235,0.209,1,1,1,0,13.395,0.0,0,0.0,0,0,0,1,0,1,0,1,0,0,0,12192.0,2,1,1,1,0,0,1,1,8.1,269.9,0,0,0,0,0,1
104900,59.502,-0.711,0,1,1,0,14.249,0.142,1,1,1,0,13.395,0.0,0,0.0,0,0,0,1,0,1,0,1,0,0,0,12192.0,2,1,1,1,0,0,1,1,6.7,267.5,0,0,0,0,0,1
105000,59.431,-0.711,0,1,1,0,14.256,0.066,1,1,1,0,13.395,0.0,0,0.0,0,0,0,1,0,1,0,1,0,0,0,12192.0,2,1,1,1,0,0,1,1,6.6,272.2,0,0,0,0,0,1
105100,59.359,-0.711,0,1,1,0,14.257,0.0,0,0,1,0,13.395,0.0,0,0.0,0,0,0,1,0,1,0,1,0,0,0,12192.0,2,1,1,1,0,0,1,1,7.4,271.6,0,0,0,0,0,1
105200,59.288,-0.711,0,1,1,0,14.257,0.0,0,0,1,0,13.395,0.0,0,0.0,0,0,0,1,0,1,0,1,0,0,0,12192.0,2,1,1,1,0,0,1,1,7.5,269.0,0,0,0,0,0,1
105300,59.217,-0.711,0,1,1,0,14.257,0.0,0,0,1,0,13.395,0.0,0,0.0,0,0,0,1,0,1,0,1,0,0,0,12192.0,2,1,1,1,0,0,1,1,6.8,270.5,0,0,0,0,0,1
105400,59.146,-0.711,0,1,1,0,14.257,0.0,0,0,1,0,13.395,0.0,0,0.0,0,0,0,1,0,1,0,1,0,0,0,12192.0,2,1,1,1,0,0,1,1,7.2,269.3,0,0,0,0,0,1
105500,59.075,-0.711,0,1,1,0,14.257,0.0,0,0,1,0,13.395,0.0,0,0.0,0,0,0,1,0,1,0,1,0,0,0,12192.0,2,1,1,1,0,0,1,1,7.2,269.2,0,0,0,0,0,1
105600,59.004,-0.711,0,1,1,0,14.257,0.0,0,0,1,0,13.395,0.0,0,0.0,0,0,0,1,0,1,0,1,0,0,0,12192.0,2,1,1,1,0,0,1,1,7.6,269.1,0,0,0,0,0,1
105700,58.933,-0.711,0,1,1,0,14.257,0.0,0,0,1,0,13.395,0.0,0,0.0,0,0,0,1,0,1,0,1,0,0,0,12192.0,2,1,1,1,0,0,1,1,7.8,272.7,0,0,0,0,0,1
105800,58.862,-0.711,0,1,1,0,14.257,0.0,0,0,1,0,13.395,0.0,0,0.0,0,0,0,1,0,1,0,1,0,0,0,12192.0,2,1,1,1,0,0,1,1,8.0,267.5,0,0,0,0,0,1
105900,58.791,-0.711,0,1,1,0,14.257,0.0,0,0,1,0,13.395,0.0,0,0.0,0,0,0,1,0,1,0,1,0,0,0,12192.0,2,1,1,1,0,0,1,1,7.3,271.1,0,0,0,0,0,1
106000,58.72,-0.711,0,1,1,0,14.257,0.0,0,0,1,0,13.395,0.0,0,0.0,0,0,0,1,0,1,0,1,0,0,0,12192.0,2,1,1,1,0,0,1,1,7.7,274.5,0,0,0,0,0,1
106100,58.649,-0.711,0,1,1,0,14.257,0.0,0,0,1,0,13.395,0.0,0,0.0,0,0,0,1,0,1,0,1,0,0,0,12192.0,2,1,1,1,0,0,1,1,7.3,268.9,0,0,0,0,0,1
106200,58.578,-0.711,0,1,1,0,14.257,0.0,0,0,1,0,13.395,0.0,0,0.0,0,0,0,1,0,1,0,1,0,0,0,12192.0,2,1,1,1,0,0,1,1,8.3,272.8,0,0,0,0,0,1
106300,58.507,-0.711,0,1,1,0,14.257,0.0,0,0,1,0,13.395,0.0,0,0.0,0,0,0,1,0,1,0,1,0,0,0,12192.0,2,1,1,1,0,0,1,1,7.5,268.3,0,0,0,0,0,1
106400,58.435,-0.711,0,1,1,0,14.257,0.0,0,0,1,0,13.395,0.0,0,0.0,0,0,0,1,0,1,0,1,0,0,0,12192.0,2,1,1,1,0,0,1,1,7.2,270.2,0,0,0,0,0,1
106500,58.364,-0.711,0,1,1,0,14.257,0.0,0,0,1,0,13.395,0.0,0,0.0,0,0,0,1,0,1,0,1,0,0,0,12192.0,2,1,1,1,0,0,1,1,7.7,268.9,0,0,0,0,0,1
106600,58.293,-0.711,0,1,1,0,14.257,0.0,0,0,1,0,13.395,0.0,0,0.0,0,0,0,1,0,1,0,1,0,0,0,12192.0,2,1,1,1,0,0,1,1,7.6,272.5,0,0,0,0,0,1
106700,58.222,-0.711,0,1,1,0,14.257,0.0,0,0,1,0,13.395,0.0,0,0.0,0,0,0,1,0,1,0,1,0,0,0,12192.0,2,1,1,1,0,0,1,1,7.5,267.8,0,0,0,0,0,1
106800,58.151,-0.711,0,1,1,0,14.257,0.0,0,0,1,0,13.395,0.0,0,0.0,0,0,0,1,0,1,0,1,0,0,0,12192.0,2,1,1,1,0,0,1,1,7.4,267.0,0,0,0,0,0,1
106900,58.08,-0.711,0,1,1,0,14.257,0.0,0,0,1,0,13.395,0.0,0,0.0,0,0,0,1,0,1,0,1,0,0,0,12192.0,2,1,1,1,0,0,1,1,8.3,267.9,0,0,0,0,0,1
107000,58.009,-0.711,0,1,1,0,14.257,0.0,0,0,1,0,13.395,0.0,0,0.0,0,0,0,1,0,1,0,1,0,0,0,12192.0,2,1,1,1,0,0,1,1,7.1,269.2,0,0,0,0,0,1
107100,57.938,-0.711,0,1,1,0,14.257,0.0,0,0,1,0,13.395,0.0,0,0.0,0,0,0,1,0,1,0,1,0,0,0,12192.0,2,1,1,1,0,0,1,1,7.7,268.3,0,0,0,0,0,1
107200,57.867,-0.711,0,1,1,0,14.257,0.0,0,0,1,0,13.395,0.0,0,0.0,0,0,0,1,0,1,0,1,0,0,0,12192.0,2,1,1,1,0,0,1,1,7.3,271.3,0,0,0,0,0,1
107300,57.796,-0.711,0,1,1,0,14.257,0.0,0,0,1,0,13.395,0.0,0,0.0,0,0,0,1,0,1,0,1,0,0,0,12192.0,2,1,1,1,0,0,1,1,7.6,275.3,0,0,0,0,0,1
107400,57.725,-0.711,0,1,1,0,14.257,0.0,0,0,1,0,13.395,0.0,0,0.0,0,0,0,1,0,1,0,1,0,0,0,12192.0,2,1,1,1,0,0,1,1,7.7,263.9,0,0,0,0,0,1
107500,57.654,-0.711,0,1,1,0,14.257,0.0,0,0,1,0,13.395,0.0,0,0.0,0,0,0,1,0,1,0,1,0,0,0,12192.0,2,1,1,1,0,0,1,1,7.3,272.3,0,0,0,0,0,1
107600,57.582,-0.711,0,1,1,0,14.257,0.0,0,0,1,0,13.395,0.0,0,0.0,0,0,0,1,0,1,0,1,0,0,0,12192.0,2,1,1,1,0,0,1,1,8.4,269.1,0,0,0,0,0,1
107700,57.511,-0.711,0,1,1,0,14.257,0.0,0,0,1,0,13.395,0.0,0,0.0,0,0,0,1,0,1,0,1,0,0,0,12192.0,2,1,1,1,0,0,1,1,7.1,270.3,0,0,0,0,0,1
107800,57.44,-0.711,0,1,1,0,14.257,0.0,0,0,1,0,13.395,0.0,0,0.0,0,0,0,1,0,1,0,1,0,0,0,12192.0,2,1,1,1,0,0,1,1,8.5,272.1,0,0,0,0,0,1
107900,57.369,-0.711,0,1,1,0,14.257,0.0,0,0,1,0,13.395,0.0,0,0.0,0,0,0,1,0,1,0,1,0,0,0,12192.0,2,1,1,1,0,0,1,1,7.9,267.9,0,0,0,0,0,1
108000,57.298,-0.711,0,1,1,0,14.257,0.0,0,0,1,0,13.395,0.0,0,0.0,0,0,0,1,0,1,0,1,0,0,0,12192.0,2,1,1,1,0,0,1,1,7.7,270.3,0,0,0,0,0,1
108100,57.227,-0.711,0,1,1,0,14.257,0.0,0,0,1,0,13.395,0.0,0,0.0,0,0,0,1,0,1,0,1,0,0,0,12192.0,2,1,1,1,0,0,1,1,8.1,269.0,0,0,0,0,0,1
108200,57.156,-0.711,0,1,1,0,14.257,0.0,0,0,1,0,13.395,0.0,0,0.0,0,0,0,1,0,1,0,1,0,0,0,12192.0,2,1,1,1,0,0,1,1,8.2,267.9,0,0,0,0,0,1
108300,57.085,-0.711,0,1,1,0,14.257,0.0,0,0,1,0,13.395,0.0,0,0.0,0,0,0,1,0,1,0,1,0,0,0,12192.0,2,1,1,1,0,0,1,1,8.4,268.8,0,0,0,0,0,1
108400,57.014,-0.711,0,1,1,0,14.257,0.0,0,0,1,0,13.395,0.0,0,0.0,0,0,0,1,0,1,0,1,0,0,0,12192.0,2,1,1,1,0,0,1,1,8.5,269.9,0,0,0,0,0,1
108500,56.943,-0.711,0,1,1,0,14.257,0.0,0,0,1,0,13.395,0.0,0,0.0,0,0,0,1,0,1,0,1,0,0,0,12192.0,2,1,1,1,0,0,1,1,8.5,269.9,0,0,0,0,0,1
108600,56.872,-0.711,0,1,1,0,14.257,0.0,0,0,1,0,13.395,0.0,0,0.0,0,0,0,1,0,1,0,1,0,0,0,12192.0,2,1,1,1,0,0,1,1,8.1,269.9,0,0,0,0,0,1
108700,56.801,-0.711,0,1,1,0,14.257,0.0,0,0,1,0,13.395,0.0,0,0.0,0,0,0,1,0,1,0,1,0,0,0,12192.0,2,1,1,1,0,0,1,1,8.2,273.3,0,0,0,0,0,1
108800,56.73,-0.711,0,1,1,0,14.257,0.0,0,0,1,0,13.395,0.0,0,0.0,0,0,0,1,0,1,0,1,0,0,0,12192.0,2,1,1,1,0,0,1,1,8.8,270.9,0,0,0,0,0,1
108900,56.658,-0.711,0,1,1,0,14.257,0.0,0,0,1,0,13.395,0.0,0,0.0,0,0,0,1,0,1,0,1,0,0,0,12192.0,2,1,1,1,0,0,1,1,8.3,267.0,0,0,0,0,0,1
109000,56.587,-0.711,0,1,1,0,14.257,0.0,0,0,1,0,13.395,0.0,0,0.0,0,0,0,1,0,1,0,1,0,0,0,12192.0,2,1,1,1,0,0,1,1,9.1,270.4,0,0,0,0,0,1
109100,56.516,-0.711,0,1,1,0,14.257,0.0,0,0,1,0,13.395,0.0,0,0.0,0,0,0,1,0,1,0,1,0,0,0,12192.0,2,1,1,1,0,0,1,1,8.4,272.0,0,0,0,0,0,1
109200,56.445,-0.711,0,1,1,0,14.257,0.0,0,0,1,0,13.395,0.0,0,0.0,0,0,0,1,0,1,0,1,0,0,0,12192.0,2,1,1,1,0,0,1,1,8.6,269.1,0,0,0,0,0,1
109300,56.374,-0.711,0,1,1,0,14.257,0.0,0,0,1,0,13.395,0.0,0,0.0,0,0,0,1,0,1,0,1,0,0,0,12192.0,2,1,1,1,0,0,1,1,8.1,273.6,0,0,0,0,0,1
109400,56.303,-0.711,0,1,1,0,14.257,0.0,0,0,1,0,13.395,0.0,0,0.0,0,0,0,1,0,1,0,1,0,0,0,12192.0,2,1,1,1,0,0,1,1,8.3,268.8,0,0,0,0,0,1
109500,56.232,-0.711,0,1,1,0,14.257,0.0,0,0,1,0,13.395,0.0,0,0.0,0,0,0,1,0,1,0,1,0,0,0,12192.0,2,1,1,1,0,0,1,1,9.3,272.7,0,0,0,0,0,1
109600,56.161,-0.711,0,1,1,0,14.257,0.0,0,0,1,0,13.395,0.0,0,0.0,0,0,0,1,0,1,0,1,0,0,0,12192.0,2,1,1,1,0,0,1,1,9.4,271.0,0,0,0,0,0,1
109700,56.09,-0.711,0,1,1,0,14.257,0.0,0,0,1,0,13.395,0.0,0,0.0,0,0,0,1,0,1,0,1,0,0,0,12192.0,2,1,1,1,0,0,1,1,8.6,267.4,0,0,0,0,0,1
109800,56.019,-0.711,0,1,1,0,14.257,0.0,0,0,1,0,13.395,0.0,0,0.0,0,0,0,1,0,1,0,1,0,0,0,12192.0,2,1,1,1,0,0,1,1,9.4,266.8,0,0,0,0,0,1
109900,55.948,-0.711,0,1,1,0,14.257,0.0,0,0,1,0,13.395,0.0,0,0.0,0,0,0,1,0,1,0,1,0,0,0,12192.0,2,1,1,1,0,0,1,1,9.3,267.5,0,0,0,0,0,1
110000,55.877,-0.711,0,1,1,0,14.257,0.0,0,0,1,0,13.395,0.0,0,0.0,0,0,0,1,0,1,0,1,0,0,0,12192.0,2,1,1,1,0,0,1,1,9.2,270.1,0,0,0,0,0,1
110100,55.806,-0.711,0,1,1,0,14.257,0.0,0,0,1,0,13.395,0.0,0,0.0,0,0,0,1,0,1,0,1,0,0,0,12192.0,2,1,1,1,0,0,1,1,9.1,273.1,0,0,0,0,0,1
110200,55.734,-0.711,0,1,1,0,14.257,0.0,0,0,1,0,13.395,0.0,0,0.0,0,0,0,1,0,1,0,1,0,0,0,12192.0,2,1,1,1,0,0,1,1,8.7,273.8,0,0,0,0,0,1
110300,55.663,-0.711,0,1,1,0,14.257,0.0,0,0,1,0,13.395,0.0,0,0.0,0,0,0,1,0,1,0,1,0,0,0,12192.0,2,1,1,1,0,0,1,1,8.5,265.3,0,0,0,0,0,1
110400,55.592,-0.711,0,1,1,0,14.257,0.0,0,0,1,0,13.395,0.0,0,0.0,0,0,0,1,0,1,0,1,0,0,0,12192.0,2,1,1,1,0,0,1,1,8.8,270.2,0,0,0,0,0,1
110500,55.521,-0.711,0,1,1,0,14.257,0.0,0,0,1,0,13.395,0.0,0,0.0,0,0,0,1,0,1,0,1,0,0,0,12192.0,2,1,1,1,0,0,1,1,9.3,273.1,0,0,0,0,0,1
110600,55.45,-0.711,0,1,1,0,14.257,0.0,0,0,1,0,13.395,0.0,0,0.0,0,0,0,1,0,1,0,1,0,0,0,12192.0,2,1,1,1,0,0,1,1,8.5,270.5,0,0,0,0,0,1
110700,55.379,-0.711,0,1,1,0,14.257,0.0,0,0,1,0,13.395,0.0,0,0.0,0,0,0,1,0,1,0,1,0,0,0,12192.0,2,1,1,1,0,0,1,1,9.9,268.7,0,0,0,0,0,1
110800,55.308,-0.711,0,1,1,0,14.257,0.0,0,0,1,0,13.395,0.0,0,0.0,0,0,0,1,0,1,0,1,0,0,0,12192.0,2,1,1,1,0,0,1,1,8.1,272.2,0,0,0,0,0,1
110900,55.237,-0.711,0,1,1,0,14.257,0.0,0,0,1,0,13.395,0.0,0,0.0,0,0,0,1,0,1,0,1,0,0,0,12192.0,2,1,1,1,0,0,1,1,8.1,269.1,0,0,0,0,0,1
111000,55.166,-0.711,0,1,1,0,14.257,0.0,0,0,1,0,13.395,0.0,0,0.0,0,0,0,1,0,1,0,1,0,0,0,12192.0,2,1,1,1,0,0,1,1,7.9,268.8,0,0,0,0,0,1
111100,55.095,-0.711,0,1,1,0,14.257,0.0,0,0,1,0,13.395,0.0,0,0.0,0,0,0,1,0,1,0,1,0,0,0,12192.0,2,1,1,1,0,0,1,1,8.6,269.3,0,0,0,0,0,1
111200,55.024,-0.711,0,1,1,0,14.257,0.0,0,0,1,0,13.395,0.0,0,0.0,0,0,0,1,0,1,0,1,0,0,0,12192.0,2,1,1,1,0,0,1,1,8.2,271.3,0,0,0,0,0,1
111300,54.953,-0.711,0,1,1,0,14.257,0.0,0,0,1,0,13.395,0.0,0,0.0,0,0,0,1,0,1,0,1,0,0,0,12192.0,2,1,1,1,0,0,1,1,8.1,268.7,0,0,0,0,0,1
111400,54.881,-0.711,0,1,1,0,14.257,0.0,0,0,1,0,13.395,0.0,0,0.0,0,0,0,1,0,1,0,1,0,0,0,12192.0,2,1,1,1,0,0,1,1,8.7,270.3,0,0,0,0,0,1
111500,54.81,-0.711,0,1,1,0,14.257,0.0,0,0,1,0,13.395,0.0,0,0.0,0,0,0,1,0,1,0,1,0,0,0,12192.0,2,1,1,1,0,0,1,1,8.5,269.5,0,0,0,0,0,1
111600,54.739,-0.711,0,1,1,0,14.257,0.0,0,0,1,0,13.395,0.0,0,0.0,0,0,0,1,0,1,0,1,0,0,0,12192.0,2,1,1,1,0,0,1,1,8.2,267.2,0,0,0,0,0,1
111700,54.668,-0.711,0,1,1,0,14.257,0.0,0,0,1,0,13.395,0.0,0,0.0,0,0,0,1,0,1,0,1,0,0,0,12192.0,2,1,1,1,0,0,1,1,8.2,268.7,0,0,0,0,0,1
111800,54.597,-0.711,0,1,1,0,14.257,0.0,0,0,1,0,13.395,0.0,0,0.0,0,0,0,1,0,1,0,1,0,0,0,12192.0,2,1,1,1,0,0,1,1,7.6,269.0,0,0,0,0,0,1
111900,54.526,-0.711,0,1,1,0,14.257,0.0,0,0,1,0,13.395,0.0,0,0.0,0,0,0,1,0,1,0,1,0,0,0,12192.0,2,1,1,1,0,0,1,1,8.1,270.1,0,0,0,0,0,1
112000,54.455,-0.711,0,1,1,0,14.257,0.0,0,0,1,0,13.395,0.0,0,0.0,0,0,0,1,0,1,0,1,0,0,0,12192.0,2,1,1,1,0,0,1,1,7.4,266.5,0,0,0,0,0,1
112100,54.384,-0.711,0,1,1,0,14.257,0.0,0,0,1,0,13.395,0.0,0,0.0,0,0,0,1,0,1,0,1,0,0,0,12192.0,2,1,1,1,0,0,1,1,8.3,265.7,0,0,0,0,0,1
112200,54.313,-0.711,0,1,1,0,14.257,0.0,0,0,1,0,13.395,0.0,0,0.0,0,0,0,1,0,1,0,1,0,0,0,12192.0,2,1,1,1,0,0,1,1,8.0,271.8,0,0,0,0,0,1
112300,54.242,-0.711,0,1,1,0,14.257,0.0,0,0,1,0,13.395,0.0,0,0.0,0,0,0,1,0,1,0,1,0,0,0,12192.0,2,1,1,1,0,0,1,1,7.7,270.1,0,0,0,0,0,1
112400,54.171,-0.711,0,1,1,0,14.257,0.0,0,0,1,0,13.395,0.0,0,0.0,0,0,0,1,0,1,0,1,0,0,0,12192.0,2,1,1,1,0,0,1,1,8.3,274.4,0,0,0,0,0,1
112500,54.1,-0.711,0,1,1,0,14.257,0.0,0,0,1,0,13.395,0.0,0,0.0,0,0,0,1,0,1,0,1,0,0,0,12192.0,2,1,1,1,0,0,1,1,8.4,270.0,0,0,0,0,0,1
112600,54.029,-0.711,0,1,1,0,14.257,0.0,0,0,1,0,13.395,0.0,0,0.0,0,0,0,1,0,1,0,1,0,0,0,12192.0,2,1,1,1,0,0,1,1,7.9,270.9,0,0,0,0,0,1
112700,53.957,-0.711,0,1,1,0,14.257,0.0,0,0,1,0,13.395,0.0,0,0.0,0,0,0,1,0,1,0,1,0,0,0,12192.0,2,1,1,1,0,0,1,1,7.8,272.2,0,0,0,0,0,1
112800,53.886,-0.711,0,1,1,0,14.257,0.0,0,0,1,0,13.395,0.0,0,0.0,0,0,0,1,0,1,0,1,0,0,0,12192.0,2,1,1,1,0,0,1,1,8.8,271.1,0,0,0,0,0,1
112900,53.815,-0.711,0,1,1,0,14.257,0.0,0,0,1,0,13.395,0.0,0,0.0,0,0,0,1,0,1,0,1,0,0,0,12192.0,2,1,1,1,0,0,1,1,8.0,267.3,0,0,0,0,0,1
113000,53.744,-0.711,0,1,1,0,14.257,0.0,0,0,1,0,13.395,0.0,0,0.0,0,0,0,1,0,1,0,1,0,0,0,12192.0,2,1,1,1,0,0,1,1,8.0,275.0,0,0,0,0,0,1
113100,53.673,-0.711,0,1,1,0,14.257,0.0,0,0,1,0,13.395,0.0,0,0.0,0,0,0,1,0,1,0,1,0,0,0,12192.0,2,1,1,1,0,0,1,1,7.9,271.9,0,0,0,0,0,1
113200,53.602,-0.711,0,1,1,0,14.257,0.0,0,0,1,0,13.395,0.0,0,0.0,0,0,0,1,0,1,0,1,0,0,0,12192.0,2,1,1,1,0,0,1,1,8.2,269.3,0,0,0,0,0,1
113300,53.531,-0.711,0,1,1,0,14.257,0.0,0,0,1,0,13.395,0.0,0,0.0,0,0,0,1,0,1,0,1,0,0,0,12192.0,2,1,1,1,0,0,1,1,7.9,270.3,0,0,0,0,0,1
113400,53.46,-0.711,0,1,1,0,14.257,0.0,0,0,1,0,13.395,0.0,0,0.0,0,0,0,1,0,1,0,1,0,0,0,12192.0,2,1,1,1,0,0,1,1,7.2,268.5,0,0,0,0,0,1
113500,53.389,-0.711,0,1,1,0,14.257,0.0,0,0,1,0,13.395,0.0,0,0.0,0,0,0,1,0,1,0,1,0,0,0,12192.0,2,1,1,1,0,0,1,1,8.1,273.9,0,0,0,0,0,1
113600,53.318,-0.711,0,1,1,0,14.257,0.0,0,0,1,0,13.395,0.0,0,0.0,0,0,0,1,0,1,0,1,0,0,0,12192.0,2,1,1,1,0,0,1,1,7.8,267.5,0,0,0,0,0,1
113700,53.247,-0.711,0,1,1,0,14.257,0.0,0,0,1,0,13.395,0.0,0,0.0,0,0,0,1,0,1,0,1,0,0,0,12192.0,2,1,1,1,0,0,1,1,7.0,268.0,0,0,0,0,0,1
113800,53.176,-0.711,0,1,1,0,14.257,0.0,0,0,1,0,13.395,0.0,0,0.0,0,0,0,1,0,1,0,1,0,0,0,12192.0,2,1,1,1,0,0,1,1,7.5,271.0,0,0,0,0,0,1
113900,53.105,-0.711,0,1,1,0,14.257,0.0,0,0,1,0,13.395,0.0,0,0.0,0,0,0,1,0,1,0,1,0,0,0,12192.0,2,1,1,1,0,0,1,1,7.4,262.2,0,0,0,0,0,1
114000,53.033,-0.711,0,1,1,0,14.257,0.0,0,0,1,0,13.395,0.0,0,0.0,0,0,0,1,0,1,0,1,0,0,0,12192.0,2,1,1,1,0,0,1,1,6.9,271.5,0,0,0,0,0,1
114100,52.962,-0.711,0,1,1,0,14.257,0.0,0,0,1,0,13.395,0.0,0,0.0,0,0,0,1,0,1,0,1,0,0,0,12192.0,2,1,1,1,0,0,1,1,6.8,269.5,0,0,0,0,0,1
114200,52.891,-0.711,0,1,1,0,14.257,0.0,0,0,1,0,13.395,0.0,0,0.0,0,0,0,1,0,1,0,1,0,0,0,12192.0,2,1,1,1,0,0,1,1,7.1,269.8,0,0,0,0,0,1
114300,52.82,-0.711,0,1,1,0,14.257,0.0,0,0,1,0,13.395,0.0,0,0.0,0,0,0,1,0,1,0,1,0,0,0,12192.0,2,1,1,1,0,0,1,1,7.8,270.4,0,0,0,0,0,1
114400,52.749,-0.711,0,1,1,0,14.257,0.0,0,0,1,0,13.395,0.0,0,0.0,0,0,0,1,0,1,0,1,0,0,0,12192.0,2,1,1,1,0,0,1,1,7.8,265.4,0,0,0,0,0,1
114500,52.68,-0.696,0,1,1,0,14.257,0.0,0,0,1,0,13.395,0.0,0,0.0,0,0,0,1,0,1,0,1,0,0,0,12192.0,2,1,1,1,0,0,1,1,7.6,270.4,0,0,0,0,0,1
114600,52.611,-0.681,0,1,1,0,14.257,0.0,0,0,1,0,13.395,0.0,0,0.0,0,0,0,1,0,1,0,1,0,0,0,12192.0,2,1,1,1,0,0,1,1,7.8,273.9,0,0,0,0,0,1
114700,52.545,-0.666,0,1,1,0,14.257,0.0,0,0,1,0,13.395,0.0,0,0.0,0,0,0,1,0,1,0,1,0,0,0,12192.0,2,1,1,1,0,0,1,1,7.2,270.6,0,0,0,0,0,1
114800,52.48,-0.651,0,1,1,0,14.257,0.0,0,0,1,0,13.395,0.0,0,0.0,0,0,0,1,0,1,0,1,0,0,0,12192.0,2,1,1,1,0,0,1,1,6.5,270.3,0,0,0,0,0,1
114900,52.416,-0.637,0,1,1,0,14.257,0.0,0,0,1,0,13.395,0.0,0,0.0,0,0,0,1,0,1,0,1,0,0,0,12192.0,2,1,1,1,0,0,1,1,7.7,267.3,0,0,0,0,0,1
115000,52.354,-0.622,0,1,1,0,14.257,0.0,0,0,1,0,13.395,0.0,0,0.0,0,0,0,1,0,1,0,1,0,0,0,12192.0,2,1,1,1,0,0,1,1,7.1,269.4,0,0,0,0,0,1
115100,52.293,-0.607,0,1,1,0,14.257,0.0,0,0,1,0,13.395,0.0,0,0.0,0,0,0,1,0,1,0,1,0,0,0,12192.0,2,1,1,1,0,0,1,1,7.6,269.7,0,0,0,0,0,1
115200,52.234,-0.592,0,1,1,0,14.257,0.0,0,0,1,0,13.395,0.0,0,0.0,0,0,0,1,0,1,0,1,0,0,0,12192.0,2,1,1,1,0,0,1,1,7.4,269.3,0,0,0,0,0,1
115300,52.176,-0.577,0,1,1,0,14.257,0.0,0,0,1,0,13.395,0.0,0,0.0,0,0,0,1,0,1,0,1,0,0,0,12192.0,2,1,1,1,0,0,1,1,7.9,268.2,0,0,0,0,0,1
115400,52.12,-0.562,0,1,1,0,14.257,0.0,0,0,1,0,13.395,0.0,0,0.0,0,0,0,1,0,1,0,1,0,0,0,12192.0,2,1,1,1,0,0,1,1,7.8,270.4,0,0,0,0,0,1
115500,52.065,-0.547,0,1,1,0,14.257,0.0,0,0,1,0,13.395,0.0,0,0.0,0,0,0,1,0,1,0,1,0,0,0,12192.0,2,1,1,1,0,0,1,1,7.6,271.7,0,0,0,0,0,1
115600,52.012,-0.533,0,1,1,0,14.257,0.0,0,0,1,0,13.395,0.0,0,0.0,0,0,0,1,0,1,0,1,0,0,0,12192.0,2,1,1,1,0,0,1,1,7.1,271.3,0,0,0,0,0,1
115700,51.96,-0.518,0,1,1,0,14.257,0.0,0,0,1,0,13.395,0.0,0,0.0,0,0,0,1,0,1,0,1,0,0,0,12192.0,2,1,1,1,0,0,1,1,7.9,268.8,0,0,0,0,0,1
115800,51.91,-0.503,0,1,1,0,14.257,0.0,0,0,1,0,13.395,0.0,0,0.0,0,0,0,1,0,1,0,1,0,0,0,12192.0,2,1,1,1,0,0,1,1,7.2,273.5,0,0,0,0,0,1
115900,51.861,-0.488,0,1,1,0,14.257,0.0,0,0,1,0,13.395,0.0,0,0.0,0,0,0,1,0,1,0,1,0,0,0,12192.0,2,1,1,1,0,0,1,1,8.2,269.0,0,0,0,0,0,1
116000,51.814,-0.473,0,1,1,0,14.257,0.0,0,0,1,0,13.395,0.0,0,0.0,0,0,0,1,0,1,0,1,0,0,0,12192.0,2,1,1,1,0,0,1,1,7.9,269.3,0,0,0,0,0,1
116100,51.768,-0.458,0,1,1,0,14.257,0.0,0,0,1,0,13.395,0.0,0,0.0,0,0,0,1,0,1,0,1,0,0,0,12192.0,2,1,1,1,0,0,1,1,6.9,268.0,0,0,0,0,0,1
116200,51.724,-0.444,0,1,1,0,14.257,0.0,0,0,1,0,13.395,0.0,0,0.0,0,0,0,1,0,1,0,1,0,0,0,12192.0,2,1,1,1,0,0,1,1,8.2,272.1,0,0,0,0,0,1
116300,51.681,-0.429,0,1,1,0,14.257,0.0,0,0,1,0,13.395,0.0,0,0.0,0,0,0,1,0,1,0,1,0,0,0,12192.0,2,1,1,1,0,0,1,1,8.0,272.0,0,0,0,0,0,1
116400,51.639,-0.414,0,1,1,0,14.257,0.0,0,0,1,0,13.395,0.0,0,0.0,0,0,0,1,0,1,0,1,0,0,0,12192.0,2,1,1,1,0,0,1,1,8.1,267.9,0,0,0,0,0,1
116500,51.599,-0.399,0,1,1,0,14.257,0.0,0,0,1,0,13.395,0.0,0,0.0,0,0,0,1,0,1,0,1,0,0,0,12192.0,2,1,1,1,0,0,1,1,8.0,270.9,0,0,0,0,0,1
116600,51.56,-0.399,0,1,1,0,14.257,0.0,0,0,1,0,13.395,0.0,0,0.0,0,0,0,1,0,1,0,1,0,0,0,12192.0,2,1,1,1,0,0,1,1,7.8,269.8,0,0,0,0,0,1
116700,51.521,-0.384,0,1,1,0,14.257,0.0,0,0,1,0,13.395,0.0,0,0.0,0,0,0,1,0,1,0,1,0,0,0,12192.0,2,1,1,1,0,0,1,1,7.9,270.0,0,0,0,0,0,1
116800,51.484,-0.369,0,1,1,0,14.257,0.0,0,0,1,0,13.395,0.0,0,0.0,0,0,0,1,0,1,0,1,0,0,0,12192.0,2,1,1,1,0,0,1,1,7.4,267.4,0,0,0,0,0,1
116900,51.449,-0.354,0,1,1,0,14.257,0.0,0,0,1,0,13.395,0.0,0,0.0,0,0,0,1,0,1,0,1,0,0,0,12192.0,2,1,1,1,0,0,1,1,7.8,269.6,0,0,0,0,0,1
117000,51.415,-0.339,0,1,1,0,14.257,0.0,0,0,1,0,13.395,0.0,0,0.0,0,0,0,1,0,1,0,1,0,0,0,12192.0,2,1,1,1,0,0,1,1,8.5,267.4,0,0,0,0,0,1
117100,51.383,-0.323,0,1,1,0,14.257,0.0,0,0,1,0,13.395,0.0,0,0.0,0,0,0,1,0,1,0,1,0,0,0,12192.0,2,1,1,1,0,0,1,1,8.2,269.9,0,0,0,0,0,1
117200,51.352,-0.308,0,1,1,0,14.257,0.0,0,0,1,0,13.395,0.0,0,0.0,0,0,0,1,0,1,0,1,0,0,0,12192.0,2,1,1,1,0,0,1,1,7.8,271.4,0,0,0,0,0,1
117300,51.323,-0.293,0,1,1,0,14.257,0.0,0,0,1,0,13.395,0.0,0,0.0,0,0,0,1,0,1,0,1,0,0,0,12192.0,2,1,1,1,0,0,1,1,8.2,271.2,0,0,0,0,0,1
117400,51.295,-0.278,0,1,1,0,14.257,0.0,0,0,1,0,13.395,0.0,0,0.0,0,0,0,1,0,1,0,1,0,0,0,12192.0,2,1,1,1,0,0,1,1,8.1,271.4,0,0,0,0,0,1
117500,51.268,-0.263,0,1,1,0,14.257,0.0,0,0,1,0,13.395,0.0,0,0.0,0,0,0,1,0,1,0,1,0,0,0,12192.0,2,1,1,1,0,0,1,1,7.9,269.2,0,0,0,0,0,1
117600,51.244,-0.247,0,1,1,0,14.257,0.0,0,0,1,0,13.395,0.0,0,0.0,0,0,0,1,0,1,0,1,0,0,0,12192.0,2,1,1,1,0,0,1,1,8.4,270.2,0,0,0,0,0,1
117700,51.221,-0.232,0,1,1,0,14.257,0.0,0,0,1,0,13.395,0.0,0,0.0,0,0,0,1,0,1,0,1,0,0,0,12192.0,2,1,1,1,0,0,1,1,8.0,272.3,0,0,0,0,0,1
117800,51.199,-0.217,0,1,1,0,14.257,0.0,0,0,1,0,13.395,0.0,0,0.0,0,0,0,1,0,1,0,1,0,0,0,12192.0,2,1,1,1,0,0,1,1,8.1,267.9,0,0,0,0,0,1
117900,51.179,-0.201,0,1,1,0,14.257,0.0,0,0,1,0,13.395,0.0,0,0.0,0,0,0,1,0,1,0,1,0,0,0,12192.0,2,1,1,1,0,0,1,1,8.3,268.1,0,0,0,0,0,1
118000,51.16,-0.186,0,1,1,0,14.257,0.0,0,0,1,0,13.395,0.0,0,0.0,0,0,0,1,0,1,0,1,0,0,0,12192.0,2,1,1,1,0,0,1,1,9.2,272.7,0,0,0,0,0,1
118100,51.143,-0.17,0,1,1,0,14.257,0.0,0,0,1,0,13.395,0.0,0,0.0,0,0,0,1,0,1,0,1,0,0,0,12192.0,2,1,1,1,0,0,1,1,8.4,271.7,0,0,0,0,0,1
118200,51.128,-0.155,0,1,1,0,14.257,0.0,0,0,1,0,13.395,0.0,0,0.0,0,0,0,1,0,1,0,1,0,0,0,12192.0,2,1,1,1,0,0,1,1,8.3,268.6,0,0,0,0,0,1
118300,51.114,-0.139,0,1,1,0,14.257,0.0,0,0,1,0,13.395,0.0,0,0.0,0,0,0,1,0,1,0,1,0,0,0,12192.0,2,1,1,1,0,0,1,1,8.9,269.2,0,0,0,0,0,1
118400,51.102,-0.123,0,1,1,0,14.257,0.0,0,0,1,0,13.395,0.0,0,0.0,0,0,0,1,0,1,0,1,0,0,0,12192.0,2,1,1,1,0,0,1,1,8.3,270.4,0,0,0,0,0,1
118500,51.091,-0.107,0,1,1,0,14.257,0.0,0,0,1,0,13.395,0.0,0,0.0,0,0,0,1,0,1,0,1,0,0,0,12192.0,2,1,1,1,0,0,1,1,7.6,268.7,0,0,0,0,0,1
118600,51.082,-0.091,0,1,1,0,14.257,0.0,0,0,1,0,13.395,0.0,0,0.0,0,0,0,1,0,1,0,1,0,0,0,12192.0,2,1,1,1,0,0,1,1,9.2,270.8,0,0,0,0,0,1
118700,51.074,-0.075,0,1,1,0,14.257,0.0,0,0,1,0,13.395,0.0,0,0.0,0,0,0,1,0,1,0,1,0,0,0,12192.0,2,1,1,1,0,0,1,1,8.3,270.4,0,0,0,0,0,1
118800,51.068,-0.058,0,1,1,0,14.257,0.0,0,0,1,0,13.395,0.0,0,0.0,0,0,0,1,0,1,0,1,0,0,0,12192.0,2,1,1,1,0,0,1,1,9.5,269.6,0,0,0,0,0,1
118900,51.064,-0.041,0,1,1,0,14.257,0.0,0,0,1,0,13.395,0.0,0,0.0,0,0,0,1,0,1,0,1,0,0,0,12192.0,2,1,1,1,0,0,1,1,9.0,272.5,0,0,0,0,0,1
119000,51.062,-0.021,0,1,1,0,14.257,0.0,0,0,1,0,13.39,-0.05,0,0.0,0,0,1,1,0,1,0,1,0,0,0,12192.0,2,1,1,1,0,0,1,1,8.2,267.7,0,0,0,0,0,1
119100,51.061,0.0,0,0,1,0,14.257,0.0,0,0,1,0,13.38,-0.1,0,0.0,0,0,1,1,0,1,0,1,0,0,0,12192.0,2,1,1,1,0,0,1,1,8.9,269.1,0,0,0,0,0,1
119200,51.061,0.0,0,0,1,0,14.257,0.0,0,0,1,0,13.365,-0.149,0,0.0,0,0,1,1,0,1,0,1,0,0,0,12192.0,2,1,1,1,0,0,1,1,8.5,268.2,0,0,0,0,0,1
119300,51.061,0.0,0,0,1,0,14.257,0.0,0,0,1,0,13.346,-0.199,0,0.0,0,0,1,1,0,1,0,1,0,0,0,12192.0,2,1,1,1,0,0,1,1,9.0,272.9,0,0,0,0,0,1
119400,51.061,0.0,0,0,1,0,14.257,0.0,0,0,1,0,13.321,-0.249,0,0.0,0,0,1,1,0,1,0,1,0,0,0,12192.0,2,1,1,1,0,0,1,1,9.1,269.7,0,0,0,0,0,1
119500,51.061,0.0,0,0,1,0,14.257,0.0,0,0,1,0,13.291,-0.299,0,0.0,0,0,1,1,0,1,0,1,0,0,0,12192.0,2,1,1,1,0,0,1,1,7.8,272.7,0,0,0,0,0,1
119600,51.061,0.0,0,0,1,0,14.257,0.0,0,0,1,0,13.256,-0.348,0,0.0,0,0,1,1,0,1,0,1,0,0,0,12192.0,2,1,1,1,0,0,1,1,7.7,269.8,0,0,0,0,0,1
119700,51.061,0.0,0,0,1,0,14.257,0.0,0,0,1,0,13.216,-0.398,0,0.0,0,0,1,1,0,1,0,1,0,0,0,12192.0,2,1,1,1,0,0,1,1,9.2,272.8,0,0,0,0,0,1
119800,51.061,0.0,0,0,1,0,14.257,0.0,0,0,1,0,13.171,-0.448,0,0.0,0,0,1,1,0,1,0,1,0,0,0,12192.0,2,1,1,1,0,0,1,1,8.6,273.3,0,0,0,0,0,1
119900,51.061,0.0,0,0,1,0,14.257,0.0,0,0,1,0,13.122,-0.498,0,0.0,0,0,1,1,0,1,0,1,0,0,0,12192.0,2,1,1,1,0,0,1,1,8.5,266.8,0,0,0,0,0,1
120000,51.061,0.0,0,0,1,0,14.257,0.0,0,0,1,0,13.067,-0.547,0,0.0,0,0,1,1,0,1,0,1,0,0,0,12192.0,2,1,1,1,0,0,1,1,7.9,270.2,0,0,0,0,0,1
120100,51.061,0.0,0,0,1,0,14.257,0.0,0,0,1,0,13.007,-0.597,0,0.0,0,0,1,1,0,1,0,1,0,0,0,12192.0,2,1,1,1,0,0,1,1,7.3,268.1,0,0,0,0,0,1
120200,51.061,0.0,0,0,1,0,14.257,0.0,0,0,1,0,12.943,-0.647,0,0.0,0,0,1,1,0,1,0,1,0,0,0,12192.0,2,1,1,1,0,0,1,1,8.9,273.3,0,0,0,0,0,1
120300,51.061,0.0,0,0,1,0,14.257,0.0,0,0,1,0,12.873,-0.697,0,0.0,0,0,1,1,0,1,0,1,0,0,0,12192.0,2,1,1,1,0,0,1,1,9.0,268.4,0,0,0,0,0,1
120400,51.061,0.0,0,0,1,0,14.257,0.0,0,0,1,0,12.798,-0.746,0,0.0,0,0,1,1,0,1,0,1,0,0,0,12192.0,2,1,1,1,0,0,1,1,9.0,266.6,0,0,0,0,0,1
120500,51.061,0.0,0,0,1,0,14.257,0.0,0,0,1,0,12.719,-0.796,0,0.0,0,0,1,1,0,1,0,1,0,0,0,12192.0,2,1,1,1,0,0,1,1,8.8,269.2,0,0,0,0,0,1
120600,51.061,0.0,0,0,1,0,14.257,0.0,0,0,1,0,12.634,-0.846,0,0.0,0,0,1,1,0,1,0,1,0,0,0,12192.0,2,1,1,1,0,0,1,1,8.1,268.2,0,0,0,0,0,1
120700,51.061,0.0,0,0,1,0,14.257,0.0,0,0,1,0,12.544,-0.896,0,0.0,0,0,1,1,0,1,0,1,0,0,0,12192.0,2,1,1,1,0,0,1,1,7.5,268.4,0,0,0,0,0,1
120800,51.061,0.0,0,0,1,0,14.257,0.0,0,0,1,0,12.45,-0.945,0,0.0,0,0,1,1,0,1,0,1,0,0,0,12192.0,2,1,1,1,0,0,1,1,8.2,272.7,0,0,0,0,0,1
120900,51.061,0.0,0,0,1,0,14.257,0.0,0,0,1,0,12.35,-0.995,0,0.0,0,0,1,1,0,1,0,1,0,0,0,12192.0,2,1,1,1,0,0,1,1,7.9,273.1,0,0,0,0,0,1
121000,51.061,0.0,0,0,1,0,14.257,0.0,0,0,1,0,12.246,-1.045,0,0.0,0,0,1,1,0,1,0,1,0,0,0,12192.0,2,1,1,1,0,0,1,1,7.4,270.1,0,0,0,0,0,1
121100,51.061,0.0,0,0,1,0,14.257,0.0,0,0,1,0,12.136,-1.095,0,0.0,0,0,1,1,0,1,0,1,0,0,0,12192.0,2,1,1,1,0,0,1,1,8.5,263.9,0,0,0,0,0,1
121200,51.061,0.0,0,0,1,0,14.257,0.0,0,0,1,0,12.022,-1.145,0,0.0,0,0,1,1,0,1,0,1,0,0,0,12192.0,2,1,1,1,0,0,1,1,7.5,269.3,0,0,0,0,0,1
121300,51.061,0.0,0,0,1,0,14.257,0.0,0,0,1,0,11.902,-1.194,0,0.0,0,0,1,1,0,1,0,1,0,0,0,12192.0,2,1,1,1,0,0,1,1,7.7,274.9,0,0,0,0,0,1
121400,51.061,0.0,0,0,1,0,14.257,0.0,0,0,1,0,11.778,-1.244,0,0.0,0,0,1,1,0,1,0,1,0,0,0,12192.0,2,1,1,1,0,0,1,1,8.1,271.2,0,0,0,0,0,1
121500,51.061,0.0,0,0,1,0,14.257,0.0,0,0,1,0,11.651,-1.266,0,0.0,0,0,1,1,0,1,0,1,0,0,0,12192.0,2,1,1,1,0,0,1,1,7.5,266.8,0,0,0,0,0,1
121600,51.061,0.0,0,0,1,0,14.257,0.0,0,0,1,0,11.525,-1.266,0,0.0,0,0,1,1,0,1,0,1,0,0,0,12192.0,2,1,1,1,0,0,1,1,7.9,268.4,0,0,0,0,0,1
121700,51.061,0.0,0,0,1,0,14.257,0.0,0,0,1,0,11.398,-1.266,0,0.0,0,0,1,1,0,1,0,1,0,0,0,12192.0,2,1,1,1,0,0,1,1,7.9,267.3,0,0,0,0,0,1
121800,51.061,0.0,0,0,1,0,14.257,0.0,0,0,1,0,11.272,-1.266,0,0.0,0,0,1,1,0,1,0,1,0,0,0,12192.0,2,1,1,1,0,0,1,1,6.9,269.7,0,0,0,0,0,1
121900,51.061,0.0,0,0,1,0,14.257,0.0,0,0,1,0,11.145,-1.266,0,0.0,0,0,1,1,0,1,0,1,0,0,0,12192.0,2,1,1,1,0,0,1,1,7.6,271.8,0,0,0,0,0,1
122000,51.061,0.0,0,0,1,0,14.257,0.0,0,0,1,0,11.019,-1.266,0,0.0,0,0,1,1,0,1,0,1,0,0,0,12192.0,2,1,1,1,0,0,1,1,8.1,272.0,0,0,0,0,0,1
122100,51.061,0.0,0,0,1,0,14.257,0.0,0,0,1,0,10.892,-1.266,0,0.0,0,0,1,1,0,1,0,1,0,0,0,12192.0,2,1,1,1,0,0,1,1,8.2,272.0,0,0,0,0,0,1
122200,51.061,0.0,0,0,1,0,14.257,0.0,0,0,1,0,10.765,-1.266,0,0.0,0,0,1,1,0,1,0,1,0,0,0,12192.0,2,1,1,1,0,0,1,1,7.9,273.7,0,0,0,0,0,1
122300,51.061,0.0,0,0,1,0,14.257,0.0,0,0,1,0,10.639,-1.266,0,0.0,0,0,1,1,0,1,0,1,0,0,0,12192.0,2,1,1,1,0,0,1,1,6.7,269.6,0,0,0,0,0,1
122400,51.061,0.0,0,0,1,0,14.257,0.0,0,0,1,0,10.512,-1.266,0,0.0,0,0,1,1,0,1,0,1,0,0,0,12192.0,2,1,1,1,0,0,1,1,8.2,271.3,0,0,0,0,0,1
122500,51.061,0.0,0,0,1,0,14.257,0.0,0,0,1,0,10.386,-1.266,0,0.0,0,0,1,1,0,1,0,1,0,0,0,12192.0,2,1,1,1,0,0,1,1,7.5,267.0,0,0,0,0,0,1
122600,51.061,0.0,0,0,1,0,14.257,0.0,0,0,1,0,10.259,-1.266,0,0.0,0,0,1,1,0,1,0,1,0,0,0,12192.0,2,1,1,1,0,0,1,1,7.6,273.0,0,0,0,0,0,1
122700,51.061,0.0,0,0,1,0,14.257,0.0,0,0,1,0,10.132,-1.266,0,0.0,0,0,1,1,0,1,0,1,0,0,0,12192.0,2,1,1,1,0,0,1,1,7.4,277.1,0,0,0,0,0,1
122800,51.061,0.0,0,0,1,0,14.257,0.0,0,0,1,0,10.006,-1.266,0,0.0,0,0,1,1,0,1,0,1,0,0,0,12192.0,2,1,1,1,0,0,1,1,7.9,270.9,0,0,0,0,0,1
122900,51.061,0.0,0,0,1,0,14.257,0.0,0,0,1,0,9.879,-1.266,0,0.0,0,0,1,1,0,1,0,1,0,0,0,12192.0,2,1,1,1,0,0,1,1,6.7,266.3,0,0,0,0,0,1
123000,51.061,0.0,0,0,1,0,14.257,0.0,0,0,1,0,9.753,-1.266,0,0.0,0,0,1,1,0,1,0,1,0,0,0,12192.0,2,1,1,1,0,0,1,1,7.5,273.2,0,0,0,0,0,1
123100,51.061,0.0,0,0,1,0,14.257,0.0,0,0,1,0,9.626,-1.266,0,0.0,0,0,1,1,0,1,0,1,0,0,0,12192.0,2,1,1,1,0,0,1,1,7.5,269.7,0,0,0,0,0,1
123200,51.061,0.0,0,0,1,0,14.257,0.0,0,0,1,0,9.5,-1.266,0,0.0,0,0,1,1,0,1,0,1,0,0,0,12192.0,2,1,1,1,0,0,1,1,7.4,267.4,0,0,0,0,0,1
123300,51.061,0.0,0,0,1,0,14.257,0.0,0,0,1,0,9.373,-1.266,0,0.0,0,0,1,1,0,1,0,1,0,0,0,12192.0,2,1,1,1,0,0,1,1,6.6,265.1,0,0,0,0,0,1
123400,51.061,0.0,0,0,1,0,14.257,0.0,0,0,1,0,9.246,-1.266,0,0.0,0,0,1,1,0,1,0,1,0,0,0,12192.0,2,1,1,1,0,0,1,1,7.7,267.2,0,0,0,0,0,1
123500,51.061,0.0,0,0,1,0,14.257,0.0,0,0,1,0,9.12,-1.266,0,0.0,0,0,1,1,0,1,0,1,0,0,0,12192.0,2,1,1,1,0,0,1,1,6.7,270.5,0,0,0,0,0,1
123600,51.061,0.0,0,0,1,0,14.257,0.0,0,0,1,0,8.993,-1.266,0,0.0,0,0,1,1,0,1,0,1,0,0,0,12192.0,2,1,1,1,0,0,1,1,7.3,273.7,0,0,0,0,0,1
123700,51.061,0.0,0,0,1,0,14.257,0.0,0,0,1,0,8.867,-1.266,0,0.0,0,0,1,1,0,1,0,1,0,0,0,12192.0,2,1,1,1,0,0,1,1,8.0,270.8,0,0,0,0,0,1
123800,51.061,0.0,0,0,1,0,14.257,0.0,0,0,1,0,8.74,-1.266,0,0.0,0,0,1,1,0,1,0,1,0,0,0,12192.0,2,1,1,1,0,0,1,1,7.7,269.8,0,0,0,0,0,1
123900,51.061,0.0,0,0,1,0,14.257,0.0,0,0,1,0,8.613,-1.266,0,0.0,0,0,1,1,0,1,0,1,0,0,0,12192.0,2,1,1,1,0,0,1,1,7.5,272.0,0,0,0,0,0,1
124000,51.061,0.0,0,0,1,0,14.257,0.0,0,0,1,0,8.487,-1.266,0,0.0,0,0,1,1,0,1,0,1,0,0,0,12192.0,2,1,1,1,0,0,1,1,7.2,268.2,0,0,0,0,0,1
124100,51.061,0.0,0,0,1,0,14.257,0.0,0,0,1,0,8.36,-1.266,0,0.0,0,0,1,1,0,1,0,1,0,0,0,12192.0,2,1,1,1,0,0,1,1,7.0,268.2,0,0,0,0,0,1
124200,51.061,0.0,0,0,1,0,14.257,0.0,0,0,1,0,8.234,-1.266,0,0.0,0,0,1,1,0,1,0,1,0,0,0,12192.0,2,1,1,1,0,0,1,1,7.9,269.5,0,0,0,0,0,1
124300,51.061,0.0,0,0,1,0,14.257,0.0,0,0,1,0,8.107,-1.266,0,0.0,0,0,1,1,0,1,0,1,0,0,0,12192.0,2,1,1,1,0,0,1,1,7.7,275.6,0,0,0,0,0,1
124400,51.061,0.0,0,0,1,0,14.257,0.0,0,0,1,0,7.981,-1.266,0,0.0,0,0,1,1,0,1,0,1,0,0,0,12192.0,2,1,1,1,0,0,1,1,6.9,270.9,0,0,0,0,0,1
124500,51.061,0.0,0,0,1,0,14.257,0.0,0,0,1,0,7.854,-1.266,0,0.0,0,0,1,1,0,1,0,1,0,0,0,12192.0,2,1,1,1,0,0,1,1,7.5,271.0,0,0,0,0,0,1
124600,51.061,0.0,0,0,1,0,14.257,0.0,0,0,1,0,7.727,-1.266,0,0.0,0,0,1,1,0,1,0,1,0,0,0,12192.0,2,1,1,1,0,0,1,1,8.3,271.7,0,0,0,0,0,1
124700,51.061,0.0,0,0,1,0,14.257,0.0,0,0,1,0,7.601,-1.266,0,0.0,0,0,1,1,0,1,0,1,0,0,0,12192.0,2,1,1,1,0,0,1,1,8.1,264.2,0,0,0,0,0,1
124800,51.061,0.0,0,0,1,0,14.257,0.0,0,0,1,0,7.474,-1.266,0,0.0,0,0,1,1,0,1,0,1,0,0,0,12192.0,2,1,1,1,0,0,1,1,8.4,274.4,0,0,0,0,0,1
124900,51.061,0.0,0,0,1,0,14.257,0.0,0,0,1,0,7.348,-1.266,0,0.0,0,0,1,1,0,1,0,1,0,0,0,12192.0,2,1,1,1,0,0,1,1,7.5,271.4,0,0,0,0,0,1
125000,51.061,0.0,0,0,1,0,14.257,0.0,0,0,1,0,7.221,-1.266,0,0.0,0,0,1,1,0,1,0,1,0,0,0,12192.0,2,1,1,1,0,0,1,1,8.0,268.3,0,0,0,0,0,1
125100,51.061,0.0,0,0,1,0,14.257,0.0,0,0,1,0,7.094,-1.266,0,0.0,0,0,1,1,0,1,0,1,0,0,0,12192.0,2,1,1,1,0,0,1,1,7.7,267.2,0,0,0,0,0,1
125200,51.061,0.0,0,0,1,0,14.257,0.0,0,0,1,0,6.968,-1.266,0,0.0,0,0,1,1,0,1,0,1,0,0,0,12192.0,2,1,1,1,0,0,1,1,8.4,268.3,0,0,0,0,0,1
125300,51.061,0.0,0,0,1,0,14.257,0.0,0,0,1,0,6.841,-1.266,0,0.0,0,0,1,1,0,1,0,1,0,0,0,12192.0,2,1,1,1,0,0,1,1,7.5,271.3,0,0,0,0,0,1
125400,51.061,0.0,0,0,1,0,14.257,0.0,0,0,1,0,6.715,-1.266,0,0.0,0,0,1,1,0,1,0,1,0,0,0,12192.0,2,1,1,1,0,0,1,1,7.7,266.9,0,0,0,0,0,1
125500,51.061,0.0,0,0,1,0,14.257,0.0,0,0,1,0,6.588,-1.266,0,0.0,0,0,1,1,0,1,0,1,0,0,0,12192.0,2,1,1,1,0,0,1,1,8.1,266.6,0,0,0,0,0,1
125600,51.061,0.0,0,0,1,0,14.257,0.0,0,0,1,0,6.462,-1.266,0,0.0,0,0,1,1,0,1,0,1,0,0,0,12192.0,2,1,1,1,0,0,1,1,8.0,270.6,0,0,0,0,0,1
125700,51.061,0.0,0,0,1,0,14.257,0.0,0,0,1,0,6.335,-1.266,0,0.0,0,0,1,1,0,1,0,1,0,0,0,12192.0,2,1,1,1,0,0,1,1,8.1,268.0,0,0,0,0,0,1
125800,51.061,0.0,0,0,1,0,14.257,0.0,0,0,1,0,6.208,-1.266,0,0.0,0,0,1,1,0,1,0,1,0,0,0,12192.0,2,1,1,1,0,0,1,1,8.2,272.7,0,0,0,0,0,1
125900,51.061,0.0,0,0,1,0,14.257,0.0,0,0,1,0,6.082,-1.266,0,0.0,0,0,1,1,0,1,0,1,0,0,0,12192.0,2,1,1,1,0,0,1,1,8.4,265.7,0,0,0,0,0,1
126000,51.061,0.0,0,0,1,0,14.257,0.0,0,0,1,0,5.955,-1.266,0,0.0,0,0,1,1,0,1,0,1,0,0,0,12192.0,2,1,1,1,0,0,1,1,7.9,269.7,0,0,0,0,0,1
126100,51.061,0.0,0,0,1,0,14.257,0.0,0,0,1,0,5.829,-1.266,0,0.0,0,0,1,1,0,1,0,1,0,0,0,12192.0,2,1,1,1,0,0,1,1,7.8,272.8,0,0,0,0,0,1
126200,51.061,0.0,0,0,1,0,14.257,0.0,0,0,1,0,5.702,-1.266,0,0.0,0,0,1,1,0,1,0,1,0,0,0,12192.0,2,1,1,1,0,0,1,1,8.9,266.5,0,0,0,0,0,1
126300,51.061,0.0,0,0,1,0,14.257,0.0,0,0,1,0,5.575,-1.266,0,0.0,0,0,1,1,0,1,0,1,0,0,0,12192.0,2,1,1,1,0,0,1,1,8.8,270.6,0,0,0,0,0,1
126400,51.061,0.0,0,0,1,0,14.257,0.0,0,0,1,0,5.449,-1.266,0,0.0,0,0,1,1,0,1,0,1,0,0,0,12192.0,2,1,1,1,0,0,1,1,7.4,272.3,0,0,0,0,0,1
126500,51.061,0.0,0,0,1,0,14.257,0.0,0,0,1,0,5.322,-1.266,0,0.0,0,0,1,1,0,1,0,1,0,0,0,12192.0,2,1,1,1,0,0,1,1,8.6,265.9,0,0,0,0,0,1
126600,51.061,0.0,0,0,1,0,14.257,0.0,0,0,1,0,5.196,-1.266,0,0.0,0,0,1,1,0,1,0,1,0,0,0,12192.0,2,1,1,1,0,0,1,1,8.4,272.8,0,0,0,0,0,1
126700,51.061,0.0,0,0,1,0,14.257,0.0,0,0,1,0,5.069,-1.266,0,0.0,0,0,1,1,0,1,0,1,0,0,0,12192.0,2,1,1,1,0,0,1,1,8.0,275.2,0,0,0,0,0,1
126800,51.061,0.0,0,0,1,0,14.257,0.0,0,0,1,0,4.943,-1.266,0,0.0,0,0,1,1,0,1,0,1,0,0,0,12192.0,2,1,1,1,0,0,1,1,8.7,269.0,0,0,0,0,0,1
126900,51.061,0.0,0,0,1,0,14.257,0.0,0,0,1,0,4.816,-1.266,0,0.0,0,0,1,1,0,1,0,1,0,0,0,12192.0,2,1,1,1,0,0,1,1,7.7,270.6,0,0,0,0,0,1
127000,51.061,0.0,0,0,1,0,14.257,0.0,0,0,1,0,4.689,-1.266,0,0.0,0,0,1,1,0,1,0,1,0,0,0,12192.0,2,1,1,1,0,0,1,1,7.9,273.2,0,0,0,0,0,1
127100,51.061,0.0,0,0,1,0,14.257,0.0,0,0,1,0,4.563,-1.266,0,0.0,0,0,1,1,0,1,0,1,0,0,0,12192.0,2,1,1,1,0,0,1,1,9.2,267.0,0,0,0,0,0,1
127200,51.061,0.0,0,0,1,0,14.257,0.0,0,0,1,0,4.436,-1.266,0,0.0,0,0,1,1,0,1,0,1,0,0,0,12192.0,2,1,1,1,0,0,1,1,7.9,269.4,0,0,0,0,0,1
127300,51.061,0.0,0,0,1,0,14.257,0.0,0,0,1,0,4.31,-1.266,0,0.0,0,0,1,1,0,1,0,1,0,0,0,12192.0,2,1,1,1,0,0,1,1,9.1,271.6,0,0,0,0,0,1
127400,51.061,0.0,0,0,1,0,14.257,0.0,0,0,1,0,4.183,-1.266,0,0.0,0,0,1,1,0,1,0,1,0,0,0,12192.0,2,1,1,1,0,0,1,1,9.2,266.9,0,0,0,0,0,1
127500,51.061,0.0,0,0,1,0,14.257,0.0,0,0,1,0,4.057,-1.266,0,0.0,0,0,1,1,0,1,0,1,0,0,0,12192.0,2,1,1,1,0,0,1,1,8.2,271.7,0,0,0,0,0,1
127600,51.061,0.0,0,0,1,0,14.257,0.0,0,0,1,0,3.935,-1.216,0,0.0,0,0,1,1,0,1,0,1,0,0,0,12192.0,2,1,1,1,0,0,1,1,8.9,271.0,0,0,0,0,0,1
127700,51.061,0.0,0,0,1,0,14.257,0.0,0,0,1,0,3.818,-1.166,0,0.0,0,0,1,1,0,1,0,1,0,0,0,12192.0,2,1,1,1,0,0,1,1,8.8,268.4,0,0,0,0,0,1
127800,51.061,0.0,0,0,1,0,14.257,0.0,0,0,1,0,3.707,-1.117,0,0.0,0,0,1,1,0,1,0,1,0,0,0,12192.0,2,1,1,1,0,0,1,1,9.3,273.1,0,0,0,0,0,1
127900,51.061,0.0,0,0,1,0,14.257,0.0,0,0,1,0,3.6,-1.067,0,0.0,0,0,1,1,0,1,0,1,0,0,0,12192.0,2,1,1,1,0,0,1,1,9.7,270.9,0,0,0,0,0,1
128000,51.061,0.0,0,0,1,0,14.257,0.0,0,0,1,0,3.498,-1.017,0,0.0,0,0,1,1,0,1,0,1,0,0,0,12192.0,2,1,1,1,0,0,1,1,8.5,274.9,0,0,0,0,0,1
128100,51.061,0.0,0,0,1,0,14.257,0.0,0,0,1,0,3.402,-0.967,0,0.0,0,0,1,1,0,1,0,1,0,0,0,12192.0,2,1,1,1,0,0,1,1,8.5,273.5,0,0,0,0,0,1
128200,51.061,0.0,0,0,1,0,14.257,0.0,0,0,1,0,3.31,-0.917,0,0.0,0,0,1,1,0,1,0,1,0,0,0,12192.0,2,1,1,1,0,0,1,1,8.3,267.7,0,0,0,0,0,1
128300,51.061,0.0,0,0,1,0,14.257,0.0,0,0,1,0,3.223,-0.868,0,0.0,0,0,1,1,0,1,0,1,0,0,0,12192.0,2,1,1,1,0,0,1,1,8.4,268.1,0,0,0,0,0,1
128400,51.061,0.0,0,0,1,0,14.257,0.0,0,0,1,0,3.141,-0.818,0,0.0,0,0,1,1,0,1,0,1,0,0,0,12192.0,2,1,1,1,0,0,1,1,9.2,267.4,0,0,0,0,0,1
128500,51.061,0.0,0,0,1,0,14.257,0.0,0,0,1,0,3.064,-0.768,0,0.0,0,0,1,1,0,1,0,1,0,0,0,12192.0,2,1,1,1,0,0,1,1,8.4,270.6,0,0,0,0,0,1
128600,51.061,0.0,0,0,1,0,14.257,0.0,0,0,1,0,2.993,-0.718,0,0.0,0,0,1,1,0,1,0,1,0,0,0,12192.0,2,1,1,1,0,0,1,1,8.9,268.1,0,0,0,0,0,1
128700,51.061,0.0,0,0,1,0,14.257,0.0,0,0,1,0,2.926,-0.669,0,0.0,0,0,1,1,0,1,0,1,0,0,0,12192.0,2,1,1,1,0,0,1,1,8.8,269.6,0,0,0,0,0,1
128800,51.061,0.0,0,0,1,0,14.257,0.0,0,0,1,0,2.864,-0.619,0,0.0,0,0,1,1,0,1,0,1,0,0,0,12192.0,2,1,1,1,0,0,1,1,8.2,267.5,0,0,0,0,0,1
128900,51.061,0.0,0,0,1,0,14.257,0.0,0,0,1,0,2.807,-0.569,0,0.0,0,0,1,1,0,1,0,1,0,0,0,12192.0,2,1,1,1,0,0,1,1,8.8,270.4,0,0,0,0,0,1
129000,51.061,0.0,0,0,1,0,14.257,0.0,0,0,1,0,2.755,-0.519,0,0.0,0,0,1,1,0,1,0,1,0,0,0,12192.0,2,1,1,1,0,0,1,1,8.7,268.7,0,0,0,0,0,1
129100,51.061,0.0,0,0,1,0,14.257,0.0,0,0,1,0,2.708,-0.47,0,0.0,0,0,1,1,0,1,0,1,0,0,0,12192.0,2,1,1,1,0,0,1,1,8.5,267.1,0,0,0,0,0,1
129200,51.061,0.0,0,0,1,0,14.257,0.0,0,0,1,0,2.666,-0.42,0,0.0,0,0,1,1,0,1,0,1,0,0,0,12192.0,2,1,1,1,0,0,1,1,8.6,269.5,0,0,0,0,0,1
129300,51.061,0.0,0,0,1,0,14.257,0.0,0,0,1,0,2.629,-0.37,0,0.0,0,0,1,1,0,1,0,1,0,0,0,12192.0,2,1,1,1,0,0,1,1,8.2,269.7,0,0,0,0,0,1
129400,51.061,0.0,0,0,1,0,14.257,0.0,0,0,1,0,2.597,-0.32,0,0.0,0,0,1,1,0,1,0,1,0,0,0,12192.0,2,1,1,1,0,0,1,1,8.8,270.7,0,0,0,0,0,1
129500,51.061,0.0,0,0,1,0,14.257,0.0,0,0,1,0,2.57,-0.271,0,0.0,0,0,1,1,0,1,0,1,0,0,0,12192.0,2,1,1,1,0,0,1,1,8.5,266.2,0,0,0,0,0,1
129600,51.061,0.0,0,0,1,0,14.257,0.0,0,0,1,0,2.548,-0.221,0,0.0,0,0,1,1,0,1,0,1,0,0,0,12192.0,2,1,1,1,0,0,1,1,7.9,266.8,0,0,0,0,0,1
129700,51.061,0.0,0,0,1,0,14.257,0.0,0,0,1,0,2.531,-0.171,0,0.0,0,0,1,1,0,1,0,1,0,0,0,12192.0,2,1,1,1,0,0,1,1,8.3,267.8,0,0,0,0,0,1
129800,51.061,0.0,0,0,1,0,14.257,0.0,0,0,1,0,2.519,-0.121,0,0.0,0,0,1,1,0,1,0,1,0,0,0,12192.0,2,1,1,1,0,0,1,1,8.0,267.6,0,0,0,0,0,1
129900,51.061,0.0,0,0,1,0,14.257,0.0,0,0,1,0,2.511,-0.072,0,0.0,0,0,1,1,0,1,0,1,0,0,0,12192.0,2,1,1,1,0,0,1,1,7.8,268.9,0,0,0,0,0,1
130000,51.061,0.0,0,0,0,0,14.257,0.0,0,0,0,0,2.509,0.0,0,0.0,0,0,0,0,0,1,0,1,0,0,0,12192.0,2,1,1,0,1,0,1,1,8.2,267.1,0,0,0,0,0,1
130100,51.061,0.0,0,0,0,0,14.257,0.0,0,0,0,0,2.509,0.0,0,0.0,0,0,0,0,0,1,0,1,1,1,0,12192.0,2,1,1,0,1,0,1,1,7.7,268.4,0,0,0,0,0,1
130200,51.061,0.0,0,0,0,0,14.257,0.0,0,0,0,0,2.509,0.0,0,0.0,0,0,0,0,0,1,0,1,1,1,0,12192.0,2,1,1,0,1,0,1,1,8.9,273.3,0,0,0,0,0,1
130300,51.061,0.0,0,0,0,0,14.257,0.0,0,0,0,0,2.509,0.0,0,0.0,0,0,0,0,0,1,0,1,1,1,0,12192.0,2,1,1,0,1,0,1,1,7.9,268.8,0,0,0,0,0,1
130400,51.061,0.0,0,0,0,0,14.257,0.0,0,0,0,0,2.509,0.0,0,0.0,0,0,0,0,0,1,0,1,1,1,0,12192.0,2,1,1,0,1,0,1,1,8.7,269.7,0,0,0,0,0,1
130500,51.061,0.0,0,0,0,0,14.257,0.0,0,0,0,0,2.509,0.0,0,0.0,0,0,0,0,0,1,0,1,1,1,0,12192.0,2,1,1,0,1,0,1,1,8.0,272.0,0,0,0,0,0,1
130600,51.061,0.0,0,0,0,0,14.257,0.0,0,0,0,0,2.509,0.0,0,0.0,0,0,0,0,0,1,0,1,1,1,0,12192.0,2,1,1,0,1,0,1,1,7.3,273.3,0,0,0,0,0,1
130700,51.061,0.0,0,0,0,0,14.257,0.0,0,0,0,0,2.509,0.0,0,0.0,0,0,0,0,0,1,0,1,1,1,0,12192.0,2,1,1,0,1,0,1,1,7.7,272.8,0,0,0,0,0,1
130800,51.061,0.0,0,0,0,0,14.257,0.0,0,0,0,0,2.509,0.0,0,0.0,0,0,0,0,0,1,0,1,1,1,0,12192.0,2,1,1,0,1,0,1,1,8.6,272.1,0,0,0,0,0,1
130900,51.061,0.0,0,0,0,0,14.257,0.0,0,0,0,0,2.509,0.0,0,0.0,0,0,0,0,0,1,0,1,1,1,0,12192.0,2,1,1,0,1,0,1,1,6.9,270.9,0,0,0,0,0,1
131000,51.061,0.0,0,0,0,0,14.257,0.0,0,0,0,0,2.509,0.0,0,0.0,0,0,0,0,0,1,0,1,1,1,0,12192.0,2,1,1,0,1,0,1,1,7.3,268.5,0,0,0,0,0,1
131100,51.061,0.0,0,0,0,0,14.257,0.0,0,0,0,0,2.509,0.0,0,0.0,0,0,0,0,0,1,0,1,1,1,0,12192.0,2,1,1,0,1,0,1,1,6.9,269.9,0,0,0,0,0,1
131200,51.061,0.0,0,0,0,0,14.257,0.0,0,0,0,0,2.509,0.0,0,0.0,0,0,0,0,0,1,0,1,1,1,0,12192.0,2,1,1,0,1,0,1,1,7.8,266.2,0,0,0,0,0,1
131300,51.061,0.0,0,0,0,0,14.257,0.0,0,0,0,0,2.509,0.0,0,32.07,0,0,0,0,0,1,1,0,1,1,0,12192.0,2,1,1,0,1,0,1,1,7.6,267.7,0,0,0,0,0,1
131400,51.061,0.0,0,0,0,0,14.257,0.0,0,0,0,0,2.509,0.0,0,32.1,0,0,0,0,0,1,1,0,1,1,0,12192.0,2,1,1,0,1,0,1,1,8.3,266.8,0,0,0,0,0,1
131500,51.061,0.0,0,0,0,0,14.257,0.0,0,0,0,0,2.509,0.0,0,31.88,0,0,0,0,0,1,1,0,1,1,0,12192.0,2,1,1,0,1,0,1,1,6.5,268.8,0,0,0,0,0,1
131600,51.061,0.0,0,0,0,0,14.257,0.0,0,0,0,0,2.509,0.0,0,32.05,0,0,0,0,0,1,1,0,1,1,0,12192.0,2,1,1,0,1,0,1,1,7.5,264.8,0,0,0,0,0,1
131700,51.061,0.0,0,0,0,0,14.257,0.0,0,0,0,0,2.509,0.0,0,32.14,0,0,0,0,0,1,1,0,1,1,0,12192.0,2,1,1,0,1,0,1,1,8.3,271.6,0,0,0,0,0,1
131800,51.061,0.0,0,0,0,0,14.257,0.0,0,0,0,0,2.509,0.0,0,32.03,0,0,0,0,0,1,1,0,1,1,0,12192.0,2,1,1,0,1,0,1,1,7.8,268.9,0,0,0,0,0,1
131900,51.061,0.0,0,0,0,0,14.257,0.0,0,0,0,0,2.509,0.0,0,31.9,0,0,0,0,0,1,1,0,1,1,0,12192.0,2,1,1,0,1,0,1,1,7.2,273.1,0,0,0,0,0,1
132000,51.061,0.0,0,0,0,0,14.257,0.0,0,0,0,0,2.509,0.0,0,32.01,0,0,0,0,0,1,1,0,1,1,0,12192.0,2,1,1,0,1,0,1,1,6.9,269.3,0,0,0,0,0,1
132100,51.061,0.0,0,0,0,0,14.257,0.0,0,0,0,0,2.509,0.0,0,32.04,0,0,0,0,0,1,1,0,1,1,0,12192.0,2,1,1,0,1,0,1,1,7.7,269.0,0,0,0,0,0,1
132200,51.061,0.0,0,0,0,0,14.257,0.0,0,0,0,0,2.509,0.0,0,32.02,0,0,0,0,0,1,1,0,1,1,0,12192.0,2,1,1,0,1,0,1,1,7.0,272.1,0,0,0,0,0,1
132300,51.061,0.0,0,0,0,0,14.257,0.0,0,0,0,0,2.509,0.0,0,31.99,0,0,0,0,0,1,1,0,1,1,0,12192.0,2,1,1,0,1,0,1,1,7.3,268.0,0,0,0,0,0,1
132400,51.061,0.0,0,0,0,0,14.257,0.0,0,0,0,0,2.509,0.0,0,32.19,0,0,0,0,0,1,1,0,1,1,0,12192.0,2,1,1,0,1,0,1,1,7.2,266.4,0,0,0,0,0,1
132500,51.061,0.0,0,0,0,0,14.257,0.0,0,0,0,0,2.509,0.0,0,31.96,0,0,0,0,0,1,1,0,1,1,0,12192.0,2,1,1,0,1,0,1,1,7.2,270.6,0,0,0,0,0,1
132600,51.061,0.0,0,0,0,0,14.257,0.0,0,0,0,0,2.509,0.0,0,32.01,0,0,0,0,0,1,1,0,1,1,0,12192.0,2,1,1,0,1,0,1,1,8.0,269.2,0,0,0,0,0,1
132700,51.061,0.0,0,0,0,0,14.257,0.0,0,0,0,0,2.509,0.0,0,32.0,0,0,0,0,0,1,1,0,1,1,0,12192.0,2,1,1,0,1,0,1,1,8.5,270.7,0,0,0,0,0,1
132800,51.061,0.0,0,0,0,0,14.257,0.0,0,0,0,0,2.509,0.0,0,31.83,0,0,0,0,0,1,1,0,1,1,0,12192.0,2,1,1,0,1,0,1,1,6.9,270.8,0,0,0,0,0,1
132900,51.061,0.0,0,0,0,0,14.257,0.0,0,0,0,0,2.509,0.0,0,32.14,0,0,0,0,0,1,1,0,1,1,0,12192.0,2,1,1,0,1,0,1,1,7.4,267.9,0,0,0,0,0,1
133000,51.061,0.0,0,0,0,0,14.257,0.0,0,0,0,0,2.509,0.0,0,32.13,0,0,0,0,0,1,1,0,1,1,0,12192.0,2,1,1,0,1,0,1,1,6.8,267.2,0,0,0,0,0,1
133100,51.061,0.0,0,0,0,0,14.257,0.0,0,0,0,0,2.509,0.0,0,31.99,0,0,0,0,0,1,1,0,1,1,0,12192.0,2,1,1,0,1,0,1,1,7.3,271.1,0,0,0,0,0,1
133200,51.061,0.0,0,0,1,0,14.257,0.0,0,0,1,0,2.514,0.05,1,33.61,0,0,1,1,0,1,1,0,0,1,0,12192.0,2,1,1,1,0,0,1,1,7.0,265.6,0,0,0,0,0,1
133300,51.061,0.0,0,0,1,0,14.257,0.0,0,0,1,0,2.524,0.1,1,33.66,0,0,1,1,0,1,1,0,0,1,0,12192.0,2,1,1,1,0,0,1,1,7.4,274.4,0,0,0,0,0,1
133400,51.061,0.0,0,0,1,0,14.257,0.0,0,0,1,0,2.539,0.149,1,33.56,0,0,1,1,0,1,1,0,0,1,0,12192.0,2,1,1,1,0,0,1,1,7.2,266.8,0,0,0,0,0,1
133500,51.061,0.0,0,0,1,0,14.257,0.0,0,0,1,0,2.559,0.199,1,33.67,0,0,1,1,0,1,1,0,0,1,0,12192.0,2,1,1,1,0,0,1,1,7.5,272.4,0,0,0,0,0,1
133600,51.061,0.0,0,0,1,0,14.257,0.0,0,0,1,0,2.584,0.249,1,33.5,0,0,1,1,0,1,1,0,0,1,0,12192.0,2,1,1,1,0,0,1,1,8.5,269.9,0,0,0,0,0,1
133700,51.061,0.0,0,0,1,0,14.257,0.0,0,0,1,0,2.614,0.299,1,33.59,0,0,1,1,0,1,1,0,0,1,0,12192.0,2,1,1,1,0,0,1,1,7.4,272.6,0,0,0,0,0,1
133800,51.061,0.0,0,0,1,0,14.257,0.0,0,0,1,0,2.649,0.348,1,33.68,0,0,1,1,0,1,1,0,0,1,0,12192.0,2,1,1,1,0,0,1,1,8.1,266.5,0,0,0,0,0,1
133900,51.061,0.0,0,0,1,0,14.257,0.0,0,0,1,0,2.688,0.398,1,33.5,0,0,1,1,0,1,1,0,0,1,0,12192.0,2,1,1,1,0,0,1,1,7.7,270.1,0,0,0,0,0,1
134000,51.061,0.0,0,0,1,0,14.257,0.0,0,0,1,0,2.733,0.448,1,33.83,0,0,1,1,0,1,1,0,0,1,0,12192.0,2,1,1,1,0,0,1,1,8.9,268.6,0,0,0,0,0,1
134100,51.061,0.0,0,0,1,0,14.257,0.0,0,0,1,0,2.783,0.498,1,33.59,0,0,1,1,0,1,1,0,0,1,0,12192.0,2,1,1,1,0,0,1,1,8.6,271.2,0,0,0,0,0,1
134200,51.061,0.0,0,0,1,0,14.257,0.0,0,0,1,0,2.838,0.547,1,33.63,0,0,1,1,0,1,1,0,0,1,0,12192.0,2,1,1,1,0,0,1,1,8.7,269.1,0,0,0,0,0,1
134300,51.061,0.0,0,0,1,0,14.257,0.0,0,0,1,0,2.897,0.597,1,33.63,0,0,1,1,0,1,1,0,0,1,0,12192.0,2,1,1,1,0,0,1,1,8.4,272.2,0,0,0,0,0,1
134400,51.061,0.0,0,0,1,0,14.257,0.0,0,0,1,0,2.962,0.647,1,33.55,0,0,1,1,0,1,1,0,0,1,0,12192.0,2,1,1,1,0,0,1,1,7.3,267.7,0,0,0,0,0,1
134500,51.061,0.0,0,0,1,0,14.257,0.0,0,0,1,0,3.032,0.697,1,33.74,0,0,1,1,0,1,1,0,0,1,0,12192.0,2,1,1,1,0,0,1,1,8.2,270.1,0,0,0,0,0,1
134600,51.061,0.0,0,0,1,0,14.257,0.0,0,0,1,0,3.106,0.746,1,33.63,0,0,1,1,0,1,1,0,0,1,0,12192.0,2,1,1,1,0,0,1,1,7.7,273.1,0,0,0,0,0,1
134700,51.061,0.0,0,0,1,0,14.257,0.0,0,0,1,0,3.186,0.796,1,33.54,0,0,1,1,0,1,1,0,0,1,0,12192.0,2,1,1,1,0,0,1,1,8.1,271.0,0,0,0,0,0,1
134800,51.061,0.0,0,0,1,0,14.257,0.0,0,0,1,0,3.271,0.846,1,33.76,0,0,1,1,0,1,1,0,0,1,0,12192.0,2,1,1,1,0,0,1,1,7.3,270.5,0,0,0,0,0,1
134900,51.061,0.0,0,0,1,0,14.257,0.0,0,0,1,0,3.36,0.896,1,33.66,0,0,1,1,0,1,1,0,0,1,0,12192.0,2,1,1,1,0,0,1,1,8.5,276.8,0,0,0,0,0,1
135000,51.061,0.0,0,0,1,0,14.257,0.0,0,0,1,0,3.455,0.945,1,33.74,0,0,1,1,0,1,1,0,0,1,0,12192.0,2,1,1,1,0,0,1,1,8.8,268.7,0,0,0,0,0,1
135100,51.061,0.0,0,0,1,0,14.257,0.0,0,0,1,0,3.554,0.995,1,33.81,0,0,1,1,0,1,1,0,0,1,0,12192.0,2,1,1,1,0,0,1,1,8.2,266.9,0,0,0,0,0,1
135200,51.061,0.0,0,0,1,0,14.257,0.0,0,0,1,0,3.659,1.045,1,33.58,0,0,1,1,0,1,1,0,0,1,0,12192.0,2,1,1,1,0,0,1,1,8.3,268.9,0,0,0,0,0,1
135300,51.061,0.0,0,0,1,0,14.257,0.0,0,0,1,0,3.768,1.095,1,33.65,0,0,1,1,0,1,1,0,0,1,0,12192.0,2,1,1,1,0,0,1,1,8.1,267.6,0,0,0,0,0,1
135400,51.061,0.0,0,0,1,0,14.257,0.0,0,0,1,0,3.883,1.145,1,33.58,0,0,1,1,0,1,1,0,0,1,0,12192.0,2,1,1,1,0,0,1,1,7.9,267.5,0,0,0,0,0,1
135500,51.061,0.0,0,0,1,0,14.257,0.0,0,0,1,0,4.002,1.194,1,33.55,0,0,1,1,0,1,1,0,0,1,0,12192.0,2,1,1,1,0,0,1,1,8.1,268.4,0,0,0,0,0,1
135600,51.061,0.0,0,0,1,0,14.257,0.0,0,0,1,0,4.126,1.244,1,33.74,0,0,1,1,0,1,1,0,0,1,0,12192.0,2,1,1,1,0,0,1,1,8.3,268.4,0,0,0,0,0,1
135700,51.061,0.0,0,0,1,0,14.257,0.0,0,0,1,0,4.253,1.266,1,33.87,0,0,1,1,0,1,1,0,0,1,0,12192.0,2,1,1,1,0,0,1,1,7.8,263.1,0,0,0,0,0,1
135800,51.061,0.0,0,0,1,0,14.257,0.0,0,0,1,0,4.38,1.266,1,33.58,0,0,1,1,0,1,1,0,0,1,0,12192.0,2,1,1,1,0,0,1,1,8.4,271.4,0,0,0,0,0,1
135900,51.061,0.0,0,0,1,0,14.257,0.0,0,0,1,0,4.506,1.266,1,33.67,0,0,1,1,0,1,1,0,0,1,0,12192.0,2,1,1,1,0,0,1,1,8.3,271.2,0,0,0,0,0,1
136000,51.061,0.0,0,0,1,0,14.257,0.0,0,0,1,0,4.633,1.266,1,33.74,0,0,1,1,0,1,1,0,0,1,0,12192.0,2,1,1,1,0,0,1,1,7.8,270.6,0,0,0,0,0,1
136100,51.061,0.0,0,0,1,0,14.257,0.0,0,0,1,0,4.759,1.266,1,33.91,0,0,1,1,0,1,1,0,0,1,0,12192.0,2,1,1,1,0,0,1,1,8.3,266.4,0,0,0,0,0,1
136200,51.061,0.0,0,0,1,0,14.257,0.0,0,0,1,0,4.886,1.266,1,33.89,0,0,1,1,0,1,1,0,0,1,0,12192.0,2,1,1,1,0,0,1,1,8.7,270.5,0,0,0,0,0,1
136300,51.061,0.0,0,0,1,0,14.257,0.0,0,0,1,0,5.013,1.266,1,33.75,0,0,1,1,0,1,1,0,0,1,0,12192.0,2,1,1,1,0,0,1,1,8.5,271.8,0,0,0,0,0,1
136400,51.061,0.0,0,0,1,0,14.257,0.0,0,0,1,0,5.139,1.266,1,33.51,0,0,1,1,0,1,1,0,0,1,0,12192.0,2,1,1,1,0,0,1,1,8.6,265.5,0,0,0,0,0,1
136500,51.061,0.0,0,0,1,0,14.257,0.0,0,0,1,0,5.266,1.266,1,33.68,0,0,1,1,0,1,1,0,0,1,0,12192.0,2,1,1,1,0,0,1,1,8.9,268.4,0,0,0,0,0,1
136600,51.061,0.0,0,0,1,0,14.257,0.0,0,0,1,0,5.392,1.266,1,33.53,0,0,1,1,0,1,1,0,0,1,0,12192.0,2,1,1,1,0,0,1,1,8.6,268.3,0,0,0,0,0,1
136700,51.061,0.0,0,0,1,0,14.257,0.0,0,0,1,0,5.519,1.266,1,33.63,0,0,1,1,0,1,1,0,0,1,0,12192.0,2,1,1,1,0,0,1,1,9.0,272.2,0,0,0,0,0,1
136800,51.061,0.0,0,0,1,0,14.257,0.0,0,0,1,0,5.645,1.266,1,33.63,0,0,1,1,0,1,1,0,0,1,0,12192.0,2,1,1,1,0,0,1,1,9.1,270.1,0,0,0,0,0,1
136900,51.061,0.0,0,0,1,0,14.257,0.0,0,0,1,0,5.772,1.266,1,33.72,0,0,1,1,0,1,1,0,0,1,0,12192.0,2,1,1,1,0,0,1,1,9.3,268.4,0,0,0,0,0,1
137000,51.061,0.0,0,0,1,0,14.257,0.0,0,0,1,0,5.899,1.266,1,33.76,0,0,1,1,0,1,1,0,0,1,0,12192.0,2,1,1,1,0,0,1,1,9.1,271.8,0,0,0,0,0,1
137100,51.061,0.0,0,0,1,0,14.257,0.0,0,0,1,0,6.025,1.266,1,33.61,0,0,1,1,0,1,1,0,0,1,0,12192.0,2,1,1,1,0,0,1,1,9.0,269.2,0,0,0,0,0,1
137200,51.061,0.0,0,0,1,0,14.257,0.0,0,0,1,0,6.152,1.266,1,33.86,0,0,1,1,0,1,1,0,0,1,0,12192.0,2,1,1,1,0,0,1,1,9.3,273.4,0,0,0,0,0,1
137300,51.061,0.0,0,0,1,0,14.257,0.0,0,0,1,0,6.278,1.266,1,33.65,0,0,1,1,0,1,1,0,0,1,0,12192.0,2,1,1,1,0,0,1,1,8.2,267.2,0,0,0,0,0,1
137400,51.061,0.0,0,0,1,0,14.257,0.0,0,0,1,0,6.405,1.266,1,33.57,0,0,1,1,0,1,1,0,0,1,0,12192.0,2,1,1,1,0,0,1,1,8.8,267.5,0,0,0,0,0,1
137500,51.061,0.0,0,0,1,0,14.257,0.0,0,0,1,0,6.532,1.266,1,33.84,0,0,1,1,0,1,1,0,0,1,0,12192.0,2,1,1,1,0,0,1,1,8.9,271.0,0,0,0,0,0,1
137600,51.061,0.0,0,0,1,0,14.257,0.0,0,0,1,0,6.658,1.266,1,33.64,0,0,1,1,0,1,1,0,0,1,0,12192.0,2,1,1,1,0,0,1,1,8.1,272.0,0,0,0,0,0,1
137700,51.061,0.0,0,0,1,0,14.257,0.0,0,0,1,0,6.785,1.266,1,33.67,0,0,1,1,0,1,1,0,0,1,0,12192.0,2,1,1,1,0,0,1,1,8.6,274.2,0,0,0,0,0,1
137800,51.061,0.0,0,0,1,0,14.257,0.0,0,0,1,0,6.911,1.266,1,33.69,0,0,1,1,0,1,1,0,0,1,0,12192.0,2,1,1,1,0,0,1,1,8.4,272.1,0,0,0,0,0,1
137900,51.061,0.0,0,0,1,0,14.257,0.0,0,0,1,0,7.038,1.266,1,33.57,0,0,1,1,0,1,1,0,0,1,0,12192.0,2,1,1,1,0,0,1,1,7.5,273.0,0,0,0,0,0,1
138000,51.061,0.0,0,0,1,0,14.257,0.0,0,0,1,0,7.164,1.266,1,33.79,0,0,1,1,0,1,1,0,0,1,0,12192.0,2,1,1,1,0,0,1,1,7.8,270.2,0,0,0,0,0,1
138100,51.061,0.0,0,0,1,0,14.257,0.0,0,0,1,0,7.291,1.266,1,33.57,0,0,1,1,0,1,1,0,0,1,0,12192.0,2,1,1,1,0,0,1,1,8.6,268.4,0,0,0,0,0,1
138200,51.061,0.0,0,0,1,0,14.257,0.0,0,0,1,0,7.418,1.266,1,33.62,0,0,1,1,0,1,1,0,0,1,0,12192.0,2,1,1,1,0,0,1,1,8.4,274.2,0,0,0,0,0,1
138300,51.061,0.0,0,0,1,0,14.257,0.0,0,0,1,0,7.544,1.266,1,33.51,0,0,1,1,0,1,1,0,0,1,0,12192.0,2,1,1,1,0,0,1,1,9.2,269.6,0,0,0,0,0,1
138400,51.061,0.0,0,0,1,0,14.257,0.0,0,0,1,0,7.671,1.266,1,33.5,0,0,1,1,0,1,1,0,0,1,0,12192.0,2,1,1,1,0,0,1,1,9.0,269.2,0,0,0,0,0,1
138500,51.061,0.0,0,0,1,0,14.257,0.0,0,0,1,0,7.797,1.266,1,33.74,0,0,1,1,0,1,1,0,0,1,0,12192.0,2,1,1,1,0,0,1,1,8.6,270.6,0,0,0,0,0,1
138600,51.061,0.0,0,0,1,0,14.257,0.0,0,0,1,0,7.924,1.266,1,33.58,0,0,1,1,0,1,1,0,0,1,0,12192.0,2,1,1,1,0,0,1,1,8.9,270.0,0,0,0,0,0,1
138700,51.061,0.0,0,0,1,0,14.257,0.0,0,0,1,0,8.051,1.266,1,33.61,0,0,1,1,0,1,1,0,0,1,0,12192.0,2,1,1,1,0,0,1,1,7.6,268.0,0,0,0,0,0,1
138800,51.061,0.0,0,0,1,0,14.257,0.0,0,0,1,0,8.177,1.266,1,33.56,0,0,1,1,0,1,1,0,0,1,0,12192.0,2,1,1,1,0,0,1,1,8.6,268.7,0,0,0,0,0,1
138900,51.061,0.0,0,0,1,0,14.257,0.0,0,0,1,0,8.304,1.266,1,33.84,0,0,1,1,0,1,1,0,0,1,0,12192.0,2,1,1,1,0,0,1,1,8.2,275.3,0,0,0,0,0,1
139000,51.061,0.0,0,0,1,0,14.257,0.0,0,0,1,0,8.43,1.266,1,33.64,0,0,1,1,0,1,1,0,0,1,0,12192.0,2,1,1,1,0,0,1,1,7.6,269.0,0,0,0,0,0,1
139100,51.061,0.0,0,0,1,0,14.257,0.0,0,0,1,0,8.557,1.266,1,33.76,0,0,1,1,0,1,1,0,0,1,0,12192.0,2,1,1,1,0,0,1,1,8.4,270.8,0,0,0,0,0,1
139200,51.061,0.0,0,0,1,0,14.257,0.0,0,0,1,0,8.683,1.266,1,33.85,0,0,1,1,0,1,1,0,0,1,0,12192.0,2,1,1,1,0,0,1,1,7.7,269.3,0,0,0,0,0,1
139300,51.061,0.0,0,0,1,0,14.257,0.0,0,0,1,0,8.81,1.266,1,33.54,0,0,1,1,0,1,1,0,0,1,0,12192.0,2,1,1,1,0,0,1,1,8.5,270.6,0,0,0,0,0,1
139400,51.061,0.0,0,0,1,0,14.257,0.0,0,0,1,0,8.937,1.266,1,33.59,0,0,1,1,0,1,1,0,0,1,0,12192.0,2,1,1,1,0,0,1,1,8.4,274.0,0,0,0,0,0,1
139500,51.061,0.0,0,0,1,0,14.257,0.0,0,0,1,0,9.063,1.266,1,33.66,0,0,1,1,0,1,1,0,0,1,0,12192.0,2,1,1,1,0,0,1,1,7.5,270.8,0,0,0,0,0,1
139600,51.061,0.0,0,0,1,0,14.257,0.0,0,0,1,0,9.19,1.266,1,33.55,0,0,1,1,0,1,1,0,0,1,0,12192.0,2,1,1,1,0,0,1,1,7.6,273.7,0,0,0,0,0,1
139700,51.061,0.0,0,0,1,0,14.257,0.0,0,0,1,0,9.316,1.266,1,33.76,0,0,1,1,0,1,1,0,0,1,0,12192.0,2,1,1,1,0,0,1,1,7.2,269.8,0,0,0,0,0,1
139800,51.061,0.0,0,0,1,0,14.257,0.0,0,0,1,0,9.443,1.266,1,33.7,0,0,1,1,0,1,1,0,0,1,0,12192.0,2,1,1,1,0,0,1,1,7.8,269.4,0,0,0,0,0,1
139900,51.061,0.0,0,0,1,0,14.257,0.0,0,0,1,0,9.57,1.266,1,33.58,0,0,1,1,0,1,1,0,0,1,0,12192.0,2,1,1,1,0,0,1,1,7.9,274.3,0,0,0,0,0,1
140000,51.061,0.0,0,0,1,0,14.257,0.0,0,0,1,0,9.696,1.266,1,33.66,0,0,1,1,0,1,1,0,0,1,0,12192.0,2,1,1,1,0,0,1,1,7.8,267.3,0,0,0,0,0,1
140100,51.061,0.0,0,0,1,0,14.257,0.0,0,0,1,0,9.823,1.266,1,33.72,0,0,1,1,0,1,1,0,0,1,0,12192.0,2,1,1,1,0,0,1,1,7.4,269.3,0,0,0,0,0,1
140200,51.061,0.0,0,0,1,0,14.257,0.0,0,0,1,0,9.949,1.266,1,33.52,0,0,1,1,0,1,1,0,0,1,0,12192.0,2,1,1,1,0,0,1,1,7.2,265.2,0,0,0,0,0,1
140300,51.061,0.0,0,0,1,0,14.257,0.0,0,0,1,0,10.076,1.266,1,33.62,0,0,1,1,0,1,1,0,0,1,0,12192.0,2,1,1,1,0,0,1,1,8.0,270.4,0,0,0,0,0,1
140400,51.061,0.0,0,0,1,0,14.257,0.0,0,0,1,0,10.202,1.266,1,33.71,0,0,1,1,0,1,1,0,0,1,0,12192.0,2,1,1,1,0,0,1,1,7.4,270.2,0,0,0,0,0,1
140500,51.061,0.0,0,0,1,0,14.257,0.0,0,0,1,0,10.329,1.266,1,33.47,0,0,1,1,0,1,1,0,0,1,0,12192.0,2,1,1,1,0,0,1,1,7.4,269.7,0,0,0,0,0,1
140600,51.061,0.0,0,0,1,0,14.257,0.0,0,0,1,0,10.456,1.266,1,33.59,0,0,1,1,0,1,1,0,0,1,0,12192.0,2,1,1,1,0,0,1,1,7.0,267.3,0,0,0,0,0,1
140700,51.061,0.0,0,0,1,0,14.257,0.0,0,0,1,0,10.582,1.266,1,33.52,0,0,1,1,0,1,1,0,0,1,0,12192.0,2,1,1,1,0,0,1,1,6.5,269.1,0,0,0,0,0,1
140800,51.061,0.0,0,0,1,0,14.257,0.0,0,0,1,0,10.709,1.266,1,33.52,0,0,1,1,0,1,1,0,0,1,0,12192.0,2,1,1,1,0,0,1,1,7.4,269.9,0,0,0,0,0,1
140900,51.061,0.0,0,0,1,0,14.257,0.0,0,0,1,0,10.835,1.266,1,33.6,0,0,1,1,0,1,1,0,0,1,0,12192.0,2,1,1,1,0,0,1,1,7.0,271.7,0,0,0,0,0,1
141000,51.061,0.0,0,0,1,0,14.257,0.0,0,0,1,0,10.962,1.266,1,33.65,0,0,1,1,0,1,1,0,0,1,0,12192.0,2,1,1,1,0,0,1,1,8.1,264.4,0,0,0,0,0,1
141100,51.061,0.0,0,0,1,0,14.257,0.0,0,0,1,0,11.089,1.266,1,33.48,0,0,1,1,0,1,1,0,0,1,0,12192.0,2,1,1,1,0,0,1,1,7.8,271.3,0,0,0,0,0,1
141200,51.061,0.0,0,0,1,0,14.257,0.0,0,0,1,0,11.215,1.266,1,33.67,0,0,1,1,0,1,1,0,0,1,0,12192.0,2,1,1,1,0,0,1,1,7.7,266.3,0,0,0,0,0,1
141300,51.061,0.0,0,0,1,0,14.257,0.0,0,0,1,0,11.342,1.266,1,33.75,0,0,1,1,0,1,1,0,0,1,0,12192.0,2,1,1,1,0,0,1,1,8.4,276.8,0,0,0,0,0,1
141400,51.061,0.0,0,0,1,0,14.257,0.0,0,0,1,0,11.468,1.266,1,33.64,0,0,1,1,0,1,1,0,0,1,0,12192.0,2,1,1,1,0,0,1,1,7.8,268.8,0,0,0,0,0,1
141500,51.061,0.0,0,0,1,0,14.257,0.0,0,0,1,0,11.595,1.266,1,33.52,0,0,1,1,0,1,1,0,0,1,0,12192.0,2,1,1,1,0,0,1,1,7.5,265.5,0,0,0,0,0,1
141600,51.061,0.0,0,0,1,0,14.257,0.0,0,0,1,0,11.721,1.266,1,33.46,0,0,1,1,0,1,1,0,0,1,0,12192.0,2,1,1,1,0,0,1,1,7.2,273.8,0,0,0,0,0,1
141700,51.061,0.0,0,0,1,0,14.257,0.0,0,0,1,0,11.848,1.266,1,33.72,0,0,1,1,0,1,1,0,0,1,0,12192.0,2,1,1,1,0,0,1,1,7.1,270.7,0,0,0,0,0,1
141800,51.061,0.0,0,0,1,0,14.257,0.0,0,0,1,0,11.97,1.216,1,30.35,0,0,1,1,0,1,1,0,0,1,0,12192.0,2,1,1,1,0,0,1,1,7.6,270.6,0,0,0,0,0,1
141900,51.061,0.0,0,0,1,0,14.257,0.0,0,0,1,0,12.086,1.166,1,30.44,0,0,1,1,0,1,1,0,0,1,0,12192.0,2,1,1,1,0,0,1,1,7.2,264.9,0,0,0,0,0,1
142000,51.061,0.0,0,0,1,0,14.257,0.0,0,0,1,0,12.198,1.117,1,30.56,0,0,1,1,0,1,1,0,0,1,0,12192.0,2,1,1,1,0,0,1,1,7.1,264.1,0,0,0,0,0,1
142100,51.061,0.0,0,0,1,0,14.257,0.0,0,0,1,0,12.305,1.067,1,30.47,0,0,1,1,0,1,1,0,0,1,0,12192.0,2,1,1,1,0,0,1,1,7.4,266.3,0,0,0,0,0,1
142200,51.061,0.0,0,0,1,0,14.257,0.0,0,0,1,0,12.406,1.017,1,30.32,0,0,1,1,0,1,1,0,0,1,0,12192.0,2,1,1,1,0,0,1,1,7.4,270.2,0,0,0,0,0,1
142300,51.061,0.0,0,0,1,0,14.257,0.0,0,0,1,0,12.503,0.967,1,30.21,0,0,1,1,0,1,1,0,0,1,0,12192.0,2,1,1,1,0,0,1,1,7.4,270.5,0,0,0,0,0,1
142400,51.061,0.0,0,0,1,0,14.257,0.0,0,0,1,0,12.595,0.917,1,30.17,0,0,1,1,0,1,1,0,0,1,0,12192.0,2,1,1,1,0,0,1,1,7.3,271.7,0,0,0,0,0,1
142500,51.061,0.0,0,0,1,0,14.257,0.0,0,0,1,0,12.682,0.868,1,30.4,0,0,1,1,0,1,1,0,0,1,0,12192.0,2,1,1,1,0,0,1,1,7.3,274.2,0,0,0,0,0,1
142600,51.061,0.0,0,0,1,0,14.257,0.0,0,0,1,0,12.763,0.818,1,30.2,0,0,1,1,0,1,1,0,0,1,0,12192.0,2,1,1,1,0,0,1,1,8.1,268.0,0,0,0,0,0,1
142700,51.061,0.0,0,0,1,0,14.257,0.0,0,0,1,0,12.84,0.768,1,30.22,0,0,1,1,0,1,1,0,0,1,0,12192.0,2,1,1,1,0,0,1,1,6.9,273.9,0,0,0,0,0,1
142800,51.061,0.0,0,0,1,0,14.257,0.0,0,0,1,0,12.912,0.718,1,30.43,0,0,1,1,0,1,1,0,0,1,0,12192.0,2,1,1,1,0,0,1,1,8.3,269.8,0,0,0,0,0,1
142900,51.061,0.0,0,0,1,0,14.257,0.0,0,0,1,0,12.979,0.669,1,30.5,0,0,1,1,0,1,1,0,0,1,0,12192.0,2,1,1,1,0,0,1,1,7.8,270.9,0,0,0,0,0,1
143000,51.061,0.0,0,0,1,0,14.257,0.0,0,0,1,0,13.041,0.619,1,30.16,0,0,1,1,0,1,1,0,0,1,0,12192.0,2,1,1,1,0,0,1,1,8.7,270.5,0,0,0,0,0,1
143100,51.061,0.0,0,0,1,0,14.257,0.0,0,0,1,0,13.098,0.569,1,30.37,0,0,1,1,0,1,1,0,0,1,0,12192.0,2,1,1,1,0,0,1,1,7.3,270.1,0,0,0,0,0,1
143200,51.061,0.0,0,0,1,0,14.257,0.0,0,0,1,0,13.15,0.519,1,30.3,0,0,1,1,0,1,1,0,0,1,0,12192.0,2,1,1,1,0,0,1,1,7.4,270.0,0,0,0,0,0,1
143300,51.061,0.0,0,0,1,0,14.257,0.0,0,0,1,0,13.197,0.47,1,30.51,0,0,1,1,0,1,1,0,0,1,0,12192.0,2,1,1,1,0,0,1,1,7.5,271.5,0,0,0,0,0,1
143400,51.061,0.0,0,0,1,0,14.257,0.0,0,0,1,0,13.239,0.42,1,30.27,0,0,1,1,0,1,1,0,0,1,0,12192.0,2,1,1,1,0,0,1,1,7.5,272.4,0,0,0,0,0,1
143500,51.061,0.0,0,0,1,0,14.257,0.0,0,0,1,0,13.276,0.37,1,30.63,0,0,1,1,0,1,1,0,0,1,0,12192.0,2,1,1,1,0,0,1,1,7.5,271.4,0,0,0,0,0,1
143600,51.061,0.0,0,0,1,0,14.257,0.0,0,0,1,0,13.308,0.32,1,30.35,0,0,1,1,0,1,1,0,0,1,0,12192.0,2,1,1,1,0,0,1,1,9.3,273.1,0,0,0,0,0,1
143700,51.061,0.0,0,0,1,0,14.257,0.0,0,0,1,0,13.334,0.266,1,30.48,0,0,1,1,0,1,1,0,0,1,0,12192.0,2,1,1,1,0,0,1,1,9.0,270.0,0,0,0,0,0,1
143800,51.061,0.0,0,0,1,0,14.257,0.0,0,0,1,0,13.355,0.21,1,30.31,0,0,1,1,0,1,1,0,0,1,0,12192.0,2,1,1,1,0,0,1,1,8.2,268.8,0,0,0,0,0,1
143900,51.061,0.0,0,0,1,0,14.257,0.0,0,0,1,0,13.37,0.152,1,30.24,0,0,1,1,0,1,1,0,0,1,0,12192.0,2,1,1,1,0,0,1,1,8.5,270.9,0,0,0,0,0,1
144000,51.061,0.0,0,0,1,0,14.257,0.0,0,0,1,0,13.379,0.09,1,30.4,0,0,1,1,0,1,1,0,0,1,0,12192.0,2,1,1,1,0,0,1,1,7.8,275.4,0,0,0,0,0,1
144100,51.061,0.0,0,0,0,0,14.257,0.0,0,0,0,0,13.383,0.0,0,31.92,0,0,0,0,0,1,1,0,0,1,0,12192.0,2,1,1,0,1,0,1,1,7.8,267.7,0,0,0,0,0,1
144200,51.063,0.015,1,1,1,0,14.251,-0.056,0,1,1,0,13.383,0.0,0,31.95,0,0,0,1,0,1,1,0,0,1,0,12192.0,2,1,1,1,0,0,1,1,7.6,270.4,0,0,0,0,0,1
144300,51.066,0.03,1,1,1,0,14.24,-0.112,0,1,1,0,13.383,0.0,0,32.19,0,0,0,1,0,1,1,0,0,1,0,12192.0,2,1,1,1,0,0,1,1,8.4,274.8,0,0,0,0,0,1
144400,51.07,0.045,1,1,1,0,14.223,-0.167,0,1,1,0,13.383,0.0,0,31.93,0,0,0,1,0,1,1,0,0,1,0,12192.0,2,1,1,1,0,0,1,1,8.5,275.3,0,0,0,0,0,1
144500,51.076,0.059,1,1,1,0,14.201,-0.223,0,1,1,0,13.383,0.0,0,32.05,0,0,0,1,0,1,1,0,0,1,0,12192.0,2,1,1,1,0,0,1,1,8.1,266.6,0,0,0,0,0,1
144600,51.084,0.074,1,1,1,0,14.173,-0.279,0,1,1,0,13.383,0.0,0,31.75,0,0,0,1,0,1,1,0,0,1,0,12192.0,2,1,1,1,0,0,1,1,7.7,269.7,0,0,0,0,0,1
144700,51.093,0.089,1,1,1,0,14.14,-0.335,0,1,1,0,13.383,0.0,0,32.08,0,0,0,1,0,1,1,0,0,1,0,12192.0,2,1,1,1,0,0,1,1,8.4,266.7,0,0,0,0,0,1
144800,51.103,0.104,1,1,1,0,14.1,-0.391,0,1,1,0,13.383,0.0,0,32.01,0,0,0,1,0,1,1,0,0,1,0,12192.0,2,1,1,1,0,0,1,1,9.0,269.8,0,0,0,0,0,1
144900,51.115,0.119,1,1,1,0,14.056,-0.447,0,1,1,0,13.383,0.0,0,31.89,0,0,0,1,0,1,1,0,0,1,0,12192.0,2,1,1,1,0,0,1,1,8.2,271.9,0,0,0,0,0,1
145000,51.128,0.134,1,1,1,0,14.006,-0.502,0,1,1,0,13.383,0.0,0,32.04,0,0,0,1,0,1,1,0,0,1,0,12192.0,2,1,1,1,0,0,1,1,8.6,268.2,0,0,0,0,0,1
145100,51.143,0.148,1,1,1,0,13.95,-0.558,0,1,1,0,13.383,0.0,0,32.04,0,0,0,1,0,1,1,0,0,1,0,12192.0,2,1,1,1,0,0,1,1,8.4,274.3,0,0,0,0,0,1
145200,51.159,0.163,1,1,1,0,13.888,-0.614,0,1,1,0,13.383,0.0,0,32.05,0,0,0,1,0,1,1,0,0,1,0,12192.0,2,1,1,1,0,0,1,1,8.7,269.0,0,0,0,0,0,1
145300,51.177,0.178,1,1,1,0,13.821,-0.67,0,1,1,0,13.383,0.0,0,32.21,0,0,0,1,0,1,1,0,0,1,0,12192.0,2,1,1,1,0,0,1,1,8.8,270.3,0,0,0,0,0,1
145400,51.197,0.193,1,1,1,0,13.749,-0.726,0,1,1,0,13.383,0.0,0,31.9,0,0,0,1,0,1,1,0,0,1,0,12192.0,2,1,1,1,0,0,1,1,9.3,266.8,0,0,0,0,0,1
145500,51.217,0.208,1,1,1,0,13.671,-0.781,0,1,1,0,13.383,0.0,0,32.11,0,0,0,1,0,1,1,0,0,1,0,12192.0,2,1,1,1,0,0,1,1,8.7,268.4,0,0,0,0,0,1
145600,51.24,0.223,1,1,1,0,13.587,-0.837,0,1,1,0,13.383,0.0,0,31.96,0,0,0,1,0,1,1,0,0,1,0,12192.0,2,1,1,1,0,0,1,1,8.5,271.2,0,0,0,0,0,1
145700,51.263,0.238,1,1,1,0,13.498,-0.893,0,1,1,0,13.383,0.0,0,32.19,0,0,0,1,0,1,1,0,0,1,0,12192.0,2,1,1,1,0,0,1,1,7.9,272.5,0,0,0,0,0,1
145800,51.289,0.252,1,1,1,0,13.403,-0.949,0,1,1,0,13.383,0.0,0,31.98,0,0,0,1,0,1,1,0,0,1,0,12192.0,2,1,1,1,0,0,1,1,9.0,272.7,0,0,0,0,0,1
145900,51.315,0.267,1,1,1,0,13.302,-1.005,0,1,1,0,13.383,0.0,0,31.97,0,0,0,1,0,1,1,0,0,1,0,12192.0,2,1,1,1,0,0,1,1,8.4,269.4,0,0,0,0,0,1
146000,51.344,0.282,1,1,1,0,13.196,-1.061,0,1,1,0,13.383,0.0,0,32.06,0,0,0,1,0,1,1,0,0,1,0,12192.0,2,1,1,1,0,0,1,1,9.4,270.0,0,0,0,0,0,1
146100,51.373,0.297,1,1,1,0,13.085,-1.116,0,1,1,0,13.383,0.0,0,31.92,0,0,0,1,0,1,1,0,0,1,0,12192.0,2,1,1,1,0,0,1,1,9.2,266.8,0,0,0,0,0,1
146200,51.404,0.312,1,1,1,0,12.967,-1.172,0,1,1,0,13.383,0.0,0,31.89,0,0,0,1,0,1,1,0,0,1,0,12192.0,2,1,1,1,0,0,1,1,8.3,268.7,0,0,0,0,0,1
146300,51.437,0.327,1,1,1,0,12.845,-1.228,0,1,1,0,13.383,0.0,0,32.21,0,0,0,1,0,1,1,0,0,1,0,12192.0,2,1,1,1,0,0,1,1,8.4,270.2,0,0,0,0,0,1
146400,51.471,0.342,1,1,1,0,12.716,-1.284,0,1,1,0,13.383,0.0,0,31.98,0,0,0,1,0,1,1,0,0,1,0,12192.0,2,1,1,1,0,0,1,1,8.5,266.6,0,0,0,0,0,1
146500,51.507,0.356,1,1,1,0,12.582,-1.34,0,1,1,0,13.383,0.0,0,32.16,0,0,0,1,0,1,1,0,0,1,0,12192.0,2,1,1,1,0,0,1,1,8.5,272.9,0,0,0,0,0,1
146600,51.544,0.371,1,1,1,0,12.443,-1.395,0,1,1,0,13.383,0.0,0,32.43,0,0,0,1,0,1,1,0,0,1,0,12192.0,2,1,1,1,0,0,1,1,8.3,268.7,0,0,0,0,0,1
146700,51.583,0.386,1,1,1,0,12.298,-1.451,0,1,1,0,13.383,0.0,0,31.99,0,0,0,1,0,1,1,0,0,1,0,12192.0,2,1,1,1,0,0,1,1,9.5,271.7,0,0,0,0,0,1
146800,51.623,0.401,1,1,1,0,12.147,-1.507,0,1,1,0,13.383,0.0,0,32.14,0,0,0,1,0,1,1,0,0,1,0,12192.0,2,1,1,1,0,0,1,1,8.2,270.5,0,0,0,0,0,1
146900,51.664,0.416,1,1,1,0,11.991,-1.563,0,1,1,0,13.383,0.0,0,31.9,0,0,0,1,0,1,1,0,0,1,0,12192.0,2,1,1,1,0,0,1,1,9.0,277.6,0,0,0,0,0,1
147000,51.707,0.431,1,1,1,0,11.829,-1.619,0,1,1,0,13.383,0.0,0,32.05,0,0,0,1,0,1,1,0,0,1,0,12192.0,2,1,1,1,0,0,1,1,8.6,270.3,0,0,0,0,0,1
147100,51.752,0.445,1,1,1,0,11.661,-1.675,0,1,1,0,13.383,0.0,0,32.17,0,0,0,1,0,1,1,0,0,1,0,12192.0,2,1,1,1,0,0,1,1,7.4,270.1,0,0,0,0,0,1
147200,51.798,0.46,1,1,1,0,11.488,-1.73,0,1,1,0,13.383,0.0,0,31.85,0,0,0,1,0,1,1,0,0,1,0,12192.0,2,1,1,1,0,0,1,1,8.1,276.7,0,0,0,0,0,1
147300,51.845,0.475,1,1,1,0,11.31,-1.786,0,1,1,0,13.383,0.0,0,32.09,0,0,0,1,0,1,1,0,0,1,0,12192.0,2,1,1,1,0,0,1,1,8.0,274.1,0,0,0,0,0,1
147400,51.894,0.49,1,1,1,0,11.125,-1.842,0,1,1,0,13.383,0.0,0,31.7,0,0,0,1,0,1,1,0,0,1,0,12192.0,2,1,1,1,0,0,1,1,8.6,266.4,0,0,0,0,0,1
147500,51.945,0.505,1,1,1,0,10.936,-1.898,0,1,1,0,13.383,0.0,0,31.89,0,0,0,1,0,1,1,0,0,1,0,12192.0,2,1,1,1,0,0,1,1,8.5,268.5,0,0,0,0,0,1
147600,51.997,0.52,1,1,1,0,10.74,-1.954,0,1,1,0,13.383,0.0,0,31.77,0,0,0,1,0,1,1,0,0,1,0,12192.0,2,1,1,1,0,0,1,1,8.4,270.8,0,0,0,0,0,1
147700,52.05,0.535,1,1,1,0,10.539,-2.009,0,1,1,0,13.383,0.0,0,31.91,0,0,0,1,0,1,1,0,0,1,0,12192.0,2,1,1,1,0,0,1,1,7.8,269.6,0,0,0,0,0,1
147800,52.105,0.549,1,1,1,0,10.333,-2.065,0,1,1,0,13.383,0.0,0,31.96,0,0,0,1,0,1,1,0,0,1,0,12192.0,2,1,1,1,0,0,1,1,8.1,267.5,0,0,0,0,0,1
147900,52.162,0.564,1,1,1,0,10.121,-2.121,0,1,1,0,13.383,0.0,0,32.02,0,0,0,1,0,1,1,0,0,1,0,12192.0,2,1,1,1,0,0,1,1,7.7,275.4,0,0,0,0,0,1
148000,52.22,0.579,1,1,1,0,9.903,-2.177,0,1,1,0,13.383,0.0,0,32.07,0,0,0,1,0,1,1,0,0,1,0,12192.0,2,1,1,1,0,0,1,1,7.2,269.7,0,0,0,0,0,1
148100,52.279,0.594,1,1,1,0,9.68,-2.233,0,1,1,0,13.383,0.0,0,31.99,0,0,0,1,0,1,1,0,0,1,0,12192.0,2,1,1,1,0,0,1,1,8.7,266.8,0,0,0,0,0,1
148200,52.34,0.609,1,1,1,0,9.451,-2.289,0,1,1,0,13.383,0.0,0,32.17,0,0,0,1,0,1,1,0,0,1,0,12192.0,2,1,1,1,0,0,1,1,7.4,272.3,0,0,0,0,0,1
148300,52.402,0.624,1,1,1,0,9.216,-2.344,0,1,1,0,13.383,0.0,0,31.82,0,0,0,1,0,1,1,0,0,1,0,12192.0,2,1,1,1,0,0,1,1,8.1,270.4,0,0,0,0,0,1
148400,52.466,0.638,1,1,1,0,8.976,-2.4,0,1,1,0,13.383,0.0,0,31.96,0,0,0,1,0,1,1,0,0,1,0,12192.0,2,1,1,1,0,0,1,1,7.9,273.0,0,0,0,0,0,1
148500,52.531,0.653,1,1,1,0,8.731,-2.456,0,1,1,0,13.383,0.0,0,32.21,0,0,0,1,0,1,1,0,0,1,0,12192.0,2,1,1,1,0,0,1,1,7.7,270.2,0,0,0,0,0,1
148600,52.598,0.668,1,1,1,0,8.483,-2.476,0,1,1,0,13.383,0.0,0,31.78,0,0,0,1,0,1,1,0,0,1,0,12192.0,2,1,1,1,0,0,1,1,8.1,264.0,0,0,0,0,0,1
148700,52.667,0.683,1,1,1,0,8.241,-2.42,0,1,1,0,13.383,0.0,0,31.99,0,0,0,1,0,1,1,0,0,1,0,12192.0,2,1,1,1,0,0,1,1,7.7,273.4,0,0,0,0,0,1
148800,52.736,0.698,1,1,1,0,8.005,-2.363,0,1,1,0,13.383,0.0,0,32.01,0,0,0,1,0,1,1,0,0,1,0,12192.0,2,1,1,1,0,0,1,1,8.5,266.7,0,0,0,0,0,1
148900,52.807,0.711,1,1,1,0,7.774,-2.307,0,1,1,0,13.383,0.0,0,32.06,0,0,0,1,0,1,1,0,0,1,0,12192.0,2,1,1,1,0,0,1,1,7.7,267.4,0,0,0,0,0,1
149000,52.879,0.711,1,1,1,0,7.549,-2.25,0,1,1,0,13.383,0.0,0,31.89,0,0,0,1,0,1,1,0,0,1,0,12192.0,2,1,1,1,0,0,1,1,7.7,268.5,0,0,0,0,0,1
149100,52.95,0.711,1,1,1,0,7.33,-2.194,0,1,1,0,13.383,0.0,0,32.04,0,0,0,1,0,1,1,0,0,1,0,12192.0,2,1,1,1,0,0,1,1,8.2,268.5,0,0,0,0,0,1
149200,53.021,0.711,1,1,1,0,7.116,-2.137,0,1,1,0,13.383,0.0,0,31.97,0,0,0,1,0,1,1,0,0,1,0,12192.0,2,1,1,1,0,0,1,1,7.6,267.1,0,0,0,0,0,1
149300,53.092,0.711,1,1,1,0,6.908,-2.081,0,1,1,0,13.383,0.0,0,32.19,0,0,0,1,0,1,1,0,0,1,0,12192.0,2,1,1,1,0,0,1,1,7.6,271.4,0,0,0,0,0,1
149400,53.163,0.711,1,1,1,0,6.705,-2.024,0,1,1,0,13.383,0.0,0,32.03,0,0,0,1,0,1,1,0,0,1,0,12192.0,2,1,1,1,0,0,1,1,7.6,271.5,0,0,0,0,0,1
149500,53.234,0.711,1,1,1,0,6.509,-1.968,0,1,1,0,13.383,0.0,0,32.06,0,0,0,1,0,1,1,0,0,1,0,12192.0,2,1,1,1,0,0,1,1,7.8,270.2,0,0,0,0,0,1
149600,53.305,0.711,1,1,1,0,6.318,-1.911,0,1,1,0,13.383,0.0,0,31.96,0,0,0,1,0,1,1,0,0,1,0,12192.0,2,1,1,1,0,0,1,1,7.7,268.6,0,0,0,0,0,1
149700,53.376,0.711,1,1,1,0,6.132,-1.854,0,1,1,0,13.383,0.0,0,31.98,0,0,0,1,0,1,1,0,0,1,0,12192.0,2,1,1,1,0,0,1,1,7.6,273.1,0,0,0,0,0,1
149800,53.447,0.711,1,1,1,0,5.952,-1.798,0,1,1,0,13.383,0.0,0,31.93,0,0,0,1,0,1,1,0,0,1,0,12192.0,2,1,1,1,0,0,1,1,8.0,265.0,0,0,0,0,0,1
149900,53.518,0.711,1,1,1,0,5.778,-1.741,0,1,1,0,13.383,0.0,0,32.13,0,0,0,1,0,1,1,0,0,1,0,12192.0,2,1,1,1,0,0,1,1,7.3,267.9,0,0,0,0,0,1
150000,53.589,0.711,1,1,1,0,5.61,-1.684,0,1,1,0,13.383,0.0,0,32.24,0,0,0,1,0,1,1,0,0,1,0,12192.0,2,1,1,1,0,0,1,1,6.8,272.3,0,0,0,0,0,1
150100,53.66,0.711,1,1,1,0,5.447,-1.627,0,1,1,0,13.383,0.0,0,31.95,0,0,0,1,0,1,1,0,0,1,0,12192.0,2,1,1,1,0,0,1,1,7.4,267.7,0,0,0,0,0,1
150200,53.731,0.711,1,1,1,0,5.29,-1.571,0,1,1,0,13.383,0.0,0,32.08,0,0,0,1,0,1,1,0,0,1,0,12192.0,2,1,1,1,0,0,1,1,7.8,272.4,0,0,0,0,0,1
150300,53.803,0.711,1,1,1,0,5.139,-1.514,0,1,1,0,13.383,0.0,0,31.84,0,0,0,1,0,1,1,0,0,1,0,12192.0,2,1,1,1,0,0,1,1,7.6,269.7,0,0,0,0,0,1
150400,53.874,0.711,1,1,1,0,4.993,-1.457,0,1,1,0,13.383,0.0,0,31.83,0,0,0,1,0,1,1,0,0,1,0,12192.0,2,1,1,1,0,0,1,1,7.0,271.7,0,0,0,0,0,1
150500,53.945,0.711,1,1,1,0,4.853,-1.4,0,1,1,0,13.383,0.0,0,32.16,0,0,0,1,0,1,1,0,0,1,0,12192.0,2,1,1,1,0,0,1,1,7.8,266.1,0,0,0,0,0,1
150600,54.016,0.711,1,1,1,0,4.719,-1.343,0,1,1,0,13.383,0.0,0,31.98,0,0,0,1,0,1,1,0,0,1,0,12192.0,2,1,1,1,0,0,1,1,8.0,273.2,0,0,0,0,0,1
150700,54.087,0.711,1,1,1,0,4.59,-1.286,0,1,1,0,13.383,0.0,0,31.95,0,0,0,1,0,1,1,0,0,1,0,12192.0,2,1,1,1,0,0,1,1,8.9,270.2,0,0,0,0,0,1
150800,54.158,0.711,1,1,1,0,4.467,-1.229,0,1,1,0,13.383,0.0,0,31.97,0,0,0,1,0,1,1,0,0,1,0,12192.0,2,1,1,1,0,0,1,1,7.4,274.9,0,0,0,0,0,1
150900,54.229,0.711,1,1,1,0,4.35,-1.172,0,1,1,0,13.383,0.0,0,32.03,0,0,0,1,0,1,1,0,0,1,0,12192.0,2,1,1,1,0,0,1,1,7.4,267.2,0,0,0,0,0,1
151000,54.3,0.711,1,1,1,0,4.239,-1.114,0,1,1,0,13.383,0.0,0,32.06,0,0,0,1,0,1,1,0,0,1,0,12192.0,2,1,1,1,0,0,1,1,8.1,264.4,0,0,0,0,0,1
151100,54.371,0.711,1,1,1,0,4.133,-1.057,0,1,1,0,13.383,0.0,0,32.05,0,0,0,1,0,1,1,0,0,1,0,12192.0,2,1,1,1,0,0,1,1,7.6,271.4,0,0,0,0,0,1
151200,54.442,0.711,1,1,1,0,4.033,-1.0,0,1,1,0,13.383,0.0,0,32.02,0,0,0,1,0,1,1,0,0,1,0,12192.0,2,1,1,1,0,0,1,1,7.2,273.4,0,0,0,0,0,1
151300,54.513,0.711,1,1,1,0,3.939,-0.942,0,1,1,0,13.383,0.0,0,31.91,0,0,0,1,0,1,1,0,0,1,0,12192.0,2,1,1,1,0,0,1,1,8.2,267.9,0,0,0,0,0,1
151400,54.584,0.711,1,1,1,0,3.85,-0.885,0,1,1,0,13.383,0.0,0,31.86,0,0,0,1,0,1,1,0,0,1,0,12192.0,2,1,1,1,0,0,1,1,8.4,267.9,0,0,0,0,0,1
151500,54.655,0.711,1,1,1,0,3.768,-0.827,0,1,1,0,13.383,0.0,0,31.92,0,0,0,1,0,1,1,0,0,1,0,12192.0,2,1,1,1,0,0,1,1,7.3,270.2,0,0,0,0,0,1
151600,54.727,0.711,1,1,1,0,3.691,-0.769,0,1,1,0,13.383,0.0,0,32.09,0,0,0,1,0,1,1,0,0,1,0,12192.0,2,1,1,1,0,0,1,1,7.2,270.5,0,0,0,0,0,1
151700,54.798,0.711,1,1,1,0,3.619,-0.711,0,1,1,0,13.383,0.0,0,32.01,0,0,0,1,0,1,1,0,0,1,0,12192.0,2,1,1,1,0,0,1,1,7.4,270.8,0,0,0,0,0,1
151800,54.869,0.711,1,1,1,0,3.554,-0.653,0,1,1,0,13.383,0.0,0,32.03,0,0,0,1,0,1,1,0,0,1,0,12192.0,2,1,1,1,0,0,1,1,8.0,268.6,0,0,0,0,0,1
151900,54.94,0.711,1,1,1,0,3.495,-0.595,0,1,1,0,13.383,0.0,0,32.17,0,0,0,1,0,1,1,0,0,1,0,12192.0,2,1,1,1,0,0,1,1,8.0,269.8,0,0,0,0,0,1
152000,55.011,0.711,1,1,1,0,3.441,-0.536,0,1,1,0,13.383,0.0,0,31.98,0,0,0,1,0,1,1,0,0,1,0,12192.0,2,1,1,1,0,0,1,1,8.0,271.3,0,0,0,0,0,1
152100,55.082,0.711,1,1,1,0,3.393,-0.477,0,1,1,0,13.383,0.0,0,32.02,0,0,0,1,0,1,1,0,0,1,0,12192.0,2,1,1,1,0,0,1,1,7.8,269.5,0,0,0,0,0,1
152200,55.153,0.711,1,1,1,0,3.352,-0.417,0,1,1,0,13.383,0.0,0,32.07,0,0,0,1,0,1,1,0,0,1,0,12192.0,2,1,1,1,0,0,1,1,7.9,271.2,0,0,0,0,0,1
152300,55.224,0.711,1,1,1,0,3.316,-0.357,0,1,1,0,13.383,0.0,0,32.11,0,0,0,1,0,1,1,0,0,1,0,12192.0,2,1,1,1,0,0,1,1,7.4,274.0,0,0,0,0,0,1
152400,55.295,0.711,1,1,1,0,3.286,-0.296,0,1,1,0,13.383,0.0,0,32.02,0,0,0,1,0,1,1,0,0,1,0,12192.0,2,1,1,1,0,0,1,1,8.7,269.9,0,0,0,0,0,1
152500,55.366,0.711,1,1,1,0,3.263,-0.234,0,1,1,0,13.383,0.0,0,32.18,0,0,0,1,0,1,1,0,0,1,0,12192.0,2,1,1,1,0,0,1,1,8.9,272.0,0,0,0,0,0,1
152600,55.437,0.711,1,1,1,0,3.246,-0.169,0,1,1,0,13.383,0.0,0,32.08,0,0,0,1,0,1,1,0,0,1,0,12192.0,2,1,1,1,0,0,1,1,8.6,272.2,0,0,0,0,0,1
152700,55.508,0.711,1,1,1,0,3.236,-0.098,0,1,1,0,13.383,0.0,0,31.82,0,0,0,1,0,1,1,0,0,1,0,12192.0,2,1,1,1,0,0,1,1,9.0,268.2,0,0,0,0,0,1
152800,55.58,0.711,1,1,1,0,3.232,0.0,0,0,1,0,13.383,0.0,0,31.96,0,0,0,1,0,1,1,0,0,1,0,12192.0,2,1,1,1,0,0,1,1,8.3,269.0,0,0,0,0,0,1
152900,55.651,0.711,1,1,1,0,3.232,0.0,0,0,1,0,13.383,0.0,0,31.91,0,0,0,1,0,1,1,0,0,1,0,12192.0,2,1,1,1,0,0,1,1,8.4,271.9,0,0,0,0,0,1
153000,55.722,0.711,1,1,1,0,3.232,0.0,0,0,1,0,13.383,0.0,0,31.9,0,0,0,1,0,1,1,0,0,1,0,12192.0,2,1,1,1,0,0,1,1,7.8,272.3,0,0,0,0,0,1
153100,55.793,0.711,1,1,1,0,3.232,0.0,0,0,1,0,13.383,0.0,0,32.04,0,0,0,1,0,1,1,0,0,1,0,12192.0,2,1,1,1,0,0,1,1,7.4,273.0,0,0,0,0,0,1
153200,55.864,0.711,1,1,1,0,3.232,0.0,0,0,1,0,13.383,0.0,0,31.96,0,0,0,1,0,1,1,0,0,1,0,12192.0,2,1,1,1,0,0,1,1,8.6,269.2,0,0,0,0,0,1
153300,55.935,0.711,1,1,1,0,3.232,0.0,0,0,1,0,13.383,0.0,0,32.0,0,0,0,1,0,1,1,0,0,1,0,12192.0,2,1,1,1,0,0,1,1,7.5,272.7,0,0,0,0,0,1
153400,56.006,0.711,1,1,1,0,3.232,0.0,0,0,1,0,13.383,0.0,0,32.14,0,0,0,1,0,1,1,0,0,1,0,12192.0,2,1,1,1,0,0,1,1,8.8,271.0,0,0,0,0,0,1
153500,56.077,0.711,1,1,1,0,3.232,0.0,0,0,1,0,13.383,0.0,0,31.96,0,0,0,1,0,1,1,0,0,1,0,12192.0,2,1,1,1,0,0,1,1,8.5,270.5,0,0,0,0,0,1
153600,56.148,0.711,1,1,1,0,3.232,0.0,0,0,1,0,13.383,0.0,0,31.93,0,0,0,1,0,1,1,0,0,1,0,12192.0,2,1,1,1,0,0,1,1,8.2,269.3,0,0,0,0,0,1
153700,56.219,0.711,1,1,1,0,3.232,0.0,0,0,1,0,13.383,0.0,0,31.64,0,0,0,1,0,1,1,0,0,1,0,12192.0,2,1,1,1,0,0,1,1,7.8,268.1,0,0,0,0,0,1
153800,56.29,0.711,1,1,1,0,3.232,0.0,0,0,1,0,13.383,0.0,0,32.17,0,0,0,1,0,1,1,0,0,1,0,12192.0,2,1,1,1,0,0,1,1,8.1,269.1,0,0,0,0,0,1
153900,56.361,0.711,1,1,1,0,3.232,0.0,0,0,1,0,13.383,0.0,0,31.97,0,0,0,1,0,1,1,0,0,1,0,12192.0,2,1,1,1,0,0,1,1,8.6,273.1,0,0,0,0,0,1
154000,56.432,0.711,1,1,1,0,3.232,0.0,0,0,1,0,13.383,0.0,0,32.0,0,0,0,1,0,1,1,0,0,1,0,12192.0,2,1,1,1,0,0,1,1,7.8,269.6,0,0,0,0,0,1
154100,56.504,0.711,1,1,1,0,3.232,0.0,0,0,1,0,13.383,0.0,0,31.89,0,0,0,1,0,1,1,0,0,1,0,12192.0,2,1,1,1,0,0,1,1,8.3,271.7,0,0,0,0,0,1
154200,56.575,0.711,1,1,1,0,3.232,0.0,0,0,1,0,13.383,0.0,0,31.95,0,0,0,1,0,1,1,0,0,1,0,12192.0,2,1,1,1,0,0,1,1,7.9,271.0,0,0,0,0,0,1
154300,56.646,0.711,1,1,1,0,3.232,0.0,0,0,1,0,13.383,0.0,0,31.9,0,0,0,1,0,1,1,0,0,1,0,12192.0,2,1,1,1,0,0,1,1,9.8,269.5,0,0,0,0,0,1
154400,56.717,0.711,1,1,1,0,3.232,0.0,0,0,1,0,13.383,0.0,0,32.06,0,0,0,1,0,1,1,0,0,1,0,12192.0,2,1,1,1,0,0,1,1,8.9,272.5,0,0,0,0,0,1
154500,56.788,0.711,1,1,1,0,3.232,0.0,0,0,1,0,13.383,0.0,0,32.07,0,0,0,1,0,1,1,0,0,1,0,12192.0,2,1,1,1,0,0,1,1,8.0,269.1,0,0,0,0,0,1
154600,56.859,0.711,1,1,1,0,3.232,0.0,0,0,1,0,13.383,0.0,0,32.0,0,0,0,1,0,1,1,0,0,1,0,12192.0,2,1,1,1,0,0,1,1,8.4,267.4,0,0,0,0,0,1
154700,56.93,0.711,1,1,1,0,3.232,0.0,0,0,1,0,13.383,0.0,0,32.09,0,0,0,1,0,1,1,0,0,1,0,12192.0,2,1,1,1,0,0,1,1,8.7,266.9,0,0,0,0,0,1
154800,57.001,0.711,1,1,1,0,3.232,0.0,0,0,1,0,13.383,0.0,0,31.9,0,0,0,1,0,1,1,0,0,1,0,12192.0,2,1,1,1,0,0,1,1,8.7,266.6,0,0,0,0,0,1
154900,57.072,0.711,1,1,1,0,3.232,0.0,0,0,1,0,13.383,0.0,0,32.19,0,0,0,1,0,1,1,0,0,1,0,12192.0,2,1,1,1,0,0,1,1,8.7,269.2,0,0,0,0,0,1
155000,57.143,0.711,1,1,1,0,3.232,0.0,0,0,1,0,13.383,0.0,0,32.06,0,0,0,1,0,1,1,0,0,1,0,12192.0,2,1,1,1,0,0,1,1,8.8,270.1,0,0,0,0,0,1
155100,57.214,0.711,1,1,1,0,3.232,0.0,0,0,1,0,13.383,0.0,0,31.88,0,0,0,1,0,1,1,0,0,1,0,12192.0,2,1,1,1,0,0,1,1,8.1,272.8,0,0,0,0,0,1
155200,57.285,0.711,1,1,1,0,3.232,0.0,0,0,1,0,13.383,0.0,0,31.78,0,0,0,1,0,1,1,0,0,1,0,12192.0,2,1,1,1,0,0,1,1,8.3,270.2,0,0,0,0,0,1
155300,57.356,0.711,1,1,1,0,3.232,0.0,0,0,1,0,13.383,0.0,0,32.11,0,0,0,1,0,1,1,0,0,1,0,12192.0,2,1,1,1,0,0,1,1,8.6,270.5,0,0,0,0,0,1
155400,57.428,0.711,1,1,1,0,3.232,0.0,0,0,1,0,13.383,0.0,0,31.95,0,0,0,1,0,1,1,0,0,1,0,12192.0,2,1,1,1,0,0,1,1,9.3,274.2,0,0,0,0,0,1
155500,57.499,0.711,1,1,1,0,3.232,0.0,0,0,1,0,13.383,0.0,0,31.84,0,0,0,1,0,1,1,0,0,1,0,12192.0,2,1,1,1,0,0,1,1,8.3,270.5,0,0,0,0,0,1
155600,57.57,0.711,1,1,1,0,3.232,0.0,0,0,1,0,13.383,0.0,0,32.08,0,0,0,1,0,1,1,0,0,1,0,12192.0,2,1,1,1,0,0,1,1,8.0,268.6,0,0,0,0,0,1
155700,57.641,0.711,1,1,1,0,3.232,0.0,0,0,1,0,13.383,0.0,0,32.11,0,0,0,1,0,1,1,0,0,1,0,12192.0,2,1,1,1,0,0,1,1,9.1,273.1,0,0,0,0,0,1
155800,57.712,0.711,1,1,1,0,3.232,0.0,0,0,1,0,13.383,0.0,0,31.85,0,0,0,1,0,1,1,0,0,1,0,12192.0,2,1,1,1,0,0,1,1,9.1,268.8,0,0,0,0,0,1
155900,57.783,0.711,1,1,1,0,3.232,0.0,0,0,1,0,13.383,0.0,0,31.95,0,0,0,1,0,1,1,0,0,1,0,12192.0,2,1,1,1,0,0,1,1,7.9,270.8,0,0,0,0,0,1
156000,57.854,0.711,1,1,1,0,3.232,0.0,0,0,1,0,13.383,0.0,0,32.12,0,0,0,1,0,1,1,0,0,1,0,12192.0,2,1,1,1,0,0,1,1,8.7,267.6,0,0,0,0,0,1
156100,57.925,0.711,1,1,1,0,3.232,0.0,0,0,1,0,13.383,0.0,0,31.94,0,0,0,1,0,1,1,0,0,1,0,12192.0,2,1,1,1,0,0,1,1,8.0,267.1,0,0,0,0,0,1
156200,57.996,0.711,1,1,1,0,3.232,0.0,0,0,1,0,13.383,0.0,0,32.0,0,0,0,1,0,1,1,0,0,1,0,12192.0,2,1,1,1,0,0,1,1,8.6,270.1,0,0,0,0,0,1
156300,58.067,0.711,1,1,1,0,3.232,0.0,0,0,1,0,13.383,0.0,0,31.98,0,0,0,1,0,1,1,0,0,1,0,12192.0,2,1,1,1,0,0,1,1,8.5,270.5,0,0,0,0,0,1
156400,58.138,0.711,1,1,1,0,3.232,0.0,0,0,1,0,13.383,0.0,0,31.93,0,0,0,1,0,1,1,0,0,1,0,12192.0,2,1,1,1,0,0,1,1,8.8,267.3,0,0,0,0,0,1
156500,58.209,0.711,1,1,1,0,3.232,0.0,0,0,1,0,13.383,0.0,0,32.02,0,0,0,1,0,1,1,0,0,1,0,12192.0,2,1,1,1,0,0,1,1,8.1,270.8,0,0,0,0,0,1
156600,58.281,0.711,1,1,1,0,3.232,0.0,0,0,1,0,13.383,0.0,0,32.15,0,0,0,1,0,1,1,0,0,1,0,12192.0,2,1,1,1,0,0,1,1,7.9,269.7,0,0,0,0,0,1
156700,58.352,0.711,1,1,1,0,3.232,0.0,0,0,1,0,13.383,0.0,0,32.36,0,0,0,1,0,1,1,0,0,1,0,12192.0,2,1,1,1,0,0,1,1,8.1,270.4,0,0,0,0,0,1
156800,58.423,0.711,1,1,1,0,3.232,0.0,0,0,1,0,13.383,0.0,0,32.07,0,0,0,1,0,1,1,0,0,1,0,12192.0,2,1,1,1,0,0,1,1,7.3,268.5,0,0,0,0,0,1
156900,58.494,0.711,1,1,1,0,3.232,0.0,0,0,1,0,13.383,0.0,0,31.96,0,0,0,1,0,1,1,0,0,1,0,12192.0,2,1,1,1,0,0,1,1,8.3,271.7,0,0,0,0,0,1
157000,58.565,0.711,1,1,1,0,3.232,0.0,0,0,1,0,13.383,0.0,0,31.89,0,0,0,1,0,1,1,0,0,1,0,12192.0,2,1,1,1,0,0,1,1,8.4,267.4,0,0,0,0,0,1
157100,58.636,0.711,1,1,1,0,3.232,0.0,0,0,1,0,13.383,0.0,0,32.14,0,0,0,1,0,1,1,0,0,1,0,12192.0,2,1,1,1,0,0,1,1,7.9,263.8,0,0,0,0,0,1
157200,58.707,0.711,1,1,1,0,3.232,0.0,0,0,1,0,13.383,0.0,0,32.19,0,0,0,1,0,1,1,0,0,1,0,12192.0,2,1,1,1,0,0,1,1,8.1,270.6,0,0,0,0,0,1
157300,58.778,0.711,1,1,1,0,3.232,0.0,0,0,1,0,13.383,0.0,0,32.13,0,0,0,1,0,1,1,0,0,1,0,12192.0,2,1,1,1,0,0,1,1,7.8,271.0,0,0,0,0,0,1
157400,58.849,0.711,1,1,1,0,3.232,0.0,0,0,1,0,13.383,0.0,0,32.0,0,0,0,1,0,1,1,0,0,1,0,12192.0,2,1,1,1,0,0,1,1,7.6,268.6,0,0,0,0,0,1
157500,58.92,0.711,1,1,1,0,3.232,0.0,0,0,1,0,13.383,0.0,0,32.04,0,0,0,1,0,1,1,0,0,1,0,12192.0,2,1,1,1,0,0,1,1,8.1,273.7,0,0,0,0,0,1
157600,58.991,0.711,1,1,1,0,3.232,0.0,0,0,1,0,13.383,0.0,0,31.86,0,0,0,1,0,1,1,0,0,1,0,12192.0,2,1,1,1,0,0,1,1,7.7,268.6,0,0,0,0,0,1
157700,59.062,0.711,1,1,1,0,3.232,0.0,0,0,1,0,13.383,0.0,0,31.92,0,0,0,1,0,1,1,0,0,1,0,12192.0,2,1,1,1,0,0,1,1,7.6,269.2,0,0,0,0,0,1
157800,59.133,0.711,1,1,1,0,3.232,0.0,0,0,1,0,13.383,0.0,0,32.03,0,0,0,1,0,1,1,0,0,1,0,12192.0,2,1,1,1,0,0,1,1,6.7,272.6,0,0,0,0,0,1
157900,59.205,0.711,1,1,1,0,3.232,0.0,0,0,1,0,13.383,0.0,0,31.9,0,0,0,1,0,1,1,0,0,1,0,12192.0,2,1,1,1,0,0,1,1,7.0,269.6,0,0,0,0,0,1
158000,59.276,0.711,1,1,1,0,3.232,0.0,0,0,1,0,13.383,0.0,0,32.2,0,0,0,1,0,1,1,0,0,1,0,12192.0,2,1,1,1,0,0,1,1,7.6,266.6,0,0,0,0,0,1
158100,59.347,0.711,1,1,1,0,3.232,0.0,0,0,1,0,13.383,0.0,0,31.91,0,0,0,1,0,1,1,0,0,1,0,12192.0,2,1,1,1,0,0,1,1,7.1,271.6,0,0,0,0,0,1
158200,59.418,0.711,1,1,1,0,3.232,0.0,0,0,1,0,13.383,0.0,0,32.12,0,0,0,1,0,1,1,0,0,1,0,12192.0,2,1,1,1,0,0,1,1,7.2,275.4,0,0,0,0,0,1
158300,59.489,0.711,1,1,1,0,3.232,0.0,0,0,1,0,13.383,0.0,0,32.14,0,0,0,1,0,1,1,0,0,1,0,12192.0,2,1,1,1,0,0,1,1,7.5,273.8,0,0,0,0,0,1
158400,59.56,0.711,1,1,1,0,3.232,0.0,0,0,1,0,13.383,0.0,0,31.84,0,0,0,1,0,1,1,0,0,1,0,12192.0,2,1,1,1,0,0,1,1,7.5,271.7,0,0,0,0,0,1
158500,59.631,0.711,1,1,1,0,3.232,0.0,0,0,1,0,13.383,0.0,0,31.9,0,0,0,1,0,1,1,0,0,1,0,12192.0,2,1,1,1,0,0,1,1,7.4,270.8,0,0,0,0,0,1
158600,59.702,0.711,1,1,1,0,3.232,0.0,0,0,1,0,13.383,0.0,0,31.73,0,0,0,1,0,1,1,0,0,1,0,12192.0,2,1,1,1,0,0,1,1,8.0,272.9,0,0,0,0,0,1
158700,59.773,0.711,1,1,1,0,3.232,0.0,0,0,1,0,13.383,0.0,0,31.83,0,0,0,1,0,1,1,0,0,1,0,12192.0,2,1,1,1,0,0,1,1,7.2,270.3,0,0,0,0,0,1
158800,59.844,0.711,1,1,1,0,3.232,0.0,0,0,1,0,13.383,0.0,0,31.81,0,0,0,1,0,1,1,0,0,1,0,12192.0,2,1,1,1,0,0,1,1,7.5,273.0,0,0,0,0,0,1
158900,59.915,0.711,1,1,1,0,3.232,0.0,0,0,1,0,13.383,0.0,0,32.0,0,0,0,1,0,1,1,0,0,1,0,12192.0,2,1,1,1,0,0,1,1,8.2,271.1,0,0,0,0,0,1
159000,59.986,0.711,1,1,1,0,3.232,0.0,0,0,1,0,13.383,0.0,0,32.07,0,0,0,1,0,1,1,0,0,1,0,12192.0,2,1,1,1,0,0,1,1,7.1,271.9,0,0,0,0,0,1
159100,60.057,0.711,1,1,1,0,3.232,0.0,0,0,1,0,13.383,0.0,0,32.04,0,0,0,1,0,1,1,0,0,1,0,12192.0,2,1,1,1,0,0,1,1,8.2,269.2,0,0,0,0,0,1
159200,60.129,0.711,1,1,1,0,3.232,0.0,0,0,1,0,13.383,0.0,0,32.13,0,0,0,1,0,1,1,0,0,1,0,12192.0,2,1,1,1,0,0,1,1,7.7,270.7,0,0,0,0,0,1
159300,60.2,0.711,1,1,1,0,3.232,0.0,0,0,1,0,13.383,0.0,0,31.93,0,0,0,1,0,1,1,0,0,1,0,12192.0,2,1,1,1,0,0,1,1,7.9,271.1,0,0,0,0,0,1
159400,60.271,0.711,1,1,1,0,3.232,0.0,0,0,1,0,13.383,0.0,0,31.95,0,0,0,1,0,1,1,0,0,1,0,12192.0,2,1,1,1,0,0,1,1,6.6,272.3,0,0,0,0,0,1
159500,60.342,0.711,1,1,1,0,3.232,0.0,0,0,1,0,13.383,0.0,0,31.91,0,0,0,1,0,1,1,0,0,1,0,12192.0,2,1,1,1,0,0,1,1,7.8,276.3,0,0,0,0,0,1
159600,60.413,0.711,1,1,1,0,3.232,0.0,0,0,1,0,13.383,0.0,0,31.86,0,0,0,1,0,1,1,0,0,1,0,12192.0,2,1,1,1,0,0,1,1,6.7,275.0,0,0,0,0,0,1
159700,60.484,0.711,1,1,1,0,3.232,0.0,0,0,1,0,13.383,0.0,0,31.94,0,0,0,1,0,1,1,0,0,1,0,12192.0,2,1,1,1,0,0,1,1,7.4,273.3,0,0,0,0,0,1
159800,60.555,0.711,1,1,1,0,3.232,0.0,0,0,1,0,13.383,0.0,0,32.17,0,0,0,1,0,1,1,0,0,1,0,12192.0,2,1,1,1,0,0,1,1,7.3,274.5,0,0,0,0,0,1
159900,60.626,0.711,1,1,1,0,3.232,0.0,0,0,1,0,13.383,0.0,0,31.9,0,0,0,1,0,1,1,0,0,1,0,12192.0,2,1,1,1,0,0,1,1,7.3,271.0,0,0,0,0,0,1
160000,60.697,0.711,1,1,1,0,3.232,0.0,0,0,1,0,13.383,0.0,0,31.97,0,0,0,1,0,1,1,0,0,1,0,12192.0,2,1,1,1,0,0,1,1,7.5,270.3,0,0,0,0,0,1
160100,60.768,0.711,1,1,1,0,3.232,0.0,0,0,1,0,13.383,0.0,0,32.11,0,0,0,1,0,1,1,0,0,1,0,12192.0,2,1,1,1,0,0,1,1,6.9,266.9,0,0,0,0,0,1
160200,60.839,0.711,1,1,1,0,3.232,0.0,0,0,1,0,13.383,0.0,0,31.92,0,0,0,1,0,1,1,0,0,1,0,12192.0,2,1,1,1,0,0,1,1,7.6,266.8,0,0,0,0,0,1
160300,60.91,0.711,1,1,1,0,3.232,0.0,0,0,1,0,13.383,0.0,0,31.99,0,0,0,1,0,1,1,0,0,1,0,12192.0,2,1,1,1,0,0,1,1,7.9,273.1,0,0,0,0,0,1
160400,60.982,0.711,1,1,1,0,3.232,0.0,0,0,1,0,13.383,0.0,0,31.9,0,0,0,1,0,1,1,0,0,1,0,12192.0,2,1,1,1,0,0,1,1,7.0,268.4,0,0,0,0,0,1
160500,61.053,0.711,1,1,1,0,3.232,0.0,0,0,1,0,13.383,0.0,0,32.05,0,0,0,1,0,1,1,0,0,1,0,12192.0,2,1,1,1,0,0,1,1,7.5,274.9,0,0,0,0,0,1
160600,61.124,0.711,1,1,1,0,3.232,0.0,0,0,1,0,13.383,0.0,0,31.82,0,0,0,1,0,1,1,0,0,1,0,12192.0,2,1,1,1,0,0,1,1,7.8,272.5,0,0,0,0,0,1
160700,61.195,0.711,1,1,1,0,3.232,0.0,0,0,1,0,13.383,0.0,0,32.03,0,0,0,1,0,1,1,0,0,1,0,12192.0,2,1,1,1,0,0,1,1,7.7,272.8,0,0,0,0,0,1
160800,61.266,0.711,1,1,1,0,3.232,0.0,0,0,1,0,13.383,0.0,0,31.6,0,0,0,1,0,1,1,0,0,1,0,12192.0,2,1,1,1,0,0,1,1,7.4,271.7,0,0,0,0,0,1
160900,61.337,0.711,1,1,1,0,3.232,0.0,0,0,1,0,13.383,0.0,0,32.18,0,0,0,1,0,1,1,0,0,1,0,12192.0,2,1,1,1,0,0,1,1,8.0,268.0,0,0,0,0,0,1
161000,61.408,0.711,1,1,1,0,3.232,0.0,0,0,1,0,13.383,0.0,0,32.03,0,0,0,1,0,1,1,0,0,1,0,12192.0,2,1,1,1,0,0,1,1,7.9,272.7,0,0,0,0,0,1
161100,61.479,0.711,1,1,1,0,3.232,0.0,0,0,1,0,13.383,0.0,0,31.69,0,0,0,1,0,1,1,0,0,1,0,12192.0,2,1,1,1,0,0,1,1,7.6,274.0,0,0,0,0,0,1
161200,61.55,0.711,1,1,1,0,3.232,0.0,0,0,1,0,13.383,0.0,0,32.27,0,0,0,1,0,1,1,0,0,1,0,12192.0,2,1,1,1,0,0,1,1,8.6,267.4,0,0,0,0,0,1
161300,61.621,0.711,1,1,1,0,3.232,0.0,0,0,1,0,13.383,0.0,0,32.04,0,0,0,1,0,1,1,0,0,1,0,12192.0,2,1,1,1,0,0,1,1,7.0,270.6,0,0,0,0,0,1
161400,61.692,0.711,1,1,1,0,3.232,0.0,0,0,1,0,13.383,0.0,0,32.1,0,0,0,1,0,1,1,0,0,1,0,12192.0,2,1,1,1,0,0,1,1,8.5,269.2,0,0,0,0,0,1
161500,61.763,0.711,1,1,1,0,3.232,0.0,0,0,1,0,13.383,0.0,0,32.24,0,0,0,1,0,1,1,0,0,1,0,12192.0,2,1,1,1,0,0,1,1,8.5,272.2,0,0,0,0,0,1
161600,61.834,0.711,1,1,1,0,3.232,0.0,0,0,1,0,13.383,0.0,0,32.04,0,0,0,1,0,1,1,0,0,1,0,12192.0,2,1,1,1,0,0,1,1,8.5,272.0,0,0,0,0,0,1
161700,61.906,0.711,1,1,1,0,3.232,0.0,0,0,1,0,13.383,0.0,0,32.22,0,0,0,1,0,1,1,0,0,1,0,12192.0,2,1,1,1,0,0,1,1,7.5,275.0,0,0,0,0,0,1
161800,61.977,0.711,1,1,1,0,3.232,0.0,0,0,1,0,13.383,0.0,0,31.87,0,0,0,1,0,1,1,0,0,1,0,12192.0,2,1,1,1,0,0,1,1,8.6,267.9,0,0,0,0,0,1
161900,62.048,0.711,1,1,1,0,3.232,0.0,0,0,1,0,13.383,0.0,0,31.92,0,0,0,1,0,1,1,0,0,1,0,12192.0,2,1,1,1,0,0,1,1,7.7,269.5,0,0,0,0,0,1
162000,62.119,0.711,1,1,1,0,3.232,0.0,0,0,1,0,13.383,0.0,0,31.93,0,0,0,1,0,1,1,0,0,1,0,12192.0,2,1,1,1,0,0,1,1,7.9,269.0,0,0,0,0,0,1
162100,62.19,0.711,1,1,1,0,3.232,0.0,0,0,1,0,13.383,0.0,0,31.97,0,0,0,1,0,1,1,0,0,1,0,12192.0,2,1,1,1,0,0,1,1,8.5,265.9,0,0,0,0,0,1
162200,62.261,0.711,1,1,1,0,3.232,0.0,0,0,1,0,13.383,0.0,0,32.15,0,0,0,1,0,1,1,0,0,1,0,12192.0,2,1,1,1,0,0,1,1,8.5,268.3,0,0,0,0,0,1
162300,62.332,0.711,1,1,1,0,3.232,0.0,0,0,1,0,13.383,0.0,0,31.99,0,0,0,1,0,1,1,0,0,1,0,12192.0,2,1,1,1,0,0,1,1,8.0,269.1,0,0,0,0,0,1
162400,62.403,0.711,1,1,1,0,3.232,0.0,0,0,1,0,13.383,0.0,0,31.87,0,0,0,1,0,1,1,0,0,1,0,12192.0,2,1,1,1,0,0,1,1,8.6,270.1,0,0,0,0,0,1
162500,62.474,0.711,1,1,1,0,3.232,0.0,0,0,1,0,13.383,0.0,0,32.0,0,0,0,1,0,1,1,0,0,1,0,12192.0,2,1,1,1,0,0,1,1,8.6,268.2,0,0,0,0,0,1
162600,62.545,0.711,1,1,1,0,3.232,0.0,0,0,1,0,13.383,0.0,0,32.08,0,0,0,1,0,1,1,0,0,1,0,12192.0,2,1,1,1,0,0,1,1,8.7,264.5,0,0,0,0,0,1
162700,62.616,0.711,1,1,1,0,3.232,0.0,0,0,1,0,13.383,0.0,0,32.09,0,0,0,1,0,1,1,0,0,1,0,12192.0,2,1,1,1,0,0,1,1,9.3,264.4,0,0,0,0,0,1
162800,62.687,0.711,1,1,1,0,3.232,0.0,0,0,1,0,13.383,0.0,0,32.09,0,0,0,1,0,1,1,0,0,1,0,12192.0,2,1,1,1,0,0,1,1,9.2,273.0,0,0,0,0,0,1
162900,62.757,0.696,1,1,1,0,3.232,0.0,0,0,1,0,13.383,0.0,0,32.21,0,0,0,1,0,1,1,0,0,1,0,12192.0,2,1,1,1,0,0,1,1,8.2,266.3,0,0,0,0,0,1
163000,62.825,0.681,1,1,1,0,3.232,0.0,0,0,1,0,13.383,0.0,0,32.1,0,0,0,1,0,1,1,0,0,1,0,12192.0,2,1,1,1,0,0,1,1,8.7,270.2,0,0,0,0,0,1
163100,62.892,0.666,1,1,1,0,3.232,0.0,0,0,1,0,13.383,0.0,0,31.92,0,0,0,1,0,1,1,0,0,1,0,12192.0,2,1,1,1,0,0,1,1,9.2,270.1,0,0,0,0,0,1
163200,62.957,0.651,1,1,1,0,3.232,0.0,0,0,1,0,13.383,0.0,0,32.03,0,0,0,1,0,1,1,0,0,1,0,12192.0,2,1,1,1,0,0,1,1,7.5,271.2,0,0,0,0,0,1
163300,63.021,0.637,1,1,1,0,3.232,0.0,0,0,1,0,13.383,0.0,0,31.88,0,0,0,1,0,1,1,0,0,1,0,12192.0,2,1,1,1,0,0,1,1,8.2,270.7,0,0,0,0,0,1
163400,63.083,0.622,1,1,1,0,3.232,0.0,0,0,1,0,13.383,0.0,0,31.74,0,0,0,1,0,1,1,0,0,1,0,12192.0,2,1,1,1,0,0,1,1,8.2,271.0,0,0,0,0,0,1
163500,63.143,0.607,1,1,1,0,3.232,0.0,0,0,1,0,13.383,0.0,0,31.88,0,0,0,1,0,1,1,0,0,1,0,12192.0,2,1,1,1,0,0,1,1,9.2,269.1,0,0,0,0,0,1
163600,63.203,0.592,1,1,1,0,3.232,0.0,0,0,1,0,13.383,0.0,0,31.89,0,0,0,1,0,1,1,0,0,1,0,12192.0,2,1,1,1,0,0,1,1,8.7,271.4,0,0,0,0,0,1
163700,63.26,0.577,1,1,1,0,3.232,0.0,0,0,1,0,13.383,0.0,0,32.22,0,0,0,1,0,1,1,0,0,1,0,12192.0,2,1,1,1,0,0,1,1,7.9,270.4,0,0,0,0,0,1
163800,63.317,0.562,1,1,1,0,3.232,0.0,0,0,1,0,13.383,0.0,0,31.94,0,0,0,1,0,1,1,0,0,1,0,12192.0,2,1,1,1,0,0,1,1,9.0,271.6,0,0,0,0,0,1
163900,63.371,0.547,1,1,1,0,3.232,0.0,0,0,1,0,13.383,0.0,0,32.2,0,0,0,1,0,1,1,0,0,1,0,12192.0,2,1,1,1,0,0,1,1,8.3,266.6,0,0,0,0,0,1
164000,63.425,0.533,1,1,1,0,3.232,0.0,0,0,1,0,13.383,0.0,0,31.93,0,0,0,1,0,1,1,0,0,1,0,12192.0,2,1,1,1,0,0,1,1,9.0,268.7,0,0,0,0,0,1
164100,63.476,0.518,1,1,1,0,3.232,0.0,0,0,1,0,13.383,0.0,0,32.11,0,0,0,1,0,1,1,0,0,1,0,12192.0,2,1,1,1,0,0,1,1,9.0,268.8,0,0,0,0,0,1
164200,63.527,0.503,1,1,1,0,3.232,0.0,0,0,1,0,13.383,0.0,0,31.98,0,0,0,1,0,1,1,0,0,1,0,12192.0,2,1,1,1,0,0,1,1,8.8,271.4,0,0,0,0,0,1
164300,63.575,0.488,1,1,1,0,3.232,0.0,0,0,1,0,13.383,0.0,0,32.19,0,0,0,1,0,1,1,0,0,1,0,12192.0,2,1,1,1,0,0,1,1,8.7,271.7,0,0,0,0,0,1
164400,63.623,0.473,1,1,1,0,3.232,0.0,0,0,1,0,13.383,0.0,0,32.06,0,0,0,1,0,1,1,0,0,1,0,12192.0,2,1,1,1,0,0,1,1,8.0,271.1,0,0,0,0,0,1
164500,63.669,0.458,1,1,1,0,3.232,0.0,0,0,1,0,13.383,0.0,0,31.83,0,0,0,1,0,1,1,0,0,1,0,12192.0,2,1,1,1,0,0,1,1,8.7,273.9,0,0,0,0,0,1
164600,63.713,0.444,1,1,1,0,3.232,0.0,0,0,1,0,13.383,0.0,0,31.82,0,0,0,1,0,1,1,0,0,1,0,12192.0,2,1,1,1,0,0,1,1,8.4,269.4,0,0,0,0,0,1
164700,63.756,0.429,1,1,1,0,3.232,0.0,0,0,1,0,13.383,0.0,0,32.15,0,0,0,1,0,1,1,0,0,1,0,12192.0,2,1,1,1,0,0,1,1,8.7,272.4,0,0,0,0,0,1
164800,63.797,0.414,1,1,1,0,3.232,0.0,0,0,1,0,13.383,0.0,0,31.87,0,0,0,1,0,1,1,0,0,1,0,12192.0,2,1,1,1,0,0,1,1,8.6,267.8,0,0,0,0,0,1
164900,63.837,0.399,1,1,1,0,3.232,0.0,0,0,1,0,13.383,0.0,0,31.92,0,0,0,1,0,1,1,0,0,1,0,12192.0,2,1,1,1,0,0,1,1,8.7,267.3,0,0,0,0,0,1
165000,63.875,0.384,1,1,1,0,3.232,0.0,0,0,1,0,13.383,0.0,0,31.92,0,0,0,1,0,1,1,0,0,1,0,12192.0,2,1,1,1,0,0,1,1,8.7,266.0,0,0,0,0,0,1
165100,63.912,0.369,1,1,1,0,3.232,0.0,0,0,1,0,13.383,0.0,0,31.97,0,0,0,1,0,1,1,0,0,1,0,12192.0,2,1,1,1,0,0,1,1,9.6,266.2,0,0,0,0,0,1
165200,63.948,0.354,1,1,1,0,3.232,0.0,0,0,1,0,13.383,0.0,0,32.12,0,0,0,1,0,1,1,0,0,1,0,12192.0,2,1,1,1,0,0,1,1,8.2,268.2,0,0,0,0,0,1
165300,63.982,0.34,1,1,1,0,3.232,0.0,0,0,1,0,13.383,0.0,0,32.15,0,0,0,1,0,1,1,0,0,1,0,12192.0,2,1,1,1,0,0,1,1,8.8,266.9,0,0,0,0,0,1
165400,64.014,0.325,1,1,1,0,3.232,0.0,0,0,1,0,13.383,0.0,0,32.02,0,0,0,1,0,1,1,0,0,1,0,12192.0,2,1,1,1,0,0,1,1,8.4,270.4,0,0,0,0,0,1
165500,64.045,0.31,1,1,1,0,3.232,0.0,0,0,1,0,13.383,0.0,0,32.12,0,0,0,1,0,1,1,0,0,1,0,12192.0,2,1,1,1,0,0,1,1,8.3,272.7,0,0,0,0,0,1
165600,64.075,0.295,1,1,1,0,3.232,0.0,0,0,1,0,13.383,0.0,0,32.23,0,0,0,1,0,1,1,0,0,1,0,12192.0,2,1,1,1,0,0,1,1,8.4,267.7,0,0,0,0,0,1
165700,64.103,0.28,1,1,1,0,3.232,0.0,0,0,1,0,13.383,0.0,0,31.89,0,0,0,1,0,1,1,0,0,1,0,12192.0,2,1,1,1,0,0,1,1,7.8,272.8,0,0,0,0,0,1
165800,64.129,0.265,1,1,1,0,3.232,0.0,0,0,1,0,13.383,0.0,0,32.16,0,0,0,1,0,1,1,0,0,1,0,12192.0,2,1,1,1,0,0,1,1,8.6,266.9,0,0,0,0,0,1
165900,64.156,0.266,1,1,1,0,3.232,0.0,0,0,1,0,13.383,0.0,0,31.92,0,0,0,1,0,1,1,0,0,1,0,12192.0,2,1,1,1,0,0,1,1,7.9,268.8,0,0,0,0,0,1
166000,64.181,0.25,1,1,1,0,3.232,0.0,0,0,1,0,13.383,0.0,0,32.13,0,0,0,1,0,1,1,0,0,1,0,12192.0,2,1,1,1,0,0,1,1,7.7,272.0,0,0,0,0,0,1
166100,64.204,0.235,1,1,1,0,3.232,0.0,0,0,1,0,13.383,0.0,0,32.01,0,0,0,1,0,1,1,0,0,1,0,12192.0,2,1,1,1,0,0,1,1,8.4,266.2,0,0,0,0,0,1
166200,64.226,0.22,1,1,1,0,3.232,0.0,0,0,1,0,13.383,0.0,0,32.26,0,0,0,1,0,1,1,0,0,1,0,12192.0,2,1,1,1,0,0,1,1,7.2,273.4,0,0,0,0,0,1
166300,64.247,0.204,1,1,1,0,3.232,0.0,0,0,1,0,13.383,0.0,0,31.94,0,0,0,1,0,1,1,0,0,1,0,12192.0,2,1,1,1,0,0,1,1,8.3,270.1,0,0,0,0,0,1
166400,64.266,0.189,1,1,1,0,3.232,0.0,0,0,1,0,13.383,0.0,0,32.0,0,0,0,1,0,1,1,0,0,1,0,12192.0,2,1,1,1,0,0,1,1,7.8,268.2,0,0,0,0,0,1
166500,64.283,0.173,1,1,1,0,3.232,0.0,0,0,1,0,13.383,0.0,0,32.21,0,0,0,1,0,1,1,0,0,1,0,12192.0,2,1,1,1,0,0,1,1,7.9,266.5,0,0,0,0,0,1
166600,64.299,0.158,1,1,1,0,3.232,0.0,0,0,1,0,13.383,0.0,0,32.17,0,0,0,1,0,1,1,0,0,1,0,12192.0,2,1,1,1,0,0,1,1,8.2,270.1,0,0,0,0,0,1
166700,64.313,0.142,1,1,1,0,3.232,0.0,0,0,1,0,13.383,0.0,0,31.94,0,0,0,1,0,1,1,0,0,1,0,12192.0,2,1,1,1,0,0,1,1,7.2,270.5,0,0,0,0,0,1
166800,64.326,0.127,1,1,1,0,3.232,0.0,0,0,1,0,13.383,0.0,0,32.11,0,0,0,1,0,1,1,0,0,1,0,12192.0,2,1,1,1,0,0,1,1,7.5,270.6,0,0,0,0,0,1
166900,64.337,0.111,1,1,1,0,3.232,0.0,0,0,1,0,13.383,0.0,0,31.99,0,0,0,1,0,1,1,0,0,1,0,12192.0,2,1,1,1,0,0,1,1,7.6,268.9,0,0,0,0,0,1
167000,64.346,0.095,1,1,1,0,3.232,0.0,0,0,1,0,13.383,0.0,0,32.06,0,0,0,1,0,1,1,0,0,1,0,12192.0,2,1,1,1,0,0,1,1,6.9,269.7,0,0,0,0,0,1
167100,64.354,0.078,1,1,1,0,3.232,0.0,0,0,1,0,13.383,0.0,0,32.14,0,0,0,1,0,1,1,0,0,1,0,12192.0,2,1,1,1,0,0,1,1,7.2,266.2,0,0,0,0,0,1
167200,64.36,0.062,1,1,1,0,3.232,0.0,0,0,1,0,13.383,0.0,0,32.08,0,0,0,1,0,1,1,0,0,1,0,12192.0,2,1,1,1,0,0,1,1,7.6,268.2,0,0,0,0,0,1
167300,64.365,0.045,1,1,1,0,3.232,0.0,0,0,1,0,13.383,0.0,0,32.06,0,0,0,1,0,1,1,0,0,1,0,12192.0,2,1,1,1,0,0,1,1,7.8,274.6,0,0,0,0,0,1
167400,64.367,0.026,1,1,1,0,3.232,0.0,0,0,1,0,13.378,-0.05,0,30.33,0,0,1,1,0,1,1,0,0,1,0,12192.0,2,1,1,1,0,0,1,1,7.1,272.2,0,0,0,0,0,1
167500,64.368,0.0,0,0,1,0,3.232,0.0,0,0,1,0,13.368,-0.1,0,30.23,0,0,1,1,0,1,1,0,0,1,0,12192.0,2,1,1,1,0,0,1,1,7.6,271.8,0,0,0,0,0,1
167600,64.368,0.0,0,0,1,0,3.232,0.0,0,0,1,0,13.354,-0.149,0,30.4,0,0,1,1,0,1,1,0,0,1,0,12192.0,2,1,1,1,0,0,1,1,7.2,272.4,0,0,0,0,0,1
167700,64.368,0.0,0,0,1,0,3.232,0.0,0,0,1,0,13.334,-0.199,0,30.37,0,0,1,1,0,1,1,0,0,1,0,12192.0,2,1,1,1,0,0,1,1,8.8,275.4,0,0,0,0,0,1
167800,64.368,0.0,0,0,1,0,3.232,0.0,0,0,1,0,13.309,-0.249,0,30.42,0,0,1,1,0,1,1,0,0,1,0,12192.0,2,1,1,1,0,0,1,1,7.5,275.0,0,0,0,0,0,1
167900,64.368,0.0,0,0,1,0,3.232,0.0,0,0,1,0,13.279,-0.299,0,30.25,0,0,1,1,0,1,1,0,0,1,0,12192.0,2,1,1,1,0,0,1,1,7.2,271.5,0,0,0,0,0,1
168000,64.368,0.0,0,0,1,0,3.232,0.0,0,0,1,0,13.244,-0.348,0,30.24,0,0,1,1,0,1,1,0,0,1,0,12192.0,2,1,1,1,0,0,1,1,7.3,268.5,0,0,0,0,0,1
168100,64.368,0.0,0,0,1,0,3.232,0.0,0,0,1,0,13.204,-0.398,0,30.64,0,0,1,1,0,1,1,0,0,1,0,12192.0,2,1,1,1,0,0,1,1,6.8,265.0,0,0,0,0,0,1
168200,64.368,0.0,0,0,1,0,3.232,0.0,0,0,1,0,13.159,-0.448,0,30.2,0,0,1,1,0,1,1,0,0,1,0,12192.0,2,1,1,1,0,0,1,1,7.0,268.1,0,0,0,0,0,1
168300,64.368,0.0,0,0,1,0,3.232,0.0,0,0,1,0,13.11,-0.498,0,30.6,0,0,1,1,0,1,1,0,0,1,0,12192.0,2,1,1,1,0,0,1,1,7.3,271.9,0,0,0,0,0,1
168400,64.368,0.0,0,0,1,0,3.232,0.0,0,0,1,0,13.055,-0.547,0,30.28,0,0,1,1,0,1,1,0,0,1,0,12192.0,2,1,1,1,0,0,1,1,8.0,270.4,0,0,0,0,0,1
168500,64.368,0.0,0,0,1,0,3.232,0.0,0,0,1,0,12.995,-0.597,0,30.4,0,0,1,1,0,1,1,0,0,1,0,12192.0,2,1,1,1,0,0,1,1,7.4,268.5,0,0,0,0,0,1
168600,64.368,0.0,0,0,1,0,3.232,0.0,0,0,1,0,12.931,-0.647,0,30.22,0,0,1,1,0,1,1,0,0,1,0,12192.0,2,1,1,1,0,0,1,1,7.8,274.2,0,0,0,0,0,1
168700,64.368,0.0,0,0,1,0,3.232,0.0,0,0,1,0,12.861,-0.697,0,30.56,0,0,1,1,0,1,1,0,0,1,0,12192.0,2,1,1,1,0,0,1,1,7.4,271.9,0,0,0,0,0,1
168800,64.368,0.0,0,0,1,0,3.232,0.0,0,0,1,0,12.786,-0.746,0,30.35,0,0,1,1,0,1,1,0,0,1,0,12192.0,2,1,1,1,0,0,1,1,7.7,274.1,0,0,0,0,0,1
168900,64.368,0.0,0,0,1,0,3.232,0.0,0,0,1,0,12.707,-0.796,0,30.56,0,0,1,1,0,1,1,0,0,1,0,12192.0,2,1,1,1,0,0,1,1,8.5,269.0,0,0,0,0,0,1
169000,64.368,0.0,0,0,1,0,3.232,0.0,0,0,1,0,12.622,-0.846,0,30.37,0,0,1,1,0,1,1,0,0,1,0,12192.0,2,1,1,1,0,0,1,1,8.1,272.3,0,0,0,0,0,1
169100,64.368,0.0,0,0,1,0,3.232,0.0,0,0,1,0,12.532,-0.896,0,30.4,0,0,1,1,0,1,1,0,0,1,0,12192.0,2,1,1,1,0,0,1,1,7.8,270.2,0,0,0,0,0,1
169200,64.368,0.0,0,0,1,0,3.232,0.0,0,0,1,0,12.438,-0.945,0,30.61,0,0,1,1,0,1,1,0,0,1,0,12192.0,2,1,1,1,0,0,1,1,7.5,270.8,0,0,0,0,0,1
169300,64.368,0.0,0,0,1,0,3.232,0.0,0,0,1,0,12.338,-0.995,0,30.41,0,0,1,1,0,1,1,0,0,1,0,12192.0,2,1,1,1,0,0,1,1,7.5,270.4,0,0,0,0,0,1
169400,64.368,0.0,0,0,1,0,3.232,0.0,0,0,1,0,12.234,-1.045,0,30.43,0,0,1,1,0,1,1,0,0,1,0,12192.0,2,1,1,1,0,0,1,1,7.0,268.2,0,0,0,0,0,1
169500,64.368,0.0,0,0,1,0,3.232,0.0,0,0,1,0,12.124,-1.095,0,30.47,0,0,1,1,0,1,1,0,0,1,0,12192.0,2,1,1,1,0,0,1,1,7.9,267.4,0,0,0,0,0,1
169600,64.368,0.0,0,0,1,0,3.232,0.0,0,0,1,0,12.01,-1.145,0,30.37,0,0,1,1,0,1,1,0,0,1,0,12192.0,2,1,1,1,0,0,1,1,7.2,268.6,0,0,0,0,0,1
169700,64.368,0.0,0,0,1,0,3.232,0.0,0,0,1,0,11.891,-1.194,0,30.33,0,0,1,1,0,1,1,0,0,1,0,12192.0,2,1,1,1,0,0,1,1,7.8,272.5,0,0,0,0,0,1
169800,64.368,0.0,0,0,1,0,3.232,0.0,0,0,1,0,11.766,-1.244,0,30.56,0,0,1,1,0,1,1,0,0,1,0,12192.0,2,1,1,1,0,0,1,1,7.5,269.3,0,0,0,0,0,1
169900,64.368,0.0,0,0,1,0,3.232,0.0,0,0,1,0,11.64,-1.266,0,30.29,0,0,1,1,0,1,1,0,0,1,0,12192.0,2,1,1,1,0,0,1,1,8.0,269.0,0,0,0,0,0,1
170000,64.368,0.0,0,0,1,0,3.232,0.0,0,0,1,0,11.513,-1.266,0,30.5,0,0,1,1,0,1,1,0,0,1,0,12192.0,2,1,1,1,0,0,1,1,7.6,272.5,0,0,0,0,0,1
170100,64.368,0.0,0,0,1,0,3.232,0.0,0,0,1,0,11.386,-1.266,0,30.52,0,0,1,1,0,1,1,0,0,1,0,12192.0,2,1,1,1,0,0,1,1,8.1,270.1,0,0,0,0,0,1
170200,64.368,0.0,0,0,1,0,3.232,0.0,0,0,1,0,11.26,-1.266,0,30.41,0,0,1,1,0,1,1,0,0,1,0,12192.0,2,1,1,1,0,0,1,1,8.0,270.2,0,0,0,0,0,1
170300,64.368,0.0,0,0,1,0,3.232,0.0,0,0,1,0,11.133,-1.266,0,30.49,0,0,1,1,0,1,1,0,0,1,0,12192.0,2,1,1,1,0,0,1,1,8.4,264.5,0,0,0,0,0,1
170400,64.368,0.0,0,0,1,0,3.232,0.0,0,0,1,0,11.007,-1.266,0,30.56,0,0,1,1,0,1,1,0,0,1,0,12192.0,2,1,1,1,0,0,1,1,7.7,270.3,0,0,0,0,0,1
170500,64.368,0.0,0,0,1,0,3.232,0.0,0,0,1,0,10.88,-1.266,0,30.4,0,0,1,1,0,1,1,0,0,1,0,12192.0,2,1,1,1,0,0,1,1,8.8,270.1,0,0,0,0,0,1
170600,64.368,0.0,0,0,1,0,3.232,0.0,0,0,1,0,10.753,-1.266,0,30.33,0,0,1,1,0,1,1,0,0,1,0,12192.0,2,1,1,1,0,0,1,1,8.7,268.3,0,0,0,0,0,1
170700,64.368,0.0,0,0,1,0,3.232,0.0,0,0,1,0,10.627,-1.266,0,30.31,0,0,1,1,0,1,1,0,0,1,0,12192.0,2,1,1,1,0,0,1,1,8.8,271.0,0,0,0,0,0,1
170800,64.368,0.0,0,0,1,0,3.232,0.0,0,0,1,0,10.5,-1.266,0,30.62,0,0,1,1,0,1,1,0,0,1,0,12192.0,2,1,1,1,0,0,1,1,7.9,273.5,0,0,0,0,0,1
170900,64.368,0.0,0,0,1,0,3.232,0.0,0,0,1,0,10.374,-1.266,0,30.37,0,0,1,1,0,1,1,0,0,1,0,12192.0,2,1,1,1,0,0,1,1,9.2,272.1,0,0,0,0,0,1
171000,64.368,0.0,0,0,1,0,3.232,0.0,0,0,1,0,10.247,-1.266,0,30.25,0,0,1,1,0,1,1,0,0,1,0,12192.0,2,1,1,1,0,0,1,1,8.0,266.6,0,0,0,0,0,1
171100,64.368,0.0,0,0,1,0,3.232,0.0,0,0,1,0,10.121,-1.266,0,30.28,0,0,1,1,0,1,1,0,0,1,0,12192.0,2,1,1,1,0,0,1,1,7.8,271.2,0,0,0,0,0,1
171200,64.368,0.0,0,0,1,0,3.232,0.0,0,0,1,0,9.994,-1.266,0,30.44,0,0,1,1,0,1,1,0,0,1,0,12192.0,2,1,1,1,0,0,1,1,8.5,266.5,0,0,0,0,0,1
171300,64.368,0.0,0,0,1,0,3.232,0.0,0,0,1,0,9.867,-1.266,0,30.24,0,0,1,1,0,1,1,0,0,1,0,12192.0,2,1,1,1,0,0,1,1,8.4,271.4,0,0,0,0,0,1
171400,64.368,0.0,0,0,1,0,3.232,0.0,0,0,1,0,9.741,-1.266,0,30.21,0,0,1,1,0,1,1,0,0,1,0,12192.0,2,1,1,1,0,0,1,1,8.4,268.5,0,0,0,0,0,1
171500,64.368,0.0,0,0,1,0,3.232,0.0,0,0,1,0,9.614,-1.266,0,30.63,0,0,1,1,0,1,1,0,0,1,0,12192.0,2,1,1,1,0,0,1,1,8.7,272.6,0,0,0,0,0,1
171600,64.368,0.0,0,0,1,0,3.232,0.0,0,0,1,0,9.488,-1.266,0,30.26,0,0,1,1,0,1,1,0,0,1,0,12192.0,2,1,1,1,0,0,1,1,8.5,268.9,0,0,0,0,0,1
171700,64.368,0.0,0,0,1,0,3.232,0.0,0,0,1,0,9.361,-1.266,0,30.47,0,0,1,1,0,1,1,0,0,1,0,12192.0,2,1,1,1,0,0,1,1,8.0,272.6,0,0,0,0,0,1
171800,64.368,0.0,0,0,1,0,3.232,0.0,0,0,1,0,9.234,-1.266,0,30.37,0,0,1,1,0,1,1,0,0,1,0,12192.0,2,1,1,1,0,0,1,1,8.5,266.8,0,0,0,0,0,1
171900,64.368,0.0,0,0,1,0,3.232,0.0,0,0,1,0,9.108,-1.266,0,30.49,0,0,1,1,0,1,1,0,0,1,0,12192.0,2,1,1,1,0,0,1,1,8.5,267.9,0,0,0,0,0,1
172000,64.368,0.0,0,0,1,0,3.232,0.0,0,0,1,0,8.981,-1.266,0,30.44,0,0,1,1,0,1,1,0,0,1,0,12192.0,2,1,1,1,0,0,1,1,7.9,274.1,0,0,0,0,0,1
172100,64.368,0.0,0,0,1,0,3.232,0.0,0,0,1,0,8.855,-1.266,0,30.39,0,0,1,1,0,1,1,0,0,1,0,12192.0,2,1,1,1,0,0,1,1,8.1,270.3,0,0,0,0,0,1
172200,64.368,0.0,0,0,1,0,3.232,0.0,0,0,1,0,8.728,-1.266,0,30.49,0,0,1,1,0,1,1,0,0,1,0,12192.0,2,1,1,1,0,0,1,1,8.0,271.4,0,0,0,0,0,1
172300,64.368,0.0,0,0,1,0,3.232,0.0,0,0,1,0,8.602,-1.266,0,30.24,0,0,1,1,0,1,1,0,0,1,0,12192.0,2,1,1,1,0,0,1,1,8.2,268.7,0,0,0,0,0,1
172400,64.368,0.0,0,0,1,0,3.232,0.0,0,0,1,0,8.475,-1.266,0,30.36,0,0,1,1,0,1,1,0,0,1,0,12192.0,2,1,1,1,0,0,1,1,8.9,266.5,0,0,0,0,0,1
172500,64.368,0.0,0,0,1,0,3.232,0.0,0,0,1,0,8.348,-1.266,0,30.42,0,0,1,1,0,1,1,0,0,1,0,12192.0,2,1,1,1,0,0,1,1,8.3,267.9,0,0,0,0,0,1
172600,64.368,0.0,0,0,1,0,3.232,0.0,0,0,1,0,8.222,-1.266,0,30.42,0,0,1,1,0,1,1,0,0,1,0,12192.0,2,1,1,1,0,0,1,1,8.6,268.9,0,0,0,0,0,1
172700,64.368,0.0,0,0,1,0,3.232,0.0,0,0,1,0,8.095,-1.266,0,30.56,0,0,1,1,0,1,1,0,0,1,0,12192.0,2,1,1,1,0,0,1,1,8.8,267.9,0,0,0,0,0,1
172800,64.368,0.0,0,0,1,0,3.232,0.0,0,0,1,0,7.969,-1.266,0,30.31,0,0,1,1,0,1,1,0,0,1,0,12192.0,2,1,1,1,0,0,1,1,8.7,270.6,0,0,0,0,0,1
172900,64.368,0.0,0,0,1,0,3.232,0.0,0,0,1,0,7.842,-1.266,0,30.34,0,0,1,1,0,1,1,0,0,1,0,12192.0,2,1,1,1,0,0,1,1,8.8,266.1,0,0,0,0,0,1
173000,64.368,0.0,0,0,1,0,3.232,0.0,0,0,1,0,7.715,-1.266,0,30.44,0,0,1,1,0,1,1,0,0,1,0,12192.0,2,1,1,1,0,0,1,1,7.9,268.6,0,0,0,0,0,1
173100,64.368,0.0,0,0,1,0,3.232,0.0,0,0,1,0,7.589,-1.266,0,30.46,0,0,1,1,0,1,1,0,0,1,0,12192.0,2,1,1,1,0,0,1,1,8.6,273.0,0,0,0,0,0,1
173200,64.368,0.0,0,0,1,0,3.232,0.0,0,0,1,0,7.462,-1.266,0,30.35,0,0,1,1,0,1,1,0,0,1,0,12192.0,2,1,1,1,0,0,1,1,8.3,273.1,0,0,0,0,0,1
173300,64.368,0.0,0,0,1,0,3.232,0.0,0,0,1,0,7.336,-1.266,0,30.36,0,0,1,1,0,1,1,0,0,1,0,12192.0,2,1,1,1,0,0,1,1,8.9,266.2,0,0,0,0,0,1
173400,64.368,0.0,0,0,1,0,3.232,0.0,0,0,1,0,7.209,-1.266,0,30.52,0,0,1,1,0,1,1,0,0,1,0,12192.0,2,1,1,1,0,0,1,1,8.5,273.2,0,0,0,0,0,1
173500,64.368,0.0,0,0,1,0,3.232,0.0,0,0,1,0,7.083,-1.266,0,30.51,0,0,1,1,0,1,1,0,0,1,0,12192.0,2,1,1,1,0,0,1,1,8.5,271.5,0,0,0,0,0,1
173600,64.368,0.0,0,0,1,0,3.232,0.0,0,0,1,0,6.956,-1.266,0,30.37,0,0,1,1,0,1,1,0,0,1,0,12192.0,2,1,1,1,0,0,1,1,9.4,271.2,0,0,0,0,0,1
173700,64.368,0.0,0,0,1,0,3.232,0.0,0,0,1,0,6.829,-1.266,0,30.45,0,0,1,1,0,1,1,0,0,1,0,12192.0,2,1,1,1,0,0,1,1,7.9,274.7,0,0,0,0,0,1
173800,64.368,0.0,0,0,1,0,3.232,0.0,0,0,1,0,6.703,-1.266,0,30.28,0,0,1,1,0,1,1,0,0,1,0,12192.0,2,1,1,1,0,0,1,1,8.3,270.5,0,0,0,0,0,1
173900,64.368,0.0,0,0,1,0,3.232,0.0,0,0,1,0,6.581,-1.216,0,33.41,0,0,1,1,0,1,1,0,0,1,0,12192.0,2,1,1,1,0,0,1,1,8.3,273.2,0,0,0,0,0,1
174000,64.368,0.0,0,0,1,0,3.232,0.0,0,0,1,0,6.465,-1.166,0,33.64,0,0,1,1,0,1,1,0,0,1,0,12192.0,2,1,1,1,0,0,1,1,8.0,270.0,0,0,0,0,0,1
174100,64.368,0.0,0,0,1,0,3.232,0.0,0,0,1,0,6.353,-1.117,0,33.54,0,0,1,1,0,1,1,0,0,1,0,12192.0,2,1,1,1,0,0,1,1,8.7,271.4,0,0,0,0,0,1
174200,64.368,0.0,0,0,1,0,3.232,0.0,0,0,1,0,6.246,-1.067,0,33.84,0,0,1,1,0,1,1,0,0,1,0,12192.0,2,1,1,1,0,0,1,1,8.2,271.2,0,0,0,0,0,1
174300,64.368,0.0,0,0,1,0,3.232,0.0,0,0,1,0,6.145,-1.017,0,33.53,0,0,1,1,0,1,1,0,0,1,0,12192.0,2,1,1,1,0,0,1,1,8.5,264.1,0,0,0,0,0,1
174400,64.368,0.0,0,0,1,0,3.232,0.0,0,0,1,0,6.048,-0.967,0,33.39,0,0,1,1,0,1,1,0,0,1,0,12192.0,2,1,1,1,0,0,1,1,8.2,270.8,0,0,0,0,0,1
174500,64.368,0.0,0,0,1,0,3.232,0.0,0,0,1,0,5.956,-0.917,0,33.44,0,0,1,1,0,1,1,0,0,1,0,12192.0,2,1,1,1,0,0,1,1,9.0,269.7,0,0,0,0,0,1
174600,64.368,0.0,0,0,1,0,3.232,0.0,0,0,1,0,5.869,-0.868,0,33.48,0,0,1,1,0,1,1,0,0,1,0,12192.0,2,1,1,1,0,0,1,1,8.1,268.3,0,0,0,0,0,1
174700,64.368,0.0,0,0,1,0,3.232,0.0,0,0,1,0,5.787,-0.818,0,33.7,0,0,1,1,0,1,1,0,0,1,0,12192.0,2,1,1,1,0,0,1,1,8.0,270.3,0,0,0,0,0,1
174800,64.368,0.0,0,0,1,0,3.232,0.0,0,0,1,0,5.711,-0.768,0,33.66,0,0,1,1,0,1,1,0,0,1,0,12192.0,2,1,1,1,0,0,1,1,9.0,271.8,0,0,0,0,0,1
174900,64.368,0.0,0,0,1,0,3.232,0.0,0,0,1,0,5.639,-0.718,0,33.67,0,0,1,1,0,1,1,0,0,1,0,12192.0,2,1,1,1,0,0,1,1,7.8,271.2,0,0,0,0,0,1
175000,64.368,0.0,0,0,1,0,3.232,0.0,0,0,1,0,5.572,-0.669,0,33.63,0,0,1,1,0,1,1,0,0,1,0,12192.0,2,1,1,1,0,0,1,1,8.5,263.2,0,0,0,0,0,1
175100,64.368,0.0,0,0,1,0,3.232,0.0,0,0,1,0,5.51,-0.619,0,33.51,0,0,1,1,0,1,1,0,0,1,0,12192.0,2,1,1,1,0,0,1,1,7.6,266.2,0,0,0,0,0,1
175200,64.368,0.0,0,0,1,0,3.232,0.0,0,0,1,0,5.453,-0.569,0,33.53,0,0,1,1,0,1,1,0,0,1,0,12192.0,2,1,1,1,0,0,1,1,7.1,272.2,0,0,0,0,0,1
175300,64.368,0.0,0,0,1,0,3.232,0.0,0,0,1,0,5.401,-0.519,0,33.61,0,0,1,1,0,1,1,0,0,1,0,12192.0,2,1,1,1,0,0,1,1,7.4,268.8,0,0,0,0,0,1
175400,64.368,0.0,0,0,1,0,3.232,0.0,0,0,1,0,5.354,-0.47,0,33.5,0,0,1,1,0,1,1,0,0,1,0,12192.0,2,1,1,1,0,0,1,1,7.1,266.9,0,0,0,0,0,1
175500,64.368,0.0,0,0,1,0,3.232,0.0,0,0,1,0,5.312,-0.42,0,33.73,0,0,1,1,0,1,1,0,0,1,0,12192.0,2,1,1,1,0,0,1,1,8.3,269.1,0,0,0,0,0,1
175600,64.368,0.0,0,0,1,0,3.232,0.0,0,0,1,0,5.275,-0.37,0,33.76,0,0,1,1,0,1,1,0,0,1,0,12192.0,2,1,1,1,0,0,1,1,7.0,270.0,0,0,0,0,0,1
175700,64.368,0.0,0,0,1,0,3.232,0.0,0,0,1,0,5.243,-0.32,0,33.4,0,0,1,1,0,1,1,0,0,1,0,12192.0,2,1,1,1,0,0,1,1,7.7,267.4,0,0,0,0,0,1
175800,64.368,0.0,0,0,1,0,3.232,0.0,0,0,1,0,5.216,-0.271,0,33.68,0,0,1,1,0,1,1,0,0,1,0,12192.0,2,1,1,1,0,0,1,1,7.6,270.6,0,0,0,0,0,1
175900,64.368,0.0,0,0,1,0,3.232,0.0,0,0,1,0,5.189,-0.273,0,30.4,0,0,1,1,0,1,1,0,0,1,0,12192.0,2,1,1,1,0,0,1,1,7.9,271.4,0,0,0,0,0,1
176000,64.368,0.0,0,0,1,0,3.232,0.0,0,0,1,0,5.167,-0.217,0,33.62,0,0,1,1,0,1,1,0,0,1,0,12192.0,2,1,1,1,0,0,1,1,7.4,269.3,0,0,0,0,0,1
176100,64.368,0.0,0,0,1,0,3.232,0.0,0,0,1,0,5.151,-0.16,0,33.54,0,0,1,1,0,1,1,0,0,1,0,12192.0,2,1,1,1,0,0,1,1,7.7,270.7,0,0,0,0,0,1
176200,64.368,0.0,0,0,1,0,3.232,0.0,0,0,1,0,5.141,-0.098,0,33.59,0,0,1,1,0,1,1,0,0,1,0,12192.0,2,1,1,1,0,0,1,1,7.4,272.5,0,0,0,0,0,1
176300,64.368,0.0,0,0,0,0,3.232,0.0,0,0,0,0,5.136,0.0,0,32.33,0,0,0,0,0,1,1,0,0,1,0,12192.0,2,1,1,0,1,0,1,1,7.1,268.5,0,0,0,0,0,1
176400,64.368,0.0,0,0,0,0,3.232,0.0,0,0,0,0,5.136,0.0,0,31.74,0,0,0,0,0,1,1,0,1,1,0,12192.0,2,1,1,0,1,0,1,1,6.5,269.3,0,0,0,0,0,1
176500,64.368,0.0,0,0,0,0,3.232,0.0,0,0,0,0,5.136,0.0,0,31.76,0,0,0,0,0,1,1,0,1,1,0,12192.0,2,1,1,0,1,0,1,1,7.4,268.1,0,0,0,0,0,1
176600,64.368,0.0,0,0,0,0,3.232,0.0,0,0,0,0,5.136,0.0,0,32.07,0,0,0,0,0,1,1,0,1,1,0,12192.0,2,1,1,0,1,0,1,1,7.0,271.2,0,0,0,0,0,1
176700,64.368,0.0,0,0,0,0,3.232,0.0,0,0,0,0,5.136,0.0,0,31.81,0,0,0,0,0,1,1,0,1,1,0,12192.0,2,1,1,0,1,0,1,1,7.7,267.6,0,0,0,0,0,1
176800,64.368,0.0,0,0,0,0,3.232,0.0,0,0,0,0,5.136,0.0,0,32.04,0,0,0,0,0,1,1,0,1,1,0,12192.0,2,1,1,0,1,0,1,1,7.5,272.0,0,0,0,0,0,1
176900,64.368,0.0,0,0,0,0,3.232,0.0,0,0,0,0,5.136,0.0,0,32.01,0,0,0,0,0,1,1,0,1,1,0,12192.0,2,1,1,0,1,0,1,1,7.2,271.4,0,0,0,0,0,1
177000,64.368,0.0,0,0,0,0,3.232,0.0,0,0,0,0,5.136,0.0,0,32.08,0,0,0,0,0,1,1,0,1,1,0,12192.0,2,1,1,0,1,0,1,1,6.7,268.9,0,0,0,0,0,1
177100,64.368,0.0,0,0,0,0,3.232,0.0,0,0,0,0,5.136,0.0,0,32.05,0,0,0,0,0,1,1,0,1,1,0,12192.0,2,1,1,0,1,0,1,1,7.7,271.0,0,0,0,0,0,1
177200,64.368,0.0,0,0,0,0,3.232,0.0,0,0,0,0,5.136,0.0,0,31.96,0,0,0,0,0,1,1,0,1,1,0,12192.0,2,1,1,0,1,0,1,1,7.3,272.0,0,0,0,0,0,1
177300,64.368,0.0,0,0,0,0,3.232,0.0,0,0,0,0,5.136,0.0,0,32.1,0,0,0,0,0,1,1,0,1,1,0,12192.0,2,1,1,0,1,0,1,1,7.3,274.5,0,0,0,0,0,1
177400,64.368,0.0,0,0,0,0,3.232,0.0,0,0,0,0,5.136,0.0,0,31.93,0,0,0,0,0,1,1,0,1,1,0,12192.0,2,1,1,0,1,0,1,1,7.1,275.1,0,0,0,0,0,1
177500,64.368,0.0,0,0,0,0,3.232,0.0,0,0,0,0,5.136,0.0,0,0.0,0,0,0,0,0,1,0,1,1,1,0,12192.0,2,1,1,0,1,0,1,1,6.7,277.1,0,0,0,0,0,1
177600,64.368,0.0,0,0,0,0,3.232,0.0,0,0,0,0,5.136,0.0,0,0.0,0,0,0,0,0,1,0,1,1,1,0,12192.0,2,1,1,0,1,0,1,1,7.5,269.9,0,0,0,0,0,1
177700,64.368,0.0,0,0,0,0,3.232,0.0,0,0,0,0,5.136,0.0,0,0.0,0,0,0,0,0,1,0,1,1,1,0,12192.0,2,1,1,0,1,0,1,1,7.2,274.7,0,0,0,0,0,1
177800,64.368,0.0,0,0,0,0,3.232,0.0,0,0,0,0,5.136,0.0,0,0.0,0,0,0,0,0,1,0,1,1,1,0,12192.0,2,1,1,0,1,0,1,1,7.2,269.1,0,0,0,0,0,1
177900,64.368,0.0,0,0,0,0,3.232,0.0,0,0,0,0,5.136,0.0,0,0.0,0,0,0,0,0,1,0,1,1,1,0,12192.0,2,1,1,0,1,0,1,1,6.9,266.5,0,0,0,0,0,1
178000,64.368,0.0,0,0,0,0,3.232,0.0,0,0,0,0,5.136,0.0,0,0.0,0,0,0,0,0,1,0,1,1,1,0,12192.0,2,1,1,0,1,0,1,1,8.2,272.6,0,0,0,0,0,1
178100,64.368,0.0,0,0,0,0,3.232,0.0,0,0,0,0,5.136,0.0,0,0.0,0,0,0,0,0,1,0,1,1,1,0,12192.0,2,1,1,0,1,0,1,1,7.2,269.9,0,0,0,0,0,1
178200,64.368,0.0,0,0,0,0,3.232,0.0,0,0,0,0,5.136,0.0,0,0.0,0,0,0,0,0,1,0,1,1,1,0,12192.0,2,1,1,0,1,0,1,1,7.4,267.7,0,0,0,0,0,1
178300,64.368,0.0,0,0,0,0,3.232,0.0,0,0,0,0,5.136,0.0,0,0.0,0,0,0,0,0,1,0,1,1,1,0,12192.0,2,1,1,0,1,0,1,1,7.9,268.6,0,0,0,0,0,1
178400,64.368,0.0,0,0,0,0,3.232,0.0,0,0,0,0,5.136,0.0,0,0.0,0,0,0,0,0,1,0,1,1,1,0,12192.0,2,1,1,0,1,0,1,1,7.8,266.6,0,0,0,0,0,1
178500,64.368,0.0,0,0,0,0,3.232,0.0,0,0,0,0,5.136,0.0,0,0.0,0,0,0,0,0,1,0,1,1,1,0,12192.0,2,1,1,0,1,0,1,1,8.2,272.3,0,0,0,0,0,1
178600,64.368,0.0,0,0,0,0,3.232,0.0,0,0,0,0,5.136,0.0,0,0.0,0,0,0,0,0,1,0,1,1,1,0,12192.0,2,1,1,0,1,0,1,1,7.5,269.1,0,0,0,0,0,1
178700,64.368,0.0,0,0,0,0,3.232,0.0,0,0,0,0,5.136,0.0,0,0.0,0,0,0,0,0,1,0,1,1,1,0,12192.0,2,1,1,0,1,0,1,1,8.2,267.5,0,0,0,0,0,1
178800,64.368,0.0,0,0,0,0,3.232,0.0,0,0,0,0,5.136,0.0,0,0.0,0,0,0,0,0,1,0,1,1,1,0,12192.0,2,1,1,0,1,0,1,1,7.9,272.0,0,0,0,0,0,1
178900,64.368,0.0,0,0,0,0,3.232,0.0,0,0,0,0,5.136,0.0,0,0.0,0,0,0,0,0,1,0,1,1,1,0,12192.0,2,1,1,0,1,0,1,1,7.0,269.9,0,0,0,0,0,1
179000,64.368,0.0,0,0,0,0,3.232,0.0,0,0,0,0,5.136,0.0,0,0.0,0,0,0,0,0,1,0,1,1,1,0,12192.0,2,1,1,0,1,0,1,1,8.4,273.4,0,0,0,0,0,1
179100,64.368,0.0,0,0,0,0,3.232,0.0,0,0,0,0,5.136,0.0,0,0.0,0,0,0,0,0,1,0,1,1,1,0,12192.0,2,1,1,0,1,0,1,1,7.7,275.0,0,0,0,0,0,1
179200,64.368,0.0,0,0,1,0,3.232,0.0,0,0,1,0,5.141,0.05,1,0.0,0,0,1,1,0,1,0,1,0,0,0,12192.0,2,1,1,1,0,0,1,1,8.6,271.4,0,0,0,0,0,1
179300,64.368,0.0,0,0,1,0,3.232,0.0,0,0,1,0,5.151,0.1,1,0.0,0,0,1,1,0,1,0,1,0,0,0,12192.0,2,1,1,1,0,0,1,1,8.1,271.4,0,0,0,0,0,1
179400,64.368,0.0,0,0,1,0,3.232,0.0,0,0,1,0,5.166,0.149,1,0.0,0,0,1,1,0,1,0,1,0,0,0,12192.0,2,1,1,1,0,0,1,1,8.6,269.4,0,0,0,0,0,1
179500,64.368,0.0,0,0,1,0,3.232,0.0,0,0,1,0,5.186,0.199,1,0.0,0,0,1,1,0,1,0,1,0,0,0,12192.0,2,1,1,1,0,0,1,1,8.2,271.0,0,0,0,0,0,1
179600,64.368,0.0,0,0,1,0,3.232,0.0,0,0,1,0,5.211,0.249,1,0.0,0,0,1,1,0,1,0,1,0,0,0,12192.0,2,1,1,1,0,0,1,1,8.5,265.6,0,0,0,0,0,1
179700,64.368,0.0,0,0,1,0,3.232,0.0,0,0,1,0,5.241,0.299,1,0.0,0,0,1,1,0,1,0,1,0,0,0,12192.0,2,1,1,1,0,0,1,1,7.9,268.5,0,0,0,0,0,1
179800,64.368,0.0,0,0,1,0,3.232,0.0,0,0,1,0,5.276,0.348,1,0.0,0,0,1,1,0,1,0,1,0,0,0,12192.0,2,1,1,1,0,0,1,1,8.0,269.9,0,0,0,0,0,1
179900,64.368,0.0,0,0,1,0,3.232,0.0,0,0,1,0,5.316,0.398,1,0.0,0,0,1,1,0,1,0,1,0,0,0,12192.0,2,1,1,1,0,0,1,1,8.6,268.2,0,0,0,0,0,1
180000,64.368,0.0,0,0,1,0,3.232,0.0,0,0,1,0,5.36,0.448,1,0.0,0,0,1,1,0,1,0,1,0,0,0,12192.0,2,1,1,1,0,0,1,1,8.1,270.8,0,0,0,0,0,1
180100,64.368,0.0,0,0,1,0,3.232,0.0,0,0,1,0,5.41,0.498,1,0.0,0,0,1,1,0,1,0,1,0,0,0,12192.0,2,1,1,1,0,0,1,1,8.2,271.6,0,0,0,0,0,1
180200,64.368,0.0,0,0,1,0,3.232,0.0,0,0,1,0,5.465,0.547,1,0.0,0,0,1,1,0,1,0,1,0,0,0,12192.0,2,1,1,1,0,0,1,1,8.1,270.5,0,0,0,0,0,1
180300,64.368,0.0,0,0,1,0,3.232,0.0,0,0,1,0,5.525,0.597,1,0.0,0,0,1,1,0,1,0,1,0,0,0,12192.0,2,1,1,1,0,0,1,1,7.8,268.6,0,0,0,0,0,1
180400,64.368,0.0,0,0,1,0,3.232,0.0,0,0,1,0,5.589,0.647,1,0.0,0,0,1,1,0,1,0,1,0,0,0,12192.0,2,1,1,1,0,0,1,1,9.2,271.0,0,0,0,0,0,1
180500,64.368,0.0,0,0,1,0,3.232,0.0,0,0,1,0,5.659,0.697,1,0.0,0,0,1,1,0,1,0,1,0,0,0,12192.0,2,1,1,1,0,0,1,1,8.2,269.7,0,0,0,0,0,1
180600,64.368,0.0,0,0,1,0,3.232,0.0,0,0,1,0,5.734,0.746,1,0.0,0,0,1,1,0,1,0,1,0,0,0,12192.0,2,1,1,1,0,0,1,1,8.3,269.2,0,0,0,0,0,1
180700,64.368,0.0,0,0,1,0,3.232,0.0,0,0,1,0,5.813,0.796,1,0.0,0,0,1,1,0,1,0,1,0,0,0,12192.0,2,1,1,1,0,0,1,1,8.3,268.3,0,0,0,0,0,1
180800,64.368,0.0,0,0,1,0,3.232,0.0,0,0,1,0,5.898,0.846,1,0.0,0,0,1,1,0,1,0,1,0,0,0,12192.0,2,1,1,1,0,0,1,1,8.5,267.5,0,0,0,0,0,1
180900,64.368,0.0,0,0,1,0,3.232,0.0,0,0,1,0,5.987,0.896,1,0.0,0,0,1,1,0,1,0,1,0,0,0,12192.0,2,1,1,1,0,0,1,1,8.7,270.7,0,0,0,0,0,1
181000,64.368,0.0,0,0,1,0,3.232,0.0,0,0,1,0,6.082,0.945,1,0.0,0,0,1,1,0,1,0,1,0,0,0,12192.0,2,1,1,1,0,0,1,1,7.9,271.1,0,0,0,0,0,1
181100,64.368,0.0,0,0,1,0,3.232,0.0,0,0,1,0,6.181,0.995,1,0.0,0,0,1,1,0,1,0,1,0,0,0,12192.0,2,1,1,1,0,0,1,1,8.9,270.8,0,0,0,0,0,1
181200,64.368,0.0,0,0,1,0,3.232,0.0,0,0,1,0,6.286,1.045,1,0.0,0,0,1,1,0,1,0,1,0,0,0,12192.0,2,1,1,1,0,0,1,1,8.3,269.9,0,0,0,0,0,1
181300,64.368,0.0,0,0,1,0,3.232,0.0,0,0,1,0,6.395,1.095,1,0.0,0,0,1,1,0,1,0,1,0,0,0,12192.0,2,1,1,1,0,0,1,1,8.7,271.6,0,0,0,0,0,1
181400,64.368,0.0,0,0,1,0,3.232,0.0,0,0,1,0,6.51,1.145,1,0.0,0,0,1,1,0,1,0,1,0,0,0,12192.0,2,1,1,1,0,0,1,1,8.5,269.9,0,0,0,0,0,1
181500,64.368,0.0,0,0,1,0,3.232,0.0,0,0,1,0,6.629,1.194,1,0.0,0,0,1,1,0,1,0,1,0,0,0,12192.0,2,1,1,1,0,0,1,1,8.7,265.3,0,0,0,0,0,1
181600,64.368,0.0,0,0,1,0,3.232,0.0,0,0,1,0,6.754,1.244,1,0.0,0,0,1,1,0,1,0,1,0,0,0,12192.0,2,1,1,1,0,0,1,1,9.3,272.9,0,0,0,0,0,1
181700,64.368,0.0,0,0,1,0,3.232,0.0,0,0,1,0,6.88,1.266,1,0.0,0,0,1,1,0,1,0,1,0,0,0,12192.0,2,1,1,1,0,0,1,1,8.8,267.8,0,0,0,0,0,1
181800,64.368,0.0,0,0,1,0,3.232,0.0,0,0,1,0,7.007,1.266,1,0.0,0,0,1,1,0,1,0,1,0,0,0,12192.0,2,1,1,1,0,0,1,1,8.2,273.7,0,0,0,0,0,1
181900,64.368,0.0,0,0,1,0,3.232,0.0,0,0,1,0,7.133,1.266,1,0.0,0,0,1,1,0,1,0,1,0,0,0,12192.0,2,1,1,1,0,0,1,1,8.3,272.8,0,0,0,0,0,1
182000,64.368,0.0,0,0,1,0,3.232,0.0,0,0,1,0,7.26,1.266,1,0.0,0,0,1,1,0,1,0,1,0,0,0,12192.0,2,1,1,1,0,0,1,1,8.1,272.4,0,0,0,0,0,1
182100,64.368,0.0,0,0,1,0,3.232,0.0,0,0,1,0,7.387,1.266,1,0.0,0,0,1,1,0,1,0,1,0,0,0,12192.0,2,1,1,1,0,0,1,1,8.7,271.2,0,0,0,0,0,1
182200,64.368,0.0,0,0,1,0,3.232,0.0,0,0,1,0,7.513,1.266,1,0.0,0,0,1,1,0,1,0,1,0,0,0,12192.0,2,1,1,1,0,0,1,1,9.0,270.1,0,0,0,0,0,1
182300,64.368,0.0,0,0,1,0,3.232,0.0,0,0,1,0,7.64,1.266,1,0.0,0,0,1,1,0,1,0,1,0,0,0,12192.0,2,1,1,1,0,0,1,1,8.4,269.6,0,0,0,0,0,1
182400,64.368,0.0,0,0,1,0,3.232,0.0,0,0,1,0,7.766,1.266,1,0.0,0,0,1,1,0,1,0,1,0,0,0,12192.0,2,1,1,1,0,0,1,1,8.8,271.9,0,0,0,0,0,1
182500,64.368,0.0,0,0,1,0,3.232,0.0,0,0,1,0,7.893,1.266,1,0.0,0,0,1,1,0,1,0,1,0,0,0,12192.0,2,1,1,1,0,0,1,1,8.5,269.4,0,0,0,0,0,1
182600,64.368,0.0,0,0,1,0,3.232,0.0,0,0,1,0,8.02,1.266,1,0.0,0,0,1,1,0,1,0,1,0,0,0,12192.0,2,1,1,1,0,0,1,1,8.6,267.9,0,0,0,0,0,1
182700,64.368,0.0,0,0,1,0,3.232,0.0,0,0,1,0,8.146,1.266,1,0.0,0,0,1,1,0,1,0,1,0,0,0,12192.0,2,1,1,1,0,0,1,1,8.4,270.7,0,0,0,0,0,1
182800,64.368,0.0,0,0,1,0,3.232,0.0,0,0,1,0,8.273,1.266,1,0.0,0,0,1,1,0,1,0,1,0,0,0,12192.0,2,1,1,1,0,0,1,1,8.5,273.4,0,0,0,0,0,1
182900,64.368,0.0,0,0,1,0,3.232,0.0,0,0,1,0,8.399,1.266,1,0.0,0,0,1,1,0,1,0,1,0,0,0,12192.0,2,1,1,1,0,0,1,1,8.4,275.3,0,0,0,0,0,1
183000,64.368,0.0,0,0,1,0,3.232,0.0,0,0,1,0,8.526,1.266,1,0.0,0,0,1,1,0,1,0,1,0,0,0,12192.0,2,1,1,1,0,0,1,1,7.5,268.2,0,0,0,0,0,1
183100,64.368,0.0,0,0,1,0,3.232,0.0,0,0,1,0,8.652,1.266,1,0.0,0,0,1,1,0,1,0,1,0,0,0,12192.0,2,1,1,1,0,0,1,1,8.4,267.7,0,0,0,0,0,1
183200,64.368,0.0,0,0,1,0,3.232,0.0,0,0,1,0,8.779,1.266,1,0.0,0,0,1,1,0,1,0,1,0,0,0,12192.0,2,1,1,1,0,0,1,1,8.4,271.4,0,0,0,0,0,1
183300,64.368,0.0,0,0,1,0,3.232,0.0,0,0,1,0,8.906,1.266,1,0.0,0,0,1,1,0,1,0,1,0,0,0,12192.0,2,1,1,1,0,0,1,1,8.9,264.6,0,0,0,0,0,1
183400,64.368,0.0,0,0,1,0,3.232,0.0,0,0,1,0,9.032,1.266,1,0.0,0,0,1,1,0,1,0,1,0,0,0,12192.0,2,1,1,1,0,0,1,1,7.6,267.1,0,0,0,0,0,1
183500,64.368,0.0,0,0,1,0,3.232,0.0,0,0,1,0,9.159,1.266,1,0.0,0,0,1,1,0,1,0,1,0,0,0,12192.0,2,1,1,1,0,0,1,1,8.3,267.8,0,0,0,0,0,1
183600,64.368,0.0,0,0,1,0,3.232,0.0,0,0,1,0,9.285,1.266,1,0.0,0,0,1,1,0,1,0,1,0,0,0,12192.0,2,1,1,1,0,0,1,1,8.1,271.8,0,0,0,0,0,1
183700,64.368,0.0,0,0,1,0,3.232,0.0,0,0,1,0,9.412,1.266,1,0.0,0,0,1,1,0,1,0,1,0,0,0,12192.0,2,1,1,1,0,0,1,1,8.3,268.3,0,0,0,0,0,1
183800,64.368,0.0,0,0,1,0,3.232,0.0,0,0,1,0,9.539,1.266,1,0.0,0,0,1,1,0,1,0,1,0,0,0,12192.0,2,1,1,1,0,0,1,1,7.0,272.1,0,0,0,0,0,1
183900,64.368,0.0,0,0,1,0,3.232,0.0,0,0,1,0,9.665,1.266,1,0.0,0,0,1,1,0,1,0,1,0,0,0,12192.0,2,1,1,1,0,0,1,1,7.7,271.6,0,0,0,0,0,1
184000,64.368,0.0,0,0,1,0,3.232,0.0,0,0,1,0,9.792,1.266,1,0.0,0,0,1,1,0,1,0,1,0,0,0,12192.0,2,1,1,1,0,0,1,1,7.6,268.5,0,0,0,0,0,1
184100,64.368,0.0,0,0,1,0,3.232,0.0,0,0,1,0,9.918,1.266,1,0.0,0,0,1,1,0,1,0,1,0,0,0,12192.0,2,1,1,1,0,0,1,1,8.6,270.2,0,0,0,0,0,1
184200,64.368,0.0,0,0,1,0,3.232,0.0,0,0,1,0,10.045,1.266,1,0.0,0,0,1,1,0,1,0,1,0,0,0,12192.0,2,1,1,1,0,0,1,1,7.4,267.6,0,0,0,0,0,1
184300,64.368,0.0,0,0,1,0,3.232,0.0,0,0,1,0,10.171,1.266,1,0.0,0,0,1,1,0,1,0,1,0,0,0,12192.0,2,1,1,1,0,0,1,1,7.8,271.3,0,0,0,0,0,1
184400,64.368,0.0,0,0,1,0,3.232,0.0,0,0,1,0,10.298,1.266,1,0.0,0,0,1,1,0,1,0,1,0,0,0,12192.0,2,1,1,1,0,0,1,1,8.7,270.1,0,0,0,0,0,1
184500,64.368,0.0,0,0,1,0,3.232,0.0,0,0,1,0,10.425,1.266,1,0.0,0,0,1,1,0,1,0,1,0,0,0,12192.0,2,1,1,1,0,0,1,1,8.7,270.8,0,0,0,0,0,1
184600,64.368,0.0,0,0,1,0,3.232,0.0,0,0,1,0,10.551,1.266,1,0.0,0,0,1,1,0,1,0,1,0,0,0,12192.0,2,1,1,1,0,0,1,1,7.6,270.7,0,0,0,0,0,1
184700,64.368,0.0,0,0,1,0,3.232,0.0,0,0,1,0,10.678,1.266,1,0.0,0,0,1,1,0,1,0,1,0,0,0,12192.0,2,1,1,1,0,0,1,1,7.1,276.7,0,0,0,0,0,1
184800,64.368,0.0,0,0,1,0,3.232,0.0,0,0,1,0,10.804,1.266,1,0.0,0,0,1,1,0,1,0,1,0,0,0,12192.0,2,1,1,1,0,0,1,1,8.0,271.9,0,0,0,0,0,1
184900,64.368,0.0,0,0,1,0,3.232,0.0,0,0,1,0,10.931,1.266,1,0.0,0,0,1,1,0,1,0,1,0,0,0,12192.0,2,1,1,1,0,0,1,1,7.9,269.8,0,0,0,0,0,1
185000,64.368,0.0,0,0,1,0,3.232,0.0,0,0,1,0,11.058,1.266,1,0.0,0,0,1,1,0,1,0,1,0,0,0,12192.0,2,1,1,1,0,0,1,1,8.3,273.8,0,0,0,0,0,1
185100,64.368,0.0,0,0,1,0,3.232,0.0,0,0,1,0,11.184,1.266,1,0.0,0,0,1,1,0,1,0,1,0,0,0,12192.0,2,1,1,1,0,0,1,1,8.0,270.7,0,0,0,0,0,1
185200,64.368,0.0,0,0,1,0,3.232,0.0,0,0,1,0,11.311,1.266,1,0.0,0,0,1,1,0,1,0,1,0,0,0,12192.0,2,1,1,1,0,0,1,1,8.0,268.1,0,0,0,0,0,1
185300,64.368,0.0,0,0,1,0,3.232,0.0,0,0,1,0,11.437,1.266,1,0.0,0,0,1,1,0,1,0,1,0,0,0,12192.0,2,1,1,1,0,0,1,1,7.6,271.3,0,0,0,0,0,1
185400,64.368,0.0,0,0,1,0,3.232,0.0,0,0,1,0,11.564,1.266,1,0.0,0,0,1,1,0,1,0,1,0,0,0,12192.0,2,1,1,1,0,0,1,1,7.1,268.8,0,0,0,0,0,1
185500,64.368,0.0,0,0,1,0,3.232,0.0,0,0,1,0,11.69,1.266,1,0.0,0,0,1,1,0,1,0,1,0,0,0,12192.0,2,1,1,1,0,0,1,1,8.2,271.3,0,0,0,0,0,1
185600,64.368,0.0,0,0,1,0,3.232,0.0,0,0,1,0,11.817,1.266,1,0.0,0,0,1,1,0,1,0,1,0,0,0,12192.0,2,1,1,1,0,0,1,1,7.0,271.3,0,0,0,0,0,1
185700,64.368,0.0,0,0,1,0,3.232,0.0,0,0,1,0,11.939,1.216,1,0.0,0,0,1,1,0,1,0,1,0,0,0,12192.0,2,1,1,1,0,0,1,1,7.4,269.6,0,0,0,0,0,1
185800,64.368,0.0,0,0,1,0,3.232,0.0,0,0,1,0,12.06,1.217,1,0.0,0,0,1,1,0,1,0,1,0,0,0,12192.0,2,1,1,1,0,0,1,1,7.3,274.2,0,0,0,0,0,1
185900,64.368,0.0,0,0,1,0,3.232,0.0,0,0,1,0,12.177,1.166,1,0.0,0,0,1,1,0,1,0,1,0,0,0,12192.0,2,1,1,1,0,0,1,1,7.2,271.6,0,0,0,0,0,1
186000,64.368,0.0,0,0,1,0,3.232,0.0,0,0,1,0,12.288,1.115,1,0.0,0,0,1,1,0,1,0,1,0,0,0,12192.0,2,1,1,1,0,0,1,1,7.6,265.7,0,0,0,0,0,1
186100,64.368,0.0,0,0,1,0,3.232,0.0,0,0,1,0,12.395,1.064,1,0.0,0,0,1,1,0,1,0,1,0,0,0,12192.0,2,1,1,1,0,0,1,1,6.9,269.9,0,0,0,0,0,1
186200,64.368,0.0,0,0,1,0,3.232,0.0,0,0,1,0,12.496,1.013,1,0.0,0,0,1,1,0,1,0,1,0,0,0,12192.0,2,1,1,1,0,0,1,1,7.3,268.3,0,0,0,0,0,1
186300,64.368,0.0,0,0,1,0,3.232,0.0,0,0,1,0,12.592,0.962,1,0.0,0,0,1,1,0,1,0,1,0,0,0,12192.0,2,1,1,1,0,0,1,1,7.8,270.7,0,0,0,0,0,1
186400,64.368,0.0,0,0,1,0,3.232,0.0,0,0,1,0,12.683,0.911,1,0.0,0,0,1,1,0,1,0,1,0,0,0,12192.0,2,1,1,1,0,0,1,1,7.5,271.9,0,0,0,0,0,1
186500,64.368,0.0,0,0,1,0,3.232,0.0,0,0,1,0,12.769,0.86,1,0.0,0,0,1,1,0,1,0,1,0,0,0,12192.0,2,1,1,1,0,0,1,1,7.2,269.7,0,0,0,0,0,1
186600,64.368,0.0,0,0,1,0,3.232,0.0,0,0,1,0,12.85,0.808,1,0.0,0,0,1,1,0,1,0,1,0,0,0,12192.0,2,1,1,1,0,0,1,1,7.4,270.4,0,0,0,0,0,1
186700,64.368,0.0,0,0,1,0,3.232,0.0,0,0,1,0,12.926,0.757,1,0.0,0,0,1,1,0,1,0,1,0,0,0,12192.0,2,1,1,1,0,0,1,1,7.1,267.1,0,0,0,0,0,1
186800,64.368,0.0,0,0,1,0,3.232,0.0,0,0,1,0,12.996,0.705,1,0.0,0,0,1,1,0,1,0,1,0,0,0,12192.0,2,1,1,1,0,0,1,1,7.2,271.6,0,0,0,0,0,1
186900,64.368,0.0,0,0,1,0,3.232,0.0,0,0,1,0,13.062,0.654,1,0.0,0,0,1,1,0,1,0,1,0,0,0,12192.0,2,1,1,1,0,0,1,1,7.3,271.1,0,0,0,0,0,1
187000,64.368,0.0,0,0,1,0,3.232,0.0,0,0,1,0,13.122,0.602,1,0.0,0,0,1,1,0,1,0,1,0,0,0,12192.0,2,1,1,1,0,0,1,1,8.0,268.2,0,0,0,0,0,1
187100,64.368,0.0,0,0,1,0,3.232,0.0,0,0,1,0,13.177,0.55,1,0.0,0,0,1,1,0,1,0,1,0,0,0,12192.0,2,1,1,1,0,0,1,1,8.4,274.0,0,0,0,0,0,1
187200,64.368,0.0,0,0,1,0,3.232,0.0,0,0,1,0,13.227,0.498,1,0.0,0,0,1,1,0,1,0,1,0,0,0,12192.0,2,1,1,1,0,0,1,1,7.1,264.7,0,0,0,0,0,1
187300,64.368,0.0,0,0,1,0,3.232,0.0,0,0,1,0,13.271,0.445,1,0.0,0,0,1,1,0,1,0,1,0,0,0,12192.0,2,1,1,1,0,0,1,1,7.5,268.7,0,0,0,0,0,1
187400,64.368,0.0,0,0,1,0,3.232,0.0,0,0,1,0,13.31,0.392,1,0.0,0,0,1,1,0,1,0,1,0,0,0,12192.0,2,1,1,1,0,0,1,1,8.1,273.6,0,0,0,0,0,1
187500,64.368,0.0,0,0,1,0,3.232,0.0,0,0,1,0,13.344,0.339,1,0.0,0,0,1,1,0,1,0,1,0,0,0,12192.0,2,1,1,1,0,0,1,1,7.8,270.9,0,0,0,0,0,1
187600,64.368,0.0,0,0,1,0,3.232,0.0,0,0,1,0,13.373,0.285,1,0.0,0,0,1,1,0,1,0,1,0,0,0,12192.0,2,1,1,1,0,0,1,1,7.5,267.4,0,0,0,0,0,1
187700,64.368,0.0,0,0,1,0,3.232,0.0,0,0,1,0,13.396,0.23,1,0.0,0,0,1,1,0,1,0,1,0,0,0,12192.0,2,1,1,1,0,0,1,1,7.5,268.7,0,0,0,0,0,1
187800,64.368,0.0,0,0,1,0,3.232,0.0,0,0,1,0,13.413,0.173,1,0.0,0,0,1,1,0,1,0,1,0,0,0,12192.0,2,1,1,1,0,0,1,1,8.1,273.8,0,0,0,0,0,1
187900,64.368,0.0,0,0,1,0,3.232,0.0,0,0,1,0,13.424,0.113,1,0.0,0,0,1,1,0,1,0,1,0,0,0,12192.0,2,1,1,1,0,0,1,1,6.9,269.7,0,0,0,0,0,1
188000,64.368,0.0,0,0,0,0,3.232,0.0,0,0,0,0,13.429,0.0,0,0.0,0,0,0,0,0,1,0,1,0,0,0,12192.0,2,1,1,0,1,0,1,1,8.0,267.6,0,0,0,0,0,1
188100,64.37,0.015,1,1,1,0,3.238,0.056,1,1,1,0,13.424,-0.05,0,0.0,0,0,1,1,0,1,0,1,0,0,0,12192.0,2,1,1,1,0,0,1,2,8.7,269.1,0,0,0,0,0,1
188200,64.373,0.03,1,1,1,0,3.249,0.112,1,1,1,0,13.414,-0.1,0,0.0,0,0,1,1,0,1,0,1,0,0,0,12192.0,2,1,1,1,0,0,1,2,8.0,274.0,0,0,0,0,0,1
188300,64.377,0.045,1,1,1,0,3.266,0.167,1,1,1,0,13.399,-0.149,0,0.0,0,0,1,1,0,1,0,1,0,0,0,12192.0,2,1,1,1,0,0,1,2,8.6,270.5,0,0,0,0,0,1
188400,64.383,0.059,1,1,1,0,3.288,0.223,1,1,1,0,13.379,-0.199,0,0.0,0,0,1,1,0,1,0,1,0,0,0,12192.0,2,1,1,1,0,0,1,2,7.8,271.8,0,0,0,0,0,1
188500,64.391,0.074,1,1,1,0,3.316,0.279,1,1,1,0,13.359,-0.201,0,0.0,0,0,1,1,0,1,0,1,0,0,0,12192.0,2,1,1,1,0,0,1,2,7.3,268.3,0,0,0,0,0,1
188600,64.4,0.089,1,1,1,0,3.349,0.335,1,1,1,0,13.345,-0.143,0,0.0,0,0,1,1,0,1,0,1,0,0,0,12192.0,2,1,1,1,0,0,1,2,7.8,269.6,0,0,0,0,0,1
188700,64.41,0.104,1,1,1,0,3.388,0.391,1,1,1,0,13.337,-0.079,0,0.0,0,0,1,1,0,1,0,1,0,0,0,12192.0,2,1,1,1,0,0,1,2,8.1,272.8,0,0,0,0,0,1
188800,64.422,0.119,1,1,1,0,3.433,0.447,1,1,1,0,13.334,0.0,0,0.0,0,0,0,1,0,1,0,1,0,0,0,12192.0,2,1,1,1,0,0,1,2,8.2,271.6,0,0,0,0,0,1
188900,64.435,0.134,1,1,1,0,3.483,0.502,1,1,1,0,13.334,0.0,0,0.0,0,0,0,1,0,1,0,1,0,0,0,12192.0,2,1,1,1,0,0,1,2,8.5,269.8,0,0,0,0,0,1
189000,64.45,0.148,1,1,1,0,3.539,0.558,1,1,1,0,13.334,0.0,0,0.0,0,0,0,1,0,1,0,1,0,0,0,12192.0,2,1,1,1,0,0,1,2,8.1,273.6,0,0,0,0,0,1
189100,64.466,0.163,1,1,1,0,3.6,0.614,1,1,1,0,13.334,0.0,0,0.0,0,0,0,1,0,1,0,1,0,0,0,12192.0,2,1,1,1,0,0,1,2,7.5,267.2,0,0,0,0,0,1
189200,64.484,0.178,1,1,1,0,3.667,0.67,1,1,1,0,13.334,0.0,0,0.0,0,0,0,1,0,1,0,1,0,0,0,12192.0,2,1,1,1,0,0,1,2,8.7,270.5,0,0,0,0,0,1
189300,64.504,0.193,1,1,1,0,3.74,0.726,1,1,1,0,13.334,0.0,0,0.0,0,0,0,1,0,1,0,1,0,0,0,12192.0,2,1,1,1,0,0,1,2,8.8,271.5,0,0,0,0,0,1
189400,64.524,0.208,1,1,1,0,3.818,0.781,1,1,1,0,13.334,0.0,0,0.0,0,0,0,1,0,1,0,1,0,0,0,12192.0,2,1,1,1,0,0,1,2,7.8,271.7,0,0,0,0,0,1
189500,64.547,0.223,1,1,1,0,3.902,0.837,1,1,1,0,13.334,0.0,0,0.0,0,0,0,1,0,1,0,1,0,0,0,12192.0,2,1,1,1,0,0,1,2,8.1,273.6,0,0,0,0,0,1
189600,64.57,0.238,1,1,1,0,3.991,0.893,1,1,1,0,13.334,0.0,0,0.0,0,0,0,1,0,1,0,1,0,0,0,12192.0,2,1,1,1,0,0,1,2,7.9,273.3,0,0,0,0,0,1
189700,64.596,0.252,1,1,1,0,4.086,0.949,1,1,1,0,13.334,0.0,0,0.0,0,0,0,1,0,1,0,1,0,0,0,12192.0,2,1,1,1,0,0,1,2,8.9,274.0,0,0,0,0,0,1
189800,64.622,0.267,1,1,1,0,4.187,1.005,1,1,1,0,13.334,0.0,0,0.0,0,0,0,1,0,1,0,1,0,0,0,12192.0,2,1,1,1,0,0,1,2,8.4,271.2,0,0,0,0,0,1
189900,64.651,0.282,1,1,1,0,4.293,1.061,1,1,1,0,13.334,0.0,0,0.0,0,0,0,1,0,1,0,1,0,0,0,12192.0,2,1,1,1,0,0,1,2,8.6,268.7,0,0,0,0,0,1
190000,64.68,0.297,1,1,1,0,4.404,1.116,1,1,1,0,13.334,0.0,0,0.0,0,0,0,1,0,1,0,1,0,0,0,12192.0,2,1,1,1,0,0,1,2,8.7,275.1,0,0,0,0,0,1
190100,64.711,0.312,1,1,1,0,4.521,1.172,1,1,1,0,13.334,0.0,0,0.0,0,0,0,1,0,1,0,1,0,0,0,12192.0,2,1,1,1,0,0,1,2,8.6,272.3,0,0,0,0,0,1
190200,64.744,0.327,1,1,1,0,4.644,1.228,1,1,1,0,13.334,0.0,0,0.0,0,0,0,1,0,1,0,1,0,0,0,12192.0,2,1,1,1,0,0,1,2,8.6,272.7,0,0,0,0,0,1
190300,64.778,0.342,1,1,1,0,4.773,1.284,1,1,1,0,13.334,0.0,0,0.0,0,0,0,1,0,1,0,1,0,0,0,12192.0,2,1,1,1,0,0,1,2,8.4,275.0,0,0,0,0,0,1
190400,64.814,0.356,1,1,1,0,4.907,1.34,1,1,1,0,13.334,0.0,0,0.0,0,0,0,1,0,1,0,1,0,0,0,12192.0,2,1,1,1,0,0,1,2,8.5,263.9,0,0,0,0,0,1
190500,64.851,0.371,1,1,1,0,5.046,1.395,1,1,1,0,13.334,0.0,0,0.0,0,0,0,1,0,1,0,1,0,0,0,12192.0,2,1,1,1,0,0,1,2,8.9,272.2,0,0,0,0,0,1
190600,64.89,0.386,1,1,1,0,5.191,1.451,1,1,1,0,13.334,0.0,0,0.0,0,0,0,1,0,1,0,1,0,0,0,12192.0,2,1,1,1,0,0,1,2,8.6,277.8,0,0,0,0,0,1
190700,64.93,0.401,1,1,1,0,5.342,1.507,1,1,1,0,13.334,0.0,0,0.0,0,0,0,1,0,1,0,1,0,0,0,12192.0,2,1,1,1,0,0,1,2,8.9,271.7,0,0,0,0,0,1
190800,64.971,0.416,1,1,1,0,5.498,1.563,1,1,1,0,13.334,0.0,0,0.0,0,0,0,1,0,1,0,1,0,0,0,12192.0,2,1,1,1,0,0,1,2,8.6,266.5,0,0,0,0,0,1
190900,65.014,0.431,1,1,1,0,5.66,1.619,1,1,1,0,13.334,0.0,0,0.0,0,0,0,1,0,1,0,1,0,0,0,12192.0,2,1,1,1,0,0,1,2,8.9,273.9,0,0,0,0,0,1
191000,65.059,0.445,1,1,1,0,5.828,1.675,1,1,1,0,13.334,0.0,0,0.0,0,0,0,1,0,1,0,1,0,0,0,12192.0,2,1,1,1,0,0,1,2,8.9,271.1,0,0,0,0,0,1
191100,65.105,0.46,1,1,1,0,6.001,1.73,1,1,1,0,13.334,0.0,0,0.0,0,0,0,1,0,1,0,1,0,0,0,12192.0,2,1,1,1,0,0,1,2,8.2,269.3,0,0,0,0,0,1
191200,65.152,0.475,1,1,1,0,6.176,1.75,1,1,1,0,13.334,0.0,0,0.0,0,0,0,1,0,1,0,1,0,0,0,12192.0,2,1,1,1,0,0,1,2,8.4,269.4,0,0,0,0,0,1
191300,65.201,0.49,1,1,1,0,6.345,1.693,1,1,1,0,13.334,0.0,0,0.0,0,0,0,1,0,1,0,1,0,0,0,12192.0,2,1,1,1,0,0,1,2,8.3,272.1,0,0,0,0,0,1
191400,65.252,0.505,1,1,1,0,6.509,1.636,1,1,1,0,13.334,0.0,0,0.0,0,0,0,1,0,1,0,1,0,0,0,12192.0,2,1,1,1,0,0,1,2,7.9,263.1,0,0,0,0,0,1
191500,65.304,0.52,1,1,1,0,6.667,1.58,1,1,1,0,13.334,0.0,0,0.0,0,0,0,1,0,1,0,1,0,0,0,12192.0,2,1,1,1,0,0,1,2,8.6,273.8,0,0,0,0,0,1
191600,65.357,0.535,1,1,1,0,6.819,1.523,1,1,1,0,13.334,0.0,0,0.0,0,0,0,1,0,1,0,1,0,0,0,12192.0,2,1,1,1,0,0,1,2,8.6,269.1,0,0,0,0,0,1
191700,65.412,0.549,1,1,1,0,6.965,1.466,1,1,1,0,13.334,0.0,0,0.0,0,0,0,1,0,1,0,1,0,0,0,12192.0,2,1,1,1,0,0,1,2,8.3,268.3,0,0,0,0,0,1
191800,65.469,0.564,1,1,1,0,7.106,1.409,1,1,1,0,13.334,0.0,0,0.0,0,0,0,1,0,1,0,1,0,0,0,12192.0,2,1,1,1,0,0,1,2,9.1,270.0,0,0,0,0,0,1
191900,65.527,0.579,1,1,1,0,7.241,1.352,1,1,1,0,13.334,0.0,0,0.0,0,0,0,1,0,1,0,1,0,0,0,12192.0,2,1,1,1,0,0,1,2,9.1,267.8,0,0,0,0,0,1
192000,65.586,0.594,1,1,1,0,7.371,1.295,1,1,1,0,13.334,0.0,0,0.0,0,0,0,1,0,1,0,1,0,0,0,12192.0,2,1,1,1,0,0,1,2,8.7,269.4,0,0,0,0,0,1
192100,65.647,0.609,1,1,1,0,7.495,1.238,1,1,1,0,13.334,0.0,0,0.0,0,0,0,1,0,1,0,1,0,0,0,12192.0,2,1,1,1,0,0,1,2,7.4,274.5,0,0,0,0,0,1
192200,65.709,0.624,1,1,1,0,7.613,1.181,1,1,1,0,13.334,0.0,0,0.0,0,0,0,1,0,1,0,1,0,0,0,12192.0,2,1,1,1,0,0,1,2,8.5,268.3,0,0,0,0,0,1
192300,65.773,0.638,1,1,1,0,7.725,1.124,1,1,1,0,13.334,0.0,0,0.0,0,0,0,1,0,1,0,1,0,0,0,12192.0,2,1,1,1,0,0,1,2,8.4,272.5,0,0,0,0,0,1
192400,65.838,0.653,1,1,1,0,7.832,1.066,1,1,1,0,13.334,0.0,0,0.0,0,0,0,1,0,1,0,1,0,0,0,12192.0,2,1,1,1,0,0,1,2,8.7,269.1,0,0,0,0,0,1
192500,65.905,0.668,1,1,1,0,7.933,1.009,1,1,1,0,13.334,0.0,0,0.0,0,0,0,1,0,1,0,1,0,0,0,12192.0,2,1,1,1,0,0,1,2,8.4,271.0,0,0,0,0,0,1
192600,65.974,0.683,1,1,1,0,8.028,0.951,1,1,1,0,13.334,0.0,0,0.0,0,0,0,1,0,1,0,1,0,0,0,12192.0,2,1,1,1,0,0,1,2,8.0,271.1,0,0,0,0,0,1
192700,66.043,0.698,1,1,1,0,8.117,0.894,1,1,1,0,13.334,0.0,0,0.0,0,0,0,1,0,1,0,1,0,0,0,12192.0,2,1,1,1,0,0,1,2,8.5,271.7,0,0,0,0,0,1
192800,66.114,0.711,1,1,1,0,8.201,0.836,1,1,1,0,13.334,0.0,0,0.0,0,0,0,1,0,1,0,1,0,0,0,12192.0,2,1,1,1,0,0,1,2,8.7,269.1,0,0,0,0,0,1
192900,66.186,0.711,1,1,1,0,8.279,0.778,1,1,1,0,13.334,0.0,0,0.0,0,0,0,1,0,1,0,1,0,0,0,12192.0,2,1,1,1,0,0,1,2,8.2,270.2,0,0,0,0,0,1
193000,66.257,0.711,1,1,1,0,8.351,0.72,1,1,1,0,13.334,0.0,0,0.0,0,0,0,1,0,1,0,1,0,0,0,12192.0,2,1,1,1,0,0,1,2,7.5,272.5,0,0,0,0,0,1
193100,66.328,0.711,1,1,1,0,8.417,0.662,1,1,1,0,13.334,0.0,0,0.0,0,0,0,1,0,1,0,1,0,0,0,12192.0,2,1,1,1,0,0,1,2,7.8,268.7,0,0,0,0,0,1
193200,66.399,0.711,1,1,1,0,8.477,0.604,1,1,1,0,13.334,0.0,0,0.0,0,0,0,1,0,1,0,1,0,0,0,12192.0,2,1,1,1,0,0,1,2,8.1,271.6,0,0,0,0,0,1
193300,66.47,0.711,1,1,1,0,8.532,0.545,1,1,1,0,13.334,0.0,0,0.0,0,0,0,1,0,1,0,1,0,0,0,12192.0,2,1,1,1,0,0,1,2,7.8,267.1,0,0,0,0,0,1
193400,66.541,0.711,1,1,1,0,8.581,0.486,1,1,1,0,13.334,0.0,0,0.0,0,0,0,1,0,1,0,1,0,0,0,12192.0,2,1,1,1,0,0,1,2,7.9,266.4,0,0,0,0,0,1
193500,66.612,0.711,1,1,1,0,8.623,0.427,1,1,1,0,13.334,0.0,0,0.0,0,0,0,1,0,1,0,1,0,0,0,12192.0,2,1,1,1,0,0,1,2,7.9,271.5,0,0,0,0,0,1
193600,66.683,0.711,1,1,1,0,8.66,0.367,1,1,1,0,13.334,0.0,0,0.0,0,0,0,1,0,1,0,1,0,0,0,12192.0,2,1,1,1,0,0,1,2,8.0,269.7,0,0,0,0,0,1
193700,66.754,0.711,1,1,1,0,8.69,0.306,1,1,1,0,13.334,0.0,0,0.0,0,0,0,1,0,1,0,1,0,0,0,12192.0,2,1,1,1,0,0,1,2,7.9,271.3,0,0,0,0,0,1
193800,66.825,0.711,1,1,1,0,8.715,0.244,1,1,1,0,13.334,0.0,0,0.0,0,0,0,1,0,1,0,1,0,0,0,12192.0,2,1,1,1,0,0,1,2,8.0,272.2,0,0,0,0,0,1
193900,66.896,0.711,1,1,1,0,8.733,0.179,1,1,1,0,13.334,0.0,0,0.0,0,0,0,1,0,1,0,1,0,0,0,12192.0,2,1,1,1,0,0,1,2,7.7,272.8,0,0,0,0,0,1
194000,66.967,0.711,1,1,1,0,8.744,0.11,1,1,1,0,13.334,0.0,0,0.0,0,0,0,1,0,1,0,1,0,0,0,12192.0,2,1,1,1,0,0,1,2,7.0,271.3,0,0,0,0,0,1
194100,67.038,0.711,1,1,1,0,8.749,0.0,0,0,1,0,13.334,0.0,0,0.0,0,0,0,1,0,1,0,1,0,0,0,12192.0,2,1,1,1,0,0,1,2,8.1,270.2,0,0,0,0,0,1
194200,67.11,0.711,1,1,1,0,8.749,0.0,0,0,1,0,13.334,0.0,0,0.0,0,0,0,1,0,1,0,1,0,0,0,12192.0,2,1,1,1,0,0,1,2,7.3,269.4,0,0,0,0,0,1
194300,67.181,0.711,1,1,1,0,8.749,0.0,0,0,1,0,13.334,0.0,0,0.0,0,0,0,1,0,1,0,1,0,0,0,12192.0,2,1,1,1,0,0,1,2,8.2,271.0,0,0,0,0,0,1
194400,67.252,0.711,1,1,1,0,8.749,0.0,0,0,1,0,13.334,0.0,0,0.0,0,0,0,1,0,1,0,1,0,0,0,12192.0,2,1,1,1,0,0,1,2,7.7,269.4,0,0,0,0,0,1
194500,67.323,0.711,1,1,1,0,8.749,0.0,0,0,1,0,13.334,0.0,0,0.0,0,0,0,1,0,1,0,1,0,0,0,12192.0,2,1,1,1,0,0,1,2,7.5,274.2,0,0,0,0,0,1
194600,67.394,0.711,1,1,1,0,8.749,0.0,0,0,1,0,13.334,0.0,0,0.0,0,0,0,1,0,1,0,1,0,0,0,12192.0,2,1,1,1,0,0,1,2,7.4,270.8,0,0,0,0,0,1
194700,67.465,0.711,1,1,1,0,8.749,0.0,0,0,1,0,13.334,0.0,0,0.0,0,0,0,1,0,1,0,1,0,0,0,12192.0,2,1,1,1,0,0,1,2,6.9,266.7,0,0,0,0,0,1
194800,67.536,0.711,1,1,1,0,8.749,0.0,0,0,1,0,13.334,0.0,0,0.0,0,0,0,1,0,1,0,1,0,0,0,12192.0,2,1,1,1,0,0,1,2,8.1,267.8,0,0,0,0,0,1
194900,67.607,0.711,1,1,1,0,8.749,0.0,0,0,1,0,13.334,0.0,0,0.0,0,0,0,1,0,1,0,1,0,0,0,12192.0,2,1,1,1,0,0,1,2,7.2,273.6,0,0,0,0,0,1
195000,67.678,0.711,1,1,1,0,8.749,0.0,0,0,1,0,13.334,0.0,0,0.0,0,0,0,1,0,1,0,1,0,0,0,12192.0,2,1,1,1,0,0,1,2,7.6,269.9,0,0,0,0,0,1
195100,67.749,0.711,1,1,1,0,8.749,0.0,0,0,1,0,13.334,0.0,0,0.0,0,0,0,1,0,1,0,1,0,0,0,12192.0,2,1,1,1,0,0,1,2,7.2,268.8,0,0,0,0,0,1
195200,67.82,0.711,1,1,1,0,8.749,0.0,0,0,1,0,13.334,0.0,0,0.0,0,0,0,1,0,1,0,1,0,0,0,12192.0,2,1,1,1,0,0,1,2,8.1,269.6,0,0,0,0,0,1
195300,67.891,0.711,1,1,1,0,8.749,0.0,0,0,1,0,13.334,0.0,0,0.0,0,0,0,1,0,1,0,1,0,0,0,12192.0,2,1,1,1,0,0,1,2,7.6,270.5,0,0,0,0,0,1
195400,67.962,0.711,1,1,1,0,8.749,0.0,0,0,1,0,13.334,0.0,0,0.0,0,0,0,1,0,1,0,1,0,0,0,12192.0,2,1,1,1,0,0,1,2,6.8,267.3,0,0,0,0,0,1
195500,68.034,0.711,1,1,1,0,8.749,0.0,0,0,1,0,13.334,0.0,0,0.0,0,0,0,1,0,1,0,1,0,0,0,12192.0,2,1,1,1,0,0,1,2,8.3,274.0,0,0,0,0,0,1
195600,68.105,0.711,1,1,1,0,8.749,0.0,0,0,1,0,13.334,0.0,0,0.0,0,0,0,1,0,1,0,1,0,0,0,12192.0,2,1,1,1,0,0,1,2,7.8,272.9,0,0,0,0,0,1
195700,68.176,0.711,1,1,1,0,8.749,0.0,0,0,1,0,13.334,0.0,0,0.0,0,0,0,1,0,1,0,1,0,0,0,12192.0,2,1,1,1,0,0,1,2,7.6,269.0,0,0,0,0,0,1
195800,68.247,0.711,1,1,1,0,8.749,0.0,0,0,1,0,13.334,0.0,0,0.0,0,0,0,1,0,1,0,1,0,0,0,12192.0,2,1,1,1,0,0,1,2,7.9,270.1,0,0,0,0,0,1
195900,68.318,0.711,1,1,1,0,8.749,0.0,0,0,1,0,13.334,0.0,0,0.0,0,0,0,1,0,1,0,1,0,0,0,12192.0,2,1,1,1,0,0,1,2,7.2,273.9,0,0,0,0,0,1
196000,68.389,0.711,1,1,1,0,8.749,0.0,0,0,1,0,13.334,0.0,0,0.0,0,0,0,1,0,1,0,1,0,0,0,12192.0,2,1,1,1,0,0,1,2,8.1,274.1,0,0,0,0,0,1
196100,68.46,0.711,1,1,1,0,8.749,0.0,0,0,1,0,13.334,0.0,0,0.0,0,0,0,1,0,1,0,1,0,0,0,12192.0,2,1,1,1,0,0,1,2,8.0,272.9,0,0,0,0,0,1
196200,68.531,0.711,1,1,1,0,8.749,0.0,0,0,1,0,13.334,0.0,0,0.0,0,0,0,1,0,1,0,1,0,0,0,12192.0,2,1,1,1,0,0,1,2,7.6,276.4,0,0,0,0,0,1
196300,68.602,0.711,1,1,1,0,8.749,0.0,0,0,1,0,13.334,0.0,0,0.0,0,0,0,1,0,1,0,1,0,0,0,12192.0,2,1,1,1,0,0,1,2,7.6,268.9,0,0,0,0,0,1
196400,68.673,0.711,1,1,1,0,8.749,0.0,0,0,1,0,13.334,0.0,0,0.0,0,0,0,1,0,1,0,1,0,0,0,12192.0,2,1,1,1,0,0,1,2,8.3,272.7,0,0,0,0,0,1
196500,68.744,0.711,1,1,1,0,8.749,0.0,0,0,1,0,13.334,0.0,0,0.0,0,0,0,1,0,1,0,1,0,0,0,12192.0,2,1,1,1,0,0,1,2,7.8,272.3,0,0,0,0,0,1
196600,68.815,0.711,1,1,1,0,8.749,0.0,0,0,1,0,13.334,0.0,0,0.0,0,0,0,1,0,1,0,1,0,0,0,12192.0,2,1,1,1,0,0,1,2,7.1,270.9,0,0,0,0,0,1
196700,68.886,0.711,1,1,1,0,8.749,0.0,0,0,1,0,13.334,0.0,0,0.0,0,0,0,1,0,1,0,1,0,0,0,12192.0,2,1,1,1,0,0,1,2,6.9,272.9,0,0,0,0,0,1
196800,68.958,0.711,1,1,1,0,8.749,0.0,0,0,1,0,13.334,0.0,0,0.0,0,0,0,1,0,1,0,1,0,0,0,12192.0,2,1,1,1,0,0,1,2,8.1,273.0,0,0,0,0,0,1
196900,69.029,0.711,1,1,1,0,8.749,0.0,0,0,1,0,13.334,0.0,0,0.0,0,0,0,1,0,1,0,1,0,0,0,12192.0,2,1,1,1,0,0,1,2,8.3,269.5,0,0,0,0,0,1
197000,69.1,0.711,1,1,1,0,8.749,0.0,0,0,1,0,13.334,0.0,0,0.0,0,0,0,1,0,1,0,1,0,0,0,12192.0,2,1,1,1,0,0,1,2,8.5,270.6,0,0,0,0,0,1
197100,69.171,0.711,1,1,1,0,8.749,0.0,0,0,1,0,13.334,0.0,0,0.0,0,0,0,1,0,1,0,1,0,0,0,12192.0,2,1,1,1,0,0,1,2,7.6,270.6,0,0,0,0,0,1
197200,69.242,0.711,1,1,1,0,8.749,0.0,0,0,1,0,13.334,0.0,0,0.0,0,0,0,1,0,1,0,1,0,0,0,12192.0,2,1,1,1,0,0,1,2,7.3,267.2,0,0,0,0,0,1
197300,69.313,0.711,1,1,1,0,8.749,0.0,0,0,1,0,13.334,0.0,0,0.0,0,0,0,1,0,1,0,1,0,0,0,12192.0,2,1,1,1,0,0,1,2,8.6,267.5,0,0,0,0,0,1
197400,69.384,0.711,1,1,1,0,8.749,0.0,0,0,1,0,13.334,0.0,0,0.0,0,0,0,1,0,1,0,1,0,0,0,12192.0,2,1,1,1,0,0,1,2,8.2,273.2,0,0,0,0,0,1
197500,69.455,0.711,1,1,1,0,8.749,0.0,0,0,1,0,13.334,0.0,0,0.0,0,0,0,1,0,1,0,1,0,0,0,12192.0,2,1,1,1,0,0,1,2,7.0,269.4,0,0,0,0,0,1
197600,69.526,0.711,1,1,1,0,8.749,0.0,0,0,1,0,13.334,0.0,0,0.0,0,0,0,1,0,1,0,1,0,0,0,12192.0,2,1,1,1,0,0,1,2,7.6,275.8,0,0,0,0,0,1
197700,69.597,0.711,1,1,1,0,8.749,0.0,0,0,1,0,13.334,0.0,0,0.0,0,0,0,1,0,1,0,1,0,0,0,12192.0,2,1,1,1,0,0,1,2,7.8,273.2,0,0,0,0,0,1
197800,69.668,0.711,1,1,1,0,8.749,0.0,0,0,1,0,13.334,0.0,0,0.0,0,0,0,1,0,1,0,1,0,0,0,12192.0,2,1,1,1,0,0,1,2,8.1,270.1,0,0,0,0,0,1
197900,69.739,0.711,1,1,1,0,8.749,0.0,0,0,1,0,13.334,0.0,0,0.0,0,0,0,1,0,1,0,1,0,0,0,12192.0,2,1,1,1,0,0,1,2,7.9,273.9,0,0,0,0,0,1
198000,69.811,0.711,1,1,1,0,8.749,0.0,0,0,1,0,13.334,0.0,0,0.0,0,0,0,1,0,1,0,1,0,0,0,12192.0,2,1,1,1,0,0,1,2,8.1,267.3,0,0,0,0,0,1
198100,69.882,0.711,1,1,1,0,8.749,0.0,0,0,1,0,13.334,0.0,0,0.0,0,0,0,1,0,1,0,1,0,0,0,12192.0,2,1,1,1,0,0,1,2,8.6,270.4,0,0,0,0,0,1
198200,69.953,0.711,1,1,1,0,8.749,0.0,0,0,1,0,13.334,0.0,0,0.0,0,0,0,1,0,1,0,1,0,0,0,12192.0,2,1,1,1,0,0,1,2,7.8,270.3,0,0,0,0,0,1
198300,70.024,0.711,1,1,1,0,8.749,0.0,0,0,1,0,13.334,0.0,0,0.0,0,0,0,1,0,1,0,1,0,0,0,12192.0,2,1,1,1,0,0,1,2,8.4,270.3,0,0,0,0,0,1
198400,70.095,0.711,1,1,1,0,8.749,0.0,0,0,1,0,13.334,0.0,0,0.0,0,0,0,1,0,1,0,1,0,0,0,12192.0,2,1,1,1,0,0,1,2,8.5,266.9,0,0,0,0,0,1
198500,70.166,0.711,1,1,1,0,8.749,0.0,0,0,1,0,13.334,0.0,0,0.0,0,0,0,1,0,1,0,1,0,0,0,12192.0,2,1,1,1,0,0,1,2,8.9,272.1,0,0,0,0,0,1
198600,70.237,0.711,1,1,1,0,8.749,0.0,0,0,1,0,13.334,0.0,0,0.0,0,0,0,1,0,1,0,1,0,0,0,12192.0,2,1,1,1,0,0,1,2,8.7,273.8,0,0,0,0,0,1
198700,70.308,0.711,1,1,1,0,8.749,0.0,0,0,1,0,13.334,0.0,0,0.0,0,0,0,1,0,1,0,1,0,0,0,12192.0,2,1,1,1,0,0,1,2,8.3,273.8,0,0,0,0,0,1
198800,70.379,0.711,1,1,1,0,8.749,0.0,0,0,1,0,13.334,0.0,0,0.0,0,0,0,1,0,1,0,1,0,0,0,12192.0,2,1,1,1,0,0,1,2,8.7,269.2,0,0,0,0,0,1
198900,70.45,0.711,1,1,1,0,8.749,0.0,0,0,1,0,13.334,0.0,0,0.0,0,0,0,1,0,1,0,1,0,0,0,12192.0,2,1,1,1,0,0,1,2,8.7,272.7,0,0,0,0,0,1
199000,70.521,0.711,1,1,1,0,8.749,0.0,0,0,1,0,13.334,0.0,0,0.0,0,0,0,1,0,1,0,1,0,0,0,12192.0,2,1,1,1,0,0,1,2,9.0,274.9,0,0,0,0,0,1
199100,70.592,0.711,1,1,1,0,8.749,0.0,0,0,1,0,13.334,0.0,0,0.0,0,0,0,1,0,1,0,1,0,0,0,12192.0,2,1,1,1,0,0,1,2,8.9,268.3,0,0,0,0,0,1
199200,70.663,0.711,1,1,1,0,8.749,0.0,0,0,1,0,13.334,0.0,0,0.0,0,0,0,1,0,1,0,1,0,0,0,12192.0,2,1,1,1,0,0,1,2,8.1,269.6,0,0,0,0,0,1
199300,70.735,0.711,1,1,1,0,8.749,0.0,0,0,1,0,13.334,0.0,0,0.0,0,0,0,1,0,1,0,1,0,0,0,12192.0,2,1,1,1,0,0,1,2,9.0,271.4,0,0,0,0,0,1
199400,70.806,0.711,1,1,1,0,8.749,0.0,0,0,1,0,13.334,0.0,0,0.0,0,0,0,1,0,1,0,1,0,0,0,12192.0,2,1,1,1,0,0,1,2,8.5,273.8,0,0,0,0,0,1
199500,70.877,0.711,1,1,1,0,8.749,0.0,0,0,1,0,13.334,0.0,0,0.0,0,0,0,1,0,1,0,1,0,0,0,12192.0,2,1,1,1,0,0,1,2,9.1,268.0,0,0,0,0,0,1
199600,70.948,0.711,1,1,1,0,8.749,0.0,0,0,1,0,13.334,0.0,0,0.0,0,0,0,1,0,1,0,1,0,0,0,12192.0,2,1,1,1,0,0,1,2,8.8,272.3,0,0,0,0,0,1
199700,71.019,0.711,1,1,1,0,8.749,0.0,0,0,1,0,13.334,0.0,0,0.0,0,0,0,1,0,1,0,1,0,0,0,12192.0,2,1,1,1,0,0,1,2,8.8,271.0,0,0,0,0,0,1
199800,71.09,0.711,1,1,1,0,8.749,0.0,0,0,1,0,13.334,0.0,0,0.0,0,0,0,1,0,1,0,1,0,0,0,12192.0,2,1,1,1,0,0,1,2,9.0,271.6,0,0,0,0,0,1
199900,71.161,0.711,1,1,1,0,8.749,0.0,0,0,1,0,13.334,0.0,0,0.0,0,0,0,1,0,1,0,1,0,0,0,12192.0,2,1,1,1,0,0,1,2,7.6,273.1,0,0,0,0,0,1
200000,71.232,0.711,1,1,1,0,8.749,0.0,0,0,1,0,13.334,0.0,0,0.0,0,0,0,1,0,1,0,1,0,0,0,12192.0,2,1,1,1,0,0,1,2,8.5,270.2,0,0,0,0,0,1
200100,71.303,0.711,1,1,1,0,8.749,0.0,0,0,1,0,13.334,0.0,0,0.0,0,0,0,1,0,1,0,1,0,0,0,12192.0,2,1,1,1,0,0,1,2,8.0,268.1,0,0,0,0,0,1
200200,71.374,0.711,1,1,1,0,8.749,0.0,0,0,1,0,13.334,0.0,0,0.0,0,0,0,1,0,1,0,1,0,0,0,12192.0,2,1,1,1,0,0,1,2,8.0,271.0,0,0,0,0,0,1
200300,71.445,0.711,1,1,1,0,8.749,0.0,0,0,1,0,13.334,0.0,0,0.0,0,0,0,1,0,1,0,1,0,0,0,12192.0,2,1,1,1,0,0,1,2,9.0,271.6,0,0,0,0,0,1
200400,71.516,0.711,1,1,1,0,8.749,0.0,0,0,1,0,13.334,0.0,0,0.0,0,0,0,1,0,1,0,1,0,0,0,12192.0,2,1,1,1,0,0,1,2,8.8,269.9,0,0,0,0,0,1
200500,71.587,0.711,1,1,1,0,8.749,0.0,0,0,1,0,13.334,0.0,0,0.0,0,0,0,1,0,1,0,1,0,0,0,12192.0,2,1,1,1,0,0,1,2,8.8,273.1,0,0,0,0,0,1
200600,71.659,0.711,1,1,1,0,8.749,0.0,0,0,1,0,13.334,0.0,0,0.0,0,0,0,1,0,1,0,1,0,0,0,12192.0,2,1,1,1,0,0,1,2,8.6,269.8,0,0,0,0,0,1
200700,71.73,0.711,1,1,1,0,8.749,0.0,0,0,1,0,13.334,0.0,0,0.0,0,0,0,1,0,1,0,1,0,0,0,12192.0,2,1,1,1,0,0,1,2,7.9,273.2,0,0,0,0,0,1
200800,71.801,0.711,1,1,1,0,8.749,0.0,0,0,1,0,13.334,0.0,0,0.0,0,0,0,1,0,1,0,1,0,0,0,12192.0,2,1,1,1,0,0,1,2,7.9,267.7,0,0,0,0,0,1
200900,71.872,0.711,1,1,1,0,8.749,0.0,0,0,1,0,13.334,0.0,0,0.0,0,0,0,1,0,1,0,1,0,0,0,12192.0,2,1,1,1,0,0,1,2,8.2,269.9,0,0,0,0,0,1
201000,71.943,0.711,1,1,1,0,8.749,0.0,0,0,1,0,13.334,0.0,0,0.0,0,0,0,1,0,1,0,1,0,0,0,12192.0,2,1,1,1,0,0,1,2,8.2,273.2,0,0,0,0,0,1
201100,72.014,0.711,1,1,1,0,8.749,0.0,0,0,1,0,13.334,0.0,0,0.0,0,0,0,1,0,1,0,1,0,0,0,12192.0,2,1,1,1,0,0,1,2,8.6,273.6,0,0,0,0,0,1
201200,72.085,0.711,1,1,1,0,8.749,0.0,0,0,1,0,13.334,0.0,0,0.0,0,0,0,1,0,1,0,1,0,0,0,12192.0,2,1,1,1,0,0,1,2,9.1,271.9,0,0,0,0,0,1
201300,72.156,0.711,1,1,1,0,8.749,0.0,0,0,1,0,13.334,0.0,0,0.0,0,0,0,1,0,1,0,1,0,0,0,12192.0,2,1,1,1,0,0,1,2,7.9,273.2,0,0,0,0,0,1
201400,72.227,0.711,1,1,1,0,8.749,0.0,0,0,1,0,13.334,0.0,0,0.0,0,0,0,1,0,1,0,1,0,0,0,12192.0,2,1,1,1,0,0,1,2,7.9,271.2,0,0,0,0,0,1
201500,72.298,0.711,1,1,1,0,8.749,0.0,0,0,1,0,13.334,0.0,0,0.0,0,0,0,1,0,1,0,1,0,0,0,12192.0,2,1,1,1,0,0,1,2,8.1,267.1,0,0,0,0,0,1
201600,72.369,0.711,1,1,1,0,8.749,0.0,0,0,1,0,13.334,0.0,0,0.0,0,0,0,1,0,1,0,1,0,0,0,12192.0,2,1,1,1,0,0,1,2,7.4,265.6,0,0,0,0,0,1
201700,72.44,0.711,1,1,1,0,8.749,0.0,0,0,1,0,13.334,0.0,0,0.0,0,0,0,1,0,1,0,1,0,0,0,12192.0,2,1,1,1,0,0,1,2,8.4,276.0,0,0,0,0,0,1
201800,72.512,0.711,1,1,1,0,8.749,0.0,0,0,1,0,13.334,0.0,0,0.0,0,0,0,1,0,1,0,1,0,0,0,12192.0,2,1,1,1,0,0,1,2,7.5,270.7,0,0,0,0,0,1
201900,72.583,0.711,1,1,1,0,8.749,0.0,0,0,1,0,13.334,0.0,0,0.0,0,0,0,1,0,1,0,1,0,0,0,12192.0,2,1,1,1,0,0,1,2,8.6,268.8,0,0,0,0,0,1
202000,72.654,0.711,1,1,1,0,8.749,0.0,0,0,1,0,13.334,0.0,0,0.0,0,0,0,1,0,1,0,1,0,0,0,12192.0,2,1,1,1,0,0,1,2,8.2,268.8,0,0,0,0,0,1
202100,72.725,0.711,1,1,1,0,8.749,0.0,0,0,1,0,13.334,0.0,0,0.0,0,0,0,1,0,1,0,1,0,0,0,12192.0,2,1,1,1,0,0,1,2,8.1,272.1,0,0,0,0,0,1
202200,72.796,0.711,1,1,1,0,8.749,0.0,0,0,1,0,13.334,0.0,0,0.0,0,0,0,1,0,1,0,1,0,0,0,12192.0,2,1,1,1,0,0,1,2,8.3,266.1,0,0,0,0,0,1
202300,72.867,0.711,1,1,1,0,8.749,0.0,0,0,1,0,13.334,0.0,0,0.0,0,0,0,1,0,1,0,1,0,0,0,12192.0,2,1,1,1,0,0,1,2,7.0,269.9,0,0,0,0,0,1
202400,72.938,0.711,1,1,1,0,8.749,0.0,0,0,1,0,13.334,0.0,0,0.0,0,0,0,1,0,1,0,1,0,0,0,12192.0,2,1,1,1,0,0,1,2,7.9,271.4,0,0,0,0,0,1
202500,73.009,0.711,1,1,1,0,8.749,0.0,0,0,1,0,13.334,0.0,0,0.0,0,0,0,1,0,1,0,1,0,0,0,12192.0,2,1,1,1,0,0,1,2,7.4,270.2,0,0,0,0,0,1
202600,73.08,0.711,1,1,1,0,8.749,0.0,0,0,1,0,13.334,0.0,0,0.0,0,0,0,1,0,1,0,1,0,0,0,12192.0,2,1,1,1,0,0,1,2,7.6,267.0,0,0,0,0,0,1
202700,73.151,0.711,1,1,1,0,8.749,0.0,0,0,1,0,13.334,0.0,0,0.0,0,0,0,1,0,1,0,1,0,0,0,12192.0,2,1,1,1,0,0,1,2,8.2,271.5,0,0,0,0,0,1
202800,73.222,0.711,1,1,1,0,8.749,0.0,0,0,1,0,13.334,0.0,0,0.0,0,0,0,1,0,1,0,1,0,0,0,12192.0,2,1,1,1,0,0,1,2,8.5,269.8,0,0,0,0,0,1
202900,73.293,0.711,1,1,1,0,8.749,0.0,0,0,1,0,13.334,0.0,0,0.0,0,0,0,1,0,1,0,1,0,0,0,12192.0,2,1,1,1,0,0,1,2,7.8,273.1,0,0,0,0,0,1
203000,73.364,0.711,1,1,1,0,8.749,0.0,0,0,1,0,13.334,0.0,0,0.0,0,0,0,1,0,1,0,1,0,0,0,12192.0,2,1,1,1,0,0,1,2,7.1,268.9,0,0,0,0,0,1
203100,73.436,0.711,1,1,1,0,8.749,0.0,0,0,1,0,13.334,0.0,0,0.0,0,0,0,1,0,1,0,1,0,0,0,12192.0,2,1,1,1,0,0,1,2,7.7,274.6,0,0,0,0,0,1
203200,73.507,0.711,1,1,1,0,8.749,0.0,0,0,1,0,13.334,0.0,0,0.0,0,0,0,1,0,1,0,1,0,0,0,12192.0,2,1,1,1,0,0,1,2,7.9,276.3,0,0,0,0,0,1
203300,73.578,0.711,1,1,1,0,8.749,0.0,0,0,1,0,13.334,0.0,0,0.0,0,0,0,1,0,1,0,1,0,0,0,12192.0,2,1,1,1,0,0,1,2,7.4,268.6,0,0,0,0,0,1
203400,73.649,0.711,1,1,1,0,8.749,0.0,0,0,1,0,13.334,0.0,0,0.0,0,0,0,1,0,1,0,1,0,0,0,12192.0,2,1,1,1,0,0,1,2,7.5,268.8,0,0,0,0,0,1
203500,73.72,0.711,1,1,1,0,8.749,0.0,0,0,1,0,13.334,0.0,0,0.0,0,0,0,1,0,1,0,1,0,0,0,12192.0,2,1,1,1,0,0,1,2,7.4,270.5,0,0,0,0,0,1
203600,73.791,0.711,1,1,1,0,8.749,0.0,0,0,1,0,13.334,0.0,0,0.0,0,0,0,1,0,1,0,1,0,0,0,12192.0,2,1,1,1,0,0,1,2,7.5,265.5,0,0,0,0,0,1
203700,73.862,0.711,1,1,1,0,8.749,0.0,0,0,1,0,13.334,0.0,0,0.0,0,0,0,1,0,1,0,1,0,0,0,12192.0,2,1,1,1,0,0,1,2,7.1,271.7,0,0,0,0,0,1
203800,73.933,0.711,1,1,1,0,8.749,0.0,0,0,1,0,13.334,0.0,0,0.0,0,0,0,1,0,1,0,1,0,0,0,12192.0,2,1,1,1,0,0,1,2,7.4,270.8,0,0,0,0,0,1
203900,74.004,0.711,1,1,1,0,8.749,0.0,0,0,1,0,13.334,0.0,0,0.0,0,0,0,1,0,1,0,1,0,0,0,12192.0,2,1,1,1,0,0,1,2,7.8,267.3,0,0,0,0,0,1
204000,74.075,0.711,1,1,1,0,8.749,0.0,0,0,1,0,13.334,0.0,0,0.0,0,0,0,1,0,1,0,1,0,0,0,12192.0,2,1,1,1,0,0,1,2,7.0,270.7,0,0,0,0,0,1
204100,74.146,0.711,1,1,1,0,8.749,0.0,0,0,1,0,13.334,0.0,0,0.0,0,0,0,1,0,1,0,1,0,0,0,12192.0,2,1,1,1,0,0,1,2,6.7,269.7,0,0,0,0,0,1
204200,74.217,0.711,1,1,1,0,8.749,0.0,0,0,1,0,13.334,0.0,0,0.0,0,0,0,1,0,1,0,1,0,0,0,12192.0,2,1,1,1,0,0,1,2,7.8,269.2,0,0,0,0,0,1
204300,74.288,0.711,1,1,1,0,8.749,0.0,0,0,1,0,13.334,0.0,0,0.0,0,0,0,1,0,1,0,1,0,0,0,12192.0,2,1,1,1,0,0,1,2,6.6,270.4,0,0,0,0,0,1
204400,74.36,0.711,1,1,1,0,8.749,0.0,0,0,1,0,13.334,0.0,0,0.0,0,0,0,1,0,1,0,1,0,0,0,12192.0,2,1,1,1,0,0,1,2,7.6,267.4,0,0,0,0,0,1
204500,74.431,0.711,1,1,1,0,8.749,0.0,0,0,1,0,13.334,0.0,0,0.0,0,0,0,1,0,1,0,1,0,0,0,12192.0,2,1,1,1,0,0,1,2,7.1,269.6,0,0,0,0,0,1
204600,74.502,0.711,1,1,1,0,8.749,0.0,0,0,1,0,13.334,0.0,0,0.0,0,0,0,1,0,1,0,1,0,0,0,12192.0,2,1,1,1,0,0,1,2,6.9,268.0,0,0,0,0,0,1
204700,74.573,0.711,1,1,1,0,8.749,0.0,0,0,1,0,13.334,0.0,0,0.0,0,0,0,1,0,1,0,1,0,0,0,12192.0,2,1,1,1,0,0,1,2,7.4,268.0,0,0,0,0,0,1
204800,74.644,0.711,1,1,1,0,8.749,0.0,0,0,1,0,13.334,0.0,0,0.0,0,0,0,1,0,1,0,1,0,0,0,12192.0,2,1,1,1,0,0,1,2,7.0,267.1,0,0,0,0,0,1
204900,74.715,0.711,1,1,1,0,8.749,0.0,0,0,1,0,13.334,0.0,0,0.0,0,0,0,1,0,1,0,1,0,0,0,12192.0,2,1,1,1,0,0,1,2,7.7,269.3,0,0,0,0,0,1
205000,74.786,0.711,1,1,1,0,8.749,0.0,0,0,1,0,13.334,0.0,0,0.0,0,0,0,1,0,1,0,1,0,0,0,12192.0,2,1,1,1,0,0,1,2,7.0,265.4,0,0,0,0,0,1
205100,74.857,0.711,1,1,1,0,8.749,0.0,0,0,1,0,13.334,0.0,0,0.0,0,0,0,1,0,1,0,1,0,0,0,12192.0,2,1,1,1,0,0,1,2,8.3,272.7,0,0,0,0,0,1
205200,74.928,0.711,1,1,1,0,8.749,0.0,0,0,1,0,13.334,0.0,0,0.0,0,0,0,1,0,1,0,1,0,0,0,12192.0,2,1,1,1,0,0,1,2,7.9,265.4,0,0,0,0,0,1
205300,74.999,0.711,1,1,1,0,8.749,0.0,0,0,1,0,13.334,0.0,0,0.0,0,0,0,1,0,1,0,1,0,0,0,12192.0,2,1,1,1,0,0,1,2,7.6,268.0,0,0,0,0,0,1
205400,75.07,0.711,1,1,1,0,8.749,0.0,0,0,1,0,13.334,0.0,0,0.0,0,0,0,1,0,1,0,1,0,0,0,12192.0,2,1,1,1,0,0,1,2,8.1,266.7,0,0,0,0,0,1
205500,75.141,0.711,1,1,1,0,8.749,0.0,0,0,1,0,13.334,0.0,0,0.0,0,0,0,1,0,1,0,1,0,0,0,12192.0,2,1,1,1,0,0,1,2,7.8,270.8,0,0,0,0,0,1
205600,75.213,0.711,1,1,1,0,8.749,0.0,0,0,1,0,13.334,0.0,0,0.0,0,0,0,1,0,1,0,1,0,0,0,12192.0,2,1,1,1,0,0,1,2,7.9,267.8,0,0,0,0,0,1
205700,75.284,0.711,1,1,1,0,8.749,0.0,0,0,1,0,13.334,0.0,0,0.0,0,0,0,1,0,1,0,1,0,0,0,12192.0,2,1,1,1,0,0,1,2,7.9,265.7,0,0,0,0,0,1
205800,75.353,0.696,1,1,1,0,8.749,0.0,0,0,1,0,13.334,0.0,0,0.0,0,0,0,1,0,1,0,1,0,0,0,12192.0,2,1,1,1,0,0,1,2,8.0,268.8,0,0,0,0,0,1
205900,75.421,0.681,1,1,1,0,8.749,0.0,0,0,1,0,13.334,0.0,0,0.0,0,0,0,1,0,1,0,1,0,0,0,12192.0,2,1,1,1,0,0,1,2,8.1,267.9,0,0,0,0,0,1
206000,75.488,0.666,1,1,1,0,8.749,0.0,0,0,1,0,13.334,0.0,0,0.0,0,0,0,1,0,1,0,1,0,0,0,12192.0,2,1,1,1,0,0,1,2,7.5,271.6,0,0,0,0,0,1
206100,75.553,0.651,1,1,1,0,8.749,0.0,0,0,1,0,13.334,0.0,0,0.0,0,0,0,1,0,1,0,1,0,0,0,12192.0,2,1,1,1,0,0,1,2,8.1,268.1,0,0,0,0,0,1
206200,75.617,0.637,1,1,1,0,8.749,0.0,0,0,1,0,13.334,0.0,0,0.0,0,0,0,1,0,1,0,1,0,0,0,12192.0,2,1,1,1,0,0,1,2,6.9,268.8,0,0,0,0,0,1
206300,75.679,0.622,1,1,1,0,8.749,0.0,0,0,1,0,13.334,0.0,0,0.0,0,0,0,1,0,1,0,1,0,0,0,12192.0,2,1,1,1,0,0,1,2,6.9,271.1,0,0,0,0,0,1
206400,75.74,0.607,1,1,1,0,8.749,0.0,0,0,1,0,13.334,0.0,0,0.0,0,0,0,1,0,1,0,1,0,0,0,12192.0,2,1,1,1,0,0,1,2,7.4,270.6,0,0,0,0,0,1
206500,75.799,0.592,1,1,1,0,8.749,0.0,0,0,1,0,13.334,0.0,0,0.0,0,0,0,1,0,1,0,1,0,0,0,12192.0,2,1,1,1,0,0,1,2,6.7,274.4,0,0,0,0,0,1
206600,75.856,0.577,1,1,1,0,8.749,0.0,0,0,1,0,13.334,0.0,0,0.0,0,0,0,1,0,1,0,1,0,0,0,12192.0,2,1,1,1,0,0,1,2,8.0,268.3,0,0,0,0,0,1
206700,75.913,0.562,1,1,1,0,8.749,0.0,0,0,1,0,13.334,0.0,0,0.0,0,0,0,1,0,1,0,1,0,0,0,12192.0,2,1,1,1,0,0,1,2,8.5,271.2,0,0,0,0,0,1
206800,75.967,0.547,1,1,1,0,8.749,0.0,0,0,1,0,13.334,0.0,0,0.0,0,0,0,1,0,1,0,1,0,0,0,12192.0,2,1,1,1,0,0,1,2,6.8,265.8,0,0,0,0,0,1
206900,76.021,0.533,1,1,1,0,8.749,0.0,0,0,1,0,13.334,0.0,0,0.0,0,0,0,1,0,1,0,1,0,0,0,12192.0,2,1,1,1,0,0,1,2,7.7,273.1,0,0,0,0,0,1
207000,76.072,0.518,1,1,1,0,8.749,0.0,0,0,1,0,13.334,0.0,0,0.0,0,0,0,1,0,1,0,1,0,0,0,12192.0,2,1,1,1,0,0,1,2,8.0,267.0,0,0,0,0,0,1
207100,76.123,0.503,1,1,1,0,8.749,0.0,0,0,1,0,13.334,0.0,0,0.0,0,0,0,1,0,1,0,1,0,0,0,12192.0,2,1,1,1,0,0,1,2,8.4,269.6,0,0,0,0,0,1
207200,76.172,0.488,1,1,1,0,8.749,0.0,0,0,1,0,13.334,0.0,0,0.0,0,0,0,1,0,1,0,1,0,0,0,12192.0,2,1,1,1,0,0,1,2,8.6,270.9,0,0,0,0,0,1
207300,76.219,0.473,1,1,1,0,8.749,0.0,0,0,1,0,13.334,0.0,0,0.0,0,0,0,1,0,1,0,1,0,0,0,12192.0,2,1,1,1,0,0,1,2,8.5,268.3,0,0,0,0,0,1
207400,76.265,0.458,1,1,1,0,8.749,0.0,0,0,1,0,13.334,0.0,0,0.0,0,0,0,1,0,1,0,1,0,0,0,12192.0,2,1,1,1,0,0,1,2,8.7,269.0,0,0,0,0,0,1
207500,76.309,0.444,1,1,1,0,8.749,0.0,0,0,1,0,13.334,0.0,0,0.0,0,0,0,1,0,1,0,1,0,0,0,12192.0,2,1,1,1,0,0,1,2,7.6,272.3,0,0,0,0,0,1
207600,76.352,0.429,1,1,1,0,8.749,0.0,0,0,1,0,13.334,0.0,0,0.0,0,0,0,1,0,1,0,1,0,0,0,12192.0,2,1,1,1,0,0,1,2,8.5,269.7,0,0,0,0,0,1
207700,76.393,0.414,1,1,1,0,8.749,0.0,0,0,1,0,13.334,0.0,0,0.0,0,0,0,1,0,1,0,1,0,0,0,12192.0,2,1,1,1,0,0,1,2,8.3,273.5,0,0,0,0,0,1
207800,76.433,0.399,1,1,1,0,8.749,0.0,0,0,1,0,13.334,0.0,0,0.0,0,0,0,1,0,1,0,1,0,0,0,12192.0,2,1,1,1,0,0,1,2,8.3,271.0,0,0,0,0,0,1
207900,76.472,0.384,1,1,1,0,8.749,0.0,0,0,1,0,13.334,0.0,0,0.0,0,0,0,1,0,1,0,1,0,0,0,12192.0,2,1,1,1,0,0,1,2,8.3,271.4,0,0,0,0,0,1
208000,76.509,0.369,1,1,1,0,8.749,0.0,0,0,1,0,13.334,0.0,0,0.0,0,0,0,1,0,1,0,1,0,0,0,12192.0,2,1,1,1,0,0,1,2,9.3,271.3,0,0,0,0,0,1
208100,76.544,0.354,1,1,1,0,8.749,0.0,0,0,1,0,13.334,0.0,0,0.0,0,0,0,1,0,1,0,1,0,0,0,12192.0,2,1,1,1,0,0,1,2,7.9,269.3,0,0,0,0,0,1
208200,76.578,0.34,1,1,1,0,8.749,0.0,0,0,1,0,13.334,0.0,0,0.0,0,0,0,1,0,1,0,1,0,0,0,12192.0,2,1,1,1,0,0,1,2,9.0,271.0,0,0,0,0,0,1
208300,76.61,0.325,1,1,1,0,8.749,0.0,0,0,1,0,13.334,0.0,0,0.0,0,0,0,1,0,1,0,1,0,0,0,12192.0,2,1,1,1,0,0,1,2,8.2,274.7,0,0,0,0,0,1
208400,76.641,0.31,1,1,1,0,8.749,0.0,0,0,1,0,13.334,0.0,0,0.0,0,0,0,1,0,1,0,1,0,0,0,12192.0,2,1,1,1,0,0,1,2,9.3,272.8,0,0,0,0,0,1
208500,76.671,0.294,1,1,1,0,8.749,0.0,0,0,1,0,13.334,0.0,0,0.0,0,0,0,1,0,1,0,1,0,0,0,12192.0,2,1,1,1,0,0,1,2,9.2,270.7,0,0,0,0,0,1
208600,76.699,0.279,1,1,1,0,8.749,0.0,0,0,1,0,13.334,0.0,0,0.0,0,0,0,1,0,1,0,1,0,0,0,12192.0,2,1,1,1,0,0,1,2,8.9,269.0,0,0,0,0,0,1
208700,76.725,0.264,1,1,1,0,8.749,0.0,0,0,1,0,13.334,0.0,0,0.0,0,0,0,1,0,1,0,1,0,0,0,12192.0,2,1,1,1,0,0,1,2,7.9,269.0,0,0,0,0,0,1
208800,76.75,0.249,1,1,1,0,8.749,0.0,0,0,1,0,13.334,0.0,0,0.0,0,0,0,1,0,1,0,1,0,0,0,12192.0,2,1,1,1,0,0,1,2,8.2,269.3,0,0,0,0,0,1
208900,76.773,0.233,1,1,1,0,8.749,0.0,0,0,1,0,13.334,0.0,0,0.0,0,0,0,1,0,1,0,1,0,0,0,12192.0,2,1,1,1,0,0,1,2,8.3,268.6,0,0,0,0,0,1
209000,76.795,0.218,1,1,1,0,8.749,0.0,0,0,1,0,13.334,0.0,0,0.0,0,0,0,1,0,1,0,1,0,0,0,12192.0,2,1,1,1,0,0,1,2,8.1,273.3,0,0,0,0,0,1
209100,76.815,0.203,1,1,1,0,8.749,0.0,0,0,1,0,13.334,0.0,0,0.0,0,0,0,1,0,1,0,1,0,0,0,12192.0,2,1,1,1,0,0,1,2,8.4,271.0,0,0,0,0,0,1
209200,76.834,0.187,1,1,1,0,8.749,0.0,0,0,1,0,13.334,0.0,0,0.0,0,0,0,1,0,1,0,1,0,0,0,12192.0,2,1,1,1,0,0,1,2,8.6,270.8,0,0,0,0,0,1
209300,76.851,0.172,1,1,1,0,8.749,0.0,0,0,1,0,13.334,0.0,0,0.0,0,0,0,1,0,1,0,1,0,0,0,12192.0,2,1,1,1,0,0,1,2,9.3,272.5,0,0,0,0,0,1
209400,76.867,0.156,1,1,1,0,8.749,0.0,0,0,1,0,13.334,0.0,0,0.0,0,0,0,1,0,1,0,1,0,0,0,12192.0,2,1,1,1,0,0,1,2,8.0,266.7,0,0,0,0,0,1
209500,76.881,0.141,1,1,1,0,8.749,0.0,0,0,1,0,13.334,0.0,0,0.0,0,0,0,1,0,1,0,1,0,0,0,12192.0,2,1,1,1,0,0,1,2,9.5,274.5,0,0,0,0,0,1
209600,76.894,0.125,1,1,1,0,8.749,0.0,0,0,1,0,13.334,0.0,0,0.0,0,0,0,1,0,1,0,1,0,0,0,12192.0,2,1,1,1,0,0,1,2,8.7,270.1,0,0,0,0,0,1
209700,76.904,0.109,1,1,1,0,8.749,0.0,0,0,1,0,13.334,0.0,0,0.0,0,0,0,1,0,1,0,1,0,0,0,12192.0,2,1,1,1,0,0,1,2,8.5,270.4,0,0,0,0,0,1
209800,76.914,0.093,1,1,1,0,8.749,0.0,0,0,1,0,13.334,0.0,0,0.0,0,0,0,1,0,1,0,1,0,0,0,12192.0,2,1,1,1,0,0,1,2,8.2,270.6,0,0,0,0,0,1
209900,76.921,0.077,1,1,1,0,8.749,0.0,0,0,1,0,13.334,0.0,0,0.0,0,0,0,1,0,1,0,1,0,0,0,12192.0,2,1,1,1,0,0,1,2,8.2,264.8,0,0,0,0,0,1
210000,76.927,0.06,1,1,1,0,8.749,0.0,0,0,1,0,13.334,0.0,0,0.0,0,0,0,1,0,1,0,1,0,0,0,12192.0,2,1,1,1,0,0,1,2,8.7,270.6,0,0,0,0,0,1
210100,76.932,0.043,1,1,1,0,8.749,0.0,0,0,1,0,13.334,0.0,0,0.0,0,0,0,1,0,1,0,1,0,0,0,12192.0,2,1,1,1,0,0,1,2,8.5,269.9,0,0,0,0,0,1
210200,76.934,0.023,1,1,1,0,8.749,0.0,0,0,1,0,13.329,-0.05,0,0.0,0,0,1,1,0,1,0,1,0,0,0,12192.0,2,1,1,1,0,0,1,2,8.2,266.7,0,0,0,0,0,1
210300,76.935,0.0,0,0,1,0,8.749,0.0,0,0,1,0,13.319,-0.1,0,0.0,0,0,1,1,0,1,0,1,0,0,0,12192.0,2,1,1,1,0,0,1,2,8.5,270.2,0,0,0,0,0,1
210400,76.935,0.0,0,0,1,0,8.749,0.0,0,0,1,0,13.304,-0.149,0,0.0,0,0,1,1,0,1,0,1,0,0,0,12192.0,2,1,1,1,0,0,1,2,8.2,272.0,0,0,0,0,0,1
210500,76.935,0.0,0,0,1,0,8.749,0.0,0,0,1,0,13.285,-0.199,0,0.0,0,0,1,1,0,1,0,1,0,0,0,12192.0,2,1,1,1,0,0,1,2,7.9,270.3,0,0,0,0,0,1
210600,76.935,0.0,0,0,1,0,8.749,0.0,0,0,1,0,13.26,-0.249,0,0.0,0,0,1,1,0,1,0,1,0,0,0,12192.0,2,1,1,1,0,0,1,2,7.6,272.0,0,0,0,0,0,1
210700,76.935,0.0,0,0,1,0,8.749,0.0,0,0,1,0,13.23,-0.299,0,0.0,0,0,1,1,0,1,0,1,0,0,0,12192.0,2,1,1,1,0,0,1,2,8.6,269.5,0,0,0,0,0,1
210800,76.935,0.0,0,0,1,0,8.749,0.0,0,0,1,0,13.195,-0.348,0,0.0,0,0,1,1,0,1,0,1,0,0,0,12192.0,2,1,1,1,0,0,1,2,7.7,272.1,0,0,0,0,0,1
210900,76.935,0.0,0,0,1,0,8.749,0.0,0,0,1,0,13.155,-0.398,0,0.0,0,0,1,1,0,1,0,1,0,0,0,12192.0,2,1,1,1,0,0,1,2,8.5,267.1,0,0,0,0,0,1
211000,76.935,0.0,0,0,1,0,8.749,0.0,0,0,1,0,13.11,-0.448,0,0.0,0,0,1,1,0,1,0,1,0,0,0,12192.0,2,1,1,1,0,0,1,2,8.4,268.9,0,0,0,0,0,1
211100,76.935,0.0,0,0,1,0,8.749,0.0,0,0,1,0,13.061,-0.498,0,0.0,0,0,1,1,0,1,0,1,0,0,0,12192.0,2,1,1,1,0,0,1,2,8.1,267.0,0,0,0,0,0,1
211200,76.935,0.0,0,0,1,0,8.749,0.0,0,0,1,0,13.006,-0.547,0,0.0,0,0,1,1,0,1,0,1,0,0,0,12192.0,2,1,1,1,0,0,1,2,7.6,265.6,0,0,0,0,0,1
211300,76.935,0.0,0,0,1,0,8.749,0.0,0,0,1,0,12.946,-0.597,0,0.0,0,0,1,1,0,1,0,1,0,0,0,12192.0,2,1,1,1,0,0,1,2,7.6,266.1,0,0,0,0,0,1
211400,76.935,0.0,0,0,1,0,8.749,0.0,0,0,1,0,12.881,-0.647,0,0.0,0,0,1,1,0,1,0,1,0,0,0,12192.0,2,1,1,1,0,0,1,2,8.1,268.0,0,0,0,0,0,1
211500,76.935,0.0,0,0,1,0,8.749,0.0,0,0,1,0,12.812,-0.697,0,0.0,0,0,1,1,0,1,0,1,0,0,0,12192.0,2,1,1,1,0,0,1,2,7.4,268.3,0,0,0,0,0,1
211600,76.935,0.0,0,0,1,0,8.749,0.0,0,0,1,0,12.737,-0.746,0,0.0,0,0,1,1,0,1,0,1,0,0,0,12192.0,2,1,1,1,0,0,1,2,7.2,272.3,0,0,0,0,0,1
211700,76.935,0.0,0,0,1,0,8.749,0.0,0,0,1,0,12.658,-0.796,0,0.0,0,0,1,1,0,1,0,1,0,0,0,12192.0,2,1,1,1,0,0,1,2,8.1,267.5,0,0,0,0,0,1
211800,76.935,0.0,0,0,1,0,8.749,0.0,0,0,1,0,12.573,-0.846,0,0.0,0,0,1,1,0,1,0,1,0,0,0,12192.0,2,1,1,1,0,0,1,2,7.6,269.6,0,0,0,0,0,1
211900,76.935,0.0,0,0,1,0,8.749,0.0,0,0,1,0,12.483,-0.896,0,0.0,0,0,1,1,0,1,0,1,0,0,0,12192.0,2,1,1,1,0,0,1,2,7.0,268.8,0,0,0,0,0,1
212000,76.935,0.0,0,0,1,0,8.749,0.0,0,0,1,0,12.389,-0.945,0,0.0,0,0,1,1,0,1,0,1,0,0,0,12192.0,2,1,1,1,0,0,1,2,7.3,274.0,0,0,0,0,0,1
212100,76.935,0.0,0,0,1,0,8.749,0.0,0,0,1,0,12.289,-0.995,0,0.0,0,0,1,1,0,1,0,1,0,0,0,12192.0,2,1,1,1,0,0,1,2,7.6,273.7,0,0,0,0,0,1
212200,76.935,0.0,0,0,1,0,8.749,0.0,0,0,1,0,12.185,-1.045,0,0.0,0,0,1,1,0,1,0,1,0,0,0,12192.0,2,1,1,1,0,0,1,2,7.2,265.9,0,0,0,0,0,1
212300,76.935,0.0,0,0,1,0,8.749,0.0,0,0,1,0,12.075,-1.095,0,0.0,0,0,1,1,0,1,0,1,0,0,0,12192.0,2,1,1,1,0,0,1,2,8.0,271.5,0,0,0,0,0,1
212400,76.935,0.0,0,0,1,0,8.749,0.0,0,0,1,0,11.961,-1.145,0,0.0,0,0,1,1,0,1,0,1,0,0,0,12192.0,2,1,1,1,0,0,1,2,8.2,267.1,0,0,0,0,0,1
212500,76.935,0.0,0,0,1,0,8.749,0.0,0,0,1,0,11.841,-1.194,0,0.0,0,0,1,1,0,1,0,1,0,0,0,12192.0,2,1,1,1,0,0,1,2,7.3,271.1,0,0,0,0,0,1
212600,76.935,0.0,0,0,1,0,8.749,0.0,0,0,1,0,11.717,-1.244,0,0.0,0,0,1,1,0,1,0,1,0,0,0,12192.0,2,1,1,1,0,0,1,2,6.3,275.6,0,0,0,0,0,1
212700,76.935,0.0,0,0,1,0,8.749,0.0,0,0,1,0,11.59,-1.266,0,0.0,0,0,1,1,0,1,0,1,0,0,0,12192.0,2,1,1,1,0,0,1,2,8.4,268.7,0,0,0,0,0,1
212800,76.935,0.0,0,0,1,0,8.749,0.0,0,0,1,0,11.464,-1.266,0,0.0,0,0,1,1,0,1,0,1,0,0,0,12192.0,2,1,1,1,0,0,1,2,6.8,269.0,0,0,0,0,0,1
212900,76.935,0.0,0,0,1,0,8.749,0.0,0,0,1,0,11.337,-1.266,0,0.0,0,0,1,1,0,1,0,1,0,0,0,12192.0,2,1,1,1,0,0,1,2,7.7,271.1,0,0,0,0,0,1
213000,76.935,0.0,0,0,1,0,8.749,0.0,0,0,1,0,11.211,-1.266,0,0.0,0,0,1,1,0,1,0,1,0,0,0,12192.0,2,1,1,1,0,0,1,2,7.4,275.1,0,0,0,0,0,1
213100,76.935,0.0,0,0,1,0,8.749,0.0,0,0,1,0,11.084,-1.266,0,0.0,0,0,1,1,0,1,0,1,0,0,0,12192.0,2,1,1,1,0,0,1,2,7.8,273.4,0,0,0,0,0,1
213200,76.935,0.0,0,0,1,0,8.749,0.0,0,0,1,0,10.958,-1.266,0,0.0,0,0,1,1,0,1,0,1,0,0,0,12192.0,2,1,1,1,0,0,1,2,7.1,268.1,0,0,0,0,0,1
213300,76.935,0.0,0,0,1,0,8.749,0.0,0,0,1,0,10.831,-1.266,0,0.0,0,0,1,1,0,1,0,1,0,0,0,12192.0,2,1,1,1,0,0,1,2,7.3,272.1,0,0,0,0,0,1
213400,76.935,0.0,0,0,1,0,8.749,0.0,0,0,1,0,10.704,-1.266,0,0.0,0,0,1,1,0,1,0,1,0,0,0,12192.0,2,1,1,1,0,0,1,2,7.7,267.3,0,0,0,0,0,1
213500,76.935,0.0,0,0,1,0,8.749,0.0,0,0,1,0,10.578,-1.266,0,0.0,0,0,1,1,0,1,0,1,0,0,0,12192.0,2,1,1,1,0,0,1,2,6.4,270.3,0,0,0,0,0,1
213600,76.935,0.0,0,0,1,0,8.749,0.0,0,0,1,0,10.451,-1.266,0,0.0,0,0,1,1,0,1,0,1,0,0,0,12192.0,2,1,1,1,0,0,1,2,7.2,269.7,0,0,0,0,0,1
213700,76.935,0.0,0,0,1,0,8.749,0.0,0,0,1,0,10.325,-1.266,0,0.0,0,0,1,1,0,1,0,1,0,0,0,12192.0,2,1,1,1,0,0,1,2,7.4,271.2,0,0,0,0,0,1
213800,76.935,0.0,0,0,1,0,8.749,0.0,0,0,1,0,10.198,-1.266,0,0.0,0,0,1,1,0,1,0,1,0,0,0,12192.0,2,1,1,1,0,0,1,2,7.6,270.9,0,0,0,0,0,1
213900,76.935,0.0,0,0,1,0,8.749,0.0,0,0,1,0,10.071,-1.266,0,0.0,0,0,1,1,0,1,0,1,0,0,0,12192.0,2,1,1,1,0,0,1,2,7.2,269.7,0,0,0,0,0,1
214000,76.935,0.0,0,0,1,0,8.749,0.0,0,0,1,0,9.945,-1.266,0,0.0,0,0,1,1,0,1,0,1,0,0,0,12192.0,2,1,1,1,0,0,1,2,7.5,270.3,0,0,0,0,0,1
214100,76.935,0.0,0,0,1,0,8.749,0.0,0,0,1,0,9.818,-1.266,0,0.0,0,0,1,1,0,1,0,1,0,0,0,12192.0,2,1,1,1,0,0,1,2,7.4,269.0,0,0,0,0,0,1
214200,76.935,0.0,0,0,1,0,8.749,0.0,0,0,1,0,9.692,-1.266,0,0.0,0,0,1,1,0,1,0,1,0,0,0,12192.0,2,1,1,1,0,0,1,2,7.3,272.0,0,0,0,0,0,1
214300,76.935,0.0,0,0,1,0,8.749,0.0,0,0,1,0,9.565,-1.266,0,0.0,0,0,1,1,0,1,0,1,0,0,0,12192.0,2,1,1,1,0,0,1,2,7.8,269.9,0,0,0,0,0,1
214400,76.935,0.0,0,0,1,0,8.749,0.0,0,0,1,0,9.439,-1.266,0,0.0,0,0,1,1,0,1,0,1,0,0,0,12192.0,2,1,1,1,0,0,1,2,8.8,267.5,0,0,0,0,0,1
214500,76.935,0.0,0,0,1,0,8.749,0.0,0,0,1,0,9.312,-1.266,0,0.0,0,0,1,1,0,1,0,1,0,0,0,12192.0,2,1,1,1,0,0,1,2,7.0,271.9,0,0,0,0,0,1
214600,76.935,0.0,0,0,1,0,8.749,0.0,0,0,1,0,9.185,-1.266,0,0.0,0,0,1,1,0,1,0,1,0,0,0,12192.0,2,1,1,1,0,0,1,2,6.8,269.2,0,0,0,0,0,1
214700,76.935,0.0,0,0,1,0,8.749,0.0,0,0,1,0,9.059,-1.266,0,0.0,0,0,1,1,0,1,0,1,0,0,0,12192.0,2,1,1,1,0,0,1,2,7.2,272.4,0,0,0,0,0,1
214800,76.935,0.0,0,0,1,0,8.749,0.0,0,0,1,0,8.932,-1.266,0,0.0,0,0,1,1,0,1,0,1,0,0,0,12192.0,2,1,1,1,0,0,1,2,7.9,268.8,0,0,0,0,0,1
214900,76.935,0.0,0,0,1,0,8.749,0.0,0,0,1,0,8.806,-1.266,0,0.0,0,0,1,1,0,1,0,1,0,0,0,12192.0,2,1,1,1,0,0,1,2,7.9,272.7,0,0,0,0,0,1
215000,76.935,0.0,0,0,1,0,8.749,0.0,0,0,1,0,8.679,-1.266,0,0.0,0,0,1,1,0,1,0,1,0,0,0,12192.0,2,1,1,1,0,0,1,2,8.4,270.3,0,0,0,0,0,1
215100,76.935,0.0,0,0,1,0,8.749,0.0,0,0,1,0,8.552,-1.266,0,0.0,0,0,1,1,0,1,0,1,0,0,0,12192.0,2,1,1,1,0,0,1,2,8.0,270.8,0,0,0,0,0,1
215200,76.935,0.0,0,0,1,0,8.749,0.0,0,0,1,0,8.426,-1.266,0,0.0,0,0,1,1,0,1,0,1,0,0,0,12192.0,2,1,1,1,0,0,1,2,8.6,273.3,0,0,0,0,0,1
215300,76.935,0.0,0,0,1,0,8.749,0.0,0,0,1,0,8.299,-1.266,0,0.0,0,0,1,1,0,1,0,1,0,0,0,12192.0,2,1,1,1,0,0,1,2,8.2,273.5,0,0,0,0,0,1
215400,76.935,0.0,0,0,1,0,8.749,0.0,0,0,1,0,8.173,-1.266,0,0.0,0,0,1,1,0,1,0,1,0,0,0,12192.0,2,1,1,1,0,0,1,2,7.7,266.3,0,0,0,0,0,1
215500,76.935,0.0,0,0,1,0,8.749,0.0,0,0,1,0,8.046,-1.266,0,0.0,0,0,1,1,0,1,0,1,0,0,0,12192.0,2,1,1,1,0,0,1,2,8.2,269.3,0,0,0,0,0,1
215600,76.935,0.0,0,0,1,0,8.749,0.0,0,0,1,0,7.92,-1.266,0,0.0,0,0,1,1,0,1,0,1,0,0,0,12192.0,2,1,1,1,0,0,1,2,8.5,268.2,0,0,0,0,0,1
215700,76.935,0.0,0,0,1,0,8.749,0.0,0,0,1,0,7.793,-1.266,0,0.0,0,0,1,1,0,1,0,1,0,0,0,12192.0,2,1,1,1,0,0,1,2,8.1,269.5,0,0,0,0,0,1
215800,76.935,0.0,0,0,1,0,8.749,0.0,0,0,1,0,7.666,-1.266,0,0.0,0,0,1,1,0,1,0,1,0,0,0,12192.0,2,1,1,1,0,0,1,2,8.3,269.7,0,0,0,0,0,1
215900,76.935,0.0,0,0,1,0,8.749,0.0,0,0,1,0,7.54,-1.266,0,0.0,0,0,1,1,0,1,0,1,0,0,0,12192.0,2,1,1,1,0,0,1,2,8.3,268.6,0,0,0,0,0,1
216000,76.935,0.0,0,0,1,0,8.749,0.0,0,0,1,0,7.413,-1.266,0,0.0,0,0,1,1,0,1,0,1,0,0,0,12192.0,2,1,1,1,0,0,1,2,8.2,269.7,0,0,0,0,0,1
216100,76.935,0.0,0,0,1,0,8.749,0.0,0,0,1,0,7.287,-1.266,0,0.0,0,0,1,1,0,1,0,1,0,0,0,12192.0,2,1,1,1,0,0,1,2,7.9,268.9,0,0,0,0,0,1
216200,76.935,0.0,0,0,1,0,8.749,0.0,0,0,1,0,7.16,-1.266,0,0.0,0,0,1,1,0,1,0,1,0,0,0,12192.0,2,1,1,1,0,0,1,2,8.2,271.7,0,0,0,0,0,1
216300,76.935,0.0,0,0,1,0,8.749,0.0,0,0,1,0,7.033,-1.266,0,0.0,0,0,1,1,0,1,0,1,0,0,0,12192.0,2,1,1,1,0,0,1,2,8.0,268.0,0,0,0,0,0,1
216400,76.935,0.0,0,0,1,0,8.749,0.0,0,0,1,0,6.907,-1.266,0,0.0,0,0,1,1,0,1,0,1,0,0,0,12192.0,2,1,1,1,0,0,1,2,7.8,264.9,0,0,0,0,0,1
216500,76.935,0.0,0,0,1,0,8.749,0.0,0,0,1,0,6.78,-1.266,0,0.0,0,0,1,1,0,1,0,1,0,0,0,12192.0,2,1,1,1,0,0,1,2,8.3,269.3,0,0,0,0,0,1
216600,76.935,0.0,0,0,1,0,8.749,0.0,0,0,1,0,6.654,-1.266,0,0.0,0,0,1,1,0,1,0,1,0,0,0,12192.0,2,1,1,1,0,0,1,2,7.7,269.7,0,0,0,0,0,1
216700,76.935,0.0,0,0,1,0,8.749,0.0,0,0,1,0,6.527,-1.266,0,0.0,0,0,1,1,0,1,0,1,0,0,0,12192.0,2,1,1,1,0,0,1,2,9.3,271.9,0,0,0,0,0,1
216800,76.935,0.0,0,0,1,0,8.749,0.0,0,0,1,0,6.401,-1.266,0,0.0,0,0,1,1,0,1,0,1,0,0,0,12192.0,2,1,1,1,0,0,1,2,8.8,272.7,0,0,0,0,0,1
216900,76.935,0.0,0,0,1,0,8.749,0.0,0,0,1,0,6.274,-1.266,0,0.0,0,0,1,1,0,1,0,1,0,0,0,12192.0,2,1,1,1,0,0,1,2,8.6,267.4,0,0,0,0,0,1
217000,76.935,0.0,0,0,1,0,8.749,0.0,0,0,1,0,6.147,-1.266,0,0.0,0,0,1,1,0,1,0,1,0,0,0,12192.0,2,1,1,1,0,0,1,2,8.1,269.0,0,0,0,0,0,1
217100,76.935,0.0,0,0,1,0,8.749,0.0,0,0,1,0,6.021,-1.266,0,0.0,0,0,1,1,0,1,0,1,0,0,0,12192.0,2,1,1,1,0,0,1,2,8.4,268.0,0,0,0,0,0,1
217200,76.935,0.0,0,0,1,0,8.749,0.0,0,0,1,0,5.894,-1.266,0,0.0,0,0,1,1,0,1,0,1,0,0,0,12192.0,2,1,1,1,0,0,1,2,8.2,272.1,0,0,0,0,0,1
217300,76.935,0.0,0,0,1,0,8.749,0.0,0,0,1,0,5.768,-1.266,0,0.0,0,0,1,1,0,1,0,1,0,0,0,12192.0,2,1,1,1,0,0,1,2,9.7,270.2,0,0,0,0,0,1
217400,76.935,0.0,0,0,1,0,8.749,0.0,0,0,1,0,5.641,-1.266,0,0.0,0,0,1,1,0,1,0,1,0,0,0,12192.0,2,1,1,1,0,0,1,2,9.3,267.7,0,0,0,0,0,1
217500,76.935,0.0,0,0,1,0,8.749,0.0,0,0,1,0,5.514,-1.266,0,0.0,0,0,1,1,0,1,0,1,0,0,0,12192.0,2,1,1,1,0,0,1,2,8.7,271.0,0,0,0,0,0,1
217600,76.935,0.0,0,0,1,0,8.749,0.0,0,0,1,0,5.388,-1.266,0,0.0,0,0,1,1,0,1,0,1,0,0,0,12192.0,2,1,1,1,0,0,1,2,8.5,265.6,0,0,0,0,0,1
217700,76.935,0.0,0,0,1,0,8.749,0.0,0,0,1,0,5.261,-1.266,0,0.0,0,0,1,1,0,1,0,1,0,0,0,12192.0,2,1,1,1,0,0,1,2,9.2,267.9,0,0,0,0,0,1
217800,76.935,0.0,0,0,1,0,8.749,0.0,0,0,1,0,5.135,-1.266,0,0.0,0,0,1,1,0,1,0,1,0,0,0,12192.0,2,1,1,1,0,0,1,2,9.3,272.1,0,0,0,0,0,1
217900,76.935,0.0,0,0,1,0,8.749,0.0,0,0,1,0,5.008,-1.266,0,0.0,0,0,1,1,0,1,0,1,0,0,0,12192.0,2,1,1,1,0,0,1,2,8.7,269.7,0,0,0,0,0,1
218000,76.935,0.0,0,0,1,0,8.749,0.0,0,0,1,0,4.882,-1.266,0,0.0,0,0,1,1,0,1,0,1,0,0,0,12192.0,2,1,1,1,0,0,1,2,8.9,272.5,0,0,0,0,0,1
218100,76.935,0.0,0,0,1,0,8.749,0.0,0,0,1,0,4.755,-1.266,0,0.0,0,0,1,1,0,1,0,1,0,0,0,12192.0,2,1,1,1,0,0,1,2,7.7,274.7,0,0,0,0,0,1
218200,76.935,0.0,0,0,1,0,8.749,0.0,0,0,1,0,4.628,-1.266,0,0.0,0,0,1,1,0,1,0,1,0,0,0,12192.0,2,1,1,1,0,0,1,2,8.0,267.4,0,0,0,0,0,1
218300,76.935,0.0,0,0,1,0,8.749,0.0,0,0,1,0,4.502,-1.266,0,0.0,0,0,1,1,0,1,0,1,0,0,0,12192.0,2,1,1,1,0,0,1,2,8.7,265.8,0,0,0,0,0,1
218400,76.935,0.0,0,0,1,0,8.749,0.0,0,0,1,0,4.375,-1.266,0,0.0,0,0,1,1,0,1,0,1,0,0,0,12192.0,2,1,1,1,0,0,1,2,8.5,266.1,0,0,0,0,0,1
218500,76.935,0.0,0,0,1,0,8.749,0.0,0,0,1,0,4.249,-1.266,0,0.0,0,0,1,1,0,1,0,1,0,0,0,12192.0,2,1,1,1,0,0,1,2,8.5,266.6,0,0,0,0,0,1
218600,76.935,0.0,0,0,1,0,8.749,0.0,0,0,1,0,4.127,-1.216,0,0.0,0,0,1,1,0,1,0,1,0,0,0,12192.0,2,1,1,1,0,0,1,2,8.6,271.9,0,0,0,0,0,1
218700,76.935,0.0,0,0,1,0,8.749,0.0,0,0,1,0,4.01,-1.166,0,0.0,0,0,1,1,0,1,0,1,0,0,0,12192.0,2,1,1,1,0,0,1,2,8.5,268.9,0,0,0,0,0,1
218800,76.935,0.0,0,0,1,0,8.749,0.0,0,0,1,0,3.899,-1.117,0,0.0,0,0,1,1,0,1,0,1,0,0,0,12192.0,2,1,1,1,0,0,1,2,7.9,270.6,0,0,0,0,0,1
218900,76.935,0.0,0,0,1,0,8.749,0.0,0,0,1,0,3.792,-1.067,0,0.0,0,0,1,1,0,1,0,1,0,0,0,12192.0,2,1,1,1,0,0,1,2,8.8,270.7,0,0,0,0,0,1
219000,76.935,0.0,0,0,1,0,8.749,0.0,0,0,1,0,3.69,-1.017,0,0.0,0,0,1,1,0,1,0,1,0,0,0,12192.0,2,1,1,1,0,0,1,2,8.2,272.2,0,0,0,0,0,1
219100,76.935,0.0,0,0,1,0,8.749,0.0,0,0,1,0,3.594,-0.967,0,0.0,0,0,1,1,0,1,0,1,0,0,0,12192.0,2,1,1,1,0,0,1,2,8.2,272.7,0,0,0,0,0,1
219200,76.935,0.0,0,0,1,0,8.749,0.0,0,0,1,0,3.502,-0.917,0,0.0,0,0,1,1,0,1,0,1,0,0,0,12192.0,2,1,1,1,0,0,1,2,8.4,268.5,0,0,0,0,0,1
219300,76.935,0.0,0,0,1,0,8.749,0.0,0,0,1,0,3.415,-0.868,0,0.0,0,0,1,1,0,1,0,1,0,0,0,12192.0,2,1,1,1,0,0,1,2,8.0,263.5,0,0,0,0,0,1
219400,76.935,0.0,0,0,1,0,8.749,0.0,0,0,1,0,3.333,-0.818,0,0.0,0,0,1,1,0,1,0,1,0,0,0,12192.0,2,1,1,1,0,0,1,2,8.7,271.7,0,0,0,0,0,1
219500,76.935,0.0,0,0,1,0,8.749,0.0,0,0,1,0,3.257,-0.768,0,0.0,0,0,1,1,0,1,0,1,0,0,0,12192.0,2,1,1,1,0,0,1,2,8.2,268.9,0,0,0,0,0,1
219600,76.935,0.0,0,0,1,0,8.749,0.0,0,0,1,0,3.185,-0.718,0,0.0,0,0,1,1,0,1,0,1,0,0,0,12192.0,2,1,1,1,0,0,1,2,8.5,270.5,0,0,0,0,0,1
219700,76.935,0.0,0,0,1,0,8.749,0.0,0,0,1,0,3.118,-0.669,0,0.0,0,0,1,1,0,1,0,1,0,0,0,12192.0,2,1,1,1,0,0,1,2,8.1,270.5,0,0,0,0,0,1
219800,76.935,0.0,0,0,1,0,8.749,0.0,0,0,1,0,3.056,-0.619,0,0.0,0,0,1,1,0,1,0,1,0,0,0,12192.0,2,1,1,1,0,0,1,2,8.5,272.1,0,0,0,0,0,1
219900,76.935,0.0,0,0,1,0,8.749,0.0,0,0,1,0,2.999,-0.569,0,0.0,0,0,1,1,0,1,0,1,0,0,0,12192.0,2,1,1,1,0,0,1,2,8.0,265.4,0,0,0,0,0,1
220000,76.935,0.0,0,0,1,0,8.749,0.0,0,0,1,0,2.947,-0.519,0,0.0,0,0,1,1,0,1,0,1,0,0,0,12192.0,2,1,1,1,0,0,1,2,7.5,269.6,0,0,0,0,0,1
220100,76.935,0.0,0,0,1,0,8.749,0.0,0,0,1,0,2.895,-0.521,0,0.0,0,0,1,1,0,1,0,1,0,0,0,12192.0,2,1,1,1,0,0,1,2,7.9,268.9,0,0,0,0,0,1
220200,76.935,0.0,0,0,1,0,8.749,0.0,0,0,1,0,2.848,-0.468,0,0.0,0,0,1,1,0,1,0,1,0,0,0,12192.0,2,1,1,1,0,0,1,2,8.3,271.8,0,0,0,0,0,1
220300,76.935,0.0,0,0,1,0,8.749,0.0,0,0,1,0,2.807,-0.415,0,0.0,0,0,1,1,0,1,0,1,0,0,0,12192.0,2,1,1,1,0,0,1,2,7.5,268.1,0,0,0,0,0,1
220400,76.935,0.0,0,0,1,0,8.749,0.0,0,0,1,0,2.77,-0.362,0,0.0,0,0,1,1,0,1,0,1,0,0,0,12192.0,2,1,1,1,0,0,1,2,7.7,270.5,0,0,0,0,0,1
220500,76.935,0.0,0,0,1,0,8.749,0.0,0,0,1,0,2.74,-0.309,0,0.0,0,0,1,1,0,1,0,1,0,0,0,12192.0,2,1,1,1,0,0,1,2,7.4,275.3,0,0,0,0,0,1
220600,76.935,0.0,0,0,1,0,8.749,0.0,0,0,1,0,2.714,-0.254,0,0.0,0,0,1,1,0,1,0,1,0,0,0,12192.0,2,1,1,1,0,0,1,2,7.4,269.9,0,0,0,0,0,1
220700,76.935,0.0,0,0,1,0,8.749,0.0,0,0,1,0,2.694,-0.198,0,0.0,0,0,1,1,0,1,0,1,0,0,0,12192.0,2,1,1,1,0,0,1,2,7.4,272.6,0,0,0,0,0,1
220800,76.935,0.0,0,0,1,0,8.749,0.0,0,0,1,0,2.68,-0.14,0,0.0,0,0,1,1,0,1,0,1,0,0,0,12192.0,2,1,1,1,0,0,1,2,8.0,270.7,0,0,0,0,0,1
220900,76.935,0.0,0,0,1,0,8.749,0.0,0,0,1,0,2.673,-0.075,0,0.0,0,0,1,1,0,1,0,1,0,0,0,12192.0,2,1,1,1,0,0,1,2,8.3,270.7,0,0,0,0,0,1
221000,76.935,0.0,0,0,0,0,8.749,0.0,0,0,0,0,2.67,0.0,0,0.0,0,0,0,0,0,1,0,1,0,0,0,12192.0,2,1,1,0,1,0,1,2,6.8,264.2,0,0,0,0,0,1
221100,76.935,0.0,0,0,0,0,8.749,0.0,0,0,0,0,2.67,0.0,0,0.0,0,0,0,0,0,1,0,1,1,1,0,12192.0,2,1,1,0,1,0,1,2,7.8,268.8,0,0,0,0,0,1
221200,76.935,0.0,0,0,0,0,8.749,0.0,0,0,0,0,2.67,0.0,0,0.0,0,0,0,0,0,1,0,1,1,1,0,12192.0,2,1,1,0,1,0,1,2,7.5,271.8,0,0,0,0,0,1
221300,76.935,0.0,0,0,0,0,8.749,0.0,0,0,0,0,2.67,0.0,0,0.0,0,0,0,0,0,1,0,1,1,1,0,12192.0,2,1,1,0,1,0,1,2,7.3,270.5,0,0,0,0,0,1
221400,76.935,0.0,0,0,0,0,8.749,0.0,0,0,0,0,2.67,0.0,0,0.0,0,0,0,0,0,1,0,1,1,1,0,12192.0,2,1,1,0,1,0,1,2,7.2,269.6,0,0,0,0,0,1
221500,76.935,0.0,0,0,0,0,8.749,0.0,0,0,0,0,2.67,0.0,0,0.0,0,0,0,0,0,1,0,1,1,1,0,12192.0,2,1,1,0,1,0,1,2,8.1,267.6,0,0,0,0,0,1
221600,76.935,0.0,0,0,0,0,8.749,0.0,0,0,0,0,2.67,0.0,0,0.0,0,0,0,0,0,1,0,1,1,1,0,12192.0,2,1,1,0,1,0,1,2,7.2,270.0,0,0,0,0,0,1
221700,76.935,0.0,0,0,0,0,8.749,0.0,0,0,0,0,2.67,0.0,0,0.0,0,0,0,0,0,1,0,1,1,1,0,12192.0,2,1,1,0,1,0,1,2,7.2,274.3,0,0,0,0,0,1
221800,76.935,0.0,0,0,0,0,8.749,0.0,0,0,0,0,2.67,0.0,0,0.0,0,0,0,0,0,1,0,1,1,1,0,12192.0,2,1,1,0,1,0,1,2,7.3,270.2,0,0,0,0,0,1
221900,76.935,0.0,0,0,0,0,8.749,0.0,0,0,0,0,2.67,0.0,0,0.0,0,0,0,0,0,1,0,1,1,1,0,12192.0,2,1,1,0,1,0,1,2,6.6,269.3,0,0,0,0,0,1
222000,76.935,0.0,0,0,0,0,8.749,0.0,0,0,0,0,2.67,0.0,0,0.0,0,0,0,0,0,1,0,1,1,1,0,12192.0,2,1,1,0,1,0,1,2,7.4,272.9,0,0,0,0,0,1
222100,76.935,0.0,0,0,0,0,8.749,0.0,0,0,0,0,2.67,0.0,0,0.0,0,0,0,0,0,1,0,1,1,1,0,12192.0,2,1,1,0,1,0,1,2,7.0,267.2,0,0,0,0,0,1
222200,76.935,0.0,0,0,0,0,8.749,0.0,0,0,0,0,2.67,0.0,0,0.0,0,0,0,0,0,1,0,1,1,1,0,12192.0,2,1,1,0,1,0,1,2,7.8,272.7,0,0,0,0,0,1
222300,76.935,0.0,0,0,0,0,8.749,0.0,0,0,0,0,2.67,0.0,0,31.91,0,0,0,0,0,1,1,0,1,1,0,12192.0,2,1,1,0,1,0,1,2,8.0,265.0,0,0,0,0,0,1
222400,76.935,0.0,0,0,0,0,8.749,0.0,0,0,0,0,2.67,0.0,0,31.65,0,0,0,0,0,1,1,0,1,1,0,12192.0,2,1,1,0,1,0,1,2,7.6,271.4,0,0,0,0,0,1
222500,76.935,0.0,0,0,0,0,8.749,0.0,0,0,0,0,2.67,0.0,0,32.1,0,0,0,0,0,1,1,0,1,1,0,12192.0,2,1,1,0,1,0,1,2,7.4,273.9,0,0,0,0,0,1
222600,76.935,0.0,0,0,0,0,8.749,0.0,0,0,0,0,2.67,0.0,0,31.98,0,0,0,0,0,1,1,0,1,1,0,12192.0,2,1,1,0,1,0,1,2,7.8,270.0,0,0,0,0,0,1
222700,76.935,0.0,0,0,0,0,8.749,0.0,0,0,0,0,2.67,0.0,0,32.01,0,0,0,0,0,1,1,0,1,1,0,12192.0,2,1,1,0,1,0,1,2,7.8,269.0,0,0,0,0,0,1
222800,76.935,0.0,0,0,0,0,8.749,0.0,0,0,0,0,2.67,0.0,0,31.75,0,0,0,0,0,1,1,0,1,1,0,12192.0,2,1,1,0,1,0,1,2,7.9,273.0,0,0,0,0,0,1
222900,76.935,0.0,0,0,0,0,8.749,0.0,0,0,0,0,2.67,0.0,0,32.11,0,0,0,0,0,1,1,0,1,1,0,12192.0,2,1,1,0,1,0,1,2,7.7,270.1,0,0,0,0,0,1
223000,76.935,0.0,0,0,0,0,8.749,0.0,0,0,0,0,2.67,0.0,0,32.03,0,0,0,0,0,1,1,0,1,1,0,12192.0,2,1,1,0,1,0,1,2,7.2,272.7,0,0,0,0,0,1
223100,76.935,0.0,0,0,0,0,8.749,0.0,0,0,0,0,2.67,0.0,0,31.87,0,0,0,0,0,1,1,0,1,1,0,12192.0,2,1,1,0,1,0,1,2,7.7,269.9,0,0,0,0,0,1
223200,76.935,0.0,0,0,0,0,8.749,0.0,0,0,0,0,2.67,0.0,0,31.93,0,0,0,0,0,1,1,0,1,1,0,12192.0,2,1,1,0,1,0,1,2,7.3,270.2,0,0,0,0,0,1
223300,76.935,0.0,0,0,0,0,8.749,0.0,0,0,0,0,2.67,0.0,0,32.07,0,0,0,0,0,1,1,0,1,1,0,12192.0,2,1,1,0,1,0,1,2,7.7,267.6,0,0,0,0,0,1
223400,76.935,0.0,0,0,0,0,8.749,0.0,0,0,0,0,2.67,0.0,0,31.8,0,0,0,0,0,1,1,0,1,1,0,12192.0,2,1,1,0,1,0,1,2,7.5,269.6,0,0,0,0,0,1
223500,76.935,0.0,0,0,0,0,8.749,0.0,0,0,0,0,2.67,0.0,0,31.87,0,0,0,0,0,1,1,0,1,1,0,12192.0,2,1,1,0,1,0,1,2,7.7,272.0,0,0,0,0,0,1
223600,76.935,0.0,0,0,0,0,8.749,0.0,0,0,0,0,2.67,0.0,0,31.96,0,0,0,0,0,1,1,0,1,1,0,12192.0,2,1,1,0,1,0,1,2,8.1,270.1,0,0,0,0,0,1
223700,76.935,0.0,0,0,0,0,8.749,0.0,0,0,0,0,2.67,0.0,0,32.02,0,0,0,0,0,1,1,0,1,1,0,12192.0,2,1,1,0,1,0,1,2,7.1,268.9,0,0,0,0,0,1
223800,76.935,0.0,0,0,0,0,8.749,0.0,0,0,0,0,2.67,0.0,0,32.11,0,0,0,0,0,1,1,0,1,1,0,12192.0,2,1,1,0,1,0,1,2,8.6,273.4,0,0,0,0,0,1
223900,76.935,0.0,0,0,0,0,8.749,0.0,0,0,0,0,2.67,0.0,0,32.05,0,0,0,0,0,1,1,0,1,1,0,12192.0,2,1,1,0,1,0,1,2,7.8,272.5,0,0,0,0,0,1
224000,76.935,0.0,0,0,1,0,8.749,0.0,0,0,1,0,2.675,0.05,1,33.62,0,0,1,1,0,1,1,0,0,1,0,12192.0,2,1,1,1,0,0,1,2,7.7,269.9,0,0,0,0,0,1
224100,76.935,0.0,0,0,1,0,8.749,0.0,0,0,1,0,2.685,0.1,1,33.55,0,0,1,1,0,1,1,0,0,1,0,12192.0,2,1,1,1,0,0,1,2,7.5,271.4,0,0,0,0,0,1
224200,76.935,0.0,0,0,1,0,8.749,0.0,0,0,1,0,2.7,0.149,1,33.65,0,0,1,1,0,1,1,0,0,1,0,12192.0,2,1,1,1,0,0,1,2,7.3,270.7,0,0,0,0,0,1
224300,76.935,0.0,0,0,1,0,8.749,0.0,0,0,1,0,2.72,0.199,1,33.66,0,0,1,1,0,1,1,0,0,1,0,12192.0,2,1,1,1,0,0,1,2,7.4,271.0,0,0,0,0,0,1
224400,76.935,0.0,0,0,1,0,8.749,0.0,0,0,1,0,2.745,0.249,1,33.37,0,0,1,1,0,1,1,0,0,1,0,12192.0,2,1,1,1,0,0,1,2,7.7,268.4,0,0,0,0,0,1
224500,76.935,0.0,0,0,1,0,8.749,0.0,0,0,1,0,2.775,0.299,1,33.62,0,0,1,1,0,1,1,0,0,1,0,12192.0,2,1,1,1,0,0,1,2,6.8,272.9,0,0,0,0,0,1
224600,76.935,0.0,0,0,1,0,8.749,0.0,0,0,1,0,2.81,0.348,1,33.58,0,0,1,1,0,1,1,0,0,1,0,12192.0,2,1,1,1,0,0,1,2,7.0,270.4,0,0,0,0,0,1
224700,76.935,0.0,0,0,1,0,8.749,0.0,0,0,1,0,2.85,0.398,1,33.58,0,0,1,1,0,1,1,0,0,1,0,12192.0,2,1,1,1,0,0,1,2,8.2,271.1,0,0,0,0,0,1
224800,76.935,0.0,0,0,1,0,8.749,0.0,0,0,1,0,2.894,0.448,1,33.66,0,0,1,1,0,1,1,0,0,1,0,12192.0,2,1,1,1,0,0,1,2,8.0,268.9,0,0,0,0,0,1
224900,76.935,0.0,0,0,1,0,8.749,0.0,0,0,1,0,2.944,0.498,1,33.62,0,0,1,1,0,1,1,0,0,1,0,12192.0,2,1,1,1,0,0,1,2,8.6,268.1,0,0,0,0,0,1
225000,76.935,0.0,0,0,1,0,8.749,0.0,0,0,1,0,2.999,0.547,1,33.55,0,0,1,1,0,1,1,0,0,1,0,12192.0,2,1,1,1,0,0,1,2,8.0,270.6,0,0,0,0,0,1
225100,76.935,0.0,0,0,1,0,8.749,0.0,0,0,1,0,3.059,0.597,1,33.7,0,0,1,1,0,1,1,0,0,1,0,12192.0,2,1,1,1,0,0,1,2,8.4,265.5,0,0,0,0,0,1
225200,76.935,0.0,0,0,1,0,8.749,0.0,0,0,1,0,3.123,0.647,1,33.69,0,0,1,1,0,1,1,0,0,1,0,12192.0,2,1,1,1,0,0,1,2,8.7,267.1,0,0,0,0,0,1
225300,76.935,0.0,0,0,1,0,8.749,0.0,0,0,1,0,3.193,0.697,1,33.52,0,0,1,1,0,1,1,0,0,1,0,12192.0,2,1,1,1,0,0,1,2,8.0,270.6,0,0,0,0,0,1
225400,76.935,0.0,0,0,1,0,8.749,0.0,0,0,1,0,3.268,0.746,1,33.55,0,0,1,1,0,1,1,0,0,1,0,12192.0,2,1,1,1,0,0,1,2,7.8,269.1,0,0,0,0,0,1
225500,76.935,0.0,0,0,1,0,8.749,0.0,0,0,1,0,3.347,0.796,1,33.59,0,0,1,1,0,1,1,0,0,1,0,12192.0,2,1,1,1,0,0,1,2,8.0,268.0,0,0,0,0,0,1
225600,76.935,0.0,0,0,1,0,8.749,0.0,0,0,1,0,3.432,0.846,1,33.5,0,0,1,1,0,1,1,0,0,1,0,12192.0,2,1,1,1,0,0,1,2,8.1,269.0,0,0,0,0,0,1
225700,76.935,0.0,0,0,1,0,8.749,0.0,0,0,1,0,3.521,0.896,1,33.69,0,0,1,1,0,1,1,0,0,1,0,12192.0,2,1,1,1,0,0,1,2,8.8,272.1,0,0,0,0,0,1
225800,76.935,0.0,0,0,1,0,8.749,0.0,0,0,1,0,3.616,0.945,1,33.75,0,0,1,1,0,1,1,0,0,1,0,12192.0,2,1,1,1,0,0,1,2,8.5,269.3,0,0,0,0,0,1
225900,76.935,0.0,0,0,1,0,8.749,0.0,0,0,1,0,3.715,0.995,1,33.41,0,0,1,1,0,1,1,0,0,1,0,12192.0,2,1,1,1,0,0,1,2,8.5,263.4,0,0,0,0,0,1
226000,76.935,0.0,0,0,1,0,8.749,0.0,0,0,1,0,3.82,1.045,1,33.66,0,0,1,1,0,1,1,0,0,1,0,12192.0,2,1,1,1,0,0,1,2,8.5,271.9,0,0,0,0,0,1
226100,76.935,0.0,0,0,1,0,8.749,0.0,0,0,1,0,3.929,1.095,1,33.75,0,0,1,1,0,1,1,0,0,1,0,12192.0,2,1,1,1,0,0,1,2,8.3,269.9,0,0,0,0,0,1
226200,76.935,0.0,0,0,1,0,8.749,0.0,0,0,1,0,4.044,1.145,1,33.64,0,0,1,1,0,1,1,0,0,1,0,12192.0,2,1,1,1,0,0,1,2,8.2,268.6,0,0,0,0,0,1
226300,76.935,0.0,0,0,1,0,8.749,0.0,0,0,1,0,4.163,1.194,1,33.47,0,0,1,1,0,1,1,0,0,1,0,12192.0,2,1,1,1,0,0,1,2,8.6,268.6,0,0,0,0,0,1
226400,76.935,0.0,0,0,1,0,8.749,0.0,0,0,1,0,4.288,1.244,1,33.77,0,0,1,1,0,1,1,0,0,1,0,12192.0,2,1,1,1,0,0,1,2,8.4,272.1,0,0,0,0,0,1
226500,76.935,0.0,0,0,1,0,8.749,0.0,0,0,1,0,4.414,1.266,1,33.52,0,0,1,1,0,1,1,0,0,1,0,12192.0,2,1,1,1,0,0,1,2,8.5,271.5,0,0,0,0,0,1
226600,76.935,0.0,0,0,1,0,8.749,0.0,0,0,1,0,4.541,1.266,1,33.82,0,0,1,1,0,1,1,0,0,1,0,12192.0,2,1,1,1,0,0,1,2,8.5,273.3,0,0,0,0,0,1
226700,76.935,0.0,0,0,1,0,8.749,0.0,0,0,1,0,4.667,1.266,1,33.6,0,0,1,1,0,1,1,0,0,1,0,12192.0,2,1,1,1,0,0,1,2,8.1,269.9,0,0,0,0,0,1
226800,76.935,0.0,0,0,1,0,8.749,0.0,0,0,1,0,4.794,1.266,1,33.61,0,0,1,1,0,1,1,0,0,1,0,12192.0,2,1,1,1,0,0,1,2,9.0,269.8,0,0,0,0,0,1
226900,76.935,0.0,0,0,1,0,8.749,0.0,0,0,1,0,4.921,1.266,1,33.57,0,0,1,1,0,1,1,0,0,1,0,12192.0,2,1,1,1,0,0,1,2,8.2,274.3,0,0,0,0,0,1
227000,76.935,0.0,0,0,1,0,8.749,0.0,0,0,1,0,5.047,1.266,1,33.7,0,0,1,1,0,1,1,0,0,1,0,12192.0,2,1,1,1,0,0,1,2,8.8,265.5,0,0,0,0,0,1
227100,76.935,0.0,0,0,1,0,8.749,0.0,0,0,1,0,5.174,1.266,1,33.58,0,0,1,1,0,1,1,0,0,1,0,12192.0,2,1,1,1,0,0,1,2,8.5,265.7,0,0,0,0,0,1
227200,76.935,0.0,0,0,1,0,8.749,0.0,0,0,1,0,5.3,1.266,1,33.64,0,0,1,1,0,1,1,0,0,1,0,12192.0,2,1,1,1,0,0,1,2,8.7,270.8,0,0,0,0,0,1
227300,76.935,0.0,0,0,1,0,8.749,0.0,0,0,1,0,5.427,1.266,1,33.61,0,0,1,1,0,1,1,0,0,1,0,12192.0,2,1,1,1,0,0,1,2,8.7,269.5,0,0,0,0,0,1
227400,76.935,0.0,0,0,1,0,8.749,0.0,0,0,1,0,5.553,1.266,1,33.55,0,0,1,1,0,1,1,0,0,1,0,12192.0,2,1,1,1,0,0,1,2,8.3,270.0,0,0,0,0,0,1
227500,76.935,0.0,0,0,1,0,8.749,0.0,0,0,1,0,5.68,1.266,1,33.51,0,0,1,1,0,1,1,0,0,1,0,12192.0,2,1,1,1,0,0,1,2,8.6,268.9,0,0,0,0,0,1
227600,76.935,0.0,0,0,1,0,8.749,0.0,0,0,1,0,5.807,1.266,1,33.56,0,0,1,1,0,1,1,0,0,1,0,12192.0,2,1,1,1,0,0,1,2,8.0,265.1,0,0,0,0,0,1
227700,76.935,0.0,0,0,1,0,8.749,0.0,0,0,1,0,5.933,1.266,1,33.7,0,0,1,1,0,1,1,0,0,1,0,12192.0,2,1,1,1,0,0,1,2,8.9,269.3,0,0,0,0,0,1
227800,76.935,0.0,0,0,1,0,8.749,0.0,0,0,1,0,6.06,1.266,1,33.59,0,0,1,1,0,1,1,0,0,1,0,12192.0,2,1,1,1,0,0,1,2,8.6,273.4,0,0,0,0,0,1
227900,76.935,0.0,0,0,1,0,8.749,0.0,0,0,1,0,6.186,1.266,1,33.52,0,0,1,1,0,1,1,0,0,1,0,12192.0,2,1,1,1,0,0,1,2,9.0,266.4,0,0,0,0,0,1
228000,76.935,0.0,0,0,1,0,8.749,0.0,0,0,1,0,6.313,1.266,1,33.59,0,0,1,1,0,1,1,0,0,1,0,12192.0,2,1,1,1,0,0,1,2,8.2,267.1,0,0,0,0,0,1
228100,76.935,0.0,0,0,1,0,8.749,0.0,0,0,1,0,6.44,1.266,1,33.59,0,0,1,1,0,1,1,0,0,1,0,12192.0,2,1,1,1,0,0,1,2,8.4,270.4,0,0,0,0,0,1
228200,76.935,0.0,0,0,1,0,8.749,0.0,0,0,1,0,6.566,1.266,1,33.49,0,0,1,1,0,1,1,0,0,1,0,12192.0,2,1,1,1,0,0,1,2,7.5,269.4,0,0,0,0,0,1
228300,76.935,0.0,0,0,1,0,8.749,0.0,0,0,1,0,6.693,1.266,1,33.65,0,0,1,1,0,1,1,0,0,1,0,12192.0,2,1,1,1,0,0,1,2,8.9,270.1,0,0,0,0,0,1
228400,76.935,0.0,0,0,1,0,8.749,0.0,0,0,1,0,6.819,1.266,1,33.34,0,0,1,1,0,1,1,0,0,1,0,12192.0,2,1,1,1,0,0,1,2,7.9,268.5,0,0,0,0,0,1
228500,76.935,0.0,0,0,1,0,8.749,0.0,0,0,1,0,6.946,1.266,1,33.49,0,0,1,1,0,1,1,0,0,1,0,12192.0,2,1,1,1,0,0,1,2,8.7,274.0,0,0,0,0,0,1
228600,76.935,0.0,0,0,1,0,8.749,0.0,0,0,1,0,7.072,1.266,1,33.63,0,0,1,1,0,1,1,0,0,1,0,12192.0,2,1,1,1,0,0,1,2,8.3,271.1,0,0,0,0,0,1
228700,76.935,0.0,0,0,1,0,8.749,0.0,0,0,1,0,7.199,1.266,1,33.83,0,0,1,1,0,1,1,0,0,1,0,12192.0,2,1,1,1,0,0,1,2,7.8,265.9,0,0,0,0,0,1
228800,76.935,0.0,0,0,1,0,8.749,0.0,0,0,1,0,7.326,1.266,1,33.6,0,0,1,1,0,1,1,0,0,1,0,12192.0,2,1,1,1,0,0,1,2,8.4,268.2,0,0,0,0,0,1
228900,76.935,0.0,0,0,1,0,8.749,0.0,0,0,1,0,7.452,1.266,1,33.75,0,0,1,1,0,1,1,0,0,1,0,12192.0,2,1,1,1,0,0,1,2,8.3,269.6,0,0,0,0,0,1
229000,76.935,0.0,0,0,1,0,8.749,0.0,0,0,1,0,7.579,1.266,1,33.76,0,0,1,1,0,1,1,0,0,1,0,12192.0,2,1,1,1,0,0,1,2,8.2,265.6,0,0,0,0,0,1
229100,76.935,0.0,0,0,1,0,8.749,0.0,0,0,1,0,7.705,1.266,1,33.69,0,0,1,1,0,1,1,0,0,1,0,12192.0,2,1,1,1,0,0,1,2,8.1,272.7,0,0,0,0,0,1
229200,76.935,0.0,0,0,1,0,8.749,0.0,0,0,1,0,7.832,1.266,1,33.55,0,0,1,1,0,1,1,0,0,1,0,12192.0,2,1,1,1,0,0,1,2,7.9,270.3,0,0,0,0,0,1
229300,76.935,0.0,0,0,1,0,8.749,0.0,0,0,1,0,7.959,1.266,1,33.74,0,0,1,1,0,1,1,0,0,1,0,12192.0,2,1,1,1,0,0,1,2,8.2,269.7,0,0,0,0,0,1
229400,76.935,0.0,0,0,1,0,8.749,0.0,0,0,1,0,8.085,1.266,1,33.59,0,0,1,1,0,1,1,0,0,1,0,12192.0,2,1,1,1,0,0,1,2,7.7,275.2,0,0,0,0,0,1
229500,76.935,0.0,0,0,1,0,8.749,0.0,0,0,1,0,8.212,1.266,1,33.77,0,0,1,1,0,1,1,0,0,1,0,12192.0,2,1,1,1,0,0,1,2,9.1,272.6,0,0,0,0,0,1
229600,76.935,0.0,0,0,1,0,8.749,0.0,0,0,1,0,8.338,1.266,1,33.72,0,0,1,1,0,1,1,0,0,1,0,12192.0,2,1,1,1,0,0,1,2,7.9,269.7,0,0,0,0,0,1
229700,76.935,0.0,0,0,1,0,8.749,0.0,0,0,1,0,8.465,1.266,1,33.33,0,0,1,1,0,1,1,0,0,1,0,12192.0,2,1,1,1,0,0,1,2,7.6,268.9,0,0,0,0,0,1
229800,76.935,0.0,0,0,1,0,8.749,0.0,0,0,1,0,8.591,1.266,1,33.61,0,0,1,1,0,1,1,0,0,1,0,12192.0,2,1,1,1,0,0,1,2,6.5,271.6,0,0,0,0,0,1
229900,76.935,0.0,0,0,1,0,8.749,0.0,0,0,1,0,8.718,1.266,1,33.88,0,0,1,1,0,1,1,0,0,1,0,12192.0,2,1,1,1,0,0,1,2,7.5,269.6,0,0,0,0,0,1
230000,76.935,0.0,0,0,1,0,8.749,0.0,0,0,1,0,8.845,1.266,1,33.89,0,0,1,1,0,1,1,0,0,1,0,12192.0,2,1,1,1,0,0,1,2,8.1,272.4,0,0,0,0,0,1
230100,76.935,0.0,0,0,1,0,8.749,0.0,0,0,1,0,8.971,1.266,1,33.62,0,0,1,1,0,1,1,0,0,1,0,12192.0,2,1,1,1,0,0,1,2,7.9,272.1,0,0,0,0,0,1
230200,76.935,0.0,0,0,1,0,8.749,0.0,0,0,1,0,9.098,1.266,1,33.63,0,0,1,1,0,1,1,0,0,1,0,12192.0,2,1,1,1,0,0,1,2,7.2,272.8,0,0,0,0,0,1
230300,76.935,0.0,0,0,1,0,8.749,0.0,0,0,1,0,9.224,1.266,1,33.78,0,0,1,1,0,1,1,0,0,1,0,12192.0,2,1,1,1,0,0,1,2,7.4,270.6,0,0,0,0,0,1
230400,76.935,0.0,0,0,1,0,8.749,0.0,0,0,1,0,9.351,1.266,1,33.64,0,0,1,1,0,1,1,0,0,1,0,12192.0,2,1,1,1,0,0,1,2,7.5,272.1,0,0,0,0,0,1
230500,76.935,0.0,0,0,1,0,8.749,0.0,0,0,1,0,9.478,1.266,1,33.51,0,0,1,1,0,1,1,0,0,1,0,12192.0,2,1,1,1,0,0,1,2,7.4,269.4,0,0,0,0,0,1
230600,76.935,0.0,0,0,1,0,8.749,0.0,0,0,1,0,9.604,1.266,1,33.66,0,0,1,1,0,1,1,0,0,1,0,12192.0,2,1,1,1,0,0,1,2,7.3,271.1,0,0,0,0,0,1
230700,76.935,0.0,0,0,1,0,8.749,0.0,0,0,1,0,9.731,1.266,1,33.71,0,0,1,1,0,1,1,0,0,1,0,12192.0,2,1,1,1,0,0,1,2,7.1,262.3,0,0,0,0,0,1
230800,76.935,0.0,0,0,1,0,8.749,0.0,0,0,1,0,9.857,1.266,1,33.75,0,0,1,1,0,1,1,0,0,1,0,12192.0,2,1,1,1,0,0,1,2,7.6,266.9,0,0,0,0,0,1
230900,76.935,0.0,0,0,1,0,8.749,0.0,0,0,1,0,9.984,1.266,1,33.77,0,0,1,1,0,1,1,0,0,1,0,12192.0,2,1,1,1,0,0,1,2,7.4,270.8,0,0,0,0,0,1
231000,76.935,0.0,0,0,1,0,8.749,0.0,0,0,1,0,10.11,1.266,1,33.62,0,0,1,1,0,1,1,0,0,1,0,12192.0,2,1,1,1,0,0,1,2,7.6,267.8,0,0,0,0,0,1
231100,76.935,0.0,0,0,1,0,8.749,0.0,0,0,1,0,10.237,1.266,1,33.61,0,0,1,1,0,1,1,0,0,1,0,12192.0,2,1,1,1,0,0,1,2,6.7,269.7,0,0,0,0,0,1
231200,76.935,0.0,0,0,1,0,8.749,0.0,0,0,1,0,10.364,1.266,1,33.59,0,0,1,1,0,1,1,0,0,1,0,12192.0,2,1,1,1,0,0,1,2,7.3,271.7,0,0,0,0,0,1
231300,76.935,0.0,0,0,1,0,8.749,0.0,0,0,1,0,10.49,1.266,1,33.67,0,0,1,1,0,1,1,0,0,1,0,12192.0,2,1,1,1,0,0,1,2,6.8,271.9,0,0,0,0,0,1
231400,76.935,0.0,0,0,1,0,8.749,0.0,0,0,1,0,10.617,1.266,1,33.67,0,0,1,1,0,1,1,0,0,1,0,12192.0,2,1,1,1,0,0,1,2,7.7,269.0,0,0,0,0,0,1
231500,76.935,0.0,0,0,1,0,8.749,0.0,0,0,1,0,10.743,1.266,1,33.54,0,0,1,1,0,1,1,0,0,1,0,12192.0,2,1,1,1,0,0,1,2,7.0,272.1,0,0,0,0,0,1
231600,76.935,0.0,0,0,1,0,8.749,0.0,0,0,1,0,10.87,1.266,1,33.66,0,0,1,1,0,1,1,0,0,1,0,12192.0,2,1,1,1,0,0,1,2,7.3,269.9,0,0,0,0,0,1
231700,76.935,0.0,0,0,1,0,8.749,0.0,0,0,1,0,10.997,1.266,1,33.67,0,0,1,1,0,1,1,0,0,1,0,12192.0,2,1,1,1,0,0,1,2,7.1,271.9,0,0,0,0,0,1
231800,76.935,0.0,0,0,1,0,8.749,0.0,0,0,1,0,11.123,1.266,1,33.45,0,0,1,1,0,1,1,0,0,1,0,12192.0,2,1,1,1,0,0,1,2,6.9,272.1,0,0,0,0,0,1
231900,76.935,0.0,0,0,1,0,8.749,0.0,0,0,1,0,11.25,1.266,1,33.68,0,0,1,1,0,1,1,0,0,1,0,12192.0,2,1,1,1,0,0,1,2,7.6,272.4,0,0,0,0,0,1
232000,76.935,0.0,0,0,1,0,8.749,0.0,0,0,1,0,11.376,1.266,1,33.62,0,0,1,1,0,1,1,0,0,1,0,12192.0,2,1,1,1,0,0,1,2,8.5,274.4,0,0,0,0,0,1
232100,76.935,0.0,0,0,1,0,8.749,0.0,0,0,1,0,11.503,1.266,1,33.94,0,0,1,1,0,1,1,0,0,1,0,12192.0,2,1,1,1,0,0,1,2,7.8,269.1,0,0,0,0,0,1
232200,76.935,0.0,0,0,1,0,8.749,0.0,0,0,1,0,11.629,1.266,1,33.52,0,0,1,1,0,1,1,0,0,1,0,12192.0,2,1,1,1,0,0,1,2,8.2,269.5,0,0,0,0,0,1
232300,76.935,0.0,0,0,1,0,8.749,0.0,0,0,1,0,11.756,1.266,1,33.39,0,0,1,1,0,1,1,0,0,1,0,12192.0,2,1,1,1,0,0,1,2,7.9,270.5,0,0,0,0,0,1
232400,76.935,0.0,0,0,1,0,8.749,0.0,0,0,1,0,11.878,1.216,1,30.34,0,0,1,1,0,1,1,0,0,1,0,12192.0,2,1,1,1,0,0,1,2,7.3,266.2,0,0,0,0,0,1
232500,76.935,0.0,0,0,1,0,8.749,0.0,0,0,1,0,11.994,1.166,1,30.35,0,0,1,1,0,1,1,0,0,1,0,12192.0,2,1,1,1,0,0,1,2,7.3,268.6,0,0,0,0,0,1
232600,76.935,0.0,0,0,1,0,8.749,0.0,0,0,1,0,12.106,1.117,1,30.44,0,0,1,1,0,1,1,0,0,1,0,12192.0,2,1,1,1,0,0,1,2,7.7,270.1,0,0,0,0,0,1
232700,76.935,0.0,0,0,1,0,8.749,0.0,0,0,1,0,12.213,1.067,1,30.43,0,0,1,1,0,1,1,0,0,1,0,12192.0,2,1,1,1,0,0,1,2,7.0,268.0,0,0,0,0,0,1
232800,76.935,0.0,0,0,1,0,8.749,0.0,0,0,1,0,12.314,1.017,1,30.12,0,0,1,1,0,1,1,0,0,1,0,12192.0,2,1,1,1,0,0,1,2,7.2,270.6,0,0,0,0,0,1
232900,76.935,0.0,0,0,1,0,8.749,0.0,0,0,1,0,12.411,0.967,1,30.28,0,0,1,1,0,1,1,0,0,1,0,12192.0,2,1,1,1,0,0,1,2,7.8,266.6,0,0,0,0,0,1
233000,76.935,0.0,0,0,1,0,8.749,0.0,0,0,1,0,12.503,0.917,1,30.31,0,0,1,1,0,1,1,0,0,1,0,12192.0,2,1,1,1,0,0,1,2,8.1,273.9,0,0,0,0,0,1
233100,76.935,0.0,0,0,1,0,8.749,0.0,0,0,1,0,12.59,0.868,1,30.39,0,0,1,1,0,1,1,0,0,1,0,12192.0,2,1,1,1,0,0,1,2,8.1,269.3,0,0,0,0,0,1
233200,76.935,0.0,0,0,1,0,8.749,0.0,0,0,1,0,12.671,0.818,1,30.46,0,0,1,1,0,1,1,0,0,1,0,12192.0,2,1,1,1,0,0,1,2,7.8,271.8,0,0,0,0,0,1
233300,76.935,0.0,0,0,1,0,8.749,0.0,0,0,1,0,12.748,0.768,1,30.52,0,0,1,1,0,1,1,0,0,1,0,12192.0,2,1,1,1,0,0,1,2,7.5,271.5,0,0,0,0,0,1
233400,76.935,0.0,0,0,1,0,8.749,0.0,0,0,1,0,12.82,0.718,1,30.32,0,0,1,1,0,1,1,0,0,1,0,12192.0,2,1,1,1,0,0,1,2,8.7,272.9,0,0,0,0,0,1
233500,76.935,0.0,0,0,1,0,8.749,0.0,0,0,1,0,12.892,0.719,1,33.49,0,0,1,1,0,1,1,0,0,1,0,12192.0,2,1,1,1,0,0,1,2,8.0,271.5,0,0,0,0,0,1
233600,76.935,0.0,0,0,1,0,8.749,0.0,0,0,1,0,12.959,0.667,1,30.38,0,0,1,1,0,1,1,0,0,1,0,12192.0,2,1,1,1,0,0,1,2,8.6,278.8,0,0,0,0,0,1
233700,76.935,0.0,0,0,1,0,8.749,0.0,0,0,1,0,13.02,0.616,1,30.5,0,0,1,1,0,1,1,0,0,1,0,12192.0,2,1,1,1,0,0,1,2,8.4,266.7,0,0,0,0,0,1
233800,76.935,0.0,0,0,1,0,8.749,0.0,0,0,1,0,13.077,0.564,1,30.54,0,0,1,1,0,1,1,0,0,1,0,12192.0,2,1,1,1,0,0,1,2,8.5,269.7,0,0,0,0,0,1
233900,76.935,0.0,0,0,1,0,8.749,0.0,0,0,1,0,13.128,0.511,1,30.36,0,0,1,1,0,1,1,0,0,1,0,12192.0,2,1,1,1,0,0,1,2,8.5,270.5,0,0,0,0,0,1
234000,76.935,0.0,0,0,1,0,8.749,0.0,0,0,1,0,13.174,0.459,1,30.5,0,0,1,1,0,1,1,0,0,1,0,12192.0,2,1,1,1,0,0,1,2,8.4,269.0,0,0,0,0,0,1
234100,76.935,0.0,0,0,1,0,8.749,0.0,0,0,1,0,13.214,0.406,1,30.3,0,0,1,1,0,1,1,0,0,1,0,12192.0,2,1,1,1,0,0,1,2,8.4,268.0,0,0,0,0,0,1
234200,76.935,0.0,0,0,1,0,8.749,0.0,0,0,1,0,13.249,0.353,1,30.39,0,0,1,1,0,1,1,0,0,1,0,12192.0,2,1,1,1,0,0,1,2,8.0,271.1,0,0,0,0,0,1
234300,76.935,0.0,0,0,1,0,8.749,0.0,0,0,1,0,13.279,0.299,1,30.36,0,0,1,1,0,1,1,0,0,1,0,12192.0,2,1,1,1,0,0,1,2,8.0,269.7,0,0,0,0,0,1
234400,76.935,0.0,0,0,1,0,8.749,0.0,0,0,1,0,13.304,0.244,1,30.47,0,0,1,1,0,1,1,0,0,1,0,12192.0,2,1,1,1,0,0,1,2,8.3,272.4,0,0,0,0,0,1
234500,76.935,0.0,0,0,1,0,8.749,0.0,0,0,1,0,13.323,0.188,1,30.24,0,0,1,1,0,1,1,0,0,1,0,12192.0,2,1,1,1,0,0,1,2,7.5,269.9,0,0,0,0,0,1
234600,76.935,0.0,0,0,1,0,8.749,0.0,0,0,1,0,13.336,0.129,1,30.32,0,0,1,1,0,1,1,0,0,1,0,12192.0,2,1,1,1,0,0,1,2,8.5,272.4,0,0,0,0,0,1
234700,76.935,0.0,0,0,1,0,8.749,0.0,0,0,1,0,13.342,0.062,1,30.23,0,0,1,1,0,1,1,0,0,1,0,12192.0,2,1,1,1,0,0,1,2,8.2,273.0,0,0,0,0,0,1
234800,76.935,0.0,0,0,0,0,8.749,0.0,0,0,0,0,13.343,0.0,0,31.82,0,0,0,0,0,1,1,0,0,1,0,12192.0,2,1,1,0,1,0,1,2,8.5,273.2,0,0,0,0,0,1
234900,76.933,-0.015,0,1,1,0,8.744,-0.056,0,1,1,0,13.343,0.0,0,32.02,0,0,0,1,0,1,1,0,0,1,0,12192.0,2,1,1,1,0,0,1,2,7.9,269.2,0,0,0,0,0,1
235000,76.93,-0.03,0,1,1,0,8.732,-0.112,0,1,1,0,13.343,0.0,0,31.89,0,0,0,1,0,1,1,0,0,1,0,12192.0,2,1,1,1,0,0,1,2,8.2,270.8,0,0,0,0,0,1
235100,76.926,-0.045,0,1,1,0,8.716,-0.167,0,1,1,0,13.343,0.0,0,31.91,0,0,0,1,0,1,1,0,0,1,0,12192.0,2,1,1,1,0,0,1,2,9.4,265.9,0,0,0,0,0,1
235200,76.92,-0.059,0,1,1,0,8.693,-0.223,0,1,1,0,13.343,0.0,0,32.15,0,0,0,1,0,1,1,0,0,1,0,12192.0,2,1,1,1,0,0,1,2,8.4,264.0,0,0,0,0,0,1
235300,76.913,-0.074,0,1,1,0,8.666,-0.279,0,1,1,0,13.343,0.0,0,31.76,0,0,0,1,0,1,1,0,0,1,0,12192.0,2,1,1,1,0,0,1,2,8.7,268.9,0,0,0,0,0,1
235400,76.904,-0.089,0,1,1,0,8.632,-0.335,0,1,1,0,13.343,0.0,0,32.09,0,0,0,1,0,1,1,0,0,1,0,12192.0,2,1,1,1,0,0,1,2,7.6,272.6,0,0,0,0,0,1
235500,76.893,-0.104,0,1,1,0,8.593,-0.391,0,1,1,0,13.343,0.0,0,32.06,0,0,0,1,0,1,1,0,0,1,0,12192.0,2,1,1,1,0,0,1,2,8.1,270.6,0,0,0,0,0,1
235600,76.881,-0.119,0,1,1,0,8.548,-0.447,0,1,1,0,13.343,0.0,0,32.13,0,0,0,1,0,1,1,0,0,1,0,12192.0,2,1,1,1,0,0,1,2,8.3,271.8,0,0,0,0,0,1
235700,76.868,-0.134,0,1,1,0,8.498,-0.502,0,1,1,0,13.343,0.0,0,31.92,0,0,0,1,0,1,1,0,0,1,0,12192.0,2,1,1,1,0,0,1,2,8.8,271.3,0,0,0,0,0,1
235800,76.853,-0.148,0,1,1,0,8.442,-0.558,0,1,1,0,13.343,0.0,0,32.01,0,0,0,1,0,1,1,0,0,1,0,12192.0,2,1,1,1,0,0,1,2,8.9,269.6,0,0,0,0,0,1
235900,76.837,-0.163,0,1,1,0,8.381,-0.614,0,1,1,0,13.343,0.0,0,31.92,0,0,0,1,0,1,1,0,0,1,0,12192.0,2,1,1,1,0,0,1,2,8.7,265.4,0,0,0,0,0,1
236000,76.819,-0.178,0,1,1,0,8.314,-0.67,0,1,1,0,13.343,0.0,0,31.96,0,0,0,1,0,1,1,0,0,1,0,12192.0,2,1,1,1,0,0,1,2,8.7,270.4,0,0,0,0,0,1
236100,76.8,-0.193,0,1,1,0,8.241,-0.726,0,1,1,0,13.343,0.0,0,32.08,0,0,0,1,0,1,1,0,0,1,0,12192.0,2,1,1,1,0,0,1,2,8.6,271.2,0,0,0,0,0,1
236200,76.779,-0.208,0,1,1,0,8.163,-0.781,0,1,1,0,13.343,0.0,0,32.07,0,0,0,1,0,1,1,0,0,1,0,12192.0,2,1,1,1,0,0,1,2,8.2,272.5,0,0,0,0,0,1
236300,76.757,-0.223,0,1,1,0,8.079,-0.837,0,1,1,0,13.343,0.0,0,31.85,0,0,0,1,0,1,1,0,0,1,0,12192.0,2,1,1,1,0,0,1,2,8.2,272.0,0,0,0,0,0,1
236400,76.733,-0.238,0,1,1,0,7.99,-0.893,0,1,1,0,13.343,0.0,0,32.0,0,0,0,1,0,1,1,0,0,1,0,12192.0,2,1,1,1,0,0,1,2,7.7,266.6,0,0,0,0,0,1
236500,76.708,-0.252,0,1,1,0,7.895,-0.949,0,1,1,0,13.343,0.0,0,32.17,0,0,0,1,0,1,1,0,0,1,0,12192.0,2,1,1,1,0,0,1,2,8.5,271.4,0,0,0,0,0,1
236600,76.681,-0.267,0,1,1,0,7.795,-1.005,0,1,1,0,13.343,0.0,0,31.84,0,0,0,1,0,1,1,0,0,1,0,12192.0,2,1,1,1,0,0,1,2,9.2,272.7,0,0,0,0,0,1
236700,76.653,-0.282,0,1,1,0,7.689,-1.061,0,1,1,0,13.343,0.0,0,31.96,0,0,0,1,0,1,1,0,0,1,0,12192.0,2,1,1,1,0,0,1,2,7.6,271.9,0,0,0,0,0,1
236800,76.623,-0.297,0,1,1,0,7.577,-1.116,0,1,1,0,13.343,0.0,0,32.04,0,0,0,1,0,1,1,0,0,1,0,12192.0,2,1,1,1,0,0,1,2,7.6,270.9,0,0,0,0,0,1
236900,76.592,-0.312,0,1,1,0,7.46,-1.172,0,1,1,0,13.343,0.0,0,32.2,0,0,0,1,0,1,1,0,0,1,0,12192.0,2,1,1,1,0,0,1,2,7.8,268.7,0,0,0,0,0,1
237000,76.559,-0.327,0,1,1,0,7.34,-1.201,0,1,1,0,13.343,0.0,0,32.04,0,0,0,1,0,1,1,0,0,1,0,12192.0,2,1,1,1,0,0,1,2,8.4,266.4,0,0,0,0,0,1
237100,76.525,-0.342,0,1,1,0,7.225,-1.144,0,1,1,0,13.343,0.0,0,32.08,0,0,0,1,0,1,1,0,0,1,0,12192.0,2,1,1,1,0,0,1,2,7.9,270.5,0,0,0,0,0,1
237200,76.489,-0.356,0,1,1,0,7.117,-1.086,0,1,1,0,13.343,0.0,0,31.93,0,0,0,1,0,1,1,0,0,1,0,12192.0,2,1,1,1,0,0,1,2,8.2,270.1,0,0,0,0,0,1
237300,76.452,-0.371,0,1,1,0,7.014,-1.029,0,1,1,0,13.343,0.0,0,32.04,0,0,0,1,0,1,1,0,0,1,0,12192.0,2,1,1,1,0,0,1,2,9.0,271.8,0,0,0,0,0,1
237400,76.414,-0.386,0,1,1,0,6.917,-0.972,0,1,1,0,13.343,0.0,0,32.16,0,0,0,1,0,1,1,0,0,1,0,12192.0,2,1,1,1,0,0,1,2,8.6,266.3,0,0,0,0,0,1
237500,76.374,-0.401,0,1,1,0,6.825,-0.914,0,1,1,0,13.343,0.0,0,31.98,0,0,0,1,0,1,1,0,0,1,0,12192.0,2,1,1,1,0,0,1,2,8.4,266.2,0,0,0,0,0,1
237600,76.332,-0.416,0,1,1,0,6.74,-0.856,0,1,1,0,13.343,0.0,0,32.16,0,0,0,1,0,1,1,0,0,1,0,12192.0,2,1,1,1,0,0,1,2,7.5,269.3,0,0,0,0,0,1
237700,76.289,-0.431,0,1,1,0,6.66,-0.799,0,1,1,0,13.343,0.0,0,32.21,0,0,0,1,0,1,1,0,0,1,0,12192.0,2,1,1,1,0,0,1,2,8.5,263.1,0,0,0,0,0,1
237800,76.244,-0.445,0,1,1,0,6.586,-0.741,0,1,1,0,13.343,0.0,0,32.14,0,0,0,1,0,1,1,0,0,1,0,12192.0,2,1,1,1,0,0,1,2,7.7,269.5,0,0,0,0,0,1
237900,76.198,-0.46,0,1,1,0,6.518,-0.683,0,1,1,0,13.343,0.0,0,32.06,0,0,0,1,0,1,1,0,0,1,0,12192.0,2,1,1,1,0,0,1,2,7.7,270.0,0,0,0,0,0,1
238000,76.151,-0.475,0,1,1,0,6.455,-0.624,0,1,1,0,13.343,0.0,0,32.17,0,0,0,1,0,1,1,0,0,1,0,12192.0,2,1,1,1,0,0,1,2,7.5,269.5,0,0,0,0,0,1
238100,76.102,-0.49,0,1,1,0,6.399,-0.566,0,1,1,0,13.343,0.0,0,31.9,0,0,0,1,0,1,1,0,0,1,0,12192.0,2,1,1,1,0,0,1,2,7.8,270.6,0,0,0,0,0,1
238200,76.051,-0.505,0,1,1,0,6.348,-0.507,0,1,1,0,13.343,0.0,0,32.08,0,0,0,1,0,1,1,0,0,1,0,12192.0,2,1,1,1,0,0,1,2,8.0,273.8,0,0,0,0,0,1
238300,75.999,-0.52,0,1,1,0,6.303,-0.448,0,1,1,0,13.343,0.0,0,31.91,0,0,0,1,0,1,1,0,0,1,0,12192.0,2,1,1,1,0,0,1,2,7.8,269.0,0,0,0,0,0,1
238400,75.946,-0.535,0,1,1,0,6.264,-0.388,0,1,1,0,13.343,0.0,0,31.94,0,0,0,1,0,1,1,0,0,1,0,12192.0,2,1,1,1,0,0,1,2,8.0,269.5,0,0,0,0,0,1
238500,75.891,-0.549,0,1,1,0,6.232,-0.327,0,1,1,0,13.343,0.0,0,31.7,0,0,0,1,0,1,1,0,0,1,0,12192.0,2,1,1,1,0,0,1,2,7.7,273.3,0,0,0,0,0,1
238600,75.835,-0.564,0,1,1,0,6.205,-0.266,0,1,1,0,13.343,0.0,0,31.89,0,0,0,1,0,1,1,0,0,1,0,12192.0,2,1,1,1,0,0,1,2,7.9,266.2,0,0,0,0,0,1
238700,75.777,-0.579,0,1,1,0,6.185,-0.202,0,1,1,0,13.343,0.0,0,32.01,0,0,0,1,0,1,1,0,0,1,0,12192.0,2,1,1,1,0,0,1,2,8.1,268.0,0,0,0,0,0,1
238800,75.717,-0.594,0,1,1,0,6.171,-0.135,0,1,1,0,13.343,0.0,0,32.1,0,0,0,1,0,1,1,0,0,1,0,12192.0,2,1,1,1,0,0,1,2,7.6,274.3,0,0,0,0,0,1
238900,75.656,-0.609,0,1,1,0,6.166,0.0,0,0,1,0,13.343,0.0,0,32.21,0,0,0,1,0,1,1,0,0,1,0,12192.0,2,1,1,1,0,0,1,2,7.6,267.8,0,0,0,0,0,1
239000,75.594,-0.624,0,1,1,0,6.166,0.0,0,0,1,0,13.343,0.0,0,31.95,0,0,0,1,0,1,1,0,0,1,0,12192.0,2,1,1,1,0,0,1,2,7.5,271.1,0,0,0,0,0,1
239100,75.53,-0.638,0,1,1,0,6.166,0.0,0,0,1,0,13.343,0.0,0,32.08,0,0,0,1,0,1,1,0,0,1,0,12192.0,2,1,1,1,0,0,1,2,7.9,269.3,0,0,0,0,0,1
239200,75.465,-0.653,0,1,1,0,6.166,0.0,0,0,1,0,13.343,0.0,0,31.95,0,0,0,1,0,1,1,0,0,1,0,12192.0,2,1,1,1,0,0,1,2,7.3,272.2,0,0,0,0,0,1
239300,75.398,-0.668,0,1,1,0,6.166,0.0,0,0,1,0,13.343,0.0,0,32.05,0,0,0,1,0,1,1,0,0,1,0,12192.0,2,1,1,1,0,0,1,2,7.2,268.1,0,0,0,0,0,1
239400,75.33,-0.683,0,1,1,0,6.166,0.0,0,0,1,0,13.343,0.0,0,32.16,0,0,0,1,0,1,1,0,0,1,0,12192.0,2,1,1,1,0,0,1,2,7.5,270.7,0,0,0,0,0,1
239500,75.26,-0.698,0,1,1,0,6.166,0.0,0,0,1,0,13.343,0.0,0,31.9,0,0,0,1,0,1,1,0,0,1,0,12192.0,2,1,1,1,0,0,1,2,7.6,273.3,0,0,0,0,0,1
239600,75.189,-0.711,0,1,1,0,6.166,0.0,0,0,1,0,13.343,0.0,0,31.85,0,0,0,1,0,1,1,0,0,1,0,12192.0,2,1,1,1,0,0,1,2,7.6,273.1,0,0,0,0,0,1
239700,75.118,-0.711,0,1,1,0,6.166,0.0,0,0,1,0,13.343,0.0,0,32.13,0,0,0,1,0,1,1,0,0,1,0,12192.0,2,1,1,1,0,0,1,2,7.2,264.9,0,0,0,0,0,1
239800,75.047,-0.711,0,1,1,0,6.166,0.0,0,0,1,0,13.343,0.0,0,32.17,0,0,0,1,0,1,1,0,0,1,0,12192.0,2,1,1,1,0,0,1,2,7.4,267.9,0,0,0,0,0,1
239900,74.976,-0.711,0,1,1,0,6.166,0.0,0,0,1,0,13.343,0.0,0,32.03,0,0,0,1,0,1,1,0,0,1,0,12192.0,2,1,1,1,0,0,1,2,7.2,268.9,0,0,0,0,0,1
240000,74.905,-0.711,0,1,1,0,6.166,0.0,0,0,1,0,13.343,0.0,0,32.07,0,0,0,1,0,1,1,0,0,1,0,12192.0,2,1,1,1,0,0,1,2,7.5,272.8,0,0,0,0,0,1
240100,74.833,-0.711,0,1,1,0,6.166,0.0,0,0,1,0,13.343,0.0,0,32.12,0,0,0,1,0,1,1,0,0,1,0,12192.0,2,1,1,1,0,0,1,2,8.0,278.6,0,0,0,0,0,1
240200,74.762,-0.711,0,1,1,0,6.166,0.0,0,0,1,0,13.343,0.0,0,32.1,0,0,0,1,0,1,1,0,0,1,0,12192.0,2,1,1,1,0,0,1,2,7.8,270.0,0,0,0,0,0,1
240300,74.691,-0.711,0,1,1,0,6.166,0.0,0,0,1,0,13.343,0.0,0,31.82,0,0,0,1,0,1,1,0,0,1,0,12192.0,2,1,1,1,0,0,1,2,7.6,269.4,0,0,0,0,0,1
240400,74.62,-0.711,0,1,1,0,6.166,0.0,0,0,1,0,13.343,0.0,0,31.81,0,0,0,1,0,1,1,0,0,1,0,12192.0,2,1,1,1,0,0,1,2,7.5,271.6,0,0,0,0,0,1
240500,74.549,-0.711,0,1,1,0,6.166,0.0,0,0,1,0,13.343,0.0,0,31.83,0,0,0,1,0,1,1,0,0,1,0,12192.0,2,1,1,1,0,0,1,2,7.9,269.8,0,0,0,0,0,1
240600,74.478,-0.711,0,1,1,0,6.166,0.0,0,0,1,0,13.343,0.0,0,32.0,0,0,0,1,0,1,1,0,0,1,0,12192.0,2,1,1,1,0,0,1,2,6.9,266.7,0,0,0,0,0,1
240700,74.407,-0.711,0,1,1,0,6.166,0.0,0,0,1,0,13.343,0.0,0,31.95,0,0,0,1,0,1,1,0,0,1,0,12192.0,2,1,1,1,0,0,1,2,8.5,272.3,0,0,0,0,0,1
240800,74.336,-0.711,0,1,1,0,6.166,0.0,0,0,1,0,13.343,0.0,0,31.79,0,0,0,1,0,1,1,0,0,1,0,12192.0,2,1,1,1,0,0,1,2,7.4,269.8,0,0,0,0,0,1
240900,74.265,-0.711,0,1,1,0,6.166,0.0,0,0,1,0,13.343,0.0,0,31.87,0,0,0,1,0,1,1,0,0,1,0,12192.0,2,1,1,1,0,0,1,2,8.0,269.2,0,0,0,0,0,1
241000,74.194,-0.711,0,1,1,0,6.166,0.0,0,0,1,0,13.343,0.0,0,31.82,0,0,0,1,0,1,1,0,0,1,0,12192.0,2,1,1,1,0,0,1,2,7.9,269.0,0,0,0,0,0,1
241100,74.123,-0.711,0,1,1,0,6.166,0.0,0,0,1,0,13.343,0.0,0,31.81,0,0,0,1,0,1,1,0,0,1,0,12192.0,2,1,1,1,0,0,1,2,6.8,270.5,0,0,0,0,0,1
241200,74.052,-0.711,0,1,1,0,6.166,0.0,0,0,1,0,13.343,0.0,0,32.03,0,0,0,1,0,1,1,0,0,1,0,12192.0,2,1,1,1,0,0,1,2,7.2,269.5,0,0,0,0,0,1
241300,73.98,-0.711,0,1,1,0,6.166,0.0,0,0,1,0,13.343,0.0,0,31.88,0,0,0,1,0,1,1,0,0,1,0,12192.0,2,1,1,1,0,0,1,2,7.4,264.6,0,0,0,0,0,1
241400,73.909,-0.711,0,1,1,0,6.166,0.0,0,0,1,0,13.343,0.0,0,31.99,0,0,0,1,0,1,1,0,0,1,0,12192.0,2,1,1,1,0,0,1,2,6.9,269.9,0,0,0,0,0,1
241500,73.838,-0.711,0,1,1,0,6.166,0.0,0,0,1,0,13.343,0.0,0,32.02,0,0,0,1,0,1,1,0,0,1,0,12192.0,2,1,1,1,0,0,1,2,7.3,270.7,0,0,0,0,0,1
241600,73.767,-0.711,0,1,1,0,6.166,0.0,0,0,1,0,13.343,0.0,0,31.97,0,0,0,1,0,1,1,0,0,1,0,12192.0,2,1,1,1,0,0,1,2,7.8,268.1,0,0,0,0,0,1
241700,73.696,-0.711,0,1,1,0,6.166,0.0,0,0,1,0,13.343,0.0,0,32.1,0,0,0,1,0,1,1,0,0,1,0,12192.0,2,1,1,1,0,0,1,2,8.4,271.0,0,0,0,0,0,1
241800,73.625,-0.711,0,1,1,0,6.166,0.0,0,0,1,0,13.343,0.0,0,31.95,0,0,0,1,0,1,1,0,0,1,0,12192.0,2,1,1,1,0,0,1,2,8.0,265.9,0,0,0,0,0,1
241900,73.554,-0.711,0,1,1,0,6.166,0.0,0,0,1,0,13.343,0.0,0,32.11,0,0,0,1,0,1,1,0,0,1,0,12192.0,2,1,1,1,0,0,1,2,7.5,269.2,0,0,0,0,0,1
242000,73.483,-0.711,0,1,1,0,6.166,0.0,0,0,1,0,13.343,0.0,0,31.79,0,0,0,1,0,1,1,0,0,1,0,12192.0,2,1,1,1,0,0,1,2,7.4,270.0,0,0,0,0,0,1
242100,73.412,-0.711,0,1,1,0,6.166,0.0,0,0,1,0,13.343,0.0,0,32.01,0,0,0,1,0,1,1,0,0,1,0,12192.0,2,1,1,1,0,0,1,2,7.7,265.5,0,0,0,0,0,1
242200,73.341,-0.711,0,1,1,0,6.166,0.0,0,0,1,0,13.343,0.0,0,31.86,0,0,0,1,0,1,1,0,0,1,0,12192.0,2,1,1,1,0,0,1,2,8.5,271.6,0,0,0,0,0,1
242300,73.27,-0.711,0,1,1,0,6.166,0.0,0,0,1,0,13.343,0.0,0,31.88,0,0,0,1,0,1,1,0,0,1,0,12192.0,2,1,1,1,0,0,1,2,7.2,270.4,0,0,0,0,0,1
242400,73.199,-0.711,0,1,1,0,6.166,0.0,0,0,1,0,13.343,0.0,0,32.03,0,0,0,1,0,1,1,0,0,1,0,12192.0,2,1,1,1,0,0,1,2,7.9,270.5,0,0,0,0,0,1
242500,73.128,-0.711,0,1,1,0,6.166,0.0,0,0,1,0,13.343,0.0,0,31.98,0,0,0,1,0,1,1,0,0,1,0,12192.0,2,1,1,1,0,0,1,2,8.6,269.8,0,0,0,0,0,1
242600,73.056,-0.711,0,1,1,0,6.166,0.0,0,0,1,0,13.343,0.0,0,32.18,0,0,0,1,0,1,1,0,0,1,0,12192.0,2,1,1,1,0,0,1,2,8.8,267.9,0,0,0,0,0,1
242700,72.985,-0.711,0,1,1,0,6.166,0.0,0,0,1,0,13.343,0.0,0,31.95,0,0,0,1,0,1,1,0,0,1,0,12192.0,2,1,1,1,0,0,1,2,8.3,265.1,0,0,0,0,0,1
242800,72.914,-0.711,0,1,1,0,6.166,0.0,0,0,1,0,13.343,0.0,0,31.89,0,0,0,1,0,1,1,0,0,1,0,12192.0,2,1,1,1,0,0,1,2,8.6,267.8,0,0,0,0,0,1
242900,72.843,-0.711,0,1,1,0,6.166,0.0,0,0,1,0,13.343,0.0,0,31.85,0,0,0,1,0,1,1,0,0,1,0,12192.0,2,1,1,1,0,0,1,2,7.5,271.5,0,0,0,0,0,1
243000,72.772,-0.711,0,1,1,0,6.166,0.0,0,0,1,0,13.343,0.0,0,31.96,0,0,0,1,0,1,1,0,0,1,0,12192.0,2,1,1,1,0,0,1,2,7.7,270.6,0,0,0,0,0,1
243100,72.701,-0.711,0,1,1,0,6.166,0.0,0,0,1,0,13.343,0.0,0,31.98,0,0,0,1,0,1,1,0,0,1,0,12192.0,2,1,1,1,0,0,1,2,7.6,273.4,0,0,0,0,0,1
243200,72.63,-0.711,0,1,1,0,6.166,0.0,0,0,1,0,13.343,0.0,0,31.91,0,0,0,1,0,1,1,0,0,1,0,12192.0,2,1,1,1,0,0,1,2,7.9,270.6,0,0,0,0,0,1
243300,72.559,-0.711,0,1,1,0,6.166,0.0,0,0,1,0,13.343,0.0,0,32.06,0,0,0,1,0,1,1,0,0,1,0,12192.0,2,1,1,1,0,0,1,2,8.5,272.3,0,0,0,0,0,1
243400,72.488,-0.711,0,1,1,0,6.166,0.0,0,0,1,0,13.343,0.0,0,32.09,0,0,0,1,0,1,1,0,0,1,0,12192.0,2,1,1,1,0,0,1,2,8.4,268.9,0,0,0,0,0,1
243500,72.417,-0.711,0,1,1,0,6.166,0.0,0,0,1,0,13.343,0.0,0,31.88,0,0,0,1,0,1,1,0,0,1,0,12192.0,2,1,1,1,0,0,1,2,8.4,268.9,0,0,0,0,0,1
243600,72.346,-0.711,0,1,1,0,6.166,0.0,0,0,1,0,13.343,0.0,0,32.06,0,0,0,1,0,1,1,0,0,1,0,12192.0,2,1,1,1,0,0,1,2,7.7,264.0,0,0,0,0,0,1
243700,72.275,-0.711,0,1,1,0,6.166,0.0,0,0,1,0,13.343,0.0,0,32.24,0,0,0,1,0,1,1,0,0,1,0,12192.0,2,1,1,1,0,0,1,2,8.4,269.8,0,0,0,0,0,1
243800,72.204,-0.711,0,1,1,0,6.166,0.0,0,0,1,0,13.343,0.0,0,32.18,0,0,0,1,0,1,1,0,0,1,0,12192.0,2,1,1,1,0,0,1,2,8.4,272.6,0,0,0,0,0,1
243900,72.132,-0.711,0,1,1,0,6.166,0.0,0,0,1,0,13.343,0.0,0,31.96,0,0,0,1,0,1,1,0,0,1,0,12192.0,2,1,1,1,0,0,1,2,8.4,270.1,0,0,0,0,0,1
244000,72.061,-0.711,0,1,1,0,6.166,0.0,0,0,1,0,13.343,0.0,0,31.89,0,0,0,1,0,1,1,0,0,1,0,12192.0,2,1,1,1,0,0,1,2,9.7,271.1,0,0,0,0,0,1
244100,71.99,-0.711,0,1,1,0,6.166,0.0,0,0,1,0,13.343,0.0,0,31.89,0,0,0,1,0,1,1,0,0,1,0,12192.0,2,1,1,1,0,0,1,2,8.8,272.9,0,0,0,0,0,1
244200,71.919,-0.711,0,1,1,0,6.166,0.0,0,0,1,0,13.343,0.0,0,31.77,0,0,0,1,0,1,1,0,0,1,0,12192.0,2,1,1,1,0,0,1,2,9.0,269.8,0,0,0,0,0,1
244300,71.848,-0.711,0,1,1,0,6.166,0.0,0,0,1,0,13.343,0.0,0,32.37,0,0,0,1,0,1,1,0,0,1,0,12192.0,2,1,1,1,0,0,1,2,8.5,268.1,0,0,0,0,0,1
244400,71.777,-0.711,0,1,1,0,6.166,0.0,0,0,1,0,13.343,0.0,0,32.12,0,0,0,1,0,1,1,0,0,1,0,12192.0,2,1,1,1,0,0,1,2,9.0,269.1,0,0,0,0,0,1
244500,71.706,-0.711,0,1,1,0,6.166,0.0,0,0,1,0,13.343,0.0,0,32.15,0,0,0,1,0,1,1,0,0,1,0,12192.0,2,1,1,1,0,0,1,2,8.2,268.6,0,0,0,0,0,1
244600,71.635,-0.711,0,1,1,0,6.166,0.0,0,0,1,0,13.343,0.0,0,31.85,0,0,0,1,0,1,1,0,0,1,0,12192.0,2,1,1,1,0,0,1,2,9.5,269.4,0,0,0,0,0,1
244700,71.564,-0.711,0,1,1,0,6.166,0.0,0,0,1,0,13.343,0.0,0,31.97,0,0,0,1,0,1,1,0,0,1,0,12192.0,2,1,1,1,0,0,1,2,8.5,270.2,0,0,0,0,0,1
244800,71.493,-0.711,0,1,1,0,6.166,0.0,0,0,1,0,13.343,0.0,0,32.13,0,0,0,1,0,1,1,0,0,1,0,12192.0,2,1,1,1,0,0,1,2,8.5,272.0,0,0,0,0,0,1
244900,71.422,-0.711,0,1,1,0,6.166,0.0,0,0,1,0,13.343,0.0,0,32.18,0,0,0,1,0,1,1,0,0,1,0,12192.0,2,1,1,1,0,0,1,2,9.1,269.6,0,0,0,0,0,1
245000,71.351,-0.711,0,1,1,0,6.166,0.0,0,0,1,0,13.343,0.0,0,31.98,0,0,0,1,0,1,1,0,0,1,0,12192.0,2,1,1,1,0,0,1,2,8.5,265.5,0,0,0,0,0,1
245100,71.279,-0.711,0,1,1,0,6.166,0.0,0,0,1,0,13.343,0.0,0,31.94,0,0,0,1,0,1,1,0,0,1,0,12192.0,2,1,1,1,0,0,1,2,8.6,270.6,0,0,0,0,0,1
245200,71.208,-0.711,0,1,1,0,6.166,0.0,0,0,1,0,13.343,0.0,0,31.96,0,0,0,1,0,1,1,0,0,1,0,12192.0,2,1,1,1,0,0,1,2,9.1,270.8,0,0,0,0,0,1
245300,71.137,-0.711,0,1,1,0,6.166,0.0,0,0,1,0,13.343,0.0,0,31.96,0,0,0,1,0,1,1,0,0,1,0,12192.0,2,1,1,1,0,0,1,2,8.4,271.4,0,0,0,0,0,1
245400,71.066,-0.711,0,1,1,0,6.166,0.0,0,0,1,0,13.343,0.0,0,31.92,0,0,0,1,0,1,1,0,0,1,0,12192.0,2,1,1,1,0,0,1,2,8.2,268.0,0,0,0,0,0,1
245500,70.995,-0.711,0,1,1,0,6.166,0.0,0,0,1,0,13.343,0.0,0,32.0,0,0,0,1,0,1,1,0,0,1,0,12192.0,2,1,1,1,0,0,1,2,8.7,271.7,0,0,0,0,0,1
245600,70.924,-0.711,0,1,1,0,6.166,0.0,0,0,1,0,13.343,0.0,0,31.85,0,0,0,1,0,1,1,0,0,1,0,12192.0,2,1,1,1,0,0,1,2,9.0,271.0,0,0,0,0,0,1
245700,70.853,-0.711,0,1,1,0,6.166,0.0,0,0,1,0,13.343,0.0,0,31.98,0,0,0,1,0,1,1,0,0,1,0,12192.0,2,1,1,1,0,0,1,2,8.5,269.4,0,0,0,0,0,1
245800,70.782,-0.711,0,1,1,0,6.166,0.0,0,0,1,0,13.343,0.0,0,32.35,0,0,0,1,0,1,1,0,0,1,0,12192.0,2,1,1,1,0,0,1,2,8.4,272.8,0,0,0,0,0,1
245900,70.711,-0.711,0,1,1,0,6.166,0.0,0,0,1,0,13.343,0.0,0,31.77,0,0,0,1,0,1,1,0,0,1,0,12192.0,2,1,1,1,0,0,1,2,8.6,272.0,0,0,0,0,0,1
246000,70.64,-0.711,0,1,1,0,6.166,0.0,0,0,1,0,13.343,0.0,0,31.94,0,0,0,1,0,1,1,0,0,1,0,12192.0,2,1,1,1,0,0,1,2,8.8,270.9,0,0,0,0,0,1
246100,70.569,-0.711,0,1,1,0,6.166,0.0,0,0,1,0,13.343,0.0,0,32.05,0,0,0,1,0,1,1,0,0,1,0,12192.0,2,1,1,1,0,0,1,2,8.4,271.8,0,0,0,0,0,1
246200,70.498,-0.711,0,1,1,0,6.166,0.0,0,0,1,0,13.343,0.0,0,31.86,0,0,0,1,0,1,1,0,0,1,0,12192.0,2,1,1,1,0,0,1,2,8.2,270.9,0,0,0,0,0,1
246300,70.427,-0.711,0,1,1,0,6.166,0.0,0,0,1,0,13.343,0.0,0,31.87,0,0,0,1,0,1,1,0,0,1,0,12192.0,2,1,1,1,0,0,1,2,8.8,270.2,0,0,0,0,0,1
246400,70.355,-0.711,0,1,1,0,6.166,0.0,0,0,1,0,13.343,0.0,0,32.06,0,0,0,1,0,1,1,0,0,1,0,12192.0,2,1,1,1,0,0,1,2,7.1,268.1,0,0,0,0,0,1
246500,70.284,-0.711,0,1,1,0,6.166,0.0,0,0,1,0,13.343,0.0,0,31.91,0,0,0,1,0,1,1,0,0,1,0,12192.0,2,1,1,1,0,0,1,2,8.0,272.7,0,0,0,0,0,1
246600,70.213,-0.711,0,1,1,0,6.166,0.0,0,0,1,0,13.343,0.0,0,32.12,0,0,0,1,0,1,1,0,0,1,0,12192.0,2,1,1,1,0,0,1,2,8.6,270.3,0,0,0,0,0,1
246700,70.142,-0.711,0,1,1,0,6.166,0.0,0,0,1,0,13.343,0.0,0,32.14,0,0,0,1,0,1,1,0,0,1,0,12192.0,2,1,1,1,0,0,1,2,8.6,268.9,0,0,0,0,0,1
246800,70.071,-0.711,0,1,1,0,6.166,0.0,0,0,1,0,13.343,0.0,0,31.94,0,0,0,1,0,1,1,0,0,1,0,12192.0,2,1,1,1,0,0,1,2,7.7,272.5,0,0,0,0,0,1
246900,70.0,-0.711,0,1,1,0,6.166,0.0,0,0,1,0,13.343,0.0,0,32.11,0,0,0,1,0,1,1,0,0,1,0,12192.0,2,1,1,1,0,0,1,2,8.2,266.5,0,0,0,0,0,1
247000,69.929,-0.711,0,1,1,0,6.166,0.0,0,0,1,0,13.343,0.0,0,32.16,0,0,0,1,0,1,1,0,0,1,0,12192.0,2,1,1,1,0,0,1,2,8.4,275.0,0,0,0,0,0,1
247100,69.858,-0.711,0,1,1,0,6.166,0.0,0,0,1,0,13.343,0.0,0,31.99,0,0,0,1,0,1,1,0,0,1,0,12192.0,2,1,1,1,0,0,1,2,7.9,264.8,0,0,0,0,0,1
247200,69.787,-0.711,0,1,1,0,6.166,0.0,0,0,1,0,13.343,0.0,0,32.09,0,0,0,1,0,1,1,0,0,1,0,12192.0,2,1,1,1,0,0,1,2,6.9,273.5,0,0,0,0,0,1
247300,69.716,-0.711,0,1,1,0,6.166,0.0,0,0,1,0,13.343,0.0,0,32.04,0,0,0,1,0,1,1,0,0,1,0,12192.0,2,1,1,1,0,0,1,2,7.3,274.5,0,0,0,0,0,1
247400,69.645,-0.711,0,1,1,0,6.166,0.0,0,0,1,0,13.343,0.0,0,32.04,0,0,0,1,0,1,1,0,0,1,0,12192.0,2,1,1,1,0,0,1,2,7.8,269.4,0,0,0,0,0,1
247500,69.574,-0.711,0,1,1,0,6.166,0.0,0,0,1,0,13.343,0.0,0,32.29,0,0,0,1,0,1,1,0,0,1,0,12192.0,2,1,1,1,0,0,1,2,8.1,265.2,0,0,0,0,0,1
247600,69.503,-0.711,0,1,1,0,6.166,0.0,0,0,1,0,13.343,0.0,0,31.89,0,0,0,1,0,1,1,0,0,1,0,12192.0,2,1,1,1,0,0,1,2,8.0,269.5,0,0,0,0,0,1
247700,69.431,-0.711,0,1,1,0,6.166,0.0,0,0,1,0,13.343,0.0,0,32.04,0,0,0,1,0,1,1,0,0,1,0,12192.0,2,1,1,1,0,0,1,2,7.8,269.3,0,0,0,0,0,1
247800,69.36,-0.711,0,1,1,0,6.166,0.0,0,0,1,0,13.343,0.0,0,31.91,0,0,0,1,0,1,1,0,0,1,0,12192.0,2,1,1,1,0,0,1,2,7.8,270.7,0,0,0,0,0,1
247900,69.289,-0.711,0,1,1,0,6.166,0.0,0,0,1,0,13.343,0.0,0,31.79,0,0,0,1,0,1,1,0,0,1,0,12192.0,2,1,1,1,0,0,1,2,8.2,273.0,0,0,0,0,0,1
248000,69.218,-0.711,0,1,1,0,6.166,0.0,0,0,1,0,13.343,0.0,0,31.88,0,0,0,1,0,1,1,0,0,1,0,12192.0,2,1,1,1,0,0,1,2,7.9,269.8,0,0,0,0,0,1
248100,69.147,-0.711,0,1,1,0,6.166,0.0,0,0,1,0,13.343,0.0,0,31.87,0,0,0,1,0,1,1,0,0,1,0,12192.0,2,1,1,1,0,0,1,2,7.8,270.9,0,0,0,0,0,1
248200,69.076,-0.711,0,1,1,0,6.166,0.0,0,0,1,0,13.343,0.0,0,32.01,0,0,0,1,0,1,1,0,0,1,0,12192.0,2,1,1,1,0,0,1,2,6.6,266.5,0,0,0,0,0,1
248300,69.005,-0.711,0,1,1,0,6.166,0.0,0,0,1,0,13.343,0.0,0,32.05,0,0,0,1,0,1,1,0,0,1,0,12192.0,2,1,1,1,0,0,1,2,7.5,272.1,0,0,0,0,0,1
248400,68.934,-0.711,0,1,1,0,6.166,0.0,0,0,1,0,13.343,0.0,0,31.88,0,0,0,1,0,1,1,0,0,1,0,12192.0,2,1,1,1,0,0,1,2,7.1,265.8,0,0,0,0,0,1
248500,68.863,-0.711,0,1,1,0,6.166,0.0,0,0,1,0,13.343,0.0,0,31.9,0,0,0,1,0,1,1,0,0,1,0,12192.0,2,1,1,1,0,0,1,2,8.4,273.2,0,0,0,0,0,1
248600,68.792,-0.711,0,1,1,0,6.166,0.0,0,0,1,0,13.343,0.0,0,31.9,0,0,0,1,0,1,1,0,0,1,0,12192.0,2,1,1,1,0,0,1,2,7.2,273.4,0,0,0,0,0,1
248700,68.721,-0.711,0,1,1,0,6.166,0.0,0,0,1,0,13.343,0.0,0,32.0,0,0,0,1,0,1,1,0,0,1,0,12192.0,2,1,1,1,0,0,1,2,6.9,265.9,0,0,0,0,0,1
248800,68.65,-0.711,0,1,1,0,6.166,0.0,0,0,1,0,13.343,0.0,0,32.21,0,0,0,1,0,1,1,0,0,1,0,12192.0,2,1,1,1,0,0,1,2,7.0,272.1,0,0,0,0,0,1
248900,68.578,-0.711,0,1,1,0,6.166,0.0,0,0,1,0,13.343,0.0,0,31.81,0,0,0,1,0,1,1,0,0,1,0,12192.0,2,1,1,1,0,0,1,2,6.9,272.5,0,0,0,0,0,1
249000,68.507,-0.711,0,1,1,0,6.166,0.0,0,0,1,0,13.343,0.0,0,32.0,0,0,0,1,0,1,1,0,0,1,0,12192.0,2,1,1,1,0,0,1,2,7.4,272.4,0,0,0,0,0,1
249100,68.436,-0.711,0,1,1,0,6.166,0.0,0,0,1,0,13.343,0.0,0,32.03,0,0,0,1,0,1,1,0,0,1,0,12192.0,2,1,1,1,0,0,1,2,6.5,272.0,0,0,0,0,0,1
249200,68.365,-0.711,0,1,1,0,6.166,0.0,0,0,1,0,13.343,0.0,0,32.14,0,0,0,1,0,1,1,0,0,1,0,12192.0,2,1,1,1,0,0,1,2,7.6,272.5,0,0,0,0,0,1
249300,68.294,-0.711,0,1,1,0,6.166,0.0,0,0,1,0,13.343,0.0,0,31.99,0,0,0,1,0,1,1,0,0,1,0,12192.0,2,1,1,1,0,0,1,2,7.6,271.3,0,0,0,0,0,1
249400,68.223,-0.711,0,1,1,0,6.166,0.0,0,0,1,0,13.343,0.0,0,31.98,0,0,0,1,0,1,1,0,0,1,0,12192.0,2,1,1,1,0,0,1,2,7.4,267.3,0,0,0,0,0,1
249500,68.152,-0.711,0,1,1,0,6.166,0.0,0,0,1,0,13.343,0.0,0,31.92,0,0,0,1,0,1,1,0,0,1,0,12192.0,2,1,1,1,0,0,1,2,8.7,263.6,0,0,0,0,0,1
249600,68.081,-0.711,0,1,1,0,6.166,0.0,0,0,1,0,13.343,0.0,0,31.75,0,0,0,1,0,1,1,0,0,1,0,12192.0,2,1,1,1,0,0,1,2,7.6,271.4,0,0,0,0,0,1
249700,68.01,-0.711,0,1,1,0,6.166,0.0,0,0,1,0,13.343,0.0,0,32.08,0,0,0,1,0,1,1,0,0,1,0,12192.0,2,1,1,1,0,0,1,2,6.5,270.1,0,0,0,0,0,1
249800,67.939,-0.711,0,1,1,0,6.166,0.0,0,0,1,0,13.343,0.0,0,31.74,0,0,0,1,0,1,1,0,0,1,0,12192.0,2,1,1,1,0,0,1,2,8.1,272.7,0,0,0,0,0,1
249900,67.868,-0.711,0,1,1,0,6.166,0.0,0,0,1,0,13.343,0.0,0,31.92,0,0,0,1,0,1,1,0,0,1,0,12192.0,2,1,1,1,0,0,1,2,8.0,271.6,0,0,0,0,0,1
250000,67.797,-0.711,0,1,1,0,6.166,0.0,0,0,1,0,13.343,0.0,0,32.12,0,0,0,1,0,1,1,0,0,1,0,12192.0,2,1,1,1,0,0,1,2,7.1,269.0,0,0,0,0,0,1
250100,67.726,-0.711,0,1,1,0,6.166,0.0,0,0,1,0,13.343,0.0,0,31.96,0,0,0,1,0,1,1,0,0,1,0,12192.0,2,1,1,1,0,0,1,2,7.4,270.5,0,0,0,0,0,1
250200,67.654,-0.711,0,1,1,0,6.166,0.0,0,0,1,0,13.343,0.0,0,32.1,0,0,0,1,0,1,1,0,0,1,0,12192.0,2,1,1,1,0,0,1,2,7.7,267.3,0,0,0,0,0,1
250300,67.583,-0.711,0,1,1,0,6.166,0.0,0,0,1,0,13.343,0.0,0,31.81,0,0,0,1,0,1,1,0,0,1,0,12192.0,2,1,1,1,0,0,1,2,7.5,267.8,0,0,0,0,0,1
250400,67.512,-0.711,0,1,1,0,6.166,0.0,0,0,1,0,13.343,0.0,0,31.97,0,0,0,1,0,1,1,0,0,1,0,12192.0,2,1,1,1,0,0,1,2,7.5,268.4,0,0,0,0,0,1
250500,67.441,-0.711,0,1,1,0,6.166,0.0,0,0,1,0,13.343,0.0,0,31.81,0,0,0,1,0,1,1,0,0,1,0,12192.0,2,1,1,1,0,0,1,2,7.8,269.5,0,0,0,0,0,1
250600,67.37,-0.711,0,1,1,0,6.166,0.0,0,0,1,0,13.343,0.0,0,31.88,0,0,0,1,0,1,1,0,0,1,0,12192.0,2,1,1,1,0,0,1,2,7.8,266.9,0,0,0,0,0,1
250700,67.299,-0.711,0,1,1,0,6.166,0.0,0,0,1,0,13.343,0.0,0,32.1,0,0,0,1,0,1,1,0,0,1,0,12192.0,2,1,1,1,0,0,1,2,6.8,271.9,0,0,0,0,0,1
250800,67.228,-0.711,0,1,1,0,6.166,0.0,0,0,1,0,13.343,0.0,0,32.1,0,0,0,1,0,1,1,0,0,1,0,12192.0,2,1,1,1,0,0,1,2,8.6,270.3,0,0,0,0,0,1
250900,67.157,-0.711,0,1,1,0,6.166,0.0,0,0,1,0,13.343,0.0,0,32.12,0,0,0,1,0,1,1,0,0,1,0,12192.0,2,1,1,1,0,0,1,2,8.5,275.7,0,0,0,0,0,1
251000,67.086,-0.711,0,1,1,0,6.166,0.0,0,0,1,0,13.343,0.0,0,32.23,0,0,0,1,0,1,1,0,0,1,0,12192.0,2,1,1,1,0,0,1,2,7.1,271.8,0,0,0,0,0,1
251100,67.015,-0.711,0,1,1,0,6.166,0.0,0,0,1,0,13.343,0.0,0,32.11,0,0,0,1,0,1,1,0,0,1,0,12192.0,2,1,1,1,0,0,1,2,7.8,275.0,0,0,0,0,0,1
251200,66.944,-0.711,0,1,1,0,6.166,0.0,0,0,1,0,13.343,0.0,0,32.1,0,0,0,1,0,1,1,0,0,1,0,12192.0,2,1,1,1,0,0,1,2,8.3,270.3,0,0,0,0,0,1
251300,66.873,-0.711,0,1,1,0,6.166,0.0,0,0,1,0,13.343,0.0,0,31.98,0,0,0,1,0,1,1,0,0,1,0,12192.0,2,1,1,1,0,0,1,2,7.8,270.3,0,0,0,0,0,1
251400,66.802,-0.711,0,1,1,0,6.166,0.0,0,0,1,0,13.343,0.0,0,31.9,0,0,0,1,0,1,1,0,0,1,0,12192.0,2,1,1,1,0,0,1,2,8.4,268.6,0,0,0,0,0,1
251500,66.73,-0.711,0,1,1,0,6.166,0.0,0,0,1,0,13.343,0.0,0,31.89,0,0,0,1,0,1,1,0,0,1,0,12192.0,2,1,1,1,0,0,1,2,8.7,266.6,0,0,0,0,0,1
251600,66.659,-0.711,0,1,1,0,6.166,0.0,0,0,1,0,13.343,0.0,0,32.11,0,0,0,1,0,1,1,0,0,1,0,12192.0,2,1,1,1,0,0,1,2,8.2,273.0,0,0,0,0,0,1
251700,66.588,-0.711,0,1,1,0,6.166,0.0,0,0,1,0,13.343,0.0,0,32.25,0,0,0,1,0,1,1,0,0,1,0,12192.0,2,1,1,1,0,0,1,2,8.0,268.8,0,0,0,0,0,1
251800,66.517,-0.711,0,1,1,0,6.166,0.0,0,0,1,0,13.343,0.0,0,31.88,0,0,0,1,0,1,1,0,0,1,0,12192.0,2,1,1,1,0,0,1,2,8.4,268.5,0,0,0,0,0,1
251900,66.446,-0.711,0,1,1,0,6.166,0.0,0,0,1,0,13.343,0.0,0,32.08,0,0,0,1,0,1,1,0,0,1,0,12192.0,2,1,1,1,0,0,1,2,8.1,269.9,0,0,0,0,0,1
252000,66.375,-0.711,0,1,1,0,6.166,0.0,0,0,1,0,13.343,0.0,0,31.93,0,0,0,1,0,1,1,0,0,1,0,12192.0,2,1,1,1,0,0,1,2,7.8,270.0,0,0,0,0,0,1
252100,66.304,-0.711,0,1,1,0,6.166,0.0,0,0,1,0,13.343,0.0,0,31.68,0,0,0,1,0,1,1,0,0,1,0,12192.0,2,1,1,1,0,0,1,2,7.9,271.2,0,0,0,0,0,1
252200,66.233,-0.711,0,1,1,0,6.166,0.0,0,0,1,0,13.343,0.0,0,32.1,0,0,0,1,0,1,1,0,0,1,0,12192.0,2,1,1,1,0,0,1,2,8.4,268.7,0,0,0,0,0,1
252300,66.162,-0.711,0,1,1,0,6.166,0.0,0,0,1,0,13.343,0.0,0,31.96,0,0,0,1,0,1,1,0,0,1,0,12192.0,2,1,1,1,0,0,1,2,8.9,269.1,0,0,0,0,0,1
252400,66.091,-0.711,0,1,1,0,6.166,0.0,0,0,1,0,13.343,0.0,0,31.83,0,0,0,1,0,1,1,0,0,1,0,12192.0,2,1,1,1,0,0,1,2,8.0,267.5,0,0,0,0,0,1
252500,66.02,-0.711,0,1,1,0,6.166,0.0,0,0,1,0,13.343,0.0,0,32.05,0,0,0,1,0,1,1,0,0,1,0,12192.0,2,1,1,1,0,0,1,2,9.2,266.5,0,0,0,0,0,1
252600,65.95,-0.696,0,1,1,0,6.166,0.0,0,0,1,0,13.343,0.0,0,31.92,0,0,0,1,0,1,1,0,0,1,0,12192.0,2,1,1,1,0,0,1,2,9.0,275.0,0,0,0,0,0,1
252700,65.882,-0.681,0,1,1,0,6.166,0.0,0,0,1,0,13.343,0.0,0,32.0,0,0,0,1,0,1,1,0,0,1,0,12192.0,2,1,1,1,0,0,1,2,8.4,265.8,0,0,0,0,0,1
252800,65.815,-0.666,0,1,1,0,6.166,0.0,0,0,1,0,13.343,0.0,0,32.1,0,0,0,1,0,1,1,0,0,1,0,12192.0,2,1,1,1,0,0,1,2,8.6,267.4,0,0,0,0,0,1
252900,65.75,-0.651,0,1,1,0,6.166,0.0,0,0,1,0,13.343,0.0,0,32.16,0,0,0,1,0,1,1,0,0,1,0,12192.0,2,1,1,1,0,0,1,2,8.5,267.3,0,0,0,0,0,1
253000,65.687,-0.637,0,1,1,0,6.166,0.0,0,0,1,0,13.343,0.0,0,32.0,0,0,0,1,0,1,1,0,0,1,0,12192.0,2,1,1,1,0,0,1,2,8.3,268.9,0,0,0,0,0,1
253100,65.624,-0.622,0,1,1,0,6.166,0.0,0,0,1,0,13.343,0.0,0,31.93,0,0,0,1,0,1,1,0,0,1,0,12192.0,2,1,1,1,0,0,1,2,8.1,270.3,0,0,0,0,0,1
253200,65.564,-0.607,0,1,1,0,6.166,0.0,0,0,1,0,13.343,0.0,0,32.02,0,0,0,1,0,1,1,0,0,1,0,12192.0,2,1,1,1,0,0,1,2,7.7,276.5,0,0,0,0,0,1
253300,65.504,-0.592,0,1,1,0,6.166,0.0,0,0,1,0,13.343,0.0,0,31.75,0,0,0,1,0,1,1,0,0,1,0,12192.0,2,1,1,1,0,0,1,2,8.4,273.0,0,0,0,0,0,1
253400,65.447,-0.577,0,1,1,0,6.166,0.0,0,0,1,0,13.343,0.0,0,32.19,0,0,0,1,0,1,1,0,0,1,0,12192.0,2,1,1,1,0,0,1,2,8.6,266.5,0,0,0,0,0,1
253500,65.391,-0.562,0,1,1,0,6.166,0.0,0,0,1,0,13.343,0.0,0,32.12,0,0,0,1,0,1,1,0,0,1,0,12192.0,2,1,1,1,0,0,1,2,8.9,271.6,0,0,0,0,0,1
253600,65.336,-0.547,0,1,1,0,6.166,0.0,0,0,1,0,13.343,0.0,0,32.02,0,0,0,1,0,1,1,0,0,1,0,12192.0,2,1,1,1,0,0,1,2,8.7,271.2,0,0,0,0,0,1
253700,65.283,-0.533,0,1,1,0,6.166,0.0,0,0,1,0,13.343,0.0,0,31.9,0,0,0,1,0,1,1,0,0,1,0,12192.0,2,1,1,1,0,0,1,2,8.8,268.6,0,0,0,0,0,1
253800,65.231,-0.518,0,1,1,0,6.166,0.0,0,0,1,0,13.343,0.0,0,32.08,0,0,0,1,0,1,1,0,0,1,0,12192.0,2,1,1,1,0,0,1,2,8.6,268.1,0,0,0,0,0,1
253900,65.18,-0.503,0,1,1,0,6.166,0.0,0,0,1,0,13.343,0.0,0,31.98,0,0,0,1,0,1,1,0,0,1,0,12192.0,2,1,1,1,0,0,1,2,8.7,271.1,0,0,0,0,0,1
254000,65.132,-0.488,0,1,1,0,6.166,0.0,0,0,1,0,13.343,0.0,0,31.66,0,0,0,1,0,1,1,0,0,1,0,12192.0,2,1,1,1,0,0,1,2,8.4,271.0,0,0,0,0,0,1
254100,65.084,-0.473,0,1,1,0,6.166,0.0,0,0,1,0,13.343,0.0,0,32.07,0,0,0,1,0,1,1,0,0,1,0,12192.0,2,1,1,1,0,0,1,2,8.5,268.5,0,0,0,0,0,1
254200,65.038,-0.458,0,1,1,0,6.166,0.0,0,0,1,0,13.343,0.0,0,32.01,0,0,0,1,0,1,1,0,0,1,0,12192.0,2,1,1,1,0,0,1,2,8.6,267.9,0,0,0,0,0,1
254300,64.994,-0.444,0,1,1,0,6.166,0.0,0,0,1,0,13.343,0.0,0,31.94,0,0,0,1,0,1,1,0,0,1,0,12192.0,2,1,1,1,0,0,1,2,9.2,269.2,0,0,0,0,0,1
254400,64.951,-0.429,0,1,1,0,6.166,0.0,0,0,1,0,13.343,0.0,0,32.01,0,0,0,1,0,1,1,0,0,1,0,12192.0,2,1,1,1,0,0,1,2,9.0,272.4,0,0,0,0,0,1
254500,64.91,-0.414,0,1,1,0,6.166,0.0,0,0,1,0,13.343,0.0,0,31.89,0,0,0,1,0,1,1,0,0,1,0,12192.0,2,1,1,1,0,0,1,2,8.5,267.4,0,0,0,0,0,1
254600,64.87,-0.399,0,1,1,0,6.166,0.0,0,0,1,0,13.343,0.0,0,32.15,0,0,0,1,0,1,1,0,0,1,0,12192.0,2,1,1,1,0,0,1,2,8.7,270.2,0,0,0,0,0,1
254700,64.832,-0.384,0,1,1,0,6.166,0.0,0,0,1,0,13.343,0.0,0,32.06,0,0,0,1,0,1,1,0,0,1,0,12192.0,2,1,1,1,0,0,1,2,9.1,269.9,0,0,0,0,0,1
254800,64.795,-0.369,0,1,1,0,6.166,0.0,0,0,1,0,13.343,0.0,0,32.05,0,0,0,1,0,1,1,0,0,1,0,12192.0,2,1,1,1,0,0,1,2,8.4,271.8,0,0,0,0,0,1
254900,64.759,-0.354,0,1,1,0,6.166,0.0,0,0,1,0,13.343,0.0,0,32.02,0,0,0,1,0,1,1,0,0,1,0,12192.0,2,1,1,1,0,0,1,2,8.6,270.1,0,0,0,0,0,1
255000,64.725,-0.34,0,1,1,0,6.166,0.0,0,0,1,0,13.343,0.0,0,32.01,0,0,0,1,0,1,1,0,0,1,0,12192.0,2,1,1,1,0,0,1,2,8.1,272.9,0,0,0,0,0,1
255100,64.693,-0.325,0,1,1,0,6.166,0.0,0,0,1,0,13.343,0.0,0,32.02,0,0,0,1,0,1,1,0,0,1,0,12192.0,2,1,1,1,0,0,1,2,8.0,271.6,0,0,0,0,0,1
255200,64.662,-0.31,0,1,1,0,6.166,0.0,0,0,1,0,13.343,0.0,0,32.21,0,0,0,1,0,1,1,0,0,1,0,12192.0,2,1,1,1,0,0,1,2,7.8,271.8,0,0,0,0,0,1
255300,64.632,-0.295,0,1,1,0,6.166,0.0,0,0,1,0,13.343,0.0,0,32.06,0,0,0,1,0,1,1,0,0,1,0,12192.0,2,1,1,1,0,0,1,2,7.1,271.9,0,0,0,0,0,1
255400,64.604,-0.28,0,1,1,0,6.166,0.0,0,0,1,0,13.343,0.0,0,31.87,0,0,0,1,0,1,1,0,0,1,0,12192.0,2,1,1,1,0,0,1,2,7.9,275.6,0,0,0,0,0,1
255500,64.578,-0.265,0,1,1,0,6.166,0.0,0,0,1,0,13.343,0.0,0,31.99,0,0,0,1,0,1,1,0,0,1,0,12192.0,2,1,1,1,0,0,1,2,8.4,267.0,0,0,0,0,0,1
255600,64.553,-0.25,0,1,1,0,6.166,0.0,0,0,1,0,13.343,0.0,0,32.21,0,0,0,1,0,1,1,0,0,1,0,12192.0,2,1,1,1,0,0,1,2,8.5,276.3,0,0,0,0,0,1
255700,64.529,-0.236,0,1,1,0,6.166,0.0,0,0,1,0,13.343,0.0,0,31.97,0,0,0,1,0,1,1,0,0,1,0,12192.0,2,1,1,1,0,0,1,2,7.3,270.5,0,0,0,0,0,1
255800,64.507,-0.221,0,1,1,0,6.166,0.0,0,0,1,0,13.343,0.0,0,32.23,0,0,0,1,0,1,1,0,0,1,0,12192.0,2,1,1,1,0,0,1,2,7.7,268.2,0,0,0,0,0,1
255900,64.486,-0.206,0,1,1,0,6.166,0.0,0,0,1,0,13.343,0.0,0,31.95,0,0,0,1,0,1,1,0,0,1,0,12192.0,2,1,1,1,0,0,1,2,8.8,271.5,0,0,0,0,0,1
256000,64.467,-0.191,0,1,1,0,6.166,0.0,0,0,1,0,13.343,0.0,0,32.03,0,0,0,1,0,1,1,0,0,1,0,12192.0,2,1,1,1,0,0,1,2,8.1,269.3,0,0,0,0,0,1
256100,64.45,-0.176,0,1,1,0,6.166,0.0,0,0,1,0,13.343,0.0,0,31.87,0,0,0,1,0,1,1,0,0,1,0,12192.0,2,1,1,1,0,0,1,2,8.5,272.0,0,0,0,0,0,1
256200,64.434,-0.161,0,1,1,0,6.166,0.0,0,0,1,0,13.343,0.0,0,31.92,0,0,0,1,0,1,1,0,0,1,0,12192.0,2,1,1,1,0,0,1,2,6.9,268.9,0,0,0,0,0,1
256300,64.419,-0.147,0,1,1,0,6.166,0.0,0,0,1,0,13.343,0.0,0,32.02,0,0,0,1,0,1,1,0,0,1,0,12192.0,2,1,1,1,0,0,1,2,7.5,272.1,0,0,0,0,0,1
256400,64.406,-0.132,0,1,1,0,6.166,0.0,0,0,1,0,13.343,0.0,0,31.96,0,0,0,1,0,1,1,0,0,1,0,12192.0,2,1,1,1,0,0,1,2,8.3,270.6,0,0,0,0,0,1
256500,64.394,-0.117,0,1,1,0,6.166,0.0,0,0,1,0,13.343,0.0,0,32.02,0,0,0,1,0,1,1,0,0,1,0,12192.0,2,1,1,1,0,0,1,2,8.1,271.2,0,0,0,0,0,1
256600,64.384,-0.102,0,1,1,0,6.166,0.0,0,0,1,0,13.343,0.0,0,31.99,0,0,0,1,0,1,1,0,0,1,0,12192.0,2,1,1,1,0,0,1,2,7.1,269.2,0,0,0,0,0,1
256700,64.375,-0.087,0,1,1,0,6.166,0.0,0,0,1,0,13.343,0.0,0,31.82,0,0,0,1,0,1,1,0,0,1,0,12192.0,2,1,1,1,0,0,1,2,7.4,269.0,0,0,0,0,0,1
256800,64.368,-0.072,0,1,1,0,6.166,0.0,0,0,1,0,13.343,0.0,0,31.89,0,0,0,1,0,1,1,0,0,1,0,12192.0,2,1,1,1,0,0,1,2,8.2,266.3,0,0,0,0,0,1
256900,64.361,-0.073,0,1,1,0,6.166,0.0,0,0,1,0,13.343,0.0,0,31.89,0,0,0,1,0,1,1,0,0,1,0,12192.0,2,1,1,1,0,0,1,2,7.3,269.8,0,0,0,0,0,1
257000,64.355,-0.056,0,1,1,0,6.166,0.0,0,0,1,0,13.343,0.0,0,31.78,0,0,0,1,0,1,1,0,0,1,0,12192.0,2,1,1,1,0,0,1,2,7.3,271.3,0,0,0,0,0,1
257100,64.351,-0.039,0,1,1,0,6.166,0.0,0,0,1,0,13.343,0.0,0,31.91,0,0,0,1,0,1,1,0,0,1,0,12192.0,2,1,1,1,0,0,1,2,7.0,271.8,0,0,0,0,0,1
257200,64.349,-0.018,0,1,1,0,6.166,0.0,0,0,1,0,13.338,-0.05,0,30.16,0,0,1,1,0,1,1,0,0,1,0,12192.0,2,1,1,1,0,0,1,2,7.2,266.3,0,0,0,0,0,1
257300,64.349,0.0,0,0,1,0,6.166,0.0,0,0,1,0,13.328,-0.1,0,30.37,0,0,1,1,0,1,1,0,0,1,0,12192.0,2,1,1,1,0,0,1,2,7.1,269.5,0,0,0,0,0,1
257400,64.349,0.0,0,0,1,0,6.166,0.0,0,0,1,0,13.313,-0.149,0,30.2,0,0,1,1,0,1,1,0,0,1,0,12192.0,2,1,1,1,0,0,1,2,7.8,272.3,0,0,0,0,0,1
257500,64.349,0.0,0,0,1,0,6.166,0.0,0,0,1,0,13.293,-0.199,0,30.45,0,0,1,1,0,1,1,0,0,1,0,12192.0,2,1,1,1,0,0,1,2,8.3,269.1,0,0,0,0,0,1
257600,64.349,0.0,0,0,1,0,6.166,0.0,0,0,1,0,13.268,-0.249,0,30.49,0,0,1,1,0,1,1,0,0,1,0,12192.0,2,1,1,1,0,0,1,2,8.2,265.8,0,0,0,0,0,1
257700,64.349,0.0,0,0,1,0,6.166,0.0,0,0,1,0,13.238,-0.299,0,30.35,0,0,1,1,0,1,1,0,0,1,0,12192.0,2,1,1,1,0,0,1,2,8.1,270.2,0,0,0,0,0,1
257800,64.349,0.0,0,0,1,0,6.166,0.0,0,0,1,0,13.204,-0.348,0,30.35,0,0,1,1,0,1,1,0,0,1,0,12192.0,2,1,1,1,0,0,1,2,7.3,269.3,0,0,0,0,0,1
257900,64.349,0.0,0,0,1,0,6.166,0.0,0,0,1,0,13.164,-0.398,0,30.31,0,0,1,1,0,1,1,0,0,1,0,12192.0,2,1,1,1,0,0,1,2,8.0,272.3,0,0,0,0,0,1
258000,64.349,0.0,0,0,1,0,6.166,0.0,0,0,1,0,13.119,-0.448,0,30.27,0,0,1,1,0,1,1,0,0,1,0,12192.0,2,1,1,1,0,0,1,2,6.9,273.0,0,0,0,0,0,1
258100,64.349,0.0,0,0,1,0,6.166,0.0,0,0,1,0,13.069,-0.498,0,30.17,0,0,1,1,0,1,1,0,0,1,0,12192.0,2,1,1,1,0,0,1,2,7.8,270.7,0,0,0,0,0,1
258200,64.349,0.0,0,0,1,0,6.166,0.0,0,0,1,0,13.014,-0.547,0,30.57,0,0,1,1,0,1,1,0,0,1,0,12192.0,2,1,1,1,0,0,1,2,7.6,270.6,0,0,0,0,0,1
258300,64.349,0.0,0,0,1,0,6.166,0.0,0,0,1,0,12.955,-0.597,0,30.41,0,0,1,1,0,1,1,0,0,1,0,12192.0,2,1,1,1,0,0,1,2,8.0,271.4,0,0,0,0,0,1
258400,64.349,0.0,0,0,1,0,6.166,0.0,0,0,1,0,12.89,-0.647,0,30.5,0,0,1,1,0,1,1,0,0,1,0,12192.0,2,1,1,1,0,0,1,2,6.7,267.7,0,0,0,0,0,1
258500,64.349,0.0,0,0,1,0,6.166,0.0,0,0,1,0,12.82,-0.697,0,30.43,0,0,1,1,0,1,1,0,0,1,0,12192.0,2,1,1,1,0,0,1,2,7.5,267.6,0,0,0,0,0,1
258600,64.349,0.0,0,0,1,0,6.166,0.0,0,0,1,0,12.746,-0.746,0,30.24,0,0,1,1,0,1,1,0,0,1,0,12192.0,2,1,1,1,0,0,1,2,7.4,271.7,0,0,0,0,0,1
258700,64.349,0.0,0,0,1,0,6.166,0.0,0,0,1,0,12.666,-0.796,0,30.18,0,0,1,1,0,1,1,0,0,1,0,12192.0,2,1,1,1,0,0,1,2,7.4,272.8,0,0,0,0,0,1
258800,64.349,0.0,0,0,1,0,6.166,0.0,0,0,1,0,12.581,-0.846,0,30.4,0,0,1,1,0,1,1,0,0,1,0,12192.0,2,1,1,1,0,0,1,2,7.2,270.8,0,0,0,0,0,1
258900,64.349,0.0,0,0,1,0,6.166,0.0,0,0,1,0,12.492,-0.896,0,30.5,0,0,1,1,0,1,1,0,0,1,0,12192.0,2,1,1,1,0,0,1,2,7.5,274.0,0,0,0,0,0,1
259000,64.349,0.0,0,0,1,0,6.166,0.0,0,0,1,0,12.397,-0.945,0,30.31,0,0,1,1,0,1,1,0,0,1,0,12192.0,2,1,1,1,0,0,1,2,7.7,266.1,0,0,0,0,0,1
259100,64.349,0.0,0,0,1,0,6.166,0.0,0,0,1,0,12.298,-0.995,0,30.51,0,0,1,1,0,1,1,0,0,1,0,12192.0,2,1,1,1,0,0,1,2,7.2,269.3,0,0,0,0,0,1
259200,64.349,0.0,0,0,1,0,6.166,0.0,0,0,1,0,12.193,-1.045,0,30.23,0,0,1,1,0,1,1,0,0,1,0,12192.0,2,1,1,1,0,0,1,2,7.6,268.7,0,0,0,0,0,1
259300,64.349,0.0,0,0,1,0,6.166,0.0,0,0,1,0,12.084,-1.095,0,30.13,0,0,1,1,0,1,1,0,0,1,0,12192.0,2,1,1,1,0,0,1,2,7.9,271.3,0,0,0,0,0,1
259400,64.349,0.0,0,0,1,0,6.166,0.0,0,0,1,0,11.969,-1.145,0,30.33,0,0,1,1,0,1,1,0,0,1,0,12192.0,2,1,1,1,0,0,1,2,6.4,267.3,0,0,0,0,0,1
259500,64.349,0.0,0,0,1,0,6.166,0.0,0,0,1,0,11.85,-1.194,0,30.22,0,0,1,1,0,1,1,0,0,1,0,12192.0,2,1,1,1,0,0,1,2,7.9,270.4,0,0,0,0,0,1
259600,64.349,0.0,0,0,1,0,6.166,0.0,0,0,1,0,11.726,-1.244,0,30.58,0,0,1,1,0,1,1,0,0,1,0,12192.0,2,1,1,1,0,0,1,2,6.7,270.8,0,0,0,0,0,1
259700,64.349,0.0,0,0,1,0,6.166,0.0,0,0,1,0,11.599,-1.266,0,30.26,0,0,1,1,0,1,1,0,0,1,0,12192.0,2,1,1,1,0,0,1,2,8.4,270.6,0,0,0,0,0,1
259800,64.349,0.0,0,0,1,0,6.166,0.0,0,0,1,0,11.472,-1.266,0,30.44,0,0,1,1,0,1,1,0,0,1,0,12192.0,2,1,1,1,0,0,1,2,7.3,268.2,0,0,0,0,0,1
259900,64.349,0.0,0,0,1,0,6.166,0.0,0,0,1,0,11.346,-1.266,0,30.38,0,0,1,1,0,1,1,0,0,1,0,12192.0,2,1,1,1,0,0,1,2,7.7,270.0,0,0,0,0,0,1
260000,64.349,0.0,0,0,1,0,6.166,0.0,0,0,1,0,11.219,-1.266,0,30.39,0,0,1,1,0,1,1,0,0,1,0,12192.0,2,1,1,1,0,0,1,2,8.1,273.6,0,0,0,0,0,1
260100,64.349,0.0,0,0,1,0,6.166,0.0,0,0,1,0,11.093,-1.266,0,30.49,0,0,1,1,0,1,1,0,0,1,0,12192.0,2,1,1,1,0,0,1,2,7.7,270.7,0,0,0,0,0,1
260200,64.349,0.0,0,0,1,0,6.166,0.0,0,0,1,0,10.966,-1.266,0,30.33,0,0,1,1,0,1,1,0,0,1,0,12192.0,2,1,1,1,0,0,1,2,8.4,272.0,0,0,0,0,0,1
260300,64.349,0.0,0,0,1,0,6.166,0.0,0,0,1,0,10.839,-1.266,0,30.46,0,0,1,1,0,1,1,0,0,1,0,12192.0,2,1,1,1,0,0,1,2,7.1,263.2,0,0,0,0,0,1
260400,64.349,0.0,0,0,1,0,6.166,0.0,0,0,1,0,10.713,-1.266,0,30.32,0,0,1,1,0,1,1,0,0,1,0,12192.0,2,1,1,1,0,0,1,2,7.8,269.5,0,0,0,0,0,1
260500,64.349,0.0,0,0,1,0,6.166,0.0,0,0,1,0,10.586,-1.266,0,30.61,0,0,1,1,0,1,1,0,0,1,0,12192.0,2,1,1,1,0,0,1,2,8.5,272.0,0,0,0,0,0,1
260600,64.349,0.0,0,0,1,0,6.166,0.0,0,0,1,0,10.46,-1.266,0,30.55,0,0,1,1,0,1,1,0,0,1,0,12192.0,2,1,1,1,0,0,1,2,7.8,268.1,0,0,0,0,0,1
260700,64.349,0.0,0,0,1,0,6.166,0.0,0,0,1,0,10.333,-1.266,0,30.57,0,0,1,1,0,1,1,0,0,1,0,12192.0,2,1,1,1,0,0,1,2,8.0,274.8,0,0,0,0,0,1
260800,64.349,0.0,0,0,1,0,6.166,0.0,0,0,1,0,10.207,-1.266,0,30.32,0,0,1,1,0,1,1,0,0,1,0,12192.0,2,1,1,1,0,0,1,2,8.2,269.6,0,0,0,0,0,1
260900,64.349,0.0,0,0,1,0,6.166,0.0,0,0,1,0,10.08,-1.266,0,30.5,0,0,1,1,0,1,1,0,0,1,0,12192.0,2,1,1,1,0,0,1,2,8.2,270.4,0,0,0,0,0,1
261000,64.349,0.0,0,0,1,0,6.166,0.0,0,0,1,0,9.953,-1.266,0,30.17,0,0,1,1,0,1,1,0,0,1,0,12192.0,2,1,1,1,0,0,1,2,8.4,269.3,0,0,0,0,0,1
261100,64.349,0.0,0,0,1,0,6.166,0.0,0,0,1,0,9.827,-1.266,0,30.51,0,0,1,1,0,1,1,0,0,1,0,12192.0,2,1,1,1,0,0,1,2,8.6,268.1,0,0,0,0,0,1
261200,64.349,0.0,0,0,1,0,6.166,0.0,0,0,1,0,9.7,-1.266,0,30.54,0,0,1,1,0,1,1,0,0,1,0,12192.0,2,1,1,1,0,0,1,2,7.3,270.5,0,0,0,0,0,1
261300,64.349,0.0,0,0,1,0,6.166,0.0,0,0,1,0,9.574,-1.266,0,30.23,0,0,1,1,0,1,1,0,0,1,0,12192.0,2,1,1,1,0,0,1,2,8.5,266.9,0,0,0,0,0,1
261400,64.349,0.0,0,0,1,0,6.166,0.0,0,0,1,0,9.447,-1.266,0,30.33,0,0,1,1,0,1,1,0,0,1,0,12192.0,2,1,1,1,0,0,1,2,9.1,270.9,0,0,0,0,0,1
261500,64.349,0.0,0,0,1,0,6.166,0.0,0,0,1,0,9.321,-1.266,0,30.43,0,0,1,1,0,1,1,0,0,1,0,12192.0,2,1,1,1,0,0,1,2,8.8,268.0,0,0,0,0,0,1
261600,64.349,0.0,0,0,1,0,6.166,0.0,0,0,1,0,9.194,-1.266,0,30.37,0,0,1,1,0,1,1,0,0,1,0,12192.0,2,1,1,1,0,0,1,2,8.1,272.6,0,0,0,0,0,1
261700,64.349,0.0,0,0,1,0,6.166,0.0,0,0,1,0,9.067,-1.266,0,30.54,0,0,1,1,0,1,1,0,0,1,0,12192.0,2,1,1,1,0,0,1,2,7.9,269.7,0,0,0,0,0,1
261800,64.349,0.0,0,0,1,0,6.166,0.0,0,0,1,0,8.941,-1.266,0,30.4,0,0,1,1,0,1,1,0,0,1,0,12192.0,2,1,1,1,0,0,1,2,9.4,269.0,0,0,0,0,0,1
261900,64.349,0.0,0,0,1,0,6.166,0.0,0,0,1,0,8.814,-1.266,0,30.32,0,0,1,1,0,1,1,0,0,1,0,12192.0,2,1,1,1,0,0,1,2,9.0,268.1,0,0,0,0,0,1
262000,64.349,0.0,0,0,1,0,6.166,0.0,0,0,1,0,8.688,-1.266,0,30.45,0,0,1,1,0,1,1,0,0,1,0,12192.0,2,1,1,1,0,0,1,2,9.1,271.3,0,0,0,0,0,1
262100,64.349,0.0,0,0,1,0,6.166,0.0,0,0,1,0,8.561,-1.266,0,30.41,0,0,1,1,0,1,1,0,0,1,0,12192.0,2,1,1,1,0,0,1,2,8.9,272.7,0,0,0,0,0,1
262200,64.349,0.0,0,0,1,0,6.166,0.0,0,0,1,0,8.434,-1.266,0,30.55,0,0,1,1,0,1,1,0,0,1,0,12192.0,2,1,1,1,0,0,1,2,7.5,272.2,0,0,0,0,0,1
262300,64.349,0.0,0,0,1,0,6.166,0.0,0,0,1,0,8.308,-1.266,0,30.26,0,0,1,1,0,1,1,0,0,1,0,12192.0,2,1,1,1,0,0,1,2,8.8,269.6,0,0,0,0,0,1
262400,64.349,0.0,0,0,1,0,6.166,0.0,0,0,1,0,8.181,-1.266,0,30.46,0,0,1,1,0,1,1,0,0,1,0,12192.0,2,1,1,1,0,0,1,2,8.1,271.9,0,0,0,0,0,1
262500,64.349,0.0,0,0,1,0,6.166,0.0,0,0,1,0,8.055,-1.266,0,30.42,0,0,1,1,0,1,1,0,0,1,0,12192.0,2,1,1,1,0,0,1,2,8.9,270.2,0,0,0,0,0,1
262600,64.349,0.0,0,0,1,0,6.166,0.0,0,0,1,0,7.928,-1.266,0,30.31,0,0,1,1,0,1,1,0,0,1,0,12192.0,2,1,1,1,0,0,1,2,9.6,273.1,0,0,0,0,0,1
262700,64.349,0.0,0,0,1,0,6.166,0.0,0,0,1,0,7.802,-1.266,0,30.41,0,0,1,1,0,1,1,0,0,1,0,12192.0,2,1,1,1,0,0,1,2,8.5,269.2,0,0,0,0,0,1
262800,64.349,0.0,0,0,1,0,6.166,0.0,0,0,1,0,7.675,-1.266,0,30.52,0,0,1,1,0,1,1,0,0,1,0,12192.0,2,1,1,1,0,0,1,2,9.1,267.5,0,0,0,0,0,1
262900,64.349,0.0,0,0,1,0,6.166,0.0,0,0,1,0,7.548,-1.266,0,30.25,0,0,1,1,0,1,1,0,0,1,0,12192.0,2,1,1,1,0,0,1,2,8.2,269.8,0,0,0,0,0,1
263000,64.349,0.0,0,0,1,0,6.166,0.0,0,0,1,0,7.422,-1.266,0,30.42,0,0,1,1,0,1,1,0,0,1,0,12192.0,2,1,1,1,0,0,1,2,8.6,270.5,0,0,0,0,0,1
263100,64.349,0.0,0,0,1,0,6.166,0.0,0,0,1,0,7.295,-1.266,0,30.4,0,0,1,1,0,1,1,0,0,1,0,12192.0,2,1,1,1,0,0,1,2,9.1,265.4,0,0,0,0,0,1
263200,64.349,0.0,0,0,1,0,6.166,0.0,0,0,1,0,7.169,-1.266,0,30.38,0,0,1,1,0,1,1,0,0,1,0,12192.0,2,1,1,1,0,0,1,2,8.9,270.0,0,0,0,0,0,1
263300,64.349,0.0,0,0,1,0,6.166,0.0,0,0,1,0,7.042,-1.266,0,30.54,0,0,1,1,0,1,1,0,0,1,0,12192.0,2,1,1,1,0,0,1,2,7.4,269.7,0,0,0,0,0,1
263400,64.349,0.0,0,0,1,0,6.166,0.0,0,0,1,0,6.915,-1.266,0,30.29,0,0,1,1,0,1,1,0,0,1,0,12192.0,2,1,1,1,0,0,1,2,8.9,270.6,0,0,0,0,0,1
263500,64.349,0.0,0,0,1,0,6.166,0.0,0,0,1,0,6.789,-1.266,0,30.61,0,0,1,1,0,1,1,0,0,1,0,12192.0,2,1,1,1,0,0,1,2,8.5,269.8,0,0,0,0,0,1
263600,64.349,0.0,0,0,1,0,6.166,0.0,0,0,1,0,6.662,-1.266,0,30.38,0,0,1,1,0,1,1,0,0,1,0,12192.0,2,1,1,1,0,0,1,2,8.4,273.8,0,0,0,0,0,1
263700,64.349,0.0,0,0,1,0,6.166,0.0,0,0,1,0,6.536,-1.266,0,30.22,0,0,1,1,0,1,1,0,0,1,0,12192.0,2,1,1,1,0,0,1,2,8.8,269.2,0,0,0,0,0,1
263800,64.349,0.0,0,0,1,0,6.166,0.0,0,0,1,0,6.409,-1.266,0,30.3,0,0,1,1,0,1,1,0,0,1,0,12192.0,2,1,1,1,0,0,1,2,8.2,268.4,0,0,0,0,0,1
263900,64.349,0.0,0,0,1,0,6.166,0.0,0,0,1,0,6.283,-1.266,0,30.16,0,0,1,1,0,1,1,0,0,1,0,12192.0,2,1,1,1,0,0,1,2,8.1,267.3,0,0,0,0,0,1
264000,64.349,0.0,0,0,1,0,6.166,0.0,0,0,1,0,6.156,-1.266,0,30.29,0,0,1,1,0,1,1,0,0,1,0,12192.0,2,1,1,1,0,0,1,2,8.1,273.9,0,0,0,0,0,1
264100,64.349,0.0,0,0,1,0,6.166,0.0,0,0,1,0,6.029,-1.266,0,30.26,0,0,1,1,0,1,1,0,0,1,0,12192.0,2,1,1,1,0,0,1,2,8.7,268.4,0,0,0,0,0,1
264200,64.349,0.0,0,0,1,0,6.166,0.0,0,0,1,0,5.903,-1.266,0,30.41,0,0,1,1,0,1,1,0,0,1,0,12192.0,2,1,1,1,0,0,1,2,7.2,270.3,0,0,0,0,0,1
264300,64.349,0.0,0,0,1,0,6.166,0.0,0,0,1,0,5.776,-1.266,0,30.33,0,0,1,1,0,1,1,0,0,1,0,12192.0,2,1,1,1,0,0,1,2,8.2,268.8,0,0,0,0,0,1
264400,64.349,0.0,0,0,1,0,6.166,0.0,0,0,1,0,5.65,-1.266,0,30.34,0,0,1,1,0,1,1,0,0,1,0,12192.0,2,1,1,1,0,0,1,2,8.4,266.9,0,0,0,0,0,1
264500,64.349,0.0,0,0,1,0,6.166,0.0,0,0,1,0,5.523,-1.266,0,30.44,0,0,1,1,0,1,1,0,0,1,0,12192.0,2,1,1,1,0,0,1,2,8.3,269.0,0,0,0,0,0,1
264600,64.349,0.0,0,0,1,0,6.166,0.0,0,0,1,0,5.396,-1.266,0,30.24,0,0,1,1,0,1,1,0,0,1,0,12192.0,2,1,1,1,0,0,1,2,7.9,268.7,0,0,0,0,0,1
264700,64.349,0.0,0,0,1,0,6.166,0.0,0,0,1,0,5.27,-1.266,0,30.43,0,0,1,1,0,1,1,0,0,1,0,12192.0,2,1,1,1,0,0,1,2,8.1,272.3,0,0,0,0,0,1
264800,64.349,0.0,0,0,1,0,6.166,0.0,0,0,1,0,5.143,-1.266,0,30.48,0,0,1,1,0,1,1,0,0,1,0,12192.0,2,1,1,1,0,0,1,2,8.0,271.9,0,0,0,0,0,1
264900,64.349,0.0,0,0,1,0,6.166,0.0,0,0,1,0,5.017,-1.266,0,30.35,0,0,1,1,0,1,1,0,0,1,0,12192.0,2,1,1,1,0,0,1,2,7.3,268.4,0,0,0,0,0,1
265000,64.349,0.0,0,0,1,0,6.166,0.0,0,0,1,0,4.89,-1.266,0,30.24,0,0,1,1,0,1,1,0,0,1,0,12192.0,2,1,1,1,0,0,1,2,7.6,264.9,0,0,0,0,0,1
265100,64.349,0.0,0,0,1,0,6.166,0.0,0,0,1,0,4.764,-1.266,0,30.28,0,0,1,1,0,1,1,0,0,1,0,12192.0,2,1,1,1,0,0,1,2,7.4,265.6,0,0,0,0,0,1
265200,64.349,0.0,0,0,1,0,6.166,0.0,0,0,1,0,4.637,-1.266,0,30.18,0,0,1,1,0,1,1,0,0,1,0,12192.0,2,1,1,1,0,0,1,2,8.6,266.3,0,0,0,0,0,1
265300,64.349,0.0,0,0,1,0,6.166,0.0,0,0,1,0,4.51,-1.266,0,30.28,0,0,1,1,0,1,1,0,0,1,0,12192.0,2,1,1,1,0,0,1,2,7.8,270.1,0,0,0,0,0,1
265400,64.349,0.0,0,0,1,0,6.166,0.0,0,0,1,0,4.384,-1.266,0,30.41,0,0,1,1,0,1,1,0,0,1,0,12192.0,2,1,1,1,0,0,1,2,7.0,267.2,0,0,0,0,0,1
265500,64.349,0.0,0,0,1,0,6.166,0.0,0,0,1,0,4.257,-1.266,0,30.29,0,0,1,1,0,1,1,0,0,1,0,12192.0,2,1,1,1,0,0,1,2,7.5,266.0,0,0,0,0,0,1
265600,64.349,0.0,0,0,1,0,6.166,0.0,0,0,1,0,4.131,-1.266,0,30.54,0,0,1,1,0,1,1,0,0,1,0,12192.0,2,1,1,1,0,0,1,2,7.5,268.6,0,0,0,0,0,1
265700,64.349,0.0,0,0,1,0,6.166,0.0,0,0,1,0,4.009,-1.216,0,33.68,0,0,1,1,0,1,1,0,0,1,0,12192.0,2,1,1,1,0,0,1,2,8.0,267.9,0,0,0,0,0,1
265800,64.349,0.0,0,0,1,0,6.166,0.0,0,0,1,0,3.892,-1.166,0,33.75,0,0,1,1,0,1,1,0,0,1,0,12192.0,2,1,1,1,0,0,1,2,7.3,269.5,0,0,0,0,0,1
265900,64.349,0.0,0,0,1,0,6.166,0.0,0,0,1,0,3.781,-1.117,0,33.57,0,0,1,1,0,1,1,0,0,1,0,12192.0,2,1,1,1,0,0,1,2,7.7,266.2,0,0,0,0,0,1
266000,64.349,0.0,0,0,1,0,6.166,0.0,0,0,1,0,3.674,-1.067,0,33.62,0,0,1,1,0,1,1,0,0,1,0,12192.0,2,1,1,1,0,0,1,2,7.8,263.0,0,0,0,0,0,1
266100,64.349,0.0,0,0,1,0,6.166,0.0,0,0,1,0,3.572,-1.017,0,33.67,0,0,1,1,0,1,1,0,0,1,0,12192.0,2,1,1,1,0,0,1,2,7.5,270.4,0,0,0,0,0,1
266200,64.349,0.0,0,0,1,0,6.166,0.0,0,0,1,0,3.476,-0.967,0,33.52,0,0,1,1,0,1,1,0,0,1,0,12192.0,2,1,1,1,0,0,1,2,8.0,271.0,0,0,0,0,0,1
266300,64.349,0.0,0,0,1,0,6.166,0.0,0,0,1,0,3.384,-0.917,0,33.51,0,0,1,1,0,1,1,0,0,1,0,12192.0,2,1,1,1,0,0,1,2,7.0,267.7,0,0,0,0,0,1
266400,64.349,0.0,0,0,1,0,6.166,0.0,0,0,1,0,3.297,-0.868,0,33.58,0,0,1,1,0,1,1,0,0,1,0,12192.0,2,1,1,1,0,0,1,2,7.8,267.4,0,0,0,0,0,1
266500,64.349,0.0,0,0,1,0,6.166,0.0,0,0,1,0,3.215,-0.818,0,33.53,0,0,1,1,0,1,1,0,0,1,0,12192.0,2,1,1,1,0,0,1,2,7.3,265.7,0,0,0,0,0,1
266600,64.349,0.0,0,0,1,0,6.166,0.0,0,0,1,0,3.138,-0.768,0,33.65,0,0,1,1,0,1,1,0,0,1,0,12192.0,2,1,1,1,0,0,1,2,7.2,270.7,0,0,0,0,0,1
266700,64.349,0.0,0,0,1,0,6.166,0.0,0,0,1,0,3.067,-0.718,0,33.63,0,0,1,1,0,1,1,0,0,1,0,12192.0,2,1,1,1,0,0,1,2,7.5,269.6,0,0,0,0,0,1
266800,64.349,0.0,0,0,1,0,6.166,0.0,0,0,1,0,3.0,-0.669,0,33.64,0,0,1,1,0,1,1,0,0,1,0,12192.0,2,1,1,1,0,0,1,2,8.2,266.5,0,0,0,0,0,1
266900,64.349,0.0,0,0,1,0,6.166,0.0,0,0,1,0,2.938,-0.619,0,33.63,0,0,1,1,0,1,1,0,0,1,0,12192.0,2,1,1,1,0,0,1,2,7.6,266.7,0,0,0,0,0,1
267000,64.349,0.0,0,0,1,0,6.166,0.0,0,0,1,0,2.881,-0.569,0,33.47,0,0,1,1,0,1,1,0,0,1,0,12192.0,2,1,1,1,0,0,1,2,7.2,274.2,0,0,0,0,0,1
267100,64.349,0.0,0,0,1,0,6.166,0.0,0,0,1,0,2.829,-0.519,0,33.82,0,0,1,1,0,1,1,0,0,1,0,12192.0,2,1,1,1,0,0,1,2,6.9,272.0,0,0,0,0,0,1
267200,64.349,0.0,0,0,1,0,6.166,0.0,0,0,1,0,2.782,-0.47,0,33.61,0,0,1,1,0,1,1,0,0,1,0,12192.0,2,1,1,1,0,0,1,2,7.7,271.5,0,0,0,0,0,1
267300,64.349,0.0,0,0,1,0,6.166,0.0,0,0,1,0,2.74,-0.42,0,33.39,0,0,1,1,0,1,1,0,0,1,0,12192.0,2,1,1,1,0,0,1,2,7.5,268.8,0,0,0,0,0,1
267400,64.349,0.0,0,0,1,0,6.166,0.0,0,0,1,0,2.703,-0.37,0,33.7,0,0,1,1,0,1,1,0,0,1,0,12192.0,2,1,1,1,0,0,1,2,6.9,269.4,0,0,0,0,0,1
267500,64.349,0.0,0,0,1,0,6.166,0.0,0,0,1,0,2.671,-0.32,0,33.72,0,0,1,1,0,1,1,0,0,1,0,12192.0,2,1,1,1,0,0,1,2,7.8,269.2,0,0,0,0,0,1
267600,64.349,0.0,0,0,1,0,6.166,0.0,0,0,1,0,2.644,-0.271,0,33.74,0,0,1,1,0,1,1,0,0,1,0,12192.0,2,1,1,1,0,0,1,2,7.6,268.4,0,0,0,0,0,1
267700,64.349,0.0,0,0,1,0,6.166,0.0,0,0,1,0,2.622,-0.221,0,33.61,0,0,1,1,0,1,1,0,0,1,0,12192.0,2,1,1,1,0,0,1,2,8.5,269.4,0,0,0,0,0,1
267800,64.349,0.0,0,0,1,0,6.166,0.0,0,0,1,0,2.599,-0.225,0,30.58,0,0,1,1,0,1,1,0,0,1,0,12192.0,2,1,1,1,0,0,1,2,7.9,271.2,0,0,0,0,0,1
267900,64.349,0.0,0,0,1,0,6.166,0.0,0,0,1,0,2.582,-0.168,0,33.61,0,0,1,1,0,1,1,0,0,1,0,12192.0,2,1,1,1,0,0,1,2,7.7,272.7,0,0,0,0,0,1
268000,64.349,0.0,0,0,1,0,6.166,0.0,0,0,1,0,2.572,-0.108,0,33.57,0,0,1,1,0,1,1,0,0,1,0,12192.0,2,1,1,1,0,0,1,2,7.4,265.9,0,0,0,0,0,1
268100,64.349,0.0,0,0,0,0,6.166,0.0,0,0,0,0,2.567,0.0,0,32.1,0,0,0,0,0,1,1,0,0,1,0,12192.0,2,1,1,0,1,0,1,2,7.1,268.3,0,0,0,0,0,1
268200,64.349,0.0,0,0,0,0,6.166,0.0,0,0,0,0,2.567,0.0,0,32.1,0,0,0,0,0,1,1,0,1,1,0,12192.0,2,1,1,0,1,0,1,2,7.4,266.8,0,0,0,0,0,1
268300,64.349,0.0,0,0,0,0,6.166,0.0,0,0,0,0,2.567,0.0,0,32.09,0,0,0,0,0,1,1,0,1,1,0,12192.0,2,1,1,0,1,0,1,2,8.2,268.4,0,0,0,0,0,1
268400,64.349,0.0,0,0,0,0,6.166,0.0,0,0,0,0,2.567,0.0,0,32.03,0,0,0,0,0,1,1,0,1,1,0,12192.0,2,1,1,0,1,0,1,2,7.8,270.4,0,0,0,0,0,1
268500,64.349,0.0,0,0,0,0,6.166,0.0,0,0,0,0,2.567,0.0,0,32.14,0,0,0,0,0,1,1,0,1,1,0,12192.0,2,1,1,0,1,0,1,2,7.4,268.3,0,0,0,0,0,1
268600,64.349,0.0,0,0,0,0,6.166,0.0,0,0,0,0,2.567,0.0,0,31.88,0,0,0,0,0,1,1,0,1,1,0,12192.0,2,1,1,0,1,0,1,2,8.1,270.6,0,0,0,0,0,1
268700,64.349,0.0,0,0,0,0,6.166,0.0,0,0,0,0,2.567,0.0,0,32.09,0,0,0,0,0,1,1,0,1,1,0,12192.0,2,1,1,0,1,0,1,2,6.8,267.0,0,0,0,0,0,1
268800,64.349,0.0,0,0,0,0,6.166,0.0,0,0,0,0,2.567,0.0,0,31.89,0,0,0,0,0,1,1,0,1,1,0,12192.0,2,1,1,0,1,0,1,2,8.0,271.4,0,0,0,0,0,1
268900,64.349,0.0,0,0,0,0,6.166,0.0,0,0,0,0,2.567,0.0,0,31.81,0,0,0,0,0,1,1,0,1,1,0,12192.0,2,1,1,0,1,0,1,2,7.9,272.7,0,0,0,0,0,1
269000,64.349,0.0,0,0,0,0,6.166,0.0,0,0,0,0,2.567,0.0,0,32.1,0,0,0,0,0,1,1,0,1,1,0,12192.0,2,1,1,0,1,0,1,2,8.3,271.4,0,0,0,0,0,1
269100,64.349,0.0,0,0,0,0,6.166,0.0,0,0,0,0,2.567,0.0,0,0.0,0,0,0,0,0,1,0,1,1,1,0,12192.0,2,1,1,0,1,0,1,2,8.1,268.5,0,0,0,0,0,1
269200,64.349,0.0,0,0,0,0,6.166,0.0,0,0,0,0,2.567,0.0,0,0.0,0,0,0,0,0,1,0,1,1,1,0,12192.0,2,1,1,0,1,0,1,2,7.6,270.8,0,0,0,0,0,1
269300,64.349,0.0,0,0,0,0,6.166,0.0,0,0,0,0,2.567,0.0,0,0.0,0,0,0,0,0,1,0,1,1,1,0,12192.0,2,1,1,0,1,0,1,2,7.4,267.3,0,0,0,0,0,1
269400,64.349,0.0,0,0,0,0,6.166,0.0,0,0,0,0,2.567,0.0,0,0.0,0,0,0,0,0,1,0,1,1,1,0,12192.0,2,1,1,0,1,0,1,2,7.9,274.6,0,0,0,0,0,1
269500,64.349,0.0,0,0,0,0,6.166,0.0,0,0,0,0,2.567,0.0,0,0.0,0,0,0,0,0,1,0,1,1,1,0,12192.0,2,1,1,0,1,0,1,2,7.5,274.3,0,0,0,0,0,1
269600,64.349,0.0,0,0,0,0,6.166,0.0,0,0,0,0,2.567,0.0,0,0.0,0,0,0,0,0,1,0,1,1,1,0,12192.0,2,1,1,0,1,0,1,2,9.3,271.7,0,0,0,0,0,1
269700,64.349,0.0,0,0,0,0,6.166,0.0,0,0,0,0,2.567,0.0,0,0.0,0,0,0,0,0,1,0,1,1,1,0,12192.0,2,1,1,0,1,0,1,2,7.9,270.8,0,0,0,0,0,1
269800,64.349,0.0,0,0,0,0,6.166,0.0,0,0,0,0,2.567,0.0,0,0.0,0,0,0,0,0,1,0,1,1,1,0,12192.0,2,1,1,0,1,0,1,2,7.3,266.7,0,0,0,0,0,1
269900,64.349,0.0,0,0,0,0,6.166,0.0,0,0,0,0,2.567,0.0,0,0.0,0,0,0,0,0,1,0,1,1,1,0,12192.0,2,1,1,0,1,0,1,2,8.0,274.0,0,0,0,0,0,1
270000,64.349,0.0,0,0,0,0,6.166,0.0,0,0,0,0,2.567,0.0,0,0.0,0,0,0,0,0,1,0,1,1,1,0,12192.0,2,1,1,0,1,0,1,2,8.2,271.7,0,0,0,0,0,1
270100,64.349,0.0,0,0,0,0,6.166,0.0,0,0,0,0,2.567,0.0,0,0.0,0,0,0,0,0,1,0,1,1,1,0,12192.0,2,1,1,0,1,0,1,2,8.0,270.5,0,0,0,0,0,1
270200,64.349,0.0,0,0,0,0,6.166,0.0,0,0,0,0,2.567,0.0,0,0.0,0,0,0,0,0,1,0,1,1,1,0,12192.0,2,1,1,0,1,0,1,2,8.8,268.8,0,0,0,0,0,1
270300,64.349,0.0,0,0,0,0,6.166,0.0,0,0,0,0,2.567,0.0,0,0.0,0,0,0,0,0,1,0,1,1,1,0,12192.0,2,1,1,0,1,0,1,2,8.7,275.1,0,0,0,0,0,1
270400,64.349,0.0,0,0,0,0,6.166,0.0,0,0,0,0,2.567,0.0,0,0.0,0,0,0,0,0,1,0,1,1,1,0,12192.0,2,1,1,0,1,0,1,2,9.1,269.5,0,0,0,0,0,1
270500,64.349,0.0,0,0,0,0,6.166,0.0,0,0,0,0,2.567,0.0,0,0.0,0,0,0,0,0,1,0,1,1,1,0,12192.0,2,1,1,0,1,0,1,2,8.6,271.8,0,0,0,0,0,1
270600,64.349,0.0,0,0,0,0,6.166,0.0,0,0,0,0,2.567,0.0,0,0.0,0,0,0,0,0,1,0,1,1,1,0,12192.0,2,1,1,0,1,0,1,2,8.1,275.1,0,0,0,0,0,1
270700,64.349,0.0,0,0,0,0,6.166,0.0,0,0,0,0,2.567,0.0,0,0.0,0,0,0,0,0,1,0,1,1,1,0,12192.0,2,1,1,0,1,0,1,2,8.9,274.4,0,0,0,0,0,1
270800,64.349,0.0,0,0,0,0,6.166,0.0,0,0,0,0,2.567,0.0,0,0.0,0,0,0,0,0,1,0,1,1,1,0,12192.0,2,1,1,0,1,0,1,2,8.9,272.4,0,0,0,0,0,1
270900,64.349,0.0,0,0,1,0,6.166,0.0,0,0,1,0,2.572,0.05,1,0.0,0,0,1,1,0,1,0,1,0,0,0,12192.0,2,1,1,1,0,0,1,2,8.0,271.4,0,0,0,0,0,1
271000,64.349,0.0,0,0,1,0,6.166,0.0,0,0,1,0,2.582,0.1,1,0.0,0,0,1,1,0,1,0,1,0,0,0,12192.0,2,1,1,1,0,0,1,2,7.9,270.1,0,0,0,0,0,1
271100,64.349,0.0,0,0,1,0,6.166,0.0,0,0,1,0,2.597,0.149,1,0.0,0,0,1,1,0,1,0,1,0,0,0,12192.0,2,1,1,1,0,0,1,2,8.1,273.6,0,0,0,0,0,1
271200,64.349,0.0,0,0,1,0,6.166,0.0,0,0,1,0,2.617,0.199,1,0.0,0,0,1,1,0,1,0,1,0,0,0,12192.0,2,1,1,1,0,0,1,2,8.8,270.2,0,0,0,0,0,1
271300,64.349,0.0,0,0,1,0,6.166,0.0,0,0,1,0,2.641,0.249,1,0.0,0,0,1,1,0,1,0,1,0,0,0,12192.0,2,1,1,1,0,0,1,2,7.5,272.3,0,0,0,0,0,1
271400,64.349,0.0,0,0,1,0,6.166,0.0,0,0,1,0,2.671,0.299,1,0.0,0,0,1,1,0,1,0,1,0,0,0,12192.0,2,1,1,1,0,0,1,2,9.0,269.4,0,0,0,0,0,1
271500,64.349,0.0,0,0,1,0,6.166,0.0,0,0,1,0,2.706,0.348,1,0.0,0,0,1,1,0,1,0,1,0,0,0,12192.0,2,1,1,1,0,0,1,2,8.6,264.9,0,0,0,0,0,1
271600,64.349,0.0,0,0,1,0,6.166,0.0,0,0,1,0,2.746,0.398,1,0.0,0,0,1,1,0,1,0,1,0,0,0,12192.0,2,1,1,1,0,0,1,2,8.6,269.3,0,0,0,0,0,1
271700,64.349,0.0,0,0,1,0,6.166,0.0,0,0,1,0,2.791,0.448,1,0.0,0,0,1,1,0,1,0,1,0,0,0,12192.0,2,1,1,1,0,0,1,2,8.7,267.9,0,0,0,0,0,1
271800,64.349,0.0,0,0,1,0,6.166,0.0,0,0,1,0,2.84,0.498,1,0.0,0,0,1,1,0,1,0,1,0,0,0,12192.0,2,1,1,1,0,0,1,2,8.3,271.8,0,0,0,0,0,1
271900,64.349,0.0,0,0,1,0,6.166,0.0,0,0,1,0,2.895,0.547,1,0.0,0,0,1,1,0,1,0,1,0,0,0,12192.0,2,1,1,1,0,0,1,2,9.0,272.9,0,0,0,0,0,1
272000,64.349,0.0,0,0,1,0,6.166,0.0,0,0,1,0,2.955,0.597,1,0.0,0,0,1,1,0,1,0,1,0,0,0,12192.0,2,1,1,1,0,0,1,2,8.6,270.6,0,0,0,0,0,1
272100,64.349,0.0,0,0,1,0,6.166,0.0,0,0,1,0,3.02,0.647,1,0.0,0,0,1,1,0,1,0,1,0,0,0,12192.0,2,1,1,1,0,0,1,2,8.1,266.5,0,0,0,0,0,1
272200,64.349,0.0,0,0,1,0,6.166,0.0,0,0,1,0,3.089,0.697,1,0.0,0,0,1,1,0,1,0,1,0,0,0,12192.0,2,1,1,1,0,0,1,2,9.6,271.9,0,0,0,0,0,1
272300,64.349,0.0,0,0,1,0,6.166,0.0,0,0,1,0,3.164,0.746,1,0.0,0,0,1,1,0,1,0,1,0,0,0,12192.0,2,1,1,1,0,0,1,2,7.8,271.0,0,0,0,0,0,1
272400,64.349,0.0,0,0,1,0,6.166,0.0,0,0,1,0,3.244,0.796,1,0.0,0,0,1,1,0,1,0,1,0,0,0,12192.0,2,1,1,1,0,0,1,2,8.2,271.0,0,0,0,0,0,1
272500,64.349,0.0,0,0,1,0,6.166,0.0,0,0,1,0,3.328,0.846,1,0.0,0,0,1,1,0,1,0,1,0,0,0,12192.0,2,1,1,1,0,0,1,2,9.0,270.9,0,0,0,0,0,1
272600,64.349,0.0,0,0,1,0,6.166,0.0,0,0,1,0,3.418,0.896,1,0.0,0,0,1,1,0,1,0,1,0,0,0,12192.0,2,1,1,1,0,0,1,2,7.6,270.3,0,0,0,0,0,1
272700,64.349,0.0,0,0,1,0,6.166,0.0,0,0,1,0,3.512,0.945,1,0.0,0,0,1,1,0,1,0,1,0,0,0,12192.0,2,1,1,1,0,0,1,2,8.5,272.4,0,0,0,0,0,1
272800,64.349,0.0,0,0,1,0,6.166,0.0,0,0,1,0,3.612,0.995,1,0.0,0,0,1,1,0,1,0,1,0,0,0,12192.0,2,1,1,1,0,0,1,2,7.5,273.0,0,0,0,0,0,1
272900,64.349,0.0,0,0,1,0,6.166,0.0,0,0,1,0,3.716,1.045,1,0.0,0,0,1,1,0,1,0,1,0,0,0,12192.0,2,1,1,1,0,0,1,2,8.6,267.3,0,0,0,0,0,1
273000,64.349,0.0,0,0,1,0,6.166,0.0,0,0,1,0,3.826,1.095,1,0.0,0,0,1,1,0,1,0,1,0,0,0,12192.0,2,1,1,1,0,0,1,2,8.5,270.1,0,0,0,0,0,1
273100,64.349,0.0,0,0,1,0,6.166,0.0,0,0,1,0,3.94,1.145,1,0.0,0,0,1,1,0,1,0,1,0,0,0,12192.0,2,1,1,1,0,0,1,2,7.5,268.7,0,0,0,0,0,1
273200,64.349,0.0,0,0,1,0,6.166,0.0,0,0,1,0,4.06,1.194,1,0.0,0,0,1,1,0,1,0,1,0,0,0,12192.0,2,1,1,1,0,0,1,2,8.1,271.7,0,0,0,0,0,1
273300,64.349,0.0,0,0,1,0,6.166,0.0,0,0,1,0,4.184,1.244,1,0.0,0,0,1,1,0,1,0,1,0,0,0,12192.0,2,1,1,1,0,0,1,2,7.7,266.0,0,0,0,0,0,1
273400,64.349,0.0,0,0,1,0,6.166,0.0,0,0,1,0,4.311,1.266,1,0.0,0,0,1,1,0,1,0,1,0,0,0,12192.0,2,1,1,1,0,0,1,2,7.4,273.4,0,0,0,0,0,1
273500,64.349,0.0,0,0,1,0,6.166,0.0,0,0,1,0,4.437,1.266,1,0.0,0,0,1,1,0,1,0,1,0,0,0,12192.0,2,1,1,1,0,0,1,2,7.8,271.9,0,0,0,0,0,1
273600,64.349,0.0,0,0,1,0,6.166,0.0,0,0,1,0,4.564,1.266,1,0.0,0,0,1,1,0,1,0,1,0,0,0,12192.0,2,1,1,1,0,0,1,2,8.3,267.6,0,0,0,0,0,1
273700,64.349,0.0,0,0,1,0,6.166,0.0,0,0,1,0,4.69,1.266,1,0.0,0,0,1,1,0,1,0,1,0,0,0,12192.0,2,1,1,1,0,0,1,2,8.4,266.6,0,0,0,0,0,1
273800,64.349,0.0,0,0,1,0,6.166,0.0,0,0,1,0,4.817,1.266,1,0.0,0,0,1,1,0,1,0,1,0,0,0,12192.0,2,1,1,1,0,0,1,2,7.9,270.9,0,0,0,0,0,1
273900,64.349,0.0,0,0,1,0,6.166,0.0,0,0,1,0,4.944,1.266,1,0.0,0,0,1,1,0,1,0,1,0,0,0,12192.0,2,1,1,1,0,0,1,2,8.2,267.8,0,0,0,0,0,1
274000,64.349,0.0,0,0,1,0,6.166,0.0,0,0,1,0,5.07,1.266,1,0.0,0,0,1,1,0,1,0,1,0,0,0,12192.0,2,1,1,1,0,0,1,2,7.3,272.5,0,0,0,0,0,1
274100,64.349,0.0,0,0,1,0,6.166,0.0,0,0,1,0,5.197,1.266,1,0.0,0,0,1,1,0,1,0,1,0,0,0,12192.0,2,1,1,1,0,0,1,2,7.7,269.0,0,0,0,0,0,1
274200,64.349,0.0,0,0,1,0,6.166,0.0,0,0,1,0,5.323,1.266,1,0.0,0,0,1,1,0,1,0,1,0,0,0,12192.0,2,1,1,1,0,0,1,2,7.7,268.9,0,0,0,0,0,1
274300,64.349,0.0,0,0,1,0,6.166,0.0,0,0,1,0,5.45,1.266,1,0.0,0,0,1,1,0,1,0,1,0,0,0,12192.0,2,1,1,1,0,0,1,2,7.2,267.9,0,0,0,0,0,1
274400,64.349,0.0,0,0,1,0,6.166,0.0,0,0,1,0,5.576,1.266,1,0.0,0,0,1,1,0,1,0,1,0,0,0,12192.0,2,1,1,1,0,0,1,2,7.6,268.1,0,0,0,0,0,1
274500,64.349,0.0,0,0,1,0,6.166,0.0,0,0,1,0,5.703,1.266,1,0.0,0,0,1,1,0,1,0,1,0,0,0,12192.0,2,1,1,1,0,0,1,2,8.0,271.0,0,0,0,0,0,1
274600,64.349,0.0,0,0,1,0,6.166,0.0,0,0,1,0,5.83,1.266,1,0.0,0,0,1,1,0,1,0,1,0,0,0,12192.0,2,1,1,1,0,0,1,2,7.9,273.0,0,0,0,0,0,1
274700,64.349,0.0,0,0,1,0,6.166,0.0,0,0,1,0,5.956,1.266,1,0.0,0,0,1,1,0,1,0,1,0,0,0,12192.0,2,1,1,1,0,0,1,2,7.1,271.3,0,0,0,0,0,1
274800,64.349,0.0,0,0,1,0,6.166,0.0,0,0,1,0,6.083,1.266,1,0.0,0,0,1,1,0,1,0,1,0,0,0,12192.0,2,1,1,1,0,0,1,2,7.4,273.1,0,0,0,0,0,1
274900,64.349,0.0,0,0,1,0,6.166,0.0,0,0,1,0,6.209,1.266,1,0.0,0,0,1,1,0,1,0,1,0,0,0,12192.0,2,1,1,1,0,0,1,2,7.4,269.7,0,0,0,0,0,1
275000,64.349,0.0,0,0,1,0,6.166,0.0,0,0,1,0,6.336,1.266,1,0.0,0,0,1,1,0,1,0,1,0,0,0,12192.0,2,1,1,1,0,0,1,2,7.6,270.7,0,0,0,0,0,1
275100,64.349,0.0,0,0,1,0,6.166,0.0,0,0,1,0,6.463,1.266,1,0.0,0,0,1,1,0,1,0,1,0,0,0,12192.0,2,1,1,1,0,0,1,2,7.4,269.1,0,0,0,0,0,1
275200,64.349,0.0,0,0,1,0,6.166,0.0,0,0,1,0,6.589,1.266,1,0.0,0,0,1,1,0,1,0,1,0,0,0,12192.0,2,1,1,1,0,0,1,2,7.6,271.4,0,0,0,0,0,1
275300,64.349,0.0,0,0,1,0,6.166,0.0,0,0,1,0,6.716,1.266,1,0.0,0,0,1,1,0,1,0,1,0,0,0,12192.0,2,1,1,1,0,0,1,2,7.6,269.6,0,0,0,0,0,1
275400,64.349,0.0,0,0,1,0,6.166,0.0,0,0,1,0,6.842,1.266,1,0.0,0,0,1,1,0,1,0,1,0,0,0,12192.0,2,1,1,1,0,0,1,2,7.7,268.6,0,0,0,0,0,1
275500,64.349,0.0,0,0,1,0,6.166,0.0,0,0,1,0,6.969,1.266,1,0.0,0,0,1,1,0,1,0,1,0,0,0,12192.0,2,1,1,1,0,0,1,2,7.3,268.1,0,0,0,0,0,1
275600,64.349,0.0,0,0,1,0,6.166,0.0,0,0,1,0,7.095,1.266,1,0.0,0,0,1,1,0,1,0,1,0,0,0,12192.0,2,1,1,1,0,0,1,2,8.1,271.0,0,0,0,0,0,1
275700,64.349,0.0,0,0,1,0,6.166,0.0,0,0,1,0,7.222,1.266,1,0.0,0,0,1,1,0,1,0,1,0,0,0,12192.0,2,1,1,1,0,0,1,2,7.6,264.5,0,0,0,0,0,1
275800,64.349,0.0,0,0,1,0,6.166,0.0,0,0,1,0,7.349,1.266,1,0.0,0,0,1,1,0,1,0,1,0,0,0,12192.0,2,1,1,1,0,0,1,2,7.7,270.0,0,0,0,0,0,1
275900,64.349,0.0,0,0,1,0,6.166,0.0,0,0,1,0,7.475,1.266,1,0.0,0,0,1,1,0,1,0,1,0,0,0,12192.0,2,1,1,1,0,0,1,2,7.0,272.5,0,0,0,0,0,1
276000,64.349,0.0,0,0,1,0,6.166,0.0,0,0,1,0,7.602,1.266,1,0.0,0,0,1,1,0,1,0,1,0,0,0,12192.0,2,1,1,1,0,0,1,2,7.3,272.2,0,0,0,0,0,1
276100,64.349,0.0,0,0,1,0,6.166,0.0,0,0,1,0,7.728,1.266,1,0.0,0,0,1,1,0,1,0,1,0,0,0,12192.0,2,1,1,1,0,0,1,2,7.2,271.7,0,0,0,0,0,1
276200,64.349,0.0,0,0,1,0,6.166,0.0,0,0,1,0,7.855,1.266,1,0.0,0,0,1,1,0,1,0,1,0,0,0,12192.0,2,1,1,1,0,0,1,2,7.2,266.7,0,0,0,0,0,1
276300,64.349,0.0,0,0,1,0,6.166,0.0,0,0,1,0,7.982,1.266,1,0.0,0,0,1,1,0,1,0,1,0,0,0,12192.0,2,1,1,1,0,0,1,2,7.8,270.0,0,0,0,0,0,1
276400,64.349,0.0,0,0,1,0,6.166,0.0,0,0,1,0,8.108,1.266,1,0.0,0,0,1,1,0,1,0,1,0,0,0,12192.0,2,1,1,1,0,0,1,2,7.9,271.2,0,0,0,0,0,1
276500,64.349,0.0,0,0,1,0,6.166,0.0,0,0,1,0,8.235,1.266,1,0.0,0,0,1,1,0,1,0,1,0,0,0,12192.0,2,1,1,1,0,0,1,2,7.8,268.8,0,0,0,0,0,1
276600,64.349,0.0,0,0,1,0,6.166,0.0,0,0,1,0,8.361,1.266,1,0.0,0,0,1,1,0,1,0,1,0,0,0,12192.0,2,1,1,1,0,0,1,2,7.1,269.1,0,0,0,0,0,1
276700,64.349,0.0,0,0,1,0,6.166,0.0,0,0,1,0,8.488,1.266,1,0.0,0,0,1,1,0,1,0,1,0,0,0,12192.0,2,1,1,1,0,0,1,2,7.5,267.1,0,0,0,0,0,1
276800,64.349,0.0,0,0,1,0,6.166,0.0,0,0,1,0,8.614,1.266,1,0.0,0,0,1,1,0,1,0,1,0,0,0,12192.0,2,1,1,1,0,0,1,2,8.2,268.7,0,0,0,0,0,1
276900,64.349,0.0,0,0,1,0,6.166,0.0,0,0,1,0,8.741,1.266,1,0.0,0,0,1,1,0,1,0,1,0,0,0,12192.0,2,1,1,1,0,0,1,2,7.8,270.8,0,0,0,0,0,1
277000,64.349,0.0,0,0,1,0,6.166,0.0,0,0,1,0,8.868,1.266,1,0.0,0,0,1,1,0,1,0,1,0,0,0,12192.0,2,1,1,1,0,0,1,2,7.8,272.1,0,0,0,0,0,1
277100,64.349,0.0,0,0,1,0,6.166,0.0,0,0,1,0,8.994,1.266,1,0.0,0,0,1,1,0,1,0,1,0,0,0,12192.0,2,1,1,1,0,0,1,2,8.3,268.6,0,0,0,0,0,1
277200,64.349,0.0,0,0,1,0,6.166,0.0,0,0,1,0,9.121,1.266,1,0.0,0,0,1,1,0,1,0,1,0,0,0,12192.0,2,1,1,1,0,0,1,2,8.0,271.9,0,0,0,0,0,1
277300,64.349,0.0,0,0,1,0,6.166,0.0,0,0,1,0,9.247,1.266,1,0.0,0,0,1,1,0,1,0,1,0,0,0,12192.0,2,1,1,1,0,0,1,2,7.6,270.4,0,0,0,0,0,1
277400,64.349,0.0,0,0,1,0,6.166,0.0,0,0,1,0,9.374,1.266,1,0.0,0,0,1,1,0,1,0,1,0,0,0,12192.0,2,1,1,1,0,0,1,2,7.8,269.4,0,0,0,0,0,1
277500,64.349,0.0,0,0,1,0,6.166,0.0,0,0,1,0,9.501,1.266,1,0.0,0,0,1,1,0,1,0,1,0,0,0,12192.0,2,1,1,1,0,0,1,2,7.7,273.6,0,0,0,0,0,1
277600,64.349,0.0,0,0,1,0,6.166,0.0,0,0,1,0,9.627,1.266,1,0.0,0,0,1,1,0,1,0,1,0,0,0,12192.0,2,1,1,1,0,0,1,2,8.4,267.7,0,0,0,0,0,1
277700,64.349,0.0,0,0,1,0,6.166,0.0,0,0,1,0,9.754,1.266,1,0.0,0,0,1,1,0,1,0,1,0,0,0,12192.0,2,1,1,1,0,0,1,2,7.7,273.9,0,0,0,0,0,1
277800,64.349,0.0,0,0,1,0,6.166,0.0,0,0,1,0,9.88,1.266,1,0.0,0,0,1,1,0,1,0,1,0,0,0,12192.0,2,1,1,1,0,0,1,2,6.9,268.2,0,0,0,0,0,1
277900,64.349,0.0,0,0,1,0,6.166,0.0,0,0,1,0,10.007,1.266,1,0.0,0,0,1,1,0,1,0,1,0,0,0,12192.0,2,1,1,1,0,0,1,2,7.8,271.7,0,0,0,0,0,1
278000,64.349,0.0,0,0,1,0,6.166,0.0,0,0,1,0,10.133,1.266,1,0.0,0,0,1,1,0,1,0,1,0,0,0,12192.0,2,1,1,1,0,0,1,2,8.3,276.7,0,0,0,0,0,1
278100,64.349,0.0,0,0,1,0,6.166,0.0,0,0,1,0,10.26,1.266,1,0.0,0,0,1,1,0,1,0,1,0,0,0,12192.0,2,1,1,1,0,0,1,2,7.1,267.2,0,0,0,0,0,1
278200,64.349,0.0,0,0,1,0,6.166,0.0,0,0,1,0,10.387,1.266,1,0.0,0,0,1,1,0,1,0,1,0,0,0,12192.0,2,1,1,1,0,0,1,2,7.7,266.5,0,0,0,0,0,1
278300,64.349,0.0,0,0,1,0,6.166,0.0,0,0,1,0,10.513,1.266,1,0.0,0,0,1,1,0,1,0,1,0,0,0,12192.0,2,1,1,1,0,0,1,2,8.2,268.7,0,0,0,0,0,1
278400,64.349,0.0,0,0,1,0,6.166,0.0,0,0,1,0,10.64,1.266,1,0.0,0,0,1,1,0,1,0,1,0,0,0,12192.0,2,1,1,1,0,0,1,2,8.3,265.6,0,0,0,0,0,1
278500,64.349,0.0,0,0,1,0,6.166,0.0,0,0,1,0,10.766,1.266,1,0.0,0,0,1,1,0,1,0,1,0,0,0,12192.0,2,1,1,1,0,0,1,2,7.9,271.7,0,0,0,0,0,1
278600,64.349,0.0,0,0,1,0,6.166,0.0,0,0,1,0,10.893,1.266,1,0.0,0,0,1,1,0,1,0,1,0,0,0,12192.0,2,1,1,1,0,0,1,2,8.2,271.6,0,0,0,0,0,1
278700,64.349,0.0,0,0,1,0,6.166,0.0,0,0,1,0,11.019,1.266,1,0.0,0,0,1,1,0,1,0,1,0,0,0,12192.0,2,1,1,1,0,0,1,2,7.7,273.0,0,0,0,0,0,1
278800,64.349,0.0,0,0,1,0,6.166,0.0,0,0,1,0,11.146,1.266,1,0.0,0,0,1,1,0,1,0,1,0,0,0,12192.0,2,1,1,1,0,0,1,2,8.1,273.0,0,0,0,0,0,1
278900,64.349,0.0,0,0,1,0,6.166,0.0,0,0,1,0,11.273,1.266,1,0.0,0,0,1,1,0,1,0,1,0,0,0,12192.0,2,1,1,1,0,0,1,2,8.7,273.6,0,0,0,0,0,1
279000,64.349,0.0,0,0,1,0,6.166,0.0,0,0,1,0,11.399,1.266,1,0.0,0,0,1,1,0,1,0,1,0,0,0,12192.0,2,1,1,1,0,0,1,2,8.3,270.1,0,0,0,0,0,1
279100,64.349,0.0,0,0,1,0,6.166,0.0,0,0,1,0,11.526,1.266,1,0.0,0,0,1,1,0,1,0,1,0,0,0,12192.0,2,1,1,1,0,0,1,2,8.9,266.8,0,0,0,0,0,1
279200,64.349,0.0,0,0,1,0,6.166,0.0,0,0,1,0,11.652,1.266,1,0.0,0,0,1,1,0,1,0,1,0,0,0,12192.0,2,1,1,1,0,0,1,2,8.5,268.3,0,0,0,0,0,1
279300,64.349,0.0,0,0,1,0,6.166,0.0,0,0,1,0,11.774,1.216,1,0.0,0,0,1,1,0,1,0,1,0,0,0,12192.0,2,1,1,1,0,0,1,2,7.8,275.7,0,0,0,0,0,1
279400,64.349,0.0,0,0,1,0,6.166,0.0,0,0,1,0,11.891,1.166,1,0.0,0,0,1,1,0,1,0,1,0,0,0,12192.0,2,1,1,1,0,0,1,2,8.5,268.2,0,0,0,0,0,1
279500,64.349,0.0,0,0,1,0,6.166,0.0,0,0,1,0,12.002,1.117,1,0.0,0,0,1,1,0,1,0,1,0,0,0,12192.0,2,1,1,1,0,0,1,2,8.6,274.3,0,0,0,0,0,1
279600,64.349,0.0,0,0,1,0,6.166,0.0,0,0,1,0,12.109,1.067,1,0.0,0,0,1,1,0,1,0,1,0,0,0,12192.0,2,1,1,1,0,0,1,2,8.3,274.0,0,0,0,0,0,1
279700,64.349,0.0,0,0,1,0,6.166,0.0,0,0,1,0,12.211,1.017,1,0.0,0,0,1,1,0,1,0,1,0,0,0,12192.0,2,1,1,1,0,0,1,2,8.8,273.4,0,0,0,0,0,1
279800,64.349,0.0,0,0,1,0,6.166,0.0,0,0,1,0,12.307,0.967,1,0.0,0,0,1,1,0,1,0,1,0,0,0,12192.0,2,1,1,1,0,0,1,2,7.6,270.4,0,0,0,0,0,1
279900,64.349,0.0,0,0,1,0,6.166,0.0,0,0,1,0,12.399,0.917,1,0.0,0,0,1,1,0,1,0,1,0,0,0,12192.0,2,1,1,1,0,0,1,2,8.8,270.9,0,0,0,0,0,1
280000,64.349,0.0,0,0,1,0,6.166,0.0,0,0,1,0,12.486,0.868,1,0.0,0,0,1,1,0,1,0,1,0,0,0,12192.0,2,1,1,1,0,0,1,2,7.7,271.5,0,0,0,0,0,1
280100,64.349,0.0,0,0,1,0,6.166,0.0,0,0,1,0,12.568,0.818,1,0.0,0,0,1,1,0,1,0,1,0,0,0,12192.0,2,1,1,1,0,0,1,2,7.6,267.6,0,0,0,0,0,1
280200,64.349,0.0,0,0,1,0,6.166,0.0,0,0,1,0,12.645,0.768,1,0.0,0,0,1,1,0,1,0,1,0,0,0,12192.0,2,1,1,1,0,0,1,2,8.6,270.9,0,0,0,0,0,1
280300,64.349,0.0,0,0,1,0,6.166,0.0,0,0,1,0,12.721,0.769,1,0.0,0,0,1,1,0,1,0,1,0,0,0,12192.0,2,1,1,1,0,0,1,2,8.7,272.4,0,0,0,0,0,1
280400,64.349,0.0,0,0,1,0,6.166,0.0,0,0,1,0,12.793,0.718,1,0.0,0,0,1,1,0,1,0,1,0,0,0,12192.0,2,1,1,1,0,0,1,2,9.0,272.1,0,0,0,0,0,1
280500,64.349,0.0,0,0,1,0,6.166,0.0,0,0,1,0,12.86,0.666,1,0.0,0,0,1,1,0,1,0,1,0,0,0,12192.0,2,1,1,1,0,0,1,2,8.4,270.1,0,0,0,0,0,1
280600,64.349,0.0,0,0,1,0,6.166,0.0,0,0,1,0,12.921,0.614,1,0.0,0,0,1,1,0,1,0,1,0,0,0,12192.0,2,1,1,1,0,0,1,2,7.5,271.9,0,0,0,0,0,1
280700,64.349,0.0,0,0,1,0,6.166,0.0,0,0,1,0,12.977,0.562,1,0.0,0,0,1,1,0,1,0,1,0,0,0,12192.0,2,1,1,1,0,0,1,2,8.2,267.0,0,0,0,0,0,1
280800,64.349,0.0,0,0,1,0,6.166,0.0,0,0,1,0,13.028,0.51,1,0.0,0,0,1,1,0,1,0,1,0,0,0,12192.0,2,1,1,1,0,0,1,2,8.1,264.5,0,0,0,0,0,1
280900,64.349,0.0,0,0,1,0,6.166,0.0,0,0,1,0,13.074,0.458,1,0.0,0,0,1,1,0,1,0,1,0,0,0,12192.0,2,1,1,1,0,0,1,2,7.7,270.2,0,0,0,0,0,1
281000,64.349,0.0,0,0,1,0,6.166,0.0,0,0,1,0,13.115,0.405,1,0.0,0,0,1,1,0,1,0,1,0,0,0,12192.0,2,1,1,1,0,0,1,2,8.9,268.0,0,0,0,0,0,1
281100,64.349,0.0,0,0,1,0,6.166,0.0,0,0,1,0,13.15,0.351,1,0.0,0,0,1,1,0,1,0,1,0,0,0,12192.0,2,1,1,1,0,0,1,2,8.9,267.6,0,0,0,0,0,1
281200,64.349,0.0,0,0,1,0,6.166,0.0,0,0,1,0,13.18,0.298,1,0.0,0,0,1,1,0,1,0,1,0,0,0,12192.0,2,1,1,1,0,0,1,2,8.4,272.9,0,0,0,0,0,1
281300,64.349,0.0,0,0,1,0,6.166,0.0,0,0,1,0,13.204,0.243,1,0.0,0,0,1,1,0,1,0,1,0,0,0,12192.0,2,1,1,1,0,0,1,2,8.2,273.8,0,0,0,0,0,1
281400,64.349,0.0,0,0,1,0,6.166,0.0,0,0,1,0,13.222,0.186,1,0.0,0,0,1,1,0,1,0,1,0,0,0,12192.0,2,1,1,1,0,0,1,2,8.5,265.3,0,0,0,0,0,1
281500,64.349,0.0,0,0,1,0,6.166,0.0,0,0,1,0,13.235,0.127,1,0.0,0,0,1,1,0,1,0,1,0,0,0,12192.0,2,1,1,1,0,0,1,2,9.3,269.5,0,0,0,0,0,1
281600,64.349,0.0,0,0,1,0,6.166,0.0,0,0,1,0,13.241,0.059,1,0.0,0,0,1,1,0,1,0,1,0,0,0,12192.0,2,1,1,1,0,0,1,2,8.7,272.0,0,0,0,0,0,1
281700,64.349,0.0,0,0,0,0,6.166,0.0,0,0,0,0,13.242,0.0,0,0.0,0,0,0,0,0,1,0,1,0,0,0,12192.0,2,1,1,0,1,0,1,2,7.5,271.2,0,0,0,0,0,1
281800,64.35,0.015,1,1,1,0,6.171,0.056,1,1,1,0,13.247,0.0,0,0.0,0,0,0,1,0,1,0,1,0,0,0,12192.0,2,1,1,1,0,0,1,3,8.1,275.0,0,0,0,0,0,1
281900,64.353,0.03,1,1,1,0,6.182,0.112,1,1,1,0,13.247,0.0,0,0.0,0,0,0,1,0,1,0,1,0,0,0,12192.0,2,1,1,1,0,0,1,3,8.9,270.9,0,0,0,0,0,1
282000,64.358,0.045,1,1,1,0,6.199,0.167,1,1,1,0,13.247,0.0,0,0.0,0,0,0,1,0,1,0,1,0,0,0,12192.0,2,1,1,1,0,0,1,3,7.9,269.3,0,0,0,0,0,1
282100,64.364,0.059,1,1,1,0,6.221,0.223,1,1,1,0,13.247,0.0,0,0.0,0,0,0,1,0,1,0,1,0,0,0,12192.0,2,1,1,1,0,0,1,3,8.0,269.2,0,0,0,0,0,1
282200,64.371,0.074,1,1,1,0,6.249,0.279,1,1,1,0,13.247,0.0,0,0.0,0,0,0,1,0,1,0,1,0,0,0,12192.0,2,1,1,1,0,0,1,3,9.0,267.5,0,0,0,0,0,1
282300,64.38,0.089,1,1,1,0,6.283,0.335,1,1,1,0,13.247,0.0,0,0.0,0,0,0,1,0,1,0,1,0,0,0,12192.0,2,1,1,1,0,0,1,3,7.7,270.9,0,0,0,0,0,1
282400,64.391,0.104,1,1,1,0,6.322,0.391,1,1,1,0,13.247,0.0,0,0.0,0,0,0,1,0,1,0,1,0,0,0,12192.0,2,1,1,1,0,0,1,3,9.1,274.7,0,0,0,0,0,1
282500,64.402,0.119,1,1,1,0,6.367,0.447,1,1,1,0,13.247,0.0,0,0.0,0,0,0,1,0,1,0,1,0,0,0,12192.0,2,1,1,1,0,0,1,3,7.8,265.7,0,0,0,0,0,1
282600,64.416,0.134,1,1,1,0,6.417,0.502,1,1,1,0,13.247,0.0,0,0.0,0,0,0,1,0,1,0,1,0,0,0,12192.0,2,1,1,1,0,0,1,3,8.1,264.2,0,0,0,0,0,1
282700,64.431,0.148,1,1,1,0,6.473,0.558,1,1,1,0,13.247,0.0,0,0.0,0,0,0,1,0,1,0,1,0,0,0,12192.0,2,1,1,1,0,0,1,3,7.3,273.0,0,0,0,0,0,1
282800,64.447,0.163,1,1,1,0,6.534,0.614,1,1,1,0,13.247,0.0,0,0.0,0,0,0,1,0,1,0,1,0,0,0,12192.0,2,1,1,1,0,0,1,3,8.1,275.4,0,0,0,0,0,1
282900,64.465,0.178,1,1,1,0,6.601,0.67,1,1,1,0,13.247,0.0,0,0.0,0,0,0,1,0,1,0,1,0,0,0,12192.0,2,1,1,1,0,0,1,3,8.0,273.6,0,0,0,0,0,1
283000,64.484,0.193,1,1,1,0,6.674,0.726,1,1,1,0,13.247,0.0,0,0.0,0,0,0,1,0,1,0,1,0,0,0,12192.0,2,1,1,1,0,0,1,3,7.6,269.7,0,0,0,0,0,1
283100,64.505,0.208,1,1,1,0,6.752,0.781,1,1,1,0,13.247,0.0,0,0.0,0,0,0,1,0,1,0,1,0,0,0,12192.0,2,1,1,1,0,0,1,3,7.7,274.8,0,0,0,0,0,1
283200,64.527,0.223,1,1,1,0,6.835,0.837,1,1,1,0,13.247,0.0,0,0.0,0,0,0,1,0,1,0,1,0,0,0,12192.0,2,1,1,1,0,0,1,3,8.4,272.1,0,0,0,0,0,1
283300,64.551,0.238,1,1,1,0,6.925,0.893,1,1,1,0,13.247,0.0,0,0.0,0,0,0,1,0,1,0,1,0,0,0,12192.0,2,1,1,1,0,0,1,3,6.7,271.2,0,0,0,0,0,1
283400,64.576,0.252,1,1,1,0,7.02,0.949,1,1,1,0,13.247,0.0,0,0.0,0,0,0,1,0,1,0,1,0,0,0,12192.0,2,1,1,1,0,0,1,3,7.6,268.8,0,0,0,0,0,1
283500,64.603,0.267,1,1,1,0,7.12,1.005,1,1,1,0,13.247,0.0,0,0.0,0,0,0,1,0,1,0,1,0,0,0,12192.0,2,1,1,1,0,0,1,3,7.8,265.6,0,0,0,0,0,1
283600,64.631,0.282,1,1,1,0,7.226,1.061,1,1,1,0,13.247,0.0,0,0.0,0,0,0,1,0,1,0,1,0,0,0,12192.0,2,1,1,1,0,0,1,3,7.7,272.2,0,0,0,0,0,1
283700,64.661,0.297,1,1,1,0,7.338,1.116,1,1,1,0,13.247,0.0,0,0.0,0,0,0,1,0,1,0,1,0,0,0,12192.0,2,1,1,1,0,0,1,3,7.7,269.0,0,0,0,0,0,1
283800,64.692,0.312,1,1,1,0,7.455,1.172,1,1,1,0,13.247,0.0,0,0.0,0,0,0,1,0,1,0,1,0,0,0,12192.0,2,1,1,1,0,0,1,3,7.7,267.2,0,0,0,0,0,1
283900,64.725,0.327,1,1,1,0,7.578,1.228,1,1,1,0,13.247,0.0,0,0.0,0,0,0,1,0,1,0,1,0,0,0,12192.0,2,1,1,1,0,0,1,3,7.5,266.4,0,0,0,0,0,1
284000,64.759,0.342,1,1,1,0,7.706,1.284,1,1,1,0,13.247,0.0,0,0.0,0,0,0,1,0,1,0,1,0,0,0,12192.0,2,1,1,1,0,0,1,3,6.7,265.3,0,0,0,0,0,1
284100,64.794,0.356,1,1,1,0,7.84,1.34,1,1,1,0,13.247,0.0,0,0.0,0,0,0,1,0,1,0,1,0,0,0,12192.0,2,1,1,1,0,0,1,3,7.5,270.1,0,0,0,0,0,1
284200,64.832,0.371,1,1,1,0,7.98,1.395,1,1,1,0,13.247,0.0,0,0.0,0,0,0,1,0,1,0,1,0,0,0,12192.0,2,1,1,1,0,0,1,3,7.5,268.5,0,0,0,0,0,1
284300,64.87,0.386,1,1,1,0,8.125,1.451,1,1,1,0,13.247,0.0,0,0.0,0,0,0,1,0,1,0,1,0,0,0,12192.0,2,1,1,1,0,0,1,3,7.7,267.8,0,0,0,0,0,1
284400,64.91,0.401,1,1,1,0,8.275,1.507,1,1,1,0,13.247,0.0,0,0.0,0,0,0,1,0,1,0,1,0,0,0,12192.0,2,1,1,1,0,0,1,3,7.8,267.8,0,0,0,0,0,1
284500,64.952,0.416,1,1,1,0,8.432,1.563,1,1,1,0,13.247,0.0,0,0.0,0,0,0,1,0,1,0,1,0,0,0,12192.0,2,1,1,1,0,0,1,3,6.9,268.6,0,0,0,0,0,1
284600,64.995,0.431,1,1,1,0,8.594,1.619,1,1,1,0,13.247,0.0,0,0.0,0,0,0,1,0,1,0,1,0,0,0,12192.0,2,1,1,1,0,0,1,3,7.7,268.2,0,0,0,0,0,1
284700,65.039,0.445,1,1,1,0,8.761,1.675,1,1,1,0,13.247,0.0,0,0.0,0,0,0,1,0,1,0,1,0,0,0,12192.0,2,1,1,1,0,0,1,3,7.1,268.0,0,0,0,0,0,1
284800,65.085,0.46,1,1,1,0,8.934,1.73,1,1,1,0,13.247,0.0,0,0.0,0,0,0,1,0,1,0,1,0,0,0,12192.0,2,1,1,1,0,0,1,3,6.2,265.8,0,0,0,0,0,1
284900,65.133,0.475,1,1,1,0,9.113,1.786,1,1,1,0,13.247,0.0,0,0.0,0,0,0,1,0,1,0,1,0,0,0,12192.0,2,1,1,1,0,0,1,3,7.3,269.6,0,0,0,0,0,1
285000,65.182,0.49,1,1,1,0,9.297,1.842,1,1,1,0,13.247,0.0,0,0.0,0,0,0,1,0,1,0,1,0,0,0,12192.0,2,1,1,1,0,0,1,3,6.5,275.9,0,0,0,0,0,1
285100,65.232,0.505,1,1,1,0,9.487,1.898,1,1,1,0,13.247,0.0,0,0.0,0,0,0,1,0,1,0,1,0,0,0,12192.0,2,1,1,1,0,0,1,3,7.0,273.5,0,0,0,0,0,1
285200,65.284,0.52,1,1,1,0,9.682,1.954,1,1,1,0,13.247,0.0,0,0.0,0,0,0,1,0,1,0,1,0,0,0,12192.0,2,1,1,1,0,0,1,3,7.6,266.8,0,0,0,0,0,1
285300,65.338,0.535,1,1,1,0,9.883,2.009,1,1,1,0,13.247,0.0,0,0.0,0,0,0,1,0,1,0,1,0,0,0,12192.0,2,1,1,1,0,0,1,3,7.3,271.8,0,0,0,0,0,1
285400,65.393,0.549,1,1,1,0,10.09,2.065,1,1,1,0,13.247,0.0,0,0.0,0,0,0,1,0,1,0,1,0,0,0,12192.0,2,1,1,1,0,0,1,3,7.3,268.8,0,0,0,0,0,1
285500,65.449,0.564,1,1,1,0,10.302,2.121,1,1,1,0,13.247,0.0,0,0.0,0,0,0,1,0,1,0,1,0,0,0,12192.0,2,1,1,1,0,0,1,3,8.1,271.3,0,0,0,0,0,1
285600,65.507,0.579,1,1,1,0,10.519,2.177,1,1,1,0,13.247,0.0,0,0.0,0,0,0,1,0,1,0,1,0,0,0,12192.0,2,1,1,1,0,0,1,3,7.7,268.4,0,0,0,0,0,1
285700,65.567,0.594,1,1,1,0,10.743,2.233,1,1,1,0,13.247,0.0,0,0.0,0,0,0,1,0,1,0,1,0,0,0,12192.0,2,1,1,1,0,0,1,3,7.4,273.1,0,0,0,0,0,1
285800,65.627,0.609,1,1,1,0,10.971,2.289,1,1,1,0,13.247,0.0,0,0.0,0,0,0,1,0,1,0,1,0,0,0,12192.0,2,1,1,1,0,0,1,3,8.0,268.2,0,0,0,0,0,1
285900,65.69,0.624,1,1,1,0,11.206,2.344,1,1,1,0,13.247,0.0,0,0.0,0,0,0,1,0,1,0,1,0,0,0,12192.0,2,1,1,1,0,0,1,3,6.7,268.2,0,0,0,0,0,1
286000,65.754,0.638,1,1,1,0,11.446,2.4,1,1,1,0,13.247,0.0,0,0.0,0,0,0,1,0,1,0,1,0,0,0,12192.0,2,1,1,1,0,0,1,3,8.3,271.3,0,0,0,0,0,1
286100,65.819,0.653,1,1,1,0,11.692,2.456,1,1,1,0,13.247,0.0,0,0.0,0,0,0,1,0,1,0,1,0,0,0,12192.0,2,1,1,1,0,0,1,3,7.0,271.7,0,0,0,0,0,1
286200,65.886,0.668,1,1,1,0,11.943,2.512,1,1,1,0,13.247,0.0,0,0.0,0,0,0,1,0,1,0,1,0,0,0,12192.0,2,1,1,1,0,0,1,3,6.7,272.8,0,0,0,0,0,1
286300,65.954,0.683,1,1,1,0,12.188,2.456,1,1,1,0,13.247,0.0,0,0.0,0,0,0,1,0,1,0,1,0,0,0,12192.0,2,1,1,1,0,0,1,3,8.2,272.8,0,0,0,0,0,1
286400,66.024,0.698,1,1,1,0,12.428,2.4,1,1,1,0,13.247,0.0,0,0.0,0,0,0,1,0,1,0,1,0,0,0,12192.0,2,1,1,1,0,0,1,3,8.1,272.9,0,0,0,0,0,1
286500,66.095,0.711,1,1,1,0,12.663,2.344,1,1,1,0,13.247,0.0,0,0.0,0,0,0,1,0,1,0,1,0,0,0,12192.0,2,1,1,1,0,0,1,3,7.6,270.4,0,0,0,0,0,1
286600,66.166,0.711,1,1,1,0,12.892,2.289,1,1,1,0,13.247,0.0,0,0.0,0,0,0,1,0,1,0,1,0,0,0,12192.0,2,1,1,1,0,0,1,3,8.1,275.7,0,0,0,0,0,1
286700,66.237,0.711,1,1,1,0,13.115,2.233,1,1,1,0,13.247,0.0,0,0.0,0,0,0,1,0,1,0,1,0,0,0,12192.0,2,1,1,1,0,0,1,3,7.7,271.8,0,0,0,0,0,1
286800,66.308,0.711,1,1,1,0,13.333,2.177,1,1,1,0,13.247,0.0,0,0.0,0,0,0,1,0,1,0,1,0,0,0,12192.0,2,1,1,1,0,0,1,3,7.7,270.2,0,0,0,0,0,1
286900,66.379,0.711,1,1,1,0,13.545,2.121,1,1,1,0,13.247,0.0,0,0.0,0,0,0,1,0,1,0,1,0,0,0,12192.0,2,1,1,1,0,0,1,3,8.0,269.6,0,0,0,0,0,1
287000,66.45,0.711,1,1,1,0,13.751,2.065,1,1,1,0,13.247,0.0,0,0.0,0,0,0,1,0,1,0,1,0,0,0,12192.0,2,1,1,1,0,0,1,3,7.5,270.6,0,0,0,0,0,1
287100,66.521,0.711,1,1,1,0,13.952,2.009,1,1,1,0,13.247,0.0,0,0.0,0,0,0,1,0,1,0,1,0,0,0,12192.0,2,1,1,1,0,0,1,3,8.5,267.5,0,0,0,0,0,1
287200,66.593,0.711,1,1,1,0,14.147,1.953,1,1,1,0,13.247,0.0,0,0.0,0,0,0,1,0,1,0,1,0,0,0,12192.0,2,1,1,1,0,0,1,3,8.8,264.5,0,0,0,0,0,1
287300,66.664,0.711,1,1,1,0,14.337,1.896,1,1,1,0,13.247,0.0,0,0.0,0,0,0,1,0,1,0,1,0,0,0,12192.0,2,1,1,1,0,0,1,3,8.2,266.5,0,0,0,0,0,1
287400,66.735,0.711,1,1,1,0,14.521,1.839,1,1,1,0,13.247,0.0,0,0.0,0,0,0,1,0,1,0,1,0,0,0,12192.0,2,1,1,1,0,0,1,3,8.0,269.9,0,0,0,0,0,1
287500,66.806,0.711,1,1,1,0,14.699,1.783,1,1,1,0,13.247,0.0,0,0.0,0,0,0,1,0,1,0,1,0,0,0,12192.0,2,1,1,1,0,0,1,3,8.1,265.5,0,0,0,0,0,1
287600,66.877,0.711,1,1,1,0,14.872,1.726,1,1,1,0,13.247,0.0,0,0.0,0,0,0,1,0,1,0,1,0,0,0,12192.0,2,1,1,1,0,0,1,3,7.9,269.5,0,0,0,0,0,1
287700,66.948,0.711,1,1,1,0,15.039,1.669,1,1,1,0,13.247,0.0,0,0.0,0,0,0,1,0,1,0,1,0,0,0,12192.0,2,1,1,1,0,0,1,3,9.2,269.2,0,0,0,0,0,1
287800,67.019,0.711,1,1,1,0,15.2,1.613,1,1,1,0,13.247,0.0,0,0.0,0,0,0,1,0,1,0,1,0,0,0,12192.0,2,1,1,1,0,0,1,3,8.4,266.6,0,0,0,0,0,1
287900,67.09,0.711,1,1,1,0,15.356,1.556,1,1,1,0,13.247,0.0,0,0.0,0,0,0,1,0,1,0,1,0,0,0,12192.0,2,1,1,1,0,0,1,3,7.7,266.4,0,0,0,0,0,1
288000,67.161,0.711,1,1,1,0,15.505,1.499,1,1,1,0,13.247,0.0,0,0.0,0,0,0,1,0,1,0,1,0,0,0,12192.0,2,1,1,1,0,0,1,3,7.4,271.6,0,0,0,0,0,1
288100,67.232,0.711,1,1,1,0,15.65,1.442,1,1,1,0,13.247,0.0,0,0.0,0,0,0,1,0,1,0,1,0,0,0,12192.0,2,1,1,1,0,0,1,3,8.2,268.2,0,0,0,0,0,1
288200,67.303,0.711,1,1,1,0,15.788,1.385,1,1,1,0,13.247,0.0,0,0.0,0,0,0,1,0,1,0,1,0,0,0,12192.0,2,1,1,1,0,0,1,3,8.7,271.2,0,0,0,0,0,1
288300,67.374,0.711,1,1,1,0,15.921,1.328,1,1,1,0,13.247,0.0,0,0.0,0,0,0,1,0,1,0,1,0,0,0,12192.0,2,1,1,1,0,0,1,3,8.7,268.4,0,0,0,0,0,1
288400,67.445,0.711,1,1,1,0,16.048,1.271,1,1,1,0,13.247,0.0,0,0.0,0,0,0,1,0,1,0,1,0,0,0,12192.0,2,1,1,1,0,0,1,3,8.5,268.2,0,0,0,0,0,1
288500,67.517,0.711,1,1,1,0,16.169,1.214,1,1,1,0,13.247,0.0,0,0.0,0,0,0,1,0,1,0,1,0,0,0,12192.0,2,1,1,1,0,0,1,3,8.3,267.8,0,0,0,0,0,1
288600,67.588,0.711,1,1,1,0,16.285,1.157,1,1,1,0,13.247,0.0,0,0.0,0,0,0,1,0,1,0,1,0,0,0,12192.0,2,1,1,1,0,0,1,3,9.3,275.2,0,0,0,0,0,1
288700,67.659,0.711,1,1,1,0,16.395,1.099,1,1,1,0,13.247,0.0,0,0.0,0,0,0,1,0,1,0,1,0,0,0,12192.0,2,1,1,1,0,0,1,3,7.8,268.5,0,0,0,0,0,1
288800,67.73,0.711,1,1,1,0,16.499,1.042,1,1,1,0,13.247,0.0,0,0.0,0,0,0,1,0,1,0,1,0,0,0,12192.0,2,1,1,1,0,0,1,3,9.2,271.5,0,0,0,0,0,1
288900,67.801,0.711,1,1,1,0,16.598,0.985,1,1,1,0,13.247,0.0,0,0.0,0,0,0,1,0,1,0,1,0,0,0,12192.0,2,1,1,1,0,0,1,3,8.8,266.9,0,0,0,0,0,1
289000,67.872,0.711,1,1,1,0,16.691,0.927,1,1,1,0,13.247,0.0,0,0.0,0,0,0,1,0,1,0,1,0,0,0,12192.0,2,1,1,1,0,0,1,3,8.6,271.6,0,0,0,0,0,1
289100,67.943,0.711,1,1,1,0,16.777,0.87,1,1,1,0,13.247,0.0,0,0.0,0,0,0,1,0,1,0,1,0,0,0,12192.0,2,1,1,1,0,0,1,3,8.8,268.5,0,0,0,0,0,1
289200,68.014,0.711,1,1,1,0,16.859,0.812,1,1,1,0,13.247,0.0,0,0.0,0,0,0,1,0,1,0,1,0,0,0,12192.0,2,1,1,1,0,0,1,3,9.0,270.7,0,0,0,0,0,1
289300,68.085,0.711,1,1,1,0,16.934,0.754,1,1,1,0,13.247,0.0,0,0.0,0,0,0,1,0,1,0,1,0,0,0,12192.0,2,1,1,1,0,0,1,3,9.0,268.9,0,0,0,0,0,1
289400,68.156,0.711,1,1,1,0,17.004,0.696,1,1,1,0,13.247,0.0,0,0.0,0,0,0,1,0,1,0,1,0,0,0,12192.0,2,1,1,1,0,0,1,3,8.2,273.9,0,0,0,0,0,1
289500,68.227,0.711,1,1,1,0,17.067,0.638,1,1,1,0,13.247,0.0,0,0.0,0,0,0,1,0,1,0,1,0,0,0,12192.0,2,1,1,1,0,0,1,3,8.4,271.0,0,0,0,0,0,1
289600,68.298,0.711,1,1,1,0,17.125,0.579,1,1,1,0,13.247,0.0,0,0.0,0,0,0,1,0,1,0,1,0,0,0,12192.0,2,1,1,1,0,0,1,3,9.3,265.1,0,0,0,0,0,1
289700,68.369,0.711,1,1,1,0,17.177,0.52,1,1,1,0,13.247,0.0,0,0.0,0,0,0,1,0,1,0,1,0,0,0,12192.0,2,1,1,1,0,0,1,3,8.9,270.5,0,0,0,0,0,1
289800,68.441,0.711,1,1,1,0,17.224,0.461,1,1,1,0,13.247,0.0,0,0.0,0,0,0,1,0,1,0,1,0,0,0,12192.0,2,1,1,1,0,0,1,3,9.2,264.6,0,0,0,0,0,1
289900,68.512,0.711,1,1,1,0,17.264,0.402,1,1,1,0,13.247,0.0,0,0.0,0,0,0,1,0,1,0,1,0,0,0,12192.0,2,1,1,1,0,0,1,3,7.7,272.7,0,0,0,0,0,1
290000,68.583,0.711,1,1,1,0,17.298,0.341,1,1,1,0,13.247,0.0,0,0.0,0,0,0,1,0,1,0,1,0,0,0,12192.0,2,1,1,1,0,0,1,3,8.6,270.3,0,0,0,0,0,1
290100,68.654,0.711,1,1,1,0,17.326,0.28,1,1,1,0,13.247,0.0,0,0.0,0,0,0,1,0,1,0,1,0,0,0,12192.0,2,1,1,1,0,0,1,3,9.4,271.3,0,0,0,0,0,1
290200,68.725,0.711,1,1,1,0,17.347,0.217,1,1,1,0,13.247,0.0,0,0.0,0,0,0,1,0,1,0,1,0,0,0,12192.0,2,1,1,1,0,0,1,3,8.6,271.5,0,0,0,0,0,1
290300,68.796,0.711,1,1,1,0,17.363,0.151,1,1,1,0,13.247,0.0,0,0.0,0,0,0,1,0,1,0,1,0,0,0,12192.0,2,1,1,1,0,0,1,3,7.1,272.6,0,0,0,0,0,1
290400,68.867,0.711,1,1,1,0,17.37,0.077,1,1,1,0,13.247,0.0,0,0.0,0,0,0,1,0,1,0,1,0,0,0,12192.0,2,1,1,1,0,0,1,3,9.2,273.5,0,0,0,0,0,1
290500,68.938,0.711,1,1,1,0,17.372,0.0,0,0,1,0,13.247,0.0,0,0.0,0,0,0,1,0,1,0,1,0,0,0,12192.0,2,1,1,1,0,0,1,3,8.3,269.9,0,0,0,0,0,1
290600,69.009,0.711,1,1,1,0,17.372,0.0,0,0,1,0,13.247,0.0,0,0.0,0,0,0,1,0,1,0,1,0,0,0,12192.0,2,1,1,1,0,0,1,3,7.7,273.4,0,0,0,0,0,1
290700,69.08,0.711,1,1,1,0,17.372,0.0,0,0,1,0,13.247,0.0,0,0.0,0,0,0,1,0,1,0,1,0,0,0,12192.0,2,1,1,1,0,0,1,3,8.3,264.1,0,0,0,0,0,1
290800,69.151,0.711,1,1,1,0,17.372,0.0,0,0,1,0,13.247,0.0,0,0.0,0,0,0,1,0,1,0,1,0,0,0,12192.0,2,1,1,1,0,0,1,3,8.4,268.0,0,0,0,0,0,1
290900,69.222,0.711,1,1,1,0,17.372,0.0,0,0,1,0,13.247,0.0,0,0.0,0,0,0,1,0,1,0,1,0,0,0,12192.0,2,1,1,1,0,0,1,3,9.0,270.0,0,0,0,0,0,1
291000,69.294,0.711,1,1,1,0,17.372,0.0,0,0,1,0,13.247,0.0,0,0.0,0,0,0,1,0,1,0,1,0,0,0,12192.0,2,1,1,1,0,0,1,3,8.1,271.1,0,0,0,0,0,1
291100,69.365,0.711,1,1,1,0,17.372,0.0,0,0,1,0,13.247,0.0,0,0.0,0,0,0,1,0,1,0,1,0,0,0,12192.0,2,1,1,1,0,0,1,3,8.6,272.9,0,0,0,0,0,1
291200,69.436,0.711,1,1,1,0,17.372,0.0,0,0,1,0,13.247,0.0,0,0.0,0,0,0,1,0,1,0,1,0,0,0,12192.0,2,1,1,1,0,0,1,3,8.5,270.1,0,0,0,0,0,1
291300,69.507,0.711,1,1,1,0,17.372,0.0,0,0,1,0,13.247,0.0,0,0.0,0,0,0,1,0,1,0,1,0,0,0,12192.0,2,1,1,1,0,0,1,3,8.4,269.9,0,0,0,0,0,1
291400,69.578,0.711,1,1,1,0,17.372,0.0,0,0,1,0,13.247,0.0,0,0.0,0,0,0,1,0,1,0,1,0,0,0,12192.0,2,1,1,1,0,0,1,3,7.7,268.5,0,0,0,0,0,1
291500,69.649,0.711,1,1,1,0,17.372,0.0,0,0,1,0,13.247,0.0,0,0.0,0,0,0,1,0,1,0,1,0,0,0,12192.0,2,1,1,1,0,0,1,3,7.8,263.8,0,0,0,0,0,1
291600,69.72,0.711,1,1,1,0,17.372,0.0,0,0,1,0,13.247,0.0,0,0.0,0,0,0,1,0,1,0,1,0,0,0,12192.0,2,1,1,1,0,0,1,3,8.7,267.9,0,0,0,0,0,1
291700,69.791,0.711,1,1,1,0,17.372,0.0,0,0,1,0,13.247,0.0,0,0.0,0,0,0,1,0,1,0,1,0,0,0,12192.0,2,1,1,1,0,0,1,3,8.9,270.1,0,0,0,0,0,1
291800,69.862,0.711,1,1,1,0,17.372,0.0,0,0,1,0,13.247,0.0,0,0.0,0,0,0,1,0,1,0,1,0,0,0,12192.0,2,1,1,1,0,0,1,3,8.7,267.5,0,0,0,0,0,1
291900,69.933,0.711,1,1,1,0,17.372,0.0,0,0,1,0,13.247,0.0,0,0.0,0,0,0,1,0,1,0,1,0,0,0,12192.0,2,1,1,1,0,0,1,3,8.5,267.7,0,0,0,0,0,1
292000,70.004,0.711,1,1,1,0,17.372,0.0,0,0,1,0,13.247,0.0,0,0.0,0,0,0,1,0,1,0,1,0,0,0,12192.0,2,1,1,1,0,0,1,3,8.6,269.9,0,0,0,0,0,1
292100,70.075,0.711,1,1,1,0,17.372,0.0,0,0,1,0,13.247,0.0,0,0.0,0,0,0,1,0,1,0,1,0,0,0,12192.0,2,1,1,1,0,0,1,3,8.1,267.1,0,0,0,0,0,1
292200,70.146,0.711,1,1,1,0,17.372,0.0,0,0,1,0,13.247,0.0,0,0.0,0,0,0,1,0,1,0,1,0,0,0,12192.0,2,1,1,1,0,0,1,3,7.7,272.2,0,0,0,0,0,1
292300,70.218,0.711,1,1,1,0,17.372,0.0,0,0,1,0,13.247,0.0,0,0.0,0,0,0,1,0,1,0,1,0,0,0,12192.0,2,1,1,1,0,0,1,3,7.3,270.3,0,0,0,0,0,1
292400,70.289,0.711,1,1,1,0,17.372,0.0,0,0,1,0,13.247,0.0,0,0.0,0,0,0,1,0,1,0,1,0,0,0,12192.0,2,1,1,1,0,0,1,3,7.6,270.9,0,0,0,0,0,1
292500,70.36,0.711,1,1,1,0,17.372,0.0,0,0,1,0,13.247,0.0,0,0.0,0,0,0,1,0,1,0,1,0,0,0,12192.0,2,1,1,1,0,0,1,3,7.7,273.2,0,0,0,0,0,1
292600,70.431,0.711,1,1,1,0,17.372,0.0,0,0,1,0,13.247,0.0,0,0.0,0,0,0,1,0,1,0,1,0,0,0,12192.0,2,1,1,1,0,0,1,3,7.7,268.7,0,0,0,0,0,1
292700,70.502,0.711,1,1,1,0,17.372,0.0,0,0,1,0,13.247,0.0,0,0.0,0,0,0,1,0,1,0,1,0,0,0,12192.0,2,1,1,1,0,0,1,3,7.7,271.5,0,0,0,0,0,1
292800,70.573,0.711,1,1,1,0,17.372,0.0,0,0,1,0,13.247,0.0,0,0.0,0,0,0,1,0,1,0,1,0,0,0,12192.0,2,1,1,1,0,0,1,3,8.2,268.7,0,0,0,0,0,1
292900,70.644,0.711,1,1,1,0,17.372,0.0,0,0,1,0,13.247,0.0,0,0.0,0,0,0,1,0,1,0,1,0,0,0,12192.0,2,1,1,1,0,0,1,3,8.4,262.6,0,0,0,0,0,1
293000,70.715,0.711,1,1,1,0,17.372,0.0,0,0,1,0,13.247,0.0,0,0.0,0,0,0,1,0,1,0,1,0,0,0,12192.0,2,1,1,1,0,0,1,3,8.1,270.5,0,0,0,0,0,1
293100,70.786,0.711,1,1,1,0,17.372,0.0,0,0,1,0,13.247,0.0,0,0.0,0,0,0,1,0,1,0,1,0,0,0,12192.0,2,1,1,1,0,0,1,3,7.7,267.8,0,0,0,0,0,1
293200,70.857,0.711,1,1,1,0,17.372,0.0,0,0,1,0,13.247,0.0,0,0.0,0,0,0,1,0,1,0,1,0,0,0,12192.0,2,1,1,1,0,0,1,3,7.8,270.2,0,0,0,0,0,1
293300,70.928,0.711,1,1,1,0,17.372,0.0,0,0,1,0,13.247,0.0,0,0.0,0,0,0,1,0,1,0,1,0,0,0,12192.0,2,1,1,1,0,0,1,3,7.3,268.5,0,0,0,0,0,1
293400,70.999,0.711,1,1,1,0,17.372,0.0,0,0,1,0,13.247,0.0,0,0.0,0,0,0,1,0,1,0,1,0,0,0,12192.0,2,1,1,1,0,0,1,3,7.5,270.4,0,0,0,0,0,1
293500,71.07,0.711,1,1,1,0,17.372,0.0,0,0,1,0,13.247,0.0,0,0.0,0,0,0,1,0,1,0,1,0,0,0,12192.0,2,1,1,1,0,0,1,3,7.6,269.0,0,0,0,0,0,1
293600,71.142,0.711,1,1,1,0,17.372,0.0,0,0,1,0,13.247,0.0,0,0.0,0,0,0,1,0,1,0,1,0,0,0,12192.0,2,1,1,1,0,0,1,3,8.6,269.2,0,0,0,0,0,1
293700,71.213,0.711,1,1,1,0,17.372,0.0,0,0,1,0,13.247,0.0,0,0.0,0,0,0,1,0,1,0,1,0,0,0,12192.0,2,1,1,1,0,0,1,3,8.0,269.6,0,0,0,0,0,1
293800,71.284,0.711,1,1,1,0,17.372,0.0,0,0,1,0,13.247,0.0,0,0.0,0,0,0,1,0,1,0,1,0,0,0,12192.0,2,1,1,1,0,0,1,3,7.3,271.4,0,0,0,0,0,1
293900,71.355,0.711,1,1,1,0,17.372,0.0,0,0,1,0,13.247,0.0,0,0.0,0,0,0,1,0,1,0,1,0,0,0,12192.0,2,1,1,1,0,0,1,3,7.8,265.0,0,0,0,0,0,1
294000,71.426,0.711,1,1,1,0,17.372,0.0,0,0,1,0,13.247,0.0,0,0.0,0,0,0,1,0,1,0,1,0,0,0,12192.0,2,1,1,1,0,0,1,3,6.9,272.1,0,0,0,0,0,1
294100,71.497,0.711,1,1,1,0,17.372,0.0,0,0,1,0,13.247,0.0,0,0.0,0,0,0,1,0,1,0,1,0,0,0,12192.0,2,1,1,1,0,0,1,3,7.4,270.5,0,0,0,0,0,1
294200,71.568,0.711,1,1,1,0,17.372,0.0,0,0,1,0,13.247,0.0,0,0.0,0,0,0,1,0,1,0,1,0,0,0,12192.0,2,1,1,1,0,0,1,3,7.7,273.3,0,0,0,0,0,1
294300,71.639,0.711,1,1,1,0,17.372,0.0,0,0,1,0,13.247,0.0,0,0.0,0,0,0,1,0,1,0,1,0,0,0,12192.0,2,1,1,1,0,0,1,3,7.2,269.4,0,0,0,0,0,1
294400,71.71,0.711,1,1,1,0,17.372,0.0,0,0,1,0,13.247,0.0,0,0.0,0,0,0,1,0,1,0,1,0,0,0,12192.0,2,1,1,1,0,0,1,3,7.4,267.7,0,0,0,0,0,1
294500,71.781,0.711,1,1,1,0,17.372,0.0,0,0,1,0,13.247,0.0,0,0.0,0,0,0,1,0,1,0,1,0,0,0,12192.0,2,1,1,1,0,0,1,3,7.0,272.3,0,0,0,0,0,1
294600,71.852,0.711,1,1,1,0,17.372,0.0,0,0,1,0,13.247,0.0,0,0.0,0,0,0,1,0,1,0,1,0,0,0,12192.0,2,1,1,1,0,0,1,3,7.7,264.2,0,0,0,0,0,1
294700,71.923,0.711,1,1,1,0,17.372,0.0,0,0,1,0,13.247,0.0,0,0.0,0,0,0,1,0,1,0,1,0,0,0,12192.0,2,1,1,1,0,0,1,3,7.6,270.4,0,0,0,0,0,1
294800,71.995,0.711,1,1,1,0,17.372,0.0,0,0,1,0,13.247,0.0,0,0.0,0,0,0,1,0,1,0,1,0,0,0,12192.0,2,1,1,1,0,0,1,3,7.7,268.8,0,0,0,0,0,1
294900,72.066,0.711,1,1,1,0,17.372,0.0,0,0,1,0,13.247,0.0,0,0.0,0,0,0,1,0,1,0,1,0,0,0,12192.0,2,1,1,1,0,0,1,3,7.0,274.2,0,0,0,0,0,1
295000,72.137,0.711,1,1,1,0,17.372,0.0,0,0,1,0,13.247,0.0,0,0.0,0,0,0,1,0,1,0,1,0,0,0,12192.0,2,1,1,1,0,0,1,3,7.7,270.1,0,0,0,0,0,1
295100,72.208,0.711,1,1,1,0,17.372,0.0,0,0,1,0,13.247,0.0,0,0.0,0,0,0,1,0,1,0,1,0,0,0,12192.0,2,1,1,1,0,0,1,3,7.7,265.6,0,0,0,0,0,1
295200,72.279,0.711,1,1,1,0,17.372,0.0,0,0,1,0,13.247,0.0,0,0.0,0,0,0,1,0,1,0,1,0,0,0,12192.0,2,1,1,1,0,0,1,3,6.8,269.0,0,0,0,0,0,1
295300,72.35,0.711,1,1,1,0,17.372,0.0,0,0,1,0,13.247,0.0,0,0.0,0,0,0,1,0,1,0,1,0,0,0,12192.0,2,1,1,1,0,0,1,3,8.1,269.8,0,0,0,0,0,1
295400,72.421,0.711,1,1,1,0,17.372,0.0,0,0,1,0,13.247,0.0,0,0.0,0,0,0,1,0,1,0,1,0,0,0,12192.0,2,1,1,1,0,0,1,3,7.5,271.3,0,0,0,0,0,1
295500,72.492,0.711,1,1,1,0,17.372,0.0,0,0,1,0,13.247,0.0,0,0.0,0,0,0,1,0,1,0,1,0,0,0,12192.0,2,1,1,1,0,0,1,3,7.5,267.7,0,0,0,0,0,1
295600,72.563,0.711,1,1,1,0,17.372,0.0,0,0,1,0,13.247,0.0,0,0.0,0,0,0,1,0,1,0,1,0,0,0,12192.0,2,1,1,1,0,0,1,3,7.8,265.5,0,0,0,0,0,1
295700,72.634,0.711,1,1,1,0,17.372,0.0,0,0,1,0,13.247,0.0,0,0.0,0,0,0,1,0,1,0,1,0,0,0,12192.0,2,1,1,1,0,0,1,3,7.4,273.3,0,0,0,0,0,1
295800,72.705,0.711,1,1,1,0,17.372,0.0,0,0,1,0,13.247,0.0,0,0.0,0,0,0,1,0,1,0,1,0,0,0,12192.0,2,1,1,1,0,0,1,3,7.4,271.4,0,0,0,0,0,1
295900,72.776,0.711,1,1,1,0,17.372,0.0,0,0,1,0,13.247,0.0,0,0.0,0,0,0,1,0,1,0,1,0,0,0,12192.0,2,1,1,1,0,0,1,3,7.8,264.2,0,0,0,0,0,1
296000,72.847,0.711,1,1,1,0,17.372,0.0,0,0,1,0,13.247,0.0,0,0.0,0,0,0,1,0,1,0,1,0,0,0,12192.0,2,1,1,1,0,0,1,3,8.3,265.1,0,0,0,0,0,1
296100,72.919,0.711,1,1,1,0,17.372,0.0,0,0,1,0,13.247,0.0,0,0.0,0,0,0,1,0,1,0,1,0,0,0,12192.0,2,1,1,1,0,0,1,3,8.0,270.6,0,0,0,0,0,1
296200,72.99,0.711,1,1,1,0,17.372,0.0,0,0,1,0,13.247,0.0,0,0.0,0,0,0,1,0,1,0,1,0,0,0,12192.0,2,1,1,1,0,0,1,3,6.9,266.2,0,0,0,0,0,1
296300,73.061,0.711,1,1,1,0,17.372,0.0,0,0,1,0,13.247,0.0,0,0.0,0,0,0,1,0,1,0,1,0,0,0,12192.0,2,1,1,1,0,0,1,3,8.6,272.7,0,0,0,0,0,1
296400,73.132,0.711,1,1,1,0,17.372,0.0,0,0,1,0,13.247,0.0,0,0.0,0,0,0,1,0,1,0,1,0,0,0,12192.0,2,1,1,1,0,0,1,3,6.8,270.2,0,0,0,0,0,1
296500,73.203,0.711,1,1,1,0,17.372,0.0,0,0,1,0,13.247,0.0,0,0.0,0,0,0,1,0,1,0,1,0,0,0,12192.0,2,1,1,1,0,0,1,3,8.9,271.1,0,0,0,0,0,1
296600,73.274,0.711,1,1,1,0,17.372,0.0,0,0,1,0,13.247,0.0,0,0.0,0,0,0,1,0,1,0,1,0,0,0,12192.0,2,1,1,1,0,0,1,3,7.5,270.8,0,0,0,0,0,1
296700,73.345,0.711,1,1,1,0,17.372,0.0,0,0,1,0,13.247,0.0,0,0.0,0,0,0,1,0,1,0,1,0,0,0,12192.0,2,1,1,1,0,0,1,3,8.3,270.9,0,0,0,0,0,1
296800,73.416,0.711,1,1,1,0,17.372,0.0,0,0,1,0,13.247,0.0,0,0.0,0,0,0,1,0,1,0,1,0,0,0,12192.0,2,1,1,1,0,0,1,3,8.1,272.4,0,0,0,0,0,1
296900,73.487,0.711,1,1,1,0,17.372,0.0,0,0,1,0,13.247,0.0,0,0.0,0,0,0,1,0,1,0,1,0,0,0,12192.0,2,1,1,1,0,0,1,3,8.2,269.6,0,0,0,0,0,1
297000,73.558,0.711,1,1,1,0,17.372,0.0,0,0,1,0,13.247,0.0,0,0.0,0,0,0,1,0,1,0,1,0,0,0,12192.0,2,1,1,1,0,0,1,3,8.9,273.6,0,0,0,0,0,1
297100,73.629,0.711,1,1,1,0,17.372,0.0,0,0,1,0,13.247,0.0,0,0.0,0,0,0,1,0,1,0,1,0,0,0,12192.0,2,1,1,1,0,0,1,3,8.1,270.7,0,0,0,0,0,1
297200,73.7,0.711,1,1,1,0,17.372,0.0,0,0,1,0,13.247,0.0,0,0.0,0,0,0,1,0,1,0,1,0,0,0,12192.0,2,1,1,1,0,0,1,3,8.1,270.3,0,0,0,0,0,1
297300,73.771,0.711,1,1,1,0,17.372,0.0,0,0,1,0,13.247,0.0,0,0.0,0,0,0,1,0,1,0,1,0,0,0,12192.0,2,1,1,1,0,0,1,3,7.7,272.5,0,0,0,0,0,1
297400,73.843,0.711,1,1,1,0,17.372,0.0,0,0,1,0,13.247,0.0,0,0.0,0,0,0,1,0,1,0,1,0,0,0,12192.0,2,1,1,1,0,0,1,3,7.7,269.0,0,0,0,0,0,1
297500,73.914,0.711,1,1,1,0,17.372,0.0,0,0,1,0,13.247,0.0,0,0.0,0,0,0,1,0,1,0,1,0,0,0,12192.0,2,1,1,1,0,0,1,3,7.8,266.2,0,0,0,0,0,1
297600,73.985,0.711,1,1,1,0,17.372,0.0,0,0,1,0,13.247,0.0,0,0.0,0,0,0,1,0,1,0,1,0,0,0,12192.0,2,1,1,1,0,0,1,3,9.1,269.7,0,0,0,0,0,1
297700,74.056,0.711,1,1,1,0,17.372,0.0,0,0,1,0,13.247,0.0,0,0.0,0,0,0,1,0,1,0,1,0,0,0,12192.0,2,1,1,1,0,0,1,3,8.5,269.2,0,0,0,0,0,1
297800,74.127,0.711,1,1,1,0,17.372,0.0,0,0,1,0,13.247,0.0,0,0.0,0,0,0,1,0,1,0,1,0,0,0,12192.0,2,1,1,1,0,0,1,3,8.1,268.2,0,0,0,0,0,1
297900,74.198,0.711,1,1,1,0,17.372,0.0,0,0,1,0,13.247,0.0,0,0.0,0,0,0,1,0,1,0,1,0,0,0,12192.0,2,1,1,1,0,0,1,3,7.7,270.9,0,0,0,0,0,1
298000,74.269,0.711,1,1,1,0,17.372,0.0,0,0,1,0,13.247,0.0,0,0.0,0,0,0,1,0,1,0,1,0,0,0,12192.0,2,1,1,1,0,0,1,3,8.9,267.6,0,0,0,0,0,1
298100,74.34,0.711,1,1,1,0,17.372,0.0,0,0,1,0,13.247,0.0,0,0.0,0,0,0,1,0,1,0,1,0,0,0,12192.0,2,1,1,1,0,0,1,3,8.5,272.0,0,0,0,0,0,1
298200,74.411,0.711,1,1,1,0,17.372,0.0,0,0,1,0,13.247,0.0,0,0.0,0,0,0,1,0,1,0,1,0,0,0,12192.0,2,1,1,1,0,0,1,3,8.8,274.0,0,0,0,0,0,1
298300,74.482,0.711,1,1,1,0,17.372,0.0,0,0,1,0,13.247,0.0,0,0.0,0,0,0,1,0,1,0,1,0,0,0,12192.0,2,1,1,1,0,0,1,3,8.7,274.4,0,0,0,0,0,1
298400,74.553,0.711,1,1,1,0,17.372,0.0,0,0,1,0,13.247,0.0,0,0.0,0,0,0,1,0,1,0,1,0,0,0,12192.0,2,1,1,1,0,0,1,3,8.6,270.1,0,0,0,0,0,1
298500,74.624,0.711,1,1,1,0,17.372,0.0,0,0,1,0,13.247,0.0,0,0.0,0,0,0,1,0,1,0,1,0,0,0,12192.0,2,1,1,1,0,0,1,3,9.0,269.1,0,0,0,0,0,1
298600,74.696,0.711,1,1,1,0,17.372,0.0,0,0,1,0,13.247,0.0,0,0.0,0,0,0,1,0,1,0,1,0,0,0,12192.0,2,1,1,1,0,0,1,3,9.3,269.2,0,0,0,0,0,1
298700,74.767,0.711,1,1,1,0,17.372,0.0,0,0,1,0,13.247,0.0,0,0.0,0,0,0,1,0,1,0,1,0,0,0,12192.0,2,1,1,1,0,0,1,3,8.5,266.1,0,0,0,0,0,1
298800,74.838,0.711,1,1,1,0,17.372,0.0,0,0,1,0,13.247,0.0,0,0.0,0,0,0,1,0,1,0,1,0,0,0,12192.0,2,1,1,1,0,0,1,3,9.0,267.3,0,0,0,0,0,1
298900,74.909,0.711,1,1,1,0,17.372,0.0,0,0,1,0,13.247,0.0,0,0.0,0,0,0,1,0,1,0,1,0,0,0,12192.0,2,1,1,1,0,0,1,3,8.2,273.2,0,0,0,0,0,1
299000,74.98,0.711,1,1,1,0,17.372,0.0,0,0,1,0,13.247,0.0,0,0.0,0,0,0,1,0,1,0,1,0,0,0,12192.0,2,1,1,1,0,0,1,3,9.1,264.6,0,0,0,0,0,1
299100,75.051,0.711,1,1,1,0,17.372,0.0,0,0,1,0,13.247,0.0,0,0.0,0,0,0,1,0,1,0,1,0,0,0,12192.0,2,1,1,1,0,0,1,3,9.4,271.8,0,0,0,0,0,1
299200,75.122,0.711,1,1,1,0,17.372,0.0,0,0,1,0,13.247,0.0,0,0.0,0,0,0,1,0,1,0,1,0,0,0,12192.0,2,1,1,1,0,0,1,3,7.8,270.6,0,0,0,0,0,1
299300,75.193,0.711,1,1,1,0,17.372,0.0,0,0,1,0,13.247,0.0,0,0.0,0,0,0,1,0,1,0,1,0,0,0,12192.0,2,1,1,1,0,0,1,3,9.3,272.9,0,0,0,0,0,1
299400,75.264,0.711,1,1,1,0,17.372,0.0,0,0,1,0,13.247,0.0,0,0.0,0,0,0,1,0,1,0,1,0,0,0,12192.0,2,1,1,1,0,0,1,3,8.5,271.0,0,0,0,0,0,1
299500,75.335,0.711,1,1,1,0,17.372,0.0,0,0,1,0,13.247,0.0,0,0.0,0,0,0,1,0,1,0,1,0,0,0,12192.0,2,1,1,1,0,0,1,3,8.0,269.0,0,0,0,0,0,1
299600,75.406,0.711,1,1,1,0,17.372,0.0,0,0,1,0,13.247,0.0,0,0.0,0,0,0,1,0,1,0,1,0,0,0,12192.0,2,1,1,1,0,0,1,3,8.6,266.6,0,0,0,0,0,1
299700,75.477,0.711,1,1,1,0,17.372,0.0,0,0,1,0,13.247,0.0,0,0.0,0,0,0,1,0,1,0,1,0,0,0,12192.0,2,1,1,1,0,0,1,3,8.8,272.7,0,0,0,0,0,1
299800,75.548,0.711,1,1,1,0,17.372,0.0,0,0,1,0,13.247,0.0,0,0.0,0,0,0,1,0,1,0,1,0,0,0,12192.0,2,1,1,1,0,0,1,3,7.9,272.4,0,0,0,0,0,1
299900,75.62,0.711,1,1,1,0,17.372,0.0,0,0,1,0,13.247,0.0,0,0.0,0,0,0,1,0,1,0,1,0,0,0,12192.0,2,1,1,1,0,0,1,3,8.3,268.4,0,0,0,0,0,1
300000,75.691,0.711,1,1,1,0,17.372,0.0,0,0,1,0,13.247,0.0,0,0.0,0,0,0,1,0,1,0,1,0,0,0,12192.0,2,1,1,1,0,0,1,3,8.3,269.6,0,0,0,0,0,1
300100,75.762,0.711,1,1,1,0,17.372,0.0,0,0,1,0,13.247,0.0,0,0.0,0,0,0,1,0,1,0,1,0,0,0,12192.0,2,1,1,1,0,0,1,3,8.8,268.8,0,0,0,0,0,1
300200,75.833,0.711,1,1,1,0,17.372,0.0,0,0,1,0,13.247,0.0,0,0.0,0,0,0,1,0,1,0,1,0,0,0,12192.0,2,1,1,1,0,0,1,3,8.7,266.6,0,0,0,0,0,1
300300,75.904,0.711,1,1,1,0,17.372,0.0,0,0,1,0,13.247,0.0,0,0.0,0,0,0,1,0,1,0,1,0,0,0,12192.0,2,1,1,1,0,0,1,3,8.3,272.0,0,0,0,0,0,1
300400,75.975,0.711,1,1,1,0,17.372,0.0,0,0,1,0,13.247,0.0,0,0.0,0,0,0,1,0,1,0,1,0,0,0,12192.0,2,1,1,1,0,0,1,3,7.7,264.5,0,0,0,0,0,1
300500,76.046,0.711,1,1,1,0,17.372,0.0,0,0,1,0,13.247,0.0,0,0.0,0,0,0,1,0,1,0,1,0,0,0,12192.0,2,1,1,1,0,0,1,3,7.7,268.2,0,0,0,0,0,1
300600,76.117,0.711,1,1,1,0,17.372,0.0,0,0,1,0,13.247,0.0,0,0.0,0,0,0,1,0,1,0,1,0,0,0,12192.0,2,1,1,1,0,0,1,3,8.4,270.2,0,0,0,0,0,1
300700,76.188,0.711,1,1,1,0,17.372,0.0,0,0,1,0,13.247,0.0,0,0.0,0,0,0,1,0,1,0,1,0,0,0,12192.0,2,1,1,1,0,0,1,3,8.1,266.5,0,0,0,0,0,1
300800,76.259,0.711,1,1,1,0,17.372,0.0,0,0,1,0,13.247,0.0,0,0.0,0,0,0,1,0,1,0,1,0,0,0,12192.0,2,1,1,1,0,0,1,3,7.4,264.2,0,0,0,0,0,1
300900,76.33,0.711,1,1,1,0,17.372,0.0,0,0,1,0,13.247,0.0,0,0.0,0,0,0,1,0,1,0,1,0,0,0,12192.0,2,1,1,1,0,0,1,3,7.7,275.2,0,0,0,0,0,1
301000,76.401,0.711,1,1,1,0,17.372,0.0,0,0,1,0,13.247,0.0,0,0.0,0,0,0,1,0,1,0,1,0,0,0,12192.0,2,1,1,1,0,0,1,3,7.9,265.2,0,0,0,0,0,1
301100,76.472,0.711,1,1,1,0,17.372,0.0,0,0,1,0,13.247,0.0,0,0.0,0,0,0,1,0,1,0,1,0,0,0,12192.0,2,1,1,1,0,0,1,3,7.4,273.4,0,0,0,0,0,1
301200,76.544,0.711,1,1,1,0,17.372,0.0,0,0,1,0,13.247,0.0,0,0.0,0,0,0,1,0,1,0,1,0,0,0,12192.0,2,1,1,1,0,0,1,3,7.6,272.9,0,0,0,0,0,1
301300,76.615,0.711,1,1,1,0,17.372,0.0,0,0,1,0,13.247,0.0,0,0.0,0,0,0,1,0,1,0,1,0,0,0,12192.0,2,1,1,1,0,0,1,3,7.5,271.1,0,0,0,0,0,1
301400,76.686,0.711,1,1,1,0,17.372,0.0,0,0,1,0,13.247,0.0,0,0.0,0,0,0,1,0,1,0,1,0,0,0,12192.0,2,1,1,1,0,0,1,3,7.5,268.6,0,0,0,0,0,1
301500,76.757,0.711,1,1,1,0,17.372,0.0,0,0,1,0,13.247,0.0,0,0.0,0,0,0,1,0,1,0,1,0,0,0,12192.0,2,1,1,1,0,0,1,3,7.3,270.6,0,0,0,0,0,1
301600,76.828,0.711,1,1,1,0,17.372,0.0,0,0,1,0,13.247,0.0,0,0.0,0,0,0,1,0,1,0,1,0,0,0,12192.0,2,1,1,1,0,0,1,3,7.3,270.5,0,0,0,0,0,1
301700,76.899,0.711,1,1,1,0,17.372,0.0,0,0,1,0,13.247,0.0,0,0.0,0,0,0,1,0,1,0,1,0,0,0,12192.0,2,1,1,1,0,0,1,3,7.1,267.3,0,0,0,0,0,1
301800,76.97,0.711,1,1,1,0,17.372,0.0,0,0,1,0,13.247,0.0,0,0.0,0,0,0,1,0,1,0,1,0,0,0,12192.0,2,1,1,1,0,0,1,3,7.3,265.9,0,0,0,0,0,1
301900,77.041,0.711,1,1,1,0,17.372,0.0,0,0,1,0,13.247,0.0,0,0.0,0,0,0,1,0,1,0,1,0,0,0,12192.0,2,1,1,1,0,0,1,3,7.4,268.5,0,0,0,0,0,1
302000,77.112,0.711,1,1,1,0,17.372,0.0,0,0,1,0,13.247,0.0,0,0.0,0,0,0,1,0,1,0,1,0,0,0,12192.0,2,1,1,1,0,0,1,3,7.3,272.6,0,0,0,0,0,1
302100,77.183,0.711,1,1,1,0,17.372,0.0,0,0,1,0,13.247,0.0,0,0.0,0,0,0,1,0,1,0,1,0,0,0,12192.0,2,1,1,1,0,0,1,3,6.8,269.4,0,0,0,0,0,1
302200,77.254,0.711,1,1,1,0,17.372,0.0,0,0,1,0,13.247,0.0,0,0.0,0,0,0,1,0,1,0,1,0,0,0,12192.0,2,1,1,1,0,0,1,3,6.7,266.2,0,0,0,0,0,1
302300,77.325,0.711,1,1,1,0,17.372,0.0,0,0,1,0,13.247,0.0,0,0.0,0,0,0,1,0,1,0,1,0,0,0,12192.0,2,1,1,1,0,0,1,3,7.5,269.7,0,0,0,0,0,1
302400,77.397,0.711,1,1,1,0,17.372,0.0,0,0,1,0,13.247,0.0,0,0.0,0,0,0,1,0,1,0,1,0,0,0,12192.0,2,1,1,1,0,0,1,3,7.3,268.5,0,0,0,0,0,1
302500,77.468,0.711,1,1,1,0,17.372,0.0,0,0,1,0,13.247,0.0,0,0.0,0,0,0,1,0,1,0,1,0,0,0,12192.0,2,1,1,1,0,0,1,3,7.7,268.5,0,0,0,0,0,1
302600,77.539,0.711,1,1,1,0,17.372,0.0,0,0,1,0,13.247,0.0,0,0.0,0,0,0,1,0,1,0,1,0,0,0,12192.0,2,1,1,1,0,0,1,3,7.2,271.4,0,0,0,0,0,1
302700,77.61,0.711,1,1,1,0,17.372,0.0,0,0,1,0,13.247,0.0,0,0.0,0,0,0,1,0,1,0,1,0,0,0,12192.0,2,1,1,1,0,0,1,3,7.6,266.2,0,0,0,0,0,1
302800,77.681,0.711,1,1,1,0,17.372,0.0,0,0,1,0,13.247,0.0,0,0.0,0,0,0,1,0,1,0,1,0,0,0,12192.0,2,1,1,1,0,0,1,3,7.6,270.0,0,0,0,0,0,1
302900,77.752,0.711,1,1,1,0,17.372,0.0,0,0,1,0,13.247,0.0,0,0.0,0,0,0,1,0,1,0,1,0,0,0,12192.0,2,1,1,1,0,0,1,3,8.1,268.7,0,0,0,0,0,1
303000,77.823,0.711,1,1,1,0,17.372,0.0,0,0,1,0,13.247,0.0,0,0.0,0,0,0,1,0,1,0,1,0,0,0,12192.0,2,1,1,1,0,0,1,3,7.2,267.6,0,0,0,0,0,1
303100,77.894,0.711,1,1,1,0,17.372,0.0,0,0,1,0,13.247,0.0,0,0.0,0,0,0,1,0,1,0,1,0,0,0,12192.0,2,1,1,1,0,0,1,3,7.6,270.7,0,0,0,0,0,1
303200,77.965,0.711,1,1,1,0,17.372,0.0,0,0,1,0,13.247,0.0,0,0.0,0,0,0,1,0,1,0,1,0,0,0,12192.0,2,1,1,1,0,0,1,3,7.9,271.1,0,0,0,0,0,1
303300,78.036,0.711,1,1,1,0,17.372,0.0,0,0,1,0,13.247,0.0,0,0.0,0,0,0,1,0,1,0,1,0,0,0,12192.0,2,1,1,1,0,0,1,3,7.3,269.3,0,0,0,0,0,1
303400,78.107,0.711,1,1,1,0,17.372,0.0,0,0,1,0,13.247,0.0,0,0.0,0,0,0,1,0,1,0,1,0,0,0,12192.0,2,1,1,1,0,0,1,3,7.1,271.6,0,0,0,0,0,1
303500,78.178,0.711,1,1,1,0,17.372,0.0,0,0,1,0,13.247,0.0,0,0.0,0,0,0,1,0,1,0,1,0,0,0,12192.0,2,1,1,1,0,0,1,3,8.1,270.1,0,0,0,0,0,1
303600,78.249,0.711,1,1,1,0,17.372,0.0,0,0,1,0,13.247,0.0,0,0.0,0,0,0,1,0,1,0,1,0,0,0,12192.0,2,1,1,1,0,0,1,3,7.0,274.3,0,0,0,0,0,1
303700,78.321,0.711,1,1,1,0,17.372,0.0,0,0,1,0,13.247,0.0,0,0.0,0,0,0,1,0,1,0,1,0,0,0,12192.0,2,1,1,1,0,0,1,3,8.2,270.6,0,0,0,0,0,1
303800,78.392,0.711,1,1,1,0,17.372,0.0,0,0,1,0,13.247,0.0,0,0.0,0,0,0,1,0,1,0,1,0,0,0,12192.0,2,1,1,1,0,0,1,3,6.9,266.9,0,0,0,0,0,1
303900,78.463,0.711,1,1,1,0,17.372,0.0,0,0,1,0,13.247,0.0,0,0.0,0,0,0,1,0,1,0,1,0,0,0,12192.0,2,1,1,1,0,0,1,3,7.9,269.5,0,0,0,0,0,1
304000,78.534,0.711,1,1,1,0,17.372,0.0,0,0,1,0,13.247,0.0,0,0.0,0,0,0,1,0,1,0,1,0,0,0,12192.0,2,1,1,1,0,0,1,3,8.1,268.0,0,0,0,0,0,1
304100,78.605,0.711,1,1,1,0,17.372,0.0,0,0,1,0,13.247,0.0,0,0.0,0,0,0,1,0,1,0,1,0,0,0,12192.0,2,1,1,1,0,0,1,3,7.1,271.7,0,0,0,0,0,1
304200,78.676,0.711,1,1,1,0,17.372,0.0,0,0,1,0,13.247,0.0,0,0.0,0,0,0,1,0,1,0,1,0,0,0,12192.0,2,1,1,1,0,0,1,3,8.1,271.8,0,0,0,0,0,1
304300,78.747,0.711,1,1,1,0,17.372,0.0,0,0,1,0,13.247,0.0,0,0.0,0,0,0,1,0,1,0,1,0,0,0,12192.0,2,1,1,1,0,0,1,3,7.0,271.0,0,0,0,0,0,1
304400,78.818,0.711,1,1,1,0,17.372,0.0,0,0,1,0,13.247,0.0,0,0.0,0,0,0,1,0,1,0,1,0,0,0,12192.0,2,1,1,1,0,0,1,3,7.6,273.3,0,0,0,0,0,1
304500,78.889,0.711,1,1,1,0,17.372,0.0,0,0,1,0,13.247,0.0,0,0.0,0,0,0,1,0,1,0,1,0,0,0,12192.0,2,1,1,1,0,0,1,3,8.0,263.9,0,0,0,0,0,1
304600,78.96,0.711,1,1,1,0,17.372,0.0,0,0,1,0,13.247,0.0,0,0.0,0,0,0,1,0,1,0,1,0,0,0,12192.0,2,1,1,1,0,0,1,3,7.7,269.3,0,0,0,0,0,1
304700,79.031,0.711,1,1,1,0,17.372,0.0,0,0,1,0,13.247,0.0,0,0.0,0,0,0,1,0,1,0,1,0,0,0,12192.0,2,1,1,1,0,0,1,3,8.1,266.9,0,0,0,0,0,1
304800,79.102,0.711,1,1,1,0,17.372,0.0,0,0,1,0,13.247,0.0,0,0.0,0,0,0,1,0,1,0,1,0,0,0,12192.0,2,1,1,1,0,0,1,3,7.4,273.5,0,0,0,0,0,1
304900,79.173,0.711,1,1,1,0,17.372,0.0,0,0,1,0,13.247,0.0,0,0.0,0,0,0,1,0,1,0,1,0,0,0,12192.0,2,1,1,1,0,0,1,3,8.1,267.7,0,0,0,0,0,1
305000,79.245,0.711,1,1,1,0,17.372,0.0,0,0,1,0,13.247,0.0,0,0.0,0,0,0,1,0,1,0,1,0,0,0,12192.0,2,1,1,1,0,0,1,3,8.2,275.9,0,0,0,0,0,1
305100,79.316,0.711,1,1,1,0,17.372,0.0,0,0,1,0,13.247,0.0,0,0.0,0,0,0,1,0,1,0,1,0,0,0,12192.0,2,1,1,1,0,0,1,3,8.1,269.9,0,0,0,0,0,1
305200,79.387,0.711,1,1,1,0,17.372,0.0,0,0,1,0,13.247,0.0,0,0.0,0,0,0,1,0,1,0,1,0,0,0,12192.0,2,1,1,1,0,0,1,3,8.1,271.9,0,0,0,0,0,1
305300,79.458,0.711,1,1,1,0,17.372,0.0,0,0,1,0,13.247,0.0,0,0.0,0,0,0,1,0,1,0,1,0,0,0,12192.0,2,1,1,1,0,0,1,3,8.0,272.6,0,0,0,0,0,1
305400,79.529,0.711,1,1,1,0,17.372,0.0,0,0,1,0,13.247,0.0,0,0.0,0,0,0,1,0,1,0,1,0,0,0,12192.0,2,1,1,1,0,0,1,3,7.9,266.8,0,0,0,0,0,1
305500,79.6,0.711,1,1,1,0,17.372,0.0,0,0,1,0,13.247,0.0,0,0.0,0,0,0,1,0,1,0,1,0,0,0,12192.0,2,1,1,1,0,0,1,3,8.3,271.6,0,0,0,0,0,1
305600,79.671,0.711,1,1,1,0,17.372,0.0,0,0,1,0,13.247,0.0,0,0.0,0,0,0,1,0,1,0,1,0,0,0,12192.0,2,1,1,1,0,0,1,3,7.9,268.0,0,0,0,0,0,1
305700,79.742,0.711,1,1,1,0,17.372,0.0,0,0,1,0,13.247,0.0,0,0.0,0,0,0,1,0,1,0,1,0,0,0,12192.0,2,1,1,1,0,0,1,3,8.2,273.1,0,0,0,0,0,1
305800,79.813,0.711,1,1,1,0,17.372,0.0,0,0,1,0,13.247,0.0,0,0.0,0,0,0,1,0,1,0,1,0,0,0,12192.0,2,1,1,1,0,0,1,3,7.6,272.7,0,0,0,0,0,1
305900,79.884,0.711,1,1,1,0,17.372,0.0,0,0,1,0,13.247,0.0,0,0.0,0,0,0,1,0,1,0,1,0,0,0,12192.0,2,1,1,1,0,0,1,3,9.1,272.3,0,0,0,0,0,1
306000,79.955,0.711,1,1,1,0,17.372,0.0,0,0,1,0,13.247,0.0,0,0.0,0,0,0,1,0,1,0,1,0,0,0,12192.0,2,1,1,1,0,0,1,3,8.0,272.6,0,0,0,0,0,1
306100,80.026,0.711,1,1,1,0,17.372,0.0,0,0,1,0,13.247,0.0,0,0.0,0,0,0,1,0,1,0,1,0,0,0,12192.0,2,1,1,1,0,0,1,3,8.6,273.0,0,0,0,0,0,1
306200,80.097,0.711,1,1,1,0,17.372,0.0,0,0,1,0,13.247,0.0,0,0.0,0,0,0,1,0,1,0,1,0,0,0,12192.0,2,1,1,1,0,0,1,3,8.6,270.1,0,0,0,0,0,1
306300,80.169,0.711,1,1,1,0,17.372,0.0,0,0,1,0,13.247,0.0,0,0.0,0,0,0,1,0,1,0,1,0,0,0,12192.0,2,1,1,1,0,0,1,3,8.8,270.2,0,0,0,0,0,1
306400,80.24,0.711,1,1,1,0,17.372,0.0,0,0,1,0,13.247,0.0,0,0.0,0,0,0,1,0,1,0,1,0,0,0,12192.0,2,1,1,1,0,0,1,3,8.0,267.2,0,0,0,0,0,1
306500,80.311,0.711,1,1,1,0,17.372,0.0,0,0,1,0,13.247,0.0,0,0.0,0,0,0,1,0,1,0,1,0,0,0,12192.0,2,1,1,1,0,0,1,3,9.1,271.3,0,0,0,0,0,1
306600,80.382,0.711,1,1,1,0,17.372,0.0,0,0,1,0,13.247,0.0,0,0.0,0,0,0,1,0,1,0,1,0,0,0,12192.0,2,1,1,1,0,0,1,3,9.0,273.4,0,0,0,0,0,1
306700,80.453,0.711,1,1,1,0,17.372,0.0,0,0,1,0,13.247,0.0,0,0.0,0,0,0,1,0,1,0,1,0,0,0,12192.0,2,1,1,1,0,0,1,3,9.0,264.8,0,0,0,0,0,1
306800,80.524,0.711,1,1,1,0,17.372,0.0,0,0,1,0,13.247,0.0,0,0.0,0,0,0,1,0,1,0,1,0,0,0,12192.0,2,1,1,1,0,0,1,3,8.4,271.8,0,0,0,0,0,1
306900,80.595,0.711,1,1,1,0,17.372,0.0,0,0,1,0,13.247,0.0,0,0.0,0,0,0,1,0,1,0,1,0,0,0,12192.0,2,1,1,1,0,0,1,3,8.7,266.7,0,0,0,0,0,1
307000,80.666,0.711,1,1,1,0,17.372,0.0,0,0,1,0,13.247,0.0,0,0.0,0,0,0,1,0,1,0,1,0,0,0,12192.0,2,1,1,1,0,0,1,3,8.3,269.8,0,0,0,0,0,1
307100,80.737,0.711,1,1,1,0,17.372,0.0,0,0,1,0,13.247,0.0,0,0.0,0,0,0,1,0,1,0,1,0,0,0,12192.0,2,1,1,1,0,0,1,3,8.1,271.0,0,0,0,0,0,1
307200,80.808,0.711,1,1,1,0,17.372,0.0,0,0,1,0,13.247,0.0,0,0.0,0,0,0,1,0,1,0,1,0,0,0,12192.0,2,1,1,1,0,0,1,3,8.6,269.5,0,0,0,0,0,1
307300,80.879,0.711,1,1,1,0,17.372,0.0,0,0,1,0,13.247,0.0,0,0.0,0,0,0,1,0,1,0,1,0,0,0,12192.0,2,1,1,1,0,0,1,3,9.6,267.7,0,0,0,0,0,1
307400,80.95,0.711,1,1,1,0,17.372,0.0,0,0,1,0,13.247,0.0,0,0.0,0,0,0,1,0,1,0,1,0,0,0,12192.0,2,1,1,1,0,0,1,3,9.2,272.3,0,0,0,0,0,1
307500,81.022,0.711,1,1,1,0,17.372,0.0,0,0,1,0,13.247,0.0,0,0.0,0,0,0,1,0,1,0,1,0,0,0,12192.0,2,1,1,1,0,0,1,3,8.6,267.5,0,0,0,0,0,1
307600,81.093,0.711,1,1,1,0,17.372,0.0,0,0,1,0,13.247,0.0,0,0.0,0,0,0,1,0,1,0,1,0,0,0,12192.0,2,1,1,1,0,0,1,3,8.3,269.1,0,0,0,0,0,1
307700,81.164,0.711,1,1,1,0,17.372,0.0,0,0,1,0,13.247,0.0,0,0.0,0,0,0,1,0,1,0,1,0,0,0,12192.0,2,1,1,1,0,0,1,3,8.2,270.8,0,0,0,0,0,1
307800,81.235,0.711,1,1,1,0,17.372,0.0,0,0,1,0,13.247,0.0,0,0.0,0,0,0,1,0,1,0,1,0,0,0,12192.0,2,1,1,1,0,0,1,3,8.9,267.5,0,0,0,0,0,1
307900,81.306,0.711,1,1,1,0,17.372,0.0,0,0,1,0,13.247,0.0,0,0.0,0,0,0,1,0,1,0,1,0,0,0,12192.0,2,1,1,1,0,0,1,3,7.7,273.0,0,0,0,0,0,1
308000,81.377,0.711,1,1,1,0,17.372,0.0,0,0,1,0,13.247,0.0,0,0.0,0,0,0,1,0,1,0,1,0,0,0,12192.0,2,1,1,1,0,0,1,3,9.0,270.9,0,0,0,0,0,1
308100,81.448,0.711,1,1,1,0,17.372,0.0,0,0,1,0,13.247,0.0,0,0.0,0,0,0,1,0,1,0,1,0,0,0,12192.0,2,1,1,1,0,0,1,3,9.1,274.9,0,0,0,0,0,1
308200,81.519,0.711,1,1,1,0,17.372,0.0,0,0,1,0,13.247,0.0,0,0.0,0,0,0,1,0,1,0,1,0,0,0,12192.0,2,1,1,1,0,0,1,3,8.8,270.8,0,0,0,0,0,1
308300,81.59,0.711,1,1,1,0,17.372,0.0,0,0,1,0,13.247,0.0,0,0.0,0,0,0,1,0,1,0,1,0,0,0,12192.0,2,1,1,1,0,0,1,3,8.1,266.9,0,0,0,0,0,1
308400,81.661,0.711,1,1,1,0,17.372,0.0,0,0,1,0,13.247,0.0,0,0.0,0,0,0,1,0,1,0,1,0,0,0,12192.0,2,1,1,1,0,0,1,3,8.8,268.2,0,0,0,0,0,1
308500,81.732,0.711,1,1,1,0,17.372,0.0,0,0,1,0,13.247,0.0,0,0.0,0,0,0,1,0,1,0,1,0,0,0,12192.0,2,1,1,1,0,0,1,3,8.5,267.1,0,0,0,0,0,1
308600,81.803,0.711,1,1,1,0,17.372,0.0,0,0,1,0,13.247,0.0,0,0.0,0,0,0,1,0,1,0,1,0,0,0,12192.0,2,1,1,1,0,0,1,3,8.2,268.7,0,0,0,0,0,1
308700,81.874,0.711,1,1,1,0,17.372,0.0,0,0,1,0,13.247,0.0,0,0.0,0,0,0,1,0,1,0,1,0,0,0,12192.0,2,1,1,1,0,0,1,3,9.2,272.6,0,0,0,0,0,1
308800,81.946,0.711,1,1,1,0,17.372,0.0,0,0,1,0,13.247,0.0,0,0.0,0,0,0,1,0,1,0,1,0,0,0,12192.0,2,1,1,1,0,0,1,3,8.2,268.8,0,0,0,0,0,1
308900,82.017,0.711,1,1,1,0,17.372,0.0,0,0,1,0,13.247,0.0,0,0.0,0,0,0,1,0,1,0,1,0,0,0,12192.0,2,1,1,1,0,0,1,3,8.3,273.1,0,0,0,0,0,1
309000,82.088,0.711,1,1,1,0,17.372,0.0,0,0,1,0,13.247,0.0,0,0.0,0,0,0,1,0,1,0,1,0,0,0,12192.0,2,1,1,1,0,0,1,3,8.1,271.6,0,0,0,0,0,1
309100,82.159,0.711,1,1,1,0,17.372,0.0,0,0,1,0,13.247,0.0,0,0.0,0,0,0,1,0,1,0,1,0,0,0,12192.0,2,1,1,1,0,0,1,3,9.0,268.1,0,0,0,0,0,1
309200,82.23,0.711,1,1,1,0,17.372,0.0,0,0,1,0,13.247,0.0,0,0.0,0,0,0,1,0,1,0,1,0,0,0,12192.0,2,1,1,1,0,0,1,3,7.6,271.1,0,0,0,0,0,1
309300,82.301,0.711,1,1,1,0,17.372,0.0,0,0,1,0,13.247,0.0,0,0.0,0,0,0,1,0,1,0,1,0,0,0,12192.0,2,1,1,1,0,0,1,3,8.2,273.6,0,0,0,0,0,1
309400,82.372,0.711,1,1,1,0,17.372,0.0,0,0,1,0,13.247,0.0,0,0.0,0,0,0,1,0,1,0,1,0,0,0,12192.0,2,1,1,1,0,0,1,3,7.5,269.7,0,0,0,0,0,1
309500,82.443,0.711,1,1,1,0,17.372,0.0,0,0,1,0,13.247,0.0,0,0.0,0,0,0,1,0,1,0,1,0,0,0,12192.0,2,1,1,1,0,0,1,3,7.9,267.6,0,0,0,0,0,1
309600,82.514,0.711,1,1,1,0,17.372,0.0,0,0,1,0,13.247,0.0,0,0.0,0,0,0,1,0,1,0,1,0,0,0,12192.0,2,1,1,1,0,0,1,3,8.0,271.5,0,0,0,0,0,1
309700,82.585,0.711,1,1,1,0,17.372,0.0,0,0,1,0,13.247,0.0,0,0.0,0,0,0,1,0,1,0,1,0,0,0,12192.0,2,1,1,1,0,0,1,3,9.2,270.2,0,0,0,0,0,1
309800,82.656,0.711,1,1,1,0,17.372,0.0,0,0,1,0,13.247,0.0,0,0.0,0,0,0,1,0,1,0,1,0,0,0,12192.0,2,1,1,1,0,0,1,3,8.3,270.5,0,0,0,0,0,1
309900,82.727,0.711,1,1,1,0,17.372,0.0,0,0,1,0,13.247,0.0,0,0.0,0,0,0,1,0,1,0,1,0,0,0,12192.0,2,1,1,1,0,0,1,3,8.1,269.0,0,0,0,0,0,1
310000,82.798,0.711,1,1,1,0,17.372,0.0,0,0,1,0,13.247,0.0,0,0.0,0,0,0,1,0,1,0,1,0,0,0,12192.0,2,1,1,1,0,0,1,3,7.7,268.8,0,0,0,0,0,1
310100,82.87,0.711,1,1,1,0,17.372,0.0,0,0,1,0,13.247,0.0,0,0.0,0,0,0,1,0,1,0,1,0,0,0,12192.0,2,1,1,1,0,0,1,3,7.2,272.0,0,0,0,0,0,1
310200,82.941,0.711,1,1,1,0,17.372,0.0,0,0,1,0,13.247,0.0,0,0.0,0,0,0,1,0,1,0,1,0,0,0,12192.0,2,1,1,1,0,0,1,3,8.1,269.1,0,0,0,0,0,1
310300,83.012,0.711,1,1,1,0,17.372,0.0,0,0,1,0,13.247,0.0,0,0.0,0,0,0,1,0,1,0,1,0,0,0,12192.0,2,1,1,1,0,0,1,3,7.6,269.8,0,0,0,0,0,1
310400,83.083,0.711,1,1,1,0,17.372,0.0,0,0,1,0,13.247,0.0,0,0.0,0,0,0,1,0,1,0,1,0,0,0,12192.0,2,1,1,1,0,0,1,3,7.4,274.4,0,0,0,0,0,1
310500,83.154,0.711,1,1,1,0,17.372,0.0,0,0,1,0,13.247,0.0,0,0.0,0,0,0,1,0,1,0,1,0,0,0,12192.0,2,1,1,1,0,0,1,3,7.7,273.0,0,0,0,0,0,1
310600,83.225,0.711,1,1,1,0,17.372,0.0,0,0,1,0,13.247,0.0,0,0.0,0,0,0,1,0,1,0,1,0,0,0,12192.0,2,1,1,1,0,0,1,3,7.7,270.3,0,0,0,0,0,1
310700,83.296,0.711,1,1,1,0,17.372,0.0,0,0,1,0,13.247,0.0,0,0.0,0,0,0,1,0,1,0,1,0,0,0,12192.0,2,1,1,1,0,0,1,3,7.3,274.4,0,0,0,0,0,1
310800,83.367,0.711,1,1,1,0,17.372,0.0,0,0,1,0,13.247,0.0,0,0.0,0,0,0,1,0,1,0,1,0,0,0,12192.0,2,1,1,1,0,0,1,3,7.0,268.6,0,0,0,0,0,1
310900,83.438,0.711,1,1,1,0,17.372,0.0,0,0,1,0,13.247,0.0,0,0.0,0,0,0,1,0,1,0,1,0,0,0,12192.0,2,1,1,1,0,0,1,3,8.1,267.5,0,0,0,0,0,1
311000,83.509,0.711,1,1,1,0,17.372,0.0,0,0,1,0,13.247,0.0,0,0.0,0,0,0,1,0,1,0,1,0,0,0,12192.0,2,1,1,1,0,0,1,3,7.6,269.5,0,0,0,0,0,1
311100,83.58,0.711,1,1,1,0,17.372,0.0,0,0,1,0,13.247,0.0,0,0.0,0,0,0,1,0,1,0,1,0,0,0,12192.0,2,1,1,1,0,0,1,3,7.3,269.2,0,0,0,0,0,1
311200,83.651,0.711,1,1,1,0,17.372,0.0,0,0,1,0,13.247,0.0,0,0.0,0,0,0,1,0,1,0,1,0,0,0,12192.0,2,1,1,1,0,0,1,3,7.2,267.5,0,0,0,0,0,1
311300,83.723,0.711,1,1,1,0,17.372,0.0,0,0,1,0,13.247,0.0,0,0.0,0,0,0,1,0,1,0,1,0,0,0,12192.0,2,1,1,1,0,0,1,3,7.4,274.2,0,0,0,0,0,1
311400,83.794,0.711,1,1,1,0,17.372,0.0,0,0,1,0,13.247,0.0,0,0.0,0,0,0,1,0,1,0,1,0,0,0,12192.0,2,1,1,1,0,0,1,3,7.5,266.4,0,0,0,0,0,1
311500,83.865,0.711,1,1,1,0,17.372,0.0,0,0,1,0,13.247,0.0,0,0.0,0,0,0,1,0,1,0,1,0,0,0,12192.0,2,1,1,1,0,0,1,3,7.1,270.3,0,0,0,0,0,1
311600,83.936,0.711,1,1,1,0,17.372,0.0,0,0,1,0,13.247,0.0,0,0.0,0,0,0,1,0,1,0,1,0,0,0,12192.0,2,1,1,1,0,0,1,3,7.3,270.3,0,0,0,0,0,1
311700,84.007,0.711,1,1,1,0,17.372,0.0,0,0,1,0,13.247,0.0,0,0.0,0,0,0,1,0,1,0,1,0,0,0,12192.0,2,1,1,1,0,0,1,3,7.7,272.3,0,0,0,0,0,1
311800,84.078,0.711,1,1,1,0,17.372,0.0,0,0,1,0,13.247,0.0,0,0.0,0,0,0,1,0,1,0,1,0,0,0,12192.0,2,1,1,1,0,0,1,3,7.9,270.5,0,0,0,0,0,1
311900,84.149,0.711,1,1,1,0,17.372,0.0,0,0,1,0,13.247,0.0,0,0.0,0,0,0,1,0,1,0,1,0,0,0,12192.0,2,1,1,1,0,0,1,3,7.4,269.9,0,0,0,0,0,1
312000,84.22,0.711,1,1,1,0,17.372,0.0,0,0,1,0,13.247,0.0,0,0.0,0,0,0,1,0,1,0,1,0,0,0,12192.0,2,1,1,1,0,0,1,3,7.5,270.1,0,0,0,0,0,1
312100,84.291,0.711,1,1,1,0,17.372,0.0,0,0,1,0,13.247,0.0,0,0.0,0,0,0,1,0,1,0,1,0,0,0,12192.0,2,1,1,1,0,0,1,3,7.9,268.2,0,0,0,0,0,1
312200,84.362,0.711,1,1,1,0,17.372,0.0,0,0,1,0,13.247,0.0,0,0.0,0,0,0,1,0,1,0,1,0,0,0,12192.0,2,1,1,1,0,0,1,3,8.0,273.2,0,0,0,0,0,1
312300,84.433,0.711,1,1,1,0,17.372,0.0,0,0,1,0,13.247,0.0,0,0.0,0,0,0,1,0,1,0,1,0,0,0,12192.0,2,1,1,1,0,0,1,3,7.1,267.4,0,0,0,0,0,1
312400,84.504,0.711,1,1,1,0,17.372,0.0,0,0,1,0,13.247,0.0,0,0.0,0,0,0,1,0,1,0,1,0,0,0,12192.0,2,1,1,1,0,0,1,3,7.3,269.4,0,0,0,0,0,1
312500,84.575,0.711,1,1,1,0,17.372,0.0,0,0,1,0,13.247,0.0,0,0.0,0,0,0,1,0,1,0,1,0,0,0,12192.0,2,1,1,1,0,0,1,3,7.4,273.2,0,0,0,0,0,1
312600,84.647,0.711,1,1,1,0,17.372,0.0,0,0,1,0,13.247,0.0,0,0.0,0,0,0,1,0,1,0,1,0,0,0,12192.0,2,1,1,1,0,0,1,3,8.1,272.1,0,0,0,0,0,1
312700,84.718,0.711,1,1,1,0,17.372,0.0,0,0,1,0,13.247,0.0,0,0.0,0,0,0,1,0,1,0,1,0,0,0,12192.0,2,1,1,1,0,0,1,3,7.3,269.6,0,0,0,0,0,1
312800,84.789,0.711,1,1,1,0,17.372,0.0,0,0,1,0,13.247,0.0,0,0.0,0,0,0,1,0,1,0,1,0,0,0,12192.0,2,1,1,1,0,0,1,3,7.4,267.9,0,0,0,0,0,1
312900,84.86,0.711,1,1,1,0,17.372,0.0,0,0,1,0,13.247,0.0,0,0.0,0,0,0,1,0,1,0,1,0,0,0,12192.0,2,1,1,1,0,0,1,3,7.5,266.0,0,0,0,0,0,1
313000,84.931,0.711,1,1,1,0,17.372,0.0,0,0,1,0,13.247,0.0,0,0.0,0,0,0,1,0,1,0,1,0,0,0,12192.0,2,1,1,1,0,0,1,3,6.7,270.0,0,0,0,0,0,1
313100,85.002,0.711,1,1,1,0,17.372,0.0,0,0,1,0,13.247,0.0,0,0.0,0,0,0,1,0,1,0,1,0,0,0,12192.0,2,1,1,1,0,0,1,3,7.6,268.8,0,0,0,0,0,1
313200,85.073,0.711,1,1,1,0,17.372,0.0,0,0,1,0,13.247,0.0,0,0.0,0,0,0,1,0,1,0,1,0,0,0,12192.0,2,1,1,1,0,0,1,3,7.2,268.6,0,0,0,0,0,1
313300,85.144,0.711,1,1,1,0,17.372,0.0,0,0,1,0,13.247,0.0,0,0.0,0,0,0,1,0,1,0,1,0,0,0,12192.0,2,1,1,1,0,0,1,3,7.4,268.2,0,0,0,0,0,1
313400,85.215,0.711,1,1,1,0,17.372,0.0,0,0,1,0,13.247,0.0,0,0.0,0,0,0,1,0,1,0,1,0,0,0,12192.0,2,1,1,1,0,0,1,3,6.1,263.8,0,0,0,0,0,1
313500,85.286,0.711,1,1,1,0,17.372,0.0,0,0,1,0,13.247,0.0,0,0.0,0,0,0,1,0,1,0,1,0,0,0,12192.0,2,1,1,1,0,0,1,3,8.2,272.0,0,0,0,0,0,1
313600,85.357,0.711,1,1,1,0,17.372,0.0,0,0,1,0,13.247,0.0,0,0.0,0,0,0,1,0,1,0,1,0,0,0,12192.0,2,1,1,1,0,0,1,3,7.4,267.5,0,0,0,0,0,1
313700,85.428,0.711,1,1,1,0,17.372,0.0,0,0,1,0,13.247,0.0,0,0.0,0,0,0,1,0,1,0,1,0,0,0,12192.0,2,1,1,1,0,0,1,3,8.0,270.7,0,0,0,0,0,1
313800,85.499,0.711,1,1,1,0,17.372,0.0,0,0,1,0,13.247,0.0,0,0.0,0,0,0,1,0,1,0,1,0,0,0,12192.0,2,1,1,1,0,0,1,3,7.1,270.6,0,0,0,0,0,1
313900,85.571,0.711,1,1,1,0,17.372,0.0,0,0,1,0,13.247,0.0,0,0.0,0,0,0,1,0,1,0,1,0,0,0,12192.0,2,1,1,1,0,0,1,3,8.1,272.7,0,0,0,0,0,1
314000,85.642,0.711,1,1,1,0,17.372,0.0,0,0,1,0,13.247,0.0,0,0.0,0,0,0,1,0,1,0,1,0,0,0,12192.0,2,1,1,1,0,0,1,3,7.9,268.5,0,0,0,0,0,1
314100,85.713,0.711,1,1,1,0,17.372,0.0,0,0,1,0,13.247,0.0,0,0.0,0,0,0,1,0,1,0,1,0,0,0,12192.0,2,1,1,1,0,0,1,3,7.4,269.4,0,0,0,0,0,1
314200,85.784,0.711,1,1,1,0,17.372,0.0,0,0,1,0,13.247,0.0,0,0.0,0,0,0,1,0,1,0,1,0,0,0,12192.0,2,1,1,1,0,0,1,3,9.0,271.5,0,0,0,0,0,1
314300,85.855,0.711,1,1,1,0,17.372,0.0,0,0,1,0,13.247,0.0,0,0.0,0,0,0,1,0,1,0,1,0,0,0,12192.0,2,1,1,1,0,0,1,3,7.0,266.0,0,0,0,0,0,1
314400,85.926,0.711,1,1,1,0,17.372,0.0,0,0,1,0,13.247,0.0,0,0.0,0,0,0,1,0,1,0,1,0,0,0,12192.0,2,1,1,1,0,0,1,3,8.3,268.2,0,0,0,0,0,1
314500,85.997,0.711,1,1,1,0,17.372,0.0,0,0,1,0,13.247,0.0,0,0.0,0,0,0,1,0,1,0,1,0,0,0,12192.0,2,1,1,1,0,0,1,3,7.9,265.3,0,0,0,0,0,1
314600,86.068,0.711,1,1,1,0,17.372,0.0,0,0,1,0,13.247,0.0,0,0.0,0,0,0,1,0,1,0,1,0,0,0,12192.0,2,1,1,1,0,0,1,3,8.4,267.0,0,0,0,0,0,1
314700,86.139,0.711,1,1,1,0,17.372,0.0,0,0,1,0,13.247,0.0,0,0.0,0,0,0,1,0,1,0,1,0,0,0,12192.0,2,1,1,1,0,0,1,3,8.5,271.5,0,0,0,0,0,1
314800,86.21,0.711,1,1,1,0,17.372,0.0,0,0,1,0,13.247,0.0,0,0.0,0,0,0,1,0,1,0,1,0,0,0,12192.0,2,1,1,1,0,0,1,3,8.0,266.4,0,0,0,0,0,1
314900,86.281,0.711,1,1,1,0,17.372,0.0,0,0,1,0,13.247,0.0,0,0.0,0,0,0,1,0,1,0,1,0,0,0,12192.0,2,1,1,1,0,0,1,3,8.2,270.0,0,0,0,0,0,1
315000,86.352,0.711,1,1,1,0,17.372,0.0,0,0,1,0,13.247,0.0,0,0.0,0,0,0,1,0,1,0,1,0,0,0,12192.0,2,1,1,1,0,0,1,3,8.2,271.3,0,0,0,0,0,1
315100,86.424,0.711,1,1,1,0,17.372,0.0,0,0,1,0,13.247,0.0,0,0.0,0,0,0,1,0,1,0,1,0,0,0,12192.0,2,1,1,1,0,0,1,3,8.9,270.4,0,0,0,0,0,1
315200,86.495,0.711,1,1,1,0,17.372,0.0,0,0,1,0,13.247,0.0,0,0.0,0,0,0,1,0,1,0,1,0,0,0,12192.0,2,1,1,1,0,0,1,3,8.2,271.3,0,0,0,0,0,1
315300,86.566,0.711,1,1,1,0,17.372,0.0,0,0,1,0,13.247,0.0,0,0.0,0,0,0,1,0,1,0,1,0,0,0,12192.0,2,1,1,1,0,0,1,3,8.6,275.6,0,0,0,0,0,1
315400,86.637,0.711,1,1,1,0,17.372,0.0,0,0,1,0,13.247,0.0,0,0.0,0,0,0,1,0,1,0,1,0,0,0,12192.0,2,1,1,1,0,0,1,3,8.9,271.3,0,0,0,0,0,1
315500,86.708,0.711,1,1,1,0,17.372,0.0,0,0,1,0,13.247,0.0,0,0.0,0,0,0,1,0,1,0,1,0,0,0,12192.0,2,1,1,1,0,0,1,3,8.3,270.9,0,0,0,0,0,1
315600,86.779,0.711,1,1,1,0,17.372,0.0,0,0,1,0,13.247,0.0,0,0.0,0,0,0,1,0,1,0,1,0,0,0,12192.0,2,1,1,1,0,0,1,3,8.0,271.4,0,0,0,0,0,1
315700,86.85,0.711,1,1,1,0,17.372,0.0,0,0,1,0,13.247,0.0,0,0.0,0,0,0,1,0,1,0,1,0,0,0,12192.0,2,1,1,1,0,0,1,3,8.5,269.5,0,0,0,0,0,1
315800,86.921,0.711,1,1,1,0,17.372,0.0,0,0,1,0,13.247,0.0,0,0.0,0,0,0,1,0,1,0,1,0,0,0,12192.0,2,1,1,1,0,0,1,3,8.6,270.3,0,0,0,0,0,1
315900,86.992,0.711,1,1,1,0,17.372,0.0,0,0,1,0,13.247,0.0,0,0.0,0,0,0,1,0,1,0,1,0,0,0,12192.0,2,1,1,1,0,0,1,3,8.0,268.6,0,0,0,0,0,1
316000,87.063,0.711,1,1,1,0,17.372,0.0,0,0,1,0,13.247,0.0,0,0.0,0,0,0,1,0,1,0,1,0,0,0,12192.0,2,1,1,1,0,0,1,3,8.9,270.8,0,0,0,0,0,1
316100,87.134,0.711,1,1,1,0,17.372,0.0,0,0,1,0,13.247,0.0,0,0.0,0,0,0,1,0,1,0,1,0,0,0,12192.0,2,1,1,1,0,0,1,3,9.2,265.9,0,0,0,0,0,1
316200,87.205,0.711,1,1,1,0,17.372,0.0,0,0,1,0,13.247,0.0,0,0.0,0,0,0,1,0,1,0,1,0,0,0,12192.0,2,1,1,1,0,0,1,3,7.9,272.4,0,0,0,0,0,1
316300,87.276,0.711,1,1,1,0,17.372,0.0,0,0,1,0,13.247,0.0,0,0.0,0,0,0,1,0,1,0,1,0,0,0,12192.0,2,1,1,1,0,0,1,3,7.9,272.1,0,0,0,0,0,1
316400,87.348,0.711,1,1,1,0,17.372,0.0,0,0,1,0,13.247,0.0,0,0.0,0,0,0,1,0,1,0,1,0,0,0,12192.0,2,1,1,1,0,0,1,3,8.6,271.2,0,0,0,0,0,1
316500,87.419,0.711,1,1,1,0,17.372,0.0,0,0,1,0,13.247,0.0,0,0.0,0,0,0,1,0,1,0,1,0,0,0,12192.0,2,1,1,1,0,0,1,3,8.6,271.6,0,0,0,0,0,1
316600,87.49,0.711,1,1,1,0,17.372,0.0,0,0,1,0,13.247,0.0,0,0.0,0,0,0,1,0,1,0,1,0,0,0,12192.0,2,1,1,1,0,0,1,3,8.2,268.5,0,0,0,0,0,1
316700,87.561,0.711,1,1,1,0,17.372,0.0,0,0,1,0,13.247,0.0,0,0.0,0,0,0,1,0,1,0,1,0,0,0,12192.0,2,1,1,1,0,0,1,3,9.0,269.7,0,0,0,0,0,1
316800,87.632,0.711,1,1,1,0,17.372,0.0,0,0,1,0,13.247,0.0,0,0.0,0,0,0,1,0,1,0,1,0,0,0,12192.0,2,1,1,1,0,0,1,3,8.8,269.2,0,0,0,0,0,1
316900,87.703,0.711,1,1,1,0,17.372,0.0,0,0,1,0,13.247,0.0,0,0.0,0,0,0,1,0,1,0,1,0,0,0,12192.0,2,1,1,1,0,0,1,3,8.2,269.0,0,0,0,0,0,1
317000,87.774,0.711,1,1,1,0,17.372,0.0,0,0,1,0,13.247,0.0,0,0.0,0,0,0,1,0,1,0,1,0,0,0,12192.0,2,1,1,1,0,0,1,3,9.0,267.5,0,0,0,0,0,1
317100,87.845,0.711,1,1,1,0,17.372,0.0,0,0,1,0,13.247,0.0,0,0.0,0,0,0,1,0,1,0,1,0,0,0,12192.0,2,1,1,1,0,0,1,3,8.7,267.1,0,0,0,0,0,1
317200,87.915,0.696,1,1,1,0,17.372,0.0,0,0,1,0,13.247,0.0,0,0.0,0,0,0,1,0,1,0,1,0,0,0,12192.0,2,1,1,1,0,0,1,3,7.7,274.3,0,0,0,0,0,1
317300,87.983,0.681,1,1,1,0,17.372,0.0,0,0,1,0,13.247,0.0,0,0.0,0,0,0,1,0,1,0,1,0,0,0,12192.0,2,1,1,1,0,0,1,3,8.4,265.0,0,0,0,0,0,1
317400,88.049,0.666,1,1,1,0,17.372,0.0,0,0,1,0,13.247,0.0,0,0.0,0,0,0,1,0,1,0,1,0,0,0,12192.0,2,1,1,1,0,0,1,3,8.4,273.8,0,0,0,0,0,1
317500,88.115,0.651,1,1,1,0,17.372,0.0,0,0,1,0,13.247,0.0,0,0.0,0,0,0,1,0,1,0,1,0,0,0,12192.0,2,1,1,1,0,0,1,3,8.0,269.3,0,0,0,0,0,1
317600,88.178,0.637,1,1,1,0,17.372,0.0,0,0,1,0,13.247,0.0,0,0.0,0,0,0,1,0,1,0,1,0,0,0,12192.0,2,1,1,1,0,0,1,3,8.6,270.4,0,0,0,0,0,1
317700,88.24,0.622,1,1,1,0,17.372,0.0,0,0,1,0,13.247,0.0,0,0.0,0,0,0,1,0,1,0,1,0,0,0,12192.0,2,1,1,1,0,0,1,3,7.9,268.4,0,0,0,0,0,1
317800,88.301,0.607,1,1,1,0,17.372,0.0,0,0,1,0,13.247,0.0,0,0.0,0,0,0,1,0,1,0,1,0,0,0,12192.0,2,1,1,1,0,0,1,3,8.4,262.8,0,0,0,0,0,1
317900,88.36,0.592,1,1,1,0,17.372,0.0,0,0,1,0,13.247,0.0,0,0.0,0,0,0,1,0,1,0,1,0,0,0,12192.0,2,1,1,1,0,0,1,3,8.1,272.3,0,0,0,0,0,1
318000,88.418,0.577,1,1,1,0,17.372,0.0,0,0,1,0,13.247,0.0,0,0.0,0,0,0,1,0,1,0,1,0,0,0,12192.0,2,1,1,1,0,0,1,3,7.6,265.4,0,0,0,0,0,1
318100,88.474,0.562,1,1,1,0,17.372,0.0,0,0,1,0,13.247,0.0,0,0.0,0,0,0,1,0,1,0,1,0,0,0,12192.0,2,1,1,1,0,0,1,3,8.2,270.4,0,0,0,0,0,1
318200,88.529,0.547,1,1,1,0,17.372,0.0,0,0,1,0,13.247,0.0,0,0.0,0,0,0,1,0,1,0,1,0,0,0,12192.0,2,1,1,1,0,0,1,3,8.5,267.5,0,0,0,0,0,1
318300,88.582,0.533,1,1,1,0,17.372,0.0,0,0,1,0,13.247,0.0,0,0.0,0,0,0,1,0,1,0,1,0,0,0,12192.0,2,1,1,1,0,0,1,3,8.7,272.5,0,0,0,0,0,1
318400,88.634,0.518,1,1,1,0,17.372,0.0,0,0,1,0,13.247,0.0,0,0.0,0,0,0,1,0,1,0,1,0,0,0,12192.0,2,1,1,1,0,0,1,3,8.4,274.7,0,0,0,0,0,1
318500,88.684,0.503,1,1,1,0,17.372,0.0,0,0,1,0,13.247,0.0,0,0.0,0,0,0,1,0,1,0,1,0,0,0,12192.0,2,1,1,1,0,0,1,3,7.9,269.4,0,0,0,0,0,1
318600,88.733,0.488,1,1,1,0,17.372,0.0,0,0,1,0,13.247,0.0,0,0.0,0,0,0,1,0,1,0,1,0,0,0,12192.0,2,1,1,1,0,0,1,3,7.4,267.3,0,0,0,0,0,1
318700,88.78,0.473,1,1,1,0,17.372,0.0,0,0,1,0,13.247,0.0,0,0.0,0,0,0,1,0,1,0,1,0,0,0,12192.0,2,1,1,1,0,0,1,3,7.5,270.8,0,0,0,0,0,1
318800,88.826,0.458,1,1,1,0,17.372,0.0,0,0,1,0,13.247,0.0,0,0.0,0,0,0,1,0,1,0,1,0,0,0,12192.0,2,1,1,1,0,0,1,3,7.4,268.9,0,0,0,0,0,1
318900,88.871,0.444,1,1,1,0,17.372,0.0,0,0,1,0,13.247,0.0,0,0.0,0,0,0,1,0,1,0,1,0,0,0,12192.0,2,1,1,1,0,0,1,3,7.9,272.1,0,0,0,0,0,1
319000,88.913,0.429,1,1,1,0,17.372,0.0,0,0,1,0,13.247,0.0,0,0.0,0,0,0,1,0,1,0,1,0,0,0,12192.0,2,1,1,1,0,0,1,3,7.7,268.8,0,0,0,0,0,1
319100,88.955,0.414,1,1,1,0,17.372,0.0,0,0,1,0,13.247,0.0,0,0.0,0,0,0,1,0,1,0,1,0,0,0,12192.0,2,1,1,1,0,0,1,3,7.9,268.3,0,0,0,0,0,1
319200,88.995,0.399,1,1,1,0,17.372,0.0,0,0,1,0,13.247,0.0,0,0.0,0,0,0,1,0,1,0,1,0,0,0,12192.0,2,1,1,1,0,0,1,3,8.0,266.0,0,0,0,0,0,1
319300,89.033,0.384,1,1,1,0,17.372,0.0,0,0,1,0,13.247,0.0,0,0.0,0,0,0,1,0,1,0,1,0,0,0,12192.0,2,1,1,1,0,0,1,3,8.3,268.8,0,0,0,0,0,1
319400,89.07,0.369,1,1,1,0,17.372,0.0,0,0,1,0,13.247,0.0,0,0.0,0,0,0,1,0,1,0,1,0,0,0,12192.0,2,1,1,1,0,0,1,3,7.1,272.7,0,0,0,0,0,1
319500,89.106,0.354,1,1,1,0,17.372,0.0,0,0,1,0,13.247,0.0,0,0.0,0,0,0,1,0,1,0,1,0,0,0,12192.0,2,1,1,1,0,0,1,3,8.5,268.4,0,0,0,0,0,1
319600,89.139,0.34,1,1,1,0,17.372,0.0,0,0,1,0,13.247,0.0,0,0.0,0,0,0,1,0,1,0,1,0,0,0,12192.0,2,1,1,1,0,0,1,3,7.4,266.1,0,0,0,0,0,1
319700,89.172,0.325,1,1,1,0,17.372,0.0,0,0,1,0,13.247,0.0,0,0.0,0,0,0,1,0,1,0,1,0,0,0,12192.0,2,1,1,1,0,0,1,3,7.7,267.8,0,0,0,0,0,1
319800,89.203,0.31,1,1,1,0,17.372,0.0,0,0,1,0,13.247,0.0,0,0.0,0,0,0,1,0,1,0,1,0,0,0,12192.0,2,1,1,1,0,0,1,3,7.2,264.9,0,0,0,0,0,1
319900,89.232,0.295,1,1,1,0,17.372,0.0,0,0,1,0,13.247,0.0,0,0.0,0,0,0,1,0,1,0,1,0,0,0,12192.0,2,1,1,1,0,0,1,3,7.6,265.9,0,0,0,0,0,1
320000,89.26,0.28,1,1,1,0,17.372,0.0,0,0,1,0,13.247,0.0,0,0.0,0,0,0,1,0,1,0,1,0,0,0,12192.0,2,1,1,1,0,0,1,3,7.4,271.9,0,0,0,0,0,1
320100,89.289,0.28,1,1,1,0,17.372,0.0,0,0,1,0,13.247,0.0,0,0.0,0,0,0,1,0,1,0,1,0,0,0,12192.0,2,1,1,1,0,0,1,3,7.3,270.3,0,0,0,0,0,1
320200,89.315,0.265,1,1,1,0,17.372,0.0,0,0,1,0,13.247,0.0,0,0.0,0,0,0,1,0,1,0,1,0,0,0,12192.0,2,1,1,1,0,0,1,3,8.7,267.6,0,0,0,0,0,1
320300,89.34,0.25,1,1,1,0,17.372,0.0,0,0,1,0,13.247,0.0,0,0.0,0,0,0,1,0,1,0,1,0,0,0,12192.0,2,1,1,1,0,0,1,3,7.6,269.0,0,0,0,0,0,1
320400,89.363,0.235,1,1,1,0,17.372,0.0,0,0,1,0,13.247,0.0,0,0.0,0,0,0,1,0,1,0,1,0,0,0,12192.0,2,1,1,1,0,0,1,3,7.7,271.9,0,0,0,0,0,1
320500,89.385,0.219,1,1,1,0,17.372,0.0,0,0,1,0,13.247,0.0,0,0.0,0,0,0,1,0,1,0,1,0,0,0,12192.0,2,1,1,1,0,0,1,3,8.2,269.2,0,0,0,0,0,1
320600,89.406,0.204,1,1,1,0,17.372,0.0,0,0,1,0,13.247,0.0,0,0.0,0,0,0,1,0,1,0,1,0,0,0,12192.0,2,1,1,1,0,0,1,3,8.2,269.3,0,0,0,0,0,1
320700,89.425,0.188,1,1,1,0,17.372,0.0,0,0,1,0,13.247,0.0,0,0.0,0,0,0,1,0,1,0,1,0,0,0,12192.0,2,1,1,1,0,0,1,3,7.0,272.0,0,0,0,0,0,1
320800,89.442,0.173,1,1,1,0,17.372,0.0,0,0,1,0,13.247,0.0,0,0.0,0,0,0,1,0,1,0,1,0,0,0,12192.0,2,1,1,1,0,0,1,3,7.8,267.0,0,0,0,0,0,1
320900,89.458,0.157,1,1,1,0,17.372,0.0,0,0,1,0,13.247,0.0,0,0.0,0,0,0,1,0,1,0,1,0,0,0,12192.0,2,1,1,1,0,0,1,3,8.0,268.5,0,0,0,0,0,1
321000,89.472,0.142,1,1,1,0,17.372,0.0,0,0,1,0,13.247,0.0,0,0.0,0,0,0,1,0,1,0,1,0,0,0,12192.0,2,1,1,1,0,0,1,3,7.4,268.7,0,0,0,0,0,1
321100,89.484,0.126,1,1,1,0,17.372,0.0,0,0,1,0,13.247,0.0,0,0.0,0,0,0,1,0,1,0,1,0,0,0,12192.0,2,1,1,1,0,0,1,3,6.8,269.5,0,0,0,0,0,1
321200,89.495,0.11,1,1,1,0,17.372,0.0,0,0,1,0,13.247,0.0,0,0.0,0,0,0,1,0,1,0,1,0,0,0,12192.0,2,1,1,1,0,0,1,3,6.9,267.3,0,0,0,0,0,1
321300,89.505,0.094,1,1,1,0,17.372,0.0,0,0,1,0,13.247,0.0,0,0.0,0,0,0,1,0,1,0,1,0,0,0,12192.0,2,1,1,1,0,0,1,3,6.5,273.6,0,0,0,0,0,1
321400,89.513,0.078,1,1,1,0,17.372,0.0,0,0,1,0,13.247,0.0,0,0.0,0,0,0,1,0,1,0,1,0,0,0,12192.0,2,1,1,1,0,0,1,3,8.0,274.5,0,0,0,0,0,1
321500,89.519,0.061,1,1,1,0,17.372,0.0,0,0,1,0,13.247,0.0,0,0.0,0,0,0,1,0,1,0,1,0,0,0,12192.0,2,1,1,1,0,0,1,3,7.2,272.2,0,0,0,0,0,1
321600,89.523,0.044,1,1,1,0,17.372,0.0,0,0,1,0,13.247,0.0,0,0.0,0,0,0,1,0,1,0,1,0,0,0,12192.0,2,1,1,1,0,0,1,3,7.3,270.9,0,0,0,0,0,1
321700,89.526,0.025,1,1,1,0,17.372,0.0,0,0,1,0,13.242,-0.05,0,0.0,0,0,1,1,0,1,0,1,0,0,0,12192.0,2,1,1,1,0,0,1,3,7.5,272.8,0,0,0,0,0,1
321800,89.527,0.0,0,0,1,0,17.372,0.0,0,0,1,0,13.232,-0.1,0,0.0,0,0,1,1,0,1,0,1,0,0,0,12192.0,2,1,1,1,0,0,1,3,6.6,272.4,0,0,0,0,0,1
321900,89.527,0.0,0,0,1,0,17.372,0.0,0,0,1,0,13.217,-0.149,0,0.0,0,0,1,1,0,1,0,1,0,0,0,12192.0,2,1,1,1,0,0,1,3,8.2,274.0,0,0,0,0,0,1
322000,89.527,0.0,0,0,1,0,17.372,0.0,0,0,1,0,13.197,-0.199,0,0.0,0,0,1,1,0,1,0,1,0,0,0,12192.0,2,1,1,1,0,0,1,3,8.3,268.0,0,0,0,0,0,1
322100,89.527,0.0,0,0,1,0,17.372,0.0,0,0,1,0,13.172,-0.249,0,0.0,0,0,1,1,0,1,0,1,0,0,0,12192.0,2,1,1,1,0,0,1,3,7.5,271.7,0,0,0,0,0,1
322200,89.527,0.0,0,0,1,0,17.372,0.0,0,0,1,0,13.143,-0.299,0,0.0,0,0,1,1,0,1,0,1,0,0,0,12192.0,2,1,1,1,0,0,1,3,8.5,271.6,0,0,0,0,0,1
322300,89.527,0.0,0,0,1,0,17.372,0.0,0,0,1,0,13.108,-0.348,0,0.0,0,0,1,1,0,1,0,1,0,0,0,12192.0,2,1,1,1,0,0,1,3,7.1,269.6,0,0,0,0,0,1
322400,89.527,0.0,0,0,1,0,17.372,0.0,0,0,1,0,13.068,-0.398,0,0.0,0,0,1,1,0,1,0,1,0,0,0,12192.0,2,1,1,1,0,0,1,3,7.2,269.0,0,0,0,0,0,1
322500,89.527,0.0,0,0,1,0,17.372,0.0,0,0,1,0,13.023,-0.448,0,0.0,0,0,1,1,0,1,0,1,0,0,0,12192.0,2,1,1,1,0,0,1,3,8.3,272.2,0,0,0,0,0,1
322600,89.527,0.0,0,0,1,0,17.372,0.0,0,0,1,0,12.973,-0.498,0,0.0,0,0,1,1,0,1,0,1,0,0,0,12192.0,2,1,1,1,0,0,1,3,7.9,268.8,0,0,0,0,0,1
322700,89.527,0.0,0,0,1,0,17.372,0.0,0,0,1,0,12.919,-0.547,0,0.0,0,0,1,1,0,1,0,1,0,0,0,12192.0,2,1,1,1,0,0,1,3,8.0,270.1,0,0,0,0,0,1
322800,89.527,0.0,0,0,1,0,17.372,0.0,0,0,1,0,12.859,-0.597,0,0.0,0,0,1,1,0,1,0,1,0,0,0,12192.0,2,1,1,1,0,0,1,3,7.5,271.1,0,0,0,0,0,1
322900,89.527,0.0,0,0,1,0,17.372,0.0,0,0,1,0,12.794,-0.647,0,0.0,0,0,1,1,0,1,0,1,0,0,0,12192.0,2,1,1,1,0,0,1,3,7.2,270.1,0,0,0,0,0,1
323000,89.527,0.0,0,0,1,0,17.372,0.0,0,0,1,0,12.725,-0.697,0,0.0,0,0,1,1,0,1,0,1,0,0,0,12192.0,2,1,1,1,0,0,1,3,8.6,272.6,0,0,0,0,0,1
323100,89.527,0.0,0,0,1,0,17.372,0.0,0,0,1,0,12.65,-0.746,0,0.0,0,0,1,1,0,1,0,1,0,0,0,12192.0,2,1,1,1,0,0,1,3,8.7,271.2,0,0,0,0,0,1
323200,89.527,0.0,0,0,1,0,17.372,0.0,0,0,1,0,12.57,-0.796,0,0.0,0,0,1,1,0,1,0,1,0,0,0,12192.0,2,1,1,1,0,0,1,3,7.8,271.0,0,0,0,0,0,1
323300,89.527,0.0,0,0,1,0,17.372,0.0,0,0,1,0,12.486,-0.846,0,0.0,0,0,1,1,0,1,0,1,0,0,0,12192.0,2,1,1,1,0,0,1,3,8.1,271.3,0,0,0,0,0,1
323400,89.527,0.0,0,0,1,0,17.372,0.0,0,0,1,0,12.396,-0.896,0,0.0,0,0,1,1,0,1,0,1,0,0,0,12192.0,2,1,1,1,0,0,1,3,8.4,272.7,0,0,0,0,0,1
323500,89.527,0.0,0,0,1,0,17.372,0.0,0,0,1,0,12.302,-0.945,0,0.0,0,0,1,1,0,1,0,1,0,0,0,12192.0,2,1,1,1,0,0,1,3,7.7,271.8,0,0,0,0,0,1
323600,89.527,0.0,0,0,1,0,17.372,0.0,0,0,1,0,12.202,-0.995,0,0.0,0,0,1,1,0,1,0,1,0,0,0,12192.0,2,1,1,1,0,0,1,3,8.2,266.3,0,0,0,0,0,1
323700,89.527,0.0,0,0,1,0,17.372,0.0,0,0,1,0,12.098,-1.045,0,0.0,0,0,1,1,0,1,0,1,0,0,0,12192.0,2,1,1,1,0,0,1,3,8.5,269.0,0,0,0,0,0,1
323800,89.527,0.0,0,0,1,0,17.372,0.0,0,0,1,0,11.988,-1.095,0,0.0,0,0,1,1,0,1,0,1,0,0,0,12192.0,2,1,1,1,0,0,1,3,8.4,268.2,0,0,0,0,0,1
323900,89.527,0.0,0,0,1,0,17.372,0.0,0,0,1,0,11.874,-1.145,0,0.0,0,0,1,1,0,1,0,1,0,0,0,12192.0,2,1,1,1,0,0,1,3,8.8,270.9,0,0,0,0,0,1
324000,89.527,0.0,0,0,1,0,17.372,0.0,0,0,1,0,11.754,-1.194,0,0.0,0,0,1,1,0,1,0,1,0,0,0,12192.0,2,1,1,1,0,0,1,3,8.3,270.4,0,0,0,0,0,1
324100,89.527,0.0,0,0,1,0,17.372,0.0,0,0,1,0,11.63,-1.244,0,0.0,0,0,1,1,0,1,0,1,0,0,0,12192.0,2,1,1,1,0,0,1,3,7.8,273.1,0,0,0,0,0,1
324200,89.527,0.0,0,0,1,0,17.372,0.0,0,0,1,0,11.503,-1.266,0,0.0,0,0,1,1,0,1,0,1,0,0,0,12192.0,2,1,1,1,0,0,1,3,9.1,267.1,0,0,0,0,0,1
324300,89.527,0.0,0,0,1,0,17.372,0.0,0,0,1,0,11.377,-1.266,0,0.0,0,0,1,1,0,1,0,1,0,0,0,12192.0,2,1,1,1,0,0,1,3,8.7,273.2,0,0,0,0,0,1
324400,89.527,0.0,0,0,1,0,17.372,0.0,0,0,1,0,11.25,-1.266,0,0.0,0,0,1,1,0,1,0,1,0,0,0,12192.0,2,1,1,1,0,0,1,3,8.2,269.4,0,0,0,0,0,1
324500,89.527,0.0,0,0,1,0,17.372,0.0,0,0,1,0,11.124,-1.266,0,0.0,0,0,1,1,0,1,0,1,0,0,0,12192.0,2,1,1,1,0,0,1,3,8.8,269.3,0,0,0,0,0,1
324600,89.527,0.0,0,0,1,0,17.372,0.0,0,0,1,0,10.997,-1.266,0,0.0,0,0,1,1,0,1,0,1,0,0,0,12192.0,2,1,1,1,0,0,1,3,8.8,269.3,0,0,0,0,0,1
324700,89.527,0.0,0,0,1,0,17.372,0.0,0,0,1,0,10.87,-1.266,0,0.0,0,0,1,1,0,1,0,1,0,0,0,12192.0,2,1,1,1,0,0,1,3,9.0,272.1,0,0,0,0,0,1
324800,89.527,0.0,0,0,1,0,17.372,0.0,0,0,1,0,10.744,-1.266,0,0.0,0,0,1,1,0,1,0,1,0,0,0,12192.0,2,1,1,1,0,0,1,3,8.2,270.3,0,0,0,0,0,1
324900,89.527,0.0,0,0,1,0,17.372,0.0,0,0,1,0,10.617,-1.266,0,0.0,0,0,1,1,0,1,0,1,0,0,0,12192.0,2,1,1,1,0,0,1,3,8.9,266.9,0,0,0,0,0,1
325000,89.527,0.0,0,0,1,0,17.372,0.0,0,0,1,0,10.491,-1.266,0,0.0,0,0,1,1,0,1,0,1,0,0,0,12192.0,2,1,1,1,0,0,1,3,8.9,269.6,0,0,0,0,0,1
325100,89.527,0.0,0,0,1,0,17.372,0.0,0,0,1,0,10.364,-1.266,0,0.0,0,0,1,1,0,1,0,1,0,0,0,12192.0,2,1,1,1,0,0,1,3,8.6,272.0,0,0,0,0,0,1
325200,89.527,0.0,0,0,1,0,17.372,0.0,0,0,1,0,10.237,-1.266,0,0.0,0,0,1,1,0,1,0,1,0,0,0,12192.0,2,1,1,1,0,0,1,3,8.2,271.0,0,0,0,0,0,1
325300,89.527,0.0,0,0,1,0,17.372,0.0,0,0,1,0,10.111,-1.266,0,0.0,0,0,1,1,0,1,0,1,0,0,0,12192.0,2,1,1,1,0,0,1,3,8.0,271.6,0,0,0,0,0,1
325400,89.527,0.0,0,0,1,0,17.372,0.0,0,0,1,0,9.984,-1.266,0,0.0,0,0,1,1,0,1,0,1,0,0,0,12192.0,2,1,1,1,0,0,1,3,8.8,273.3,0,0,0,0,0,1
325500,89.527,0.0,0,0,1,0,17.372,0.0,0,0,1,0,9.858,-1.266,0,0.0,0,0,1,1,0,1,0,1,0,0,0,12192.0,2,1,1,1,0,0,1,3,8.0,272.0,0,0,0,0,0,1
325600,89.527,0.0,0,0,1,0,17.372,0.0,0,0,1,0,9.731,-1.266,0,0.0,0,0,1,1,0,1,0,1,0,0,0,12192.0,2,1,1,1,0,0,1,3,8.4,268.2,0,0,0,0,0,1
325700,89.527,0.0,0,0,1,0,17.372,0.0,0,0,1,0,9.605,-1.266,0,0.0,0,0,1,1,0,1,0,1,0,0,0,12192.0,2,1,1,1,0,0,1,3,9.0,272.1,0,0,0,0,0,1
325800,89.527,0.0,0,0,1,0,17.372,0.0,0,0,1,0,9.478,-1.266,0,0.0,0,0,1,1,0,1,0,1,0,0,0,12192.0,2,1,1,1,0,0,1,3,8.4,271.3,0,0,0,0,0,1
325900,89.527,0.0,0,0,1,0,17.372,0.0,0,0,1,0,9.351,-1.266,0,0.0,0,0,1,1,0,1,0,1,0,0,0,12192.0,2,1,1,1,0,0,1,3,8.5,271.1,0,0,0,0,0,1
326000,89.527,0.0,0,0,1,0,17.372,0.0,0,0,1,0,9.225,-1.266,0,0.0,0,0,1,1,0,1,0,1,0,0,0,12192.0,2,1,1,1,0,0,1,3,8.5,267.9,0,0,0,0,0,1
326100,89.527,0.0,0,0,1,0,17.372,0.0,0,0,1,0,9.098,-1.266,0,0.0,0,0,1,1,0,1,0,1,0,0,0,12192.0,2,1,1,1,0,0,1,3,8.4,270.5,0,0,0,0,0,1
326200,89.527,0.0,0,0,1,0,17.372,0.0,0,0,1,0,8.972,-1.266,0,0.0,0,0,1,1,0,1,0,1,0,0,0,12192.0,2,1,1,1,0,0,1,3,8.5,270.8,0,0,0,0,0,1
326300,89.527,0.0,0,0,1,0,17.372,0.0,0,0,1,0,8.845,-1.266,0,0.0,0,0,1,1,0,1,0,1,0,0,0,12192.0,2,1,1,1,0,0,1,3,8.7,270.5,0,0,0,0,0,1
326400,89.527,0.0,0,0,1,0,17.372,0.0,0,0,1,0,8.718,-1.266,0,0.0,0,0,1,1,0,1,0,1,0,0,0,12192.0,2,1,1,1,0,0,1,3,8.4,272.6,0,0,0,0,0,1
326500,89.527,0.0,0,0,1,0,17.372,0.0,0,0,1,0,8.592,-1.266,0,0.0,0,0,1,1,0,1,0,1,0,0,0,12192.0,2,1,1,1,0,0,1,3,8.6,270.7,0,0,0,0,0,1
326600,89.527,0.0,0,0,1,0,17.372,0.0,0,0,1,0,8.465,-1.266,0,0.0,0,0,1,1,0,1,0,1,0,0,0,12192.0,2,1,1,1,0,0,1,3,7.9,273.1,0,0,0,0,0,1
326700,89.527,0.0,0,0,1,0,17.372,0.0,0,0,1,0,8.339,-1.266,0,0.0,0,0,1,1,0,1,0,1,0,0,0,12192.0,2,1,1,1,0,0,1,3,8.3,267.5,0,0,0,0,0,1
326800,89.527,0.0,0,0,1,0,17.372,0.0,0,0,1,0,8.212,-1.266,0,0.0,0,0,1,1,0,1,0,1,0,0,0,12192.0,2,1,1,1,0,0,1,3,7.9,269.1,0,0,0,0,0,1
326900,89.527,0.0,0,0,1,0,17.372,0.0,0,0,1,0,8.086,-1.266,0,0.0,0,0,1,1,0,1,0,1,0,0,0,12192.0,2,1,1,1,0,0,1,3,8.2,271.3,0,0,0,0,0,1
327000,89.527,0.0,0,0,1,0,17.372,0.0,0,0,1,0,7.959,-1.266,0,0.0,0,0,1,1,0,1,0,1,0,0,0,12192.0,2,1,1,1,0,0,1,3,9.0,270.3,0,0,0,0,0,1
327100,89.527,0.0,0,0,1,0,17.372,0.0,0,0,1,0,7.832,-1.266,0,0.0,0,0,1,1,0,1,0,1,0,0,0,12192.0,2,1,1,1,0,0,1,3,8.8,267.2,0,0,0,0,0,1
327200,89.527,0.0,0,0,1,0,17.372,0.0,0,0,1,0,7.706,-1.266,0,0.0,0,0,1,1,0,1,0,1,0,0,0,12192.0,2,1,1,1,0,0,1,3,9.0,271.9,0,0,0,0,0,1
327300,89.527,0.0,0,0,1,0,17.372,0.0,0,0,1,0,7.579,-1.266,0,0.0,0,0,1,1,0,1,0,1,0,0,0,12192.0,2,1,1,1,0,0,1,3,8.0,269.2,0,0,0,0,0,1
327400,89.527,0.0,0,0,1,0,17.372,0.0,0,0,1,0,7.453,-1.266,0,0.0,0,0,1,1,0,1,0,1,0,0,0,12192.0,2,1,1,1,0,0,1,3,8.6,270.1,0,0,0,0,0,1
327500,89.527,0.0,0,0,1,0,17.372,0.0,0,0,1,0,7.326,-1.266,0,0.0,0,0,1,1,0,1,0,1,0,0,0,12192.0,2,1,1,1,0,0,1,3,8.3,266.1,0,0,0,0,0,1
327600,89.527,0.0,0,0,1,0,17.372,0.0,0,0,1,0,7.199,-1.266,0,0.0,0,0,1,1,0,1,0,1,0,0,0,12192.0,2,1,1,1,0,0,1,3,7.7,269.0,0,0,0,0,0,1
327700,89.527,0.0,0,0,1,0,17.372,0.0,0,0,1,0,7.073,-1.266,0,0.0,0,0,1,1,0,1,0,1,0,0,0,12192.0,2,1,1,1,0,0,1,3,7.5,271.3,0,0,0,0,0,1
327800,89.527,0.0,0,0,1,0,17.372,0.0,0,0,1,0,6.946,-1.266,0,0.0,0,0,1,1,0,1,0,1,0,0,0,12192.0,2,1,1,1,0,0,1,3,7.9,269.1,0,0,0,0,0,1
327900,89.527,0.0,0,0,1,0,17.372,0.0,0,0,1,0,6.82,-1.266,0,0.0,0,0,1,1,0,1,0,1,0,0,0,12192.0,2,1,1,1,0,0,1,3,8.6,273.6,0,0,0,0,0,1
328000,89.527,0.0,0,0,1,0,17.372,0.0,0,0,1,0,6.693,-1.266,0,0.0,0,0,1,1,0,1,0,1,0,0,0,12192.0,2,1,1,1,0,0,1,3,7.4,268.8,0,0,0,0,0,1
328100,89.527,0.0,0,0,1,0,17.372,0.0,0,0,1,0,6.567,-1.266,0,0.0,0,0,1,1,0,1,0,1,0,0,0,12192.0,2,1,1,1,0,0,1,3,7.9,268.9,0,0,0,0,0,1
328200,89.527,0.0,0,0,1,0,17.372,0.0,0,0,1,0,6.44,-1.266,0,0.0,0,0,1,1,0,1,0,1,0,0,0,12192.0,2,1,1,1,0,0,1,3,7.9,270.4,0,0,0,0,0,1
328300,89.527,0.0,0,0,1,0,17.372,0.0,0,0,1,0,6.313,-1.266,0,0.0,0,0,1,1,0,1,0,1,0,0,0,12192.0,2,1,1,1,0,0,1,3,7.8,262.6,0,0,0,0,0,1
328400,89.527,0.0,0,0,1,0,17.372,0.0,0,0,1,0,6.187,-1.266,0,0.0,0,0,1,1,0,1,0,1,0,0,0,12192.0,2,1,1,1,0,0,1,3,7.6,269.0,0,0,0,0,0,1
328500,89.527,0.0,0,0,1,0,17.372,0.0,0,0,1,0,6.06,-1.266,0,0.0,0,0,1,1,0,1,0,1,0,0,0,12192.0,2,1,1,1,0,0,1,3,7.2,267.0,0,0,0,0,0,1
328600,89.527,0.0,0,0,1,0,17.372,0.0,0,0,1,0,5.934,-1.266,0,0.0,0,0,1,1,0,1,0,1,0,0,0,12192.0,2,1,1,1,0,0,1,3,8.0,269.1,0,0,0,0,0,1
328700,89.527,0.0,0,0,1,0,17.372,0.0,0,0,1,0,5.807,-1.266,0,0.0,0,0,1,1,0,1,0,1,0,0,0,12192.0,2,1,1,1,0,0,1,3,7.1,272.7,0,0,0,0,0,1
328800,89.527,0.0,0,0,1,0,17.372,0.0,0,0,1,0,5.68,-1.266,0,0.0,0,0,1,1,0,1,0,1,0,0,0,12192.0,2,1,1,1,0,0,1,3,7.6,267.1,0,0,0,0,0,1
328900,89.527,0.0,0,0,1,0,17.372,0.0,0,0,1,0,5.554,-1.266,0,0.0,0,0,1,1,0,1,0,1,0,0,0,12192.0,2,1,1,1,0,0,1,3,8.1,269.4,0,0,0,0,0,1
329000,89.527,0.0,0,0,1,0,17.372,0.0,0,0,1,0,5.427,-1.266,0,0.0,0,0,1,1,0,1,0,1,0,0,0,12192.0,2,1,1,1,0,0,1,3,7.3,268.7,0,0,0,0,0,1
329100,89.527,0.0,0,0,1,0,17.372,0.0,0,0,1,0,5.301,-1.266,0,0.0,0,0,1,1,0,1,0,1,0,0,0,12192.0,2,1,1,1,0,0,1,3,8.5,266.9,0,0,0,0,0,1
329200,89.527,0.0,0,0,1,0,17.372,0.0,0,0,1,0,5.174,-1.266,0,0.0,0,0,1,1,0,1,0,1,0,0,0,12192.0,2,1,1,1,0,0,1,3,7.0,274.9,0,0,0,0,0,1
329300,89.527,0.0,0,0,1,0,17.372,0.0,0,0,1,0,5.048,-1.266,0,0.0,0,0,1,1,0,1,0,1,0,0,0,12192.0,2,1,1,1,0,0,1,3,7.4,270.9,0,0,0,0,0,1
329400,89.527,0.0,0,0,1,0,17.372,0.0,0,0,1,0,4.921,-1.266,0,0.0,0,0,1,1,0,1,0,1,0,0,0,12192.0,2,1,1,1,0,0,1,3,7.0,269.6,0,0,0,0,0,1
329500,89.527,0.0,0,0,1,0,17.372,0.0,0,0,1,0,4.794,-1.266,0,0.0,0,0,1,1,0,1,0,1,0,0,0,12192.0,2,1,1,1,0,0,1,3,7.5,270.7,0,0,0,0,0,1
329600,89.527,0.0,0,0,1,0,17.372,0.0,0,0,1,0,4.668,-1.266,0,0.0,0,0,1,1,0,1,0,1,0,0,0,12192.0,2,1,1,1,0,0,1,3,7.4,269.4,0,0,0,0,0,1
329700,89.527,0.0,0,0,1,0,17.372,0.0,0,0,1,0,4.541,-1.266,0,0.0,0,0,1,1,0,1,0,1,0,0,0,12192.0,2,1,1,1,0,0,1,3,8.1,270.6,0,0,0,0,0,1
329800,89.527,0.0,0,0,1,0,17.372,0.0,0,0,1,0,4.415,-1.266,0,0.0,0,0,1,1,0,1,0,1,0,0,0,12192.0,2,1,1,1,0,0,1,3,8.2,270.2,0,0,0,0,0,1
329900,89.527,0.0,0,0,1,0,17.372,0.0,0,0,1,0,4.288,-1.266,0,0.0,0,0,1,1,0,1,0,1,0,0,0,12192.0,2,1,1,1,0,0,1,3,8.8,267.3,0,0,0,0,0,1
330000,89.527,0.0,0,0,1,0,17.372,0.0,0,0,1,0,4.161,-1.266,0,0.0,0,0,1,1,0,1,0,1,0,0,0,12192.0,2,1,1,1,0,0,1,3,6.7,272.1,0,0,0,0,0,1
330100,89.527,0.0,0,0,1,0,17.372,0.0,0,0,1,0,4.035,-1.266,0,0.0,0,0,1,1,0,1,0,1,0,0,0,12192.0,2,1,1,1,0,0,1,3,7.9,269.9,0,0,0,0,0,1
330200,89.527,0.0,0,0,1,0,17.372,0.0,0,0,1,0,3.913,-1.216,0,0.0,0,0,1,1,0,1,0,1,0,0,0,12192.0,2,1,1,1,0,0,1,3,7.5,270.5,0,0,0,0,0,1
330300,89.527,0.0,0,0,1,0,17.372,0.0,0,0,1,0,3.797,-1.166,0,0.0,0,0,1,1,0,1,0,1,0,0,0,12192.0,2,1,1,1,0,0,1,3,7.0,269.1,0,0,0,0,0,1
330400,89.527,0.0,0,0,1,0,17.372,0.0,0,0,1,0,3.685,-1.115,0,0.0,0,0,1,1,0,1,0,1,0,0,0,12192.0,2,1,1,1,0,0,1,3,7.4,274.3,0,0,0,0,0,1
330500,89.527,0.0,0,0,1,0,17.372,0.0,0,0,1,0,3.579,-1.065,0,0.0,0,0,1,1,0,1,0,1,0,0,0,12192.0,2,1,1,1,0,0,1,3,7.6,270.6,0,0,0,0,0,1
330600,89.527,0.0,0,0,1,0,17.372,0.0,0,0,1,0,3.477,-1.014,0,0.0,0,0,1,1,0,1,0,1,0,0,0,12192.0,2,1,1,1,0,0,1,3,7.8,268.5,0,0,0,0,0,1
330700,89.527,0.0,0,0,1,0,17.372,0.0,0,0,1,0,3.381,-0.963,0,0.0,0,0,1,1,0,1,0,1,0,0,0,12192.0,2,1,1,1,0,0,1,3,8.1,268.6,0,0,0,0,0,1
330800,89.527,0.0,0,0,1,0,17.372,0.0,0,0,1,0,3.29,-0.911,0,0.0,0,0,1,1,0,1,0,1,0,0,0,12192.0,2,1,1,1,0,0,1,3,7.2,270.1,0,0,0,0,0,1
330900,89.527,0.0,0,0,1,0,17.372,0.0,0,0,1,0,3.204,-0.86,0,0.0,0,0,1,1,0,1,0,1,0,0,0,12192.0,2,1,1,1,0,0,1,3,8.2,272.3,0,0,0,0,0,1
331000,89.527,0.0,0,0,1,0,17.372,0.0,0,0,1,0,3.123,-0.809,0,0.0,0,0,1,1,0,1,0,1,0,0,0,12192.0,2,1,1,1,0,0,1,3,8.6,273.8,0,0,0,0,0,1
331100,89.527,0.0,0,0,1,0,17.372,0.0,0,0,1,0,3.047,-0.758,0,0.0,0,0,1,1,0,1,0,1,0,0,0,12192.0,2,1,1,1,0,0,1,3,7.5,269.2,0,0,0,0,0,1
331200,89.527,0.0,0,0,1,0,17.372,0.0,0,0,1,0,2.977,-0.706,0,0.0,0,0,1,1,0,1,0,1,0,0,0,12192.0,2,1,1,1,0,0,1,3,7.6,271.4,0,0,0,0,0,1
331300,89.527,0.0,0,0,1,0,17.372,0.0,0,0,1,0,2.911,-0.654,0,0.0,0,0,1,1,0,1,0,1,0,0,0,12192.0,2,1,1,1,0,0,1,3,8.1,269.3,0,0,0,0,0,1
331400,89.527,0.0,0,0,1,0,17.372,0.0,0,0,1,0,2.851,-0.603,0,0.0,0,0,1,1,0,1,0,1,0,0,0,12192.0,2,1,1,1,0,0,1,3,8.5,270.9,0,0,0,0,0,1
331500,89.527,0.0,0,0,1,0,17.372,0.0,0,0,1,0,2.796,-0.551,0,0.0,0,0,1,1,0,1,0,1,0,0,0,12192.0,2,1,1,1,0,0,1,3,7.4,271.5,0,0,0,0,0,1
331600,89.527,0.0,0,0,1,0,17.372,0.0,0,0,1,0,2.746,-0.498,0,0.0,0,0,1,1,0,1,0,1,0,0,0,12192.0,2,1,1,1,0,0,1,3,8.0,269.3,0,0,0,0,0,1
331700,89.527,0.0,0,0,1,0,17.372,0.0,0,0,1,0,2.701,-0.446,0,0.0,0,0,1,1,0,1,0,1,0,0,0,12192.0,2,1,1,1,0,0,1,3,8.0,269.5,0,0,0,0,0,1
331800,89.527,0.0,0,0,1,0,17.372,0.0,0,0,1,0,2.662,-0.393,0,0.0,0,0,1,1,0,1,0,1,0,0,0,12192.0,2,1,1,1,0,0,1,3,7.5,271.5,0,0,0,0,0,1
331900,89.527,0.0,0,0,1,0,17.372,0.0,0,0,1,0,2.628,-0.339,0,0.0,0,0,1,1,0,1,0,1,0,0,0,12192.0,2,1,1,1,0,0,1,3,7.1,270.0,0,0,0,0,0,1
332000,89.527,0.0,0,0,1,0,17.372,0.0,0,0,1,0,2.6,-0.285,0,0.0,0,0,1,1,0,1,0,1,0,0,0,12192.0,2,1,1,1,0,0,1,3,8.0,267.9,0,0,0,0,0,1
332100,89.527,0.0,0,0,1,0,17.372,0.0,0,0,1,0,2.577,-0.23,0,0.0,0,0,1,1,0,1,0,1,0,0,0,12192.0,2,1,1,1,0,0,1,3,7.8,270.8,0,0,0,0,0,1
332200,89.527,0.0,0,0,1,0,17.372,0.0,0,0,1,0,2.559,-0.174,0,0.0,0,0,1,1,0,1,0,1,0,0,0,12192.0,2,1,1,1,0,0,1,3,8.0,269.0,0,0,0,0,0,1
332300,89.527,0.0,0,0,1,0,17.372,0.0,0,0,1,0,2.548,-0.113,0,0.0,0,0,1,1,0,1,0,1,0,0,0,12192.0,2,1,1,1,0,0,1,3,7.3,268.9,0,0,0,0,0,1
332400,89.527,0.0,0,0,0,0,17.372,0.0,0,0,0,0,2.543,0.0,0,0.0,0,0,0,0,0,1,0,1,0,0,0,12192.0,2,1,1,0,1,0,1,3,8.4,271.6,0,0,0,0,0,1
332500,89.527,0.0,0,0,0,0,17.372,0.0,0,0,0,0,2.543,0.0,0,0.0,0,0,0,0,0,1,0,1,1,1,0,12192.0,2,1,1,0,1,0,1,3,7.4,270.3,0,0,0,0,0,1
332600,89.527,0.0,0,0,0,0,17.372,0.0,0,0,0,0,2.543,0.0,0,0.0,0,0,0,0,0,1,0,1,1,1,0,12192.0,2,1,1,0,1,0,1,3,8.2,269.5,0,0,0,0,0,1
332700,89.527,0.0,0,0,0,0,17.372,0.0,0,0,0,0,2.543,0.0,0,0.0,0,0,0,0,0,1,0,1,1,1,0,12192.0,2,1,1,0,1,0,1,3,8.4,266.5,0,0,0,0,0,1
332800,89.527,0.0,0,0,0,0,17.372,0.0,0,0,0,0,2.543,0.0,0,0.0,0,0,0,0,0,1,0,1,1,1,0,12192.0,2,1,1,0,1,0,1,3,8.4,275.8,0,0,0,0,0,1
332900,89.527,0.0,0,0,0,0,17.372,0.0,0,0,0,0,2.543,0.0,0,0.0,0,0,0,0,0,1,0,1,1,1,0,12192.0,2,1,1,0,1,0,1,3,7.5,268.4,0,0,0,0,0,1
333000,89.527,0.0,0,0,0,0,17.372,0.0,0,0,0,0,2.543,0.0,0,0.0,0,0,0,0,0,1,0,1,1,1,0,12192.0,2,1,1,0,1,0,1,3,8.0,268.2,0,0,0,0,0,1
333100,89.527,0.0,0,0,0,0,17.372,0.0,0,0,0,0,2.543,0.0,0,0.0,0,0,0,0,0,1,0,1,1,1,0,12192.0,2,1,1,0,1,0,1,3,8.9,273.7,0,0,0,0,0,1
333200,89.527,0.0,0,0,0,0,17.372,0.0,0,0,0,0,2.543,0.0,0,0.0,0,0,0,0,0,1,0,1,1,1,0,12192.0,2,1,1,0,1,0,1,3,8.4,268.7,0,0,0,0,0,1
333300,89.527,0.0,0,0,0,0,17.372,0.0,0,0,0,0,2.543,0.0,0,0.0,0,0,0,0,0,1,0,1,1,1,0,12192.0,2,1,1,0,1,0,1,3,8.8,269.7,0,0,0,0,0,1
333400,89.527,0.0,0,0,0,0,17.372,0.0,0,0,0,0,2.543,0.0,0,31.82,0,0,0,0,0,1,1,0,1,1,0,12192.0,2,1,1,0,1,0,1,3,8.4,271.1,0,0,0,0,0,1
333500,89.527,0.0,0,0,0,0,17.372,0.0,0,0,0,0,2.543,0.0,0,32.04,0,0,0,0,0,1,1,0,1,1,0,12192.0,2,1,1,0,1,0,1,3,8.6,273.3,0,0,0,0,0,1
333600,89.527,0.0,0,0,0,0,17.372,0.0,0,0,0,0,2.543,0.0,0,31.91,0,0,0,0,0,1,1,0,1,1,0,12192.0,2,1,1,0,1,0,1,3,7.8,267.1,0,0,0,0,0,1
333700,89.527,0.0,0,0,0,0,17.372,0.0,0,0,0,0,2.543,0.0,0,32.01,0,0,0,0,0,1,1,0,1,1,0,12192.0,2,1,1,0,1,0,1,3,8.2,271.0,0,0,0,0,0,1
333800,89.527,0.0,0,0,0,0,17.372,0.0,0,0,0,0,2.543,0.0,0,32.12,0,0,0,0,0,1,1,0,1,1,0,12192.0,2,1,1,0,1,0,1,3,7.7,267.5,0,0,0,0,0,1
333900,89.527,0.0,0,0,0,0,17.372,0.0,0,0,0,0,2.543,0.0,0,32.25,0,0,0,0,0,1,1,0,1,1,0,12192.0,2,1,1,0,1,0,1,3,7.8,274.1,0,0,0,0,0,1
334000,89.527,0.0,0,0,0,0,17.372,0.0,0,0,0,0,2.543,0.0,0,31.9,0,0,0,0,0,1,1,0,1,1,0,12192.0,2,1,1,0,1,0,1,3,8.7,268.2,0,0,0,0,0,1
334100,89.527,0.0,0,0,0,0,17.372,0.0,0,0,0,0,2.543,0.0,0,31.89,0,0,0,0,0,1,1,0,1,1,0,12192.0,2,1,1,0,1,0,1,3,8.0,270.5,0,0,0,0,0,1
334200,89.527,0.0,0,0,0,0,17.372,0.0,0,0,0,0,2.543,0.0,0,31.91,0,0,0,0,0,1,1,0,1,1,0,12192.0,2,1,1,0,1,0,1,3,8.4,269.4,0,0,0,0,0,1
334300,89.527,0.0,0,0,0,0,17.372,0.0,0,0,0,0,2.543,0.0,0,31.92,0,0,0,0,0,1,1,0,1,1,0,12192.0,2,1,1,0,1,0,1,3,8.8,264.8,0,0,0,0,0,1
334400,89.527,0.0,0,0,0,0,17.372,0.0,0,0,0,0,2.543,0.0,0,31.97,0,0,0,0,0,1,1,0,1,1,0,12192.0,2,1,1,0,1,0,1,3,8.7,267.9,0,0,0,0,0,1
334500,89.527,0.0,0,0,0,0,17.372,0.0,0,0,0,0,2.543,0.0,0,31.91,0,0,0,0,0,1,1,0,1,1,0,12192.0,2,1,1,0,1,0,1,3,8.3,264.1,0,0,0,0,0,1
334600,89.527,0.0,0,0,0,0,17.372,0.0,0,0,0,0,2.543,0.0,0,31.82,0,0,0,0,0,1,1,0,1,1,0,12192.0,2,1,1,0,1,0,1,3,8.7,272.2,0,0,0,0,0,1
334700,89.527,0.0,0,0,0,0,17.372,0.0,0,0,0,0,2.543,0.0,0,32.2,0,0,0,0,0,1,1,0,1,1,0,12192.0,2,1,1,0,1,0,1,3,8.7,270.5,0,0,0,0,0,1
334800,89.527,0.0,0,0,0,0,17.372,0.0,0,0,0,0,2.543,0.0,0,31.97,0,0,0,0,0,1,1,0,1,1,0,12192.0,2,1,1,0,1,0,1,3,8.1,266.1,0,0,0,0,0,1
334900,89.527,0.0,0,0,0,0,17.372,0.0,0,0,0,0,2.543,0.0,0,31.96,0,0,0,0,0,1,1,0,1,1,0,12192.0,2,1,1,0,1,0,1,3,8.2,269.9,0,0,0,0,0,1
335000,89.527,0.0,0,0,0,0,17.372,0.0,0,0,0,0,2.543,0.0,0,32.0,0,0,0,0,0,1,1,0,1,1,0,12192.0,2,1,1,0,1,0,1,3,8.5,270.1,0,0,0,0,0,1
335100,89.527,0.0,0,0,1,0,17.372,0.0,0,0,1,0,2.548,0.05,1,33.77,0,0,1,1,0,1,1,0,0,1,0,12192.0,2,1,1,1,0,0,1,3,7.9,271.5,0,0,0,0,0,1
335200,89.527,0.0,0,0,1,0,17.372,0.0,0,0,1,0,2.558,0.1,1,33.59,0,0,1,1,0,1,1,0,0,1,0,12192.0,2,1,1,1,0,0,1,3,9.0,268.0,0,0,0,0,0,1
335300,89.527,0.0,0,0,1,0,17.372,0.0,0,0,1,0,2.573,0.149,1,33.61,0,0,1,1,0,1,1,0,0,1,0,12192.0,2,1,1,1,0,0,1,3,9.1,272.5,0,0,0,0,0,1
335400,89.527,0.0,0,0,1,0,17.372,0.0,0,0,1,0,2.593,0.199,1,33.87,0,0,1,1,0,1,1,0,0,1,0,12192.0,2,1,1,1,0,0,1,3,8.5,266.6,0,0,0,0,0,1
335500,89.527,0.0,0,0,1,0,17.372,0.0,0,0,1,0,2.618,0.249,1,33.6,0,0,1,1,0,1,1,0,0,1,0,12192.0,2,1,1,1,0,0,1,3,8.3,270.6,0,0,0,0,0,1
335600,89.527,0.0,0,0,1,0,17.372,0.0,0,0,1,0,2.647,0.299,1,33.58,0,0,1,1,0,1,1,0,0,1,0,12192.0,2,1,1,1,0,0,1,3,7.6,270.6,0,0,0,0,0,1
335700,89.527,0.0,0,0,1,0,17.372,0.0,0,0,1,0,2.682,0.348,1,33.54,0,0,1,1,0,1,1,0,0,1,0,12192.0,2,1,1,1,0,0,1,3,8.7,272.1,0,0,0,0,0,1
335800,89.527,0.0,0,0,1,0,17.372,0.0,0,0,1,0,2.722,0.398,1,33.68,0,0,1,1,0,1,1,0,0,1,0,12192.0,2,1,1,1,0,0,1,3,9.0,273.7,0,0,0,0,0,1
335900,89.527,0.0,0,0,1,0,17.372,0.0,0,0,1,0,2.767,0.448,1,33.48,0,0,1,1,0,1,1,0,0,1,0,12192.0,2,1,1,1,0,0,1,3,8.6,268.2,0,0,0,0,0,1
336000,89.527,0.0,0,0,1,0,17.372,0.0,0,0,1,0,2.817,0.498,1,33.48,0,0,1,1,0,1,1,0,0,1,0,12192.0,2,1,1,1,0,0,1,3,8.2,270.1,0,0,0,0,0,1
336100,89.527,0.0,0,0,1,0,17.372,0.0,0,0,1,0,2.871,0.547,1,33.58,0,0,1,1,0,1,1,0,0,1,0,12192.0,2,1,1,1,0,0,1,3,8.2,263.7,0,0,0,0,0,1
336200,89.527,0.0,0,0,1,0,17.372,0.0,0,0,1,0,2.931,0.597,1,33.73,0,0,1,1,0,1,1,0,0,1,0,12192.0,2,1,1,1,0,0,1,3,8.4,272.4,0,0,0,0,0,1
336300,89.527,0.0,0,0,1,0,17.372,0.0,0,0,1,0,2.996,0.647,1,33.84,0,0,1,1,0,1,1,0,0,1,0,12192.0,2,1,1,1,0,0,1,3,8.4,272.1,0,0,0,0,0,1
336400,89.527,0.0,0,0,1,0,17.372,0.0,0,0,1,0,3.065,0.697,1,33.6,0,0,1,1,0,1,1,0,0,1,0,12192.0,2,1,1,1,0,0,1,3,8.5,269.1,0,0,0,0,0,1
336500,89.527,0.0,0,0,1,0,17.372,0.0,0,0,1,0,3.14,0.746,1,33.64,0,0,1,1,0,1,1,0,0,1,0,12192.0,2,1,1,1,0,0,1,3,8.4,270.1,0,0,0,0,0,1
336600,89.527,0.0,0,0,1,0,17.372,0.0,0,0,1,0,3.22,0.796,1,33.61,0,0,1,1,0,1,1,0,0,1,0,12192.0,2,1,1,1,0,0,1,3,8.5,270.9,0,0,0,0,0,1
336700,89.527,0.0,0,0,1,0,17.372,0.0,0,0,1,0,3.304,0.846,1,33.83,0,0,1,1,0,1,1,0,0,1,0,12192.0,2,1,1,1,0,0,1,3,7.8,268.9,0,0,0,0,0,1
336800,89.527,0.0,0,0,1,0,17.372,0.0,0,0,1,0,3.394,0.896,1,33.72,0,0,1,1,0,1,1,0,0,1,0,12192.0,2,1,1,1,0,0,1,3,8.0,267.9,0,0,0,0,0,1
336900,89.527,0.0,0,0,1,0,17.372,0.0,0,0,1,0,3.488,0.945,1,33.67,0,0,1,1,0,1,1,0,0,1,0,12192.0,2,1,1,1,0,0,1,3,8.3,269.1,0,0,0,0,0,1
337000,89.527,0.0,0,0,1,0,17.372,0.0,0,0,1,0,3.588,0.995,1,33.79,0,0,1,1,0,1,1,0,0,1,0,12192.0,2,1,1,1,0,0,1,3,7.7,266.6,0,0,0,0,0,1
337100,89.527,0.0,0,0,1,0,17.372,0.0,0,0,1,0,3.692,1.045,1,33.52,0,0,1,1,0,1,1,0,0,1,0,12192.0,2,1,1,1,0,0,1,3,7.9,272.2,0,0,0,0,0,1
337200,89.527,0.0,0,0,1,0,17.372,0.0,0,0,1,0,3.802,1.095,1,33.6,0,0,1,1,0,1,1,0,0,1,0,12192.0,2,1,1,1,0,0,1,3,8.4,267.5,0,0,0,0,0,1
337300,89.527,0.0,0,0,1,0,17.372,0.0,0,0,1,0,3.916,1.145,1,33.54,0,0,1,1,0,1,1,0,0,1,0,12192.0,2,1,1,1,0,0,1,3,8.5,270.8,0,0,0,0,0,1
337400,89.527,0.0,0,0,1,0,17.372,0.0,0,0,1,0,4.036,1.194,1,33.46,0,0,1,1,0,1,1,0,0,1,0,12192.0,2,1,1,1,0,0,1,3,6.8,265.7,0,0,0,0,0,1
337500,89.527,0.0,0,0,1,0,17.372,0.0,0,0,1,0,4.16,1.244,1,33.74,0,0,1,1,0,1,1,0,0,1,0,12192.0,2,1,1,1,0,0,1,3,7.9,265.0,0,0,0,0,0,1
337600,89.527,0.0,0,0,1,0,17.372,0.0,0,0,1,0,4.287,1.266,1,33.49,0,0,1,1,0,1,1,0,0,1,0,12192.0,2,1,1,1,0,0,1,3,8.2,266.7,0,0,0,0,0,1
337700,89.527,0.0,0,0,1,0,17.372,0.0,0,0,1,0,4.413,1.266,1,33.78,0,0,1,1,0,1,1,0,0,1,0,12192.0,2,1,1,1,0,0,1,3,7.8,271.1,0,0,0,0,0,1
337800,89.527,0.0,0,0,1,0,17.372,0.0,0,0,1,0,4.54,1.266,1,33.79,0,0,1,1,0,1,1,0,0,1,0,12192.0,2,1,1,1,0,0,1,3,7.5,268.4,0,0,0,0,0,1
337900,89.527,0.0,0,0,1,0,17.372,0.0,0,0,1,0,4.667,1.266,1,33.55,0,0,1,1,0,1,1,0,0,1,0,12192.0,2,1,1,1,0,0,1,3,8.0,272.4,0,0,0,0,0,1
338000,89.527,0.0,0,0,1,0,17.372,0.0,0,0,1,0,4.793,1.266,1,33.55,0,0,1,1,0,1,1,0,0,1,0,12192.0,2,1,1,1,0,0,1,3,8.1,264.3,0,0,0,0,0,1
338100,89.527,0.0,0,0,1,0,17.372,0.0,0,0,1,0,4.92,1.266,1,33.68,0,0,1,1,0,1,1,0,0,1,0,12192.0,2,1,1,1,0,0,1,3,6.4,270.6,0,0,0,0,0,1
338200,89.527,0.0,0,0,1,0,17.372,0.0,0,0,1,0,5.046,1.266,1,33.66,0,0,1,1,0,1,1,0,0,1,0,12192.0,2,1,1,1,0,0,1,3,7.4,275.5,0,0,0,0,0,1
338300,89.527,0.0,0,0,1,0,17.372,0.0,0,0,1,0,5.173,1.266,1,33.45,0,0,1,1,0,1,1,0,0,1,0,12192.0,2,1,1,1,0,0,1,3,7.3,268.8,0,0,0,0,0,1
338400,89.527,0.0,0,0,1,0,17.372,0.0,0,0,1,0,5.299,1.266,1,33.59,0,0,1,1,0,1,1,0,0,1,0,12192.0,2,1,1,1,0,0,1,3,7.5,270.7,0,0,0,0,0,1
338500,89.527,0.0,0,0,1,0,17.372,0.0,0,0,1,0,5.426,1.266,1,33.83,0,0,1,1,0,1,1,0,0,1,0,12192.0,2,1,1,1,0,0,1,3,8.2,268.8,0,0,0,0,0,1
338600,89.527,0.0,0,0,1,0,17.372,0.0,0,0,1,0,5.553,1.266,1,33.71,0,0,1,1,0,1,1,0,0,1,0,12192.0,2,1,1,1,0,0,1,3,7.3,269.2,0,0,0,0,0,1
338700,89.527,0.0,0,0,1,0,17.372,0.0,0,0,1,0,5.679,1.266,1,33.52,0,0,1,1,0,1,1,0,0,1,0,12192.0,2,1,1,1,0,0,1,3,7.3,268.5,0,0,0,0,0,1
338800,89.527,0.0,0,0,1,0,17.372,0.0,0,0,1,0,5.806,1.266,1,33.7,0,0,1,1,0,1,1,0,0,1,0,12192.0,2,1,1,1,0,0,1,3,6.8,275.8,0,0,0,0,0,1
338900,89.527,0.0,0,0,1,0,17.372,0.0,0,0,1,0,5.932,1.266,1,33.48,0,0,1,1,0,1,1,0,0,1,0,12192.0,2,1,1,1,0,0,1,3,6.4,270.3,0,0,0,0,0,1
339000,89.527,0.0,0,0,1,0,17.372,0.0,0,0,1,0,6.059,1.266,1,33.66,0,0,1,1,0,1,1,0,0,1,0,12192.0,2,1,1,1,0,0,1,3,7.3,270.8,0,0,0,0,0,1
339100,89.527,0.0,0,0,1,0,17.372,0.0,0,0,1,0,6.186,1.266,1,33.75,0,0,1,1,0,1,1,0,0,1,0,12192.0,2,1,1,1,0,0,1,3,7.2,270.5,0,0,0,0,0,1
339200,89.527,0.0,0,0,1,0,17.372,0.0,0,0,1,0,6.312,1.266,1,33.6,0,0,1,1,0,1,1,0,0,1,0,12192.0,2,1,1,1,0,0,1,3,7.3,273.7,0,0,0,0,0,1
339300,89.527,0.0,0,0,1,0,17.372,0.0,0,0,1,0,6.439,1.266,1,33.68,0,0,1,1,0,1,1,0,0,1,0,12192.0,2,1,1,1,0,0,1,3,7.4,268.4,0,0,0,0,0,1
339400,89.527,0.0,0,0,1,0,17.372,0.0,0,0,1,0,6.565,1.266,1,33.55,0,0,1,1,0,1,1,0,0,1,0,12192.0,2,1,1,1,0,0,1,3,7.3,262.5,0,0,0,0,0,1
339500,89.527,0.0,0,0,1,0,17.372,0.0,0,0,1,0,6.692,1.266,1,33.83,0,0,1,1,0,1,1,0,0,1,0,12192.0,2,1,1,1,0,0,1,3,8.0,271.7,0,0,0,0,0,1
339600,89.527,0.0,0,0,1,0,17.372,0.0,0,0,1,0,6.818,1.266,1,33.69,0,0,1,1,0,1,1,0,0,1,0,12192.0,2,1,1,1,0,0,1,3,7.9,272.9,0,0,0,0,0,1
339700,89.527,0.0,0,0,1,0,17.372,0.0,0,0,1,0,6.945,1.266,1,33.48,0,0,1,1,0,1,1,0,0,1,0,12192.0,2,1,1,1,0,0,1,3,7.6,273.8,0,0,0,0,0,1
339800,89.527,0.0,0,0,1,0,17.372,0.0,0,0,1,0,7.072,1.266,1,33.53,0,0,1,1,0,1,1,0,0,1,0,12192.0,2,1,1,1,0,0,1,3,8.0,267.9,0,0,0,0,0,1
339900,89.527,0.0,0,0,1,0,17.372,0.0,0,0,1,0,7.198,1.266,1,33.64,0,0,1,1,0,1,1,0,0,1,0,12192.0,2,1,1,1,0,0,1,3,7.8,268.1,0,0,0,0,0,1
340000,89.527,0.0,0,0,1,0,17.372,0.0,0,0,1,0,7.325,1.266,1,33.41,0,0,1,1,0,1,1,0,0,1,0,12192.0,2,1,1,1,0,0,1,3,7.8,268.8,0,0,0,0,0,1
340100,89.527,0.0,0,0,1,0,17.372,0.0,0,0,1,0,7.451,1.266,1,33.67,0,0,1,1,0,1,1,0,0,1,0,12192.0,2,1,1,1,0,0,1,3,6.9,270.2,0,0,0,0,0,1
340200,89.527,0.0,0,0,1,0,17.372,0.0,0,0,1,0,7.578,1.266,1,33.46,0,0,1,1,0,1,1,0,0,1,0,12192.0,2,1,1,1,0,0,1,3,7.9,265.2,0,0,0,0,0,1
340300,89.527,0.0,0,0,1,0,17.372,0.0,0,0,1,0,7.705,1.266,1,33.63,0,0,1,1,0,1,1,0,0,1,0,12192.0,2,1,1,1,0,0,1,3,8.6,268.4,0,0,0,0,0,1
340400,89.527,0.0,0,0,1,0,17.372,0.0,0,0,1,0,7.831,1.266,1,33.4,0,0,1,1,0,1,1,0,0,1,0,12192.0,2,1,1,1,0,0,1,3,7.2,272.2,0,0,0,0,0,1
340500,89.527,0.0,0,0,1,0,17.372,0.0,0,0,1,0,7.958,1.266,1,33.57,0,0,1,1,0,1,1,0,0,1,0,12192.0,2,1,1,1,0,0,1,3,8.2,270.0,0,0,0,0,0,1
340600,89.527,0.0,0,0,1,0,17.372,0.0,0,0,1,0,8.084,1.266,1,33.63,0,0,1,1,0,1,1,0,0,1,0,12192.0,2,1,1,1,0,0,1,3,8.2,268.3,0,0,0,0,0,1
340700,89.527,0.0,0,0,1,0,17.372,0.0,0,0,1,0,8.211,1.266,1,33.6,0,0,1,1,0,1,1,0,0,1,0,12192.0,2,1,1,1,0,0,1,3,8.6,267.5,0,0,0,0,0,1
340800,89.527,0.0,0,0,1,0,17.372,0.0,0,0,1,0,8.337,1.266,1,33.56,0,0,1,1,0,1,1,0,0,1,0,12192.0,2,1,1,1,0,0,1,3,7.1,275.5,0,0,0,0,0,1
340900,89.527,0.0,0,0,1,0,17.372,0.0,0,0,1,0,8.464,1.266,1,33.7,0,0,1,1,0,1,1,0,0,1,0,12192.0,2,1,1,1,0,0,1,3,8.2,268.7,0,0,0,0,0,1
341000,89.527,0.0,0,0,1,0,17.372,0.0,0,0,1,0,8.591,1.266,1,33.69,0,0,1,1,0,1,1,0,0,1,0,12192.0,2,1,1,1,0,0,1,3,6.4,269.8,0,0,0,0,0,1
341100,89.527,0.0,0,0,1,0,17.372,0.0,0,0,1,0,8.717,1.266,1,33.71,0,0,1,1,0,1,1,0,0,1,0,12192.0,2,1,1,1,0,0,1,3,7.8,271.2,0,0,0,0,0,1
341200,89.527,0.0,0,0,1,0,17.372,0.0,0,0,1,0,8.844,1.266,1,33.73,0,0,1,1,0,1,1,0,0,1,0,12192.0,2,1,1,1,0,0,1,3,7.7,273.6,0,0,0,0,0,1
341300,89.527,0.0,0,0,1,0,17.372,0.0,0,0,1,0,8.97,1.266,1,33.61,0,0,1,1,0,1,1,0,0,1,0,12192.0,2,1,1,1,0,0,1,3,7.8,269.0,0,0,0,0,0,1
341400,89.527,0.0,0,0,1,0,17.372,0.0,0,0,1,0,9.097,1.266,1,33.62,0,0,1,1,0,1,1,0,0,1,0,12192.0,2,1,1,1,0,0,1,3,8.0,269.4,0,0,0,0,0,1
341500,89.527,0.0,0,0,1,0,17.372,0.0,0,0,1,0,9.224,1.266,1,33.42,0,0,1,1,0,1,1,0,0,1,0,12192.0,2,1,1,1,0,0,1,3,8.2,271.7,0,0,0,0,0,1
341600,89.527,0.0,0,0,1,0,17.372,0.0,0,0,1,0,9.35,1.266,1,33.5,0,0,1,1,0,1,1,0,0,1,0,12192.0,2,1,1,1,0,0,1,3,8.4,266.4,0,0,0,0,0,1
341700,89.527,0.0,0,0,1,0,17.372,0.0,0,0,1,0,9.477,1.266,1,33.69,0,0,1,1,0,1,1,0,0,1,0,12192.0,2,1,1,1,0,0,1,3,9.4,267.2,0,0,0,0,0,1
341800,89.527,0.0,0,0,1,0,17.372,0.0,0,0,1,0,9.603,1.266,1,33.48,0,0,1,1,0,1,1,0,0,1,0,12192.0,2,1,1,1,0,0,1,3,8.6,269.5,0,0,0,0,0,1
341900,89.527,0.0,0,0,1,0,17.372,0.0,0,0,1,0,9.73,1.266,1,33.89,0,0,1,1,0,1,1,0,0,1,0,12192.0,2,1,1,1,0,0,1,3,8.2,274.3,0,0,0,0,0,1
342000,89.527,0.0,0,0,1,0,17.372,0.0,0,0,1,0,9.856,1.266,1,33.51,0,0,1,1,0,1,1,0,0,1,0,12192.0,2,1,1,1,0,0,1,3,8.1,267.7,0,0,0,0,0,1
342100,89.527,0.0,0,0,1,0,17.372,0.0,0,0,1,0,9.983,1.266,1,33.48,0,0,1,1,0,1,1,0,0,1,0,12192.0,2,1,1,1,0,0,1,3,8.2,269.6,0,0,0,0,0,1
342200,89.527,0.0,0,0,1,0,17.372,0.0,0,0,1,0,10.11,1.266,1,33.43,0,0,1,1,0,1,1,0,0,1,0,12192.0,2,1,1,1,0,0,1,3,8.3,270.3,0,0,0,0,0,1
342300,89.527,0.0,0,0,1,0,17.372,0.0,0,0,1,0,10.236,1.266,1,33.49,0,0,1,1,0,1,1,0,0,1,0,12192.0,2,1,1,1,0,0,1,3,7.9,271.3,0,0,0,0,0,1
342400,89.527,0.0,0,0,1,0,17.372,0.0,0,0,1,0,10.363,1.266,1,33.7,0,0,1,1,0,1,1,0,0,1,0,12192.0,2,1,1,1,0,0,1,3,8.6,271.8,0,0,0,0,0,1
342500,89.527,0.0,0,0,1,0,17.372,0.0,0,0,1,0,10.489,1.266,1,33.37,0,0,1,1,0,1,1,0,0,1,0,12192.0,2,1,1,1,0,0,1,3,8.2,267.1,0,0,0,0,0,1
342600,89.527,0.0,0,0,1,0,17.372,0.0,0,0,1,0,10.616,1.266,1,33.42,0,0,1,1,0,1,1,0,0,1,0,12192.0,2,1,1,1,0,0,1,3,7.9,272.8,0,0,0,0,0,1
342700,89.527,0.0,0,0,1,0,17.372,0.0,0,0,1,0,10.743,1.266,1,33.86,0,0,1,1,0,1,1,0,0,1,0,12192.0,2,1,1,1,0,0,1,3,8.7,269.3,0,0,0,0,0,1
342800,89.527,0.0,0,0,1,0,17.372,0.0,0,0,1,0,10.869,1.266,1,33.84,0,0,1,1,0,1,1,0,0,1,0,12192.0,2,1,1,1,0,0,1,3,9.2,269.6,0,0,0,0,0,1
342900,89.527,0.0,0,0,1,0,17.372,0.0,0,0,1,0,10.996,1.266,1,33.68,0,0,1,1,0,1,1,0,0,1,0,12192.0,2,1,1,1,0,0,1,3,8.6,266.1,0,0,0,0,0,1
343000,89.527,0.0,0,0,1,0,17.372,0.0,0,0,1,0,11.122,1.266,1,33.51,0,0,1,1,0,1,1,0,0,1,0,12192.0,2,1,1,1,0,0,1,3,9.3,269.5,0,0,0,0,0,1
343100,89.527,0.0,0,0,1,0,17.372,0.0,0,0,1,0,11.249,1.266,1,33.58,0,0,1,1,0,1,1,0,0,1,0,12192.0,2,1,1,1,0,0,1,3,7.9,272.4,0,0,0,0,0,1
343200,89.527,0.0,0,0,1,0,17.372,0.0,0,0,1,0,11.375,1.266,1,33.57,0,0,1,1,0,1,1,0,0,1,0,12192.0,2,1,1,1,0,0,1,3,8.7,266.7,0,0,0,0,0,1
343300,89.527,0.0,0,0,1,0,17.372,0.0,0,0,1,0,11.502,1.266,1,33.56,0,0,1,1,0,1,1,0,0,1,0,12192.0,2,1,1,1,0,0,1,3,8.7,266.1,0,0,0,0,0,1
343400,89.527,0.0,0,0,1,0,17.372,0.0,0,0,1,0,11.629,1.266,1,33.46,0,0,1,1,0,1,1,0,0,1,0,12192.0,2,1,1,1,0,0,1,3,8.5,267.8,0,0,0,0,0,1
343500,89.527,0.0,0,0,1,0,17.372,0.0,0,0,1,0,11.755,1.266,1,33.53,0,0,1,1,0,1,1,0,0,1,0,12192.0,2,1,1,1,0,0,1,3,8.5,271.3,0,0,0,0,0,1
343600,89.527,0.0,0,0,1,0,17.372,0.0,0,0,1,0,11.882,1.266,1,33.39,0,0,1,1,0,1,1,0,0,1,0,12192.0,2,1,1,1,0,0,1,3,8.5,270.0,0,0,0,0,0,1
343700,89.527,0.0,0,0,1,0,17.372,0.0,0,0,1,0,12.003,1.216,1,30.53,0,0,1,1,0,1,1,0,0,1,0,12192.0,2,1,1,1,0,0,1,3,9.1,271.3,0,0,0,0,0,1
343800,89.527,0.0,0,0,1,0,17.372,0.0,0,0,1,0,12.12,1.166,1,30.37,0,0,1,1,0,1,1,0,0,1,0,12192.0,2,1,1,1,0,0,1,3,8.7,272.6,0,0,0,0,0,1
343900,89.527,0.0,0,0,1,0,17.372,0.0,0,0,1,0,12.232,1.117,1,30.44,0,0,1,1,0,1,1,0,0,1,0,12192.0,2,1,1,1,0,0,1,3,9.3,269.5,0,0,0,0,0,1
344000,89.527,0.0,0,0,1,0,17.372,0.0,0,0,1,0,12.338,1.067,1,30.4,0,0,1,1,0,1,1,0,0,1,0,12192.0,2,1,1,1,0,0,1,3,7.9,270.1,0,0,0,0,0,1
344100,89.527,0.0,0,0,1,0,17.372,0.0,0,0,1,0,12.44,1.017,1,30.46,0,0,1,1,0,1,1,0,0,1,0,12192.0,2,1,1,1,0,0,1,3,7.9,268.3,0,0,0,0,0,1
344200,89.527,0.0,0,0,1,0,17.372,0.0,0,0,1,0,12.537,0.967,1,30.36,0,0,1,1,0,1,1,0,0,1,0,12192.0,2,1,1,1,0,0,1,3,8.4,269.9,0,0,0,0,0,1
344300,89.527,0.0,0,0,1,0,17.372,0.0,0,0,1,0,12.629,0.917,1,30.32,0,0,1,1,0,1,1,0,0,1,0,12192.0,2,1,1,1,0,0,1,3,8.4,273.6,0,0,0,0,0,1
344400,89.527,0.0,0,0,1,0,17.372,0.0,0,0,1,0,12.715,0.868,1,30.22,0,0,1,1,0,1,1,0,0,1,0,12192.0,2,1,1,1,0,0,1,3,9.0,269.8,0,0,0,0,0,1
344500,89.527,0.0,0,0,1,0,17.372,0.0,0,0,1,0,12.797,0.818,1,30.33,0,0,1,1,0,1,1,0,0,1,0,12192.0,2,1,1,1,0,0,1,3,9.2,269.7,0,0,0,0,0,1
344600,89.527,0.0,0,0,1,0,17.372,0.0,0,0,1,0,12.874,0.768,1,30.26,0,0,1,1,0,1,1,0,0,1,0,12192.0,2,1,1,1,0,0,1,3,8.5,275.6,0,0,0,0,0,1
344700,89.527,0.0,0,0,1,0,17.372,0.0,0,0,1,0,12.946,0.718,1,30.27,0,0,1,1,0,1,1,0,0,1,0,12192.0,2,1,1,1,0,0,1,3,8.0,270.9,0,0,0,0,0,1
344800,89.527,0.0,0,0,1,0,17.372,0.0,0,0,1,0,13.013,0.669,1,30.53,0,0,1,1,0,1,1,0,0,1,0,12192.0,2,1,1,1,0,0,1,3,8.2,271.5,0,0,0,0,0,1
344900,89.527,0.0,0,0,1,0,17.372,0.0,0,0,1,0,13.075,0.619,1,30.29,0,0,1,1,0,1,1,0,0,1,0,12192.0,2,1,1,1,0,0,1,3,8.2,263.9,0,0,0,0,0,1
345000,89.527,0.0,0,0,1,0,17.372,0.0,0,0,1,0,13.131,0.569,1,30.41,0,0,1,1,0,1,1,0,0,1,0,12192.0,2,1,1,1,0,0,1,3,8.5,269.0,0,0,0,0,0,1
345100,89.527,0.0,0,0,1,0,17.372,0.0,0,0,1,0,13.183,0.519,1,30.44,0,0,1,1,0,1,1,0,0,1,0,12192.0,2,1,1,1,0,0,1,3,7.6,265.5,0,0,0,0,0,1
345200,89.527,0.0,0,0,1,0,17.372,0.0,0,0,1,0,13.23,0.47,1,30.41,0,0,1,1,0,1,1,0,0,1,0,12192.0,2,1,1,1,0,0,1,3,8.3,267.2,0,0,0,0,0,1
345300,89.527,0.0,0,0,1,0,17.372,0.0,0,0,1,0,13.272,0.42,1,30.41,0,0,1,1,0,1,1,0,0,1,0,12192.0,2,1,1,1,0,0,1,3,8.2,273.3,0,0,0,0,0,1
345400,89.527,0.0,0,0,1,0,17.372,0.0,0,0,1,0,13.309,0.37,1,30.22,0,0,1,1,0,1,1,0,0,1,0,12192.0,2,1,1,1,0,0,1,3,7.9,274.2,0,0,0,0,0,1
345500,89.527,0.0,0,0,1,0,17.372,0.0,0,0,1,0,13.341,0.32,1,30.48,0,0,1,1,0,1,1,0,0,1,0,12192.0,2,1,1,1,0,0,1,3,7.9,271.8,0,0,0,0,0,1
345600,89.527,0.0,0,0,1,0,17.372,0.0,0,0,1,0,13.368,0.271,1,30.43,0,0,1,1,0,1,1,0,0,1,0,12192.0,2,1,1,1,0,0,1,3,7.3,274.2,0,0,0,0,0,1
345700,89.527,0.0,0,0,1,0,17.372,0.0,0,0,1,0,13.391,0.221,1,29.98,0,0,1,1,0,1,1,0,0,1,0,12192.0,2,1,1,1,0,0,1,3,7.5,266.2,0,0,0,0,0,1
345800,89.527,0.0,0,0,1,0,17.372,0.0,0,0,1,0,13.408,0.171,1,30.29,0,0,1,1,0,1,1,0,0,1,0,12192.0,2,1,1,1,0,0,1,3,8.5,272.0,0,0,0,0,0,1
345900,89.527,0.0,0,0,1,0,17.372,0.0,0,0,1,0,13.42,0.121,1,30.29,0,0,1,1,0,1,1,0,0,1,0,12192.0,2,1,1,1,0,0,1,3,8.6,267.9,0,0,0,0,0,1
346000,89.527,0.0,0,0,1,0,17.372,0.0,0,0,1,0,13.427,0.072,1,30.35,0,0,1,1,0,1,1,0,0,1,0,12192.0,2,1,1,1,0,0,1,3,8.0,274.0,0,0,0,0,0,1
346100,89.527,0.0,0,0,0,0,17.372,0.0,0,0,0,0,13.429,0.0,0,31.97,0,0,0,0,0,1,1,0,0,1,0,12192.0,2,1,1,0,1,0,1,3,8.0,268.3,0,0,0,0,0,1
346200,89.525,-0.015,0,1,1,0,17.367,-0.056,0,1,1,0,13.429,0.0,0,31.76,0,0,0,1,0,1,1,0,0,1,0,12192.0,2,1,1,1,0,0,1,3,7.9,271.9,0,0,0,0,0,1
346300,89.522,-0.03,0,1,1,0,17.356,-0.112,0,1,1,0,13.429,0.0,0,31.98,0,0,0,1,0,1,1,0,0,1,0,12192.0,2,1,1,1,0,0,1,3,7.7,268.1,0,0,0,0,0,1
346400,89.518,-0.045,0,1,1,0,17.339,-0.167,0,1,1,0,13.429,0.0,0,32.08,0,0,0,1,0,1,1,0,0,1,0,12192.0,2,1,1,1,0,0,1,3,8.1,272.6,0,0,0,0,0,1
346500,89.512,-0.059,0,1,1,0,17.317,-0.223,0,1,1,0,13.429,0.0,0,32.03,0,0,0,1,0,1,1,0,0,1,0,12192.0,2,1,1,1,0,0,1,3,6.6,269.5,0,0,0,0,0,1
346600,89.504,-0.074,0,1,1,0,17.289,-0.279,0,1,1,0,13.429,0.0,0,32.11,0,0,0,1,0,1,1,0,0,1,0,12192.0,2,1,1,1,0,0,1,3,7.1,270.2,0,0,0,0,0,1
346700,89.496,-0.089,0,1,1,0,17.255,-0.335,0,1,1,0,13.429,0.0,0,31.87,0,0,0,1,0,1,1,0,0,1,0,12192.0,2,1,1,1,0,0,1,3,7.6,267.2,0,0,0,0,0,1
346800,89.485,-0.104,0,1,1,0,17.216,-0.391,0,1,1,0,13.429,0.0,0,31.97,0,0,0,1,0,1,1,0,0,1,0,12192.0,2,1,1,1,0,0,1,3,7.2,273.4,0,0,0,0,0,1
346900,89.473,-0.119,0,1,1,0,17.172,-0.447,0,1,1,0,13.429,0.0,0,31.84,0,0,0,1,0,1,1,0,0,1,0,12192.0,2,1,1,1,0,0,1,3,6.9,273.1,0,0,0,0,0,1
347000,89.46,-0.134,0,1,1,0,17.121,-0.502,0,1,1,0,13.429,0.0,0,32.05,0,0,0,1,0,1,1,0,0,1,0,12192.0,2,1,1,1,0,0,1,3,6.5,268.9,0,0,0,0,0,1
347100,89.445,-0.148,0,1,1,0,17.066,-0.558,0,1,1,0,13.429,0.0,0,32.06,0,0,0,1,0,1,1,0,0,1,0,12192.0,2,1,1,1,0,0,1,3,7.1,273.6,0,0,0,0,0,1
347200,89.429,-0.163,0,1,1,0,17.004,-0.614,0,1,1,0,13.429,0.0,0,31.88,0,0,0,1,0,1,1,0,0,1,0,12192.0,2,1,1,1,0,0,1,3,6.9,268.6,0,0,0,0,0,1
347300,89.411,-0.178,0,1,1,0,16.937,-0.67,0,1,1,0,13.429,0.0,0,32.06,0,0,0,1,0,1,1,0,0,1,0,12192.0,2,1,1,1,0,0,1,3,7.9,266.6,0,0,0,0,0,1
347400,89.392,-0.193,0,1,1,0,16.865,-0.726,0,1,1,0,13.429,0.0,0,32.05,0,0,0,1,0,1,1,0,0,1,0,12192.0,2,1,1,1,0,0,1,3,7.6,269.0,0,0,0,0,0,1
347500,89.371,-0.208,0,1,1,0,16.786,-0.781,0,1,1,0,13.429,0.0,0,32.06,0,0,0,1,0,1,1,0,0,1,0,12192.0,2,1,1,1,0,0,1,3,7.1,268.6,0,0,0,0,0,1
347600,89.349,-0.223,0,1,1,0,16.703,-0.837,0,1,1,0,13.429,0.0,0,31.85,0,0,0,1,0,1,1,0,0,1,0,12192.0,2,1,1,1,0,0,1,3,7.4,273.8,0,0,0,0,0,1
347700,89.325,-0.238,0,1,1,0,16.613,-0.893,0,1,1,0,13.429,0.0,0,32.06,0,0,0,1,0,1,1,0,0,1,0,12192.0,2,1,1,1,0,0,1,3,7.7,267.3,0,0,0,0,0,1
347800,89.3,-0.252,0,1,1,0,16.518,-0.949,0,1,1,0,13.429,0.0,0,32.04,0,0,0,1,0,1,1,0,0,1,0,12192.0,2,1,1,1,0,0,1,3,7.3,265.3,0,0,0,0,0,1
347900,89.273,-0.267,0,1,1,0,16.418,-1.005,0,1,1,0,13.429,0.0,0,32.22,0,0,0,1,0,1,1,0,0,1,0,12192.0,2,1,1,1,0,0,1,3,8.0,274.4,0,0,0,0,0,1
348000,89.245,-0.282,0,1,1,0,16.312,-1.061,0,1,1,0,13.429,0.0,0,31.93,0,0,0,1,0,1,1,0,0,1,0,12192.0,2,1,1,1,0,0,1,3,7.2,267.7,0,0,0,0,0,1
348100,89.215,-0.297,0,1,1,0,16.2,-1.116,0,1,1,0,13.429,0.0,0,31.93,0,0,0,1,0,1,1,0,0,1,0,12192.0,2,1,1,1,0,0,1,3,7.3,270.5,0,0,0,0,0,1
348200,89.184,-0.312,0,1,1,0,16.083,-1.172,0,1,1,0,13.429,0.0,0,31.85,0,0,0,1,0,1,1,0,0,1,0,12192.0,2,1,1,1,0,0,1,3,7.6,273.2,0,0,0,0,0,1
348300,89.151,-0.327,0,1,1,0,15.96,-1.228,0,1,1,0,13.429,0.0,0,31.9,0,0,0,1,0,1,1,0,0,1,0,12192.0,2,1,1,1,0,0,1,3,7.2,269.8,0,0,0,0,0,1
348400,89.117,-0.342,0,1,1,0,15.832,-1.284,0,1,1,0,13.429,0.0,0,31.86,0,0,0,1,0,1,1,0,0,1,0,12192.0,2,1,1,1,0,0,1,3,8.0,270.0,0,0,0,0,0,1
348500,89.081,-0.356,0,1,1,0,15.698,-1.34,0,1,1,0,13.429,0.0,0,32.03,0,0,0,1,0,1,1,0,0,1,0,12192.0,2,1,1,1,0,0,1,3,7.5,268.4,0,0,0,0,0,1
348600,89.044,-0.371,0,1,1,0,15.558,-1.395,0,1,1,0,13.429,0.0,0,31.96,0,0,0,1,0,1,1,0,0,1,0,12192.0,2,1,1,1,0,0,1,3,7.7,268.9,0,0,0,0,0,1
348700,89.006,-0.386,0,1,1,0,15.413,-1.451,0,1,1,0,13.429,0.0,0,31.94,0,0,0,1,0,1,1,0,0,1,0,12192.0,2,1,1,1,0,0,1,3,7.3,270.6,0,0,0,0,0,1
348800,88.965,-0.401,0,1,1,0,15.263,-1.507,0,1,1,0,13.429,0.0,0,32.04,0,0,0,1,0,1,1,0,0,1,0,12192.0,2,1,1,1,0,0,1,3,7.7,269.9,0,0,0,0,0,1
348900,88.924,-0.416,0,1,1,0,15.106,-1.563,0,1,1,0,13.429,0.0,0,31.87,0,0,0,1,0,1,1,0,0,1,0,12192.0,2,1,1,1,0,0,1,3,7.5,271.5,0,0,0,0,0,1
349000,88.881,-0.431,0,1,1,0,14.944,-1.619,0,1,1,0,13.429,0.0,0,31.89,0,0,0,1,0,1,1,0,0,1,0,12192.0,2,1,1,1,0,0,1,3,7.7,268.4,0,0,0,0,0,1
349100,88.836,-0.445,0,1,1,0,14.777,-1.675,0,1,1,0,13.429,0.0,0,32.08,0,0,0,1,0,1,1,0,0,1,0,12192.0,2,1,1,1,0,0,1,3,8.1,267.3,0,0,0,0,0,1
349200,88.79,-0.46,0,1,1,0,14.604,-1.73,0,1,1,0,13.429,0.0,0,31.64,0,0,0,1,0,1,1,0,0,1,0,12192.0,2,1,1,1,0,0,1,3,8.2,266.0,0,0,0,0,0,1
349300,88.743,-0.475,0,1,1,0,14.425,-1.786,0,1,1,0,13.429,0.0,0,31.96,0,0,0,1,0,1,1,0,0,1,0,12192.0,2,1,1,1,0,0,1,3,7.6,270.3,0,0,0,0,0,1
349400,88.694,-0.49,0,1,1,0,14.241,-1.842,0,1,1,0,13.429,0.0,0,32.09,0,0,0,1,0,1,1,0,0,1,0,12192.0,2,1,1,1,0,0,1,3,8.3,267.9,0,0,0,0,0,1
349500,88.643,-0.505,0,1,1,0,14.051,-1.898,0,1,1,0,13.429,0.0,0,31.96,0,0,0,1,0,1,1,0,0,1,0,12192.0,2,1,1,1,0,0,1,3,8.1,269.6,0,0,0,0,0,1
349600,88.591,-0.52,0,1,1,0,13.856,-1.954,0,1,1,0,13.429,0.0,0,32.12,0,0,0,1,0,1,1,0,0,1,0,12192.0,2,1,1,1,0,0,1,3,7.9,271.6,0,0,0,0,0,1
349700,88.538,-0.535,0,1,1,0,13.655,-2.009,0,1,1,0,13.429,0.0,0,31.82,0,0,0,1,0,1,1,0,0,1,0,12192.0,2,1,1,1,0,0,1,3,8.5,267.6,0,0,0,0,0,1
349800,88.483,-0.549,0,1,1,0,13.449,-2.065,0,1,1,0,13.429,0.0,0,31.9,0,0,0,1,0,1,1,0,0,1,0,12192.0,2,1,1,1,0,0,1,3,7.8,273.6,0,0,0,0,0,1
349900,88.426,-0.564,0,1,1,0,13.236,-2.121,0,1,1,0,13.429,0.0,0,32.05,0,0,0,1,0,1,1,0,0,1,0,12192.0,2,1,1,1,0,0,1,3,8.1,276.6,0,0,0,0,0,1
350000,88.369,-0.579,0,1,1,0,13.019,-2.177,0,1,1,0,13.429,0.0,0,32.04,0,0,0,1,0,1,1,0,0,1,0,12192.0,2,1,1,1,0,0,1,3,9.0,269.2,0,0,0,0,0,1
350100,88.309,-0.594,0,1,1,0,12.795,-2.233,0,1,1,0,13.429,0.0,0,32.17,0,0,0,1,0,1,1,0,0,1,0,12192.0,2,1,1,1,0,0,1,3,7.6,274.6,0,0,0,0,0,1
350200,88.248,-0.609,0,1,1,0,12.567,-2.289,0,1,1,0,13.429,0.0,0,31.96,0,0,0,1,0,1,1,0,0,1,0,12192.0,2,1,1,1,0,0,1,3,7.5,270.6,0,0,0,0,0,1
350300,88.186,-0.624,0,1,1,0,12.332,-2.344,0,1,1,0,13.429,0.0,0,32.0,0,0,0,1,0,1,1,0,0,1,0,12192.0,2,1,1,1,0,0,1,3,8.2,267.9,0,0,0,0,0,1
350400,88.122,-0.638,0,1,1,0,12.092,-2.4,0,1,1,0,13.429,0.0,0,31.86,0,0,0,1,0,1,1,0,0,1,0,12192.0,2,1,1,1,0,0,1,3,8.6,274.7,0,0,0,0,0,1
350500,88.057,-0.653,0,1,1,0,11.847,-2.456,0,1,1,0,13.429,0.0,0,32.03,0,0,0,1,0,1,1,0,0,1,0,12192.0,2,1,1,1,0,0,1,3,7.5,270.3,0,0,0,0,0,1
350600,87.99,-0.668,0,1,1,0,11.595,-2.512,0,1,1,0,13.429,0.0,0,32.04,0,0,0,1,0,1,1,0,0,1,0,12192.0,2,1,1,1,0,0,1,3,8.1,271.4,0,0,0,0,0,1
350700,87.922,-0.683,0,1,1,0,11.339,-2.559,0,1,1,0,13.429,0.0,0,32.09,0,0,0,1,0,1,1,0,0,1,0,12192.0,2,1,1,1,0,0,1,3,8.4,267.7,0,0,0,0,0,1
350800,87.852,-0.698,0,1,1,0,11.089,-2.503,0,1,1,0,13.429,0.0,0,32.21,0,0,0,1,0,1,1,0,0,1,0,12192.0,2,1,1,1,0,0,1,3,8.9,271.2,0,0,0,0,0,1
350900,87.781,-0.711,0,1,1,0,10.844,-2.447,0,1,1,0,13.429,0.0,0,32.01,0,0,0,1,0,1,1,0,0,1,0,12192.0,2,1,1,1,0,0,1,3,9.0,270.2,0,0,0,0,0,1
351000,87.71,-0.711,0,1,1,0,10.605,-2.39,0,1,1,0,13.429,0.0,0,32.11,0,0,0,1,0,1,1,0,0,1,0,12192.0,2,1,1,1,0,0,1,3,8.2,272.6,0,0,0,0,0,1
351100,87.639,-0.711,0,1,1,0,10.372,-2.334,0,1,1,0,13.429,0.0,0,31.95,0,0,0,1,0,1,1,0,0,1,0,12192.0,2,1,1,1,0,0,1,3,8.2,272.6,0,0,0,0,0,1
351200,87.568,-0.711,0,1,1,0,10.144,-2.277,0,1,1,0,13.429,0.0,0,31.76,0,0,0,1,0,1,1,0,0,1,0,12192.0,2,1,1,1,0,0,1,3,8.5,268.4,0,0,0,0,0,1
351300,87.496,-0.711,0,1,1,0,9.922,-2.221,0,1,1,0,13.429,0.0,0,32.01,0,0,0,1,0,1,1,0,0,1,0,12192.0,2,1,1,1,0,0,1,3,8.8,269.6,0,0,0,0,0,1
351400,87.425,-0.711,0,1,1,0,9.706,-2.164,0,1,1,0,13.429,0.0,0,32.03,0,0,0,1,0,1,1,0,0,1,0,12192.0,2,1,1,1,0,0,1,3,8.1,269.6,0,0,0,0,0,1
351500,87.354,-0.711,0,1,1,0,9.495,-2.108,0,1,1,0,13.429,0.0,0,32.22,0,0,0,1,0,1,1,0,0,1,0,12192.0,2,1,1,1,0,0,1,3,8.2,263.7,0,0,0,0,0,1
351600,87.283,-0.711,0,1,1,0,9.29,-2.051,0,1,1,0,13.429,0.0,0,32.17,0,0,0,1,0,1,1,0,0,1,0,12192.0,2,1,1,1,0,0,1,3,7.9,274.0,0,0,0,0,0,1
351700,87.212,-0.711,0,1,1,0,9.091,-1.994,0,1,1,0,13.429,0.0,0,31.85,0,0,0,1,0,1,1,0,0,1,0,12192.0,2,1,1,1,0,0,1,3,8.4,265.1,0,0,0,0,0,1
351800,87.141,-0.711,0,1,1,0,8.897,-1.938,0,1,1,0,13.429,0.0,0,32.01,0,0,0,1,0,1,1,0,0,1,0,12192.0,2,1,1,1,0,0,1,3,9.1,266.8,0,0,0,0,0,1
351900,87.07,-0.711,0,1,1,0,8.709,-1.881,0,1,1,0,13.429,0.0,0,32.14,0,0,0,1,0,1,1,0,0,1,0,12192.0,2,1,1,1,0,0,1,3,9.2,273.1,0,0,0,0,0,1
352000,86.999,-0.711,0,1,1,0,8.526,-1.824,0,1,1,0,13.429,0.0,0,31.9,0,0,0,1,0,1,1,0,0,1,0,12192.0,2,1,1,1,0,0,1,3,8.4,268.5,0,0,0,0,0,1
352100,86.928,-0.711,0,1,1,0,8.35,-1.768,0,1,1,0,13.429,0.0,0,32.03,0,0,0,1,0,1,1,0,0,1,0,12192.0,2,1,1,1,0,0,1,3,9.2,271.0,0,0,0,0,0,1
352200,86.857,-0.711,0,1,1,0,8.178,-1.711,0,1,1,0,13.429,0.0,0,31.98,0,0,0,1,0,1,1,0,0,1,0,12192.0,2,1,1,1,0,0,1,3,8.7,272.5,0,0,0,0,0,1
352300,86.786,-0.711,0,1,1,0,8.013,-1.654,0,1,1,0,13.429,0.0,0,31.99,0,0,0,1,0,1,1,0,0,1,0,12192.0,2,1,1,1,0,0,1,3,8.0,271.2,0,0,0,0,0,1
352400,86.715,-0.711,0,1,1,0,7.853,-1.597,0,1,1,0,13.429,0.0,0,31.93,0,0,0,1,0,1,1,0,0,1,0,12192.0,2,1,1,1,0,0,1,3,8.4,270.3,0,0,0,0,0,1
352500,86.643,-0.711,0,1,1,0,7.699,-1.541,0,1,1,0,13.429,0.0,0,32.04,0,0,0,1,0,1,1,0,0,1,0,12192.0,2,1,1,1,0,0,1,3,9.1,268.8,0,0,0,0,0,1
352600,86.572,-0.711,0,1,1,0,7.551,-1.484,0,1,1,0,13.429,0.0,0,32.18,0,0,0,1,0,1,1,0,0,1,0,12192.0,2,1,1,1,0,0,1,3,8.6,274.0,0,0,0,0,0,1
352700,86.501,-0.711,0,1,1,0,7.408,-1.427,0,1,1,0,13.429,0.0,0,32.07,0,0,0,1,0,1,1,0,0,1,0,12192.0,2,1,1,1,0,0,1,3,8.5,271.4,0,0,0,0,0,1
352800,86.43,-0.711,0,1,1,0,7.271,-1.37,0,1,1,0,13.429,0.0,0,31.97,0,0,0,1,0,1,1,0,0,1,0,12192.0,2,1,1,1,0,0,1,3,8.3,269.2,0,0,0,0,0,1
352900,86.359,-0.711,0,1,1,0,7.14,-1.313,0,1,1,0,13.429,0.0,0,32.3,0,0,0,1,0,1,1,0,0,1,0,12192.0,2,1,1,1,0,0,1,3,8.5,274.4,0,0,0,0,0,1
353000,86.288,-0.711,0,1,1,0,7.014,-1.256,0,1,1,0,13.429,0.0,0,32.04,0,0,0,1,0,1,1,0,0,1,0,12192.0,2,1,1,1,0,0,1,3,8.5,278.8,0,0,0,0,0,1
353100,86.217,-0.711,0,1,1,0,6.894,-1.199,0,1,1,0,13.429,0.0,0,31.84,0,0,0,1,0,1,1,0,0,1,0,12192.0,2,1,1,1,0,0,1,3,7.9,274.7,0,0,0,0,0,1
353200,86.146,-0.711,0,1,1,0,6.78,-1.142,0,1,1,0,13.429,0.0,0,31.96,0,0,0,1,0,1,1,0,0,1,0,12192.0,2,1,1,1,0,0,1,3,8.4,273.5,0,0,0,0,0,1
353300,86.075,-0.711,0,1,1,0,6.672,-1.084,0,1,1,0,13.429,0.0,0,31.95,0,0,0,1,0,1,1,0,0,1,0,12192.0,2,1,1,1,0,0,1,3,8.8,270.6,0,0,0,0,0,1
353400,86.004,-0.711,0,1,1,0,6.569,-1.027,0,1,1,0,13.429,0.0,0,32.02,0,0,0,1,0,1,1,0,0,1,0,12192.0,2,1,1,1,0,0,1,3,8.1,275.2,0,0,0,0,0,1
353500,85.933,-0.711,0,1,1,0,6.472,-0.97,0,1,1,0,13.429,0.0,0,32.12,0,0,0,1,0,1,1,0,0,1,0,12192.0,2,1,1,1,0,0,1,3,8.5,267.5,0,0,0,0,0,1
353600,85.862,-0.711,0,1,1,0,6.381,-0.912,0,1,1,0,13.429,0.0,0,32.05,0,0,0,1,0,1,1,0,0,1,0,12192.0,2,1,1,1,0,0,1,3,8.9,270.4,0,0,0,0,0,1
353700,85.791,-0.711,0,1,1,0,6.296,-0.854,0,1,1,0,13.429,0.0,0,32.12,0,0,0,1,0,1,1,0,0,1,0,12192.0,2,1,1,1,0,0,1,3,9.0,272.4,0,0,0,0,0,1
353800,85.719,-0.711,0,1,1,0,6.216,-0.797,0,1,1,0,13.429,0.0,0,32.08,0,0,0,1,0,1,1,0,0,1,0,12192.0,2,1,1,1,0,0,1,3,8.1,272.1,0,0,0,0,0,1
353900,85.648,-0.711,0,1,1,0,6.142,-0.739,0,1,1,0,13.429,0.0,0,32.15,0,0,0,1,0,1,1,0,0,1,0,12192.0,2,1,1,1,0,0,1,3,8.4,270.3,0,0,0,0,0,1
354000,85.577,-0.711,0,1,1,0,6.074,-0.681,0,1,1,0,13.429,0.0,0,32.16,0,0,0,1,0,1,1,0,0,1,0,12192.0,2,1,1,1,0,0,1,3,8.1,269.2,0,0,0,0,0,1
354100,85.506,-0.711,0,1,1,0,6.012,-0.622,0,1,1,0,13.429,0.0,0,31.85,0,0,0,1,0,1,1,0,0,1,0,12192.0,2,1,1,1,0,0,1,3,7.9,272.5,0,0,0,0,0,1
354200,85.435,-0.711,0,1,1,0,5.955,-0.564,0,1,1,0,13.429,0.0,0,32.14,0,0,0,1,0,1,1,0,0,1,0,12192.0,2,1,1,1,0,0,1,3,8.0,269.9,0,0,0,0,0,1
354300,85.364,-0.711,0,1,1,0,5.905,-0.505,0,1,1,0,13.429,0.0,0,32.04,0,0,0,1,0,1,1,0,0,1,0,12192.0,2,1,1,1,0,0,1,3,7.9,268.3,0,0,0,0,0,1
354400,85.293,-0.711,0,1,1,0,5.86,-0.445,0,1,1,0,13.429,0.0,0,32.14,0,0,0,1,0,1,1,0,0,1,0,12192.0,2,1,1,1,0,0,1,3,8.0,270.0,0,0,0,0,0,1
354500,85.222,-0.711,0,1,1,0,5.822,-0.386,0,1,1,0,13.429,0.0,0,31.91,0,0,0,1,0,1,1,0,0,1,0,12192.0,2,1,1,1,0,0,1,3,8.1,270.3,0,0,0,0,0,1
354600,85.151,-0.711,0,1,1,0,5.789,-0.325,0,1,1,0,13.429,0.0,0,31.98,0,0,0,1,0,1,1,0,0,1,0,12192.0,2,1,1,1,0,0,1,3,7.3,272.0,0,0,0,0,0,1
354700,85.08,-0.711,0,1,1,0,5.763,-0.263,0,1,1,0,13.429,0.0,0,31.86,0,0,0,1,0,1,1,0,0,1,0,12192.0,2,1,1,1,0,0,1,3,8.2,267.1,0,0,0,0,0,1
354800,85.009,-0.711,0,1,1,0,5.743,-0.2,0,1,1,0,13.429,0.0,0,32.06,0,0,0,1,0,1,1,0,0,1,0,12192.0,2,1,1,1,0,0,1,3,7.6,272.3,0,0,0,0,0,1
354900,84.938,-0.711,0,1,1,0,5.73,-0.133,0,1,1,0,13.429,0.0,0,31.88,0,0,0,1,0,1,1,0,0,1,0,12192.0,2,1,1,1,0,0,1,3,8.4,269.7,0,0,0,0,0,1
355000,84.867,-0.711,0,1,1,0,5.724,0.0,0,0,1,0,13.429,0.0,0,31.9,0,0,0,1,0,1,1,0,0,1,0,12192.0,2,1,1,1,0,0,1,3,7.5,268.9,0,0,0,0,0,1
355100,84.795,-0.711,0,1,1,0,5.724,0.0,0,0,1,0,13.429,0.0,0,32.03,0,0,0,1,0,1,1,0,0,1,0,12192.0,2,1,1,1,0,0,1,3,8.6,272.1,0,0,0,0,0,1
355200,84.724,-0.711,0,1,1,0,5.724,0.0,0,0,1,0,13.429,0.0,0,32.09,0,0,0,1,0,1,1,0,0,1,0,12192.0,2,1,1,1,0,0,1,3,8.0,268.3,0,0,0,0,0,1
355300,84.653,-0.711,0,1,1,0,5.724,0.0,0,0,1,0,13.429,0.0,0,32.1,0,0,0,1,0,1,1,0,0,1,0,12192.0,2,1,1,1,0,0,1,3,7.5,267.4,0,0,0,0,0,1
355400,84.582,-0.711,0,1,1,0,5.724,0.0,0,0,1,0,13.429,0.0,0,32.08,0,0,0,1,0,1,1,0,0,1,0,12192.0,2,1,1,1,0,0,1,3,8.0,270.1,0,0,0,0,0,1
355500,84.511,-0.711,0,1,1,0,5.724,0.0,0,0,1,0,13.429,0.0,0,31.94,0,0,0,1,0,1,1,0,0,1,0,12192.0,2,1,1,1,0,0,1,3,7.5,269.7,0,0,0,0,0,1
355600,84.44,-0.711,0,1,1,0,5.724,0.0,0,0,1,0,13.429,0.0,0,32.06,0,0,0,1,0,1,1,0,0,1,0,12192.0,2,1,1,1,0,0,1,3,7.7,268.3,0,0,0,0,0,1
355700,84.369,-0.711,0,1,1,0,5.724,0.0,0,0,1,0,13.429,0.0,0,32.2,0,0,0,1,0,1,1,0,0,1,0,12192.0,2,1,1,1,0,0,1,3,7.7,269.9,0,0,0,0,0,1
355800,84.298,-0.711,0,1,1,0,5.724,0.0,0,0,1,0,13.429,0.0,0,31.82,0,0,0,1,0,1,1,0,0,1,0,12192.0,2,1,1,1,0,0,1,3,7.4,272.4,0,0,0,0,0,1
355900,84.227,-0.711,0,1,1,0,5.724,0.0,0,0,1,0,13.429,0.0,0,32.16,0,0,0,1,0,1,1,0,0,1,0,12192.0,2,1,1,1,0,0,1,3,7.7,268.0,0,0,0,0,0,1
356000,84.156,-0.711,0,1,1,0,5.724,0.0,0,0,1,0,13.429,0.0,0,31.99,0,0,0,1,0,1,1,0,0,1,0,12192.0,2,1,1,1,0,0,1,3,7.9,267.3,0,0,0,0,0,1
356100,84.085,-0.711,0,1,1,0,5.724,0.0,0,0,1,0,13.429,0.0,0,32.08,0,0,0,1,0,1,1,0,0,1,0,12192.0,2,1,1,1,0,0,1,3,7.2,269.7,0,0,0,0,0,1
356200,84.014,-0.711,0,1,1,0,5.724,0.0,0,0,1,0,13.429,0.0,0,31.75,0,0,0,1,0,1,1,0,0,1,0,12192.0,2,1,1,1,0,0,1,3,8.1,269.1,0,0,0,0,0,1
356300,83.942,-0.711,0,1,1,0,5.724,0.0,0,0,1,0,13.429,0.0,0,31.89,0,0,0,1,0,1,1,0,0,1,0,12192.0,2,1,1,1,0,0,1,3,7.6,268.7,0,0,0,0,0,1
356400,83.871,-0.711,0,1,1,0,5.724,0.0,0,0,1,0,13.429,0.0,0,31.84,0,0,0,1,0,1,1,0,0,1,0,12192.0,2,1,1,1,0,0,1,3,6.9,270.8,0,0,0,0,0,1
356500,83.8,-0.711,0,1,1,0,5.724,0.0,0,0,1,0,13.429,0.0,0,32.22,0,0,0,1,0,1,1,0,0,1,0,12192.0,2,1,1,1,0,0,1,3,7.2,270.9,0,0,0,0,0,1
356600,83.729,-0.711,0,1,1,0,5.724,0.0,0,0,1,0,13.429,0.0,0,32.01,0,0,0,1,0,1,1,0,0,1,0,12192.0,2,1,1,1,0,0,1,3,7.5,269.7,0,0,0,0,0,1
356700,83.658,-0.711,0,1,1,0,5.724,0.0,0,0,1,0,13.429,0.0,0,31.89,0,0,0,1,0,1,1,0,0,1,0,12192.0,2,1,1,1,0,0,1,3,7.7,273.3,0,0,0,0,0,1
356800,83.587,-0.711,0,1,1,0,5.724,0.0,0,0,1,0,13.429,0.0,0,32.17,0,0,0,1,0,1,1,0,0,1,0,12192.0,2,1,1,1,0,0,1,3,8.0,266.1,0,0,0,0,0,1
356900,83.516,-0.711,0,1,1,0,5.724,0.0,0,0,1,0,13.429,0.0,0,31.89,0,0,0,1,0,1,1,0,0,1,0,12192.0,2,1,1,1,0,0,1,3,6.9,273.2,0,0,0,0,0,1
357000,83.445,-0.711,0,1,1,0,5.724,0.0,0,0,1,0,13.429,0.0,0,32.08,0,0,0,1,0,1,1,0,0,1,0,12192.0,2,1,1,1,0,0,1,3,8.2,274.3,0,0,0,0,0,1
357100,83.374,-0.711,0,1,1,0,5.724,0.0,0,0,1,0,13.429,0.0,0,32.08,0,0,0,1,0,1,1,0,0,1,0,12192.0,2,1,1,1,0,0,1,3,7.6,272.6,0,0,0,0,0,1
357200,83.303,-0.711,0,1,1,0,5.724,0.0,0,0,1,0,13.429,0.0,0,31.87,0,0,0,1,0,1,1,0,0,1,0,12192.0,2,1,1,1,0,0,1,3,7.9,275.5,0,0,0,0,0,1
357300,83.232,-0.711,0,1,1,0,5.724,0.0,0,0,1,0,13.429,0.0,0,32.08,0,0,0,1,0,1,1,0,0,1,0,12192.0,2,1,1,1,0,0,1,3,7.9,272.0,0,0,0,0,0,1
357400,83.161,-0.711,0,1,1,0,5.724,0.0,0,0,1,0,13.429,0.0,0,32.02,0,0,0,1,0,1,1,0,0,1,0,12192.0,2,1,1,1,0,0,1,3,7.3,271.2,0,0,0,0,0,1
357500,83.09,-0.711,0,1,1,0,5.724,0.0,0,0,1,0,13.429,0.0,0,31.98,0,0,0,1,0,1,1,0,0,1,0,12192.0,2,1,1,1,0,0,1,3,7.4,272.2,0,0,0,0,0,1
357600,83.018,-0.711,0,1,1,0,5.724,0.0,0,0,1,0,13.429,0.0,0,31.82,0,0,0,1,0,1,1,0,0,1,0,12192.0,2,1,1,1,0,0,1,3,8.4,269.6,0,0,0,0,0,1
357700,82.947,-0.711,0,1,1,0,5.724,0.0,0,0,1,0,13.429,0.0,0,31.9,0,0,0,1,0,1,1,0,0,1,0,12192.0,2,1,1,1,0,0,1,3,7.5,268.8,0,0,0,0,0,1
357800,82.876,-0.711,0,1,1,0,5.724,0.0,0,0,1,0,13.429,0.0,0,31.99,0,0,0,1,0,1,1,0,0,1,0,12192.0,2,1,1,1,0,0,1,3,7.6,273.1,0,0,0,0,0,1
357900,82.805,-0.711,0,1,1,0,5.724,0.0,0,0,1,0,13.429,0.0,0,31.75,0,0,0,1,0,1,1,0,0,1,0,12192.0,2,1,1,1,0,0,1,3,7.5,268.7,0,0,0,0,0,1
358000,82.734,-0.711,0,1,1,0,5.724,0.0,0,0,1,0,13.429,0.0,0,32.06,0,0,0,1,0,1,1,0,0,1,0,12192.0,2,1,1,1,0,0,1,3,7.4,268.9,0,0,0,0,0,1
358100,82.663,-0.711,0,1,1,0,5.724,0.0,0,0,1,0,13.429,0.0,0,31.91,0,0,0,1,0,1,1,0,0,1,0,12192.0,2,1,1,1,0,0,1,3,7.7,265.8,0,0,0,0,0,1
358200,82.592,-0.711,0,1,1,0,5.724,0.0,0,0,1,0,13.429,0.0,0,31.88,0,0,0,1,0,1,1,0,0,1,0,12192.0,2,1,1,1,0,0,1,3,7.8,272.7,0,0,0,0,0,1
358300,82.521,-0.711,0,1,1,0,5.724,0.0,0,0,1,0,13.429,0.0,0,32.04,0,0,0,1,0,1,1,0,0,1,0,12192.0,2,1,1,1,0,0,1,3,7.3,269.3,0,0,0,0,0,1
358400,82.45,-0.711,0,1,1,0,5.724,0.0,0,0,1,0,13.429,0.0,0,31.78,0,0,0,1,0,1,1,0,0,1,0,12192.0,2,1,1,1,0,0,1,3,7.6,270.1,0,0,0,0,0,1
358500,82.379,-0.711,0,1,1,0,5.724,0.0,0,0,1,0,13.429,0.0,0,32.04,0,0,0,1,0,1,1,0,0,1,0,12192.0,2,1,1,1,0,0,1,3,8.3,271.7,0,0,0,0,0,1
358600,82.308,-0.711,0,1,1,0,5.724,0.0,0,0,1,0,13.429,0.0,0,32.11,0,0,0,1,0,1,1,0,0,1,0,12192.0,2,1,1,1,0,0,1,3,7.1,268.4,0,0,0,0,0,1
358700,82.237,-0.711,0,1,1,0,5.724,0.0,0,0,1,0,13.429,0.0,0,31.83,0,0,0,1,0,1,1,0,0,1,0,12192.0,2,1,1,1,0,0,1,3,7.5,267.6,0,0,0,0,0,1
358800,82.166,-0.711,0,1,1,0,5.724,0.0,0,0,1,0,13.429,0.0,0,32.17,0,0,0,1,0,1,1,0,0,1,0,12192.0,2,1,1,1,0,0,1,3,8.0,273.3,0,0,0,0,0,1
358900,82.094,-0.711,0,1,1,0,5.724,0.0,0,0,1,0,13.429,0.0,0,32.0,0,0,0,1,0,1,1,0,0,1,0,12192.0,2,1,1,1,0,0,1,3,8.4,269.1,0,0,0,0,0,1
359000,82.023,-0.711,0,1,1,0,5.724,0.0,0,0,1,0,13.429,0.0,0,31.98,0,0,0,1,0,1,1,0,0,1,0,12192.0,2,1,1,1,0,0,1,3,8.2,272.8,0,0,0,0,0,1
359100,81.952,-0.711,0,1,1,0,5.724,0.0,0,0,1,0,13.429,0.0,0,32.04,0,0,0,1,0,1,1,0,0,1,0,12192.0,2,1,1,1,0,0,1,3,7.6,270.5,0,0,0,0,0,1
359200,81.881,-0.711,0,1,1,0,5.724,0.0,0,0,1,0,13.429,0.0,0,32.06,0,0,0,1,0,1,1,0,0,1,0,12192.0,2,1,1,1,0,0,1,3,8.7,269.4,0,0,0,0,0,1
359300,81.81,-0.711,0,1,1,0,5.724,0.0,0,0,1,0,13.429,0.0,0,31.96,0,0,0,1,0,1,1,0,0,1,0,12192.0,2,1,1,1,0,0,1,3,7.7,269.1,0,0,0,0,0,1
359400,81.739,-0.711,0,1,1,0,5.724,0.0,0,0,1,0,13.429,0.0,0,31.87,0,0,0,1,0,1,1,0,0,1,0,12192.0,2,1,1,1,0,0,1,3,8.5,272.4,0,0,0,0,0,1
359500,81.668,-0.711,0,1,1,0,5.724,0.0,0,0,1,0,13.429,0.0,0,31.81,0,0,0,1,0,1,1,0,0,1,0,12192.0,2,1,1,1,0,0,1,3,7.7,271.5,0,0,0,0,0,1
359600,81.597,-0.711,0,1,1,0,5.724,0.0,0,0,1,0,13.429,0.0,0,31.96,0,0,0,1,0,1,1,0,0,1,0,12192.0,2,1,1,1,0,0,1,3,9.0,268.5,0,0,0,0,0,1
359700,81.526,-0.711,0,1,1,0,5.724,0.0,0,0,1,0,13.429,0.0,0,31.78,0,0,0,1,0,1,1,0,0,1,0,12192.0,2,1,1,1,0,0,1,3,8.0,273.8,0,0,0,0,0,1
359800,81.455,-0.711,0,1,1,0,5.724,0.0,0,0,1,0,13.429,0.0,0,32.05,0,0,0,1,0,1,1,0,0,1,0,12192.0,2,1,1,1,0,0,1,3,8.4,270.4,0,0,0,0,0,1
359900,81.384,-0.711,0,1,1,0,5.724,0.0,0,0,1,0,13.429,0.0,0,32.03,0,0,0,1,0,1,1,0,0,1,0,12192.0,2,1,1,1,0,0,1,3,7.7,266.5,0,0,0,0,0,1
360000,81.313,-0.711,0,1,1,0,5.724,0.0,0,0,1,0,13.429,0.0,0,31.95,0,0,0,1,0,1,1,0,0,1,0,12192.0,2,1,1,1,0,0,1,3,8.3,267.5,0,0,0,0,0,1
360100,81.241,-0.711,0,1,1,0,5.724,0.0,0,0,1,0,13.429,0.0,0,31.88,0,0,0,1,0,1,1,0,0,1,0,12192.0,2,1,1,1,0,0,1,3,9.4,272.6,0,0,0,0,0,1
360200,81.17,-0.711,0,1,1,0,5.724,0.0,0,0,1,0,13.429,0.0,0,31.98,0,0,0,1,0,1,1,0,0,1,0,12192.0,2,1,1,1,0,0,1,3,8.8,269.2,0,0,0,0,0,1
360300,81.099,-0.711,0,1,1,0,5.724,0.0,0,0,1,0,13.429,0.0,0,31.7,0,0,0,1,0,1,1,0,0,1,0,12192.0,2,1,1,1,0,0,1,3,8.4,270.4,0,0,0,0,0,1
360400,81.028,-0.711,0,1,1,0,5.724,0.0,0,0,1,0,13.429,0.0,0,32.15,0,0,0,1,0,1,1,0,0,1,0,12192.0,2,1,1,1,0,0,1,3,8.7,275.1,0,0,0,0,0,1
360500,80.957,-0.711,0,1,1,0,5.724,0.0,0,0,1,0,13.429,0.0,0,31.95,0,0,0,1,0,1,1,0,0,1,0,12192.0,2,1,1,1,0,0,1,3,9.3,272.8,0,0,0,0,0,1
360600,80.886,-0.711,0,1,1,0,5.724,0.0,0,0,1,0,13.429,0.0,0,31.99,0,0,0,1,0,1,1,0,0,1,0,12192.0,2,1,1,1,0,0,1,3,9.2,266.3,0,0,0,0,0,1
360700,80.815,-0.711,0,1,1,0,5.724,0.0,0,0,1,0,13.429,0.0,0,31.99,0,0,0,1,0,1,1,0,0,1,0,12192.0,2,1,1,1,0,0,1,3,8.2,268.8,0,0,0,0,0,1
360800,80.744,-0.711,0,1,1,0,5.724,0.0,0,0,1,0,13.429,0.0,0,32.1,0,0,0,1,0,1,1,0,0,1,0,12192.0,2,1,1,1,0,0,1,3,8.6,271.9,0,0,0,0,0,1
360900,80.673,-0.711,0,1,1,0,5.724,0.0,0,0,1,0,13.429,0.0,0,32.04,0,0,0,1,0,1,1,0,0,1,0,12192.0,2,1,1,1,0,0,1,3,8.6,270.2,0,0,0,0,0,1
361000,80.602,-0.711,0,1,1,0,5.724,0.0,0,0,1,0,13.429,0.0,0,31.93,0,0,0,1,0,1,1,0,0,1,0,12192.0,2,1,1,1,0,0,1,3,7.8,269.0,0,0,0,0,0,1
361100,80.531,-0.711,0,1,1,0,5.724,0.0,0,0,1,0,13.429,0.0,0,31.98,0,0,0,1,0,1,1,0,0,1,0,12192.0,2,1,1,1,0,0,1,3,8.8,267.8,0,0,0,0,0,1
361200,80.46,-0.711,0,1,1,0,5.724,0.0,0,0,1,0,13.429,0.0,0,31.89,0,0,0,1,0,1,1,0,0,1,0,12192.0,2,1,1,1,0,0,1,3,8.6,268.7,0,0,0,0,0,1
361300,80.389,-0.711,0,1,1,0,5.724,0.0,0,0,1,0,13.429,0.0,0,32.03,0,0,0,1,0,1,1,0,0,1,0,12192.0,2,1,1,1,0,0,1,3,9.4,271.8,0,0,0,0,0,1
361400,80.317,-0.711,0,1,1,0,5.724,0.0,0,0,1,0,13.429,0.0,0,31.94,0,0,0,1,0,1,1,0,0,1,0,12192.0,2,1,1,1,0,0,1,3,8.5,269.9,0,0,0,0,0,1
361500,80.246,-0.711,0,1,1,0,5.724,0.0,0,0,1,0,13.429,0.0,0,32.01,0,0,0,1,0,1,1,0,0,1,0,12192.0,2,1,1,1,0,0,1,3,9.0,269.2,0,0,0,0,0,1
361600,80.175,-0.711,0,1,1,0,5.724,0.0,0,0,1,0,13.429,0.0,0,31.96,0,0,0,1,0,1,1,0,0,1,0,12192.0,2,1,1,1,0,0,1,3,8.7,268.6,0,0,0,0,0,1
361700,80.104,-0.711,0,1,1,0,5.724,0.0,0,0,1,0,13.429,0.0,0,31.92,0,0,0,1,0,1,1,0,0,1,0,12192.0,2,1,1,1,0,0,1,3,8.1,267.6,0,0,0,0,0,1
361800,80.033,-0.711,0,1,1,0,5.724,0.0,0,0,1,0,13.429,0.0,0,32.03,0,0,0,1,0,1,1,0,0,1,0,12192.0,2,1,1,1,0,0,1,3,8.4,269.6,0,0,0,0,0,1
361900,79.962,-0.711,0,1,1,0,5.724,0.0,0,0,1,0,13.429,0.0,0,32.15,0,0,0,1,0,1,1,0,0,1,0,12192.0,2,1,1,1,0,0,1,3,8.0,271.2,0,0,0,0,0,1
362000,79.891,-0.711,0,1,1,0,5.724,0.0,0,0,1,0,13.429,0.0,0,32.07,0,0,0,1,0,1,1,0,0,1,0,12192.0,2,1,1,1,0,0,1,3,8.4,268.4,0,0,0,0,0,1
362100,79.82,-0.711,0,1,1,0,5.724,0.0,0,0,1,0,13.429,0.0,0,31.98,0,0,0,1,0,1,1,0,0,1,0,12192.0,2,1,1,1,0,0,1,3,8.4,274.2,0,0,0,0,0,1
362200,79.749,-0.711,0,1,1,0,5.724,0.0,0,0,1,0,13.429,0.0,0,32.04,0,0,0,1,0,1,1,0,0,1,0,12192.0,2,1,1,1,0,0,1,3,8.9,270.4,0,0,0,0,0,1
362300,79.678,-0.711,0,1,1,0,5.724,0.0,0,0,1,0,13.429,0.0,0,31.93,0,0,0,1,0,1,1,0,0,1,0,12192.0,2,1,1,1,0,0,1,3,8.0,269.8,0,0,0,0,0,1
362400,79.607,-0.711,0,1,1,0,5.724,0.0,0,0,1,0,13.429,0.0,0,31.84,0,0,0,1,0,1,1,0,0,1,0,12192.0,2,1,1,1,0,0,1,3,8.9,270.5,0,0,0,0,0,1
362500,79.536,-0.711,0,1,1,0,5.724,0.0,0,0,1,0,13.429,0.0,0,31.86,0,0,0,1,0,1,1,0,0,1,0,12192.0,2,1,1,1,0,0,1,3,8.2,268.5,0,0,0,0,0,1
362600,79.465,-0.711,0,1,1,0,5.724,0.0,0,0,1,0,13.429,0.0,0,31.94,0,0,0,1,0,1,1,0,0,1,0,12192.0,2,1,1,1,0,0,1,3,9.2,266.7,0,0,0,0,0,1
362700,79.393,-0.711,0,1,1,0,5.724,0.0,0,0,1,0,13.429,0.0,0,32.19,0,0,0,1,0,1,1,0,0,1,0,12192.0,2,1,1,1,0,0,1,3,9.0,267.0,0,0,0,0,0,1
362800,79.322,-0.711,0,1,1,0,5.724,0.0,0,0,1,0,13.429,0.0,0,32.03,0,0,0,1,0,1,1,0,0,1,0,12192.0,2,1,1,1,0,0,1,3,7.7,273.5,0,0,0,0,0,1
362900,79.251,-0.711,0,1,1,0,5.724,0.0,0,0,1,0,13.429,0.0,0,32.06,0,0,0,1,0,1,1,0,0,1,0,12192.0,2,1,1,1,0,0,1,3,8.9,265.6,0,0,0,0,0,1
363000,79.18,-0.711,0,1,1,0,5.724,0.0,0,0,1,0,13.429,0.0,0,31.98,0,0,0,1,0,1,1,0,0,1,0,12192.0,2,1,1,1,0,0,1,3,8.7,269.6,0,0,0,0,0,1
363100,79.109,-0.711,0,1,1,0,5.724,0.0,0,0,1,0,13.429,0.0,0,31.89,0,0,0,1,0,1,1,0,0,1,0,12192.0,2,1,1,1,0,0,1,3,8.3,273.2,0,0,0,0,0,1
363200,79.038,-0.711,0,1,1,0,5.724,0.0,0,0,1,0,13.429,0.0,0,32.11,0,0,0,1,0,1,1,0,0,1,0,12192.0,2,1,1,1,0,0,1,3,8.7,267.4,0,0,0,0,0,1
363300,78.967,-0.711,0,1,1,0,5.724,0.0,0,0,1,0,13.429,0.0,0,31.84,0,0,0,1,0,1,1,0,0,1,0,12192.0,2,1,1,1,0,0,1,3,7.9,271.3,0,0,0,0,0,1
363400,78.896,-0.711,0,1,1,0,5.724,0.0,0,0,1,0,13.429,0.0,0,31.91,0,0,0,1,0,1,1,0,0,1,0,12192.0,2,1,1,1,0,0,1,3,8.0,267.9,0,0,0,0,0,1
363500,78.825,-0.711,0,1,1,0,5.724,0.0,0,0,1,0,13.429,0.0,0,31.95,0,0,0,1,0,1,1,0,0,1,0,12192.0,2,1,1,1,0,0,1,3,8.3,268.9,0,0,0,0,0,1
363600,78.754,-0.711,0,1,1,0,5.724,0.0,0,0,1,0,13.429,0.0,0,31.84,0,0,0,1,0,1,1,0,0,1,0,12192.0,2,1,1,1,0,0,1,3,7.1,269.4,0,0,0,0,0,1
363700,78.683,-0.711,0,1,1,0,5.724,0.0,0,0,1,0,13.429,0.0,0,32.01,0,0,0,1,0,1,1,0,0,1,0,12192.0,2,1,1,1,0,0,1,3,7.0,268.0,0,0,0,0,0,1
363800,78.612,-0.711,0,1,1,0,5.724,0.0,0,0,1,0,13.429,0.0,0,31.86,0,0,0,1,0,1,1,0,0,1,0,12192.0,2,1,1,1,0,0,1,3,7.2,269.2,0,0,0,0,0,1
363900,78.54,-0.711,0,1,1,0,5.724,0.0,0,0,1,0,13.429,0.0,0,32.13,0,0,0,1,0,1,1,0,0,1,0,12192.0,2,1,1,1,0,0,1,3,7.9,268.1,0,0,0,0,0,1
364000,78.469,-0.711,0,1,1,0,5.724,0.0,0,0,1,0,13.429,0.0,0,31.62,0,0,0,1,0,1,1,0,0,1,0,12192.0,2,1,1,1,0,0,1,3,7.9,272.5,0,0,0,0,0,1
364100,78.398,-0.711,0,1,1,0,5.724,0.0,0,0,1,0,13.429,0.0,0,31.88,0,0,0,1,0,1,1,0,0,1,0,12192.0,2,1,1,1,0,0,1,3,6.9,271.7,0,0,0,0,0,1
364200,78.327,-0.711,0,1,1,0,5.724,0.0,0,0,1,0,13.429,0.0,0,32.07,0,0,0,1,0,1,1,0,0,1,0,12192.0,2,1,1,1,0,0,1,3,7.5,271.8,0,0,0,0,0,1
364300,78.256,-0.711,0,1,1,0,5.724,0.0,0,0,1,0,13.429,0.0,0,31.95,0,0,0,1,0,1,1,0,0,1,0,12192.0,2,1,1,1,0,0,1,3,7.3,268.5,0,0,0,0,0,1
364400,78.185,-0.711,0,1,1,0,5.724,0.0,0,0,1,0,13.429,0.0,0,32.02,0,0,0,1,0,1,1,0,0,1,0,12192.0,2,1,1,1,0,0,1,3,8.3,271.1,0,0,0,0,0,1
364500,78.114,-0.711,0,1,1,0,5.724,0.0,0,0,1,0,13.429,0.0,0,31.93,0,0,0,1,0,1,1,0,0,1,0,12192.0,2,1,1,1,0,0,1,3,7.2,270.9,0,0,0,0,0,1
364600,78.043,-0.711,0,1,1,0,5.724,0.0,0,0,1,0,13.429,0.0,0,31.93,0,0,0,1,0,1,1,0,0,1,0,12192.0,2,1,1,1,0,0,1,3,7.4,271.0,0,0,0,0,0,1
364700,77.972,-0.711,0,1,1,0,5.724,0.0,0,0,1,0,13.429,0.0,0,32.0,0,0,0,1,0,1,1,0,0,1,0,12192.0,2,1,1,1,0,0,1,3,7.5,268.6,0,0,0,0,0,1
364800,77.901,-0.711,0,1,1,0,5.724,0.0,0,0,1,0,13.429,0.0,0,31.88,0,0,0,1,0,1,1,0,0,1,0,12192.0,2,1,1,1,0,0,1,3,7.8,271.7,0,0,0,0,0,1
364900,77.83,-0.711,0,1,1,0,5.724,0.0,0,0,1,0,13.429,0.0,0,31.94,0,0,0,1,0,1,1,0,0,1,0,12192.0,2,1,1,1,0,0,1,3,7.3,273.3,0,0,0,0,0,1
365000,77.759,-0.711,0,1,1,0,5.724,0.0,0,0,1,0,13.429,0.0,0,31.83,0,0,0,1,0,1,1,0,0,1,0,12192.0,2,1,1,1,0,0,1,3,7.2,267.4,0,0,0,0,0,1
365100,77.688,-0.711,0,1,1,0,5.724,0.0,0,0,1,0,13.429,0.0,0,31.86,0,0,0,1,0,1,1,0,0,1,0,12192.0,2,1,1,1,0,0,1,3,7.2,268.7,0,0,0,0,0,1
365200,77.616,-0.711,0,1,1,0,5.724,0.0,0,0,1,0,13.429,0.0,0,32.13,0,0,0,1,0,1,1,0,0,1,0,12192.0,2,1,1,1,0,0,1,3,8.0,267.5,0,0,0,0,0,1
365300,77.545,-0.711,0,1,1,0,5.724,0.0,0,0,1,0,13.429,0.0,0,31.81,0,0,0,1,0,1,1,0,0,1,0,12192.0,2,1,1,1,0,0,1,3,7.3,266.1,0,0,0,0,0,1
365400,77.474,-0.711,0,1,1,0,5.724,0.0,0,0,1,0,13.429,0.0,0,31.89,0,0,0,1,0,1,1,0,0,1,0,12192.0,2,1,1,1,0,0,1,3,7.0,269.9,0,0,0,0,0,1
365500,77.403,-0.711,0,1,1,0,5.724,0.0,0,0,1,0,13.429,0.0,0,31.82,0,0,0,1,0,1,1,0,0,1,0,12192.0,2,1,1,1,0,0,1,3,7.2,269.1,0,0,0,0,0,1
365600,77.332,-0.711,0,1,1,0,5.724,0.0,0,0,1,0,13.429,0.0,0,31.92,0,0,0,1,0,1,1,0,0,1,0,12192.0,2,1,1,1,0,0,1,3,7.5,272.9,0,0,0,0,0,1
365700,77.261,-0.711,0,1,1,0,5.724,0.0,0,0,1,0,13.429,0.0,0,31.79,0,0,0,1,0,1,1,0,0,1,0,12192.0,2,1,1,1,0,0,1,3,7.3,273.7,0,0,0,0,0,1
365800,77.19,-0.711,0,1,1,0,5.724,0.0,0,0,1,0,13.429,0.0,0,31.79,0,0,0,1,0,1,1,0,0,1,0,12192.0,2,1,1,1,0,0,1,3,6.9,270.3,0,0,0,0,0,1
365900,77.119,-0.711,0,1,1,0,5.724,0.0,0,0,1,0,13.429,0.0,0,31.9,0,0,0,1,0,1,1,0,0,1,0,12192.0,2,1,1,1,0,0,1,3,7.8,268.5,0,0,0,0,0,1
366000,77.048,-0.711,0,1,1,0,5.724,0.0,0,0,1,0,13.429,0.0,0,31.94,0,0,0,1,0,1,1,0,0,1,0,12192.0,2,1,1,1,0,0,1,3,7.3,269.3,0,0,0,0,0,1
366100,76.977,-0.711,0,1,1,0,5.724,0.0,0,0,1,0,13.429,0.0,0,31.92,0,0,0,1,0,1,1,0,0,1,0,12192.0,2,1,1,1,0,0,1,3,7.4,266.0,0,0,0,0,0,1
366200,76.906,-0.711,0,1,1,0,5.724,0.0,0,0,1,0,13.429,0.0,0,32.02,0,0,0,1,0,1,1,0,0,1,0,12192.0,2,1,1,1,0,0,1,3,7.8,269.5,0,0,0,0,0,1
366300,76.835,-0.711,0,1,1,0,5.724,0.0,0,0,1,0,13.429,0.0,0,32.09,0,0,0,1,0,1,1,0,0,1,0,12192.0,2,1,1,1,0,0,1,3,7.4,268.3,0,0,0,0,0,1
366400,76.764,-0.711,0,1,1,0,5.724,0.0,0,0,1,0,13.429,0.0,0,31.99,0,0,0,1,0,1,1,0,0,1,0,12192.0,2,1,1,1,0,0,1,3,7.7,274.1,0,0,0,0,0,1
366500,76.692,-0.711,0,1,1,0,5.724,0.0,0,0,1,0,13.429,0.0,0,32.04,0,0,0,1,0,1,1,0,0,1,0,12192.0,2,1,1,1,0,0,1,3,7.1,268.8,0,0,0,0,0,1
366600,76.621,-0.711,0,1,1,0,5.724,0.0,0,0,1,0,13.429,0.0,0,32.0,0,0,0,1,0,1,1,0,0,1,0,12192.0,2,1,1,1,0,0,1,3,6.2,267.8,0,0,0,0,0,1
366700,76.55,-0.711,0,1,1,0,5.724,0.0,0,0,1,0,13.429,0.0,0,32.02,0,0,0,1,0,1,1,0,0,1,0,12192.0,2,1,1,1,0,0,1,3,7.4,267.2,0,0,0,0,0,1
366800,76.479,-0.711,0,1,1,0,5.724,0.0,0,0,1,0,13.429,0.0,0,32.1,0,0,0,1,0,1,1,0,0,1,0,12192.0,2,1,1,1,0,0,1,3,7.5,266.8,0,0,0,0,0,1
366900,76.408,-0.711,0,1,1,0,5.724,0.0,0,0,1,0,13.429,0.0,0,32.11,0,0,0,1,0,1,1,0,0,1,0,12192.0,2,1,1,1,0,0,1,3,7.2,270.7,0,0,0,0,0,1
367000,76.337,-0.711,0,1,1,0,5.724,0.0,0,0,1,0,13.429,0.0,0,32.18,0,0,0,1,0,1,1,0,0,1,0,12192.0,2,1,1,1,0,0,1,3,7.4,271.9,0,0,0,0,0,1
367100,76.266,-0.711,0,1,1,0,5.724,0.0,0,0,1,0,13.429,0.0,0,31.93,0,0,0,1,0,1,1,0,0,1,0,12192.0,2,1,1,1,0,0,1,3,7.7,268.9,0,0,0,0,0,1
367200,76.195,-0.711,0,1,1,0,5.724,0.0,0,0,1,0,13.429,0.0,0,31.97,0,0,0,1,0,1,1,0,0,1,0,12192.0,2,1,1,1,0,0,1,3,7.1,267.6,0,0,0,0,0,1
367300,76.124,-0.711,0,1,1,0,5.724,0.0,0,0,1,0,13.429,0.0,0,31.95,0,0,0,1,0,1,1,0,0,1,0,12192.0,2,1,1,1,0,0,1,3,8.0,267.2,0,0,0,0,0,1
367400,76.053,-0.711,0,1,1,0,5.724,0.0,0,0,1,0,13.429,0.0,0,31.96,0,0,0,1,0,1,1,0,0,1,0,12192.0,2,1,1,1,0,0,1,3,8.4,268.3,0,0,0,0,0,1
367500,75.982,-0.711,0,1,1,0,5.724,0.0,0,0,1,0,13.429,0.0,0,32.16,0,0,0,1,0,1,1,0,0,1,0,12192.0,2,1,1,1,0,0,1,3,8.2,276.3,0,0,0,0,0,1
367600,75.911,-0.711,0,1,1,0,5.724,0.0,0,0,1,0,13.429,0.0,0,31.93,0,0,0,1,0,1,1,0,0,1,0,12192.0,2,1,1,1,0,0,1,3,8.9,273.3,0,0,0,0,0,1
367700,75.839,-0.711,0,1,1,0,5.724,0.0,0,0,1,0,13.429,0.0,0,31.9,0,0,0,1,0,1,1,0,0,1,0,12192.0,2,1,1,1,0,0,1,3,7.5,264.9,0,0,0,0,0,1
367800,75.768,-0.711,0,1,1,0,5.724,0.0,0,0,1,0,13.429,0.0,0,31.98,0,0,0,1,0,1,1,0,0,1,0,12192.0,2,1,1,1,0,0,1,3,8.1,268.3,0,0,0,0,0,1
367900,75.697,-0.711,0,1,1,0,5.724,0.0,0,0,1,0,13.429,0.0,0,32.02,0,0,0,1,0,1,1,0,0,1,0,12192.0,2,1,1,1,0,0,1,3,8.3,269.2,0,0,0,0,0,1
368000,75.626,-0.711,0,1,1,0,5.724,0.0,0,0,1,0,13.429,0.0,0,31.76,0,0,0,1,0,1,1,0,0,1,0,12192.0,2,1,1,1,0,0,1,3,8.9,266.0,0,0,0,0,0,1
368100,75.555,-0.711,0,1,1,0,5.724,0.0,0,0,1,0,13.429,0.0,0,32.19,0,0,0,1,0,1,1,0,0,1,0,12192.0,2,1,1,1,0,0,1,3,7.9,269.1,0,0,0,0,0,1
368200,75.484,-0.711,0,1,1,0,5.724,0.0,0,0,1,0,13.429,0.0,0,31.85,0,0,0,1,0,1,1,0,0,1,0,12192.0,2,1,1,1,0,0,1,3,8.4,269.5,0,0,0,0,0,1
368300,75.413,-0.711,0,1,1,0,5.724,0.0,0,0,1,0,13.429,0.0,0,31.93,0,0,0,1,0,1,1,0,0,1,0,12192.0,2,1,1,1,0,0,1,3,7.1,270.3,0,0,0,0,0,1
368400,75.342,-0.711,0,1,1,0,5.724,0.0,0,0,1,0,13.429,0.0,0,32.03,0,0,0,1,0,1,1,0,0,1,0,12192.0,2,1,1,1,0,0,1,3,7.8,265.3,0,0,0,0,0,1
368500,75.271,-0.711,0,1,1,0,5.724,0.0,0,0,1,0,13.429,0.0,0,31.86,0,0,0,1,0,1,1,0,0,1,0,12192.0,2,1,1,1,0,0,1,3,8.7,270.4,0,0,0,0,0,1
368600,75.2,-0.711,0,1,1,0,5.724,0.0,0,0,1,0,13.429,0.0,0,32.26,0,0,0,1,0,1,1,0,0,1,0,12192.0,2,1,1,1,0,0,1,3,8.2,270.5,0,0,0,0,0,1
368700,75.129,-0.711,0,1,1,0,5.724,0.0,0,0,1,0,13.429,0.0,0,32.05,0,0,0,1,0,1,1,0,0,1,0,12192.0,2,1,1,1,0,0,1,3,9.3,269.4,0,0,0,0,0,1
368800,75.058,-0.711,0,1,1,0,5.724,0.0,0,0,1,0,13.429,0.0,0,31.87,0,0,0,1,0,1,1,0,0,1,0,12192.0,2,1,1,1,0,0,1,3,7.4,266.5,0,0,0,0,0,1
368900,74.987,-0.711,0,1,1,0,5.724,0.0,0,0,1,0,13.429,0.0,0,31.97,0,0,0,1,0,1,1,0,0,1,0,12192.0,2,1,1,1,0,0,1,3,8.5,268.4,0,0,0,0,0,1
369000,74.915,-0.711,0,1,1,0,5.724,0.0,0,0,1,0,13.429,0.0,0,32.05,0,0,0,1,0,1,1,0,0,1,0,12192.0,2,1,1,1,0,0,1,3,8.8,270.3,0,0,0,0,0,1
369100,74.844,-0.711,0,1,1,0,5.724,0.0,0,0,1,0,13.429,0.0,0,32.16,0,0,0,1,0,1,1,0,0,1,0,12192.0,2,1,1,1,0,0,1,3,8.4,270.3,0,0,0,0,0,1
369200,74.773,-0.711,0,1,1,0,5.724,0.0,0,0,1,0,13.429,0.0,0,32.1,0,0,0,1,0,1,1,0,0,1,0,12192.0,2,1,1,1,0,0,1,3,8.7,270.4,0,0,0,0,0,1
369300,74.702,-0.711,0,1,1,0,5.724,0.0,0,0,1,0,13.429,0.0,0,32.15,0,0,0,1,0,1,1,0,0,1,0,12192.0,2,1,1,1,0,0,1,3,8.0,265.9,0,0,0,0,0,1
369400,74.631,-0.711,0,1,1,0,5.724,0.0,0,0,1,0,13.429,0.0,0,32.03,0,0,0,1,0,1,1,0,0,1,0,12192.0,2,1,1,1,0,0,1,3,8.9,269.3,0,0,0,0,0,1
369500,74.56,-0.711,0,1,1,0,5.724,0.0,0,0,1,0,13.429,0.0,0,31.82,0,0,0,1,0,1,1,0,0,1,0,12192.0,2,1,1,1,0,0,1,3,8.8,269.1,0,0,0,0,0,1
369600,74.489,-0.711,0,1,1,0,5.724,0.0,0,0,1,0,13.429,0.0,0,31.96,0,0,0,1,0,1,1,0,0,1,0,12192.0,2,1,1,1,0,0,1,3,7.6,269.2,0,0,0,0,0,1
369700,74.418,-0.711,0,1,1,0,5.724,0.0,0,0,1,0,13.429,0.0,0,32.16,0,0,0,1,0,1,1,0,0,1,0,12192.0,2,1,1,1,0,0,1,3,8.7,271.4,0,0,0,0,0,1
369800,74.347,-0.711,0,1,1,0,5.724,0.0,0,0,1,0,13.429,0.0,0,32.03,0,0,0,1,0,1,1,0,0,1,0,12192.0,2,1,1,1,0,0,1,3,9.0,269.1,0,0,0,0,0,1
369900,74.276,-0.711,0,1,1,0,5.724,0.0,0,0,1,0,13.429,0.0,0,32.09,0,0,0,1,0,1,1,0,0,1,0,12192.0,2,1,1,1,0,0,1,3,8.9,269.1,0,0,0,0,0,1
370000,74.205,-0.711,0,1,1,0,5.724,0.0,0,0,1,0,13.429,0.0,0,31.91,0,0,0,1,0,1,1,0,0,1,0,12192.0,2,1,1,1,0,0,1,3,8.8,268.3,0,0,0,0,0,1
370100,74.134,-0.711,0,1,1,0,5.724,0.0,0,0,1,0,13.429,0.0,0,31.89,0,0,0,1,0,1,1,0,0,1,0,12192.0,2,1,1,1,0,0,1,3,9.0,267.8,0,0,0,0,0,1
370200,74.063,-0.711,0,1,1,0,5.724,0.0,0,0,1,0,13.429,0.0,0,31.98,0,0,0,1,0,1,1,0,0,1,0,12192.0,2,1,1,1,0,0,1,3,8.1,274.2,0,0,0,0,0,1
370300,73.991,-0.711,0,1,1,0,5.724,0.0,0,0,1,0,13.429,0.0,0,31.85,0,0,0,1,0,1,1,0,0,1,0,12192.0,2,1,1,1,0,0,1,3,8.5,267.8,0,0,0,0,0,1
370400,73.92,-0.711,0,1,1,0,5.724,0.0,0,0,1,0,13.429,0.0,0,32.08,0,0,0,1,0,1,1,0,0,1,0,12192.0,2,1,1,1,0,0,1,3,8.5,269.7,0,0,0,0,0,1
370500,73.849,-0.711,0,1,1,0,5.724,0.0,0,0,1,0,13.429,0.0,0,31.95,0,0,0,1,0,1,1,0,0,1,0,12192.0,2,1,1,1,0,0,1,3,8.1,271.4,0,0,0,0,0,1
370600,73.778,-0.711,0,1,1,0,5.724,0.0,0,0,1,0,13.429,0.0,0,31.79,0,0,0,1,0,1,1,0,0,1,0,12192.0,2,1,1,1,0,0,1,3,8.0,264.6,0,0,0,0,0,1
370700,73.707,-0.711,0,1,1,0,5.724,0.0,0,0,1,0,13.429,0.0,0,32.18,0,0,0,1,0,1,1,0,0,1,0,12192.0,2,1,1,1,0,0,1,3,9.0,272.1,0,0,0,0,0,1
370800,73.636,-0.711,0,1,1,0,5.724,0.0,0,0,1,0,13.429,0.0,0,31.85,0,0,0,1,0,1,1,0,0,1,0,12192.0,2,1,1,1,0,0,1,3,8.7,271.8,0,0,0,0,0,1
370900,73.565,-0.711,0,1,1,0,5.724,0.0,0,0,1,0,13.429,0.0,0,32.11,0,0,0,1,0,1,1,0,0,1,0,12192.0,2,1,1,1,0,0,1,3,8.6,264.8,0,0,0,0,0,1
371000,73.494,-0.711,0,1,1,0,5.724,0.0,0,0,1,0,13.429,0.0,0,32.05,0,0,0,1,0,1,1,0,0,1,0,12192.0,2,1,1,1,0,0,1,3,8.4,272.1,0,0,0,0,0,1
371100,73.423,-0.711,0,1,1,0,5.724,0.0,0,0,1,0,13.429,0.0,0,32.08,0,0,0,1,0,1,1,0,0,1,0,12192.0,2,1,1,1,0,0,1,3,8.7,266.1,0,0,0,0,0,1
371200,73.352,-0.711,0,1,1,0,5.724,0.0,0,0,1,0,13.429,0.0,0,31.93,0,0,0,1,0,1,1,0,0,1,0,12192.0,2,1,1,1,0,0,1,3,8.5,268.3,0,0,0,0,0,1
371300,73.281,-0.711,0,1,1,0,5.724,0.0,0,0,1,0,13.429,0.0,0,32.13,0,0,0,1,0,1,1,0,0,1,0,12192.0,2,1,1,1,0,0,1,3,9.1,270.8,0,0,0,0,0,1
371400,73.21,-0.711,0,1,1,0,5.724,0.0,0,0,1,0,13.429,0.0,0,32.09,0,0,0,1,0,1,1,0,0,1,0,12192.0,2,1,1,1,0,0,1,3,7.3,266.2,0,0,0,0,0,1
371500,73.138,-0.711,0,1,1,0,5.724,0.0,0,0,1,0,13.429,0.0,0,31.99,0,0,0,1,0,1,1,0,0,1,0,12192.0,2,1,1,1,0,0,1,3,8.5,271.1,0,0,0,0,0,1
371600,73.067,-0.711,0,1,1,0,5.724,0.0,0,0,1,0,13.429,0.0,0,31.81,0,0,0,1,0,1,1,0,0,1,0,12192.0,2,1,1,1,0,0,1,3,8.4,264.0,0,0,0,0,0,1
371700,72.996,-0.711,0,1,1,0,5.724,0.0,0,0,1,0,13.429,0.0,0,31.9,0,0,0,1,0,1,1,0,0,1,0,12192.0,2,1,1,1,0,0,1,3,8.8,269.9,0,0,0,0,0,1
371800,72.925,-0.711,0,1,1,0,5.724,0.0,0,0,1,0,13.429,0.0,0,32.23,0,0,0,1,0,1,1,0,0,1,0,12192.0,2,1,1,1,0,0,1,3,7.6,272.8,0,0,0,0,0,1
371900,72.854,-0.711,0,1,1,0,5.724,0.0,0,0,1,0,13.429,0.0,0,32.02,0,0,0,1,0,1,1,0,0,1,0,12192.0,2,1,1,1,0,0,1,3,7.9,273.2,0,0,0,0,0,1
372000,72.783,-0.711,0,1,1,0,5.724,0.0,0,0,1,0,13.429,0.0,0,32.08,0,0,0,1,0,1,1,0,0,1,0,12192.0,2,1,1,1,0,0,1,3,8.2,272.8,0,0,0,0,0,1
372100,72.712,-0.711,0,1,1,0,5.724,0.0,0,0,1,0,13.429,0.0,0,31.92,0,0,0,1,0,1,1,0,0,1,0,12192.0,2,1,1,1,0,0,1,3,7.1,271.3,0,0,0,0,0,1
372200,72.641,-0.711,0,1,1,0,5.724,0.0,0,0,1,0,13.429,0.0,0,32.0,0,0,0,1,0,1,1,0,0,1,0,12192.0,2,1,1,1,0,0,1,3,8.7,272.4,0,0,0,0,0,1
372300,72.57,-0.711,0,1,1,0,5.724,0.0,0,0,1,0,13.429,0.0,0,32.02,0,0,0,1,0,1,1,0,0,1,0,12192.0,2,1,1,1,0,0,1,3,7.4,272.4,0,0,0,0,0,1
372400,72.499,-0.711,0,1,1,0,5.724,0.0,0,0,1,0,13.429,0.0,0,31.98,0,0,0,1,0,1,1,0,0,1,0,12192.0,2,1,1,1,0,0,1,3,7.9,270.6,0,0,0,0,0,1
372500,72.428,-0.711,0,1,1,0,5.724,0.0,0,0,1,0,13.429,0.0,0,32.22,0,0,0,1,0,1,1,0,0,1,0,12192.0,2,1,1,1,0,0,1,3,8.1,271.6,0,0,0,0,0,1
372600,72.357,-0.711,0,1,1,0,5.724,0.0,0,0,1,0,13.429,0.0,0,32.14,0,0,0,1,0,1,1,0,0,1,0,12192.0,2,1,1,1,0,0,1,3,8.3,265.3,0,0,0,0,0,1
372700,72.286,-0.711,0,1,1,0,5.724,0.0,0,0,1,0,13.429,0.0,0,32.08,0,0,0,1,0,1,1,0,0,1,0,12192.0,2,1,1,1,0,0,1,3,7.7,264.8,0,0,0,0,0,1
372800,72.214,-0.711,0,1,1,0,5.724,0.0,0,0,1,0,13.429,0.0,0,32.05,0,0,0,1,0,1,1,0,0,1,0,12192.0,2,1,1,1,0,0,1,3,8.3,265.7,0,0,0,0,0,1
372900,72.143,-0.711,0,1,1,0,5.724,0.0,0,0,1,0,13.429,0.0,0,32.13,0,0,0,1,0,1,1,0,0,1,0,12192.0,2,1,1,1,0,0,1,3,8.1,266.4,0,0,0,0,0,1
373000,72.072,-0.711,0,1,1,0,5.724,0.0,0,0,1,0,13.429,0.0,0,32.14,0,0,0,1,0,1,1,0,0,1,0,12192.0,2,1,1,1,0,0,1,3,8.7,270.4,0,0,0,0,0,1
373100,72.001,-0.711,0,1,1,0,5.724,0.0,0,0,1,0,13.429,0.0,0,31.92,0,0,0,1,0,1,1,0,0,1,0,12192.0,2,1,1,1,0,0,1,3,8.6,269.9,0,0,0,0,0,1
373200,71.93,-0.711,0,1,1,0,5.724,0.0,0,0,1,0,13.429,0.0,0,32.08,0,0,0,1,0,1,1,0,0,1,0,12192.0,2,1,1,1,0,0,1,3,8.0,269.8,0,0,0,0,0,1
373300,71.859,-0.711,0,1,1,0,5.724,0.0,0,0,1,0,13.429,0.0,0,32.02,0,0,0,1,0,1,1,0,0,1,0,12192.0,2,1,1,1,0,0,1,3,7.0,265.3,0,0,0,0,0,1
373400,71.788,-0.711,0,1,1,0,5.724,0.0,0,0,1,0,13.429,0.0,0,31.97,0,0,0,1,0,1,1,0,0,1,0,12192.0,2,1,1,1,0,0,1,3,7.5,270.1,0,0,0,0,0,1
373500,71.717,-0.711,0,1,1,0,5.724,0.0,0,0,1,0,13.429,0.0,0,32.04,0,0,0,1,0,1,1,0,0,1,0,12192.0,2,1,1,1,0,0,1,3,8.2,269.8,0,0,0,0,0,1
373600,71.646,-0.711,0,1,1,0,5.724,0.0,0,0,1,0,13.429,0.0,0,32.07,0,0,0,1,0,1,1,0,0,1,0,12192.0,2,1,1,1,0,0,1,3,7.9,273.4,0,0,0,0,0,1
373700,71.575,-0.711,0,1,1,0,5.724,0.0,0,0,1,0,13.429,0.0,0,32.04,0,0,0,1,0,1,1,0,0,1,0,12192.0,2,1,1,1,0,0,1,3,7.3,274.9,0,0,0,0,0,1
373800,71.504,-0.711,0,1,1,0,5.724,0.0,0,0,1,0,13.429,0.0,0,32.11,0,0,0,1,0,1,1,0,0,1,0,12192.0,2,1,1,1,0,0,1,3,7.1,269.7,0,0,0,0,0,1
373900,71.433,-0.711,0,1,1,0,5.724,0.0,0,0,1,0,13.429,0.0,0,32.14,0,0,0,1,0,1,1,0,0,1,0,12192.0,2,1,1,1,0,0,1,3,7.8,266.5,0,0,0,0,0,1
374000,71.362,-0.711,0,1,1,0,5.724,0.0,0,0,1,0,13.429,0.0,0,31.82,0,0,0,1,0,1,1,0,0,1,0,12192.0,2,1,1,1,0,0,1,3,7.8,265.2,0,0,0,0,0,1
374100,71.29,-0.711,0,1,1,0,5.724,0.0,0,0,1,0,13.429,0.0,0,31.9,0,0,0,1,0,1,1,0,0,1,0,12192.0,2,1,1,1,0,0,1,3,7.1,270.6,0,0,0,0,0,1
374200,71.219,-0.711,0,1,1,0,5.724,0.0,0,0,1,0,13.429,0.0,0,31.83,0,0,0,1,0,1,1,0,0,1,0,12192.0,2,1,1,1,0,0,1,3,7.0,267.4,0,0,0,0,0,1
374300,71.148,-0.711,0,1,1,0,5.724,0.0,0,0,1,0,13.429,0.0,0,31.85,0,0,0,1,0,1,1,0,0,1,0,12192.0,2,1,1,1,0,0,1,3,7.9,269.3,0,0,0,0,0,1
374400,71.077,-0.711,0,1,1,0,5.724,0.0,0,0,1,0,13.429,0.0,0,32.03,0,0,0,1,0,1,1,0,0,1,0,12192.0,2,1,1,1,0,0,1,3,8.0,267.2,0,0,0,0,0,1
374500,71.006,-0.711,0,1,1,0,5.724,0.0,0,0,1,0,13.429,0.0,0,32.02,0,0,0,1,0,1,1,0,0,1,0,12192.0,2,1,1,1,0,0,1,3,7.3,269.1,0,0,0,0,0,1
374600,70.935,-0.711,0,1,1,0,5.724,0.0,0,0,1,0,13.429,0.0,0,31.86,0,0,0,1,0,1,1,0,0,1,0,12192.0,2,1,1,1,0,0,1,3,8.4,275.0,0,0,0,0,0,1
374700,70.864,-0.711,0,1,1,0,5.724,0.0,0,0,1,0,13.429,0.0,0,31.96,0,0,0,1,0,1,1,0,0,1,0,12192.0,2,1,1,1,0,0,1,3,8.4,270.6,0,0,0,0,0,1
374800,70.793,-0.711,0,1,1,0,5.724,0.0,0,0,1,0,13.429,0.0,0,31.8,0,0,0,1,0,1,1,0,0,1,0,12192.0,2,1,1,1,0,0,1,3,7.1,271.3,0,0,0,0,0,1
374900,70.722,-0.711,0,1,1,0,5.724,0.0,0,0,1,0,13.429,0.0,0,32.03,0,0,0,1,0,1,1,0,0,1,0,12192.0,2,1,1,1,0,0,1,3,6.5,269.0,0,0,0,0,0,1
375000,70.651,-0.711,0,1,1,0,5.724,0.0,0,0,1,0,13.429,0.0,0,32.28,0,0,0,1,0,1,1,0,0,1,0,12192.0,2,1,1,1,0,0,1,3,7.6,263.1,0,0,0,0,0,1
375100,70.58,-0.711,0,1,1,0,5.724,0.0,0,0,1,0,13.429,0.0,0,31.96,0,0,0,1,0,1,1,0,0,1,0,12192.0,2,1,1,1,0,0,1,3,7.5,267.3,0,0,0,0,0,1
375200,70.509,-0.711,0,1,1,0,5.724,0.0,0,0,1,0,13.429,0.0,0,31.99,0,0,0,1,0,1,1,0,0,1,0,12192.0,2,1,1,1,0,0,1,3,7.4,266.7,0,0,0,0,0,1
375300,70.437,-0.711,0,1,1,0,5.724,0.0,0,0,1,0,13.429,0.0,0,31.98,0,0,0,1,0,1,1,0,0,1,0,12192.0,2,1,1,1,0,0,1,3,7.5,270.8,0,0,0,0,0,1
375400,70.366,-0.711,0,1,1,0,5.724,0.0,0,0,1,0,13.429,0.0,0,31.98,0,0,0,1,0,1,1,0,0,1,0,12192.0,2,1,1,1,0,0,1,3,7.6,269.2,0,0,0,0,0,1
375500,70.295,-0.711,0,1,1,0,5.724,0.0,0,0,1,0,13.429,0.0,0,32.12,0,0,0,1,0,1,1,0,0,1,0,12192.0,2,1,1,1,0,0,1,3,8.5,266.8,0,0,0,0,0,1
375600,70.224,-0.711,0,1,1,0,5.724,0.0,0,0,1,0,13.429,0.0,0,31.96,0,0,0,1,0,1,1,0,0,1,0,12192.0,2,1,1,1,0,0,1,3,7.3,268.9,0,0,0,0,0,1
375700,70.153,-0.711,0,1,1,0,5.724,0.0,0,0,1,0,13.429,0.0,0,31.91,0,0,0,1,0,1,1,0,0,1,0,12192.0,2,1,1,1,0,0,1,3,7.4,267.8,0,0,0,0,0,1
375800,70.082,-0.711,0,1,1,0,5.724,0.0,0,0,1,0,13.429,0.0,0,31.73,0,0,0,1,0,1,1,0,0,1,0,12192.0,2,1,1,1,0,0,1,3,7.2,270.1,0,0,0,0,0,1
375900,70.011,-0.711,0,1,1,0,5.724,0.0,0,0,1,0,13.429,0.0,0,32.05,0,0,0,1,0,1,1,0,0,1,0,12192.0,2,1,1,1,0,0,1,3,8.1,269.1,0,0,0,0,0,1
376000,69.94,-0.711,0,1,1,0,5.724,0.0,0,0,1,0,13.429,0.0,0,32.16,0,0,0,1,0,1,1,0,0,1,0,12192.0,2,1,1,1,0,0,1,3,8.2,274.4,0,0,0,0,0,1
376100,69.869,-0.711,0,1,1,0,5.724,0.0,0,0,1,0,13.429,0.0,0,32.1,0,0,0,1,0,1,1,0,0,1,0,12192.0,2,1,1,1,0,0,1,3,7.4,267.8,0,0,0,0,0,1
376200,69.798,-0.711,0,1,1,0,5.724,0.0,0,0,1,0,13.429,0.0,0,32.13,0,0,0,1,0,1,1,0,0,1,0,12192.0,2,1,1,1,0,0,1,3,7.6,269.6,0,0,0,0,0,1
376300,69.727,-0.711,0,1,1,0,5.724,0.0,0,0,1,0,13.429,0.0,0,31.97,0,0,0,1,0,1,1,0,0,1,0,12192.0,2,1,1,1,0,0,1,3,8.0,268.9,0,0,0,0,0,1
376400,69.656,-0.711,0,1,1,0,5.724,0.0,0,0,1,0,13.429,0.0,0,31.87,0,0,0,1,0,1,1,0,0,1,0,12192.0,2,1,1,1,0,0,1,3,7.6,266.7,0,0,0,0,0,1
376500,69.585,-0.711,0,1,1,0,5.724,0.0,0,0,1,0,13.429,0.0,0,31.85,0,0,0,1,0,1,1,0,0,1,0,12192.0,2,1,1,1,0,0,1,3,7.3,267.1,0,0,0,0,0,1
376600,69.513,-0.711,0,1,1,0,5.724,0.0,0,0,1,0,13.429,0.0,0,31.96,0,0,0,1,0,1,1,0,0,1,0,12192.0,2,1,1,1,0,0,1,3,7.7,271.7,0,0,0,0,0,1
376700,69.442,-0.711,0,1,1,0,5.724,0.0,0,0,1,0,13.429,0.0,0,31.98,0,0,0,1,0,1,1,0,0,1,0,12192.0,2,1,1,1,0,0,1,3,7.7,271.3,0,0,0,0,0,1
376800,69.371,-0.711,0,1,1,0,5.724,0.0,0,0,1,0,13.429,0.0,0,32.16,0,0,0,1,0,1,1,0,0,1,0,12192.0,2,1,1,1,0,0,1,3,8.4,268.6,0,0,0,0,0,1
376900,69.3,-0.711,0,1,1,0,5.724,0.0,0,0,1,0,13.429,0.0,0,31.95,0,0,0,1,0,1,1,0,0,1,0,12192.0,2,1,1,1,0,0,1,3,7.8,266.1,0,0,0,0,0,1
377000,69.229,-0.711,0,1,1,0,5.724,0.0,0,0,1,0,13.429,0.0,0,32.49,0,0,0,1,0,1,1,0,0,1,0,12192.0,2,1,1,1,0,0,1,3,7.7,275.5,0,0,0,0,0,1
377100,69.158,-0.711,0,1,1,0,5.724,0.0,0,0,1,0,13.429,0.0,0,31.98,0,0,0,1,0,1,1,0,0,1,0,12192.0,2,1,1,1,0,0,1,3,8.3,270.4,0,0,0,0,0,1
377200,69.087,-0.711,0,1,1,0,5.724,0.0,0,0,1,0,13.429,0.0,0,31.95,0,0,0,1,0,1,1,0,0,1,0,12192.0,2,1,1,1,0,0,1,3,8.5,270.4,0,0,0,0,0,1
377300,69.016,-0.711,0,1,1,0,5.724,0.0,0,0,1,0,13.429,0.0,0,32.11,0,0,0,1,0,1,1,0,0,1,0,12192.0,2,1,1,1,0,0,1,3,8.3,269.4,0,0,0,0,0,1
377400,68.945,-0.711,0,1,1,0,5.724,0.0,0,0,1,0,13.429,0.0,0,32.41,0,0,0,1,0,1,1,0,0,1,0,12192.0,2,1,1,1,0,0,1,3,8.0,266.6,0,0,0,0,0,1
377500,68.874,-0.711,0,1,1,0,5.724,0.0,0,0,1,0,13.429,0.0,0,31.88,0,0,0,1,0,1,1,0,0,1,0,12192.0,2,1,1,1,0,0,1,3,8.6,274.4,0,0,0,0,0,1
377600,68.803,-0.711,0,1,1,0,5.724,0.0,0,0,1,0,13.429,0.0,0,31.9,0,0,0,1,0,1,1,0,0,1,0,12192.0,2,1,1,1,0,0,1,3,8.8,276.3,0,0,0,0,0,1
377700,68.732,-0.711,0,1,1,0,5.724,0.0,0,0,1,0,13.429,0.0,0,32.1,0,0,0,1,0,1,1,0,0,1,0,12192.0,2,1,1,1,0,0,1,3,8.1,271.8,0,0,0,0,0,1
377800,68.661,-0.711,0,1,1,0,5.724,0.0,0,0,1,0,13.429,0.0,0,31.76,0,0,0,1,0,1,1,0,0,1,0,12192.0,2,1,1,1,0,0,1,3,8.0,265.2,0,0,0,0,0,1
377900,68.589,-0.711,0,1,1,0,5.724,0.0,0,0,1,0,13.429,0.0,0,31.97,0,0,0,1,0,1,1,0,0,1,0,12192.0,2,1,1,1,0,0,1,3,8.9,269.6,0,0,0,0,0,1
378000,68.518,-0.711,0,1,1,0,5.724,0.0,0,0,1,0,13.429,0.0,0,31.74,0,0,0,1,0,1,1,0,0,1,0,12192.0,2,1,1,1,0,0,1,3,8.9,267.3,0,0,0,0,0,1
378100,68.447,-0.711,0,1,1,0,5.724,0.0,0,0,1,0,13.429,0.0,0,32.2,0,0,0,1,0,1,1,0,0,1,0,12192.0,2,1,1,1,0,0,1,3,8.1,271.0,0,0,0,0,0,1
378200,68.376,-0.711,0,1,1,0,5.724,0.0,0,0,1,0,13.429,0.0,0,32.08,0,0,0,1,0,1,1,0,0,1,0,12192.0,2,1,1,1,0,0,1,3,8.3,269.6,0,0,0,0,0,1
378300,68.305,-0.711,0,1,1,0,5.724,0.0,0,0,1,0,13.429,0.0,0,31.86,0,0,0,1,0,1,1,0,0,1,0,12192.0,2,1,1,1,0,0,1,3,8.4,270.2,0,0,0,0,0,1
378400,68.234,-0.711,0,1,1,0,5.724,0.0,0,0,1,0,13.429,0.0,0,31.94,0,0,0,1,0,1,1,0,0,1,0,12192.0,2,1,1,1,0,0,1,3,8.8,268.9,0,0,0,0,0,1
378500,68.163,-0.711,0,1,1,0,5.724,0.0,0,0,1,0,13.429,0.0,0,31.9,0,0,0,1,0,1,1,0,0,1,0,12192.0,2,1,1,1,0,0,1,3,8.3,269.2,0,0,0,0,0,1
378600,68.092,-0.711,0,1,1,0,5.724,0.0,0,0,1,0,13.429,0.0,0,32.03,0,0,0,1,0,1,1,0,0,1,0,12192.0,2,1,1,1,0,0,1,3,7.8,269.5,0,0,0,0,0,1
378700,68.021,-0.711,0,1,1,0,5.724,0.0,0,0,1,0,13.429,0.0,0,31.96,0,0,0,1,0,1,1,0,0,1,0,12192.0,2,1,1,1,0,0,1,3,9.1,268.6,0,0,0,0,0,1
378800,67.95,-0.711,0,1,1,0,5.724,0.0,0,0,1,0,13.429,0.0,0,31.96,0,0,0,1,0,1,1,0,0,1,0,12192.0,2,1,1,1,0,0,1,3,8.5,272.9,0,0,0,0,0,1
378900,67.879,-0.711,0,1,1,0,5.724,0.0,0,0,1,0,13.429,0.0,0,32.2,0,0,0,1,0,1,1,0,0,1,0,12192.0,2,1,1,1,0,0,1,3,8.4,266.5,0,0,0,0,0,1
379000,67.808,-0.711,0,1,1,0,5.724,0.0,0,0,1,0,13.429,0.0,0,31.89,0,0,0,1,0,1,1,0,0,1,0,12192.0,2,1,1,1,0,0,1,3,8.9,270.9,0,0,0,0,0,1
379100,67.737,-0.711,0,1,1,0,5.724,0.0,0,0,1,0,13.429,0.0,0,32.17,0,0,0,1,0,1,1,0,0,1,0,12192.0,2,1,1,1,0,0,1,3,9.0,271.0,0,0,0,0,0,1
379200,67.665,-0.711,0,1,1,0,5.724,0.0,0,0,1,0,13.429,0.0,0,32.04,0,0,0,1,0,1,1,0,0,1,0,12192.0,2,1,1,1,0,0,1,3,8.4,274.3,0,0,0,0,0,1
379300,67.594,-0.711,0,1,1,0,5.724,0.0,0,0,1,0,13.429,0.0,0,31.94,0,0,0,1,0,1,1,0,0,1,0,12192.0,2,1,1,1,0,0,1,3,8.7,267.9,0,0,0,0,0,1
379400,67.523,-0.711,0,1,1,0,5.724,0.0,0,0,1,0,13.429,0.0,0,31.76,0,0,0,1,0,1,1,0,0,1,0,12192.0,2,1,1,1,0,0,1,3,9.1,269.8,0,0,0,0,0,1
379500,67.452,-0.711,0,1,1,0,5.724,0.0,0,0,1,0,13.429,0.0,0,31.89,0,0,0,1,0,1,1,0,0,1,0,12192.0,2,1,1,1,0,0,1,3,9.1,270.6,0,0,0,0,0,1
379600,67.381,-0.711,0,1,1,0,5.724,0.0,0,0,1,0,13.429,0.0,0,32.14,0,0,0,1,0,1,1,0,0,1,0,12192.0,2,1,1,1,0,0,1,3,8.8,266.5,0,0,0,0,0,1
379700,67.31,-0.711,0,1,1,0,5.724,0.0,0,0,1,0,13.429,0.0,0,31.97,0,0,0,1,0,1,1,0,0,1,0,12192.0,2,1,1,1,0,0,1,3,8.3,273.6,0,0,0,0,0,1
379800,67.239,-0.711,0,1,1,0,5.724,0.0,0,0,1,0,13.429,0.0,0,32.12,0,0,0,1,0,1,1,0,0,1,0,12192.0,2,1,1,1,0,0,1,3,8.2,272.2,0,0,0,0,0,1
379900,67.168,-0.711,0,1,1,0,5.724,0.0,0,0,1,0,13.429,0.0,0,32.01,0,0,0,1,0,1,1,0,0,1,0,12192.0,2,1,1,1,0,0,1,3,8.4,273.7,0,0,0,0,0,1
380000,67.097,-0.711,0,1,1,0,5.724,0.0,0,0,1,0,13.429,0.0,0,32.02,0,0,0,1,0,1,1,0,0,1,0,12192.0,2,1,1,1,0,0,1,3,8.9,267.3,0,0,0,0,0,1
380100,67.026,-0.711,0,1,1,0,5.724,0.0,0,0,1,0,13.429,0.0,0,31.9,0,0,0,1,0,1,1,0,0,1,0,12192.0,2,1,1,1,0,0,1,3,8.2,272.8,0,0,0,0,0,1
380200,66.955,-0.711,0,1,1,0,5.724,0.0,0,0,1,0,13.429,0.0,0,31.86,0,0,0,1,0,1,1,0,0,1,0,12192.0,2,1,1,1,0,0,1,3,8.3,271.7,0,0,0,0,0,1
380300,66.884,-0.711,0,1,1,0,5.724,0.0,0,0,1,0,13.429,0.0,0,31.99,0,0,0,1,0,1,1,0,0,1,0,12192.0,2,1,1,1,0,0,1,3,7.8,269.0,0,0,0,0,0,1
380400,66.812,-0.711,0,1,1,0,5.724,0.0,0,0,1,0,13.429,0.0,0,31.98,0,0,0,1,0,1,1,0,0,1,0,12192.0,2,1,1,1,0,0,1,3,8.1,273.3,0,0,0,0,0,1
380500,66.741,-0.711,0,1,1,0,5.724,0.0,0,0,1,0,13.429,0.0,0,31.93,0,0,0,1,0,1,1,0,0,1,0,12192.0,2,1,1,1,0,0,1,3,8.6,269.1,0,0,0,0,0,1
380600,66.67,-0.711,0,1,1,0,5.724,0.0,0,0,1,0,13.429,0.0,0,31.92,0,0,0,1,0,1,1,0,0,1,0,12192.0,2,1,1,1,0,0,1,3,8.7,272.5,0,0,0,0,0,1
380700,66.599,-0.711,0,1,1,0,5.724,0.0,0,0,1,0,13.429,0.0,0,32.09,0,0,0,1,0,1,1,0,0,1,0,12192.0,2,1,1,1,0,0,1,3,7.4,268.7,0,0,0,0,0,1
380800,66.528,-0.711,0,1,1,0,5.724,0.0,0,0,1,0,13.429,0.0,0,32.01,0,0,0,1,0,1,1,0,0,1,0,12192.0,2,1,1,1,0,0,1,3,8.3,267.3,0,0,0,0,0,1
380900,66.457,-0.711,0,1,1,0,5.724,0.0,0,0,1,0,13.429,0.0,0,31.83,0,0,0,1,0,1,1,0,0,1,0,12192.0,2,1,1,1,0,0,1,3,8.6,272.4,0,0,0,0,0,1
381000,66.386,-0.711,0,1,1,0,5.724,0.0,0,0,1,0,13.429,0.0,0,31.92,0,0,0,1,0,1,1,0,0,1,0,12192.0,2,1,1,1,0,0,1,3,8.3,269.4,0,0,0,0,0,1
381100,66.315,-0.711,0,1,1,0,5.724,0.0,0,0,1,0,13.429,0.0,0,32.06,0,0,0,1,0,1,1,0,0,1,0,12192.0,2,1,1,1,0,0,1,3,9.0,268.4,0,0,0,0,0,1
381200,66.244,-0.711,0,1,1,0,5.724,0.0,0,0,1,0,13.429,0.0,0,31.86,0,0,0,1,0,1,1,0,0,1,0,12192.0,2,1,1,1,0,0,1,3,8.0,268.2,0,0,0,0,0,1
381300,66.173,-0.711,0,1,1,0,5.724,0.0,0,0,1,0,13.429,0.0,0,31.94,0,0,0,1,0,1,1,0,0,1,0,12192.0,2,1,1,1,0,0,1,3,7.9,273.6,0,0,0,0,0,1
381400,66.102,-0.711,0,1,1,0,5.724,0.0,0,0,1,0,13.429,0.0,0,32.12,0,0,0,1,0,1,1,0,0,1,0,12192.0,2,1,1,1,0,0,1,3,8.0,270.9,0,0,0,0,0,1
381500,66.031,-0.711,0,1,1,0,5.724,0.0,0,0,1,0,13.429,0.0,0,31.96,0,0,0,1,0,1,1,0,0,1,0,12192.0,2,1,1,1,0,0,1,3,7.9,275.8,0,0,0,0,0,1
381600,65.96,-0.711,0,1,1,0,5.724,0.0,0,0,1,0,13.429,0.0,0,31.9,0,0,0,1,0,1,1,0,0,1,0,12192.0,2,1,1,1,0,0,1,3,7.6,267.9,0,0,0,0,0,1
381700,65.888,-0.711,0,1,1,0,5.724,0.0,0,0,1,0,13.429,0.0,0,31.92,0,0,0,1,0,1,1,0,0,1,0,12192.0,2,1,1,1,0,0,1,3,8.6,270.1,0,0,0,0,0,1
381800,65.817,-0.711,0,1,1,0,5.724,0.0,0,0,1,0,13.429,0.0,0,31.92,0,0,0,1,0,1,1,0,0,1,0,12192.0,2,1,1,1,0,0,1,3,7.3,271.9,0,0,0,0,0,1
381900,65.746,-0.711,0,1,1,0,5.724,0.0,0,0,1,0,13.429,0.0,0,31.88,0,0,0,1,0,1,1,0,0,1,0,12192.0,2,1,1,1,0,0,1,3,7.8,269.7,0,0,0,0,0,1
382000,65.675,-0.711,0,1,1,0,5.724,0.0,0,0,1,0,13.429,0.0,0,31.87,0,0,0,1,0,1,1,0,0,1,0,12192.0,2,1,1,1,0,0,1,3,9.1,267.8,0,0,0,0,0,1
382100,65.604,-0.711,0,1,1,0,5.724,0.0,0,0,1,0,13.429,0.0,0,32.09,0,0,0,1,0,1,1,0,0,1,0,12192.0,2,1,1,1,0,0,1,3,8.3,273.1,0,0,0,0,0,1
382200,65.533,-0.711,0,1,1,0,5.724,0.0,0,0,1,0,13.429,0.0,0,31.89,0,0,0,1,0,1,1,0,0,1,0,12192.0,2,1,1,1,0,0,1,3,8.0,267.5,0,0,0,0,0,1
382300,65.462,-0.711,0,1,1,0,5.724,0.0,0,0,1,0,13.429,0.0,0,31.78,0,0,0,1,0,1,1,0,0,1,0,12192.0,2,1,1,1,0,0,1,3,8.1,270.9,0,0,0,0,0,1
382400,65.391,-0.711,0,1,1,0,5.724,0.0,0,0,1,0,13.429,0.0,0,32.19,0,0,0,1,0,1,1,0,0,1,0,12192.0,2,1,1,1,0,0,1,3,7.4,272.6,0,0,0,0,0,1
382500,65.32,-0.711,0,1,1,0,5.724,0.0,0,0,1,0,13.429,0.0,0,31.86,0,0,0,1,0,1,1,0,0,1,0,12192.0,2,1,1,1,0,0,1,3,7.7,270.3,0,0,0,0,0,1
382600,65.25,-0.696,0,1,1,0,5.724,0.0,0,0,1,0,13.429,0.0,0,31.89,0,0,0,1,0,1,1,0,0,1,0,12192.0,2,1,1,1,0,0,1,3,7.4,273.4,0,0,0,0,0,1
382700,65.182,-0.681,0,1,1,0,5.724,0.0,0,0,1,0,13.429,0.0,0,31.95,0,0,0,1,0,1,1,0,0,1,0,12192.0,2,1,1,1,0,0,1,3,7.4,269.1,0,0,0,0,0,1
382800,65.115,-0.666,0,1,1,0,5.724,0.0,0,0,1,0,13.429,0.0,0,32.2,0,0,0,1,0,1,1,0,0,1,0,12192.0,2,1,1,1,0,0,1,3,7.8,271.4,0,0,0,0,0,1
382900,65.05,-0.651,0,1,1,0,5.724,0.0,0,0,1,0,13.429,0.0,0,32.31,0,0,0,1,0,1,1,0,0,1,0,12192.0,2,1,1,1,0,0,1,3,7.5,265.5,0,0,0,0,0,1
383000,64.987,-0.637,0,1,1,0,5.724,0.0,0,0,1,0,13.429,0.0,0,31.92,0,0,0,1,0,1,1,0,0,1,0,12192.0,2,1,1,1,0,0,1,3,7.6,269.1,0,0,0,0,0,1
383100,64.925,-0.622,0,1,1,0,5.724,0.0,0,0,1,0,13.429,0.0,0,32.14,0,0,0,1,0,1,1,0,0,1,0,12192.0,2,1,1,1,0,0,1,3,7.8,270.1,0,0,0,0,0,1
383200,64.864,-0.607,0,1,1,0,5.724,0.0,0,0,1,0,13.429,0.0,0,31.92,0,0,0,1,0,1,1,0,0,1,0,12192.0,2,1,1,1,0,0,1,3,6.6,269.0,0,0,0,0,0,1
383300,64.805,-0.592,0,1,1,0,5.724,0.0,0,0,1,0,13.429,0.0,0,31.97,0,0,0,1,0,1,1,0,0,1,0,12192.0,2,1,1,1,0,0,1,3,7.9,269.4,0,0,0,0,0,1
383400,64.747,-0.577,0,1,1,0,5.724,0.0,0,0,1,0,13.429,0.0,0,32.04,0,0,0,1,0,1,1,0,0,1,0,12192.0,2,1,1,1,0,0,1,3,6.7,271.7,0,0,0,0,0,1
383500,64.691,-0.562,0,1,1,0,5.724,0.0,0,0,1,0,13.429,0.0,0,32.03,0,0,0,1,0,1,1,0,0,1,0,12192.0,2,1,1,1,0,0,1,3,7.5,268.3,0,0,0,0,0,1
383600,64.636,-0.547,0,1,1,0,5.724,0.0,0,0,1,0,13.429,0.0,0,31.84,0,0,0,1,0,1,1,0,0,1,0,12192.0,2,1,1,1,0,0,1,3,7.1,267.2,0,0,0,0,0,1
383700,64.583,-0.533,0,1,1,0,5.724,0.0,0,0,1,0,13.429,0.0,0,32.16,0,0,0,1,0,1,1,0,0,1,0,12192.0,2,1,1,1,0,0,1,3,7.2,270.7,0,0,0,0,0,1
383800,64.531,-0.518,0,1,1,0,5.724,0.0,0,0,1,0,13.429,0.0,0,31.9,0,0,0,1,0,1,1,0,0,1,0,12192.0,2,1,1,1,0,0,1,3,6.8,268.0,0,0,0,0,0,1
383900,64.481,-0.503,0,1,1,0,5.724,0.0,0,0,1,0,13.429,0.0,0,31.92,0,0,0,1,0,1,1,0,0,1,0,12192.0,2,1,1,1,0,0,1,3,7.1,268.6,0,0,0,0,0,1
384000,64.432,-0.488,0,1,1,0,5.724,0.0,0,0,1,0,13.429,0.0,0,32.14,0,0,0,1,0,1,1,0,0,1,0,12192.0,2,1,1,1,0,0,1,3,6.9,267.0,0,0,0,0,0,1
384100,64.384,-0.473,0,1,1,0,5.724,0.0,0,0,1,0,13.429,0.0,0,32.19,0,0,0,1,0,1,1,0,0,1,0,12192.0,2,1,1,1,0,0,1,3,8.1,273.0,0,0,0,0,0,1
384200,64.339,-0.458,0,1,1,0,5.724,0.0,0,0,1,0,13.429,0.0,0,31.93,0,0,0,1,0,1,1,0,0,1,0,12192.0,2,1,1,1,0,0,1,3,8.0,270.9,0,0,0,0,0,1
384300,64.294,-0.444,0,1,1,0,5.724,0.0,0,0,1,0,13.429,0.0,0,31.88,0,0,0,1,0,1,1,0,0,1,0,12192.0,2,1,1,1,0,0,1,3,7.0,271.2,0,0,0,0,0,1
384400,64.251,-0.429,0,1,1,0,5.724,0.0,0,0,1,0,13.429,0.0,0,31.9,0,0,0,1,0,1,1,0,0,1,0,12192.0,2,1,1,1,0,0,1,3,7.5,275.5,0,0,0,0,0,1
384500,64.21,-0.414,0,1,1,0,5.724,0.0,0,0,1,0,13.429,0.0,0,32.08,0,0,0,1,0,1,1,0,0,1,0,12192.0,2,1,1,1,0,0,1,3,7.8,272.2,0,0,0,0,0,1
384600,64.17,-0.399,0,1,1,0,5.724,0.0,0,0,1,0,13.429,0.0,0,31.78,0,0,0,1,0,1,1,0,0,1,0,12192.0,2,1,1,1,0,0,1,3,7.2,270.3,0,0,0,0,0,1
384700,64.132,-0.383,0,1,1,0,5.724,0.0,0,0,1,0,13.429,0.0,0,31.66,0,0,0,1,0,1,1,0,0,1,0,12192.0,2,1,1,1,0,0,1,3,7.8,268.5,0,0,0,0,0,1
384800,64.095,-0.368,0,1,1,0,5.724,0.0,0,0,1,0,13.429,0.0,0,32.12,0,0,0,1,0,1,1,0,0,1,0,12192.0,2,1,1,1,0,0,1,3,8.1,271.2,0,0,0,0,0,1
384900,64.06,-0.353,0,1,1,0,5.724,0.0,0,0,1,0,13.429,0.0,0,31.93,0,0,0,1,0,1,1,0,0,1,0,12192.0,2,1,1,1,0,0,1,3,7.7,266.0,0,0,0,0,0,1
385000,64.026,-0.338,0,1,1,0,5.724,0.0,0,0,1,0,13.429,0.0,0,31.98,0,0,0,1,0,1,1,0,0,1,0,12192.0,2,1,1,1,0,0,1,3,8.1,269.8,0,0,0,0,0,1
385100,63.994,-0.323,0,1,1,0,5.724,0.0,0,0,1,0,13.429,0.0,0,32.06,0,0,0,1,0,1,1,0,0,1,0,12192.0,2,1,1,1,0,0,1,3,7.4,273.2,0,0,0,0,0,1
385200,63.963,-0.308,0,1,1,0,5.724,0.0,0,0,1,0,13.429,0.0,0,31.87,0,0,0,1,0,1,1,0,0,1,0,12192.0,2,1,1,1,0,0,1,3,8.1,271.2,0,0,0,0,0,1
385300,63.934,-0.292,0,1,1,0,5.724,0.0,0,0,1,0,13.429,0.0,0,31.96,0,0,0,1,0,1,1,0,0,1,0,12192.0,2,1,1,1,0,0,1,3,7.4,263.6,0,0,0,0,0,1
385400,63.906,-0.277,0,1,1,0,5.724,0.0,0,0,1,0,13.429,0.0,0,32.12,0,0,0,1,0,1,1,0,0,1,0,12192.0,2,1,1,1,0,0,1,3,8.4,269.0,0,0,0,0,0,1
385500,63.88,-0.262,0,1,1,0,5.724,0.0,0,0,1,0,13.429,0.0,0,31.91,0,0,0,1,0,1,1,0,0,1,0,12192.0,2,1,1,1,0,0,1,3,7.8,271.5,0,0,0,0,0,1
385600,63.855,-0.246,0,1,1,0,5.724,0.0,0,0,1,0,13.429,0.0,0,31.91,0,0,0,1,0,1,1,0,0,1,0,12192.0,2,1,1,1,0,0,1,3,8.6,271.9,0,0,0,0,0,1
385700,63.832,-0.231,0,1,1,0,5.724,0.0,0,0,1,0,13.429,0.0,0,32.18,0,0,0,1,0,1,1,0,0,1,0,12192.0,2,1,1,1,0,0,1,3,7.6,269.4,0,0,0,0,0,1
385800,63.81,-0.216,0,1,1,0,5.724,0.0,0,0,1,0,13.429,0.0,0,31.85,0,0,0,1,0,1,1,0,0,1,0,12192.0,2,1,1,1,0,0,1,3,7.6,268.8,0,0,0,0,0,1
385900,63.79,-0.2,0,1,1,0,5.724,0.0,0,0,1,0,13.429,0.0,0,32.07,0,0,0,1,0,1,1,0,0,1,0,12192.0,2,1,1,1,0,0,1,3,8.2,271.3,0,0,0,0,0,1
386000,63.772,-0.185,0,1,1,0,5.724,0.0,0,0,1,0,13.429,0.0,0,31.89,0,0,0,1,0,1,1,0,0,1,0,12192.0,2,1,1,1,0,0,1,3,9.0,270.7,0,0,0,0,0,1
386100,63.755,-0.169,0,1,1,0,5.724,0.0,0,0,1,0,13.429,0.0,0,31.84,0,0,0,1,0,1,1,0,0,1,0,12192.0,2,1,1,1,0,0,1,3,8.0,266.1,0,0,0,0,0,1
386200,63.74,-0.154,0,1,1,0,5.724,0.0,0,0,1,0,13.429,0.0,0,32.05,0,0,0,1,0,1,1,0,0,1,0,12192.0,2,1,1,1,0,0,1,3,7.7,272.3,0,0,0,0,0,1
386300,63.726,-0.138,0,1,1,0,5.724,0.0,0,0,1,0,13.429,0.0,0,32.01,0,0,0,1,0,1,1,0,0,1,0,12192.0,2,1,1,1,0,0,1,3,7.5,270.0,0,0,0,0,0,1
386400,63.714,-0.123,0,1,1,0,5.724,0.0,0,0,1,0,13.429,0.0,0,31.96,0,0,0,1,0,1,1,0,0,1,0,12192.0,2,1,1,1,0,0,1,3,8.1,272.7,0,0,0,0,0,1
386500,63.703,-0.107,0,1,1,0,5.724,0.0,0,0,1,0,13.429,0.0,0,32.14,0,0,0,1,0,1,1,0,0,1,0,12192.0,2,1,1,1,0,0,1,3,8.3,269.1,0,0,0,0,0,1
386600,63.694,-0.091,0,1,1,0,5.724,0.0,0,0,1,0,13.429,0.0,0,32.14,0,0,0,1,0,1,1,0,0,1,0,12192.0,2,1,1,1,0,0,1,3,8.0,267.6,0,0,0,0,0,1
386700,63.686,-0.074,0,1,1,0,5.724,0.0,0,0,1,0,13.429,0.0,0,31.91,0,0,0,1,0,1,1,0,0,1,0,12192.0,2,1,1,1,0,0,1,3,8.3,271.4,0,0,0,0,0,1
386800,63.681,-0.058,0,1,1,0,5.724,0.0,0,0,1,0,13.429,0.0,0,32.04,0,0,0,1,0,1,1,0,0,1,0,12192.0,2,1,1,1,0,0,1,3,8.3,266.7,0,0,0,0,0,1
386900,63.677,-0.04,0,1,1,0,5.724,0.0,0,0,1,0,13.429,0.0,0,32.03,0,0,0,1,0,1,1,0,0,1,0,12192.0,2,1,1,1,0,0,1,3,7.9,271.3,0,0,0,0,0,1
387000,63.675,-0.02,0,1,1,0,5.724,0.0,0,0,1,0,13.424,-0.05,0,30.37,0,0,1,1,0,1,1,0,0,1,0,12192.0,2,1,1,1,0,0,1,3,8.4,267.9,0,0,0,0,0,1
387100,63.674,0.0,0,0,1,0,5.724,0.0,0,0,1,0,13.414,-0.1,0,30.41,0,0,1,1,0,1,1,0,0,1,0,12192.0,2,1,1,1,0,0,1,3,8.8,270.7,0,0,0,0,0,1
387200,63.674,0.0,0,0,1,0,5.724,0.0,0,0,1,0,13.399,-0.149,0,30.34,0,0,1,1,0,1,1,0,0,1,0,12192.0,2,1,1,1,0,0,1,3,8.0,269.4,0,0,0,0,0,1
387300,63.674,0.0,0,0,1,0,5.724,0.0,0,0,1,0,13.379,-0.199,0,30.46,0,0,1,1,0,1,1,0,0,1,0,12192.0,2,1,1,1,0,0,1,3,8.7,272.2,0,0,0,0,0,1
387400,63.674,0.0,0,0,1,0,5.724,0.0,0,0,1,0,13.354,-0.249,0,30.45,0,0,1,1,0,1,1,0,0,1,0,12192.0,2,1,1,1,0,0,1,3,8.3,273.7,0,0,0,0,0,1
387500,63.674,0.0,0,0,1,0,5.724,0.0,0,0,1,0,13.325,-0.299,0,30.26,0,0,1,1,0,1,1,0,0,1,0,12192.0,2,1,1,1,0,0,1,3,8.1,268.0,0,0,0,0,0,1
387600,63.674,0.0,0,0,1,0,5.724,0.0,0,0,1,0,13.29,-0.348,0,30.53,0,0,1,1,0,1,1,0,0,1,0,12192.0,2,1,1,1,0,0,1,3,8.7,270.8,0,0,0,0,0,1
387700,63.674,0.0,0,0,1,0,5.724,0.0,0,0,1,0,13.25,-0.398,0,30.35,0,0,1,1,0,1,1,0,0,1,0,12192.0,2,1,1,1,0,0,1,3,9.4,265.0,0,0,0,0,0,1
387800,63.674,0.0,0,0,1,0,5.724,0.0,0,0,1,0,13.205,-0.448,0,30.46,0,0,1,1,0,1,1,0,0,1,0,12192.0,2,1,1,1,0,0,1,3,8.5,266.9,0,0,0,0,0,1
387900,63.674,0.0,0,0,1,0,5.724,0.0,0,0,1,0,13.155,-0.498,0,30.36,0,0,1,1,0,1,1,0,0,1,0,12192.0,2,1,1,1,0,0,1,3,8.3,272.1,0,0,0,0,0,1
388000,63.674,0.0,0,0,1,0,5.724,0.0,0,0,1,0,13.101,-0.547,0,30.41,0,0,1,1,0,1,1,0,0,1,0,12192.0,2,1,1,1,0,0,1,3,8.7,265.9,0,0,0,0,0,1
388100,63.674,0.0,0,0,1,0,5.724,0.0,0,0,1,0,13.041,-0.597,0,30.46,0,0,1,1,0,1,1,0,0,1,0,12192.0,2,1,1,1,0,0,1,3,8.5,268.6,0,0,0,0,0,1
388200,63.674,0.0,0,0,1,0,5.724,0.0,0,0,1,0,12.976,-0.647,0,30.21,0,0,1,1,0,1,1,0,0,1,0,12192.0,2,1,1,1,0,0,1,3,8.4,273.6,0,0,0,0,0,1
388300,63.674,0.0,0,0,1,0,5.724,0.0,0,0,1,0,12.907,-0.697,0,30.41,0,0,1,1,0,1,1,0,0,1,0,12192.0,2,1,1,1,0,0,1,3,7.8,270.2,0,0,0,0,0,1
388400,63.674,0.0,0,0,1,0,5.724,0.0,0,0,1,0,12.832,-0.746,0,30.44,0,0,1,1,0,1,1,0,0,1,0,12192.0,2,1,1,1,0,0,1,3,7.9,270.4,0,0,0,0,0,1
388500,63.674,0.0,0,0,1,0,5.724,0.0,0,0,1,0,12.752,-0.796,0,30.34,0,0,1,1,0,1,1,0,0,1,0,12192.0,2,1,1,1,0,0,1,3,8.1,273.1,0,0,0,0,0,1
388600,63.674,0.0,0,0,1,0,5.724,0.0,0,0,1,0,12.668,-0.846,0,30.28,0,0,1,1,0,1,1,0,0,1,0,12192.0,2,1,1,1,0,0,1,3,8.8,272.4,0,0,0,0,0,1
388700,63.674,0.0,0,0,1,0,5.724,0.0,0,0,1,0,12.578,-0.896,0,30.34,0,0,1,1,0,1,1,0,0,1,0,12192.0,2,1,1,1,0,0,1,3,9.1,269.3,0,0,0,0,0,1
388800,63.674,0.0,0,0,1,0,5.724,0.0,0,0,1,0,12.484,-0.945,0,30.37,0,0,1,1,0,1,1,0,0,1,0,12192.0,2,1,1,1,0,0,1,3,8.8,271.1,0,0,0,0,0,1
388900,63.674,0.0,0,0,1,0,5.724,0.0,0,0,1,0,12.384,-0.995,0,30.5,0,0,1,1,0,1,1,0,0,1,0,12192.0,2,1,1,1,0,0,1,3,9.1,268.8,0,0,0,0,0,1
389000,63.674,0.0,0,0,1,0,5.724,0.0,0,0,1,0,12.28,-1.045,0,30.3,0,0,1,1,0,1,1,0,0,1,0,12192.0,2,1,1,1,0,0,1,3,8.1,268.8,0,0,0,0,0,1
389100,63.674,0.0,0,0,1,0,5.724,0.0,0,0,1,0,12.17,-1.095,0,30.3,0,0,1,1,0,1,1,0,0,1,0,12192.0,2,1,1,1,0,0,1,3,8.4,272.7,0,0,0,0,0,1
389200,63.674,0.0,0,0,1,0,5.724,0.0,0,0,1,0,12.056,-1.145,0,30.11,0,0,1,1,0,1,1,0,0,1,0,12192.0,2,1,1,1,0,0,1,3,9.4,269.2,0,0,0,0,0,1
389300,63.674,0.0,0,0,1,0,5.724,0.0,0,0,1,0,11.936,-1.194,0,30.34,0,0,1,1,0,1,1,0,0,1,0,12192.0,2,1,1,1,0,0,1,3,9.2,273.5,0,0,0,0,0,1
389400,63.674,0.0,0,0,1,0,5.724,0.0,0,0,1,0,11.812,-1.244,0,30.46,0,0,1,1,0,1,1,0,0,1,0,12192.0,2,1,1,1,0,0,1,3,7.4,270.5,0,0,0,0,0,1
389500,63.674,0.0,0,0,1,0,5.724,0.0,0,0,1,0,11.685,-1.266,0,30.43,0,0,1,1,0,1,1,0,0,1,0,12192.0,2,1,1,1,0,0,1,3,8.9,271.2,0,0,0,0,0,1
389600,63.674,0.0,0,0,1,0,5.724,0.0,0,0,1,0,11.559,-1.266,0,30.23,0,0,1,1,0,1,1,0,0,1,0,12192.0,2,1,1,1,0,0,1,3,8.6,274.5,0,0,0,0,0,1
389700,63.674,0.0,0,0,1,0,5.724,0.0,0,0,1,0,11.432,-1.266,0,30.69,0,0,1,1,0,1,1,0,0,1,0,12192.0,2,1,1,1,0,0,1,3,8.5,265.5,0,0,0,0,0,1
389800,63.674,0.0,0,0,1,0,5.724,0.0,0,0,1,0,11.305,-1.266,0,30.3,0,0,1,1,0,1,1,0,0,1,0,12192.0,2,1,1,1,0,0,1,3,7.9,272.0,0,0,0,0,0,1
389900,63.674,0.0,0,0,1,0,5.724,0.0,0,0,1,0,11.179,-1.266,0,30.24,0,0,1,1,0,1,1,0,0,1,0,12192.0,2,1,1,1,0,0,1,3,8.4,272.7,0,0,0,0,0,1
390000,63.674,0.0,0,0,1,0,5.724,0.0,0,0,1,0,11.052,-1.266,0,30.64,0,0,1,1,0,1,1,0,0,1,0,12192.0,2,1,1,1,0,0,1,3,9.1,272.9,0,0,0,0,0,1
390100,63.674,0.0,0,0,1,0,5.724,0.0,0,0,1,0,10.926,-1.266,0,30.26,0,0,1,1,0,1,1,0,0,1,0,12192.0,2,1,1,1,0,0,1,3,7.2,270.1,0,0,0,0,0,1
390200,63.674,0.0,0,0,1,0,5.724,0.0,0,0,1,0,10.799,-1.266,0,30.3,0,0,1,1,0,1,1,0,0,1,0,12192.0,2,1,1,1,0,0,1,3,7.7,271.5,0,0,0,0,0,1
390300,63.674,0.0,0,0,1,0,5.724,0.0,0,0,1,0,10.673,-1.266,0,30.4,0,0,1,1,0,1,1,0,0,1,0,12192.0,2,1,1,1,0,0,1,3,7.9,271.3,0,0,0,0,0,1
390400,63.674,0.0,0,0,1,0,5.724,0.0,0,0,1,0,10.546,-1.266,0,30.24,0,0,1,1,0,1,1,0,0,1,0,12192.0,2,1,1,1,0,0,1,3,8.3,268.7,0,0,0,0,0,1
390500,63.674,0.0,0,0,1,0,5.724,0.0,0,0,1,0,10.419,-1.266,0,30.54,0,0,1,1,0,1,1,0,0,1,0,12192.0,2,1,1,1,0,0,1,3,8.0,268.4,0,0,0,0,0,1
390600,63.674,0.0,0,0,1,0,5.724,0.0,0,0,1,0,10.293,-1.266,0,30.45,0,0,1,1,0,1,1,0,0,1,0,12192.0,2,1,1,1,0,0,1,3,8.1,265.9,0,0,0,0,0,1
390700,63.674,0.0,0,0,1,0,5.724,0.0,0,0,1,0,10.166,-1.266,0,30.29,0,0,1,1,0,1,1,0,0,1,0,12192.0,2,1,1,1,0,0,1,3,7.6,266.8,0,0,0,0,0,1
390800,63.674,0.0,0,0,1,0,5.724,0.0,0,0,1,0,10.04,-1.266,0,30.47,0,0,1,1,0,1,1,0,0,1,0,12192.0,2,1,1,1,0,0,1,3,8.0,269.8,0,0,0,0,0,1
390900,63.674,0.0,0,0,1,0,5.724,0.0,0,0,1,0,9.913,-1.266,0,30.32,0,0,1,1,0,1,1,0,0,1,0,12192.0,2,1,1,1,0,0,1,3,6.6,268.5,0,0,0,0,0,1
391000,63.674,0.0,0,0,1,0,5.724,0.0,0,0,1,0,9.786,-1.266,0,30.47,0,0,1,1,0,1,1,0,0,1,0,12192.0,2,1,1,1,0,0,1,3,7.4,264.7,0,0,0,0,0,1
391100,63.674,0.0,0,0,1,0,5.724,0.0,0,0,1,0,9.66,-1.266,0,30.18,0,0,1,1,0,1,1,0,0,1,0,12192.0,2,1,1,1,0,0,1,3,7.4,271.5,0,0,0,0,0,1
391200,63.674,0.0,0,0,1,0,5.724,0.0,0,0,1,0,9.533,-1.266,0,30.27,0,0,1,1,0,1,1,0,0,1,0,12192.0,2,1,1,1,0,0,1,3,8.0,268.9,0,0,0,0,0,1
391300,63.674,0.0,0,0,1,0,5.724,0.0,0,0,1,0,9.407,-1.266,0,30.28,0,0,1,1,0,1,1,0,0,1,0,12192.0,2,1,1,1,0,0,1,3,7.7,273.0,0,0,0,0,0,1
391400,63.674,0.0,0,0,1,0,5.724,0.0,0,0,1,0,9.28,-1.266,0,30.48,0,0,1,1,0,1,1,0,0,1,0,12192.0,2,1,1,1,0,0,1,3,7.2,271.3,0,0,0,0,0,1
391500,63.674,0.0,0,0,1,0,5.724,0.0,0,0,1,0,9.154,-1.266,0,30.46,0,0,1,1,0,1,1,0,0,1,0,12192.0,2,1,1,1,0,0,1,3,7.5,269.3,0,0,0,0,0,1
391600,63.674,0.0,0,0,1,0,5.724,0.0,0,0,1,0,9.027,-1.266,0,30.13,0,0,1,1,0,1,1,0,0,1,0,12192.0,2,1,1,1,0,0,1,3,7.5,269.0,0,0,0,0,0,1
391700,63.674,0.0,0,0,1,0,5.724,0.0,0,0,1,0,8.9,-1.266,0,30.41,0,0,1,1,0,1,1,0,0,1,0,12192.0,2,1,1,1,0,0,1,3,8.0,270.6,0,0,0,0,0,1
391800,63.674,0.0,0,0,1,0,5.724,0.0,0,0,1,0,8.774,-1.266,0,30.26,0,0,1,1,0,1,1,0,0,1,0,12192.0,2,1,1,1,0,0,1,3,7.1,269.4,0,0,0,0,0,1
391900,63.674,0.0,0,0,1,0,5.724,0.0,0,0,1,0,8.647,-1.266,0,30.41,0,0,1,1,0,1,1,0,0,1,0,12192.0,2,1,1,1,0,0,1,3,8.3,265.0,0,0,0,0,0,1
392000,63.674,0.0,0,0,1,0,5.724,0.0,0,0,1,0,8.521,-1.266,0,30.07,0,0,1,1,0,1,1,0,0,1,0,12192.0,2,1,1,1,0,0,1,3,8.0,273.8,0,0,0,0,0,1
392100,63.674,0.0,0,0,1,0,5.724,0.0,0,0,1,0,8.394,-1.266,0,30.37,0,0,1,1,0,1,1,0,0,1,0,12192.0,2,1,1,1,0,0,1,3,6.9,268.0,0,0,0,0,0,1
392200,63.674,0.0,0,0,1,0,5.724,0.0,0,0,1,0,8.267,-1.266,0,30.33,0,0,1,1,0,1,1,0,0,1,0,12192.0,2,1,1,1,0,0,1,3,8.3,268.4,0,0,0,0,0,1
392300,63.674,0.0,0,0,1,0,5.724,0.0,0,0,1,0,8.141,-1.266,0,30.22,0,0,1,1,0,1,1,0,0,1,0,12192.0,2,1,1,1,0,0,1,3,7.3,269.0,0,0,0,0,0,1
392400,63.674,0.0,0,0,1,0,5.724,0.0,0,0,1,0,8.014,-1.266,0,30.26,0,0,1,1,0,1,1,0,0,1,0,12192.0,2,1,1,1,0,0,1,3,7.0,269.3,0,0,0,0,0,1
392500,63.674,0.0,0,0,1,0,5.724,0.0,0,0,1,0,7.888,-1.266,0,30.43,0,0,1,1,0,1,1,0,0,1,0,12192.0,2,1,1,1,0,0,1,3,6.8,270.4,0,0,0,0,0,1
392600,63.674,0.0,0,0,1,0,5.724,0.0,0,0,1,0,7.761,-1.266,0,30.29,0,0,1,1,0,1,1,0,0,1,0,12192.0,2,1,1,1,0,0,1,3,6.7,271.5,0,0,0,0,0,1
392700,63.674,0.0,0,0,1,0,5.724,0.0,0,0,1,0,7.635,-1.266,0,30.44,0,0,1,1,0,1,1,0,0,1,0,12192.0,2,1,1,1,0,0,1,3,7.3,268.1,0,0,0,0,0,1
392800,63.674,0.0,0,0,1,0,5.724,0.0,0,0,1,0,7.508,-1.266,0,30.3,0,0,1,1,0,1,1,0,0,1,0,12192.0,2,1,1,1,0,0,1,3,7.4,270.0,0,0,0,0,0,1
392900,63.674,0.0,0,0,1,0,5.724,0.0,0,0,1,0,7.381,-1.266,0,30.44,0,0,1,1,0,1,1,0,0,1,0,12192.0,2,1,1,1,0,0,1,3,7.5,271.8,0,0,0,0,0,1
393000,63.674,0.0,0,0,1,0,5.724,0.0,0,0,1,0,7.255,-1.266,0,30.43,0,0,1,1,0,1,1,0,0,1,0,12192.0,2,1,1,1,0,0,1,3,6.9,272.8,0,0,0,0,0,1
393100,63.674,0.0,0,0,1,0,5.724,0.0,0,0,1,0,7.128,-1.266,0,30.44,0,0,1,1,0,1,1,0,0,1,0,12192.0,2,1,1,1,0,0,1,3,6.8,262.8,0,0,0,0,0,1
393200,63.674,0.0,0,0,1,0,5.724,0.0,0,0,1,0,7.002,-1.266,0,30.45,0,0,1,1,0,1,1,0,0,1,0,12192.0,2,1,1,1,0,0,1,3,8.1,272.4,0,0,0,0,0,1
393300,63.674,0.0,0,0,1,0,5.724,0.0,0,0,1,0,6.875,-1.266,0,30.43,0,0,1,1,0,1,1,0,0,1,0,12192.0,2,1,1,1,0,0,1,3,7.9,270.4,0,0,0,0,0,1
393400,63.674,0.0,0,0,1,0,5.724,0.0,0,0,1,0,6.748,-1.266,0,30.4,0,0,1,1,0,1,1,0,0,1,0,12192.0,2,1,1,1,0,0,1,3,7.9,268.1,0,0,0,0,0,1
393500,63.674,0.0,0,0,1,0,5.724,0.0,0,0,1,0,6.627,-1.216,0,33.53,0,0,1,1,0,1,1,0,0,1,0,12192.0,2,1,1,1,0,0,1,3,7.5,267.6,0,0,0,0,0,1
393600,63.674,0.0,0,0,1,0,5.724,0.0,0,0,1,0,6.51,-1.166,0,33.82,0,0,1,1,0,1,1,0,0,1,0,12192.0,2,1,1,1,0,0,1,3,8.7,270.3,0,0,0,0,0,1
393700,63.674,0.0,0,0,1,0,5.724,0.0,0,0,1,0,6.399,-1.117,0,33.59,0,0,1,1,0,1,1,0,0,1,0,12192.0,2,1,1,1,0,0,1,3,7.0,271.6,0,0,0,0,0,1
393800,63.674,0.0,0,0,1,0,5.724,0.0,0,0,1,0,6.292,-1.067,0,33.79,0,0,1,1,0,1,1,0,0,1,0,12192.0,2,1,1,1,0,0,1,3,7.8,269.2,0,0,0,0,0,1
393900,63.674,0.0,0,0,1,0,5.724,0.0,0,0,1,0,6.19,-1.017,0,33.47,0,0,1,1,0,1,1,0,0,1,0,12192.0,2,1,1,1,0,0,1,3,7.1,267.6,0,0,0,0,0,1
394000,63.674,0.0,0,0,1,0,5.724,0.0,0,0,1,0,6.093,-0.967,0,33.65,0,0,1,1,0,1,1,0,0,1,0,12192.0,2,1,1,1,0,0,1,3,7.3,267.4,0,0,0,0,0,1
394100,63.674,0.0,0,0,1,0,5.724,0.0,0,0,1,0,6.002,-0.917,0,33.47,0,0,1,1,0,1,1,0,0,1,0,12192.0,2,1,1,1,0,0,1,3,7.7,266.4,0,0,0,0,0,1
394200,63.674,0.0,0,0,1,0,5.724,0.0,0,0,1,0,5.915,-0.868,0,33.65,0,0,1,1,0,1,1,0,0,1,0,12192.0,2,1,1,1,0,0,1,3,7.7,271.0,0,0,0,0,0,1
394300,63.674,0.0,0,0,1,0,5.724,0.0,0,0,1,0,5.833,-0.818,0,33.71,0,0,1,1,0,1,1,0,0,1,0,12192.0,2,1,1,1,0,0,1,3,8.1,271.7,0,0,0,0,0,1
394400,63.674,0.0,0,0,1,0,5.724,0.0,0,0,1,0,5.756,-0.768,0,33.8,0,0,1,1,0,1,1,0,0,1,0,12192.0,2,1,1,1,0,0,1,3,8.1,270.3,0,0,0,0,0,1
394500,63.674,0.0,0,0,1,0,5.724,0.0,0,0,1,0,5.685,-0.718,0,33.74,0,0,1,1,0,1,1,0,0,1,0,12192.0,2,1,1,1,0,0,1,3,8.2,268.9,0,0,0,0,0,1
394600,63.674,0.0,0,0,1,0,5.724,0.0,0,0,1,0,5.618,-0.669,0,33.64,0,0,1,1,0,1,1,0,0,1,0,12192.0,2,1,1,1,0,0,1,3,7.9,269.6,0,0,0,0,0,1
394700,63.674,0.0,0,0,1,0,5.724,0.0,0,0,1,0,5.556,-0.619,0,33.72,0,0,1,1,0,1,1,0,0,1,0,12192.0,2,1,1,1,0,0,1,3,7.9,269.3,0,0,0,0,0,1
394800,63.674,0.0,0,0,1,0,5.724,0.0,0,0,1,0,5.499,-0.569,0,33.62,0,0,1,1,0,1,1,0,0,1,0,12192.0,2,1,1,1,0,0,1,3,8.2,270.6,0,0,0,0,0,1
394900,63.674,0.0,0,0,1,0,5.724,0.0,0,0,1,0,5.447,-0.519,0,33.63,0,0,1,1,0,1,1,0,0,1,0,12192.0,2,1,1,1,0,0,1,3,8.3,267.6,0,0,0,0,0,1
395000,63.674,0.0,0,0,1,0,5.724,0.0,0,0,1,0,5.4,-0.47,0,33.55,0,0,1,1,0,1,1,0,0,1,0,12192.0,2,1,1,1,0,0,1,3,8.8,272.3,0,0,0,0,0,1
395100,63.674,0.0,0,0,1,0,5.724,0.0,0,0,1,0,5.358,-0.42,0,33.67,0,0,1,1,0,1,1,0,0,1,0,12192.0,2,1,1,1,0,0,1,3,8.1,269.3,0,0,0,0,0,1
395200,63.674,0.0,0,0,1,0,5.724,0.0,0,0,1,0,5.321,-0.37,0,33.66,0,0,1,1,0,1,1,0,0,1,0,12192.0,2,1,1,1,0,0,1,3,8.5,267.2,0,0,0,0,0,1
395300,63.674,0.0,0,0,1,0,5.724,0.0,0,0,1,0,5.289,-0.32,0,33.61,0,0,1,1,0,1,1,0,0,1,0,12192.0,2,1,1,1,0,0,1,3,9.1,271.0,0,0,0,0,0,1
395400,63.674,0.0,0,0,1,0,5.724,0.0,0,0,1,0,5.262,-0.271,0,33.57,0,0,1,1,0,1,1,0,0,1,0,12192.0,2,1,1,1,0,0,1,3,7.8,271.7,0,0,0,0,0,1
395500,63.674,0.0,0,0,1,0,5.724,0.0,0,0,1,0,5.24,-0.217,0,33.67,0,0,1,1,0,1,1,0,0,1,0,12192.0,2,1,1,1,0,0,1,3,8.0,270.0,0,0,0,0,0,1
395600,63.674,0.0,0,0,1,0,5.724,0.0,0,0,1,0,5.224,-0.16,0,33.73,0,0,1,1,0,1,1,0,0,1,0,12192.0,2,1,1,1,0,0,1,3,8.5,272.6,0,0,0,0,0,1
395700,63.674,0.0,0,0,1,0,5.724,0.0,0,0,1,0,5.214,-0.098,0,33.51,0,0,1,1,0,1,1,0,0,1,0,12192.0,2,1,1,1,0,0,1,3,7.3,268.1,0,0,0,0,0,1
395800,63.674,0.0,0,0,0,0,5.724,0.0,0,0,0,0,5.209,0.0,0,32.09,0,0,0,0,0,1,1,0,0,1,0,12192.0,2,1,1,0,1,0,1,3,8.9,269.9,0,0,0,0,0,1
395900,63.674,0.0,0,0,0,0,5.724,0.0,0,0,0,0,5.209,0.0,0,32.09,0,0,0,0,0,1,1,0,1,1,0,12192.0,2,1,1,0,1,0,1,3,8.1,273.6,0,0,0,0,0,1
396000,63.674,0.0,0,0,0,0,5.724,0.0,0,0,0,0,5.209,0.0,0,32.0,0,0,0,0,0,1,1,0,1,1,0,12192.0,2,1,1,0,1,0,1,3,7.7,270.9,0,0,0,0,0,1
396100,63.674,0.0,0,0,0,0,5.724,0.0,0,0,0,0,5.209,0.0,0,31.97,0,0,0,0,0,1,1,0,1,1,0,12192.0,2,1,1,0,1,0,1,3,8.9,273.2,0,0,0,0,0,1
396200,63.674,0.0,0,0,0,0,5.724,0.0,0,0,0,0,5.209,0.0,0,31.85,0,0,0,0,0,1,1,0,1,1,0,12192.0,2,1,1,0,1,0,1,3,8.6,270.7,0,0,0,0,0,1
396300,63.674,0.0,0,0,0,0,5.724,0.0,0,0,0,0,5.209,0.0,0,32.17,0,0,0,0,0,1,1,0,1,1,0,12192.0,2,1,1,0,1,0,1,3,9.2,272.8,0,0,0,0,0,1
396400,63.674,0.0,0,0,0,0,5.724,0.0,0,0,0,0,5.209,0.0,0,32.0,0,0,0,0,0,1,1,0,1,1,0,12192.0,2,1,1,0,1,0,1,3,9.1,272.8,0,0,0,0,0,1
396500,63.674,0.0,0,0,0,0,5.724,0.0,0,0,0,0,5.209,0.0,0,31.84,0,0,0,0,0,1,1,0,1,1,0,12192.0,2,1,1,0,1,0,1,3,8.7,270.2,0,0,0,0,0,1
396600,63.674,0.0,0,0,0,0,5.724,0.0,0,0,0,0,5.209,0.0,0,32.02,0,0,0,0,0,1,1,0,1,1,0,12192.0,2,1,1,0,1,0,1,3,8.5,272.4,0,0,0,0,0,1
396700,63.674,0.0,0,0,0,0,5.724,0.0,0,0,0,0,5.209,0.0,0,32.21,0,0,0,0,0,1,1,0,1,1,0,12192.0,2,1,1,0,1,0,1,3,9.6,265.4,0,0,0,0,0,1
396800,63.674,0.0,0,0,0,0,5.724,0.0,0,0,0,0,5.209,0.0,0,32.1,0,0,0,0,0,1,1,0,1,1,0,12192.0,2,1,1,0,1,0,1,3,8.8,270.2,0,0,0,0,0,1
396900,63.674,0.0,0,0,0,0,5.724,0.0,0,0,0,0,5.209,0.0,0,32.14,0,0,0,0,0,1,1,0,1,1,0,12192.0,2,1,1,0,1,0,1,3,8.7,273.5,0,0,0,0,0,1
397000,63.674,0.0,0,0,0,0,5.724,0.0,0,0,0,0,5.209,0.0,0,0.0,0,0,0,0,0,1,0,1,1,1,0,12192.0,2,1,1,0,1,0,1,3,8.9,267.8,0,0,0,0,0,1
397100,63.674,0.0,0,0,0,0,5.724,0.0,0,0,0,0,5.209,0.0,0,0.0,0,0,0,0,0,1,0,1,1,1,0,12192.0,2,1,1,0,1,0,1,3,8.7,271.2,0,0,0,0,0,1
397200,63.674,0.0,0,0,0,0,5.724,0.0,0,0,0,0,5.209,0.0,0,0.0,0,0,0,0,0,1,0,1,1,1,0,12192.0,2,1,1,0,1,0,1,3,8.8,269.7,0,0,0,0,0,1
397300,63.674,0.0,0,0,0,0,5.724,0.0,0,0,0,0,5.209,0.0,0,0.0,0,0,0,0,0,1,0,1,1,1,0,12192.0,2,1,1,0,1,0,1,3,8.8,271.1,0,0,0,0,0,1
397400,63.674,0.0,0,0,0,0,5.724,0.0,0,0,0,0,5.209,0.0,0,0.0,0,0,0,0,0,1,0,1,1,1,0,12192.0,2,1,1,0,1,0,1,3,8.5,269.1,0,0,0,0,0,1
397500,63.674,0.0,0,0,0,0,5.724,0.0,0,0,0,0,5.209,0.0,0,0.0,0,0,0,0,0,1,0,1,1,1,0,12192.0,2,1,1,0,1,0,1,3,8.1,269.0,0,0,0,0,0,1
397600,63.674,0.0,0,0,0,0,5.724,0.0,0,0,0,0,5.209,0.0,0,0.0,0,0,0,0,0,1,0,1,1,1,0,12192.0,2,1,1,0,1,0,1,3,9.0,269.5,0,0,0,0,0,1
397700,63.674,0.0,0,0,0,0,5.724,0.0,0,0,0,0,5.209,0.0,0,0.0,0,0,0,0,0,1,0,1,1,1,0,12192.0,2,1,1,0,1,0,1,3,7.9,269.6,0,0,0,0,0,1
397800,63.674,0.0,0,0,0,0,5.724,0.0,0,0,0,0,5.209,0.0,0,0.0,0,0,0,0,0,1,0,1,1,1,0,12192.0,2,1,1,0,1,0,1,3,8.5,264.0,0,0,0,0,0,1
397900,63.674,0.0,0,0,0,0,5.724,0.0,0,0,0,0,5.209,0.0,0,0.0,0,0,0,0,0,1,0,1,1,1,0,12192.0,2,1,1,0,1,0,1,3,8.3,270.6,0,0,0,0,0,1
398000,63.674,0.0,0,0,0,0,5.724,0.0,0,0,0,0,5.209,0.0,0,0.0,0,0,0,0,0,1,0,1,1,1,0,12192.0,2,1,1,0,1,0,1,3,8.0,270.7,0,0,0,0,0,1
398100,63.674,0.0,0,0,0,0,5.724,0.0,0,0,0,0,5.209,0.0,0,0.0,0,0,0,0,0,1,0,1,1,1,0,12192.0,2,1,1,0,1,0,1,3,8.4,269.7,0,0,0,0,0,1
398200,63.674,0.0,0,0,0,0,5.724,0.0,0,0,0,0,5.209,0.0,0,0.0,0,0,0,0,0,1,0,1,1,1,0,12192.0,2,1,1,0,1,0,1,3,8.7,270.4,0,0,0,0,0,1
398300,63.674,0.0,0,0,0,0,5.724,0.0,0,0,0,0,5.209,0.0,0,0.0,0,0,0,0,0,1,0,1,1,1,0,12192.0,2,1,1,0,1,0,1,3,8.5,271.3,0,0,0,0,0,1
398400,63.674,0.0,0,0,0,0,5.724,0.0,0,0,0,0,5.209,0.0,0,0.0,0,0,0,0,0,1,0,1,1,1,0,12192.0,2,1,1,0,1,0,1,3,7.5,268.0,0,0,0,0,0,1
398500,63.674,0.0,0,0,1,0,5.724,0.0,0,0,1,0,5.214,0.05,1,0.0,0,0,1,1,0,1,0,1,0,0,0,12192.0,2,1,1,1,0,0,1,3,7.5,273.4,0,0,0,0,0,1
398600,63.674,0.0,0,0,1,0,5.724,0.0,0,0,1,0,5.224,0.1,1,0.0,0,0,1,1,0,1,0,1,0,0,0,12192.0,2,1,1,1,0,0,1,3,8.1,266.3,0,0,0,0,0,1
398700,63.674,0.0,0,0,1,0,5.724,0.0,0,0,1,0,5.239,0.149,1,0.0,0,0,1,1,0,1,0,1,0,0,0,12192.0,2,1,1,1,0,0,1,3,8.2,266.6,0,0,0,0,0,1
398800,63.674,0.0,0,0,1,0,5.724,0.0,0,0,1,0,5.259,0.199,1,0.0,0,0,1,1,0,1,0,1,0,0,0,12192.0,2,1,1,1,0,0,1,3,9.0,267.5,0,0,0,0,0,1
398900,63.674,0.0,0,0,1,0,5.724,0.0,0,0,1,0,5.284,0.249,1,0.0,0,0,1,1,0,1,0,1,0,0,0,12192.0,2,1,1,1,0,0,1,3,9.2,272.0,0,0,0,0,0,1
399000,63.674,0.0,0,0,1,0,5.724,0.0,0,0,1,0,5.314,0.299,1,0.0,0,0,1,1,0,1,0,1,0,0,0,12192.0,2,1,1,1,0,0,1,3,8.4,270.3,0,0,0,0,0,1
399100,63.674,0.0,0,0,1,0,5.724,0.0,0,0,1,0,5.349,0.348,1,0.0,0,0,1,1,0,1,0,1,0,0,0,12192.0,2,1,1,1,0,0,1,3,8.2,271.2,0,0,0,0,0,1
399200,63.674,0.0,0,0,1,0,5.724,0.0,0,0,1,0,5.389,0.398,1,0.0,0,0,1,1,0,1,0,1,0,0,0,12192.0,2,1,1,1,0,0,1,3,7.7,271.8,0,0,0,0,0,1
399300,63.674,0.0,0,0,1,0,5.724,0.0,0,0,1,0,5.433,0.448,1,0.0,0,0,1,1,0,1,0,1,0,0,0,12192.0,2,1,1,1,0,0,1,3,8.1,275.4,0,0,0,0,0,1
399400,63.674,0.0,0,0,1,0,5.724,0.0,0,0,1,0,5.483,0.498,1,0.0,0,0,1,1,0,1,0,1,0,0,0,12192.0,2,1,1,1,0,0,1,3,8.0,270.7,0,0,0,0,0,1
399500,63.674,0.0,0,0,1,0,5.724,0.0,0,0,1,0,5.538,0.547,1,0.0,0,0,1,1,0,1,0,1,0,0,0,12192.0,2,1,1,1,0,0,1,3,8.4,265.4,0,0,0,0,0,1
399600,63.674,0.0,0,0,1,0,5.724,0.0,0,0,1,0,5.598,0.597,1,0.0,0,0,1,1,0,1,0,1,0,0,0,12192.0,2,1,1,1,0,0,1,3,8.2,267.4,0,0,0,0,0,1
399700,63.674,0.0,0,0,1,0,5.724,0.0,0,0,1,0,5.662,0.647,1,0.0,0,0,1,1,0,1,0,1,0,0,0,12192.0,2,1,1,1,0,0,1,3,8.0,269.3,0,0,0,0,0,1
399800,63.674,0.0,0,0,1,0,5.724,0.0,0,0,1,0,5.732,0.697,1,0.0,0,0,1,1,0,1,0,1,0,0,0,12192.0,2,1,1,1,0,0,1,3,7.9,274.3,0,0,0,0,0,1
399900,63.674,0.0,0,0,1,0,5.724,0.0,0,0,1,0,5.807,0.746,1,0.0,0,0,1,1,0,1,0,1,0,0,0,12192.0,2,1,1,1,0,0,1,3,7.4,271.6,0,0,0,0,0,1
400000,63.674,0.0,0,0,1,0,5.724,0.0,0,0,1,0,5.886,0.796,1,0.0,0,0,1,1,0,1,0,1,0,0,0,12192.0,2,1,1,1,0,0,1,3,8.3,273.1,0,0,0,0,0,1
400100,63.674,0.0,0,0,1,0,5.724,0.0,0,0,1,0,5.971,0.846,1,0.0,0,0,1,1,0,1,0,1,0,0,0,12192.0,2,1,1,1,0,0,1,3,7.3,267.2,0,0,0,0,0,1
400200,63.674,0.0,0,0,1,0,5.724,0.0,0,0,1,0,6.06,0.896,1,0.0,0,0,1,1,0,1,0,1,0,0,0,12192.0,2,1,1,1,0,0,1,3,7.9,269.0,0,0,0,0,0,1
400300,63.674,0.0,0,0,1,0,5.724,0.0,0,0,1,0,6.155,0.945,1,0.0,0,0,1,1,0,1,0,1,0,0,0,12192.0,2,1,1,1,0,0,1,3,7.8,271.1,0,0,0,0,0,1
400400,63.674,0.0,0,0,1,0,5.724,0.0,0,0,1,0,6.254,0.995,1,0.0,0,0,1,1,0,1,0,1,0,0,0,12192.0,2,1,1,1,0,0,1,3,7.5,268.2,0,0,0,0,0,1
400500,63.674,0.0,0,0,1,0,5.724,0.0,0,0,1,0,6.359,1.045,1,0.0,0,0,1,1,0,1,0,1,0,0,0,12192.0,2,1,1,1,0,0,1,3,6.8,272.0,0,0,0,0,0,1
400600,63.674,0.0,0,0,1,0,5.724,0.0,0,0,1,0,6.468,1.095,1,0.0,0,0,1,1,0,1,0,1,0,0,0,12192.0,2,1,1,1,0,0,1,3,7.3,270.3,0,0,0,0,0,1
400700,63.674,0.0,0,0,1,0,5.724,0.0,0,0,1,0,6.583,1.145,1,0.0,0,0,1,1,0,1,0,1,0,0,0,12192.0,2,1,1,1,0,0,1,3,7.4,273.3,0,0,0,0,0,1
400800,63.674,0.0,0,0,1,0,5.724,0.0,0,0,1,0,6.702,1.194,1,0.0,0,0,1,1,0,1,0,1,0,0,0,12192.0,2,1,1,1,0,0,1,3,7.2,270.3,0,0,0,0,0,1
400900,63.674,0.0,0,0,1,0,5.724,0.0,0,0,1,0,6.827,1.244,1,0.0,0,0,1,1,0,1,0,1,0,0,0,12192.0,2,1,1,1,0,0,1,3,7.7,271.9,0,0,0,0,0,1
401000,63.674,0.0,0,0,1,0,5.724,0.0,0,0,1,0,6.953,1.266,1,0.0,0,0,1,1,0,1,0,1,0,0,0,12192.0,2,1,1,1,0,0,1,3,7.9,267.3,0,0,0,0,0,1
401100,63.674,0.0,0,0,1,0,5.724,0.0,0,0,1,0,7.08,1.266,1,0.0,0,0,1,1,0,1,0,1,0,0,0,12192.0,2,1,1,1,0,0,1,3,7.3,271.1,0,0,0,0,0,1
401200,63.674,0.0,0,0,1,0,5.724,0.0,0,0,1,0,7.206,1.266,1,0.0,0,0,1,1,0,1,0,1,0,0,0,12192.0,2,1,1,1,0,0,1,3,6.9,265.9,0,0,0,0,0,1
401300,63.674,0.0,0,0,1,0,5.724,0.0,0,0,1,0,7.333,1.266,1,0.0,0,0,1,1,0,1,0,1,0,0,0,12192.0,2,1,1,1,0,0,1,3,7.5,267.6,0,0,0,0,0,1
401400,63.674,0.0,0,0,1,0,5.724,0.0,0,0,1,0,7.46,1.266,1,0.0,0,0,1,1,0,1,0,1,0,0,0,12192.0,2,1,1,1,0,0,1,3,7.8,269.6,0,0,0,0,0,1
401500,63.674,0.0,0,0,1,0,5.724,0.0,0,0,1,0,7.586,1.266,1,0.0,0,0,1,1,0,1,0,1,0,0,0,12192.0,2,1,1,1,0,0,1,3,7.7,266.1,0,0,0,0,0,1
401600,63.674,0.0,0,0,1,0,5.724,0.0,0,0,1,0,7.713,1.266,1,0.0,0,0,1,1,0,1,0,1,0,0,0,12192.0,2,1,1,1,0,0,1,3,7.3,269.7,0,0,0,0,0,1
401700,63.674,0.0,0,0,1,0,5.724,0.0,0,0,1,0,7.839,1.266,1,0.0,0,0,1,1,0,1,0,1,0,0,0,12192.0,2,1,1,1,0,0,1,3,7.4,269.3,0,0,0,0,0,1
401800,63.674,0.0,0,0,1,0,5.724,0.0,0,0,1,0,7.966,1.266,1,0.0,0,0,1,1,0,1,0,1,0,0,0,12192.0,2,1,1,1,0,0,1,3,6.7,273.2,0,0,0,0,0,1
401900,63.674,0.0,0,0,1,0,5.724,0.0,0,0,1,0,8.092,1.266,1,0.0,0,0,1,1,0,1,0,1,0,0,0,12192.0,2,1,1,1,0,0,1,3,7.2,270.4,0,0,0,0,0,1
402000,63.674,0.0,0,0,1,0,5.724,0.0,0,0,1,0,8.219,1.266,1,0.0,0,0,1,1,0,1,0,1,0,0,0,12192.0,2,1,1,1,0,0,1,3,7.8,269.8,0,0,0,0,0,1
402100,63.674,0.0,0,0,1,0,5.724,0.0,0,0,1,0,8.346,1.266,1,0.0,0,0,1,1,0,1,0,1,0,0,0,12192.0,2,1,1,1,0,0,1,3,8.4,272.0,0,0,0,0,0,1
402200,63.674,0.0,0,0,1,0,5.724,0.0,0,0,1,0,8.472,1.266,1,0.0,0,0,1,1,0,1,0,1,0,0,0,12192.0,2,1,1,1,0,0,1,3,8.1,269.6,0,0,0,0,0,1
402300,63.674,0.0,0,0,1,0,5.724,0.0,0,0,1,0,8.599,1.266,1,0.0,0,0,1,1,0,1,0,1,0,0,0,12192.0,2,1,1,1,0,0,1,3,8.0,271.3,0,0,0,0,0,1
402400,63.674,0.0,0,0,1,0,5.724,0.0,0,0,1,0,8.725,1.266,1,0.0,0,0,1,1,0,1,0,1,0,0,0,12192.0,2,1,1,1,0,0,1,3,7.1,267.9,0,0,0,0,0,1
402500,63.674,0.0,0,0,1,0,5.724,0.0,0,0,1,0,8.852,1.266,1,0.0,0,0,1,1,0,1,0,1,0,0,0,12192.0,2,1,1,1,0,0,1,3,7.6,271.8,0,0,0,0,0,1
402600,63.674,0.0,0,0,1,0,5.724,0.0,0,0,1,0,8.979,1.266,1,0.0,0,0,1,1,0,1,0,1,0,0,0,12192.0,2,1,1,1,0,0,1,3,7.6,269.5,0,0,0,0,0,1
402700,63.674,0.0,0,0,1,0,5.724,0.0,0,0,1,0,9.105,1.266,1,0.0,0,0,1,1,0,1,0,1,0,0,0,12192.0,2,1,1,1,0,0,1,3,7.7,267.9,0,0,0,0,0,1
402800,63.674,0.0,0,0,1,0,5.724,0.0,0,0,1,0,9.232,1.266,1,0.0,0,0,1,1,0,1,0,1,0,0,0,12192.0,2,1,1,1,0,0,1,3,7.4,272.6,0,0,0,0,0,1
402900,63.674,0.0,0,0,1,0,5.724,0.0,0,0,1,0,9.358,1.266,1,0.0,0,0,1,1,0,1,0,1,0,0,0,12192.0,2,1,1,1,0,0,1,3,7.6,267.8,0,0,0,0,0,1
403000,63.674,0.0,0,0,1,0,5.724,0.0,0,0,1,0,9.485,1.266,1,0.0,0,0,1,1,0,1,0,1,0,0,0,12192.0,2,1,1,1,0,0,1,3,7.1,268.0,0,0,0,0,0,1
403100,63.674,0.0,0,0,1,0,5.724,0.0,0,0,1,0,9.611,1.266,1,0.0,0,0,1,1,0,1,0,1,0,0,0,12192.0,2,1,1,1,0,0,1,3,7.1,269.7,0,0,0,0,0,1
403200,63.674,0.0,0,0,1,0,5.724,0.0,0,0,1,0,9.738,1.266,1,0.0,0,0,1,1,0,1,0,1,0,0,0,12192.0,2,1,1,1,0,0,1,3,7.9,267.5,0,0,0,0,0,1
403300,63.674,0.0,0,0,1,0,5.724,0.0,0,0,1,0,9.865,1.266,1,0.0,0,0,1,1,0,1,0,1,0,0,0,12192.0,2,1,1,1,0,0,1,3,8.4,267.2,0,0,0,0,0,1
403400,63.674,0.0,0,0,1,0,5.724,0.0,0,0,1,0,9.991,1.266,1,0.0,0,0,1,1,0,1,0,1,0,0,0,12192.0,2,1,1,1,0,0,1,3,7.5,270.2,0,0,0,0,0,1
403500,63.674,0.0,0,0,1,0,5.724,0.0,0,0,1,0,10.118,1.266,1,0.0,0,0,1,1,0,1,0,1,0,0,0,12192.0,2,1,1,1,0,0,1,3,7.8,271.1,0,0,0,0,0,1
403600,63.674,0.0,0,0,1,0,5.724,0.0,0,0,1,0,10.244,1.266,1,0.0,0,0,1,1,0,1,0,1,0,0,0,12192.0,2,1,1,1,0,0,1,3,8.8,267.3,0,0,0,0,0,1
403700,63.674,0.0,0,0,1,0,5.724,0.0,0,0,1,0,10.371,1.266,1,0.0,0,0,1,1,0,1,0,1,0,0,0,12192.0,2,1,1,1,0,0,1,3,7.7,269.8,0,0,0,0,0,1
403800,63.674,0.0,0,0,1,0,5.724,0.0,0,0,1,0,10.498,1.266,1,0.0,0,0,1,1,0,1,0,1,0,0,0,12192.0,2,1,1,1,0,0,1,3,8.2,268.7,0,0,0,0,0,1
403900,63.674,0.0,0,0,1,0,5.724,0.0,0,0,1,0,10.624,1.266,1,0.0,0,0,1,1,0,1,0,1,0,0,0,12192.0,2,1,1,1,0,0,1,3,8.1,273.6,0,0,0,0,0,1
404000,63.674,0.0,0,0,1,0,5.724,0.0,0,0,1,0,10.751,1.266,1,0.0,0,0,1,1,0,1,0,1,0,0,0,12192.0,2,1,1,1,0,0,1,3,7.6,271.4,0,0,0,0,0,1
404100,63.674,0.0,0,0,1,0,5.724,0.0,0,0,1,0,10.877,1.266,1,0.0,0,0,1,1,0,1,0,1,0,0,0,12192.0,2,1,1,1,0,0,1,3,7.4,267.8,0,0,0,0,0,1
404200,63.674,0.0,0,0,1,0,5.724,0.0,0,0,1,0,11.004,1.266,1,0.0,0,0,1,1,0,1,0,1,0,0,0,12192.0,2,1,1,1,0,0,1,3,8.6,270.6,0,0,0,0,0,1
404300,63.674,0.0,0,0,1,0,5.724,0.0,0,0,1,0,11.13,1.266,1,0.0,0,0,1,1,0,1,0,1,0,0,0,12192.0,2,1,1,1,0,0,1,3,8.6,273.7,0,0,0,0,0,1
404400,63.674,0.0,0,0,1,0,5.724,0.0,0,0,1,0,11.257,1.266,1,0.0,0,0,1,1,0,1,0,1,0,0,0,12192.0,2,1,1,1,0,0,1,3,7.8,268.1,0,0,0,0,0,1
404500,63.674,0.0,0,0,1,0,5.724,0.0,0,0,1,0,11.384,1.266,1,0.0,0,0,1,1,0,1,0,1,0,0,0,12192.0,2,1,1,1,0,0,1,3,7.9,272.5,0,0,0,0,0,1
404600,63.674,0.0,0,0,1,0,5.724,0.0,0,0,1,0,11.51,1.266,1,0.0,0,0,1,1,0,1,0,1,0,0,0,12192.0,2,1,1,1,0,0,1,3,7.9,270.7,0,0,0,0,0,1
404700,63.674,0.0,0,0,1,0,5.724,0.0,0,0,1,0,11.637,1.266,1,0.0,0,0,1,1,0,1,0,1,0,0,0,12192.0,2,1,1,1,0,0,1,3,8.6,268.6,0,0,0,0,0,1
404800,63.674,0.0,0,0,1,0,5.724,0.0,0,0,1,0,11.763,1.266,1,0.0,0,0,1,1,0,1,0,1,0,0,0,12192.0,2,1,1,1,0,0,1,3,8.0,271.2,0,0,0,0,0,1
404900,63.674,0.0,0,0,1,0,5.724,0.0,0,0,1,0,11.885,1.216,1,0.0,0,0,1,1,0,1,0,1,0,0,0,12192.0,2,1,1,1,0,0,1,3,8.3,268.9,0,0,0,0,0,1
405000,63.674,0.0,0,0,1,0,5.724,0.0,0,0,1,0,12.002,1.166,1,0.0,0,0,1,1,0,1,0,1,0,0,0,12192.0,2,1,1,1,0,0,1,3,8.7,271.0,0,0,0,0,0,1
405100,63.674,0.0,0,0,1,0,5.724,0.0,0,0,1,0,12.113,1.117,1,0.0,0,0,1,1,0,1,0,1,0,0,0,12192.0,2,1,1,1,0,0,1,3,8.7,269.0,0,0,0,0,0,1
405200,63.674,0.0,0,0,1,0,5.724,0.0,0,0,1,0,12.22,1.067,1,0.0,0,0,1,1,0,1,0,1,0,0,0,12192.0,2,1,1,1,0,0,1,3,8.0,271.3,0,0,0,0,0,1
405300,63.674,0.0,0,0,1,0,5.724,0.0,0,0,1,0,12.322,1.017,1,0.0,0,0,1,1,0,1,0,1,0,0,0,12192.0,2,1,1,1,0,0,1,3,8.5,268.8,0,0,0,0,0,1
405400,63.674,0.0,0,0,1,0,5.724,0.0,0,0,1,0,12.418,0.967,1,0.0,0,0,1,1,0,1,0,1,0,0,0,12192.0,2,1,1,1,0,0,1,3,8.6,270.7,0,0,0,0,0,1
405500,63.674,0.0,0,0,1,0,5.724,0.0,0,0,1,0,12.51,0.917,1,0.0,0,0,1,1,0,1,0,1,0,0,0,12192.0,2,1,1,1,0,0,1,3,8.4,275.4,0,0,0,0,0,1
405600,63.674,0.0,0,0,1,0,5.724,0.0,0,0,1,0,12.597,0.868,1,0.0,0,0,1,1,0,1,0,1,0,0,0,12192.0,2,1,1,1,0,0,1,3,8.6,270.6,0,0,0,0,0,1
405700,63.674,0.0,0,0,1,0,5.724,0.0,0,0,1,0,12.679,0.818,1,0.0,0,0,1,1,0,1,0,1,0,0,0,12192.0,2,1,1,1,0,0,1,3,9.0,272.9,0,0,0,0,0,1
405800,63.674,0.0,0,0,1,0,5.724,0.0,0,0,1,0,12.756,0.768,1,0.0,0,0,1,1,0,1,0,1,0,0,0,12192.0,2,1,1,1,0,0,1,3,8.5,268.5,0,0,0,0,0,1
405900,63.674,0.0,0,0,1,0,5.724,0.0,0,0,1,0,12.827,0.718,1,0.0,0,0,1,1,0,1,0,1,0,0,0,12192.0,2,1,1,1,0,0,1,3,8.0,270.5,0,0,0,0,0,1
406000,63.674,0.0,0,0,1,0,5.724,0.0,0,0,1,0,12.894,0.669,1,0.0,0,0,1,1,0,1,0,1,0,0,0,12192.0,2,1,1,1,0,0,1,3,8.5,271.1,0,0,0,0,0,1
406100,63.674,0.0,0,0,1,0,5.724,0.0,0,0,1,0,12.956,0.619,1,0.0,0,0,1,1,0,1,0,1,0,0,0,12192.0,2,1,1,1,0,0,1,3,8.4,267.5,0,0,0,0,0,1
406200,63.674,0.0,0,0,1,0,5.724,0.0,0,0,1,0,13.013,0.569,1,0.0,0,0,1,1,0,1,0,1,0,0,0,12192.0,2,1,1,1,0,0,1,3,8.6,272.2,0,0,0,0,0,1
406300,63.674,0.0,0,0,1,0,5.724,0.0,0,0,1,0,13.065,0.519,1,0.0,0,0,1,1,0,1,0,1,0,0,0,12192.0,2,1,1,1,0,0,1,3,8.8,272.6,0,0,0,0,0,1
406400,63.674,0.0,0,0,1,0,5.724,0.0,0,0,1,0,13.112,0.47,1,0.0,0,0,1,1,0,1,0,1,0,0,0,12192.0,2,1,1,1,0,0,1,3,8.6,268.0,0,0,0,0,0,1
406500,63.674,0.0,0,0,1,0,5.724,0.0,0,0,1,0,13.154,0.42,1,0.0,0,0,1,1,0,1,0,1,0,0,0,12192.0,2,1,1,1,0,0,1,3,8.2,266.8,0,0,0,0,0,1
406600,63.674,0.0,0,0,1,0,5.724,0.0,0,0,1,0,13.196,0.421,1,0.0,0,0,1,1,0,1,0,1,0,0,0,12192.0,2,1,1,1,0,0,1,3,8.2,270.8,0,0,0,0,0,1
406700,63.674,0.0,0,0,1,0,5.724,0.0,0,0,1,0,13.233,0.368,1,0.0,0,0,1,1,0,1,0,1,0,0,0,12192.0,2,1,1,1,0,0,1,3,8.7,269.5,0,0,0,0,0,1
406800,63.674,0.0,0,0,1,0,5.724,0.0,0,0,1,0,13.264,0.315,1,0.0,0,0,1,1,0,1,0,1,0,0,0,12192.0,2,1,1,1,0,0,1,3,9.0,270.4,0,0,0,0,0,1
406900,63.674,0.0,0,0,1,0,5.724,0.0,0,0,1,0,13.29,0.26,1,0.0,0,0,1,1,0,1,0,1,0,0,0,12192.0,2,1,1,1,0,0,1,3,9.2,268.5,0,0,0,0,0,1
407000,63.674,0.0,0,0,1,0,5.724,0.0,0,0,1,0,13.311,0.204,1,0.0,0,0,1,1,0,1,0,1,0,0,0,12192.0,2,1,1,1,0,0,1,3,7.8,271.4,0,0,0,0,0,1
407100,63.674,0.0,0,0,1,0,5.724,0.0,0,0,1,0,13.325,0.146,1,0.0,0,0,1,1,0,1,0,1,0,0,0,12192.0,2,1,1,1,0,0,1,3,8.8,271.6,0,0,0,0,0,1
407200,63.674,0.0,0,0,1,0,5.724,0.0,0,0,1,0,13.334,0.083,1,0.0,0,0,1,1,0,1,0,1,0,0,0,12192.0,2,1,1,1,0,0,1,3,9.1,270.6,0,0,0,0,0,1
407300,63.674,0.0,0,0,0,0,5.724,0.0,0,0,0,0,13.337,0.0,0,0.0,0,0,0,0,0,1,0,1,0,0,0,12192.0,2,1,1,0,1,0,1,3,8.8,271.1,0,0,0,0,0,1
407400,63.676,0.015,1,1,1,0,5.73,0.056,1,1,1,0,13.332,-0.05,0,0.0,0,0,1,1,0,1,0,1,0,0,0,12192.0,2,1,1,1,0,0,1,4,8.2,271.7,0,0,0,0,0,1
407500,63.679,0.03,1,1,1,0,5.741,0.112,1,1,1,0,13.322,-0.1,0,0.0,0,0,1,1,0,1,0,1,0,0,0,12192.0,2,1,1,1,0,0,1,4,8.2,270.1,0,0,0,0,0,1
407600,63.683,0.045,1,1,1,0,5.758,0.167,1,1,1,0,13.307,-0.149,0,0.0,0,0,1,1,0,1,0,1,0,0,0,12192.0,2,1,1,1,0,0,1,4,7.8,271.2,0,0,0,0,0,1
407700,63.689,0.059,1,1,1,0,5.78,0.223,1,1,1,0,13.287,-0.199,0,0.0,0,0,1,1,0,1,0,1,0,0,0,12192.0,2,1,1,1,0,0,1,4,8.0,271.3,0,0,0,0,0,1
407800,63.696,0.074,1,1,1,0,5.808,0.279,1,1,1,0,13.262,-0.249,0,0.0,0,0,1,1,0,1,0,1,0,0,0,12192.0,2,1,1,1,0,0,1,4,8.6,269.7,0,0,0,0,0,1
407900,63.705,0.089,1,1,1,0,5.841,0.335,1,1,1,0,13.243,-0.199,0,0.0,0,0,1,1,0,1,0,1,0,0,0,12192.0,2,1,1,1,0,0,1,4,8.1,266.7,0,0,0,0,0,1
408000,63.716,0.104,1,1,1,0,5.88,0.391,1,1,1,0,13.228,-0.149,0,0.0,0,0,1,1,0,1,0,1,0,0,0,12192.0,2,1,1,1,0,0,1,4,9.0,274.1,0,0,0,0,0,1
408100,63.728,0.119,1,1,1,0,5.925,0.447,1,1,1,0,13.218,-0.1,0,0.0,0,0,1,1,0,1,0,1,0,0,0,12192.0,2,1,1,1,0,0,1,4,8.4,274.5,0,0,0,0,0,1
408200,63.741,0.134,1,1,1,0,5.975,0.502,1,1,1,0,13.207,-0.109,0,0.0,0,0,1,1,0,1,0,1,0,0,0,12192.0,2,1,1,1,0,0,1,4,7.6,268.1,0,0,0,0,0,1
408300,63.756,0.148,1,1,1,0,6.031,0.558,1,1,1,0,13.202,0.0,0,0.0,0,0,0,1,0,1,0,1,0,0,0,12192.0,2,1,1,1,0,0,1,4,7.2,267.2,0,0,0,0,0,1
408400,63.772,0.163,1,1,1,0,6.092,0.614,1,1,1,0,13.202,0.0,0,0.0,0,0,0,1,0,1,0,1,0,0,0,12192.0,2,1,1,1,0,0,1,4,8.4,270.0,0,0,0,0,0,1
408500,63.79,0.178,1,1,1,0,6.159,0.67,1,1,1,0,13.202,0.0,0,0.0,0,0,0,1,0,1,0,1,0,0,0,12192.0,2,1,1,1,0,0,1,4,8.4,272.5,0,0,0,0,0,1
408600,63.809,0.193,1,1,1,0,6.232,0.726,1,1,1,0,13.202,0.0,0,0.0,0,0,0,1,0,1,0,1,0,0,0,12192.0,2,1,1,1,0,0,1,4,8.5,271.6,0,0,0,0,0,1
408700,63.83,0.208,1,1,1,0,6.31,0.781,1,1,1,0,13.202,0.0,0,0.0,0,0,0,1,0,1,0,1,0,0,0,12192.0,2,1,1,1,0,0,1,4,8.0,269.9,0,0,0,0,0,1
408800,63.852,0.223,1,1,1,0,6.394,0.837,1,1,1,0,13.202,0.0,0,0.0,0,0,0,1,0,1,0,1,0,0,0,12192.0,2,1,1,1,0,0,1,4,8.0,274.4,0,0,0,0,0,1
408900,63.876,0.238,1,1,1,0,6.483,0.893,1,1,1,0,13.202,0.0,0,0.0,0,0,0,1,0,1,0,1,0,0,0,12192.0,2,1,1,1,0,0,1,4,7.7,266.3,0,0,0,0,0,1
409000,63.901,0.252,1,1,1,0,6.578,0.949,1,1,1,0,13.202,0.0,0,0.0,0,0,0,1,0,1,0,1,0,0,0,12192.0,2,1,1,1,0,0,1,4,8.0,265.3,0,0,0,0,0,1
409100,63.928,0.267,1,1,1,0,6.679,1.005,1,1,1,0,13.202,0.0,0,0.0,0,0,0,1,0,1,0,1,0,0,0,12192.0,2,1,1,1,0,0,1,4,7.2,268.2,0,0,0,0,0,1
409200,63.956,0.282,1,1,1,0,6.785,1.061,1,1,1,0,13.202,0.0,0,0.0,0,0,0,1,0,1,0,1,0,0,0,12192.0,2,1,1,1,0,0,1,4,7.9,271.9,0,0,0,0,0,1
409300,63.986,0.297,1,1,1,0,6.896,1.116,1,1,1,0,13.202,0.0,0,0.0,0,0,0,1,0,1,0,1,0,0,0,12192.0,2,1,1,1,0,0,1,4,7.8,269.7,0,0,0,0,0,1
409400,64.016,0.297,1,1,1,0,7.013,1.172,1,1,1,0,13.202,0.0,0,0.0,0,0,0,1,0,1,0,1,0,0,0,12192.0,2,1,1,1,0,0,1,4,7.7,265.9,0,0,0,0,0,1
409500,64.044,0.282,1,1,1,0,7.136,1.228,1,1,1,0,13.202,0.0,0,0.0,0,0,0,1,0,1,0,1,0,0,0,12192.0,2,1,1,1,0,0,1,4,7.7,271.4,0,0,0,0,0,1
409600,64.07,0.267,1,1,1,0,7.265,1.284,1,1,1,0,13.202,0.0,0,0.0,0,0,0,1,0,1,0,1,0,0,0,12192.0,2,1,1,1,0,0,1,4,7.6,274.7,0,0,0,0,0,1
409700,64.096,0.251,1,1,1,0,7.399,1.34,1,1,1,0,13.202,0.0,0,0.0,0,0,0,1,0,1,0,1,0,0,0,12192.0,2,1,1,1,0,0,1,4,7.6,270.2,0,0,0,0,0,1
409800,64.119,0.236,1,1,1,0,7.538,1.395,1,1,1,0,13.202,0.0,0,0.0,0,0,0,1,0,1,0,1,0,0,0,12192.0,2,1,1,1,0,0,1,4,6.2,270.0,0,0,0,0,0,1
409900,64.141,0.221,1,1,1,0,7.683,1.451,1,1,1,0,13.202,0.0,0,0.0,0,0,0,1,0,1,0,1,0,0,0,12192.0,2,1,1,1,0,0,1,4,6.7,270.6,0,0,0,0,0,1
410000,64.162,0.205,1,1,1,0,7.834,1.507,1,1,1,0,13.202,0.0,0,0.0,0,0,0,1,0,1,0,1,0,0,0,12192.0,2,1,1,1,0,0,1,4,7.7,276.2,0,0,0,0,0,1
410100,64.181,0.19,1,1,1,0,7.99,1.563,1,1,1,0,13.202,0.0,0,0.0,0,0,0,1,0,1,0,1,0,0,0,12192.0,2,1,1,1,0,0,1,4,7.1,267.4,0,0,0,0,0,1
410200,64.198,0.174,1,1,1,0,8.152,1.619,1,1,1,0,13.202,0.0,0,0.0,0,0,0,1,0,1,0,1,0,0,0,12192.0,2,1,1,1,0,0,1,4,7.7,269.5,0,0,0,0,0,1
410300,64.214,0.159,1,1,1,0,8.32,1.675,1,1,1,0,13.202,0.0,0,0.0,0,0,0,1,0,1,0,1,0,0,0,12192.0,2,1,1,1,0,0,1,4,7.3,267.8,0,0,0,0,0,1
410400,64.228,0.143,1,1,1,0,8.493,1.73,1,1,1,0,13.202,0.0,0,0.0,0,0,0,1,0,1,0,1,0,0,0,12192.0,2,1,1,1,0,0,1,4,7.2,270.7,0,0,0,0,0,1
410500,64.241,0.128,1,1,1,0,8.671,1.786,1,1,1,0,13.202,0.0,0,0.0,0,0,0,1,0,1,0,1,0,0,0,12192.0,2,1,1,1,0,0,1,4,8.0,269.4,0,0,0,0,0,1
410600,64.252,0.112,1,1,1,0,8.855,1.842,1,1,1,0,13.202,0.0,0,0.0,0,0,0,1,0,1,0,1,0,0,0,12192.0,2,1,1,1,0,0,1,4,7.0,269.3,0,0,0,0,0,1
410700,64.262,0.096,1,1,1,0,9.034,1.786,1,1,1,0,13.202,0.0,0,0.0,0,0,0,1,0,1,0,1,0,0,0,12192.0,2,1,1,1,0,0,1,4,8.1,267.4,0,0,0,0,0,1
410800,64.27,0.079,1,1,1,0,9.207,1.73,1,1,1,0,13.202,0.0,0,0.0,0,0,0,1,0,1,0,1,0,0,0,12192.0,2,1,1,1,0,0,1,4,7.7,268.7,0,0,0,0,0,1
410900,64.276,0.063,1,1,1,0,9.375,1.675,1,1,1,0,13.202,0.0,0,0.0,0,0,0,1,0,1,0,1,0,0,0,12192.0,2,1,1,1,0,0,1,4,7.2,265.0,0,0,0,0,0,1
411000,64.281,0.046,1,1,1,0,9.536,1.619,1,1,1,0,13.202,0.0,0,0.0,0,0,0,1,0,1,0,1,0,0,0,12192.0,2,1,1,1,0,0,1,4,7.2,268.4,0,0,0,0,0,1
411100,64.283,0.027,1,1,1,0,9.693,1.563,1,1,1,0,13.202,0.0,0,0.0,0,0,0,1,0,1,0,1,0,0,0,12192.0,2,1,1,1,0,0,1,4,7.9,271.1,0,0,0,0,0,1
411200,64.285,0.0,0,0,1,0,9.843,1.507,1,1,1,0,13.202,0.0,0,0.0,0,0,0,1,0,1,0,1,0,0,0,12192.0,2,1,1,1,0,0,1,4,7.4,271.9,0,0,0,0,0,1
411300,64.285,0.0,0,0,1,0,9.989,1.451,1,1,1,0,13.202,0.0,0,0.0,0,0,0,1,0,1,0,1,0,0,0,12192.0,2,1,1,1,0,0,1,4,7.6,274.1,0,0,0,0,0,1
411400,64.285,0.0,0,0,1,0,10.128,1.395,1,1,1,0,13.202,0.0,0,0.0,0,0,0,1,0,1,0,1,0,0,0,12192.0,2,1,1,1,0,0,1,4,7.3,269.0,0,0,0,0,0,1
411500,64.285,0.0,0,0,1,0,10.262,1.34,1,1,1,0,13.202,0.0,0,0.0,0,0,0,1,0,1,0,1,0,0,0,12192.0,2,1,1,1,0,0,1,4,7.2,269.4,0,0,0,0,0,1
411600,64.285,0.0,0,0,1,0,10.39,1.284,1,1,1,0,13.202,0.0,0,0.0,0,0,0,1,0,1,0,1,0,0,0,12192.0,2,1,1,1,0,0,1,4,7.4,270.3,0,0,0,0,0,1
411700,64.285,0.0,0,0,1,0,10.513,1.228,1,1,1,0,13.202,0.0,0,0.0,0,0,0,1,0,1,0,1,0,0,0,12192.0,2,1,1,1,0,0,1,4,6.8,268.9,0,0,0,0,0,1
411800,64.285,0.0,0,0,1,0,10.63,1.172,1,1,1,0,13.202,0.0,0,0.0,0,0,0,1,0,1,0,1,0,0,0,12192.0,2,1,1,1,0,0,1,4,7.4,270.2,0,0,0,0,0,1
411900,64.285,0.0,0,0,1,0,10.742,1.116,1,1,1,0,13.202,0.0,0,0.0,0,0,0,1,0,1,0,1,0,0,0,12192.0,2,1,1,1,0,0,1,4,7.6,275.7,0,0,0,0,0,1
412000,64.285,0.0,0,0,1,0,10.848,1.061,1,1,1,0,13.202,0.0,0,0.0,0,0,0,1,0,1,0,1,0,0,0,12192.0,2,1,1,1,0,0,1,4,7.7,267.3,0,0,0,0,0,1
412100,64.285,0.0,0,0,1,0,10.949,1.005,1,1,1,0,13.202,0.0,0,0.0,0,0,0,1,0,1,0,1,0,0,0,12192.0,2,1,1,1,0,0,1,4,7.2,270.8,0,0,0,0,0,1
412200,64.285,0.0,0,0,1,0,11.043,0.949,1,1,1,0,13.202,0.0,0,0.0,0,0,0,1,0,1,0,1,0,0,0,12192.0,2,1,1,1,0,0,1,4,7.9,269.0,0,0,0,0,0,1
412300,64.285,0.0,0,0,1,0,11.133,0.893,1,1,1,0,13.202,0.0,0,0.0,0,0,0,1,0,1,0,1,0,0,0,12192.0,2,1,1,1,0,0,1,4,8.0,273.2,0,0,0,0,0,1
412400,64.285,0.0,0,0,1,0,11.217,0.837,1,1,1,0,13.202,0.0,0,0.0,0,0,0,1,0,1,0,1,0,0,0,12192.0,2,1,1,1,0,0,1,4,7.4,268.7,0,0,0,0,0,1
412500,64.285,0.0,0,0,1,0,11.295,0.781,1,1,1,0,13.202,0.0,0,0.0,0,0,0,1,0,1,0,1,0,0,0,12192.0,2,1,1,1,0,0,1,4,8.2,273.8,0,0,0,0,0,1
412600,64.285,0.0,0,0,1,0,11.367,0.726,1,1,1,0,13.202,0.0,0,0.0,0,0,0,1,0,1,0,1,0,0,0,12192.0,2,1,1,1,0,0,1,4,7.6,270.2,0,0,0,0,0,1
412700,64.285,0.0,0,0,1,0,11.434,0.67,1,1,1,0,13.202,0.0,0,0.0,0,0,0,1,0,1,0,1,0,0,0,12192.0,2,1,1,1,0,0,1,4,8.3,270.2,0,0,0,0,0,1
412800,64.285,0.0,0,0,1,0,11.496,0.614,1,1,1,0,13.202,0.0,0,0.0,0,0,0,1,0,1,0,1,0,0,0,12192.0,2,1,1,1,0,0,1,4,8.0,273.3,0,0,0,0,0,1
412900,64.285,0.0,0,0,1,0,11.551,0.558,1,1,1,0,13.202,0.0,0,0.0,0,0,0,1,0,1,0,1,0,0,0,12192.0,2,1,1,1,0,0,1,4,7.3,271.8,0,0,0,0,0,1
413000,64.285,0.0,0,0,1,0,11.602,0.502,1,1,1,0,13.202,0.0,0,0.0,0,0,0,1,0,1,0,1,0,0,0,12192.0,2,1,1,1,0,0,1,4,7.7,270.2,0,0,0,0,0,1
413100,64.285,0.0,0,0,1,0,11.646,0.447,1,1,1,0,13.202,0.0,0,0.0,0,0,0,1,0,1,0,1,0,0,0,12192.0,2,1,1,1,0,0,1,4,7.6,269.3,0,0,0,0,0,1
413200,64.285,0.0,0,0,1,0,11.685,0.391,1,1,1,0,13.202,0.0,0,0.0,0,0,0,1,0,1,0,1,0,0,0,12192.0,2,1,1,1,0,0,1,4,7.5,266.4,0,0,0,0,0,1
413300,64.285,0.0,0,0,1,0,11.719,0.335,1,1,1,0,13.202,0.0,0,0.0,0,0,0,1,0,1,0,1,0,0,0,12192.0,2,1,1,1,0,0,1,4,8.0,269.3,0,0,0,0,0,1
413400,64.285,0.0,0,0,1,0,11.747,0.279,1,1,1,0,13.202,0.0,0,0.0,0,0,0,1,0,1,0,1,0,0,0,12192.0,2,1,1,1,0,0,1,4,7.7,270.0,0,0,0,0,0,1
413500,64.285,0.0,0,0,1,0,11.769,0.223,1,1,1,0,13.202,0.0,0,0.0,0,0,0,1,0,1,0,1,0,0,0,12192.0,2,1,1,1,0,0,1,4,8.6,273.2,0,0,0,0,0,1
413600,64.285,0.0,0,0,1,0,11.786,0.167,1,1,1,0,13.202,0.0,0,0.0,0,0,0,1,0,1,0,1,0,0,0,12192.0,2,1,1,1,0,0,1,4,8.8,270.9,0,0,0,0,0,1
413700,64.285,0.0,0,0,1,0,11.797,0.112,1,1,1,0,13.202,0.0,0,0.0,0,0,0,1,0,1,0,1,0,0,0,12192.0,2,1,1,1,0,0,1,4,8.2,267.7,0,0,0,0,0,1
413800,64.285,0.0,0,0,0,0,11.803,0.0,0,0,0,0,13.202,0.0,0,0.0,0,0,0,0,0,1,0,1,0,0,0,12192.0,2,1,1,0,1,0,1,4,7.6,270.0,0,0,0,0,0,1
413900,64.285,0.0,0,0,1,0,11.803,0.0,0,0,1,0,13.197,-0.05,0,0.0,0,0,1,1,0,1,0,1,0,0,0,12192.0,2,1,1,1,0,0,1,4,7.9,268.4,0,0,0,0,0,1
414000,64.285,0.0,0,0,1,0,11.803,0.0,0,0,1,0,13.187,-0.1,0,0.0,0,0,1,1,0,1,0,1,0,0,0,12192.0,2,1,1,1,0,0,1,4,8.4,268.7,0,0,0,0,0,1
414100,64.285,0.0,0,0,1,0,11.803,0.0,0,0,1,0,13.172,-0.149,0,0.0,0,0,1,1,0,1,0,1,0,0,0,12192.0,2,1,1,1,0,0,1,4,8.6,269.4,0,0,0,0,0,1
414200,64.285,0.0,0,0,1,0,11.803,0.0,0,0,1,0,13.152,-0.199,0,0.0,0,0,1,1,0,1,0,1,0,0,0,12192.0,2,1,1,1,0,0,1,4,8.7,271.0,0,0,0,0,0,1
414300,64.285,0.0,0,0,1,0,11.803,0.0,0,0,1,0,13.127,-0.249,0,0.0,0,0,1,1,0,1,0,1,0,0,0,12192.0,2,1,1,1,0,0,1,4,8.5,270.4,0,0,0,0,0,1
414400,64.285,0.0,0,0,1,0,11.803,0.0,0,0,1,0,13.097,-0.299,0,0.0,0,0,1,1,0,1,0,1,0,0,0,12192.0,2,1,1,1,0,0,1,4,8.2,269.9,0,0,0,0,0,1
414500,64.285,0.0,0,0,1,0,11.803,0.0,0,0,1,0,13.062,-0.348,0,0.0,0,0,1,1,0,1,0,1,0,0,0,12192.0,2,1,1,1,0,0,1,4,8.8,268.1,0,0,0,0,0,1
414600,64.285,0.0,0,0,1,0,11.803,0.0,0,0,1,0,13.023,-0.398,0,0.0,0,0,1,1,0,1,0,1,0,0,0,12192.0,2,1,1,1,0,0,1,4,8.3,273.2,0,0,0,0,0,1
414700,64.285,0.0,0,0,1,0,11.803,0.0,0,0,1,0,12.978,-0.448,0,0.0,0,0,1,1,0,1,0,1,0,0,0,12192.0,2,1,1,1,0,0,1,4,8.5,273.1,0,0,0,0,0,1
414800,64.285,0.0,0,0,1,0,11.803,0.0,0,0,1,0,12.928,-0.498,0,0.0,0,0,1,1,0,1,0,1,0,0,0,12192.0,2,1,1,1,0,0,1,4,8.4,269.8,0,0,0,0,0,1
414900,64.285,0.0,0,0,1,0,11.803,0.0,0,0,1,0,12.873,-0.547,0,0.0,0,0,1,1,0,1,0,1,0,0,0,12192.0,2,1,1,1,0,0,1,4,8.6,269.9,0,0,0,0,0,1
415000,64.285,0.0,0,0,1,0,11.803,0.0,0,0,1,0,12.814,-0.597,0,0.0,0,0,1,1,0,1,0,1,0,0,0,12192.0,2,1,1,1,0,0,1,4,7.9,270.5,0,0,0,0,0,1
415100,64.285,0.0,0,0,1,0,11.803,0.0,0,0,1,0,12.749,-0.647,0,0.0,0,0,1,1,0,1,0,1,0,0,0,12192.0,2,1,1,1,0,0,1,4,8.6,267.3,0,0,0,0,0,1
415200,64.285,0.0,0,0,1,0,11.803,0.0,0,0,1,0,12.679,-0.697,0,0.0,0,0,1,1,0,1,0,1,0,0,0,12192.0,2,1,1,1,0,0,1,4,9.0,272.4,0,0,0,0,0,1
415300,64.285,0.0,0,0,1,0,11.803,0.0,0,0,1,0,12.605,-0.746,0,0.0,0,0,1,1,0,1,0,1,0,0,0,12192.0,2,1,1,1,0,0,1,4,8.4,272.4,0,0,0,0,0,1
415400,64.285,0.0,0,0,1,0,11.803,0.0,0,0,1,0,12.525,-0.796,0,0.0,0,0,1,1,0,1,0,1,0,0,0,12192.0,2,1,1,1,0,0,1,4,7.9,269.4,0,0,0,0,0,1
415500,64.285,0.0,0,0,1,0,11.803,0.0,0,0,1,0,12.44,-0.846,0,0.0,0,0,1,1,0,1,0,1,0,0,0,12192.0,2,1,1,1,0,0,1,4,8.8,273.2,0,0,0,0,0,1
415600,64.285,0.0,0,0,1,0,11.803,0.0,0,0,1,0,12.351,-0.896,0,0.0,0,0,1,1,0,1,0,1,0,0,0,12192.0,2,1,1,1,0,0,1,4,8.5,270.3,0,0,0,0,0,1
415700,64.285,0.0,0,0,1,0,11.803,0.0,0,0,1,0,12.256,-0.945,0,0.0,0,0,1,1,0,1,0,1,0,0,0,12192.0,2,1,1,1,0,0,1,4,8.8,267.6,0,0,0,0,0,1
415800,64.285,0.0,0,0,1,0,11.803,0.0,0,0,1,0,12.157,-0.995,0,0.0,0,0,1,1,0,1,0,1,0,0,0,12192.0,2,1,1,1,0,0,1,4,8.0,265.8,0,0,0,0,0,1
415900,64.285,0.0,0,0,1,0,11.803,0.0,0,0,1,0,12.052,-1.045,0,0.0,0,0,1,1,0,1,0,1,0,0,0,12192.0,2,1,1,1,0,0,1,4,8.4,273.5,0,0,0,0,0,1
416000,64.285,0.0,0,0,1,0,11.803,0.0,0,0,1,0,11.943,-1.095,0,0.0,0,0,1,1,0,1,0,1,0,0,0,12192.0,2,1,1,1,0,0,1,4,8.7,265.8,0,0,0,0,0,1
416100,64.285,0.0,0,0,1,0,11.803,0.0,0,0,1,0,11.828,-1.145,0,0.0,0,0,1,1,0,1,0,1,0,0,0,12192.0,2,1,1,1,0,0,1,4,8.5,273.4,0,0,0,0,0,1
416200,64.285,0.0,0,0,1,0,11.803,0.0,0,0,1,0,11.709,-1.194,0,0.0,0,0,1,1,0,1,0,1,0,0,0,12192.0,2,1,1,1,0,0,1,4,8.2,268.4,0,0,0,0,0,1
416300,64.285,0.0,0,0,1,0,11.803,0.0,0,0,1,0,11.585,-1.244,0,0.0,0,0,1,1,0,1,0,1,0,0,0,12192.0,2,1,1,1,0,0,1,4,8.3,270.8,0,0,0,0,0,1
416400,64.285,0.0,0,0,1,0,11.803,0.0,0,0,1,0,11.458,-1.266,0,0.0,0,0,1,1,0,1,0,1,0,0,0,12192.0,2,1,1,1,0,0,1,4,8.9,272.1,0,0,0,0,0,1
416500,64.285,0.0,0,0,1,0,11.803,0.0,0,0,1,0,11.331,-1.266,0,0.0,0,0,1,1,0,1,0,1,0,0,0,12192.0,2,1,1,1,0,0,1,4,8.8,273.7,0,0,0,0,0,1
416600,64.285,0.0,0,0,1,0,11.803,0.0,0,0,1,0,11.205,-1.266,0,0.0,0,0,1,1,0,1,0,1,0,0,0,12192.0,2,1,1,1,0,0,1,4,8.0,271.5,0,0,0,0,0,1
416700,64.285,0.0,0,0,1,0,11.803,0.0,0,0,1,0,11.078,-1.266,0,0.0,0,0,1,1,0,1,0,1,0,0,0,12192.0,2,1,1,1,0,0,1,4,8.1,267.1,0,0,0,0,0,1
416800,64.285,0.0,0,0,1,0,11.803,0.0,0,0,1,0,10.952,-1.266,0,0.0,0,0,1,1,0,1,0,1,0,0,0,12192.0,2,1,1,1,0,0,1,4,8.3,270.5,0,0,0,0,0,1
416900,64.285,0.0,0,0,1,0,11.803,0.0,0,0,1,0,10.825,-1.266,0,0.0,0,0,1,1,0,1,0,1,0,0,0,12192.0,2,1,1,1,0,0,1,4,8.7,268.3,0,0,0,0,0,1
417000,64.285,0.0,0,0,1,0,11.803,0.0,0,0,1,0,10.698,-1.266,0,0.0,0,0,1,1,0,1,0,1,0,0,0,12192.0,2,1,1,1,0,0,1,4,8.1,267.9,0,0,0,0,0,1
417100,64.285,0.0,0,0,1,0,11.803,0.0,0,0,1,0,10.572,-1.266,0,0.0,0,0,1,1,0,1,0,1,0,0,0,12192.0,2,1,1,1,0,0,1,4,8.2,272.4,0,0,0,0,0,1
417200,64.285,0.0,0,0,1,0,11.803,0.0,0,0,1,0,10.445,-1.266,0,0.0,0,0,1,1,0,1,0,1,0,0,0,12192.0,2,1,1,1,0,0,1,4,7.5,265.2,0,0,0,0,0,1
417300,64.285,0.0,0,0,1,0,11.803,0.0,0,0,1,0,10.319,-1.266,0,0.0,0,0,1,1,0,1,0,1,0,0,0,12192.0,2,1,1,1,0,0,1,4,8.5,264.0,0,0,0,0,0,1
417400,64.285,0.0,0,0,1,0,11.803,0.0,0,0,1,0,10.192,-1.266,0,0.0,0,0,1,1,0,1,0,1,0,0,0,12192.0,2,1,1,1,0,0,1,4,8.1,271.8,0,0,0,0,0,1
417500,64.285,0.0,0,0,1,0,11.803,0.0,0,0,1,0,10.066,-1.266,0,0.0,0,0,1,1,0,1,0,1,0,0,0,12192.0,2,1,1,1,0,0,1,4,7.1,270.4,0,0,0,0,0,1
417600,64.285,0.0,0,0,1,0,11.803,0.0,0,0,1,0,9.939,-1.266,0,0.0,0,0,1,1,0,1,0,1,0,0,0,12192.0,2,1,1,1,0,0,1,4,8.2,270.3,0,0,0,0,0,1
417700,64.285,0.0,0,0,1,0,11.803,0.0,0,0,1,0,9.812,-1.266,0,0.0,0,0,1,1,0,1,0,1,0,0,0,12192.0,2,1,1,1,0,0,1,4,7.4,271.5,0,0,0,0,0,1
417800,64.285,0.0,0,0,1,0,11.803,0.0,0,0,1,0,9.686,-1.266,0,0.0,0,0,1,1,0,1,0,1,0,0,0,12192.0,2,1,1,1,0,0,1,4,7.8,266.1,0,0,0,0,0,1
417900,64.285,0.0,0,0,1,0,11.803,0.0,0,0,1,0,9.559,-1.266,0,0.0,0,0,1,1,0,1,0,1,0,0,0,12192.0,2,1,1,1,0,0,1,4,7.9,269.8,0,0,0,0,0,1
418000,64.285,0.0,0,0,1,0,11.803,0.0,0,0,1,0,9.433,-1.266,0,0.0,0,0,1,1,0,1,0,1,0,0,0,12192.0,2,1,1,1,0,0,1,4,7.8,270.1,0,0,0,0,0,1
418100,64.285,0.0,0,0,1,0,11.803,0.0,0,0,1,0,9.306,-1.266,0,0.0,0,0,1,1,0,1,0,1,0,0,0,12192.0,2,1,1,1,0,0,1,4,7.9,270.0,0,0,0,0,0,1
418200,64.285,0.0,0,0,1,0,11.803,0.0,0,0,1,0,9.179,-1.266,0,0.0,0,0,1,1,0,1,0,1,0,0,0,12192.0,2,1,1,1,0,0,1,4,8.5,269.4,0,0,0,0,0,1
418300,64.285,0.0,0,0,1,0,11.803,0.0,0,0,1,0,9.053,-1.266,0,0.0,0,0,1,1,0,1,0,1,0,0,0,12192.0,2,1,1,1,0,0,1,4,8.1,272.0,0,0,0,0,0,1
418400,64.285,0.0,0,0,1,0,11.803,0.0,0,0,1,0,8.926,-1.266,0,0.0,0,0,1,1,0,1,0,1,0,0,0,12192.0,2,1,1,1,0,0,1,4,6.6,273.7,0,0,0,0,0,1
418500,64.285,0.0,0,0,1,0,11.803,0.0,0,0,1,0,8.8,-1.266,0,0.0,0,0,1,1,0,1,0,1,0,0,0,12192.0,2,1,1,1,0,0,1,4,8.1,268.2,0,0,0,0,0,1
418600,64.285,0.0,0,0,1,0,11.803,0.0,0,0,1,0,8.673,-1.266,0,0.0,0,0,1,1,0,1,0,1,0,0,0,12192.0,2,1,1,1,0,0,1,4,7.1,274.6,0,0,0,0,0,1
418700,64.285,0.0,0,0,1,0,11.803,0.0,0,0,1,0,8.547,-1.266,0,0.0,0,0,1,1,0,1,0,1,0,0,0,12192.0,2,1,1,1,0,0,1,4,7.9,270.6,0,0,0,0,0,1
418800,64.285,0.0,0,0,1,0,11.803,0.0,0,0,1,0,8.42,-1.266,0,0.0,0,0,1,1,0,1,0,1,0,0,0,12192.0,2,1,1,1,0,0,1,4,7.8,271.6,0,0,0,0,0,1
418900,64.285,0.0,0,0,1,0,11.803,0.0,0,0,1,0,8.293,-1.266,0,0.0,0,0,1,1,0,1,0,1,0,0,0,12192.0,2,1,1,1,0,0,1,4,7.0,267.7,0,0,0,0,0,1
419000,64.285,0.0,0,0,1,0,11.803,0.0,0,0,1,0,8.167,-1.266,0,0.0,0,0,1,1,0,1,0,1,0,0,0,12192.0,2,1,1,1,0,0,1,4,7.0,268.5,0,0,0,0,0,1
419100,64.285,0.0,0,0,1,0,11.803,0.0,0,0,1,0,8.04,-1.266,0,0.0,0,0,1,1,0,1,0,1,0,0,0,12192.0,2,1,1,1,0,0,1,4,7.4,269.7,0,0,0,0,0,1
419200,64.285,0.0,0,0,1,0,11.803,0.0,0,0,1,0,7.914,-1.266,0,0.0,0,0,1,1,0,1,0,1,0,0,0,12192.0,2,1,1,1,0,0,1,4,7.0,273.7,0,0,0,0,0,1
419300,64.285,0.0,0,0,1,0,11.803,0.0,0,0,1,0,7.787,-1.266,0,0.0,0,0,1,1,0,1,0,1,0,0,0,12192.0,2,1,1,1,0,0,1,4,7.5,268.1,0,0,0,0,0,1
419400,64.285,0.0,0,0,1,0,11.803,0.0,0,0,1,0,7.66,-1.266,0,0.0,0,0,1,1,0,1,0,1,0,0,0,12192.0,2,1,1,1,0,0,1,4,7.5,271.2,0,0,0,0,0,1
419500,64.285,0.0,0,0,1,0,11.803,0.0,0,0,1,0,7.534,-1.266,0,0.0,0,0,1,1,0,1,0,1,0,0,0,12192.0,2,1,1,1,0,0,1,4,6.9,271.2,0,0,0,0,0,1
419600,64.285,0.0,0,0,1,0,11.803,0.0,0,0,1,0,7.407,-1.266,0,0.0,0,0,1,1,0,1,0,1,0,0,0,12192.0,2,1,1,1,0,0,1,4,7.4,265.8,0,0,0,0,0,1
419700,64.285,0.0,0,0,1,0,11.803,0.0,0,0,1,0,7.281,-1.266,0,0.0,0,0,1,1,0,1,0,1,0,0,0,12192.0,2,1,1,1,0,0,1,4,6.6,271.4,0,0,0,0,0,1
419800,64.285,0.0,0,0,1,0,11.803,0.0,0,0,1,0,7.154,-1.266,0,0.0,0,0,1,1,0,1,0,1,0,0,0,12192.0,2,1,1,1,0,0,1,4,6.8,266.6,0,0,0,0,0,1
419900,64.285,0.0,0,0,1,0,11.803,0.0,0,0,1,0,7.028,-1.266,0,0.0,0,0,1,1,0,1,0,1,0,0,0,12192.0,2,1,1,1,0,0,1,4,7.5,270.4,0,0,0,0,0,1
420000,64.285,0.0,0,0,1,0,11.803,0.0,0,0,1,0,6.901,-1.266,0,0.0,0,0,1,1,0,1,0,1,0,0,0,12192.0,2,1,1,1,0,0,1,4,7.7,273.5,0,0,0,0,0,1
420100,64.285,0.0,0,0,1,0,11.803,0.0,0,0,1,0,6.774,-1.266,0,0.0,0,0,1,1,0,1,0,1,0,0,0,12192.0,2,1,1,1,0,0,1,4,7.3,272.9,0,0,0,0,0,1
420200,64.285,0.0,0,0,1,0,11.803,0.0,0,0,1,0,6.648,-1.266,0,0.0,0,0,1,1,0,1,0,1,0,0,0,12192.0,2,1,1,1,0,0,1,4,6.8,268.1,0,0,0,0,0,1
420300,64.285,0.0,0,0,1,0,11.803,0.0,0,0,1,0,6.521,-1.266,0,0.0,0,0,1,1,0,1,0,1,0,0,0,12192.0,2,1,1,1,0,0,1,4,7.0,270.0,0,0,0,0,0,1
420400,64.285,0.0,0,0,1,0,11.803,0.0,0,0,1,0,6.395,-1.266,0,0.0,0,0,1,1,0,1,0,1,0,0,0,12192.0,2,1,1,1,0,0,1,4,6.8,267.4,0,0,0,0,0,1
420500,64.285,0.0,0,0,1,0,11.803,0.0,0,0,1,0,6.268,-1.266,0,0.0,0,0,1,1,0,1,0,1,0,0,0,12192.0,2,1,1,1,0,0,1,4,7.3,269.3,0,0,0,0,0,1
420600,64.285,0.0,0,0,1,0,11.803,0.0,0,0,1,0,6.141,-1.266,0,0.0,0,0,1,1,0,1,0,1,0,0,0,12192.0,2,1,1,1,0,0,1,4,7.9,267.1,0,0,0,0,0,1
420700,64.285,0.0,0,0,1,0,11.803,0.0,0,0,1,0,6.015,-1.266,0,0.0,0,0,1,1,0,1,0,1,0,0,0,12192.0,2,1,1,1,0,0,1,4,8.0,269.8,0,0,0,0,0,1
420800,64.285,0.0,0,0,1,0,11.803,0.0,0,0,1,0,5.888,-1.266,0,0.0,0,0,1,1,0,1,0,1,0,0,0,12192.0,2,1,1,1,0,0,1,4,7.7,265.8,0,0,0,0,0,1
420900,64.285,0.0,0,0,1,0,11.803,0.0,0,0,1,0,5.762,-1.266,0,0.0,0,0,1,1,0,1,0,1,0,0,0,12192.0,2,1,1,1,0,0,1,4,8.4,267.4,0,0,0,0,0,1
421000,64.285,0.0,0,0,1,0,11.803,0.0,0,0,1,0,5.635,-1.266,0,0.0,0,0,1,1,0,1,0,1,0,0,0,12192.0,2,1,1,1,0,0,1,4,7.6,267.2,0,0,0,0,0,1
421100,64.285,0.0,0,0,1,0,11.803,0.0,0,0,1,0,5.509,-1.266,0,0.0,0,0,1,1,0,1,0,1,0,0,0,12192.0,2,1,1,1,0,0,1,4,8.0,269.1,0,0,0,0,0,1
421200,64.285,0.0,0,0,1,0,11.803,0.0,0,0,1,0,5.382,-1.266,0,0.0,0,0,1,1,0,1,0,1,0,0,0,12192.0,2,1,1,1,0,0,1,4,7.9,270.4,0,0,0,0,0,1
421300,64.285,0.0,0,0,1,0,11.803,0.0,0,0,1,0,5.255,-1.266,0,0.0,0,0,1,1,0,1,0,1,0,0,0,12192.0,2,1,1,1,0,0,1,4,7.3,269.2,0,0,0,0,0,1
421400,64.285,0.0,0,0,1,0,11.803,0.0,0,0,1,0,5.129,-1.266,0,0.0,0,0,1,1,0,1,0,1,0,0,0,12192.0,2,1,1,1,0,0,1,4,7.8,270.6,0,0,0,0,0,1
421500,64.285,0.0,0,0,1,0,11.803,0.0,0,0,1,0,5.002,-1.266,0,0.0,0,0,1,1,0,1,0,1,0,0,0,12192.0,2,1,1,1,0,0,1,4,7.8,270.5,0,0,0,0,0,1
421600,64.285,0.0,0,0,1,0,11.803,0.0,0,0,1,0,4.876,-1.266,0,0.0,0,0,1,1,0,1,0,1,0,0,0,12192.0,2,1,1,1,0,0,1,4,8.2,270.7,0,0,0,0,0,1
421700,64.285,0.0,0,0,1,0,11.803,0.0,0,0,1,0,4.749,-1.266,0,0.0,0,0,1,1,0,1,0,1,0,0,0,12192.0,2,1,1,1,0,0,1,4,8.4,266.1,0,0,0,0,0,1
421800,64.285,0.0,0,0,1,0,11.803,0.0,0,0,1,0,4.622,-1.266,0,0.0,0,0,1,1,0,1,0,1,0,0,0,12192.0,2,1,1,1,0,0,1,4,7.7,267.7,0,0,0,0,0,1
421900,64.285,0.0,0,0,1,0,11.803,0.0,0,0,1,0,4.496,-1.266,0,0.0,0,0,1,1,0,1,0,1,0,0,0,12192.0,2,1,1,1,0,0,1,4,7.4,267.6,0,0,0,0,0,1
422000,64.285,0.0,0,0,1,0,11.803,0.0,0,0,1,0,4.369,-1.266,0,0.0,0,0,1,1,0,1,0,1,0,0,0,12192.0,2,1,1,1,0,0,1,4,7.5,274.6,0,0,0,0,0,1
422100,64.285,0.0,0,0,1,0,11.803,0.0,0,0,1,0,4.243,-1.266,0,0.0,0,0,1,1,0,1,0,1,0,0,0,12192.0,2,1,1,1,0,0,1,4,8.1,274.1,0,0,0,0,0,1
422200,64.285,0.0,0,0,1,0,11.803,0.0,0,0,1,0,4.116,-1.266,0,0.0,0,0,1,1,0,1,0,1,0,0,0,12192.0,2,1,1,1,0,0,1,4,8.0,267.7,0,0,0,0,0,1
422300,64.285,0.0,0,0,1,0,11.803,0.0,0,0,1,0,3.99,-1.266,0,0.0,0,0,1,1,0,1,0,1,0,0,0,12192.0,2,1,1,1,0,0,1,4,8.0,269.5,0,0,0,0,0,1
422400,64.285,0.0,0,0,1,0,11.803,0.0,0,0,1,0,3.868,-1.216,0,0.0,0,0,1,1,0,1,0,1,0,0,0,12192.0,2,1,1,1,0,0,1,4,7.5,269.0,0,0,0,0,0,1
422500,64.285,0.0,0,0,1,0,11.803,0.0,0,0,1,0,3.751,-1.166,0,0.0,0,0,1,1,0,1,0,1,0,0,0,12192.0,2,1,1,1,0,0,1,4,8.7,271.8,0,0,0,0,0,1
422600,64.285,0.0,0,0,1,0,11.803,0.0,0,0,1,0,3.64,-1.117,0,0.0,0,0,1,1,0,1,0,1,0,0,0,12192.0,2,1,1,1,0,0,1,4,8.0,268.0,0,0,0,0,0,1
422700,64.285,0.0,0,0,1,0,11.803,0.0,0,0,1,0,3.533,-1.067,0,0.0,0,0,1,1,0,1,0,1,0,0,0,12192.0,2,1,1,1,0,0,1,4,7.8,271.3,0,0,0,0,0,1
422800,64.285,0.0,0,0,1,0,11.803,0.0,0,0,1,0,3.431,-1.017,0,0.0,0,0,1,1,0,1,0,1,0,0,0,12192.0,2,1,1,1,0,0,1,4,8.7,272.9,0,0,0,0,0,1
422900,64.285,0.0,0,0,1,0,11.803,0.0,0,0,1,0,3.335,-0.967,0,0.0,0,0,1,1,0,1,0,1,0,0,0,12192.0,2,1,1,1,0,0,1,4,7.9,273.9,0,0,0,0,0,1
423000,64.285,0.0,0,0,1,0,11.803,0.0,0,0,1,0,3.243,-0.917,0,0.0,0,0,1,1,0,1,0,1,0,0,0,12192.0,2,1,1,1,0,0,1,4,8.1,269.7,0,0,0,0,0,1
423100,64.285,0.0,0,0,1,0,11.803,0.0,0,0,1,0,3.156,-0.868,0,0.0,0,0,1,1,0,1,0,1,0,0,0,12192.0,2,1,1,1,0,0,1,4,8.8,270.7,0,0,0,0,0,1
423200,64.285,0.0,0,0,1,0,11.803,0.0,0,0,1,0,3.074,-0.818,0,0.0,0,0,1,1,0,1,0,1,0,0,0,12192.0,2,1,1,1,0,0,1,4,8.4,270.7,0,0,0,0,0,1
423300,64.285,0.0,0,0,1,0,11.803,0.0,0,0,1,0,2.997,-0.768,0,0.0,0,0,1,1,0,1,0,1,0,0,0,12192.0,2,1,1,1,0,0,1,4,8.5,273.0,0,0,0,0,0,1
423400,64.285,0.0,0,0,1,0,11.803,0.0,0,0,1,0,2.926,-0.718,0,0.0,0,0,1,1,0,1,0,1,0,0,0,12192.0,2,1,1,1,0,0,1,4,8.2,267.6,0,0,0,0,0,1
423500,64.285,0.0,0,0,1,0,11.803,0.0,0,0,1,0,2.859,-0.669,0,0.0,0,0,1,1,0,1,0,1,0,0,0,12192.0,2,1,1,1,0,0,1,4,9.2,267.8,0,0,0,0,0,1
423600,64.285,0.0,0,0,1,0,11.803,0.0,0,0,1,0,2.797,-0.619,0,0.0,0,0,1,1,0,1,0,1,0,0,0,12192.0,2,1,1,1,0,0,1,4,9.2,269.0,0,0,0,0,0,1
423700,64.285,0.0,0,0,1,0,11.803,0.0,0,0,1,0,2.74,-0.569,0,0.0,0,0,1,1,0,1,0,1,0,0,0,12192.0,2,1,1,1,0,0,1,4,8.3,272.8,0,0,0,0,0,1
423800,64.285,0.0,0,0,1,0,11.803,0.0,0,0,1,0,2.688,-0.519,0,0.0,0,0,1,1,0,1,0,1,0,0,0,12192.0,2,1,1,1,0,0,1,4,8.8,270.1,0,0,0,0,0,1
423900,64.285,0.0,0,0,1,0,11.803,0.0,0,0,1,0,2.641,-0.47,0,0.0,0,0,1,1,0,1,0,1,0,0,0,12192.0,2,1,1,1,0,0,1,4,8.3,270.3,0,0,0,0,0,1
424000,64.285,0.0,0,0,1,0,11.803,0.0,0,0,1,0,2.599,-0.42,0,0.0,0,0,1,1,0,1,0,1,0,0,0,12192.0,2,1,1,1,0,0,1,4,8.3,274.5,0,0,0,0,0,1
424100,64.285,0.0,0,0,1,0,11.803,0.0,0,0,1,0,2.562,-0.37,0,0.0,0,0,1,1,0,1,0,1,0,0,0,12192.0,2,1,1,1,0,0,1,4,8.6,267.3,0,0,0,0,0,1
424200,64.285,0.0,0,0,1,0,11.803,0.0,0,0,1,0,2.53,-0.32,0,0.0,0,0,1,1,0,1,0,1,0,0,0,12192.0,2,1,1,1,0,0,1,4,8.2,270.5,0,0,0,0,0,1
424300,64.285,0.0,0,0,1,0,11.803,0.0,0,0,1,0,2.503,-0.271,0,0.0,0,0,1,1,0,1,0,1,0,0,0,12192.0,2,1,1,1,0,0,1,4,9.0,270.8,0,0,0,0,0,1
424400,64.285,0.0,0,0,1,0,11.803,0.0,0,0,1,0,2.481,-0.221,0,0.0,0,0,1,1,0,1,0,1,0,0,0,12192.0,2,1,1,1,0,0,1,4,8.3,270.5,0,0,0,0,0,1
424500,64.285,0.0,0,0,1,0,11.803,0.0,0,0,1,0,2.464,-0.171,0,0.0,0,0,1,1,0,1,0,1,0,0,0,12192.0,2,1,1,1,0,0,1,4,7.7,269.9,0,0,0,0,0,1
424600,64.285,0.0,0,0,1,0,11.803,0.0,0,0,1,0,2.452,-0.121,0,0.0,0,0,1,1,0,1,0,1,0,0,0,12192.0,2,1,1,1,0,0,1,4,8.6,267.9,0,0,0,0,0,1
424700,64.285,0.0,0,0,1,0,11.803,0.0,0,0,1,0,2.446,-0.054,0,0.0,0,0,1,1,0,1,0,1,0,0,0,12192.0,2,1,1,1,0,0,1,4,9.0,272.0,0,0,0,0,0,1
424800,64.285,0.0,0,0,0,0,11.803,0.0,0,0,0,0,2.446,0.0,0,0.0,0,0,0,0,0,1,0,1,0,0,0,12192.0,2,1,1,0,1,0,1,4,8.6,275.5,0,0,0,0,0,1
424900,64.285,0.0,0,0,0,0,11.803,0.0,0,0,0,0,2.446,0.0,0,0.0,0,0,0,0,0,1,0,1,1,1,0,12192.0,2,1,1,0,1,0,1,4,9.1,269.3,0,0,0,0,0,1
425000,64.285,0.0,0,0,0,0,11.803,0.0,0,0,0,0,2.446,0.0,0,0.0,0,0,0,0,0,1,0,1,1,1,0,12192.0,2,1,1,0,1,0,1,4,9.2,266.1,0,0,0,0,0,1
425100,64.285,0.0,0,0,0,0,11.803,0.0,0,0,0,0,2.446,0.0,0,0.0,0,0,0,0,0,1,0,1,1,1,0,12192.0,2,1,1,0,1,0,1,4,8.4,270.5,0,0,0,0,0,1
425200,64.285,0.0,0,0,0,0,11.803,0.0,0,0,0,0,2.446,0.0,0,0.0,0,0,0,0,0,1,0,1,1,1,0,12192.0,2,1,1,0,1,0,1,4,7.7,269.7,0,0,0,0,0,1
425300,64.285,0.0,0,0,0,0,11.803,0.0,0,0,0,0,2.446,0.0,0,0.0,0,0,0,0,0,1,0,1,1,1,0,12192.0,2,1,1,0,1,0,1,4,8.1,274.7,0,0,0,0,0,1
425400,64.285,0.0,0,0,0,0,11.803,0.0,0,0,0,0,2.446,0.0,0,0.0,0,0,0,0,0,1,0,1,1,1,0,12192.0,2,1,1,0,1,0,1,4,8.3,271.7,0,0,0,0,0,1
425500,64.285,0.0,0,0,0,0,11.803,0.0,0,0,0,0,2.446,0.0,0,0.0,0,0,0,0,0,1,0,1,1,1,0,12192.0,2,1,1,0,1,0,1,4,8.6,271.7,0,0,0,0,0,1
425600,64.285,0.0,0,0,0,0,11.803,0.0,0,0,0,0,2.446,0.0,0,0.0,0,0,0,0,0,1,0,1,1,1,0,12192.0,2,1,1,0,1,0,1,4,8.2,267.6,0,0,0,0,0,1
425700,64.285,0.0,0,0,0,0,11.803,0.0,0,0,0,0,2.446,0.0,0,0.0,0,0,0,0,0,1,0,1,1,1,0,12192.0,2,1,1,0,1,0,1,4,8.1,269.7,0,0,0,0,0,1
425800,64.285,0.0,0,0,0,0,11.803,0.0,0,0,0,0,2.446,0.0,0,0.0,0,0,0,0,0,1,0,1,1,1,0,12192.0,2,1,1,0,1,0,1,4,8.8,267.4,0,0,0,0,0,1
425900,64.285,0.0,0,0,0,0,11.803,0.0,0,0,0,0,2.446,0.0,0,0.0,0,0,0,0,0,1,0,1,1,1,0,12192.0,2,1,1,0,1,0,1,4,7.9,267.9,0,0,0,0,0,1
426000,64.285,0.0,0,0,0,0,11.803,0.0,0,0,0,0,2.446,0.0,0,32.04,0,0,0,0,0,1,1,0,1,1,0,12192.0,2,1,1,0,1,0,1,4,8.3,265.6,0,0,0,0,0,1
426100,64.285,0.0,0,0,0,0,11.803,0.0,0,0,0,0,2.446,0.0,0,32.05,0,0,0,0,0,1,1,0,1,1,0,12192.0,2,1,1,0,1,0,1,4,8.5,268.5,0,0,0,0,0,1
426200,64.285,0.0,0,0,0,0,11.803,0.0,0,0,0,0,2.446,0.0,0,32.18,0,0,0,0,0,1,1,0,1,1,0,12192.0,2,1,1,0,1,0,1,4,8.7,265.5,0,0,0,0,0,1
426300,64.285,0.0,0,0,0,0,11.803,0.0,0,0,0,0,2.446,0.0,0,31.96,0,0,0,0,0,1,1,0,1,1,0,12192.0,2,1,1,0,1,0,1,4,8.0,270.3,0,0,0,0,0,1
426400,64.285,0.0,0,0,0,0,11.803,0.0,0,0,0,0,2.446,0.0,0,31.96,0,0,0,0,0,1,1,0,1,1,0,12192.0,2,1,1,0,1,0,1,4,7.4,273.3,0,0,0,0,0,1
426500,64.285,0.0,0,0,0,0,11.803,0.0,0,0,0,0,2.446,0.0,0,32.16,0,0,0,0,0,1,1,0,1,1,0,12192.0,2,1,1,0,1,0,1,4,9.1,268.9,0,0,0,0,0,1
426600,64.285,0.0,0,0,0,0,11.803,0.0,0,0,0,0,2.446,0.0,0,32.15,0,0,0,0,0,1,1,0,1,1,0,12192.0,2,1,1,0,1,0,1,4,8.0,273.7,0,0,0,0,0,1
426700,64.285,0.0,0,0,0,0,11.803,0.0,0,0,0,0,2.446,0.0,0,31.98,0,0,0,0,0,1,1,0,1,1,0,12192.0,2,1,1,0,1,0,1,4,8.2,270.2,0,0,0,0,0,1
426800,64.285,0.0,0,0,0,0,11.803,0.0,0,0,0,0,2.446,0.0,0,32.12,0,0,0,0,0,1,1,0,1,1,0,12192.0,2,1,1,0,1,0,1,4,7.5,265.1,0,0,0,0,0,1
426900,64.285,0.0,0,0,0,0,11.803,0.0,0,0,0,0,2.446,0.0,0,31.94,0,0,0,0,0,1,1,0,1,1,0,12192.0,2,1,1,0,1,0,1,4,7.5,266.4,0,0,0,0,0,1
427000,64.285,0.0,0,0,0,0,11.803,0.0,0,0,0,0,2.446,0.0,0,32.06,0,0,0,0,0,1,1,0,1,1,0,12192.0,2,1,1,0,1,0,1,4,7.2,268.2,0,0,0,0,0,1
427100,64.285,0.0,0,0,0,0,11.803,0.0,0,0,0,0,2.446,0.0,0,31.99,0,0,0,0,0,1,1,0,1,1,0,12192.0,2,1,1,0,1,0,1,4,7.1,267.6,0,0,0,0,0,1
427200,64.285,0.0,0,0,0,0,11.803,0.0,0,0,0,0,2.446,0.0,0,32.01,0,0,0,0,0,1,1,0,1,1,0,12192.0,2,1,1,0,1,0,1,4,8.3,274.9,0,0,0,0,0,1
427300,64.285,0.0,0,0,0,0,11.803,0.0,0,0,0,0,2.446,0.0,0,31.99,0,0,0,0,0,1,1,0,1,1,0,12192.0,2,1,1,0,1,0,1,4,8.3,269.7,0,0,0,0,0,1
427400,64.285,0.0,0,0,0,0,11.803,0.0,0,0,0,0,2.446,0.0,0,31.97,0,0,0,0,0,1,1,0,1,1,0,12192.0,2,1,1,0,1,0,1,4,6.7,268.7,0,0,0,0,0,1
427500,64.285,0.0,0,0,0,0,11.803,0.0,0,0,0,0,2.446,0.0,0,32.15,0,0,0,0,0,1,1,0,1,1,0,12192.0,2,1,1,0,1,0,1,4,7.6,266.5,0,0,0,0,0,1
427600,64.285,0.0,0,0,0,0,11.803,0.0,0,0,0,0,2.446,0.0,0,31.88,0,0,0,0,0,1,1,0,1,1,0,12192.0,2,1,1,0,1,0,1,4,7.3,269.2,0,0,0,0,0,1
427700,64.285,0.0,0,0,1,0,11.803,0.0,0,0,1,0,2.451,0.05,1,33.6,0,0,1,1,0,1,1,0,0,1,0,12192.0,2,1,1,1,0,0,1,4,7.9,263.7,0,0,0,0,0,1
427800,64.285,0.0,0,0,1,0,11.803,0.0,0,0,1,0,2.461,0.1,1,33.75,0,0,1,1,0,1,1,0,0,1,0,12192.0,2,1,1,1,0,0,1,4,7.4,268.6,0,0,0,0,0,1
427900,64.285,0.0,0,0,1,0,11.803,0.0,0,0,1,0,2.476,0.149,1,33.74,0,0,1,1,0,1,1,0,0,1,0,12192.0,2,1,1,1,0,0,1,4,7.2,272.8,0,0,0,0,0,1
428000,64.285,0.0,0,0,1,0,11.803,0.0,0,0,1,0,2.496,0.199,1,33.68,0,0,1,1,0,1,1,0,0,1,0,12192.0,2,1,1,1,0,0,1,4,6.3,267.4,0,0,0,0,0,1
428100,64.285,0.0,0,0,1,0,11.803,0.0,0,0,1,0,2.52,0.249,1,33.7,0,0,1,1,0,1,1,0,0,1,0,12192.0,2,1,1,1,0,0,1,4,7.3,266.8,0,0,0,0,0,1
428200,64.285,0.0,0,0,1,0,11.803,0.0,0,0,1,0,2.55,0.299,1,33.59,0,0,1,1,0,1,1,0,0,1,0,12192.0,2,1,1,1,0,0,1,4,8.0,265.1,0,0,0,0,0,1
428300,64.285,0.0,0,0,1,0,11.803,0.0,0,0,1,0,2.585,0.348,1,33.61,0,0,1,1,0,1,1,0,0,1,0,12192.0,2,1,1,1,0,0,1,4,7.0,271.1,0,0,0,0,0,1
428400,64.285,0.0,0,0,1,0,11.803,0.0,0,0,1,0,2.625,0.398,1,33.64,0,0,1,1,0,1,1,0,0,1,0,12192.0,2,1,1,1,0,0,1,4,8.2,272.2,0,0,0,0,0,1
428500,64.285,0.0,0,0,1,0,11.803,0.0,0,0,1,0,2.67,0.448,1,33.67,0,0,1,1,0,1,1,0,0,1,0,12192.0,2,1,1,1,0,0,1,4,7.1,265.7,0,0,0,0,0,1
428600,64.285,0.0,0,0,1,0,11.803,0.0,0,0,1,0,2.719,0.498,1,33.64,0,0,1,1,0,1,1,0,0,1,0,12192.0,2,1,1,1,0,0,1,4,7.1,269.6,0,0,0,0,0,1
428700,64.285,0.0,0,0,1,0,11.803,0.0,0,0,1,0,2.774,0.547,1,33.63,0,0,1,1,0,1,1,0,0,1,0,12192.0,2,1,1,1,0,0,1,4,7.4,271.6,0,0,0,0,0,1
428800,64.285,0.0,0,0,1,0,11.803,0.0,0,0,1,0,2.834,0.597,1,33.75,0,0,1,1,0,1,1,0,0,1,0,12192.0,2,1,1,1,0,0,1,4,7.2,270.7,0,0,0,0,0,1
428900,64.285,0.0,0,0,1,0,11.803,0.0,0,0,1,0,2.899,0.647,1,33.64,0,0,1,1,0,1,1,0,0,1,0,12192.0,2,1,1,1,0,0,1,4,8.6,266.6,0,0,0,0,0,1
429000,64.285,0.0,0,0,1,0,11.803,0.0,0,0,1,0,2.968,0.697,1,33.55,0,0,1,1,0,1,1,0,0,1,0,12192.0,2,1,1,1,0,0,1,4,8.1,272.6,0,0,0,0,0,1
429100,64.285,0.0,0,0,1,0,11.803,0.0,0,0,1,0,3.043,0.746,1,33.66,0,0,1,1,0,1,1,0,0,1,0,12192.0,2,1,1,1,0,0,1,4,7.6,268.4,0,0,0,0,0,1
429200,64.285,0.0,0,0,1,0,11.803,0.0,0,0,1,0,3.123,0.796,1,33.79,0,0,1,1,0,1,1,0,0,1,0,12192.0,2,1,1,1,0,0,1,4,7.6,270.1,0,0,0,0,0,1
429300,64.285,0.0,0,0,1,0,11.803,0.0,0,0,1,0,3.207,0.846,1,33.59,0,0,1,1,0,1,1,0,0,1,0,12192.0,2,1,1,1,0,0,1,4,7.3,270.9,0,0,0,0,0,1
429400,64.285,0.0,0,0,1,0,11.803,0.0,0,0,1,0,3.297,0.896,1,33.6,0,0,1,1,0,1,1,0,0,1,0,12192.0,2,1,1,1,0,0,1,4,7.8,272.4,0,0,0,0,0,1
429500,64.285,0.0,0,0,1,0,11.803,0.0,0,0,1,0,3.391,0.945,1,33.57,0,0,1,1,0,1,1,0,0,1,0,12192.0,2,1,1,1,0,0,1,4,7.9,273.1,0,0,0,0,0,1
429600,64.285,0.0,0,0,1,0,11.803,0.0,0,0,1,0,3.491,0.995,1,33.47,0,0,1,1,0,1,1,0,0,1,0,12192.0,2,1,1,1,0,0,1,4,7.7,273.1,0,0,0,0,0,1
429700,64.285,0.0,0,0,1,0,11.803,0.0,0,0,1,0,3.595,1.045,1,33.45,0,0,1,1,0,1,1,0,0,1,0,12192.0,2,1,1,1,0,0,1,4,8.2,271.2,0,0,0,0,0,1
429800,64.285,0.0,0,0,1,0,11.803,0.0,0,0,1,0,3.705,1.095,1,33.97,0,0,1,1,0,1,1,0,0,1,0,12192.0,2,1,1,1,0,0,1,4,7.9,270.6,0,0,0,0,0,1
429900,64.285,0.0,0,0,1,0,11.803,0.0,0,0,1,0,3.819,1.145,1,33.68,0,0,1,1,0,1,1,0,0,1,0,12192.0,2,1,1,1,0,0,1,4,8.7,274.4,0,0,0,0,0,1
430000,64.285,0.0,0,0,1,0,11.803,0.0,0,0,1,0,3.939,1.194,1,33.47,0,0,1,1,0,1,1,0,0,1,0,12192.0,2,1,1,1,0,0,1,4,7.6,273.1,0,0,0,0,0,1
430100,64.285,0.0,0,0,1,0,11.803,0.0,0,0,1,0,4.063,1.244,1,33.49,0,0,1,1,0,1,1,0,0,1,0,12192.0,2,1,1,1,0,0,1,4,8.0,271.1,0,0,0,0,0,1
430200,64.285,0.0,0,0,1,0,11.803,0.0,0,0,1,0,4.19,1.266,1,33.57,0,0,1,1,0,1,1,0,0,1,0,12192.0,2,1,1,1,0,0,1,4,7.8,270.8,0,0,0,0,0,1
430300,64.285,0.0,0,0,1,0,11.803,0.0,0,0,1,0,4.316,1.266,1,33.83,0,0,1,1,0,1,1,0,0,1,0,12192.0,2,1,1,1,0,0,1,4,8.3,268.5,0,0,0,0,0,1
430400,64.285,0.0,0,0,1,0,11.803,0.0,0,0,1,0,4.443,1.266,1,33.57,0,0,1,1,0,1,1,0,0,1,0,12192.0,2,1,1,1,0,0,1,4,7.4,271.7,0,0,0,0,0,1
430500,64.285,0.0,0,0,1,0,11.803,0.0,0,0,1,0,4.569,1.266,1,33.68,0,0,1,1,0,1,1,0,0,1,0,12192.0,2,1,1,1,0,0,1,4,8.5,269.7,0,0,0,0,0,1
430600,64.285,0.0,0,0,1,0,11.803,0.0,0,0,1,0,4.696,1.266,1,33.62,0,0,1,1,0,1,1,0,0,1,0,12192.0,2,1,1,1,0,0,1,4,7.6,273.0,0,0,0,0,0,1
430700,64.285,0.0,0,0,1,0,11.803,0.0,0,0,1,0,4.823,1.266,1,33.72,0,0,1,1,0,1,1,0,0,1,0,12192.0,2,1,1,1,0,0,1,4,8.7,271.1,0,0,0,0,0,1
430800,64.285,0.0,0,0,1,0,11.803,0.0,0,0,1,0,4.949,1.266,1,33.73,0,0,1,1,0,1,1,0,0,1,0,12192.0,2,1,1,1,0,0,1,4,8.6,266.9,0,0,0,0,0,1
430900,64.285,0.0,0,0,1,0,11.803,0.0,0,0,1,0,5.076,1.266,1,33.6,0,0,1,1,0,1,1,0,0,1,0,12192.0,2,1,1,1,0,0,1,4,8.1,271.5,0,0,0,0,0,1
431000,64.285,0.0,0,0,1,0,11.803,0.0,0,0,1,0,5.202,1.266,1,33.73,0,0,1,1,0,1,1,0,0,1,0,12192.0,2,1,1,1,0,0,1,4,8.5,271.3,0,0,0,0,0,1
431100,64.285,0.0,0,0,1,0,11.803,0.0,0,0,1,0,5.329,1.266,1,33.61,0,0,1,1,0,1,1,0,0,1,0,12192.0,2,1,1,1,0,0,1,4,8.5,272.0,0,0,0,0,0,1
431200,64.285,0.0,0,0,1,0,11.803,0.0,0,0,1,0,5.455,1.266,1,33.76,0,0,1,1,0,1,1,0,0,1,0,12192.0,2,1,1,1,0,0,1,4,7.9,265.2,0,0,0,0,0,1
431300,64.285,0.0,0,0,1,0,11.803,0.0,0,0,1,0,5.582,1.266,1,33.63,0,0,1,1,0,1,1,0,0,1,0,12192.0,2,1,1,1,0,0,1,4,7.6,271.7,0,0,0,0,0,1
431400,64.285,0.0,0,0,1,0,11.803,0.0,0,0,1,0,5.709,1.266,1,33.52,0,0,1,1,0,1,1,0,0,1,0,12192.0,2,1,1,1,0,0,1,4,7.4,270.1,0,0,0,0,0,1
431500,64.285,0.0,0,0,1,0,11.803,0.0,0,0,1,0,5.835,1.266,1,33.55,0,0,1,1,0,1,1,0,0,1,0,12192.0,2,1,1,1,0,0,1,4,8.0,270.9,0,0,0,0,0,1
431600,64.285,0.0,0,0,1,0,11.803,0.0,0,0,1,0,5.962,1.266,1,33.64,0,0,1,1,0,1,1,0,0,1,0,12192.0,2,1,1,1,0,0,1,4,8.0,273.4,0,0,0,0,0,1
431700,64.285,0.0,0,0,1,0,11.803,0.0,0,0,1,0,6.088,1.266,1,33.64,0,0,1,1,0,1,1,0,0,1,0,12192.0,2,1,1,1,0,0,1,4,8.5,270.2,0,0,0,0,0,1
431800,64.285,0.0,0,0,1,0,11.803,0.0,0,0,1,0,6.215,1.266,1,33.7,0,0,1,1,0,1,1,0,0,1,0,12192.0,2,1,1,1,0,0,1,4,8.2,267.1,0,0,0,0,0,1
431900,64.285,0.0,0,0,1,0,11.803,0.0,0,0,1,0,6.342,1.266,1,33.72,0,0,1,1,0,1,1,0,0,1,0,12192.0,2,1,1,1,0,0,1,4,7.8,267.8,0,0,0,0,0,1
432000,64.285,0.0,0,0,1,0,11.803,0.0,0,0,1,0,6.468,1.266,1,33.65,0,0,1,1,0,1,1,0,0,1,0,12192.0,2,1,1,1,0,0,1,4,8.4,268.3,0,0,0,0,0,1
432100,64.285,0.0,0,0,1,0,11.803,0.0,0,0,1,0,6.595,1.266,1,33.59,0,0,1,1,0,1,1,0,0,1,0,12192.0,2,1,1,1,0,0,1,4,8.5,268.8,0,0,0,0,0,1
432200,64.285,0.0,0,0,1,0,11.803,0.0,0,0,1,0,6.721,1.266,1,33.56,0,0,1,1,0,1,1,0,0,1,0,12192.0,2,1,1,1,0,0,1,4,8.5,270.6,0,0,0,0,0,1
432300,64.285,0.0,0,0,1,0,11.803,0.0,0,0,1,0,6.848,1.266,1,33.74,0,0,1,1,0,1,1,0,0,1,0,12192.0,2,1,1,1,0,0,1,4,9.0,269.2,0,0,0,0,0,1
432400,64.285,0.0,0,0,1,0,11.803,0.0,0,0,1,0,6.974,1.266,1,33.71,0,0,1,1,0,1,1,0,0,1,0,12192.0,2,1,1,1,0,0,1,4,9.0,269.9,0,0,0,0,0,1
432500,64.285,0.0,0,0,1,0,11.803,0.0,0,0,1,0,7.101,1.266,1,33.73,0,0,1,1,0,1,1,0,0,1,0,12192.0,2,1,1,1,0,0,1,4,8.5,271.7,0,0,0,0,0,1
432600,64.285,0.0,0,0,1,0,11.803,0.0,0,0,1,0,7.228,1.266,1,33.72,0,0,1,1,0,1,1,0,0,1,0,12192.0,2,1,1,1,0,0,1,4,8.6,272.8,0,0,0,0,0,1
432700,64.285,0.0,0,0,1,0,11.803,0.0,0,0,1,0,7.354,1.266,1,33.69,0,0,1,1,0,1,1,0,0,1,0,12192.0,2,1,1,1,0,0,1,4,7.8,268.5,0,0,0,0,0,1
432800,64.285,0.0,0,0,1,0,11.803,0.0,0,0,1,0,7.481,1.266,1,33.4,0,0,1,1,0,1,1,0,0,1,0,12192.0,2,1,1,1,0,0,1,4,9.1,268.3,0,0,0,0,0,1
432900,64.285,0.0,0,0,1,0,11.803,0.0,0,0,1,0,7.607,1.266,1,33.78,0,0,1,1,0,1,1,0,0,1,0,12192.0,2,1,1,1,0,0,1,4,9.0,271.2,0,0,0,0,0,1
433000,64.285,0.0,0,0,1,0,11.803,0.0,0,0,1,0,7.734,1.266,1,33.56,0,0,1,1,0,1,1,0,0,1,0,12192.0,2,1,1,1,0,0,1,4,7.9,270.9,0,0,0,0,0,1
433100,64.285,0.0,0,0,1,0,11.803,0.0,0,0,1,0,7.861,1.266,1,33.62,0,0,1,1,0,1,1,0,0,1,0,12192.0,2,1,1,1,0,0,1,4,9.3,267.4,0,0,0,0,0,1
433200,64.285,0.0,0,0,1,0,11.803,0.0,0,0,1,0,7.987,1.266,1,33.57,0,0,1,1,0,1,1,0,0,1,0,12192.0,2,1,1,1,0,0,1,4,7.9,272.1,0,0,0,0,0,1
433300,64.285,0.0,0,0,1,0,11.803,0.0,0,0,1,0,8.114,1.266,1,33.77,0,0,1,1,0,1,1,0,0,1,0,12192.0,2,1,1,1,0,0,1,4,8.8,270.8,0,0,0,0,0,1
433400,64.285,0.0,0,0,1,0,11.803,0.0,0,0,1,0,8.24,1.266,1,33.65,0,0,1,1,0,1,1,0,0,1,0,12192.0,2,1,1,1,0,0,1,4,8.9,271.2,0,0,0,0,0,1
433500,64.285,0.0,0,0,1,0,11.803,0.0,0,0,1,0,8.367,1.266,1,33.67,0,0,1,1,0,1,1,0,0,1,0,12192.0,2,1,1,1,0,0,1,4,8.2,271.2,0,0,0,0,0,1
433600,64.285,0.0,0,0,1,0,11.803,0.0,0,0,1,0,8.493,1.266,1,33.76,0,0,1,1,0,1,1,0,0,1,0,12192.0,2,1,1,1,0,0,1,4,9.3,271.3,0,0,0,0,0,1
433700,64.285,0.0,0,0,1,0,11.803,0.0,0,0,1,0,8.62,1.266,1,33.65,0,0,1,1,0,1,1,0,0,1,0,12192.0,2,1,1,1,0,0,1,4,9.3,276.8,0,0,0,0,0,1
433800,64.285,0.0,0,0,1,0,11.803,0.0,0,0,1,0,8.747,1.266,1,33.75,0,0,1,1,0,1,1,0,0,1,0,12192.0,2,1,1,1,0,0,1,4,8.8,271.2,0,0,0,0,0,1
433900,64.285,0.0,0,0,1,0,11.803,0.0,0,0,1,0,8.873,1.266,1,33.59,0,0,1,1,0,1,1,0,0,1,0,12192.0,2,1,1,1,0,0,1,4,8.4,265.8,0,0,0,0,0,1
434000,64.285,0.0,0,0,1,0,11.803,0.0,0,0,1,0,9.0,1.266,1,33.88,0,0,1,1,0,1,1,0,0,1,0,12192.0,2,1,1,1,0,0,1,4,8.8,268.3,0,0,0,0,0,1
434100,64.285,0.0,0,0,1,0,11.803,0.0,0,0,1,0,9.126,1.266,1,33.69,0,0,1,1,0,1,1,0,0,1,0,12192.0,2,1,1,1,0,0,1,4,8.1,267.0,0,0,0,0,0,1
434200,64.285,0.0,0,0,1,0,11.803,0.0,0,0,1,0,9.253,1.266,1,33.44,0,0,1,1,0,1,1,0,0,1,0,12192.0,2,1,1,1,0,0,1,4,7.8,268.6,0,0,0,0,0,1
434300,64.285,0.0,0,0,1,0,11.803,0.0,0,0,1,0,9.38,1.266,1,33.8,0,0,1,1,0,1,1,0,0,1,0,12192.0,2,1,1,1,0,0,1,4,8.5,271.9,0,0,0,0,0,1
434400,64.285,0.0,0,0,1,0,11.803,0.0,0,0,1,0,9.506,1.266,1,33.66,0,0,1,1,0,1,1,0,0,1,0,12192.0,2,1,1,1,0,0,1,4,8.9,272.4,0,0,0,0,0,1
434500,64.285,0.0,0,0,1,0,11.803,0.0,0,0,1,0,9.633,1.266,1,33.56,0,0,1,1,0,1,1,0,0,1,0,12192.0,2,1,1,1,0,0,1,4,8.4,266.5,0,0,0,0,0,1
434600,64.285,0.0,0,0,1,0,11.803,0.0,0,0,1,0,9.759,1.266,1,33.5,0,0,1,1,0,1,1,0,0,1,0,12192.0,2,1,1,1,0,0,1,4,7.9,268.9,0,0,0,0,0,1
434700,64.285,0.0,0,0,1,0,11.803,0.0,0,0,1,0,9.886,1.266,1,33.78,0,0,1,1,0,1,1,0,0,1,0,12192.0,2,1,1,1,0,0,1,4,8.4,270.6,0,0,0,0,0,1
434800,64.285,0.0,0,0,1,0,11.803,0.0,0,0,1,0,10.012,1.266,1,33.7,0,0,1,1,0,1,1,0,0,1,0,12192.0,2,1,1,1,0,0,1,4,9.0,267.8,0,0,0,0,0,1
434900,64.285,0.0,0,0,1,0,11.803,0.0,0,0,1,0,10.139,1.266,1,33.66,0,0,1,1,0,1,1,0,0,1,0,12192.0,2,1,1,1,0,0,1,4,8.2,272.3,0,0,0,0,0,1
435000,64.285,0.0,0,0,1,0,11.803,0.0,0,0,1,0,10.266,1.266,1,33.76,0,0,1,1,0,1,1,0,0,1,0,12192.0,2,1,1,1,0,0,1,4,7.9,272.5,0,0,0,0,0,1
435100,64.285,0.0,0,0,1,0,11.803,0.0,0,0,1,0,10.392,1.266,1,33.58,0,0,1,1,0,1,1,0,0,1,0,12192.0,2,1,1,1,0,0,1,4,8.6,269.0,0,0,0,0,0,1
435200,64.285,0.0,0,0,1,0,11.803,0.0,0,0,1,0,10.519,1.266,1,33.49,0,0,1,1,0,1,1,0,0,1,0,12192.0,2,1,1,1,0,0,1,4,8.5,264.9,0,0,0,0,0,1
435300,64.285,0.0,0,0,1,0,11.803,0.0,0,0,1,0,10.645,1.266,1,33.77,0,0,1,1,0,1,1,0,0,1,0,12192.0,2,1,1,1,0,0,1,4,8.4,268.1,0,0,0,0,0,1
435400,64.285,0.0,0,0,1,0,11.803,0.0,0,0,1,0,10.772,1.266,1,33.45,0,0,1,1,0,1,1,0,0,1,0,12192.0,2,1,1,1,0,0,1,4,8.2,269.9,0,0,0,0,0,1
435500,64.285,0.0,0,0,1,0,11.803,0.0,0,0,1,0,10.899,1.266,1,33.58,0,0,1,1,0,1,1,0,0,1,0,12192.0,2,1,1,1,0,0,1,4,7.9,272.9,0,0,0,0,0,1
435600,64.285,0.0,0,0,1,0,11.803,0.0,0,0,1,0,11.025,1.266,1,33.58,0,0,1,1,0,1,1,0,0,1,0,12192.0,2,1,1,1,0,0,1,4,8.4,272.5,0,0,0,0,0,1
435700,64.285,0.0,0,0,1,0,11.803,0.0,0,0,1,0,11.152,1.266,1,33.49,0,0,1,1,0,1,1,0,0,1,0,12192.0,2,1,1,1,0,0,1,4,7.6,270.0,0,0,0,0,0,1
435800,64.285,0.0,0,0,1,0,11.803,0.0,0,0,1,0,11.278,1.266,1,33.66,0,0,1,1,0,1,1,0,0,1,0,12192.0,2,1,1,1,0,0,1,4,7.6,273.6,0,0,0,0,0,1
435900,64.285,0.0,0,0,1,0,11.803,0.0,0,0,1,0,11.405,1.266,1,33.58,0,0,1,1,0,1,1,0,0,1,0,12192.0,2,1,1,1,0,0,1,4,7.8,271.2,0,0,0,0,0,1
436000,64.285,0.0,0,0,1,0,11.803,0.0,0,0,1,0,11.531,1.266,1,33.54,0,0,1,1,0,1,1,0,0,1,0,12192.0,2,1,1,1,0,0,1,4,7.9,269.2,0,0,0,0,0,1
436100,64.285,0.0,0,0,1,0,11.803,0.0,0,0,1,0,11.658,1.266,1,33.62,0,0,1,1,0,1,1,0,0,1,0,12192.0,2,1,1,1,0,0,1,4,7.6,268.3,0,0,0,0,0,1
436200,64.285,0.0,0,0,1,0,11.803,0.0,0,0,1,0,11.78,1.216,1,30.28,0,0,1,1,0,1,1,0,0,1,0,12192.0,2,1,1,1,0,0,1,4,7.8,269.8,0,0,0,0,0,1
436300,64.285,0.0,0,0,1,0,11.803,0.0,0,0,1,0,11.896,1.166,1,30.34,0,0,1,1,0,1,1,0,0,1,0,12192.0,2,1,1,1,0,0,1,4,7.9,271.5,0,0,0,0,0,1
436400,64.285,0.0,0,0,1,0,11.803,0.0,0,0,1,0,12.013,1.167,1,33.6,0,0,1,1,0,1,1,0,0,1,0,12192.0,2,1,1,1,0,0,1,4,8.0,269.9,0,0,0,0,0,1
436500,64.285,0.0,0,0,1,0,11.803,0.0,0,0,1,0,12.125,1.116,1,30.31,0,0,1,1,0,1,1,0,0,1,0,12192.0,2,1,1,1,0,0,1,4,7.6,269.4,0,0,0,0,0,1
436600,64.285,0.0,0,0,1,0,11.803,0.0,0,0,1,0,12.231,1.065,1,30.39,0,0,1,1,0,1,1,0,0,1,0,12192.0,2,1,1,1,0,0,1,4,8.1,267.0,0,0,0,0,0,1
436700,64.285,0.0,0,0,1,0,11.803,0.0,0,0,1,0,12.333,1.014,1,30.55,0,0,1,1,0,1,1,0,0,1,0,12192.0,2,1,1,1,0,0,1,4,7.7,267.2,0,0,0,0,0,1
436800,64.285,0.0,0,0,1,0,11.803,0.0,0,0,1,0,12.429,0.963,1,30.35,0,0,1,1,0,1,1,0,0,1,0,12192.0,2,1,1,1,0,0,1,4,7.1,267.4,0,0,0,0,0,1
436900,64.285,0.0,0,0,1,0,11.803,0.0,0,0,1,0,12.52,0.912,1,30.53,0,0,1,1,0,1,1,0,0,1,0,12192.0,2,1,1,1,0,0,1,4,7.3,268.8,0,0,0,0,0,1
437000,64.285,0.0,0,0,1,0,11.803,0.0,0,0,1,0,12.606,0.861,1,30.47,0,0,1,1,0,1,1,0,0,1,0,12192.0,2,1,1,1,0,0,1,4,7.3,272.4,0,0,0,0,0,1
437100,64.285,0.0,0,0,1,0,11.803,0.0,0,0,1,0,12.687,0.809,1,30.36,0,0,1,1,0,1,1,0,0,1,0,12192.0,2,1,1,1,0,0,1,4,6.9,269.1,0,0,0,0,0,1
437200,64.285,0.0,0,0,1,0,11.803,0.0,0,0,1,0,12.763,0.758,1,30.27,0,0,1,1,0,1,1,0,0,1,0,12192.0,2,1,1,1,0,0,1,4,7.3,273.2,0,0,0,0,0,1
437300,64.285,0.0,0,0,1,0,11.803,0.0,0,0,1,0,12.833,0.707,1,30.6,0,0,1,1,0,1,1,0,0,1,0,12192.0,2,1,1,1,0,0,1,4,7.5,270.1,0,0,0,0,0,1
437400,64.285,0.0,0,0,1,0,11.803,0.0,0,0,1,0,12.899,0.655,1,30.29,0,0,1,1,0,1,1,0,0,1,0,12192.0,2,1,1,1,0,0,1,4,8.0,269.6,0,0,0,0,0,1
437500,64.285,0.0,0,0,1,0,11.803,0.0,0,0,1,0,12.959,0.603,1,30.56,0,0,1,1,0,1,1,0,0,1,0,12192.0,2,1,1,1,0,0,1,4,7.6,269.6,0,0,0,0,0,1
437600,64.285,0.0,0,0,1,0,11.803,0.0,0,0,1,0,13.014,0.551,1,30.54,0,0,1,1,0,1,1,0,0,1,0,12192.0,2,1,1,1,0,0,1,4,7.4,271.1,0,0,0,0,0,1
437700,64.285,0.0,0,0,1,0,11.803,0.0,0,0,1,0,13.064,0.499,1,30.37,0,0,1,1,0,1,1,0,0,1,0,12192.0,2,1,1,1,0,0,1,4,7.9,270.5,0,0,0,0,0,1
437800,64.285,0.0,0,0,1,0,11.803,0.0,0,0,1,0,13.109,0.446,1,30.37,0,0,1,1,0,1,1,0,0,1,0,12192.0,2,1,1,1,0,0,1,4,8.1,269.8,0,0,0,0,0,1
437900,64.285,0.0,0,0,1,0,11.803,0.0,0,0,1,0,13.148,0.393,1,30.25,0,0,1,1,0,1,1,0,0,1,0,12192.0,2,1,1,1,0,0,1,4,7.4,267.5,0,0,0,0,0,1
438000,64.285,0.0,0,0,1,0,11.803,0.0,0,0,1,0,13.182,0.34,1,30.21,0,0,1,1,0,1,1,0,0,1,0,12192.0,2,1,1,1,0,0,1,4,6.9,271.3,0,0,0,0,0,1
438100,64.285,0.0,0,0,1,0,11.803,0.0,0,0,1,0,13.211,0.286,1,30.43,0,0,1,1,0,1,1,0,0,1,0,12192.0,2,1,1,1,0,0,1,4,7.5,268.8,0,0,0,0,0,1
438200,64.285,0.0,0,0,1,0,11.803,0.0,0,0,1,0,13.234,0.231,1,30.56,0,0,1,1,0,1,1,0,0,1,0,12192.0,2,1,1,1,0,0,1,4,7.1,270.9,0,0,0,0,0,1
438300,64.285,0.0,0,0,1,0,11.803,0.0,0,0,1,0,13.251,0.174,1,30.29,0,0,1,1,0,1,1,0,0,1,0,12192.0,2,1,1,1,0,0,1,4,7.7,271.9,0,0,0,0,0,1
438400,64.285,0.0,0,0,1,0,11.803,0.0,0,0,1,0,13.263,0.114,1,30.41,0,0,1,1,0,1,1,0,0,1,0,12192.0,2,1,1,1,0,0,1,4,8.5,272.5,0,0,0,0,0,1
438500,64.285,0.0,0,0,0,0,11.803,0.0,0,0,0,0,13.268,0.0,0,31.94,0,0,0,0,0,1,1,0,0,1,0,12192.0,2,1,1,0,1,0,1,4,7.5,265.6,0,0,0,0,0,1
438600,64.283,-0.015,0,1,1,0,11.797,-0.056,0,1,1,0,13.268,0.0,0,31.84,0,0,0,1,0,1,1,0,0,1,0,12192.0,2,1,1,1,0,0,1,4,6.2,272.1,0,0,0,0,0,1
438700,64.28,-0.03,0,1,1,0,11.786,-0.112,0,1,1,0,13.268,0.0,0,31.98,0,0,0,1,0,1,1,0,0,1,0,12192.0,2,1,1,1,0,0,1,4,7.8,273.4,0,0,0,0,0,1
438800,64.276,-0.045,0,1,1,0,11.769,-0.167,0,1,1,0,13.268,0.0,0,31.77,0,0,0,1,0,1,1,0,0,1,0,12192.0,2,1,1,1,0,0,1,4,7.8,265.9,0,0,0,0,0,1
438900,64.27,-0.059,0,1,1,0,11.747,-0.223,0,1,1,0,13.268,0.0,0,32.15,0,0,0,1,0,1,1,0,0,1,0,12192.0,2,1,1,1,0,0,1,4,7.1,274.5,0,0,0,0,0,1
439000,64.262,-0.074,0,1,1,0,11.719,-0.279,0,1,1,0,13.268,0.0,0,32.04,0,0,0,1,0,1,1,0,0,1,0,12192.0,2,1,1,1,0,0,1,4,7.6,268.9,0,0,0,0,0,1
439100,64.253,-0.089,0,1,1,0,11.685,-0.335,0,1,1,0,13.268,0.0,0,32.0,0,0,0,1,0,1,1,0,0,1,0,12192.0,2,1,1,1,0,0,1,4,7.6,269.4,0,0,0,0,0,1
439200,64.243,-0.104,0,1,1,0,11.646,-0.391,0,1,1,0,13.268,0.0,0,32.1,0,0,0,1,0,1,1,0,0,1,0,12192.0,2,1,1,1,0,0,1,4,7.9,267.4,0,0,0,0,0,1
439300,64.231,-0.119,0,1,1,0,11.602,-0.447,0,1,1,0,13.268,0.0,0,32.03,0,0,0,1,0,1,1,0,0,1,0,12192.0,2,1,1,1,0,0,1,4,6.6,270.7,0,0,0,0,0,1
439400,64.218,-0.134,0,1,1,0,11.551,-0.502,0,1,1,0,13.268,0.0,0,32.09,0,0,0,1,0,1,1,0,0,1,0,12192.0,2,1,1,1,0,0,1,4,7.0,270.5,0,0,0,0,0,1
439500,64.203,-0.148,0,1,1,0,11.496,-0.558,0,1,1,0,13.268,0.0,0,32.15,0,0,0,1,0,1,1,0,0,1,0,12192.0,2,1,1,1,0,0,1,4,7.0,268.1,0,0,0,0,0,1
439600,64.187,-0.163,0,1,1,0,11.434,-0.614,0,1,1,0,13.268,0.0,0,31.89,0,0,0,1,0,1,1,0,0,1,0,12192.0,2,1,1,1,0,0,1,4,7.0,267.1,0,0,0,0,0,1
439700,64.169,-0.178,0,1,1,0,11.367,-0.67,0,1,1,0,13.268,0.0,0,31.87,0,0,0,1,0,1,1,0,0,1,0,12192.0,2,1,1,1,0,0,1,4,7.9,267.7,0,0,0,0,0,1
439800,64.15,-0.193,0,1,1,0,11.295,-0.726,0,1,1,0,13.268,0.0,0,32.01,0,0,0,1,0,1,1,0,0,1,0,12192.0,2,1,1,1,0,0,1,4,7.5,272.6,0,0,0,0,0,1
439900,64.129,-0.208,0,1,1,0,11.217,-0.781,0,1,1,0,13.268,0.0,0,32.17,0,0,0,1,0,1,1,0,0,1,0,12192.0,2,1,1,1,0,0,1,4,8.2,274.8,0,0,0,0,0,1
440000,64.106,-0.223,0,1,1,0,11.133,-0.837,0,1,1,0,13.268,0.0,0,32.14,0,0,0,1,0,1,1,0,0,1,0,12192.0,2,1,1,1,0,0,1,4,8.3,262.2,0,0,0,0,0,1
440100,64.083,-0.238,0,1,1,0,11.043,-0.893,0,1,1,0,13.268,0.0,0,31.86,0,0,0,1,0,1,1,0,0,1,0,12192.0,2,1,1,1,0,0,1,4,8.6,272.6,0,0,0,0,0,1
440200,64.057,-0.252,0,1,1,0,10.949,-0.949,0,1,1,0,13.268,0.0,0,32.15,0,0,0,1,0,1,1,0,0,1,0,12192.0,2,1,1,1,0,0,1,4,8.5,267.4,0,0,0,0,0,1
440300,64.034,-0.238,0,1,1,0,10.848,-1.005,0,1,1,0,13.268,0.0,0,32.2,0,0,0,1,0,1,1,0,0,1,0,12192.0,2,1,1,1,0,0,1,4,7.8,271.9,0,0,0,0,0,1
440400,64.011,-0.223,0,1,1,0,10.742,-1.061,0,1,1,0,13.268,0.0,0,31.99,0,0,0,1,0,1,1,0,0,1,0,12192.0,2,1,1,1,0,0,1,4,8.4,273.9,0,0,0,0,0,1
440500,63.991,-0.208,0,1,1,0,10.63,-1.116,0,1,1,0,13.268,0.0,0,32.05,0,0,0,1,0,1,1,0,0,1,0,12192.0,2,1,1,1,0,0,1,4,8.0,269.3,0,0,0,0,0,1
440600,63.971,-0.193,0,1,1,0,10.513,-1.172,0,1,1,0,13.268,0.0,0,31.87,0,0,0,1,0,1,1,0,0,1,0,12192.0,2,1,1,1,0,0,1,4,8.1,269.7,0,0,0,0,0,1
440700,63.954,-0.178,0,1,1,0,10.39,-1.228,0,1,1,0,13.268,0.0,0,32.26,0,0,0,1,0,1,1,0,0,1,0,12192.0,2,1,1,1,0,0,1,4,8.8,271.8,0,0,0,0,0,1
440800,63.937,-0.163,0,1,1,0,10.262,-1.284,0,1,1,0,13.268,0.0,0,32.08,0,0,0,1,0,1,1,0,0,1,0,12192.0,2,1,1,1,0,0,1,4,8.1,272.7,0,0,0,0,0,1
440900,63.922,-0.148,0,1,1,0,10.128,-1.34,0,1,1,0,13.268,0.0,0,32.3,0,0,0,1,0,1,1,0,0,1,0,12192.0,2,1,1,1,0,0,1,4,8.5,268.1,0,0,0,0,0,1
441000,63.909,-0.134,0,1,1,0,9.989,-1.395,0,1,1,0,13.268,0.0,0,32.1,0,0,0,1,0,1,1,0,0,1,0,12192.0,2,1,1,1,0,0,1,4,7.8,266.5,0,0,0,0,0,1
441100,63.897,-0.119,0,1,1,0,9.843,-1.451,0,1,1,0,13.268,0.0,0,31.99,0,0,0,1,0,1,1,0,0,1,0,12192.0,2,1,1,1,0,0,1,4,8.9,269.5,0,0,0,0,0,1
441200,63.887,-0.104,0,1,1,0,9.693,-1.507,0,1,1,0,13.268,0.0,0,32.05,0,0,0,1,0,1,1,0,0,1,0,12192.0,2,1,1,1,0,0,1,4,8.5,268.3,0,0,0,0,0,1
441300,63.878,-0.089,0,1,1,0,9.536,-1.563,0,1,1,0,13.268,0.0,0,32.13,0,0,0,1,0,1,1,0,0,1,0,12192.0,2,1,1,1,0,0,1,4,8.7,266.1,0,0,0,0,0,1
441400,63.871,-0.072,0,1,1,0,9.375,-1.619,0,1,1,0,13.268,0.0,0,31.94,0,0,0,1,0,1,1,0,0,1,0,12192.0,2,1,1,1,0,0,1,4,9.2,269.4,0,0,0,0,0,1
441500,63.865,-0.056,0,1,1,0,9.207,-1.675,0,1,1,0,13.268,0.0,0,31.8,0,0,0,1,0,1,1,0,0,1,0,12192.0,2,1,1,1,0,0,1,4,9.1,267.9,0,0,0,0,0,1
441600,63.861,-0.038,0,1,1,0,9.034,-1.73,0,1,1,0,13.268,0.0,0,32.0,0,0,0,1,0,1,1,0,0,1,0,12192.0,2,1,1,1,0,0,1,4,7.8,262.8,0,0,0,0,0,1
441700,63.859,-0.018,0,1,1,0,8.855,-1.786,0,1,1,0,13.268,0.0,0,32.15,0,0,0,1,0,1,1,0,0,1,0,12192.0,2,1,1,1,0,0,1,4,7.8,270.1,0,0,0,0,0,1
441800,63.859,0.0,0,0,1,0,8.671,-1.842,0,1,1,0,13.268,0.0,0,31.99,0,0,0,1,0,1,1,0,0,1,0,12192.0,2,1,1,1,0,0,1,4,8.9,270.8,0,0,0,0,0,1
441900,63.859,0.0,0,0,1,0,8.481,-1.898,0,1,1,0,13.268,0.0,0,31.81,0,0,0,1,0,1,1,0,0,1,0,12192.0,2,1,1,1,0,0,1,4,8.9,271.4,0,0,0,0,0,1
442000,63.859,0.0,0,0,1,0,8.286,-1.954,0,1,1,0,13.268,0.0,0,32.01,0,0,0,1,0,1,1,0,0,1,0,12192.0,2,1,1,1,0,0,1,4,8.3,273.7,0,0,0,0,0,1
442100,63.859,0.0,0,0,1,0,8.085,-2.009,0,1,1,0,13.268,0.0,0,31.91,0,0,0,1,0,1,1,0,0,1,0,12192.0,2,1,1,1,0,0,1,4,9.1,270.4,0,0,0,0,0,1
442200,63.859,0.0,0,0,1,0,7.879,-2.065,0,1,1,0,13.268,0.0,0,32.15,0,0,0,1,0,1,1,0,0,1,0,12192.0,2,1,1,1,0,0,1,4,9.0,272.4,0,0,0,0,0,1
442300,63.859,0.0,0,0,1,0,7.667,-2.121,0,1,1,0,13.268,0.0,0,31.96,0,0,0,1,0,1,1,0,0,1,0,12192.0,2,1,1,1,0,0,1,4,8.6,265.0,0,0,0,0,0,1
442400,63.859,0.0,0,0,1,0,7.449,-2.177,0,1,1,0,13.268,0.0,0,31.97,0,0,0,1,0,1,1,0,0,1,0,12192.0,2,1,1,1,0,0,1,4,8.3,266.1,0,0,0,0,0,1
442500,63.859,0.0,0,0,1,0,7.226,-2.225,0,1,1,0,13.268,0.0,0,31.87,0,0,0,1,0,1,1,0,0,1,0,12192.0,2,1,1,1,0,0,1,4,8.4,271.3,0,0,0,0,0,1
442600,63.859,0.0,0,0,1,0,7.009,-2.169,0,1,1,0,13.268,0.0,0,32.02,0,0,0,1,0,1,1,0,0,1,0,12192.0,2,1,1,1,0,0,1,4,8.5,272.5,0,0,0,0,0,1
442700,63.859,0.0,0,0,1,0,6.798,-2.112,0,1,1,0,13.268,0.0,0,32.14,0,0,0,1,0,1,1,0,0,1,0,12192.0,2,1,1,1,0,0,1,4,8.9,274.8,0,0,0,0,0,1
442800,63.859,0.0,0,0,1,0,6.593,-2.055,0,1,1,0,13.268,0.0,0,31.87,0,0,0,1,0,1,1,0,0,1,0,12192.0,2,1,1,1,0,0,1,4,8.2,271.3,0,0,0,0,0,1
442900,63.859,0.0,0,0,1,0,6.393,-1.999,0,1,1,0,13.268,0.0,0,32.19,0,0,0,1,0,1,1,0,0,1,0,12192.0,2,1,1,1,0,0,1,4,8.6,270.8,0,0,0,0,0,1
443000,63.859,0.0,0,0,1,0,6.199,-1.942,0,1,1,0,13.268,0.0,0,31.97,0,0,0,1,0,1,1,0,0,1,0,12192.0,2,1,1,1,0,0,1,4,7.6,269.8,0,0,0,0,0,1
443100,63.859,0.0,0,0,1,0,6.01,-1.886,0,1,1,0,13.268,0.0,0,31.92,0,0,0,1,0,1,1,0,0,1,0,12192.0,2,1,1,1,0,0,1,4,8.3,266.6,0,0,0,0,0,1
443200,63.859,0.0,0,0,1,0,5.827,-1.829,0,1,1,0,13.268,0.0,0,31.86,0,0,0,1,0,1,1,0,0,1,0,12192.0,2,1,1,1,0,0,1,4,8.1,272.6,0,0,0,0,0,1
443300,63.859,0.0,0,0,1,0,5.65,-1.772,0,1,1,0,13.268,0.0,0,31.82,0,0,0,1,0,1,1,0,0,1,0,12192.0,2,1,1,1,0,0,1,4,7.6,270.5,0,0,0,0,0,1
443400,63.859,0.0,0,0,1,0,5.478,-1.715,0,1,1,0,13.268,0.0,0,32.26,0,0,0,1,0,1,1,0,0,1,0,12192.0,2,1,1,1,0,0,1,4,7.3,265.9,0,0,0,0,0,1
443500,63.859,0.0,0,0,1,0,5.313,-1.659,0,1,1,0,13.268,0.0,0,31.92,0,0,0,1,0,1,1,0,0,1,0,12192.0,2,1,1,1,0,0,1,4,8.1,272.7,0,0,0,0,0,1
443600,63.859,0.0,0,0,1,0,5.152,-1.602,0,1,1,0,13.268,0.0,0,31.92,0,0,0,1,0,1,1,0,0,1,0,12192.0,2,1,1,1,0,0,1,4,8.9,274.5,0,0,0,0,0,1
443700,63.859,0.0,0,0,1,0,4.998,-1.545,0,1,1,0,13.268,0.0,0,32.19,0,0,0,1,0,1,1,0,0,1,0,12192.0,2,1,1,1,0,0,1,4,8.5,274.4,0,0,0,0,0,1
443800,63.859,0.0,0,0,1,0,4.849,-1.488,0,1,1,0,13.268,0.0,0,32.1,0,0,0,1,0,1,1,0,0,1,0,12192.0,2,1,1,1,0,0,1,4,8.2,270.5,0,0,0,0,0,1
443900,63.859,0.0,0,0,1,0,4.706,-1.431,0,1,1,0,13.268,0.0,0,31.86,0,0,0,1,0,1,1,0,0,1,0,12192.0,2,1,1,1,0,0,1,4,8.3,266.7,0,0,0,0,0,1
444000,63.859,0.0,0,0,1,0,4.568,-1.374,0,1,1,0,13.268,0.0,0,31.92,0,0,0,1,0,1,1,0,0,1,0,12192.0,2,1,1,1,0,0,1,4,7.8,271.7,0,0,0,0,0,1
444100,63.859,0.0,0,0,1,0,4.437,-1.317,0,1,1,0,13.268,0.0,0,32.15,0,0,0,1,0,1,1,0,0,1,0,12192.0,2,1,1,1,0,0,1,4,8.2,268.4,0,0,0,0,0,1
444200,63.859,0.0,0,0,1,0,4.311,-1.26,0,1,1,0,13.268,0.0,0,31.91,0,0,0,1,0,1,1,0,0,1,0,12192.0,2,1,1,1,0,0,1,4,7.8,270.6,0,0,0,0,0,1
444300,63.859,0.0,0,0,1,0,4.19,-1.203,0,1,1,0,13.268,0.0,0,31.83,0,0,0,1,0,1,1,0,0,1,0,12192.0,2,1,1,1,0,0,1,4,7.9,270.5,0,0,0,0,0,1
444400,63.859,0.0,0,0,1,0,4.076,-1.146,0,1,1,0,13.268,0.0,0,31.84,0,0,0,1,0,1,1,0,0,1,0,12192.0,2,1,1,1,0,0,1,4,8.8,269.6,0,0,0,0,0,1
444500,63.859,0.0,0,0,1,0,3.967,-1.089,0,1,1,0,13.268,0.0,0,32.08,0,0,0,1,0,1,1,0,0,1,0,12192.0,2,1,1,1,0,0,1,4,7.9,268.6,0,0,0,0,0,1
444600,63.859,0.0,0,0,1,0,3.864,-1.031,0,1,1,0,13.268,0.0,0,31.89,0,0,0,1,0,1,1,0,0,1,0,12192.0,2,1,1,1,0,0,1,4,8.1,270.1,0,0,0,0,0,1
444700,63.859,0.0,0,0,1,0,3.766,-0.974,0,1,1,0,13.268,0.0,0,32.13,0,0,0,1,0,1,1,0,0,1,0,12192.0,2,1,1,1,0,0,1,4,7.0,265.6,0,0,0,0,0,1
444800,63.859,0.0,0,0,1,0,3.675,-0.917,0,1,1,0,13.268,0.0,0,31.98,0,0,0,1,0,1,1,0,0,1,0,12192.0,2,1,1,1,0,0,1,4,8.2,267.5,0,0,0,0,0,1
444900,63.859,0.0,0,0,1,0,3.589,-0.859,0,1,1,0,13.268,0.0,0,31.76,0,0,0,1,0,1,1,0,0,1,0,12192.0,2,1,1,1,0,0,1,4,8.7,272.1,0,0,0,0,0,1
445000,63.859,0.0,0,0,1,0,3.509,-0.801,0,1,1,0,13.268,0.0,0,32.08,0,0,0,1,0,1,1,0,0,1,0,12192.0,2,1,1,1,0,0,1,4,7.6,266.8,0,0,0,0,0,1
445100,63.859,0.0,0,0,1,0,3.434,-0.743,0,1,1,0,13.268,0.0,0,32.06,0,0,0,1,0,1,1,0,0,1,0,12192.0,2,1,1,1,0,0,1,4,8.4,274.3,0,0,0,0,0,1
445200,63.859,0.0,0,0,1,0,3.366,-0.685,0,1,1,0,13.268,0.0,0,32.09,0,0,0,1,0,1,1,0,0,1,0,12192.0,2,1,1,1,0,0,1,4,7.6,269.0,0,0,0,0,0,1
445300,63.859,0.0,0,0,1,0,3.303,-0.627,0,1,1,0,13.268,0.0,0,32.11,0,0,0,1,0,1,1,0,0,1,0,12192.0,2,1,1,1,0,0,1,4,8.5,269.6,0,0,0,0,0,1
445400,63.859,0.0,0,0,1,0,3.246,-0.568,0,1,1,0,13.268,0.0,0,32.09,0,0,0,1,0,1,1,0,0,1,0,12192.0,2,1,1,1,0,0,1,4,7.8,268.6,0,0,0,0,0,1
445500,63.859,0.0,0,0,1,0,3.195,-0.509,0,1,1,0,13.268,0.0,0,31.85,0,0,0,1,0,1,1,0,0,1,0,12192.0,2,1,1,1,0,0,1,4,7.4,269.4,0,0,0,0,0,1
445600,63.859,0.0,0,0,1,0,3.15,-0.45,0,1,1,0,13.268,0.0,0,32.13,0,0,0,1,0,1,1,0,0,1,0,12192.0,2,1,1,1,0,0,1,4,7.4,270.0,0,0,0,0,0,1
445700,63.859,0.0,0,0,1,0,3.111,-0.39,0,1,1,0,13.268,0.0,0,32.16,0,0,0,1,0,1,1,0,0,1,0,12192.0,2,1,1,1,0,0,1,4,7.3,272.3,0,0,0,0,0,1
445800,63.859,0.0,0,0,1,0,3.078,-0.33,0,1,1,0,13.268,0.0,0,32.11,0,0,0,1,0,1,1,0,0,1,0,12192.0,2,1,1,1,0,0,1,4,7.8,269.4,0,0,0,0,0,1
445900,63.859,0.0,0,0,1,0,3.051,-0.268,0,1,1,0,13.268,0.0,0,32.04,0,0,0,1,0,1,1,0,0,1,0,12192.0,2,1,1,1,0,0,1,4,7.2,270.8,0,0,0,0,0,1
446000,63.859,0.0,0,0,1,0,3.031,-0.205,0,1,1,0,13.268,0.0,0,31.9,0,0,0,1,0,1,1,0,0,1,0,12192.0,2,1,1,1,0,0,1,4,7.7,271.7,0,0,0,0,0,1
446100,63.859,0.0,0,0,1,0,3.017,-0.138,0,1,1,0,13.268,0.0,0,31.74,0,0,0,1,0,1,1,0,0,1,0,12192.0,2,1,1,1,0,0,1,4,7.7,271.4,0,0,0,0,0,1
446200,63.859,0.0,0,0,1,0,3.011,-0.061,0,1,1,0,13.268,0.0,0,31.79,0,0,0,1,0,1,1,0,0,1,0,12192.0,2,1,1,1,0,0,1,4,6.7,270.5,0,0,0,0,0,1
446300,63.859,0.0,0,0,0,0,3.011,0.0,0,0,0,0,13.268,0.0,0,32.16,0,0,0,0,0,1,1,0,0,1,0,12192.0,2,1,1,0,1,0,1,4,7.6,270.8,0,0,0,0,0,1
446400,63.859,0.0,0,0,1,0,3.011,0.0,0,0,1,0,13.263,-0.05,0,30.38,0,0,1,1,0,1,1,0,0,1,0,12192.0,2,1,1,1,0,0,1,4,6.5,269.6,0,0,0,0,0,1
446500,63.859,0.0,0,0,1,0,3.011,0.0,0,0,1,0,13.253,-0.1,0,30.29,0,0,1,1,0,1,1,0,0,1,0,12192.0,2,1,1,1,0,0,1,4,8.1,269.2,0,0,0,0,0,1
446600,63.859,0.0,0,0,1,0,3.011,0.0,0,0,1,0,13.238,-0.149,0,30.55,0,0,1,1,0,1,1,0,0,1,0,12192.0,2,1,1,1,0,0,1,4,7.7,270.0,0,0,0,0,0,1
446700,63.859,0.0,0,0,1,0,3.011,0.0,0,0,1,0,13.218,-0.199,0,30.29,0,0,1,1,0,1,1,0,0,1,0,12192.0,2,1,1,1,0,0,1,4,7.2,272.5,0,0,0,0,0,1
446800,63.859,0.0,0,0,1,0,3.011,0.0,0,0,1,0,13.193,-0.249,0,30.39,0,0,1,1,0,1,1,0,0,1,0,12192.0,2,1,1,1,0,0,1,4,7.9,268.3,0,0,0,0,0,1
446900,63.859,0.0,0,0,1,0,3.011,0.0,0,0,1,0,13.163,-0.299,0,30.03,0,0,1,1,0,1,1,0,0,1,0,12192.0,2,1,1,1,0,0,1,4,7.1,267.4,0,0,0,0,0,1
447000,63.859,0.0,0,0,1,0,3.011,0.0,0,0,1,0,13.128,-0.348,0,30.34,0,0,1,1,0,1,1,0,0,1,0,12192.0,2,1,1,1,0,0,1,4,7.0,274.0,0,0,0,0,0,1
447100,63.859,0.0,0,0,1,0,3.011,0.0,0,0,1,0,13.089,-0.398,0,30.46,0,0,1,1,0,1,1,0,0,1,0,12192.0,2,1,1,1,0,0,1,4,6.4,269.3,0,0,0,0,0,1
447200,63.859,0.0,0,0,1,0,3.011,0.0,0,0,1,0,13.044,-0.448,0,30.39,0,0,1,1,0,1,1,0,0,1,0,12192.0,2,1,1,1,0,0,1,4,7.7,271.0,0,0,0,0,0,1
447300,63.859,0.0,0,0,1,0,3.011,0.0,0,0,1,0,12.994,-0.498,0,30.58,0,0,1,1,0,1,1,0,0,1,0,12192.0,2,1,1,1,0,0,1,4,7.9,269.8,0,0,0,0,0,1
447400,63.859,0.0,0,0,1,0,3.011,0.0,0,0,1,0,12.939,-0.547,0,30.25,0,0,1,1,0,1,1,0,0,1,0,12192.0,2,1,1,1,0,0,1,4,7.0,268.3,0,0,0,0,0,1
447500,63.859,0.0,0,0,1,0,3.011,0.0,0,0,1,0,12.88,-0.597,0,30.23,0,0,1,1,0,1,1,0,0,1,0,12192.0,2,1,1,1,0,0,1,4,7.2,269.7,0,0,0,0,0,1
447600,63.859,0.0,0,0,1,0,3.011,0.0,0,0,1,0,12.815,-0.647,0,30.26,0,0,1,1,0,1,1,0,0,1,0,12192.0,2,1,1,1,0,0,1,4,8.2,271.3,0,0,0,0,0,1
447700,63.859,0.0,0,0,1,0,3.011,0.0,0,0,1,0,12.745,-0.697,0,30.31,0,0,1,1,0,1,1,0,0,1,0,12192.0,2,1,1,1,0,0,1,4,7.2,268.4,0,0,0,0,0,1
447800,63.859,0.0,0,0,1,0,3.011,0.0,0,0,1,0,12.671,-0.746,0,30.54,0,0,1,1,0,1,1,0,0,1,0,12192.0,2,1,1,1,0,0,1,4,7.8,267.6,0,0,0,0,0,1
447900,63.859,0.0,0,0,1,0,3.011,0.0,0,0,1,0,12.591,-0.796,0,30.26,0,0,1,1,0,1,1,0,0,1,0,12192.0,2,1,1,1,0,0,1,4,8.2,271.0,0,0,0,0,0,1
448000,63.859,0.0,0,0,1,0,3.011,0.0,0,0,1,0,12.506,-0.846,0,30.55,0,0,1,1,0,1,1,0,0,1,0,12192.0,2,1,1,1,0,0,1,4,6.5,272.1,0,0,0,0,0,1
448100,63.859,0.0,0,0,1,0,3.011,0.0,0,0,1,0,12.417,-0.896,0,30.24,0,0,1,1,0,1,1,0,0,1,0,12192.0,2,1,1,1,0,0,1,4,7.7,274.7,0,0,0,0,0,1
448200,63.859,0.0,0,0,1,0,3.011,0.0,0,0,1,0,12.322,-0.945,0,30.43,0,0,1,1,0,1,1,0,0,1,0,12192.0,2,1,1,1,0,0,1,4,6.7,270.2,0,0,0,0,0,1
448300,63.859,0.0,0,0,1,0,3.011,0.0,0,0,1,0,12.223,-0.995,0,30.27,0,0,1,1,0,1,1,0,0,1,0,12192.0,2,1,1,1,0,0,1,4,7.6,270.4,0,0,0,0,0,1
448400,63.859,0.0,0,0,1,0,3.011,0.0,0,0,1,0,12.118,-1.045,0,30.4,0,0,1,1,0,1,1,0,0,1,0,12192.0,2,1,1,1,0,0,1,4,7.4,272.3,0,0,0,0,0,1
448500,63.859,0.0,0,0,1,0,3.011,0.0,0,0,1,0,12.009,-1.095,0,30.43,0,0,1,1,0,1,1,0,0,1,0,12192.0,2,1,1,1,0,0,1,4,8.2,269.7,0,0,0,0,0,1
448600,63.859,0.0,0,0,1,0,3.011,0.0,0,0,1,0,11.894,-1.145,0,30.44,0,0,1,1,0,1,1,0,0,1,0,12192.0,2,1,1,1,0,0,1,4,8.5,273.2,0,0,0,0,0,1
448700,63.859,0.0,0,0,1,0,3.011,0.0,0,0,1,0,11.775,-1.194,0,30.1,0,0,1,1,0,1,1,0,0,1,0,12192.0,2,1,1,1,0,0,1,4,8.1,264.3,0,0,0,0,0,1
448800,63.859,0.0,0,0,1,0,3.011,0.0,0,0,1,0,11.65,-1.244,0,30.38,0,0,1,1,0,1,1,0,0,1,0,12192.0,2,1,1,1,0,0,1,4,8.1,272.3,0,0,0,0,0,1
448900,63.859,0.0,0,0,1,0,3.011,0.0,0,0,1,0,11.524,-1.266,0,30.69,0,0,1,1,0,1,1,0,0,1,0,12192.0,2,1,1,1,0,0,1,4,7.7,264.2,0,0,0,0,0,1
449000,63.859,0.0,0,0,1,0,3.011,0.0,0,0,1,0,11.397,-1.266,0,30.43,0,0,1,1,0,1,1,0,0,1,0,12192.0,2,1,1,1,0,0,1,4,8.1,268.7,0,0,0,0,0,1
449100,63.859,0.0,0,0,1,0,3.011,0.0,0,0,1,0,11.271,-1.266,0,30.55,0,0,1,1,0,1,1,0,0,1,0,12192.0,2,1,1,1,0,0,1,4,8.0,274.0,0,0,0,0,0,1
449200,63.859,0.0,0,0,1,0,3.011,0.0,0,0,1,0,11.144,-1.266,0,30.38,0,0,1,1,0,1,1,0,0,1,0,12192.0,2,1,1,1,0,0,1,4,8.1,271.4,0,0,0,0,0,1
449300,63.859,0.0,0,0,1,0,3.011,0.0,0,0,1,0,11.018,-1.266,0,30.23,0,0,1,1,0,1,1,0,0,1,0,12192.0,2,1,1,1,0,0,1,4,7.8,269.3,0,0,0,0,0,1
449400,63.859,0.0,0,0,1,0,3.011,0.0,0,0,1,0,10.891,-1.266,0,30.27,0,0,1,1,0,1,1,0,0,1,0,12192.0,2,1,1,1,0,0,1,4,7.8,267.1,0,0,0,0,0,1
449500,63.859,0.0,0,0,1,0,3.011,0.0,0,0,1,0,10.764,-1.266,0,30.34,0,0,1,1,0,1,1,0,0,1,0,12192.0,2,1,1,1,0,0,1,4,7.9,272.1,0,0,0,0,0,1
449600,63.859,0.0,0,0,1,0,3.011,0.0,0,0,1,0,10.638,-1.266,0,30.5,0,0,1,1,0,1,1,0,0,1,0,12192.0,2,1,1,1,0,0,1,4,8.6,271.6,0,0,0,0,0,1
449700,63.859,0.0,0,0,1,0,3.011,0.0,0,0,1,0,10.511,-1.266,0,30.15,0,0,1,1,0,1,1,0,0,1,0,12192.0,2,1,1,1,0,0,1,4,8.1,272.4,0,0,0,0,0,1
449800,63.859,0.0,0,0,1,0,3.011,0.0,0,0,1,0,10.385,-1.266,0,30.21,0,0,1,1,0,1,1,0,0,1,0,12192.0,2,1,1,1,0,0,1,4,8.0,270.7,0,0,0,0,0,1
449900,63.859,0.0,0,0,1,0,3.011,0.0,0,0,1,0,10.258,-1.266,0,30.29,0,0,1,1,0,1,1,0,0,1,0,12192.0,2,1,1,1,0,0,1,4,7.6,270.1,0,0,0,0,0,1
450000,63.859,0.0,0,0,1,0,3.011,0.0,0,0,1,0,10.131,-1.266,0,30.55,0,0,1,1,0,1,1,0,0,1,0,12192.0,2,1,1,1,0,0,1,4,8.4,270.6,0,0,0,0,0,1
450100,63.859,0.0,0,0,1,0,3.011,0.0,0,0,1,0,10.005,-1.266,0,30.42,0,0,1,1,0,1,1,0,0,1,0,12192.0,2,1,1,1,0,0,1,4,8.2,269.0,0,0,0,0,0,1
450200,63.859,0.0,0,0,1,0,3.011,0.0,0,0,1,0,9.878,-1.266,0,30.35,0,0,1,1,0,1,1,0,0,1,0,12192.0,2,1,1,1,0,0,1,4,8.2,270.3,0,0,0,0,0,1
450300,63.859,0.0,0,0,1,0,3.011,0.0,0,0,1,0,9.752,-1.266,0,30.24,0,0,1,1,0,1,1,0,0,1,0,12192.0,2,1,1,1,0,0,1,4,8.1,270.5,0,0,0,0,0,1
450400,63.859,0.0,0,0,1,0,3.011,0.0,0,0,1,0,9.625,-1.266,0,30.28,0,0,1,1,0,1,1,0,0,1,0,12192.0,2,1,1,1,0,0,1,4,8.3,270.6,0,0,0,0,0,1
450500,63.859,0.0,0,0,1,0,3.011,0.0,0,0,1,0,9.499,-1.266,0,30.43,0,0,1,1,0,1,1,0,0,1,0,12192.0,2,1,1,1,0,0,1,4,8.8,267.3,0,0,0,0,0,1
450600,63.859,0.0,0,0,1,0,3.011,0.0,0,0,1,0,9.372,-1.266,0,30.39,0,0,1,1,0,1,1,0,0,1,0,12192.0,2,1,1,1,0,0,1,4,8.9,270.1,0,0,0,0,0,1
450700,63.859,0.0,0,0,1,0,3.011,0.0,0,0,1,0,9.245,-1.266,0,30.39,0,0,1,1,0,1,1,0,0,1,0,12192.0,2,1,1,1,0,0,1,4,8.0,272.8,0,0,0,0,0,1
450800,63.859,0.0,0,0,1,0,3.011,0.0,0,0,1,0,9.124,-1.216,0,33.81,0,0,1,1,0,1,1,0,0,1,0,12192.0,2,1,1,1,0,0,1,4,9.0,271.9,0,0,0,0,0,1
450900,63.859,0.0,0,0,1,0,3.011,0.0,0,0,1,0,9.007,-1.166,0,33.52,0,0,1,1,0,1,1,0,0,1,0,12192.0,2,1,1,1,0,0,1,4,8.8,269.7,0,0,0,0,0,1
451000,63.859,0.0,0,0,1,0,3.011,0.0,0,0,1,0,8.896,-1.117,0,33.69,0,0,1,1,0,1,1,0,0,1,0,12192.0,2,1,1,1,0,0,1,4,8.2,267.9,0,0,0,0,0,1
451100,63.859,0.0,0,0,1,0,3.011,0.0,0,0,1,0,8.789,-1.067,0,33.64,0,0,1,1,0,1,1,0,0,1,0,12192.0,2,1,1,1,0,0,1,4,8.6,270.2,0,0,0,0,0,1
451200,63.859,0.0,0,0,1,0,3.011,0.0,0,0,1,0,8.687,-1.017,0,33.7,0,0,1,1,0,1,1,0,0,1,0,12192.0,2,1,1,1,0,0,1,4,8.2,265.9,0,0,0,0,0,1
451300,63.859,0.0,0,0,1,0,3.011,0.0,0,0,1,0,8.59,-0.967,0,33.6,0,0,1,1,0,1,1,0,0,1,0,12192.0,2,1,1,1,0,0,1,4,9.0,270.0,0,0,0,0,0,1
451400,63.859,0.0,0,0,1,0,3.011,0.0,0,0,1,0,8.499,-0.917,0,33.63,0,0,1,1,0,1,1,0,0,1,0,12192.0,2,1,1,1,0,0,1,4,8.9,273.7,0,0,0,0,0,1
451500,63.859,0.0,0,0,1,0,3.011,0.0,0,0,1,0,8.412,-0.868,0,33.64,0,0,1,1,0,1,1,0,0,1,0,12192.0,2,1,1,1,0,0,1,4,9.1,272.4,0,0,0,0,0,1
451600,63.859,0.0,0,0,1,0,3.011,0.0,0,0,1,0,8.33,-0.818,0,33.86,0,0,1,1,0,1,1,0,0,1,0,12192.0,2,1,1,1,0,0,1,4,9.6,274.7,0,0,0,0,0,1
451700,63.859,0.0,0,0,1,0,3.011,0.0,0,0,1,0,8.253,-0.768,0,33.48,0,0,1,1,0,1,1,0,0,1,0,12192.0,2,1,1,1,0,0,1,4,9.0,274.4,0,0,0,0,0,1
451800,63.859,0.0,0,0,1,0,3.011,0.0,0,0,1,0,8.181,-0.718,0,33.62,0,0,1,1,0,1,1,0,0,1,0,12192.0,2,1,1,1,0,0,1,4,8.8,268.5,0,0,0,0,0,1
451900,63.859,0.0,0,0,1,0,3.011,0.0,0,0,1,0,8.115,-0.669,0,33.75,0,0,1,1,0,1,1,0,0,1,0,12192.0,2,1,1,1,0,0,1,4,8.0,269.0,0,0,0,0,0,1
452000,63.859,0.0,0,0,1,0,3.011,0.0,0,0,1,0,8.053,-0.619,0,33.47,0,0,1,1,0,1,1,0,0,1,0,12192.0,2,1,1,1,0,0,1,4,8.9,271.1,0,0,0,0,0,1
452100,63.859,0.0,0,0,1,0,3.011,0.0,0,0,1,0,7.996,-0.569,0,33.68,0,0,1,1,0,1,1,0,0,1,0,12192.0,2,1,1,1,0,0,1,4,8.0,269.1,0,0,0,0,0,1
452200,63.859,0.0,0,0,1,0,3.011,0.0,0,0,1,0,7.944,-0.519,0,33.51,0,0,1,1,0,1,1,0,0,1,0,12192.0,2,1,1,1,0,0,1,4,8.4,269.0,0,0,0,0,0,1
452300,63.859,0.0,0,0,1,0,3.011,0.0,0,0,1,0,7.897,-0.47,0,33.61,0,0,1,1,0,1,1,0,0,1,0,12192.0,2,1,1,1,0,0,1,4,8.4,270.0,0,0,0,0,0,1
452400,63.859,0.0,0,0,1,0,3.011,0.0,0,0,1,0,7.855,-0.42,0,33.78,0,0,1,1,0,1,1,0,0,1,0,12192.0,2,1,1,1,0,0,1,4,7.4,269.8,0,0,0,0,0,1
452500,63.859,0.0,0,0,1,0,3.011,0.0,0,0,1,0,7.818,-0.37,0,33.48,0,0,1,1,0,1,1,0,0,1,0,12192.0,2,1,1,1,0,0,1,4,8.2,272.2,0,0,0,0,0,1
452600,63.859,0.0,0,0,1,0,3.011,0.0,0,0,1,0,7.786,-0.316,0,33.51,0,0,1,1,0,1,1,0,0,1,0,12192.0,2,1,1,1,0,0,1,4,8.2,273.4,0,0,0,0,0,1
452700,63.859,0.0,0,0,1,0,3.011,0.0,0,0,1,0,7.76,-0.262,0,33.66,0,0,1,1,0,1,1,0,0,1,0,12192.0,2,1,1,1,0,0,1,4,8.2,271.2,0,0,0,0,0,1
452800,63.859,0.0,0,0,1,0,3.011,0.0,0,0,1,0,7.74,-0.206,0,33.62,0,0,1,1,0,1,1,0,0,1,0,12192.0,2,1,1,1,0,0,1,4,8.1,270.4,0,0,0,0,0,1
452900,63.859,0.0,0,0,1,0,3.011,0.0,0,0,1,0,7.725,-0.148,0,33.69,0,0,1,1,0,1,1,0,0,1,0,12192.0,2,1,1,1,0,0,1,4,8.3,272.8,0,0,0,0,0,1
453000,63.859,0.0,0,0,1,0,3.011,0.0,0,0,1,0,7.716,-0.085,0,33.67,0,0,1,1,0,1,1,0,0,1,0,12192.0,2,1,1,1,0,0,1,4,8.3,270.6,0,0,0,0,0,1
453100,63.859,0.0,0,0,0,0,3.011,0.0,0,0,0,0,7.713,0.0,0,31.73,0,0,0,0,0,1,1,0,0,1,0,12192.0,2,1,1,0,1,0,1,4,7.8,272.0,0,0,0,0,0,1
453200,63.859,0.0,0,0,0,0,3.011,0.0,0,0,0,0,7.713,0.0,0,31.96,0,0,0,0,0,1,1,0,1,1,0,12192.0,2,1,1,0,1,0,1,4,8.1,267.7,0,0,0,0,0,1
453300,63.859,0.0,0,0,0,0,3.011,0.0,0,0,0,0,7.713,0.0,0,32.0,0,0,0,0,0,1,1,0,1,1,0,12192.0,2,1,1,0,1,0,1,4,8.3,270.1,0,0,0,0,0,1
453400,63.859,0.0,0,0,0,0,3.011,0.0,0,0,0,0,7.713,0.0,0,32.12,0,0,0,0,0,1,1,0,1,1,0,12192.0,2,1,1,0,1,0,1,4,8.3,268.8,0,0,0,0,0,1
453500,63.859,0.0,0,0,0,0,3.011,0.0,0,0,0,0,7.713,0.0,0,31.9,0,0,0,0,0,1,1,0,1,1,0,12192.0,2,1,1,0,1,0,1,4,8.1,272.5,0,0,0,0,0,1
453600,63.859,0.0,0,0,0,0,3.011,0.0,0,0,0,0,7.713,0.0,0,31.93,0,0,0,0,0,1,1,0,1,1,0,12192.0,2,1,1,0,1,0,1,4,8.5,271.7,0,0,0,0,0,1
453700,63.859,0.0,0,0,0,0,3.011,0.0,0,0,0,0,7.713,0.0,0,31.87,0,0,0,0,0,1,1,0,1,1,0,12192.0,2,1,1,0,1,0,1,4,6.9,268.0,0,0,0,0,0,1
453800,63.859,0.0,0,0,0,0,3.011,0.0,0,0,0,0,7.713,0.0,0,31.89,0,0,0,0,0,1,1,0,1,1,0,12192.0,2,1,1,0,1,0,1,4,8.2,269.8,0,0,0,0,0,1
453900,63.859,0.0,0,0,0,0,3.011,0.0,0,0,0,0,7.713,0.0,0,31.9,0,0,0,0,0,1,1,0,1,1,0,12192.0,2,1,1,0,1,0,1,4,8.3,270.9,0,0,0,0,0,1
454000,63.859,0.0,0,0,0,0,3.011,0.0,0,0,0,0,7.713,0.0,0,32.1,0,0,0,0,0,1,1,0,1,1,0,12192.0,2,1,1,0,1,0,1,4,8.2,272.2,0,0,0,0,0,1
454100,63.859,0.0,0,0,0,0,3.011,0.0,0,0,0,0,7.713,0.0,0,32.12,0,0,0,0,0,1,1,0,1,1,0,12192.0,2,1,1,0,1,0,1,4,7.8,270.3,0,0,0,0,0,1
454200,63.859,0.0,0,0,0,0,3.011,0.0,0,0,0,0,7.713,0.0,0,31.96,0,0,0,0,0,1,1,0,1,1,0,12192.0,2,1,1,0,1,0,1,4,7.3,268.3,0,0,0,0,0,1
454300,63.859,0.0,0,0,0,0,3.011,0.0,0,0,0,0,7.713,0.0,0,31.83,0,0,0,0,0,1,1,0,1,1,0,12192.0,2,1,1,0,1,0,1,4,7.6,270.0,0,0,0,0,0,1
454400,63.859,0.0,0,0,0,0,3.011,0.0,0,0,0,0,7.713,0.0,0,0.0,0,0,0,0,0,1,0,1,1,1,0,12192.0,2,1,1,0,1,0,1,4,7.0,267.9,0,0,0,0,0,1
454500,63.859,0.0,0,0,0,0,3.011,0.0,0,0,0,0,7.713,0.0,0,0.0,0,0,0,0,0,1,0,1,1,1,0,12192.0,2,1,1,0,1,0,1,4,7.1,269.6,0,0,0,0,0,1
454600,63.859,0.0,0,0,0,0,3.011,0.0,0,0,0,0,7.713,0.0,0,0.0,0,0,0,0,0,1,0,1,1,1,0,12192.0,2,1,1,0,1,0,1,4,8.3,274.5,0,0,0,0,0,1
454700,63.859,0.0,0,0,0,0,3.011,0.0,0,0,0,0,7.713,0.0,0,0.0,0,0,0,0,0,1,0,1,1,1,0,12192.0,2,1,1,0,1,0,1,4,7.2,269.5,0,0,0,0,0,1
454800,63.859,0.0,0,0,0,0,3.011,0.0,0,0,0,0,7.713,0.0,0,0.0,0,0,0,0,0,1,0,1,1,1,0,12192.0,2,1,1,0,1,0,1,4,7.1,271.5,0,0,0,0,0,1
454900,63.859,0.0,0,0,0,0,3.011,0.0,0,0,0,0,7.713,0.0,0,0.0,0,0,0,0,0,1,0,1,1,1,0,12192.0,2,1,1,0,1,0,1,4,8.3,269.9,0,0,0,0,0,1
455000,63.859,0.0,0,0,0,0,3.011,0.0,0,0,0,0,7.713,0.0,0,0.0,0,0,0,0,0,1,0,1,1,1,0,12192.0,2,1,1,0,1,0,1,4,7.0,275.5,0,0,0,0,0,1
455100,63.859,0.0,0,0,0,0,3.011,0.0,0,0,0,0,7.713,0.0,0,0.0,0,0,0,0,0,1,0,1,1,1,0,12192.0,2,1,1,0,1,0,1,4,8.2,264.6,0,0,0,0,0,1
455200,63.859,0.0,0,0,0,0,3.011,0.0,0,0,0,0,7.713,0.0,0,0.0,0,0,0,0,0,1,0,1,1,1,0,12192.0,2,1,1,0,1,0,1,4,7.6,267.6,0,0,0,0,0,1
455300,63.859,0.0,0,0,0,0,3.011,0.0,0,0,0,0,7.713,0.0,0,0.0,0,0,0,0,0,1,0,1,1,1,0,12192.0,2,1,1,0,1,0,1,4,7.6,268.4,0,0,0,0,0,1
455400,63.859,0.0,0,0,0,0,3.011,0.0,0,0,0,0,7.713,0.0,0,0.0,0,0,0,0,0,1,0,1,1,1,0,12192.0,2,1,1,0,1,0,1,4,7.4,273.6,0,0,0,0,0,1
455500,63.859,0.0,0,0,0,0,3.011,0.0,0,0,0,0,7.713,0.0,0,0.0,0,0,0,0,0,1,0,1,1,1,0,12192.0,2,1,1,0,1,0,1,4,7.5,273.0,0,0,0,0,0,1
455600,63.859,0.0,0,0,0,0,3.011,0.0,0,0,0,0,7.713,0.0,0,0.0,0,0,0,0,0,1,0,1,1,1,0,12192.0,2,1,1,0,1,0,1,4,7.3,269.0,0,0,0,0,0,1
455700,63.859,0.0,0,0,0,0,3.011,0.0,0,0,0,0,7.713,0.0,0,0.0,0,0,0,0,0,1,0,1,1,1,0,12192.0,2,1,1,0,1,0,1,4,7.6,270.9,0,0,0,0,0,1
455800,63.859,0.0,0,0,0,0,3.011,0.0,0,0,0,0,7.713,0.0,0,0.0,0,0,0,0,0,1,0,1,1,1,0,12192.0,2,1,1,0,1,0,1,4,8.2,264.7,0,0,0,0,0,1
455900,63.859,0.0,0,0,0,0,3.011,0.0,0,0,0,0,7.713,0.0,0,0.0,0,0,0,0,0,1,0,1,1,1,0,12192.0,2,1,1,0,1,0,1,4,7.5,268.7,0,0,0,0,0,1
456000,63.859,0.0,0,0,0,0,3.011,0.0,0,0,0,0,7.713,0.0,0,0.0,0,0,0,0,0,1,0,1,1,1,0,12192.0,2,1,1,0,1,0,1,4,7.1,267.2,0,0,0,0,0,1
456100,63.859,0.0,0,0,0,0,3.011,0.0,0,0,0,0,7.713,0.0,0,0.0,0,0,0,0,0,1,0,1,1,1,0,12192.0,2,1,1,0,1,0,1,4,7.0,268.1,0,0,0,0,0,1
456200,63.859,0.0,0,0,0,0,3.011,0.0,0,0,0,0,7.713,0.0,0,0.0,0,0,0,0,0,1,0,1,1,1,0,12192.0,2,1,1,0,1,0,1,4,6.7,266.9,0,0,0,0,0,1
456300,63.859,0.0,0,0,1,0,3.011,0.0,0,0,1,0,7.718,0.05,1,0.0,0,0,1,1,0,1,0,1,0,0,0,12192.0,2,1,1,1,0,0,1,4,7.1,271.4,0,0,0,0,0,1
456400,63.859,0.0,0,0,1,0,3.011,0.0,0,0,1,0,7.728,0.1,1,0.0,0,0,1,1,0,1,0,1,0,0,0,12192.0,2,1,1,1,0,0,1,4,7.5,269.7,0,0,0,0,0,1
456500,63.859,0.0,0,0,1,0,3.011,0.0,0,0,1,0,7.743,0.149,1,0.0,0,0,1,1,0,1,0,1,0,0,0,12192.0,2,1,1,1,0,0,1,4,7.3,268.5,0,0,0,0,0,1
456600,63.859,0.0,0,0,1,0,3.011,0.0,0,0,1,0,7.763,0.199,1,0.0,0,0,1,1,0,1,0,1,0,0,0,12192.0,2,1,1,1,0,0,1,4,7.4,268.7,0,0,0,0,0,1
456700,63.859,0.0,0,0,1,0,3.011,0.0,0,0,1,0,7.787,0.249,1,0.0,0,0,1,1,0,1,0,1,0,0,0,12192.0,2,1,1,1,0,0,1,4,7.1,267.3,0,0,0,0,0,1
456800,63.859,0.0,0,0,1,0,3.011,0.0,0,0,1,0,7.817,0.299,1,0.0,0,0,1,1,0,1,0,1,0,0,0,12192.0,2,1,1,1,0,0,1,4,7.3,265.7,0,0,0,0,0,1
456900,63.859,0.0,0,0,1,0,3.011,0.0,0,0,1,0,7.852,0.348,1,0.0,0,0,1,1,0,1,0,1,0,0,0,12192.0,2,1,1,1,0,0,1,4,7.2,268.8,0,0,0,0,0,1
457000,63.859,0.0,0,0,1,0,3.011,0.0,0,0,1,0,7.892,0.398,1,0.0,0,0,1,1,0,1,0,1,0,0,0,12192.0,2,1,1,1,0,0,1,4,7.9,270.2,0,0,0,0,0,1
457100,63.859,0.0,0,0,1,0,3.011,0.0,0,0,1,0,7.937,0.448,1,0.0,0,0,1,1,0,1,0,1,0,0,0,12192.0,2,1,1,1,0,0,1,4,7.7,268.8,0,0,0,0,0,1
457200,63.859,0.0,0,0,1,0,3.011,0.0,0,0,1,0,7.987,0.498,1,0.0,0,0,1,1,0,1,0,1,0,0,0,12192.0,2,1,1,1,0,0,1,4,7.5,272.5,0,0,0,0,0,1
457300,63.859,0.0,0,0,1,0,3.011,0.0,0,0,1,0,8.041,0.547,1,0.0,0,0,1,1,0,1,0,1,0,0,0,12192.0,2,1,1,1,0,0,1,4,8.0,272.2,0,0,0,0,0,1
457400,63.859,0.0,0,0,1,0,3.011,0.0,0,0,1,0,8.101,0.597,1,0.0,0,0,1,1,0,1,0,1,0,0,0,12192.0,2,1,1,1,0,0,1,4,7.7,271.9,0,0,0,0,0,1
457500,63.859,0.0,0,0,1,0,3.011,0.0,0,0,1,0,8.166,0.647,1,0.0,0,0,1,1,0,1,0,1,0,0,0,12192.0,2,1,1,1,0,0,1,4,8.3,272.3,0,0,0,0,0,1
457600,63.859,0.0,0,0,1,0,3.011,0.0,0,0,1,0,8.235,0.697,1,0.0,0,0,1,1,0,1,0,1,0,0,0,12192.0,2,1,1,1,0,0,1,4,8.6,270.6,0,0,0,0,0,1
457700,63.859,0.0,0,0,1,0,3.011,0.0,0,0,1,0,8.31,0.746,1,0.0,0,0,1,1,0,1,0,1,0,0,0,12192.0,2,1,1,1,0,0,1,4,7.8,269.5,0,0,0,0,0,1
457800,63.859,0.0,0,0,1,0,3.011,0.0,0,0,1,0,8.39,0.796,1,0.0,0,0,1,1,0,1,0,1,0,0,0,12192.0,2,1,1,1,0,0,1,4,7.4,270.6,0,0,0,0,0,1
457900,63.859,0.0,0,0,1,0,3.011,0.0,0,0,1,0,8.474,0.846,1,0.0,0,0,1,1,0,1,0,1,0,0,0,12192.0,2,1,1,1,0,0,1,4,8.2,268.2,0,0,0,0,0,1
458000,63.859,0.0,0,0,1,0,3.011,0.0,0,0,1,0,8.564,0.896,1,0.0,0,0,1,1,0,1,0,1,0,0,0,12192.0,2,1,1,1,0,0,1,4,7.9,268.9,0,0,0,0,0,1
458100,63.859,0.0,0,0,1,0,3.011,0.0,0,0,1,0,8.658,0.945,1,0.0,0,0,1,1,0,1,0,1,0,0,0,12192.0,2,1,1,1,0,0,1,4,8.3,272.1,0,0,0,0,0,1
458200,63.859,0.0,0,0,1,0,3.011,0.0,0,0,1,0,8.758,0.995,1,0.0,0,0,1,1,0,1,0,1,0,0,0,12192.0,2,1,1,1,0,0,1,4,8.9,271.6,0,0,0,0,0,1
458300,63.859,0.0,0,0,1,0,3.011,0.0,0,0,1,0,8.862,1.045,1,0.0,0,0,1,1,0,1,0,1,0,0,0,12192.0,2,1,1,1,0,0,1,4,8.3,268.6,0,0,0,0,0,1
458400,63.859,0.0,0,0,1,0,3.011,0.0,0,0,1,0,8.972,1.095,1,0.0,0,0,1,1,0,1,0,1,0,0,0,12192.0,2,1,1,1,0,0,1,4,7.9,267.4,0,0,0,0,0,1
458500,63.859,0.0,0,0,1,0,3.011,0.0,0,0,1,0,9.086,1.145,1,0.0,0,0,1,1,0,1,0,1,0,0,0,12192.0,2,1,1,1,0,0,1,4,8.9,270.8,0,0,0,0,0,1
458600,63.859,0.0,0,0,1,0,3.011,0.0,0,0,1,0,9.206,1.194,1,0.0,0,0,1,1,0,1,0,1,0,0,0,12192.0,2,1,1,1,0,0,1,4,7.8,271.3,0,0,0,0,0,1
458700,63.859,0.0,0,0,1,0,3.011,0.0,0,0,1,0,9.33,1.244,1,0.0,0,0,1,1,0,1,0,1,0,0,0,12192.0,2,1,1,1,0,0,1,4,7.5,267.2,0,0,0,0,0,1
458800,63.859,0.0,0,0,1,0,3.011,0.0,0,0,1,0,9.457,1.266,1,0.0,0,0,1,1,0,1,0,1,0,0,0,12192.0,2,1,1,1,0,0,1,4,8.3,271.9,0,0,0,0,0,1
458900,63.859,0.0,0,0,1,0,3.011,0.0,0,0,1,0,9.583,1.266,1,0.0,0,0,1,1,0,1,0,1,0,0,0,12192.0,2,1,1,1,0,0,1,4,8.1,270.4,0,0,0,0,0,1
459000,63.859,0.0,0,0,1,0,3.011,0.0,0,0,1,0,9.71,1.266,1,0.0,0,0,1,1,0,1,0,1,0,0,0,12192.0,2,1,1,1,0,0,1,4,9.2,270.8,0,0,0,0,0,1
459100,63.859,0.0,0,0,1,0,3.011,0.0,0,0,1,0,9.836,1.266,1,0.0,0,0,1,1,0,1,0,1,0,0,0,12192.0,2,1,1,1,0,0,1,4,7.9,271.3,0,0,0,0,0,1
459200,63.859,0.0,0,0,1,0,3.011,0.0,0,0,1,0,9.963,1.266,1,0.0,0,0,1,1,0,1,0,1,0,0,0,12192.0,2,1,1,1,0,0,1,4,8.4,273.7,0,0,0,0,0,1
459300,63.859,0.0,0,0,1,0,3.011,0.0,0,0,1,0,10.09,1.266,1,0.0,0,0,1,1,0,1,0,1,0,0,0,12192.0,2,1,1,1,0,0,1,4,8.2,271.4,0,0,0,0,0,1
459400,63.859,0.0,0,0,1,0,3.011,0.0,0,0,1,0,10.216,1.266,1,0.0,0,0,1,1,0,1,0,1,0,0,0,12192.0,2,1,1,1,0,0,1,4,8.4,268.0,0,0,0,0,0,1
459500,63.859,0.0,0,0,1,0,3.011,0.0,0,0,1,0,10.343,1.266,1,0.0,0,0,1,1,0,1,0,1,0,0,0,12192.0,2,1,1,1,0,0,1,4,7.8,269.8,0,0,0,0,0,1
459600,63.859,0.0,0,0,1,0,3.011,0.0,0,0,1,0,10.469,1.266,1,0.0,0,0,1,1,0,1,0,1,0,0,0,12192.0,2,1,1,1,0,0,1,4,9.3,268.6,0,0,0,0,0,1
459700,63.859,0.0,0,0,1,0,3.011,0.0,0,0,1,0,10.596,1.266,1,0.0,0,0,1,1,0,1,0,1,0,0,0,12192.0,2,1,1,1,0,0,1,4,8.7,268.4,0,0,0,0,0,1
459800,63.859,0.0,0,0,1,0,3.011,0.0,0,0,1,0,10.722,1.266,1,0.0,0,0,1,1,0,1,0,1,0,0,0,12192.0,2,1,1,1,0,0,1,4,9.0,267.2,0,0,0,0,0,1
459900,63.859,0.0,0,0,1,0,3.011,0.0,0,0,1,0,10.849,1.266,1,0.0,0,0,1,1,0,1,0,1,0,0,0,12192.0,2,1,1,1,0,0,1,4,8.3,268.9,0,0,0,0,0,1
460000,63.859,0.0,0,0,1,0,3.011,0.0,0,0,1,0,10.976,1.266,1,0.0,0,0,1,1,0,1,0,1,0,0,0,12192.0,2,1,1,1,0,0,1,4,9.0,271.6,0,0,0,0,0,1
460100,63.859,0.0,0,0,1,0,3.011,0.0,0,0,1,0,11.102,1.266,1,0.0,0,0,1,1,0,1,0,1,0,0,0,12192.0,2,1,1,1,0,0,1,4,9.3,265.0,0,0,0,0,0,1
460200,63.859,0.0,0,0,1,0,3.011,0.0,0,0,1,0,11.229,1.266,1,0.0,0,0,1,1,0,1,0,1,0,0,0,12192.0,2,1,1,1,0,0,1,4,8.5,270.2,0,0,0,0,0,1
460300,63.859,0.0,0,0,1,0,3.011,0.0,0,0,1,0,11.355,1.266,1,0.0,0,0,1,1,0,1,0,1,0,0,0,12192.0,2,1,1,1,0,0,1,4,9.1,266.3,0,0,0,0,0,1
460400,63.859,0.0,0,0,1,0,3.011,0.0,0,0,1,0,11.482,1.266,1,0.0,0,0,1,1,0,1,0,1,0,0,0,12192.0,2,1,1,1,0,0,1,4,9.1,268.7,0,0,0,0,0,1
460500,63.859,0.0,0,0,1,0,3.011,0.0,0,0,1,0,11.609,1.266,1,0.0,0,0,1,1,0,1,0,1,0,0,0,12192.0,2,1,1,1,0,0,1,4,8.4,270.8,0,0,0,0,0,1
460600,63.859,0.0,0,0,1,0,3.011,0.0,0,0,1,0,11.735,1.266,1,0.0,0,0,1,1,0,1,0,1,0,0,0,12192.0,2,1,1,1,0,0,1,4,8.8,269.7,0,0,0,0,0,1
460700,63.859,0.0,0,0,1,0,3.011,0.0,0,0,1,0,11.857,1.216,1,0.0,0,0,1,1,0,1,0,1,0,0,0,12192.0,2,1,1,1,0,0,1,4,8.7,267.2,0,0,0,0,0,1
460800,63.859,0.0,0,0,1,0,3.011,0.0,0,0,1,0,11.973,1.166,1,0.0,0,0,1,1,0,1,0,1,0,0,0,12192.0,2,1,1,1,0,0,1,4,8.4,268.9,0,0,0,0,0,1
460900,63.859,0.0,0,0,1,0,3.011,0.0,0,0,1,0,12.085,1.117,1,0.0,0,0,1,1,0,1,0,1,0,0,0,12192.0,2,1,1,1,0,0,1,4,8.8,267.7,0,0,0,0,0,1
461000,63.859,0.0,0,0,1,0,3.011,0.0,0,0,1,0,12.192,1.067,1,0.0,0,0,1,1,0,1,0,1,0,0,0,12192.0,2,1,1,1,0,0,1,4,8.6,270.2,0,0,0,0,0,1
461100,63.859,0.0,0,0,1,0,3.011,0.0,0,0,1,0,12.293,1.017,1,0.0,0,0,1,1,0,1,0,1,0,0,0,12192.0,2,1,1,1,0,0,1,4,7.6,273.7,0,0,0,0,0,1
461200,63.859,0.0,0,0,1,0,3.011,0.0,0,0,1,0,12.39,0.967,1,0.0,0,0,1,1,0,1,0,1,0,0,0,12192.0,2,1,1,1,0,0,1,4,8.7,266.5,0,0,0,0,0,1
461300,63.859,0.0,0,0,1,0,3.011,0.0,0,0,1,0,12.482,0.917,1,0.0,0,0,1,1,0,1,0,1,0,0,0,12192.0,2,1,1,1,0,0,1,4,8.6,268.1,0,0,0,0,0,1
461400,63.859,0.0,0,0,1,0,3.011,0.0,0,0,1,0,12.569,0.868,1,0.0,0,0,1,1,0,1,0,1,0,0,0,12192.0,2,1,1,1,0,0,1,4,8.8,269.1,0,0,0,0,0,1
461500,63.859,0.0,0,0,1,0,3.011,0.0,0,0,1,0,12.65,0.818,1,0.0,0,0,1,1,0,1,0,1,0,0,0,12192.0,2,1,1,1,0,0,1,4,8.6,274.2,0,0,0,0,0,1
461600,63.859,0.0,0,0,1,0,3.011,0.0,0,0,1,0,12.727,0.768,1,0.0,0,0,1,1,0,1,0,1,0,0,0,12192.0,2,1,1,1,0,0,1,4,8.0,270.1,0,0,0,0,0,1
461700,63.859,0.0,0,0,1,0,3.011,0.0,0,0,1,0,12.799,0.717,1,0.0,0,0,1,1,0,1,0,1,0,0,0,12192.0,2,1,1,1,0,0,1,4,8.6,270.4,0,0,0,0,0,1
461800,63.859,0.0,0,0,1,0,3.011,0.0,0,0,1,0,12.865,0.665,1,0.0,0,0,1,1,0,1,0,1,0,0,0,12192.0,2,1,1,1,0,0,1,4,8.5,269.5,0,0,0,0,0,1
461900,63.859,0.0,0,0,1,0,3.011,0.0,0,0,1,0,12.927,0.613,1,0.0,0,0,1,1,0,1,0,1,0,0,0,12192.0,2,1,1,1,0,0,1,4,8.6,272.7,0,0,0,0,0,1
462000,63.859,0.0,0,0,1,0,3.011,0.0,0,0,1,0,12.983,0.561,1,0.0,0,0,1,1,0,1,0,1,0,0,0,12192.0,2,1,1,1,0,0,1,4,8.9,275.5,0,0,0,0,0,1
462100,63.859,0.0,0,0,1,0,3.011,0.0,0,0,1,0,13.034,0.509,1,0.0,0,0,1,1,0,1,0,1,0,0,0,12192.0,2,1,1,1,0,0,1,4,8.4,269.5,0,0,0,0,0,1
462200,63.859,0.0,0,0,1,0,3.011,0.0,0,0,1,0,13.08,0.457,1,0.0,0,0,1,1,0,1,0,1,0,0,0,12192.0,2,1,1,1,0,0,1,4,6.8,272.0,0,0,0,0,0,1
462300,63.859,0.0,0,0,1,0,3.011,0.0,0,0,1,0,13.12,0.404,1,0.0,0,0,1,1,0,1,0,1,0,0,0,12192.0,2,1,1,1,0,0,1,4,7.2,267.4,0,0,0,0,0,1
462400,63.859,0.0,0,0,1,0,3.011,0.0,0,0,1,0,13.155,0.351,1,0.0,0,0,1,1,0,1,0,1,0,0,0,12192.0,2,1,1,1,0,0,1,4,7.7,265.7,0,0,0,0,0,1
462500,63.859,0.0,0,0,1,0,3.011,0.0,0,0,1,0,13.185,0.297,1,0.0,0,0,1,1,0,1,0,1,0,0,0,12192.0,2,1,1,1,0,0,1,4,8.7,270.7,0,0,0,0,0,1
462600,63.859,0.0,0,0,1,0,3.011,0.0,0,0,1,0,13.209,0.242,1,0.0,0,0,1,1,0,1,0,1,0,0,0,12192.0,2,1,1,1,0,0,1,4,6.6,272.0,0,0,0,0,0,1
462700,63.859,0.0,0,0,1,0,3.011,0.0,0,0,1,0,13.227,0.186,1,0.0,0,0,1,1,0,1,0,1,0,0,0,12192.0,2,1,1,1,0,0,1,4,7.6,275.1,0,0,0,0,0,1
462800,63.859,0.0,0,0,1,0,3.011,0.0,0,0,1,0,13.24,0.126,1,0.0,0,0,1,1,0,1,0,1,0,0,0,12192.0,2,1,1,1,0,0,1,4,8.2,270.4,0,0,0,0,0,1
462900,63.859,0.0,0,0,1,0,3.011,0.0,0,0,1,0,13.246,0.058,1,0.0,0,0,1,1,0,1,0,1,0,0,0,12192.0,2,1,1,1,0,0,1,4,7.2,268.5,0,0,0,0,0,1
463000,63.859,0.0,0,0,0,0,3.011,0.0,0,0,0,0,13.247,0.0,0,0.0,0,0,0,0,0,1,0,1,0,0,0,12192.0,2,1,1,0,1,0,1,4,8.1,269.4,0,0,0,0,0,1
